observation_id	token_id	speaker_id	session_id	measure_id	context_id	token_class	vowel_category	landmark_start_s	landmark_end_s	raw_value	raw_unit	quality_status	missingness_code	provenance_id	data_status
REQ_SYN_SEG_0001_vot	SYN_SEG_0001	SYN_SEG_SPK_01	SYN_SESSION_01	vot	initial	stop		101.079914	101.094874	14.9600000000021	ms	ok		SYN_GENERATOR_11042026	SYNTHETIC_TEACHING_FIXTURE
REQ_SYN_SEG_0001_closure_duration	SYN_SEG_0001	SYN_SEG_SPK_01	SYN_SESSION_01	closure_duration	initial	stop		101	101.079914	79.9140000000023	ms	ok		SYN_GENERATOR_11042026	SYNTHETIC_TEACHING_FIXTURE
REQ_SYN_SEG_0001_vowel_onset_f0	SYN_SEG_0001	SYN_SEG_SPK_01	SYN_SESSION_01	vowel_onset_f0	initial	stop				119.523	Hz	ok		SYN_GENERATOR_11042026	SYNTHETIC_TEACHING_FIXTURE
REQ_SYN_SEG_0002_vot	SYN_SEG_0002	SYN_SEG_SPK_01	SYN_SESSION_01	vot	medial	stop		102.105392	102.089637	-15.7549999999986	ms	ok		SYN_GENERATOR_11042026	SYNTHETIC_TEACHING_FIXTURE
REQ_SYN_SEG_0002_closure_duration	SYN_SEG_0002	SYN_SEG_SPK_01	SYN_SESSION_01	closure_duration	medial	stop		102	102.105392	105.391999999995	ms	ok		SYN_GENERATOR_11042026	SYNTHETIC_TEACHING_FIXTURE
REQ_SYN_SEG_0002_vowel_onset_f0	SYN_SEG_0002	SYN_SEG_SPK_01	SYN_SESSION_01	vowel_onset_f0	medial	stop				114.553	Hz	ok		SYN_GENERATOR_11042026	SYNTHETIC_TEACHING_FIXTURE
REQ_SYN_SEG_0003_vot	SYN_SEG_0003	SYN_SEG_SPK_01	SYN_SESSION_01	vot	final	stop		103.097323	103.107411	10.0879999999961	ms	ok		SYN_GENERATOR_11042026	SYNTHETIC_TEACHING_FIXTURE
REQ_SYN_SEG_0003_closure_duration	SYN_SEG_0003	SYN_SEG_SPK_01	SYN_SESSION_01	closure_duration	final	stop		103	103.097323	97.3230000000029	ms	ok		SYN_GENERATOR_11042026	SYNTHETIC_TEACHING_FIXTURE
REQ_SYN_SEG_0003_vowel_onset_f0	SYN_SEG_0003	SYN_SEG_SPK_01	SYN_SESSION_01	vowel_onset_f0	final	stop				120.848	Hz	ok		SYN_GENERATOR_11042026	SYNTHETIC_TEACHING_FIXTURE
REQ_SYN_SEG_0004_vot	SYN_SEG_0004	SYN_SEG_SPK_01	SYN_SESSION_01	vot	initial	stop		104.069964	104.102791	32.8269999999975	ms	ok		SYN_GENERATOR_11042026	SYNTHETIC_TEACHING_FIXTURE
REQ_SYN_SEG_0004_closure_duration	SYN_SEG_0004	SYN_SEG_SPK_01	SYN_SESSION_01	closure_duration	initial	stop		104	104.069964	69.9639999999988	ms	ok		SYN_GENERATOR_11042026	SYNTHETIC_TEACHING_FIXTURE
REQ_SYN_SEG_0004_vowel_onset_f0	SYN_SEG_0004	SYN_SEG_SPK_01	SYN_SESSION_01	vowel_onset_f0	initial	stop				120.533	Hz	ok		SYN_GENERATOR_11042026	SYNTHETIC_TEACHING_FIXTURE
REQ_SYN_SEG_0005_vot	SYN_SEG_0005	SYN_SEG_SPK_01	SYN_SESSION_01	vot	medial	stop		105.051885	105.06101	9.12499999999739	ms	ok		SYN_GENERATOR_11042026	SYNTHETIC_TEACHING_FIXTURE
REQ_SYN_SEG_0005_closure_duration	SYN_SEG_0005	SYN_SEG_SPK_01	SYN_SESSION_01	closure_duration	medial	stop		105	105.051885	51.8849999999986	ms	ok		SYN_GENERATOR_11042026	SYNTHETIC_TEACHING_FIXTURE
REQ_SYN_SEG_0005_vowel_onset_f0	SYN_SEG_0005	SYN_SEG_SPK_01	SYN_SESSION_01	vowel_onset_f0	medial	stop				131.365	Hz	ok		SYN_GENERATOR_11042026	SYNTHETIC_TEACHING_FIXTURE
REQ_SYN_SEG_0006_vot	SYN_SEG_0006	SYN_SEG_SPK_01	SYN_SESSION_01	vot	final	stop		106.075418	106.134346	58.9279999999945	ms	ok		SYN_GENERATOR_11042026	SYNTHETIC_TEACHING_FIXTURE
REQ_SYN_SEG_0006_closure_duration	SYN_SEG_0006	SYN_SEG_SPK_01	SYN_SESSION_01	closure_duration	final	stop		106	106.075418	75.4179999999991	ms	ok		SYN_GENERATOR_11042026	SYNTHETIC_TEACHING_FIXTURE
REQ_SYN_SEG_0006_vowel_onset_f0	SYN_SEG_0006	SYN_SEG_SPK_01	SYN_SESSION_01	vowel_onset_f0	final	stop				154.946	Hz	ok		SYN_GENERATOR_11042026	SYNTHETIC_TEACHING_FIXTURE
REQ_SYN_SEG_0007_vot	SYN_SEG_0007	SYN_SEG_SPK_01	SYN_SESSION_01	vot	initial	stop		107.083792	107.161045	77.2529999999989	ms	ok		SYN_GENERATOR_11042026	SYNTHETIC_TEACHING_FIXTURE
REQ_SYN_SEG_0007_closure_duration	SYN_SEG_0007	SYN_SEG_SPK_01	SYN_SESSION_01	closure_duration	initial	stop		107	107.083792	83.7920000000025	ms	ok		SYN_GENERATOR_11042026	SYNTHETIC_TEACHING_FIXTURE
REQ_SYN_SEG_0007_vowel_onset_f0	SYN_SEG_0007	SYN_SEG_SPK_01	SYN_SESSION_01	vowel_onset_f0	initial	stop				149.651	Hz	ok		SYN_GENERATOR_11042026	SYNTHETIC_TEACHING_FIXTURE
REQ_SYN_SEG_0008_vot	SYN_SEG_0008	SYN_SEG_SPK_01	SYN_SESSION_01	vot	medial	stop		108.051944	108.045496	-6.448000000006	ms	ok		SYN_GENERATOR_11042026	SYNTHETIC_TEACHING_FIXTURE
REQ_SYN_SEG_0008_closure_duration	SYN_SEG_0008	SYN_SEG_SPK_01	SYN_SESSION_01	closure_duration	medial	stop		108	108.051944	51.944000000006	ms	ok		SYN_GENERATOR_11042026	SYNTHETIC_TEACHING_FIXTURE
REQ_SYN_SEG_0008_vowel_onset_f0	SYN_SEG_0008	SYN_SEG_SPK_01	SYN_SESSION_01	vowel_onset_f0	medial	stop				115.452	Hz	ok		SYN_GENERATOR_11042026	SYNTHETIC_TEACHING_FIXTURE
REQ_SYN_SEG_0009_vot	SYN_SEG_0009	SYN_SEG_SPK_01	SYN_SESSION_01	vot	final	stop		109.063509	109.086361	22.8520000000003	ms	ok		SYN_GENERATOR_11042026	SYNTHETIC_TEACHING_FIXTURE
REQ_SYN_SEG_0009_closure_duration	SYN_SEG_0009	SYN_SEG_SPK_01	SYN_SESSION_01	closure_duration	final	stop		109	109.063509	63.5089999999963	ms	ok		SYN_GENERATOR_11042026	SYNTHETIC_TEACHING_FIXTURE
REQ_SYN_SEG_0009_vowel_onset_f0	SYN_SEG_0009	SYN_SEG_SPK_01	SYN_SESSION_01	vowel_onset_f0	final	stop				120.448	Hz	ok		SYN_GENERATOR_11042026	SYNTHETIC_TEACHING_FIXTURE
REQ_SYN_SEG_0010_vot	SYN_SEG_0010	SYN_SEG_SPK_01	SYN_SESSION_01	vot	initial	stop		110.05987	110.040423	-19.4469999999995	ms	ok		SYN_GENERATOR_11042026	SYNTHETIC_TEACHING_FIXTURE
REQ_SYN_SEG_0010_closure_duration	SYN_SEG_0010	SYN_SEG_SPK_01	SYN_SESSION_01	closure_duration	initial	stop		110	110.05987	59.8700000000036	ms	ok		SYN_GENERATOR_11042026	SYNTHETIC_TEACHING_FIXTURE
REQ_SYN_SEG_0010_vowel_onset_f0	SYN_SEG_0010	SYN_SEG_SPK_01	SYN_SESSION_01	vowel_onset_f0	initial	stop				129.329	Hz	ok		SYN_GENERATOR_11042026	SYNTHETIC_TEACHING_FIXTURE
REQ_SYN_SEG_0011_vot	SYN_SEG_0011	SYN_SEG_SPK_01	SYN_SESSION_01	vot	medial	stop		111.075436	111.115613	40.1769999999999	ms	ok		SYN_GENERATOR_11042026	SYNTHETIC_TEACHING_FIXTURE
REQ_SYN_SEG_0011_closure_duration	SYN_SEG_0011	SYN_SEG_SPK_01	SYN_SESSION_01	closure_duration	medial	stop		111	111.075436	75.4359999999963	ms	ok		SYN_GENERATOR_11042026	SYNTHETIC_TEACHING_FIXTURE
REQ_SYN_SEG_0011_vowel_onset_f0	SYN_SEG_0011	SYN_SEG_SPK_01	SYN_SESSION_01	vowel_onset_f0	medial	stop				153.675	Hz	ok		SYN_GENERATOR_11042026	SYNTHETIC_TEACHING_FIXTURE
REQ_SYN_SEG_0012_vot	SYN_SEG_0012	SYN_SEG_SPK_01	SYN_SESSION_01	vot	final	stop		112.063255	112.14523	81.9749999999999	ms	ok		SYN_GENERATOR_11042026	SYNTHETIC_TEACHING_FIXTURE
REQ_SYN_SEG_0012_closure_duration	SYN_SEG_0012	SYN_SEG_SPK_01	SYN_SESSION_01	closure_duration	final	stop		112	112.063255	63.2549999999981	ms	ok		SYN_GENERATOR_11042026	SYNTHETIC_TEACHING_FIXTURE
REQ_SYN_SEG_0012_vowel_onset_f0	SYN_SEG_0012	SYN_SEG_SPK_01	SYN_SESSION_01	vowel_onset_f0	final	stop				147.993	Hz	ok		SYN_GENERATOR_11042026	SYNTHETIC_TEACHING_FIXTURE
REQ_SYN_SEG_0013_vowel_duration	SYN_SEG_0013	SYN_SEG_SPK_01	SYN_SESSION_01	vowel_duration	initial	vowel	i	101	101.134317	134.316999999996	ms	ok		SYN_GENERATOR_11042026	SYNTHETIC_TEACHING_FIXTURE
REQ_SYN_SEG_0013_f1	SYN_SEG_0013	SYN_SEG_SPK_01	SYN_SESSION_01	f1	initial	vowel	i			302.662	Hz	ok		SYN_GENERATOR_11042026	SYNTHETIC_TEACHING_FIXTURE
REQ_SYN_SEG_0013_f2	SYN_SEG_0013	SYN_SEG_SPK_01	SYN_SESSION_01	f2	initial	vowel	i			2081.88	Hz	ok		SYN_GENERATOR_11042026	SYNTHETIC_TEACHING_FIXTURE
REQ_SYN_SEG_0013_f3	SYN_SEG_0013	SYN_SEG_SPK_01	SYN_SESSION_01	f3	initial	vowel	i			2733.638	Hz	ok		SYN_GENERATOR_11042026	SYNTHETIC_TEACHING_FIXTURE
REQ_SYN_SEG_0014_vowel_duration	SYN_SEG_0014	SYN_SEG_SPK_01	SYN_SESSION_01	vowel_duration	medial	vowel	a	102	102.217277	217.276999999996	ms	ok		SYN_GENERATOR_11042026	SYNTHETIC_TEACHING_FIXTURE
REQ_SYN_SEG_0014_f1	SYN_SEG_0014	SYN_SEG_SPK_01	SYN_SESSION_01	f1	medial	vowel	a			648.041	Hz	ok		SYN_GENERATOR_11042026	SYNTHETIC_TEACHING_FIXTURE
REQ_SYN_SEG_0014_f2	SYN_SEG_0014	SYN_SEG_SPK_01	SYN_SESSION_01	f2	medial	vowel	a			1126.19	Hz	ok		SYN_GENERATOR_11042026	SYNTHETIC_TEACHING_FIXTURE
REQ_SYN_SEG_0014_f3	SYN_SEG_0014	SYN_SEG_SPK_01	SYN_SESSION_01	f3	medial	vowel	a			2225.819	Hz	ok		SYN_GENERATOR_11042026	SYNTHETIC_TEACHING_FIXTURE
REQ_SYN_SEG_0015_vowel_duration	SYN_SEG_0015	SYN_SEG_SPK_01	SYN_SESSION_01	vowel_duration	final	vowel	u	103	103.155309	155.309000000003	ms	ok		SYN_GENERATOR_11042026	SYNTHETIC_TEACHING_FIXTURE
REQ_SYN_SEG_0015_f1	SYN_SEG_0015	SYN_SEG_SPK_01	SYN_SESSION_01	f1	final	vowel	u			301.919	Hz	ok		SYN_GENERATOR_11042026	SYNTHETIC_TEACHING_FIXTURE
REQ_SYN_SEG_0015_f2	SYN_SEG_0015	SYN_SEG_SPK_01	SYN_SESSION_01	f2	final	vowel	u			830.978	Hz	ok		SYN_GENERATOR_11042026	SYNTHETIC_TEACHING_FIXTURE
REQ_SYN_SEG_0015_f3	SYN_SEG_0015	SYN_SEG_SPK_01	SYN_SESSION_01	f3	final	vowel	u			1877.462	Hz	ok		SYN_GENERATOR_11042026	SYNTHETIC_TEACHING_FIXTURE
REQ_SYN_SEG_0016_vowel_duration	SYN_SEG_0016	SYN_SEG_SPK_01	SYN_SESSION_01	vowel_duration	initial	vowel	i	104	104.095293	95.2929999999981	ms	ok		SYN_GENERATOR_11042026	SYNTHETIC_TEACHING_FIXTURE
REQ_SYN_SEG_0016_f1	SYN_SEG_0016	SYN_SEG_SPK_01	SYN_SESSION_01	f1	initial	vowel	i			272.656	Hz	ok		SYN_GENERATOR_11042026	SYNTHETIC_TEACHING_FIXTURE
REQ_SYN_SEG_0016_f2	SYN_SEG_0016	SYN_SEG_SPK_01	SYN_SESSION_01	f2	initial	vowel	i			2077.736	Hz	ok		SYN_GENERATOR_11042026	SYNTHETIC_TEACHING_FIXTURE
REQ_SYN_SEG_0016_f3	SYN_SEG_0016	SYN_SEG_SPK_01	SYN_SESSION_01	f3	initial	vowel	i			2717.396	Hz	ok		SYN_GENERATOR_11042026	SYNTHETIC_TEACHING_FIXTURE
REQ_SYN_SEG_0017_vowel_duration	SYN_SEG_0017	SYN_SEG_SPK_01	SYN_SESSION_01	vowel_duration	medial	vowel	a	105	105.105301	105.300999999997	ms	ok		SYN_GENERATOR_11042026	SYNTHETIC_TEACHING_FIXTURE
REQ_SYN_SEG_0017_f1	SYN_SEG_0017	SYN_SEG_SPK_01	SYN_SESSION_01	f1	medial	vowel	a			646.174	Hz	ok		SYN_GENERATOR_11042026	SYNTHETIC_TEACHING_FIXTURE
REQ_SYN_SEG_0017_f2	SYN_SEG_0017	SYN_SEG_SPK_01	SYN_SESSION_01	f2	medial	vowel	a			1159.926	Hz	ok		SYN_GENERATOR_11042026	SYNTHETIC_TEACHING_FIXTURE
REQ_SYN_SEG_0017_f3	SYN_SEG_0017	SYN_SEG_SPK_01	SYN_SESSION_01	f3	medial	vowel	a			2248.996	Hz	ok		SYN_GENERATOR_11042026	SYNTHETIC_TEACHING_FIXTURE
REQ_SYN_SEG_0018_vowel_duration	SYN_SEG_0018	SYN_SEG_SPK_01	SYN_SESSION_01	vowel_duration	final	vowel	u	106	106.212218	212.217999999993	ms	ok		SYN_GENERATOR_11042026	SYNTHETIC_TEACHING_FIXTURE
REQ_SYN_SEG_0018_f1	SYN_SEG_0018	SYN_SEG_SPK_01	SYN_SESSION_01	f1	final	vowel	u			293.911	Hz	ok		SYN_GENERATOR_11042026	SYNTHETIC_TEACHING_FIXTURE
REQ_SYN_SEG_0018_f2	SYN_SEG_0018	SYN_SEG_SPK_01	SYN_SESSION_01	f2	final	vowel	u			760.726	Hz	ok		SYN_GENERATOR_11042026	SYNTHETIC_TEACHING_FIXTURE
REQ_SYN_SEG_0018_f3	SYN_SEG_0018	SYN_SEG_SPK_01	SYN_SESSION_01	f3	final	vowel	u			2019.166	Hz	ok		SYN_GENERATOR_11042026	SYNTHETIC_TEACHING_FIXTURE
REQ_SYN_SEG_0019_vowel_duration	SYN_SEG_0019	SYN_SEG_SPK_01	SYN_SESSION_01	vowel_duration	initial	vowel	i	107	107.193394	193.393999999998	ms	ok		SYN_GENERATOR_11042026	SYNTHETIC_TEACHING_FIXTURE
REQ_SYN_SEG_0019_f1	SYN_SEG_0019	SYN_SEG_SPK_01	SYN_SESSION_01	f1	initial	vowel	i			266.5	Hz	ok		SYN_GENERATOR_11042026	SYNTHETIC_TEACHING_FIXTURE
REQ_SYN_SEG_0019_f2	SYN_SEG_0019	SYN_SEG_SPK_01	SYN_SESSION_01	f2	initial	vowel	i			1997.344	Hz	ok		SYN_GENERATOR_11042026	SYNTHETIC_TEACHING_FIXTURE
REQ_SYN_SEG_0019_f3	SYN_SEG_0019	SYN_SEG_SPK_01	SYN_SESSION_01	f3	initial	vowel	i			2714.115	Hz	ok		SYN_GENERATOR_11042026	SYNTHETIC_TEACHING_FIXTURE
REQ_SYN_SEG_0020_vowel_duration	SYN_SEG_0020	SYN_SEG_SPK_01	SYN_SESSION_01	vowel_duration	medial	vowel	a	108	108.218169	218.169000000003	ms	ok		SYN_GENERATOR_11042026	SYNTHETIC_TEACHING_FIXTURE
REQ_SYN_SEG_0020_f1	SYN_SEG_0020	SYN_SEG_SPK_01	SYN_SESSION_01	f1	medial	vowel	a			652.383	Hz	ok		SYN_GENERATOR_11042026	SYNTHETIC_TEACHING_FIXTURE
REQ_SYN_SEG_0020_f2	SYN_SEG_0020	SYN_SEG_SPK_01	SYN_SESSION_01	f2	medial	vowel	a			1047.983	Hz	ok		SYN_GENERATOR_11042026	SYNTHETIC_TEACHING_FIXTURE
REQ_SYN_SEG_0020_f3	SYN_SEG_0020	SYN_SEG_SPK_01	SYN_SESSION_01	f3	medial	vowel	a			2208.2	Hz	ok		SYN_GENERATOR_11042026	SYNTHETIC_TEACHING_FIXTURE
REQ_SYN_SEG_0021_vowel_duration	SYN_SEG_0021	SYN_SEG_SPK_01	SYN_SESSION_01	vowel_duration	final	vowel	u	109	109.19062	190.619999999996	ms	ok		SYN_GENERATOR_11042026	SYNTHETIC_TEACHING_FIXTURE
REQ_SYN_SEG_0021_f1	SYN_SEG_0021	SYN_SEG_SPK_01	SYN_SESSION_01	f1	final	vowel	u			299.959	Hz	ok		SYN_GENERATOR_11042026	SYNTHETIC_TEACHING_FIXTURE
REQ_SYN_SEG_0021_f2	SYN_SEG_0021	SYN_SEG_SPK_01	SYN_SESSION_01	f2	final	vowel	u			723.428	Hz	ok		SYN_GENERATOR_11042026	SYNTHETIC_TEACHING_FIXTURE
REQ_SYN_SEG_0021_f3	SYN_SEG_0021	SYN_SEG_SPK_01	SYN_SESSION_01	f3	final	vowel	u			2009.661	Hz	ok		SYN_GENERATOR_11042026	SYNTHETIC_TEACHING_FIXTURE
REQ_SYN_SEG_0022_vowel_duration	SYN_SEG_0022	SYN_SEG_SPK_01	SYN_SESSION_01	vowel_duration	initial	vowel	i	110	110.088727	88.7270000000058	ms	ok		SYN_GENERATOR_11042026	SYNTHETIC_TEACHING_FIXTURE
REQ_SYN_SEG_0022_f1	SYN_SEG_0022	SYN_SEG_SPK_01	SYN_SESSION_01	f1	initial	vowel	i			257.903	Hz	ok		SYN_GENERATOR_11042026	SYNTHETIC_TEACHING_FIXTURE
REQ_SYN_SEG_0022_f2	SYN_SEG_0022	SYN_SEG_SPK_01	SYN_SESSION_01	f2	initial	vowel	i			1980.042	Hz	ok		SYN_GENERATOR_11042026	SYNTHETIC_TEACHING_FIXTURE
REQ_SYN_SEG_0022_f3	SYN_SEG_0022	SYN_SEG_SPK_01	SYN_SESSION_01	f3	initial	vowel	i			2555.89	Hz	ok		SYN_GENERATOR_11042026	SYNTHETIC_TEACHING_FIXTURE
REQ_SYN_SEG_0023_vowel_duration	SYN_SEG_0023	SYN_SEG_SPK_01	SYN_SESSION_01	vowel_duration	medial	vowel	a	111	111.215834	215.834000000001	ms	ok		SYN_GENERATOR_11042026	SYNTHETIC_TEACHING_FIXTURE
REQ_SYN_SEG_0023_f1	SYN_SEG_0023	SYN_SEG_SPK_01	SYN_SESSION_01	f1	medial	vowel	a			691.502	Hz	ok		SYN_GENERATOR_11042026	SYNTHETIC_TEACHING_FIXTURE
REQ_SYN_SEG_0023_f2	SYN_SEG_0023	SYN_SEG_SPK_01	SYN_SESSION_01	f2	medial	vowel	a			1088.769	Hz	ok		SYN_GENERATOR_11042026	SYNTHETIC_TEACHING_FIXTURE
REQ_SYN_SEG_0023_f3	SYN_SEG_0023	SYN_SEG_SPK_01	SYN_SESSION_01	f3	medial	vowel	a			2237.762	Hz	ok		SYN_GENERATOR_11042026	SYNTHETIC_TEACHING_FIXTURE
REQ_SYN_SEG_0024_vowel_duration	SYN_SEG_0024	SYN_SEG_SPK_01	SYN_SESSION_01	vowel_duration	final	vowel	u	112	112.138729	138.728999999998	ms	ok		SYN_GENERATOR_11042026	SYNTHETIC_TEACHING_FIXTURE
REQ_SYN_SEG_0024_f1	SYN_SEG_0024	SYN_SEG_SPK_01	SYN_SESSION_01	f1	final	vowel	u			321.729	Hz	ok		SYN_GENERATOR_11042026	SYNTHETIC_TEACHING_FIXTURE
REQ_SYN_SEG_0024_f2	SYN_SEG_0024	SYN_SEG_SPK_01	SYN_SESSION_01	f2	final	vowel	u			804.414	Hz	ok		SYN_GENERATOR_11042026	SYNTHETIC_TEACHING_FIXTURE
REQ_SYN_SEG_0024_f3	SYN_SEG_0024	SYN_SEG_SPK_01	SYN_SESSION_01	f3	final	vowel	u			2009.469	Hz	ok		SYN_GENERATOR_11042026	SYNTHETIC_TEACHING_FIXTURE
REQ_SYN_SEG_0025_fricative_duration	SYN_SEG_0025	SYN_SEG_SPK_01	SYN_SESSION_01	fricative_duration	initial	fricative		101	101.170052	170.051999999998	ms	ok		SYN_GENERATOR_11042026	SYNTHETIC_TEACHING_FIXTURE
REQ_SYN_SEG_0025_fricative_cog	SYN_SEG_0025	SYN_SEG_SPK_01	SYN_SESSION_01	fricative_cog	initial	fricative				5122.166	Hz	ok		SYN_GENERATOR_11042026	SYNTHETIC_TEACHING_FIXTURE
REQ_SYN_SEG_0026_fricative_duration	SYN_SEG_0026	SYN_SEG_SPK_01	SYN_SESSION_01	fricative_duration	medial	fricative		102	102.111806	111.806000000001	ms	ok		SYN_GENERATOR_11042026	SYNTHETIC_TEACHING_FIXTURE
REQ_SYN_SEG_0026_fricative_cog	SYN_SEG_0026	SYN_SEG_SPK_01	SYN_SESSION_01	fricative_cog	medial	fricative				4336.374	Hz	ok		SYN_GENERATOR_11042026	SYNTHETIC_TEACHING_FIXTURE
REQ_SYN_SEG_0027_fricative_duration	SYN_SEG_0027	SYN_SEG_SPK_01	SYN_SESSION_01	fricative_duration	final	fricative		103	103.141066	141.065999999995	ms	ok		SYN_GENERATOR_11042026	SYNTHETIC_TEACHING_FIXTURE
REQ_SYN_SEG_0027_fricative_cog	SYN_SEG_0027	SYN_SEG_SPK_01	SYN_SESSION_01	fricative_cog	final	fricative				3900.947	Hz	ok		SYN_GENERATOR_11042026	SYNTHETIC_TEACHING_FIXTURE
REQ_SYN_SEG_0028_fricative_duration	SYN_SEG_0028	SYN_SEG_SPK_01	SYN_SESSION_01	fricative_duration	initial	fricative		104	104.094718	94.7180000000003	ms	ok		SYN_GENERATOR_11042026	SYNTHETIC_TEACHING_FIXTURE
REQ_SYN_SEG_0028_fricative_cog	SYN_SEG_0028	SYN_SEG_SPK_01	SYN_SESSION_01	fricative_cog	initial	fricative				5575.279	Hz	ok		SYN_GENERATOR_11042026	SYNTHETIC_TEACHING_FIXTURE
REQ_SYN_SEG_0029_fricative_duration	SYN_SEG_0029	SYN_SEG_SPK_01	SYN_SESSION_01	fricative_duration	medial	fricative		105	105.097455	97.4549999999965	ms	ok		SYN_GENERATOR_11042026	SYNTHETIC_TEACHING_FIXTURE
REQ_SYN_SEG_0029_fricative_cog	SYN_SEG_0029	SYN_SEG_SPK_01	SYN_SESSION_01	fricative_cog	medial	fricative				3551.134	Hz	ok		SYN_GENERATOR_11042026	SYNTHETIC_TEACHING_FIXTURE
REQ_SYN_SEG_0030_fricative_duration	SYN_SEG_0030	SYN_SEG_SPK_01	SYN_SESSION_01	fricative_duration	final	fricative		106	106.129066	129.065999999995	ms	ok		SYN_GENERATOR_11042026	SYNTHETIC_TEACHING_FIXTURE
REQ_SYN_SEG_0030_fricative_cog	SYN_SEG_0030	SYN_SEG_SPK_01	SYN_SESSION_01	fricative_cog	final	fricative				4340.214	Hz	ok		SYN_GENERATOR_11042026	SYNTHETIC_TEACHING_FIXTURE
REQ_SYN_SEG_0031_fricative_duration	SYN_SEG_0031	SYN_SEG_SPK_01	SYN_SESSION_01	fricative_duration	initial	fricative		107	107.159056	159.056000000007	ms	ok		SYN_GENERATOR_11042026	SYNTHETIC_TEACHING_FIXTURE
REQ_SYN_SEG_0031_fricative_cog	SYN_SEG_0031	SYN_SEG_SPK_01	SYN_SESSION_01	fricative_cog	initial	fricative				5310.529	Hz	ok		SYN_GENERATOR_11042026	SYNTHETIC_TEACHING_FIXTURE
REQ_SYN_SEG_0032_fricative_duration	SYN_SEG_0032	SYN_SEG_SPK_01	SYN_SESSION_01	fricative_duration	medial	fricative		108	108.101172	101.172000000005	ms	ok		SYN_GENERATOR_11042026	SYNTHETIC_TEACHING_FIXTURE
REQ_SYN_SEG_0032_fricative_cog	SYN_SEG_0032	SYN_SEG_SPK_01	SYN_SESSION_01	fricative_cog	medial	fricative				4003.92	Hz	ok		SYN_GENERATOR_11042026	SYNTHETIC_TEACHING_FIXTURE
REQ_SYN_SEG_0033_fricative_duration	SYN_SEG_0033	SYN_SEG_SPK_01	SYN_SESSION_01	fricative_duration	final	fricative		109	109.136575	136.574999999993	ms	ok		SYN_GENERATOR_11042026	SYNTHETIC_TEACHING_FIXTURE
REQ_SYN_SEG_0033_fricative_cog	SYN_SEG_0033	SYN_SEG_SPK_01	SYN_SESSION_01	fricative_cog	final	fricative				4017.47	Hz	ok		SYN_GENERATOR_11042026	SYNTHETIC_TEACHING_FIXTURE
REQ_SYN_SEG_0034_fricative_duration	SYN_SEG_0034	SYN_SEG_SPK_01	SYN_SESSION_01	fricative_duration	initial	fricative		110	110.087448	87.4479999999949	ms	ok		SYN_GENERATOR_11042026	SYNTHETIC_TEACHING_FIXTURE
REQ_SYN_SEG_0034_fricative_cog	SYN_SEG_0034	SYN_SEG_SPK_01	SYN_SESSION_01	fricative_cog	initial	fricative				5460.004	Hz	ok		SYN_GENERATOR_11042026	SYNTHETIC_TEACHING_FIXTURE
REQ_SYN_SEG_0035_fricative_duration	SYN_SEG_0035	SYN_SEG_SPK_01	SYN_SESSION_01	fricative_duration	medial	fricative		111	111.092789	92.7889999999962	ms	ok		SYN_GENERATOR_11042026	SYNTHETIC_TEACHING_FIXTURE
REQ_SYN_SEG_0035_fricative_cog	SYN_SEG_0035	SYN_SEG_SPK_01	SYN_SESSION_01	fricative_cog	medial	fricative				4303.286	Hz	ok		SYN_GENERATOR_11042026	SYNTHETIC_TEACHING_FIXTURE
REQ_SYN_SEG_0036_fricative_duration	SYN_SEG_0036	SYN_SEG_SPK_01	SYN_SESSION_01	fricative_duration	final	fricative		112	112.096681	96.6810000000038	ms	ok		SYN_GENERATOR_11042026	SYNTHETIC_TEACHING_FIXTURE
REQ_SYN_SEG_0036_fricative_cog	SYN_SEG_0036	SYN_SEG_SPK_01	SYN_SESSION_01	fricative_cog	final	fricative				4152.019	Hz	ok		SYN_GENERATOR_11042026	SYNTHETIC_TEACHING_FIXTURE
REQ_SYN_SEG_0037_vot	SYN_SEG_0037	SYN_SEG_SPK_02	SYN_SESSION_02	vot	initial	stop		201.062456	201.043764	-18.6919999999873	ms	ok		SYN_GENERATOR_11042026	SYNTHETIC_TEACHING_FIXTURE
REQ_SYN_SEG_0037_closure_duration	SYN_SEG_0037	SYN_SEG_SPK_02	SYN_SESSION_02	closure_duration	initial	stop		201	201.062456	62.4559999999974	ms	ok		SYN_GENERATOR_11042026	SYNTHETIC_TEACHING_FIXTURE
REQ_SYN_SEG_0037_vowel_onset_f0	SYN_SEG_0037	SYN_SEG_SPK_02	SYN_SESSION_02	vowel_onset_f0	initial	stop				123.173	Hz	ok		SYN_GENERATOR_11042026	SYNTHETIC_TEACHING_FIXTURE
REQ_SYN_SEG_0038_vot	SYN_SEG_0038	SYN_SEG_SPK_02	SYN_SESSION_02	vot	medial	stop		202.04586	202.118504	72.6439999999968	ms	ok		SYN_GENERATOR_11042026	SYNTHETIC_TEACHING_FIXTURE
REQ_SYN_SEG_0038_closure_duration	SYN_SEG_0038	SYN_SEG_SPK_02	SYN_SESSION_02	closure_duration	medial	stop		202	202.04586	45.8600000000047	ms	ok		SYN_GENERATOR_11042026	SYNTHETIC_TEACHING_FIXTURE
REQ_SYN_SEG_0038_vowel_onset_f0	SYN_SEG_0038	SYN_SEG_SPK_02	SYN_SESSION_02	vowel_onset_f0	medial	stop				139.084	Hz	ok		SYN_GENERATOR_11042026	SYNTHETIC_TEACHING_FIXTURE
REQ_SYN_SEG_0039_vot	SYN_SEG_0039	SYN_SEG_SPK_02	SYN_SESSION_02	vot	final	stop		203.105735	203.162872	57.1369999999831	ms	ok		SYN_GENERATOR_11042026	SYNTHETIC_TEACHING_FIXTURE
REQ_SYN_SEG_0039_closure_duration	SYN_SEG_0039	SYN_SEG_SPK_02	SYN_SESSION_02	closure_duration	final	stop		203	203.105735	105.73500000001	ms	ok		SYN_GENERATOR_11042026	SYNTHETIC_TEACHING_FIXTURE
REQ_SYN_SEG_0039_vowel_onset_f0	SYN_SEG_0039	SYN_SEG_SPK_02	SYN_SESSION_02	vowel_onset_f0	final	stop				139.167	Hz	ok		SYN_GENERATOR_11042026	SYNTHETIC_TEACHING_FIXTURE
REQ_SYN_SEG_0040_vot	SYN_SEG_0040	SYN_SEG_SPK_02	SYN_SESSION_02	vot	initial	stop		204.071025	204.117871	46.8460000000164	ms	ok		SYN_GENERATOR_11042026	SYNTHETIC_TEACHING_FIXTURE
REQ_SYN_SEG_0040_closure_duration	SYN_SEG_0040	SYN_SEG_SPK_02	SYN_SESSION_02	closure_duration	initial	stop		204	204.071025	71.0249999999917	ms	ok		SYN_GENERATOR_11042026	SYNTHETIC_TEACHING_FIXTURE
REQ_SYN_SEG_0040_vowel_onset_f0	SYN_SEG_0040	SYN_SEG_SPK_02	SYN_SESSION_02	vowel_onset_f0	initial	stop				135.741	Hz	ok		SYN_GENERATOR_11042026	SYNTHETIC_TEACHING_FIXTURE
REQ_SYN_SEG_0041_vot	SYN_SEG_0041	SYN_SEG_SPK_02	SYN_SESSION_02	vot	medial	stop		205.086296	205.160005	73.709000000008	ms	ok		SYN_GENERATOR_11042026	SYNTHETIC_TEACHING_FIXTURE
REQ_SYN_SEG_0041_closure_duration	SYN_SEG_0041	SYN_SEG_SPK_02	SYN_SESSION_02	closure_duration	medial	stop		205	205.086296	86.2960000000044	ms	ok		SYN_GENERATOR_11042026	SYNTHETIC_TEACHING_FIXTURE
REQ_SYN_SEG_0041_vowel_onset_f0	SYN_SEG_0041	SYN_SEG_SPK_02	SYN_SESSION_02	vowel_onset_f0	medial	stop				136.878	Hz	ok		SYN_GENERATOR_11042026	SYNTHETIC_TEACHING_FIXTURE
REQ_SYN_SEG_0042_vot	SYN_SEG_0042	SYN_SEG_SPK_02	SYN_SESSION_02	vot	final	stop		206.05441	206.119052	64.6420000000205	ms	ok		SYN_GENERATOR_11042026	SYNTHETIC_TEACHING_FIXTURE
REQ_SYN_SEG_0042_closure_duration	SYN_SEG_0042	SYN_SEG_SPK_02	SYN_SESSION_02	closure_duration	final	stop		206	206.05441	54.4099999999901	ms	ok		SYN_GENERATOR_11042026	SYNTHETIC_TEACHING_FIXTURE
REQ_SYN_SEG_0042_vowel_onset_f0	SYN_SEG_0042	SYN_SEG_SPK_02	SYN_SESSION_02	vowel_onset_f0	final	stop				136.64	Hz	ok		SYN_GENERATOR_11042026	SYNTHETIC_TEACHING_FIXTURE
REQ_SYN_SEG_0043_vot	SYN_SEG_0043	SYN_SEG_SPK_02	SYN_SESSION_02	vot	initial	stop		207.06457	207.063043	-1.52700000001005	ms	ok		SYN_GENERATOR_11042026	SYNTHETIC_TEACHING_FIXTURE
REQ_SYN_SEG_0043_closure_duration	SYN_SEG_0043	SYN_SEG_SPK_02	SYN_SESSION_02	closure_duration	initial	stop		207	207.06457	64.5700000000033	ms	ok		SYN_GENERATOR_11042026	SYNTHETIC_TEACHING_FIXTURE
REQ_SYN_SEG_0043_vowel_onset_f0	SYN_SEG_0043	SYN_SEG_SPK_02	SYN_SESSION_02	vowel_onset_f0	initial	stop				112.057	Hz	ok		SYN_GENERATOR_11042026	SYNTHETIC_TEACHING_FIXTURE
REQ_SYN_SEG_0044_vot	SYN_SEG_0044	SYN_SEG_SPK_02	SYN_SESSION_02	vot	medial	stop		208.094878	208.158553	63.6750000000177	ms	ok		SYN_GENERATOR_11042026	SYNTHETIC_TEACHING_FIXTURE
REQ_SYN_SEG_0044_closure_duration	SYN_SEG_0044	SYN_SEG_SPK_02	SYN_SESSION_02	closure_duration	medial	stop		208	208.094878	94.8779999999942	ms	ok		SYN_GENERATOR_11042026	SYNTHETIC_TEACHING_FIXTURE
REQ_SYN_SEG_0044_vowel_onset_f0	SYN_SEG_0044	SYN_SEG_SPK_02	SYN_SESSION_02	vowel_onset_f0	medial	stop				143.678	Hz	ok		SYN_GENERATOR_11042026	SYNTHETIC_TEACHING_FIXTURE
REQ_SYN_SEG_0045_vot	SYN_SEG_0045	SYN_SEG_SPK_02	SYN_SESSION_02	vot	final	stop		209.061245	209.144219	82.9739999999788	ms	ok		SYN_GENERATOR_11042026	SYNTHETIC_TEACHING_FIXTURE
REQ_SYN_SEG_0045_closure_duration	SYN_SEG_0045	SYN_SEG_SPK_02	SYN_SESSION_02	closure_duration	final	stop		209	209.061245	61.2450000000138	ms	ok		SYN_GENERATOR_11042026	SYNTHETIC_TEACHING_FIXTURE
REQ_SYN_SEG_0045_vowel_onset_f0	SYN_SEG_0045	SYN_SEG_SPK_02	SYN_SESSION_02	vowel_onset_f0	final	stop				135.113	Hz	ok		SYN_GENERATOR_11042026	SYNTHETIC_TEACHING_FIXTURE
REQ_SYN_SEG_0046_vot	SYN_SEG_0046	SYN_SEG_SPK_02	SYN_SESSION_02	vot	initial	stop		210.071169	210.15513	83.9610000000164	ms	ok		SYN_GENERATOR_11042026	SYNTHETIC_TEACHING_FIXTURE
REQ_SYN_SEG_0046_closure_duration	SYN_SEG_0046	SYN_SEG_SPK_02	SYN_SESSION_02	closure_duration	initial	stop		210	210.071169	71.1689999999976	ms	ok		SYN_GENERATOR_11042026	SYNTHETIC_TEACHING_FIXTURE
REQ_SYN_SEG_0046_vowel_onset_f0	SYN_SEG_0046	SYN_SEG_SPK_02	SYN_SESSION_02	vowel_onset_f0	initial	stop				129.141	Hz	ok		SYN_GENERATOR_11042026	SYNTHETIC_TEACHING_FIXTURE
REQ_SYN_SEG_0047_vot	SYN_SEG_0047	SYN_SEG_SPK_02	SYN_SESSION_02	vot	medial	stop		211.080203	211.10837	28.1669999999963	ms	ok		SYN_GENERATOR_11042026	SYNTHETIC_TEACHING_FIXTURE
REQ_SYN_SEG_0047_closure_duration	SYN_SEG_0047	SYN_SEG_SPK_02	SYN_SESSION_02	closure_duration	medial	stop		211	211.080203	80.2030000000116	ms	ok		SYN_GENERATOR_11042026	SYNTHETIC_TEACHING_FIXTURE
REQ_SYN_SEG_0047_vowel_onset_f0	SYN_SEG_0047	SYN_SEG_SPK_02	SYN_SESSION_02	vowel_onset_f0	medial	stop				113.911	Hz	ok		SYN_GENERATOR_11042026	SYNTHETIC_TEACHING_FIXTURE
REQ_SYN_SEG_0048_vot	SYN_SEG_0048	SYN_SEG_SPK_02	SYN_SESSION_02	vot	final	stop		212.107352	212.121833	14.4810000000177	ms	ok		SYN_GENERATOR_11042026	SYNTHETIC_TEACHING_FIXTURE
REQ_SYN_SEG_0048_closure_duration	SYN_SEG_0048	SYN_SEG_SPK_02	SYN_SESSION_02	closure_duration	final	stop		212	212.107352	107.351999999992	ms	ok		SYN_GENERATOR_11042026	SYNTHETIC_TEACHING_FIXTURE
REQ_SYN_SEG_0048_vowel_onset_f0	SYN_SEG_0048	SYN_SEG_SPK_02	SYN_SESSION_02	vowel_onset_f0	final	stop				116.303	Hz	ok		SYN_GENERATOR_11042026	SYNTHETIC_TEACHING_FIXTURE
REQ_SYN_SEG_0049_vowel_duration	SYN_SEG_0049	SYN_SEG_SPK_02	SYN_SESSION_02	vowel_duration	initial	vowel	i	201	201.205043	205.042999999989	ms	ok		SYN_GENERATOR_11042026	SYNTHETIC_TEACHING_FIXTURE
REQ_SYN_SEG_0049_f1	SYN_SEG_0049	SYN_SEG_SPK_02	SYN_SESSION_02	f1	initial	vowel	i			341.66	Hz	ok		SYN_GENERATOR_11042026	SYNTHETIC_TEACHING_FIXTURE
REQ_SYN_SEG_0049_f2	SYN_SEG_0049	SYN_SEG_SPK_02	SYN_SESSION_02	f2	initial	vowel	i			2533.027	Hz	ok		SYN_GENERATOR_11042026	SYNTHETIC_TEACHING_FIXTURE
REQ_SYN_SEG_0049_f3	SYN_SEG_0049	SYN_SEG_SPK_02	SYN_SESSION_02	f3	initial	vowel	i			3301.852	Hz	ok		SYN_GENERATOR_11042026	SYNTHETIC_TEACHING_FIXTURE
REQ_SYN_SEG_0050_vowel_duration	SYN_SEG_0050	SYN_SEG_SPK_02	SYN_SESSION_02	vowel_duration	medial	vowel	a	202	202.115342	115.341999999998	ms	ok		SYN_GENERATOR_11042026	SYNTHETIC_TEACHING_FIXTURE
REQ_SYN_SEG_0050_f1	SYN_SEG_0050	SYN_SEG_SPK_02	SYN_SESSION_02	f1	medial	vowel	a			820.33	Hz	ok		SYN_GENERATOR_11042026	SYNTHETIC_TEACHING_FIXTURE
REQ_SYN_SEG_0050_f2	SYN_SEG_0050	SYN_SEG_SPK_02	SYN_SESSION_02	f2	medial	vowel	a			1343.478	Hz	ok		SYN_GENERATOR_11042026	SYNTHETIC_TEACHING_FIXTURE
REQ_SYN_SEG_0050_f3	SYN_SEG_0050	SYN_SEG_SPK_02	SYN_SESSION_02	f3	medial	vowel	a			2606.41	Hz	ok		SYN_GENERATOR_11042026	SYNTHETIC_TEACHING_FIXTURE
REQ_SYN_SEG_0051_vowel_duration	SYN_SEG_0051	SYN_SEG_SPK_02	SYN_SESSION_02	vowel_duration	final	vowel	u	203	203.179179	179.179000000005	ms	ok		SYN_GENERATOR_11042026	SYNTHETIC_TEACHING_FIXTURE
REQ_SYN_SEG_0051_f1	SYN_SEG_0051	SYN_SEG_SPK_02	SYN_SESSION_02	f1	final	vowel	u			372.604	Hz	ok		SYN_GENERATOR_11042026	SYNTHETIC_TEACHING_FIXTURE
REQ_SYN_SEG_0051_f2	SYN_SEG_0051	SYN_SEG_SPK_02	SYN_SESSION_02	f2	final	vowel	u			989.421	Hz	ok		SYN_GENERATOR_11042026	SYNTHETIC_TEACHING_FIXTURE
REQ_SYN_SEG_0051_f3	SYN_SEG_0051	SYN_SEG_SPK_02	SYN_SESSION_02	f3	final	vowel	u			2369.059	Hz	ok		SYN_GENERATOR_11042026	SYNTHETIC_TEACHING_FIXTURE
REQ_SYN_SEG_0052_vowel_duration	SYN_SEG_0052	SYN_SEG_SPK_02	SYN_SESSION_02	vowel_duration	initial	vowel	i	204	204.110917	110.917000000001	ms	ok		SYN_GENERATOR_11042026	SYNTHETIC_TEACHING_FIXTURE
REQ_SYN_SEG_0052_f1	SYN_SEG_0052	SYN_SEG_SPK_02	SYN_SESSION_02	f1	initial	vowel	i			344.244	Hz	ok		SYN_GENERATOR_11042026	SYNTHETIC_TEACHING_FIXTURE
REQ_SYN_SEG_0052_f2	SYN_SEG_0052	SYN_SEG_SPK_02	SYN_SESSION_02	f2	initial	vowel	i			2489.769	Hz	ok		SYN_GENERATOR_11042026	SYNTHETIC_TEACHING_FIXTURE
REQ_SYN_SEG_0052_f3	SYN_SEG_0052	SYN_SEG_SPK_02	SYN_SESSION_02	f3	initial	vowel	i			3372.897	Hz	ok		SYN_GENERATOR_11042026	SYNTHETIC_TEACHING_FIXTURE
REQ_SYN_SEG_0053_vowel_duration	SYN_SEG_0053	SYN_SEG_SPK_02	SYN_SESSION_02	vowel_duration	medial	vowel	a	205	205.191745	191.744999999997	ms	ok		SYN_GENERATOR_11042026	SYNTHETIC_TEACHING_FIXTURE
REQ_SYN_SEG_0053_f1	SYN_SEG_0053	SYN_SEG_SPK_02	SYN_SESSION_02	f1	medial	vowel	a			803.949	Hz	ok		SYN_GENERATOR_11042026	SYNTHETIC_TEACHING_FIXTURE
REQ_SYN_SEG_0053_f2	SYN_SEG_0053	SYN_SEG_SPK_02	SYN_SESSION_02	f2	medial	vowel	a			1295.224	Hz	ok		SYN_GENERATOR_11042026	SYNTHETIC_TEACHING_FIXTURE
REQ_SYN_SEG_0053_f3	SYN_SEG_0053	SYN_SEG_SPK_02	SYN_SESSION_02	f3	medial	vowel	a			2737.966	Hz	ok		SYN_GENERATOR_11042026	SYNTHETIC_TEACHING_FIXTURE
REQ_SYN_SEG_0054_vowel_duration	SYN_SEG_0054	SYN_SEG_SPK_02	SYN_SESSION_02	vowel_duration	final	vowel	u	206	206.162038	162.037999999995	ms	ok		SYN_GENERATOR_11042026	SYNTHETIC_TEACHING_FIXTURE
REQ_SYN_SEG_0054_f1	SYN_SEG_0054	SYN_SEG_SPK_02	SYN_SESSION_02	f1	final	vowel	u			384.388	Hz	ok		SYN_GENERATOR_11042026	SYNTHETIC_TEACHING_FIXTURE
REQ_SYN_SEG_0054_f2	SYN_SEG_0054	SYN_SEG_SPK_02	SYN_SESSION_02	f2	final	vowel	u			960.904	Hz	ok		SYN_GENERATOR_11042026	SYNTHETIC_TEACHING_FIXTURE
REQ_SYN_SEG_0054_f3	SYN_SEG_0054	SYN_SEG_SPK_02	SYN_SESSION_02	f3	final	vowel	u			2502.479	Hz	ok		SYN_GENERATOR_11042026	SYNTHETIC_TEACHING_FIXTURE
REQ_SYN_SEG_0055_vowel_duration	SYN_SEG_0055	SYN_SEG_SPK_02	SYN_SESSION_02	vowel_duration	initial	vowel	i	207	207.146055	146.05499999999	ms	ok		SYN_GENERATOR_11042026	SYNTHETIC_TEACHING_FIXTURE
REQ_SYN_SEG_0055_f1	SYN_SEG_0055	SYN_SEG_SPK_02	SYN_SESSION_02	f1	initial	vowel	i			307.244	Hz	ok		SYN_GENERATOR_11042026	SYNTHETIC_TEACHING_FIXTURE
REQ_SYN_SEG_0055_f2	SYN_SEG_0055	SYN_SEG_SPK_02	SYN_SESSION_02	f2	initial	vowel	i			2559.935	Hz	ok		SYN_GENERATOR_11042026	SYNTHETIC_TEACHING_FIXTURE
REQ_SYN_SEG_0055_f3	SYN_SEG_0055	SYN_SEG_SPK_02	SYN_SESSION_02	f3	initial	vowel	i			3297.565	Hz	ok		SYN_GENERATOR_11042026	SYNTHETIC_TEACHING_FIXTURE
REQ_SYN_SEG_0056_vowel_duration	SYN_SEG_0056	SYN_SEG_SPK_02	SYN_SESSION_02	vowel_duration	medial	vowel	a	208	208.12961	129.610000000014	ms	ok		SYN_GENERATOR_11042026	SYNTHETIC_TEACHING_FIXTURE
REQ_SYN_SEG_0056_f1	SYN_SEG_0056	SYN_SEG_SPK_02	SYN_SESSION_02	f1	medial	vowel	a			862.163	Hz	ok		SYN_GENERATOR_11042026	SYNTHETIC_TEACHING_FIXTURE
REQ_SYN_SEG_0056_f2	SYN_SEG_0056	SYN_SEG_SPK_02	SYN_SESSION_02	f2	medial	vowel	a			1445.413	Hz	ok		SYN_GENERATOR_11042026	SYNTHETIC_TEACHING_FIXTURE
REQ_SYN_SEG_0056_f3	SYN_SEG_0056	SYN_SEG_SPK_02	SYN_SESSION_02	f3	medial	vowel	a			2590.889	Hz	ok		SYN_GENERATOR_11042026	SYNTHETIC_TEACHING_FIXTURE
REQ_SYN_SEG_0057_vowel_duration	SYN_SEG_0057	SYN_SEG_SPK_02	SYN_SESSION_02	vowel_duration	final	vowel	u	209	209.092836	92.8360000000055	ms	ok		SYN_GENERATOR_11042026	SYNTHETIC_TEACHING_FIXTURE
REQ_SYN_SEG_0057_f1	SYN_SEG_0057	SYN_SEG_SPK_02	SYN_SESSION_02	f1	final	vowel	u			409.679	Hz	ok		SYN_GENERATOR_11042026	SYNTHETIC_TEACHING_FIXTURE
REQ_SYN_SEG_0057_f2	SYN_SEG_0057	SYN_SEG_SPK_02	SYN_SESSION_02	f2	final	vowel	u			998.919	Hz	ok		SYN_GENERATOR_11042026	SYNTHETIC_TEACHING_FIXTURE
REQ_SYN_SEG_0057_f3	SYN_SEG_0057	SYN_SEG_SPK_02	SYN_SESSION_02	f3	final	vowel	u			2539.817	Hz	ok		SYN_GENERATOR_11042026	SYNTHETIC_TEACHING_FIXTURE
REQ_SYN_SEG_0058_vowel_duration	SYN_SEG_0058	SYN_SEG_SPK_02	SYN_SESSION_02	vowel_duration	initial	vowel	i	210	210.103827	103.826999999995	ms	ok		SYN_GENERATOR_11042026	SYNTHETIC_TEACHING_FIXTURE
REQ_SYN_SEG_0058_f1	SYN_SEG_0058	SYN_SEG_SPK_02	SYN_SESSION_02	f1	initial	vowel	i			351.129	Hz	ok		SYN_GENERATOR_11042026	SYNTHETIC_TEACHING_FIXTURE
REQ_SYN_SEG_0058_f2	SYN_SEG_0058	SYN_SEG_SPK_02	SYN_SESSION_02	f2	initial	vowel	i			2553.465	Hz	ok		SYN_GENERATOR_11042026	SYNTHETIC_TEACHING_FIXTURE
REQ_SYN_SEG_0058_f3	SYN_SEG_0058	SYN_SEG_SPK_02	SYN_SESSION_02	f3	initial	vowel	i			3396.032	Hz	ok		SYN_GENERATOR_11042026	SYNTHETIC_TEACHING_FIXTURE
REQ_SYN_SEG_0059_vowel_duration	SYN_SEG_0059	SYN_SEG_SPK_02	SYN_SESSION_02	vowel_duration	medial	vowel	a	211	211.088795	88.7950000000046	ms	ok		SYN_GENERATOR_11042026	SYNTHETIC_TEACHING_FIXTURE
REQ_SYN_SEG_0059_f1	SYN_SEG_0059	SYN_SEG_SPK_02	SYN_SESSION_02	f1	medial	vowel	a			835.806	Hz	ok		SYN_GENERATOR_11042026	SYNTHETIC_TEACHING_FIXTURE
REQ_SYN_SEG_0059_f2	SYN_SEG_0059	SYN_SEG_SPK_02	SYN_SESSION_02	f2	medial	vowel	a			1272.237	Hz	ok		SYN_GENERATOR_11042026	SYNTHETIC_TEACHING_FIXTURE
REQ_SYN_SEG_0059_f3	SYN_SEG_0059	SYN_SEG_SPK_02	SYN_SESSION_02	f3	medial	vowel	a			2790.189	Hz	ok		SYN_GENERATOR_11042026	SYNTHETIC_TEACHING_FIXTURE
REQ_SYN_SEG_0060_vowel_duration	SYN_SEG_0060	SYN_SEG_SPK_02	SYN_SESSION_02	vowel_duration	final	vowel	u	212	212.188693	188.693000000001	ms	ok		SYN_GENERATOR_11042026	SYNTHETIC_TEACHING_FIXTURE
REQ_SYN_SEG_0060_f1	SYN_SEG_0060	SYN_SEG_SPK_02	SYN_SESSION_02	f1	final	vowel	u			395.015	Hz	ok		SYN_GENERATOR_11042026	SYNTHETIC_TEACHING_FIXTURE
REQ_SYN_SEG_0060_f2	SYN_SEG_0060	SYN_SEG_SPK_02	SYN_SESSION_02	f2	final	vowel	u			982.233	Hz	ok		SYN_GENERATOR_11042026	SYNTHETIC_TEACHING_FIXTURE
REQ_SYN_SEG_0060_f3	SYN_SEG_0060	SYN_SEG_SPK_02	SYN_SESSION_02	f3	final	vowel	u			2369.554	Hz	ok		SYN_GENERATOR_11042026	SYNTHETIC_TEACHING_FIXTURE
REQ_SYN_SEG_0061_fricative_duration	SYN_SEG_0061	SYN_SEG_SPK_02	SYN_SESSION_02	fricative_duration	initial	fricative		201	201.17718	177.179999999993	ms	ok		SYN_GENERATOR_11042026	SYNTHETIC_TEACHING_FIXTURE
REQ_SYN_SEG_0061_fricative_cog	SYN_SEG_0061	SYN_SEG_SPK_02	SYN_SESSION_02	fricative_cog	initial	fricative				6824.498	Hz	ok		SYN_GENERATOR_11042026	SYNTHETIC_TEACHING_FIXTURE
REQ_SYN_SEG_0062_fricative_duration	SYN_SEG_0062	SYN_SEG_SPK_02	SYN_SESSION_02	fricative_duration	medial	fricative		202	202.147612	147.612000000009	ms	ok		SYN_GENERATOR_11042026	SYNTHETIC_TEACHING_FIXTURE
REQ_SYN_SEG_0062_fricative_cog	SYN_SEG_0062	SYN_SEG_SPK_02	SYN_SESSION_02	fricative_cog	medial	fricative				5620.776	Hz	ok		SYN_GENERATOR_11042026	SYNTHETIC_TEACHING_FIXTURE
REQ_SYN_SEG_0063_fricative_duration	SYN_SEG_0063	SYN_SEG_SPK_02	SYN_SESSION_02	fricative_duration	final	fricative		203	203.172282	172.281999999996	ms	ok		SYN_GENERATOR_11042026	SYNTHETIC_TEACHING_FIXTURE
REQ_SYN_SEG_0063_fricative_cog	SYN_SEG_0063	SYN_SEG_SPK_02	SYN_SESSION_02	fricative_cog	final	fricative				5573.556	Hz	ok		SYN_GENERATOR_11042026	SYNTHETIC_TEACHING_FIXTURE
REQ_SYN_SEG_0064_fricative_duration	SYN_SEG_0064	SYN_SEG_SPK_02	SYN_SESSION_02	fricative_duration	initial	fricative		204	204.104464	104.464000000007	ms	ok		SYN_GENERATOR_11042026	SYNTHETIC_TEACHING_FIXTURE
REQ_SYN_SEG_0064_fricative_cog	SYN_SEG_0064	SYN_SEG_SPK_02	SYN_SESSION_02	fricative_cog	initial	fricative				6652.206	Hz	ok		SYN_GENERATOR_11042026	SYNTHETIC_TEACHING_FIXTURE
REQ_SYN_SEG_0065_fricative_duration	SYN_SEG_0065	SYN_SEG_SPK_02	SYN_SESSION_02	fricative_duration	medial	fricative		205	205.171054	171.053999999998	ms	ok		SYN_GENERATOR_11042026	SYNTHETIC_TEACHING_FIXTURE
REQ_SYN_SEG_0065_fricative_cog	SYN_SEG_0065	SYN_SEG_SPK_02	SYN_SESSION_02	fricative_cog	medial	fricative				6121.62	Hz	ok		SYN_GENERATOR_11042026	SYNTHETIC_TEACHING_FIXTURE
REQ_SYN_SEG_0066_fricative_duration	SYN_SEG_0066	SYN_SEG_SPK_02	SYN_SESSION_02	fricative_duration	final	fricative		206	206.082624	82.6240000000098	ms	ok		SYN_GENERATOR_11042026	SYNTHETIC_TEACHING_FIXTURE
REQ_SYN_SEG_0066_fricative_cog	SYN_SEG_0066	SYN_SEG_SPK_02	SYN_SESSION_02	fricative_cog	final	fricative				5584.025	Hz	ok		SYN_GENERATOR_11042026	SYNTHETIC_TEACHING_FIXTURE
REQ_SYN_SEG_0067_fricative_duration	SYN_SEG_0067	SYN_SEG_SPK_02	SYN_SESSION_02	fricative_duration	initial	fricative		207	207.087757	87.7570000000105	ms	ok		SYN_GENERATOR_11042026	SYNTHETIC_TEACHING_FIXTURE
REQ_SYN_SEG_0067_fricative_cog	SYN_SEG_0067	SYN_SEG_SPK_02	SYN_SESSION_02	fricative_cog	initial	fricative				7146.653	Hz	ok		SYN_GENERATOR_11042026	SYNTHETIC_TEACHING_FIXTURE
REQ_SYN_SEG_0068_fricative_duration	SYN_SEG_0068	SYN_SEG_SPK_02	SYN_SESSION_02	fricative_duration	medial	fricative		208	208.125385	125.384999999994	ms	ok		SYN_GENERATOR_11042026	SYNTHETIC_TEACHING_FIXTURE
REQ_SYN_SEG_0068_fricative_cog	SYN_SEG_0068	SYN_SEG_SPK_02	SYN_SESSION_02	fricative_cog	medial	fricative				5046.307	Hz	ok		SYN_GENERATOR_11042026	SYNTHETIC_TEACHING_FIXTURE
REQ_SYN_SEG_0069_fricative_duration	SYN_SEG_0069	SYN_SEG_SPK_02	SYN_SESSION_02	fricative_duration	final	fricative		209	209.109338	109.338000000008	ms	ok		SYN_GENERATOR_11042026	SYNTHETIC_TEACHING_FIXTURE
REQ_SYN_SEG_0069_fricative_cog	SYN_SEG_0069	SYN_SEG_SPK_02	SYN_SESSION_02	fricative_cog	final	fricative				5117.569	Hz	ok		SYN_GENERATOR_11042026	SYNTHETIC_TEACHING_FIXTURE
REQ_SYN_SEG_0070_fricative_duration	SYN_SEG_0070	SYN_SEG_SPK_02	SYN_SESSION_02	fricative_duration	initial	fricative		210	210.15501	155.010000000004	ms	ok		SYN_GENERATOR_11042026	SYNTHETIC_TEACHING_FIXTURE
REQ_SYN_SEG_0070_fricative_cog	SYN_SEG_0070	SYN_SEG_SPK_02	SYN_SESSION_02	fricative_cog	initial	fricative				6594.275	Hz	ok		SYN_GENERATOR_11042026	SYNTHETIC_TEACHING_FIXTURE
REQ_SYN_SEG_0071_fricative_duration	SYN_SEG_0071	SYN_SEG_SPK_02	SYN_SESSION_02	fricative_duration	medial	fricative		211	211.112701	112.700999999987	ms	ok		SYN_GENERATOR_11042026	SYNTHETIC_TEACHING_FIXTURE
REQ_SYN_SEG_0071_fricative_cog	SYN_SEG_0071	SYN_SEG_SPK_02	SYN_SESSION_02	fricative_cog	medial	fricative				5042.018	Hz	ok		SYN_GENERATOR_11042026	SYNTHETIC_TEACHING_FIXTURE
REQ_SYN_SEG_0072_fricative_duration	SYN_SEG_0072	SYN_SEG_SPK_02	SYN_SESSION_02	fricative_duration	final	fricative		212	212.106631	106.630999999993	ms	ok		SYN_GENERATOR_11042026	SYNTHETIC_TEACHING_FIXTURE
REQ_SYN_SEG_0072_fricative_cog	SYN_SEG_0072	SYN_SEG_SPK_02	SYN_SESSION_02	fricative_cog	final	fricative				5154.577	Hz	ok		SYN_GENERATOR_11042026	SYNTHETIC_TEACHING_FIXTURE
REQ_SYN_SEG_0073_vot	SYN_SEG_0073	SYN_SEG_SPK_03	SYN_SESSION_03	vot	initial	stop		301.047578	301.051828	4.25000000001319	ms	ok		SYN_GENERATOR_11042026	SYNTHETIC_TEACHING_FIXTURE
REQ_SYN_SEG_0073_closure_duration	SYN_SEG_0073	SYN_SEG_SPK_03	SYN_SESSION_03	closure_duration	initial	stop		301	301.047578	47.5779999999872	ms	ok		SYN_GENERATOR_11042026	SYNTHETIC_TEACHING_FIXTURE
REQ_SYN_SEG_0073_vowel_onset_f0	SYN_SEG_0073	SYN_SEG_SPK_03	SYN_SESSION_03	vowel_onset_f0	initial	stop				113.029	Hz	ok		SYN_GENERATOR_11042026	SYNTHETIC_TEACHING_FIXTURE
REQ_SYN_SEG_0074_vot	SYN_SEG_0074	SYN_SEG_SPK_03	SYN_SESSION_03	vot	medial	stop		302.075808	302.059454	-16.3539999999784	ms	ok		SYN_GENERATOR_11042026	SYNTHETIC_TEACHING_FIXTURE
REQ_SYN_SEG_0074_closure_duration	SYN_SEG_0074	SYN_SEG_SPK_03	SYN_SESSION_03	closure_duration	medial	stop		302	302.075808	75.807999999995	ms	ok		SYN_GENERATOR_11042026	SYNTHETIC_TEACHING_FIXTURE
REQ_SYN_SEG_0074_vowel_onset_f0	SYN_SEG_0074	SYN_SEG_SPK_03	SYN_SESSION_03	vowel_onset_f0	medial	stop				124.626	Hz	ok		SYN_GENERATOR_11042026	SYNTHETIC_TEACHING_FIXTURE
REQ_SYN_SEG_0075_vot	SYN_SEG_0075	SYN_SEG_SPK_03	SYN_SESSION_03	vot	final	stop		303.099328	303.117262	17.9339999999684	ms	ok		SYN_GENERATOR_11042026	SYNTHETIC_TEACHING_FIXTURE
REQ_SYN_SEG_0075_closure_duration	SYN_SEG_0075	SYN_SEG_SPK_03	SYN_SESSION_03	closure_duration	final	stop		303	303.099328	99.3280000000141	ms	ok		SYN_GENERATOR_11042026	SYNTHETIC_TEACHING_FIXTURE
REQ_SYN_SEG_0075_vowel_onset_f0	SYN_SEG_0075	SYN_SEG_SPK_03	SYN_SESSION_03	vowel_onset_f0	final	stop				120.445	Hz	ok		SYN_GENERATOR_11042026	SYNTHETIC_TEACHING_FIXTURE
REQ_SYN_SEG_0076_vot	SYN_SEG_0076	SYN_SEG_SPK_03	SYN_SESSION_03	vot	initial	stop		304.061046	304.083042	21.9960000000015	ms	ok		SYN_GENERATOR_11042026	SYNTHETIC_TEACHING_FIXTURE
REQ_SYN_SEG_0076_closure_duration	SYN_SEG_0076	SYN_SEG_SPK_03	SYN_SESSION_03	closure_duration	initial	stop		304	304.061046	61.0459999999762	ms	ok		SYN_GENERATOR_11042026	SYNTHETIC_TEACHING_FIXTURE
REQ_SYN_SEG_0076_vowel_onset_f0	SYN_SEG_0076	SYN_SEG_SPK_03	SYN_SESSION_03	vowel_onset_f0	initial	stop				126.067	Hz	ok		SYN_GENERATOR_11042026	SYNTHETIC_TEACHING_FIXTURE
REQ_SYN_SEG_0077_vot	SYN_SEG_0077	SYN_SEG_SPK_03	SYN_SESSION_03	vot	medial	stop		305.087847	305.079635	-8.21200000001454	ms	ok		SYN_GENERATOR_11042026	SYNTHETIC_TEACHING_FIXTURE
REQ_SYN_SEG_0077_closure_duration	SYN_SEG_0077	SYN_SEG_SPK_03	SYN_SESSION_03	closure_duration	medial	stop		305	305.087847	87.8470000000107	ms	ok		SYN_GENERATOR_11042026	SYNTHETIC_TEACHING_FIXTURE
REQ_SYN_SEG_0077_vowel_onset_f0	SYN_SEG_0077	SYN_SEG_SPK_03	SYN_SESSION_03	vowel_onset_f0	medial	stop				137.043	Hz	ok		SYN_GENERATOR_11042026	SYNTHETIC_TEACHING_FIXTURE
REQ_SYN_SEG_0078_vot	SYN_SEG_0078	SYN_SEG_SPK_03	SYN_SESSION_03	vot	final	stop		306.056244	306.112758	56.5139999999928	ms	ok		SYN_GENERATOR_11042026	SYNTHETIC_TEACHING_FIXTURE
REQ_SYN_SEG_0078_closure_duration	SYN_SEG_0078	SYN_SEG_SPK_03	SYN_SESSION_03	closure_duration	final	stop		306	306.056244	56.2439999999924	ms	ok		SYN_GENERATOR_11042026	SYNTHETIC_TEACHING_FIXTURE
REQ_SYN_SEG_0078_vowel_onset_f0	SYN_SEG_0078	SYN_SEG_SPK_03	SYN_SESSION_03	vowel_onset_f0	final	stop				147.642	Hz	ok		SYN_GENERATOR_11042026	SYNTHETIC_TEACHING_FIXTURE
REQ_SYN_SEG_0079_vot	SYN_SEG_0079	SYN_SEG_SPK_03	SYN_SESSION_03	vot	initial	stop		307.102302	307.09331	-8.99200000003475	ms	ok		SYN_GENERATOR_11042026	SYNTHETIC_TEACHING_FIXTURE
REQ_SYN_SEG_0079_closure_duration	SYN_SEG_0079	SYN_SEG_SPK_03	SYN_SESSION_03	closure_duration	initial	stop		307	307.102302	102.302000000009	ms	ok		SYN_GENERATOR_11042026	SYNTHETIC_TEACHING_FIXTURE
REQ_SYN_SEG_0079_vowel_onset_f0	SYN_SEG_0079	SYN_SEG_SPK_03	SYN_SESSION_03	vowel_onset_f0	initial	stop				127.042	Hz	ok		SYN_GENERATOR_11042026	SYNTHETIC_TEACHING_FIXTURE
REQ_SYN_SEG_0080_vot	SYN_SEG_0080	SYN_SEG_SPK_03	SYN_SESSION_03	vot	medial	stop		308.05613	308.07157	15.4400000000123	ms	ok		SYN_GENERATOR_11042026	SYNTHETIC_TEACHING_FIXTURE
REQ_SYN_SEG_0080_closure_duration	SYN_SEG_0080	SYN_SEG_SPK_03	SYN_SESSION_03	closure_duration	medial	stop		308	308.05613	56.129999999996	ms	ok		SYN_GENERATOR_11042026	SYNTHETIC_TEACHING_FIXTURE
REQ_SYN_SEG_0080_vowel_onset_f0	SYN_SEG_0080	SYN_SEG_SPK_03	SYN_SESSION_03	vowel_onset_f0	medial	stop				126.526	Hz	ok		SYN_GENERATOR_11042026	SYNTHETIC_TEACHING_FIXTURE
REQ_SYN_SEG_0081_vot	SYN_SEG_0081	SYN_SEG_SPK_03	SYN_SESSION_03	vot	final	stop		309.078374	309.06022	-18.1539999999814	ms	ok		SYN_GENERATOR_11042026	SYNTHETIC_TEACHING_FIXTURE
REQ_SYN_SEG_0081_closure_duration	SYN_SEG_0081	SYN_SEG_SPK_03	SYN_SESSION_03	closure_duration	final	stop		309	309.078374	78.3739999999966	ms	ok		SYN_GENERATOR_11042026	SYNTHETIC_TEACHING_FIXTURE
REQ_SYN_SEG_0081_vowel_onset_f0	SYN_SEG_0081	SYN_SEG_SPK_03	SYN_SESSION_03	vowel_onset_f0	final	stop				129.013	Hz	ok		SYN_GENERATOR_11042026	SYNTHETIC_TEACHING_FIXTURE
REQ_SYN_SEG_0082_vot	SYN_SEG_0082	SYN_SEG_SPK_03	SYN_SESSION_03	vot	initial	stop		310.082656	310.096387	13.731000000007	ms	ok		SYN_GENERATOR_11042026	SYNTHETIC_TEACHING_FIXTURE
REQ_SYN_SEG_0082_closure_duration	SYN_SEG_0082	SYN_SEG_SPK_03	SYN_SESSION_03	closure_duration	initial	stop		310	310.082656	82.6559999999859	ms	ok		SYN_GENERATOR_11042026	SYNTHETIC_TEACHING_FIXTURE
REQ_SYN_SEG_0082_vowel_onset_f0	SYN_SEG_0082	SYN_SEG_SPK_03	SYN_SESSION_03	vowel_onset_f0	initial	stop				120.565	Hz	ok		SYN_GENERATOR_11042026	SYNTHETIC_TEACHING_FIXTURE
REQ_SYN_SEG_0083_vot	SYN_SEG_0083	SYN_SEG_SPK_03	SYN_SESSION_03	vot	medial	stop		311.056582	311.135389	78.8069999999834	ms	ok		SYN_GENERATOR_11042026	SYNTHETIC_TEACHING_FIXTURE
REQ_SYN_SEG_0083_closure_duration	SYN_SEG_0083	SYN_SEG_SPK_03	SYN_SESSION_03	closure_duration	medial	stop		311	311.056582	56.5819999999917	ms	ok		SYN_GENERATOR_11042026	SYNTHETIC_TEACHING_FIXTURE
REQ_SYN_SEG_0083_vowel_onset_f0	SYN_SEG_0083	SYN_SEG_SPK_03	SYN_SESSION_03	vowel_onset_f0	medial	stop				164.276	Hz	ok		SYN_GENERATOR_11042026	SYNTHETIC_TEACHING_FIXTURE
REQ_SYN_SEG_0084_vot	SYN_SEG_0084	SYN_SEG_SPK_03	SYN_SESSION_03	vot	final	stop		312.054172	312.061751	7.5790000000211	ms	ok		SYN_GENERATOR_11042026	SYNTHETIC_TEACHING_FIXTURE
REQ_SYN_SEG_0084_closure_duration	SYN_SEG_0084	SYN_SEG_SPK_03	SYN_SESSION_03	closure_duration	final	stop		312	312.054172	54.1719999999941	ms	ok		SYN_GENERATOR_11042026	SYNTHETIC_TEACHING_FIXTURE
REQ_SYN_SEG_0084_vowel_onset_f0	SYN_SEG_0084	SYN_SEG_SPK_03	SYN_SESSION_03	vowel_onset_f0	final	stop				121.884	Hz	ok		SYN_GENERATOR_11042026	SYNTHETIC_TEACHING_FIXTURE
REQ_SYN_SEG_0085_vowel_duration	SYN_SEG_0085	SYN_SEG_SPK_03	SYN_SESSION_03	vowel_duration	initial	vowel	i	301	301.213737	213.736999999981	ms	ok		SYN_GENERATOR_11042026	SYNTHETIC_TEACHING_FIXTURE
REQ_SYN_SEG_0085_f1	SYN_SEG_0085	SYN_SEG_SPK_03	SYN_SESSION_03	f1	initial	vowel	i			255.492	Hz	ok		SYN_GENERATOR_11042026	SYNTHETIC_TEACHING_FIXTURE
REQ_SYN_SEG_0085_f2	SYN_SEG_0085	SYN_SEG_SPK_03	SYN_SESSION_03	f2	initial	vowel	i			2024.693	Hz	ok		SYN_GENERATOR_11042026	SYNTHETIC_TEACHING_FIXTURE
REQ_SYN_SEG_0085_f3	SYN_SEG_0085	SYN_SEG_SPK_03	SYN_SESSION_03	f3	initial	vowel	i			2518.14	Hz	ok		SYN_GENERATOR_11042026	SYNTHETIC_TEACHING_FIXTURE
REQ_SYN_SEG_0086_vowel_duration	SYN_SEG_0086	SYN_SEG_SPK_03	SYN_SESSION_03	vowel_duration	medial	vowel	a	302	302.0994	99.4000000000028	ms	ok		SYN_GENERATOR_11042026	SYNTHETIC_TEACHING_FIXTURE
REQ_SYN_SEG_0086_f1	SYN_SEG_0086	SYN_SEG_SPK_03	SYN_SESSION_03	f1	medial	vowel	a			667.598	Hz	ok		SYN_GENERATOR_11042026	SYNTHETIC_TEACHING_FIXTURE
REQ_SYN_SEG_0086_f2	SYN_SEG_0086	SYN_SEG_SPK_03	SYN_SESSION_03	f2	medial	vowel	a			1084.858	Hz	ok		SYN_GENERATOR_11042026	SYNTHETIC_TEACHING_FIXTURE
REQ_SYN_SEG_0086_f3	SYN_SEG_0086	SYN_SEG_SPK_03	SYN_SESSION_03	f3	medial	vowel	a			2256.489	Hz	ok		SYN_GENERATOR_11042026	SYNTHETIC_TEACHING_FIXTURE
REQ_SYN_SEG_0087_vowel_duration	SYN_SEG_0087	SYN_SEG_SPK_03	SYN_SESSION_03	vowel_duration	final	vowel	u	303	303.163544	163.544000000002	ms	ok		SYN_GENERATOR_11042026	SYNTHETIC_TEACHING_FIXTURE
REQ_SYN_SEG_0087_f1	SYN_SEG_0087	SYN_SEG_SPK_03	SYN_SESSION_03	f1	final	vowel	u			257.556	Hz	ok		SYN_GENERATOR_11042026	SYNTHETIC_TEACHING_FIXTURE
REQ_SYN_SEG_0087_f2	SYN_SEG_0087	SYN_SEG_SPK_03	SYN_SESSION_03	f2	final	vowel	u			697.416	Hz	ok		SYN_GENERATOR_11042026	SYNTHETIC_TEACHING_FIXTURE
REQ_SYN_SEG_0087_f3	SYN_SEG_0087	SYN_SEG_SPK_03	SYN_SESSION_03	f3	final	vowel	u			2017.51	Hz	ok		SYN_GENERATOR_11042026	SYNTHETIC_TEACHING_FIXTURE
REQ_SYN_SEG_0088_vowel_duration	SYN_SEG_0088	SYN_SEG_SPK_03	SYN_SESSION_03	vowel_duration	initial	vowel	i	304	304.123164	123.163999999974	ms	ok		SYN_GENERATOR_11042026	SYNTHETIC_TEACHING_FIXTURE
REQ_SYN_SEG_0088_f1	SYN_SEG_0088	SYN_SEG_SPK_03	SYN_SESSION_03	f1	initial	vowel	i			261.327	Hz	ok		SYN_GENERATOR_11042026	SYNTHETIC_TEACHING_FIXTURE
REQ_SYN_SEG_0088_f2	SYN_SEG_0088	SYN_SEG_SPK_03	SYN_SESSION_03	f2	initial	vowel	i			2052.42	Hz	ok		SYN_GENERATOR_11042026	SYNTHETIC_TEACHING_FIXTURE
REQ_SYN_SEG_0088_f3	SYN_SEG_0088	SYN_SEG_SPK_03	SYN_SESSION_03	f3	initial	vowel	i			2580.774	Hz	ok		SYN_GENERATOR_11042026	SYNTHETIC_TEACHING_FIXTURE
REQ_SYN_SEG_0089_vowel_duration	SYN_SEG_0089	SYN_SEG_SPK_03	SYN_SESSION_03	vowel_duration	medial	vowel	a	305	305.165227	165.227000000016	ms	ok		SYN_GENERATOR_11042026	SYNTHETIC_TEACHING_FIXTURE
REQ_SYN_SEG_0089_f1	SYN_SEG_0089	SYN_SEG_SPK_03	SYN_SESSION_03	f1	medial	vowel	a			649.374	Hz	ok		SYN_GENERATOR_11042026	SYNTHETIC_TEACHING_FIXTURE
REQ_SYN_SEG_0089_f2	SYN_SEG_0089	SYN_SEG_SPK_03	SYN_SESSION_03	f2	medial	vowel	a			1081.045	Hz	ok		SYN_GENERATOR_11042026	SYNTHETIC_TEACHING_FIXTURE
REQ_SYN_SEG_0089_f3	SYN_SEG_0089	SYN_SEG_SPK_03	SYN_SESSION_03	f3	medial	vowel	a			2164.722	Hz	ok		SYN_GENERATOR_11042026	SYNTHETIC_TEACHING_FIXTURE
REQ_SYN_SEG_0090_vowel_duration	SYN_SEG_0090	SYN_SEG_SPK_03	SYN_SESSION_03	vowel_duration	final	vowel	u	306	306.11853	118.530000000021	ms	ok		SYN_GENERATOR_11042026	SYNTHETIC_TEACHING_FIXTURE
REQ_SYN_SEG_0090_f1	SYN_SEG_0090	SYN_SEG_SPK_03	SYN_SESSION_03	f1	final	vowel	u			287.926	Hz	ok		SYN_GENERATOR_11042026	SYNTHETIC_TEACHING_FIXTURE
REQ_SYN_SEG_0090_f2	SYN_SEG_0090	SYN_SEG_SPK_03	SYN_SESSION_03	f2	final	vowel	u			756.554	Hz	ok		SYN_GENERATOR_11042026	SYNTHETIC_TEACHING_FIXTURE
REQ_SYN_SEG_0090_f3	SYN_SEG_0090	SYN_SEG_SPK_03	SYN_SESSION_03	f3	final	vowel	u			1991.033	Hz	ok		SYN_GENERATOR_11042026	SYNTHETIC_TEACHING_FIXTURE
REQ_SYN_SEG_0091_vowel_duration	SYN_SEG_0091	SYN_SEG_SPK_03	SYN_SESSION_03	vowel_duration	initial	vowel	i	307	307.159585	159.584999999993	ms	ok		SYN_GENERATOR_11042026	SYNTHETIC_TEACHING_FIXTURE
REQ_SYN_SEG_0091_f1	SYN_SEG_0091	SYN_SEG_SPK_03	SYN_SESSION_03	f1	initial	vowel	i			262.824	Hz	ok		SYN_GENERATOR_11042026	SYNTHETIC_TEACHING_FIXTURE
REQ_SYN_SEG_0091_f2	SYN_SEG_0091	SYN_SEG_SPK_03	SYN_SESSION_03	f2	initial	vowel	i			2016.959	Hz	ok		SYN_GENERATOR_11042026	SYNTHETIC_TEACHING_FIXTURE
REQ_SYN_SEG_0091_f3	SYN_SEG_0091	SYN_SEG_SPK_03	SYN_SESSION_03	f3	initial	vowel	i			2671.105	Hz	ok		SYN_GENERATOR_11042026	SYNTHETIC_TEACHING_FIXTURE
REQ_SYN_SEG_0092_vowel_duration	SYN_SEG_0092	SYN_SEG_SPK_03	SYN_SESSION_03	vowel_duration	medial	vowel	a	308	308.154142	154.141999999979	ms	ok		SYN_GENERATOR_11042026	SYNTHETIC_TEACHING_FIXTURE
REQ_SYN_SEG_0092_f1	SYN_SEG_0092	SYN_SEG_SPK_03	SYN_SESSION_03	f1	medial	vowel	a			610.176	Hz	ok		SYN_GENERATOR_11042026	SYNTHETIC_TEACHING_FIXTURE
REQ_SYN_SEG_0092_f2	SYN_SEG_0092	SYN_SEG_SPK_03	SYN_SESSION_03	f2	medial	vowel	a			1090.541	Hz	ok		SYN_GENERATOR_11042026	SYNTHETIC_TEACHING_FIXTURE
REQ_SYN_SEG_0092_f3	SYN_SEG_0092	SYN_SEG_SPK_03	SYN_SESSION_03	f3	medial	vowel	a			2159.558	Hz	ok		SYN_GENERATOR_11042026	SYNTHETIC_TEACHING_FIXTURE
REQ_SYN_SEG_0093_vowel_duration	SYN_SEG_0093	SYN_SEG_SPK_03	SYN_SESSION_03	vowel_duration	final	vowel	u	309	309.138958	138.958000000002	ms	ok		SYN_GENERATOR_11042026	SYNTHETIC_TEACHING_FIXTURE
REQ_SYN_SEG_0093_f1	SYN_SEG_0093	SYN_SEG_SPK_03	SYN_SESSION_03	f1	final	vowel	u			310.305	Hz	ok		SYN_GENERATOR_11042026	SYNTHETIC_TEACHING_FIXTURE
REQ_SYN_SEG_0093_f2	SYN_SEG_0093	SYN_SEG_SPK_03	SYN_SESSION_03	f2	final	vowel	u			782.428	Hz	ok		SYN_GENERATOR_11042026	SYNTHETIC_TEACHING_FIXTURE
REQ_SYN_SEG_0093_f3	SYN_SEG_0093	SYN_SEG_SPK_03	SYN_SESSION_03	f3	final	vowel	u			1852.129	Hz	ok		SYN_GENERATOR_11042026	SYNTHETIC_TEACHING_FIXTURE
REQ_SYN_SEG_0094_vowel_duration	SYN_SEG_0094	SYN_SEG_SPK_03	SYN_SESSION_03	vowel_duration	initial	vowel	i	310	310.173628	173.628000000008	ms	ok		SYN_GENERATOR_11042026	SYNTHETIC_TEACHING_FIXTURE
REQ_SYN_SEG_0094_f1	SYN_SEG_0094	SYN_SEG_SPK_03	SYN_SESSION_03	f1	initial	vowel	i			304.005	Hz	ok		SYN_GENERATOR_11042026	SYNTHETIC_TEACHING_FIXTURE
REQ_SYN_SEG_0094_f2	SYN_SEG_0094	SYN_SEG_SPK_03	SYN_SESSION_03	f2	initial	vowel	i			2092.01	Hz	ok		SYN_GENERATOR_11042026	SYNTHETIC_TEACHING_FIXTURE
REQ_SYN_SEG_0094_f3	SYN_SEG_0094	SYN_SEG_SPK_03	SYN_SESSION_03	f3	initial	vowel	i			2713.216	Hz	ok		SYN_GENERATOR_11042026	SYNTHETIC_TEACHING_FIXTURE
REQ_SYN_SEG_0095_vowel_duration	SYN_SEG_0095	SYN_SEG_SPK_03	SYN_SESSION_03	vowel_duration	medial	vowel	a	311	311.161955	161.954999999978	ms	ok		SYN_GENERATOR_11042026	SYNTHETIC_TEACHING_FIXTURE
REQ_SYN_SEG_0095_f1	SYN_SEG_0095	SYN_SEG_SPK_03	SYN_SESSION_03	f1	medial	vowel	a			673.83	Hz	ok		SYN_GENERATOR_11042026	SYNTHETIC_TEACHING_FIXTURE
REQ_SYN_SEG_0095_f2	SYN_SEG_0095	SYN_SEG_SPK_03	SYN_SESSION_03	f2	medial	vowel	a			951.89	Hz	ok		SYN_GENERATOR_11042026	SYNTHETIC_TEACHING_FIXTURE
REQ_SYN_SEG_0095_f3	SYN_SEG_0095	SYN_SEG_SPK_03	SYN_SESSION_03	f3	medial	vowel	a			2082.466	Hz	ok		SYN_GENERATOR_11042026	SYNTHETIC_TEACHING_FIXTURE
REQ_SYN_SEG_0096_vowel_duration	SYN_SEG_0096	SYN_SEG_SPK_03	SYN_SESSION_03	vowel_duration	final	vowel	u	312	312.176549	176.549000000023	ms	ok		SYN_GENERATOR_11042026	SYNTHETIC_TEACHING_FIXTURE
REQ_SYN_SEG_0096_f1	SYN_SEG_0096	SYN_SEG_SPK_03	SYN_SESSION_03	f1	final	vowel	u			344.156	Hz	ok		SYN_GENERATOR_11042026	SYNTHETIC_TEACHING_FIXTURE
REQ_SYN_SEG_0096_f2	SYN_SEG_0096	SYN_SEG_SPK_03	SYN_SESSION_03	f2	final	vowel	u			730.282	Hz	ok		SYN_GENERATOR_11042026	SYNTHETIC_TEACHING_FIXTURE
REQ_SYN_SEG_0096_f3	SYN_SEG_0096	SYN_SEG_SPK_03	SYN_SESSION_03	f3	final	vowel	u			1902.476	Hz	ok		SYN_GENERATOR_11042026	SYNTHETIC_TEACHING_FIXTURE
REQ_SYN_SEG_0097_fricative_duration	SYN_SEG_0097	SYN_SEG_SPK_03	SYN_SESSION_03	fricative_duration	initial	fricative		301	301.123895	123.895000000005	ms	ok		SYN_GENERATOR_11042026	SYNTHETIC_TEACHING_FIXTURE
REQ_SYN_SEG_0097_fricative_cog	SYN_SEG_0097	SYN_SEG_SPK_03	SYN_SESSION_03	fricative_cog	initial	fricative				4894.221	Hz	ok		SYN_GENERATOR_11042026	SYNTHETIC_TEACHING_FIXTURE
REQ_SYN_SEG_0098_fricative_duration	SYN_SEG_0098	SYN_SEG_SPK_03	SYN_SESSION_03	fricative_duration	medial	fricative		302	302.138825	138.824999999997	ms	ok		SYN_GENERATOR_11042026	SYNTHETIC_TEACHING_FIXTURE
REQ_SYN_SEG_0098_fricative_cog	SYN_SEG_0098	SYN_SEG_SPK_03	SYN_SESSION_03	fricative_cog	medial	fricative				3916.824	Hz	ok		SYN_GENERATOR_11042026	SYNTHETIC_TEACHING_FIXTURE
REQ_SYN_SEG_0099_fricative_duration	SYN_SEG_0099	SYN_SEG_SPK_03	SYN_SESSION_03	fricative_duration	final	fricative		303	303.130188	130.187999999976	ms	ok		SYN_GENERATOR_11042026	SYNTHETIC_TEACHING_FIXTURE
REQ_SYN_SEG_0099_fricative_cog	SYN_SEG_0099	SYN_SEG_SPK_03	SYN_SESSION_03	fricative_cog	final	fricative				4439.532	Hz	ok		SYN_GENERATOR_11042026	SYNTHETIC_TEACHING_FIXTURE
REQ_SYN_SEG_0100_fricative_duration	SYN_SEG_0100	SYN_SEG_SPK_03	SYN_SESSION_03	fricative_duration	initial	fricative		304	304.134111	134.111000000019	ms	ok		SYN_GENERATOR_11042026	SYNTHETIC_TEACHING_FIXTURE
REQ_SYN_SEG_0100_fricative_cog	SYN_SEG_0100	SYN_SEG_SPK_03	SYN_SESSION_03	fricative_cog	initial	fricative				5899.437	Hz	ok		SYN_GENERATOR_11042026	SYNTHETIC_TEACHING_FIXTURE
REQ_SYN_SEG_0101_fricative_duration	SYN_SEG_0101	SYN_SEG_SPK_03	SYN_SESSION_03	fricative_duration	medial	fricative		305	305.135372	135.372000000018	ms	ok		SYN_GENERATOR_11042026	SYNTHETIC_TEACHING_FIXTURE
REQ_SYN_SEG_0101_fricative_cog	SYN_SEG_0101	SYN_SEG_SPK_03	SYN_SESSION_03	fricative_cog	medial	fricative				4468.27	Hz	ok		SYN_GENERATOR_11042026	SYNTHETIC_TEACHING_FIXTURE
REQ_SYN_SEG_0102_fricative_duration	SYN_SEG_0102	SYN_SEG_SPK_03	SYN_SESSION_03	fricative_duration	final	fricative		306	306.10719	107.190000000003	ms	ok		SYN_GENERATOR_11042026	SYNTHETIC_TEACHING_FIXTURE
REQ_SYN_SEG_0102_fricative_cog	SYN_SEG_0102	SYN_SEG_SPK_03	SYN_SESSION_03	fricative_cog	final	fricative				4554.263	Hz	ok		SYN_GENERATOR_11042026	SYNTHETIC_TEACHING_FIXTURE
REQ_SYN_SEG_0103_fricative_duration	SYN_SEG_0103	SYN_SEG_SPK_03	SYN_SESSION_03	fricative_duration	initial	fricative		307	307.145174	145.173999999997	ms	ok		SYN_GENERATOR_11042026	SYNTHETIC_TEACHING_FIXTURE
REQ_SYN_SEG_0103_fricative_cog	SYN_SEG_0103	SYN_SEG_SPK_03	SYN_SESSION_03	fricative_cog	initial	fricative				5390.05	Hz	ok		SYN_GENERATOR_11042026	SYNTHETIC_TEACHING_FIXTURE
REQ_SYN_SEG_0104_fricative_duration	SYN_SEG_0104	SYN_SEG_SPK_03	SYN_SESSION_03	fricative_duration	medial	fricative		308	308.129456	129.456000000005	ms	ok		SYN_GENERATOR_11042026	SYNTHETIC_TEACHING_FIXTURE
REQ_SYN_SEG_0104_fricative_cog	SYN_SEG_0104	SYN_SEG_SPK_03	SYN_SESSION_03	fricative_cog	medial	fricative				4369.434	Hz	ok		SYN_GENERATOR_11042026	SYNTHETIC_TEACHING_FIXTURE
REQ_SYN_SEG_0105_fricative_duration	SYN_SEG_0105	SYN_SEG_SPK_03	SYN_SESSION_03	fricative_duration	final	fricative		309	309.13529	135.289999999998	ms	ok		SYN_GENERATOR_11042026	SYNTHETIC_TEACHING_FIXTURE
REQ_SYN_SEG_0105_fricative_cog	SYN_SEG_0105	SYN_SEG_SPK_03	SYN_SESSION_03	fricative_cog	final	fricative				3992.622	Hz	ok		SYN_GENERATOR_11042026	SYNTHETIC_TEACHING_FIXTURE
REQ_SYN_SEG_0106_fricative_duration	SYN_SEG_0106	SYN_SEG_SPK_03	SYN_SESSION_03	fricative_duration	initial	fricative		310	310.126666	126.666	ms	ok		SYN_GENERATOR_11042026	SYNTHETIC_TEACHING_FIXTURE
REQ_SYN_SEG_0106_fricative_cog	SYN_SEG_0106	SYN_SEG_SPK_03	SYN_SESSION_03	fricative_cog	initial	fricative				5515.535	Hz	ok		SYN_GENERATOR_11042026	SYNTHETIC_TEACHING_FIXTURE
REQ_SYN_SEG_0107_fricative_duration	SYN_SEG_0107	SYN_SEG_SPK_03	SYN_SESSION_03	fricative_duration	medial	fricative		311	311.121458	121.458000000018	ms	ok		SYN_GENERATOR_11042026	SYNTHETIC_TEACHING_FIXTURE
REQ_SYN_SEG_0107_fricative_cog	SYN_SEG_0107	SYN_SEG_SPK_03	SYN_SESSION_03	fricative_cog	medial	fricative				4217.881	Hz	ok		SYN_GENERATOR_11042026	SYNTHETIC_TEACHING_FIXTURE
REQ_SYN_SEG_0108_fricative_duration	SYN_SEG_0108	SYN_SEG_SPK_03	SYN_SESSION_03	fricative_duration	final	fricative		312	312.114298	114.298000000019	ms	ok		SYN_GENERATOR_11042026	SYNTHETIC_TEACHING_FIXTURE
REQ_SYN_SEG_0108_fricative_cog	SYN_SEG_0108	SYN_SEG_SPK_03	SYN_SESSION_03	fricative_cog	final	fricative				4245.683	Hz	ok		SYN_GENERATOR_11042026	SYNTHETIC_TEACHING_FIXTURE
REQ_SYN_SEG_0109_vot	SYN_SEG_0109	SYN_SEG_SPK_04	SYN_SESSION_04	vot	initial	stop		401.05332	401.086152	32.8320000000417	ms	ok		SYN_GENERATOR_11042026	SYNTHETIC_TEACHING_FIXTURE
REQ_SYN_SEG_0109_closure_duration	SYN_SEG_0109	SYN_SEG_SPK_04	SYN_SESSION_04	closure_duration	initial	stop		401	401.05332	53.3199999999852	ms	ok		SYN_GENERATOR_11042026	SYNTHETIC_TEACHING_FIXTURE
REQ_SYN_SEG_0109_vowel_onset_f0	SYN_SEG_0109	SYN_SEG_SPK_04	SYN_SESSION_04	vowel_onset_f0	initial	stop				113.843	Hz	ok		SYN_GENERATOR_11042026	SYNTHETIC_TEACHING_FIXTURE
REQ_SYN_SEG_0110_vot	SYN_SEG_0110	SYN_SEG_SPK_04	SYN_SESSION_04	vot	medial	stop		402.082214	402.094683	12.4689999999532	ms	ok		SYN_GENERATOR_11042026	SYNTHETIC_TEACHING_FIXTURE
REQ_SYN_SEG_0110_closure_duration	SYN_SEG_0110	SYN_SEG_SPK_04	SYN_SESSION_04	closure_duration	medial	stop		402	402.082214	82.2140000000218	ms	ok		SYN_GENERATOR_11042026	SYNTHETIC_TEACHING_FIXTURE
REQ_SYN_SEG_0110_vowel_onset_f0	SYN_SEG_0110	SYN_SEG_SPK_04	SYN_SESSION_04	vowel_onset_f0	medial	stop				108.011	Hz	ok		SYN_GENERATOR_11042026	SYNTHETIC_TEACHING_FIXTURE
REQ_SYN_SEG_0111_vot	SYN_SEG_0111	SYN_SEG_SPK_04	SYN_SESSION_04	vot	final	stop		403.065012	403.066562	1.54999999995198	ms	ok		SYN_GENERATOR_11042026	SYNTHETIC_TEACHING_FIXTURE
REQ_SYN_SEG_0111_closure_duration	SYN_SEG_0111	SYN_SEG_SPK_04	SYN_SESSION_04	closure_duration	final	stop		403	403.065012	65.0120000000243	ms	ok		SYN_GENERATOR_11042026	SYNTHETIC_TEACHING_FIXTURE
REQ_SYN_SEG_0111_vowel_onset_f0	SYN_SEG_0111	SYN_SEG_SPK_04	SYN_SESSION_04	vowel_onset_f0	final	stop				118.355	Hz	ok		SYN_GENERATOR_11042026	SYNTHETIC_TEACHING_FIXTURE
REQ_SYN_SEG_0112_vot	SYN_SEG_0112	SYN_SEG_SPK_04	SYN_SESSION_04	vot	initial	stop		404.08862	404.074891	-13.7290000000121	ms	ok		SYN_GENERATOR_11042026	SYNTHETIC_TEACHING_FIXTURE
REQ_SYN_SEG_0112_closure_duration	SYN_SEG_0112	SYN_SEG_SPK_04	SYN_SESSION_04	closure_duration	initial	stop		404	404.08862	88.6199999999917	ms	ok		SYN_GENERATOR_11042026	SYNTHETIC_TEACHING_FIXTURE
REQ_SYN_SEG_0112_vowel_onset_f0	SYN_SEG_0112	SYN_SEG_SPK_04	SYN_SESSION_04	vowel_onset_f0	initial	stop				106.511	Hz	ok		SYN_GENERATOR_11042026	SYNTHETIC_TEACHING_FIXTURE
REQ_SYN_SEG_0113_vot	SYN_SEG_0113	SYN_SEG_SPK_04	SYN_SESSION_04	vot	medial	stop		405.08488	405.150519	65.638999999976	ms	ok		SYN_GENERATOR_11042026	SYNTHETIC_TEACHING_FIXTURE
REQ_SYN_SEG_0113_closure_duration	SYN_SEG_0113	SYN_SEG_SPK_04	SYN_SESSION_04	closure_duration	medial	stop		405	405.08488	84.8799999999983	ms	ok		SYN_GENERATOR_11042026	SYNTHETIC_TEACHING_FIXTURE
REQ_SYN_SEG_0113_vowel_onset_f0	SYN_SEG_0113	SYN_SEG_SPK_04	SYN_SESSION_04	vowel_onset_f0	medial	stop				140.303	Hz	ok		SYN_GENERATOR_11042026	SYNTHETIC_TEACHING_FIXTURE
REQ_SYN_SEG_0114_vot	SYN_SEG_0114	SYN_SEG_SPK_04	SYN_SESSION_04	vot	final	stop		406.082096	406.073909	-8.18699999996397	ms	ok		SYN_GENERATOR_11042026	SYNTHETIC_TEACHING_FIXTURE
REQ_SYN_SEG_0114_closure_duration	SYN_SEG_0114	SYN_SEG_SPK_04	SYN_SESSION_04	closure_duration	final	stop		406	406.082096	82.0959999999786	ms	ok		SYN_GENERATOR_11042026	SYNTHETIC_TEACHING_FIXTURE
REQ_SYN_SEG_0114_vowel_onset_f0	SYN_SEG_0114	SYN_SEG_SPK_04	SYN_SESSION_04	vowel_onset_f0	final	stop				112.135	Hz	ok		SYN_GENERATOR_11042026	SYNTHETIC_TEACHING_FIXTURE
REQ_SYN_SEG_0115_vot	SYN_SEG_0115	SYN_SEG_SPK_04	SYN_SESSION_04	vot	initial	stop		407.100111	407.184791	84.6799999999917	ms	ok		SYN_GENERATOR_11042026	SYNTHETIC_TEACHING_FIXTURE
REQ_SYN_SEG_0115_closure_duration	SYN_SEG_0115	SYN_SEG_SPK_04	SYN_SESSION_04	closure_duration	initial	stop		407	407.100111	100.111000000027	ms	ok		SYN_GENERATOR_11042026	SYNTHETIC_TEACHING_FIXTURE
REQ_SYN_SEG_0115_vowel_onset_f0	SYN_SEG_0115	SYN_SEG_SPK_04	SYN_SESSION_04	vowel_onset_f0	initial	stop				118.599	Hz	ok		SYN_GENERATOR_11042026	SYNTHETIC_TEACHING_FIXTURE
REQ_SYN_SEG_0116_vot	SYN_SEG_0116	SYN_SEG_SPK_04	SYN_SESSION_04	vot	medial	stop		408.045246	408.03348	-11.7660000000228	ms	ok		SYN_GENERATOR_11042026	SYNTHETIC_TEACHING_FIXTURE
REQ_SYN_SEG_0116_closure_duration	SYN_SEG_0116	SYN_SEG_SPK_04	SYN_SESSION_04	closure_duration	medial	stop		408	408.045246	45.2460000000201	ms	ok		SYN_GENERATOR_11042026	SYNTHETIC_TEACHING_FIXTURE
REQ_SYN_SEG_0116_vowel_onset_f0	SYN_SEG_0116	SYN_SEG_SPK_04	SYN_SESSION_04	vowel_onset_f0	medial	stop				111.023	Hz	ok		SYN_GENERATOR_11042026	SYNTHETIC_TEACHING_FIXTURE
REQ_SYN_SEG_0117_vot	SYN_SEG_0117	SYN_SEG_SPK_04	SYN_SESSION_04	vot	final	stop		409.055735	409.094488	38.7529999999856	ms	ok		SYN_GENERATOR_11042026	SYNTHETIC_TEACHING_FIXTURE
REQ_SYN_SEG_0117_closure_duration	SYN_SEG_0117	SYN_SEG_SPK_04	SYN_SESSION_04	closure_duration	final	stop		409	409.055735	55.735000000027	ms	ok		SYN_GENERATOR_11042026	SYNTHETIC_TEACHING_FIXTURE
REQ_SYN_SEG_0117_vowel_onset_f0	SYN_SEG_0117	SYN_SEG_SPK_04	SYN_SESSION_04	vowel_onset_f0	final	stop				121.575	Hz	ok		SYN_GENERATOR_11042026	SYNTHETIC_TEACHING_FIXTURE
REQ_SYN_SEG_0118_vot	SYN_SEG_0118	SYN_SEG_SPK_04	SYN_SESSION_04	vot	initial	stop		410.098518	410.104409	5.89099999996279	ms	ok		SYN_GENERATOR_11042026	SYNTHETIC_TEACHING_FIXTURE
REQ_SYN_SEG_0118_closure_duration	SYN_SEG_0118	SYN_SEG_SPK_04	SYN_SESSION_04	closure_duration	initial	stop		410	410.098518	98.5180000000128	ms	ok		SYN_GENERATOR_11042026	SYNTHETIC_TEACHING_FIXTURE
REQ_SYN_SEG_0118_vowel_onset_f0	SYN_SEG_0118	SYN_SEG_SPK_04	SYN_SESSION_04	vowel_onset_f0	initial	stop				106.59	Hz	ok		SYN_GENERATOR_11042026	SYNTHETIC_TEACHING_FIXTURE
REQ_SYN_SEG_0119_vot	SYN_SEG_0119	SYN_SEG_SPK_04	SYN_SESSION_04	vot	medial	stop		411.09576	411.110601	14.8409999999899	ms	ok		SYN_GENERATOR_11042026	SYNTHETIC_TEACHING_FIXTURE
REQ_SYN_SEG_0119_closure_duration	SYN_SEG_0119	SYN_SEG_SPK_04	SYN_SESSION_04	closure_duration	medial	stop		411	411.09576	95.7599999999843	ms	ok		SYN_GENERATOR_11042026	SYNTHETIC_TEACHING_FIXTURE
REQ_SYN_SEG_0119_vowel_onset_f0	SYN_SEG_0119	SYN_SEG_SPK_04	SYN_SESSION_04	vowel_onset_f0	medial	stop				104.186	Hz	ok		SYN_GENERATOR_11042026	SYNTHETIC_TEACHING_FIXTURE
REQ_SYN_SEG_0120_vot	SYN_SEG_0120	SYN_SEG_SPK_04	SYN_SESSION_04	vot	final	stop		412.106922	412.125251	18.3289999999943	ms	ok		SYN_GENERATOR_11042026	SYNTHETIC_TEACHING_FIXTURE
REQ_SYN_SEG_0120_closure_duration	SYN_SEG_0120	SYN_SEG_SPK_04	SYN_SESSION_04	closure_duration	final	stop		412	412.106922	106.921999999997	ms	ok		SYN_GENERATOR_11042026	SYNTHETIC_TEACHING_FIXTURE
REQ_SYN_SEG_0120_vowel_onset_f0	SYN_SEG_0120	SYN_SEG_SPK_04	SYN_SESSION_04	vowel_onset_f0	final	stop				108.91	Hz	ok		SYN_GENERATOR_11042026	SYNTHETIC_TEACHING_FIXTURE
REQ_SYN_SEG_0121_vowel_duration	SYN_SEG_0121	SYN_SEG_SPK_04	SYN_SESSION_04	vowel_duration	initial	vowel	i	401	401.216496	216.496000000006	ms	ok		SYN_GENERATOR_11042026	SYNTHETIC_TEACHING_FIXTURE
REQ_SYN_SEG_0121_f1	SYN_SEG_0121	SYN_SEG_SPK_04	SYN_SESSION_04	f1	initial	vowel	i			318.644	Hz	ok		SYN_GENERATOR_11042026	SYNTHETIC_TEACHING_FIXTURE
REQ_SYN_SEG_0121_f2	SYN_SEG_0121	SYN_SEG_SPK_04	SYN_SESSION_04	f2	initial	vowel	i			2580.575	Hz	ok		SYN_GENERATOR_11042026	SYNTHETIC_TEACHING_FIXTURE
REQ_SYN_SEG_0121_f3	SYN_SEG_0121	SYN_SEG_SPK_04	SYN_SESSION_04	f3	initial	vowel	i			3417.166	Hz	ok		SYN_GENERATOR_11042026	SYNTHETIC_TEACHING_FIXTURE
REQ_SYN_SEG_0122_vowel_duration	SYN_SEG_0122	SYN_SEG_SPK_04	SYN_SESSION_04	vowel_duration	medial	vowel	a	402	402.200866	200.866000000019	ms	ok		SYN_GENERATOR_11042026	SYNTHETIC_TEACHING_FIXTURE
REQ_SYN_SEG_0122_f1	SYN_SEG_0122	SYN_SEG_SPK_04	SYN_SESSION_04	f1	medial	vowel	a			812.302	Hz	ok		SYN_GENERATOR_11042026	SYNTHETIC_TEACHING_FIXTURE
REQ_SYN_SEG_0122_f2	SYN_SEG_0122	SYN_SEG_SPK_04	SYN_SESSION_04	f2	medial	vowel	a			1394.227	Hz	ok		SYN_GENERATOR_11042026	SYNTHETIC_TEACHING_FIXTURE
REQ_SYN_SEG_0122_f3	SYN_SEG_0122	SYN_SEG_SPK_04	SYN_SESSION_04	f3	medial	vowel	a			2791.81	Hz	ok		SYN_GENERATOR_11042026	SYNTHETIC_TEACHING_FIXTURE
REQ_SYN_SEG_0123_vowel_duration	SYN_SEG_0123	SYN_SEG_SPK_04	SYN_SESSION_04	vowel_duration	final	vowel	a	403	403.217218	217.218000000003	ms	ok		SYN_GENERATOR_11042026	SYNTHETIC_TEACHING_FIXTURE
REQ_SYN_SEG_0123_f1	SYN_SEG_0123	SYN_SEG_SPK_04	SYN_SESSION_04	f1	final	vowel	a			837.248	Hz	ok		SYN_GENERATOR_11042026	SYNTHETIC_TEACHING_FIXTURE
REQ_SYN_SEG_0123_f2	SYN_SEG_0123	SYN_SEG_SPK_04	SYN_SESSION_04	f2	final	vowel	a			1306.021	Hz	ok		SYN_GENERATOR_11042026	SYNTHETIC_TEACHING_FIXTURE
REQ_SYN_SEG_0123_f3	SYN_SEG_0123	SYN_SEG_SPK_04	SYN_SESSION_04	f3	final	vowel	a			2937.278	Hz	ok		SYN_GENERATOR_11042026	SYNTHETIC_TEACHING_FIXTURE
REQ_SYN_SEG_0124_vowel_duration	SYN_SEG_0124	SYN_SEG_SPK_04	SYN_SESSION_04	vowel_duration	initial	vowel	i	404	404.137302	137.301999999977	ms	ok		SYN_GENERATOR_11042026	SYNTHETIC_TEACHING_FIXTURE
REQ_SYN_SEG_0124_f1	SYN_SEG_0124	SYN_SEG_SPK_04	SYN_SESSION_04	f1	initial	vowel	i			327.97	Hz	ok		SYN_GENERATOR_11042026	SYNTHETIC_TEACHING_FIXTURE
REQ_SYN_SEG_0124_f2	SYN_SEG_0124	SYN_SEG_SPK_04	SYN_SESSION_04	f2	initial	vowel	i			2614.389	Hz	ok		SYN_GENERATOR_11042026	SYNTHETIC_TEACHING_FIXTURE
REQ_SYN_SEG_0124_f3	SYN_SEG_0124	SYN_SEG_SPK_04	SYN_SESSION_04	f3	initial	vowel	i			3401.65	Hz	ok		SYN_GENERATOR_11042026	SYNTHETIC_TEACHING_FIXTURE
REQ_SYN_SEG_0125_vowel_duration	SYN_SEG_0125	SYN_SEG_SPK_04	SYN_SESSION_04	vowel_duration	medial	vowel	a	405	405.106561	106.560999999999	ms	ok		SYN_GENERATOR_11042026	SYNTHETIC_TEACHING_FIXTURE
REQ_SYN_SEG_0125_f1	SYN_SEG_0125	SYN_SEG_SPK_04	SYN_SESSION_04	f1	medial	vowel	a			864.082	Hz	ok		SYN_GENERATOR_11042026	SYNTHETIC_TEACHING_FIXTURE
REQ_SYN_SEG_0125_f2	SYN_SEG_0125	SYN_SEG_SPK_04	SYN_SESSION_04	f2	medial	vowel	a			1371.887	Hz	ok		SYN_GENERATOR_11042026	SYNTHETIC_TEACHING_FIXTURE
REQ_SYN_SEG_0125_f3	SYN_SEG_0125	SYN_SEG_SPK_04	SYN_SESSION_04	f3	medial	vowel	a			2797.099	Hz	ok		SYN_GENERATOR_11042026	SYNTHETIC_TEACHING_FIXTURE
REQ_SYN_SEG_0126_vowel_duration	SYN_SEG_0126	SYN_SEG_SPK_04	SYN_SESSION_04	vowel_duration	final	vowel	a	406	406.141396	141.395999999986	ms	ok		SYN_GENERATOR_11042026	SYNTHETIC_TEACHING_FIXTURE
REQ_SYN_SEG_0126_f1	SYN_SEG_0126	SYN_SEG_SPK_04	SYN_SESSION_04	f1	final	vowel	a			836.965	Hz	ok		SYN_GENERATOR_11042026	SYNTHETIC_TEACHING_FIXTURE
REQ_SYN_SEG_0126_f2	SYN_SEG_0126	SYN_SEG_SPK_04	SYN_SESSION_04	f2	final	vowel	a			1342.337	Hz	ok		SYN_GENERATOR_11042026	SYNTHETIC_TEACHING_FIXTURE
REQ_SYN_SEG_0126_f3	SYN_SEG_0126	SYN_SEG_SPK_04	SYN_SESSION_04	f3	final	vowel	a			2716.982	Hz	ok		SYN_GENERATOR_11042026	SYNTHETIC_TEACHING_FIXTURE
REQ_SYN_SEG_0127_vowel_duration	SYN_SEG_0127	SYN_SEG_SPK_04	SYN_SESSION_04	vowel_duration	initial	vowel	i	407	407.213166	213.166000000001	ms	ok		SYN_GENERATOR_11042026	SYNTHETIC_TEACHING_FIXTURE
REQ_SYN_SEG_0127_f1	SYN_SEG_0127	SYN_SEG_SPK_04	SYN_SESSION_04	f1	initial	vowel	i			316.547	Hz	ok		SYN_GENERATOR_11042026	SYNTHETIC_TEACHING_FIXTURE
REQ_SYN_SEG_0127_f2	SYN_SEG_0127	SYN_SEG_SPK_04	SYN_SESSION_04	f2	initial	vowel	i			2608.082	Hz	ok		SYN_GENERATOR_11042026	SYNTHETIC_TEACHING_FIXTURE
REQ_SYN_SEG_0127_f3	SYN_SEG_0127	SYN_SEG_SPK_04	SYN_SESSION_04	f3	initial	vowel	i			3370.864	Hz	ok		SYN_GENERATOR_11042026	SYNTHETIC_TEACHING_FIXTURE
REQ_SYN_SEG_0128_vowel_duration	SYN_SEG_0128	SYN_SEG_SPK_04	SYN_SESSION_04	vowel_duration	medial	vowel	a	408	408.143807	143.806999999981	ms	ok		SYN_GENERATOR_11042026	SYNTHETIC_TEACHING_FIXTURE
REQ_SYN_SEG_0128_f1	SYN_SEG_0128	SYN_SEG_SPK_04	SYN_SESSION_04	f1	medial	vowel	a			824.9	Hz	ok		SYN_GENERATOR_11042026	SYNTHETIC_TEACHING_FIXTURE
REQ_SYN_SEG_0128_f2	SYN_SEG_0128	SYN_SEG_SPK_04	SYN_SESSION_04	f2	medial	vowel	a			1382.516	Hz	ok		SYN_GENERATOR_11042026	SYNTHETIC_TEACHING_FIXTURE
REQ_SYN_SEG_0128_f3	SYN_SEG_0128	SYN_SEG_SPK_04	SYN_SESSION_04	f3	medial	vowel	a			2742.332	Hz	ok		SYN_GENERATOR_11042026	SYNTHETIC_TEACHING_FIXTURE
REQ_SYN_SEG_0129_vowel_duration	SYN_SEG_0129	SYN_SEG_SPK_04	SYN_SESSION_04	vowel_duration	final	vowel	a	409	409.155974	155.974000000015	ms	ok		SYN_GENERATOR_11042026	SYNTHETIC_TEACHING_FIXTURE
REQ_SYN_SEG_0129_f1	SYN_SEG_0129	SYN_SEG_SPK_04	SYN_SESSION_04	f1	final	vowel	a			842.666	Hz	ok		SYN_GENERATOR_11042026	SYNTHETIC_TEACHING_FIXTURE
REQ_SYN_SEG_0129_f2	SYN_SEG_0129	SYN_SEG_SPK_04	SYN_SESSION_04	f2	final	vowel	a			1405.592	Hz	ok		SYN_GENERATOR_11042026	SYNTHETIC_TEACHING_FIXTURE
REQ_SYN_SEG_0129_f3	SYN_SEG_0129	SYN_SEG_SPK_04	SYN_SESSION_04	f3	final	vowel	a			2775.681	Hz	ok		SYN_GENERATOR_11042026	SYNTHETIC_TEACHING_FIXTURE
REQ_SYN_SEG_0130_vowel_duration	SYN_SEG_0130	SYN_SEG_SPK_04	SYN_SESSION_04	vowel_duration	initial	vowel	i	410	410.101497	101.496999999995	ms	ok		SYN_GENERATOR_11042026	SYNTHETIC_TEACHING_FIXTURE
REQ_SYN_SEG_0130_f1	SYN_SEG_0130	SYN_SEG_SPK_04	SYN_SESSION_04	f1	initial	vowel	i			353.143	Hz	ok		SYN_GENERATOR_11042026	SYNTHETIC_TEACHING_FIXTURE
REQ_SYN_SEG_0130_f2	SYN_SEG_0130	SYN_SEG_SPK_04	SYN_SESSION_04	f2	initial	vowel	i			2566.918	Hz	ok		SYN_GENERATOR_11042026	SYNTHETIC_TEACHING_FIXTURE
REQ_SYN_SEG_0130_f3	SYN_SEG_0130	SYN_SEG_SPK_04	SYN_SESSION_04	f3	initial	vowel	i			3374.64	Hz	ok		SYN_GENERATOR_11042026	SYNTHETIC_TEACHING_FIXTURE
REQ_SYN_SEG_0131_vowel_duration	SYN_SEG_0131	SYN_SEG_SPK_04	SYN_SESSION_04	vowel_duration	medial	vowel	a	411	411.210107	210.106999999994	ms	ok		SYN_GENERATOR_11042026	SYNTHETIC_TEACHING_FIXTURE
REQ_SYN_SEG_0131_f1	SYN_SEG_0131	SYN_SEG_SPK_04	SYN_SESSION_04	f1	medial	vowel	a			849.669	Hz	ok		SYN_GENERATOR_11042026	SYNTHETIC_TEACHING_FIXTURE
REQ_SYN_SEG_0131_f2	SYN_SEG_0131	SYN_SEG_SPK_04	SYN_SESSION_04	f2	medial	vowel	a			1340.777	Hz	ok		SYN_GENERATOR_11042026	SYNTHETIC_TEACHING_FIXTURE
REQ_SYN_SEG_0131_f3	SYN_SEG_0131	SYN_SEG_SPK_04	SYN_SESSION_04	f3	medial	vowel	a			2786.456	Hz	ok		SYN_GENERATOR_11042026	SYNTHETIC_TEACHING_FIXTURE
REQ_SYN_SEG_0132_vowel_duration	SYN_SEG_0132	SYN_SEG_SPK_04	SYN_SESSION_04	vowel_duration	final	vowel	a	412	412.219125	219.12500000002	ms	ok		SYN_GENERATOR_11042026	SYNTHETIC_TEACHING_FIXTURE
REQ_SYN_SEG_0132_f1	SYN_SEG_0132	SYN_SEG_SPK_04	SYN_SESSION_04	f1	final	vowel	a			820.617	Hz	ok		SYN_GENERATOR_11042026	SYNTHETIC_TEACHING_FIXTURE
REQ_SYN_SEG_0132_f2	SYN_SEG_0132	SYN_SEG_SPK_04	SYN_SESSION_04	f2	final	vowel	a			1357.515	Hz	ok		SYN_GENERATOR_11042026	SYNTHETIC_TEACHING_FIXTURE
REQ_SYN_SEG_0132_f3	SYN_SEG_0132	SYN_SEG_SPK_04	SYN_SESSION_04	f3	final	vowel	a			2778.464	Hz	ok		SYN_GENERATOR_11042026	SYNTHETIC_TEACHING_FIXTURE
REQ_SYN_SEG_0133_fricative_duration	SYN_SEG_0133	SYN_SEG_SPK_04	SYN_SESSION_04	fricative_duration	initial	fricative		401	401.131926	131.926000000021	ms	ok		SYN_GENERATOR_11042026	SYNTHETIC_TEACHING_FIXTURE
REQ_SYN_SEG_0133_fricative_cog	SYN_SEG_0133	SYN_SEG_SPK_04	SYN_SESSION_04	fricative_cog	initial	fricative				6716.463	Hz	ok		SYN_GENERATOR_11042026	SYNTHETIC_TEACHING_FIXTURE
REQ_SYN_SEG_0134_fricative_duration	SYN_SEG_0134	SYN_SEG_SPK_04	SYN_SESSION_04	fricative_duration	medial	fricative		402	402.169045	169.044999999983	ms	ok		SYN_GENERATOR_11042026	SYNTHETIC_TEACHING_FIXTURE
REQ_SYN_SEG_0134_fricative_cog	SYN_SEG_0134	SYN_SEG_SPK_04	SYN_SESSION_04	fricative_cog	medial	fricative				5597.575	Hz	ok		SYN_GENERATOR_11042026	SYNTHETIC_TEACHING_FIXTURE
REQ_SYN_SEG_0135_fricative_duration	SYN_SEG_0135	SYN_SEG_SPK_04	SYN_SESSION_04	fricative_duration	final	fricative		403	403.078026	78.0260000000226	ms	ok		SYN_GENERATOR_11042026	SYNTHETIC_TEACHING_FIXTURE
REQ_SYN_SEG_0135_fricative_cog	SYN_SEG_0135	SYN_SEG_SPK_04	SYN_SESSION_04	fricative_cog	final	fricative				5248.123	Hz	ok		SYN_GENERATOR_11042026	SYNTHETIC_TEACHING_FIXTURE
REQ_SYN_SEG_0136_fricative_duration	SYN_SEG_0136	SYN_SEG_SPK_04	SYN_SESSION_04	fricative_duration	initial	fricative		404	404.091322	91.321999999991	ms	ok		SYN_GENERATOR_11042026	SYNTHETIC_TEACHING_FIXTURE
REQ_SYN_SEG_0136_fricative_cog	SYN_SEG_0136	SYN_SEG_SPK_04	SYN_SESSION_04	fricative_cog	initial	fricative				6935.954	Hz	ok		SYN_GENERATOR_11042026	SYNTHETIC_TEACHING_FIXTURE
REQ_SYN_SEG_0137_fricative_duration	SYN_SEG_0137	SYN_SEG_SPK_04	SYN_SESSION_04	fricative_duration	medial	fricative		405	405.074705	74.7049999999945	ms	ok		SYN_GENERATOR_11042026	SYNTHETIC_TEACHING_FIXTURE
REQ_SYN_SEG_0137_fricative_cog	SYN_SEG_0137	SYN_SEG_SPK_04	SYN_SESSION_04	fricative_cog	medial	fricative				5745.491	Hz	ok		SYN_GENERATOR_11042026	SYNTHETIC_TEACHING_FIXTURE
REQ_SYN_SEG_0138_fricative_duration	SYN_SEG_0138	SYN_SEG_SPK_04	SYN_SESSION_04	fricative_duration	final	fricative		406	406.172361	172.361000000024	ms	ok		SYN_GENERATOR_11042026	SYNTHETIC_TEACHING_FIXTURE
REQ_SYN_SEG_0138_fricative_cog	SYN_SEG_0138	SYN_SEG_SPK_04	SYN_SESSION_04	fricative_cog	final	fricative				4870.961	Hz	ok		SYN_GENERATOR_11042026	SYNTHETIC_TEACHING_FIXTURE
REQ_SYN_SEG_0139_fricative_duration	SYN_SEG_0139	SYN_SEG_SPK_04	SYN_SESSION_04	fricative_duration	initial	fricative		407	407.156406	156.406000000004	ms	ok		SYN_GENERATOR_11042026	SYNTHETIC_TEACHING_FIXTURE
REQ_SYN_SEG_0139_fricative_cog	SYN_SEG_0139	SYN_SEG_SPK_04	SYN_SESSION_04	fricative_cog	initial	fricative				6999.704	Hz	ok		SYN_GENERATOR_11042026	SYNTHETIC_TEACHING_FIXTURE
REQ_SYN_SEG_0140_fricative_duration	SYN_SEG_0140	SYN_SEG_SPK_04	SYN_SESSION_04	fricative_duration	medial	fricative		408	408.15053	150.530000000003	ms	ok		SYN_GENERATOR_11042026	SYNTHETIC_TEACHING_FIXTURE
REQ_SYN_SEG_0140_fricative_cog	SYN_SEG_0140	SYN_SEG_SPK_04	SYN_SESSION_04	fricative_cog	medial	fricative				5586.009	Hz	ok		SYN_GENERATOR_11042026	SYNTHETIC_TEACHING_FIXTURE
REQ_SYN_SEG_0141_fricative_duration	SYN_SEG_0141	SYN_SEG_SPK_04	SYN_SESSION_04	fricative_duration	final	fricative		409	409.140638	140.638000000024	ms	ok		SYN_GENERATOR_11042026	SYNTHETIC_TEACHING_FIXTURE
REQ_SYN_SEG_0141_fricative_cog	SYN_SEG_0141	SYN_SEG_SPK_04	SYN_SESSION_04	fricative_cog	final	fricative				5850.273	Hz	ok		SYN_GENERATOR_11042026	SYNTHETIC_TEACHING_FIXTURE
REQ_SYN_SEG_0142_fricative_duration	SYN_SEG_0142	SYN_SEG_SPK_04	SYN_SESSION_04	fricative_duration	initial	fricative		410	410.163851	163.851000000022	ms	ok		SYN_GENERATOR_11042026	SYNTHETIC_TEACHING_FIXTURE
REQ_SYN_SEG_0142_fricative_cog	SYN_SEG_0142	SYN_SEG_SPK_04	SYN_SESSION_04	fricative_cog	initial	fricative				7063.348	Hz	ok		SYN_GENERATOR_11042026	SYNTHETIC_TEACHING_FIXTURE
REQ_SYN_SEG_0143_fricative_duration	SYN_SEG_0143	SYN_SEG_SPK_04	SYN_SESSION_04	fricative_duration	medial	fricative		411	411.087393	87.39300000002	ms	ok		SYN_GENERATOR_11042026	SYNTHETIC_TEACHING_FIXTURE
REQ_SYN_SEG_0143_fricative_cog	SYN_SEG_0143	SYN_SEG_SPK_04	SYN_SESSION_04	fricative_cog	medial	fricative				5374.692	Hz	ok		SYN_GENERATOR_11042026	SYNTHETIC_TEACHING_FIXTURE
REQ_SYN_SEG_0144_fricative_duration	SYN_SEG_0144	SYN_SEG_SPK_04	SYN_SESSION_04	fricative_duration	final	fricative		412	412.163864	163.86399999999	ms	ok		SYN_GENERATOR_11042026	SYNTHETIC_TEACHING_FIXTURE
REQ_SYN_SEG_0144_fricative_cog	SYN_SEG_0144	SYN_SEG_SPK_04	SYN_SESSION_04	fricative_cog	final	fricative				5184.065	Hz	ok		SYN_GENERATOR_11042026	SYNTHETIC_TEACHING_FIXTURE
REQ_SYN_SEG_0145_vot	SYN_SEG_0145	SYN_SEG_SPK_05	SYN_SESSION_05	vot	initial	stop		501.05574	501.051361	-4.37900000002855	ms	ok		SYN_GENERATOR_11042026	SYNTHETIC_TEACHING_FIXTURE
REQ_SYN_SEG_0145_closure_duration	SYN_SEG_0145	SYN_SEG_SPK_05	SYN_SESSION_05	closure_duration	initial	stop		501	501.05574	55.7400000000143	ms	ok		SYN_GENERATOR_11042026	SYNTHETIC_TEACHING_FIXTURE
REQ_SYN_SEG_0145_vowel_onset_f0	SYN_SEG_0145	SYN_SEG_SPK_05	SYN_SESSION_05	vowel_onset_f0	initial	stop				111.317	Hz	ok		SYN_GENERATOR_11042026	SYNTHETIC_TEACHING_FIXTURE
REQ_SYN_SEG_0146_vot	SYN_SEG_0146	SYN_SEG_SPK_05	SYN_SESSION_05	vot	medial	stop		502.049953	502.031138	-18.8150000000178	ms	ok		SYN_GENERATOR_11042026	SYNTHETIC_TEACHING_FIXTURE
REQ_SYN_SEG_0146_closure_duration	SYN_SEG_0146	SYN_SEG_SPK_05	SYN_SESSION_05	closure_duration	medial	stop		502	502.049953	49.9530000000163	ms	ok		SYN_GENERATOR_11042026	SYNTHETIC_TEACHING_FIXTURE
REQ_SYN_SEG_0146_vowel_onset_f0	SYN_SEG_0146	SYN_SEG_SPK_05	SYN_SESSION_05	vowel_onset_f0	medial	stop				115.725	Hz	ok		SYN_GENERATOR_11042026	SYNTHETIC_TEACHING_FIXTURE
REQ_SYN_SEG_0147_vot	SYN_SEG_0147	SYN_SEG_SPK_05	SYN_SESSION_05	vot	final	stop		503.046824	503.061312	14.4879999999716	ms	ok		SYN_GENERATOR_11042026	SYNTHETIC_TEACHING_FIXTURE
REQ_SYN_SEG_0147_closure_duration	SYN_SEG_0147	SYN_SEG_SPK_05	SYN_SESSION_05	closure_duration	final	stop		503	503.046824	46.8240000000151	ms	ok		SYN_GENERATOR_11042026	SYNTHETIC_TEACHING_FIXTURE
REQ_SYN_SEG_0147_vowel_onset_f0	SYN_SEG_0147	SYN_SEG_SPK_05	SYN_SESSION_05	vowel_onset_f0	final	stop				107.902	Hz	ok		SYN_GENERATOR_11042026	SYNTHETIC_TEACHING_FIXTURE
REQ_SYN_SEG_0148_vot	SYN_SEG_0148	SYN_SEG_SPK_05	SYN_SESSION_05	vot	initial	stop		504.064226	504.142461	78.2350000000065	ms	ok		SYN_GENERATOR_11042026	SYNTHETIC_TEACHING_FIXTURE
REQ_SYN_SEG_0148_closure_duration	SYN_SEG_0148	SYN_SEG_SPK_05	SYN_SESSION_05	closure_duration	initial	stop		504	504.064226	64.2260000000192	ms	ok		SYN_GENERATOR_11042026	SYNTHETIC_TEACHING_FIXTURE
REQ_SYN_SEG_0148_vowel_onset_f0	SYN_SEG_0148	SYN_SEG_SPK_05	SYN_SESSION_05	vowel_onset_f0	initial	stop				134.406	Hz	ok		SYN_GENERATOR_11042026	SYNTHETIC_TEACHING_FIXTURE
REQ_SYN_SEG_0149_vot	SYN_SEG_0149	SYN_SEG_SPK_05	SYN_SESSION_05	vot	medial	stop		505.063902	505.086103	22.2009999999955	ms	ok		SYN_GENERATOR_11042026	SYNTHETIC_TEACHING_FIXTURE
REQ_SYN_SEG_0149_closure_duration	SYN_SEG_0149	SYN_SEG_SPK_05	SYN_SESSION_05	closure_duration	medial	stop		505	505.063902	63.9019999999846	ms	ok		SYN_GENERATOR_11042026	SYNTHETIC_TEACHING_FIXTURE
REQ_SYN_SEG_0149_vowel_onset_f0	SYN_SEG_0149	SYN_SEG_SPK_05	SYN_SESSION_05	vowel_onset_f0	medial	stop				124.467	Hz	ok		SYN_GENERATOR_11042026	SYNTHETIC_TEACHING_FIXTURE
REQ_SYN_SEG_0150_vot	SYN_SEG_0150	SYN_SEG_SPK_05	SYN_SESSION_05	vot	final	stop		506.106114	506.103288	-2.82599999997046	ms	ok		SYN_GENERATOR_11042026	SYNTHETIC_TEACHING_FIXTURE
REQ_SYN_SEG_0150_closure_duration	SYN_SEG_0150	SYN_SEG_SPK_05	SYN_SESSION_05	closure_duration	final	stop		506	506.106114	106.113999999991	ms	ok		SYN_GENERATOR_11042026	SYNTHETIC_TEACHING_FIXTURE
REQ_SYN_SEG_0150_vowel_onset_f0	SYN_SEG_0150	SYN_SEG_SPK_05	SYN_SESSION_05	vowel_onset_f0	final	stop				108.697	Hz	ok		SYN_GENERATOR_11042026	SYNTHETIC_TEACHING_FIXTURE
REQ_SYN_SEG_0151_vot	SYN_SEG_0151	SYN_SEG_SPK_05	SYN_SESSION_05	vot	initial	stop		507.077592	507.104615	27.0230000000424	ms	ok		SYN_GENERATOR_11042026	SYNTHETIC_TEACHING_FIXTURE
REQ_SYN_SEG_0151_closure_duration	SYN_SEG_0151	SYN_SEG_SPK_05	SYN_SESSION_05	closure_duration	initial	stop		507	507.077592	77.5919999999815	ms	ok		SYN_GENERATOR_11042026	SYNTHETIC_TEACHING_FIXTURE
REQ_SYN_SEG_0151_vowel_onset_f0	SYN_SEG_0151	SYN_SEG_SPK_05	SYN_SESSION_05	vowel_onset_f0	initial	stop				113.671	Hz	ok		SYN_GENERATOR_11042026	SYNTHETIC_TEACHING_FIXTURE
REQ_SYN_SEG_0152_vot	SYN_SEG_0152	SYN_SEG_SPK_05	SYN_SESSION_05	vot	medial	stop		508.104206	508.099817	-4.38900000000331	ms	ok		SYN_GENERATOR_11042026	SYNTHETIC_TEACHING_FIXTURE
REQ_SYN_SEG_0152_closure_duration	SYN_SEG_0152	SYN_SEG_SPK_05	SYN_SESSION_05	closure_duration	medial	stop		508	508.104206	104.205999999976	ms	ok		SYN_GENERATOR_11042026	SYNTHETIC_TEACHING_FIXTURE
REQ_SYN_SEG_0152_vowel_onset_f0	SYN_SEG_0152	SYN_SEG_SPK_05	SYN_SESSION_05	vowel_onset_f0	medial	stop				113.763	Hz	ok		SYN_GENERATOR_11042026	SYNTHETIC_TEACHING_FIXTURE
REQ_SYN_SEG_0153_vot	SYN_SEG_0153	SYN_SEG_SPK_05	SYN_SESSION_05	vot	final	stop		509.106291	509.124953	18.6620000000062	ms	ok		SYN_GENERATOR_11042026	SYNTHETIC_TEACHING_FIXTURE
REQ_SYN_SEG_0153_closure_duration	SYN_SEG_0153	SYN_SEG_SPK_05	SYN_SESSION_05	closure_duration	final	stop		509	509.106291	106.290999999999	ms	ok		SYN_GENERATOR_11042026	SYNTHETIC_TEACHING_FIXTURE
REQ_SYN_SEG_0153_vowel_onset_f0	SYN_SEG_0153	SYN_SEG_SPK_05	SYN_SESSION_05	vowel_onset_f0	final	stop				118.039	Hz	ok		SYN_GENERATOR_11042026	SYNTHETIC_TEACHING_FIXTURE
REQ_SYN_SEG_0154_vot	SYN_SEG_0154	SYN_SEG_SPK_05	SYN_SESSION_05	vot	initial	stop		510.072721	510.06693	-5.79099999998789	ms	ok		SYN_GENERATOR_11042026	SYNTHETIC_TEACHING_FIXTURE
REQ_SYN_SEG_0154_closure_duration	SYN_SEG_0154	SYN_SEG_SPK_05	SYN_SESSION_05	closure_duration	initial	stop		510	510.072721	72.7210000000014	ms	ok		SYN_GENERATOR_11042026	SYNTHETIC_TEACHING_FIXTURE
REQ_SYN_SEG_0154_vowel_onset_f0	SYN_SEG_0154	SYN_SEG_SPK_05	SYN_SESSION_05	vowel_onset_f0	initial	stop				102.166	Hz	ok		SYN_GENERATOR_11042026	SYNTHETIC_TEACHING_FIXTURE
REQ_SYN_SEG_0155_vot	SYN_SEG_0155	SYN_SEG_SPK_05	SYN_SESSION_05	vot	medial	stop		511.067139	511.15203	84.8910000000274	ms	ok		SYN_GENERATOR_11042026	SYNTHETIC_TEACHING_FIXTURE
REQ_SYN_SEG_0155_closure_duration	SYN_SEG_0155	SYN_SEG_SPK_05	SYN_SESSION_05	closure_duration	medial	stop		511	511.067139	67.1389999999974	ms	ok		SYN_GENERATOR_11042026	SYNTHETIC_TEACHING_FIXTURE
REQ_SYN_SEG_0155_vowel_onset_f0	SYN_SEG_0155	SYN_SEG_SPK_05	SYN_SESSION_05	vowel_onset_f0	medial	stop				145.636	Hz	ok		SYN_GENERATOR_11042026	SYNTHETIC_TEACHING_FIXTURE
REQ_SYN_SEG_0156_vot	SYN_SEG_0156	SYN_SEG_SPK_05	SYN_SESSION_05	vot	final	stop		512.082401	512.076114	-6.28700000004301	ms	ok		SYN_GENERATOR_11042026	SYNTHETIC_TEACHING_FIXTURE
REQ_SYN_SEG_0156_closure_duration	SYN_SEG_0156	SYN_SEG_SPK_05	SYN_SESSION_05	closure_duration	final	stop		512	512.082401	82.4010000000044	ms	ok		SYN_GENERATOR_11042026	SYNTHETIC_TEACHING_FIXTURE
REQ_SYN_SEG_0156_vowel_onset_f0	SYN_SEG_0156	SYN_SEG_SPK_05	SYN_SESSION_05	vowel_onset_f0	final	stop				109.94	Hz	ok		SYN_GENERATOR_11042026	SYNTHETIC_TEACHING_FIXTURE
REQ_SYN_SEG_0157_vowel_duration	SYN_SEG_0157	SYN_SEG_SPK_05	SYN_SESSION_05	vowel_duration	initial	vowel	i	501	501.135213	135.213000000022	ms	ok		SYN_GENERATOR_11042026	SYNTHETIC_TEACHING_FIXTURE
REQ_SYN_SEG_0157_f1	SYN_SEG_0157	SYN_SEG_SPK_05	SYN_SESSION_05	f1	initial	vowel	i			267.026	Hz	ok		SYN_GENERATOR_11042026	SYNTHETIC_TEACHING_FIXTURE
REQ_SYN_SEG_0157_f2	SYN_SEG_0157	SYN_SEG_SPK_05	SYN_SESSION_05	f2	initial	vowel	i			2361.669	Hz	ok		SYN_GENERATOR_11042026	SYNTHETIC_TEACHING_FIXTURE
REQ_SYN_SEG_0157_f3	SYN_SEG_0157	SYN_SEG_SPK_05	SYN_SESSION_05	f3	initial	vowel	i			3113.142	Hz	ok		SYN_GENERATOR_11042026	SYNTHETIC_TEACHING_FIXTURE
REQ_SYN_SEG_0158_vowel_duration	SYN_SEG_0158	SYN_SEG_SPK_05	SYN_SESSION_05	vowel_duration	medial	vowel	a	502	502.206	206.000000000017	ms	ok		SYN_GENERATOR_11042026	SYNTHETIC_TEACHING_FIXTURE
REQ_SYN_SEG_0158_f1	SYN_SEG_0158	SYN_SEG_SPK_05	SYN_SESSION_05	f1	medial	vowel	a			772.849	Hz	ok		SYN_GENERATOR_11042026	SYNTHETIC_TEACHING_FIXTURE
REQ_SYN_SEG_0158_f2	SYN_SEG_0158	SYN_SEG_SPK_05	SYN_SESSION_05	f2	medial	vowel	a			1275.689	Hz	ok		SYN_GENERATOR_11042026	SYNTHETIC_TEACHING_FIXTURE
REQ_SYN_SEG_0158_f3	SYN_SEG_0158	SYN_SEG_SPK_05	SYN_SESSION_05	f3	medial	vowel	a			2624.727	Hz	ok		SYN_GENERATOR_11042026	SYNTHETIC_TEACHING_FIXTURE
REQ_SYN_SEG_0159_vowel_duration	SYN_SEG_0159	SYN_SEG_SPK_05	SYN_SESSION_05	vowel_duration	final	vowel	u	503	503.08241	82.4099999999817	ms	ok		SYN_GENERATOR_11042026	SYNTHETIC_TEACHING_FIXTURE
REQ_SYN_SEG_0159_f1	SYN_SEG_0159	SYN_SEG_SPK_05	SYN_SESSION_05	f1	final	vowel	u			336.508	Hz	ok		SYN_GENERATOR_11042026	SYNTHETIC_TEACHING_FIXTURE
REQ_SYN_SEG_0159_f2	SYN_SEG_0159	SYN_SEG_SPK_05	SYN_SESSION_05	f2	final	vowel	u			925.076	Hz	ok		SYN_GENERATOR_11042026	SYNTHETIC_TEACHING_FIXTURE
REQ_SYN_SEG_0159_f3	SYN_SEG_0159	SYN_SEG_SPK_05	SYN_SESSION_05	f3	final	vowel	u			2188.112	Hz	ok		SYN_GENERATOR_11042026	SYNTHETIC_TEACHING_FIXTURE
REQ_SYN_SEG_0160_vowel_duration	SYN_SEG_0160	SYN_SEG_SPK_05	SYN_SESSION_05	vowel_duration	initial	vowel	i	504	504.111338	111.337999999989	ms	ok		SYN_GENERATOR_11042026	SYNTHETIC_TEACHING_FIXTURE
REQ_SYN_SEG_0160_f1	SYN_SEG_0160	SYN_SEG_SPK_05	SYN_SESSION_05	f1	initial	vowel	i			345.15	Hz	ok		SYN_GENERATOR_11042026	SYNTHETIC_TEACHING_FIXTURE
REQ_SYN_SEG_0160_f2	SYN_SEG_0160	SYN_SEG_SPK_05	SYN_SESSION_05	f2	initial	vowel	i			2422.263	Hz	ok		SYN_GENERATOR_11042026	SYNTHETIC_TEACHING_FIXTURE
REQ_SYN_SEG_0160_f3	SYN_SEG_0160	SYN_SEG_SPK_05	SYN_SESSION_05	f3	initial	vowel	i			3099.601	Hz	ok		SYN_GENERATOR_11042026	SYNTHETIC_TEACHING_FIXTURE
REQ_SYN_SEG_0161_vowel_duration	SYN_SEG_0161	SYN_SEG_SPK_05	SYN_SESSION_05	vowel_duration	medial	vowel	a	505	505.206142	206.142	ms	ok		SYN_GENERATOR_11042026	SYNTHETIC_TEACHING_FIXTURE
REQ_SYN_SEG_0161_f1	SYN_SEG_0161	SYN_SEG_SPK_05	SYN_SESSION_05	f1	medial	vowel	a			778.587	Hz	ok		SYN_GENERATOR_11042026	SYNTHETIC_TEACHING_FIXTURE
REQ_SYN_SEG_0161_f2	SYN_SEG_0161	SYN_SEG_SPK_05	SYN_SESSION_05	f2	medial	vowel	a			1229.373	Hz	ok		SYN_GENERATOR_11042026	SYNTHETIC_TEACHING_FIXTURE
REQ_SYN_SEG_0161_f3	SYN_SEG_0161	SYN_SEG_SPK_05	SYN_SESSION_05	f3	medial	vowel	a			2496.146	Hz	ok		SYN_GENERATOR_11042026	SYNTHETIC_TEACHING_FIXTURE
REQ_SYN_SEG_0162_vowel_duration	SYN_SEG_0162	SYN_SEG_SPK_05	SYN_SESSION_05	vowel_duration	final	vowel	u	506	506.181905	181.904999999972	ms	ok		SYN_GENERATOR_11042026	SYNTHETIC_TEACHING_FIXTURE
REQ_SYN_SEG_0162_f1	SYN_SEG_0162	SYN_SEG_SPK_05	SYN_SESSION_05	f1	final	vowel	u			377.61	Hz	ok		SYN_GENERATOR_11042026	SYNTHETIC_TEACHING_FIXTURE
REQ_SYN_SEG_0162_f2	SYN_SEG_0162	SYN_SEG_SPK_05	SYN_SESSION_05	f2	final	vowel	u			915.81	Hz	ok		SYN_GENERATOR_11042026	SYNTHETIC_TEACHING_FIXTURE
REQ_SYN_SEG_0162_f3	SYN_SEG_0162	SYN_SEG_SPK_05	SYN_SESSION_05	f3	final	vowel	u			2369.359	Hz	ok		SYN_GENERATOR_11042026	SYNTHETIC_TEACHING_FIXTURE
REQ_SYN_SEG_0163_vowel_duration	SYN_SEG_0163	SYN_SEG_SPK_05	SYN_SESSION_05	vowel_duration	initial	vowel	i	507	507.195263	195.263000000011	ms	ok		SYN_GENERATOR_11042026	SYNTHETIC_TEACHING_FIXTURE
REQ_SYN_SEG_0163_f1	SYN_SEG_0163	SYN_SEG_SPK_05	SYN_SESSION_05	f1	initial	vowel	i			350.127	Hz	ok		SYN_GENERATOR_11042026	SYNTHETIC_TEACHING_FIXTURE
REQ_SYN_SEG_0163_f2	SYN_SEG_0163	SYN_SEG_SPK_05	SYN_SESSION_05	f2	initial	vowel	i			2294.956	Hz	ok		SYN_GENERATOR_11042026	SYNTHETIC_TEACHING_FIXTURE
REQ_SYN_SEG_0163_f3	SYN_SEG_0163	SYN_SEG_SPK_05	SYN_SESSION_05	f3	initial	vowel	i			3076.963	Hz	ok		SYN_GENERATOR_11042026	SYNTHETIC_TEACHING_FIXTURE
REQ_SYN_SEG_0164_vowel_duration	SYN_SEG_0164	SYN_SEG_SPK_05	SYN_SESSION_05	vowel_duration	medial	vowel	a	508	508.109509	109.509000000003	ms	ok		SYN_GENERATOR_11042026	SYNTHETIC_TEACHING_FIXTURE
REQ_SYN_SEG_0164_f1	SYN_SEG_0164	SYN_SEG_SPK_05	SYN_SESSION_05	f1	medial	vowel	a			759.616	Hz	ok		SYN_GENERATOR_11042026	SYNTHETIC_TEACHING_FIXTURE
REQ_SYN_SEG_0164_f2	SYN_SEG_0164	SYN_SEG_SPK_05	SYN_SESSION_05	f2	medial	vowel	a			1239.259	Hz	ok		SYN_GENERATOR_11042026	SYNTHETIC_TEACHING_FIXTURE
REQ_SYN_SEG_0164_f3	SYN_SEG_0164	SYN_SEG_SPK_05	SYN_SESSION_05	f3	medial	vowel	a			2414.652	Hz	ok		SYN_GENERATOR_11042026	SYNTHETIC_TEACHING_FIXTURE
REQ_SYN_SEG_0165_vowel_duration	SYN_SEG_0165	SYN_SEG_SPK_05	SYN_SESSION_05	vowel_duration	final	vowel	u	509	509.142053	142.052999999976	ms	ok		SYN_GENERATOR_11042026	SYNTHETIC_TEACHING_FIXTURE
REQ_SYN_SEG_0165_f1	SYN_SEG_0165	SYN_SEG_SPK_05	SYN_SESSION_05	f1	final	vowel	u			358.158	Hz	ok		SYN_GENERATOR_11042026	SYNTHETIC_TEACHING_FIXTURE
REQ_SYN_SEG_0165_f2	SYN_SEG_0165	SYN_SEG_SPK_05	SYN_SESSION_05	f2	final	vowel	u			935.398	Hz	ok		SYN_GENERATOR_11042026	SYNTHETIC_TEACHING_FIXTURE
REQ_SYN_SEG_0165_f3	SYN_SEG_0165	SYN_SEG_SPK_05	SYN_SESSION_05	f3	final	vowel	u			2259.173	Hz	ok		SYN_GENERATOR_11042026	SYNTHETIC_TEACHING_FIXTURE
REQ_SYN_SEG_0166_vowel_duration	SYN_SEG_0166	SYN_SEG_SPK_05	SYN_SESSION_05	vowel_duration	initial	vowel	i	510	510.187657	187.657000000002	ms	ok		SYN_GENERATOR_11042026	SYNTHETIC_TEACHING_FIXTURE
REQ_SYN_SEG_0166_f1	SYN_SEG_0166	SYN_SEG_SPK_05	SYN_SESSION_05	f1	initial	vowel	i			306.506	Hz	ok		SYN_GENERATOR_11042026	SYNTHETIC_TEACHING_FIXTURE
REQ_SYN_SEG_0166_f2	SYN_SEG_0166	SYN_SEG_SPK_05	SYN_SESSION_05	f2	initial	vowel	i			2279.857	Hz	ok		SYN_GENERATOR_11042026	SYNTHETIC_TEACHING_FIXTURE
REQ_SYN_SEG_0166_f3	SYN_SEG_0166	SYN_SEG_SPK_05	SYN_SESSION_05	f3	initial	vowel	i			3131.022	Hz	ok		SYN_GENERATOR_11042026	SYNTHETIC_TEACHING_FIXTURE
REQ_SYN_SEG_0167_vowel_duration	SYN_SEG_0167	SYN_SEG_SPK_05	SYN_SESSION_05	vowel_duration	medial	vowel	a	511	511.123429	123.428999999987	ms	ok		SYN_GENERATOR_11042026	SYNTHETIC_TEACHING_FIXTURE
REQ_SYN_SEG_0167_f1	SYN_SEG_0167	SYN_SEG_SPK_05	SYN_SESSION_05	f1	medial	vowel	a			739.814	Hz	ok		SYN_GENERATOR_11042026	SYNTHETIC_TEACHING_FIXTURE
REQ_SYN_SEG_0167_f2	SYN_SEG_0167	SYN_SEG_SPK_05	SYN_SESSION_05	f2	medial	vowel	a			1218.724	Hz	ok		SYN_GENERATOR_11042026	SYNTHETIC_TEACHING_FIXTURE
REQ_SYN_SEG_0167_f3	SYN_SEG_0167	SYN_SEG_SPK_05	SYN_SESSION_05	f3	medial	vowel	a			2606.755	Hz	ok		SYN_GENERATOR_11042026	SYNTHETIC_TEACHING_FIXTURE
REQ_SYN_SEG_0168_vowel_duration	SYN_SEG_0168	SYN_SEG_SPK_05	SYN_SESSION_05	vowel_duration	final	vowel	u	512	512.199576	199.575999999979	ms	ok		SYN_GENERATOR_11042026	SYNTHETIC_TEACHING_FIXTURE
REQ_SYN_SEG_0168_f1	SYN_SEG_0168	SYN_SEG_SPK_05	SYN_SESSION_05	f1	final	vowel	u			359.747	Hz	ok		SYN_GENERATOR_11042026	SYNTHETIC_TEACHING_FIXTURE
REQ_SYN_SEG_0168_f2	SYN_SEG_0168	SYN_SEG_SPK_05	SYN_SESSION_05	f2	final	vowel	u			937.102	Hz	ok		SYN_GENERATOR_11042026	SYNTHETIC_TEACHING_FIXTURE
REQ_SYN_SEG_0168_f3	SYN_SEG_0168	SYN_SEG_SPK_05	SYN_SESSION_05	f3	final	vowel	u			2357.862	Hz	ok		SYN_GENERATOR_11042026	SYNTHETIC_TEACHING_FIXTURE
REQ_SYN_SEG_0169_fricative_duration	SYN_SEG_0169	SYN_SEG_SPK_05	SYN_SESSION_05	fricative_duration	initial	fricative		501	501.135351	135.351000000014	ms	ok		SYN_GENERATOR_11042026	SYNTHETIC_TEACHING_FIXTURE
REQ_SYN_SEG_0169_fricative_cog	SYN_SEG_0169	SYN_SEG_SPK_05	SYN_SESSION_05	fricative_cog	initial	fricative				6392.819	Hz	ok		SYN_GENERATOR_11042026	SYNTHETIC_TEACHING_FIXTURE
REQ_SYN_SEG_0170_fricative_duration	SYN_SEG_0170	SYN_SEG_SPK_05	SYN_SESSION_05	fricative_duration	medial	fricative		502	502.083067	83.0670000000282	ms	ok		SYN_GENERATOR_11042026	SYNTHETIC_TEACHING_FIXTURE
REQ_SYN_SEG_0170_fricative_cog	SYN_SEG_0170	SYN_SEG_SPK_05	SYN_SESSION_05	fricative_cog	medial	fricative				4663.922	Hz	ok		SYN_GENERATOR_11042026	SYNTHETIC_TEACHING_FIXTURE
REQ_SYN_SEG_0171_fricative_duration	SYN_SEG_0171	SYN_SEG_SPK_05	SYN_SESSION_05	fricative_duration	final	fricative		503	503.13453	134.529999999984	ms	ok		SYN_GENERATOR_11042026	SYNTHETIC_TEACHING_FIXTURE
REQ_SYN_SEG_0171_fricative_cog	SYN_SEG_0171	SYN_SEG_SPK_05	SYN_SESSION_05	fricative_cog	final	fricative				4680.747	Hz	ok		SYN_GENERATOR_11042026	SYNTHETIC_TEACHING_FIXTURE
REQ_SYN_SEG_0172_fricative_duration	SYN_SEG_0172	SYN_SEG_SPK_05	SYN_SESSION_05	fricative_duration	initial	fricative		504	504.082974	82.9739999999788	ms	ok		SYN_GENERATOR_11042026	SYNTHETIC_TEACHING_FIXTURE
REQ_SYN_SEG_0172_fricative_cog	SYN_SEG_0172	SYN_SEG_SPK_05	SYN_SESSION_05	fricative_cog	initial	fricative				6623.169	Hz	ok		SYN_GENERATOR_11042026	SYNTHETIC_TEACHING_FIXTURE
REQ_SYN_SEG_0173_fricative_duration	SYN_SEG_0173	SYN_SEG_SPK_05	SYN_SESSION_05	fricative_duration	medial	fricative		505	505.094138	94.1379999999867	ms	ok		SYN_GENERATOR_11042026	SYNTHETIC_TEACHING_FIXTURE
REQ_SYN_SEG_0173_fricative_cog	SYN_SEG_0173	SYN_SEG_SPK_05	SYN_SESSION_05	fricative_cog	medial	fricative				5054.157	Hz	ok		SYN_GENERATOR_11042026	SYNTHETIC_TEACHING_FIXTURE
REQ_SYN_SEG_0174_fricative_duration	SYN_SEG_0174	SYN_SEG_SPK_05	SYN_SESSION_05	fricative_duration	final	fricative		506	506.149775	149.774999999977	ms	ok		SYN_GENERATOR_11042026	SYNTHETIC_TEACHING_FIXTURE
REQ_SYN_SEG_0174_fricative_cog	SYN_SEG_0174	SYN_SEG_SPK_05	SYN_SESSION_05	fricative_cog	final	fricative				5089.239	Hz	ok		SYN_GENERATOR_11042026	SYNTHETIC_TEACHING_FIXTURE
REQ_SYN_SEG_0175_fricative_duration	SYN_SEG_0175	SYN_SEG_SPK_05	SYN_SESSION_05	fricative_duration	initial	fricative		507	507.104977	104.977000000019	ms	ok		SYN_GENERATOR_11042026	SYNTHETIC_TEACHING_FIXTURE
REQ_SYN_SEG_0175_fricative_cog	SYN_SEG_0175	SYN_SEG_SPK_05	SYN_SESSION_05	fricative_cog	initial	fricative				6386.92	Hz	ok		SYN_GENERATOR_11042026	SYNTHETIC_TEACHING_FIXTURE
REQ_SYN_SEG_0176_fricative_duration	SYN_SEG_0176	SYN_SEG_SPK_05	SYN_SESSION_05	fricative_duration	medial	fricative		508	508.170883	170.883000000003	ms	ok		SYN_GENERATOR_11042026	SYNTHETIC_TEACHING_FIXTURE
REQ_SYN_SEG_0176_fricative_cog	SYN_SEG_0176	SYN_SEG_SPK_05	SYN_SESSION_05	fricative_cog	medial	fricative				4984.479	Hz	ok		SYN_GENERATOR_11042026	SYNTHETIC_TEACHING_FIXTURE
REQ_SYN_SEG_0177_fricative_duration	SYN_SEG_0177	SYN_SEG_SPK_05	SYN_SESSION_05	fricative_duration	final	fricative		509	509.084823	84.8229999999717	ms	ok		SYN_GENERATOR_11042026	SYNTHETIC_TEACHING_FIXTURE
REQ_SYN_SEG_0177_fricative_cog	SYN_SEG_0177	SYN_SEG_SPK_05	SYN_SESSION_05	fricative_cog	final	fricative				5150.835	Hz	ok		SYN_GENERATOR_11042026	SYNTHETIC_TEACHING_FIXTURE
REQ_SYN_SEG_0178_fricative_duration	SYN_SEG_0178	SYN_SEG_SPK_05	SYN_SESSION_05	fricative_duration	initial	fricative		510	510.140904	140.903999999978	ms	ok		SYN_GENERATOR_11042026	SYNTHETIC_TEACHING_FIXTURE
REQ_SYN_SEG_0178_fricative_cog	SYN_SEG_0178	SYN_SEG_SPK_05	SYN_SESSION_05	fricative_cog	initial	fricative				6105.698	Hz	ok		SYN_GENERATOR_11042026	SYNTHETIC_TEACHING_FIXTURE
REQ_SYN_SEG_0179_fricative_duration	SYN_SEG_0179	SYN_SEG_SPK_05	SYN_SESSION_05	fricative_duration	medial	fricative		511	511.155475	155.475000000024	ms	ok		SYN_GENERATOR_11042026	SYNTHETIC_TEACHING_FIXTURE
REQ_SYN_SEG_0179_fricative_cog	SYN_SEG_0179	SYN_SEG_SPK_05	SYN_SESSION_05	fricative_cog	medial	fricative				4878.293	Hz	ok		SYN_GENERATOR_11042026	SYNTHETIC_TEACHING_FIXTURE
REQ_SYN_SEG_0180_fricative_duration	SYN_SEG_0180	SYN_SEG_SPK_05	SYN_SESSION_05	fricative_duration	final	fricative		512	512.162834	162.833999999975	ms	ok		SYN_GENERATOR_11042026	SYNTHETIC_TEACHING_FIXTURE
REQ_SYN_SEG_0180_fricative_cog	SYN_SEG_0180	SYN_SEG_SPK_05	SYN_SESSION_05	fricative_cog	final	fricative				4549.415	Hz	ok		SYN_GENERATOR_11042026	SYNTHETIC_TEACHING_FIXTURE
REQ_SYN_SEG_0181_vot	SYN_SEG_0181	SYN_SEG_SPK_06	SYN_SESSION_06	vot	initial	stop		601.058235	601.053203	-5.03199999991466	ms	ok		SYN_GENERATOR_11042026	SYNTHETIC_TEACHING_FIXTURE
REQ_SYN_SEG_0181_closure_duration	SYN_SEG_0181	SYN_SEG_SPK_06	SYN_SESSION_06	closure_duration	initial	stop		601	601.058235	58.2349999999678	ms	ok		SYN_GENERATOR_11042026	SYNTHETIC_TEACHING_FIXTURE
REQ_SYN_SEG_0181_vowel_onset_f0	SYN_SEG_0181	SYN_SEG_SPK_06	SYN_SESSION_06	vowel_onset_f0	initial	stop				111.642	Hz	ok		SYN_GENERATOR_11042026	SYNTHETIC_TEACHING_FIXTURE
REQ_SYN_SEG_0182_vot	SYN_SEG_0182	SYN_SEG_SPK_06	SYN_SESSION_06	vot	medial	stop		602.06931	602.142353	73.0429999999842	ms	ok		SYN_GENERATOR_11042026	SYNTHETIC_TEACHING_FIXTURE
REQ_SYN_SEG_0182_closure_duration	SYN_SEG_0182	SYN_SEG_SPK_06	SYN_SESSION_06	closure_duration	medial	stop		602	602.06931	69.3099999999731	ms	ok		SYN_GENERATOR_11042026	SYNTHETIC_TEACHING_FIXTURE
REQ_SYN_SEG_0182_vowel_onset_f0	SYN_SEG_0182	SYN_SEG_SPK_06	SYN_SESSION_06	vowel_onset_f0	medial	stop				141.538	Hz	ok		SYN_GENERATOR_11042026	SYNTHETIC_TEACHING_FIXTURE
REQ_SYN_SEG_0183_vot	SYN_SEG_0183	SYN_SEG_SPK_06	SYN_SESSION_06	vot	final	stop		603.06059	603.082604	22.0139999998992	ms	ok		SYN_GENERATOR_11042026	SYNTHETIC_TEACHING_FIXTURE
REQ_SYN_SEG_0183_closure_duration	SYN_SEG_0183	SYN_SEG_SPK_06	SYN_SESSION_06	closure_duration	final	stop		603	603.06059	60.5900000000474	ms	ok		SYN_GENERATOR_11042026	SYNTHETIC_TEACHING_FIXTURE
REQ_SYN_SEG_0183_vowel_onset_f0	SYN_SEG_0183	SYN_SEG_SPK_06	SYN_SESSION_06	vowel_onset_f0	final	stop				109.714	Hz	ok		SYN_GENERATOR_11042026	SYNTHETIC_TEACHING_FIXTURE
REQ_SYN_SEG_0184_vot	SYN_SEG_0184	SYN_SEG_SPK_06	SYN_SESSION_06	vot	initial	stop		604.056182	604.083354	27.1719999999505	ms	ok		SYN_GENERATOR_11042026	SYNTHETIC_TEACHING_FIXTURE
REQ_SYN_SEG_0184_closure_duration	SYN_SEG_0184	SYN_SEG_SPK_06	SYN_SESSION_06	closure_duration	initial	stop		604	604.056182	56.1820000000353	ms	ok		SYN_GENERATOR_11042026	SYNTHETIC_TEACHING_FIXTURE
REQ_SYN_SEG_0184_vowel_onset_f0	SYN_SEG_0184	SYN_SEG_SPK_06	SYN_SESSION_06	vowel_onset_f0	initial	stop				113.09	Hz	ok		SYN_GENERATOR_11042026	SYNTHETIC_TEACHING_FIXTURE
REQ_SYN_SEG_0185_vot	SYN_SEG_0185	SYN_SEG_SPK_06	SYN_SESSION_06	vot	medial	stop		605.081877	605.084556	2.67900000005739	ms	ok		SYN_GENERATOR_11042026	SYNTHETIC_TEACHING_FIXTURE
REQ_SYN_SEG_0185_closure_duration	SYN_SEG_0185	SYN_SEG_SPK_06	SYN_SESSION_06	closure_duration	medial	stop		605	605.081877	81.8769999999631	ms	ok		SYN_GENERATOR_11042026	SYNTHETIC_TEACHING_FIXTURE
REQ_SYN_SEG_0185_vowel_onset_f0	SYN_SEG_0185	SYN_SEG_SPK_06	SYN_SESSION_06	vowel_onset_f0	medial	stop				115.763	Hz	ok		SYN_GENERATOR_11042026	SYNTHETIC_TEACHING_FIXTURE
REQ_SYN_SEG_0186_vot	SYN_SEG_0186	SYN_SEG_SPK_06	SYN_SESSION_06	vot	final	stop		606.059998	606.121282	61.2840000000006	ms	ok		SYN_GENERATOR_11042026	SYNTHETIC_TEACHING_FIXTURE
REQ_SYN_SEG_0186_closure_duration	SYN_SEG_0186	SYN_SEG_SPK_06	SYN_SESSION_06	closure_duration	final	stop		606	606.059998	59.9979999999505	ms	ok		SYN_GENERATOR_11042026	SYNTHETIC_TEACHING_FIXTURE
REQ_SYN_SEG_0186_vowel_onset_f0	SYN_SEG_0186	SYN_SEG_SPK_06	SYN_SESSION_06	vowel_onset_f0	final	stop				135.311	Hz	ok		SYN_GENERATOR_11042026	SYNTHETIC_TEACHING_FIXTURE
REQ_SYN_SEG_0187_vot	SYN_SEG_0187	SYN_SEG_SPK_06	SYN_SESSION_06	vot	initial	stop		607.108177	607.099436	-8.74099999998634	ms	ok		SYN_GENERATOR_11042026	SYNTHETIC_TEACHING_FIXTURE
REQ_SYN_SEG_0187_closure_duration	SYN_SEG_0187	SYN_SEG_SPK_06	SYN_SESSION_06	closure_duration	initial	stop		607	607.108177	108.176999999955	ms	ok		SYN_GENERATOR_11042026	SYNTHETIC_TEACHING_FIXTURE
REQ_SYN_SEG_0187_vowel_onset_f0	SYN_SEG_0187	SYN_SEG_SPK_06	SYN_SESSION_06	vowel_onset_f0	initial	stop				106.084	Hz	ok		SYN_GENERATOR_11042026	SYNTHETIC_TEACHING_FIXTURE
REQ_SYN_SEG_0188_vot	SYN_SEG_0188	SYN_SEG_SPK_06	SYN_SESSION_06	vot	medial	stop		608.060588	608.110228	49.6399999999539	ms	ok		SYN_GENERATOR_11042026	SYNTHETIC_TEACHING_FIXTURE
REQ_SYN_SEG_0188_closure_duration	SYN_SEG_0188	SYN_SEG_SPK_06	SYN_SESSION_06	closure_duration	medial	stop		608	608.060588	60.5880000000525	ms	ok		SYN_GENERATOR_11042026	SYNTHETIC_TEACHING_FIXTURE
REQ_SYN_SEG_0188_vowel_onset_f0	SYN_SEG_0188	SYN_SEG_SPK_06	SYN_SESSION_06	vowel_onset_f0	medial	stop				139.189	Hz	ok		SYN_GENERATOR_11042026	SYNTHETIC_TEACHING_FIXTURE
REQ_SYN_SEG_0189_vot	SYN_SEG_0189	SYN_SEG_SPK_06	SYN_SESSION_06	vot	final	stop		609.102632	609.179458	76.8259999999827	ms	ok		SYN_GENERATOR_11042026	SYNTHETIC_TEACHING_FIXTURE
REQ_SYN_SEG_0189_closure_duration	SYN_SEG_0189	SYN_SEG_SPK_06	SYN_SESSION_06	closure_duration	final	stop		609	609.102632	102.631999999971	ms	ok		SYN_GENERATOR_11042026	SYNTHETIC_TEACHING_FIXTURE
REQ_SYN_SEG_0189_vowel_onset_f0	SYN_SEG_0189	SYN_SEG_SPK_06	SYN_SESSION_06	vowel_onset_f0	final	stop				146.167	Hz	ok		SYN_GENERATOR_11042026	SYNTHETIC_TEACHING_FIXTURE
REQ_SYN_SEG_0190_vot	SYN_SEG_0190	SYN_SEG_SPK_06	SYN_SESSION_06	vot	initial	stop		610.087418	610.095851	8.43300000008185	ms	ok		SYN_GENERATOR_11042026	SYNTHETIC_TEACHING_FIXTURE
REQ_SYN_SEG_0190_closure_duration	SYN_SEG_0190	SYN_SEG_SPK_06	SYN_SESSION_06	closure_duration	initial	stop		610	610.087418	87.4179999999569	ms	ok		SYN_GENERATOR_11042026	SYNTHETIC_TEACHING_FIXTURE
REQ_SYN_SEG_0190_vowel_onset_f0	SYN_SEG_0190	SYN_SEG_SPK_06	SYN_SESSION_06	vowel_onset_f0	initial	stop				118.639	Hz	ok		SYN_GENERATOR_11042026	SYNTHETIC_TEACHING_FIXTURE
REQ_SYN_SEG_0191_vot	SYN_SEG_0191	SYN_SEG_SPK_06	SYN_SESSION_06	vot	medial	stop		611.069914	611.055394	-14.5200000000614	ms	ok		SYN_GENERATOR_11042026	SYNTHETIC_TEACHING_FIXTURE
REQ_SYN_SEG_0191_closure_duration	SYN_SEG_0191	SYN_SEG_SPK_06	SYN_SESSION_06	closure_duration	medial	stop		611	611.069914	69.9140000000398	ms	ok		SYN_GENERATOR_11042026	SYNTHETIC_TEACHING_FIXTURE
REQ_SYN_SEG_0191_vowel_onset_f0	SYN_SEG_0191	SYN_SEG_SPK_06	SYN_SESSION_06	vowel_onset_f0	medial	stop				114.954	Hz	ok		SYN_GENERATOR_11042026	SYNTHETIC_TEACHING_FIXTURE
REQ_SYN_SEG_0192_vot	SYN_SEG_0192	SYN_SEG_SPK_06	SYN_SESSION_06	vot	final	stop		612.065465	612.090871	25.4059999999754	ms	ok		SYN_GENERATOR_11042026	SYNTHETIC_TEACHING_FIXTURE
REQ_SYN_SEG_0192_closure_duration	SYN_SEG_0192	SYN_SEG_SPK_06	SYN_SESSION_06	closure_duration	final	stop		612	612.065465	65.4650000000174	ms	ok		SYN_GENERATOR_11042026	SYNTHETIC_TEACHING_FIXTURE
REQ_SYN_SEG_0192_vowel_onset_f0	SYN_SEG_0192	SYN_SEG_SPK_06	SYN_SESSION_06	vowel_onset_f0	final	stop				111.662	Hz	ok		SYN_GENERATOR_11042026	SYNTHETIC_TEACHING_FIXTURE
REQ_SYN_SEG_0193_vowel_duration	SYN_SEG_0193	SYN_SEG_SPK_06	SYN_SESSION_06	vowel_duration	initial	vowel	i	601	601.182384	182.383999999956	ms	ok		SYN_GENERATOR_11042026	SYNTHETIC_TEACHING_FIXTURE
REQ_SYN_SEG_0193_f1	SYN_SEG_0193	SYN_SEG_SPK_06	SYN_SESSION_06	f1	initial	vowel	i			295.771	Hz	ok		SYN_GENERATOR_11042026	SYNTHETIC_TEACHING_FIXTURE
REQ_SYN_SEG_0193_f2	SYN_SEG_0193	SYN_SEG_SPK_06	SYN_SESSION_06	f2	initial	vowel	i			2384.809	Hz	ok		SYN_GENERATOR_11042026	SYNTHETIC_TEACHING_FIXTURE
REQ_SYN_SEG_0193_f3	SYN_SEG_0193	SYN_SEG_SPK_06	SYN_SESSION_06	f3	initial	vowel	i			3115.773	Hz	ok		SYN_GENERATOR_11042026	SYNTHETIC_TEACHING_FIXTURE
REQ_SYN_SEG_0194_vowel_duration	SYN_SEG_0194	SYN_SEG_SPK_06	SYN_SESSION_06	vowel_duration	medial	vowel	a	602	602.15325	153.249999999957	ms	ok		SYN_GENERATOR_11042026	SYNTHETIC_TEACHING_FIXTURE
REQ_SYN_SEG_0194_f1	SYN_SEG_0194	SYN_SEG_SPK_06	SYN_SESSION_06	f1	medial	vowel	a			789.905	Hz	ok		SYN_GENERATOR_11042026	SYNTHETIC_TEACHING_FIXTURE
REQ_SYN_SEG_0194_f2	SYN_SEG_0194	SYN_SEG_SPK_06	SYN_SESSION_06	f2	medial	vowel	a			1329.865	Hz	ok		SYN_GENERATOR_11042026	SYNTHETIC_TEACHING_FIXTURE
REQ_SYN_SEG_0194_f3	SYN_SEG_0194	SYN_SEG_SPK_06	SYN_SESSION_06	f3	medial	vowel	a			2654.027	Hz	ok		SYN_GENERATOR_11042026	SYNTHETIC_TEACHING_FIXTURE
REQ_SYN_SEG_0195_vowel_duration	SYN_SEG_0195	SYN_SEG_SPK_06	SYN_SESSION_06	vowel_duration	final	vowel	u	603	603.208397	208.396999999991	ms	ok		SYN_GENERATOR_11042026	SYNTHETIC_TEACHING_FIXTURE
REQ_SYN_SEG_0195_f1	SYN_SEG_0195	SYN_SEG_SPK_06	SYN_SESSION_06	f1	final	vowel	u			346.276	Hz	ok		SYN_GENERATOR_11042026	SYNTHETIC_TEACHING_FIXTURE
REQ_SYN_SEG_0195_f2	SYN_SEG_0195	SYN_SEG_SPK_06	SYN_SESSION_06	f2	final	vowel	u			1008.841	Hz	ok		SYN_GENERATOR_11042026	SYNTHETIC_TEACHING_FIXTURE
REQ_SYN_SEG_0195_f3	SYN_SEG_0195	SYN_SEG_SPK_06	SYN_SESSION_06	f3	final	vowel	u			2340.238	Hz	ok		SYN_GENERATOR_11042026	SYNTHETIC_TEACHING_FIXTURE
REQ_SYN_SEG_0196_vowel_duration	SYN_SEG_0196	SYN_SEG_SPK_06	SYN_SESSION_06	vowel_duration	initial	vowel	i	604	604.123347	123.346999999967	ms	ok		SYN_GENERATOR_11042026	SYNTHETIC_TEACHING_FIXTURE
REQ_SYN_SEG_0196_f1	SYN_SEG_0196	SYN_SEG_SPK_06	SYN_SESSION_06	f1	initial	vowel	i			345.327	Hz	ok		SYN_GENERATOR_11042026	SYNTHETIC_TEACHING_FIXTURE
REQ_SYN_SEG_0196_f2	SYN_SEG_0196	SYN_SEG_SPK_06	SYN_SESSION_06	f2	initial	vowel	i			2445.49	Hz	ok		SYN_GENERATOR_11042026	SYNTHETIC_TEACHING_FIXTURE
REQ_SYN_SEG_0196_f3	SYN_SEG_0196	SYN_SEG_SPK_06	SYN_SESSION_06	f3	initial	vowel	i			3172.028	Hz	ok		SYN_GENERATOR_11042026	SYNTHETIC_TEACHING_FIXTURE
REQ_SYN_SEG_0197_vowel_duration	SYN_SEG_0197	SYN_SEG_SPK_06	SYN_SESSION_06	vowel_duration	medial	vowel	a	605	605.180111	180.111000000011	ms	ok		SYN_GENERATOR_11042026	SYNTHETIC_TEACHING_FIXTURE
REQ_SYN_SEG_0197_f1	SYN_SEG_0197	SYN_SEG_SPK_06	SYN_SESSION_06	f1	medial	vowel	a			788.18	Hz	ok		SYN_GENERATOR_11042026	SYNTHETIC_TEACHING_FIXTURE
REQ_SYN_SEG_0197_f2	SYN_SEG_0197	SYN_SEG_SPK_06	SYN_SESSION_06	f2	medial	vowel	a			1176.266	Hz	ok		SYN_GENERATOR_11042026	SYNTHETIC_TEACHING_FIXTURE
REQ_SYN_SEG_0197_f3	SYN_SEG_0197	SYN_SEG_SPK_06	SYN_SESSION_06	f3	medial	vowel	a			2641.2	Hz	ok		SYN_GENERATOR_11042026	SYNTHETIC_TEACHING_FIXTURE
REQ_SYN_SEG_0198_vowel_duration	SYN_SEG_0198	SYN_SEG_SPK_06	SYN_SESSION_06	vowel_duration	final	vowel	u	606	606.120732	120.731999999975	ms	ok		SYN_GENERATOR_11042026	SYNTHETIC_TEACHING_FIXTURE
REQ_SYN_SEG_0198_f1	SYN_SEG_0198	SYN_SEG_SPK_06	SYN_SESSION_06	f1	final	vowel	u			351.104	Hz	ok		SYN_GENERATOR_11042026	SYNTHETIC_TEACHING_FIXTURE
REQ_SYN_SEG_0198_f2	SYN_SEG_0198	SYN_SEG_SPK_06	SYN_SESSION_06	f2	final	vowel	u			979.855	Hz	ok		SYN_GENERATOR_11042026	SYNTHETIC_TEACHING_FIXTURE
REQ_SYN_SEG_0198_f3	SYN_SEG_0198	SYN_SEG_SPK_06	SYN_SESSION_06	f3	final	vowel	u			2299.822	Hz	ok		SYN_GENERATOR_11042026	SYNTHETIC_TEACHING_FIXTURE
REQ_SYN_SEG_0199_vowel_duration	SYN_SEG_0199	SYN_SEG_SPK_06	SYN_SESSION_06	vowel_duration	initial	vowel	i	607	607.184761	184.76099999998	ms	ok		SYN_GENERATOR_11042026	SYNTHETIC_TEACHING_FIXTURE
REQ_SYN_SEG_0199_f1	SYN_SEG_0199	SYN_SEG_SPK_06	SYN_SESSION_06	f1	initial	vowel	i			257.598	Hz	ok		SYN_GENERATOR_11042026	SYNTHETIC_TEACHING_FIXTURE
REQ_SYN_SEG_0199_f2	SYN_SEG_0199	SYN_SEG_SPK_06	SYN_SESSION_06	f2	initial	vowel	i			2441.132	Hz	ok		SYN_GENERATOR_11042026	SYNTHETIC_TEACHING_FIXTURE
REQ_SYN_SEG_0199_f3	SYN_SEG_0199	SYN_SEG_SPK_06	SYN_SESSION_06	f3	initial	vowel	i			3224.331	Hz	ok		SYN_GENERATOR_11042026	SYNTHETIC_TEACHING_FIXTURE
REQ_SYN_SEG_0200_vowel_duration	SYN_SEG_0200	SYN_SEG_SPK_06	SYN_SESSION_06	vowel_duration	medial	vowel	a	608	608.155155	155.155000000036	ms	ok		SYN_GENERATOR_11042026	SYNTHETIC_TEACHING_FIXTURE
REQ_SYN_SEG_0200_f1	SYN_SEG_0200	SYN_SEG_SPK_06	SYN_SESSION_06	f1	medial	vowel	a			816.455	Hz	ok		SYN_GENERATOR_11042026	SYNTHETIC_TEACHING_FIXTURE
REQ_SYN_SEG_0200_f2	SYN_SEG_0200	SYN_SEG_SPK_06	SYN_SESSION_06	f2	medial	vowel	a			1208.067	Hz	ok		SYN_GENERATOR_11042026	SYNTHETIC_TEACHING_FIXTURE
REQ_SYN_SEG_0200_f3	SYN_SEG_0200	SYN_SEG_SPK_06	SYN_SESSION_06	f3	medial	vowel	a			2633.797	Hz	ok		SYN_GENERATOR_11042026	SYNTHETIC_TEACHING_FIXTURE
REQ_SYN_SEG_0201_vowel_duration	SYN_SEG_0201	SYN_SEG_SPK_06	SYN_SESSION_06	vowel_duration	final	vowel	u	609	609.210212	210.211999999956	ms	ok		SYN_GENERATOR_11042026	SYNTHETIC_TEACHING_FIXTURE
REQ_SYN_SEG_0201_f1	SYN_SEG_0201	SYN_SEG_SPK_06	SYN_SESSION_06	f1	final	vowel	u			388.584	Hz	ok		SYN_GENERATOR_11042026	SYNTHETIC_TEACHING_FIXTURE
REQ_SYN_SEG_0201_f2	SYN_SEG_0201	SYN_SEG_SPK_06	SYN_SESSION_06	f2	final	vowel	u			956.077	Hz	ok		SYN_GENERATOR_11042026	SYNTHETIC_TEACHING_FIXTURE
REQ_SYN_SEG_0201_f3	SYN_SEG_0201	SYN_SEG_SPK_06	SYN_SESSION_06	f3	final	vowel	u			2307.197	Hz	ok		SYN_GENERATOR_11042026	SYNTHETIC_TEACHING_FIXTURE
REQ_SYN_SEG_0202_vowel_duration	SYN_SEG_0202	SYN_SEG_SPK_06	SYN_SESSION_06	vowel_duration	initial	vowel	i	610	610.11134	111.340000000041	ms	ok		SYN_GENERATOR_11042026	SYNTHETIC_TEACHING_FIXTURE
REQ_SYN_SEG_0202_f1	SYN_SEG_0202	SYN_SEG_SPK_06	SYN_SESSION_06	f1	initial	vowel	i			347.389	Hz	ok		SYN_GENERATOR_11042026	SYNTHETIC_TEACHING_FIXTURE
REQ_SYN_SEG_0202_f2	SYN_SEG_0202	SYN_SEG_SPK_06	SYN_SESSION_06	f2	initial	vowel	i			2477.926	Hz	ok		SYN_GENERATOR_11042026	SYNTHETIC_TEACHING_FIXTURE
REQ_SYN_SEG_0202_f3	SYN_SEG_0202	SYN_SEG_SPK_06	SYN_SESSION_06	f3	initial	vowel	i			3147.961	Hz	ok		SYN_GENERATOR_11042026	SYNTHETIC_TEACHING_FIXTURE
REQ_SYN_SEG_0203_vowel_duration	SYN_SEG_0203	SYN_SEG_SPK_06	SYN_SESSION_06	vowel_duration	medial	vowel	a	611	611.218372	218.372000000045	ms	ok		SYN_GENERATOR_11042026	SYNTHETIC_TEACHING_FIXTURE
REQ_SYN_SEG_0203_f1	SYN_SEG_0203	SYN_SEG_SPK_06	SYN_SESSION_06	f1	medial	vowel	a			788.325	Hz	ok		SYN_GENERATOR_11042026	SYNTHETIC_TEACHING_FIXTURE
REQ_SYN_SEG_0203_f2	SYN_SEG_0203	SYN_SEG_SPK_06	SYN_SESSION_06	f2	medial	vowel	a			1323.391	Hz	ok		SYN_GENERATOR_11042026	SYNTHETIC_TEACHING_FIXTURE
REQ_SYN_SEG_0203_f3	SYN_SEG_0203	SYN_SEG_SPK_06	SYN_SESSION_06	f3	medial	vowel	a			2561.582	Hz	ok		SYN_GENERATOR_11042026	SYNTHETIC_TEACHING_FIXTURE
REQ_SYN_SEG_0204_vowel_duration	SYN_SEG_0204	SYN_SEG_SPK_06	SYN_SESSION_06	vowel_duration	final	vowel	u	612	612.125129	125.129000000015	ms	ok		SYN_GENERATOR_11042026	SYNTHETIC_TEACHING_FIXTURE
REQ_SYN_SEG_0204_f1	SYN_SEG_0204	SYN_SEG_SPK_06	SYN_SESSION_06	f1	final	vowel	u			361.973	Hz	ok		SYN_GENERATOR_11042026	SYNTHETIC_TEACHING_FIXTURE
REQ_SYN_SEG_0204_f2	SYN_SEG_0204	SYN_SEG_SPK_06	SYN_SESSION_06	f2	final	vowel	u			983.259	Hz	ok		SYN_GENERATOR_11042026	SYNTHETIC_TEACHING_FIXTURE
REQ_SYN_SEG_0204_f3	SYN_SEG_0204	SYN_SEG_SPK_06	SYN_SESSION_06	f3	final	vowel	u			2261.999	Hz	ok		SYN_GENERATOR_11042026	SYNTHETIC_TEACHING_FIXTURE
REQ_SYN_SEG_0205_fricative_duration	SYN_SEG_0205	SYN_SEG_SPK_06	SYN_SESSION_06	fricative_duration	initial	fricative		601	601.140038	140.038000000004	ms	ok		SYN_GENERATOR_11042026	SYNTHETIC_TEACHING_FIXTURE
REQ_SYN_SEG_0205_fricative_cog	SYN_SEG_0205	SYN_SEG_SPK_06	SYN_SESSION_06	fricative_cog	initial	fricative				6251.588	Hz	ok		SYN_GENERATOR_11042026	SYNTHETIC_TEACHING_FIXTURE
REQ_SYN_SEG_0206_fricative_duration	SYN_SEG_0206	SYN_SEG_SPK_06	SYN_SESSION_06	fricative_duration	medial	fricative		602	602.171044	171.044000000052	ms	ok		SYN_GENERATOR_11042026	SYNTHETIC_TEACHING_FIXTURE
REQ_SYN_SEG_0206_fricative_cog	SYN_SEG_0206	SYN_SEG_SPK_06	SYN_SESSION_06	fricative_cog	medial	fricative				4849.426	Hz	ok		SYN_GENERATOR_11042026	SYNTHETIC_TEACHING_FIXTURE
REQ_SYN_SEG_0207_fricative_duration	SYN_SEG_0207	SYN_SEG_SPK_06	SYN_SESSION_06	fricative_duration	final	fricative		603	603.107221	107.220999999981	ms	ok		SYN_GENERATOR_11042026	SYNTHETIC_TEACHING_FIXTURE
REQ_SYN_SEG_0207_fricative_cog	SYN_SEG_0207	SYN_SEG_SPK_06	SYN_SESSION_06	fricative_cog	final	fricative				5226.699	Hz	ok		SYN_GENERATOR_11042026	SYNTHETIC_TEACHING_FIXTURE
REQ_SYN_SEG_0208_fricative_duration	SYN_SEG_0208	SYN_SEG_SPK_06	SYN_SESSION_06	fricative_duration	initial	fricative		604	604.174228	174.227999999971	ms	ok		SYN_GENERATOR_11042026	SYNTHETIC_TEACHING_FIXTURE
REQ_SYN_SEG_0208_fricative_cog	SYN_SEG_0208	SYN_SEG_SPK_06	SYN_SESSION_06	fricative_cog	initial	fricative				6959.77	Hz	ok		SYN_GENERATOR_11042026	SYNTHETIC_TEACHING_FIXTURE
REQ_SYN_SEG_0209_fricative_duration	SYN_SEG_0209	SYN_SEG_SPK_06	SYN_SESSION_06	fricative_duration	medial	fricative		605	605.134737	134.736999999973	ms	ok		SYN_GENERATOR_11042026	SYNTHETIC_TEACHING_FIXTURE
REQ_SYN_SEG_0209_fricative_cog	SYN_SEG_0209	SYN_SEG_SPK_06	SYN_SESSION_06	fricative_cog	medial	fricative				5177.692	Hz	ok		SYN_GENERATOR_11042026	SYNTHETIC_TEACHING_FIXTURE
REQ_SYN_SEG_0210_fricative_duration	SYN_SEG_0210	SYN_SEG_SPK_06	SYN_SESSION_06	fricative_duration	final	fricative		606	606.118076	118.075999999974	ms	ok		SYN_GENERATOR_11042026	SYNTHETIC_TEACHING_FIXTURE
REQ_SYN_SEG_0210_fricative_cog	SYN_SEG_0210	SYN_SEG_SPK_06	SYN_SESSION_06	fricative_cog	final	fricative				5186.01	Hz	ok		SYN_GENERATOR_11042026	SYNTHETIC_TEACHING_FIXTURE
REQ_SYN_SEG_0211_fricative_duration	SYN_SEG_0211	SYN_SEG_SPK_06	SYN_SESSION_06	fricative_duration	initial	fricative		607	607.099995	99.9950000000354	ms	ok		SYN_GENERATOR_11042026	SYNTHETIC_TEACHING_FIXTURE
REQ_SYN_SEG_0211_fricative_cog	SYN_SEG_0211	SYN_SEG_SPK_06	SYN_SESSION_06	fricative_cog	initial	fricative				6806.573	Hz	ok		SYN_GENERATOR_11042026	SYNTHETIC_TEACHING_FIXTURE
REQ_SYN_SEG_0212_fricative_duration	SYN_SEG_0212	SYN_SEG_SPK_06	SYN_SESSION_06	fricative_duration	medial	fricative		608	608.147055	147.055000000023	ms	ok		SYN_GENERATOR_11042026	SYNTHETIC_TEACHING_FIXTURE
REQ_SYN_SEG_0212_fricative_cog	SYN_SEG_0212	SYN_SEG_SPK_06	SYN_SESSION_06	fricative_cog	medial	fricative				5047.495	Hz	ok		SYN_GENERATOR_11042026	SYNTHETIC_TEACHING_FIXTURE
REQ_SYN_SEG_0213_fricative_duration	SYN_SEG_0213	SYN_SEG_SPK_06	SYN_SESSION_06	fricative_duration	final	fricative		609	609.156797	156.796999999983	ms	ok		SYN_GENERATOR_11042026	SYNTHETIC_TEACHING_FIXTURE
REQ_SYN_SEG_0213_fricative_cog	SYN_SEG_0213	SYN_SEG_SPK_06	SYN_SESSION_06	fricative_cog	final	fricative				4964.689	Hz	ok		SYN_GENERATOR_11042026	SYNTHETIC_TEACHING_FIXTURE
REQ_SYN_SEG_0214_fricative_duration	SYN_SEG_0214	SYN_SEG_SPK_06	SYN_SESSION_06	fricative_duration	initial	fricative		610	610.138786	138.785999999982	ms	ok		SYN_GENERATOR_11042026	SYNTHETIC_TEACHING_FIXTURE
REQ_SYN_SEG_0214_fricative_cog	SYN_SEG_0214	SYN_SEG_SPK_06	SYN_SESSION_06	fricative_cog	initial	fricative				6582.363	Hz	ok		SYN_GENERATOR_11042026	SYNTHETIC_TEACHING_FIXTURE
REQ_SYN_SEG_0215_fricative_duration	SYN_SEG_0215	SYN_SEG_SPK_06	SYN_SESSION_06	fricative_duration	medial	fricative		611	611.075745	75.7449999999835	ms	ok		SYN_GENERATOR_11042026	SYNTHETIC_TEACHING_FIXTURE
REQ_SYN_SEG_0215_fricative_cog	SYN_SEG_0215	SYN_SEG_SPK_06	SYN_SESSION_06	fricative_cog	medial	fricative				4991.648	Hz	ok		SYN_GENERATOR_11042026	SYNTHETIC_TEACHING_FIXTURE
REQ_SYN_SEG_0216_fricative_duration	SYN_SEG_0216	SYN_SEG_SPK_06	SYN_SESSION_06	fricative_duration	final	fricative		612	612.080532	80.5319999999483	ms	ok		SYN_GENERATOR_11042026	SYNTHETIC_TEACHING_FIXTURE
REQ_SYN_SEG_0216_fricative_cog	SYN_SEG_0216	SYN_SEG_SPK_06	SYN_SESSION_06	fricative_cog	final	fricative				4731.089	Hz	ok		SYN_GENERATOR_11042026	SYNTHETIC_TEACHING_FIXTURE
REQ_SYN_SEG_0217_vot	SYN_SEG_0217	SYN_SEG_SPK_07	SYN_SESSION_07	vot	initial	stop		701.054088	701.06019	6.10200000005534	ms	ok		SYN_GENERATOR_11042026	SYNTHETIC_TEACHING_FIXTURE
REQ_SYN_SEG_0217_closure_duration	SYN_SEG_0217	SYN_SEG_SPK_07	SYN_SESSION_07	closure_duration	initial	stop		701	701.054088	54.0879999999788	ms	ok		SYN_GENERATOR_11042026	SYNTHETIC_TEACHING_FIXTURE
REQ_SYN_SEG_0217_vowel_onset_f0	SYN_SEG_0217	SYN_SEG_SPK_07	SYN_SESSION_07	vowel_onset_f0	initial	stop				113.542	Hz	ok		SYN_GENERATOR_11042026	SYNTHETIC_TEACHING_FIXTURE
REQ_SYN_SEG_0218_vot	SYN_SEG_0218	SYN_SEG_SPK_07	SYN_SESSION_07	vot	medial	stop		702.085255	702.125405	40.1500000000397	ms	ok		SYN_GENERATOR_11042026	SYNTHETIC_TEACHING_FIXTURE
REQ_SYN_SEG_0218_closure_duration	SYN_SEG_0218	SYN_SEG_SPK_07	SYN_SESSION_07	closure_duration	medial	stop		702	702.085255	85.254999999961	ms	ok		SYN_GENERATOR_11042026	SYNTHETIC_TEACHING_FIXTURE
REQ_SYN_SEG_0218_vowel_onset_f0	SYN_SEG_0218	SYN_SEG_SPK_07	SYN_SESSION_07	vowel_onset_f0	medial	stop				134.515	Hz	ok		SYN_GENERATOR_11042026	SYNTHETIC_TEACHING_FIXTURE
REQ_SYN_SEG_0219_vot	SYN_SEG_0219	SYN_SEG_SPK_07	SYN_SESSION_07	vot	final	stop		703.078859	703.114343	35.4839999999967	ms	ok		SYN_GENERATOR_11042026	SYNTHETIC_TEACHING_FIXTURE
REQ_SYN_SEG_0219_closure_duration	SYN_SEG_0219	SYN_SEG_SPK_07	SYN_SESSION_07	closure_duration	final	stop		703	703.078859	78.8589999999658	ms	ok		SYN_GENERATOR_11042026	SYNTHETIC_TEACHING_FIXTURE
REQ_SYN_SEG_0219_vowel_onset_f0	SYN_SEG_0219	SYN_SEG_SPK_07	SYN_SESSION_07	vowel_onset_f0	final	stop				137.365	Hz	ok		SYN_GENERATOR_11042026	SYNTHETIC_TEACHING_FIXTURE
REQ_SYN_SEG_0220_vot	SYN_SEG_0220	SYN_SEG_SPK_07	SYN_SESSION_07	vot	initial	stop		704.092793	704.147699	54.9059999999599	ms	ok		SYN_GENERATOR_11042026	SYNTHETIC_TEACHING_FIXTURE
REQ_SYN_SEG_0220_closure_duration	SYN_SEG_0220	SYN_SEG_SPK_07	SYN_SESSION_07	closure_duration	initial	stop		704	704.092793	92.7930000000288	ms	ok		SYN_GENERATOR_11042026	SYNTHETIC_TEACHING_FIXTURE
REQ_SYN_SEG_0220_vowel_onset_f0	SYN_SEG_0220	SYN_SEG_SPK_07	SYN_SESSION_07	vowel_onset_f0	initial	stop				132.081	Hz	ok		SYN_GENERATOR_11042026	SYNTHETIC_TEACHING_FIXTURE
REQ_SYN_SEG_0221_vot	SYN_SEG_0221	SYN_SEG_SPK_07	SYN_SESSION_07	vot	medial	stop		705.106168	705.099399	-6.76900000007663	ms	ok		SYN_GENERATOR_11042026	SYNTHETIC_TEACHING_FIXTURE
REQ_SYN_SEG_0221_closure_duration	SYN_SEG_0221	SYN_SEG_SPK_07	SYN_SESSION_07	closure_duration	medial	stop		705	705.106168	106.168000000025	ms	ok		SYN_GENERATOR_11042026	SYNTHETIC_TEACHING_FIXTURE
REQ_SYN_SEG_0221_vowel_onset_f0	SYN_SEG_0221	SYN_SEG_SPK_07	SYN_SESSION_07	vowel_onset_f0	medial	stop				111.643	Hz	ok		SYN_GENERATOR_11042026	SYNTHETIC_TEACHING_FIXTURE
REQ_SYN_SEG_0222_vot	SYN_SEG_0222	SYN_SEG_SPK_07	SYN_SESSION_07	vot	final	stop		706.083374	706.081597	-1.77700000006098	ms	ok		SYN_GENERATOR_11042026	SYNTHETIC_TEACHING_FIXTURE
REQ_SYN_SEG_0222_closure_duration	SYN_SEG_0222	SYN_SEG_SPK_07	SYN_SESSION_07	closure_duration	final	stop		706	706.083374	83.3740000000489	ms	ok		SYN_GENERATOR_11042026	SYNTHETIC_TEACHING_FIXTURE
REQ_SYN_SEG_0222_vowel_onset_f0	SYN_SEG_0222	SYN_SEG_SPK_07	SYN_SESSION_07	vowel_onset_f0	final	stop				105.498	Hz	ok		SYN_GENERATOR_11042026	SYNTHETIC_TEACHING_FIXTURE
REQ_SYN_SEG_0223_vot	SYN_SEG_0223	SYN_SEG_SPK_07	SYN_SESSION_07	vot	initial	stop		707.046401	707.042487	-3.91399999989517	ms	ok		SYN_GENERATOR_11042026	SYNTHETIC_TEACHING_FIXTURE
REQ_SYN_SEG_0223_closure_duration	SYN_SEG_0223	SYN_SEG_SPK_07	SYN_SESSION_07	closure_duration	initial	stop		707	707.046401	46.4009999999462	ms	ok		SYN_GENERATOR_11042026	SYNTHETIC_TEACHING_FIXTURE
REQ_SYN_SEG_0223_vowel_onset_f0	SYN_SEG_0223	SYN_SEG_SPK_07	SYN_SESSION_07	vowel_onset_f0	initial	stop				107.554	Hz	ok		SYN_GENERATOR_11042026	SYNTHETIC_TEACHING_FIXTURE
REQ_SYN_SEG_0224_vot	SYN_SEG_0224	SYN_SEG_SPK_07	SYN_SESSION_07	vot	medial	stop		708.092067	708.147076	55.0089999999273	ms	ok		SYN_GENERATOR_11042026	SYNTHETIC_TEACHING_FIXTURE
REQ_SYN_SEG_0224_closure_duration	SYN_SEG_0224	SYN_SEG_SPK_07	SYN_SESSION_07	closure_duration	medial	stop		708	708.092067	92.0670000000428	ms	ok		SYN_GENERATOR_11042026	SYNTHETIC_TEACHING_FIXTURE
REQ_SYN_SEG_0224_vowel_onset_f0	SYN_SEG_0224	SYN_SEG_SPK_07	SYN_SESSION_07	vowel_onset_f0	medial	stop				145.052	Hz	ok		SYN_GENERATOR_11042026	SYNTHETIC_TEACHING_FIXTURE
REQ_SYN_SEG_0225_vot	SYN_SEG_0225	SYN_SEG_SPK_07	SYN_SESSION_07	vot	final	stop		709.062472	709.058661	-3.81099999992784	ms	ok		SYN_GENERATOR_11042026	SYNTHETIC_TEACHING_FIXTURE
REQ_SYN_SEG_0225_closure_duration	SYN_SEG_0225	SYN_SEG_SPK_07	SYN_SESSION_07	closure_duration	final	stop		709	709.062472	62.471999999957	ms	ok		SYN_GENERATOR_11042026	SYNTHETIC_TEACHING_FIXTURE
REQ_SYN_SEG_0225_vowel_onset_f0	SYN_SEG_0225	SYN_SEG_SPK_07	SYN_SESSION_07	vowel_onset_f0	final	stop				110.772	Hz	ok		SYN_GENERATOR_11042026	SYNTHETIC_TEACHING_FIXTURE
REQ_SYN_SEG_0226_vot	SYN_SEG_0226	SYN_SEG_SPK_07	SYN_SESSION_07	vot	initial	stop		710.084016	710.101123	17.10700000001	ms	ok		SYN_GENERATOR_11042026	SYNTHETIC_TEACHING_FIXTURE
REQ_SYN_SEG_0226_closure_duration	SYN_SEG_0226	SYN_SEG_SPK_07	SYN_SESSION_07	closure_duration	initial	stop		710	710.084016	84.0160000000196	ms	ok		SYN_GENERATOR_11042026	SYNTHETIC_TEACHING_FIXTURE
REQ_SYN_SEG_0226_vowel_onset_f0	SYN_SEG_0226	SYN_SEG_SPK_07	SYN_SESSION_07	vowel_onset_f0	initial	stop				103.826	Hz	ok		SYN_GENERATOR_11042026	SYNTHETIC_TEACHING_FIXTURE
REQ_SYN_SEG_0227_vot	SYN_SEG_0227	SYN_SEG_SPK_07	SYN_SESSION_07	vot	medial	stop		711.08142	711.155028	73.6080000000356	ms	ok		SYN_GENERATOR_11042026	SYNTHETIC_TEACHING_FIXTURE
REQ_SYN_SEG_0227_closure_duration	SYN_SEG_0227	SYN_SEG_SPK_07	SYN_SESSION_07	closure_duration	medial	stop		711	711.08142	81.4199999999801	ms	ok		SYN_GENERATOR_11042026	SYNTHETIC_TEACHING_FIXTURE
REQ_SYN_SEG_0227_vowel_onset_f0	SYN_SEG_0227	SYN_SEG_SPK_07	SYN_SESSION_07	vowel_onset_f0	medial	stop				140.405	Hz	ok		SYN_GENERATOR_11042026	SYNTHETIC_TEACHING_FIXTURE
REQ_SYN_SEG_0228_vot	SYN_SEG_0228	SYN_SEG_SPK_07	SYN_SESSION_07	vot	final	stop		712.094938	712.137511	42.5730000000613	ms	ok		SYN_GENERATOR_11042026	SYNTHETIC_TEACHING_FIXTURE
REQ_SYN_SEG_0228_closure_duration	SYN_SEG_0228	SYN_SEG_SPK_07	SYN_SESSION_07	closure_duration	final	stop		712	712.094938	94.9379999999564	ms	ok		SYN_GENERATOR_11042026	SYNTHETIC_TEACHING_FIXTURE
REQ_SYN_SEG_0228_vowel_onset_f0	SYN_SEG_0228	SYN_SEG_SPK_07	SYN_SESSION_07	vowel_onset_f0	final	stop				132.19	Hz	ok		SYN_GENERATOR_11042026	SYNTHETIC_TEACHING_FIXTURE
REQ_SYN_SEG_0229_vowel_duration	SYN_SEG_0229	SYN_SEG_SPK_07	SYN_SESSION_07	vowel_duration	initial	vowel	i	701	701.160514	160.514000000035	ms	ok		SYN_GENERATOR_11042026	SYNTHETIC_TEACHING_FIXTURE
REQ_SYN_SEG_0229_f1	SYN_SEG_0229	SYN_SEG_SPK_07	SYN_SESSION_07	f1	initial	vowel	i			339.34	Hz	ok		SYN_GENERATOR_11042026	SYNTHETIC_TEACHING_FIXTURE
REQ_SYN_SEG_0229_f2	SYN_SEG_0229	SYN_SEG_SPK_07	SYN_SESSION_07	f2	initial	vowel	i			2543.201	Hz	ok		SYN_GENERATOR_11042026	SYNTHETIC_TEACHING_FIXTURE
REQ_SYN_SEG_0229_f3	SYN_SEG_0229	SYN_SEG_SPK_07	SYN_SESSION_07	f3	initial	vowel	i			3310.382	Hz	ok		SYN_GENERATOR_11042026	SYNTHETIC_TEACHING_FIXTURE
REQ_SYN_SEG_0230_vowel_duration	SYN_SEG_0230	SYN_SEG_SPK_07	SYN_SESSION_07	vowel_duration	medial	vowel	a	702	702.081488	81.4880000000358	ms	ok		SYN_GENERATOR_11042026	SYNTHETIC_TEACHING_FIXTURE
REQ_SYN_SEG_0230_f1	SYN_SEG_0230	SYN_SEG_SPK_07	SYN_SESSION_07	f1	medial	vowel	a			823.552	Hz	ok		SYN_GENERATOR_11042026	SYNTHETIC_TEACHING_FIXTURE
REQ_SYN_SEG_0230_f2	SYN_SEG_0230	SYN_SEG_SPK_07	SYN_SESSION_07	f2	medial	vowel	a			1343.012	Hz	ok		SYN_GENERATOR_11042026	SYNTHETIC_TEACHING_FIXTURE
REQ_SYN_SEG_0230_f3	SYN_SEG_0230	SYN_SEG_SPK_07	SYN_SESSION_07	f3	medial	vowel	a			2723.746	Hz	ok		SYN_GENERATOR_11042026	SYNTHETIC_TEACHING_FIXTURE
REQ_SYN_SEG_0231_vowel_duration	SYN_SEG_0231	SYN_SEG_SPK_07	SYN_SESSION_07	vowel_duration	final	vowel	u	703	703.16809	168.090000000007	ms	ok		SYN_GENERATOR_11042026	SYNTHETIC_TEACHING_FIXTURE
REQ_SYN_SEG_0231_f1	SYN_SEG_0231	SYN_SEG_SPK_07	SYN_SESSION_07	f1	final	vowel	u			406.312	Hz	ok		SYN_GENERATOR_11042026	SYNTHETIC_TEACHING_FIXTURE
REQ_SYN_SEG_0231_f2	SYN_SEG_0231	SYN_SEG_SPK_07	SYN_SESSION_07	f2	final	vowel	u			934.673	Hz	ok		SYN_GENERATOR_11042026	SYNTHETIC_TEACHING_FIXTURE
REQ_SYN_SEG_0231_f3	SYN_SEG_0231	SYN_SEG_SPK_07	SYN_SESSION_07	f3	final	vowel	u			2439.265	Hz	ok		SYN_GENERATOR_11042026	SYNTHETIC_TEACHING_FIXTURE
REQ_SYN_SEG_0232_vowel_duration	SYN_SEG_0232	SYN_SEG_SPK_07	SYN_SESSION_07	vowel_duration	initial	vowel	i	704	704.191214	191.213999999945	ms	ok		SYN_GENERATOR_11042026	SYNTHETIC_TEACHING_FIXTURE
REQ_SYN_SEG_0232_f1	SYN_SEG_0232	SYN_SEG_SPK_07	SYN_SESSION_07	f1	initial	vowel	i			325.446	Hz	ok		SYN_GENERATOR_11042026	SYNTHETIC_TEACHING_FIXTURE
REQ_SYN_SEG_0232_f2	SYN_SEG_0232	SYN_SEG_SPK_07	SYN_SESSION_07	f2	initial	vowel	i			2435.283	Hz	ok		SYN_GENERATOR_11042026	SYNTHETIC_TEACHING_FIXTURE
REQ_SYN_SEG_0232_f3	SYN_SEG_0232	SYN_SEG_SPK_07	SYN_SESSION_07	f3	initial	vowel	i			3367.436	Hz	ok		SYN_GENERATOR_11042026	SYNTHETIC_TEACHING_FIXTURE
REQ_SYN_SEG_0233_vowel_duration	SYN_SEG_0233	SYN_SEG_SPK_07	SYN_SESSION_07	vowel_duration	medial	vowel	a	705	705.122088	122.087999999962	ms	ok		SYN_GENERATOR_11042026	SYNTHETIC_TEACHING_FIXTURE
REQ_SYN_SEG_0233_f1	SYN_SEG_0233	SYN_SEG_SPK_07	SYN_SESSION_07	f1	medial	vowel	a			800.519	Hz	ok		SYN_GENERATOR_11042026	SYNTHETIC_TEACHING_FIXTURE
REQ_SYN_SEG_0233_f2	SYN_SEG_0233	SYN_SEG_SPK_07	SYN_SESSION_07	f2	medial	vowel	a			1274.409	Hz	ok		SYN_GENERATOR_11042026	SYNTHETIC_TEACHING_FIXTURE
REQ_SYN_SEG_0233_f3	SYN_SEG_0233	SYN_SEG_SPK_07	SYN_SESSION_07	f3	medial	vowel	a			2729.46	Hz	ok		SYN_GENERATOR_11042026	SYNTHETIC_TEACHING_FIXTURE
REQ_SYN_SEG_0234_vowel_duration	SYN_SEG_0234	SYN_SEG_SPK_07	SYN_SESSION_07	vowel_duration	final	vowel	u	706	706.078414	78.4139999999525	ms	ok		SYN_GENERATOR_11042026	SYNTHETIC_TEACHING_FIXTURE
REQ_SYN_SEG_0234_f1	SYN_SEG_0234	SYN_SEG_SPK_07	SYN_SESSION_07	f1	final	vowel	u			393.865	Hz	ok		SYN_GENERATOR_11042026	SYNTHETIC_TEACHING_FIXTURE
REQ_SYN_SEG_0234_f2	SYN_SEG_0234	SYN_SEG_SPK_07	SYN_SESSION_07	f2	final	vowel	u			997.284	Hz	ok		SYN_GENERATOR_11042026	SYNTHETIC_TEACHING_FIXTURE
REQ_SYN_SEG_0234_f3	SYN_SEG_0234	SYN_SEG_SPK_07	SYN_SESSION_07	f3	final	vowel	u			2390.348	Hz	ok		SYN_GENERATOR_11042026	SYNTHETIC_TEACHING_FIXTURE
REQ_SYN_SEG_0235_vowel_duration	SYN_SEG_0235	SYN_SEG_SPK_07	SYN_SESSION_07	vowel_duration	initial	vowel	i	707	707.097322	97.3219999999628	ms	ok		SYN_GENERATOR_11042026	SYNTHETIC_TEACHING_FIXTURE
REQ_SYN_SEG_0235_f1	SYN_SEG_0235	SYN_SEG_SPK_07	SYN_SESSION_07	f1	initial	vowel	i			266.184	Hz	ok		SYN_GENERATOR_11042026	SYNTHETIC_TEACHING_FIXTURE
REQ_SYN_SEG_0235_f2	SYN_SEG_0235	SYN_SEG_SPK_07	SYN_SESSION_07	f2	initial	vowel	i			2529.257	Hz	ok		SYN_GENERATOR_11042026	SYNTHETIC_TEACHING_FIXTURE
REQ_SYN_SEG_0235_f3	SYN_SEG_0235	SYN_SEG_SPK_07	SYN_SESSION_07	f3	initial	vowel	i			3266.015	Hz	ok		SYN_GENERATOR_11042026	SYNTHETIC_TEACHING_FIXTURE
REQ_SYN_SEG_0236_vowel_duration	SYN_SEG_0236	SYN_SEG_SPK_07	SYN_SESSION_07	vowel_duration	medial	vowel	a	708	708.196233	196.233000000007	ms	ok		SYN_GENERATOR_11042026	SYNTHETIC_TEACHING_FIXTURE
REQ_SYN_SEG_0236_f1	SYN_SEG_0236	SYN_SEG_SPK_07	SYN_SESSION_07	f1	medial	vowel	a			845.574	Hz	ok		SYN_GENERATOR_11042026	SYNTHETIC_TEACHING_FIXTURE
REQ_SYN_SEG_0236_f2	SYN_SEG_0236	SYN_SEG_SPK_07	SYN_SESSION_07	f2	medial	vowel	a			1329.01	Hz	ok		SYN_GENERATOR_11042026	SYNTHETIC_TEACHING_FIXTURE
REQ_SYN_SEG_0236_f3	SYN_SEG_0236	SYN_SEG_SPK_07	SYN_SESSION_07	f3	medial	vowel	a			2729.998	Hz	ok		SYN_GENERATOR_11042026	SYNTHETIC_TEACHING_FIXTURE
REQ_SYN_SEG_0237_vowel_duration	SYN_SEG_0237	SYN_SEG_SPK_07	SYN_SESSION_07	vowel_duration	final	vowel	u	709	709.20221	202.210000000036	ms	ok		SYN_GENERATOR_11042026	SYNTHETIC_TEACHING_FIXTURE
REQ_SYN_SEG_0237_f1	SYN_SEG_0237	SYN_SEG_SPK_07	SYN_SESSION_07	f1	final	vowel	u			385.637	Hz	ok		SYN_GENERATOR_11042026	SYNTHETIC_TEACHING_FIXTURE
REQ_SYN_SEG_0237_f2	SYN_SEG_0237	SYN_SEG_SPK_07	SYN_SESSION_07	f2	final	vowel	u			991.099	Hz	ok		SYN_GENERATOR_11042026	SYNTHETIC_TEACHING_FIXTURE
REQ_SYN_SEG_0237_f3	SYN_SEG_0237	SYN_SEG_SPK_07	SYN_SESSION_07	f3	final	vowel	u			2344.797	Hz	ok		SYN_GENERATOR_11042026	SYNTHETIC_TEACHING_FIXTURE
REQ_SYN_SEG_0238_vowel_duration	SYN_SEG_0238	SYN_SEG_SPK_07	SYN_SESSION_07	vowel_duration	initial	vowel	i	710	710.184155	184.155000000032	ms	ok		SYN_GENERATOR_11042026	SYNTHETIC_TEACHING_FIXTURE
REQ_SYN_SEG_0238_f1	SYN_SEG_0238	SYN_SEG_SPK_07	SYN_SESSION_07	f1	initial	vowel	i			318.363	Hz	ok		SYN_GENERATOR_11042026	SYNTHETIC_TEACHING_FIXTURE
REQ_SYN_SEG_0238_f2	SYN_SEG_0238	SYN_SEG_SPK_07	SYN_SESSION_07	f2	initial	vowel	i			2510.003	Hz	ok		SYN_GENERATOR_11042026	SYNTHETIC_TEACHING_FIXTURE
REQ_SYN_SEG_0238_f3	SYN_SEG_0238	SYN_SEG_SPK_07	SYN_SESSION_07	f3	initial	vowel	i			3325.125	Hz	ok		SYN_GENERATOR_11042026	SYNTHETIC_TEACHING_FIXTURE
REQ_SYN_SEG_0239_vowel_duration	SYN_SEG_0239	SYN_SEG_SPK_07	SYN_SESSION_07	vowel_duration	medial	vowel	a	711	711.199564	199.564000000009	ms	ok		SYN_GENERATOR_11042026	SYNTHETIC_TEACHING_FIXTURE
REQ_SYN_SEG_0239_f1	SYN_SEG_0239	SYN_SEG_SPK_07	SYN_SESSION_07	f1	medial	vowel	a			873.941	Hz	ok		SYN_GENERATOR_11042026	SYNTHETIC_TEACHING_FIXTURE
REQ_SYN_SEG_0239_f2	SYN_SEG_0239	SYN_SEG_SPK_07	SYN_SESSION_07	f2	medial	vowel	a			1299.433	Hz	ok		SYN_GENERATOR_11042026	SYNTHETIC_TEACHING_FIXTURE
REQ_SYN_SEG_0239_f3	SYN_SEG_0239	SYN_SEG_SPK_07	SYN_SESSION_07	f3	medial	vowel	a			2769.629	Hz	ok		SYN_GENERATOR_11042026	SYNTHETIC_TEACHING_FIXTURE
REQ_SYN_SEG_0240_vowel_duration	SYN_SEG_0240	SYN_SEG_SPK_07	SYN_SESSION_07	vowel_duration	final	vowel	u	712	712.207436	207.43600000003	ms	ok		SYN_GENERATOR_11042026	SYNTHETIC_TEACHING_FIXTURE
REQ_SYN_SEG_0240_f1	SYN_SEG_0240	SYN_SEG_SPK_07	SYN_SESSION_07	f1	final	vowel	u			390.892	Hz	ok		SYN_GENERATOR_11042026	SYNTHETIC_TEACHING_FIXTURE
REQ_SYN_SEG_0240_f2	SYN_SEG_0240	SYN_SEG_SPK_07	SYN_SESSION_07	f2	final	vowel	u			1023.134	Hz	ok		SYN_GENERATOR_11042026	SYNTHETIC_TEACHING_FIXTURE
REQ_SYN_SEG_0240_f3	SYN_SEG_0240	SYN_SEG_SPK_07	SYN_SESSION_07	f3	final	vowel	u			2367.972	Hz	ok		SYN_GENERATOR_11042026	SYNTHETIC_TEACHING_FIXTURE
REQ_SYN_SEG_0241_fricative_duration	SYN_SEG_0241	SYN_SEG_SPK_07	SYN_SESSION_07	fricative_duration	initial	fricative		701	701.115502	115.501999999992	ms	ok		SYN_GENERATOR_11042026	SYNTHETIC_TEACHING_FIXTURE
REQ_SYN_SEG_0241_fricative_cog	SYN_SEG_0241	SYN_SEG_SPK_07	SYN_SESSION_07	fricative_cog	initial	fricative				6832.696	Hz	ok		SYN_GENERATOR_11042026	SYNTHETIC_TEACHING_FIXTURE
REQ_SYN_SEG_0242_fricative_duration	SYN_SEG_0242	SYN_SEG_SPK_07	SYN_SESSION_07	fricative_duration	medial	fricative		702	702.08015	80.1500000000033	ms	ok		SYN_GENERATOR_11042026	SYNTHETIC_TEACHING_FIXTURE
REQ_SYN_SEG_0242_fricative_cog	SYN_SEG_0242	SYN_SEG_SPK_07	SYN_SESSION_07	fricative_cog	medial	fricative				4930.07	Hz	ok		SYN_GENERATOR_11042026	SYNTHETIC_TEACHING_FIXTURE
REQ_SYN_SEG_0243_fricative_duration	SYN_SEG_0243	SYN_SEG_SPK_07	SYN_SESSION_07	fricative_duration	final	fricative		703	703.176548	176.548000000025	ms	ok		SYN_GENERATOR_11042026	SYNTHETIC_TEACHING_FIXTURE
REQ_SYN_SEG_0243_fricative_cog	SYN_SEG_0243	SYN_SEG_SPK_07	SYN_SESSION_07	fricative_cog	final	fricative				5393.309	Hz	ok		SYN_GENERATOR_11042026	SYNTHETIC_TEACHING_FIXTURE
REQ_SYN_SEG_0244_fricative_duration	SYN_SEG_0244	SYN_SEG_SPK_07	SYN_SESSION_07	fricative_duration	initial	fricative		704	704.09946	99.4600000000219	ms	ok		SYN_GENERATOR_11042026	SYNTHETIC_TEACHING_FIXTURE
REQ_SYN_SEG_0244_fricative_cog	SYN_SEG_0244	SYN_SEG_SPK_07	SYN_SESSION_07	fricative_cog	initial	fricative				7088.403	Hz	ok		SYN_GENERATOR_11042026	SYNTHETIC_TEACHING_FIXTURE
REQ_SYN_SEG_0245_fricative_duration	SYN_SEG_0245	SYN_SEG_SPK_07	SYN_SESSION_07	fricative_duration	medial	fricative		705	705.159382	159.382000000051	ms	ok		SYN_GENERATOR_11042026	SYNTHETIC_TEACHING_FIXTURE
REQ_SYN_SEG_0245_fricative_cog	SYN_SEG_0245	SYN_SEG_SPK_07	SYN_SESSION_07	fricative_cog	medial	fricative				5482.732	Hz	ok		SYN_GENERATOR_11042026	SYNTHETIC_TEACHING_FIXTURE
REQ_SYN_SEG_0246_fricative_duration	SYN_SEG_0246	SYN_SEG_SPK_07	SYN_SESSION_07	fricative_duration	final	fricative		706	706.099381	99.380999999994	ms	ok		SYN_GENERATOR_11042026	SYNTHETIC_TEACHING_FIXTURE
REQ_SYN_SEG_0246_fricative_cog	SYN_SEG_0246	SYN_SEG_SPK_07	SYN_SESSION_07	fricative_cog	final	fricative				5127.178	Hz	ok		SYN_GENERATOR_11042026	SYNTHETIC_TEACHING_FIXTURE
REQ_SYN_SEG_0247_fricative_duration	SYN_SEG_0247	SYN_SEG_SPK_07	SYN_SESSION_07	fricative_duration	initial	fricative		707	707.139478	139.478000000054	ms	ok		SYN_GENERATOR_11042026	SYNTHETIC_TEACHING_FIXTURE
REQ_SYN_SEG_0247_fricative_cog	SYN_SEG_0247	SYN_SEG_SPK_07	SYN_SESSION_07	fricative_cog	initial	fricative				6762.53	Hz	ok		SYN_GENERATOR_11042026	SYNTHETIC_TEACHING_FIXTURE
REQ_SYN_SEG_0248_fricative_duration	SYN_SEG_0248	SYN_SEG_SPK_07	SYN_SESSION_07	fricative_duration	medial	fricative		708	708.09566	95.6599999999526	ms	ok		SYN_GENERATOR_11042026	SYNTHETIC_TEACHING_FIXTURE
REQ_SYN_SEG_0248_fricative_cog	SYN_SEG_0248	SYN_SEG_SPK_07	SYN_SESSION_07	fricative_cog	medial	fricative				4988.056	Hz	ok		SYN_GENERATOR_11042026	SYNTHETIC_TEACHING_FIXTURE
REQ_SYN_SEG_0249_fricative_duration	SYN_SEG_0249	SYN_SEG_SPK_07	SYN_SESSION_07	fricative_duration	final	fricative		709	709.112873	112.873000000036	ms	ok		SYN_GENERATOR_11042026	SYNTHETIC_TEACHING_FIXTURE
REQ_SYN_SEG_0249_fricative_cog	SYN_SEG_0249	SYN_SEG_SPK_07	SYN_SESSION_07	fricative_cog	final	fricative				5185.683	Hz	ok		SYN_GENERATOR_11042026	SYNTHETIC_TEACHING_FIXTURE
REQ_SYN_SEG_0250_fricative_duration	SYN_SEG_0250	SYN_SEG_SPK_07	SYN_SESSION_07	fricative_duration	initial	fricative		710	710.133184	133.184000000028	ms	ok		SYN_GENERATOR_11042026	SYNTHETIC_TEACHING_FIXTURE
REQ_SYN_SEG_0250_fricative_cog	SYN_SEG_0250	SYN_SEG_SPK_07	SYN_SESSION_07	fricative_cog	initial	fricative				6559.215	Hz	ok		SYN_GENERATOR_11042026	SYNTHETIC_TEACHING_FIXTURE
REQ_SYN_SEG_0251_fricative_duration	SYN_SEG_0251	SYN_SEG_SPK_07	SYN_SESSION_07	fricative_duration	medial	fricative		711	711.074604	74.6040000000221	ms	ok		SYN_GENERATOR_11042026	SYNTHETIC_TEACHING_FIXTURE
REQ_SYN_SEG_0251_fricative_cog	SYN_SEG_0251	SYN_SEG_SPK_07	SYN_SESSION_07	fricative_cog	medial	fricative				5398.433	Hz	ok		SYN_GENERATOR_11042026	SYNTHETIC_TEACHING_FIXTURE
REQ_SYN_SEG_0252_fricative_duration	SYN_SEG_0252	SYN_SEG_SPK_07	SYN_SESSION_07	fricative_duration	final	fricative		712	712.070977	70.9769999999708	ms	ok		SYN_GENERATOR_11042026	SYNTHETIC_TEACHING_FIXTURE
REQ_SYN_SEG_0252_fricative_cog	SYN_SEG_0252	SYN_SEG_SPK_07	SYN_SESSION_07	fricative_cog	final	fricative				4971.285	Hz	ok		SYN_GENERATOR_11042026	SYNTHETIC_TEACHING_FIXTURE
REQ_SYN_SEG_0253_vot	SYN_SEG_0253	SYN_SEG_SPK_08	SYN_SESSION_08	vot	initial	stop		801.073183	801.066364	-6.81899999995039	ms	ok		SYN_GENERATOR_11042026	SYNTHETIC_TEACHING_FIXTURE
REQ_SYN_SEG_0253_closure_duration	SYN_SEG_0253	SYN_SEG_SPK_08	SYN_SESSION_08	closure_duration	initial	stop		801	801.073183	73.1829999999718	ms	ok		SYN_GENERATOR_11042026	SYNTHETIC_TEACHING_FIXTURE
REQ_SYN_SEG_0253_vowel_onset_f0	SYN_SEG_0253	SYN_SEG_SPK_08	SYN_SESSION_08	vowel_onset_f0	initial	stop				115.299	Hz	ok		SYN_GENERATOR_11042026	SYNTHETIC_TEACHING_FIXTURE
REQ_SYN_SEG_0254_vot	SYN_SEG_0254	SYN_SEG_SPK_08	SYN_SESSION_08	vot	medial	stop		802.095339	802.117652	22.3130000000538	ms	ok		SYN_GENERATOR_11042026	SYNTHETIC_TEACHING_FIXTURE
REQ_SYN_SEG_0254_closure_duration	SYN_SEG_0254	SYN_SEG_SPK_08	SYN_SESSION_08	closure_duration	medial	stop		802	802.095339	95.3389999999672	ms	ok		SYN_GENERATOR_11042026	SYNTHETIC_TEACHING_FIXTURE
REQ_SYN_SEG_0254_vowel_onset_f0	SYN_SEG_0254	SYN_SEG_SPK_08	SYN_SESSION_08	vowel_onset_f0	medial	stop				114.026	Hz	ok		SYN_GENERATOR_11042026	SYNTHETIC_TEACHING_FIXTURE
REQ_SYN_SEG_0255_vot	SYN_SEG_0255	SYN_SEG_SPK_08	SYN_SESSION_08	vot	final	stop		803.084217	803.147536	63.3189999999786	ms	ok		SYN_GENERATOR_11042026	SYNTHETIC_TEACHING_FIXTURE
REQ_SYN_SEG_0255_closure_duration	SYN_SEG_0255	SYN_SEG_SPK_08	SYN_SESSION_08	closure_duration	final	stop		803	803.084217	84.2169999999669	ms	ok		SYN_GENERATOR_11042026	SYNTHETIC_TEACHING_FIXTURE
REQ_SYN_SEG_0255_vowel_onset_f0	SYN_SEG_0255	SYN_SEG_SPK_08	SYN_SESSION_08	vowel_onset_f0	final	stop				138.916	Hz	ok		SYN_GENERATOR_11042026	SYNTHETIC_TEACHING_FIXTURE
REQ_SYN_SEG_0256_vot	SYN_SEG_0256	SYN_SEG_SPK_08	SYN_SESSION_08	vot	initial	stop		804.09683	804.126031	29.2010000000573	ms	ok		SYN_GENERATOR_11042026	SYNTHETIC_TEACHING_FIXTURE
REQ_SYN_SEG_0256_closure_duration	SYN_SEG_0256	SYN_SEG_SPK_08	SYN_SESSION_08	closure_duration	initial	stop		804	804.09683	96.8299999999545	ms	ok		SYN_GENERATOR_11042026	SYNTHETIC_TEACHING_FIXTURE
REQ_SYN_SEG_0256_vowel_onset_f0	SYN_SEG_0256	SYN_SEG_SPK_08	SYN_SESSION_08	vowel_onset_f0	initial	stop				123.407	Hz	ok		SYN_GENERATOR_11042026	SYNTHETIC_TEACHING_FIXTURE
REQ_SYN_SEG_0257_vot	SYN_SEG_0257	SYN_SEG_SPK_08	SYN_SESSION_08	vot	medial	stop		805.055539	805.124761	69.2220000000816	ms	ok		SYN_GENERATOR_11042026	SYNTHETIC_TEACHING_FIXTURE
REQ_SYN_SEG_0257_closure_duration	SYN_SEG_0257	SYN_SEG_SPK_08	SYN_SESSION_08	closure_duration	medial	stop		805	805.055539	55.5389999999534	ms	ok		SYN_GENERATOR_11042026	SYNTHETIC_TEACHING_FIXTURE
REQ_SYN_SEG_0257_vowel_onset_f0	SYN_SEG_0257	SYN_SEG_SPK_08	SYN_SESSION_08	vowel_onset_f0	medial	stop				144.43	Hz	ok		SYN_GENERATOR_11042026	SYNTHETIC_TEACHING_FIXTURE
REQ_SYN_SEG_0258_vot	SYN_SEG_0258	SYN_SEG_SPK_08	SYN_SESSION_08	vot	final	stop		806.057649	806.095278	37.6290000000381	ms	ok		SYN_GENERATOR_11042026	SYNTHETIC_TEACHING_FIXTURE
REQ_SYN_SEG_0258_closure_duration	SYN_SEG_0258	SYN_SEG_SPK_08	SYN_SESSION_08	closure_duration	final	stop		806	806.057649	57.6489999999694	ms	ok		SYN_GENERATOR_11042026	SYNTHETIC_TEACHING_FIXTURE
REQ_SYN_SEG_0258_vowel_onset_f0	SYN_SEG_0258	SYN_SEG_SPK_08	SYN_SESSION_08	vowel_onset_f0	final	stop				144.132	Hz	ok		SYN_GENERATOR_11042026	SYNTHETIC_TEACHING_FIXTURE
REQ_SYN_SEG_0259_vot	SYN_SEG_0259	SYN_SEG_SPK_08	SYN_SESSION_08	vot	initial	stop		807.06666	807.132417	65.757000000076	ms	ok		SYN_GENERATOR_11042026	SYNTHETIC_TEACHING_FIXTURE
REQ_SYN_SEG_0259_closure_duration	SYN_SEG_0259	SYN_SEG_SPK_08	SYN_SESSION_08	closure_duration	initial	stop		807	807.06666	66.6599999999562	ms	ok		SYN_GENERATOR_11042026	SYNTHETIC_TEACHING_FIXTURE
REQ_SYN_SEG_0259_vowel_onset_f0	SYN_SEG_0259	SYN_SEG_SPK_08	SYN_SESSION_08	vowel_onset_f0	initial	stop				150.207	Hz	ok		SYN_GENERATOR_11042026	SYNTHETIC_TEACHING_FIXTURE
REQ_SYN_SEG_0260_vot	SYN_SEG_0260	SYN_SEG_SPK_08	SYN_SESSION_08	vot	medial	stop		808.077366	808.070376	-6.98999999997341	ms	ok		SYN_GENERATOR_11042026	SYNTHETIC_TEACHING_FIXTURE
REQ_SYN_SEG_0260_closure_duration	SYN_SEG_0260	SYN_SEG_SPK_08	SYN_SESSION_08	closure_duration	medial	stop		808	808.077366	77.3659999999836	ms	ok		SYN_GENERATOR_11042026	SYNTHETIC_TEACHING_FIXTURE
REQ_SYN_SEG_0260_vowel_onset_f0	SYN_SEG_0260	SYN_SEG_SPK_08	SYN_SESSION_08	vowel_onset_f0	medial	stop				112.539	Hz	ok		SYN_GENERATOR_11042026	SYNTHETIC_TEACHING_FIXTURE
REQ_SYN_SEG_0261_vot	SYN_SEG_0261	SYN_SEG_SPK_08	SYN_SESSION_08	vot	final	stop		809.103744	809.141715	37.9709999999704	ms	ok		SYN_GENERATOR_11042026	SYNTHETIC_TEACHING_FIXTURE
REQ_SYN_SEG_0261_closure_duration	SYN_SEG_0261	SYN_SEG_SPK_08	SYN_SESSION_08	closure_duration	final	stop		809	809.103744	103.744000000006	ms	ok		SYN_GENERATOR_11042026	SYNTHETIC_TEACHING_FIXTURE
REQ_SYN_SEG_0261_vowel_onset_f0	SYN_SEG_0261	SYN_SEG_SPK_08	SYN_SESSION_08	vowel_onset_f0	final	stop				145.262	Hz	ok		SYN_GENERATOR_11042026	SYNTHETIC_TEACHING_FIXTURE
REQ_SYN_SEG_0262_vot	SYN_SEG_0262	SYN_SEG_SPK_08	SYN_SESSION_08	vot	initial	stop		810.048378	810.032178	-16.1999999999125	ms	ok		SYN_GENERATOR_11042026	SYNTHETIC_TEACHING_FIXTURE
REQ_SYN_SEG_0262_closure_duration	SYN_SEG_0262	SYN_SEG_SPK_08	SYN_SESSION_08	closure_duration	initial	stop		810	810.048378	48.377999999957	ms	ok		SYN_GENERATOR_11042026	SYNTHETIC_TEACHING_FIXTURE
REQ_SYN_SEG_0262_vowel_onset_f0	SYN_SEG_0262	SYN_SEG_SPK_08	SYN_SESSION_08	vowel_onset_f0	initial	stop				121.578	Hz	ok		SYN_GENERATOR_11042026	SYNTHETIC_TEACHING_FIXTURE
REQ_SYN_SEG_0263_vot	SYN_SEG_0263	SYN_SEG_SPK_08	SYN_SESSION_08	vot	medial	stop		811.066221	811.056442	-9.77900000009413	ms	ok		SYN_GENERATOR_11042026	SYNTHETIC_TEACHING_FIXTURE
REQ_SYN_SEG_0263_closure_duration	SYN_SEG_0263	SYN_SEG_SPK_08	SYN_SESSION_08	closure_duration	medial	stop		811	811.066221	66.2210000000414	ms	ok		SYN_GENERATOR_11042026	SYNTHETIC_TEACHING_FIXTURE
REQ_SYN_SEG_0263_vowel_onset_f0	SYN_SEG_0263	SYN_SEG_SPK_08	SYN_SESSION_08	vowel_onset_f0	medial	stop				114.725	Hz	ok		SYN_GENERATOR_11042026	SYNTHETIC_TEACHING_FIXTURE
REQ_SYN_SEG_0264_vot	SYN_SEG_0264	SYN_SEG_SPK_08	SYN_SESSION_08	vot	final	stop		812.068973	812.08855	19.5770000000266	ms	ok		SYN_GENERATOR_11042026	SYNTHETIC_TEACHING_FIXTURE
REQ_SYN_SEG_0264_closure_duration	SYN_SEG_0264	SYN_SEG_SPK_08	SYN_SESSION_08	closure_duration	final	stop		812	812.068973	68.9730000000282	ms	ok		SYN_GENERATOR_11042026	SYNTHETIC_TEACHING_FIXTURE
REQ_SYN_SEG_0264_vowel_onset_f0	SYN_SEG_0264	SYN_SEG_SPK_08	SYN_SESSION_08	vowel_onset_f0	final	stop				109.387	Hz	ok		SYN_GENERATOR_11042026	SYNTHETIC_TEACHING_FIXTURE
REQ_SYN_SEG_0265_vowel_duration	SYN_SEG_0265	SYN_SEG_SPK_08	SYN_SESSION_08	vowel_duration	initial	vowel	i	801	801.09258	92.5799999999981	ms	ok		SYN_GENERATOR_11042026	SYNTHETIC_TEACHING_FIXTURE
REQ_SYN_SEG_0265_f1	SYN_SEG_0265	SYN_SEG_SPK_08	SYN_SESSION_08	f1	initial	vowel	i			320.638	Hz	ok		SYN_GENERATOR_11042026	SYNTHETIC_TEACHING_FIXTURE
REQ_SYN_SEG_0265_f2	SYN_SEG_0265	SYN_SEG_SPK_08	SYN_SESSION_08	f2	initial	vowel	i			2326.456	Hz	ok		SYN_GENERATOR_11042026	SYNTHETIC_TEACHING_FIXTURE
REQ_SYN_SEG_0265_f3	SYN_SEG_0265	SYN_SEG_SPK_08	SYN_SESSION_08	f3	initial	vowel	i			2995.629	Hz	ok		SYN_GENERATOR_11042026	SYNTHETIC_TEACHING_FIXTURE
REQ_SYN_SEG_0266_vowel_duration	SYN_SEG_0266	SYN_SEG_SPK_08	SYN_SESSION_08	vowel_duration	medial	vowel	a	802	802.179943	179.94299999998	ms	ok		SYN_GENERATOR_11042026	SYNTHETIC_TEACHING_FIXTURE
REQ_SYN_SEG_0266_f1	SYN_SEG_0266	SYN_SEG_SPK_08	SYN_SESSION_08	f1	medial	vowel	a			771.046	Hz	ok		SYN_GENERATOR_11042026	SYNTHETIC_TEACHING_FIXTURE
REQ_SYN_SEG_0266_f2	SYN_SEG_0266	SYN_SEG_SPK_08	SYN_SESSION_08	f2	medial	vowel	a			1139.906	Hz	ok		SYN_GENERATOR_11042026	SYNTHETIC_TEACHING_FIXTURE
REQ_SYN_SEG_0266_f3	SYN_SEG_0266	SYN_SEG_SPK_08	SYN_SESSION_08	f3	medial	vowel	a			2511.304	Hz	ok		SYN_GENERATOR_11042026	SYNTHETIC_TEACHING_FIXTURE
REQ_SYN_SEG_0267_vowel_duration	SYN_SEG_0267	SYN_SEG_SPK_08	SYN_SESSION_08	vowel_duration	final	vowel	u	803	803.114426	114.42599999998	ms	ok		SYN_GENERATOR_11042026	SYNTHETIC_TEACHING_FIXTURE
REQ_SYN_SEG_0267_f1	SYN_SEG_0267	SYN_SEG_SPK_08	SYN_SESSION_08	f1	final	vowel	u			362.12	Hz	ok		SYN_GENERATOR_11042026	SYNTHETIC_TEACHING_FIXTURE
REQ_SYN_SEG_0267_f2	SYN_SEG_0267	SYN_SEG_SPK_08	SYN_SESSION_08	f2	final	vowel	u			803.634	Hz	ok		SYN_GENERATOR_11042026	SYNTHETIC_TEACHING_FIXTURE
REQ_SYN_SEG_0267_f3	SYN_SEG_0267	SYN_SEG_SPK_08	SYN_SESSION_08	f3	final	vowel	u			2279.233	Hz	ok		SYN_GENERATOR_11042026	SYNTHETIC_TEACHING_FIXTURE
REQ_SYN_SEG_0268_vowel_duration	SYN_SEG_0268	SYN_SEG_SPK_08	SYN_SESSION_08	vowel_duration	initial	vowel	i	804	804.090973	90.9729999999627	ms	ok		SYN_GENERATOR_11042026	SYNTHETIC_TEACHING_FIXTURE
REQ_SYN_SEG_0268_f1	SYN_SEG_0268	SYN_SEG_SPK_08	SYN_SESSION_08	f1	initial	vowel	i			296.257	Hz	ok		SYN_GENERATOR_11042026	SYNTHETIC_TEACHING_FIXTURE
REQ_SYN_SEG_0268_f2	SYN_SEG_0268	SYN_SEG_SPK_08	SYN_SESSION_08	f2	initial	vowel	i			2331.638	Hz	ok		SYN_GENERATOR_11042026	SYNTHETIC_TEACHING_FIXTURE
REQ_SYN_SEG_0268_f3	SYN_SEG_0268	SYN_SEG_SPK_08	SYN_SESSION_08	f3	initial	vowel	i			2964.214	Hz	ok		SYN_GENERATOR_11042026	SYNTHETIC_TEACHING_FIXTURE
REQ_SYN_SEG_0269_vowel_duration	SYN_SEG_0269	SYN_SEG_SPK_08	SYN_SESSION_08	vowel_duration	medial	vowel	a	805	805.165378	165.378000000032	ms	ok		SYN_GENERATOR_11042026	SYNTHETIC_TEACHING_FIXTURE
REQ_SYN_SEG_0269_f1	SYN_SEG_0269	SYN_SEG_SPK_08	SYN_SESSION_08	f1	medial	vowel	a			764.251	Hz	ok		SYN_GENERATOR_11042026	SYNTHETIC_TEACHING_FIXTURE
REQ_SYN_SEG_0269_f2	SYN_SEG_0269	SYN_SEG_SPK_08	SYN_SESSION_08	f2	medial	vowel	a			1162.929	Hz	ok		SYN_GENERATOR_11042026	SYNTHETIC_TEACHING_FIXTURE
REQ_SYN_SEG_0269_f3	SYN_SEG_0269	SYN_SEG_SPK_08	SYN_SESSION_08	f3	medial	vowel	a			2595.936	Hz	ok		SYN_GENERATOR_11042026	SYNTHETIC_TEACHING_FIXTURE
REQ_SYN_SEG_0270_vowel_duration	SYN_SEG_0270	SYN_SEG_SPK_08	SYN_SESSION_08	vowel_duration	final	vowel	u	806	806.207106	207.105999999953	ms	ok		SYN_GENERATOR_11042026	SYNTHETIC_TEACHING_FIXTURE
REQ_SYN_SEG_0270_f1	SYN_SEG_0270	SYN_SEG_SPK_08	SYN_SESSION_08	f1	final	vowel	u			329.649	Hz	ok		SYN_GENERATOR_11042026	SYNTHETIC_TEACHING_FIXTURE
REQ_SYN_SEG_0270_f2	SYN_SEG_0270	SYN_SEG_SPK_08	SYN_SESSION_08	f2	final	vowel	u			940.203	Hz	ok		SYN_GENERATOR_11042026	SYNTHETIC_TEACHING_FIXTURE
REQ_SYN_SEG_0270_f3	SYN_SEG_0270	SYN_SEG_SPK_08	SYN_SESSION_08	f3	final	vowel	u			2212.679	Hz	ok		SYN_GENERATOR_11042026	SYNTHETIC_TEACHING_FIXTURE
REQ_SYN_SEG_0271_vowel_duration	SYN_SEG_0271	SYN_SEG_SPK_08	SYN_SESSION_08	vowel_duration	initial	vowel	i	807	807.172737	172.736999999984	ms	ok		SYN_GENERATOR_11042026	SYNTHETIC_TEACHING_FIXTURE
REQ_SYN_SEG_0271_f1	SYN_SEG_0271	SYN_SEG_SPK_08	SYN_SESSION_08	f1	initial	vowel	i			311.876	Hz	ok		SYN_GENERATOR_11042026	SYNTHETIC_TEACHING_FIXTURE
REQ_SYN_SEG_0271_f2	SYN_SEG_0271	SYN_SEG_SPK_08	SYN_SESSION_08	f2	initial	vowel	i			2340.498	Hz	ok		SYN_GENERATOR_11042026	SYNTHETIC_TEACHING_FIXTURE
REQ_SYN_SEG_0271_f3	SYN_SEG_0271	SYN_SEG_SPK_08	SYN_SESSION_08	f3	initial	vowel	i			3037.425	Hz	ok		SYN_GENERATOR_11042026	SYNTHETIC_TEACHING_FIXTURE
REQ_SYN_SEG_0272_vowel_duration	SYN_SEG_0272	SYN_SEG_SPK_08	SYN_SESSION_08	vowel_duration	medial	vowel	a	808	808.146143	146.143000000052	ms	ok		SYN_GENERATOR_11042026	SYNTHETIC_TEACHING_FIXTURE
REQ_SYN_SEG_0272_f1	SYN_SEG_0272	SYN_SEG_SPK_08	SYN_SESSION_08	f1	medial	vowel	a			736.833	Hz	ok		SYN_GENERATOR_11042026	SYNTHETIC_TEACHING_FIXTURE
REQ_SYN_SEG_0272_f2	SYN_SEG_0272	SYN_SEG_SPK_08	SYN_SESSION_08	f2	medial	vowel	a			1289.449	Hz	ok		SYN_GENERATOR_11042026	SYNTHETIC_TEACHING_FIXTURE
REQ_SYN_SEG_0272_f3	SYN_SEG_0272	SYN_SEG_SPK_08	SYN_SESSION_08	f3	medial	vowel	a			2539.837	Hz	ok		SYN_GENERATOR_11042026	SYNTHETIC_TEACHING_FIXTURE
REQ_SYN_SEG_0273_vowel_duration	SYN_SEG_0273	SYN_SEG_SPK_08	SYN_SESSION_08	vowel_duration	final	vowel	u	809	809.216079	216.079000000036	ms	ok		SYN_GENERATOR_11042026	SYNTHETIC_TEACHING_FIXTURE
REQ_SYN_SEG_0273_f1	SYN_SEG_0273	SYN_SEG_SPK_08	SYN_SESSION_08	f1	final	vowel	u			355.12	Hz	ok		SYN_GENERATOR_11042026	SYNTHETIC_TEACHING_FIXTURE
REQ_SYN_SEG_0273_f2	SYN_SEG_0273	SYN_SEG_SPK_08	SYN_SESSION_08	f2	final	vowel	u			913.614	Hz	ok		SYN_GENERATOR_11042026	SYNTHETIC_TEACHING_FIXTURE
REQ_SYN_SEG_0273_f3	SYN_SEG_0273	SYN_SEG_SPK_08	SYN_SESSION_08	f3	final	vowel	u			2222.208	Hz	ok		SYN_GENERATOR_11042026	SYNTHETIC_TEACHING_FIXTURE
REQ_SYN_SEG_0274_vowel_duration	SYN_SEG_0274	SYN_SEG_SPK_08	SYN_SESSION_08	vowel_duration	initial	vowel	i	810	810.126477	126.477000000023	ms	ok		SYN_GENERATOR_11042026	SYNTHETIC_TEACHING_FIXTURE
REQ_SYN_SEG_0274_f1	SYN_SEG_0274	SYN_SEG_SPK_08	SYN_SESSION_08	f1	initial	vowel	i			313.373	Hz	ok		SYN_GENERATOR_11042026	SYNTHETIC_TEACHING_FIXTURE
REQ_SYN_SEG_0274_f2	SYN_SEG_0274	SYN_SEG_SPK_08	SYN_SESSION_08	f2	initial	vowel	i			2299.227	Hz	ok		SYN_GENERATOR_11042026	SYNTHETIC_TEACHING_FIXTURE
REQ_SYN_SEG_0274_f3	SYN_SEG_0274	SYN_SEG_SPK_08	SYN_SESSION_08	f3	initial	vowel	i			2921.601	Hz	ok		SYN_GENERATOR_11042026	SYNTHETIC_TEACHING_FIXTURE
REQ_SYN_SEG_0275_vowel_duration	SYN_SEG_0275	SYN_SEG_SPK_08	SYN_SESSION_08	vowel_duration	medial	vowel	a	811	811.190033	190.032999999971	ms	ok		SYN_GENERATOR_11042026	SYNTHETIC_TEACHING_FIXTURE
REQ_SYN_SEG_0275_f1	SYN_SEG_0275	SYN_SEG_SPK_08	SYN_SESSION_08	f1	medial	vowel	a			765.191	Hz	ok		SYN_GENERATOR_11042026	SYNTHETIC_TEACHING_FIXTURE
REQ_SYN_SEG_0275_f2	SYN_SEG_0275	SYN_SEG_SPK_08	SYN_SESSION_08	f2	medial	vowel	a			1193.135	Hz	ok		SYN_GENERATOR_11042026	SYNTHETIC_TEACHING_FIXTURE
REQ_SYN_SEG_0275_f3	SYN_SEG_0275	SYN_SEG_SPK_08	SYN_SESSION_08	f3	medial	vowel	a			2452.139	Hz	ok		SYN_GENERATOR_11042026	SYNTHETIC_TEACHING_FIXTURE
REQ_SYN_SEG_0276_vowel_duration	SYN_SEG_0276	SYN_SEG_SPK_08	SYN_SESSION_08	vowel_duration	final	vowel	u	812	812.191196	191.195999999991	ms	ok		SYN_GENERATOR_11042026	SYNTHETIC_TEACHING_FIXTURE
REQ_SYN_SEG_0276_f1	SYN_SEG_0276	SYN_SEG_SPK_08	SYN_SESSION_08	f1	final	vowel	u			356.908	Hz	ok		SYN_GENERATOR_11042026	SYNTHETIC_TEACHING_FIXTURE
REQ_SYN_SEG_0276_f2	SYN_SEG_0276	SYN_SEG_SPK_08	SYN_SESSION_08	f2	final	vowel	u			872.384	Hz	ok		SYN_GENERATOR_11042026	SYNTHETIC_TEACHING_FIXTURE
REQ_SYN_SEG_0276_f3	SYN_SEG_0276	SYN_SEG_SPK_08	SYN_SESSION_08	f3	final	vowel	u			2236.395	Hz	ok		SYN_GENERATOR_11042026	SYNTHETIC_TEACHING_FIXTURE
REQ_SYN_SEG_0277_fricative_duration	SYN_SEG_0277	SYN_SEG_SPK_08	SYN_SESSION_08	fricative_duration	initial	fricative		801	801.159302	159.302000000025	ms	ok		SYN_GENERATOR_11042026	SYNTHETIC_TEACHING_FIXTURE
REQ_SYN_SEG_0277_fricative_cog	SYN_SEG_0277	SYN_SEG_SPK_08	SYN_SESSION_08	fricative_cog	initial	fricative				5996.708	Hz	ok		SYN_GENERATOR_11042026	SYNTHETIC_TEACHING_FIXTURE
REQ_SYN_SEG_0278_fricative_duration	SYN_SEG_0278	SYN_SEG_SPK_08	SYN_SESSION_08	fricative_duration	medial	fricative		802	802.087793	87.7930000000333	ms	ok		SYN_GENERATOR_11042026	SYNTHETIC_TEACHING_FIXTURE
REQ_SYN_SEG_0278_fricative_cog	SYN_SEG_0278	SYN_SEG_SPK_08	SYN_SESSION_08	fricative_cog	medial	fricative				4603.486	Hz	ok		SYN_GENERATOR_11042026	SYNTHETIC_TEACHING_FIXTURE
REQ_SYN_SEG_0279_fricative_duration	SYN_SEG_0279	SYN_SEG_SPK_08	SYN_SESSION_08	fricative_duration	final	fricative		803	803.146352	146.351999999979	ms	ok		SYN_GENERATOR_11042026	SYNTHETIC_TEACHING_FIXTURE
REQ_SYN_SEG_0279_fricative_cog	SYN_SEG_0279	SYN_SEG_SPK_08	SYN_SESSION_08	fricative_cog	final	fricative				4316.775	Hz	ok		SYN_GENERATOR_11042026	SYNTHETIC_TEACHING_FIXTURE
REQ_SYN_SEG_0280_fricative_duration	SYN_SEG_0280	SYN_SEG_SPK_08	SYN_SESSION_08	fricative_duration	initial	fricative		804	804.108506	108.506000000034	ms	ok		SYN_GENERATOR_11042026	SYNTHETIC_TEACHING_FIXTURE
REQ_SYN_SEG_0280_fricative_cog	SYN_SEG_0280	SYN_SEG_SPK_08	SYN_SESSION_08	fricative_cog	initial	fricative				6138.814	Hz	ok		SYN_GENERATOR_11042026	SYNTHETIC_TEACHING_FIXTURE
REQ_SYN_SEG_0281_fricative_duration	SYN_SEG_0281	SYN_SEG_SPK_08	SYN_SESSION_08	fricative_duration	medial	fricative		805	805.109638	109.638000000018	ms	ok		SYN_GENERATOR_11042026	SYNTHETIC_TEACHING_FIXTURE
REQ_SYN_SEG_0281_fricative_cog	SYN_SEG_0281	SYN_SEG_SPK_08	SYN_SESSION_08	fricative_cog	medial	fricative				4784.237	Hz	ok		SYN_GENERATOR_11042026	SYNTHETIC_TEACHING_FIXTURE
REQ_SYN_SEG_0282_fricative_duration	SYN_SEG_0282	SYN_SEG_SPK_08	SYN_SESSION_08	fricative_duration	final	fricative		806	806.174993	174.992999999972	ms	ok		SYN_GENERATOR_11042026	SYNTHETIC_TEACHING_FIXTURE
REQ_SYN_SEG_0282_fricative_cog	SYN_SEG_0282	SYN_SEG_SPK_08	SYN_SESSION_08	fricative_cog	final	fricative				4763.311	Hz	ok		SYN_GENERATOR_11042026	SYNTHETIC_TEACHING_FIXTURE
REQ_SYN_SEG_0283_fricative_duration	SYN_SEG_0283	SYN_SEG_SPK_08	SYN_SESSION_08	fricative_duration	initial	fricative		807	807.082074	82.0740000000342	ms	ok		SYN_GENERATOR_11042026	SYNTHETIC_TEACHING_FIXTURE
REQ_SYN_SEG_0283_fricative_cog	SYN_SEG_0283	SYN_SEG_SPK_08	SYN_SESSION_08	fricative_cog	initial	fricative				6702.461	Hz	ok		SYN_GENERATOR_11042026	SYNTHETIC_TEACHING_FIXTURE
REQ_SYN_SEG_0284_fricative_duration	SYN_SEG_0284	SYN_SEG_SPK_08	SYN_SESSION_08	fricative_duration	medial	fricative		808	808.118943	118.942999999945	ms	ok		SYN_GENERATOR_11042026	SYNTHETIC_TEACHING_FIXTURE
REQ_SYN_SEG_0284_fricative_cog	SYN_SEG_0284	SYN_SEG_SPK_08	SYN_SESSION_08	fricative_cog	medial	fricative				4713.231	Hz	ok		SYN_GENERATOR_11042026	SYNTHETIC_TEACHING_FIXTURE
REQ_SYN_SEG_0285_fricative_duration	SYN_SEG_0285	SYN_SEG_SPK_08	SYN_SESSION_08	fricative_duration	final	fricative		809	809.094024	94.0239999999903	ms	ok		SYN_GENERATOR_11042026	SYNTHETIC_TEACHING_FIXTURE
REQ_SYN_SEG_0285_fricative_cog	SYN_SEG_0285	SYN_SEG_SPK_08	SYN_SESSION_08	fricative_cog	final	fricative				4486.045	Hz	ok		SYN_GENERATOR_11042026	SYNTHETIC_TEACHING_FIXTURE
REQ_SYN_SEG_0286_fricative_duration	SYN_SEG_0286	SYN_SEG_SPK_08	SYN_SESSION_08	fricative_duration	initial	fricative		810	810.136956	136.956000000055	ms	ok		SYN_GENERATOR_11042026	SYNTHETIC_TEACHING_FIXTURE
REQ_SYN_SEG_0286_fricative_cog	SYN_SEG_0286	SYN_SEG_SPK_08	SYN_SESSION_08	fricative_cog	initial	fricative				6547.364	Hz	ok		SYN_GENERATOR_11042026	SYNTHETIC_TEACHING_FIXTURE
REQ_SYN_SEG_0287_fricative_duration	SYN_SEG_0287	SYN_SEG_SPK_08	SYN_SESSION_08	fricative_duration	medial	fricative		811	811.143362	143.362000000025	ms	ok		SYN_GENERATOR_11042026	SYNTHETIC_TEACHING_FIXTURE
REQ_SYN_SEG_0287_fricative_cog	SYN_SEG_0287	SYN_SEG_SPK_08	SYN_SESSION_08	fricative_cog	medial	fricative				4679.776	Hz	ok		SYN_GENERATOR_11042026	SYNTHETIC_TEACHING_FIXTURE
REQ_SYN_SEG_0288_fricative_duration	SYN_SEG_0288	SYN_SEG_SPK_08	SYN_SESSION_08	fricative_duration	final	fricative		812	812.128428	128.427999999985	ms	ok		SYN_GENERATOR_11042026	SYNTHETIC_TEACHING_FIXTURE
REQ_SYN_SEG_0288_fricative_cog	SYN_SEG_0288	SYN_SEG_SPK_08	SYN_SESSION_08	fricative_cog	final	fricative				4937.596	Hz	ok		SYN_GENERATOR_11042026	SYNTHETIC_TEACHING_FIXTURE
REQ_SYN_SEG_0289_vot	SYN_SEG_0289	SYN_SEG_SPK_09	SYN_SESSION_09	vot	initial	stop		901.09912	901.087844	-11.2759999999525	ms	ok		SYN_GENERATOR_11042026	SYNTHETIC_TEACHING_FIXTURE
REQ_SYN_SEG_0289_closure_duration	SYN_SEG_0289	SYN_SEG_SPK_09	SYN_SESSION_09	closure_duration	initial	stop		901	901.09912	99.1199999999708	ms	ok		SYN_GENERATOR_11042026	SYNTHETIC_TEACHING_FIXTURE
REQ_SYN_SEG_0289_vowel_onset_f0	SYN_SEG_0289	SYN_SEG_SPK_09	SYN_SESSION_09	vowel_onset_f0	initial	stop				109.891	Hz	ok		SYN_GENERATOR_11042026	SYNTHETIC_TEACHING_FIXTURE
REQ_SYN_SEG_0290_vot	SYN_SEG_0290	SYN_SEG_SPK_09	SYN_SESSION_09	vot	medial	stop		902.095536	902.123189	27.6529999999866	ms	ok		SYN_GENERATOR_11042026	SYNTHETIC_TEACHING_FIXTURE
REQ_SYN_SEG_0290_closure_duration	SYN_SEG_0290	SYN_SEG_SPK_09	SYN_SESSION_09	closure_duration	medial	stop		902	902.095536	95.5360000000383	ms	ok		SYN_GENERATOR_11042026	SYNTHETIC_TEACHING_FIXTURE
REQ_SYN_SEG_0290_vowel_onset_f0	SYN_SEG_0290	SYN_SEG_SPK_09	SYN_SESSION_09	vowel_onset_f0	medial	stop				115.763	Hz	ok		SYN_GENERATOR_11042026	SYNTHETIC_TEACHING_FIXTURE
REQ_SYN_SEG_0291_vot	SYN_SEG_0291	SYN_SEG_SPK_09	SYN_SESSION_09	vot	final	stop		903.076407			ms	missing	absent_periodicity	SYN_GENERATOR_11042026	SYNTHETIC_TEACHING_FIXTURE
REQ_SYN_SEG_0291_closure_duration	SYN_SEG_0291	SYN_SEG_SPK_09	SYN_SESSION_09	closure_duration	final	stop		903	903.076407	76.4070000000174	ms	review	absent_periodicity	SYN_GENERATOR_11042026	SYNTHETIC_TEACHING_FIXTURE
REQ_SYN_SEG_0291_vowel_onset_f0	SYN_SEG_0291	SYN_SEG_SPK_09	SYN_SESSION_09	vowel_onset_f0	final	stop				140.403	Hz	review	absent_periodicity	SYN_GENERATOR_11042026	SYNTHETIC_TEACHING_FIXTURE
REQ_SYN_SEG_0292_vot	SYN_SEG_0292	SYN_SEG_SPK_09	SYN_SESSION_09	vot	initial	stop		904.102325	904.165347	63.0220000000463	ms	ok		SYN_GENERATOR_11042026	SYNTHETIC_TEACHING_FIXTURE
REQ_SYN_SEG_0292_closure_duration	SYN_SEG_0292	SYN_SEG_SPK_09	SYN_SESSION_09	closure_duration	initial	stop		904	904.102325	102.324999999951	ms	ok		SYN_GENERATOR_11042026	SYNTHETIC_TEACHING_FIXTURE
REQ_SYN_SEG_0292_vowel_onset_f0	SYN_SEG_0292	SYN_SEG_SPK_09	SYN_SESSION_09	vowel_onset_f0	initial	stop				139.001	Hz	ok		SYN_GENERATOR_11042026	SYNTHETIC_TEACHING_FIXTURE
REQ_SYN_SEG_0293_vot	SYN_SEG_0293	SYN_SEG_SPK_09	SYN_SESSION_09	vot	medial	stop		905.061602	905.143436	81.833999999958	ms	ok		SYN_GENERATOR_11042026	SYNTHETIC_TEACHING_FIXTURE
REQ_SYN_SEG_0293_closure_duration	SYN_SEG_0293	SYN_SEG_SPK_09	SYN_SESSION_09	closure_duration	medial	stop		905	905.061602	61.6019999999935	ms	ok		SYN_GENERATOR_11042026	SYNTHETIC_TEACHING_FIXTURE
REQ_SYN_SEG_0293_vowel_onset_f0	SYN_SEG_0293	SYN_SEG_SPK_09	SYN_SESSION_09	vowel_onset_f0	medial	stop				140.818	Hz	ok		SYN_GENERATOR_11042026	SYNTHETIC_TEACHING_FIXTURE
REQ_SYN_SEG_0294_vot	SYN_SEG_0294	SYN_SEG_SPK_09	SYN_SESSION_09	vot	final	stop		906.086638	906.109183	22.5450000000365	ms	ok		SYN_GENERATOR_11042026	SYNTHETIC_TEACHING_FIXTURE
REQ_SYN_SEG_0294_closure_duration	SYN_SEG_0294	SYN_SEG_SPK_09	SYN_SESSION_09	closure_duration	final	stop		906	906.086638	86.6379999999936	ms	ok		SYN_GENERATOR_11042026	SYNTHETIC_TEACHING_FIXTURE
REQ_SYN_SEG_0294_vowel_onset_f0	SYN_SEG_0294	SYN_SEG_SPK_09	SYN_SESSION_09	vowel_onset_f0	final	stop				100.629	Hz	ok		SYN_GENERATOR_11042026	SYNTHETIC_TEACHING_FIXTURE
REQ_SYN_SEG_0295_vot	SYN_SEG_0295	SYN_SEG_SPK_09	SYN_SESSION_09	vot	initial	stop		907.073642	907.151257	77.6150000000371	ms	ok		SYN_GENERATOR_11042026	SYNTHETIC_TEACHING_FIXTURE
REQ_SYN_SEG_0295_closure_duration	SYN_SEG_0295	SYN_SEG_SPK_09	SYN_SESSION_09	closure_duration	initial	stop		907	907.073642	73.6419999999498	ms	ok		SYN_GENERATOR_11042026	SYNTHETIC_TEACHING_FIXTURE
REQ_SYN_SEG_0295_vowel_onset_f0	SYN_SEG_0295	SYN_SEG_SPK_09	SYN_SESSION_09	vowel_onset_f0	initial	stop				134.722	Hz	ok		SYN_GENERATOR_11042026	SYNTHETIC_TEACHING_FIXTURE
REQ_SYN_SEG_0296_vot	SYN_SEG_0296	SYN_SEG_SPK_09	SYN_SESSION_09	vot	medial	stop		908.078775	908.139813	61.0380000000532	ms	ok		SYN_GENERATOR_11042026	SYNTHETIC_TEACHING_FIXTURE
REQ_SYN_SEG_0296_closure_duration	SYN_SEG_0296	SYN_SEG_SPK_09	SYN_SESSION_09	closure_duration	medial	stop		908	908.078775	78.7749999999505	ms	ok		SYN_GENERATOR_11042026	SYNTHETIC_TEACHING_FIXTURE
REQ_SYN_SEG_0296_vowel_onset_f0	SYN_SEG_0296	SYN_SEG_SPK_09	SYN_SESSION_09	vowel_onset_f0	medial	stop				138.977	Hz	ok		SYN_GENERATOR_11042026	SYNTHETIC_TEACHING_FIXTURE
REQ_SYN_SEG_0297_vot	SYN_SEG_0297	SYN_SEG_SPK_09	SYN_SESSION_09	vot	final	stop		909.059959	909.081997	22.0379999999523	ms	ok		SYN_GENERATOR_11042026	SYNTHETIC_TEACHING_FIXTURE
REQ_SYN_SEG_0297_closure_duration	SYN_SEG_0297	SYN_SEG_SPK_09	SYN_SESSION_09	closure_duration	final	stop		909	909.059959	59.959000000049	ms	ok		SYN_GENERATOR_11042026	SYNTHETIC_TEACHING_FIXTURE
REQ_SYN_SEG_0297_vowel_onset_f0	SYN_SEG_0297	SYN_SEG_SPK_09	SYN_SESSION_09	vowel_onset_f0	final	stop				110.176	Hz	ok		SYN_GENERATOR_11042026	SYNTHETIC_TEACHING_FIXTURE
REQ_SYN_SEG_0298_vot	SYN_SEG_0298	SYN_SEG_SPK_09	SYN_SESSION_09	vot	initial	stop		910.103396	910.17163	68.234000000075	ms	ok		SYN_GENERATOR_11042026	SYNTHETIC_TEACHING_FIXTURE
REQ_SYN_SEG_0298_closure_duration	SYN_SEG_0298	SYN_SEG_SPK_09	SYN_SESSION_09	closure_duration	initial	stop		910	910.103396	103.395999999975	ms	ok		SYN_GENERATOR_11042026	SYNTHETIC_TEACHING_FIXTURE
REQ_SYN_SEG_0298_vowel_onset_f0	SYN_SEG_0298	SYN_SEG_SPK_09	SYN_SESSION_09	vowel_onset_f0	initial	stop				130.108	Hz	ok		SYN_GENERATOR_11042026	SYNTHETIC_TEACHING_FIXTURE
REQ_SYN_SEG_0299_vot	SYN_SEG_0299	SYN_SEG_SPK_09	SYN_SESSION_09	vot	medial	stop		911.071207	911.068	-3.20699999997487	ms	ok		SYN_GENERATOR_11042026	SYNTHETIC_TEACHING_FIXTURE
REQ_SYN_SEG_0299_closure_duration	SYN_SEG_0299	SYN_SEG_SPK_09	SYN_SESSION_09	closure_duration	medial	stop		911	911.071207	71.2069999999585	ms	ok		SYN_GENERATOR_11042026	SYNTHETIC_TEACHING_FIXTURE
REQ_SYN_SEG_0299_vowel_onset_f0	SYN_SEG_0299	SYN_SEG_SPK_09	SYN_SESSION_09	vowel_onset_f0	medial	stop				112.504	Hz	ok		SYN_GENERATOR_11042026	SYNTHETIC_TEACHING_FIXTURE
REQ_SYN_SEG_0300_vot	SYN_SEG_0300	SYN_SEG_SPK_09	SYN_SESSION_09	vot	final	stop		912.099845	912.113389	13.5440000000244	ms	ok		SYN_GENERATOR_11042026	SYNTHETIC_TEACHING_FIXTURE
REQ_SYN_SEG_0300_closure_duration	SYN_SEG_0300	SYN_SEG_SPK_09	SYN_SESSION_09	closure_duration	final	stop		912	912.099845	99.8449999999593	ms	ok		SYN_GENERATOR_11042026	SYNTHETIC_TEACHING_FIXTURE
REQ_SYN_SEG_0300_vowel_onset_f0	SYN_SEG_0300	SYN_SEG_SPK_09	SYN_SESSION_09	vowel_onset_f0	final	stop				110.145	Hz	ok		SYN_GENERATOR_11042026	SYNTHETIC_TEACHING_FIXTURE
REQ_SYN_SEG_0301_vowel_duration	SYN_SEG_0301	SYN_SEG_SPK_09	SYN_SESSION_09	vowel_duration	initial	vowel	i	901	901.109446	109.446000000048	ms	ok		SYN_GENERATOR_11042026	SYNTHETIC_TEACHING_FIXTURE
REQ_SYN_SEG_0301_f1	SYN_SEG_0301	SYN_SEG_SPK_09	SYN_SESSION_09	f1	initial	vowel	i			292.258	Hz	ok		SYN_GENERATOR_11042026	SYNTHETIC_TEACHING_FIXTURE
REQ_SYN_SEG_0301_f2	SYN_SEG_0301	SYN_SEG_SPK_09	SYN_SESSION_09	f2	initial	vowel	i			2476.774	Hz	ok		SYN_GENERATOR_11042026	SYNTHETIC_TEACHING_FIXTURE
REQ_SYN_SEG_0301_f3	SYN_SEG_0301	SYN_SEG_SPK_09	SYN_SESSION_09	f3	initial	vowel	i			3253.825	Hz	ok		SYN_GENERATOR_11042026	SYNTHETIC_TEACHING_FIXTURE
REQ_SYN_SEG_0302_vowel_duration	SYN_SEG_0302	SYN_SEG_SPK_09	SYN_SESSION_09	vowel_duration	medial	vowel	a	902	902.163065	163.06499999996	ms	ok		SYN_GENERATOR_11042026	SYNTHETIC_TEACHING_FIXTURE
REQ_SYN_SEG_0302_f1	SYN_SEG_0302	SYN_SEG_SPK_09	SYN_SESSION_09	f1	medial	vowel	a			834.075	Hz	ok		SYN_GENERATOR_11042026	SYNTHETIC_TEACHING_FIXTURE
REQ_SYN_SEG_0302_f2	SYN_SEG_0302	SYN_SEG_SPK_09	SYN_SESSION_09	f2	medial	vowel	a			1370.166	Hz	ok		SYN_GENERATOR_11042026	SYNTHETIC_TEACHING_FIXTURE
REQ_SYN_SEG_0302_f3	SYN_SEG_0302	SYN_SEG_SPK_09	SYN_SESSION_09	f3	medial	vowel	a			2684.717	Hz	ok		SYN_GENERATOR_11042026	SYNTHETIC_TEACHING_FIXTURE
REQ_SYN_SEG_0303_vowel_duration	SYN_SEG_0303	SYN_SEG_SPK_09	SYN_SESSION_09	vowel_duration	final	vowel	a	903	903.098134	98.1339999999591	ms	ok		SYN_GENERATOR_11042026	SYNTHETIC_TEACHING_FIXTURE
REQ_SYN_SEG_0303_f1	SYN_SEG_0303	SYN_SEG_SPK_09	SYN_SESSION_09	f1	final	vowel	a			785.316	Hz	ok		SYN_GENERATOR_11042026	SYNTHETIC_TEACHING_FIXTURE
REQ_SYN_SEG_0303_f2	SYN_SEG_0303	SYN_SEG_SPK_09	SYN_SESSION_09	f2	final	vowel	a			1267.453	Hz	ok		SYN_GENERATOR_11042026	SYNTHETIC_TEACHING_FIXTURE
REQ_SYN_SEG_0303_f3	SYN_SEG_0303	SYN_SEG_SPK_09	SYN_SESSION_09	f3	final	vowel	a			2670.874	Hz	ok		SYN_GENERATOR_11042026	SYNTHETIC_TEACHING_FIXTURE
REQ_SYN_SEG_0304_vowel_duration	SYN_SEG_0304	SYN_SEG_SPK_09	SYN_SESSION_09	vowel_duration	initial	vowel	i	904	904.16299	162.990000000036	ms	ok		SYN_GENERATOR_11042026	SYNTHETIC_TEACHING_FIXTURE
REQ_SYN_SEG_0304_f1	SYN_SEG_0304	SYN_SEG_SPK_09	SYN_SESSION_09	f1	initial	vowel	i			332.829	Hz	ok		SYN_GENERATOR_11042026	SYNTHETIC_TEACHING_FIXTURE
REQ_SYN_SEG_0304_f2	SYN_SEG_0304	SYN_SEG_SPK_09	SYN_SESSION_09	f2	initial	vowel	i			2396.66	Hz	ok		SYN_GENERATOR_11042026	SYNTHETIC_TEACHING_FIXTURE
REQ_SYN_SEG_0304_f3	SYN_SEG_0304	SYN_SEG_SPK_09	SYN_SESSION_09	f3	initial	vowel	i			3199.32	Hz	ok		SYN_GENERATOR_11042026	SYNTHETIC_TEACHING_FIXTURE
REQ_SYN_SEG_0305_vowel_duration	SYN_SEG_0305	SYN_SEG_SPK_09	SYN_SESSION_09	vowel_duration	medial	vowel	a	905	905.154652	154.652000000056	ms	ok		SYN_GENERATOR_11042026	SYNTHETIC_TEACHING_FIXTURE
REQ_SYN_SEG_0305_f1	SYN_SEG_0305	SYN_SEG_SPK_09	SYN_SESSION_09	f1	medial	vowel	a			809.838	Hz	ok		SYN_GENERATOR_11042026	SYNTHETIC_TEACHING_FIXTURE
REQ_SYN_SEG_0305_f2	SYN_SEG_0305	SYN_SEG_SPK_09	SYN_SESSION_09	f2	medial	vowel	a			1329.315	Hz	ok		SYN_GENERATOR_11042026	SYNTHETIC_TEACHING_FIXTURE
REQ_SYN_SEG_0305_f3	SYN_SEG_0305	SYN_SEG_SPK_09	SYN_SESSION_09	f3	medial	vowel	a			2651.276	Hz	ok		SYN_GENERATOR_11042026	SYNTHETIC_TEACHING_FIXTURE
REQ_SYN_SEG_0306_vowel_duration	SYN_SEG_0306	SYN_SEG_SPK_09	SYN_SESSION_09	vowel_duration	final	vowel	a	906	906.128389	128.38899999997	ms	ok		SYN_GENERATOR_11042026	SYNTHETIC_TEACHING_FIXTURE
REQ_SYN_SEG_0306_f1	SYN_SEG_0306	SYN_SEG_SPK_09	SYN_SESSION_09	f1	final	vowel	a			788.947	Hz	ok		SYN_GENERATOR_11042026	SYNTHETIC_TEACHING_FIXTURE
REQ_SYN_SEG_0306_f2	SYN_SEG_0306	SYN_SEG_SPK_09	SYN_SESSION_09	f2	final	vowel	a			1323.756	Hz	ok		SYN_GENERATOR_11042026	SYNTHETIC_TEACHING_FIXTURE
REQ_SYN_SEG_0306_f3	SYN_SEG_0306	SYN_SEG_SPK_09	SYN_SESSION_09	f3	final	vowel	a			2689.394	Hz	ok		SYN_GENERATOR_11042026	SYNTHETIC_TEACHING_FIXTURE
REQ_SYN_SEG_0307_vowel_duration	SYN_SEG_0307	SYN_SEG_SPK_09	SYN_SESSION_09	vowel_duration	initial	vowel	i	907	907.150903	150.902999999971	ms	ok		SYN_GENERATOR_11042026	SYNTHETIC_TEACHING_FIXTURE
REQ_SYN_SEG_0307_f1	SYN_SEG_0307	SYN_SEG_SPK_09	SYN_SESSION_09	f1	initial	vowel	i			285.067	Hz	ok		SYN_GENERATOR_11042026	SYNTHETIC_TEACHING_FIXTURE
REQ_SYN_SEG_0307_f2	SYN_SEG_0307	SYN_SEG_SPK_09	SYN_SESSION_09	f2	initial	vowel	i			2479.367	Hz	ok		SYN_GENERATOR_11042026	SYNTHETIC_TEACHING_FIXTURE
REQ_SYN_SEG_0307_f3	SYN_SEG_0307	SYN_SEG_SPK_09	SYN_SESSION_09	f3	initial	vowel	i			3251.387	Hz	ok		SYN_GENERATOR_11042026	SYNTHETIC_TEACHING_FIXTURE
REQ_SYN_SEG_0308_vowel_duration	SYN_SEG_0308	SYN_SEG_SPK_09	SYN_SESSION_09	vowel_duration	medial	vowel	a	908	908.146024	146.024000000011	ms	ok		SYN_GENERATOR_11042026	SYNTHETIC_TEACHING_FIXTURE
REQ_SYN_SEG_0308_f1	SYN_SEG_0308	SYN_SEG_SPK_09	SYN_SESSION_09	f1	medial	vowel	a			771.07	Hz	ok		SYN_GENERATOR_11042026	SYNTHETIC_TEACHING_FIXTURE
REQ_SYN_SEG_0308_f2	SYN_SEG_0308	SYN_SEG_SPK_09	SYN_SESSION_09	f2	medial	vowel	a			1336.245	Hz	ok		SYN_GENERATOR_11042026	SYNTHETIC_TEACHING_FIXTURE
REQ_SYN_SEG_0308_f3	SYN_SEG_0308	SYN_SEG_SPK_09	SYN_SESSION_09	f3	medial	vowel	a			2649.413	Hz	ok		SYN_GENERATOR_11042026	SYNTHETIC_TEACHING_FIXTURE
REQ_SYN_SEG_0309_vowel_duration	SYN_SEG_0309	SYN_SEG_SPK_09	SYN_SESSION_09	vowel_duration	final	vowel	a	909	909.098122	98.1219999999894	ms	ok		SYN_GENERATOR_11042026	SYNTHETIC_TEACHING_FIXTURE
REQ_SYN_SEG_0309_f1	SYN_SEG_0309	SYN_SEG_SPK_09	SYN_SESSION_09	f1	final	vowel	a			801.123	Hz	ok		SYN_GENERATOR_11042026	SYNTHETIC_TEACHING_FIXTURE
REQ_SYN_SEG_0309_f2	SYN_SEG_0309	SYN_SEG_SPK_09	SYN_SESSION_09	f2	final	vowel	a			1341.784	Hz	ok		SYN_GENERATOR_11042026	SYNTHETIC_TEACHING_FIXTURE
REQ_SYN_SEG_0309_f3	SYN_SEG_0309	SYN_SEG_SPK_09	SYN_SESSION_09	f3	final	vowel	a			2744.316	Hz	ok		SYN_GENERATOR_11042026	SYNTHETIC_TEACHING_FIXTURE
REQ_SYN_SEG_0310_vowel_duration	SYN_SEG_0310	SYN_SEG_SPK_09	SYN_SESSION_09	vowel_duration	initial	vowel	i	910	910.102645	102.645000000052	ms	ok		SYN_GENERATOR_11042026	SYNTHETIC_TEACHING_FIXTURE
REQ_SYN_SEG_0310_f1	SYN_SEG_0310	SYN_SEG_SPK_09	SYN_SESSION_09	f1	initial	vowel	i			340.392	Hz	ok		SYN_GENERATOR_11042026	SYNTHETIC_TEACHING_FIXTURE
REQ_SYN_SEG_0310_f2	SYN_SEG_0310	SYN_SEG_SPK_09	SYN_SESSION_09	f2	initial	vowel	i			2538.033	Hz	ok		SYN_GENERATOR_11042026	SYNTHETIC_TEACHING_FIXTURE
REQ_SYN_SEG_0310_f3	SYN_SEG_0310	SYN_SEG_SPK_09	SYN_SESSION_09	f3	initial	vowel	i			3250.652	Hz	ok		SYN_GENERATOR_11042026	SYNTHETIC_TEACHING_FIXTURE
REQ_SYN_SEG_0311_vowel_duration	SYN_SEG_0311	SYN_SEG_SPK_09	SYN_SESSION_09	vowel_duration	medial	vowel	a	911	911.21965	219.650000000001	ms	ok		SYN_GENERATOR_11042026	SYNTHETIC_TEACHING_FIXTURE
REQ_SYN_SEG_0311_f1	SYN_SEG_0311	SYN_SEG_SPK_09	SYN_SESSION_09	f1	medial	vowel	a			806.439	Hz	ok		SYN_GENERATOR_11042026	SYNTHETIC_TEACHING_FIXTURE
REQ_SYN_SEG_0311_f2	SYN_SEG_0311	SYN_SEG_SPK_09	SYN_SESSION_09	f2	medial	vowel	a			1359.099	Hz	ok		SYN_GENERATOR_11042026	SYNTHETIC_TEACHING_FIXTURE
REQ_SYN_SEG_0311_f3	SYN_SEG_0311	SYN_SEG_SPK_09	SYN_SESSION_09	f3	medial	vowel	a			2705.7	Hz	ok		SYN_GENERATOR_11042026	SYNTHETIC_TEACHING_FIXTURE
REQ_SYN_SEG_0312_vowel_duration	SYN_SEG_0312	SYN_SEG_SPK_09	SYN_SESSION_09	vowel_duration	final	vowel	a	912	912.097767	97.7669999999762	ms	ok		SYN_GENERATOR_11042026	SYNTHETIC_TEACHING_FIXTURE
REQ_SYN_SEG_0312_f1	SYN_SEG_0312	SYN_SEG_SPK_09	SYN_SESSION_09	f1	final	vowel	a			813.772	Hz	ok		SYN_GENERATOR_11042026	SYNTHETIC_TEACHING_FIXTURE
REQ_SYN_SEG_0312_f2	SYN_SEG_0312	SYN_SEG_SPK_09	SYN_SESSION_09	f2	final	vowel	a			1340.5	Hz	ok		SYN_GENERATOR_11042026	SYNTHETIC_TEACHING_FIXTURE
REQ_SYN_SEG_0312_f3	SYN_SEG_0312	SYN_SEG_SPK_09	SYN_SESSION_09	f3	final	vowel	a			2685.441	Hz	ok		SYN_GENERATOR_11042026	SYNTHETIC_TEACHING_FIXTURE
REQ_SYN_SEG_0313_fricative_duration	SYN_SEG_0313	SYN_SEG_SPK_09	SYN_SESSION_09	fricative_duration	initial	fricative		901	901.160425	160.425000000032	ms	ok		SYN_GENERATOR_11042026	SYNTHETIC_TEACHING_FIXTURE
REQ_SYN_SEG_0313_fricative_cog	SYN_SEG_0313	SYN_SEG_SPK_09	SYN_SESSION_09	fricative_cog	initial	fricative				6490.826	Hz	ok		SYN_GENERATOR_11042026	SYNTHETIC_TEACHING_FIXTURE
REQ_SYN_SEG_0314_fricative_duration	SYN_SEG_0314	SYN_SEG_SPK_09	SYN_SESSION_09	fricative_duration	medial	fricative		902	902.080706	80.7059999999638	ms	ok		SYN_GENERATOR_11042026	SYNTHETIC_TEACHING_FIXTURE
REQ_SYN_SEG_0314_fricative_cog	SYN_SEG_0314	SYN_SEG_SPK_09	SYN_SESSION_09	fricative_cog	medial	fricative				5569.63	Hz	ok		SYN_GENERATOR_11042026	SYNTHETIC_TEACHING_FIXTURE
REQ_SYN_SEG_0315_fricative_duration	SYN_SEG_0315	SYN_SEG_SPK_09	SYN_SESSION_09	fricative_duration	final	fricative		903	903.117414	117.414000000053	ms	ok		SYN_GENERATOR_11042026	SYNTHETIC_TEACHING_FIXTURE
REQ_SYN_SEG_0315_fricative_cog	SYN_SEG_0315	SYN_SEG_SPK_09	SYN_SESSION_09	fricative_cog	final	fricative				5248.582	Hz	ok		SYN_GENERATOR_11042026	SYNTHETIC_TEACHING_FIXTURE
REQ_SYN_SEG_0316_fricative_duration	SYN_SEG_0316	SYN_SEG_SPK_09	SYN_SESSION_09	fricative_duration	initial	fricative		904	904.106366	106.36599999998	ms	ok		SYN_GENERATOR_11042026	SYNTHETIC_TEACHING_FIXTURE
REQ_SYN_SEG_0316_fricative_cog	SYN_SEG_0316	SYN_SEG_SPK_09	SYN_SESSION_09	fricative_cog	initial	fricative				6803.646	Hz	ok		SYN_GENERATOR_11042026	SYNTHETIC_TEACHING_FIXTURE
REQ_SYN_SEG_0317_fricative_duration	SYN_SEG_0317	SYN_SEG_SPK_09	SYN_SESSION_09	fricative_duration	medial	fricative		905	905.130199	130.198999999948	ms	ok		SYN_GENERATOR_11042026	SYNTHETIC_TEACHING_FIXTURE
REQ_SYN_SEG_0317_fricative_cog	SYN_SEG_0317	SYN_SEG_SPK_09	SYN_SESSION_09	fricative_cog	medial	fricative				5330.056	Hz	ok		SYN_GENERATOR_11042026	SYNTHETIC_TEACHING_FIXTURE
REQ_SYN_SEG_0318_fricative_duration	SYN_SEG_0318	SYN_SEG_SPK_09	SYN_SESSION_09	fricative_duration	final	fricative		906	906.073835	73.835000000031	ms	ok		SYN_GENERATOR_11042026	SYNTHETIC_TEACHING_FIXTURE
REQ_SYN_SEG_0318_fricative_cog	SYN_SEG_0318	SYN_SEG_SPK_09	SYN_SESSION_09	fricative_cog	final	fricative				4957.183	Hz	ok		SYN_GENERATOR_11042026	SYNTHETIC_TEACHING_FIXTURE
REQ_SYN_SEG_0319_fricative_duration	SYN_SEG_0319	SYN_SEG_SPK_09	SYN_SESSION_09	fricative_duration	initial	fricative		907	907.134445	134.445000000028	ms	ok		SYN_GENERATOR_11042026	SYNTHETIC_TEACHING_FIXTURE
REQ_SYN_SEG_0319_fricative_cog	SYN_SEG_0319	SYN_SEG_SPK_09	SYN_SESSION_09	fricative_cog	initial	fricative				6149.645	Hz	ok		SYN_GENERATOR_11042026	SYNTHETIC_TEACHING_FIXTURE
REQ_SYN_SEG_0320_fricative_duration	SYN_SEG_0320	SYN_SEG_SPK_09	SYN_SESSION_09	fricative_duration	medial	fricative		908	908.081745	81.7449999999553	ms	ok		SYN_GENERATOR_11042026	SYNTHETIC_TEACHING_FIXTURE
REQ_SYN_SEG_0320_fricative_cog	SYN_SEG_0320	SYN_SEG_SPK_09	SYN_SESSION_09	fricative_cog	medial	fricative				5212.628	Hz	ok		SYN_GENERATOR_11042026	SYNTHETIC_TEACHING_FIXTURE
REQ_SYN_SEG_0321_fricative_duration	SYN_SEG_0321	SYN_SEG_SPK_09	SYN_SESSION_09	fricative_duration	final	fricative		909	909.126145	126.144999999951	ms	ok		SYN_GENERATOR_11042026	SYNTHETIC_TEACHING_FIXTURE
REQ_SYN_SEG_0321_fricative_cog	SYN_SEG_0321	SYN_SEG_SPK_09	SYN_SESSION_09	fricative_cog	final	fricative				5259.841	Hz	ok		SYN_GENERATOR_11042026	SYNTHETIC_TEACHING_FIXTURE
REQ_SYN_SEG_0322_fricative_duration	SYN_SEG_0322	SYN_SEG_SPK_09	SYN_SESSION_09	fricative_duration	initial	fricative		910	910.157652	157.651999999985	ms	ok		SYN_GENERATOR_11042026	SYNTHETIC_TEACHING_FIXTURE
REQ_SYN_SEG_0322_fricative_cog	SYN_SEG_0322	SYN_SEG_SPK_09	SYN_SESSION_09	fricative_cog	initial	fricative				6978.454	Hz	ok		SYN_GENERATOR_11042026	SYNTHETIC_TEACHING_FIXTURE
REQ_SYN_SEG_0323_fricative_duration	SYN_SEG_0323	SYN_SEG_SPK_09	SYN_SESSION_09	fricative_duration	medial	fricative		911	911.145296	145.29600000003	ms	ok		SYN_GENERATOR_11042026	SYNTHETIC_TEACHING_FIXTURE
REQ_SYN_SEG_0323_fricative_cog	SYN_SEG_0323	SYN_SEG_SPK_09	SYN_SESSION_09	fricative_cog	medial	fricative				5282.893	Hz	ok		SYN_GENERATOR_11042026	SYNTHETIC_TEACHING_FIXTURE
REQ_SYN_SEG_0324_fricative_duration	SYN_SEG_0324	SYN_SEG_SPK_09	SYN_SESSION_09	fricative_duration	final	fricative		912	912.122927	122.927000000004	ms	ok		SYN_GENERATOR_11042026	SYNTHETIC_TEACHING_FIXTURE
REQ_SYN_SEG_0324_fricative_cog	SYN_SEG_0324	SYN_SEG_SPK_09	SYN_SESSION_09	fricative_cog	final	fricative				4907.996	Hz	ok		SYN_GENERATOR_11042026	SYNTHETIC_TEACHING_FIXTURE
REQ_SYN_SEG_0325_vot	SYN_SEG_0325	SYN_SEG_SPK_10	SYN_SESSION_10	vot	initial	stop		1001.059497	1001.089173	29.6759999999949	ms	ok		SYN_GENERATOR_11042026	SYNTHETIC_TEACHING_FIXTURE
REQ_SYN_SEG_0325_closure_duration	SYN_SEG_0325	SYN_SEG_SPK_10	SYN_SESSION_10	closure_duration	initial	stop		1001	1001.059497	59.4969999999648	ms	ok		SYN_GENERATOR_11042026	SYNTHETIC_TEACHING_FIXTURE
REQ_SYN_SEG_0325_vowel_onset_f0	SYN_SEG_0325	SYN_SEG_SPK_10	SYN_SESSION_10	vowel_onset_f0	initial	stop				118.299	Hz	ok		SYN_GENERATOR_11042026	SYNTHETIC_TEACHING_FIXTURE
REQ_SYN_SEG_0326_vot	SYN_SEG_0326	SYN_SEG_SPK_10	SYN_SESSION_10	vot	medial	stop		1002.065265	1002.113387	48.1220000000349	ms	ok		SYN_GENERATOR_11042026	SYNTHETIC_TEACHING_FIXTURE
REQ_SYN_SEG_0326_closure_duration	SYN_SEG_0326	SYN_SEG_SPK_10	SYN_SESSION_10	closure_duration	medial	stop		1002	1002.065265	65.2649999999539	ms	ok		SYN_GENERATOR_11042026	SYNTHETIC_TEACHING_FIXTURE
REQ_SYN_SEG_0326_vowel_onset_f0	SYN_SEG_0326	SYN_SEG_SPK_10	SYN_SESSION_10	vowel_onset_f0	medial	stop				153.395	Hz	ok		SYN_GENERATOR_11042026	SYNTHETIC_TEACHING_FIXTURE
REQ_SYN_SEG_0327_vot	SYN_SEG_0327	SYN_SEG_SPK_10	SYN_SESSION_10	vot	final	stop		1003.046755	1003.067525	20.7700000000841	ms	ok		SYN_GENERATOR_11042026	SYNTHETIC_TEACHING_FIXTURE
REQ_SYN_SEG_0327_closure_duration	SYN_SEG_0327	SYN_SEG_SPK_10	SYN_SESSION_10	closure_duration	final	stop		1003	1003.046755	46.7549999999619	ms	ok		SYN_GENERATOR_11042026	SYNTHETIC_TEACHING_FIXTURE
REQ_SYN_SEG_0327_vowel_onset_f0	SYN_SEG_0327	SYN_SEG_SPK_10	SYN_SESSION_10	vowel_onset_f0	final	stop				116.973	Hz	ok		SYN_GENERATOR_11042026	SYNTHETIC_TEACHING_FIXTURE
REQ_SYN_SEG_0328_vot	SYN_SEG_0328	SYN_SEG_SPK_10	SYN_SESSION_10	vot	initial	stop		1004.064227	1004.112987	48.7600000000157	ms	ok		SYN_GENERATOR_11042026	SYNTHETIC_TEACHING_FIXTURE
REQ_SYN_SEG_0328_closure_duration	SYN_SEG_0328	SYN_SEG_SPK_10	SYN_SESSION_10	closure_duration	initial	stop		1004	1004.064227	64.2269999999598	ms	ok		SYN_GENERATOR_11042026	SYNTHETIC_TEACHING_FIXTURE
REQ_SYN_SEG_0328_vowel_onset_f0	SYN_SEG_0328	SYN_SEG_SPK_10	SYN_SESSION_10	vowel_onset_f0	initial	stop				163.432	Hz	ok		SYN_GENERATOR_11042026	SYNTHETIC_TEACHING_FIXTURE
REQ_SYN_SEG_0329_vot	SYN_SEG_0329	SYN_SEG_SPK_10	SYN_SESSION_10	vot	medial	stop		1005.099088	1005.119986	20.8979999999883	ms	ok		SYN_GENERATOR_11042026	SYNTHETIC_TEACHING_FIXTURE
REQ_SYN_SEG_0329_closure_duration	SYN_SEG_0329	SYN_SEG_SPK_10	SYN_SESSION_10	closure_duration	medial	stop		1005	1005.099088	99.0880000000516	ms	ok		SYN_GENERATOR_11042026	SYNTHETIC_TEACHING_FIXTURE
REQ_SYN_SEG_0329_vowel_onset_f0	SYN_SEG_0329	SYN_SEG_SPK_10	SYN_SESSION_10	vowel_onset_f0	medial	stop				125.252	Hz	ok		SYN_GENERATOR_11042026	SYNTHETIC_TEACHING_FIXTURE
REQ_SYN_SEG_0330_vot	SYN_SEG_0330	SYN_SEG_SPK_10	SYN_SESSION_10	vot	final	stop		1006.046214	1006.032688	-13.5259999999562	ms	ok		SYN_GENERATOR_11042026	SYNTHETIC_TEACHING_FIXTURE
REQ_SYN_SEG_0330_closure_duration	SYN_SEG_0330	SYN_SEG_SPK_10	SYN_SESSION_10	closure_duration	final	stop		1006	1006.046214	46.2139999999636	ms	ok		SYN_GENERATOR_11042026	SYNTHETIC_TEACHING_FIXTURE
REQ_SYN_SEG_0330_vowel_onset_f0	SYN_SEG_0330	SYN_SEG_SPK_10	SYN_SESSION_10	vowel_onset_f0	final	stop				112.528	Hz	ok		SYN_GENERATOR_11042026	SYNTHETIC_TEACHING_FIXTURE
REQ_SYN_SEG_0331_vot	SYN_SEG_0331	SYN_SEG_SPK_10	SYN_SESSION_10	vot	initial	stop		1007.053284	1007.047313	-5.97099999993134	ms	ok		SYN_GENERATOR_11042026	SYNTHETIC_TEACHING_FIXTURE
REQ_SYN_SEG_0331_closure_duration	SYN_SEG_0331	SYN_SEG_SPK_10	SYN_SESSION_10	closure_duration	initial	stop		1007	1007.053284	53.2839999999624	ms	ok		SYN_GENERATOR_11042026	SYNTHETIC_TEACHING_FIXTURE
REQ_SYN_SEG_0331_vowel_onset_f0	SYN_SEG_0331	SYN_SEG_SPK_10	SYN_SESSION_10	vowel_onset_f0	initial	stop				129.992	Hz	ok		SYN_GENERATOR_11042026	SYNTHETIC_TEACHING_FIXTURE
REQ_SYN_SEG_0332_vot	SYN_SEG_0332	SYN_SEG_SPK_10	SYN_SESSION_10	vot	medial	stop		1008.089634	1008.162959	73.3249999999543	ms	ok		SYN_GENERATOR_11042026	SYNTHETIC_TEACHING_FIXTURE
REQ_SYN_SEG_0332_closure_duration	SYN_SEG_0332	SYN_SEG_SPK_10	SYN_SESSION_10	closure_duration	medial	stop		1008	1008.089634	89.6340000000464	ms	ok		SYN_GENERATOR_11042026	SYNTHETIC_TEACHING_FIXTURE
REQ_SYN_SEG_0332_vowel_onset_f0	SYN_SEG_0332	SYN_SEG_SPK_10	SYN_SESSION_10	vowel_onset_f0	medial	stop				146.09	Hz	ok		SYN_GENERATOR_11042026	SYNTHETIC_TEACHING_FIXTURE
REQ_SYN_SEG_0333_vot	SYN_SEG_0333	SYN_SEG_SPK_10	SYN_SESSION_10	vot	final	stop		1009.065912	1009.117075	51.1629999999741	ms	ok		SYN_GENERATOR_11042026	SYNTHETIC_TEACHING_FIXTURE
REQ_SYN_SEG_0333_closure_duration	SYN_SEG_0333	SYN_SEG_SPK_10	SYN_SESSION_10	closure_duration	final	stop		1009	1009.065912	65.9120000000257	ms	ok		SYN_GENERATOR_11042026	SYNTHETIC_TEACHING_FIXTURE
REQ_SYN_SEG_0333_vowel_onset_f0	SYN_SEG_0333	SYN_SEG_SPK_10	SYN_SESSION_10	vowel_onset_f0	final	stop				163.517	Hz	ok		SYN_GENERATOR_11042026	SYNTHETIC_TEACHING_FIXTURE
REQ_SYN_SEG_0334_vot	SYN_SEG_0334	SYN_SEG_SPK_10	SYN_SESSION_10	vot	initial	stop		1010.108467	1010.150013	41.5459999999257	ms	ok		SYN_GENERATOR_11042026	SYNTHETIC_TEACHING_FIXTURE
REQ_SYN_SEG_0334_closure_duration	SYN_SEG_0334	SYN_SEG_SPK_10	SYN_SESSION_10	closure_duration	initial	stop		1010	1010.108467	108.467000000019	ms	ok		SYN_GENERATOR_11042026	SYNTHETIC_TEACHING_FIXTURE
REQ_SYN_SEG_0334_vowel_onset_f0	SYN_SEG_0334	SYN_SEG_SPK_10	SYN_SESSION_10	vowel_onset_f0	initial	stop				149.068	Hz	ok		SYN_GENERATOR_11042026	SYNTHETIC_TEACHING_FIXTURE
REQ_SYN_SEG_0335_vot	SYN_SEG_0335	SYN_SEG_SPK_10	SYN_SESSION_10	vot	medial	stop		1011.107059	1011.153495	46.4359999999715	ms	ok		SYN_GENERATOR_11042026	SYNTHETIC_TEACHING_FIXTURE
REQ_SYN_SEG_0335_closure_duration	SYN_SEG_0335	SYN_SEG_SPK_10	SYN_SESSION_10	closure_duration	medial	stop		1011	1011.107059	107.059000000049	ms	ok		SYN_GENERATOR_11042026	SYNTHETIC_TEACHING_FIXTURE
REQ_SYN_SEG_0335_vowel_onset_f0	SYN_SEG_0335	SYN_SEG_SPK_10	SYN_SESSION_10	vowel_onset_f0	medial	stop				151.495	Hz	ok		SYN_GENERATOR_11042026	SYNTHETIC_TEACHING_FIXTURE
REQ_SYN_SEG_0336_vot	SYN_SEG_0336	SYN_SEG_SPK_10	SYN_SESSION_10	vot	final	stop		1012.098117	1012.079759	-18.3580000000347	ms	ok		SYN_GENERATOR_11042026	SYNTHETIC_TEACHING_FIXTURE
REQ_SYN_SEG_0336_closure_duration	SYN_SEG_0336	SYN_SEG_SPK_10	SYN_SESSION_10	closure_duration	final	stop		1012	1012.098117	98.117000000002	ms	ok		SYN_GENERATOR_11042026	SYNTHETIC_TEACHING_FIXTURE
REQ_SYN_SEG_0336_vowel_onset_f0	SYN_SEG_0336	SYN_SEG_SPK_10	SYN_SESSION_10	vowel_onset_f0	final	stop				130.949	Hz	ok		SYN_GENERATOR_11042026	SYNTHETIC_TEACHING_FIXTURE
REQ_SYN_SEG_0337_vowel_duration	SYN_SEG_0337	SYN_SEG_SPK_10	SYN_SESSION_10	vowel_duration	initial	vowel	i	1001	1001.1384	138.400000000047	ms	ok		SYN_GENERATOR_11042026	SYNTHETIC_TEACHING_FIXTURE
REQ_SYN_SEG_0337_f1	SYN_SEG_0337	SYN_SEG_SPK_10	SYN_SESSION_10	f1	initial	vowel	i			293.978	Hz	ok		SYN_GENERATOR_11042026	SYNTHETIC_TEACHING_FIXTURE
REQ_SYN_SEG_0337_f2	SYN_SEG_0337	SYN_SEG_SPK_10	SYN_SESSION_10	f2	initial	vowel	i			1976.733	Hz	ok		SYN_GENERATOR_11042026	SYNTHETIC_TEACHING_FIXTURE
REQ_SYN_SEG_0337_f3	SYN_SEG_0337	SYN_SEG_SPK_10	SYN_SESSION_10	f3	initial	vowel	i			2541.488	Hz	ok		SYN_GENERATOR_11042026	SYNTHETIC_TEACHING_FIXTURE
REQ_SYN_SEG_0338_vowel_duration	SYN_SEG_0338	SYN_SEG_SPK_10	SYN_SESSION_10	vowel_duration	medial	vowel	a	1002	1002.11756	117.560000000026	ms	ok		SYN_GENERATOR_11042026	SYNTHETIC_TEACHING_FIXTURE
REQ_SYN_SEG_0338_f1	SYN_SEG_0338	SYN_SEG_SPK_10	SYN_SESSION_10	f1	medial	vowel	a			629.253	Hz	ok		SYN_GENERATOR_11042026	SYNTHETIC_TEACHING_FIXTURE
REQ_SYN_SEG_0338_f2	SYN_SEG_0338	SYN_SEG_SPK_10	SYN_SESSION_10	f2	medial	vowel	a			1073.625	Hz	ok		SYN_GENERATOR_11042026	SYNTHETIC_TEACHING_FIXTURE
REQ_SYN_SEG_0338_f3	SYN_SEG_0338	SYN_SEG_SPK_10	SYN_SESSION_10	f3	medial	vowel	a			2109.767	Hz	ok		SYN_GENERATOR_11042026	SYNTHETIC_TEACHING_FIXTURE
REQ_SYN_SEG_0339_vowel_duration	SYN_SEG_0339	SYN_SEG_SPK_10	SYN_SESSION_10	vowel_duration	final	vowel	u	1003			ms	missing	no_steady_state	SYN_GENERATOR_11042026	SYNTHETIC_TEACHING_FIXTURE
REQ_SYN_SEG_0339_f1	SYN_SEG_0339	SYN_SEG_SPK_10	SYN_SESSION_10	f1	final	vowel	u			257.741	Hz	review	no_steady_state	SYN_GENERATOR_11042026	SYNTHETIC_TEACHING_FIXTURE
REQ_SYN_SEG_0339_f2	SYN_SEG_0339	SYN_SEG_SPK_10	SYN_SESSION_10	f2	final	vowel	u			766.015	Hz	review	no_steady_state	SYN_GENERATOR_11042026	SYNTHETIC_TEACHING_FIXTURE
REQ_SYN_SEG_0339_f3	SYN_SEG_0339	SYN_SEG_SPK_10	SYN_SESSION_10	f3	final	vowel	u			1936.452	Hz	review	no_steady_state	SYN_GENERATOR_11042026	SYNTHETIC_TEACHING_FIXTURE
REQ_SYN_SEG_0340_vowel_duration	SYN_SEG_0340	SYN_SEG_SPK_10	SYN_SESSION_10	vowel_duration	initial	vowel	i	1004	1004.157676	157.676000000038	ms	ok		SYN_GENERATOR_11042026	SYNTHETIC_TEACHING_FIXTURE
REQ_SYN_SEG_0340_f1	SYN_SEG_0340	SYN_SEG_SPK_10	SYN_SESSION_10	f1	initial	vowel	i			232.219	Hz	ok		SYN_GENERATOR_11042026	SYNTHETIC_TEACHING_FIXTURE
REQ_SYN_SEG_0340_f2	SYN_SEG_0340	SYN_SEG_SPK_10	SYN_SESSION_10	f2	initial	vowel	i			1998.5	Hz	ok		SYN_GENERATOR_11042026	SYNTHETIC_TEACHING_FIXTURE
REQ_SYN_SEG_0340_f3	SYN_SEG_0340	SYN_SEG_SPK_10	SYN_SESSION_10	f3	initial	vowel	i			2567.784	Hz	ok		SYN_GENERATOR_11042026	SYNTHETIC_TEACHING_FIXTURE
REQ_SYN_SEG_0341_vowel_duration	SYN_SEG_0341	SYN_SEG_SPK_10	SYN_SESSION_10	vowel_duration	medial	vowel	a	1005	1005.180663	180.662999999981	ms	ok		SYN_GENERATOR_11042026	SYNTHETIC_TEACHING_FIXTURE
REQ_SYN_SEG_0341_f1	SYN_SEG_0341	SYN_SEG_SPK_10	SYN_SESSION_10	f1	medial	vowel	a			637.877	Hz	ok		SYN_GENERATOR_11042026	SYNTHETIC_TEACHING_FIXTURE
REQ_SYN_SEG_0341_f2	SYN_SEG_0341	SYN_SEG_SPK_10	SYN_SESSION_10	f2	medial	vowel	a			1010.244	Hz	ok		SYN_GENERATOR_11042026	SYNTHETIC_TEACHING_FIXTURE
REQ_SYN_SEG_0341_f3	SYN_SEG_0341	SYN_SEG_SPK_10	SYN_SESSION_10	f3	medial	vowel	a			2189.023	Hz	ok		SYN_GENERATOR_11042026	SYNTHETIC_TEACHING_FIXTURE
REQ_SYN_SEG_0342_vowel_duration	SYN_SEG_0342	SYN_SEG_SPK_10	SYN_SESSION_10	vowel_duration	final	vowel	u	1006	1006.169661	169.661000000019	ms	ok		SYN_GENERATOR_11042026	SYNTHETIC_TEACHING_FIXTURE
REQ_SYN_SEG_0342_f1	SYN_SEG_0342	SYN_SEG_SPK_10	SYN_SESSION_10	f1	final	vowel	u			335.277	Hz	ok		SYN_GENERATOR_11042026	SYNTHETIC_TEACHING_FIXTURE
REQ_SYN_SEG_0342_f2	SYN_SEG_0342	SYN_SEG_SPK_10	SYN_SESSION_10	f2	final	vowel	u			822.472	Hz	ok		SYN_GENERATOR_11042026	SYNTHETIC_TEACHING_FIXTURE
REQ_SYN_SEG_0342_f3	SYN_SEG_0342	SYN_SEG_SPK_10	SYN_SESSION_10	f3	final	vowel	u			1922.352	Hz	ok		SYN_GENERATOR_11042026	SYNTHETIC_TEACHING_FIXTURE
REQ_SYN_SEG_0343_vowel_duration	SYN_SEG_0343	SYN_SEG_SPK_10	SYN_SESSION_10	vowel_duration	initial	vowel	i	1007	1007.120895	120.895000000019	ms	ok		SYN_GENERATOR_11042026	SYNTHETIC_TEACHING_FIXTURE
REQ_SYN_SEG_0343_f1	SYN_SEG_0343	SYN_SEG_SPK_10	SYN_SESSION_10	f1	initial	vowel	i			291.986	Hz	ok		SYN_GENERATOR_11042026	SYNTHETIC_TEACHING_FIXTURE
REQ_SYN_SEG_0343_f2	SYN_SEG_0343	SYN_SEG_SPK_10	SYN_SESSION_10	f2	initial	vowel	i			2061.586	Hz	ok		SYN_GENERATOR_11042026	SYNTHETIC_TEACHING_FIXTURE
REQ_SYN_SEG_0343_f3	SYN_SEG_0343	SYN_SEG_SPK_10	SYN_SESSION_10	f3	initial	vowel	i			2637.012	Hz	ok		SYN_GENERATOR_11042026	SYNTHETIC_TEACHING_FIXTURE
REQ_SYN_SEG_0344_vowel_duration	SYN_SEG_0344	SYN_SEG_SPK_10	SYN_SESSION_10	vowel_duration	medial	vowel	a	1008	1008.168623	168.623000000025	ms	ok		SYN_GENERATOR_11042026	SYNTHETIC_TEACHING_FIXTURE
REQ_SYN_SEG_0344_f1	SYN_SEG_0344	SYN_SEG_SPK_10	SYN_SESSION_10	f1	medial	vowel	a			677.593	Hz	ok		SYN_GENERATOR_11042026	SYNTHETIC_TEACHING_FIXTURE
REQ_SYN_SEG_0344_f2	SYN_SEG_0344	SYN_SEG_SPK_10	SYN_SESSION_10	f2	medial	vowel	a			1030.901	Hz	ok		SYN_GENERATOR_11042026	SYNTHETIC_TEACHING_FIXTURE
REQ_SYN_SEG_0344_f3	SYN_SEG_0344	SYN_SEG_SPK_10	SYN_SESSION_10	f3	medial	vowel	a			2125.237	Hz	ok		SYN_GENERATOR_11042026	SYNTHETIC_TEACHING_FIXTURE
REQ_SYN_SEG_0345_vowel_duration	SYN_SEG_0345	SYN_SEG_SPK_10	SYN_SESSION_10	vowel_duration	final	vowel	u	1009	1009.103867	103.867000000037	ms	ok		SYN_GENERATOR_11042026	SYNTHETIC_TEACHING_FIXTURE
REQ_SYN_SEG_0345_f1	SYN_SEG_0345	SYN_SEG_SPK_10	SYN_SESSION_10	f1	final	vowel	u			298.137	Hz	ok		SYN_GENERATOR_11042026	SYNTHETIC_TEACHING_FIXTURE
REQ_SYN_SEG_0345_f2	SYN_SEG_0345	SYN_SEG_SPK_10	SYN_SESSION_10	f2	final	vowel	u			750.084	Hz	ok		SYN_GENERATOR_11042026	SYNTHETIC_TEACHING_FIXTURE
REQ_SYN_SEG_0345_f3	SYN_SEG_0345	SYN_SEG_SPK_10	SYN_SESSION_10	f3	final	vowel	u			1953.793	Hz	ok		SYN_GENERATOR_11042026	SYNTHETIC_TEACHING_FIXTURE
REQ_SYN_SEG_0346_vowel_duration	SYN_SEG_0346	SYN_SEG_SPK_10	SYN_SESSION_10	vowel_duration	initial	vowel	i	1010	1010.144419	144.418999999971	ms	ok		SYN_GENERATOR_11042026	SYNTHETIC_TEACHING_FIXTURE
REQ_SYN_SEG_0346_f1	SYN_SEG_0346	SYN_SEG_SPK_10	SYN_SESSION_10	f1	initial	vowel	i			242.247	Hz	ok		SYN_GENERATOR_11042026	SYNTHETIC_TEACHING_FIXTURE
REQ_SYN_SEG_0346_f2	SYN_SEG_0346	SYN_SEG_SPK_10	SYN_SESSION_10	f2	initial	vowel	i			1887.724	Hz	ok		SYN_GENERATOR_11042026	SYNTHETIC_TEACHING_FIXTURE
REQ_SYN_SEG_0346_f3	SYN_SEG_0346	SYN_SEG_SPK_10	SYN_SESSION_10	f3	initial	vowel	i			2616.22	Hz	ok		SYN_GENERATOR_11042026	SYNTHETIC_TEACHING_FIXTURE
REQ_SYN_SEG_0347_vowel_duration	SYN_SEG_0347	SYN_SEG_SPK_10	SYN_SESSION_10	vowel_duration	medial	vowel	a	1011	1011.176727	176.727000000028	ms	ok		SYN_GENERATOR_11042026	SYNTHETIC_TEACHING_FIXTURE
REQ_SYN_SEG_0347_f1	SYN_SEG_0347	SYN_SEG_SPK_10	SYN_SESSION_10	f1	medial	vowel	a			661.41	Hz	ok		SYN_GENERATOR_11042026	SYNTHETIC_TEACHING_FIXTURE
REQ_SYN_SEG_0347_f2	SYN_SEG_0347	SYN_SEG_SPK_10	SYN_SESSION_10	f2	medial	vowel	a			1121.591	Hz	ok		SYN_GENERATOR_11042026	SYNTHETIC_TEACHING_FIXTURE
REQ_SYN_SEG_0347_f3	SYN_SEG_0347	SYN_SEG_SPK_10	SYN_SESSION_10	f3	medial	vowel	a			2138.268	Hz	ok		SYN_GENERATOR_11042026	SYNTHETIC_TEACHING_FIXTURE
REQ_SYN_SEG_0348_vowel_duration	SYN_SEG_0348	SYN_SEG_SPK_10	SYN_SESSION_10	vowel_duration	final	vowel	u	1012	1012.151304	151.303999999982	ms	ok		SYN_GENERATOR_11042026	SYNTHETIC_TEACHING_FIXTURE
REQ_SYN_SEG_0348_f1	SYN_SEG_0348	SYN_SEG_SPK_10	SYN_SESSION_10	f1	final	vowel	u			238.431	Hz	ok		SYN_GENERATOR_11042026	SYNTHETIC_TEACHING_FIXTURE
REQ_SYN_SEG_0348_f2	SYN_SEG_0348	SYN_SEG_SPK_10	SYN_SESSION_10	f2	final	vowel	u			816.051	Hz	ok		SYN_GENERATOR_11042026	SYNTHETIC_TEACHING_FIXTURE
REQ_SYN_SEG_0348_f3	SYN_SEG_0348	SYN_SEG_SPK_10	SYN_SESSION_10	f3	final	vowel	u			1922.103	Hz	ok		SYN_GENERATOR_11042026	SYNTHETIC_TEACHING_FIXTURE
REQ_SYN_SEG_0349_fricative_duration	SYN_SEG_0349	SYN_SEG_SPK_10	SYN_SESSION_10	fricative_duration	initial	fricative		1001	1001.149804	149.804000000017	ms	ok		SYN_GENERATOR_11042026	SYNTHETIC_TEACHING_FIXTURE
REQ_SYN_SEG_0349_fricative_cog	SYN_SEG_0349	SYN_SEG_SPK_10	SYN_SESSION_10	fricative_cog	initial	fricative				5472.013	Hz	ok		SYN_GENERATOR_11042026	SYNTHETIC_TEACHING_FIXTURE
REQ_SYN_SEG_0350_fricative_duration	SYN_SEG_0350	SYN_SEG_SPK_10	SYN_SESSION_10	fricative_duration	medial	fricative		1002	1002.071287	71.2869999999839	ms	ok		SYN_GENERATOR_11042026	SYNTHETIC_TEACHING_FIXTURE
REQ_SYN_SEG_0350_fricative_cog	SYN_SEG_0350	SYN_SEG_SPK_10	SYN_SESSION_10	fricative_cog	medial	fricative				4273.064	Hz	ok		SYN_GENERATOR_11042026	SYNTHETIC_TEACHING_FIXTURE
REQ_SYN_SEG_0351_fricative_duration	SYN_SEG_0351	SYN_SEG_SPK_10	SYN_SESSION_10	fricative_duration	final	fricative		1003	1003.167037	167.03700000005	ms	ok		SYN_GENERATOR_11042026	SYNTHETIC_TEACHING_FIXTURE
REQ_SYN_SEG_0351_fricative_cog	SYN_SEG_0351	SYN_SEG_SPK_10	SYN_SESSION_10	fricative_cog	final	fricative				3909.153	Hz	ok		SYN_GENERATOR_11042026	SYNTHETIC_TEACHING_FIXTURE
REQ_SYN_SEG_0352_fricative_duration	SYN_SEG_0352	SYN_SEG_SPK_10	SYN_SESSION_10	fricative_duration	initial	fricative		1004	1004.085693	85.692999999992	ms	ok		SYN_GENERATOR_11042026	SYNTHETIC_TEACHING_FIXTURE
REQ_SYN_SEG_0352_fricative_cog	SYN_SEG_0352	SYN_SEG_SPK_10	SYN_SESSION_10	fricative_cog	initial	fricative				5517.794	Hz	ok		SYN_GENERATOR_11042026	SYNTHETIC_TEACHING_FIXTURE
REQ_SYN_SEG_0353_fricative_duration	SYN_SEG_0353	SYN_SEG_SPK_10	SYN_SESSION_10	fricative_duration	medial	fricative		1005	1005.077035	77.0350000000235	ms	ok		SYN_GENERATOR_11042026	SYNTHETIC_TEACHING_FIXTURE
REQ_SYN_SEG_0353_fricative_cog	SYN_SEG_0353	SYN_SEG_SPK_10	SYN_SESSION_10	fricative_cog	medial	fricative				3926.186	Hz	ok		SYN_GENERATOR_11042026	SYNTHETIC_TEACHING_FIXTURE
REQ_SYN_SEG_0354_fricative_duration	SYN_SEG_0354	SYN_SEG_SPK_10	SYN_SESSION_10	fricative_duration	final	fricative		1006	1006.161296	161.295999999993	ms	ok		SYN_GENERATOR_11042026	SYNTHETIC_TEACHING_FIXTURE
REQ_SYN_SEG_0354_fricative_cog	SYN_SEG_0354	SYN_SEG_SPK_10	SYN_SESSION_10	fricative_cog	final	fricative				3676.323	Hz	ok		SYN_GENERATOR_11042026	SYNTHETIC_TEACHING_FIXTURE
REQ_SYN_SEG_0355_fricative_duration	SYN_SEG_0355	SYN_SEG_SPK_10	SYN_SESSION_10	fricative_duration	initial	fricative		1007	1007.161557	161.557000000016	ms	ok		SYN_GENERATOR_11042026	SYNTHETIC_TEACHING_FIXTURE
REQ_SYN_SEG_0355_fricative_cog	SYN_SEG_0355	SYN_SEG_SPK_10	SYN_SESSION_10	fricative_cog	initial	fricative				5196.556	Hz	ok		SYN_GENERATOR_11042026	SYNTHETIC_TEACHING_FIXTURE
REQ_SYN_SEG_0356_fricative_duration	SYN_SEG_0356	SYN_SEG_SPK_10	SYN_SESSION_10	fricative_duration	medial	fricative		1008	1008.125167	125.167000000033	ms	ok		SYN_GENERATOR_11042026	SYNTHETIC_TEACHING_FIXTURE
REQ_SYN_SEG_0356_fricative_cog	SYN_SEG_0356	SYN_SEG_SPK_10	SYN_SESSION_10	fricative_cog	medial	fricative				4254.726	Hz	ok		SYN_GENERATOR_11042026	SYNTHETIC_TEACHING_FIXTURE
REQ_SYN_SEG_0357_fricative_duration	SYN_SEG_0357	SYN_SEG_SPK_10	SYN_SESSION_10	fricative_duration	final	fricative		1009	1009.162786	162.785999999983	ms	ok		SYN_GENERATOR_11042026	SYNTHETIC_TEACHING_FIXTURE
REQ_SYN_SEG_0357_fricative_cog	SYN_SEG_0357	SYN_SEG_SPK_10	SYN_SESSION_10	fricative_cog	final	fricative				3644.782	Hz	ok		SYN_GENERATOR_11042026	SYNTHETIC_TEACHING_FIXTURE
REQ_SYN_SEG_0358_fricative_duration	SYN_SEG_0358	SYN_SEG_SPK_10	SYN_SESSION_10	fricative_duration	initial	fricative		1010	1010.16586	165.859999999952	ms	ok		SYN_GENERATOR_11042026	SYNTHETIC_TEACHING_FIXTURE
REQ_SYN_SEG_0358_fricative_cog	SYN_SEG_0358	SYN_SEG_SPK_10	SYN_SESSION_10	fricative_cog	initial	fricative				5039.545	Hz	ok		SYN_GENERATOR_11042026	SYNTHETIC_TEACHING_FIXTURE
REQ_SYN_SEG_0359_fricative_duration	SYN_SEG_0359	SYN_SEG_SPK_10	SYN_SESSION_10	fricative_duration	medial	fricative		1011	1011.097979	97.9790000000094	ms	ok		SYN_GENERATOR_11042026	SYNTHETIC_TEACHING_FIXTURE
REQ_SYN_SEG_0359_fricative_cog	SYN_SEG_0359	SYN_SEG_SPK_10	SYN_SESSION_10	fricative_cog	medial	fricative				4333.346	Hz	ok		SYN_GENERATOR_11042026	SYNTHETIC_TEACHING_FIXTURE
REQ_SYN_SEG_0360_fricative_duration	SYN_SEG_0360	SYN_SEG_SPK_10	SYN_SESSION_10	fricative_duration	final	fricative		1012	1012.088921	88.9210000000276	ms	ok		SYN_GENERATOR_11042026	SYNTHETIC_TEACHING_FIXTURE
REQ_SYN_SEG_0360_fricative_cog	SYN_SEG_0360	SYN_SEG_SPK_10	SYN_SESSION_10	fricative_cog	final	fricative				4108.254	Hz	ok		SYN_GENERATOR_11042026	SYNTHETIC_TEACHING_FIXTURE
REQ_SYN_SEG_0361_vot	SYN_SEG_0361	SYN_SEG_SPK_11	SYN_SESSION_11	vot	initial	stop		1101.093768	1101.121944	28.1760000000304	ms	ok		SYN_GENERATOR_11042026	SYNTHETIC_TEACHING_FIXTURE
REQ_SYN_SEG_0361_closure_duration	SYN_SEG_0361	SYN_SEG_SPK_11	SYN_SESSION_11	closure_duration	initial	stop		1101	1101.093768	93.7679999999546	ms	ok		SYN_GENERATOR_11042026	SYNTHETIC_TEACHING_FIXTURE
REQ_SYN_SEG_0361_vowel_onset_f0	SYN_SEG_0361	SYN_SEG_SPK_11	SYN_SESSION_11	vowel_onset_f0	initial	stop				105.36	Hz	ok		SYN_GENERATOR_11042026	SYNTHETIC_TEACHING_FIXTURE
REQ_SYN_SEG_0362_vot	SYN_SEG_0362	SYN_SEG_SPK_11	SYN_SESSION_11	vot	medial	stop		1102.045754	1102.098725	52.9710000000705	ms	ok		SYN_GENERATOR_11042026	SYNTHETIC_TEACHING_FIXTURE
REQ_SYN_SEG_0362_closure_duration	SYN_SEG_0362	SYN_SEG_SPK_11	SYN_SESSION_11	closure_duration	medial	stop		1102	1102.045754	45.7539999999881	ms	ok		SYN_GENERATOR_11042026	SYNTHETIC_TEACHING_FIXTURE
REQ_SYN_SEG_0362_vowel_onset_f0	SYN_SEG_0362	SYN_SEG_SPK_11	SYN_SESSION_11	vowel_onset_f0	medial	stop				126.946	Hz	ok		SYN_GENERATOR_11042026	SYNTHETIC_TEACHING_FIXTURE
REQ_SYN_SEG_0363_vot	SYN_SEG_0363	SYN_SEG_SPK_11	SYN_SESSION_11	vot	final	stop		1103.052038	1103.109374	57.3359999998502	ms	ok		SYN_GENERATOR_11042026	SYNTHETIC_TEACHING_FIXTURE
REQ_SYN_SEG_0363_closure_duration	SYN_SEG_0363	SYN_SEG_SPK_11	SYN_SESSION_11	closure_duration	final	stop		1103	1103.052038	52.0380000000387	ms	ok		SYN_GENERATOR_11042026	SYNTHETIC_TEACHING_FIXTURE
REQ_SYN_SEG_0363_vowel_onset_f0	SYN_SEG_0363	SYN_SEG_SPK_11	SYN_SESSION_11	vowel_onset_f0	final	stop				127.102	Hz	ok		SYN_GENERATOR_11042026	SYNTHETIC_TEACHING_FIXTURE
REQ_SYN_SEG_0364_vot	SYN_SEG_0364	SYN_SEG_SPK_11	SYN_SESSION_11	vot	initial	stop		1104.100353	1104.104567	4.21400000004724	ms	ok		SYN_GENERATOR_11042026	SYNTHETIC_TEACHING_FIXTURE
REQ_SYN_SEG_0364_closure_duration	SYN_SEG_0364	SYN_SEG_SPK_11	SYN_SESSION_11	closure_duration	initial	stop		1104	1104.100353	100.353000000041	ms	ok		SYN_GENERATOR_11042026	SYNTHETIC_TEACHING_FIXTURE
REQ_SYN_SEG_0364_vowel_onset_f0	SYN_SEG_0364	SYN_SEG_SPK_11	SYN_SESSION_11	vowel_onset_f0	initial	stop				103.639	Hz	ok		SYN_GENERATOR_11042026	SYNTHETIC_TEACHING_FIXTURE
REQ_SYN_SEG_0365_vot	SYN_SEG_0365	SYN_SEG_SPK_11	SYN_SESSION_11	vot	medial	stop		1105.090085	1105.145899	55.8140000000549	ms	ok		SYN_GENERATOR_11042026	SYNTHETIC_TEACHING_FIXTURE
REQ_SYN_SEG_0365_closure_duration	SYN_SEG_0365	SYN_SEG_SPK_11	SYN_SESSION_11	closure_duration	medial	stop		1105	1105.090085	90.0850000000446	ms	ok		SYN_GENERATOR_11042026	SYNTHETIC_TEACHING_FIXTURE
REQ_SYN_SEG_0365_vowel_onset_f0	SYN_SEG_0365	SYN_SEG_SPK_11	SYN_SESSION_11	vowel_onset_f0	medial	stop				119.102	Hz	ok		SYN_GENERATOR_11042026	SYNTHETIC_TEACHING_FIXTURE
REQ_SYN_SEG_0366_vot	SYN_SEG_0366	SYN_SEG_SPK_11	SYN_SESSION_11	vot	final	stop		1106.107956	1106.105467	-2.48899999996866	ms	ok		SYN_GENERATOR_11042026	SYNTHETIC_TEACHING_FIXTURE
REQ_SYN_SEG_0366_closure_duration	SYN_SEG_0366	SYN_SEG_SPK_11	SYN_SESSION_11	closure_duration	final	stop		1106	1106.107956	107.956000000058	ms	ok		SYN_GENERATOR_11042026	SYNTHETIC_TEACHING_FIXTURE
REQ_SYN_SEG_0366_vowel_onset_f0	SYN_SEG_0366	SYN_SEG_SPK_11	SYN_SESSION_11	vowel_onset_f0	final	stop				99.023	Hz	ok		SYN_GENERATOR_11042026	SYNTHETIC_TEACHING_FIXTURE
REQ_SYN_SEG_0367_vot	SYN_SEG_0367	SYN_SEG_SPK_11	SYN_SESSION_11	vot	initial	stop		1107.087394	1107.100533	13.1390000001375	ms	ok		SYN_GENERATOR_11042026	SYNTHETIC_TEACHING_FIXTURE
REQ_SYN_SEG_0367_closure_duration	SYN_SEG_0367	SYN_SEG_SPK_11	SYN_SESSION_11	closure_duration	initial	stop		1107	1107.087394	87.3939999999038	ms	ok		SYN_GENERATOR_11042026	SYNTHETIC_TEACHING_FIXTURE
REQ_SYN_SEG_0367_vowel_onset_f0	SYN_SEG_0367	SYN_SEG_SPK_11	SYN_SESSION_11	vowel_onset_f0	initial	stop				105.775	Hz	ok		SYN_GENERATOR_11042026	SYNTHETIC_TEACHING_FIXTURE
REQ_SYN_SEG_0368_vot	SYN_SEG_0368	SYN_SEG_SPK_11	SYN_SESSION_11	vot	medial	stop		1108.096532	1108.089709	-6.82299999994029	ms	ok		SYN_GENERATOR_11042026	SYNTHETIC_TEACHING_FIXTURE
REQ_SYN_SEG_0368_closure_duration	SYN_SEG_0368	SYN_SEG_SPK_11	SYN_SESSION_11	closure_duration	medial	stop		1108	1108.096532	96.5320000000247	ms	ok		SYN_GENERATOR_11042026	SYNTHETIC_TEACHING_FIXTURE
REQ_SYN_SEG_0368_vowel_onset_f0	SYN_SEG_0368	SYN_SEG_SPK_11	SYN_SESSION_11	vowel_onset_f0	medial	stop				105.967	Hz	ok		SYN_GENERATOR_11042026	SYNTHETIC_TEACHING_FIXTURE
REQ_SYN_SEG_0369_vot	SYN_SEG_0369	SYN_SEG_SPK_11	SYN_SESSION_11	vot	final	stop		1109.05378	1109.043963	-9.8169999998845	ms	ok		SYN_GENERATOR_11042026	SYNTHETIC_TEACHING_FIXTURE
REQ_SYN_SEG_0369_closure_duration	SYN_SEG_0369	SYN_SEG_SPK_11	SYN_SESSION_11	closure_duration	final	stop		1109	1109.05378	53.7799999999606	ms	ok		SYN_GENERATOR_11042026	SYNTHETIC_TEACHING_FIXTURE
REQ_SYN_SEG_0369_vowel_onset_f0	SYN_SEG_0369	SYN_SEG_SPK_11	SYN_SESSION_11	vowel_onset_f0	final	stop				112.113	Hz	ok		SYN_GENERATOR_11042026	SYNTHETIC_TEACHING_FIXTURE
REQ_SYN_SEG_0370_vot	SYN_SEG_0370	SYN_SEG_SPK_11	SYN_SESSION_11	vot	initial	stop		1110.084644	1110.165768	81.1240000000453	ms	ok		SYN_GENERATOR_11042026	SYNTHETIC_TEACHING_FIXTURE
REQ_SYN_SEG_0370_closure_duration	SYN_SEG_0370	SYN_SEG_SPK_11	SYN_SESSION_11	closure_duration	initial	stop		1110	1110.084644	84.6440000000257	ms	ok		SYN_GENERATOR_11042026	SYNTHETIC_TEACHING_FIXTURE
REQ_SYN_SEG_0370_vowel_onset_f0	SYN_SEG_0370	SYN_SEG_SPK_11	SYN_SESSION_11	vowel_onset_f0	initial	stop				134.254	Hz	ok		SYN_GENERATOR_11042026	SYNTHETIC_TEACHING_FIXTURE
REQ_SYN_SEG_0371_vot	SYN_SEG_0371	SYN_SEG_SPK_11	SYN_SESSION_11	vot	medial	stop		1111.092811	1111.154578	61.766999999918	ms	ok		SYN_GENERATOR_11042026	SYNTHETIC_TEACHING_FIXTURE
REQ_SYN_SEG_0371_closure_duration	SYN_SEG_0371	SYN_SEG_SPK_11	SYN_SESSION_11	closure_duration	medial	stop		1111	1111.092811	92.8109999999833	ms	ok		SYN_GENERATOR_11042026	SYNTHETIC_TEACHING_FIXTURE
REQ_SYN_SEG_0371_vowel_onset_f0	SYN_SEG_0371	SYN_SEG_SPK_11	SYN_SESSION_11	vowel_onset_f0	medial	stop				141.004	Hz	ok		SYN_GENERATOR_11042026	SYNTHETIC_TEACHING_FIXTURE
REQ_SYN_SEG_0372_vot	SYN_SEG_0372	SYN_SEG_SPK_11	SYN_SESSION_11	vot	final	stop		1112.071899	1112.112331	40.4320000000098	ms	ok		SYN_GENERATOR_11042026	SYNTHETIC_TEACHING_FIXTURE
REQ_SYN_SEG_0372_closure_duration	SYN_SEG_0372	SYN_SEG_SPK_11	SYN_SESSION_11	closure_duration	final	stop		1112	1112.071899	71.8990000000304	ms	ok		SYN_GENERATOR_11042026	SYNTHETIC_TEACHING_FIXTURE
REQ_SYN_SEG_0372_vowel_onset_f0	SYN_SEG_0372	SYN_SEG_SPK_11	SYN_SESSION_11	vowel_onset_f0	final	stop				129.877	Hz	ok		SYN_GENERATOR_11042026	SYNTHETIC_TEACHING_FIXTURE
REQ_SYN_SEG_0373_vowel_duration	SYN_SEG_0373	SYN_SEG_SPK_11	SYN_SESSION_11	vowel_duration	initial	vowel	i	1101	1101.155362	155.361999999968	ms	ok		SYN_GENERATOR_11042026	SYNTHETIC_TEACHING_FIXTURE
REQ_SYN_SEG_0373_f1	SYN_SEG_0373	SYN_SEG_SPK_11	SYN_SESSION_11	f1	initial	vowel	i			343.989	Hz	ok		SYN_GENERATOR_11042026	SYNTHETIC_TEACHING_FIXTURE
REQ_SYN_SEG_0373_f2	SYN_SEG_0373	SYN_SEG_SPK_11	SYN_SESSION_11	f2	initial	vowel	i			2613.463	Hz	ok		SYN_GENERATOR_11042026	SYNTHETIC_TEACHING_FIXTURE
REQ_SYN_SEG_0373_f3	SYN_SEG_0373	SYN_SEG_SPK_11	SYN_SESSION_11	f3	initial	vowel	i			3405.042	Hz	ok		SYN_GENERATOR_11042026	SYNTHETIC_TEACHING_FIXTURE
REQ_SYN_SEG_0374_vowel_duration	SYN_SEG_0374	SYN_SEG_SPK_11	SYN_SESSION_11	vowel_duration	medial	vowel	a	1102	1102.106258	106.258000000025	ms	ok		SYN_GENERATOR_11042026	SYNTHETIC_TEACHING_FIXTURE
REQ_SYN_SEG_0374_f1	SYN_SEG_0374	SYN_SEG_SPK_11	SYN_SESSION_11	f1	medial	vowel	a			894.185	Hz	ok		SYN_GENERATOR_11042026	SYNTHETIC_TEACHING_FIXTURE
REQ_SYN_SEG_0374_f2	SYN_SEG_0374	SYN_SEG_SPK_11	SYN_SESSION_11	f2	medial	vowel	a			1341.787	Hz	ok		SYN_GENERATOR_11042026	SYNTHETIC_TEACHING_FIXTURE
REQ_SYN_SEG_0374_f3	SYN_SEG_0374	SYN_SEG_SPK_11	SYN_SESSION_11	f3	medial	vowel	a			2771.84	Hz	ok		SYN_GENERATOR_11042026	SYNTHETIC_TEACHING_FIXTURE
REQ_SYN_SEG_0375_vowel_duration	SYN_SEG_0375	SYN_SEG_SPK_11	SYN_SESSION_11	vowel_duration	final	vowel	u	1103	1103.123788	123.788000000104	ms	ok		SYN_GENERATOR_11042026	SYNTHETIC_TEACHING_FIXTURE
REQ_SYN_SEG_0375_f1	SYN_SEG_0375	SYN_SEG_SPK_11	SYN_SESSION_11	f1	final	vowel	u			420.075	Hz	ok		SYN_GENERATOR_11042026	SYNTHETIC_TEACHING_FIXTURE
REQ_SYN_SEG_0375_f2	SYN_SEG_0375	SYN_SEG_SPK_11	SYN_SESSION_11	f2	final	vowel	u			1059.166	Hz	ok		SYN_GENERATOR_11042026	SYNTHETIC_TEACHING_FIXTURE
REQ_SYN_SEG_0375_f3	SYN_SEG_0375	SYN_SEG_SPK_11	SYN_SESSION_11	f3	final	vowel	u			2504.073	Hz	ok		SYN_GENERATOR_11042026	SYNTHETIC_TEACHING_FIXTURE
REQ_SYN_SEG_0376_vowel_duration	SYN_SEG_0376	SYN_SEG_SPK_11	SYN_SESSION_11	vowel_duration	initial	vowel	i	1104	1104.119399	119.39899999993	ms	ok		SYN_GENERATOR_11042026	SYNTHETIC_TEACHING_FIXTURE
REQ_SYN_SEG_0376_f1	SYN_SEG_0376	SYN_SEG_SPK_11	SYN_SESSION_11	f1	initial	vowel	i			313.687	Hz	ok		SYN_GENERATOR_11042026	SYNTHETIC_TEACHING_FIXTURE
REQ_SYN_SEG_0376_f2	SYN_SEG_0376	SYN_SEG_SPK_11	SYN_SESSION_11	f2	initial	vowel	i			2608.53	Hz	ok		SYN_GENERATOR_11042026	SYNTHETIC_TEACHING_FIXTURE
REQ_SYN_SEG_0376_f3	SYN_SEG_0376	SYN_SEG_SPK_11	SYN_SESSION_11	f3	initial	vowel	i			3383.451	Hz	ok		SYN_GENERATOR_11042026	SYNTHETIC_TEACHING_FIXTURE
REQ_SYN_SEG_0377_vowel_duration	SYN_SEG_0377	SYN_SEG_SPK_11	SYN_SESSION_11	vowel_duration	medial	vowel	a	1105	1105.085974	85.9740000000784	ms	ok		SYN_GENERATOR_11042026	SYNTHETIC_TEACHING_FIXTURE
REQ_SYN_SEG_0377_f1	SYN_SEG_0377	SYN_SEG_SPK_11	SYN_SESSION_11	f1	medial	vowel	a			840.213	Hz	ok		SYN_GENERATOR_11042026	SYNTHETIC_TEACHING_FIXTURE
REQ_SYN_SEG_0377_f2	SYN_SEG_0377	SYN_SEG_SPK_11	SYN_SESSION_11	f2	medial	vowel	a			1403.919	Hz	ok		SYN_GENERATOR_11042026	SYNTHETIC_TEACHING_FIXTURE
REQ_SYN_SEG_0377_f3	SYN_SEG_0377	SYN_SEG_SPK_11	SYN_SESSION_11	f3	medial	vowel	a			2827.282	Hz	ok		SYN_GENERATOR_11042026	SYNTHETIC_TEACHING_FIXTURE
REQ_SYN_SEG_0378_vowel_duration	SYN_SEG_0378	SYN_SEG_SPK_11	SYN_SESSION_11	vowel_duration	final	vowel	u	1106	1106.193177	193.177000000105	ms	ok		SYN_GENERATOR_11042026	SYNTHETIC_TEACHING_FIXTURE
REQ_SYN_SEG_0378_f1	SYN_SEG_0378	SYN_SEG_SPK_11	SYN_SESSION_11	f1	final	vowel	u			406.256	Hz	ok		SYN_GENERATOR_11042026	SYNTHETIC_TEACHING_FIXTURE
REQ_SYN_SEG_0378_f2	SYN_SEG_0378	SYN_SEG_SPK_11	SYN_SESSION_11	f2	final	vowel	u			1020.456	Hz	ok		SYN_GENERATOR_11042026	SYNTHETIC_TEACHING_FIXTURE
REQ_SYN_SEG_0378_f3	SYN_SEG_0378	SYN_SEG_SPK_11	SYN_SESSION_11	f3	final	vowel	u			2431.358	Hz	ok		SYN_GENERATOR_11042026	SYNTHETIC_TEACHING_FIXTURE
REQ_SYN_SEG_0379_vowel_duration	SYN_SEG_0379	SYN_SEG_SPK_11	SYN_SESSION_11	vowel_duration	initial	vowel	i	1107	1107.189935	189.935000000105	ms	ok		SYN_GENERATOR_11042026	SYNTHETIC_TEACHING_FIXTURE
REQ_SYN_SEG_0379_f1	SYN_SEG_0379	SYN_SEG_SPK_11	SYN_SESSION_11	f1	initial	vowel	i			382.464	Hz	ok		SYN_GENERATOR_11042026	SYNTHETIC_TEACHING_FIXTURE
REQ_SYN_SEG_0379_f2	SYN_SEG_0379	SYN_SEG_SPK_11	SYN_SESSION_11	f2	initial	vowel	i			2555.232	Hz	ok		SYN_GENERATOR_11042026	SYNTHETIC_TEACHING_FIXTURE
REQ_SYN_SEG_0379_f3	SYN_SEG_0379	SYN_SEG_SPK_11	SYN_SESSION_11	f3	initial	vowel	i			3371.238	Hz	ok		SYN_GENERATOR_11042026	SYNTHETIC_TEACHING_FIXTURE
REQ_SYN_SEG_0380_vowel_duration	SYN_SEG_0380	SYN_SEG_SPK_11	SYN_SESSION_11	vowel_duration	medial	vowel	a	1108	1108.097723	97.7230000000873	ms	ok		SYN_GENERATOR_11042026	SYNTHETIC_TEACHING_FIXTURE
REQ_SYN_SEG_0380_f1	SYN_SEG_0380	SYN_SEG_SPK_11	SYN_SESSION_11	f1	medial	vowel	a			864.176	Hz	ok		SYN_GENERATOR_11042026	SYNTHETIC_TEACHING_FIXTURE
REQ_SYN_SEG_0380_f2	SYN_SEG_0380	SYN_SEG_SPK_11	SYN_SESSION_11	f2	medial	vowel	a			1386.745	Hz	ok		SYN_GENERATOR_11042026	SYNTHETIC_TEACHING_FIXTURE
REQ_SYN_SEG_0380_f3	SYN_SEG_0380	SYN_SEG_SPK_11	SYN_SESSION_11	f3	medial	vowel	a			2823.285	Hz	ok		SYN_GENERATOR_11042026	SYNTHETIC_TEACHING_FIXTURE
REQ_SYN_SEG_0381_vowel_duration	SYN_SEG_0381	SYN_SEG_SPK_11	SYN_SESSION_11	vowel_duration	final	vowel	u	1109	1109.08821	88.20999999989	ms	ok		SYN_GENERATOR_11042026	SYNTHETIC_TEACHING_FIXTURE
REQ_SYN_SEG_0381_f1	SYN_SEG_0381	SYN_SEG_SPK_11	SYN_SESSION_11	f1	final	vowel	u			437.672	Hz	ok		SYN_GENERATOR_11042026	SYNTHETIC_TEACHING_FIXTURE
REQ_SYN_SEG_0381_f2	SYN_SEG_0381	SYN_SEG_SPK_11	SYN_SESSION_11	f2	final	vowel	u			979.63	Hz	ok		SYN_GENERATOR_11042026	SYNTHETIC_TEACHING_FIXTURE
REQ_SYN_SEG_0381_f3	SYN_SEG_0381	SYN_SEG_SPK_11	SYN_SESSION_11	f3	final	vowel	u			2523.794	Hz	ok		SYN_GENERATOR_11042026	SYNTHETIC_TEACHING_FIXTURE
REQ_SYN_SEG_0382_vowel_duration	SYN_SEG_0382	SYN_SEG_SPK_11	SYN_SESSION_11	vowel_duration	initial	vowel	i	1110	1110.203895	203.895000000102	ms	ok		SYN_GENERATOR_11042026	SYNTHETIC_TEACHING_FIXTURE
REQ_SYN_SEG_0382_f1	SYN_SEG_0382	SYN_SEG_SPK_11	SYN_SESSION_11	f1	initial	vowel	i			353.349	Hz	ok		SYN_GENERATOR_11042026	SYNTHETIC_TEACHING_FIXTURE
REQ_SYN_SEG_0382_f2	SYN_SEG_0382	SYN_SEG_SPK_11	SYN_SESSION_11	f2	initial	vowel	i			2566.297	Hz	ok		SYN_GENERATOR_11042026	SYNTHETIC_TEACHING_FIXTURE
REQ_SYN_SEG_0382_f3	SYN_SEG_0382	SYN_SEG_SPK_11	SYN_SESSION_11	f3	initial	vowel	i			3411.775	Hz	ok		SYN_GENERATOR_11042026	SYNTHETIC_TEACHING_FIXTURE
REQ_SYN_SEG_0383_vowel_duration	SYN_SEG_0383	SYN_SEG_SPK_11	SYN_SESSION_11	vowel_duration	medial	vowel	a	1111	1111.172552	172.551999999996	ms	ok		SYN_GENERATOR_11042026	SYNTHETIC_TEACHING_FIXTURE
REQ_SYN_SEG_0383_f1	SYN_SEG_0383	SYN_SEG_SPK_11	SYN_SESSION_11	f1	medial	vowel	a			827.739	Hz	ok		SYN_GENERATOR_11042026	SYNTHETIC_TEACHING_FIXTURE
REQ_SYN_SEG_0383_f2	SYN_SEG_0383	SYN_SEG_SPK_11	SYN_SESSION_11	f2	medial	vowel	a			1341.01	Hz	ok		SYN_GENERATOR_11042026	SYNTHETIC_TEACHING_FIXTURE
REQ_SYN_SEG_0383_f3	SYN_SEG_0383	SYN_SEG_SPK_11	SYN_SESSION_11	f3	medial	vowel	a			2841.007	Hz	ok		SYN_GENERATOR_11042026	SYNTHETIC_TEACHING_FIXTURE
REQ_SYN_SEG_0384_vowel_duration	SYN_SEG_0384	SYN_SEG_SPK_11	SYN_SESSION_11	vowel_duration	final	vowel	u	1112	1112.16527	165.269999999964	ms	ok		SYN_GENERATOR_11042026	SYNTHETIC_TEACHING_FIXTURE
REQ_SYN_SEG_0384_f1	SYN_SEG_0384	SYN_SEG_SPK_11	SYN_SESSION_11	f1	final	vowel	u			384.681	Hz	ok		SYN_GENERATOR_11042026	SYNTHETIC_TEACHING_FIXTURE
REQ_SYN_SEG_0384_f2	SYN_SEG_0384	SYN_SEG_SPK_11	SYN_SESSION_11	f2	final	vowel	u			1008.812	Hz	ok		SYN_GENERATOR_11042026	SYNTHETIC_TEACHING_FIXTURE
REQ_SYN_SEG_0384_f3	SYN_SEG_0384	SYN_SEG_SPK_11	SYN_SESSION_11	f3	final	vowel	u			2564.251	Hz	ok		SYN_GENERATOR_11042026	SYNTHETIC_TEACHING_FIXTURE
REQ_SYN_SEG_0385_fricative_duration	SYN_SEG_0385	SYN_SEG_SPK_11	SYN_SESSION_11	fricative_duration	initial	fricative		1101	1101.072111	72.1109999999499	ms	ok		SYN_GENERATOR_11042026	SYNTHETIC_TEACHING_FIXTURE
REQ_SYN_SEG_0385_fricative_cog	SYN_SEG_0385	SYN_SEG_SPK_11	SYN_SESSION_11	fricative_cog	initial	fricative				6385.328	Hz	ok		SYN_GENERATOR_11042026	SYNTHETIC_TEACHING_FIXTURE
REQ_SYN_SEG_0386_fricative_duration	SYN_SEG_0386	SYN_SEG_SPK_11	SYN_SESSION_11	fricative_duration	medial	fricative		1102	1102.086556	86.5559999999732	ms	ok		SYN_GENERATOR_11042026	SYNTHETIC_TEACHING_FIXTURE
REQ_SYN_SEG_0386_fricative_cog	SYN_SEG_0386	SYN_SEG_SPK_11	SYN_SESSION_11	fricative_cog	medial	fricative				5391.061	Hz	ok		SYN_GENERATOR_11042026	SYNTHETIC_TEACHING_FIXTURE
REQ_SYN_SEG_0387_fricative_duration	SYN_SEG_0387	SYN_SEG_SPK_11	SYN_SESSION_11	fricative_duration	final	fricative		1103	1103.073459	73.4589999999571	ms	ok		SYN_GENERATOR_11042026	SYNTHETIC_TEACHING_FIXTURE
REQ_SYN_SEG_0387_fricative_cog	SYN_SEG_0387	SYN_SEG_SPK_11	SYN_SESSION_11	fricative_cog	final	fricative				5171.136	Hz	ok		SYN_GENERATOR_11042026	SYNTHETIC_TEACHING_FIXTURE
REQ_SYN_SEG_0388_fricative_duration	SYN_SEG_0388	SYN_SEG_SPK_11	SYN_SESSION_11	fricative_duration	initial	fricative		1104	1104.132199	132.1989999999	ms	ok		SYN_GENERATOR_11042026	SYNTHETIC_TEACHING_FIXTURE
REQ_SYN_SEG_0388_fricative_cog	SYN_SEG_0388	SYN_SEG_SPK_11	SYN_SESSION_11	fricative_cog	initial	fricative				7311.243	Hz	ok		SYN_GENERATOR_11042026	SYNTHETIC_TEACHING_FIXTURE
REQ_SYN_SEG_0389_fricative_duration	SYN_SEG_0389	SYN_SEG_SPK_11	SYN_SESSION_11	fricative_duration	medial	fricative		1105	1105.134216	134.215999999924	ms	ok		SYN_GENERATOR_11042026	SYNTHETIC_TEACHING_FIXTURE
REQ_SYN_SEG_0389_fricative_cog	SYN_SEG_0389	SYN_SEG_SPK_11	SYN_SESSION_11	fricative_cog	medial	fricative				5416.428	Hz	ok		SYN_GENERATOR_11042026	SYNTHETIC_TEACHING_FIXTURE
REQ_SYN_SEG_0390_fricative_duration	SYN_SEG_0390	SYN_SEG_SPK_11	SYN_SESSION_11	fricative_duration	final	fricative		1106	1106.089877	89.8769999998876	ms	ok		SYN_GENERATOR_11042026	SYNTHETIC_TEACHING_FIXTURE
REQ_SYN_SEG_0390_fricative_cog	SYN_SEG_0390	SYN_SEG_SPK_11	SYN_SESSION_11	fricative_cog	final	fricative				5827.94	Hz	ok		SYN_GENERATOR_11042026	SYNTHETIC_TEACHING_FIXTURE
REQ_SYN_SEG_0391_fricative_duration	SYN_SEG_0391	SYN_SEG_SPK_11	SYN_SESSION_11	fricative_duration	initial	fricative		1107	1107.094973	94.9729999999818	ms	ok		SYN_GENERATOR_11042026	SYNTHETIC_TEACHING_FIXTURE
REQ_SYN_SEG_0391_fricative_cog	SYN_SEG_0391	SYN_SEG_SPK_11	SYN_SESSION_11	fricative_cog	initial	fricative				7147.941	Hz	ok		SYN_GENERATOR_11042026	SYNTHETIC_TEACHING_FIXTURE
REQ_SYN_SEG_0392_fricative_duration	SYN_SEG_0392	SYN_SEG_SPK_11	SYN_SESSION_11	fricative_duration	medial	fricative		1108	1108.124325	124.324999999999	ms	ok		SYN_GENERATOR_11042026	SYNTHETIC_TEACHING_FIXTURE
REQ_SYN_SEG_0392_fricative_cog	SYN_SEG_0392	SYN_SEG_SPK_11	SYN_SESSION_11	fricative_cog	medial	fricative				5433.641	Hz	ok		SYN_GENERATOR_11042026	SYNTHETIC_TEACHING_FIXTURE
REQ_SYN_SEG_0393_fricative_duration	SYN_SEG_0393	SYN_SEG_SPK_11	SYN_SESSION_11	fricative_duration	final	fricative		1109	1109.084919	84.9189999998998	ms	ok		SYN_GENERATOR_11042026	SYNTHETIC_TEACHING_FIXTURE
REQ_SYN_SEG_0393_fricative_cog	SYN_SEG_0393	SYN_SEG_SPK_11	SYN_SESSION_11	fricative_cog	final	fricative				5397.97	Hz	ok		SYN_GENERATOR_11042026	SYNTHETIC_TEACHING_FIXTURE
REQ_SYN_SEG_0394_fricative_duration	SYN_SEG_0394	SYN_SEG_SPK_11	SYN_SESSION_11	fricative_duration	initial	fricative		1110	1110.091807	91.8070000000171	ms	ok		SYN_GENERATOR_11042026	SYNTHETIC_TEACHING_FIXTURE
REQ_SYN_SEG_0394_fricative_cog	SYN_SEG_0394	SYN_SEG_SPK_11	SYN_SESSION_11	fricative_cog	initial	fricative				6785.816	Hz	ok		SYN_GENERATOR_11042026	SYNTHETIC_TEACHING_FIXTURE
REQ_SYN_SEG_0395_fricative_duration	SYN_SEG_0395	SYN_SEG_SPK_11	SYN_SESSION_11	fricative_duration	medial	fricative		1111	1111.122275	122.274999999945	ms	ok		SYN_GENERATOR_11042026	SYNTHETIC_TEACHING_FIXTURE
REQ_SYN_SEG_0395_fricative_cog	SYN_SEG_0395	SYN_SEG_SPK_11	SYN_SESSION_11	fricative_cog	medial	fricative				5082.277	Hz	ok		SYN_GENERATOR_11042026	SYNTHETIC_TEACHING_FIXTURE
REQ_SYN_SEG_0396_fricative_duration	SYN_SEG_0396	SYN_SEG_SPK_11	SYN_SESSION_11	fricative_duration	final	fricative		1112	1112.17484	174.839999999904	ms	ok		SYN_GENERATOR_11042026	SYNTHETIC_TEACHING_FIXTURE
REQ_SYN_SEG_0396_fricative_cog	SYN_SEG_0396	SYN_SEG_SPK_11	SYN_SESSION_11	fricative_cog	final	fricative				5662.885	Hz	ok		SYN_GENERATOR_11042026	SYNTHETIC_TEACHING_FIXTURE
REQ_SYN_SEG_0397_vot	SYN_SEG_0397	SYN_SEG_SPK_12	SYN_SESSION_12	vot	initial	stop		1201.059552	1201.108382	48.8299999999526	ms	ok		SYN_GENERATOR_11042026	SYNTHETIC_TEACHING_FIXTURE
REQ_SYN_SEG_0397_closure_duration	SYN_SEG_0397	SYN_SEG_SPK_12	SYN_SESSION_12	closure_duration	initial	stop		1201	1201.059552	59.5519999999397	ms	ok		SYN_GENERATOR_11042026	SYNTHETIC_TEACHING_FIXTURE
REQ_SYN_SEG_0397_vowel_onset_f0	SYN_SEG_0397	SYN_SEG_SPK_12	SYN_SESSION_12	vowel_onset_f0	initial	stop				160.181	Hz	ok		SYN_GENERATOR_11042026	SYNTHETIC_TEACHING_FIXTURE
REQ_SYN_SEG_0398_vot	SYN_SEG_0398	SYN_SEG_SPK_12	SYN_SESSION_12	vot	medial	stop		1202.074442	1202.109383	34.9409999998898	ms	ok		SYN_GENERATOR_11042026	SYNTHETIC_TEACHING_FIXTURE
REQ_SYN_SEG_0398_closure_duration	SYN_SEG_0398	SYN_SEG_SPK_12	SYN_SESSION_12	closure_duration	medial	stop		1202	1202.074442	74.44200000009	ms	ok		SYN_GENERATOR_11042026	SYNTHETIC_TEACHING_FIXTURE
REQ_SYN_SEG_0398_vowel_onset_f0	SYN_SEG_0398	SYN_SEG_SPK_12	SYN_SESSION_12	vowel_onset_f0	medial	stop				115.055	Hz	ok		SYN_GENERATOR_11042026	SYNTHETIC_TEACHING_FIXTURE
REQ_SYN_SEG_0399_vot	SYN_SEG_0399	SYN_SEG_SPK_12	SYN_SESSION_12	vot	final	stop		1203.083118	1203.114791	31.6729999999552	ms	ok		SYN_GENERATOR_11042026	SYNTHETIC_TEACHING_FIXTURE
REQ_SYN_SEG_0399_closure_duration	SYN_SEG_0399	SYN_SEG_SPK_12	SYN_SESSION_12	closure_duration	final	stop		1203	1203.083118	83.1180000000131	ms	ok		SYN_GENERATOR_11042026	SYNTHETIC_TEACHING_FIXTURE
REQ_SYN_SEG_0399_vowel_onset_f0	SYN_SEG_0399	SYN_SEG_SPK_12	SYN_SESSION_12	vowel_onset_f0	final	stop				124.712	Hz	ok		SYN_GENERATOR_11042026	SYNTHETIC_TEACHING_FIXTURE
REQ_SYN_SEG_0400_vot	SYN_SEG_0400	SYN_SEG_SPK_12	SYN_SESSION_12	vot	initial	stop		1204.061574	1204.131019	69.4449999998596	ms	ok		SYN_GENERATOR_11042026	SYNTHETIC_TEACHING_FIXTURE
REQ_SYN_SEG_0400_closure_duration	SYN_SEG_0400	SYN_SEG_SPK_12	SYN_SESSION_12	closure_duration	initial	stop		1204	1204.061574	61.5740000000642	ms	ok		SYN_GENERATOR_11042026	SYNTHETIC_TEACHING_FIXTURE
REQ_SYN_SEG_0400_vowel_onset_f0	SYN_SEG_0400	SYN_SEG_SPK_12	SYN_SESSION_12	vowel_onset_f0	initial	stop				140.832	Hz	ok		SYN_GENERATOR_11042026	SYNTHETIC_TEACHING_FIXTURE
REQ_SYN_SEG_0401_vot	SYN_SEG_0401	SYN_SEG_SPK_12	SYN_SESSION_12	vot	medial	stop		1205.101674	1205.160451	58.7769999999637	ms	ok		SYN_GENERATOR_11042026	SYNTHETIC_TEACHING_FIXTURE
REQ_SYN_SEG_0401_closure_duration	SYN_SEG_0401	SYN_SEG_SPK_12	SYN_SESSION_12	closure_duration	medial	stop		1205	1205.101674	101.674000000003	ms	ok		SYN_GENERATOR_11042026	SYNTHETIC_TEACHING_FIXTURE
REQ_SYN_SEG_0401_vowel_onset_f0	SYN_SEG_0401	SYN_SEG_SPK_12	SYN_SESSION_12	vowel_onset_f0	medial	stop				138.884	Hz	ok		SYN_GENERATOR_11042026	SYNTHETIC_TEACHING_FIXTURE
REQ_SYN_SEG_0402_vot	SYN_SEG_0402	SYN_SEG_SPK_12	SYN_SESSION_12	vot	final	stop		1206.081785	1206.122078	40.2930000000197	ms	ok		SYN_GENERATOR_11042026	SYNTHETIC_TEACHING_FIXTURE
REQ_SYN_SEG_0402_closure_duration	SYN_SEG_0402	SYN_SEG_SPK_12	SYN_SESSION_12	closure_duration	final	stop		1206	1206.081785	81.7850000000817	ms	ok		SYN_GENERATOR_11042026	SYNTHETIC_TEACHING_FIXTURE
REQ_SYN_SEG_0402_vowel_onset_f0	SYN_SEG_0402	SYN_SEG_SPK_12	SYN_SESSION_12	vowel_onset_f0	final	stop				147.717	Hz	ok		SYN_GENERATOR_11042026	SYNTHETIC_TEACHING_FIXTURE
REQ_SYN_SEG_0403_vot	SYN_SEG_0403	SYN_SEG_SPK_12	SYN_SESSION_12	vot	initial	stop		1207.069685	1207.138132	68.4470000001056	ms	ok		SYN_GENERATOR_11042026	SYNTHETIC_TEACHING_FIXTURE
REQ_SYN_SEG_0403_closure_duration	SYN_SEG_0403	SYN_SEG_SPK_12	SYN_SESSION_12	closure_duration	initial	stop		1207	1207.069685	69.6849999999358	ms	ok		SYN_GENERATOR_11042026	SYNTHETIC_TEACHING_FIXTURE
REQ_SYN_SEG_0403_vowel_onset_f0	SYN_SEG_0403	SYN_SEG_SPK_12	SYN_SESSION_12	vowel_onset_f0	initial	stop				142.613	Hz	ok		SYN_GENERATOR_11042026	SYNTHETIC_TEACHING_FIXTURE
REQ_SYN_SEG_0404_vot	SYN_SEG_0404	SYN_SEG_SPK_12	SYN_SESSION_12	vot	medial	stop		1208.056164	1208.126214	70.0499999998101	ms	ok		SYN_GENERATOR_11042026	SYNTHETIC_TEACHING_FIXTURE
REQ_SYN_SEG_0404_closure_duration	SYN_SEG_0404	SYN_SEG_SPK_12	SYN_SESSION_12	closure_duration	medial	stop		1208	1208.056164	56.1640000000807	ms	ok		SYN_GENERATOR_11042026	SYNTHETIC_TEACHING_FIXTURE
REQ_SYN_SEG_0404_vowel_onset_f0	SYN_SEG_0404	SYN_SEG_SPK_12	SYN_SESSION_12	vowel_onset_f0	medial	stop				155.139	Hz	ok		SYN_GENERATOR_11042026	SYNTHETIC_TEACHING_FIXTURE
REQ_SYN_SEG_0405_vot	SYN_SEG_0405	SYN_SEG_SPK_12	SYN_SESSION_12	vot	final	stop		1209.086017	1209.151218	65.2009999998882	ms	ok		SYN_GENERATOR_11042026	SYNTHETIC_TEACHING_FIXTURE
REQ_SYN_SEG_0405_closure_duration	SYN_SEG_0405	SYN_SEG_SPK_12	SYN_SESSION_12	closure_duration	final	stop		1209	1209.086017	86.0170000000835	ms	ok		SYN_GENERATOR_11042026	SYNTHETIC_TEACHING_FIXTURE
REQ_SYN_SEG_0405_vowel_onset_f0	SYN_SEG_0405	SYN_SEG_SPK_12	SYN_SESSION_12	vowel_onset_f0	final	stop				145.386	Hz	ok		SYN_GENERATOR_11042026	SYNTHETIC_TEACHING_FIXTURE
REQ_SYN_SEG_0406_vot	SYN_SEG_0406	SYN_SEG_SPK_12	SYN_SESSION_12	vot	initial	stop		1210.064209	1210.110496	46.2870000001203	ms	ok		SYN_GENERATOR_11042026	SYNTHETIC_TEACHING_FIXTURE
REQ_SYN_SEG_0406_closure_duration	SYN_SEG_0406	SYN_SEG_SPK_12	SYN_SESSION_12	closure_duration	initial	stop		1210	1210.064209	64.2089999998916	ms	ok		SYN_GENERATOR_11042026	SYNTHETIC_TEACHING_FIXTURE
REQ_SYN_SEG_0406_vowel_onset_f0	SYN_SEG_0406	SYN_SEG_SPK_12	SYN_SESSION_12	vowel_onset_f0	initial	stop				159.476	Hz	ok		SYN_GENERATOR_11042026	SYNTHETIC_TEACHING_FIXTURE
REQ_SYN_SEG_0407_vot	SYN_SEG_0407	SYN_SEG_SPK_12	SYN_SESSION_12	vot	medial	stop		1211.106918	1211.12598	19.0620000000763	ms	ok		SYN_GENERATOR_11042026	SYNTHETIC_TEACHING_FIXTURE
REQ_SYN_SEG_0407_closure_duration	SYN_SEG_0407	SYN_SEG_SPK_12	SYN_SESSION_12	closure_duration	medial	stop		1211	1211.106918	106.917999999951	ms	ok		SYN_GENERATOR_11042026	SYNTHETIC_TEACHING_FIXTURE
REQ_SYN_SEG_0407_vowel_onset_f0	SYN_SEG_0407	SYN_SEG_SPK_12	SYN_SESSION_12	vowel_onset_f0	medial	stop				125.414	Hz	ok		SYN_GENERATOR_11042026	SYNTHETIC_TEACHING_FIXTURE
REQ_SYN_SEG_0408_vot	SYN_SEG_0408	SYN_SEG_SPK_12	SYN_SESSION_12	vot	final	stop		1212.056589	1212.102926	46.3369999999941	ms	ok		SYN_GENERATOR_11042026	SYNTHETIC_TEACHING_FIXTURE
REQ_SYN_SEG_0408_closure_duration	SYN_SEG_0408	SYN_SEG_SPK_12	SYN_SESSION_12	closure_duration	final	stop		1212	1212.056589	56.5890000000309	ms	ok		SYN_GENERATOR_11042026	SYNTHETIC_TEACHING_FIXTURE
REQ_SYN_SEG_0408_vowel_onset_f0	SYN_SEG_0408	SYN_SEG_SPK_12	SYN_SESSION_12	vowel_onset_f0	final	stop				149.929	Hz	ok		SYN_GENERATOR_11042026	SYNTHETIC_TEACHING_FIXTURE
REQ_SYN_SEG_0409_vowel_duration	SYN_SEG_0409	SYN_SEG_SPK_12	SYN_SESSION_12	vowel_duration	initial	vowel	i	1201	1201.125709	125.708999999915	ms	ok		SYN_GENERATOR_11042026	SYNTHETIC_TEACHING_FIXTURE
REQ_SYN_SEG_0409_f1	SYN_SEG_0409	SYN_SEG_SPK_12	SYN_SESSION_12	f1	initial	vowel	i			280.088	Hz	ok		SYN_GENERATOR_11042026	SYNTHETIC_TEACHING_FIXTURE
REQ_SYN_SEG_0409_f2	SYN_SEG_0409	SYN_SEG_SPK_12	SYN_SESSION_12	f2	initial	vowel	i			2175.896	Hz	ok		SYN_GENERATOR_11042026	SYNTHETIC_TEACHING_FIXTURE
REQ_SYN_SEG_0409_f3	SYN_SEG_0409	SYN_SEG_SPK_12	SYN_SESSION_12	f3	initial	vowel	i			2616.626	Hz	ok		SYN_GENERATOR_11042026	SYNTHETIC_TEACHING_FIXTURE
REQ_SYN_SEG_0410_vowel_duration	SYN_SEG_0410	SYN_SEG_SPK_12	SYN_SESSION_12	vowel_duration	medial	vowel	a	1202	1202.113856	113.855999999942	ms	ok		SYN_GENERATOR_11042026	SYNTHETIC_TEACHING_FIXTURE
REQ_SYN_SEG_0410_f1	SYN_SEG_0410	SYN_SEG_SPK_12	SYN_SESSION_12	f1	medial	vowel	a			705.571	Hz	ok		SYN_GENERATOR_11042026	SYNTHETIC_TEACHING_FIXTURE
REQ_SYN_SEG_0410_f2	SYN_SEG_0410	SYN_SEG_SPK_12	SYN_SESSION_12	f2	medial	vowel	a			1077.418	Hz	ok		SYN_GENERATOR_11042026	SYNTHETIC_TEACHING_FIXTURE
REQ_SYN_SEG_0410_f3	SYN_SEG_0410	SYN_SEG_SPK_12	SYN_SESSION_12	f3	medial	vowel	a			2134.306	Hz	ok		SYN_GENERATOR_11042026	SYNTHETIC_TEACHING_FIXTURE
REQ_SYN_SEG_0411_vowel_duration	SYN_SEG_0411	SYN_SEG_SPK_12	SYN_SESSION_12	vowel_duration	final	vowel	u	1203	1203.154223	154.223000000002	ms	ok		SYN_GENERATOR_11042026	SYNTHETIC_TEACHING_FIXTURE
REQ_SYN_SEG_0411_f1	SYN_SEG_0411	SYN_SEG_SPK_12	SYN_SESSION_12	f1	final	vowel	u			327.478	Hz	ok		SYN_GENERATOR_11042026	SYNTHETIC_TEACHING_FIXTURE
REQ_SYN_SEG_0411_f2	SYN_SEG_0411	SYN_SEG_SPK_12	SYN_SESSION_12	f2	final	vowel	u			794.438	Hz	ok		SYN_GENERATOR_11042026	SYNTHETIC_TEACHING_FIXTURE
REQ_SYN_SEG_0411_f3	SYN_SEG_0411	SYN_SEG_SPK_12	SYN_SESSION_12	f3	final	vowel	u			1958.088	Hz	ok		SYN_GENERATOR_11042026	SYNTHETIC_TEACHING_FIXTURE
REQ_SYN_SEG_0412_vowel_duration	SYN_SEG_0412	SYN_SEG_SPK_12	SYN_SESSION_12	vowel_duration	initial	vowel	i	1204	1204.116294	116.293999999925	ms	ok		SYN_GENERATOR_11042026	SYNTHETIC_TEACHING_FIXTURE
REQ_SYN_SEG_0412_f1	SYN_SEG_0412	SYN_SEG_SPK_12	SYN_SESSION_12	f1	initial	vowel	i			285.167	Hz	ok		SYN_GENERATOR_11042026	SYNTHETIC_TEACHING_FIXTURE
REQ_SYN_SEG_0412_f2	SYN_SEG_0412	SYN_SEG_SPK_12	SYN_SESSION_12	f2	initial	vowel	i			2049.042	Hz	ok		SYN_GENERATOR_11042026	SYNTHETIC_TEACHING_FIXTURE
REQ_SYN_SEG_0412_f3	SYN_SEG_0412	SYN_SEG_SPK_12	SYN_SESSION_12	f3	initial	vowel	i			2784.058	Hz	ok		SYN_GENERATOR_11042026	SYNTHETIC_TEACHING_FIXTURE
REQ_SYN_SEG_0413_vowel_duration	SYN_SEG_0413	SYN_SEG_SPK_12	SYN_SESSION_12	vowel_duration	medial	vowel	a	1205	1205.212852	212.852000000112	ms	ok		SYN_GENERATOR_11042026	SYNTHETIC_TEACHING_FIXTURE
REQ_SYN_SEG_0413_f1	SYN_SEG_0413	SYN_SEG_SPK_12	SYN_SESSION_12	f1	medial	vowel	a			693.707	Hz	ok		SYN_GENERATOR_11042026	SYNTHETIC_TEACHING_FIXTURE
REQ_SYN_SEG_0413_f2	SYN_SEG_0413	SYN_SEG_SPK_12	SYN_SESSION_12	f2	medial	vowel	a			1006.42	Hz	ok		SYN_GENERATOR_11042026	SYNTHETIC_TEACHING_FIXTURE
REQ_SYN_SEG_0413_f3	SYN_SEG_0413	SYN_SEG_SPK_12	SYN_SESSION_12	f3	medial	vowel	a			2314.497	Hz	ok		SYN_GENERATOR_11042026	SYNTHETIC_TEACHING_FIXTURE
REQ_SYN_SEG_0414_vowel_duration	SYN_SEG_0414	SYN_SEG_SPK_12	SYN_SESSION_12	vowel_duration	final	vowel	u	1206	1206.117411	117.410999999947	ms	ok		SYN_GENERATOR_11042026	SYNTHETIC_TEACHING_FIXTURE
REQ_SYN_SEG_0414_f1	SYN_SEG_0414	SYN_SEG_SPK_12	SYN_SESSION_12	f1	final	vowel	u			316.236	Hz	ok		SYN_GENERATOR_11042026	SYNTHETIC_TEACHING_FIXTURE
REQ_SYN_SEG_0414_f2	SYN_SEG_0414	SYN_SEG_SPK_12	SYN_SESSION_12	f2	final	vowel	u			810.344	Hz	ok		SYN_GENERATOR_11042026	SYNTHETIC_TEACHING_FIXTURE
REQ_SYN_SEG_0414_f3	SYN_SEG_0414	SYN_SEG_SPK_12	SYN_SESSION_12	f3	final	vowel	u			1980.595	Hz	ok		SYN_GENERATOR_11042026	SYNTHETIC_TEACHING_FIXTURE
REQ_SYN_SEG_0415_vowel_duration	SYN_SEG_0415	SYN_SEG_SPK_12	SYN_SESSION_12	vowel_duration	initial	vowel	i	1207	1207.142747	142.747000000099	ms	ok		SYN_GENERATOR_11042026	SYNTHETIC_TEACHING_FIXTURE
REQ_SYN_SEG_0415_f1	SYN_SEG_0415	SYN_SEG_SPK_12	SYN_SESSION_12	f1	initial	vowel	i			279.078	Hz	ok		SYN_GENERATOR_11042026	SYNTHETIC_TEACHING_FIXTURE
REQ_SYN_SEG_0415_f2	SYN_SEG_0415	SYN_SEG_SPK_12	SYN_SESSION_12	f2	initial	vowel	i			2053.656	Hz	ok		SYN_GENERATOR_11042026	SYNTHETIC_TEACHING_FIXTURE
REQ_SYN_SEG_0415_f3	SYN_SEG_0415	SYN_SEG_SPK_12	SYN_SESSION_12	f3	initial	vowel	i			2776.983	Hz	ok		SYN_GENERATOR_11042026	SYNTHETIC_TEACHING_FIXTURE
REQ_SYN_SEG_0416_vowel_duration	SYN_SEG_0416	SYN_SEG_SPK_12	SYN_SESSION_12	vowel_duration	medial	vowel	a	1208	1208.110844	110.844000000043	ms	ok		SYN_GENERATOR_11042026	SYNTHETIC_TEACHING_FIXTURE
REQ_SYN_SEG_0416_f1	SYN_SEG_0416	SYN_SEG_SPK_12	SYN_SESSION_12	f1	medial	vowel	a			682.647	Hz	ok		SYN_GENERATOR_11042026	SYNTHETIC_TEACHING_FIXTURE
REQ_SYN_SEG_0416_f2	SYN_SEG_0416	SYN_SEG_SPK_12	SYN_SESSION_12	f2	medial	vowel	a			1101.562	Hz	ok		SYN_GENERATOR_11042026	SYNTHETIC_TEACHING_FIXTURE
REQ_SYN_SEG_0416_f3	SYN_SEG_0416	SYN_SEG_SPK_12	SYN_SESSION_12	f3	medial	vowel	a			2240.158	Hz	ok		SYN_GENERATOR_11042026	SYNTHETIC_TEACHING_FIXTURE
REQ_SYN_SEG_0417_vowel_duration	SYN_SEG_0417	SYN_SEG_SPK_12	SYN_SESSION_12	vowel_duration	final	vowel	u	1209	1209.197801	197.801000000027	ms	ok		SYN_GENERATOR_11042026	SYNTHETIC_TEACHING_FIXTURE
REQ_SYN_SEG_0417_f1	SYN_SEG_0417	SYN_SEG_SPK_12	SYN_SESSION_12	f1	final	vowel	u			302.842	Hz	ok		SYN_GENERATOR_11042026	SYNTHETIC_TEACHING_FIXTURE
REQ_SYN_SEG_0417_f2	SYN_SEG_0417	SYN_SEG_SPK_12	SYN_SESSION_12	f2	final	vowel	u			879.572	Hz	ok		SYN_GENERATOR_11042026	SYNTHETIC_TEACHING_FIXTURE
REQ_SYN_SEG_0417_f3	SYN_SEG_0417	SYN_SEG_SPK_12	SYN_SESSION_12	f3	final	vowel	u			2070.999	Hz	ok		SYN_GENERATOR_11042026	SYNTHETIC_TEACHING_FIXTURE
REQ_SYN_SEG_0418_vowel_duration	SYN_SEG_0418	SYN_SEG_SPK_12	SYN_SESSION_12	vowel_duration	initial	vowel	i	1210	1210.09982	99.8199999999088	ms	ok		SYN_GENERATOR_11042026	SYNTHETIC_TEACHING_FIXTURE
REQ_SYN_SEG_0418_f1	SYN_SEG_0418	SYN_SEG_SPK_12	SYN_SESSION_12	f1	initial	vowel	i			264.647	Hz	ok		SYN_GENERATOR_11042026	SYNTHETIC_TEACHING_FIXTURE
REQ_SYN_SEG_0418_f2	SYN_SEG_0418	SYN_SEG_SPK_12	SYN_SESSION_12	f2	initial	vowel	i			2084.037	Hz	ok		SYN_GENERATOR_11042026	SYNTHETIC_TEACHING_FIXTURE
REQ_SYN_SEG_0418_f3	SYN_SEG_0418	SYN_SEG_SPK_12	SYN_SESSION_12	f3	initial	vowel	i			2741.084	Hz	ok		SYN_GENERATOR_11042026	SYNTHETIC_TEACHING_FIXTURE
REQ_SYN_SEG_0419_vowel_duration	SYN_SEG_0419	SYN_SEG_SPK_12	SYN_SESSION_12	vowel_duration	medial	vowel	a	1211	1211.18218	182.180000000017	ms	ok		SYN_GENERATOR_11042026	SYNTHETIC_TEACHING_FIXTURE
REQ_SYN_SEG_0419_f1	SYN_SEG_0419	SYN_SEG_SPK_12	SYN_SESSION_12	f1	medial	vowel	a			675.067	Hz	ok		SYN_GENERATOR_11042026	SYNTHETIC_TEACHING_FIXTURE
REQ_SYN_SEG_0419_f2	SYN_SEG_0419	SYN_SEG_SPK_12	SYN_SESSION_12	f2	medial	vowel	a			1070.739	Hz	ok		SYN_GENERATOR_11042026	SYNTHETIC_TEACHING_FIXTURE
REQ_SYN_SEG_0419_f3	SYN_SEG_0419	SYN_SEG_SPK_12	SYN_SESSION_12	f3	medial	vowel	a			2282.342	Hz	ok		SYN_GENERATOR_11042026	SYNTHETIC_TEACHING_FIXTURE
REQ_SYN_SEG_0420_vowel_duration	SYN_SEG_0420	SYN_SEG_SPK_12	SYN_SESSION_12	vowel_duration	final	vowel	u	1212	1212.127829	127.82900000002	ms	ok		SYN_GENERATOR_11042026	SYNTHETIC_TEACHING_FIXTURE
REQ_SYN_SEG_0420_f1	SYN_SEG_0420	SYN_SEG_SPK_12	SYN_SESSION_12	f1	final	vowel	u			325.305	Hz	ok		SYN_GENERATOR_11042026	SYNTHETIC_TEACHING_FIXTURE
REQ_SYN_SEG_0420_f2	SYN_SEG_0420	SYN_SEG_SPK_12	SYN_SESSION_12	f2	final	vowel	u			897.256	Hz	ok		SYN_GENERATOR_11042026	SYNTHETIC_TEACHING_FIXTURE
REQ_SYN_SEG_0420_f3	SYN_SEG_0420	SYN_SEG_SPK_12	SYN_SESSION_12	f3	final	vowel	u			1982.968	Hz	ok		SYN_GENERATOR_11042026	SYNTHETIC_TEACHING_FIXTURE
REQ_SYN_SEG_0421_fricative_duration	SYN_SEG_0421	SYN_SEG_SPK_12	SYN_SESSION_12	fricative_duration	initial	fricative		1201	1201.130572	130.572000000029	ms	ok		SYN_GENERATOR_11042026	SYNTHETIC_TEACHING_FIXTURE
REQ_SYN_SEG_0421_fricative_cog	SYN_SEG_0421	SYN_SEG_SPK_12	SYN_SESSION_12	fricative_cog	initial	fricative				5623.909	Hz	ok		SYN_GENERATOR_11042026	SYNTHETIC_TEACHING_FIXTURE
REQ_SYN_SEG_0422_fricative_duration	SYN_SEG_0422	SYN_SEG_SPK_12	SYN_SESSION_12	fricative_duration	medial	fricative		1202	1202.170948	170.947999999953	ms	ok		SYN_GENERATOR_11042026	SYNTHETIC_TEACHING_FIXTURE
REQ_SYN_SEG_0422_fricative_cog	SYN_SEG_0422	SYN_SEG_SPK_12	SYN_SESSION_12	fricative_cog	medial	fricative				4083.31	Hz	ok		SYN_GENERATOR_11042026	SYNTHETIC_TEACHING_FIXTURE
REQ_SYN_SEG_0423_fricative_duration	SYN_SEG_0423	SYN_SEG_SPK_12	SYN_SESSION_12	fricative_duration	final	fricative		1203	1203.138834	138.834000000088	ms	ok		SYN_GENERATOR_11042026	SYNTHETIC_TEACHING_FIXTURE
REQ_SYN_SEG_0423_fricative_cog	SYN_SEG_0423	SYN_SEG_SPK_12	SYN_SESSION_12	fricative_cog	final	fricative				4480.543	Hz	ok		SYN_GENERATOR_11042026	SYNTHETIC_TEACHING_FIXTURE
REQ_SYN_SEG_0424_fricative_duration	SYN_SEG_0424	SYN_SEG_SPK_12	SYN_SESSION_12	fricative_duration	initial	fricative		1204	1204.17075	170.749999999998	ms	ok		SYN_GENERATOR_11042026	SYNTHETIC_TEACHING_FIXTURE
REQ_SYN_SEG_0424_fricative_cog	SYN_SEG_0424	SYN_SEG_SPK_12	SYN_SESSION_12	fricative_cog	initial	fricative				5879.795	Hz	ok		SYN_GENERATOR_11042026	SYNTHETIC_TEACHING_FIXTURE
REQ_SYN_SEG_0425_fricative_duration	SYN_SEG_0425	SYN_SEG_SPK_12	SYN_SESSION_12	fricative_duration	medial	fricative		1205	1205.101549	101.548999999977	ms	ok		SYN_GENERATOR_11042026	SYNTHETIC_TEACHING_FIXTURE
REQ_SYN_SEG_0425_fricative_cog	SYN_SEG_0425	SYN_SEG_SPK_12	SYN_SESSION_12	fricative_cog	medial	fricative				4519.001	Hz	ok		SYN_GENERATOR_11042026	SYNTHETIC_TEACHING_FIXTURE
REQ_SYN_SEG_0426_fricative_duration	SYN_SEG_0426	SYN_SEG_SPK_12	SYN_SESSION_12	fricative_duration	final	fricative		1206	1206.138932	138.932000000068	ms	ok		SYN_GENERATOR_11042026	SYNTHETIC_TEACHING_FIXTURE
REQ_SYN_SEG_0426_fricative_cog	SYN_SEG_0426	SYN_SEG_SPK_12	SYN_SESSION_12	fricative_cog	final	fricative				4437.442	Hz	ok		SYN_GENERATOR_11042026	SYNTHETIC_TEACHING_FIXTURE
REQ_SYN_SEG_0427_fricative_duration	SYN_SEG_0427	SYN_SEG_SPK_12	SYN_SESSION_12	fricative_duration	initial	fricative		1207	1207.164498	164.498000000094	ms	ok		SYN_GENERATOR_11042026	SYNTHETIC_TEACHING_FIXTURE
REQ_SYN_SEG_0427_fricative_cog	SYN_SEG_0427	SYN_SEG_SPK_12	SYN_SESSION_12	fricative_cog	initial	fricative				5543.522	Hz	ok		SYN_GENERATOR_11042026	SYNTHETIC_TEACHING_FIXTURE
REQ_SYN_SEG_0428_fricative_duration	SYN_SEG_0428	SYN_SEG_SPK_12	SYN_SESSION_12	fricative_duration	medial	fricative		1208	1208.152225	152.225000000044	ms	ok		SYN_GENERATOR_11042026	SYNTHETIC_TEACHING_FIXTURE
REQ_SYN_SEG_0428_fricative_cog	SYN_SEG_0428	SYN_SEG_SPK_12	SYN_SESSION_12	fricative_cog	medial	fricative				4389.944	Hz	ok		SYN_GENERATOR_11042026	SYNTHETIC_TEACHING_FIXTURE
REQ_SYN_SEG_0429_fricative_duration	SYN_SEG_0429	SYN_SEG_SPK_12	SYN_SESSION_12	fricative_duration	final	fricative		1209	1209.104411	104.411000000027	ms	ok		SYN_GENERATOR_11042026	SYNTHETIC_TEACHING_FIXTURE
REQ_SYN_SEG_0429_fricative_cog	SYN_SEG_0429	SYN_SEG_SPK_12	SYN_SESSION_12	fricative_cog	final	fricative				4672.38	Hz	ok		SYN_GENERATOR_11042026	SYNTHETIC_TEACHING_FIXTURE
REQ_SYN_SEG_0430_fricative_duration	SYN_SEG_0430	SYN_SEG_SPK_12	SYN_SESSION_12	fricative_duration	initial	fricative		1210	1210.087349	87.3489999999038	ms	ok		SYN_GENERATOR_11042026	SYNTHETIC_TEACHING_FIXTURE
REQ_SYN_SEG_0430_fricative_cog	SYN_SEG_0430	SYN_SEG_SPK_12	SYN_SESSION_12	fricative_cog	initial	fricative				5099.409	Hz	ok		SYN_GENERATOR_11042026	SYNTHETIC_TEACHING_FIXTURE
REQ_SYN_SEG_0431_fricative_duration	SYN_SEG_0431	SYN_SEG_SPK_12	SYN_SESSION_12	fricative_duration	medial	fricative		1211	1211.156906	156.905999999935	ms	ok		SYN_GENERATOR_11042026	SYNTHETIC_TEACHING_FIXTURE
REQ_SYN_SEG_0431_fricative_cog	SYN_SEG_0431	SYN_SEG_SPK_12	SYN_SESSION_12	fricative_cog	medial	fricative				4724.568	Hz	ok		SYN_GENERATOR_11042026	SYNTHETIC_TEACHING_FIXTURE
REQ_SYN_SEG_0432_fricative_duration	SYN_SEG_0432	SYN_SEG_SPK_12	SYN_SESSION_12	fricative_duration	final	fricative		1212	1212.108548	108.547999999928	ms	ok		SYN_GENERATOR_11042026	SYNTHETIC_TEACHING_FIXTURE
REQ_SYN_SEG_0432_fricative_cog	SYN_SEG_0432	SYN_SEG_SPK_12	SYN_SESSION_12	fricative_cog	final	fricative				4686.632	Hz	ok		SYN_GENERATOR_11042026	SYNTHETIC_TEACHING_FIXTURE
REQ_SYN_SEG_0433_vot	SYN_SEG_0433	SYN_SEG_SPK_13	SYN_SESSION_13	vot	initial	stop		1301.057612	1301.131176	73.564000000033	ms	ok		SYN_GENERATOR_11042026	SYNTHETIC_TEACHING_FIXTURE
REQ_SYN_SEG_0433_closure_duration	SYN_SEG_0433	SYN_SEG_SPK_13	SYN_SESSION_13	closure_duration	initial	stop		1301	1301.057612	57.6120000000628	ms	ok		SYN_GENERATOR_11042026	SYNTHETIC_TEACHING_FIXTURE
REQ_SYN_SEG_0433_vowel_onset_f0	SYN_SEG_0433	SYN_SEG_SPK_13	SYN_SESSION_13	vowel_onset_f0	initial	stop				137.415	Hz	ok		SYN_GENERATOR_11042026	SYNTHETIC_TEACHING_FIXTURE
REQ_SYN_SEG_0434_vot	SYN_SEG_0434	SYN_SEG_SPK_13	SYN_SESSION_13	vot	medial	stop		1302.07291	1302.143403	70.4929999999422	ms	ok		SYN_GENERATOR_11042026	SYNTHETIC_TEACHING_FIXTURE
REQ_SYN_SEG_0434_closure_duration	SYN_SEG_0434	SYN_SEG_SPK_13	SYN_SESSION_13	closure_duration	medial	stop		1302	1302.07291	72.9100000000926	ms	ok		SYN_GENERATOR_11042026	SYNTHETIC_TEACHING_FIXTURE
REQ_SYN_SEG_0434_vowel_onset_f0	SYN_SEG_0434	SYN_SEG_SPK_13	SYN_SESSION_13	vowel_onset_f0	medial	stop				141.385	Hz	ok		SYN_GENERATOR_11042026	SYNTHETIC_TEACHING_FIXTURE
REQ_SYN_SEG_0435_vot	SYN_SEG_0435	SYN_SEG_SPK_13	SYN_SESSION_13	vot	final	stop		1303.049357	1303.057214	7.8569999998308	ms	ok		SYN_GENERATOR_11042026	SYNTHETIC_TEACHING_FIXTURE
REQ_SYN_SEG_0435_closure_duration	SYN_SEG_0435	SYN_SEG_SPK_13	SYN_SESSION_13	closure_duration	final	stop		1303	1303.049357	49.3570000001	ms	ok		SYN_GENERATOR_11042026	SYNTHETIC_TEACHING_FIXTURE
REQ_SYN_SEG_0435_vowel_onset_f0	SYN_SEG_0435	SYN_SEG_SPK_13	SYN_SESSION_13	vowel_onset_f0	final	stop				104.818	Hz	ok		SYN_GENERATOR_11042026	SYNTHETIC_TEACHING_FIXTURE
REQ_SYN_SEG_0436_vot	SYN_SEG_0436	SYN_SEG_SPK_13	SYN_SESSION_13	vot	initial	stop		1304.07608	1304.104456	28.3759999999802	ms	ok		SYN_GENERATOR_11042026	SYNTHETIC_TEACHING_FIXTURE
REQ_SYN_SEG_0436_closure_duration	SYN_SEG_0436	SYN_SEG_SPK_13	SYN_SESSION_13	closure_duration	initial	stop		1304	1304.07608	76.0800000000472	ms	ok		SYN_GENERATOR_11042026	SYNTHETIC_TEACHING_FIXTURE
REQ_SYN_SEG_0436_vowel_onset_f0	SYN_SEG_0436	SYN_SEG_SPK_13	SYN_SESSION_13	vowel_onset_f0	initial	stop				112.407	Hz	ok		SYN_GENERATOR_11042026	SYNTHETIC_TEACHING_FIXTURE
REQ_SYN_SEG_0437_vot	SYN_SEG_0437	SYN_SEG_SPK_13	SYN_SESSION_13	vot	medial	stop		1305.078438	1305.162408	83.9699999999084	ms	ok		SYN_GENERATOR_11042026	SYNTHETIC_TEACHING_FIXTURE
REQ_SYN_SEG_0437_closure_duration	SYN_SEG_0437	SYN_SEG_SPK_13	SYN_SESSION_13	closure_duration	medial	stop		1305	1305.078438	78.4380000000056	ms	ok		SYN_GENERATOR_11042026	SYNTHETIC_TEACHING_FIXTURE
REQ_SYN_SEG_0437_vowel_onset_f0	SYN_SEG_0437	SYN_SEG_SPK_13	SYN_SESSION_13	vowel_onset_f0	medial	stop				136.683	Hz	ok		SYN_GENERATOR_11042026	SYNTHETIC_TEACHING_FIXTURE
REQ_SYN_SEG_0438_vot	SYN_SEG_0438	SYN_SEG_SPK_13	SYN_SESSION_13	vot	final	stop		1306.090453	1306.127699	37.2459999998682	ms	ok		SYN_GENERATOR_11042026	SYNTHETIC_TEACHING_FIXTURE
REQ_SYN_SEG_0438_closure_duration	SYN_SEG_0438	SYN_SEG_SPK_13	SYN_SESSION_13	closure_duration	final	stop		1306	1306.090453	90.453000000025	ms	ok		SYN_GENERATOR_11042026	SYNTHETIC_TEACHING_FIXTURE
REQ_SYN_SEG_0438_vowel_onset_f0	SYN_SEG_0438	SYN_SEG_SPK_13	SYN_SESSION_13	vowel_onset_f0	final	stop				144.242	Hz	ok		SYN_GENERATOR_11042026	SYNTHETIC_TEACHING_FIXTURE
REQ_SYN_SEG_0439_vot	SYN_SEG_0439	SYN_SEG_SPK_13	SYN_SESSION_13	vot	initial	stop		1307.075044	1307.086961	11.9170000000395	ms	ok		SYN_GENERATOR_11042026	SYNTHETIC_TEACHING_FIXTURE
REQ_SYN_SEG_0439_closure_duration	SYN_SEG_0439	SYN_SEG_SPK_13	SYN_SESSION_13	closure_duration	initial	stop		1307	1307.075044	75.0439999999344	ms	ok		SYN_GENERATOR_11042026	SYNTHETIC_TEACHING_FIXTURE
REQ_SYN_SEG_0439_vowel_onset_f0	SYN_SEG_0439	SYN_SEG_SPK_13	SYN_SESSION_13	vowel_onset_f0	initial	stop				115.895	Hz	ok		SYN_GENERATOR_11042026	SYNTHETIC_TEACHING_FIXTURE
REQ_SYN_SEG_0440_vot	SYN_SEG_0440	SYN_SEG_SPK_13	SYN_SESSION_13	vot	medial	stop		1308.090074	1308.086817	-3.25699999984863	ms	ok		SYN_GENERATOR_11042026	SYNTHETIC_TEACHING_FIXTURE
REQ_SYN_SEG_0440_closure_duration	SYN_SEG_0440	SYN_SEG_SPK_13	SYN_SESSION_13	closure_duration	medial	stop		1308	1308.090074	90.0739999999587	ms	ok		SYN_GENERATOR_11042026	SYNTHETIC_TEACHING_FIXTURE
REQ_SYN_SEG_0440_vowel_onset_f0	SYN_SEG_0440	SYN_SEG_SPK_13	SYN_SESSION_13	vowel_onset_f0	medial	stop				103.765	Hz	ok		SYN_GENERATOR_11042026	SYNTHETIC_TEACHING_FIXTURE
REQ_SYN_SEG_0441_vot	SYN_SEG_0441	SYN_SEG_SPK_13	SYN_SESSION_13	vot	final	stop		1309.064554	1309.113068	48.5140000000683	ms	ok		SYN_GENERATOR_11042026	SYNTHETIC_TEACHING_FIXTURE
REQ_SYN_SEG_0441_closure_duration	SYN_SEG_0441	SYN_SEG_SPK_13	SYN_SESSION_13	closure_duration	final	stop		1309	1309.064554	64.5540000000437	ms	ok		SYN_GENERATOR_11042026	SYNTHETIC_TEACHING_FIXTURE
REQ_SYN_SEG_0441_vowel_onset_f0	SYN_SEG_0441	SYN_SEG_SPK_13	SYN_SESSION_13	vowel_onset_f0	final	stop				134.696	Hz	ok		SYN_GENERATOR_11042026	SYNTHETIC_TEACHING_FIXTURE
REQ_SYN_SEG_0442_vot	SYN_SEG_0442	SYN_SEG_SPK_13	SYN_SESSION_13	vot	initial	stop		1310.098923	1310.122006	23.0830000000424	ms	ok		SYN_GENERATOR_11042026	SYNTHETIC_TEACHING_FIXTURE
REQ_SYN_SEG_0442_closure_duration	SYN_SEG_0442	SYN_SEG_SPK_13	SYN_SESSION_13	closure_duration	initial	stop		1310	1310.098923	98.9230000000134	ms	ok		SYN_GENERATOR_11042026	SYNTHETIC_TEACHING_FIXTURE
REQ_SYN_SEG_0442_vowel_onset_f0	SYN_SEG_0442	SYN_SEG_SPK_13	SYN_SESSION_13	vowel_onset_f0	initial	stop				111.442	Hz	ok		SYN_GENERATOR_11042026	SYNTHETIC_TEACHING_FIXTURE
REQ_SYN_SEG_0443_vot	SYN_SEG_0443	SYN_SEG_SPK_13	SYN_SESSION_13	vot	medial	stop		1311.073171	1311.146515	73.3439999999064	ms	ok		SYN_GENERATOR_11042026	SYNTHETIC_TEACHING_FIXTURE
REQ_SYN_SEG_0443_closure_duration	SYN_SEG_0443	SYN_SEG_SPK_13	SYN_SESSION_13	closure_duration	medial	stop		1311	1311.073171	73.1710000000021	ms	ok		SYN_GENERATOR_11042026	SYNTHETIC_TEACHING_FIXTURE
REQ_SYN_SEG_0443_vowel_onset_f0	SYN_SEG_0443	SYN_SEG_SPK_13	SYN_SESSION_13	vowel_onset_f0	medial	stop				145.668	Hz	ok		SYN_GENERATOR_11042026	SYNTHETIC_TEACHING_FIXTURE
REQ_SYN_SEG_0444_vot	SYN_SEG_0444	SYN_SEG_SPK_13	SYN_SESSION_13	vot	final	stop		1312.061825	1312.069278	7.45299999994131	ms	ok		SYN_GENERATOR_11042026	SYNTHETIC_TEACHING_FIXTURE
REQ_SYN_SEG_0444_closure_duration	SYN_SEG_0444	SYN_SEG_SPK_13	SYN_SESSION_13	closure_duration	final	stop		1312	1312.061825	61.8249999999989	ms	ok		SYN_GENERATOR_11042026	SYNTHETIC_TEACHING_FIXTURE
REQ_SYN_SEG_0444_vowel_onset_f0	SYN_SEG_0444	SYN_SEG_SPK_13	SYN_SESSION_13	vowel_onset_f0	final	stop				110.902	Hz	ok		SYN_GENERATOR_11042026	SYNTHETIC_TEACHING_FIXTURE
REQ_SYN_SEG_0445_vowel_duration	SYN_SEG_0445	SYN_SEG_SPK_13	SYN_SESSION_13	vowel_duration	initial	vowel	i	1301	1301.173895	173.894999999902	ms	ok		SYN_GENERATOR_11042026	SYNTHETIC_TEACHING_FIXTURE
REQ_SYN_SEG_0445_f1	SYN_SEG_0445	SYN_SEG_SPK_13	SYN_SESSION_13	f1	initial	vowel	i			309.49	Hz	ok		SYN_GENERATOR_11042026	SYNTHETIC_TEACHING_FIXTURE
REQ_SYN_SEG_0445_f2	SYN_SEG_0445	SYN_SEG_SPK_13	SYN_SESSION_13	f2	initial	vowel	i			2440.597	Hz	ok		SYN_GENERATOR_11042026	SYNTHETIC_TEACHING_FIXTURE
REQ_SYN_SEG_0445_f3	SYN_SEG_0445	SYN_SEG_SPK_13	SYN_SESSION_13	f3	initial	vowel	i			3173.909	Hz	ok		SYN_GENERATOR_11042026	SYNTHETIC_TEACHING_FIXTURE
REQ_SYN_SEG_0446_vowel_duration	SYN_SEG_0446	SYN_SEG_SPK_13	SYN_SESSION_13	vowel_duration	medial	vowel	a	1302	1302.207243	207.243000000062	ms	ok		SYN_GENERATOR_11042026	SYNTHETIC_TEACHING_FIXTURE
REQ_SYN_SEG_0446_f1	SYN_SEG_0446	SYN_SEG_SPK_13	SYN_SESSION_13	f1	medial	vowel	a			819.965	Hz	ok		SYN_GENERATOR_11042026	SYNTHETIC_TEACHING_FIXTURE
REQ_SYN_SEG_0446_f2	SYN_SEG_0446	SYN_SEG_SPK_13	SYN_SESSION_13	f2	medial	vowel	a			1174.072	Hz	ok		SYN_GENERATOR_11042026	SYNTHETIC_TEACHING_FIXTURE
REQ_SYN_SEG_0446_f3	SYN_SEG_0446	SYN_SEG_SPK_13	SYN_SESSION_13	f3	medial	vowel	a			2621.099	Hz	ok		SYN_GENERATOR_11042026	SYNTHETIC_TEACHING_FIXTURE
REQ_SYN_SEG_0447_vowel_duration	SYN_SEG_0447	SYN_SEG_SPK_13	SYN_SESSION_13	vowel_duration	final	vowel	u	1303	1303.179108	179.108000000042	ms	ok		SYN_GENERATOR_11042026	SYNTHETIC_TEACHING_FIXTURE
REQ_SYN_SEG_0447_f1	SYN_SEG_0447	SYN_SEG_SPK_13	SYN_SESSION_13	f1	final	vowel	u			369.629	Hz	ok		SYN_GENERATOR_11042026	SYNTHETIC_TEACHING_FIXTURE
REQ_SYN_SEG_0447_f2	SYN_SEG_0447	SYN_SEG_SPK_13	SYN_SESSION_13	f2	final	vowel	u			906.547	Hz	ok		SYN_GENERATOR_11042026	SYNTHETIC_TEACHING_FIXTURE
REQ_SYN_SEG_0447_f3	SYN_SEG_0447	SYN_SEG_SPK_13	SYN_SESSION_13	f3	final	vowel	u			2276.611	Hz	ok		SYN_GENERATOR_11042026	SYNTHETIC_TEACHING_FIXTURE
REQ_SYN_SEG_0448_vowel_duration	SYN_SEG_0448	SYN_SEG_SPK_13	SYN_SESSION_13	vowel_duration	initial	vowel	i	1304	1304.100791	100.791000000072	ms	ok		SYN_GENERATOR_11042026	SYNTHETIC_TEACHING_FIXTURE
REQ_SYN_SEG_0448_f1	SYN_SEG_0448	SYN_SEG_SPK_13	SYN_SESSION_13	f1	initial	vowel	i			272.824	Hz	ok		SYN_GENERATOR_11042026	SYNTHETIC_TEACHING_FIXTURE
REQ_SYN_SEG_0448_f2	SYN_SEG_0448	SYN_SEG_SPK_13	SYN_SESSION_13	f2	initial	vowel	i			2355.593	Hz	ok		SYN_GENERATOR_11042026	SYNTHETIC_TEACHING_FIXTURE
REQ_SYN_SEG_0448_f3	SYN_SEG_0448	SYN_SEG_SPK_13	SYN_SESSION_13	f3	initial	vowel	i			3177.48	Hz	ok		SYN_GENERATOR_11042026	SYNTHETIC_TEACHING_FIXTURE
REQ_SYN_SEG_0449_vowel_duration	SYN_SEG_0449	SYN_SEG_SPK_13	SYN_SESSION_13	vowel_duration	medial	vowel	a	1305	1305.208645	208.644999999933	ms	ok		SYN_GENERATOR_11042026	SYNTHETIC_TEACHING_FIXTURE
REQ_SYN_SEG_0449_f1	SYN_SEG_0449	SYN_SEG_SPK_13	SYN_SESSION_13	f1	medial	vowel	a			817.441	Hz	ok		SYN_GENERATOR_11042026	SYNTHETIC_TEACHING_FIXTURE
REQ_SYN_SEG_0449_f2	SYN_SEG_0449	SYN_SEG_SPK_13	SYN_SESSION_13	f2	medial	vowel	a			1261.418	Hz	ok		SYN_GENERATOR_11042026	SYNTHETIC_TEACHING_FIXTURE
REQ_SYN_SEG_0449_f3	SYN_SEG_0449	SYN_SEG_SPK_13	SYN_SESSION_13	f3	medial	vowel	a			2554.85	Hz	ok		SYN_GENERATOR_11042026	SYNTHETIC_TEACHING_FIXTURE
REQ_SYN_SEG_0450_vowel_duration	SYN_SEG_0450	SYN_SEG_SPK_13	SYN_SESSION_13	vowel_duration	final	vowel	u	1306	1306.112016	112.01600000004	ms	ok		SYN_GENERATOR_11042026	SYNTHETIC_TEACHING_FIXTURE
REQ_SYN_SEG_0450_f1	SYN_SEG_0450	SYN_SEG_SPK_13	SYN_SESSION_13	f1	final	vowel	u			361.615	Hz	ok		SYN_GENERATOR_11042026	SYNTHETIC_TEACHING_FIXTURE
REQ_SYN_SEG_0450_f2	SYN_SEG_0450	SYN_SEG_SPK_13	SYN_SESSION_13	f2	final	vowel	u			970.396	Hz	ok		SYN_GENERATOR_11042026	SYNTHETIC_TEACHING_FIXTURE
REQ_SYN_SEG_0450_f3	SYN_SEG_0450	SYN_SEG_SPK_13	SYN_SESSION_13	f3	final	vowel	u			2374.815	Hz	ok		SYN_GENERATOR_11042026	SYNTHETIC_TEACHING_FIXTURE
REQ_SYN_SEG_0451_vowel_duration	SYN_SEG_0451	SYN_SEG_SPK_13	SYN_SESSION_13	vowel_duration	initial	vowel	i	1307	1307.200413	200.413000000026	ms	ok		SYN_GENERATOR_11042026	SYNTHETIC_TEACHING_FIXTURE
REQ_SYN_SEG_0451_f1	SYN_SEG_0451	SYN_SEG_SPK_13	SYN_SESSION_13	f1	initial	vowel	i			324.906	Hz	ok		SYN_GENERATOR_11042026	SYNTHETIC_TEACHING_FIXTURE
REQ_SYN_SEG_0451_f2	SYN_SEG_0451	SYN_SEG_SPK_13	SYN_SESSION_13	f2	initial	vowel	i			2546.531	Hz	ok		SYN_GENERATOR_11042026	SYNTHETIC_TEACHING_FIXTURE
REQ_SYN_SEG_0451_f3	SYN_SEG_0451	SYN_SEG_SPK_13	SYN_SESSION_13	f3	initial	vowel	i			3015.238	Hz	ok		SYN_GENERATOR_11042026	SYNTHETIC_TEACHING_FIXTURE
REQ_SYN_SEG_0452_vowel_duration	SYN_SEG_0452	SYN_SEG_SPK_13	SYN_SESSION_13	vowel_duration	medial	vowel	a	1308			ms	missing	no_steady_state	SYN_GENERATOR_11042026	SYNTHETIC_TEACHING_FIXTURE
REQ_SYN_SEG_0452_f1	SYN_SEG_0452	SYN_SEG_SPK_13	SYN_SESSION_13	f1	medial	vowel	a			746.263	Hz	review	no_steady_state	SYN_GENERATOR_11042026	SYNTHETIC_TEACHING_FIXTURE
REQ_SYN_SEG_0452_f2	SYN_SEG_0452	SYN_SEG_SPK_13	SYN_SESSION_13	f2	medial	vowel	a			1246.125	Hz	review	no_steady_state	SYN_GENERATOR_11042026	SYNTHETIC_TEACHING_FIXTURE
REQ_SYN_SEG_0452_f3	SYN_SEG_0452	SYN_SEG_SPK_13	SYN_SESSION_13	f3	medial	vowel	a			2709.612	Hz	review	no_steady_state	SYN_GENERATOR_11042026	SYNTHETIC_TEACHING_FIXTURE
REQ_SYN_SEG_0453_vowel_duration	SYN_SEG_0453	SYN_SEG_SPK_13	SYN_SESSION_13	vowel_duration	final	vowel	u	1309	1309.190204	190.203999999994	ms	ok		SYN_GENERATOR_11042026	SYNTHETIC_TEACHING_FIXTURE
REQ_SYN_SEG_0453_f1	SYN_SEG_0453	SYN_SEG_SPK_13	SYN_SESSION_13	f1	final	vowel	u			363.626	Hz	ok		SYN_GENERATOR_11042026	SYNTHETIC_TEACHING_FIXTURE
REQ_SYN_SEG_0453_f2	SYN_SEG_0453	SYN_SEG_SPK_13	SYN_SESSION_13	f2	final	vowel	u			850.405	Hz	ok		SYN_GENERATOR_11042026	SYNTHETIC_TEACHING_FIXTURE
REQ_SYN_SEG_0453_f3	SYN_SEG_0453	SYN_SEG_SPK_13	SYN_SESSION_13	f3	final	vowel	u			2328.54	Hz	ok		SYN_GENERATOR_11042026	SYNTHETIC_TEACHING_FIXTURE
REQ_SYN_SEG_0454_vowel_duration	SYN_SEG_0454	SYN_SEG_SPK_13	SYN_SESSION_13	vowel_duration	initial	vowel	i	1310	1310.138896	138.895999999932	ms	ok		SYN_GENERATOR_11042026	SYNTHETIC_TEACHING_FIXTURE
REQ_SYN_SEG_0454_f1	SYN_SEG_0454	SYN_SEG_SPK_13	SYN_SESSION_13	f1	initial	vowel	i			357.613	Hz	ok		SYN_GENERATOR_11042026	SYNTHETIC_TEACHING_FIXTURE
REQ_SYN_SEG_0454_f2	SYN_SEG_0454	SYN_SEG_SPK_13	SYN_SESSION_13	f2	initial	vowel	i			2356.573	Hz	ok		SYN_GENERATOR_11042026	SYNTHETIC_TEACHING_FIXTURE
REQ_SYN_SEG_0454_f3	SYN_SEG_0454	SYN_SEG_SPK_13	SYN_SESSION_13	f3	initial	vowel	i			3110.261	Hz	ok		SYN_GENERATOR_11042026	SYNTHETIC_TEACHING_FIXTURE
REQ_SYN_SEG_0455_vowel_duration	SYN_SEG_0455	SYN_SEG_SPK_13	SYN_SESSION_13	vowel_duration	medial	vowel	a	1311	1311.141072	141.071999999895	ms	ok		SYN_GENERATOR_11042026	SYNTHETIC_TEACHING_FIXTURE
REQ_SYN_SEG_0455_f1	SYN_SEG_0455	SYN_SEG_SPK_13	SYN_SESSION_13	f1	medial	vowel	a			788.131	Hz	ok		SYN_GENERATOR_11042026	SYNTHETIC_TEACHING_FIXTURE
REQ_SYN_SEG_0455_f2	SYN_SEG_0455	SYN_SEG_SPK_13	SYN_SESSION_13	f2	medial	vowel	a			1258.283	Hz	ok		SYN_GENERATOR_11042026	SYNTHETIC_TEACHING_FIXTURE
REQ_SYN_SEG_0455_f3	SYN_SEG_0455	SYN_SEG_SPK_13	SYN_SESSION_13	f3	medial	vowel	a			2660.819	Hz	ok		SYN_GENERATOR_11042026	SYNTHETIC_TEACHING_FIXTURE
REQ_SYN_SEG_0456_vowel_duration	SYN_SEG_0456	SYN_SEG_SPK_13	SYN_SESSION_13	vowel_duration	final	vowel	u	1312	1312.158712	158.711999999923	ms	ok		SYN_GENERATOR_11042026	SYNTHETIC_TEACHING_FIXTURE
REQ_SYN_SEG_0456_f1	SYN_SEG_0456	SYN_SEG_SPK_13	SYN_SESSION_13	f1	final	vowel	u			378.871	Hz	ok		SYN_GENERATOR_11042026	SYNTHETIC_TEACHING_FIXTURE
REQ_SYN_SEG_0456_f2	SYN_SEG_0456	SYN_SEG_SPK_13	SYN_SESSION_13	f2	final	vowel	u			939.796	Hz	ok		SYN_GENERATOR_11042026	SYNTHETIC_TEACHING_FIXTURE
REQ_SYN_SEG_0456_f3	SYN_SEG_0456	SYN_SEG_SPK_13	SYN_SESSION_13	f3	final	vowel	u			2364.052	Hz	ok		SYN_GENERATOR_11042026	SYNTHETIC_TEACHING_FIXTURE
REQ_SYN_SEG_0457_fricative_duration	SYN_SEG_0457	SYN_SEG_SPK_13	SYN_SESSION_13	fricative_duration	initial	fricative		1301	1301.096766	96.7659999998887	ms	ok		SYN_GENERATOR_11042026	SYNTHETIC_TEACHING_FIXTURE
REQ_SYN_SEG_0457_fricative_cog	SYN_SEG_0457	SYN_SEG_SPK_13	SYN_SESSION_13	fricative_cog	initial	fricative				6541.227	Hz	ok		SYN_GENERATOR_11042026	SYNTHETIC_TEACHING_FIXTURE
REQ_SYN_SEG_0458_fricative_duration	SYN_SEG_0458	SYN_SEG_SPK_13	SYN_SESSION_13	fricative_duration	medial	fricative		1302	1302.178588	178.587999999991	ms	ok		SYN_GENERATOR_11042026	SYNTHETIC_TEACHING_FIXTURE
REQ_SYN_SEG_0458_fricative_cog	SYN_SEG_0458	SYN_SEG_SPK_13	SYN_SESSION_13	fricative_cog	medial	fricative				5182.708	Hz	ok		SYN_GENERATOR_11042026	SYNTHETIC_TEACHING_FIXTURE
REQ_SYN_SEG_0459_fricative_duration	SYN_SEG_0459	SYN_SEG_SPK_13	SYN_SESSION_13	fricative_duration	final	fricative		1303	1303.173153	173.152999999957	ms	ok		SYN_GENERATOR_11042026	SYNTHETIC_TEACHING_FIXTURE
REQ_SYN_SEG_0459_fricative_cog	SYN_SEG_0459	SYN_SEG_SPK_13	SYN_SESSION_13	fricative_cog	final	fricative				4948.688	Hz	ok		SYN_GENERATOR_11042026	SYNTHETIC_TEACHING_FIXTURE
REQ_SYN_SEG_0460_fricative_duration	SYN_SEG_0460	SYN_SEG_SPK_13	SYN_SESSION_13	fricative_duration	initial	fricative		1304	1304.150066	150.065999999924	ms	ok		SYN_GENERATOR_11042026	SYNTHETIC_TEACHING_FIXTURE
REQ_SYN_SEG_0460_fricative_cog	SYN_SEG_0460	SYN_SEG_SPK_13	SYN_SESSION_13	fricative_cog	initial	fricative				6687.659	Hz	ok		SYN_GENERATOR_11042026	SYNTHETIC_TEACHING_FIXTURE
REQ_SYN_SEG_0461_fricative_duration	SYN_SEG_0461	SYN_SEG_SPK_13	SYN_SESSION_13	fricative_duration	medial	fricative		1305	1305.15472	154.719999999998	ms	ok		SYN_GENERATOR_11042026	SYNTHETIC_TEACHING_FIXTURE
REQ_SYN_SEG_0461_fricative_cog	SYN_SEG_0461	SYN_SEG_SPK_13	SYN_SESSION_13	fricative_cog	medial	fricative				4796.51	Hz	ok		SYN_GENERATOR_11042026	SYNTHETIC_TEACHING_FIXTURE
REQ_SYN_SEG_0462_fricative_duration	SYN_SEG_0462	SYN_SEG_SPK_13	SYN_SESSION_13	fricative_duration	final	fricative		1306	1306.084045	84.0450000000601	ms	ok		SYN_GENERATOR_11042026	SYNTHETIC_TEACHING_FIXTURE
REQ_SYN_SEG_0462_fricative_cog	SYN_SEG_0462	SYN_SEG_SPK_13	SYN_SESSION_13	fricative_cog	final	fricative				5270.198	Hz	ok		SYN_GENERATOR_11042026	SYNTHETIC_TEACHING_FIXTURE
REQ_SYN_SEG_0463_fricative_duration	SYN_SEG_0463	SYN_SEG_SPK_13	SYN_SESSION_13	fricative_duration	initial	fricative		1307	1307.150059	150.059000000056	ms	ok		SYN_GENERATOR_11042026	SYNTHETIC_TEACHING_FIXTURE
REQ_SYN_SEG_0463_fricative_cog	SYN_SEG_0463	SYN_SEG_SPK_13	SYN_SESSION_13	fricative_cog	initial	fricative				6608.839	Hz	ok		SYN_GENERATOR_11042026	SYNTHETIC_TEACHING_FIXTURE
REQ_SYN_SEG_0464_fricative_duration	SYN_SEG_0464	SYN_SEG_SPK_13	SYN_SESSION_13	fricative_duration	medial	fricative		1308	1308.126294	126.293999999916	ms	ok		SYN_GENERATOR_11042026	SYNTHETIC_TEACHING_FIXTURE
REQ_SYN_SEG_0464_fricative_cog	SYN_SEG_0464	SYN_SEG_SPK_13	SYN_SESSION_13	fricative_cog	medial	fricative				5234.212	Hz	ok		SYN_GENERATOR_11042026	SYNTHETIC_TEACHING_FIXTURE
REQ_SYN_SEG_0465_fricative_duration	SYN_SEG_0465	SYN_SEG_SPK_13	SYN_SESSION_13	fricative_duration	final	fricative		1309	1309.082477	82.4769999999262	ms	ok		SYN_GENERATOR_11042026	SYNTHETIC_TEACHING_FIXTURE
REQ_SYN_SEG_0465_fricative_cog	SYN_SEG_0465	SYN_SEG_SPK_13	SYN_SESSION_13	fricative_cog	final	fricative				5034.031	Hz	ok		SYN_GENERATOR_11042026	SYNTHETIC_TEACHING_FIXTURE
REQ_SYN_SEG_0466_fricative_duration	SYN_SEG_0466	SYN_SEG_SPK_13	SYN_SESSION_13	fricative_duration	initial	fricative		1310	1310.073419	73.4190000000581	ms	ok		SYN_GENERATOR_11042026	SYNTHETIC_TEACHING_FIXTURE
REQ_SYN_SEG_0466_fricative_cog	SYN_SEG_0466	SYN_SEG_SPK_13	SYN_SESSION_13	fricative_cog	initial	fricative				6431.913	Hz	ok		SYN_GENERATOR_11042026	SYNTHETIC_TEACHING_FIXTURE
REQ_SYN_SEG_0467_fricative_duration	SYN_SEG_0467	SYN_SEG_SPK_13	SYN_SESSION_13	fricative_duration	medial	fricative		1311	1311.167222	167.222000000038	ms	ok		SYN_GENERATOR_11042026	SYNTHETIC_TEACHING_FIXTURE
REQ_SYN_SEG_0467_fricative_cog	SYN_SEG_0467	SYN_SEG_SPK_13	SYN_SESSION_13	fricative_cog	medial	fricative				4982.064	Hz	ok		SYN_GENERATOR_11042026	SYNTHETIC_TEACHING_FIXTURE
REQ_SYN_SEG_0468_fricative_duration	SYN_SEG_0468	SYN_SEG_SPK_13	SYN_SESSION_13	fricative_duration	final	fricative		1312	1312.131982	131.982000000107	ms	ok		SYN_GENERATOR_11042026	SYNTHETIC_TEACHING_FIXTURE
REQ_SYN_SEG_0468_fricative_cog	SYN_SEG_0468	SYN_SEG_SPK_13	SYN_SESSION_13	fricative_cog	final	fricative				4934.49	Hz	ok		SYN_GENERATOR_11042026	SYNTHETIC_TEACHING_FIXTURE
REQ_SYN_SEG_0469_vot	SYN_SEG_0469	SYN_SEG_SPK_14	SYN_SESSION_14	vot	initial	stop		1401.056631	1401.14007	83.4389999999985	ms	ok		SYN_GENERATOR_11042026	SYNTHETIC_TEACHING_FIXTURE
REQ_SYN_SEG_0469_closure_duration	SYN_SEG_0469	SYN_SEG_SPK_14	SYN_SESSION_14	closure_duration	initial	stop		1401	1401.056631	56.6309999999248	ms	ok		SYN_GENERATOR_11042026	SYNTHETIC_TEACHING_FIXTURE
REQ_SYN_SEG_0469_vowel_onset_f0	SYN_SEG_0469	SYN_SEG_SPK_14	SYN_SESSION_14	vowel_onset_f0	initial	stop				139.19	Hz	ok		SYN_GENERATOR_11042026	SYNTHETIC_TEACHING_FIXTURE
REQ_SYN_SEG_0470_vot	SYN_SEG_0470	SYN_SEG_SPK_14	SYN_SESSION_14	vot	medial	stop		1402.0768	1402.101703	24.9029999999948	ms	ok		SYN_GENERATOR_11042026	SYNTHETIC_TEACHING_FIXTURE
REQ_SYN_SEG_0470_closure_duration	SYN_SEG_0470	SYN_SEG_SPK_14	SYN_SESSION_14	closure_duration	medial	stop		1402	1402.0768	76.8000000000484	ms	ok		SYN_GENERATOR_11042026	SYNTHETIC_TEACHING_FIXTURE
REQ_SYN_SEG_0470_vowel_onset_f0	SYN_SEG_0470	SYN_SEG_SPK_14	SYN_SESSION_14	vowel_onset_f0	medial	stop				106.805	Hz	ok		SYN_GENERATOR_11042026	SYNTHETIC_TEACHING_FIXTURE
REQ_SYN_SEG_0471_vot	SYN_SEG_0471	SYN_SEG_SPK_14	SYN_SESSION_14	vot	final	stop		1403.105051	1403.112338	7.28699999990567	ms	ok		SYN_GENERATOR_11042026	SYNTHETIC_TEACHING_FIXTURE
REQ_SYN_SEG_0471_closure_duration	SYN_SEG_0471	SYN_SEG_SPK_14	SYN_SESSION_14	closure_duration	final	stop		1403	1403.105051	105.051000000003	ms	ok		SYN_GENERATOR_11042026	SYNTHETIC_TEACHING_FIXTURE
REQ_SYN_SEG_0471_vowel_onset_f0	SYN_SEG_0471	SYN_SEG_SPK_14	SYN_SESSION_14	vowel_onset_f0	final	stop				108.434	Hz	ok		SYN_GENERATOR_11042026	SYNTHETIC_TEACHING_FIXTURE
REQ_SYN_SEG_0472_vot	SYN_SEG_0472	SYN_SEG_SPK_14	SYN_SESSION_14	vot	initial	stop		1404.069695	1404.098762	29.0670000001683	ms	ok		SYN_GENERATOR_11042026	SYNTHETIC_TEACHING_FIXTURE
REQ_SYN_SEG_0472_closure_duration	SYN_SEG_0472	SYN_SEG_SPK_14	SYN_SESSION_14	closure_duration	initial	stop		1404	1404.069695	69.6949999999106	ms	ok		SYN_GENERATOR_11042026	SYNTHETIC_TEACHING_FIXTURE
REQ_SYN_SEG_0472_vowel_onset_f0	SYN_SEG_0472	SYN_SEG_SPK_14	SYN_SESSION_14	vowel_onset_f0	initial	stop				108.006	Hz	ok		SYN_GENERATOR_11042026	SYNTHETIC_TEACHING_FIXTURE
REQ_SYN_SEG_0473_vot	SYN_SEG_0473	SYN_SEG_SPK_14	SYN_SESSION_14	vot	medial	stop		1405.073304	1405.095896	22.5920000000315	ms	ok		SYN_GENERATOR_11042026	SYNTHETIC_TEACHING_FIXTURE
REQ_SYN_SEG_0473_closure_duration	SYN_SEG_0473	SYN_SEG_SPK_14	SYN_SESSION_14	closure_duration	medial	stop		1405	1405.073304	73.3040000000074	ms	ok		SYN_GENERATOR_11042026	SYNTHETIC_TEACHING_FIXTURE
REQ_SYN_SEG_0473_vowel_onset_f0	SYN_SEG_0473	SYN_SEG_SPK_14	SYN_SESSION_14	vowel_onset_f0	medial	stop				102.164	Hz	ok		SYN_GENERATOR_11042026	SYNTHETIC_TEACHING_FIXTURE
REQ_SYN_SEG_0474_vot	SYN_SEG_0474	SYN_SEG_SPK_14	SYN_SESSION_14	vot	final	stop		1406.08314	1406.125827	42.6870000001145	ms	ok		SYN_GENERATOR_11042026	SYNTHETIC_TEACHING_FIXTURE
REQ_SYN_SEG_0474_closure_duration	SYN_SEG_0474	SYN_SEG_SPK_14	SYN_SESSION_14	closure_duration	final	stop		1406	1406.08314	83.1399999999576	ms	ok		SYN_GENERATOR_11042026	SYNTHETIC_TEACHING_FIXTURE
REQ_SYN_SEG_0474_vowel_onset_f0	SYN_SEG_0474	SYN_SEG_SPK_14	SYN_SESSION_14	vowel_onset_f0	final	stop				145.985	Hz	ok		SYN_GENERATOR_11042026	SYNTHETIC_TEACHING_FIXTURE
REQ_SYN_SEG_0475_vot	SYN_SEG_0475	SYN_SEG_SPK_14	SYN_SESSION_14	vot	initial	stop		1407.0785	1407.162087	83.5869999998522	ms	ok		SYN_GENERATOR_11042026	SYNTHETIC_TEACHING_FIXTURE
REQ_SYN_SEG_0475_closure_duration	SYN_SEG_0475	SYN_SEG_SPK_14	SYN_SESSION_14	closure_duration	initial	stop		1407	1407.0785	78.5000000000764	ms	ok		SYN_GENERATOR_11042026	SYNTHETIC_TEACHING_FIXTURE
REQ_SYN_SEG_0475_vowel_onset_f0	SYN_SEG_0475	SYN_SEG_SPK_14	SYN_SESSION_14	vowel_onset_f0	initial	stop				135.375	Hz	ok		SYN_GENERATOR_11042026	SYNTHETIC_TEACHING_FIXTURE
REQ_SYN_SEG_0476_vot	SYN_SEG_0476	SYN_SEG_SPK_14	SYN_SESSION_14	vot	medial	stop		1408.066576	1408.082754	16.1780000000817	ms	ok		SYN_GENERATOR_11042026	SYNTHETIC_TEACHING_FIXTURE
REQ_SYN_SEG_0476_closure_duration	SYN_SEG_0476	SYN_SEG_SPK_14	SYN_SESSION_14	closure_duration	medial	stop		1408	1408.066576	66.5759999999409	ms	ok		SYN_GENERATOR_11042026	SYNTHETIC_TEACHING_FIXTURE
REQ_SYN_SEG_0476_vowel_onset_f0	SYN_SEG_0476	SYN_SEG_SPK_14	SYN_SESSION_14	vowel_onset_f0	medial	stop				112.838	Hz	ok		SYN_GENERATOR_11042026	SYNTHETIC_TEACHING_FIXTURE
REQ_SYN_SEG_0477_vot	SYN_SEG_0477	SYN_SEG_SPK_14	SYN_SESSION_14	vot	final	stop		1409.065068	1409.070516	5.44799999988754	ms	ok		SYN_GENERATOR_11042026	SYNTHETIC_TEACHING_FIXTURE
REQ_SYN_SEG_0477_closure_duration	SYN_SEG_0477	SYN_SEG_SPK_14	SYN_SESSION_14	closure_duration	final	stop		1409	1409.065068	65.0680000001103	ms	ok		SYN_GENERATOR_11042026	SYNTHETIC_TEACHING_FIXTURE
REQ_SYN_SEG_0477_vowel_onset_f0	SYN_SEG_0477	SYN_SEG_SPK_14	SYN_SESSION_14	vowel_onset_f0	final	stop				108.323	Hz	ok		SYN_GENERATOR_11042026	SYNTHETIC_TEACHING_FIXTURE
REQ_SYN_SEG_0478_vot	SYN_SEG_0478	SYN_SEG_SPK_14	SYN_SESSION_14	vot	initial	stop		1410.078338	1410.100799	22.4610000000212	ms	ok		SYN_GENERATOR_11042026	SYNTHETIC_TEACHING_FIXTURE
REQ_SYN_SEG_0478_closure_duration	SYN_SEG_0478	SYN_SEG_SPK_14	SYN_SESSION_14	closure_duration	initial	stop		1410	1410.078338	78.3380000000307	ms	ok		SYN_GENERATOR_11042026	SYNTHETIC_TEACHING_FIXTURE
REQ_SYN_SEG_0478_vowel_onset_f0	SYN_SEG_0478	SYN_SEG_SPK_14	SYN_SESSION_14	vowel_onset_f0	initial	stop				106.456	Hz	ok		SYN_GENERATOR_11042026	SYNTHETIC_TEACHING_FIXTURE
REQ_SYN_SEG_0479_vot	SYN_SEG_0479	SYN_SEG_SPK_14	SYN_SESSION_14	vot	medial	stop		1411.093745	1411.112253	18.5080000001108	ms	ok		SYN_GENERATOR_11042026	SYNTHETIC_TEACHING_FIXTURE
REQ_SYN_SEG_0479_closure_duration	SYN_SEG_0479	SYN_SEG_SPK_14	SYN_SESSION_14	closure_duration	medial	stop		1411	1411.093745	93.7449999998989	ms	ok		SYN_GENERATOR_11042026	SYNTHETIC_TEACHING_FIXTURE
REQ_SYN_SEG_0479_vowel_onset_f0	SYN_SEG_0479	SYN_SEG_SPK_14	SYN_SESSION_14	vowel_onset_f0	medial	stop				108.433	Hz	ok		SYN_GENERATOR_11042026	SYNTHETIC_TEACHING_FIXTURE
REQ_SYN_SEG_0480_vot	SYN_SEG_0480	SYN_SEG_SPK_14	SYN_SESSION_14	vot	final	stop		1412.08005	1412.089153	9.10299999986819	ms	ok		SYN_GENERATOR_11042026	SYNTHETIC_TEACHING_FIXTURE
REQ_SYN_SEG_0480_closure_duration	SYN_SEG_0480	SYN_SEG_SPK_14	SYN_SESSION_14	closure_duration	final	stop		1412	1412.08005	80.0500000000284	ms	ok		SYN_GENERATOR_11042026	SYNTHETIC_TEACHING_FIXTURE
REQ_SYN_SEG_0480_vowel_onset_f0	SYN_SEG_0480	SYN_SEG_SPK_14	SYN_SESSION_14	vowel_onset_f0	final	stop				114.367	Hz	ok		SYN_GENERATOR_11042026	SYNTHETIC_TEACHING_FIXTURE
REQ_SYN_SEG_0481_vowel_duration	SYN_SEG_0481	SYN_SEG_SPK_14	SYN_SESSION_14	vowel_duration	initial	vowel	i	1401	1401.102793	102.79300000002	ms	ok		SYN_GENERATOR_11042026	SYNTHETIC_TEACHING_FIXTURE
REQ_SYN_SEG_0481_f1	SYN_SEG_0481	SYN_SEG_SPK_14	SYN_SESSION_14	f1	initial	vowel	i			376.946	Hz	ok		SYN_GENERATOR_11042026	SYNTHETIC_TEACHING_FIXTURE
REQ_SYN_SEG_0481_f2	SYN_SEG_0481	SYN_SEG_SPK_14	SYN_SESSION_14	f2	initial	vowel	i			2426.598	Hz	ok		SYN_GENERATOR_11042026	SYNTHETIC_TEACHING_FIXTURE
REQ_SYN_SEG_0481_f3	SYN_SEG_0481	SYN_SEG_SPK_14	SYN_SESSION_14	f3	initial	vowel	i			3151.76	Hz	ok		SYN_GENERATOR_11042026	SYNTHETIC_TEACHING_FIXTURE
REQ_SYN_SEG_0482_vowel_duration	SYN_SEG_0482	SYN_SEG_SPK_14	SYN_SESSION_14	vowel_duration	medial	vowel	a	1402	1402.204826	204.825999999912	ms	ok		SYN_GENERATOR_11042026	SYNTHETIC_TEACHING_FIXTURE
REQ_SYN_SEG_0482_f1	SYN_SEG_0482	SYN_SEG_SPK_14	SYN_SESSION_14	f1	medial	vowel	a			781.623	Hz	ok		SYN_GENERATOR_11042026	SYNTHETIC_TEACHING_FIXTURE
REQ_SYN_SEG_0482_f2	SYN_SEG_0482	SYN_SEG_SPK_14	SYN_SESSION_14	f2	medial	vowel	a			1220.827	Hz	ok		SYN_GENERATOR_11042026	SYNTHETIC_TEACHING_FIXTURE
REQ_SYN_SEG_0482_f3	SYN_SEG_0482	SYN_SEG_SPK_14	SYN_SESSION_14	f3	medial	vowel	a			2659.107	Hz	ok		SYN_GENERATOR_11042026	SYNTHETIC_TEACHING_FIXTURE
REQ_SYN_SEG_0483_vowel_duration	SYN_SEG_0483	SYN_SEG_SPK_14	SYN_SESSION_14	vowel_duration	final	vowel	u	1403	1403.184233	184.232999999949	ms	ok		SYN_GENERATOR_11042026	SYNTHETIC_TEACHING_FIXTURE
REQ_SYN_SEG_0483_f1	SYN_SEG_0483	SYN_SEG_SPK_14	SYN_SESSION_14	f1	final	vowel	u			414.893	Hz	ok		SYN_GENERATOR_11042026	SYNTHETIC_TEACHING_FIXTURE
REQ_SYN_SEG_0483_f2	SYN_SEG_0483	SYN_SEG_SPK_14	SYN_SESSION_14	f2	final	vowel	u			900.294	Hz	ok		SYN_GENERATOR_11042026	SYNTHETIC_TEACHING_FIXTURE
REQ_SYN_SEG_0483_f3	SYN_SEG_0483	SYN_SEG_SPK_14	SYN_SESSION_14	f3	final	vowel	u			2435.625	Hz	ok		SYN_GENERATOR_11042026	SYNTHETIC_TEACHING_FIXTURE
REQ_SYN_SEG_0484_vowel_duration	SYN_SEG_0484	SYN_SEG_SPK_14	SYN_SESSION_14	vowel_duration	initial	vowel	i	1404	1404.093728	93.7280000000555	ms	ok		SYN_GENERATOR_11042026	SYNTHETIC_TEACHING_FIXTURE
REQ_SYN_SEG_0484_f1	SYN_SEG_0484	SYN_SEG_SPK_14	SYN_SESSION_14	f1	initial	vowel	i			354.392	Hz	ok		SYN_GENERATOR_11042026	SYNTHETIC_TEACHING_FIXTURE
REQ_SYN_SEG_0484_f2	SYN_SEG_0484	SYN_SEG_SPK_14	SYN_SESSION_14	f2	initial	vowel	i			2432.063	Hz	ok		SYN_GENERATOR_11042026	SYNTHETIC_TEACHING_FIXTURE
REQ_SYN_SEG_0484_f3	SYN_SEG_0484	SYN_SEG_SPK_14	SYN_SESSION_14	f3	initial	vowel	i			3093.175	Hz	ok		SYN_GENERATOR_11042026	SYNTHETIC_TEACHING_FIXTURE
REQ_SYN_SEG_0485_vowel_duration	SYN_SEG_0485	SYN_SEG_SPK_14	SYN_SESSION_14	vowel_duration	medial	vowel	a	1405	1405.12781	127.809999999954	ms	ok		SYN_GENERATOR_11042026	SYNTHETIC_TEACHING_FIXTURE
REQ_SYN_SEG_0485_f1	SYN_SEG_0485	SYN_SEG_SPK_14	SYN_SESSION_14	f1	medial	vowel	a			784.201	Hz	ok		SYN_GENERATOR_11042026	SYNTHETIC_TEACHING_FIXTURE
REQ_SYN_SEG_0485_f2	SYN_SEG_0485	SYN_SEG_SPK_14	SYN_SESSION_14	f2	medial	vowel	a			1257.364	Hz	ok		SYN_GENERATOR_11042026	SYNTHETIC_TEACHING_FIXTURE
REQ_SYN_SEG_0485_f3	SYN_SEG_0485	SYN_SEG_SPK_14	SYN_SESSION_14	f3	medial	vowel	a			2699.468	Hz	ok		SYN_GENERATOR_11042026	SYNTHETIC_TEACHING_FIXTURE
REQ_SYN_SEG_0486_vowel_duration	SYN_SEG_0486	SYN_SEG_SPK_14	SYN_SESSION_14	vowel_duration	final	vowel	u	1406	1406.094143	94.143000000031	ms	ok		SYN_GENERATOR_11042026	SYNTHETIC_TEACHING_FIXTURE
REQ_SYN_SEG_0486_f1	SYN_SEG_0486	SYN_SEG_SPK_14	SYN_SESSION_14	f1	final	vowel	u			397.527	Hz	ok		SYN_GENERATOR_11042026	SYNTHETIC_TEACHING_FIXTURE
REQ_SYN_SEG_0486_f2	SYN_SEG_0486	SYN_SEG_SPK_14	SYN_SESSION_14	f2	final	vowel	u			971.58	Hz	ok		SYN_GENERATOR_11042026	SYNTHETIC_TEACHING_FIXTURE
REQ_SYN_SEG_0486_f3	SYN_SEG_0486	SYN_SEG_SPK_14	SYN_SESSION_14	f3	final	vowel	u			2410.542	Hz	ok		SYN_GENERATOR_11042026	SYNTHETIC_TEACHING_FIXTURE
REQ_SYN_SEG_0487_vowel_duration	SYN_SEG_0487	SYN_SEG_SPK_14	SYN_SESSION_14	vowel_duration	initial	vowel	i	1407	1407.174558	174.557999999934	ms	ok		SYN_GENERATOR_11042026	SYNTHETIC_TEACHING_FIXTURE
REQ_SYN_SEG_0487_f1	SYN_SEG_0487	SYN_SEG_SPK_14	SYN_SESSION_14	f1	initial	vowel	i			313.303	Hz	ok		SYN_GENERATOR_11042026	SYNTHETIC_TEACHING_FIXTURE
REQ_SYN_SEG_0487_f2	SYN_SEG_0487	SYN_SEG_SPK_14	SYN_SESSION_14	f2	initial	vowel	i			2447.925	Hz	ok		SYN_GENERATOR_11042026	SYNTHETIC_TEACHING_FIXTURE
REQ_SYN_SEG_0487_f3	SYN_SEG_0487	SYN_SEG_SPK_14	SYN_SESSION_14	f3	initial	vowel	i			3208.476	Hz	ok		SYN_GENERATOR_11042026	SYNTHETIC_TEACHING_FIXTURE
REQ_SYN_SEG_0488_vowel_duration	SYN_SEG_0488	SYN_SEG_SPK_14	SYN_SESSION_14	vowel_duration	medial	vowel	a	1408	1408.167692	167.691999999988	ms	ok		SYN_GENERATOR_11042026	SYNTHETIC_TEACHING_FIXTURE
REQ_SYN_SEG_0488_f1	SYN_SEG_0488	SYN_SEG_SPK_14	SYN_SESSION_14	f1	medial	vowel	a			805.61	Hz	ok		SYN_GENERATOR_11042026	SYNTHETIC_TEACHING_FIXTURE
REQ_SYN_SEG_0488_f2	SYN_SEG_0488	SYN_SEG_SPK_14	SYN_SESSION_14	f2	medial	vowel	a			1228.437	Hz	ok		SYN_GENERATOR_11042026	SYNTHETIC_TEACHING_FIXTURE
REQ_SYN_SEG_0488_f3	SYN_SEG_0488	SYN_SEG_SPK_14	SYN_SESSION_14	f3	medial	vowel	a			2584.683	Hz	ok		SYN_GENERATOR_11042026	SYNTHETIC_TEACHING_FIXTURE
REQ_SYN_SEG_0489_vowel_duration	SYN_SEG_0489	SYN_SEG_SPK_14	SYN_SESSION_14	vowel_duration	final	vowel	u	1409	1409.146587	146.586999999954	ms	ok		SYN_GENERATOR_11042026	SYNTHETIC_TEACHING_FIXTURE
REQ_SYN_SEG_0489_f1	SYN_SEG_0489	SYN_SEG_SPK_14	SYN_SESSION_14	f1	final	vowel	u			376.992	Hz	ok		SYN_GENERATOR_11042026	SYNTHETIC_TEACHING_FIXTURE
REQ_SYN_SEG_0489_f2	SYN_SEG_0489	SYN_SEG_SPK_14	SYN_SESSION_14	f2	final	vowel	u			937.073	Hz	ok		SYN_GENERATOR_11042026	SYNTHETIC_TEACHING_FIXTURE
REQ_SYN_SEG_0489_f3	SYN_SEG_0489	SYN_SEG_SPK_14	SYN_SESSION_14	f3	final	vowel	u			2442.517	Hz	ok		SYN_GENERATOR_11042026	SYNTHETIC_TEACHING_FIXTURE
REQ_SYN_SEG_0490_vowel_duration	SYN_SEG_0490	SYN_SEG_SPK_14	SYN_SESSION_14	vowel_duration	initial	vowel	i	1410	1410.081423	81.4230000000862	ms	ok		SYN_GENERATOR_11042026	SYNTHETIC_TEACHING_FIXTURE
REQ_SYN_SEG_0490_f1	SYN_SEG_0490	SYN_SEG_SPK_14	SYN_SESSION_14	f1	initial	vowel	i			331.9	Hz	ok		SYN_GENERATOR_11042026	SYNTHETIC_TEACHING_FIXTURE
REQ_SYN_SEG_0490_f2	SYN_SEG_0490	SYN_SEG_SPK_14	SYN_SESSION_14	f2	initial	vowel	i			2454.96	Hz	ok		SYN_GENERATOR_11042026	SYNTHETIC_TEACHING_FIXTURE
REQ_SYN_SEG_0490_f3	SYN_SEG_0490	SYN_SEG_SPK_14	SYN_SESSION_14	f3	initial	vowel	i			3179.334	Hz	ok		SYN_GENERATOR_11042026	SYNTHETIC_TEACHING_FIXTURE
REQ_SYN_SEG_0491_vowel_duration	SYN_SEG_0491	SYN_SEG_SPK_14	SYN_SESSION_14	vowel_duration	medial	vowel	a	1411	1411.096757	96.7570000000251	ms	ok		SYN_GENERATOR_11042026	SYNTHETIC_TEACHING_FIXTURE
REQ_SYN_SEG_0491_f1	SYN_SEG_0491	SYN_SEG_SPK_14	SYN_SESSION_14	f1	medial	vowel	a			820.574	Hz	ok		SYN_GENERATOR_11042026	SYNTHETIC_TEACHING_FIXTURE
REQ_SYN_SEG_0491_f2	SYN_SEG_0491	SYN_SEG_SPK_14	SYN_SESSION_14	f2	medial	vowel	a			1250.295	Hz	ok		SYN_GENERATOR_11042026	SYNTHETIC_TEACHING_FIXTURE
REQ_SYN_SEG_0491_f3	SYN_SEG_0491	SYN_SEG_SPK_14	SYN_SESSION_14	f3	medial	vowel	a			2590.72	Hz	ok		SYN_GENERATOR_11042026	SYNTHETIC_TEACHING_FIXTURE
REQ_SYN_SEG_0492_vowel_duration	SYN_SEG_0492	SYN_SEG_SPK_14	SYN_SESSION_14	vowel_duration	final	vowel	u	1412	1412.133867	133.867000000009	ms	ok		SYN_GENERATOR_11042026	SYNTHETIC_TEACHING_FIXTURE
REQ_SYN_SEG_0492_f1	SYN_SEG_0492	SYN_SEG_SPK_14	SYN_SESSION_14	f1	final	vowel	u			390.828	Hz	ok		SYN_GENERATOR_11042026	SYNTHETIC_TEACHING_FIXTURE
REQ_SYN_SEG_0492_f2	SYN_SEG_0492	SYN_SEG_SPK_14	SYN_SESSION_14	f2	final	vowel	u			1001.988	Hz	ok		SYN_GENERATOR_11042026	SYNTHETIC_TEACHING_FIXTURE
REQ_SYN_SEG_0492_f3	SYN_SEG_0492	SYN_SEG_SPK_14	SYN_SESSION_14	f3	final	vowel	u			2363.716	Hz	ok		SYN_GENERATOR_11042026	SYNTHETIC_TEACHING_FIXTURE
REQ_SYN_SEG_0493_fricative_duration	SYN_SEG_0493	SYN_SEG_SPK_14	SYN_SESSION_14	fricative_duration	initial	fricative		1401	1401.104927	104.927000000089	ms	ok		SYN_GENERATOR_11042026	SYNTHETIC_TEACHING_FIXTURE
REQ_SYN_SEG_0493_fricative_cog	SYN_SEG_0493	SYN_SEG_SPK_14	SYN_SESSION_14	fricative_cog	initial	fricative				6836.182	Hz	ok		SYN_GENERATOR_11042026	SYNTHETIC_TEACHING_FIXTURE
REQ_SYN_SEG_0494_fricative_duration	SYN_SEG_0494	SYN_SEG_SPK_14	SYN_SESSION_14	fricative_duration	medial	fricative		1402	1402.16759	167.590000000018	ms	ok		SYN_GENERATOR_11042026	SYNTHETIC_TEACHING_FIXTURE
REQ_SYN_SEG_0494_fricative_cog	SYN_SEG_0494	SYN_SEG_SPK_14	SYN_SESSION_14	fricative_cog	medial	fricative				5471.156	Hz	ok		SYN_GENERATOR_11042026	SYNTHETIC_TEACHING_FIXTURE
REQ_SYN_SEG_0495_fricative_duration	SYN_SEG_0495	SYN_SEG_SPK_14	SYN_SESSION_14	fricative_duration	final	fricative		1403	1403.144182	144.182000000001	ms	ok		SYN_GENERATOR_11042026	SYNTHETIC_TEACHING_FIXTURE
REQ_SYN_SEG_0495_fricative_cog	SYN_SEG_0495	SYN_SEG_SPK_14	SYN_SESSION_14	fricative_cog	final	fricative				4907.385	Hz	ok		SYN_GENERATOR_11042026	SYNTHETIC_TEACHING_FIXTURE
REQ_SYN_SEG_0496_fricative_duration	SYN_SEG_0496	SYN_SEG_SPK_14	SYN_SESSION_14	fricative_duration	initial	fricative		1404	1404.154031	154.031000000032	ms	ok		SYN_GENERATOR_11042026	SYNTHETIC_TEACHING_FIXTURE
REQ_SYN_SEG_0496_fricative_cog	SYN_SEG_0496	SYN_SEG_SPK_14	SYN_SESSION_14	fricative_cog	initial	fricative				6364.369	Hz	ok		SYN_GENERATOR_11042026	SYNTHETIC_TEACHING_FIXTURE
REQ_SYN_SEG_0497_fricative_duration	SYN_SEG_0497	SYN_SEG_SPK_14	SYN_SESSION_14	fricative_duration	medial	fricative		1405	1405.167896	167.895999999928	ms	ok		SYN_GENERATOR_11042026	SYNTHETIC_TEACHING_FIXTURE
REQ_SYN_SEG_0497_fricative_cog	SYN_SEG_0497	SYN_SEG_SPK_14	SYN_SESSION_14	fricative_cog	medial	fricative				4973.228	Hz	ok		SYN_GENERATOR_11042026	SYNTHETIC_TEACHING_FIXTURE
REQ_SYN_SEG_0498_fricative_duration	SYN_SEG_0498	SYN_SEG_SPK_14	SYN_SESSION_14	fricative_duration	final	fricative		1406	1406.153832	153.831999999966	ms	ok		SYN_GENERATOR_11042026	SYNTHETIC_TEACHING_FIXTURE
REQ_SYN_SEG_0498_fricative_cog	SYN_SEG_0498	SYN_SEG_SPK_14	SYN_SESSION_14	fricative_cog	final	fricative				5460.225	Hz	ok		SYN_GENERATOR_11042026	SYNTHETIC_TEACHING_FIXTURE
REQ_SYN_SEG_0499_fricative_duration	SYN_SEG_0499	SYN_SEG_SPK_14	SYN_SESSION_14	fricative_duration	initial	fricative		1407	1407.157261	157.261000000062	ms	ok		SYN_GENERATOR_11042026	SYNTHETIC_TEACHING_FIXTURE
REQ_SYN_SEG_0499_fricative_cog	SYN_SEG_0499	SYN_SEG_SPK_14	SYN_SESSION_14	fricative_cog	initial	fricative				7192.609	Hz	ok		SYN_GENERATOR_11042026	SYNTHETIC_TEACHING_FIXTURE
REQ_SYN_SEG_0500_fricative_duration	SYN_SEG_0500	SYN_SEG_SPK_14	SYN_SESSION_14	fricative_duration	medial	fricative		1408	1408.14872	148.719999999912	ms	ok		SYN_GENERATOR_11042026	SYNTHETIC_TEACHING_FIXTURE
REQ_SYN_SEG_0500_fricative_cog	SYN_SEG_0500	SYN_SEG_SPK_14	SYN_SESSION_14	fricative_cog	medial	fricative				5228.136	Hz	ok		SYN_GENERATOR_11042026	SYNTHETIC_TEACHING_FIXTURE
REQ_SYN_SEG_0501_fricative_duration	SYN_SEG_0501	SYN_SEG_SPK_14	SYN_SESSION_14	fricative_duration	final	fricative		1409	1409.110533	110.533000000032	ms	ok		SYN_GENERATOR_11042026	SYNTHETIC_TEACHING_FIXTURE
REQ_SYN_SEG_0501_fricative_cog	SYN_SEG_0501	SYN_SEG_SPK_14	SYN_SESSION_14	fricative_cog	final	fricative				5329.702	Hz	ok		SYN_GENERATOR_11042026	SYNTHETIC_TEACHING_FIXTURE
REQ_SYN_SEG_0502_fricative_duration	SYN_SEG_0502	SYN_SEG_SPK_14	SYN_SESSION_14	fricative_duration	initial	fricative		1410	1410.107359	107.359000000088	ms	ok		SYN_GENERATOR_11042026	SYNTHETIC_TEACHING_FIXTURE
REQ_SYN_SEG_0502_fricative_cog	SYN_SEG_0502	SYN_SEG_SPK_14	SYN_SESSION_14	fricative_cog	initial	fricative				7061.101	Hz	ok		SYN_GENERATOR_11042026	SYNTHETIC_TEACHING_FIXTURE
REQ_SYN_SEG_0503_fricative_duration	SYN_SEG_0503	SYN_SEG_SPK_14	SYN_SESSION_14	fricative_duration	medial	fricative		1411	1411.113219	113.219000000072	ms	ok		SYN_GENERATOR_11042026	SYNTHETIC_TEACHING_FIXTURE
REQ_SYN_SEG_0503_fricative_cog	SYN_SEG_0503	SYN_SEG_SPK_14	SYN_SESSION_14	fricative_cog	medial	fricative				4975.096	Hz	ok		SYN_GENERATOR_11042026	SYNTHETIC_TEACHING_FIXTURE
REQ_SYN_SEG_0504_fricative_duration	SYN_SEG_0504	SYN_SEG_SPK_14	SYN_SESSION_14	fricative_duration	final	fricative		1412	1412.101657	101.656999999932	ms	ok		SYN_GENERATOR_11042026	SYNTHETIC_TEACHING_FIXTURE
REQ_SYN_SEG_0504_fricative_cog	SYN_SEG_0504	SYN_SEG_SPK_14	SYN_SESSION_14	fricative_cog	final	fricative				4851.026	Hz	ok		SYN_GENERATOR_11042026	SYNTHETIC_TEACHING_FIXTURE
REQ_SYN_SEG_0505_vot	SYN_SEG_0505	SYN_SEG_SPK_15	SYN_SESSION_15	vot	initial	stop		1501.109192	1501.10323	-5.96199999995406	ms	ok		SYN_GENERATOR_11042026	SYNTHETIC_TEACHING_FIXTURE
REQ_SYN_SEG_0505_closure_duration	SYN_SEG_0505	SYN_SEG_SPK_15	SYN_SESSION_15	closure_duration	initial	stop		1501	1501.109192	109.191999999894	ms	ok		SYN_GENERATOR_11042026	SYNTHETIC_TEACHING_FIXTURE
REQ_SYN_SEG_0505_vowel_onset_f0	SYN_SEG_0505	SYN_SEG_SPK_15	SYN_SESSION_15	vowel_onset_f0	initial	stop				112.838	Hz	ok		SYN_GENERATOR_11042026	SYNTHETIC_TEACHING_FIXTURE
REQ_SYN_SEG_0506_vot	SYN_SEG_0506	SYN_SEG_SPK_15	SYN_SESSION_15	vot	medial	stop		1502.103359	1502.149432	46.0729999999785	ms	ok		SYN_GENERATOR_11042026	SYNTHETIC_TEACHING_FIXTURE
REQ_SYN_SEG_0506_closure_duration	SYN_SEG_0506	SYN_SEG_SPK_15	SYN_SESSION_15	closure_duration	medial	stop		1502	1502.103359	103.358999999955	ms	ok		SYN_GENERATOR_11042026	SYNTHETIC_TEACHING_FIXTURE
REQ_SYN_SEG_0506_vowel_onset_f0	SYN_SEG_0506	SYN_SEG_SPK_15	SYN_SESSION_15	vowel_onset_f0	medial	stop				141.43	Hz	ok		SYN_GENERATOR_11042026	SYNTHETIC_TEACHING_FIXTURE
REQ_SYN_SEG_0507_vot	SYN_SEG_0507	SYN_SEG_SPK_15	SYN_SESSION_15	vot	final	stop		1503.083162	1503.134485	51.3230000001386	ms	ok		SYN_GENERATOR_11042026	SYNTHETIC_TEACHING_FIXTURE
REQ_SYN_SEG_0507_closure_duration	SYN_SEG_0507	SYN_SEG_SPK_15	SYN_SESSION_15	closure_duration	final	stop		1503	1503.083162	83.161999999902	ms	ok		SYN_GENERATOR_11042026	SYNTHETIC_TEACHING_FIXTURE
REQ_SYN_SEG_0507_vowel_onset_f0	SYN_SEG_0507	SYN_SEG_SPK_15	SYN_SESSION_15	vowel_onset_f0	final	stop				138.819	Hz	ok		SYN_GENERATOR_11042026	SYNTHETIC_TEACHING_FIXTURE
REQ_SYN_SEG_0508_vot	SYN_SEG_0508	SYN_SEG_SPK_15	SYN_SESSION_15	vot	initial	stop		1504.077123	1504.130381	53.2579999999143	ms	ok		SYN_GENERATOR_11042026	SYNTHETIC_TEACHING_FIXTURE
REQ_SYN_SEG_0508_closure_duration	SYN_SEG_0508	SYN_SEG_SPK_15	SYN_SESSION_15	closure_duration	initial	stop		1504	1504.077123	77.1230000000287	ms	ok		SYN_GENERATOR_11042026	SYNTHETIC_TEACHING_FIXTURE
REQ_SYN_SEG_0508_vowel_onset_f0	SYN_SEG_0508	SYN_SEG_SPK_15	SYN_SESSION_15	vowel_onset_f0	initial	stop				146.029	Hz	ok		SYN_GENERATOR_11042026	SYNTHETIC_TEACHING_FIXTURE
REQ_SYN_SEG_0509_vot	SYN_SEG_0509	SYN_SEG_SPK_15	SYN_SESSION_15	vot	medial	stop		1505.045866	1505.052529	6.66300000011688	ms	ok		SYN_GENERATOR_11042026	SYNTHETIC_TEACHING_FIXTURE
REQ_SYN_SEG_0509_closure_duration	SYN_SEG_0509	SYN_SEG_SPK_15	SYN_SESSION_15	closure_duration	medial	stop		1505	1505.045866	45.8659999999327	ms	ok		SYN_GENERATOR_11042026	SYNTHETIC_TEACHING_FIXTURE
REQ_SYN_SEG_0509_vowel_onset_f0	SYN_SEG_0509	SYN_SEG_SPK_15	SYN_SESSION_15	vowel_onset_f0	medial	stop				102.486	Hz	ok		SYN_GENERATOR_11042026	SYNTHETIC_TEACHING_FIXTURE
REQ_SYN_SEG_0510_vot	SYN_SEG_0510	SYN_SEG_SPK_15	SYN_SESSION_15	vot	final	stop		1506.095989	1506.168398	72.409000000107	ms	ok		SYN_GENERATOR_11042026	SYNTHETIC_TEACHING_FIXTURE
REQ_SYN_SEG_0510_closure_duration	SYN_SEG_0510	SYN_SEG_SPK_15	SYN_SESSION_15	closure_duration	final	stop		1506	1506.095989	95.9889999999177	ms	ok		SYN_GENERATOR_11042026	SYNTHETIC_TEACHING_FIXTURE
REQ_SYN_SEG_0510_vowel_onset_f0	SYN_SEG_0510	SYN_SEG_SPK_15	SYN_SESSION_15	vowel_onset_f0	final	stop				143.975	Hz	ok		SYN_GENERATOR_11042026	SYNTHETIC_TEACHING_FIXTURE
REQ_SYN_SEG_0511_vot	SYN_SEG_0511	SYN_SEG_SPK_15	SYN_SESSION_15	vot	initial	stop		1507.109567	1507.129195	19.6280000000115	ms	ok		SYN_GENERATOR_11042026	SYNTHETIC_TEACHING_FIXTURE
REQ_SYN_SEG_0511_closure_duration	SYN_SEG_0511	SYN_SEG_SPK_15	SYN_SESSION_15	closure_duration	initial	stop		1507	1507.109567	109.56699999997	ms	ok		SYN_GENERATOR_11042026	SYNTHETIC_TEACHING_FIXTURE
REQ_SYN_SEG_0511_vowel_onset_f0	SYN_SEG_0511	SYN_SEG_SPK_15	SYN_SESSION_15	vowel_onset_f0	initial	stop				110.433	Hz	ok		SYN_GENERATOR_11042026	SYNTHETIC_TEACHING_FIXTURE
REQ_SYN_SEG_0512_vot	SYN_SEG_0512	SYN_SEG_SPK_15	SYN_SESSION_15	vot	medial	stop		1508.097759	1508.103534	5.77500000008513	ms	ok		SYN_GENERATOR_11042026	SYNTHETIC_TEACHING_FIXTURE
REQ_SYN_SEG_0512_closure_duration	SYN_SEG_0512	SYN_SEG_SPK_15	SYN_SESSION_15	closure_duration	medial	stop		1508	1508.097759	97.7589999999964	ms	ok		SYN_GENERATOR_11042026	SYNTHETIC_TEACHING_FIXTURE
REQ_SYN_SEG_0512_vowel_onset_f0	SYN_SEG_0512	SYN_SEG_SPK_15	SYN_SESSION_15	vowel_onset_f0	medial	stop				114.293	Hz	ok		SYN_GENERATOR_11042026	SYNTHETIC_TEACHING_FIXTURE
REQ_SYN_SEG_0513_vot	SYN_SEG_0513	SYN_SEG_SPK_15	SYN_SESSION_15	vot	final	stop		1509.071071	1509.053796	-17.2750000001543	ms	ok		SYN_GENERATOR_11042026	SYNTHETIC_TEACHING_FIXTURE
REQ_SYN_SEG_0513_closure_duration	SYN_SEG_0513	SYN_SEG_SPK_15	SYN_SESSION_15	closure_duration	final	stop		1509	1509.071071	71.0710000000745	ms	ok		SYN_GENERATOR_11042026	SYNTHETIC_TEACHING_FIXTURE
REQ_SYN_SEG_0513_vowel_onset_f0	SYN_SEG_0513	SYN_SEG_SPK_15	SYN_SESSION_15	vowel_onset_f0	final	stop				104.399	Hz	ok		SYN_GENERATOR_11042026	SYNTHETIC_TEACHING_FIXTURE
REQ_SYN_SEG_0514_vot	SYN_SEG_0514	SYN_SEG_SPK_15	SYN_SESSION_15	vot	initial	stop		1510.083562	1510.164834	81.271999999899	ms	ok		SYN_GENERATOR_11042026	SYNTHETIC_TEACHING_FIXTURE
REQ_SYN_SEG_0514_closure_duration	SYN_SEG_0514	SYN_SEG_SPK_15	SYN_SESSION_15	closure_duration	initial	stop		1510	1510.083562	83.562000000029	ms	ok		SYN_GENERATOR_11042026	SYNTHETIC_TEACHING_FIXTURE
REQ_SYN_SEG_0514_vowel_onset_f0	SYN_SEG_0514	SYN_SEG_SPK_15	SYN_SESSION_15	vowel_onset_f0	initial	stop				148.559	Hz	ok		SYN_GENERATOR_11042026	SYNTHETIC_TEACHING_FIXTURE
REQ_SYN_SEG_0515_vot	SYN_SEG_0515	SYN_SEG_SPK_15	SYN_SESSION_15	vot	medial	stop		1511.098359	1511.152467	54.1079999998146	ms	ok		SYN_GENERATOR_11042026	SYNTHETIC_TEACHING_FIXTURE
REQ_SYN_SEG_0515_closure_duration	SYN_SEG_0515	SYN_SEG_SPK_15	SYN_SESSION_15	closure_duration	medial	stop		1511	1511.098359	98.3590000000731	ms	ok		SYN_GENERATOR_11042026	SYNTHETIC_TEACHING_FIXTURE
REQ_SYN_SEG_0515_vowel_onset_f0	SYN_SEG_0515	SYN_SEG_SPK_15	SYN_SESSION_15	vowel_onset_f0	medial	stop				140.438	Hz	ok		SYN_GENERATOR_11042026	SYNTHETIC_TEACHING_FIXTURE
REQ_SYN_SEG_0516_vot	SYN_SEG_0516	SYN_SEG_SPK_15	SYN_SESSION_15	vot	final	stop		1512.057874	1512.131631	73.7569999998868	ms	ok		SYN_GENERATOR_11042026	SYNTHETIC_TEACHING_FIXTURE
REQ_SYN_SEG_0516_closure_duration	SYN_SEG_0516	SYN_SEG_SPK_15	SYN_SESSION_15	closure_duration	final	stop		1512	1512.057874	57.8740000000835	ms	ok		SYN_GENERATOR_11042026	SYNTHETIC_TEACHING_FIXTURE
REQ_SYN_SEG_0516_vowel_onset_f0	SYN_SEG_0516	SYN_SEG_SPK_15	SYN_SESSION_15	vowel_onset_f0	final	stop				140.514	Hz	ok		SYN_GENERATOR_11042026	SYNTHETIC_TEACHING_FIXTURE
REQ_SYN_SEG_0517_vowel_duration	SYN_SEG_0517	SYN_SEG_SPK_15	SYN_SESSION_15	vowel_duration	initial	vowel	i	1501	1501.168153	168.153000000075	ms	ok		SYN_GENERATOR_11042026	SYNTHETIC_TEACHING_FIXTURE
REQ_SYN_SEG_0517_f1	SYN_SEG_0517	SYN_SEG_SPK_15	SYN_SESSION_15	f1	initial	vowel	i			314.692	Hz	ok		SYN_GENERATOR_11042026	SYNTHETIC_TEACHING_FIXTURE
REQ_SYN_SEG_0517_f2	SYN_SEG_0517	SYN_SEG_SPK_15	SYN_SESSION_15	f2	initial	vowel	i			2475.755	Hz	ok		SYN_GENERATOR_11042026	SYNTHETIC_TEACHING_FIXTURE
REQ_SYN_SEG_0517_f3	SYN_SEG_0517	SYN_SEG_SPK_15	SYN_SESSION_15	f3	initial	vowel	i			3107.221	Hz	ok		SYN_GENERATOR_11042026	SYNTHETIC_TEACHING_FIXTURE
REQ_SYN_SEG_0518_vowel_duration	SYN_SEG_0518	SYN_SEG_SPK_15	SYN_SESSION_15	vowel_duration	medial	vowel	a	1502	1502.198898	198.898000000099	ms	ok		SYN_GENERATOR_11042026	SYNTHETIC_TEACHING_FIXTURE
REQ_SYN_SEG_0518_f1	SYN_SEG_0518	SYN_SEG_SPK_15	SYN_SESSION_15	f1	medial	vowel	a			769.218	Hz	ok		SYN_GENERATOR_11042026	SYNTHETIC_TEACHING_FIXTURE
REQ_SYN_SEG_0518_f2	SYN_SEG_0518	SYN_SEG_SPK_15	SYN_SESSION_15	f2	medial	vowel	a			1219.085	Hz	ok		SYN_GENERATOR_11042026	SYNTHETIC_TEACHING_FIXTURE
REQ_SYN_SEG_0518_f3	SYN_SEG_0518	SYN_SEG_SPK_15	SYN_SESSION_15	f3	medial	vowel	a			2556.42	Hz	ok		SYN_GENERATOR_11042026	SYNTHETIC_TEACHING_FIXTURE
REQ_SYN_SEG_0519_vowel_duration	SYN_SEG_0519	SYN_SEG_SPK_15	SYN_SESSION_15	vowel_duration	final	vowel	u	1503	1503.134791	134.79099999995	ms	ok		SYN_GENERATOR_11042026	SYNTHETIC_TEACHING_FIXTURE
REQ_SYN_SEG_0519_f1	SYN_SEG_0519	SYN_SEG_SPK_15	SYN_SESSION_15	f1	final	vowel	u			377.026	Hz	ok		SYN_GENERATOR_11042026	SYNTHETIC_TEACHING_FIXTURE
REQ_SYN_SEG_0519_f2	SYN_SEG_0519	SYN_SEG_SPK_15	SYN_SESSION_15	f2	final	vowel	u			922.073	Hz	ok		SYN_GENERATOR_11042026	SYNTHETIC_TEACHING_FIXTURE
REQ_SYN_SEG_0519_f3	SYN_SEG_0519	SYN_SEG_SPK_15	SYN_SESSION_15	f3	final	vowel	u			2186.035	Hz	ok		SYN_GENERATOR_11042026	SYNTHETIC_TEACHING_FIXTURE
REQ_SYN_SEG_0520_vowel_duration	SYN_SEG_0520	SYN_SEG_SPK_15	SYN_SESSION_15	vowel_duration	initial	vowel	i	1504	1504.175444	175.44399999997	ms	ok		SYN_GENERATOR_11042026	SYNTHETIC_TEACHING_FIXTURE
REQ_SYN_SEG_0520_f1	SYN_SEG_0520	SYN_SEG_SPK_15	SYN_SESSION_15	f1	initial	vowel	i			285.108	Hz	ok		SYN_GENERATOR_11042026	SYNTHETIC_TEACHING_FIXTURE
REQ_SYN_SEG_0520_f2	SYN_SEG_0520	SYN_SEG_SPK_15	SYN_SESSION_15	f2	initial	vowel	i			2437.57	Hz	ok		SYN_GENERATOR_11042026	SYNTHETIC_TEACHING_FIXTURE
REQ_SYN_SEG_0520_f3	SYN_SEG_0520	SYN_SEG_SPK_15	SYN_SESSION_15	f3	initial	vowel	i			3136.384	Hz	ok		SYN_GENERATOR_11042026	SYNTHETIC_TEACHING_FIXTURE
REQ_SYN_SEG_0521_vowel_duration	SYN_SEG_0521	SYN_SEG_SPK_15	SYN_SESSION_15	vowel_duration	medial	vowel	a	1505	1505.217028	217.028000000028	ms	ok		SYN_GENERATOR_11042026	SYNTHETIC_TEACHING_FIXTURE
REQ_SYN_SEG_0521_f1	SYN_SEG_0521	SYN_SEG_SPK_15	SYN_SESSION_15	f1	medial	vowel	a			773.623	Hz	ok		SYN_GENERATOR_11042026	SYNTHETIC_TEACHING_FIXTURE
REQ_SYN_SEG_0521_f2	SYN_SEG_0521	SYN_SEG_SPK_15	SYN_SESSION_15	f2	medial	vowel	a			1299.028	Hz	ok		SYN_GENERATOR_11042026	SYNTHETIC_TEACHING_FIXTURE
REQ_SYN_SEG_0521_f3	SYN_SEG_0521	SYN_SEG_SPK_15	SYN_SESSION_15	f3	medial	vowel	a			2501.316	Hz	ok		SYN_GENERATOR_11042026	SYNTHETIC_TEACHING_FIXTURE
REQ_SYN_SEG_0522_vowel_duration	SYN_SEG_0522	SYN_SEG_SPK_15	SYN_SESSION_15	vowel_duration	final	vowel	u	1506	1506.128859	128.85899999992	ms	ok		SYN_GENERATOR_11042026	SYNTHETIC_TEACHING_FIXTURE
REQ_SYN_SEG_0522_f1	SYN_SEG_0522	SYN_SEG_SPK_15	SYN_SESSION_15	f1	final	vowel	u			329.659	Hz	ok		SYN_GENERATOR_11042026	SYNTHETIC_TEACHING_FIXTURE
REQ_SYN_SEG_0522_f2	SYN_SEG_0522	SYN_SEG_SPK_15	SYN_SESSION_15	f2	final	vowel	u			896.273	Hz	ok		SYN_GENERATOR_11042026	SYNTHETIC_TEACHING_FIXTURE
REQ_SYN_SEG_0522_f3	SYN_SEG_0522	SYN_SEG_SPK_15	SYN_SESSION_15	f3	final	vowel	u			2305.257	Hz	ok		SYN_GENERATOR_11042026	SYNTHETIC_TEACHING_FIXTURE
REQ_SYN_SEG_0523_vowel_duration	SYN_SEG_0523	SYN_SEG_SPK_15	SYN_SESSION_15	vowel_duration	initial	vowel	i	1507	1507.116299	116.299000000026	ms	ok		SYN_GENERATOR_11042026	SYNTHETIC_TEACHING_FIXTURE
REQ_SYN_SEG_0523_f1	SYN_SEG_0523	SYN_SEG_SPK_15	SYN_SESSION_15	f1	initial	vowel	i			310.149	Hz	ok		SYN_GENERATOR_11042026	SYNTHETIC_TEACHING_FIXTURE
REQ_SYN_SEG_0523_f2	SYN_SEG_0523	SYN_SEG_SPK_15	SYN_SESSION_15	f2	initial	vowel	i			2392.096	Hz	ok		SYN_GENERATOR_11042026	SYNTHETIC_TEACHING_FIXTURE
REQ_SYN_SEG_0523_f3	SYN_SEG_0523	SYN_SEG_SPK_15	SYN_SESSION_15	f3	initial	vowel	i			3221.531	Hz	ok		SYN_GENERATOR_11042026	SYNTHETIC_TEACHING_FIXTURE
REQ_SYN_SEG_0524_vowel_duration	SYN_SEG_0524	SYN_SEG_SPK_15	SYN_SESSION_15	vowel_duration	medial	vowel	a	1508	1508.108787	108.786999999893	ms	ok		SYN_GENERATOR_11042026	SYNTHETIC_TEACHING_FIXTURE
REQ_SYN_SEG_0524_f1	SYN_SEG_0524	SYN_SEG_SPK_15	SYN_SESSION_15	f1	medial	vowel	a			810.117	Hz	ok		SYN_GENERATOR_11042026	SYNTHETIC_TEACHING_FIXTURE
REQ_SYN_SEG_0524_f2	SYN_SEG_0524	SYN_SEG_SPK_15	SYN_SESSION_15	f2	medial	vowel	a			1253.888	Hz	ok		SYN_GENERATOR_11042026	SYNTHETIC_TEACHING_FIXTURE
REQ_SYN_SEG_0524_f3	SYN_SEG_0524	SYN_SEG_SPK_15	SYN_SESSION_15	f3	medial	vowel	a			2550.57	Hz	ok		SYN_GENERATOR_11042026	SYNTHETIC_TEACHING_FIXTURE
REQ_SYN_SEG_0525_vowel_duration	SYN_SEG_0525	SYN_SEG_SPK_15	SYN_SESSION_15	vowel_duration	final	vowel	u	1509	1509.092903	92.9029999999784	ms	ok		SYN_GENERATOR_11042026	SYNTHETIC_TEACHING_FIXTURE
REQ_SYN_SEG_0525_f1	SYN_SEG_0525	SYN_SEG_SPK_15	SYN_SESSION_15	f1	final	vowel	u			373.843	Hz	ok		SYN_GENERATOR_11042026	SYNTHETIC_TEACHING_FIXTURE
REQ_SYN_SEG_0525_f2	SYN_SEG_0525	SYN_SEG_SPK_15	SYN_SESSION_15	f2	final	vowel	u			946.39	Hz	ok		SYN_GENERATOR_11042026	SYNTHETIC_TEACHING_FIXTURE
REQ_SYN_SEG_0525_f3	SYN_SEG_0525	SYN_SEG_SPK_15	SYN_SESSION_15	f3	final	vowel	u			2180.811	Hz	ok		SYN_GENERATOR_11042026	SYNTHETIC_TEACHING_FIXTURE
REQ_SYN_SEG_0526_vowel_duration	SYN_SEG_0526	SYN_SEG_SPK_15	SYN_SESSION_15	vowel_duration	initial	vowel	i	1510	1510.081674	81.6740000000209	ms	ok		SYN_GENERATOR_11042026	SYNTHETIC_TEACHING_FIXTURE
REQ_SYN_SEG_0526_f1	SYN_SEG_0526	SYN_SEG_SPK_15	SYN_SESSION_15	f1	initial	vowel	i			297.038	Hz	ok		SYN_GENERATOR_11042026	SYNTHETIC_TEACHING_FIXTURE
REQ_SYN_SEG_0526_f2	SYN_SEG_0526	SYN_SEG_SPK_15	SYN_SESSION_15	f2	initial	vowel	i			2354.605	Hz	ok		SYN_GENERATOR_11042026	SYNTHETIC_TEACHING_FIXTURE
REQ_SYN_SEG_0526_f3	SYN_SEG_0526	SYN_SEG_SPK_15	SYN_SESSION_15	f3	initial	vowel	i			3130.089	Hz	ok		SYN_GENERATOR_11042026	SYNTHETIC_TEACHING_FIXTURE
REQ_SYN_SEG_0527_vowel_duration	SYN_SEG_0527	SYN_SEG_SPK_15	SYN_SESSION_15	vowel_duration	medial	vowel	a	1511	1511.151733	151.732999999922	ms	ok		SYN_GENERATOR_11042026	SYNTHETIC_TEACHING_FIXTURE
REQ_SYN_SEG_0527_f1	SYN_SEG_0527	SYN_SEG_SPK_15	SYN_SESSION_15	f1	medial	vowel	a			777.989	Hz	ok		SYN_GENERATOR_11042026	SYNTHETIC_TEACHING_FIXTURE
REQ_SYN_SEG_0527_f2	SYN_SEG_0527	SYN_SEG_SPK_15	SYN_SESSION_15	f2	medial	vowel	a			1297.709	Hz	ok		SYN_GENERATOR_11042026	SYNTHETIC_TEACHING_FIXTURE
REQ_SYN_SEG_0527_f3	SYN_SEG_0527	SYN_SEG_SPK_15	SYN_SESSION_15	f3	medial	vowel	a			2530.388	Hz	ok		SYN_GENERATOR_11042026	SYNTHETIC_TEACHING_FIXTURE
REQ_SYN_SEG_0528_vowel_duration	SYN_SEG_0528	SYN_SEG_SPK_15	SYN_SESSION_15	vowel_duration	final	vowel	u	1512	1512.170477	170.476999999892	ms	ok		SYN_GENERATOR_11042026	SYNTHETIC_TEACHING_FIXTURE
REQ_SYN_SEG_0528_f1	SYN_SEG_0528	SYN_SEG_SPK_15	SYN_SESSION_15	f1	final	vowel	u			363.711	Hz	ok		SYN_GENERATOR_11042026	SYNTHETIC_TEACHING_FIXTURE
REQ_SYN_SEG_0528_f2	SYN_SEG_0528	SYN_SEG_SPK_15	SYN_SESSION_15	f2	final	vowel	u			963.059	Hz	ok		SYN_GENERATOR_11042026	SYNTHETIC_TEACHING_FIXTURE
REQ_SYN_SEG_0528_f3	SYN_SEG_0528	SYN_SEG_SPK_15	SYN_SESSION_15	f3	final	vowel	u			2293.968	Hz	ok		SYN_GENERATOR_11042026	SYNTHETIC_TEACHING_FIXTURE
REQ_SYN_SEG_0529_fricative_duration	SYN_SEG_0529	SYN_SEG_SPK_15	SYN_SESSION_15	fricative_duration	initial	fricative		1501	1501.083478	83.4780000000137	ms	ok		SYN_GENERATOR_11042026	SYNTHETIC_TEACHING_FIXTURE
REQ_SYN_SEG_0529_fricative_cog	SYN_SEG_0529	SYN_SEG_SPK_15	SYN_SESSION_15	fricative_cog	initial	fricative				6524.489	Hz	ok		SYN_GENERATOR_11042026	SYNTHETIC_TEACHING_FIXTURE
REQ_SYN_SEG_0530_fricative_duration	SYN_SEG_0530	SYN_SEG_SPK_15	SYN_SESSION_15	fricative_duration	medial	fricative		1502	1502.09722	97.2200000001067	ms	ok		SYN_GENERATOR_11042026	SYNTHETIC_TEACHING_FIXTURE
REQ_SYN_SEG_0530_fricative_cog	SYN_SEG_0530	SYN_SEG_SPK_15	SYN_SESSION_15	fricative_cog	medial	fricative				4961.336	Hz	ok		SYN_GENERATOR_11042026	SYNTHETIC_TEACHING_FIXTURE
REQ_SYN_SEG_0531_fricative_duration	SYN_SEG_0531	SYN_SEG_SPK_15	SYN_SESSION_15	fricative_duration	final	fricative		1503	1503.102337	102.337000000034	ms	ok		SYN_GENERATOR_11042026	SYNTHETIC_TEACHING_FIXTURE
REQ_SYN_SEG_0531_fricative_cog	SYN_SEG_0531	SYN_SEG_SPK_15	SYN_SESSION_15	fricative_cog	final	fricative				5116.662	Hz	ok		SYN_GENERATOR_11042026	SYNTHETIC_TEACHING_FIXTURE
REQ_SYN_SEG_0532_fricative_duration	SYN_SEG_0532	SYN_SEG_SPK_15	SYN_SESSION_15	fricative_duration	initial	fricative		1504	1504.118467	118.46700000001	ms	ok		SYN_GENERATOR_11042026	SYNTHETIC_TEACHING_FIXTURE
REQ_SYN_SEG_0532_fricative_cog	SYN_SEG_0532	SYN_SEG_SPK_15	SYN_SESSION_15	fricative_cog	initial	fricative				6284.21	Hz	ok		SYN_GENERATOR_11042026	SYNTHETIC_TEACHING_FIXTURE
REQ_SYN_SEG_0533_fricative_duration	SYN_SEG_0533	SYN_SEG_SPK_15	SYN_SESSION_15	fricative_duration	medial	fricative		1505	1505.088553	88.5530000000472	ms	ok		SYN_GENERATOR_11042026	SYNTHETIC_TEACHING_FIXTURE
REQ_SYN_SEG_0533_fricative_cog	SYN_SEG_0533	SYN_SEG_SPK_15	SYN_SESSION_15	fricative_cog	medial	fricative				4754.294	Hz	ok		SYN_GENERATOR_11042026	SYNTHETIC_TEACHING_FIXTURE
REQ_SYN_SEG_0534_fricative_duration	SYN_SEG_0534	SYN_SEG_SPK_15	SYN_SESSION_15	fricative_duration	final	fricative		1506	1506.081809	81.8090000000211	ms	ok		SYN_GENERATOR_11042026	SYNTHETIC_TEACHING_FIXTURE
REQ_SYN_SEG_0534_fricative_cog	SYN_SEG_0534	SYN_SEG_SPK_15	SYN_SESSION_15	fricative_cog	final	fricative				5364.886	Hz	ok		SYN_GENERATOR_11042026	SYNTHETIC_TEACHING_FIXTURE
REQ_SYN_SEG_0535_fricative_duration	SYN_SEG_0535	SYN_SEG_SPK_15	SYN_SESSION_15	fricative_duration	initial	fricative		1507	1507.088549	88.5490000000573	ms	ok		SYN_GENERATOR_11042026	SYNTHETIC_TEACHING_FIXTURE
REQ_SYN_SEG_0535_fricative_cog	SYN_SEG_0535	SYN_SEG_SPK_15	SYN_SESSION_15	fricative_cog	initial	fricative				6788.625	Hz	ok		SYN_GENERATOR_11042026	SYNTHETIC_TEACHING_FIXTURE
REQ_SYN_SEG_0536_fricative_duration	SYN_SEG_0536	SYN_SEG_SPK_15	SYN_SESSION_15	fricative_duration	medial	fricative		1508	1508.174094	174.093999999968	ms	ok		SYN_GENERATOR_11042026	SYNTHETIC_TEACHING_FIXTURE
REQ_SYN_SEG_0536_fricative_cog	SYN_SEG_0536	SYN_SEG_SPK_15	SYN_SESSION_15	fricative_cog	medial	fricative				5129.561	Hz	ok		SYN_GENERATOR_11042026	SYNTHETIC_TEACHING_FIXTURE
REQ_SYN_SEG_0537_fricative_duration	SYN_SEG_0537	SYN_SEG_SPK_15	SYN_SESSION_15	fricative_duration	final	fricative		1509	1509.14583	145.829999999933	ms	ok		SYN_GENERATOR_11042026	SYNTHETIC_TEACHING_FIXTURE
REQ_SYN_SEG_0537_fricative_cog	SYN_SEG_0537	SYN_SEG_SPK_15	SYN_SESSION_15	fricative_cog	final	fricative				5070.562	Hz	ok		SYN_GENERATOR_11042026	SYNTHETIC_TEACHING_FIXTURE
REQ_SYN_SEG_0538_fricative_duration	SYN_SEG_0538	SYN_SEG_SPK_15	SYN_SESSION_15	fricative_duration	initial	fricative		1510	1510.12039	120.390000000043	ms	ok		SYN_GENERATOR_11042026	SYNTHETIC_TEACHING_FIXTURE
REQ_SYN_SEG_0538_fricative_cog	SYN_SEG_0538	SYN_SEG_SPK_15	SYN_SESSION_15	fricative_cog	initial	fricative				6021.235	Hz	ok		SYN_GENERATOR_11042026	SYNTHETIC_TEACHING_FIXTURE
REQ_SYN_SEG_0539_fricative_duration	SYN_SEG_0539	SYN_SEG_SPK_15	SYN_SESSION_15	fricative_duration	medial	fricative		1511	1511.174925	174.92500000003	ms	ok		SYN_GENERATOR_11042026	SYNTHETIC_TEACHING_FIXTURE
REQ_SYN_SEG_0539_fricative_cog	SYN_SEG_0539	SYN_SEG_SPK_15	SYN_SESSION_15	fricative_cog	medial	fricative				4568.122	Hz	ok		SYN_GENERATOR_11042026	SYNTHETIC_TEACHING_FIXTURE
REQ_SYN_SEG_0540_fricative_duration	SYN_SEG_0540	SYN_SEG_SPK_15	SYN_SESSION_15	fricative_duration	final	fricative		1512	1512.127125	127.124999999978	ms	ok		SYN_GENERATOR_11042026	SYNTHETIC_TEACHING_FIXTURE
REQ_SYN_SEG_0540_fricative_cog	SYN_SEG_0540	SYN_SEG_SPK_15	SYN_SESSION_15	fricative_cog	final	fricative				5259.22	Hz	ok		SYN_GENERATOR_11042026	SYNTHETIC_TEACHING_FIXTURE
REQ_SYN_SEG_0541_vot	SYN_SEG_0541	SYN_SEG_SPK_16	SYN_SESSION_16	vot	initial	stop		1601.069728	1601.089543	19.8150000001078	ms	ok		SYN_GENERATOR_11042026	SYNTHETIC_TEACHING_FIXTURE
REQ_SYN_SEG_0541_closure_duration	SYN_SEG_0541	SYN_SEG_SPK_16	SYN_SESSION_16	closure_duration	initial	stop		1601	1601.069728	69.727999999941	ms	ok		SYN_GENERATOR_11042026	SYNTHETIC_TEACHING_FIXTURE
REQ_SYN_SEG_0541_vowel_onset_f0	SYN_SEG_0541	SYN_SEG_SPK_16	SYN_SESSION_16	vowel_onset_f0	initial	stop				132.269	Hz	ok		SYN_GENERATOR_11042026	SYNTHETIC_TEACHING_FIXTURE
REQ_SYN_SEG_0542_vot	SYN_SEG_0542	SYN_SEG_SPK_16	SYN_SESSION_16	vot	medial	stop		1602.059124	1602.065322	6.19799999981296	ms	ok		SYN_GENERATOR_11042026	SYNTHETIC_TEACHING_FIXTURE
REQ_SYN_SEG_0542_closure_duration	SYN_SEG_0542	SYN_SEG_SPK_16	SYN_SESSION_16	closure_duration	medial	stop		1602	1602.059124	59.1240000001108	ms	ok		SYN_GENERATOR_11042026	SYNTHETIC_TEACHING_FIXTURE
REQ_SYN_SEG_0542_vowel_onset_f0	SYN_SEG_0542	SYN_SEG_SPK_16	SYN_SESSION_16	vowel_onset_f0	medial	stop				118.284	Hz	ok		SYN_GENERATOR_11042026	SYNTHETIC_TEACHING_FIXTURE
REQ_SYN_SEG_0543_vot	SYN_SEG_0543	SYN_SEG_SPK_16	SYN_SESSION_16	vot	final	stop		1603.071694	1603.122598	50.9039999999459	ms	ok		SYN_GENERATOR_11042026	SYNTHETIC_TEACHING_FIXTURE
REQ_SYN_SEG_0543_closure_duration	SYN_SEG_0543	SYN_SEG_SPK_16	SYN_SESSION_16	closure_duration	final	stop		1603	1603.071694	71.6939999999795	ms	ok		SYN_GENERATOR_11042026	SYNTHETIC_TEACHING_FIXTURE
REQ_SYN_SEG_0543_vowel_onset_f0	SYN_SEG_0543	SYN_SEG_SPK_16	SYN_SESSION_16	vowel_onset_f0	final	stop				147.538	Hz	ok		SYN_GENERATOR_11042026	SYNTHETIC_TEACHING_FIXTURE
REQ_SYN_SEG_0544_vot	SYN_SEG_0544	SYN_SEG_SPK_16	SYN_SESSION_16	vot	initial	stop		1604.056351	1604.137604	81.2530000000606	ms	ok		SYN_GENERATOR_11042026	SYNTHETIC_TEACHING_FIXTURE
REQ_SYN_SEG_0544_closure_duration	SYN_SEG_0544	SYN_SEG_SPK_16	SYN_SESSION_16	closure_duration	initial	stop		1604	1604.056351	56.3509999999496	ms	ok		SYN_GENERATOR_11042026	SYNTHETIC_TEACHING_FIXTURE
REQ_SYN_SEG_0544_vowel_onset_f0	SYN_SEG_0544	SYN_SEG_SPK_16	SYN_SESSION_16	vowel_onset_f0	initial	stop				154.75	Hz	ok		SYN_GENERATOR_11042026	SYNTHETIC_TEACHING_FIXTURE
REQ_SYN_SEG_0545_vot	SYN_SEG_0545	SYN_SEG_SPK_16	SYN_SESSION_16	vot	medial	stop		1605.059787	1605.118633	58.8460000001305	ms	ok		SYN_GENERATOR_11042026	SYNTHETIC_TEACHING_FIXTURE
REQ_SYN_SEG_0545_closure_duration	SYN_SEG_0545	SYN_SEG_SPK_16	SYN_SESSION_16	closure_duration	medial	stop		1605	1605.059787	59.7869999999148	ms	ok		SYN_GENERATOR_11042026	SYNTHETIC_TEACHING_FIXTURE
REQ_SYN_SEG_0545_vowel_onset_f0	SYN_SEG_0545	SYN_SEG_SPK_16	SYN_SESSION_16	vowel_onset_f0	medial	stop				153.238	Hz	ok		SYN_GENERATOR_11042026	SYNTHETIC_TEACHING_FIXTURE
REQ_SYN_SEG_0546_vot	SYN_SEG_0546	SYN_SEG_SPK_16	SYN_SESSION_16	vot	final	stop		1606.053997	1606.102492	48.4950000000026	ms	ok		SYN_GENERATOR_11042026	SYNTHETIC_TEACHING_FIXTURE
REQ_SYN_SEG_0546_closure_duration	SYN_SEG_0546	SYN_SEG_SPK_16	SYN_SESSION_16	closure_duration	final	stop		1606	1606.053997	53.9969999999812	ms	ok		SYN_GENERATOR_11042026	SYNTHETIC_TEACHING_FIXTURE
REQ_SYN_SEG_0546_vowel_onset_f0	SYN_SEG_0546	SYN_SEG_SPK_16	SYN_SESSION_16	vowel_onset_f0	final	stop				144.645	Hz	ok		SYN_GENERATOR_11042026	SYNTHETIC_TEACHING_FIXTURE
REQ_SYN_SEG_0547_vot	SYN_SEG_0547	SYN_SEG_SPK_16	SYN_SESSION_16	vot	initial	stop		1607.089351	1607.088458	-0.893000000132815	ms	ok		SYN_GENERATOR_11042026	SYNTHETIC_TEACHING_FIXTURE
REQ_SYN_SEG_0547_closure_duration	SYN_SEG_0547	SYN_SEG_SPK_16	SYN_SESSION_16	closure_duration	initial	stop		1607	1607.089351	89.3510000000788	ms	ok		SYN_GENERATOR_11042026	SYNTHETIC_TEACHING_FIXTURE
REQ_SYN_SEG_0547_vowel_onset_f0	SYN_SEG_0547	SYN_SEG_SPK_16	SYN_SESSION_16	vowel_onset_f0	initial	stop				121.16	Hz	ok		SYN_GENERATOR_11042026	SYNTHETIC_TEACHING_FIXTURE
REQ_SYN_SEG_0548_vot	SYN_SEG_0548	SYN_SEG_SPK_16	SYN_SESSION_16	vot	medial	stop		1608.073565	1608.060483	-13.0819999999403	ms	ok		SYN_GENERATOR_11042026	SYNTHETIC_TEACHING_FIXTURE
REQ_SYN_SEG_0548_closure_duration	SYN_SEG_0548	SYN_SEG_SPK_16	SYN_SESSION_16	closure_duration	medial	stop		1608	1608.073565	73.5649999999168	ms	ok		SYN_GENERATOR_11042026	SYNTHETIC_TEACHING_FIXTURE
REQ_SYN_SEG_0548_vowel_onset_f0	SYN_SEG_0548	SYN_SEG_SPK_16	SYN_SESSION_16	vowel_onset_f0	medial	stop				112.985	Hz	ok		SYN_GENERATOR_11042026	SYNTHETIC_TEACHING_FIXTURE
REQ_SYN_SEG_0549_vot	SYN_SEG_0549	SYN_SEG_SPK_16	SYN_SESSION_16	vot	final	stop		1609.047576	1609.116457	68.8810000001467	ms	ok		SYN_GENERATOR_11042026	SYNTHETIC_TEACHING_FIXTURE
REQ_SYN_SEG_0549_closure_duration	SYN_SEG_0549	SYN_SEG_SPK_16	SYN_SESSION_16	closure_duration	final	stop		1609	1609.047576	47.5759999999354	ms	ok		SYN_GENERATOR_11042026	SYNTHETIC_TEACHING_FIXTURE
REQ_SYN_SEG_0549_vowel_onset_f0	SYN_SEG_0549	SYN_SEG_SPK_16	SYN_SESSION_16	vowel_onset_f0	final	stop				151.027	Hz	ok		SYN_GENERATOR_11042026	SYNTHETIC_TEACHING_FIXTURE
REQ_SYN_SEG_0550_vot	SYN_SEG_0550	SYN_SEG_SPK_16	SYN_SESSION_16	vot	initial	stop		1610.048826	1610.121833	73.0069999999614	ms	ok		SYN_GENERATOR_11042026	SYNTHETIC_TEACHING_FIXTURE
REQ_SYN_SEG_0550_closure_duration	SYN_SEG_0550	SYN_SEG_SPK_16	SYN_SESSION_16	closure_duration	initial	stop		1610	1610.048826	48.8259999999627	ms	ok		SYN_GENERATOR_11042026	SYNTHETIC_TEACHING_FIXTURE
REQ_SYN_SEG_0550_vowel_onset_f0	SYN_SEG_0550	SYN_SEG_SPK_16	SYN_SESSION_16	vowel_onset_f0	initial	stop				154.9	Hz	ok		SYN_GENERATOR_11042026	SYNTHETIC_TEACHING_FIXTURE
REQ_SYN_SEG_0551_vot	SYN_SEG_0551	SYN_SEG_SPK_16	SYN_SESSION_16	vot	medial	stop		1611.100964	1611.085974	-14.9899999998979	ms	ok		SYN_GENERATOR_11042026	SYNTHETIC_TEACHING_FIXTURE
REQ_SYN_SEG_0551_closure_duration	SYN_SEG_0551	SYN_SEG_SPK_16	SYN_SESSION_16	closure_duration	medial	stop		1611	1611.100964	100.963999999976	ms	ok		SYN_GENERATOR_11042026	SYNTHETIC_TEACHING_FIXTURE
REQ_SYN_SEG_0551_vowel_onset_f0	SYN_SEG_0551	SYN_SEG_SPK_16	SYN_SESSION_16	vowel_onset_f0	medial	stop				121.371	Hz	ok		SYN_GENERATOR_11042026	SYNTHETIC_TEACHING_FIXTURE
REQ_SYN_SEG_0552_vot	SYN_SEG_0552	SYN_SEG_SPK_16	SYN_SESSION_16	vot	final	stop		1612.070149	1612.123117	52.9680000001918	ms	ok		SYN_GENERATOR_11042026	SYNTHETIC_TEACHING_FIXTURE
REQ_SYN_SEG_0552_closure_duration	SYN_SEG_0552	SYN_SEG_SPK_16	SYN_SESSION_16	closure_duration	final	stop		1612	1612.070149	70.1489999999012	ms	ok		SYN_GENERATOR_11042026	SYNTHETIC_TEACHING_FIXTURE
REQ_SYN_SEG_0552_vowel_onset_f0	SYN_SEG_0552	SYN_SEG_SPK_16	SYN_SESSION_16	vowel_onset_f0	final	stop				149.684	Hz	ok		SYN_GENERATOR_11042026	SYNTHETIC_TEACHING_FIXTURE
REQ_SYN_SEG_0553_vowel_duration	SYN_SEG_0553	SYN_SEG_SPK_16	SYN_SESSION_16	vowel_duration	initial	vowel	i	1601	1601.138121	138.120999999956	ms	ok		SYN_GENERATOR_11042026	SYNTHETIC_TEACHING_FIXTURE
REQ_SYN_SEG_0553_f1	SYN_SEG_0553	SYN_SEG_SPK_16	SYN_SESSION_16	f1	initial	vowel	i			270.997	Hz	ok		SYN_GENERATOR_11042026	SYNTHETIC_TEACHING_FIXTURE
REQ_SYN_SEG_0553_f2	SYN_SEG_0553	SYN_SEG_SPK_16	SYN_SESSION_16	f2	initial	vowel	i			2018.972	Hz	ok		SYN_GENERATOR_11042026	SYNTHETIC_TEACHING_FIXTURE
REQ_SYN_SEG_0553_f3	SYN_SEG_0553	SYN_SEG_SPK_16	SYN_SESSION_16	f3	initial	vowel	i			2727.084	Hz	ok		SYN_GENERATOR_11042026	SYNTHETIC_TEACHING_FIXTURE
REQ_SYN_SEG_0554_vowel_duration	SYN_SEG_0554	SYN_SEG_SPK_16	SYN_SESSION_16	vowel_duration	medial	vowel	a	1602	1602.207604	207.603999999947	ms	ok		SYN_GENERATOR_11042026	SYNTHETIC_TEACHING_FIXTURE
REQ_SYN_SEG_0554_f1	SYN_SEG_0554	SYN_SEG_SPK_16	SYN_SESSION_16	f1	medial	vowel	a			722.622	Hz	ok		SYN_GENERATOR_11042026	SYNTHETIC_TEACHING_FIXTURE
REQ_SYN_SEG_0554_f2	SYN_SEG_0554	SYN_SEG_SPK_16	SYN_SESSION_16	f2	medial	vowel	a			1118.767	Hz	ok		SYN_GENERATOR_11042026	SYNTHETIC_TEACHING_FIXTURE
REQ_SYN_SEG_0554_f3	SYN_SEG_0554	SYN_SEG_SPK_16	SYN_SESSION_16	f3	medial	vowel	a			2267.908	Hz	ok		SYN_GENERATOR_11042026	SYNTHETIC_TEACHING_FIXTURE
REQ_SYN_SEG_0555_vowel_duration	SYN_SEG_0555	SYN_SEG_SPK_16	SYN_SESSION_16	vowel_duration	final	vowel	u	1603	1603.181766	181.765999999925	ms	ok		SYN_GENERATOR_11042026	SYNTHETIC_TEACHING_FIXTURE
REQ_SYN_SEG_0555_f1	SYN_SEG_0555	SYN_SEG_SPK_16	SYN_SESSION_16	f1	final	vowel	u			294.306	Hz	ok		SYN_GENERATOR_11042026	SYNTHETIC_TEACHING_FIXTURE
REQ_SYN_SEG_0555_f2	SYN_SEG_0555	SYN_SEG_SPK_16	SYN_SESSION_16	f2	final	vowel	u			864.021	Hz	ok		SYN_GENERATOR_11042026	SYNTHETIC_TEACHING_FIXTURE
REQ_SYN_SEG_0555_f3	SYN_SEG_0555	SYN_SEG_SPK_16	SYN_SESSION_16	f3	final	vowel	u			2015.983	Hz	ok		SYN_GENERATOR_11042026	SYNTHETIC_TEACHING_FIXTURE
REQ_SYN_SEG_0556_vowel_duration	SYN_SEG_0556	SYN_SEG_SPK_16	SYN_SESSION_16	vowel_duration	initial	vowel	i	1604	1604.174229	174.228999999968	ms	ok		SYN_GENERATOR_11042026	SYNTHETIC_TEACHING_FIXTURE
REQ_SYN_SEG_0556_f1	SYN_SEG_0556	SYN_SEG_SPK_16	SYN_SESSION_16	f1	initial	vowel	i			239.9	Hz	ok		SYN_GENERATOR_11042026	SYNTHETIC_TEACHING_FIXTURE
REQ_SYN_SEG_0556_f2	SYN_SEG_0556	SYN_SEG_SPK_16	SYN_SESSION_16	f2	initial	vowel	i			2067.945	Hz	ok		SYN_GENERATOR_11042026	SYNTHETIC_TEACHING_FIXTURE
REQ_SYN_SEG_0556_f3	SYN_SEG_0556	SYN_SEG_SPK_16	SYN_SESSION_16	f3	initial	vowel	i			2732.837	Hz	ok		SYN_GENERATOR_11042026	SYNTHETIC_TEACHING_FIXTURE
REQ_SYN_SEG_0557_vowel_duration	SYN_SEG_0557	SYN_SEG_SPK_16	SYN_SESSION_16	vowel_duration	medial	vowel	a	1605	1605.183124	183.123999999907	ms	ok		SYN_GENERATOR_11042026	SYNTHETIC_TEACHING_FIXTURE
REQ_SYN_SEG_0557_f1	SYN_SEG_0557	SYN_SEG_SPK_16	SYN_SESSION_16	f1	medial	vowel	a			702.462	Hz	ok		SYN_GENERATOR_11042026	SYNTHETIC_TEACHING_FIXTURE
REQ_SYN_SEG_0557_f2	SYN_SEG_0557	SYN_SEG_SPK_16	SYN_SESSION_16	f2	medial	vowel	a			1120.319	Hz	ok		SYN_GENERATOR_11042026	SYNTHETIC_TEACHING_FIXTURE
REQ_SYN_SEG_0557_f3	SYN_SEG_0557	SYN_SEG_SPK_16	SYN_SESSION_16	f3	medial	vowel	a			2318.784	Hz	ok		SYN_GENERATOR_11042026	SYNTHETIC_TEACHING_FIXTURE
REQ_SYN_SEG_0558_vowel_duration	SYN_SEG_0558	SYN_SEG_SPK_16	SYN_SESSION_16	vowel_duration	final	vowel	u	1606	1606.178539	178.539000000001	ms	ok		SYN_GENERATOR_11042026	SYNTHETIC_TEACHING_FIXTURE
REQ_SYN_SEG_0558_f1	SYN_SEG_0558	SYN_SEG_SPK_16	SYN_SESSION_16	f1	final	vowel	u			293.301	Hz	ok		SYN_GENERATOR_11042026	SYNTHETIC_TEACHING_FIXTURE
REQ_SYN_SEG_0558_f2	SYN_SEG_0558	SYN_SEG_SPK_16	SYN_SESSION_16	f2	final	vowel	u			830.924	Hz	ok		SYN_GENERATOR_11042026	SYNTHETIC_TEACHING_FIXTURE
REQ_SYN_SEG_0558_f3	SYN_SEG_0558	SYN_SEG_SPK_16	SYN_SESSION_16	f3	final	vowel	u			1998.839	Hz	ok		SYN_GENERATOR_11042026	SYNTHETIC_TEACHING_FIXTURE
REQ_SYN_SEG_0559_vowel_duration	SYN_SEG_0559	SYN_SEG_SPK_16	SYN_SESSION_16	vowel_duration	initial	vowel	i	1607	1607.184902	184.901999999965	ms	ok		SYN_GENERATOR_11042026	SYNTHETIC_TEACHING_FIXTURE
REQ_SYN_SEG_0559_f1	SYN_SEG_0559	SYN_SEG_SPK_16	SYN_SESSION_16	f1	initial	vowel	i			272.576	Hz	ok		SYN_GENERATOR_11042026	SYNTHETIC_TEACHING_FIXTURE
REQ_SYN_SEG_0559_f2	SYN_SEG_0559	SYN_SEG_SPK_16	SYN_SESSION_16	f2	initial	vowel	i			2115.846	Hz	ok		SYN_GENERATOR_11042026	SYNTHETIC_TEACHING_FIXTURE
REQ_SYN_SEG_0559_f3	SYN_SEG_0559	SYN_SEG_SPK_16	SYN_SESSION_16	f3	initial	vowel	i			2713.699	Hz	ok		SYN_GENERATOR_11042026	SYNTHETIC_TEACHING_FIXTURE
REQ_SYN_SEG_0560_vowel_duration	SYN_SEG_0560	SYN_SEG_SPK_16	SYN_SESSION_16	vowel_duration	medial	vowel	a	1608	1608.155017	155.017000000043	ms	ok		SYN_GENERATOR_11042026	SYNTHETIC_TEACHING_FIXTURE
REQ_SYN_SEG_0560_f1	SYN_SEG_0560	SYN_SEG_SPK_16	SYN_SESSION_16	f1	medial	vowel	a			666.368	Hz	ok		SYN_GENERATOR_11042026	SYNTHETIC_TEACHING_FIXTURE
REQ_SYN_SEG_0560_f2	SYN_SEG_0560	SYN_SEG_SPK_16	SYN_SESSION_16	f2	medial	vowel	a			1049.339	Hz	ok		SYN_GENERATOR_11042026	SYNTHETIC_TEACHING_FIXTURE
REQ_SYN_SEG_0560_f3	SYN_SEG_0560	SYN_SEG_SPK_16	SYN_SESSION_16	f3	medial	vowel	a			2371.179	Hz	ok		SYN_GENERATOR_11042026	SYNTHETIC_TEACHING_FIXTURE
REQ_SYN_SEG_0561_vowel_duration	SYN_SEG_0561	SYN_SEG_SPK_16	SYN_SESSION_16	vowel_duration	final	vowel	u	1609	1609.134998	134.997999999996	ms	ok		SYN_GENERATOR_11042026	SYNTHETIC_TEACHING_FIXTURE
REQ_SYN_SEG_0561_f1	SYN_SEG_0561	SYN_SEG_SPK_16	SYN_SESSION_16	f1	final	vowel	u			326.674	Hz	ok		SYN_GENERATOR_11042026	SYNTHETIC_TEACHING_FIXTURE
REQ_SYN_SEG_0561_f2	SYN_SEG_0561	SYN_SEG_SPK_16	SYN_SESSION_16	f2	final	vowel	u			811.061	Hz	ok		SYN_GENERATOR_11042026	SYNTHETIC_TEACHING_FIXTURE
REQ_SYN_SEG_0561_f3	SYN_SEG_0561	SYN_SEG_SPK_16	SYN_SESSION_16	f3	final	vowel	u			2094.969	Hz	ok		SYN_GENERATOR_11042026	SYNTHETIC_TEACHING_FIXTURE
REQ_SYN_SEG_0562_vowel_duration	SYN_SEG_0562	SYN_SEG_SPK_16	SYN_SESSION_16	vowel_duration	initial	vowel	i	1610	1610.137587	137.58699999994	ms	ok		SYN_GENERATOR_11042026	SYNTHETIC_TEACHING_FIXTURE
REQ_SYN_SEG_0562_f1	SYN_SEG_0562	SYN_SEG_SPK_16	SYN_SESSION_16	f1	initial	vowel	i			295.675	Hz	ok		SYN_GENERATOR_11042026	SYNTHETIC_TEACHING_FIXTURE
REQ_SYN_SEG_0562_f2	SYN_SEG_0562	SYN_SEG_SPK_16	SYN_SESSION_16	f2	initial	vowel	i			2200.958	Hz	ok		SYN_GENERATOR_11042026	SYNTHETIC_TEACHING_FIXTURE
REQ_SYN_SEG_0562_f3	SYN_SEG_0562	SYN_SEG_SPK_16	SYN_SESSION_16	f3	initial	vowel	i			2876.663	Hz	ok		SYN_GENERATOR_11042026	SYNTHETIC_TEACHING_FIXTURE
REQ_SYN_SEG_0563_vowel_duration	SYN_SEG_0563	SYN_SEG_SPK_16	SYN_SESSION_16	vowel_duration	medial	vowel	a	1611	1611.075451	75.45099999993	ms	ok		SYN_GENERATOR_11042026	SYNTHETIC_TEACHING_FIXTURE
REQ_SYN_SEG_0563_f1	SYN_SEG_0563	SYN_SEG_SPK_16	SYN_SESSION_16	f1	medial	vowel	a			673.468	Hz	ok		SYN_GENERATOR_11042026	SYNTHETIC_TEACHING_FIXTURE
REQ_SYN_SEG_0563_f2	SYN_SEG_0563	SYN_SEG_SPK_16	SYN_SESSION_16	f2	medial	vowel	a			1176.992	Hz	ok		SYN_GENERATOR_11042026	SYNTHETIC_TEACHING_FIXTURE
REQ_SYN_SEG_0563_f3	SYN_SEG_0563	SYN_SEG_SPK_16	SYN_SESSION_16	f3	medial	vowel	a			2319.397	Hz	ok		SYN_GENERATOR_11042026	SYNTHETIC_TEACHING_FIXTURE
REQ_SYN_SEG_0564_vowel_duration	SYN_SEG_0564	SYN_SEG_SPK_16	SYN_SESSION_16	vowel_duration	final	vowel	u	1612	1612.199723	199.722999999949	ms	ok		SYN_GENERATOR_11042026	SYNTHETIC_TEACHING_FIXTURE
REQ_SYN_SEG_0564_f1	SYN_SEG_0564	SYN_SEG_SPK_16	SYN_SESSION_16	f1	final	vowel	u			306.577	Hz	ok		SYN_GENERATOR_11042026	SYNTHETIC_TEACHING_FIXTURE
REQ_SYN_SEG_0564_f2	SYN_SEG_0564	SYN_SEG_SPK_16	SYN_SESSION_16	f2	final	vowel	u			742.31	Hz	ok		SYN_GENERATOR_11042026	SYNTHETIC_TEACHING_FIXTURE
REQ_SYN_SEG_0564_f3	SYN_SEG_0564	SYN_SEG_SPK_16	SYN_SESSION_16	f3	final	vowel	u			1993.578	Hz	ok		SYN_GENERATOR_11042026	SYNTHETIC_TEACHING_FIXTURE
REQ_SYN_SEG_0565_fricative_duration	SYN_SEG_0565	SYN_SEG_SPK_16	SYN_SESSION_16	fricative_duration	initial	fricative		1601	1601.119765	119.764999999916	ms	ok		SYN_GENERATOR_11042026	SYNTHETIC_TEACHING_FIXTURE
REQ_SYN_SEG_0565_fricative_cog	SYN_SEG_0565	SYN_SEG_SPK_16	SYN_SESSION_16	fricative_cog	initial	fricative				5680.787	Hz	ok		SYN_GENERATOR_11042026	SYNTHETIC_TEACHING_FIXTURE
REQ_SYN_SEG_0566_fricative_duration	SYN_SEG_0566	SYN_SEG_SPK_16	SYN_SESSION_16	fricative_duration	medial	fricative		1602	1602.087128	87.1279999998933	ms	ok		SYN_GENERATOR_11042026	SYNTHETIC_TEACHING_FIXTURE
REQ_SYN_SEG_0566_fricative_cog	SYN_SEG_0566	SYN_SEG_SPK_16	SYN_SESSION_16	fricative_cog	medial	fricative				4756.738	Hz	ok		SYN_GENERATOR_11042026	SYNTHETIC_TEACHING_FIXTURE
REQ_SYN_SEG_0567_fricative_duration	SYN_SEG_0567	SYN_SEG_SPK_16	SYN_SESSION_16	fricative_duration	final	fricative		1603	1603.142631	142.630999999938	ms	ok		SYN_GENERATOR_11042026	SYNTHETIC_TEACHING_FIXTURE
REQ_SYN_SEG_0567_fricative_cog	SYN_SEG_0567	SYN_SEG_SPK_16	SYN_SESSION_16	fricative_cog	final	fricative				4665.5	Hz	ok		SYN_GENERATOR_11042026	SYNTHETIC_TEACHING_FIXTURE
REQ_SYN_SEG_0568_fricative_duration	SYN_SEG_0568	SYN_SEG_SPK_16	SYN_SESSION_16	fricative_duration	initial	fricative		1604	1604.142726	142.726000000039	ms	ok		SYN_GENERATOR_11042026	SYNTHETIC_TEACHING_FIXTURE
REQ_SYN_SEG_0568_fricative_cog	SYN_SEG_0568	SYN_SEG_SPK_16	SYN_SESSION_16	fricative_cog	initial	fricative				5978.919	Hz	ok		SYN_GENERATOR_11042026	SYNTHETIC_TEACHING_FIXTURE
REQ_SYN_SEG_0569_fricative_duration	SYN_SEG_0569	SYN_SEG_SPK_16	SYN_SESSION_16	fricative_duration	medial	fricative		1605	1605.148528	148.527999999942	ms	ok		SYN_GENERATOR_11042026	SYNTHETIC_TEACHING_FIXTURE
REQ_SYN_SEG_0569_fricative_cog	SYN_SEG_0569	SYN_SEG_SPK_16	SYN_SESSION_16	fricative_cog	medial	fricative				4734.087	Hz	ok		SYN_GENERATOR_11042026	SYNTHETIC_TEACHING_FIXTURE
REQ_SYN_SEG_0570_fricative_duration	SYN_SEG_0570	SYN_SEG_SPK_16	SYN_SESSION_16	fricative_duration	final	fricative		1606	1606.090871	90.8710000001065	ms	ok		SYN_GENERATOR_11042026	SYNTHETIC_TEACHING_FIXTURE
REQ_SYN_SEG_0570_fricative_cog	SYN_SEG_0570	SYN_SEG_SPK_16	SYN_SESSION_16	fricative_cog	final	fricative				4609.11	Hz	ok		SYN_GENERATOR_11042026	SYNTHETIC_TEACHING_FIXTURE
REQ_SYN_SEG_0571_fricative_duration	SYN_SEG_0571	SYN_SEG_SPK_16	SYN_SESSION_16	fricative_duration	initial	fricative		1607	1607.099995	99.9950000000354	ms	ok		SYN_GENERATOR_11042026	SYNTHETIC_TEACHING_FIXTURE
REQ_SYN_SEG_0571_fricative_cog	SYN_SEG_0571	SYN_SEG_SPK_16	SYN_SESSION_16	fricative_cog	initial	fricative				5682.125	Hz	ok		SYN_GENERATOR_11042026	SYNTHETIC_TEACHING_FIXTURE
REQ_SYN_SEG_0572_fricative_duration	SYN_SEG_0572	SYN_SEG_SPK_16	SYN_SESSION_16	fricative_duration	medial	fricative		1608	1608.10541	105.409999999893	ms	ok		SYN_GENERATOR_11042026	SYNTHETIC_TEACHING_FIXTURE
REQ_SYN_SEG_0572_fricative_cog	SYN_SEG_0572	SYN_SEG_SPK_16	SYN_SESSION_16	fricative_cog	medial	fricative				4370.531	Hz	ok		SYN_GENERATOR_11042026	SYNTHETIC_TEACHING_FIXTURE
REQ_SYN_SEG_0573_fricative_duration	SYN_SEG_0573	SYN_SEG_SPK_16	SYN_SESSION_16	fricative_duration	final	fricative		1609	1609.074704	74.7040000001107	ms	ok		SYN_GENERATOR_11042026	SYNTHETIC_TEACHING_FIXTURE
REQ_SYN_SEG_0573_fricative_cog	SYN_SEG_0573	SYN_SEG_SPK_16	SYN_SESSION_16	fricative_cog	final	fricative				4325.215	Hz	ok		SYN_GENERATOR_11042026	SYNTHETIC_TEACHING_FIXTURE
REQ_SYN_SEG_0574_fricative_duration	SYN_SEG_0574	SYN_SEG_SPK_16	SYN_SESSION_16	fricative_duration	initial	fricative		1610	1610.114055	114.055000000008	ms	ok		SYN_GENERATOR_11042026	SYNTHETIC_TEACHING_FIXTURE
REQ_SYN_SEG_0574_fricative_cog	SYN_SEG_0574	SYN_SEG_SPK_16	SYN_SESSION_16	fricative_cog	initial	fricative				5712.738	Hz	ok		SYN_GENERATOR_11042026	SYNTHETIC_TEACHING_FIXTURE
REQ_SYN_SEG_0575_fricative_duration	SYN_SEG_0575	SYN_SEG_SPK_16	SYN_SESSION_16	fricative_duration	medial	fricative		1611	1611.164581	164.580999999998	ms	ok		SYN_GENERATOR_11042026	SYNTHETIC_TEACHING_FIXTURE
REQ_SYN_SEG_0575_fricative_cog	SYN_SEG_0575	SYN_SEG_SPK_16	SYN_SESSION_16	fricative_cog	medial	fricative				4507.193	Hz	ok		SYN_GENERATOR_11042026	SYNTHETIC_TEACHING_FIXTURE
REQ_SYN_SEG_0576_fricative_duration	SYN_SEG_0576	SYN_SEG_SPK_16	SYN_SESSION_16	fricative_duration	final	fricative		1612	1612.15416	154.160000000047	ms	ok		SYN_GENERATOR_11042026	SYNTHETIC_TEACHING_FIXTURE
REQ_SYN_SEG_0576_fricative_cog	SYN_SEG_0576	SYN_SEG_SPK_16	SYN_SESSION_16	fricative_cog	final	fricative				4854.499	Hz	ok		SYN_GENERATOR_11042026	SYNTHETIC_TEACHING_FIXTURE
REQ_SYN_SEG_0577_vot	SYN_SEG_0577	SYN_SEG_SPK_17	SYN_SESSION_17	vot	initial	stop		1701.080215	1701.073561	-6.65400000002592	ms	ok		SYN_GENERATOR_11042026	SYNTHETIC_TEACHING_FIXTURE
REQ_SYN_SEG_0577_closure_duration	SYN_SEG_0577	SYN_SEG_SPK_17	SYN_SESSION_17	closure_duration	initial	stop		1701	1701.080215	80.2149999999529	ms	ok		SYN_GENERATOR_11042026	SYNTHETIC_TEACHING_FIXTURE
REQ_SYN_SEG_0577_vowel_onset_f0	SYN_SEG_0577	SYN_SEG_SPK_17	SYN_SESSION_17	vowel_onset_f0	initial	stop				125.767	Hz	ok		SYN_GENERATOR_11042026	SYNTHETIC_TEACHING_FIXTURE
REQ_SYN_SEG_0578_vot	SYN_SEG_0578	SYN_SEG_SPK_17	SYN_SESSION_17	vot	medial	stop		1702.045245	1702.057002	11.7569999999887	ms	ok		SYN_GENERATOR_11042026	SYNTHETIC_TEACHING_FIXTURE
REQ_SYN_SEG_0578_closure_duration	SYN_SEG_0578	SYN_SEG_SPK_17	SYN_SESSION_17	closure_duration	medial	stop		1702	1702.045245	45.2450000000226	ms	ok		SYN_GENERATOR_11042026	SYNTHETIC_TEACHING_FIXTURE
REQ_SYN_SEG_0578_vowel_onset_f0	SYN_SEG_0578	SYN_SEG_SPK_17	SYN_SESSION_17	vowel_onset_f0	medial	stop				120.263	Hz	ok		SYN_GENERATOR_11042026	SYNTHETIC_TEACHING_FIXTURE
REQ_SYN_SEG_0579_vot	SYN_SEG_0579	SYN_SEG_SPK_17	SYN_SESSION_17	vot	final	stop		1703.076353	1703.091821	15.4680000000553	ms	ok		SYN_GENERATOR_11042026	SYNTHETIC_TEACHING_FIXTURE
REQ_SYN_SEG_0579_closure_duration	SYN_SEG_0579	SYN_SEG_SPK_17	SYN_SESSION_17	closure_duration	final	stop		1703	1703.076353	76.3529999999264	ms	ok		SYN_GENERATOR_11042026	SYNTHETIC_TEACHING_FIXTURE
REQ_SYN_SEG_0579_vowel_onset_f0	SYN_SEG_0579	SYN_SEG_SPK_17	SYN_SESSION_17	vowel_onset_f0	final	stop				113.112	Hz	ok		SYN_GENERATOR_11042026	SYNTHETIC_TEACHING_FIXTURE
REQ_SYN_SEG_0580_vot	SYN_SEG_0580	SYN_SEG_SPK_17	SYN_SESSION_17	vot	initial	stop		1704.085203	1704.151108	65.9049999999297	ms	ok		SYN_GENERATOR_11042026	SYNTHETIC_TEACHING_FIXTURE
REQ_SYN_SEG_0580_closure_duration	SYN_SEG_0580	SYN_SEG_SPK_17	SYN_SESSION_17	closure_duration	initial	stop		1704	1704.085203	85.2030000000923	ms	ok		SYN_GENERATOR_11042026	SYNTHETIC_TEACHING_FIXTURE
REQ_SYN_SEG_0580_vowel_onset_f0	SYN_SEG_0580	SYN_SEG_SPK_17	SYN_SESSION_17	vowel_onset_f0	initial	stop				144.204	Hz	ok		SYN_GENERATOR_11042026	SYNTHETIC_TEACHING_FIXTURE
REQ_SYN_SEG_0581_vot	SYN_SEG_0581	SYN_SEG_SPK_17	SYN_SESSION_17	vot	medial	stop		1705.090082	1705.115353	25.2709999999752	ms	ok		SYN_GENERATOR_11042026	SYNTHETIC_TEACHING_FIXTURE
REQ_SYN_SEG_0581_closure_duration	SYN_SEG_0581	SYN_SEG_SPK_17	SYN_SESSION_17	closure_duration	medial	stop		1705	1705.090082	90.0819999999385	ms	ok		SYN_GENERATOR_11042026	SYNTHETIC_TEACHING_FIXTURE
REQ_SYN_SEG_0581_vowel_onset_f0	SYN_SEG_0581	SYN_SEG_SPK_17	SYN_SESSION_17	vowel_onset_f0	medial	stop				126.552	Hz	ok		SYN_GENERATOR_11042026	SYNTHETIC_TEACHING_FIXTURE
REQ_SYN_SEG_0582_vot	SYN_SEG_0582	SYN_SEG_SPK_17	SYN_SESSION_17	vot	final	stop		1706.080211			ms	missing	absent_periodicity	SYN_GENERATOR_11042026	SYNTHETIC_TEACHING_FIXTURE
REQ_SYN_SEG_0582_closure_duration	SYN_SEG_0582	SYN_SEG_SPK_17	SYN_SESSION_17	closure_duration	final	stop		1706	1706.080211	80.210999999963	ms	review	absent_periodicity	SYN_GENERATOR_11042026	SYNTHETIC_TEACHING_FIXTURE
REQ_SYN_SEG_0582_vowel_onset_f0	SYN_SEG_0582	SYN_SEG_SPK_17	SYN_SESSION_17	vowel_onset_f0	final	stop				114.666	Hz	review	absent_periodicity	SYN_GENERATOR_11042026	SYNTHETIC_TEACHING_FIXTURE
REQ_SYN_SEG_0583_vot	SYN_SEG_0583	SYN_SEG_SPK_17	SYN_SESSION_17	vot	initial	stop		1707.046058	1707.076087	30.0290000000132	ms	ok		SYN_GENERATOR_11042026	SYNTHETIC_TEACHING_FIXTURE
REQ_SYN_SEG_0583_closure_duration	SYN_SEG_0583	SYN_SEG_SPK_17	SYN_SESSION_17	closure_duration	initial	stop		1707	1707.046058	46.0579999999027	ms	ok		SYN_GENERATOR_11042026	SYNTHETIC_TEACHING_FIXTURE
REQ_SYN_SEG_0583_vowel_onset_f0	SYN_SEG_0583	SYN_SEG_SPK_17	SYN_SESSION_17	vowel_onset_f0	initial	stop				118.176	Hz	ok		SYN_GENERATOR_11042026	SYNTHETIC_TEACHING_FIXTURE
REQ_SYN_SEG_0584_vot	SYN_SEG_0584	SYN_SEG_SPK_17	SYN_SESSION_17	vot	medial	stop		1708.098836	1708.181098	82.262000000128	ms	ok		SYN_GENERATOR_11042026	SYNTHETIC_TEACHING_FIXTURE
REQ_SYN_SEG_0584_closure_duration	SYN_SEG_0584	SYN_SEG_SPK_17	SYN_SESSION_17	closure_duration	medial	stop		1708	1708.098836	98.835999999892	ms	ok		SYN_GENERATOR_11042026	SYNTHETIC_TEACHING_FIXTURE
REQ_SYN_SEG_0584_vowel_onset_f0	SYN_SEG_0584	SYN_SEG_SPK_17	SYN_SESSION_17	vowel_onset_f0	medial	stop				146.607	Hz	ok		SYN_GENERATOR_11042026	SYNTHETIC_TEACHING_FIXTURE
REQ_SYN_SEG_0585_vot	SYN_SEG_0585	SYN_SEG_SPK_17	SYN_SESSION_17	vot	final	stop		1709.051259	1709.09467	43.4109999998782	ms	ok		SYN_GENERATOR_11042026	SYNTHETIC_TEACHING_FIXTURE
REQ_SYN_SEG_0585_closure_duration	SYN_SEG_0585	SYN_SEG_SPK_17	SYN_SESSION_17	closure_duration	final	stop		1709	1709.051259	51.2590000000728	ms	ok		SYN_GENERATOR_11042026	SYNTHETIC_TEACHING_FIXTURE
REQ_SYN_SEG_0585_vowel_onset_f0	SYN_SEG_0585	SYN_SEG_SPK_17	SYN_SESSION_17	vowel_onset_f0	final	stop				142.767	Hz	ok		SYN_GENERATOR_11042026	SYNTHETIC_TEACHING_FIXTURE
REQ_SYN_SEG_0586_vot	SYN_SEG_0586	SYN_SEG_SPK_17	SYN_SESSION_17	vot	initial	stop		1710.058028	1710.10258	44.552000000067	ms	ok		SYN_GENERATOR_11042026	SYNTHETIC_TEACHING_FIXTURE
REQ_SYN_SEG_0586_closure_duration	SYN_SEG_0586	SYN_SEG_SPK_17	SYN_SESSION_17	closure_duration	initial	stop		1710	1710.058028	58.027999999922	ms	ok		SYN_GENERATOR_11042026	SYNTHETIC_TEACHING_FIXTURE
REQ_SYN_SEG_0586_vowel_onset_f0	SYN_SEG_0586	SYN_SEG_SPK_17	SYN_SESSION_17	vowel_onset_f0	initial	stop				147.914	Hz	ok		SYN_GENERATOR_11042026	SYNTHETIC_TEACHING_FIXTURE
REQ_SYN_SEG_0587_vot	SYN_SEG_0587	SYN_SEG_SPK_17	SYN_SESSION_17	vot	medial	stop		1711.057512	1711.115376	57.8639999998813	ms	ok		SYN_GENERATOR_11042026	SYNTHETIC_TEACHING_FIXTURE
REQ_SYN_SEG_0587_closure_duration	SYN_SEG_0587	SYN_SEG_SPK_17	SYN_SESSION_17	closure_duration	medial	stop		1711	1711.057512	57.5120000000879	ms	ok		SYN_GENERATOR_11042026	SYNTHETIC_TEACHING_FIXTURE
REQ_SYN_SEG_0587_vowel_onset_f0	SYN_SEG_0587	SYN_SEG_SPK_17	SYN_SESSION_17	vowel_onset_f0	medial	stop				150.03	Hz	ok		SYN_GENERATOR_11042026	SYNTHETIC_TEACHING_FIXTURE
REQ_SYN_SEG_0588_vot	SYN_SEG_0588	SYN_SEG_SPK_17	SYN_SESSION_17	vot	final	stop		1712.051416	1712.0539	2.48400000009497	ms	ok		SYN_GENERATOR_11042026	SYNTHETIC_TEACHING_FIXTURE
REQ_SYN_SEG_0588_closure_duration	SYN_SEG_0588	SYN_SEG_SPK_17	SYN_SESSION_17	closure_duration	final	stop		1712	1712.051416	51.4160000000174	ms	ok		SYN_GENERATOR_11042026	SYNTHETIC_TEACHING_FIXTURE
REQ_SYN_SEG_0588_vowel_onset_f0	SYN_SEG_0588	SYN_SEG_SPK_17	SYN_SESSION_17	vowel_onset_f0	final	stop				119.381	Hz	ok		SYN_GENERATOR_11042026	SYNTHETIC_TEACHING_FIXTURE
REQ_SYN_SEG_0589_vowel_duration	SYN_SEG_0589	SYN_SEG_SPK_17	SYN_SESSION_17	vowel_duration	initial	vowel	i	1701	1701.085973	85.9729999999672	ms	ok		SYN_GENERATOR_11042026	SYNTHETIC_TEACHING_FIXTURE
REQ_SYN_SEG_0589_f1	SYN_SEG_0589	SYN_SEG_SPK_17	SYN_SESSION_17	f1	initial	vowel	i			278.381	Hz	ok		SYN_GENERATOR_11042026	SYNTHETIC_TEACHING_FIXTURE
REQ_SYN_SEG_0589_f2	SYN_SEG_0589	SYN_SEG_SPK_17	SYN_SESSION_17	f2	initial	vowel	i			2294.258	Hz	ok		SYN_GENERATOR_11042026	SYNTHETIC_TEACHING_FIXTURE
REQ_SYN_SEG_0589_f3	SYN_SEG_0589	SYN_SEG_SPK_17	SYN_SESSION_17	f3	initial	vowel	i			2906.875	Hz	ok		SYN_GENERATOR_11042026	SYNTHETIC_TEACHING_FIXTURE
REQ_SYN_SEG_0590_vowel_duration	SYN_SEG_0590	SYN_SEG_SPK_17	SYN_SESSION_17	vowel_duration	medial	vowel	a	1702	1702.182103	182.103000000097	ms	ok		SYN_GENERATOR_11042026	SYNTHETIC_TEACHING_FIXTURE
REQ_SYN_SEG_0590_f1	SYN_SEG_0590	SYN_SEG_SPK_17	SYN_SESSION_17	f1	medial	vowel	a			728.301	Hz	ok		SYN_GENERATOR_11042026	SYNTHETIC_TEACHING_FIXTURE
REQ_SYN_SEG_0590_f2	SYN_SEG_0590	SYN_SEG_SPK_17	SYN_SESSION_17	f2	medial	vowel	a			1121.5	Hz	ok		SYN_GENERATOR_11042026	SYNTHETIC_TEACHING_FIXTURE
REQ_SYN_SEG_0590_f3	SYN_SEG_0590	SYN_SEG_SPK_17	SYN_SESSION_17	f3	medial	vowel	a			2511.558	Hz	ok		SYN_GENERATOR_11042026	SYNTHETIC_TEACHING_FIXTURE
REQ_SYN_SEG_0591_vowel_duration	SYN_SEG_0591	SYN_SEG_SPK_17	SYN_SESSION_17	vowel_duration	final	vowel	a	1703	1703.182004	182.004000000006	ms	ok		SYN_GENERATOR_11042026	SYNTHETIC_TEACHING_FIXTURE
REQ_SYN_SEG_0591_f1	SYN_SEG_0591	SYN_SEG_SPK_17	SYN_SESSION_17	f1	final	vowel	a			757.469	Hz	ok		SYN_GENERATOR_11042026	SYNTHETIC_TEACHING_FIXTURE
REQ_SYN_SEG_0591_f2	SYN_SEG_0591	SYN_SEG_SPK_17	SYN_SESSION_17	f2	final	vowel	a			1170.495	Hz	ok		SYN_GENERATOR_11042026	SYNTHETIC_TEACHING_FIXTURE
REQ_SYN_SEG_0591_f3	SYN_SEG_0591	SYN_SEG_SPK_17	SYN_SESSION_17	f3	final	vowel	a			2465.188	Hz	ok		SYN_GENERATOR_11042026	SYNTHETIC_TEACHING_FIXTURE
REQ_SYN_SEG_0592_vowel_duration	SYN_SEG_0592	SYN_SEG_SPK_17	SYN_SESSION_17	vowel_duration	initial	vowel	i	1704	1704.167212	167.212000000063	ms	ok		SYN_GENERATOR_11042026	SYNTHETIC_TEACHING_FIXTURE
REQ_SYN_SEG_0592_f1	SYN_SEG_0592	SYN_SEG_SPK_17	SYN_SESSION_17	f1	initial	vowel	i			304.437	Hz	ok		SYN_GENERATOR_11042026	SYNTHETIC_TEACHING_FIXTURE
REQ_SYN_SEG_0592_f2	SYN_SEG_0592	SYN_SEG_SPK_17	SYN_SESSION_17	f2	initial	vowel	i			2274.414	Hz	ok		SYN_GENERATOR_11042026	SYNTHETIC_TEACHING_FIXTURE
REQ_SYN_SEG_0592_f3	SYN_SEG_0592	SYN_SEG_SPK_17	SYN_SESSION_17	f3	initial	vowel	i			2958.521	Hz	ok		SYN_GENERATOR_11042026	SYNTHETIC_TEACHING_FIXTURE
REQ_SYN_SEG_0593_vowel_duration	SYN_SEG_0593	SYN_SEG_SPK_17	SYN_SESSION_17	vowel_duration	medial	vowel	a	1705	1705.149239	149.23900000008	ms	ok		SYN_GENERATOR_11042026	SYNTHETIC_TEACHING_FIXTURE
REQ_SYN_SEG_0593_f1	SYN_SEG_0593	SYN_SEG_SPK_17	SYN_SESSION_17	f1	medial	vowel	a			722.769	Hz	ok		SYN_GENERATOR_11042026	SYNTHETIC_TEACHING_FIXTURE
REQ_SYN_SEG_0593_f2	SYN_SEG_0593	SYN_SEG_SPK_17	SYN_SESSION_17	f2	medial	vowel	a			1134.526	Hz	ok		SYN_GENERATOR_11042026	SYNTHETIC_TEACHING_FIXTURE
REQ_SYN_SEG_0593_f3	SYN_SEG_0593	SYN_SEG_SPK_17	SYN_SESSION_17	f3	medial	vowel	a			2446.754	Hz	ok		SYN_GENERATOR_11042026	SYNTHETIC_TEACHING_FIXTURE
REQ_SYN_SEG_0594_vowel_duration	SYN_SEG_0594	SYN_SEG_SPK_17	SYN_SESSION_17	vowel_duration	final	vowel	a	1706	1706.21884	218.84	ms	ok		SYN_GENERATOR_11042026	SYNTHETIC_TEACHING_FIXTURE
REQ_SYN_SEG_0594_f1	SYN_SEG_0594	SYN_SEG_SPK_17	SYN_SESSION_17	f1	final	vowel	a			800.033	Hz	ok		SYN_GENERATOR_11042026	SYNTHETIC_TEACHING_FIXTURE
REQ_SYN_SEG_0594_f2	SYN_SEG_0594	SYN_SEG_SPK_17	SYN_SESSION_17	f2	final	vowel	a			1095.302	Hz	ok		SYN_GENERATOR_11042026	SYNTHETIC_TEACHING_FIXTURE
REQ_SYN_SEG_0594_f3	SYN_SEG_0594	SYN_SEG_SPK_17	SYN_SESSION_17	f3	final	vowel	a			2488.93	Hz	ok		SYN_GENERATOR_11042026	SYNTHETIC_TEACHING_FIXTURE
REQ_SYN_SEG_0595_vowel_duration	SYN_SEG_0595	SYN_SEG_SPK_17	SYN_SESSION_17	vowel_duration	initial	vowel	i	1707	1707.148016	148.016000000098	ms	ok		SYN_GENERATOR_11042026	SYNTHETIC_TEACHING_FIXTURE
REQ_SYN_SEG_0595_f1	SYN_SEG_0595	SYN_SEG_SPK_17	SYN_SESSION_17	f1	initial	vowel	i			282.207	Hz	ok		SYN_GENERATOR_11042026	SYNTHETIC_TEACHING_FIXTURE
REQ_SYN_SEG_0595_f2	SYN_SEG_0595	SYN_SEG_SPK_17	SYN_SESSION_17	f2	initial	vowel	i			2345.586	Hz	ok		SYN_GENERATOR_11042026	SYNTHETIC_TEACHING_FIXTURE
REQ_SYN_SEG_0595_f3	SYN_SEG_0595	SYN_SEG_SPK_17	SYN_SESSION_17	f3	initial	vowel	i			3049.579	Hz	ok		SYN_GENERATOR_11042026	SYNTHETIC_TEACHING_FIXTURE
REQ_SYN_SEG_0596_vowel_duration	SYN_SEG_0596	SYN_SEG_SPK_17	SYN_SESSION_17	vowel_duration	medial	vowel	a	1708	1708.180369	180.368999999928	ms	ok		SYN_GENERATOR_11042026	SYNTHETIC_TEACHING_FIXTURE
REQ_SYN_SEG_0596_f1	SYN_SEG_0596	SYN_SEG_SPK_17	SYN_SESSION_17	f1	medial	vowel	a			737.964	Hz	ok		SYN_GENERATOR_11042026	SYNTHETIC_TEACHING_FIXTURE
REQ_SYN_SEG_0596_f2	SYN_SEG_0596	SYN_SEG_SPK_17	SYN_SESSION_17	f2	medial	vowel	a			1208.207	Hz	ok		SYN_GENERATOR_11042026	SYNTHETIC_TEACHING_FIXTURE
REQ_SYN_SEG_0596_f3	SYN_SEG_0596	SYN_SEG_SPK_17	SYN_SESSION_17	f3	medial	vowel	a			2490.759	Hz	ok		SYN_GENERATOR_11042026	SYNTHETIC_TEACHING_FIXTURE
REQ_SYN_SEG_0597_vowel_duration	SYN_SEG_0597	SYN_SEG_SPK_17	SYN_SESSION_17	vowel_duration	final	vowel	a	1709	1709.152984	152.98400000006	ms	ok		SYN_GENERATOR_11042026	SYNTHETIC_TEACHING_FIXTURE
REQ_SYN_SEG_0597_f1	SYN_SEG_0597	SYN_SEG_SPK_17	SYN_SESSION_17	f1	final	vowel	a			771.91	Hz	ok		SYN_GENERATOR_11042026	SYNTHETIC_TEACHING_FIXTURE
REQ_SYN_SEG_0597_f2	SYN_SEG_0597	SYN_SEG_SPK_17	SYN_SESSION_17	f2	final	vowel	a			1134.099	Hz	ok		SYN_GENERATOR_11042026	SYNTHETIC_TEACHING_FIXTURE
REQ_SYN_SEG_0597_f3	SYN_SEG_0597	SYN_SEG_SPK_17	SYN_SESSION_17	f3	final	vowel	a			2431.799	Hz	ok		SYN_GENERATOR_11042026	SYNTHETIC_TEACHING_FIXTURE
REQ_SYN_SEG_0598_vowel_duration	SYN_SEG_0598	SYN_SEG_SPK_17	SYN_SESSION_17	vowel_duration	initial	vowel	i	1710	1710.158762	158.762000000024	ms	ok		SYN_GENERATOR_11042026	SYNTHETIC_TEACHING_FIXTURE
REQ_SYN_SEG_0598_f1	SYN_SEG_0598	SYN_SEG_SPK_17	SYN_SESSION_17	f1	initial	vowel	i			325.167	Hz	ok		SYN_GENERATOR_11042026	SYNTHETIC_TEACHING_FIXTURE
REQ_SYN_SEG_0598_f2	SYN_SEG_0598	SYN_SEG_SPK_17	SYN_SESSION_17	f2	initial	vowel	i			2211.642	Hz	ok		SYN_GENERATOR_11042026	SYNTHETIC_TEACHING_FIXTURE
REQ_SYN_SEG_0598_f3	SYN_SEG_0598	SYN_SEG_SPK_17	SYN_SESSION_17	f3	initial	vowel	i			2873.858	Hz	ok		SYN_GENERATOR_11042026	SYNTHETIC_TEACHING_FIXTURE
REQ_SYN_SEG_0599_vowel_duration	SYN_SEG_0599	SYN_SEG_SPK_17	SYN_SESSION_17	vowel_duration	medial	vowel	a	1711	1711.114737	114.737000000105	ms	ok		SYN_GENERATOR_11042026	SYNTHETIC_TEACHING_FIXTURE
REQ_SYN_SEG_0599_f1	SYN_SEG_0599	SYN_SEG_SPK_17	SYN_SESSION_17	f1	medial	vowel	a			731.048	Hz	ok		SYN_GENERATOR_11042026	SYNTHETIC_TEACHING_FIXTURE
REQ_SYN_SEG_0599_f2	SYN_SEG_0599	SYN_SEG_SPK_17	SYN_SESSION_17	f2	medial	vowel	a			1195.485	Hz	ok		SYN_GENERATOR_11042026	SYNTHETIC_TEACHING_FIXTURE
REQ_SYN_SEG_0599_f3	SYN_SEG_0599	SYN_SEG_SPK_17	SYN_SESSION_17	f3	medial	vowel	a			2504.63	Hz	ok		SYN_GENERATOR_11042026	SYNTHETIC_TEACHING_FIXTURE
REQ_SYN_SEG_0600_vowel_duration	SYN_SEG_0600	SYN_SEG_SPK_17	SYN_SESSION_17	vowel_duration	final	vowel	a	1712	1712.108526	108.525999999983	ms	ok		SYN_GENERATOR_11042026	SYNTHETIC_TEACHING_FIXTURE
REQ_SYN_SEG_0600_f1	SYN_SEG_0600	SYN_SEG_SPK_17	SYN_SESSION_17	f1	final	vowel	a			736.045	Hz	ok		SYN_GENERATOR_11042026	SYNTHETIC_TEACHING_FIXTURE
REQ_SYN_SEG_0600_f2	SYN_SEG_0600	SYN_SEG_SPK_17	SYN_SESSION_17	f2	final	vowel	a			1305.826	Hz	ok		SYN_GENERATOR_11042026	SYNTHETIC_TEACHING_FIXTURE
REQ_SYN_SEG_0600_f3	SYN_SEG_0600	SYN_SEG_SPK_17	SYN_SESSION_17	f3	final	vowel	a			2446.581	Hz	ok		SYN_GENERATOR_11042026	SYNTHETIC_TEACHING_FIXTURE
REQ_SYN_SEG_0601_fricative_duration	SYN_SEG_0601	SYN_SEG_SPK_17	SYN_SESSION_17	fricative_duration	initial	fricative		1701	1701.152865	152.86500000002	ms	ok		SYN_GENERATOR_11042026	SYNTHETIC_TEACHING_FIXTURE
REQ_SYN_SEG_0601_fricative_cog	SYN_SEG_0601	SYN_SEG_SPK_17	SYN_SESSION_17	fricative_cog	initial	fricative				6308.606	Hz	ok		SYN_GENERATOR_11042026	SYNTHETIC_TEACHING_FIXTURE
REQ_SYN_SEG_0602_fricative_duration	SYN_SEG_0602	SYN_SEG_SPK_17	SYN_SESSION_17	fricative_duration	medial	fricative		1702	1702.112604	112.603999999919	ms	ok		SYN_GENERATOR_11042026	SYNTHETIC_TEACHING_FIXTURE
REQ_SYN_SEG_0602_fricative_cog	SYN_SEG_0602	SYN_SEG_SPK_17	SYN_SESSION_17	fricative_cog	medial	fricative				4506.379	Hz	ok		SYN_GENERATOR_11042026	SYNTHETIC_TEACHING_FIXTURE
REQ_SYN_SEG_0603_fricative_duration	SYN_SEG_0603	SYN_SEG_SPK_17	SYN_SESSION_17	fricative_duration	final	fricative		1703	1703.12092	120.920000000069	ms	ok		SYN_GENERATOR_11042026	SYNTHETIC_TEACHING_FIXTURE
REQ_SYN_SEG_0603_fricative_cog	SYN_SEG_0603	SYN_SEG_SPK_17	SYN_SESSION_17	fricative_cog	final	fricative				4915.324	Hz	ok		SYN_GENERATOR_11042026	SYNTHETIC_TEACHING_FIXTURE
REQ_SYN_SEG_0604_fricative_duration	SYN_SEG_0604	SYN_SEG_SPK_17	SYN_SESSION_17	fricative_duration	initial	fricative		1704	1704.099221	99.2209999999432	ms	ok		SYN_GENERATOR_11042026	SYNTHETIC_TEACHING_FIXTURE
REQ_SYN_SEG_0604_fricative_cog	SYN_SEG_0604	SYN_SEG_SPK_17	SYN_SESSION_17	fricative_cog	initial	fricative				5920.902	Hz	ok		SYN_GENERATOR_11042026	SYNTHETIC_TEACHING_FIXTURE
REQ_SYN_SEG_0605_fricative_duration	SYN_SEG_0605	SYN_SEG_SPK_17	SYN_SESSION_17	fricative_duration	medial	fricative		1705	1705.107985	107.985000000099	ms	ok		SYN_GENERATOR_11042026	SYNTHETIC_TEACHING_FIXTURE
REQ_SYN_SEG_0605_fricative_cog	SYN_SEG_0605	SYN_SEG_SPK_17	SYN_SESSION_17	fricative_cog	medial	fricative				4522.872	Hz	ok		SYN_GENERATOR_11042026	SYNTHETIC_TEACHING_FIXTURE
REQ_SYN_SEG_0606_fricative_duration	SYN_SEG_0606	SYN_SEG_SPK_17	SYN_SESSION_17	fricative_duration	final	fricative		1706	1706.096467	96.4670000000751	ms	ok		SYN_GENERATOR_11042026	SYNTHETIC_TEACHING_FIXTURE
REQ_SYN_SEG_0606_fricative_cog	SYN_SEG_0606	SYN_SEG_SPK_17	SYN_SESSION_17	fricative_cog	final	fricative				4848.292	Hz	ok		SYN_GENERATOR_11042026	SYNTHETIC_TEACHING_FIXTURE
REQ_SYN_SEG_0607_fricative_duration	SYN_SEG_0607	SYN_SEG_SPK_17	SYN_SESSION_17	fricative_duration	initial	fricative		1707	1707.094242	94.2419999998947	ms	ok		SYN_GENERATOR_11042026	SYNTHETIC_TEACHING_FIXTURE
REQ_SYN_SEG_0607_fricative_cog	SYN_SEG_0607	SYN_SEG_SPK_17	SYN_SESSION_17	fricative_cog	initial	fricative				6019.017	Hz	ok		SYN_GENERATOR_11042026	SYNTHETIC_TEACHING_FIXTURE
REQ_SYN_SEG_0608_fricative_duration	SYN_SEG_0608	SYN_SEG_SPK_17	SYN_SESSION_17	fricative_duration	medial	fricative		1708	1708.163995	163.995000000114	ms	ok		SYN_GENERATOR_11042026	SYNTHETIC_TEACHING_FIXTURE
REQ_SYN_SEG_0608_fricative_cog	SYN_SEG_0608	SYN_SEG_SPK_17	SYN_SESSION_17	fricative_cog	medial	fricative				4699.195	Hz	ok		SYN_GENERATOR_11042026	SYNTHETIC_TEACHING_FIXTURE
REQ_SYN_SEG_0609_fricative_duration	SYN_SEG_0609	SYN_SEG_SPK_17	SYN_SESSION_17	fricative_duration	final	fricative		1709	1709.132283	132.282999999916	ms	ok		SYN_GENERATOR_11042026	SYNTHETIC_TEACHING_FIXTURE
REQ_SYN_SEG_0609_fricative_cog	SYN_SEG_0609	SYN_SEG_SPK_17	SYN_SESSION_17	fricative_cog	final	fricative				4956.31	Hz	ok		SYN_GENERATOR_11042026	SYNTHETIC_TEACHING_FIXTURE
REQ_SYN_SEG_0610_fricative_duration	SYN_SEG_0610	SYN_SEG_SPK_17	SYN_SESSION_17	fricative_duration	initial	fricative		1710	1710.099458	99.4579999999132	ms	ok		SYN_GENERATOR_11042026	SYNTHETIC_TEACHING_FIXTURE
REQ_SYN_SEG_0610_fricative_cog	SYN_SEG_0610	SYN_SEG_SPK_17	SYN_SESSION_17	fricative_cog	initial	fricative				5900.531	Hz	ok		SYN_GENERATOR_11042026	SYNTHETIC_TEACHING_FIXTURE
REQ_SYN_SEG_0611_fricative_duration	SYN_SEG_0611	SYN_SEG_SPK_17	SYN_SESSION_17	fricative_duration	medial	fricative		1711	1711.084141	84.1410000000451	ms	ok		SYN_GENERATOR_11042026	SYNTHETIC_TEACHING_FIXTURE
REQ_SYN_SEG_0611_fricative_cog	SYN_SEG_0611	SYN_SEG_SPK_17	SYN_SESSION_17	fricative_cog	medial	fricative				4826.174	Hz	ok		SYN_GENERATOR_11042026	SYNTHETIC_TEACHING_FIXTURE
REQ_SYN_SEG_0612_fricative_duration	SYN_SEG_0612	SYN_SEG_SPK_17	SYN_SESSION_17	fricative_duration	final	fricative		1712	1712.119074	119.073999999955	ms	ok		SYN_GENERATOR_11042026	SYNTHETIC_TEACHING_FIXTURE
REQ_SYN_SEG_0612_fricative_cog	SYN_SEG_0612	SYN_SEG_SPK_17	SYN_SESSION_17	fricative_cog	final	fricative				4529.639	Hz	ok		SYN_GENERATOR_11042026	SYNTHETIC_TEACHING_FIXTURE
REQ_SYN_SEG_0613_vot	SYN_SEG_0613	SYN_SEG_SPK_18	SYN_SESSION_18	vot	initial	stop		1801.106723	1801.168836	62.1129999999539	ms	ok		SYN_GENERATOR_11042026	SYNTHETIC_TEACHING_FIXTURE
REQ_SYN_SEG_0613_closure_duration	SYN_SEG_0613	SYN_SEG_SPK_18	SYN_SESSION_18	closure_duration	initial	stop		1801	1801.106723	106.723000000102	ms	ok		SYN_GENERATOR_11042026	SYNTHETIC_TEACHING_FIXTURE
REQ_SYN_SEG_0613_vowel_onset_f0	SYN_SEG_0613	SYN_SEG_SPK_18	SYN_SESSION_18	vowel_onset_f0	initial	stop				141.635	Hz	ok		SYN_GENERATOR_11042026	SYNTHETIC_TEACHING_FIXTURE
REQ_SYN_SEG_0614_vot	SYN_SEG_0614	SYN_SEG_SPK_18	SYN_SESSION_18	vot	medial	stop		1802.055125	1802.127436	72.3109999998996	ms	ok		SYN_GENERATOR_11042026	SYNTHETIC_TEACHING_FIXTURE
REQ_SYN_SEG_0614_closure_duration	SYN_SEG_0614	SYN_SEG_SPK_18	SYN_SESSION_18	closure_duration	medial	stop		1802	1802.055125	55.1250000000891	ms	ok		SYN_GENERATOR_11042026	SYNTHETIC_TEACHING_FIXTURE
REQ_SYN_SEG_0614_vowel_onset_f0	SYN_SEG_0614	SYN_SEG_SPK_18	SYN_SESSION_18	vowel_onset_f0	medial	stop				158.645	Hz	ok		SYN_GENERATOR_11042026	SYNTHETIC_TEACHING_FIXTURE
REQ_SYN_SEG_0615_vot	SYN_SEG_0615	SYN_SEG_SPK_18	SYN_SESSION_18	vot	final	stop		1803.08055	1803.090887	10.3370000001632	ms	ok		SYN_GENERATOR_11042026	SYNTHETIC_TEACHING_FIXTURE
REQ_SYN_SEG_0615_closure_duration	SYN_SEG_0615	SYN_SEG_SPK_18	SYN_SESSION_18	closure_duration	final	stop		1803	1803.08055	80.5499999999029	ms	ok		SYN_GENERATOR_11042026	SYNTHETIC_TEACHING_FIXTURE
REQ_SYN_SEG_0615_vowel_onset_f0	SYN_SEG_0615	SYN_SEG_SPK_18	SYN_SESSION_18	vowel_onset_f0	final	stop				115.923	Hz	ok		SYN_GENERATOR_11042026	SYNTHETIC_TEACHING_FIXTURE
REQ_SYN_SEG_0616_vot	SYN_SEG_0616	SYN_SEG_SPK_18	SYN_SESSION_18	vot	initial	stop		1804.074447	1804.073626	-0.82099999985985	ms	ok		SYN_GENERATOR_11042026	SYNTHETIC_TEACHING_FIXTURE
REQ_SYN_SEG_0616_closure_duration	SYN_SEG_0616	SYN_SEG_SPK_18	SYN_SESSION_18	closure_duration	initial	stop		1804	1804.074447	74.4469999999637	ms	ok		SYN_GENERATOR_11042026	SYNTHETIC_TEACHING_FIXTURE
REQ_SYN_SEG_0616_vowel_onset_f0	SYN_SEG_0616	SYN_SEG_SPK_18	SYN_SESSION_18	vowel_onset_f0	initial	stop				114.709	Hz	ok		SYN_GENERATOR_11042026	SYNTHETIC_TEACHING_FIXTURE
REQ_SYN_SEG_0617_vot	SYN_SEG_0617	SYN_SEG_SPK_18	SYN_SESSION_18	vot	medial	stop		1805.067125	1805.051219	-15.9060000000864	ms	ok		SYN_GENERATOR_11042026	SYNTHETIC_TEACHING_FIXTURE
REQ_SYN_SEG_0617_closure_duration	SYN_SEG_0617	SYN_SEG_SPK_18	SYN_SESSION_18	closure_duration	medial	stop		1805	1805.067125	67.1250000000327	ms	ok		SYN_GENERATOR_11042026	SYNTHETIC_TEACHING_FIXTURE
REQ_SYN_SEG_0617_vowel_onset_f0	SYN_SEG_0617	SYN_SEG_SPK_18	SYN_SESSION_18	vowel_onset_f0	medial	stop				132.713	Hz	ok		SYN_GENERATOR_11042026	SYNTHETIC_TEACHING_FIXTURE
REQ_SYN_SEG_0618_vot	SYN_SEG_0618	SYN_SEG_SPK_18	SYN_SESSION_18	vot	final	stop		1806.074078	1806.144131	70.0529999999162	ms	ok		SYN_GENERATOR_11042026	SYNTHETIC_TEACHING_FIXTURE
REQ_SYN_SEG_0618_closure_duration	SYN_SEG_0618	SYN_SEG_SPK_18	SYN_SESSION_18	closure_duration	final	stop		1806	1806.074078	74.0780000000996	ms	ok		SYN_GENERATOR_11042026	SYNTHETIC_TEACHING_FIXTURE
REQ_SYN_SEG_0618_vowel_onset_f0	SYN_SEG_0618	SYN_SEG_SPK_18	SYN_SESSION_18	vowel_onset_f0	final	stop				149.346	Hz	ok		SYN_GENERATOR_11042026	SYNTHETIC_TEACHING_FIXTURE
REQ_SYN_SEG_0619_vot	SYN_SEG_0619	SYN_SEG_SPK_18	SYN_SESSION_18	vot	initial	stop		1807.06482	1807.058629	-6.19099999994432	ms	ok		SYN_GENERATOR_11042026	SYNTHETIC_TEACHING_FIXTURE
REQ_SYN_SEG_0619_closure_duration	SYN_SEG_0619	SYN_SEG_SPK_18	SYN_SESSION_18	closure_duration	initial	stop		1807	1807.06482	64.8200000000543	ms	ok		SYN_GENERATOR_11042026	SYNTHETIC_TEACHING_FIXTURE
REQ_SYN_SEG_0619_vowel_onset_f0	SYN_SEG_0619	SYN_SEG_SPK_18	SYN_SESSION_18	vowel_onset_f0	initial	stop				130.081	Hz	ok		SYN_GENERATOR_11042026	SYNTHETIC_TEACHING_FIXTURE
REQ_SYN_SEG_0620_vot	SYN_SEG_0620	SYN_SEG_SPK_18	SYN_SESSION_18	vot	medial	stop		1808.077973	1808.13461	56.637000000137	ms	ok		SYN_GENERATOR_11042026	SYNTHETIC_TEACHING_FIXTURE
REQ_SYN_SEG_0620_closure_duration	SYN_SEG_0620	SYN_SEG_SPK_18	SYN_SESSION_18	closure_duration	medial	stop		1808	1808.077973	77.972999999929	ms	ok		SYN_GENERATOR_11042026	SYNTHETIC_TEACHING_FIXTURE
REQ_SYN_SEG_0620_vowel_onset_f0	SYN_SEG_0620	SYN_SEG_SPK_18	SYN_SESSION_18	vowel_onset_f0	medial	stop				146.671	Hz	ok		SYN_GENERATOR_11042026	SYNTHETIC_TEACHING_FIXTURE
REQ_SYN_SEG_0621_vot	SYN_SEG_0621	SYN_SEG_SPK_18	SYN_SESSION_18	vot	final	stop		1809.094755	1809.115218	20.462999999836	ms	ok		SYN_GENERATOR_11042026	SYNTHETIC_TEACHING_FIXTURE
REQ_SYN_SEG_0621_closure_duration	SYN_SEG_0621	SYN_SEG_SPK_18	SYN_SESSION_18	closure_duration	final	stop		1809	1809.094755	94.7550000000774	ms	ok		SYN_GENERATOR_11042026	SYNTHETIC_TEACHING_FIXTURE
REQ_SYN_SEG_0621_vowel_onset_f0	SYN_SEG_0621	SYN_SEG_SPK_18	SYN_SESSION_18	vowel_onset_f0	final	stop				124.018	Hz	ok		SYN_GENERATOR_11042026	SYNTHETIC_TEACHING_FIXTURE
REQ_SYN_SEG_0622_vot	SYN_SEG_0622	SYN_SEG_SPK_18	SYN_SESSION_18	vot	initial	stop		1810.090646	1810.17472	84.0739999998732	ms	ok		SYN_GENERATOR_11042026	SYNTHETIC_TEACHING_FIXTURE
REQ_SYN_SEG_0622_closure_duration	SYN_SEG_0622	SYN_SEG_SPK_18	SYN_SESSION_18	closure_duration	initial	stop		1810	1810.090646	90.6460000001061	ms	ok		SYN_GENERATOR_11042026	SYNTHETIC_TEACHING_FIXTURE
REQ_SYN_SEG_0622_vowel_onset_f0	SYN_SEG_0622	SYN_SEG_SPK_18	SYN_SESSION_18	vowel_onset_f0	initial	stop				150.864	Hz	ok		SYN_GENERATOR_11042026	SYNTHETIC_TEACHING_FIXTURE
REQ_SYN_SEG_0623_vot	SYN_SEG_0623	SYN_SEG_SPK_18	SYN_SESSION_18	vot	medial	stop		1811.049044	1811.103025	53.9809999997942	ms	review	multiple_release	SYN_GENERATOR_11042026	SYNTHETIC_TEACHING_FIXTURE
REQ_SYN_SEG_0623_closure_duration	SYN_SEG_0623	SYN_SEG_SPK_18	SYN_SESSION_18	closure_duration	medial	stop		1811	1811.049044	49.0440000000945	ms	review	multiple_release	SYN_GENERATOR_11042026	SYNTHETIC_TEACHING_FIXTURE
REQ_SYN_SEG_0623_vowel_onset_f0	SYN_SEG_0623	SYN_SEG_SPK_18	SYN_SESSION_18	vowel_onset_f0	medial	stop				151.022	Hz	review	multiple_release	SYN_GENERATOR_11042026	SYNTHETIC_TEACHING_FIXTURE
REQ_SYN_SEG_0624_vot	SYN_SEG_0624	SYN_SEG_SPK_18	SYN_SESSION_18	vot	final	stop		1812.106282	1812.159836	53.5540000000765	ms	ok		SYN_GENERATOR_11042026	SYNTHETIC_TEACHING_FIXTURE
REQ_SYN_SEG_0624_closure_duration	SYN_SEG_0624	SYN_SEG_SPK_18	SYN_SESSION_18	closure_duration	final	stop		1812	1812.106282	106.281999999965	ms	ok		SYN_GENERATOR_11042026	SYNTHETIC_TEACHING_FIXTURE
REQ_SYN_SEG_0624_vowel_onset_f0	SYN_SEG_0624	SYN_SEG_SPK_18	SYN_SESSION_18	vowel_onset_f0	final	stop				160.963	Hz	ok		SYN_GENERATOR_11042026	SYNTHETIC_TEACHING_FIXTURE
REQ_SYN_SEG_0625_vowel_duration	SYN_SEG_0625	SYN_SEG_SPK_18	SYN_SESSION_18	vowel_duration	initial	vowel	i	1801	1801.206607	206.607000000076	ms	ok		SYN_GENERATOR_11042026	SYNTHETIC_TEACHING_FIXTURE
REQ_SYN_SEG_0625_f1	SYN_SEG_0625	SYN_SEG_SPK_18	SYN_SESSION_18	f1	initial	vowel	i			282.067	Hz	ok		SYN_GENERATOR_11042026	SYNTHETIC_TEACHING_FIXTURE
REQ_SYN_SEG_0625_f2	SYN_SEG_0625	SYN_SEG_SPK_18	SYN_SESSION_18	f2	initial	vowel	i			2089.994	Hz	ok		SYN_GENERATOR_11042026	SYNTHETIC_TEACHING_FIXTURE
REQ_SYN_SEG_0625_f3	SYN_SEG_0625	SYN_SEG_SPK_18	SYN_SESSION_18	f3	initial	vowel	i			2678.794	Hz	ok		SYN_GENERATOR_11042026	SYNTHETIC_TEACHING_FIXTURE
REQ_SYN_SEG_0626_vowel_duration	SYN_SEG_0626	SYN_SEG_SPK_18	SYN_SESSION_18	vowel_duration	medial	vowel	a	1802	1802.142846	142.845999999963	ms	ok		SYN_GENERATOR_11042026	SYNTHETIC_TEACHING_FIXTURE
REQ_SYN_SEG_0626_f1	SYN_SEG_0626	SYN_SEG_SPK_18	SYN_SESSION_18	f1	medial	vowel	a			676.005	Hz	ok		SYN_GENERATOR_11042026	SYNTHETIC_TEACHING_FIXTURE
REQ_SYN_SEG_0626_f2	SYN_SEG_0626	SYN_SEG_SPK_18	SYN_SESSION_18	f2	medial	vowel	a			1151.303	Hz	ok		SYN_GENERATOR_11042026	SYNTHETIC_TEACHING_FIXTURE
REQ_SYN_SEG_0626_f3	SYN_SEG_0626	SYN_SEG_SPK_18	SYN_SESSION_18	f3	medial	vowel	a			2237.66	Hz	ok		SYN_GENERATOR_11042026	SYNTHETIC_TEACHING_FIXTURE
REQ_SYN_SEG_0627_vowel_duration	SYN_SEG_0627	SYN_SEG_SPK_18	SYN_SESSION_18	vowel_duration	final	vowel	u	1803	1803.203792	203.792000000021	ms	ok		SYN_GENERATOR_11042026	SYNTHETIC_TEACHING_FIXTURE
REQ_SYN_SEG_0627_f1	SYN_SEG_0627	SYN_SEG_SPK_18	SYN_SESSION_18	f1	final	vowel	u			309.532	Hz	ok		SYN_GENERATOR_11042026	SYNTHETIC_TEACHING_FIXTURE
REQ_SYN_SEG_0627_f2	SYN_SEG_0627	SYN_SEG_SPK_18	SYN_SESSION_18	f2	final	vowel	u			756.738	Hz	ok		SYN_GENERATOR_11042026	SYNTHETIC_TEACHING_FIXTURE
REQ_SYN_SEG_0627_f3	SYN_SEG_0627	SYN_SEG_SPK_18	SYN_SESSION_18	f3	final	vowel	u			2076.052	Hz	ok		SYN_GENERATOR_11042026	SYNTHETIC_TEACHING_FIXTURE
REQ_SYN_SEG_0628_vowel_duration	SYN_SEG_0628	SYN_SEG_SPK_18	SYN_SESSION_18	vowel_duration	initial	vowel	i	1804	1804.181967	181.966999999986	ms	ok		SYN_GENERATOR_11042026	SYNTHETIC_TEACHING_FIXTURE
REQ_SYN_SEG_0628_f1	SYN_SEG_0628	SYN_SEG_SPK_18	SYN_SESSION_18	f1	initial	vowel	i			285.107	Hz	ok		SYN_GENERATOR_11042026	SYNTHETIC_TEACHING_FIXTURE
REQ_SYN_SEG_0628_f2	SYN_SEG_0628	SYN_SEG_SPK_18	SYN_SESSION_18	f2	initial	vowel	i			2028.545	Hz	ok		SYN_GENERATOR_11042026	SYNTHETIC_TEACHING_FIXTURE
REQ_SYN_SEG_0628_f3	SYN_SEG_0628	SYN_SEG_SPK_18	SYN_SESSION_18	f3	initial	vowel	i			2709.142	Hz	ok		SYN_GENERATOR_11042026	SYNTHETIC_TEACHING_FIXTURE
REQ_SYN_SEG_0629_vowel_duration	SYN_SEG_0629	SYN_SEG_SPK_18	SYN_SESSION_18	vowel_duration	medial	vowel	a	1805	1805.215	214.999999999918	ms	ok		SYN_GENERATOR_11042026	SYNTHETIC_TEACHING_FIXTURE
REQ_SYN_SEG_0629_f1	SYN_SEG_0629	SYN_SEG_SPK_18	SYN_SESSION_18	f1	medial	vowel	a			674.513	Hz	ok		SYN_GENERATOR_11042026	SYNTHETIC_TEACHING_FIXTURE
REQ_SYN_SEG_0629_f2	SYN_SEG_0629	SYN_SEG_SPK_18	SYN_SESSION_18	f2	medial	vowel	a			1151.187	Hz	ok		SYN_GENERATOR_11042026	SYNTHETIC_TEACHING_FIXTURE
REQ_SYN_SEG_0629_f3	SYN_SEG_0629	SYN_SEG_SPK_18	SYN_SESSION_18	f3	medial	vowel	a			2143.259	Hz	ok		SYN_GENERATOR_11042026	SYNTHETIC_TEACHING_FIXTURE
REQ_SYN_SEG_0630_vowel_duration	SYN_SEG_0630	SYN_SEG_SPK_18	SYN_SESSION_18	vowel_duration	final	vowel	u	1806	1806.213407	213.406999999961	ms	ok		SYN_GENERATOR_11042026	SYNTHETIC_TEACHING_FIXTURE
REQ_SYN_SEG_0630_f1	SYN_SEG_0630	SYN_SEG_SPK_18	SYN_SESSION_18	f1	final	vowel	u			292.404	Hz	ok		SYN_GENERATOR_11042026	SYNTHETIC_TEACHING_FIXTURE
REQ_SYN_SEG_0630_f2	SYN_SEG_0630	SYN_SEG_SPK_18	SYN_SESSION_18	f2	final	vowel	u			829.935	Hz	ok		SYN_GENERATOR_11042026	SYNTHETIC_TEACHING_FIXTURE
REQ_SYN_SEG_0630_f3	SYN_SEG_0630	SYN_SEG_SPK_18	SYN_SESSION_18	f3	final	vowel	u			1864.704	Hz	ok		SYN_GENERATOR_11042026	SYNTHETIC_TEACHING_FIXTURE
REQ_SYN_SEG_0631_vowel_duration	SYN_SEG_0631	SYN_SEG_SPK_18	SYN_SESSION_18	vowel_duration	initial	vowel	i	1807	1807.212166	212.166000000025	ms	ok		SYN_GENERATOR_11042026	SYNTHETIC_TEACHING_FIXTURE
REQ_SYN_SEG_0631_f1	SYN_SEG_0631	SYN_SEG_SPK_18	SYN_SESSION_18	f1	initial	vowel	i			248.781	Hz	ok		SYN_GENERATOR_11042026	SYNTHETIC_TEACHING_FIXTURE
REQ_SYN_SEG_0631_f2	SYN_SEG_0631	SYN_SEG_SPK_18	SYN_SESSION_18	f2	initial	vowel	i			1914.982	Hz	ok		SYN_GENERATOR_11042026	SYNTHETIC_TEACHING_FIXTURE
REQ_SYN_SEG_0631_f3	SYN_SEG_0631	SYN_SEG_SPK_18	SYN_SESSION_18	f3	initial	vowel	i			2755.146	Hz	ok		SYN_GENERATOR_11042026	SYNTHETIC_TEACHING_FIXTURE
REQ_SYN_SEG_0632_vowel_duration	SYN_SEG_0632	SYN_SEG_SPK_18	SYN_SESSION_18	vowel_duration	medial	vowel	a	1808	1808.152554	152.554000000009	ms	ok		SYN_GENERATOR_11042026	SYNTHETIC_TEACHING_FIXTURE
REQ_SYN_SEG_0632_f1	SYN_SEG_0632	SYN_SEG_SPK_18	SYN_SESSION_18	f1	medial	vowel	a			677.012	Hz	ok		SYN_GENERATOR_11042026	SYNTHETIC_TEACHING_FIXTURE
REQ_SYN_SEG_0632_f2	SYN_SEG_0632	SYN_SEG_SPK_18	SYN_SESSION_18	f2	medial	vowel	a			1003.356	Hz	ok		SYN_GENERATOR_11042026	SYNTHETIC_TEACHING_FIXTURE
REQ_SYN_SEG_0632_f3	SYN_SEG_0632	SYN_SEG_SPK_18	SYN_SESSION_18	f3	medial	vowel	a			2330.404	Hz	ok		SYN_GENERATOR_11042026	SYNTHETIC_TEACHING_FIXTURE
REQ_SYN_SEG_0633_vowel_duration	SYN_SEG_0633	SYN_SEG_SPK_18	SYN_SESSION_18	vowel_duration	final	vowel	u	1809	1809.111341	111.341000000039	ms	ok		SYN_GENERATOR_11042026	SYNTHETIC_TEACHING_FIXTURE
REQ_SYN_SEG_0633_f1	SYN_SEG_0633	SYN_SEG_SPK_18	SYN_SESSION_18	f1	final	vowel	u			325.92	Hz	ok		SYN_GENERATOR_11042026	SYNTHETIC_TEACHING_FIXTURE
REQ_SYN_SEG_0633_f2	SYN_SEG_0633	SYN_SEG_SPK_18	SYN_SESSION_18	f2	final	vowel	u			843.533	Hz	ok		SYN_GENERATOR_11042026	SYNTHETIC_TEACHING_FIXTURE
REQ_SYN_SEG_0633_f3	SYN_SEG_0633	SYN_SEG_SPK_18	SYN_SESSION_18	f3	final	vowel	u			1966.498	Hz	ok		SYN_GENERATOR_11042026	SYNTHETIC_TEACHING_FIXTURE
REQ_SYN_SEG_0634_vowel_duration	SYN_SEG_0634	SYN_SEG_SPK_18	SYN_SESSION_18	vowel_duration	initial	vowel	i	1810	1810.219067	219.066999999995	ms	ok		SYN_GENERATOR_11042026	SYNTHETIC_TEACHING_FIXTURE
REQ_SYN_SEG_0634_f1	SYN_SEG_0634	SYN_SEG_SPK_18	SYN_SESSION_18	f1	initial	vowel	i			288.654	Hz	ok		SYN_GENERATOR_11042026	SYNTHETIC_TEACHING_FIXTURE
REQ_SYN_SEG_0634_f2	SYN_SEG_0634	SYN_SEG_SPK_18	SYN_SESSION_18	f2	initial	vowel	i			2019.966	Hz	ok		SYN_GENERATOR_11042026	SYNTHETIC_TEACHING_FIXTURE
REQ_SYN_SEG_0634_f3	SYN_SEG_0634	SYN_SEG_SPK_18	SYN_SESSION_18	f3	initial	vowel	i			2619.519	Hz	ok		SYN_GENERATOR_11042026	SYNTHETIC_TEACHING_FIXTURE
REQ_SYN_SEG_0635_vowel_duration	SYN_SEG_0635	SYN_SEG_SPK_18	SYN_SESSION_18	vowel_duration	medial	vowel	a	1811	1811.208322	208.321999999953	ms	ok		SYN_GENERATOR_11042026	SYNTHETIC_TEACHING_FIXTURE
REQ_SYN_SEG_0635_f1	SYN_SEG_0635	SYN_SEG_SPK_18	SYN_SESSION_18	f1	medial	vowel	a			703.837	Hz	ok		SYN_GENERATOR_11042026	SYNTHETIC_TEACHING_FIXTURE
REQ_SYN_SEG_0635_f2	SYN_SEG_0635	SYN_SEG_SPK_18	SYN_SESSION_18	f2	medial	vowel	a			1061.745	Hz	ok		SYN_GENERATOR_11042026	SYNTHETIC_TEACHING_FIXTURE
REQ_SYN_SEG_0635_f3	SYN_SEG_0635	SYN_SEG_SPK_18	SYN_SESSION_18	f3	medial	vowel	a			2117.368	Hz	ok		SYN_GENERATOR_11042026	SYNTHETIC_TEACHING_FIXTURE
REQ_SYN_SEG_0636_vowel_duration	SYN_SEG_0636	SYN_SEG_SPK_18	SYN_SESSION_18	vowel_duration	final	vowel	u	1812	1812.203598	203.598000000056	ms	ok		SYN_GENERATOR_11042026	SYNTHETIC_TEACHING_FIXTURE
REQ_SYN_SEG_0636_f1	SYN_SEG_0636	SYN_SEG_SPK_18	SYN_SESSION_18	f1	final	vowel	u			273.416	Hz	ok		SYN_GENERATOR_11042026	SYNTHETIC_TEACHING_FIXTURE
REQ_SYN_SEG_0636_f2	SYN_SEG_0636	SYN_SEG_SPK_18	SYN_SESSION_18	f2	final	vowel	u			804.335	Hz	ok		SYN_GENERATOR_11042026	SYNTHETIC_TEACHING_FIXTURE
REQ_SYN_SEG_0636_f3	SYN_SEG_0636	SYN_SEG_SPK_18	SYN_SESSION_18	f3	final	vowel	u			1962.953	Hz	ok		SYN_GENERATOR_11042026	SYNTHETIC_TEACHING_FIXTURE
REQ_SYN_SEG_0637_fricative_duration	SYN_SEG_0637	SYN_SEG_SPK_18	SYN_SESSION_18	fricative_duration	initial	fricative		1801	1801.091887	91.8870000000425	ms	ok		SYN_GENERATOR_11042026	SYNTHETIC_TEACHING_FIXTURE
REQ_SYN_SEG_0637_fricative_cog	SYN_SEG_0637	SYN_SEG_SPK_18	SYN_SESSION_18	fricative_cog	initial	fricative				5281.452	Hz	ok		SYN_GENERATOR_11042026	SYNTHETIC_TEACHING_FIXTURE
REQ_SYN_SEG_0638_fricative_duration	SYN_SEG_0638	SYN_SEG_SPK_18	SYN_SESSION_18	fricative_duration	medial	fricative		1802	1802.136468	136.467999999923	ms	ok		SYN_GENERATOR_11042026	SYNTHETIC_TEACHING_FIXTURE
REQ_SYN_SEG_0638_fricative_cog	SYN_SEG_0638	SYN_SEG_SPK_18	SYN_SESSION_18	fricative_cog	medial	fricative				4117.536	Hz	ok		SYN_GENERATOR_11042026	SYNTHETIC_TEACHING_FIXTURE
REQ_SYN_SEG_0639_fricative_duration	SYN_SEG_0639	SYN_SEG_SPK_18	SYN_SESSION_18	fricative_duration	final	fricative		1803	1803.142511	142.511000000013	ms	ok		SYN_GENERATOR_11042026	SYNTHETIC_TEACHING_FIXTURE
REQ_SYN_SEG_0639_fricative_cog	SYN_SEG_0639	SYN_SEG_SPK_18	SYN_SESSION_18	fricative_cog	final	fricative				4409.012	Hz	ok		SYN_GENERATOR_11042026	SYNTHETIC_TEACHING_FIXTURE
REQ_SYN_SEG_0640_fricative_duration	SYN_SEG_0640	SYN_SEG_SPK_18	SYN_SESSION_18	fricative_duration	initial	fricative		1804	1804.14705	147.050000000036	ms	ok		SYN_GENERATOR_11042026	SYNTHETIC_TEACHING_FIXTURE
REQ_SYN_SEG_0640_fricative_cog	SYN_SEG_0640	SYN_SEG_SPK_18	SYN_SESSION_18	fricative_cog	initial	fricative				5478.142	Hz	ok		SYN_GENERATOR_11042026	SYNTHETIC_TEACHING_FIXTURE
REQ_SYN_SEG_0641_fricative_duration	SYN_SEG_0641	SYN_SEG_SPK_18	SYN_SESSION_18	fricative_duration	medial	fricative		1805	1805.095763	95.7630000000336	ms	ok		SYN_GENERATOR_11042026	SYNTHETIC_TEACHING_FIXTURE
REQ_SYN_SEG_0641_fricative_cog	SYN_SEG_0641	SYN_SEG_SPK_18	SYN_SESSION_18	fricative_cog	medial	fricative				4450.483	Hz	ok		SYN_GENERATOR_11042026	SYNTHETIC_TEACHING_FIXTURE
REQ_SYN_SEG_0642_fricative_duration	SYN_SEG_0642	SYN_SEG_SPK_18	SYN_SESSION_18	fricative_duration	final	fricative		1806	1806.176094	176.093999999921	ms	ok		SYN_GENERATOR_11042026	SYNTHETIC_TEACHING_FIXTURE
REQ_SYN_SEG_0642_fricative_cog	SYN_SEG_0642	SYN_SEG_SPK_18	SYN_SESSION_18	fricative_cog	final	fricative				4670.758	Hz	ok		SYN_GENERATOR_11042026	SYNTHETIC_TEACHING_FIXTURE
REQ_SYN_SEG_0643_fricative_duration	SYN_SEG_0643	SYN_SEG_SPK_18	SYN_SESSION_18	fricative_duration	initial	fricative		1807	1807.121098	121.098000000075	ms	ok		SYN_GENERATOR_11042026	SYNTHETIC_TEACHING_FIXTURE
REQ_SYN_SEG_0643_fricative_cog	SYN_SEG_0643	SYN_SEG_SPK_18	SYN_SESSION_18	fricative_cog	initial	fricative				5169.705	Hz	ok		SYN_GENERATOR_11042026	SYNTHETIC_TEACHING_FIXTURE
REQ_SYN_SEG_0644_fricative_duration	SYN_SEG_0644	SYN_SEG_SPK_18	SYN_SESSION_18	fricative_duration	medial	fricative		1808	1808.157207	157.206999999971	ms	ok		SYN_GENERATOR_11042026	SYNTHETIC_TEACHING_FIXTURE
REQ_SYN_SEG_0644_fricative_cog	SYN_SEG_0644	SYN_SEG_SPK_18	SYN_SESSION_18	fricative_cog	medial	fricative				4055.196	Hz	ok		SYN_GENERATOR_11042026	SYNTHETIC_TEACHING_FIXTURE
REQ_SYN_SEG_0645_fricative_duration	SYN_SEG_0645	SYN_SEG_SPK_18	SYN_SESSION_18	fricative_duration	final	fricative		1809	1809.072592	72.591999999986	ms	ok		SYN_GENERATOR_11042026	SYNTHETIC_TEACHING_FIXTURE
REQ_SYN_SEG_0645_fricative_cog	SYN_SEG_0645	SYN_SEG_SPK_18	SYN_SESSION_18	fricative_cog	final	fricative				3967.666	Hz	ok		SYN_GENERATOR_11042026	SYNTHETIC_TEACHING_FIXTURE
REQ_SYN_SEG_0646_fricative_duration	SYN_SEG_0646	SYN_SEG_SPK_18	SYN_SESSION_18	fricative_duration	initial	fricative		1810	1810.102118	102.118000000019	ms	ok		SYN_GENERATOR_11042026	SYNTHETIC_TEACHING_FIXTURE
REQ_SYN_SEG_0646_fricative_cog	SYN_SEG_0646	SYN_SEG_SPK_18	SYN_SESSION_18	fricative_cog	initial	fricative				5183.738	Hz	ok		SYN_GENERATOR_11042026	SYNTHETIC_TEACHING_FIXTURE
REQ_SYN_SEG_0647_fricative_duration	SYN_SEG_0647	SYN_SEG_SPK_18	SYN_SESSION_18	fricative_duration	medial	fricative		1811	1811.148892	148.891999999933	ms	ok		SYN_GENERATOR_11042026	SYNTHETIC_TEACHING_FIXTURE
REQ_SYN_SEG_0647_fricative_cog	SYN_SEG_0647	SYN_SEG_SPK_18	SYN_SESSION_18	fricative_cog	medial	fricative				4185.572	Hz	ok		SYN_GENERATOR_11042026	SYNTHETIC_TEACHING_FIXTURE
REQ_SYN_SEG_0648_fricative_duration	SYN_SEG_0648	SYN_SEG_SPK_18	SYN_SESSION_18	fricative_duration	final	fricative		1812	1812.152296	152.295999999978	ms	ok		SYN_GENERATOR_11042026	SYNTHETIC_TEACHING_FIXTURE
REQ_SYN_SEG_0648_fricative_cog	SYN_SEG_0648	SYN_SEG_SPK_18	SYN_SESSION_18	fricative_cog	final	fricative				4527.061	Hz	ok		SYN_GENERATOR_11042026	SYNTHETIC_TEACHING_FIXTURE
REQ_SYN_SEG_0649_vot	SYN_SEG_0649	SYN_SEG_SPK_19	SYN_SESSION_19	vot	initial	stop		1901.0961	1901.136989	40.8890000001065	ms	ok		SYN_GENERATOR_11042026	SYNTHETIC_TEACHING_FIXTURE
REQ_SYN_SEG_0649_closure_duration	SYN_SEG_0649	SYN_SEG_SPK_19	SYN_SESSION_19	closure_duration	initial	stop		1901	1901.0961	96.0999999999785	ms	ok		SYN_GENERATOR_11042026	SYNTHETIC_TEACHING_FIXTURE
REQ_SYN_SEG_0649_vowel_onset_f0	SYN_SEG_0649	SYN_SEG_SPK_19	SYN_SESSION_19	vowel_onset_f0	initial	stop				136.324	Hz	ok		SYN_GENERATOR_11042026	SYNTHETIC_TEACHING_FIXTURE
REQ_SYN_SEG_0650_vot	SYN_SEG_0650	SYN_SEG_SPK_19	SYN_SESSION_19	vot	medial	stop		1902.059246	1902.115684	56.438000000071	ms	ok		SYN_GENERATOR_11042026	SYNTHETIC_TEACHING_FIXTURE
REQ_SYN_SEG_0650_closure_duration	SYN_SEG_0650	SYN_SEG_SPK_19	SYN_SESSION_19	closure_duration	medial	stop		1902	1902.059246	59.2460000000301	ms	ok		SYN_GENERATOR_11042026	SYNTHETIC_TEACHING_FIXTURE
REQ_SYN_SEG_0650_vowel_onset_f0	SYN_SEG_0650	SYN_SEG_SPK_19	SYN_SESSION_19	vowel_onset_f0	medial	stop				130.122	Hz	ok		SYN_GENERATOR_11042026	SYNTHETIC_TEACHING_FIXTURE
REQ_SYN_SEG_0651_vot	SYN_SEG_0651	SYN_SEG_SPK_19	SYN_SESSION_19	vot	final	stop		1903.046303	1903.03071	-15.5930000000808	ms	ok		SYN_GENERATOR_11042026	SYNTHETIC_TEACHING_FIXTURE
REQ_SYN_SEG_0651_closure_duration	SYN_SEG_0651	SYN_SEG_SPK_19	SYN_SESSION_19	closure_duration	final	stop		1903	1903.046303	46.3030000000799	ms	ok		SYN_GENERATOR_11042026	SYNTHETIC_TEACHING_FIXTURE
REQ_SYN_SEG_0651_vowel_onset_f0	SYN_SEG_0651	SYN_SEG_SPK_19	SYN_SESSION_19	vowel_onset_f0	final	stop				104.638	Hz	ok		SYN_GENERATOR_11042026	SYNTHETIC_TEACHING_FIXTURE
REQ_SYN_SEG_0652_vot	SYN_SEG_0652	SYN_SEG_SPK_19	SYN_SESSION_19	vot	initial	stop		1904.105659	1904.168116	62.4569999999949	ms	ok		SYN_GENERATOR_11042026	SYNTHETIC_TEACHING_FIXTURE
REQ_SYN_SEG_0652_closure_duration	SYN_SEG_0652	SYN_SEG_SPK_19	SYN_SESSION_19	closure_duration	initial	stop		1904	1904.105659	105.65900000006	ms	ok		SYN_GENERATOR_11042026	SYNTHETIC_TEACHING_FIXTURE
REQ_SYN_SEG_0652_vowel_onset_f0	SYN_SEG_0652	SYN_SEG_SPK_19	SYN_SESSION_19	vowel_onset_f0	initial	stop				134.367	Hz	ok		SYN_GENERATOR_11042026	SYNTHETIC_TEACHING_FIXTURE
REQ_SYN_SEG_0653_vot	SYN_SEG_0653	SYN_SEG_SPK_19	SYN_SESSION_19	vot	medial	stop		1905.100751	1905.117182	16.4310000000114	ms	ok		SYN_GENERATOR_11042026	SYNTHETIC_TEACHING_FIXTURE
REQ_SYN_SEG_0653_closure_duration	SYN_SEG_0653	SYN_SEG_SPK_19	SYN_SESSION_19	closure_duration	medial	stop		1905	1905.100751	100.750999999946	ms	ok		SYN_GENERATOR_11042026	SYNTHETIC_TEACHING_FIXTURE
REQ_SYN_SEG_0653_vowel_onset_f0	SYN_SEG_0653	SYN_SEG_SPK_19	SYN_SESSION_19	vowel_onset_f0	medial	stop				109.977	Hz	ok		SYN_GENERATOR_11042026	SYNTHETIC_TEACHING_FIXTURE
REQ_SYN_SEG_0654_vot	SYN_SEG_0654	SYN_SEG_SPK_19	SYN_SESSION_19	vot	final	stop		1906.072535	1906.125822	53.2869999999548	ms	ok		SYN_GENERATOR_11042026	SYNTHETIC_TEACHING_FIXTURE
REQ_SYN_SEG_0654_closure_duration	SYN_SEG_0654	SYN_SEG_SPK_19	SYN_SESSION_19	closure_duration	final	stop		1906	1906.072535	72.5350000000162	ms	ok		SYN_GENERATOR_11042026	SYNTHETIC_TEACHING_FIXTURE
REQ_SYN_SEG_0654_vowel_onset_f0	SYN_SEG_0654	SYN_SEG_SPK_19	SYN_SESSION_19	vowel_onset_f0	final	stop				143.803	Hz	ok		SYN_GENERATOR_11042026	SYNTHETIC_TEACHING_FIXTURE
REQ_SYN_SEG_0655_vot	SYN_SEG_0655	SYN_SEG_SPK_19	SYN_SESSION_19	vot	initial	stop		1907.064764	1907.107323	42.5589999999829	ms	ok		SYN_GENERATOR_11042026	SYNTHETIC_TEACHING_FIXTURE
REQ_SYN_SEG_0655_closure_duration	SYN_SEG_0655	SYN_SEG_SPK_19	SYN_SESSION_19	closure_duration	initial	stop		1907	1907.064764	64.7639999999683	ms	ok		SYN_GENERATOR_11042026	SYNTHETIC_TEACHING_FIXTURE
REQ_SYN_SEG_0655_vowel_onset_f0	SYN_SEG_0655	SYN_SEG_SPK_19	SYN_SESSION_19	vowel_onset_f0	initial	stop				129.851	Hz	ok		SYN_GENERATOR_11042026	SYNTHETIC_TEACHING_FIXTURE
REQ_SYN_SEG_0656_vot	SYN_SEG_0656	SYN_SEG_SPK_19	SYN_SESSION_19	vot	medial	stop		1908.091582	1908.147754	56.1720000000605	ms	ok		SYN_GENERATOR_11042026	SYNTHETIC_TEACHING_FIXTURE
REQ_SYN_SEG_0656_closure_duration	SYN_SEG_0656	SYN_SEG_SPK_19	SYN_SESSION_19	closure_duration	medial	stop		1908	1908.091582	91.5820000000167	ms	ok		SYN_GENERATOR_11042026	SYNTHETIC_TEACHING_FIXTURE
REQ_SYN_SEG_0656_vowel_onset_f0	SYN_SEG_0656	SYN_SEG_SPK_19	SYN_SESSION_19	vowel_onset_f0	medial	stop				129.576	Hz	ok		SYN_GENERATOR_11042026	SYNTHETIC_TEACHING_FIXTURE
REQ_SYN_SEG_0657_vot	SYN_SEG_0657	SYN_SEG_SPK_19	SYN_SESSION_19	vot	final	stop		1909.096585	1909.093146	-3.43900000007125	ms	ok		SYN_GENERATOR_11042026	SYNTHETIC_TEACHING_FIXTURE
REQ_SYN_SEG_0657_closure_duration	SYN_SEG_0657	SYN_SEG_SPK_19	SYN_SESSION_19	closure_duration	final	stop		1909	1909.096585	96.5850000000046	ms	ok		SYN_GENERATOR_11042026	SYNTHETIC_TEACHING_FIXTURE
REQ_SYN_SEG_0657_vowel_onset_f0	SYN_SEG_0657	SYN_SEG_SPK_19	SYN_SESSION_19	vowel_onset_f0	final	stop				107.072	Hz	ok		SYN_GENERATOR_11042026	SYNTHETIC_TEACHING_FIXTURE
REQ_SYN_SEG_0658_vot	SYN_SEG_0658	SYN_SEG_SPK_19	SYN_SESSION_19	vot	initial	stop		1910.099649	1910.110382	10.7330000000729	ms	ok		SYN_GENERATOR_11042026	SYNTHETIC_TEACHING_FIXTURE
REQ_SYN_SEG_0658_closure_duration	SYN_SEG_0658	SYN_SEG_SPK_19	SYN_SESSION_19	closure_duration	initial	stop		1910	1910.099649	99.6489999999994	ms	ok		SYN_GENERATOR_11042026	SYNTHETIC_TEACHING_FIXTURE
REQ_SYN_SEG_0658_vowel_onset_f0	SYN_SEG_0658	SYN_SEG_SPK_19	SYN_SESSION_19	vowel_onset_f0	initial	stop				111.773	Hz	ok		SYN_GENERATOR_11042026	SYNTHETIC_TEACHING_FIXTURE
REQ_SYN_SEG_0659_vot	SYN_SEG_0659	SYN_SEG_SPK_19	SYN_SESSION_19	vot	medial	stop		1911.071915	1911.132701	60.7860000000073	ms	ok		SYN_GENERATOR_11042026	SYNTHETIC_TEACHING_FIXTURE
REQ_SYN_SEG_0659_closure_duration	SYN_SEG_0659	SYN_SEG_SPK_19	SYN_SESSION_19	closure_duration	medial	stop		1911	1911.071915	71.91499999999	ms	ok		SYN_GENERATOR_11042026	SYNTHETIC_TEACHING_FIXTURE
REQ_SYN_SEG_0659_vowel_onset_f0	SYN_SEG_0659	SYN_SEG_SPK_19	SYN_SESSION_19	vowel_onset_f0	medial	stop				137.33	Hz	ok		SYN_GENERATOR_11042026	SYNTHETIC_TEACHING_FIXTURE
REQ_SYN_SEG_0660_vot	SYN_SEG_0660	SYN_SEG_SPK_19	SYN_SESSION_19	vot	final	stop		1912.065689	1912.131685	65.996000000041	ms	ok		SYN_GENERATOR_11042026	SYNTHETIC_TEACHING_FIXTURE
REQ_SYN_SEG_0660_closure_duration	SYN_SEG_0660	SYN_SEG_SPK_19	SYN_SESSION_19	closure_duration	final	stop		1912	1912.065689	65.6890000000203	ms	ok		SYN_GENERATOR_11042026	SYNTHETIC_TEACHING_FIXTURE
REQ_SYN_SEG_0660_vowel_onset_f0	SYN_SEG_0660	SYN_SEG_SPK_19	SYN_SESSION_19	vowel_onset_f0	final	stop				136.255	Hz	ok		SYN_GENERATOR_11042026	SYNTHETIC_TEACHING_FIXTURE
REQ_SYN_SEG_0661_vowel_duration	SYN_SEG_0661	SYN_SEG_SPK_19	SYN_SESSION_19	vowel_duration	initial	vowel	i	1901	1901.135497	135.496999999987	ms	ok		SYN_GENERATOR_11042026	SYNTHETIC_TEACHING_FIXTURE
REQ_SYN_SEG_0661_f1	SYN_SEG_0661	SYN_SEG_SPK_19	SYN_SESSION_19	f1	initial	vowel	i			351.317	Hz	ok		SYN_GENERATOR_11042026	SYNTHETIC_TEACHING_FIXTURE
REQ_SYN_SEG_0661_f2	SYN_SEG_0661	SYN_SEG_SPK_19	SYN_SESSION_19	f2	initial	vowel	i			2651.866	Hz	ok		SYN_GENERATOR_11042026	SYNTHETIC_TEACHING_FIXTURE
REQ_SYN_SEG_0661_f3	SYN_SEG_0661	SYN_SEG_SPK_19	SYN_SESSION_19	f3	initial	vowel	i			3386.311	Hz	ok		SYN_GENERATOR_11042026	SYNTHETIC_TEACHING_FIXTURE
REQ_SYN_SEG_0662_vowel_duration	SYN_SEG_0662	SYN_SEG_SPK_19	SYN_SESSION_19	vowel_duration	medial	vowel	a	1902	1902.218492	218.491999999969	ms	ok		SYN_GENERATOR_11042026	SYNTHETIC_TEACHING_FIXTURE
REQ_SYN_SEG_0662_f1	SYN_SEG_0662	SYN_SEG_SPK_19	SYN_SESSION_19	f1	medial	vowel	a			844.081	Hz	ok		SYN_GENERATOR_11042026	SYNTHETIC_TEACHING_FIXTURE
REQ_SYN_SEG_0662_f2	SYN_SEG_0662	SYN_SEG_SPK_19	SYN_SESSION_19	f2	medial	vowel	a			1302.975	Hz	ok		SYN_GENERATOR_11042026	SYNTHETIC_TEACHING_FIXTURE
REQ_SYN_SEG_0662_f3	SYN_SEG_0662	SYN_SEG_SPK_19	SYN_SESSION_19	f3	medial	vowel	a			2842.952	Hz	ok		SYN_GENERATOR_11042026	SYNTHETIC_TEACHING_FIXTURE
REQ_SYN_SEG_0663_vowel_duration	SYN_SEG_0663	SYN_SEG_SPK_19	SYN_SESSION_19	vowel_duration	final	vowel	u	1903	1903.076328	76.3280000001032	ms	ok		SYN_GENERATOR_11042026	SYNTHETIC_TEACHING_FIXTURE
REQ_SYN_SEG_0663_f1	SYN_SEG_0663	SYN_SEG_SPK_19	SYN_SESSION_19	f1	final	vowel	u			385.398	Hz	ok		SYN_GENERATOR_11042026	SYNTHETIC_TEACHING_FIXTURE
REQ_SYN_SEG_0663_f2	SYN_SEG_0663	SYN_SEG_SPK_19	SYN_SESSION_19	f2	final	vowel	u			990.284	Hz	ok		SYN_GENERATOR_11042026	SYNTHETIC_TEACHING_FIXTURE
REQ_SYN_SEG_0663_f3	SYN_SEG_0663	SYN_SEG_SPK_19	SYN_SESSION_19	f3	final	vowel	u			2457.262	Hz	ok		SYN_GENERATOR_11042026	SYNTHETIC_TEACHING_FIXTURE
REQ_SYN_SEG_0664_vowel_duration	SYN_SEG_0664	SYN_SEG_SPK_19	SYN_SESSION_19	vowel_duration	initial	vowel	i	1904	1904.0867	86.7000000000644	ms	ok		SYN_GENERATOR_11042026	SYNTHETIC_TEACHING_FIXTURE
REQ_SYN_SEG_0664_f1	SYN_SEG_0664	SYN_SEG_SPK_19	SYN_SESSION_19	f1	initial	vowel	i			371.16	Hz	ok		SYN_GENERATOR_11042026	SYNTHETIC_TEACHING_FIXTURE
REQ_SYN_SEG_0664_f2	SYN_SEG_0664	SYN_SEG_SPK_19	SYN_SESSION_19	f2	initial	vowel	i			2655.76	Hz	ok		SYN_GENERATOR_11042026	SYNTHETIC_TEACHING_FIXTURE
REQ_SYN_SEG_0664_f3	SYN_SEG_0664	SYN_SEG_SPK_19	SYN_SESSION_19	f3	initial	vowel	i			3358.432	Hz	ok		SYN_GENERATOR_11042026	SYNTHETIC_TEACHING_FIXTURE
REQ_SYN_SEG_0665_vowel_duration	SYN_SEG_0665	SYN_SEG_SPK_19	SYN_SESSION_19	vowel_duration	medial	vowel	a	1905	1905.202368	202.367999999979	ms	ok		SYN_GENERATOR_11042026	SYNTHETIC_TEACHING_FIXTURE
REQ_SYN_SEG_0665_f1	SYN_SEG_0665	SYN_SEG_SPK_19	SYN_SESSION_19	f1	medial	vowel	a			847.393	Hz	ok		SYN_GENERATOR_11042026	SYNTHETIC_TEACHING_FIXTURE
REQ_SYN_SEG_0665_f2	SYN_SEG_0665	SYN_SEG_SPK_19	SYN_SESSION_19	f2	medial	vowel	a			1411.84	Hz	ok		SYN_GENERATOR_11042026	SYNTHETIC_TEACHING_FIXTURE
REQ_SYN_SEG_0665_f3	SYN_SEG_0665	SYN_SEG_SPK_19	SYN_SESSION_19	f3	medial	vowel	a			2898.64	Hz	ok		SYN_GENERATOR_11042026	SYNTHETIC_TEACHING_FIXTURE
REQ_SYN_SEG_0666_vowel_duration	SYN_SEG_0666	SYN_SEG_SPK_19	SYN_SESSION_19	vowel_duration	final	vowel	u	1906	1906.151752	151.751999999988	ms	ok		SYN_GENERATOR_11042026	SYNTHETIC_TEACHING_FIXTURE
REQ_SYN_SEG_0666_f1	SYN_SEG_0666	SYN_SEG_SPK_19	SYN_SESSION_19	f1	final	vowel	u			350.816	Hz	ok		SYN_GENERATOR_11042026	SYNTHETIC_TEACHING_FIXTURE
REQ_SYN_SEG_0666_f2	SYN_SEG_0666	SYN_SEG_SPK_19	SYN_SESSION_19	f2	final	vowel	u			1132.406	Hz	ok		SYN_GENERATOR_11042026	SYNTHETIC_TEACHING_FIXTURE
REQ_SYN_SEG_0666_f3	SYN_SEG_0666	SYN_SEG_SPK_19	SYN_SESSION_19	f3	final	vowel	u			2567.999	Hz	ok		SYN_GENERATOR_11042026	SYNTHETIC_TEACHING_FIXTURE
REQ_SYN_SEG_0667_vowel_duration	SYN_SEG_0667	SYN_SEG_SPK_19	SYN_SESSION_19	vowel_duration	initial	vowel	i	1907	1907.159326	159.325999999965	ms	ok		SYN_GENERATOR_11042026	SYNTHETIC_TEACHING_FIXTURE
REQ_SYN_SEG_0667_f1	SYN_SEG_0667	SYN_SEG_SPK_19	SYN_SESSION_19	f1	initial	vowel	i			355.877	Hz	ok		SYN_GENERATOR_11042026	SYNTHETIC_TEACHING_FIXTURE
REQ_SYN_SEG_0667_f2	SYN_SEG_0667	SYN_SEG_SPK_19	SYN_SESSION_19	f2	initial	vowel	i			2620.771	Hz	ok		SYN_GENERATOR_11042026	SYNTHETIC_TEACHING_FIXTURE
REQ_SYN_SEG_0667_f3	SYN_SEG_0667	SYN_SEG_SPK_19	SYN_SESSION_19	f3	initial	vowel	i			3460.805	Hz	ok		SYN_GENERATOR_11042026	SYNTHETIC_TEACHING_FIXTURE
REQ_SYN_SEG_0668_vowel_duration	SYN_SEG_0668	SYN_SEG_SPK_19	SYN_SESSION_19	vowel_duration	medial	vowel	a	1908	1908.105715	105.714999999918	ms	ok		SYN_GENERATOR_11042026	SYNTHETIC_TEACHING_FIXTURE
REQ_SYN_SEG_0668_f1	SYN_SEG_0668	SYN_SEG_SPK_19	SYN_SESSION_19	f1	medial	vowel	a			852.544	Hz	ok		SYN_GENERATOR_11042026	SYNTHETIC_TEACHING_FIXTURE
REQ_SYN_SEG_0668_f2	SYN_SEG_0668	SYN_SEG_SPK_19	SYN_SESSION_19	f2	medial	vowel	a			1319.245	Hz	ok		SYN_GENERATOR_11042026	SYNTHETIC_TEACHING_FIXTURE
REQ_SYN_SEG_0668_f3	SYN_SEG_0668	SYN_SEG_SPK_19	SYN_SESSION_19	f3	medial	vowel	a			2888.171	Hz	ok		SYN_GENERATOR_11042026	SYNTHETIC_TEACHING_FIXTURE
REQ_SYN_SEG_0669_vowel_duration	SYN_SEG_0669	SYN_SEG_SPK_19	SYN_SESSION_19	vowel_duration	final	vowel	u	1909	1909.138958	138.958000000002	ms	ok		SYN_GENERATOR_11042026	SYNTHETIC_TEACHING_FIXTURE
REQ_SYN_SEG_0669_f1	SYN_SEG_0669	SYN_SEG_SPK_19	SYN_SESSION_19	f1	final	vowel	u			410.497	Hz	ok		SYN_GENERATOR_11042026	SYNTHETIC_TEACHING_FIXTURE
REQ_SYN_SEG_0669_f2	SYN_SEG_0669	SYN_SEG_SPK_19	SYN_SESSION_19	f2	final	vowel	u			970.899	Hz	ok		SYN_GENERATOR_11042026	SYNTHETIC_TEACHING_FIXTURE
REQ_SYN_SEG_0669_f3	SYN_SEG_0669	SYN_SEG_SPK_19	SYN_SESSION_19	f3	final	vowel	u			2465.12	Hz	ok		SYN_GENERATOR_11042026	SYNTHETIC_TEACHING_FIXTURE
REQ_SYN_SEG_0670_vowel_duration	SYN_SEG_0670	SYN_SEG_SPK_19	SYN_SESSION_19	vowel_duration	initial	vowel	i	1910	1910.141948	141.947999999957	ms	ok		SYN_GENERATOR_11042026	SYNTHETIC_TEACHING_FIXTURE
REQ_SYN_SEG_0670_f1	SYN_SEG_0670	SYN_SEG_SPK_19	SYN_SESSION_19	f1	initial	vowel	i			330.732	Hz	ok		SYN_GENERATOR_11042026	SYNTHETIC_TEACHING_FIXTURE
REQ_SYN_SEG_0670_f2	SYN_SEG_0670	SYN_SEG_SPK_19	SYN_SESSION_19	f2	initial	vowel	i			2580.84	Hz	ok		SYN_GENERATOR_11042026	SYNTHETIC_TEACHING_FIXTURE
REQ_SYN_SEG_0670_f3	SYN_SEG_0670	SYN_SEG_SPK_19	SYN_SESSION_19	f3	initial	vowel	i			3426.109	Hz	ok		SYN_GENERATOR_11042026	SYNTHETIC_TEACHING_FIXTURE
REQ_SYN_SEG_0671_vowel_duration	SYN_SEG_0671	SYN_SEG_SPK_19	SYN_SESSION_19	vowel_duration	medial	vowel	a	1911	1911.097744	97.7439999999206	ms	ok		SYN_GENERATOR_11042026	SYNTHETIC_TEACHING_FIXTURE
REQ_SYN_SEG_0671_f1	SYN_SEG_0671	SYN_SEG_SPK_19	SYN_SESSION_19	f1	medial	vowel	a			869.277	Hz	ok		SYN_GENERATOR_11042026	SYNTHETIC_TEACHING_FIXTURE
REQ_SYN_SEG_0671_f2	SYN_SEG_0671	SYN_SEG_SPK_19	SYN_SESSION_19	f2	medial	vowel	a			1405.623	Hz	ok		SYN_GENERATOR_11042026	SYNTHETIC_TEACHING_FIXTURE
REQ_SYN_SEG_0671_f3	SYN_SEG_0671	SYN_SEG_SPK_19	SYN_SESSION_19	f3	medial	vowel	a			2771.776	Hz	ok		SYN_GENERATOR_11042026	SYNTHETIC_TEACHING_FIXTURE
REQ_SYN_SEG_0672_vowel_duration	SYN_SEG_0672	SYN_SEG_SPK_19	SYN_SESSION_19	vowel_duration	final	vowel	u	1912	1912.092485	92.4849999998969	ms	ok		SYN_GENERATOR_11042026	SYNTHETIC_TEACHING_FIXTURE
REQ_SYN_SEG_0672_f1	SYN_SEG_0672	SYN_SEG_SPK_19	SYN_SESSION_19	f1	final	vowel	u			420.633	Hz	ok		SYN_GENERATOR_11042026	SYNTHETIC_TEACHING_FIXTURE
REQ_SYN_SEG_0672_f2	SYN_SEG_0672	SYN_SEG_SPK_19	SYN_SESSION_19	f2	final	vowel	u			1039.629	Hz	ok		SYN_GENERATOR_11042026	SYNTHETIC_TEACHING_FIXTURE
REQ_SYN_SEG_0672_f3	SYN_SEG_0672	SYN_SEG_SPK_19	SYN_SESSION_19	f3	final	vowel	u			2576.503	Hz	ok		SYN_GENERATOR_11042026	SYNTHETIC_TEACHING_FIXTURE
REQ_SYN_SEG_0673_fricative_duration	SYN_SEG_0673	SYN_SEG_SPK_19	SYN_SESSION_19	fricative_duration	initial	fricative		1901	1901.116643	116.643000000067	ms	ok		SYN_GENERATOR_11042026	SYNTHETIC_TEACHING_FIXTURE
REQ_SYN_SEG_0673_fricative_cog	SYN_SEG_0673	SYN_SEG_SPK_19	SYN_SESSION_19	fricative_cog	initial	fricative				7257.499	Hz	ok		SYN_GENERATOR_11042026	SYNTHETIC_TEACHING_FIXTURE
REQ_SYN_SEG_0674_fricative_duration	SYN_SEG_0674	SYN_SEG_SPK_19	SYN_SESSION_19	fricative_duration	medial	fricative		1902	1902.123613	123.612999999978	ms	ok		SYN_GENERATOR_11042026	SYNTHETIC_TEACHING_FIXTURE
REQ_SYN_SEG_0674_fricative_cog	SYN_SEG_0674	SYN_SEG_SPK_19	SYN_SESSION_19	fricative_cog	medial	fricative				5309.887	Hz	ok		SYN_GENERATOR_11042026	SYNTHETIC_TEACHING_FIXTURE
REQ_SYN_SEG_0675_fricative_duration	SYN_SEG_0675	SYN_SEG_SPK_19	SYN_SESSION_19	fricative_duration	final	fricative		1903	1903.162887	162.886999999955	ms	ok		SYN_GENERATOR_11042026	SYNTHETIC_TEACHING_FIXTURE
REQ_SYN_SEG_0675_fricative_cog	SYN_SEG_0675	SYN_SEG_SPK_19	SYN_SESSION_19	fricative_cog	final	fricative				5620.851	Hz	ok		SYN_GENERATOR_11042026	SYNTHETIC_TEACHING_FIXTURE
REQ_SYN_SEG_0676_fricative_duration	SYN_SEG_0676	SYN_SEG_SPK_19	SYN_SESSION_19	fricative_duration	initial	fricative		1904	1904.161355	161.354999999958	ms	ok		SYN_GENERATOR_11042026	SYNTHETIC_TEACHING_FIXTURE
REQ_SYN_SEG_0676_fricative_cog	SYN_SEG_0676	SYN_SEG_SPK_19	SYN_SESSION_19	fricative_cog	initial	fricative				6578.017	Hz	ok		SYN_GENERATOR_11042026	SYNTHETIC_TEACHING_FIXTURE
REQ_SYN_SEG_0677_fricative_duration	SYN_SEG_0677	SYN_SEG_SPK_19	SYN_SESSION_19	fricative_duration	medial	fricative		1905	1905.166424	166.424000000006	ms	ok		SYN_GENERATOR_11042026	SYNTHETIC_TEACHING_FIXTURE
REQ_SYN_SEG_0677_fricative_cog	SYN_SEG_0677	SYN_SEG_SPK_19	SYN_SESSION_19	fricative_cog	medial	fricative				5271.956	Hz	ok		SYN_GENERATOR_11042026	SYNTHETIC_TEACHING_FIXTURE
REQ_SYN_SEG_0678_fricative_duration	SYN_SEG_0678	SYN_SEG_SPK_19	SYN_SESSION_19	fricative_duration	final	fricative		1906	1906.126754	126.753999999892	ms	ok		SYN_GENERATOR_11042026	SYNTHETIC_TEACHING_FIXTURE
REQ_SYN_SEG_0678_fricative_cog	SYN_SEG_0678	SYN_SEG_SPK_19	SYN_SESSION_19	fricative_cog	final	fricative				5384.939	Hz	ok		SYN_GENERATOR_11042026	SYNTHETIC_TEACHING_FIXTURE
REQ_SYN_SEG_0679_fricative_duration	SYN_SEG_0679	SYN_SEG_SPK_19	SYN_SESSION_19	fricative_duration	initial	fricative		1907	1907.082018	82.0180000000619	ms	ok		SYN_GENERATOR_11042026	SYNTHETIC_TEACHING_FIXTURE
REQ_SYN_SEG_0679_fricative_cog	SYN_SEG_0679	SYN_SEG_SPK_19	SYN_SESSION_19	fricative_cog	initial	fricative				7040.877	Hz	ok		SYN_GENERATOR_11042026	SYNTHETIC_TEACHING_FIXTURE
REQ_SYN_SEG_0680_fricative_duration	SYN_SEG_0680	SYN_SEG_SPK_19	SYN_SESSION_19	fricative_duration	medial	fricative		1908	1908.140199	140.198999999939	ms	ok		SYN_GENERATOR_11042026	SYNTHETIC_TEACHING_FIXTURE
REQ_SYN_SEG_0680_fricative_cog	SYN_SEG_0680	SYN_SEG_SPK_19	SYN_SESSION_19	fricative_cog	medial	fricative				5298.066	Hz	ok		SYN_GENERATOR_11042026	SYNTHETIC_TEACHING_FIXTURE
REQ_SYN_SEG_0681_fricative_duration	SYN_SEG_0681	SYN_SEG_SPK_19	SYN_SESSION_19	fricative_duration	final	fricative		1909	1909.158292	158.292000000074	ms	ok		SYN_GENERATOR_11042026	SYNTHETIC_TEACHING_FIXTURE
REQ_SYN_SEG_0681_fricative_cog	SYN_SEG_0681	SYN_SEG_SPK_19	SYN_SESSION_19	fricative_cog	final	fricative				5275.219	Hz	ok		SYN_GENERATOR_11042026	SYNTHETIC_TEACHING_FIXTURE
REQ_SYN_SEG_0682_fricative_duration	SYN_SEG_0682	SYN_SEG_SPK_19	SYN_SESSION_19	fricative_duration	initial	fricative		1910	1910.162971	162.97099999997	ms	ok		SYN_GENERATOR_11042026	SYNTHETIC_TEACHING_FIXTURE
REQ_SYN_SEG_0682_fricative_cog	SYN_SEG_0682	SYN_SEG_SPK_19	SYN_SESSION_19	fricative_cog	initial	fricative				7113.014	Hz	ok		SYN_GENERATOR_11042026	SYNTHETIC_TEACHING_FIXTURE
REQ_SYN_SEG_0683_fricative_duration	SYN_SEG_0683	SYN_SEG_SPK_19	SYN_SESSION_19	fricative_duration	medial	fricative		1911	1911.098064	98.0640000000221	ms	ok		SYN_GENERATOR_11042026	SYNTHETIC_TEACHING_FIXTURE
REQ_SYN_SEG_0683_fricative_cog	SYN_SEG_0683	SYN_SEG_SPK_19	SYN_SESSION_19	fricative_cog	medial	fricative				5510.093	Hz	ok		SYN_GENERATOR_11042026	SYNTHETIC_TEACHING_FIXTURE
REQ_SYN_SEG_0684_fricative_duration	SYN_SEG_0684	SYN_SEG_SPK_19	SYN_SESSION_19	fricative_duration	final	fricative		1912	1912.097323	97.3229999999603	ms	ok		SYN_GENERATOR_11042026	SYNTHETIC_TEACHING_FIXTURE
REQ_SYN_SEG_0684_fricative_cog	SYN_SEG_0684	SYN_SEG_SPK_19	SYN_SESSION_19	fricative_cog	final	fricative				5628.61	Hz	ok		SYN_GENERATOR_11042026	SYNTHETIC_TEACHING_FIXTURE
REQ_SYN_SEG_0685_vot	SYN_SEG_0685	SYN_SEG_SPK_20	SYN_SESSION_20	vot	initial	stop		2001.088488	2001.141281	52.7929999998378	ms	ok		SYN_GENERATOR_11042026	SYNTHETIC_TEACHING_FIXTURE
REQ_SYN_SEG_0685_closure_duration	SYN_SEG_0685	SYN_SEG_SPK_20	SYN_SESSION_20	closure_duration	initial	stop		2001	2001.088488	88.4880000000976	ms	ok		SYN_GENERATOR_11042026	SYNTHETIC_TEACHING_FIXTURE
REQ_SYN_SEG_0685_vowel_onset_f0	SYN_SEG_0685	SYN_SEG_SPK_20	SYN_SESSION_20	vowel_onset_f0	initial	stop				153.506	Hz	ok		SYN_GENERATOR_11042026	SYNTHETIC_TEACHING_FIXTURE
REQ_SYN_SEG_0686_vot	SYN_SEG_0686	SYN_SEG_SPK_20	SYN_SESSION_20	vot	medial	stop		2002.090934	2002.101813	10.8789999999317	ms	ok		SYN_GENERATOR_11042026	SYNTHETIC_TEACHING_FIXTURE
REQ_SYN_SEG_0686_closure_duration	SYN_SEG_0686	SYN_SEG_SPK_20	SYN_SESSION_20	closure_duration	medial	stop		2002	2002.090934	90.9340000000611	ms	ok		SYN_GENERATOR_11042026	SYNTHETIC_TEACHING_FIXTURE
REQ_SYN_SEG_0686_vowel_onset_f0	SYN_SEG_0686	SYN_SEG_SPK_20	SYN_SESSION_20	vowel_onset_f0	medial	stop				122.244	Hz	ok		SYN_GENERATOR_11042026	SYNTHETIC_TEACHING_FIXTURE
REQ_SYN_SEG_0687_vot	SYN_SEG_0687	SYN_SEG_SPK_20	SYN_SESSION_20	vot	final	stop		2003.081677	2003.10348	21.8030000000908	ms	ok		SYN_GENERATOR_11042026	SYNTHETIC_TEACHING_FIXTURE
REQ_SYN_SEG_0687_closure_duration	SYN_SEG_0687	SYN_SEG_SPK_20	SYN_SESSION_20	closure_duration	final	stop		2003	2003.081677	81.6769999998996	ms	ok		SYN_GENERATOR_11042026	SYNTHETIC_TEACHING_FIXTURE
REQ_SYN_SEG_0687_vowel_onset_f0	SYN_SEG_0687	SYN_SEG_SPK_20	SYN_SESSION_20	vowel_onset_f0	final	stop				113.227	Hz	ok		SYN_GENERATOR_11042026	SYNTHETIC_TEACHING_FIXTURE
REQ_SYN_SEG_0688_vot	SYN_SEG_0688	SYN_SEG_SPK_20	SYN_SESSION_20	vot	initial	stop		2004.053342	2004.042716	-10.626000000002	ms	ok		SYN_GENERATOR_11042026	SYNTHETIC_TEACHING_FIXTURE
REQ_SYN_SEG_0688_closure_duration	SYN_SEG_0688	SYN_SEG_SPK_20	SYN_SESSION_20	closure_duration	initial	stop		2004	2004.053342	53.3419999999296	ms	ok		SYN_GENERATOR_11042026	SYNTHETIC_TEACHING_FIXTURE
REQ_SYN_SEG_0688_vowel_onset_f0	SYN_SEG_0688	SYN_SEG_SPK_20	SYN_SESSION_20	vowel_onset_f0	initial	stop				121.99	Hz	ok		SYN_GENERATOR_11042026	SYNTHETIC_TEACHING_FIXTURE
REQ_SYN_SEG_0689_vot	SYN_SEG_0689	SYN_SEG_SPK_20	SYN_SESSION_20	vot	medial	stop		2005.081773	2005.134899	53.1259999997928	ms	ok		SYN_GENERATOR_11042026	SYNTHETIC_TEACHING_FIXTURE
REQ_SYN_SEG_0689_closure_duration	SYN_SEG_0689	SYN_SEG_SPK_20	SYN_SESSION_20	closure_duration	medial	stop		2005	2005.081773	81.773000000112	ms	ok		SYN_GENERATOR_11042026	SYNTHETIC_TEACHING_FIXTURE
REQ_SYN_SEG_0689_vowel_onset_f0	SYN_SEG_0689	SYN_SEG_SPK_20	SYN_SESSION_20	vowel_onset_f0	medial	stop				146.102	Hz	ok		SYN_GENERATOR_11042026	SYNTHETIC_TEACHING_FIXTURE
REQ_SYN_SEG_0690_vot	SYN_SEG_0690	SYN_SEG_SPK_20	SYN_SESSION_20	vot	final	stop		2006.060766	2006.074028	13.2619999999406	ms	ok		SYN_GENERATOR_11042026	SYNTHETIC_TEACHING_FIXTURE
REQ_SYN_SEG_0690_closure_duration	SYN_SEG_0690	SYN_SEG_SPK_20	SYN_SESSION_20	closure_duration	final	stop		2006	2006.060766	60.7660000000578	ms	ok		SYN_GENERATOR_11042026	SYNTHETIC_TEACHING_FIXTURE
REQ_SYN_SEG_0690_vowel_onset_f0	SYN_SEG_0690	SYN_SEG_SPK_20	SYN_SESSION_20	vowel_onset_f0	final	stop				123.243	Hz	ok		SYN_GENERATOR_11042026	SYNTHETIC_TEACHING_FIXTURE
REQ_SYN_SEG_0691_vot	SYN_SEG_0691	SYN_SEG_SPK_20	SYN_SESSION_20	vot	initial	stop		2007.049957	2007.088389	38.4320000000571	ms	ok		SYN_GENERATOR_11042026	SYNTHETIC_TEACHING_FIXTURE
REQ_SYN_SEG_0691_closure_duration	SYN_SEG_0691	SYN_SEG_SPK_20	SYN_SESSION_20	closure_duration	initial	stop		2007	2007.049957	49.9569999999494	ms	ok		SYN_GENERATOR_11042026	SYNTHETIC_TEACHING_FIXTURE
REQ_SYN_SEG_0691_vowel_onset_f0	SYN_SEG_0691	SYN_SEG_SPK_20	SYN_SESSION_20	vowel_onset_f0	initial	stop				143.927	Hz	ok		SYN_GENERATOR_11042026	SYNTHETIC_TEACHING_FIXTURE
REQ_SYN_SEG_0692_vot	SYN_SEG_0692	SYN_SEG_SPK_20	SYN_SESSION_20	vot	medial	stop		2008.057255	2008.106983	49.7279999999591	ms	ok		SYN_GENERATOR_11042026	SYNTHETIC_TEACHING_FIXTURE
REQ_SYN_SEG_0692_closure_duration	SYN_SEG_0692	SYN_SEG_SPK_20	SYN_SESSION_20	closure_duration	medial	stop		2008	2008.057255	57.254999999941	ms	ok		SYN_GENERATOR_11042026	SYNTHETIC_TEACHING_FIXTURE
REQ_SYN_SEG_0692_vowel_onset_f0	SYN_SEG_0692	SYN_SEG_SPK_20	SYN_SESSION_20	vowel_onset_f0	medial	stop				151.49	Hz	ok		SYN_GENERATOR_11042026	SYNTHETIC_TEACHING_FIXTURE
REQ_SYN_SEG_0693_vot	SYN_SEG_0693	SYN_SEG_SPK_20	SYN_SESSION_20	vot	final	stop		2009.089253	2009.172709	83.4559999998419	ms	ok		SYN_GENERATOR_11042026	SYNTHETIC_TEACHING_FIXTURE
REQ_SYN_SEG_0693_closure_duration	SYN_SEG_0693	SYN_SEG_SPK_20	SYN_SESSION_20	closure_duration	final	stop		2009	2009.089253	89.2530000000988	ms	ok		SYN_GENERATOR_11042026	SYNTHETIC_TEACHING_FIXTURE
REQ_SYN_SEG_0693_vowel_onset_f0	SYN_SEG_0693	SYN_SEG_SPK_20	SYN_SESSION_20	vowel_onset_f0	final	stop				139.762	Hz	ok		SYN_GENERATOR_11042026	SYNTHETIC_TEACHING_FIXTURE
REQ_SYN_SEG_0694_vot	SYN_SEG_0694	SYN_SEG_SPK_20	SYN_SESSION_20	vot	initial	stop		2010.072881	2010.145859	72.9779999999209	ms	ok		SYN_GENERATOR_11042026	SYNTHETIC_TEACHING_FIXTURE
REQ_SYN_SEG_0694_closure_duration	SYN_SEG_0694	SYN_SEG_SPK_20	SYN_SESSION_20	closure_duration	initial	stop		2010	2010.072881	72.8810000000522	ms	ok		SYN_GENERATOR_11042026	SYNTHETIC_TEACHING_FIXTURE
REQ_SYN_SEG_0694_vowel_onset_f0	SYN_SEG_0694	SYN_SEG_SPK_20	SYN_SESSION_20	vowel_onset_f0	initial	stop				141.073	Hz	ok		SYN_GENERATOR_11042026	SYNTHETIC_TEACHING_FIXTURE
REQ_SYN_SEG_0695_vot	SYN_SEG_0695	SYN_SEG_SPK_20	SYN_SESSION_20	vot	medial	stop		2011.055353	2011.12052	65.166999999974	ms	ok		SYN_GENERATOR_11042026	SYNTHETIC_TEACHING_FIXTURE
REQ_SYN_SEG_0695_closure_duration	SYN_SEG_0695	SYN_SEG_SPK_20	SYN_SESSION_20	closure_duration	medial	stop		2011	2011.055353	55.3529999999682	ms	ok		SYN_GENERATOR_11042026	SYNTHETIC_TEACHING_FIXTURE
REQ_SYN_SEG_0695_vowel_onset_f0	SYN_SEG_0695	SYN_SEG_SPK_20	SYN_SESSION_20	vowel_onset_f0	medial	stop				148.033	Hz	ok		SYN_GENERATOR_11042026	SYNTHETIC_TEACHING_FIXTURE
REQ_SYN_SEG_0696_vot	SYN_SEG_0696	SYN_SEG_SPK_20	SYN_SESSION_20	vot	final	stop		2012.077772	2012.081658	3.88599999996586	ms	ok		SYN_GENERATOR_11042026	SYNTHETIC_TEACHING_FIXTURE
REQ_SYN_SEG_0696_closure_duration	SYN_SEG_0696	SYN_SEG_SPK_20	SYN_SESSION_20	closure_duration	final	stop		2012	2012.077772	77.7720000000954	ms	ok		SYN_GENERATOR_11042026	SYNTHETIC_TEACHING_FIXTURE
REQ_SYN_SEG_0696_vowel_onset_f0	SYN_SEG_0696	SYN_SEG_SPK_20	SYN_SESSION_20	vowel_onset_f0	final	stop				112.637	Hz	ok		SYN_GENERATOR_11042026	SYNTHETIC_TEACHING_FIXTURE
REQ_SYN_SEG_0697_vowel_duration	SYN_SEG_0697	SYN_SEG_SPK_20	SYN_SESSION_20	vowel_duration	initial	vowel	i	2001	2001.076642	76.6419999999925	ms	ok		SYN_GENERATOR_11042026	SYNTHETIC_TEACHING_FIXTURE
REQ_SYN_SEG_0697_f1	SYN_SEG_0697	SYN_SEG_SPK_20	SYN_SESSION_20	f1	initial	vowel	i			307.458	Hz	ok		SYN_GENERATOR_11042026	SYNTHETIC_TEACHING_FIXTURE
REQ_SYN_SEG_0697_f2	SYN_SEG_0697	SYN_SEG_SPK_20	SYN_SESSION_20	f2	initial	vowel	i			2184.666	Hz	ok		SYN_GENERATOR_11042026	SYNTHETIC_TEACHING_FIXTURE
REQ_SYN_SEG_0697_f3	SYN_SEG_0697	SYN_SEG_SPK_20	SYN_SESSION_20	f3	initial	vowel	i			2881.564	Hz	ok		SYN_GENERATOR_11042026	SYNTHETIC_TEACHING_FIXTURE
REQ_SYN_SEG_0698_vowel_duration	SYN_SEG_0698	SYN_SEG_SPK_20	SYN_SESSION_20	vowel_duration	medial	vowel	a	2002	2002.179296	179.296000000022	ms	ok		SYN_GENERATOR_11042026	SYNTHETIC_TEACHING_FIXTURE
REQ_SYN_SEG_0698_f1	SYN_SEG_0698	SYN_SEG_SPK_20	SYN_SESSION_20	f1	medial	vowel	a			759.908	Hz	ok		SYN_GENERATOR_11042026	SYNTHETIC_TEACHING_FIXTURE
REQ_SYN_SEG_0698_f2	SYN_SEG_0698	SYN_SEG_SPK_20	SYN_SESSION_20	f2	medial	vowel	a			1151.757	Hz	ok		SYN_GENERATOR_11042026	SYNTHETIC_TEACHING_FIXTURE
REQ_SYN_SEG_0698_f3	SYN_SEG_0698	SYN_SEG_SPK_20	SYN_SESSION_20	f3	medial	vowel	a			2459.913	Hz	ok		SYN_GENERATOR_11042026	SYNTHETIC_TEACHING_FIXTURE
REQ_SYN_SEG_0699_vowel_duration	SYN_SEG_0699	SYN_SEG_SPK_20	SYN_SESSION_20	vowel_duration	final	vowel	u	2003	2003.177361	177.361000000019	ms	ok		SYN_GENERATOR_11042026	SYNTHETIC_TEACHING_FIXTURE
REQ_SYN_SEG_0699_f1	SYN_SEG_0699	SYN_SEG_SPK_20	SYN_SESSION_20	f1	final	vowel	u			356.078	Hz	ok		SYN_GENERATOR_11042026	SYNTHETIC_TEACHING_FIXTURE
REQ_SYN_SEG_0699_f2	SYN_SEG_0699	SYN_SEG_SPK_20	SYN_SESSION_20	f2	final	vowel	u			841.569	Hz	ok		SYN_GENERATOR_11042026	SYNTHETIC_TEACHING_FIXTURE
REQ_SYN_SEG_0699_f3	SYN_SEG_0699	SYN_SEG_SPK_20	SYN_SESSION_20	f3	final	vowel	u			2285.148	Hz	ok		SYN_GENERATOR_11042026	SYNTHETIC_TEACHING_FIXTURE
REQ_SYN_SEG_0700_vowel_duration	SYN_SEG_0700	SYN_SEG_SPK_20	SYN_SESSION_20	vowel_duration	initial	vowel	i	2004	2004.187238	187.237999999979	ms	ok		SYN_GENERATOR_11042026	SYNTHETIC_TEACHING_FIXTURE
REQ_SYN_SEG_0700_f1	SYN_SEG_0700	SYN_SEG_SPK_20	SYN_SESSION_20	f1	initial	vowel	i			308.088	Hz	ok		SYN_GENERATOR_11042026	SYNTHETIC_TEACHING_FIXTURE
REQ_SYN_SEG_0700_f2	SYN_SEG_0700	SYN_SEG_SPK_20	SYN_SESSION_20	f2	initial	vowel	i			2276.053	Hz	ok		SYN_GENERATOR_11042026	SYNTHETIC_TEACHING_FIXTURE
REQ_SYN_SEG_0700_f3	SYN_SEG_0700	SYN_SEG_SPK_20	SYN_SESSION_20	f3	initial	vowel	i			2915.536	Hz	ok		SYN_GENERATOR_11042026	SYNTHETIC_TEACHING_FIXTURE
REQ_SYN_SEG_0701_vowel_duration	SYN_SEG_0701	SYN_SEG_SPK_20	SYN_SESSION_20	vowel_duration	medial	vowel	a	2005	2005.084895	84.8949999999604	ms	ok		SYN_GENERATOR_11042026	SYNTHETIC_TEACHING_FIXTURE
REQ_SYN_SEG_0701_f1	SYN_SEG_0701	SYN_SEG_SPK_20	SYN_SESSION_20	f1	medial	vowel	a			717.335	Hz	ok		SYN_GENERATOR_11042026	SYNTHETIC_TEACHING_FIXTURE
REQ_SYN_SEG_0701_f2	SYN_SEG_0701	SYN_SEG_SPK_20	SYN_SESSION_20	f2	medial	vowel	a			1211.678	Hz	ok		SYN_GENERATOR_11042026	SYNTHETIC_TEACHING_FIXTURE
REQ_SYN_SEG_0701_f3	SYN_SEG_0701	SYN_SEG_SPK_20	SYN_SESSION_20	f3	medial	vowel	a			2423.599	Hz	ok		SYN_GENERATOR_11042026	SYNTHETIC_TEACHING_FIXTURE
REQ_SYN_SEG_0702_vowel_duration	SYN_SEG_0702	SYN_SEG_SPK_20	SYN_SESSION_20	vowel_duration	final	vowel	u	2006	2006.136334	136.334000000033	ms	ok		SYN_GENERATOR_11042026	SYNTHETIC_TEACHING_FIXTURE
REQ_SYN_SEG_0702_f1	SYN_SEG_0702	SYN_SEG_SPK_20	SYN_SESSION_20	f1	final	vowel	u			337.331	Hz	ok		SYN_GENERATOR_11042026	SYNTHETIC_TEACHING_FIXTURE
REQ_SYN_SEG_0702_f2	SYN_SEG_0702	SYN_SEG_SPK_20	SYN_SESSION_20	f2	final	vowel	u			838.424	Hz	ok		SYN_GENERATOR_11042026	SYNTHETIC_TEACHING_FIXTURE
REQ_SYN_SEG_0702_f3	SYN_SEG_0702	SYN_SEG_SPK_20	SYN_SESSION_20	f3	final	vowel	u			2206.033	Hz	ok		SYN_GENERATOR_11042026	SYNTHETIC_TEACHING_FIXTURE
REQ_SYN_SEG_0703_vowel_duration	SYN_SEG_0703	SYN_SEG_SPK_20	SYN_SESSION_20	vowel_duration	initial	vowel	i	2007	2007.140951	140.951000000086	ms	ok		SYN_GENERATOR_11042026	SYNTHETIC_TEACHING_FIXTURE
REQ_SYN_SEG_0703_f1	SYN_SEG_0703	SYN_SEG_SPK_20	SYN_SESSION_20	f1	initial	vowel	i			311.099	Hz	ok		SYN_GENERATOR_11042026	SYNTHETIC_TEACHING_FIXTURE
REQ_SYN_SEG_0703_f2	SYN_SEG_0703	SYN_SEG_SPK_20	SYN_SESSION_20	f2	initial	vowel	i			2306.471	Hz	ok		SYN_GENERATOR_11042026	SYNTHETIC_TEACHING_FIXTURE
REQ_SYN_SEG_0703_f3	SYN_SEG_0703	SYN_SEG_SPK_20	SYN_SESSION_20	f3	initial	vowel	i			2938.052	Hz	ok		SYN_GENERATOR_11042026	SYNTHETIC_TEACHING_FIXTURE
REQ_SYN_SEG_0704_vowel_duration	SYN_SEG_0704	SYN_SEG_SPK_20	SYN_SESSION_20	vowel_duration	medial	vowel	a	2008	2008.139838	139.838000000054	ms	ok		SYN_GENERATOR_11042026	SYNTHETIC_TEACHING_FIXTURE
REQ_SYN_SEG_0704_f1	SYN_SEG_0704	SYN_SEG_SPK_20	SYN_SESSION_20	f1	medial	vowel	a			720.145	Hz	ok		SYN_GENERATOR_11042026	SYNTHETIC_TEACHING_FIXTURE
REQ_SYN_SEG_0704_f2	SYN_SEG_0704	SYN_SEG_SPK_20	SYN_SESSION_20	f2	medial	vowel	a			1057.478	Hz	ok		SYN_GENERATOR_11042026	SYNTHETIC_TEACHING_FIXTURE
REQ_SYN_SEG_0704_f3	SYN_SEG_0704	SYN_SEG_SPK_20	SYN_SESSION_20	f3	medial	vowel	a			2583.965	Hz	ok		SYN_GENERATOR_11042026	SYNTHETIC_TEACHING_FIXTURE
REQ_SYN_SEG_0705_vowel_duration	SYN_SEG_0705	SYN_SEG_SPK_20	SYN_SESSION_20	vowel_duration	final	vowel	u	2009	2009.083469	83.4689999999227	ms	ok		SYN_GENERATOR_11042026	SYNTHETIC_TEACHING_FIXTURE
REQ_SYN_SEG_0705_f1	SYN_SEG_0705	SYN_SEG_SPK_20	SYN_SESSION_20	f1	final	vowel	u			351.271	Hz	ok		SYN_GENERATOR_11042026	SYNTHETIC_TEACHING_FIXTURE
REQ_SYN_SEG_0705_f2	SYN_SEG_0705	SYN_SEG_SPK_20	SYN_SESSION_20	f2	final	vowel	u			897.71	Hz	ok		SYN_GENERATOR_11042026	SYNTHETIC_TEACHING_FIXTURE
REQ_SYN_SEG_0705_f3	SYN_SEG_0705	SYN_SEG_SPK_20	SYN_SESSION_20	f3	final	vowel	u			2171.782	Hz	ok		SYN_GENERATOR_11042026	SYNTHETIC_TEACHING_FIXTURE
REQ_SYN_SEG_0706_vowel_duration	SYN_SEG_0706	SYN_SEG_SPK_20	SYN_SESSION_20	vowel_duration	initial	vowel	i	2010	2010.098942	98.9420000000791	ms	ok		SYN_GENERATOR_11042026	SYNTHETIC_TEACHING_FIXTURE
REQ_SYN_SEG_0706_f1	SYN_SEG_0706	SYN_SEG_SPK_20	SYN_SESSION_20	f1	initial	vowel	i			263.717	Hz	ok		SYN_GENERATOR_11042026	SYNTHETIC_TEACHING_FIXTURE
REQ_SYN_SEG_0706_f2	SYN_SEG_0706	SYN_SEG_SPK_20	SYN_SESSION_20	f2	initial	vowel	i			2316.412	Hz	ok		SYN_GENERATOR_11042026	SYNTHETIC_TEACHING_FIXTURE
REQ_SYN_SEG_0706_f3	SYN_SEG_0706	SYN_SEG_SPK_20	SYN_SESSION_20	f3	initial	vowel	i			2971.916	Hz	ok		SYN_GENERATOR_11042026	SYNTHETIC_TEACHING_FIXTURE
REQ_SYN_SEG_0707_vowel_duration	SYN_SEG_0707	SYN_SEG_SPK_20	SYN_SESSION_20	vowel_duration	medial	vowel	a	2011	2011.134964	134.964000000082	ms	ok		SYN_GENERATOR_11042026	SYNTHETIC_TEACHING_FIXTURE
REQ_SYN_SEG_0707_f1	SYN_SEG_0707	SYN_SEG_SPK_20	SYN_SESSION_20	f1	medial	vowel	a			716.817	Hz	ok		SYN_GENERATOR_11042026	SYNTHETIC_TEACHING_FIXTURE
REQ_SYN_SEG_0707_f2	SYN_SEG_0707	SYN_SEG_SPK_20	SYN_SESSION_20	f2	medial	vowel	a			1179.861	Hz	ok		SYN_GENERATOR_11042026	SYNTHETIC_TEACHING_FIXTURE
REQ_SYN_SEG_0707_f3	SYN_SEG_0707	SYN_SEG_SPK_20	SYN_SESSION_20	f3	medial	vowel	a			2420.479	Hz	ok		SYN_GENERATOR_11042026	SYNTHETIC_TEACHING_FIXTURE
REQ_SYN_SEG_0708_vowel_duration	SYN_SEG_0708	SYN_SEG_SPK_20	SYN_SESSION_20	vowel_duration	final	vowel	u	2012	2012.201062	201.062000000093	ms	ok		SYN_GENERATOR_11042026	SYNTHETIC_TEACHING_FIXTURE
REQ_SYN_SEG_0708_f1	SYN_SEG_0708	SYN_SEG_SPK_20	SYN_SESSION_20	f1	final	vowel	u			344.255	Hz	ok		SYN_GENERATOR_11042026	SYNTHETIC_TEACHING_FIXTURE
REQ_SYN_SEG_0708_f2	SYN_SEG_0708	SYN_SEG_SPK_20	SYN_SESSION_20	f2	final	vowel	u			877.147	Hz	ok		SYN_GENERATOR_11042026	SYNTHETIC_TEACHING_FIXTURE
REQ_SYN_SEG_0708_f3	SYN_SEG_0708	SYN_SEG_SPK_20	SYN_SESSION_20	f3	final	vowel	u			2291.773	Hz	ok		SYN_GENERATOR_11042026	SYNTHETIC_TEACHING_FIXTURE
REQ_SYN_SEG_0709_fricative_duration	SYN_SEG_0709	SYN_SEG_SPK_20	SYN_SESSION_20	fricative_duration	initial	fricative		2001	2001.176098	176.097999999911	ms	ok		SYN_GENERATOR_11042026	SYNTHETIC_TEACHING_FIXTURE
REQ_SYN_SEG_0709_fricative_cog	SYN_SEG_0709	SYN_SEG_SPK_20	SYN_SESSION_20	fricative_cog	initial	fricative				5754.721	Hz	ok		SYN_GENERATOR_11042026	SYNTHETIC_TEACHING_FIXTURE
REQ_SYN_SEG_0710_fricative_duration	SYN_SEG_0710	SYN_SEG_SPK_20	SYN_SESSION_20	fricative_duration	medial	fricative		2002	2002.125819	125.819000000092	ms	ok		SYN_GENERATOR_11042026	SYNTHETIC_TEACHING_FIXTURE
REQ_SYN_SEG_0710_fricative_cog	SYN_SEG_0710	SYN_SEG_SPK_20	SYN_SESSION_20	fricative_cog	medial	fricative				4887.009	Hz	ok		SYN_GENERATOR_11042026	SYNTHETIC_TEACHING_FIXTURE
REQ_SYN_SEG_0711_fricative_duration	SYN_SEG_0711	SYN_SEG_SPK_20	SYN_SESSION_20	fricative_duration	final	fricative		2003	2003.112562	112.562000000025	ms	ok		SYN_GENERATOR_11042026	SYNTHETIC_TEACHING_FIXTURE
REQ_SYN_SEG_0711_fricative_cog	SYN_SEG_0711	SYN_SEG_SPK_20	SYN_SESSION_20	fricative_cog	final	fricative				4696.589	Hz	ok		SYN_GENERATOR_11042026	SYNTHETIC_TEACHING_FIXTURE
REQ_SYN_SEG_0712_fricative_duration	SYN_SEG_0712	SYN_SEG_SPK_20	SYN_SESSION_20	fricative_duration	initial	fricative		2004	2004.098667	98.6669999999776	ms	ok		SYN_GENERATOR_11042026	SYNTHETIC_TEACHING_FIXTURE
REQ_SYN_SEG_0712_fricative_cog	SYN_SEG_0712	SYN_SEG_SPK_20	SYN_SESSION_20	fricative_cog	initial	fricative				6000.185	Hz	ok		SYN_GENERATOR_11042026	SYNTHETIC_TEACHING_FIXTURE
REQ_SYN_SEG_0713_fricative_duration	SYN_SEG_0713	SYN_SEG_SPK_20	SYN_SESSION_20	fricative_duration	medial	fricative		2005	2005.080796	80.7959999999639	ms	ok		SYN_GENERATOR_11042026	SYNTHETIC_TEACHING_FIXTURE
REQ_SYN_SEG_0713_fricative_cog	SYN_SEG_0713	SYN_SEG_SPK_20	SYN_SESSION_20	fricative_cog	medial	fricative				4540.903	Hz	ok		SYN_GENERATOR_11042026	SYNTHETIC_TEACHING_FIXTURE
REQ_SYN_SEG_0714_fricative_duration	SYN_SEG_0714	SYN_SEG_SPK_20	SYN_SESSION_20	fricative_duration	final	fricative		2006	2006.15334	153.340000000071	ms	ok		SYN_GENERATOR_11042026	SYNTHETIC_TEACHING_FIXTURE
REQ_SYN_SEG_0714_fricative_cog	SYN_SEG_0714	SYN_SEG_SPK_20	SYN_SESSION_20	fricative_cog	final	fricative				4465.445	Hz	ok		SYN_GENERATOR_11042026	SYNTHETIC_TEACHING_FIXTURE
REQ_SYN_SEG_0715_fricative_duration	SYN_SEG_0715	SYN_SEG_SPK_20	SYN_SESSION_20	fricative_duration	initial	fricative		2007	2007.095308	95.3079999999318	ms	ok		SYN_GENERATOR_11042026	SYNTHETIC_TEACHING_FIXTURE
REQ_SYN_SEG_0715_fricative_cog	SYN_SEG_0715	SYN_SEG_SPK_20	SYN_SESSION_20	fricative_cog	initial	fricative				6482.294	Hz	ok		SYN_GENERATOR_11042026	SYNTHETIC_TEACHING_FIXTURE
REQ_SYN_SEG_0716_fricative_duration	SYN_SEG_0716	SYN_SEG_SPK_20	SYN_SESSION_20	fricative_duration	medial	fricative		2008	2008.095264	95.2640000000429	ms	ok		SYN_GENERATOR_11042026	SYNTHETIC_TEACHING_FIXTURE
REQ_SYN_SEG_0716_fricative_cog	SYN_SEG_0716	SYN_SEG_SPK_20	SYN_SESSION_20	fricative_cog	medial	fricative				5041.064	Hz	ok		SYN_GENERATOR_11042026	SYNTHETIC_TEACHING_FIXTURE
REQ_SYN_SEG_0717_fricative_duration	SYN_SEG_0717	SYN_SEG_SPK_20	SYN_SESSION_20	fricative_duration	final	fricative		2009	2009.094893	94.8929999999564	ms	ok		SYN_GENERATOR_11042026	SYNTHETIC_TEACHING_FIXTURE
REQ_SYN_SEG_0717_fricative_cog	SYN_SEG_0717	SYN_SEG_SPK_20	SYN_SESSION_20	fricative_cog	final	fricative				4962.073	Hz	ok		SYN_GENERATOR_11042026	SYNTHETIC_TEACHING_FIXTURE
REQ_SYN_SEG_0718_fricative_duration	SYN_SEG_0718	SYN_SEG_SPK_20	SYN_SESSION_20	fricative_duration	initial	fricative		2010	2010.167286	167.286000000104	ms	ok		SYN_GENERATOR_11042026	SYNTHETIC_TEACHING_FIXTURE
REQ_SYN_SEG_0718_fricative_cog	SYN_SEG_0718	SYN_SEG_SPK_20	SYN_SESSION_20	fricative_cog	initial	fricative				6306.655	Hz	ok		SYN_GENERATOR_11042026	SYNTHETIC_TEACHING_FIXTURE
REQ_SYN_SEG_0719_fricative_duration	SYN_SEG_0719	SYN_SEG_SPK_20	SYN_SESSION_20	fricative_duration	medial	fricative		2011	2011.089562	89.5619999998871	ms	ok		SYN_GENERATOR_11042026	SYNTHETIC_TEACHING_FIXTURE
REQ_SYN_SEG_0719_fricative_cog	SYN_SEG_0719	SYN_SEG_SPK_20	SYN_SESSION_20	fricative_cog	medial	fricative				4892.05	Hz	ok		SYN_GENERATOR_11042026	SYNTHETIC_TEACHING_FIXTURE
REQ_SYN_SEG_0720_fricative_duration	SYN_SEG_0720	SYN_SEG_SPK_20	SYN_SESSION_20	fricative_duration	final	fricative		2012	2012.154943	154.943000000003	ms	ok		SYN_GENERATOR_11042026	SYNTHETIC_TEACHING_FIXTURE
REQ_SYN_SEG_0720_fricative_cog	SYN_SEG_0720	SYN_SEG_SPK_20	SYN_SESSION_20	fricative_cog	final	fricative				4718.241	Hz	ok		SYN_GENERATOR_11042026	SYNTHETIC_TEACHING_FIXTURE
REQ_SYN_SEG_0721_vot	SYN_SEG_0721	SYN_SEG_SPK_21	SYN_SESSION_21	vot	initial	stop		2101.063698	2101.099326	35.6280000000879	ms	ok		SYN_GENERATOR_11042026	SYNTHETIC_TEACHING_FIXTURE
REQ_SYN_SEG_0721_closure_duration	SYN_SEG_0721	SYN_SEG_SPK_21	SYN_SESSION_21	closure_duration	initial	stop		2101	2101.063698	63.6979999999312	ms	ok		SYN_GENERATOR_11042026	SYNTHETIC_TEACHING_FIXTURE
REQ_SYN_SEG_0721_vowel_onset_f0	SYN_SEG_0721	SYN_SEG_SPK_21	SYN_SESSION_21	vowel_onset_f0	initial	stop				136.992	Hz	ok		SYN_GENERATOR_11042026	SYNTHETIC_TEACHING_FIXTURE
REQ_SYN_SEG_0722_vot	SYN_SEG_0722	SYN_SEG_SPK_21	SYN_SESSION_21	vot	medial	stop		2102.077693	2102.161378	83.6849999996048	ms	ok		SYN_GENERATOR_11042026	SYNTHETIC_TEACHING_FIXTURE
REQ_SYN_SEG_0722_closure_duration	SYN_SEG_0722	SYN_SEG_SPK_21	SYN_SESSION_21	closure_duration	medial	stop		2102	2102.077693	77.6930000001812	ms	ok		SYN_GENERATOR_11042026	SYNTHETIC_TEACHING_FIXTURE
REQ_SYN_SEG_0722_vowel_onset_f0	SYN_SEG_0722	SYN_SEG_SPK_21	SYN_SESSION_21	vowel_onset_f0	medial	stop				139.58	Hz	ok		SYN_GENERATOR_11042026	SYNTHETIC_TEACHING_FIXTURE
REQ_SYN_SEG_0723_vot	SYN_SEG_0723	SYN_SEG_SPK_21	SYN_SESSION_21	vot	final	stop		2103.080123	2103.13819	58.0669999999373	ms	ok		SYN_GENERATOR_11042026	SYNTHETIC_TEACHING_FIXTURE
REQ_SYN_SEG_0723_closure_duration	SYN_SEG_0723	SYN_SEG_SPK_21	SYN_SESSION_21	closure_duration	final	stop		2103	2103.080123	80.1230000001851	ms	ok		SYN_GENERATOR_11042026	SYNTHETIC_TEACHING_FIXTURE
REQ_SYN_SEG_0723_vowel_onset_f0	SYN_SEG_0723	SYN_SEG_SPK_21	SYN_SESSION_21	vowel_onset_f0	final	stop				130.706	Hz	ok		SYN_GENERATOR_11042026	SYNTHETIC_TEACHING_FIXTURE
REQ_SYN_SEG_0724_vot	SYN_SEG_0724	SYN_SEG_SPK_21	SYN_SESSION_21	vot	initial	stop		2104.047021	2104.057517	10.4960000003302	ms	ok		SYN_GENERATOR_11042026	SYNTHETIC_TEACHING_FIXTURE
REQ_SYN_SEG_0724_closure_duration	SYN_SEG_0724	SYN_SEG_SPK_21	SYN_SESSION_21	closure_duration	initial	stop		2104	2104.047021	47.0209999998588	ms	ok		SYN_GENERATOR_11042026	SYNTHETIC_TEACHING_FIXTURE
REQ_SYN_SEG_0724_vowel_onset_f0	SYN_SEG_0724	SYN_SEG_SPK_21	SYN_SESSION_21	vowel_onset_f0	initial	stop				113.8	Hz	ok		SYN_GENERATOR_11042026	SYNTHETIC_TEACHING_FIXTURE
REQ_SYN_SEG_0725_vot	SYN_SEG_0725	SYN_SEG_SPK_21	SYN_SESSION_21	vot	medial	stop		2105.074682	2105.092012	17.3300000001291	ms	ok		SYN_GENERATOR_11042026	SYNTHETIC_TEACHING_FIXTURE
REQ_SYN_SEG_0725_closure_duration	SYN_SEG_0725	SYN_SEG_SPK_21	SYN_SESSION_21	closure_duration	medial	stop		2105	2105.074682	74.6819999999389	ms	ok		SYN_GENERATOR_11042026	SYNTHETIC_TEACHING_FIXTURE
REQ_SYN_SEG_0725_vowel_onset_f0	SYN_SEG_0725	SYN_SEG_SPK_21	SYN_SESSION_21	vowel_onset_f0	medial	stop				114.439	Hz	ok		SYN_GENERATOR_11042026	SYNTHETIC_TEACHING_FIXTURE
REQ_SYN_SEG_0726_vot	SYN_SEG_0726	SYN_SEG_SPK_21	SYN_SESSION_21	vot	final	stop		2106.054903	2106.092972	38.068999999723	ms	ok		SYN_GENERATOR_11042026	SYNTHETIC_TEACHING_FIXTURE
REQ_SYN_SEG_0726_closure_duration	SYN_SEG_0726	SYN_SEG_SPK_21	SYN_SESSION_21	closure_duration	final	stop		2106	2106.054903	54.9030000001949	ms	ok		SYN_GENERATOR_11042026	SYNTHETIC_TEACHING_FIXTURE
REQ_SYN_SEG_0726_vowel_onset_f0	SYN_SEG_0726	SYN_SEG_SPK_21	SYN_SESSION_21	vowel_onset_f0	final	stop				137.47	Hz	ok		SYN_GENERATOR_11042026	SYNTHETIC_TEACHING_FIXTURE
REQ_SYN_SEG_0727_vot	SYN_SEG_0727	SYN_SEG_SPK_21	SYN_SESSION_21	vot	initial	stop		2107.045303	2107.101967	56.6640000001826	ms	ok		SYN_GENERATOR_11042026	SYNTHETIC_TEACHING_FIXTURE
REQ_SYN_SEG_0727_closure_duration	SYN_SEG_0727	SYN_SEG_SPK_21	SYN_SESSION_21	closure_duration	initial	stop		2107	2107.045303	45.3029999998762	ms	ok		SYN_GENERATOR_11042026	SYNTHETIC_TEACHING_FIXTURE
REQ_SYN_SEG_0727_vowel_onset_f0	SYN_SEG_0727	SYN_SEG_SPK_21	SYN_SESSION_21	vowel_onset_f0	initial	stop				137.999	Hz	ok		SYN_GENERATOR_11042026	SYNTHETIC_TEACHING_FIXTURE
REQ_SYN_SEG_0728_vot	SYN_SEG_0728	SYN_SEG_SPK_21	SYN_SESSION_21	vot	medial	stop		2108.073679	2108.095056	21.3770000000295	ms	ok		SYN_GENERATOR_11042026	SYNTHETIC_TEACHING_FIXTURE
REQ_SYN_SEG_0728_closure_duration	SYN_SEG_0728	SYN_SEG_SPK_21	SYN_SESSION_21	closure_duration	medial	stop		2108	2108.073679	73.6790000000838	ms	ok		SYN_GENERATOR_11042026	SYNTHETIC_TEACHING_FIXTURE
REQ_SYN_SEG_0728_vowel_onset_f0	SYN_SEG_0728	SYN_SEG_SPK_21	SYN_SESSION_21	vowel_onset_f0	medial	stop				122.672	Hz	ok		SYN_GENERATOR_11042026	SYNTHETIC_TEACHING_FIXTURE
REQ_SYN_SEG_0729_vot	SYN_SEG_0729	SYN_SEG_SPK_21	SYN_SESSION_21	vot	final	stop		2109.08606	2109.150171	64.1109999996843	ms	ok		SYN_GENERATOR_11042026	SYNTHETIC_TEACHING_FIXTURE
REQ_SYN_SEG_0729_closure_duration	SYN_SEG_0729	SYN_SEG_SPK_21	SYN_SESSION_21	closure_duration	final	stop		2109	2109.08606	86.0600000000886	ms	ok		SYN_GENERATOR_11042026	SYNTHETIC_TEACHING_FIXTURE
REQ_SYN_SEG_0729_vowel_onset_f0	SYN_SEG_0729	SYN_SEG_SPK_21	SYN_SESSION_21	vowel_onset_f0	final	stop				147.242	Hz	ok		SYN_GENERATOR_11042026	SYNTHETIC_TEACHING_FIXTURE
REQ_SYN_SEG_0730_vot	SYN_SEG_0730	SYN_SEG_SPK_21	SYN_SESSION_21	vot	initial	stop		2110.071388	2110.137408	66.0200000002078	ms	ok		SYN_GENERATOR_11042026	SYNTHETIC_TEACHING_FIXTURE
REQ_SYN_SEG_0730_closure_duration	SYN_SEG_0730	SYN_SEG_SPK_21	SYN_SESSION_21	closure_duration	initial	stop		2110	2110.071388	71.3879999998426	ms	ok		SYN_GENERATOR_11042026	SYNTHETIC_TEACHING_FIXTURE
REQ_SYN_SEG_0730_vowel_onset_f0	SYN_SEG_0730	SYN_SEG_SPK_21	SYN_SESSION_21	vowel_onset_f0	initial	stop				137.712	Hz	ok		SYN_GENERATOR_11042026	SYNTHETIC_TEACHING_FIXTURE
REQ_SYN_SEG_0731_vot	SYN_SEG_0731	SYN_SEG_SPK_21	SYN_SESSION_21	vot	medial	stop		2111.057732	2111.055017	-2.71500000008018	ms	ok		SYN_GENERATOR_11042026	SYNTHETIC_TEACHING_FIXTURE
REQ_SYN_SEG_0731_closure_duration	SYN_SEG_0731	SYN_SEG_SPK_21	SYN_SESSION_21	closure_duration	medial	stop		2111	2111.057732	57.7320000002146	ms	ok		SYN_GENERATOR_11042026	SYNTHETIC_TEACHING_FIXTURE
REQ_SYN_SEG_0731_vowel_onset_f0	SYN_SEG_0731	SYN_SEG_SPK_21	SYN_SESSION_21	vowel_onset_f0	medial	stop				120.875	Hz	ok		SYN_GENERATOR_11042026	SYNTHETIC_TEACHING_FIXTURE
REQ_SYN_SEG_0732_vot	SYN_SEG_0732	SYN_SEG_SPK_21	SYN_SESSION_21	vot	final	stop		2112.054467	2112.084806	30.3389999999126	ms	ok		SYN_GENERATOR_11042026	SYNTHETIC_TEACHING_FIXTURE
REQ_SYN_SEG_0732_closure_duration	SYN_SEG_0732	SYN_SEG_SPK_21	SYN_SESSION_21	closure_duration	final	stop		2112	2112.054467	54.4669999999314	ms	ok		SYN_GENERATOR_11042026	SYNTHETIC_TEACHING_FIXTURE
REQ_SYN_SEG_0732_vowel_onset_f0	SYN_SEG_0732	SYN_SEG_SPK_21	SYN_SESSION_21	vowel_onset_f0	final	stop				121.663	Hz	ok		SYN_GENERATOR_11042026	SYNTHETIC_TEACHING_FIXTURE
REQ_SYN_SEG_0733_vowel_duration	SYN_SEG_0733	SYN_SEG_SPK_21	SYN_SESSION_21	vowel_duration	initial	vowel	i	2101	2101.092898	92.8979999998774	ms	ok		SYN_GENERATOR_11042026	SYNTHETIC_TEACHING_FIXTURE
REQ_SYN_SEG_0733_f1	SYN_SEG_0733	SYN_SEG_SPK_21	SYN_SESSION_21	f1	initial	vowel	i			318.633	Hz	ok		SYN_GENERATOR_11042026	SYNTHETIC_TEACHING_FIXTURE
REQ_SYN_SEG_0733_f2	SYN_SEG_0733	SYN_SEG_SPK_21	SYN_SESSION_21	f2	initial	vowel	i			2407.656	Hz	ok		SYN_GENERATOR_11042026	SYNTHETIC_TEACHING_FIXTURE
REQ_SYN_SEG_0733_f3	SYN_SEG_0733	SYN_SEG_SPK_21	SYN_SESSION_21	f3	initial	vowel	i			3139.604	Hz	ok		SYN_GENERATOR_11042026	SYNTHETIC_TEACHING_FIXTURE
REQ_SYN_SEG_0734_vowel_duration	SYN_SEG_0734	SYN_SEG_SPK_21	SYN_SESSION_21	vowel_duration	medial	vowel	a	2102	2102.166029	166.02899999998	ms	ok		SYN_GENERATOR_11042026	SYNTHETIC_TEACHING_FIXTURE
REQ_SYN_SEG_0734_f1	SYN_SEG_0734	SYN_SEG_SPK_21	SYN_SESSION_21	f1	medial	vowel	a			761.504	Hz	ok		SYN_GENERATOR_11042026	SYNTHETIC_TEACHING_FIXTURE
REQ_SYN_SEG_0734_f2	SYN_SEG_0734	SYN_SEG_SPK_21	SYN_SESSION_21	f2	medial	vowel	a			1211.033	Hz	ok		SYN_GENERATOR_11042026	SYNTHETIC_TEACHING_FIXTURE
REQ_SYN_SEG_0734_f3	SYN_SEG_0734	SYN_SEG_SPK_21	SYN_SESSION_21	f3	medial	vowel	a			2571.524	Hz	ok		SYN_GENERATOR_11042026	SYNTHETIC_TEACHING_FIXTURE
REQ_SYN_SEG_0735_vowel_duration	SYN_SEG_0735	SYN_SEG_SPK_21	SYN_SESSION_21	vowel_duration	final	vowel	u	2103	2103.203353	203.352999999879	ms	ok		SYN_GENERATOR_11042026	SYNTHETIC_TEACHING_FIXTURE
REQ_SYN_SEG_0735_f1	SYN_SEG_0735	SYN_SEG_SPK_21	SYN_SESSION_21	f1	final	vowel	u			369.086	Hz	ok		SYN_GENERATOR_11042026	SYNTHETIC_TEACHING_FIXTURE
REQ_SYN_SEG_0735_f2	SYN_SEG_0735	SYN_SEG_SPK_21	SYN_SESSION_21	f2	final	vowel	u			968.712	Hz	ok		SYN_GENERATOR_11042026	SYNTHETIC_TEACHING_FIXTURE
REQ_SYN_SEG_0735_f3	SYN_SEG_0735	SYN_SEG_SPK_21	SYN_SESSION_21	f3	final	vowel	u			2131.292	Hz	ok		SYN_GENERATOR_11042026	SYNTHETIC_TEACHING_FIXTURE
REQ_SYN_SEG_0736_vowel_duration	SYN_SEG_0736	SYN_SEG_SPK_21	SYN_SESSION_21	vowel_duration	initial	vowel	i	2104	2104.08319	83.1899999998313	ms	ok		SYN_GENERATOR_11042026	SYNTHETIC_TEACHING_FIXTURE
REQ_SYN_SEG_0736_f1	SYN_SEG_0736	SYN_SEG_SPK_21	SYN_SESSION_21	f1	initial	vowel	i			307.198	Hz	ok		SYN_GENERATOR_11042026	SYNTHETIC_TEACHING_FIXTURE
REQ_SYN_SEG_0736_f2	SYN_SEG_0736	SYN_SEG_SPK_21	SYN_SESSION_21	f2	initial	vowel	i			2392.619	Hz	ok		SYN_GENERATOR_11042026	SYNTHETIC_TEACHING_FIXTURE
REQ_SYN_SEG_0736_f3	SYN_SEG_0736	SYN_SEG_SPK_21	SYN_SESSION_21	f3	initial	vowel	i			3132.231	Hz	ok		SYN_GENERATOR_11042026	SYNTHETIC_TEACHING_FIXTURE
REQ_SYN_SEG_0737_vowel_duration	SYN_SEG_0737	SYN_SEG_SPK_21	SYN_SESSION_21	vowel_duration	medial	vowel	a	2105	2105.129875	129.875000000084	ms	ok		SYN_GENERATOR_11042026	SYNTHETIC_TEACHING_FIXTURE
REQ_SYN_SEG_0737_f1	SYN_SEG_0737	SYN_SEG_SPK_21	SYN_SESSION_21	f1	medial	vowel	a			801.264	Hz	ok		SYN_GENERATOR_11042026	SYNTHETIC_TEACHING_FIXTURE
REQ_SYN_SEG_0737_f2	SYN_SEG_0737	SYN_SEG_SPK_21	SYN_SESSION_21	f2	medial	vowel	a			1185.039	Hz	ok		SYN_GENERATOR_11042026	SYNTHETIC_TEACHING_FIXTURE
REQ_SYN_SEG_0737_f3	SYN_SEG_0737	SYN_SEG_SPK_21	SYN_SESSION_21	f3	medial	vowel	a			2607.948	Hz	ok		SYN_GENERATOR_11042026	SYNTHETIC_TEACHING_FIXTURE
REQ_SYN_SEG_0738_vowel_duration	SYN_SEG_0738	SYN_SEG_SPK_21	SYN_SESSION_21	vowel_duration	final	vowel	u	2106	2106.113555	113.554999999906	ms	ok		SYN_GENERATOR_11042026	SYNTHETIC_TEACHING_FIXTURE
REQ_SYN_SEG_0738_f1	SYN_SEG_0738	SYN_SEG_SPK_21	SYN_SESSION_21	f1	final	vowel	u			317.962	Hz	ok		SYN_GENERATOR_11042026	SYNTHETIC_TEACHING_FIXTURE
REQ_SYN_SEG_0738_f2	SYN_SEG_0738	SYN_SEG_SPK_21	SYN_SESSION_21	f2	final	vowel	u			878.694	Hz	ok		SYN_GENERATOR_11042026	SYNTHETIC_TEACHING_FIXTURE
REQ_SYN_SEG_0738_f3	SYN_SEG_0738	SYN_SEG_SPK_21	SYN_SESSION_21	f3	final	vowel	u			2280.999	Hz	ok		SYN_GENERATOR_11042026	SYNTHETIC_TEACHING_FIXTURE
REQ_SYN_SEG_0739_vowel_duration	SYN_SEG_0739	SYN_SEG_SPK_21	SYN_SESSION_21	vowel_duration	initial	vowel	i	2107	2107.129494	129.493999999795	ms	ok		SYN_GENERATOR_11042026	SYNTHETIC_TEACHING_FIXTURE
REQ_SYN_SEG_0739_f1	SYN_SEG_0739	SYN_SEG_SPK_21	SYN_SESSION_21	f1	initial	vowel	i			339.986	Hz	ok		SYN_GENERATOR_11042026	SYNTHETIC_TEACHING_FIXTURE
REQ_SYN_SEG_0739_f2	SYN_SEG_0739	SYN_SEG_SPK_21	SYN_SESSION_21	f2	initial	vowel	i			2404.468	Hz	ok		SYN_GENERATOR_11042026	SYNTHETIC_TEACHING_FIXTURE
REQ_SYN_SEG_0739_f3	SYN_SEG_0739	SYN_SEG_SPK_21	SYN_SESSION_21	f3	initial	vowel	i			3159.125	Hz	ok		SYN_GENERATOR_11042026	SYNTHETIC_TEACHING_FIXTURE
REQ_SYN_SEG_0740_vowel_duration	SYN_SEG_0740	SYN_SEG_SPK_21	SYN_SESSION_21	vowel_duration	medial	vowel	a	2108	2108.12128	121.279999999842	ms	ok		SYN_GENERATOR_11042026	SYNTHETIC_TEACHING_FIXTURE
REQ_SYN_SEG_0740_f1	SYN_SEG_0740	SYN_SEG_SPK_21	SYN_SESSION_21	f1	medial	vowel	a			792.418	Hz	ok		SYN_GENERATOR_11042026	SYNTHETIC_TEACHING_FIXTURE
REQ_SYN_SEG_0740_f2	SYN_SEG_0740	SYN_SEG_SPK_21	SYN_SESSION_21	f2	medial	vowel	a			1241.413	Hz	ok		SYN_GENERATOR_11042026	SYNTHETIC_TEACHING_FIXTURE
REQ_SYN_SEG_0740_f3	SYN_SEG_0740	SYN_SEG_SPK_21	SYN_SESSION_21	f3	medial	vowel	a			2647.265	Hz	ok		SYN_GENERATOR_11042026	SYNTHETIC_TEACHING_FIXTURE
REQ_SYN_SEG_0741_vowel_duration	SYN_SEG_0741	SYN_SEG_SPK_21	SYN_SESSION_21	vowel_duration	final	vowel	u	2109	2109.185445	185.445000000072	ms	ok		SYN_GENERATOR_11042026	SYNTHETIC_TEACHING_FIXTURE
REQ_SYN_SEG_0741_f1	SYN_SEG_0741	SYN_SEG_SPK_21	SYN_SESSION_21	f1	final	vowel	u			359.819	Hz	ok		SYN_GENERATOR_11042026	SYNTHETIC_TEACHING_FIXTURE
REQ_SYN_SEG_0741_f2	SYN_SEG_0741	SYN_SEG_SPK_21	SYN_SESSION_21	f2	final	vowel	u			923.888	Hz	ok		SYN_GENERATOR_11042026	SYNTHETIC_TEACHING_FIXTURE
REQ_SYN_SEG_0741_f3	SYN_SEG_0741	SYN_SEG_SPK_21	SYN_SESSION_21	f3	final	vowel	u			2217.716	Hz	ok		SYN_GENERATOR_11042026	SYNTHETIC_TEACHING_FIXTURE
REQ_SYN_SEG_0742_vowel_duration	SYN_SEG_0742	SYN_SEG_SPK_21	SYN_SESSION_21	vowel_duration	initial	vowel	i	2110	2110.076407	76.4070000000174	ms	ok		SYN_GENERATOR_11042026	SYNTHETIC_TEACHING_FIXTURE
REQ_SYN_SEG_0742_f1	SYN_SEG_0742	SYN_SEG_SPK_21	SYN_SESSION_21	f1	initial	vowel	i			308.75	Hz	ok		SYN_GENERATOR_11042026	SYNTHETIC_TEACHING_FIXTURE
REQ_SYN_SEG_0742_f2	SYN_SEG_0742	SYN_SEG_SPK_21	SYN_SESSION_21	f2	initial	vowel	i			2446.652	Hz	ok		SYN_GENERATOR_11042026	SYNTHETIC_TEACHING_FIXTURE
REQ_SYN_SEG_0742_f3	SYN_SEG_0742	SYN_SEG_SPK_21	SYN_SESSION_21	f3	initial	vowel	i			3207.725	Hz	ok		SYN_GENERATOR_11042026	SYNTHETIC_TEACHING_FIXTURE
REQ_SYN_SEG_0743_vowel_duration	SYN_SEG_0743	SYN_SEG_SPK_21	SYN_SESSION_21	vowel_duration	medial	vowel	a	2111	2111.100827	100.827000000208	ms	ok		SYN_GENERATOR_11042026	SYNTHETIC_TEACHING_FIXTURE
REQ_SYN_SEG_0743_f1	SYN_SEG_0743	SYN_SEG_SPK_21	SYN_SESSION_21	f1	medial	vowel	a			729.349	Hz	ok		SYN_GENERATOR_11042026	SYNTHETIC_TEACHING_FIXTURE
REQ_SYN_SEG_0743_f2	SYN_SEG_0743	SYN_SEG_SPK_21	SYN_SESSION_21	f2	medial	vowel	a			1277.97	Hz	ok		SYN_GENERATOR_11042026	SYNTHETIC_TEACHING_FIXTURE
REQ_SYN_SEG_0743_f3	SYN_SEG_0743	SYN_SEG_SPK_21	SYN_SESSION_21	f3	medial	vowel	a			2623.462	Hz	ok		SYN_GENERATOR_11042026	SYNTHETIC_TEACHING_FIXTURE
REQ_SYN_SEG_0744_vowel_duration	SYN_SEG_0744	SYN_SEG_SPK_21	SYN_SESSION_21	vowel_duration	final	vowel	u	2112	2112.138186	138.186000000132	ms	ok		SYN_GENERATOR_11042026	SYNTHETIC_TEACHING_FIXTURE
REQ_SYN_SEG_0744_f1	SYN_SEG_0744	SYN_SEG_SPK_21	SYN_SESSION_21	f1	final	vowel	u			363.069	Hz	ok		SYN_GENERATOR_11042026	SYNTHETIC_TEACHING_FIXTURE
REQ_SYN_SEG_0744_f2	SYN_SEG_0744	SYN_SEG_SPK_21	SYN_SESSION_21	f2	final	vowel	u			951.818	Hz	ok		SYN_GENERATOR_11042026	SYNTHETIC_TEACHING_FIXTURE
REQ_SYN_SEG_0744_f3	SYN_SEG_0744	SYN_SEG_SPK_21	SYN_SESSION_21	f3	final	vowel	u			2222.871	Hz	ok		SYN_GENERATOR_11042026	SYNTHETIC_TEACHING_FIXTURE
REQ_SYN_SEG_0745_fricative_duration	SYN_SEG_0745	SYN_SEG_SPK_21	SYN_SESSION_21	fricative_duration	initial	fricative		2101	2101.077945	77.9449999999997	ms	ok		SYN_GENERATOR_11042026	SYNTHETIC_TEACHING_FIXTURE
REQ_SYN_SEG_0745_fricative_cog	SYN_SEG_0745	SYN_SEG_SPK_21	SYN_SESSION_21	fricative_cog	initial	fricative				6754.628	Hz	ok		SYN_GENERATOR_11042026	SYNTHETIC_TEACHING_FIXTURE
REQ_SYN_SEG_0746_fricative_duration	SYN_SEG_0746	SYN_SEG_SPK_21	SYN_SESSION_21	fricative_duration	medial	fricative		2102	2102.13103	131.03000000001	ms	ok		SYN_GENERATOR_11042026	SYNTHETIC_TEACHING_FIXTURE
REQ_SYN_SEG_0746_fricative_cog	SYN_SEG_0746	SYN_SEG_SPK_21	SYN_SESSION_21	fricative_cog	medial	fricative				4676.593	Hz	ok		SYN_GENERATOR_11042026	SYNTHETIC_TEACHING_FIXTURE
REQ_SYN_SEG_0747_fricative_duration	SYN_SEG_0747	SYN_SEG_SPK_21	SYN_SESSION_21	fricative_duration	final	fricative		2103	2103.174299	174.298999999792	ms	ok		SYN_GENERATOR_11042026	SYNTHETIC_TEACHING_FIXTURE
REQ_SYN_SEG_0747_fricative_cog	SYN_SEG_0747	SYN_SEG_SPK_21	SYN_SESSION_21	fricative_cog	final	fricative				5218.646	Hz	ok		SYN_GENERATOR_11042026	SYNTHETIC_TEACHING_FIXTURE
REQ_SYN_SEG_0748_fricative_duration	SYN_SEG_0748	SYN_SEG_SPK_21	SYN_SESSION_21	fricative_duration	initial	fricative		2104	2104.159284	159.283999999843	ms	ok		SYN_GENERATOR_11042026	SYNTHETIC_TEACHING_FIXTURE
REQ_SYN_SEG_0748_fricative_cog	SYN_SEG_0748	SYN_SEG_SPK_21	SYN_SESSION_21	fricative_cog	initial	fricative				6548.823	Hz	ok		SYN_GENERATOR_11042026	SYNTHETIC_TEACHING_FIXTURE
REQ_SYN_SEG_0749_fricative_duration	SYN_SEG_0749	SYN_SEG_SPK_21	SYN_SESSION_21	fricative_duration	medial	fricative		2105	2105.123765	123.764999999821	ms	ok		SYN_GENERATOR_11042026	SYNTHETIC_TEACHING_FIXTURE
REQ_SYN_SEG_0749_fricative_cog	SYN_SEG_0749	SYN_SEG_SPK_21	SYN_SESSION_21	fricative_cog	medial	fricative				5059.102	Hz	ok		SYN_GENERATOR_11042026	SYNTHETIC_TEACHING_FIXTURE
REQ_SYN_SEG_0750_fricative_duration	SYN_SEG_0750	SYN_SEG_SPK_21	SYN_SESSION_21	fricative_duration	final	fricative		2106	2106.0939	93.8999999998487	ms	ok		SYN_GENERATOR_11042026	SYNTHETIC_TEACHING_FIXTURE
REQ_SYN_SEG_0750_fricative_cog	SYN_SEG_0750	SYN_SEG_SPK_21	SYN_SESSION_21	fricative_cog	final	fricative				5209.802	Hz	ok		SYN_GENERATOR_11042026	SYNTHETIC_TEACHING_FIXTURE
REQ_SYN_SEG_0751_fricative_duration	SYN_SEG_0751	SYN_SEG_SPK_21	SYN_SESSION_21	fricative_duration	initial	fricative		2107	2107.088517	88.5170000001381	ms	ok		SYN_GENERATOR_11042026	SYNTHETIC_TEACHING_FIXTURE
REQ_SYN_SEG_0751_fricative_cog	SYN_SEG_0751	SYN_SEG_SPK_21	SYN_SESSION_21	fricative_cog	initial	fricative				6893.901	Hz	ok		SYN_GENERATOR_11042026	SYNTHETIC_TEACHING_FIXTURE
REQ_SYN_SEG_0752_fricative_duration	SYN_SEG_0752	SYN_SEG_SPK_21	SYN_SESSION_21	fricative_duration	medial	fricative		2108	2108.120877	120.876999999837	ms	ok		SYN_GENERATOR_11042026	SYNTHETIC_TEACHING_FIXTURE
REQ_SYN_SEG_0752_fricative_cog	SYN_SEG_0752	SYN_SEG_SPK_21	SYN_SESSION_21	fricative_cog	medial	fricative				5526.833	Hz	ok		SYN_GENERATOR_11042026	SYNTHETIC_TEACHING_FIXTURE
REQ_SYN_SEG_0753_fricative_duration	SYN_SEG_0753	SYN_SEG_SPK_21	SYN_SESSION_21	fricative_duration	final	fricative		2109	2109.094481	94.4810000000871	ms	ok		SYN_GENERATOR_11042026	SYNTHETIC_TEACHING_FIXTURE
REQ_SYN_SEG_0753_fricative_cog	SYN_SEG_0753	SYN_SEG_SPK_21	SYN_SESSION_21	fricative_cog	final	fricative				5383.794	Hz	ok		SYN_GENERATOR_11042026	SYNTHETIC_TEACHING_FIXTURE
REQ_SYN_SEG_0754_fricative_duration	SYN_SEG_0754	SYN_SEG_SPK_21	SYN_SESSION_21	fricative_duration	initial	fricative		2110	2110.115522	115.522000000055	ms	ok		SYN_GENERATOR_11042026	SYNTHETIC_TEACHING_FIXTURE
REQ_SYN_SEG_0754_fricative_cog	SYN_SEG_0754	SYN_SEG_SPK_21	SYN_SESSION_21	fricative_cog	initial	fricative				6393.531	Hz	ok		SYN_GENERATOR_11042026	SYNTHETIC_TEACHING_FIXTURE
REQ_SYN_SEG_0755_fricative_duration	SYN_SEG_0755	SYN_SEG_SPK_21	SYN_SESSION_21	fricative_duration	medial	fricative		2111	2111.111492	111.491999999998	ms	ok		SYN_GENERATOR_11042026	SYNTHETIC_TEACHING_FIXTURE
REQ_SYN_SEG_0755_fricative_cog	SYN_SEG_0755	SYN_SEG_SPK_21	SYN_SESSION_21	fricative_cog	medial	fricative				4934.63	Hz	ok		SYN_GENERATOR_11042026	SYNTHETIC_TEACHING_FIXTURE
REQ_SYN_SEG_0756_fricative_duration	SYN_SEG_0756	SYN_SEG_SPK_21	SYN_SESSION_21	fricative_duration	final	fricative		2112	2112.080735	80.7350000000042	ms	ok		SYN_GENERATOR_11042026	SYNTHETIC_TEACHING_FIXTURE
REQ_SYN_SEG_0756_fricative_cog	SYN_SEG_0756	SYN_SEG_SPK_21	SYN_SESSION_21	fricative_cog	final	fricative				4675.007	Hz	ok		SYN_GENERATOR_11042026	SYNTHETIC_TEACHING_FIXTURE
REQ_SYN_SEG_0757_vot	SYN_SEG_0757	SYN_SEG_SPK_22	SYN_SESSION_22	vot	initial	stop		2201.074595	2201.070016	-4.57899999992151	ms	ok		SYN_GENERATOR_11042026	SYNTHETIC_TEACHING_FIXTURE
REQ_SYN_SEG_0757_closure_duration	SYN_SEG_0757	SYN_SEG_SPK_22	SYN_SESSION_22	closure_duration	initial	stop		2201	2201.074595	74.5950000000448	ms	ok		SYN_GENERATOR_11042026	SYNTHETIC_TEACHING_FIXTURE
REQ_SYN_SEG_0757_vowel_onset_f0	SYN_SEG_0757	SYN_SEG_SPK_22	SYN_SESSION_22	vowel_onset_f0	initial	stop				109.706	Hz	ok		SYN_GENERATOR_11042026	SYNTHETIC_TEACHING_FIXTURE
REQ_SYN_SEG_0758_vot	SYN_SEG_0758	SYN_SEG_SPK_22	SYN_SESSION_22	vot	medial	stop		2202.050366	2202.091393	41.0270000002129	ms	ok		SYN_GENERATOR_11042026	SYNTHETIC_TEACHING_FIXTURE
REQ_SYN_SEG_0758_closure_duration	SYN_SEG_0758	SYN_SEG_SPK_22	SYN_SESSION_22	closure_duration	medial	stop		2202	2202.050366	50.36599999994	ms	ok		SYN_GENERATOR_11042026	SYNTHETIC_TEACHING_FIXTURE
REQ_SYN_SEG_0758_vowel_onset_f0	SYN_SEG_0758	SYN_SEG_SPK_22	SYN_SESSION_22	vowel_onset_f0	medial	stop				140.964	Hz	ok		SYN_GENERATOR_11042026	SYNTHETIC_TEACHING_FIXTURE
REQ_SYN_SEG_0759_vot	SYN_SEG_0759	SYN_SEG_SPK_22	SYN_SESSION_22	vot	final	stop		2203.103566	2203.099544	-4.02199999962249	ms	ok		SYN_GENERATOR_11042026	SYNTHETIC_TEACHING_FIXTURE
REQ_SYN_SEG_0759_closure_duration	SYN_SEG_0759	SYN_SEG_SPK_22	SYN_SESSION_22	closure_duration	final	stop		2203	2203.103566	103.565999999773	ms	ok		SYN_GENERATOR_11042026	SYNTHETIC_TEACHING_FIXTURE
REQ_SYN_SEG_0759_vowel_onset_f0	SYN_SEG_0759	SYN_SEG_SPK_22	SYN_SESSION_22	vowel_onset_f0	final	stop				113.066	Hz	ok		SYN_GENERATOR_11042026	SYNTHETIC_TEACHING_FIXTURE
REQ_SYN_SEG_0760_vot	SYN_SEG_0760	SYN_SEG_SPK_22	SYN_SESSION_22	vot	initial	stop		2204.08108	2204.085539	4.45900000022448	ms	ok		SYN_GENERATOR_11042026	SYNTHETIC_TEACHING_FIXTURE
REQ_SYN_SEG_0760_closure_duration	SYN_SEG_0760	SYN_SEG_SPK_22	SYN_SESSION_22	closure_duration	initial	stop		2204	2204.08108	81.079999999929	ms	ok		SYN_GENERATOR_11042026	SYNTHETIC_TEACHING_FIXTURE
REQ_SYN_SEG_0760_vowel_onset_f0	SYN_SEG_0760	SYN_SEG_SPK_22	SYN_SESSION_22	vowel_onset_f0	initial	stop				101.84	Hz	ok		SYN_GENERATOR_11042026	SYNTHETIC_TEACHING_FIXTURE
REQ_SYN_SEG_0761_vot	SYN_SEG_0761	SYN_SEG_SPK_22	SYN_SESSION_22	vot	medial	stop		2205.104329	2205.163274	58.9450000002216	ms	ok		SYN_GENERATOR_11042026	SYNTHETIC_TEACHING_FIXTURE
REQ_SYN_SEG_0761_closure_duration	SYN_SEG_0761	SYN_SEG_SPK_22	SYN_SESSION_22	closure_duration	medial	stop		2205	2205.104329	104.32899999978	ms	ok		SYN_GENERATOR_11042026	SYNTHETIC_TEACHING_FIXTURE
REQ_SYN_SEG_0761_vowel_onset_f0	SYN_SEG_0761	SYN_SEG_SPK_22	SYN_SESSION_22	vowel_onset_f0	medial	stop				142.463	Hz	ok		SYN_GENERATOR_11042026	SYNTHETIC_TEACHING_FIXTURE
REQ_SYN_SEG_0762_vot	SYN_SEG_0762	SYN_SEG_SPK_22	SYN_SESSION_22	vot	final	stop		2206.075671	2206.136237	60.566000000108	ms	ok		SYN_GENERATOR_11042026	SYNTHETIC_TEACHING_FIXTURE
REQ_SYN_SEG_0762_closure_duration	SYN_SEG_0762	SYN_SEG_SPK_22	SYN_SESSION_22	closure_duration	final	stop		2206	2206.075671	75.6710000000567	ms	ok		SYN_GENERATOR_11042026	SYNTHETIC_TEACHING_FIXTURE
REQ_SYN_SEG_0762_vowel_onset_f0	SYN_SEG_0762	SYN_SEG_SPK_22	SYN_SESSION_22	vowel_onset_f0	final	stop				136.854	Hz	ok		SYN_GENERATOR_11042026	SYNTHETIC_TEACHING_FIXTURE
REQ_SYN_SEG_0763_vot	SYN_SEG_0763	SYN_SEG_SPK_22	SYN_SESSION_22	vot	initial	stop		2207.097267	2207.088048	-9.21900000003006	ms	ok		SYN_GENERATOR_11042026	SYNTHETIC_TEACHING_FIXTURE
REQ_SYN_SEG_0763_closure_duration	SYN_SEG_0763	SYN_SEG_SPK_22	SYN_SESSION_22	closure_duration	initial	stop		2207	2207.097267	97.2670000001017	ms	ok		SYN_GENERATOR_11042026	SYNTHETIC_TEACHING_FIXTURE
REQ_SYN_SEG_0763_vowel_onset_f0	SYN_SEG_0763	SYN_SEG_SPK_22	SYN_SESSION_22	vowel_onset_f0	initial	stop				110.437	Hz	ok		SYN_GENERATOR_11042026	SYNTHETIC_TEACHING_FIXTURE
REQ_SYN_SEG_0764_vot	SYN_SEG_0764	SYN_SEG_SPK_22	SYN_SESSION_22	vot	medial	stop		2208.061212	2208.091617	30.4049999999734	ms	ok		SYN_GENERATOR_11042026	SYNTHETIC_TEACHING_FIXTURE
REQ_SYN_SEG_0764_closure_duration	SYN_SEG_0764	SYN_SEG_SPK_22	SYN_SESSION_22	closure_duration	medial	stop		2208	2208.061212	61.2120000000687	ms	ok		SYN_GENERATOR_11042026	SYNTHETIC_TEACHING_FIXTURE
REQ_SYN_SEG_0764_vowel_onset_f0	SYN_SEG_0764	SYN_SEG_SPK_22	SYN_SESSION_22	vowel_onset_f0	medial	stop				107.166	Hz	ok		SYN_GENERATOR_11042026	SYNTHETIC_TEACHING_FIXTURE
REQ_SYN_SEG_0765_vot	SYN_SEG_0765	SYN_SEG_SPK_22	SYN_SESSION_22	vot	final	stop		2209.095318	2209.104448	9.12999999991371	ms	ok		SYN_GENERATOR_11042026	SYNTHETIC_TEACHING_FIXTURE
REQ_SYN_SEG_0765_closure_duration	SYN_SEG_0765	SYN_SEG_SPK_22	SYN_SESSION_22	closure_duration	final	stop		2209	2209.095318	95.3180000001339	ms	ok		SYN_GENERATOR_11042026	SYNTHETIC_TEACHING_FIXTURE
REQ_SYN_SEG_0765_vowel_onset_f0	SYN_SEG_0765	SYN_SEG_SPK_22	SYN_SESSION_22	vowel_onset_f0	final	stop				111.718	Hz	ok		SYN_GENERATOR_11042026	SYNTHETIC_TEACHING_FIXTURE
REQ_SYN_SEG_0766_vot	SYN_SEG_0766	SYN_SEG_SPK_22	SYN_SESSION_22	vot	initial	stop		2210.08133	2210.110401	29.0709999999308	ms	ok		SYN_GENERATOR_11042026	SYNTHETIC_TEACHING_FIXTURE
REQ_SYN_SEG_0766_closure_duration	SYN_SEG_0766	SYN_SEG_SPK_22	SYN_SESSION_22	closure_duration	initial	stop		2210	2210.08133	81.3299999999799	ms	ok		SYN_GENERATOR_11042026	SYNTHETIC_TEACHING_FIXTURE
REQ_SYN_SEG_0766_vowel_onset_f0	SYN_SEG_0766	SYN_SEG_SPK_22	SYN_SESSION_22	vowel_onset_f0	initial	stop				113.743	Hz	ok		SYN_GENERATOR_11042026	SYNTHETIC_TEACHING_FIXTURE
REQ_SYN_SEG_0767_vot	SYN_SEG_0767	SYN_SEG_SPK_22	SYN_SESSION_22	vot	medial	stop		2211.056434	2211.088955	32.521000000088	ms	ok		SYN_GENERATOR_11042026	SYNTHETIC_TEACHING_FIXTURE
REQ_SYN_SEG_0767_closure_duration	SYN_SEG_0767	SYN_SEG_SPK_22	SYN_SESSION_22	closure_duration	medial	stop		2211	2211.056434	56.4340000000811	ms	ok		SYN_GENERATOR_11042026	SYNTHETIC_TEACHING_FIXTURE
REQ_SYN_SEG_0767_vowel_onset_f0	SYN_SEG_0767	SYN_SEG_SPK_22	SYN_SESSION_22	vowel_onset_f0	medial	stop				122.719	Hz	ok		SYN_GENERATOR_11042026	SYNTHETIC_TEACHING_FIXTURE
REQ_SYN_SEG_0768_vot	SYN_SEG_0768	SYN_SEG_SPK_22	SYN_SESSION_22	vot	final	stop		2212.07818	2212.125861	47.6810000000114	ms	ok		SYN_GENERATOR_11042026	SYNTHETIC_TEACHING_FIXTURE
REQ_SYN_SEG_0768_closure_duration	SYN_SEG_0768	SYN_SEG_SPK_22	SYN_SESSION_22	closure_duration	final	stop		2212	2212.07818	78.1799999999748	ms	ok		SYN_GENERATOR_11042026	SYNTHETIC_TEACHING_FIXTURE
REQ_SYN_SEG_0768_vowel_onset_f0	SYN_SEG_0768	SYN_SEG_SPK_22	SYN_SESSION_22	vowel_onset_f0	final	stop				144.532	Hz	ok		SYN_GENERATOR_11042026	SYNTHETIC_TEACHING_FIXTURE
REQ_SYN_SEG_0769_vowel_duration	SYN_SEG_0769	SYN_SEG_SPK_22	SYN_SESSION_22	vowel_duration	initial	vowel	i	2201	2201.154072	154.071999999815	ms	ok		SYN_GENERATOR_11042026	SYNTHETIC_TEACHING_FIXTURE
REQ_SYN_SEG_0769_f1	SYN_SEG_0769	SYN_SEG_SPK_22	SYN_SESSION_22	f1	initial	vowel	i			326.425	Hz	ok		SYN_GENERATOR_11042026	SYNTHETIC_TEACHING_FIXTURE
REQ_SYN_SEG_0769_f2	SYN_SEG_0769	SYN_SEG_SPK_22	SYN_SESSION_22	f2	initial	vowel	i			2429.36	Hz	ok		SYN_GENERATOR_11042026	SYNTHETIC_TEACHING_FIXTURE
REQ_SYN_SEG_0769_f3	SYN_SEG_0769	SYN_SEG_SPK_22	SYN_SESSION_22	f3	initial	vowel	i			3129.87	Hz	ok		SYN_GENERATOR_11042026	SYNTHETIC_TEACHING_FIXTURE
REQ_SYN_SEG_0770_vowel_duration	SYN_SEG_0770	SYN_SEG_SPK_22	SYN_SESSION_22	vowel_duration	medial	vowel	a	2202	2202.16636	166.360000000168	ms	ok		SYN_GENERATOR_11042026	SYNTHETIC_TEACHING_FIXTURE
REQ_SYN_SEG_0770_f1	SYN_SEG_0770	SYN_SEG_SPK_22	SYN_SESSION_22	f1	medial	vowel	a			803.901	Hz	ok		SYN_GENERATOR_11042026	SYNTHETIC_TEACHING_FIXTURE
REQ_SYN_SEG_0770_f2	SYN_SEG_0770	SYN_SEG_SPK_22	SYN_SESSION_22	f2	medial	vowel	a			1311.257	Hz	ok		SYN_GENERATOR_11042026	SYNTHETIC_TEACHING_FIXTURE
REQ_SYN_SEG_0770_f3	SYN_SEG_0770	SYN_SEG_SPK_22	SYN_SESSION_22	f3	medial	vowel	a			2562.726	Hz	ok		SYN_GENERATOR_11042026	SYNTHETIC_TEACHING_FIXTURE
REQ_SYN_SEG_0771_vowel_duration	SYN_SEG_0771	SYN_SEG_SPK_22	SYN_SESSION_22	vowel_duration	final	vowel	u	2203	2203.154614	154.614000000038	ms	ok		SYN_GENERATOR_11042026	SYNTHETIC_TEACHING_FIXTURE
REQ_SYN_SEG_0771_f1	SYN_SEG_0771	SYN_SEG_SPK_22	SYN_SESSION_22	f1	final	vowel	u			341.451	Hz	ok		SYN_GENERATOR_11042026	SYNTHETIC_TEACHING_FIXTURE
REQ_SYN_SEG_0771_f2	SYN_SEG_0771	SYN_SEG_SPK_22	SYN_SESSION_22	f2	final	vowel	u			921.539	Hz	ok		SYN_GENERATOR_11042026	SYNTHETIC_TEACHING_FIXTURE
REQ_SYN_SEG_0771_f3	SYN_SEG_0771	SYN_SEG_SPK_22	SYN_SESSION_22	f3	final	vowel	u			2413.704	Hz	ok		SYN_GENERATOR_11042026	SYNTHETIC_TEACHING_FIXTURE
REQ_SYN_SEG_0772_vowel_duration	SYN_SEG_0772	SYN_SEG_SPK_22	SYN_SESSION_22	vowel_duration	initial	vowel	i	2204	2204.170326	170.325999999932	ms	ok		SYN_GENERATOR_11042026	SYNTHETIC_TEACHING_FIXTURE
REQ_SYN_SEG_0772_f1	SYN_SEG_0772	SYN_SEG_SPK_22	SYN_SESSION_22	f1	initial	vowel	i			310.905	Hz	ok		SYN_GENERATOR_11042026	SYNTHETIC_TEACHING_FIXTURE
REQ_SYN_SEG_0772_f2	SYN_SEG_0772	SYN_SEG_SPK_22	SYN_SESSION_22	f2	initial	vowel	i			2455.704	Hz	ok		SYN_GENERATOR_11042026	SYNTHETIC_TEACHING_FIXTURE
REQ_SYN_SEG_0772_f3	SYN_SEG_0772	SYN_SEG_SPK_22	SYN_SESSION_22	f3	initial	vowel	i			3207.813	Hz	ok		SYN_GENERATOR_11042026	SYNTHETIC_TEACHING_FIXTURE
REQ_SYN_SEG_0773_vowel_duration	SYN_SEG_0773	SYN_SEG_SPK_22	SYN_SESSION_22	vowel_duration	medial	vowel	a	2205	2205.184491	184.49099999998	ms	ok		SYN_GENERATOR_11042026	SYNTHETIC_TEACHING_FIXTURE
REQ_SYN_SEG_0773_f1	SYN_SEG_0773	SYN_SEG_SPK_22	SYN_SESSION_22	f1	medial	vowel	a			770.126	Hz	ok		SYN_GENERATOR_11042026	SYNTHETIC_TEACHING_FIXTURE
REQ_SYN_SEG_0773_f2	SYN_SEG_0773	SYN_SEG_SPK_22	SYN_SESSION_22	f2	medial	vowel	a			1359.982	Hz	ok		SYN_GENERATOR_11042026	SYNTHETIC_TEACHING_FIXTURE
REQ_SYN_SEG_0773_f3	SYN_SEG_0773	SYN_SEG_SPK_22	SYN_SESSION_22	f3	medial	vowel	a			2602.855	Hz	ok		SYN_GENERATOR_11042026	SYNTHETIC_TEACHING_FIXTURE
REQ_SYN_SEG_0774_vowel_duration	SYN_SEG_0774	SYN_SEG_SPK_22	SYN_SESSION_22	vowel_duration	final	vowel	u	2206	2206.121029	121.028999999908	ms	ok		SYN_GENERATOR_11042026	SYNTHETIC_TEACHING_FIXTURE
REQ_SYN_SEG_0774_f1	SYN_SEG_0774	SYN_SEG_SPK_22	SYN_SESSION_22	f1	final	vowel	u			406.001	Hz	ok		SYN_GENERATOR_11042026	SYNTHETIC_TEACHING_FIXTURE
REQ_SYN_SEG_0774_f2	SYN_SEG_0774	SYN_SEG_SPK_22	SYN_SESSION_22	f2	final	vowel	u			959.036	Hz	ok		SYN_GENERATOR_11042026	SYNTHETIC_TEACHING_FIXTURE
REQ_SYN_SEG_0774_f3	SYN_SEG_0774	SYN_SEG_SPK_22	SYN_SESSION_22	f3	final	vowel	u			2360.874	Hz	ok		SYN_GENERATOR_11042026	SYNTHETIC_TEACHING_FIXTURE
REQ_SYN_SEG_0775_vowel_duration	SYN_SEG_0775	SYN_SEG_SPK_22	SYN_SESSION_22	vowel_duration	initial	vowel	i	2207	2207.084942	84.9419999999554	ms	ok		SYN_GENERATOR_11042026	SYNTHETIC_TEACHING_FIXTURE
REQ_SYN_SEG_0775_f1	SYN_SEG_0775	SYN_SEG_SPK_22	SYN_SESSION_22	f1	initial	vowel	i			305.511	Hz	ok		SYN_GENERATOR_11042026	SYNTHETIC_TEACHING_FIXTURE
REQ_SYN_SEG_0775_f2	SYN_SEG_0775	SYN_SEG_SPK_22	SYN_SESSION_22	f2	initial	vowel	i			2372.096	Hz	ok		SYN_GENERATOR_11042026	SYNTHETIC_TEACHING_FIXTURE
REQ_SYN_SEG_0775_f3	SYN_SEG_0775	SYN_SEG_SPK_22	SYN_SESSION_22	f3	initial	vowel	i			3130.332	Hz	ok		SYN_GENERATOR_11042026	SYNTHETIC_TEACHING_FIXTURE
REQ_SYN_SEG_0776_vowel_duration	SYN_SEG_0776	SYN_SEG_SPK_22	SYN_SESSION_22	vowel_duration	medial	vowel	a	2208	2208.144919	144.918999999845	ms	ok		SYN_GENERATOR_11042026	SYNTHETIC_TEACHING_FIXTURE
REQ_SYN_SEG_0776_f1	SYN_SEG_0776	SYN_SEG_SPK_22	SYN_SESSION_22	f1	medial	vowel	a			781.452	Hz	ok		SYN_GENERATOR_11042026	SYNTHETIC_TEACHING_FIXTURE
REQ_SYN_SEG_0776_f2	SYN_SEG_0776	SYN_SEG_SPK_22	SYN_SESSION_22	f2	medial	vowel	a			1361.634	Hz	ok		SYN_GENERATOR_11042026	SYNTHETIC_TEACHING_FIXTURE
REQ_SYN_SEG_0776_f3	SYN_SEG_0776	SYN_SEG_SPK_22	SYN_SESSION_22	f3	medial	vowel	a			2616.528	Hz	ok		SYN_GENERATOR_11042026	SYNTHETIC_TEACHING_FIXTURE
REQ_SYN_SEG_0777_vowel_duration	SYN_SEG_0777	SYN_SEG_SPK_22	SYN_SESSION_22	vowel_duration	final	vowel	u	2209	2209.202553	202.55300000008	ms	ok		SYN_GENERATOR_11042026	SYNTHETIC_TEACHING_FIXTURE
REQ_SYN_SEG_0777_f1	SYN_SEG_0777	SYN_SEG_SPK_22	SYN_SESSION_22	f1	final	vowel	u			377.845	Hz	ok		SYN_GENERATOR_11042026	SYNTHETIC_TEACHING_FIXTURE
REQ_SYN_SEG_0777_f2	SYN_SEG_0777	SYN_SEG_SPK_22	SYN_SESSION_22	f2	final	vowel	u			938.305	Hz	ok		SYN_GENERATOR_11042026	SYNTHETIC_TEACHING_FIXTURE
REQ_SYN_SEG_0777_f3	SYN_SEG_0777	SYN_SEG_SPK_22	SYN_SESSION_22	f3	final	vowel	u			2329.494	Hz	ok		SYN_GENERATOR_11042026	SYNTHETIC_TEACHING_FIXTURE
REQ_SYN_SEG_0778_vowel_duration	SYN_SEG_0778	SYN_SEG_SPK_22	SYN_SESSION_22	vowel_duration	initial	vowel	i	2210	2210.08459	84.5899999999347	ms	ok		SYN_GENERATOR_11042026	SYNTHETIC_TEACHING_FIXTURE
REQ_SYN_SEG_0778_f1	SYN_SEG_0778	SYN_SEG_SPK_22	SYN_SESSION_22	f1	initial	vowel	i			341.476	Hz	ok		SYN_GENERATOR_11042026	SYNTHETIC_TEACHING_FIXTURE
REQ_SYN_SEG_0778_f2	SYN_SEG_0778	SYN_SEG_SPK_22	SYN_SESSION_22	f2	initial	vowel	i			2528.435	Hz	ok		SYN_GENERATOR_11042026	SYNTHETIC_TEACHING_FIXTURE
REQ_SYN_SEG_0778_f3	SYN_SEG_0778	SYN_SEG_SPK_22	SYN_SESSION_22	f3	initial	vowel	i			3228.938	Hz	ok		SYN_GENERATOR_11042026	SYNTHETIC_TEACHING_FIXTURE
REQ_SYN_SEG_0779_vowel_duration	SYN_SEG_0779	SYN_SEG_SPK_22	SYN_SESSION_22	vowel_duration	medial	vowel	a	2211	2211.096596	96.5959999998631	ms	ok		SYN_GENERATOR_11042026	SYNTHETIC_TEACHING_FIXTURE
REQ_SYN_SEG_0779_f1	SYN_SEG_0779	SYN_SEG_SPK_22	SYN_SESSION_22	f1	medial	vowel	a			802.971	Hz	ok		SYN_GENERATOR_11042026	SYNTHETIC_TEACHING_FIXTURE
REQ_SYN_SEG_0779_f2	SYN_SEG_0779	SYN_SEG_SPK_22	SYN_SESSION_22	f2	medial	vowel	a			1318.657	Hz	ok		SYN_GENERATOR_11042026	SYNTHETIC_TEACHING_FIXTURE
REQ_SYN_SEG_0779_f3	SYN_SEG_0779	SYN_SEG_SPK_22	SYN_SESSION_22	f3	medial	vowel	a			2618.15	Hz	ok		SYN_GENERATOR_11042026	SYNTHETIC_TEACHING_FIXTURE
REQ_SYN_SEG_0780_vowel_duration	SYN_SEG_0780	SYN_SEG_SPK_22	SYN_SESSION_22	vowel_duration	final	vowel	u	2212	2212.08236	82.3599999998805	ms	ok		SYN_GENERATOR_11042026	SYNTHETIC_TEACHING_FIXTURE
REQ_SYN_SEG_0780_f1	SYN_SEG_0780	SYN_SEG_SPK_22	SYN_SESSION_22	f1	final	vowel	u			370.175	Hz	ok		SYN_GENERATOR_11042026	SYNTHETIC_TEACHING_FIXTURE
REQ_SYN_SEG_0780_f2	SYN_SEG_0780	SYN_SEG_SPK_22	SYN_SESSION_22	f2	final	vowel	u			969.309	Hz	ok		SYN_GENERATOR_11042026	SYNTHETIC_TEACHING_FIXTURE
REQ_SYN_SEG_0780_f3	SYN_SEG_0780	SYN_SEG_SPK_22	SYN_SESSION_22	f3	final	vowel	u			2480.887	Hz	ok		SYN_GENERATOR_11042026	SYNTHETIC_TEACHING_FIXTURE
REQ_SYN_SEG_0781_fricative_duration	SYN_SEG_0781	SYN_SEG_SPK_22	SYN_SESSION_22	fricative_duration	initial	fricative		2201	2201.123267	123.266999999942	ms	ok		SYN_GENERATOR_11042026	SYNTHETIC_TEACHING_FIXTURE
REQ_SYN_SEG_0781_fricative_cog	SYN_SEG_0781	SYN_SEG_SPK_22	SYN_SESSION_22	fricative_cog	initial	fricative				6778.42	Hz	ok		SYN_GENERATOR_11042026	SYNTHETIC_TEACHING_FIXTURE
REQ_SYN_SEG_0782_fricative_duration	SYN_SEG_0782	SYN_SEG_SPK_22	SYN_SESSION_22	fricative_duration	medial	fricative		2202	2202.146957	146.956999999929	ms	ok		SYN_GENERATOR_11042026	SYNTHETIC_TEACHING_FIXTURE
REQ_SYN_SEG_0782_fricative_cog	SYN_SEG_0782	SYN_SEG_SPK_22	SYN_SESSION_22	fricative_cog	medial	fricative				5060.012	Hz	ok		SYN_GENERATOR_11042026	SYNTHETIC_TEACHING_FIXTURE
REQ_SYN_SEG_0783_fricative_duration	SYN_SEG_0783	SYN_SEG_SPK_22	SYN_SESSION_22	fricative_duration	final	fricative		2203	2203.112912	112.912000000051	ms	ok		SYN_GENERATOR_11042026	SYNTHETIC_TEACHING_FIXTURE
REQ_SYN_SEG_0783_fricative_cog	SYN_SEG_0783	SYN_SEG_SPK_22	SYN_SESSION_22	fricative_cog	final	fricative				5409.666	Hz	ok		SYN_GENERATOR_11042026	SYNTHETIC_TEACHING_FIXTURE
REQ_SYN_SEG_0784_fricative_duration	SYN_SEG_0784	SYN_SEG_SPK_22	SYN_SESSION_22	fricative_duration	initial	fricative		2204	2204.078494	78.4939999998642	ms	ok		SYN_GENERATOR_11042026	SYNTHETIC_TEACHING_FIXTURE
REQ_SYN_SEG_0784_fricative_cog	SYN_SEG_0784	SYN_SEG_SPK_22	SYN_SESSION_22	fricative_cog	initial	fricative				6248.177	Hz	ok		SYN_GENERATOR_11042026	SYNTHETIC_TEACHING_FIXTURE
REQ_SYN_SEG_0785_fricative_duration	SYN_SEG_0785	SYN_SEG_SPK_22	SYN_SESSION_22	fricative_duration	medial	fricative		2205	2205.138609	138.609000000088	ms	ok		SYN_GENERATOR_11042026	SYNTHETIC_TEACHING_FIXTURE
REQ_SYN_SEG_0785_fricative_cog	SYN_SEG_0785	SYN_SEG_SPK_22	SYN_SESSION_22	fricative_cog	medial	fricative				5716.521	Hz	ok		SYN_GENERATOR_11042026	SYNTHETIC_TEACHING_FIXTURE
REQ_SYN_SEG_0786_fricative_duration	SYN_SEG_0786	SYN_SEG_SPK_22	SYN_SESSION_22	fricative_duration	final	fricative		2206	2206.118491	118.491000000176	ms	ok		SYN_GENERATOR_11042026	SYNTHETIC_TEACHING_FIXTURE
REQ_SYN_SEG_0786_fricative_cog	SYN_SEG_0786	SYN_SEG_SPK_22	SYN_SESSION_22	fricative_cog	final	fricative				5050.841	Hz	ok		SYN_GENERATOR_11042026	SYNTHETIC_TEACHING_FIXTURE
REQ_SYN_SEG_0787_fricative_duration	SYN_SEG_0787	SYN_SEG_SPK_22	SYN_SESSION_22	fricative_duration	initial	fricative		2207	2207.177087	177.087000000029	ms	ok		SYN_GENERATOR_11042026	SYNTHETIC_TEACHING_FIXTURE
REQ_SYN_SEG_0787_fricative_cog	SYN_SEG_0787	SYN_SEG_SPK_22	SYN_SESSION_22	fricative_cog	initial	fricative				6329.553	Hz	ok		SYN_GENERATOR_11042026	SYNTHETIC_TEACHING_FIXTURE
REQ_SYN_SEG_0788_fricative_duration	SYN_SEG_0788	SYN_SEG_SPK_22	SYN_SESSION_22	fricative_duration	medial	fricative		2208	2208.157541	157.541000000037	ms	ok		SYN_GENERATOR_11042026	SYNTHETIC_TEACHING_FIXTURE
REQ_SYN_SEG_0788_fricative_cog	SYN_SEG_0788	SYN_SEG_SPK_22	SYN_SESSION_22	fricative_cog	medial	fricative				5389.099	Hz	ok		SYN_GENERATOR_11042026	SYNTHETIC_TEACHING_FIXTURE
REQ_SYN_SEG_0789_fricative_duration	SYN_SEG_0789	SYN_SEG_SPK_22	SYN_SESSION_22	fricative_duration	final	fricative		2209	2209.128264	128.263999999945	ms	ok		SYN_GENERATOR_11042026	SYNTHETIC_TEACHING_FIXTURE
REQ_SYN_SEG_0789_fricative_cog	SYN_SEG_0789	SYN_SEG_SPK_22	SYN_SESSION_22	fricative_cog	final	fricative				5195.898	Hz	ok		SYN_GENERATOR_11042026	SYNTHETIC_TEACHING_FIXTURE
REQ_SYN_SEG_0790_fricative_duration	SYN_SEG_0790	SYN_SEG_SPK_22	SYN_SESSION_22	fricative_duration	initial	fricative		2210	2210.147778	147.778000000017	ms	ok		SYN_GENERATOR_11042026	SYNTHETIC_TEACHING_FIXTURE
REQ_SYN_SEG_0790_fricative_cog	SYN_SEG_0790	SYN_SEG_SPK_22	SYN_SESSION_22	fricative_cog	initial	fricative				6401.954	Hz	ok		SYN_GENERATOR_11042026	SYNTHETIC_TEACHING_FIXTURE
REQ_SYN_SEG_0791_fricative_duration	SYN_SEG_0791	SYN_SEG_SPK_22	SYN_SESSION_22	fricative_duration	medial	fricative		2211	2211.078152	78.1520000000455	ms	ok		SYN_GENERATOR_11042026	SYNTHETIC_TEACHING_FIXTURE
REQ_SYN_SEG_0791_fricative_cog	SYN_SEG_0791	SYN_SEG_SPK_22	SYN_SESSION_22	fricative_cog	medial	fricative				5114.245	Hz	ok		SYN_GENERATOR_11042026	SYNTHETIC_TEACHING_FIXTURE
REQ_SYN_SEG_0792_fricative_duration	SYN_SEG_0792	SYN_SEG_SPK_22	SYN_SESSION_22	fricative_duration	final	fricative		2212	2212.146158	146.158000000014	ms	ok		SYN_GENERATOR_11042026	SYNTHETIC_TEACHING_FIXTURE
REQ_SYN_SEG_0792_fricative_cog	SYN_SEG_0792	SYN_SEG_SPK_22	SYN_SESSION_22	fricative_cog	final	fricative				5561.217	Hz	ok		SYN_GENERATOR_11042026	SYNTHETIC_TEACHING_FIXTURE
REQ_SYN_SEG_0793_vot	SYN_SEG_0793	SYN_SEG_SPK_23	SYN_SESSION_23	vot	initial	stop		2301.102831	2301.087313	-15.5180000001565	ms	ok		SYN_GENERATOR_11042026	SYNTHETIC_TEACHING_FIXTURE
REQ_SYN_SEG_0793_closure_duration	SYN_SEG_0793	SYN_SEG_SPK_23	SYN_SESSION_23	closure_duration	initial	stop		2301	2301.102831	102.831000000151	ms	ok		SYN_GENERATOR_11042026	SYNTHETIC_TEACHING_FIXTURE
REQ_SYN_SEG_0793_vowel_onset_f0	SYN_SEG_0793	SYN_SEG_SPK_23	SYN_SESSION_23	vowel_onset_f0	initial	stop				107.838	Hz	ok		SYN_GENERATOR_11042026	SYNTHETIC_TEACHING_FIXTURE
REQ_SYN_SEG_0794_vot	SYN_SEG_0794	SYN_SEG_SPK_23	SYN_SESSION_23	vot	medial	stop		2302.07194	2302.131369	59.4290000003639	ms	ok		SYN_GENERATOR_11042026	SYNTHETIC_TEACHING_FIXTURE
REQ_SYN_SEG_0794_closure_duration	SYN_SEG_0794	SYN_SEG_SPK_23	SYN_SESSION_23	closure_duration	medial	stop		2302	2302.07194	71.9399999998132	ms	ok		SYN_GENERATOR_11042026	SYNTHETIC_TEACHING_FIXTURE
REQ_SYN_SEG_0794_vowel_onset_f0	SYN_SEG_0794	SYN_SEG_SPK_23	SYN_SESSION_23	vowel_onset_f0	medial	stop				129.776	Hz	ok		SYN_GENERATOR_11042026	SYNTHETIC_TEACHING_FIXTURE
REQ_SYN_SEG_0795_vot	SYN_SEG_0795	SYN_SEG_SPK_23	SYN_SESSION_23	vot	final	stop		2303.046328	2303.030658	-15.6699999997727	ms	ok		SYN_GENERATOR_11042026	SYNTHETIC_TEACHING_FIXTURE
REQ_SYN_SEG_0795_closure_duration	SYN_SEG_0795	SYN_SEG_SPK_23	SYN_SESSION_23	closure_duration	final	stop		2303	2303.046328	46.3279999999031	ms	ok		SYN_GENERATOR_11042026	SYNTHETIC_TEACHING_FIXTURE
REQ_SYN_SEG_0795_vowel_onset_f0	SYN_SEG_0795	SYN_SEG_SPK_23	SYN_SESSION_23	vowel_onset_f0	final	stop				113.936	Hz	ok		SYN_GENERATOR_11042026	SYNTHETIC_TEACHING_FIXTURE
REQ_SYN_SEG_0796_vot	SYN_SEG_0796	SYN_SEG_SPK_23	SYN_SESSION_23	vot	initial	stop		2304.095664	2304.087589	-8.07499999973516	ms	ok		SYN_GENERATOR_11042026	SYNTHETIC_TEACHING_FIXTURE
REQ_SYN_SEG_0796_closure_duration	SYN_SEG_0796	SYN_SEG_SPK_23	SYN_SESSION_23	closure_duration	initial	stop		2304	2304.095664	95.6639999999425	ms	ok		SYN_GENERATOR_11042026	SYNTHETIC_TEACHING_FIXTURE
REQ_SYN_SEG_0796_vowel_onset_f0	SYN_SEG_0796	SYN_SEG_SPK_23	SYN_SESSION_23	vowel_onset_f0	initial	stop				96.75	Hz	ok		SYN_GENERATOR_11042026	SYNTHETIC_TEACHING_FIXTURE
REQ_SYN_SEG_0797_vot	SYN_SEG_0797	SYN_SEG_SPK_23	SYN_SESSION_23	vot	medial	stop		2305.059623	2305.12522	65.5969999997978	ms	ok		SYN_GENERATOR_11042026	SYNTHETIC_TEACHING_FIXTURE
REQ_SYN_SEG_0797_closure_duration	SYN_SEG_0797	SYN_SEG_SPK_23	SYN_SESSION_23	closure_duration	medial	stop		2305	2305.059623	59.6230000001015	ms	ok		SYN_GENERATOR_11042026	SYNTHETIC_TEACHING_FIXTURE
REQ_SYN_SEG_0797_vowel_onset_f0	SYN_SEG_0797	SYN_SEG_SPK_23	SYN_SESSION_23	vowel_onset_f0	medial	stop				133.39	Hz	ok		SYN_GENERATOR_11042026	SYNTHETIC_TEACHING_FIXTURE
REQ_SYN_SEG_0798_vot	SYN_SEG_0798	SYN_SEG_SPK_23	SYN_SESSION_23	vot	final	stop		2306.052915	2306.085878	32.9629999996541	ms	ok		SYN_GENERATOR_11042026	SYNTHETIC_TEACHING_FIXTURE
REQ_SYN_SEG_0798_closure_duration	SYN_SEG_0798	SYN_SEG_SPK_23	SYN_SESSION_23	closure_duration	final	stop		2306	2306.052915	52.9150000002119	ms	ok		SYN_GENERATOR_11042026	SYNTHETIC_TEACHING_FIXTURE
REQ_SYN_SEG_0798_vowel_onset_f0	SYN_SEG_0798	SYN_SEG_SPK_23	SYN_SESSION_23	vowel_onset_f0	final	stop				103.799	Hz	ok		SYN_GENERATOR_11042026	SYNTHETIC_TEACHING_FIXTURE
REQ_SYN_SEG_0799_vot	SYN_SEG_0799	SYN_SEG_SPK_23	SYN_SESSION_23	vot	initial	stop		2307.053206	2307.045615	-7.59100000004764	ms	ok		SYN_GENERATOR_11042026	SYNTHETIC_TEACHING_FIXTURE
REQ_SYN_SEG_0799_closure_duration	SYN_SEG_0799	SYN_SEG_SPK_23	SYN_SESSION_23	closure_duration	initial	stop		2307	2307.053206	53.2060000000456	ms	ok		SYN_GENERATOR_11042026	SYNTHETIC_TEACHING_FIXTURE
REQ_SYN_SEG_0799_vowel_onset_f0	SYN_SEG_0799	SYN_SEG_SPK_23	SYN_SESSION_23	vowel_onset_f0	initial	stop				109.921	Hz	ok		SYN_GENERATOR_11042026	SYNTHETIC_TEACHING_FIXTURE
REQ_SYN_SEG_0800_vot	SYN_SEG_0800	SYN_SEG_SPK_23	SYN_SESSION_23	vot	medial	stop		2308.104857	2308.145175	40.3180000002976	ms	ok		SYN_GENERATOR_11042026	SYNTHETIC_TEACHING_FIXTURE
REQ_SYN_SEG_0800_closure_duration	SYN_SEG_0800	SYN_SEG_SPK_23	SYN_SESSION_23	closure_duration	medial	stop		2308	2308.104857	104.856999999811	ms	ok		SYN_GENERATOR_11042026	SYNTHETIC_TEACHING_FIXTURE
REQ_SYN_SEG_0800_vowel_onset_f0	SYN_SEG_0800	SYN_SEG_SPK_23	SYN_SESSION_23	vowel_onset_f0	medial	stop				134.616	Hz	ok		SYN_GENERATOR_11042026	SYNTHETIC_TEACHING_FIXTURE
REQ_SYN_SEG_0801_vot	SYN_SEG_0801	SYN_SEG_SPK_23	SYN_SESSION_23	vot	final	stop		2309.046184	2309.081968	35.7840000001488	ms	review	multiple_release	SYN_GENERATOR_11042026	SYNTHETIC_TEACHING_FIXTURE
REQ_SYN_SEG_0801_closure_duration	SYN_SEG_0801	SYN_SEG_SPK_23	SYN_SESSION_23	closure_duration	final	stop		2309	2309.046184	46.1839999998119	ms	review	multiple_release	SYN_GENERATOR_11042026	SYNTHETIC_TEACHING_FIXTURE
REQ_SYN_SEG_0801_vowel_onset_f0	SYN_SEG_0801	SYN_SEG_SPK_23	SYN_SESSION_23	vowel_onset_f0	final	stop				131.522	Hz	review	multiple_release	SYN_GENERATOR_11042026	SYNTHETIC_TEACHING_FIXTURE
REQ_SYN_SEG_0802_vot	SYN_SEG_0802	SYN_SEG_SPK_23	SYN_SESSION_23	vot	initial	stop		2310.062571	2310.130158	67.5870000000032	ms	ok		SYN_GENERATOR_11042026	SYNTHETIC_TEACHING_FIXTURE
REQ_SYN_SEG_0802_closure_duration	SYN_SEG_0802	SYN_SEG_SPK_23	SYN_SESSION_23	closure_duration	initial	stop		2310	2310.062571	62.5709999999344	ms	ok		SYN_GENERATOR_11042026	SYNTHETIC_TEACHING_FIXTURE
REQ_SYN_SEG_0802_vowel_onset_f0	SYN_SEG_0802	SYN_SEG_SPK_23	SYN_SESSION_23	vowel_onset_f0	initial	stop				131.754	Hz	ok		SYN_GENERATOR_11042026	SYNTHETIC_TEACHING_FIXTURE
REQ_SYN_SEG_0803_vot	SYN_SEG_0803	SYN_SEG_SPK_23	SYN_SESSION_23	vot	medial	stop		2311.094883	2311.127646	32.7629999997043	ms	ok		SYN_GENERATOR_11042026	SYNTHETIC_TEACHING_FIXTURE
REQ_SYN_SEG_0803_closure_duration	SYN_SEG_0803	SYN_SEG_SPK_23	SYN_SESSION_23	closure_duration	medial	stop		2311	2311.094883	94.883000000209	ms	ok		SYN_GENERATOR_11042026	SYNTHETIC_TEACHING_FIXTURE
REQ_SYN_SEG_0803_vowel_onset_f0	SYN_SEG_0803	SYN_SEG_SPK_23	SYN_SESSION_23	vowel_onset_f0	medial	stop				122.342	Hz	ok		SYN_GENERATOR_11042026	SYNTHETIC_TEACHING_FIXTURE
REQ_SYN_SEG_0804_vot	SYN_SEG_0804	SYN_SEG_SPK_23	SYN_SESSION_23	vot	final	stop		2312.07693	2312.161844	84.9140000000261	ms	ok		SYN_GENERATOR_11042026	SYNTHETIC_TEACHING_FIXTURE
REQ_SYN_SEG_0804_closure_duration	SYN_SEG_0804	SYN_SEG_SPK_23	SYN_SESSION_23	closure_duration	final	stop		2312	2312.07693	76.9300000001749	ms	ok		SYN_GENERATOR_11042026	SYNTHETIC_TEACHING_FIXTURE
REQ_SYN_SEG_0804_vowel_onset_f0	SYN_SEG_0804	SYN_SEG_SPK_23	SYN_SESSION_23	vowel_onset_f0	final	stop				139.265	Hz	ok		SYN_GENERATOR_11042026	SYNTHETIC_TEACHING_FIXTURE
REQ_SYN_SEG_0805_vowel_duration	SYN_SEG_0805	SYN_SEG_SPK_23	SYN_SESSION_23	vowel_duration	initial	vowel	i	2301	2301.0898	89.8000000001957	ms	ok		SYN_GENERATOR_11042026	SYNTHETIC_TEACHING_FIXTURE
REQ_SYN_SEG_0805_f1	SYN_SEG_0805	SYN_SEG_SPK_23	SYN_SESSION_23	f1	initial	vowel	i			371.798	Hz	ok		SYN_GENERATOR_11042026	SYNTHETIC_TEACHING_FIXTURE
REQ_SYN_SEG_0805_f2	SYN_SEG_0805	SYN_SEG_SPK_23	SYN_SESSION_23	f2	initial	vowel	i			2660.975	Hz	ok		SYN_GENERATOR_11042026	SYNTHETIC_TEACHING_FIXTURE
REQ_SYN_SEG_0805_f3	SYN_SEG_0805	SYN_SEG_SPK_23	SYN_SESSION_23	f3	initial	vowel	i			3496.259	Hz	ok		SYN_GENERATOR_11042026	SYNTHETIC_TEACHING_FIXTURE
REQ_SYN_SEG_0806_vowel_duration	SYN_SEG_0806	SYN_SEG_SPK_23	SYN_SESSION_23	vowel_duration	medial	vowel	a	2302	2302.112501	112.501000000066	ms	ok		SYN_GENERATOR_11042026	SYNTHETIC_TEACHING_FIXTURE
REQ_SYN_SEG_0806_f1	SYN_SEG_0806	SYN_SEG_SPK_23	SYN_SESSION_23	f1	medial	vowel	a			855.212	Hz	ok		SYN_GENERATOR_11042026	SYNTHETIC_TEACHING_FIXTURE
REQ_SYN_SEG_0806_f2	SYN_SEG_0806	SYN_SEG_SPK_23	SYN_SESSION_23	f2	medial	vowel	a			1424.346	Hz	ok		SYN_GENERATOR_11042026	SYNTHETIC_TEACHING_FIXTURE
REQ_SYN_SEG_0806_f3	SYN_SEG_0806	SYN_SEG_SPK_23	SYN_SESSION_23	f3	medial	vowel	a			2944.676	Hz	ok		SYN_GENERATOR_11042026	SYNTHETIC_TEACHING_FIXTURE
REQ_SYN_SEG_0807_vowel_duration	SYN_SEG_0807	SYN_SEG_SPK_23	SYN_SESSION_23	vowel_duration	final	vowel	u	2303	2303.211484	211.483999999928	ms	ok		SYN_GENERATOR_11042026	SYNTHETIC_TEACHING_FIXTURE
REQ_SYN_SEG_0807_f1	SYN_SEG_0807	SYN_SEG_SPK_23	SYN_SESSION_23	f1	final	vowel	u			411.279	Hz	ok		SYN_GENERATOR_11042026	SYNTHETIC_TEACHING_FIXTURE
REQ_SYN_SEG_0807_f2	SYN_SEG_0807	SYN_SEG_SPK_23	SYN_SESSION_23	f2	final	vowel	u			1007.987	Hz	ok		SYN_GENERATOR_11042026	SYNTHETIC_TEACHING_FIXTURE
REQ_SYN_SEG_0807_f3	SYN_SEG_0807	SYN_SEG_SPK_23	SYN_SESSION_23	f3	final	vowel	u			2569.303	Hz	ok		SYN_GENERATOR_11042026	SYNTHETIC_TEACHING_FIXTURE
REQ_SYN_SEG_0808_vowel_duration	SYN_SEG_0808	SYN_SEG_SPK_23	SYN_SESSION_23	vowel_duration	initial	vowel	i	2304	2304.170498	170.497999999952	ms	ok		SYN_GENERATOR_11042026	SYNTHETIC_TEACHING_FIXTURE
REQ_SYN_SEG_0808_f1	SYN_SEG_0808	SYN_SEG_SPK_23	SYN_SESSION_23	f1	initial	vowel	i			378.112	Hz	ok		SYN_GENERATOR_11042026	SYNTHETIC_TEACHING_FIXTURE
REQ_SYN_SEG_0808_f2	SYN_SEG_0808	SYN_SEG_SPK_23	SYN_SESSION_23	f2	initial	vowel	i			2627.49	Hz	ok		SYN_GENERATOR_11042026	SYNTHETIC_TEACHING_FIXTURE
REQ_SYN_SEG_0808_f3	SYN_SEG_0808	SYN_SEG_SPK_23	SYN_SESSION_23	f3	initial	vowel	i			3460.513	Hz	ok		SYN_GENERATOR_11042026	SYNTHETIC_TEACHING_FIXTURE
REQ_SYN_SEG_0809_vowel_duration	SYN_SEG_0809	SYN_SEG_SPK_23	SYN_SESSION_23	vowel_duration	medial	vowel	a	2305	2305.217141	217.141000000083	ms	ok		SYN_GENERATOR_11042026	SYNTHETIC_TEACHING_FIXTURE
REQ_SYN_SEG_0809_f1	SYN_SEG_0809	SYN_SEG_SPK_23	SYN_SESSION_23	f1	medial	vowel	a			883.003	Hz	ok		SYN_GENERATOR_11042026	SYNTHETIC_TEACHING_FIXTURE
REQ_SYN_SEG_0809_f2	SYN_SEG_0809	SYN_SEG_SPK_23	SYN_SESSION_23	f2	medial	vowel	a			1402.95	Hz	ok		SYN_GENERATOR_11042026	SYNTHETIC_TEACHING_FIXTURE
REQ_SYN_SEG_0809_f3	SYN_SEG_0809	SYN_SEG_SPK_23	SYN_SESSION_23	f3	medial	vowel	a			2834.291	Hz	ok		SYN_GENERATOR_11042026	SYNTHETIC_TEACHING_FIXTURE
REQ_SYN_SEG_0810_vowel_duration	SYN_SEG_0810	SYN_SEG_SPK_23	SYN_SESSION_23	vowel_duration	final	vowel	u	2306	2306.197437	197.436999999809	ms	ok		SYN_GENERATOR_11042026	SYNTHETIC_TEACHING_FIXTURE
REQ_SYN_SEG_0810_f1	SYN_SEG_0810	SYN_SEG_SPK_23	SYN_SESSION_23	f1	final	vowel	u			409.727	Hz	ok		SYN_GENERATOR_11042026	SYNTHETIC_TEACHING_FIXTURE
REQ_SYN_SEG_0810_f2	SYN_SEG_0810	SYN_SEG_SPK_23	SYN_SESSION_23	f2	final	vowel	u			1090.526	Hz	ok		SYN_GENERATOR_11042026	SYNTHETIC_TEACHING_FIXTURE
REQ_SYN_SEG_0810_f3	SYN_SEG_0810	SYN_SEG_SPK_23	SYN_SESSION_23	f3	final	vowel	u			2493.814	Hz	ok		SYN_GENERATOR_11042026	SYNTHETIC_TEACHING_FIXTURE
REQ_SYN_SEG_0811_vowel_duration	SYN_SEG_0811	SYN_SEG_SPK_23	SYN_SESSION_23	vowel_duration	initial	vowel	i	2307	2307.11491	114.909999999782	ms	ok		SYN_GENERATOR_11042026	SYNTHETIC_TEACHING_FIXTURE
REQ_SYN_SEG_0811_f1	SYN_SEG_0811	SYN_SEG_SPK_23	SYN_SESSION_23	f1	initial	vowel	i			358.098	Hz	ok		SYN_GENERATOR_11042026	SYNTHETIC_TEACHING_FIXTURE
REQ_SYN_SEG_0811_f2	SYN_SEG_0811	SYN_SEG_SPK_23	SYN_SESSION_23	f2	initial	vowel	i			2593.126	Hz	ok		SYN_GENERATOR_11042026	SYNTHETIC_TEACHING_FIXTURE
REQ_SYN_SEG_0811_f3	SYN_SEG_0811	SYN_SEG_SPK_23	SYN_SESSION_23	f3	initial	vowel	i			3503.83	Hz	ok		SYN_GENERATOR_11042026	SYNTHETIC_TEACHING_FIXTURE
REQ_SYN_SEG_0812_vowel_duration	SYN_SEG_0812	SYN_SEG_SPK_23	SYN_SESSION_23	vowel_duration	medial	vowel	a	2308	2308.087029	87.0289999998022	ms	ok		SYN_GENERATOR_11042026	SYNTHETIC_TEACHING_FIXTURE
REQ_SYN_SEG_0812_f1	SYN_SEG_0812	SYN_SEG_SPK_23	SYN_SESSION_23	f1	medial	vowel	a			894.271	Hz	ok		SYN_GENERATOR_11042026	SYNTHETIC_TEACHING_FIXTURE
REQ_SYN_SEG_0812_f2	SYN_SEG_0812	SYN_SEG_SPK_23	SYN_SESSION_23	f2	medial	vowel	a			1470.411	Hz	ok		SYN_GENERATOR_11042026	SYNTHETIC_TEACHING_FIXTURE
REQ_SYN_SEG_0812_f3	SYN_SEG_0812	SYN_SEG_SPK_23	SYN_SESSION_23	f3	medial	vowel	a			2940.268	Hz	ok		SYN_GENERATOR_11042026	SYNTHETIC_TEACHING_FIXTURE
REQ_SYN_SEG_0813_vowel_duration	SYN_SEG_0813	SYN_SEG_SPK_23	SYN_SESSION_23	vowel_duration	final	vowel	u	2309	2309.142266	142.265999999836	ms	ok		SYN_GENERATOR_11042026	SYNTHETIC_TEACHING_FIXTURE
REQ_SYN_SEG_0813_f1	SYN_SEG_0813	SYN_SEG_SPK_23	SYN_SESSION_23	f1	final	vowel	u			378.304	Hz	ok		SYN_GENERATOR_11042026	SYNTHETIC_TEACHING_FIXTURE
REQ_SYN_SEG_0813_f2	SYN_SEG_0813	SYN_SEG_SPK_23	SYN_SESSION_23	f2	final	vowel	u			1041.421	Hz	ok		SYN_GENERATOR_11042026	SYNTHETIC_TEACHING_FIXTURE
REQ_SYN_SEG_0813_f3	SYN_SEG_0813	SYN_SEG_SPK_23	SYN_SESSION_23	f3	final	vowel	u			2559.082	Hz	ok		SYN_GENERATOR_11042026	SYNTHETIC_TEACHING_FIXTURE
REQ_SYN_SEG_0814_vowel_duration	SYN_SEG_0814	SYN_SEG_SPK_23	SYN_SESSION_23	vowel_duration	initial	vowel	i	2310	2310.144662	144.662000000153	ms	ok		SYN_GENERATOR_11042026	SYNTHETIC_TEACHING_FIXTURE
REQ_SYN_SEG_0814_f1	SYN_SEG_0814	SYN_SEG_SPK_23	SYN_SESSION_23	f1	initial	vowel	i			368.911	Hz	ok		SYN_GENERATOR_11042026	SYNTHETIC_TEACHING_FIXTURE
REQ_SYN_SEG_0814_f2	SYN_SEG_0814	SYN_SEG_SPK_23	SYN_SESSION_23	f2	initial	vowel	i			2608.175	Hz	ok		SYN_GENERATOR_11042026	SYNTHETIC_TEACHING_FIXTURE
REQ_SYN_SEG_0814_f3	SYN_SEG_0814	SYN_SEG_SPK_23	SYN_SESSION_23	f3	initial	vowel	i			3453.837	Hz	ok		SYN_GENERATOR_11042026	SYNTHETIC_TEACHING_FIXTURE
REQ_SYN_SEG_0815_vowel_duration	SYN_SEG_0815	SYN_SEG_SPK_23	SYN_SESSION_23	vowel_duration	medial	vowel	a	2311	2311.127181	127.180999999837	ms	ok		SYN_GENERATOR_11042026	SYNTHETIC_TEACHING_FIXTURE
REQ_SYN_SEG_0815_f1	SYN_SEG_0815	SYN_SEG_SPK_23	SYN_SESSION_23	f1	medial	vowel	a			879.586	Hz	ok		SYN_GENERATOR_11042026	SYNTHETIC_TEACHING_FIXTURE
REQ_SYN_SEG_0815_f2	SYN_SEG_0815	SYN_SEG_SPK_23	SYN_SESSION_23	f2	medial	vowel	a			1382.274	Hz	ok		SYN_GENERATOR_11042026	SYNTHETIC_TEACHING_FIXTURE
REQ_SYN_SEG_0815_f3	SYN_SEG_0815	SYN_SEG_SPK_23	SYN_SESSION_23	f3	medial	vowel	a			2849.754	Hz	ok		SYN_GENERATOR_11042026	SYNTHETIC_TEACHING_FIXTURE
REQ_SYN_SEG_0816_vowel_duration	SYN_SEG_0816	SYN_SEG_SPK_23	SYN_SESSION_23	vowel_duration	final	vowel	u	2312	2312.194391	194.390999999996	ms	ok		SYN_GENERATOR_11042026	SYNTHETIC_TEACHING_FIXTURE
REQ_SYN_SEG_0816_f1	SYN_SEG_0816	SYN_SEG_SPK_23	SYN_SESSION_23	f1	final	vowel	u			414.97	Hz	ok		SYN_GENERATOR_11042026	SYNTHETIC_TEACHING_FIXTURE
REQ_SYN_SEG_0816_f2	SYN_SEG_0816	SYN_SEG_SPK_23	SYN_SESSION_23	f2	final	vowel	u			1044.858	Hz	ok		SYN_GENERATOR_11042026	SYNTHETIC_TEACHING_FIXTURE
REQ_SYN_SEG_0816_f3	SYN_SEG_0816	SYN_SEG_SPK_23	SYN_SESSION_23	f3	final	vowel	u			2472.126	Hz	ok		SYN_GENERATOR_11042026	SYNTHETIC_TEACHING_FIXTURE
REQ_SYN_SEG_0817_fricative_duration	SYN_SEG_0817	SYN_SEG_SPK_23	SYN_SESSION_23	fricative_duration	initial	fricative		2301	2301.17445	174.449999999979	ms	ok		SYN_GENERATOR_11042026	SYNTHETIC_TEACHING_FIXTURE
REQ_SYN_SEG_0817_fricative_cog	SYN_SEG_0817	SYN_SEG_SPK_23	SYN_SESSION_23	fricative_cog	initial	fricative				6857.325	Hz	ok		SYN_GENERATOR_11042026	SYNTHETIC_TEACHING_FIXTURE
REQ_SYN_SEG_0818_fricative_duration	SYN_SEG_0818	SYN_SEG_SPK_23	SYN_SESSION_23	fricative_duration	medial	fricative		2302	2302.123212	123.211999999967	ms	ok		SYN_GENERATOR_11042026	SYNTHETIC_TEACHING_FIXTURE
REQ_SYN_SEG_0818_fricative_cog	SYN_SEG_0818	SYN_SEG_SPK_23	SYN_SESSION_23	fricative_cog	medial	fricative				5565.59	Hz	ok		SYN_GENERATOR_11042026	SYNTHETIC_TEACHING_FIXTURE
REQ_SYN_SEG_0819_fricative_duration	SYN_SEG_0819	SYN_SEG_SPK_23	SYN_SESSION_23	fricative_duration	final	fricative		2303	2303.093027	93.0269999998927	ms	ok		SYN_GENERATOR_11042026	SYNTHETIC_TEACHING_FIXTURE
REQ_SYN_SEG_0819_fricative_cog	SYN_SEG_0819	SYN_SEG_SPK_23	SYN_SESSION_23	fricative_cog	final	fricative				5602.508	Hz	ok		SYN_GENERATOR_11042026	SYNTHETIC_TEACHING_FIXTURE
REQ_SYN_SEG_0820_fricative_duration	SYN_SEG_0820	SYN_SEG_SPK_23	SYN_SESSION_23	fricative_duration	initial	fricative		2304	2304.160415	160.41499999983	ms	ok		SYN_GENERATOR_11042026	SYNTHETIC_TEACHING_FIXTURE
REQ_SYN_SEG_0820_fricative_cog	SYN_SEG_0820	SYN_SEG_SPK_23	SYN_SESSION_23	fricative_cog	initial	fricative				7117.782	Hz	ok		SYN_GENERATOR_11042026	SYNTHETIC_TEACHING_FIXTURE
REQ_SYN_SEG_0821_fricative_duration	SYN_SEG_0821	SYN_SEG_SPK_23	SYN_SESSION_23	fricative_duration	medial	fricative		2305	2305.171131	171.131000000059	ms	ok		SYN_GENERATOR_11042026	SYNTHETIC_TEACHING_FIXTURE
REQ_SYN_SEG_0821_fricative_cog	SYN_SEG_0821	SYN_SEG_SPK_23	SYN_SESSION_23	fricative_cog	medial	fricative				5605.275	Hz	ok		SYN_GENERATOR_11042026	SYNTHETIC_TEACHING_FIXTURE
REQ_SYN_SEG_0822_fricative_duration	SYN_SEG_0822	SYN_SEG_SPK_23	SYN_SESSION_23	fricative_duration	final	fricative		2306	2306.105304	105.30400000016	ms	ok		SYN_GENERATOR_11042026	SYNTHETIC_TEACHING_FIXTURE
REQ_SYN_SEG_0822_fricative_cog	SYN_SEG_0822	SYN_SEG_SPK_23	SYN_SESSION_23	fricative_cog	final	fricative				5848.877	Hz	ok		SYN_GENERATOR_11042026	SYNTHETIC_TEACHING_FIXTURE
REQ_SYN_SEG_0823_fricative_duration	SYN_SEG_0823	SYN_SEG_SPK_23	SYN_SESSION_23	fricative_duration	initial	fricative		2307	2307.147972	147.972000000209	ms	ok		SYN_GENERATOR_11042026	SYNTHETIC_TEACHING_FIXTURE
REQ_SYN_SEG_0823_fricative_cog	SYN_SEG_0823	SYN_SEG_SPK_23	SYN_SESSION_23	fricative_cog	initial	fricative				7268.598	Hz	ok		SYN_GENERATOR_11042026	SYNTHETIC_TEACHING_FIXTURE
REQ_SYN_SEG_0824_fricative_duration	SYN_SEG_0824	SYN_SEG_SPK_23	SYN_SESSION_23	fricative_duration	medial	fricative		2308	2308.172894	172.893999999815	ms	ok		SYN_GENERATOR_11042026	SYNTHETIC_TEACHING_FIXTURE
REQ_SYN_SEG_0824_fricative_cog	SYN_SEG_0824	SYN_SEG_SPK_23	SYN_SESSION_23	fricative_cog	medial	fricative				5655.553	Hz	ok		SYN_GENERATOR_11042026	SYNTHETIC_TEACHING_FIXTURE
REQ_SYN_SEG_0825_fricative_duration	SYN_SEG_0825	SYN_SEG_SPK_23	SYN_SESSION_23	fricative_duration	final	fricative		2309	2309.103471	103.4709999999	ms	ok		SYN_GENERATOR_11042026	SYNTHETIC_TEACHING_FIXTURE
REQ_SYN_SEG_0825_fricative_cog	SYN_SEG_0825	SYN_SEG_SPK_23	SYN_SESSION_23	fricative_cog	final	fricative				5878.43	Hz	ok		SYN_GENERATOR_11042026	SYNTHETIC_TEACHING_FIXTURE
REQ_SYN_SEG_0826_fricative_duration	SYN_SEG_0826	SYN_SEG_SPK_23	SYN_SESSION_23	fricative_duration	initial	fricative		2310	2310.090648	90.6479999998737	ms	ok		SYN_GENERATOR_11042026	SYNTHETIC_TEACHING_FIXTURE
REQ_SYN_SEG_0826_fricative_cog	SYN_SEG_0826	SYN_SEG_SPK_23	SYN_SESSION_23	fricative_cog	initial	fricative				6968.599	Hz	ok		SYN_GENERATOR_11042026	SYNTHETIC_TEACHING_FIXTURE
REQ_SYN_SEG_0827_fricative_duration	SYN_SEG_0827	SYN_SEG_SPK_23	SYN_SESSION_23	fricative_duration	medial	fricative		2311	2311.096241	96.241000000191	ms	ok		SYN_GENERATOR_11042026	SYNTHETIC_TEACHING_FIXTURE
REQ_SYN_SEG_0827_fricative_cog	SYN_SEG_0827	SYN_SEG_SPK_23	SYN_SESSION_23	fricative_cog	medial	fricative				5503.639	Hz	ok		SYN_GENERATOR_11042026	SYNTHETIC_TEACHING_FIXTURE
REQ_SYN_SEG_0828_fricative_duration	SYN_SEG_0828	SYN_SEG_SPK_23	SYN_SESSION_23	fricative_duration	final	fricative		2312	2312.124445	124.444999999923	ms	ok		SYN_GENERATOR_11042026	SYNTHETIC_TEACHING_FIXTURE
REQ_SYN_SEG_0828_fricative_cog	SYN_SEG_0828	SYN_SEG_SPK_23	SYN_SESSION_23	fricative_cog	final	fricative				5739.868	Hz	ok		SYN_GENERATOR_11042026	SYNTHETIC_TEACHING_FIXTURE
REQ_SYN_SEG_0829_vot	SYN_SEG_0829	SYN_SEG_SPK_24	SYN_SESSION_24	vot	initial	stop		2401.080273	2401.103007	22.7340000001277	ms	ok		SYN_GENERATOR_11042026	SYNTHETIC_TEACHING_FIXTURE
REQ_SYN_SEG_0829_closure_duration	SYN_SEG_0829	SYN_SEG_SPK_24	SYN_SESSION_24	closure_duration	initial	stop		2401	2401.080273	80.2730000000338	ms	ok		SYN_GENERATOR_11042026	SYNTHETIC_TEACHING_FIXTURE
REQ_SYN_SEG_0829_vowel_onset_f0	SYN_SEG_0829	SYN_SEG_SPK_24	SYN_SESSION_24	vowel_onset_f0	initial	stop				117.959	Hz	ok		SYN_GENERATOR_11042026	SYNTHETIC_TEACHING_FIXTURE
REQ_SYN_SEG_0830_vot	SYN_SEG_0830	SYN_SEG_SPK_24	SYN_SESSION_24	vot	medial	stop		2402.085749	2402.114441	28.6920000003192	ms	ok		SYN_GENERATOR_11042026	SYNTHETIC_TEACHING_FIXTURE
REQ_SYN_SEG_0830_closure_duration	SYN_SEG_0830	SYN_SEG_SPK_24	SYN_SESSION_24	closure_duration	medial	stop		2402	2402.085749	85.7489999998506	ms	ok		SYN_GENERATOR_11042026	SYNTHETIC_TEACHING_FIXTURE
REQ_SYN_SEG_0830_vowel_onset_f0	SYN_SEG_0830	SYN_SEG_SPK_24	SYN_SESSION_24	vowel_onset_f0	medial	stop				128.224	Hz	ok		SYN_GENERATOR_11042026	SYNTHETIC_TEACHING_FIXTURE
REQ_SYN_SEG_0831_vot	SYN_SEG_0831	SYN_SEG_SPK_24	SYN_SESSION_24	vot	final	stop		2403.095052	2403.116364	21.3119999998526	ms	ok		SYN_GENERATOR_11042026	SYNTHETIC_TEACHING_FIXTURE
REQ_SYN_SEG_0831_closure_duration	SYN_SEG_0831	SYN_SEG_SPK_24	SYN_SESSION_24	closure_duration	final	stop		2403	2403.095052	95.0520000001234	ms	ok		SYN_GENERATOR_11042026	SYNTHETIC_TEACHING_FIXTURE
REQ_SYN_SEG_0831_vowel_onset_f0	SYN_SEG_0831	SYN_SEG_SPK_24	SYN_SESSION_24	vowel_onset_f0	final	stop				127.237	Hz	ok		SYN_GENERATOR_11042026	SYNTHETIC_TEACHING_FIXTURE
REQ_SYN_SEG_0832_vot	SYN_SEG_0832	SYN_SEG_SPK_24	SYN_SESSION_24	vot	initial	stop		2404.056073	2404.124469	68.395999999666	ms	ok		SYN_GENERATOR_11042026	SYNTHETIC_TEACHING_FIXTURE
REQ_SYN_SEG_0832_closure_duration	SYN_SEG_0832	SYN_SEG_SPK_24	SYN_SESSION_24	closure_duration	initial	stop		2404	2404.056073	56.0730000001968	ms	ok		SYN_GENERATOR_11042026	SYNTHETIC_TEACHING_FIXTURE
REQ_SYN_SEG_0832_vowel_onset_f0	SYN_SEG_0832	SYN_SEG_SPK_24	SYN_SESSION_24	vowel_onset_f0	initial	stop				151.847	Hz	ok		SYN_GENERATOR_11042026	SYNTHETIC_TEACHING_FIXTURE
REQ_SYN_SEG_0833_vot	SYN_SEG_0833	SYN_SEG_SPK_24	SYN_SESSION_24	vot	medial	stop		2405.081934	2405.158536	76.6020000000935	ms	ok		SYN_GENERATOR_11042026	SYNTHETIC_TEACHING_FIXTURE
REQ_SYN_SEG_0833_closure_duration	SYN_SEG_0833	SYN_SEG_SPK_24	SYN_SESSION_24	closure_duration	medial	stop		2405	2405.081934	81.9339999998192	ms	ok		SYN_GENERATOR_11042026	SYNTHETIC_TEACHING_FIXTURE
REQ_SYN_SEG_0833_vowel_onset_f0	SYN_SEG_0833	SYN_SEG_SPK_24	SYN_SESSION_24	vowel_onset_f0	medial	stop				153.436	Hz	ok		SYN_GENERATOR_11042026	SYNTHETIC_TEACHING_FIXTURE
REQ_SYN_SEG_0834_vot	SYN_SEG_0834	SYN_SEG_SPK_24	SYN_SESSION_24	vot	final	stop		2406.04843	2406.05544	7.01000000026397	ms	ok		SYN_GENERATOR_11042026	SYNTHETIC_TEACHING_FIXTURE
REQ_SYN_SEG_0834_closure_duration	SYN_SEG_0834	SYN_SEG_SPK_24	SYN_SESSION_24	closure_duration	final	stop		2406	2406.04843	48.4299999998257	ms	ok		SYN_GENERATOR_11042026	SYNTHETIC_TEACHING_FIXTURE
REQ_SYN_SEG_0834_vowel_onset_f0	SYN_SEG_0834	SYN_SEG_SPK_24	SYN_SESSION_24	vowel_onset_f0	final	stop				134.564	Hz	ok		SYN_GENERATOR_11042026	SYNTHETIC_TEACHING_FIXTURE
REQ_SYN_SEG_0835_vot	SYN_SEG_0835	SYN_SEG_SPK_24	SYN_SESSION_24	vot	initial	stop		2407.050234	2407.051953	1.7190000003211	ms	ok		SYN_GENERATOR_11042026	SYNTHETIC_TEACHING_FIXTURE
REQ_SYN_SEG_0835_closure_duration	SYN_SEG_0835	SYN_SEG_SPK_24	SYN_SESSION_24	closure_duration	initial	stop		2407	2407.050234	50.2339999998185	ms	ok		SYN_GENERATOR_11042026	SYNTHETIC_TEACHING_FIXTURE
REQ_SYN_SEG_0835_vowel_onset_f0	SYN_SEG_0835	SYN_SEG_SPK_24	SYN_SESSION_24	vowel_onset_f0	initial	stop				128.691	Hz	ok		SYN_GENERATOR_11042026	SYNTHETIC_TEACHING_FIXTURE
REQ_SYN_SEG_0836_vot	SYN_SEG_0836	SYN_SEG_SPK_24	SYN_SESSION_24	vot	medial	stop		2408.102619	2408.087533	-15.0859999998829	ms	ok		SYN_GENERATOR_11042026	SYNTHETIC_TEACHING_FIXTURE
REQ_SYN_SEG_0836_closure_duration	SYN_SEG_0836	SYN_SEG_SPK_24	SYN_SESSION_24	closure_duration	medial	stop		2408	2408.102619	102.618999999777	ms	ok		SYN_GENERATOR_11042026	SYNTHETIC_TEACHING_FIXTURE
REQ_SYN_SEG_0836_vowel_onset_f0	SYN_SEG_0836	SYN_SEG_SPK_24	SYN_SESSION_24	vowel_onset_f0	medial	stop				126.119	Hz	ok		SYN_GENERATOR_11042026	SYNTHETIC_TEACHING_FIXTURE
REQ_SYN_SEG_0837_vot	SYN_SEG_0837	SYN_SEG_SPK_24	SYN_SESSION_24	vot	final	stop		2409.084195	2409.069592	-14.6030000000792	ms	ok		SYN_GENERATOR_11042026	SYNTHETIC_TEACHING_FIXTURE
REQ_SYN_SEG_0837_closure_duration	SYN_SEG_0837	SYN_SEG_SPK_24	SYN_SESSION_24	closure_duration	final	stop		2409	2409.084195	84.1949999999088	ms	ok		SYN_GENERATOR_11042026	SYNTHETIC_TEACHING_FIXTURE
REQ_SYN_SEG_0837_vowel_onset_f0	SYN_SEG_0837	SYN_SEG_SPK_24	SYN_SESSION_24	vowel_onset_f0	final	stop				126.778	Hz	ok		SYN_GENERATOR_11042026	SYNTHETIC_TEACHING_FIXTURE
REQ_SYN_SEG_0838_vot	SYN_SEG_0838	SYN_SEG_SPK_24	SYN_SESSION_24	vot	initial	stop		2410.062834	2410.092776	29.9420000001192	ms	ok		SYN_GENERATOR_11042026	SYNTHETIC_TEACHING_FIXTURE
REQ_SYN_SEG_0838_closure_duration	SYN_SEG_0838	SYN_SEG_SPK_24	SYN_SESSION_24	closure_duration	initial	stop		2410	2410.062834	62.8339999998389	ms	ok		SYN_GENERATOR_11042026	SYNTHETIC_TEACHING_FIXTURE
REQ_SYN_SEG_0838_vowel_onset_f0	SYN_SEG_0838	SYN_SEG_SPK_24	SYN_SESSION_24	vowel_onset_f0	initial	stop				121.172	Hz	ok		SYN_GENERATOR_11042026	SYNTHETIC_TEACHING_FIXTURE
REQ_SYN_SEG_0839_vot	SYN_SEG_0839	SYN_SEG_SPK_24	SYN_SESSION_24	vot	medial	stop		2411.048601	2411.072085	23.4839999998258	ms	ok		SYN_GENERATOR_11042026	SYNTHETIC_TEACHING_FIXTURE
REQ_SYN_SEG_0839_closure_duration	SYN_SEG_0839	SYN_SEG_SPK_24	SYN_SESSION_24	closure_duration	medial	stop		2411	2411.048601	48.6009999999624	ms	ok		SYN_GENERATOR_11042026	SYNTHETIC_TEACHING_FIXTURE
REQ_SYN_SEG_0839_vowel_onset_f0	SYN_SEG_0839	SYN_SEG_SPK_24	SYN_SESSION_24	vowel_onset_f0	medial	stop				140.138	Hz	ok		SYN_GENERATOR_11042026	SYNTHETIC_TEACHING_FIXTURE
REQ_SYN_SEG_0840_vot	SYN_SEG_0840	SYN_SEG_SPK_24	SYN_SESSION_24	vot	final	stop		2412.062085	2412.143264	81.1789999997927	ms	ok		SYN_GENERATOR_11042026	SYNTHETIC_TEACHING_FIXTURE
REQ_SYN_SEG_0840_closure_duration	SYN_SEG_0840	SYN_SEG_SPK_24	SYN_SESSION_24	closure_duration	final	stop		2412	2412.062085	62.0850000000246	ms	ok		SYN_GENERATOR_11042026	SYNTHETIC_TEACHING_FIXTURE
REQ_SYN_SEG_0840_vowel_onset_f0	SYN_SEG_0840	SYN_SEG_SPK_24	SYN_SESSION_24	vowel_onset_f0	final	stop				148.912	Hz	ok		SYN_GENERATOR_11042026	SYNTHETIC_TEACHING_FIXTURE
REQ_SYN_SEG_0841_vowel_duration	SYN_SEG_0841	SYN_SEG_SPK_24	SYN_SESSION_24	vowel_duration	initial	vowel	i	2401	2401.203774	203.774000000067	ms	ok		SYN_GENERATOR_11042026	SYNTHETIC_TEACHING_FIXTURE
REQ_SYN_SEG_0841_f1	SYN_SEG_0841	SYN_SEG_SPK_24	SYN_SESSION_24	f1	initial	vowel	i			255.781	Hz	ok		SYN_GENERATOR_11042026	SYNTHETIC_TEACHING_FIXTURE
REQ_SYN_SEG_0841_f2	SYN_SEG_0841	SYN_SEG_SPK_24	SYN_SESSION_24	f2	initial	vowel	i			2062.363	Hz	ok		SYN_GENERATOR_11042026	SYNTHETIC_TEACHING_FIXTURE
REQ_SYN_SEG_0841_f3	SYN_SEG_0841	SYN_SEG_SPK_24	SYN_SESSION_24	f3	initial	vowel	i			2672.375	Hz	ok		SYN_GENERATOR_11042026	SYNTHETIC_TEACHING_FIXTURE
REQ_SYN_SEG_0842_vowel_duration	SYN_SEG_0842	SYN_SEG_SPK_24	SYN_SESSION_24	vowel_duration	medial	vowel	a	2402	2402.153639	153.639000000112	ms	ok		SYN_GENERATOR_11042026	SYNTHETIC_TEACHING_FIXTURE
REQ_SYN_SEG_0842_f1	SYN_SEG_0842	SYN_SEG_SPK_24	SYN_SESSION_24	f1	medial	vowel	a			632.377	Hz	ok		SYN_GENERATOR_11042026	SYNTHETIC_TEACHING_FIXTURE
REQ_SYN_SEG_0842_f2	SYN_SEG_0842	SYN_SEG_SPK_24	SYN_SESSION_24	f2	medial	vowel	a			1058.207	Hz	ok		SYN_GENERATOR_11042026	SYNTHETIC_TEACHING_FIXTURE
REQ_SYN_SEG_0842_f3	SYN_SEG_0842	SYN_SEG_SPK_24	SYN_SESSION_24	f3	medial	vowel	a			2227.866	Hz	ok		SYN_GENERATOR_11042026	SYNTHETIC_TEACHING_FIXTURE
REQ_SYN_SEG_0843_vowel_duration	SYN_SEG_0843	SYN_SEG_SPK_24	SYN_SESSION_24	vowel_duration	final	vowel	u	2403	2403.120698	120.698000000175	ms	ok		SYN_GENERATOR_11042026	SYNTHETIC_TEACHING_FIXTURE
REQ_SYN_SEG_0843_f1	SYN_SEG_0843	SYN_SEG_SPK_24	SYN_SESSION_24	f1	final	vowel	u			351.146	Hz	ok		SYN_GENERATOR_11042026	SYNTHETIC_TEACHING_FIXTURE
REQ_SYN_SEG_0843_f2	SYN_SEG_0843	SYN_SEG_SPK_24	SYN_SESSION_24	f2	final	vowel	u			766.506	Hz	ok		SYN_GENERATOR_11042026	SYNTHETIC_TEACHING_FIXTURE
REQ_SYN_SEG_0843_f3	SYN_SEG_0843	SYN_SEG_SPK_24	SYN_SESSION_24	f3	final	vowel	u			2055.694	Hz	ok		SYN_GENERATOR_11042026	SYNTHETIC_TEACHING_FIXTURE
REQ_SYN_SEG_0844_vowel_duration	SYN_SEG_0844	SYN_SEG_SPK_24	SYN_SESSION_24	vowel_duration	initial	vowel	i	2404	2404.123082	123.082000000068	ms	ok		SYN_GENERATOR_11042026	SYNTHETIC_TEACHING_FIXTURE
REQ_SYN_SEG_0844_f1	SYN_SEG_0844	SYN_SEG_SPK_24	SYN_SESSION_24	f1	initial	vowel	i			293.839	Hz	ok		SYN_GENERATOR_11042026	SYNTHETIC_TEACHING_FIXTURE
REQ_SYN_SEG_0844_f2	SYN_SEG_0844	SYN_SEG_SPK_24	SYN_SESSION_24	f2	initial	vowel	i			2080.833	Hz	ok		SYN_GENERATOR_11042026	SYNTHETIC_TEACHING_FIXTURE
REQ_SYN_SEG_0844_f3	SYN_SEG_0844	SYN_SEG_SPK_24	SYN_SESSION_24	f3	initial	vowel	i			2712.833	Hz	ok		SYN_GENERATOR_11042026	SYNTHETIC_TEACHING_FIXTURE
REQ_SYN_SEG_0845_vowel_duration	SYN_SEG_0845	SYN_SEG_SPK_24	SYN_SESSION_24	vowel_duration	medial	vowel	a	2405	2405.084856	84.8559999999452	ms	ok		SYN_GENERATOR_11042026	SYNTHETIC_TEACHING_FIXTURE
REQ_SYN_SEG_0845_f1	SYN_SEG_0845	SYN_SEG_SPK_24	SYN_SESSION_24	f1	medial	vowel	a			635.747	Hz	ok		SYN_GENERATOR_11042026	SYNTHETIC_TEACHING_FIXTURE
REQ_SYN_SEG_0845_f2	SYN_SEG_0845	SYN_SEG_SPK_24	SYN_SESSION_24	f2	medial	vowel	a			1062.272	Hz	ok		SYN_GENERATOR_11042026	SYNTHETIC_TEACHING_FIXTURE
REQ_SYN_SEG_0845_f3	SYN_SEG_0845	SYN_SEG_SPK_24	SYN_SESSION_24	f3	medial	vowel	a			2200.192	Hz	ok		SYN_GENERATOR_11042026	SYNTHETIC_TEACHING_FIXTURE
REQ_SYN_SEG_0846_vowel_duration	SYN_SEG_0846	SYN_SEG_SPK_24	SYN_SESSION_24	vowel_duration	final	vowel	u	2406	2406.163445	163.445000000138	ms	ok		SYN_GENERATOR_11042026	SYNTHETIC_TEACHING_FIXTURE
REQ_SYN_SEG_0846_f1	SYN_SEG_0846	SYN_SEG_SPK_24	SYN_SESSION_24	f1	final	vowel	u			332.449	Hz	ok		SYN_GENERATOR_11042026	SYNTHETIC_TEACHING_FIXTURE
REQ_SYN_SEG_0846_f2	SYN_SEG_0846	SYN_SEG_SPK_24	SYN_SESSION_24	f2	final	vowel	u			782.331	Hz	ok		SYN_GENERATOR_11042026	SYNTHETIC_TEACHING_FIXTURE
REQ_SYN_SEG_0846_f3	SYN_SEG_0846	SYN_SEG_SPK_24	SYN_SESSION_24	f3	final	vowel	u			1835.534	Hz	ok		SYN_GENERATOR_11042026	SYNTHETIC_TEACHING_FIXTURE
REQ_SYN_SEG_0847_vowel_duration	SYN_SEG_0847	SYN_SEG_SPK_24	SYN_SESSION_24	vowel_duration	initial	vowel	i	2407	2407.169862	169.862000000194	ms	ok		SYN_GENERATOR_11042026	SYNTHETIC_TEACHING_FIXTURE
REQ_SYN_SEG_0847_f1	SYN_SEG_0847	SYN_SEG_SPK_24	SYN_SESSION_24	f1	initial	vowel	i			312.313	Hz	ok		SYN_GENERATOR_11042026	SYNTHETIC_TEACHING_FIXTURE
REQ_SYN_SEG_0847_f2	SYN_SEG_0847	SYN_SEG_SPK_24	SYN_SESSION_24	f2	initial	vowel	i			2064.394	Hz	ok		SYN_GENERATOR_11042026	SYNTHETIC_TEACHING_FIXTURE
REQ_SYN_SEG_0847_f3	SYN_SEG_0847	SYN_SEG_SPK_24	SYN_SESSION_24	f3	initial	vowel	i			2581.599	Hz	ok		SYN_GENERATOR_11042026	SYNTHETIC_TEACHING_FIXTURE
REQ_SYN_SEG_0848_vowel_duration	SYN_SEG_0848	SYN_SEG_SPK_24	SYN_SESSION_24	vowel_duration	medial	vowel	a	2408	2408.125929	125.928999999815	ms	ok		SYN_GENERATOR_11042026	SYNTHETIC_TEACHING_FIXTURE
REQ_SYN_SEG_0848_f1	SYN_SEG_0848	SYN_SEG_SPK_24	SYN_SESSION_24	f1	medial	vowel	a			688.37	Hz	ok		SYN_GENERATOR_11042026	SYNTHETIC_TEACHING_FIXTURE
REQ_SYN_SEG_0848_f2	SYN_SEG_0848	SYN_SEG_SPK_24	SYN_SESSION_24	f2	medial	vowel	a			1026.568	Hz	ok		SYN_GENERATOR_11042026	SYNTHETIC_TEACHING_FIXTURE
REQ_SYN_SEG_0848_f3	SYN_SEG_0848	SYN_SEG_SPK_24	SYN_SESSION_24	f3	medial	vowel	a			2237.869	Hz	ok		SYN_GENERATOR_11042026	SYNTHETIC_TEACHING_FIXTURE
REQ_SYN_SEG_0849_vowel_duration	SYN_SEG_0849	SYN_SEG_SPK_24	SYN_SESSION_24	vowel_duration	final	vowel	u	2409	2409.106369	106.369000000086	ms	ok		SYN_GENERATOR_11042026	SYNTHETIC_TEACHING_FIXTURE
REQ_SYN_SEG_0849_f1	SYN_SEG_0849	SYN_SEG_SPK_24	SYN_SESSION_24	f1	final	vowel	u			311.897	Hz	ok		SYN_GENERATOR_11042026	SYNTHETIC_TEACHING_FIXTURE
REQ_SYN_SEG_0849_f2	SYN_SEG_0849	SYN_SEG_SPK_24	SYN_SESSION_24	f2	final	vowel	u			806.543	Hz	ok		SYN_GENERATOR_11042026	SYNTHETIC_TEACHING_FIXTURE
REQ_SYN_SEG_0849_f3	SYN_SEG_0849	SYN_SEG_SPK_24	SYN_SESSION_24	f3	final	vowel	u			1972.083	Hz	ok		SYN_GENERATOR_11042026	SYNTHETIC_TEACHING_FIXTURE
REQ_SYN_SEG_0850_vowel_duration	SYN_SEG_0850	SYN_SEG_SPK_24	SYN_SESSION_24	vowel_duration	initial	vowel	i	2410	2410.121335	121.334999999817	ms	ok		SYN_GENERATOR_11042026	SYNTHETIC_TEACHING_FIXTURE
REQ_SYN_SEG_0850_f1	SYN_SEG_0850	SYN_SEG_SPK_24	SYN_SESSION_24	f1	initial	vowel	i			297.502	Hz	ok		SYN_GENERATOR_11042026	SYNTHETIC_TEACHING_FIXTURE
REQ_SYN_SEG_0850_f2	SYN_SEG_0850	SYN_SEG_SPK_24	SYN_SESSION_24	f2	initial	vowel	i			2075.77	Hz	ok		SYN_GENERATOR_11042026	SYNTHETIC_TEACHING_FIXTURE
REQ_SYN_SEG_0850_f3	SYN_SEG_0850	SYN_SEG_SPK_24	SYN_SESSION_24	f3	initial	vowel	i			2686.542	Hz	ok		SYN_GENERATOR_11042026	SYNTHETIC_TEACHING_FIXTURE
REQ_SYN_SEG_0851_vowel_duration	SYN_SEG_0851	SYN_SEG_SPK_24	SYN_SESSION_24	vowel_duration	medial	vowel	a	2411	2411.19518	195.180000000164	ms	ok		SYN_GENERATOR_11042026	SYNTHETIC_TEACHING_FIXTURE
REQ_SYN_SEG_0851_f1	SYN_SEG_0851	SYN_SEG_SPK_24	SYN_SESSION_24	f1	medial	vowel	a			652.446	Hz	ok		SYN_GENERATOR_11042026	SYNTHETIC_TEACHING_FIXTURE
REQ_SYN_SEG_0851_f2	SYN_SEG_0851	SYN_SEG_SPK_24	SYN_SESSION_24	f2	medial	vowel	a			1121.552	Hz	ok		SYN_GENERATOR_11042026	SYNTHETIC_TEACHING_FIXTURE
REQ_SYN_SEG_0851_f3	SYN_SEG_0851	SYN_SEG_SPK_24	SYN_SESSION_24	f3	medial	vowel	a			2179.059	Hz	ok		SYN_GENERATOR_11042026	SYNTHETIC_TEACHING_FIXTURE
REQ_SYN_SEG_0852_vowel_duration	SYN_SEG_0852	SYN_SEG_SPK_24	SYN_SESSION_24	vowel_duration	final	vowel	u	2412	2412.15012	150.119999999788	ms	ok		SYN_GENERATOR_11042026	SYNTHETIC_TEACHING_FIXTURE
REQ_SYN_SEG_0852_f1	SYN_SEG_0852	SYN_SEG_SPK_24	SYN_SESSION_24	f1	final	vowel	u			346.979	Hz	ok		SYN_GENERATOR_11042026	SYNTHETIC_TEACHING_FIXTURE
REQ_SYN_SEG_0852_f2	SYN_SEG_0852	SYN_SEG_SPK_24	SYN_SESSION_24	f2	final	vowel	u			841.893	Hz	ok		SYN_GENERATOR_11042026	SYNTHETIC_TEACHING_FIXTURE
REQ_SYN_SEG_0852_f3	SYN_SEG_0852	SYN_SEG_SPK_24	SYN_SESSION_24	f3	final	vowel	u			2044.904	Hz	ok		SYN_GENERATOR_11042026	SYNTHETIC_TEACHING_FIXTURE
REQ_SYN_SEG_0853_fricative_duration	SYN_SEG_0853	SYN_SEG_SPK_24	SYN_SESSION_24	fricative_duration	initial	fricative		2401	2401.124371	124.370999999883	ms	ok		SYN_GENERATOR_11042026	SYNTHETIC_TEACHING_FIXTURE
REQ_SYN_SEG_0853_fricative_cog	SYN_SEG_0853	SYN_SEG_SPK_24	SYN_SESSION_24	fricative_cog	initial	fricative				5335.84	Hz	ok		SYN_GENERATOR_11042026	SYNTHETIC_TEACHING_FIXTURE
REQ_SYN_SEG_0854_fricative_duration	SYN_SEG_0854	SYN_SEG_SPK_24	SYN_SESSION_24	fricative_duration	medial	fricative		2402	2402.13575	135.749999999916	ms	ok		SYN_GENERATOR_11042026	SYNTHETIC_TEACHING_FIXTURE
REQ_SYN_SEG_0854_fricative_cog	SYN_SEG_0854	SYN_SEG_SPK_24	SYN_SESSION_24	fricative_cog	medial	fricative				4587.766	Hz	ok		SYN_GENERATOR_11042026	SYNTHETIC_TEACHING_FIXTURE
REQ_SYN_SEG_0855_fricative_duration	SYN_SEG_0855	SYN_SEG_SPK_24	SYN_SESSION_24	fricative_duration	final	fricative		2403	2403.131985	131.984999999986	ms	ok		SYN_GENERATOR_11042026	SYNTHETIC_TEACHING_FIXTURE
REQ_SYN_SEG_0855_fricative_cog	SYN_SEG_0855	SYN_SEG_SPK_24	SYN_SESSION_24	fricative_cog	final	fricative				4313.152	Hz	ok		SYN_GENERATOR_11042026	SYNTHETIC_TEACHING_FIXTURE
REQ_SYN_SEG_0856_fricative_duration	SYN_SEG_0856	SYN_SEG_SPK_24	SYN_SESSION_24	fricative_duration	initial	fricative		2404	2404.096334	96.3339999998425	ms	ok		SYN_GENERATOR_11042026	SYNTHETIC_TEACHING_FIXTURE
REQ_SYN_SEG_0856_fricative_cog	SYN_SEG_0856	SYN_SEG_SPK_24	SYN_SESSION_24	fricative_cog	initial	fricative				5242.21	Hz	ok		SYN_GENERATOR_11042026	SYNTHETIC_TEACHING_FIXTURE
REQ_SYN_SEG_0857_fricative_duration	SYN_SEG_0857	SYN_SEG_SPK_24	SYN_SESSION_24	fricative_duration	medial	fricative		2405	2405.126909	126.909000000069	ms	ok		SYN_GENERATOR_11042026	SYNTHETIC_TEACHING_FIXTURE
REQ_SYN_SEG_0857_fricative_cog	SYN_SEG_0857	SYN_SEG_SPK_24	SYN_SESSION_24	fricative_cog	medial	fricative				4606.767	Hz	ok		SYN_GENERATOR_11042026	SYNTHETIC_TEACHING_FIXTURE
REQ_SYN_SEG_0858_fricative_duration	SYN_SEG_0858	SYN_SEG_SPK_24	SYN_SESSION_24	fricative_duration	final	fricative		2406	2406.080873	80.8729999998832	ms	ok		SYN_GENERATOR_11042026	SYNTHETIC_TEACHING_FIXTURE
REQ_SYN_SEG_0858_fricative_cog	SYN_SEG_0858	SYN_SEG_SPK_24	SYN_SESSION_24	fricative_cog	final	fricative				4350.046	Hz	ok		SYN_GENERATOR_11042026	SYNTHETIC_TEACHING_FIXTURE
REQ_SYN_SEG_0859_fricative_duration	SYN_SEG_0859	SYN_SEG_SPK_24	SYN_SESSION_24	fricative_duration	initial	fricative		2407	2407.10321	103.210000000217	ms	ok		SYN_GENERATOR_11042026	SYNTHETIC_TEACHING_FIXTURE
REQ_SYN_SEG_0859_fricative_cog	SYN_SEG_0859	SYN_SEG_SPK_24	SYN_SESSION_24	fricative_cog	initial	fricative				5327.272	Hz	ok		SYN_GENERATOR_11042026	SYNTHETIC_TEACHING_FIXTURE
REQ_SYN_SEG_0860_fricative_duration	SYN_SEG_0860	SYN_SEG_SPK_24	SYN_SESSION_24	fricative_duration	medial	fricative		2408	2408.1501	150.099999999838	ms	ok		SYN_GENERATOR_11042026	SYNTHETIC_TEACHING_FIXTURE
REQ_SYN_SEG_0860_fricative_cog	SYN_SEG_0860	SYN_SEG_SPK_24	SYN_SESSION_24	fricative_cog	medial	fricative				4524.493	Hz	ok		SYN_GENERATOR_11042026	SYNTHETIC_TEACHING_FIXTURE
REQ_SYN_SEG_0861_fricative_duration	SYN_SEG_0861	SYN_SEG_SPK_24	SYN_SESSION_24	fricative_duration	final	fricative		2409	2409.074097	74.0970000001653	ms	ok		SYN_GENERATOR_11042026	SYNTHETIC_TEACHING_FIXTURE
REQ_SYN_SEG_0861_fricative_cog	SYN_SEG_0861	SYN_SEG_SPK_24	SYN_SESSION_24	fricative_cog	final	fricative				3892.306	Hz	ok		SYN_GENERATOR_11042026	SYNTHETIC_TEACHING_FIXTURE
REQ_SYN_SEG_0862_fricative_duration	SYN_SEG_0862	SYN_SEG_SPK_24	SYN_SESSION_24	fricative_duration	initial	fricative		2410	2410.123299	123.298999999861	ms	ok		SYN_GENERATOR_11042026	SYNTHETIC_TEACHING_FIXTURE
REQ_SYN_SEG_0862_fricative_cog	SYN_SEG_0862	SYN_SEG_SPK_24	SYN_SESSION_24	fricative_cog	initial	fricative				5302.59	Hz	ok		SYN_GENERATOR_11042026	SYNTHETIC_TEACHING_FIXTURE
REQ_SYN_SEG_0863_fricative_duration	SYN_SEG_0863	SYN_SEG_SPK_24	SYN_SESSION_24	fricative_duration	medial	fricative		2411	2411.17673	176.730000000134	ms	ok		SYN_GENERATOR_11042026	SYNTHETIC_TEACHING_FIXTURE
REQ_SYN_SEG_0863_fricative_cog	SYN_SEG_0863	SYN_SEG_SPK_24	SYN_SESSION_24	fricative_cog	medial	fricative				4062.977	Hz	ok		SYN_GENERATOR_11042026	SYNTHETIC_TEACHING_FIXTURE
REQ_SYN_SEG_0864_fricative_duration	SYN_SEG_0864	SYN_SEG_SPK_24	SYN_SESSION_24	fricative_duration	final	fricative		2412	2412.155658	155.65800000013	ms	ok		SYN_GENERATOR_11042026	SYNTHETIC_TEACHING_FIXTURE
REQ_SYN_SEG_0864_fricative_cog	SYN_SEG_0864	SYN_SEG_SPK_24	SYN_SESSION_24	fricative_cog	final	fricative				4300.512	Hz	ok		SYN_GENERATOR_11042026	SYNTHETIC_TEACHING_FIXTURE
REQ_SYN_SEG_0865_vot	SYN_SEG_0865	SYN_SEG_SPK_25	SYN_SESSION_25	vot	initial	stop		2501.108837	2501.160626	51.7889999996441	ms	ok		SYN_GENERATOR_11042026	SYNTHETIC_TEACHING_FIXTURE
REQ_SYN_SEG_0865_closure_duration	SYN_SEG_0865	SYN_SEG_SPK_25	SYN_SESSION_25	closure_duration	initial	stop		2501	2501.108837	108.837000000221	ms	ok		SYN_GENERATOR_11042026	SYNTHETIC_TEACHING_FIXTURE
REQ_SYN_SEG_0865_vowel_onset_f0	SYN_SEG_0865	SYN_SEG_SPK_25	SYN_SESSION_25	vowel_onset_f0	initial	stop				137.306	Hz	ok		SYN_GENERATOR_11042026	SYNTHETIC_TEACHING_FIXTURE
REQ_SYN_SEG_0866_vot	SYN_SEG_0866	SYN_SEG_SPK_25	SYN_SESSION_25	vot	medial	stop		2502.057714	2502.051659	-6.05499999983294	ms	ok		SYN_GENERATOR_11042026	SYNTHETIC_TEACHING_FIXTURE
REQ_SYN_SEG_0866_closure_duration	SYN_SEG_0866	SYN_SEG_SPK_25	SYN_SESSION_25	closure_duration	medial	stop		2502	2502.057714	57.7140000000327	ms	ok		SYN_GENERATOR_11042026	SYNTHETIC_TEACHING_FIXTURE
REQ_SYN_SEG_0866_vowel_onset_f0	SYN_SEG_0866	SYN_SEG_SPK_25	SYN_SESSION_25	vowel_onset_f0	medial	stop				110.446	Hz	ok		SYN_GENERATOR_11042026	SYNTHETIC_TEACHING_FIXTURE
REQ_SYN_SEG_0867_vot	SYN_SEG_0867	SYN_SEG_SPK_25	SYN_SESSION_25	vot	final	stop		2503.076697	2503.085237	8.5399999998117	ms	ok		SYN_GENERATOR_11042026	SYNTHETIC_TEACHING_FIXTURE
REQ_SYN_SEG_0867_closure_duration	SYN_SEG_0867	SYN_SEG_SPK_25	SYN_SESSION_25	closure_duration	final	stop		2503	2503.076697	76.6969999999674	ms	ok		SYN_GENERATOR_11042026	SYNTHETIC_TEACHING_FIXTURE
REQ_SYN_SEG_0867_vowel_onset_f0	SYN_SEG_0867	SYN_SEG_SPK_25	SYN_SESSION_25	vowel_onset_f0	final	stop				113.377	Hz	ok		SYN_GENERATOR_11042026	SYNTHETIC_TEACHING_FIXTURE
REQ_SYN_SEG_0868_vot	SYN_SEG_0868	SYN_SEG_SPK_25	SYN_SESSION_25	vot	initial	stop		2504.080801	2504.120586	39.784999999938	ms	ok		SYN_GENERATOR_11042026	SYNTHETIC_TEACHING_FIXTURE
REQ_SYN_SEG_0868_closure_duration	SYN_SEG_0868	SYN_SEG_SPK_25	SYN_SESSION_25	closure_duration	initial	stop		2504	2504.080801	80.801000000065	ms	ok		SYN_GENERATOR_11042026	SYNTHETIC_TEACHING_FIXTURE
REQ_SYN_SEG_0868_vowel_onset_f0	SYN_SEG_0868	SYN_SEG_SPK_25	SYN_SESSION_25	vowel_onset_f0	initial	stop				140.345	Hz	ok		SYN_GENERATOR_11042026	SYNTHETIC_TEACHING_FIXTURE
REQ_SYN_SEG_0869_vot	SYN_SEG_0869	SYN_SEG_SPK_25	SYN_SESSION_25	vot	medial	stop		2505.064223	2505.068315	4.09200000012788	ms	ok		SYN_GENERATOR_11042026	SYNTHETIC_TEACHING_FIXTURE
REQ_SYN_SEG_0869_closure_duration	SYN_SEG_0869	SYN_SEG_SPK_25	SYN_SESSION_25	closure_duration	medial	stop		2505	2505.064223	64.2229999998563	ms	ok		SYN_GENERATOR_11042026	SYNTHETIC_TEACHING_FIXTURE
REQ_SYN_SEG_0869_vowel_onset_f0	SYN_SEG_0869	SYN_SEG_SPK_25	SYN_SESSION_25	vowel_onset_f0	medial	stop				108.046	Hz	ok		SYN_GENERATOR_11042026	SYNTHETIC_TEACHING_FIXTURE
REQ_SYN_SEG_0870_vot	SYN_SEG_0870	SYN_SEG_SPK_25	SYN_SESSION_25	vot	final	stop		2506.075309	2506.151406	76.097000000118	ms	ok		SYN_GENERATOR_11042026	SYNTHETIC_TEACHING_FIXTURE
REQ_SYN_SEG_0870_closure_duration	SYN_SEG_0870	SYN_SEG_SPK_25	SYN_SESSION_25	closure_duration	final	stop		2506	2506.075309	75.3089999998338	ms	ok		SYN_GENERATOR_11042026	SYNTHETIC_TEACHING_FIXTURE
REQ_SYN_SEG_0870_vowel_onset_f0	SYN_SEG_0870	SYN_SEG_SPK_25	SYN_SESSION_25	vowel_onset_f0	final	stop				140.337	Hz	ok		SYN_GENERATOR_11042026	SYNTHETIC_TEACHING_FIXTURE
REQ_SYN_SEG_0871_vot	SYN_SEG_0871	SYN_SEG_SPK_25	SYN_SESSION_25	vot	initial	stop		2507.055041	2507.103466	48.424999999952	ms	ok		SYN_GENERATOR_11042026	SYNTHETIC_TEACHING_FIXTURE
REQ_SYN_SEG_0871_closure_duration	SYN_SEG_0871	SYN_SEG_SPK_25	SYN_SESSION_25	closure_duration	initial	stop		2507	2507.055041	55.0410000000738	ms	ok		SYN_GENERATOR_11042026	SYNTHETIC_TEACHING_FIXTURE
REQ_SYN_SEG_0871_vowel_onset_f0	SYN_SEG_0871	SYN_SEG_SPK_25	SYN_SESSION_25	vowel_onset_f0	initial	stop				131.818	Hz	ok		SYN_GENERATOR_11042026	SYNTHETIC_TEACHING_FIXTURE
REQ_SYN_SEG_0872_vot	SYN_SEG_0872	SYN_SEG_SPK_25	SYN_SESSION_25	vot	medial	stop		2508.070478	2508.101272	30.793999999787	ms	ok		SYN_GENERATOR_11042026	SYNTHETIC_TEACHING_FIXTURE
REQ_SYN_SEG_0872_closure_duration	SYN_SEG_0872	SYN_SEG_SPK_25	SYN_SESSION_25	closure_duration	medial	stop		2508	2508.070478	70.4780000000937	ms	ok		SYN_GENERATOR_11042026	SYNTHETIC_TEACHING_FIXTURE
REQ_SYN_SEG_0872_vowel_onset_f0	SYN_SEG_0872	SYN_SEG_SPK_25	SYN_SESSION_25	vowel_onset_f0	medial	stop				111.929	Hz	ok		SYN_GENERATOR_11042026	SYNTHETIC_TEACHING_FIXTURE
REQ_SYN_SEG_0873_vot	SYN_SEG_0873	SYN_SEG_SPK_25	SYN_SESSION_25	vot	final	stop		2509.108329			ms	missing	absent_periodicity	SYN_GENERATOR_11042026	SYNTHETIC_TEACHING_FIXTURE
REQ_SYN_SEG_0873_closure_duration	SYN_SEG_0873	SYN_SEG_SPK_25	SYN_SESSION_25	closure_duration	final	stop		2509	2509.108329	108.32900000014	ms	review	absent_periodicity	SYN_GENERATOR_11042026	SYNTHETIC_TEACHING_FIXTURE
REQ_SYN_SEG_0873_vowel_onset_f0	SYN_SEG_0873	SYN_SEG_SPK_25	SYN_SESSION_25	vowel_onset_f0	final	stop				110.312	Hz	review	absent_periodicity	SYN_GENERATOR_11042026	SYNTHETIC_TEACHING_FIXTURE
REQ_SYN_SEG_0874_vot	SYN_SEG_0874	SYN_SEG_SPK_25	SYN_SESSION_25	vot	initial	stop		2510.068039	2510.076075	8.03599999971993	ms	ok		SYN_GENERATOR_11042026	SYNTHETIC_TEACHING_FIXTURE
REQ_SYN_SEG_0874_closure_duration	SYN_SEG_0874	SYN_SEG_SPK_25	SYN_SESSION_25	closure_duration	initial	stop		2510	2510.068039	68.0390000002262	ms	ok		SYN_GENERATOR_11042026	SYNTHETIC_TEACHING_FIXTURE
REQ_SYN_SEG_0874_vowel_onset_f0	SYN_SEG_0874	SYN_SEG_SPK_25	SYN_SESSION_25	vowel_onset_f0	initial	stop				108.224	Hz	ok		SYN_GENERATOR_11042026	SYNTHETIC_TEACHING_FIXTURE
REQ_SYN_SEG_0875_vot	SYN_SEG_0875	SYN_SEG_SPK_25	SYN_SESSION_25	vot	medial	stop		2511.107367	2511.124003	16.6359999998349	ms	ok		SYN_GENERATOR_11042026	SYNTHETIC_TEACHING_FIXTURE
REQ_SYN_SEG_0875_closure_duration	SYN_SEG_0875	SYN_SEG_SPK_25	SYN_SESSION_25	closure_duration	medial	stop		2511	2511.107367	107.367000000067	ms	ok		SYN_GENERATOR_11042026	SYNTHETIC_TEACHING_FIXTURE
REQ_SYN_SEG_0875_vowel_onset_f0	SYN_SEG_0875	SYN_SEG_SPK_25	SYN_SESSION_25	vowel_onset_f0	medial	stop				105.439	Hz	ok		SYN_GENERATOR_11042026	SYNTHETIC_TEACHING_FIXTURE
REQ_SYN_SEG_0876_vot	SYN_SEG_0876	SYN_SEG_SPK_25	SYN_SESSION_25	vot	final	stop		2512.085583	2512.141263	55.6799999999384	ms	ok		SYN_GENERATOR_11042026	SYNTHETIC_TEACHING_FIXTURE
REQ_SYN_SEG_0876_closure_duration	SYN_SEG_0876	SYN_SEG_SPK_25	SYN_SESSION_25	closure_duration	final	stop		2512	2512.085583	85.5830000000424	ms	ok		SYN_GENERATOR_11042026	SYNTHETIC_TEACHING_FIXTURE
REQ_SYN_SEG_0876_vowel_onset_f0	SYN_SEG_0876	SYN_SEG_SPK_25	SYN_SESSION_25	vowel_onset_f0	final	stop				122.509	Hz	ok		SYN_GENERATOR_11042026	SYNTHETIC_TEACHING_FIXTURE
REQ_SYN_SEG_0877_vowel_duration	SYN_SEG_0877	SYN_SEG_SPK_25	SYN_SESSION_25	vowel_duration	initial	vowel	i	2501	2501.135393	135.393000000022	ms	ok		SYN_GENERATOR_11042026	SYNTHETIC_TEACHING_FIXTURE
REQ_SYN_SEG_0877_f1	SYN_SEG_0877	SYN_SEG_SPK_25	SYN_SESSION_25	f1	initial	vowel	i			305.284	Hz	ok		SYN_GENERATOR_11042026	SYNTHETIC_TEACHING_FIXTURE
REQ_SYN_SEG_0877_f2	SYN_SEG_0877	SYN_SEG_SPK_25	SYN_SESSION_25	f2	initial	vowel	i			2499.357	Hz	ok		SYN_GENERATOR_11042026	SYNTHETIC_TEACHING_FIXTURE
REQ_SYN_SEG_0877_f3	SYN_SEG_0877	SYN_SEG_SPK_25	SYN_SESSION_25	f3	initial	vowel	i			3357.612	Hz	ok		SYN_GENERATOR_11042026	SYNTHETIC_TEACHING_FIXTURE
REQ_SYN_SEG_0878_vowel_duration	SYN_SEG_0878	SYN_SEG_SPK_25	SYN_SESSION_25	vowel_duration	medial	vowel	a	2502	2502.143479	143.478999999843	ms	ok		SYN_GENERATOR_11042026	SYNTHETIC_TEACHING_FIXTURE
REQ_SYN_SEG_0878_f1	SYN_SEG_0878	SYN_SEG_SPK_25	SYN_SESSION_25	f1	medial	vowel	a			832.53	Hz	ok		SYN_GENERATOR_11042026	SYNTHETIC_TEACHING_FIXTURE
REQ_SYN_SEG_0878_f2	SYN_SEG_0878	SYN_SEG_SPK_25	SYN_SESSION_25	f2	medial	vowel	a			1310.941	Hz	ok		SYN_GENERATOR_11042026	SYNTHETIC_TEACHING_FIXTURE
REQ_SYN_SEG_0878_f3	SYN_SEG_0878	SYN_SEG_SPK_25	SYN_SESSION_25	f3	medial	vowel	a			2844.552	Hz	ok		SYN_GENERATOR_11042026	SYNTHETIC_TEACHING_FIXTURE
REQ_SYN_SEG_0879_vowel_duration	SYN_SEG_0879	SYN_SEG_SPK_25	SYN_SESSION_25	vowel_duration	final	vowel	u	2503	2503.189333	189.332999999806	ms	ok		SYN_GENERATOR_11042026	SYNTHETIC_TEACHING_FIXTURE
REQ_SYN_SEG_0879_f1	SYN_SEG_0879	SYN_SEG_SPK_25	SYN_SESSION_25	f1	final	vowel	u			388.439	Hz	ok		SYN_GENERATOR_11042026	SYNTHETIC_TEACHING_FIXTURE
REQ_SYN_SEG_0879_f2	SYN_SEG_0879	SYN_SEG_SPK_25	SYN_SESSION_25	f2	final	vowel	u			1050.163	Hz	ok		SYN_GENERATOR_11042026	SYNTHETIC_TEACHING_FIXTURE
REQ_SYN_SEG_0879_f3	SYN_SEG_0879	SYN_SEG_SPK_25	SYN_SESSION_25	f3	final	vowel	u			2390.485	Hz	ok		SYN_GENERATOR_11042026	SYNTHETIC_TEACHING_FIXTURE
REQ_SYN_SEG_0880_vowel_duration	SYN_SEG_0880	SYN_SEG_SPK_25	SYN_SESSION_25	vowel_duration	initial	vowel	i	2504	2504.094559	94.5590000001175	ms	ok		SYN_GENERATOR_11042026	SYNTHETIC_TEACHING_FIXTURE
REQ_SYN_SEG_0880_f1	SYN_SEG_0880	SYN_SEG_SPK_25	SYN_SESSION_25	f1	initial	vowel	i			294.416	Hz	ok		SYN_GENERATOR_11042026	SYNTHETIC_TEACHING_FIXTURE
REQ_SYN_SEG_0880_f2	SYN_SEG_0880	SYN_SEG_SPK_25	SYN_SESSION_25	f2	initial	vowel	i			2584.713	Hz	ok		SYN_GENERATOR_11042026	SYNTHETIC_TEACHING_FIXTURE
REQ_SYN_SEG_0880_f3	SYN_SEG_0880	SYN_SEG_SPK_25	SYN_SESSION_25	f3	initial	vowel	i			3367.339	Hz	ok		SYN_GENERATOR_11042026	SYNTHETIC_TEACHING_FIXTURE
REQ_SYN_SEG_0881_vowel_duration	SYN_SEG_0881	SYN_SEG_SPK_25	SYN_SESSION_25	vowel_duration	medial	vowel	a	2505	2505.188419	188.419000000067	ms	ok		SYN_GENERATOR_11042026	SYNTHETIC_TEACHING_FIXTURE
REQ_SYN_SEG_0881_f1	SYN_SEG_0881	SYN_SEG_SPK_25	SYN_SESSION_25	f1	medial	vowel	a			811.824	Hz	ok		SYN_GENERATOR_11042026	SYNTHETIC_TEACHING_FIXTURE
REQ_SYN_SEG_0881_f2	SYN_SEG_0881	SYN_SEG_SPK_25	SYN_SESSION_25	f2	medial	vowel	a			1392.437	Hz	ok		SYN_GENERATOR_11042026	SYNTHETIC_TEACHING_FIXTURE
REQ_SYN_SEG_0881_f3	SYN_SEG_0881	SYN_SEG_SPK_25	SYN_SESSION_25	f3	medial	vowel	a			2761.44	Hz	ok		SYN_GENERATOR_11042026	SYNTHETIC_TEACHING_FIXTURE
REQ_SYN_SEG_0882_vowel_duration	SYN_SEG_0882	SYN_SEG_SPK_25	SYN_SESSION_25	vowel_duration	final	vowel	u	2506	2506.149099	149.099000000206	ms	ok		SYN_GENERATOR_11042026	SYNTHETIC_TEACHING_FIXTURE
REQ_SYN_SEG_0882_f1	SYN_SEG_0882	SYN_SEG_SPK_25	SYN_SESSION_25	f1	final	vowel	u			368.655	Hz	ok		SYN_GENERATOR_11042026	SYNTHETIC_TEACHING_FIXTURE
REQ_SYN_SEG_0882_f2	SYN_SEG_0882	SYN_SEG_SPK_25	SYN_SESSION_25	f2	final	vowel	u			1020.059	Hz	ok		SYN_GENERATOR_11042026	SYNTHETIC_TEACHING_FIXTURE
REQ_SYN_SEG_0882_f3	SYN_SEG_0882	SYN_SEG_SPK_25	SYN_SESSION_25	f3	final	vowel	u			2513.295	Hz	ok		SYN_GENERATOR_11042026	SYNTHETIC_TEACHING_FIXTURE
REQ_SYN_SEG_0883_vowel_duration	SYN_SEG_0883	SYN_SEG_SPK_25	SYN_SESSION_25	vowel_duration	initial	vowel	i	2507	2507.193856	193.855999999869	ms	ok		SYN_GENERATOR_11042026	SYNTHETIC_TEACHING_FIXTURE
REQ_SYN_SEG_0883_f1	SYN_SEG_0883	SYN_SEG_SPK_25	SYN_SESSION_25	f1	initial	vowel	i			355.03	Hz	ok		SYN_GENERATOR_11042026	SYNTHETIC_TEACHING_FIXTURE
REQ_SYN_SEG_0883_f2	SYN_SEG_0883	SYN_SEG_SPK_25	SYN_SESSION_25	f2	initial	vowel	i			2531.463	Hz	ok		SYN_GENERATOR_11042026	SYNTHETIC_TEACHING_FIXTURE
REQ_SYN_SEG_0883_f3	SYN_SEG_0883	SYN_SEG_SPK_25	SYN_SESSION_25	f3	initial	vowel	i			3272.591	Hz	ok		SYN_GENERATOR_11042026	SYNTHETIC_TEACHING_FIXTURE
REQ_SYN_SEG_0884_vowel_duration	SYN_SEG_0884	SYN_SEG_SPK_25	SYN_SESSION_25	vowel_duration	medial	vowel	a	2508	2508.120747	120.746999999938	ms	ok		SYN_GENERATOR_11042026	SYNTHETIC_TEACHING_FIXTURE
REQ_SYN_SEG_0884_f1	SYN_SEG_0884	SYN_SEG_SPK_25	SYN_SESSION_25	f1	medial	vowel	a			816.895	Hz	ok		SYN_GENERATOR_11042026	SYNTHETIC_TEACHING_FIXTURE
REQ_SYN_SEG_0884_f2	SYN_SEG_0884	SYN_SEG_SPK_25	SYN_SESSION_25	f2	medial	vowel	a			1366.586	Hz	ok		SYN_GENERATOR_11042026	SYNTHETIC_TEACHING_FIXTURE
REQ_SYN_SEG_0884_f3	SYN_SEG_0884	SYN_SEG_SPK_25	SYN_SESSION_25	f3	medial	vowel	a			2778.728	Hz	ok		SYN_GENERATOR_11042026	SYNTHETIC_TEACHING_FIXTURE
REQ_SYN_SEG_0885_vowel_duration	SYN_SEG_0885	SYN_SEG_SPK_25	SYN_SESSION_25	vowel_duration	final	vowel	u	2509	2509.141194	141.193999999814	ms	ok		SYN_GENERATOR_11042026	SYNTHETIC_TEACHING_FIXTURE
REQ_SYN_SEG_0885_f1	SYN_SEG_0885	SYN_SEG_SPK_25	SYN_SESSION_25	f1	final	vowel	u			401.563	Hz	ok		SYN_GENERATOR_11042026	SYNTHETIC_TEACHING_FIXTURE
REQ_SYN_SEG_0885_f2	SYN_SEG_0885	SYN_SEG_SPK_25	SYN_SESSION_25	f2	final	vowel	u			1013.578	Hz	ok		SYN_GENERATOR_11042026	SYNTHETIC_TEACHING_FIXTURE
REQ_SYN_SEG_0885_f3	SYN_SEG_0885	SYN_SEG_SPK_25	SYN_SESSION_25	f3	final	vowel	u			2489.952	Hz	ok		SYN_GENERATOR_11042026	SYNTHETIC_TEACHING_FIXTURE
REQ_SYN_SEG_0886_vowel_duration	SYN_SEG_0886	SYN_SEG_SPK_25	SYN_SESSION_25	vowel_duration	initial	vowel	i	2510	2510.216636	216.636000000108	ms	ok		SYN_GENERATOR_11042026	SYNTHETIC_TEACHING_FIXTURE
REQ_SYN_SEG_0886_f1	SYN_SEG_0886	SYN_SEG_SPK_25	SYN_SESSION_25	f1	initial	vowel	i			325.849	Hz	ok		SYN_GENERATOR_11042026	SYNTHETIC_TEACHING_FIXTURE
REQ_SYN_SEG_0886_f2	SYN_SEG_0886	SYN_SEG_SPK_25	SYN_SESSION_25	f2	initial	vowel	i			2547.032	Hz	ok		SYN_GENERATOR_11042026	SYNTHETIC_TEACHING_FIXTURE
REQ_SYN_SEG_0886_f3	SYN_SEG_0886	SYN_SEG_SPK_25	SYN_SESSION_25	f3	initial	vowel	i			3372.686	Hz	ok		SYN_GENERATOR_11042026	SYNTHETIC_TEACHING_FIXTURE
REQ_SYN_SEG_0887_vowel_duration	SYN_SEG_0887	SYN_SEG_SPK_25	SYN_SESSION_25	vowel_duration	medial	vowel	a	2511	2511.075074	75.0739999998586	ms	ok		SYN_GENERATOR_11042026	SYNTHETIC_TEACHING_FIXTURE
REQ_SYN_SEG_0887_f1	SYN_SEG_0887	SYN_SEG_SPK_25	SYN_SESSION_25	f1	medial	vowel	a			845.99	Hz	ok		SYN_GENERATOR_11042026	SYNTHETIC_TEACHING_FIXTURE
REQ_SYN_SEG_0887_f2	SYN_SEG_0887	SYN_SEG_SPK_25	SYN_SESSION_25	f2	medial	vowel	a			1342.044	Hz	ok		SYN_GENERATOR_11042026	SYNTHETIC_TEACHING_FIXTURE
REQ_SYN_SEG_0887_f3	SYN_SEG_0887	SYN_SEG_SPK_25	SYN_SESSION_25	f3	medial	vowel	a			2770.622	Hz	ok		SYN_GENERATOR_11042026	SYNTHETIC_TEACHING_FIXTURE
REQ_SYN_SEG_0888_vowel_duration	SYN_SEG_0888	SYN_SEG_SPK_25	SYN_SESSION_25	vowel_duration	final	vowel	u	2512	2512.105863	105.863000000227	ms	ok		SYN_GENERATOR_11042026	SYNTHETIC_TEACHING_FIXTURE
REQ_SYN_SEG_0888_f1	SYN_SEG_0888	SYN_SEG_SPK_25	SYN_SESSION_25	f1	final	vowel	u			380.906	Hz	ok		SYN_GENERATOR_11042026	SYNTHETIC_TEACHING_FIXTURE
REQ_SYN_SEG_0888_f2	SYN_SEG_0888	SYN_SEG_SPK_25	SYN_SESSION_25	f2	final	vowel	u			951.721	Hz	ok		SYN_GENERATOR_11042026	SYNTHETIC_TEACHING_FIXTURE
REQ_SYN_SEG_0888_f3	SYN_SEG_0888	SYN_SEG_SPK_25	SYN_SESSION_25	f3	final	vowel	u			2513.692	Hz	ok		SYN_GENERATOR_11042026	SYNTHETIC_TEACHING_FIXTURE
REQ_SYN_SEG_0889_fricative_duration	SYN_SEG_0889	SYN_SEG_SPK_25	SYN_SESSION_25	fricative_duration	initial	fricative		2501	2501.118627	118.626999999833	ms	ok		SYN_GENERATOR_11042026	SYNTHETIC_TEACHING_FIXTURE
REQ_SYN_SEG_0889_fricative_cog	SYN_SEG_0889	SYN_SEG_SPK_25	SYN_SESSION_25	fricative_cog	initial	fricative				6858.5	Hz	ok		SYN_GENERATOR_11042026	SYNTHETIC_TEACHING_FIXTURE
REQ_SYN_SEG_0890_fricative_duration	SYN_SEG_0890	SYN_SEG_SPK_25	SYN_SESSION_25	fricative_duration	medial	fricative		2502	2502.077719	77.7189999998882	ms	ok		SYN_GENERATOR_11042026	SYNTHETIC_TEACHING_FIXTURE
REQ_SYN_SEG_0890_fricative_cog	SYN_SEG_0890	SYN_SEG_SPK_25	SYN_SESSION_25	fricative_cog	medial	fricative				5902.312	Hz	ok		SYN_GENERATOR_11042026	SYNTHETIC_TEACHING_FIXTURE
REQ_SYN_SEG_0891_fricative_duration	SYN_SEG_0891	SYN_SEG_SPK_25	SYN_SESSION_25	fricative_duration	final	fricative		2503	2503.083864	83.864000000176	ms	ok		SYN_GENERATOR_11042026	SYNTHETIC_TEACHING_FIXTURE
REQ_SYN_SEG_0891_fricative_cog	SYN_SEG_0891	SYN_SEG_SPK_25	SYN_SESSION_25	fricative_cog	final	fricative				5668.531	Hz	ok		SYN_GENERATOR_11042026	SYNTHETIC_TEACHING_FIXTURE
REQ_SYN_SEG_0892_fricative_duration	SYN_SEG_0892	SYN_SEG_SPK_25	SYN_SESSION_25	fricative_duration	initial	fricative		2504	2504.139315	139.314999999897	ms	ok		SYN_GENERATOR_11042026	SYNTHETIC_TEACHING_FIXTURE
REQ_SYN_SEG_0892_fricative_cog	SYN_SEG_0892	SYN_SEG_SPK_25	SYN_SESSION_25	fricative_cog	initial	fricative				6796.854	Hz	ok		SYN_GENERATOR_11042026	SYNTHETIC_TEACHING_FIXTURE
REQ_SYN_SEG_0893_fricative_duration	SYN_SEG_0893	SYN_SEG_SPK_25	SYN_SESSION_25	fricative_duration	medial	fricative		2505	2505.119591	119.591000000128	ms	ok		SYN_GENERATOR_11042026	SYNTHETIC_TEACHING_FIXTURE
REQ_SYN_SEG_0893_fricative_cog	SYN_SEG_0893	SYN_SEG_SPK_25	SYN_SESSION_25	fricative_cog	medial	fricative				5202.492	Hz	ok		SYN_GENERATOR_11042026	SYNTHETIC_TEACHING_FIXTURE
REQ_SYN_SEG_0894_fricative_duration	SYN_SEG_0894	SYN_SEG_SPK_25	SYN_SESSION_25	fricative_duration	final	fricative		2506	2506.167393	167.393000000175	ms	ok		SYN_GENERATOR_11042026	SYNTHETIC_TEACHING_FIXTURE
REQ_SYN_SEG_0894_fricative_cog	SYN_SEG_0894	SYN_SEG_SPK_25	SYN_SESSION_25	fricative_cog	final	fricative				5325.656	Hz	ok		SYN_GENERATOR_11042026	SYNTHETIC_TEACHING_FIXTURE
REQ_SYN_SEG_0895_fricative_duration	SYN_SEG_0895	SYN_SEG_SPK_25	SYN_SESSION_25	fricative_duration	initial	fricative		2507	2507.112012	112.01200000005	ms	ok		SYN_GENERATOR_11042026	SYNTHETIC_TEACHING_FIXTURE
REQ_SYN_SEG_0895_fricative_cog	SYN_SEG_0895	SYN_SEG_SPK_25	SYN_SESSION_25	fricative_cog	initial	fricative				6706.251	Hz	ok		SYN_GENERATOR_11042026	SYNTHETIC_TEACHING_FIXTURE
REQ_SYN_SEG_0896_fricative_duration	SYN_SEG_0896	SYN_SEG_SPK_25	SYN_SESSION_25	fricative_duration	medial	fricative		2508	2508.149202	149.202000000059	ms	ok		SYN_GENERATOR_11042026	SYNTHETIC_TEACHING_FIXTURE
REQ_SYN_SEG_0896_fricative_cog	SYN_SEG_0896	SYN_SEG_SPK_25	SYN_SESSION_25	fricative_cog	medial	fricative				5833.849	Hz	ok		SYN_GENERATOR_11042026	SYNTHETIC_TEACHING_FIXTURE
REQ_SYN_SEG_0897_fricative_duration	SYN_SEG_0897	SYN_SEG_SPK_25	SYN_SESSION_25	fricative_duration	final	fricative		2509	2509.118962	118.96200000001	ms	ok		SYN_GENERATOR_11042026	SYNTHETIC_TEACHING_FIXTURE
REQ_SYN_SEG_0897_fricative_cog	SYN_SEG_0897	SYN_SEG_SPK_25	SYN_SESSION_25	fricative_cog	final	fricative				5459.227	Hz	ok		SYN_GENERATOR_11042026	SYNTHETIC_TEACHING_FIXTURE
REQ_SYN_SEG_0898_fricative_duration	SYN_SEG_0898	SYN_SEG_SPK_25	SYN_SESSION_25	fricative_duration	initial	fricative		2510	2510.096473	96.47300000006	ms	ok		SYN_GENERATOR_11042026	SYNTHETIC_TEACHING_FIXTURE
REQ_SYN_SEG_0898_fricative_cog	SYN_SEG_0898	SYN_SEG_SPK_25	SYN_SESSION_25	fricative_cog	initial	fricative				7075.255	Hz	ok		SYN_GENERATOR_11042026	SYNTHETIC_TEACHING_FIXTURE
REQ_SYN_SEG_0899_fricative_duration	SYN_SEG_0899	SYN_SEG_SPK_25	SYN_SESSION_25	fricative_duration	medial	fricative		2511	2511.073031	73.0309999999008	ms	ok		SYN_GENERATOR_11042026	SYNTHETIC_TEACHING_FIXTURE
REQ_SYN_SEG_0899_fricative_cog	SYN_SEG_0899	SYN_SEG_SPK_25	SYN_SESSION_25	fricative_cog	medial	fricative				5097.321	Hz	ok		SYN_GENERATOR_11042026	SYNTHETIC_TEACHING_FIXTURE
REQ_SYN_SEG_0900_fricative_duration	SYN_SEG_0900	SYN_SEG_SPK_25	SYN_SESSION_25	fricative_duration	final	fricative		2512	2512.177031	177.03100000017	ms	ok		SYN_GENERATOR_11042026	SYNTHETIC_TEACHING_FIXTURE
REQ_SYN_SEG_0900_fricative_cog	SYN_SEG_0900	SYN_SEG_SPK_25	SYN_SESSION_25	fricative_cog	final	fricative				5343.814	Hz	ok		SYN_GENERATOR_11042026	SYNTHETIC_TEACHING_FIXTURE
REQ_SYN_SEG_0901_vot	SYN_SEG_0901	SYN_SEG_SPK_26	SYN_SESSION_26	vot	initial	stop		2601.053332	2601.040583	-12.7489999999852	ms	ok		SYN_GENERATOR_11042026	SYNTHETIC_TEACHING_FIXTURE
REQ_SYN_SEG_0901_closure_duration	SYN_SEG_0901	SYN_SEG_SPK_26	SYN_SESSION_26	closure_duration	initial	stop		2601	2601.053332	53.3319999999549	ms	ok		SYN_GENERATOR_11042026	SYNTHETIC_TEACHING_FIXTURE
REQ_SYN_SEG_0901_vowel_onset_f0	SYN_SEG_0901	SYN_SEG_SPK_26	SYN_SESSION_26	vowel_onset_f0	initial	stop				102.463	Hz	ok		SYN_GENERATOR_11042026	SYNTHETIC_TEACHING_FIXTURE
REQ_SYN_SEG_0902_vot	SYN_SEG_0902	SYN_SEG_SPK_26	SYN_SESSION_26	vot	medial	stop		2602.098732	2602.098353	-0.379000000066299	ms	ok		SYN_GENERATOR_11042026	SYNTHETIC_TEACHING_FIXTURE
REQ_SYN_SEG_0902_closure_duration	SYN_SEG_0902	SYN_SEG_SPK_26	SYN_SESSION_26	closure_duration	medial	stop		2602	2602.098732	98.7319999999272	ms	ok		SYN_GENERATOR_11042026	SYNTHETIC_TEACHING_FIXTURE
REQ_SYN_SEG_0902_vowel_onset_f0	SYN_SEG_0902	SYN_SEG_SPK_26	SYN_SESSION_26	vowel_onset_f0	medial	stop				118.216	Hz	ok		SYN_GENERATOR_11042026	SYNTHETIC_TEACHING_FIXTURE
REQ_SYN_SEG_0903_vot	SYN_SEG_0903	SYN_SEG_SPK_26	SYN_SESSION_26	vot	final	stop		2603.062199	2603.108671	46.4719999999943	ms	ok		SYN_GENERATOR_11042026	SYNTHETIC_TEACHING_FIXTURE
REQ_SYN_SEG_0903_closure_duration	SYN_SEG_0903	SYN_SEG_SPK_26	SYN_SESSION_26	closure_duration	final	stop		2603	2603.062199	62.1989999999641	ms	ok		SYN_GENERATOR_11042026	SYNTHETIC_TEACHING_FIXTURE
REQ_SYN_SEG_0903_vowel_onset_f0	SYN_SEG_0903	SYN_SEG_SPK_26	SYN_SESSION_26	vowel_onset_f0	final	stop				150.849	Hz	ok		SYN_GENERATOR_11042026	SYNTHETIC_TEACHING_FIXTURE
REQ_SYN_SEG_0904_vot	SYN_SEG_0904	SYN_SEG_SPK_26	SYN_SESSION_26	vot	initial	stop		2604.082634	2604.144694	62.0600000002014	ms	ok		SYN_GENERATOR_11042026	SYNTHETIC_TEACHING_FIXTURE
REQ_SYN_SEG_0904_closure_duration	SYN_SEG_0904	SYN_SEG_SPK_26	SYN_SESSION_26	closure_duration	initial	stop		2604	2604.082634	82.6339999998709	ms	ok		SYN_GENERATOR_11042026	SYNTHETIC_TEACHING_FIXTURE
REQ_SYN_SEG_0904_vowel_onset_f0	SYN_SEG_0904	SYN_SEG_SPK_26	SYN_SESSION_26	vowel_onset_f0	initial	stop				135.525	Hz	ok		SYN_GENERATOR_11042026	SYNTHETIC_TEACHING_FIXTURE
REQ_SYN_SEG_0905_vot	SYN_SEG_0905	SYN_SEG_SPK_26	SYN_SESSION_26	vot	medial	stop		2605.088311	2605.104795	16.4840000002187	ms	ok		SYN_GENERATOR_11042026	SYNTHETIC_TEACHING_FIXTURE
REQ_SYN_SEG_0905_closure_duration	SYN_SEG_0905	SYN_SEG_SPK_26	SYN_SESSION_26	closure_duration	medial	stop		2605	2605.088311	88.310999999976	ms	ok		SYN_GENERATOR_11042026	SYNTHETIC_TEACHING_FIXTURE
REQ_SYN_SEG_0905_vowel_onset_f0	SYN_SEG_0905	SYN_SEG_SPK_26	SYN_SESSION_26	vowel_onset_f0	medial	stop				118.703	Hz	ok		SYN_GENERATOR_11042026	SYNTHETIC_TEACHING_FIXTURE
REQ_SYN_SEG_0906_vot	SYN_SEG_0906	SYN_SEG_SPK_26	SYN_SESSION_26	vot	final	stop		2606.077647	2606.080418	2.77099999993879	ms	ok		SYN_GENERATOR_11042026	SYNTHETIC_TEACHING_FIXTURE
REQ_SYN_SEG_0906_closure_duration	SYN_SEG_0906	SYN_SEG_SPK_26	SYN_SESSION_26	closure_duration	final	stop		2606	2606.077647	77.64700000007	ms	ok		SYN_GENERATOR_11042026	SYNTHETIC_TEACHING_FIXTURE
REQ_SYN_SEG_0906_vowel_onset_f0	SYN_SEG_0906	SYN_SEG_SPK_26	SYN_SESSION_26	vowel_onset_f0	final	stop				113.088	Hz	ok		SYN_GENERATOR_11042026	SYNTHETIC_TEACHING_FIXTURE
REQ_SYN_SEG_0907_vot	SYN_SEG_0907	SYN_SEG_SPK_26	SYN_SESSION_26	vot	initial	stop		2607.071713	2607.138388	66.675000000032	ms	ok		SYN_GENERATOR_11042026	SYNTHETIC_TEACHING_FIXTURE
REQ_SYN_SEG_0907_closure_duration	SYN_SEG_0907	SYN_SEG_SPK_26	SYN_SESSION_26	closure_duration	initial	stop		2607	2607.071713	71.7129999998178	ms	ok		SYN_GENERATOR_11042026	SYNTHETIC_TEACHING_FIXTURE
REQ_SYN_SEG_0907_vowel_onset_f0	SYN_SEG_0907	SYN_SEG_SPK_26	SYN_SESSION_26	vowel_onset_f0	initial	stop				145.212	Hz	ok		SYN_GENERATOR_11042026	SYNTHETIC_TEACHING_FIXTURE
REQ_SYN_SEG_0908_vot	SYN_SEG_0908	SYN_SEG_SPK_26	SYN_SESSION_26	vot	medial	stop		2608.08792	2608.068697	-19.2229999997835	ms	ok		SYN_GENERATOR_11042026	SYNTHETIC_TEACHING_FIXTURE
REQ_SYN_SEG_0908_closure_duration	SYN_SEG_0908	SYN_SEG_SPK_26	SYN_SESSION_26	closure_duration	medial	stop		2608	2608.08792	87.91999999994	ms	ok		SYN_GENERATOR_11042026	SYNTHETIC_TEACHING_FIXTURE
REQ_SYN_SEG_0908_vowel_onset_f0	SYN_SEG_0908	SYN_SEG_SPK_26	SYN_SESSION_26	vowel_onset_f0	medial	stop				121.298	Hz	ok		SYN_GENERATOR_11042026	SYNTHETIC_TEACHING_FIXTURE
REQ_SYN_SEG_0909_vot	SYN_SEG_0909	SYN_SEG_SPK_26	SYN_SESSION_26	vot	final	stop		2609.09642	2609.121346	24.9260000000504	ms	ok		SYN_GENERATOR_11042026	SYNTHETIC_TEACHING_FIXTURE
REQ_SYN_SEG_0909_closure_duration	SYN_SEG_0909	SYN_SEG_SPK_26	SYN_SESSION_26	closure_duration	final	stop		2609	2609.09642	96.4199999998527	ms	ok		SYN_GENERATOR_11042026	SYNTHETIC_TEACHING_FIXTURE
REQ_SYN_SEG_0909_vowel_onset_f0	SYN_SEG_0909	SYN_SEG_SPK_26	SYN_SESSION_26	vowel_onset_f0	final	stop				131.133	Hz	ok		SYN_GENERATOR_11042026	SYNTHETIC_TEACHING_FIXTURE
REQ_SYN_SEG_0910_vot	SYN_SEG_0910	SYN_SEG_SPK_26	SYN_SESSION_26	vot	initial	stop		2610.087269	2610.14808	60.8109999998305	ms	ok		SYN_GENERATOR_11042026	SYNTHETIC_TEACHING_FIXTURE
REQ_SYN_SEG_0910_closure_duration	SYN_SEG_0910	SYN_SEG_SPK_26	SYN_SESSION_26	closure_duration	initial	stop		2610	2610.087269	87.2690000001057	ms	ok		SYN_GENERATOR_11042026	SYNTHETIC_TEACHING_FIXTURE
REQ_SYN_SEG_0910_vowel_onset_f0	SYN_SEG_0910	SYN_SEG_SPK_26	SYN_SESSION_26	vowel_onset_f0	initial	stop				149.842	Hz	ok		SYN_GENERATOR_11042026	SYNTHETIC_TEACHING_FIXTURE
REQ_SYN_SEG_0911_vot	SYN_SEG_0911	SYN_SEG_SPK_26	SYN_SESSION_26	vot	medial	stop		2611.081246	2611.138108	56.86199999991	ms	ok		SYN_GENERATOR_11042026	SYNTHETIC_TEACHING_FIXTURE
REQ_SYN_SEG_0911_closure_duration	SYN_SEG_0911	SYN_SEG_SPK_26	SYN_SESSION_26	closure_duration	medial	stop		2611	2611.081246	81.246000000192	ms	ok		SYN_GENERATOR_11042026	SYNTHETIC_TEACHING_FIXTURE
REQ_SYN_SEG_0911_vowel_onset_f0	SYN_SEG_0911	SYN_SEG_SPK_26	SYN_SESSION_26	vowel_onset_f0	medial	stop				151.922	Hz	ok		SYN_GENERATOR_11042026	SYNTHETIC_TEACHING_FIXTURE
REQ_SYN_SEG_0912_vot	SYN_SEG_0912	SYN_SEG_SPK_26	SYN_SESSION_26	vot	final	stop		2612.054937	2612.067731	12.7940000002127	ms	ok		SYN_GENERATOR_11042026	SYNTHETIC_TEACHING_FIXTURE
REQ_SYN_SEG_0912_closure_duration	SYN_SEG_0912	SYN_SEG_SPK_26	SYN_SESSION_26	closure_duration	final	stop		2612	2612.054937	54.9369999998817	ms	ok		SYN_GENERATOR_11042026	SYNTHETIC_TEACHING_FIXTURE
REQ_SYN_SEG_0912_vowel_onset_f0	SYN_SEG_0912	SYN_SEG_SPK_26	SYN_SESSION_26	vowel_onset_f0	final	stop				121.474	Hz	ok		SYN_GENERATOR_11042026	SYNTHETIC_TEACHING_FIXTURE
REQ_SYN_SEG_0913_vowel_duration	SYN_SEG_0913	SYN_SEG_SPK_26	SYN_SESSION_26	vowel_duration	initial	vowel	i	2601	2601.184499	184.49899999996	ms	ok		SYN_GENERATOR_11042026	SYNTHETIC_TEACHING_FIXTURE
REQ_SYN_SEG_0913_f1	SYN_SEG_0913	SYN_SEG_SPK_26	SYN_SESSION_26	f1	initial	vowel	i			267.15	Hz	ok		SYN_GENERATOR_11042026	SYNTHETIC_TEACHING_FIXTURE
REQ_SYN_SEG_0913_f2	SYN_SEG_0913	SYN_SEG_SPK_26	SYN_SESSION_26	f2	initial	vowel	i			2160.513	Hz	ok		SYN_GENERATOR_11042026	SYNTHETIC_TEACHING_FIXTURE
REQ_SYN_SEG_0913_f3	SYN_SEG_0913	SYN_SEG_SPK_26	SYN_SESSION_26	f3	initial	vowel	i			2714.551	Hz	ok		SYN_GENERATOR_11042026	SYNTHETIC_TEACHING_FIXTURE
REQ_SYN_SEG_0914_vowel_duration	SYN_SEG_0914	SYN_SEG_SPK_26	SYN_SESSION_26	vowel_duration	medial	vowel	a	2602	2602.215026	215.025999999853	ms	ok		SYN_GENERATOR_11042026	SYNTHETIC_TEACHING_FIXTURE
REQ_SYN_SEG_0914_f1	SYN_SEG_0914	SYN_SEG_SPK_26	SYN_SESSION_26	f1	medial	vowel	a			708.253	Hz	ok		SYN_GENERATOR_11042026	SYNTHETIC_TEACHING_FIXTURE
REQ_SYN_SEG_0914_f2	SYN_SEG_0914	SYN_SEG_SPK_26	SYN_SESSION_26	f2	medial	vowel	a			1118.44	Hz	ok		SYN_GENERATOR_11042026	SYNTHETIC_TEACHING_FIXTURE
REQ_SYN_SEG_0914_f3	SYN_SEG_0914	SYN_SEG_SPK_26	SYN_SESSION_26	f3	medial	vowel	a			2343.198	Hz	ok		SYN_GENERATOR_11042026	SYNTHETIC_TEACHING_FIXTURE
REQ_SYN_SEG_0915_vowel_duration	SYN_SEG_0915	SYN_SEG_SPK_26	SYN_SESSION_26	vowel_duration	final	vowel	u	2603	2603.132403	132.403000000068	ms	ok		SYN_GENERATOR_11042026	SYNTHETIC_TEACHING_FIXTURE
REQ_SYN_SEG_0915_f1	SYN_SEG_0915	SYN_SEG_SPK_26	SYN_SESSION_26	f1	final	vowel	u			336.462	Hz	ok		SYN_GENERATOR_11042026	SYNTHETIC_TEACHING_FIXTURE
REQ_SYN_SEG_0915_f2	SYN_SEG_0915	SYN_SEG_SPK_26	SYN_SESSION_26	f2	final	vowel	u			840.125	Hz	ok		SYN_GENERATOR_11042026	SYNTHETIC_TEACHING_FIXTURE
REQ_SYN_SEG_0915_f3	SYN_SEG_0915	SYN_SEG_SPK_26	SYN_SESSION_26	f3	final	vowel	u			2084.269	Hz	ok		SYN_GENERATOR_11042026	SYNTHETIC_TEACHING_FIXTURE
REQ_SYN_SEG_0916_vowel_duration	SYN_SEG_0916	SYN_SEG_SPK_26	SYN_SESSION_26	vowel_duration	initial	vowel	i	2604	2604.2151	215.099999999893	ms	ok		SYN_GENERATOR_11042026	SYNTHETIC_TEACHING_FIXTURE
REQ_SYN_SEG_0916_f1	SYN_SEG_0916	SYN_SEG_SPK_26	SYN_SESSION_26	f1	initial	vowel	i			232.924	Hz	ok		SYN_GENERATOR_11042026	SYNTHETIC_TEACHING_FIXTURE
REQ_SYN_SEG_0916_f2	SYN_SEG_0916	SYN_SEG_SPK_26	SYN_SESSION_26	f2	initial	vowel	i			2234.333	Hz	ok		SYN_GENERATOR_11042026	SYNTHETIC_TEACHING_FIXTURE
REQ_SYN_SEG_0916_f3	SYN_SEG_0916	SYN_SEG_SPK_26	SYN_SESSION_26	f3	initial	vowel	i			2800.085	Hz	ok		SYN_GENERATOR_11042026	SYNTHETIC_TEACHING_FIXTURE
REQ_SYN_SEG_0917_vowel_duration	SYN_SEG_0917	SYN_SEG_SPK_26	SYN_SESSION_26	vowel_duration	medial	vowel	a	2605	2605.206751	206.751000000168	ms	ok		SYN_GENERATOR_11042026	SYNTHETIC_TEACHING_FIXTURE
REQ_SYN_SEG_0917_f1	SYN_SEG_0917	SYN_SEG_SPK_26	SYN_SESSION_26	f1	medial	vowel	a			706.923	Hz	ok		SYN_GENERATOR_11042026	SYNTHETIC_TEACHING_FIXTURE
REQ_SYN_SEG_0917_f2	SYN_SEG_0917	SYN_SEG_SPK_26	SYN_SESSION_26	f2	medial	vowel	a			1120.923	Hz	ok		SYN_GENERATOR_11042026	SYNTHETIC_TEACHING_FIXTURE
REQ_SYN_SEG_0917_f3	SYN_SEG_0917	SYN_SEG_SPK_26	SYN_SESSION_26	f3	medial	vowel	a			2437.686	Hz	ok		SYN_GENERATOR_11042026	SYNTHETIC_TEACHING_FIXTURE
REQ_SYN_SEG_0918_vowel_duration	SYN_SEG_0918	SYN_SEG_SPK_26	SYN_SESSION_26	vowel_duration	final	vowel	u	2606	2606.077159	77.1589999999378	ms	ok		SYN_GENERATOR_11042026	SYNTHETIC_TEACHING_FIXTURE
REQ_SYN_SEG_0918_f1	SYN_SEG_0918	SYN_SEG_SPK_26	SYN_SESSION_26	f1	final	vowel	u			338.478	Hz	ok		SYN_GENERATOR_11042026	SYNTHETIC_TEACHING_FIXTURE
REQ_SYN_SEG_0918_f2	SYN_SEG_0918	SYN_SEG_SPK_26	SYN_SESSION_26	f2	final	vowel	u			843.118	Hz	ok		SYN_GENERATOR_11042026	SYNTHETIC_TEACHING_FIXTURE
REQ_SYN_SEG_0918_f3	SYN_SEG_0918	SYN_SEG_SPK_26	SYN_SESSION_26	f3	final	vowel	u			2087.293	Hz	ok		SYN_GENERATOR_11042026	SYNTHETIC_TEACHING_FIXTURE
REQ_SYN_SEG_0919_vowel_duration	SYN_SEG_0919	SYN_SEG_SPK_26	SYN_SESSION_26	vowel_duration	initial	vowel	i	2607	2607.131983	131.983000000218	ms	ok		SYN_GENERATOR_11042026	SYNTHETIC_TEACHING_FIXTURE
REQ_SYN_SEG_0919_f1	SYN_SEG_0919	SYN_SEG_SPK_26	SYN_SESSION_26	f1	initial	vowel	i			285.495	Hz	ok		SYN_GENERATOR_11042026	SYNTHETIC_TEACHING_FIXTURE
REQ_SYN_SEG_0919_f2	SYN_SEG_0919	SYN_SEG_SPK_26	SYN_SESSION_26	f2	initial	vowel	i			2185.282	Hz	ok		SYN_GENERATOR_11042026	SYNTHETIC_TEACHING_FIXTURE
REQ_SYN_SEG_0919_f3	SYN_SEG_0919	SYN_SEG_SPK_26	SYN_SESSION_26	f3	initial	vowel	i			2893.169	Hz	ok		SYN_GENERATOR_11042026	SYNTHETIC_TEACHING_FIXTURE
REQ_SYN_SEG_0920_vowel_duration	SYN_SEG_0920	SYN_SEG_SPK_26	SYN_SESSION_26	vowel_duration	medial	vowel	a	2608	2608.145254	145.254000000023	ms	ok		SYN_GENERATOR_11042026	SYNTHETIC_TEACHING_FIXTURE
REQ_SYN_SEG_0920_f1	SYN_SEG_0920	SYN_SEG_SPK_26	SYN_SESSION_26	f1	medial	vowel	a			723.193	Hz	ok		SYN_GENERATOR_11042026	SYNTHETIC_TEACHING_FIXTURE
REQ_SYN_SEG_0920_f2	SYN_SEG_0920	SYN_SEG_SPK_26	SYN_SESSION_26	f2	medial	vowel	a			1169.564	Hz	ok		SYN_GENERATOR_11042026	SYNTHETIC_TEACHING_FIXTURE
REQ_SYN_SEG_0920_f3	SYN_SEG_0920	SYN_SEG_SPK_26	SYN_SESSION_26	f3	medial	vowel	a			2421.813	Hz	ok		SYN_GENERATOR_11042026	SYNTHETIC_TEACHING_FIXTURE
REQ_SYN_SEG_0921_vowel_duration	SYN_SEG_0921	SYN_SEG_SPK_26	SYN_SESSION_26	vowel_duration	final	vowel	u	2609	2609.209952	209.952000000158	ms	ok		SYN_GENERATOR_11042026	SYNTHETIC_TEACHING_FIXTURE
REQ_SYN_SEG_0921_f1	SYN_SEG_0921	SYN_SEG_SPK_26	SYN_SESSION_26	f1	final	vowel	u			307.289	Hz	ok		SYN_GENERATOR_11042026	SYNTHETIC_TEACHING_FIXTURE
REQ_SYN_SEG_0921_f2	SYN_SEG_0921	SYN_SEG_SPK_26	SYN_SESSION_26	f2	final	vowel	u			784.495	Hz	ok		SYN_GENERATOR_11042026	SYNTHETIC_TEACHING_FIXTURE
REQ_SYN_SEG_0921_f3	SYN_SEG_0921	SYN_SEG_SPK_26	SYN_SESSION_26	f3	final	vowel	u			2049.989	Hz	ok		SYN_GENERATOR_11042026	SYNTHETIC_TEACHING_FIXTURE
REQ_SYN_SEG_0922_vowel_duration	SYN_SEG_0922	SYN_SEG_SPK_26	SYN_SESSION_26	vowel_duration	initial	vowel	i	2610	2610.143385	143.384999999853	ms	ok		SYN_GENERATOR_11042026	SYNTHETIC_TEACHING_FIXTURE
REQ_SYN_SEG_0922_f1	SYN_SEG_0922	SYN_SEG_SPK_26	SYN_SESSION_26	f1	initial	vowel	i			305.011	Hz	ok		SYN_GENERATOR_11042026	SYNTHETIC_TEACHING_FIXTURE
REQ_SYN_SEG_0922_f2	SYN_SEG_0922	SYN_SEG_SPK_26	SYN_SESSION_26	f2	initial	vowel	i			2231.755	Hz	ok		SYN_GENERATOR_11042026	SYNTHETIC_TEACHING_FIXTURE
REQ_SYN_SEG_0922_f3	SYN_SEG_0922	SYN_SEG_SPK_26	SYN_SESSION_26	f3	initial	vowel	i			2860.597	Hz	ok		SYN_GENERATOR_11042026	SYNTHETIC_TEACHING_FIXTURE
REQ_SYN_SEG_0923_vowel_duration	SYN_SEG_0923	SYN_SEG_SPK_26	SYN_SESSION_26	vowel_duration	medial	vowel	a	2611	2611.212836	212.836000000152	ms	ok		SYN_GENERATOR_11042026	SYNTHETIC_TEACHING_FIXTURE
REQ_SYN_SEG_0923_f1	SYN_SEG_0923	SYN_SEG_SPK_26	SYN_SESSION_26	f1	medial	vowel	a			720.737	Hz	ok		SYN_GENERATOR_11042026	SYNTHETIC_TEACHING_FIXTURE
REQ_SYN_SEG_0923_f2	SYN_SEG_0923	SYN_SEG_SPK_26	SYN_SESSION_26	f2	medial	vowel	a			1078.186	Hz	ok		SYN_GENERATOR_11042026	SYNTHETIC_TEACHING_FIXTURE
REQ_SYN_SEG_0923_f3	SYN_SEG_0923	SYN_SEG_SPK_26	SYN_SESSION_26	f3	medial	vowel	a			2273.398	Hz	ok		SYN_GENERATOR_11042026	SYNTHETIC_TEACHING_FIXTURE
REQ_SYN_SEG_0924_vowel_duration	SYN_SEG_0924	SYN_SEG_SPK_26	SYN_SESSION_26	vowel_duration	final	vowel	u	2612	2612.168903	168.902999999773	ms	ok		SYN_GENERATOR_11042026	SYNTHETIC_TEACHING_FIXTURE
REQ_SYN_SEG_0924_f1	SYN_SEG_0924	SYN_SEG_SPK_26	SYN_SESSION_26	f1	final	vowel	u			333.979	Hz	ok		SYN_GENERATOR_11042026	SYNTHETIC_TEACHING_FIXTURE
REQ_SYN_SEG_0924_f2	SYN_SEG_0924	SYN_SEG_SPK_26	SYN_SESSION_26	f2	final	vowel	u			917.584	Hz	ok		SYN_GENERATOR_11042026	SYNTHETIC_TEACHING_FIXTURE
REQ_SYN_SEG_0924_f3	SYN_SEG_0924	SYN_SEG_SPK_26	SYN_SESSION_26	f3	final	vowel	u			2066.28	Hz	ok		SYN_GENERATOR_11042026	SYNTHETIC_TEACHING_FIXTURE
REQ_SYN_SEG_0925_fricative_duration	SYN_SEG_0925	SYN_SEG_SPK_26	SYN_SESSION_26	fricative_duration	initial	fricative		2601	2601.094823	94.8229999999057	ms	ok		SYN_GENERATOR_11042026	SYNTHETIC_TEACHING_FIXTURE
REQ_SYN_SEG_0925_fricative_cog	SYN_SEG_0925	SYN_SEG_SPK_26	SYN_SESSION_26	fricative_cog	initial	fricative				5821.858	Hz	ok		SYN_GENERATOR_11042026	SYNTHETIC_TEACHING_FIXTURE
REQ_SYN_SEG_0926_fricative_duration	SYN_SEG_0926	SYN_SEG_SPK_26	SYN_SESSION_26	fricative_duration	medial	fricative		2602	2602.078086	78.0859999999848	ms	ok		SYN_GENERATOR_11042026	SYNTHETIC_TEACHING_FIXTURE
REQ_SYN_SEG_0926_fricative_cog	SYN_SEG_0926	SYN_SEG_SPK_26	SYN_SESSION_26	fricative_cog	medial	fricative				4662.031	Hz	ok		SYN_GENERATOR_11042026	SYNTHETIC_TEACHING_FIXTURE
REQ_SYN_SEG_0927_fricative_duration	SYN_SEG_0927	SYN_SEG_SPK_26	SYN_SESSION_26	fricative_duration	final	fricative		2603	2603.158651	158.651000000191	ms	ok		SYN_GENERATOR_11042026	SYNTHETIC_TEACHING_FIXTURE
REQ_SYN_SEG_0927_fricative_cog	SYN_SEG_0927	SYN_SEG_SPK_26	SYN_SESSION_26	fricative_cog	final	fricative				4589.403	Hz	ok		SYN_GENERATOR_11042026	SYNTHETIC_TEACHING_FIXTURE
REQ_SYN_SEG_0928_fricative_duration	SYN_SEG_0928	SYN_SEG_SPK_26	SYN_SESSION_26	fricative_duration	initial	fricative		2604	2604.176004	176.003999999921	ms	ok		SYN_GENERATOR_11042026	SYNTHETIC_TEACHING_FIXTURE
REQ_SYN_SEG_0928_fricative_cog	SYN_SEG_0928	SYN_SEG_SPK_26	SYN_SESSION_26	fricative_cog	initial	fricative				5645.195	Hz	ok		SYN_GENERATOR_11042026	SYNTHETIC_TEACHING_FIXTURE
REQ_SYN_SEG_0929_fricative_duration	SYN_SEG_0929	SYN_SEG_SPK_26	SYN_SESSION_26	fricative_duration	medial	fricative		2605	2605.09834	98.3400000000074	ms	ok		SYN_GENERATOR_11042026	SYNTHETIC_TEACHING_FIXTURE
REQ_SYN_SEG_0929_fricative_cog	SYN_SEG_0929	SYN_SEG_SPK_26	SYN_SESSION_26	fricative_cog	medial	fricative				4443.179	Hz	ok		SYN_GENERATOR_11042026	SYNTHETIC_TEACHING_FIXTURE
REQ_SYN_SEG_0930_fricative_duration	SYN_SEG_0930	SYN_SEG_SPK_26	SYN_SESSION_26	fricative_duration	final	fricative		2606	2606.131361	131.361000000197	ms	ok		SYN_GENERATOR_11042026	SYNTHETIC_TEACHING_FIXTURE
REQ_SYN_SEG_0930_fricative_cog	SYN_SEG_0930	SYN_SEG_SPK_26	SYN_SESSION_26	fricative_cog	final	fricative				4456.698	Hz	ok		SYN_GENERATOR_11042026	SYNTHETIC_TEACHING_FIXTURE
REQ_SYN_SEG_0931_fricative_duration	SYN_SEG_0931	SYN_SEG_SPK_26	SYN_SESSION_26	fricative_duration	initial	fricative		2607	2607.120482	120.481999999811	ms	ok		SYN_GENERATOR_11042026	SYNTHETIC_TEACHING_FIXTURE
REQ_SYN_SEG_0931_fricative_cog	SYN_SEG_0931	SYN_SEG_SPK_26	SYN_SESSION_26	fricative_cog	initial	fricative				5951.589	Hz	ok		SYN_GENERATOR_11042026	SYNTHETIC_TEACHING_FIXTURE
REQ_SYN_SEG_0932_fricative_duration	SYN_SEG_0932	SYN_SEG_SPK_26	SYN_SESSION_26	fricative_duration	medial	fricative		2608	2608.155724	155.724000000191	ms	ok		SYN_GENERATOR_11042026	SYNTHETIC_TEACHING_FIXTURE
REQ_SYN_SEG_0932_fricative_cog	SYN_SEG_0932	SYN_SEG_SPK_26	SYN_SESSION_26	fricative_cog	medial	fricative				4473.643	Hz	ok		SYN_GENERATOR_11042026	SYNTHETIC_TEACHING_FIXTURE
REQ_SYN_SEG_0933_fricative_duration	SYN_SEG_0933	SYN_SEG_SPK_26	SYN_SESSION_26	fricative_duration	final	fricative		2609	2609.154393	154.3929999998	ms	ok		SYN_GENERATOR_11042026	SYNTHETIC_TEACHING_FIXTURE
REQ_SYN_SEG_0933_fricative_cog	SYN_SEG_0933	SYN_SEG_SPK_26	SYN_SESSION_26	fricative_cog	final	fricative				4313.033	Hz	ok		SYN_GENERATOR_11042026	SYNTHETIC_TEACHING_FIXTURE
REQ_SYN_SEG_0934_fricative_duration	SYN_SEG_0934	SYN_SEG_SPK_26	SYN_SESSION_26	fricative_duration	initial	fricative		2610	2610.09796	97.9600000000573	ms	ok		SYN_GENERATOR_11042026	SYNTHETIC_TEACHING_FIXTURE
REQ_SYN_SEG_0934_fricative_cog	SYN_SEG_0934	SYN_SEG_SPK_26	SYN_SESSION_26	fricative_cog	initial	fricative				5836.261	Hz	ok		SYN_GENERATOR_11042026	SYNTHETIC_TEACHING_FIXTURE
REQ_SYN_SEG_0935_fricative_duration	SYN_SEG_0935	SYN_SEG_SPK_26	SYN_SESSION_26	fricative_duration	medial	fricative		2611	2611.130456	130.455999999867	ms	ok		SYN_GENERATOR_11042026	SYNTHETIC_TEACHING_FIXTURE
REQ_SYN_SEG_0935_fricative_cog	SYN_SEG_0935	SYN_SEG_SPK_26	SYN_SESSION_26	fricative_cog	medial	fricative				4473.122	Hz	ok		SYN_GENERATOR_11042026	SYNTHETIC_TEACHING_FIXTURE
REQ_SYN_SEG_0936_fricative_duration	SYN_SEG_0936	SYN_SEG_SPK_26	SYN_SESSION_26	fricative_duration	final	fricative		2612	2612.111128	111.128000000008	ms	ok		SYN_GENERATOR_11042026	SYNTHETIC_TEACHING_FIXTURE
REQ_SYN_SEG_0936_fricative_cog	SYN_SEG_0936	SYN_SEG_SPK_26	SYN_SESSION_26	fricative_cog	final	fricative				4932.643	Hz	ok		SYN_GENERATOR_11042026	SYNTHETIC_TEACHING_FIXTURE
REQ_SYN_SEG_0937_vot	SYN_SEG_0937	SYN_SEG_SPK_27	SYN_SESSION_27	vot	initial	stop		2701.097642	2701.127861	30.2189999997609	ms	ok		SYN_GENERATOR_11042026	SYNTHETIC_TEACHING_FIXTURE
REQ_SYN_SEG_0937_closure_duration	SYN_SEG_0937	SYN_SEG_SPK_27	SYN_SESSION_27	closure_duration	initial	stop		2701	2701.097642	97.6420000001781	ms	ok		SYN_GENERATOR_11042026	SYNTHETIC_TEACHING_FIXTURE
REQ_SYN_SEG_0937_vowel_onset_f0	SYN_SEG_0937	SYN_SEG_SPK_27	SYN_SESSION_27	vowel_onset_f0	initial	stop				111.781	Hz	ok		SYN_GENERATOR_11042026	SYNTHETIC_TEACHING_FIXTURE
REQ_SYN_SEG_0938_vot	SYN_SEG_0938	SYN_SEG_SPK_27	SYN_SESSION_27	vot	medial	stop		2702.096975	2702.145555	48.5800000001291	ms	ok		SYN_GENERATOR_11042026	SYNTHETIC_TEACHING_FIXTURE
REQ_SYN_SEG_0938_closure_duration	SYN_SEG_0938	SYN_SEG_SPK_27	SYN_SESSION_27	closure_duration	medial	stop		2702	2702.096975	96.9749999999294	ms	ok		SYN_GENERATOR_11042026	SYNTHETIC_TEACHING_FIXTURE
REQ_SYN_SEG_0938_vowel_onset_f0	SYN_SEG_0938	SYN_SEG_SPK_27	SYN_SESSION_27	vowel_onset_f0	medial	stop				139.918	Hz	ok		SYN_GENERATOR_11042026	SYNTHETIC_TEACHING_FIXTURE
REQ_SYN_SEG_0939_vot	SYN_SEG_0939	SYN_SEG_SPK_27	SYN_SESSION_27	vot	final	stop		2703.086167	2703.120159	33.9920000001257	ms	ok		SYN_GENERATOR_11042026	SYNTHETIC_TEACHING_FIXTURE
REQ_SYN_SEG_0939_closure_duration	SYN_SEG_0939	SYN_SEG_SPK_27	SYN_SESSION_27	closure_duration	final	stop		2703	2703.086167	86.1669999999322	ms	ok		SYN_GENERATOR_11042026	SYNTHETIC_TEACHING_FIXTURE
REQ_SYN_SEG_0939_vowel_onset_f0	SYN_SEG_0939	SYN_SEG_SPK_27	SYN_SESSION_27	vowel_onset_f0	final	stop				119.701	Hz	ok		SYN_GENERATOR_11042026	SYNTHETIC_TEACHING_FIXTURE
REQ_SYN_SEG_0940_vot	SYN_SEG_0940	SYN_SEG_SPK_27	SYN_SESSION_27	vot	initial	stop		2704.055621	2704.125908	70.2870000000075	ms	ok		SYN_GENERATOR_11042026	SYNTHETIC_TEACHING_FIXTURE
REQ_SYN_SEG_0940_closure_duration	SYN_SEG_0940	SYN_SEG_SPK_27	SYN_SESSION_27	closure_duration	initial	stop		2704	2704.055621	55.6209999999737	ms	ok		SYN_GENERATOR_11042026	SYNTHETIC_TEACHING_FIXTURE
REQ_SYN_SEG_0940_vowel_onset_f0	SYN_SEG_0940	SYN_SEG_SPK_27	SYN_SESSION_27	vowel_onset_f0	initial	stop				154.551	Hz	ok		SYN_GENERATOR_11042026	SYNTHETIC_TEACHING_FIXTURE
REQ_SYN_SEG_0941_vot	SYN_SEG_0941	SYN_SEG_SPK_27	SYN_SESSION_27	vot	medial	stop		2705.057048	2705.140797	83.7489999998979	ms	ok		SYN_GENERATOR_11042026	SYNTHETIC_TEACHING_FIXTURE
REQ_SYN_SEG_0941_closure_duration	SYN_SEG_0941	SYN_SEG_SPK_27	SYN_SESSION_27	closure_duration	medial	stop		2705	2705.057048	57.0480000001226	ms	ok		SYN_GENERATOR_11042026	SYNTHETIC_TEACHING_FIXTURE
REQ_SYN_SEG_0941_vowel_onset_f0	SYN_SEG_0941	SYN_SEG_SPK_27	SYN_SESSION_27	vowel_onset_f0	medial	stop				135.113	Hz	ok		SYN_GENERATOR_11042026	SYNTHETIC_TEACHING_FIXTURE
REQ_SYN_SEG_0942_vot	SYN_SEG_0942	SYN_SEG_SPK_27	SYN_SESSION_27	vot	final	stop		2706.07816	2706.121266	43.1060000000798	ms	ok		SYN_GENERATOR_11042026	SYNTHETIC_TEACHING_FIXTURE
REQ_SYN_SEG_0942_closure_duration	SYN_SEG_0942	SYN_SEG_SPK_27	SYN_SESSION_27	closure_duration	final	stop		2706	2706.07816	78.1600000000253	ms	ok		SYN_GENERATOR_11042026	SYNTHETIC_TEACHING_FIXTURE
REQ_SYN_SEG_0942_vowel_onset_f0	SYN_SEG_0942	SYN_SEG_SPK_27	SYN_SESSION_27	vowel_onset_f0	final	stop				141.515	Hz	ok		SYN_GENERATOR_11042026	SYNTHETIC_TEACHING_FIXTURE
REQ_SYN_SEG_0943_vot	SYN_SEG_0943	SYN_SEG_SPK_27	SYN_SESSION_27	vot	initial	stop		2707.050371	2707.033576	-16.7950000000019	ms	ok		SYN_GENERATOR_11042026	SYNTHETIC_TEACHING_FIXTURE
REQ_SYN_SEG_0943_closure_duration	SYN_SEG_0943	SYN_SEG_SPK_27	SYN_SESSION_27	closure_duration	initial	stop		2707	2707.050371	50.3709999998136	ms	ok		SYN_GENERATOR_11042026	SYNTHETIC_TEACHING_FIXTURE
REQ_SYN_SEG_0943_vowel_onset_f0	SYN_SEG_0943	SYN_SEG_SPK_27	SYN_SESSION_27	vowel_onset_f0	initial	stop				119.528	Hz	ok		SYN_GENERATOR_11042026	SYNTHETIC_TEACHING_FIXTURE
REQ_SYN_SEG_0944_vot	SYN_SEG_0944	SYN_SEG_SPK_27	SYN_SESSION_27	vot	medial	stop		2708.102612	2708.122643	20.0310000000172	ms	ok		SYN_GENERATOR_11042026	SYNTHETIC_TEACHING_FIXTURE
REQ_SYN_SEG_0944_closure_duration	SYN_SEG_0944	SYN_SEG_SPK_27	SYN_SESSION_27	closure_duration	medial	stop		2708	2708.102612	102.612000000136	ms	ok		SYN_GENERATOR_11042026	SYNTHETIC_TEACHING_FIXTURE
REQ_SYN_SEG_0944_vowel_onset_f0	SYN_SEG_0944	SYN_SEG_SPK_27	SYN_SESSION_27	vowel_onset_f0	medial	stop				109.406	Hz	ok		SYN_GENERATOR_11042026	SYNTHETIC_TEACHING_FIXTURE
REQ_SYN_SEG_0945_vot	SYN_SEG_0945	SYN_SEG_SPK_27	SYN_SESSION_27	vot	final	stop		2709.093607	2709.079905	-13.7019999997392	ms	ok		SYN_GENERATOR_11042026	SYNTHETIC_TEACHING_FIXTURE
REQ_SYN_SEG_0945_closure_duration	SYN_SEG_0945	SYN_SEG_SPK_27	SYN_SESSION_27	closure_duration	final	stop		2709	2709.093607	93.6069999997926	ms	ok		SYN_GENERATOR_11042026	SYNTHETIC_TEACHING_FIXTURE
REQ_SYN_SEG_0945_vowel_onset_f0	SYN_SEG_0945	SYN_SEG_SPK_27	SYN_SESSION_27	vowel_onset_f0	final	stop				105.104	Hz	ok		SYN_GENERATOR_11042026	SYNTHETIC_TEACHING_FIXTURE
REQ_SYN_SEG_0946_vot	SYN_SEG_0946	SYN_SEG_SPK_27	SYN_SESSION_27	vot	initial	stop		2710.092258	2710.127424	35.1659999996627	ms	ok		SYN_GENERATOR_11042026	SYNTHETIC_TEACHING_FIXTURE
REQ_SYN_SEG_0946_closure_duration	SYN_SEG_0946	SYN_SEG_SPK_27	SYN_SESSION_27	closure_duration	initial	stop		2710	2710.092258	92.258000000129	ms	ok		SYN_GENERATOR_11042026	SYNTHETIC_TEACHING_FIXTURE
REQ_SYN_SEG_0946_vowel_onset_f0	SYN_SEG_0946	SYN_SEG_SPK_27	SYN_SESSION_27	vowel_onset_f0	initial	stop				151.839	Hz	ok		SYN_GENERATOR_11042026	SYNTHETIC_TEACHING_FIXTURE
REQ_SYN_SEG_0947_vot	SYN_SEG_0947	SYN_SEG_SPK_27	SYN_SESSION_27	vot	medial	stop		2711.092207	2711.123958	31.7509999999857	ms	ok		SYN_GENERATOR_11042026	SYNTHETIC_TEACHING_FIXTURE
REQ_SYN_SEG_0947_closure_duration	SYN_SEG_0947	SYN_SEG_SPK_27	SYN_SESSION_27	closure_duration	medial	stop		2711	2711.092207	92.207000000144	ms	ok		SYN_GENERATOR_11042026	SYNTHETIC_TEACHING_FIXTURE
REQ_SYN_SEG_0947_vowel_onset_f0	SYN_SEG_0947	SYN_SEG_SPK_27	SYN_SESSION_27	vowel_onset_f0	medial	stop				122.737	Hz	ok		SYN_GENERATOR_11042026	SYNTHETIC_TEACHING_FIXTURE
REQ_SYN_SEG_0948_vot	SYN_SEG_0948	SYN_SEG_SPK_27	SYN_SESSION_27	vot	final	stop		2712.086079	2712.14995	63.8709999998355	ms	ok		SYN_GENERATOR_11042026	SYNTHETIC_TEACHING_FIXTURE
REQ_SYN_SEG_0948_closure_duration	SYN_SEG_0948	SYN_SEG_SPK_27	SYN_SESSION_27	closure_duration	final	stop		2712	2712.086079	86.0790000001543	ms	ok		SYN_GENERATOR_11042026	SYNTHETIC_TEACHING_FIXTURE
REQ_SYN_SEG_0948_vowel_onset_f0	SYN_SEG_0948	SYN_SEG_SPK_27	SYN_SESSION_27	vowel_onset_f0	final	stop				152.452	Hz	ok		SYN_GENERATOR_11042026	SYNTHETIC_TEACHING_FIXTURE
REQ_SYN_SEG_0949_vowel_duration	SYN_SEG_0949	SYN_SEG_SPK_27	SYN_SESSION_27	vowel_duration	initial	vowel	i	2701	2701.161048	161.047999999937	ms	ok		SYN_GENERATOR_11042026	SYNTHETIC_TEACHING_FIXTURE
REQ_SYN_SEG_0949_f1	SYN_SEG_0949	SYN_SEG_SPK_27	SYN_SESSION_27	f1	initial	vowel	i			270.428	Hz	ok		SYN_GENERATOR_11042026	SYNTHETIC_TEACHING_FIXTURE
REQ_SYN_SEG_0949_f2	SYN_SEG_0949	SYN_SEG_SPK_27	SYN_SESSION_27	f2	initial	vowel	i			2241.448	Hz	ok		SYN_GENERATOR_11042026	SYNTHETIC_TEACHING_FIXTURE
REQ_SYN_SEG_0949_f3	SYN_SEG_0949	SYN_SEG_SPK_27	SYN_SESSION_27	f3	initial	vowel	i			2985.501	Hz	ok		SYN_GENERATOR_11042026	SYNTHETIC_TEACHING_FIXTURE
REQ_SYN_SEG_0950_vowel_duration	SYN_SEG_0950	SYN_SEG_SPK_27	SYN_SESSION_27	vowel_duration	medial	vowel	a	2702	2702.162594	162.593999999899	ms	ok		SYN_GENERATOR_11042026	SYNTHETIC_TEACHING_FIXTURE
REQ_SYN_SEG_0950_f1	SYN_SEG_0950	SYN_SEG_SPK_27	SYN_SESSION_27	f1	medial	vowel	a			712.286	Hz	ok		SYN_GENERATOR_11042026	SYNTHETIC_TEACHING_FIXTURE
REQ_SYN_SEG_0950_f2	SYN_SEG_0950	SYN_SEG_SPK_27	SYN_SESSION_27	f2	medial	vowel	a			1178.417	Hz	ok		SYN_GENERATOR_11042026	SYNTHETIC_TEACHING_FIXTURE
REQ_SYN_SEG_0950_f3	SYN_SEG_0950	SYN_SEG_SPK_27	SYN_SESSION_27	f3	medial	vowel	a			2563.868	Hz	ok		SYN_GENERATOR_11042026	SYNTHETIC_TEACHING_FIXTURE
REQ_SYN_SEG_0951_vowel_duration	SYN_SEG_0951	SYN_SEG_SPK_27	SYN_SESSION_27	vowel_duration	final	vowel	u	2703	2703.105745	105.744999999843	ms	ok		SYN_GENERATOR_11042026	SYNTHETIC_TEACHING_FIXTURE
REQ_SYN_SEG_0951_f1	SYN_SEG_0951	SYN_SEG_SPK_27	SYN_SESSION_27	f1	final	vowel	u			327.546	Hz	ok		SYN_GENERATOR_11042026	SYNTHETIC_TEACHING_FIXTURE
REQ_SYN_SEG_0951_f2	SYN_SEG_0951	SYN_SEG_SPK_27	SYN_SESSION_27	f2	final	vowel	u			862.887	Hz	ok		SYN_GENERATOR_11042026	SYNTHETIC_TEACHING_FIXTURE
REQ_SYN_SEG_0951_f3	SYN_SEG_0951	SYN_SEG_SPK_27	SYN_SESSION_27	f3	final	vowel	u			2193.779	Hz	ok		SYN_GENERATOR_11042026	SYNTHETIC_TEACHING_FIXTURE
REQ_SYN_SEG_0952_vowel_duration	SYN_SEG_0952	SYN_SEG_SPK_27	SYN_SESSION_27	vowel_duration	initial	vowel	i	2704	2704.086437	86.4369999999326	ms	ok		SYN_GENERATOR_11042026	SYNTHETIC_TEACHING_FIXTURE
REQ_SYN_SEG_0952_f1	SYN_SEG_0952	SYN_SEG_SPK_27	SYN_SESSION_27	f1	initial	vowel	i			261.053	Hz	ok		SYN_GENERATOR_11042026	SYNTHETIC_TEACHING_FIXTURE
REQ_SYN_SEG_0952_f2	SYN_SEG_0952	SYN_SEG_SPK_27	SYN_SESSION_27	f2	initial	vowel	i			2253.03	Hz	ok		SYN_GENERATOR_11042026	SYNTHETIC_TEACHING_FIXTURE
REQ_SYN_SEG_0952_f3	SYN_SEG_0952	SYN_SEG_SPK_27	SYN_SESSION_27	f3	initial	vowel	i			3068.113	Hz	ok		SYN_GENERATOR_11042026	SYNTHETIC_TEACHING_FIXTURE
REQ_SYN_SEG_0953_vowel_duration	SYN_SEG_0953	SYN_SEG_SPK_27	SYN_SESSION_27	vowel_duration	medial	vowel	a	2705	2705.164339	164.338999999927	ms	ok		SYN_GENERATOR_11042026	SYNTHETIC_TEACHING_FIXTURE
REQ_SYN_SEG_0953_f1	SYN_SEG_0953	SYN_SEG_SPK_27	SYN_SESSION_27	f1	medial	vowel	a			719.606	Hz	ok		SYN_GENERATOR_11042026	SYNTHETIC_TEACHING_FIXTURE
REQ_SYN_SEG_0953_f2	SYN_SEG_0953	SYN_SEG_SPK_27	SYN_SESSION_27	f2	medial	vowel	a			1248.705	Hz	ok		SYN_GENERATOR_11042026	SYNTHETIC_TEACHING_FIXTURE
REQ_SYN_SEG_0953_f3	SYN_SEG_0953	SYN_SEG_SPK_27	SYN_SESSION_27	f3	medial	vowel	a			2509.82	Hz	ok		SYN_GENERATOR_11042026	SYNTHETIC_TEACHING_FIXTURE
REQ_SYN_SEG_0954_vowel_duration	SYN_SEG_0954	SYN_SEG_SPK_27	SYN_SESSION_27	vowel_duration	final	vowel	u	2706	2706.19136	191.359999999804	ms	ok		SYN_GENERATOR_11042026	SYNTHETIC_TEACHING_FIXTURE
REQ_SYN_SEG_0954_f1	SYN_SEG_0954	SYN_SEG_SPK_27	SYN_SESSION_27	f1	final	vowel	u			359.725	Hz	ok		SYN_GENERATOR_11042026	SYNTHETIC_TEACHING_FIXTURE
REQ_SYN_SEG_0954_f2	SYN_SEG_0954	SYN_SEG_SPK_27	SYN_SESSION_27	f2	final	vowel	u			841.347	Hz	ok		SYN_GENERATOR_11042026	SYNTHETIC_TEACHING_FIXTURE
REQ_SYN_SEG_0954_f3	SYN_SEG_0954	SYN_SEG_SPK_27	SYN_SESSION_27	f3	final	vowel	u			2217.483	Hz	ok		SYN_GENERATOR_11042026	SYNTHETIC_TEACHING_FIXTURE
REQ_SYN_SEG_0955_vowel_duration	SYN_SEG_0955	SYN_SEG_SPK_27	SYN_SESSION_27	vowel_duration	initial	vowel	i	2707	2707.122199	122.19899999991	ms	ok		SYN_GENERATOR_11042026	SYNTHETIC_TEACHING_FIXTURE
REQ_SYN_SEG_0955_f1	SYN_SEG_0955	SYN_SEG_SPK_27	SYN_SESSION_27	f1	initial	vowel	i			306.174	Hz	ok		SYN_GENERATOR_11042026	SYNTHETIC_TEACHING_FIXTURE
REQ_SYN_SEG_0955_f2	SYN_SEG_0955	SYN_SEG_SPK_27	SYN_SESSION_27	f2	initial	vowel	i			2258.897	Hz	ok		SYN_GENERATOR_11042026	SYNTHETIC_TEACHING_FIXTURE
REQ_SYN_SEG_0955_f3	SYN_SEG_0955	SYN_SEG_SPK_27	SYN_SESSION_27	f3	initial	vowel	i			2944.197	Hz	ok		SYN_GENERATOR_11042026	SYNTHETIC_TEACHING_FIXTURE
REQ_SYN_SEG_0956_vowel_duration	SYN_SEG_0956	SYN_SEG_SPK_27	SYN_SESSION_27	vowel_duration	medial	vowel	a	2708	2708.139913	139.912999999979	ms	ok		SYN_GENERATOR_11042026	SYNTHETIC_TEACHING_FIXTURE
REQ_SYN_SEG_0956_f1	SYN_SEG_0956	SYN_SEG_SPK_27	SYN_SESSION_27	f1	medial	vowel	a			737.78	Hz	ok		SYN_GENERATOR_11042026	SYNTHETIC_TEACHING_FIXTURE
REQ_SYN_SEG_0956_f2	SYN_SEG_0956	SYN_SEG_SPK_27	SYN_SESSION_27	f2	medial	vowel	a			1098.32	Hz	ok		SYN_GENERATOR_11042026	SYNTHETIC_TEACHING_FIXTURE
REQ_SYN_SEG_0956_f3	SYN_SEG_0956	SYN_SEG_SPK_27	SYN_SESSION_27	f3	medial	vowel	a			2492.286	Hz	ok		SYN_GENERATOR_11042026	SYNTHETIC_TEACHING_FIXTURE
REQ_SYN_SEG_0957_vowel_duration	SYN_SEG_0957	SYN_SEG_SPK_27	SYN_SESSION_27	vowel_duration	final	vowel	u	2709	2709.169082	169.081999999889	ms	ok		SYN_GENERATOR_11042026	SYNTHETIC_TEACHING_FIXTURE
REQ_SYN_SEG_0957_f1	SYN_SEG_0957	SYN_SEG_SPK_27	SYN_SESSION_27	f1	final	vowel	u			363.343	Hz	ok		SYN_GENERATOR_11042026	SYNTHETIC_TEACHING_FIXTURE
REQ_SYN_SEG_0957_f2	SYN_SEG_0957	SYN_SEG_SPK_27	SYN_SESSION_27	f2	final	vowel	u			891.838	Hz	ok		SYN_GENERATOR_11042026	SYNTHETIC_TEACHING_FIXTURE
REQ_SYN_SEG_0957_f3	SYN_SEG_0957	SYN_SEG_SPK_27	SYN_SESSION_27	f3	final	vowel	u			2118.887	Hz	ok		SYN_GENERATOR_11042026	SYNTHETIC_TEACHING_FIXTURE
REQ_SYN_SEG_0958_vowel_duration	SYN_SEG_0958	SYN_SEG_SPK_27	SYN_SESSION_27	vowel_duration	initial	vowel	i	2710	2710.112325	112.325000000055	ms	ok		SYN_GENERATOR_11042026	SYNTHETIC_TEACHING_FIXTURE
REQ_SYN_SEG_0958_f1	SYN_SEG_0958	SYN_SEG_SPK_27	SYN_SESSION_27	f1	initial	vowel	i			252.442	Hz	ok		SYN_GENERATOR_11042026	SYNTHETIC_TEACHING_FIXTURE
REQ_SYN_SEG_0958_f2	SYN_SEG_0958	SYN_SEG_SPK_27	SYN_SESSION_27	f2	initial	vowel	i			2221.082	Hz	ok		SYN_GENERATOR_11042026	SYNTHETIC_TEACHING_FIXTURE
REQ_SYN_SEG_0958_f3	SYN_SEG_0958	SYN_SEG_SPK_27	SYN_SESSION_27	f3	initial	vowel	i			2912.092	Hz	ok		SYN_GENERATOR_11042026	SYNTHETIC_TEACHING_FIXTURE
REQ_SYN_SEG_0959_vowel_duration	SYN_SEG_0959	SYN_SEG_SPK_27	SYN_SESSION_27	vowel_duration	medial	vowel	a	2711	2711.188393	188.392999999905	ms	ok		SYN_GENERATOR_11042026	SYNTHETIC_TEACHING_FIXTURE
REQ_SYN_SEG_0959_f1	SYN_SEG_0959	SYN_SEG_SPK_27	SYN_SESSION_27	f1	medial	vowel	a			718.463	Hz	ok		SYN_GENERATOR_11042026	SYNTHETIC_TEACHING_FIXTURE
REQ_SYN_SEG_0959_f2	SYN_SEG_0959	SYN_SEG_SPK_27	SYN_SESSION_27	f2	medial	vowel	a			1246.681	Hz	ok		SYN_GENERATOR_11042026	SYNTHETIC_TEACHING_FIXTURE
REQ_SYN_SEG_0959_f3	SYN_SEG_0959	SYN_SEG_SPK_27	SYN_SESSION_27	f3	medial	vowel	a			2473.752	Hz	ok		SYN_GENERATOR_11042026	SYNTHETIC_TEACHING_FIXTURE
REQ_SYN_SEG_0960_vowel_duration	SYN_SEG_0960	SYN_SEG_SPK_27	SYN_SESSION_27	vowel_duration	final	vowel	u	2712	2712.121328	121.328000000176	ms	ok		SYN_GENERATOR_11042026	SYNTHETIC_TEACHING_FIXTURE
REQ_SYN_SEG_0960_f1	SYN_SEG_0960	SYN_SEG_SPK_27	SYN_SESSION_27	f1	final	vowel	u			364.308	Hz	ok		SYN_GENERATOR_11042026	SYNTHETIC_TEACHING_FIXTURE
REQ_SYN_SEG_0960_f2	SYN_SEG_0960	SYN_SEG_SPK_27	SYN_SESSION_27	f2	final	vowel	u			919.202	Hz	ok		SYN_GENERATOR_11042026	SYNTHETIC_TEACHING_FIXTURE
REQ_SYN_SEG_0960_f3	SYN_SEG_0960	SYN_SEG_SPK_27	SYN_SESSION_27	f3	final	vowel	u			2159.905	Hz	ok		SYN_GENERATOR_11042026	SYNTHETIC_TEACHING_FIXTURE
REQ_SYN_SEG_0961_fricative_duration	SYN_SEG_0961	SYN_SEG_SPK_27	SYN_SESSION_27	fricative_duration	initial	fricative		2701	2701.090558	90.5579999998736	ms	ok		SYN_GENERATOR_11042026	SYNTHETIC_TEACHING_FIXTURE
REQ_SYN_SEG_0961_fricative_cog	SYN_SEG_0961	SYN_SEG_SPK_27	SYN_SESSION_27	fricative_cog	initial	fricative				5883.672	Hz	ok		SYN_GENERATOR_11042026	SYNTHETIC_TEACHING_FIXTURE
REQ_SYN_SEG_0962_fricative_duration	SYN_SEG_0962	SYN_SEG_SPK_27	SYN_SESSION_27	fricative_duration	medial	fricative		2702	2702.154931	154.931000000033	ms	ok		SYN_GENERATOR_11042026	SYNTHETIC_TEACHING_FIXTURE
REQ_SYN_SEG_0962_fricative_cog	SYN_SEG_0962	SYN_SEG_SPK_27	SYN_SESSION_27	fricative_cog	medial	fricative				4984.385	Hz	ok		SYN_GENERATOR_11042026	SYNTHETIC_TEACHING_FIXTURE
REQ_SYN_SEG_0963_fricative_duration	SYN_SEG_0963	SYN_SEG_SPK_27	SYN_SESSION_27	fricative_duration	final	fricative		2703	2703.130669	130.669000000125	ms	ok		SYN_GENERATOR_11042026	SYNTHETIC_TEACHING_FIXTURE
REQ_SYN_SEG_0963_fricative_cog	SYN_SEG_0963	SYN_SEG_SPK_27	SYN_SESSION_27	fricative_cog	final	fricative				5101.684	Hz	ok		SYN_GENERATOR_11042026	SYNTHETIC_TEACHING_FIXTURE
REQ_SYN_SEG_0964_fricative_duration	SYN_SEG_0964	SYN_SEG_SPK_27	SYN_SESSION_27	fricative_duration	initial	fricative		2704	2704.085193	85.1929999998902	ms	ok		SYN_GENERATOR_11042026	SYNTHETIC_TEACHING_FIXTURE
REQ_SYN_SEG_0964_fricative_cog	SYN_SEG_0964	SYN_SEG_SPK_27	SYN_SESSION_27	fricative_cog	initial	fricative				6521.53	Hz	ok		SYN_GENERATOR_11042026	SYNTHETIC_TEACHING_FIXTURE
REQ_SYN_SEG_0965_fricative_duration	SYN_SEG_0965	SYN_SEG_SPK_27	SYN_SESSION_27	fricative_duration	medial	fricative		2705	2705.113365	113.365000000158	ms	ok		SYN_GENERATOR_11042026	SYNTHETIC_TEACHING_FIXTURE
REQ_SYN_SEG_0965_fricative_cog	SYN_SEG_0965	SYN_SEG_SPK_27	SYN_SESSION_27	fricative_cog	medial	fricative				4834.278	Hz	ok		SYN_GENERATOR_11042026	SYNTHETIC_TEACHING_FIXTURE
REQ_SYN_SEG_0966_fricative_duration	SYN_SEG_0966	SYN_SEG_SPK_27	SYN_SESSION_27	fricative_duration	final	fricative		2706	2706.102886	102.886000000126	ms	ok		SYN_GENERATOR_11042026	SYNTHETIC_TEACHING_FIXTURE
REQ_SYN_SEG_0966_fricative_cog	SYN_SEG_0966	SYN_SEG_SPK_27	SYN_SESSION_27	fricative_cog	final	fricative				4677.011	Hz	ok		SYN_GENERATOR_11042026	SYNTHETIC_TEACHING_FIXTURE
REQ_SYN_SEG_0967_fricative_duration	SYN_SEG_0967	SYN_SEG_SPK_27	SYN_SESSION_27	fricative_duration	initial	fricative		2707	2707.11865	118.649999999889	ms	ok		SYN_GENERATOR_11042026	SYNTHETIC_TEACHING_FIXTURE
REQ_SYN_SEG_0967_fricative_cog	SYN_SEG_0967	SYN_SEG_SPK_27	SYN_SESSION_27	fricative_cog	initial	fricative				5974.378	Hz	ok		SYN_GENERATOR_11042026	SYNTHETIC_TEACHING_FIXTURE
REQ_SYN_SEG_0968_fricative_duration	SYN_SEG_0968	SYN_SEG_SPK_27	SYN_SESSION_27	fricative_duration	medial	fricative		2708	2708.110256	110.255999999936	ms	ok		SYN_GENERATOR_11042026	SYNTHETIC_TEACHING_FIXTURE
REQ_SYN_SEG_0968_fricative_cog	SYN_SEG_0968	SYN_SEG_SPK_27	SYN_SESSION_27	fricative_cog	medial	fricative				4655.176	Hz	ok		SYN_GENERATOR_11042026	SYNTHETIC_TEACHING_FIXTURE
REQ_SYN_SEG_0969_fricative_duration	SYN_SEG_0969	SYN_SEG_SPK_27	SYN_SESSION_27	fricative_duration	final	fricative		2709	2709.103066	103.066000000126	ms	ok		SYN_GENERATOR_11042026	SYNTHETIC_TEACHING_FIXTURE
REQ_SYN_SEG_0969_fricative_cog	SYN_SEG_0969	SYN_SEG_SPK_27	SYN_SESSION_27	fricative_cog	final	fricative				4644.221	Hz	ok		SYN_GENERATOR_11042026	SYNTHETIC_TEACHING_FIXTURE
REQ_SYN_SEG_0970_fricative_duration	SYN_SEG_0970	SYN_SEG_SPK_27	SYN_SESSION_27	fricative_duration	initial	fricative		2710	2710.102824	102.824000000055	ms	ok		SYN_GENERATOR_11042026	SYNTHETIC_TEACHING_FIXTURE
REQ_SYN_SEG_0970_fricative_cog	SYN_SEG_0970	SYN_SEG_SPK_27	SYN_SESSION_27	fricative_cog	initial	fricative				5684.033	Hz	ok		SYN_GENERATOR_11042026	SYNTHETIC_TEACHING_FIXTURE
REQ_SYN_SEG_0971_fricative_duration	SYN_SEG_0971	SYN_SEG_SPK_27	SYN_SESSION_27	fricative_duration	medial	fricative		2711	2711.172912	172.911999999997	ms	ok		SYN_GENERATOR_11042026	SYNTHETIC_TEACHING_FIXTURE
REQ_SYN_SEG_0971_fricative_cog	SYN_SEG_0971	SYN_SEG_SPK_27	SYN_SESSION_27	fricative_cog	medial	fricative				5504.492	Hz	ok		SYN_GENERATOR_11042026	SYNTHETIC_TEACHING_FIXTURE
REQ_SYN_SEG_0972_fricative_duration	SYN_SEG_0972	SYN_SEG_SPK_27	SYN_SESSION_27	fricative_duration	final	fricative		2712	2712.072128	72.1279999997932	ms	ok		SYN_GENERATOR_11042026	SYNTHETIC_TEACHING_FIXTURE
REQ_SYN_SEG_0972_fricative_cog	SYN_SEG_0972	SYN_SEG_SPK_27	SYN_SESSION_27	fricative_cog	final	fricative				4775.659	Hz	ok		SYN_GENERATOR_11042026	SYNTHETIC_TEACHING_FIXTURE
REQ_SYN_SEG_0973_vot	SYN_SEG_0973	SYN_SEG_SPK_28	SYN_SESSION_28	vot	initial	stop		2801.049495	2801.116432	66.9369999995979	ms	ok		SYN_GENERATOR_11042026	SYNTHETIC_TEACHING_FIXTURE
REQ_SYN_SEG_0973_closure_duration	SYN_SEG_0973	SYN_SEG_SPK_28	SYN_SESSION_28	closure_duration	initial	stop		2801	2801.049495	49.4950000002063	ms	ok		SYN_GENERATOR_11042026	SYNTHETIC_TEACHING_FIXTURE
REQ_SYN_SEG_0973_vowel_onset_f0	SYN_SEG_0973	SYN_SEG_SPK_28	SYN_SESSION_28	vowel_onset_f0	initial	stop				142.44	Hz	ok		SYN_GENERATOR_11042026	SYNTHETIC_TEACHING_FIXTURE
REQ_SYN_SEG_0974_vot	SYN_SEG_0974	SYN_SEG_SPK_28	SYN_SESSION_28	vot	medial	stop		2802.092488	2802.076832	-15.6559999995807	ms	ok		SYN_GENERATOR_11042026	SYNTHETIC_TEACHING_FIXTURE
REQ_SYN_SEG_0974_closure_duration	SYN_SEG_0974	SYN_SEG_SPK_28	SYN_SESSION_28	closure_duration	medial	stop		2802	2802.092488	92.4879999997756	ms	ok		SYN_GENERATOR_11042026	SYNTHETIC_TEACHING_FIXTURE
REQ_SYN_SEG_0974_vowel_onset_f0	SYN_SEG_0974	SYN_SEG_SPK_28	SYN_SESSION_28	vowel_onset_f0	medial	stop				115.85	Hz	ok		SYN_GENERATOR_11042026	SYNTHETIC_TEACHING_FIXTURE
REQ_SYN_SEG_0975_vot	SYN_SEG_0975	SYN_SEG_SPK_28	SYN_SESSION_28	vot	final	stop		2803.054922	2803.072101	17.1790000003966	ms	ok		SYN_GENERATOR_11042026	SYNTHETIC_TEACHING_FIXTURE
REQ_SYN_SEG_0975_closure_duration	SYN_SEG_0975	SYN_SEG_SPK_28	SYN_SESSION_28	closure_duration	final	stop		2803	2803.054922	54.9219999998058	ms	ok		SYN_GENERATOR_11042026	SYNTHETIC_TEACHING_FIXTURE
REQ_SYN_SEG_0975_vowel_onset_f0	SYN_SEG_0975	SYN_SEG_SPK_28	SYN_SESSION_28	vowel_onset_f0	final	stop				116.925	Hz	ok		SYN_GENERATOR_11042026	SYNTHETIC_TEACHING_FIXTURE
REQ_SYN_SEG_0976_vot	SYN_SEG_0976	SYN_SEG_SPK_28	SYN_SESSION_28	vot	initial	stop		2804.104173	2804.130427	26.2539999998808	ms	ok		SYN_GENERATOR_11042026	SYNTHETIC_TEACHING_FIXTURE
REQ_SYN_SEG_0976_closure_duration	SYN_SEG_0976	SYN_SEG_SPK_28	SYN_SESSION_28	closure_duration	initial	stop		2804	2804.104173	104.173000000173	ms	ok		SYN_GENERATOR_11042026	SYNTHETIC_TEACHING_FIXTURE
REQ_SYN_SEG_0976_vowel_onset_f0	SYN_SEG_0976	SYN_SEG_SPK_28	SYN_SESSION_28	vowel_onset_f0	initial	stop				115.142	Hz	ok		SYN_GENERATOR_11042026	SYNTHETIC_TEACHING_FIXTURE
REQ_SYN_SEG_0977_vot	SYN_SEG_0977	SYN_SEG_SPK_28	SYN_SESSION_28	vot	medial	stop		2805.092345	2805.132729	40.3839999999036	ms	ok		SYN_GENERATOR_11042026	SYNTHETIC_TEACHING_FIXTURE
REQ_SYN_SEG_0977_closure_duration	SYN_SEG_0977	SYN_SEG_SPK_28	SYN_SESSION_28	closure_duration	medial	stop		2805	2805.092345	92.345000000023	ms	ok		SYN_GENERATOR_11042026	SYNTHETIC_TEACHING_FIXTURE
REQ_SYN_SEG_0977_vowel_onset_f0	SYN_SEG_0977	SYN_SEG_SPK_28	SYN_SESSION_28	vowel_onset_f0	medial	stop				140.556	Hz	ok		SYN_GENERATOR_11042026	SYNTHETIC_TEACHING_FIXTURE
REQ_SYN_SEG_0978_vot	SYN_SEG_0978	SYN_SEG_SPK_28	SYN_SESSION_28	vot	final	stop		2806.075184	2806.150624	75.4400000000714	ms	ok		SYN_GENERATOR_11042026	SYNTHETIC_TEACHING_FIXTURE
REQ_SYN_SEG_0978_closure_duration	SYN_SEG_0978	SYN_SEG_SPK_28	SYN_SESSION_28	closure_duration	final	stop		2806	2806.075184	75.1839999998083	ms	ok		SYN_GENERATOR_11042026	SYNTHETIC_TEACHING_FIXTURE
REQ_SYN_SEG_0978_vowel_onset_f0	SYN_SEG_0978	SYN_SEG_SPK_28	SYN_SESSION_28	vowel_onset_f0	final	stop				139.954	Hz	ok		SYN_GENERATOR_11042026	SYNTHETIC_TEACHING_FIXTURE
REQ_SYN_SEG_0979_vot	SYN_SEG_0979	SYN_SEG_SPK_28	SYN_SESSION_28	vot	initial	stop		2807.073595	2807.12571	52.1149999999579	ms	review	multiple_release	SYN_GENERATOR_11042026	SYNTHETIC_TEACHING_FIXTURE
REQ_SYN_SEG_0979_closure_duration	SYN_SEG_0979	SYN_SEG_SPK_28	SYN_SESSION_28	closure_duration	initial	stop		2807	2807.073595	73.5949999998411	ms	review	multiple_release	SYN_GENERATOR_11042026	SYNTHETIC_TEACHING_FIXTURE
REQ_SYN_SEG_0979_vowel_onset_f0	SYN_SEG_0979	SYN_SEG_SPK_28	SYN_SESSION_28	vowel_onset_f0	initial	stop				150.607	Hz	review	multiple_release	SYN_GENERATOR_11042026	SYNTHETIC_TEACHING_FIXTURE
REQ_SYN_SEG_0980_vot	SYN_SEG_0980	SYN_SEG_SPK_28	SYN_SESSION_28	vot	medial	stop		2808.077109	2808.108213	31.1040000001412	ms	ok		SYN_GENERATOR_11042026	SYNTHETIC_TEACHING_FIXTURE
REQ_SYN_SEG_0980_closure_duration	SYN_SEG_0980	SYN_SEG_SPK_28	SYN_SESSION_28	closure_duration	medial	stop		2808	2808.077109	77.1089999998367	ms	ok		SYN_GENERATOR_11042026	SYNTHETIC_TEACHING_FIXTURE
REQ_SYN_SEG_0980_vowel_onset_f0	SYN_SEG_0980	SYN_SEG_SPK_28	SYN_SESSION_28	vowel_onset_f0	medial	stop				113.06	Hz	ok		SYN_GENERATOR_11042026	SYNTHETIC_TEACHING_FIXTURE
REQ_SYN_SEG_0981_vot	SYN_SEG_0981	SYN_SEG_SPK_28	SYN_SESSION_28	vot	final	stop		2809.102369	2809.093874	-8.495000000039	ms	ok		SYN_GENERATOR_11042026	SYNTHETIC_TEACHING_FIXTURE
REQ_SYN_SEG_0981_closure_duration	SYN_SEG_0981	SYN_SEG_SPK_28	SYN_SESSION_28	closure_duration	final	stop		2809	2809.102369	102.369000000181	ms	ok		SYN_GENERATOR_11042026	SYNTHETIC_TEACHING_FIXTURE
REQ_SYN_SEG_0981_vowel_onset_f0	SYN_SEG_0981	SYN_SEG_SPK_28	SYN_SESSION_28	vowel_onset_f0	final	stop				108.586	Hz	ok		SYN_GENERATOR_11042026	SYNTHETIC_TEACHING_FIXTURE
REQ_SYN_SEG_0982_vot	SYN_SEG_0982	SYN_SEG_SPK_28	SYN_SESSION_28	vot	initial	stop		2810.046671	2810.131572	84.9009999997179	ms	ok		SYN_GENERATOR_11042026	SYNTHETIC_TEACHING_FIXTURE
REQ_SYN_SEG_0982_closure_duration	SYN_SEG_0982	SYN_SEG_SPK_28	SYN_SESSION_28	closure_duration	initial	stop		2810	2810.046671	46.6710000000603	ms	ok		SYN_GENERATOR_11042026	SYNTHETIC_TEACHING_FIXTURE
REQ_SYN_SEG_0982_vowel_onset_f0	SYN_SEG_0982	SYN_SEG_SPK_28	SYN_SESSION_28	vowel_onset_f0	initial	stop				135.771	Hz	ok		SYN_GENERATOR_11042026	SYNTHETIC_TEACHING_FIXTURE
REQ_SYN_SEG_0983_vot	SYN_SEG_0983	SYN_SEG_SPK_28	SYN_SESSION_28	vot	medial	stop		2811.054841	2811.038057	-16.783999999916	ms	ok		SYN_GENERATOR_11042026	SYNTHETIC_TEACHING_FIXTURE
REQ_SYN_SEG_0983_closure_duration	SYN_SEG_0983	SYN_SEG_SPK_28	SYN_SESSION_28	closure_duration	medial	stop		2811	2811.054841	54.841000000124	ms	ok		SYN_GENERATOR_11042026	SYNTHETIC_TEACHING_FIXTURE
REQ_SYN_SEG_0983_vowel_onset_f0	SYN_SEG_0983	SYN_SEG_SPK_28	SYN_SESSION_28	vowel_onset_f0	medial	stop				121.579	Hz	ok		SYN_GENERATOR_11042026	SYNTHETIC_TEACHING_FIXTURE
REQ_SYN_SEG_0984_vot	SYN_SEG_0984	SYN_SEG_SPK_28	SYN_SESSION_28	vot	final	stop		2812.090964	2812.171796	80.8320000001004	ms	ok		SYN_GENERATOR_11042026	SYNTHETIC_TEACHING_FIXTURE
REQ_SYN_SEG_0984_closure_duration	SYN_SEG_0984	SYN_SEG_SPK_28	SYN_SESSION_28	closure_duration	final	stop		2812	2812.090964	90.9639999999854	ms	ok		SYN_GENERATOR_11042026	SYNTHETIC_TEACHING_FIXTURE
REQ_SYN_SEG_0984_vowel_onset_f0	SYN_SEG_0984	SYN_SEG_SPK_28	SYN_SESSION_28	vowel_onset_f0	final	stop				136.728	Hz	ok		SYN_GENERATOR_11042026	SYNTHETIC_TEACHING_FIXTURE
REQ_SYN_SEG_0985_vowel_duration	SYN_SEG_0985	SYN_SEG_SPK_28	SYN_SESSION_28	vowel_duration	initial	vowel	i	2801	2801.206236	206.23599999999	ms	ok		SYN_GENERATOR_11042026	SYNTHETIC_TEACHING_FIXTURE
REQ_SYN_SEG_0985_f1	SYN_SEG_0985	SYN_SEG_SPK_28	SYN_SESSION_28	f1	initial	vowel	i			287.028	Hz	ok		SYN_GENERATOR_11042026	SYNTHETIC_TEACHING_FIXTURE
REQ_SYN_SEG_0985_f2	SYN_SEG_0985	SYN_SEG_SPK_28	SYN_SESSION_28	f2	initial	vowel	i			2360.156	Hz	ok		SYN_GENERATOR_11042026	SYNTHETIC_TEACHING_FIXTURE
REQ_SYN_SEG_0985_f3	SYN_SEG_0985	SYN_SEG_SPK_28	SYN_SESSION_28	f3	initial	vowel	i			3048.688	Hz	ok		SYN_GENERATOR_11042026	SYNTHETIC_TEACHING_FIXTURE
REQ_SYN_SEG_0986_vowel_duration	SYN_SEG_0986	SYN_SEG_SPK_28	SYN_SESSION_28	vowel_duration	medial	vowel	a	2802	2802.181428	181.427999999869	ms	ok		SYN_GENERATOR_11042026	SYNTHETIC_TEACHING_FIXTURE
REQ_SYN_SEG_0986_f1	SYN_SEG_0986	SYN_SEG_SPK_28	SYN_SESSION_28	f1	medial	vowel	a			728.4	Hz	ok		SYN_GENERATOR_11042026	SYNTHETIC_TEACHING_FIXTURE
REQ_SYN_SEG_0986_f2	SYN_SEG_0986	SYN_SEG_SPK_28	SYN_SESSION_28	f2	medial	vowel	a			1184.362	Hz	ok		SYN_GENERATOR_11042026	SYNTHETIC_TEACHING_FIXTURE
REQ_SYN_SEG_0986_f3	SYN_SEG_0986	SYN_SEG_SPK_28	SYN_SESSION_28	f3	medial	vowel	a			2629.073	Hz	ok		SYN_GENERATOR_11042026	SYNTHETIC_TEACHING_FIXTURE
REQ_SYN_SEG_0987_vowel_duration	SYN_SEG_0987	SYN_SEG_SPK_28	SYN_SESSION_28	vowel_duration	final	vowel	u	2803	2803.185675	185.675000000174	ms	ok		SYN_GENERATOR_11042026	SYNTHETIC_TEACHING_FIXTURE
REQ_SYN_SEG_0987_f1	SYN_SEG_0987	SYN_SEG_SPK_28	SYN_SESSION_28	f1	final	vowel	u			406.119	Hz	ok		SYN_GENERATOR_11042026	SYNTHETIC_TEACHING_FIXTURE
REQ_SYN_SEG_0987_f2	SYN_SEG_0987	SYN_SEG_SPK_28	SYN_SESSION_28	f2	final	vowel	u			936.472	Hz	ok		SYN_GENERATOR_11042026	SYNTHETIC_TEACHING_FIXTURE
REQ_SYN_SEG_0987_f3	SYN_SEG_0987	SYN_SEG_SPK_28	SYN_SESSION_28	f3	final	vowel	u			2192.762	Hz	ok		SYN_GENERATOR_11042026	SYNTHETIC_TEACHING_FIXTURE
REQ_SYN_SEG_0988_vowel_duration	SYN_SEG_0988	SYN_SEG_SPK_28	SYN_SESSION_28	vowel_duration	initial	vowel	i	2804	2804.083922	83.9219999998022	ms	ok		SYN_GENERATOR_11042026	SYNTHETIC_TEACHING_FIXTURE
REQ_SYN_SEG_0988_f1	SYN_SEG_0988	SYN_SEG_SPK_28	SYN_SESSION_28	f1	initial	vowel	i			266.505	Hz	ok		SYN_GENERATOR_11042026	SYNTHETIC_TEACHING_FIXTURE
REQ_SYN_SEG_0988_f2	SYN_SEG_0988	SYN_SEG_SPK_28	SYN_SESSION_28	f2	initial	vowel	i			2362.441	Hz	ok		SYN_GENERATOR_11042026	SYNTHETIC_TEACHING_FIXTURE
REQ_SYN_SEG_0988_f3	SYN_SEG_0988	SYN_SEG_SPK_28	SYN_SESSION_28	f3	initial	vowel	i			3059.735	Hz	ok		SYN_GENERATOR_11042026	SYNTHETIC_TEACHING_FIXTURE
REQ_SYN_SEG_0989_vowel_duration	SYN_SEG_0989	SYN_SEG_SPK_28	SYN_SESSION_28	vowel_duration	medial	vowel	a	2805	2805.100225	100.225000000137	ms	ok		SYN_GENERATOR_11042026	SYNTHETIC_TEACHING_FIXTURE
REQ_SYN_SEG_0989_f1	SYN_SEG_0989	SYN_SEG_SPK_28	SYN_SESSION_28	f1	medial	vowel	a			790.909	Hz	ok		SYN_GENERATOR_11042026	SYNTHETIC_TEACHING_FIXTURE
REQ_SYN_SEG_0989_f2	SYN_SEG_0989	SYN_SEG_SPK_28	SYN_SESSION_28	f2	medial	vowel	a			1234.222	Hz	ok		SYN_GENERATOR_11042026	SYNTHETIC_TEACHING_FIXTURE
REQ_SYN_SEG_0989_f3	SYN_SEG_0989	SYN_SEG_SPK_28	SYN_SESSION_28	f3	medial	vowel	a			2521.198	Hz	ok		SYN_GENERATOR_11042026	SYNTHETIC_TEACHING_FIXTURE
REQ_SYN_SEG_0990_vowel_duration	SYN_SEG_0990	SYN_SEG_SPK_28	SYN_SESSION_28	vowel_duration	final	vowel	u	2806	2806.083605	83.6049999998068	ms	ok		SYN_GENERATOR_11042026	SYNTHETIC_TEACHING_FIXTURE
REQ_SYN_SEG_0990_f1	SYN_SEG_0990	SYN_SEG_SPK_28	SYN_SESSION_28	f1	final	vowel	u			340.655	Hz	ok		SYN_GENERATOR_11042026	SYNTHETIC_TEACHING_FIXTURE
REQ_SYN_SEG_0990_f2	SYN_SEG_0990	SYN_SEG_SPK_28	SYN_SESSION_28	f2	final	vowel	u			920.836	Hz	ok		SYN_GENERATOR_11042026	SYNTHETIC_TEACHING_FIXTURE
REQ_SYN_SEG_0990_f3	SYN_SEG_0990	SYN_SEG_SPK_28	SYN_SESSION_28	f3	final	vowel	u			2187.931	Hz	ok		SYN_GENERATOR_11042026	SYNTHETIC_TEACHING_FIXTURE
REQ_SYN_SEG_0991_vowel_duration	SYN_SEG_0991	SYN_SEG_SPK_28	SYN_SESSION_28	vowel_duration	initial	vowel	i	2807	2807.179097	179.097000000183	ms	ok		SYN_GENERATOR_11042026	SYNTHETIC_TEACHING_FIXTURE
REQ_SYN_SEG_0991_f1	SYN_SEG_0991	SYN_SEG_SPK_28	SYN_SESSION_28	f1	initial	vowel	i			276.149	Hz	ok		SYN_GENERATOR_11042026	SYNTHETIC_TEACHING_FIXTURE
REQ_SYN_SEG_0991_f2	SYN_SEG_0991	SYN_SEG_SPK_28	SYN_SESSION_28	f2	initial	vowel	i			2311.191	Hz	ok		SYN_GENERATOR_11042026	SYNTHETIC_TEACHING_FIXTURE
REQ_SYN_SEG_0991_f3	SYN_SEG_0991	SYN_SEG_SPK_28	SYN_SESSION_28	f3	initial	vowel	i			3153.328	Hz	ok		SYN_GENERATOR_11042026	SYNTHETIC_TEACHING_FIXTURE
REQ_SYN_SEG_0992_vowel_duration	SYN_SEG_0992	SYN_SEG_SPK_28	SYN_SESSION_28	vowel_duration	medial	vowel	a	2808	2808.09768	97.6799999998548	ms	ok		SYN_GENERATOR_11042026	SYNTHETIC_TEACHING_FIXTURE
REQ_SYN_SEG_0992_f1	SYN_SEG_0992	SYN_SEG_SPK_28	SYN_SESSION_28	f1	medial	vowel	a			795.577	Hz	ok		SYN_GENERATOR_11042026	SYNTHETIC_TEACHING_FIXTURE
REQ_SYN_SEG_0992_f2	SYN_SEG_0992	SYN_SEG_SPK_28	SYN_SESSION_28	f2	medial	vowel	a			1300.73	Hz	ok		SYN_GENERATOR_11042026	SYNTHETIC_TEACHING_FIXTURE
REQ_SYN_SEG_0992_f3	SYN_SEG_0992	SYN_SEG_SPK_28	SYN_SESSION_28	f3	medial	vowel	a			2593.535	Hz	ok		SYN_GENERATOR_11042026	SYNTHETIC_TEACHING_FIXTURE
REQ_SYN_SEG_0993_vowel_duration	SYN_SEG_0993	SYN_SEG_SPK_28	SYN_SESSION_28	vowel_duration	final	vowel	u	2809	2809.17136	171.359999999822	ms	ok		SYN_GENERATOR_11042026	SYNTHETIC_TEACHING_FIXTURE
REQ_SYN_SEG_0993_f1	SYN_SEG_0993	SYN_SEG_SPK_28	SYN_SESSION_28	f1	final	vowel	u			355.407	Hz	ok		SYN_GENERATOR_11042026	SYNTHETIC_TEACHING_FIXTURE
REQ_SYN_SEG_0993_f2	SYN_SEG_0993	SYN_SEG_SPK_28	SYN_SESSION_28	f2	final	vowel	u			919.009	Hz	ok		SYN_GENERATOR_11042026	SYNTHETIC_TEACHING_FIXTURE
REQ_SYN_SEG_0993_f3	SYN_SEG_0993	SYN_SEG_SPK_28	SYN_SESSION_28	f3	final	vowel	u			2296.786	Hz	ok		SYN_GENERATOR_11042026	SYNTHETIC_TEACHING_FIXTURE
REQ_SYN_SEG_0994_vowel_duration	SYN_SEG_0994	SYN_SEG_SPK_28	SYN_SESSION_28	vowel_duration	initial	vowel	i	2810	2810.183869	183.868999999959	ms	ok		SYN_GENERATOR_11042026	SYNTHETIC_TEACHING_FIXTURE
REQ_SYN_SEG_0994_f1	SYN_SEG_0994	SYN_SEG_SPK_28	SYN_SESSION_28	f1	initial	vowel	i			305.882	Hz	ok		SYN_GENERATOR_11042026	SYNTHETIC_TEACHING_FIXTURE
REQ_SYN_SEG_0994_f2	SYN_SEG_0994	SYN_SEG_SPK_28	SYN_SESSION_28	f2	initial	vowel	i			2382.149	Hz	ok		SYN_GENERATOR_11042026	SYNTHETIC_TEACHING_FIXTURE
REQ_SYN_SEG_0994_f3	SYN_SEG_0994	SYN_SEG_SPK_28	SYN_SESSION_28	f3	initial	vowel	i			3065.372	Hz	ok		SYN_GENERATOR_11042026	SYNTHETIC_TEACHING_FIXTURE
REQ_SYN_SEG_0995_vowel_duration	SYN_SEG_0995	SYN_SEG_SPK_28	SYN_SESSION_28	vowel_duration	medial	vowel	a	2811	2811.219006	219.005999999808	ms	ok		SYN_GENERATOR_11042026	SYNTHETIC_TEACHING_FIXTURE
REQ_SYN_SEG_0995_f1	SYN_SEG_0995	SYN_SEG_SPK_28	SYN_SESSION_28	f1	medial	vowel	a			747.552	Hz	ok		SYN_GENERATOR_11042026	SYNTHETIC_TEACHING_FIXTURE
REQ_SYN_SEG_0995_f2	SYN_SEG_0995	SYN_SEG_SPK_28	SYN_SESSION_28	f2	medial	vowel	a			1285.886	Hz	ok		SYN_GENERATOR_11042026	SYNTHETIC_TEACHING_FIXTURE
REQ_SYN_SEG_0995_f3	SYN_SEG_0995	SYN_SEG_SPK_28	SYN_SESSION_28	f3	medial	vowel	a			2450.166	Hz	ok		SYN_GENERATOR_11042026	SYNTHETIC_TEACHING_FIXTURE
REQ_SYN_SEG_0996_vowel_duration	SYN_SEG_0996	SYN_SEG_SPK_28	SYN_SESSION_28	vowel_duration	final	vowel	u	2812	2812.207218	207.218000000012	ms	ok		SYN_GENERATOR_11042026	SYNTHETIC_TEACHING_FIXTURE
REQ_SYN_SEG_0996_f1	SYN_SEG_0996	SYN_SEG_SPK_28	SYN_SESSION_28	f1	final	vowel	u			373.522	Hz	ok		SYN_GENERATOR_11042026	SYNTHETIC_TEACHING_FIXTURE
REQ_SYN_SEG_0996_f2	SYN_SEG_0996	SYN_SEG_SPK_28	SYN_SESSION_28	f2	final	vowel	u			970.457	Hz	ok		SYN_GENERATOR_11042026	SYNTHETIC_TEACHING_FIXTURE
REQ_SYN_SEG_0996_f3	SYN_SEG_0996	SYN_SEG_SPK_28	SYN_SESSION_28	f3	final	vowel	u			2227.705	Hz	ok		SYN_GENERATOR_11042026	SYNTHETIC_TEACHING_FIXTURE
REQ_SYN_SEG_0997_fricative_duration	SYN_SEG_0997	SYN_SEG_SPK_28	SYN_SESSION_28	fricative_duration	initial	fricative		2801	2801.12868	128.679999999804	ms	ok		SYN_GENERATOR_11042026	SYNTHETIC_TEACHING_FIXTURE
REQ_SYN_SEG_0997_fricative_cog	SYN_SEG_0997	SYN_SEG_SPK_28	SYN_SESSION_28	fricative_cog	initial	fricative				6291.338	Hz	ok		SYN_GENERATOR_11042026	SYNTHETIC_TEACHING_FIXTURE
REQ_SYN_SEG_0998_fricative_duration	SYN_SEG_0998	SYN_SEG_SPK_28	SYN_SESSION_28	fricative_duration	medial	fricative		2802	2802.132895	132.89500000019	ms	ok		SYN_GENERATOR_11042026	SYNTHETIC_TEACHING_FIXTURE
REQ_SYN_SEG_0998_fricative_cog	SYN_SEG_0998	SYN_SEG_SPK_28	SYN_SESSION_28	fricative_cog	medial	fricative				5368.927	Hz	ok		SYN_GENERATOR_11042026	SYNTHETIC_TEACHING_FIXTURE
REQ_SYN_SEG_0999_fricative_duration	SYN_SEG_0999	SYN_SEG_SPK_28	SYN_SESSION_28	fricative_duration	final	fricative		2803	2803.17429	174.289999999928	ms	ok		SYN_GENERATOR_11042026	SYNTHETIC_TEACHING_FIXTURE
REQ_SYN_SEG_0999_fricative_cog	SYN_SEG_0999	SYN_SEG_SPK_28	SYN_SESSION_28	fricative_cog	final	fricative				5016.993	Hz	ok		SYN_GENERATOR_11042026	SYNTHETIC_TEACHING_FIXTURE
REQ_SYN_SEG_1000_fricative_duration	SYN_SEG_1000	SYN_SEG_SPK_28	SYN_SESSION_28	fricative_duration	initial	fricative		2804	2804.113676	113.675999999941	ms	ok		SYN_GENERATOR_11042026	SYNTHETIC_TEACHING_FIXTURE
REQ_SYN_SEG_1000_fricative_cog	SYN_SEG_1000	SYN_SEG_SPK_28	SYN_SESSION_28	fricative_cog	initial	fricative				6443.155	Hz	ok		SYN_GENERATOR_11042026	SYNTHETIC_TEACHING_FIXTURE
REQ_SYN_SEG_1001_fricative_duration	SYN_SEG_1001	SYN_SEG_SPK_28	SYN_SESSION_28	fricative_duration	medial	fricative		2805	2805.151014	151.014000000032	ms	ok		SYN_GENERATOR_11042026	SYNTHETIC_TEACHING_FIXTURE
REQ_SYN_SEG_1001_fricative_cog	SYN_SEG_1001	SYN_SEG_SPK_28	SYN_SESSION_28	fricative_cog	medial	fricative				5728.726	Hz	ok		SYN_GENERATOR_11042026	SYNTHETIC_TEACHING_FIXTURE
REQ_SYN_SEG_1002_fricative_duration	SYN_SEG_1002	SYN_SEG_SPK_28	SYN_SESSION_28	fricative_duration	final	fricative		2806	2806.121205	121.204999999918	ms	ok		SYN_GENERATOR_11042026	SYNTHETIC_TEACHING_FIXTURE
REQ_SYN_SEG_1002_fricative_cog	SYN_SEG_1002	SYN_SEG_SPK_28	SYN_SESSION_28	fricative_cog	final	fricative				5145.065	Hz	ok		SYN_GENERATOR_11042026	SYNTHETIC_TEACHING_FIXTURE
REQ_SYN_SEG_1003_fricative_duration	SYN_SEG_1003	SYN_SEG_SPK_28	SYN_SESSION_28	fricative_duration	initial	fricative		2807	2807.159261	159.260999999788	ms	ok		SYN_GENERATOR_11042026	SYNTHETIC_TEACHING_FIXTURE
REQ_SYN_SEG_1003_fricative_cog	SYN_SEG_1003	SYN_SEG_SPK_28	SYN_SESSION_28	fricative_cog	initial	fricative				6196.575	Hz	ok		SYN_GENERATOR_11042026	SYNTHETIC_TEACHING_FIXTURE
REQ_SYN_SEG_1004_fricative_duration	SYN_SEG_1004	SYN_SEG_SPK_28	SYN_SESSION_28	fricative_duration	medial	fricative		2808	2808.134845	134.845000000041	ms	ok		SYN_GENERATOR_11042026	SYNTHETIC_TEACHING_FIXTURE
REQ_SYN_SEG_1004_fricative_cog	SYN_SEG_1004	SYN_SEG_SPK_28	SYN_SESSION_28	fricative_cog	medial	fricative				5233.082	Hz	ok		SYN_GENERATOR_11042026	SYNTHETIC_TEACHING_FIXTURE
REQ_SYN_SEG_1005_fricative_duration	SYN_SEG_1005	SYN_SEG_SPK_28	SYN_SESSION_28	fricative_duration	final	fricative		2809	2809.110162	110.161999999946	ms	ok		SYN_GENERATOR_11042026	SYNTHETIC_TEACHING_FIXTURE
REQ_SYN_SEG_1005_fricative_cog	SYN_SEG_1005	SYN_SEG_SPK_28	SYN_SESSION_28	fricative_cog	final	fricative				5113.843	Hz	ok		SYN_GENERATOR_11042026	SYNTHETIC_TEACHING_FIXTURE
REQ_SYN_SEG_1006_fricative_duration	SYN_SEG_1006	SYN_SEG_SPK_28	SYN_SESSION_28	fricative_duration	initial	fricative		2810	2810.178737	178.737000000183	ms	ok		SYN_GENERATOR_11042026	SYNTHETIC_TEACHING_FIXTURE
REQ_SYN_SEG_1006_fricative_cog	SYN_SEG_1006	SYN_SEG_SPK_28	SYN_SESSION_28	fricative_cog	initial	fricative				6160.716	Hz	ok		SYN_GENERATOR_11042026	SYNTHETIC_TEACHING_FIXTURE
REQ_SYN_SEG_1007_fricative_duration	SYN_SEG_1007	SYN_SEG_SPK_28	SYN_SESSION_28	fricative_duration	medial	fricative		2811	2811.168541	168.541000000005	ms	ok		SYN_GENERATOR_11042026	SYNTHETIC_TEACHING_FIXTURE
REQ_SYN_SEG_1007_fricative_cog	SYN_SEG_1007	SYN_SEG_SPK_28	SYN_SESSION_28	fricative_cog	medial	fricative				5015.062	Hz	ok		SYN_GENERATOR_11042026	SYNTHETIC_TEACHING_FIXTURE
REQ_SYN_SEG_1008_fricative_duration	SYN_SEG_1008	SYN_SEG_SPK_28	SYN_SESSION_28	fricative_duration	final	fricative		2812	2812.070233	70.2329999999165	ms	ok		SYN_GENERATOR_11042026	SYNTHETIC_TEACHING_FIXTURE
REQ_SYN_SEG_1008_fricative_cog	SYN_SEG_1008	SYN_SEG_SPK_28	SYN_SESSION_28	fricative_cog	final	fricative				4828.995	Hz	ok		SYN_GENERATOR_11042026	SYNTHETIC_TEACHING_FIXTURE
REQ_SYN_SEG_1009_vot	SYN_SEG_1009	SYN_SEG_SPK_29	SYN_SESSION_29	vot	initial	stop		2901.083803	2901.123536	39.7330000000693	ms	ok		SYN_GENERATOR_11042026	SYNTHETIC_TEACHING_FIXTURE
REQ_SYN_SEG_1009_closure_duration	SYN_SEG_1009	SYN_SEG_SPK_29	SYN_SESSION_29	closure_duration	initial	stop		2901	2901.083803	83.802999999989	ms	ok		SYN_GENERATOR_11042026	SYNTHETIC_TEACHING_FIXTURE
REQ_SYN_SEG_1009_vowel_onset_f0	SYN_SEG_1009	SYN_SEG_SPK_29	SYN_SESSION_29	vowel_onset_f0	initial	stop				133.546	Hz	ok		SYN_GENERATOR_11042026	SYNTHETIC_TEACHING_FIXTURE
REQ_SYN_SEG_1010_vot	SYN_SEG_1010	SYN_SEG_SPK_29	SYN_SESSION_29	vot	medial	stop		2902.087587	2902.114443	26.8559999999525	ms	ok		SYN_GENERATOR_11042026	SYNTHETIC_TEACHING_FIXTURE
REQ_SYN_SEG_1010_closure_duration	SYN_SEG_1010	SYN_SEG_SPK_29	SYN_SESSION_29	closure_duration	medial	stop		2902	2902.087587	87.586999999985	ms	ok		SYN_GENERATOR_11042026	SYNTHETIC_TEACHING_FIXTURE
REQ_SYN_SEG_1010_vowel_onset_f0	SYN_SEG_1010	SYN_SEG_SPK_29	SYN_SESSION_29	vowel_onset_f0	medial	stop				109.413	Hz	ok		SYN_GENERATOR_11042026	SYNTHETIC_TEACHING_FIXTURE
REQ_SYN_SEG_1011_vot	SYN_SEG_1011	SYN_SEG_SPK_29	SYN_SESSION_29	vot	final	stop		2903.064052	2903.101683	37.630999999692	ms	ok		SYN_GENERATOR_11042026	SYNTHETIC_TEACHING_FIXTURE
REQ_SYN_SEG_1011_closure_duration	SYN_SEG_1011	SYN_SEG_SPK_29	SYN_SESSION_29	closure_duration	final	stop		2903	2903.064052	64.0520000001743	ms	ok		SYN_GENERATOR_11042026	SYNTHETIC_TEACHING_FIXTURE
REQ_SYN_SEG_1011_vowel_onset_f0	SYN_SEG_1011	SYN_SEG_SPK_29	SYN_SESSION_29	vowel_onset_f0	final	stop				130.52	Hz	ok		SYN_GENERATOR_11042026	SYNTHETIC_TEACHING_FIXTURE
REQ_SYN_SEG_1012_vot	SYN_SEG_1012	SYN_SEG_SPK_29	SYN_SESSION_29	vot	initial	stop		2904.10506	2904.157119	52.0590000000993	ms	ok		SYN_GENERATOR_11042026	SYNTHETIC_TEACHING_FIXTURE
REQ_SYN_SEG_1012_closure_duration	SYN_SEG_1012	SYN_SEG_SPK_29	SYN_SESSION_29	closure_duration	initial	stop		2904	2904.10506	105.059999999867	ms	ok		SYN_GENERATOR_11042026	SYNTHETIC_TEACHING_FIXTURE
REQ_SYN_SEG_1012_vowel_onset_f0	SYN_SEG_1012	SYN_SEG_SPK_29	SYN_SESSION_29	vowel_onset_f0	initial	stop				132.269	Hz	ok		SYN_GENERATOR_11042026	SYNTHETIC_TEACHING_FIXTURE
REQ_SYN_SEG_1013_vot	SYN_SEG_1013	SYN_SEG_SPK_29	SYN_SESSION_29	vot	medial	stop		2905.106095	2905.110466	4.37099999999191	ms	ok		SYN_GENERATOR_11042026	SYNTHETIC_TEACHING_FIXTURE
REQ_SYN_SEG_1013_closure_duration	SYN_SEG_1013	SYN_SEG_SPK_29	SYN_SESSION_29	closure_duration	medial	stop		2905	2905.106095	106.095000000096	ms	ok		SYN_GENERATOR_11042026	SYNTHETIC_TEACHING_FIXTURE
REQ_SYN_SEG_1013_vowel_onset_f0	SYN_SEG_1013	SYN_SEG_SPK_29	SYN_SESSION_29	vowel_onset_f0	medial	stop				112.999	Hz	ok		SYN_GENERATOR_11042026	SYNTHETIC_TEACHING_FIXTURE
REQ_SYN_SEG_1014_vot	SYN_SEG_1014	SYN_SEG_SPK_29	SYN_SESSION_29	vot	final	stop		2906.091133	2906.14544	54.3069999998806	ms	ok		SYN_GENERATOR_11042026	SYNTHETIC_TEACHING_FIXTURE
REQ_SYN_SEG_1014_closure_duration	SYN_SEG_1014	SYN_SEG_SPK_29	SYN_SESSION_29	closure_duration	final	stop		2906	2906.091133	91.1329999998998	ms	ok		SYN_GENERATOR_11042026	SYNTHETIC_TEACHING_FIXTURE
REQ_SYN_SEG_1014_vowel_onset_f0	SYN_SEG_1014	SYN_SEG_SPK_29	SYN_SESSION_29	vowel_onset_f0	final	stop				130.898	Hz	ok		SYN_GENERATOR_11042026	SYNTHETIC_TEACHING_FIXTURE
REQ_SYN_SEG_1015_vot	SYN_SEG_1015	SYN_SEG_SPK_29	SYN_SESSION_29	vot	initial	stop		2907.061235	2907.051051	-10.1840000002085	ms	ok		SYN_GENERATOR_11042026	SYNTHETIC_TEACHING_FIXTURE
REQ_SYN_SEG_1015_closure_duration	SYN_SEG_1015	SYN_SEG_SPK_29	SYN_SESSION_29	closure_duration	initial	stop		2907	2907.061235	61.2350000001243	ms	ok		SYN_GENERATOR_11042026	SYNTHETIC_TEACHING_FIXTURE
REQ_SYN_SEG_1015_vowel_onset_f0	SYN_SEG_1015	SYN_SEG_SPK_29	SYN_SESSION_29	vowel_onset_f0	initial	stop				113.868	Hz	ok		SYN_GENERATOR_11042026	SYNTHETIC_TEACHING_FIXTURE
REQ_SYN_SEG_1016_vot	SYN_SEG_1016	SYN_SEG_SPK_29	SYN_SESSION_29	vot	medial	stop		2908.105328	2908.08808	-17.2480000001087	ms	ok		SYN_GENERATOR_11042026	SYNTHETIC_TEACHING_FIXTURE
REQ_SYN_SEG_1016_closure_duration	SYN_SEG_1016	SYN_SEG_SPK_29	SYN_SESSION_29	closure_duration	medial	stop		2908	2908.105328	105.3280000001	ms	ok		SYN_GENERATOR_11042026	SYNTHETIC_TEACHING_FIXTURE
REQ_SYN_SEG_1016_vowel_onset_f0	SYN_SEG_1016	SYN_SEG_SPK_29	SYN_SESSION_29	vowel_onset_f0	medial	stop				103.694	Hz	ok		SYN_GENERATOR_11042026	SYNTHETIC_TEACHING_FIXTURE
REQ_SYN_SEG_1017_vot	SYN_SEG_1017	SYN_SEG_SPK_29	SYN_SESSION_29	vot	final	stop		2909.090243	2909.099481	9.23800000009578	ms	ok		SYN_GENERATOR_11042026	SYNTHETIC_TEACHING_FIXTURE
REQ_SYN_SEG_1017_closure_duration	SYN_SEG_1017	SYN_SEG_SPK_29	SYN_SESSION_29	closure_duration	final	stop		2909	2909.090243	90.2430000001004	ms	ok		SYN_GENERATOR_11042026	SYNTHETIC_TEACHING_FIXTURE
REQ_SYN_SEG_1017_vowel_onset_f0	SYN_SEG_1017	SYN_SEG_SPK_29	SYN_SESSION_29	vowel_onset_f0	final	stop				114.091	Hz	ok		SYN_GENERATOR_11042026	SYNTHETIC_TEACHING_FIXTURE
REQ_SYN_SEG_1018_vot	SYN_SEG_1018	SYN_SEG_SPK_29	SYN_SESSION_29	vot	initial	stop		2910.063468	2910.056481	-6.98699999975361	ms	ok		SYN_GENERATOR_11042026	SYNTHETIC_TEACHING_FIXTURE
REQ_SYN_SEG_1018_closure_duration	SYN_SEG_1018	SYN_SEG_SPK_29	SYN_SESSION_29	closure_duration	initial	stop		2910	2910.063468	63.4679999998298	ms	ok		SYN_GENERATOR_11042026	SYNTHETIC_TEACHING_FIXTURE
REQ_SYN_SEG_1018_vowel_onset_f0	SYN_SEG_1018	SYN_SEG_SPK_29	SYN_SESSION_29	vowel_onset_f0	initial	stop				108.285	Hz	ok		SYN_GENERATOR_11042026	SYNTHETIC_TEACHING_FIXTURE
REQ_SYN_SEG_1019_vot	SYN_SEG_1019	SYN_SEG_SPK_29	SYN_SESSION_29	vot	medial	stop		2911.071793	2911.133116	61.3229999999021	ms	ok		SYN_GENERATOR_11042026	SYNTHETIC_TEACHING_FIXTURE
REQ_SYN_SEG_1019_closure_duration	SYN_SEG_1019	SYN_SEG_SPK_29	SYN_SESSION_29	closure_duration	medial	stop		2911	2911.071793	71.7930000000706	ms	ok		SYN_GENERATOR_11042026	SYNTHETIC_TEACHING_FIXTURE
REQ_SYN_SEG_1019_vowel_onset_f0	SYN_SEG_1019	SYN_SEG_SPK_29	SYN_SESSION_29	vowel_onset_f0	medial	stop				131.293	Hz	ok		SYN_GENERATOR_11042026	SYNTHETIC_TEACHING_FIXTURE
REQ_SYN_SEG_1020_vot	SYN_SEG_1020	SYN_SEG_SPK_29	SYN_SESSION_29	vot	final	stop		2912.056709	2912.11843	61.7210000000341	ms	ok		SYN_GENERATOR_11042026	SYNTHETIC_TEACHING_FIXTURE
REQ_SYN_SEG_1020_closure_duration	SYN_SEG_1020	SYN_SEG_SPK_29	SYN_SESSION_29	closure_duration	final	stop		2912	2912.056709	56.7089999999553	ms	ok		SYN_GENERATOR_11042026	SYNTHETIC_TEACHING_FIXTURE
REQ_SYN_SEG_1020_vowel_onset_f0	SYN_SEG_1020	SYN_SEG_SPK_29	SYN_SESSION_29	vowel_onset_f0	final	stop				140.287	Hz	ok		SYN_GENERATOR_11042026	SYNTHETIC_TEACHING_FIXTURE
REQ_SYN_SEG_1021_vowel_duration	SYN_SEG_1021	SYN_SEG_SPK_29	SYN_SESSION_29	vowel_duration	initial	vowel	i	2901	2901.140281	140.280999999959	ms	ok		SYN_GENERATOR_11042026	SYNTHETIC_TEACHING_FIXTURE
REQ_SYN_SEG_1021_f1	SYN_SEG_1021	SYN_SEG_SPK_29	SYN_SESSION_29	f1	initial	vowel	i			331.8	Hz	ok		SYN_GENERATOR_11042026	SYNTHETIC_TEACHING_FIXTURE
REQ_SYN_SEG_1021_f2	SYN_SEG_1021	SYN_SEG_SPK_29	SYN_SESSION_29	f2	initial	vowel	i			2597.5	Hz	ok		SYN_GENERATOR_11042026	SYNTHETIC_TEACHING_FIXTURE
REQ_SYN_SEG_1021_f3	SYN_SEG_1021	SYN_SEG_SPK_29	SYN_SESSION_29	f3	initial	vowel	i			3480.857	Hz	ok		SYN_GENERATOR_11042026	SYNTHETIC_TEACHING_FIXTURE
REQ_SYN_SEG_1022_vowel_duration	SYN_SEG_1022	SYN_SEG_SPK_29	SYN_SESSION_29	vowel_duration	medial	vowel	a	2902	2902.195758	195.757999999842	ms	ok		SYN_GENERATOR_11042026	SYNTHETIC_TEACHING_FIXTURE
REQ_SYN_SEG_1022_f1	SYN_SEG_1022	SYN_SEG_SPK_29	SYN_SESSION_29	f1	medial	vowel	a			865.87	Hz	ok		SYN_GENERATOR_11042026	SYNTHETIC_TEACHING_FIXTURE
REQ_SYN_SEG_1022_f2	SYN_SEG_1022	SYN_SEG_SPK_29	SYN_SESSION_29	f2	medial	vowel	a			1416.183	Hz	ok		SYN_GENERATOR_11042026	SYNTHETIC_TEACHING_FIXTURE
REQ_SYN_SEG_1022_f3	SYN_SEG_1022	SYN_SEG_SPK_29	SYN_SESSION_29	f3	medial	vowel	a			2841.503	Hz	ok		SYN_GENERATOR_11042026	SYNTHETIC_TEACHING_FIXTURE
REQ_SYN_SEG_1023_vowel_duration	SYN_SEG_1023	SYN_SEG_SPK_29	SYN_SESSION_29	vowel_duration	final	vowel	u	2903	2903.111034	111.034000000018	ms	ok		SYN_GENERATOR_11042026	SYNTHETIC_TEACHING_FIXTURE
REQ_SYN_SEG_1023_f1	SYN_SEG_1023	SYN_SEG_SPK_29	SYN_SESSION_29	f1	final	vowel	u			403.143	Hz	ok		SYN_GENERATOR_11042026	SYNTHETIC_TEACHING_FIXTURE
REQ_SYN_SEG_1023_f2	SYN_SEG_1023	SYN_SEG_SPK_29	SYN_SESSION_29	f2	final	vowel	u			1079.674	Hz	ok		SYN_GENERATOR_11042026	SYNTHETIC_TEACHING_FIXTURE
REQ_SYN_SEG_1023_f3	SYN_SEG_1023	SYN_SEG_SPK_29	SYN_SESSION_29	f3	final	vowel	u			2565.449	Hz	ok		SYN_GENERATOR_11042026	SYNTHETIC_TEACHING_FIXTURE
REQ_SYN_SEG_1024_vowel_duration	SYN_SEG_1024	SYN_SEG_SPK_29	SYN_SESSION_29	vowel_duration	initial	vowel	i	2904	2904.138785	138.785000000098	ms	ok		SYN_GENERATOR_11042026	SYNTHETIC_TEACHING_FIXTURE
REQ_SYN_SEG_1024_f1	SYN_SEG_1024	SYN_SEG_SPK_29	SYN_SESSION_29	f1	initial	vowel	i			338.586	Hz	ok		SYN_GENERATOR_11042026	SYNTHETIC_TEACHING_FIXTURE
REQ_SYN_SEG_1024_f2	SYN_SEG_1024	SYN_SEG_SPK_29	SYN_SESSION_29	f2	initial	vowel	i			2684.478	Hz	ok		SYN_GENERATOR_11042026	SYNTHETIC_TEACHING_FIXTURE
REQ_SYN_SEG_1024_f3	SYN_SEG_1024	SYN_SEG_SPK_29	SYN_SESSION_29	f3	initial	vowel	i			3458.27	Hz	ok		SYN_GENERATOR_11042026	SYNTHETIC_TEACHING_FIXTURE
REQ_SYN_SEG_1025_vowel_duration	SYN_SEG_1025	SYN_SEG_SPK_29	SYN_SESSION_29	vowel_duration	medial	vowel	a	2905	2905.180772	180.772000000161	ms	ok		SYN_GENERATOR_11042026	SYNTHETIC_TEACHING_FIXTURE
REQ_SYN_SEG_1025_f1	SYN_SEG_1025	SYN_SEG_SPK_29	SYN_SESSION_29	f1	medial	vowel	a			870.183	Hz	ok		SYN_GENERATOR_11042026	SYNTHETIC_TEACHING_FIXTURE
REQ_SYN_SEG_1025_f2	SYN_SEG_1025	SYN_SEG_SPK_29	SYN_SESSION_29	f2	medial	vowel	a			1365.172	Hz	ok		SYN_GENERATOR_11042026	SYNTHETIC_TEACHING_FIXTURE
REQ_SYN_SEG_1025_f3	SYN_SEG_1025	SYN_SEG_SPK_29	SYN_SESSION_29	f3	medial	vowel	a			2857.074	Hz	ok		SYN_GENERATOR_11042026	SYNTHETIC_TEACHING_FIXTURE
REQ_SYN_SEG_1026_vowel_duration	SYN_SEG_1026	SYN_SEG_SPK_29	SYN_SESSION_29	vowel_duration	final	vowel	u	2906	2906.092754	92.7539999997862	ms	ok		SYN_GENERATOR_11042026	SYNTHETIC_TEACHING_FIXTURE
REQ_SYN_SEG_1026_f1	SYN_SEG_1026	SYN_SEG_SPK_29	SYN_SESSION_29	f1	final	vowel	u			401.33	Hz	ok		SYN_GENERATOR_11042026	SYNTHETIC_TEACHING_FIXTURE
REQ_SYN_SEG_1026_f2	SYN_SEG_1026	SYN_SEG_SPK_29	SYN_SESSION_29	f2	final	vowel	u			1127.605	Hz	ok		SYN_GENERATOR_11042026	SYNTHETIC_TEACHING_FIXTURE
REQ_SYN_SEG_1026_f3	SYN_SEG_1026	SYN_SEG_SPK_29	SYN_SESSION_29	f3	final	vowel	u			2448.368	Hz	ok		SYN_GENERATOR_11042026	SYNTHETIC_TEACHING_FIXTURE
REQ_SYN_SEG_1027_vowel_duration	SYN_SEG_1027	SYN_SEG_SPK_29	SYN_SESSION_29	vowel_duration	initial	vowel	i	2907	2907.105267	105.266999999913	ms	ok		SYN_GENERATOR_11042026	SYNTHETIC_TEACHING_FIXTURE
REQ_SYN_SEG_1027_f1	SYN_SEG_1027	SYN_SEG_SPK_29	SYN_SESSION_29	f1	initial	vowel	i			369.017	Hz	ok		SYN_GENERATOR_11042026	SYNTHETIC_TEACHING_FIXTURE
REQ_SYN_SEG_1027_f2	SYN_SEG_1027	SYN_SEG_SPK_29	SYN_SESSION_29	f2	initial	vowel	i			2602.34	Hz	ok		SYN_GENERATOR_11042026	SYNTHETIC_TEACHING_FIXTURE
REQ_SYN_SEG_1027_f3	SYN_SEG_1027	SYN_SEG_SPK_29	SYN_SESSION_29	f3	initial	vowel	i			3387.363	Hz	ok		SYN_GENERATOR_11042026	SYNTHETIC_TEACHING_FIXTURE
REQ_SYN_SEG_1028_vowel_duration	SYN_SEG_1028	SYN_SEG_SPK_29	SYN_SESSION_29	vowel_duration	medial	vowel	a	2908	2908.184403	184.403000000202	ms	ok		SYN_GENERATOR_11042026	SYNTHETIC_TEACHING_FIXTURE
REQ_SYN_SEG_1028_f1	SYN_SEG_1028	SYN_SEG_SPK_29	SYN_SESSION_29	f1	medial	vowel	a			886.507	Hz	ok		SYN_GENERATOR_11042026	SYNTHETIC_TEACHING_FIXTURE
REQ_SYN_SEG_1028_f2	SYN_SEG_1028	SYN_SEG_SPK_29	SYN_SESSION_29	f2	medial	vowel	a			1382.442	Hz	ok		SYN_GENERATOR_11042026	SYNTHETIC_TEACHING_FIXTURE
REQ_SYN_SEG_1028_f3	SYN_SEG_1028	SYN_SEG_SPK_29	SYN_SESSION_29	f3	medial	vowel	a			2855.325	Hz	ok		SYN_GENERATOR_11042026	SYNTHETIC_TEACHING_FIXTURE
REQ_SYN_SEG_1029_vowel_duration	SYN_SEG_1029	SYN_SEG_SPK_29	SYN_SESSION_29	vowel_duration	final	vowel	u	2909	2909.159653	159.653000000162	ms	ok		SYN_GENERATOR_11042026	SYNTHETIC_TEACHING_FIXTURE
REQ_SYN_SEG_1029_f1	SYN_SEG_1029	SYN_SEG_SPK_29	SYN_SESSION_29	f1	final	vowel	u			386.668	Hz	ok		SYN_GENERATOR_11042026	SYNTHETIC_TEACHING_FIXTURE
REQ_SYN_SEG_1029_f2	SYN_SEG_1029	SYN_SEG_SPK_29	SYN_SESSION_29	f2	final	vowel	u			1073.307	Hz	ok		SYN_GENERATOR_11042026	SYNTHETIC_TEACHING_FIXTURE
REQ_SYN_SEG_1029_f3	SYN_SEG_1029	SYN_SEG_SPK_29	SYN_SESSION_29	f3	final	vowel	u			2586.558	Hz	ok		SYN_GENERATOR_11042026	SYNTHETIC_TEACHING_FIXTURE
REQ_SYN_SEG_1030_vowel_duration	SYN_SEG_1030	SYN_SEG_SPK_29	SYN_SESSION_29	vowel_duration	initial	vowel	i	2910	2910.207088	207.088000000113	ms	ok		SYN_GENERATOR_11042026	SYNTHETIC_TEACHING_FIXTURE
REQ_SYN_SEG_1030_f1	SYN_SEG_1030	SYN_SEG_SPK_29	SYN_SESSION_29	f1	initial	vowel	i			377.438	Hz	ok		SYN_GENERATOR_11042026	SYNTHETIC_TEACHING_FIXTURE
REQ_SYN_SEG_1030_f2	SYN_SEG_1030	SYN_SEG_SPK_29	SYN_SESSION_29	f2	initial	vowel	i			2690.108	Hz	ok		SYN_GENERATOR_11042026	SYNTHETIC_TEACHING_FIXTURE
REQ_SYN_SEG_1030_f3	SYN_SEG_1030	SYN_SEG_SPK_29	SYN_SESSION_29	f3	initial	vowel	i			3463.497	Hz	ok		SYN_GENERATOR_11042026	SYNTHETIC_TEACHING_FIXTURE
REQ_SYN_SEG_1031_vowel_duration	SYN_SEG_1031	SYN_SEG_SPK_29	SYN_SESSION_29	vowel_duration	medial	vowel	a	2911	2911.157652	157.651999999871	ms	ok		SYN_GENERATOR_11042026	SYNTHETIC_TEACHING_FIXTURE
REQ_SYN_SEG_1031_f1	SYN_SEG_1031	SYN_SEG_SPK_29	SYN_SESSION_29	f1	medial	vowel	a			880.867	Hz	ok		SYN_GENERATOR_11042026	SYNTHETIC_TEACHING_FIXTURE
REQ_SYN_SEG_1031_f2	SYN_SEG_1031	SYN_SEG_SPK_29	SYN_SESSION_29	f2	medial	vowel	a			1375.983	Hz	ok		SYN_GENERATOR_11042026	SYNTHETIC_TEACHING_FIXTURE
REQ_SYN_SEG_1031_f3	SYN_SEG_1031	SYN_SEG_SPK_29	SYN_SESSION_29	f3	medial	vowel	a			2897.072	Hz	ok		SYN_GENERATOR_11042026	SYNTHETIC_TEACHING_FIXTURE
REQ_SYN_SEG_1032_vowel_duration	SYN_SEG_1032	SYN_SEG_SPK_29	SYN_SESSION_29	vowel_duration	final	vowel	u	2912	2912.175654	175.654000000122	ms	ok		SYN_GENERATOR_11042026	SYNTHETIC_TEACHING_FIXTURE
REQ_SYN_SEG_1032_f1	SYN_SEG_1032	SYN_SEG_SPK_29	SYN_SESSION_29	f1	final	vowel	u			417.487	Hz	ok		SYN_GENERATOR_11042026	SYNTHETIC_TEACHING_FIXTURE
REQ_SYN_SEG_1032_f2	SYN_SEG_1032	SYN_SEG_SPK_29	SYN_SESSION_29	f2	final	vowel	u			1008.962	Hz	ok		SYN_GENERATOR_11042026	SYNTHETIC_TEACHING_FIXTURE
REQ_SYN_SEG_1032_f3	SYN_SEG_1032	SYN_SEG_SPK_29	SYN_SESSION_29	f3	final	vowel	u			2544.467	Hz	ok		SYN_GENERATOR_11042026	SYNTHETIC_TEACHING_FIXTURE
REQ_SYN_SEG_1033_fricative_duration	SYN_SEG_1033	SYN_SEG_SPK_29	SYN_SESSION_29	fricative_duration	initial	fricative		2901	2901.123681	123.681000000033	ms	ok		SYN_GENERATOR_11042026	SYNTHETIC_TEACHING_FIXTURE
REQ_SYN_SEG_1033_fricative_cog	SYN_SEG_1033	SYN_SEG_SPK_29	SYN_SESSION_29	fricative_cog	initial	fricative				7125.556	Hz	ok		SYN_GENERATOR_11042026	SYNTHETIC_TEACHING_FIXTURE
REQ_SYN_SEG_1034_fricative_duration	SYN_SEG_1034	SYN_SEG_SPK_29	SYN_SESSION_29	fricative_duration	medial	fricative		2902	2902.08528	85.2799999997842	ms	ok		SYN_GENERATOR_11042026	SYNTHETIC_TEACHING_FIXTURE
REQ_SYN_SEG_1034_fricative_cog	SYN_SEG_1034	SYN_SEG_SPK_29	SYN_SESSION_29	fricative_cog	medial	fricative				5514.837	Hz	ok		SYN_GENERATOR_11042026	SYNTHETIC_TEACHING_FIXTURE
REQ_SYN_SEG_1035_fricative_duration	SYN_SEG_1035	SYN_SEG_SPK_29	SYN_SESSION_29	fricative_duration	final	fricative		2903	2903.104012	104.011999999784	ms	ok		SYN_GENERATOR_11042026	SYNTHETIC_TEACHING_FIXTURE
REQ_SYN_SEG_1035_fricative_cog	SYN_SEG_1035	SYN_SEG_SPK_29	SYN_SESSION_29	fricative_cog	final	fricative				5558.824	Hz	ok		SYN_GENERATOR_11042026	SYNTHETIC_TEACHING_FIXTURE
REQ_SYN_SEG_1036_fricative_duration	SYN_SEG_1036	SYN_SEG_SPK_29	SYN_SESSION_29	fricative_duration	initial	fricative		2904	2904.174587	174.586999999974	ms	ok		SYN_GENERATOR_11042026	SYNTHETIC_TEACHING_FIXTURE
REQ_SYN_SEG_1036_fricative_cog	SYN_SEG_1036	SYN_SEG_SPK_29	SYN_SESSION_29	fricative_cog	initial	fricative				7502.429	Hz	ok		SYN_GENERATOR_11042026	SYNTHETIC_TEACHING_FIXTURE
REQ_SYN_SEG_1037_fricative_duration	SYN_SEG_1037	SYN_SEG_SPK_29	SYN_SESSION_29	fricative_duration	medial	fricative		2905	2905.130984	130.983999999899	ms	ok		SYN_GENERATOR_11042026	SYNTHETIC_TEACHING_FIXTURE
REQ_SYN_SEG_1037_fricative_cog	SYN_SEG_1037	SYN_SEG_SPK_29	SYN_SESSION_29	fricative_cog	medial	fricative				5766.187	Hz	ok		SYN_GENERATOR_11042026	SYNTHETIC_TEACHING_FIXTURE
REQ_SYN_SEG_1038_fricative_duration	SYN_SEG_1038	SYN_SEG_SPK_29	SYN_SESSION_29	fricative_duration	final	fricative		2906	2906.149423	149.422999999842	ms	ok		SYN_GENERATOR_11042026	SYNTHETIC_TEACHING_FIXTURE
REQ_SYN_SEG_1038_fricative_cog	SYN_SEG_1038	SYN_SEG_SPK_29	SYN_SESSION_29	fricative_cog	final	fricative				5668.785	Hz	ok		SYN_GENERATOR_11042026	SYNTHETIC_TEACHING_FIXTURE
REQ_SYN_SEG_1039_fricative_duration	SYN_SEG_1039	SYN_SEG_SPK_29	SYN_SESSION_29	fricative_duration	initial	fricative		2907	2907.174362	174.362000000201	ms	ok		SYN_GENERATOR_11042026	SYNTHETIC_TEACHING_FIXTURE
REQ_SYN_SEG_1039_fricative_cog	SYN_SEG_1039	SYN_SEG_SPK_29	SYN_SESSION_29	fricative_cog	initial	fricative				6787.575	Hz	ok		SYN_GENERATOR_11042026	SYNTHETIC_TEACHING_FIXTURE
REQ_SYN_SEG_1040_fricative_duration	SYN_SEG_1040	SYN_SEG_SPK_29	SYN_SESSION_29	fricative_duration	medial	fricative		2908	2908.154922	154.92200000017	ms	ok		SYN_GENERATOR_11042026	SYNTHETIC_TEACHING_FIXTURE
REQ_SYN_SEG_1040_fricative_cog	SYN_SEG_1040	SYN_SEG_SPK_29	SYN_SESSION_29	fricative_cog	medial	fricative				5479.324	Hz	ok		SYN_GENERATOR_11042026	SYNTHETIC_TEACHING_FIXTURE
REQ_SYN_SEG_1041_fricative_duration	SYN_SEG_1041	SYN_SEG_SPK_29	SYN_SESSION_29	fricative_duration	final	fricative		2909	2909.126027	126.026999999794	ms	ok		SYN_GENERATOR_11042026	SYNTHETIC_TEACHING_FIXTURE
REQ_SYN_SEG_1041_fricative_cog	SYN_SEG_1041	SYN_SEG_SPK_29	SYN_SESSION_29	fricative_cog	final	fricative				5432.528	Hz	ok		SYN_GENERATOR_11042026	SYNTHETIC_TEACHING_FIXTURE
REQ_SYN_SEG_1042_fricative_duration	SYN_SEG_1042	SYN_SEG_SPK_29	SYN_SESSION_29	fricative_duration	initial	fricative		2910	2910.112889	112.888999999996	ms	ok		SYN_GENERATOR_11042026	SYNTHETIC_TEACHING_FIXTURE
REQ_SYN_SEG_1042_fricative_cog	SYN_SEG_1042	SYN_SEG_SPK_29	SYN_SESSION_29	fricative_cog	initial	fricative				6883.886	Hz	ok		SYN_GENERATOR_11042026	SYNTHETIC_TEACHING_FIXTURE
REQ_SYN_SEG_1043_fricative_duration	SYN_SEG_1043	SYN_SEG_SPK_29	SYN_SESSION_29	fricative_duration	medial	fricative		2911	2911.070979	70.9790000000794	ms	ok		SYN_GENERATOR_11042026	SYNTHETIC_TEACHING_FIXTURE
REQ_SYN_SEG_1043_fricative_cog	SYN_SEG_1043	SYN_SEG_SPK_29	SYN_SESSION_29	fricative_cog	medial	fricative				5348.293	Hz	ok		SYN_GENERATOR_11042026	SYNTHETIC_TEACHING_FIXTURE
REQ_SYN_SEG_1044_fricative_duration	SYN_SEG_1044	SYN_SEG_SPK_29	SYN_SESSION_29	fricative_duration	final	fricative		2912	2912.091381	91.3810000001831	ms	ok		SYN_GENERATOR_11042026	SYNTHETIC_TEACHING_FIXTURE
REQ_SYN_SEG_1044_fricative_cog	SYN_SEG_1044	SYN_SEG_SPK_29	SYN_SESSION_29	fricative_cog	final	fricative				5594.855	Hz	ok		SYN_GENERATOR_11042026	SYNTHETIC_TEACHING_FIXTURE
REQ_SYN_SEG_1045_vot	SYN_SEG_1045	SYN_SEG_SPK_30	SYN_SESSION_30	vot	initial	stop		3001.074229	3001.103198	28.9689999999609	ms	ok		SYN_GENERATOR_11042026	SYNTHETIC_TEACHING_FIXTURE
REQ_SYN_SEG_1045_closure_duration	SYN_SEG_1045	SYN_SEG_SPK_30	SYN_SESSION_30	closure_duration	initial	stop		3001	3001.074229	74.228999999832	ms	ok		SYN_GENERATOR_11042026	SYNTHETIC_TEACHING_FIXTURE
REQ_SYN_SEG_1045_vowel_onset_f0	SYN_SEG_1045	SYN_SEG_SPK_30	SYN_SESSION_30	vowel_onset_f0	initial	stop				124.844	Hz	ok		SYN_GENERATOR_11042026	SYNTHETIC_TEACHING_FIXTURE
REQ_SYN_SEG_1046_vot	SYN_SEG_1046	SYN_SEG_SPK_30	SYN_SESSION_30	vot	medial	stop		3002.092852	3002.127441	34.588999999869	ms	ok		SYN_GENERATOR_11042026	SYNTHETIC_TEACHING_FIXTURE
REQ_SYN_SEG_1046_closure_duration	SYN_SEG_1046	SYN_SEG_SPK_30	SYN_SESSION_30	closure_duration	medial	stop		3002	3002.092852	92.8520000002209	ms	ok		SYN_GENERATOR_11042026	SYNTHETIC_TEACHING_FIXTURE
REQ_SYN_SEG_1046_vowel_onset_f0	SYN_SEG_1046	SYN_SEG_SPK_30	SYN_SESSION_30	vowel_onset_f0	medial	stop				122.758	Hz	ok		SYN_GENERATOR_11042026	SYNTHETIC_TEACHING_FIXTURE
REQ_SYN_SEG_1047_vot	SYN_SEG_1047	SYN_SEG_SPK_30	SYN_SESSION_30	vot	final	stop		3003.058599	3003.054863	-3.7360000001172	ms	ok		SYN_GENERATOR_11042026	SYNTHETIC_TEACHING_FIXTURE
REQ_SYN_SEG_1047_closure_duration	SYN_SEG_1047	SYN_SEG_SPK_30	SYN_SESSION_30	closure_duration	final	stop		3003	3003.058599	58.5989999999583	ms	ok		SYN_GENERATOR_11042026	SYNTHETIC_TEACHING_FIXTURE
REQ_SYN_SEG_1047_vowel_onset_f0	SYN_SEG_1047	SYN_SEG_SPK_30	SYN_SESSION_30	vowel_onset_f0	final	stop				116.256	Hz	ok		SYN_GENERATOR_11042026	SYNTHETIC_TEACHING_FIXTURE
REQ_SYN_SEG_1048_vot	SYN_SEG_1048	SYN_SEG_SPK_30	SYN_SESSION_30	vot	initial	stop		3004.10624	3004.137292	31.0519999998178	ms	ok		SYN_GENERATOR_11042026	SYNTHETIC_TEACHING_FIXTURE
REQ_SYN_SEG_1048_closure_duration	SYN_SEG_1048	SYN_SEG_SPK_30	SYN_SESSION_30	closure_duration	initial	stop		3004	3004.10624	106.240000000071	ms	ok		SYN_GENERATOR_11042026	SYNTHETIC_TEACHING_FIXTURE
REQ_SYN_SEG_1048_vowel_onset_f0	SYN_SEG_1048	SYN_SEG_SPK_30	SYN_SESSION_30	vowel_onset_f0	initial	stop				119.922	Hz	ok		SYN_GENERATOR_11042026	SYNTHETIC_TEACHING_FIXTURE
REQ_SYN_SEG_1049_vot	SYN_SEG_1049	SYN_SEG_SPK_30	SYN_SESSION_30	vot	medial	stop		3005.054308	3005.136025	81.7169999995713	ms	ok		SYN_GENERATOR_11042026	SYNTHETIC_TEACHING_FIXTURE
REQ_SYN_SEG_1049_closure_duration	SYN_SEG_1049	SYN_SEG_SPK_30	SYN_SESSION_30	closure_duration	medial	stop		3005	3005.054308	54.3080000002192	ms	ok		SYN_GENERATOR_11042026	SYNTHETIC_TEACHING_FIXTURE
REQ_SYN_SEG_1049_vowel_onset_f0	SYN_SEG_1049	SYN_SEG_SPK_30	SYN_SESSION_30	vowel_onset_f0	medial	stop				152.424	Hz	ok		SYN_GENERATOR_11042026	SYNTHETIC_TEACHING_FIXTURE
REQ_SYN_SEG_1050_vot	SYN_SEG_1050	SYN_SEG_SPK_30	SYN_SESSION_30	vot	final	stop		3006.054585	3006.120252	65.6670000003032	ms	ok		SYN_GENERATOR_11042026	SYNTHETIC_TEACHING_FIXTURE
REQ_SYN_SEG_1050_closure_duration	SYN_SEG_1050	SYN_SEG_SPK_30	SYN_SESSION_30	closure_duration	final	stop		3006	3006.054585	54.5849999998609	ms	ok		SYN_GENERATOR_11042026	SYNTHETIC_TEACHING_FIXTURE
REQ_SYN_SEG_1050_vowel_onset_f0	SYN_SEG_1050	SYN_SEG_SPK_30	SYN_SESSION_30	vowel_onset_f0	final	stop				143.237	Hz	ok		SYN_GENERATOR_11042026	SYNTHETIC_TEACHING_FIXTURE
REQ_SYN_SEG_1051_vot	SYN_SEG_1051	SYN_SEG_SPK_30	SYN_SESSION_30	vot	initial	stop		3007.057908	3007.056567	-1.34100000013859	ms	ok		SYN_GENERATOR_11042026	SYNTHETIC_TEACHING_FIXTURE
REQ_SYN_SEG_1051_closure_duration	SYN_SEG_1051	SYN_SEG_SPK_30	SYN_SESSION_30	closure_duration	initial	stop		3007	3007.057908	57.908000000225	ms	ok		SYN_GENERATOR_11042026	SYNTHETIC_TEACHING_FIXTURE
REQ_SYN_SEG_1051_vowel_onset_f0	SYN_SEG_1051	SYN_SEG_SPK_30	SYN_SESSION_30	vowel_onset_f0	initial	stop				120.992	Hz	ok		SYN_GENERATOR_11042026	SYNTHETIC_TEACHING_FIXTURE
REQ_SYN_SEG_1052_vot	SYN_SEG_1052	SYN_SEG_SPK_30	SYN_SESSION_30	vot	medial	stop		3008.077191	3008.079532	2.34100000034232	ms	ok		SYN_GENERATOR_11042026	SYNTHETIC_TEACHING_FIXTURE
REQ_SYN_SEG_1052_closure_duration	SYN_SEG_1052	SYN_SEG_SPK_30	SYN_SESSION_30	closure_duration	medial	stop		3008	3008.077191	77.190999999857	ms	ok		SYN_GENERATOR_11042026	SYNTHETIC_TEACHING_FIXTURE
REQ_SYN_SEG_1052_vowel_onset_f0	SYN_SEG_1052	SYN_SEG_SPK_30	SYN_SESSION_30	vowel_onset_f0	medial	stop				129.966	Hz	ok		SYN_GENERATOR_11042026	SYNTHETIC_TEACHING_FIXTURE
REQ_SYN_SEG_1053_vot	SYN_SEG_1053	SYN_SEG_SPK_30	SYN_SESSION_30	vot	final	stop		3009.082652	3009.076685	-5.96700000005512	ms	ok		SYN_GENERATOR_11042026	SYNTHETIC_TEACHING_FIXTURE
REQ_SYN_SEG_1053_closure_duration	SYN_SEG_1053	SYN_SEG_SPK_30	SYN_SESSION_30	closure_duration	final	stop		3009	3009.082652	82.6520000000528	ms	ok		SYN_GENERATOR_11042026	SYNTHETIC_TEACHING_FIXTURE
REQ_SYN_SEG_1053_vowel_onset_f0	SYN_SEG_1053	SYN_SEG_SPK_30	SYN_SESSION_30	vowel_onset_f0	final	stop				120.928	Hz	ok		SYN_GENERATOR_11042026	SYNTHETIC_TEACHING_FIXTURE
REQ_SYN_SEG_1054_vot	SYN_SEG_1054	SYN_SEG_SPK_30	SYN_SESSION_30	vot	initial	stop		3010.1031	3010.121517	18.4170000002268	ms	ok		SYN_GENERATOR_11042026	SYNTHETIC_TEACHING_FIXTURE
REQ_SYN_SEG_1054_closure_duration	SYN_SEG_1054	SYN_SEG_SPK_30	SYN_SESSION_30	closure_duration	initial	stop		3010	3010.1031	103.099999999813	ms	ok		SYN_GENERATOR_11042026	SYNTHETIC_TEACHING_FIXTURE
REQ_SYN_SEG_1054_vowel_onset_f0	SYN_SEG_1054	SYN_SEG_SPK_30	SYN_SESSION_30	vowel_onset_f0	initial	stop				114.266	Hz	ok		SYN_GENERATOR_11042026	SYNTHETIC_TEACHING_FIXTURE
REQ_SYN_SEG_1055_vot	SYN_SEG_1055	SYN_SEG_SPK_30	SYN_SESSION_30	vot	medial	stop		3011.074881	3011.060937	-13.9439999998103	ms	ok		SYN_GENERATOR_11042026	SYNTHETIC_TEACHING_FIXTURE
REQ_SYN_SEG_1055_closure_duration	SYN_SEG_1055	SYN_SEG_SPK_30	SYN_SESSION_30	closure_duration	medial	stop		3011	3011.074881	74.8810000000049	ms	ok		SYN_GENERATOR_11042026	SYNTHETIC_TEACHING_FIXTURE
REQ_SYN_SEG_1055_vowel_onset_f0	SYN_SEG_1055	SYN_SEG_SPK_30	SYN_SESSION_30	vowel_onset_f0	medial	stop				115.043	Hz	ok		SYN_GENERATOR_11042026	SYNTHETIC_TEACHING_FIXTURE
REQ_SYN_SEG_1056_vot	SYN_SEG_1056	SYN_SEG_SPK_30	SYN_SESSION_30	vot	final	stop		3012.052344	3012.044363	-7.98100000019986	ms	ok		SYN_GENERATOR_11042026	SYNTHETIC_TEACHING_FIXTURE
REQ_SYN_SEG_1056_closure_duration	SYN_SEG_1056	SYN_SEG_SPK_30	SYN_SESSION_30	closure_duration	final	stop		3012	3012.052344	52.3440000001756	ms	ok		SYN_GENERATOR_11042026	SYNTHETIC_TEACHING_FIXTURE
REQ_SYN_SEG_1056_vowel_onset_f0	SYN_SEG_1056	SYN_SEG_SPK_30	SYN_SESSION_30	vowel_onset_f0	final	stop				108.628	Hz	ok		SYN_GENERATOR_11042026	SYNTHETIC_TEACHING_FIXTURE
REQ_SYN_SEG_1057_vowel_duration	SYN_SEG_1057	SYN_SEG_SPK_30	SYN_SESSION_30	vowel_duration	initial	vowel	i	3001	3001.146645	146.644999999808	ms	ok		SYN_GENERATOR_11042026	SYNTHETIC_TEACHING_FIXTURE
REQ_SYN_SEG_1057_f1	SYN_SEG_1057	SYN_SEG_SPK_30	SYN_SESSION_30	f1	initial	vowel	i			264.592	Hz	ok		SYN_GENERATOR_11042026	SYNTHETIC_TEACHING_FIXTURE
REQ_SYN_SEG_1057_f2	SYN_SEG_1057	SYN_SEG_SPK_30	SYN_SESSION_30	f2	initial	vowel	i			2105.786	Hz	ok		SYN_GENERATOR_11042026	SYNTHETIC_TEACHING_FIXTURE
REQ_SYN_SEG_1057_f3	SYN_SEG_1057	SYN_SEG_SPK_30	SYN_SESSION_30	f3	initial	vowel	i			2811.937	Hz	ok		SYN_GENERATOR_11042026	SYNTHETIC_TEACHING_FIXTURE
REQ_SYN_SEG_1058_vowel_duration	SYN_SEG_1058	SYN_SEG_SPK_30	SYN_SESSION_30	vowel_duration	medial	vowel	a	3002	3002.140389	140.389000000141	ms	ok		SYN_GENERATOR_11042026	SYNTHETIC_TEACHING_FIXTURE
REQ_SYN_SEG_1058_f1	SYN_SEG_1058	SYN_SEG_SPK_30	SYN_SESSION_30	f1	medial	vowel	a			694.32	Hz	ok		SYN_GENERATOR_11042026	SYNTHETIC_TEACHING_FIXTURE
REQ_SYN_SEG_1058_f2	SYN_SEG_1058	SYN_SEG_SPK_30	SYN_SESSION_30	f2	medial	vowel	a			1091.575	Hz	ok		SYN_GENERATOR_11042026	SYNTHETIC_TEACHING_FIXTURE
REQ_SYN_SEG_1058_f3	SYN_SEG_1058	SYN_SEG_SPK_30	SYN_SESSION_30	f3	medial	vowel	a			2310.056	Hz	ok		SYN_GENERATOR_11042026	SYNTHETIC_TEACHING_FIXTURE
REQ_SYN_SEG_1059_vowel_duration	SYN_SEG_1059	SYN_SEG_SPK_30	SYN_SESSION_30	vowel_duration	final	vowel	u	3003	3003.076657	76.6570000000684	ms	ok		SYN_GENERATOR_11042026	SYNTHETIC_TEACHING_FIXTURE
REQ_SYN_SEG_1059_f1	SYN_SEG_1059	SYN_SEG_SPK_30	SYN_SESSION_30	f1	final	vowel	u			298.234	Hz	ok		SYN_GENERATOR_11042026	SYNTHETIC_TEACHING_FIXTURE
REQ_SYN_SEG_1059_f2	SYN_SEG_1059	SYN_SEG_SPK_30	SYN_SESSION_30	f2	final	vowel	u			786.163	Hz	ok		SYN_GENERATOR_11042026	SYNTHETIC_TEACHING_FIXTURE
REQ_SYN_SEG_1059_f3	SYN_SEG_1059	SYN_SEG_SPK_30	SYN_SESSION_30	f3	final	vowel	u			2037.084	Hz	ok		SYN_GENERATOR_11042026	SYNTHETIC_TEACHING_FIXTURE
REQ_SYN_SEG_1060_vowel_duration	SYN_SEG_1060	SYN_SEG_SPK_30	SYN_SESSION_30	vowel_duration	initial	vowel	i	3004	3004.099239	99.2390000001251	ms	ok		SYN_GENERATOR_11042026	SYNTHETIC_TEACHING_FIXTURE
REQ_SYN_SEG_1060_f1	SYN_SEG_1060	SYN_SEG_SPK_30	SYN_SESSION_30	f1	initial	vowel	i			242.619	Hz	ok		SYN_GENERATOR_11042026	SYNTHETIC_TEACHING_FIXTURE
REQ_SYN_SEG_1060_f2	SYN_SEG_1060	SYN_SEG_SPK_30	SYN_SESSION_30	f2	initial	vowel	i			2103.737	Hz	ok		SYN_GENERATOR_11042026	SYNTHETIC_TEACHING_FIXTURE
REQ_SYN_SEG_1060_f3	SYN_SEG_1060	SYN_SEG_SPK_30	SYN_SESSION_30	f3	initial	vowel	i			2881.628	Hz	ok		SYN_GENERATOR_11042026	SYNTHETIC_TEACHING_FIXTURE
REQ_SYN_SEG_1061_vowel_duration	SYN_SEG_1061	SYN_SEG_SPK_30	SYN_SESSION_30	vowel_duration	medial	vowel	a	3005	3005.194746	194.746000000123	ms	ok		SYN_GENERATOR_11042026	SYNTHETIC_TEACHING_FIXTURE
REQ_SYN_SEG_1061_f1	SYN_SEG_1061	SYN_SEG_SPK_30	SYN_SESSION_30	f1	medial	vowel	a			677.54	Hz	ok		SYN_GENERATOR_11042026	SYNTHETIC_TEACHING_FIXTURE
REQ_SYN_SEG_1061_f2	SYN_SEG_1061	SYN_SEG_SPK_30	SYN_SESSION_30	f2	medial	vowel	a			1138.098	Hz	ok		SYN_GENERATOR_11042026	SYNTHETIC_TEACHING_FIXTURE
REQ_SYN_SEG_1061_f3	SYN_SEG_1061	SYN_SEG_SPK_30	SYN_SESSION_30	f3	medial	vowel	a			2283.333	Hz	ok		SYN_GENERATOR_11042026	SYNTHETIC_TEACHING_FIXTURE
REQ_SYN_SEG_1062_vowel_duration	SYN_SEG_1062	SYN_SEG_SPK_30	SYN_SESSION_30	vowel_duration	final	vowel	u	3006	3006.212031	212.031000000025	ms	ok		SYN_GENERATOR_11042026	SYNTHETIC_TEACHING_FIXTURE
REQ_SYN_SEG_1062_f1	SYN_SEG_1062	SYN_SEG_SPK_30	SYN_SESSION_30	f1	final	vowel	u			295.868	Hz	ok		SYN_GENERATOR_11042026	SYNTHETIC_TEACHING_FIXTURE
REQ_SYN_SEG_1062_f2	SYN_SEG_1062	SYN_SEG_SPK_30	SYN_SESSION_30	f2	final	vowel	u			840.298	Hz	ok		SYN_GENERATOR_11042026	SYNTHETIC_TEACHING_FIXTURE
REQ_SYN_SEG_1062_f3	SYN_SEG_1062	SYN_SEG_SPK_30	SYN_SESSION_30	f3	final	vowel	u			2026.297	Hz	ok		SYN_GENERATOR_11042026	SYNTHETIC_TEACHING_FIXTURE
REQ_SYN_SEG_1063_vowel_duration	SYN_SEG_1063	SYN_SEG_SPK_30	SYN_SESSION_30	vowel_duration	initial	vowel	i	3007	3007.157749	157.748999999967	ms	ok		SYN_GENERATOR_11042026	SYNTHETIC_TEACHING_FIXTURE
REQ_SYN_SEG_1063_f1	SYN_SEG_1063	SYN_SEG_SPK_30	SYN_SESSION_30	f1	initial	vowel	i			237.413	Hz	ok		SYN_GENERATOR_11042026	SYNTHETIC_TEACHING_FIXTURE
REQ_SYN_SEG_1063_f2	SYN_SEG_1063	SYN_SEG_SPK_30	SYN_SESSION_30	f2	initial	vowel	i			2065.053	Hz	ok		SYN_GENERATOR_11042026	SYNTHETIC_TEACHING_FIXTURE
REQ_SYN_SEG_1063_f3	SYN_SEG_1063	SYN_SEG_SPK_30	SYN_SESSION_30	f3	initial	vowel	i			2722.667	Hz	ok		SYN_GENERATOR_11042026	SYNTHETIC_TEACHING_FIXTURE
REQ_SYN_SEG_1064_vowel_duration	SYN_SEG_1064	SYN_SEG_SPK_30	SYN_SESSION_30	vowel_duration	medial	vowel	a	3008	3008.168198	168.197999999848	ms	ok		SYN_GENERATOR_11042026	SYNTHETIC_TEACHING_FIXTURE
REQ_SYN_SEG_1064_f1	SYN_SEG_1064	SYN_SEG_SPK_30	SYN_SESSION_30	f1	medial	vowel	a			686.471	Hz	ok		SYN_GENERATOR_11042026	SYNTHETIC_TEACHING_FIXTURE
REQ_SYN_SEG_1064_f2	SYN_SEG_1064	SYN_SEG_SPK_30	SYN_SESSION_30	f2	medial	vowel	a			1106.647	Hz	ok		SYN_GENERATOR_11042026	SYNTHETIC_TEACHING_FIXTURE
REQ_SYN_SEG_1064_f3	SYN_SEG_1064	SYN_SEG_SPK_30	SYN_SESSION_30	f3	medial	vowel	a			2372.691	Hz	ok		SYN_GENERATOR_11042026	SYNTHETIC_TEACHING_FIXTURE
REQ_SYN_SEG_1065_vowel_duration	SYN_SEG_1065	SYN_SEG_SPK_30	SYN_SESSION_30	vowel_duration	final	vowel	u	3009	3009.096003	96.0030000001098	ms	ok		SYN_GENERATOR_11042026	SYNTHETIC_TEACHING_FIXTURE
REQ_SYN_SEG_1065_f1	SYN_SEG_1065	SYN_SEG_SPK_30	SYN_SESSION_30	f1	final	vowel	u			334.915	Hz	ok		SYN_GENERATOR_11042026	SYNTHETIC_TEACHING_FIXTURE
REQ_SYN_SEG_1065_f2	SYN_SEG_1065	SYN_SEG_SPK_30	SYN_SESSION_30	f2	final	vowel	u			855.548	Hz	ok		SYN_GENERATOR_11042026	SYNTHETIC_TEACHING_FIXTURE
REQ_SYN_SEG_1065_f3	SYN_SEG_1065	SYN_SEG_SPK_30	SYN_SESSION_30	f3	final	vowel	u			2021.989	Hz	ok		SYN_GENERATOR_11042026	SYNTHETIC_TEACHING_FIXTURE
REQ_SYN_SEG_1066_vowel_duration	SYN_SEG_1066	SYN_SEG_SPK_30	SYN_SESSION_30	vowel_duration	initial	vowel	i	3010	3010.204662	204.662000000098	ms	ok		SYN_GENERATOR_11042026	SYNTHETIC_TEACHING_FIXTURE
REQ_SYN_SEG_1066_f1	SYN_SEG_1066	SYN_SEG_SPK_30	SYN_SESSION_30	f1	initial	vowel	i			281.567	Hz	ok		SYN_GENERATOR_11042026	SYNTHETIC_TEACHING_FIXTURE
REQ_SYN_SEG_1066_f2	SYN_SEG_1066	SYN_SEG_SPK_30	SYN_SESSION_30	f2	initial	vowel	i			2196.783	Hz	ok		SYN_GENERATOR_11042026	SYNTHETIC_TEACHING_FIXTURE
REQ_SYN_SEG_1066_f3	SYN_SEG_1066	SYN_SEG_SPK_30	SYN_SESSION_30	f3	initial	vowel	i			2802.295	Hz	ok		SYN_GENERATOR_11042026	SYNTHETIC_TEACHING_FIXTURE
REQ_SYN_SEG_1067_vowel_duration	SYN_SEG_1067	SYN_SEG_SPK_30	SYN_SESSION_30	vowel_duration	medial	vowel	a	3011	3011.125309	125.309000000016	ms	ok		SYN_GENERATOR_11042026	SYNTHETIC_TEACHING_FIXTURE
REQ_SYN_SEG_1067_f1	SYN_SEG_1067	SYN_SEG_SPK_30	SYN_SESSION_30	f1	medial	vowel	a			752.364	Hz	ok		SYN_GENERATOR_11042026	SYNTHETIC_TEACHING_FIXTURE
REQ_SYN_SEG_1067_f2	SYN_SEG_1067	SYN_SEG_SPK_30	SYN_SESSION_30	f2	medial	vowel	a			1080.103	Hz	ok		SYN_GENERATOR_11042026	SYNTHETIC_TEACHING_FIXTURE
REQ_SYN_SEG_1067_f3	SYN_SEG_1067	SYN_SEG_SPK_30	SYN_SESSION_30	f3	medial	vowel	a			2323.885	Hz	ok		SYN_GENERATOR_11042026	SYNTHETIC_TEACHING_FIXTURE
REQ_SYN_SEG_1068_vowel_duration	SYN_SEG_1068	SYN_SEG_SPK_30	SYN_SESSION_30	vowel_duration	final	vowel	u	3012	3012.189813	189.812999999958	ms	ok		SYN_GENERATOR_11042026	SYNTHETIC_TEACHING_FIXTURE
REQ_SYN_SEG_1068_f1	SYN_SEG_1068	SYN_SEG_SPK_30	SYN_SESSION_30	f1	final	vowel	u			310.405	Hz	ok		SYN_GENERATOR_11042026	SYNTHETIC_TEACHING_FIXTURE
REQ_SYN_SEG_1068_f2	SYN_SEG_1068	SYN_SEG_SPK_30	SYN_SESSION_30	f2	final	vowel	u			819.485	Hz	ok		SYN_GENERATOR_11042026	SYNTHETIC_TEACHING_FIXTURE
REQ_SYN_SEG_1068_f3	SYN_SEG_1068	SYN_SEG_SPK_30	SYN_SESSION_30	f3	final	vowel	u			2095.319	Hz	ok		SYN_GENERATOR_11042026	SYNTHETIC_TEACHING_FIXTURE
REQ_SYN_SEG_1069_fricative_duration	SYN_SEG_1069	SYN_SEG_SPK_30	SYN_SESSION_30	fricative_duration	initial	fricative		3001	3001.075521	75.521000000208	ms	ok		SYN_GENERATOR_11042026	SYNTHETIC_TEACHING_FIXTURE
REQ_SYN_SEG_1069_fricative_cog	SYN_SEG_1069	SYN_SEG_SPK_30	SYN_SESSION_30	fricative_cog	initial	fricative				5916.105	Hz	ok		SYN_GENERATOR_11042026	SYNTHETIC_TEACHING_FIXTURE
REQ_SYN_SEG_1070_fricative_duration	SYN_SEG_1070	SYN_SEG_SPK_30	SYN_SESSION_30	fricative_duration	medial	fricative		3002	3002.165114	165.113999999903	ms	ok		SYN_GENERATOR_11042026	SYNTHETIC_TEACHING_FIXTURE
REQ_SYN_SEG_1070_fricative_cog	SYN_SEG_1070	SYN_SEG_SPK_30	SYN_SESSION_30	fricative_cog	medial	fricative				4223.109	Hz	ok		SYN_GENERATOR_11042026	SYNTHETIC_TEACHING_FIXTURE
REQ_SYN_SEG_1071_fricative_duration	SYN_SEG_1071	SYN_SEG_SPK_30	SYN_SESSION_30	fricative_duration	final	fricative		3003	3003.094986	94.9860000000626	ms	ok		SYN_GENERATOR_11042026	SYNTHETIC_TEACHING_FIXTURE
REQ_SYN_SEG_1071_fricative_cog	SYN_SEG_1071	SYN_SEG_SPK_30	SYN_SESSION_30	fricative_cog	final	fricative				5015.145	Hz	ok		SYN_GENERATOR_11042026	SYNTHETIC_TEACHING_FIXTURE
REQ_SYN_SEG_1072_fricative_duration	SYN_SEG_1072	SYN_SEG_SPK_30	SYN_SESSION_30	fricative_duration	initial	fricative		3004	3004.146659	146.659	ms	ok		SYN_GENERATOR_11042026	SYNTHETIC_TEACHING_FIXTURE
REQ_SYN_SEG_1072_fricative_cog	SYN_SEG_1072	SYN_SEG_SPK_30	SYN_SESSION_30	fricative_cog	initial	fricative				5781.597	Hz	ok		SYN_GENERATOR_11042026	SYNTHETIC_TEACHING_FIXTURE
REQ_SYN_SEG_1073_fricative_duration	SYN_SEG_1073	SYN_SEG_SPK_30	SYN_SESSION_30	fricative_duration	medial	fricative		3005	3005.135286	135.286000000178	ms	ok		SYN_GENERATOR_11042026	SYNTHETIC_TEACHING_FIXTURE
REQ_SYN_SEG_1073_fricative_cog	SYN_SEG_1073	SYN_SEG_SPK_30	SYN_SESSION_30	fricative_cog	medial	fricative				4423.021	Hz	ok		SYN_GENERATOR_11042026	SYNTHETIC_TEACHING_FIXTURE
REQ_SYN_SEG_1074_fricative_duration	SYN_SEG_1074	SYN_SEG_SPK_30	SYN_SESSION_30	fricative_duration	final	fricative		3006	3006.108472	108.471999999892	ms	ok		SYN_GENERATOR_11042026	SYNTHETIC_TEACHING_FIXTURE
REQ_SYN_SEG_1074_fricative_cog	SYN_SEG_1074	SYN_SEG_SPK_30	SYN_SESSION_30	fricative_cog	final	fricative				4229.882	Hz	ok		SYN_GENERATOR_11042026	SYNTHETIC_TEACHING_FIXTURE
REQ_SYN_SEG_1075_fricative_duration	SYN_SEG_1075	SYN_SEG_SPK_30	SYN_SESSION_30	fricative_duration	initial	fricative		3007	3007.161759	161.759000000075	ms	ok		SYN_GENERATOR_11042026	SYNTHETIC_TEACHING_FIXTURE
REQ_SYN_SEG_1075_fricative_cog	SYN_SEG_1075	SYN_SEG_SPK_30	SYN_SESSION_30	fricative_cog	initial	fricative				5988.804	Hz	ok		SYN_GENERATOR_11042026	SYNTHETIC_TEACHING_FIXTURE
REQ_SYN_SEG_1076_fricative_duration	SYN_SEG_1076	SYN_SEG_SPK_30	SYN_SESSION_30	fricative_duration	medial	fricative		3008	3008.078696	78.6960000000363	ms	ok		SYN_GENERATOR_11042026	SYNTHETIC_TEACHING_FIXTURE
REQ_SYN_SEG_1076_fricative_cog	SYN_SEG_1076	SYN_SEG_SPK_30	SYN_SESSION_30	fricative_cog	medial	fricative				4130.181	Hz	ok		SYN_GENERATOR_11042026	SYNTHETIC_TEACHING_FIXTURE
REQ_SYN_SEG_1077_fricative_duration	SYN_SEG_1077	SYN_SEG_SPK_30	SYN_SESSION_30	fricative_duration	final	fricative		3009	3009.114344	114.344000000074	ms	ok		SYN_GENERATOR_11042026	SYNTHETIC_TEACHING_FIXTURE
REQ_SYN_SEG_1077_fricative_cog	SYN_SEG_1077	SYN_SEG_SPK_30	SYN_SESSION_30	fricative_cog	final	fricative				4806.952	Hz	ok		SYN_GENERATOR_11042026	SYNTHETIC_TEACHING_FIXTURE
REQ_SYN_SEG_1078_fricative_duration	SYN_SEG_1078	SYN_SEG_SPK_30	SYN_SESSION_30	fricative_duration	initial	fricative		3010	3010.179279	179.278999999951	ms	ok		SYN_GENERATOR_11042026	SYNTHETIC_TEACHING_FIXTURE
REQ_SYN_SEG_1078_fricative_cog	SYN_SEG_1078	SYN_SEG_SPK_30	SYN_SESSION_30	fricative_cog	initial	fricative				5837.133	Hz	ok		SYN_GENERATOR_11042026	SYNTHETIC_TEACHING_FIXTURE
REQ_SYN_SEG_1079_fricative_duration	SYN_SEG_1079	SYN_SEG_SPK_30	SYN_SESSION_30	fricative_duration	medial	fricative		3011	3011.121555	121.555000000171	ms	ok		SYN_GENERATOR_11042026	SYNTHETIC_TEACHING_FIXTURE
REQ_SYN_SEG_1079_fricative_cog	SYN_SEG_1079	SYN_SEG_SPK_30	SYN_SESSION_30	fricative_cog	medial	fricative				4568.879	Hz	ok		SYN_GENERATOR_11042026	SYNTHETIC_TEACHING_FIXTURE
REQ_SYN_SEG_1080_fricative_duration	SYN_SEG_1080	SYN_SEG_SPK_30	SYN_SESSION_30	fricative_duration	final	fricative		3012	3012.098483	98.4830000002148	ms	ok		SYN_GENERATOR_11042026	SYNTHETIC_TEACHING_FIXTURE
REQ_SYN_SEG_1080_fricative_cog	SYN_SEG_1080	SYN_SEG_SPK_30	SYN_SESSION_30	fricative_cog	final	fricative				4283.569	Hz	ok		SYN_GENERATOR_11042026	SYNTHETIC_TEACHING_FIXTURE
