observation_id	coding_id	intercept	condition_column_1	condition_column_2	speaking_rate_z	data_status
SYN_REG_0001	treatment_BASE	1	0	0	-0.38280159	SYNTHETIC_TEACHING_FIXTURE
SYN_REG_0002	treatment_BASE	1	1	0	-0.95231836	SYNTHETIC_TEACHING_FIXTURE
SYN_REG_0003	treatment_BASE	1	0	1	0.07418881	SYNTHETIC_TEACHING_FIXTURE
SYN_REG_0004	treatment_BASE	1	0	0	0.04513717	SYNTHETIC_TEACHING_FIXTURE
SYN_REG_0005	treatment_BASE	1	1	0	-0.486772	SYNTHETIC_TEACHING_FIXTURE
SYN_REG_0006	treatment_BASE	1	0	1	-0.3377799	SYNTHETIC_TEACHING_FIXTURE
SYN_REG_0007	treatment_BASE	1	0	0	0.2192262	SYNTHETIC_TEACHING_FIXTURE
SYN_REG_0008	treatment_BASE	1	1	0	-0.00688285	SYNTHETIC_TEACHING_FIXTURE
SYN_REG_0009	treatment_BASE	1	0	1	0.75109559	SYNTHETIC_TEACHING_FIXTURE
SYN_REG_0010	treatment_BASE	1	0	0	0.06342077	SYNTHETIC_TEACHING_FIXTURE
SYN_REG_0011	treatment_BASE	1	1	0	-0.65232497	SYNTHETIC_TEACHING_FIXTURE
SYN_REG_0012	treatment_BASE	1	0	1	-0.48723551	SYNTHETIC_TEACHING_FIXTURE
SYN_REG_0013	treatment_BASE	1	0	0	-0.78002169	SYNTHETIC_TEACHING_FIXTURE
SYN_REG_0014	treatment_BASE	1	1	0	0.40952001	SYNTHETIC_TEACHING_FIXTURE
SYN_REG_0015	treatment_BASE	1	0	1	-1.46492542	SYNTHETIC_TEACHING_FIXTURE
SYN_REG_0016	treatment_BASE	1	0	0	-0.03321313	SYNTHETIC_TEACHING_FIXTURE
SYN_REG_0017	treatment_BASE	1	1	0	-0.45138844	SYNTHETIC_TEACHING_FIXTURE
SYN_REG_0018	treatment_BASE	1	0	1	0.01108843	SYNTHETIC_TEACHING_FIXTURE
SYN_REG_0019	treatment_BASE	1	0	0	-1.24966201	SYNTHETIC_TEACHING_FIXTURE
SYN_REG_0020	treatment_BASE	1	1	0	-0.24219038	SYNTHETIC_TEACHING_FIXTURE
SYN_REG_0021	treatment_BASE	1	0	1	-0.38830596	SYNTHETIC_TEACHING_FIXTURE
SYN_REG_0022	treatment_BASE	1	0	0	0.31225948	SYNTHETIC_TEACHING_FIXTURE
SYN_REG_0023	treatment_BASE	1	1	0	-0.34668398	SYNTHETIC_TEACHING_FIXTURE
SYN_REG_0024	treatment_BASE	1	0	1	-2.10734382	SYNTHETIC_TEACHING_FIXTURE
SYN_REG_0025	treatment_BASE	1	0	0	0.98765041	SYNTHETIC_TEACHING_FIXTURE
SYN_REG_0026	treatment_BASE	1	1	0	-0.46590233	SYNTHETIC_TEACHING_FIXTURE
SYN_REG_0027	treatment_BASE	1	0	1	-0.52809162	SYNTHETIC_TEACHING_FIXTURE
SYN_REG_0028	treatment_BASE	1	0	0	-0.65406958	SYNTHETIC_TEACHING_FIXTURE
SYN_REG_0029	treatment_BASE	1	1	0	-0.57804675	SYNTHETIC_TEACHING_FIXTURE
SYN_REG_0030	treatment_BASE	1	0	1	-0.02308365	SYNTHETIC_TEACHING_FIXTURE
SYN_REG_0031	treatment_BASE	1	0	0	-1.45882625	SYNTHETIC_TEACHING_FIXTURE
SYN_REG_0032	treatment_BASE	1	1	0	-0.83279366	SYNTHETIC_TEACHING_FIXTURE
SYN_REG_0033	treatment_BASE	1	0	1	-0.11310713	SYNTHETIC_TEACHING_FIXTURE
SYN_REG_0034	treatment_BASE	1	0	0	-1.52153474	SYNTHETIC_TEACHING_FIXTURE
SYN_REG_0035	treatment_BASE	1	1	0	1.03507716	SYNTHETIC_TEACHING_FIXTURE
SYN_REG_0036	treatment_BASE	1	0	1	-0.20965549	SYNTHETIC_TEACHING_FIXTURE
SYN_REG_0037	treatment_BASE	1	0	0	-0.77766238	SYNTHETIC_TEACHING_FIXTURE
SYN_REG_0038	treatment_BASE	1	1	0	-0.69178658	SYNTHETIC_TEACHING_FIXTURE
SYN_REG_0039	treatment_BASE	1	0	1	0.87533292	SYNTHETIC_TEACHING_FIXTURE
SYN_REG_0040	treatment_BASE	1	0	0	-0.47294045	SYNTHETIC_TEACHING_FIXTURE
SYN_REG_0041	treatment_BASE	1	1	0	-0.12704611	SYNTHETIC_TEACHING_FIXTURE
SYN_REG_0042	treatment_BASE	1	0	1	0.27295104	SYNTHETIC_TEACHING_FIXTURE
SYN_REG_0043	treatment_BASE	1	0	0	0.55366221	SYNTHETIC_TEACHING_FIXTURE
SYN_REG_0044	treatment_BASE	1	1	0	-0.83327109	SYNTHETIC_TEACHING_FIXTURE
SYN_REG_0045	treatment_BASE	1	0	1	0.2209529	SYNTHETIC_TEACHING_FIXTURE
SYN_REG_0046	treatment_BASE	1	0	0	0.0036067	SYNTHETIC_TEACHING_FIXTURE
SYN_REG_0047	treatment_BASE	1	1	0	0.03681198	SYNTHETIC_TEACHING_FIXTURE
SYN_REG_0048	treatment_BASE	1	0	1	1.1584392	SYNTHETIC_TEACHING_FIXTURE
SYN_REG_0049	treatment_BASE	1	0	0	-0.82734697	SYNTHETIC_TEACHING_FIXTURE
SYN_REG_0050	treatment_BASE	1	1	0	-1.1013582	SYNTHETIC_TEACHING_FIXTURE
SYN_REG_0051	treatment_BASE	1	0	1	0.63769792	SYNTHETIC_TEACHING_FIXTURE
SYN_REG_0052	treatment_BASE	1	0	0	-0.19218751	SYNTHETIC_TEACHING_FIXTURE
SYN_REG_0053	treatment_BASE	1	1	0	-0.53410127	SYNTHETIC_TEACHING_FIXTURE
SYN_REG_0054	treatment_BASE	1	0	1	-0.98968723	SYNTHETIC_TEACHING_FIXTURE
SYN_REG_0055	treatment_BASE	1	0	0	0.39589534	SYNTHETIC_TEACHING_FIXTURE
SYN_REG_0056	treatment_BASE	1	1	0	0.0267203	SYNTHETIC_TEACHING_FIXTURE
SYN_REG_0057	treatment_BASE	1	0	1	-0.28944406	SYNTHETIC_TEACHING_FIXTURE
SYN_REG_0058	treatment_BASE	1	0	0	-1.36787178	SYNTHETIC_TEACHING_FIXTURE
SYN_REG_0059	treatment_BASE	1	1	0	-0.63943236	SYNTHETIC_TEACHING_FIXTURE
SYN_REG_0060	treatment_BASE	1	0	1	0.36943177	SYNTHETIC_TEACHING_FIXTURE
SYN_REG_0061	treatment_BASE	1	0	0	-0.20342502	SYNTHETIC_TEACHING_FIXTURE
SYN_REG_0062	treatment_BASE	1	1	0	-1.71305793	SYNTHETIC_TEACHING_FIXTURE
SYN_REG_0063	treatment_BASE	1	0	1	-0.5680227	SYNTHETIC_TEACHING_FIXTURE
SYN_REG_0064	treatment_BASE	1	0	0	0.45973375	SYNTHETIC_TEACHING_FIXTURE
SYN_REG_0065	treatment_BASE	1	1	0	-0.7191135	SYNTHETIC_TEACHING_FIXTURE
SYN_REG_0066	treatment_BASE	1	0	1	-0.00046141	SYNTHETIC_TEACHING_FIXTURE
SYN_REG_0067	treatment_BASE	1	0	0	-0.81530379	SYNTHETIC_TEACHING_FIXTURE
SYN_REG_0068	treatment_BASE	1	1	0	-1.36282295	SYNTHETIC_TEACHING_FIXTURE
SYN_REG_0069	treatment_BASE	1	0	1	0.00608337	SYNTHETIC_TEACHING_FIXTURE
SYN_REG_0070	treatment_BASE	1	0	0	-0.43247424	SYNTHETIC_TEACHING_FIXTURE
SYN_REG_0071	treatment_BASE	1	1	0	-0.20771394	SYNTHETIC_TEACHING_FIXTURE
SYN_REG_0072	treatment_BASE	1	0	1	0.09665589	SYNTHETIC_TEACHING_FIXTURE
SYN_REG_0073	treatment_BASE	1	0	0	-0.82351162	SYNTHETIC_TEACHING_FIXTURE
SYN_REG_0074	treatment_BASE	1	1	0	-0.06305452	SYNTHETIC_TEACHING_FIXTURE
SYN_REG_0075	treatment_BASE	1	0	1	0.35539134	SYNTHETIC_TEACHING_FIXTURE
SYN_REG_0076	treatment_BASE	1	0	0	-0.59878513	SYNTHETIC_TEACHING_FIXTURE
SYN_REG_0077	treatment_BASE	1	1	0	0.84335503	SYNTHETIC_TEACHING_FIXTURE
SYN_REG_0078	treatment_BASE	1	0	1	0.225395	SYNTHETIC_TEACHING_FIXTURE
SYN_REG_0079	treatment_BASE	1	0	0	0.05281386	SYNTHETIC_TEACHING_FIXTURE
SYN_REG_0080	treatment_BASE	1	1	0	-0.68783982	SYNTHETIC_TEACHING_FIXTURE
SYN_REG_0081	treatment_BASE	1	0	1	0.7377713	SYNTHETIC_TEACHING_FIXTURE
SYN_REG_0082	treatment_BASE	1	0	0	-0.49437707	SYNTHETIC_TEACHING_FIXTURE
SYN_REG_0083	treatment_BASE	1	1	0	-0.5707162	SYNTHETIC_TEACHING_FIXTURE
SYN_REG_0084	treatment_BASE	1	0	1	0.18400974	SYNTHETIC_TEACHING_FIXTURE
SYN_REG_0085	treatment_BASE	1	0	0	0.3858872	SYNTHETIC_TEACHING_FIXTURE
SYN_REG_0086	treatment_BASE	1	1	0	-1.82389141	SYNTHETIC_TEACHING_FIXTURE
SYN_REG_0087	treatment_BASE	1	0	1	-0.5900581	SYNTHETIC_TEACHING_FIXTURE
SYN_REG_0088	treatment_BASE	1	0	0	-0.61679221	SYNTHETIC_TEACHING_FIXTURE
SYN_REG_0089	treatment_BASE	1	1	0	-1.45144199	SYNTHETIC_TEACHING_FIXTURE
SYN_REG_0090	treatment_BASE	1	0	1	0.15063934	SYNTHETIC_TEACHING_FIXTURE
SYN_REG_0091	treatment_BASE	1	0	0	0.45713175	SYNTHETIC_TEACHING_FIXTURE
SYN_REG_0092	treatment_BASE	1	1	0	-0.31136209	SYNTHETIC_TEACHING_FIXTURE
SYN_REG_0093	treatment_BASE	1	0	1	-0.5119863	SYNTHETIC_TEACHING_FIXTURE
SYN_REG_0094	treatment_BASE	1	0	0	-2.18358945	SYNTHETIC_TEACHING_FIXTURE
SYN_REG_0095	treatment_BASE	1	1	0	-0.75276638	SYNTHETIC_TEACHING_FIXTURE
SYN_REG_0096	treatment_BASE	1	0	1	1.12904938	SYNTHETIC_TEACHING_FIXTURE
SYN_REG_0097	treatment_BASE	1	0	0	-0.23575502	SYNTHETIC_TEACHING_FIXTURE
SYN_REG_0098	treatment_BASE	1	1	0	-0.48587881	SYNTHETIC_TEACHING_FIXTURE
SYN_REG_0099	treatment_BASE	1	0	1	-1.1255301	SYNTHETIC_TEACHING_FIXTURE
SYN_REG_0100	treatment_BASE	1	0	0	-0.45788349	SYNTHETIC_TEACHING_FIXTURE
SYN_REG_0101	treatment_BASE	1	1	0	-0.19090441	SYNTHETIC_TEACHING_FIXTURE
SYN_REG_0102	treatment_BASE	1	0	1	0.45193572	SYNTHETIC_TEACHING_FIXTURE
SYN_REG_0103	treatment_BASE	1	0	0	0.2593204	SYNTHETIC_TEACHING_FIXTURE
SYN_REG_0104	treatment_BASE	1	1	0	-0.29934278	SYNTHETIC_TEACHING_FIXTURE
SYN_REG_0105	treatment_BASE	1	0	1	0.2526702	SYNTHETIC_TEACHING_FIXTURE
SYN_REG_0106	treatment_BASE	1	0	0	-0.12510655	SYNTHETIC_TEACHING_FIXTURE
SYN_REG_0107	treatment_BASE	1	1	0	-0.17221102	SYNTHETIC_TEACHING_FIXTURE
SYN_REG_0108	treatment_BASE	1	0	1	0.97452903	SYNTHETIC_TEACHING_FIXTURE
SYN_REG_0109	treatment_BASE	1	0	0	-0.36167927	SYNTHETIC_TEACHING_FIXTURE
SYN_REG_0110	treatment_BASE	1	1	0	-0.25680373	SYNTHETIC_TEACHING_FIXTURE
SYN_REG_0111	treatment_BASE	1	0	1	1.41714282	SYNTHETIC_TEACHING_FIXTURE
SYN_REG_0112	treatment_BASE	1	0	0	-0.24643553	SYNTHETIC_TEACHING_FIXTURE
SYN_REG_0113	treatment_BASE	1	1	0	-0.36885863	SYNTHETIC_TEACHING_FIXTURE
SYN_REG_0114	treatment_BASE	1	0	1	-0.61101133	SYNTHETIC_TEACHING_FIXTURE
SYN_REG_0115	treatment_BASE	1	0	0	0.28449491	SYNTHETIC_TEACHING_FIXTURE
SYN_REG_0116	treatment_BASE	1	1	0	0.31251212	SYNTHETIC_TEACHING_FIXTURE
SYN_REG_0117	treatment_BASE	1	0	1	0.52582603	SYNTHETIC_TEACHING_FIXTURE
SYN_REG_0118	treatment_BASE	1	0	0	0.62290752	SYNTHETIC_TEACHING_FIXTURE
SYN_REG_0119	treatment_BASE	1	1	0	-0.08243223	SYNTHETIC_TEACHING_FIXTURE
SYN_REG_0120	treatment_BASE	1	0	1	1.03311571	SYNTHETIC_TEACHING_FIXTURE
SYN_REG_0121	treatment_BASE	1	0	0	-0.43980877	SYNTHETIC_TEACHING_FIXTURE
SYN_REG_0122	treatment_BASE	1	1	0	-0.14803912	SYNTHETIC_TEACHING_FIXTURE
SYN_REG_0123	treatment_BASE	1	0	1	-0.88262148	SYNTHETIC_TEACHING_FIXTURE
SYN_REG_0124	treatment_BASE	1	0	0	-0.40364342	SYNTHETIC_TEACHING_FIXTURE
SYN_REG_0125	treatment_BASE	1	1	0	-0.61829413	SYNTHETIC_TEACHING_FIXTURE
SYN_REG_0126	treatment_BASE	1	0	1	1.04526234	SYNTHETIC_TEACHING_FIXTURE
SYN_REG_0127	treatment_BASE	1	0	0	0.49806544	SYNTHETIC_TEACHING_FIXTURE
SYN_REG_0128	treatment_BASE	1	1	0	0.36307995	SYNTHETIC_TEACHING_FIXTURE
SYN_REG_0129	treatment_BASE	1	0	1	1.51624742	SYNTHETIC_TEACHING_FIXTURE
SYN_REG_0130	treatment_BASE	1	0	0	0.24477071	SYNTHETIC_TEACHING_FIXTURE
SYN_REG_0131	treatment_BASE	1	1	0	0.50837595	SYNTHETIC_TEACHING_FIXTURE
SYN_REG_0132	treatment_BASE	1	0	1	1.21084116	SYNTHETIC_TEACHING_FIXTURE
SYN_REG_0133	treatment_BASE	1	0	0	-0.82236379	SYNTHETIC_TEACHING_FIXTURE
SYN_REG_0134	treatment_BASE	1	1	0	0.40493071	SYNTHETIC_TEACHING_FIXTURE
SYN_REG_0135	treatment_BASE	1	0	1	1.17399348	SYNTHETIC_TEACHING_FIXTURE
SYN_REG_0136	treatment_BASE	1	0	0	0.11765288	SYNTHETIC_TEACHING_FIXTURE
SYN_REG_0137	treatment_BASE	1	1	0	0.37522459	SYNTHETIC_TEACHING_FIXTURE
SYN_REG_0138	treatment_BASE	1	0	1	-0.49732322	SYNTHETIC_TEACHING_FIXTURE
SYN_REG_0139	treatment_BASE	1	0	0	-0.38497589	SYNTHETIC_TEACHING_FIXTURE
SYN_REG_0140	treatment_BASE	1	1	0	-0.43401992	SYNTHETIC_TEACHING_FIXTURE
SYN_REG_0141	treatment_BASE	1	0	1	0.66868116	SYNTHETIC_TEACHING_FIXTURE
SYN_REG_0142	treatment_BASE	1	0	0	-0.45880453	SYNTHETIC_TEACHING_FIXTURE
SYN_REG_0143	treatment_BASE	1	1	0	-0.20752695	SYNTHETIC_TEACHING_FIXTURE
SYN_REG_0144	treatment_BASE	1	0	1	0.83097765	SYNTHETIC_TEACHING_FIXTURE
SYN_REG_0145	treatment_BASE	1	0	0	0.04706878	SYNTHETIC_TEACHING_FIXTURE
SYN_REG_0146	treatment_BASE	1	1	0	-1.94579132	SYNTHETIC_TEACHING_FIXTURE
SYN_REG_0147	treatment_BASE	1	0	1	0.28523891	SYNTHETIC_TEACHING_FIXTURE
SYN_REG_0148	treatment_BASE	1	0	0	-0.26148653	SYNTHETIC_TEACHING_FIXTURE
SYN_REG_0149	treatment_BASE	1	1	0	0.56496338	SYNTHETIC_TEACHING_FIXTURE
SYN_REG_0150	treatment_BASE	1	0	1	-0.06260892	SYNTHETIC_TEACHING_FIXTURE
SYN_REG_0151	treatment_BASE	1	0	0	-0.01328837	SYNTHETIC_TEACHING_FIXTURE
SYN_REG_0152	treatment_BASE	1	1	0	-1.11581042	SYNTHETIC_TEACHING_FIXTURE
SYN_REG_0153	treatment_BASE	1	0	1	-0.71283927	SYNTHETIC_TEACHING_FIXTURE
SYN_REG_0154	treatment_BASE	1	0	0	-0.75841199	SYNTHETIC_TEACHING_FIXTURE
SYN_REG_0155	treatment_BASE	1	1	0	0.21800477	SYNTHETIC_TEACHING_FIXTURE
SYN_REG_0156	treatment_BASE	1	0	1	1.59583506	SYNTHETIC_TEACHING_FIXTURE
SYN_REG_0157	treatment_BASE	1	0	0	-0.7715831	SYNTHETIC_TEACHING_FIXTURE
SYN_REG_0158	treatment_BASE	1	1	0	-0.02225809	SYNTHETIC_TEACHING_FIXTURE
SYN_REG_0159	treatment_BASE	1	0	1	-0.19421659	SYNTHETIC_TEACHING_FIXTURE
SYN_REG_0160	treatment_BASE	1	0	0	0.37889484	SYNTHETIC_TEACHING_FIXTURE
SYN_REG_0161	treatment_BASE	1	1	0	0.11472663	SYNTHETIC_TEACHING_FIXTURE
SYN_REG_0162	treatment_BASE	1	0	1	-0.08790278	SYNTHETIC_TEACHING_FIXTURE
SYN_REG_0163	treatment_BASE	1	0	0	-0.51035508	SYNTHETIC_TEACHING_FIXTURE
SYN_REG_0164	treatment_BASE	1	1	0	0.31673937	SYNTHETIC_TEACHING_FIXTURE
SYN_REG_0165	treatment_BASE	1	0	1	0.69855239	SYNTHETIC_TEACHING_FIXTURE
SYN_REG_0166	treatment_BASE	1	0	0	1.49186664	SYNTHETIC_TEACHING_FIXTURE
SYN_REG_0167	treatment_BASE	1	1	0	1.26955715	SYNTHETIC_TEACHING_FIXTURE
SYN_REG_0168	treatment_BASE	1	0	1	0.0082139	SYNTHETIC_TEACHING_FIXTURE
SYN_REG_0169	treatment_BASE	1	0	0	0.18974885	SYNTHETIC_TEACHING_FIXTURE
SYN_REG_0170	treatment_BASE	1	1	0	0.71753024	SYNTHETIC_TEACHING_FIXTURE
SYN_REG_0171	treatment_BASE	1	0	1	0.8124255	SYNTHETIC_TEACHING_FIXTURE
SYN_REG_0172	treatment_BASE	1	0	0	1.12238724	SYNTHETIC_TEACHING_FIXTURE
SYN_REG_0173	treatment_BASE	1	1	0	1.58372226	SYNTHETIC_TEACHING_FIXTURE
SYN_REG_0174	treatment_BASE	1	0	1	1.35437464	SYNTHETIC_TEACHING_FIXTURE
SYN_REG_0175	treatment_BASE	1	0	0	0.21496712	SYNTHETIC_TEACHING_FIXTURE
SYN_REG_0176	treatment_BASE	1	1	0	0.60824444	SYNTHETIC_TEACHING_FIXTURE
SYN_REG_0177	treatment_BASE	1	0	1	0.83586137	SYNTHETIC_TEACHING_FIXTURE
SYN_REG_0178	treatment_BASE	1	0	0	0.76100824	SYNTHETIC_TEACHING_FIXTURE
SYN_REG_0179	treatment_BASE	1	1	0	1.83613573	SYNTHETIC_TEACHING_FIXTURE
SYN_REG_0180	treatment_BASE	1	0	1	-0.21272298	SYNTHETIC_TEACHING_FIXTURE
SYN_REG_0181	treatment_BASE	1	0	0	0.78927212	SYNTHETIC_TEACHING_FIXTURE
SYN_REG_0182	treatment_BASE	1	1	0	1.28101349	SYNTHETIC_TEACHING_FIXTURE
SYN_REG_0183	treatment_BASE	1	0	1	1.59366673	SYNTHETIC_TEACHING_FIXTURE
SYN_REG_0184	treatment_BASE	1	0	0	0.41561719	SYNTHETIC_TEACHING_FIXTURE
SYN_REG_0185	treatment_BASE	1	1	0	0.63324787	SYNTHETIC_TEACHING_FIXTURE
SYN_REG_0186	treatment_BASE	1	0	1	0.99338356	SYNTHETIC_TEACHING_FIXTURE
SYN_REG_0187	treatment_BASE	1	0	0	1.21019067	SYNTHETIC_TEACHING_FIXTURE
SYN_REG_0188	treatment_BASE	1	1	0	-0.14617714	SYNTHETIC_TEACHING_FIXTURE
SYN_REG_0189	treatment_BASE	1	0	1	0.4164328	SYNTHETIC_TEACHING_FIXTURE
SYN_REG_0190	treatment_BASE	1	0	0	1.29422836	SYNTHETIC_TEACHING_FIXTURE
SYN_REG_0191	treatment_BASE	1	1	0	0.83106518	SYNTHETIC_TEACHING_FIXTURE
SYN_REG_0192	treatment_BASE	1	0	1	1.01660856	SYNTHETIC_TEACHING_FIXTURE
SYN_REG_0193	treatment_BASE	1	0	0	0.72523677	SYNTHETIC_TEACHING_FIXTURE
SYN_REG_0194	treatment_BASE	1	1	0	0.85848759	SYNTHETIC_TEACHING_FIXTURE
SYN_REG_0195	treatment_BASE	1	0	1	1.35881475	SYNTHETIC_TEACHING_FIXTURE
SYN_REG_0196	treatment_BASE	1	0	0	0.68488793	SYNTHETIC_TEACHING_FIXTURE
SYN_REG_0197	treatment_BASE	1	1	0	0.62307064	SYNTHETIC_TEACHING_FIXTURE
SYN_REG_0198	treatment_BASE	1	0	1	0.94494824	SYNTHETIC_TEACHING_FIXTURE
SYN_REG_0199	treatment_BASE	1	0	0	0.60880741	SYNTHETIC_TEACHING_FIXTURE
SYN_REG_0200	treatment_BASE	1	1	0	1.32751521	SYNTHETIC_TEACHING_FIXTURE
SYN_REG_0201	treatment_BASE	1	0	1	0.58394124	SYNTHETIC_TEACHING_FIXTURE
SYN_REG_0202	treatment_BASE	1	0	0	1.82347189	SYNTHETIC_TEACHING_FIXTURE
SYN_REG_0203	treatment_BASE	1	1	0	0.93872176	SYNTHETIC_TEACHING_FIXTURE
SYN_REG_0204	treatment_BASE	1	0	1	0.64281239	SYNTHETIC_TEACHING_FIXTURE
SYN_REG_0205	treatment_BASE	1	0	0	0.05660545	SYNTHETIC_TEACHING_FIXTURE
SYN_REG_0206	treatment_BASE	1	1	0	-0.17569825	SYNTHETIC_TEACHING_FIXTURE
SYN_REG_0207	treatment_BASE	1	0	1	0.98259363	SYNTHETIC_TEACHING_FIXTURE
SYN_REG_0208	treatment_BASE	1	0	0	1.75053445	SYNTHETIC_TEACHING_FIXTURE
SYN_REG_0209	treatment_BASE	1	1	0	0.73332523	SYNTHETIC_TEACHING_FIXTURE
SYN_REG_0210	treatment_BASE	1	0	1	1.11980315	SYNTHETIC_TEACHING_FIXTURE
SYN_REG_0211	treatment_BASE	1	0	0	1.61164796	SYNTHETIC_TEACHING_FIXTURE
SYN_REG_0212	treatment_BASE	1	1	0	1.21819558	SYNTHETIC_TEACHING_FIXTURE
SYN_REG_0213	treatment_BASE	1	0	1	1.05294698	SYNTHETIC_TEACHING_FIXTURE
SYN_REG_0214	treatment_BASE	1	0	0	0.74316428	SYNTHETIC_TEACHING_FIXTURE
SYN_REG_0215	treatment_BASE	1	1	0	1.94280561	SYNTHETIC_TEACHING_FIXTURE
SYN_REG_0216	treatment_BASE	1	0	1	1.11694453	SYNTHETIC_TEACHING_FIXTURE
SYN_REG_0217	treatment_BASE	1	0	0	-0.49215901	SYNTHETIC_TEACHING_FIXTURE
SYN_REG_0218	treatment_BASE	1	1	0	1.86693794	SYNTHETIC_TEACHING_FIXTURE
SYN_REG_0219	treatment_BASE	1	0	1	0.60835982	SYNTHETIC_TEACHING_FIXTURE
SYN_REG_0220	treatment_BASE	1	0	0	0.5834837	SYNTHETIC_TEACHING_FIXTURE
SYN_REG_0221	treatment_BASE	1	1	0	-0.48611554	SYNTHETIC_TEACHING_FIXTURE
SYN_REG_0222	treatment_BASE	1	0	1	0.82511918	SYNTHETIC_TEACHING_FIXTURE
SYN_REG_0223	treatment_BASE	1	0	0	-1.41455055	SYNTHETIC_TEACHING_FIXTURE
SYN_REG_0224	treatment_BASE	1	1	0	-0.6845734	SYNTHETIC_TEACHING_FIXTURE
SYN_REG_0225	treatment_BASE	1	0	1	1.18434179	SYNTHETIC_TEACHING_FIXTURE
SYN_REG_0226	treatment_BASE	1	0	0	0.77390881	SYNTHETIC_TEACHING_FIXTURE
SYN_REG_0227	treatment_BASE	1	1	0	0.3850517	SYNTHETIC_TEACHING_FIXTURE
SYN_REG_0228	treatment_BASE	1	0	1	0.70551292	SYNTHETIC_TEACHING_FIXTURE
SYN_REG_0229	treatment_BASE	1	0	0	0.04913167	SYNTHETIC_TEACHING_FIXTURE
SYN_REG_0230	treatment_BASE	1	1	0	0.00989883	SYNTHETIC_TEACHING_FIXTURE
SYN_REG_0231	treatment_BASE	1	0	1	0.34939759	SYNTHETIC_TEACHING_FIXTURE
SYN_REG_0232	treatment_BASE	1	0	0	-0.21129268	SYNTHETIC_TEACHING_FIXTURE
SYN_REG_0233	treatment_BASE	1	1	0	0.24455388	SYNTHETIC_TEACHING_FIXTURE
SYN_REG_0234	treatment_BASE	1	0	1	0.58075042	SYNTHETIC_TEACHING_FIXTURE
SYN_REG_0235	treatment_BASE	1	0	0	-1.50926478	SYNTHETIC_TEACHING_FIXTURE
SYN_REG_0236	treatment_BASE	1	1	0	-0.23002386	SYNTHETIC_TEACHING_FIXTURE
SYN_REG_0237	treatment_BASE	1	0	1	1.30590949	SYNTHETIC_TEACHING_FIXTURE
SYN_REG_0238	treatment_BASE	1	0	0	-0.27956324	SYNTHETIC_TEACHING_FIXTURE
SYN_REG_0239	treatment_BASE	1	1	0	1.29074113	SYNTHETIC_TEACHING_FIXTURE
SYN_REG_0240	treatment_BASE	1	0	1	0.08079725	SYNTHETIC_TEACHING_FIXTURE
SYN_REG_0241	treatment_BASE	1	0	0	-0.74128816	SYNTHETIC_TEACHING_FIXTURE
SYN_REG_0242	treatment_BASE	1	1	0	0.54117939	SYNTHETIC_TEACHING_FIXTURE
SYN_REG_0243	treatment_BASE	1	0	1	-0.01476244	SYNTHETIC_TEACHING_FIXTURE
SYN_REG_0244	treatment_BASE	1	0	0	0.12555634	SYNTHETIC_TEACHING_FIXTURE
SYN_REG_0245	treatment_BASE	1	1	0	-1.09500639	SYNTHETIC_TEACHING_FIXTURE
SYN_REG_0246	treatment_BASE	1	0	1	0.3741643	SYNTHETIC_TEACHING_FIXTURE
SYN_REG_0247	treatment_BASE	1	0	0	-0.61663506	SYNTHETIC_TEACHING_FIXTURE
SYN_REG_0248	treatment_BASE	1	1	0	-1.3456832	SYNTHETIC_TEACHING_FIXTURE
SYN_REG_0249	treatment_BASE	1	0	1	0.04883925	SYNTHETIC_TEACHING_FIXTURE
SYN_REG_0250	treatment_BASE	1	0	0	0.02755381	SYNTHETIC_TEACHING_FIXTURE
SYN_REG_0251	treatment_BASE	1	1	0	0.62951794	SYNTHETIC_TEACHING_FIXTURE
SYN_REG_0252	treatment_BASE	1	0	1	-0.03101695	SYNTHETIC_TEACHING_FIXTURE
SYN_REG_0253	treatment_BASE	1	0	0	0.16024962	SYNTHETIC_TEACHING_FIXTURE
SYN_REG_0254	treatment_BASE	1	1	0	-0.41017029	SYNTHETIC_TEACHING_FIXTURE
SYN_REG_0255	treatment_BASE	1	0	1	0.59611373	SYNTHETIC_TEACHING_FIXTURE
SYN_REG_0256	treatment_BASE	1	0	0	-0.21667968	SYNTHETIC_TEACHING_FIXTURE
SYN_REG_0257	treatment_BASE	1	1	0	0.26019172	SYNTHETIC_TEACHING_FIXTURE
SYN_REG_0258	treatment_BASE	1	0	1	0.75576048	SYNTHETIC_TEACHING_FIXTURE
SYN_REG_0259	treatment_BASE	1	0	0	0.85545988	SYNTHETIC_TEACHING_FIXTURE
SYN_REG_0260	treatment_BASE	1	1	0	0.56241112	SYNTHETIC_TEACHING_FIXTURE
SYN_REG_0261	treatment_BASE	1	0	1	1.40106336	SYNTHETIC_TEACHING_FIXTURE
SYN_REG_0262	treatment_BASE	1	0	0	-0.80177063	SYNTHETIC_TEACHING_FIXTURE
SYN_REG_0263	treatment_BASE	1	1	0	-0.67995228	SYNTHETIC_TEACHING_FIXTURE
SYN_REG_0264	treatment_BASE	1	0	1	-0.69266983	SYNTHETIC_TEACHING_FIXTURE
SYN_REG_0265	treatment_BASE	1	0	0	0.67858585	SYNTHETIC_TEACHING_FIXTURE
SYN_REG_0266	treatment_BASE	1	1	0	-0.15567005	SYNTHETIC_TEACHING_FIXTURE
SYN_REG_0267	treatment_BASE	1	0	1	0.41203646	SYNTHETIC_TEACHING_FIXTURE
SYN_REG_0268	treatment_BASE	1	0	0	0.92093747	SYNTHETIC_TEACHING_FIXTURE
SYN_REG_0269	treatment_BASE	1	1	0	-0.10891768	SYNTHETIC_TEACHING_FIXTURE
SYN_REG_0270	treatment_BASE	1	0	1	1.22763279	SYNTHETIC_TEACHING_FIXTURE
SYN_REG_0271	treatment_BASE	1	0	0	0.45736052	SYNTHETIC_TEACHING_FIXTURE
SYN_REG_0272	treatment_BASE	1	1	0	0.24571165	SYNTHETIC_TEACHING_FIXTURE
SYN_REG_0273	treatment_BASE	1	0	1	1.13632025	SYNTHETIC_TEACHING_FIXTURE
SYN_REG_0274	treatment_BASE	1	0	0	0.91813655	SYNTHETIC_TEACHING_FIXTURE
SYN_REG_0275	treatment_BASE	1	1	0	0.75594549	SYNTHETIC_TEACHING_FIXTURE
SYN_REG_0276	treatment_BASE	1	0	1	1.29329538	SYNTHETIC_TEACHING_FIXTURE
SYN_REG_0277	treatment_BASE	1	0	0	0.06866654	SYNTHETIC_TEACHING_FIXTURE
SYN_REG_0278	treatment_BASE	1	1	0	0.95301085	SYNTHETIC_TEACHING_FIXTURE
SYN_REG_0279	treatment_BASE	1	0	1	2.01022276	SYNTHETIC_TEACHING_FIXTURE
SYN_REG_0280	treatment_BASE	1	0	0	0.10738216	SYNTHETIC_TEACHING_FIXTURE
SYN_REG_0281	treatment_BASE	1	1	0	0.87408564	SYNTHETIC_TEACHING_FIXTURE
SYN_REG_0282	treatment_BASE	1	0	1	0.22319683	SYNTHETIC_TEACHING_FIXTURE
SYN_REG_0283	treatment_BASE	1	0	0	-0.00857971	SYNTHETIC_TEACHING_FIXTURE
SYN_REG_0284	treatment_BASE	1	1	0	0.12478052	SYNTHETIC_TEACHING_FIXTURE
SYN_REG_0285	treatment_BASE	1	0	1	0.77915855	SYNTHETIC_TEACHING_FIXTURE
SYN_REG_0286	treatment_BASE	1	0	0	0.23751974	SYNTHETIC_TEACHING_FIXTURE
SYN_REG_0287	treatment_BASE	1	1	0	0.32232331	SYNTHETIC_TEACHING_FIXTURE
SYN_REG_0288	treatment_BASE	1	0	1	1.06555114	SYNTHETIC_TEACHING_FIXTURE
SYN_REG_0289	treatment_BASE	1	0	0	1.6806824	SYNTHETIC_TEACHING_FIXTURE
SYN_REG_0290	treatment_BASE	1	1	0	0.47996088	SYNTHETIC_TEACHING_FIXTURE
SYN_REG_0291	treatment_BASE	1	0	1	0.18499842	SYNTHETIC_TEACHING_FIXTURE
SYN_REG_0292	treatment_BASE	1	0	0	0.3364831	SYNTHETIC_TEACHING_FIXTURE
SYN_REG_0293	treatment_BASE	1	1	0	-0.53210004	SYNTHETIC_TEACHING_FIXTURE
SYN_REG_0294	treatment_BASE	1	0	1	0.08356435	SYNTHETIC_TEACHING_FIXTURE
SYN_REG_0295	treatment_BASE	1	0	0	1.0838407	SYNTHETIC_TEACHING_FIXTURE
SYN_REG_0296	treatment_BASE	1	1	0	1.6145384	SYNTHETIC_TEACHING_FIXTURE
SYN_REG_0297	treatment_BASE	1	0	1	0.65853576	SYNTHETIC_TEACHING_FIXTURE
SYN_REG_0298	treatment_BASE	1	0	0	0.09987059	SYNTHETIC_TEACHING_FIXTURE
SYN_REG_0299	treatment_BASE	1	1	0	0.28729783	SYNTHETIC_TEACHING_FIXTURE
SYN_REG_0300	treatment_BASE	1	0	1	0.09213821	SYNTHETIC_TEACHING_FIXTURE
SYN_REG_0301	treatment_BASE	1	0	0	0.95116081	SYNTHETIC_TEACHING_FIXTURE
SYN_REG_0302	treatment_BASE	1	1	0	0.99951257	SYNTHETIC_TEACHING_FIXTURE
SYN_REG_0303	treatment_BASE	1	0	1	0.50224495	SYNTHETIC_TEACHING_FIXTURE
SYN_REG_0304	treatment_BASE	1	0	0	-0.38019959	SYNTHETIC_TEACHING_FIXTURE
SYN_REG_0305	treatment_BASE	1	1	0	0.78061073	SYNTHETIC_TEACHING_FIXTURE
SYN_REG_0306	treatment_BASE	1	0	1	1.37745045	SYNTHETIC_TEACHING_FIXTURE
SYN_REG_0307	treatment_BASE	1	0	0	1.42661782	SYNTHETIC_TEACHING_FIXTURE
SYN_REG_0308	treatment_BASE	1	1	0	0.44041771	SYNTHETIC_TEACHING_FIXTURE
SYN_REG_0309	treatment_BASE	1	0	1	0.46898197	SYNTHETIC_TEACHING_FIXTURE
SYN_REG_0310	treatment_BASE	1	0	0	0.91934803	SYNTHETIC_TEACHING_FIXTURE
SYN_REG_0311	treatment_BASE	1	1	0	0.44972561	SYNTHETIC_TEACHING_FIXTURE
SYN_REG_0312	treatment_BASE	1	0	1	0.06860885	SYNTHETIC_TEACHING_FIXTURE
SYN_REG_0313	treatment_BASE	1	0	0	0.9925023	SYNTHETIC_TEACHING_FIXTURE
SYN_REG_0314	treatment_BASE	1	1	0	1.01183226	SYNTHETIC_TEACHING_FIXTURE
SYN_REG_0315	treatment_BASE	1	0	1	1.57138864	SYNTHETIC_TEACHING_FIXTURE
SYN_REG_0316	treatment_BASE	1	0	0	-0.26779855	SYNTHETIC_TEACHING_FIXTURE
SYN_REG_0317	treatment_BASE	1	1	0	-0.28550724	SYNTHETIC_TEACHING_FIXTURE
SYN_REG_0318	treatment_BASE	1	0	1	1.33550421	SYNTHETIC_TEACHING_FIXTURE
SYN_REG_0319	treatment_BASE	1	0	0	1.50032114	SYNTHETIC_TEACHING_FIXTURE
SYN_REG_0320	treatment_BASE	1	1	0	0.0419364	SYNTHETIC_TEACHING_FIXTURE
SYN_REG_0321	treatment_BASE	1	0	1	1.47993884	SYNTHETIC_TEACHING_FIXTURE
SYN_REG_0322	treatment_BASE	1	0	0	0.14254889	SYNTHETIC_TEACHING_FIXTURE
SYN_REG_0323	treatment_BASE	1	1	0	0.89115974	SYNTHETIC_TEACHING_FIXTURE
SYN_REG_0324	treatment_BASE	1	0	1	-0.24864564	SYNTHETIC_TEACHING_FIXTURE
SYN_REG_0325	treatment_BASE	1	0	0	-0.84876371	SYNTHETIC_TEACHING_FIXTURE
SYN_REG_0326	treatment_BASE	1	1	0	-1.37395703	SYNTHETIC_TEACHING_FIXTURE
SYN_REG_0327	treatment_BASE	1	0	1	0.75735789	SYNTHETIC_TEACHING_FIXTURE
SYN_REG_0328	treatment_BASE	1	0	0	0.30113336	SYNTHETIC_TEACHING_FIXTURE
SYN_REG_0329	treatment_BASE	1	1	0	1.14538745	SYNTHETIC_TEACHING_FIXTURE
SYN_REG_0330	treatment_BASE	1	0	1	0.55936551	SYNTHETIC_TEACHING_FIXTURE
SYN_REG_0331	treatment_BASE	1	0	0	0.65258579	SYNTHETIC_TEACHING_FIXTURE
SYN_REG_0332	treatment_BASE	1	1	0	0.53864901	SYNTHETIC_TEACHING_FIXTURE
SYN_REG_0333	treatment_BASE	1	0	1	-0.32858539	SYNTHETIC_TEACHING_FIXTURE
SYN_REG_0334	treatment_BASE	1	0	0	0.07034152	SYNTHETIC_TEACHING_FIXTURE
SYN_REG_0335	treatment_BASE	1	1	0	-0.66663595	SYNTHETIC_TEACHING_FIXTURE
SYN_REG_0336	treatment_BASE	1	0	1	0.28543386	SYNTHETIC_TEACHING_FIXTURE
SYN_REG_0337	treatment_BASE	1	0	0	0.61431178	SYNTHETIC_TEACHING_FIXTURE
SYN_REG_0338	treatment_BASE	1	1	0	-0.90724694	SYNTHETIC_TEACHING_FIXTURE
SYN_REG_0339	treatment_BASE	1	0	1	0.65387087	SYNTHETIC_TEACHING_FIXTURE
SYN_REG_0340	treatment_BASE	1	0	0	0.09143201	SYNTHETIC_TEACHING_FIXTURE
SYN_REG_0341	treatment_BASE	1	1	0	-0.31338719	SYNTHETIC_TEACHING_FIXTURE
SYN_REG_0342	treatment_BASE	1	0	1	2.14994674	SYNTHETIC_TEACHING_FIXTURE
SYN_REG_0343	treatment_BASE	1	0	0	-0.86535839	SYNTHETIC_TEACHING_FIXTURE
SYN_REG_0344	treatment_BASE	1	1	0	0.66256806	SYNTHETIC_TEACHING_FIXTURE
SYN_REG_0345	treatment_BASE	1	0	1	0.80152616	SYNTHETIC_TEACHING_FIXTURE
SYN_REG_0346	treatment_BASE	1	0	0	1.11613688	SYNTHETIC_TEACHING_FIXTURE
SYN_REG_0347	treatment_BASE	1	1	0	-0.98668141	SYNTHETIC_TEACHING_FIXTURE
SYN_REG_0348	treatment_BASE	1	0	1	0.49890492	SYNTHETIC_TEACHING_FIXTURE
SYN_REG_0349	treatment_BASE	1	0	0	-0.0628914	SYNTHETIC_TEACHING_FIXTURE
SYN_REG_0350	treatment_BASE	1	1	0	-0.27007828	SYNTHETIC_TEACHING_FIXTURE
SYN_REG_0351	treatment_BASE	1	0	1	0.50093997	SYNTHETIC_TEACHING_FIXTURE
SYN_REG_0352	treatment_BASE	1	0	0	0.38522477	SYNTHETIC_TEACHING_FIXTURE
SYN_REG_0353	treatment_BASE	1	1	0	-0.73653772	SYNTHETIC_TEACHING_FIXTURE
SYN_REG_0354	treatment_BASE	1	0	1	2.59838319	SYNTHETIC_TEACHING_FIXTURE
SYN_REG_0355	treatment_BASE	1	0	0	0.54242867	SYNTHETIC_TEACHING_FIXTURE
SYN_REG_0356	treatment_BASE	1	1	0	0.36583314	SYNTHETIC_TEACHING_FIXTURE
SYN_REG_0357	treatment_BASE	1	0	1	0.70322126	SYNTHETIC_TEACHING_FIXTURE
SYN_REG_0358	treatment_BASE	1	0	0	-0.10985463	SYNTHETIC_TEACHING_FIXTURE
SYN_REG_0359	treatment_BASE	1	1	0	0.54890979	SYNTHETIC_TEACHING_FIXTURE
SYN_REG_0360	treatment_BASE	1	0	1	0.37056765	SYNTHETIC_TEACHING_FIXTURE
SYN_REG_0361	treatment_BASE	1	0	0	-0.98350252	SYNTHETIC_TEACHING_FIXTURE
SYN_REG_0362	treatment_BASE	1	1	0	-0.72179109	SYNTHETIC_TEACHING_FIXTURE
SYN_REG_0363	treatment_BASE	1	0	1	0.00404434	SYNTHETIC_TEACHING_FIXTURE
SYN_REG_0364	treatment_BASE	1	0	0	-0.45577881	SYNTHETIC_TEACHING_FIXTURE
SYN_REG_0365	treatment_BASE	1	1	0	1.57971184	SYNTHETIC_TEACHING_FIXTURE
SYN_REG_0366	treatment_BASE	1	0	1	1.05528639	SYNTHETIC_TEACHING_FIXTURE
SYN_REG_0367	treatment_BASE	1	0	0	0.30789497	SYNTHETIC_TEACHING_FIXTURE
SYN_REG_0368	treatment_BASE	1	1	0	0.60500587	SYNTHETIC_TEACHING_FIXTURE
SYN_REG_0369	treatment_BASE	1	0	1	0.66412767	SYNTHETIC_TEACHING_FIXTURE
SYN_REG_0370	treatment_BASE	1	0	0	-0.47396294	SYNTHETIC_TEACHING_FIXTURE
SYN_REG_0371	treatment_BASE	1	1	0	-0.86683246	SYNTHETIC_TEACHING_FIXTURE
SYN_REG_0372	treatment_BASE	1	0	1	0.11107031	SYNTHETIC_TEACHING_FIXTURE
SYN_REG_0373	treatment_BASE	1	0	0	-0.83696919	SYNTHETIC_TEACHING_FIXTURE
SYN_REG_0374	treatment_BASE	1	1	0	-0.50659332	SYNTHETIC_TEACHING_FIXTURE
SYN_REG_0375	treatment_BASE	1	0	1	0.97545207	SYNTHETIC_TEACHING_FIXTURE
SYN_REG_0376	treatment_BASE	1	0	0	-0.16072882	SYNTHETIC_TEACHING_FIXTURE
SYN_REG_0377	treatment_BASE	1	1	0	0.71567423	SYNTHETIC_TEACHING_FIXTURE
SYN_REG_0378	treatment_BASE	1	0	1	0.17583175	SYNTHETIC_TEACHING_FIXTURE
SYN_REG_0379	treatment_BASE	1	0	0	-1.17352578	SYNTHETIC_TEACHING_FIXTURE
SYN_REG_0380	treatment_BASE	1	1	0	-1.65921572	SYNTHETIC_TEACHING_FIXTURE
SYN_REG_0381	treatment_BASE	1	0	1	0.16272629	SYNTHETIC_TEACHING_FIXTURE
SYN_REG_0382	treatment_BASE	1	0	0	-0.96977043	SYNTHETIC_TEACHING_FIXTURE
SYN_REG_0383	treatment_BASE	1	1	0	-1.59843087	SYNTHETIC_TEACHING_FIXTURE
SYN_REG_0384	treatment_BASE	1	0	1	-0.75146737	SYNTHETIC_TEACHING_FIXTURE
SYN_REG_0385	treatment_BASE	1	0	0	-1.08594118	SYNTHETIC_TEACHING_FIXTURE
SYN_REG_0386	treatment_BASE	1	1	0	-0.58287277	SYNTHETIC_TEACHING_FIXTURE
SYN_REG_0387	treatment_BASE	1	0	1	-0.00908698	SYNTHETIC_TEACHING_FIXTURE
SYN_REG_0388	treatment_BASE	1	0	0	-1.54440366	SYNTHETIC_TEACHING_FIXTURE
SYN_REG_0389	treatment_BASE	1	1	0	-1.30428203	SYNTHETIC_TEACHING_FIXTURE
SYN_REG_0390	treatment_BASE	1	0	1	-1.12791129	SYNTHETIC_TEACHING_FIXTURE
SYN_REG_0391	treatment_BASE	1	0	0	0.17762212	SYNTHETIC_TEACHING_FIXTURE
SYN_REG_0392	treatment_BASE	1	1	0	-0.57519211	SYNTHETIC_TEACHING_FIXTURE
SYN_REG_0393	treatment_BASE	1	0	1	-0.95219701	SYNTHETIC_TEACHING_FIXTURE
SYN_REG_0394	treatment_BASE	1	0	0	-1.59924648	SYNTHETIC_TEACHING_FIXTURE
SYN_REG_0395	treatment_BASE	1	1	0	-1.05889872	SYNTHETIC_TEACHING_FIXTURE
SYN_REG_0396	treatment_BASE	1	0	1	-1.75403539	SYNTHETIC_TEACHING_FIXTURE
SYN_REG_0397	treatment_BASE	1	0	0	-0.39687982	SYNTHETIC_TEACHING_FIXTURE
SYN_REG_0398	treatment_BASE	1	1	0	0.49995925	SYNTHETIC_TEACHING_FIXTURE
SYN_REG_0399	treatment_BASE	1	0	1	0.27092992	SYNTHETIC_TEACHING_FIXTURE
SYN_REG_0400	treatment_BASE	1	0	0	0.41904076	SYNTHETIC_TEACHING_FIXTURE
SYN_REG_0401	treatment_BASE	1	1	0	-1.28595069	SYNTHETIC_TEACHING_FIXTURE
SYN_REG_0402	treatment_BASE	1	0	1	-0.92416588	SYNTHETIC_TEACHING_FIXTURE
SYN_REG_0403	treatment_BASE	1	0	0	-0.51174161	SYNTHETIC_TEACHING_FIXTURE
SYN_REG_0404	treatment_BASE	1	1	0	0.26519678	SYNTHETIC_TEACHING_FIXTURE
SYN_REG_0405	treatment_BASE	1	0	1	0.31330784	SYNTHETIC_TEACHING_FIXTURE
SYN_REG_0406	treatment_BASE	1	0	0	0.2751512	SYNTHETIC_TEACHING_FIXTURE
SYN_REG_0407	treatment_BASE	1	1	0	-0.07457054	SYNTHETIC_TEACHING_FIXTURE
SYN_REG_0408	treatment_BASE	1	0	1	-2.24855977	SYNTHETIC_TEACHING_FIXTURE
SYN_REG_0409	treatment_BASE	1	0	0	-0.75439561	SYNTHETIC_TEACHING_FIXTURE
SYN_REG_0410	treatment_BASE	1	1	0	-0.74142741	SYNTHETIC_TEACHING_FIXTURE
SYN_REG_0411	treatment_BASE	1	0	1	-1.07180924	SYNTHETIC_TEACHING_FIXTURE
SYN_REG_0412	treatment_BASE	1	0	0	-1.29095178	SYNTHETIC_TEACHING_FIXTURE
SYN_REG_0413	treatment_BASE	1	1	0	-0.86597706	SYNTHETIC_TEACHING_FIXTURE
SYN_REG_0414	treatment_BASE	1	0	1	-0.02307171	SYNTHETIC_TEACHING_FIXTURE
SYN_REG_0415	treatment_BASE	1	0	0	-0.39253321	SYNTHETIC_TEACHING_FIXTURE
SYN_REG_0416	treatment_BASE	1	1	0	-1.61188645	SYNTHETIC_TEACHING_FIXTURE
SYN_REG_0417	treatment_BASE	1	0	1	-1.49623889	SYNTHETIC_TEACHING_FIXTURE
SYN_REG_0418	treatment_BASE	1	0	0	-0.56986677	SYNTHETIC_TEACHING_FIXTURE
SYN_REG_0419	treatment_BASE	1	1	0	-1.30736743	SYNTHETIC_TEACHING_FIXTURE
SYN_REG_0420	treatment_BASE	1	0	1	0.17337697	SYNTHETIC_TEACHING_FIXTURE
SYN_REG_0421	treatment_BASE	1	0	0	-1.0678406	SYNTHETIC_TEACHING_FIXTURE
SYN_REG_0422	treatment_BASE	1	1	0	0.02279542	SYNTHETIC_TEACHING_FIXTURE
SYN_REG_0423	treatment_BASE	1	0	1	-0.64540223	SYNTHETIC_TEACHING_FIXTURE
SYN_REG_0424	treatment_BASE	1	0	0	-1.20499242	SYNTHETIC_TEACHING_FIXTURE
SYN_REG_0425	treatment_BASE	1	1	0	-1.5715217	SYNTHETIC_TEACHING_FIXTURE
SYN_REG_0426	treatment_BASE	1	0	1	0.0227994	SYNTHETIC_TEACHING_FIXTURE
SYN_REG_0427	treatment_BASE	1	0	0	-0.45142823	SYNTHETIC_TEACHING_FIXTURE
SYN_REG_0428	treatment_BASE	1	1	0	-0.99150545	SYNTHETIC_TEACHING_FIXTURE
SYN_REG_0429	treatment_BASE	1	0	1	-0.69873319	SYNTHETIC_TEACHING_FIXTURE
SYN_REG_0430	treatment_BASE	1	0	0	-0.97759631	SYNTHETIC_TEACHING_FIXTURE
SYN_REG_0431	treatment_BASE	1	1	0	-1.21138402	SYNTHETIC_TEACHING_FIXTURE
SYN_REG_0432	treatment_BASE	1	0	1	-0.84776309	SYNTHETIC_TEACHING_FIXTURE
SYN_REG_0433	treatment_BASE	1	0	0	-0.07402945	SYNTHETIC_TEACHING_FIXTURE
SYN_REG_0434	treatment_BASE	1	1	0	0.95078483	SYNTHETIC_TEACHING_FIXTURE
SYN_REG_0435	treatment_BASE	1	0	1	0.21780385	SYNTHETIC_TEACHING_FIXTURE
SYN_REG_0436	treatment_BASE	1	0	0	0.60684	SYNTHETIC_TEACHING_FIXTURE
SYN_REG_0437	treatment_BASE	1	1	0	-0.27074669	SYNTHETIC_TEACHING_FIXTURE
SYN_REG_0438	treatment_BASE	1	0	1	-0.91510067	SYNTHETIC_TEACHING_FIXTURE
SYN_REG_0439	treatment_BASE	1	0	0	-0.45699228	SYNTHETIC_TEACHING_FIXTURE
SYN_REG_0440	treatment_BASE	1	1	0	0.61414866	SYNTHETIC_TEACHING_FIXTURE
SYN_REG_0441	treatment_BASE	1	0	1	1.61491835	SYNTHETIC_TEACHING_FIXTURE
SYN_REG_0442	treatment_BASE	1	0	0	0.86435401	SYNTHETIC_TEACHING_FIXTURE
SYN_REG_0443	treatment_BASE	1	1	0	-0.19297726	SYNTHETIC_TEACHING_FIXTURE
SYN_REG_0444	treatment_BASE	1	0	1	0.13972807	SYNTHETIC_TEACHING_FIXTURE
SYN_REG_0445	treatment_BASE	1	0	0	0.76237687	SYNTHETIC_TEACHING_FIXTURE
SYN_REG_0446	treatment_BASE	1	1	0	1.15549704	SYNTHETIC_TEACHING_FIXTURE
SYN_REG_0447	treatment_BASE	1	0	1	0.85448513	SYNTHETIC_TEACHING_FIXTURE
SYN_REG_0448	treatment_BASE	1	0	0	0.63493081	SYNTHETIC_TEACHING_FIXTURE
SYN_REG_0449	treatment_BASE	1	1	0	0.07606472	SYNTHETIC_TEACHING_FIXTURE
SYN_REG_0450	treatment_BASE	1	0	1	0.45202126	SYNTHETIC_TEACHING_FIXTURE
SYN_REG_0451	treatment_BASE	1	0	0	0.26798974	SYNTHETIC_TEACHING_FIXTURE
SYN_REG_0452	treatment_BASE	1	1	0	0.21910684	SYNTHETIC_TEACHING_FIXTURE
SYN_REG_0453	treatment_BASE	1	0	1	0.94021373	SYNTHETIC_TEACHING_FIXTURE
SYN_REG_0454	treatment_BASE	1	0	0	0.62454073	SYNTHETIC_TEACHING_FIXTURE
SYN_REG_0455	treatment_BASE	1	1	0	0.10588621	SYNTHETIC_TEACHING_FIXTURE
SYN_REG_0456	treatment_BASE	1	0	1	1.12160346	SYNTHETIC_TEACHING_FIXTURE
SYN_REG_0457	treatment_BASE	1	0	0	-0.17822665	SYNTHETIC_TEACHING_FIXTURE
SYN_REG_0458	treatment_BASE	1	1	0	0.19980075	SYNTHETIC_TEACHING_FIXTURE
SYN_REG_0459	treatment_BASE	1	0	1	1.32382905	SYNTHETIC_TEACHING_FIXTURE
SYN_REG_0460	treatment_BASE	1	0	0	1.07265093	SYNTHETIC_TEACHING_FIXTURE
SYN_REG_0461	treatment_BASE	1	1	0	-0.15899217	SYNTHETIC_TEACHING_FIXTURE
SYN_REG_0462	treatment_BASE	1	0	1	0.40481931	SYNTHETIC_TEACHING_FIXTURE
SYN_REG_0463	treatment_BASE	1	0	0	-0.42639297	SYNTHETIC_TEACHING_FIXTURE
SYN_REG_0464	treatment_BASE	1	1	0	0.50609025	SYNTHETIC_TEACHING_FIXTURE
SYN_REG_0465	treatment_BASE	1	0	1	0.78452169	SYNTHETIC_TEACHING_FIXTURE
SYN_REG_0466	treatment_BASE	1	0	0	0.97556745	SYNTHETIC_TEACHING_FIXTURE
SYN_REG_0467	treatment_BASE	1	1	0	-0.00121734	SYNTHETIC_TEACHING_FIXTURE
SYN_REG_0468	treatment_BASE	1	0	1	0.67360466	SYNTHETIC_TEACHING_FIXTURE
SYN_REG_0469	treatment_BASE	1	0	0	1.18523697	SYNTHETIC_TEACHING_FIXTURE
SYN_REG_0470	treatment_BASE	1	1	0	-0.03489408	SYNTHETIC_TEACHING_FIXTURE
SYN_REG_0471	treatment_BASE	1	0	1	0.62145136	SYNTHETIC_TEACHING_FIXTURE
SYN_REG_0472	treatment_BASE	1	0	0	0.04352386	SYNTHETIC_TEACHING_FIXTURE
SYN_REG_0473	treatment_BASE	1	1	0	1.35520816	SYNTHETIC_TEACHING_FIXTURE
SYN_REG_0474	treatment_BASE	1	0	1	1.40436757	SYNTHETIC_TEACHING_FIXTURE
SYN_REG_0475	treatment_BASE	1	0	0	0.74556138	SYNTHETIC_TEACHING_FIXTURE
SYN_REG_0476	treatment_BASE	1	1	0	1.14193403	SYNTHETIC_TEACHING_FIXTURE
SYN_REG_0477	treatment_BASE	1	0	1	0.52756467	SYNTHETIC_TEACHING_FIXTURE
SYN_REG_0478	treatment_BASE	1	0	0	0.7279064	SYNTHETIC_TEACHING_FIXTURE
SYN_REG_0479	treatment_BASE	1	1	0	-0.10930957	SYNTHETIC_TEACHING_FIXTURE
SYN_REG_0480	treatment_BASE	1	0	1	1.40723415	SYNTHETIC_TEACHING_FIXTURE
SYN_REG_0481	treatment_BASE	1	0	0	0.80568777	SYNTHETIC_TEACHING_FIXTURE
SYN_REG_0482	treatment_BASE	1	1	0	1.29547366	SYNTHETIC_TEACHING_FIXTURE
SYN_REG_0483	treatment_BASE	1	0	1	0.17071728	SYNTHETIC_TEACHING_FIXTURE
SYN_REG_0484	treatment_BASE	1	0	0	2.77845004	SYNTHETIC_TEACHING_FIXTURE
SYN_REG_0485	treatment_BASE	1	1	0	1.23644735	SYNTHETIC_TEACHING_FIXTURE
SYN_REG_0486	treatment_BASE	1	0	1	1.29741123	SYNTHETIC_TEACHING_FIXTURE
SYN_REG_0487	treatment_BASE	1	0	0	0.38985385	SYNTHETIC_TEACHING_FIXTURE
SYN_REG_0488	treatment_BASE	1	1	0	0.46471096	SYNTHETIC_TEACHING_FIXTURE
SYN_REG_0489	treatment_BASE	1	0	1	1.0551352	SYNTHETIC_TEACHING_FIXTURE
SYN_REG_0490	treatment_BASE	1	0	0	0.41057632	SYNTHETIC_TEACHING_FIXTURE
SYN_REG_0491	treatment_BASE	1	1	0	0.95649211	SYNTHETIC_TEACHING_FIXTURE
SYN_REG_0492	treatment_BASE	1	0	1	1.43810997	SYNTHETIC_TEACHING_FIXTURE
SYN_REG_0493	treatment_BASE	1	0	0	-0.55102419	SYNTHETIC_TEACHING_FIXTURE
SYN_REG_0494	treatment_BASE	1	1	0	-0.54438393	SYNTHETIC_TEACHING_FIXTURE
SYN_REG_0495	treatment_BASE	1	0	1	0.70413434	SYNTHETIC_TEACHING_FIXTURE
SYN_REG_0496	treatment_BASE	1	0	0	-0.49422589	SYNTHETIC_TEACHING_FIXTURE
SYN_REG_0497	treatment_BASE	1	1	0	0.27936055	SYNTHETIC_TEACHING_FIXTURE
SYN_REG_0498	treatment_BASE	1	0	1	0.85258138	SYNTHETIC_TEACHING_FIXTURE
SYN_REG_0499	treatment_BASE	1	0	0	0.01325079	SYNTHETIC_TEACHING_FIXTURE
SYN_REG_0500	treatment_BASE	1	1	0	-0.94609784	SYNTHETIC_TEACHING_FIXTURE
SYN_REG_0501	treatment_BASE	1	0	1	0.22794925	SYNTHETIC_TEACHING_FIXTURE
SYN_REG_0502	treatment_BASE	1	0	0	0.0914698	SYNTHETIC_TEACHING_FIXTURE
SYN_REG_0503	treatment_BASE	1	1	0	-0.53693601	SYNTHETIC_TEACHING_FIXTURE
SYN_REG_0504	treatment_BASE	1	0	1	0.89938945	SYNTHETIC_TEACHING_FIXTURE
SYN_REG_0505	treatment_BASE	1	0	0	0.20413542	SYNTHETIC_TEACHING_FIXTURE
SYN_REG_0506	treatment_BASE	1	1	0	0.16467381	SYNTHETIC_TEACHING_FIXTURE
SYN_REG_0507	treatment_BASE	1	0	1	1.299683	SYNTHETIC_TEACHING_FIXTURE
SYN_REG_0508	treatment_BASE	1	0	0	0.40863676	SYNTHETIC_TEACHING_FIXTURE
SYN_REG_0509	treatment_BASE	1	1	0	0.96499037	SYNTHETIC_TEACHING_FIXTURE
SYN_REG_0510	treatment_BASE	1	0	1	0.39459434	SYNTHETIC_TEACHING_FIXTURE
SYN_REG_0511	treatment_BASE	1	0	0	-0.77391257	SYNTHETIC_TEACHING_FIXTURE
SYN_REG_0512	treatment_BASE	1	1	0	0.3709675	SYNTHETIC_TEACHING_FIXTURE
SYN_REG_0513	treatment_BASE	1	0	1	0.24775067	SYNTHETIC_TEACHING_FIXTURE
SYN_REG_0514	treatment_BASE	1	0	0	-1.01004566	SYNTHETIC_TEACHING_FIXTURE
SYN_REG_0515	treatment_BASE	1	1	0	-0.26606986	SYNTHETIC_TEACHING_FIXTURE
SYN_REG_0516	treatment_BASE	1	0	1	0.44741405	SYNTHETIC_TEACHING_FIXTURE
SYN_REG_0517	treatment_BASE	1	0	0	0.18562505	SYNTHETIC_TEACHING_FIXTURE
SYN_REG_0518	treatment_BASE	1	1	0	0.91604381	SYNTHETIC_TEACHING_FIXTURE
SYN_REG_0519	treatment_BASE	1	0	1	-0.18480325	SYNTHETIC_TEACHING_FIXTURE
SYN_REG_0520	treatment_BASE	1	0	0	-0.32076349	SYNTHETIC_TEACHING_FIXTURE
SYN_REG_0521	treatment_BASE	1	1	0	1.05504767	SYNTHETIC_TEACHING_FIXTURE
SYN_REG_0522	treatment_BASE	1	0	1	0.29220939	SYNTHETIC_TEACHING_FIXTURE
SYN_REG_0523	treatment_BASE	1	0	0	0.45131108	SYNTHETIC_TEACHING_FIXTURE
SYN_REG_0524	treatment_BASE	1	1	0	1.85497036	SYNTHETIC_TEACHING_FIXTURE
SYN_REG_0525	treatment_BASE	1	0	1	0.88556187	SYNTHETIC_TEACHING_FIXTURE
SYN_REG_0526	treatment_BASE	1	0	0	1.95713847	SYNTHETIC_TEACHING_FIXTURE
SYN_REG_0527	treatment_BASE	1	1	0	0.54520373	SYNTHETIC_TEACHING_FIXTURE
SYN_REG_0528	treatment_BASE	1	0	1	0.14141698	SYNTHETIC_TEACHING_FIXTURE
SYN_REG_0529	treatment_BASE	1	0	0	0.379607	SYNTHETIC_TEACHING_FIXTURE
SYN_REG_0530	treatment_BASE	1	1	0	0.79438062	SYNTHETIC_TEACHING_FIXTURE
SYN_REG_0531	treatment_BASE	1	0	1	-0.15337639	SYNTHETIC_TEACHING_FIXTURE
SYN_REG_0532	treatment_BASE	1	0	0	-0.7150832	SYNTHETIC_TEACHING_FIXTURE
SYN_REG_0533	treatment_BASE	1	1	0	-0.00379347	SYNTHETIC_TEACHING_FIXTURE
SYN_REG_0534	treatment_BASE	1	0	1	1.21862925	SYNTHETIC_TEACHING_FIXTURE
SYN_REG_0535	treatment_BASE	1	0	0	0.5330034	SYNTHETIC_TEACHING_FIXTURE
SYN_REG_0536	treatment_BASE	1	1	0	0.0947601	SYNTHETIC_TEACHING_FIXTURE
SYN_REG_0537	treatment_BASE	1	0	1	0.79727504	SYNTHETIC_TEACHING_FIXTURE
SYN_REG_0538	treatment_BASE	1	0	0	0.3396242	SYNTHETIC_TEACHING_FIXTURE
SYN_REG_0539	treatment_BASE	1	1	0	0.30137605	SYNTHETIC_TEACHING_FIXTURE
SYN_REG_0540	treatment_BASE	1	0	1	0.94895269	SYNTHETIC_TEACHING_FIXTURE
SYN_REG_0541	treatment_BASE	1	0	0	1.15750423	SYNTHETIC_TEACHING_FIXTURE
SYN_REG_0542	treatment_BASE	1	1	0	-0.15394135	SYNTHETIC_TEACHING_FIXTURE
SYN_REG_0543	treatment_BASE	1	0	1	0.86349663	SYNTHETIC_TEACHING_FIXTURE
SYN_REG_0544	treatment_BASE	1	0	0	-0.15290493	SYNTHETIC_TEACHING_FIXTURE
SYN_REG_0545	treatment_BASE	1	1	0	1.24107643	SYNTHETIC_TEACHING_FIXTURE
SYN_REG_0546	treatment_BASE	1	0	1	0.88216615	SYNTHETIC_TEACHING_FIXTURE
SYN_REG_0547	treatment_BASE	1	0	0	1.6139993	SYNTHETIC_TEACHING_FIXTURE
SYN_REG_0548	treatment_BASE	1	1	0	1.10605713	SYNTHETIC_TEACHING_FIXTURE
SYN_REG_0549	treatment_BASE	1	0	1	0.42492907	SYNTHETIC_TEACHING_FIXTURE
SYN_REG_0550	treatment_BASE	1	0	0	0.99262365	SYNTHETIC_TEACHING_FIXTURE
SYN_REG_0551	treatment_BASE	1	1	0	1.68968395	SYNTHETIC_TEACHING_FIXTURE
SYN_REG_0552	treatment_BASE	1	0	1	-0.01996245	SYNTHETIC_TEACHING_FIXTURE
SYN_REG_0553	treatment_BASE	1	0	0	0.34448802	SYNTHETIC_TEACHING_FIXTURE
SYN_REG_0554	treatment_BASE	1	1	0	0.34291648	SYNTHETIC_TEACHING_FIXTURE
SYN_REG_0555	treatment_BASE	1	0	1	-0.67110589	SYNTHETIC_TEACHING_FIXTURE
SYN_REG_0556	treatment_BASE	1	0	0	1.577639	SYNTHETIC_TEACHING_FIXTURE
SYN_REG_0557	treatment_BASE	1	1	0	0.82848507	SYNTHETIC_TEACHING_FIXTURE
SYN_REG_0558	treatment_BASE	1	0	1	0.88084128	SYNTHETIC_TEACHING_FIXTURE
SYN_REG_0559	treatment_BASE	1	0	0	1.61540175	SYNTHETIC_TEACHING_FIXTURE
SYN_REG_0560	treatment_BASE	1	1	0	1.52039311	SYNTHETIC_TEACHING_FIXTURE
SYN_REG_0561	treatment_BASE	1	0	1	0.53585008	SYNTHETIC_TEACHING_FIXTURE
SYN_REG_0562	treatment_BASE	1	0	0	2.13865751	SYNTHETIC_TEACHING_FIXTURE
SYN_REG_0563	treatment_BASE	1	1	0	0.52064989	SYNTHETIC_TEACHING_FIXTURE
SYN_REG_0564	treatment_BASE	1	0	1	0.99661417	SYNTHETIC_TEACHING_FIXTURE
SYN_REG_0565	treatment_BASE	1	0	0	0.94563853	SYNTHETIC_TEACHING_FIXTURE
SYN_REG_0566	treatment_BASE	1	1	0	0.56987893	SYNTHETIC_TEACHING_FIXTURE
SYN_REG_0567	treatment_BASE	1	0	1	1.46400261	SYNTHETIC_TEACHING_FIXTURE
SYN_REG_0568	treatment_BASE	1	0	0	1.10961001	SYNTHETIC_TEACHING_FIXTURE
SYN_REG_0569	treatment_BASE	1	1	0	0.68639979	SYNTHETIC_TEACHING_FIXTURE
SYN_REG_0570	treatment_BASE	1	0	1	2.49254682	SYNTHETIC_TEACHING_FIXTURE
SYN_REG_0571	treatment_BASE	1	0	0	1.32959203	SYNTHETIC_TEACHING_FIXTURE
SYN_REG_0572	treatment_BASE	1	1	0	0.42072967	SYNTHETIC_TEACHING_FIXTURE
SYN_REG_0573	treatment_BASE	1	0	1	1.09448939	SYNTHETIC_TEACHING_FIXTURE
SYN_REG_0574	treatment_BASE	1	0	0	1.11579074	SYNTHETIC_TEACHING_FIXTURE
SYN_REG_0575	treatment_BASE	1	1	0	1.56961021	SYNTHETIC_TEACHING_FIXTURE
SYN_REG_0576	treatment_BASE	1	0	1	1.93263833	SYNTHETIC_TEACHING_FIXTURE
SYN_REG_0577	treatment_BASE	1	0	0	0.39832426	SYNTHETIC_TEACHING_FIXTURE
SYN_REG_0578	treatment_BASE	1	1	0	1.17639456	SYNTHETIC_TEACHING_FIXTURE
SYN_REG_0579	treatment_BASE	1	0	1	1.37357928	SYNTHETIC_TEACHING_FIXTURE
SYN_REG_0580	treatment_BASE	1	0	0	0.64639709	SYNTHETIC_TEACHING_FIXTURE
SYN_REG_0581	treatment_BASE	1	1	0	-0.13738844	SYNTHETIC_TEACHING_FIXTURE
SYN_REG_0582	treatment_BASE	1	0	1	-0.15225443	SYNTHETIC_TEACHING_FIXTURE
SYN_REG_0583	treatment_BASE	1	0	0	1.03318932	SYNTHETIC_TEACHING_FIXTURE
SYN_REG_0584	treatment_BASE	1	1	0	0.41841016	SYNTHETIC_TEACHING_FIXTURE
SYN_REG_0585	treatment_BASE	1	0	1	1.24629833	SYNTHETIC_TEACHING_FIXTURE
SYN_REG_0586	treatment_BASE	1	0	0	1.21303337	SYNTHETIC_TEACHING_FIXTURE
SYN_REG_0587	treatment_BASE	1	1	0	0.69866578	SYNTHETIC_TEACHING_FIXTURE
SYN_REG_0588	treatment_BASE	1	0	1	1.82344205	SYNTHETIC_TEACHING_FIXTURE
SYN_REG_0589	treatment_BASE	1	0	0	0.74842596	SYNTHETIC_TEACHING_FIXTURE
SYN_REG_0590	treatment_BASE	1	1	0	1.66962193	SYNTHETIC_TEACHING_FIXTURE
SYN_REG_0591	treatment_BASE	1	0	1	1.3085652	SYNTHETIC_TEACHING_FIXTURE
SYN_REG_0592	treatment_BASE	1	0	0	0.78653286	SYNTHETIC_TEACHING_FIXTURE
SYN_REG_0593	treatment_BASE	1	1	0	0.15579758	SYNTHETIC_TEACHING_FIXTURE
SYN_REG_0594	treatment_BASE	1	0	1	1.14244926	SYNTHETIC_TEACHING_FIXTURE
SYN_REG_0595	treatment_BASE	1	0	0	-0.20501248	SYNTHETIC_TEACHING_FIXTURE
SYN_REG_0596	treatment_BASE	1	1	0	0.73557512	SYNTHETIC_TEACHING_FIXTURE
SYN_REG_0597	treatment_BASE	1	0	1	0.08159694	SYNTHETIC_TEACHING_FIXTURE
SYN_REG_0598	treatment_BASE	1	0	0	-1.06112673	SYNTHETIC_TEACHING_FIXTURE
SYN_REG_0599	treatment_BASE	1	1	0	-0.0205851	SYNTHETIC_TEACHING_FIXTURE
SYN_REG_0600	treatment_BASE	1	0	1	0.48698309	SYNTHETIC_TEACHING_FIXTURE
SYN_REG_0601	treatment_BASE	1	0	0	0.21342741	SYNTHETIC_TEACHING_FIXTURE
SYN_REG_0602	treatment_BASE	1	1	0	-1.41812332	SYNTHETIC_TEACHING_FIXTURE
SYN_REG_0603	treatment_BASE	1	0	1	0.60775905	SYNTHETIC_TEACHING_FIXTURE
SYN_REG_0604	treatment_BASE	1	0	0	-0.33516398	SYNTHETIC_TEACHING_FIXTURE
SYN_REG_0605	treatment_BASE	1	1	0	-0.4301607	SYNTHETIC_TEACHING_FIXTURE
SYN_REG_0606	treatment_BASE	1	0	1	0.95030541	SYNTHETIC_TEACHING_FIXTURE
SYN_REG_0607	treatment_BASE	1	0	0	0.85009277	SYNTHETIC_TEACHING_FIXTURE
SYN_REG_0608	treatment_BASE	1	1	0	-0.23230359	SYNTHETIC_TEACHING_FIXTURE
SYN_REG_0609	treatment_BASE	1	0	1	0.51407726	SYNTHETIC_TEACHING_FIXTURE
SYN_REG_0610	treatment_BASE	1	0	0	0.66945897	SYNTHETIC_TEACHING_FIXTURE
SYN_REG_0611	treatment_BASE	1	1	0	0.79410809	SYNTHETIC_TEACHING_FIXTURE
SYN_REG_0612	treatment_BASE	1	0	1	1.01521406	SYNTHETIC_TEACHING_FIXTURE
SYN_REG_0613	treatment_BASE	1	0	0	-1.48532364	SYNTHETIC_TEACHING_FIXTURE
SYN_REG_0614	treatment_BASE	1	1	0	0.44158741	SYNTHETIC_TEACHING_FIXTURE
SYN_REG_0615	treatment_BASE	1	0	1	1.29988591	SYNTHETIC_TEACHING_FIXTURE
SYN_REG_0616	treatment_BASE	1	0	0	-0.20603299	SYNTHETIC_TEACHING_FIXTURE
SYN_REG_0617	treatment_BASE	1	1	0	-0.21306514	SYNTHETIC_TEACHING_FIXTURE
SYN_REG_0618	treatment_BASE	1	0	1	0.61017007	SYNTHETIC_TEACHING_FIXTURE
SYN_REG_0619	treatment_BASE	1	0	0	0.35483234	SYNTHETIC_TEACHING_FIXTURE
SYN_REG_0620	treatment_BASE	1	1	0	1.76864895	SYNTHETIC_TEACHING_FIXTURE
SYN_REG_0621	treatment_BASE	1	0	1	0.75513783	SYNTHETIC_TEACHING_FIXTURE
SYN_REG_0622	treatment_BASE	1	0	0	1.1917897	SYNTHETIC_TEACHING_FIXTURE
SYN_REG_0623	treatment_BASE	1	1	0	-0.27768335	SYNTHETIC_TEACHING_FIXTURE
SYN_REG_0624	treatment_BASE	1	0	1	0.29356609	SYNTHETIC_TEACHING_FIXTURE
SYN_REG_0625	treatment_BASE	1	0	0	-0.89334377	SYNTHETIC_TEACHING_FIXTURE
SYN_REG_0626	treatment_BASE	1	1	0	0.2654335	SYNTHETIC_TEACHING_FIXTURE
SYN_REG_0627	treatment_BASE	1	0	1	0.79518231	SYNTHETIC_TEACHING_FIXTURE
SYN_REG_0628	treatment_BASE	1	0	0	0.34419161	SYNTHETIC_TEACHING_FIXTURE
SYN_REG_0629	treatment_BASE	1	1	0	0.13880504	SYNTHETIC_TEACHING_FIXTURE
SYN_REG_0630	treatment_BASE	1	0	1	0.87303529	SYNTHETIC_TEACHING_FIXTURE
SYN_REG_0631	treatment_BASE	1	0	0	-0.52009068	SYNTHETIC_TEACHING_FIXTURE
SYN_REG_0632	treatment_BASE	1	1	0	-0.07362761	SYNTHETIC_TEACHING_FIXTURE
SYN_REG_0633	treatment_BASE	1	0	1	0.65317462	SYNTHETIC_TEACHING_FIXTURE
SYN_REG_0634	treatment_BASE	1	0	0	1.02305784	SYNTHETIC_TEACHING_FIXTURE
SYN_REG_0635	treatment_BASE	1	1	0	-0.21886194	SYNTHETIC_TEACHING_FIXTURE
SYN_REG_0636	treatment_BASE	1	0	1	-0.6489372	SYNTHETIC_TEACHING_FIXTURE
SYN_REG_0637	treatment_BASE	1	0	0	-0.81041013	SYNTHETIC_TEACHING_FIXTURE
SYN_REG_0638	treatment_BASE	1	1	0	-0.60252301	SYNTHETIC_TEACHING_FIXTURE
SYN_REG_0639	treatment_BASE	1	0	1	-0.19622179	SYNTHETIC_TEACHING_FIXTURE
SYN_REG_0640	treatment_BASE	1	0	0	0.30750109	SYNTHETIC_TEACHING_FIXTURE
SYN_REG_0641	treatment_BASE	1	1	0	-0.22790726	SYNTHETIC_TEACHING_FIXTURE
SYN_REG_0642	treatment_BASE	1	0	1	0.24771487	SYNTHETIC_TEACHING_FIXTURE
SYN_REG_0643	treatment_BASE	1	0	0	1.50206376	SYNTHETIC_TEACHING_FIXTURE
SYN_REG_0644	treatment_BASE	1	1	0	-0.23581072	SYNTHETIC_TEACHING_FIXTURE
SYN_REG_0645	treatment_BASE	1	0	1	0.73636288	SYNTHETIC_TEACHING_FIXTURE
SYN_REG_0646	treatment_BASE	1	0	0	0.33903139	SYNTHETIC_TEACHING_FIXTURE
SYN_REG_0647	treatment_BASE	1	1	0	-0.4528645	SYNTHETIC_TEACHING_FIXTURE
SYN_REG_0648	treatment_BASE	1	0	1	1.3707525	SYNTHETIC_TEACHING_FIXTURE
SYN_REG_0649	treatment_BASE	1	0	0	0.61675861	SYNTHETIC_TEACHING_FIXTURE
SYN_REG_0650	treatment_BASE	1	1	0	-0.24021899	SYNTHETIC_TEACHING_FIXTURE
SYN_REG_0651	treatment_BASE	1	0	1	-0.28886119	SYNTHETIC_TEACHING_FIXTURE
SYN_REG_0652	treatment_BASE	1	0	0	1.16922117	SYNTHETIC_TEACHING_FIXTURE
SYN_REG_0653	treatment_BASE	1	1	0	0.7823832	SYNTHETIC_TEACHING_FIXTURE
SYN_REG_0654	treatment_BASE	1	0	1	0.90479834	SYNTHETIC_TEACHING_FIXTURE
SYN_REG_0655	treatment_BASE	1	0	0	1.13463731	SYNTHETIC_TEACHING_FIXTURE
SYN_REG_0656	treatment_BASE	1	1	0	0.66106018	SYNTHETIC_TEACHING_FIXTURE
SYN_REG_0657	treatment_BASE	1	0	1	0.95073908	SYNTHETIC_TEACHING_FIXTURE
SYN_REG_0658	treatment_BASE	1	0	0	0.93749436	SYNTHETIC_TEACHING_FIXTURE
SYN_REG_0659	treatment_BASE	1	1	0	-0.46781802	SYNTHETIC_TEACHING_FIXTURE
SYN_REG_0660	treatment_BASE	1	0	1	-0.02186024	SYNTHETIC_TEACHING_FIXTURE
SYN_REG_0661	treatment_BASE	1	0	0	0.46790576	SYNTHETIC_TEACHING_FIXTURE
SYN_REG_0662	treatment_BASE	1	1	0	1.07403746	SYNTHETIC_TEACHING_FIXTURE
SYN_REG_0663	treatment_BASE	1	0	1	0.12353323	SYNTHETIC_TEACHING_FIXTURE
SYN_REG_0664	treatment_BASE	1	0	0	0.01329655	SYNTHETIC_TEACHING_FIXTURE
SYN_REG_0665	treatment_BASE	1	1	0	0.20221177	SYNTHETIC_TEACHING_FIXTURE
SYN_REG_0666	treatment_BASE	1	0	1	1.70790588	SYNTHETIC_TEACHING_FIXTURE
SYN_REG_0667	treatment_BASE	1	0	0	1.06456644	SYNTHETIC_TEACHING_FIXTURE
SYN_REG_0668	treatment_BASE	1	1	0	0.88476615	SYNTHETIC_TEACHING_FIXTURE
SYN_REG_0669	treatment_BASE	1	0	1	-0.17252135	SYNTHETIC_TEACHING_FIXTURE
SYN_REG_0670	treatment_BASE	1	0	0	0.82356753	SYNTHETIC_TEACHING_FIXTURE
SYN_REG_0671	treatment_BASE	1	1	0	0.57562401	SYNTHETIC_TEACHING_FIXTURE
SYN_REG_0672	treatment_BASE	1	0	1	0.55324446	SYNTHETIC_TEACHING_FIXTURE
SYN_REG_0673	treatment_BASE	1	0	0	0.62671105	SYNTHETIC_TEACHING_FIXTURE
SYN_REG_0674	treatment_BASE	1	1	0	1.0577173	SYNTHETIC_TEACHING_FIXTURE
SYN_REG_0675	treatment_BASE	1	0	1	0.72044456	SYNTHETIC_TEACHING_FIXTURE
SYN_REG_0676	treatment_BASE	1	0	0	0.06054425	SYNTHETIC_TEACHING_FIXTURE
SYN_REG_0677	treatment_BASE	1	1	0	0.24186436	SYNTHETIC_TEACHING_FIXTURE
SYN_REG_0678	treatment_BASE	1	0	1	0.31940701	SYNTHETIC_TEACHING_FIXTURE
SYN_REG_0679	treatment_BASE	1	0	0	0.54431253	SYNTHETIC_TEACHING_FIXTURE
SYN_REG_0680	treatment_BASE	1	1	0	0.01840306	SYNTHETIC_TEACHING_FIXTURE
SYN_REG_0681	treatment_BASE	1	0	1	0.0356562	SYNTHETIC_TEACHING_FIXTURE
SYN_REG_0682	treatment_BASE	1	0	0	-1.27922091	SYNTHETIC_TEACHING_FIXTURE
SYN_REG_0683	treatment_BASE	1	1	0	-0.27350385	SYNTHETIC_TEACHING_FIXTURE
SYN_REG_0684	treatment_BASE	1	0	1	1.59798947	SYNTHETIC_TEACHING_FIXTURE
SYN_REG_0685	treatment_BASE	1	0	0	1.08151522	SYNTHETIC_TEACHING_FIXTURE
SYN_REG_0686	treatment_BASE	1	1	0	-0.42794661	SYNTHETIC_TEACHING_FIXTURE
SYN_REG_0687	treatment_BASE	1	0	1	1.25319521	SYNTHETIC_TEACHING_FIXTURE
SYN_REG_0688	treatment_BASE	1	0	0	-0.44658828	SYNTHETIC_TEACHING_FIXTURE
SYN_REG_0689	treatment_BASE	1	1	0	0.480496	SYNTHETIC_TEACHING_FIXTURE
SYN_REG_0690	treatment_BASE	1	0	1	1.03229811	SYNTHETIC_TEACHING_FIXTURE
SYN_REG_0691	treatment_BASE	1	0	0	0.36955112	SYNTHETIC_TEACHING_FIXTURE
SYN_REG_0692	treatment_BASE	1	1	0	0.36798754	SYNTHETIC_TEACHING_FIXTURE
SYN_REG_0693	treatment_BASE	1	0	1	1.36469311	SYNTHETIC_TEACHING_FIXTURE
SYN_REG_0694	treatment_BASE	1	0	0	0.32453143	SYNTHETIC_TEACHING_FIXTURE
SYN_REG_0695	treatment_BASE	1	1	0	0.35613135	SYNTHETIC_TEACHING_FIXTURE
SYN_REG_0696	treatment_BASE	1	0	1	0.6317738	SYNTHETIC_TEACHING_FIXTURE
SYN_REG_0697	treatment_BASE	1	0	0	0.17850536	SYNTHETIC_TEACHING_FIXTURE
SYN_REG_0698	treatment_BASE	1	1	0	0.85994176	SYNTHETIC_TEACHING_FIXTURE
SYN_REG_0699	treatment_BASE	1	0	1	0.61373489	SYNTHETIC_TEACHING_FIXTURE
SYN_REG_0700	treatment_BASE	1	0	0	0.37514104	SYNTHETIC_TEACHING_FIXTURE
SYN_REG_0701	treatment_BASE	1	1	0	0.44133875	SYNTHETIC_TEACHING_FIXTURE
SYN_REG_0702	treatment_BASE	1	0	1	0.19162078	SYNTHETIC_TEACHING_FIXTURE
SYN_REG_0703	treatment_BASE	1	0	0	1.04722975	SYNTHETIC_TEACHING_FIXTURE
SYN_REG_0704	treatment_BASE	1	1	0	1.63784098	SYNTHETIC_TEACHING_FIXTURE
SYN_REG_0705	treatment_BASE	1	0	1	1.20213403	SYNTHETIC_TEACHING_FIXTURE
SYN_REG_0706	treatment_BASE	1	0	0	0.73129615	SYNTHETIC_TEACHING_FIXTURE
SYN_REG_0707	treatment_BASE	1	1	0	1.11925808	SYNTHETIC_TEACHING_FIXTURE
SYN_REG_0708	treatment_BASE	1	0	1	0.91146645	SYNTHETIC_TEACHING_FIXTURE
SYN_REG_0709	treatment_BASE	1	0	0	0.40550959	SYNTHETIC_TEACHING_FIXTURE
SYN_REG_0710	treatment_BASE	1	1	0	0.44980518	SYNTHETIC_TEACHING_FIXTURE
SYN_REG_0711	treatment_BASE	1	0	1	0.24396306	SYNTHETIC_TEACHING_FIXTURE
SYN_REG_0712	treatment_BASE	1	0	0	1.20842417	SYNTHETIC_TEACHING_FIXTURE
SYN_REG_0713	treatment_BASE	1	1	0	0.07953404	SYNTHETIC_TEACHING_FIXTURE
SYN_REG_0714	treatment_BASE	1	0	1	1.77298362	SYNTHETIC_TEACHING_FIXTURE
SYN_REG_0715	treatment_BASE	1	0	0	0.38587328	SYNTHETIC_TEACHING_FIXTURE
SYN_REG_0716	treatment_BASE	1	1	0	1.12727095	SYNTHETIC_TEACHING_FIXTURE
SYN_REG_0717	treatment_BASE	1	0	1	1.28572811	SYNTHETIC_TEACHING_FIXTURE
SYN_REG_0718	treatment_BASE	1	0	0	1.62266466	SYNTHETIC_TEACHING_FIXTURE
SYN_REG_0719	treatment_BASE	1	1	0	1.08093633	SYNTHETIC_TEACHING_FIXTURE
SYN_REG_0720	treatment_BASE	1	0	1	1.29376287	SYNTHETIC_TEACHING_FIXTURE
SYN_REG_0721	treatment_BASE	1	0	0	0.53403385	SYNTHETIC_TEACHING_FIXTURE
SYN_REG_0722	treatment_BASE	1	1	0	2.65896711	SYNTHETIC_TEACHING_FIXTURE
SYN_REG_0723	treatment_BASE	1	0	1	0.82093769	SYNTHETIC_TEACHING_FIXTURE
SYN_REG_0724	treatment_BASE	1	0	0	-0.17575196	SYNTHETIC_TEACHING_FIXTURE
SYN_REG_0725	treatment_BASE	1	1	0	2.23996028	SYNTHETIC_TEACHING_FIXTURE
SYN_REG_0726	treatment_BASE	1	0	1	1.99174422	SYNTHETIC_TEACHING_FIXTURE
SYN_REG_0727	treatment_BASE	1	0	0	1.16603432	SYNTHETIC_TEACHING_FIXTURE
SYN_REG_0728	treatment_BASE	1	1	0	0.49604034	SYNTHETIC_TEACHING_FIXTURE
SYN_REG_0729	treatment_BASE	1	0	1	1.66500876	SYNTHETIC_TEACHING_FIXTURE
SYN_REG_0730	treatment_BASE	1	0	0	0.79027273	SYNTHETIC_TEACHING_FIXTURE
SYN_REG_0731	treatment_BASE	1	1	0	1.24898586	SYNTHETIC_TEACHING_FIXTURE
SYN_REG_0732	treatment_BASE	1	0	1	0.29124458	SYNTHETIC_TEACHING_FIXTURE
SYN_REG_0733	treatment_BASE	1	0	0	1.52982434	SYNTHETIC_TEACHING_FIXTURE
SYN_REG_0734	treatment_BASE	1	1	0	1.1383911	SYNTHETIC_TEACHING_FIXTURE
SYN_REG_0735	treatment_BASE	1	0	1	1.091589	SYNTHETIC_TEACHING_FIXTURE
SYN_REG_0736	treatment_BASE	1	0	0	1.82743854	SYNTHETIC_TEACHING_FIXTURE
SYN_REG_0737	treatment_BASE	1	1	0	0.90520216	SYNTHETIC_TEACHING_FIXTURE
SYN_REG_0738	treatment_BASE	1	0	1	1.63380471	SYNTHETIC_TEACHING_FIXTURE
SYN_REG_0739	treatment_BASE	1	0	0	0.56619874	SYNTHETIC_TEACHING_FIXTURE
SYN_REG_0740	treatment_BASE	1	1	0	0.47071465	SYNTHETIC_TEACHING_FIXTURE
SYN_REG_0741	treatment_BASE	1	0	1	1.24353321	SYNTHETIC_TEACHING_FIXTURE
SYN_REG_0742	treatment_BASE	1	0	0	1.46342571	SYNTHETIC_TEACHING_FIXTURE
SYN_REG_0743	treatment_BASE	1	1	0	1.36158981	SYNTHETIC_TEACHING_FIXTURE
SYN_REG_0744	treatment_BASE	1	0	1	2.0230358	SYNTHETIC_TEACHING_FIXTURE
SYN_REG_0745	treatment_BASE	1	0	0	2.40957936	SYNTHETIC_TEACHING_FIXTURE
SYN_REG_0746	treatment_BASE	1	1	0	1.4225895	SYNTHETIC_TEACHING_FIXTURE
SYN_REG_0747	treatment_BASE	1	0	1	2.40476527	SYNTHETIC_TEACHING_FIXTURE
SYN_REG_0748	treatment_BASE	1	0	0	0.44116767	SYNTHETIC_TEACHING_FIXTURE
SYN_REG_0749	treatment_BASE	1	1	0	0.77662817	SYNTHETIC_TEACHING_FIXTURE
SYN_REG_0750	treatment_BASE	1	0	1	0.91063293	SYNTHETIC_TEACHING_FIXTURE
SYN_REG_0751	treatment_BASE	1	0	0	1.5556772	SYNTHETIC_TEACHING_FIXTURE
SYN_REG_0752	treatment_BASE	1	1	0	1.19269881	SYNTHETIC_TEACHING_FIXTURE
SYN_REG_0753	treatment_BASE	1	0	1	2.90703597	SYNTHETIC_TEACHING_FIXTURE
SYN_REG_0754	treatment_BASE	1	0	0	-0.08449711	SYNTHETIC_TEACHING_FIXTURE
SYN_REG_0755	treatment_BASE	1	1	0	0.24632037	SYNTHETIC_TEACHING_FIXTURE
SYN_REG_0756	treatment_BASE	1	0	1	3.5743643	SYNTHETIC_TEACHING_FIXTURE
SYN_REG_0757	treatment_BASE	1	0	0	-2.46229144	SYNTHETIC_TEACHING_FIXTURE
SYN_REG_0758	treatment_BASE	1	1	0	-1.42618592	SYNTHETIC_TEACHING_FIXTURE
SYN_REG_0759	treatment_BASE	1	0	1	-1.47727893	SYNTHETIC_TEACHING_FIXTURE
SYN_REG_0760	treatment_BASE	1	0	0	-1.45357451	SYNTHETIC_TEACHING_FIXTURE
SYN_REG_0761	treatment_BASE	1	1	0	-1.52680836	SYNTHETIC_TEACHING_FIXTURE
SYN_REG_0762	treatment_BASE	1	0	1	-0.07210978	SYNTHETIC_TEACHING_FIXTURE
SYN_REG_0763	treatment_BASE	1	0	0	-1.35985891	SYNTHETIC_TEACHING_FIXTURE
SYN_REG_0764	treatment_BASE	1	1	0	0.21414355	SYNTHETIC_TEACHING_FIXTURE
SYN_REG_0765	treatment_BASE	1	0	1	-0.74093008	SYNTHETIC_TEACHING_FIXTURE
SYN_REG_0766	treatment_BASE	1	0	0	-1.33629971	SYNTHETIC_TEACHING_FIXTURE
SYN_REG_0767	treatment_BASE	1	1	0	-1.7269054	SYNTHETIC_TEACHING_FIXTURE
SYN_REG_0768	treatment_BASE	1	0	1	-1.31189705	SYNTHETIC_TEACHING_FIXTURE
SYN_REG_0769	treatment_BASE	1	0	0	-1.27583912	SYNTHETIC_TEACHING_FIXTURE
SYN_REG_0770	treatment_BASE	1	1	0	-3.26916272	SYNTHETIC_TEACHING_FIXTURE
SYN_REG_0771	treatment_BASE	1	0	1	-1.31320003	SYNTHETIC_TEACHING_FIXTURE
SYN_REG_0772	treatment_BASE	1	0	0	-1.20169617	SYNTHETIC_TEACHING_FIXTURE
SYN_REG_0773	treatment_BASE	1	1	0	-1.33909864	SYNTHETIC_TEACHING_FIXTURE
SYN_REG_0774	treatment_BASE	1	0	1	-1.3750034	SYNTHETIC_TEACHING_FIXTURE
SYN_REG_0775	treatment_BASE	1	0	0	-0.56641535	SYNTHETIC_TEACHING_FIXTURE
SYN_REG_0776	treatment_BASE	1	1	0	-1.45292402	SYNTHETIC_TEACHING_FIXTURE
SYN_REG_0777	treatment_BASE	1	0	1	-1.64853322	SYNTHETIC_TEACHING_FIXTURE
SYN_REG_0778	treatment_BASE	1	0	0	-0.98312256	SYNTHETIC_TEACHING_FIXTURE
SYN_REG_0779	treatment_BASE	1	1	0	-1.71186834	SYNTHETIC_TEACHING_FIXTURE
SYN_REG_0780	treatment_BASE	1	0	1	-1.18423017	SYNTHETIC_TEACHING_FIXTURE
SYN_REG_0781	treatment_BASE	1	0	0	-0.90035006	SYNTHETIC_TEACHING_FIXTURE
SYN_REG_0782	treatment_BASE	1	1	0	-2.59028456	SYNTHETIC_TEACHING_FIXTURE
SYN_REG_0783	treatment_BASE	1	0	1	0.58078821	SYNTHETIC_TEACHING_FIXTURE
SYN_REG_0784	treatment_BASE	1	0	0	-1.26440466	SYNTHETIC_TEACHING_FIXTURE
SYN_REG_0785	treatment_BASE	1	1	0	-1.90269129	SYNTHETIC_TEACHING_FIXTURE
SYN_REG_0786	treatment_BASE	1	0	1	-0.78734825	SYNTHETIC_TEACHING_FIXTURE
SYN_REG_0787	treatment_BASE	1	0	0	-1.20023602	SYNTHETIC_TEACHING_FIXTURE
SYN_REG_0788	treatment_BASE	1	1	0	-0.31316439	SYNTHETIC_TEACHING_FIXTURE
SYN_REG_0789	treatment_BASE	1	0	1	-0.96125824	SYNTHETIC_TEACHING_FIXTURE
SYN_REG_0790	treatment_BASE	1	0	0	-1.62052993	SYNTHETIC_TEACHING_FIXTURE
SYN_REG_0791	treatment_BASE	1	1	0	-1.71542718	SYNTHETIC_TEACHING_FIXTURE
SYN_REG_0792	treatment_BASE	1	0	1	-1.27478678	SYNTHETIC_TEACHING_FIXTURE
SYN_REG_0793	treatment_BASE	1	0	0	-1.70844277	SYNTHETIC_TEACHING_FIXTURE
SYN_REG_0794	treatment_BASE	1	1	0	-2.33244429	SYNTHETIC_TEACHING_FIXTURE
SYN_REG_0795	treatment_BASE	1	0	1	-1.20816535	SYNTHETIC_TEACHING_FIXTURE
SYN_REG_0796	treatment_BASE	1	0	0	-2.60828368	SYNTHETIC_TEACHING_FIXTURE
SYN_REG_0797	treatment_BASE	1	1	0	-2.1501932	SYNTHETIC_TEACHING_FIXTURE
SYN_REG_0798	treatment_BASE	1	0	1	-0.70937989	SYNTHETIC_TEACHING_FIXTURE
SYN_REG_0799	treatment_BASE	1	0	0	-1.02530752	SYNTHETIC_TEACHING_FIXTURE
SYN_REG_0800	treatment_BASE	1	1	0	-2.23463074	SYNTHETIC_TEACHING_FIXTURE
SYN_REG_0801	treatment_BASE	1	0	1	-1.37212489	SYNTHETIC_TEACHING_FIXTURE
SYN_REG_0802	treatment_BASE	1	0	0	-2.14519411	SYNTHETIC_TEACHING_FIXTURE
SYN_REG_0803	treatment_BASE	1	1	0	-1.18029734	SYNTHETIC_TEACHING_FIXTURE
SYN_REG_0804	treatment_BASE	1	0	1	-1.63257113	SYNTHETIC_TEACHING_FIXTURE
SYN_REG_0805	treatment_BASE	1	0	0	-1.43287791	SYNTHETIC_TEACHING_FIXTURE
SYN_REG_0806	treatment_BASE	1	1	0	0.23631622	SYNTHETIC_TEACHING_FIXTURE
SYN_REG_0807	treatment_BASE	1	0	1	-0.45806053	SYNTHETIC_TEACHING_FIXTURE
SYN_REG_0808	treatment_BASE	1	0	0	-0.87852154	SYNTHETIC_TEACHING_FIXTURE
SYN_REG_0809	treatment_BASE	1	1	0	-1.60332056	SYNTHETIC_TEACHING_FIXTURE
SYN_REG_0810	treatment_BASE	1	0	1	-1.85909593	SYNTHETIC_TEACHING_FIXTURE
SYN_REG_0811	treatment_BASE	1	0	0	-2.7820027	SYNTHETIC_TEACHING_FIXTURE
SYN_REG_0812	treatment_BASE	1	1	0	-0.99800248	SYNTHETIC_TEACHING_FIXTURE
SYN_REG_0813	treatment_BASE	1	0	1	-1.57249248	SYNTHETIC_TEACHING_FIXTURE
SYN_REG_0814	treatment_BASE	1	0	0	-1.91241695	SYNTHETIC_TEACHING_FIXTURE
SYN_REG_0815	treatment_BASE	1	1	0	-1.20831653	SYNTHETIC_TEACHING_FIXTURE
SYN_REG_0816	treatment_BASE	1	0	1	-0.54483351	SYNTHETIC_TEACHING_FIXTURE
SYN_REG_0817	treatment_BASE	1	0	0	-1.95209142	SYNTHETIC_TEACHING_FIXTURE
SYN_REG_0818	treatment_BASE	1	1	0	-2.00885192	SYNTHETIC_TEACHING_FIXTURE
SYN_REG_0819	treatment_BASE	1	0	1	-0.38458996	SYNTHETIC_TEACHING_FIXTURE
SYN_REG_0820	treatment_BASE	1	0	0	-1.85700916	SYNTHETIC_TEACHING_FIXTURE
SYN_REG_0821	treatment_BASE	1	1	0	-1.76075522	SYNTHETIC_TEACHING_FIXTURE
SYN_REG_0822	treatment_BASE	1	0	1	-1.58555219	SYNTHETIC_TEACHING_FIXTURE
SYN_REG_0823	treatment_BASE	1	0	0	-1.41049836	SYNTHETIC_TEACHING_FIXTURE
SYN_REG_0824	treatment_BASE	1	1	0	-1.94593853	SYNTHETIC_TEACHING_FIXTURE
SYN_REG_0825	treatment_BASE	1	0	1	-1.11279266	SYNTHETIC_TEACHING_FIXTURE
SYN_REG_0826	treatment_BASE	1	0	0	-0.71956507	SYNTHETIC_TEACHING_FIXTURE
SYN_REG_0827	treatment_BASE	1	1	0	-1.39537973	SYNTHETIC_TEACHING_FIXTURE
SYN_REG_0828	treatment_BASE	1	0	1	-1.80043167	SYNTHETIC_TEACHING_FIXTURE
SYN_REG_0829	treatment_BASE	1	0	0	-0.46197148	SYNTHETIC_TEACHING_FIXTURE
SYN_REG_0830	treatment_BASE	1	1	0	-3.34662779	SYNTHETIC_TEACHING_FIXTURE
SYN_REG_0831	treatment_BASE	1	0	1	-0.9263541	SYNTHETIC_TEACHING_FIXTURE
SYN_REG_0832	treatment_BASE	1	0	0	-1.8344466	SYNTHETIC_TEACHING_FIXTURE
SYN_REG_0833	treatment_BASE	1	1	0	-0.83775297	SYNTHETIC_TEACHING_FIXTURE
SYN_REG_0834	treatment_BASE	1	0	1	-1.44405376	SYNTHETIC_TEACHING_FIXTURE
SYN_REG_0835	treatment_BASE	1	0	0	-0.31183355	SYNTHETIC_TEACHING_FIXTURE
SYN_REG_0836	treatment_BASE	1	1	0	0.28145129	SYNTHETIC_TEACHING_FIXTURE
SYN_REG_0837	treatment_BASE	1	0	1	-1.58131897	SYNTHETIC_TEACHING_FIXTURE
SYN_REG_0838	treatment_BASE	1	0	0	-1.73802356	SYNTHETIC_TEACHING_FIXTURE
SYN_REG_0839	treatment_BASE	1	1	0	-0.22485568	SYNTHETIC_TEACHING_FIXTURE
SYN_REG_0840	treatment_BASE	1	0	1	-0.97698758	SYNTHETIC_TEACHING_FIXTURE
SYN_REG_0841	treatment_BASE	1	0	0	-0.76316839	SYNTHETIC_TEACHING_FIXTURE
SYN_REG_0842	treatment_BASE	1	1	0	-0.71386973	SYNTHETIC_TEACHING_FIXTURE
SYN_REG_0843	treatment_BASE	1	0	1	-1.6477176	SYNTHETIC_TEACHING_FIXTURE
SYN_REG_0844	treatment_BASE	1	0	0	-1.88498261	SYNTHETIC_TEACHING_FIXTURE
SYN_REG_0845	treatment_BASE	1	1	0	-1.61308799	SYNTHETIC_TEACHING_FIXTURE
SYN_REG_0846	treatment_BASE	1	0	1	-1.8393701	SYNTHETIC_TEACHING_FIXTURE
SYN_REG_0847	treatment_BASE	1	0	0	-0.86109136	SYNTHETIC_TEACHING_FIXTURE
SYN_REG_0848	treatment_BASE	1	1	0	-1.34955636	SYNTHETIC_TEACHING_FIXTURE
SYN_REG_0849	treatment_BASE	1	0	1	-1.92536526	SYNTHETIC_TEACHING_FIXTURE
SYN_REG_0850	treatment_BASE	1	0	0	-1.16287312	SYNTHETIC_TEACHING_FIXTURE
SYN_REG_0851	treatment_BASE	1	1	0	-1.33193918	SYNTHETIC_TEACHING_FIXTURE
SYN_REG_0852	treatment_BASE	1	0	1	-1.85442706	SYNTHETIC_TEACHING_FIXTURE
SYN_REG_0853	treatment_BASE	1	0	0	-1.07204397	SYNTHETIC_TEACHING_FIXTURE
SYN_REG_0854	treatment_BASE	1	1	0	-1.9129461	SYNTHETIC_TEACHING_FIXTURE
SYN_REG_0855	treatment_BASE	1	0	1	-1.27005425	SYNTHETIC_TEACHING_FIXTURE
SYN_REG_0856	treatment_BASE	1	0	0	-2.01724674	SYNTHETIC_TEACHING_FIXTURE
SYN_REG_0857	treatment_BASE	1	1	0	-0.94373257	SYNTHETIC_TEACHING_FIXTURE
SYN_REG_0858	treatment_BASE	1	0	1	-1.3607899	SYNTHETIC_TEACHING_FIXTURE
SYN_REG_0859	treatment_BASE	1	0	0	-0.28503578	SYNTHETIC_TEACHING_FIXTURE
SYN_REG_0860	treatment_BASE	1	1	0	-0.81752782	SYNTHETIC_TEACHING_FIXTURE
SYN_REG_0861	treatment_BASE	1	0	1	-2.48088934	SYNTHETIC_TEACHING_FIXTURE
SYN_REG_0862	treatment_BASE	1	0	0	-0.75659179	SYNTHETIC_TEACHING_FIXTURE
SYN_REG_0863	treatment_BASE	1	1	0	-2.64703313	SYNTHETIC_TEACHING_FIXTURE
SYN_REG_0864	treatment_BASE	1	0	1	-0.82936213	SYNTHETIC_TEACHING_FIXTURE
SYN_REG_0865	treatment_BASE	1	0	0	-1.3820813	SYNTHETIC_TEACHING_FIXTURE
SYN_REG_0866	treatment_BASE	1	1	0	-0.81345375	SYNTHETIC_TEACHING_FIXTURE
SYN_REG_0867	treatment_BASE	1	0	1	0.20216204	SYNTHETIC_TEACHING_FIXTURE
SYN_REG_0868	treatment_BASE	1	0	0	-1.02635985	SYNTHETIC_TEACHING_FIXTURE
SYN_REG_0869	treatment_BASE	1	1	0	-0.52948213	SYNTHETIC_TEACHING_FIXTURE
SYN_REG_0870	treatment_BASE	1	0	1	-0.37896623	SYNTHETIC_TEACHING_FIXTURE
SYN_REG_0871	treatment_BASE	1	0	0	-0.92282112	SYNTHETIC_TEACHING_FIXTURE
SYN_REG_0872	treatment_BASE	1	1	0	-0.42606872	SYNTHETIC_TEACHING_FIXTURE
SYN_REG_0873	treatment_BASE	1	0	1	-0.17599665	SYNTHETIC_TEACHING_FIXTURE
SYN_REG_0874	treatment_BASE	1	0	0	-0.20050872	SYNTHETIC_TEACHING_FIXTURE
SYN_REG_0875	treatment_BASE	1	1	0	0.34506292	SYNTHETIC_TEACHING_FIXTURE
SYN_REG_0876	treatment_BASE	1	0	1	-0.18259314	SYNTHETIC_TEACHING_FIXTURE
SYN_REG_0877	treatment_BASE	1	0	0	-1.31091235	SYNTHETIC_TEACHING_FIXTURE
SYN_REG_0878	treatment_BASE	1	1	0	-1.04658699	SYNTHETIC_TEACHING_FIXTURE
SYN_REG_0879	treatment_BASE	1	0	1	-0.13925042	SYNTHETIC_TEACHING_FIXTURE
SYN_REG_0880	treatment_BASE	1	0	0	-1.18476131	SYNTHETIC_TEACHING_FIXTURE
SYN_REG_0881	treatment_BASE	1	1	0	-0.62233836	SYNTHETIC_TEACHING_FIXTURE
SYN_REG_0882	treatment_BASE	1	0	1	-0.34136461	SYNTHETIC_TEACHING_FIXTURE
SYN_REG_0883	treatment_BASE	1	0	0	-2.06977801	SYNTHETIC_TEACHING_FIXTURE
SYN_REG_0884	treatment_BASE	1	1	0	-1.40419031	SYNTHETIC_TEACHING_FIXTURE
SYN_REG_0885	treatment_BASE	1	0	1	-1.11478991	SYNTHETIC_TEACHING_FIXTURE
SYN_REG_0886	treatment_BASE	1	0	0	0.14775288	SYNTHETIC_TEACHING_FIXTURE
SYN_REG_0887	treatment_BASE	1	1	0	-0.42202846	SYNTHETIC_TEACHING_FIXTURE
SYN_REG_0888	treatment_BASE	1	0	1	0.01767498	SYNTHETIC_TEACHING_FIXTURE
SYN_REG_0889	treatment_BASE	1	0	0	-0.58376	SYNTHETIC_TEACHING_FIXTURE
SYN_REG_0890	treatment_BASE	1	1	0	-1.98935486	SYNTHETIC_TEACHING_FIXTURE
SYN_REG_0891	treatment_BASE	1	0	1	-0.64030367	SYNTHETIC_TEACHING_FIXTURE
SYN_REG_0892	treatment_BASE	1	0	0	-0.10466656	SYNTHETIC_TEACHING_FIXTURE
SYN_REG_0893	treatment_BASE	1	1	0	-1.3534315	SYNTHETIC_TEACHING_FIXTURE
SYN_REG_0894	treatment_BASE	1	0	1	-0.89751532	SYNTHETIC_TEACHING_FIXTURE
SYN_REG_0895	treatment_BASE	1	0	0	-1.39788027	SYNTHETIC_TEACHING_FIXTURE
SYN_REG_0896	treatment_BASE	1	1	0	-0.2035404	SYNTHETIC_TEACHING_FIXTURE
SYN_REG_0897	treatment_BASE	1	0	1	-0.89735219	SYNTHETIC_TEACHING_FIXTURE
SYN_REG_0898	treatment_BASE	1	0	0	1.1986269	SYNTHETIC_TEACHING_FIXTURE
SYN_REG_0899	treatment_BASE	1	1	0	-0.43092458	SYNTHETIC_TEACHING_FIXTURE
SYN_REG_0900	treatment_BASE	1	0	1	-0.01109617	SYNTHETIC_TEACHING_FIXTURE
SYN_REG_0901	treatment_BASE	1	0	0	-1.04144665	SYNTHETIC_TEACHING_FIXTURE
SYN_REG_0902	treatment_BASE	1	1	0	-0.86524102	SYNTHETIC_TEACHING_FIXTURE
SYN_REG_0903	treatment_BASE	1	0	1	-0.5547561	SYNTHETIC_TEACHING_FIXTURE
SYN_REG_0904	treatment_BASE	1	0	0	0.25858039	SYNTHETIC_TEACHING_FIXTURE
SYN_REG_0905	treatment_BASE	1	1	0	-1.24762497	SYNTHETIC_TEACHING_FIXTURE
SYN_REG_0906	treatment_BASE	1	0	1	-0.63890918	SYNTHETIC_TEACHING_FIXTURE
SYN_REG_0907	treatment_BASE	1	0	0	0.00982324	SYNTHETIC_TEACHING_FIXTURE
SYN_REG_0908	treatment_BASE	1	1	0	0.82892868	SYNTHETIC_TEACHING_FIXTURE
SYN_REG_0909	treatment_BASE	1	0	1	0.0354334	SYNTHETIC_TEACHING_FIXTURE
SYN_REG_0910	treatment_BASE	1	0	0	-1.0140521	SYNTHETIC_TEACHING_FIXTURE
SYN_REG_0911	treatment_BASE	1	1	0	-0.95613382	SYNTHETIC_TEACHING_FIXTURE
SYN_REG_0912	treatment_BASE	1	0	1	-0.01444813	SYNTHETIC_TEACHING_FIXTURE
SYN_REG_0913	treatment_BASE	1	0	0	-0.46273736	SYNTHETIC_TEACHING_FIXTURE
SYN_REG_0914	treatment_BASE	1	1	0	-1.23151368	SYNTHETIC_TEACHING_FIXTURE
SYN_REG_0915	treatment_BASE	1	0	1	-0.9758139	SYNTHETIC_TEACHING_FIXTURE
SYN_REG_0916	treatment_BASE	1	0	0	-1.38997482	SYNTHETIC_TEACHING_FIXTURE
SYN_REG_0917	treatment_BASE	1	1	0	0.48017175	SYNTHETIC_TEACHING_FIXTURE
SYN_REG_0918	treatment_BASE	1	0	1	-1.45070595	SYNTHETIC_TEACHING_FIXTURE
SYN_REG_0919	treatment_BASE	1	0	0	-1.06017386	SYNTHETIC_TEACHING_FIXTURE
SYN_REG_0920	treatment_BASE	1	1	0	0.2849624	SYNTHETIC_TEACHING_FIXTURE
SYN_REG_0921	treatment_BASE	1	0	1	-1.74743491	SYNTHETIC_TEACHING_FIXTURE
SYN_REG_0922	treatment_BASE	1	0	0	-1.36765694	SYNTHETIC_TEACHING_FIXTURE
SYN_REG_0923	treatment_BASE	1	1	0	-2.0065145	SYNTHETIC_TEACHING_FIXTURE
SYN_REG_0924	treatment_BASE	1	0	1	-1.68032212	SYNTHETIC_TEACHING_FIXTURE
SYN_REG_0925	treatment_BASE	1	0	0	-1.67916236	SYNTHETIC_TEACHING_FIXTURE
SYN_REG_0926	treatment_BASE	1	1	0	-2.6611591	SYNTHETIC_TEACHING_FIXTURE
SYN_REG_0927	treatment_BASE	1	0	1	-1.02191378	SYNTHETIC_TEACHING_FIXTURE
SYN_REG_0928	treatment_BASE	1	0	0	-2.09815329	SYNTHETIC_TEACHING_FIXTURE
SYN_REG_0929	treatment_BASE	1	1	0	0.27511937	SYNTHETIC_TEACHING_FIXTURE
SYN_REG_0930	treatment_BASE	1	0	1	-1.34690065	SYNTHETIC_TEACHING_FIXTURE
SYN_REG_0931	treatment_BASE	1	0	0	-0.47433096	SYNTHETIC_TEACHING_FIXTURE
SYN_REG_0932	treatment_BASE	1	1	0	-1.17017382	SYNTHETIC_TEACHING_FIXTURE
SYN_REG_0933	treatment_BASE	1	0	1	-0.74152886	SYNTHETIC_TEACHING_FIXTURE
SYN_REG_0934	treatment_BASE	1	0	0	-1.08248578	SYNTHETIC_TEACHING_FIXTURE
SYN_REG_0935	treatment_BASE	1	1	0	-0.47337809	SYNTHETIC_TEACHING_FIXTURE
SYN_REG_0936	treatment_BASE	1	0	1	0.21517003	SYNTHETIC_TEACHING_FIXTURE
SYN_REG_0937	treatment_BASE	1	0	0	-1.20150718	SYNTHETIC_TEACHING_FIXTURE
SYN_REG_0938	treatment_BASE	1	1	0	-0.73364131	SYNTHETIC_TEACHING_FIXTURE
SYN_REG_0939	treatment_BASE	1	0	1	-1.20055431	SYNTHETIC_TEACHING_FIXTURE
SYN_REG_0940	treatment_BASE	1	0	0	-1.17698715	SYNTHETIC_TEACHING_FIXTURE
SYN_REG_0941	treatment_BASE	1	1	0	-0.82753795	SYNTHETIC_TEACHING_FIXTURE
SYN_REG_0942	treatment_BASE	1	0	1	-1.07602455	SYNTHETIC_TEACHING_FIXTURE
SYN_REG_0943	treatment_BASE	1	0	0	-1.91800885	SYNTHETIC_TEACHING_FIXTURE
SYN_REG_0944	treatment_BASE	1	1	0	-1.27951732	SYNTHETIC_TEACHING_FIXTURE
SYN_REG_0945	treatment_BASE	1	0	1	-0.98537047	SYNTHETIC_TEACHING_FIXTURE
SYN_REG_0946	treatment_BASE	1	0	0	-1.31786294	SYNTHETIC_TEACHING_FIXTURE
SYN_REG_0947	treatment_BASE	1	1	0	-1.46031424	SYNTHETIC_TEACHING_FIXTURE
SYN_REG_0948	treatment_BASE	1	0	1	-0.93778856	SYNTHETIC_TEACHING_FIXTURE
SYN_REG_0949	treatment_BASE	1	0	0	-2.12120721	SYNTHETIC_TEACHING_FIXTURE
SYN_REG_0950	treatment_BASE	1	1	0	-1.02160942	SYNTHETIC_TEACHING_FIXTURE
SYN_REG_0951	treatment_BASE	1	0	1	-1.49782038	SYNTHETIC_TEACHING_FIXTURE
SYN_REG_0952	treatment_BASE	1	0	0	-1.39140711	SYNTHETIC_TEACHING_FIXTURE
SYN_REG_0953	treatment_BASE	1	1	0	-1.33966161	SYNTHETIC_TEACHING_FIXTURE
SYN_REG_0954	treatment_BASE	1	0	1	-1.53604266	SYNTHETIC_TEACHING_FIXTURE
SYN_REG_0955	treatment_BASE	1	0	0	-0.68023476	SYNTHETIC_TEACHING_FIXTURE
SYN_REG_0956	treatment_BASE	1	1	0	-1.32190518	SYNTHETIC_TEACHING_FIXTURE
SYN_REG_0957	treatment_BASE	1	0	1	-2.7235314	SYNTHETIC_TEACHING_FIXTURE
SYN_REG_0958	treatment_BASE	1	0	0	-3.44277432	SYNTHETIC_TEACHING_FIXTURE
SYN_REG_0959	treatment_BASE	1	1	0	-1.06031709	SYNTHETIC_TEACHING_FIXTURE
SYN_REG_0960	treatment_BASE	1	0	1	-0.52927127	SYNTHETIC_TEACHING_FIXTURE
SYN_REG_0961	treatment_BASE	1	0	0	-2.01384903	SYNTHETIC_TEACHING_FIXTURE
SYN_REG_0962	treatment_BASE	1	1	0	-0.87706339	SYNTHETIC_TEACHING_FIXTURE
SYN_REG_0963	treatment_BASE	1	0	1	-0.90678343	SYNTHETIC_TEACHING_FIXTURE
SYN_REG_0964	treatment_BASE	1	0	0	-1.99578027	SYNTHETIC_TEACHING_FIXTURE
SYN_REG_0965	treatment_BASE	1	1	0	-1.08415678	SYNTHETIC_TEACHING_FIXTURE
SYN_REG_0966	treatment_BASE	1	0	1	-1.05088983	SYNTHETIC_TEACHING_FIXTURE
SYN_REG_0967	treatment_BASE	1	0	0	-1.41687404	SYNTHETIC_TEACHING_FIXTURE
SYN_REG_0968	treatment_BASE	1	1	0	-1.36115195	SYNTHETIC_TEACHING_FIXTURE
SYN_REG_0969	treatment_BASE	1	0	1	-1.10457489	SYNTHETIC_TEACHING_FIXTURE
SYN_REG_0970	treatment_BASE	1	0	0	-1.91951276	SYNTHETIC_TEACHING_FIXTURE
SYN_REG_0971	treatment_BASE	1	1	0	-0.79423121	SYNTHETIC_TEACHING_FIXTURE
SYN_REG_0972	treatment_BASE	1	0	1	-1.96938832	SYNTHETIC_TEACHING_FIXTURE
SYN_REG_0973	treatment_BASE	1	0	0	0.11437254	SYNTHETIC_TEACHING_FIXTURE
SYN_REG_0974	treatment_BASE	1	1	0	-0.15996294	SYNTHETIC_TEACHING_FIXTURE
SYN_REG_0975	treatment_BASE	1	0	1	-1.77480361	SYNTHETIC_TEACHING_FIXTURE
SYN_REG_0976	treatment_BASE	1	0	0	-0.8761702	SYNTHETIC_TEACHING_FIXTURE
SYN_REG_0977	treatment_BASE	1	1	0	-0.33126497	SYNTHETIC_TEACHING_FIXTURE
SYN_REG_0978	treatment_BASE	1	0	1	-0.17870805	SYNTHETIC_TEACHING_FIXTURE
SYN_REG_0979	treatment_BASE	1	0	0	-0.86255349	SYNTHETIC_TEACHING_FIXTURE
SYN_REG_0980	treatment_BASE	1	1	0	-0.58250475	SYNTHETIC_TEACHING_FIXTURE
SYN_REG_0981	treatment_BASE	1	0	1	0.54277481	SYNTHETIC_TEACHING_FIXTURE
SYN_REG_0982	treatment_BASE	1	0	0	-0.39521876	SYNTHETIC_TEACHING_FIXTURE
SYN_REG_0983	treatment_BASE	1	1	0	0.48200985	SYNTHETIC_TEACHING_FIXTURE
SYN_REG_0984	treatment_BASE	1	0	1	-0.154379	SYNTHETIC_TEACHING_FIXTURE
SYN_REG_0985	treatment_BASE	1	0	0	-1.14589649	SYNTHETIC_TEACHING_FIXTURE
SYN_REG_0986	treatment_BASE	1	1	0	0.09739392	SYNTHETIC_TEACHING_FIXTURE
SYN_REG_0987	treatment_BASE	1	0	1	-0.80050743	SYNTHETIC_TEACHING_FIXTURE
SYN_REG_0988	treatment_BASE	1	0	0	0.56297409	SYNTHETIC_TEACHING_FIXTURE
SYN_REG_0989	treatment_BASE	1	1	0	-1.69388512	SYNTHETIC_TEACHING_FIXTURE
SYN_REG_0990	treatment_BASE	1	0	1	-0.21218587	SYNTHETIC_TEACHING_FIXTURE
SYN_REG_0991	treatment_BASE	1	0	0	-1.03862186	SYNTHETIC_TEACHING_FIXTURE
SYN_REG_0992	treatment_BASE	1	1	0	-0.42399588	SYNTHETIC_TEACHING_FIXTURE
SYN_REG_0993	treatment_BASE	1	0	1	-0.09437594	SYNTHETIC_TEACHING_FIXTURE
SYN_REG_0994	treatment_BASE	1	0	0	-0.6298758	SYNTHETIC_TEACHING_FIXTURE
SYN_REG_0995	treatment_BASE	1	1	0	0.52674309	SYNTHETIC_TEACHING_FIXTURE
SYN_REG_0996	treatment_BASE	1	0	1	-1.05870775	SYNTHETIC_TEACHING_FIXTURE
SYN_REG_0997	treatment_BASE	1	0	0	0.46277737	SYNTHETIC_TEACHING_FIXTURE
SYN_REG_0998	treatment_BASE	1	1	0	1.41600096	SYNTHETIC_TEACHING_FIXTURE
SYN_REG_0999	treatment_BASE	1	0	1	-0.48222846	SYNTHETIC_TEACHING_FIXTURE
SYN_REG_1000	treatment_BASE	1	0	0	-1.26862196	SYNTHETIC_TEACHING_FIXTURE
SYN_REG_1001	treatment_BASE	1	1	0	-1.39447261	SYNTHETIC_TEACHING_FIXTURE
SYN_REG_1002	treatment_BASE	1	0	1	-0.90261785	SYNTHETIC_TEACHING_FIXTURE
SYN_REG_1003	treatment_BASE	1	0	0	-1.1637862	SYNTHETIC_TEACHING_FIXTURE
SYN_REG_1004	treatment_BASE	1	1	0	-0.46643745	SYNTHETIC_TEACHING_FIXTURE
SYN_REG_1005	treatment_BASE	1	0	1	-0.84508152	SYNTHETIC_TEACHING_FIXTURE
SYN_REG_1006	treatment_BASE	1	0	0	-1.37626859	SYNTHETIC_TEACHING_FIXTURE
SYN_REG_1007	treatment_BASE	1	1	0	-0.66900321	SYNTHETIC_TEACHING_FIXTURE
SYN_REG_1008	treatment_BASE	1	0	1	-0.96457439	SYNTHETIC_TEACHING_FIXTURE
SYN_REG_1009	treatment_BASE	1	0	0	-1.20922365	SYNTHETIC_TEACHING_FIXTURE
SYN_REG_1010	treatment_BASE	1	1	0	-0.28534014	SYNTHETIC_TEACHING_FIXTURE
SYN_REG_1011	treatment_BASE	1	0	1	-0.19856518	SYNTHETIC_TEACHING_FIXTURE
SYN_REG_1012	treatment_BASE	1	0	0	-0.57750765	SYNTHETIC_TEACHING_FIXTURE
SYN_REG_1013	treatment_BASE	1	1	0	-1.20086265	SYNTHETIC_TEACHING_FIXTURE
SYN_REG_1014	treatment_BASE	1	0	1	0.85862087	SYNTHETIC_TEACHING_FIXTURE
SYN_REG_1015	treatment_BASE	1	0	0	0.14283137	SYNTHETIC_TEACHING_FIXTURE
SYN_REG_1016	treatment_BASE	1	1	0	-0.56721306	SYNTHETIC_TEACHING_FIXTURE
SYN_REG_1017	treatment_BASE	1	0	1	-0.58857409	SYNTHETIC_TEACHING_FIXTURE
SYN_REG_1018	treatment_BASE	1	0	0	-0.47477458	SYNTHETIC_TEACHING_FIXTURE
SYN_REG_1019	treatment_BASE	1	1	0	-0.22089102	SYNTHETIC_TEACHING_FIXTURE
SYN_REG_1020	treatment_BASE	1	0	1	-0.49297263	SYNTHETIC_TEACHING_FIXTURE
SYN_REG_1021	treatment_BASE	1	0	0	-2.07545545	SYNTHETIC_TEACHING_FIXTURE
SYN_REG_1022	treatment_BASE	1	1	0	-0.76311866	SYNTHETIC_TEACHING_FIXTURE
SYN_REG_1023	treatment_BASE	1	0	1	0.19560732	SYNTHETIC_TEACHING_FIXTURE
SYN_REG_1024	treatment_BASE	1	0	0	-0.41711889	SYNTHETIC_TEACHING_FIXTURE
SYN_REG_1025	treatment_BASE	1	1	0	-1.46907509	SYNTHETIC_TEACHING_FIXTURE
SYN_REG_1026	treatment_BASE	1	0	1	0.14116633	SYNTHETIC_TEACHING_FIXTURE
SYN_REG_1027	treatment_BASE	1	0	0	0.60866219	SYNTHETIC_TEACHING_FIXTURE
SYN_REG_1028	treatment_BASE	1	1	0	1.14919495	SYNTHETIC_TEACHING_FIXTURE
SYN_REG_1029	treatment_BASE	1	0	1	0.80436489	SYNTHETIC_TEACHING_FIXTURE
SYN_REG_1030	treatment_BASE	1	0	0	0.14311385	SYNTHETIC_TEACHING_FIXTURE
SYN_REG_1031	treatment_BASE	1	1	0	0.20617047	SYNTHETIC_TEACHING_FIXTURE
SYN_REG_1032	treatment_BASE	1	0	1	0.64536664	SYNTHETIC_TEACHING_FIXTURE
SYN_REG_1033	treatment_BASE	1	0	0	1.32081924	SYNTHETIC_TEACHING_FIXTURE
SYN_REG_1034	treatment_BASE	1	1	0	1.17391192	SYNTHETIC_TEACHING_FIXTURE
SYN_REG_1035	treatment_BASE	1	0	1	1.04698904	SYNTHETIC_TEACHING_FIXTURE
SYN_REG_1036	treatment_BASE	1	0	0	1.10288421	SYNTHETIC_TEACHING_FIXTURE
SYN_REG_1037	treatment_BASE	1	1	0	0.9988939	SYNTHETIC_TEACHING_FIXTURE
SYN_REG_1038	treatment_BASE	1	0	1	2.64019415	SYNTHETIC_TEACHING_FIXTURE
SYN_REG_1039	treatment_BASE	1	0	0	0.38026347	SYNTHETIC_TEACHING_FIXTURE
SYN_REG_1040	treatment_BASE	1	1	0	1.70783427	SYNTHETIC_TEACHING_FIXTURE
SYN_REG_1041	treatment_BASE	1	0	1	0.47168343	SYNTHETIC_TEACHING_FIXTURE
SYN_REG_1042	treatment_BASE	1	0	0	0.59729338	SYNTHETIC_TEACHING_FIXTURE
SYN_REG_1043	treatment_BASE	1	1	0	0.43417531	SYNTHETIC_TEACHING_FIXTURE
SYN_REG_1044	treatment_BASE	1	0	1	0.56327248	SYNTHETIC_TEACHING_FIXTURE
SYN_REG_1045	treatment_BASE	1	0	0	0.88780778	SYNTHETIC_TEACHING_FIXTURE
SYN_REG_1046	treatment_BASE	1	1	0	0.03773302	SYNTHETIC_TEACHING_FIXTURE
SYN_REG_1047	treatment_BASE	1	0	1	-0.03083394	SYNTHETIC_TEACHING_FIXTURE
SYN_REG_1048	treatment_BASE	1	0	0	1.03255274	SYNTHETIC_TEACHING_FIXTURE
SYN_REG_1049	treatment_BASE	1	1	0	0.20224758	SYNTHETIC_TEACHING_FIXTURE
SYN_REG_1050	treatment_BASE	1	0	1	0.9052519	SYNTHETIC_TEACHING_FIXTURE
SYN_REG_1051	treatment_BASE	1	0	0	-0.8613619	SYNTHETIC_TEACHING_FIXTURE
SYN_REG_1052	treatment_BASE	1	1	0	0.37593875	SYNTHETIC_TEACHING_FIXTURE
SYN_REG_1053	treatment_BASE	1	0	1	0.46406444	SYNTHETIC_TEACHING_FIXTURE
SYN_REG_1054	treatment_BASE	1	0	0	0.02732106	SYNTHETIC_TEACHING_FIXTURE
SYN_REG_1055	treatment_BASE	1	1	0	1.0063637	SYNTHETIC_TEACHING_FIXTURE
SYN_REG_1056	treatment_BASE	1	0	1	0.02932229	SYNTHETIC_TEACHING_FIXTURE
SYN_REG_1057	treatment_BASE	1	0	0	1.13222031	SYNTHETIC_TEACHING_FIXTURE
SYN_REG_1058	treatment_BASE	1	1	0	0.69029085	SYNTHETIC_TEACHING_FIXTURE
SYN_REG_1059	treatment_BASE	1	0	1	0.09337754	SYNTHETIC_TEACHING_FIXTURE
SYN_REG_1060	treatment_BASE	1	0	0	1.43350077	SYNTHETIC_TEACHING_FIXTURE
SYN_REG_1061	treatment_BASE	1	1	0	2.0785331	SYNTHETIC_TEACHING_FIXTURE
SYN_REG_1062	treatment_BASE	1	0	1	0.80362885	SYNTHETIC_TEACHING_FIXTURE
SYN_REG_1063	treatment_BASE	1	0	0	0.9122363	SYNTHETIC_TEACHING_FIXTURE
SYN_REG_1064	treatment_BASE	1	1	0	0.10601154	SYNTHETIC_TEACHING_FIXTURE
SYN_REG_1065	treatment_BASE	1	0	1	0.60826234	SYNTHETIC_TEACHING_FIXTURE
SYN_REG_1066	treatment_BASE	1	0	0	0.24217469	SYNTHETIC_TEACHING_FIXTURE
SYN_REG_1067	treatment_BASE	1	1	0	0.20816772	SYNTHETIC_TEACHING_FIXTURE
SYN_REG_1068	treatment_BASE	1	0	1	0.61883743	SYNTHETIC_TEACHING_FIXTURE
SYN_REG_1069	treatment_BASE	1	0	0	-0.83960102	SYNTHETIC_TEACHING_FIXTURE
SYN_REG_1070	treatment_BASE	1	1	0	1.24191592	SYNTHETIC_TEACHING_FIXTURE
SYN_REG_1071	treatment_BASE	1	0	1	0.68182442	SYNTHETIC_TEACHING_FIXTURE
SYN_REG_1072	treatment_BASE	1	0	0	-0.10135637	SYNTHETIC_TEACHING_FIXTURE
SYN_REG_1073	treatment_BASE	1	1	0	0.53615444	SYNTHETIC_TEACHING_FIXTURE
SYN_REG_1074	treatment_BASE	1	0	1	1.46692289	SYNTHETIC_TEACHING_FIXTURE
SYN_REG_1075	treatment_BASE	1	0	0	1.40747883	SYNTHETIC_TEACHING_FIXTURE
SYN_REG_1076	treatment_BASE	1	1	0	0.23973382	SYNTHETIC_TEACHING_FIXTURE
SYN_REG_1077	treatment_BASE	1	0	1	1.39239004	SYNTHETIC_TEACHING_FIXTURE
SYN_REG_1078	treatment_BASE	1	0	0	-0.26260053	SYNTHETIC_TEACHING_FIXTURE
SYN_REG_1079	treatment_BASE	1	1	0	0.25096139	SYNTHETIC_TEACHING_FIXTURE
SYN_REG_1080	treatment_BASE	1	0	1	0.65855367	SYNTHETIC_TEACHING_FIXTURE
SYN_REG_1081	treatment_BASE	1	0	0	-0.83968855	SYNTHETIC_TEACHING_FIXTURE
SYN_REG_1082	treatment_BASE	1	1	0	-1.71624677	SYNTHETIC_TEACHING_FIXTURE
SYN_REG_1083	treatment_BASE	1	0	1	-1.17055776	SYNTHETIC_TEACHING_FIXTURE
SYN_REG_1084	treatment_BASE	1	0	0	-1.22960595	SYNTHETIC_TEACHING_FIXTURE
SYN_REG_1085	treatment_BASE	1	1	0	-1.52982413	SYNTHETIC_TEACHING_FIXTURE
SYN_REG_1086	treatment_BASE	1	0	1	-1.64702732	SYNTHETIC_TEACHING_FIXTURE
SYN_REG_1087	treatment_BASE	1	0	0	-0.82773091	SYNTHETIC_TEACHING_FIXTURE
SYN_REG_1088	treatment_BASE	1	1	0	-0.44448361	SYNTHETIC_TEACHING_FIXTURE
SYN_REG_1089	treatment_BASE	1	0	1	-0.88091069	SYNTHETIC_TEACHING_FIXTURE
SYN_REG_1090	treatment_BASE	1	0	0	-0.69456761	SYNTHETIC_TEACHING_FIXTURE
SYN_REG_1091	treatment_BASE	1	1	0	0.222608	SYNTHETIC_TEACHING_FIXTURE
SYN_REG_1092	treatment_BASE	1	0	1	-0.83546528	SYNTHETIC_TEACHING_FIXTURE
SYN_REG_1093	treatment_BASE	1	0	0	-0.09586195	SYNTHETIC_TEACHING_FIXTURE
SYN_REG_1094	treatment_BASE	1	1	0	-1.21499857	SYNTHETIC_TEACHING_FIXTURE
SYN_REG_1095	treatment_BASE	1	0	1	-0.62619361	SYNTHETIC_TEACHING_FIXTURE
SYN_REG_1096	treatment_BASE	1	0	0	-1.09322	SYNTHETIC_TEACHING_FIXTURE
SYN_REG_1097	treatment_BASE	1	1	0	-0.57408805	SYNTHETIC_TEACHING_FIXTURE
SYN_REG_1098	treatment_BASE	1	0	1	0.09543049	SYNTHETIC_TEACHING_FIXTURE
SYN_REG_1099	treatment_BASE	1	0	0	-0.20220758	SYNTHETIC_TEACHING_FIXTURE
SYN_REG_1100	treatment_BASE	1	1	0	-1.5835629	SYNTHETIC_TEACHING_FIXTURE
SYN_REG_1101	treatment_BASE	1	0	1	-1.16083409	SYNTHETIC_TEACHING_FIXTURE
SYN_REG_1102	treatment_BASE	1	0	0	0.23035431	SYNTHETIC_TEACHING_FIXTURE
SYN_REG_1103	treatment_BASE	1	1	0	-1.26074834	SYNTHETIC_TEACHING_FIXTURE
SYN_REG_1104	treatment_BASE	1	0	1	-0.80709199	SYNTHETIC_TEACHING_FIXTURE
SYN_REG_1105	treatment_BASE	1	0	0	-1.27321723	SYNTHETIC_TEACHING_FIXTURE
SYN_REG_1106	treatment_BASE	1	1	0	-0.82956901	SYNTHETIC_TEACHING_FIXTURE
SYN_REG_1107	treatment_BASE	1	0	1	-0.18948605	SYNTHETIC_TEACHING_FIXTURE
SYN_REG_1108	treatment_BASE	1	0	0	-0.89539274	SYNTHETIC_TEACHING_FIXTURE
SYN_REG_1109	treatment_BASE	1	1	0	-1.43267898	SYNTHETIC_TEACHING_FIXTURE
SYN_REG_1110	treatment_BASE	1	0	1	-1.95774101	SYNTHETIC_TEACHING_FIXTURE
SYN_REG_1111	treatment_BASE	1	0	0	-0.56447579	SYNTHETIC_TEACHING_FIXTURE
SYN_REG_1112	treatment_BASE	1	1	0	-0.54660199	SYNTHETIC_TEACHING_FIXTURE
SYN_REG_1113	treatment_BASE	1	0	1	-0.39945197	SYNTHETIC_TEACHING_FIXTURE
SYN_REG_1114	treatment_BASE	1	0	0	0.09488542	SYNTHETIC_TEACHING_FIXTURE
SYN_REG_1115	treatment_BASE	1	1	0	-0.61429963	SYNTHETIC_TEACHING_FIXTURE
SYN_REG_1116	treatment_BASE	1	0	1	0.65547623	SYNTHETIC_TEACHING_FIXTURE
SYN_REG_1117	treatment_BASE	1	0	0	-1.45253213	SYNTHETIC_TEACHING_FIXTURE
SYN_REG_1118	treatment_BASE	1	1	0	0.01004007	SYNTHETIC_TEACHING_FIXTURE
SYN_REG_1119	treatment_BASE	1	0	1	-0.3376884	SYNTHETIC_TEACHING_FIXTURE
SYN_REG_1120	treatment_BASE	1	0	0	-1.45577268	SYNTHETIC_TEACHING_FIXTURE
SYN_REG_1121	treatment_BASE	1	1	0	-0.51687797	SYNTHETIC_TEACHING_FIXTURE
SYN_REG_1122	treatment_BASE	1	0	1	-0.60596847	SYNTHETIC_TEACHING_FIXTURE
SYN_REG_1123	treatment_BASE	1	0	0	0.18074133	SYNTHETIC_TEACHING_FIXTURE
SYN_REG_1124	treatment_BASE	1	1	0	-0.94383999	SYNTHETIC_TEACHING_FIXTURE
SYN_REG_1125	treatment_BASE	1	0	1	-0.40189085	SYNTHETIC_TEACHING_FIXTURE
SYN_REG_1126	treatment_BASE	1	0	0	-0.48748616	SYNTHETIC_TEACHING_FIXTURE
SYN_REG_1127	treatment_BASE	1	1	0	-0.94915936	SYNTHETIC_TEACHING_FIXTURE
SYN_REG_1128	treatment_BASE	1	0	1	-0.44619042	SYNTHETIC_TEACHING_FIXTURE
SYN_REG_1129	treatment_BASE	1	0	0	-0.65717686	SYNTHETIC_TEACHING_FIXTURE
SYN_REG_1130	treatment_BASE	1	1	0	-1.44757481	SYNTHETIC_TEACHING_FIXTURE
SYN_REG_1131	treatment_BASE	1	0	1	0.80306986	SYNTHETIC_TEACHING_FIXTURE
SYN_REG_1132	treatment_BASE	1	0	0	-2.00319238	SYNTHETIC_TEACHING_FIXTURE
SYN_REG_1133	treatment_BASE	1	1	0	1.12244493	SYNTHETIC_TEACHING_FIXTURE
SYN_REG_1134	treatment_BASE	1	0	1	-1.31909033	SYNTHETIC_TEACHING_FIXTURE
SYN_REG_1135	treatment_BASE	1	0	0	0.91820021	SYNTHETIC_TEACHING_FIXTURE
SYN_REG_1136	treatment_BASE	1	1	0	0.5507837	SYNTHETIC_TEACHING_FIXTURE
SYN_REG_1137	treatment_BASE	1	0	1	1.00688091	SYNTHETIC_TEACHING_FIXTURE
SYN_REG_1138	treatment_BASE	1	0	0	0.31048105	SYNTHETIC_TEACHING_FIXTURE
SYN_REG_1139	treatment_BASE	1	1	0	1.02636007	SYNTHETIC_TEACHING_FIXTURE
SYN_REG_1140	treatment_BASE	1	0	1	0.62568258	SYNTHETIC_TEACHING_FIXTURE
SYN_REG_1141	treatment_BASE	1	0	0	1.14060121	SYNTHETIC_TEACHING_FIXTURE
SYN_REG_1142	treatment_BASE	1	1	0	0.30055647	SYNTHETIC_TEACHING_FIXTURE
SYN_REG_1143	treatment_BASE	1	0	1	0.47901398	SYNTHETIC_TEACHING_FIXTURE
SYN_REG_1144	treatment_BASE	1	0	0	-0.35318499	SYNTHETIC_TEACHING_FIXTURE
SYN_REG_1145	treatment_BASE	1	1	0	0.51267481	SYNTHETIC_TEACHING_FIXTURE
SYN_REG_1146	treatment_BASE	1	0	1	0.67872908	SYNTHETIC_TEACHING_FIXTURE
SYN_REG_1147	treatment_BASE	1	0	0	-0.80975366	SYNTHETIC_TEACHING_FIXTURE
SYN_REG_1148	treatment_BASE	1	1	0	1.08779741	SYNTHETIC_TEACHING_FIXTURE
SYN_REG_1149	treatment_BASE	1	0	1	1.92915906	SYNTHETIC_TEACHING_FIXTURE
SYN_REG_1150	treatment_BASE	1	0	0	1.11044551	SYNTHETIC_TEACHING_FIXTURE
SYN_REG_1151	treatment_BASE	1	1	0	1.94702291	SYNTHETIC_TEACHING_FIXTURE
SYN_REG_1152	treatment_BASE	1	0	1	0.37153246	SYNTHETIC_TEACHING_FIXTURE
SYN_REG_1153	treatment_BASE	1	0	0	0.51594322	SYNTHETIC_TEACHING_FIXTURE
SYN_REG_1154	treatment_BASE	1	1	0	0.92539946	SYNTHETIC_TEACHING_FIXTURE
SYN_REG_1155	treatment_BASE	1	0	1	1.47755765	SYNTHETIC_TEACHING_FIXTURE
SYN_REG_1156	treatment_BASE	1	0	0	2.58732272	SYNTHETIC_TEACHING_FIXTURE
SYN_REG_1157	treatment_BASE	1	1	0	0.46442052	SYNTHETIC_TEACHING_FIXTURE
SYN_REG_1158	treatment_BASE	1	0	1	0.5328542	SYNTHETIC_TEACHING_FIXTURE
SYN_REG_1159	treatment_BASE	1	0	0	0.10644918	SYNTHETIC_TEACHING_FIXTURE
SYN_REG_1160	treatment_BASE	1	1	0	0.7560728	SYNTHETIC_TEACHING_FIXTURE
SYN_REG_1161	treatment_BASE	1	0	1	-0.60917322	SYNTHETIC_TEACHING_FIXTURE
SYN_REG_1162	treatment_BASE	1	0	0	0.64976696	SYNTHETIC_TEACHING_FIXTURE
SYN_REG_1163	treatment_BASE	1	1	0	0.03044425	SYNTHETIC_TEACHING_FIXTURE
SYN_REG_1164	treatment_BASE	1	0	1	0.98371758	SYNTHETIC_TEACHING_FIXTURE
SYN_REG_1165	treatment_BASE	1	0	0	1.13139874	SYNTHETIC_TEACHING_FIXTURE
SYN_REG_1166	treatment_BASE	1	1	0	0.80290077	SYNTHETIC_TEACHING_FIXTURE
SYN_REG_1167	treatment_BASE	1	0	1	0.00460134	SYNTHETIC_TEACHING_FIXTURE
SYN_REG_1168	treatment_BASE	1	0	0	1.00108013	SYNTHETIC_TEACHING_FIXTURE
SYN_REG_1169	treatment_BASE	1	1	0	0.74107552	SYNTHETIC_TEACHING_FIXTURE
SYN_REG_1170	treatment_BASE	1	0	1	0.98815569	SYNTHETIC_TEACHING_FIXTURE
SYN_REG_1171	treatment_BASE	1	0	0	0.61527858	SYNTHETIC_TEACHING_FIXTURE
SYN_REG_1172	treatment_BASE	1	1	0	0.36109265	SYNTHETIC_TEACHING_FIXTURE
SYN_REG_1173	treatment_BASE	1	0	1	0.43772818	SYNTHETIC_TEACHING_FIXTURE
SYN_REG_1174	treatment_BASE	1	0	0	-0.1314325	SYNTHETIC_TEACHING_FIXTURE
SYN_REG_1175	treatment_BASE	1	1	0	0.09430853	SYNTHETIC_TEACHING_FIXTURE
SYN_REG_1176	treatment_BASE	1	0	1	0.67920054	SYNTHETIC_TEACHING_FIXTURE
SYN_REG_1177	treatment_BASE	1	0	0	1.34598182	SYNTHETIC_TEACHING_FIXTURE
SYN_REG_1178	treatment_BASE	1	1	0	0.13551276	SYNTHETIC_TEACHING_FIXTURE
SYN_REG_1179	treatment_BASE	1	0	1	2.01744589	SYNTHETIC_TEACHING_FIXTURE
SYN_REG_1180	treatment_BASE	1	0	0	0.33338577	SYNTHETIC_TEACHING_FIXTURE
SYN_REG_1181	treatment_BASE	1	1	0	0.19573861	SYNTHETIC_TEACHING_FIXTURE
SYN_REG_1182	treatment_BASE	1	0	1	1.5171804	SYNTHETIC_TEACHING_FIXTURE
SYN_REG_1183	treatment_BASE	1	0	0	0.44160134	SYNTHETIC_TEACHING_FIXTURE
SYN_REG_1184	treatment_BASE	1	1	0	1.7796199	SYNTHETIC_TEACHING_FIXTURE
SYN_REG_1185	treatment_BASE	1	0	1	0.54455125	SYNTHETIC_TEACHING_FIXTURE
SYN_REG_1186	treatment_BASE	1	0	0	0.39123442	SYNTHETIC_TEACHING_FIXTURE
SYN_REG_1187	treatment_BASE	1	1	0	0.94604633	SYNTHETIC_TEACHING_FIXTURE
SYN_REG_1188	treatment_BASE	1	0	1	0.28336499	SYNTHETIC_TEACHING_FIXTURE
SYN_REG_1189	treatment_BASE	1	0	0	0.66222391	SYNTHETIC_TEACHING_FIXTURE
SYN_REG_1190	treatment_BASE	1	1	0	0.67423328	SYNTHETIC_TEACHING_FIXTURE
SYN_REG_1191	treatment_BASE	1	0	1	2.13961436	SYNTHETIC_TEACHING_FIXTURE
SYN_REG_1192	treatment_BASE	1	0	0	-0.32994209	SYNTHETIC_TEACHING_FIXTURE
SYN_REG_1193	treatment_BASE	1	1	0	1.52044881	SYNTHETIC_TEACHING_FIXTURE
SYN_REG_1194	treatment_BASE	1	0	1	1.12680148	SYNTHETIC_TEACHING_FIXTURE
SYN_REG_1195	treatment_BASE	1	0	0	1.41040309	SYNTHETIC_TEACHING_FIXTURE
SYN_REG_1196	treatment_BASE	1	1	0	0.55683314	SYNTHETIC_TEACHING_FIXTURE
SYN_REG_1197	treatment_BASE	1	0	1	0.47217678	SYNTHETIC_TEACHING_FIXTURE
SYN_REG_1198	treatment_BASE	1	0	0	0.74535051	SYNTHETIC_TEACHING_FIXTURE
SYN_REG_1199	treatment_BASE	1	1	0	-0.63212569	SYNTHETIC_TEACHING_FIXTURE
SYN_REG_1200	treatment_BASE	1	0	1	2.05428362	SYNTHETIC_TEACHING_FIXTURE
SYN_REG_1201	treatment_BASE	1	0	0	0.7245067	SYNTHETIC_TEACHING_FIXTURE
SYN_REG_1202	treatment_BASE	1	1	0	-0.01585854	SYNTHETIC_TEACHING_FIXTURE
SYN_REG_1203	treatment_BASE	1	0	1	1.09389459	SYNTHETIC_TEACHING_FIXTURE
SYN_REG_1204	treatment_BASE	1	0	0	0.10088115	SYNTHETIC_TEACHING_FIXTURE
SYN_REG_1205	treatment_BASE	1	1	0	-0.68770256	SYNTHETIC_TEACHING_FIXTURE
SYN_REG_1206	treatment_BASE	1	0	1	1.16023155	SYNTHETIC_TEACHING_FIXTURE
SYN_REG_1207	treatment_BASE	1	0	0	-0.36474875	SYNTHETIC_TEACHING_FIXTURE
SYN_REG_1208	treatment_BASE	1	1	0	0.32606318	SYNTHETIC_TEACHING_FIXTURE
SYN_REG_1209	treatment_BASE	1	0	1	0.1634862	SYNTHETIC_TEACHING_FIXTURE
SYN_REG_1210	treatment_BASE	1	0	0	0.30612848	SYNTHETIC_TEACHING_FIXTURE
SYN_REG_1211	treatment_BASE	1	1	0	0.84551541	SYNTHETIC_TEACHING_FIXTURE
SYN_REG_1212	treatment_BASE	1	0	1	0.82200594	SYNTHETIC_TEACHING_FIXTURE
SYN_REG_1213	treatment_BASE	1	0	0	1.29035123	SYNTHETIC_TEACHING_FIXTURE
SYN_REG_1214	treatment_BASE	1	1	0	2.03788587	SYNTHETIC_TEACHING_FIXTURE
SYN_REG_1215	treatment_BASE	1	0	1	-0.04059341	SYNTHETIC_TEACHING_FIXTURE
SYN_REG_1216	treatment_BASE	1	0	0	0.79140464	SYNTHETIC_TEACHING_FIXTURE
SYN_REG_1217	treatment_BASE	1	1	0	1.14667651	SYNTHETIC_TEACHING_FIXTURE
SYN_REG_1218	treatment_BASE	1	0	1	-0.10833879	SYNTHETIC_TEACHING_FIXTURE
SYN_REG_1219	treatment_BASE	1	0	0	0.16766769	SYNTHETIC_TEACHING_FIXTURE
SYN_REG_1220	treatment_BASE	1	1	0	0.33063259	SYNTHETIC_TEACHING_FIXTURE
SYN_REG_1221	treatment_BASE	1	0	1	-0.27407478	SYNTHETIC_TEACHING_FIXTURE
SYN_REG_1222	treatment_BASE	1	0	0	1.2970074	SYNTHETIC_TEACHING_FIXTURE
SYN_REG_1223	treatment_BASE	1	1	0	0.85726815	SYNTHETIC_TEACHING_FIXTURE
SYN_REG_1224	treatment_BASE	1	0	1	0.19197885	SYNTHETIC_TEACHING_FIXTURE
SYN_REG_1225	treatment_BASE	1	0	0	1.59636024	SYNTHETIC_TEACHING_FIXTURE
SYN_REG_1226	treatment_BASE	1	1	0	1.24179457	SYNTHETIC_TEACHING_FIXTURE
SYN_REG_1227	treatment_BASE	1	0	1	0.66801276	SYNTHETIC_TEACHING_FIXTURE
SYN_REG_1228	treatment_BASE	1	0	0	0.6420306	SYNTHETIC_TEACHING_FIXTURE
SYN_REG_1229	treatment_BASE	1	1	0	0.71933453	SYNTHETIC_TEACHING_FIXTURE
SYN_REG_1230	treatment_BASE	1	0	1	1.82868383	SYNTHETIC_TEACHING_FIXTURE
SYN_REG_1231	treatment_BASE	1	0	0	0.61196641	SYNTHETIC_TEACHING_FIXTURE
SYN_REG_1232	treatment_BASE	1	1	0	1.0012532	SYNTHETIC_TEACHING_FIXTURE
SYN_REG_1233	treatment_BASE	1	0	1	1.09158104	SYNTHETIC_TEACHING_FIXTURE
SYN_REG_1234	treatment_BASE	1	0	0	1.55605119	SYNTHETIC_TEACHING_FIXTURE
SYN_REG_1235	treatment_BASE	1	1	0	-0.41693985	SYNTHETIC_TEACHING_FIXTURE
SYN_REG_1236	treatment_BASE	1	0	1	1.06220714	SYNTHETIC_TEACHING_FIXTURE
SYN_REG_1237	treatment_BASE	1	0	0	0.15286934	SYNTHETIC_TEACHING_FIXTURE
SYN_REG_1238	treatment_BASE	1	1	0	0.02491402	SYNTHETIC_TEACHING_FIXTURE
SYN_REG_1239	treatment_BASE	1	0	1	0.65143796	SYNTHETIC_TEACHING_FIXTURE
SYN_REG_1240	treatment_BASE	1	0	0	0.86535463	SYNTHETIC_TEACHING_FIXTURE
SYN_REG_1241	treatment_BASE	1	1	0	-0.17840767	SYNTHETIC_TEACHING_FIXTURE
SYN_REG_1242	treatment_BASE	1	0	1	0.85289767	SYNTHETIC_TEACHING_FIXTURE
SYN_REG_1243	treatment_BASE	1	0	0	-0.04795578	SYNTHETIC_TEACHING_FIXTURE
SYN_REG_1244	treatment_BASE	1	1	0	-1.19291145	SYNTHETIC_TEACHING_FIXTURE
SYN_REG_1245	treatment_BASE	1	0	1	-0.50267243	SYNTHETIC_TEACHING_FIXTURE
SYN_REG_1246	treatment_BASE	1	0	0	1.32479186	SYNTHETIC_TEACHING_FIXTURE
SYN_REG_1247	treatment_BASE	1	1	0	0.18708718	SYNTHETIC_TEACHING_FIXTURE
SYN_REG_1248	treatment_BASE	1	0	1	0.2656941	SYNTHETIC_TEACHING_FIXTURE
SYN_REG_1249	treatment_BASE	1	0	0	-1.89275477	SYNTHETIC_TEACHING_FIXTURE
SYN_REG_1250	treatment_BASE	1	1	0	-0.40530249	SYNTHETIC_TEACHING_FIXTURE
SYN_REG_1251	treatment_BASE	1	0	1	-0.05403705	SYNTHETIC_TEACHING_FIXTURE
SYN_REG_1252	treatment_BASE	1	0	0	-0.48107666	SYNTHETIC_TEACHING_FIXTURE
SYN_REG_1253	treatment_BASE	1	1	0	-0.10688462	SYNTHETIC_TEACHING_FIXTURE
SYN_REG_1254	treatment_BASE	1	0	1	-0.74713867	SYNTHETIC_TEACHING_FIXTURE
SYN_REG_1255	treatment_BASE	1	0	0	0.45434077	SYNTHETIC_TEACHING_FIXTURE
SYN_REG_1256	treatment_BASE	1	1	0	-0.18551542	SYNTHETIC_TEACHING_FIXTURE
SYN_REG_1257	treatment_BASE	1	0	1	-1.33018462	SYNTHETIC_TEACHING_FIXTURE
SYN_REG_1258	treatment_BASE	1	0	0	-1.68303154	SYNTHETIC_TEACHING_FIXTURE
SYN_REG_1259	treatment_BASE	1	1	0	-0.83782856	SYNTHETIC_TEACHING_FIXTURE
SYN_REG_1260	treatment_BASE	1	0	1	-0.51276411	SYNTHETIC_TEACHING_FIXTURE
SYN_REG_1261	treatment_BASE	1	0	0	-1.8817878	SYNTHETIC_TEACHING_FIXTURE
SYN_REG_1262	treatment_BASE	1	1	0	-0.16363916	SYNTHETIC_TEACHING_FIXTURE
SYN_REG_1263	treatment_BASE	1	0	1	-1.07546556	SYNTHETIC_TEACHING_FIXTURE
SYN_REG_1264	treatment_BASE	1	0	0	-0.92179862	SYNTHETIC_TEACHING_FIXTURE
SYN_REG_1265	treatment_BASE	1	1	0	-2.17118422	SYNTHETIC_TEACHING_FIXTURE
SYN_REG_1266	treatment_BASE	1	0	1	-0.62256713	SYNTHETIC_TEACHING_FIXTURE
SYN_REG_1267	treatment_BASE	1	0	0	-1.08637484	SYNTHETIC_TEACHING_FIXTURE
SYN_REG_1268	treatment_BASE	1	1	0	-0.94849494	SYNTHETIC_TEACHING_FIXTURE
SYN_REG_1269	treatment_BASE	1	0	1	-0.30025785	SYNTHETIC_TEACHING_FIXTURE
SYN_REG_1270	treatment_BASE	1	0	0	-1.09560318	SYNTHETIC_TEACHING_FIXTURE
SYN_REG_1271	treatment_BASE	1	1	0	0.01491185	SYNTHETIC_TEACHING_FIXTURE
SYN_REG_1272	treatment_BASE	1	0	1	-0.12866539	SYNTHETIC_TEACHING_FIXTURE
SYN_REG_1273	treatment_BASE	1	0	0	-0.36716376	SYNTHETIC_TEACHING_FIXTURE
SYN_REG_1274	treatment_BASE	1	1	0	-0.73522479	SYNTHETIC_TEACHING_FIXTURE
SYN_REG_1275	treatment_BASE	1	0	1	-2.24342939	SYNTHETIC_TEACHING_FIXTURE
SYN_REG_1276	treatment_BASE	1	0	0	-0.7037482	SYNTHETIC_TEACHING_FIXTURE
SYN_REG_1277	treatment_BASE	1	1	0	-0.58237943	SYNTHETIC_TEACHING_FIXTURE
SYN_REG_1278	treatment_BASE	1	0	1	-0.39055784	SYNTHETIC_TEACHING_FIXTURE
SYN_REG_1279	treatment_BASE	1	0	0	-0.70570965	SYNTHETIC_TEACHING_FIXTURE
SYN_REG_1280	treatment_BASE	1	1	0	-0.08012465	SYNTHETIC_TEACHING_FIXTURE
SYN_REG_1281	treatment_BASE	1	0	1	-0.10266135	SYNTHETIC_TEACHING_FIXTURE
SYN_REG_1282	treatment_BASE	1	0	0	-1.33856949	SYNTHETIC_TEACHING_FIXTURE
SYN_REG_1283	treatment_BASE	1	1	0	-0.31483142	SYNTHETIC_TEACHING_FIXTURE
SYN_REG_1284	treatment_BASE	1	0	1	0.14266029	SYNTHETIC_TEACHING_FIXTURE
SYN_REG_1285	treatment_BASE	1	0	0	-0.91915684	SYNTHETIC_TEACHING_FIXTURE
SYN_REG_1286	treatment_BASE	1	1	0	-0.15786026	SYNTHETIC_TEACHING_FIXTURE
SYN_REG_1287	treatment_BASE	1	0	1	0.5567854	SYNTHETIC_TEACHING_FIXTURE
SYN_REG_1288	treatment_BASE	1	0	0	-0.40811933	SYNTHETIC_TEACHING_FIXTURE
SYN_REG_1289	treatment_BASE	1	1	0	-0.59044402	SYNTHETIC_TEACHING_FIXTURE
SYN_REG_1290	treatment_BASE	1	0	1	-0.99395626	SYNTHETIC_TEACHING_FIXTURE
SYN_REG_1291	treatment_BASE	1	0	0	-0.63795829	SYNTHETIC_TEACHING_FIXTURE
SYN_REG_1292	treatment_BASE	1	1	0	-0.52841786	SYNTHETIC_TEACHING_FIXTURE
SYN_REG_1293	treatment_BASE	1	0	1	-0.85624743	SYNTHETIC_TEACHING_FIXTURE
SYN_REG_1294	treatment_BASE	1	0	0	-1.82839119	SYNTHETIC_TEACHING_FIXTURE
SYN_REG_1295	treatment_BASE	1	1	0	-0.10904698	SYNTHETIC_TEACHING_FIXTURE
SYN_REG_1296	treatment_BASE	1	0	1	-0.36279328	SYNTHETIC_TEACHING_FIXTURE
SYN_REG_0001	sum_to_zero	1	-1	-1	-0.38280159	SYNTHETIC_TEACHING_FIXTURE
SYN_REG_0002	sum_to_zero	1	1	0	-0.95231836	SYNTHETIC_TEACHING_FIXTURE
SYN_REG_0003	sum_to_zero	1	0	1	0.07418881	SYNTHETIC_TEACHING_FIXTURE
SYN_REG_0004	sum_to_zero	1	-1	-1	0.04513717	SYNTHETIC_TEACHING_FIXTURE
SYN_REG_0005	sum_to_zero	1	1	0	-0.486772	SYNTHETIC_TEACHING_FIXTURE
SYN_REG_0006	sum_to_zero	1	0	1	-0.3377799	SYNTHETIC_TEACHING_FIXTURE
SYN_REG_0007	sum_to_zero	1	-1	-1	0.2192262	SYNTHETIC_TEACHING_FIXTURE
SYN_REG_0008	sum_to_zero	1	1	0	-0.00688285	SYNTHETIC_TEACHING_FIXTURE
SYN_REG_0009	sum_to_zero	1	0	1	0.75109559	SYNTHETIC_TEACHING_FIXTURE
SYN_REG_0010	sum_to_zero	1	-1	-1	0.06342077	SYNTHETIC_TEACHING_FIXTURE
SYN_REG_0011	sum_to_zero	1	1	0	-0.65232497	SYNTHETIC_TEACHING_FIXTURE
SYN_REG_0012	sum_to_zero	1	0	1	-0.48723551	SYNTHETIC_TEACHING_FIXTURE
SYN_REG_0013	sum_to_zero	1	-1	-1	-0.78002169	SYNTHETIC_TEACHING_FIXTURE
SYN_REG_0014	sum_to_zero	1	1	0	0.40952001	SYNTHETIC_TEACHING_FIXTURE
SYN_REG_0015	sum_to_zero	1	0	1	-1.46492542	SYNTHETIC_TEACHING_FIXTURE
SYN_REG_0016	sum_to_zero	1	-1	-1	-0.03321313	SYNTHETIC_TEACHING_FIXTURE
SYN_REG_0017	sum_to_zero	1	1	0	-0.45138844	SYNTHETIC_TEACHING_FIXTURE
SYN_REG_0018	sum_to_zero	1	0	1	0.01108843	SYNTHETIC_TEACHING_FIXTURE
SYN_REG_0019	sum_to_zero	1	-1	-1	-1.24966201	SYNTHETIC_TEACHING_FIXTURE
SYN_REG_0020	sum_to_zero	1	1	0	-0.24219038	SYNTHETIC_TEACHING_FIXTURE
SYN_REG_0021	sum_to_zero	1	0	1	-0.38830596	SYNTHETIC_TEACHING_FIXTURE
SYN_REG_0022	sum_to_zero	1	-1	-1	0.31225948	SYNTHETIC_TEACHING_FIXTURE
SYN_REG_0023	sum_to_zero	1	1	0	-0.34668398	SYNTHETIC_TEACHING_FIXTURE
SYN_REG_0024	sum_to_zero	1	0	1	-2.10734382	SYNTHETIC_TEACHING_FIXTURE
SYN_REG_0025	sum_to_zero	1	-1	-1	0.98765041	SYNTHETIC_TEACHING_FIXTURE
SYN_REG_0026	sum_to_zero	1	1	0	-0.46590233	SYNTHETIC_TEACHING_FIXTURE
SYN_REG_0027	sum_to_zero	1	0	1	-0.52809162	SYNTHETIC_TEACHING_FIXTURE
SYN_REG_0028	sum_to_zero	1	-1	-1	-0.65406958	SYNTHETIC_TEACHING_FIXTURE
SYN_REG_0029	sum_to_zero	1	1	0	-0.57804675	SYNTHETIC_TEACHING_FIXTURE
SYN_REG_0030	sum_to_zero	1	0	1	-0.02308365	SYNTHETIC_TEACHING_FIXTURE
SYN_REG_0031	sum_to_zero	1	-1	-1	-1.45882625	SYNTHETIC_TEACHING_FIXTURE
SYN_REG_0032	sum_to_zero	1	1	0	-0.83279366	SYNTHETIC_TEACHING_FIXTURE
SYN_REG_0033	sum_to_zero	1	0	1	-0.11310713	SYNTHETIC_TEACHING_FIXTURE
SYN_REG_0034	sum_to_zero	1	-1	-1	-1.52153474	SYNTHETIC_TEACHING_FIXTURE
SYN_REG_0035	sum_to_zero	1	1	0	1.03507716	SYNTHETIC_TEACHING_FIXTURE
SYN_REG_0036	sum_to_zero	1	0	1	-0.20965549	SYNTHETIC_TEACHING_FIXTURE
SYN_REG_0037	sum_to_zero	1	-1	-1	-0.77766238	SYNTHETIC_TEACHING_FIXTURE
SYN_REG_0038	sum_to_zero	1	1	0	-0.69178658	SYNTHETIC_TEACHING_FIXTURE
SYN_REG_0039	sum_to_zero	1	0	1	0.87533292	SYNTHETIC_TEACHING_FIXTURE
SYN_REG_0040	sum_to_zero	1	-1	-1	-0.47294045	SYNTHETIC_TEACHING_FIXTURE
SYN_REG_0041	sum_to_zero	1	1	0	-0.12704611	SYNTHETIC_TEACHING_FIXTURE
SYN_REG_0042	sum_to_zero	1	0	1	0.27295104	SYNTHETIC_TEACHING_FIXTURE
SYN_REG_0043	sum_to_zero	1	-1	-1	0.55366221	SYNTHETIC_TEACHING_FIXTURE
SYN_REG_0044	sum_to_zero	1	1	0	-0.83327109	SYNTHETIC_TEACHING_FIXTURE
SYN_REG_0045	sum_to_zero	1	0	1	0.2209529	SYNTHETIC_TEACHING_FIXTURE
SYN_REG_0046	sum_to_zero	1	-1	-1	0.0036067	SYNTHETIC_TEACHING_FIXTURE
SYN_REG_0047	sum_to_zero	1	1	0	0.03681198	SYNTHETIC_TEACHING_FIXTURE
SYN_REG_0048	sum_to_zero	1	0	1	1.1584392	SYNTHETIC_TEACHING_FIXTURE
SYN_REG_0049	sum_to_zero	1	-1	-1	-0.82734697	SYNTHETIC_TEACHING_FIXTURE
SYN_REG_0050	sum_to_zero	1	1	0	-1.1013582	SYNTHETIC_TEACHING_FIXTURE
SYN_REG_0051	sum_to_zero	1	0	1	0.63769792	SYNTHETIC_TEACHING_FIXTURE
SYN_REG_0052	sum_to_zero	1	-1	-1	-0.19218751	SYNTHETIC_TEACHING_FIXTURE
SYN_REG_0053	sum_to_zero	1	1	0	-0.53410127	SYNTHETIC_TEACHING_FIXTURE
SYN_REG_0054	sum_to_zero	1	0	1	-0.98968723	SYNTHETIC_TEACHING_FIXTURE
SYN_REG_0055	sum_to_zero	1	-1	-1	0.39589534	SYNTHETIC_TEACHING_FIXTURE
SYN_REG_0056	sum_to_zero	1	1	0	0.0267203	SYNTHETIC_TEACHING_FIXTURE
SYN_REG_0057	sum_to_zero	1	0	1	-0.28944406	SYNTHETIC_TEACHING_FIXTURE
SYN_REG_0058	sum_to_zero	1	-1	-1	-1.36787178	SYNTHETIC_TEACHING_FIXTURE
SYN_REG_0059	sum_to_zero	1	1	0	-0.63943236	SYNTHETIC_TEACHING_FIXTURE
SYN_REG_0060	sum_to_zero	1	0	1	0.36943177	SYNTHETIC_TEACHING_FIXTURE
SYN_REG_0061	sum_to_zero	1	-1	-1	-0.20342502	SYNTHETIC_TEACHING_FIXTURE
SYN_REG_0062	sum_to_zero	1	1	0	-1.71305793	SYNTHETIC_TEACHING_FIXTURE
SYN_REG_0063	sum_to_zero	1	0	1	-0.5680227	SYNTHETIC_TEACHING_FIXTURE
SYN_REG_0064	sum_to_zero	1	-1	-1	0.45973375	SYNTHETIC_TEACHING_FIXTURE
SYN_REG_0065	sum_to_zero	1	1	0	-0.7191135	SYNTHETIC_TEACHING_FIXTURE
SYN_REG_0066	sum_to_zero	1	0	1	-0.00046141	SYNTHETIC_TEACHING_FIXTURE
SYN_REG_0067	sum_to_zero	1	-1	-1	-0.81530379	SYNTHETIC_TEACHING_FIXTURE
SYN_REG_0068	sum_to_zero	1	1	0	-1.36282295	SYNTHETIC_TEACHING_FIXTURE
SYN_REG_0069	sum_to_zero	1	0	1	0.00608337	SYNTHETIC_TEACHING_FIXTURE
SYN_REG_0070	sum_to_zero	1	-1	-1	-0.43247424	SYNTHETIC_TEACHING_FIXTURE
SYN_REG_0071	sum_to_zero	1	1	0	-0.20771394	SYNTHETIC_TEACHING_FIXTURE
SYN_REG_0072	sum_to_zero	1	0	1	0.09665589	SYNTHETIC_TEACHING_FIXTURE
SYN_REG_0073	sum_to_zero	1	-1	-1	-0.82351162	SYNTHETIC_TEACHING_FIXTURE
SYN_REG_0074	sum_to_zero	1	1	0	-0.06305452	SYNTHETIC_TEACHING_FIXTURE
SYN_REG_0075	sum_to_zero	1	0	1	0.35539134	SYNTHETIC_TEACHING_FIXTURE
SYN_REG_0076	sum_to_zero	1	-1	-1	-0.59878513	SYNTHETIC_TEACHING_FIXTURE
SYN_REG_0077	sum_to_zero	1	1	0	0.84335503	SYNTHETIC_TEACHING_FIXTURE
SYN_REG_0078	sum_to_zero	1	0	1	0.225395	SYNTHETIC_TEACHING_FIXTURE
SYN_REG_0079	sum_to_zero	1	-1	-1	0.05281386	SYNTHETIC_TEACHING_FIXTURE
SYN_REG_0080	sum_to_zero	1	1	0	-0.68783982	SYNTHETIC_TEACHING_FIXTURE
SYN_REG_0081	sum_to_zero	1	0	1	0.7377713	SYNTHETIC_TEACHING_FIXTURE
SYN_REG_0082	sum_to_zero	1	-1	-1	-0.49437707	SYNTHETIC_TEACHING_FIXTURE
SYN_REG_0083	sum_to_zero	1	1	0	-0.5707162	SYNTHETIC_TEACHING_FIXTURE
SYN_REG_0084	sum_to_zero	1	0	1	0.18400974	SYNTHETIC_TEACHING_FIXTURE
SYN_REG_0085	sum_to_zero	1	-1	-1	0.3858872	SYNTHETIC_TEACHING_FIXTURE
SYN_REG_0086	sum_to_zero	1	1	0	-1.82389141	SYNTHETIC_TEACHING_FIXTURE
SYN_REG_0087	sum_to_zero	1	0	1	-0.5900581	SYNTHETIC_TEACHING_FIXTURE
SYN_REG_0088	sum_to_zero	1	-1	-1	-0.61679221	SYNTHETIC_TEACHING_FIXTURE
SYN_REG_0089	sum_to_zero	1	1	0	-1.45144199	SYNTHETIC_TEACHING_FIXTURE
SYN_REG_0090	sum_to_zero	1	0	1	0.15063934	SYNTHETIC_TEACHING_FIXTURE
SYN_REG_0091	sum_to_zero	1	-1	-1	0.45713175	SYNTHETIC_TEACHING_FIXTURE
SYN_REG_0092	sum_to_zero	1	1	0	-0.31136209	SYNTHETIC_TEACHING_FIXTURE
SYN_REG_0093	sum_to_zero	1	0	1	-0.5119863	SYNTHETIC_TEACHING_FIXTURE
SYN_REG_0094	sum_to_zero	1	-1	-1	-2.18358945	SYNTHETIC_TEACHING_FIXTURE
SYN_REG_0095	sum_to_zero	1	1	0	-0.75276638	SYNTHETIC_TEACHING_FIXTURE
SYN_REG_0096	sum_to_zero	1	0	1	1.12904938	SYNTHETIC_TEACHING_FIXTURE
SYN_REG_0097	sum_to_zero	1	-1	-1	-0.23575502	SYNTHETIC_TEACHING_FIXTURE
SYN_REG_0098	sum_to_zero	1	1	0	-0.48587881	SYNTHETIC_TEACHING_FIXTURE
SYN_REG_0099	sum_to_zero	1	0	1	-1.1255301	SYNTHETIC_TEACHING_FIXTURE
SYN_REG_0100	sum_to_zero	1	-1	-1	-0.45788349	SYNTHETIC_TEACHING_FIXTURE
SYN_REG_0101	sum_to_zero	1	1	0	-0.19090441	SYNTHETIC_TEACHING_FIXTURE
SYN_REG_0102	sum_to_zero	1	0	1	0.45193572	SYNTHETIC_TEACHING_FIXTURE
SYN_REG_0103	sum_to_zero	1	-1	-1	0.2593204	SYNTHETIC_TEACHING_FIXTURE
SYN_REG_0104	sum_to_zero	1	1	0	-0.29934278	SYNTHETIC_TEACHING_FIXTURE
SYN_REG_0105	sum_to_zero	1	0	1	0.2526702	SYNTHETIC_TEACHING_FIXTURE
SYN_REG_0106	sum_to_zero	1	-1	-1	-0.12510655	SYNTHETIC_TEACHING_FIXTURE
SYN_REG_0107	sum_to_zero	1	1	0	-0.17221102	SYNTHETIC_TEACHING_FIXTURE
SYN_REG_0108	sum_to_zero	1	0	1	0.97452903	SYNTHETIC_TEACHING_FIXTURE
SYN_REG_0109	sum_to_zero	1	-1	-1	-0.36167927	SYNTHETIC_TEACHING_FIXTURE
SYN_REG_0110	sum_to_zero	1	1	0	-0.25680373	SYNTHETIC_TEACHING_FIXTURE
SYN_REG_0111	sum_to_zero	1	0	1	1.41714282	SYNTHETIC_TEACHING_FIXTURE
SYN_REG_0112	sum_to_zero	1	-1	-1	-0.24643553	SYNTHETIC_TEACHING_FIXTURE
SYN_REG_0113	sum_to_zero	1	1	0	-0.36885863	SYNTHETIC_TEACHING_FIXTURE
SYN_REG_0114	sum_to_zero	1	0	1	-0.61101133	SYNTHETIC_TEACHING_FIXTURE
SYN_REG_0115	sum_to_zero	1	-1	-1	0.28449491	SYNTHETIC_TEACHING_FIXTURE
SYN_REG_0116	sum_to_zero	1	1	0	0.31251212	SYNTHETIC_TEACHING_FIXTURE
SYN_REG_0117	sum_to_zero	1	0	1	0.52582603	SYNTHETIC_TEACHING_FIXTURE
SYN_REG_0118	sum_to_zero	1	-1	-1	0.62290752	SYNTHETIC_TEACHING_FIXTURE
SYN_REG_0119	sum_to_zero	1	1	0	-0.08243223	SYNTHETIC_TEACHING_FIXTURE
SYN_REG_0120	sum_to_zero	1	0	1	1.03311571	SYNTHETIC_TEACHING_FIXTURE
SYN_REG_0121	sum_to_zero	1	-1	-1	-0.43980877	SYNTHETIC_TEACHING_FIXTURE
SYN_REG_0122	sum_to_zero	1	1	0	-0.14803912	SYNTHETIC_TEACHING_FIXTURE
SYN_REG_0123	sum_to_zero	1	0	1	-0.88262148	SYNTHETIC_TEACHING_FIXTURE
SYN_REG_0124	sum_to_zero	1	-1	-1	-0.40364342	SYNTHETIC_TEACHING_FIXTURE
SYN_REG_0125	sum_to_zero	1	1	0	-0.61829413	SYNTHETIC_TEACHING_FIXTURE
SYN_REG_0126	sum_to_zero	1	0	1	1.04526234	SYNTHETIC_TEACHING_FIXTURE
SYN_REG_0127	sum_to_zero	1	-1	-1	0.49806544	SYNTHETIC_TEACHING_FIXTURE
SYN_REG_0128	sum_to_zero	1	1	0	0.36307995	SYNTHETIC_TEACHING_FIXTURE
SYN_REG_0129	sum_to_zero	1	0	1	1.51624742	SYNTHETIC_TEACHING_FIXTURE
SYN_REG_0130	sum_to_zero	1	-1	-1	0.24477071	SYNTHETIC_TEACHING_FIXTURE
SYN_REG_0131	sum_to_zero	1	1	0	0.50837595	SYNTHETIC_TEACHING_FIXTURE
SYN_REG_0132	sum_to_zero	1	0	1	1.21084116	SYNTHETIC_TEACHING_FIXTURE
SYN_REG_0133	sum_to_zero	1	-1	-1	-0.82236379	SYNTHETIC_TEACHING_FIXTURE
SYN_REG_0134	sum_to_zero	1	1	0	0.40493071	SYNTHETIC_TEACHING_FIXTURE
SYN_REG_0135	sum_to_zero	1	0	1	1.17399348	SYNTHETIC_TEACHING_FIXTURE
SYN_REG_0136	sum_to_zero	1	-1	-1	0.11765288	SYNTHETIC_TEACHING_FIXTURE
SYN_REG_0137	sum_to_zero	1	1	0	0.37522459	SYNTHETIC_TEACHING_FIXTURE
SYN_REG_0138	sum_to_zero	1	0	1	-0.49732322	SYNTHETIC_TEACHING_FIXTURE
SYN_REG_0139	sum_to_zero	1	-1	-1	-0.38497589	SYNTHETIC_TEACHING_FIXTURE
SYN_REG_0140	sum_to_zero	1	1	0	-0.43401992	SYNTHETIC_TEACHING_FIXTURE
SYN_REG_0141	sum_to_zero	1	0	1	0.66868116	SYNTHETIC_TEACHING_FIXTURE
SYN_REG_0142	sum_to_zero	1	-1	-1	-0.45880453	SYNTHETIC_TEACHING_FIXTURE
SYN_REG_0143	sum_to_zero	1	1	0	-0.20752695	SYNTHETIC_TEACHING_FIXTURE
SYN_REG_0144	sum_to_zero	1	0	1	0.83097765	SYNTHETIC_TEACHING_FIXTURE
SYN_REG_0145	sum_to_zero	1	-1	-1	0.04706878	SYNTHETIC_TEACHING_FIXTURE
SYN_REG_0146	sum_to_zero	1	1	0	-1.94579132	SYNTHETIC_TEACHING_FIXTURE
SYN_REG_0147	sum_to_zero	1	0	1	0.28523891	SYNTHETIC_TEACHING_FIXTURE
SYN_REG_0148	sum_to_zero	1	-1	-1	-0.26148653	SYNTHETIC_TEACHING_FIXTURE
SYN_REG_0149	sum_to_zero	1	1	0	0.56496338	SYNTHETIC_TEACHING_FIXTURE
SYN_REG_0150	sum_to_zero	1	0	1	-0.06260892	SYNTHETIC_TEACHING_FIXTURE
SYN_REG_0151	sum_to_zero	1	-1	-1	-0.01328837	SYNTHETIC_TEACHING_FIXTURE
SYN_REG_0152	sum_to_zero	1	1	0	-1.11581042	SYNTHETIC_TEACHING_FIXTURE
SYN_REG_0153	sum_to_zero	1	0	1	-0.71283927	SYNTHETIC_TEACHING_FIXTURE
SYN_REG_0154	sum_to_zero	1	-1	-1	-0.75841199	SYNTHETIC_TEACHING_FIXTURE
SYN_REG_0155	sum_to_zero	1	1	0	0.21800477	SYNTHETIC_TEACHING_FIXTURE
SYN_REG_0156	sum_to_zero	1	0	1	1.59583506	SYNTHETIC_TEACHING_FIXTURE
SYN_REG_0157	sum_to_zero	1	-1	-1	-0.7715831	SYNTHETIC_TEACHING_FIXTURE
SYN_REG_0158	sum_to_zero	1	1	0	-0.02225809	SYNTHETIC_TEACHING_FIXTURE
SYN_REG_0159	sum_to_zero	1	0	1	-0.19421659	SYNTHETIC_TEACHING_FIXTURE
SYN_REG_0160	sum_to_zero	1	-1	-1	0.37889484	SYNTHETIC_TEACHING_FIXTURE
SYN_REG_0161	sum_to_zero	1	1	0	0.11472663	SYNTHETIC_TEACHING_FIXTURE
SYN_REG_0162	sum_to_zero	1	0	1	-0.08790278	SYNTHETIC_TEACHING_FIXTURE
SYN_REG_0163	sum_to_zero	1	-1	-1	-0.51035508	SYNTHETIC_TEACHING_FIXTURE
SYN_REG_0164	sum_to_zero	1	1	0	0.31673937	SYNTHETIC_TEACHING_FIXTURE
SYN_REG_0165	sum_to_zero	1	0	1	0.69855239	SYNTHETIC_TEACHING_FIXTURE
SYN_REG_0166	sum_to_zero	1	-1	-1	1.49186664	SYNTHETIC_TEACHING_FIXTURE
SYN_REG_0167	sum_to_zero	1	1	0	1.26955715	SYNTHETIC_TEACHING_FIXTURE
SYN_REG_0168	sum_to_zero	1	0	1	0.0082139	SYNTHETIC_TEACHING_FIXTURE
SYN_REG_0169	sum_to_zero	1	-1	-1	0.18974885	SYNTHETIC_TEACHING_FIXTURE
SYN_REG_0170	sum_to_zero	1	1	0	0.71753024	SYNTHETIC_TEACHING_FIXTURE
SYN_REG_0171	sum_to_zero	1	0	1	0.8124255	SYNTHETIC_TEACHING_FIXTURE
SYN_REG_0172	sum_to_zero	1	-1	-1	1.12238724	SYNTHETIC_TEACHING_FIXTURE
SYN_REG_0173	sum_to_zero	1	1	0	1.58372226	SYNTHETIC_TEACHING_FIXTURE
SYN_REG_0174	sum_to_zero	1	0	1	1.35437464	SYNTHETIC_TEACHING_FIXTURE
SYN_REG_0175	sum_to_zero	1	-1	-1	0.21496712	SYNTHETIC_TEACHING_FIXTURE
SYN_REG_0176	sum_to_zero	1	1	0	0.60824444	SYNTHETIC_TEACHING_FIXTURE
SYN_REG_0177	sum_to_zero	1	0	1	0.83586137	SYNTHETIC_TEACHING_FIXTURE
SYN_REG_0178	sum_to_zero	1	-1	-1	0.76100824	SYNTHETIC_TEACHING_FIXTURE
SYN_REG_0179	sum_to_zero	1	1	0	1.83613573	SYNTHETIC_TEACHING_FIXTURE
SYN_REG_0180	sum_to_zero	1	0	1	-0.21272298	SYNTHETIC_TEACHING_FIXTURE
SYN_REG_0181	sum_to_zero	1	-1	-1	0.78927212	SYNTHETIC_TEACHING_FIXTURE
SYN_REG_0182	sum_to_zero	1	1	0	1.28101349	SYNTHETIC_TEACHING_FIXTURE
SYN_REG_0183	sum_to_zero	1	0	1	1.59366673	SYNTHETIC_TEACHING_FIXTURE
SYN_REG_0184	sum_to_zero	1	-1	-1	0.41561719	SYNTHETIC_TEACHING_FIXTURE
SYN_REG_0185	sum_to_zero	1	1	0	0.63324787	SYNTHETIC_TEACHING_FIXTURE
SYN_REG_0186	sum_to_zero	1	0	1	0.99338356	SYNTHETIC_TEACHING_FIXTURE
SYN_REG_0187	sum_to_zero	1	-1	-1	1.21019067	SYNTHETIC_TEACHING_FIXTURE
SYN_REG_0188	sum_to_zero	1	1	0	-0.14617714	SYNTHETIC_TEACHING_FIXTURE
SYN_REG_0189	sum_to_zero	1	0	1	0.4164328	SYNTHETIC_TEACHING_FIXTURE
SYN_REG_0190	sum_to_zero	1	-1	-1	1.29422836	SYNTHETIC_TEACHING_FIXTURE
SYN_REG_0191	sum_to_zero	1	1	0	0.83106518	SYNTHETIC_TEACHING_FIXTURE
SYN_REG_0192	sum_to_zero	1	0	1	1.01660856	SYNTHETIC_TEACHING_FIXTURE
SYN_REG_0193	sum_to_zero	1	-1	-1	0.72523677	SYNTHETIC_TEACHING_FIXTURE
SYN_REG_0194	sum_to_zero	1	1	0	0.85848759	SYNTHETIC_TEACHING_FIXTURE
SYN_REG_0195	sum_to_zero	1	0	1	1.35881475	SYNTHETIC_TEACHING_FIXTURE
SYN_REG_0196	sum_to_zero	1	-1	-1	0.68488793	SYNTHETIC_TEACHING_FIXTURE
SYN_REG_0197	sum_to_zero	1	1	0	0.62307064	SYNTHETIC_TEACHING_FIXTURE
SYN_REG_0198	sum_to_zero	1	0	1	0.94494824	SYNTHETIC_TEACHING_FIXTURE
SYN_REG_0199	sum_to_zero	1	-1	-1	0.60880741	SYNTHETIC_TEACHING_FIXTURE
SYN_REG_0200	sum_to_zero	1	1	0	1.32751521	SYNTHETIC_TEACHING_FIXTURE
SYN_REG_0201	sum_to_zero	1	0	1	0.58394124	SYNTHETIC_TEACHING_FIXTURE
SYN_REG_0202	sum_to_zero	1	-1	-1	1.82347189	SYNTHETIC_TEACHING_FIXTURE
SYN_REG_0203	sum_to_zero	1	1	0	0.93872176	SYNTHETIC_TEACHING_FIXTURE
SYN_REG_0204	sum_to_zero	1	0	1	0.64281239	SYNTHETIC_TEACHING_FIXTURE
SYN_REG_0205	sum_to_zero	1	-1	-1	0.05660545	SYNTHETIC_TEACHING_FIXTURE
SYN_REG_0206	sum_to_zero	1	1	0	-0.17569825	SYNTHETIC_TEACHING_FIXTURE
SYN_REG_0207	sum_to_zero	1	0	1	0.98259363	SYNTHETIC_TEACHING_FIXTURE
SYN_REG_0208	sum_to_zero	1	-1	-1	1.75053445	SYNTHETIC_TEACHING_FIXTURE
SYN_REG_0209	sum_to_zero	1	1	0	0.73332523	SYNTHETIC_TEACHING_FIXTURE
SYN_REG_0210	sum_to_zero	1	0	1	1.11980315	SYNTHETIC_TEACHING_FIXTURE
SYN_REG_0211	sum_to_zero	1	-1	-1	1.61164796	SYNTHETIC_TEACHING_FIXTURE
SYN_REG_0212	sum_to_zero	1	1	0	1.21819558	SYNTHETIC_TEACHING_FIXTURE
SYN_REG_0213	sum_to_zero	1	0	1	1.05294698	SYNTHETIC_TEACHING_FIXTURE
SYN_REG_0214	sum_to_zero	1	-1	-1	0.74316428	SYNTHETIC_TEACHING_FIXTURE
SYN_REG_0215	sum_to_zero	1	1	0	1.94280561	SYNTHETIC_TEACHING_FIXTURE
SYN_REG_0216	sum_to_zero	1	0	1	1.11694453	SYNTHETIC_TEACHING_FIXTURE
SYN_REG_0217	sum_to_zero	1	-1	-1	-0.49215901	SYNTHETIC_TEACHING_FIXTURE
SYN_REG_0218	sum_to_zero	1	1	0	1.86693794	SYNTHETIC_TEACHING_FIXTURE
SYN_REG_0219	sum_to_zero	1	0	1	0.60835982	SYNTHETIC_TEACHING_FIXTURE
SYN_REG_0220	sum_to_zero	1	-1	-1	0.5834837	SYNTHETIC_TEACHING_FIXTURE
SYN_REG_0221	sum_to_zero	1	1	0	-0.48611554	SYNTHETIC_TEACHING_FIXTURE
SYN_REG_0222	sum_to_zero	1	0	1	0.82511918	SYNTHETIC_TEACHING_FIXTURE
SYN_REG_0223	sum_to_zero	1	-1	-1	-1.41455055	SYNTHETIC_TEACHING_FIXTURE
SYN_REG_0224	sum_to_zero	1	1	0	-0.6845734	SYNTHETIC_TEACHING_FIXTURE
SYN_REG_0225	sum_to_zero	1	0	1	1.18434179	SYNTHETIC_TEACHING_FIXTURE
SYN_REG_0226	sum_to_zero	1	-1	-1	0.77390881	SYNTHETIC_TEACHING_FIXTURE
SYN_REG_0227	sum_to_zero	1	1	0	0.3850517	SYNTHETIC_TEACHING_FIXTURE
SYN_REG_0228	sum_to_zero	1	0	1	0.70551292	SYNTHETIC_TEACHING_FIXTURE
SYN_REG_0229	sum_to_zero	1	-1	-1	0.04913167	SYNTHETIC_TEACHING_FIXTURE
SYN_REG_0230	sum_to_zero	1	1	0	0.00989883	SYNTHETIC_TEACHING_FIXTURE
SYN_REG_0231	sum_to_zero	1	0	1	0.34939759	SYNTHETIC_TEACHING_FIXTURE
SYN_REG_0232	sum_to_zero	1	-1	-1	-0.21129268	SYNTHETIC_TEACHING_FIXTURE
SYN_REG_0233	sum_to_zero	1	1	0	0.24455388	SYNTHETIC_TEACHING_FIXTURE
SYN_REG_0234	sum_to_zero	1	0	1	0.58075042	SYNTHETIC_TEACHING_FIXTURE
SYN_REG_0235	sum_to_zero	1	-1	-1	-1.50926478	SYNTHETIC_TEACHING_FIXTURE
SYN_REG_0236	sum_to_zero	1	1	0	-0.23002386	SYNTHETIC_TEACHING_FIXTURE
SYN_REG_0237	sum_to_zero	1	0	1	1.30590949	SYNTHETIC_TEACHING_FIXTURE
SYN_REG_0238	sum_to_zero	1	-1	-1	-0.27956324	SYNTHETIC_TEACHING_FIXTURE
SYN_REG_0239	sum_to_zero	1	1	0	1.29074113	SYNTHETIC_TEACHING_FIXTURE
SYN_REG_0240	sum_to_zero	1	0	1	0.08079725	SYNTHETIC_TEACHING_FIXTURE
SYN_REG_0241	sum_to_zero	1	-1	-1	-0.74128816	SYNTHETIC_TEACHING_FIXTURE
SYN_REG_0242	sum_to_zero	1	1	0	0.54117939	SYNTHETIC_TEACHING_FIXTURE
SYN_REG_0243	sum_to_zero	1	0	1	-0.01476244	SYNTHETIC_TEACHING_FIXTURE
SYN_REG_0244	sum_to_zero	1	-1	-1	0.12555634	SYNTHETIC_TEACHING_FIXTURE
SYN_REG_0245	sum_to_zero	1	1	0	-1.09500639	SYNTHETIC_TEACHING_FIXTURE
SYN_REG_0246	sum_to_zero	1	0	1	0.3741643	SYNTHETIC_TEACHING_FIXTURE
SYN_REG_0247	sum_to_zero	1	-1	-1	-0.61663506	SYNTHETIC_TEACHING_FIXTURE
SYN_REG_0248	sum_to_zero	1	1	0	-1.3456832	SYNTHETIC_TEACHING_FIXTURE
SYN_REG_0249	sum_to_zero	1	0	1	0.04883925	SYNTHETIC_TEACHING_FIXTURE
SYN_REG_0250	sum_to_zero	1	-1	-1	0.02755381	SYNTHETIC_TEACHING_FIXTURE
SYN_REG_0251	sum_to_zero	1	1	0	0.62951794	SYNTHETIC_TEACHING_FIXTURE
SYN_REG_0252	sum_to_zero	1	0	1	-0.03101695	SYNTHETIC_TEACHING_FIXTURE
SYN_REG_0253	sum_to_zero	1	-1	-1	0.16024962	SYNTHETIC_TEACHING_FIXTURE
SYN_REG_0254	sum_to_zero	1	1	0	-0.41017029	SYNTHETIC_TEACHING_FIXTURE
SYN_REG_0255	sum_to_zero	1	0	1	0.59611373	SYNTHETIC_TEACHING_FIXTURE
SYN_REG_0256	sum_to_zero	1	-1	-1	-0.21667968	SYNTHETIC_TEACHING_FIXTURE
SYN_REG_0257	sum_to_zero	1	1	0	0.26019172	SYNTHETIC_TEACHING_FIXTURE
SYN_REG_0258	sum_to_zero	1	0	1	0.75576048	SYNTHETIC_TEACHING_FIXTURE
SYN_REG_0259	sum_to_zero	1	-1	-1	0.85545988	SYNTHETIC_TEACHING_FIXTURE
SYN_REG_0260	sum_to_zero	1	1	0	0.56241112	SYNTHETIC_TEACHING_FIXTURE
SYN_REG_0261	sum_to_zero	1	0	1	1.40106336	SYNTHETIC_TEACHING_FIXTURE
SYN_REG_0262	sum_to_zero	1	-1	-1	-0.80177063	SYNTHETIC_TEACHING_FIXTURE
SYN_REG_0263	sum_to_zero	1	1	0	-0.67995228	SYNTHETIC_TEACHING_FIXTURE
SYN_REG_0264	sum_to_zero	1	0	1	-0.69266983	SYNTHETIC_TEACHING_FIXTURE
SYN_REG_0265	sum_to_zero	1	-1	-1	0.67858585	SYNTHETIC_TEACHING_FIXTURE
SYN_REG_0266	sum_to_zero	1	1	0	-0.15567005	SYNTHETIC_TEACHING_FIXTURE
SYN_REG_0267	sum_to_zero	1	0	1	0.41203646	SYNTHETIC_TEACHING_FIXTURE
SYN_REG_0268	sum_to_zero	1	-1	-1	0.92093747	SYNTHETIC_TEACHING_FIXTURE
SYN_REG_0269	sum_to_zero	1	1	0	-0.10891768	SYNTHETIC_TEACHING_FIXTURE
SYN_REG_0270	sum_to_zero	1	0	1	1.22763279	SYNTHETIC_TEACHING_FIXTURE
SYN_REG_0271	sum_to_zero	1	-1	-1	0.45736052	SYNTHETIC_TEACHING_FIXTURE
SYN_REG_0272	sum_to_zero	1	1	0	0.24571165	SYNTHETIC_TEACHING_FIXTURE
SYN_REG_0273	sum_to_zero	1	0	1	1.13632025	SYNTHETIC_TEACHING_FIXTURE
SYN_REG_0274	sum_to_zero	1	-1	-1	0.91813655	SYNTHETIC_TEACHING_FIXTURE
SYN_REG_0275	sum_to_zero	1	1	0	0.75594549	SYNTHETIC_TEACHING_FIXTURE
SYN_REG_0276	sum_to_zero	1	0	1	1.29329538	SYNTHETIC_TEACHING_FIXTURE
SYN_REG_0277	sum_to_zero	1	-1	-1	0.06866654	SYNTHETIC_TEACHING_FIXTURE
SYN_REG_0278	sum_to_zero	1	1	0	0.95301085	SYNTHETIC_TEACHING_FIXTURE
SYN_REG_0279	sum_to_zero	1	0	1	2.01022276	SYNTHETIC_TEACHING_FIXTURE
SYN_REG_0280	sum_to_zero	1	-1	-1	0.10738216	SYNTHETIC_TEACHING_FIXTURE
SYN_REG_0281	sum_to_zero	1	1	0	0.87408564	SYNTHETIC_TEACHING_FIXTURE
SYN_REG_0282	sum_to_zero	1	0	1	0.22319683	SYNTHETIC_TEACHING_FIXTURE
SYN_REG_0283	sum_to_zero	1	-1	-1	-0.00857971	SYNTHETIC_TEACHING_FIXTURE
SYN_REG_0284	sum_to_zero	1	1	0	0.12478052	SYNTHETIC_TEACHING_FIXTURE
SYN_REG_0285	sum_to_zero	1	0	1	0.77915855	SYNTHETIC_TEACHING_FIXTURE
SYN_REG_0286	sum_to_zero	1	-1	-1	0.23751974	SYNTHETIC_TEACHING_FIXTURE
SYN_REG_0287	sum_to_zero	1	1	0	0.32232331	SYNTHETIC_TEACHING_FIXTURE
SYN_REG_0288	sum_to_zero	1	0	1	1.06555114	SYNTHETIC_TEACHING_FIXTURE
SYN_REG_0289	sum_to_zero	1	-1	-1	1.6806824	SYNTHETIC_TEACHING_FIXTURE
SYN_REG_0290	sum_to_zero	1	1	0	0.47996088	SYNTHETIC_TEACHING_FIXTURE
SYN_REG_0291	sum_to_zero	1	0	1	0.18499842	SYNTHETIC_TEACHING_FIXTURE
SYN_REG_0292	sum_to_zero	1	-1	-1	0.3364831	SYNTHETIC_TEACHING_FIXTURE
SYN_REG_0293	sum_to_zero	1	1	0	-0.53210004	SYNTHETIC_TEACHING_FIXTURE
SYN_REG_0294	sum_to_zero	1	0	1	0.08356435	SYNTHETIC_TEACHING_FIXTURE
SYN_REG_0295	sum_to_zero	1	-1	-1	1.0838407	SYNTHETIC_TEACHING_FIXTURE
SYN_REG_0296	sum_to_zero	1	1	0	1.6145384	SYNTHETIC_TEACHING_FIXTURE
SYN_REG_0297	sum_to_zero	1	0	1	0.65853576	SYNTHETIC_TEACHING_FIXTURE
SYN_REG_0298	sum_to_zero	1	-1	-1	0.09987059	SYNTHETIC_TEACHING_FIXTURE
SYN_REG_0299	sum_to_zero	1	1	0	0.28729783	SYNTHETIC_TEACHING_FIXTURE
SYN_REG_0300	sum_to_zero	1	0	1	0.09213821	SYNTHETIC_TEACHING_FIXTURE
SYN_REG_0301	sum_to_zero	1	-1	-1	0.95116081	SYNTHETIC_TEACHING_FIXTURE
SYN_REG_0302	sum_to_zero	1	1	0	0.99951257	SYNTHETIC_TEACHING_FIXTURE
SYN_REG_0303	sum_to_zero	1	0	1	0.50224495	SYNTHETIC_TEACHING_FIXTURE
SYN_REG_0304	sum_to_zero	1	-1	-1	-0.38019959	SYNTHETIC_TEACHING_FIXTURE
SYN_REG_0305	sum_to_zero	1	1	0	0.78061073	SYNTHETIC_TEACHING_FIXTURE
SYN_REG_0306	sum_to_zero	1	0	1	1.37745045	SYNTHETIC_TEACHING_FIXTURE
SYN_REG_0307	sum_to_zero	1	-1	-1	1.42661782	SYNTHETIC_TEACHING_FIXTURE
SYN_REG_0308	sum_to_zero	1	1	0	0.44041771	SYNTHETIC_TEACHING_FIXTURE
SYN_REG_0309	sum_to_zero	1	0	1	0.46898197	SYNTHETIC_TEACHING_FIXTURE
SYN_REG_0310	sum_to_zero	1	-1	-1	0.91934803	SYNTHETIC_TEACHING_FIXTURE
SYN_REG_0311	sum_to_zero	1	1	0	0.44972561	SYNTHETIC_TEACHING_FIXTURE
SYN_REG_0312	sum_to_zero	1	0	1	0.06860885	SYNTHETIC_TEACHING_FIXTURE
SYN_REG_0313	sum_to_zero	1	-1	-1	0.9925023	SYNTHETIC_TEACHING_FIXTURE
SYN_REG_0314	sum_to_zero	1	1	0	1.01183226	SYNTHETIC_TEACHING_FIXTURE
SYN_REG_0315	sum_to_zero	1	0	1	1.57138864	SYNTHETIC_TEACHING_FIXTURE
SYN_REG_0316	sum_to_zero	1	-1	-1	-0.26779855	SYNTHETIC_TEACHING_FIXTURE
SYN_REG_0317	sum_to_zero	1	1	0	-0.28550724	SYNTHETIC_TEACHING_FIXTURE
SYN_REG_0318	sum_to_zero	1	0	1	1.33550421	SYNTHETIC_TEACHING_FIXTURE
SYN_REG_0319	sum_to_zero	1	-1	-1	1.50032114	SYNTHETIC_TEACHING_FIXTURE
SYN_REG_0320	sum_to_zero	1	1	0	0.0419364	SYNTHETIC_TEACHING_FIXTURE
SYN_REG_0321	sum_to_zero	1	0	1	1.47993884	SYNTHETIC_TEACHING_FIXTURE
SYN_REG_0322	sum_to_zero	1	-1	-1	0.14254889	SYNTHETIC_TEACHING_FIXTURE
SYN_REG_0323	sum_to_zero	1	1	0	0.89115974	SYNTHETIC_TEACHING_FIXTURE
SYN_REG_0324	sum_to_zero	1	0	1	-0.24864564	SYNTHETIC_TEACHING_FIXTURE
SYN_REG_0325	sum_to_zero	1	-1	-1	-0.84876371	SYNTHETIC_TEACHING_FIXTURE
SYN_REG_0326	sum_to_zero	1	1	0	-1.37395703	SYNTHETIC_TEACHING_FIXTURE
SYN_REG_0327	sum_to_zero	1	0	1	0.75735789	SYNTHETIC_TEACHING_FIXTURE
SYN_REG_0328	sum_to_zero	1	-1	-1	0.30113336	SYNTHETIC_TEACHING_FIXTURE
SYN_REG_0329	sum_to_zero	1	1	0	1.14538745	SYNTHETIC_TEACHING_FIXTURE
SYN_REG_0330	sum_to_zero	1	0	1	0.55936551	SYNTHETIC_TEACHING_FIXTURE
SYN_REG_0331	sum_to_zero	1	-1	-1	0.65258579	SYNTHETIC_TEACHING_FIXTURE
SYN_REG_0332	sum_to_zero	1	1	0	0.53864901	SYNTHETIC_TEACHING_FIXTURE
SYN_REG_0333	sum_to_zero	1	0	1	-0.32858539	SYNTHETIC_TEACHING_FIXTURE
SYN_REG_0334	sum_to_zero	1	-1	-1	0.07034152	SYNTHETIC_TEACHING_FIXTURE
SYN_REG_0335	sum_to_zero	1	1	0	-0.66663595	SYNTHETIC_TEACHING_FIXTURE
SYN_REG_0336	sum_to_zero	1	0	1	0.28543386	SYNTHETIC_TEACHING_FIXTURE
SYN_REG_0337	sum_to_zero	1	-1	-1	0.61431178	SYNTHETIC_TEACHING_FIXTURE
SYN_REG_0338	sum_to_zero	1	1	0	-0.90724694	SYNTHETIC_TEACHING_FIXTURE
SYN_REG_0339	sum_to_zero	1	0	1	0.65387087	SYNTHETIC_TEACHING_FIXTURE
SYN_REG_0340	sum_to_zero	1	-1	-1	0.09143201	SYNTHETIC_TEACHING_FIXTURE
SYN_REG_0341	sum_to_zero	1	1	0	-0.31338719	SYNTHETIC_TEACHING_FIXTURE
SYN_REG_0342	sum_to_zero	1	0	1	2.14994674	SYNTHETIC_TEACHING_FIXTURE
SYN_REG_0343	sum_to_zero	1	-1	-1	-0.86535839	SYNTHETIC_TEACHING_FIXTURE
SYN_REG_0344	sum_to_zero	1	1	0	0.66256806	SYNTHETIC_TEACHING_FIXTURE
SYN_REG_0345	sum_to_zero	1	0	1	0.80152616	SYNTHETIC_TEACHING_FIXTURE
SYN_REG_0346	sum_to_zero	1	-1	-1	1.11613688	SYNTHETIC_TEACHING_FIXTURE
SYN_REG_0347	sum_to_zero	1	1	0	-0.98668141	SYNTHETIC_TEACHING_FIXTURE
SYN_REG_0348	sum_to_zero	1	0	1	0.49890492	SYNTHETIC_TEACHING_FIXTURE
SYN_REG_0349	sum_to_zero	1	-1	-1	-0.0628914	SYNTHETIC_TEACHING_FIXTURE
SYN_REG_0350	sum_to_zero	1	1	0	-0.27007828	SYNTHETIC_TEACHING_FIXTURE
SYN_REG_0351	sum_to_zero	1	0	1	0.50093997	SYNTHETIC_TEACHING_FIXTURE
SYN_REG_0352	sum_to_zero	1	-1	-1	0.38522477	SYNTHETIC_TEACHING_FIXTURE
SYN_REG_0353	sum_to_zero	1	1	0	-0.73653772	SYNTHETIC_TEACHING_FIXTURE
SYN_REG_0354	sum_to_zero	1	0	1	2.59838319	SYNTHETIC_TEACHING_FIXTURE
SYN_REG_0355	sum_to_zero	1	-1	-1	0.54242867	SYNTHETIC_TEACHING_FIXTURE
SYN_REG_0356	sum_to_zero	1	1	0	0.36583314	SYNTHETIC_TEACHING_FIXTURE
SYN_REG_0357	sum_to_zero	1	0	1	0.70322126	SYNTHETIC_TEACHING_FIXTURE
SYN_REG_0358	sum_to_zero	1	-1	-1	-0.10985463	SYNTHETIC_TEACHING_FIXTURE
SYN_REG_0359	sum_to_zero	1	1	0	0.54890979	SYNTHETIC_TEACHING_FIXTURE
SYN_REG_0360	sum_to_zero	1	0	1	0.37056765	SYNTHETIC_TEACHING_FIXTURE
SYN_REG_0361	sum_to_zero	1	-1	-1	-0.98350252	SYNTHETIC_TEACHING_FIXTURE
SYN_REG_0362	sum_to_zero	1	1	0	-0.72179109	SYNTHETIC_TEACHING_FIXTURE
SYN_REG_0363	sum_to_zero	1	0	1	0.00404434	SYNTHETIC_TEACHING_FIXTURE
SYN_REG_0364	sum_to_zero	1	-1	-1	-0.45577881	SYNTHETIC_TEACHING_FIXTURE
SYN_REG_0365	sum_to_zero	1	1	0	1.57971184	SYNTHETIC_TEACHING_FIXTURE
SYN_REG_0366	sum_to_zero	1	0	1	1.05528639	SYNTHETIC_TEACHING_FIXTURE
SYN_REG_0367	sum_to_zero	1	-1	-1	0.30789497	SYNTHETIC_TEACHING_FIXTURE
SYN_REG_0368	sum_to_zero	1	1	0	0.60500587	SYNTHETIC_TEACHING_FIXTURE
SYN_REG_0369	sum_to_zero	1	0	1	0.66412767	SYNTHETIC_TEACHING_FIXTURE
SYN_REG_0370	sum_to_zero	1	-1	-1	-0.47396294	SYNTHETIC_TEACHING_FIXTURE
SYN_REG_0371	sum_to_zero	1	1	0	-0.86683246	SYNTHETIC_TEACHING_FIXTURE
SYN_REG_0372	sum_to_zero	1	0	1	0.11107031	SYNTHETIC_TEACHING_FIXTURE
SYN_REG_0373	sum_to_zero	1	-1	-1	-0.83696919	SYNTHETIC_TEACHING_FIXTURE
SYN_REG_0374	sum_to_zero	1	1	0	-0.50659332	SYNTHETIC_TEACHING_FIXTURE
SYN_REG_0375	sum_to_zero	1	0	1	0.97545207	SYNTHETIC_TEACHING_FIXTURE
SYN_REG_0376	sum_to_zero	1	-1	-1	-0.16072882	SYNTHETIC_TEACHING_FIXTURE
SYN_REG_0377	sum_to_zero	1	1	0	0.71567423	SYNTHETIC_TEACHING_FIXTURE
SYN_REG_0378	sum_to_zero	1	0	1	0.17583175	SYNTHETIC_TEACHING_FIXTURE
SYN_REG_0379	sum_to_zero	1	-1	-1	-1.17352578	SYNTHETIC_TEACHING_FIXTURE
SYN_REG_0380	sum_to_zero	1	1	0	-1.65921572	SYNTHETIC_TEACHING_FIXTURE
SYN_REG_0381	sum_to_zero	1	0	1	0.16272629	SYNTHETIC_TEACHING_FIXTURE
SYN_REG_0382	sum_to_zero	1	-1	-1	-0.96977043	SYNTHETIC_TEACHING_FIXTURE
SYN_REG_0383	sum_to_zero	1	1	0	-1.59843087	SYNTHETIC_TEACHING_FIXTURE
SYN_REG_0384	sum_to_zero	1	0	1	-0.75146737	SYNTHETIC_TEACHING_FIXTURE
SYN_REG_0385	sum_to_zero	1	-1	-1	-1.08594118	SYNTHETIC_TEACHING_FIXTURE
SYN_REG_0386	sum_to_zero	1	1	0	-0.58287277	SYNTHETIC_TEACHING_FIXTURE
SYN_REG_0387	sum_to_zero	1	0	1	-0.00908698	SYNTHETIC_TEACHING_FIXTURE
SYN_REG_0388	sum_to_zero	1	-1	-1	-1.54440366	SYNTHETIC_TEACHING_FIXTURE
SYN_REG_0389	sum_to_zero	1	1	0	-1.30428203	SYNTHETIC_TEACHING_FIXTURE
SYN_REG_0390	sum_to_zero	1	0	1	-1.12791129	SYNTHETIC_TEACHING_FIXTURE
SYN_REG_0391	sum_to_zero	1	-1	-1	0.17762212	SYNTHETIC_TEACHING_FIXTURE
SYN_REG_0392	sum_to_zero	1	1	0	-0.57519211	SYNTHETIC_TEACHING_FIXTURE
SYN_REG_0393	sum_to_zero	1	0	1	-0.95219701	SYNTHETIC_TEACHING_FIXTURE
SYN_REG_0394	sum_to_zero	1	-1	-1	-1.59924648	SYNTHETIC_TEACHING_FIXTURE
SYN_REG_0395	sum_to_zero	1	1	0	-1.05889872	SYNTHETIC_TEACHING_FIXTURE
SYN_REG_0396	sum_to_zero	1	0	1	-1.75403539	SYNTHETIC_TEACHING_FIXTURE
SYN_REG_0397	sum_to_zero	1	-1	-1	-0.39687982	SYNTHETIC_TEACHING_FIXTURE
SYN_REG_0398	sum_to_zero	1	1	0	0.49995925	SYNTHETIC_TEACHING_FIXTURE
SYN_REG_0399	sum_to_zero	1	0	1	0.27092992	SYNTHETIC_TEACHING_FIXTURE
SYN_REG_0400	sum_to_zero	1	-1	-1	0.41904076	SYNTHETIC_TEACHING_FIXTURE
SYN_REG_0401	sum_to_zero	1	1	0	-1.28595069	SYNTHETIC_TEACHING_FIXTURE
SYN_REG_0402	sum_to_zero	1	0	1	-0.92416588	SYNTHETIC_TEACHING_FIXTURE
SYN_REG_0403	sum_to_zero	1	-1	-1	-0.51174161	SYNTHETIC_TEACHING_FIXTURE
SYN_REG_0404	sum_to_zero	1	1	0	0.26519678	SYNTHETIC_TEACHING_FIXTURE
SYN_REG_0405	sum_to_zero	1	0	1	0.31330784	SYNTHETIC_TEACHING_FIXTURE
SYN_REG_0406	sum_to_zero	1	-1	-1	0.2751512	SYNTHETIC_TEACHING_FIXTURE
SYN_REG_0407	sum_to_zero	1	1	0	-0.07457054	SYNTHETIC_TEACHING_FIXTURE
SYN_REG_0408	sum_to_zero	1	0	1	-2.24855977	SYNTHETIC_TEACHING_FIXTURE
SYN_REG_0409	sum_to_zero	1	-1	-1	-0.75439561	SYNTHETIC_TEACHING_FIXTURE
SYN_REG_0410	sum_to_zero	1	1	0	-0.74142741	SYNTHETIC_TEACHING_FIXTURE
SYN_REG_0411	sum_to_zero	1	0	1	-1.07180924	SYNTHETIC_TEACHING_FIXTURE
SYN_REG_0412	sum_to_zero	1	-1	-1	-1.29095178	SYNTHETIC_TEACHING_FIXTURE
SYN_REG_0413	sum_to_zero	1	1	0	-0.86597706	SYNTHETIC_TEACHING_FIXTURE
SYN_REG_0414	sum_to_zero	1	0	1	-0.02307171	SYNTHETIC_TEACHING_FIXTURE
SYN_REG_0415	sum_to_zero	1	-1	-1	-0.39253321	SYNTHETIC_TEACHING_FIXTURE
SYN_REG_0416	sum_to_zero	1	1	0	-1.61188645	SYNTHETIC_TEACHING_FIXTURE
SYN_REG_0417	sum_to_zero	1	0	1	-1.49623889	SYNTHETIC_TEACHING_FIXTURE
SYN_REG_0418	sum_to_zero	1	-1	-1	-0.56986677	SYNTHETIC_TEACHING_FIXTURE
SYN_REG_0419	sum_to_zero	1	1	0	-1.30736743	SYNTHETIC_TEACHING_FIXTURE
SYN_REG_0420	sum_to_zero	1	0	1	0.17337697	SYNTHETIC_TEACHING_FIXTURE
SYN_REG_0421	sum_to_zero	1	-1	-1	-1.0678406	SYNTHETIC_TEACHING_FIXTURE
SYN_REG_0422	sum_to_zero	1	1	0	0.02279542	SYNTHETIC_TEACHING_FIXTURE
SYN_REG_0423	sum_to_zero	1	0	1	-0.64540223	SYNTHETIC_TEACHING_FIXTURE
SYN_REG_0424	sum_to_zero	1	-1	-1	-1.20499242	SYNTHETIC_TEACHING_FIXTURE
SYN_REG_0425	sum_to_zero	1	1	0	-1.5715217	SYNTHETIC_TEACHING_FIXTURE
SYN_REG_0426	sum_to_zero	1	0	1	0.0227994	SYNTHETIC_TEACHING_FIXTURE
SYN_REG_0427	sum_to_zero	1	-1	-1	-0.45142823	SYNTHETIC_TEACHING_FIXTURE
SYN_REG_0428	sum_to_zero	1	1	0	-0.99150545	SYNTHETIC_TEACHING_FIXTURE
SYN_REG_0429	sum_to_zero	1	0	1	-0.69873319	SYNTHETIC_TEACHING_FIXTURE
SYN_REG_0430	sum_to_zero	1	-1	-1	-0.97759631	SYNTHETIC_TEACHING_FIXTURE
SYN_REG_0431	sum_to_zero	1	1	0	-1.21138402	SYNTHETIC_TEACHING_FIXTURE
SYN_REG_0432	sum_to_zero	1	0	1	-0.84776309	SYNTHETIC_TEACHING_FIXTURE
SYN_REG_0433	sum_to_zero	1	-1	-1	-0.07402945	SYNTHETIC_TEACHING_FIXTURE
SYN_REG_0434	sum_to_zero	1	1	0	0.95078483	SYNTHETIC_TEACHING_FIXTURE
SYN_REG_0435	sum_to_zero	1	0	1	0.21780385	SYNTHETIC_TEACHING_FIXTURE
SYN_REG_0436	sum_to_zero	1	-1	-1	0.60684	SYNTHETIC_TEACHING_FIXTURE
SYN_REG_0437	sum_to_zero	1	1	0	-0.27074669	SYNTHETIC_TEACHING_FIXTURE
SYN_REG_0438	sum_to_zero	1	0	1	-0.91510067	SYNTHETIC_TEACHING_FIXTURE
SYN_REG_0439	sum_to_zero	1	-1	-1	-0.45699228	SYNTHETIC_TEACHING_FIXTURE
SYN_REG_0440	sum_to_zero	1	1	0	0.61414866	SYNTHETIC_TEACHING_FIXTURE
SYN_REG_0441	sum_to_zero	1	0	1	1.61491835	SYNTHETIC_TEACHING_FIXTURE
SYN_REG_0442	sum_to_zero	1	-1	-1	0.86435401	SYNTHETIC_TEACHING_FIXTURE
SYN_REG_0443	sum_to_zero	1	1	0	-0.19297726	SYNTHETIC_TEACHING_FIXTURE
SYN_REG_0444	sum_to_zero	1	0	1	0.13972807	SYNTHETIC_TEACHING_FIXTURE
SYN_REG_0445	sum_to_zero	1	-1	-1	0.76237687	SYNTHETIC_TEACHING_FIXTURE
SYN_REG_0446	sum_to_zero	1	1	0	1.15549704	SYNTHETIC_TEACHING_FIXTURE
SYN_REG_0447	sum_to_zero	1	0	1	0.85448513	SYNTHETIC_TEACHING_FIXTURE
SYN_REG_0448	sum_to_zero	1	-1	-1	0.63493081	SYNTHETIC_TEACHING_FIXTURE
SYN_REG_0449	sum_to_zero	1	1	0	0.07606472	SYNTHETIC_TEACHING_FIXTURE
SYN_REG_0450	sum_to_zero	1	0	1	0.45202126	SYNTHETIC_TEACHING_FIXTURE
SYN_REG_0451	sum_to_zero	1	-1	-1	0.26798974	SYNTHETIC_TEACHING_FIXTURE
SYN_REG_0452	sum_to_zero	1	1	0	0.21910684	SYNTHETIC_TEACHING_FIXTURE
SYN_REG_0453	sum_to_zero	1	0	1	0.94021373	SYNTHETIC_TEACHING_FIXTURE
SYN_REG_0454	sum_to_zero	1	-1	-1	0.62454073	SYNTHETIC_TEACHING_FIXTURE
SYN_REG_0455	sum_to_zero	1	1	0	0.10588621	SYNTHETIC_TEACHING_FIXTURE
SYN_REG_0456	sum_to_zero	1	0	1	1.12160346	SYNTHETIC_TEACHING_FIXTURE
SYN_REG_0457	sum_to_zero	1	-1	-1	-0.17822665	SYNTHETIC_TEACHING_FIXTURE
SYN_REG_0458	sum_to_zero	1	1	0	0.19980075	SYNTHETIC_TEACHING_FIXTURE
SYN_REG_0459	sum_to_zero	1	0	1	1.32382905	SYNTHETIC_TEACHING_FIXTURE
SYN_REG_0460	sum_to_zero	1	-1	-1	1.07265093	SYNTHETIC_TEACHING_FIXTURE
SYN_REG_0461	sum_to_zero	1	1	0	-0.15899217	SYNTHETIC_TEACHING_FIXTURE
SYN_REG_0462	sum_to_zero	1	0	1	0.40481931	SYNTHETIC_TEACHING_FIXTURE
SYN_REG_0463	sum_to_zero	1	-1	-1	-0.42639297	SYNTHETIC_TEACHING_FIXTURE
SYN_REG_0464	sum_to_zero	1	1	0	0.50609025	SYNTHETIC_TEACHING_FIXTURE
SYN_REG_0465	sum_to_zero	1	0	1	0.78452169	SYNTHETIC_TEACHING_FIXTURE
SYN_REG_0466	sum_to_zero	1	-1	-1	0.97556745	SYNTHETIC_TEACHING_FIXTURE
SYN_REG_0467	sum_to_zero	1	1	0	-0.00121734	SYNTHETIC_TEACHING_FIXTURE
SYN_REG_0468	sum_to_zero	1	0	1	0.67360466	SYNTHETIC_TEACHING_FIXTURE
SYN_REG_0469	sum_to_zero	1	-1	-1	1.18523697	SYNTHETIC_TEACHING_FIXTURE
SYN_REG_0470	sum_to_zero	1	1	0	-0.03489408	SYNTHETIC_TEACHING_FIXTURE
SYN_REG_0471	sum_to_zero	1	0	1	0.62145136	SYNTHETIC_TEACHING_FIXTURE
SYN_REG_0472	sum_to_zero	1	-1	-1	0.04352386	SYNTHETIC_TEACHING_FIXTURE
SYN_REG_0473	sum_to_zero	1	1	0	1.35520816	SYNTHETIC_TEACHING_FIXTURE
SYN_REG_0474	sum_to_zero	1	0	1	1.40436757	SYNTHETIC_TEACHING_FIXTURE
SYN_REG_0475	sum_to_zero	1	-1	-1	0.74556138	SYNTHETIC_TEACHING_FIXTURE
SYN_REG_0476	sum_to_zero	1	1	0	1.14193403	SYNTHETIC_TEACHING_FIXTURE
SYN_REG_0477	sum_to_zero	1	0	1	0.52756467	SYNTHETIC_TEACHING_FIXTURE
SYN_REG_0478	sum_to_zero	1	-1	-1	0.7279064	SYNTHETIC_TEACHING_FIXTURE
SYN_REG_0479	sum_to_zero	1	1	0	-0.10930957	SYNTHETIC_TEACHING_FIXTURE
SYN_REG_0480	sum_to_zero	1	0	1	1.40723415	SYNTHETIC_TEACHING_FIXTURE
SYN_REG_0481	sum_to_zero	1	-1	-1	0.80568777	SYNTHETIC_TEACHING_FIXTURE
SYN_REG_0482	sum_to_zero	1	1	0	1.29547366	SYNTHETIC_TEACHING_FIXTURE
SYN_REG_0483	sum_to_zero	1	0	1	0.17071728	SYNTHETIC_TEACHING_FIXTURE
SYN_REG_0484	sum_to_zero	1	-1	-1	2.77845004	SYNTHETIC_TEACHING_FIXTURE
SYN_REG_0485	sum_to_zero	1	1	0	1.23644735	SYNTHETIC_TEACHING_FIXTURE
SYN_REG_0486	sum_to_zero	1	0	1	1.29741123	SYNTHETIC_TEACHING_FIXTURE
SYN_REG_0487	sum_to_zero	1	-1	-1	0.38985385	SYNTHETIC_TEACHING_FIXTURE
SYN_REG_0488	sum_to_zero	1	1	0	0.46471096	SYNTHETIC_TEACHING_FIXTURE
SYN_REG_0489	sum_to_zero	1	0	1	1.0551352	SYNTHETIC_TEACHING_FIXTURE
SYN_REG_0490	sum_to_zero	1	-1	-1	0.41057632	SYNTHETIC_TEACHING_FIXTURE
SYN_REG_0491	sum_to_zero	1	1	0	0.95649211	SYNTHETIC_TEACHING_FIXTURE
SYN_REG_0492	sum_to_zero	1	0	1	1.43810997	SYNTHETIC_TEACHING_FIXTURE
SYN_REG_0493	sum_to_zero	1	-1	-1	-0.55102419	SYNTHETIC_TEACHING_FIXTURE
SYN_REG_0494	sum_to_zero	1	1	0	-0.54438393	SYNTHETIC_TEACHING_FIXTURE
SYN_REG_0495	sum_to_zero	1	0	1	0.70413434	SYNTHETIC_TEACHING_FIXTURE
SYN_REG_0496	sum_to_zero	1	-1	-1	-0.49422589	SYNTHETIC_TEACHING_FIXTURE
SYN_REG_0497	sum_to_zero	1	1	0	0.27936055	SYNTHETIC_TEACHING_FIXTURE
SYN_REG_0498	sum_to_zero	1	0	1	0.85258138	SYNTHETIC_TEACHING_FIXTURE
SYN_REG_0499	sum_to_zero	1	-1	-1	0.01325079	SYNTHETIC_TEACHING_FIXTURE
SYN_REG_0500	sum_to_zero	1	1	0	-0.94609784	SYNTHETIC_TEACHING_FIXTURE
SYN_REG_0501	sum_to_zero	1	0	1	0.22794925	SYNTHETIC_TEACHING_FIXTURE
SYN_REG_0502	sum_to_zero	1	-1	-1	0.0914698	SYNTHETIC_TEACHING_FIXTURE
SYN_REG_0503	sum_to_zero	1	1	0	-0.53693601	SYNTHETIC_TEACHING_FIXTURE
SYN_REG_0504	sum_to_zero	1	0	1	0.89938945	SYNTHETIC_TEACHING_FIXTURE
SYN_REG_0505	sum_to_zero	1	-1	-1	0.20413542	SYNTHETIC_TEACHING_FIXTURE
SYN_REG_0506	sum_to_zero	1	1	0	0.16467381	SYNTHETIC_TEACHING_FIXTURE
SYN_REG_0507	sum_to_zero	1	0	1	1.299683	SYNTHETIC_TEACHING_FIXTURE
SYN_REG_0508	sum_to_zero	1	-1	-1	0.40863676	SYNTHETIC_TEACHING_FIXTURE
SYN_REG_0509	sum_to_zero	1	1	0	0.96499037	SYNTHETIC_TEACHING_FIXTURE
SYN_REG_0510	sum_to_zero	1	0	1	0.39459434	SYNTHETIC_TEACHING_FIXTURE
SYN_REG_0511	sum_to_zero	1	-1	-1	-0.77391257	SYNTHETIC_TEACHING_FIXTURE
SYN_REG_0512	sum_to_zero	1	1	0	0.3709675	SYNTHETIC_TEACHING_FIXTURE
SYN_REG_0513	sum_to_zero	1	0	1	0.24775067	SYNTHETIC_TEACHING_FIXTURE
SYN_REG_0514	sum_to_zero	1	-1	-1	-1.01004566	SYNTHETIC_TEACHING_FIXTURE
SYN_REG_0515	sum_to_zero	1	1	0	-0.26606986	SYNTHETIC_TEACHING_FIXTURE
SYN_REG_0516	sum_to_zero	1	0	1	0.44741405	SYNTHETIC_TEACHING_FIXTURE
SYN_REG_0517	sum_to_zero	1	-1	-1	0.18562505	SYNTHETIC_TEACHING_FIXTURE
SYN_REG_0518	sum_to_zero	1	1	0	0.91604381	SYNTHETIC_TEACHING_FIXTURE
SYN_REG_0519	sum_to_zero	1	0	1	-0.18480325	SYNTHETIC_TEACHING_FIXTURE
SYN_REG_0520	sum_to_zero	1	-1	-1	-0.32076349	SYNTHETIC_TEACHING_FIXTURE
SYN_REG_0521	sum_to_zero	1	1	0	1.05504767	SYNTHETIC_TEACHING_FIXTURE
SYN_REG_0522	sum_to_zero	1	0	1	0.29220939	SYNTHETIC_TEACHING_FIXTURE
SYN_REG_0523	sum_to_zero	1	-1	-1	0.45131108	SYNTHETIC_TEACHING_FIXTURE
SYN_REG_0524	sum_to_zero	1	1	0	1.85497036	SYNTHETIC_TEACHING_FIXTURE
SYN_REG_0525	sum_to_zero	1	0	1	0.88556187	SYNTHETIC_TEACHING_FIXTURE
SYN_REG_0526	sum_to_zero	1	-1	-1	1.95713847	SYNTHETIC_TEACHING_FIXTURE
SYN_REG_0527	sum_to_zero	1	1	0	0.54520373	SYNTHETIC_TEACHING_FIXTURE
SYN_REG_0528	sum_to_zero	1	0	1	0.14141698	SYNTHETIC_TEACHING_FIXTURE
SYN_REG_0529	sum_to_zero	1	-1	-1	0.379607	SYNTHETIC_TEACHING_FIXTURE
SYN_REG_0530	sum_to_zero	1	1	0	0.79438062	SYNTHETIC_TEACHING_FIXTURE
SYN_REG_0531	sum_to_zero	1	0	1	-0.15337639	SYNTHETIC_TEACHING_FIXTURE
SYN_REG_0532	sum_to_zero	1	-1	-1	-0.7150832	SYNTHETIC_TEACHING_FIXTURE
SYN_REG_0533	sum_to_zero	1	1	0	-0.00379347	SYNTHETIC_TEACHING_FIXTURE
SYN_REG_0534	sum_to_zero	1	0	1	1.21862925	SYNTHETIC_TEACHING_FIXTURE
SYN_REG_0535	sum_to_zero	1	-1	-1	0.5330034	SYNTHETIC_TEACHING_FIXTURE
SYN_REG_0536	sum_to_zero	1	1	0	0.0947601	SYNTHETIC_TEACHING_FIXTURE
SYN_REG_0537	sum_to_zero	1	0	1	0.79727504	SYNTHETIC_TEACHING_FIXTURE
SYN_REG_0538	sum_to_zero	1	-1	-1	0.3396242	SYNTHETIC_TEACHING_FIXTURE
SYN_REG_0539	sum_to_zero	1	1	0	0.30137605	SYNTHETIC_TEACHING_FIXTURE
SYN_REG_0540	sum_to_zero	1	0	1	0.94895269	SYNTHETIC_TEACHING_FIXTURE
SYN_REG_0541	sum_to_zero	1	-1	-1	1.15750423	SYNTHETIC_TEACHING_FIXTURE
SYN_REG_0542	sum_to_zero	1	1	0	-0.15394135	SYNTHETIC_TEACHING_FIXTURE
SYN_REG_0543	sum_to_zero	1	0	1	0.86349663	SYNTHETIC_TEACHING_FIXTURE
SYN_REG_0544	sum_to_zero	1	-1	-1	-0.15290493	SYNTHETIC_TEACHING_FIXTURE
SYN_REG_0545	sum_to_zero	1	1	0	1.24107643	SYNTHETIC_TEACHING_FIXTURE
SYN_REG_0546	sum_to_zero	1	0	1	0.88216615	SYNTHETIC_TEACHING_FIXTURE
SYN_REG_0547	sum_to_zero	1	-1	-1	1.6139993	SYNTHETIC_TEACHING_FIXTURE
SYN_REG_0548	sum_to_zero	1	1	0	1.10605713	SYNTHETIC_TEACHING_FIXTURE
SYN_REG_0549	sum_to_zero	1	0	1	0.42492907	SYNTHETIC_TEACHING_FIXTURE
SYN_REG_0550	sum_to_zero	1	-1	-1	0.99262365	SYNTHETIC_TEACHING_FIXTURE
SYN_REG_0551	sum_to_zero	1	1	0	1.68968395	SYNTHETIC_TEACHING_FIXTURE
SYN_REG_0552	sum_to_zero	1	0	1	-0.01996245	SYNTHETIC_TEACHING_FIXTURE
SYN_REG_0553	sum_to_zero	1	-1	-1	0.34448802	SYNTHETIC_TEACHING_FIXTURE
SYN_REG_0554	sum_to_zero	1	1	0	0.34291648	SYNTHETIC_TEACHING_FIXTURE
SYN_REG_0555	sum_to_zero	1	0	1	-0.67110589	SYNTHETIC_TEACHING_FIXTURE
SYN_REG_0556	sum_to_zero	1	-1	-1	1.577639	SYNTHETIC_TEACHING_FIXTURE
SYN_REG_0557	sum_to_zero	1	1	0	0.82848507	SYNTHETIC_TEACHING_FIXTURE
SYN_REG_0558	sum_to_zero	1	0	1	0.88084128	SYNTHETIC_TEACHING_FIXTURE
SYN_REG_0559	sum_to_zero	1	-1	-1	1.61540175	SYNTHETIC_TEACHING_FIXTURE
SYN_REG_0560	sum_to_zero	1	1	0	1.52039311	SYNTHETIC_TEACHING_FIXTURE
SYN_REG_0561	sum_to_zero	1	0	1	0.53585008	SYNTHETIC_TEACHING_FIXTURE
SYN_REG_0562	sum_to_zero	1	-1	-1	2.13865751	SYNTHETIC_TEACHING_FIXTURE
SYN_REG_0563	sum_to_zero	1	1	0	0.52064989	SYNTHETIC_TEACHING_FIXTURE
SYN_REG_0564	sum_to_zero	1	0	1	0.99661417	SYNTHETIC_TEACHING_FIXTURE
SYN_REG_0565	sum_to_zero	1	-1	-1	0.94563853	SYNTHETIC_TEACHING_FIXTURE
SYN_REG_0566	sum_to_zero	1	1	0	0.56987893	SYNTHETIC_TEACHING_FIXTURE
SYN_REG_0567	sum_to_zero	1	0	1	1.46400261	SYNTHETIC_TEACHING_FIXTURE
SYN_REG_0568	sum_to_zero	1	-1	-1	1.10961001	SYNTHETIC_TEACHING_FIXTURE
SYN_REG_0569	sum_to_zero	1	1	0	0.68639979	SYNTHETIC_TEACHING_FIXTURE
SYN_REG_0570	sum_to_zero	1	0	1	2.49254682	SYNTHETIC_TEACHING_FIXTURE
SYN_REG_0571	sum_to_zero	1	-1	-1	1.32959203	SYNTHETIC_TEACHING_FIXTURE
SYN_REG_0572	sum_to_zero	1	1	0	0.42072967	SYNTHETIC_TEACHING_FIXTURE
SYN_REG_0573	sum_to_zero	1	0	1	1.09448939	SYNTHETIC_TEACHING_FIXTURE
SYN_REG_0574	sum_to_zero	1	-1	-1	1.11579074	SYNTHETIC_TEACHING_FIXTURE
SYN_REG_0575	sum_to_zero	1	1	0	1.56961021	SYNTHETIC_TEACHING_FIXTURE
SYN_REG_0576	sum_to_zero	1	0	1	1.93263833	SYNTHETIC_TEACHING_FIXTURE
SYN_REG_0577	sum_to_zero	1	-1	-1	0.39832426	SYNTHETIC_TEACHING_FIXTURE
SYN_REG_0578	sum_to_zero	1	1	0	1.17639456	SYNTHETIC_TEACHING_FIXTURE
SYN_REG_0579	sum_to_zero	1	0	1	1.37357928	SYNTHETIC_TEACHING_FIXTURE
SYN_REG_0580	sum_to_zero	1	-1	-1	0.64639709	SYNTHETIC_TEACHING_FIXTURE
SYN_REG_0581	sum_to_zero	1	1	0	-0.13738844	SYNTHETIC_TEACHING_FIXTURE
SYN_REG_0582	sum_to_zero	1	0	1	-0.15225443	SYNTHETIC_TEACHING_FIXTURE
SYN_REG_0583	sum_to_zero	1	-1	-1	1.03318932	SYNTHETIC_TEACHING_FIXTURE
SYN_REG_0584	sum_to_zero	1	1	0	0.41841016	SYNTHETIC_TEACHING_FIXTURE
SYN_REG_0585	sum_to_zero	1	0	1	1.24629833	SYNTHETIC_TEACHING_FIXTURE
SYN_REG_0586	sum_to_zero	1	-1	-1	1.21303337	SYNTHETIC_TEACHING_FIXTURE
SYN_REG_0587	sum_to_zero	1	1	0	0.69866578	SYNTHETIC_TEACHING_FIXTURE
SYN_REG_0588	sum_to_zero	1	0	1	1.82344205	SYNTHETIC_TEACHING_FIXTURE
SYN_REG_0589	sum_to_zero	1	-1	-1	0.74842596	SYNTHETIC_TEACHING_FIXTURE
SYN_REG_0590	sum_to_zero	1	1	0	1.66962193	SYNTHETIC_TEACHING_FIXTURE
SYN_REG_0591	sum_to_zero	1	0	1	1.3085652	SYNTHETIC_TEACHING_FIXTURE
SYN_REG_0592	sum_to_zero	1	-1	-1	0.78653286	SYNTHETIC_TEACHING_FIXTURE
SYN_REG_0593	sum_to_zero	1	1	0	0.15579758	SYNTHETIC_TEACHING_FIXTURE
SYN_REG_0594	sum_to_zero	1	0	1	1.14244926	SYNTHETIC_TEACHING_FIXTURE
SYN_REG_0595	sum_to_zero	1	-1	-1	-0.20501248	SYNTHETIC_TEACHING_FIXTURE
SYN_REG_0596	sum_to_zero	1	1	0	0.73557512	SYNTHETIC_TEACHING_FIXTURE
SYN_REG_0597	sum_to_zero	1	0	1	0.08159694	SYNTHETIC_TEACHING_FIXTURE
SYN_REG_0598	sum_to_zero	1	-1	-1	-1.06112673	SYNTHETIC_TEACHING_FIXTURE
SYN_REG_0599	sum_to_zero	1	1	0	-0.0205851	SYNTHETIC_TEACHING_FIXTURE
SYN_REG_0600	sum_to_zero	1	0	1	0.48698309	SYNTHETIC_TEACHING_FIXTURE
SYN_REG_0601	sum_to_zero	1	-1	-1	0.21342741	SYNTHETIC_TEACHING_FIXTURE
SYN_REG_0602	sum_to_zero	1	1	0	-1.41812332	SYNTHETIC_TEACHING_FIXTURE
SYN_REG_0603	sum_to_zero	1	0	1	0.60775905	SYNTHETIC_TEACHING_FIXTURE
SYN_REG_0604	sum_to_zero	1	-1	-1	-0.33516398	SYNTHETIC_TEACHING_FIXTURE
SYN_REG_0605	sum_to_zero	1	1	0	-0.4301607	SYNTHETIC_TEACHING_FIXTURE
SYN_REG_0606	sum_to_zero	1	0	1	0.95030541	SYNTHETIC_TEACHING_FIXTURE
SYN_REG_0607	sum_to_zero	1	-1	-1	0.85009277	SYNTHETIC_TEACHING_FIXTURE
SYN_REG_0608	sum_to_zero	1	1	0	-0.23230359	SYNTHETIC_TEACHING_FIXTURE
SYN_REG_0609	sum_to_zero	1	0	1	0.51407726	SYNTHETIC_TEACHING_FIXTURE
SYN_REG_0610	sum_to_zero	1	-1	-1	0.66945897	SYNTHETIC_TEACHING_FIXTURE
SYN_REG_0611	sum_to_zero	1	1	0	0.79410809	SYNTHETIC_TEACHING_FIXTURE
SYN_REG_0612	sum_to_zero	1	0	1	1.01521406	SYNTHETIC_TEACHING_FIXTURE
SYN_REG_0613	sum_to_zero	1	-1	-1	-1.48532364	SYNTHETIC_TEACHING_FIXTURE
SYN_REG_0614	sum_to_zero	1	1	0	0.44158741	SYNTHETIC_TEACHING_FIXTURE
SYN_REG_0615	sum_to_zero	1	0	1	1.29988591	SYNTHETIC_TEACHING_FIXTURE
SYN_REG_0616	sum_to_zero	1	-1	-1	-0.20603299	SYNTHETIC_TEACHING_FIXTURE
SYN_REG_0617	sum_to_zero	1	1	0	-0.21306514	SYNTHETIC_TEACHING_FIXTURE
SYN_REG_0618	sum_to_zero	1	0	1	0.61017007	SYNTHETIC_TEACHING_FIXTURE
SYN_REG_0619	sum_to_zero	1	-1	-1	0.35483234	SYNTHETIC_TEACHING_FIXTURE
SYN_REG_0620	sum_to_zero	1	1	0	1.76864895	SYNTHETIC_TEACHING_FIXTURE
SYN_REG_0621	sum_to_zero	1	0	1	0.75513783	SYNTHETIC_TEACHING_FIXTURE
SYN_REG_0622	sum_to_zero	1	-1	-1	1.1917897	SYNTHETIC_TEACHING_FIXTURE
SYN_REG_0623	sum_to_zero	1	1	0	-0.27768335	SYNTHETIC_TEACHING_FIXTURE
SYN_REG_0624	sum_to_zero	1	0	1	0.29356609	SYNTHETIC_TEACHING_FIXTURE
SYN_REG_0625	sum_to_zero	1	-1	-1	-0.89334377	SYNTHETIC_TEACHING_FIXTURE
SYN_REG_0626	sum_to_zero	1	1	0	0.2654335	SYNTHETIC_TEACHING_FIXTURE
SYN_REG_0627	sum_to_zero	1	0	1	0.79518231	SYNTHETIC_TEACHING_FIXTURE
SYN_REG_0628	sum_to_zero	1	-1	-1	0.34419161	SYNTHETIC_TEACHING_FIXTURE
SYN_REG_0629	sum_to_zero	1	1	0	0.13880504	SYNTHETIC_TEACHING_FIXTURE
SYN_REG_0630	sum_to_zero	1	0	1	0.87303529	SYNTHETIC_TEACHING_FIXTURE
SYN_REG_0631	sum_to_zero	1	-1	-1	-0.52009068	SYNTHETIC_TEACHING_FIXTURE
SYN_REG_0632	sum_to_zero	1	1	0	-0.07362761	SYNTHETIC_TEACHING_FIXTURE
SYN_REG_0633	sum_to_zero	1	0	1	0.65317462	SYNTHETIC_TEACHING_FIXTURE
SYN_REG_0634	sum_to_zero	1	-1	-1	1.02305784	SYNTHETIC_TEACHING_FIXTURE
SYN_REG_0635	sum_to_zero	1	1	0	-0.21886194	SYNTHETIC_TEACHING_FIXTURE
SYN_REG_0636	sum_to_zero	1	0	1	-0.6489372	SYNTHETIC_TEACHING_FIXTURE
SYN_REG_0637	sum_to_zero	1	-1	-1	-0.81041013	SYNTHETIC_TEACHING_FIXTURE
SYN_REG_0638	sum_to_zero	1	1	0	-0.60252301	SYNTHETIC_TEACHING_FIXTURE
SYN_REG_0639	sum_to_zero	1	0	1	-0.19622179	SYNTHETIC_TEACHING_FIXTURE
SYN_REG_0640	sum_to_zero	1	-1	-1	0.30750109	SYNTHETIC_TEACHING_FIXTURE
SYN_REG_0641	sum_to_zero	1	1	0	-0.22790726	SYNTHETIC_TEACHING_FIXTURE
SYN_REG_0642	sum_to_zero	1	0	1	0.24771487	SYNTHETIC_TEACHING_FIXTURE
SYN_REG_0643	sum_to_zero	1	-1	-1	1.50206376	SYNTHETIC_TEACHING_FIXTURE
SYN_REG_0644	sum_to_zero	1	1	0	-0.23581072	SYNTHETIC_TEACHING_FIXTURE
SYN_REG_0645	sum_to_zero	1	0	1	0.73636288	SYNTHETIC_TEACHING_FIXTURE
SYN_REG_0646	sum_to_zero	1	-1	-1	0.33903139	SYNTHETIC_TEACHING_FIXTURE
SYN_REG_0647	sum_to_zero	1	1	0	-0.4528645	SYNTHETIC_TEACHING_FIXTURE
SYN_REG_0648	sum_to_zero	1	0	1	1.3707525	SYNTHETIC_TEACHING_FIXTURE
SYN_REG_0649	sum_to_zero	1	-1	-1	0.61675861	SYNTHETIC_TEACHING_FIXTURE
SYN_REG_0650	sum_to_zero	1	1	0	-0.24021899	SYNTHETIC_TEACHING_FIXTURE
SYN_REG_0651	sum_to_zero	1	0	1	-0.28886119	SYNTHETIC_TEACHING_FIXTURE
SYN_REG_0652	sum_to_zero	1	-1	-1	1.16922117	SYNTHETIC_TEACHING_FIXTURE
SYN_REG_0653	sum_to_zero	1	1	0	0.7823832	SYNTHETIC_TEACHING_FIXTURE
SYN_REG_0654	sum_to_zero	1	0	1	0.90479834	SYNTHETIC_TEACHING_FIXTURE
SYN_REG_0655	sum_to_zero	1	-1	-1	1.13463731	SYNTHETIC_TEACHING_FIXTURE
SYN_REG_0656	sum_to_zero	1	1	0	0.66106018	SYNTHETIC_TEACHING_FIXTURE
SYN_REG_0657	sum_to_zero	1	0	1	0.95073908	SYNTHETIC_TEACHING_FIXTURE
SYN_REG_0658	sum_to_zero	1	-1	-1	0.93749436	SYNTHETIC_TEACHING_FIXTURE
SYN_REG_0659	sum_to_zero	1	1	0	-0.46781802	SYNTHETIC_TEACHING_FIXTURE
SYN_REG_0660	sum_to_zero	1	0	1	-0.02186024	SYNTHETIC_TEACHING_FIXTURE
SYN_REG_0661	sum_to_zero	1	-1	-1	0.46790576	SYNTHETIC_TEACHING_FIXTURE
SYN_REG_0662	sum_to_zero	1	1	0	1.07403746	SYNTHETIC_TEACHING_FIXTURE
SYN_REG_0663	sum_to_zero	1	0	1	0.12353323	SYNTHETIC_TEACHING_FIXTURE
SYN_REG_0664	sum_to_zero	1	-1	-1	0.01329655	SYNTHETIC_TEACHING_FIXTURE
SYN_REG_0665	sum_to_zero	1	1	0	0.20221177	SYNTHETIC_TEACHING_FIXTURE
SYN_REG_0666	sum_to_zero	1	0	1	1.70790588	SYNTHETIC_TEACHING_FIXTURE
SYN_REG_0667	sum_to_zero	1	-1	-1	1.06456644	SYNTHETIC_TEACHING_FIXTURE
SYN_REG_0668	sum_to_zero	1	1	0	0.88476615	SYNTHETIC_TEACHING_FIXTURE
SYN_REG_0669	sum_to_zero	1	0	1	-0.17252135	SYNTHETIC_TEACHING_FIXTURE
SYN_REG_0670	sum_to_zero	1	-1	-1	0.82356753	SYNTHETIC_TEACHING_FIXTURE
SYN_REG_0671	sum_to_zero	1	1	0	0.57562401	SYNTHETIC_TEACHING_FIXTURE
SYN_REG_0672	sum_to_zero	1	0	1	0.55324446	SYNTHETIC_TEACHING_FIXTURE
SYN_REG_0673	sum_to_zero	1	-1	-1	0.62671105	SYNTHETIC_TEACHING_FIXTURE
SYN_REG_0674	sum_to_zero	1	1	0	1.0577173	SYNTHETIC_TEACHING_FIXTURE
SYN_REG_0675	sum_to_zero	1	0	1	0.72044456	SYNTHETIC_TEACHING_FIXTURE
SYN_REG_0676	sum_to_zero	1	-1	-1	0.06054425	SYNTHETIC_TEACHING_FIXTURE
SYN_REG_0677	sum_to_zero	1	1	0	0.24186436	SYNTHETIC_TEACHING_FIXTURE
SYN_REG_0678	sum_to_zero	1	0	1	0.31940701	SYNTHETIC_TEACHING_FIXTURE
SYN_REG_0679	sum_to_zero	1	-1	-1	0.54431253	SYNTHETIC_TEACHING_FIXTURE
SYN_REG_0680	sum_to_zero	1	1	0	0.01840306	SYNTHETIC_TEACHING_FIXTURE
SYN_REG_0681	sum_to_zero	1	0	1	0.0356562	SYNTHETIC_TEACHING_FIXTURE
SYN_REG_0682	sum_to_zero	1	-1	-1	-1.27922091	SYNTHETIC_TEACHING_FIXTURE
SYN_REG_0683	sum_to_zero	1	1	0	-0.27350385	SYNTHETIC_TEACHING_FIXTURE
SYN_REG_0684	sum_to_zero	1	0	1	1.59798947	SYNTHETIC_TEACHING_FIXTURE
SYN_REG_0685	sum_to_zero	1	-1	-1	1.08151522	SYNTHETIC_TEACHING_FIXTURE
SYN_REG_0686	sum_to_zero	1	1	0	-0.42794661	SYNTHETIC_TEACHING_FIXTURE
SYN_REG_0687	sum_to_zero	1	0	1	1.25319521	SYNTHETIC_TEACHING_FIXTURE
SYN_REG_0688	sum_to_zero	1	-1	-1	-0.44658828	SYNTHETIC_TEACHING_FIXTURE
SYN_REG_0689	sum_to_zero	1	1	0	0.480496	SYNTHETIC_TEACHING_FIXTURE
SYN_REG_0690	sum_to_zero	1	0	1	1.03229811	SYNTHETIC_TEACHING_FIXTURE
SYN_REG_0691	sum_to_zero	1	-1	-1	0.36955112	SYNTHETIC_TEACHING_FIXTURE
SYN_REG_0692	sum_to_zero	1	1	0	0.36798754	SYNTHETIC_TEACHING_FIXTURE
SYN_REG_0693	sum_to_zero	1	0	1	1.36469311	SYNTHETIC_TEACHING_FIXTURE
SYN_REG_0694	sum_to_zero	1	-1	-1	0.32453143	SYNTHETIC_TEACHING_FIXTURE
SYN_REG_0695	sum_to_zero	1	1	0	0.35613135	SYNTHETIC_TEACHING_FIXTURE
SYN_REG_0696	sum_to_zero	1	0	1	0.6317738	SYNTHETIC_TEACHING_FIXTURE
SYN_REG_0697	sum_to_zero	1	-1	-1	0.17850536	SYNTHETIC_TEACHING_FIXTURE
SYN_REG_0698	sum_to_zero	1	1	0	0.85994176	SYNTHETIC_TEACHING_FIXTURE
SYN_REG_0699	sum_to_zero	1	0	1	0.61373489	SYNTHETIC_TEACHING_FIXTURE
SYN_REG_0700	sum_to_zero	1	-1	-1	0.37514104	SYNTHETIC_TEACHING_FIXTURE
SYN_REG_0701	sum_to_zero	1	1	0	0.44133875	SYNTHETIC_TEACHING_FIXTURE
SYN_REG_0702	sum_to_zero	1	0	1	0.19162078	SYNTHETIC_TEACHING_FIXTURE
SYN_REG_0703	sum_to_zero	1	-1	-1	1.04722975	SYNTHETIC_TEACHING_FIXTURE
SYN_REG_0704	sum_to_zero	1	1	0	1.63784098	SYNTHETIC_TEACHING_FIXTURE
SYN_REG_0705	sum_to_zero	1	0	1	1.20213403	SYNTHETIC_TEACHING_FIXTURE
SYN_REG_0706	sum_to_zero	1	-1	-1	0.73129615	SYNTHETIC_TEACHING_FIXTURE
SYN_REG_0707	sum_to_zero	1	1	0	1.11925808	SYNTHETIC_TEACHING_FIXTURE
SYN_REG_0708	sum_to_zero	1	0	1	0.91146645	SYNTHETIC_TEACHING_FIXTURE
SYN_REG_0709	sum_to_zero	1	-1	-1	0.40550959	SYNTHETIC_TEACHING_FIXTURE
SYN_REG_0710	sum_to_zero	1	1	0	0.44980518	SYNTHETIC_TEACHING_FIXTURE
SYN_REG_0711	sum_to_zero	1	0	1	0.24396306	SYNTHETIC_TEACHING_FIXTURE
SYN_REG_0712	sum_to_zero	1	-1	-1	1.20842417	SYNTHETIC_TEACHING_FIXTURE
SYN_REG_0713	sum_to_zero	1	1	0	0.07953404	SYNTHETIC_TEACHING_FIXTURE
SYN_REG_0714	sum_to_zero	1	0	1	1.77298362	SYNTHETIC_TEACHING_FIXTURE
SYN_REG_0715	sum_to_zero	1	-1	-1	0.38587328	SYNTHETIC_TEACHING_FIXTURE
SYN_REG_0716	sum_to_zero	1	1	0	1.12727095	SYNTHETIC_TEACHING_FIXTURE
SYN_REG_0717	sum_to_zero	1	0	1	1.28572811	SYNTHETIC_TEACHING_FIXTURE
SYN_REG_0718	sum_to_zero	1	-1	-1	1.62266466	SYNTHETIC_TEACHING_FIXTURE
SYN_REG_0719	sum_to_zero	1	1	0	1.08093633	SYNTHETIC_TEACHING_FIXTURE
SYN_REG_0720	sum_to_zero	1	0	1	1.29376287	SYNTHETIC_TEACHING_FIXTURE
SYN_REG_0721	sum_to_zero	1	-1	-1	0.53403385	SYNTHETIC_TEACHING_FIXTURE
SYN_REG_0722	sum_to_zero	1	1	0	2.65896711	SYNTHETIC_TEACHING_FIXTURE
SYN_REG_0723	sum_to_zero	1	0	1	0.82093769	SYNTHETIC_TEACHING_FIXTURE
SYN_REG_0724	sum_to_zero	1	-1	-1	-0.17575196	SYNTHETIC_TEACHING_FIXTURE
SYN_REG_0725	sum_to_zero	1	1	0	2.23996028	SYNTHETIC_TEACHING_FIXTURE
SYN_REG_0726	sum_to_zero	1	0	1	1.99174422	SYNTHETIC_TEACHING_FIXTURE
SYN_REG_0727	sum_to_zero	1	-1	-1	1.16603432	SYNTHETIC_TEACHING_FIXTURE
SYN_REG_0728	sum_to_zero	1	1	0	0.49604034	SYNTHETIC_TEACHING_FIXTURE
SYN_REG_0729	sum_to_zero	1	0	1	1.66500876	SYNTHETIC_TEACHING_FIXTURE
SYN_REG_0730	sum_to_zero	1	-1	-1	0.79027273	SYNTHETIC_TEACHING_FIXTURE
SYN_REG_0731	sum_to_zero	1	1	0	1.24898586	SYNTHETIC_TEACHING_FIXTURE
SYN_REG_0732	sum_to_zero	1	0	1	0.29124458	SYNTHETIC_TEACHING_FIXTURE
SYN_REG_0733	sum_to_zero	1	-1	-1	1.52982434	SYNTHETIC_TEACHING_FIXTURE
SYN_REG_0734	sum_to_zero	1	1	0	1.1383911	SYNTHETIC_TEACHING_FIXTURE
SYN_REG_0735	sum_to_zero	1	0	1	1.091589	SYNTHETIC_TEACHING_FIXTURE
SYN_REG_0736	sum_to_zero	1	-1	-1	1.82743854	SYNTHETIC_TEACHING_FIXTURE
SYN_REG_0737	sum_to_zero	1	1	0	0.90520216	SYNTHETIC_TEACHING_FIXTURE
SYN_REG_0738	sum_to_zero	1	0	1	1.63380471	SYNTHETIC_TEACHING_FIXTURE
SYN_REG_0739	sum_to_zero	1	-1	-1	0.56619874	SYNTHETIC_TEACHING_FIXTURE
SYN_REG_0740	sum_to_zero	1	1	0	0.47071465	SYNTHETIC_TEACHING_FIXTURE
SYN_REG_0741	sum_to_zero	1	0	1	1.24353321	SYNTHETIC_TEACHING_FIXTURE
SYN_REG_0742	sum_to_zero	1	-1	-1	1.46342571	SYNTHETIC_TEACHING_FIXTURE
SYN_REG_0743	sum_to_zero	1	1	0	1.36158981	SYNTHETIC_TEACHING_FIXTURE
SYN_REG_0744	sum_to_zero	1	0	1	2.0230358	SYNTHETIC_TEACHING_FIXTURE
SYN_REG_0745	sum_to_zero	1	-1	-1	2.40957936	SYNTHETIC_TEACHING_FIXTURE
SYN_REG_0746	sum_to_zero	1	1	0	1.4225895	SYNTHETIC_TEACHING_FIXTURE
SYN_REG_0747	sum_to_zero	1	0	1	2.40476527	SYNTHETIC_TEACHING_FIXTURE
SYN_REG_0748	sum_to_zero	1	-1	-1	0.44116767	SYNTHETIC_TEACHING_FIXTURE
SYN_REG_0749	sum_to_zero	1	1	0	0.77662817	SYNTHETIC_TEACHING_FIXTURE
SYN_REG_0750	sum_to_zero	1	0	1	0.91063293	SYNTHETIC_TEACHING_FIXTURE
SYN_REG_0751	sum_to_zero	1	-1	-1	1.5556772	SYNTHETIC_TEACHING_FIXTURE
SYN_REG_0752	sum_to_zero	1	1	0	1.19269881	SYNTHETIC_TEACHING_FIXTURE
SYN_REG_0753	sum_to_zero	1	0	1	2.90703597	SYNTHETIC_TEACHING_FIXTURE
SYN_REG_0754	sum_to_zero	1	-1	-1	-0.08449711	SYNTHETIC_TEACHING_FIXTURE
SYN_REG_0755	sum_to_zero	1	1	0	0.24632037	SYNTHETIC_TEACHING_FIXTURE
SYN_REG_0756	sum_to_zero	1	0	1	3.5743643	SYNTHETIC_TEACHING_FIXTURE
SYN_REG_0757	sum_to_zero	1	-1	-1	-2.46229144	SYNTHETIC_TEACHING_FIXTURE
SYN_REG_0758	sum_to_zero	1	1	0	-1.42618592	SYNTHETIC_TEACHING_FIXTURE
SYN_REG_0759	sum_to_zero	1	0	1	-1.47727893	SYNTHETIC_TEACHING_FIXTURE
SYN_REG_0760	sum_to_zero	1	-1	-1	-1.45357451	SYNTHETIC_TEACHING_FIXTURE
SYN_REG_0761	sum_to_zero	1	1	0	-1.52680836	SYNTHETIC_TEACHING_FIXTURE
SYN_REG_0762	sum_to_zero	1	0	1	-0.07210978	SYNTHETIC_TEACHING_FIXTURE
SYN_REG_0763	sum_to_zero	1	-1	-1	-1.35985891	SYNTHETIC_TEACHING_FIXTURE
SYN_REG_0764	sum_to_zero	1	1	0	0.21414355	SYNTHETIC_TEACHING_FIXTURE
SYN_REG_0765	sum_to_zero	1	0	1	-0.74093008	SYNTHETIC_TEACHING_FIXTURE
SYN_REG_0766	sum_to_zero	1	-1	-1	-1.33629971	SYNTHETIC_TEACHING_FIXTURE
SYN_REG_0767	sum_to_zero	1	1	0	-1.7269054	SYNTHETIC_TEACHING_FIXTURE
SYN_REG_0768	sum_to_zero	1	0	1	-1.31189705	SYNTHETIC_TEACHING_FIXTURE
SYN_REG_0769	sum_to_zero	1	-1	-1	-1.27583912	SYNTHETIC_TEACHING_FIXTURE
SYN_REG_0770	sum_to_zero	1	1	0	-3.26916272	SYNTHETIC_TEACHING_FIXTURE
SYN_REG_0771	sum_to_zero	1	0	1	-1.31320003	SYNTHETIC_TEACHING_FIXTURE
SYN_REG_0772	sum_to_zero	1	-1	-1	-1.20169617	SYNTHETIC_TEACHING_FIXTURE
SYN_REG_0773	sum_to_zero	1	1	0	-1.33909864	SYNTHETIC_TEACHING_FIXTURE
SYN_REG_0774	sum_to_zero	1	0	1	-1.3750034	SYNTHETIC_TEACHING_FIXTURE
SYN_REG_0775	sum_to_zero	1	-1	-1	-0.56641535	SYNTHETIC_TEACHING_FIXTURE
SYN_REG_0776	sum_to_zero	1	1	0	-1.45292402	SYNTHETIC_TEACHING_FIXTURE
SYN_REG_0777	sum_to_zero	1	0	1	-1.64853322	SYNTHETIC_TEACHING_FIXTURE
SYN_REG_0778	sum_to_zero	1	-1	-1	-0.98312256	SYNTHETIC_TEACHING_FIXTURE
SYN_REG_0779	sum_to_zero	1	1	0	-1.71186834	SYNTHETIC_TEACHING_FIXTURE
SYN_REG_0780	sum_to_zero	1	0	1	-1.18423017	SYNTHETIC_TEACHING_FIXTURE
SYN_REG_0781	sum_to_zero	1	-1	-1	-0.90035006	SYNTHETIC_TEACHING_FIXTURE
SYN_REG_0782	sum_to_zero	1	1	0	-2.59028456	SYNTHETIC_TEACHING_FIXTURE
SYN_REG_0783	sum_to_zero	1	0	1	0.58078821	SYNTHETIC_TEACHING_FIXTURE
SYN_REG_0784	sum_to_zero	1	-1	-1	-1.26440466	SYNTHETIC_TEACHING_FIXTURE
SYN_REG_0785	sum_to_zero	1	1	0	-1.90269129	SYNTHETIC_TEACHING_FIXTURE
SYN_REG_0786	sum_to_zero	1	0	1	-0.78734825	SYNTHETIC_TEACHING_FIXTURE
SYN_REG_0787	sum_to_zero	1	-1	-1	-1.20023602	SYNTHETIC_TEACHING_FIXTURE
SYN_REG_0788	sum_to_zero	1	1	0	-0.31316439	SYNTHETIC_TEACHING_FIXTURE
SYN_REG_0789	sum_to_zero	1	0	1	-0.96125824	SYNTHETIC_TEACHING_FIXTURE
SYN_REG_0790	sum_to_zero	1	-1	-1	-1.62052993	SYNTHETIC_TEACHING_FIXTURE
SYN_REG_0791	sum_to_zero	1	1	0	-1.71542718	SYNTHETIC_TEACHING_FIXTURE
SYN_REG_0792	sum_to_zero	1	0	1	-1.27478678	SYNTHETIC_TEACHING_FIXTURE
SYN_REG_0793	sum_to_zero	1	-1	-1	-1.70844277	SYNTHETIC_TEACHING_FIXTURE
SYN_REG_0794	sum_to_zero	1	1	0	-2.33244429	SYNTHETIC_TEACHING_FIXTURE
SYN_REG_0795	sum_to_zero	1	0	1	-1.20816535	SYNTHETIC_TEACHING_FIXTURE
SYN_REG_0796	sum_to_zero	1	-1	-1	-2.60828368	SYNTHETIC_TEACHING_FIXTURE
SYN_REG_0797	sum_to_zero	1	1	0	-2.1501932	SYNTHETIC_TEACHING_FIXTURE
SYN_REG_0798	sum_to_zero	1	0	1	-0.70937989	SYNTHETIC_TEACHING_FIXTURE
SYN_REG_0799	sum_to_zero	1	-1	-1	-1.02530752	SYNTHETIC_TEACHING_FIXTURE
SYN_REG_0800	sum_to_zero	1	1	0	-2.23463074	SYNTHETIC_TEACHING_FIXTURE
SYN_REG_0801	sum_to_zero	1	0	1	-1.37212489	SYNTHETIC_TEACHING_FIXTURE
SYN_REG_0802	sum_to_zero	1	-1	-1	-2.14519411	SYNTHETIC_TEACHING_FIXTURE
SYN_REG_0803	sum_to_zero	1	1	0	-1.18029734	SYNTHETIC_TEACHING_FIXTURE
SYN_REG_0804	sum_to_zero	1	0	1	-1.63257113	SYNTHETIC_TEACHING_FIXTURE
SYN_REG_0805	sum_to_zero	1	-1	-1	-1.43287791	SYNTHETIC_TEACHING_FIXTURE
SYN_REG_0806	sum_to_zero	1	1	0	0.23631622	SYNTHETIC_TEACHING_FIXTURE
SYN_REG_0807	sum_to_zero	1	0	1	-0.45806053	SYNTHETIC_TEACHING_FIXTURE
SYN_REG_0808	sum_to_zero	1	-1	-1	-0.87852154	SYNTHETIC_TEACHING_FIXTURE
SYN_REG_0809	sum_to_zero	1	1	0	-1.60332056	SYNTHETIC_TEACHING_FIXTURE
SYN_REG_0810	sum_to_zero	1	0	1	-1.85909593	SYNTHETIC_TEACHING_FIXTURE
SYN_REG_0811	sum_to_zero	1	-1	-1	-2.7820027	SYNTHETIC_TEACHING_FIXTURE
SYN_REG_0812	sum_to_zero	1	1	0	-0.99800248	SYNTHETIC_TEACHING_FIXTURE
SYN_REG_0813	sum_to_zero	1	0	1	-1.57249248	SYNTHETIC_TEACHING_FIXTURE
SYN_REG_0814	sum_to_zero	1	-1	-1	-1.91241695	SYNTHETIC_TEACHING_FIXTURE
SYN_REG_0815	sum_to_zero	1	1	0	-1.20831653	SYNTHETIC_TEACHING_FIXTURE
SYN_REG_0816	sum_to_zero	1	0	1	-0.54483351	SYNTHETIC_TEACHING_FIXTURE
SYN_REG_0817	sum_to_zero	1	-1	-1	-1.95209142	SYNTHETIC_TEACHING_FIXTURE
SYN_REG_0818	sum_to_zero	1	1	0	-2.00885192	SYNTHETIC_TEACHING_FIXTURE
SYN_REG_0819	sum_to_zero	1	0	1	-0.38458996	SYNTHETIC_TEACHING_FIXTURE
SYN_REG_0820	sum_to_zero	1	-1	-1	-1.85700916	SYNTHETIC_TEACHING_FIXTURE
SYN_REG_0821	sum_to_zero	1	1	0	-1.76075522	SYNTHETIC_TEACHING_FIXTURE
SYN_REG_0822	sum_to_zero	1	0	1	-1.58555219	SYNTHETIC_TEACHING_FIXTURE
SYN_REG_0823	sum_to_zero	1	-1	-1	-1.41049836	SYNTHETIC_TEACHING_FIXTURE
SYN_REG_0824	sum_to_zero	1	1	0	-1.94593853	SYNTHETIC_TEACHING_FIXTURE
SYN_REG_0825	sum_to_zero	1	0	1	-1.11279266	SYNTHETIC_TEACHING_FIXTURE
SYN_REG_0826	sum_to_zero	1	-1	-1	-0.71956507	SYNTHETIC_TEACHING_FIXTURE
SYN_REG_0827	sum_to_zero	1	1	0	-1.39537973	SYNTHETIC_TEACHING_FIXTURE
SYN_REG_0828	sum_to_zero	1	0	1	-1.80043167	SYNTHETIC_TEACHING_FIXTURE
SYN_REG_0829	sum_to_zero	1	-1	-1	-0.46197148	SYNTHETIC_TEACHING_FIXTURE
SYN_REG_0830	sum_to_zero	1	1	0	-3.34662779	SYNTHETIC_TEACHING_FIXTURE
SYN_REG_0831	sum_to_zero	1	0	1	-0.9263541	SYNTHETIC_TEACHING_FIXTURE
SYN_REG_0832	sum_to_zero	1	-1	-1	-1.8344466	SYNTHETIC_TEACHING_FIXTURE
SYN_REG_0833	sum_to_zero	1	1	0	-0.83775297	SYNTHETIC_TEACHING_FIXTURE
SYN_REG_0834	sum_to_zero	1	0	1	-1.44405376	SYNTHETIC_TEACHING_FIXTURE
SYN_REG_0835	sum_to_zero	1	-1	-1	-0.31183355	SYNTHETIC_TEACHING_FIXTURE
SYN_REG_0836	sum_to_zero	1	1	0	0.28145129	SYNTHETIC_TEACHING_FIXTURE
SYN_REG_0837	sum_to_zero	1	0	1	-1.58131897	SYNTHETIC_TEACHING_FIXTURE
SYN_REG_0838	sum_to_zero	1	-1	-1	-1.73802356	SYNTHETIC_TEACHING_FIXTURE
SYN_REG_0839	sum_to_zero	1	1	0	-0.22485568	SYNTHETIC_TEACHING_FIXTURE
SYN_REG_0840	sum_to_zero	1	0	1	-0.97698758	SYNTHETIC_TEACHING_FIXTURE
SYN_REG_0841	sum_to_zero	1	-1	-1	-0.76316839	SYNTHETIC_TEACHING_FIXTURE
SYN_REG_0842	sum_to_zero	1	1	0	-0.71386973	SYNTHETIC_TEACHING_FIXTURE
SYN_REG_0843	sum_to_zero	1	0	1	-1.6477176	SYNTHETIC_TEACHING_FIXTURE
SYN_REG_0844	sum_to_zero	1	-1	-1	-1.88498261	SYNTHETIC_TEACHING_FIXTURE
SYN_REG_0845	sum_to_zero	1	1	0	-1.61308799	SYNTHETIC_TEACHING_FIXTURE
SYN_REG_0846	sum_to_zero	1	0	1	-1.8393701	SYNTHETIC_TEACHING_FIXTURE
SYN_REG_0847	sum_to_zero	1	-1	-1	-0.86109136	SYNTHETIC_TEACHING_FIXTURE
SYN_REG_0848	sum_to_zero	1	1	0	-1.34955636	SYNTHETIC_TEACHING_FIXTURE
SYN_REG_0849	sum_to_zero	1	0	1	-1.92536526	SYNTHETIC_TEACHING_FIXTURE
SYN_REG_0850	sum_to_zero	1	-1	-1	-1.16287312	SYNTHETIC_TEACHING_FIXTURE
SYN_REG_0851	sum_to_zero	1	1	0	-1.33193918	SYNTHETIC_TEACHING_FIXTURE
SYN_REG_0852	sum_to_zero	1	0	1	-1.85442706	SYNTHETIC_TEACHING_FIXTURE
SYN_REG_0853	sum_to_zero	1	-1	-1	-1.07204397	SYNTHETIC_TEACHING_FIXTURE
SYN_REG_0854	sum_to_zero	1	1	0	-1.9129461	SYNTHETIC_TEACHING_FIXTURE
SYN_REG_0855	sum_to_zero	1	0	1	-1.27005425	SYNTHETIC_TEACHING_FIXTURE
SYN_REG_0856	sum_to_zero	1	-1	-1	-2.01724674	SYNTHETIC_TEACHING_FIXTURE
SYN_REG_0857	sum_to_zero	1	1	0	-0.94373257	SYNTHETIC_TEACHING_FIXTURE
SYN_REG_0858	sum_to_zero	1	0	1	-1.3607899	SYNTHETIC_TEACHING_FIXTURE
SYN_REG_0859	sum_to_zero	1	-1	-1	-0.28503578	SYNTHETIC_TEACHING_FIXTURE
SYN_REG_0860	sum_to_zero	1	1	0	-0.81752782	SYNTHETIC_TEACHING_FIXTURE
SYN_REG_0861	sum_to_zero	1	0	1	-2.48088934	SYNTHETIC_TEACHING_FIXTURE
SYN_REG_0862	sum_to_zero	1	-1	-1	-0.75659179	SYNTHETIC_TEACHING_FIXTURE
SYN_REG_0863	sum_to_zero	1	1	0	-2.64703313	SYNTHETIC_TEACHING_FIXTURE
SYN_REG_0864	sum_to_zero	1	0	1	-0.82936213	SYNTHETIC_TEACHING_FIXTURE
SYN_REG_0865	sum_to_zero	1	-1	-1	-1.3820813	SYNTHETIC_TEACHING_FIXTURE
SYN_REG_0866	sum_to_zero	1	1	0	-0.81345375	SYNTHETIC_TEACHING_FIXTURE
SYN_REG_0867	sum_to_zero	1	0	1	0.20216204	SYNTHETIC_TEACHING_FIXTURE
SYN_REG_0868	sum_to_zero	1	-1	-1	-1.02635985	SYNTHETIC_TEACHING_FIXTURE
SYN_REG_0869	sum_to_zero	1	1	0	-0.52948213	SYNTHETIC_TEACHING_FIXTURE
SYN_REG_0870	sum_to_zero	1	0	1	-0.37896623	SYNTHETIC_TEACHING_FIXTURE
SYN_REG_0871	sum_to_zero	1	-1	-1	-0.92282112	SYNTHETIC_TEACHING_FIXTURE
SYN_REG_0872	sum_to_zero	1	1	0	-0.42606872	SYNTHETIC_TEACHING_FIXTURE
SYN_REG_0873	sum_to_zero	1	0	1	-0.17599665	SYNTHETIC_TEACHING_FIXTURE
SYN_REG_0874	sum_to_zero	1	-1	-1	-0.20050872	SYNTHETIC_TEACHING_FIXTURE
SYN_REG_0875	sum_to_zero	1	1	0	0.34506292	SYNTHETIC_TEACHING_FIXTURE
SYN_REG_0876	sum_to_zero	1	0	1	-0.18259314	SYNTHETIC_TEACHING_FIXTURE
SYN_REG_0877	sum_to_zero	1	-1	-1	-1.31091235	SYNTHETIC_TEACHING_FIXTURE
SYN_REG_0878	sum_to_zero	1	1	0	-1.04658699	SYNTHETIC_TEACHING_FIXTURE
SYN_REG_0879	sum_to_zero	1	0	1	-0.13925042	SYNTHETIC_TEACHING_FIXTURE
SYN_REG_0880	sum_to_zero	1	-1	-1	-1.18476131	SYNTHETIC_TEACHING_FIXTURE
SYN_REG_0881	sum_to_zero	1	1	0	-0.62233836	SYNTHETIC_TEACHING_FIXTURE
SYN_REG_0882	sum_to_zero	1	0	1	-0.34136461	SYNTHETIC_TEACHING_FIXTURE
SYN_REG_0883	sum_to_zero	1	-1	-1	-2.06977801	SYNTHETIC_TEACHING_FIXTURE
SYN_REG_0884	sum_to_zero	1	1	0	-1.40419031	SYNTHETIC_TEACHING_FIXTURE
SYN_REG_0885	sum_to_zero	1	0	1	-1.11478991	SYNTHETIC_TEACHING_FIXTURE
SYN_REG_0886	sum_to_zero	1	-1	-1	0.14775288	SYNTHETIC_TEACHING_FIXTURE
SYN_REG_0887	sum_to_zero	1	1	0	-0.42202846	SYNTHETIC_TEACHING_FIXTURE
SYN_REG_0888	sum_to_zero	1	0	1	0.01767498	SYNTHETIC_TEACHING_FIXTURE
SYN_REG_0889	sum_to_zero	1	-1	-1	-0.58376	SYNTHETIC_TEACHING_FIXTURE
SYN_REG_0890	sum_to_zero	1	1	0	-1.98935486	SYNTHETIC_TEACHING_FIXTURE
SYN_REG_0891	sum_to_zero	1	0	1	-0.64030367	SYNTHETIC_TEACHING_FIXTURE
SYN_REG_0892	sum_to_zero	1	-1	-1	-0.10466656	SYNTHETIC_TEACHING_FIXTURE
SYN_REG_0893	sum_to_zero	1	1	0	-1.3534315	SYNTHETIC_TEACHING_FIXTURE
SYN_REG_0894	sum_to_zero	1	0	1	-0.89751532	SYNTHETIC_TEACHING_FIXTURE
SYN_REG_0895	sum_to_zero	1	-1	-1	-1.39788027	SYNTHETIC_TEACHING_FIXTURE
SYN_REG_0896	sum_to_zero	1	1	0	-0.2035404	SYNTHETIC_TEACHING_FIXTURE
SYN_REG_0897	sum_to_zero	1	0	1	-0.89735219	SYNTHETIC_TEACHING_FIXTURE
SYN_REG_0898	sum_to_zero	1	-1	-1	1.1986269	SYNTHETIC_TEACHING_FIXTURE
SYN_REG_0899	sum_to_zero	1	1	0	-0.43092458	SYNTHETIC_TEACHING_FIXTURE
SYN_REG_0900	sum_to_zero	1	0	1	-0.01109617	SYNTHETIC_TEACHING_FIXTURE
SYN_REG_0901	sum_to_zero	1	-1	-1	-1.04144665	SYNTHETIC_TEACHING_FIXTURE
SYN_REG_0902	sum_to_zero	1	1	0	-0.86524102	SYNTHETIC_TEACHING_FIXTURE
SYN_REG_0903	sum_to_zero	1	0	1	-0.5547561	SYNTHETIC_TEACHING_FIXTURE
SYN_REG_0904	sum_to_zero	1	-1	-1	0.25858039	SYNTHETIC_TEACHING_FIXTURE
SYN_REG_0905	sum_to_zero	1	1	0	-1.24762497	SYNTHETIC_TEACHING_FIXTURE
SYN_REG_0906	sum_to_zero	1	0	1	-0.63890918	SYNTHETIC_TEACHING_FIXTURE
SYN_REG_0907	sum_to_zero	1	-1	-1	0.00982324	SYNTHETIC_TEACHING_FIXTURE
SYN_REG_0908	sum_to_zero	1	1	0	0.82892868	SYNTHETIC_TEACHING_FIXTURE
SYN_REG_0909	sum_to_zero	1	0	1	0.0354334	SYNTHETIC_TEACHING_FIXTURE
SYN_REG_0910	sum_to_zero	1	-1	-1	-1.0140521	SYNTHETIC_TEACHING_FIXTURE
SYN_REG_0911	sum_to_zero	1	1	0	-0.95613382	SYNTHETIC_TEACHING_FIXTURE
SYN_REG_0912	sum_to_zero	1	0	1	-0.01444813	SYNTHETIC_TEACHING_FIXTURE
SYN_REG_0913	sum_to_zero	1	-1	-1	-0.46273736	SYNTHETIC_TEACHING_FIXTURE
SYN_REG_0914	sum_to_zero	1	1	0	-1.23151368	SYNTHETIC_TEACHING_FIXTURE
SYN_REG_0915	sum_to_zero	1	0	1	-0.9758139	SYNTHETIC_TEACHING_FIXTURE
SYN_REG_0916	sum_to_zero	1	-1	-1	-1.38997482	SYNTHETIC_TEACHING_FIXTURE
SYN_REG_0917	sum_to_zero	1	1	0	0.48017175	SYNTHETIC_TEACHING_FIXTURE
SYN_REG_0918	sum_to_zero	1	0	1	-1.45070595	SYNTHETIC_TEACHING_FIXTURE
SYN_REG_0919	sum_to_zero	1	-1	-1	-1.06017386	SYNTHETIC_TEACHING_FIXTURE
SYN_REG_0920	sum_to_zero	1	1	0	0.2849624	SYNTHETIC_TEACHING_FIXTURE
SYN_REG_0921	sum_to_zero	1	0	1	-1.74743491	SYNTHETIC_TEACHING_FIXTURE
SYN_REG_0922	sum_to_zero	1	-1	-1	-1.36765694	SYNTHETIC_TEACHING_FIXTURE
SYN_REG_0923	sum_to_zero	1	1	0	-2.0065145	SYNTHETIC_TEACHING_FIXTURE
SYN_REG_0924	sum_to_zero	1	0	1	-1.68032212	SYNTHETIC_TEACHING_FIXTURE
SYN_REG_0925	sum_to_zero	1	-1	-1	-1.67916236	SYNTHETIC_TEACHING_FIXTURE
SYN_REG_0926	sum_to_zero	1	1	0	-2.6611591	SYNTHETIC_TEACHING_FIXTURE
SYN_REG_0927	sum_to_zero	1	0	1	-1.02191378	SYNTHETIC_TEACHING_FIXTURE
SYN_REG_0928	sum_to_zero	1	-1	-1	-2.09815329	SYNTHETIC_TEACHING_FIXTURE
SYN_REG_0929	sum_to_zero	1	1	0	0.27511937	SYNTHETIC_TEACHING_FIXTURE
SYN_REG_0930	sum_to_zero	1	0	1	-1.34690065	SYNTHETIC_TEACHING_FIXTURE
SYN_REG_0931	sum_to_zero	1	-1	-1	-0.47433096	SYNTHETIC_TEACHING_FIXTURE
SYN_REG_0932	sum_to_zero	1	1	0	-1.17017382	SYNTHETIC_TEACHING_FIXTURE
SYN_REG_0933	sum_to_zero	1	0	1	-0.74152886	SYNTHETIC_TEACHING_FIXTURE
SYN_REG_0934	sum_to_zero	1	-1	-1	-1.08248578	SYNTHETIC_TEACHING_FIXTURE
SYN_REG_0935	sum_to_zero	1	1	0	-0.47337809	SYNTHETIC_TEACHING_FIXTURE
SYN_REG_0936	sum_to_zero	1	0	1	0.21517003	SYNTHETIC_TEACHING_FIXTURE
SYN_REG_0937	sum_to_zero	1	-1	-1	-1.20150718	SYNTHETIC_TEACHING_FIXTURE
SYN_REG_0938	sum_to_zero	1	1	0	-0.73364131	SYNTHETIC_TEACHING_FIXTURE
SYN_REG_0939	sum_to_zero	1	0	1	-1.20055431	SYNTHETIC_TEACHING_FIXTURE
SYN_REG_0940	sum_to_zero	1	-1	-1	-1.17698715	SYNTHETIC_TEACHING_FIXTURE
SYN_REG_0941	sum_to_zero	1	1	0	-0.82753795	SYNTHETIC_TEACHING_FIXTURE
SYN_REG_0942	sum_to_zero	1	0	1	-1.07602455	SYNTHETIC_TEACHING_FIXTURE
SYN_REG_0943	sum_to_zero	1	-1	-1	-1.91800885	SYNTHETIC_TEACHING_FIXTURE
SYN_REG_0944	sum_to_zero	1	1	0	-1.27951732	SYNTHETIC_TEACHING_FIXTURE
SYN_REG_0945	sum_to_zero	1	0	1	-0.98537047	SYNTHETIC_TEACHING_FIXTURE
SYN_REG_0946	sum_to_zero	1	-1	-1	-1.31786294	SYNTHETIC_TEACHING_FIXTURE
SYN_REG_0947	sum_to_zero	1	1	0	-1.46031424	SYNTHETIC_TEACHING_FIXTURE
SYN_REG_0948	sum_to_zero	1	0	1	-0.93778856	SYNTHETIC_TEACHING_FIXTURE
SYN_REG_0949	sum_to_zero	1	-1	-1	-2.12120721	SYNTHETIC_TEACHING_FIXTURE
SYN_REG_0950	sum_to_zero	1	1	0	-1.02160942	SYNTHETIC_TEACHING_FIXTURE
SYN_REG_0951	sum_to_zero	1	0	1	-1.49782038	SYNTHETIC_TEACHING_FIXTURE
SYN_REG_0952	sum_to_zero	1	-1	-1	-1.39140711	SYNTHETIC_TEACHING_FIXTURE
SYN_REG_0953	sum_to_zero	1	1	0	-1.33966161	SYNTHETIC_TEACHING_FIXTURE
SYN_REG_0954	sum_to_zero	1	0	1	-1.53604266	SYNTHETIC_TEACHING_FIXTURE
SYN_REG_0955	sum_to_zero	1	-1	-1	-0.68023476	SYNTHETIC_TEACHING_FIXTURE
SYN_REG_0956	sum_to_zero	1	1	0	-1.32190518	SYNTHETIC_TEACHING_FIXTURE
SYN_REG_0957	sum_to_zero	1	0	1	-2.7235314	SYNTHETIC_TEACHING_FIXTURE
SYN_REG_0958	sum_to_zero	1	-1	-1	-3.44277432	SYNTHETIC_TEACHING_FIXTURE
SYN_REG_0959	sum_to_zero	1	1	0	-1.06031709	SYNTHETIC_TEACHING_FIXTURE
SYN_REG_0960	sum_to_zero	1	0	1	-0.52927127	SYNTHETIC_TEACHING_FIXTURE
SYN_REG_0961	sum_to_zero	1	-1	-1	-2.01384903	SYNTHETIC_TEACHING_FIXTURE
SYN_REG_0962	sum_to_zero	1	1	0	-0.87706339	SYNTHETIC_TEACHING_FIXTURE
SYN_REG_0963	sum_to_zero	1	0	1	-0.90678343	SYNTHETIC_TEACHING_FIXTURE
SYN_REG_0964	sum_to_zero	1	-1	-1	-1.99578027	SYNTHETIC_TEACHING_FIXTURE
SYN_REG_0965	sum_to_zero	1	1	0	-1.08415678	SYNTHETIC_TEACHING_FIXTURE
SYN_REG_0966	sum_to_zero	1	0	1	-1.05088983	SYNTHETIC_TEACHING_FIXTURE
SYN_REG_0967	sum_to_zero	1	-1	-1	-1.41687404	SYNTHETIC_TEACHING_FIXTURE
SYN_REG_0968	sum_to_zero	1	1	0	-1.36115195	SYNTHETIC_TEACHING_FIXTURE
SYN_REG_0969	sum_to_zero	1	0	1	-1.10457489	SYNTHETIC_TEACHING_FIXTURE
SYN_REG_0970	sum_to_zero	1	-1	-1	-1.91951276	SYNTHETIC_TEACHING_FIXTURE
SYN_REG_0971	sum_to_zero	1	1	0	-0.79423121	SYNTHETIC_TEACHING_FIXTURE
SYN_REG_0972	sum_to_zero	1	0	1	-1.96938832	SYNTHETIC_TEACHING_FIXTURE
SYN_REG_0973	sum_to_zero	1	-1	-1	0.11437254	SYNTHETIC_TEACHING_FIXTURE
SYN_REG_0974	sum_to_zero	1	1	0	-0.15996294	SYNTHETIC_TEACHING_FIXTURE
SYN_REG_0975	sum_to_zero	1	0	1	-1.77480361	SYNTHETIC_TEACHING_FIXTURE
SYN_REG_0976	sum_to_zero	1	-1	-1	-0.8761702	SYNTHETIC_TEACHING_FIXTURE
SYN_REG_0977	sum_to_zero	1	1	0	-0.33126497	SYNTHETIC_TEACHING_FIXTURE
SYN_REG_0978	sum_to_zero	1	0	1	-0.17870805	SYNTHETIC_TEACHING_FIXTURE
SYN_REG_0979	sum_to_zero	1	-1	-1	-0.86255349	SYNTHETIC_TEACHING_FIXTURE
SYN_REG_0980	sum_to_zero	1	1	0	-0.58250475	SYNTHETIC_TEACHING_FIXTURE
SYN_REG_0981	sum_to_zero	1	0	1	0.54277481	SYNTHETIC_TEACHING_FIXTURE
SYN_REG_0982	sum_to_zero	1	-1	-1	-0.39521876	SYNTHETIC_TEACHING_FIXTURE
SYN_REG_0983	sum_to_zero	1	1	0	0.48200985	SYNTHETIC_TEACHING_FIXTURE
SYN_REG_0984	sum_to_zero	1	0	1	-0.154379	SYNTHETIC_TEACHING_FIXTURE
SYN_REG_0985	sum_to_zero	1	-1	-1	-1.14589649	SYNTHETIC_TEACHING_FIXTURE
SYN_REG_0986	sum_to_zero	1	1	0	0.09739392	SYNTHETIC_TEACHING_FIXTURE
SYN_REG_0987	sum_to_zero	1	0	1	-0.80050743	SYNTHETIC_TEACHING_FIXTURE
SYN_REG_0988	sum_to_zero	1	-1	-1	0.56297409	SYNTHETIC_TEACHING_FIXTURE
SYN_REG_0989	sum_to_zero	1	1	0	-1.69388512	SYNTHETIC_TEACHING_FIXTURE
SYN_REG_0990	sum_to_zero	1	0	1	-0.21218587	SYNTHETIC_TEACHING_FIXTURE
SYN_REG_0991	sum_to_zero	1	-1	-1	-1.03862186	SYNTHETIC_TEACHING_FIXTURE
SYN_REG_0992	sum_to_zero	1	1	0	-0.42399588	SYNTHETIC_TEACHING_FIXTURE
SYN_REG_0993	sum_to_zero	1	0	1	-0.09437594	SYNTHETIC_TEACHING_FIXTURE
SYN_REG_0994	sum_to_zero	1	-1	-1	-0.6298758	SYNTHETIC_TEACHING_FIXTURE
SYN_REG_0995	sum_to_zero	1	1	0	0.52674309	SYNTHETIC_TEACHING_FIXTURE
SYN_REG_0996	sum_to_zero	1	0	1	-1.05870775	SYNTHETIC_TEACHING_FIXTURE
SYN_REG_0997	sum_to_zero	1	-1	-1	0.46277737	SYNTHETIC_TEACHING_FIXTURE
SYN_REG_0998	sum_to_zero	1	1	0	1.41600096	SYNTHETIC_TEACHING_FIXTURE
SYN_REG_0999	sum_to_zero	1	0	1	-0.48222846	SYNTHETIC_TEACHING_FIXTURE
SYN_REG_1000	sum_to_zero	1	-1	-1	-1.26862196	SYNTHETIC_TEACHING_FIXTURE
SYN_REG_1001	sum_to_zero	1	1	0	-1.39447261	SYNTHETIC_TEACHING_FIXTURE
SYN_REG_1002	sum_to_zero	1	0	1	-0.90261785	SYNTHETIC_TEACHING_FIXTURE
SYN_REG_1003	sum_to_zero	1	-1	-1	-1.1637862	SYNTHETIC_TEACHING_FIXTURE
SYN_REG_1004	sum_to_zero	1	1	0	-0.46643745	SYNTHETIC_TEACHING_FIXTURE
SYN_REG_1005	sum_to_zero	1	0	1	-0.84508152	SYNTHETIC_TEACHING_FIXTURE
SYN_REG_1006	sum_to_zero	1	-1	-1	-1.37626859	SYNTHETIC_TEACHING_FIXTURE
SYN_REG_1007	sum_to_zero	1	1	0	-0.66900321	SYNTHETIC_TEACHING_FIXTURE
SYN_REG_1008	sum_to_zero	1	0	1	-0.96457439	SYNTHETIC_TEACHING_FIXTURE
SYN_REG_1009	sum_to_zero	1	-1	-1	-1.20922365	SYNTHETIC_TEACHING_FIXTURE
SYN_REG_1010	sum_to_zero	1	1	0	-0.28534014	SYNTHETIC_TEACHING_FIXTURE
SYN_REG_1011	sum_to_zero	1	0	1	-0.19856518	SYNTHETIC_TEACHING_FIXTURE
SYN_REG_1012	sum_to_zero	1	-1	-1	-0.57750765	SYNTHETIC_TEACHING_FIXTURE
SYN_REG_1013	sum_to_zero	1	1	0	-1.20086265	SYNTHETIC_TEACHING_FIXTURE
SYN_REG_1014	sum_to_zero	1	0	1	0.85862087	SYNTHETIC_TEACHING_FIXTURE
SYN_REG_1015	sum_to_zero	1	-1	-1	0.14283137	SYNTHETIC_TEACHING_FIXTURE
SYN_REG_1016	sum_to_zero	1	1	0	-0.56721306	SYNTHETIC_TEACHING_FIXTURE
SYN_REG_1017	sum_to_zero	1	0	1	-0.58857409	SYNTHETIC_TEACHING_FIXTURE
SYN_REG_1018	sum_to_zero	1	-1	-1	-0.47477458	SYNTHETIC_TEACHING_FIXTURE
SYN_REG_1019	sum_to_zero	1	1	0	-0.22089102	SYNTHETIC_TEACHING_FIXTURE
SYN_REG_1020	sum_to_zero	1	0	1	-0.49297263	SYNTHETIC_TEACHING_FIXTURE
SYN_REG_1021	sum_to_zero	1	-1	-1	-2.07545545	SYNTHETIC_TEACHING_FIXTURE
SYN_REG_1022	sum_to_zero	1	1	0	-0.76311866	SYNTHETIC_TEACHING_FIXTURE
SYN_REG_1023	sum_to_zero	1	0	1	0.19560732	SYNTHETIC_TEACHING_FIXTURE
SYN_REG_1024	sum_to_zero	1	-1	-1	-0.41711889	SYNTHETIC_TEACHING_FIXTURE
SYN_REG_1025	sum_to_zero	1	1	0	-1.46907509	SYNTHETIC_TEACHING_FIXTURE
SYN_REG_1026	sum_to_zero	1	0	1	0.14116633	SYNTHETIC_TEACHING_FIXTURE
SYN_REG_1027	sum_to_zero	1	-1	-1	0.60866219	SYNTHETIC_TEACHING_FIXTURE
SYN_REG_1028	sum_to_zero	1	1	0	1.14919495	SYNTHETIC_TEACHING_FIXTURE
SYN_REG_1029	sum_to_zero	1	0	1	0.80436489	SYNTHETIC_TEACHING_FIXTURE
SYN_REG_1030	sum_to_zero	1	-1	-1	0.14311385	SYNTHETIC_TEACHING_FIXTURE
SYN_REG_1031	sum_to_zero	1	1	0	0.20617047	SYNTHETIC_TEACHING_FIXTURE
SYN_REG_1032	sum_to_zero	1	0	1	0.64536664	SYNTHETIC_TEACHING_FIXTURE
SYN_REG_1033	sum_to_zero	1	-1	-1	1.32081924	SYNTHETIC_TEACHING_FIXTURE
SYN_REG_1034	sum_to_zero	1	1	0	1.17391192	SYNTHETIC_TEACHING_FIXTURE
SYN_REG_1035	sum_to_zero	1	0	1	1.04698904	SYNTHETIC_TEACHING_FIXTURE
SYN_REG_1036	sum_to_zero	1	-1	-1	1.10288421	SYNTHETIC_TEACHING_FIXTURE
SYN_REG_1037	sum_to_zero	1	1	0	0.9988939	SYNTHETIC_TEACHING_FIXTURE
SYN_REG_1038	sum_to_zero	1	0	1	2.64019415	SYNTHETIC_TEACHING_FIXTURE
SYN_REG_1039	sum_to_zero	1	-1	-1	0.38026347	SYNTHETIC_TEACHING_FIXTURE
SYN_REG_1040	sum_to_zero	1	1	0	1.70783427	SYNTHETIC_TEACHING_FIXTURE
SYN_REG_1041	sum_to_zero	1	0	1	0.47168343	SYNTHETIC_TEACHING_FIXTURE
SYN_REG_1042	sum_to_zero	1	-1	-1	0.59729338	SYNTHETIC_TEACHING_FIXTURE
SYN_REG_1043	sum_to_zero	1	1	0	0.43417531	SYNTHETIC_TEACHING_FIXTURE
SYN_REG_1044	sum_to_zero	1	0	1	0.56327248	SYNTHETIC_TEACHING_FIXTURE
SYN_REG_1045	sum_to_zero	1	-1	-1	0.88780778	SYNTHETIC_TEACHING_FIXTURE
SYN_REG_1046	sum_to_zero	1	1	0	0.03773302	SYNTHETIC_TEACHING_FIXTURE
SYN_REG_1047	sum_to_zero	1	0	1	-0.03083394	SYNTHETIC_TEACHING_FIXTURE
SYN_REG_1048	sum_to_zero	1	-1	-1	1.03255274	SYNTHETIC_TEACHING_FIXTURE
SYN_REG_1049	sum_to_zero	1	1	0	0.20224758	SYNTHETIC_TEACHING_FIXTURE
SYN_REG_1050	sum_to_zero	1	0	1	0.9052519	SYNTHETIC_TEACHING_FIXTURE
SYN_REG_1051	sum_to_zero	1	-1	-1	-0.8613619	SYNTHETIC_TEACHING_FIXTURE
SYN_REG_1052	sum_to_zero	1	1	0	0.37593875	SYNTHETIC_TEACHING_FIXTURE
SYN_REG_1053	sum_to_zero	1	0	1	0.46406444	SYNTHETIC_TEACHING_FIXTURE
SYN_REG_1054	sum_to_zero	1	-1	-1	0.02732106	SYNTHETIC_TEACHING_FIXTURE
SYN_REG_1055	sum_to_zero	1	1	0	1.0063637	SYNTHETIC_TEACHING_FIXTURE
SYN_REG_1056	sum_to_zero	1	0	1	0.02932229	SYNTHETIC_TEACHING_FIXTURE
SYN_REG_1057	sum_to_zero	1	-1	-1	1.13222031	SYNTHETIC_TEACHING_FIXTURE
SYN_REG_1058	sum_to_zero	1	1	0	0.69029085	SYNTHETIC_TEACHING_FIXTURE
SYN_REG_1059	sum_to_zero	1	0	1	0.09337754	SYNTHETIC_TEACHING_FIXTURE
SYN_REG_1060	sum_to_zero	1	-1	-1	1.43350077	SYNTHETIC_TEACHING_FIXTURE
SYN_REG_1061	sum_to_zero	1	1	0	2.0785331	SYNTHETIC_TEACHING_FIXTURE
SYN_REG_1062	sum_to_zero	1	0	1	0.80362885	SYNTHETIC_TEACHING_FIXTURE
SYN_REG_1063	sum_to_zero	1	-1	-1	0.9122363	SYNTHETIC_TEACHING_FIXTURE
SYN_REG_1064	sum_to_zero	1	1	0	0.10601154	SYNTHETIC_TEACHING_FIXTURE
SYN_REG_1065	sum_to_zero	1	0	1	0.60826234	SYNTHETIC_TEACHING_FIXTURE
SYN_REG_1066	sum_to_zero	1	-1	-1	0.24217469	SYNTHETIC_TEACHING_FIXTURE
SYN_REG_1067	sum_to_zero	1	1	0	0.20816772	SYNTHETIC_TEACHING_FIXTURE
SYN_REG_1068	sum_to_zero	1	0	1	0.61883743	SYNTHETIC_TEACHING_FIXTURE
SYN_REG_1069	sum_to_zero	1	-1	-1	-0.83960102	SYNTHETIC_TEACHING_FIXTURE
SYN_REG_1070	sum_to_zero	1	1	0	1.24191592	SYNTHETIC_TEACHING_FIXTURE
SYN_REG_1071	sum_to_zero	1	0	1	0.68182442	SYNTHETIC_TEACHING_FIXTURE
SYN_REG_1072	sum_to_zero	1	-1	-1	-0.10135637	SYNTHETIC_TEACHING_FIXTURE
SYN_REG_1073	sum_to_zero	1	1	0	0.53615444	SYNTHETIC_TEACHING_FIXTURE
SYN_REG_1074	sum_to_zero	1	0	1	1.46692289	SYNTHETIC_TEACHING_FIXTURE
SYN_REG_1075	sum_to_zero	1	-1	-1	1.40747883	SYNTHETIC_TEACHING_FIXTURE
SYN_REG_1076	sum_to_zero	1	1	0	0.23973382	SYNTHETIC_TEACHING_FIXTURE
SYN_REG_1077	sum_to_zero	1	0	1	1.39239004	SYNTHETIC_TEACHING_FIXTURE
SYN_REG_1078	sum_to_zero	1	-1	-1	-0.26260053	SYNTHETIC_TEACHING_FIXTURE
SYN_REG_1079	sum_to_zero	1	1	0	0.25096139	SYNTHETIC_TEACHING_FIXTURE
SYN_REG_1080	sum_to_zero	1	0	1	0.65855367	SYNTHETIC_TEACHING_FIXTURE
SYN_REG_1081	sum_to_zero	1	-1	-1	-0.83968855	SYNTHETIC_TEACHING_FIXTURE
SYN_REG_1082	sum_to_zero	1	1	0	-1.71624677	SYNTHETIC_TEACHING_FIXTURE
SYN_REG_1083	sum_to_zero	1	0	1	-1.17055776	SYNTHETIC_TEACHING_FIXTURE
SYN_REG_1084	sum_to_zero	1	-1	-1	-1.22960595	SYNTHETIC_TEACHING_FIXTURE
SYN_REG_1085	sum_to_zero	1	1	0	-1.52982413	SYNTHETIC_TEACHING_FIXTURE
SYN_REG_1086	sum_to_zero	1	0	1	-1.64702732	SYNTHETIC_TEACHING_FIXTURE
SYN_REG_1087	sum_to_zero	1	-1	-1	-0.82773091	SYNTHETIC_TEACHING_FIXTURE
SYN_REG_1088	sum_to_zero	1	1	0	-0.44448361	SYNTHETIC_TEACHING_FIXTURE
SYN_REG_1089	sum_to_zero	1	0	1	-0.88091069	SYNTHETIC_TEACHING_FIXTURE
SYN_REG_1090	sum_to_zero	1	-1	-1	-0.69456761	SYNTHETIC_TEACHING_FIXTURE
SYN_REG_1091	sum_to_zero	1	1	0	0.222608	SYNTHETIC_TEACHING_FIXTURE
SYN_REG_1092	sum_to_zero	1	0	1	-0.83546528	SYNTHETIC_TEACHING_FIXTURE
SYN_REG_1093	sum_to_zero	1	-1	-1	-0.09586195	SYNTHETIC_TEACHING_FIXTURE
SYN_REG_1094	sum_to_zero	1	1	0	-1.21499857	SYNTHETIC_TEACHING_FIXTURE
SYN_REG_1095	sum_to_zero	1	0	1	-0.62619361	SYNTHETIC_TEACHING_FIXTURE
SYN_REG_1096	sum_to_zero	1	-1	-1	-1.09322	SYNTHETIC_TEACHING_FIXTURE
SYN_REG_1097	sum_to_zero	1	1	0	-0.57408805	SYNTHETIC_TEACHING_FIXTURE
SYN_REG_1098	sum_to_zero	1	0	1	0.09543049	SYNTHETIC_TEACHING_FIXTURE
SYN_REG_1099	sum_to_zero	1	-1	-1	-0.20220758	SYNTHETIC_TEACHING_FIXTURE
SYN_REG_1100	sum_to_zero	1	1	0	-1.5835629	SYNTHETIC_TEACHING_FIXTURE
SYN_REG_1101	sum_to_zero	1	0	1	-1.16083409	SYNTHETIC_TEACHING_FIXTURE
SYN_REG_1102	sum_to_zero	1	-1	-1	0.23035431	SYNTHETIC_TEACHING_FIXTURE
SYN_REG_1103	sum_to_zero	1	1	0	-1.26074834	SYNTHETIC_TEACHING_FIXTURE
SYN_REG_1104	sum_to_zero	1	0	1	-0.80709199	SYNTHETIC_TEACHING_FIXTURE
SYN_REG_1105	sum_to_zero	1	-1	-1	-1.27321723	SYNTHETIC_TEACHING_FIXTURE
SYN_REG_1106	sum_to_zero	1	1	0	-0.82956901	SYNTHETIC_TEACHING_FIXTURE
SYN_REG_1107	sum_to_zero	1	0	1	-0.18948605	SYNTHETIC_TEACHING_FIXTURE
SYN_REG_1108	sum_to_zero	1	-1	-1	-0.89539274	SYNTHETIC_TEACHING_FIXTURE
SYN_REG_1109	sum_to_zero	1	1	0	-1.43267898	SYNTHETIC_TEACHING_FIXTURE
SYN_REG_1110	sum_to_zero	1	0	1	-1.95774101	SYNTHETIC_TEACHING_FIXTURE
SYN_REG_1111	sum_to_zero	1	-1	-1	-0.56447579	SYNTHETIC_TEACHING_FIXTURE
SYN_REG_1112	sum_to_zero	1	1	0	-0.54660199	SYNTHETIC_TEACHING_FIXTURE
SYN_REG_1113	sum_to_zero	1	0	1	-0.39945197	SYNTHETIC_TEACHING_FIXTURE
SYN_REG_1114	sum_to_zero	1	-1	-1	0.09488542	SYNTHETIC_TEACHING_FIXTURE
SYN_REG_1115	sum_to_zero	1	1	0	-0.61429963	SYNTHETIC_TEACHING_FIXTURE
SYN_REG_1116	sum_to_zero	1	0	1	0.65547623	SYNTHETIC_TEACHING_FIXTURE
SYN_REG_1117	sum_to_zero	1	-1	-1	-1.45253213	SYNTHETIC_TEACHING_FIXTURE
SYN_REG_1118	sum_to_zero	1	1	0	0.01004007	SYNTHETIC_TEACHING_FIXTURE
SYN_REG_1119	sum_to_zero	1	0	1	-0.3376884	SYNTHETIC_TEACHING_FIXTURE
SYN_REG_1120	sum_to_zero	1	-1	-1	-1.45577268	SYNTHETIC_TEACHING_FIXTURE
SYN_REG_1121	sum_to_zero	1	1	0	-0.51687797	SYNTHETIC_TEACHING_FIXTURE
SYN_REG_1122	sum_to_zero	1	0	1	-0.60596847	SYNTHETIC_TEACHING_FIXTURE
SYN_REG_1123	sum_to_zero	1	-1	-1	0.18074133	SYNTHETIC_TEACHING_FIXTURE
SYN_REG_1124	sum_to_zero	1	1	0	-0.94383999	SYNTHETIC_TEACHING_FIXTURE
SYN_REG_1125	sum_to_zero	1	0	1	-0.40189085	SYNTHETIC_TEACHING_FIXTURE
SYN_REG_1126	sum_to_zero	1	-1	-1	-0.48748616	SYNTHETIC_TEACHING_FIXTURE
SYN_REG_1127	sum_to_zero	1	1	0	-0.94915936	SYNTHETIC_TEACHING_FIXTURE
SYN_REG_1128	sum_to_zero	1	0	1	-0.44619042	SYNTHETIC_TEACHING_FIXTURE
SYN_REG_1129	sum_to_zero	1	-1	-1	-0.65717686	SYNTHETIC_TEACHING_FIXTURE
SYN_REG_1130	sum_to_zero	1	1	0	-1.44757481	SYNTHETIC_TEACHING_FIXTURE
SYN_REG_1131	sum_to_zero	1	0	1	0.80306986	SYNTHETIC_TEACHING_FIXTURE
SYN_REG_1132	sum_to_zero	1	-1	-1	-2.00319238	SYNTHETIC_TEACHING_FIXTURE
SYN_REG_1133	sum_to_zero	1	1	0	1.12244493	SYNTHETIC_TEACHING_FIXTURE
SYN_REG_1134	sum_to_zero	1	0	1	-1.31909033	SYNTHETIC_TEACHING_FIXTURE
SYN_REG_1135	sum_to_zero	1	-1	-1	0.91820021	SYNTHETIC_TEACHING_FIXTURE
SYN_REG_1136	sum_to_zero	1	1	0	0.5507837	SYNTHETIC_TEACHING_FIXTURE
SYN_REG_1137	sum_to_zero	1	0	1	1.00688091	SYNTHETIC_TEACHING_FIXTURE
SYN_REG_1138	sum_to_zero	1	-1	-1	0.31048105	SYNTHETIC_TEACHING_FIXTURE
SYN_REG_1139	sum_to_zero	1	1	0	1.02636007	SYNTHETIC_TEACHING_FIXTURE
SYN_REG_1140	sum_to_zero	1	0	1	0.62568258	SYNTHETIC_TEACHING_FIXTURE
SYN_REG_1141	sum_to_zero	1	-1	-1	1.14060121	SYNTHETIC_TEACHING_FIXTURE
SYN_REG_1142	sum_to_zero	1	1	0	0.30055647	SYNTHETIC_TEACHING_FIXTURE
SYN_REG_1143	sum_to_zero	1	0	1	0.47901398	SYNTHETIC_TEACHING_FIXTURE
SYN_REG_1144	sum_to_zero	1	-1	-1	-0.35318499	SYNTHETIC_TEACHING_FIXTURE
SYN_REG_1145	sum_to_zero	1	1	0	0.51267481	SYNTHETIC_TEACHING_FIXTURE
SYN_REG_1146	sum_to_zero	1	0	1	0.67872908	SYNTHETIC_TEACHING_FIXTURE
SYN_REG_1147	sum_to_zero	1	-1	-1	-0.80975366	SYNTHETIC_TEACHING_FIXTURE
SYN_REG_1148	sum_to_zero	1	1	0	1.08779741	SYNTHETIC_TEACHING_FIXTURE
SYN_REG_1149	sum_to_zero	1	0	1	1.92915906	SYNTHETIC_TEACHING_FIXTURE
SYN_REG_1150	sum_to_zero	1	-1	-1	1.11044551	SYNTHETIC_TEACHING_FIXTURE
SYN_REG_1151	sum_to_zero	1	1	0	1.94702291	SYNTHETIC_TEACHING_FIXTURE
SYN_REG_1152	sum_to_zero	1	0	1	0.37153246	SYNTHETIC_TEACHING_FIXTURE
SYN_REG_1153	sum_to_zero	1	-1	-1	0.51594322	SYNTHETIC_TEACHING_FIXTURE
SYN_REG_1154	sum_to_zero	1	1	0	0.92539946	SYNTHETIC_TEACHING_FIXTURE
SYN_REG_1155	sum_to_zero	1	0	1	1.47755765	SYNTHETIC_TEACHING_FIXTURE
SYN_REG_1156	sum_to_zero	1	-1	-1	2.58732272	SYNTHETIC_TEACHING_FIXTURE
SYN_REG_1157	sum_to_zero	1	1	0	0.46442052	SYNTHETIC_TEACHING_FIXTURE
SYN_REG_1158	sum_to_zero	1	0	1	0.5328542	SYNTHETIC_TEACHING_FIXTURE
SYN_REG_1159	sum_to_zero	1	-1	-1	0.10644918	SYNTHETIC_TEACHING_FIXTURE
SYN_REG_1160	sum_to_zero	1	1	0	0.7560728	SYNTHETIC_TEACHING_FIXTURE
SYN_REG_1161	sum_to_zero	1	0	1	-0.60917322	SYNTHETIC_TEACHING_FIXTURE
SYN_REG_1162	sum_to_zero	1	-1	-1	0.64976696	SYNTHETIC_TEACHING_FIXTURE
SYN_REG_1163	sum_to_zero	1	1	0	0.03044425	SYNTHETIC_TEACHING_FIXTURE
SYN_REG_1164	sum_to_zero	1	0	1	0.98371758	SYNTHETIC_TEACHING_FIXTURE
SYN_REG_1165	sum_to_zero	1	-1	-1	1.13139874	SYNTHETIC_TEACHING_FIXTURE
SYN_REG_1166	sum_to_zero	1	1	0	0.80290077	SYNTHETIC_TEACHING_FIXTURE
SYN_REG_1167	sum_to_zero	1	0	1	0.00460134	SYNTHETIC_TEACHING_FIXTURE
SYN_REG_1168	sum_to_zero	1	-1	-1	1.00108013	SYNTHETIC_TEACHING_FIXTURE
SYN_REG_1169	sum_to_zero	1	1	0	0.74107552	SYNTHETIC_TEACHING_FIXTURE
SYN_REG_1170	sum_to_zero	1	0	1	0.98815569	SYNTHETIC_TEACHING_FIXTURE
SYN_REG_1171	sum_to_zero	1	-1	-1	0.61527858	SYNTHETIC_TEACHING_FIXTURE
SYN_REG_1172	sum_to_zero	1	1	0	0.36109265	SYNTHETIC_TEACHING_FIXTURE
SYN_REG_1173	sum_to_zero	1	0	1	0.43772818	SYNTHETIC_TEACHING_FIXTURE
SYN_REG_1174	sum_to_zero	1	-1	-1	-0.1314325	SYNTHETIC_TEACHING_FIXTURE
SYN_REG_1175	sum_to_zero	1	1	0	0.09430853	SYNTHETIC_TEACHING_FIXTURE
SYN_REG_1176	sum_to_zero	1	0	1	0.67920054	SYNTHETIC_TEACHING_FIXTURE
SYN_REG_1177	sum_to_zero	1	-1	-1	1.34598182	SYNTHETIC_TEACHING_FIXTURE
SYN_REG_1178	sum_to_zero	1	1	0	0.13551276	SYNTHETIC_TEACHING_FIXTURE
SYN_REG_1179	sum_to_zero	1	0	1	2.01744589	SYNTHETIC_TEACHING_FIXTURE
SYN_REG_1180	sum_to_zero	1	-1	-1	0.33338577	SYNTHETIC_TEACHING_FIXTURE
SYN_REG_1181	sum_to_zero	1	1	0	0.19573861	SYNTHETIC_TEACHING_FIXTURE
SYN_REG_1182	sum_to_zero	1	0	1	1.5171804	SYNTHETIC_TEACHING_FIXTURE
SYN_REG_1183	sum_to_zero	1	-1	-1	0.44160134	SYNTHETIC_TEACHING_FIXTURE
SYN_REG_1184	sum_to_zero	1	1	0	1.7796199	SYNTHETIC_TEACHING_FIXTURE
SYN_REG_1185	sum_to_zero	1	0	1	0.54455125	SYNTHETIC_TEACHING_FIXTURE
SYN_REG_1186	sum_to_zero	1	-1	-1	0.39123442	SYNTHETIC_TEACHING_FIXTURE
SYN_REG_1187	sum_to_zero	1	1	0	0.94604633	SYNTHETIC_TEACHING_FIXTURE
SYN_REG_1188	sum_to_zero	1	0	1	0.28336499	SYNTHETIC_TEACHING_FIXTURE
SYN_REG_1189	sum_to_zero	1	-1	-1	0.66222391	SYNTHETIC_TEACHING_FIXTURE
SYN_REG_1190	sum_to_zero	1	1	0	0.67423328	SYNTHETIC_TEACHING_FIXTURE
SYN_REG_1191	sum_to_zero	1	0	1	2.13961436	SYNTHETIC_TEACHING_FIXTURE
SYN_REG_1192	sum_to_zero	1	-1	-1	-0.32994209	SYNTHETIC_TEACHING_FIXTURE
SYN_REG_1193	sum_to_zero	1	1	0	1.52044881	SYNTHETIC_TEACHING_FIXTURE
SYN_REG_1194	sum_to_zero	1	0	1	1.12680148	SYNTHETIC_TEACHING_FIXTURE
SYN_REG_1195	sum_to_zero	1	-1	-1	1.41040309	SYNTHETIC_TEACHING_FIXTURE
SYN_REG_1196	sum_to_zero	1	1	0	0.55683314	SYNTHETIC_TEACHING_FIXTURE
SYN_REG_1197	sum_to_zero	1	0	1	0.47217678	SYNTHETIC_TEACHING_FIXTURE
SYN_REG_1198	sum_to_zero	1	-1	-1	0.74535051	SYNTHETIC_TEACHING_FIXTURE
SYN_REG_1199	sum_to_zero	1	1	0	-0.63212569	SYNTHETIC_TEACHING_FIXTURE
SYN_REG_1200	sum_to_zero	1	0	1	2.05428362	SYNTHETIC_TEACHING_FIXTURE
SYN_REG_1201	sum_to_zero	1	-1	-1	0.7245067	SYNTHETIC_TEACHING_FIXTURE
SYN_REG_1202	sum_to_zero	1	1	0	-0.01585854	SYNTHETIC_TEACHING_FIXTURE
SYN_REG_1203	sum_to_zero	1	0	1	1.09389459	SYNTHETIC_TEACHING_FIXTURE
SYN_REG_1204	sum_to_zero	1	-1	-1	0.10088115	SYNTHETIC_TEACHING_FIXTURE
SYN_REG_1205	sum_to_zero	1	1	0	-0.68770256	SYNTHETIC_TEACHING_FIXTURE
SYN_REG_1206	sum_to_zero	1	0	1	1.16023155	SYNTHETIC_TEACHING_FIXTURE
SYN_REG_1207	sum_to_zero	1	-1	-1	-0.36474875	SYNTHETIC_TEACHING_FIXTURE
SYN_REG_1208	sum_to_zero	1	1	0	0.32606318	SYNTHETIC_TEACHING_FIXTURE
SYN_REG_1209	sum_to_zero	1	0	1	0.1634862	SYNTHETIC_TEACHING_FIXTURE
SYN_REG_1210	sum_to_zero	1	-1	-1	0.30612848	SYNTHETIC_TEACHING_FIXTURE
SYN_REG_1211	sum_to_zero	1	1	0	0.84551541	SYNTHETIC_TEACHING_FIXTURE
SYN_REG_1212	sum_to_zero	1	0	1	0.82200594	SYNTHETIC_TEACHING_FIXTURE
SYN_REG_1213	sum_to_zero	1	-1	-1	1.29035123	SYNTHETIC_TEACHING_FIXTURE
SYN_REG_1214	sum_to_zero	1	1	0	2.03788587	SYNTHETIC_TEACHING_FIXTURE
SYN_REG_1215	sum_to_zero	1	0	1	-0.04059341	SYNTHETIC_TEACHING_FIXTURE
SYN_REG_1216	sum_to_zero	1	-1	-1	0.79140464	SYNTHETIC_TEACHING_FIXTURE
SYN_REG_1217	sum_to_zero	1	1	0	1.14667651	SYNTHETIC_TEACHING_FIXTURE
SYN_REG_1218	sum_to_zero	1	0	1	-0.10833879	SYNTHETIC_TEACHING_FIXTURE
SYN_REG_1219	sum_to_zero	1	-1	-1	0.16766769	SYNTHETIC_TEACHING_FIXTURE
SYN_REG_1220	sum_to_zero	1	1	0	0.33063259	SYNTHETIC_TEACHING_FIXTURE
SYN_REG_1221	sum_to_zero	1	0	1	-0.27407478	SYNTHETIC_TEACHING_FIXTURE
SYN_REG_1222	sum_to_zero	1	-1	-1	1.2970074	SYNTHETIC_TEACHING_FIXTURE
SYN_REG_1223	sum_to_zero	1	1	0	0.85726815	SYNTHETIC_TEACHING_FIXTURE
SYN_REG_1224	sum_to_zero	1	0	1	0.19197885	SYNTHETIC_TEACHING_FIXTURE
SYN_REG_1225	sum_to_zero	1	-1	-1	1.59636024	SYNTHETIC_TEACHING_FIXTURE
SYN_REG_1226	sum_to_zero	1	1	0	1.24179457	SYNTHETIC_TEACHING_FIXTURE
SYN_REG_1227	sum_to_zero	1	0	1	0.66801276	SYNTHETIC_TEACHING_FIXTURE
SYN_REG_1228	sum_to_zero	1	-1	-1	0.6420306	SYNTHETIC_TEACHING_FIXTURE
SYN_REG_1229	sum_to_zero	1	1	0	0.71933453	SYNTHETIC_TEACHING_FIXTURE
SYN_REG_1230	sum_to_zero	1	0	1	1.82868383	SYNTHETIC_TEACHING_FIXTURE
SYN_REG_1231	sum_to_zero	1	-1	-1	0.61196641	SYNTHETIC_TEACHING_FIXTURE
SYN_REG_1232	sum_to_zero	1	1	0	1.0012532	SYNTHETIC_TEACHING_FIXTURE
SYN_REG_1233	sum_to_zero	1	0	1	1.09158104	SYNTHETIC_TEACHING_FIXTURE
SYN_REG_1234	sum_to_zero	1	-1	-1	1.55605119	SYNTHETIC_TEACHING_FIXTURE
SYN_REG_1235	sum_to_zero	1	1	0	-0.41693985	SYNTHETIC_TEACHING_FIXTURE
SYN_REG_1236	sum_to_zero	1	0	1	1.06220714	SYNTHETIC_TEACHING_FIXTURE
SYN_REG_1237	sum_to_zero	1	-1	-1	0.15286934	SYNTHETIC_TEACHING_FIXTURE
SYN_REG_1238	sum_to_zero	1	1	0	0.02491402	SYNTHETIC_TEACHING_FIXTURE
SYN_REG_1239	sum_to_zero	1	0	1	0.65143796	SYNTHETIC_TEACHING_FIXTURE
SYN_REG_1240	sum_to_zero	1	-1	-1	0.86535463	SYNTHETIC_TEACHING_FIXTURE
SYN_REG_1241	sum_to_zero	1	1	0	-0.17840767	SYNTHETIC_TEACHING_FIXTURE
SYN_REG_1242	sum_to_zero	1	0	1	0.85289767	SYNTHETIC_TEACHING_FIXTURE
SYN_REG_1243	sum_to_zero	1	-1	-1	-0.04795578	SYNTHETIC_TEACHING_FIXTURE
SYN_REG_1244	sum_to_zero	1	1	0	-1.19291145	SYNTHETIC_TEACHING_FIXTURE
SYN_REG_1245	sum_to_zero	1	0	1	-0.50267243	SYNTHETIC_TEACHING_FIXTURE
SYN_REG_1246	sum_to_zero	1	-1	-1	1.32479186	SYNTHETIC_TEACHING_FIXTURE
SYN_REG_1247	sum_to_zero	1	1	0	0.18708718	SYNTHETIC_TEACHING_FIXTURE
SYN_REG_1248	sum_to_zero	1	0	1	0.2656941	SYNTHETIC_TEACHING_FIXTURE
SYN_REG_1249	sum_to_zero	1	-1	-1	-1.89275477	SYNTHETIC_TEACHING_FIXTURE
SYN_REG_1250	sum_to_zero	1	1	0	-0.40530249	SYNTHETIC_TEACHING_FIXTURE
SYN_REG_1251	sum_to_zero	1	0	1	-0.05403705	SYNTHETIC_TEACHING_FIXTURE
SYN_REG_1252	sum_to_zero	1	-1	-1	-0.48107666	SYNTHETIC_TEACHING_FIXTURE
SYN_REG_1253	sum_to_zero	1	1	0	-0.10688462	SYNTHETIC_TEACHING_FIXTURE
SYN_REG_1254	sum_to_zero	1	0	1	-0.74713867	SYNTHETIC_TEACHING_FIXTURE
SYN_REG_1255	sum_to_zero	1	-1	-1	0.45434077	SYNTHETIC_TEACHING_FIXTURE
SYN_REG_1256	sum_to_zero	1	1	0	-0.18551542	SYNTHETIC_TEACHING_FIXTURE
SYN_REG_1257	sum_to_zero	1	0	1	-1.33018462	SYNTHETIC_TEACHING_FIXTURE
SYN_REG_1258	sum_to_zero	1	-1	-1	-1.68303154	SYNTHETIC_TEACHING_FIXTURE
SYN_REG_1259	sum_to_zero	1	1	0	-0.83782856	SYNTHETIC_TEACHING_FIXTURE
SYN_REG_1260	sum_to_zero	1	0	1	-0.51276411	SYNTHETIC_TEACHING_FIXTURE
SYN_REG_1261	sum_to_zero	1	-1	-1	-1.8817878	SYNTHETIC_TEACHING_FIXTURE
SYN_REG_1262	sum_to_zero	1	1	0	-0.16363916	SYNTHETIC_TEACHING_FIXTURE
SYN_REG_1263	sum_to_zero	1	0	1	-1.07546556	SYNTHETIC_TEACHING_FIXTURE
SYN_REG_1264	sum_to_zero	1	-1	-1	-0.92179862	SYNTHETIC_TEACHING_FIXTURE
SYN_REG_1265	sum_to_zero	1	1	0	-2.17118422	SYNTHETIC_TEACHING_FIXTURE
SYN_REG_1266	sum_to_zero	1	0	1	-0.62256713	SYNTHETIC_TEACHING_FIXTURE
SYN_REG_1267	sum_to_zero	1	-1	-1	-1.08637484	SYNTHETIC_TEACHING_FIXTURE
SYN_REG_1268	sum_to_zero	1	1	0	-0.94849494	SYNTHETIC_TEACHING_FIXTURE
SYN_REG_1269	sum_to_zero	1	0	1	-0.30025785	SYNTHETIC_TEACHING_FIXTURE
SYN_REG_1270	sum_to_zero	1	-1	-1	-1.09560318	SYNTHETIC_TEACHING_FIXTURE
SYN_REG_1271	sum_to_zero	1	1	0	0.01491185	SYNTHETIC_TEACHING_FIXTURE
SYN_REG_1272	sum_to_zero	1	0	1	-0.12866539	SYNTHETIC_TEACHING_FIXTURE
SYN_REG_1273	sum_to_zero	1	-1	-1	-0.36716376	SYNTHETIC_TEACHING_FIXTURE
SYN_REG_1274	sum_to_zero	1	1	0	-0.73522479	SYNTHETIC_TEACHING_FIXTURE
SYN_REG_1275	sum_to_zero	1	0	1	-2.24342939	SYNTHETIC_TEACHING_FIXTURE
SYN_REG_1276	sum_to_zero	1	-1	-1	-0.7037482	SYNTHETIC_TEACHING_FIXTURE
SYN_REG_1277	sum_to_zero	1	1	0	-0.58237943	SYNTHETIC_TEACHING_FIXTURE
SYN_REG_1278	sum_to_zero	1	0	1	-0.39055784	SYNTHETIC_TEACHING_FIXTURE
SYN_REG_1279	sum_to_zero	1	-1	-1	-0.70570965	SYNTHETIC_TEACHING_FIXTURE
SYN_REG_1280	sum_to_zero	1	1	0	-0.08012465	SYNTHETIC_TEACHING_FIXTURE
SYN_REG_1281	sum_to_zero	1	0	1	-0.10266135	SYNTHETIC_TEACHING_FIXTURE
SYN_REG_1282	sum_to_zero	1	-1	-1	-1.33856949	SYNTHETIC_TEACHING_FIXTURE
SYN_REG_1283	sum_to_zero	1	1	0	-0.31483142	SYNTHETIC_TEACHING_FIXTURE
SYN_REG_1284	sum_to_zero	1	0	1	0.14266029	SYNTHETIC_TEACHING_FIXTURE
SYN_REG_1285	sum_to_zero	1	-1	-1	-0.91915684	SYNTHETIC_TEACHING_FIXTURE
SYN_REG_1286	sum_to_zero	1	1	0	-0.15786026	SYNTHETIC_TEACHING_FIXTURE
SYN_REG_1287	sum_to_zero	1	0	1	0.5567854	SYNTHETIC_TEACHING_FIXTURE
SYN_REG_1288	sum_to_zero	1	-1	-1	-0.40811933	SYNTHETIC_TEACHING_FIXTURE
SYN_REG_1289	sum_to_zero	1	1	0	-0.59044402	SYNTHETIC_TEACHING_FIXTURE
SYN_REG_1290	sum_to_zero	1	0	1	-0.99395626	SYNTHETIC_TEACHING_FIXTURE
SYN_REG_1291	sum_to_zero	1	-1	-1	-0.63795829	SYNTHETIC_TEACHING_FIXTURE
SYN_REG_1292	sum_to_zero	1	1	0	-0.52841786	SYNTHETIC_TEACHING_FIXTURE
SYN_REG_1293	sum_to_zero	1	0	1	-0.85624743	SYNTHETIC_TEACHING_FIXTURE
SYN_REG_1294	sum_to_zero	1	-1	-1	-1.82839119	SYNTHETIC_TEACHING_FIXTURE
SYN_REG_1295	sum_to_zero	1	1	0	-0.10904698	SYNTHETIC_TEACHING_FIXTURE
SYN_REG_1296	sum_to_zero	1	0	1	-0.36279328	SYNTHETIC_TEACHING_FIXTURE
SYN_REG_0001	custom_A_vs_BASE_B_vs_mean	1	-1	-0.5	-0.38280159	SYNTHETIC_TEACHING_FIXTURE
SYN_REG_0002	custom_A_vs_BASE_B_vs_mean	1	1	-0.5	-0.95231836	SYNTHETIC_TEACHING_FIXTURE
SYN_REG_0003	custom_A_vs_BASE_B_vs_mean	1	0	1	0.07418881	SYNTHETIC_TEACHING_FIXTURE
SYN_REG_0004	custom_A_vs_BASE_B_vs_mean	1	-1	-0.5	0.04513717	SYNTHETIC_TEACHING_FIXTURE
SYN_REG_0005	custom_A_vs_BASE_B_vs_mean	1	1	-0.5	-0.486772	SYNTHETIC_TEACHING_FIXTURE
SYN_REG_0006	custom_A_vs_BASE_B_vs_mean	1	0	1	-0.3377799	SYNTHETIC_TEACHING_FIXTURE
SYN_REG_0007	custom_A_vs_BASE_B_vs_mean	1	-1	-0.5	0.2192262	SYNTHETIC_TEACHING_FIXTURE
SYN_REG_0008	custom_A_vs_BASE_B_vs_mean	1	1	-0.5	-0.00688285	SYNTHETIC_TEACHING_FIXTURE
SYN_REG_0009	custom_A_vs_BASE_B_vs_mean	1	0	1	0.75109559	SYNTHETIC_TEACHING_FIXTURE
SYN_REG_0010	custom_A_vs_BASE_B_vs_mean	1	-1	-0.5	0.06342077	SYNTHETIC_TEACHING_FIXTURE
SYN_REG_0011	custom_A_vs_BASE_B_vs_mean	1	1	-0.5	-0.65232497	SYNTHETIC_TEACHING_FIXTURE
SYN_REG_0012	custom_A_vs_BASE_B_vs_mean	1	0	1	-0.48723551	SYNTHETIC_TEACHING_FIXTURE
SYN_REG_0013	custom_A_vs_BASE_B_vs_mean	1	-1	-0.5	-0.78002169	SYNTHETIC_TEACHING_FIXTURE
SYN_REG_0014	custom_A_vs_BASE_B_vs_mean	1	1	-0.5	0.40952001	SYNTHETIC_TEACHING_FIXTURE
SYN_REG_0015	custom_A_vs_BASE_B_vs_mean	1	0	1	-1.46492542	SYNTHETIC_TEACHING_FIXTURE
SYN_REG_0016	custom_A_vs_BASE_B_vs_mean	1	-1	-0.5	-0.03321313	SYNTHETIC_TEACHING_FIXTURE
SYN_REG_0017	custom_A_vs_BASE_B_vs_mean	1	1	-0.5	-0.45138844	SYNTHETIC_TEACHING_FIXTURE
SYN_REG_0018	custom_A_vs_BASE_B_vs_mean	1	0	1	0.01108843	SYNTHETIC_TEACHING_FIXTURE
SYN_REG_0019	custom_A_vs_BASE_B_vs_mean	1	-1	-0.5	-1.24966201	SYNTHETIC_TEACHING_FIXTURE
SYN_REG_0020	custom_A_vs_BASE_B_vs_mean	1	1	-0.5	-0.24219038	SYNTHETIC_TEACHING_FIXTURE
SYN_REG_0021	custom_A_vs_BASE_B_vs_mean	1	0	1	-0.38830596	SYNTHETIC_TEACHING_FIXTURE
SYN_REG_0022	custom_A_vs_BASE_B_vs_mean	1	-1	-0.5	0.31225948	SYNTHETIC_TEACHING_FIXTURE
SYN_REG_0023	custom_A_vs_BASE_B_vs_mean	1	1	-0.5	-0.34668398	SYNTHETIC_TEACHING_FIXTURE
SYN_REG_0024	custom_A_vs_BASE_B_vs_mean	1	0	1	-2.10734382	SYNTHETIC_TEACHING_FIXTURE
SYN_REG_0025	custom_A_vs_BASE_B_vs_mean	1	-1	-0.5	0.98765041	SYNTHETIC_TEACHING_FIXTURE
SYN_REG_0026	custom_A_vs_BASE_B_vs_mean	1	1	-0.5	-0.46590233	SYNTHETIC_TEACHING_FIXTURE
SYN_REG_0027	custom_A_vs_BASE_B_vs_mean	1	0	1	-0.52809162	SYNTHETIC_TEACHING_FIXTURE
SYN_REG_0028	custom_A_vs_BASE_B_vs_mean	1	-1	-0.5	-0.65406958	SYNTHETIC_TEACHING_FIXTURE
SYN_REG_0029	custom_A_vs_BASE_B_vs_mean	1	1	-0.5	-0.57804675	SYNTHETIC_TEACHING_FIXTURE
SYN_REG_0030	custom_A_vs_BASE_B_vs_mean	1	0	1	-0.02308365	SYNTHETIC_TEACHING_FIXTURE
SYN_REG_0031	custom_A_vs_BASE_B_vs_mean	1	-1	-0.5	-1.45882625	SYNTHETIC_TEACHING_FIXTURE
SYN_REG_0032	custom_A_vs_BASE_B_vs_mean	1	1	-0.5	-0.83279366	SYNTHETIC_TEACHING_FIXTURE
SYN_REG_0033	custom_A_vs_BASE_B_vs_mean	1	0	1	-0.11310713	SYNTHETIC_TEACHING_FIXTURE
SYN_REG_0034	custom_A_vs_BASE_B_vs_mean	1	-1	-0.5	-1.52153474	SYNTHETIC_TEACHING_FIXTURE
SYN_REG_0035	custom_A_vs_BASE_B_vs_mean	1	1	-0.5	1.03507716	SYNTHETIC_TEACHING_FIXTURE
SYN_REG_0036	custom_A_vs_BASE_B_vs_mean	1	0	1	-0.20965549	SYNTHETIC_TEACHING_FIXTURE
SYN_REG_0037	custom_A_vs_BASE_B_vs_mean	1	-1	-0.5	-0.77766238	SYNTHETIC_TEACHING_FIXTURE
SYN_REG_0038	custom_A_vs_BASE_B_vs_mean	1	1	-0.5	-0.69178658	SYNTHETIC_TEACHING_FIXTURE
SYN_REG_0039	custom_A_vs_BASE_B_vs_mean	1	0	1	0.87533292	SYNTHETIC_TEACHING_FIXTURE
SYN_REG_0040	custom_A_vs_BASE_B_vs_mean	1	-1	-0.5	-0.47294045	SYNTHETIC_TEACHING_FIXTURE
SYN_REG_0041	custom_A_vs_BASE_B_vs_mean	1	1	-0.5	-0.12704611	SYNTHETIC_TEACHING_FIXTURE
SYN_REG_0042	custom_A_vs_BASE_B_vs_mean	1	0	1	0.27295104	SYNTHETIC_TEACHING_FIXTURE
SYN_REG_0043	custom_A_vs_BASE_B_vs_mean	1	-1	-0.5	0.55366221	SYNTHETIC_TEACHING_FIXTURE
SYN_REG_0044	custom_A_vs_BASE_B_vs_mean	1	1	-0.5	-0.83327109	SYNTHETIC_TEACHING_FIXTURE
SYN_REG_0045	custom_A_vs_BASE_B_vs_mean	1	0	1	0.2209529	SYNTHETIC_TEACHING_FIXTURE
SYN_REG_0046	custom_A_vs_BASE_B_vs_mean	1	-1	-0.5	0.0036067	SYNTHETIC_TEACHING_FIXTURE
SYN_REG_0047	custom_A_vs_BASE_B_vs_mean	1	1	-0.5	0.03681198	SYNTHETIC_TEACHING_FIXTURE
SYN_REG_0048	custom_A_vs_BASE_B_vs_mean	1	0	1	1.1584392	SYNTHETIC_TEACHING_FIXTURE
SYN_REG_0049	custom_A_vs_BASE_B_vs_mean	1	-1	-0.5	-0.82734697	SYNTHETIC_TEACHING_FIXTURE
SYN_REG_0050	custom_A_vs_BASE_B_vs_mean	1	1	-0.5	-1.1013582	SYNTHETIC_TEACHING_FIXTURE
SYN_REG_0051	custom_A_vs_BASE_B_vs_mean	1	0	1	0.63769792	SYNTHETIC_TEACHING_FIXTURE
SYN_REG_0052	custom_A_vs_BASE_B_vs_mean	1	-1	-0.5	-0.19218751	SYNTHETIC_TEACHING_FIXTURE
SYN_REG_0053	custom_A_vs_BASE_B_vs_mean	1	1	-0.5	-0.53410127	SYNTHETIC_TEACHING_FIXTURE
SYN_REG_0054	custom_A_vs_BASE_B_vs_mean	1	0	1	-0.98968723	SYNTHETIC_TEACHING_FIXTURE
SYN_REG_0055	custom_A_vs_BASE_B_vs_mean	1	-1	-0.5	0.39589534	SYNTHETIC_TEACHING_FIXTURE
SYN_REG_0056	custom_A_vs_BASE_B_vs_mean	1	1	-0.5	0.0267203	SYNTHETIC_TEACHING_FIXTURE
SYN_REG_0057	custom_A_vs_BASE_B_vs_mean	1	0	1	-0.28944406	SYNTHETIC_TEACHING_FIXTURE
SYN_REG_0058	custom_A_vs_BASE_B_vs_mean	1	-1	-0.5	-1.36787178	SYNTHETIC_TEACHING_FIXTURE
SYN_REG_0059	custom_A_vs_BASE_B_vs_mean	1	1	-0.5	-0.63943236	SYNTHETIC_TEACHING_FIXTURE
SYN_REG_0060	custom_A_vs_BASE_B_vs_mean	1	0	1	0.36943177	SYNTHETIC_TEACHING_FIXTURE
SYN_REG_0061	custom_A_vs_BASE_B_vs_mean	1	-1	-0.5	-0.20342502	SYNTHETIC_TEACHING_FIXTURE
SYN_REG_0062	custom_A_vs_BASE_B_vs_mean	1	1	-0.5	-1.71305793	SYNTHETIC_TEACHING_FIXTURE
SYN_REG_0063	custom_A_vs_BASE_B_vs_mean	1	0	1	-0.5680227	SYNTHETIC_TEACHING_FIXTURE
SYN_REG_0064	custom_A_vs_BASE_B_vs_mean	1	-1	-0.5	0.45973375	SYNTHETIC_TEACHING_FIXTURE
SYN_REG_0065	custom_A_vs_BASE_B_vs_mean	1	1	-0.5	-0.7191135	SYNTHETIC_TEACHING_FIXTURE
SYN_REG_0066	custom_A_vs_BASE_B_vs_mean	1	0	1	-0.00046141	SYNTHETIC_TEACHING_FIXTURE
SYN_REG_0067	custom_A_vs_BASE_B_vs_mean	1	-1	-0.5	-0.81530379	SYNTHETIC_TEACHING_FIXTURE
SYN_REG_0068	custom_A_vs_BASE_B_vs_mean	1	1	-0.5	-1.36282295	SYNTHETIC_TEACHING_FIXTURE
SYN_REG_0069	custom_A_vs_BASE_B_vs_mean	1	0	1	0.00608337	SYNTHETIC_TEACHING_FIXTURE
SYN_REG_0070	custom_A_vs_BASE_B_vs_mean	1	-1	-0.5	-0.43247424	SYNTHETIC_TEACHING_FIXTURE
SYN_REG_0071	custom_A_vs_BASE_B_vs_mean	1	1	-0.5	-0.20771394	SYNTHETIC_TEACHING_FIXTURE
SYN_REG_0072	custom_A_vs_BASE_B_vs_mean	1	0	1	0.09665589	SYNTHETIC_TEACHING_FIXTURE
SYN_REG_0073	custom_A_vs_BASE_B_vs_mean	1	-1	-0.5	-0.82351162	SYNTHETIC_TEACHING_FIXTURE
SYN_REG_0074	custom_A_vs_BASE_B_vs_mean	1	1	-0.5	-0.06305452	SYNTHETIC_TEACHING_FIXTURE
SYN_REG_0075	custom_A_vs_BASE_B_vs_mean	1	0	1	0.35539134	SYNTHETIC_TEACHING_FIXTURE
SYN_REG_0076	custom_A_vs_BASE_B_vs_mean	1	-1	-0.5	-0.59878513	SYNTHETIC_TEACHING_FIXTURE
SYN_REG_0077	custom_A_vs_BASE_B_vs_mean	1	1	-0.5	0.84335503	SYNTHETIC_TEACHING_FIXTURE
SYN_REG_0078	custom_A_vs_BASE_B_vs_mean	1	0	1	0.225395	SYNTHETIC_TEACHING_FIXTURE
SYN_REG_0079	custom_A_vs_BASE_B_vs_mean	1	-1	-0.5	0.05281386	SYNTHETIC_TEACHING_FIXTURE
SYN_REG_0080	custom_A_vs_BASE_B_vs_mean	1	1	-0.5	-0.68783982	SYNTHETIC_TEACHING_FIXTURE
SYN_REG_0081	custom_A_vs_BASE_B_vs_mean	1	0	1	0.7377713	SYNTHETIC_TEACHING_FIXTURE
SYN_REG_0082	custom_A_vs_BASE_B_vs_mean	1	-1	-0.5	-0.49437707	SYNTHETIC_TEACHING_FIXTURE
SYN_REG_0083	custom_A_vs_BASE_B_vs_mean	1	1	-0.5	-0.5707162	SYNTHETIC_TEACHING_FIXTURE
SYN_REG_0084	custom_A_vs_BASE_B_vs_mean	1	0	1	0.18400974	SYNTHETIC_TEACHING_FIXTURE
SYN_REG_0085	custom_A_vs_BASE_B_vs_mean	1	-1	-0.5	0.3858872	SYNTHETIC_TEACHING_FIXTURE
SYN_REG_0086	custom_A_vs_BASE_B_vs_mean	1	1	-0.5	-1.82389141	SYNTHETIC_TEACHING_FIXTURE
SYN_REG_0087	custom_A_vs_BASE_B_vs_mean	1	0	1	-0.5900581	SYNTHETIC_TEACHING_FIXTURE
SYN_REG_0088	custom_A_vs_BASE_B_vs_mean	1	-1	-0.5	-0.61679221	SYNTHETIC_TEACHING_FIXTURE
SYN_REG_0089	custom_A_vs_BASE_B_vs_mean	1	1	-0.5	-1.45144199	SYNTHETIC_TEACHING_FIXTURE
SYN_REG_0090	custom_A_vs_BASE_B_vs_mean	1	0	1	0.15063934	SYNTHETIC_TEACHING_FIXTURE
SYN_REG_0091	custom_A_vs_BASE_B_vs_mean	1	-1	-0.5	0.45713175	SYNTHETIC_TEACHING_FIXTURE
SYN_REG_0092	custom_A_vs_BASE_B_vs_mean	1	1	-0.5	-0.31136209	SYNTHETIC_TEACHING_FIXTURE
SYN_REG_0093	custom_A_vs_BASE_B_vs_mean	1	0	1	-0.5119863	SYNTHETIC_TEACHING_FIXTURE
SYN_REG_0094	custom_A_vs_BASE_B_vs_mean	1	-1	-0.5	-2.18358945	SYNTHETIC_TEACHING_FIXTURE
SYN_REG_0095	custom_A_vs_BASE_B_vs_mean	1	1	-0.5	-0.75276638	SYNTHETIC_TEACHING_FIXTURE
SYN_REG_0096	custom_A_vs_BASE_B_vs_mean	1	0	1	1.12904938	SYNTHETIC_TEACHING_FIXTURE
SYN_REG_0097	custom_A_vs_BASE_B_vs_mean	1	-1	-0.5	-0.23575502	SYNTHETIC_TEACHING_FIXTURE
SYN_REG_0098	custom_A_vs_BASE_B_vs_mean	1	1	-0.5	-0.48587881	SYNTHETIC_TEACHING_FIXTURE
SYN_REG_0099	custom_A_vs_BASE_B_vs_mean	1	0	1	-1.1255301	SYNTHETIC_TEACHING_FIXTURE
SYN_REG_0100	custom_A_vs_BASE_B_vs_mean	1	-1	-0.5	-0.45788349	SYNTHETIC_TEACHING_FIXTURE
SYN_REG_0101	custom_A_vs_BASE_B_vs_mean	1	1	-0.5	-0.19090441	SYNTHETIC_TEACHING_FIXTURE
SYN_REG_0102	custom_A_vs_BASE_B_vs_mean	1	0	1	0.45193572	SYNTHETIC_TEACHING_FIXTURE
SYN_REG_0103	custom_A_vs_BASE_B_vs_mean	1	-1	-0.5	0.2593204	SYNTHETIC_TEACHING_FIXTURE
SYN_REG_0104	custom_A_vs_BASE_B_vs_mean	1	1	-0.5	-0.29934278	SYNTHETIC_TEACHING_FIXTURE
SYN_REG_0105	custom_A_vs_BASE_B_vs_mean	1	0	1	0.2526702	SYNTHETIC_TEACHING_FIXTURE
SYN_REG_0106	custom_A_vs_BASE_B_vs_mean	1	-1	-0.5	-0.12510655	SYNTHETIC_TEACHING_FIXTURE
SYN_REG_0107	custom_A_vs_BASE_B_vs_mean	1	1	-0.5	-0.17221102	SYNTHETIC_TEACHING_FIXTURE
SYN_REG_0108	custom_A_vs_BASE_B_vs_mean	1	0	1	0.97452903	SYNTHETIC_TEACHING_FIXTURE
SYN_REG_0109	custom_A_vs_BASE_B_vs_mean	1	-1	-0.5	-0.36167927	SYNTHETIC_TEACHING_FIXTURE
SYN_REG_0110	custom_A_vs_BASE_B_vs_mean	1	1	-0.5	-0.25680373	SYNTHETIC_TEACHING_FIXTURE
SYN_REG_0111	custom_A_vs_BASE_B_vs_mean	1	0	1	1.41714282	SYNTHETIC_TEACHING_FIXTURE
SYN_REG_0112	custom_A_vs_BASE_B_vs_mean	1	-1	-0.5	-0.24643553	SYNTHETIC_TEACHING_FIXTURE
SYN_REG_0113	custom_A_vs_BASE_B_vs_mean	1	1	-0.5	-0.36885863	SYNTHETIC_TEACHING_FIXTURE
SYN_REG_0114	custom_A_vs_BASE_B_vs_mean	1	0	1	-0.61101133	SYNTHETIC_TEACHING_FIXTURE
SYN_REG_0115	custom_A_vs_BASE_B_vs_mean	1	-1	-0.5	0.28449491	SYNTHETIC_TEACHING_FIXTURE
SYN_REG_0116	custom_A_vs_BASE_B_vs_mean	1	1	-0.5	0.31251212	SYNTHETIC_TEACHING_FIXTURE
SYN_REG_0117	custom_A_vs_BASE_B_vs_mean	1	0	1	0.52582603	SYNTHETIC_TEACHING_FIXTURE
SYN_REG_0118	custom_A_vs_BASE_B_vs_mean	1	-1	-0.5	0.62290752	SYNTHETIC_TEACHING_FIXTURE
SYN_REG_0119	custom_A_vs_BASE_B_vs_mean	1	1	-0.5	-0.08243223	SYNTHETIC_TEACHING_FIXTURE
SYN_REG_0120	custom_A_vs_BASE_B_vs_mean	1	0	1	1.03311571	SYNTHETIC_TEACHING_FIXTURE
SYN_REG_0121	custom_A_vs_BASE_B_vs_mean	1	-1	-0.5	-0.43980877	SYNTHETIC_TEACHING_FIXTURE
SYN_REG_0122	custom_A_vs_BASE_B_vs_mean	1	1	-0.5	-0.14803912	SYNTHETIC_TEACHING_FIXTURE
SYN_REG_0123	custom_A_vs_BASE_B_vs_mean	1	0	1	-0.88262148	SYNTHETIC_TEACHING_FIXTURE
SYN_REG_0124	custom_A_vs_BASE_B_vs_mean	1	-1	-0.5	-0.40364342	SYNTHETIC_TEACHING_FIXTURE
SYN_REG_0125	custom_A_vs_BASE_B_vs_mean	1	1	-0.5	-0.61829413	SYNTHETIC_TEACHING_FIXTURE
SYN_REG_0126	custom_A_vs_BASE_B_vs_mean	1	0	1	1.04526234	SYNTHETIC_TEACHING_FIXTURE
SYN_REG_0127	custom_A_vs_BASE_B_vs_mean	1	-1	-0.5	0.49806544	SYNTHETIC_TEACHING_FIXTURE
SYN_REG_0128	custom_A_vs_BASE_B_vs_mean	1	1	-0.5	0.36307995	SYNTHETIC_TEACHING_FIXTURE
SYN_REG_0129	custom_A_vs_BASE_B_vs_mean	1	0	1	1.51624742	SYNTHETIC_TEACHING_FIXTURE
SYN_REG_0130	custom_A_vs_BASE_B_vs_mean	1	-1	-0.5	0.24477071	SYNTHETIC_TEACHING_FIXTURE
SYN_REG_0131	custom_A_vs_BASE_B_vs_mean	1	1	-0.5	0.50837595	SYNTHETIC_TEACHING_FIXTURE
SYN_REG_0132	custom_A_vs_BASE_B_vs_mean	1	0	1	1.21084116	SYNTHETIC_TEACHING_FIXTURE
SYN_REG_0133	custom_A_vs_BASE_B_vs_mean	1	-1	-0.5	-0.82236379	SYNTHETIC_TEACHING_FIXTURE
SYN_REG_0134	custom_A_vs_BASE_B_vs_mean	1	1	-0.5	0.40493071	SYNTHETIC_TEACHING_FIXTURE
SYN_REG_0135	custom_A_vs_BASE_B_vs_mean	1	0	1	1.17399348	SYNTHETIC_TEACHING_FIXTURE
SYN_REG_0136	custom_A_vs_BASE_B_vs_mean	1	-1	-0.5	0.11765288	SYNTHETIC_TEACHING_FIXTURE
SYN_REG_0137	custom_A_vs_BASE_B_vs_mean	1	1	-0.5	0.37522459	SYNTHETIC_TEACHING_FIXTURE
SYN_REG_0138	custom_A_vs_BASE_B_vs_mean	1	0	1	-0.49732322	SYNTHETIC_TEACHING_FIXTURE
SYN_REG_0139	custom_A_vs_BASE_B_vs_mean	1	-1	-0.5	-0.38497589	SYNTHETIC_TEACHING_FIXTURE
SYN_REG_0140	custom_A_vs_BASE_B_vs_mean	1	1	-0.5	-0.43401992	SYNTHETIC_TEACHING_FIXTURE
SYN_REG_0141	custom_A_vs_BASE_B_vs_mean	1	0	1	0.66868116	SYNTHETIC_TEACHING_FIXTURE
SYN_REG_0142	custom_A_vs_BASE_B_vs_mean	1	-1	-0.5	-0.45880453	SYNTHETIC_TEACHING_FIXTURE
SYN_REG_0143	custom_A_vs_BASE_B_vs_mean	1	1	-0.5	-0.20752695	SYNTHETIC_TEACHING_FIXTURE
SYN_REG_0144	custom_A_vs_BASE_B_vs_mean	1	0	1	0.83097765	SYNTHETIC_TEACHING_FIXTURE
SYN_REG_0145	custom_A_vs_BASE_B_vs_mean	1	-1	-0.5	0.04706878	SYNTHETIC_TEACHING_FIXTURE
SYN_REG_0146	custom_A_vs_BASE_B_vs_mean	1	1	-0.5	-1.94579132	SYNTHETIC_TEACHING_FIXTURE
SYN_REG_0147	custom_A_vs_BASE_B_vs_mean	1	0	1	0.28523891	SYNTHETIC_TEACHING_FIXTURE
SYN_REG_0148	custom_A_vs_BASE_B_vs_mean	1	-1	-0.5	-0.26148653	SYNTHETIC_TEACHING_FIXTURE
SYN_REG_0149	custom_A_vs_BASE_B_vs_mean	1	1	-0.5	0.56496338	SYNTHETIC_TEACHING_FIXTURE
SYN_REG_0150	custom_A_vs_BASE_B_vs_mean	1	0	1	-0.06260892	SYNTHETIC_TEACHING_FIXTURE
SYN_REG_0151	custom_A_vs_BASE_B_vs_mean	1	-1	-0.5	-0.01328837	SYNTHETIC_TEACHING_FIXTURE
SYN_REG_0152	custom_A_vs_BASE_B_vs_mean	1	1	-0.5	-1.11581042	SYNTHETIC_TEACHING_FIXTURE
SYN_REG_0153	custom_A_vs_BASE_B_vs_mean	1	0	1	-0.71283927	SYNTHETIC_TEACHING_FIXTURE
SYN_REG_0154	custom_A_vs_BASE_B_vs_mean	1	-1	-0.5	-0.75841199	SYNTHETIC_TEACHING_FIXTURE
SYN_REG_0155	custom_A_vs_BASE_B_vs_mean	1	1	-0.5	0.21800477	SYNTHETIC_TEACHING_FIXTURE
SYN_REG_0156	custom_A_vs_BASE_B_vs_mean	1	0	1	1.59583506	SYNTHETIC_TEACHING_FIXTURE
SYN_REG_0157	custom_A_vs_BASE_B_vs_mean	1	-1	-0.5	-0.7715831	SYNTHETIC_TEACHING_FIXTURE
SYN_REG_0158	custom_A_vs_BASE_B_vs_mean	1	1	-0.5	-0.02225809	SYNTHETIC_TEACHING_FIXTURE
SYN_REG_0159	custom_A_vs_BASE_B_vs_mean	1	0	1	-0.19421659	SYNTHETIC_TEACHING_FIXTURE
SYN_REG_0160	custom_A_vs_BASE_B_vs_mean	1	-1	-0.5	0.37889484	SYNTHETIC_TEACHING_FIXTURE
SYN_REG_0161	custom_A_vs_BASE_B_vs_mean	1	1	-0.5	0.11472663	SYNTHETIC_TEACHING_FIXTURE
SYN_REG_0162	custom_A_vs_BASE_B_vs_mean	1	0	1	-0.08790278	SYNTHETIC_TEACHING_FIXTURE
SYN_REG_0163	custom_A_vs_BASE_B_vs_mean	1	-1	-0.5	-0.51035508	SYNTHETIC_TEACHING_FIXTURE
SYN_REG_0164	custom_A_vs_BASE_B_vs_mean	1	1	-0.5	0.31673937	SYNTHETIC_TEACHING_FIXTURE
SYN_REG_0165	custom_A_vs_BASE_B_vs_mean	1	0	1	0.69855239	SYNTHETIC_TEACHING_FIXTURE
SYN_REG_0166	custom_A_vs_BASE_B_vs_mean	1	-1	-0.5	1.49186664	SYNTHETIC_TEACHING_FIXTURE
SYN_REG_0167	custom_A_vs_BASE_B_vs_mean	1	1	-0.5	1.26955715	SYNTHETIC_TEACHING_FIXTURE
SYN_REG_0168	custom_A_vs_BASE_B_vs_mean	1	0	1	0.0082139	SYNTHETIC_TEACHING_FIXTURE
SYN_REG_0169	custom_A_vs_BASE_B_vs_mean	1	-1	-0.5	0.18974885	SYNTHETIC_TEACHING_FIXTURE
SYN_REG_0170	custom_A_vs_BASE_B_vs_mean	1	1	-0.5	0.71753024	SYNTHETIC_TEACHING_FIXTURE
SYN_REG_0171	custom_A_vs_BASE_B_vs_mean	1	0	1	0.8124255	SYNTHETIC_TEACHING_FIXTURE
SYN_REG_0172	custom_A_vs_BASE_B_vs_mean	1	-1	-0.5	1.12238724	SYNTHETIC_TEACHING_FIXTURE
SYN_REG_0173	custom_A_vs_BASE_B_vs_mean	1	1	-0.5	1.58372226	SYNTHETIC_TEACHING_FIXTURE
SYN_REG_0174	custom_A_vs_BASE_B_vs_mean	1	0	1	1.35437464	SYNTHETIC_TEACHING_FIXTURE
SYN_REG_0175	custom_A_vs_BASE_B_vs_mean	1	-1	-0.5	0.21496712	SYNTHETIC_TEACHING_FIXTURE
SYN_REG_0176	custom_A_vs_BASE_B_vs_mean	1	1	-0.5	0.60824444	SYNTHETIC_TEACHING_FIXTURE
SYN_REG_0177	custom_A_vs_BASE_B_vs_mean	1	0	1	0.83586137	SYNTHETIC_TEACHING_FIXTURE
SYN_REG_0178	custom_A_vs_BASE_B_vs_mean	1	-1	-0.5	0.76100824	SYNTHETIC_TEACHING_FIXTURE
SYN_REG_0179	custom_A_vs_BASE_B_vs_mean	1	1	-0.5	1.83613573	SYNTHETIC_TEACHING_FIXTURE
SYN_REG_0180	custom_A_vs_BASE_B_vs_mean	1	0	1	-0.21272298	SYNTHETIC_TEACHING_FIXTURE
SYN_REG_0181	custom_A_vs_BASE_B_vs_mean	1	-1	-0.5	0.78927212	SYNTHETIC_TEACHING_FIXTURE
SYN_REG_0182	custom_A_vs_BASE_B_vs_mean	1	1	-0.5	1.28101349	SYNTHETIC_TEACHING_FIXTURE
SYN_REG_0183	custom_A_vs_BASE_B_vs_mean	1	0	1	1.59366673	SYNTHETIC_TEACHING_FIXTURE
SYN_REG_0184	custom_A_vs_BASE_B_vs_mean	1	-1	-0.5	0.41561719	SYNTHETIC_TEACHING_FIXTURE
SYN_REG_0185	custom_A_vs_BASE_B_vs_mean	1	1	-0.5	0.63324787	SYNTHETIC_TEACHING_FIXTURE
SYN_REG_0186	custom_A_vs_BASE_B_vs_mean	1	0	1	0.99338356	SYNTHETIC_TEACHING_FIXTURE
SYN_REG_0187	custom_A_vs_BASE_B_vs_mean	1	-1	-0.5	1.21019067	SYNTHETIC_TEACHING_FIXTURE
SYN_REG_0188	custom_A_vs_BASE_B_vs_mean	1	1	-0.5	-0.14617714	SYNTHETIC_TEACHING_FIXTURE
SYN_REG_0189	custom_A_vs_BASE_B_vs_mean	1	0	1	0.4164328	SYNTHETIC_TEACHING_FIXTURE
SYN_REG_0190	custom_A_vs_BASE_B_vs_mean	1	-1	-0.5	1.29422836	SYNTHETIC_TEACHING_FIXTURE
SYN_REG_0191	custom_A_vs_BASE_B_vs_mean	1	1	-0.5	0.83106518	SYNTHETIC_TEACHING_FIXTURE
SYN_REG_0192	custom_A_vs_BASE_B_vs_mean	1	0	1	1.01660856	SYNTHETIC_TEACHING_FIXTURE
SYN_REG_0193	custom_A_vs_BASE_B_vs_mean	1	-1	-0.5	0.72523677	SYNTHETIC_TEACHING_FIXTURE
SYN_REG_0194	custom_A_vs_BASE_B_vs_mean	1	1	-0.5	0.85848759	SYNTHETIC_TEACHING_FIXTURE
SYN_REG_0195	custom_A_vs_BASE_B_vs_mean	1	0	1	1.35881475	SYNTHETIC_TEACHING_FIXTURE
SYN_REG_0196	custom_A_vs_BASE_B_vs_mean	1	-1	-0.5	0.68488793	SYNTHETIC_TEACHING_FIXTURE
SYN_REG_0197	custom_A_vs_BASE_B_vs_mean	1	1	-0.5	0.62307064	SYNTHETIC_TEACHING_FIXTURE
SYN_REG_0198	custom_A_vs_BASE_B_vs_mean	1	0	1	0.94494824	SYNTHETIC_TEACHING_FIXTURE
SYN_REG_0199	custom_A_vs_BASE_B_vs_mean	1	-1	-0.5	0.60880741	SYNTHETIC_TEACHING_FIXTURE
SYN_REG_0200	custom_A_vs_BASE_B_vs_mean	1	1	-0.5	1.32751521	SYNTHETIC_TEACHING_FIXTURE
SYN_REG_0201	custom_A_vs_BASE_B_vs_mean	1	0	1	0.58394124	SYNTHETIC_TEACHING_FIXTURE
SYN_REG_0202	custom_A_vs_BASE_B_vs_mean	1	-1	-0.5	1.82347189	SYNTHETIC_TEACHING_FIXTURE
SYN_REG_0203	custom_A_vs_BASE_B_vs_mean	1	1	-0.5	0.93872176	SYNTHETIC_TEACHING_FIXTURE
SYN_REG_0204	custom_A_vs_BASE_B_vs_mean	1	0	1	0.64281239	SYNTHETIC_TEACHING_FIXTURE
SYN_REG_0205	custom_A_vs_BASE_B_vs_mean	1	-1	-0.5	0.05660545	SYNTHETIC_TEACHING_FIXTURE
SYN_REG_0206	custom_A_vs_BASE_B_vs_mean	1	1	-0.5	-0.17569825	SYNTHETIC_TEACHING_FIXTURE
SYN_REG_0207	custom_A_vs_BASE_B_vs_mean	1	0	1	0.98259363	SYNTHETIC_TEACHING_FIXTURE
SYN_REG_0208	custom_A_vs_BASE_B_vs_mean	1	-1	-0.5	1.75053445	SYNTHETIC_TEACHING_FIXTURE
SYN_REG_0209	custom_A_vs_BASE_B_vs_mean	1	1	-0.5	0.73332523	SYNTHETIC_TEACHING_FIXTURE
SYN_REG_0210	custom_A_vs_BASE_B_vs_mean	1	0	1	1.11980315	SYNTHETIC_TEACHING_FIXTURE
SYN_REG_0211	custom_A_vs_BASE_B_vs_mean	1	-1	-0.5	1.61164796	SYNTHETIC_TEACHING_FIXTURE
SYN_REG_0212	custom_A_vs_BASE_B_vs_mean	1	1	-0.5	1.21819558	SYNTHETIC_TEACHING_FIXTURE
SYN_REG_0213	custom_A_vs_BASE_B_vs_mean	1	0	1	1.05294698	SYNTHETIC_TEACHING_FIXTURE
SYN_REG_0214	custom_A_vs_BASE_B_vs_mean	1	-1	-0.5	0.74316428	SYNTHETIC_TEACHING_FIXTURE
SYN_REG_0215	custom_A_vs_BASE_B_vs_mean	1	1	-0.5	1.94280561	SYNTHETIC_TEACHING_FIXTURE
SYN_REG_0216	custom_A_vs_BASE_B_vs_mean	1	0	1	1.11694453	SYNTHETIC_TEACHING_FIXTURE
SYN_REG_0217	custom_A_vs_BASE_B_vs_mean	1	-1	-0.5	-0.49215901	SYNTHETIC_TEACHING_FIXTURE
SYN_REG_0218	custom_A_vs_BASE_B_vs_mean	1	1	-0.5	1.86693794	SYNTHETIC_TEACHING_FIXTURE
SYN_REG_0219	custom_A_vs_BASE_B_vs_mean	1	0	1	0.60835982	SYNTHETIC_TEACHING_FIXTURE
SYN_REG_0220	custom_A_vs_BASE_B_vs_mean	1	-1	-0.5	0.5834837	SYNTHETIC_TEACHING_FIXTURE
SYN_REG_0221	custom_A_vs_BASE_B_vs_mean	1	1	-0.5	-0.48611554	SYNTHETIC_TEACHING_FIXTURE
SYN_REG_0222	custom_A_vs_BASE_B_vs_mean	1	0	1	0.82511918	SYNTHETIC_TEACHING_FIXTURE
SYN_REG_0223	custom_A_vs_BASE_B_vs_mean	1	-1	-0.5	-1.41455055	SYNTHETIC_TEACHING_FIXTURE
SYN_REG_0224	custom_A_vs_BASE_B_vs_mean	1	1	-0.5	-0.6845734	SYNTHETIC_TEACHING_FIXTURE
SYN_REG_0225	custom_A_vs_BASE_B_vs_mean	1	0	1	1.18434179	SYNTHETIC_TEACHING_FIXTURE
SYN_REG_0226	custom_A_vs_BASE_B_vs_mean	1	-1	-0.5	0.77390881	SYNTHETIC_TEACHING_FIXTURE
SYN_REG_0227	custom_A_vs_BASE_B_vs_mean	1	1	-0.5	0.3850517	SYNTHETIC_TEACHING_FIXTURE
SYN_REG_0228	custom_A_vs_BASE_B_vs_mean	1	0	1	0.70551292	SYNTHETIC_TEACHING_FIXTURE
SYN_REG_0229	custom_A_vs_BASE_B_vs_mean	1	-1	-0.5	0.04913167	SYNTHETIC_TEACHING_FIXTURE
SYN_REG_0230	custom_A_vs_BASE_B_vs_mean	1	1	-0.5	0.00989883	SYNTHETIC_TEACHING_FIXTURE
SYN_REG_0231	custom_A_vs_BASE_B_vs_mean	1	0	1	0.34939759	SYNTHETIC_TEACHING_FIXTURE
SYN_REG_0232	custom_A_vs_BASE_B_vs_mean	1	-1	-0.5	-0.21129268	SYNTHETIC_TEACHING_FIXTURE
SYN_REG_0233	custom_A_vs_BASE_B_vs_mean	1	1	-0.5	0.24455388	SYNTHETIC_TEACHING_FIXTURE
SYN_REG_0234	custom_A_vs_BASE_B_vs_mean	1	0	1	0.58075042	SYNTHETIC_TEACHING_FIXTURE
SYN_REG_0235	custom_A_vs_BASE_B_vs_mean	1	-1	-0.5	-1.50926478	SYNTHETIC_TEACHING_FIXTURE
SYN_REG_0236	custom_A_vs_BASE_B_vs_mean	1	1	-0.5	-0.23002386	SYNTHETIC_TEACHING_FIXTURE
SYN_REG_0237	custom_A_vs_BASE_B_vs_mean	1	0	1	1.30590949	SYNTHETIC_TEACHING_FIXTURE
SYN_REG_0238	custom_A_vs_BASE_B_vs_mean	1	-1	-0.5	-0.27956324	SYNTHETIC_TEACHING_FIXTURE
SYN_REG_0239	custom_A_vs_BASE_B_vs_mean	1	1	-0.5	1.29074113	SYNTHETIC_TEACHING_FIXTURE
SYN_REG_0240	custom_A_vs_BASE_B_vs_mean	1	0	1	0.08079725	SYNTHETIC_TEACHING_FIXTURE
SYN_REG_0241	custom_A_vs_BASE_B_vs_mean	1	-1	-0.5	-0.74128816	SYNTHETIC_TEACHING_FIXTURE
SYN_REG_0242	custom_A_vs_BASE_B_vs_mean	1	1	-0.5	0.54117939	SYNTHETIC_TEACHING_FIXTURE
SYN_REG_0243	custom_A_vs_BASE_B_vs_mean	1	0	1	-0.01476244	SYNTHETIC_TEACHING_FIXTURE
SYN_REG_0244	custom_A_vs_BASE_B_vs_mean	1	-1	-0.5	0.12555634	SYNTHETIC_TEACHING_FIXTURE
SYN_REG_0245	custom_A_vs_BASE_B_vs_mean	1	1	-0.5	-1.09500639	SYNTHETIC_TEACHING_FIXTURE
SYN_REG_0246	custom_A_vs_BASE_B_vs_mean	1	0	1	0.3741643	SYNTHETIC_TEACHING_FIXTURE
SYN_REG_0247	custom_A_vs_BASE_B_vs_mean	1	-1	-0.5	-0.61663506	SYNTHETIC_TEACHING_FIXTURE
SYN_REG_0248	custom_A_vs_BASE_B_vs_mean	1	1	-0.5	-1.3456832	SYNTHETIC_TEACHING_FIXTURE
SYN_REG_0249	custom_A_vs_BASE_B_vs_mean	1	0	1	0.04883925	SYNTHETIC_TEACHING_FIXTURE
SYN_REG_0250	custom_A_vs_BASE_B_vs_mean	1	-1	-0.5	0.02755381	SYNTHETIC_TEACHING_FIXTURE
SYN_REG_0251	custom_A_vs_BASE_B_vs_mean	1	1	-0.5	0.62951794	SYNTHETIC_TEACHING_FIXTURE
SYN_REG_0252	custom_A_vs_BASE_B_vs_mean	1	0	1	-0.03101695	SYNTHETIC_TEACHING_FIXTURE
SYN_REG_0253	custom_A_vs_BASE_B_vs_mean	1	-1	-0.5	0.16024962	SYNTHETIC_TEACHING_FIXTURE
SYN_REG_0254	custom_A_vs_BASE_B_vs_mean	1	1	-0.5	-0.41017029	SYNTHETIC_TEACHING_FIXTURE
SYN_REG_0255	custom_A_vs_BASE_B_vs_mean	1	0	1	0.59611373	SYNTHETIC_TEACHING_FIXTURE
SYN_REG_0256	custom_A_vs_BASE_B_vs_mean	1	-1	-0.5	-0.21667968	SYNTHETIC_TEACHING_FIXTURE
SYN_REG_0257	custom_A_vs_BASE_B_vs_mean	1	1	-0.5	0.26019172	SYNTHETIC_TEACHING_FIXTURE
SYN_REG_0258	custom_A_vs_BASE_B_vs_mean	1	0	1	0.75576048	SYNTHETIC_TEACHING_FIXTURE
SYN_REG_0259	custom_A_vs_BASE_B_vs_mean	1	-1	-0.5	0.85545988	SYNTHETIC_TEACHING_FIXTURE
SYN_REG_0260	custom_A_vs_BASE_B_vs_mean	1	1	-0.5	0.56241112	SYNTHETIC_TEACHING_FIXTURE
SYN_REG_0261	custom_A_vs_BASE_B_vs_mean	1	0	1	1.40106336	SYNTHETIC_TEACHING_FIXTURE
SYN_REG_0262	custom_A_vs_BASE_B_vs_mean	1	-1	-0.5	-0.80177063	SYNTHETIC_TEACHING_FIXTURE
SYN_REG_0263	custom_A_vs_BASE_B_vs_mean	1	1	-0.5	-0.67995228	SYNTHETIC_TEACHING_FIXTURE
SYN_REG_0264	custom_A_vs_BASE_B_vs_mean	1	0	1	-0.69266983	SYNTHETIC_TEACHING_FIXTURE
SYN_REG_0265	custom_A_vs_BASE_B_vs_mean	1	-1	-0.5	0.67858585	SYNTHETIC_TEACHING_FIXTURE
SYN_REG_0266	custom_A_vs_BASE_B_vs_mean	1	1	-0.5	-0.15567005	SYNTHETIC_TEACHING_FIXTURE
SYN_REG_0267	custom_A_vs_BASE_B_vs_mean	1	0	1	0.41203646	SYNTHETIC_TEACHING_FIXTURE
SYN_REG_0268	custom_A_vs_BASE_B_vs_mean	1	-1	-0.5	0.92093747	SYNTHETIC_TEACHING_FIXTURE
SYN_REG_0269	custom_A_vs_BASE_B_vs_mean	1	1	-0.5	-0.10891768	SYNTHETIC_TEACHING_FIXTURE
SYN_REG_0270	custom_A_vs_BASE_B_vs_mean	1	0	1	1.22763279	SYNTHETIC_TEACHING_FIXTURE
SYN_REG_0271	custom_A_vs_BASE_B_vs_mean	1	-1	-0.5	0.45736052	SYNTHETIC_TEACHING_FIXTURE
SYN_REG_0272	custom_A_vs_BASE_B_vs_mean	1	1	-0.5	0.24571165	SYNTHETIC_TEACHING_FIXTURE
SYN_REG_0273	custom_A_vs_BASE_B_vs_mean	1	0	1	1.13632025	SYNTHETIC_TEACHING_FIXTURE
SYN_REG_0274	custom_A_vs_BASE_B_vs_mean	1	-1	-0.5	0.91813655	SYNTHETIC_TEACHING_FIXTURE
SYN_REG_0275	custom_A_vs_BASE_B_vs_mean	1	1	-0.5	0.75594549	SYNTHETIC_TEACHING_FIXTURE
SYN_REG_0276	custom_A_vs_BASE_B_vs_mean	1	0	1	1.29329538	SYNTHETIC_TEACHING_FIXTURE
SYN_REG_0277	custom_A_vs_BASE_B_vs_mean	1	-1	-0.5	0.06866654	SYNTHETIC_TEACHING_FIXTURE
SYN_REG_0278	custom_A_vs_BASE_B_vs_mean	1	1	-0.5	0.95301085	SYNTHETIC_TEACHING_FIXTURE
SYN_REG_0279	custom_A_vs_BASE_B_vs_mean	1	0	1	2.01022276	SYNTHETIC_TEACHING_FIXTURE
SYN_REG_0280	custom_A_vs_BASE_B_vs_mean	1	-1	-0.5	0.10738216	SYNTHETIC_TEACHING_FIXTURE
SYN_REG_0281	custom_A_vs_BASE_B_vs_mean	1	1	-0.5	0.87408564	SYNTHETIC_TEACHING_FIXTURE
SYN_REG_0282	custom_A_vs_BASE_B_vs_mean	1	0	1	0.22319683	SYNTHETIC_TEACHING_FIXTURE
SYN_REG_0283	custom_A_vs_BASE_B_vs_mean	1	-1	-0.5	-0.00857971	SYNTHETIC_TEACHING_FIXTURE
SYN_REG_0284	custom_A_vs_BASE_B_vs_mean	1	1	-0.5	0.12478052	SYNTHETIC_TEACHING_FIXTURE
SYN_REG_0285	custom_A_vs_BASE_B_vs_mean	1	0	1	0.77915855	SYNTHETIC_TEACHING_FIXTURE
SYN_REG_0286	custom_A_vs_BASE_B_vs_mean	1	-1	-0.5	0.23751974	SYNTHETIC_TEACHING_FIXTURE
SYN_REG_0287	custom_A_vs_BASE_B_vs_mean	1	1	-0.5	0.32232331	SYNTHETIC_TEACHING_FIXTURE
SYN_REG_0288	custom_A_vs_BASE_B_vs_mean	1	0	1	1.06555114	SYNTHETIC_TEACHING_FIXTURE
SYN_REG_0289	custom_A_vs_BASE_B_vs_mean	1	-1	-0.5	1.6806824	SYNTHETIC_TEACHING_FIXTURE
SYN_REG_0290	custom_A_vs_BASE_B_vs_mean	1	1	-0.5	0.47996088	SYNTHETIC_TEACHING_FIXTURE
SYN_REG_0291	custom_A_vs_BASE_B_vs_mean	1	0	1	0.18499842	SYNTHETIC_TEACHING_FIXTURE
SYN_REG_0292	custom_A_vs_BASE_B_vs_mean	1	-1	-0.5	0.3364831	SYNTHETIC_TEACHING_FIXTURE
SYN_REG_0293	custom_A_vs_BASE_B_vs_mean	1	1	-0.5	-0.53210004	SYNTHETIC_TEACHING_FIXTURE
SYN_REG_0294	custom_A_vs_BASE_B_vs_mean	1	0	1	0.08356435	SYNTHETIC_TEACHING_FIXTURE
SYN_REG_0295	custom_A_vs_BASE_B_vs_mean	1	-1	-0.5	1.0838407	SYNTHETIC_TEACHING_FIXTURE
SYN_REG_0296	custom_A_vs_BASE_B_vs_mean	1	1	-0.5	1.6145384	SYNTHETIC_TEACHING_FIXTURE
SYN_REG_0297	custom_A_vs_BASE_B_vs_mean	1	0	1	0.65853576	SYNTHETIC_TEACHING_FIXTURE
SYN_REG_0298	custom_A_vs_BASE_B_vs_mean	1	-1	-0.5	0.09987059	SYNTHETIC_TEACHING_FIXTURE
SYN_REG_0299	custom_A_vs_BASE_B_vs_mean	1	1	-0.5	0.28729783	SYNTHETIC_TEACHING_FIXTURE
SYN_REG_0300	custom_A_vs_BASE_B_vs_mean	1	0	1	0.09213821	SYNTHETIC_TEACHING_FIXTURE
SYN_REG_0301	custom_A_vs_BASE_B_vs_mean	1	-1	-0.5	0.95116081	SYNTHETIC_TEACHING_FIXTURE
SYN_REG_0302	custom_A_vs_BASE_B_vs_mean	1	1	-0.5	0.99951257	SYNTHETIC_TEACHING_FIXTURE
SYN_REG_0303	custom_A_vs_BASE_B_vs_mean	1	0	1	0.50224495	SYNTHETIC_TEACHING_FIXTURE
SYN_REG_0304	custom_A_vs_BASE_B_vs_mean	1	-1	-0.5	-0.38019959	SYNTHETIC_TEACHING_FIXTURE
SYN_REG_0305	custom_A_vs_BASE_B_vs_mean	1	1	-0.5	0.78061073	SYNTHETIC_TEACHING_FIXTURE
SYN_REG_0306	custom_A_vs_BASE_B_vs_mean	1	0	1	1.37745045	SYNTHETIC_TEACHING_FIXTURE
SYN_REG_0307	custom_A_vs_BASE_B_vs_mean	1	-1	-0.5	1.42661782	SYNTHETIC_TEACHING_FIXTURE
SYN_REG_0308	custom_A_vs_BASE_B_vs_mean	1	1	-0.5	0.44041771	SYNTHETIC_TEACHING_FIXTURE
SYN_REG_0309	custom_A_vs_BASE_B_vs_mean	1	0	1	0.46898197	SYNTHETIC_TEACHING_FIXTURE
SYN_REG_0310	custom_A_vs_BASE_B_vs_mean	1	-1	-0.5	0.91934803	SYNTHETIC_TEACHING_FIXTURE
SYN_REG_0311	custom_A_vs_BASE_B_vs_mean	1	1	-0.5	0.44972561	SYNTHETIC_TEACHING_FIXTURE
SYN_REG_0312	custom_A_vs_BASE_B_vs_mean	1	0	1	0.06860885	SYNTHETIC_TEACHING_FIXTURE
SYN_REG_0313	custom_A_vs_BASE_B_vs_mean	1	-1	-0.5	0.9925023	SYNTHETIC_TEACHING_FIXTURE
SYN_REG_0314	custom_A_vs_BASE_B_vs_mean	1	1	-0.5	1.01183226	SYNTHETIC_TEACHING_FIXTURE
SYN_REG_0315	custom_A_vs_BASE_B_vs_mean	1	0	1	1.57138864	SYNTHETIC_TEACHING_FIXTURE
SYN_REG_0316	custom_A_vs_BASE_B_vs_mean	1	-1	-0.5	-0.26779855	SYNTHETIC_TEACHING_FIXTURE
SYN_REG_0317	custom_A_vs_BASE_B_vs_mean	1	1	-0.5	-0.28550724	SYNTHETIC_TEACHING_FIXTURE
SYN_REG_0318	custom_A_vs_BASE_B_vs_mean	1	0	1	1.33550421	SYNTHETIC_TEACHING_FIXTURE
SYN_REG_0319	custom_A_vs_BASE_B_vs_mean	1	-1	-0.5	1.50032114	SYNTHETIC_TEACHING_FIXTURE
SYN_REG_0320	custom_A_vs_BASE_B_vs_mean	1	1	-0.5	0.0419364	SYNTHETIC_TEACHING_FIXTURE
SYN_REG_0321	custom_A_vs_BASE_B_vs_mean	1	0	1	1.47993884	SYNTHETIC_TEACHING_FIXTURE
SYN_REG_0322	custom_A_vs_BASE_B_vs_mean	1	-1	-0.5	0.14254889	SYNTHETIC_TEACHING_FIXTURE
SYN_REG_0323	custom_A_vs_BASE_B_vs_mean	1	1	-0.5	0.89115974	SYNTHETIC_TEACHING_FIXTURE
SYN_REG_0324	custom_A_vs_BASE_B_vs_mean	1	0	1	-0.24864564	SYNTHETIC_TEACHING_FIXTURE
SYN_REG_0325	custom_A_vs_BASE_B_vs_mean	1	-1	-0.5	-0.84876371	SYNTHETIC_TEACHING_FIXTURE
SYN_REG_0326	custom_A_vs_BASE_B_vs_mean	1	1	-0.5	-1.37395703	SYNTHETIC_TEACHING_FIXTURE
SYN_REG_0327	custom_A_vs_BASE_B_vs_mean	1	0	1	0.75735789	SYNTHETIC_TEACHING_FIXTURE
SYN_REG_0328	custom_A_vs_BASE_B_vs_mean	1	-1	-0.5	0.30113336	SYNTHETIC_TEACHING_FIXTURE
SYN_REG_0329	custom_A_vs_BASE_B_vs_mean	1	1	-0.5	1.14538745	SYNTHETIC_TEACHING_FIXTURE
SYN_REG_0330	custom_A_vs_BASE_B_vs_mean	1	0	1	0.55936551	SYNTHETIC_TEACHING_FIXTURE
SYN_REG_0331	custom_A_vs_BASE_B_vs_mean	1	-1	-0.5	0.65258579	SYNTHETIC_TEACHING_FIXTURE
SYN_REG_0332	custom_A_vs_BASE_B_vs_mean	1	1	-0.5	0.53864901	SYNTHETIC_TEACHING_FIXTURE
SYN_REG_0333	custom_A_vs_BASE_B_vs_mean	1	0	1	-0.32858539	SYNTHETIC_TEACHING_FIXTURE
SYN_REG_0334	custom_A_vs_BASE_B_vs_mean	1	-1	-0.5	0.07034152	SYNTHETIC_TEACHING_FIXTURE
SYN_REG_0335	custom_A_vs_BASE_B_vs_mean	1	1	-0.5	-0.66663595	SYNTHETIC_TEACHING_FIXTURE
SYN_REG_0336	custom_A_vs_BASE_B_vs_mean	1	0	1	0.28543386	SYNTHETIC_TEACHING_FIXTURE
SYN_REG_0337	custom_A_vs_BASE_B_vs_mean	1	-1	-0.5	0.61431178	SYNTHETIC_TEACHING_FIXTURE
SYN_REG_0338	custom_A_vs_BASE_B_vs_mean	1	1	-0.5	-0.90724694	SYNTHETIC_TEACHING_FIXTURE
SYN_REG_0339	custom_A_vs_BASE_B_vs_mean	1	0	1	0.65387087	SYNTHETIC_TEACHING_FIXTURE
SYN_REG_0340	custom_A_vs_BASE_B_vs_mean	1	-1	-0.5	0.09143201	SYNTHETIC_TEACHING_FIXTURE
SYN_REG_0341	custom_A_vs_BASE_B_vs_mean	1	1	-0.5	-0.31338719	SYNTHETIC_TEACHING_FIXTURE
SYN_REG_0342	custom_A_vs_BASE_B_vs_mean	1	0	1	2.14994674	SYNTHETIC_TEACHING_FIXTURE
SYN_REG_0343	custom_A_vs_BASE_B_vs_mean	1	-1	-0.5	-0.86535839	SYNTHETIC_TEACHING_FIXTURE
SYN_REG_0344	custom_A_vs_BASE_B_vs_mean	1	1	-0.5	0.66256806	SYNTHETIC_TEACHING_FIXTURE
SYN_REG_0345	custom_A_vs_BASE_B_vs_mean	1	0	1	0.80152616	SYNTHETIC_TEACHING_FIXTURE
SYN_REG_0346	custom_A_vs_BASE_B_vs_mean	1	-1	-0.5	1.11613688	SYNTHETIC_TEACHING_FIXTURE
SYN_REG_0347	custom_A_vs_BASE_B_vs_mean	1	1	-0.5	-0.98668141	SYNTHETIC_TEACHING_FIXTURE
SYN_REG_0348	custom_A_vs_BASE_B_vs_mean	1	0	1	0.49890492	SYNTHETIC_TEACHING_FIXTURE
SYN_REG_0349	custom_A_vs_BASE_B_vs_mean	1	-1	-0.5	-0.0628914	SYNTHETIC_TEACHING_FIXTURE
SYN_REG_0350	custom_A_vs_BASE_B_vs_mean	1	1	-0.5	-0.27007828	SYNTHETIC_TEACHING_FIXTURE
SYN_REG_0351	custom_A_vs_BASE_B_vs_mean	1	0	1	0.50093997	SYNTHETIC_TEACHING_FIXTURE
SYN_REG_0352	custom_A_vs_BASE_B_vs_mean	1	-1	-0.5	0.38522477	SYNTHETIC_TEACHING_FIXTURE
SYN_REG_0353	custom_A_vs_BASE_B_vs_mean	1	1	-0.5	-0.73653772	SYNTHETIC_TEACHING_FIXTURE
SYN_REG_0354	custom_A_vs_BASE_B_vs_mean	1	0	1	2.59838319	SYNTHETIC_TEACHING_FIXTURE
SYN_REG_0355	custom_A_vs_BASE_B_vs_mean	1	-1	-0.5	0.54242867	SYNTHETIC_TEACHING_FIXTURE
SYN_REG_0356	custom_A_vs_BASE_B_vs_mean	1	1	-0.5	0.36583314	SYNTHETIC_TEACHING_FIXTURE
SYN_REG_0357	custom_A_vs_BASE_B_vs_mean	1	0	1	0.70322126	SYNTHETIC_TEACHING_FIXTURE
SYN_REG_0358	custom_A_vs_BASE_B_vs_mean	1	-1	-0.5	-0.10985463	SYNTHETIC_TEACHING_FIXTURE
SYN_REG_0359	custom_A_vs_BASE_B_vs_mean	1	1	-0.5	0.54890979	SYNTHETIC_TEACHING_FIXTURE
SYN_REG_0360	custom_A_vs_BASE_B_vs_mean	1	0	1	0.37056765	SYNTHETIC_TEACHING_FIXTURE
SYN_REG_0361	custom_A_vs_BASE_B_vs_mean	1	-1	-0.5	-0.98350252	SYNTHETIC_TEACHING_FIXTURE
SYN_REG_0362	custom_A_vs_BASE_B_vs_mean	1	1	-0.5	-0.72179109	SYNTHETIC_TEACHING_FIXTURE
SYN_REG_0363	custom_A_vs_BASE_B_vs_mean	1	0	1	0.00404434	SYNTHETIC_TEACHING_FIXTURE
SYN_REG_0364	custom_A_vs_BASE_B_vs_mean	1	-1	-0.5	-0.45577881	SYNTHETIC_TEACHING_FIXTURE
SYN_REG_0365	custom_A_vs_BASE_B_vs_mean	1	1	-0.5	1.57971184	SYNTHETIC_TEACHING_FIXTURE
SYN_REG_0366	custom_A_vs_BASE_B_vs_mean	1	0	1	1.05528639	SYNTHETIC_TEACHING_FIXTURE
SYN_REG_0367	custom_A_vs_BASE_B_vs_mean	1	-1	-0.5	0.30789497	SYNTHETIC_TEACHING_FIXTURE
SYN_REG_0368	custom_A_vs_BASE_B_vs_mean	1	1	-0.5	0.60500587	SYNTHETIC_TEACHING_FIXTURE
SYN_REG_0369	custom_A_vs_BASE_B_vs_mean	1	0	1	0.66412767	SYNTHETIC_TEACHING_FIXTURE
SYN_REG_0370	custom_A_vs_BASE_B_vs_mean	1	-1	-0.5	-0.47396294	SYNTHETIC_TEACHING_FIXTURE
SYN_REG_0371	custom_A_vs_BASE_B_vs_mean	1	1	-0.5	-0.86683246	SYNTHETIC_TEACHING_FIXTURE
SYN_REG_0372	custom_A_vs_BASE_B_vs_mean	1	0	1	0.11107031	SYNTHETIC_TEACHING_FIXTURE
SYN_REG_0373	custom_A_vs_BASE_B_vs_mean	1	-1	-0.5	-0.83696919	SYNTHETIC_TEACHING_FIXTURE
SYN_REG_0374	custom_A_vs_BASE_B_vs_mean	1	1	-0.5	-0.50659332	SYNTHETIC_TEACHING_FIXTURE
SYN_REG_0375	custom_A_vs_BASE_B_vs_mean	1	0	1	0.97545207	SYNTHETIC_TEACHING_FIXTURE
SYN_REG_0376	custom_A_vs_BASE_B_vs_mean	1	-1	-0.5	-0.16072882	SYNTHETIC_TEACHING_FIXTURE
SYN_REG_0377	custom_A_vs_BASE_B_vs_mean	1	1	-0.5	0.71567423	SYNTHETIC_TEACHING_FIXTURE
SYN_REG_0378	custom_A_vs_BASE_B_vs_mean	1	0	1	0.17583175	SYNTHETIC_TEACHING_FIXTURE
SYN_REG_0379	custom_A_vs_BASE_B_vs_mean	1	-1	-0.5	-1.17352578	SYNTHETIC_TEACHING_FIXTURE
SYN_REG_0380	custom_A_vs_BASE_B_vs_mean	1	1	-0.5	-1.65921572	SYNTHETIC_TEACHING_FIXTURE
SYN_REG_0381	custom_A_vs_BASE_B_vs_mean	1	0	1	0.16272629	SYNTHETIC_TEACHING_FIXTURE
SYN_REG_0382	custom_A_vs_BASE_B_vs_mean	1	-1	-0.5	-0.96977043	SYNTHETIC_TEACHING_FIXTURE
SYN_REG_0383	custom_A_vs_BASE_B_vs_mean	1	1	-0.5	-1.59843087	SYNTHETIC_TEACHING_FIXTURE
SYN_REG_0384	custom_A_vs_BASE_B_vs_mean	1	0	1	-0.75146737	SYNTHETIC_TEACHING_FIXTURE
SYN_REG_0385	custom_A_vs_BASE_B_vs_mean	1	-1	-0.5	-1.08594118	SYNTHETIC_TEACHING_FIXTURE
SYN_REG_0386	custom_A_vs_BASE_B_vs_mean	1	1	-0.5	-0.58287277	SYNTHETIC_TEACHING_FIXTURE
SYN_REG_0387	custom_A_vs_BASE_B_vs_mean	1	0	1	-0.00908698	SYNTHETIC_TEACHING_FIXTURE
SYN_REG_0388	custom_A_vs_BASE_B_vs_mean	1	-1	-0.5	-1.54440366	SYNTHETIC_TEACHING_FIXTURE
SYN_REG_0389	custom_A_vs_BASE_B_vs_mean	1	1	-0.5	-1.30428203	SYNTHETIC_TEACHING_FIXTURE
SYN_REG_0390	custom_A_vs_BASE_B_vs_mean	1	0	1	-1.12791129	SYNTHETIC_TEACHING_FIXTURE
SYN_REG_0391	custom_A_vs_BASE_B_vs_mean	1	-1	-0.5	0.17762212	SYNTHETIC_TEACHING_FIXTURE
SYN_REG_0392	custom_A_vs_BASE_B_vs_mean	1	1	-0.5	-0.57519211	SYNTHETIC_TEACHING_FIXTURE
SYN_REG_0393	custom_A_vs_BASE_B_vs_mean	1	0	1	-0.95219701	SYNTHETIC_TEACHING_FIXTURE
SYN_REG_0394	custom_A_vs_BASE_B_vs_mean	1	-1	-0.5	-1.59924648	SYNTHETIC_TEACHING_FIXTURE
SYN_REG_0395	custom_A_vs_BASE_B_vs_mean	1	1	-0.5	-1.05889872	SYNTHETIC_TEACHING_FIXTURE
SYN_REG_0396	custom_A_vs_BASE_B_vs_mean	1	0	1	-1.75403539	SYNTHETIC_TEACHING_FIXTURE
SYN_REG_0397	custom_A_vs_BASE_B_vs_mean	1	-1	-0.5	-0.39687982	SYNTHETIC_TEACHING_FIXTURE
SYN_REG_0398	custom_A_vs_BASE_B_vs_mean	1	1	-0.5	0.49995925	SYNTHETIC_TEACHING_FIXTURE
SYN_REG_0399	custom_A_vs_BASE_B_vs_mean	1	0	1	0.27092992	SYNTHETIC_TEACHING_FIXTURE
SYN_REG_0400	custom_A_vs_BASE_B_vs_mean	1	-1	-0.5	0.41904076	SYNTHETIC_TEACHING_FIXTURE
SYN_REG_0401	custom_A_vs_BASE_B_vs_mean	1	1	-0.5	-1.28595069	SYNTHETIC_TEACHING_FIXTURE
SYN_REG_0402	custom_A_vs_BASE_B_vs_mean	1	0	1	-0.92416588	SYNTHETIC_TEACHING_FIXTURE
SYN_REG_0403	custom_A_vs_BASE_B_vs_mean	1	-1	-0.5	-0.51174161	SYNTHETIC_TEACHING_FIXTURE
SYN_REG_0404	custom_A_vs_BASE_B_vs_mean	1	1	-0.5	0.26519678	SYNTHETIC_TEACHING_FIXTURE
SYN_REG_0405	custom_A_vs_BASE_B_vs_mean	1	0	1	0.31330784	SYNTHETIC_TEACHING_FIXTURE
SYN_REG_0406	custom_A_vs_BASE_B_vs_mean	1	-1	-0.5	0.2751512	SYNTHETIC_TEACHING_FIXTURE
SYN_REG_0407	custom_A_vs_BASE_B_vs_mean	1	1	-0.5	-0.07457054	SYNTHETIC_TEACHING_FIXTURE
SYN_REG_0408	custom_A_vs_BASE_B_vs_mean	1	0	1	-2.24855977	SYNTHETIC_TEACHING_FIXTURE
SYN_REG_0409	custom_A_vs_BASE_B_vs_mean	1	-1	-0.5	-0.75439561	SYNTHETIC_TEACHING_FIXTURE
SYN_REG_0410	custom_A_vs_BASE_B_vs_mean	1	1	-0.5	-0.74142741	SYNTHETIC_TEACHING_FIXTURE
SYN_REG_0411	custom_A_vs_BASE_B_vs_mean	1	0	1	-1.07180924	SYNTHETIC_TEACHING_FIXTURE
SYN_REG_0412	custom_A_vs_BASE_B_vs_mean	1	-1	-0.5	-1.29095178	SYNTHETIC_TEACHING_FIXTURE
SYN_REG_0413	custom_A_vs_BASE_B_vs_mean	1	1	-0.5	-0.86597706	SYNTHETIC_TEACHING_FIXTURE
SYN_REG_0414	custom_A_vs_BASE_B_vs_mean	1	0	1	-0.02307171	SYNTHETIC_TEACHING_FIXTURE
SYN_REG_0415	custom_A_vs_BASE_B_vs_mean	1	-1	-0.5	-0.39253321	SYNTHETIC_TEACHING_FIXTURE
SYN_REG_0416	custom_A_vs_BASE_B_vs_mean	1	1	-0.5	-1.61188645	SYNTHETIC_TEACHING_FIXTURE
SYN_REG_0417	custom_A_vs_BASE_B_vs_mean	1	0	1	-1.49623889	SYNTHETIC_TEACHING_FIXTURE
SYN_REG_0418	custom_A_vs_BASE_B_vs_mean	1	-1	-0.5	-0.56986677	SYNTHETIC_TEACHING_FIXTURE
SYN_REG_0419	custom_A_vs_BASE_B_vs_mean	1	1	-0.5	-1.30736743	SYNTHETIC_TEACHING_FIXTURE
SYN_REG_0420	custom_A_vs_BASE_B_vs_mean	1	0	1	0.17337697	SYNTHETIC_TEACHING_FIXTURE
SYN_REG_0421	custom_A_vs_BASE_B_vs_mean	1	-1	-0.5	-1.0678406	SYNTHETIC_TEACHING_FIXTURE
SYN_REG_0422	custom_A_vs_BASE_B_vs_mean	1	1	-0.5	0.02279542	SYNTHETIC_TEACHING_FIXTURE
SYN_REG_0423	custom_A_vs_BASE_B_vs_mean	1	0	1	-0.64540223	SYNTHETIC_TEACHING_FIXTURE
SYN_REG_0424	custom_A_vs_BASE_B_vs_mean	1	-1	-0.5	-1.20499242	SYNTHETIC_TEACHING_FIXTURE
SYN_REG_0425	custom_A_vs_BASE_B_vs_mean	1	1	-0.5	-1.5715217	SYNTHETIC_TEACHING_FIXTURE
SYN_REG_0426	custom_A_vs_BASE_B_vs_mean	1	0	1	0.0227994	SYNTHETIC_TEACHING_FIXTURE
SYN_REG_0427	custom_A_vs_BASE_B_vs_mean	1	-1	-0.5	-0.45142823	SYNTHETIC_TEACHING_FIXTURE
SYN_REG_0428	custom_A_vs_BASE_B_vs_mean	1	1	-0.5	-0.99150545	SYNTHETIC_TEACHING_FIXTURE
SYN_REG_0429	custom_A_vs_BASE_B_vs_mean	1	0	1	-0.69873319	SYNTHETIC_TEACHING_FIXTURE
SYN_REG_0430	custom_A_vs_BASE_B_vs_mean	1	-1	-0.5	-0.97759631	SYNTHETIC_TEACHING_FIXTURE
SYN_REG_0431	custom_A_vs_BASE_B_vs_mean	1	1	-0.5	-1.21138402	SYNTHETIC_TEACHING_FIXTURE
SYN_REG_0432	custom_A_vs_BASE_B_vs_mean	1	0	1	-0.84776309	SYNTHETIC_TEACHING_FIXTURE
SYN_REG_0433	custom_A_vs_BASE_B_vs_mean	1	-1	-0.5	-0.07402945	SYNTHETIC_TEACHING_FIXTURE
SYN_REG_0434	custom_A_vs_BASE_B_vs_mean	1	1	-0.5	0.95078483	SYNTHETIC_TEACHING_FIXTURE
SYN_REG_0435	custom_A_vs_BASE_B_vs_mean	1	0	1	0.21780385	SYNTHETIC_TEACHING_FIXTURE
SYN_REG_0436	custom_A_vs_BASE_B_vs_mean	1	-1	-0.5	0.60684	SYNTHETIC_TEACHING_FIXTURE
SYN_REG_0437	custom_A_vs_BASE_B_vs_mean	1	1	-0.5	-0.27074669	SYNTHETIC_TEACHING_FIXTURE
SYN_REG_0438	custom_A_vs_BASE_B_vs_mean	1	0	1	-0.91510067	SYNTHETIC_TEACHING_FIXTURE
SYN_REG_0439	custom_A_vs_BASE_B_vs_mean	1	-1	-0.5	-0.45699228	SYNTHETIC_TEACHING_FIXTURE
SYN_REG_0440	custom_A_vs_BASE_B_vs_mean	1	1	-0.5	0.61414866	SYNTHETIC_TEACHING_FIXTURE
SYN_REG_0441	custom_A_vs_BASE_B_vs_mean	1	0	1	1.61491835	SYNTHETIC_TEACHING_FIXTURE
SYN_REG_0442	custom_A_vs_BASE_B_vs_mean	1	-1	-0.5	0.86435401	SYNTHETIC_TEACHING_FIXTURE
SYN_REG_0443	custom_A_vs_BASE_B_vs_mean	1	1	-0.5	-0.19297726	SYNTHETIC_TEACHING_FIXTURE
SYN_REG_0444	custom_A_vs_BASE_B_vs_mean	1	0	1	0.13972807	SYNTHETIC_TEACHING_FIXTURE
SYN_REG_0445	custom_A_vs_BASE_B_vs_mean	1	-1	-0.5	0.76237687	SYNTHETIC_TEACHING_FIXTURE
SYN_REG_0446	custom_A_vs_BASE_B_vs_mean	1	1	-0.5	1.15549704	SYNTHETIC_TEACHING_FIXTURE
SYN_REG_0447	custom_A_vs_BASE_B_vs_mean	1	0	1	0.85448513	SYNTHETIC_TEACHING_FIXTURE
SYN_REG_0448	custom_A_vs_BASE_B_vs_mean	1	-1	-0.5	0.63493081	SYNTHETIC_TEACHING_FIXTURE
SYN_REG_0449	custom_A_vs_BASE_B_vs_mean	1	1	-0.5	0.07606472	SYNTHETIC_TEACHING_FIXTURE
SYN_REG_0450	custom_A_vs_BASE_B_vs_mean	1	0	1	0.45202126	SYNTHETIC_TEACHING_FIXTURE
SYN_REG_0451	custom_A_vs_BASE_B_vs_mean	1	-1	-0.5	0.26798974	SYNTHETIC_TEACHING_FIXTURE
SYN_REG_0452	custom_A_vs_BASE_B_vs_mean	1	1	-0.5	0.21910684	SYNTHETIC_TEACHING_FIXTURE
SYN_REG_0453	custom_A_vs_BASE_B_vs_mean	1	0	1	0.94021373	SYNTHETIC_TEACHING_FIXTURE
SYN_REG_0454	custom_A_vs_BASE_B_vs_mean	1	-1	-0.5	0.62454073	SYNTHETIC_TEACHING_FIXTURE
SYN_REG_0455	custom_A_vs_BASE_B_vs_mean	1	1	-0.5	0.10588621	SYNTHETIC_TEACHING_FIXTURE
SYN_REG_0456	custom_A_vs_BASE_B_vs_mean	1	0	1	1.12160346	SYNTHETIC_TEACHING_FIXTURE
SYN_REG_0457	custom_A_vs_BASE_B_vs_mean	1	-1	-0.5	-0.17822665	SYNTHETIC_TEACHING_FIXTURE
SYN_REG_0458	custom_A_vs_BASE_B_vs_mean	1	1	-0.5	0.19980075	SYNTHETIC_TEACHING_FIXTURE
SYN_REG_0459	custom_A_vs_BASE_B_vs_mean	1	0	1	1.32382905	SYNTHETIC_TEACHING_FIXTURE
SYN_REG_0460	custom_A_vs_BASE_B_vs_mean	1	-1	-0.5	1.07265093	SYNTHETIC_TEACHING_FIXTURE
SYN_REG_0461	custom_A_vs_BASE_B_vs_mean	1	1	-0.5	-0.15899217	SYNTHETIC_TEACHING_FIXTURE
SYN_REG_0462	custom_A_vs_BASE_B_vs_mean	1	0	1	0.40481931	SYNTHETIC_TEACHING_FIXTURE
SYN_REG_0463	custom_A_vs_BASE_B_vs_mean	1	-1	-0.5	-0.42639297	SYNTHETIC_TEACHING_FIXTURE
SYN_REG_0464	custom_A_vs_BASE_B_vs_mean	1	1	-0.5	0.50609025	SYNTHETIC_TEACHING_FIXTURE
SYN_REG_0465	custom_A_vs_BASE_B_vs_mean	1	0	1	0.78452169	SYNTHETIC_TEACHING_FIXTURE
SYN_REG_0466	custom_A_vs_BASE_B_vs_mean	1	-1	-0.5	0.97556745	SYNTHETIC_TEACHING_FIXTURE
SYN_REG_0467	custom_A_vs_BASE_B_vs_mean	1	1	-0.5	-0.00121734	SYNTHETIC_TEACHING_FIXTURE
SYN_REG_0468	custom_A_vs_BASE_B_vs_mean	1	0	1	0.67360466	SYNTHETIC_TEACHING_FIXTURE
SYN_REG_0469	custom_A_vs_BASE_B_vs_mean	1	-1	-0.5	1.18523697	SYNTHETIC_TEACHING_FIXTURE
SYN_REG_0470	custom_A_vs_BASE_B_vs_mean	1	1	-0.5	-0.03489408	SYNTHETIC_TEACHING_FIXTURE
SYN_REG_0471	custom_A_vs_BASE_B_vs_mean	1	0	1	0.62145136	SYNTHETIC_TEACHING_FIXTURE
SYN_REG_0472	custom_A_vs_BASE_B_vs_mean	1	-1	-0.5	0.04352386	SYNTHETIC_TEACHING_FIXTURE
SYN_REG_0473	custom_A_vs_BASE_B_vs_mean	1	1	-0.5	1.35520816	SYNTHETIC_TEACHING_FIXTURE
SYN_REG_0474	custom_A_vs_BASE_B_vs_mean	1	0	1	1.40436757	SYNTHETIC_TEACHING_FIXTURE
SYN_REG_0475	custom_A_vs_BASE_B_vs_mean	1	-1	-0.5	0.74556138	SYNTHETIC_TEACHING_FIXTURE
SYN_REG_0476	custom_A_vs_BASE_B_vs_mean	1	1	-0.5	1.14193403	SYNTHETIC_TEACHING_FIXTURE
SYN_REG_0477	custom_A_vs_BASE_B_vs_mean	1	0	1	0.52756467	SYNTHETIC_TEACHING_FIXTURE
SYN_REG_0478	custom_A_vs_BASE_B_vs_mean	1	-1	-0.5	0.7279064	SYNTHETIC_TEACHING_FIXTURE
SYN_REG_0479	custom_A_vs_BASE_B_vs_mean	1	1	-0.5	-0.10930957	SYNTHETIC_TEACHING_FIXTURE
SYN_REG_0480	custom_A_vs_BASE_B_vs_mean	1	0	1	1.40723415	SYNTHETIC_TEACHING_FIXTURE
SYN_REG_0481	custom_A_vs_BASE_B_vs_mean	1	-1	-0.5	0.80568777	SYNTHETIC_TEACHING_FIXTURE
SYN_REG_0482	custom_A_vs_BASE_B_vs_mean	1	1	-0.5	1.29547366	SYNTHETIC_TEACHING_FIXTURE
SYN_REG_0483	custom_A_vs_BASE_B_vs_mean	1	0	1	0.17071728	SYNTHETIC_TEACHING_FIXTURE
SYN_REG_0484	custom_A_vs_BASE_B_vs_mean	1	-1	-0.5	2.77845004	SYNTHETIC_TEACHING_FIXTURE
SYN_REG_0485	custom_A_vs_BASE_B_vs_mean	1	1	-0.5	1.23644735	SYNTHETIC_TEACHING_FIXTURE
SYN_REG_0486	custom_A_vs_BASE_B_vs_mean	1	0	1	1.29741123	SYNTHETIC_TEACHING_FIXTURE
SYN_REG_0487	custom_A_vs_BASE_B_vs_mean	1	-1	-0.5	0.38985385	SYNTHETIC_TEACHING_FIXTURE
SYN_REG_0488	custom_A_vs_BASE_B_vs_mean	1	1	-0.5	0.46471096	SYNTHETIC_TEACHING_FIXTURE
SYN_REG_0489	custom_A_vs_BASE_B_vs_mean	1	0	1	1.0551352	SYNTHETIC_TEACHING_FIXTURE
SYN_REG_0490	custom_A_vs_BASE_B_vs_mean	1	-1	-0.5	0.41057632	SYNTHETIC_TEACHING_FIXTURE
SYN_REG_0491	custom_A_vs_BASE_B_vs_mean	1	1	-0.5	0.95649211	SYNTHETIC_TEACHING_FIXTURE
SYN_REG_0492	custom_A_vs_BASE_B_vs_mean	1	0	1	1.43810997	SYNTHETIC_TEACHING_FIXTURE
SYN_REG_0493	custom_A_vs_BASE_B_vs_mean	1	-1	-0.5	-0.55102419	SYNTHETIC_TEACHING_FIXTURE
SYN_REG_0494	custom_A_vs_BASE_B_vs_mean	1	1	-0.5	-0.54438393	SYNTHETIC_TEACHING_FIXTURE
SYN_REG_0495	custom_A_vs_BASE_B_vs_mean	1	0	1	0.70413434	SYNTHETIC_TEACHING_FIXTURE
SYN_REG_0496	custom_A_vs_BASE_B_vs_mean	1	-1	-0.5	-0.49422589	SYNTHETIC_TEACHING_FIXTURE
SYN_REG_0497	custom_A_vs_BASE_B_vs_mean	1	1	-0.5	0.27936055	SYNTHETIC_TEACHING_FIXTURE
SYN_REG_0498	custom_A_vs_BASE_B_vs_mean	1	0	1	0.85258138	SYNTHETIC_TEACHING_FIXTURE
SYN_REG_0499	custom_A_vs_BASE_B_vs_mean	1	-1	-0.5	0.01325079	SYNTHETIC_TEACHING_FIXTURE
SYN_REG_0500	custom_A_vs_BASE_B_vs_mean	1	1	-0.5	-0.94609784	SYNTHETIC_TEACHING_FIXTURE
SYN_REG_0501	custom_A_vs_BASE_B_vs_mean	1	0	1	0.22794925	SYNTHETIC_TEACHING_FIXTURE
SYN_REG_0502	custom_A_vs_BASE_B_vs_mean	1	-1	-0.5	0.0914698	SYNTHETIC_TEACHING_FIXTURE
SYN_REG_0503	custom_A_vs_BASE_B_vs_mean	1	1	-0.5	-0.53693601	SYNTHETIC_TEACHING_FIXTURE
SYN_REG_0504	custom_A_vs_BASE_B_vs_mean	1	0	1	0.89938945	SYNTHETIC_TEACHING_FIXTURE
SYN_REG_0505	custom_A_vs_BASE_B_vs_mean	1	-1	-0.5	0.20413542	SYNTHETIC_TEACHING_FIXTURE
SYN_REG_0506	custom_A_vs_BASE_B_vs_mean	1	1	-0.5	0.16467381	SYNTHETIC_TEACHING_FIXTURE
SYN_REG_0507	custom_A_vs_BASE_B_vs_mean	1	0	1	1.299683	SYNTHETIC_TEACHING_FIXTURE
SYN_REG_0508	custom_A_vs_BASE_B_vs_mean	1	-1	-0.5	0.40863676	SYNTHETIC_TEACHING_FIXTURE
SYN_REG_0509	custom_A_vs_BASE_B_vs_mean	1	1	-0.5	0.96499037	SYNTHETIC_TEACHING_FIXTURE
SYN_REG_0510	custom_A_vs_BASE_B_vs_mean	1	0	1	0.39459434	SYNTHETIC_TEACHING_FIXTURE
SYN_REG_0511	custom_A_vs_BASE_B_vs_mean	1	-1	-0.5	-0.77391257	SYNTHETIC_TEACHING_FIXTURE
SYN_REG_0512	custom_A_vs_BASE_B_vs_mean	1	1	-0.5	0.3709675	SYNTHETIC_TEACHING_FIXTURE
SYN_REG_0513	custom_A_vs_BASE_B_vs_mean	1	0	1	0.24775067	SYNTHETIC_TEACHING_FIXTURE
SYN_REG_0514	custom_A_vs_BASE_B_vs_mean	1	-1	-0.5	-1.01004566	SYNTHETIC_TEACHING_FIXTURE
SYN_REG_0515	custom_A_vs_BASE_B_vs_mean	1	1	-0.5	-0.26606986	SYNTHETIC_TEACHING_FIXTURE
SYN_REG_0516	custom_A_vs_BASE_B_vs_mean	1	0	1	0.44741405	SYNTHETIC_TEACHING_FIXTURE
SYN_REG_0517	custom_A_vs_BASE_B_vs_mean	1	-1	-0.5	0.18562505	SYNTHETIC_TEACHING_FIXTURE
SYN_REG_0518	custom_A_vs_BASE_B_vs_mean	1	1	-0.5	0.91604381	SYNTHETIC_TEACHING_FIXTURE
SYN_REG_0519	custom_A_vs_BASE_B_vs_mean	1	0	1	-0.18480325	SYNTHETIC_TEACHING_FIXTURE
SYN_REG_0520	custom_A_vs_BASE_B_vs_mean	1	-1	-0.5	-0.32076349	SYNTHETIC_TEACHING_FIXTURE
SYN_REG_0521	custom_A_vs_BASE_B_vs_mean	1	1	-0.5	1.05504767	SYNTHETIC_TEACHING_FIXTURE
SYN_REG_0522	custom_A_vs_BASE_B_vs_mean	1	0	1	0.29220939	SYNTHETIC_TEACHING_FIXTURE
SYN_REG_0523	custom_A_vs_BASE_B_vs_mean	1	-1	-0.5	0.45131108	SYNTHETIC_TEACHING_FIXTURE
SYN_REG_0524	custom_A_vs_BASE_B_vs_mean	1	1	-0.5	1.85497036	SYNTHETIC_TEACHING_FIXTURE
SYN_REG_0525	custom_A_vs_BASE_B_vs_mean	1	0	1	0.88556187	SYNTHETIC_TEACHING_FIXTURE
SYN_REG_0526	custom_A_vs_BASE_B_vs_mean	1	-1	-0.5	1.95713847	SYNTHETIC_TEACHING_FIXTURE
SYN_REG_0527	custom_A_vs_BASE_B_vs_mean	1	1	-0.5	0.54520373	SYNTHETIC_TEACHING_FIXTURE
SYN_REG_0528	custom_A_vs_BASE_B_vs_mean	1	0	1	0.14141698	SYNTHETIC_TEACHING_FIXTURE
SYN_REG_0529	custom_A_vs_BASE_B_vs_mean	1	-1	-0.5	0.379607	SYNTHETIC_TEACHING_FIXTURE
SYN_REG_0530	custom_A_vs_BASE_B_vs_mean	1	1	-0.5	0.79438062	SYNTHETIC_TEACHING_FIXTURE
SYN_REG_0531	custom_A_vs_BASE_B_vs_mean	1	0	1	-0.15337639	SYNTHETIC_TEACHING_FIXTURE
SYN_REG_0532	custom_A_vs_BASE_B_vs_mean	1	-1	-0.5	-0.7150832	SYNTHETIC_TEACHING_FIXTURE
SYN_REG_0533	custom_A_vs_BASE_B_vs_mean	1	1	-0.5	-0.00379347	SYNTHETIC_TEACHING_FIXTURE
SYN_REG_0534	custom_A_vs_BASE_B_vs_mean	1	0	1	1.21862925	SYNTHETIC_TEACHING_FIXTURE
SYN_REG_0535	custom_A_vs_BASE_B_vs_mean	1	-1	-0.5	0.5330034	SYNTHETIC_TEACHING_FIXTURE
SYN_REG_0536	custom_A_vs_BASE_B_vs_mean	1	1	-0.5	0.0947601	SYNTHETIC_TEACHING_FIXTURE
SYN_REG_0537	custom_A_vs_BASE_B_vs_mean	1	0	1	0.79727504	SYNTHETIC_TEACHING_FIXTURE
SYN_REG_0538	custom_A_vs_BASE_B_vs_mean	1	-1	-0.5	0.3396242	SYNTHETIC_TEACHING_FIXTURE
SYN_REG_0539	custom_A_vs_BASE_B_vs_mean	1	1	-0.5	0.30137605	SYNTHETIC_TEACHING_FIXTURE
SYN_REG_0540	custom_A_vs_BASE_B_vs_mean	1	0	1	0.94895269	SYNTHETIC_TEACHING_FIXTURE
SYN_REG_0541	custom_A_vs_BASE_B_vs_mean	1	-1	-0.5	1.15750423	SYNTHETIC_TEACHING_FIXTURE
SYN_REG_0542	custom_A_vs_BASE_B_vs_mean	1	1	-0.5	-0.15394135	SYNTHETIC_TEACHING_FIXTURE
SYN_REG_0543	custom_A_vs_BASE_B_vs_mean	1	0	1	0.86349663	SYNTHETIC_TEACHING_FIXTURE
SYN_REG_0544	custom_A_vs_BASE_B_vs_mean	1	-1	-0.5	-0.15290493	SYNTHETIC_TEACHING_FIXTURE
SYN_REG_0545	custom_A_vs_BASE_B_vs_mean	1	1	-0.5	1.24107643	SYNTHETIC_TEACHING_FIXTURE
SYN_REG_0546	custom_A_vs_BASE_B_vs_mean	1	0	1	0.88216615	SYNTHETIC_TEACHING_FIXTURE
SYN_REG_0547	custom_A_vs_BASE_B_vs_mean	1	-1	-0.5	1.6139993	SYNTHETIC_TEACHING_FIXTURE
SYN_REG_0548	custom_A_vs_BASE_B_vs_mean	1	1	-0.5	1.10605713	SYNTHETIC_TEACHING_FIXTURE
SYN_REG_0549	custom_A_vs_BASE_B_vs_mean	1	0	1	0.42492907	SYNTHETIC_TEACHING_FIXTURE
SYN_REG_0550	custom_A_vs_BASE_B_vs_mean	1	-1	-0.5	0.99262365	SYNTHETIC_TEACHING_FIXTURE
SYN_REG_0551	custom_A_vs_BASE_B_vs_mean	1	1	-0.5	1.68968395	SYNTHETIC_TEACHING_FIXTURE
SYN_REG_0552	custom_A_vs_BASE_B_vs_mean	1	0	1	-0.01996245	SYNTHETIC_TEACHING_FIXTURE
SYN_REG_0553	custom_A_vs_BASE_B_vs_mean	1	-1	-0.5	0.34448802	SYNTHETIC_TEACHING_FIXTURE
SYN_REG_0554	custom_A_vs_BASE_B_vs_mean	1	1	-0.5	0.34291648	SYNTHETIC_TEACHING_FIXTURE
SYN_REG_0555	custom_A_vs_BASE_B_vs_mean	1	0	1	-0.67110589	SYNTHETIC_TEACHING_FIXTURE
SYN_REG_0556	custom_A_vs_BASE_B_vs_mean	1	-1	-0.5	1.577639	SYNTHETIC_TEACHING_FIXTURE
SYN_REG_0557	custom_A_vs_BASE_B_vs_mean	1	1	-0.5	0.82848507	SYNTHETIC_TEACHING_FIXTURE
SYN_REG_0558	custom_A_vs_BASE_B_vs_mean	1	0	1	0.88084128	SYNTHETIC_TEACHING_FIXTURE
SYN_REG_0559	custom_A_vs_BASE_B_vs_mean	1	-1	-0.5	1.61540175	SYNTHETIC_TEACHING_FIXTURE
SYN_REG_0560	custom_A_vs_BASE_B_vs_mean	1	1	-0.5	1.52039311	SYNTHETIC_TEACHING_FIXTURE
SYN_REG_0561	custom_A_vs_BASE_B_vs_mean	1	0	1	0.53585008	SYNTHETIC_TEACHING_FIXTURE
SYN_REG_0562	custom_A_vs_BASE_B_vs_mean	1	-1	-0.5	2.13865751	SYNTHETIC_TEACHING_FIXTURE
SYN_REG_0563	custom_A_vs_BASE_B_vs_mean	1	1	-0.5	0.52064989	SYNTHETIC_TEACHING_FIXTURE
SYN_REG_0564	custom_A_vs_BASE_B_vs_mean	1	0	1	0.99661417	SYNTHETIC_TEACHING_FIXTURE
SYN_REG_0565	custom_A_vs_BASE_B_vs_mean	1	-1	-0.5	0.94563853	SYNTHETIC_TEACHING_FIXTURE
SYN_REG_0566	custom_A_vs_BASE_B_vs_mean	1	1	-0.5	0.56987893	SYNTHETIC_TEACHING_FIXTURE
SYN_REG_0567	custom_A_vs_BASE_B_vs_mean	1	0	1	1.46400261	SYNTHETIC_TEACHING_FIXTURE
SYN_REG_0568	custom_A_vs_BASE_B_vs_mean	1	-1	-0.5	1.10961001	SYNTHETIC_TEACHING_FIXTURE
SYN_REG_0569	custom_A_vs_BASE_B_vs_mean	1	1	-0.5	0.68639979	SYNTHETIC_TEACHING_FIXTURE
SYN_REG_0570	custom_A_vs_BASE_B_vs_mean	1	0	1	2.49254682	SYNTHETIC_TEACHING_FIXTURE
SYN_REG_0571	custom_A_vs_BASE_B_vs_mean	1	-1	-0.5	1.32959203	SYNTHETIC_TEACHING_FIXTURE
SYN_REG_0572	custom_A_vs_BASE_B_vs_mean	1	1	-0.5	0.42072967	SYNTHETIC_TEACHING_FIXTURE
SYN_REG_0573	custom_A_vs_BASE_B_vs_mean	1	0	1	1.09448939	SYNTHETIC_TEACHING_FIXTURE
SYN_REG_0574	custom_A_vs_BASE_B_vs_mean	1	-1	-0.5	1.11579074	SYNTHETIC_TEACHING_FIXTURE
SYN_REG_0575	custom_A_vs_BASE_B_vs_mean	1	1	-0.5	1.56961021	SYNTHETIC_TEACHING_FIXTURE
SYN_REG_0576	custom_A_vs_BASE_B_vs_mean	1	0	1	1.93263833	SYNTHETIC_TEACHING_FIXTURE
SYN_REG_0577	custom_A_vs_BASE_B_vs_mean	1	-1	-0.5	0.39832426	SYNTHETIC_TEACHING_FIXTURE
SYN_REG_0578	custom_A_vs_BASE_B_vs_mean	1	1	-0.5	1.17639456	SYNTHETIC_TEACHING_FIXTURE
SYN_REG_0579	custom_A_vs_BASE_B_vs_mean	1	0	1	1.37357928	SYNTHETIC_TEACHING_FIXTURE
SYN_REG_0580	custom_A_vs_BASE_B_vs_mean	1	-1	-0.5	0.64639709	SYNTHETIC_TEACHING_FIXTURE
SYN_REG_0581	custom_A_vs_BASE_B_vs_mean	1	1	-0.5	-0.13738844	SYNTHETIC_TEACHING_FIXTURE
SYN_REG_0582	custom_A_vs_BASE_B_vs_mean	1	0	1	-0.15225443	SYNTHETIC_TEACHING_FIXTURE
SYN_REG_0583	custom_A_vs_BASE_B_vs_mean	1	-1	-0.5	1.03318932	SYNTHETIC_TEACHING_FIXTURE
SYN_REG_0584	custom_A_vs_BASE_B_vs_mean	1	1	-0.5	0.41841016	SYNTHETIC_TEACHING_FIXTURE
SYN_REG_0585	custom_A_vs_BASE_B_vs_mean	1	0	1	1.24629833	SYNTHETIC_TEACHING_FIXTURE
SYN_REG_0586	custom_A_vs_BASE_B_vs_mean	1	-1	-0.5	1.21303337	SYNTHETIC_TEACHING_FIXTURE
SYN_REG_0587	custom_A_vs_BASE_B_vs_mean	1	1	-0.5	0.69866578	SYNTHETIC_TEACHING_FIXTURE
SYN_REG_0588	custom_A_vs_BASE_B_vs_mean	1	0	1	1.82344205	SYNTHETIC_TEACHING_FIXTURE
SYN_REG_0589	custom_A_vs_BASE_B_vs_mean	1	-1	-0.5	0.74842596	SYNTHETIC_TEACHING_FIXTURE
SYN_REG_0590	custom_A_vs_BASE_B_vs_mean	1	1	-0.5	1.66962193	SYNTHETIC_TEACHING_FIXTURE
SYN_REG_0591	custom_A_vs_BASE_B_vs_mean	1	0	1	1.3085652	SYNTHETIC_TEACHING_FIXTURE
SYN_REG_0592	custom_A_vs_BASE_B_vs_mean	1	-1	-0.5	0.78653286	SYNTHETIC_TEACHING_FIXTURE
SYN_REG_0593	custom_A_vs_BASE_B_vs_mean	1	1	-0.5	0.15579758	SYNTHETIC_TEACHING_FIXTURE
SYN_REG_0594	custom_A_vs_BASE_B_vs_mean	1	0	1	1.14244926	SYNTHETIC_TEACHING_FIXTURE
SYN_REG_0595	custom_A_vs_BASE_B_vs_mean	1	-1	-0.5	-0.20501248	SYNTHETIC_TEACHING_FIXTURE
SYN_REG_0596	custom_A_vs_BASE_B_vs_mean	1	1	-0.5	0.73557512	SYNTHETIC_TEACHING_FIXTURE
SYN_REG_0597	custom_A_vs_BASE_B_vs_mean	1	0	1	0.08159694	SYNTHETIC_TEACHING_FIXTURE
SYN_REG_0598	custom_A_vs_BASE_B_vs_mean	1	-1	-0.5	-1.06112673	SYNTHETIC_TEACHING_FIXTURE
SYN_REG_0599	custom_A_vs_BASE_B_vs_mean	1	1	-0.5	-0.0205851	SYNTHETIC_TEACHING_FIXTURE
SYN_REG_0600	custom_A_vs_BASE_B_vs_mean	1	0	1	0.48698309	SYNTHETIC_TEACHING_FIXTURE
SYN_REG_0601	custom_A_vs_BASE_B_vs_mean	1	-1	-0.5	0.21342741	SYNTHETIC_TEACHING_FIXTURE
SYN_REG_0602	custom_A_vs_BASE_B_vs_mean	1	1	-0.5	-1.41812332	SYNTHETIC_TEACHING_FIXTURE
SYN_REG_0603	custom_A_vs_BASE_B_vs_mean	1	0	1	0.60775905	SYNTHETIC_TEACHING_FIXTURE
SYN_REG_0604	custom_A_vs_BASE_B_vs_mean	1	-1	-0.5	-0.33516398	SYNTHETIC_TEACHING_FIXTURE
SYN_REG_0605	custom_A_vs_BASE_B_vs_mean	1	1	-0.5	-0.4301607	SYNTHETIC_TEACHING_FIXTURE
SYN_REG_0606	custom_A_vs_BASE_B_vs_mean	1	0	1	0.95030541	SYNTHETIC_TEACHING_FIXTURE
SYN_REG_0607	custom_A_vs_BASE_B_vs_mean	1	-1	-0.5	0.85009277	SYNTHETIC_TEACHING_FIXTURE
SYN_REG_0608	custom_A_vs_BASE_B_vs_mean	1	1	-0.5	-0.23230359	SYNTHETIC_TEACHING_FIXTURE
SYN_REG_0609	custom_A_vs_BASE_B_vs_mean	1	0	1	0.51407726	SYNTHETIC_TEACHING_FIXTURE
SYN_REG_0610	custom_A_vs_BASE_B_vs_mean	1	-1	-0.5	0.66945897	SYNTHETIC_TEACHING_FIXTURE
SYN_REG_0611	custom_A_vs_BASE_B_vs_mean	1	1	-0.5	0.79410809	SYNTHETIC_TEACHING_FIXTURE
SYN_REG_0612	custom_A_vs_BASE_B_vs_mean	1	0	1	1.01521406	SYNTHETIC_TEACHING_FIXTURE
SYN_REG_0613	custom_A_vs_BASE_B_vs_mean	1	-1	-0.5	-1.48532364	SYNTHETIC_TEACHING_FIXTURE
SYN_REG_0614	custom_A_vs_BASE_B_vs_mean	1	1	-0.5	0.44158741	SYNTHETIC_TEACHING_FIXTURE
SYN_REG_0615	custom_A_vs_BASE_B_vs_mean	1	0	1	1.29988591	SYNTHETIC_TEACHING_FIXTURE
SYN_REG_0616	custom_A_vs_BASE_B_vs_mean	1	-1	-0.5	-0.20603299	SYNTHETIC_TEACHING_FIXTURE
SYN_REG_0617	custom_A_vs_BASE_B_vs_mean	1	1	-0.5	-0.21306514	SYNTHETIC_TEACHING_FIXTURE
SYN_REG_0618	custom_A_vs_BASE_B_vs_mean	1	0	1	0.61017007	SYNTHETIC_TEACHING_FIXTURE
SYN_REG_0619	custom_A_vs_BASE_B_vs_mean	1	-1	-0.5	0.35483234	SYNTHETIC_TEACHING_FIXTURE
SYN_REG_0620	custom_A_vs_BASE_B_vs_mean	1	1	-0.5	1.76864895	SYNTHETIC_TEACHING_FIXTURE
SYN_REG_0621	custom_A_vs_BASE_B_vs_mean	1	0	1	0.75513783	SYNTHETIC_TEACHING_FIXTURE
SYN_REG_0622	custom_A_vs_BASE_B_vs_mean	1	-1	-0.5	1.1917897	SYNTHETIC_TEACHING_FIXTURE
SYN_REG_0623	custom_A_vs_BASE_B_vs_mean	1	1	-0.5	-0.27768335	SYNTHETIC_TEACHING_FIXTURE
SYN_REG_0624	custom_A_vs_BASE_B_vs_mean	1	0	1	0.29356609	SYNTHETIC_TEACHING_FIXTURE
SYN_REG_0625	custom_A_vs_BASE_B_vs_mean	1	-1	-0.5	-0.89334377	SYNTHETIC_TEACHING_FIXTURE
SYN_REG_0626	custom_A_vs_BASE_B_vs_mean	1	1	-0.5	0.2654335	SYNTHETIC_TEACHING_FIXTURE
SYN_REG_0627	custom_A_vs_BASE_B_vs_mean	1	0	1	0.79518231	SYNTHETIC_TEACHING_FIXTURE
SYN_REG_0628	custom_A_vs_BASE_B_vs_mean	1	-1	-0.5	0.34419161	SYNTHETIC_TEACHING_FIXTURE
SYN_REG_0629	custom_A_vs_BASE_B_vs_mean	1	1	-0.5	0.13880504	SYNTHETIC_TEACHING_FIXTURE
SYN_REG_0630	custom_A_vs_BASE_B_vs_mean	1	0	1	0.87303529	SYNTHETIC_TEACHING_FIXTURE
SYN_REG_0631	custom_A_vs_BASE_B_vs_mean	1	-1	-0.5	-0.52009068	SYNTHETIC_TEACHING_FIXTURE
SYN_REG_0632	custom_A_vs_BASE_B_vs_mean	1	1	-0.5	-0.07362761	SYNTHETIC_TEACHING_FIXTURE
SYN_REG_0633	custom_A_vs_BASE_B_vs_mean	1	0	1	0.65317462	SYNTHETIC_TEACHING_FIXTURE
SYN_REG_0634	custom_A_vs_BASE_B_vs_mean	1	-1	-0.5	1.02305784	SYNTHETIC_TEACHING_FIXTURE
SYN_REG_0635	custom_A_vs_BASE_B_vs_mean	1	1	-0.5	-0.21886194	SYNTHETIC_TEACHING_FIXTURE
SYN_REG_0636	custom_A_vs_BASE_B_vs_mean	1	0	1	-0.6489372	SYNTHETIC_TEACHING_FIXTURE
SYN_REG_0637	custom_A_vs_BASE_B_vs_mean	1	-1	-0.5	-0.81041013	SYNTHETIC_TEACHING_FIXTURE
SYN_REG_0638	custom_A_vs_BASE_B_vs_mean	1	1	-0.5	-0.60252301	SYNTHETIC_TEACHING_FIXTURE
SYN_REG_0639	custom_A_vs_BASE_B_vs_mean	1	0	1	-0.19622179	SYNTHETIC_TEACHING_FIXTURE
SYN_REG_0640	custom_A_vs_BASE_B_vs_mean	1	-1	-0.5	0.30750109	SYNTHETIC_TEACHING_FIXTURE
SYN_REG_0641	custom_A_vs_BASE_B_vs_mean	1	1	-0.5	-0.22790726	SYNTHETIC_TEACHING_FIXTURE
SYN_REG_0642	custom_A_vs_BASE_B_vs_mean	1	0	1	0.24771487	SYNTHETIC_TEACHING_FIXTURE
SYN_REG_0643	custom_A_vs_BASE_B_vs_mean	1	-1	-0.5	1.50206376	SYNTHETIC_TEACHING_FIXTURE
SYN_REG_0644	custom_A_vs_BASE_B_vs_mean	1	1	-0.5	-0.23581072	SYNTHETIC_TEACHING_FIXTURE
SYN_REG_0645	custom_A_vs_BASE_B_vs_mean	1	0	1	0.73636288	SYNTHETIC_TEACHING_FIXTURE
SYN_REG_0646	custom_A_vs_BASE_B_vs_mean	1	-1	-0.5	0.33903139	SYNTHETIC_TEACHING_FIXTURE
SYN_REG_0647	custom_A_vs_BASE_B_vs_mean	1	1	-0.5	-0.4528645	SYNTHETIC_TEACHING_FIXTURE
SYN_REG_0648	custom_A_vs_BASE_B_vs_mean	1	0	1	1.3707525	SYNTHETIC_TEACHING_FIXTURE
SYN_REG_0649	custom_A_vs_BASE_B_vs_mean	1	-1	-0.5	0.61675861	SYNTHETIC_TEACHING_FIXTURE
SYN_REG_0650	custom_A_vs_BASE_B_vs_mean	1	1	-0.5	-0.24021899	SYNTHETIC_TEACHING_FIXTURE
SYN_REG_0651	custom_A_vs_BASE_B_vs_mean	1	0	1	-0.28886119	SYNTHETIC_TEACHING_FIXTURE
SYN_REG_0652	custom_A_vs_BASE_B_vs_mean	1	-1	-0.5	1.16922117	SYNTHETIC_TEACHING_FIXTURE
SYN_REG_0653	custom_A_vs_BASE_B_vs_mean	1	1	-0.5	0.7823832	SYNTHETIC_TEACHING_FIXTURE
SYN_REG_0654	custom_A_vs_BASE_B_vs_mean	1	0	1	0.90479834	SYNTHETIC_TEACHING_FIXTURE
SYN_REG_0655	custom_A_vs_BASE_B_vs_mean	1	-1	-0.5	1.13463731	SYNTHETIC_TEACHING_FIXTURE
SYN_REG_0656	custom_A_vs_BASE_B_vs_mean	1	1	-0.5	0.66106018	SYNTHETIC_TEACHING_FIXTURE
SYN_REG_0657	custom_A_vs_BASE_B_vs_mean	1	0	1	0.95073908	SYNTHETIC_TEACHING_FIXTURE
SYN_REG_0658	custom_A_vs_BASE_B_vs_mean	1	-1	-0.5	0.93749436	SYNTHETIC_TEACHING_FIXTURE
SYN_REG_0659	custom_A_vs_BASE_B_vs_mean	1	1	-0.5	-0.46781802	SYNTHETIC_TEACHING_FIXTURE
SYN_REG_0660	custom_A_vs_BASE_B_vs_mean	1	0	1	-0.02186024	SYNTHETIC_TEACHING_FIXTURE
SYN_REG_0661	custom_A_vs_BASE_B_vs_mean	1	-1	-0.5	0.46790576	SYNTHETIC_TEACHING_FIXTURE
SYN_REG_0662	custom_A_vs_BASE_B_vs_mean	1	1	-0.5	1.07403746	SYNTHETIC_TEACHING_FIXTURE
SYN_REG_0663	custom_A_vs_BASE_B_vs_mean	1	0	1	0.12353323	SYNTHETIC_TEACHING_FIXTURE
SYN_REG_0664	custom_A_vs_BASE_B_vs_mean	1	-1	-0.5	0.01329655	SYNTHETIC_TEACHING_FIXTURE
SYN_REG_0665	custom_A_vs_BASE_B_vs_mean	1	1	-0.5	0.20221177	SYNTHETIC_TEACHING_FIXTURE
SYN_REG_0666	custom_A_vs_BASE_B_vs_mean	1	0	1	1.70790588	SYNTHETIC_TEACHING_FIXTURE
SYN_REG_0667	custom_A_vs_BASE_B_vs_mean	1	-1	-0.5	1.06456644	SYNTHETIC_TEACHING_FIXTURE
SYN_REG_0668	custom_A_vs_BASE_B_vs_mean	1	1	-0.5	0.88476615	SYNTHETIC_TEACHING_FIXTURE
SYN_REG_0669	custom_A_vs_BASE_B_vs_mean	1	0	1	-0.17252135	SYNTHETIC_TEACHING_FIXTURE
SYN_REG_0670	custom_A_vs_BASE_B_vs_mean	1	-1	-0.5	0.82356753	SYNTHETIC_TEACHING_FIXTURE
SYN_REG_0671	custom_A_vs_BASE_B_vs_mean	1	1	-0.5	0.57562401	SYNTHETIC_TEACHING_FIXTURE
SYN_REG_0672	custom_A_vs_BASE_B_vs_mean	1	0	1	0.55324446	SYNTHETIC_TEACHING_FIXTURE
SYN_REG_0673	custom_A_vs_BASE_B_vs_mean	1	-1	-0.5	0.62671105	SYNTHETIC_TEACHING_FIXTURE
SYN_REG_0674	custom_A_vs_BASE_B_vs_mean	1	1	-0.5	1.0577173	SYNTHETIC_TEACHING_FIXTURE
SYN_REG_0675	custom_A_vs_BASE_B_vs_mean	1	0	1	0.72044456	SYNTHETIC_TEACHING_FIXTURE
SYN_REG_0676	custom_A_vs_BASE_B_vs_mean	1	-1	-0.5	0.06054425	SYNTHETIC_TEACHING_FIXTURE
SYN_REG_0677	custom_A_vs_BASE_B_vs_mean	1	1	-0.5	0.24186436	SYNTHETIC_TEACHING_FIXTURE
SYN_REG_0678	custom_A_vs_BASE_B_vs_mean	1	0	1	0.31940701	SYNTHETIC_TEACHING_FIXTURE
SYN_REG_0679	custom_A_vs_BASE_B_vs_mean	1	-1	-0.5	0.54431253	SYNTHETIC_TEACHING_FIXTURE
SYN_REG_0680	custom_A_vs_BASE_B_vs_mean	1	1	-0.5	0.01840306	SYNTHETIC_TEACHING_FIXTURE
SYN_REG_0681	custom_A_vs_BASE_B_vs_mean	1	0	1	0.0356562	SYNTHETIC_TEACHING_FIXTURE
SYN_REG_0682	custom_A_vs_BASE_B_vs_mean	1	-1	-0.5	-1.27922091	SYNTHETIC_TEACHING_FIXTURE
SYN_REG_0683	custom_A_vs_BASE_B_vs_mean	1	1	-0.5	-0.27350385	SYNTHETIC_TEACHING_FIXTURE
SYN_REG_0684	custom_A_vs_BASE_B_vs_mean	1	0	1	1.59798947	SYNTHETIC_TEACHING_FIXTURE
SYN_REG_0685	custom_A_vs_BASE_B_vs_mean	1	-1	-0.5	1.08151522	SYNTHETIC_TEACHING_FIXTURE
SYN_REG_0686	custom_A_vs_BASE_B_vs_mean	1	1	-0.5	-0.42794661	SYNTHETIC_TEACHING_FIXTURE
SYN_REG_0687	custom_A_vs_BASE_B_vs_mean	1	0	1	1.25319521	SYNTHETIC_TEACHING_FIXTURE
SYN_REG_0688	custom_A_vs_BASE_B_vs_mean	1	-1	-0.5	-0.44658828	SYNTHETIC_TEACHING_FIXTURE
SYN_REG_0689	custom_A_vs_BASE_B_vs_mean	1	1	-0.5	0.480496	SYNTHETIC_TEACHING_FIXTURE
SYN_REG_0690	custom_A_vs_BASE_B_vs_mean	1	0	1	1.03229811	SYNTHETIC_TEACHING_FIXTURE
SYN_REG_0691	custom_A_vs_BASE_B_vs_mean	1	-1	-0.5	0.36955112	SYNTHETIC_TEACHING_FIXTURE
SYN_REG_0692	custom_A_vs_BASE_B_vs_mean	1	1	-0.5	0.36798754	SYNTHETIC_TEACHING_FIXTURE
SYN_REG_0693	custom_A_vs_BASE_B_vs_mean	1	0	1	1.36469311	SYNTHETIC_TEACHING_FIXTURE
SYN_REG_0694	custom_A_vs_BASE_B_vs_mean	1	-1	-0.5	0.32453143	SYNTHETIC_TEACHING_FIXTURE
SYN_REG_0695	custom_A_vs_BASE_B_vs_mean	1	1	-0.5	0.35613135	SYNTHETIC_TEACHING_FIXTURE
SYN_REG_0696	custom_A_vs_BASE_B_vs_mean	1	0	1	0.6317738	SYNTHETIC_TEACHING_FIXTURE
SYN_REG_0697	custom_A_vs_BASE_B_vs_mean	1	-1	-0.5	0.17850536	SYNTHETIC_TEACHING_FIXTURE
SYN_REG_0698	custom_A_vs_BASE_B_vs_mean	1	1	-0.5	0.85994176	SYNTHETIC_TEACHING_FIXTURE
SYN_REG_0699	custom_A_vs_BASE_B_vs_mean	1	0	1	0.61373489	SYNTHETIC_TEACHING_FIXTURE
SYN_REG_0700	custom_A_vs_BASE_B_vs_mean	1	-1	-0.5	0.37514104	SYNTHETIC_TEACHING_FIXTURE
SYN_REG_0701	custom_A_vs_BASE_B_vs_mean	1	1	-0.5	0.44133875	SYNTHETIC_TEACHING_FIXTURE
SYN_REG_0702	custom_A_vs_BASE_B_vs_mean	1	0	1	0.19162078	SYNTHETIC_TEACHING_FIXTURE
SYN_REG_0703	custom_A_vs_BASE_B_vs_mean	1	-1	-0.5	1.04722975	SYNTHETIC_TEACHING_FIXTURE
SYN_REG_0704	custom_A_vs_BASE_B_vs_mean	1	1	-0.5	1.63784098	SYNTHETIC_TEACHING_FIXTURE
SYN_REG_0705	custom_A_vs_BASE_B_vs_mean	1	0	1	1.20213403	SYNTHETIC_TEACHING_FIXTURE
SYN_REG_0706	custom_A_vs_BASE_B_vs_mean	1	-1	-0.5	0.73129615	SYNTHETIC_TEACHING_FIXTURE
SYN_REG_0707	custom_A_vs_BASE_B_vs_mean	1	1	-0.5	1.11925808	SYNTHETIC_TEACHING_FIXTURE
SYN_REG_0708	custom_A_vs_BASE_B_vs_mean	1	0	1	0.91146645	SYNTHETIC_TEACHING_FIXTURE
SYN_REG_0709	custom_A_vs_BASE_B_vs_mean	1	-1	-0.5	0.40550959	SYNTHETIC_TEACHING_FIXTURE
SYN_REG_0710	custom_A_vs_BASE_B_vs_mean	1	1	-0.5	0.44980518	SYNTHETIC_TEACHING_FIXTURE
SYN_REG_0711	custom_A_vs_BASE_B_vs_mean	1	0	1	0.24396306	SYNTHETIC_TEACHING_FIXTURE
SYN_REG_0712	custom_A_vs_BASE_B_vs_mean	1	-1	-0.5	1.20842417	SYNTHETIC_TEACHING_FIXTURE
SYN_REG_0713	custom_A_vs_BASE_B_vs_mean	1	1	-0.5	0.07953404	SYNTHETIC_TEACHING_FIXTURE
SYN_REG_0714	custom_A_vs_BASE_B_vs_mean	1	0	1	1.77298362	SYNTHETIC_TEACHING_FIXTURE
SYN_REG_0715	custom_A_vs_BASE_B_vs_mean	1	-1	-0.5	0.38587328	SYNTHETIC_TEACHING_FIXTURE
SYN_REG_0716	custom_A_vs_BASE_B_vs_mean	1	1	-0.5	1.12727095	SYNTHETIC_TEACHING_FIXTURE
SYN_REG_0717	custom_A_vs_BASE_B_vs_mean	1	0	1	1.28572811	SYNTHETIC_TEACHING_FIXTURE
SYN_REG_0718	custom_A_vs_BASE_B_vs_mean	1	-1	-0.5	1.62266466	SYNTHETIC_TEACHING_FIXTURE
SYN_REG_0719	custom_A_vs_BASE_B_vs_mean	1	1	-0.5	1.08093633	SYNTHETIC_TEACHING_FIXTURE
SYN_REG_0720	custom_A_vs_BASE_B_vs_mean	1	0	1	1.29376287	SYNTHETIC_TEACHING_FIXTURE
SYN_REG_0721	custom_A_vs_BASE_B_vs_mean	1	-1	-0.5	0.53403385	SYNTHETIC_TEACHING_FIXTURE
SYN_REG_0722	custom_A_vs_BASE_B_vs_mean	1	1	-0.5	2.65896711	SYNTHETIC_TEACHING_FIXTURE
SYN_REG_0723	custom_A_vs_BASE_B_vs_mean	1	0	1	0.82093769	SYNTHETIC_TEACHING_FIXTURE
SYN_REG_0724	custom_A_vs_BASE_B_vs_mean	1	-1	-0.5	-0.17575196	SYNTHETIC_TEACHING_FIXTURE
SYN_REG_0725	custom_A_vs_BASE_B_vs_mean	1	1	-0.5	2.23996028	SYNTHETIC_TEACHING_FIXTURE
SYN_REG_0726	custom_A_vs_BASE_B_vs_mean	1	0	1	1.99174422	SYNTHETIC_TEACHING_FIXTURE
SYN_REG_0727	custom_A_vs_BASE_B_vs_mean	1	-1	-0.5	1.16603432	SYNTHETIC_TEACHING_FIXTURE
SYN_REG_0728	custom_A_vs_BASE_B_vs_mean	1	1	-0.5	0.49604034	SYNTHETIC_TEACHING_FIXTURE
SYN_REG_0729	custom_A_vs_BASE_B_vs_mean	1	0	1	1.66500876	SYNTHETIC_TEACHING_FIXTURE
SYN_REG_0730	custom_A_vs_BASE_B_vs_mean	1	-1	-0.5	0.79027273	SYNTHETIC_TEACHING_FIXTURE
SYN_REG_0731	custom_A_vs_BASE_B_vs_mean	1	1	-0.5	1.24898586	SYNTHETIC_TEACHING_FIXTURE
SYN_REG_0732	custom_A_vs_BASE_B_vs_mean	1	0	1	0.29124458	SYNTHETIC_TEACHING_FIXTURE
SYN_REG_0733	custom_A_vs_BASE_B_vs_mean	1	-1	-0.5	1.52982434	SYNTHETIC_TEACHING_FIXTURE
SYN_REG_0734	custom_A_vs_BASE_B_vs_mean	1	1	-0.5	1.1383911	SYNTHETIC_TEACHING_FIXTURE
SYN_REG_0735	custom_A_vs_BASE_B_vs_mean	1	0	1	1.091589	SYNTHETIC_TEACHING_FIXTURE
SYN_REG_0736	custom_A_vs_BASE_B_vs_mean	1	-1	-0.5	1.82743854	SYNTHETIC_TEACHING_FIXTURE
SYN_REG_0737	custom_A_vs_BASE_B_vs_mean	1	1	-0.5	0.90520216	SYNTHETIC_TEACHING_FIXTURE
SYN_REG_0738	custom_A_vs_BASE_B_vs_mean	1	0	1	1.63380471	SYNTHETIC_TEACHING_FIXTURE
SYN_REG_0739	custom_A_vs_BASE_B_vs_mean	1	-1	-0.5	0.56619874	SYNTHETIC_TEACHING_FIXTURE
SYN_REG_0740	custom_A_vs_BASE_B_vs_mean	1	1	-0.5	0.47071465	SYNTHETIC_TEACHING_FIXTURE
SYN_REG_0741	custom_A_vs_BASE_B_vs_mean	1	0	1	1.24353321	SYNTHETIC_TEACHING_FIXTURE
SYN_REG_0742	custom_A_vs_BASE_B_vs_mean	1	-1	-0.5	1.46342571	SYNTHETIC_TEACHING_FIXTURE
SYN_REG_0743	custom_A_vs_BASE_B_vs_mean	1	1	-0.5	1.36158981	SYNTHETIC_TEACHING_FIXTURE
SYN_REG_0744	custom_A_vs_BASE_B_vs_mean	1	0	1	2.0230358	SYNTHETIC_TEACHING_FIXTURE
SYN_REG_0745	custom_A_vs_BASE_B_vs_mean	1	-1	-0.5	2.40957936	SYNTHETIC_TEACHING_FIXTURE
SYN_REG_0746	custom_A_vs_BASE_B_vs_mean	1	1	-0.5	1.4225895	SYNTHETIC_TEACHING_FIXTURE
SYN_REG_0747	custom_A_vs_BASE_B_vs_mean	1	0	1	2.40476527	SYNTHETIC_TEACHING_FIXTURE
SYN_REG_0748	custom_A_vs_BASE_B_vs_mean	1	-1	-0.5	0.44116767	SYNTHETIC_TEACHING_FIXTURE
SYN_REG_0749	custom_A_vs_BASE_B_vs_mean	1	1	-0.5	0.77662817	SYNTHETIC_TEACHING_FIXTURE
SYN_REG_0750	custom_A_vs_BASE_B_vs_mean	1	0	1	0.91063293	SYNTHETIC_TEACHING_FIXTURE
SYN_REG_0751	custom_A_vs_BASE_B_vs_mean	1	-1	-0.5	1.5556772	SYNTHETIC_TEACHING_FIXTURE
SYN_REG_0752	custom_A_vs_BASE_B_vs_mean	1	1	-0.5	1.19269881	SYNTHETIC_TEACHING_FIXTURE
SYN_REG_0753	custom_A_vs_BASE_B_vs_mean	1	0	1	2.90703597	SYNTHETIC_TEACHING_FIXTURE
SYN_REG_0754	custom_A_vs_BASE_B_vs_mean	1	-1	-0.5	-0.08449711	SYNTHETIC_TEACHING_FIXTURE
SYN_REG_0755	custom_A_vs_BASE_B_vs_mean	1	1	-0.5	0.24632037	SYNTHETIC_TEACHING_FIXTURE
SYN_REG_0756	custom_A_vs_BASE_B_vs_mean	1	0	1	3.5743643	SYNTHETIC_TEACHING_FIXTURE
SYN_REG_0757	custom_A_vs_BASE_B_vs_mean	1	-1	-0.5	-2.46229144	SYNTHETIC_TEACHING_FIXTURE
SYN_REG_0758	custom_A_vs_BASE_B_vs_mean	1	1	-0.5	-1.42618592	SYNTHETIC_TEACHING_FIXTURE
SYN_REG_0759	custom_A_vs_BASE_B_vs_mean	1	0	1	-1.47727893	SYNTHETIC_TEACHING_FIXTURE
SYN_REG_0760	custom_A_vs_BASE_B_vs_mean	1	-1	-0.5	-1.45357451	SYNTHETIC_TEACHING_FIXTURE
SYN_REG_0761	custom_A_vs_BASE_B_vs_mean	1	1	-0.5	-1.52680836	SYNTHETIC_TEACHING_FIXTURE
SYN_REG_0762	custom_A_vs_BASE_B_vs_mean	1	0	1	-0.07210978	SYNTHETIC_TEACHING_FIXTURE
SYN_REG_0763	custom_A_vs_BASE_B_vs_mean	1	-1	-0.5	-1.35985891	SYNTHETIC_TEACHING_FIXTURE
SYN_REG_0764	custom_A_vs_BASE_B_vs_mean	1	1	-0.5	0.21414355	SYNTHETIC_TEACHING_FIXTURE
SYN_REG_0765	custom_A_vs_BASE_B_vs_mean	1	0	1	-0.74093008	SYNTHETIC_TEACHING_FIXTURE
SYN_REG_0766	custom_A_vs_BASE_B_vs_mean	1	-1	-0.5	-1.33629971	SYNTHETIC_TEACHING_FIXTURE
SYN_REG_0767	custom_A_vs_BASE_B_vs_mean	1	1	-0.5	-1.7269054	SYNTHETIC_TEACHING_FIXTURE
SYN_REG_0768	custom_A_vs_BASE_B_vs_mean	1	0	1	-1.31189705	SYNTHETIC_TEACHING_FIXTURE
SYN_REG_0769	custom_A_vs_BASE_B_vs_mean	1	-1	-0.5	-1.27583912	SYNTHETIC_TEACHING_FIXTURE
SYN_REG_0770	custom_A_vs_BASE_B_vs_mean	1	1	-0.5	-3.26916272	SYNTHETIC_TEACHING_FIXTURE
SYN_REG_0771	custom_A_vs_BASE_B_vs_mean	1	0	1	-1.31320003	SYNTHETIC_TEACHING_FIXTURE
SYN_REG_0772	custom_A_vs_BASE_B_vs_mean	1	-1	-0.5	-1.20169617	SYNTHETIC_TEACHING_FIXTURE
SYN_REG_0773	custom_A_vs_BASE_B_vs_mean	1	1	-0.5	-1.33909864	SYNTHETIC_TEACHING_FIXTURE
SYN_REG_0774	custom_A_vs_BASE_B_vs_mean	1	0	1	-1.3750034	SYNTHETIC_TEACHING_FIXTURE
SYN_REG_0775	custom_A_vs_BASE_B_vs_mean	1	-1	-0.5	-0.56641535	SYNTHETIC_TEACHING_FIXTURE
SYN_REG_0776	custom_A_vs_BASE_B_vs_mean	1	1	-0.5	-1.45292402	SYNTHETIC_TEACHING_FIXTURE
SYN_REG_0777	custom_A_vs_BASE_B_vs_mean	1	0	1	-1.64853322	SYNTHETIC_TEACHING_FIXTURE
SYN_REG_0778	custom_A_vs_BASE_B_vs_mean	1	-1	-0.5	-0.98312256	SYNTHETIC_TEACHING_FIXTURE
SYN_REG_0779	custom_A_vs_BASE_B_vs_mean	1	1	-0.5	-1.71186834	SYNTHETIC_TEACHING_FIXTURE
SYN_REG_0780	custom_A_vs_BASE_B_vs_mean	1	0	1	-1.18423017	SYNTHETIC_TEACHING_FIXTURE
SYN_REG_0781	custom_A_vs_BASE_B_vs_mean	1	-1	-0.5	-0.90035006	SYNTHETIC_TEACHING_FIXTURE
SYN_REG_0782	custom_A_vs_BASE_B_vs_mean	1	1	-0.5	-2.59028456	SYNTHETIC_TEACHING_FIXTURE
SYN_REG_0783	custom_A_vs_BASE_B_vs_mean	1	0	1	0.58078821	SYNTHETIC_TEACHING_FIXTURE
SYN_REG_0784	custom_A_vs_BASE_B_vs_mean	1	-1	-0.5	-1.26440466	SYNTHETIC_TEACHING_FIXTURE
SYN_REG_0785	custom_A_vs_BASE_B_vs_mean	1	1	-0.5	-1.90269129	SYNTHETIC_TEACHING_FIXTURE
SYN_REG_0786	custom_A_vs_BASE_B_vs_mean	1	0	1	-0.78734825	SYNTHETIC_TEACHING_FIXTURE
SYN_REG_0787	custom_A_vs_BASE_B_vs_mean	1	-1	-0.5	-1.20023602	SYNTHETIC_TEACHING_FIXTURE
SYN_REG_0788	custom_A_vs_BASE_B_vs_mean	1	1	-0.5	-0.31316439	SYNTHETIC_TEACHING_FIXTURE
SYN_REG_0789	custom_A_vs_BASE_B_vs_mean	1	0	1	-0.96125824	SYNTHETIC_TEACHING_FIXTURE
SYN_REG_0790	custom_A_vs_BASE_B_vs_mean	1	-1	-0.5	-1.62052993	SYNTHETIC_TEACHING_FIXTURE
SYN_REG_0791	custom_A_vs_BASE_B_vs_mean	1	1	-0.5	-1.71542718	SYNTHETIC_TEACHING_FIXTURE
SYN_REG_0792	custom_A_vs_BASE_B_vs_mean	1	0	1	-1.27478678	SYNTHETIC_TEACHING_FIXTURE
SYN_REG_0793	custom_A_vs_BASE_B_vs_mean	1	-1	-0.5	-1.70844277	SYNTHETIC_TEACHING_FIXTURE
SYN_REG_0794	custom_A_vs_BASE_B_vs_mean	1	1	-0.5	-2.33244429	SYNTHETIC_TEACHING_FIXTURE
SYN_REG_0795	custom_A_vs_BASE_B_vs_mean	1	0	1	-1.20816535	SYNTHETIC_TEACHING_FIXTURE
SYN_REG_0796	custom_A_vs_BASE_B_vs_mean	1	-1	-0.5	-2.60828368	SYNTHETIC_TEACHING_FIXTURE
SYN_REG_0797	custom_A_vs_BASE_B_vs_mean	1	1	-0.5	-2.1501932	SYNTHETIC_TEACHING_FIXTURE
SYN_REG_0798	custom_A_vs_BASE_B_vs_mean	1	0	1	-0.70937989	SYNTHETIC_TEACHING_FIXTURE
SYN_REG_0799	custom_A_vs_BASE_B_vs_mean	1	-1	-0.5	-1.02530752	SYNTHETIC_TEACHING_FIXTURE
SYN_REG_0800	custom_A_vs_BASE_B_vs_mean	1	1	-0.5	-2.23463074	SYNTHETIC_TEACHING_FIXTURE
SYN_REG_0801	custom_A_vs_BASE_B_vs_mean	1	0	1	-1.37212489	SYNTHETIC_TEACHING_FIXTURE
SYN_REG_0802	custom_A_vs_BASE_B_vs_mean	1	-1	-0.5	-2.14519411	SYNTHETIC_TEACHING_FIXTURE
SYN_REG_0803	custom_A_vs_BASE_B_vs_mean	1	1	-0.5	-1.18029734	SYNTHETIC_TEACHING_FIXTURE
SYN_REG_0804	custom_A_vs_BASE_B_vs_mean	1	0	1	-1.63257113	SYNTHETIC_TEACHING_FIXTURE
SYN_REG_0805	custom_A_vs_BASE_B_vs_mean	1	-1	-0.5	-1.43287791	SYNTHETIC_TEACHING_FIXTURE
SYN_REG_0806	custom_A_vs_BASE_B_vs_mean	1	1	-0.5	0.23631622	SYNTHETIC_TEACHING_FIXTURE
SYN_REG_0807	custom_A_vs_BASE_B_vs_mean	1	0	1	-0.45806053	SYNTHETIC_TEACHING_FIXTURE
SYN_REG_0808	custom_A_vs_BASE_B_vs_mean	1	-1	-0.5	-0.87852154	SYNTHETIC_TEACHING_FIXTURE
SYN_REG_0809	custom_A_vs_BASE_B_vs_mean	1	1	-0.5	-1.60332056	SYNTHETIC_TEACHING_FIXTURE
SYN_REG_0810	custom_A_vs_BASE_B_vs_mean	1	0	1	-1.85909593	SYNTHETIC_TEACHING_FIXTURE
SYN_REG_0811	custom_A_vs_BASE_B_vs_mean	1	-1	-0.5	-2.7820027	SYNTHETIC_TEACHING_FIXTURE
SYN_REG_0812	custom_A_vs_BASE_B_vs_mean	1	1	-0.5	-0.99800248	SYNTHETIC_TEACHING_FIXTURE
SYN_REG_0813	custom_A_vs_BASE_B_vs_mean	1	0	1	-1.57249248	SYNTHETIC_TEACHING_FIXTURE
SYN_REG_0814	custom_A_vs_BASE_B_vs_mean	1	-1	-0.5	-1.91241695	SYNTHETIC_TEACHING_FIXTURE
SYN_REG_0815	custom_A_vs_BASE_B_vs_mean	1	1	-0.5	-1.20831653	SYNTHETIC_TEACHING_FIXTURE
SYN_REG_0816	custom_A_vs_BASE_B_vs_mean	1	0	1	-0.54483351	SYNTHETIC_TEACHING_FIXTURE
SYN_REG_0817	custom_A_vs_BASE_B_vs_mean	1	-1	-0.5	-1.95209142	SYNTHETIC_TEACHING_FIXTURE
SYN_REG_0818	custom_A_vs_BASE_B_vs_mean	1	1	-0.5	-2.00885192	SYNTHETIC_TEACHING_FIXTURE
SYN_REG_0819	custom_A_vs_BASE_B_vs_mean	1	0	1	-0.38458996	SYNTHETIC_TEACHING_FIXTURE
SYN_REG_0820	custom_A_vs_BASE_B_vs_mean	1	-1	-0.5	-1.85700916	SYNTHETIC_TEACHING_FIXTURE
SYN_REG_0821	custom_A_vs_BASE_B_vs_mean	1	1	-0.5	-1.76075522	SYNTHETIC_TEACHING_FIXTURE
SYN_REG_0822	custom_A_vs_BASE_B_vs_mean	1	0	1	-1.58555219	SYNTHETIC_TEACHING_FIXTURE
SYN_REG_0823	custom_A_vs_BASE_B_vs_mean	1	-1	-0.5	-1.41049836	SYNTHETIC_TEACHING_FIXTURE
SYN_REG_0824	custom_A_vs_BASE_B_vs_mean	1	1	-0.5	-1.94593853	SYNTHETIC_TEACHING_FIXTURE
SYN_REG_0825	custom_A_vs_BASE_B_vs_mean	1	0	1	-1.11279266	SYNTHETIC_TEACHING_FIXTURE
SYN_REG_0826	custom_A_vs_BASE_B_vs_mean	1	-1	-0.5	-0.71956507	SYNTHETIC_TEACHING_FIXTURE
SYN_REG_0827	custom_A_vs_BASE_B_vs_mean	1	1	-0.5	-1.39537973	SYNTHETIC_TEACHING_FIXTURE
SYN_REG_0828	custom_A_vs_BASE_B_vs_mean	1	0	1	-1.80043167	SYNTHETIC_TEACHING_FIXTURE
SYN_REG_0829	custom_A_vs_BASE_B_vs_mean	1	-1	-0.5	-0.46197148	SYNTHETIC_TEACHING_FIXTURE
SYN_REG_0830	custom_A_vs_BASE_B_vs_mean	1	1	-0.5	-3.34662779	SYNTHETIC_TEACHING_FIXTURE
SYN_REG_0831	custom_A_vs_BASE_B_vs_mean	1	0	1	-0.9263541	SYNTHETIC_TEACHING_FIXTURE
SYN_REG_0832	custom_A_vs_BASE_B_vs_mean	1	-1	-0.5	-1.8344466	SYNTHETIC_TEACHING_FIXTURE
SYN_REG_0833	custom_A_vs_BASE_B_vs_mean	1	1	-0.5	-0.83775297	SYNTHETIC_TEACHING_FIXTURE
SYN_REG_0834	custom_A_vs_BASE_B_vs_mean	1	0	1	-1.44405376	SYNTHETIC_TEACHING_FIXTURE
SYN_REG_0835	custom_A_vs_BASE_B_vs_mean	1	-1	-0.5	-0.31183355	SYNTHETIC_TEACHING_FIXTURE
SYN_REG_0836	custom_A_vs_BASE_B_vs_mean	1	1	-0.5	0.28145129	SYNTHETIC_TEACHING_FIXTURE
SYN_REG_0837	custom_A_vs_BASE_B_vs_mean	1	0	1	-1.58131897	SYNTHETIC_TEACHING_FIXTURE
SYN_REG_0838	custom_A_vs_BASE_B_vs_mean	1	-1	-0.5	-1.73802356	SYNTHETIC_TEACHING_FIXTURE
SYN_REG_0839	custom_A_vs_BASE_B_vs_mean	1	1	-0.5	-0.22485568	SYNTHETIC_TEACHING_FIXTURE
SYN_REG_0840	custom_A_vs_BASE_B_vs_mean	1	0	1	-0.97698758	SYNTHETIC_TEACHING_FIXTURE
SYN_REG_0841	custom_A_vs_BASE_B_vs_mean	1	-1	-0.5	-0.76316839	SYNTHETIC_TEACHING_FIXTURE
SYN_REG_0842	custom_A_vs_BASE_B_vs_mean	1	1	-0.5	-0.71386973	SYNTHETIC_TEACHING_FIXTURE
SYN_REG_0843	custom_A_vs_BASE_B_vs_mean	1	0	1	-1.6477176	SYNTHETIC_TEACHING_FIXTURE
SYN_REG_0844	custom_A_vs_BASE_B_vs_mean	1	-1	-0.5	-1.88498261	SYNTHETIC_TEACHING_FIXTURE
SYN_REG_0845	custom_A_vs_BASE_B_vs_mean	1	1	-0.5	-1.61308799	SYNTHETIC_TEACHING_FIXTURE
SYN_REG_0846	custom_A_vs_BASE_B_vs_mean	1	0	1	-1.8393701	SYNTHETIC_TEACHING_FIXTURE
SYN_REG_0847	custom_A_vs_BASE_B_vs_mean	1	-1	-0.5	-0.86109136	SYNTHETIC_TEACHING_FIXTURE
SYN_REG_0848	custom_A_vs_BASE_B_vs_mean	1	1	-0.5	-1.34955636	SYNTHETIC_TEACHING_FIXTURE
SYN_REG_0849	custom_A_vs_BASE_B_vs_mean	1	0	1	-1.92536526	SYNTHETIC_TEACHING_FIXTURE
SYN_REG_0850	custom_A_vs_BASE_B_vs_mean	1	-1	-0.5	-1.16287312	SYNTHETIC_TEACHING_FIXTURE
SYN_REG_0851	custom_A_vs_BASE_B_vs_mean	1	1	-0.5	-1.33193918	SYNTHETIC_TEACHING_FIXTURE
SYN_REG_0852	custom_A_vs_BASE_B_vs_mean	1	0	1	-1.85442706	SYNTHETIC_TEACHING_FIXTURE
SYN_REG_0853	custom_A_vs_BASE_B_vs_mean	1	-1	-0.5	-1.07204397	SYNTHETIC_TEACHING_FIXTURE
SYN_REG_0854	custom_A_vs_BASE_B_vs_mean	1	1	-0.5	-1.9129461	SYNTHETIC_TEACHING_FIXTURE
SYN_REG_0855	custom_A_vs_BASE_B_vs_mean	1	0	1	-1.27005425	SYNTHETIC_TEACHING_FIXTURE
SYN_REG_0856	custom_A_vs_BASE_B_vs_mean	1	-1	-0.5	-2.01724674	SYNTHETIC_TEACHING_FIXTURE
SYN_REG_0857	custom_A_vs_BASE_B_vs_mean	1	1	-0.5	-0.94373257	SYNTHETIC_TEACHING_FIXTURE
SYN_REG_0858	custom_A_vs_BASE_B_vs_mean	1	0	1	-1.3607899	SYNTHETIC_TEACHING_FIXTURE
SYN_REG_0859	custom_A_vs_BASE_B_vs_mean	1	-1	-0.5	-0.28503578	SYNTHETIC_TEACHING_FIXTURE
SYN_REG_0860	custom_A_vs_BASE_B_vs_mean	1	1	-0.5	-0.81752782	SYNTHETIC_TEACHING_FIXTURE
SYN_REG_0861	custom_A_vs_BASE_B_vs_mean	1	0	1	-2.48088934	SYNTHETIC_TEACHING_FIXTURE
SYN_REG_0862	custom_A_vs_BASE_B_vs_mean	1	-1	-0.5	-0.75659179	SYNTHETIC_TEACHING_FIXTURE
SYN_REG_0863	custom_A_vs_BASE_B_vs_mean	1	1	-0.5	-2.64703313	SYNTHETIC_TEACHING_FIXTURE
SYN_REG_0864	custom_A_vs_BASE_B_vs_mean	1	0	1	-0.82936213	SYNTHETIC_TEACHING_FIXTURE
SYN_REG_0865	custom_A_vs_BASE_B_vs_mean	1	-1	-0.5	-1.3820813	SYNTHETIC_TEACHING_FIXTURE
SYN_REG_0866	custom_A_vs_BASE_B_vs_mean	1	1	-0.5	-0.81345375	SYNTHETIC_TEACHING_FIXTURE
SYN_REG_0867	custom_A_vs_BASE_B_vs_mean	1	0	1	0.20216204	SYNTHETIC_TEACHING_FIXTURE
SYN_REG_0868	custom_A_vs_BASE_B_vs_mean	1	-1	-0.5	-1.02635985	SYNTHETIC_TEACHING_FIXTURE
SYN_REG_0869	custom_A_vs_BASE_B_vs_mean	1	1	-0.5	-0.52948213	SYNTHETIC_TEACHING_FIXTURE
SYN_REG_0870	custom_A_vs_BASE_B_vs_mean	1	0	1	-0.37896623	SYNTHETIC_TEACHING_FIXTURE
SYN_REG_0871	custom_A_vs_BASE_B_vs_mean	1	-1	-0.5	-0.92282112	SYNTHETIC_TEACHING_FIXTURE
SYN_REG_0872	custom_A_vs_BASE_B_vs_mean	1	1	-0.5	-0.42606872	SYNTHETIC_TEACHING_FIXTURE
SYN_REG_0873	custom_A_vs_BASE_B_vs_mean	1	0	1	-0.17599665	SYNTHETIC_TEACHING_FIXTURE
SYN_REG_0874	custom_A_vs_BASE_B_vs_mean	1	-1	-0.5	-0.20050872	SYNTHETIC_TEACHING_FIXTURE
SYN_REG_0875	custom_A_vs_BASE_B_vs_mean	1	1	-0.5	0.34506292	SYNTHETIC_TEACHING_FIXTURE
SYN_REG_0876	custom_A_vs_BASE_B_vs_mean	1	0	1	-0.18259314	SYNTHETIC_TEACHING_FIXTURE
SYN_REG_0877	custom_A_vs_BASE_B_vs_mean	1	-1	-0.5	-1.31091235	SYNTHETIC_TEACHING_FIXTURE
SYN_REG_0878	custom_A_vs_BASE_B_vs_mean	1	1	-0.5	-1.04658699	SYNTHETIC_TEACHING_FIXTURE
SYN_REG_0879	custom_A_vs_BASE_B_vs_mean	1	0	1	-0.13925042	SYNTHETIC_TEACHING_FIXTURE
SYN_REG_0880	custom_A_vs_BASE_B_vs_mean	1	-1	-0.5	-1.18476131	SYNTHETIC_TEACHING_FIXTURE
SYN_REG_0881	custom_A_vs_BASE_B_vs_mean	1	1	-0.5	-0.62233836	SYNTHETIC_TEACHING_FIXTURE
SYN_REG_0882	custom_A_vs_BASE_B_vs_mean	1	0	1	-0.34136461	SYNTHETIC_TEACHING_FIXTURE
SYN_REG_0883	custom_A_vs_BASE_B_vs_mean	1	-1	-0.5	-2.06977801	SYNTHETIC_TEACHING_FIXTURE
SYN_REG_0884	custom_A_vs_BASE_B_vs_mean	1	1	-0.5	-1.40419031	SYNTHETIC_TEACHING_FIXTURE
SYN_REG_0885	custom_A_vs_BASE_B_vs_mean	1	0	1	-1.11478991	SYNTHETIC_TEACHING_FIXTURE
SYN_REG_0886	custom_A_vs_BASE_B_vs_mean	1	-1	-0.5	0.14775288	SYNTHETIC_TEACHING_FIXTURE
SYN_REG_0887	custom_A_vs_BASE_B_vs_mean	1	1	-0.5	-0.42202846	SYNTHETIC_TEACHING_FIXTURE
SYN_REG_0888	custom_A_vs_BASE_B_vs_mean	1	0	1	0.01767498	SYNTHETIC_TEACHING_FIXTURE
SYN_REG_0889	custom_A_vs_BASE_B_vs_mean	1	-1	-0.5	-0.58376	SYNTHETIC_TEACHING_FIXTURE
SYN_REG_0890	custom_A_vs_BASE_B_vs_mean	1	1	-0.5	-1.98935486	SYNTHETIC_TEACHING_FIXTURE
SYN_REG_0891	custom_A_vs_BASE_B_vs_mean	1	0	1	-0.64030367	SYNTHETIC_TEACHING_FIXTURE
SYN_REG_0892	custom_A_vs_BASE_B_vs_mean	1	-1	-0.5	-0.10466656	SYNTHETIC_TEACHING_FIXTURE
SYN_REG_0893	custom_A_vs_BASE_B_vs_mean	1	1	-0.5	-1.3534315	SYNTHETIC_TEACHING_FIXTURE
SYN_REG_0894	custom_A_vs_BASE_B_vs_mean	1	0	1	-0.89751532	SYNTHETIC_TEACHING_FIXTURE
SYN_REG_0895	custom_A_vs_BASE_B_vs_mean	1	-1	-0.5	-1.39788027	SYNTHETIC_TEACHING_FIXTURE
SYN_REG_0896	custom_A_vs_BASE_B_vs_mean	1	1	-0.5	-0.2035404	SYNTHETIC_TEACHING_FIXTURE
SYN_REG_0897	custom_A_vs_BASE_B_vs_mean	1	0	1	-0.89735219	SYNTHETIC_TEACHING_FIXTURE
SYN_REG_0898	custom_A_vs_BASE_B_vs_mean	1	-1	-0.5	1.1986269	SYNTHETIC_TEACHING_FIXTURE
SYN_REG_0899	custom_A_vs_BASE_B_vs_mean	1	1	-0.5	-0.43092458	SYNTHETIC_TEACHING_FIXTURE
SYN_REG_0900	custom_A_vs_BASE_B_vs_mean	1	0	1	-0.01109617	SYNTHETIC_TEACHING_FIXTURE
SYN_REG_0901	custom_A_vs_BASE_B_vs_mean	1	-1	-0.5	-1.04144665	SYNTHETIC_TEACHING_FIXTURE
SYN_REG_0902	custom_A_vs_BASE_B_vs_mean	1	1	-0.5	-0.86524102	SYNTHETIC_TEACHING_FIXTURE
SYN_REG_0903	custom_A_vs_BASE_B_vs_mean	1	0	1	-0.5547561	SYNTHETIC_TEACHING_FIXTURE
SYN_REG_0904	custom_A_vs_BASE_B_vs_mean	1	-1	-0.5	0.25858039	SYNTHETIC_TEACHING_FIXTURE
SYN_REG_0905	custom_A_vs_BASE_B_vs_mean	1	1	-0.5	-1.24762497	SYNTHETIC_TEACHING_FIXTURE
SYN_REG_0906	custom_A_vs_BASE_B_vs_mean	1	0	1	-0.63890918	SYNTHETIC_TEACHING_FIXTURE
SYN_REG_0907	custom_A_vs_BASE_B_vs_mean	1	-1	-0.5	0.00982324	SYNTHETIC_TEACHING_FIXTURE
SYN_REG_0908	custom_A_vs_BASE_B_vs_mean	1	1	-0.5	0.82892868	SYNTHETIC_TEACHING_FIXTURE
SYN_REG_0909	custom_A_vs_BASE_B_vs_mean	1	0	1	0.0354334	SYNTHETIC_TEACHING_FIXTURE
SYN_REG_0910	custom_A_vs_BASE_B_vs_mean	1	-1	-0.5	-1.0140521	SYNTHETIC_TEACHING_FIXTURE
SYN_REG_0911	custom_A_vs_BASE_B_vs_mean	1	1	-0.5	-0.95613382	SYNTHETIC_TEACHING_FIXTURE
SYN_REG_0912	custom_A_vs_BASE_B_vs_mean	1	0	1	-0.01444813	SYNTHETIC_TEACHING_FIXTURE
SYN_REG_0913	custom_A_vs_BASE_B_vs_mean	1	-1	-0.5	-0.46273736	SYNTHETIC_TEACHING_FIXTURE
SYN_REG_0914	custom_A_vs_BASE_B_vs_mean	1	1	-0.5	-1.23151368	SYNTHETIC_TEACHING_FIXTURE
SYN_REG_0915	custom_A_vs_BASE_B_vs_mean	1	0	1	-0.9758139	SYNTHETIC_TEACHING_FIXTURE
SYN_REG_0916	custom_A_vs_BASE_B_vs_mean	1	-1	-0.5	-1.38997482	SYNTHETIC_TEACHING_FIXTURE
SYN_REG_0917	custom_A_vs_BASE_B_vs_mean	1	1	-0.5	0.48017175	SYNTHETIC_TEACHING_FIXTURE
SYN_REG_0918	custom_A_vs_BASE_B_vs_mean	1	0	1	-1.45070595	SYNTHETIC_TEACHING_FIXTURE
SYN_REG_0919	custom_A_vs_BASE_B_vs_mean	1	-1	-0.5	-1.06017386	SYNTHETIC_TEACHING_FIXTURE
SYN_REG_0920	custom_A_vs_BASE_B_vs_mean	1	1	-0.5	0.2849624	SYNTHETIC_TEACHING_FIXTURE
SYN_REG_0921	custom_A_vs_BASE_B_vs_mean	1	0	1	-1.74743491	SYNTHETIC_TEACHING_FIXTURE
SYN_REG_0922	custom_A_vs_BASE_B_vs_mean	1	-1	-0.5	-1.36765694	SYNTHETIC_TEACHING_FIXTURE
SYN_REG_0923	custom_A_vs_BASE_B_vs_mean	1	1	-0.5	-2.0065145	SYNTHETIC_TEACHING_FIXTURE
SYN_REG_0924	custom_A_vs_BASE_B_vs_mean	1	0	1	-1.68032212	SYNTHETIC_TEACHING_FIXTURE
SYN_REG_0925	custom_A_vs_BASE_B_vs_mean	1	-1	-0.5	-1.67916236	SYNTHETIC_TEACHING_FIXTURE
SYN_REG_0926	custom_A_vs_BASE_B_vs_mean	1	1	-0.5	-2.6611591	SYNTHETIC_TEACHING_FIXTURE
SYN_REG_0927	custom_A_vs_BASE_B_vs_mean	1	0	1	-1.02191378	SYNTHETIC_TEACHING_FIXTURE
SYN_REG_0928	custom_A_vs_BASE_B_vs_mean	1	-1	-0.5	-2.09815329	SYNTHETIC_TEACHING_FIXTURE
SYN_REG_0929	custom_A_vs_BASE_B_vs_mean	1	1	-0.5	0.27511937	SYNTHETIC_TEACHING_FIXTURE
SYN_REG_0930	custom_A_vs_BASE_B_vs_mean	1	0	1	-1.34690065	SYNTHETIC_TEACHING_FIXTURE
SYN_REG_0931	custom_A_vs_BASE_B_vs_mean	1	-1	-0.5	-0.47433096	SYNTHETIC_TEACHING_FIXTURE
SYN_REG_0932	custom_A_vs_BASE_B_vs_mean	1	1	-0.5	-1.17017382	SYNTHETIC_TEACHING_FIXTURE
SYN_REG_0933	custom_A_vs_BASE_B_vs_mean	1	0	1	-0.74152886	SYNTHETIC_TEACHING_FIXTURE
SYN_REG_0934	custom_A_vs_BASE_B_vs_mean	1	-1	-0.5	-1.08248578	SYNTHETIC_TEACHING_FIXTURE
SYN_REG_0935	custom_A_vs_BASE_B_vs_mean	1	1	-0.5	-0.47337809	SYNTHETIC_TEACHING_FIXTURE
SYN_REG_0936	custom_A_vs_BASE_B_vs_mean	1	0	1	0.21517003	SYNTHETIC_TEACHING_FIXTURE
SYN_REG_0937	custom_A_vs_BASE_B_vs_mean	1	-1	-0.5	-1.20150718	SYNTHETIC_TEACHING_FIXTURE
SYN_REG_0938	custom_A_vs_BASE_B_vs_mean	1	1	-0.5	-0.73364131	SYNTHETIC_TEACHING_FIXTURE
SYN_REG_0939	custom_A_vs_BASE_B_vs_mean	1	0	1	-1.20055431	SYNTHETIC_TEACHING_FIXTURE
SYN_REG_0940	custom_A_vs_BASE_B_vs_mean	1	-1	-0.5	-1.17698715	SYNTHETIC_TEACHING_FIXTURE
SYN_REG_0941	custom_A_vs_BASE_B_vs_mean	1	1	-0.5	-0.82753795	SYNTHETIC_TEACHING_FIXTURE
SYN_REG_0942	custom_A_vs_BASE_B_vs_mean	1	0	1	-1.07602455	SYNTHETIC_TEACHING_FIXTURE
SYN_REG_0943	custom_A_vs_BASE_B_vs_mean	1	-1	-0.5	-1.91800885	SYNTHETIC_TEACHING_FIXTURE
SYN_REG_0944	custom_A_vs_BASE_B_vs_mean	1	1	-0.5	-1.27951732	SYNTHETIC_TEACHING_FIXTURE
SYN_REG_0945	custom_A_vs_BASE_B_vs_mean	1	0	1	-0.98537047	SYNTHETIC_TEACHING_FIXTURE
SYN_REG_0946	custom_A_vs_BASE_B_vs_mean	1	-1	-0.5	-1.31786294	SYNTHETIC_TEACHING_FIXTURE
SYN_REG_0947	custom_A_vs_BASE_B_vs_mean	1	1	-0.5	-1.46031424	SYNTHETIC_TEACHING_FIXTURE
SYN_REG_0948	custom_A_vs_BASE_B_vs_mean	1	0	1	-0.93778856	SYNTHETIC_TEACHING_FIXTURE
SYN_REG_0949	custom_A_vs_BASE_B_vs_mean	1	-1	-0.5	-2.12120721	SYNTHETIC_TEACHING_FIXTURE
SYN_REG_0950	custom_A_vs_BASE_B_vs_mean	1	1	-0.5	-1.02160942	SYNTHETIC_TEACHING_FIXTURE
SYN_REG_0951	custom_A_vs_BASE_B_vs_mean	1	0	1	-1.49782038	SYNTHETIC_TEACHING_FIXTURE
SYN_REG_0952	custom_A_vs_BASE_B_vs_mean	1	-1	-0.5	-1.39140711	SYNTHETIC_TEACHING_FIXTURE
SYN_REG_0953	custom_A_vs_BASE_B_vs_mean	1	1	-0.5	-1.33966161	SYNTHETIC_TEACHING_FIXTURE
SYN_REG_0954	custom_A_vs_BASE_B_vs_mean	1	0	1	-1.53604266	SYNTHETIC_TEACHING_FIXTURE
SYN_REG_0955	custom_A_vs_BASE_B_vs_mean	1	-1	-0.5	-0.68023476	SYNTHETIC_TEACHING_FIXTURE
SYN_REG_0956	custom_A_vs_BASE_B_vs_mean	1	1	-0.5	-1.32190518	SYNTHETIC_TEACHING_FIXTURE
SYN_REG_0957	custom_A_vs_BASE_B_vs_mean	1	0	1	-2.7235314	SYNTHETIC_TEACHING_FIXTURE
SYN_REG_0958	custom_A_vs_BASE_B_vs_mean	1	-1	-0.5	-3.44277432	SYNTHETIC_TEACHING_FIXTURE
SYN_REG_0959	custom_A_vs_BASE_B_vs_mean	1	1	-0.5	-1.06031709	SYNTHETIC_TEACHING_FIXTURE
SYN_REG_0960	custom_A_vs_BASE_B_vs_mean	1	0	1	-0.52927127	SYNTHETIC_TEACHING_FIXTURE
SYN_REG_0961	custom_A_vs_BASE_B_vs_mean	1	-1	-0.5	-2.01384903	SYNTHETIC_TEACHING_FIXTURE
SYN_REG_0962	custom_A_vs_BASE_B_vs_mean	1	1	-0.5	-0.87706339	SYNTHETIC_TEACHING_FIXTURE
SYN_REG_0963	custom_A_vs_BASE_B_vs_mean	1	0	1	-0.90678343	SYNTHETIC_TEACHING_FIXTURE
SYN_REG_0964	custom_A_vs_BASE_B_vs_mean	1	-1	-0.5	-1.99578027	SYNTHETIC_TEACHING_FIXTURE
SYN_REG_0965	custom_A_vs_BASE_B_vs_mean	1	1	-0.5	-1.08415678	SYNTHETIC_TEACHING_FIXTURE
SYN_REG_0966	custom_A_vs_BASE_B_vs_mean	1	0	1	-1.05088983	SYNTHETIC_TEACHING_FIXTURE
SYN_REG_0967	custom_A_vs_BASE_B_vs_mean	1	-1	-0.5	-1.41687404	SYNTHETIC_TEACHING_FIXTURE
SYN_REG_0968	custom_A_vs_BASE_B_vs_mean	1	1	-0.5	-1.36115195	SYNTHETIC_TEACHING_FIXTURE
SYN_REG_0969	custom_A_vs_BASE_B_vs_mean	1	0	1	-1.10457489	SYNTHETIC_TEACHING_FIXTURE
SYN_REG_0970	custom_A_vs_BASE_B_vs_mean	1	-1	-0.5	-1.91951276	SYNTHETIC_TEACHING_FIXTURE
SYN_REG_0971	custom_A_vs_BASE_B_vs_mean	1	1	-0.5	-0.79423121	SYNTHETIC_TEACHING_FIXTURE
SYN_REG_0972	custom_A_vs_BASE_B_vs_mean	1	0	1	-1.96938832	SYNTHETIC_TEACHING_FIXTURE
SYN_REG_0973	custom_A_vs_BASE_B_vs_mean	1	-1	-0.5	0.11437254	SYNTHETIC_TEACHING_FIXTURE
SYN_REG_0974	custom_A_vs_BASE_B_vs_mean	1	1	-0.5	-0.15996294	SYNTHETIC_TEACHING_FIXTURE
SYN_REG_0975	custom_A_vs_BASE_B_vs_mean	1	0	1	-1.77480361	SYNTHETIC_TEACHING_FIXTURE
SYN_REG_0976	custom_A_vs_BASE_B_vs_mean	1	-1	-0.5	-0.8761702	SYNTHETIC_TEACHING_FIXTURE
SYN_REG_0977	custom_A_vs_BASE_B_vs_mean	1	1	-0.5	-0.33126497	SYNTHETIC_TEACHING_FIXTURE
SYN_REG_0978	custom_A_vs_BASE_B_vs_mean	1	0	1	-0.17870805	SYNTHETIC_TEACHING_FIXTURE
SYN_REG_0979	custom_A_vs_BASE_B_vs_mean	1	-1	-0.5	-0.86255349	SYNTHETIC_TEACHING_FIXTURE
SYN_REG_0980	custom_A_vs_BASE_B_vs_mean	1	1	-0.5	-0.58250475	SYNTHETIC_TEACHING_FIXTURE
SYN_REG_0981	custom_A_vs_BASE_B_vs_mean	1	0	1	0.54277481	SYNTHETIC_TEACHING_FIXTURE
SYN_REG_0982	custom_A_vs_BASE_B_vs_mean	1	-1	-0.5	-0.39521876	SYNTHETIC_TEACHING_FIXTURE
SYN_REG_0983	custom_A_vs_BASE_B_vs_mean	1	1	-0.5	0.48200985	SYNTHETIC_TEACHING_FIXTURE
SYN_REG_0984	custom_A_vs_BASE_B_vs_mean	1	0	1	-0.154379	SYNTHETIC_TEACHING_FIXTURE
SYN_REG_0985	custom_A_vs_BASE_B_vs_mean	1	-1	-0.5	-1.14589649	SYNTHETIC_TEACHING_FIXTURE
SYN_REG_0986	custom_A_vs_BASE_B_vs_mean	1	1	-0.5	0.09739392	SYNTHETIC_TEACHING_FIXTURE
SYN_REG_0987	custom_A_vs_BASE_B_vs_mean	1	0	1	-0.80050743	SYNTHETIC_TEACHING_FIXTURE
SYN_REG_0988	custom_A_vs_BASE_B_vs_mean	1	-1	-0.5	0.56297409	SYNTHETIC_TEACHING_FIXTURE
SYN_REG_0989	custom_A_vs_BASE_B_vs_mean	1	1	-0.5	-1.69388512	SYNTHETIC_TEACHING_FIXTURE
SYN_REG_0990	custom_A_vs_BASE_B_vs_mean	1	0	1	-0.21218587	SYNTHETIC_TEACHING_FIXTURE
SYN_REG_0991	custom_A_vs_BASE_B_vs_mean	1	-1	-0.5	-1.03862186	SYNTHETIC_TEACHING_FIXTURE
SYN_REG_0992	custom_A_vs_BASE_B_vs_mean	1	1	-0.5	-0.42399588	SYNTHETIC_TEACHING_FIXTURE
SYN_REG_0993	custom_A_vs_BASE_B_vs_mean	1	0	1	-0.09437594	SYNTHETIC_TEACHING_FIXTURE
SYN_REG_0994	custom_A_vs_BASE_B_vs_mean	1	-1	-0.5	-0.6298758	SYNTHETIC_TEACHING_FIXTURE
SYN_REG_0995	custom_A_vs_BASE_B_vs_mean	1	1	-0.5	0.52674309	SYNTHETIC_TEACHING_FIXTURE
SYN_REG_0996	custom_A_vs_BASE_B_vs_mean	1	0	1	-1.05870775	SYNTHETIC_TEACHING_FIXTURE
SYN_REG_0997	custom_A_vs_BASE_B_vs_mean	1	-1	-0.5	0.46277737	SYNTHETIC_TEACHING_FIXTURE
SYN_REG_0998	custom_A_vs_BASE_B_vs_mean	1	1	-0.5	1.41600096	SYNTHETIC_TEACHING_FIXTURE
SYN_REG_0999	custom_A_vs_BASE_B_vs_mean	1	0	1	-0.48222846	SYNTHETIC_TEACHING_FIXTURE
SYN_REG_1000	custom_A_vs_BASE_B_vs_mean	1	-1	-0.5	-1.26862196	SYNTHETIC_TEACHING_FIXTURE
SYN_REG_1001	custom_A_vs_BASE_B_vs_mean	1	1	-0.5	-1.39447261	SYNTHETIC_TEACHING_FIXTURE
SYN_REG_1002	custom_A_vs_BASE_B_vs_mean	1	0	1	-0.90261785	SYNTHETIC_TEACHING_FIXTURE
SYN_REG_1003	custom_A_vs_BASE_B_vs_mean	1	-1	-0.5	-1.1637862	SYNTHETIC_TEACHING_FIXTURE
SYN_REG_1004	custom_A_vs_BASE_B_vs_mean	1	1	-0.5	-0.46643745	SYNTHETIC_TEACHING_FIXTURE
SYN_REG_1005	custom_A_vs_BASE_B_vs_mean	1	0	1	-0.84508152	SYNTHETIC_TEACHING_FIXTURE
SYN_REG_1006	custom_A_vs_BASE_B_vs_mean	1	-1	-0.5	-1.37626859	SYNTHETIC_TEACHING_FIXTURE
SYN_REG_1007	custom_A_vs_BASE_B_vs_mean	1	1	-0.5	-0.66900321	SYNTHETIC_TEACHING_FIXTURE
SYN_REG_1008	custom_A_vs_BASE_B_vs_mean	1	0	1	-0.96457439	SYNTHETIC_TEACHING_FIXTURE
SYN_REG_1009	custom_A_vs_BASE_B_vs_mean	1	-1	-0.5	-1.20922365	SYNTHETIC_TEACHING_FIXTURE
SYN_REG_1010	custom_A_vs_BASE_B_vs_mean	1	1	-0.5	-0.28534014	SYNTHETIC_TEACHING_FIXTURE
SYN_REG_1011	custom_A_vs_BASE_B_vs_mean	1	0	1	-0.19856518	SYNTHETIC_TEACHING_FIXTURE
SYN_REG_1012	custom_A_vs_BASE_B_vs_mean	1	-1	-0.5	-0.57750765	SYNTHETIC_TEACHING_FIXTURE
SYN_REG_1013	custom_A_vs_BASE_B_vs_mean	1	1	-0.5	-1.20086265	SYNTHETIC_TEACHING_FIXTURE
SYN_REG_1014	custom_A_vs_BASE_B_vs_mean	1	0	1	0.85862087	SYNTHETIC_TEACHING_FIXTURE
SYN_REG_1015	custom_A_vs_BASE_B_vs_mean	1	-1	-0.5	0.14283137	SYNTHETIC_TEACHING_FIXTURE
SYN_REG_1016	custom_A_vs_BASE_B_vs_mean	1	1	-0.5	-0.56721306	SYNTHETIC_TEACHING_FIXTURE
SYN_REG_1017	custom_A_vs_BASE_B_vs_mean	1	0	1	-0.58857409	SYNTHETIC_TEACHING_FIXTURE
SYN_REG_1018	custom_A_vs_BASE_B_vs_mean	1	-1	-0.5	-0.47477458	SYNTHETIC_TEACHING_FIXTURE
SYN_REG_1019	custom_A_vs_BASE_B_vs_mean	1	1	-0.5	-0.22089102	SYNTHETIC_TEACHING_FIXTURE
SYN_REG_1020	custom_A_vs_BASE_B_vs_mean	1	0	1	-0.49297263	SYNTHETIC_TEACHING_FIXTURE
SYN_REG_1021	custom_A_vs_BASE_B_vs_mean	1	-1	-0.5	-2.07545545	SYNTHETIC_TEACHING_FIXTURE
SYN_REG_1022	custom_A_vs_BASE_B_vs_mean	1	1	-0.5	-0.76311866	SYNTHETIC_TEACHING_FIXTURE
SYN_REG_1023	custom_A_vs_BASE_B_vs_mean	1	0	1	0.19560732	SYNTHETIC_TEACHING_FIXTURE
SYN_REG_1024	custom_A_vs_BASE_B_vs_mean	1	-1	-0.5	-0.41711889	SYNTHETIC_TEACHING_FIXTURE
SYN_REG_1025	custom_A_vs_BASE_B_vs_mean	1	1	-0.5	-1.46907509	SYNTHETIC_TEACHING_FIXTURE
SYN_REG_1026	custom_A_vs_BASE_B_vs_mean	1	0	1	0.14116633	SYNTHETIC_TEACHING_FIXTURE
SYN_REG_1027	custom_A_vs_BASE_B_vs_mean	1	-1	-0.5	0.60866219	SYNTHETIC_TEACHING_FIXTURE
SYN_REG_1028	custom_A_vs_BASE_B_vs_mean	1	1	-0.5	1.14919495	SYNTHETIC_TEACHING_FIXTURE
SYN_REG_1029	custom_A_vs_BASE_B_vs_mean	1	0	1	0.80436489	SYNTHETIC_TEACHING_FIXTURE
SYN_REG_1030	custom_A_vs_BASE_B_vs_mean	1	-1	-0.5	0.14311385	SYNTHETIC_TEACHING_FIXTURE
SYN_REG_1031	custom_A_vs_BASE_B_vs_mean	1	1	-0.5	0.20617047	SYNTHETIC_TEACHING_FIXTURE
SYN_REG_1032	custom_A_vs_BASE_B_vs_mean	1	0	1	0.64536664	SYNTHETIC_TEACHING_FIXTURE
SYN_REG_1033	custom_A_vs_BASE_B_vs_mean	1	-1	-0.5	1.32081924	SYNTHETIC_TEACHING_FIXTURE
SYN_REG_1034	custom_A_vs_BASE_B_vs_mean	1	1	-0.5	1.17391192	SYNTHETIC_TEACHING_FIXTURE
SYN_REG_1035	custom_A_vs_BASE_B_vs_mean	1	0	1	1.04698904	SYNTHETIC_TEACHING_FIXTURE
SYN_REG_1036	custom_A_vs_BASE_B_vs_mean	1	-1	-0.5	1.10288421	SYNTHETIC_TEACHING_FIXTURE
SYN_REG_1037	custom_A_vs_BASE_B_vs_mean	1	1	-0.5	0.9988939	SYNTHETIC_TEACHING_FIXTURE
SYN_REG_1038	custom_A_vs_BASE_B_vs_mean	1	0	1	2.64019415	SYNTHETIC_TEACHING_FIXTURE
SYN_REG_1039	custom_A_vs_BASE_B_vs_mean	1	-1	-0.5	0.38026347	SYNTHETIC_TEACHING_FIXTURE
SYN_REG_1040	custom_A_vs_BASE_B_vs_mean	1	1	-0.5	1.70783427	SYNTHETIC_TEACHING_FIXTURE
SYN_REG_1041	custom_A_vs_BASE_B_vs_mean	1	0	1	0.47168343	SYNTHETIC_TEACHING_FIXTURE
SYN_REG_1042	custom_A_vs_BASE_B_vs_mean	1	-1	-0.5	0.59729338	SYNTHETIC_TEACHING_FIXTURE
SYN_REG_1043	custom_A_vs_BASE_B_vs_mean	1	1	-0.5	0.43417531	SYNTHETIC_TEACHING_FIXTURE
SYN_REG_1044	custom_A_vs_BASE_B_vs_mean	1	0	1	0.56327248	SYNTHETIC_TEACHING_FIXTURE
SYN_REG_1045	custom_A_vs_BASE_B_vs_mean	1	-1	-0.5	0.88780778	SYNTHETIC_TEACHING_FIXTURE
SYN_REG_1046	custom_A_vs_BASE_B_vs_mean	1	1	-0.5	0.03773302	SYNTHETIC_TEACHING_FIXTURE
SYN_REG_1047	custom_A_vs_BASE_B_vs_mean	1	0	1	-0.03083394	SYNTHETIC_TEACHING_FIXTURE
SYN_REG_1048	custom_A_vs_BASE_B_vs_mean	1	-1	-0.5	1.03255274	SYNTHETIC_TEACHING_FIXTURE
SYN_REG_1049	custom_A_vs_BASE_B_vs_mean	1	1	-0.5	0.20224758	SYNTHETIC_TEACHING_FIXTURE
SYN_REG_1050	custom_A_vs_BASE_B_vs_mean	1	0	1	0.9052519	SYNTHETIC_TEACHING_FIXTURE
SYN_REG_1051	custom_A_vs_BASE_B_vs_mean	1	-1	-0.5	-0.8613619	SYNTHETIC_TEACHING_FIXTURE
SYN_REG_1052	custom_A_vs_BASE_B_vs_mean	1	1	-0.5	0.37593875	SYNTHETIC_TEACHING_FIXTURE
SYN_REG_1053	custom_A_vs_BASE_B_vs_mean	1	0	1	0.46406444	SYNTHETIC_TEACHING_FIXTURE
SYN_REG_1054	custom_A_vs_BASE_B_vs_mean	1	-1	-0.5	0.02732106	SYNTHETIC_TEACHING_FIXTURE
SYN_REG_1055	custom_A_vs_BASE_B_vs_mean	1	1	-0.5	1.0063637	SYNTHETIC_TEACHING_FIXTURE
SYN_REG_1056	custom_A_vs_BASE_B_vs_mean	1	0	1	0.02932229	SYNTHETIC_TEACHING_FIXTURE
SYN_REG_1057	custom_A_vs_BASE_B_vs_mean	1	-1	-0.5	1.13222031	SYNTHETIC_TEACHING_FIXTURE
SYN_REG_1058	custom_A_vs_BASE_B_vs_mean	1	1	-0.5	0.69029085	SYNTHETIC_TEACHING_FIXTURE
SYN_REG_1059	custom_A_vs_BASE_B_vs_mean	1	0	1	0.09337754	SYNTHETIC_TEACHING_FIXTURE
SYN_REG_1060	custom_A_vs_BASE_B_vs_mean	1	-1	-0.5	1.43350077	SYNTHETIC_TEACHING_FIXTURE
SYN_REG_1061	custom_A_vs_BASE_B_vs_mean	1	1	-0.5	2.0785331	SYNTHETIC_TEACHING_FIXTURE
SYN_REG_1062	custom_A_vs_BASE_B_vs_mean	1	0	1	0.80362885	SYNTHETIC_TEACHING_FIXTURE
SYN_REG_1063	custom_A_vs_BASE_B_vs_mean	1	-1	-0.5	0.9122363	SYNTHETIC_TEACHING_FIXTURE
SYN_REG_1064	custom_A_vs_BASE_B_vs_mean	1	1	-0.5	0.10601154	SYNTHETIC_TEACHING_FIXTURE
SYN_REG_1065	custom_A_vs_BASE_B_vs_mean	1	0	1	0.60826234	SYNTHETIC_TEACHING_FIXTURE
SYN_REG_1066	custom_A_vs_BASE_B_vs_mean	1	-1	-0.5	0.24217469	SYNTHETIC_TEACHING_FIXTURE
SYN_REG_1067	custom_A_vs_BASE_B_vs_mean	1	1	-0.5	0.20816772	SYNTHETIC_TEACHING_FIXTURE
SYN_REG_1068	custom_A_vs_BASE_B_vs_mean	1	0	1	0.61883743	SYNTHETIC_TEACHING_FIXTURE
SYN_REG_1069	custom_A_vs_BASE_B_vs_mean	1	-1	-0.5	-0.83960102	SYNTHETIC_TEACHING_FIXTURE
SYN_REG_1070	custom_A_vs_BASE_B_vs_mean	1	1	-0.5	1.24191592	SYNTHETIC_TEACHING_FIXTURE
SYN_REG_1071	custom_A_vs_BASE_B_vs_mean	1	0	1	0.68182442	SYNTHETIC_TEACHING_FIXTURE
SYN_REG_1072	custom_A_vs_BASE_B_vs_mean	1	-1	-0.5	-0.10135637	SYNTHETIC_TEACHING_FIXTURE
SYN_REG_1073	custom_A_vs_BASE_B_vs_mean	1	1	-0.5	0.53615444	SYNTHETIC_TEACHING_FIXTURE
SYN_REG_1074	custom_A_vs_BASE_B_vs_mean	1	0	1	1.46692289	SYNTHETIC_TEACHING_FIXTURE
SYN_REG_1075	custom_A_vs_BASE_B_vs_mean	1	-1	-0.5	1.40747883	SYNTHETIC_TEACHING_FIXTURE
SYN_REG_1076	custom_A_vs_BASE_B_vs_mean	1	1	-0.5	0.23973382	SYNTHETIC_TEACHING_FIXTURE
SYN_REG_1077	custom_A_vs_BASE_B_vs_mean	1	0	1	1.39239004	SYNTHETIC_TEACHING_FIXTURE
SYN_REG_1078	custom_A_vs_BASE_B_vs_mean	1	-1	-0.5	-0.26260053	SYNTHETIC_TEACHING_FIXTURE
SYN_REG_1079	custom_A_vs_BASE_B_vs_mean	1	1	-0.5	0.25096139	SYNTHETIC_TEACHING_FIXTURE
SYN_REG_1080	custom_A_vs_BASE_B_vs_mean	1	0	1	0.65855367	SYNTHETIC_TEACHING_FIXTURE
SYN_REG_1081	custom_A_vs_BASE_B_vs_mean	1	-1	-0.5	-0.83968855	SYNTHETIC_TEACHING_FIXTURE
SYN_REG_1082	custom_A_vs_BASE_B_vs_mean	1	1	-0.5	-1.71624677	SYNTHETIC_TEACHING_FIXTURE
SYN_REG_1083	custom_A_vs_BASE_B_vs_mean	1	0	1	-1.17055776	SYNTHETIC_TEACHING_FIXTURE
SYN_REG_1084	custom_A_vs_BASE_B_vs_mean	1	-1	-0.5	-1.22960595	SYNTHETIC_TEACHING_FIXTURE
SYN_REG_1085	custom_A_vs_BASE_B_vs_mean	1	1	-0.5	-1.52982413	SYNTHETIC_TEACHING_FIXTURE
SYN_REG_1086	custom_A_vs_BASE_B_vs_mean	1	0	1	-1.64702732	SYNTHETIC_TEACHING_FIXTURE
SYN_REG_1087	custom_A_vs_BASE_B_vs_mean	1	-1	-0.5	-0.82773091	SYNTHETIC_TEACHING_FIXTURE
SYN_REG_1088	custom_A_vs_BASE_B_vs_mean	1	1	-0.5	-0.44448361	SYNTHETIC_TEACHING_FIXTURE
SYN_REG_1089	custom_A_vs_BASE_B_vs_mean	1	0	1	-0.88091069	SYNTHETIC_TEACHING_FIXTURE
SYN_REG_1090	custom_A_vs_BASE_B_vs_mean	1	-1	-0.5	-0.69456761	SYNTHETIC_TEACHING_FIXTURE
SYN_REG_1091	custom_A_vs_BASE_B_vs_mean	1	1	-0.5	0.222608	SYNTHETIC_TEACHING_FIXTURE
SYN_REG_1092	custom_A_vs_BASE_B_vs_mean	1	0	1	-0.83546528	SYNTHETIC_TEACHING_FIXTURE
SYN_REG_1093	custom_A_vs_BASE_B_vs_mean	1	-1	-0.5	-0.09586195	SYNTHETIC_TEACHING_FIXTURE
SYN_REG_1094	custom_A_vs_BASE_B_vs_mean	1	1	-0.5	-1.21499857	SYNTHETIC_TEACHING_FIXTURE
SYN_REG_1095	custom_A_vs_BASE_B_vs_mean	1	0	1	-0.62619361	SYNTHETIC_TEACHING_FIXTURE
SYN_REG_1096	custom_A_vs_BASE_B_vs_mean	1	-1	-0.5	-1.09322	SYNTHETIC_TEACHING_FIXTURE
SYN_REG_1097	custom_A_vs_BASE_B_vs_mean	1	1	-0.5	-0.57408805	SYNTHETIC_TEACHING_FIXTURE
SYN_REG_1098	custom_A_vs_BASE_B_vs_mean	1	0	1	0.09543049	SYNTHETIC_TEACHING_FIXTURE
SYN_REG_1099	custom_A_vs_BASE_B_vs_mean	1	-1	-0.5	-0.20220758	SYNTHETIC_TEACHING_FIXTURE
SYN_REG_1100	custom_A_vs_BASE_B_vs_mean	1	1	-0.5	-1.5835629	SYNTHETIC_TEACHING_FIXTURE
SYN_REG_1101	custom_A_vs_BASE_B_vs_mean	1	0	1	-1.16083409	SYNTHETIC_TEACHING_FIXTURE
SYN_REG_1102	custom_A_vs_BASE_B_vs_mean	1	-1	-0.5	0.23035431	SYNTHETIC_TEACHING_FIXTURE
SYN_REG_1103	custom_A_vs_BASE_B_vs_mean	1	1	-0.5	-1.26074834	SYNTHETIC_TEACHING_FIXTURE
SYN_REG_1104	custom_A_vs_BASE_B_vs_mean	1	0	1	-0.80709199	SYNTHETIC_TEACHING_FIXTURE
SYN_REG_1105	custom_A_vs_BASE_B_vs_mean	1	-1	-0.5	-1.27321723	SYNTHETIC_TEACHING_FIXTURE
SYN_REG_1106	custom_A_vs_BASE_B_vs_mean	1	1	-0.5	-0.82956901	SYNTHETIC_TEACHING_FIXTURE
SYN_REG_1107	custom_A_vs_BASE_B_vs_mean	1	0	1	-0.18948605	SYNTHETIC_TEACHING_FIXTURE
SYN_REG_1108	custom_A_vs_BASE_B_vs_mean	1	-1	-0.5	-0.89539274	SYNTHETIC_TEACHING_FIXTURE
SYN_REG_1109	custom_A_vs_BASE_B_vs_mean	1	1	-0.5	-1.43267898	SYNTHETIC_TEACHING_FIXTURE
SYN_REG_1110	custom_A_vs_BASE_B_vs_mean	1	0	1	-1.95774101	SYNTHETIC_TEACHING_FIXTURE
SYN_REG_1111	custom_A_vs_BASE_B_vs_mean	1	-1	-0.5	-0.56447579	SYNTHETIC_TEACHING_FIXTURE
SYN_REG_1112	custom_A_vs_BASE_B_vs_mean	1	1	-0.5	-0.54660199	SYNTHETIC_TEACHING_FIXTURE
SYN_REG_1113	custom_A_vs_BASE_B_vs_mean	1	0	1	-0.39945197	SYNTHETIC_TEACHING_FIXTURE
SYN_REG_1114	custom_A_vs_BASE_B_vs_mean	1	-1	-0.5	0.09488542	SYNTHETIC_TEACHING_FIXTURE
SYN_REG_1115	custom_A_vs_BASE_B_vs_mean	1	1	-0.5	-0.61429963	SYNTHETIC_TEACHING_FIXTURE
SYN_REG_1116	custom_A_vs_BASE_B_vs_mean	1	0	1	0.65547623	SYNTHETIC_TEACHING_FIXTURE
SYN_REG_1117	custom_A_vs_BASE_B_vs_mean	1	-1	-0.5	-1.45253213	SYNTHETIC_TEACHING_FIXTURE
SYN_REG_1118	custom_A_vs_BASE_B_vs_mean	1	1	-0.5	0.01004007	SYNTHETIC_TEACHING_FIXTURE
SYN_REG_1119	custom_A_vs_BASE_B_vs_mean	1	0	1	-0.3376884	SYNTHETIC_TEACHING_FIXTURE
SYN_REG_1120	custom_A_vs_BASE_B_vs_mean	1	-1	-0.5	-1.45577268	SYNTHETIC_TEACHING_FIXTURE
SYN_REG_1121	custom_A_vs_BASE_B_vs_mean	1	1	-0.5	-0.51687797	SYNTHETIC_TEACHING_FIXTURE
SYN_REG_1122	custom_A_vs_BASE_B_vs_mean	1	0	1	-0.60596847	SYNTHETIC_TEACHING_FIXTURE
SYN_REG_1123	custom_A_vs_BASE_B_vs_mean	1	-1	-0.5	0.18074133	SYNTHETIC_TEACHING_FIXTURE
SYN_REG_1124	custom_A_vs_BASE_B_vs_mean	1	1	-0.5	-0.94383999	SYNTHETIC_TEACHING_FIXTURE
SYN_REG_1125	custom_A_vs_BASE_B_vs_mean	1	0	1	-0.40189085	SYNTHETIC_TEACHING_FIXTURE
SYN_REG_1126	custom_A_vs_BASE_B_vs_mean	1	-1	-0.5	-0.48748616	SYNTHETIC_TEACHING_FIXTURE
SYN_REG_1127	custom_A_vs_BASE_B_vs_mean	1	1	-0.5	-0.94915936	SYNTHETIC_TEACHING_FIXTURE
SYN_REG_1128	custom_A_vs_BASE_B_vs_mean	1	0	1	-0.44619042	SYNTHETIC_TEACHING_FIXTURE
SYN_REG_1129	custom_A_vs_BASE_B_vs_mean	1	-1	-0.5	-0.65717686	SYNTHETIC_TEACHING_FIXTURE
SYN_REG_1130	custom_A_vs_BASE_B_vs_mean	1	1	-0.5	-1.44757481	SYNTHETIC_TEACHING_FIXTURE
SYN_REG_1131	custom_A_vs_BASE_B_vs_mean	1	0	1	0.80306986	SYNTHETIC_TEACHING_FIXTURE
SYN_REG_1132	custom_A_vs_BASE_B_vs_mean	1	-1	-0.5	-2.00319238	SYNTHETIC_TEACHING_FIXTURE
SYN_REG_1133	custom_A_vs_BASE_B_vs_mean	1	1	-0.5	1.12244493	SYNTHETIC_TEACHING_FIXTURE
SYN_REG_1134	custom_A_vs_BASE_B_vs_mean	1	0	1	-1.31909033	SYNTHETIC_TEACHING_FIXTURE
SYN_REG_1135	custom_A_vs_BASE_B_vs_mean	1	-1	-0.5	0.91820021	SYNTHETIC_TEACHING_FIXTURE
SYN_REG_1136	custom_A_vs_BASE_B_vs_mean	1	1	-0.5	0.5507837	SYNTHETIC_TEACHING_FIXTURE
SYN_REG_1137	custom_A_vs_BASE_B_vs_mean	1	0	1	1.00688091	SYNTHETIC_TEACHING_FIXTURE
SYN_REG_1138	custom_A_vs_BASE_B_vs_mean	1	-1	-0.5	0.31048105	SYNTHETIC_TEACHING_FIXTURE
SYN_REG_1139	custom_A_vs_BASE_B_vs_mean	1	1	-0.5	1.02636007	SYNTHETIC_TEACHING_FIXTURE
SYN_REG_1140	custom_A_vs_BASE_B_vs_mean	1	0	1	0.62568258	SYNTHETIC_TEACHING_FIXTURE
SYN_REG_1141	custom_A_vs_BASE_B_vs_mean	1	-1	-0.5	1.14060121	SYNTHETIC_TEACHING_FIXTURE
SYN_REG_1142	custom_A_vs_BASE_B_vs_mean	1	1	-0.5	0.30055647	SYNTHETIC_TEACHING_FIXTURE
SYN_REG_1143	custom_A_vs_BASE_B_vs_mean	1	0	1	0.47901398	SYNTHETIC_TEACHING_FIXTURE
SYN_REG_1144	custom_A_vs_BASE_B_vs_mean	1	-1	-0.5	-0.35318499	SYNTHETIC_TEACHING_FIXTURE
SYN_REG_1145	custom_A_vs_BASE_B_vs_mean	1	1	-0.5	0.51267481	SYNTHETIC_TEACHING_FIXTURE
SYN_REG_1146	custom_A_vs_BASE_B_vs_mean	1	0	1	0.67872908	SYNTHETIC_TEACHING_FIXTURE
SYN_REG_1147	custom_A_vs_BASE_B_vs_mean	1	-1	-0.5	-0.80975366	SYNTHETIC_TEACHING_FIXTURE
SYN_REG_1148	custom_A_vs_BASE_B_vs_mean	1	1	-0.5	1.08779741	SYNTHETIC_TEACHING_FIXTURE
SYN_REG_1149	custom_A_vs_BASE_B_vs_mean	1	0	1	1.92915906	SYNTHETIC_TEACHING_FIXTURE
SYN_REG_1150	custom_A_vs_BASE_B_vs_mean	1	-1	-0.5	1.11044551	SYNTHETIC_TEACHING_FIXTURE
SYN_REG_1151	custom_A_vs_BASE_B_vs_mean	1	1	-0.5	1.94702291	SYNTHETIC_TEACHING_FIXTURE
SYN_REG_1152	custom_A_vs_BASE_B_vs_mean	1	0	1	0.37153246	SYNTHETIC_TEACHING_FIXTURE
SYN_REG_1153	custom_A_vs_BASE_B_vs_mean	1	-1	-0.5	0.51594322	SYNTHETIC_TEACHING_FIXTURE
SYN_REG_1154	custom_A_vs_BASE_B_vs_mean	1	1	-0.5	0.92539946	SYNTHETIC_TEACHING_FIXTURE
SYN_REG_1155	custom_A_vs_BASE_B_vs_mean	1	0	1	1.47755765	SYNTHETIC_TEACHING_FIXTURE
SYN_REG_1156	custom_A_vs_BASE_B_vs_mean	1	-1	-0.5	2.58732272	SYNTHETIC_TEACHING_FIXTURE
SYN_REG_1157	custom_A_vs_BASE_B_vs_mean	1	1	-0.5	0.46442052	SYNTHETIC_TEACHING_FIXTURE
SYN_REG_1158	custom_A_vs_BASE_B_vs_mean	1	0	1	0.5328542	SYNTHETIC_TEACHING_FIXTURE
SYN_REG_1159	custom_A_vs_BASE_B_vs_mean	1	-1	-0.5	0.10644918	SYNTHETIC_TEACHING_FIXTURE
SYN_REG_1160	custom_A_vs_BASE_B_vs_mean	1	1	-0.5	0.7560728	SYNTHETIC_TEACHING_FIXTURE
SYN_REG_1161	custom_A_vs_BASE_B_vs_mean	1	0	1	-0.60917322	SYNTHETIC_TEACHING_FIXTURE
SYN_REG_1162	custom_A_vs_BASE_B_vs_mean	1	-1	-0.5	0.64976696	SYNTHETIC_TEACHING_FIXTURE
SYN_REG_1163	custom_A_vs_BASE_B_vs_mean	1	1	-0.5	0.03044425	SYNTHETIC_TEACHING_FIXTURE
SYN_REG_1164	custom_A_vs_BASE_B_vs_mean	1	0	1	0.98371758	SYNTHETIC_TEACHING_FIXTURE
SYN_REG_1165	custom_A_vs_BASE_B_vs_mean	1	-1	-0.5	1.13139874	SYNTHETIC_TEACHING_FIXTURE
SYN_REG_1166	custom_A_vs_BASE_B_vs_mean	1	1	-0.5	0.80290077	SYNTHETIC_TEACHING_FIXTURE
SYN_REG_1167	custom_A_vs_BASE_B_vs_mean	1	0	1	0.00460134	SYNTHETIC_TEACHING_FIXTURE
SYN_REG_1168	custom_A_vs_BASE_B_vs_mean	1	-1	-0.5	1.00108013	SYNTHETIC_TEACHING_FIXTURE
SYN_REG_1169	custom_A_vs_BASE_B_vs_mean	1	1	-0.5	0.74107552	SYNTHETIC_TEACHING_FIXTURE
SYN_REG_1170	custom_A_vs_BASE_B_vs_mean	1	0	1	0.98815569	SYNTHETIC_TEACHING_FIXTURE
SYN_REG_1171	custom_A_vs_BASE_B_vs_mean	1	-1	-0.5	0.61527858	SYNTHETIC_TEACHING_FIXTURE
SYN_REG_1172	custom_A_vs_BASE_B_vs_mean	1	1	-0.5	0.36109265	SYNTHETIC_TEACHING_FIXTURE
SYN_REG_1173	custom_A_vs_BASE_B_vs_mean	1	0	1	0.43772818	SYNTHETIC_TEACHING_FIXTURE
SYN_REG_1174	custom_A_vs_BASE_B_vs_mean	1	-1	-0.5	-0.1314325	SYNTHETIC_TEACHING_FIXTURE
SYN_REG_1175	custom_A_vs_BASE_B_vs_mean	1	1	-0.5	0.09430853	SYNTHETIC_TEACHING_FIXTURE
SYN_REG_1176	custom_A_vs_BASE_B_vs_mean	1	0	1	0.67920054	SYNTHETIC_TEACHING_FIXTURE
SYN_REG_1177	custom_A_vs_BASE_B_vs_mean	1	-1	-0.5	1.34598182	SYNTHETIC_TEACHING_FIXTURE
SYN_REG_1178	custom_A_vs_BASE_B_vs_mean	1	1	-0.5	0.13551276	SYNTHETIC_TEACHING_FIXTURE
SYN_REG_1179	custom_A_vs_BASE_B_vs_mean	1	0	1	2.01744589	SYNTHETIC_TEACHING_FIXTURE
SYN_REG_1180	custom_A_vs_BASE_B_vs_mean	1	-1	-0.5	0.33338577	SYNTHETIC_TEACHING_FIXTURE
SYN_REG_1181	custom_A_vs_BASE_B_vs_mean	1	1	-0.5	0.19573861	SYNTHETIC_TEACHING_FIXTURE
SYN_REG_1182	custom_A_vs_BASE_B_vs_mean	1	0	1	1.5171804	SYNTHETIC_TEACHING_FIXTURE
SYN_REG_1183	custom_A_vs_BASE_B_vs_mean	1	-1	-0.5	0.44160134	SYNTHETIC_TEACHING_FIXTURE
SYN_REG_1184	custom_A_vs_BASE_B_vs_mean	1	1	-0.5	1.7796199	SYNTHETIC_TEACHING_FIXTURE
SYN_REG_1185	custom_A_vs_BASE_B_vs_mean	1	0	1	0.54455125	SYNTHETIC_TEACHING_FIXTURE
SYN_REG_1186	custom_A_vs_BASE_B_vs_mean	1	-1	-0.5	0.39123442	SYNTHETIC_TEACHING_FIXTURE
SYN_REG_1187	custom_A_vs_BASE_B_vs_mean	1	1	-0.5	0.94604633	SYNTHETIC_TEACHING_FIXTURE
SYN_REG_1188	custom_A_vs_BASE_B_vs_mean	1	0	1	0.28336499	SYNTHETIC_TEACHING_FIXTURE
SYN_REG_1189	custom_A_vs_BASE_B_vs_mean	1	-1	-0.5	0.66222391	SYNTHETIC_TEACHING_FIXTURE
SYN_REG_1190	custom_A_vs_BASE_B_vs_mean	1	1	-0.5	0.67423328	SYNTHETIC_TEACHING_FIXTURE
SYN_REG_1191	custom_A_vs_BASE_B_vs_mean	1	0	1	2.13961436	SYNTHETIC_TEACHING_FIXTURE
SYN_REG_1192	custom_A_vs_BASE_B_vs_mean	1	-1	-0.5	-0.32994209	SYNTHETIC_TEACHING_FIXTURE
SYN_REG_1193	custom_A_vs_BASE_B_vs_mean	1	1	-0.5	1.52044881	SYNTHETIC_TEACHING_FIXTURE
SYN_REG_1194	custom_A_vs_BASE_B_vs_mean	1	0	1	1.12680148	SYNTHETIC_TEACHING_FIXTURE
SYN_REG_1195	custom_A_vs_BASE_B_vs_mean	1	-1	-0.5	1.41040309	SYNTHETIC_TEACHING_FIXTURE
SYN_REG_1196	custom_A_vs_BASE_B_vs_mean	1	1	-0.5	0.55683314	SYNTHETIC_TEACHING_FIXTURE
SYN_REG_1197	custom_A_vs_BASE_B_vs_mean	1	0	1	0.47217678	SYNTHETIC_TEACHING_FIXTURE
SYN_REG_1198	custom_A_vs_BASE_B_vs_mean	1	-1	-0.5	0.74535051	SYNTHETIC_TEACHING_FIXTURE
SYN_REG_1199	custom_A_vs_BASE_B_vs_mean	1	1	-0.5	-0.63212569	SYNTHETIC_TEACHING_FIXTURE
SYN_REG_1200	custom_A_vs_BASE_B_vs_mean	1	0	1	2.05428362	SYNTHETIC_TEACHING_FIXTURE
SYN_REG_1201	custom_A_vs_BASE_B_vs_mean	1	-1	-0.5	0.7245067	SYNTHETIC_TEACHING_FIXTURE
SYN_REG_1202	custom_A_vs_BASE_B_vs_mean	1	1	-0.5	-0.01585854	SYNTHETIC_TEACHING_FIXTURE
SYN_REG_1203	custom_A_vs_BASE_B_vs_mean	1	0	1	1.09389459	SYNTHETIC_TEACHING_FIXTURE
SYN_REG_1204	custom_A_vs_BASE_B_vs_mean	1	-1	-0.5	0.10088115	SYNTHETIC_TEACHING_FIXTURE
SYN_REG_1205	custom_A_vs_BASE_B_vs_mean	1	1	-0.5	-0.68770256	SYNTHETIC_TEACHING_FIXTURE
SYN_REG_1206	custom_A_vs_BASE_B_vs_mean	1	0	1	1.16023155	SYNTHETIC_TEACHING_FIXTURE
SYN_REG_1207	custom_A_vs_BASE_B_vs_mean	1	-1	-0.5	-0.36474875	SYNTHETIC_TEACHING_FIXTURE
SYN_REG_1208	custom_A_vs_BASE_B_vs_mean	1	1	-0.5	0.32606318	SYNTHETIC_TEACHING_FIXTURE
SYN_REG_1209	custom_A_vs_BASE_B_vs_mean	1	0	1	0.1634862	SYNTHETIC_TEACHING_FIXTURE
SYN_REG_1210	custom_A_vs_BASE_B_vs_mean	1	-1	-0.5	0.30612848	SYNTHETIC_TEACHING_FIXTURE
SYN_REG_1211	custom_A_vs_BASE_B_vs_mean	1	1	-0.5	0.84551541	SYNTHETIC_TEACHING_FIXTURE
SYN_REG_1212	custom_A_vs_BASE_B_vs_mean	1	0	1	0.82200594	SYNTHETIC_TEACHING_FIXTURE
SYN_REG_1213	custom_A_vs_BASE_B_vs_mean	1	-1	-0.5	1.29035123	SYNTHETIC_TEACHING_FIXTURE
SYN_REG_1214	custom_A_vs_BASE_B_vs_mean	1	1	-0.5	2.03788587	SYNTHETIC_TEACHING_FIXTURE
SYN_REG_1215	custom_A_vs_BASE_B_vs_mean	1	0	1	-0.04059341	SYNTHETIC_TEACHING_FIXTURE
SYN_REG_1216	custom_A_vs_BASE_B_vs_mean	1	-1	-0.5	0.79140464	SYNTHETIC_TEACHING_FIXTURE
SYN_REG_1217	custom_A_vs_BASE_B_vs_mean	1	1	-0.5	1.14667651	SYNTHETIC_TEACHING_FIXTURE
SYN_REG_1218	custom_A_vs_BASE_B_vs_mean	1	0	1	-0.10833879	SYNTHETIC_TEACHING_FIXTURE
SYN_REG_1219	custom_A_vs_BASE_B_vs_mean	1	-1	-0.5	0.16766769	SYNTHETIC_TEACHING_FIXTURE
SYN_REG_1220	custom_A_vs_BASE_B_vs_mean	1	1	-0.5	0.33063259	SYNTHETIC_TEACHING_FIXTURE
SYN_REG_1221	custom_A_vs_BASE_B_vs_mean	1	0	1	-0.27407478	SYNTHETIC_TEACHING_FIXTURE
SYN_REG_1222	custom_A_vs_BASE_B_vs_mean	1	-1	-0.5	1.2970074	SYNTHETIC_TEACHING_FIXTURE
SYN_REG_1223	custom_A_vs_BASE_B_vs_mean	1	1	-0.5	0.85726815	SYNTHETIC_TEACHING_FIXTURE
SYN_REG_1224	custom_A_vs_BASE_B_vs_mean	1	0	1	0.19197885	SYNTHETIC_TEACHING_FIXTURE
SYN_REG_1225	custom_A_vs_BASE_B_vs_mean	1	-1	-0.5	1.59636024	SYNTHETIC_TEACHING_FIXTURE
SYN_REG_1226	custom_A_vs_BASE_B_vs_mean	1	1	-0.5	1.24179457	SYNTHETIC_TEACHING_FIXTURE
SYN_REG_1227	custom_A_vs_BASE_B_vs_mean	1	0	1	0.66801276	SYNTHETIC_TEACHING_FIXTURE
SYN_REG_1228	custom_A_vs_BASE_B_vs_mean	1	-1	-0.5	0.6420306	SYNTHETIC_TEACHING_FIXTURE
SYN_REG_1229	custom_A_vs_BASE_B_vs_mean	1	1	-0.5	0.71933453	SYNTHETIC_TEACHING_FIXTURE
SYN_REG_1230	custom_A_vs_BASE_B_vs_mean	1	0	1	1.82868383	SYNTHETIC_TEACHING_FIXTURE
SYN_REG_1231	custom_A_vs_BASE_B_vs_mean	1	-1	-0.5	0.61196641	SYNTHETIC_TEACHING_FIXTURE
SYN_REG_1232	custom_A_vs_BASE_B_vs_mean	1	1	-0.5	1.0012532	SYNTHETIC_TEACHING_FIXTURE
SYN_REG_1233	custom_A_vs_BASE_B_vs_mean	1	0	1	1.09158104	SYNTHETIC_TEACHING_FIXTURE
SYN_REG_1234	custom_A_vs_BASE_B_vs_mean	1	-1	-0.5	1.55605119	SYNTHETIC_TEACHING_FIXTURE
SYN_REG_1235	custom_A_vs_BASE_B_vs_mean	1	1	-0.5	-0.41693985	SYNTHETIC_TEACHING_FIXTURE
SYN_REG_1236	custom_A_vs_BASE_B_vs_mean	1	0	1	1.06220714	SYNTHETIC_TEACHING_FIXTURE
SYN_REG_1237	custom_A_vs_BASE_B_vs_mean	1	-1	-0.5	0.15286934	SYNTHETIC_TEACHING_FIXTURE
SYN_REG_1238	custom_A_vs_BASE_B_vs_mean	1	1	-0.5	0.02491402	SYNTHETIC_TEACHING_FIXTURE
SYN_REG_1239	custom_A_vs_BASE_B_vs_mean	1	0	1	0.65143796	SYNTHETIC_TEACHING_FIXTURE
SYN_REG_1240	custom_A_vs_BASE_B_vs_mean	1	-1	-0.5	0.86535463	SYNTHETIC_TEACHING_FIXTURE
SYN_REG_1241	custom_A_vs_BASE_B_vs_mean	1	1	-0.5	-0.17840767	SYNTHETIC_TEACHING_FIXTURE
SYN_REG_1242	custom_A_vs_BASE_B_vs_mean	1	0	1	0.85289767	SYNTHETIC_TEACHING_FIXTURE
SYN_REG_1243	custom_A_vs_BASE_B_vs_mean	1	-1	-0.5	-0.04795578	SYNTHETIC_TEACHING_FIXTURE
SYN_REG_1244	custom_A_vs_BASE_B_vs_mean	1	1	-0.5	-1.19291145	SYNTHETIC_TEACHING_FIXTURE
SYN_REG_1245	custom_A_vs_BASE_B_vs_mean	1	0	1	-0.50267243	SYNTHETIC_TEACHING_FIXTURE
SYN_REG_1246	custom_A_vs_BASE_B_vs_mean	1	-1	-0.5	1.32479186	SYNTHETIC_TEACHING_FIXTURE
SYN_REG_1247	custom_A_vs_BASE_B_vs_mean	1	1	-0.5	0.18708718	SYNTHETIC_TEACHING_FIXTURE
SYN_REG_1248	custom_A_vs_BASE_B_vs_mean	1	0	1	0.2656941	SYNTHETIC_TEACHING_FIXTURE
SYN_REG_1249	custom_A_vs_BASE_B_vs_mean	1	-1	-0.5	-1.89275477	SYNTHETIC_TEACHING_FIXTURE
SYN_REG_1250	custom_A_vs_BASE_B_vs_mean	1	1	-0.5	-0.40530249	SYNTHETIC_TEACHING_FIXTURE
SYN_REG_1251	custom_A_vs_BASE_B_vs_mean	1	0	1	-0.05403705	SYNTHETIC_TEACHING_FIXTURE
SYN_REG_1252	custom_A_vs_BASE_B_vs_mean	1	-1	-0.5	-0.48107666	SYNTHETIC_TEACHING_FIXTURE
SYN_REG_1253	custom_A_vs_BASE_B_vs_mean	1	1	-0.5	-0.10688462	SYNTHETIC_TEACHING_FIXTURE
SYN_REG_1254	custom_A_vs_BASE_B_vs_mean	1	0	1	-0.74713867	SYNTHETIC_TEACHING_FIXTURE
SYN_REG_1255	custom_A_vs_BASE_B_vs_mean	1	-1	-0.5	0.45434077	SYNTHETIC_TEACHING_FIXTURE
SYN_REG_1256	custom_A_vs_BASE_B_vs_mean	1	1	-0.5	-0.18551542	SYNTHETIC_TEACHING_FIXTURE
SYN_REG_1257	custom_A_vs_BASE_B_vs_mean	1	0	1	-1.33018462	SYNTHETIC_TEACHING_FIXTURE
SYN_REG_1258	custom_A_vs_BASE_B_vs_mean	1	-1	-0.5	-1.68303154	SYNTHETIC_TEACHING_FIXTURE
SYN_REG_1259	custom_A_vs_BASE_B_vs_mean	1	1	-0.5	-0.83782856	SYNTHETIC_TEACHING_FIXTURE
SYN_REG_1260	custom_A_vs_BASE_B_vs_mean	1	0	1	-0.51276411	SYNTHETIC_TEACHING_FIXTURE
SYN_REG_1261	custom_A_vs_BASE_B_vs_mean	1	-1	-0.5	-1.8817878	SYNTHETIC_TEACHING_FIXTURE
SYN_REG_1262	custom_A_vs_BASE_B_vs_mean	1	1	-0.5	-0.16363916	SYNTHETIC_TEACHING_FIXTURE
SYN_REG_1263	custom_A_vs_BASE_B_vs_mean	1	0	1	-1.07546556	SYNTHETIC_TEACHING_FIXTURE
SYN_REG_1264	custom_A_vs_BASE_B_vs_mean	1	-1	-0.5	-0.92179862	SYNTHETIC_TEACHING_FIXTURE
SYN_REG_1265	custom_A_vs_BASE_B_vs_mean	1	1	-0.5	-2.17118422	SYNTHETIC_TEACHING_FIXTURE
SYN_REG_1266	custom_A_vs_BASE_B_vs_mean	1	0	1	-0.62256713	SYNTHETIC_TEACHING_FIXTURE
SYN_REG_1267	custom_A_vs_BASE_B_vs_mean	1	-1	-0.5	-1.08637484	SYNTHETIC_TEACHING_FIXTURE
SYN_REG_1268	custom_A_vs_BASE_B_vs_mean	1	1	-0.5	-0.94849494	SYNTHETIC_TEACHING_FIXTURE
SYN_REG_1269	custom_A_vs_BASE_B_vs_mean	1	0	1	-0.30025785	SYNTHETIC_TEACHING_FIXTURE
SYN_REG_1270	custom_A_vs_BASE_B_vs_mean	1	-1	-0.5	-1.09560318	SYNTHETIC_TEACHING_FIXTURE
SYN_REG_1271	custom_A_vs_BASE_B_vs_mean	1	1	-0.5	0.01491185	SYNTHETIC_TEACHING_FIXTURE
SYN_REG_1272	custom_A_vs_BASE_B_vs_mean	1	0	1	-0.12866539	SYNTHETIC_TEACHING_FIXTURE
SYN_REG_1273	custom_A_vs_BASE_B_vs_mean	1	-1	-0.5	-0.36716376	SYNTHETIC_TEACHING_FIXTURE
SYN_REG_1274	custom_A_vs_BASE_B_vs_mean	1	1	-0.5	-0.73522479	SYNTHETIC_TEACHING_FIXTURE
SYN_REG_1275	custom_A_vs_BASE_B_vs_mean	1	0	1	-2.24342939	SYNTHETIC_TEACHING_FIXTURE
SYN_REG_1276	custom_A_vs_BASE_B_vs_mean	1	-1	-0.5	-0.7037482	SYNTHETIC_TEACHING_FIXTURE
SYN_REG_1277	custom_A_vs_BASE_B_vs_mean	1	1	-0.5	-0.58237943	SYNTHETIC_TEACHING_FIXTURE
SYN_REG_1278	custom_A_vs_BASE_B_vs_mean	1	0	1	-0.39055784	SYNTHETIC_TEACHING_FIXTURE
SYN_REG_1279	custom_A_vs_BASE_B_vs_mean	1	-1	-0.5	-0.70570965	SYNTHETIC_TEACHING_FIXTURE
SYN_REG_1280	custom_A_vs_BASE_B_vs_mean	1	1	-0.5	-0.08012465	SYNTHETIC_TEACHING_FIXTURE
SYN_REG_1281	custom_A_vs_BASE_B_vs_mean	1	0	1	-0.10266135	SYNTHETIC_TEACHING_FIXTURE
SYN_REG_1282	custom_A_vs_BASE_B_vs_mean	1	-1	-0.5	-1.33856949	SYNTHETIC_TEACHING_FIXTURE
SYN_REG_1283	custom_A_vs_BASE_B_vs_mean	1	1	-0.5	-0.31483142	SYNTHETIC_TEACHING_FIXTURE
SYN_REG_1284	custom_A_vs_BASE_B_vs_mean	1	0	1	0.14266029	SYNTHETIC_TEACHING_FIXTURE
SYN_REG_1285	custom_A_vs_BASE_B_vs_mean	1	-1	-0.5	-0.91915684	SYNTHETIC_TEACHING_FIXTURE
SYN_REG_1286	custom_A_vs_BASE_B_vs_mean	1	1	-0.5	-0.15786026	SYNTHETIC_TEACHING_FIXTURE
SYN_REG_1287	custom_A_vs_BASE_B_vs_mean	1	0	1	0.5567854	SYNTHETIC_TEACHING_FIXTURE
SYN_REG_1288	custom_A_vs_BASE_B_vs_mean	1	-1	-0.5	-0.40811933	SYNTHETIC_TEACHING_FIXTURE
SYN_REG_1289	custom_A_vs_BASE_B_vs_mean	1	1	-0.5	-0.59044402	SYNTHETIC_TEACHING_FIXTURE
SYN_REG_1290	custom_A_vs_BASE_B_vs_mean	1	0	1	-0.99395626	SYNTHETIC_TEACHING_FIXTURE
SYN_REG_1291	custom_A_vs_BASE_B_vs_mean	1	-1	-0.5	-0.63795829	SYNTHETIC_TEACHING_FIXTURE
SYN_REG_1292	custom_A_vs_BASE_B_vs_mean	1	1	-0.5	-0.52841786	SYNTHETIC_TEACHING_FIXTURE
SYN_REG_1293	custom_A_vs_BASE_B_vs_mean	1	0	1	-0.85624743	SYNTHETIC_TEACHING_FIXTURE
SYN_REG_1294	custom_A_vs_BASE_B_vs_mean	1	-1	-0.5	-1.82839119	SYNTHETIC_TEACHING_FIXTURE
SYN_REG_1295	custom_A_vs_BASE_B_vs_mean	1	1	-0.5	-0.10904698	SYNTHETIC_TEACHING_FIXTURE
SYN_REG_1296	custom_A_vs_BASE_B_vs_mean	1	0	1	-0.36279328	SYNTHETIC_TEACHING_FIXTURE
