frame_index	native_time_s	sensor_id	native_x_mm	native_y_mm	head_corrected_x_mm	head_corrected_y_mm	anatomical_x_mm	anatomical_y_mm	reference_distance_error_mm	coordinate_error_mm_known_fixture	coordinate_status	data_status
0	0.0	REF_A	-19.987369	1.772598	-19.997252855253702	-1.5710238154831302e-07	-19.31586294727988	-5.175670040369259	-0.005493975755868519	0.002747144750790039	within_fixture_tolerance	SYNTHETIC_TEACHING_FIXTURE
0	0.0	REF_B	20.007101	1.826278	19.997253170577622	-4.511318563160671e-07	19.315863409282002	5.175669534471936	-0.005493975755868519	0.002746829459424367	within_fixture_tolerance	SYNTHETIC_TEACHING_FIXTURE
0	0.0	TONGUE	-0.01376	9.794722	-0.0128946172341606	7.995308205151687	-2.081793278744283	7.719537312064838	-0.005493975755868519	0.01372166507804958	within_fixture_tolerance	SYNTHETIC_TEACHING_FIXTURE
0	0.0	STATIONARY	0.046435	-16.205037	0.012403667816402592	-18.004508170094763	4.671890635163784	-17.387809125863903	-0.005493975755868519	0.013197521468176286	within_fixture_tolerance	SYNTHETIC_TEACHING_FIXTURE
1	0.01	REF_A	-19.929141	1.767618	-20.031763567218928	3.836069017992827e-07	-19.34919787519695	-5.184601547600758	0.0635269203400668	0.03176356722124399	within_fixture_tolerance	SYNTHETIC_TEACHING_FIXTURE
1	0.01	REF_B	20.134286	1.857096	20.03176335288257	-4.5093154033004623e-07	19.349197685588827	5.184601427095821	0.0635269203400668	0.03176335288577178	within_fixture_tolerance	SYNTHETIC_TEACHING_FIXTURE
1	0.01	TONGUE	0.331775	9.827945	0.24710402618806349	8.015056068341131	-1.8357649973532497	7.805904883751596	0.0635269203400668	0.06763160343313603	within_fixture_tolerance	SYNTHETIC_TEACHING_FIXTURE
1	0.01	STATIONARY	0.169555	-16.243857	0.02665504768527792	-18.056318599968662	4.699065937025726	-17.43416562962179	0.0635269203400668	0.06230791498304738	within_fixture_tolerance	SYNTHETIC_TEACHING_FIXTURE
2	0.02	REF_A	-19.825912	1.716565	-19.99255397059431	-1.7362267179521496e-09	-19.311324213444287	-5.174453729456499	-0.014891791603204751	0.0074460294056885945	within_fixture_tolerance	SYNTHETIC_TEACHING_FIXTURE
2	0.02	REF_B	20.158889	1.873305	19.99255423599052	1.5741680403635883e-07	19.311324429504243	5.174453948521983	-0.014891791603204751	0.007445764011142532	within_fixture_tolerance	SYNTHETIC_TEACHING_FIXTURE
2	0.02	TONGUE	0.796197	9.824979	0.661181208924766	8.027513952974234	-1.4390214902710299	7.925109337293388	-0.014891791603204751	0.03550874742424208	within_fixture_tolerance	SYNTHETIC_TEACHING_FIXTURE
2	0.02	STATIONARY	0.288198	-16.17916	0.05125104683648221	-17.974433921202174	4.701630533462864	-17.348705190609365	-0.014891791603204751	0.05727385255884194	within_fixture_tolerance	SYNTHETIC_TEACHING_FIXTURE
3	0.03	REF_A	-19.681245	1.656399	-20.007440429250295	-3.119473317436672e-07	-19.32570334803371	-5.178306928111679	0.014880646985126589	0.007440429256834105	within_fixture_tolerance	SYNTHETIC_TEACHING_FIXTURE
3	0.03	REF_B	20.332779	1.918232	20.00744021933805	1.1834450086567472e-07	19.32570319538215	5.178306686776418	0.014880646985126589	0.007440219338991921	within_fixture_tolerance	SYNTHETIC_TEACHING_FIXTURE
3	0.03	TONGUE	1.134795	9.868109	0.8618862778635806	8.075326631128616	-1.257530112417298	8.02323913223675	0.014880646985126589	0.08165319751320245	within_fixture_tolerance	SYNTHETIC_TEACHING_FIXTURE
3	0.03	STATIONARY	0.368631	-16.185059	-0.07473709844873111	-17.972270317851205	4.579375348370967	-17.379223441711435	0.014880646985126589	0.07971555153549734	within_fixture_tolerance	SYNTHETIC_TEACHING_FIXTURE
4	0.04	REF_A	-19.654435	1.565451	-20.023644476155333	3.049719834447018e-07	-19.341355415100328	-5.182500248160098	0.04728859156831078	0.023644476157299737	within_fixture_tolerance	SYNTHETIC_TEACHING_FIXTURE
4	0.04	REF_B	20.390879	1.963132	20.023644116829736	1.5559801114228833e-07	19.341354948814168	5.182500600036242	0.04728859156831078	0.02364411683024809	within_fixture_tolerance	SYNTHETIC_TEACHING_FIXTURE
4	0.04	TONGUE	1.557368	9.883711	1.2697153698571868	8.107210826684227	-0.8718496967916796	8.159590836328498	0.04728859156831078	0.04042426892610987	within_fixture_tolerance	SYNTHETIC_TEACHING_FIXTURE
4	0.04	STATIONARY	0.491142	-16.152646	-0.05500660778771704	-17.91727447936004	4.584199568463254	-17.320994914221554	0.04728859156831078	0.09934404192232364	within_fixture_tolerance	SYNTHETIC_TEACHING_FIXTURE
5	0.05	REF_A	-19.53551	1.591864	-20.00581419890346	-4.6151721777576427e-08	-19.324132598935154	-5.177885771987356	0.011627848692697285	0.005814198903644857	within_fixture_tolerance	SYNTHETIC_TEACHING_FIXTURE
5	0.05	REF_B	20.474215	1.98208	20.005813650363336	-1.3552613986611561e-07	19.32413211610777	5.1778854545273845	0.011627848692697285	0.0058136503649160376	within_fixture_tolerance	SYNTHETIC_TEACHING_FIXTURE
5	0.05	TONGUE	1.860805	9.931226	1.4708134362956804	8.130296355604031	-0.6835788553503976	8.233937754453	0.011627848692697285	0.0750870582730701	within_fixture_tolerance	SYNTHETIC_TEACHING_FIXTURE
5	0.05	STATIONARY	0.625371	-16.201247	-0.019420508710093765	-17.988885198818352	4.6371073186487255	-17.38095519740416	0.011627848692697285	0.02237621424339685	within_fixture_tolerance	SYNTHETIC_TEACHING_FIXTURE
6	0.06	REF_A	-19.411451	1.519147	-19.97007395089805	4.7412491954723635e-07	-19.289610305005866	-5.168635012578313	-0.05985284722941486	0.02992604910570468	within_fixture_tolerance	SYNTHETIC_TEACHING_FIXTURE
6	0.06	REF_B	20.525584	2.017735	19.97007320032943	3.201092606541778e-07	19.289609374449316	5.168635585488166	-0.05985284722941486	0.029926799672281446	within_fixture_tolerance	SYNTHETIC_TEACHING_FIXTURE
6	0.06	TONGUE	2.288907	9.962511	1.8339948929768193	8.171812682829243	-0.3435177228773194	8.368037724949193	-0.05985284722941486	0.006647751474206833	within_fixture_tolerance	SYNTHETIC_TEACHING_FIXTURE
6	0.06	STATIONARY	0.765557	-16.250503	-0.016463500175867507	-18.020142224520313	4.648053483105372	-17.410381835657827	-0.05985284722941486	0.026014535296012904	within_fixture_tolerance	SYNTHETIC_TEACHING_FIXTURE
7	0.07	REF_A	-19.361778	1.461216	-19.971547298974393	1.9117027294512923e-07	-19.29103337672988	-5.169016616433733	-0.056905391773035774	0.028452701026249267	within_fixture_tolerance	SYNTHETIC_TEACHING_FIXTURE
7	0.07	REF_B	20.577019	2.047135	19.97154731014589	-4.916364721996302e-07	19.291033465287093	5.169016329097067	-0.056905391773035774	0.028452689858357052	within_fixture_tolerance	SYNTHETIC_TEACHING_FIXTURE
7	0.07	TONGUE	2.629006	10.024544	2.142484899455051	8.239827089957474	-0.06314268237051257	8.513577686254424	-0.056905391773035774	0.015453144541541215	within_fixture_tolerance	SYNTHETIC_TEACHING_FIXTURE
7	0.07	STATIONARY	0.916025	-16.212766	0.04481676479101959	-17.96953246670089	4.6941469044878295	-17.34563606385505	-0.056905391773035774	0.05419237023480264	within_fixture_tolerance	SYNTHETIC_TEACHING_FIXTURE
8	0.08	REF_A	-19.308571	1.466914	-20.004721321294507	3.652843947321571e-07	-19.323077066715182	-5.177602517031423	0.009441902431909455	0.004721321308638282	within_fixture_tolerance	SYNTHETIC_TEACHING_FIXTURE
8	0.08	REF_B	20.695934	2.095421	20.004720579652496	-2.1748146883382447e-07	19.3230763120898	5.177602467847009	0.009441902431909455	0.004720579657505402	within_fixture_tolerance	SYNTHETIC_TEACHING_FIXTURE
8	0.08	TONGUE	2.978256	10.069176	2.414488399276857	8.251097547311145	0.19667551394123972	8.594863798174284	0.009441902431909455	0.05181021750297842	within_fixture_tolerance	SYNTHETIC_TEACHING_FIXTURE
8	0.08	STATIONARY	0.990351	-16.236354	0.013595610112360323	-18.019958553142935	4.677040816397866	-17.40242455250951	0.009441902431909455	0.024149212365761997	within_fixture_tolerance	SYNTHETIC_TEACHING_FIXTURE
9	0.09	REF_A	-19.183068	1.392441	-20.003031790332347	3.906917167562085e-08	-19.321445020693787	-5.177165549340839	0.006063450315238583	0.003031790332598861	within_fixture_tolerance	SYNTHETIC_TEACHING_FIXTURE
9	0.09	REF_B	20.816439	2.116701	20.003031660422078	4.7856569374005176e-08	19.321444872712064	5.177165599681405	0.006063450315238583	0.003031660422455642	within_fixture_tolerance	SYNTHETIC_TEACHING_FIXTURE
9	0.09	TONGUE	3.352452	10.158792	2.6874988195539036	8.356936809217284	0.4329901130352205	8.76775697096441	0.006063450315238583	0.025926649799414142	within_fixture_tolerance	SYNTHETIC_TEACHING_FIXTURE
9	0.09	STATIONARY	1.116137	-16.267839	-0.026870945144201408	-18.024877525383012	4.639226249272207	-17.417649430025044	0.006063450315238583	0.03661883343479251	within_fixture_tolerance	SYNTHETIC_TEACHING_FIXTURE
10	0.1	REF_A	-19.084212	1.328485	-19.993607151254043	3.194760411773245e-08	-19.3123415165613	-5.174726280133086	-0.012785312537843652	0.0063928487460368525	within_fixture_tolerance	SYNTHETIC_TEACHING_FIXTURE
10	0.1	REF_B	20.894813	2.137743	19.993607536399637	-4.7187491647449065e-07	19.312342002444943	5.174725954878948	-0.012785312537843652	0.0063924636177796704	within_fixture_tolerance	SYNTHETIC_TEACHING_FIXTURE
10	0.1	TONGUE	3.712532	10.237845	2.978774911087446	8.446176385699973	0.6912443104608141	8.929343582488285	-0.012785312537843652	0.045878081937088394	within_fixture_tolerance	SYNTHETIC_TEACHING_FIXTURE
10	0.1	STATIONARY	1.226363	-16.364417	-0.04525965264121967	-18.10032234346237	4.640990677561603	-17.495282875983403	-0.012785312537843652	0.11005911482010736	within_fixture_tolerance	SYNTHETIC_TEACHING_FIXTURE
11	0.11	REF_A	-19.024504	1.267448	-20.019412620203088	-4.239244311143864e-07	-19.3372675674906	-5.181405667303408	0.038825490760658	0.01941262020771672	within_fixture_tolerance	SYNTHETIC_TEACHING_FIXTURE
11	0.11	REF_B	21.004671	2.146479	20.019412872059288	4.5228422917986677e-07	19.33726780342495	5.18140575988205	0.038825490760658	0.019412872064556573	within_fixture_tolerance	SYNTHETIC_TEACHING_FIXTURE
11	0.11	TONGUE	3.962583	10.362688	3.161814783668783	8.58837867221423	0.8312425906231322	9.114074648628044	0.038825490760658	0.03468805984177818	within_fixture_tolerance	SYNTHETIC_TEACHING_FIXTURE
11	0.11	STATIONARY	1.396444	-16.291308	0.011120650606020188	-18.002854820593264	4.670223417365494	-17.386544182169747	0.038825490760658	0.011481239938303687	within_fixture_tolerance	SYNTHETIC_TEACHING_FIXTURE
12	0.12	REF_A	-18.95212	1.150535	-19.991283798351827	-4.3301695185071765e-07	-19.310097209647754	-5.174125401274777	-0.0174320960454466	0.008716201658929482	within_fixture_tolerance	SYNTHETIC_TEACHING_FIXTURE
12	0.12	REF_B	21.017401	2.171871	19.99128410630162	1.7767570037463543e-07	19.310097573191598	5.17412523433734	-0.0174320960454466	0.008715893700190755	within_fixture_tolerance	SYNTHETIC_TEACHING_FIXTURE
12	0.12	TONGUE	4.3033	10.484093	3.4949688551589713	8.73646341874673	1.1147175597210843	9.343340148439143	-0.0174320960454466	0.09922013312111859	within_fixture_tolerance	SYNTHETIC_TEACHING_FIXTURE
12	0.12	STATIONARY	1.542585	-16.289422	0.051238204473159854	-17.957793866244423	4.6973113655578835	-17.33263545562283	-0.0174320960454466	0.06638306504092015	within_fixture_tolerance	SYNTHETIC_TEACHING_FIXTURE
13	0.13	REF_A	-18.830681	1.149889	-19.99225498870489	1.7941657803888234e-07	-19.311035466001496	-5.174376172269204	-0.015489934254738102	0.007745011297188647	within_fixture_tolerance	SYNTHETIC_TEACHING_FIXTURE
13	0.13	REF_B	21.140899	2.166667	19.99225507650491	-4.744095654096725e-07	19.311035627159605	5.174375910052177	-0.015489934254738102	0.0077449235096188436	within_fixture_tolerance	SYNTHETIC_TEACHING_FIXTURE
13	0.13	TONGUE	4.527185	10.611476	3.5986592725232684	8.864553012746452	1.1817227853868304	9.493902250172003	-0.015489934254738102	0.09635356213149036	within_fixture_tolerance	SYNTHETIC_TEACHING_FIXTURE
13	0.13	STATIONARY	1.663491	-16.378968	0.04954285607968756	-18.04434111699385	4.718073861555049	-17.416672468769278	-0.015489934254738102	0.06648781275387844	within_fixture_tolerance	SYNTHETIC_TEACHING_FIXTURE
14	0.14	REF_A	-18.727897	1.051986	-19.983226259945315	-2.1069932820694248e-07	-19.302314282744536	-5.172039742136213	-0.0335469504754613	0.016773740056008117	within_fixture_tolerance	SYNTHETIC_TEACHING_FIXTURE
14	0.14	REF_B	21.22142	2.222217	19.98322678810855	1.5000608089010825e-08	19.3023148435616	5.1720396898044685	-0.0335469504754613	0.016773211891457463	within_fixture_tolerance	SYNTHETIC_TEACHING_FIXTURE
14	0.14	TONGUE	4.840108	10.649073	3.8556795417436422	8.902893065990963	1.4200621653395409	9.597457638433555	-0.0335469504754613	0.004990456584648364	within_fixture_tolerance	SYNTHETIC_TEACHING_FIXTURE
14	0.14	STATIONARY	1.778536	-16.38677	0.0038019267726445705	-18.0317142008068	4.670623430228324	-17.416314427962917	-0.0335469504754613	0.03194127705647605	within_fixture_tolerance	SYNTHETIC_TEACHING_FIXTURE
15	0.15	REF_A	-18.698839	1.032757	-20.0144061863122	-5.017384869798747e-07	-19.33243170355797	-5.180109982027019	0.028812357599463212	0.014406186320937747	within_fixture_tolerance	SYNTHETIC_TEACHING_FIXTURE
15	0.15	REF_B	21.311699	2.242165	20.014406172710245	3.7498459426466013e-07	19.332431723225813	5.180109856071715	0.028812357599463212	0.014406172715125677	within_fixture_tolerance	SYNTHETIC_TEACHING_FIXTURE
15	0.15	TONGUE	5.091724	10.713139	4.057773121928314	8.957167963893582	1.601222196521289	9.70218883148173	0.028812357599463212	0.06913235935152942	within_fixture_tolerance	SYNTHETIC_TEACHING_FIXTURE
15	0.15	STATIONARY	1.87473	-16.390644	0.023349927709613416	-18.037044987219492	4.690885058234844	-17.416404177297306	0.028812357599463212	0.0437898413120724	within_fixture_tolerance	SYNTHETIC_TEACHING_FIXTURE
16	0.16	REF_A	-18.594288	0.953489	-20.001501151985426	-4.452073194549655e-07	-19.319966412243794	-5.176769858760665	0.003002424008172966	0.0015011520514453679	within_fixture_tolerance	SYNTHETIC_TEACHING_FIXTURE
16	0.16	REF_B	21.386592	2.283691	20.001501272817745	2.4098347184420277e-07	19.31996658181587	5.176769692769282	0.003002424008172966	0.001501272837085858	within_fixture_tolerance	SYNTHETIC_TEACHING_FIXTURE
16	0.16	TONGUE	5.350614	10.888068	4.260508829011351	9.132855811494087	1.751578490954349	9.92436212296102	0.003002424008172966	0.046316091518456	within_fixture_tolerance	SYNTHETIC_TEACHING_FIXTURE
16	0.16	STATIONARY	1.990512	-16.417511	-0.005714745694127776	-18.045890782422944	4.6651001998289034	-17.43247105035498	0.003002424008172966	0.04624524007655876	within_fixture_tolerance	SYNTHETIC_TEACHING_FIXTURE
17	0.17	REF_A	-18.507679	0.904188	-20.02982694343138	-2.503252969354719e-07	-19.347327076191007	-5.184100924812831	0.05965374377163357	0.029826943432431363	within_fixture_tolerance	SYNTHETIC_TEACHING_FIXTURE
17	0.17	REF_B	21.52798	2.290502	20.02982680067427	-9.59741597306163e-09	19.347327005571174	5.184100636798511	0.05965374377163357	0.029826800674273225	within_fixture_tolerance	SYNTHETIC_TEACHING_FIXTURE
17	0.17	TONGUE	5.495943	11.035741	4.310032380608522	9.294809237123099	1.7574979374801827	10.09361475776818	0.05965374377163357	0.07154678367759446	within_fixture_tolerance	SYNTHETIC_TEACHING_FIXTURE
17	0.17	STATIONARY	2.064298	-16.465837	-0.07128319862200527	-18.071539691882933	4.608404364009621	-17.47421635879429	0.05965374377163357	0.10099119724257757	within_fixture_tolerance	SYNTHETIC_TEACHING_FIXTURE
18	0.18	REF_A	-18.42561	0.83691	-19.968451368891454	3.7112751760659535e-08	-19.288042898033332	-5.168215479574108	-0.06309675428141048	0.03154863110856761	within_fixture_tolerance	SYNTHETIC_TEACHING_FIXTURE
18	0.18	REF_B	21.486418	2.246258	19.968451877745093	-3.4324217024206405e-08	19.288043388826473	5.168215613968639	-0.06309675428141048	0.03154812225492611	within_fixture_tolerance	SYNTHETIC_TEACHING_FIXTURE
18	0.18	TONGUE	5.696743	11.132865	4.502214436943104	9.43827947085575	1.9059987201502389	10.281936738141717	-0.06309675428141048	0.022372183659122698	within_fixture_tolerance	SYNTHETIC_TEACHING_FIXTURE
18	0.18	STATIONARY	2.227497	-16.469578	0.061056538377094904	-18.024543470938628	4.7240712167946874	-17.39456945088679	-0.06309675428141048	0.06580488465386855	within_fixture_tolerance	SYNTHETIC_TEACHING_FIXTURE
19	0.19	REF_A	-18.376327	0.73376	-19.992686036358826	-7.276214897267153e-08	-19.311451760794142	-5.174487979197334	-0.014627986418375372	0.007313963641535803	within_fixture_tolerance	SYNTHETIC_TEACHING_FIXTURE
19	0.19	REF_B	21.577407	2.324079	19.992685975521354	2.6719428825039415e-07	19.311451651706914	5.174488151258462	-0.014627986418375372	0.00731402448352636	within_fixture_tolerance	SYNTHETIC_TEACHING_FIXTURE
19	0.19	TONGUE	5.910432	11.28856	4.694647225291308	9.580503156850854	2.055064321642836	10.46911954008218	-0.014627986418375372	0.047647447846700774	within_fixture_tolerance	SYNTHETIC_TEACHING_FIXTURE
19	0.19	STATIONARY	2.342833	-16.462356	0.026147429988157223	-18.006562853482485	4.6856978811884	-17.3862366502116	-0.014627986418375372	0.02695847066912649	within_fixture_tolerance	SYNTHETIC_TEACHING_FIXTURE
20	0.2	REF_A	-18.267169	0.676508	-19.976718771139012	-2.8591363721020002e-08	-19.296028578375182	-5.170355304194581	-0.046561945787615855	0.02328122886100538	within_fixture_tolerance	SYNTHETIC_TEACHING_FIXTURE
20	0.2	REF_B	21.652412	2.320973	19.97671928127395	-9.652737276155676e-08	19.296029103510808	5.1703553153718	-0.046561945787615855	0.023280718726249202	within_fixture_tolerance	SYNTHETIC_TEACHING_FIXTURE
20	0.2	TONGUE	6.055849	11.449272	4.769089583172993	9.76251079885149	2.079863073587915	10.664192522056489	-0.046561945787615855	0.018631742452471043	within_fixture_tolerance	SYNTHETIC_TEACHING_FIXTURE
20	0.2	STATIONARY	2.390248	-16.505393	-0.044006246779990654	-18.01759061229376	4.62078882699327	-17.415045754885004	-0.046561945787615855	0.047391765070851535	within_fixture_tolerance	SYNTHETIC_TEACHING_FIXTURE
21	0.21	REF_A	-18.222851	0.5911	-19.970620428221427	-3.930565777299222e-07	-19.290137937122914	-5.168777288950322	-0.05875911675520484	0.02937957178120269	within_fixture_tolerance	SYNTHETIC_TEACHING_FIXTURE
21	0.21	REF_B	21.682413	2.285983	19.970620456329314	-8.871021073275642e-08	19.290138088963467	5.1687768308741955	-0.05875911675520484	0.029379543670819776	within_fixture_tolerance	SYNTHETIC_TEACHING_FIXTURE
21	0.21	TONGUE	6.203917	11.610396	4.901742527911655	9.972834724741034	2.153560141185321	10.901682942448971	-0.05875911675520484	0.08532299553524454	within_fixture_tolerance	SYNTHETIC_TEACHING_FIXTURE
21	0.21	STATIONARY	2.529457	-16.558017	0.03528250117183673	-18.014282205930524	4.696519597799196	-17.391328641702792	-0.05875911675520484	0.038063582269441634	within_fixture_tolerance	SYNTHETIC_TEACHING_FIXTURE
22	0.22	REF_A	-18.189658	0.574725	-20.02074022642213	8.28393065255284e-08	-19.338550067784833	-5.181748787581108	0.041480058784856055	0.02074022642229624	within_fixture_tolerance	SYNTHETIC_TEACHING_FIXTURE
22	0.22	REF_B	21.815254	2.285614	20.020739832334332	-8.1954055319855e-08	19.338549686896133	5.181748686438767	0.041480058784856055	0.020739832334493887	within_fixture_tolerance	SYNTHETIC_TEACHING_FIXTURE
22	0.22	TONGUE	6.254728	11.708964	4.877064701098924	10.07961291350906	2.102086962075497	10.99843566109473	0.041480058784856055	0.034519097861465536	within_fixture_tolerance	SYNTHETIC_TEACHING_FIXTURE
22	0.22	STATIONARY	2.579917	-16.579213	-0.0030852303106709833	-18.025712747561993	4.662417656933731	-17.41229999669818	0.041480058784856055	0.02589718195589373	within_fixture_tolerance	SYNTHETIC_TEACHING_FIXTURE
23	0.23	REF_A	-18.116131	0.459396	-20.017011812089663	5.043286785966217e-07	-19.334948805179433	-5.180783395816371	0.03402328573106672	0.01701181209713879	within_fixture_tolerance	SYNTHETIC_TEACHING_FIXTURE
23	0.23	REF_B	21.875898	2.2926	20.01701147414201	-2.8255168893487337e-07	19.33494842134696	5.180783522569205	0.03402328573106672	0.01701147414435584	within_fixture_tolerance	SYNTHETIC_TEACHING_FIXTURE
23	0.23	TONGUE	6.329873	11.841378	4.924543444157606	10.250632057266781	2.103684894714947	11.17591587178302	0.03402328573106672	0.03636492702894267	within_fixture_tolerance	SYNTHETIC_TEACHING_FIXTURE
23	0.23	STATIONARY	2.731222	-16.616345	0.026554860047969475	-18.01245332304935	4.68761599411407	-17.391820956236245	0.03402328573106672	0.029329947956631484	within_fixture_tolerance	SYNTHETIC_TEACHING_FIXTURE
24	0.24	REF_A	-18.044182	0.426155	-19.98013493085831	-2.1342175049454681e-07	-19.29932828743719	-5.171239649923483	-0.039730063271477434	0.019865069142837293	within_fixture_tolerance	SYNTHETIC_TEACHING_FIXTURE
24	0.24	REF_B	21.870465	2.335115	19.980135005882293	3.89362419639383e-07	19.299328314367997	5.171239839286755	-0.039730063271477434	0.019864994121523205	within_fixture_tolerance	SYNTHETIC_TEACHING_FIXTURE
24	0.24	TONGUE	6.409066	11.974667	4.996883610869535	10.367160050135187	2.1434004661792265	11.307196282452272	-0.039730063271477434	0.05172323526160737	within_fixture_tolerance	SYNTHETIC_TEACHING_FIXTURE
24	0.24	STATIONARY	2.799505	-16.622344	0.025323447263520205	-18.024767645725664	4.689613721938872	-17.404034391623682	-0.039730063271477434	0.03542193185161252	within_fixture_tolerance	SYNTHETIC_TEACHING_FIXTURE
25	0.25	REF_A	-17.943969	0.316027	-19.977964708435678	-3.570178084277842e-07	-19.29723197638496	-5.170678093731543	-0.044070827097357324	0.02203529156721404	within_fixture_tolerance	SYNTHETIC_TEACHING_FIXTURE
25	0.25	REF_B	21.962148	2.310545	19.977964466229597	-2.5165328043641466e-07	19.29723189996752	5.170677443112872	-0.044070827097357324	0.022035533771839776	within_fixture_tolerance	SYNTHETIC_TEACHING_FIXTURE
25	0.25	TONGUE	6.46702	12.117943	4.991719055626653	10.568656038984619	2.0862608894632833	11.500489776721468	-0.044070827097357324	0.026788982479625408	within_fixture_tolerance	SYNTHETIC_TEACHING_FIXTURE
25	0.25	STATIONARY	2.860082	-16.612808	-0.04490231779553566	-17.94622603993355	4.6014527783849175	-17.34634479160401	-0.044070827097357324	0.070056098411484	within_fixture_tolerance	SYNTHETIC_TEACHING_FIXTURE
26	0.26	REF_A	-17.924267	0.27174	-19.99685946330618	1.1815189449038144e-07	-19.31548303107896	-5.175567957165837	-0.0062806832117559	0.0031405366960427245	within_fixture_tolerance	SYNTHETIC_TEACHING_FIXTURE
26	0.26	REF_B	22.018128	2.297244	19.996859852877265	1.468231147772059e-07	19.31548333879515	5.175568313940458	-0.0062806832117559	0.0031401471261679574	within_fixture_tolerance	SYNTHETIC_TEACHING_FIXTURE
26	0.26	TONGUE	6.438319	12.295108	4.943391904319164	10.774081813041658	1.9864123432235008	11.686407850117021	-0.0062806832117559	0.04677570282440618	within_fixture_tolerance	SYNTHETIC_TEACHING_FIXTURE
26	0.26	STATIONARY	2.93291	-16.664113	-0.024174289915673164	-17.970442174394304	4.627742112639488	-17.364370972910134	-0.0062806832117559	0.038184569494283595	within_fixture_tolerance	SYNTHETIC_TEACHING_FIXTURE
27	0.27	REF_A	-17.900593	0.188592	-20.01207710164593	-3.7018559573276377e-07	-19.33018201457557	-5.179507043487401	0.024153764432362834	0.012077101651602116	within_fixture_tolerance	SYNTHETIC_TEACHING_FIXTURE
27	0.27	REF_B	22.069737	2.263587	20.01207666273476	-1.5914390583127158e-07	19.33018172762049	5.179506418595796	0.024153764432362834	0.012076662735808518	within_fixture_tolerance	SYNTHETIC_TEACHING_FIXTURE
27	0.27	TONGUE	6.486166	12.439228	4.977003663871781	10.969864689198076	1.9682064727890243	11.88421895005534	0.024153764432362834	0.023920619637287588	within_fixture_tolerance	SYNTHETIC_TEACHING_FIXTURE
27	0.27	STATIONARY	3.035713	-16.722662	0.01933445094340991	-17.973925149906695	4.670669789501295	-17.35647437814727	0.024153764432362834	0.03246103511398667	within_fixture_tolerance	SYNTHETIC_TEACHING_FIXTURE
28	0.28	REF_A	-17.8386	0.10577	-20.01584060234304	1.4278738080797382e-07	-19.333817409863386	-5.180480613650215	0.03168079716625272	0.015840602343683733	within_fixture_tolerance	SYNTHETIC_TEACHING_FIXTURE
28	0.28	REF_B	22.135935	2.243998	20.015840193050447	-1.168326408951259e-07	19.33381700779952	5.180480532787851	0.03168079716625272	0.015840193050878342	within_fixture_tolerance	SYNTHETIC_TEACHING_FIXTURE
28	0.28	TONGUE	6.456063	12.578364	4.910345086397702	11.157128730231722	1.855351730980495	12.047849614257476	0.03168079716625272	0.02300461118015149	within_fixture_tolerance	SYNTHETIC_TEACHING_FIXTURE
28	0.28	STATIONARY	3.100893	-16.75846	-0.007014932821546971	-17.95860547826862	4.6412532164310205	-17.348496434006638	0.03168079716625272	0.04198470807163638	within_fixture_tolerance	SYNTHETIC_TEACHING_FIXTURE
29	0.29	REF_A	-17.759355	0.040445	-19.991293488418258	-2.9827594416609315e-07	-19.31010660440672	-5.174127779098699	-0.017412971440819547	0.008706511586851715	within_fixture_tolerance	SYNTHETIC_TEACHING_FIXTURE
29	0.29	REF_B	22.160755	2.274742	19.99129354119828	-2.067675011208081e-07	19.310106786103173	5.174127304924667	-0.017412971440819547	0.008706458804173731	within_fixture_tolerance	SYNTHETIC_TEACHING_FIXTURE
29	0.29	TONGUE	6.416137	12.723988	4.855200318994813	11.312754538302002	1.7618070529230727	12.183900085469888	-0.017412971440819547	0.012940827318135367	within_fixture_tolerance	SYNTHETIC_TEACHING_FIXTURE
29	0.29	STATIONARY	3.16859	-16.814462	-0.03793230579164497	-17.998059900786263	4.621600883358842	-17.3946084846273	-0.017412971440819547	0.03798188788922959	within_fixture_tolerance	SYNTHETIC_TEACHING_FIXTURE
30	0.3	REF_A	-17.727527	0.016518	-20.002388759896103	3.4682247640471786e-07	-19.32082398064074	-5.176998823550495	0.004777690814727009	0.002388759921280673	within_fixture_tolerance	SYNTHETIC_TEACHING_FIXTURE
30	0.3	REF_B	22.215701	2.2348	20.00238892902528	-1.2305661878375673e-07	19.320824086092113	5.176999083465568	0.004777690814727009	0.002388929028449049	within_fixture_tolerance	SYNTHETIC_TEACHING_FIXTURE
30	0.3	TONGUE	6.307284	12.878198	4.708629057652431	11.509151079112915	1.569398921045476	12.335669142535393	0.004777690814727009	0.0475429551616345	within_fixture_tolerance	SYNTHETIC_TEACHING_FIXTURE
30	0.3	STATIONARY	3.25218	-16.839935	0.010342006795453162	-17.993851957184496	4.667141192688756	-17.37804961174009	0.004777690814727009	0.012031439440834384	within_fixture_tolerance	SYNTHETIC_TEACHING_FIXTURE
31	0.31	REF_A	-17.750086	-0.100645	-20.060144589894733	-3.378173621948477e-07	-19.376611651257978	-5.191947793631001	0.12028870848974549	0.06014458989568198	within_fixture_tolerance	SYNTHETIC_TEACHING_FIXTURE
31	0.31	REF_B	22.301661	2.243524	20.060144117993445	6.10867334494003e-08	19.37661126705949	5.191947404192698	0.12028870848974549	0.06014411799347646	within_fixture_tolerance	SYNTHETIC_TEACHING_FIXTURE
31	0.31	TONGUE	6.224583	13.042889	4.641523054140752	11.720275053567864	1.44993659368762	12.522230930263161	0.12028870848974549	0.037821870125505724	within_fixture_tolerance	SYNTHETIC_TEACHING_FIXTURE
31	0.31	STATIONARY	3.366175	-16.857438	0.04096688217457878	-17.96195757612025	4.688467677493568	-17.339315704354348	0.12028870848974549	0.05590627379599287	within_fixture_tolerance	SYNTHETIC_TEACHING_FIXTURE
32	0.32	REF_A	-17.639902	-0.148508	-19.99631682881635	2.425504177505644e-07	-19.314958918607697	-5.175427392865595	-0.007366515608339341	0.0036831711916355567	within_fixture_tolerance	SYNTHETIC_TEACHING_FIXTURE
32	0.32	REF_B	22.284827	2.18103	19.996316653684843	-4.771753899790454e-07	19.314958810169063	5.175427120907906	-0.007366515608339341	0.003683346346065553	within_fixture_tolerance	SYNTHETIC_TEACHING_FIXTURE
32	0.32	TONGUE	6.101443	13.187775	4.481544879650384	11.93072498064531	1.2409410941354961	12.68410455161178	-0.007366515608339341	0.07760593704816783	within_fixture_tolerance	SYNTHETIC_TEACHING_FIXTURE
32	0.32	STATIONARY	3.373295	-16.91686	0.00445830924840207	-17.963882154218837	4.653701221488514	-17.35062381802722	-0.007366515608339341	0.036391967592125075	within_fixture_tolerance	SYNTHETIC_TEACHING_FIXTURE
33	0.33	REF_A	-17.592895	-0.211907	-19.994520071481524	-1.1190069892919041e-07	-19.313223292555694	-5.174962700221407	-0.010959521137095862	0.0054799285196181855	within_fixture_tolerance	SYNTHETIC_TEACHING_FIXTURE
33	0.33	REF_B	22.322599	2.212283	19.99452040667117	-4.677070308822806e-08	19.31322365739121	5.174962633710066	-0.010959521137095862	0.005479593329028573	within_fixture_tolerance	SYNTHETIC_TEACHING_FIXTURE
33	0.33	TONGUE	6.031128	13.288795	4.404485321201708	12.04375150538408	1.137253859262786	12.773335309580379	-0.010959521137095862	0.02325979660714648	within_fixture_tolerance	SYNTHETIC_TEACHING_FIXTURE
33	0.33	STATIONARY	3.440521	-16.99039	-0.01692243380796299	-18.022698938986807	4.648271913654384	-17.41297021295591	-0.010959521137095862	0.028312728535265886	within_fixture_tolerance	SYNTHETIC_TEACHING_FIXTURE
34	0.34	REF_A	-17.596583	-0.285387	-20.015688713739305	-4.131420378028494e-07	-19.333670552853192	-5.180441838973418	0.03137786503025808	0.015688713744744696	within_fixture_tolerance	SYNTHETIC_TEACHING_FIXTURE
34	0.34	REF_B	22.35752	2.200748	20.015689150138787	-9.590469718379069e-08	19.333671106133714	5.1804414602205275	0.03137786503025808	0.015689150139079924	within_fixture_tolerance	SYNTHETIC_TEACHING_FIXTURE
34	0.34	TONGUE	5.81085	13.405658	4.196837134733375	12.210905566195756	0.8934184587648	12.881050428550816	0.03137786503025808	0.029948838265131734	within_fixture_tolerance	SYNTHETIC_TEACHING_FIXTURE
34	0.34	STATIONARY	3.490272	-17.030506	-0.009488612769622318	-18.022387091754016	4.655371721380402	-17.410744977197307	0.03137786503025808	0.024314926475203977	within_fixture_tolerance	SYNTHETIC_TEACHING_FIXTURE
35	0.35	REF_A	-17.562048	-0.384233	-20.002994502739842	1.6066126995450958e-07	-19.321409035115536	-5.1771557811528055	0.005989355602544322	0.002994502744151825	within_fixture_tolerance	SYNTHETIC_TEACHING_FIXTURE
35	0.35	REF_B	22.361222	2.187089	20.002994853078	-3.6165921701858394e-08	19.321409341294444	5.177155992080264	0.005989355602544322	0.002994853078218774	within_fixture_tolerance	SYNTHETIC_TEACHING_FIXTURE
35	0.35	TONGUE	5.617804	13.564292	4.025448665187273	12.429835531699092	0.6712066650848394	13.048161936352384	0.005989355602544322	0.030985095718552957	within_fixture_tolerance	SYNTHETIC_TEACHING_FIXTURE
35	0.35	STATIONARY	3.579931	-17.074924	0.02250178795730351	-18.01504744996153	4.684372436556118	-17.395375702665646	0.005989355602544322	0.02706947010231552	within_fixture_tolerance	SYNTHETIC_TEACHING_FIXTURE
36	0.36	REF_A	-17.486323	-0.471169	-20.003458917717396	2.077019933821589e-07	-19.321857637711513	-5.177275935155976	0.006917106156159036	0.0034589177236316647	within_fixture_tolerance	SYNTHETIC_TEACHING_FIXTURE
36	0.36	REF_B	22.435686	2.133944	20.00345818902446	-1.4325475627963158e-07	19.321856917168013	5.177275808807616	0.006917106156159036	0.0034581890274274166	within_fixture_tolerance	SYNTHETIC_TEACHING_FIXTURE
36	0.36	TONGUE	5.405462	13.644084	3.758878924917032	12.594661299367594	0.3710600206518939	13.138378076553815	0.006917106156159036	0.09459882814453738	within_fixture_tolerance	SYNTHETIC_TEACHING_FIXTURE
36	0.36	STATIONARY	3.569935	-17.125516	-0.07636338349646987	-17.990112036253258	4.582422254162193	-17.396878131844662	0.006917106156159036	0.0770008971771486	within_fixture_tolerance	SYNTHETIC_TEACHING_FIXTURE
37	0.37	REF_A	-17.515042	-0.549621	-20.017217873295458	-2.3087928391340995e-07	-19.33514765473409	-5.180837438537246	0.03443535653966734	0.017217873297005727	within_fixture_tolerance	SYNTHETIC_TEACHING_FIXTURE
37	0.37	REF_B	22.42669	2.173256	20.017217483112233	2.177738187558731e-07	19.33514728123798	5.180837324891489	0.03443535653966734	0.017217483113610613	within_fixture_tolerance	SYNTHETIC_TEACHING_FIXTURE
37	0.37	TONGUE	5.240947	13.743783	3.6582200562857574	12.71259478796416	0.24330758689093201	13.226240646714903	0.03443535653966734	0.043786636828350246	within_fixture_tolerance	SYNTHETIC_TEACHING_FIXTURE
37	0.37	STATIONARY	3.619266	-17.15657	-0.061342696590813706	-18.005909695676817	4.601019858699953	-17.408249859235305	0.03443535653966734	0.061626706288955696	within_fixture_tolerance	SYNTHETIC_TEACHING_FIXTURE
38	0.38	REF_A	-17.517097	-0.556621	-20.020785388212023	-4.3644758440652964e-07	-19.338593556322717	-5.1817609779050615	0.0415706096215942	0.020785388216604802	within_fixture_tolerance	SYNTHETIC_TEACHING_FIXTURE
38	0.38	REF_B	22.437559	2.080203	20.02078522161916	-7.379586941524963e-08	19.338593527467093	5.181760441930326	0.0415706096215942	0.020785221619291413	within_fixture_tolerance	SYNTHETIC_TEACHING_FIXTURE
38	0.38	TONGUE	4.990205	13.85268	3.386545559518504	12.89586931082803	-0.06654476288239897	13.3329557078206	0.0415706096215942	0.045579813929781984	within_fixture_tolerance	SYNTHETIC_TEACHING_FIXTURE
38	0.38	STATIONARY	3.673197	-17.196439	0.027744930664855172	-17.999126385788397	4.685316248882053	-17.378640110409748	0.0415706096215942	0.027758681153619947	within_fixture_tolerance	SYNTHETIC_TEACHING_FIXTURE
39	0.39	REF_A	-17.443107	-0.632932	-20.000981178799616	4.3726530307708344e-07	-19.319464385115356	-5.17663442739414	0.001962383621055608	0.0009811788970506428	within_fixture_tolerance	SYNTHETIC_TEACHING_FIXTURE
39	0.39	REF_B	22.465908	2.092415	20.000981205257958	-1.5796585317584544e-07	19.319464338384137	5.176634704024615	0.001962383621055608	0.0009812052706732318	within_fixture_tolerance	SYNTHETIC_TEACHING_FIXTURE
39	0.39	TONGUE	4.7506	13.998716	3.138016415190979	13.085585787507496	-0.35570771931051093	13.451883676505568	0.001962383621055608	0.049219860209230776	within_fixture_tolerance	SYNTHETIC_TEACHING_FIXTURE
39	0.39	STATIONARY	3.724099	-17.23772	-0.0142486724559161	-18.00833424718124	4.647136712981417	-17.398402965794112	0.001962383621055608	0.016507099770521973	within_fixture_tolerance	SYNTHETIC_TEACHING_FIXTURE
40	0.4	REF_A	-17.494095	-0.691535	-20.00216851144011	-3.924729584658948e-07	-19.320611045625153	-5.176942533159984	0.004337211633064442	0.00216851147562718	within_fixture_tolerance	SYNTHETIC_TEACHING_FIXTURE
40	0.4	REF_B	22.413174	2.093582	20.002168700909678	1.6668931601682146e-07	19.32061128707581	5.176942364108065	0.004337211633064442	0.0021687009160840072	within_fixture_tolerance	SYNTHETIC_TEACHING_FIXTURE
40	0.4	TONGUE	4.494735	14.076919	2.961492000645288	13.201748515525795	-0.5562823366345881	13.518400375142354	0.004337211633064442	0.0532675336306048	within_fixture_tolerance	SYNTHETIC_TEACHING_FIXTURE
40	0.4	STATIONARY	3.731087	-17.296059	0.015498859099452034	-18.04193934781137	4.684568262035	-17.423163772676922	0.004337211633064442	0.04471155922384716	within_fixture_tolerance	SYNTHETIC_TEACHING_FIXTURE
41	0.41	REF_A	-17.476675	-0.796887	-20.028698109482885	4.1345906415246603e-07	-19.346236878126582	-5.183808119921747	0.05739670073333514	0.028698109485863706	within_fixture_tolerance	SYNTHETIC_TEACHING_FIXTURE
41	0.41	REF_B	22.481946	2.014454	20.028698592463815	3.5107422785563003e-07	19.346237146774563	5.183808983408862	0.05739670073333514	0.028698592465962604	within_fixture_tolerance	SYNTHETIC_TEACHING_FIXTURE
41	0.41	TONGUE	4.221852	14.102255	2.661987285550937	13.339539485385913	-0.8812446032854444	13.573978707197499	0.05739670073333514	0.06886630723433744	within_fixture_tolerance	SYNTHETIC_TEACHING_FIXTURE
41	0.41	STATIONARY	3.772875	-17.362738	0.005815457396727286	-18.016354954350426	4.668593085958877	-17.400957395064793	0.05739670073333514	0.01735811270091505	within_fixture_tolerance	SYNTHETIC_TEACHING_FIXTURE
42	0.42	REF_A	-17.405034	-0.888805	-19.99551479892319	-5.06882276152254e-08	-19.31418414132468	-5.175220095501286	-0.008970593038618802	0.004485201077097471	within_fixture_tolerance	SYNTHETIC_TEACHING_FIXTURE
42	0.42	REF_B	22.484231	1.96233	19.9955146071205	-3.988379425612365e-07	19.314184072403446	5.17521961165016	-0.008970593038618802	0.004485392897230755	within_fixture_tolerance	SYNTHETIC_TEACHING_FIXTURE
42	0.42	TONGUE	3.932892	14.236481	2.3664607497892747	13.56552286922393	-1.2251901201480266	13.715773998173761	-0.008970593038618802	0.04310889561408468	within_fixture_tolerance	SYNTHETIC_TEACHING_FIXTURE
42	0.42	STATIONARY	3.759721	-17.384597	-0.060674498954243816	-17.96274344079922	4.590493039186225	-17.36638151655015	-0.008970593038618802	0.07120004232323061	within_fixture_tolerance	SYNTHETIC_TEACHING_FIXTURE
43	0.43	REF_A	-17.428024	-0.970114	-20.00205478494015	-5.8457455986982154e-08	-19.32050128071128	-5.176912775941662	0.004110244531247531	0.002054784940981086	within_fixture_tolerance	SYNTHETIC_TEACHING_FIXTURE
43	0.43	REF_B	22.468047	1.967973	20.002055460885487	3.59427943519286e-07	19.320501855727443	5.176913241604355	0.004110244531247531	0.0020554609169122456	within_fixture_tolerance	SYNTHETIC_TEACHING_FIXTURE
43	0.43	TONGUE	3.618052	14.313224	2.1096609352675197	13.696341181907453	-1.5070979639539823	13.775670102171388	0.004110244531247531	0.020234224238606206	within_fixture_tolerance	SYNTHETIC_TEACHING_FIXTURE
43	0.43	STATIONARY	3.768165	-17.473136	-0.07516853360646936	-18.01519829853554	4.5900691929785244	-17.42080035056089	0.004110244531247531	0.07668961287503244	within_fixture_tolerance	SYNTHETIC_TEACHING_FIXTURE
44	0.44	REF_A	-17.416845	-1.031956	-19.990425957975773	-4.872085210549937e-07	-19.309268585447875	-5.173903428192836	-0.01914812796973564	0.009574042036623168	within_fixture_tolerance	SYNTHETIC_TEACHING_FIXTURE
44	0.44	REF_B	22.45604	1.904293	19.990425916071963	-3.9387921210720656e-07	19.30926877301419	5.173902566281934	-0.01914812796973564	0.009574083936138839	within_fixture_tolerance	SYNTHETIC_TEACHING_FIXTURE
44	0.44	TONGUE	3.333269	14.373956	1.8350845266007134	13.840391404634296	-1.8096013494705576	13.843746328689383	-0.01914812796973564	0.005755499669335367	within_fixture_tolerance	SYNTHETIC_TEACHING_FIXTURE
44	0.44	STATIONARY	3.824235	-17.49704	-0.01592521545958281	-17.98059532869166	4.638337936399692	-17.372043149290672	-0.01914812796973564	0.02510286350237474	within_fixture_tolerance	SYNTHETIC_TEACHING_FIXTURE
45	0.45	REF_A	-17.452383	-1.060964	-20.011598359369398	-1.8413463795385887e-07	-19.32971963320006	-5.179382956157116	0.023196977123568274	0.011598359370859224	within_fixture_tolerance	SYNTHETIC_TEACHING_FIXTURE
45	0.45	REF_B	22.4608	1.904524	20.011598618055547	-4.271008388900821e-07	19.329720041271074	5.1793824327018845	0.023196977123568274	0.011598618063411063	within_fixture_tolerance	SYNTHETIC_TEACHING_FIXTURE
45	0.45	TONGUE	2.999	14.43378	1.5316400171816604	13.936822929446077	-2.1276645531366762	13.858354810805894	0.023196977123568274	0.04035655502251242	within_fixture_tolerance	SYNTHETIC_TEACHING_FIXTURE
45	0.45	STATIONARY	3.845475	-17.588363	0.0031320114259636433	-18.06001793851882	4.677301888060916	-17.4438271260501	0.023196977123568274	0.06009960432166784	within_fixture_tolerance	SYNTHETIC_TEACHING_FIXTURE
46	0.46	REF_A	-17.450991	-1.132523	-19.986424578472523	-3.255556285663985e-08	-19.3054036673177	-5.172867355809687	-0.027150223147600627	0.013575421527516297	within_fixture_tolerance	SYNTHETIC_TEACHING_FIXTURE
46	0.46	REF_B	22.413437	1.809602	19.986425199715683	-1.7660885415216043e-07	19.30540432152825	5.172867314561936	-0.027150223147600627	0.01357480028546608	within_fixture_tolerance	SYNTHETIC_TEACHING_FIXTURE
46	0.46	TONGUE	2.667036	14.52215	1.2292668331214798	14.131462562699909	-2.4701110648183393	13.968102320625027	-0.027150223147600627	0.03359576099358856	within_fixture_tolerance	SYNTHETIC_TEACHING_FIXTURE
46	0.46	STATIONARY	3.855237	-17.606761	0.04945793895920536	-17.997757700242424	4.705935162474182	-17.371698321619814	-0.027150223147600627	0.04950874300863746	within_fixture_tolerance	SYNTHETIC_TEACHING_FIXTURE
47	0.47	REF_A	-17.530457	-1.205494	-20.033177188799637	-3.385707781217162e-07	-19.350563141877036	-5.1849681173584825	0.06635438495092671	0.03317718880136503	within_fixture_tolerance	SYNTHETIC_TEACHING_FIXTURE
47	0.47	REF_B	22.421314	1.8225	20.033177196076572	-4.1723838299645433e-07	19.35056334452382	5.184967389186303	0.06635438495092671	0.03317719607919571	within_fixture_tolerance	SYNTHETIC_TEACHING_FIXTURE
47	0.47	TONGUE	2.308771	14.556577	0.940524169986777	14.217654220289166	-2.7713231028076275	13.976624968349944	0.06635438495092671	0.0043172131425997995	within_fixture_tolerance	SYNTHETIC_TEACHING_FIXTURE
47	0.47	STATIONARY	3.891062	-17.636087	0.08534608330402493	-18.002524715616197	4.741834242321842	-17.367014369633974	0.06635438495092671	0.08538341832159352	within_fixture_tolerance	SYNTHETIC_TEACHING_FIXTURE
48	0.48	REF_A	-17.471172	-1.270686	-19.98293235721204	7.009592674356302e-08	-19.302030467179208	-5.171963403284045	-0.0341348000771049	0.01706764278810452	within_fixture_tolerance	SYNTHETIC_TEACHING_FIXTURE
48	0.48	REF_B	22.379186	1.765652	19.982932842358643	5.487547895255407e-08	19.30203090344986	5.171963649562335	-0.0341348000771049	0.01706715764144502	within_fixture_tolerance	SYNTHETIC_TEACHING_FIXTURE
48	0.48	TONGUE	1.982985	14.605542	0.6211684548992613	14.352347257990807	-3.1146581591867206	14.02407311086258	-0.0341348000771049	0.021502899163299005	within_fixture_tolerance	SYNTHETIC_TEACHING_FIXTURE
48	0.48	STATIONARY	3.837416	-17.732746	0.013393949224257629	-18.033365567828906	4.6803160176765575	-17.415426927926763	-0.0341348000771049	0.035953567171663064	within_fixture_tolerance	SYNTHETIC_TEACHING_FIXTURE
49	0.49	REF_A	-17.46699	-1.35164	-19.992252790411207	-2.6249880195287206e-07	-19.311033228236738	-5.174376030166411	-0.015494408042656005	0.007747209593239839	within_fixture_tolerance	SYNTHETIC_TEACHING_FIXTURE
49	0.49	REF_B	22.399358	1.720002	19.992252801601463	3.9215303746474584e-08	19.311033296835717	5.174375817387365	-0.015494408042656005	0.007747198398636132	within_fixture_tolerance	SYNTHETIC_TEACHING_FIXTURE
49	0.49	TONGUE	1.635374	14.6079	0.2796867485205419	14.444919077245066	-3.468463508449476	14.025108652703784	-0.015494408042656005	0.03557809232152522	within_fixture_tolerance	SYNTHETIC_TEACHING_FIXTURE
49	0.49	STATIONARY	3.809498	-17.784093	-0.040992779684463354	-18.018370810296094	4.6239015427895	-17.415019425608982	-0.015494408042656005	0.044920982371204135	within_fixture_tolerance	SYNTHETIC_TEACHING_FIXTURE
50	0.5	REF_A	-17.522202	-1.456097	-19.992862754662713	7.471172518147551e-08	-19.31162249573689	-5.174533574811173	-0.014274541271895202	0.0071372453376776935	within_fixture_tolerance	SYNTHETIC_TEACHING_FIXTURE
50	0.5	REF_B	22.340754	1.674874	19.9928627037835	-4.5390902217445905e-08	19.31162243900256	5.174533589964405	-0.014274541271895202	0.007137296216642948	within_fixture_tolerance	SYNTHETIC_TEACHING_FIXTURE
50	0.5	TONGUE	1.315503	14.635354	0.04700058496510762	14.567010827533066	-3.7248207534744635	14.082816616825735	-0.014274541271895202	0.05915600291075835	within_fixture_tolerance	SYNTHETIC_TEACHING_FIXTURE
50	0.5	STATIONARY	3.801113	-17.865317	-0.01989579374208139	-18.028501093310826	4.646901576544799	-17.419344225844547	-0.014274541271895202	0.034758523106424695	within_fixture_tolerance	SYNTHETIC_TEACHING_FIXTURE
51	0.51	REF_A	-17.564167	-1.482215	-20.008774192432476	6.167281561830773e-08	-19.326991761037554	-5.178651770535531	0.017548057730934374	0.008774192432692758	within_fixture_tolerance	SYNTHETIC_TEACHING_FIXTURE
51	0.51	REF_B	22.329739	1.661098	20.008773866115586	-3.1083310182700163e-07	19.326991510327073	5.178651445408151	0.017548057730934374	0.008773866121092025	within_fixture_tolerance	SYNTHETIC_TEACHING_FIXTURE
51	0.51	TONGUE	0.904842	14.618582	-0.33213738803717163	14.60033983750417	-4.099666095863247	14.016881840188235	0.017548057730934374	0.025715741611630576	within_fixture_tolerance	SYNTHETIC_TEACHING_FIXTURE
51	0.51	STATIONARY	3.753749	-17.900619	-0.04636304144205328	-18.042163709855615	4.624872323808007	-17.439391527796122	0.017548057730934374	0.06266825384950508	within_fixture_tolerance	SYNTHETIC_TEACHING_FIXTURE
52	0.52	REF_A	-17.614034	-1.587359	-19.999492359772436	-1.4230050651709014e-07	-19.318026146363646	-5.176249652492782	-0.0010148120335884414	0.0005076402475087802	within_fixture_tolerance	SYNTHETIC_TEACHING_FIXTURE
52	0.52	REF_B	22.257765	1.599875	19.999492827204133	-4.963592934725813e-07	19.318026763165314	5.176249156575012	-0.0010148120335884414	0.0005071730387553211	within_fixture_tolerance	SYNTHETIC_TEACHING_FIXTURE
52	0.52	TONGUE	0.624308	14.612203	-0.5283157128555978	14.694767901323607	-4.313599587674023	14.05731765906011	-0.0010148120335884414	0.09838574278626357	within_fixture_tolerance	SYNTHETIC_TEACHING_FIXTURE
52	0.52	STATIONARY	3.778959	-17.91248	0.024643903939888023	-17.977866868336974	4.676818519074297	-17.35890759822453	-0.0010148120335884414	0.033123971963085176	within_fixture_tolerance	SYNTHETIC_TEACHING_FIXTURE
53	0.53	REF_A	-17.646737	-1.629016	-20.007978303497527	1.0632938390875424e-07	-19.32622300291839	-5.1784457361864495	0.01595611168031752	0.007978303498235693	within_fixture_tolerance	SYNTHETIC_TEACHING_FIXTURE
53	0.53	REF_B	22.243293	1.543089	20.007977808003837	-2.5194070257805734e-07	19.32622256199522	5.178445467293512	0.01595611168031752	0.007977808007814797	within_fixture_tolerance	SYNTHETIC_TEACHING_FIXTURE
53	0.53	TONGUE	0.197961	14.643092	-0.9295292748439201	14.806334160737253	-4.7300176017871784	14.061240679376448	0.01595611168031752	0.039498305174775684	within_fixture_tolerance	SYNTHETIC_TEACHING_FIXTURE
53	0.53	STATIONARY	3.726283	-17.954344	0.003657698381309249	-17.968214683955754	4.654049231984549	-17.35501593373344	0.01595611168031752	0.031995078894749396	within_fixture_tolerance	SYNTHETIC_TEACHING_FIXTURE
54	0.54	REF_A	-17.637441	-1.70169	-20.017662609200176	3.316783549478508e-07	-19.33557738223097	-5.180952001270475	0.035325143262568304	0.01766260920329037	within_fixture_tolerance	SYNTHETIC_TEACHING_FIXTURE
54	0.54	REF_B	22.272555	1.463666	20.017662533355832	-1.7623482945205993e-07	19.33557726873921	5.180952131787429	0.035325143262568304	0.017662533356711238	within_fixture_tolerance	SYNTHETIC_TEACHING_FIXTURE
54	0.54	TONGUE	-0.12345	14.594481	-1.270056632362389	14.86042899731104	-5.07294254492283	14.025357313589192	0.035325143262568304	0.04141041282437672	within_fixture_tolerance	SYNTHETIC_TEACHING_FIXTURE
54	0.54	STATIONARY	3.689495	-18.000751	-0.04616024379593897	-17.93423179219689	4.597133375427659	-17.33508481315436	0.035325143262568304	0.08035063948055171	within_fixture_tolerance	SYNTHETIC_TEACHING_FIXTURE
55	0.55	REF_A	-17.66378	-1.69277	-20.00043774681924	-4.243476642851185e-07	-19.318939247128828	-5.17649460910212	0.0008754251034517324	0.00043774702492019015	within_fixture_tolerance	SYNTHETIC_TEACHING_FIXTURE
55	0.55	REF_B	22.209571	1.498768	20.000437677858375	1.100502582951357e-07	19.3189392618639	5.176494287665752	0.0008754251034517324	0.0004376778722110373	within_fixture_tolerance	SYNTHETIC_TEACHING_FIXTURE
55	0.55	TONGUE	-0.46595	14.557724	-1.560861978082768	14.82652841452906	-5.345064822316278	13.917345903264133	0.0008754251034517324	0.05646068576183912	within_fixture_tolerance	SYNTHETIC_TEACHING_FIXTURE
55	0.55	STATIONARY	3.654866	-18.03154	-0.053372823890036614	-17.98762598558568	4.603985992187283	-17.38852639661571	0.0008754251034517324	0.05478845282285911	within_fixture_tolerance	SYNTHETIC_TEACHING_FIXTURE
56	0.56	REF_A	-17.731373	-1.78103	-20.008579218916815	2.2958821505048022e-07	-19.326803474543034	-5.178601145482567	0.017158268915359542	0.00857921891988657	within_fixture_tolerance	SYNTHETIC_TEACHING_FIXTURE
56	0.56	REF_B	22.162541	1.357215	20.008579049183023	-1.5390990865116194e-07	19.326803291005795	5.1786011746518605	0.017158268915359542	0.00857904918440369	within_fixture_tolerance	SYNTHETIC_TEACHING_FIXTURE
56	0.56	TONGUE	-0.843066	14.565539	-1.8903458763687544	14.971802122495882	-5.700921431394824	13.972392821741444	0.017158268915359542	0.06930957717967089	within_fixture_tolerance	SYNTHETIC_TEACHING_FIXTURE
56	0.56	STATIONARY	3.640039	-18.07974	0.018827898464952586	-17.924512669317757	4.657391606337925	-17.308876692433632	0.017158268915359542	0.07779991551497278	within_fixture_tolerance	SYNTHETIC_TEACHING_FIXTURE
57	0.57	REF_A	-17.780373	-1.857981	-19.989995150134977	2.8093193105149794e-07	-19.308852655837654	-5.173791184952157	-0.020009348797245252	0.010004849868967372	within_fixture_tolerance	SYNTHETIC_TEACHING_FIXTURE
57	0.57	REF_B	22.072383	1.329101	19.989995502392063	4.0190794248218253e-08	19.308852912979194	5.173791586303734	-0.020009348797245252	0.010004497608018153	within_fixture_tolerance	SYNTHETIC_TEACHING_FIXTURE
57	0.57	TONGUE	-1.180099	14.538626	-2.135463613262668	15.021102824434632	-5.95044694454341	13.956572504398846	-0.020009348797245252	0.06452891320572766	within_fixture_tolerance	SYNTHETIC_TEACHING_FIXTURE
57	0.57	STATIONARY	3.604886	-18.188452	0.025391082110230112	-17.983266930588197	4.67893787672122	-17.363930273876043	-0.020009348797245252	0.03040892406298947	within_fixture_tolerance	SYNTHETIC_TEACHING_FIXTURE
58	0.58	REF_A	-17.831213	-1.898459	-19.991377511466982	-1.7796387413726578e-07	-19.310187795578543	-5.174149409651401	-0.01724455117184931	0.008622488534854046	within_fixture_tolerance	SYNTHETIC_TEACHING_FIXTURE
58	0.58	REF_B	22.022121	1.315962	19.991377937514507	3.704604962240232e-07	19.310188157287058	5.174149705858072	-0.01724455117184931	0.008622062493451842	within_fixture_tolerance	SYNTHETIC_TEACHING_FIXTURE
58	0.58	TONGUE	-1.554	14.463379	-2.451439959697467	15.000266368658703	-6.250263786477504	13.854665337377877	-0.01724455117184931	0.046891205980132966	within_fixture_tolerance	SYNTHETIC_TEACHING_FIXTURE
58	0.58	STATIONARY	3.552625	-18.195139	0.01306811689243359	-17.963086264162996	4.661811665547101	-17.34762666507447	-0.01724455117184931	0.03915864620436232	within_fixture_tolerance	SYNTHETIC_TEACHING_FIXTURE
59	0.59	REF_A	-17.866705	-1.942207	-19.987467623823445	3.850294438834112e-08	-19.306411190151454	-5.173137247174162	-0.025064272794310227	0.01253237617661415	within_fixture_tolerance	SYNTHETIC_TEACHING_FIXTURE
59	0.59	REF_B	21.980694	1.248448	19.9874681030119	-3.9891413727843883e-07	19.30641174629324	5.173137023066779	-0.025064272794310227	0.012531896994449853	within_fixture_tolerance	SYNTHETIC_TEACHING_FIXTURE
59	0.59	TONGUE	-1.795222	14.379536	-2.6645166174954813	14.98690194650171	-6.452621066245308	13.78660799975848	-0.025064272794310227	0.016809978003105006	within_fixture_tolerance	SYNTHETIC_TEACHING_FIXTURE
59	0.59	STATIONARY	3.48004	-18.274559	-0.012417197955592929	-17.984065253237404	4.6426245036634075	-17.374486897284143	-0.025064272794310227	0.020201558342277832	within_fixture_tolerance	SYNTHETIC_TEACHING_FIXTURE
60	0.6	REF_A	-17.950644	-1.9939	-20.001276098989837	-4.1623092450482346e-07	-19.31974903524271	-5.176711582770203	0.0025524952493967135	0.001276099057719444	within_fixture_tolerance	SYNTHETIC_TEACHING_FIXTURE
60	0.6	REF_B	21.927576	1.157572	20.001276397446873	9.939736156372447e-08	19.319749405532626	5.176711353978846	0.0025524952493967135	0.0012763974507427826	within_fixture_tolerance	SYNTHETIC_TEACHING_FIXTURE
60	0.6	TONGUE	-2.134202	14.321565	-2.9486323416969302	15.018707138785254	-6.735287571405463	13.74379489595988	0.0025524952493967135	0.02107534366667216	within_fixture_tolerance	SYNTHETIC_TEACHING_FIXTURE
60	0.6	STATIONARY	3.38562	-18.368449	-0.021343406288455213	-18.0045638952259	4.639307887449071	-17.396597337701984	0.0025524952493967135	0.021825905058600888	within_fixture_tolerance	SYNTHETIC_TEACHING_FIXTURE
61	0.61	REF_A	-17.99559	-2.058172	-20.022671592666487	1.069809022480328e-07	-19.34041563056861	-5.182248638629219	0.0453423346968691	0.022671592666739734	within_fixture_tolerance	SYNTHETIC_TEACHING_FIXTURE
61	0.61	REF_B	21.922653	1.129824	20.022670742282678	9.520092636439159e-08	19.340414756832416	5.182248613826344	0.0453423346968691	0.022670742282877625	within_fixture_tolerance	SYNTHETIC_TEACHING_FIXTURE
61	0.61	TONGUE	-2.416723	14.265388	-3.1937371037272686	15.031522719500792	-6.97535750756288	13.692736015893894	0.0453423346968691	0.03691758505581918	within_fixture_tolerance	SYNTHETIC_TEACHING_FIXTURE
61	0.61	STATIONARY	3.379704	-18.399461	-0.01614476069214632	-17.99110335830354	4.640845550179548	-17.38224994896376	0.0453423346968691	0.018433760638617812	within_fixture_tolerance	SYNTHETIC_TEACHING_FIXTURE
62	0.62	REF_A	-18.042848	-2.11224	-19.974604333234343	-2.14073262450043e-07	-19.293986140188707	-5.169808226556927	-0.05079183531277209	0.025395666766559678	within_fixture_tolerance	SYNTHETIC_TEACHING_FIXTURE
62	0.62	REF_B	21.780004	1.062613	19.974603832131834	1.1946390321426748e-07	19.293985680647555	5.169808005476431	-0.05079183531277209	0.02539616786844721	within_fixture_tolerance	SYNTHETIC_TEACHING_FIXTURE
62	0.62	TONGUE	-2.743443	14.178285	-3.4289457698282657	15.023121327397863	-7.200377192437816	13.623744411925298	-0.05079183531277209	0.04274776451883431	within_fixture_tolerance	SYNTHETIC_TEACHING_FIXTURE
62	0.62	STATIONARY	3.319081	-18.483706	0.0186816860380834	-18.01736472074804	4.681282255265449	-17.398602729495785	-0.05079183531277209	0.025505664466603885	within_fixture_tolerance	SYNTHETIC_TEACHING_FIXTURE
63	0.63	REF_A	-18.107046	-2.13118	-20.004498949510563	-2.6479136105983514e-08	-19.322862170670167	-5.177545341393158	0.00899776584854095	0.004498949510640434	within_fixture_tolerance	SYNTHETIC_TEACHING_FIXTURE
63	0.63	REF_B	21.777802	1.018233	20.004498817592612	2.7994483764448574e-07	19.322861977645463	5.177545552079347	0.00899776584854095	0.0044988176013221375	within_fixture_tolerance	SYNTHETIC_TEACHING_FIXTURE
63	0.63	TONGUE	-3.032665	14.058996	-3.702442474581484	14.953317871668133	-7.446488259210247	13.48553329530874	0.00899776584854095	0.05771131323024075	within_fixture_tolerance	SYNTHETIC_TEACHING_FIXTURE
63	0.63	STATIONARY	3.247849	-18.538527	-0.007416307546157519	-18.037440584811268	4.66126954521422	-17.424749182858246	0.00899776584854095	0.03816803647856338	within_fixture_tolerance	SYNTHETIC_TEACHING_FIXTURE
64	0.64	REF_A	-18.187658	-2.184201	-20.02054151699367	1.9841376475149275e-07	-19.338358159128827	-5.181697246160227	0.04108335259640228	0.020541516994628937	within_fixture_tolerance	SYNTHETIC_TEACHING_FIXTURE
64	0.64	REF_B	21.725799	1.010217	20.020541834684792	-2.401941001650698e-07	19.338358476808434	5.181697288028035	0.04108335259640228	0.02054183468619638	within_fixture_tolerance	SYNTHETIC_TEACHING_FIXTURE
64	0.64	TONGUE	-3.280287	13.939562	-3.874356086234722	14.883082521146797	-7.5943658102444225	13.373196639513163	0.04108335259640228	0.045932068734673835	within_fixture_tolerance	SYNTHETIC_TEACHING_FIXTURE
64	0.64	STATIONARY	3.174331	-18.501335	-0.028398250565235594	-17.96935270010617	4.623380103263886	-17.364411863019996	0.04108335259640228	0.04178178581568999	within_fixture_tolerance	SYNTHETIC_TEACHING_FIXTURE
65	0.65	REF_A	-18.264593	-2.237765	-20.014279006270044	-6.143595820962133e-08	-19.33230897102934	-5.180076640110368	0.02855794858805183	0.014279006270176357	within_fixture_tolerance	SYNTHETIC_TEACHING_FIXTURE
65	0.65	REF_B	21.635951	0.960991	20.01427894387783	3.498771846688342e-07	19.332308836109007	5.180076902574904	0.02855794858805183	0.014278943882116653	within_fixture_tolerance	SYNTHETIC_TEACHING_FIXTURE
65	0.65	TONGUE	-3.443598	13.852924	-3.9548459923487664	14.854856942029915	-7.664807771882014	13.325100503041266	0.02855794858805183	0.09387763946628705	within_fixture_tolerance	SYNTHETIC_TEACHING_FIXTURE
65	0.65	STATIONARY	3.149446	-18.577054	0.025573917665001167	-17.998270149492722	4.682997601095835	-17.37837494916986	0.02855794858805183	0.025632355481184105	within_fixture_tolerance	SYNTHETIC_TEACHING_FIXTURE
66	0.66	REF_A	-18.337076	-2.30166	-19.99034625405072	-3.8747070374434145e-07	-19.309191623182254	-5.1738827029597285	-0.019307921998354516	0.009653745957055291	within_fixture_tolerance	SYNTHETIC_TEACHING_FIXTURE
66	0.66	REF_B	21.516244	0.887168	19.99034582362496	-2.587438575618606e-07	19.30919137467553	5.17388196736201	-0.019307921998354516	0.009654176378507507	within_fixture_tolerance	SYNTHETIC_TEACHING_FIXTURE
66	0.66	TONGUE	-3.726745	13.707847	-4.149656010578422	14.793194633055162	-7.837020419784505	13.21511874339915	-0.019307921998354516	0.08026321571844489	within_fixture_tolerance	SYNTHETIC_TEACHING_FIXTURE
66	0.66	STATIONARY	3.051116	-18.690403	0.022553427355969102	-18.042436489034866	4.691511121324112	-17.42181811760427	-0.019307921998354516	0.04805738951615353	within_fixture_tolerance	SYNTHETIC_TEACHING_FIXTURE
67	0.67	REF_A	-18.364855	-2.344903	-19.961707701919345	-4.851421537832579e-07	-19.28152888077149	-5.166470594587415	-0.07658401453222297	0.03829229808372873	within_fixture_tolerance	SYNTHETIC_TEACHING_FIXTURE
67	0.67	REF_B	21.435693	0.784877	19.96170828260456	2.8843565658132064e-07	19.281529492581726	5.166470554875923	-0.07658401453222297	0.03829171739652457	within_fixture_tolerance	SYNTHETIC_TEACHING_FIXTURE
67	0.67	TONGUE	-3.985686	13.614644	-4.375649991574116	14.78318072201817	-8.052722051724288	13.146954501746595	-0.07658401453222297	0.016718958920489028	within_fixture_tolerance	SYNTHETIC_TEACHING_FIXTURE
67	0.67	STATIONARY	2.942505	-18.690317	-0.0013148143644770016	-17.965491425869185	4.64854132244426	-17.353672449416557	-0.07658401453222297	0.03453361297858892	within_fixture_tolerance	SYNTHETIC_TEACHING_FIXTURE
68	0.68	REF_A	-18.450982	-2.421107	-20.00600863102713	1.8985639027579992e-07	-19.32432046702826	-5.1779358667576085	0.012017900425092876	0.006008631030128259	within_fixture_tolerance	SYNTHETIC_TEACHING_FIXTURE
68	0.68	REF_B	21.436995	0.727046	20.00600926744889	1.1079673878366947e-07	19.324321003949716	5.177936321884303	0.012017900425092876	0.006009267449909938	within_fixture_tolerance	SYNTHETIC_TEACHING_FIXTURE
68	0.68	TONGUE	-4.208282	13.469973	-4.557149144229921	14.721198081645996	-8.211994482932193	13.040108431252014	0.012017900425092876	0.04069218751546628	within_fixture_tolerance	SYNTHETIC_TEACHING_FIXTURE
68	0.68	STATIONARY	2.841919	-18.78782	-0.06685361904101894	-17.99130395292023	4.591916471985328	-17.395568126780603	0.012017900425092876	0.06741681996130687	within_fixture_tolerance	SYNTHETIC_TEACHING_FIXTURE
69	0.69	REF_A	-18.53945	-2.395793	-20.019448764611933	6.653081108254355e-08	-19.33730260724774	-5.181414548421406	0.03889814876274755	0.01944876461204725	within_fixture_tolerance	SYNTHETIC_TEACHING_FIXTURE
69	0.69	REF_B	21.378669	0.711801	20.019449384881288	-4.750216561211218e-07	19.337303312107135	5.181414314387071	0.03889814876274755	0.0194493848870884	within_fixture_tolerance	SYNTHETIC_TEACHING_FIXTURE
69	0.69	TONGUE	-4.374626	13.337402	-4.676231324989502	14.586341022227014	-8.29211546143618	12.879025778387724	0.03889814876274755	0.04223346150580483	within_fixture_tolerance	SYNTHETIC_TEACHING_FIXTURE
69	0.69	STATIONARY	2.79911	-18.80319	-0.018707580888642106	-18.014082516752786	4.644317499810625	-17.405109418252547	0.03889814876274755	0.02341561147605587	within_fixture_tolerance	SYNTHETIC_TEACHING_FIXTURE
70	0.7	REF_A	-18.615167	-2.456595	-19.992659776486988	1.3143368327028782e-07	-19.31142644855551	-5.174480985404352	-0.014680623704784068	0.0073402235141885016	within_fixture_tolerance	SYNTHETIC_TEACHING_FIXTURE
70	0.7	REF_B	21.248844	0.655702	19.992659600687176	5.2200318068074125e-08	19.31142623121795	5.174481117280838	-0.014680623704784068	0.0073403993130094275	within_fixture_tolerance	SYNTHETIC_TEACHING_FIXTURE
70	0.7	TONGUE	-4.571186	13.230247	-4.770284789265404	14.546123808524603	-8.37255515078622	12.815836105198505	-0.014680623704784068	0.021239094814400304	within_fixture_tolerance	SYNTHETIC_TEACHING_FIXTURE
70	0.7	STATIONARY	2.721956	-18.864791	0.0025819235949580133	-18.019212483958274	4.666209315233982	-17.404554456843304	-0.014680623704784068	0.019385197169415974	within_fixture_tolerance	SYNTHETIC_TEACHING_FIXTURE
71	0.71	REF_A	-18.686657	-2.488867	-19.983172519891724	-1.7458331003084027e-07	-19.30226238318638	-5.172025798301464	-0.03365522284018141	0.01682748010918159	within_fixture_tolerance	SYNTHETIC_TEACHING_FIXTURE
71	0.71	REF_B	21.161074	0.58799	19.983172259308986	-3.8430014281942704e-08	19.30226218661469	5.172025525102618	-0.03365522284018141	0.01682774069105744	within_fixture_tolerance	SYNTHETIC_TEACHING_FIXTURE
71	0.71	TONGUE	-4.652748	13.071282	-4.792997247847726	14.433551501006015	-8.365357843972989	12.701221189197963	-0.03365522284018141	0.04995103235247028	within_fixture_tolerance	SYNTHETIC_TEACHING_FIXTURE
71	0.71	STATIONARY	2.576916	-18.90514	-0.04653284359272125	-18.00455388824084	4.6149741694085975	-17.403107177806366	-0.03365522284018141	0.04675514336342803	within_fixture_tolerance	SYNTHETIC_TEACHING_FIXTURE
72	0.72	REF_A	-18.79953	-2.549271	-20.012305980325863	-2.756149759530757e-07	-19.330403118880287	-5.179566190300583	0.024611515129038253	0.012305980328949171	within_fixture_tolerance	SYNTHETIC_TEACHING_FIXTURE
72	0.72	REF_B	21.108492	0.503483	20.01230553620912	1.1433420010753537e-07	19.33040273163899	5.179565919569445	0.024611515129038253	0.012305536209650494	within_fixture_tolerance	SYNTHETIC_TEACHING_FIXTURE
72	0.72	TONGUE	-4.826433	12.903997	-4.901261557471434	14.342498395545741	-8.44636685889645	12.585249777833848	0.024611515129038253	0.01493953331510931	within_fixture_tolerance	SYNTHETIC_TEACHING_FIXTURE
72	0.72	STATIONARY	2.512188	-18.939674	-0.012795198962204157	-17.968144397110493	4.638138761948813	-17.35920636503393	0.024611515129038253	0.03432923756707076	within_fixture_tolerance	SYNTHETIC_TEACHING_FIXTURE
73	0.73	REF_A	-18.895628	-2.580326	-20.022946919568195	2.369294069826111e-07	-19.34068160956679	-5.182319772954393	0.045893562632812746	0.022946919569418217	within_fixture_tolerance	SYNTHETIC_TEACHING_FIXTURE
73	0.73	REF_B	21.029976	0.521244	20.02294664274525	-4.843251140140836e-07	19.340681406207082	5.18231946234144	0.045893562632812746	0.02294664275036127	within_fixture_tolerance	SYNTHETIC_TEACHING_FIXTURE
73	0.73	TONGUE	-4.968246	12.821953	-4.944487144032737	14.277332570332824	-8.471253412658218	12.511116819230857	0.045893562632812746	0.059536118116084835	within_fixture_tolerance	SYNTHETIC_TEACHING_FIXTURE
73	0.73	STATIONARY	2.38185	-18.954662	-0.07758105526532288	-17.97309994108619	4.576843019326411	-17.38076086640778	0.045893562632812746	0.08211232127791507	within_fixture_tolerance	SYNTHETIC_TEACHING_FIXTURE
74	0.74	REF_A	-18.994023	-2.581642	-20.0110891497717	4.2312328907279095e-07	-19.32922793166856	-5.179250576449169	0.022177814746370927	0.011089149779771624	within_fixture_tolerance	SYNTHETIC_TEACHING_FIXTURE
74	0.74	REF_B	20.914541	0.431867	20.01108866313133	3.545118756331789e-07	19.329227260343266	5.179251201635262	0.022177814746370927	0.011088663136995492	within_fixture_tolerance	SYNTHETIC_TEACHING_FIXTURE
74	0.74	TONGUE	-4.998459	12.617677	-4.910807752102717	14.10236233217048	-8.393435988216835	12.350825415414864	0.022177814746370927	0.07933782534676358	within_fixture_tolerance	SYNTHETIC_TEACHING_FIXTURE
74	0.74	STATIONARY	2.347373	-19.001045	0.033408474594729065	-17.979712951266322	4.685762245647188	-17.35842233959588	0.022177814746370927	0.03908568179102533	within_fixture_tolerance	SYNTHETIC_TEACHING_FIXTURE
75	0.75	REF_A	-19.064696	-2.611432	-19.989852091625533	-1.2923961523192418e-07	-19.308714365768502	-5.17375455488064	-0.020295797384939362	0.01014790837529008	within_fixture_tolerance	SYNTHETIC_TEACHING_FIXTURE
75	0.75	REF_B	20.80479	0.355188	19.989852112484677	-5.285283166678312e-08	19.308714433045882	5.173754384391587	-0.020295797384939362	0.010147887515460998	within_fixture_tolerance	SYNTHETIC_TEACHING_FIXTURE
75	0.75	TONGUE	-5.108929	12.438119	-4.9558350333094525	13.972499610665874	-8.403318056448583	12.213733740914584	-0.020295797384939362	0.04422874639289675	within_fixture_tolerance	SYNTHETIC_TEACHING_FIXTURE
75	0.75	STATIONARY	2.236182	-19.054977	0.03213969418983953	-17.978804892649546	4.684301675022113	-17.357873606858977	-0.020295797384939362	0.03849925347605704	within_fixture_tolerance	SYNTHETIC_TEACHING_FIXTURE
76	0.76	REF_A	-19.166528	-2.625242	-20.01317059280499	-3.4955812822090593e-07	-19.33123825126572	-5.1797900399004115	0.02634156738297122	0.013170592809628444	within_fixture_tolerance	SYNTHETIC_TEACHING_FIXTURE
76	0.76	REF_B	20.754509	0.276279	20.013170975755493	-6.432284860302673e-08	19.33123872828778	5.179789739236972	0.02634156738297122	0.01317097575565004	within_fixture_tolerance	SYNTHETIC_TEACHING_FIXTURE
76	0.76	TONGUE	-5.138179	12.278121	-4.9413795512609795	13.847234724645343	-8.356934194821953	12.096478506439073	0.02634156738297122	0.049039276598231554	within_fixture_tolerance	SYNTHETIC_TEACHING_FIXTURE
76	0.76	STATIONARY	2.170213	-19.154274	0.0692418174477506	-18.03225276531286	4.733972901452841	-17.39989755131247	0.02634156738297122	0.07638501262547617	within_fixture_tolerance	SYNTHETIC_TEACHING_FIXTURE
77	0.77	REF_A	-19.227814	-2.662086	-20.02242277591472	4.64146855172487e-07	-19.340175384483413	-5.182183895119304	0.04484554280894315	0.022422775919523623	within_fixture_tolerance	SYNTHETIC_TEACHING_FIXTURE
77	0.77	REF_B	20.712291	0.232334	20.022422768359156	3.560204322461402e-07	19.34017516491038	5.182184685384545	0.04484554280894315	0.022422768361982846	within_fixture_tolerance	SYNTHETIC_TEACHING_FIXTURE
77	0.77	TONGUE	-5.206818	12.085981	-4.972117402920177	13.696062572592979	-8.347498447544647	11.942501879139485	0.04484554280894315	0.01327641220476085	within_fixture_tolerance	SYNTHETIC_TEACHING_FIXTURE
77	0.77	STATIONARY	2.026935	-19.09283	-0.010872725241057535	-17.92404952654234	4.628583136672194	-17.31611641793206	0.04484554280894315	0.07672477157092204	within_fixture_tolerance	SYNTHETIC_TEACHING_FIXTURE
78	0.78	REF_A	-19.301439	-2.655559	-20.00307316430564	-2.776599423714998e-07	-19.3214849029076	-5.17717656364993	0.00614560004479614	0.003073164318183131	within_fixture_tolerance	SYNTHETIC_TEACHING_FIXTURE
78	0.78	REF_B	20.603789	0.184241	20.00307243717161	-2.774088943002795e-07	19.321484344212447	5.17717583929847	0.00614560004479614	0.00307243718413399	within_fixture_tolerance	SYNTHETIC_TEACHING_FIXTURE
78	0.78	TONGUE	-5.220535	11.951735	-4.920803452103376	13.570925844661875	-8.265545208771144	11.83491010956287	0.00614560004479614	0.016578075687589774	within_fixture_tolerance	SYNTHETIC_TEACHING_FIXTURE
78	0.78	STATIONARY	1.925324	-19.175454	-0.0025055658056533092	-17.984985516987663	4.652436586922902	-17.372810484639096	0.00614560004479614	0.015222107611438211	within_fixture_tolerance	SYNTHETIC_TEACHING_FIXTURE
79	0.79	REF_A	-19.36807	-2.693803	-19.98743955389413	9.430782221819811e-08	-19.306384091125153	-5.173129928238487	-0.025120724812374817	0.012560446106223307	within_fixture_tolerance	SYNTHETIC_TEACHING_FIXTURE
79	0.79	REF_B	20.508938	0.101766	19.98743971937244	-2.391612357044437e-07	19.306384288455746	5.173129831149772	-0.025120724812374817	0.012560280629837816	within_fixture_tolerance	SYNTHETIC_TEACHING_FIXTURE
79	0.79	TONGUE	-5.217855	11.802237	-4.858115032282248	13.470980003287611	-8.179124957829774	11.754594797105117	-0.025120724812374817	0.06650313569311088	within_fixture_tolerance	SYNTHETIC_TEACHING_FIXTURE
79	0.79	STATIONARY	1.792156	-19.293839	-0.03991341128396669	-18.039195017801145	4.630333834105052	-17.434854704351615	-0.025120724812374817	0.055940413126425365	within_fixture_tolerance	SYNTHETIC_TEACHING_FIXTURE
82	0.82	REF_A	-19.684735	-2.711688	-19.99914115127448	-5.8067005426210017e-08	-19.31768692680629	-5.176158671681395	-0.0017172512788548033	0.0008588487274839631	within_fixture_tolerance	SYNTHETIC_TEACHING_FIXTURE
82	0.82	REF_B	20.225125	-0.05355	19.9991415988292	1.1657487752891882e-07	19.317687343968004	5.176158844031345	-0.0017172512788548033	0.0008584011787145338	within_fixture_tolerance	SYNTHETIC_TEACHING_FIXTURE
82	0.82	TONGUE	-5.148171	11.241063	-4.567464411674657	12.95585986810759	-7.765055115455705	11.332252870970965	-0.0017172512788548033	0.05403292444970722	within_fixture_tolerance	SYNTHETIC_TEACHING_FIXTURE
82	0.82	STATIONARY	1.463782	-19.292879	0.000699016446442019	-17.94998779046704	4.646473897523965	-17.33817586981261	-0.0017172512788548033	0.05001709434144453	within_fixture_tolerance	SYNTHETIC_TEACHING_FIXTURE
83	0.83	REF_A	-19.745889	-2.735379	-20.021327816746577	-3.388959328720631e-07	-19.339117527301394	-5.181901274512751	0.0426556449554667	0.021327816749269857	within_fixture_tolerance	SYNTHETIC_TEACHING_FIXTURE
83	0.83	REF_B	20.208033	-0.071099	20.021327829841617	4.939650319890632e-07	19.339117499815394	5.181901427687244	0.0426556449554667	0.021327829847337335	within_fixture_tolerance	SYNTHETIC_TEACHING_FIXTURE
83	0.83	TONGUE	-5.00423	10.934936	-4.402767556601633	12.659170159390637	-7.529181222529164	11.08829930168481	0.0426556449554667	0.0974592735262081	within_fixture_tolerance	SYNTHETIC_TEACHING_FIXTURE
83	0.83	STATIONARY	1.395348	-19.422971	-0.037265355085508434	-18.0572669159895	4.637569011408892	-17.451625450165356	0.0426556449554667	0.06832427355338394	within_fixture_tolerance	SYNTHETIC_TEACHING_FIXTURE
84	0.84	REF_A	-19.882089	-2.751463	-19.999774042019794	4.3702517604771174e-08	-19.318298278662304	-5.1763223775579394	-0.00045213378081854216	0.0002259579844319992	within_fixture_tolerance	SYNTHETIC_TEACHING_FIXTURE
84	0.84	REF_B	20.032217	-0.141481	19.999773823460405	-3.4731537068566354e-07	19.31829814613093	5.176322027723111	-0.00045213378081854216	0.00022617680626257038	within_fixture_tolerance	SYNTHETIC_TEACHING_FIXTURE
84	0.84	TONGUE	-4.953819	10.861031	-4.215097970773807	12.609410791381777	-7.335027650654209	11.088807906022955	-0.00045213378081854216	0.02860979604209615	within_fixture_tolerance	SYNTHETIC_TEACHING_FIXTURE
84	0.84	STATIONARY	1.276177	-19.437026	0.024664236066132293	-18.030587977047766	4.69048338541328	-17.409827016377953	-0.00045213378081854216	0.039293114926161776	within_fixture_tolerance	SYNTHETIC_TEACHING_FIXTURE
85	0.85	REF_A	-19.970417	-2.750721	-19.99246618242568	-3.93741797166669e-07	-19.311239315126457	-5.1744313868548275	-0.015068136785195918	0.0075338175846089254	within_fixture_tolerance	SYNTHETIC_TEACHING_FIXTURE
85	0.85	REF_B	19.933174	-0.201564	19.992465679096217	-2.3955939254527436e-07	19.311238992857938	5.1744306448616015	-0.015068136785195918	0.007534320907591739	within_fixture_tolerance	SYNTHETIC_TEACHING_FIXTURE
85	0.85	TONGUE	-4.777941	10.639133	-3.9772535296448392	12.394049824139946	-7.049548042432507	10.942343856922466	-0.015068136785195918	0.06885313366761557	within_fixture_tolerance	SYNTHETIC_TEACHING_FIXTURE
85	0.85	STATIONARY	1.149231	-19.480028	0.01767592052200237	-18.041714760800318	4.686613014492742	-17.422383373324184	-0.015068136785195918	0.04530518110468011	within_fixture_tolerance	SYNTHETIC_TEACHING_FIXTURE
86	0.86	REF_A	-20.073149	-2.749069	-19.99693314404488	-1.1374397890229204e-07	-19.3155541411883	-5.1755872511384835	-0.0061339973850849105	0.003066855957228073	within_fixture_tolerance	SYNTHETIC_TEACHING_FIXTURE
86	0.86	REF_B	19.846902	-0.320315	19.996932858893704	-5.5234332441145284e-08	19.31555390948822	5.175587014115413	-0.0061339973850849105	0.0030671411067934753	within_fixture_tolerance	SYNTHETIC_TEACHING_FIXTURE
86	0.86	TONGUE	-4.678307	10.410087	-3.8313734105169703	12.199968138086843	-6.858406631167515	10.792631897083673	-0.0061339973850849105	0.0348953137491579	within_fixture_tolerance	SYNTHETIC_TEACHING_FIXTURE
86	0.86	STATIONARY	1.015887	-19.475049	0.03744169828145538	-17.97580805270974	4.688647378453815	-17.35360662212772	-0.0061339973850849105	0.044577248500711625	within_fixture_tolerance	SYNTHETIC_TEACHING_FIXTURE
87	0.87	REF_A	-20.123391	-2.703098	-19.99299799985327	2.798234710610359e-07	-19.311753185646158	-5.174568380719515	-0.01400485113956762	0.007002000152321924	within_fixture_tolerance	SYNTHETIC_TEACHING_FIXTURE
87	0.87	REF_B	19.793188	-0.347991	19.992997148996384	-1.0283215590156658e-07	19.311752317972797	5.174568331462031	-0.01400485113956762	0.007002851004370984	within_fixture_tolerance	SYNTHETIC_TEACHING_FIXTURE
87	0.87	TONGUE	-4.560128	10.280179	-3.6920599898096587	12.044088325765015	-6.683495535980622	10.678120527080305	-0.01400485113956762	0.04734160304730873	within_fixture_tolerance	SYNTHETIC_TEACHING_FIXTURE
87	0.87	STATIONARY	0.902946	-19.542809	0.005006571582518715	-18.04889241090778	4.676233075696563	-17.43259551972968	-0.01400485113956762	0.04914807832851677	within_fixture_tolerance	SYNTHETIC_TEACHING_FIXTURE
88	0.88	REF_A	-20.268331	-2.760812	-20.00712133640846	3.443103975264705e-07	-19.32539529786879	-5.178223706910767	0.014243285897293845	0.007121336416783464	within_fixture_tolerance	SYNTHETIC_TEACHING_FIXTURE
88	0.88	REF_B	19.678908	-0.446128	20.007121949955042	-2.0668128764000926e-08	19.3253958067445	5.1782241783227345	0.014243285897293845	0.007121949955072329	within_fixture_tolerance	SYNTHETIC_TEACHING_FIXTURE
88	0.88	TONGUE	-4.44854	10.057332	-3.4723358488879925	11.881560501956356	-6.429193017442467	10.577999496909948	0.014243285897293845	0.05202850066485056	within_fixture_tolerance	SYNTHETIC_TEACHING_FIXTURE
88	0.88	STATIONARY	0.807022	-19.576109	0.06023448185525021	-18.0062748883121	4.7185489140588315	-17.377136119001936	0.014243285897293845	0.06056044111216316	within_fixture_tolerance	SYNTHETIC_TEACHING_FIXTURE
89	0.89	REF_A	-20.309025	-2.741362	-19.990009354357227	7.554522962749388e-08	-19.308866322904777	-5.173795059663716	-0.019980974246749383	0.009990645643058809	within_fixture_tolerance	SYNTHETIC_TEACHING_FIXTURE
89	0.89	REF_B	19.599801	-0.356508	19.99000967292871	-2.487429702213717e-07	19.308866675448076	5.173794974819913	-0.019980974246749383	0.009990327074385977	within_fixture_tolerance	SYNTHETIC_TEACHING_FIXTURE
89	0.89	TONGUE	-4.176621	9.905321	-3.1319433261626606	11.661846393472535	-6.043532892909878	10.453872032813896	-0.019980974246749383	0.059155874183115645	within_fixture_tolerance	SYNTHETIC_TEACHING_FIXTURE
89	0.89	STATIONARY	0.653809	-19.566802	-0.06816113431207099	-18.045935867432025	4.6047932891626635	-17.44867691380167	-0.019980974246749383	0.08219515890513718	within_fixture_tolerance	SYNTHETIC_TEACHING_FIXTURE
90	0.9	REF_A	-20.39988	-2.76112	-19.999322639631128	3.5502203399317978e-09	-19.317862247044857	-5.1762055848068895	-0.0013548763407129627	0.0006773603688814191	within_fixture_tolerance	SYNTHETIC_TEACHING_FIXTURE
90	0.9	REF_B	19.534847	-0.500768	19.9993224857095	-8.346129964920124e-08	19.317862119050492	5.176205467780866	-0.0013548763407129627	0.0006775142956420303	within_fixture_tolerance	SYNTHETIC_TEACHING_FIXTURE
90	0.9	TONGUE	-4.033213	9.693213	-2.955006414105073	11.509538812886015	-5.833204857358789	10.352548849805796	-0.0013548763407129627	0.01869675557590259	within_fixture_tolerance	SYNTHETIC_TEACHING_FIXTURE
90	0.9	STATIONARY	0.568162	-19.566032	-0.014445338292304322	-17.96297669722641	4.635207350603514	-17.354641837739024	-0.0013548763407129627	0.03974157453654901	within_fixture_tolerance	SYNTHETIC_TEACHING_FIXTURE
91	0.91	REF_A	-20.553683	-2.731145	-20.02788405665139	-1.0144794559963088e-08	-19.345450453835927	-5.183597836715146	0.05576847531276741	0.02788405665139322	within_fixture_tolerance	SYNTHETIC_TEACHING_FIXTURE
91	0.91	REF_B	19.440811	-0.516413	20.02788441687802	4.6854434643250897e-07	19.345450683145597	5.183598372728625	0.05576847531276741	0.027884416881956843	within_fixture_tolerance	SYNTHETIC_TEACHING_FIXTURE
91	0.91	TONGUE	-3.84657	9.47365	-2.671510637374295	11.262368634118602	-5.4953966153217735	10.187174896866505	0.05576847531276741	0.05498638496027915	within_fixture_tolerance	SYNTHETIC_TEACHING_FIXTURE
91	0.91	STATIONARY	0.455857	-19.607872	0.016382556585626817	-18.012552886317987	4.677816072356949	-17.394549912837363	0.05576847531276741	0.020638873883852736	within_fixture_tolerance	SYNTHETIC_TEACHING_FIXTURE
92	0.92	REF_A	-20.607178	-2.726536	-19.99403414705116	2.1143843587090316e-07	-19.3127540092851	-5.1748366214027275	-0.011931259745139755	0.005965852952587064	within_fixture_tolerance	SYNTHETIC_TEACHING_FIXTURE
92	0.92	REF_B	19.323074	-0.576974	19.99403459234427	-4.5950638449809844e-07	19.312754503609927	5.174836497037828	-0.011931259745139755	0.0059654076734269364	within_fixture_tolerance	SYNTHETIC_TEACHING_FIXTURE
92	0.92	TONGUE	-3.609852	9.348052	-2.3722130464804567	11.143437185766231	-5.175515618633122	10.149759856019559	-0.011931259745139755	0.037716262358198284	within_fixture_tolerance	SYNTHETIC_TEACHING_FIXTURE
92	0.92	STATIONARY	0.310943	-19.672554	-0.017092534384908764	-18.045972081567463	4.654131141653245	-17.43549436770262	-0.011931259745139755	0.04904678394497188	within_fixture_tolerance	SYNTHETIC_TEACHING_FIXTURE
93	0.93	REF_A	-20.719798	-2.714661	-20.018914909546712	-4.04392952457755e-08	-19.336786915166837	-5.181276479888392	0.03783016563241404	0.018914909546755496	within_fixture_tolerance	SYNTHETIC_TEACHING_FIXTURE
93	0.93	REF_B	19.265534	-0.66501	20.01891525594308	4.743737100909584e-07	19.336787137449548	5.181276988690827	0.03783016563241404	0.018915255949030017	within_fixture_tolerance	SYNTHETIC_TEACHING_FIXTURE
93	0.93	TONGUE	-3.416611	9.155424	-2.1307526432308816	10.96872135245841	-4.897062993964964	10.043491871362527	0.03783016563241404	0.01634812336233031	within_fixture_tolerance	SYNTHETIC_TEACHING_FIXTURE
93	0.93	STATIONARY	0.166471	-19.669142	-0.027980405264786068	-18.001477656459507	4.632098261358237	-17.395334041708782	0.03783016563241404	0.028019395914151857	within_fixture_tolerance	SYNTHETIC_TEACHING_FIXTURE
94	0.94	REF_A	-20.769739	-2.759636	-19.99521067308449	-8.082561953060008e-09	-19.313890389349794	-5.17514134078821	-0.009578932188013312	0.0047893269155171924	within_fixture_tolerance	SYNTHETIC_TEACHING_FIXTURE
94	0.94	REF_B	19.168511	-0.717587	19.99521039508756	3.056268165213538e-07	19.313890043815263	5.175141556242991	-0.009578932188013312	0.004789604922190052	within_fixture_tolerance	SYNTHETIC_TEACHING_FIXTURE
94	0.94	TONGUE	-3.201639	8.968608	-1.8511452695202566	10.815855740435644	-4.587418478741597	9.968202742223284	-0.009578932188013312	0.04479996382170764	within_fixture_tolerance	SYNTHETIC_TEACHING_FIXTURE
94	0.94	STATIONARY	0.109224	-19.706761	-0.008864726101194376	-17.991167769557094	4.647894194466444	-17.38042795385595	-0.009578932188013312	0.012513659075018196	within_fixture_tolerance	SYNTHETIC_TEACHING_FIXTURE
95	0.95	REF_A	-20.880721	-2.689989	-19.997816411790208	1.8365665099828732e-07	-19.316407389287995	-5.175815570385947	-0.004367251440463349	0.0021835882175159473	within_fixture_tolerance	SYNTHETIC_TEACHING_FIXTURE
95	0.95	REF_B	19.070071	-0.796617	19.997816337303483	2.751368897158102e-07	19.31640719859484	5.175815994267894	-0.004367251440463349	0.002183662713850153	within_fixture_tolerance	SYNTHETIC_TEACHING_FIXTURE
95	0.95	TONGUE	-2.994279	8.799376	-1.5875272280346322	10.629749367205282	-4.2846151303855	9.85666715964949	-0.004367251440463349	0.055406392532317265	within_fixture_tolerance	SYNTHETIC_TEACHING_FIXTURE
95	0.95	STATIONARY	-0.013509	-19.704131	0.04056009944848371	-17.98290924341628	4.693497446075551	-17.35965874401636	-0.004367251440463349	0.04401381178533447	within_fixture_tolerance	SYNTHETIC_TEACHING_FIXTURE
96	0.96	REF_A	-20.912981	-2.74007	-19.980217221459874	1.899176420572246e-07	-19.29940787844642	-5.171260558702464	-0.03956550943389914	0.019782778541037507	within_fixture_tolerance	SYNTHETIC_TEACHING_FIXTURE
96	0.96	REF_B	19.002051	-0.835721	19.980217271136013	2.385271438143377e-07	19.299407815540217	5.171260985405479	-0.03956550943389914	0.019782728865425134	within_fixture_tolerance	SYNTHETIC_TEACHING_FIXTURE
96	0.96	TONGUE	-2.698241	8.591748	-1.246144999224398	10.450904001145616	-3.908576632073717	9.772272024133157	-0.03956550943389914	0.03257475794535203	within_fixture_tolerance	SYNTHETIC_TEACHING_FIXTURE
96	0.96	STATIONARY	-0.152841	-19.706847	-0.052230985182688094	-17.936841762530516	4.5919449995668975	-17.339177074394254	-0.03956550943389914	0.08195754250467663	within_fixture_tolerance	SYNTHETIC_TEACHING_FIXTURE
97	0.97	REF_A	-21.052414	-2.600175	-19.977945601896046	-3.247966866570806e-07	-19.297213529224322	-5.170673117471987	-0.04410903211516626	0.022054398106345696	within_fixture_tolerance	SYNTHETIC_TEACHING_FIXTURE
97	0.97	REF_B	18.866535	-0.882405	19.97794536510766	-2.644215040259468e-07	19.29721345300519	5.170672487045576	-0.04410903211516626	0.022054634893923623	within_fixture_tolerance	SYNTHETIC_TEACHING_FIXTURE
97	0.97	TONGUE	-2.448372	8.478054	-0.9148329010263927	10.26816750824291	-3.5412580352606207	9.68151200711663	-0.04410903211516626	0.03148834222286093	within_fixture_tolerance	SYNTHETIC_TEACHING_FIXTURE
97	0.97	STATIONARY	-0.276826	-19.703581	0.0431301839830196	-17.980769993827217	4.695426278567362	-17.35692720076433	-0.04410903211516626	0.047222938364892234	within_fixture_tolerance	SYNTHETIC_TEACHING_FIXTURE
98	0.98	REF_A	-21.154673	-2.62463	-19.97843230220696	-3.783274318269747e-07	-19.297683631769527	-5.170799136488437	-0.04313557915211419	0.021567697796356772	within_fixture_tolerance	SYNTHETIC_TEACHING_FIXTURE
98	0.98	REF_B	18.765583	-0.914608	19.978432118119496	1.3807193033343879e-07	19.29768351613739	5.170798856774101	-0.04313557915211419	0.021567881880945796	within_fixture_tolerance	SYNTHETIC_TEACHING_FIXTURE
98	0.98	TONGUE	-2.244527	8.235464	-0.6208356790671439	10.04085199552742	-3.198444941772289	9.53803416291566	-0.04313557915211419	0.03604466479743555	within_fixture_tolerance	SYNTHETIC_TEACHING_FIXTURE
98	0.98	STATIONARY	-0.350628	-19.69564	0.0759693743146399	-17.94571418859284	4.718073390587483	-17.314566485243216	-0.04313557915211419	0.09337181134524192	within_fixture_tolerance	SYNTHETIC_TEACHING_FIXTURE
99	0.99	REF_A	-21.169613	-2.659727	-19.957157610392553	3.800989811786337e-07	-19.277134053794615	-5.165292108484575	-0.0856851035678119	0.04284238960913314	within_fixture_tolerance	SYNTHETIC_TEACHING_FIXTURE
99	0.99	REF_B	18.706357	-0.91057	19.957157284318914	-2.6422028343020543e-08	19.277133647293333	5.16529236571621	-0.0856851035678119	0.042842715681094365	within_fixture_tolerance	SYNTHETIC_TEACHING_FIXTURE
99	0.99	TONGUE	-1.941253	8.07892	-0.2766722481128936	9.885690216599192	-2.82584977188734	9.477235443952152	-0.0856851035678119	0.04507894333020942	within_fixture_tolerance	SYNTHETIC_TEACHING_FIXTURE
99	0.99	STATIONARY	-0.508196	-19.753671	-0.06469428339273642	-17.982963131096582	4.591843466515908	-17.386952634378037	-0.0856851035678119	0.0668999641683905	within_fixture_tolerance	SYNTHETIC_TEACHING_FIXTURE
100	1.0	REF_A	-21.280738	-2.564481	-19.98803385172547	-2.2738861149562695e-07	-19.30695805548779	-5.173284054570593	-0.02393199043345362	0.011966148276691957	within_fixture_tolerance	SYNTHETIC_TEACHING_FIXTURE
100	1.0	REF_B	18.663815	-0.97744	19.988034156109027	4.273592570935847e-07	19.30695829774352	5.173284326507666	-0.02393199043345362	0.011965843898604658	within_fixture_tolerance	SYNTHETIC_TEACHING_FIXTURE
100	1.0	TONGUE	-1.717908	7.987102	-0.021730813101837443	9.766624795710566	-2.548778857077354	9.428210777662533	-0.02393199043345362	0.02736077613089669	within_fixture_tolerance	SYNTHETIC_TEACHING_FIXTURE
100	1.0	STATIONARY	-0.628552	-19.757483	-0.034686996418005434	-17.99933503620357	4.625065640828254	-17.395000222985768	-0.02393199043345362	0.03469336964541332	within_fixture_tolerance	SYNTHETIC_TEACHING_FIXTURE
101	1.01	REF_A	-21.389088	-2.541201	-20.000761723575415	-4.564902595927123e-07	-19.31925217632562	-5.17657849150415	0.001523249907180002	0.000761723712199468	within_fixture_tolerance	SYNTHETIC_TEACHING_FIXTURE
101	1.01	REF_B	18.584849	-1.055865	20.000761525795557	-3.497266580776426e-07	19.31925219394924	5.176577661569214	0.001523249907180002	0.0007615258758621519	within_fixture_tolerance	SYNTHETIC_TEACHING_FIXTURE
101	1.01	TONGUE	-1.449614	7.791348	0.3086294558783469	9.585030693197341	-2.182675329077715	9.33830787349767	0.001523249907180002	0.010227086785147402	within_fixture_tolerance	SYNTHETIC_TEACHING_FIXTURE
101	1.01	STATIONARY	-0.668229	-19.785483	0.06549316126001337	-18.00179687436868	4.722469413015343	-17.371449643301425	0.001523249907180002	0.06551780620050501	within_fixture_tolerance	SYNTHETIC_TEACHING_FIXTURE
102	1.02	REF_A	-21.469051	-2.499188	-20.001667497023682	3.70471715749332e-07	-19.320127300325588	-5.176812124139178	0.003335769445826031	0.0016674970648363576	within_fixture_tolerance	SYNTHETIC_TEACHING_FIXTURE
102	1.02	REF_B	18.507081	-1.024148	20.001668271513278	-4.4576150903807843e-07	19.320128067911522	5.17681225186748	0.003335769445826031	0.0016682715728317367	within_fixture_tolerance	SYNTHETIC_TEACHING_FIXTURE
102	1.02	TONGUE	-1.175065	7.668575	0.6534331851757944	9.412549864480027	-1.8049791785580849	9.260945958461676	0.003335769445826031	0.04035655079664379	within_fixture_tolerance	SYNTHETIC_TEACHING_FIXTURE
102	1.02	STATIONARY	-0.823507	-19.735587	-0.005720056887631886	-17.985939234719503	4.649578467281057	-17.3745636767396	0.003335769445826031	0.015179728952487441	within_fixture_tolerance	SYNTHETIC_TEACHING_FIXTURE
103	1.03	REF_A	-21.467744	-2.485805	-19.98128470742473	-4.4972321666669757e-07	-19.300438825157855	-5.171537462246171	-0.03743094019542781	0.018715292580672522	within_fixture_tolerance	SYNTHETIC_TEACHING_FIXTURE
103	1.03	REF_B	18.470411	-1.08913	19.98128435053327	3.8157663539983844e-07	19.300438498064807	5.171537304051321	-0.03743094019542781	0.018715649470621133	within_fixture_tolerance	SYNTHETIC_TEACHING_FIXTURE
103	1.03	TONGUE	-0.960891	7.508076	0.8623219293212391	9.271069592633047	-1.5665903569047028	9.178350895264593	-0.03743094019542781	0.07908930195769844	within_fixture_tolerance	SYNTHETIC_TEACHING_FIXTURE
103	1.03	STATIONARY	-0.94698	-19.84549	-0.0797706407344092	-18.06627168175896	4.59884266312416	-17.471324563425206	-0.03743094019542781	0.1037077187404049	within_fixture_tolerance	SYNTHETIC_TEACHING_FIXTURE
104	1.04	REF_A	-21.601963	-2.439847	-20.02472038021686	4.864845593033351e-08	-19.342394592278566	-5.1827789602114365	0.04944065469015868	0.02472038021690705	within_fixture_tolerance	SYNTHETIC_TEACHING_FIXTURE
104	1.04	REF_B	18.426552	-1.145365	20.024720276171635	1.8719348426898819e-07	19.342394430738214	5.182779161088371	0.04944065469015868	0.02472027617234395	within_fixture_tolerance	SYNTHETIC_TEACHING_FIXTURE
104	1.04	TONGUE	-0.647073	7.421924	1.2379738941564757	9.17931235451115	-1.1799899016182858	9.186946092041289	0.04944065469015868	0.021962746306389513	within_fixture_tolerance	SYNTHETIC_TEACHING_FIXTURE
104	1.04	STATIONARY	-1.023619	-19.764808	-0.017107521202234688	-17.981043947155054	4.637312027750593	-17.37278248469395	0.04944065469015868	0.02553427541845031	within_fixture_tolerance	SYNTHETIC_TEACHING_FIXTURE
105	1.05	REF_A	-21.655625	-2.433464	-20.002060404926972	-1.5792384000512527e-07	-19.3205066834579	-5.176914326578433	0.004120560456733813	0.0020604049330243193	within_fixture_tolerance	SYNTHETIC_TEACHING_FIXTURE
105	1.05	REF_B	18.327176	-1.127598	20.002060156803438	-1.8253667866119372e-07	19.320506531906638	5.17691393349973	0.004120560456733813	0.002060156811524638	within_fixture_tolerance	SYNTHETIC_TEACHING_FIXTURE
105	1.05	TONGUE	-0.440017	7.320154	1.5206312345582162	9.055872606528043	-0.8750153188306018	9.140869554405727	0.004120560456733813	0.03928537205210169	within_fixture_tolerance	SYNTHETIC_TEACHING_FIXTURE
105	1.05	STATIONARY	-1.152334	-19.785121	-0.07611144285614646	-18.01170469922751	4.588254202545539	-17.41766983563414	0.004120560456733813	0.07700617973676498	within_fixture_tolerance	SYNTHETIC_TEACHING_FIXTURE
106	1.06	REF_A	-21.765676	-2.34957	-20.00855157862649	4.771426271865664e-07	-19.326776840144564	-5.178593752529819	0.017103709341341755	0.008551578639802652	within_fixture_tolerance	SYNTHETIC_TEACHING_FIXTURE
106	1.06	REF_B	18.234354	-1.180729	20.008552130701986	-4.859840647686298e-07	19.32677737569687	5.178593886877298	0.017103709341341755	0.0085521307157943	within_fixture_tolerance	SYNTHETIC_TEACHING_FIXTURE
106	1.06	TONGUE	-0.189156	7.163993	1.8366400346189982	8.879285338301239	-0.5240701093745403	9.05208844730462	0.017103709341341755	0.020106117050766068	within_fixture_tolerance	SYNTHETIC_TEACHING_FIXTURE
106	1.06	STATIONARY	-1.234026	-19.829876	0.0037638056775886053	-18.07254728278361	4.6811549873638105	-17.455766022877164	0.017103709341341755	0.07264485165835033	within_fixture_tolerance	SYNTHETIC_TEACHING_FIXTURE
107	1.07	REF_A	-21.835728	-2.338931	-19.997079523735827	-1.496626664820866e-07	-19.31569552381579	-5.175625171685104	-0.005841240995593466	0.0029204762680073828	within_fixture_tolerance	SYNTHETIC_TEACHING_FIXTURE
107	1.07	REF_B	18.145672	-1.328788	19.997079237041756	3.522310398906825e-07	19.31569519446203	5.175625293149242	-0.005841240995593466	0.0029207629794824773	within_fixture_tolerance	SYNTHETIC_TEACHING_FIXTURE
107	1.07	TONGUE	0.045952	7.038514	2.114468367970841	8.821782223159826	-0.2408256455609341	9.068451967236674	-0.005841240995593466	0.044213460258791734	within_fixture_tolerance	SYNTHETIC_TEACHING_FIXTURE
107	1.07	STATIONARY	-1.31763	-19.802903	0.07338097035890345	-17.976631624267267	4.723575205535935	-17.345100363084267	-0.005841240995593466	0.07701199773542089	within_fixture_tolerance	SYNTHETIC_TEACHING_FIXTURE
108	1.08	REF_A	-21.888483	-2.271032	-20.016525843149306	3.7144191722404685e-07	-19.33447936083554	-5.180657746158034	0.03305128589945383	0.01652584315348084	within_fixture_tolerance	SYNTHETIC_TEACHING_FIXTURE
108	1.08	REF_B	18.132933	-1.305912	20.016525444471164	-4.001787035079474e-08	19.33447888996317	5.1806579631035845	0.03305128589945383	0.016525444471212007	within_fixture_tolerance	SYNTHETIC_TEACHING_FIXTURE
108	1.08	TONGUE	0.362669	6.895447	2.4491453356292876	8.627382426349193	0.13276185074629154	8.967296956056135	0.03305128589945383	0.05758589847140402	within_fixture_tolerance	SYNTHETIC_TEACHING_FIXTURE
108	1.08	STATIONARY	-1.434569	-19.795898	0.008952336016212037	-18.012876966604182	4.670722908564054	-17.396786032948253	0.03305128589945383	0.015683130716549663	within_fixture_tolerance	SYNTHETIC_TEACHING_FIXTURE
109	1.09	REF_A	-21.923392	-2.254584	-19.993526638535847	3.1417160739621863e-07	-19.312263820292394	-5.174705169300791	-0.012946340838958292	0.006473361471776405	within_fixture_tolerance	SYNTHETIC_TEACHING_FIXTURE
109	1.09	REF_B	18.053248	-1.342052	19.99352702099908	6.657635620577196e-08	19.312264091178683	5.174705636063851	-0.012946340838958292	0.006472979001264075	within_fixture_tolerance	SYNTHETIC_TEACHING_FIXTURE
109	1.09	TONGUE	0.589165	6.802008	2.719845207864765	8.540481606865862	0.4167294356317326	8.95341949263123	-0.012946340838958292	0.047346158153044805	within_fixture_tolerance	SYNTHETIC_TEACHING_FIXTURE
109	1.09	STATIONARY	-1.506637	-19.789691	0.017748028373618885	-17.99646457342581	4.674971055042031	-17.378656385808934	-0.012946340838958292	0.018096733191718905	within_fixture_tolerance	SYNTHETIC_TEACHING_FIXTURE
110	1.1	REF_A	-21.99315	-2.185642	-19.997005903439884	3.7691623022695353e-07	-19.315624548359246	-5.175605608714252	-0.005987395747538926	0.002994096583839948	within_fixture_tolerance	SYNTHETIC_TEACHING_FIXTURE
110	1.1	REF_B	17.992713	-1.378298	19.997006701982198	3.342300538555776e-07	19.315625135633688	5.175606502306773	-0.005987395747538926	0.0029932980364624335	within_fixture_tolerance	SYNTHETIC_TEACHING_FIXTURE
110	1.1	TONGUE	0.80494	6.739196	2.9766008534465853	8.462803316211424	0.6848409657597241	8.94484127655879	-0.005987395747538926	0.03816671826975594	within_fixture_tolerance	SYNTHETIC_TEACHING_FIXTURE
110	1.1	STATIONARY	-1.655306	-19.789457	-0.01866772960007035	-18.01077986649839	4.643501204414325	-17.401908988804134	-0.005987395747538926	0.02155666138678321	within_fixture_tolerance	SYNTHETIC_TEACHING_FIXTURE
111	1.11	REF_A	-22.092815	-2.167638	-20.036878499546326	-3.8668943180830695e-07	-19.354138321064397	-5.18592613355061	0.07375704495605362	0.03687849954835314	within_fixture_tolerance	SYNTHETIC_TEACHING_FIXTURE
111	1.11	REF_B	17.972538	-1.346972	20.036878544566513	2.9238983811907815e-07	19.35413838895709	5.185926054116278	0.07375704495605362	0.03687854456767162	within_fixture_tolerance	SYNTHETIC_TEACHING_FIXTURE
111	1.11	TONGUE	0.985191	6.658908	3.2170454185184285	8.35208304280984	0.9457490963910975	8.900125337716581	0.07375704495605362	0.041946816241522945	within_fixture_tolerance	SYNTHETIC_TEACHING_FIXTURE
111	1.11	STATIONARY	-1.701024	-19.776353	-0.009970557408401248	-18.022623458414905	4.654967374800424	-17.41109802631074	0.07375704495605362	0.02472312451299755	within_fixture_tolerance	SYNTHETIC_TEACHING_FIXTURE
112	1.12	REF_A	-22.071167	-2.088388	-20.00198233330551	-1.289991695685444e-07	-19.320431279548686	-5.176894092216831	0.003964382364323171	0.001982333309706615	within_fixture_tolerance	SYNTHETIC_TEACHING_FIXTURE
112	1.12	REF_B	17.926876	-1.400113	20.001982050969282	1.9924306449148332e-07	19.320430988652376	5.17689408699323	0.003964382364323171	0.00198205097929638	within_fixture_tolerance	SYNTHETIC_TEACHING_FIXTURE
112	1.12	TONGUE	1.177145	6.565073	3.3917726534310404	8.25218902341243	1.1403771198628148	8.848857860580758	0.003964382364323171	0.05915309015329082	within_fixture_tolerance	SYNTHETIC_TEACHING_FIXTURE
112	1.12	STATIONARY	-1.797575	-19.797096	-0.03607240717848592	-18.05489731792609	4.638108013493672	-17.449027836559807	0.003964382364323171	0.06568815779978014	within_fixture_tolerance	SYNTHETIC_TEACHING_FIXTURE
113	1.13	REF_A	-22.168507	-2.03843	-20.008558763576033	-1.941115803649751e-07	-19.326783606539514	-5.178596260513373	0.01711754918793673	0.008558763578234568	within_fixture_tolerance	SYNTHETIC_TEACHING_FIXTURE
113	1.13	REF_B	17.844771	-1.484101	20.008558786702302	-3.595595072791724e-07	19.326783772178395	5.178595731693689	0.01711754918793673	0.008558786709854906	within_fixture_tolerance	SYNTHETIC_TEACHING_FIXTURE
113	1.13	TONGUE	1.404968	6.518826	3.681192103274218	8.229887880826238	1.4257068015286745	8.902223876642534	0.01711754918793673	0.036440629591555196	within_fixture_tolerance	SYNTHETIC_TEACHING_FIXTURE
113	1.13	STATIONARY	-1.928185	-19.731362	-0.015266599094310163	-17.97160963470891	4.636648442220356	-17.363193172946758	0.01711754918793673	0.0322347931475914	within_fixture_tolerance	SYNTHETIC_TEACHING_FIXTURE
114	1.14	REF_A	-22.187015	-2.015126	-19.997538270375806	4.782637581524085e-07	-19.316138801562396	-5.175743297522056	-0.004924126709674681	0.002461729670652657	within_fixture_tolerance	SYNTHETIC_TEACHING_FIXTURE
114	1.14	REF_B	17.804402	-1.474145	19.997537603968485	3.829550643263957e-07	19.316137934962516	5.1757439569166515	-0.004924126709674681	0.0024623960612934945	within_fixture_tolerance	SYNTHETIC_TEACHING_FIXTURE
114	1.14	TONGUE	1.557271	6.469189	3.8593360066542624	8.162369523615126	1.6152556353414522	8.883113186626181	-0.004924126709674681	0.011208127607459501	within_fixture_tolerance	SYNTHETIC_TEACHING_FIXTURE
114	1.14	STATIONARY	-1.970897	-19.71875	-0.022732329692034092	-17.975451043002202	4.6304313298501265	-17.368835961690888	-0.004924126709674681	0.03345758662705747	within_fixture_tolerance	SYNTHETIC_TEACHING_FIXTURE
115	1.15	REF_A	-22.255381	-1.902205	-20.00759817478278	3.7929923446533564e-07	-19.325855897425296	-5.178347087966855	0.015196232693099887	0.007598174792245512	within_fixture_tolerance	SYNTHETIC_TEACHING_FIXTURE
115	1.15	REF_B	17.758025	-1.523695	20.007598056099127	2.3567923546075065e-07	19.32585562361755	5.178347651272852	0.015196232693099887	0.007598056102782085	within_fixture_tolerance	SYNTHETIC_TEACHING_FIXTURE
115	1.15	TONGUE	1.741023	6.430462	4.066552282878025	8.105308760082949	1.8301796005057738	8.881628240203465	0.015196232693099887	0.025602369604946117	within_fixture_tolerance	SYNTHETIC_TEACHING_FIXTURE
115	1.15	STATIONARY	-2.049938	-19.665285	0.028917040110588044	-17.953411438248835	4.674616520597951	-17.334179497685835	0.015196232693099887	0.054833286376063856	within_fixture_tolerance	SYNTHETIC_TEACHING_FIXTURE
116	1.16	REF_A	-22.248904	-1.881557	-19.982201475003208	7.330892826118429e-08	-19.3013244900093	-5.171774233945154	-0.03559766916751528	0.01779852499694277	within_fixture_tolerance	SYNTHETIC_TEACHING_FIXTURE
116	1.16	REF_B	17.713836	-1.51705	19.98220085695774	3.3603136562199154e-07	19.301323787078157	5.171774469375578	-0.03559766916751528	0.017799143045432803	within_fixture_tolerance	SYNTHETIC_TEACHING_FIXTURE
116	1.16	TONGUE	1.892278	6.381995	4.233346452137008	8.043021808886435	2.007411445500151	8.864633173017124	-0.03559766916751528	0.035449856591735	within_fixture_tolerance	SYNTHETIC_TEACHING_FIXTURE
116	1.16	STATIONARY	-2.127398	-19.702122	-0.02406998214132905	-18.003347614876596	4.636359420896833	-17.3961281908592	-0.03559766916751528	0.02430165767279886	within_fixture_tolerance	SYNTHETIC_TEACHING_FIXTURE
117	1.17	REF_A	-22.383458	-1.838543	-20.040604840385615	-3.294092512096114e-07	-19.35773770474387	-5.186890526199946	0.08120938080822526	0.04060484038695158	within_fixture_tolerance	SYNTHETIC_TEACHING_FIXTURE
117	1.17	REF_B	17.696867	-1.572285	20.040604541229936	-3.0829102137808206e-07	19.357737580830644	5.1868898328015955	0.08120938080822526	0.040604541231105976	within_fixture_tolerance	SYNTHETIC_TEACHING_FIXTURE
117	1.17	TONGUE	1.989265	6.406431	4.386351437537678	8.082884657926499	2.144885647927798	8.94273833263176	0.08120938080822526	0.040084318024330795	within_fixture_tolerance	SYNTHETIC_TEACHING_FIXTURE
117	1.17	STATIONARY	-2.24264	-19.727365	-0.01906601878547809	-18.022222320639955	4.646078011658324	-17.413064635602368	0.08120938080822526	0.02928044751968732	within_fixture_tolerance	SYNTHETIC_TEACHING_FIXTURE
118	1.18	REF_A	-22.333014	-1.778089	-19.989744598044815	2.4248582719543776e-07	-19.30861063115235	-5.173726374435518	-0.020511133480738408	0.010255401958051347	within_fixture_tolerance	SYNTHETIC_TEACHING_FIXTURE
118	1.18	REF_B	17.645999	-1.583026	19.9897442671561	2.3787894987137292e-07	19.308610187210842	5.173726752791962	-0.020511133480738408	0.010255732846657126	within_fixture_tolerance	SYNTHETIC_TEACHING_FIXTURE
118	1.18	TONGUE	2.146257	6.41757	4.529222281415071	8.076125443083015	2.284637699385663	8.973187127833906	-0.020511133480738408	0.05717920255932344	within_fixture_tolerance	SYNTHETIC_TEACHING_FIXTURE
118	1.18	STATIONARY	-2.290409	-19.641577	-0.03453549460418337	-17.961064545064794	4.61530684837091	-17.357994555654855	-0.020511133480738408	0.05204488484536268	within_fixture_tolerance	SYNTHETIC_TEACHING_FIXTURE
119	1.19	REF_A	-22.372031	-1.695815	-19.984264913939306	1.447445929780855e-07	-19.30331763745758	-5.172308222238664	-0.031469395730979954	0.0157350860613597	within_fixture_tolerance	SYNTHETIC_TEACHING_FIXTURE
119	1.19	REF_B	17.596402	-1.607485	19.984265691201855	2.556676381715306e-07	19.30331828460124	5.17230881017753	-0.031469395730979954	0.015734308800221704	within_fixture_tolerance	SYNTHETIC_TEACHING_FIXTURE
119	1.19	TONGUE	2.263922	6.373593	4.669461202964815	8.014943330487194	2.435933191522272	8.950386248931366	-0.031469395730979954	0.022944533488881074	within_fixture_tolerance	SYNTHETIC_TEACHING_FIXTURE
119	1.19	STATIONARY	-2.334779	-19.671686	0.013211733641090628	-18.02010900257317	4.676708959378026	-17.402669230041457	-0.031469395730979954	0.02406079571192416	within_fixture_tolerance	SYNTHETIC_TEACHING_FIXTURE
120	1.2	REF_A	-22.384283	-1.650801	-19.97550413575421	3.926806457776877e-08	-19.294855348250778	-5.170040867876967	-0.048992052264814845	0.02449586424582101	within_fixture_tolerance	SYNTHETIC_TEACHING_FIXTURE
120	1.2	REF_B	17.566717	-1.625601	19.975503813594973	-1.7362711557389332e-07	19.294855071843532	5.170040654715144	-0.048992052264814845	0.024496186405642814	within_fixture_tolerance	SYNTHETIC_TEACHING_FIXTURE
120	1.2	TONGUE	2.345318	6.392403	4.759165420856544	8.02760355368817	2.519304105432306	8.985832245504092	-0.048992052264814845	0.02787524650873975	within_fixture_tolerance	SYNTHETIC_TEACHING_FIXTURE
120	1.2	STATIONARY	-2.394501	-19.689908	0.0028952182468158227	-18.05171248546497	4.674923553985166	-17.435865961030782	-0.048992052264814845	0.05179346910240313	within_fixture_tolerance	SYNTHETIC_TEACHING_FIXTURE
121	1.21	REF_A	-22.405812	-1.568128	-20.002663497743328	1.1472642102994257e-07	-19.321089296951953	-5.177070155125341	0.005326680566454911	0.002663497745798365	within_fixture_tolerance	SYNTHETIC_TEACHING_FIXTURE
121	1.21	REF_B	17.599489	-1.613457	20.00266318356641	-2.4179826851877806e-07	19.32108902636897	5.177069951068391	0.005326680566454911	0.002663183577385166	within_fixture_tolerance	SYNTHETIC_TEACHING_FIXTURE
121	1.21	TONGUE	2.409382	6.415228	4.803468910520829	8.011468222962852	2.566274121184954	8.981713299730124	0.005326680566454911	0.040007225399892384	within_fixture_tolerance	SYNTHETIC_TEACHING_FIXTURE
121	1.21	STATIONARY	-2.47135	-19.600249	-0.047782724887200256	-18.00952226528219	4.615052787387991	-17.40822975458853	0.005326680566454911	0.04872229811647086	within_fixture_tolerance	SYNTHETIC_TEACHING_FIXTURE
122	1.22	REF_A	-22.52055	-1.473323	-20.04650719180467	-4.1965830566148554e-07	-19.363438915057255	-5.188418254331962	0.09301450144334922	0.04650719180656162	within_fixture_tolerance	SYNTHETIC_TEACHING_FIXTURE
122	1.22	REF_B	17.572061	-1.653198	20.04650731129944	-3.472945115934323e-07	19.363439228982337	5.18841754443995	0.09301450144334922	0.04650731130073635	within_fixture_tolerance	SYNTHETIC_TEACHING_FIXTURE
122	1.22	TONGUE	2.505692	6.388202	4.9442126483538145	7.973724299436638	2.711990978693213	8.98168262904	0.09301450144334922	0.056034748685148704	within_fixture_tolerance	SYNTHETIC_TEACHING_FIXTURE
122	1.22	STATIONARY	-2.539477	-19.55844	0.015502584949523612	-17.99529144016168	4.672498494016003	-17.37810438961427	0.09301450144334922	0.01620187260375297	within_fixture_tolerance	SYNTHETIC_TEACHING_FIXTURE
123	1.23	REF_A	-22.447723	-1.454377	-19.995109093993392	1.1262301646830508e-07	-19.313792302723193	-5.175114933592215	-0.009781735033328687	0.004890906007904707	within_fixture_tolerance	SYNTHETIC_TEACHING_FIXTURE
123	1.23	REF_B	17.541942	-1.664734	19.995109169051016	-3.092631564172166e-07	19.3137924261175	5.175114763078768	-0.009781735033328687	0.004890830958761762	within_fixture_tolerance	SYNTHETIC_TEACHING_FIXTURE
123	1.23	TONGUE	2.527923	6.477518	4.938468007519681	8.063162287925408	2.6832938269723776	9.066586269518492	-0.009781735033328687	0.029858524788149536	within_fixture_tolerance	SYNTHETIC_TEACHING_FIXTURE
123	1.23	STATIONARY	-2.590725	-19.541423	-0.043244321721886525	-17.982343856330377	4.612402258363283	-17.380802802290702	-0.009781735033328687	0.04670985731586406	within_fixture_tolerance	SYNTHETIC_TEACHING_FIXTURE
124	1.24	REF_A	-22.540923	-1.29661	-20.04620047162544	1.0513837911396706e-07	-19.363142781942067	-5.18833836239339	0.09240174513222144	0.046200471625559465	within_fixture_tolerance	SYNTHETIC_TEACHING_FIXTURE
124	1.24	REF_B	17.549993	-1.641765	20.046201272973114	4.033435796468865e-07	19.36314342437967	5.188339060953286	0.09240174513222144	0.0462012729748749	within_fixture_tolerance	SYNTHETIC_TEACHING_FIXTURE
124	1.24	TONGUE	2.57007	6.511946	4.996638140781078	8.024447155604609	2.749502074587063	9.044245861685265	0.09240174513222144	0.05244075656625699	within_fixture_tolerance	SYNTHETIC_TEACHING_FIXTURE
124	1.24	STATIONARY	-2.681413	-19.519733	-0.030543647074649627	-18.051477152296872	4.642563181663148	-17.44429326183766	0.09240174513222144	0.05985659182760183	within_fixture_tolerance	SYNTHETIC_TEACHING_FIXTURE
125	1.25	REF_A	-22.418265	-1.265824	-19.977378848357002	3.2563678176167343e-07	-19.296666255688383	-5.170525802591719	-0.04524174984145901	0.022621151645341526	within_fixture_tolerance	SYNTHETIC_TEACHING_FIXTURE
125	1.25	REF_B	17.534101	-1.70304	19.97737940200671	4.3914409952883204e-07	19.296666592533075	5.170526684608413	-0.04524174984145901	0.02262059799755118	within_fixture_tolerance	SYNTHETIC_TEACHING_FIXTURE
125	1.25	TONGUE	2.570619	6.548383	4.924499822252607	8.087187307868831	2.663583463356102	9.086177424386612	-0.04524174984145901	0.08203008241144635	within_fixture_tolerance	SYNTHETIC_TEACHING_FIXTURE
125	1.25	STATIONARY	-2.685781	-19.498018	-0.04656543053757378	-18.01517381660713	4.617691332555759	-17.413373675010774	-0.04524174984145901	0.0489753410562546	within_fixture_tolerance	SYNTHETIC_TEACHING_FIXTURE
126	1.26	REF_A	-22.474812	-1.195558	-20.00887733790522	2.1233319125180117e-07	-19.327091430907316	-5.178678321021545	0.01775461612857754	0.008877337907757849	within_fixture_tolerance	SYNTHETIC_TEACHING_FIXTURE
126	1.26	REF_B	17.539474	-1.722436	20.008877279528186	-8.468317891363597e-08	19.327091341481175	5.1786784292129004	0.01775461612857754	0.00887727952858942	within_fixture_tolerance	SYNTHETIC_TEACHING_FIXTURE
126	1.26	TONGUE	2.57898	6.652786	4.939411008625637	8.177524638765863	2.6546055416549317	9.177295884397441	0.01775461612857754	0.0511032590660729	within_fixture_tolerance	SYNTHETIC_TEACHING_FIXTURE
126	1.26	STATIONARY	-2.741698	-19.441093	-0.03725122826102378	-17.98414519846968	4.618657363768953	-17.380991638458323	0.01775461612857754	0.04048491989025971	within_fixture_tolerance	SYNTHETIC_TEACHING_FIXTURE
127	1.27	REF_A	-22.477534	-1.111993	-19.987919253735853	-3.7344800252192556e-07	-19.306847324527027	-5.173254535510888	-0.024161227711793742	0.012080746269918705	within_fixture_tolerance	SYNTHETIC_TEACHING_FIXTURE
127	1.27	REF_B	17.493957	-1.701563	19.987919518379947	1.526818180774825e-07	19.306847637292087	5.173254390762061	-0.024161227711793742	0.012080481621018114	within_fixture_tolerance	SYNTHETIC_TEACHING_FIXTURE
127	1.27	TONGUE	2.614508	6.747533	4.985480093401109	8.228732561633535	2.6858512747353993	9.238682496136722	-0.024161227711793742	0.025184806137255492	within_fixture_tolerance	SYNTHETIC_TEACHING_FIXTURE
127	1.27	STATIONARY	-2.744434	-19.41355	0.012949071714551508	-18.008539749421725	4.6734609043864195	-17.391562171540482	-0.024161227711793742	0.015511472478602975	within_fixture_tolerance	SYNTHETIC_TEACHING_FIXTURE
128	1.28	REF_A	-22.511679	-1.047739	-20.01082342663554	-2.818587228059499e-07	-19.328971080365925	-5.1791824832011395	0.021647284832553737	0.010823426639209608	within_fixture_tolerance	SYNTHETIC_TEACHING_FIXTURE
128	1.28	REF_B	17.504374	-1.716883	20.010823857917366	2.434008761209583e-07	19.328971506905802	5.179182557677662	0.021647284832553737	0.010823857920102573	within_fixture_tolerance	SYNTHETIC_TEACHING_FIXTURE
128	1.28	TONGUE	2.547614	6.842592	4.9130438423401745	8.308208267416221	2.595313402795969	9.296702251585424	0.021647284832553737	0.005842846071582098	within_fixture_tolerance	SYNTHETIC_TEACHING_FIXTURE
128	1.28	STATIONARY	-2.758106	-19.385612	0.04658964126711762	-18.005038838991364	4.705049097034118	-17.37947373165202	0.021647284832553737	0.04686133344005057	within_fixture_tolerance	SYNTHETIC_TEACHING_FIXTURE
129	1.29	REF_A	-22.493284	-0.973414	-20.00856087425245	-2.2608432326265415e-07	-19.32678563702122	-5.178596837679927	0.01712169266666308	0.008560874255434557	within_fixture_tolerance	SYNTHETIC_TEACHING_FIXTURE
129	1.29	REF_B	17.516769	-1.725536	20.008560817756152	-4.87931932857677e-07	19.326785767250993	5.178596133370866	0.01712169266666308	0.008560817770056878	within_fixture_tolerance	SYNTHETIC_TEACHING_FIXTURE
129	1.29	TONGUE	2.499379	6.91019	4.831515057200738	8.35194826258809	2.5052418998598616	9.317850640246217	0.01712169266666308	0.03165324359135388	within_fixture_tolerance	SYNTHETIC_TEACHING_FIXTURE
129	1.29	STATIONARY	-2.816466	-19.357074	0.010302241419267055	-18.010587144140978	4.671434167392551	-17.394224853066007	0.01712169266666308	0.014772399917504802	within_fixture_tolerance	SYNTHETIC_TEACHING_FIXTURE
130	1.3	REF_A	-22.453103	-0.930161	-20.009521586450546	4.926232251012408e-07	-19.327713799760204	-5.178844794075472	0.019043039039551957	0.009521586463289789	within_fixture_tolerance	SYNTHETIC_TEACHING_FIXTURE
130	1.3	REF_B	17.557691	-1.742669	20.0095214527521	-1.7636310989388448e-07	19.32771358876328	5.17884506495558	0.019043039039551957	0.009521452753733508	within_fixture_tolerance	SYNTHETIC_TEACHING_FIXTURE
130	1.3	TONGUE	2.442841	7.059421	4.719078051688905	8.49339840677054	2.360026101157588	9.425380149245429	0.019043039039551957	0.043708481700408426	within_fixture_tolerance	SYNTHETIC_TEACHING_FIXTURE
130	1.3	STATIONARY	-2.913254	-19.285389	-0.10103377137480729	-17.954726093922844	4.549433933561747	-17.369083102492674	0.019043039039551957	0.11071381815157492	within_fixture_tolerance	SYNTHETIC_TEACHING_FIXTURE
131	1.31	REF_A	-22.491423	-0.828386	-20.001208310748133	3.384480902202114e-07	-19.319683752154628	-5.1766933089182645	0.002417295907321204	0.0012083107955327902	within_fixture_tolerance	SYNTHETIC_TEACHING_FIXTURE
131	1.31	REF_B	17.500621	-1.739323	20.001208985519927	-3.9501419468734866e-07	19.319684418574518	5.176693428923395	0.002417295907321204	0.0012089855844589742	within_fixture_tolerance	SYNTHETIC_TEACHING_FIXTURE
131	1.31	TONGUE	2.350358	7.177093	4.651829798562428	8.569101181860404	2.2754759567289846	9.48109828616847	0.002417295907321204	0.005336275688893688	within_fixture_tolerance	SYNTHETIC_TEACHING_FIXTURE
131	1.31	STATIONARY	-2.892564	-19.26466	0.01239977948612303	-17.985187020279245	4.666886197779659	-17.369147334637216	0.002417295907321204	0.019317838893416196	within_fixture_tolerance	SYNTHETIC_TEACHING_FIXTURE
132	1.32	REF_A	-22.396317	-0.75927	-19.983682078572855	-2.7430813842599377e-08	-19.302754617162368	-5.17215753965434	-0.03263524822263264	0.01631792142716822	within_fixture_tolerance	SYNTHETIC_TEACHING_FIXTURE
132	1.32	REF_B	17.559087	-1.73699	19.983682673256165	-4.459506162124427e-07	19.302755314102466	5.172157236318358	-0.03263524822263264	0.01631732674992846	within_fixture_tolerance	SYNTHETIC_TEACHING_FIXTURE
132	1.32	TONGUE	2.254822	7.316978	4.462510916922326	8.676870594145063	2.0647151831680732	9.536196212613902	-0.03263524822263264	0.062197955534041734	within_fixture_tolerance	SYNTHETIC_TEACHING_FIXTURE
132	1.32	STATIONARY	-2.888711	-19.244108	-0.02972033923859252	-18.002092645916342	4.630576785180845	-17.396378403957677	-0.03263524822263264	0.02979392104755943	within_fixture_tolerance	SYNTHETIC_TEACHING_FIXTURE
133	1.33	REF_A	-22.4321	-0.641318	-20.005139757356165	-2.2188595405481237e-08	-19.323481144628406	-5.177711190523506	0.010279433889309075	0.005139757356213015	within_fixture_tolerance	SYNTHETIC_TEACHING_FIXTURE
133	1.33	REF_B	17.563859	-1.711703	20.00513967777522	-3.7531471930307703e-07	19.32348117064054	5.177710785967723	0.010279433889309075	0.005139677788922147	within_fixture_tolerance	SYNTHETIC_TEACHING_FIXTURE
133	1.33	TONGUE	2.176167	7.466675	4.377408448601151	8.763429572278708	1.9601093990693914	9.59777962550479	0.010279433889309075	0.01706536172187535	within_fixture_tolerance	SYNTHETIC_TEACHING_FIXTURE
133	1.33	STATIONARY	-2.937192	-19.164655	-0.021659308465608262	-17.995164948849908	4.6365701230515945	-17.38760041415724	0.010279433889309075	0.022192416786649814	within_fixture_tolerance	SYNTHETIC_TEACHING_FIXTURE
134	1.34	REF_A	-22.438534	-0.529734	-20.011102015424132	-2.8208953994912633e-07	-19.329240176412004	-5.179254587508331	0.02220455754886075	0.011102015427716147	within_fixture_tolerance	SYNTHETIC_TEACHING_FIXTURE
134	1.34	REF_B	17.564759	-1.75994	20.011102543410686	1.0789010529421716e-07	19.329240731493986	5.179254555897574	0.02220455754886075	0.01110254341121061	within_fixture_tolerance	SYNTHETIC_TEACHING_FIXTURE
134	1.34	TONGUE	2.025849	7.626068	4.191027075789993	8.903936449987784	1.7437129616111995	9.68525979852135	0.02220455754886075	0.03100949574677624	within_fixture_tolerance	SYNTHETIC_TEACHING_FIXTURE
134	1.34	STATIONARY	-2.914183	-19.128747	0.07572146178198302	-17.990083361043283	4.729317512315027	-17.357487979289626	0.02220455754886075	0.0763680528925427	within_fixture_tolerance	SYNTHETIC_TEACHING_FIXTURE
135	1.35	REF_A	-22.409212	-0.549031	-20.009979113862816	6.492838333649331e-08	-19.328155626608385	-5.178963624004916	0.01995862138155502	0.009979113863026806	within_fixture_tolerance	SYNTHETIC_TEACHING_FIXTURE
135	1.35	REF_B	17.592652	-1.752345	20.009979508505623	4.5404626747291843e-07	19.328155873483542	5.1789642274370085	0.01995862138155502	0.009979508515951968	within_fixture_tolerance	SYNTHETIC_TEACHING_FIXTURE
135	1.35	TONGUE	1.930488	7.78662	4.068080767874904	9.063724798607044	1.5835996797400407	9.807782645181367	0.01995862138155502	0.04492964048446865	within_fixture_tolerance	SYNTHETIC_TEACHING_FIXTURE
135	1.35	STATIONARY	-2.924728	-19.066788	0.02248443522950261	-17.923527636035747	4.660668604260178	-17.306978841993	0.01995862138155502	0.07970929856591966	within_fixture_tolerance	SYNTHETIC_TEACHING_FIXTURE
136	1.36	REF_A	-22.368645	-0.394896	-19.98470499968621	-3.228731466631274e-07	-19.303742606617924	-5.1724225764954905	-0.030589793328374526	0.015295000317199598	within_fixture_tolerance	SYNTHETIC_TEACHING_FIXTURE
136	1.36	REF_B	17.57895	-1.715277	19.984705207889583	2.3363184120661629e-07	19.303742830824287	5.172422544182008	-0.030589793328374526	0.015294792112201569	within_fixture_tolerance	SYNTHETIC_TEACHING_FIXTURE
136	1.36	TONGUE	1.736855	7.938114	3.8323589303774703	9.124781958956422	1.3401071131402338	9.80575003235307	-0.030589793328374526	0.038918151472446254	within_fixture_tolerance	SYNTHETIC_TEACHING_FIXTURE
136	1.36	STATIONARY	-2.963037	-19.113663	0.028682221679618092	-18.067490237371903	4.703915469266173	-17.444431931474174	-0.030589793328374526	0.07333213470910653	within_fixture_tolerance	SYNTHETIC_TEACHING_FIXTURE
137	1.37	REF_A	-22.345703	-0.346454	-19.967668610861093	2.670960150830126e-07	-19.28728687136011	-5.168012664741372	-0.06466259095531512	0.03233138914001025	within_fixture_tolerance	SYNTHETIC_TEACHING_FIXTURE
137	1.37	REF_B	17.566417	-1.708016	19.967668796778838	3.9393950967969715e-07	19.28728687985428	5.168013351371711	-0.06466259095531512	0.03233120322356176	within_fixture_tolerance	SYNTHETIC_TEACHING_FIXTURE
137	1.37	TONGUE	1.594712	8.133397	3.6697145558833233	9.29114983738889	1.139945535882724	9.924353601100266	-0.06466259095531512	0.025639749587172828	within_fixture_tolerance	SYNTHETIC_TEACHING_FIXTURE
137	1.37	STATIONARY	-2.964422	-18.980355	0.037651955390987535	-17.962278782885353	4.685348838529227	-17.340483932449047	-0.06466259095531512	0.05329690390046395	within_fixture_tolerance	SYNTHETIC_TEACHING_FIXTURE
138	1.38	REF_A	-22.335575	-0.270777	-20.024286374204856	-4.174948731172634e-07	-19.341975254016035	-5.182667081449722	0.048571966842168024	0.02428637420844405	within_fixture_tolerance	SYNTHETIC_TEACHING_FIXTURE
138	1.38	REF_B	17.687229	-1.707188	20.02428559083188	1.2481111166806613e-07	19.341974573087974	5.182666595987072	0.048571966842168024	0.024285590832200922	within_fixture_tolerance	SYNTHETIC_TEACHING_FIXTURE
138	1.38	TONGUE	1.414002	8.321705	3.401825430919365	9.438772820355497	0.8429768720088977	9.99761164538731	0.048571966842168024	0.021285811469597023	within_fixture_tolerance	SYNTHETIC_TEACHING_FIXTURE
138	1.38	STATIONARY	-2.96611	-18.920407	0.001617303863813202	-17.94291142253123	4.645529396264447	-17.331102952994517	0.048571966842168024	0.057111481763265914	within_fixture_tolerance	SYNTHETIC_TEACHING_FIXTURE
139	1.39	REF_A	-22.233857	-0.206664	-19.99311413521389	4.910878015351727e-07	-19.311865418469562	-5.1745982346969805	-0.013771881030280042	0.0068858648036216235	within_fixture_tolerance	SYNTHETIC_TEACHING_FIXTURE
139	1.39	REF_B	17.723794	-1.718142	19.993113983235038	-1.9375912119201644e-07	19.311865194714937	5.174598482559411	-0.013771881030280042	0.00688601676768848	within_fixture_tolerance	SYNTHETIC_TEACHING_FIXTURE
139	1.39	TONGUE	1.288105	8.507219	3.1826530260505344	9.596784834689592	0.5903760670695366	10.093513538357877	-0.013771881030280042	0.005393082713664874	within_fixture_tolerance	SYNTHETIC_TEACHING_FIXTURE
139	1.39	STATIONARY	-2.931136	-18.96274	0.004790407894584181	-18.013029203760016	4.66674219657947	-17.398010269011007	-0.013771881030280042	0.013881936407307132	within_fixture_tolerance	SYNTHETIC_TEACHING_FIXTURE
140	1.4	REF_A	-22.206271	-0.072387	-20.077216187377065	-2.869846238429119e-08	-19.393101628168218	-5.19636594960378	0.154432358573537	0.07721618737707026	within_fixture_tolerance	SYNTHETIC_TEACHING_FIXTURE
140	1.4	REF_B	17.915922	-1.681134	20.077216171507942	1.9767001602222223e-07	19.39310156910677	5.196366108710537	0.154432358573537	0.07721617150819504	within_fixture_tolerance	SYNTHETIC_TEACHING_FIXTURE
140	1.4	TONGUE	1.115224	8.700397	2.874081519399418	9.700092843549163	0.26558079933070466	10.113437229482457	0.154432358573537	0.08182622397109374	within_fixture_tolerance	SYNTHETIC_TEACHING_FIXTURE
140	1.4	STATIONARY	-2.972839	-18.884516	-0.10553725105776879	-18.026456821065455	4.563649184531137	-17.439535250690174	0.154432358573537	0.10880291697247843	within_fixture_tolerance	SYNTHETIC_TEACHING_FIXTURE
141	1.41	REF_A	-22.218833	-0.025025	-20.174457919775087	3.0644744963836956e-07	-19.487030015627766	-5.221533638200814	0.34891615015512656	0.17445791977535577	within_fixture_tolerance	SYNTHETIC_TEACHING_FIXTURE
141	1.41	REF_B	18.102324	-1.521465	20.174458229433718	1.8133519885665805e-07	19.487030188487594	5.221534189508223	0.34891615015512656	0.17445822943381203	within_fixture_tolerance	SYNTHETIC_TEACHING_FIXTURE
141	1.41	TONGUE	0.907618	8.92486	2.6041538649579867	9.801429921569984	-0.021377259093429135	10.141458912535931	0.34891615015512656	0.13279629306669222	within_fixture_tolerance	SYNTHETIC_TEACHING_FIXTURE
141	1.41	STATIONARY	-2.991986	-18.875842	-0.26170914067572015	-18.124772330895237	4.438244649379748	-17.57492100010299	0.34891615015512656	0.28993069666776283	within_fixture_tolerance	SYNTHETIC_TEACHING_FIXTURE
142	1.42	REF_A	-22.142742	0.059364	-20.25129213818256	-7.487105380121761e-09	-19.56124609027888	-5.241420100477535	0.5025837445245642	0.25129213818256	within_fixture_tolerance	SYNTHETIC_TEACHING_FIXTURE
142	1.42	REF_B	18.329958	-1.496221	20.251291605787348	-4.0671529732971834e-07	19.561245683228066	5.241419562594717	0.5025837445245642	0.2512916057876767	within_fixture_tolerance	SYNTHETIC_TEACHING_FIXTURE
142	1.42	TONGUE	0.672446	9.112071	2.199374560845958	9.922291676182741	-0.4436453668049638	10.153437809761808	0.5025837445245642	0.26000340205614764	within_fixture_tolerance	SYNTHETIC_TEACHING_FIXTURE
142	1.42	STATIONARY	-2.935034	-18.752482	-0.3352485865326045	-18.06025487196688	4.350512652262677	-17.531635329430703	0.5025837445245642	0.3406204109677725	within_fixture_tolerance	SYNTHETIC_TEACHING_FIXTURE
143	1.43	REF_A	-22.070548	0.149571	-20.308526414893958	4.97823591238955e-08	-19.616530171126445	-5.256233366004913	0.6170531266975701	0.30852641489396193	within_fixture_tolerance	SYNTHETIC_TEACHING_FIXTURE
143	1.43	REF_B	18.516015	-1.423931	20.308526710788804	5.07157522977586e-07	19.61653031279227	5.256233980550751	0.6170531266975701	0.30852671078922117	within_fixture_tolerance	SYNTHETIC_TEACHING_FIXTURE
143	1.43	TONGUE	0.489297	9.357277	1.8776774713142454	10.074761252728692	-0.7938429240376121	10.217450777948521	0.6170531266975701	0.30386659432661195	within_fixture_tolerance	SYNTHETIC_TEACHING_FIXTURE
143	1.43	STATIONARY	-2.866053	-18.70226	-0.3881287997746663	-18.093698275240843	4.30809007829218	-17.577625582668386	0.6170531266975701	0.39927851432005684	within_fixture_tolerance	SYNTHETIC_TEACHING_FIXTURE
144	1.44	REF_A	-22.010845	0.229828	-20.379959102366232	-4.636224645304665e-07	-19.685528715918988	-5.274722001876393	0.7599180563503722	0.37995910236651514	reference_geometry_failure	SYNTHETIC_TEACHING_FIXTURE
144	1.44	REF_B	18.720489	-1.296393	20.379958953907146	2.102797780345611e-08	19.685528687070402	5.274721535938909	0.7599180563503722	0.37995895390714607	reference_geometry_failure	SYNTHETIC_TEACHING_FIXTURE
144	1.44	TONGUE	0.295075	9.601381	1.5594081584940904	10.200207223924288	-1.1337352794858402	10.256248121702885	0.7599180563503722	0.3559603462514578	reference_geometry_failure	SYNTHETIC_TEACHING_FIXTURE
144	1.44	STATIONARY	-2.913495	-18.665656	-0.588475872718923	-18.16714895161085	4.133580100231747	-17.70042712604139	0.7599180563503722	0.6117537288786271	reference_geometry_failure	SYNTHETIC_TEACHING_FIXTURE
145	1.45	REF_A	-21.982274	0.323712	-20.481216049583516	-1.356728369650284e-07	-19.783335501208068	-5.300928911489897	0.9624325358202412	0.481216049583535	reference_geometry_failure	SYNTHETIC_TEACHING_FIXTURE
145	1.45	REF_B	18.949778	-1.253627	20.481216485791315	-4.174751063734661e-07	19.783336065717666	5.300928490088898	0.9624325358202412	0.4812164857914957	reference_geometry_failure	SYNTHETIC_TEACHING_FIXTURE
145	1.45	TONGUE	0.0783	9.855599	1.1959523448110392	10.374302991706228	-1.5298659370144534	10.330342433419501	0.9624325358202412	0.4125758638913979	reference_geometry_failure	SYNTHETIC_TEACHING_FIXTURE
145	1.45	STATIONARY	-2.846788	-18.633571	-0.6299349041903133	-18.20637374683062	4.103685875043171	-17.74904575571169	0.9624325358202412	0.6628786517139986	reference_geometry_failure	SYNTHETIC_TEACHING_FIXTURE
146	1.46	REF_A	-21.908119	0.38446	-20.543234334605014	-1.5233386713164876e-07	-19.843240560100973	-5.31698044089122	1.0864685525796887	0.5432343346050352	reference_geometry_failure	SYNTHETIC_TEACHING_FIXTURE
146	1.46	REF_B	19.151339	-1.105106	20.54323421724942	5.420097937136603e-08	19.843240472142835	5.316980315728266	1.0864685525796887	0.5432342172494229	reference_geometry_failure	SYNTHETIC_TEACHING_FIXTURE
146	1.46	TONGUE	-0.152688	10.0992	0.8456921852152176	10.497083898632406	-1.8999693081791627	10.358285682352868	1.0864685525796887	0.4836934361044588	reference_geometry_failure	SYNTHETIC_TEACHING_FIXTURE
146	1.46	STATIONARY	-2.803524	-18.600229	-0.7629198988324213	-18.279582405139934	3.9941800292446596	-17.85417893880733	1.0864685525796887	0.8125349797382891	reference_geometry_failure	SYNTHETIC_TEACHING_FIXTURE
147	1.47	REF_A	-21.84884	0.480374	-20.63844338446461	-4.578874350236184e-07	-19.93520536117476	-5.341622651402841	1.2768864369596216	0.6384433844647724	reference_geometry_failure	SYNTHETIC_TEACHING_FIXTURE
147	1.47	REF_B	19.39785	-1.098207	20.638443052158166	6.063642449261053e-08	19.93520514300751	5.341622181680594	1.2768864369596216	0.6384430521581692	reference_geometry_failure	SYNTHETIC_TEACHING_FIXTURE
147	1.47	TONGUE	-0.343605	10.308207	0.47520642491200116	10.64308300504757	-2.2956184216402566	10.40342121915117	1.2768864369596216	0.5557817042051609	reference_geometry_failure	SYNTHETIC_TEACHING_FIXTURE
147	1.47	STATIONARY	-2.779887	-18.521482	-0.8567388566811469	-18.258687867572405	3.8981499706009908	-17.85827849842494	1.2768864369596216	0.894941831280937	reference_geometry_failure	SYNTHETIC_TEACHING_FIXTURE
148	1.48	REF_A	-21.771595	0.523652	-20.716365184200956	-1.7525921824912416e-09	-20.010472158028257	-5.361789856610651	1.4327305689727368	0.7163651842009564	reference_geometry_failure	SYNTHETIC_TEACHING_FIXTURE
148	1.48	REF_B	19.632573	-1.01454	20.716365383415802	1.7171060551213202e-07	20.01047230646665	5.361790072338081	1.4327305689727368	0.7163653834158225	reference_geometry_failure	SYNTHETIC_TEACHING_FIXTURE
148	1.48	TONGUE	-0.58748	10.584609	0.07963254707565848	10.84048257116881	-2.728804213658675	10.491712504839985	1.4327305689727368	0.6208753154818203	reference_geometry_failure	SYNTHETIC_TEACHING_FIXTURE
148	1.48	STATIONARY	-2.782335	-18.414379	-1.0371205157349188	-18.219998430296283	3.7139011043188486	-17.86759358050477	1.4327305689727368	1.060197280458261	reference_geometry_failure	SYNTHETIC_TEACHING_FIXTURE
149	1.49	REF_A	-21.752022	0.668738	-20.802948643320377	1.4172308723803262e-07	-20.094105394456335	-5.38419916623453	1.6058966928941132	0.8029486433203897	reference_geometry_failure	SYNTHETIC_TEACHING_FIXTURE
149	1.49	REF_B	19.824177	-0.902986	20.80294804906497	4.9918991579245287e-08	20.094104770849068	5.384199197541946	1.6058966928941132	0.8029480490649712	reference_geometry_failure	SYNTHETIC_TEACHING_FIXTURE
149	1.49	TONGUE	-0.79318	10.833078	-0.24303964801245204	10.948836048245322	-3.0685255637934006	10.512860217304567	1.6058966928941132	0.6675746719105861	reference_geometry_failure	SYNTHETIC_TEACHING_FIXTURE
149	1.49	STATIONARY	-2.713685	-18.383603	-1.058470745902654	-18.319540405094433	3.7190417244670093	-17.96926959094789	1.6058966928941132	1.1056520204927205	reference_geometry_failure	SYNTHETIC_TEACHING_FIXTURE
150	1.5	REF_A	-21.614607	0.751174	-20.85302685455849	3.1480366211034116e-07	-20.14247727682268	-5.397160193864496	1.706053305856976	0.8530268545585477	reference_geometry_failure	SYNTHETIC_TEACHING_FIXTURE
150	1.5	REF_B	20.061103	-0.839448	20.853026449994108	-4.860157534758436e-08	20.142476817145326	5.397160346287	1.706053305856976	0.8530264499941089	reference_geometry_failure	SYNTHETIC_TEACHING_FIXTURE
150	1.5	TONGUE	-1.036783	11.055538	-0.6831710493981933	11.081682262296326	-3.5280429816233307	10.527265417357427	1.706053305856976	0.8010695428072077	reference_geometry_failure	SYNTHETIC_TEACHING_FIXTURE
150	1.5	STATIONARY	-2.674991	-18.365845	-1.1980889440765086	-18.380774569939845	3.6000294691021972	-18.064553100953923	1.706053305856976	1.2571421522768367	reference_geometry_failure	SYNTHETIC_TEACHING_FIXTURE
151	1.51	REF_A	-21.577849	0.835095	-20.943122371507748	5.839427890189097e-08	-20.22950279711419	-5.42047887720154	1.886245075537495	0.9431223715077497	reference_geometry_failure	SYNTHETIC_TEACHING_FIXTURE
151	1.51	REF_B	20.279184	-0.728975	20.943122702583423	-3.6443249078199624e-09	20.229503102738402	5.4204790157746245	1.886245075537495	0.9431227025834232	reference_geometry_failure	SYNTHETIC_TEACHING_FIXTURE
151	1.51	TONGUE	-1.260836	11.341841	-1.0326100648577503	11.258073978976515	-3.911228687047278	10.607205259742289	1.886245075537495	0.8349728768937393	reference_geometry_failure	SYNTHETIC_TEACHING_FIXTURE
151	1.51	STATIONARY	-2.681008	-18.332709	-1.3437173190458358	-18.448811055094694	3.4769723987969625	-18.167962696044693	1.886245075537495	1.416688955515268	reference_geometry_failure	SYNTHETIC_TEACHING_FIXTURE
152	1.52	REF_A	-21.500702	0.91724	-21.00562277018793	-1.1591343848649238e-07	-20.289873501239263	-5.43665533907464	2.011244949232463	1.0056227701879368	reference_geometry_failure	SYNTHETIC_TEACHING_FIXTURE
152	1.52	REF_B	20.481281	-0.650499	21.00562217928305	2.3822752329150099e-07	20.28987289881177	5.436655304283538	2.011244949232463	1.0056221792830795	reference_geometry_failure	SYNTHETIC_TEACHING_FIXTURE
152	1.52	TONGUE	-1.486353	11.619829	-1.404604275128297	11.442012432537187	-4.318154276889416	10.688596976201271	2.011244949232463	0.8859041954423655	reference_geometry_failure	SYNTHETIC_TEACHING_FIXTURE
152	1.52	STATIONARY	-2.618337	-18.227108	-1.4219976016554141	-18.426377774177126	3.3955532917887625	-18.16655423863294	2.011244949232463	1.4845454474100785	reference_geometry_failure	SYNTHETIC_TEACHING_FIXTURE
153	1.53	REF_A	-21.439559	0.92987	-21.118259107834994	4.876302245604425e-07	-20.398672004961007	-5.465807185449603	2.236517958894524	1.1182591078351007	reference_geometry_failure	SYNTHETIC_TEACHING_FIXTURE
153	1.53	REF_B	20.770037	-0.577928	21.11825885063802	2.0837365946602127e-07	20.398671576388747	5.4658077911702545	2.236517958894524	1.1182588506380406	reference_geometry_failure	SYNTHETIC_TEACHING_FIXTURE
153	1.53	TONGUE	-1.654587	11.816759	-1.7345483209980452	11.586252049770032	-4.674187712026711	10.742525944773664	2.236517958894524	0.9214123514527919	reference_geometry_failure	SYNTHETIC_TEACHING_FIXTURE
153	1.53	STATIONARY	-2.59954	-18.225433	-1.6064254426895554	-18.470524571269934	3.2288357089129187	-18.25693020779962	2.236517958894524	1.6739163883208412	reference_geometry_failure	SYNTHETIC_TEACHING_FIXTURE
154	1.54	REF_A	-21.337535	1.049993	-21.1756757063129	3.27226566565475e-07	-20.45413213877359	-5.480667849578581	2.35135125239011	1.175675706312947	reference_geometry_failure	SYNTHETIC_TEACHING_FIXTURE
154	1.54	REF_B	20.98455	-0.524197	21.17567554774232	2.8272853119792885e-07	20.454131827738177	5.480668397708876	2.35135125239011	1.175675547742353	reference_geometry_failure	SYNTHETIC_TEACHING_FIXTURE
154	1.54	TONGUE	-1.877265	12.095671	-2.1394187292303313	11.761379127963819	-5.11058871879217	10.806897540037575	2.35135125239011	1.0100537202045052	reference_geometry_failure	SYNTHETIC_TEACHING_FIXTURE
154	1.54	STATIONARY	-2.512848	-18.122012	-1.6513782134956276	-18.459046881032354	3.1824440218003445	-18.257478243587496	2.35135125239011	1.713993594793616	reference_geometry_failure	SYNTHETIC_TEACHING_FIXTURE
155	1.55	REF_A	-21.310222	1.192206	-21.28105455939989	4.855987185137245e-07	-20.555920335505917	-5.507941750732537	2.56210924365606	1.281054559399983	reference_geometry_failure	SYNTHETIC_TEACHING_FIXTURE
155	1.55	REF_B	21.224046	-0.347011	21.281054684446666	8.92281742381762e-08	20.55592030751568	5.507942338337165	2.56210924365606	1.2810546844466688	reference_geometry_failure	SYNTHETIC_TEACHING_FIXTURE
155	1.55	TONGUE	-2.05186	12.351127	-2.4388414126557	11.848081703432257	-5.422249099483234	10.813149503883832	2.56210924365606	1.053529763333885	reference_geometry_failure	SYNTHETIC_TEACHING_FIXTURE
155	1.55	STATIONARY	-2.439079	-18.114008	-1.7240656309516968	-18.611128475303243	3.151594981038955	-18.42319067117539	2.56210924365606	1.8291747628795174	reference_geometry_failure	SYNTHETIC_TEACHING_FIXTURE
156	1.56	REF_A	-21.15555	1.22656	-21.30185985344024	-1.1583300785211748e-07	-20.576016550681274	-5.513327138007523	2.603719881388791	1.3018598534402466	reference_geometry_failure	SYNTHETIC_TEACHING_FIXTURE
156	1.56	REF_B	21.423159	-0.233059	21.30186002716386	7.377643562733738e-08	20.576016729370444	5.5133271423469745	2.603719881388791	1.3018600271638603	reference_geometry_failure	SYNTHETIC_TEACHING_FIXTURE
156	1.56	TONGUE	-2.268683	12.61887	-2.816385306114791	12.032692972335207	-5.8347094090693865	10.893754746354787	2.603719881388791	1.1195382951730528	reference_geometry_failure	SYNTHETIC_TEACHING_FIXTURE
156	1.56	STATIONARY	-2.429167	-18.016758	-1.9271871543622234	-18.590448353808757	2.9500422464015728	-18.455786926461215	2.603719881388791	2.01560898649868	reference_geometry_failure	SYNTHETIC_TEACHING_FIXTURE
157	1.57	REF_A	-21.08934	1.280956	-21.412272764303655	-2.857622128926707e-07	-20.68266718886029	-5.54190426630291	2.8245450151638423	1.4122727643036836	reference_geometry_failure	SYNTHETIC_TEACHING_FIXTURE
157	1.57	REF_B	21.710673	-0.168369	21.41227225130175	-4.065473003800335e-07	20.68266687252139	5.541903464808609	2.8245450151638423	1.4122722513018093	reference_geometry_failure	SYNTHETIC_TEACHING_FIXTURE
157	1.57	TONGUE	-2.467668	12.842475	-3.19254838986826	12.185114953432587	-6.237504758167386	10.943624904253612	2.8245450151638423	1.2063641089701285	reference_geometry_failure	SYNTHETIC_TEACHING_FIXTURE
157	1.57	STATIONARY	-2.347065	-17.984836	-2.028715855397053	-18.620455036840838	2.8597393530103212	-18.51104871801558	2.8245450151638423	2.1214741277424434	reference_geometry_failure	SYNTHETIC_TEACHING_FIXTURE
158	1.58	REF_A	-21.049163	1.356247	-21.527723104127833	-2.5249148416506273e-07	-20.794183662362677	-5.571784980875619	3.055445940776977	1.5277231041278543	reference_geometry_failure	SYNTHETIC_TEACHING_FIXTURE
158	1.58	REF_B	21.9807	-0.127773	21.527722835650664	1.6365319976952009e-07	20.79418342602668	5.571784825577421	3.055445940776977	1.5277228356506727	reference_geometry_failure	SYNTHETIC_TEACHING_FIXTURE
158	1.58	TONGUE	-2.588141	13.104714	-3.4826125412884434	12.377794174920306	-6.567554265423999	11.054664613791664	3.055445940776977	1.2045837798067884	reference_geometry_failure	SYNTHETIC_TEACHING_FIXTURE
158	1.58	STATIONARY	-2.292056	-17.922061	-2.1172831796773868	-18.620339783715323	2.7741600574177685	-18.53386030234238	3.055445940776977	2.2062886280368574	reference_geometry_failure	SYNTHETIC_TEACHING_FIXTURE
159	1.59	REF_A	-20.952874	1.450259	-21.57729207067763	-2.2498536167425698e-07	-20.842063614455228	-5.584614346895757	3.154584239383439	1.577292070677645	reference_geometry_failure	SYNTHETIC_TEACHING_FIXTURE
159	1.59	REF_B	22.17723	-0.003106	21.57729216829223	5.469766184429403e-08	20.842063752817396	5.584614207674988	3.154584239383439	1.5772921682922325	reference_geometry_failure	SYNTHETIC_TEACHING_FIXTURE
159	1.59	TONGUE	-2.763347	13.321902	-3.797898042944137	12.477497440842098	-6.897901778210414	11.06936868083958	3.154584239383439	1.2749619623978867	reference_geometry_failure	SYNTHETIC_TEACHING_FIXTURE
159	1.59	STATIONARY	-2.170329	-17.872613	-2.1546438146832214	-18.679350152523202	2.7533454624845195	-18.600529585469936	3.154584239383439	2.2592048596543792	reference_geometry_failure	SYNTHETIC_TEACHING_FIXTURE
160	1.6	REF_A	-20.923833	1.507875	-21.691080074329243	3.5495281924813327e-07	-20.95197453600449	-5.614064289167437	3.3821598472455605	1.69108007432928	reference_geometry_failure	SYNTHETIC_TEACHING_FIXTURE
160	1.6	REF_B	22.435964	0.115109	21.69107977096802	4.632241830115902e-07	20.95197403122026	5.61406500095007	3.3821598472455605	1.6910797709680838	reference_geometry_failure	SYNTHETIC_TEACHING_FIXTURE
160	1.6	TONGUE	-2.921466	13.597205	-4.086115910792301	12.661056954223366	-7.223807558338436	11.172077282140386	3.3821598472455605	1.2895342580142282	reference_geometry_failure	SYNTHETIC_TEACHING_FIXTURE
160	1.6	STATIONARY	-2.16406	-17.831493	-2.320095130129974	-18.727123820353814	2.6058964989880367	-18.68949735651907	3.3821598472455605	2.431368022940737	reference_geometry_failure	SYNTHETIC_TEACHING_FIXTURE
161	1.61	REF_A	-20.756574	1.595486	-21.753952945168404	1.216556259064916e-07	-21.0127050053399	-5.6303372109085075	3.5079058049134346	1.7539529451684082	reference_geometry_failure	SYNTHETIC_TEACHING_FIXTURE
161	1.61	REF_B	22.730338	0.24406	21.753952861641896	4.5036630258454835e-07	21.01270477660932	5.63033774182101	3.5079058049134346	1.7539528616419533	reference_geometry_failure	SYNTHETIC_TEACHING_FIXTURE
161	1.61	TONGUE	-3.057001	13.807367	-4.44224138604547	12.75576606786754	-7.592310874644487	11.171387205554467	3.5079058049134346	1.4136626638834224	reference_geometry_failure	SYNTHETIC_TEACHING_FIXTURE
161	1.61	STATIONARY	-2.077927	-17.742206	-2.4836587582794944	-18.74817172658754	2.453353765307852	-18.752161454790517	3.5079058049134346	2.5939008770659338	reference_geometry_failure	SYNTHETIC_TEACHING_FIXTURE
162	1.62	REF_A	-20.68198	1.695938	-21.829299524883357	-2.3741922450248865e-07	-21.085484119674536	-5.649838687561554	3.658598865512161	1.8292995248833723	reference_geometry_failure	SYNTHETIC_TEACHING_FIXTURE
162	1.62	REF_B	22.95401	0.291078	21.82929933929259	-4.924142944506826e-07	21.085484129302433	5.6498379345620835	3.658598865512161	1.8292993392926555	reference_geometry_failure	SYNTHETIC_TEACHING_FIXTURE
162	1.62	TONGUE	-3.18546	13.99373	-4.737562310885966	12.854431650662196	-7.903105514917871	11.190256160377501	3.658598865512161	1.4908786163516188	reference_geometry_failure	SYNTHETIC_TEACHING_FIXTURE
162	1.62	STATIONARY	-2.010703	-17.695761	-2.5436995335676587	-18.780847072637716	2.4038158316889584	-18.799263111550818	3.658598865512161	2.6608512675306026	reference_geometry_failure	SYNTHETIC_TEACHING_FIXTURE
163	1.63	REF_A	-20.523321	1.731634	-21.870395934229762	4.113463638599768e-07	-21.12518037074332	-5.6604745943261925	3.7407915957643	1.8703959342298075	reference_geometry_failure	SYNTHETIC_TEACHING_FIXTURE
163	1.63	REF_B	23.198357	0.438683	21.870395663349523	-3.592941857366583e-07	21.125180095621	5.660474574495771	3.7407915957643	1.8703956633495575	reference_geometry_failure	SYNTHETIC_TEACHING_FIXTURE
163	1.63	TONGUE	-3.291682	14.195326	-5.014705585212427	12.967602494721772	-8.200096130967806	11.227840843821753	3.7407915957643	1.554598245678386	reference_geometry_failure	SYNTHETIC_TEACHING_FIXTURE
163	1.63	STATIONARY	-1.932947	-17.669172	-2.7146698398499125	-18.842808210685646	2.254707919903382	-18.90336334643068	3.7407915957643	2.8424915161509086	reference_geometry_failure	SYNTHETIC_TEACHING_FIXTURE
164	1.64	REF_A	-20.522216	1.769747	-21.98196180271286	-4.1059115818420366e-07	-21.232944511711647	-5.68935075980342	3.9639227256549106	1.9819618027129025	reference_geometry_failure	SYNTHETIC_TEACHING_FIXTURE
164	1.64	REF_B	23.422755	0.479001	21.98196092206061	2.0625794849848944e-08	21.232943761997355	5.689350155196229	3.9639227256549106	1.9819609220606083	reference_geometry_failure	SYNTHETIC_TEACHING_FIXTURE
164	1.64	TONGUE	-3.343502	14.418617	-5.182014056582312	13.147770605049859	-8.408334642695339	11.358567255866225	3.9639227256549106	1.4997756119114487	reference_geometry_failure	SYNTHETIC_TEACHING_FIXTURE
164	1.64	STATIONARY	-1.845971	-17.599804	-2.745092773487274	-18.81288172008271	2.217576076870199	-18.882330610899945	3.9639227256549106	2.862920017376783	reference_geometry_failure	SYNTHETIC_TEACHING_FIXTURE
165	1.65	REF_A	-20.4254	1.893185	-22.04963194853949	-3.6723381269254673e-07	-21.29830886445678	-5.706865040448066	4.09926361620856	2.0496319485395214	reference_geometry_failure	SYNTHETIC_TEACHING_FIXTURE
165	1.65	REF_B	23.65596	0.636701	22.049631666710315	-3.5590900249182766e-07	21.298308779393835	5.706864269002987	4.09926361620856	2.0496316667103462	reference_geometry_failure	SYNTHETIC_TEACHING_FIXTURE
165	1.65	TONGUE	-3.430594	14.65265	-5.425270507733463	13.238503503282114	-8.666785733355947	11.383249103162454	4.09926361620856	1.5643380530416118	reference_geometry_failure	SYNTHETIC_TEACHING_FIXTURE
165	1.65	STATIONARY	-1.772973	-17.561301	-2.850476892069195	-18.915139901494495	2.14224919991672	-19.008379846216133	4.09926361620856	2.993776803893004	reference_geometry_failure	SYNTHETIC_TEACHING_FIXTURE
166	1.66	REF_A	-20.338778	1.960228	-22.167261210964046	-3.882745784888897e-07	-21.41193000151553	-5.737309754148427	4.334521774941599	2.1672612109640808	reference_geometry_failure	SYNTHETIC_TEACHING_FIXTURE
166	1.66	REF_B	23.978701	0.731051	22.16726056307397	-2.4491642136581504e-07	21.411929539583664	5.737308974846596	4.334521774941599	2.167260563073984	reference_geometry_failure	SYNTHETIC_TEACHING_FIXTURE
166	1.66	TONGUE	-3.507443	14.787458	-5.698032082896914	13.288948376172357	-8.943309277060237	11.361379218267784	4.334521774941599	1.684984507636059	reference_geometry_failure	SYNTHETIC_TEACHING_FIXTURE
166	1.66	STATIONARY	-1.699586	-17.518233	-2.995192922772825	-18.9542009481687	2.0125739911812843	-19.083565184878434	4.334521774941599	3.1435139723109975	reference_geometry_failure	SYNTHETIC_TEACHING_FIXTURE
167	1.67	REF_A	-20.210762	2.008899	-22.200994223363036	2.8012824682122073e-07	-21.444513762385995	-5.746039854578329	4.40198837554717	2.200994223363054	reference_geometry_failure	SYNTHETIC_TEACHING_FIXTURE
167	1.67	REF_B	24.174943	0.8065	22.20099415016799	9.204872863932678e-08	21.44451359535852	5.746040195129409	4.40198837554717	2.2009941501679915	reference_geometry_failure	SYNTHETIC_TEACHING_FIXTURE
167	1.67	TONGUE	-3.603081	14.978977	-5.950631352886621	13.415055183532932	-9.219940279109494	11.41781153851791	4.40198837554717	1.7635258737811788	reference_geometry_failure	SYNTHETIC_TEACHING_FIXTURE
167	1.67	STATIONARY	-1.648263	-17.422988	-3.1190901561347086	-18.922091005173254	1.8845877888856255	-19.084616325287367	4.40198837554717	3.252533662226705	reference_geometry_failure	SYNTHETIC_TEACHING_FIXTURE
168	1.68	REF_A	-20.128158	2.083001	-22.286251348267555	-3.226476863460448e-10	-21.526865748621322	-5.76810629312885	4.572502862777284	2.2862513482675553	reference_geometry_failure	SYNTHETIC_TEACHING_FIXTURE
168	1.68	REF_B	24.428361	0.889424	22.286251512614655	-1.752437563951048e-07	21.526865952808357	5.7681061660808854	4.572502862777284	2.2862515126146614	reference_geometry_failure	SYNTHETIC_TEACHING_FIXTURE
168	1.68	TONGUE	-3.587723	15.197771	-6.102939339197105	13.552992087084164	-9.402759194299719	11.511628148479913	4.572502862777284	1.760337916240772	reference_geometry_failure	SYNTHETIC_TEACHING_FIXTURE
168	1.68	STATIONARY	-1.52369	-17.368098	-3.16758718908278	-18.94592733517549	1.8439125484320296	-19.12019240779854	4.572502862777284	3.305811114367176	reference_geometry_failure	SYNTHETIC_TEACHING_FIXTURE
169	1.69	REF_A	-20.04675	2.113597	-22.381376993020528	4.2466392691231647e-07	-21.618750175626275	-5.792726211162827	4.762753788402804	2.3813769930205653	reference_geometry_failure	SYNTHETIC_TEACHING_FIXTURE
169	1.69	REF_B	24.702407	1.010386	22.381376795337886	4.640366082497849e-07	21.618749754666883	5.792727018417594	4.762753788402804	2.381376795337931	reference_geometry_failure	SYNTHETIC_TEACHING_FIXTURE
169	1.69	TONGUE	-3.600657	15.331003	-6.266032238406549	13.618717683368498	-9.577305873801203	11.53290265094394	4.762753788402804	1.8116452010149202	reference_geometry_failure	SYNTHETIC_TEACHING_FIXTURE
169	1.69	STATIONARY	-1.459959	-17.332234	-3.32097494474228	-18.98183870421916	1.7050459000464406	-19.194579799065437	4.762753788402804	3.4630740426258217	reference_geometry_failure	SYNTHETIC_TEACHING_FIXTURE
170	1.7	REF_A	-19.935915	2.166299	-22.436428538295353	5.6628302047556645e-08	-21.671925789730324	-5.806974955037251	4.872856858623756	2.436428538295353	reference_geometry_failure	SYNTHETIC_TEACHING_FIXTURE
170	1.7	REF_B	24.925989	1.17491	22.43642832207182	-6.976457322949159e-08	21.671925584274344	5.80697488638582	4.872856858623756	2.43642832207182	reference_geometry_failure	SYNTHETIC_TEACHING_FIXTURE
170	1.7	TONGUE	-3.641731	15.491727	-6.440624222882882	13.682167573016201	-9.762370820522179	11.549002807326264	4.872856858623756	1.887072501718091	reference_geometry_failure	SYNTHETIC_TEACHING_FIXTURE
170	1.7	STATIONARY	-1.410159	-17.259918	-3.486005449477739	-19.012180436766606	1.5534916916397457	-19.266600699795706	4.872856858623756	3.629978406321659	reference_geometry_failure	SYNTHETIC_TEACHING_FIXTURE
171	1.71	REF_A	-19.869645	2.234804	-20.021276368434012	-4.0428009873139104e-07	-19.339067815124896	-5.181888021865875	0.04255343467352901	0.02127636843785342	within_fixture_tolerance	SYNTHETIC_TEACHING_FIXTURE
171	1.71	REF_B	20.058157	-0.794505	20.02127706727186	3.012099195620621e-07	19.339068516826952	5.181888103180271	0.04255343467352901	0.021277067273992565	within_fixture_tolerance	SYNTHETIC_TEACHING_FIXTURE
171	1.71	TONGUE	-3.594209	15.666998	-4.808657358274131	14.624973972395429	-8.430028130332254	12.88206796322045	0.04255343467352901	0.034860716827799114	within_fixture_tolerance	SYNTHETIC_TEACHING_FIXTURE
171	1.71	STATIONARY	-1.304248	-17.239428	-0.035813259346144134	-18.013910088467153	4.627750055487904	-17.409370140682427	0.04255343467352901	0.03841978795045852	within_fixture_tolerance	SYNTHETIC_TEACHING_FIXTURE
172	1.72	REF_A	-19.781311	2.29792	-20.000323103255344	-4.1047638488223015e-07	-19.318828513539792	-5.176464923765757	0.0006456851040965716	0.00032310351608199353	within_fixture_tolerance	SYNTHETIC_TEACHING_FIXTURE
172	1.72	REF_B	20.101578	-0.769134	20.000322580896178	2.515340472575289e-07	19.31882805011689	5.176464635042748	0.0006456851040965716	0.0003225809942454249	within_fixture_tolerance	SYNTHETIC_TEACHING_FIXTURE
172	1.72	TONGUE	-3.563991	15.786785	-4.865005260920146	14.692620212166903	-8.501964159938137	12.932825302911569	0.0006456851040965716	0.04667703954206955	within_fixture_tolerance	SYNTHETIC_TEACHING_FIXTURE
172	1.72	STATIONARY	-1.226955	-17.210149	-0.004805028737699044	-18.02798253773104	4.661343924141166	-17.414937562229397	0.0006456851040965716	0.028392089022107603	within_fixture_tolerance	SYNTHETIC_TEACHING_FIXTURE
173	1.73	REF_A	-19.682895	2.402977	-20.005767049917154	-2.9499467302240845e-07	-19.3240869921063	-5.1778738092955745	0.011534215827410321	0.0057670499246983455	within_fixture_tolerance	SYNTHETIC_TEACHING_FIXTURE
173	1.73	REF_B	20.205807	-0.729805	20.00576716731825	-5.6121786995433354e-08	19.324087196382678	5.177873500528758	0.011534215827410321	0.0057671673185235115	within_fixture_tolerance	SYNTHETIC_TEACHING_FIXTURE
173	1.73	TONGUE	-3.557115	15.903128	-4.986512948073992	14.721306164915624	-8.626756043952225	12.929085301962111	0.011534215827410321	0.05300532431523225	within_fixture_tolerance	SYNTHETIC_TEACHING_FIXTURE
173	1.73	STATIONARY	-1.096917	-17.142581	0.0535116098005568	-18.030329062125908	4.7182807966114515	-17.402110674044525	0.011534215827410321	0.06150889685959451	within_fixture_tolerance	SYNTHETIC_TEACHING_FIXTURE
174	1.74	REF_A	-19.598886	2.449011	-20.017411533648538	4.151785801820296e-07	-19.335334883482737	-5.180886937480928	0.03482299291362523	0.017411533653487844	within_fixture_tolerance	SYNTHETIC_TEACHING_FIXTURE
174	1.74	REF_B	20.309428	-0.731166	20.017411460223155	-4.946945040273931e-07	19.3353348331395	5.180886841670556	0.03482299291362523	0.017411460230182394	within_fixture_tolerance	SYNTHETIC_TEACHING_FIXTURE
174	1.74	TONGUE	-3.423369	16.030556	-4.97186210975222	14.823534317685056	-8.639063013722401	13.031622030881403	0.03482299291362523	0.0189875113766016	within_fixture_tolerance	SYNTHETIC_TEACHING_FIXTURE
174	1.74	STATIONARY	-1.076858	-17.107408	-0.00044363025484023266	-18.02331896071821	4.664349689025333	-17.409304079759128	0.03482299291362523	0.023323180245850984	within_fixture_tolerance	SYNTHETIC_TEACHING_FIXTURE
175	1.75	REF_A	-19.544875	2.464777	-20.048378293632457	4.6502722594876644e-07	-19.365246489609817	-5.188901676579712	0.09675602199166633	0.048378293634691594	within_fixture_tolerance	SYNTHETIC_TEACHING_FIXTURE
175	1.75	REF_B	20.430927	-0.647312	20.048377730111444	-2.905539909781041e-07	19.36524590013332	5.188901699257945	0.09675602199166633	0.048377730112316164	within_fixture_tolerance	SYNTHETIC_TEACHING_FIXTURE
175	1.75	TONGUE	-3.353935	16.090199	-4.9638089430451355	14.840971804806285	-8.635797405782188	13.050549662954731	0.09675602199166633	0.05377082808061997	within_fixture_tolerance	SYNTHETIC_TEACHING_FIXTURE
175	1.75	STATIONARY	-0.970153	-17.049078	-0.015130507847767038	-18.01332286952429	4.647576075873075	-17.403449840746976	0.09675602199166633	0.0201601369065944	within_fixture_tolerance	SYNTHETIC_TEACHING_FIXTURE
176	1.76	REF_A	-19.334843	2.533636	-19.961381812120894	5.218744217883042e-07	-19.281214356033708	-5.166385275397655	-0.0772361575225986	0.038618187882631876	within_fixture_tolerance	SYNTHETIC_TEACHING_FIXTURE
176	1.76	REF_B	20.459643	-0.664169	19.96138202943887	-1.1086279139149724e-07	19.281214459569114	5.166385728650435	-0.0772361575225986	0.03861797056128961	within_fixture_tolerance	SYNTHETIC_TEACHING_FIXTURE
176	1.76	TONGUE	-3.223622	16.229779	-4.998986529087862	14.942640936506796	-8.69609025223062	13.139649873773251	-0.0772361575225986	0.02107349564660322	within_fixture_tolerance	SYNTHETIC_TEACHING_FIXTURE
176	1.76	STATIONARY	-0.861992	-17.003118	0.01700274731496282	-17.994307780663313	4.673692949776354	-17.376765976909592	-0.0772361575225986	0.017930275436630415	within_fixture_tolerance	SYNTHETIC_TEACHING_FIXTURE
177	1.77	REF_A	-19.264685	2.583915	-19.98189137739621	1.6494190879789983e-07	-19.301024982438385	-5.171693886267961	-0.03621694021266819	0.01810862260454172	within_fixture_tolerance	SYNTHETIC_TEACHING_FIXTURE
177	1.77	REF_B	20.569738	-0.628981	19.981891681716718	1.27900621205157e-08	19.301025230389005	5.171694136707805	-0.03621694021266819	0.018108318283286705	within_fixture_tolerance	SYNTHETIC_TEACHING_FIXTURE
177	1.77	TONGUE	-3.108662	16.243757	-4.9763498895119564	14.914492690058884	-8.666939635176721	13.118319549003461	-0.03621694021266819	0.045255077493185636	within_fixture_tolerance	SYNTHETIC_TEACHING_FIXTURE
177	1.77	STATIONARY	-0.805532	-16.958757	-0.01135261292673595	-17.995386460785937	4.646582957964163	-17.38514680915958	-0.03621694021266819	0.01225424678811336	within_fixture_tolerance	SYNTHETIC_TEACHING_FIXTURE
178	1.78	REF_A	-19.242384	2.639946	-19.98934852978135	2.9864060047124497e-07	-19.308228073121615	-5.173623810184428	-0.021303382869696463	0.01065147022283744	within_fixture_tolerance	SYNTHETIC_TEACHING_FIXTURE
178	1.78	REF_B	20.610121	-0.534015	19.989348085894868	-3.8245398470415637e-07	19.3082276660527	5.1736236143406416	-0.021303382869696463	0.010651914111998173	within_fixture_tolerance	SYNTHETIC_TEACHING_FIXTURE
178	1.78	TONGUE	-2.961374	16.380785	-4.850631994809066	14.990037145985609	-8.565057817800689	13.223828075475852	-0.021303382869696463	0.061497592118190725	within_fixture_tolerance	SYNTHETIC_TEACHING_FIXTURE
178	1.78	STATIONARY	-0.727549	-16.915819	0.019602367303541035	-18.024120866002644	4.683920184140898	-17.404890374837475	-0.021303382869696463	0.03108165022357129	within_fixture_tolerance	SYNTHETIC_TEACHING_FIXTURE
179	1.79	REF_A	-19.14037	2.662042	-19.999474505474122	1.456410785305451e-07	-19.318008974960563	-5.176244753330127	-0.0010508135697975263	0.0005254945460599395	within_fixture_tolerance	SYNTHETIC_TEACHING_FIXTURE
179	1.79	REF_B	20.730509	-0.53623	19.999474681734114	-3.8199444252207115e-07	19.318009206387387	5.176244570649752	-0.0010508135697975263	0.0005253184047731786	within_fixture_tolerance	SYNTHETIC_TEACHING_FIXTURE
179	1.79	TONGUE	-2.8084	16.36128	-4.815172651443192	14.961261559201583	-8.523359052366319	13.205210546424054	-0.0010508135697975263	0.04383736753748963	within_fixture_tolerance	SYNTHETIC_TEACHING_FIXTURE
179	1.79	STATIONARY	-0.638473	-16.855788	0.00380639445210329	-17.97594583153333	4.656193829593153	-17.362445163470504	-0.0010508135697975263	0.024353473250194133	within_fixture_tolerance	SYNTHETIC_TEACHING_FIXTURE
180	1.8	REF_A	-19.026098	2.710142	-20.009523992732642	-1.8485614972085784e-07	-19.32771594870566	-5.178846071261931	0.019047434388149043	0.009523992734436468	within_fixture_tolerance	SYNTHETIC_TEACHING_FIXTURE
180	1.8	REF_B	20.863199	-0.509818	20.00952344232143	-2.073605205321627e-07	19.3277155185624	5.178845549952815	0.019047434388149043	0.009523442323688265	within_fixture_tolerance	SYNTHETIC_TEACHING_FIXTURE
180	1.8	TONGUE	-2.635807	16.477884	-4.780135826185578	15.041877853844005	-8.510381110377281	13.292148105096292	0.019047434388149043	0.04869720332822377	within_fixture_tolerance	SYNTHETIC_TEACHING_FIXTURE
180	1.8	STATIONARY	-0.536692	-16.856743	-0.0056996830072012505	-18.015774823927803	4.657320165647235	-17.403377369750498	0.019047434388149043	0.016772938214151965	within_fixture_tolerance	SYNTHETIC_TEACHING_FIXTURE
181	1.81	REF_A	-18.938983	2.787453	-20.00329163064131	-2.458367425184349e-07	-19.321695933419853	-5.177233076159464	0.006583417752246135	0.0032916306504908685	within_fixture_tolerance	SYNTHETIC_TEACHING_FIXTURE
181	1.81	REF_B	20.936805	-0.444922	20.00329178837475	-1.0803313577056883e-08	19.321696152201987	5.177232869088624	0.006583417752246135	0.0032917883747671435	within_fixture_tolerance	SYNTHETIC_TEACHING_FIXTURE
181	1.81	TONGUE	-2.454376	16.479948	-4.678878506767711	14.979620901152877	-8.396460765403301	13.258219829346311	0.006583417752246135	0.033802251740776626	within_fixture_tolerance	SYNTHETIC_TEACHING_FIXTURE
181	1.81	STATIONARY	-0.422936	-16.751999	0.030931157401058118	-17.979546911183437	4.683326366654184	-17.358903134062093	0.006583417752246135	0.03708187347353475	within_fixture_tolerance	SYNTHETIC_TEACHING_FIXTURE
182	1.82	REF_A	-18.906764	2.806358	-20.01590517275246	-3.4955432814953724e-07	-19.33387965266205	-5.180497801267495	0.031810165021177284	0.01590517275630243	within_fixture_tolerance	SYNTHETIC_TEACHING_FIXTURE
182	1.82	REF_B	20.997938	-0.381209	20.015904992113388	3.7683866604965033e-07	19.333879471116393	5.18049778086931	0.031810165021177284	0.015904992117852044	within_fixture_tolerance	SYNTHETIC_TEACHING_FIXTURE
182	1.82	TONGUE	-2.23505	16.49366	-4.486990207755773	14.97134173268035	-8.208968095144611	13.299887113014542	0.031810165021177284	0.03833674330185074	within_fixture_tolerance	SYNTHETIC_TEACHING_FIXTURE
182	1.82	STATIONARY	-0.357111	-16.726208	0.0301468977023579	-17.993514662988158	4.6861839501409746	-17.372597927611952	0.031810165021177284	0.030836586017806845	within_fixture_tolerance	SYNTHETIC_TEACHING_FIXTURE
183	1.83	REF_A	-18.781464	2.818901	-20.006693052563126	-3.48636632452326e-07	-19.324981428093707	-5.178113528230319	0.013386276117763884	0.0066930525722058145	within_fixture_tolerance	SYNTHETIC_TEACHING_FIXTURE
183	1.83	REF_B	21.105549	-0.35872	20.00669322322283	4.712959331687472e-07	19.32498156119176	5.178113690880087	0.013386276117763884	0.00669322323942184	within_fixture_tolerance	SYNTHETIC_TEACHING_FIXTURE
183	1.83	TONGUE	-2.056161	16.494274	-4.4202288331413735	14.960404734778804	-8.141650855852134	13.30660189950651	0.013386276117763884	0.03885341251613235	within_fixture_tolerance	SYNTHETIC_TEACHING_FIXTURE
183	1.83	STATIONARY	-0.315434	-16.694251	-0.049367034986736336	-17.985063683309722	4.6071921145153665	-17.385014628213753	0.013386276117763884	0.05157710441323678	within_fixture_tolerance	SYNTHETIC_TEACHING_FIXTURE
184	1.84	REF_A	-18.730726	2.901369	-20.016947770702366	-9.714439563879296e-08	-19.334886790276805	-5.18076740166404	0.033896347222380996	0.016947770702644388	within_fixture_tolerance	SYNTHETIC_TEACHING_FIXTURE
184	1.84	REF_B	21.170778	-0.351758	20.016948574954185	3.789202396298208e-07	19.334887494195456	5.180767881994293	0.033896347222380996	0.016948574958420663	within_fixture_tolerance	SYNTHETIC_TEACHING_FIXTURE
184	1.84	TONGUE	-1.811624	16.473832	-4.256686573638209	14.90241351059998	-7.968671930440428	13.292914529811538	0.033896347222380996	0.040909895974387746	within_fixture_tolerance	SYNTHETIC_TEACHING_FIXTURE
184	1.84	STATIONARY	-0.149947	-16.666924	0.09249077722376131	-17.993719012669125	4.746456403071728	-17.356659530880837	0.033896347222380996	0.09270380074897716	within_fixture_tolerance	SYNTHETIC_TEACHING_FIXTURE
185	1.85	REF_A	-18.624091	2.909718	-19.998496189585772	-1.8817264213488727e-07	-19.317063907980376	-5.175991868985392	-0.003007789597582189	0.0015038104260008318	within_fixture_tolerance	SYNTHETIC_TEACHING_FIXTURE
185	1.85	REF_B	21.248185	-0.246386	19.998496018978067	-1.240988052320091e-07	19.317063824007786	5.175991523197814	-0.003007789597582189	0.0015039810270534144	within_fixture_tolerance	SYNTHETIC_TEACHING_FIXTURE
185	1.85	TONGUE	-1.549934	16.504651	-4.050335047598983	14.89983862573964	-7.768685232901928	13.343835086949587	-0.003007789597582189	0.01980708219133914	within_fixture_tolerance	SYNTHETIC_TEACHING_FIXTURE
185	1.85	STATIONARY	-0.133655	-16.578989	-0.027890635482651804	-17.96888545515623	4.623749489890201	-17.363829158604688	-0.003007789597582189	0.041785194129753296	within_fixture_tolerance	SYNTHETIC_TEACHING_FIXTURE
186	1.86	REF_A	-18.534479	2.946597	-20.001787181208368	-4.826933632795516e-07	-19.320242685555204	-5.176843924779756	0.003574363038509887	0.001787181273552086	within_fixture_tolerance	SYNTHETIC_TEACHING_FIXTURE
186	1.86	REF_B	21.340877	-0.253707	20.001787180123227	1.3734483106375706e-08	19.32024280588253	5.1768434715194065	0.003574363038509887	0.0017871801232795363	within_fixture_tolerance	SYNTHETIC_TEACHING_FIXTURE
186	1.86	TONGUE	-1.269868	16.468163	-3.8742438069242953	14.859403433454284	-7.5881287578933065	13.350353457191652	0.003574363038509887	0.03758657947542657	within_fixture_tolerance	SYNTHETIC_TEACHING_FIXTURE
186	1.86	STATIONARY	-0.026498	-16.590292	0.00983270215207388	-17.993623299590755	4.666590061240194	-17.37796056320638	0.003574363038509887	0.011719400143380233	within_fixture_tolerance	SYNTHETIC_TEACHING_FIXTURE
187	1.87	REF_A	-18.441094	2.98301	-19.978500069750616	-3.70840986807508e-07	-19.297749092127763	-5.1708166687880235	-0.0429998140493808	0.0214999302525819	within_fixture_tolerance	SYNTHETIC_TEACHING_FIXTURE
187	1.87	REF_B	21.389043	-0.198507	19.978500117651553	1.7363769710954102e-07	19.29774918943648	5.170816490701948	-0.0429998140493808	0.0214998823491483	within_fixture_tolerance	SYNTHETIC_TEACHING_FIXTURE
187	1.87	TONGUE	-1.006536	16.408263	-3.668262765297834	14.770828647091276	-7.366241508431722	13.318108599987081	-0.0429998140493808	0.02365079032388214	within_fixture_tolerance	SYNTHETIC_TEACHING_FIXTURE
187	1.87	STATIONARY	0.05342	-16.550033	0.012583866632809304	-17.998427525375632	4.670490907194623	-17.381889035203553	-0.0429998140493808	0.012681733945979618	within_fixture_tolerance	SYNTHETIC_TEACHING_FIXTURE
188	1.88	REF_A	-18.366023	2.976169	-19.977569077077767	-2.2474695438035042e-08	-19.29684991242479	-5.170575373657445	-0.044861981161673725	0.02243092292224407	within_fixture_tolerance	SYNTHETIC_TEACHING_FIXTURE
188	1.88	REF_B	21.467439	-0.139655	19.977568940291995	4.999938161276418e-07	19.29684965670884	5.170575799502733	-0.044861981161673725	0.022431059713577346	within_fixture_tolerance	SYNTHETIC_TEACHING_FIXTURE
188	1.88	TONGUE	-0.668266	16.314181	-3.3738465461448355	14.677519012528501	-7.057706968154072	13.304178938823412	-0.044861981161673725	0.05278058639189848	within_fixture_tolerance	SYNTHETIC_TEACHING_FIXTURE
188	1.88	STATIONARY	0.159769	-16.524714	0.012544833211305617	-17.996798426841963	4.6700315620778445	-17.380325549449175	-0.044861981161673725	0.012946926700408135	within_fixture_tolerance	SYNTHETIC_TEACHING_FIXTURE
189	1.89	REF_A	-18.326098	3.010029	-19.998024863718484	-3.813783686634764e-07	-19.316608592147237	-5.1758700674968905	-0.003950882401980493	0.001975136318335795	within_fixture_tolerance	SYNTHETIC_TEACHING_FIXTURE
189	1.89	REF_B	21.54855	-0.103874	19.998024254476235	2.1934330374229205e-07	19.316608045602173	5.17586975329954	-0.003950882401980493	0.0019757455359407533	within_fixture_tolerance	SYNTHETIC_TEACHING_FIXTURE
189	1.89	TONGUE	-0.423551	16.277613	-3.1827694479279547	14.621119945081157	-6.858543511390673	13.29915601509776	-0.003950882401980493	0.005066697848315456	within_fixture_tolerance	SYNTHETIC_TEACHING_FIXTURE
189	1.89	STATIONARY	0.224816	-16.499033	0.015464493492354459	-18.00555935980705	4.675119233651541	-17.38803229717668	-0.003950882401980493	0.01643341231878924	within_fixture_tolerance	SYNTHETIC_TEACHING_FIXTURE
190	1.9	REF_A	-18.241252	3.045272	-19.97987073393138	5.255033406204035e-07	-19.299073284050127	-5.171170556980307	-0.04025785520295955	0.020129266075478044	within_fixture_tolerance	SYNTHETIC_TEACHING_FIXTURE
190	1.9	REF_B	21.597286	-0.064693	19.979871411383918	-1.5028841726660858e-07	19.299073841306264	5.17117109474771	-0.04025785520295955	0.020128588616642858	within_fixture_tolerance	SYNTHETIC_TEACHING_FIXTURE
190	1.9	TONGUE	-0.135232	16.190818	-2.9518532561137514	14.514819183228255	-6.60798293633032	13.256242872132155	-0.04025785520295955	0.02078030048908513	within_fixture_tolerance	SYNTHETIC_TEACHING_FIXTURE
190	1.9	STATIONARY	0.273548	-16.511522	0.0008261666986304483	-18.05651525086955	4.6741680508146795	-17.44104058611869	-0.04025785520295955	0.05652128919497423	within_fixture_tolerance	SYNTHETIC_TEACHING_FIXTURE
191	1.91	REF_A	-18.186365	3.055458	-19.984556954505024	1.7933320761720495e-07	-19.303599735934526	-5.172383774488977	-0.03088612490618914	0.015443045496017363	within_fixture_tolerance	SYNTHETIC_TEACHING_FIXTURE
191	1.91	REF_B	21.665719	-0.000923	19.984556919658473	-1.1905755736840717e-07	19.303599686674858	5.172383823691833	-0.03088612490618914	0.015443080341985571	within_fixture_tolerance	SYNTHETIC_TEACHING_FIXTURE
191	1.91	TONGUE	0.144138	16.125596	-2.707180470340342	14.433575944641404	-6.350619876127135	13.241093906544695	-0.03088612490618914	0.0281023332774148	within_fixture_tolerance	SYNTHETIC_TEACHING_FIXTURE
191	1.91	STATIONARY	0.32481	-16.40219	-0.03968442626566193	-17.985152735536204	4.616567844757232	-17.382594602515933	-0.03088612490618914	0.04237092104371423	within_fixture_tolerance	SYNTHETIC_TEACHING_FIXTURE
192	1.92	REF_A	-18.149148	3.024585	-20.020065759999184	4.838915794724841e-07	-19.337898687047904	-5.1815738354388206	0.040130941022120226	0.020065760005018845	within_fixture_tolerance	SYNTHETIC_TEACHING_FIXTURE
192	1.92	REF_B	21.781131	0.060651	20.02006518024705	-3.9119350891958504e-07	19.337898103058322	5.181573774927387	0.040130941022120226	0.02006518025086511	within_fixture_tolerance	SYNTHETIC_TEACHING_FIXTURE
192	1.92	TONGUE	0.492311	15.997317	-2.3900447457292993	14.317057730718446	-6.0141331564186675	13.210626719893089	0.040130941022120226	0.023682209805283412	within_fixture_tolerance	SYNTHETIC_TEACHING_FIXTURE
192	1.92	STATIONARY	0.456682	-16.435979	-0.02473168850417884	-18.029893484965083	4.6425908383791805	-17.421940794568247	0.040130941022120226	0.03879789761862565	within_fixture_tolerance	SYNTHETIC_TEACHING_FIXTURE
193	1.93	REF_A	-18.115829	3.079542	-20.039119904891155	1.5165209465983764e-07	-19.35630349170722	-5.186505731943656	0.07823950084470255	0.03911990489144919	within_fixture_tolerance	SYNTHETIC_TEACHING_FIXTURE
193	1.93	REF_B	21.848886	0.065104	20.03911959685572	-2.051279435200115e-08	19.356303160226485	5.186505778889056	0.07823950084470255	0.03911959685572524	within_fixture_tolerance	SYNTHETIC_TEACHING_FIXTURE
193	1.93	TONGUE	0.819181	15.933226	-2.124519461040196	14.241449763005237	-5.7380866443963185	13.206318031837982	0.07823950084470255	0.021880919826676004	within_fixture_tolerance	SYNTHETIC_TEACHING_FIXTURE
193	1.93	STATIONARY	0.471152	-16.348419	-0.04353653644429878	-17.974931756422542	4.610201607995749	-17.37371889429803	0.07823950084470255	0.05023790244053301	within_fixture_tolerance	SYNTHETIC_TEACHING_FIXTURE
194	1.94	REF_A	-18.013465	3.102742	-20.017655992695293	3.541377759930242e-07	-19.33557099699095	-5.180950267098864	0.03531201083594482	0.017655992698844197	within_fixture_tolerance	SYNTHETIC_TEACHING_FIXTURE
194	1.94	REF_B	21.910467	0.118473	20.017656018242977	3.117587599188454e-07	19.33557084932141	5.1809509169177534	0.03531201083594482	0.017656018245729887	within_fixture_tolerance	SYNTHETIC_TEACHING_FIXTURE
194	1.94	TONGUE	1.122506	15.797721	-1.8812175137119083	14.086074229566247	-5.46286086268626	13.119207968992601	0.03531201083594482	0.04325392671577302	within_fixture_tolerance	SYNTHETIC_TEACHING_FIXTURE
194	1.94	STATIONARY	0.580382	-16.325089	-0.027369516095075763	-17.98777911446593	4.629142891426229	-17.381944156462964	0.03531201083594482	0.02997399630538873	within_fixture_tolerance	SYNTHETIC_TEACHING_FIXTURE
195	1.95	REF_A	-17.947385	3.101669	-20.01044939125463	-2.663759903764884e-07	-19.32860979393878	-5.179085660765848	0.020899224117414406	0.010449391258026965	within_fixture_tolerance	SYNTHETIC_TEACHING_FIXTURE
195	1.95	REF_B	21.960916	0.101688	20.01044983268773	1.5238996864397336e-07	19.328610249832163	5.179085664915099	0.020899224117414406	0.010449832688840961	within_fixture_tolerance	SYNTHETIC_TEACHING_FIXTURE
195	1.95	TONGUE	1.476141	15.658631	-1.5828457363473156	13.977627589418667	-5.1465878012434665	13.091680857000885	0.020899224117414406	0.03786100189083848	within_fixture_tolerance	SYNTHETIC_TEACHING_FIXTURE
195	1.95	STATIONARY	0.654807	-16.294643	-0.00663967936175025	-17.947313809362576	4.638693184475399	-17.337492396646127	0.020899224117414406	0.05310291918444596	within_fixture_tolerance	SYNTHETIC_TEACHING_FIXTURE
196	1.96	REF_A	-17.884828	3.073204	-19.98702558905912	3.4439312845968573e-07	-19.305984296526674	-5.173022544691328	-0.025948480306418276	0.012974410945451932	within_fixture_tolerance	SYNTHETIC_TEACHING_FIXTURE
196	1.96	REF_B	21.984906	0.187185	19.987025931751834	-2.2891790463219763e-08	19.30598454433175	5.173022943933175	-0.025948480306418276	0.012974068248186244	within_fixture_tolerance	SYNTHETIC_TEACHING_FIXTURE
196	1.96	TONGUE	1.796092	15.502426	-1.254821795427647	13.817695978464434	-4.788347658235974	13.022097626697194	-0.025948480306418276	0.026794358394788338	within_fixture_tolerance	SYNTHETIC_TEACHING_FIXTURE
196	1.96	STATIONARY	0.732906	-16.321432	-0.017636614944186002	-17.999872680385554	4.641674197195869	-17.391106583934864	-0.025948480306418276	0.01763707450156368	within_fixture_tolerance	SYNTHETIC_TEACHING_FIXTURE
197	1.97	REF_A	-17.872075	3.128461	-20.000715205400187	4.454922912788817e-07	-19.319207476669042	-5.176565580466217	0.0014303360260399245	0.0007152055389328123	within_fixture_tolerance	SYNTHETIC_TEACHING_FIXTURE
197	1.97	REF_B	22.026255	0.258323	20.000715131068468	-4.0488685737471997e-07	19.319207394360653	5.17656560044959	0.0014303360260399245	0.0007151311830853543	within_fixture_tolerance	SYNTHETIC_TEACHING_FIXTURE
197	1.97	TONGUE	2.127724	15.388304	-0.9321182980603249	13.663247586000917	-4.436665830436906	12.956433746625207	0.0014303360260399245	0.039663552491049775	within_fixture_tolerance	SYNTHETIC_TEACHING_FIXTURE
197	1.97	STATIONARY	0.816408	-16.279942	0.03216949043754269	-18.017464266032306	4.694336238090386	-17.39520798220158	0.0014303360260399245	0.0366043262888187	within_fixture_tolerance	SYNTHETIC_TEACHING_FIXTURE
198	1.98	REF_A	-17.80879	3.121133	-20.013381183992223	-1.4770959633203518e-07	-19.331441718974506	-5.179844349939688	0.026762411473519876	0.013381183993038354	within_fixture_tolerance	SYNTHETIC_TEACHING_FIXTURE
198	1.98	REF_B	22.119928	0.321278	20.013381226607628	4.4245330066416955e-08	19.331441786916347	5.179844261030559	0.026762411473519876	0.013381226607700789	within_fixture_tolerance	SYNTHETIC_TEACHING_FIXTURE
198	1.98	TONGUE	2.489623	15.208342	-0.6101837586816521	13.47746702451185	-4.077617396950309	12.860306294325095	0.026762411473519876	0.08146574942095039	within_fixture_tolerance	SYNTHETIC_TEACHING_FIXTURE
198	1.98	STATIONARY	0.871475	-16.258357	-0.023285793777694686	-18.0253439554937	4.642809960564165	-17.4171720614619	0.026762411473519876	0.034417208950232314	within_fixture_tolerance	SYNTHETIC_TEACHING_FIXTURE
199	1.99	REF_A	-17.756223	3.147744	-20.01219895058492	-3.7984458733930637e-07	-19.33029970911272	-5.1795385896433075	0.024397963904206676	0.012198950590834411	within_fixture_tolerance	SYNTHETIC_TEACHING_FIXTURE
199	1.99	REF_B	22.165165	0.278038	20.012199012654495	2.3375182367502134e-07	19.330299806878912	5.179538464593322	0.024397963904206676	0.012199012656734601	within_fixture_tolerance	SYNTHETIC_TEACHING_FIXTURE
199	1.99	TONGUE	2.844883	15.051621	-0.31760888801713816	13.35031715581596	-3.7621029656486127	12.813212900986729	0.024397963904206676	0.05603922278869772	within_fixture_tolerance	SYNTHETIC_TEACHING_FIXTURE
199	1.99	STATIONARY	0.950448	-16.258995	0.037769528459917545	-18.015544292852994	4.699248533819573	-17.391904034028403	0.024397963904206676	0.040843142880833135	within_fixture_tolerance	SYNTHETIC_TEACHING_FIXTURE
200	2.0	REF_A	-17.746735	3.045663	-19.99474648405899	1.592730214383664e-08	-19.31344202339599	-5.175021176636137	-0.010507164831096816	0.0052535159410346775	within_fixture_tolerance	SYNTHETIC_TEACHING_FIXTURE
200	2.0	REF_B	22.150497	0.330812	19.99474635215053	-9.441754622585563e-08	19.31344191629697	5.175021066679962	-0.010507164831096816	0.005253647850320004	within_fixture_tolerance	SYNTHETIC_TEACHING_FIXTURE
200	2.0	TONGUE	3.138173	14.906693	0.036742672430707835	13.251522835317616	-3.3942557901296477	12.809497847830425	-0.010507164831096816	0.03677421657567806	within_fixture_tolerance	SYNTHETIC_TEACHING_FIXTURE
200	2.0	STATIONARY	1.03551	-16.220812	0.05214924705038637	-17.946914976609914	4.695375701285133	-17.321891459993513	-0.010507164831096816	0.07441480817853512	within_fixture_tolerance	SYNTHETIC_TEACHING_FIXTURE
201	2.01	REF_A	-17.695036	3.073687	-20.00088472160059	3.644079797915367e-07	-19.31937119575882	-5.176609532808764	0.0017693878468350022	0.0008847216756362767	within_fixture_tolerance	SYNTHETIC_TEACHING_FIXTURE
201	2.01	REF_B	22.215156	0.368483	20.000884667893985	-2.7861997087264e-07	19.319371121678653	5.176609601773326	0.0017693878468350022	0.000884667937859375	within_fixture_tolerance	SYNTHETIC_TEACHING_FIXTURE
201	2.01	TONGUE	3.460211	14.760593	0.3155794150270328	13.090818998744464	-3.0833269656087228	12.726438121156498	0.0017693878468350022	0.002464776904641099	within_fixture_tolerance	SYNTHETIC_TEACHING_FIXTURE
201	2.01	STATIONARY	1.0718	-16.222174	0.027910731289955137	-17.98253944364408	4.681183383460932	-17.36257544225374	0.0017693878468350022	0.03292233207715363	within_fixture_tolerance	SYNTHETIC_TEACHING_FIXTURE
202	2.02	REF_A	-17.635271	3.11758	-19.996238557292276	-4.502030062081275e-07	-19.31488313482335	-5.1754078038529	-0.007523038771559243	0.003761442734665872	within_fixture_tolerance	SYNTHETIC_TEACHING_FIXTURE
202	2.02	REF_B	22.266671	0.428112	19.996238402999627	-1.650001613118235e-07	19.31488314501439	5.175407169678395	-0.007523038771559243	0.0037615970039923	within_fixture_tolerance	SYNTHETIC_TEACHING_FIXTURE
202	2.02	TONGUE	3.845064	14.600599	0.6632436315395758	12.901561964021848	-2.6985257949935377	12.633611984042185	-0.007523038771559243	0.04269225889123471	within_fixture_tolerance	SYNTHETIC_TEACHING_FIXTURE
202	2.02	STATIONARY	1.126161	-16.181808	0.020592704142372575	-17.99400428710629	4.677082031878628	-17.37554367544673	-0.007523038771559243	0.021447797952216387	within_fixture_tolerance	SYNTHETIC_TEACHING_FIXTURE
203	2.03	REF_A	-17.587645	3.059445	-20.00648459437231	2.5038820572476084e-08	-19.324780169657817	-5.178059214337658	0.012969159386621243	0.0064845943723583115	within_fixture_tolerance	SYNTHETIC_TEACHING_FIXTURE
203	2.03	REF_B	22.34235	0.483945	20.006484565654546	3.2280118045235895e-07	19.324780051890972	5.178059542892594	0.012969159386621243	0.006484565662580313	within_fixture_tolerance	SYNTHETIC_TEACHING_FIXTURE
203	2.03	TONGUE	4.111558	14.450676	0.9145059157700675	12.764313975436746	-2.420302672132683	12.566072071734288	0.012969159386621243	0.024542386968971767	within_fixture_tolerance	SYNTHETIC_TEACHING_FIXTURE
203	2.03	STATIONARY	1.149493	-16.137338	-0.07256908184226507	-17.950928372748166	4.575945789750854	-17.358047581765085	0.012969159386621243	0.08760306068039127	within_fixture_tolerance	SYNTHETIC_TEACHING_FIXTURE
204	2.04	REF_A	-17.584228	3.086827	-20.010735920171342	-3.4291363193439395e-07	-19.328886539810018	-5.179159893836149	0.02147203155582389	0.010735920176818637	within_fixture_tolerance	SYNTHETIC_TEACHING_FIXTURE
204	2.04	REF_B	22.351614	0.470198	20.01073611096037	-1.9557076269549611e-07	19.32888686346808	5.17915942308	0.02147203155582389	0.01073611096215069	within_fixture_tolerance	SYNTHETIC_TEACHING_FIXTURE
204	2.04	TONGUE	4.449969	14.245845	1.2467330041548839	12.575751526358784	-2.0505923942532602	12.469921430071617	0.02147203155582389	0.0066716889452905406	within_fixture_tolerance	SYNTHETIC_TEACHING_FIXTURE
204	2.04	STATIONARY	1.227145	-16.230876	0.023391855853032162	-18.046471676109427	4.693365364328368	-17.425498807750543	0.02147203155582389	0.052026873831400686	within_fixture_tolerance	SYNTHETIC_TEACHING_FIXTURE
205	2.05	REF_A	-17.576961	3.033702	-20.013449883049446	-7.597764128952633e-08	-19.331508095733714	-5.17986206127633	0.026899076627721286	0.013449883049661096	within_fixture_tolerance	SYNTHETIC_TEACHING_FIXTURE
205	2.05	REF_B	22.371874	0.535056	20.013449194974214	-1.7576210753489363e-07	19.331507496259118	5.17986164002743	0.026899076627721286	0.013449194975362634	within_fixture_tolerance	SYNTHETIC_TEACHING_FIXTURE
205	2.05	TONGUE	4.732574	14.053153	1.5646949812681137	12.390613973186234	-1.6955475840539118	12.373386901338815	0.026899076627721286	0.024843634845111828	within_fixture_tolerance	SYNTHETIC_TEACHING_FIXTURE
205	2.05	STATIONARY	1.269752	-16.173737	-0.004485030284598679	-17.99348860417636	4.652725331967025	-17.38153615926419	0.026899076627721286	0.007906565134487092	within_fixture_tolerance	SYNTHETIC_TEACHING_FIXTURE
206	2.06	REF_A	-17.525847	3.05742	-20.044013025419527	3.5820315158474614e-07	-19.361029936656116	-5.1877719652133685	0.08802610108200781	0.044013025420985084	within_fixture_tolerance	SYNTHETIC_TEACHING_FIXTURE
206	2.06	REF_B	22.481861	0.521057	20.044013077383585	-1.0113434534275711e-08	19.361029896757298	5.187772314891504	0.08802610108200781	0.044013077383586556	within_fixture_tolerance	SYNTHETIC_TEACHING_FIXTURE
206	2.06	TONGUE	5.076812	13.881161	1.8285443171047713	12.2321219426739	-1.3996679403240198	12.288584588955736	0.08802610108200781	0.012865762063044246	within_fixture_tolerance	SYNTHETIC_TEACHING_FIXTURE
206	2.06	STATIONARY	1.302062	-16.139506	-0.03924028511571809	-17.967225160296827	4.612356854260071	-17.365162942400964	0.08802610108200781	0.05112719524413115	within_fixture_tolerance	SYNTHETIC_TEACHING_FIXTURE
207	2.07	REF_A	-17.562456	2.993469	-20.03785322791612	3.5057399117022214e-07	-19.35508002718823	-5.18617769967473	0.07570628981887495	0.037853227917743294	within_fixture_tolerance	SYNTHETIC_TEACHING_FIXTURE
207	2.07	REF_B	22.440702	0.583161	20.037853063623718	2.431960424154056e-07	19.35507971481496	5.186178230690538	0.07570628981887495	0.03785306362449922	within_fixture_tolerance	SYNTHETIC_TEACHING_FIXTURE
207	2.07	TONGUE	5.320975	13.69383	2.1605912624509718	12.057288691033497	-1.0336850450288035	12.20564870922314	0.07570628981887495	0.033166209460259916	within_fixture_tolerance	SYNTHETIC_TEACHING_FIXTURE
207	2.07	STATIONARY	1.33935	-16.146298	-0.01912523033993141	-17.96829061704816	4.632062265664419	-17.36098593532468	0.07570628981887495	0.037030519882142836	within_fixture_tolerance	SYNTHETIC_TEACHING_FIXTURE
208	2.08	REF_A	-17.483905	2.97797	-20.001030703601497	2.3180136543565766e-07	-19.319512169222556	-5.176647443818995	0.002061712968910001	0.001030703627562779	within_fixture_tolerance	SYNTHETIC_TEACHING_FIXTURE
208	2.08	REF_B	22.448597	0.619957	20.00103100826607	7.997992046426816e-08	19.319512382811002	5.176647823829586	0.002061712968910001	0.001031008269173809	within_fixture_tolerance	SYNTHETIC_TEACHING_FIXTURE
208	2.08	TONGUE	5.630362	13.504679	2.452521934740425	11.870927541816272	-0.7034678544911581	12.101194880012633	0.002061712968910001	0.04404756788025166	within_fixture_tolerance	SYNTHETIC_TEACHING_FIXTURE
208	2.08	STATIONARY	1.385061	-16.177494	-0.035713449697030164	-18.009879997550158	4.626803399922895	-17.405451539145293	0.002061712968910001	0.03705488956741644	within_fixture_tolerance	SYNTHETIC_TEACHING_FIXTURE
209	2.09	REF_A	-17.462876	2.999277	-20.006631146158586	-8.850995714126952e-08	-19.324921698424486	-5.178097254410737	0.013262311634690604	0.006631146159176875	within_fixture_tolerance	SYNTHETIC_TEACHING_FIXTURE
209	2.09	REF_B	22.480005	0.627059	20.00663116636482	-2.7428416493613383e-07	19.324921811840237	5.178096909208283	0.013262311634690604	0.006631166370491899	within_fixture_tolerance	SYNTHETIC_TEACHING_FIXTURE
209	2.09	TONGUE	5.877747	13.291728	2.6827408061629003	11.65811425531267	-0.42601336928509514	11.955218058864586	0.013262311634690604	0.025319954531349952	within_fixture_tolerance	SYNTHETIC_TEACHING_FIXTURE
209	2.09	STATIONARY	1.409005	-16.143016	-0.0330788900017267	-17.989788416299668	4.624148105299716	-17.385362687699637	0.013262311634690604	0.03461920573056567	within_fixture_tolerance	SYNTHETIC_TEACHING_FIXTURE
210	2.1	REF_A	-17.485809	2.954584	-19.975432857418085	-5.012228170286903e-07	-19.294786358775724	-5.170022941760176	-0.049134599524357725	0.024567142587028405	within_fixture_tolerance	SYNTHETIC_TEACHING_FIXTURE
210	2.1	REF_B	22.400882	0.691063	19.975432544990603	-2.6682435372293867e-08	19.29478619362588	5.170022350980677	-0.049134599524357725	0.0245674550094111	within_fixture_tolerance	SYNTHETIC_TEACHING_FIXTURE
210	2.1	TONGUE	6.055565	13.113674	2.9525358439773943	11.47656913989482	-0.11842404103747306	11.849687037303736	-0.049134599524357725	0.02709673519739056	within_fixture_tolerance	SYNTHETIC_TEACHING_FIXTURE
210	2.1	STATIONARY	1.482871	-16.183723	0.04710828691769153	-18.032844479982636	4.7127466997124605	-17.40619768303029	-0.049134599524357725	0.057427785623766714	within_fixture_tolerance	SYNTHETIC_TEACHING_FIXTURE
211	2.11	REF_A	-17.459605	2.908687	-19.98585507382672	-2.5475993159496113e-07	-19.3048535105614	-5.172720171794018	-0.02829062143860739	0.014144926175574427	within_fixture_tolerance	SYNTHETIC_TEACHING_FIXTURE
211	2.11	REF_B	22.449753	0.67694	19.985854305981363	3.267637453951977e-07	19.304852750243782	5.172720042611361	-0.02829062143860739	0.014145694022411401	within_fixture_tolerance	SYNTHETIC_TEACHING_FIXTURE
211	2.11	TONGUE	6.315972	12.952414	3.1918614756382206	11.355525683199565	0.14407511935674977	11.794710067831573	-0.02829062143860739	0.03899104863564537	within_fixture_tolerance	SYNTHETIC_TEACHING_FIXTURE
211	2.11	STATIONARY	1.460805	-16.13142	-0.03188911291491481	-17.954020183880715	4.6160398419558195	-17.35050529127558	-0.02829062143860739	0.0559558666527778	within_fixture_tolerance	SYNTHETIC_TEACHING_FIXTURE
212	2.12	REF_A	-17.446727	2.840688	-19.980426888706187	-1.9870227330187618e-07	-19.29961030087233	-5.171315199956956	-0.03914644754091512	0.019573111294821265	within_fixture_tolerance	SYNTHETIC_TEACHING_FIXTURE
212	2.12	REF_B	22.459394	0.749917	19.980426665132732	3.3254602271881595e-07	19.299610050275646	5.171315271375023	-0.03914644754091512	0.01957333487009247	within_fixture_tolerance	SYNTHETIC_TEACHING_FIXTURE
212	2.12	TONGUE	6.50964	12.732915	3.4255619692627093	11.13208677927474	0.42764270551971517	11.63937079852971	-0.03914644754091512	0.0034989972899275054	within_fixture_tolerance	SYNTHETIC_TEACHING_FIXTURE
212	2.12	STATIONARY	1.568093	-16.167594	0.0028720419254204543	-17.987382668724507	4.658251385637546	-17.373734128113394	-0.03914644754091512	0.012940080113233632	within_fixture_tolerance	SYNTHETIC_TEACHING_FIXTURE
213	2.13	REF_A	-17.506792	2.823041	-20.038955437822544	2.3709089358447955e-07	-19.356144650831258	-5.1864630822064655	0.0779106441578179	0.03895543782326556	within_fixture_tolerance	SYNTHETIC_TEACHING_FIXTURE
213	2.13	REF_B	22.519041	0.780588	20.038955207016752	2.843514264050384e-07	19.35614429293078	5.186463526144134	0.0779106441578179	0.038955207017789616	within_fixture_tolerance	SYNTHETIC_TEACHING_FIXTURE
213	2.13	TONGUE	6.68984	12.51134	3.6324994980618714	10.908820471118092	0.6853145816976318	11.477271478937702	0.0779106441578179	0.04536991496827999	within_fixture_tolerance	SYNTHETIC_TEACHING_FIXTURE
213	2.13	STATIONARY	1.550102	-16.179436	-0.038418711233936254	-18.006606098800823	4.6233429705894435	-17.402989368998345	0.0779106441578179	0.03898253345080098	within_fixture_tolerance	SYNTHETIC_TEACHING_FIXTURE
214	2.14	REF_A	-17.473908	2.813939	-20.00460529026729	-1.4525861624647973e-08	-19.322964891047214	-5.177572852860293	0.009210956822556682	0.004605290267311973	within_fixture_tolerance	SYNTHETIC_TEACHING_FIXTURE
214	2.14	REF_B	22.483441	0.777466	20.00460566648503	2.765825104500408e-07	19.322965186620394	5.177573203359894	0.009210956822556682	0.0046056664933352255	within_fixture_tolerance	SYNTHETIC_TEACHING_FIXTURE
214	2.14	TONGUE	6.856175	12.368263	3.807623665183639	10.78034311798392	0.8877239233849861	11.398497355159128	0.009210956822556682	0.04565479723452344	within_fixture_tolerance	SYNTHETIC_TEACHING_FIXTURE
214	2.14	STATIONARY	1.601135	-16.168495	0.01191967332883559	-17.98690620751513	4.666867409241709	-17.370932202605776	0.009210956822556682	0.01770666580423874	within_fixture_tolerance	SYNTHETIC_TEACHING_FIXTURE
215	2.15	REF_A	-17.511432	2.768206	-20.01262617623311	-2.4893112882118373e-07	-19.330712411282857	-5.179649037324924	0.025252100716741666	0.01262617623556292	within_fixture_tolerance	SYNTHETIC_TEACHING_FIXTURE
215	2.15	REF_B	22.466845	0.829605	20.012625922791443	-1.1704694635739088e-07	19.330712261199103	5.179648618221719	0.025252100716741666	0.01262592279198568	within_fixture_tolerance	SYNTHETIC_TEACHING_FIXTURE
215	2.15	TONGUE	7.113481	12.164827	4.128265935584909	10.578286685257837	1.2497366263435183	11.286314154662907	0.025252100716741666	0.08467687840070874	within_fixture_tolerance	SYNTHETIC_TEACHING_FIXTURE
215	2.15	STATIONARY	1.617646	-16.20826	0.01311595599441695	-18.027688369468862	4.678578129777928	-17.41001512535206	0.025252100716741666	0.030637788847952086	within_fixture_tolerance	SYNTHETIC_TEACHING_FIXTURE
216	2.16	REF_A	-17.532734	2.718974	-19.99804505159262	2.3149390915300216e-07	-19.31662825075926	-5.175874700514036	-0.0039102119629035315	0.0019549484210867395	within_fixture_tolerance	SYNTHETIC_TEACHING_FIXTURE
216	2.16	REF_B	22.418491	0.825084	19.99804473529286	7.550537239886523e-08	19.316627865779896	5.175874915188169	-0.0039102119629035315	0.0019552647085964566	within_fixture_tolerance	SYNTHETIC_TEACHING_FIXTURE
216	2.16	TONGUE	7.149266	11.979095	4.217784336216108	10.418472862122677	1.3775676225398867	11.155114922467163	-0.0039102119629035315	0.0038557954314608765	within_fixture_tolerance	SYNTHETIC_TEACHING_FIXTURE
216	2.16	STATIONARY	1.63326	-16.181251	0.04141098496243334	-17.971478082098272	4.69136073611199	-17.348396864698486	-0.0039102119629035315	0.05028289447070212	within_fixture_tolerance	SYNTHETIC_TEACHING_FIXTURE
217	2.17	REF_A	-17.436114	2.653738	-19.980161120996698	-2.80614437686566e-07	-19.29935356777751	-5.171246493333243	-0.03967839613513746	0.019838879005286768	within_fixture_tolerance	SYNTHETIC_TEACHING_FIXTURE
217	2.17	REF_B	22.484316	0.868641	19.980160481631355	2.7254492152017917e-07	19.299352952286558	5.171246320058762	-0.03967839613513746	0.0198395183705171	within_fixture_tolerance	SYNTHETIC_TEACHING_FIXTURE
217	2.17	TONGUE	7.27011	11.789192	4.2933023949882205	10.230004265791703	1.499291727993631	10.99261374968377	-0.03967839613513746	0.08961792552108737	within_fixture_tolerance	SYNTHETIC_TEACHING_FIXTURE
217	2.17	STATIONARY	1.671354	-16.25662	-0.04700893179820609	-18.037916369140387	4.623149148963911	-17.435456080431408	-0.03967839613513746	0.060394459328637635	within_fixture_tolerance	SYNTHETIC_TEACHING_FIXTURE
218	2.18	REF_A	-17.523331	2.609959	-20.00453156199585	-6.866825619233907e-08	-19.32289366099262	-5.1775538228770195	0.009062824938716574	0.0045315619963710845	within_fixture_tolerance	SYNTHETIC_TEACHING_FIXTURE
218	2.18	REF_B	22.448526	0.884921	20.00453126400402	-1.6242070199901093e-07	19.322893432964836	5.1775535225362646	0.009062824938716574	0.00453126400692965	within_fixture_tolerance	SYNTHETIC_TEACHING_FIXTURE
218	2.18	TONGUE	7.430427	11.595978	4.538578268144974	10.053573211210113	1.781873745516815	10.885676504778566	0.009062824938716574	0.02703100338264449	within_fixture_tolerance	SYNTHETIC_TEACHING_FIXTURE
218	2.18	STATIONARY	1.643316	-16.244912	-0.04275830475353137	-18.01094468892736	4.620274154886854	-17.40830329470216	0.009062824938716574	0.04413681956272493	within_fixture_tolerance	SYNTHETIC_TEACHING_FIXTURE
219	2.19	REF_A	-17.518455	2.575196	-19.99391558511221	3.449097460972439e-07	-19.31263952179117	-5.174805806391517	-0.012168904315274176	0.006084414897567233	within_fixture_tolerance	SYNTHETIC_TEACHING_FIXTURE
219	2.19	REF_B	22.434922	0.915587	19.993915512159887	2.725796020008886e-07	19.312639291506635	5.174806383958976	-0.012168904315274176	0.00608448784621839	within_fixture_tolerance	SYNTHETIC_TEACHING_FIXTURE
219	2.19	TONGUE	7.523498	11.45672	4.657852355452533	9.913184297474084	1.9334189914513327	10.78094163265685	-0.012168904315274176	0.009224714508687348	within_fixture_tolerance	SYNTHETIC_TEACHING_FIXTURE
219	2.19	STATIONARY	1.677543	-16.271027	-0.03228518036818784	-18.033295865810743	4.636175326470527	-17.427182229649393	-0.012168904315274176	0.046378309062463915	within_fixture_tolerance	SYNTHETIC_TEACHING_FIXTURE
220	2.2	REF_A	-17.601765	2.534502	-20.003804867473143	-4.745555464147344e-07	-19.322191622933946	-5.1773661325515885	0.007610091181049938	0.003804867502736854	within_fixture_tolerance	SYNTHETIC_TEACHING_FIXTURE
220	2.2	REF_B	22.373121	0.916678	20.003805225321386	-3.983876339930248e-07	19.322192194523122	5.177365381971167	0.007610091181049938	0.0038052253422408483	within_fixture_tolerance	SYNTHETIC_TEACHING_FIXTURE
220	2.2	TONGUE	7.540965	11.305413	4.763682423014723	9.780455802916215	2.0699956491277542	10.6801265889068	0.007610091181049938	0.031592819409663235	within_fixture_tolerance	SYNTHETIC_TEACHING_FIXTURE
220	2.2	STATIONARY	1.66838	-16.281706	0.011466278436554678	-18.0215734590237	4.675402008337432	-17.404535543397817	0.007610091181049938	0.024431325699433987	within_fixture_tolerance	SYNTHETIC_TEACHING_FIXTURE
221	2.21	REF_A	-17.606871	2.493255	-20.004125581891323	1.1730007543064858e-07	-19.32250156245684	-5.177448567862421	0.008250551968217223	0.0041255818929903975	within_fixture_tolerance	SYNTHETIC_TEACHING_FIXTURE
221	2.21	REF_B	22.371401	0.944746	20.00412497109159	3.0492215374877674e-07	19.322500863190445	5.1774488176111735	0.008250551968217223	0.004124971102858573	within_fixture_tolerance	SYNTHETIC_TEACHING_FIXTURE
221	2.21	TONGUE	7.623455	11.127647	4.873103145857067	9.604455653107484	2.221240141964542	10.538443665774086	0.008250551968217223	0.03202493724385543	within_fixture_tolerance	SYNTHETIC_TEACHING_FIXTURE
221	2.21	STATIONARY	1.6795	-16.269989	-0.005979442188509321	-18.002710310993557	4.653668594266527	-17.39083042630344	0.008250551968217223	0.006565022053848662	within_fixture_tolerance	SYNTHETIC_TEACHING_FIXTURE
222	2.22	REF_A	-17.639481	2.440102	-19.996572539091616	-9.486557095428338e-09	-19.315205850534657	-5.175493819003885	-0.006855818080197196	0.0034274609083968788	within_fixture_tolerance	SYNTHETIC_TEACHING_FIXTURE
222	2.22	REF_B	22.325484	0.939051	19.996571641204426	-6.687386933101891e-08	19.315205003005765	5.175493512855072	-0.006855818080197196	0.0034283587962263508	within_fixture_tolerance	SYNTHETIC_TEACHING_FIXTURE
222	2.22	TONGUE	7.603433	10.916621	4.910408596362434	9.417981315049827	2.3055375501811692	10.367978647778822	-0.006855818080197196	0.02479198239623489	within_fixture_tolerance	SYNTHETIC_TEACHING_FIXTURE
222	2.22	STATIONARY	1.656274	-16.308827	-0.01071528450700665	-18.011496599377573	4.651368180631331	-17.400543055357502	-0.006855818080197196	0.015715887480969703	within_fixture_tolerance	SYNTHETIC_TEACHING_FIXTURE
223	2.23	REF_A	-17.664402	2.349513	-19.987439738693325	-4.017694976710118e-08	-19.30638423482025	-5.173130105970353	-0.02512089739484935	0.012560261306738905	within_fixture_tolerance	SYNTHETIC_TEACHING_FIXTURE
223	2.23	REF_B	22.286955	0.97837	19.9874393641497	-4.188580593478264e-08	19.30638389427829	5.173129929764795	-0.02512089739484935	0.012560635850369045	within_fixture_tolerance	SYNTHETIC_TEACHING_FIXTURE
223	2.23	TONGUE	7.6161	10.740033	4.990390844252357	9.252706948618892	2.4255706227627365	10.229036797841633	-0.02512089739484935	0.053708810969575506	within_fixture_tolerance	SYNTHETIC_TEACHING_FIXTURE
223	2.23	STATIONARY	1.671201	-16.298743	-0.023576887088005094	-17.974069564523024	4.629257997108758	-17.367720143488132	-0.02512089739484935	0.035046498951909005	within_fixture_tolerance	SYNTHETIC_TEACHING_FIXTURE
224	2.24	REF_A	-17.715648	2.309281	-19.99440216917683	8.326916001166751e-08	-19.313109458188286	-5.174931996339883	-0.011196427472036419	0.005597830823789438	within_fixture_tolerance	SYNTHETIC_TEACHING_FIXTURE
224	2.24	REF_B	22.252687	1.029981	19.994401402601852	3.2534646798865197e-07	19.31310861197621	5.174932192628068	-0.011196427472036419	0.005598597407601121	within_fixture_tolerance	SYNTHETIC_TEACHING_FIXTURE
224	2.24	TONGUE	7.544479	10.64365	4.986166598632994	9.138211434211952	2.451123934529397	10.117349308262993	-0.011196427472036419	0.02022452163124211	within_fixture_tolerance	SYNTHETIC_TEACHING_FIXTURE
224	2.24	STATIONARY	1.693146	-16.317182	0.0003450491328269578	-17.996013143931606	4.6580442293881665	-17.382724560870727	-0.011196427472036419	0.0040017596397280576	within_fixture_tolerance	SYNTHETIC_TEACHING_FIXTURE
225	2.25	REF_A	-17.764228	2.197923	-19.9975336107063	2.702695331979754e-07	-19.31613424683441	-5.175742292417837	-0.004933432810723559	0.002466389308509564	within_fixture_tolerance	SYNTHETIC_TEACHING_FIXTURE
225	2.25	REF_B	22.213898	1.033968	19.997532957067385	-1.2885126077222253e-08	19.31613354885171	5.175742371857884	-0.004933432810723559	0.0024670429326486645	within_fixture_tolerance	SYNTHETIC_TEACHING_FIXTURE
225	2.25	TONGUE	7.522629	10.446598	5.0385560193951955	8.981091086438454	2.542393967445021	9.97914208636635	-0.004933432810723559	0.058528969271426146	within_fixture_tolerance	SYNTHETIC_TEACHING_FIXTURE
225	2.25	STATIONARY	1.688877	-16.378344	-0.012053271308446245	-18.002265293292176	4.647686546798523	-17.39197259486544	-0.004933432810723559	0.012264293821276067	within_fixture_tolerance	SYNTHETIC_TEACHING_FIXTURE
226	2.26	REF_A	-17.773089	2.155297	-19.97939734355742	-1.4650283475248216e-07	-19.298615850134002	-5.171048683643879	-0.04120498797327343	0.020602656443101407	within_fixture_tolerance	SYNTHETIC_TEACHING_FIXTURE
226	2.26	REF_B	22.167907	0.962763	19.97939766763987	4.2368941199910637e-07	19.298616091432446	5.1710490352642635	-0.04120498797327343	0.020602332364487372	within_fixture_tolerance	SYNTHETIC_TEACHING_FIXTURE
226	2.26	TONGUE	7.436202	10.374507	4.973369580006558	8.967897521060353	2.4828434481076216	9.94952658883063	-0.04120498797327343	0.07091458806390274	within_fixture_tolerance	SYNTHETIC_TEACHING_FIXTURE
226	2.26	STATIONARY	1.694425	-16.387474	0.032837601348602696	-17.953520976092555	4.678431842431454	-17.33327058720216	-0.04120498797327343	0.05690876668597346	within_fixture_tolerance	SYNTHETIC_TEACHING_FIXTURE
227	2.27	REF_A	-17.810315	2.104673	-19.982740329596805	-3.0946737727965967e-07	-19.30184488450808	-5.171914069510036	-0.034519630830843084	0.017259670405969704	within_fixture_tolerance	SYNTHETIC_TEACHING_FIXTURE
227	2.27	REF_B	22.139707	0.993204	19.982740037834972	3.063135716185883e-07	19.30184460350405	5.171913990950175	-0.034519630830843084	0.01725996216774587	within_fixture_tolerance	SYNTHETIC_TEACHING_FIXTURE
227	2.27	TONGUE	7.355785	10.218244	4.947981166459447	8.810320298054913	2.499104110161459	9.790747674542171	-0.034519630830843084	0.03284154530889251	within_fixture_tolerance	SYNTHETIC_TEACHING_FIXTURE
227	2.27	STATIONARY	1.686874	-16.450786	0.02294834510374999	-18.006050908929048	4.6824753014775595	-17.386570133840777	-0.034519630830843084	0.02373267877565521	within_fixture_tolerance	SYNTHETIC_TEACHING_FIXTURE
228	2.28	REF_A	-17.863604	2.073217	-19.983513868870055	-1.1213324113690248e-07	-19.3025921171436	-5.172114085595948	-0.03297194298524886	0.01648613113032603	within_fixture_tolerance	SYNTHETIC_TEACHING_FIXTURE
228	2.28	REF_B	22.090542	1.05855	19.98351418932705	-8.274254148510352e-08	19.30259247711885	5.172113980300769	-0.03297194298524886	0.01648581067315805	within_fixture_tolerance	SYNTHETIC_TEACHING_FIXTURE
228	2.28	TONGUE	7.219266	10.089186	4.88776525698435	8.650179142120738	2.482387589105414	9.620478171981645	-0.03297194298524886	0.029896480196091566	within_fixture_tolerance	SYNTHETIC_TEACHING_FIXTURE
228	2.28	STATIONARY	1.643342	-16.449418	-0.012609992797519176	-18.021430355197328	4.652109078155745	-17.410628713246453	-0.03297194298524886	0.02486507675912405	within_fixture_tolerance	SYNTHETIC_TEACHING_FIXTURE
229	2.29	REF_A	-17.915337	1.944571	-19.96806324486975	6.835980514985351e-08	-19.287668007104294	-5.168114995503094	-0.06387358451767255	0.031936755130323013	within_fixture_tolerance	SYNTHETIC_TEACHING_FIXTURE
229	2.29	REF_B	22.01162	1.088827	19.968063169555055	-2.6953525855688554e-08	19.28766792363915	5.168115016005612	-0.06387358451767255	0.03193683044495615	within_fixture_tolerance	SYNTHETIC_TEACHING_FIXTURE
229	2.29	TONGUE	7.069727	9.990528	4.838856861199344	8.579485014704812	2.4534426930457425	9.53953446424841	-0.06387358451767255	0.01537742722326282	within_fixture_tolerance	SYNTHETIC_TEACHING_FIXTURE
229	2.29	STATIONARY	1.58921	-16.449405	-0.07385182406398805	-17.971812824890563	4.580112049871339	-17.37855241157449	-0.06387358451767255	0.07904814202894535	within_fixture_tolerance	SYNTHETIC_TEACHING_FIXTURE
230	2.3	REF_A	-18.041294	1.907816	-20.01518664511818	-1.0006351880420539e-07	-19.33318567283616	-5.180311591641697	0.030373192673593508	0.015186645118510674	within_fixture_tolerance	SYNTHETIC_TEACHING_FIXTURE
230	2.3	REF_B	21.980681	1.08788	20.01518654609614	3.8989207484796395e-07	19.33318550217506	5.180311845965794	0.030373192673593508	0.015186546101143849	within_fixture_tolerance	SYNTHETIC_TEACHING_FIXTURE
230	2.3	TONGUE	6.941007	9.839543	4.799408727290192	8.441771805803695	2.4509815229289957	9.39630379079883	0.030373192673593508	0.051803626036341796	within_fixture_tolerance	SYNTHETIC_TEACHING_FIXTURE
230	2.3	STATIONARY	1.582339	-16.437126	-0.019913740553142434	-17.939145300473925	4.623757260280295	-17.33303780279037	0.030373192673593508	0.06403008290816725	within_fixture_tolerance	SYNTHETIC_TEACHING_FIXTURE
231	2.31	REF_A	-18.00545	1.797352	-19.96194138469837	-4.770748456284224e-07	-19.281754603090885	-5.166531068348718	-0.07611686816975549	0.0380586153046197	within_fixture_tolerance	SYNTHETIC_TEACHING_FIXTURE
231	2.31	REF_B	21.912312	1.098266	19.961941746281067	-1.877839437280926e-07	19.281755124431065	5.166530519728931	-0.07611686816975549	0.03805825371939662	within_fixture_tolerance	SYNTHETIC_TEACHING_FIXTURE
231	2.31	TONGUE	6.71639	9.724718	4.617296287529302	8.359041340440633	2.296486634119395	9.269258129923088	-0.07611686816975549	0.038742948418330654	within_fixture_tolerance	SYNTHETIC_TEACHING_FIXTURE
231	2.31	STATIONARY	1.602283	-16.534818	-0.03620958126656748	-17.98601900189532	4.6201484935161155	-17.38253199550012	-0.07611686816975549	0.03881497241404749	within_fixture_tolerance	SYNTHETIC_TEACHING_FIXTURE
232	2.32	REF_A	-18.067738	1.770997	-19.96773998455909	7.836827253804302e-08	-19.28735576421199	-5.168031319910733	-0.06451959995710865	0.032260015441006804	within_fixture_tolerance	SYNTHETIC_TEACHING_FIXTURE
232	2.32	REF_B	21.861405	1.059566	19.967740415344426	-3.061036928375671e-07	19.287356239260937	5.168031211430659	-0.06451959995710865	0.032259584657025824	within_fixture_tolerance	SYNTHETIC_TEACHING_FIXTURE
232	2.32	TONGUE	6.534174	9.664188	4.489654667274602	8.330209262897931	2.180656587382454	9.208372399329368	-0.06451959995710865	0.04417761639510949	within_fixture_tolerance	SYNTHETIC_TEACHING_FIXTURE
232	2.32	STATIONARY	1.525293	-16.574045	-0.05101046761390449	-17.993090681491218	4.607682220501355	-17.39319346472817	-0.06451959995710865	0.0514762711202453	within_fixture_tolerance	SYNTHETIC_TEACHING_FIXTURE
233	2.33	REF_A	-18.166732	1.674316	-19.992993723281536	-8.236516557680318e-08	-19.311748961053755	-5.174567623708661	-0.014011925871336928	0.007006276718947905	within_fixture_tolerance	SYNTHETIC_TEACHING_FIXTURE
233	2.33	REF_B	21.815882	1.154874	19.99299435029291	1.4624882571645514e-07	19.311749550165928	5.1745678476980235	-0.014011925871336928	0.007005649708615923	within_fixture_tolerance	SYNTHETIC_TEACHING_FIXTURE
233	2.33	TONGUE	6.295897	9.535698	4.3654469648535965	8.178502944831564	2.0999456441661946	9.029688029761513	-0.014011925871336928	0.056312482072574374	within_fixture_tolerance	SYNTHETIC_TEACHING_FIXTURE
233	2.33	STATIONARY	1.572079	-16.649832	-0.017806521310996803	-18.066182740739592	4.658672386749469	-17.455201158777957	-0.014011925871336928	0.06853632156019912	within_fixture_tolerance	SYNTHETIC_TEACHING_FIXTURE
234	2.34	REF_A	-18.216312	1.613295	-19.998492300788804	6.097023108608823e-09	-19.31706020197164	-5.1759906748405875	-0.0030151938414562096	0.0015076992112080846	within_fixture_tolerance	SYNTHETIC_TEACHING_FIXTURE
234	2.34	REF_B	21.777467	1.106901	19.998492505874587	3.7531302998772276e-07	19.31706030135311	5.175991096334515	-0.0030151938414562096	0.0015074941721326068	within_fixture_tolerance	SYNTHETIC_TEACHING_FIXTURE
234	2.34	TONGUE	6.040269	9.496258	4.156339777551792	8.18943922697902	1.8951330933840809	8.986130744590445	-0.0030151938414562096	0.06777225135904763	within_fixture_tolerance	SYNTHETIC_TEACHING_FIXTURE
234	2.34	STATIONARY	1.523564	-16.613473	-0.02943276533360062	-17.97538420422986	4.623941906869243	-17.37050560074899	-0.0030151938414562096	0.038369585306333075	within_fixture_tolerance	SYNTHETIC_TEACHING_FIXTURE
235	2.35	REF_A	-18.324248	1.548229	-20.001998322726255	-3.553030571978866e-07	-19.320446665571374	-5.17689844917621	0.003996579338732431	0.0019983227578415524	within_fixture_tolerance	SYNTHETIC_TEACHING_FIXTURE
235	2.35	REF_B	21.67692	1.072518	20.001998257565283	3.344736352328681e-07	19.32044660802176	5.176898412191632	0.003996579338732431	0.0019982575932758085	within_fixture_tolerance	SYNTHETIC_TEACHING_FIXTURE
235	2.35	TONGUE	5.877784	9.356288	4.1054720632584605	8.095307538543924	1.8703617281377247	8.88204098241794	0.003996579338732431	0.06496397323737291	within_fixture_tolerance	SYNTHETIC_TEACHING_FIXTURE
235	2.35	STATIONARY	1.4951	-16.684234	0.03276153050699948	-17.995490341666112	4.689220834762121	-17.373829569905674	0.003996579338732431	0.03307045357187377	within_fixture_tolerance	SYNTHETIC_TEACHING_FIXTURE
236	2.36	REF_A	-18.354388	1.439509	-19.992368787143807	-3.371845180843991e-08	-19.311145331689232	-5.174405831345128	-0.015261746291422185	0.007631212856267552	within_fixture_tolerance	SYNTHETIC_TEACHING_FIXTURE
236	2.36	REF_B	21.629031	1.114704	19.992369466039623	2.3960119110988387e-07	19.31114593416586	5.17440620592375	-0.015261746291422185	0.007630533964138827	within_fixture_tolerance	SYNTHETIC_TEACHING_FIXTURE
236	2.36	TONGUE	5.570731	9.344214	3.8677490811971094	8.09879343156929	1.6398367447554683	8.823880861303417	-0.015261746291422185	0.02698668767088647	within_fixture_tolerance	SYNTHETIC_TEACHING_FIXTURE
236	2.36	STATIONARY	1.485577	-16.752899	-0.0052772506802893915	-18.03064317071399	4.66157641525908	-17.41762975637419	-0.015261746291422185	0.03109426452176271	within_fixture_tolerance	SYNTHETIC_TEACHING_FIXTURE
237	2.37	REF_A	-18.461528	1.39605	-20.00662611267176	3.7454381285328964e-07	-19.3249169562967	-5.178095504372888	0.01325274667014753	0.0066261126823462324	within_fixture_tolerance	SYNTHETIC_TEACHING_FIXTURE
237	2.37	REF_B	21.550627	1.099659	20.00662663562875	-3.6238626499596194e-07	19.324917458287754	5.178095651467405	0.01325274667014753	0.006626635638657329	within_fixture_tolerance	SYNTHETIC_TEACHING_FIXTURE
237	2.37	TONGUE	5.23839	9.231468	3.634602383741461	8.010755874033437	1.4374201249408705	8.678500305191475	0.01325274667014753	0.03391799806339047	within_fixture_tolerance	SYNTHETIC_TEACHING_FIXTURE
237	2.37	STATIONARY	1.423237	-16.786843	0.012279547689170611	-18.035101321188534	4.679688834480016	-17.417391965266084	0.01325274667014753	0.037187229536915965	within_fixture_tolerance	SYNTHETIC_TEACHING_FIXTURE
238	2.38	REF_A	-18.532665	1.297544	-20.007824616862603	-3.706575424367031e-07	-19.32607442957526	-5.178406419892345	0.015648927334979135	0.007824616871382204	within_fixture_tolerance	SYNTHETIC_TEACHING_FIXTURE
238	2.38	REF_B	21.48266	1.136534	20.007824312200842	-1.0434727992780779e-07	19.326074258234893	5.178405882220654	0.015648927334979135	0.007824312201538145	within_fixture_tolerance	SYNTHETIC_TEACHING_FIXTURE
238	2.38	TONGUE	4.914585	9.1978	3.407447455835925	7.9945359662682645	1.2222033345449907	8.60404105585062	0.015648927334979135	0.02899522398181407	within_fixture_tolerance	SYNTHETIC_TEACHING_FIXTURE
238	2.38	STATIONARY	1.393075	-16.82722	-0.009317620004474891	-18.044442799355412	4.661245324888766	-17.432004898602624	0.015648927334979135	0.04540903497205392	within_fixture_tolerance	SYNTHETIC_TEACHING_FIXTURE
239	2.39	REF_A	-18.587254	1.215968	-19.992476695072153	1.3219686745280512e-07	-19.31124960568613	-5.174433599710209	-0.01504627474009368	0.007523304929008821	within_fixture_tolerance	SYNTHETIC_TEACHING_FIXTURE
239	2.39	REF_B	21.397616	1.134142	19.99247703111876	2.1317049481162087e-07	19.311249840894575	5.1744340202847265	-0.01504627474009368	0.0075229688842601275	within_fixture_tolerance	SYNTHETIC_TEACHING_FIXTURE
239	2.39	TONGUE	4.610319	9.132733	3.1888466910482656	7.964220574376926	1.0188974109688074	8.5181805946879	-0.01504627474009368	0.04061314785043187	within_fixture_tolerance	SYNTHETIC_TEACHING_FIXTURE
239	2.39	STATIONARY	1.36853	-16.822133	0.00017908262873223002	-17.997225146409754	4.658197607379614	-17.383938220658017	-0.01504627474009368	0.0027806263746169304	within_fixture_tolerance	SYNTHETIC_TEACHING_FIXTURE
