token_id	frame_index	frame_time_s	raw_candidate_f0_hz	selected_f0_hz	frame_status	quality_score	data_status
SYN_TRAJ_001	0	2.0	116.3584	116.3584	observed	0.4639	SYNTHETIC_TEACHING_FIXTURE
SYN_TRAJ_001	1	2.01	113.3753	113.3753	observed	0.9767	SYNTHETIC_TEACHING_FIXTURE
SYN_TRAJ_001	2	2.02	112.4891	112.4891	observed	0.3686	SYNTHETIC_TEACHING_FIXTURE
SYN_TRAJ_001	3	2.03	114.0059	114.0059	observed	0.6086	SYNTHETIC_TEACHING_FIXTURE
SYN_TRAJ_001	4	2.04	116.716	116.716	observed	0.5407	SYNTHETIC_TEACHING_FIXTURE
SYN_TRAJ_001	5	2.05	115.4178	115.4178	observed	0.4135	SYNTHETIC_TEACHING_FIXTURE
SYN_TRAJ_001	6	2.06	116.5133	116.5133	observed	0.4112	SYNTHETIC_TEACHING_FIXTURE
SYN_TRAJ_001	7	2.07	117.1915	117.1915	observed	0.5209	SYNTHETIC_TEACHING_FIXTURE
SYN_TRAJ_001	8	2.08	115.5282	115.5282	observed	0.3873	SYNTHETIC_TEACHING_FIXTURE
SYN_TRAJ_001	9	2.09	116.4047	116.4047	observed	0.8214	SYNTHETIC_TEACHING_FIXTURE
SYN_TRAJ_001	10	2.1	118.7411	118.7411	observed	0.3249	SYNTHETIC_TEACHING_FIXTURE
SYN_TRAJ_001	11	2.11	119.8761	119.8761	observed	0.9745	SYNTHETIC_TEACHING_FIXTURE
SYN_TRAJ_001	12	2.12	123.7376	123.7376	observed	0.8722	SYNTHETIC_TEACHING_FIXTURE
SYN_TRAJ_001	13	2.13	122.2535	122.2535	observed	0.4345	SYNTHETIC_TEACHING_FIXTURE
SYN_TRAJ_001	14	2.14	124.3258	124.3258	observed	0.7366	SYNTHETIC_TEACHING_FIXTURE
SYN_TRAJ_001	15	2.15	127.7133	127.7133	observed	0.5624	SYNTHETIC_TEACHING_FIXTURE
SYN_TRAJ_001	16	2.16	130.7542	130.7542	observed	0.9709	SYNTHETIC_TEACHING_FIXTURE
SYN_TRAJ_001	17	2.17	134.6235	134.6235	observed	0.3187	SYNTHETIC_TEACHING_FIXTURE
SYN_TRAJ_001	18	2.18	134.0425	134.0425	observed	0.5839	SYNTHETIC_TEACHING_FIXTURE
SYN_TRAJ_001	19	2.19	132.8219	132.8219	observed	0.8118	SYNTHETIC_TEACHING_FIXTURE
SYN_TRAJ_001	20	2.2	128.606	128.606	observed	0.6717	SYNTHETIC_TEACHING_FIXTURE
SYN_TRAJ_001	21	2.21	127.864	127.864	observed	0.8939	SYNTHETIC_TEACHING_FIXTURE
SYN_TRAJ_001	22	2.22	118.3559		estimator_failure		SYNTHETIC_TEACHING_FIXTURE
SYN_TRAJ_001	23	2.23	113.5785	113.5785	observed	0.6461	SYNTHETIC_TEACHING_FIXTURE
SYN_TRAJ_001	24	2.24	111.703	111.703	observed	0.9492	SYNTHETIC_TEACHING_FIXTURE
SYN_TRAJ_001	25	2.25	113.5225	113.5225	observed	0.6988	SYNTHETIC_TEACHING_FIXTURE
SYN_TRAJ_001	26	2.26	113.2763	113.2763	observed	0.2552	SYNTHETIC_TEACHING_FIXTURE
SYN_TRAJ_001	27	2.27	113.5183	113.5183	observed	0.3466	SYNTHETIC_TEACHING_FIXTURE
SYN_TRAJ_001	28	2.28	109.6754	109.6754	observed	0.4253	SYNTHETIC_TEACHING_FIXTURE
SYN_TRAJ_001	29	2.29	109.7551	109.7551	observed	0.8183	SYNTHETIC_TEACHING_FIXTURE
SYN_TRAJ_002	0	4.0	119.0805	119.0805	observed	0.8496	SYNTHETIC_TEACHING_FIXTURE
SYN_TRAJ_002	1	4.01	119.9181	119.9181	observed	0.5584	SYNTHETIC_TEACHING_FIXTURE
SYN_TRAJ_002	2	4.02	117.4917	117.4917	observed	0.8808	SYNTHETIC_TEACHING_FIXTURE
SYN_TRAJ_002	3	4.03	118.9847	118.9847	observed	0.4153	SYNTHETIC_TEACHING_FIXTURE
SYN_TRAJ_002	4	4.04	118.0285	118.0285	observed	0.6938	SYNTHETIC_TEACHING_FIXTURE
SYN_TRAJ_002	5	4.05	116.6783	116.6783	observed	0.7817	SYNTHETIC_TEACHING_FIXTURE
SYN_TRAJ_002	6	4.06	115.7237	115.7237	observed	0.6176	SYNTHETIC_TEACHING_FIXTURE
SYN_TRAJ_002	7	4.07	115.8448	115.8448	observed	0.6417	SYNTHETIC_TEACHING_FIXTURE
SYN_TRAJ_002	8	4.08	120.5072	120.5072	observed	0.9631	SYNTHETIC_TEACHING_FIXTURE
SYN_TRAJ_002	9	4.09	122.0183	122.0183	observed	0.3096	SYNTHETIC_TEACHING_FIXTURE
SYN_TRAJ_002	10	4.1	123.3073	123.3073	observed	0.3777	SYNTHETIC_TEACHING_FIXTURE
SYN_TRAJ_002	11	4.11	124.9721	124.9721	observed	0.386	SYNTHETIC_TEACHING_FIXTURE
SYN_TRAJ_002	12	4.12	130.9753	130.9753	observed	0.3005	SYNTHETIC_TEACHING_FIXTURE
SYN_TRAJ_002	13	4.13	132.6123	132.6123	observed	0.4999	SYNTHETIC_TEACHING_FIXTURE
SYN_TRAJ_002	14	4.14	134.1761	134.1761	observed	0.9787	SYNTHETIC_TEACHING_FIXTURE
SYN_TRAJ_002	15	4.15	135.9421	135.9421	observed	0.6204	SYNTHETIC_TEACHING_FIXTURE
SYN_TRAJ_002	16	4.16	132.3931	132.3931	observed	0.7369	SYNTHETIC_TEACHING_FIXTURE
SYN_TRAJ_002	17	4.17	134.0114	134.0114	observed	0.7264	SYNTHETIC_TEACHING_FIXTURE
SYN_TRAJ_002	18	4.18	140.2158	140.2158	observed	0.9732	SYNTHETIC_TEACHING_FIXTURE
SYN_TRAJ_002	19	4.19	138.444	138.444	observed	0.6318	SYNTHETIC_TEACHING_FIXTURE
SYN_TRAJ_002	20	4.2	138.6638	138.6638	observed	0.9305	SYNTHETIC_TEACHING_FIXTURE
SYN_TRAJ_002	21	4.21	137.4712	137.4712	observed	0.2946	SYNTHETIC_TEACHING_FIXTURE
SYN_TRAJ_002	22	4.22	134.2338	134.2338	observed	0.3699	SYNTHETIC_TEACHING_FIXTURE
SYN_TRAJ_002	23	4.23	133.1926	133.1926	observed	0.4746	SYNTHETIC_TEACHING_FIXTURE
SYN_TRAJ_002	24	4.24	128.0701	128.0701	observed	0.482	SYNTHETIC_TEACHING_FIXTURE
SYN_TRAJ_002	25	4.25	128.0609	128.0609	observed	0.3375	SYNTHETIC_TEACHING_FIXTURE
SYN_TRAJ_002	26	4.26	124.6904	124.6904	observed	0.3716	SYNTHETIC_TEACHING_FIXTURE
SYN_TRAJ_002	27	4.27	120.5919	120.5919	observed	0.536	SYNTHETIC_TEACHING_FIXTURE
SYN_TRAJ_002	28	4.28	119.1598	119.1598	observed	0.9137	SYNTHETIC_TEACHING_FIXTURE
SYN_TRAJ_002	29	4.29	113.9612	113.9612	observed	0.2616	SYNTHETIC_TEACHING_FIXTURE
SYN_TRAJ_002	30	4.3	113.8466	113.8466	observed	0.4277	SYNTHETIC_TEACHING_FIXTURE
SYN_TRAJ_002	31	4.31	116.3769	116.3769	observed	0.9424	SYNTHETIC_TEACHING_FIXTURE
SYN_TRAJ_002	32	4.32	111.3281	111.3281	observed	0.6941	SYNTHETIC_TEACHING_FIXTURE
SYN_TRAJ_002	33	4.33	109.7106	109.7106	observed	0.6421	SYNTHETIC_TEACHING_FIXTURE
SYN_TRAJ_002	34	4.34	112.1939	112.1939	observed	0.8109	SYNTHETIC_TEACHING_FIXTURE
SYN_TRAJ_002	35	4.35	111.5277	111.5277	observed	0.6385	SYNTHETIC_TEACHING_FIXTURE
SYN_TRAJ_002	36	4.36	108.6324	108.6324	observed	0.7602	SYNTHETIC_TEACHING_FIXTURE
SYN_TRAJ_002	37	4.37	112.7043	112.7043	observed	0.3522	SYNTHETIC_TEACHING_FIXTURE
SYN_TRAJ_002	38	4.38	109.2323	109.2323	observed	0.4696	SYNTHETIC_TEACHING_FIXTURE
SYN_TRAJ_002	39	4.39	106.2063	106.2063	observed	0.8115	SYNTHETIC_TEACHING_FIXTURE
SYN_TRAJ_002	40	4.4	108.8886	108.8886	observed	0.5127	SYNTHETIC_TEACHING_FIXTURE
SYN_TRAJ_002	41	4.41	104.0006	104.0006	observed	0.4582	SYNTHETIC_TEACHING_FIXTURE
SYN_TRAJ_002	42	4.42	105.6914	105.6914	observed	0.8263	SYNTHETIC_TEACHING_FIXTURE
SYN_TRAJ_002	43	4.43	107.8652	107.8652	observed	0.8638	SYNTHETIC_TEACHING_FIXTURE
SYN_TRAJ_003	0	6.0	117.5789	117.5789	observed	0.8095	SYNTHETIC_TEACHING_FIXTURE
SYN_TRAJ_003	1	6.01	117.1041	117.1041	observed	0.5581	SYNTHETIC_TEACHING_FIXTURE
SYN_TRAJ_003	2	6.02	114.0621	114.0621	observed	0.9822	SYNTHETIC_TEACHING_FIXTURE
SYN_TRAJ_003	3	6.03	117.2111	117.2111	observed	0.5704	SYNTHETIC_TEACHING_FIXTURE
SYN_TRAJ_003	4	6.04	114.5191	114.5191	observed	0.4129	SYNTHETIC_TEACHING_FIXTURE
SYN_TRAJ_003	5	6.05	111.9714	111.9714	observed	0.5425	SYNTHETIC_TEACHING_FIXTURE
SYN_TRAJ_003	6	6.06	114.3978	114.3978	observed	0.2633	SYNTHETIC_TEACHING_FIXTURE
SYN_TRAJ_003	7	6.07	113.6006	113.6006	observed	0.7239	SYNTHETIC_TEACHING_FIXTURE
SYN_TRAJ_003	8	6.08	116.2144	116.2144	observed	0.3832	SYNTHETIC_TEACHING_FIXTURE
SYN_TRAJ_003	9	6.09	121.6513	121.6513	observed	0.414	SYNTHETIC_TEACHING_FIXTURE
SYN_TRAJ_003	10	6.1	125.6883	125.6883	observed	0.9899	SYNTHETIC_TEACHING_FIXTURE
SYN_TRAJ_003	11	6.11	125.7645	125.7645	observed	0.9194	SYNTHETIC_TEACHING_FIXTURE
SYN_TRAJ_003	12	6.12	131.9206	131.9206	observed	0.928	SYNTHETIC_TEACHING_FIXTURE
SYN_TRAJ_003	13	6.13	131.6942	131.6942	observed	0.7013	SYNTHETIC_TEACHING_FIXTURE
SYN_TRAJ_003	14	6.14	132.0447	132.0447	observed	0.9304	SYNTHETIC_TEACHING_FIXTURE
SYN_TRAJ_003	15	6.15	132.8649	132.8649	observed	0.3898	SYNTHETIC_TEACHING_FIXTURE
SYN_TRAJ_003	16	6.16	133.175	133.175	observed	0.8049	SYNTHETIC_TEACHING_FIXTURE
SYN_TRAJ_003	17	6.17	130.3774	130.3774	observed	0.694	SYNTHETIC_TEACHING_FIXTURE
SYN_TRAJ_003	18	6.18	127.9654	127.9654	observed	0.7719	SYNTHETIC_TEACHING_FIXTURE
SYN_TRAJ_003	19	6.19	124.4715	124.4715	observed	0.9777	SYNTHETIC_TEACHING_FIXTURE
SYN_TRAJ_003	20	6.2	123.5384	123.5384	observed	0.5724	SYNTHETIC_TEACHING_FIXTURE
SYN_TRAJ_003	21	6.21	116.5669	116.5669	observed	0.4759	SYNTHETIC_TEACHING_FIXTURE
SYN_TRAJ_003	22	6.22	113.779	113.779	observed	0.2553	SYNTHETIC_TEACHING_FIXTURE
SYN_TRAJ_003	23	6.23	110.3805	110.3805	observed	0.8685	SYNTHETIC_TEACHING_FIXTURE
SYN_TRAJ_003	24	6.24	108.9773	108.9773	observed	0.6452	SYNTHETIC_TEACHING_FIXTURE
SYN_TRAJ_003	25	6.25	107.2389	107.2389	observed	0.4844	SYNTHETIC_TEACHING_FIXTURE
SYN_TRAJ_003	26	6.26	108.9465	108.9465	observed	0.8105	SYNTHETIC_TEACHING_FIXTURE
SYN_TRAJ_004	0	8.0	117.2677	117.2677	observed	0.2721	SYNTHETIC_TEACHING_FIXTURE
SYN_TRAJ_004	1	8.01	119.0506	119.0506	observed	0.6212	SYNTHETIC_TEACHING_FIXTURE
SYN_TRAJ_004	2	8.02	119.6442	119.6442	observed	0.9535	SYNTHETIC_TEACHING_FIXTURE
SYN_TRAJ_004	3	8.03	118.1339	118.1339	observed	0.6926	SYNTHETIC_TEACHING_FIXTURE
SYN_TRAJ_004	4	8.04	119.7727	119.7727	observed	0.984	SYNTHETIC_TEACHING_FIXTURE
SYN_TRAJ_004	5	8.05	117.7442	117.7442	observed	0.6233	SYNTHETIC_TEACHING_FIXTURE
SYN_TRAJ_004	6	8.06	120.8247	120.8247	observed	0.9545	SYNTHETIC_TEACHING_FIXTURE
SYN_TRAJ_004	7	8.07	122.1048	122.1048	observed	0.6025	SYNTHETIC_TEACHING_FIXTURE
SYN_TRAJ_004	8	8.08	120.6444	120.6444	observed	0.831	SYNTHETIC_TEACHING_FIXTURE
SYN_TRAJ_004	9	8.09	123.2499	123.2499	observed	0.8197	SYNTHETIC_TEACHING_FIXTURE
SYN_TRAJ_004	10	8.1	127.3227	127.3227	observed	0.4751	SYNTHETIC_TEACHING_FIXTURE
SYN_TRAJ_004	11	8.11	128.9149	128.9149	observed	0.5278	SYNTHETIC_TEACHING_FIXTURE
SYN_TRAJ_004	12	8.12	132.7667	132.7667	observed	0.7886	SYNTHETIC_TEACHING_FIXTURE
SYN_TRAJ_004	13	8.13	134.7861	134.7861	observed	0.3888	SYNTHETIC_TEACHING_FIXTURE
SYN_TRAJ_004	14	8.14	138.305	138.305	observed	0.3817	SYNTHETIC_TEACHING_FIXTURE
SYN_TRAJ_004	15	8.15	135.2513	135.2513	observed	0.5032	SYNTHETIC_TEACHING_FIXTURE
SYN_TRAJ_004	16	8.16	133.552	133.552	observed	0.8449	SYNTHETIC_TEACHING_FIXTURE
SYN_TRAJ_004	17	8.17	133.4276	133.4276	observed	0.8901	SYNTHETIC_TEACHING_FIXTURE
SYN_TRAJ_004	18	8.18	135.4041	135.4041	observed	0.5912	SYNTHETIC_TEACHING_FIXTURE
SYN_TRAJ_004	19	8.19	134.8537	134.8537	observed	0.3243	SYNTHETIC_TEACHING_FIXTURE
SYN_TRAJ_004	20	8.2	135.3515	135.3515	observed	0.4742	SYNTHETIC_TEACHING_FIXTURE
SYN_TRAJ_004	21	8.21	135.629	135.629	observed	0.5878	SYNTHETIC_TEACHING_FIXTURE
SYN_TRAJ_004	22	8.22	132.1423	132.1423	observed	0.7924	SYNTHETIC_TEACHING_FIXTURE
SYN_TRAJ_004	23	8.23	131.5528	131.5528	observed	0.3424	SYNTHETIC_TEACHING_FIXTURE
SYN_TRAJ_004	24	8.24	128.2285	128.2285	observed	0.6819	SYNTHETIC_TEACHING_FIXTURE
SYN_TRAJ_004	25	8.25	121.3629	121.3629	observed	0.7162	SYNTHETIC_TEACHING_FIXTURE
SYN_TRAJ_004	26	8.26	118.5748	118.5748	observed	0.7031	SYNTHETIC_TEACHING_FIXTURE
SYN_TRAJ_004	27	8.27	118.397	118.397	observed	0.9367	SYNTHETIC_TEACHING_FIXTURE
SYN_TRAJ_004	28	8.28	118.2704	118.2704	observed	0.9874	SYNTHETIC_TEACHING_FIXTURE
SYN_TRAJ_004	29	8.29	121.7313	121.7313	observed	0.9182	SYNTHETIC_TEACHING_FIXTURE
SYN_TRAJ_004	30	8.3	118.6254	118.6254	observed	0.506	SYNTHETIC_TEACHING_FIXTURE
SYN_TRAJ_004	31	8.31	120.6507	120.6507	observed	0.5933	SYNTHETIC_TEACHING_FIXTURE
SYN_TRAJ_004	32	8.32	117.3987	117.3987	observed	0.751	SYNTHETIC_TEACHING_FIXTURE
SYN_TRAJ_004	33	8.33	111.3788	111.3788	observed	0.9457	SYNTHETIC_TEACHING_FIXTURE
SYN_TRAJ_004	34	8.34	111.746	111.746	observed	0.2919	SYNTHETIC_TEACHING_FIXTURE
SYN_TRAJ_004	35	8.35	111.7307	111.7307	observed	0.3186	SYNTHETIC_TEACHING_FIXTURE
SYN_TRAJ_004	36	8.36	112.5011	112.5011	observed	0.2761	SYNTHETIC_TEACHING_FIXTURE
SYN_TRAJ_004	37	8.37	112.492	112.492	observed	0.8546	SYNTHETIC_TEACHING_FIXTURE
SYN_TRAJ_004	38	8.38	109.2643	109.2643	observed	0.9281	SYNTHETIC_TEACHING_FIXTURE
SYN_TRAJ_004	39	8.39	111.9797	111.9797	observed	0.7963	SYNTHETIC_TEACHING_FIXTURE
SYN_TRAJ_004	40	8.4	109.3921	109.3921	observed	0.6101	SYNTHETIC_TEACHING_FIXTURE
SYN_TRAJ_004	41	8.41	110.5842	110.5842	observed	0.6885	SYNTHETIC_TEACHING_FIXTURE
SYN_TRAJ_004	42	8.42	110.8913	110.8913	observed	0.5236	SYNTHETIC_TEACHING_FIXTURE
SYN_TRAJ_004	43	8.43	109.5128	109.5128	observed	0.9039	SYNTHETIC_TEACHING_FIXTURE
SYN_TRAJ_004	44	8.44	109.5692	109.5692	observed	0.4057	SYNTHETIC_TEACHING_FIXTURE
SYN_TRAJ_005	0	10.0			structural_unvoiced		SYNTHETIC_TEACHING_FIXTURE
SYN_TRAJ_005	1	10.01			structural_unvoiced		SYNTHETIC_TEACHING_FIXTURE
SYN_TRAJ_005	2	10.02			structural_unvoiced		SYNTHETIC_TEACHING_FIXTURE
SYN_TRAJ_005	3	10.03	114.6423	114.6423	observed	0.7653	SYNTHETIC_TEACHING_FIXTURE
SYN_TRAJ_005	4	10.04	115.8564	115.8564	observed	0.7038	SYNTHETIC_TEACHING_FIXTURE
SYN_TRAJ_005	5	10.05	115.6165	115.6165	observed	0.4511	SYNTHETIC_TEACHING_FIXTURE
SYN_TRAJ_005	6	10.06	113.9364		quality_rejection		SYNTHETIC_TEACHING_FIXTURE
SYN_TRAJ_005	7	10.07	114.1377	114.1377	observed	0.5303	SYNTHETIC_TEACHING_FIXTURE
SYN_TRAJ_005	8	10.08	110.5325	110.5325	observed	0.9606	SYNTHETIC_TEACHING_FIXTURE
SYN_TRAJ_005	9	10.09	116.5641		estimator_failure		SYNTHETIC_TEACHING_FIXTURE
SYN_TRAJ_005	10	10.1	120.8545	120.8545	observed	0.6657	SYNTHETIC_TEACHING_FIXTURE
SYN_TRAJ_005	11	10.11	122.3593	122.3593	observed	0.4296	SYNTHETIC_TEACHING_FIXTURE
SYN_TRAJ_005	12	10.12	125.3742	125.3742	observed	0.9555	SYNTHETIC_TEACHING_FIXTURE
SYN_TRAJ_005	13	10.13	128.719	128.719	observed	0.5685	SYNTHETIC_TEACHING_FIXTURE
SYN_TRAJ_005	14	10.14	130.9223	130.9223	observed	0.9291	SYNTHETIC_TEACHING_FIXTURE
SYN_TRAJ_005	15	10.15	132.9943	132.9943	observed	0.7688	SYNTHETIC_TEACHING_FIXTURE
SYN_TRAJ_005	16	10.16	136.5832	136.5832	observed	0.4145	SYNTHETIC_TEACHING_FIXTURE
SYN_TRAJ_005	17	10.17	139.8264	139.8264	observed	0.9131	SYNTHETIC_TEACHING_FIXTURE
SYN_TRAJ_005	18	10.18	137.6472	137.6472	observed	0.5883	SYNTHETIC_TEACHING_FIXTURE
SYN_TRAJ_005	19	10.19	137.2391	137.2391	observed	0.7787	SYNTHETIC_TEACHING_FIXTURE
SYN_TRAJ_005	20	10.2	134.7237	134.7237	observed	0.5395	SYNTHETIC_TEACHING_FIXTURE
SYN_TRAJ_005	21	10.21	131.7895	131.7895	observed	0.7998	SYNTHETIC_TEACHING_FIXTURE
SYN_TRAJ_005	22	10.22	133.1273	133.1273	observed	0.7684	SYNTHETIC_TEACHING_FIXTURE
SYN_TRAJ_005	23	10.23	130.5323	130.5323	observed	0.3397	SYNTHETIC_TEACHING_FIXTURE
SYN_TRAJ_005	24	10.24	126.118	126.118	observed	0.8189	SYNTHETIC_TEACHING_FIXTURE
SYN_TRAJ_005	25	10.25	126.0356	126.0356	observed	0.5523	SYNTHETIC_TEACHING_FIXTURE
SYN_TRAJ_005	26	10.26	123.9631	123.9631	observed	0.626	SYNTHETIC_TEACHING_FIXTURE
SYN_TRAJ_005	27	10.27	121.1721	121.1721	observed	0.8726	SYNTHETIC_TEACHING_FIXTURE
SYN_TRAJ_005	28	10.28	122.7889	122.7889	observed	0.7277	SYNTHETIC_TEACHING_FIXTURE
SYN_TRAJ_005	29	10.29	119.5198	119.5198	observed	0.4505	SYNTHETIC_TEACHING_FIXTURE
SYN_TRAJ_005	30	10.3	115.2888	115.2888	observed	0.6485	SYNTHETIC_TEACHING_FIXTURE
SYN_TRAJ_005	31	10.31			structural_unvoiced		SYNTHETIC_TEACHING_FIXTURE
SYN_TRAJ_005	32	10.32			structural_unvoiced		SYNTHETIC_TEACHING_FIXTURE
SYN_TRAJ_005	33	10.33			structural_unvoiced		SYNTHETIC_TEACHING_FIXTURE
SYN_TRAJ_006	0	12.0	118.3271	118.3271	observed	0.734	SYNTHETIC_TEACHING_FIXTURE
SYN_TRAJ_006	1	12.01	118.9168	118.9168	observed	0.9725	SYNTHETIC_TEACHING_FIXTURE
SYN_TRAJ_006	2	12.02	115.0007	115.0007	observed	0.9036	SYNTHETIC_TEACHING_FIXTURE
SYN_TRAJ_006	3	12.03	119.6885	119.6885	observed	0.8688	SYNTHETIC_TEACHING_FIXTURE
SYN_TRAJ_006	4	12.04	123.9568	123.9568	observed	0.7162	SYNTHETIC_TEACHING_FIXTURE
SYN_TRAJ_006	5	12.05	121.5124	121.5124	observed	0.2868	SYNTHETIC_TEACHING_FIXTURE
SYN_TRAJ_006	6	12.06	121.0285	121.0285	observed	0.6646	SYNTHETIC_TEACHING_FIXTURE
SYN_TRAJ_006	7	12.07	118.2928	118.2928	observed	0.8328	SYNTHETIC_TEACHING_FIXTURE
SYN_TRAJ_006	8	12.08	121.609	121.609	observed	0.3549	SYNTHETIC_TEACHING_FIXTURE
SYN_TRAJ_006	9	12.09	123.5962	123.5962	observed	0.3224	SYNTHETIC_TEACHING_FIXTURE
SYN_TRAJ_006	10	12.1	124.9047	124.9047	observed	0.7863	SYNTHETIC_TEACHING_FIXTURE
SYN_TRAJ_006	11	12.11	127.202	127.202	observed	0.8246	SYNTHETIC_TEACHING_FIXTURE
SYN_TRAJ_006	12	12.12	130.6991	130.6991	observed	0.6685	SYNTHETIC_TEACHING_FIXTURE
SYN_TRAJ_006	13	12.13	131.5588	131.5588	observed	0.9365	SYNTHETIC_TEACHING_FIXTURE
SYN_TRAJ_006	14	12.14	132.0671	132.0671	observed	0.6737	SYNTHETIC_TEACHING_FIXTURE
SYN_TRAJ_006	15	12.15	132.0724	132.0724	observed	0.3459	SYNTHETIC_TEACHING_FIXTURE
SYN_TRAJ_006	16	12.16	135.3161	135.3161	observed	0.6035	SYNTHETIC_TEACHING_FIXTURE
SYN_TRAJ_006	17	12.17	135.3122	135.3122	observed	0.5801	SYNTHETIC_TEACHING_FIXTURE
SYN_TRAJ_006	18	12.18	136.4297	136.4297	observed	0.9878	SYNTHETIC_TEACHING_FIXTURE
SYN_TRAJ_006	19	12.19	137.4787	137.4787	observed	0.4044	SYNTHETIC_TEACHING_FIXTURE
SYN_TRAJ_006	20	12.2	138.598	138.598	observed	0.6252	SYNTHETIC_TEACHING_FIXTURE
SYN_TRAJ_006	21	12.21	137.9033	137.9033	observed	0.2653	SYNTHETIC_TEACHING_FIXTURE
SYN_TRAJ_006	22	12.22	138.8258	138.8258	observed	0.8214	SYNTHETIC_TEACHING_FIXTURE
SYN_TRAJ_006	23	12.23	136.7468	136.7468	observed	0.3742	SYNTHETIC_TEACHING_FIXTURE
SYN_TRAJ_006	24	12.24	135.7	135.7	observed	0.5877	SYNTHETIC_TEACHING_FIXTURE
SYN_TRAJ_006	25	12.25	136.2196	136.2196	observed	0.6977	SYNTHETIC_TEACHING_FIXTURE
SYN_TRAJ_006	26	12.26	136.3757	136.3757	observed	0.3375	SYNTHETIC_TEACHING_FIXTURE
SYN_TRAJ_006	27	12.27	129.0975	129.0975	observed	0.6061	SYNTHETIC_TEACHING_FIXTURE
SYN_TRAJ_006	28	12.28	125.2047	125.2047	observed	0.3306	SYNTHETIC_TEACHING_FIXTURE
SYN_TRAJ_006	29	12.29	124.713	124.713	observed	0.5313	SYNTHETIC_TEACHING_FIXTURE
SYN_TRAJ_006	30	12.3	119.3392	119.3392	observed	0.6469	SYNTHETIC_TEACHING_FIXTURE
SYN_TRAJ_006	31	12.31	115.0235		estimator_failure		SYNTHETIC_TEACHING_FIXTURE
SYN_TRAJ_006	32	12.32	115.5296	115.5296	observed	0.9832	SYNTHETIC_TEACHING_FIXTURE
SYN_TRAJ_006	33	12.33	116.0808	116.0808	observed	0.5234	SYNTHETIC_TEACHING_FIXTURE
SYN_TRAJ_006	34	12.34	113.0631	113.0631	observed	0.3237	SYNTHETIC_TEACHING_FIXTURE
SYN_TRAJ_006	35	12.35	116.507	116.507	observed	0.7676	SYNTHETIC_TEACHING_FIXTURE
SYN_TRAJ_006	36	12.36	112.2596	112.2596	observed	0.4503	SYNTHETIC_TEACHING_FIXTURE
SYN_TRAJ_006	37	12.37	110.3195	110.3195	observed	0.4357	SYNTHETIC_TEACHING_FIXTURE
SYN_TRAJ_006	38	12.38	112.2443	112.2443	observed	0.6742	SYNTHETIC_TEACHING_FIXTURE
SYN_TRAJ_006	39	12.39	108.3464	108.3464	observed	0.8479	SYNTHETIC_TEACHING_FIXTURE
SYN_TRAJ_006	40	12.4	108.2076	108.2076	observed	0.759	SYNTHETIC_TEACHING_FIXTURE
SYN_TRAJ_006	41	12.41	109.9595	109.9595	observed	0.2545	SYNTHETIC_TEACHING_FIXTURE
SYN_TRAJ_006	42	12.42	112.1337	112.1337	observed	0.4498	SYNTHETIC_TEACHING_FIXTURE
SYN_TRAJ_006	43	12.43	112.2654	112.2654	observed	0.7534	SYNTHETIC_TEACHING_FIXTURE
SYN_TRAJ_006	44	12.44	111.9541	111.9541	observed	0.9562	SYNTHETIC_TEACHING_FIXTURE
SYN_TRAJ_006	45	12.45	111.164	111.164	observed	0.7252	SYNTHETIC_TEACHING_FIXTURE
SYN_TRAJ_006	46	12.46	110.6245	110.6245	observed	0.9245	SYNTHETIC_TEACHING_FIXTURE
SYN_TRAJ_007	0	14.0	118.5326	118.5326	observed	0.6264	SYNTHETIC_TEACHING_FIXTURE
SYN_TRAJ_007	1	14.01	117.516	117.516	observed	0.3421	SYNTHETIC_TEACHING_FIXTURE
SYN_TRAJ_007	2	14.02	117.3166	117.3166	observed	0.4497	SYNTHETIC_TEACHING_FIXTURE
SYN_TRAJ_007	3	14.03	116.7249	116.7249	observed	0.7673	SYNTHETIC_TEACHING_FIXTURE
SYN_TRAJ_007	4	14.04	118.3548	118.3548	observed	0.8085	SYNTHETIC_TEACHING_FIXTURE
SYN_TRAJ_007	5	14.05	117.5682	117.5682	observed	0.6349	SYNTHETIC_TEACHING_FIXTURE
SYN_TRAJ_007	6	14.06	117.932	117.932	observed	0.4902	SYNTHETIC_TEACHING_FIXTURE
SYN_TRAJ_007	7	14.07	116.8104	116.8104	observed	0.2518	SYNTHETIC_TEACHING_FIXTURE
SYN_TRAJ_007	8	14.08	114.5639	114.5639	observed	0.4401	SYNTHETIC_TEACHING_FIXTURE
SYN_TRAJ_007	9	14.09	116.2376	116.2376	observed	0.7528	SYNTHETIC_TEACHING_FIXTURE
SYN_TRAJ_007	10	14.1	123.3871	123.3871	observed	0.6944	SYNTHETIC_TEACHING_FIXTURE
SYN_TRAJ_007	11	14.11	123.536	123.536	observed	0.9769	SYNTHETIC_TEACHING_FIXTURE
SYN_TRAJ_007	12	14.12	127.6283	127.6283	observed	0.3273	SYNTHETIC_TEACHING_FIXTURE
SYN_TRAJ_007	13	14.13	132.4732	132.4732	observed	0.729	SYNTHETIC_TEACHING_FIXTURE
SYN_TRAJ_007	14	14.14	132.0725	132.0725	observed	0.8977	SYNTHETIC_TEACHING_FIXTURE
SYN_TRAJ_007	15	14.15	134.1475	134.1475	observed	0.5114	SYNTHETIC_TEACHING_FIXTURE
SYN_TRAJ_007	16	14.16	135.7654	135.7654	observed	0.3739	SYNTHETIC_TEACHING_FIXTURE
SYN_TRAJ_007	17	14.17	138.6593	138.6593	observed	0.6443	SYNTHETIC_TEACHING_FIXTURE
SYN_TRAJ_007	18	14.18	141.7882	141.7882	observed	0.521	SYNTHETIC_TEACHING_FIXTURE
SYN_TRAJ_007	19	14.19	141.476	141.476	observed	0.505	SYNTHETIC_TEACHING_FIXTURE
SYN_TRAJ_007	20	14.2	140.0784	140.0784	observed	0.7543	SYNTHETIC_TEACHING_FIXTURE
SYN_TRAJ_007	21	14.21	138.4646	138.4646	observed	0.3809	SYNTHETIC_TEACHING_FIXTURE
SYN_TRAJ_007	22	14.22	133.3733	133.3733	observed	0.3831	SYNTHETIC_TEACHING_FIXTURE
SYN_TRAJ_007	23	14.23	130.7641	130.7641	observed	0.8367	SYNTHETIC_TEACHING_FIXTURE
SYN_TRAJ_007	24	14.24	129.1114	129.1114	observed	0.6027	SYNTHETIC_TEACHING_FIXTURE
SYN_TRAJ_007	25	14.25	127.1376	127.1376	observed	0.8612	SYNTHETIC_TEACHING_FIXTURE
SYN_TRAJ_007	26	14.26	122.4204	122.4204	observed	0.5326	SYNTHETIC_TEACHING_FIXTURE
SYN_TRAJ_007	27	14.27	119.5052	119.5052	observed	0.8701	SYNTHETIC_TEACHING_FIXTURE
SYN_TRAJ_007	28	14.28	114.7313	114.7313	observed	0.8071	SYNTHETIC_TEACHING_FIXTURE
SYN_TRAJ_007	29	14.29	114.5248	114.5248	observed	0.3205	SYNTHETIC_TEACHING_FIXTURE
SYN_TRAJ_007	30	14.3	114.4293	114.4293	observed	0.6304	SYNTHETIC_TEACHING_FIXTURE
SYN_TRAJ_007	31	14.31	112.6854	112.6854	observed	0.3878	SYNTHETIC_TEACHING_FIXTURE
SYN_TRAJ_007	32	14.32	114.1608	114.1608	observed	0.8682	SYNTHETIC_TEACHING_FIXTURE
SYN_TRAJ_008	0	16.0	123.3326	123.3326	observed	0.572	SYNTHETIC_TEACHING_FIXTURE
SYN_TRAJ_008	1	16.01	122.4567	122.4567	observed	0.9761	SYNTHETIC_TEACHING_FIXTURE
SYN_TRAJ_008	2	16.02	123.9799	123.9799	observed	0.8108	SYNTHETIC_TEACHING_FIXTURE
SYN_TRAJ_008	3	16.03	124.4922	124.4922	observed	0.8553	SYNTHETIC_TEACHING_FIXTURE
SYN_TRAJ_008	4	16.04	124.5916	124.5916	observed	0.5606	SYNTHETIC_TEACHING_FIXTURE
SYN_TRAJ_008	5	16.05	127.1493	127.1493	observed	0.3414	SYNTHETIC_TEACHING_FIXTURE
SYN_TRAJ_008	6	16.06	129.0617	129.0617	observed	0.5639	SYNTHETIC_TEACHING_FIXTURE
SYN_TRAJ_008	7	16.07	133.3281	133.3281	observed	0.8598	SYNTHETIC_TEACHING_FIXTURE
SYN_TRAJ_008	8	16.08	131.8364	131.8364	observed	0.4309	SYNTHETIC_TEACHING_FIXTURE
SYN_TRAJ_008	9	16.09	133.0347	133.0347	observed	0.7293	SYNTHETIC_TEACHING_FIXTURE
SYN_TRAJ_008	10	16.1	132.9011	132.9011	observed	0.706	SYNTHETIC_TEACHING_FIXTURE
SYN_TRAJ_008	11	16.11	133.8434	133.8434	observed	0.7362	SYNTHETIC_TEACHING_FIXTURE
SYN_TRAJ_008	12	16.12	133.7211	133.7211	observed	0.2527	SYNTHETIC_TEACHING_FIXTURE
SYN_TRAJ_008	13	16.13	132.5978	132.5978	observed	0.8753	SYNTHETIC_TEACHING_FIXTURE
SYN_TRAJ_008	14	16.14	136.2248	136.2248	observed	0.6526	SYNTHETIC_TEACHING_FIXTURE
SYN_TRAJ_008	15	16.15	134.6496	134.6496	observed	0.323	SYNTHETIC_TEACHING_FIXTURE
SYN_TRAJ_008	16	16.16	135.9782	135.9782	observed	0.9118	SYNTHETIC_TEACHING_FIXTURE
SYN_TRAJ_008	17	16.17	134.9851	134.9851	observed	0.746	SYNTHETIC_TEACHING_FIXTURE
SYN_TRAJ_008	18	16.18	138.5067	138.5067	observed	0.554	SYNTHETIC_TEACHING_FIXTURE
SYN_TRAJ_008	19	16.19	137.0758	137.0758	observed	0.7351	SYNTHETIC_TEACHING_FIXTURE
SYN_TRAJ_008	20	16.2	139.8101	139.8101	observed	0.3654	SYNTHETIC_TEACHING_FIXTURE
SYN_TRAJ_008	21	16.21	137.4742	137.4742	observed	0.7606	SYNTHETIC_TEACHING_FIXTURE
SYN_TRAJ_008	22	16.22	135.1338	135.1338	observed	0.2632	SYNTHETIC_TEACHING_FIXTURE
SYN_TRAJ_008	23	16.23	132.6058	132.6058	observed	0.6642	SYNTHETIC_TEACHING_FIXTURE
SYN_TRAJ_008	24	16.24	133.1868	133.1868	observed	0.479	SYNTHETIC_TEACHING_FIXTURE
SYN_TRAJ_008	25	16.25	135.1937	135.1937	observed	0.9345	SYNTHETIC_TEACHING_FIXTURE
SYN_TRAJ_008	26	16.26	132.9951	132.9951	observed	0.6118	SYNTHETIC_TEACHING_FIXTURE
SYN_TRAJ_008	27	16.27	130.1633	130.1633	observed	0.3821	SYNTHETIC_TEACHING_FIXTURE
SYN_TRAJ_008	28	16.28	126.9388	126.9388	observed	0.3243	SYNTHETIC_TEACHING_FIXTURE
SYN_TRAJ_008	29	16.29	126.6193	126.6193	observed	0.8648	SYNTHETIC_TEACHING_FIXTURE
SYN_TRAJ_008	30	16.3	125.9631	125.9631	observed	0.5434	SYNTHETIC_TEACHING_FIXTURE
SYN_TRAJ_008	31	16.31	120.9689	120.9689	observed	0.3219	SYNTHETIC_TEACHING_FIXTURE
SYN_TRAJ_008	32	16.32	121.2509	121.2509	observed	0.7687	SYNTHETIC_TEACHING_FIXTURE
SYN_TRAJ_008	33	16.33	119.709	119.709	observed	0.6824	SYNTHETIC_TEACHING_FIXTURE
SYN_TRAJ_008	34	16.34	118.5124	118.5124	observed	0.8143	SYNTHETIC_TEACHING_FIXTURE
SYN_TRAJ_008	35	16.35	118.0255	118.0255	observed	0.3214	SYNTHETIC_TEACHING_FIXTURE
SYN_TRAJ_008	36	16.36	117.6549	117.6549	observed	0.8312	SYNTHETIC_TEACHING_FIXTURE
SYN_TRAJ_008	37	16.37	118.2221		quality_rejection		SYNTHETIC_TEACHING_FIXTURE
SYN_TRAJ_008	38	16.38	111.4605	111.4605	observed	0.9489	SYNTHETIC_TEACHING_FIXTURE
SYN_TRAJ_008	39	16.39	112.9754	112.9754	observed	0.3743	SYNTHETIC_TEACHING_FIXTURE
SYN_TRAJ_008	40	16.4	112.709	112.709	observed	0.5222	SYNTHETIC_TEACHING_FIXTURE
SYN_TRAJ_008	41	16.41	114.1229	114.1229	observed	0.5806	SYNTHETIC_TEACHING_FIXTURE
SYN_TRAJ_008	42	16.42	111.566	111.566	observed	0.3797	SYNTHETIC_TEACHING_FIXTURE
SYN_TRAJ_008	43	16.43	111.8667	111.8667	observed	0.7137	SYNTHETIC_TEACHING_FIXTURE
SYN_TRAJ_008	44	16.44	113.352	113.352	observed	0.5554	SYNTHETIC_TEACHING_FIXTURE
SYN_TRAJ_009	0	18.0	134.0282	134.0282	observed	0.4598	SYNTHETIC_TEACHING_FIXTURE
SYN_TRAJ_009	1	18.01	133.7816	133.7816	observed	0.5844	SYNTHETIC_TEACHING_FIXTURE
SYN_TRAJ_009	2	18.02	136.9979	136.9979	observed	0.3952	SYNTHETIC_TEACHING_FIXTURE
SYN_TRAJ_009	3	18.03	135.5492	135.5492	observed	0.298	SYNTHETIC_TEACHING_FIXTURE
SYN_TRAJ_009	4	18.04	132.6185	132.6185	observed	0.5777	SYNTHETIC_TEACHING_FIXTURE
SYN_TRAJ_009	5	18.05	134.9829	134.9829	observed	0.9333	SYNTHETIC_TEACHING_FIXTURE
SYN_TRAJ_009	6	18.06	133.0342	133.0342	observed	0.5943	SYNTHETIC_TEACHING_FIXTURE
SYN_TRAJ_009	7	18.07	139.9158	139.9158	observed	0.5118	SYNTHETIC_TEACHING_FIXTURE
SYN_TRAJ_009	8	18.08	144.7514	144.7514	observed	0.5971	SYNTHETIC_TEACHING_FIXTURE
SYN_TRAJ_009	9	18.09	142.4711	142.4711	observed	0.4677	SYNTHETIC_TEACHING_FIXTURE
SYN_TRAJ_009	10	18.1	142.7109	142.7109	observed	0.4134	SYNTHETIC_TEACHING_FIXTURE
SYN_TRAJ_009	11	18.11	143.4905	143.4905	observed	0.7959	SYNTHETIC_TEACHING_FIXTURE
SYN_TRAJ_009	12	18.12	144.8505	144.8505	observed	0.9276	SYNTHETIC_TEACHING_FIXTURE
SYN_TRAJ_009	13	18.13	150.7387	150.7387	observed	0.4731	SYNTHETIC_TEACHING_FIXTURE
SYN_TRAJ_009	14	18.14	153.7887	153.7887	observed	0.7161	SYNTHETIC_TEACHING_FIXTURE
SYN_TRAJ_009	15	18.15	156.0822	156.0822	observed	0.9164	SYNTHETIC_TEACHING_FIXTURE
SYN_TRAJ_009	16	18.16	158.8397	158.8397	observed	0.8577	SYNTHETIC_TEACHING_FIXTURE
SYN_TRAJ_009	17	18.17	155.6448	155.6448	observed	0.46	SYNTHETIC_TEACHING_FIXTURE
SYN_TRAJ_009	18	18.18	152.9141	152.9141	observed	0.7947	SYNTHETIC_TEACHING_FIXTURE
SYN_TRAJ_009	19	18.19	152.5336	152.5336	observed	0.5444	SYNTHETIC_TEACHING_FIXTURE
SYN_TRAJ_009	20	18.2	146.864	146.864	observed	0.4172	SYNTHETIC_TEACHING_FIXTURE
SYN_TRAJ_009	21	18.21	145.2199	145.2199	observed	0.3565	SYNTHETIC_TEACHING_FIXTURE
SYN_TRAJ_009	22	18.22	140.5638	140.5638	observed	0.371	SYNTHETIC_TEACHING_FIXTURE
SYN_TRAJ_009	23	18.23	136.9072	136.9072	observed	0.6486	SYNTHETIC_TEACHING_FIXTURE
SYN_TRAJ_009	24	18.24	136.4009	136.4009	observed	0.7848	SYNTHETIC_TEACHING_FIXTURE
SYN_TRAJ_009	25	18.25	134.5963	134.5963	observed	0.9576	SYNTHETIC_TEACHING_FIXTURE
SYN_TRAJ_009	26	18.26	133.0844	133.0844	observed	0.7746	SYNTHETIC_TEACHING_FIXTURE
SYN_TRAJ_009	27	18.27	132.0952	132.0952	observed	0.3965	SYNTHETIC_TEACHING_FIXTURE
SYN_TRAJ_009	28	18.28	129.8624	129.8624	observed	0.6926	SYNTHETIC_TEACHING_FIXTURE
SYN_TRAJ_010	0	20.0			structural_unvoiced		SYNTHETIC_TEACHING_FIXTURE
SYN_TRAJ_010	1	20.01			structural_unvoiced		SYNTHETIC_TEACHING_FIXTURE
SYN_TRAJ_010	2	20.02			structural_unvoiced		SYNTHETIC_TEACHING_FIXTURE
SYN_TRAJ_010	3	20.03	136.2137	136.2137	observed	0.4556	SYNTHETIC_TEACHING_FIXTURE
SYN_TRAJ_010	4	20.04	136.7019	136.7019	observed	0.6377	SYNTHETIC_TEACHING_FIXTURE
SYN_TRAJ_010	5	20.05	136.6416	136.6416	observed	0.9744	SYNTHETIC_TEACHING_FIXTURE
SYN_TRAJ_010	6	20.06	139.4217	139.4217	observed	0.3045	SYNTHETIC_TEACHING_FIXTURE
SYN_TRAJ_010	7	20.07	139.7869	139.7869	observed	0.9018	SYNTHETIC_TEACHING_FIXTURE
SYN_TRAJ_010	8	20.08	143.3992	143.3992	observed	0.3513	SYNTHETIC_TEACHING_FIXTURE
SYN_TRAJ_010	9	20.09	142.7487	142.7487	observed	0.8987	SYNTHETIC_TEACHING_FIXTURE
SYN_TRAJ_010	10	20.1	144.0349	144.0349	observed	0.3077	SYNTHETIC_TEACHING_FIXTURE
SYN_TRAJ_010	11	20.11	140.7365	140.7365	observed	0.3669	SYNTHETIC_TEACHING_FIXTURE
SYN_TRAJ_010	12	20.12	146.13		quality_rejection		SYNTHETIC_TEACHING_FIXTURE
SYN_TRAJ_010	13	20.13	146.325	146.325	observed	0.4049	SYNTHETIC_TEACHING_FIXTURE
SYN_TRAJ_010	14	20.14	147.9102	147.9102	observed	0.895	SYNTHETIC_TEACHING_FIXTURE
SYN_TRAJ_010	15	20.15	149.465	149.465	observed	0.5952	SYNTHETIC_TEACHING_FIXTURE
SYN_TRAJ_010	16	20.16	147.6575	147.6575	observed	0.6826	SYNTHETIC_TEACHING_FIXTURE
SYN_TRAJ_010	17	20.17	149.6076	149.6076	observed	0.5137	SYNTHETIC_TEACHING_FIXTURE
SYN_TRAJ_010	18	20.18	153.3599		estimator_failure		SYNTHETIC_TEACHING_FIXTURE
SYN_TRAJ_010	19	20.19	156.6111	156.6111	observed	0.3124	SYNTHETIC_TEACHING_FIXTURE
SYN_TRAJ_010	20	20.2	156.1158	156.1158	observed	0.3026	SYNTHETIC_TEACHING_FIXTURE
SYN_TRAJ_010	21	20.21	157.6233	157.6233	observed	0.4527	SYNTHETIC_TEACHING_FIXTURE
SYN_TRAJ_010	22	20.22	154.0284	154.0284	observed	0.3056	SYNTHETIC_TEACHING_FIXTURE
SYN_TRAJ_010	23	20.23	151.5878	151.5878	observed	0.6432	SYNTHETIC_TEACHING_FIXTURE
SYN_TRAJ_010	24	20.24	155.2089	155.2089	observed	0.676	SYNTHETIC_TEACHING_FIXTURE
SYN_TRAJ_010	25	20.25	157.2553	157.2553	observed	0.452	SYNTHETIC_TEACHING_FIXTURE
SYN_TRAJ_010	26	20.26	155.4306	155.4306	observed	0.273	SYNTHETIC_TEACHING_FIXTURE
SYN_TRAJ_010	27	20.27	153.2426	153.2426	observed	0.3402	SYNTHETIC_TEACHING_FIXTURE
SYN_TRAJ_010	28	20.28	150.2871	150.2871	observed	0.7156	SYNTHETIC_TEACHING_FIXTURE
SYN_TRAJ_010	29	20.29	152.1635	152.1635	observed	0.5793	SYNTHETIC_TEACHING_FIXTURE
SYN_TRAJ_010	30	20.3	149.8628	149.8628	observed	0.6499	SYNTHETIC_TEACHING_FIXTURE
SYN_TRAJ_010	31	20.31	148.6138	148.6138	observed	0.9064	SYNTHETIC_TEACHING_FIXTURE
SYN_TRAJ_010	32	20.32	143.4623	143.4623	observed	0.717	SYNTHETIC_TEACHING_FIXTURE
SYN_TRAJ_010	33	20.33	139.3325	139.3325	observed	0.3715	SYNTHETIC_TEACHING_FIXTURE
SYN_TRAJ_010	34	20.34	137.9594	137.9594	observed	0.7045	SYNTHETIC_TEACHING_FIXTURE
SYN_TRAJ_010	35	20.35	136.8973	136.8973	observed	0.771	SYNTHETIC_TEACHING_FIXTURE
SYN_TRAJ_010	36	20.36	132.7866	132.7866	observed	0.5613	SYNTHETIC_TEACHING_FIXTURE
SYN_TRAJ_010	37	20.37	132.378	132.378	observed	0.3819	SYNTHETIC_TEACHING_FIXTURE
SYN_TRAJ_010	38	20.38	132.3761	132.3761	observed	0.6003	SYNTHETIC_TEACHING_FIXTURE
SYN_TRAJ_010	39	20.39	126.7138	126.7138	observed	0.782	SYNTHETIC_TEACHING_FIXTURE
SYN_TRAJ_010	40	20.4	129.1867	129.1867	observed	0.7971	SYNTHETIC_TEACHING_FIXTURE
SYN_TRAJ_010	41	20.41	129.1961	129.1961	observed	0.7437	SYNTHETIC_TEACHING_FIXTURE
SYN_TRAJ_010	42	20.42	130.0586	130.0586	observed	0.3551	SYNTHETIC_TEACHING_FIXTURE
SYN_TRAJ_010	43	20.43	129.8925	129.8925	observed	0.3066	SYNTHETIC_TEACHING_FIXTURE
SYN_TRAJ_010	44	20.44	131.1474	131.1474	observed	0.826	SYNTHETIC_TEACHING_FIXTURE
SYN_TRAJ_010	45	20.45	128.2857	128.2857	observed	0.7375	SYNTHETIC_TEACHING_FIXTURE
SYN_TRAJ_010	46	20.46	125.2331	125.2331	observed	0.3345	SYNTHETIC_TEACHING_FIXTURE
SYN_TRAJ_010	47	20.47	130.747	130.747	observed	0.7706	SYNTHETIC_TEACHING_FIXTURE
SYN_TRAJ_010	48	20.48	130.594	130.594	observed	0.9483	SYNTHETIC_TEACHING_FIXTURE
SYN_TRAJ_010	49	20.49			structural_unvoiced		SYNTHETIC_TEACHING_FIXTURE
SYN_TRAJ_010	50	20.5			structural_unvoiced		SYNTHETIC_TEACHING_FIXTURE
SYN_TRAJ_011	0	22.0	138.6099	138.6099	observed	0.616	SYNTHETIC_TEACHING_FIXTURE
SYN_TRAJ_011	1	22.01	140.7759	140.7759	observed	0.6943	SYNTHETIC_TEACHING_FIXTURE
SYN_TRAJ_011	2	22.02	138.3556	138.3556	observed	0.6934	SYNTHETIC_TEACHING_FIXTURE
SYN_TRAJ_011	3	22.03	134.4252	134.4252	observed	0.4239	SYNTHETIC_TEACHING_FIXTURE
SYN_TRAJ_011	4	22.04	138.0297	138.0297	observed	0.6408	SYNTHETIC_TEACHING_FIXTURE
SYN_TRAJ_011	5	22.05	135.0483	135.0483	observed	0.9521	SYNTHETIC_TEACHING_FIXTURE
SYN_TRAJ_011	6	22.06	131.5687	131.5687	observed	0.2647	SYNTHETIC_TEACHING_FIXTURE
SYN_TRAJ_011	7	22.07	136.9145	136.9145	observed	0.8084	SYNTHETIC_TEACHING_FIXTURE
SYN_TRAJ_011	8	22.08	135.003	135.003	observed	0.4006	SYNTHETIC_TEACHING_FIXTURE
SYN_TRAJ_011	9	22.09	136.5935	136.5935	observed	0.6117	SYNTHETIC_TEACHING_FIXTURE
SYN_TRAJ_011	10	22.1	136.5808	136.5808	observed	0.3921	SYNTHETIC_TEACHING_FIXTURE
SYN_TRAJ_011	11	22.11	137.9535	137.9535	observed	0.7967	SYNTHETIC_TEACHING_FIXTURE
SYN_TRAJ_011	12	22.12	136.2942	136.2942	observed	0.7883	SYNTHETIC_TEACHING_FIXTURE
SYN_TRAJ_011	13	22.13	142.4583	142.4583	observed	0.8819	SYNTHETIC_TEACHING_FIXTURE
SYN_TRAJ_011	14	22.14	145.5198	145.5198	observed	0.6469	SYNTHETIC_TEACHING_FIXTURE
SYN_TRAJ_011	15	22.15	147.5986	147.5986	observed	0.8132	SYNTHETIC_TEACHING_FIXTURE
SYN_TRAJ_011	16	22.16	150.7102	150.7102	observed	0.6005	SYNTHETIC_TEACHING_FIXTURE
SYN_TRAJ_011	17	22.17	154.3893	154.3893	observed	0.2945	SYNTHETIC_TEACHING_FIXTURE
SYN_TRAJ_011	18	22.18	156.7785	156.7785	observed	0.3809	SYNTHETIC_TEACHING_FIXTURE
SYN_TRAJ_011	19	22.19	158.4766	158.4766	observed	0.9127	SYNTHETIC_TEACHING_FIXTURE
SYN_TRAJ_011	20	22.2	154.6265	154.6265	observed	0.3338	SYNTHETIC_TEACHING_FIXTURE
SYN_TRAJ_011	21	22.21	153.474	153.474	observed	0.8607	SYNTHETIC_TEACHING_FIXTURE
SYN_TRAJ_011	22	22.22	151.556	151.556	observed	0.3033	SYNTHETIC_TEACHING_FIXTURE
SYN_TRAJ_011	23	22.23	147.9832	147.9832	observed	0.7465	SYNTHETIC_TEACHING_FIXTURE
SYN_TRAJ_011	24	22.24	141.7859	141.7859	observed	0.917	SYNTHETIC_TEACHING_FIXTURE
SYN_TRAJ_011	25	22.25	139.5537	139.5537	observed	0.7175	SYNTHETIC_TEACHING_FIXTURE
SYN_TRAJ_011	26	22.26	141.9302	141.9302	observed	0.7033	SYNTHETIC_TEACHING_FIXTURE
SYN_TRAJ_011	27	22.27	142.2254	142.2254	observed	0.8494	SYNTHETIC_TEACHING_FIXTURE
SYN_TRAJ_011	28	22.28	137.6849	137.6849	observed	0.6226	SYNTHETIC_TEACHING_FIXTURE
SYN_TRAJ_011	29	22.29	130.7784	130.7784	observed	0.8316	SYNTHETIC_TEACHING_FIXTURE
SYN_TRAJ_011	30	22.3	130.0101	130.0101	observed	0.7929	SYNTHETIC_TEACHING_FIXTURE
SYN_TRAJ_011	31	22.31	131.1707	131.1707	observed	0.2656	SYNTHETIC_TEACHING_FIXTURE
SYN_TRAJ_011	32	22.32	132.2316	132.2316	observed	0.9389	SYNTHETIC_TEACHING_FIXTURE
SYN_TRAJ_011	33	22.33	131.7672	131.7672	observed	0.8883	SYNTHETIC_TEACHING_FIXTURE
SYN_TRAJ_012	0	24.0	140.5871	140.5871	observed	0.7084	SYNTHETIC_TEACHING_FIXTURE
SYN_TRAJ_012	1	24.01	139.8043	139.8043	observed	0.6848	SYNTHETIC_TEACHING_FIXTURE
SYN_TRAJ_012	2	24.02	140.2596	140.2596	observed	0.4568	SYNTHETIC_TEACHING_FIXTURE
SYN_TRAJ_012	3	24.03	140.0035	140.0035	observed	0.9461	SYNTHETIC_TEACHING_FIXTURE
SYN_TRAJ_012	4	24.04	138.1848	138.1848	observed	0.4535	SYNTHETIC_TEACHING_FIXTURE
SYN_TRAJ_012	5	24.05	141.1843	141.1843	observed	0.8897	SYNTHETIC_TEACHING_FIXTURE
SYN_TRAJ_012	6	24.06	139.7186	139.7186	observed	0.8687	SYNTHETIC_TEACHING_FIXTURE
SYN_TRAJ_012	7	24.07	143.8556	143.8556	observed	0.2681	SYNTHETIC_TEACHING_FIXTURE
SYN_TRAJ_012	8	24.08	144.3148	144.3148	observed	0.6775	SYNTHETIC_TEACHING_FIXTURE
SYN_TRAJ_012	9	24.09	142.5741	142.5741	observed	0.3389	SYNTHETIC_TEACHING_FIXTURE
SYN_TRAJ_012	10	24.1	141.5443	141.5443	observed	0.2604	SYNTHETIC_TEACHING_FIXTURE
SYN_TRAJ_012	11	24.11	143.9969	143.9969	observed	0.9531	SYNTHETIC_TEACHING_FIXTURE
SYN_TRAJ_012	12	24.12	147.8419	147.8419	observed	0.328	SYNTHETIC_TEACHING_FIXTURE
SYN_TRAJ_012	13	24.13	144.3655	144.3655	observed	0.7179	SYNTHETIC_TEACHING_FIXTURE
SYN_TRAJ_012	14	24.14	147.7384	147.7384	observed	0.4309	SYNTHETIC_TEACHING_FIXTURE
SYN_TRAJ_012	15	24.15	149.2046	149.2046	observed	0.3362	SYNTHETIC_TEACHING_FIXTURE
SYN_TRAJ_012	16	24.16	150.9624	150.9624	observed	0.4752	SYNTHETIC_TEACHING_FIXTURE
SYN_TRAJ_012	17	24.17	153.489	153.489	observed	0.5207	SYNTHETIC_TEACHING_FIXTURE
SYN_TRAJ_012	18	24.18	157.703	157.703	observed	0.8062	SYNTHETIC_TEACHING_FIXTURE
SYN_TRAJ_012	19	24.19	157.2521	157.2521	observed	0.6353	SYNTHETIC_TEACHING_FIXTURE
SYN_TRAJ_012	20	24.2	161.0328	161.0328	observed	0.4481	SYNTHETIC_TEACHING_FIXTURE
SYN_TRAJ_012	21	24.21	154.8013	154.8013	observed	0.605	SYNTHETIC_TEACHING_FIXTURE
SYN_TRAJ_012	22	24.22	152.3133	152.3133	observed	0.7252	SYNTHETIC_TEACHING_FIXTURE
SYN_TRAJ_012	23	24.23	149.7599	149.7599	observed	0.5772	SYNTHETIC_TEACHING_FIXTURE
SYN_TRAJ_012	24	24.24	149.1127	149.1127	observed	0.4725	SYNTHETIC_TEACHING_FIXTURE
SYN_TRAJ_012	25	24.25	150.7239	150.7239	observed	0.6182	SYNTHETIC_TEACHING_FIXTURE
SYN_TRAJ_012	26	24.26	146.2762	146.2762	observed	0.748	SYNTHETIC_TEACHING_FIXTURE
SYN_TRAJ_012	27	24.27	144.2393	144.2393	observed	0.8639	SYNTHETIC_TEACHING_FIXTURE
SYN_TRAJ_012	28	24.28	143.8904	143.8904	observed	0.2898	SYNTHETIC_TEACHING_FIXTURE
SYN_TRAJ_012	29	24.29	140.751	140.751	observed	0.5005	SYNTHETIC_TEACHING_FIXTURE
SYN_TRAJ_012	30	24.3	140.0029	140.0029	observed	0.9635	SYNTHETIC_TEACHING_FIXTURE
SYN_TRAJ_012	31	24.31	135.3754	135.3754	observed	0.9752	SYNTHETIC_TEACHING_FIXTURE
SYN_TRAJ_012	32	24.32	131.919	131.919	observed	0.8393	SYNTHETIC_TEACHING_FIXTURE
SYN_TRAJ_012	33	24.33	130.1582	130.1582	observed	0.9747	SYNTHETIC_TEACHING_FIXTURE
SYN_TRAJ_012	34	24.34	129.3597	129.3597	observed	0.5601	SYNTHETIC_TEACHING_FIXTURE
SYN_TRAJ_012	35	24.35	134.3941	134.3941	observed	0.7403	SYNTHETIC_TEACHING_FIXTURE
SYN_TRAJ_012	36	24.36	131.0091	131.0091	observed	0.8088	SYNTHETIC_TEACHING_FIXTURE
SYN_TRAJ_012	37	24.37	131.3009	131.3009	observed	0.6893	SYNTHETIC_TEACHING_FIXTURE
SYN_TRAJ_012	38	24.38	129.4776	129.4776	observed	0.8637	SYNTHETIC_TEACHING_FIXTURE
SYN_TRAJ_012	39	24.39	127.7279	127.7279	observed	0.3696	SYNTHETIC_TEACHING_FIXTURE
SYN_TRAJ_012	40	24.4	128.253	128.253	observed	0.4755	SYNTHETIC_TEACHING_FIXTURE
SYN_TRAJ_012	41	24.41	125.2959	125.2959	observed	0.953	SYNTHETIC_TEACHING_FIXTURE
SYN_TRAJ_012	42	24.42	126.0572	126.0572	observed	0.3247	SYNTHETIC_TEACHING_FIXTURE
SYN_TRAJ_012	43	24.43	126.1098	126.1098	observed	0.8192	SYNTHETIC_TEACHING_FIXTURE
SYN_TRAJ_013	0	26.0	138.6948	138.6948	observed	0.8505	SYNTHETIC_TEACHING_FIXTURE
SYN_TRAJ_013	1	26.01	136.6814	136.6814	observed	0.7522	SYNTHETIC_TEACHING_FIXTURE
SYN_TRAJ_013	2	26.02	136.571	136.571	observed	0.6234	SYNTHETIC_TEACHING_FIXTURE
SYN_TRAJ_013	3	26.03	140.5601	140.5601	observed	0.6902	SYNTHETIC_TEACHING_FIXTURE
SYN_TRAJ_013	4	26.04	138.9996	138.9996	observed	0.5453	SYNTHETIC_TEACHING_FIXTURE
SYN_TRAJ_013	5	26.05	137.3926	137.3926	observed	0.3462	SYNTHETIC_TEACHING_FIXTURE
SYN_TRAJ_013	6	26.06	139.0811	139.0811	observed	0.394	SYNTHETIC_TEACHING_FIXTURE
SYN_TRAJ_013	7	26.07	137.8651	137.8651	observed	0.5856	SYNTHETIC_TEACHING_FIXTURE
SYN_TRAJ_013	8	26.08	135.9314	135.9314	observed	0.7116	SYNTHETIC_TEACHING_FIXTURE
SYN_TRAJ_013	9	26.09	139.3451	139.3451	observed	0.5874	SYNTHETIC_TEACHING_FIXTURE
SYN_TRAJ_013	10	26.1	145.5435	145.5435	observed	0.5463	SYNTHETIC_TEACHING_FIXTURE
SYN_TRAJ_013	11	26.11	144.4969	144.4969	observed	0.2934	SYNTHETIC_TEACHING_FIXTURE
SYN_TRAJ_013	12	26.12	148.2616	148.2616	observed	0.8843	SYNTHETIC_TEACHING_FIXTURE
SYN_TRAJ_013	13	26.13	145.9362	145.9362	observed	0.9673	SYNTHETIC_TEACHING_FIXTURE
SYN_TRAJ_013	14	26.14	149.6391	149.6391	observed	0.53	SYNTHETIC_TEACHING_FIXTURE
SYN_TRAJ_013	15	26.15	152.2838	152.2838	observed	0.2851	SYNTHETIC_TEACHING_FIXTURE
SYN_TRAJ_013	16	26.16	157.2797	157.2797	observed	0.348	SYNTHETIC_TEACHING_FIXTURE
SYN_TRAJ_013	17	26.17	158.0318	158.0318	observed	0.3807	SYNTHETIC_TEACHING_FIXTURE
SYN_TRAJ_013	18	26.18	160.6809	160.6809	observed	0.7085	SYNTHETIC_TEACHING_FIXTURE
SYN_TRAJ_013	19	26.19	157.7321	157.7321	observed	0.9668	SYNTHETIC_TEACHING_FIXTURE
SYN_TRAJ_013	20	26.2	155.7773	155.7773	observed	0.6157	SYNTHETIC_TEACHING_FIXTURE
SYN_TRAJ_013	21	26.21	154.779	154.779	observed	0.9004	SYNTHETIC_TEACHING_FIXTURE
SYN_TRAJ_013	22	26.22	152.0909	152.0909	observed	0.451	SYNTHETIC_TEACHING_FIXTURE
SYN_TRAJ_013	23	26.23	144.8908	144.8908	observed	0.4136	SYNTHETIC_TEACHING_FIXTURE
SYN_TRAJ_013	24	26.24	139.6788	139.6788	observed	0.5306	SYNTHETIC_TEACHING_FIXTURE
SYN_TRAJ_013	25	26.25	136.7611	136.7611	observed	0.6325	SYNTHETIC_TEACHING_FIXTURE
SYN_TRAJ_013	26	26.26	140.0314	140.0314	observed	0.6266	SYNTHETIC_TEACHING_FIXTURE
SYN_TRAJ_013	27	26.27	137.6742	137.6742	observed	0.6213	SYNTHETIC_TEACHING_FIXTURE
SYN_TRAJ_013	28	26.28	132.2322	132.2322	observed	0.9232	SYNTHETIC_TEACHING_FIXTURE
SYN_TRAJ_013	29	26.29	134.5538	134.5538	observed	0.3411	SYNTHETIC_TEACHING_FIXTURE
SYN_TRAJ_013	30	26.3	131.1941	131.1941	observed	0.5393	SYNTHETIC_TEACHING_FIXTURE
SYN_TRAJ_014	0	28.0	136.4496	136.4496	observed	0.3074	SYNTHETIC_TEACHING_FIXTURE
SYN_TRAJ_014	1	28.01	141.0717	141.0717	observed	0.8885	SYNTHETIC_TEACHING_FIXTURE
SYN_TRAJ_014	2	28.02	143.864	143.864	observed	0.2884	SYNTHETIC_TEACHING_FIXTURE
SYN_TRAJ_014	3	28.03	143.888	143.888	observed	0.8983	SYNTHETIC_TEACHING_FIXTURE
SYN_TRAJ_014	4	28.04	145.9007	145.9007	observed	0.8792	SYNTHETIC_TEACHING_FIXTURE
SYN_TRAJ_014	5	28.05	145.8184		estimator_failure		SYNTHETIC_TEACHING_FIXTURE
SYN_TRAJ_014	6	28.06	148.2725	148.2725	observed	0.6185	SYNTHETIC_TEACHING_FIXTURE
SYN_TRAJ_014	7	28.07	147.4256	147.4256	observed	0.4939	SYNTHETIC_TEACHING_FIXTURE
SYN_TRAJ_014	8	28.08	146.6551	146.6551	observed	0.4242	SYNTHETIC_TEACHING_FIXTURE
SYN_TRAJ_014	9	28.09	147.0191	147.0191	observed	0.4374	SYNTHETIC_TEACHING_FIXTURE
SYN_TRAJ_014	10	28.1	145.314	145.314	observed	0.6656	SYNTHETIC_TEACHING_FIXTURE
SYN_TRAJ_014	11	28.11	150.3696	150.3696	observed	0.4403	SYNTHETIC_TEACHING_FIXTURE
SYN_TRAJ_014	12	28.12	150.9512	150.9512	observed	0.7303	SYNTHETIC_TEACHING_FIXTURE
SYN_TRAJ_014	13	28.13	147.4497	147.4497	observed	0.523	SYNTHETIC_TEACHING_FIXTURE
SYN_TRAJ_014	14	28.14	151.4037	151.4037	observed	0.5427	SYNTHETIC_TEACHING_FIXTURE
SYN_TRAJ_014	15	28.15	155.518	155.518	observed	0.5241	SYNTHETIC_TEACHING_FIXTURE
SYN_TRAJ_014	16	28.16	154.5474	154.5474	observed	0.8395	SYNTHETIC_TEACHING_FIXTURE
SYN_TRAJ_014	17	28.17	155.3648	155.3648	observed	0.784	SYNTHETIC_TEACHING_FIXTURE
SYN_TRAJ_014	18	28.18	159.6664	159.6664	observed	0.7417	SYNTHETIC_TEACHING_FIXTURE
SYN_TRAJ_014	19	28.19	161.0448	161.0448	observed	0.5544	SYNTHETIC_TEACHING_FIXTURE
SYN_TRAJ_014	20	28.2	157.0416	157.0416	observed	0.5704	SYNTHETIC_TEACHING_FIXTURE
SYN_TRAJ_014	21	28.21	158.1034	158.1034	observed	0.6942	SYNTHETIC_TEACHING_FIXTURE
SYN_TRAJ_014	22	28.22	156.4413	156.4413	observed	0.5287	SYNTHETIC_TEACHING_FIXTURE
SYN_TRAJ_014	23	28.23	156.2418	156.2418	observed	0.3964	SYNTHETIC_TEACHING_FIXTURE
SYN_TRAJ_014	24	28.24	156.777	156.777	observed	0.3737	SYNTHETIC_TEACHING_FIXTURE
SYN_TRAJ_014	25	28.25	151.5673	151.5673	observed	0.3891	SYNTHETIC_TEACHING_FIXTURE
SYN_TRAJ_014	26	28.26	152.3657	152.3657	observed	0.9853	SYNTHETIC_TEACHING_FIXTURE
SYN_TRAJ_014	27	28.27	152.8596	152.8596	observed	0.453	SYNTHETIC_TEACHING_FIXTURE
SYN_TRAJ_014	28	28.28	148.2414	148.2414	observed	0.2933	SYNTHETIC_TEACHING_FIXTURE
SYN_TRAJ_014	29	28.29	146.4393	146.4393	observed	0.8668	SYNTHETIC_TEACHING_FIXTURE
SYN_TRAJ_014	30	28.3	144.7565	144.7565	observed	0.9564	SYNTHETIC_TEACHING_FIXTURE
SYN_TRAJ_014	31	28.31	143.0381	143.0381	observed	0.6416	SYNTHETIC_TEACHING_FIXTURE
SYN_TRAJ_014	32	28.32	139.9134	139.9134	observed	0.2968	SYNTHETIC_TEACHING_FIXTURE
SYN_TRAJ_014	33	28.33	136.6117	136.6117	observed	0.382	SYNTHETIC_TEACHING_FIXTURE
SYN_TRAJ_014	34	28.34	137.984	137.984	observed	0.2882	SYNTHETIC_TEACHING_FIXTURE
SYN_TRAJ_014	35	28.35	135.1637	135.1637	observed	0.6854	SYNTHETIC_TEACHING_FIXTURE
SYN_TRAJ_014	36	28.36	134.3192	134.3192	observed	0.5721	SYNTHETIC_TEACHING_FIXTURE
SYN_TRAJ_014	37	28.37	136.7455	136.7455	observed	0.2568	SYNTHETIC_TEACHING_FIXTURE
SYN_TRAJ_014	38	28.38	134.8581	134.8581	observed	0.2755	SYNTHETIC_TEACHING_FIXTURE
SYN_TRAJ_014	39	28.39	132.9028	132.9028	observed	0.2899	SYNTHETIC_TEACHING_FIXTURE
SYN_TRAJ_014	40	28.4	132.0069	132.0069	observed	0.6683	SYNTHETIC_TEACHING_FIXTURE
SYN_TRAJ_014	41	28.41	136.2538	136.2538	observed	0.6245	SYNTHETIC_TEACHING_FIXTURE
SYN_TRAJ_014	42	28.42	137.1221	137.1221	observed	0.3299	SYNTHETIC_TEACHING_FIXTURE
SYN_TRAJ_014	43	28.43	136.07	136.07	observed	0.5182	SYNTHETIC_TEACHING_FIXTURE
SYN_TRAJ_014	44	28.44	135.6213	135.6213	observed	0.2691	SYNTHETIC_TEACHING_FIXTURE
SYN_TRAJ_014	45	28.45	137.8495	137.8495	observed	0.9124	SYNTHETIC_TEACHING_FIXTURE
SYN_TRAJ_014	46	28.46	133.3707	133.3707	observed	0.4899	SYNTHETIC_TEACHING_FIXTURE
SYN_TRAJ_014	47	28.47	130.7715	130.7715	observed	0.3911	SYNTHETIC_TEACHING_FIXTURE
SYN_TRAJ_015	0	30.0			structural_unvoiced		SYNTHETIC_TEACHING_FIXTURE
SYN_TRAJ_015	1	30.01			structural_unvoiced		SYNTHETIC_TEACHING_FIXTURE
SYN_TRAJ_015	2	30.02			structural_unvoiced		SYNTHETIC_TEACHING_FIXTURE
SYN_TRAJ_015	3	30.03	141.8786	141.8786	observed	0.3968	SYNTHETIC_TEACHING_FIXTURE
SYN_TRAJ_015	4	30.04	140.2392	140.2392	observed	0.9355	SYNTHETIC_TEACHING_FIXTURE
SYN_TRAJ_015	5	30.05	139.9455	139.9455	observed	0.8393	SYNTHETIC_TEACHING_FIXTURE
SYN_TRAJ_015	6	30.06	144.9187	144.9187	observed	0.7168	SYNTHETIC_TEACHING_FIXTURE
SYN_TRAJ_015	7	30.07	138.2916	138.2916	observed	0.7169	SYNTHETIC_TEACHING_FIXTURE
SYN_TRAJ_015	8	30.08	142.2767	142.2767	observed	0.823	SYNTHETIC_TEACHING_FIXTURE
SYN_TRAJ_015	9	30.09	142.6322	142.6322	observed	0.9828	SYNTHETIC_TEACHING_FIXTURE
SYN_TRAJ_015	10	30.1	140.0419	140.0419	observed	0.5389	SYNTHETIC_TEACHING_FIXTURE
SYN_TRAJ_015	11	30.11	141.6794	141.6794	observed	0.4311	SYNTHETIC_TEACHING_FIXTURE
SYN_TRAJ_015	12	30.12	145.158	145.158	observed	0.4419	SYNTHETIC_TEACHING_FIXTURE
SYN_TRAJ_015	13	30.13	147.9249	147.9249	observed	0.8387	SYNTHETIC_TEACHING_FIXTURE
SYN_TRAJ_015	14	30.14	153.6738	153.6738	observed	0.4774	SYNTHETIC_TEACHING_FIXTURE
SYN_TRAJ_015	15	30.15	158.207	158.207	observed	0.7494	SYNTHETIC_TEACHING_FIXTURE
SYN_TRAJ_015	16	30.16	158.5644	158.5644	observed	0.6823	SYNTHETIC_TEACHING_FIXTURE
SYN_TRAJ_015	17	30.17	161.0871	161.0871	observed	0.6627	SYNTHETIC_TEACHING_FIXTURE
SYN_TRAJ_015	18	30.18	161.2349		quality_rejection		SYNTHETIC_TEACHING_FIXTURE
SYN_TRAJ_015	19	30.19	161.8081	161.8081	observed	0.5172	SYNTHETIC_TEACHING_FIXTURE
SYN_TRAJ_015	20	30.2	160.6949	160.6949	observed	0.3746	SYNTHETIC_TEACHING_FIXTURE
SYN_TRAJ_015	21	30.21	159.2276	159.2276	observed	0.7481	SYNTHETIC_TEACHING_FIXTURE
SYN_TRAJ_015	22	30.22	157.2954	157.2954	observed	0.8043	SYNTHETIC_TEACHING_FIXTURE
SYN_TRAJ_015	23	30.23	153.4045	153.4045	observed	0.7851	SYNTHETIC_TEACHING_FIXTURE
SYN_TRAJ_015	24	30.24	150.8915	150.8915	observed	0.7921	SYNTHETIC_TEACHING_FIXTURE
SYN_TRAJ_015	25	30.25	146.2939	146.2939	observed	0.483	SYNTHETIC_TEACHING_FIXTURE
SYN_TRAJ_015	26	30.26	145.7006	145.7006	observed	0.3472	SYNTHETIC_TEACHING_FIXTURE
SYN_TRAJ_015	27	30.27	142.176		estimator_failure		SYNTHETIC_TEACHING_FIXTURE
SYN_TRAJ_015	28	30.28	139.5427	139.5427	observed	0.9145	SYNTHETIC_TEACHING_FIXTURE
SYN_TRAJ_015	29	30.29	139.2126	139.2126	observed	0.3662	SYNTHETIC_TEACHING_FIXTURE
SYN_TRAJ_015	30	30.3	133.5791	133.5791	observed	0.7273	SYNTHETIC_TEACHING_FIXTURE
SYN_TRAJ_015	31	30.31	133.9456	133.9456	observed	0.4614	SYNTHETIC_TEACHING_FIXTURE
SYN_TRAJ_015	32	30.32			structural_unvoiced		SYNTHETIC_TEACHING_FIXTURE
SYN_TRAJ_015	33	30.33			structural_unvoiced		SYNTHETIC_TEACHING_FIXTURE
SYN_TRAJ_016	0	32.0	143.241	143.241	observed	0.9714	SYNTHETIC_TEACHING_FIXTURE
SYN_TRAJ_016	1	32.01	140.0284	140.0284	observed	0.8516	SYNTHETIC_TEACHING_FIXTURE
SYN_TRAJ_016	2	32.02	140.5602	140.5602	observed	0.2609	SYNTHETIC_TEACHING_FIXTURE
SYN_TRAJ_016	3	32.03	143.5748	143.5748	observed	0.4209	SYNTHETIC_TEACHING_FIXTURE
SYN_TRAJ_016	4	32.04	142.2459	142.2459	observed	0.7676	SYNTHETIC_TEACHING_FIXTURE
SYN_TRAJ_016	5	32.05	145.1481	145.1481	observed	0.3239	SYNTHETIC_TEACHING_FIXTURE
SYN_TRAJ_016	6	32.06	146.3979	146.3979	observed	0.9387	SYNTHETIC_TEACHING_FIXTURE
SYN_TRAJ_016	7	32.07	144.9728	144.9728	observed	0.8591	SYNTHETIC_TEACHING_FIXTURE
SYN_TRAJ_016	8	32.08	147.4685	147.4685	observed	0.5121	SYNTHETIC_TEACHING_FIXTURE
SYN_TRAJ_016	9	32.09	151.2433	151.2433	observed	0.4969	SYNTHETIC_TEACHING_FIXTURE
SYN_TRAJ_016	10	32.1	151.582	151.582	observed	0.6167	SYNTHETIC_TEACHING_FIXTURE
SYN_TRAJ_016	11	32.11	150.6834	150.6834	observed	0.458	SYNTHETIC_TEACHING_FIXTURE
SYN_TRAJ_016	12	32.12	155.4261	155.4261	observed	0.958	SYNTHETIC_TEACHING_FIXTURE
SYN_TRAJ_016	13	32.13	156.6483	156.6483	observed	0.8243	SYNTHETIC_TEACHING_FIXTURE
SYN_TRAJ_016	14	32.14	161.7361	161.7361	observed	0.2697	SYNTHETIC_TEACHING_FIXTURE
SYN_TRAJ_016	15	32.15	160.5097	160.5097	observed	0.7431	SYNTHETIC_TEACHING_FIXTURE
SYN_TRAJ_016	16	32.16	159.6789	159.6789	observed	0.8984	SYNTHETIC_TEACHING_FIXTURE
SYN_TRAJ_016	17	32.17	164.6469	164.6469	observed	0.9648	SYNTHETIC_TEACHING_FIXTURE
SYN_TRAJ_016	18	32.18	164.8588	164.8588	observed	0.6387	SYNTHETIC_TEACHING_FIXTURE
SYN_TRAJ_016	19	32.19	159.3359	159.3359	observed	0.8588	SYNTHETIC_TEACHING_FIXTURE
SYN_TRAJ_016	20	32.2	161.0081	161.0081	observed	0.6589	SYNTHETIC_TEACHING_FIXTURE
SYN_TRAJ_016	21	32.21	160.9144	160.9144	observed	0.8179	SYNTHETIC_TEACHING_FIXTURE
SYN_TRAJ_016	22	32.22	158.6761	158.6761	observed	0.6621	SYNTHETIC_TEACHING_FIXTURE
SYN_TRAJ_016	23	32.23	159.9417	159.9417	observed	0.4298	SYNTHETIC_TEACHING_FIXTURE
SYN_TRAJ_016	24	32.24	154.0584	154.0584	observed	0.5554	SYNTHETIC_TEACHING_FIXTURE
SYN_TRAJ_016	25	32.25	155.2658	155.2658	observed	0.2731	SYNTHETIC_TEACHING_FIXTURE
SYN_TRAJ_016	26	32.26	151.2802	151.2802	observed	0.4621	SYNTHETIC_TEACHING_FIXTURE
SYN_TRAJ_016	27	32.27	152.7578	152.7578	observed	0.4959	SYNTHETIC_TEACHING_FIXTURE
SYN_TRAJ_016	28	32.28	149.8932	149.8932	observed	0.3013	SYNTHETIC_TEACHING_FIXTURE
SYN_TRAJ_016	29	32.29	144.4102	144.4102	observed	0.2553	SYNTHETIC_TEACHING_FIXTURE
SYN_TRAJ_016	30	32.3	140.0948	140.0948	observed	0.9886	SYNTHETIC_TEACHING_FIXTURE
SYN_TRAJ_016	31	32.31	137.3809	137.3809	observed	0.7648	SYNTHETIC_TEACHING_FIXTURE
SYN_TRAJ_016	32	32.32	137.0133	137.0133	observed	0.8001	SYNTHETIC_TEACHING_FIXTURE
SYN_TRAJ_016	33	32.33	134.4017	134.4017	observed	0.88	SYNTHETIC_TEACHING_FIXTURE
SYN_TRAJ_016	34	32.34	132.9711	132.9711	observed	0.6743	SYNTHETIC_TEACHING_FIXTURE
SYN_TRAJ_016	35	32.35	132.0345	132.0345	observed	0.5075	SYNTHETIC_TEACHING_FIXTURE
SYN_TRAJ_016	36	32.36	136.7388	136.7388	observed	0.9562	SYNTHETIC_TEACHING_FIXTURE
SYN_TRAJ_016	37	32.37	136.9118	136.9118	observed	0.4391	SYNTHETIC_TEACHING_FIXTURE
SYN_TRAJ_016	38	32.38	135.7992	135.7992	observed	0.889	SYNTHETIC_TEACHING_FIXTURE
SYN_TRAJ_016	39	32.39	133.8227	133.8227	observed	0.6659	SYNTHETIC_TEACHING_FIXTURE
SYN_TRAJ_016	40	32.4	130.4531	130.4531	observed	0.4947	SYNTHETIC_TEACHING_FIXTURE
SYN_TRAJ_016	41	32.41	132.0231	132.0231	observed	0.703	SYNTHETIC_TEACHING_FIXTURE
SYN_TRAJ_016	42	32.42	132.6701	132.6701	observed	0.259	SYNTHETIC_TEACHING_FIXTURE
SYN_TRAJ_016	43	32.43	134.1782	134.1782	observed	0.4337	SYNTHETIC_TEACHING_FIXTURE
SYN_TRAJ_016	44	32.44	133.8642	133.8642	observed	0.7666	SYNTHETIC_TEACHING_FIXTURE
SYN_TRAJ_017	0	34.0	113.6913	113.6913	observed	0.473	SYNTHETIC_TEACHING_FIXTURE
SYN_TRAJ_017	1	34.01	112.3057	112.3057	observed	0.9859	SYNTHETIC_TEACHING_FIXTURE
SYN_TRAJ_017	2	34.02	110.3843	110.3843	observed	0.8603	SYNTHETIC_TEACHING_FIXTURE
SYN_TRAJ_017	3	34.03	113.1788	113.1788	observed	0.306	SYNTHETIC_TEACHING_FIXTURE
SYN_TRAJ_017	4	34.04	114.0984	114.0984	observed	0.5516	SYNTHETIC_TEACHING_FIXTURE
SYN_TRAJ_017	5	34.05	113.1089	113.1089	observed	0.4886	SYNTHETIC_TEACHING_FIXTURE
SYN_TRAJ_017	6	34.06	109.5877	109.5877	observed	0.7662	SYNTHETIC_TEACHING_FIXTURE
SYN_TRAJ_017	7	34.07	112.077	112.077	observed	0.8929	SYNTHETIC_TEACHING_FIXTURE
SYN_TRAJ_017	8	34.08	113.3474	113.3474	observed	0.9019	SYNTHETIC_TEACHING_FIXTURE
SYN_TRAJ_017	9	34.09	121.7949	121.7949	observed	0.456	SYNTHETIC_TEACHING_FIXTURE
SYN_TRAJ_017	10	34.1	124.6928	124.6928	observed	0.7531	SYNTHETIC_TEACHING_FIXTURE
SYN_TRAJ_017	11	34.11	127.9234	127.9234	observed	0.7429	SYNTHETIC_TEACHING_FIXTURE
SYN_TRAJ_017	12	34.12	129.7953	129.7953	observed	0.5104	SYNTHETIC_TEACHING_FIXTURE
SYN_TRAJ_017	13	34.13	129.0383	129.0383	observed	0.5528	SYNTHETIC_TEACHING_FIXTURE
SYN_TRAJ_017	14	34.14	132.6817	132.6817	observed	0.5816	SYNTHETIC_TEACHING_FIXTURE
SYN_TRAJ_017	15	34.15	132.7712	132.7712	observed	0.303	SYNTHETIC_TEACHING_FIXTURE
SYN_TRAJ_017	16	34.16	132.279	132.279	observed	0.3778	SYNTHETIC_TEACHING_FIXTURE
SYN_TRAJ_017	17	34.17	130.162	130.162	observed	0.7659	SYNTHETIC_TEACHING_FIXTURE
SYN_TRAJ_017	18	34.18	126.656	126.656	observed	0.5188	SYNTHETIC_TEACHING_FIXTURE
SYN_TRAJ_017	19	34.19	126.8526	126.8526	observed	0.5173	SYNTHETIC_TEACHING_FIXTURE
SYN_TRAJ_017	20	34.2	120.4363	120.4363	observed	0.4456	SYNTHETIC_TEACHING_FIXTURE
SYN_TRAJ_017	21	34.21	117.7765	117.7765	observed	0.3642	SYNTHETIC_TEACHING_FIXTURE
SYN_TRAJ_017	22	34.22	111.6846	111.6846	observed	0.3786	SYNTHETIC_TEACHING_FIXTURE
SYN_TRAJ_017	23	34.23	105.4752	105.4752	observed	0.4876	SYNTHETIC_TEACHING_FIXTURE
SYN_TRAJ_017	24	34.24	110.4824	110.4824	observed	0.5913	SYNTHETIC_TEACHING_FIXTURE
SYN_TRAJ_017	25	34.25	111.5142	111.5142	observed	0.712	SYNTHETIC_TEACHING_FIXTURE
SYN_TRAJ_017	26	34.26	106.781	106.781	observed	0.8095	SYNTHETIC_TEACHING_FIXTURE
SYN_TRAJ_018	0	36.0	114.4009	114.4009	observed	0.95	SYNTHETIC_TEACHING_FIXTURE
SYN_TRAJ_018	1	36.01	113.9396	113.9396	observed	0.7789	SYNTHETIC_TEACHING_FIXTURE
SYN_TRAJ_018	2	36.02	115.5565	115.5565	observed	0.4111	SYNTHETIC_TEACHING_FIXTURE
SYN_TRAJ_018	3	36.03	115.1535	115.1535	observed	0.9214	SYNTHETIC_TEACHING_FIXTURE
SYN_TRAJ_018	4	36.04	117.0113	117.0113	observed	0.2883	SYNTHETIC_TEACHING_FIXTURE
SYN_TRAJ_018	5	36.05	111.6016	111.6016	observed	0.8573	SYNTHETIC_TEACHING_FIXTURE
SYN_TRAJ_018	6	36.06	114.3449	114.3449	observed	0.6677	SYNTHETIC_TEACHING_FIXTURE
SYN_TRAJ_018	7	36.07	116.7775	116.7775	observed	0.3968	SYNTHETIC_TEACHING_FIXTURE
SYN_TRAJ_018	8	36.08	119.9589	119.9589	observed	0.4883	SYNTHETIC_TEACHING_FIXTURE
SYN_TRAJ_018	9	36.09	124.7257	124.7257	observed	0.4431	SYNTHETIC_TEACHING_FIXTURE
SYN_TRAJ_018	10	36.1	127.6153	127.6153	observed	0.3054	SYNTHETIC_TEACHING_FIXTURE
SYN_TRAJ_018	11	36.11	131.8765	131.8765	observed	0.2563	SYNTHETIC_TEACHING_FIXTURE
SYN_TRAJ_018	12	36.12	129.9865	129.9865	observed	0.8997	SYNTHETIC_TEACHING_FIXTURE
SYN_TRAJ_018	13	36.13	130.9414	130.9414	observed	0.9458	SYNTHETIC_TEACHING_FIXTURE
SYN_TRAJ_018	14	36.14	133.8481	133.8481	observed	0.8717	SYNTHETIC_TEACHING_FIXTURE
SYN_TRAJ_018	15	36.15	131.9953	131.9953	observed	0.4896	SYNTHETIC_TEACHING_FIXTURE
SYN_TRAJ_018	16	36.16	132.1889	132.1889	observed	0.659	SYNTHETIC_TEACHING_FIXTURE
SYN_TRAJ_018	17	36.17	130.3104	130.3104	observed	0.7722	SYNTHETIC_TEACHING_FIXTURE
SYN_TRAJ_018	18	36.18	130.2782	130.2782	observed	0.3338	SYNTHETIC_TEACHING_FIXTURE
SYN_TRAJ_018	19	36.19	131.6633	131.6633	observed	0.5661	SYNTHETIC_TEACHING_FIXTURE
SYN_TRAJ_018	20	36.2	131.0741	131.0741	observed	0.5523	SYNTHETIC_TEACHING_FIXTURE
SYN_TRAJ_018	21	36.21	133.0769	133.0769	observed	0.3089	SYNTHETIC_TEACHING_FIXTURE
SYN_TRAJ_018	22	36.22	130.8005	130.8005	observed	0.9036	SYNTHETIC_TEACHING_FIXTURE
SYN_TRAJ_018	23	36.23	127.4966	127.4966	observed	0.7376	SYNTHETIC_TEACHING_FIXTURE
SYN_TRAJ_018	24	36.24	119.6561	119.6561	observed	0.2773	SYNTHETIC_TEACHING_FIXTURE
SYN_TRAJ_018	25	36.25	120.881	120.881	observed	0.5733	SYNTHETIC_TEACHING_FIXTURE
SYN_TRAJ_018	26	36.26	120.6464	120.6464	observed	0.5096	SYNTHETIC_TEACHING_FIXTURE
SYN_TRAJ_018	27	36.27	118.4868	118.4868	observed	0.4026	SYNTHETIC_TEACHING_FIXTURE
SYN_TRAJ_018	28	36.28	116.2603	116.2603	observed	0.6337	SYNTHETIC_TEACHING_FIXTURE
SYN_TRAJ_018	29	36.29	113.8987	113.8987	observed	0.4701	SYNTHETIC_TEACHING_FIXTURE
SYN_TRAJ_018	30	36.3	111.5415	111.5415	observed	0.8091	SYNTHETIC_TEACHING_FIXTURE
SYN_TRAJ_018	31	36.31	110.25	110.25	observed	0.6508	SYNTHETIC_TEACHING_FIXTURE
SYN_TRAJ_018	32	36.32	107.1968	107.1968	observed	0.8303	SYNTHETIC_TEACHING_FIXTURE
SYN_TRAJ_018	33	36.33	108.9893	108.9893	observed	0.7066	SYNTHETIC_TEACHING_FIXTURE
SYN_TRAJ_018	34	36.34	109.5941	109.5941	observed	0.8237	SYNTHETIC_TEACHING_FIXTURE
SYN_TRAJ_018	35	36.35	106.7511	106.7511	observed	0.6834	SYNTHETIC_TEACHING_FIXTURE
SYN_TRAJ_018	36	36.36	107.4979	107.4979	observed	0.2967	SYNTHETIC_TEACHING_FIXTURE
SYN_TRAJ_018	37	36.37	112.248	112.248	observed	0.3191	SYNTHETIC_TEACHING_FIXTURE
SYN_TRAJ_018	38	36.38	110.7079	110.7079	observed	0.5262	SYNTHETIC_TEACHING_FIXTURE
SYN_TRAJ_018	39	36.39	107.876	107.876	observed	0.9745	SYNTHETIC_TEACHING_FIXTURE
SYN_TRAJ_018	40	36.4	109.2342	109.2342	observed	0.9176	SYNTHETIC_TEACHING_FIXTURE
SYN_TRAJ_018	41	36.41	108.588	108.588	observed	0.9163	SYNTHETIC_TEACHING_FIXTURE
SYN_TRAJ_018	42	36.42	106.823	106.823	observed	0.8623	SYNTHETIC_TEACHING_FIXTURE
SYN_TRAJ_018	43	36.43	102.5907	102.5907	observed	0.9215	SYNTHETIC_TEACHING_FIXTURE
SYN_TRAJ_019	0	38.0	115.404	115.404	observed	0.6186	SYNTHETIC_TEACHING_FIXTURE
SYN_TRAJ_019	1	38.01	113.5213	113.5213	observed	0.5285	SYNTHETIC_TEACHING_FIXTURE
SYN_TRAJ_019	2	38.02	113.7907	113.7907	observed	0.8585	SYNTHETIC_TEACHING_FIXTURE
SYN_TRAJ_019	3	38.03	112.878	112.878	observed	0.809	SYNTHETIC_TEACHING_FIXTURE
SYN_TRAJ_019	4	38.04	114.4951	114.4951	observed	0.8466	SYNTHETIC_TEACHING_FIXTURE
SYN_TRAJ_019	5	38.05	113.1543	113.1543	observed	0.4194	SYNTHETIC_TEACHING_FIXTURE
SYN_TRAJ_019	6	38.06	106.8464	106.8464	observed	0.483	SYNTHETIC_TEACHING_FIXTURE
SYN_TRAJ_019	7	38.07	108.1801	108.1801	observed	0.9133	SYNTHETIC_TEACHING_FIXTURE
SYN_TRAJ_019	8	38.08	109.7636	109.7636	observed	0.6808	SYNTHETIC_TEACHING_FIXTURE
SYN_TRAJ_019	9	38.09	113.6946	113.6946	observed	0.4178	SYNTHETIC_TEACHING_FIXTURE
SYN_TRAJ_019	10	38.1	116.3665	116.3665	observed	0.8023	SYNTHETIC_TEACHING_FIXTURE
SYN_TRAJ_019	11	38.11	124.4854	124.4854	observed	0.5446	SYNTHETIC_TEACHING_FIXTURE
SYN_TRAJ_019	12	38.12	126.6069	126.6069	observed	0.6338	SYNTHETIC_TEACHING_FIXTURE
SYN_TRAJ_019	13	38.13	126.6739	126.6739	observed	0.6931	SYNTHETIC_TEACHING_FIXTURE
SYN_TRAJ_019	14	38.14	129.5905		estimator_failure		SYNTHETIC_TEACHING_FIXTURE
SYN_TRAJ_019	15	38.15	132.8015	132.8015	observed	0.8133	SYNTHETIC_TEACHING_FIXTURE
SYN_TRAJ_019	16	38.16	127.8723	127.8723	observed	0.66	SYNTHETIC_TEACHING_FIXTURE
SYN_TRAJ_019	17	38.17	128.4234	128.4234	observed	0.9207	SYNTHETIC_TEACHING_FIXTURE
SYN_TRAJ_019	18	38.18	132.4961	132.4961	observed	0.6564	SYNTHETIC_TEACHING_FIXTURE
SYN_TRAJ_019	19	38.19	129.8959	129.8959	observed	0.8331	SYNTHETIC_TEACHING_FIXTURE
SYN_TRAJ_019	20	38.2	128.8522	128.8522	observed	0.8862	SYNTHETIC_TEACHING_FIXTURE
SYN_TRAJ_019	21	38.21	120.5891	120.5891	observed	0.4153	SYNTHETIC_TEACHING_FIXTURE
SYN_TRAJ_019	22	38.22	118.415	118.415	observed	0.6135	SYNTHETIC_TEACHING_FIXTURE
SYN_TRAJ_019	23	38.23	115.4846	115.4846	observed	0.8163	SYNTHETIC_TEACHING_FIXTURE
SYN_TRAJ_019	24	38.24	112.0364	112.0364	observed	0.6621	SYNTHETIC_TEACHING_FIXTURE
SYN_TRAJ_019	25	38.25	110.3214	110.3214	observed	0.8884	SYNTHETIC_TEACHING_FIXTURE
SYN_TRAJ_019	26	38.26	109.2925	109.2925	observed	0.3703	SYNTHETIC_TEACHING_FIXTURE
SYN_TRAJ_019	27	38.27	108.1301	108.1301	observed	0.5907	SYNTHETIC_TEACHING_FIXTURE
SYN_TRAJ_019	28	38.28	106.8654	106.8654	observed	0.4397	SYNTHETIC_TEACHING_FIXTURE
SYN_TRAJ_020	0	40.0			structural_unvoiced		SYNTHETIC_TEACHING_FIXTURE
SYN_TRAJ_020	1	40.01			structural_unvoiced		SYNTHETIC_TEACHING_FIXTURE
SYN_TRAJ_020	2	40.02			structural_unvoiced		SYNTHETIC_TEACHING_FIXTURE
SYN_TRAJ_020	3	40.03	119.6692	119.6692	observed	0.8371	SYNTHETIC_TEACHING_FIXTURE
SYN_TRAJ_020	4	40.04	117.9506	117.9506	observed	0.6051	SYNTHETIC_TEACHING_FIXTURE
SYN_TRAJ_020	5	40.05	120.1528	120.1528	observed	0.8136	SYNTHETIC_TEACHING_FIXTURE
SYN_TRAJ_020	6	40.06	123.5598	123.5598	observed	0.4747	SYNTHETIC_TEACHING_FIXTURE
SYN_TRAJ_020	7	40.07	124.8158	124.8158	observed	0.3496	SYNTHETIC_TEACHING_FIXTURE
SYN_TRAJ_020	8	40.08	125.3129	125.3129	observed	0.7363	SYNTHETIC_TEACHING_FIXTURE
SYN_TRAJ_020	9	40.09	127.9512	127.9512	observed	0.3946	SYNTHETIC_TEACHING_FIXTURE
SYN_TRAJ_020	10	40.1	125.1713	125.1713	observed	0.5042	SYNTHETIC_TEACHING_FIXTURE
SYN_TRAJ_020	11	40.11	125.6039	125.6039	observed	0.6247	SYNTHETIC_TEACHING_FIXTURE
SYN_TRAJ_020	12	40.12	130.2799	130.2799	observed	0.6476	SYNTHETIC_TEACHING_FIXTURE
SYN_TRAJ_020	13	40.13	128.8334	128.8334	observed	0.4774	SYNTHETIC_TEACHING_FIXTURE
SYN_TRAJ_020	14	40.14	130.997	130.997	observed	0.5283	SYNTHETIC_TEACHING_FIXTURE
SYN_TRAJ_020	15	40.15	131.7411	131.7411	observed	0.5237	SYNTHETIC_TEACHING_FIXTURE
SYN_TRAJ_020	16	40.16	132.4888	132.4888	observed	0.2699	SYNTHETIC_TEACHING_FIXTURE
SYN_TRAJ_020	17	40.17	133.1462	133.1462	observed	0.6468	SYNTHETIC_TEACHING_FIXTURE
SYN_TRAJ_020	18	40.18	136.3818	136.3818	observed	0.8574	SYNTHETIC_TEACHING_FIXTURE
SYN_TRAJ_020	19	40.19	133.5332	133.5332	observed	0.9788	SYNTHETIC_TEACHING_FIXTURE
SYN_TRAJ_020	20	40.2	132.3933	132.3933	observed	0.268	SYNTHETIC_TEACHING_FIXTURE
SYN_TRAJ_020	21	40.21	129.7242	129.7242	observed	0.6506	SYNTHETIC_TEACHING_FIXTURE
SYN_TRAJ_020	22	40.22	128.8891	128.8891	observed	0.5719	SYNTHETIC_TEACHING_FIXTURE
SYN_TRAJ_020	23	40.23	129.8645	129.8645	observed	0.7351	SYNTHETIC_TEACHING_FIXTURE
SYN_TRAJ_020	24	40.24	130.1615		quality_rejection		SYNTHETIC_TEACHING_FIXTURE
SYN_TRAJ_020	25	40.25	131.0494	131.0494	observed	0.4293	SYNTHETIC_TEACHING_FIXTURE
SYN_TRAJ_020	26	40.26	125.9174	125.9174	observed	0.9542	SYNTHETIC_TEACHING_FIXTURE
SYN_TRAJ_020	27	40.27	127.7107	127.7107	observed	0.4175	SYNTHETIC_TEACHING_FIXTURE
SYN_TRAJ_020	28	40.28	124.9144	124.9144	observed	0.8885	SYNTHETIC_TEACHING_FIXTURE
SYN_TRAJ_020	29	40.29	122.7988	122.7988	observed	0.6073	SYNTHETIC_TEACHING_FIXTURE
SYN_TRAJ_020	30	40.3	118.2583	118.2583	observed	0.7002	SYNTHETIC_TEACHING_FIXTURE
SYN_TRAJ_020	31	40.31	113.6342	113.6342	observed	0.6099	SYNTHETIC_TEACHING_FIXTURE
SYN_TRAJ_020	32	40.32	111.692	111.692	observed	0.4616	SYNTHETIC_TEACHING_FIXTURE
SYN_TRAJ_020	33	40.33	109.6798	109.6798	observed	0.8989	SYNTHETIC_TEACHING_FIXTURE
SYN_TRAJ_020	34	40.34	114.4614	114.4614	observed	0.5325	SYNTHETIC_TEACHING_FIXTURE
SYN_TRAJ_020	35	40.35	116.429	116.429	observed	0.3732	SYNTHETIC_TEACHING_FIXTURE
SYN_TRAJ_020	36	40.36	114.346		estimator_failure		SYNTHETIC_TEACHING_FIXTURE
SYN_TRAJ_020	37	40.37	113.7386	113.7386	observed	0.4976	SYNTHETIC_TEACHING_FIXTURE
SYN_TRAJ_020	38	40.38	114.7436	114.7436	observed	0.7029	SYNTHETIC_TEACHING_FIXTURE
SYN_TRAJ_020	39	40.39	113.2413	113.2413	observed	0.6845	SYNTHETIC_TEACHING_FIXTURE
SYN_TRAJ_020	40	40.4	110.0321	110.0321	observed	0.8586	SYNTHETIC_TEACHING_FIXTURE
SYN_TRAJ_020	41	40.41	113.7098	113.7098	observed	0.5644	SYNTHETIC_TEACHING_FIXTURE
SYN_TRAJ_020	42	40.42	112.1918	112.1918	observed	0.8367	SYNTHETIC_TEACHING_FIXTURE
SYN_TRAJ_020	43	40.43	113.7725	113.7725	observed	0.6989	SYNTHETIC_TEACHING_FIXTURE
SYN_TRAJ_020	44	40.44	109.5197	109.5197	observed	0.5148	SYNTHETIC_TEACHING_FIXTURE
SYN_TRAJ_020	45	40.45	111.8286	111.8286	observed	0.4253	SYNTHETIC_TEACHING_FIXTURE
SYN_TRAJ_020	46	40.46			structural_unvoiced		SYNTHETIC_TEACHING_FIXTURE
SYN_TRAJ_020	47	40.47			structural_unvoiced		SYNTHETIC_TEACHING_FIXTURE
SYN_TRAJ_021	0	42.0	115.3836	115.3836	observed	0.4963	SYNTHETIC_TEACHING_FIXTURE
SYN_TRAJ_021	1	42.01	114.6283	114.6283	observed	0.3691	SYNTHETIC_TEACHING_FIXTURE
SYN_TRAJ_021	2	42.02	116.8166	116.8166	observed	0.7772	SYNTHETIC_TEACHING_FIXTURE
SYN_TRAJ_021	3	42.03	121.2949	121.2949	observed	0.4371	SYNTHETIC_TEACHING_FIXTURE
SYN_TRAJ_021	4	42.04	121.4164	121.4164	observed	0.7216	SYNTHETIC_TEACHING_FIXTURE
SYN_TRAJ_021	5	42.05	119.201	119.201	observed	0.5881	SYNTHETIC_TEACHING_FIXTURE
SYN_TRAJ_021	6	42.06	116.2425	116.2425	observed	0.6787	SYNTHETIC_TEACHING_FIXTURE
SYN_TRAJ_021	7	42.07	115.3391	115.3391	observed	0.8142	SYNTHETIC_TEACHING_FIXTURE
SYN_TRAJ_021	8	42.08	116.53	116.53	observed	0.7887	SYNTHETIC_TEACHING_FIXTURE
SYN_TRAJ_021	9	42.09	117.367	117.367	observed	0.9861	SYNTHETIC_TEACHING_FIXTURE
SYN_TRAJ_021	10	42.1	122.7209	122.7209	observed	0.4215	SYNTHETIC_TEACHING_FIXTURE
SYN_TRAJ_021	11	42.11	125.3346	125.3346	observed	0.5201	SYNTHETIC_TEACHING_FIXTURE
SYN_TRAJ_021	12	42.12	126.074	126.074	observed	0.3934	SYNTHETIC_TEACHING_FIXTURE
SYN_TRAJ_021	13	42.13	126.3492	126.3492	observed	0.5151	SYNTHETIC_TEACHING_FIXTURE
SYN_TRAJ_021	14	42.14	130.4949	130.4949	observed	0.3218	SYNTHETIC_TEACHING_FIXTURE
SYN_TRAJ_021	15	42.15	133.9662	133.9662	observed	0.4347	SYNTHETIC_TEACHING_FIXTURE
SYN_TRAJ_021	16	42.16	135.603	135.603	observed	0.7309	SYNTHETIC_TEACHING_FIXTURE
SYN_TRAJ_021	17	42.17	136.2293	136.2293	observed	0.3225	SYNTHETIC_TEACHING_FIXTURE
SYN_TRAJ_021	18	42.18	136.1891	136.1891	observed	0.5622	SYNTHETIC_TEACHING_FIXTURE
SYN_TRAJ_021	19	42.19	133.1136	133.1136	observed	0.5894	SYNTHETIC_TEACHING_FIXTURE
SYN_TRAJ_021	20	42.2	131.4487	131.4487	observed	0.4984	SYNTHETIC_TEACHING_FIXTURE
SYN_TRAJ_021	21	42.21	127.7897	127.7897	observed	0.8219	SYNTHETIC_TEACHING_FIXTURE
SYN_TRAJ_021	22	42.22	128.45	128.45	observed	0.3499	SYNTHETIC_TEACHING_FIXTURE
SYN_TRAJ_021	23	42.23	124.3699	124.3699	observed	0.8597	SYNTHETIC_TEACHING_FIXTURE
SYN_TRAJ_021	24	42.24	119.9416	119.9416	observed	0.7281	SYNTHETIC_TEACHING_FIXTURE
SYN_TRAJ_021	25	42.25	113.1292	113.1292	observed	0.6447	SYNTHETIC_TEACHING_FIXTURE
SYN_TRAJ_021	26	42.26	107.3855	107.3855	observed	0.4604	SYNTHETIC_TEACHING_FIXTURE
SYN_TRAJ_021	27	42.27	108.1594	108.1594	observed	0.3548	SYNTHETIC_TEACHING_FIXTURE
SYN_TRAJ_021	28	42.28	107.4345	107.4345	observed	0.3922	SYNTHETIC_TEACHING_FIXTURE
SYN_TRAJ_022	0	44.0	116.1176	116.1176	observed	0.7548	SYNTHETIC_TEACHING_FIXTURE
SYN_TRAJ_022	1	44.01	119.925	119.925	observed	0.6064	SYNTHETIC_TEACHING_FIXTURE
SYN_TRAJ_022	2	44.02	120.3597	120.3597	observed	0.6929	SYNTHETIC_TEACHING_FIXTURE
SYN_TRAJ_022	3	44.03	121.6562	121.6562	observed	0.5744	SYNTHETIC_TEACHING_FIXTURE
SYN_TRAJ_022	4	44.04	124.5281	124.5281	observed	0.7472	SYNTHETIC_TEACHING_FIXTURE
SYN_TRAJ_022	5	44.05	126.1881	126.1881	observed	0.4398	SYNTHETIC_TEACHING_FIXTURE
SYN_TRAJ_022	6	44.06	122.5565	122.5565	observed	0.4064	SYNTHETIC_TEACHING_FIXTURE
SYN_TRAJ_022	7	44.07	123.2885	123.2885	observed	0.5331	SYNTHETIC_TEACHING_FIXTURE
SYN_TRAJ_022	8	44.08	125.6259	125.6259	observed	0.6425	SYNTHETIC_TEACHING_FIXTURE
SYN_TRAJ_022	9	44.09	126.2162	126.2162	observed	0.5494	SYNTHETIC_TEACHING_FIXTURE
SYN_TRAJ_022	10	44.1	124.1441	124.1441	observed	0.5279	SYNTHETIC_TEACHING_FIXTURE
SYN_TRAJ_022	11	44.11	127.9886	127.9886	observed	0.9461	SYNTHETIC_TEACHING_FIXTURE
SYN_TRAJ_022	12	44.12	129.8189	129.8189	observed	0.3864	SYNTHETIC_TEACHING_FIXTURE
SYN_TRAJ_022	13	44.13	130.4412	130.4412	observed	0.5035	SYNTHETIC_TEACHING_FIXTURE
SYN_TRAJ_022	14	44.14	130.7874	130.7874	observed	0.7828	SYNTHETIC_TEACHING_FIXTURE
SYN_TRAJ_022	15	44.15	136.8399	136.8399	observed	0.4179	SYNTHETIC_TEACHING_FIXTURE
SYN_TRAJ_022	16	44.16	137.683	137.683	observed	0.9415	SYNTHETIC_TEACHING_FIXTURE
SYN_TRAJ_022	17	44.17	140.1429	140.1429	observed	0.6698	SYNTHETIC_TEACHING_FIXTURE
SYN_TRAJ_022	18	44.18	138.9391	138.9391	observed	0.2591	SYNTHETIC_TEACHING_FIXTURE
SYN_TRAJ_022	19	44.19	137.3139	137.3139	observed	0.2639	SYNTHETIC_TEACHING_FIXTURE
SYN_TRAJ_022	20	44.2	134.8239	134.8239	observed	0.9296	SYNTHETIC_TEACHING_FIXTURE
SYN_TRAJ_022	21	44.21	135.8569	135.8569	observed	0.6215	SYNTHETIC_TEACHING_FIXTURE
SYN_TRAJ_022	22	44.22	131.536	131.536	observed	0.8819	SYNTHETIC_TEACHING_FIXTURE
SYN_TRAJ_022	23	44.23	130.4401	130.4401	observed	0.5307	SYNTHETIC_TEACHING_FIXTURE
SYN_TRAJ_022	24	44.24	130.8358	130.8358	observed	0.7798	SYNTHETIC_TEACHING_FIXTURE
SYN_TRAJ_022	25	44.25	124.7947	124.7947	observed	0.8859	SYNTHETIC_TEACHING_FIXTURE
SYN_TRAJ_022	26	44.26	126.6805	126.6805	observed	0.8759	SYNTHETIC_TEACHING_FIXTURE
SYN_TRAJ_022	27	44.27	120.9631	120.9631	observed	0.4774	SYNTHETIC_TEACHING_FIXTURE
SYN_TRAJ_022	28	44.28	117.8068	117.8068	observed	0.9273	SYNTHETIC_TEACHING_FIXTURE
SYN_TRAJ_022	29	44.29	120.5899	120.5899	observed	0.3481	SYNTHETIC_TEACHING_FIXTURE
SYN_TRAJ_022	30	44.3	115.199	115.199	observed	0.9317	SYNTHETIC_TEACHING_FIXTURE
SYN_TRAJ_022	31	44.31	116.1654	116.1654	observed	0.3893	SYNTHETIC_TEACHING_FIXTURE
SYN_TRAJ_022	32	44.32	115.0762	115.0762	observed	0.3731	SYNTHETIC_TEACHING_FIXTURE
SYN_TRAJ_022	33	44.33	117.3478	117.3478	observed	0.8074	SYNTHETIC_TEACHING_FIXTURE
SYN_TRAJ_022	34	44.34	113.5731	113.5731	observed	0.8114	SYNTHETIC_TEACHING_FIXTURE
SYN_TRAJ_022	35	44.35	109.8008	109.8008	observed	0.8192	SYNTHETIC_TEACHING_FIXTURE
SYN_TRAJ_022	36	44.36	107.0429	107.0429	observed	0.8772	SYNTHETIC_TEACHING_FIXTURE
SYN_TRAJ_022	37	44.37	107.7944	107.7944	observed	0.261	SYNTHETIC_TEACHING_FIXTURE
SYN_TRAJ_022	38	44.38	105.5081	105.5081	observed	0.7694	SYNTHETIC_TEACHING_FIXTURE
SYN_TRAJ_022	39	44.39	102.3209	102.3209	observed	0.3681	SYNTHETIC_TEACHING_FIXTURE
SYN_TRAJ_022	40	44.4	106.2627	106.2627	observed	0.9758	SYNTHETIC_TEACHING_FIXTURE
SYN_TRAJ_022	41	44.41	110.9192	110.9192	observed	0.4322	SYNTHETIC_TEACHING_FIXTURE
SYN_TRAJ_022	42	44.42	109.6872	109.6872	observed	0.7941	SYNTHETIC_TEACHING_FIXTURE
SYN_TRAJ_022	43	44.43	109.8594	109.8594	observed	0.4299	SYNTHETIC_TEACHING_FIXTURE
SYN_TRAJ_023	0	46.0	116.0789	116.0789	observed	0.8757	SYNTHETIC_TEACHING_FIXTURE
SYN_TRAJ_023	1	46.01	119.7912		estimator_failure		SYNTHETIC_TEACHING_FIXTURE
SYN_TRAJ_023	2	46.02	119.7254	119.7254	observed	0.3754	SYNTHETIC_TEACHING_FIXTURE
SYN_TRAJ_023	3	46.03	121.3197	121.3197	observed	0.9609	SYNTHETIC_TEACHING_FIXTURE
SYN_TRAJ_023	4	46.04	120.3373	120.3373	observed	0.5884	SYNTHETIC_TEACHING_FIXTURE
SYN_TRAJ_023	5	46.05	123.3602	123.3602	observed	0.8524	SYNTHETIC_TEACHING_FIXTURE
SYN_TRAJ_023	6	46.06	121.6992	121.6992	observed	0.4396	SYNTHETIC_TEACHING_FIXTURE
SYN_TRAJ_023	7	46.07	123.8082	123.8082	observed	0.557	SYNTHETIC_TEACHING_FIXTURE
SYN_TRAJ_023	8	46.08	118.7664	118.7664	observed	0.3631	SYNTHETIC_TEACHING_FIXTURE
SYN_TRAJ_023	9	46.09	119.4712	119.4712	observed	0.5263	SYNTHETIC_TEACHING_FIXTURE
SYN_TRAJ_023	10	46.1	120.7763	120.7763	observed	0.9095	SYNTHETIC_TEACHING_FIXTURE
SYN_TRAJ_023	11	46.11	123.1631	123.1631	observed	0.9328	SYNTHETIC_TEACHING_FIXTURE
SYN_TRAJ_023	12	46.12	125.0702	125.0702	observed	0.6434	SYNTHETIC_TEACHING_FIXTURE
SYN_TRAJ_023	13	46.13	129.5987	129.5987	observed	0.5146	SYNTHETIC_TEACHING_FIXTURE
SYN_TRAJ_023	14	46.14	131.3644	131.3644	observed	0.4644	SYNTHETIC_TEACHING_FIXTURE
SYN_TRAJ_023	15	46.15	133.2185	133.2185	observed	0.8221	SYNTHETIC_TEACHING_FIXTURE
SYN_TRAJ_023	16	46.16	134.2561	134.2561	observed	0.4209	SYNTHETIC_TEACHING_FIXTURE
SYN_TRAJ_023	17	46.17	138.0838	138.0838	observed	0.5501	SYNTHETIC_TEACHING_FIXTURE
SYN_TRAJ_023	18	46.18	136.3337	136.3337	observed	0.3465	SYNTHETIC_TEACHING_FIXTURE
SYN_TRAJ_023	19	46.19	141.8789	141.8789	observed	0.469	SYNTHETIC_TEACHING_FIXTURE
SYN_TRAJ_023	20	46.2	141.2457	141.2457	observed	0.9095	SYNTHETIC_TEACHING_FIXTURE
SYN_TRAJ_023	21	46.21	139.8807	139.8807	observed	0.2699	SYNTHETIC_TEACHING_FIXTURE
SYN_TRAJ_023	22	46.22	136.4206	136.4206	observed	0.3755	SYNTHETIC_TEACHING_FIXTURE
SYN_TRAJ_023	23	46.23	132.9965	132.9965	observed	0.4316	SYNTHETIC_TEACHING_FIXTURE
SYN_TRAJ_023	24	46.24	125.3872	125.3872	observed	0.8692	SYNTHETIC_TEACHING_FIXTURE
SYN_TRAJ_023	25	46.25	123.5028	123.5028	observed	0.2795	SYNTHETIC_TEACHING_FIXTURE
SYN_TRAJ_023	26	46.26	121.0508	121.0508	observed	0.5379	SYNTHETIC_TEACHING_FIXTURE
SYN_TRAJ_023	27	46.27	114.5744	114.5744	observed	0.2545	SYNTHETIC_TEACHING_FIXTURE
SYN_TRAJ_023	28	46.28	110.2948	110.2948	observed	0.5114	SYNTHETIC_TEACHING_FIXTURE
SYN_TRAJ_023	29	46.29	115.4737	115.4737	observed	0.8625	SYNTHETIC_TEACHING_FIXTURE
SYN_TRAJ_023	30	46.3	108.7404	108.7404	observed	0.8966	SYNTHETIC_TEACHING_FIXTURE
SYN_TRAJ_023	31	46.31	105.1924	105.1924	observed	0.3476	SYNTHETIC_TEACHING_FIXTURE
SYN_TRAJ_023	32	46.32	105.3079	105.3079	observed	0.3064	SYNTHETIC_TEACHING_FIXTURE
SYN_TRAJ_024	0	48.0	120.6172	120.6172	observed	0.3835	SYNTHETIC_TEACHING_FIXTURE
SYN_TRAJ_024	1	48.01	120.4796	120.4796	observed	0.2797	SYNTHETIC_TEACHING_FIXTURE
SYN_TRAJ_024	2	48.02	119.3628	119.3628	observed	0.5958	SYNTHETIC_TEACHING_FIXTURE
SYN_TRAJ_024	3	48.03	123.8494	123.8494	observed	0.8484	SYNTHETIC_TEACHING_FIXTURE
SYN_TRAJ_024	4	48.04	126.9527	126.9527	observed	0.2557	SYNTHETIC_TEACHING_FIXTURE
SYN_TRAJ_024	5	48.05	128.0307	128.0307	observed	0.7471	SYNTHETIC_TEACHING_FIXTURE
SYN_TRAJ_024	6	48.06	123.4788	123.4788	observed	0.5623	SYNTHETIC_TEACHING_FIXTURE
SYN_TRAJ_024	7	48.07	126.2027	126.2027	observed	0.6571	SYNTHETIC_TEACHING_FIXTURE
SYN_TRAJ_024	8	48.08	129.5112	129.5112	observed	0.6997	SYNTHETIC_TEACHING_FIXTURE
SYN_TRAJ_024	9	48.09	128.2508	128.2508	observed	0.6752	SYNTHETIC_TEACHING_FIXTURE
SYN_TRAJ_024	10	48.1	128.705	128.705	observed	0.7378	SYNTHETIC_TEACHING_FIXTURE
SYN_TRAJ_024	11	48.11	126.9373	126.9373	observed	0.4584	SYNTHETIC_TEACHING_FIXTURE
SYN_TRAJ_024	12	48.12	127.777	127.777	observed	0.4194	SYNTHETIC_TEACHING_FIXTURE
SYN_TRAJ_024	13	48.13	127.2154	127.2154	observed	0.4119	SYNTHETIC_TEACHING_FIXTURE
SYN_TRAJ_024	14	48.14	127.0778	127.0778	observed	0.7517	SYNTHETIC_TEACHING_FIXTURE
SYN_TRAJ_024	15	48.15	128.3459	128.3459	observed	0.6964	SYNTHETIC_TEACHING_FIXTURE
SYN_TRAJ_024	16	48.16	129.3056	129.3056	observed	0.9226	SYNTHETIC_TEACHING_FIXTURE
SYN_TRAJ_024	17	48.17	134.921	134.921	observed	0.419	SYNTHETIC_TEACHING_FIXTURE
SYN_TRAJ_024	18	48.18	135.9949	135.9949	observed	0.8627	SYNTHETIC_TEACHING_FIXTURE
SYN_TRAJ_024	19	48.19	138.9689	138.9689	observed	0.2535	SYNTHETIC_TEACHING_FIXTURE
SYN_TRAJ_024	20	48.2	137.872	137.872	observed	0.7624	SYNTHETIC_TEACHING_FIXTURE
SYN_TRAJ_024	21	48.21	140.8289	140.8289	observed	0.3002	SYNTHETIC_TEACHING_FIXTURE
SYN_TRAJ_024	22	48.22	140.5693	140.5693	observed	0.7124	SYNTHETIC_TEACHING_FIXTURE
SYN_TRAJ_024	23	48.23	136.8889		estimator_failure		SYNTHETIC_TEACHING_FIXTURE
SYN_TRAJ_024	24	48.24	135.0282	135.0282	observed	0.2508	SYNTHETIC_TEACHING_FIXTURE
SYN_TRAJ_024	25	48.25	135.4431	135.4431	observed	0.3773	SYNTHETIC_TEACHING_FIXTURE
SYN_TRAJ_024	26	48.26	134.9786	134.9786	observed	0.6354	SYNTHETIC_TEACHING_FIXTURE
SYN_TRAJ_024	27	48.27	132.501	132.501	observed	0.9479	SYNTHETIC_TEACHING_FIXTURE
SYN_TRAJ_024	28	48.28	127.0236	127.0236	observed	0.8441	SYNTHETIC_TEACHING_FIXTURE
SYN_TRAJ_024	29	48.29	127.9363	127.9363	observed	0.4358	SYNTHETIC_TEACHING_FIXTURE
SYN_TRAJ_024	30	48.3	126.2801	126.2801	observed	0.3162	SYNTHETIC_TEACHING_FIXTURE
SYN_TRAJ_024	31	48.31	130.231	130.231	observed	0.7789	SYNTHETIC_TEACHING_FIXTURE
SYN_TRAJ_024	32	48.32	125.4448	125.4448	observed	0.976	SYNTHETIC_TEACHING_FIXTURE
SYN_TRAJ_024	33	48.33	121.0886	121.0886	observed	0.6858	SYNTHETIC_TEACHING_FIXTURE
SYN_TRAJ_024	34	48.34	118.6921	118.6921	observed	0.3785	SYNTHETIC_TEACHING_FIXTURE
SYN_TRAJ_024	35	48.35	115.8655	115.8655	observed	0.9885	SYNTHETIC_TEACHING_FIXTURE
SYN_TRAJ_024	36	48.36	110.0971	110.0971	observed	0.7684	SYNTHETIC_TEACHING_FIXTURE
SYN_TRAJ_024	37	48.37	114.8419	114.8419	observed	0.2997	SYNTHETIC_TEACHING_FIXTURE
SYN_TRAJ_024	38	48.38	118.6964	118.6964	observed	0.298	SYNTHETIC_TEACHING_FIXTURE
SYN_TRAJ_024	39	48.39	116.2763	116.2763	observed	0.5973	SYNTHETIC_TEACHING_FIXTURE
SYN_TRAJ_024	40	48.4	117.0179	117.0179	observed	0.4143	SYNTHETIC_TEACHING_FIXTURE
SYN_TRAJ_024	41	48.41	115.3287	115.3287	observed	0.7346	SYNTHETIC_TEACHING_FIXTURE
SYN_TRAJ_024	42	48.42	111.3381	111.3381	observed	0.7862	SYNTHETIC_TEACHING_FIXTURE
SYN_TRAJ_024	43	48.43	108.9231	108.9231	observed	0.4972	SYNTHETIC_TEACHING_FIXTURE
SYN_TRAJ_024	44	48.44	111.0348	111.0348	observed	0.3491	SYNTHETIC_TEACHING_FIXTURE
SYN_TRAJ_024	45	48.45	110.4013	110.4013	observed	0.4513	SYNTHETIC_TEACHING_FIXTURE
SYN_TRAJ_024	46	48.46	107.0514	107.0514	observed	0.9094	SYNTHETIC_TEACHING_FIXTURE
SYN_TRAJ_024	47	48.47	108.8405	108.8405	observed	0.3095	SYNTHETIC_TEACHING_FIXTURE
SYN_TRAJ_024	48	48.48	109.0813	109.0813	observed	0.6545	SYNTHETIC_TEACHING_FIXTURE
SYN_TRAJ_024	49	48.49	110.1777	110.1777	observed	0.4557	SYNTHETIC_TEACHING_FIXTURE
SYN_TRAJ_025	0	50.0			structural_unvoiced		SYNTHETIC_TEACHING_FIXTURE
SYN_TRAJ_025	1	50.01			structural_unvoiced		SYNTHETIC_TEACHING_FIXTURE
SYN_TRAJ_025	2	50.02			structural_unvoiced		SYNTHETIC_TEACHING_FIXTURE
SYN_TRAJ_025	3	50.03	111.0869	111.0869	observed	0.78	SYNTHETIC_TEACHING_FIXTURE
SYN_TRAJ_025	4	50.04	111.4686	111.4686	observed	0.6777	SYNTHETIC_TEACHING_FIXTURE
SYN_TRAJ_025	5	50.05	107.6468	107.6468	observed	0.4496	SYNTHETIC_TEACHING_FIXTURE
SYN_TRAJ_025	6	50.06	107.7176	107.7176	observed	0.8914	SYNTHETIC_TEACHING_FIXTURE
SYN_TRAJ_025	7	50.07	112.8435	112.8435	observed	0.3818	SYNTHETIC_TEACHING_FIXTURE
SYN_TRAJ_025	8	50.08	112.2736	112.2736	observed	0.6827	SYNTHETIC_TEACHING_FIXTURE
SYN_TRAJ_025	9	50.09	119.7279	119.7279	observed	0.3215	SYNTHETIC_TEACHING_FIXTURE
SYN_TRAJ_025	10	50.1	118.7741	118.7741	observed	0.5345	SYNTHETIC_TEACHING_FIXTURE
SYN_TRAJ_025	11	50.11	114.9442	114.9442	observed	0.4033	SYNTHETIC_TEACHING_FIXTURE
SYN_TRAJ_025	12	50.12	119.4565	119.4565	observed	0.3198	SYNTHETIC_TEACHING_FIXTURE
SYN_TRAJ_025	13	50.13	121.3732	121.3732	observed	0.9295	SYNTHETIC_TEACHING_FIXTURE
SYN_TRAJ_025	14	50.14	124.7146	124.7146	observed	0.5273	SYNTHETIC_TEACHING_FIXTURE
SYN_TRAJ_025	15	50.15	127.866	127.866	observed	0.9878	SYNTHETIC_TEACHING_FIXTURE
SYN_TRAJ_025	16	50.16	130.4015	130.4015	observed	0.8561	SYNTHETIC_TEACHING_FIXTURE
SYN_TRAJ_025	17	50.17	128.4357	128.4357	observed	0.7875	SYNTHETIC_TEACHING_FIXTURE
SYN_TRAJ_025	18	50.18	132.3456	132.3456	observed	0.5687	SYNTHETIC_TEACHING_FIXTURE
SYN_TRAJ_025	19	50.19	126.9724	126.9724	observed	0.6246	SYNTHETIC_TEACHING_FIXTURE
SYN_TRAJ_025	20	50.2	124.4817	124.4817	observed	0.739	SYNTHETIC_TEACHING_FIXTURE
SYN_TRAJ_025	21	50.21	121.6245	121.6245	observed	0.8298	SYNTHETIC_TEACHING_FIXTURE
SYN_TRAJ_025	22	50.22	117.3685	117.3685	observed	0.6912	SYNTHETIC_TEACHING_FIXTURE
SYN_TRAJ_025	23	50.23	115.0462	115.0462	observed	0.5607	SYNTHETIC_TEACHING_FIXTURE
SYN_TRAJ_025	24	50.24	114.5201	114.5201	observed	0.8598	SYNTHETIC_TEACHING_FIXTURE
SYN_TRAJ_025	25	50.25	111.0189	111.0189	observed	0.4842	SYNTHETIC_TEACHING_FIXTURE
SYN_TRAJ_025	26	50.26	111.9775	111.9775	observed	0.669	SYNTHETIC_TEACHING_FIXTURE
SYN_TRAJ_025	27	50.27	113.3284	113.3284	observed	0.3471	SYNTHETIC_TEACHING_FIXTURE
SYN_TRAJ_025	28	50.28			structural_unvoiced		SYNTHETIC_TEACHING_FIXTURE
SYN_TRAJ_025	29	50.29			structural_unvoiced		SYNTHETIC_TEACHING_FIXTURE
SYN_TRAJ_026	0	52.0	114.5554	114.5554	observed	0.2773	SYNTHETIC_TEACHING_FIXTURE
SYN_TRAJ_026	1	52.01	113.8869	113.8869	observed	0.8176	SYNTHETIC_TEACHING_FIXTURE
SYN_TRAJ_026	2	52.02	116.5974	116.5974	observed	0.7027	SYNTHETIC_TEACHING_FIXTURE
SYN_TRAJ_026	3	52.03	118.7923	118.7923	observed	0.6742	SYNTHETIC_TEACHING_FIXTURE
SYN_TRAJ_026	4	52.04	116.2819	116.2819	observed	0.3346	SYNTHETIC_TEACHING_FIXTURE
SYN_TRAJ_026	5	52.05	116.7007	116.7007	observed	0.3756	SYNTHETIC_TEACHING_FIXTURE
SYN_TRAJ_026	6	52.06	114.4748	114.4748	observed	0.3412	SYNTHETIC_TEACHING_FIXTURE
SYN_TRAJ_026	7	52.07	117.8776	117.8776	observed	0.634	SYNTHETIC_TEACHING_FIXTURE
SYN_TRAJ_026	8	52.08	123.215	123.215	observed	0.2666	SYNTHETIC_TEACHING_FIXTURE
SYN_TRAJ_026	9	52.09	120.8982	120.8982	observed	0.8581	SYNTHETIC_TEACHING_FIXTURE
SYN_TRAJ_026	10	52.1	125.0355	125.0355	observed	0.487	SYNTHETIC_TEACHING_FIXTURE
SYN_TRAJ_026	11	52.11	125.1874	125.1874	observed	0.5086	SYNTHETIC_TEACHING_FIXTURE
SYN_TRAJ_026	12	52.12	124.3726	124.3726	observed	0.8816	SYNTHETIC_TEACHING_FIXTURE
SYN_TRAJ_026	13	52.13	126.29	126.29	observed	0.854	SYNTHETIC_TEACHING_FIXTURE
SYN_TRAJ_026	14	52.14	127.0608	127.0608	observed	0.403	SYNTHETIC_TEACHING_FIXTURE
SYN_TRAJ_026	15	52.15	127.6802	127.6802	observed	0.7722	SYNTHETIC_TEACHING_FIXTURE
SYN_TRAJ_026	16	52.16	129.0478	129.0478	observed	0.5564	SYNTHETIC_TEACHING_FIXTURE
SYN_TRAJ_026	17	52.17	131.6403	131.6403	observed	0.4586	SYNTHETIC_TEACHING_FIXTURE
SYN_TRAJ_026	18	52.18	132.3664	132.3664	observed	0.9742	SYNTHETIC_TEACHING_FIXTURE
SYN_TRAJ_026	19	52.19	136.7602	136.7602	observed	0.5419	SYNTHETIC_TEACHING_FIXTURE
SYN_TRAJ_026	20	52.2	135.8265	135.8265	observed	0.2912	SYNTHETIC_TEACHING_FIXTURE
SYN_TRAJ_026	21	52.21	133.3961	133.3961	observed	0.4896	SYNTHETIC_TEACHING_FIXTURE
SYN_TRAJ_026	22	52.22	133.5223	133.5223	observed	0.8173	SYNTHETIC_TEACHING_FIXTURE
SYN_TRAJ_026	23	52.23	131.5873	131.5873	observed	0.7011	SYNTHETIC_TEACHING_FIXTURE
SYN_TRAJ_026	24	52.24	130.2785	130.2785	observed	0.3797	SYNTHETIC_TEACHING_FIXTURE
SYN_TRAJ_026	25	52.25	129.1104	129.1104	observed	0.4401	SYNTHETIC_TEACHING_FIXTURE
SYN_TRAJ_026	26	52.26	128.1656	128.1656	observed	0.37	SYNTHETIC_TEACHING_FIXTURE
SYN_TRAJ_026	27	52.27	121.5982	121.5982	observed	0.3779	SYNTHETIC_TEACHING_FIXTURE
SYN_TRAJ_026	28	52.28	116.879	116.879	observed	0.8061	SYNTHETIC_TEACHING_FIXTURE
SYN_TRAJ_026	29	52.29	113.8405	113.8405	observed	0.3261	SYNTHETIC_TEACHING_FIXTURE
SYN_TRAJ_026	30	52.3	111.5476	111.5476	observed	0.5568	SYNTHETIC_TEACHING_FIXTURE
SYN_TRAJ_026	31	52.31	109.8981	109.8981	observed	0.3096	SYNTHETIC_TEACHING_FIXTURE
SYN_TRAJ_026	32	52.32	111.6099	111.6099	observed	0.8279	SYNTHETIC_TEACHING_FIXTURE
SYN_TRAJ_026	33	52.33	111.7503	111.7503	observed	0.4707	SYNTHETIC_TEACHING_FIXTURE
SYN_TRAJ_026	34	52.34	111.4519	111.4519	observed	0.5182	SYNTHETIC_TEACHING_FIXTURE
SYN_TRAJ_026	35	52.35	108.3999	108.3999	observed	0.8931	SYNTHETIC_TEACHING_FIXTURE
SYN_TRAJ_026	36	52.36	107.4749	107.4749	observed	0.7716	SYNTHETIC_TEACHING_FIXTURE
SYN_TRAJ_026	37	52.37	104.505	104.505	observed	0.9495	SYNTHETIC_TEACHING_FIXTURE
SYN_TRAJ_026	38	52.38	105.2104	105.2104	observed	0.5595	SYNTHETIC_TEACHING_FIXTURE
SYN_TRAJ_026	39	52.39	102.8584	102.8584	observed	0.6316	SYNTHETIC_TEACHING_FIXTURE
SYN_TRAJ_026	40	52.4	105.2928	105.2928	observed	0.6676	SYNTHETIC_TEACHING_FIXTURE
SYN_TRAJ_026	41	52.41	107.1591	107.1591	observed	0.6742	SYNTHETIC_TEACHING_FIXTURE
SYN_TRAJ_026	42	52.42	105.3503	105.3503	observed	0.4699	SYNTHETIC_TEACHING_FIXTURE
SYN_TRAJ_026	43	52.43	102.5787	102.5787	observed	0.7291	SYNTHETIC_TEACHING_FIXTURE
SYN_TRAJ_026	44	52.44	102.773	102.773	observed	0.718	SYNTHETIC_TEACHING_FIXTURE
SYN_TRAJ_026	45	52.45	103.3728	103.3728	observed	0.2712	SYNTHETIC_TEACHING_FIXTURE
SYN_TRAJ_026	46	52.46	102.168	102.168	observed	0.529	SYNTHETIC_TEACHING_FIXTURE
SYN_TRAJ_026	47	52.47	100.3859	100.3859	observed	0.8904	SYNTHETIC_TEACHING_FIXTURE
SYN_TRAJ_027	0	54.0	111.9246	111.9246	observed	0.8723	SYNTHETIC_TEACHING_FIXTURE
SYN_TRAJ_027	1	54.01	109.2205	109.2205	observed	0.678	SYNTHETIC_TEACHING_FIXTURE
SYN_TRAJ_027	2	54.02	108.4811	108.4811	observed	0.4359	SYNTHETIC_TEACHING_FIXTURE
SYN_TRAJ_027	3	54.03	107.6141	107.6141	observed	0.8044	SYNTHETIC_TEACHING_FIXTURE
SYN_TRAJ_027	4	54.04	110.8331	110.8331	observed	0.8498	SYNTHETIC_TEACHING_FIXTURE
SYN_TRAJ_027	5	54.05	111.3316		quality_rejection		SYNTHETIC_TEACHING_FIXTURE
SYN_TRAJ_027	6	54.06	109.5833	109.5833	observed	0.5894	SYNTHETIC_TEACHING_FIXTURE
SYN_TRAJ_027	7	54.07	113.9009	113.9009	observed	0.2599	SYNTHETIC_TEACHING_FIXTURE
SYN_TRAJ_027	8	54.08	115.6394	115.6394	observed	0.8825	SYNTHETIC_TEACHING_FIXTURE
SYN_TRAJ_027	9	54.09	118.4089	118.4089	observed	0.3579	SYNTHETIC_TEACHING_FIXTURE
SYN_TRAJ_027	10	54.1	118.777	118.777	observed	0.8881	SYNTHETIC_TEACHING_FIXTURE
SYN_TRAJ_027	11	54.11	119.6511	119.6511	observed	0.3553	SYNTHETIC_TEACHING_FIXTURE
SYN_TRAJ_027	12	54.12	121.4533	121.4533	observed	0.6074	SYNTHETIC_TEACHING_FIXTURE
SYN_TRAJ_027	13	54.13	120.6714	120.6714	observed	0.3472	SYNTHETIC_TEACHING_FIXTURE
SYN_TRAJ_027	14	54.14	122.71	122.71	observed	0.7512	SYNTHETIC_TEACHING_FIXTURE
SYN_TRAJ_027	15	54.15	125.9235	125.9235	observed	0.7423	SYNTHETIC_TEACHING_FIXTURE
SYN_TRAJ_027	16	54.16	127.2477	127.2477	observed	0.8519	SYNTHETIC_TEACHING_FIXTURE
SYN_TRAJ_027	17	54.17	131.9915	131.9915	observed	0.2903	SYNTHETIC_TEACHING_FIXTURE
SYN_TRAJ_027	18	54.18	136.1617	136.1617	observed	0.7699	SYNTHETIC_TEACHING_FIXTURE
SYN_TRAJ_027	19	54.19	134.9642	134.9642	observed	0.4413	SYNTHETIC_TEACHING_FIXTURE
SYN_TRAJ_027	20	54.2	139.3225	139.3225	observed	0.654	SYNTHETIC_TEACHING_FIXTURE
SYN_TRAJ_027	21	54.21	139.9609	139.9609	observed	0.8035	SYNTHETIC_TEACHING_FIXTURE
SYN_TRAJ_027	22	54.22	131.9163	131.9163	observed	0.7908	SYNTHETIC_TEACHING_FIXTURE
SYN_TRAJ_027	23	54.23	128.2164	128.2164	observed	0.6719	SYNTHETIC_TEACHING_FIXTURE
SYN_TRAJ_027	24	54.24	123.5986	123.5986	observed	0.6754	SYNTHETIC_TEACHING_FIXTURE
SYN_TRAJ_027	25	54.25	119.5367	119.5367	observed	0.4823	SYNTHETIC_TEACHING_FIXTURE
SYN_TRAJ_027	26	54.26	116.2398	116.2398	observed	0.6239	SYNTHETIC_TEACHING_FIXTURE
SYN_TRAJ_027	27	54.27	115.7445	115.7445	observed	0.9497	SYNTHETIC_TEACHING_FIXTURE
SYN_TRAJ_027	28	54.28	114.38	114.38	observed	0.9173	SYNTHETIC_TEACHING_FIXTURE
SYN_TRAJ_027	29	54.29	110.2241	110.2241	observed	0.7187	SYNTHETIC_TEACHING_FIXTURE
SYN_TRAJ_027	30	54.3	104.47	104.47	observed	0.5202	SYNTHETIC_TEACHING_FIXTURE
SYN_TRAJ_027	31	54.31	100.9403	100.9403	observed	0.7421	SYNTHETIC_TEACHING_FIXTURE
SYN_TRAJ_027	32	54.32	101.674	101.674	observed	0.4702	SYNTHETIC_TEACHING_FIXTURE
SYN_TRAJ_027	33	54.33	103.3032	103.3032	observed	0.7978	SYNTHETIC_TEACHING_FIXTURE
SYN_TRAJ_027	34	54.34	106.6009	106.6009	observed	0.5979	SYNTHETIC_TEACHING_FIXTURE
SYN_TRAJ_028	0	56.0	115.355	115.355	observed	0.3194	SYNTHETIC_TEACHING_FIXTURE
SYN_TRAJ_028	1	56.01	117.1115	117.1115	observed	0.4044	SYNTHETIC_TEACHING_FIXTURE
SYN_TRAJ_028	2	56.02	117.5072	117.5072	observed	0.6958	SYNTHETIC_TEACHING_FIXTURE
SYN_TRAJ_028	3	56.03	114.3413	114.3413	observed	0.8698	SYNTHETIC_TEACHING_FIXTURE
SYN_TRAJ_028	4	56.04	114.6821	114.6821	observed	0.8615	SYNTHETIC_TEACHING_FIXTURE
SYN_TRAJ_028	5	56.05	119.9152	119.9152	observed	0.4398	SYNTHETIC_TEACHING_FIXTURE
SYN_TRAJ_028	6	56.06	124.8051	124.8051	observed	0.6547	SYNTHETIC_TEACHING_FIXTURE
SYN_TRAJ_028	7	56.07	119.5856	119.5856	observed	0.5462	SYNTHETIC_TEACHING_FIXTURE
SYN_TRAJ_028	8	56.08	116.4932	116.4932	observed	0.8698	SYNTHETIC_TEACHING_FIXTURE
SYN_TRAJ_028	9	56.09	119.1987	119.1987	observed	0.8737	SYNTHETIC_TEACHING_FIXTURE
SYN_TRAJ_028	10	56.1	122.1963		estimator_failure		SYNTHETIC_TEACHING_FIXTURE
SYN_TRAJ_028	11	56.11	122.7273	122.7273	observed	0.3588	SYNTHETIC_TEACHING_FIXTURE
SYN_TRAJ_028	12	56.12	126.2171	126.2171	observed	0.9124	SYNTHETIC_TEACHING_FIXTURE
SYN_TRAJ_028	13	56.13	124.4058	124.4058	observed	0.2769	SYNTHETIC_TEACHING_FIXTURE
SYN_TRAJ_028	14	56.14	126.8846	126.8846	observed	0.5793	SYNTHETIC_TEACHING_FIXTURE
SYN_TRAJ_028	15	56.15	127.8924	127.8924	observed	0.6992	SYNTHETIC_TEACHING_FIXTURE
SYN_TRAJ_028	16	56.16	130.3019	130.3019	observed	0.8328	SYNTHETIC_TEACHING_FIXTURE
SYN_TRAJ_028	17	56.17	134.0595	134.0595	observed	0.8502	SYNTHETIC_TEACHING_FIXTURE
SYN_TRAJ_028	18	56.18	134.7326	134.7326	observed	0.377	SYNTHETIC_TEACHING_FIXTURE
SYN_TRAJ_028	19	56.19	132.9336	132.9336	observed	0.3239	SYNTHETIC_TEACHING_FIXTURE
SYN_TRAJ_028	20	56.2	134.0902	134.0902	observed	0.4691	SYNTHETIC_TEACHING_FIXTURE
SYN_TRAJ_028	21	56.21	135.6789	135.6789	observed	0.6237	SYNTHETIC_TEACHING_FIXTURE
SYN_TRAJ_028	22	56.22	133.63	133.63	observed	0.5972	SYNTHETIC_TEACHING_FIXTURE
SYN_TRAJ_028	23	56.23	130.2605	130.2605	observed	0.3549	SYNTHETIC_TEACHING_FIXTURE
SYN_TRAJ_028	24	56.24	133.9322	133.9322	observed	0.6383	SYNTHETIC_TEACHING_FIXTURE
SYN_TRAJ_028	25	56.25	132.69	132.69	observed	0.6214	SYNTHETIC_TEACHING_FIXTURE
SYN_TRAJ_028	26	56.26	124.3443	124.3443	observed	0.9757	SYNTHETIC_TEACHING_FIXTURE
SYN_TRAJ_028	27	56.27	123.5663	123.5663	observed	0.286	SYNTHETIC_TEACHING_FIXTURE
SYN_TRAJ_028	28	56.28	121.7652	121.7652	observed	0.2708	SYNTHETIC_TEACHING_FIXTURE
SYN_TRAJ_028	29	56.29	122.9379	122.9379	observed	0.7545	SYNTHETIC_TEACHING_FIXTURE
SYN_TRAJ_028	30	56.3	121.5093	121.5093	observed	0.3349	SYNTHETIC_TEACHING_FIXTURE
SYN_TRAJ_028	31	56.31	121.6991	121.6991	observed	0.8525	SYNTHETIC_TEACHING_FIXTURE
SYN_TRAJ_028	32	56.32	120.83	120.83	observed	0.8698	SYNTHETIC_TEACHING_FIXTURE
SYN_TRAJ_028	33	56.33	117.0742	117.0742	observed	0.3137	SYNTHETIC_TEACHING_FIXTURE
SYN_TRAJ_028	34	56.34	115.6412	115.6412	observed	0.2744	SYNTHETIC_TEACHING_FIXTURE
SYN_TRAJ_028	35	56.35	114.0436	114.0436	observed	0.6881	SYNTHETIC_TEACHING_FIXTURE
SYN_TRAJ_028	36	56.36	112.6045	112.6045	observed	0.3398	SYNTHETIC_TEACHING_FIXTURE
SYN_TRAJ_028	37	56.37	113.8921	113.8921	observed	0.2996	SYNTHETIC_TEACHING_FIXTURE
SYN_TRAJ_028	38	56.38	112.5255	112.5255	observed	0.6772	SYNTHETIC_TEACHING_FIXTURE
SYN_TRAJ_028	39	56.39	113.6811	113.6811	observed	0.8042	SYNTHETIC_TEACHING_FIXTURE
SYN_TRAJ_028	40	56.4	108.5141	108.5141	observed	0.3863	SYNTHETIC_TEACHING_FIXTURE
SYN_TRAJ_028	41	56.41	110.9776	110.9776	observed	0.7409	SYNTHETIC_TEACHING_FIXTURE
SYN_TRAJ_028	42	56.42	112.4799	112.4799	observed	0.6595	SYNTHETIC_TEACHING_FIXTURE
SYN_TRAJ_028	43	56.43	111.8269	111.8269	observed	0.4601	SYNTHETIC_TEACHING_FIXTURE
SYN_TRAJ_028	44	56.44	109.9381	109.9381	observed	0.5925	SYNTHETIC_TEACHING_FIXTURE
SYN_TRAJ_028	45	56.45	107.024	107.024	observed	0.4951	SYNTHETIC_TEACHING_FIXTURE
SYN_TRAJ_028	46	56.46	102.3972	102.3972	observed	0.2885	SYNTHETIC_TEACHING_FIXTURE
SYN_TRAJ_028	47	56.47	103.909	103.909	observed	0.5343	SYNTHETIC_TEACHING_FIXTURE
SYN_TRAJ_028	48	56.48	104.0506	104.0506	observed	0.7196	SYNTHETIC_TEACHING_FIXTURE
SYN_TRAJ_028	49	56.49	106.0462	106.0462	observed	0.7848	SYNTHETIC_TEACHING_FIXTURE
SYN_TRAJ_028	50	56.5	107.7633	107.7633	observed	0.582	SYNTHETIC_TEACHING_FIXTURE
SYN_TRAJ_028	51	56.51	109.7725	109.7725	observed	0.2678	SYNTHETIC_TEACHING_FIXTURE
SYN_TRAJ_029	0	58.0	113.0758	113.0758	observed	0.2701	SYNTHETIC_TEACHING_FIXTURE
SYN_TRAJ_029	1	58.01	113.3778	113.3778	observed	0.842	SYNTHETIC_TEACHING_FIXTURE
SYN_TRAJ_029	2	58.02	108.9862	108.9862	observed	0.7261	SYNTHETIC_TEACHING_FIXTURE
SYN_TRAJ_029	3	58.03	112.6019	112.6019	observed	0.4238	SYNTHETIC_TEACHING_FIXTURE
SYN_TRAJ_029	4	58.04	116.0749	116.0749	observed	0.4095	SYNTHETIC_TEACHING_FIXTURE
SYN_TRAJ_029	5	58.05	117.2388	117.2388	observed	0.8004	SYNTHETIC_TEACHING_FIXTURE
SYN_TRAJ_029	6	58.06	115.8894	115.8894	observed	0.2665	SYNTHETIC_TEACHING_FIXTURE
SYN_TRAJ_029	7	58.07	114.0648	114.0648	observed	0.7175	SYNTHETIC_TEACHING_FIXTURE
SYN_TRAJ_029	8	58.08	114.413	114.413	observed	0.3496	SYNTHETIC_TEACHING_FIXTURE
SYN_TRAJ_029	9	58.09	120.0648	120.0648	observed	0.3412	SYNTHETIC_TEACHING_FIXTURE
SYN_TRAJ_029	10	58.1	121.6096	121.6096	observed	0.7484	SYNTHETIC_TEACHING_FIXTURE
SYN_TRAJ_029	11	58.11	124.7826	124.7826	observed	0.9614	SYNTHETIC_TEACHING_FIXTURE
SYN_TRAJ_029	12	58.12	124.7329	124.7329	observed	0.941	SYNTHETIC_TEACHING_FIXTURE
SYN_TRAJ_029	13	58.13	130.0306	130.0306	observed	0.4635	SYNTHETIC_TEACHING_FIXTURE
SYN_TRAJ_029	14	58.14	133.3009	133.3009	observed	0.3105	SYNTHETIC_TEACHING_FIXTURE
SYN_TRAJ_029	15	58.15	133.7913	133.7913	observed	0.8952	SYNTHETIC_TEACHING_FIXTURE
SYN_TRAJ_029	16	58.16	134.9699	134.9699	observed	0.6749	SYNTHETIC_TEACHING_FIXTURE
SYN_TRAJ_029	17	58.17	133.329	133.329	observed	0.5704	SYNTHETIC_TEACHING_FIXTURE
SYN_TRAJ_029	18	58.18	133.2892	133.2892	observed	0.3725	SYNTHETIC_TEACHING_FIXTURE
SYN_TRAJ_029	19	58.19	133.4047	133.4047	observed	0.6037	SYNTHETIC_TEACHING_FIXTURE
SYN_TRAJ_029	20	58.2	133.6772	133.6772	observed	0.2973	SYNTHETIC_TEACHING_FIXTURE
SYN_TRAJ_029	21	58.21	125.6176	125.6176	observed	0.8367	SYNTHETIC_TEACHING_FIXTURE
SYN_TRAJ_029	22	58.22	120.836	120.836	observed	0.4464	SYNTHETIC_TEACHING_FIXTURE
SYN_TRAJ_029	23	58.23	119.6667	119.6667	observed	0.8741	SYNTHETIC_TEACHING_FIXTURE
SYN_TRAJ_029	24	58.24	115.4858	115.4858	observed	0.5964	SYNTHETIC_TEACHING_FIXTURE
SYN_TRAJ_029	25	58.25	113.4381	113.4381	observed	0.3711	SYNTHETIC_TEACHING_FIXTURE
SYN_TRAJ_029	26	58.26	107.4976	107.4976	observed	0.7366	SYNTHETIC_TEACHING_FIXTURE
SYN_TRAJ_029	27	58.27	111.1954	111.1954	observed	0.4814	SYNTHETIC_TEACHING_FIXTURE
SYN_TRAJ_029	28	58.28	113.68	113.68	observed	0.7708	SYNTHETIC_TEACHING_FIXTURE
SYN_TRAJ_029	29	58.29	109.771	109.771	observed	0.7983	SYNTHETIC_TEACHING_FIXTURE
SYN_TRAJ_030	0	60.0			structural_unvoiced		SYNTHETIC_TEACHING_FIXTURE
SYN_TRAJ_030	1	60.01			structural_unvoiced		SYNTHETIC_TEACHING_FIXTURE
SYN_TRAJ_030	2	60.02			structural_unvoiced		SYNTHETIC_TEACHING_FIXTURE
SYN_TRAJ_030	3	60.03	119.4693	119.4693	observed	0.5515	SYNTHETIC_TEACHING_FIXTURE
SYN_TRAJ_030	4	60.04	115.6794	115.6794	observed	0.9285	SYNTHETIC_TEACHING_FIXTURE
SYN_TRAJ_030	5	60.05	121.0376	121.0376	observed	0.3645	SYNTHETIC_TEACHING_FIXTURE
SYN_TRAJ_030	6	60.06	122.8578	122.8578	observed	0.3951	SYNTHETIC_TEACHING_FIXTURE
SYN_TRAJ_030	7	60.07	122.9815	122.9815	observed	0.795	SYNTHETIC_TEACHING_FIXTURE
SYN_TRAJ_030	8	60.08	123.8335	123.8335	observed	0.6932	SYNTHETIC_TEACHING_FIXTURE
SYN_TRAJ_030	9	60.09	126.804	126.804	observed	0.9581	SYNTHETIC_TEACHING_FIXTURE
SYN_TRAJ_030	10	60.1	127.8908	127.8908	observed	0.6455	SYNTHETIC_TEACHING_FIXTURE
SYN_TRAJ_030	11	60.11	125.5862	125.5862	observed	0.4572	SYNTHETIC_TEACHING_FIXTURE
SYN_TRAJ_030	12	60.12	124.8048	124.8048	observed	0.728	SYNTHETIC_TEACHING_FIXTURE
SYN_TRAJ_030	13	60.13	128.3615	128.3615	observed	0.4169	SYNTHETIC_TEACHING_FIXTURE
SYN_TRAJ_030	14	60.14	130.5822	130.5822	observed	0.3201	SYNTHETIC_TEACHING_FIXTURE
SYN_TRAJ_030	15	60.15	132.9185	132.9185	observed	0.3478	SYNTHETIC_TEACHING_FIXTURE
SYN_TRAJ_030	16	60.16	133.859	133.859	observed	0.6854	SYNTHETIC_TEACHING_FIXTURE
SYN_TRAJ_030	17	60.17	134.4788	134.4788	observed	0.577	SYNTHETIC_TEACHING_FIXTURE
SYN_TRAJ_030	18	60.18	135.9913	135.9913	observed	0.351	SYNTHETIC_TEACHING_FIXTURE
SYN_TRAJ_030	19	60.19	136.6746	136.6746	observed	0.9263	SYNTHETIC_TEACHING_FIXTURE
SYN_TRAJ_030	20	60.2	137.5756	137.5756	observed	0.658	SYNTHETIC_TEACHING_FIXTURE
SYN_TRAJ_030	21	60.21	137.559	137.559	observed	0.9287	SYNTHETIC_TEACHING_FIXTURE
SYN_TRAJ_030	22	60.22	133.401	133.401	observed	0.6394	SYNTHETIC_TEACHING_FIXTURE
SYN_TRAJ_030	23	60.23	133.1921	133.1921	observed	0.3056	SYNTHETIC_TEACHING_FIXTURE
SYN_TRAJ_030	24	60.24	129.5989	129.5989	observed	0.3767	SYNTHETIC_TEACHING_FIXTURE
SYN_TRAJ_030	25	60.25	127.6969	127.6969	observed	0.9663	SYNTHETIC_TEACHING_FIXTURE
SYN_TRAJ_030	26	60.26	126.522	126.522	observed	0.7579	SYNTHETIC_TEACHING_FIXTURE
SYN_TRAJ_030	27	60.27	121.063	121.063	observed	0.8846	SYNTHETIC_TEACHING_FIXTURE
SYN_TRAJ_030	28	60.28	117.9	117.9	observed	0.5601	SYNTHETIC_TEACHING_FIXTURE
SYN_TRAJ_030	29	60.29	113.6058	113.6058	observed	0.3877	SYNTHETIC_TEACHING_FIXTURE
SYN_TRAJ_030	30	60.3	110.7892	110.7892	observed	0.3603	SYNTHETIC_TEACHING_FIXTURE
SYN_TRAJ_030	31	60.31	109.9115	109.9115	observed	0.7773	SYNTHETIC_TEACHING_FIXTURE
SYN_TRAJ_030	32	60.32	109.5125	109.5125	observed	0.3064	SYNTHETIC_TEACHING_FIXTURE
SYN_TRAJ_030	33	60.33	110.9673	110.9673	observed	0.294	SYNTHETIC_TEACHING_FIXTURE
SYN_TRAJ_030	34	60.34	107.9489	107.9489	observed	0.5171	SYNTHETIC_TEACHING_FIXTURE
SYN_TRAJ_030	35	60.35	111.6984	111.6984	observed	0.3239	SYNTHETIC_TEACHING_FIXTURE
SYN_TRAJ_030	36	60.36	108.1858		quality_rejection		SYNTHETIC_TEACHING_FIXTURE
SYN_TRAJ_030	37	60.37	109.3863	109.3863	observed	0.6401	SYNTHETIC_TEACHING_FIXTURE
SYN_TRAJ_030	38	60.38	108.6649	108.6649	observed	0.4974	SYNTHETIC_TEACHING_FIXTURE
SYN_TRAJ_030	39	60.39	112.9242	112.9242	observed	0.5577	SYNTHETIC_TEACHING_FIXTURE
SYN_TRAJ_030	40	60.4			structural_unvoiced		SYNTHETIC_TEACHING_FIXTURE
SYN_TRAJ_030	41	60.41			structural_unvoiced		SYNTHETIC_TEACHING_FIXTURE
SYN_TRAJ_030	42	60.42			structural_unvoiced		SYNTHETIC_TEACHING_FIXTURE
SYN_TRAJ_031	0	62.0	113.4746	113.4746	observed	0.3064	SYNTHETIC_TEACHING_FIXTURE
SYN_TRAJ_031	1	62.01	113.4073	113.4073	observed	0.2704	SYNTHETIC_TEACHING_FIXTURE
SYN_TRAJ_031	2	62.02	116.2644	116.2644	observed	0.4512	SYNTHETIC_TEACHING_FIXTURE
SYN_TRAJ_031	3	62.03	114.4724	114.4724	observed	0.3545	SYNTHETIC_TEACHING_FIXTURE
SYN_TRAJ_031	4	62.04	114.0011	114.0011	observed	0.8132	SYNTHETIC_TEACHING_FIXTURE
SYN_TRAJ_031	5	62.05	110.6271	110.6271	observed	0.5913	SYNTHETIC_TEACHING_FIXTURE
SYN_TRAJ_031	6	62.06	111.4299	111.4299	observed	0.7131	SYNTHETIC_TEACHING_FIXTURE
SYN_TRAJ_031	7	62.07	109.4454	109.4454	observed	0.7864	SYNTHETIC_TEACHING_FIXTURE
SYN_TRAJ_031	8	62.08	112.5211	112.5211	observed	0.5337	SYNTHETIC_TEACHING_FIXTURE
SYN_TRAJ_031	9	62.09	111.3512	111.3512	observed	0.3144	SYNTHETIC_TEACHING_FIXTURE
SYN_TRAJ_031	10	62.1	110.3311	110.3311	observed	0.6271	SYNTHETIC_TEACHING_FIXTURE
SYN_TRAJ_031	11	62.11	117.2263	117.2263	observed	0.8062	SYNTHETIC_TEACHING_FIXTURE
SYN_TRAJ_031	12	62.12	125.0555	125.0555	observed	0.7191	SYNTHETIC_TEACHING_FIXTURE
SYN_TRAJ_031	13	62.13	128.7349	128.7349	observed	0.462	SYNTHETIC_TEACHING_FIXTURE
SYN_TRAJ_031	14	62.14	128.8863	128.8863	observed	0.7862	SYNTHETIC_TEACHING_FIXTURE
SYN_TRAJ_031	15	62.15	131.1414	131.1414	observed	0.6781	SYNTHETIC_TEACHING_FIXTURE
SYN_TRAJ_031	16	62.16	136.0511	136.0511	observed	0.5762	SYNTHETIC_TEACHING_FIXTURE
SYN_TRAJ_031	17	62.17	135.8874	135.8874	observed	0.5376	SYNTHETIC_TEACHING_FIXTURE
SYN_TRAJ_031	18	62.18	135.757	135.757	observed	0.6584	SYNTHETIC_TEACHING_FIXTURE
SYN_TRAJ_031	19	62.19	132.468	132.468	observed	0.6956	SYNTHETIC_TEACHING_FIXTURE
SYN_TRAJ_031	20	62.2	132.4609	132.4609	observed	0.3208	SYNTHETIC_TEACHING_FIXTURE
SYN_TRAJ_031	21	62.21	132.1737	132.1737	observed	0.5047	SYNTHETIC_TEACHING_FIXTURE
SYN_TRAJ_031	22	62.22	128.3757	128.3757	observed	0.7611	SYNTHETIC_TEACHING_FIXTURE
SYN_TRAJ_031	23	62.23	127.1214	127.1214	observed	0.8072	SYNTHETIC_TEACHING_FIXTURE
SYN_TRAJ_031	24	62.24	122.8716	122.8716	observed	0.7265	SYNTHETIC_TEACHING_FIXTURE
SYN_TRAJ_031	25	62.25	121.9961	121.9961	observed	0.5011	SYNTHETIC_TEACHING_FIXTURE
SYN_TRAJ_031	26	62.26	118.9333	118.9333	observed	0.7217	SYNTHETIC_TEACHING_FIXTURE
SYN_TRAJ_031	27	62.27	117.9186	117.9186	observed	0.3405	SYNTHETIC_TEACHING_FIXTURE
SYN_TRAJ_031	28	62.28	110.8152	110.8152	observed	0.887	SYNTHETIC_TEACHING_FIXTURE
SYN_TRAJ_031	29	62.29	106.6709	106.6709	observed	0.747	SYNTHETIC_TEACHING_FIXTURE
SYN_TRAJ_031	30	62.3	108.346	108.346	observed	0.6532	SYNTHETIC_TEACHING_FIXTURE
SYN_TRAJ_031	31	62.31	104.0444	104.0444	observed	0.6996	SYNTHETIC_TEACHING_FIXTURE
SYN_TRAJ_031	32	62.32	105.5964	105.5964	observed	0.4351	SYNTHETIC_TEACHING_FIXTURE
SYN_TRAJ_032	0	64.0	117.9969	117.9969	observed	0.465	SYNTHETIC_TEACHING_FIXTURE
SYN_TRAJ_032	1	64.01	122.161	122.161	observed	0.9302	SYNTHETIC_TEACHING_FIXTURE
SYN_TRAJ_032	2	64.02	125.509	125.509	observed	0.3605	SYNTHETIC_TEACHING_FIXTURE
SYN_TRAJ_032	3	64.03	123.0114	123.0114	observed	0.9567	SYNTHETIC_TEACHING_FIXTURE
SYN_TRAJ_032	4	64.04	121.0292	121.0292	observed	0.9455	SYNTHETIC_TEACHING_FIXTURE
SYN_TRAJ_032	5	64.05	121.9558	121.9558	observed	0.9154	SYNTHETIC_TEACHING_FIXTURE
SYN_TRAJ_032	6	64.06	122.7574	122.7574	observed	0.3496	SYNTHETIC_TEACHING_FIXTURE
SYN_TRAJ_032	7	64.07	121.6346	121.6346	observed	0.5005	SYNTHETIC_TEACHING_FIXTURE
SYN_TRAJ_032	8	64.08	122.5324	122.5324	observed	0.7502	SYNTHETIC_TEACHING_FIXTURE
SYN_TRAJ_032	9	64.09	127.2037	127.2037	observed	0.3669	SYNTHETIC_TEACHING_FIXTURE
SYN_TRAJ_032	10	64.1	126.617	126.617	observed	0.9877	SYNTHETIC_TEACHING_FIXTURE
SYN_TRAJ_032	11	64.11	129.1525		quality_rejection		SYNTHETIC_TEACHING_FIXTURE
SYN_TRAJ_032	12	64.12	133.5807	133.5807	observed	0.853	SYNTHETIC_TEACHING_FIXTURE
SYN_TRAJ_032	13	64.13	132.2716	132.2716	observed	0.3361	SYNTHETIC_TEACHING_FIXTURE
SYN_TRAJ_032	14	64.14	132.7661	132.7661	observed	0.763	SYNTHETIC_TEACHING_FIXTURE
SYN_TRAJ_032	15	64.15	135.986	135.986	observed	0.6894	SYNTHETIC_TEACHING_FIXTURE
SYN_TRAJ_032	16	64.16	132.0167	132.0167	observed	0.3587	SYNTHETIC_TEACHING_FIXTURE
SYN_TRAJ_032	17	64.17	135.1019	135.1019	observed	0.9636	SYNTHETIC_TEACHING_FIXTURE
SYN_TRAJ_032	18	64.18	133.5914	133.5914	observed	0.6224	SYNTHETIC_TEACHING_FIXTURE
SYN_TRAJ_032	19	64.19	135.4177	135.4177	observed	0.9152	SYNTHETIC_TEACHING_FIXTURE
SYN_TRAJ_032	20	64.2	136.1279	136.1279	observed	0.3369	SYNTHETIC_TEACHING_FIXTURE
SYN_TRAJ_032	21	64.21	137.8343	137.8343	observed	0.9107	SYNTHETIC_TEACHING_FIXTURE
SYN_TRAJ_032	22	64.22	135.2713	135.2713	observed	0.9088	SYNTHETIC_TEACHING_FIXTURE
SYN_TRAJ_032	23	64.23	135.9337	135.9337	observed	0.2528	SYNTHETIC_TEACHING_FIXTURE
SYN_TRAJ_032	24	64.24	136.4841	136.4841	observed	0.7282	SYNTHETIC_TEACHING_FIXTURE
SYN_TRAJ_032	25	64.25	130.8147	130.8147	observed	0.3442	SYNTHETIC_TEACHING_FIXTURE
SYN_TRAJ_032	26	64.26	128.1092	128.1092	observed	0.9577	SYNTHETIC_TEACHING_FIXTURE
SYN_TRAJ_032	27	64.27	131.4155	131.4155	observed	0.8118	SYNTHETIC_TEACHING_FIXTURE
SYN_TRAJ_032	28	64.28	127.2687	127.2687	observed	0.5659	SYNTHETIC_TEACHING_FIXTURE
SYN_TRAJ_032	29	64.29	123.1499	123.1499	observed	0.5536	SYNTHETIC_TEACHING_FIXTURE
SYN_TRAJ_032	30	64.3	123.2147	123.2147	observed	0.4033	SYNTHETIC_TEACHING_FIXTURE
SYN_TRAJ_032	31	64.31	119.0559	119.0559	observed	0.4273	SYNTHETIC_TEACHING_FIXTURE
SYN_TRAJ_032	32	64.32	115.3093	115.3093	observed	0.6331	SYNTHETIC_TEACHING_FIXTURE
SYN_TRAJ_032	33	64.33	120.6113	120.6113	observed	0.3043	SYNTHETIC_TEACHING_FIXTURE
SYN_TRAJ_032	34	64.34	119.6922	119.6922	observed	0.3251	SYNTHETIC_TEACHING_FIXTURE
SYN_TRAJ_032	35	64.35	119.5921	119.5921	observed	0.4437	SYNTHETIC_TEACHING_FIXTURE
SYN_TRAJ_032	36	64.36	112.903	112.903	observed	0.9178	SYNTHETIC_TEACHING_FIXTURE
SYN_TRAJ_032	37	64.37	113.9289	113.9289	observed	0.5156	SYNTHETIC_TEACHING_FIXTURE
SYN_TRAJ_032	38	64.38	115.0267	115.0267	observed	0.3788	SYNTHETIC_TEACHING_FIXTURE
SYN_TRAJ_032	39	64.39	111.7169	111.7169	observed	0.8077	SYNTHETIC_TEACHING_FIXTURE
SYN_TRAJ_032	40	64.4	112.0718	112.0718	observed	0.8614	SYNTHETIC_TEACHING_FIXTURE
SYN_TRAJ_032	41	64.41	110.5528	110.5528	observed	0.8325	SYNTHETIC_TEACHING_FIXTURE
SYN_TRAJ_032	42	64.42	112.2176	112.2176	observed	0.6914	SYNTHETIC_TEACHING_FIXTURE
SYN_TRAJ_032	43	64.43	114.1636	114.1636	observed	0.8598	SYNTHETIC_TEACHING_FIXTURE
SYN_TRAJ_032	44	64.44	112.6478	112.6478	observed	0.9236	SYNTHETIC_TEACHING_FIXTURE
SYN_TRAJ_032	45	64.45	108.8255	108.8255	observed	0.7793	SYNTHETIC_TEACHING_FIXTURE
SYN_TRAJ_032	46	64.46	107.6968	107.6968	observed	0.5258	SYNTHETIC_TEACHING_FIXTURE
SYN_TRAJ_032	47	64.47	110.8799	110.8799	observed	0.5846	SYNTHETIC_TEACHING_FIXTURE
SYN_TRAJ_032	48	64.48	113.1294	113.1294	observed	0.5358	SYNTHETIC_TEACHING_FIXTURE
SYN_TRAJ_033	0	66.0	119.736	119.736	observed	0.4725	SYNTHETIC_TEACHING_FIXTURE
SYN_TRAJ_033	1	66.01	120.9793	120.9793	observed	0.8778	SYNTHETIC_TEACHING_FIXTURE
SYN_TRAJ_033	2	66.02	122.2997	122.2997	observed	0.3499	SYNTHETIC_TEACHING_FIXTURE
SYN_TRAJ_033	3	66.03	118.8696	118.8696	observed	0.7607	SYNTHETIC_TEACHING_FIXTURE
SYN_TRAJ_033	4	66.04	118.1855	118.1855	observed	0.7338	SYNTHETIC_TEACHING_FIXTURE
SYN_TRAJ_033	5	66.05	118.252	118.252	observed	0.6627	SYNTHETIC_TEACHING_FIXTURE
SYN_TRAJ_033	6	66.06	122.294	122.294	observed	0.2791	SYNTHETIC_TEACHING_FIXTURE
SYN_TRAJ_033	7	66.07	122.5827	122.5827	observed	0.4888	SYNTHETIC_TEACHING_FIXTURE
SYN_TRAJ_033	8	66.08	121.4034	121.4034	observed	0.8076	SYNTHETIC_TEACHING_FIXTURE
SYN_TRAJ_033	9	66.09	119.1941	119.1941	observed	0.4856	SYNTHETIC_TEACHING_FIXTURE
SYN_TRAJ_033	10	66.1	123.69	123.69	observed	0.8565	SYNTHETIC_TEACHING_FIXTURE
SYN_TRAJ_033	11	66.11	125.9814	125.9814	observed	0.9502	SYNTHETIC_TEACHING_FIXTURE
SYN_TRAJ_033	12	66.12	126.8861	126.8861	observed	0.3192	SYNTHETIC_TEACHING_FIXTURE
SYN_TRAJ_033	13	66.13	126.1193	126.1193	observed	0.2953	SYNTHETIC_TEACHING_FIXTURE
SYN_TRAJ_033	14	66.14	129.5844	129.5844	observed	0.4738	SYNTHETIC_TEACHING_FIXTURE
SYN_TRAJ_033	15	66.15	130.9331	130.9331	observed	0.6456	SYNTHETIC_TEACHING_FIXTURE
SYN_TRAJ_033	16	66.16	131.2542	131.2542	observed	0.3085	SYNTHETIC_TEACHING_FIXTURE
SYN_TRAJ_033	17	66.17	133.7605	133.7605	observed	0.4094	SYNTHETIC_TEACHING_FIXTURE
SYN_TRAJ_033	18	66.18	139.6153	139.6153	observed	0.9584	SYNTHETIC_TEACHING_FIXTURE
SYN_TRAJ_033	19	66.19	143.3126		estimator_failure		SYNTHETIC_TEACHING_FIXTURE
SYN_TRAJ_033	20	66.2	141.0058	141.0058	observed	0.3316	SYNTHETIC_TEACHING_FIXTURE
SYN_TRAJ_033	21	66.21	133.7899	133.7899	observed	0.6682	SYNTHETIC_TEACHING_FIXTURE
SYN_TRAJ_033	22	66.22	128.9642	128.9642	observed	0.2841	SYNTHETIC_TEACHING_FIXTURE
SYN_TRAJ_033	23	66.23	129.6358	129.6358	observed	0.7336	SYNTHETIC_TEACHING_FIXTURE
SYN_TRAJ_033	24	66.24	127.5901	127.5901	observed	0.7983	SYNTHETIC_TEACHING_FIXTURE
SYN_TRAJ_033	25	66.25	121.2413	121.2413	observed	0.9628	SYNTHETIC_TEACHING_FIXTURE
SYN_TRAJ_033	26	66.26	118.4323	118.4323	observed	0.6167	SYNTHETIC_TEACHING_FIXTURE
SYN_TRAJ_033	27	66.27	116.6052	116.6052	observed	0.744	SYNTHETIC_TEACHING_FIXTURE
SYN_TRAJ_033	28	66.28	115.7163	115.7163	observed	0.5663	SYNTHETIC_TEACHING_FIXTURE
SYN_TRAJ_033	29	66.29	115.8012	115.8012	observed	0.7343	SYNTHETIC_TEACHING_FIXTURE
SYN_TRAJ_033	30	66.3	110.4583	110.4583	observed	0.3285	SYNTHETIC_TEACHING_FIXTURE
SYN_TRAJ_033	31	66.31	109.3046	109.3046	observed	0.846	SYNTHETIC_TEACHING_FIXTURE
SYN_TRAJ_033	32	66.32	109.0823	109.0823	observed	0.762	SYNTHETIC_TEACHING_FIXTURE
SYN_TRAJ_034	0	68.0	116.4113	116.4113	observed	0.786	SYNTHETIC_TEACHING_FIXTURE
SYN_TRAJ_034	1	68.01	118.0215	118.0215	observed	0.7486	SYNTHETIC_TEACHING_FIXTURE
SYN_TRAJ_034	2	68.02	120.4033	120.4033	observed	0.8672	SYNTHETIC_TEACHING_FIXTURE
SYN_TRAJ_034	3	68.03	121.2507	121.2507	observed	0.5532	SYNTHETIC_TEACHING_FIXTURE
SYN_TRAJ_034	4	68.04	122.6689	122.6689	observed	0.351	SYNTHETIC_TEACHING_FIXTURE
SYN_TRAJ_034	5	68.05	120.8947	120.8947	observed	0.5734	SYNTHETIC_TEACHING_FIXTURE
SYN_TRAJ_034	6	68.06	122.0417	122.0417	observed	0.4153	SYNTHETIC_TEACHING_FIXTURE
SYN_TRAJ_034	7	68.07	120.2084	120.2084	observed	0.3166	SYNTHETIC_TEACHING_FIXTURE
SYN_TRAJ_034	8	68.08	121.1191	121.1191	observed	0.3346	SYNTHETIC_TEACHING_FIXTURE
SYN_TRAJ_034	9	68.09	119.5369	119.5369	observed	0.6781	SYNTHETIC_TEACHING_FIXTURE
SYN_TRAJ_034	10	68.1	125.7564	125.7564	observed	0.4538	SYNTHETIC_TEACHING_FIXTURE
SYN_TRAJ_034	11	68.11	124.1553	124.1553	observed	0.5662	SYNTHETIC_TEACHING_FIXTURE
SYN_TRAJ_034	12	68.12	126.2586	126.2586	observed	0.4649	SYNTHETIC_TEACHING_FIXTURE
SYN_TRAJ_034	13	68.13	134.0113	134.0113	observed	0.6791	SYNTHETIC_TEACHING_FIXTURE
SYN_TRAJ_034	14	68.14	132.7349	132.7349	observed	0.4337	SYNTHETIC_TEACHING_FIXTURE
SYN_TRAJ_034	15	68.15	132.1235	132.1235	observed	0.8076	SYNTHETIC_TEACHING_FIXTURE
SYN_TRAJ_034	16	68.16	134.6998	134.6998	observed	0.4259	SYNTHETIC_TEACHING_FIXTURE
SYN_TRAJ_034	17	68.17	136.9103	136.9103	observed	0.9656	SYNTHETIC_TEACHING_FIXTURE
SYN_TRAJ_034	18	68.18	143.0024	143.0024	observed	0.3212	SYNTHETIC_TEACHING_FIXTURE
SYN_TRAJ_034	19	68.19	143.9864	143.9864	observed	0.6641	SYNTHETIC_TEACHING_FIXTURE
SYN_TRAJ_034	20	68.2	142.4144	142.4144	observed	0.9586	SYNTHETIC_TEACHING_FIXTURE
SYN_TRAJ_034	21	68.21	144.979	144.979	observed	0.3045	SYNTHETIC_TEACHING_FIXTURE
SYN_TRAJ_034	22	68.22	140.9967	140.9967	observed	0.8622	SYNTHETIC_TEACHING_FIXTURE
SYN_TRAJ_034	23	68.23	140.9844	140.9844	observed	0.2898	SYNTHETIC_TEACHING_FIXTURE
SYN_TRAJ_034	24	68.24	135.483	135.483	observed	0.4657	SYNTHETIC_TEACHING_FIXTURE
SYN_TRAJ_034	25	68.25	131.5682	131.5682	observed	0.2794	SYNTHETIC_TEACHING_FIXTURE
SYN_TRAJ_034	26	68.26	130.4022	130.4022	observed	0.5692	SYNTHETIC_TEACHING_FIXTURE
SYN_TRAJ_034	27	68.27	130.2493	130.2493	observed	0.5623	SYNTHETIC_TEACHING_FIXTURE
SYN_TRAJ_034	28	68.28	130.0717	130.0717	observed	0.5772	SYNTHETIC_TEACHING_FIXTURE
SYN_TRAJ_034	29	68.29	128.4146	128.4146	observed	0.4536	SYNTHETIC_TEACHING_FIXTURE
SYN_TRAJ_034	30	68.3	127.2334	127.2334	observed	0.451	SYNTHETIC_TEACHING_FIXTURE
SYN_TRAJ_034	31	68.31	122.0474	122.0474	observed	0.626	SYNTHETIC_TEACHING_FIXTURE
SYN_TRAJ_034	32	68.32	120.9387	120.9387	observed	0.5337	SYNTHETIC_TEACHING_FIXTURE
SYN_TRAJ_034	33	68.33	113.9611	113.9611	observed	0.9838	SYNTHETIC_TEACHING_FIXTURE
SYN_TRAJ_034	34	68.34	112.0375	112.0375	observed	0.6209	SYNTHETIC_TEACHING_FIXTURE
SYN_TRAJ_034	35	68.35	107.5172	107.5172	observed	0.835	SYNTHETIC_TEACHING_FIXTURE
SYN_TRAJ_034	36	68.36	109.6633	109.6633	observed	0.7696	SYNTHETIC_TEACHING_FIXTURE
SYN_TRAJ_034	37	68.37	108.0685	108.0685	observed	0.405	SYNTHETIC_TEACHING_FIXTURE
SYN_TRAJ_034	38	68.38	108.0753	108.0753	observed	0.9202	SYNTHETIC_TEACHING_FIXTURE
SYN_TRAJ_034	39	68.39	108.3396	108.3396	observed	0.4759	SYNTHETIC_TEACHING_FIXTURE
SYN_TRAJ_034	40	68.4	109.8077	109.8077	observed	0.7375	SYNTHETIC_TEACHING_FIXTURE
SYN_TRAJ_034	41	68.41	108.6802		estimator_failure		SYNTHETIC_TEACHING_FIXTURE
SYN_TRAJ_034	42	68.42	106.5868	106.5868	observed	0.4957	SYNTHETIC_TEACHING_FIXTURE
SYN_TRAJ_034	43	68.43	106.8311	106.8311	observed	0.4286	SYNTHETIC_TEACHING_FIXTURE
SYN_TRAJ_034	44	68.44	106.6701	106.6701	observed	0.4583	SYNTHETIC_TEACHING_FIXTURE
SYN_TRAJ_034	45	68.45	109.0543	109.0543	observed	0.4036	SYNTHETIC_TEACHING_FIXTURE
SYN_TRAJ_034	46	68.46	107.5493	107.5493	observed	0.2876	SYNTHETIC_TEACHING_FIXTURE
SYN_TRAJ_035	0	70.0			structural_unvoiced		SYNTHETIC_TEACHING_FIXTURE
SYN_TRAJ_035	1	70.01			structural_unvoiced		SYNTHETIC_TEACHING_FIXTURE
SYN_TRAJ_035	2	70.02			structural_unvoiced		SYNTHETIC_TEACHING_FIXTURE
SYN_TRAJ_035	3	70.03	117.4984	117.4984	observed	0.9811	SYNTHETIC_TEACHING_FIXTURE
SYN_TRAJ_035	4	70.04	119.1728	119.1728	observed	0.8268	SYNTHETIC_TEACHING_FIXTURE
SYN_TRAJ_035	5	70.05	116.5721	116.5721	observed	0.7459	SYNTHETIC_TEACHING_FIXTURE
SYN_TRAJ_035	6	70.06	118.0312	118.0312	observed	0.8978	SYNTHETIC_TEACHING_FIXTURE
SYN_TRAJ_035	7	70.07	117.8781	117.8781	observed	0.9253	SYNTHETIC_TEACHING_FIXTURE
SYN_TRAJ_035	8	70.08	119.19	119.19	observed	0.3386	SYNTHETIC_TEACHING_FIXTURE
SYN_TRAJ_035	9	70.09	119.7033	119.7033	observed	0.4505	SYNTHETIC_TEACHING_FIXTURE
SYN_TRAJ_035	10	70.1	123.2217	123.2217	observed	0.5911	SYNTHETIC_TEACHING_FIXTURE
SYN_TRAJ_035	11	70.11	122.3452	122.3452	observed	0.7991	SYNTHETIC_TEACHING_FIXTURE
SYN_TRAJ_035	12	70.12	123.5953	123.5953	observed	0.9752	SYNTHETIC_TEACHING_FIXTURE
SYN_TRAJ_035	13	70.13	128.6313	128.6313	observed	0.2542	SYNTHETIC_TEACHING_FIXTURE
SYN_TRAJ_035	14	70.14	133.7302	133.7302	observed	0.6789	SYNTHETIC_TEACHING_FIXTURE
SYN_TRAJ_035	15	70.15	134.2603	134.2603	observed	0.2795	SYNTHETIC_TEACHING_FIXTURE
SYN_TRAJ_035	16	70.16	135.9213	135.9213	observed	0.9426	SYNTHETIC_TEACHING_FIXTURE
SYN_TRAJ_035	17	70.17	135.6228	135.6228	observed	0.4978	SYNTHETIC_TEACHING_FIXTURE
SYN_TRAJ_035	18	70.18	135.1586	135.1586	observed	0.6898	SYNTHETIC_TEACHING_FIXTURE
SYN_TRAJ_035	19	70.19	135.133	135.133	observed	0.4732	SYNTHETIC_TEACHING_FIXTURE
SYN_TRAJ_035	20	70.2	134.0575	134.0575	observed	0.3608	SYNTHETIC_TEACHING_FIXTURE
SYN_TRAJ_035	21	70.21	134.2384	134.2384	observed	0.5943	SYNTHETIC_TEACHING_FIXTURE
SYN_TRAJ_035	22	70.22	127.9061	127.9061	observed	0.4962	SYNTHETIC_TEACHING_FIXTURE
SYN_TRAJ_035	23	70.23	126.6024	126.6024	observed	0.3669	SYNTHETIC_TEACHING_FIXTURE
SYN_TRAJ_035	24	70.24	123.3408	123.3408	observed	0.5572	SYNTHETIC_TEACHING_FIXTURE
SYN_TRAJ_035	25	70.25	121.1605	121.1605	observed	0.5404	SYNTHETIC_TEACHING_FIXTURE
SYN_TRAJ_035	26	70.26	119.318	119.318	observed	0.9206	SYNTHETIC_TEACHING_FIXTURE
SYN_TRAJ_035	27	70.27	116.0812	116.0812	observed	0.6088	SYNTHETIC_TEACHING_FIXTURE
SYN_TRAJ_035	28	70.28	111.9619	111.9619	observed	0.6363	SYNTHETIC_TEACHING_FIXTURE
SYN_TRAJ_035	29	70.29			structural_unvoiced		SYNTHETIC_TEACHING_FIXTURE
SYN_TRAJ_035	30	70.3			structural_unvoiced		SYNTHETIC_TEACHING_FIXTURE
SYN_TRAJ_035	31	70.31			structural_unvoiced		SYNTHETIC_TEACHING_FIXTURE
SYN_TRAJ_036	0	72.0	120.4369	120.4369	observed	0.3908	SYNTHETIC_TEACHING_FIXTURE
SYN_TRAJ_036	1	72.01	117.644	117.644	observed	0.9576	SYNTHETIC_TEACHING_FIXTURE
SYN_TRAJ_036	2	72.02	120.1235	120.1235	observed	0.3189	SYNTHETIC_TEACHING_FIXTURE
SYN_TRAJ_036	3	72.03	119.1397	119.1397	observed	0.9109	SYNTHETIC_TEACHING_FIXTURE
SYN_TRAJ_036	4	72.04	116.98	116.98	observed	0.768	SYNTHETIC_TEACHING_FIXTURE
SYN_TRAJ_036	5	72.05	118.6077	118.6077	observed	0.7186	SYNTHETIC_TEACHING_FIXTURE
SYN_TRAJ_036	6	72.06	121.3238	121.3238	observed	0.6703	SYNTHETIC_TEACHING_FIXTURE
SYN_TRAJ_036	7	72.07	124.6861	124.6861	observed	0.6374	SYNTHETIC_TEACHING_FIXTURE
SYN_TRAJ_036	8	72.08	126.7897	126.7897	observed	0.7434	SYNTHETIC_TEACHING_FIXTURE
SYN_TRAJ_036	9	72.09	123.9907	123.9907	observed	0.2717	SYNTHETIC_TEACHING_FIXTURE
SYN_TRAJ_036	10	72.1	126.8719	126.8719	observed	0.4424	SYNTHETIC_TEACHING_FIXTURE
SYN_TRAJ_036	11	72.11	129.4528	129.4528	observed	0.4501	SYNTHETIC_TEACHING_FIXTURE
SYN_TRAJ_036	12	72.12	127.7732	127.7732	observed	0.9835	SYNTHETIC_TEACHING_FIXTURE
SYN_TRAJ_036	13	72.13	133.5804	133.5804	observed	0.4844	SYNTHETIC_TEACHING_FIXTURE
SYN_TRAJ_036	14	72.14	130.8001	130.8001	observed	0.8578	SYNTHETIC_TEACHING_FIXTURE
SYN_TRAJ_036	15	72.15	129.3918	129.3918	observed	0.3154	SYNTHETIC_TEACHING_FIXTURE
SYN_TRAJ_036	16	72.16	132.0128	132.0128	observed	0.8349	SYNTHETIC_TEACHING_FIXTURE
SYN_TRAJ_036	17	72.17	131.6004	131.6004	observed	0.5866	SYNTHETIC_TEACHING_FIXTURE
SYN_TRAJ_036	18	72.18	136.7308	136.7308	observed	0.5403	SYNTHETIC_TEACHING_FIXTURE
SYN_TRAJ_036	19	72.19	134.9647	134.9647	observed	0.4245	SYNTHETIC_TEACHING_FIXTURE
SYN_TRAJ_036	20	72.2	134.1756	134.1756	observed	0.6063	SYNTHETIC_TEACHING_FIXTURE
SYN_TRAJ_036	21	72.21	132.6849	132.6849	observed	0.2834	SYNTHETIC_TEACHING_FIXTURE
SYN_TRAJ_036	22	72.22	135.1382	135.1382	observed	0.2627	SYNTHETIC_TEACHING_FIXTURE
SYN_TRAJ_036	23	72.23	138.9405	138.9405	observed	0.4891	SYNTHETIC_TEACHING_FIXTURE
SYN_TRAJ_036	24	72.24	138.3251	138.3251	observed	0.4861	SYNTHETIC_TEACHING_FIXTURE
SYN_TRAJ_036	25	72.25	136.7305	136.7305	observed	0.3493	SYNTHETIC_TEACHING_FIXTURE
SYN_TRAJ_036	26	72.26	136.2199	136.2199	observed	0.301	SYNTHETIC_TEACHING_FIXTURE
SYN_TRAJ_036	27	72.27	133.9121	133.9121	observed	0.8723	SYNTHETIC_TEACHING_FIXTURE
SYN_TRAJ_036	28	72.28	133.1476	133.1476	observed	0.6571	SYNTHETIC_TEACHING_FIXTURE
SYN_TRAJ_036	29	72.29	128.2885	128.2885	observed	0.4261	SYNTHETIC_TEACHING_FIXTURE
SYN_TRAJ_036	30	72.3	125.1288	125.1288	observed	0.9354	SYNTHETIC_TEACHING_FIXTURE
SYN_TRAJ_036	31	72.31	123.2812	123.2812	observed	0.8851	SYNTHETIC_TEACHING_FIXTURE
SYN_TRAJ_036	32	72.32	123.9911	123.9911	observed	0.2607	SYNTHETIC_TEACHING_FIXTURE
SYN_TRAJ_036	33	72.33	121.8174	121.8174	observed	0.5649	SYNTHETIC_TEACHING_FIXTURE
SYN_TRAJ_036	34	72.34	121.8973	121.8973	observed	0.4382	SYNTHETIC_TEACHING_FIXTURE
SYN_TRAJ_036	35	72.35	120.8065	120.8065	observed	0.9174	SYNTHETIC_TEACHING_FIXTURE
SYN_TRAJ_036	36	72.36	118.2096	118.2096	observed	0.9038	SYNTHETIC_TEACHING_FIXTURE
SYN_TRAJ_036	37	72.37	115.5705	115.5705	observed	0.7659	SYNTHETIC_TEACHING_FIXTURE
SYN_TRAJ_036	38	72.38	112.6935	112.6935	observed	0.9668	SYNTHETIC_TEACHING_FIXTURE
SYN_TRAJ_036	39	72.39	114.4996	114.4996	observed	0.8217	SYNTHETIC_TEACHING_FIXTURE
SYN_TRAJ_036	40	72.4	110.3036	110.3036	observed	0.893	SYNTHETIC_TEACHING_FIXTURE
SYN_TRAJ_036	41	72.41	110.2354	110.2354	observed	0.9673	SYNTHETIC_TEACHING_FIXTURE
SYN_TRAJ_036	42	72.42	111.2765	111.2765	observed	0.8616	SYNTHETIC_TEACHING_FIXTURE
SYN_TRAJ_036	43	72.43	110.2036	110.2036	observed	0.9812	SYNTHETIC_TEACHING_FIXTURE
SYN_TRAJ_036	44	72.44	111.6587	111.6587	observed	0.8755	SYNTHETIC_TEACHING_FIXTURE
SYN_TRAJ_036	45	72.45	105.3291	105.3291	observed	0.2968	SYNTHETIC_TEACHING_FIXTURE
SYN_TRAJ_036	46	72.46	110.2826	110.2826	observed	0.3502	SYNTHETIC_TEACHING_FIXTURE
SYN_TRAJ_036	47	72.47	111.4598	111.4598	observed	0.6085	SYNTHETIC_TEACHING_FIXTURE
SYN_TRAJ_036	48	72.48	110.3909	110.3909	observed	0.5895	SYNTHETIC_TEACHING_FIXTURE
SYN_TRAJ_036	49	72.49	111.6546	111.6546	observed	0.7252	SYNTHETIC_TEACHING_FIXTURE
SYN_TRAJ_037	0	74.0	115.5138	115.5138	observed	0.679	SYNTHETIC_TEACHING_FIXTURE
SYN_TRAJ_037	1	74.01	118.3989	118.3989	observed	0.3818	SYNTHETIC_TEACHING_FIXTURE
SYN_TRAJ_037	2	74.02	122.8722	122.8722	observed	0.3668	SYNTHETIC_TEACHING_FIXTURE
SYN_TRAJ_037	3	74.03	123.7415	123.7415	observed	0.2563	SYNTHETIC_TEACHING_FIXTURE
SYN_TRAJ_037	4	74.04	122.6579	122.6579	observed	0.3906	SYNTHETIC_TEACHING_FIXTURE
SYN_TRAJ_037	5	74.05	125.8286	125.8286	observed	0.697	SYNTHETIC_TEACHING_FIXTURE
SYN_TRAJ_037	6	74.06	121.4261		estimator_failure		SYNTHETIC_TEACHING_FIXTURE
SYN_TRAJ_037	7	74.07	117.5474	117.5474	observed	0.4427	SYNTHETIC_TEACHING_FIXTURE
SYN_TRAJ_037	8	74.08	121.0484	121.0484	observed	0.3751	SYNTHETIC_TEACHING_FIXTURE
SYN_TRAJ_037	9	74.09	119.8924	119.8924	observed	0.6329	SYNTHETIC_TEACHING_FIXTURE
SYN_TRAJ_037	10	74.1	121.8069	121.8069	observed	0.2716	SYNTHETIC_TEACHING_FIXTURE
SYN_TRAJ_037	11	74.11	125.5711	125.5711	observed	0.2582	SYNTHETIC_TEACHING_FIXTURE
SYN_TRAJ_037	12	74.12	128.777	128.777	observed	0.8882	SYNTHETIC_TEACHING_FIXTURE
SYN_TRAJ_037	13	74.13	130.339	130.339	observed	0.8932	SYNTHETIC_TEACHING_FIXTURE
SYN_TRAJ_037	14	74.14	133.7526	133.7526	observed	0.9014	SYNTHETIC_TEACHING_FIXTURE
SYN_TRAJ_037	15	74.15	136.9435	136.9435	observed	0.6407	SYNTHETIC_TEACHING_FIXTURE
SYN_TRAJ_037	16	74.16	137.1737	137.1737	observed	0.2927	SYNTHETIC_TEACHING_FIXTURE
SYN_TRAJ_037	17	74.17	140.7314		quality_rejection		SYNTHETIC_TEACHING_FIXTURE
SYN_TRAJ_037	18	74.18	139.8672	139.8672	observed	0.3292	SYNTHETIC_TEACHING_FIXTURE
SYN_TRAJ_037	19	74.19	136.4851	136.4851	observed	0.568	SYNTHETIC_TEACHING_FIXTURE
SYN_TRAJ_037	20	74.2	136.6214	136.6214	observed	0.5783	SYNTHETIC_TEACHING_FIXTURE
SYN_TRAJ_037	21	74.21	135.9809	135.9809	observed	0.9267	SYNTHETIC_TEACHING_FIXTURE
SYN_TRAJ_037	22	74.22	134.3757	134.3757	observed	0.7049	SYNTHETIC_TEACHING_FIXTURE
SYN_TRAJ_037	23	74.23	133.1688	133.1688	observed	0.3293	SYNTHETIC_TEACHING_FIXTURE
SYN_TRAJ_037	24	74.24	130.5152	130.5152	observed	0.414	SYNTHETIC_TEACHING_FIXTURE
SYN_TRAJ_037	25	74.25	132.4215	132.4215	observed	0.3402	SYNTHETIC_TEACHING_FIXTURE
SYN_TRAJ_037	26	74.26	126.0363	126.0363	observed	0.6726	SYNTHETIC_TEACHING_FIXTURE
SYN_TRAJ_037	27	74.27	121.6644	121.6644	observed	0.4814	SYNTHETIC_TEACHING_FIXTURE
SYN_TRAJ_037	28	74.28	120.6888	120.6888	observed	0.8244	SYNTHETIC_TEACHING_FIXTURE
SYN_TRAJ_037	29	74.29	117.0257	117.0257	observed	0.4985	SYNTHETIC_TEACHING_FIXTURE
SYN_TRAJ_037	30	74.3	116.3714	116.3714	observed	0.728	SYNTHETIC_TEACHING_FIXTURE
SYN_TRAJ_037	31	74.31	116.8326	116.8326	observed	0.4707	SYNTHETIC_TEACHING_FIXTURE
SYN_TRAJ_037	32	74.32	113.7004	113.7004	observed	0.3823	SYNTHETIC_TEACHING_FIXTURE
SYN_TRAJ_038	0	76.0	117.7525	117.7525	observed	0.4943	SYNTHETIC_TEACHING_FIXTURE
SYN_TRAJ_038	1	76.01	120.6043	120.6043	observed	0.6971	SYNTHETIC_TEACHING_FIXTURE
SYN_TRAJ_038	2	76.02	121.9631	121.9631	observed	0.8698	SYNTHETIC_TEACHING_FIXTURE
SYN_TRAJ_038	3	76.03	124.9327	124.9327	observed	0.4843	SYNTHETIC_TEACHING_FIXTURE
SYN_TRAJ_038	4	76.04	124.5684	124.5684	observed	0.3586	SYNTHETIC_TEACHING_FIXTURE
SYN_TRAJ_038	5	76.05	125.1446	125.1446	observed	0.3283	SYNTHETIC_TEACHING_FIXTURE
SYN_TRAJ_038	6	76.06	125.3532	125.3532	observed	0.5334	SYNTHETIC_TEACHING_FIXTURE
SYN_TRAJ_038	7	76.07	131.1814	131.1814	observed	0.5058	SYNTHETIC_TEACHING_FIXTURE
SYN_TRAJ_038	8	76.08	131.0216	131.0216	observed	0.928	SYNTHETIC_TEACHING_FIXTURE
SYN_TRAJ_038	9	76.09	133.3611	133.3611	observed	0.3329	SYNTHETIC_TEACHING_FIXTURE
SYN_TRAJ_038	10	76.1	134.22	134.22	observed	0.4114	SYNTHETIC_TEACHING_FIXTURE
SYN_TRAJ_038	11	76.11	135.0948	135.0948	observed	0.82	SYNTHETIC_TEACHING_FIXTURE
SYN_TRAJ_038	12	76.12	137.9229	137.9229	observed	0.5312	SYNTHETIC_TEACHING_FIXTURE
SYN_TRAJ_038	13	76.13	140.5895	140.5895	observed	0.6456	SYNTHETIC_TEACHING_FIXTURE
SYN_TRAJ_038	14	76.14	141.5784	141.5784	observed	0.2805	SYNTHETIC_TEACHING_FIXTURE
SYN_TRAJ_038	15	76.15	143.5251	143.5251	observed	0.9038	SYNTHETIC_TEACHING_FIXTURE
SYN_TRAJ_038	16	76.16	145.6803	145.6803	observed	0.7547	SYNTHETIC_TEACHING_FIXTURE
SYN_TRAJ_038	17	76.17	147.319	147.319	observed	0.663	SYNTHETIC_TEACHING_FIXTURE
SYN_TRAJ_038	18	76.18	144.2029	144.2029	observed	0.4223	SYNTHETIC_TEACHING_FIXTURE
SYN_TRAJ_038	19	76.19	140.9876	140.9876	observed	0.9845	SYNTHETIC_TEACHING_FIXTURE
SYN_TRAJ_038	20	76.2	138.7643	138.7643	observed	0.6693	SYNTHETIC_TEACHING_FIXTURE
SYN_TRAJ_038	21	76.21	137.0768	137.0768	observed	0.9494	SYNTHETIC_TEACHING_FIXTURE
SYN_TRAJ_038	22	76.22	131.6935	131.6935	observed	0.922	SYNTHETIC_TEACHING_FIXTURE
SYN_TRAJ_038	23	76.23	130.1622	130.1622	observed	0.6681	SYNTHETIC_TEACHING_FIXTURE
SYN_TRAJ_038	24	76.24	130.0578	130.0578	observed	0.3437	SYNTHETIC_TEACHING_FIXTURE
SYN_TRAJ_038	25	76.25	127.3475	127.3475	observed	0.7512	SYNTHETIC_TEACHING_FIXTURE
SYN_TRAJ_038	26	76.26	125.2106	125.2106	observed	0.8524	SYNTHETIC_TEACHING_FIXTURE
SYN_TRAJ_038	27	76.27	125.5448	125.5448	observed	0.9643	SYNTHETIC_TEACHING_FIXTURE
SYN_TRAJ_038	28	76.28	121.6933		estimator_failure		SYNTHETIC_TEACHING_FIXTURE
SYN_TRAJ_038	29	76.29	120.9678	120.9678	observed	0.5237	SYNTHETIC_TEACHING_FIXTURE
SYN_TRAJ_038	30	76.3	119.7663	119.7663	observed	0.853	SYNTHETIC_TEACHING_FIXTURE
SYN_TRAJ_038	31	76.31	120.2417	120.2417	observed	0.3427	SYNTHETIC_TEACHING_FIXTURE
SYN_TRAJ_038	32	76.32	115.794	115.794	observed	0.3463	SYNTHETIC_TEACHING_FIXTURE
SYN_TRAJ_038	33	76.33	116.684	116.684	observed	0.6927	SYNTHETIC_TEACHING_FIXTURE
SYN_TRAJ_038	34	76.34	117.5667	117.5667	observed	0.3178	SYNTHETIC_TEACHING_FIXTURE
SYN_TRAJ_038	35	76.35	116.6198	116.6198	observed	0.8243	SYNTHETIC_TEACHING_FIXTURE
SYN_TRAJ_038	36	76.36	115.0156	115.0156	observed	0.6132	SYNTHETIC_TEACHING_FIXTURE
SYN_TRAJ_038	37	76.37	117.1157	117.1157	observed	0.8938	SYNTHETIC_TEACHING_FIXTURE
SYN_TRAJ_038	38	76.38	116.7094	116.7094	observed	0.629	SYNTHETIC_TEACHING_FIXTURE
SYN_TRAJ_038	39	76.39	116.2694	116.2694	observed	0.4279	SYNTHETIC_TEACHING_FIXTURE
SYN_TRAJ_038	40	76.4	114.8259	114.8259	observed	0.5784	SYNTHETIC_TEACHING_FIXTURE
SYN_TRAJ_038	41	76.41	115.3201	115.3201	observed	0.6016	SYNTHETIC_TEACHING_FIXTURE
SYN_TRAJ_038	42	76.42	114.7728	114.7728	observed	0.642	SYNTHETIC_TEACHING_FIXTURE
SYN_TRAJ_039	0	78.0	122.264	122.264	observed	0.7155	SYNTHETIC_TEACHING_FIXTURE
SYN_TRAJ_039	1	78.01	121.745	121.745	observed	0.6459	SYNTHETIC_TEACHING_FIXTURE
SYN_TRAJ_039	2	78.02	121.2505	121.2505	observed	0.5584	SYNTHETIC_TEACHING_FIXTURE
SYN_TRAJ_039	3	78.03	118.3253	118.3253	observed	0.9109	SYNTHETIC_TEACHING_FIXTURE
SYN_TRAJ_039	4	78.04	118.8435	118.8435	observed	0.6858	SYNTHETIC_TEACHING_FIXTURE
SYN_TRAJ_039	5	78.05	117.0692	117.0692	observed	0.7543	SYNTHETIC_TEACHING_FIXTURE
SYN_TRAJ_039	6	78.06	118.5587	118.5587	observed	0.2768	SYNTHETIC_TEACHING_FIXTURE
SYN_TRAJ_039	7	78.07	121.1392	121.1392	observed	0.985	SYNTHETIC_TEACHING_FIXTURE
SYN_TRAJ_039	8	78.08	124.1865	124.1865	observed	0.2555	SYNTHETIC_TEACHING_FIXTURE
SYN_TRAJ_039	9	78.09	128.1125	128.1125	observed	0.5	SYNTHETIC_TEACHING_FIXTURE
SYN_TRAJ_039	10	78.1	133.0695	133.0695	observed	0.663	SYNTHETIC_TEACHING_FIXTURE
SYN_TRAJ_039	11	78.11	132.9371	132.9371	observed	0.5364	SYNTHETIC_TEACHING_FIXTURE
SYN_TRAJ_039	12	78.12	136.2261	136.2261	observed	0.6331	SYNTHETIC_TEACHING_FIXTURE
SYN_TRAJ_039	13	78.13	135.0553	135.0553	observed	0.3814	SYNTHETIC_TEACHING_FIXTURE
SYN_TRAJ_039	14	78.14	137.5501	137.5501	observed	0.854	SYNTHETIC_TEACHING_FIXTURE
SYN_TRAJ_039	15	78.15	140.5368	140.5368	observed	0.8708	SYNTHETIC_TEACHING_FIXTURE
SYN_TRAJ_039	16	78.16	142.3124	142.3124	observed	0.3754	SYNTHETIC_TEACHING_FIXTURE
SYN_TRAJ_039	17	78.17	139.5565	139.5565	observed	0.2868	SYNTHETIC_TEACHING_FIXTURE
SYN_TRAJ_039	18	78.18	137.8505	137.8505	observed	0.9374	SYNTHETIC_TEACHING_FIXTURE
SYN_TRAJ_039	19	78.19	131.0918	131.0918	observed	0.5875	SYNTHETIC_TEACHING_FIXTURE
SYN_TRAJ_039	20	78.2	128.1542	128.1542	observed	0.632	SYNTHETIC_TEACHING_FIXTURE
SYN_TRAJ_039	21	78.21	124.4958	124.4958	observed	0.6233	SYNTHETIC_TEACHING_FIXTURE
SYN_TRAJ_039	22	78.22	122.1177	122.1177	observed	0.5006	SYNTHETIC_TEACHING_FIXTURE
SYN_TRAJ_039	23	78.23	118.2675	118.2675	observed	0.5834	SYNTHETIC_TEACHING_FIXTURE
SYN_TRAJ_039	24	78.24	117.8098	117.8098	observed	0.5288	SYNTHETIC_TEACHING_FIXTURE
SYN_TRAJ_039	25	78.25	114.4974	114.4974	observed	0.4272	SYNTHETIC_TEACHING_FIXTURE
SYN_TRAJ_039	26	78.26	111.1694	111.1694	observed	0.9719	SYNTHETIC_TEACHING_FIXTURE
SYN_TRAJ_040	0	80.0			structural_unvoiced		SYNTHETIC_TEACHING_FIXTURE
SYN_TRAJ_040	1	80.01			structural_unvoiced		SYNTHETIC_TEACHING_FIXTURE
SYN_TRAJ_040	2	80.02			structural_unvoiced		SYNTHETIC_TEACHING_FIXTURE
SYN_TRAJ_040	3	80.03	123.2275	123.2275	observed	0.5746	SYNTHETIC_TEACHING_FIXTURE
SYN_TRAJ_040	4	80.04	124.0981	124.0981	observed	0.561	SYNTHETIC_TEACHING_FIXTURE
SYN_TRAJ_040	5	80.05	125.293	125.293	observed	0.4026	SYNTHETIC_TEACHING_FIXTURE
SYN_TRAJ_040	6	80.06	129.225	129.225	observed	0.4496	SYNTHETIC_TEACHING_FIXTURE
SYN_TRAJ_040	7	80.07	130.6209	130.6209	observed	0.9224	SYNTHETIC_TEACHING_FIXTURE
SYN_TRAJ_040	8	80.08	128.4854	128.4854	observed	0.8229	SYNTHETIC_TEACHING_FIXTURE
SYN_TRAJ_040	9	80.09	131.8154	131.8154	observed	0.626	SYNTHETIC_TEACHING_FIXTURE
SYN_TRAJ_040	10	80.1	133.5052	133.5052	observed	0.7365	SYNTHETIC_TEACHING_FIXTURE
SYN_TRAJ_040	11	80.11	130.9731	130.9731	observed	0.8802	SYNTHETIC_TEACHING_FIXTURE
SYN_TRAJ_040	12	80.12	133.5241	133.5241	observed	0.5014	SYNTHETIC_TEACHING_FIXTURE
SYN_TRAJ_040	13	80.13	135.4915	135.4915	observed	0.622	SYNTHETIC_TEACHING_FIXTURE
SYN_TRAJ_040	14	80.14	134.2289	134.2289	observed	0.5462	SYNTHETIC_TEACHING_FIXTURE
SYN_TRAJ_040	15	80.15	134.4778	134.4778	observed	0.4791	SYNTHETIC_TEACHING_FIXTURE
SYN_TRAJ_040	16	80.16	137.3668	137.3668	observed	0.8458	SYNTHETIC_TEACHING_FIXTURE
SYN_TRAJ_040	17	80.17	137.8333	137.8333	observed	0.6529	SYNTHETIC_TEACHING_FIXTURE
SYN_TRAJ_040	18	80.18	141.1497	141.1497	observed	0.7546	SYNTHETIC_TEACHING_FIXTURE
SYN_TRAJ_040	19	80.19	138.2869	138.2869	observed	0.6807	SYNTHETIC_TEACHING_FIXTURE
SYN_TRAJ_040	20	80.2	139.8344	139.8344	observed	0.7032	SYNTHETIC_TEACHING_FIXTURE
SYN_TRAJ_040	21	80.21	137.3786	137.3786	observed	0.7844	SYNTHETIC_TEACHING_FIXTURE
SYN_TRAJ_040	22	80.22	140.1904	140.1904	observed	0.9368	SYNTHETIC_TEACHING_FIXTURE
SYN_TRAJ_040	23	80.23	140.8817	140.8817	observed	0.2755	SYNTHETIC_TEACHING_FIXTURE
SYN_TRAJ_040	24	80.24	139.4852	139.4852	observed	0.9563	SYNTHETIC_TEACHING_FIXTURE
SYN_TRAJ_040	25	80.25	137.0965	137.0965	observed	0.8581	SYNTHETIC_TEACHING_FIXTURE
SYN_TRAJ_040	26	80.26	138.1231	138.1231	observed	0.8123	SYNTHETIC_TEACHING_FIXTURE
SYN_TRAJ_040	27	80.27	136.1907	136.1907	observed	0.5778	SYNTHETIC_TEACHING_FIXTURE
SYN_TRAJ_040	28	80.28	135.7136	135.7136	observed	0.8672	SYNTHETIC_TEACHING_FIXTURE
SYN_TRAJ_040	29	80.29	137.2429	137.2429	observed	0.4555	SYNTHETIC_TEACHING_FIXTURE
SYN_TRAJ_040	30	80.3	135.7451	135.7451	observed	0.8076	SYNTHETIC_TEACHING_FIXTURE
SYN_TRAJ_040	31	80.31	131.7401	131.7401	observed	0.777	SYNTHETIC_TEACHING_FIXTURE
SYN_TRAJ_040	32	80.32	124.8775	124.8775	observed	0.7711	SYNTHETIC_TEACHING_FIXTURE
SYN_TRAJ_040	33	80.33	121.7876	121.7876	observed	0.7416	SYNTHETIC_TEACHING_FIXTURE
SYN_TRAJ_040	34	80.34	120.0044	120.0044	observed	0.5469	SYNTHETIC_TEACHING_FIXTURE
SYN_TRAJ_040	35	80.35	123.5568	123.5568	observed	0.7301	SYNTHETIC_TEACHING_FIXTURE
SYN_TRAJ_040	36	80.36	120.3448	120.3448	observed	0.3849	SYNTHETIC_TEACHING_FIXTURE
SYN_TRAJ_040	37	80.37	121.0781	121.0781	observed	0.5828	SYNTHETIC_TEACHING_FIXTURE
SYN_TRAJ_040	38	80.38	121.6394	121.6394	observed	0.9558	SYNTHETIC_TEACHING_FIXTURE
SYN_TRAJ_040	39	80.39	117.435	117.435	observed	0.7468	SYNTHETIC_TEACHING_FIXTURE
SYN_TRAJ_040	40	80.4	114.4312	114.4312	observed	0.5046	SYNTHETIC_TEACHING_FIXTURE
SYN_TRAJ_040	41	80.41	116.4662	116.4662	observed	0.4728	SYNTHETIC_TEACHING_FIXTURE
SYN_TRAJ_040	42	80.42	115.5858	115.5858	observed	0.4165	SYNTHETIC_TEACHING_FIXTURE
SYN_TRAJ_040	43	80.43	117.4125	117.4125	observed	0.7967	SYNTHETIC_TEACHING_FIXTURE
SYN_TRAJ_040	44	80.44	117.2598	117.2598	observed	0.9344	SYNTHETIC_TEACHING_FIXTURE
SYN_TRAJ_040	45	80.45	117.0951	117.0951	observed	0.498	SYNTHETIC_TEACHING_FIXTURE
SYN_TRAJ_040	46	80.46	116.6543	116.6543	observed	0.4723	SYNTHETIC_TEACHING_FIXTURE
SYN_TRAJ_040	47	80.47	117.6445	117.6445	observed	0.54	SYNTHETIC_TEACHING_FIXTURE
SYN_TRAJ_040	48	80.48	118.5549		quality_rejection		SYNTHETIC_TEACHING_FIXTURE
SYN_TRAJ_040	49	80.49			structural_unvoiced		SYNTHETIC_TEACHING_FIXTURE
SYN_TRAJ_040	50	80.5			structural_unvoiced		SYNTHETIC_TEACHING_FIXTURE
SYN_TRAJ_040	51	80.51			structural_unvoiced		SYNTHETIC_TEACHING_FIXTURE
SYN_TRAJ_041	0	82.0	128.364	128.364	observed	0.895	SYNTHETIC_TEACHING_FIXTURE
SYN_TRAJ_041	1	82.01	131.4393	131.4393	observed	0.9291	SYNTHETIC_TEACHING_FIXTURE
SYN_TRAJ_041	2	82.02	129.1075	129.1075	observed	0.6501	SYNTHETIC_TEACHING_FIXTURE
SYN_TRAJ_041	3	82.03	128.1854	128.1854	observed	0.2814	SYNTHETIC_TEACHING_FIXTURE
SYN_TRAJ_041	4	82.04	125.1837	125.1837	observed	0.6409	SYNTHETIC_TEACHING_FIXTURE
SYN_TRAJ_041	5	82.05	127.4914	127.4914	observed	0.7603	SYNTHETIC_TEACHING_FIXTURE
SYN_TRAJ_041	6	82.06	128.5946	128.5946	observed	0.7936	SYNTHETIC_TEACHING_FIXTURE
SYN_TRAJ_041	7	82.07	125.9448	125.9448	observed	0.6639	SYNTHETIC_TEACHING_FIXTURE
SYN_TRAJ_041	8	82.08	127.1778	127.1778	observed	0.7175	SYNTHETIC_TEACHING_FIXTURE
SYN_TRAJ_041	9	82.09	125.7491	125.7491	observed	0.688	SYNTHETIC_TEACHING_FIXTURE
SYN_TRAJ_041	10	82.1	125.4152	125.4152	observed	0.972	SYNTHETIC_TEACHING_FIXTURE
SYN_TRAJ_041	11	82.11	128.1093	128.1093	observed	0.354	SYNTHETIC_TEACHING_FIXTURE
SYN_TRAJ_041	12	82.12	130.997	130.997	observed	0.4206	SYNTHETIC_TEACHING_FIXTURE
SYN_TRAJ_041	13	82.13	134.5705	134.5705	observed	0.5737	SYNTHETIC_TEACHING_FIXTURE
SYN_TRAJ_041	14	82.14	140.0577	140.0577	observed	0.2697	SYNTHETIC_TEACHING_FIXTURE
SYN_TRAJ_041	15	82.15	144.1888	144.1888	observed	0.9243	SYNTHETIC_TEACHING_FIXTURE
SYN_TRAJ_041	16	82.16	147.918	147.918	observed	0.3101	SYNTHETIC_TEACHING_FIXTURE
SYN_TRAJ_041	17	82.17	150.9949	150.9949	observed	0.6412	SYNTHETIC_TEACHING_FIXTURE
SYN_TRAJ_041	18	82.18	149.0857	149.0857	observed	0.5235	SYNTHETIC_TEACHING_FIXTURE
SYN_TRAJ_041	19	82.19	150.6078	150.6078	observed	0.6578	SYNTHETIC_TEACHING_FIXTURE
SYN_TRAJ_041	20	82.2	147.7911	147.7911	observed	0.3261	SYNTHETIC_TEACHING_FIXTURE
SYN_TRAJ_041	21	82.21	150.8573	150.8573	observed	0.9192	SYNTHETIC_TEACHING_FIXTURE
SYN_TRAJ_041	22	82.22	147.0648	147.0648	observed	0.3066	SYNTHETIC_TEACHING_FIXTURE
SYN_TRAJ_041	23	82.23	146.1132	146.1132	observed	0.5091	SYNTHETIC_TEACHING_FIXTURE
SYN_TRAJ_041	24	82.24	145.0223	145.0223	observed	0.5809	SYNTHETIC_TEACHING_FIXTURE
SYN_TRAJ_041	25	82.25	145.4259	145.4259	observed	0.6455	SYNTHETIC_TEACHING_FIXTURE
SYN_TRAJ_041	26	82.26	138.8092	138.8092	observed	0.7895	SYNTHETIC_TEACHING_FIXTURE
SYN_TRAJ_041	27	82.27	133.62	133.62	observed	0.607	SYNTHETIC_TEACHING_FIXTURE
SYN_TRAJ_041	28	82.28	128.8304	128.8304	observed	0.5223	SYNTHETIC_TEACHING_FIXTURE
SYN_TRAJ_041	29	82.29	126.9951	126.9951	observed	0.5653	SYNTHETIC_TEACHING_FIXTURE
SYN_TRAJ_041	30	82.3	125.3731	125.3731	observed	0.7046	SYNTHETIC_TEACHING_FIXTURE
SYN_TRAJ_041	31	82.31	119.4799	119.4799	observed	0.3366	SYNTHETIC_TEACHING_FIXTURE
SYN_TRAJ_041	32	82.32	118.4517	118.4517	observed	0.4999	SYNTHETIC_TEACHING_FIXTURE
SYN_TRAJ_041	33	82.33	120.5459	120.5459	observed	0.7177	SYNTHETIC_TEACHING_FIXTURE
SYN_TRAJ_042	0	84.0	130.4586	130.4586	observed	0.75	SYNTHETIC_TEACHING_FIXTURE
SYN_TRAJ_042	1	84.01	129.7305	129.7305	observed	0.9079	SYNTHETIC_TEACHING_FIXTURE
SYN_TRAJ_042	2	84.02	134.6162	134.6162	observed	0.7689	SYNTHETIC_TEACHING_FIXTURE
SYN_TRAJ_042	3	84.03	133.7663	133.7663	observed	0.8129	SYNTHETIC_TEACHING_FIXTURE
SYN_TRAJ_042	4	84.04	131.1942	131.1942	observed	0.4238	SYNTHETIC_TEACHING_FIXTURE
SYN_TRAJ_042	5	84.05	130.3407	130.3407	observed	0.3452	SYNTHETIC_TEACHING_FIXTURE
SYN_TRAJ_042	6	84.06	134.141	134.141	observed	0.3767	SYNTHETIC_TEACHING_FIXTURE
SYN_TRAJ_042	7	84.07	139.1068	139.1068	observed	0.2542	SYNTHETIC_TEACHING_FIXTURE
SYN_TRAJ_042	8	84.08	140.4063	140.4063	observed	0.3951	SYNTHETIC_TEACHING_FIXTURE
SYN_TRAJ_042	9	84.09	139.2539	139.2539	observed	0.4047	SYNTHETIC_TEACHING_FIXTURE
SYN_TRAJ_042	10	84.1	138.9662	138.9662	observed	0.7293	SYNTHETIC_TEACHING_FIXTURE
SYN_TRAJ_042	11	84.11	142.1084	142.1084	observed	0.3484	SYNTHETIC_TEACHING_FIXTURE
SYN_TRAJ_042	12	84.12	143.4121	143.4121	observed	0.7357	SYNTHETIC_TEACHING_FIXTURE
SYN_TRAJ_042	13	84.13	144.0192	144.0192	observed	0.266	SYNTHETIC_TEACHING_FIXTURE
SYN_TRAJ_042	14	84.14	142.9008	142.9008	observed	0.3344	SYNTHETIC_TEACHING_FIXTURE
SYN_TRAJ_042	15	84.15	142.8658		estimator_failure		SYNTHETIC_TEACHING_FIXTURE
SYN_TRAJ_042	16	84.16	146.0618	146.0618	observed	0.446	SYNTHETIC_TEACHING_FIXTURE
SYN_TRAJ_042	17	84.17	146.4067	146.4067	observed	0.2599	SYNTHETIC_TEACHING_FIXTURE
SYN_TRAJ_042	18	84.18	148.5596	148.5596	observed	0.6327	SYNTHETIC_TEACHING_FIXTURE
SYN_TRAJ_042	19	84.19	151.0489	151.0489	observed	0.9184	SYNTHETIC_TEACHING_FIXTURE
SYN_TRAJ_042	20	84.2	152.0396	152.0396	observed	0.7305	SYNTHETIC_TEACHING_FIXTURE
SYN_TRAJ_042	21	84.21	154.6825	154.6825	observed	0.7997	SYNTHETIC_TEACHING_FIXTURE
SYN_TRAJ_042	22	84.22	154.512	154.512	observed	0.5501	SYNTHETIC_TEACHING_FIXTURE
SYN_TRAJ_042	23	84.23	152.3654		quality_rejection		SYNTHETIC_TEACHING_FIXTURE
SYN_TRAJ_042	24	84.24	146.8987	146.8987	observed	0.7683	SYNTHETIC_TEACHING_FIXTURE
SYN_TRAJ_042	25	84.25	146.5434	146.5434	observed	0.6092	SYNTHETIC_TEACHING_FIXTURE
SYN_TRAJ_042	26	84.26	147.9098	147.9098	observed	0.7545	SYNTHETIC_TEACHING_FIXTURE
SYN_TRAJ_042	27	84.27	143.3698	143.3698	observed	0.931	SYNTHETIC_TEACHING_FIXTURE
SYN_TRAJ_042	28	84.28	140.5907	140.5907	observed	0.8199	SYNTHETIC_TEACHING_FIXTURE
SYN_TRAJ_042	29	84.29	146.2773	146.2773	observed	0.8071	SYNTHETIC_TEACHING_FIXTURE
SYN_TRAJ_042	30	84.3	143.4086	143.4086	observed	0.339	SYNTHETIC_TEACHING_FIXTURE
SYN_TRAJ_042	31	84.31	137.8662	137.8662	observed	0.9566	SYNTHETIC_TEACHING_FIXTURE
SYN_TRAJ_042	32	84.32	137.2548	137.2548	observed	0.7312	SYNTHETIC_TEACHING_FIXTURE
SYN_TRAJ_042	33	84.33	135.0469	135.0469	observed	0.6865	SYNTHETIC_TEACHING_FIXTURE
SYN_TRAJ_042	34	84.34	131.8468	131.8468	observed	0.4259	SYNTHETIC_TEACHING_FIXTURE
SYN_TRAJ_042	35	84.35	131.4337	131.4337	observed	0.3556	SYNTHETIC_TEACHING_FIXTURE
SYN_TRAJ_042	36	84.36	131.3699	131.3699	observed	0.5776	SYNTHETIC_TEACHING_FIXTURE
SYN_TRAJ_042	37	84.37	128.93	128.93	observed	0.6184	SYNTHETIC_TEACHING_FIXTURE
SYN_TRAJ_042	38	84.38	132.591	132.591	observed	0.5917	SYNTHETIC_TEACHING_FIXTURE
SYN_TRAJ_042	39	84.39	130.2609	130.2609	observed	0.6283	SYNTHETIC_TEACHING_FIXTURE
SYN_TRAJ_042	40	84.4	127.816	127.816	observed	0.8367	SYNTHETIC_TEACHING_FIXTURE
SYN_TRAJ_042	41	84.41	126.5388	126.5388	observed	0.5795	SYNTHETIC_TEACHING_FIXTURE
SYN_TRAJ_042	42	84.42	128.8774	128.8774	observed	0.4888	SYNTHETIC_TEACHING_FIXTURE
SYN_TRAJ_042	43	84.43	125.8846	125.8846	observed	0.5585	SYNTHETIC_TEACHING_FIXTURE
SYN_TRAJ_042	44	84.44	125.3436	125.3436	observed	0.6548	SYNTHETIC_TEACHING_FIXTURE
SYN_TRAJ_042	45	84.45	128.4961	128.4961	observed	0.4704	SYNTHETIC_TEACHING_FIXTURE
SYN_TRAJ_042	46	84.46	129.1229	129.1229	observed	0.8451	SYNTHETIC_TEACHING_FIXTURE
SYN_TRAJ_042	47	84.47	126.2309	126.2309	observed	0.4624	SYNTHETIC_TEACHING_FIXTURE
SYN_TRAJ_042	48	84.48	125.343	125.343	observed	0.6486	SYNTHETIC_TEACHING_FIXTURE
SYN_TRAJ_042	49	84.49	123.1216	123.1216	observed	0.7754	SYNTHETIC_TEACHING_FIXTURE
SYN_TRAJ_042	50	84.5	119.2499	119.2499	observed	0.4352	SYNTHETIC_TEACHING_FIXTURE
SYN_TRAJ_042	51	84.51	121.6037	121.6037	observed	0.2952	SYNTHETIC_TEACHING_FIXTURE
SYN_TRAJ_043	0	86.0	131.2731	131.2731	observed	0.4265	SYNTHETIC_TEACHING_FIXTURE
SYN_TRAJ_043	1	86.01	130.2925	130.2925	observed	0.6182	SYNTHETIC_TEACHING_FIXTURE
SYN_TRAJ_043	2	86.02	127.441	127.441	observed	0.6881	SYNTHETIC_TEACHING_FIXTURE
SYN_TRAJ_043	3	86.03	125.8952	125.8952	observed	0.9859	SYNTHETIC_TEACHING_FIXTURE
SYN_TRAJ_043	4	86.04	129.5937	129.5937	observed	0.7025	SYNTHETIC_TEACHING_FIXTURE
SYN_TRAJ_043	5	86.05	130.1015	130.1015	observed	0.9462	SYNTHETIC_TEACHING_FIXTURE
SYN_TRAJ_043	6	86.06	131.4104	131.4104	observed	0.4431	SYNTHETIC_TEACHING_FIXTURE
SYN_TRAJ_043	7	86.07	131.8984	131.8984	observed	0.7556	SYNTHETIC_TEACHING_FIXTURE
SYN_TRAJ_043	8	86.08	130.3839	130.3839	observed	0.9217	SYNTHETIC_TEACHING_FIXTURE
SYN_TRAJ_043	9	86.09	132.1731	132.1731	observed	0.8763	SYNTHETIC_TEACHING_FIXTURE
SYN_TRAJ_043	10	86.1	135.4477	135.4477	observed	0.7172	SYNTHETIC_TEACHING_FIXTURE
SYN_TRAJ_043	11	86.11	137.7566	137.7566	observed	0.5654	SYNTHETIC_TEACHING_FIXTURE
SYN_TRAJ_043	12	86.12	143.9389	143.9389	observed	0.2654	SYNTHETIC_TEACHING_FIXTURE
SYN_TRAJ_043	13	86.13	145.6762	145.6762	observed	0.2942	SYNTHETIC_TEACHING_FIXTURE
SYN_TRAJ_043	14	86.14	147.8973	147.8973	observed	0.7946	SYNTHETIC_TEACHING_FIXTURE
SYN_TRAJ_043	15	86.15	145.4616	145.4616	observed	0.7246	SYNTHETIC_TEACHING_FIXTURE
SYN_TRAJ_043	16	86.16	149.215	149.215	observed	0.6703	SYNTHETIC_TEACHING_FIXTURE
SYN_TRAJ_043	17	86.17	145.9386	145.9386	observed	0.7077	SYNTHETIC_TEACHING_FIXTURE
SYN_TRAJ_043	18	86.18	143.3837	143.3837	observed	0.9137	SYNTHETIC_TEACHING_FIXTURE
SYN_TRAJ_043	19	86.19	139.9897	139.9897	observed	0.8489	SYNTHETIC_TEACHING_FIXTURE
SYN_TRAJ_043	20	86.2	142.3463	142.3463	observed	0.9335	SYNTHETIC_TEACHING_FIXTURE
SYN_TRAJ_043	21	86.21	135.682	135.682	observed	0.527	SYNTHETIC_TEACHING_FIXTURE
SYN_TRAJ_043	22	86.22	136.0458	136.0458	observed	0.8547	SYNTHETIC_TEACHING_FIXTURE
SYN_TRAJ_043	23	86.23	133.8342	133.8342	observed	0.7849	SYNTHETIC_TEACHING_FIXTURE
SYN_TRAJ_043	24	86.24	127.4727	127.4727	observed	0.6139	SYNTHETIC_TEACHING_FIXTURE
SYN_TRAJ_043	25	86.25	125.4899	125.4899	observed	0.5696	SYNTHETIC_TEACHING_FIXTURE
SYN_TRAJ_043	26	86.26	122.1507	122.1507	observed	0.3584	SYNTHETIC_TEACHING_FIXTURE
SYN_TRAJ_043	27	86.27	122.0923	122.0923	observed	0.4877	SYNTHETIC_TEACHING_FIXTURE
SYN_TRAJ_043	28	86.28	122.537	122.537	observed	0.3156	SYNTHETIC_TEACHING_FIXTURE
SYN_TRAJ_044	0	88.0	130.5037	130.5037	observed	0.318	SYNTHETIC_TEACHING_FIXTURE
SYN_TRAJ_044	1	88.01	129.1586	129.1586	observed	0.3497	SYNTHETIC_TEACHING_FIXTURE
SYN_TRAJ_044	2	88.02	126.5121	126.5121	observed	0.8991	SYNTHETIC_TEACHING_FIXTURE
SYN_TRAJ_044	3	88.03	128.1903	128.1903	observed	0.7052	SYNTHETIC_TEACHING_FIXTURE
SYN_TRAJ_044	4	88.04	130.0189	130.0189	observed	0.7178	SYNTHETIC_TEACHING_FIXTURE
SYN_TRAJ_044	5	88.05	133.7554	133.7554	observed	0.9541	SYNTHETIC_TEACHING_FIXTURE
SYN_TRAJ_044	6	88.06	134.9297	134.9297	observed	0.7396	SYNTHETIC_TEACHING_FIXTURE
SYN_TRAJ_044	7	88.07	134.8347	134.8347	observed	0.4552	SYNTHETIC_TEACHING_FIXTURE
SYN_TRAJ_044	8	88.08	134.8334	134.8334	observed	0.3721	SYNTHETIC_TEACHING_FIXTURE
SYN_TRAJ_044	9	88.09	135.1125	135.1125	observed	0.6869	SYNTHETIC_TEACHING_FIXTURE
SYN_TRAJ_044	10	88.1	137.5461	137.5461	observed	0.8544	SYNTHETIC_TEACHING_FIXTURE
SYN_TRAJ_044	11	88.11	140.2873	140.2873	observed	0.6133	SYNTHETIC_TEACHING_FIXTURE
SYN_TRAJ_044	12	88.12	144.32	144.32	observed	0.6399	SYNTHETIC_TEACHING_FIXTURE
SYN_TRAJ_044	13	88.13	146.6504	146.6504	observed	0.6256	SYNTHETIC_TEACHING_FIXTURE
SYN_TRAJ_044	14	88.14	145.4469	145.4469	observed	0.6173	SYNTHETIC_TEACHING_FIXTURE
SYN_TRAJ_044	15	88.15	146.0513	146.0513	observed	0.8852	SYNTHETIC_TEACHING_FIXTURE
SYN_TRAJ_044	16	88.16	149.3956	149.3956	observed	0.5954	SYNTHETIC_TEACHING_FIXTURE
SYN_TRAJ_044	17	88.17	152.808	152.808	observed	0.4603	SYNTHETIC_TEACHING_FIXTURE
SYN_TRAJ_044	18	88.18	153.4473	153.4473	observed	0.846	SYNTHETIC_TEACHING_FIXTURE
SYN_TRAJ_044	19	88.19	154.7983	154.7983	observed	0.9735	SYNTHETIC_TEACHING_FIXTURE
SYN_TRAJ_044	20	88.2	157.8915	157.8915	observed	0.9005	SYNTHETIC_TEACHING_FIXTURE
SYN_TRAJ_044	21	88.21	157.6607	157.6607	observed	0.9601	SYNTHETIC_TEACHING_FIXTURE
SYN_TRAJ_044	22	88.22	155.5779	155.5779	observed	0.9363	SYNTHETIC_TEACHING_FIXTURE
SYN_TRAJ_044	23	88.23	154.9929	154.9929	observed	0.6704	SYNTHETIC_TEACHING_FIXTURE
SYN_TRAJ_044	24	88.24	149.7672	149.7672	observed	0.6102	SYNTHETIC_TEACHING_FIXTURE
SYN_TRAJ_044	25	88.25	151.7011	151.7011	observed	0.6452	SYNTHETIC_TEACHING_FIXTURE
SYN_TRAJ_044	26	88.26	148.7205	148.7205	observed	0.6986	SYNTHETIC_TEACHING_FIXTURE
SYN_TRAJ_044	27	88.27	148.2076	148.2076	observed	0.8156	SYNTHETIC_TEACHING_FIXTURE
SYN_TRAJ_044	28	88.28	143.3081	143.3081	observed	0.9041	SYNTHETIC_TEACHING_FIXTURE
SYN_TRAJ_044	29	88.29	138.8119	138.8119	observed	0.8863	SYNTHETIC_TEACHING_FIXTURE
SYN_TRAJ_044	30	88.3	133.771	133.771	observed	0.2706	SYNTHETIC_TEACHING_FIXTURE
SYN_TRAJ_044	31	88.31	133.5496	133.5496	observed	0.5925	SYNTHETIC_TEACHING_FIXTURE
SYN_TRAJ_044	32	88.32	131.881	131.881	observed	0.7	SYNTHETIC_TEACHING_FIXTURE
SYN_TRAJ_044	33	88.33	132.2518	132.2518	observed	0.3432	SYNTHETIC_TEACHING_FIXTURE
SYN_TRAJ_044	34	88.34	134.4972	134.4972	observed	0.8842	SYNTHETIC_TEACHING_FIXTURE
SYN_TRAJ_044	35	88.35	131.8537	131.8537	observed	0.3818	SYNTHETIC_TEACHING_FIXTURE
SYN_TRAJ_044	36	88.36	125.1606	125.1606	observed	0.9039	SYNTHETIC_TEACHING_FIXTURE
SYN_TRAJ_044	37	88.37	124.5847	124.5847	observed	0.8488	SYNTHETIC_TEACHING_FIXTURE
SYN_TRAJ_044	38	88.38	125.5234	125.5234	observed	0.4632	SYNTHETIC_TEACHING_FIXTURE
SYN_TRAJ_044	39	88.39	127.4859	127.4859	observed	0.5352	SYNTHETIC_TEACHING_FIXTURE
SYN_TRAJ_044	40	88.4	125.3176	125.3176	observed	0.9387	SYNTHETIC_TEACHING_FIXTURE
SYN_TRAJ_044	41	88.41	124.6004	124.6004	observed	0.5858	SYNTHETIC_TEACHING_FIXTURE
SYN_TRAJ_044	42	88.42	126.0747	126.0747	observed	0.3258	SYNTHETIC_TEACHING_FIXTURE
SYN_TRAJ_044	43	88.43	121.5115	121.5115	observed	0.9425	SYNTHETIC_TEACHING_FIXTURE
SYN_TRAJ_044	44	88.44	125.1917	125.1917	observed	0.7255	SYNTHETIC_TEACHING_FIXTURE
SYN_TRAJ_044	45	88.45	122.2229	122.2229	observed	0.733	SYNTHETIC_TEACHING_FIXTURE
SYN_TRAJ_044	46	88.46	125.364	125.364	observed	0.3694	SYNTHETIC_TEACHING_FIXTURE
SYN_TRAJ_044	47	88.47	123.2005	123.2005	observed	0.6748	SYNTHETIC_TEACHING_FIXTURE
SYN_TRAJ_044	48	88.48	122.273	122.273	observed	0.3924	SYNTHETIC_TEACHING_FIXTURE
SYN_TRAJ_044	49	88.49	125.9693	125.9693	observed	0.6463	SYNTHETIC_TEACHING_FIXTURE
SYN_TRAJ_044	50	88.5	128.1062	128.1062	observed	0.6471	SYNTHETIC_TEACHING_FIXTURE
SYN_TRAJ_045	0	90.0			structural_unvoiced		SYNTHETIC_TEACHING_FIXTURE
SYN_TRAJ_045	1	90.01			structural_unvoiced		SYNTHETIC_TEACHING_FIXTURE
SYN_TRAJ_045	2	90.02			structural_unvoiced		SYNTHETIC_TEACHING_FIXTURE
SYN_TRAJ_045	3	90.03	130.8591	130.8591	observed	0.9609	SYNTHETIC_TEACHING_FIXTURE
SYN_TRAJ_045	4	90.04	132.7326	132.7326	observed	0.88	SYNTHETIC_TEACHING_FIXTURE
SYN_TRAJ_045	5	90.05	130.5266	130.5266	observed	0.9385	SYNTHETIC_TEACHING_FIXTURE
SYN_TRAJ_045	6	90.06	127.9765	127.9765	observed	0.4941	SYNTHETIC_TEACHING_FIXTURE
SYN_TRAJ_045	7	90.07	128.8066	128.8066	observed	0.7058	SYNTHETIC_TEACHING_FIXTURE
SYN_TRAJ_045	8	90.08	134.0705	134.0705	observed	0.4604	SYNTHETIC_TEACHING_FIXTURE
SYN_TRAJ_045	9	90.09	134.2599	134.2599	observed	0.926	SYNTHETIC_TEACHING_FIXTURE
SYN_TRAJ_045	10	90.1	136.3554	136.3554	observed	0.4959	SYNTHETIC_TEACHING_FIXTURE
SYN_TRAJ_045	11	90.11	141.6167	141.6167	observed	0.6607	SYNTHETIC_TEACHING_FIXTURE
SYN_TRAJ_045	12	90.12	143.819	143.819	observed	0.6525	SYNTHETIC_TEACHING_FIXTURE
SYN_TRAJ_045	13	90.13	144.3066	144.3066	observed	0.7352	SYNTHETIC_TEACHING_FIXTURE
SYN_TRAJ_045	14	90.14	147.7533	147.7533	observed	0.3138	SYNTHETIC_TEACHING_FIXTURE
SYN_TRAJ_045	15	90.15	147.1093	147.1093	observed	0.638	SYNTHETIC_TEACHING_FIXTURE
SYN_TRAJ_045	16	90.16	148.4673	148.4673	observed	0.5412	SYNTHETIC_TEACHING_FIXTURE
SYN_TRAJ_045	17	90.17	146.2647	146.2647	observed	0.6154	SYNTHETIC_TEACHING_FIXTURE
SYN_TRAJ_045	18	90.18	147.2495	147.2495	observed	0.5081	SYNTHETIC_TEACHING_FIXTURE
SYN_TRAJ_045	19	90.19	146.7743	146.7743	observed	0.5982	SYNTHETIC_TEACHING_FIXTURE
SYN_TRAJ_045	20	90.2	142.6371	142.6371	observed	0.5194	SYNTHETIC_TEACHING_FIXTURE
SYN_TRAJ_045	21	90.21	140.3711	140.3711	observed	0.7384	SYNTHETIC_TEACHING_FIXTURE
SYN_TRAJ_045	22	90.22	137.6471	137.6471	observed	0.3249	SYNTHETIC_TEACHING_FIXTURE
SYN_TRAJ_045	23	90.23	137.9959	137.9959	observed	0.3758	SYNTHETIC_TEACHING_FIXTURE
SYN_TRAJ_045	24	90.24	133.5894	133.5894	observed	0.5556	SYNTHETIC_TEACHING_FIXTURE
SYN_TRAJ_045	25	90.25	135.4634	135.4634	observed	0.4249	SYNTHETIC_TEACHING_FIXTURE
SYN_TRAJ_045	26	90.26	134.6359	134.6359	observed	0.5602	SYNTHETIC_TEACHING_FIXTURE
SYN_TRAJ_045	27	90.27	133.823	133.823	observed	0.6896	SYNTHETIC_TEACHING_FIXTURE
SYN_TRAJ_045	28	90.28			structural_unvoiced		SYNTHETIC_TEACHING_FIXTURE
SYN_TRAJ_045	29	90.29			structural_unvoiced		SYNTHETIC_TEACHING_FIXTURE
SYN_TRAJ_046	0	92.0	133.8779	133.8779	observed	0.8476	SYNTHETIC_TEACHING_FIXTURE
SYN_TRAJ_046	1	92.01	137.3611	137.3611	observed	0.8037	SYNTHETIC_TEACHING_FIXTURE
SYN_TRAJ_046	2	92.02	137.1759		estimator_failure		SYNTHETIC_TEACHING_FIXTURE
SYN_TRAJ_046	3	92.03	138.053	138.053	observed	0.5048	SYNTHETIC_TEACHING_FIXTURE
SYN_TRAJ_046	4	92.04	136.7691	136.7691	observed	0.9324	SYNTHETIC_TEACHING_FIXTURE
SYN_TRAJ_046	5	92.05	138.1874	138.1874	observed	0.388	SYNTHETIC_TEACHING_FIXTURE
SYN_TRAJ_046	6	92.06	135.0412	135.0412	observed	0.6961	SYNTHETIC_TEACHING_FIXTURE
SYN_TRAJ_046	7	92.07	132.1311	132.1311	observed	0.6753	SYNTHETIC_TEACHING_FIXTURE
SYN_TRAJ_046	8	92.08	136.0755	136.0755	observed	0.5961	SYNTHETIC_TEACHING_FIXTURE
SYN_TRAJ_046	9	92.09	135.9103	135.9103	observed	0.3416	SYNTHETIC_TEACHING_FIXTURE
SYN_TRAJ_046	10	92.1	141.2294	141.2294	observed	0.9116	SYNTHETIC_TEACHING_FIXTURE
SYN_TRAJ_046	11	92.11	146.0016	146.0016	observed	0.6208	SYNTHETIC_TEACHING_FIXTURE
SYN_TRAJ_046	12	92.12	145.8466	145.8466	observed	0.6065	SYNTHETIC_TEACHING_FIXTURE
SYN_TRAJ_046	13	92.13	146.1459	146.1459	observed	0.382	SYNTHETIC_TEACHING_FIXTURE
SYN_TRAJ_046	14	92.14	145.5498	145.5498	observed	0.4685	SYNTHETIC_TEACHING_FIXTURE
SYN_TRAJ_046	15	92.15	148.701	148.701	observed	0.9334	SYNTHETIC_TEACHING_FIXTURE
SYN_TRAJ_046	16	92.16	153.5143	153.5143	observed	0.944	SYNTHETIC_TEACHING_FIXTURE
SYN_TRAJ_046	17	92.17	154.4712	154.4712	observed	0.3588	SYNTHETIC_TEACHING_FIXTURE
SYN_TRAJ_046	18	92.18	153.1558	153.1558	observed	0.361	SYNTHETIC_TEACHING_FIXTURE
SYN_TRAJ_046	19	92.19	155.8939	155.8939	observed	0.257	SYNTHETIC_TEACHING_FIXTURE
SYN_TRAJ_046	20	92.2	158.5137	158.5137	observed	0.5617	SYNTHETIC_TEACHING_FIXTURE
SYN_TRAJ_046	21	92.21	157.2316	157.2316	observed	0.3258	SYNTHETIC_TEACHING_FIXTURE
SYN_TRAJ_046	22	92.22	157.5132	157.5132	observed	0.5474	SYNTHETIC_TEACHING_FIXTURE
SYN_TRAJ_046	23	92.23	157.6645	157.6645	observed	0.9283	SYNTHETIC_TEACHING_FIXTURE
SYN_TRAJ_046	24	92.24	147.5316	147.5316	observed	0.8124	SYNTHETIC_TEACHING_FIXTURE
SYN_TRAJ_046	25	92.25	145.5027	145.5027	observed	0.4598	SYNTHETIC_TEACHING_FIXTURE
SYN_TRAJ_046	26	92.26	148.972	148.972	observed	0.9448	SYNTHETIC_TEACHING_FIXTURE
SYN_TRAJ_046	27	92.27	147.6104	147.6104	observed	0.4943	SYNTHETIC_TEACHING_FIXTURE
SYN_TRAJ_046	28	92.28	145.815	145.815	observed	0.6029	SYNTHETIC_TEACHING_FIXTURE
SYN_TRAJ_046	29	92.29	141.7391	141.7391	observed	0.6015	SYNTHETIC_TEACHING_FIXTURE
SYN_TRAJ_046	30	92.3	139.8133	139.8133	observed	0.2532	SYNTHETIC_TEACHING_FIXTURE
SYN_TRAJ_046	31	92.31	142.3846	142.3846	observed	0.5567	SYNTHETIC_TEACHING_FIXTURE
SYN_TRAJ_046	32	92.32	137.2841	137.2841	observed	0.7103	SYNTHETIC_TEACHING_FIXTURE
SYN_TRAJ_046	33	92.33	134.7841	134.7841	observed	0.608	SYNTHETIC_TEACHING_FIXTURE
SYN_TRAJ_046	34	92.34	129.6215	129.6215	observed	0.9329	SYNTHETIC_TEACHING_FIXTURE
SYN_TRAJ_046	35	92.35	130.5627	130.5627	observed	0.6174	SYNTHETIC_TEACHING_FIXTURE
SYN_TRAJ_046	36	92.36	133.7733	133.7733	observed	0.255	SYNTHETIC_TEACHING_FIXTURE
SYN_TRAJ_046	37	92.37	136.8517	136.8517	observed	0.3677	SYNTHETIC_TEACHING_FIXTURE
SYN_TRAJ_046	38	92.38	132.7322	132.7322	observed	0.7713	SYNTHETIC_TEACHING_FIXTURE
SYN_TRAJ_046	39	92.39	131.7706	131.7706	observed	0.466	SYNTHETIC_TEACHING_FIXTURE
SYN_TRAJ_046	40	92.4	132.47	132.47	observed	0.8046	SYNTHETIC_TEACHING_FIXTURE
SYN_TRAJ_046	41	92.41	130.0836	130.0836	observed	0.5117	SYNTHETIC_TEACHING_FIXTURE
SYN_TRAJ_046	42	92.42	126.3953	126.3953	observed	0.8456	SYNTHETIC_TEACHING_FIXTURE
SYN_TRAJ_046	43	92.43	125.8891	125.8891	observed	0.6057	SYNTHETIC_TEACHING_FIXTURE
SYN_TRAJ_046	44	92.44	122.0233	122.0233	observed	0.9713	SYNTHETIC_TEACHING_FIXTURE
SYN_TRAJ_046	45	92.45	124.2515	124.2515	observed	0.8086	SYNTHETIC_TEACHING_FIXTURE
SYN_TRAJ_046	46	92.46	124.4662	124.4662	observed	0.7565	SYNTHETIC_TEACHING_FIXTURE
SYN_TRAJ_046	47	92.47	120.9818	120.9818	observed	0.7872	SYNTHETIC_TEACHING_FIXTURE
SYN_TRAJ_047	0	94.0	137.9491	137.9491	observed	0.7921	SYNTHETIC_TEACHING_FIXTURE
SYN_TRAJ_047	1	94.01	140.1518	140.1518	observed	0.8772	SYNTHETIC_TEACHING_FIXTURE
SYN_TRAJ_047	2	94.02	138.1615	138.1615	observed	0.7175	SYNTHETIC_TEACHING_FIXTURE
SYN_TRAJ_047	3	94.03	136.2441	136.2441	observed	0.513	SYNTHETIC_TEACHING_FIXTURE
SYN_TRAJ_047	4	94.04	133.3689	133.3689	observed	0.9732	SYNTHETIC_TEACHING_FIXTURE
SYN_TRAJ_047	5	94.05	136.6184	136.6184	observed	0.5971	SYNTHETIC_TEACHING_FIXTURE
SYN_TRAJ_047	6	94.06	135.4167	135.4167	observed	0.8728	SYNTHETIC_TEACHING_FIXTURE
SYN_TRAJ_047	7	94.07	134.505	134.505	observed	0.5023	SYNTHETIC_TEACHING_FIXTURE
SYN_TRAJ_047	8	94.08	136.8614	136.8614	observed	0.9042	SYNTHETIC_TEACHING_FIXTURE
SYN_TRAJ_047	9	94.09	136.7983	136.7983	observed	0.2665	SYNTHETIC_TEACHING_FIXTURE
SYN_TRAJ_047	10	94.1	142.929	142.929	observed	0.6367	SYNTHETIC_TEACHING_FIXTURE
SYN_TRAJ_047	11	94.11	146.4064	146.4064	observed	0.8708	SYNTHETIC_TEACHING_FIXTURE
SYN_TRAJ_047	12	94.12	147.4812	147.4812	observed	0.7098	SYNTHETIC_TEACHING_FIXTURE
SYN_TRAJ_047	13	94.13	151.4307	151.4307	observed	0.3081	SYNTHETIC_TEACHING_FIXTURE
SYN_TRAJ_047	14	94.14	153.312	153.312	observed	0.3772	SYNTHETIC_TEACHING_FIXTURE
SYN_TRAJ_047	15	94.15	151.7412	151.7412	observed	0.9691	SYNTHETIC_TEACHING_FIXTURE
SYN_TRAJ_047	16	94.16	148.868	148.868	observed	0.7529	SYNTHETIC_TEACHING_FIXTURE
SYN_TRAJ_047	17	94.17	151.0979	151.0979	observed	0.3041	SYNTHETIC_TEACHING_FIXTURE
SYN_TRAJ_047	18	94.18	149.6896	149.6896	observed	0.5077	SYNTHETIC_TEACHING_FIXTURE
SYN_TRAJ_047	19	94.19	146.8888	146.8888	observed	0.8218	SYNTHETIC_TEACHING_FIXTURE
SYN_TRAJ_047	20	94.2	143.6851	143.6851	observed	0.5089	SYNTHETIC_TEACHING_FIXTURE
SYN_TRAJ_047	21	94.21	141.6276	141.6276	observed	0.2947	SYNTHETIC_TEACHING_FIXTURE
SYN_TRAJ_047	22	94.22	142.1851	142.1851	observed	0.2845	SYNTHETIC_TEACHING_FIXTURE
SYN_TRAJ_047	23	94.23	137.9626	137.9626	observed	0.7089	SYNTHETIC_TEACHING_FIXTURE
SYN_TRAJ_047	24	94.24	135.1505		estimator_failure		SYNTHETIC_TEACHING_FIXTURE
SYN_TRAJ_047	25	94.25	132.6268	132.6268	observed	0.4496	SYNTHETIC_TEACHING_FIXTURE
SYN_TRAJ_047	26	94.26	131.403	131.403	observed	0.5421	SYNTHETIC_TEACHING_FIXTURE
SYN_TRAJ_048	0	96.0	137.5501	137.5501	observed	0.7121	SYNTHETIC_TEACHING_FIXTURE
SYN_TRAJ_048	1	96.01	136.7698	136.7698	observed	0.5927	SYNTHETIC_TEACHING_FIXTURE
SYN_TRAJ_048	2	96.02	140.0464	140.0464	observed	0.7454	SYNTHETIC_TEACHING_FIXTURE
SYN_TRAJ_048	3	96.03	140.9676	140.9676	observed	0.5059	SYNTHETIC_TEACHING_FIXTURE
SYN_TRAJ_048	4	96.04	139.7085	139.7085	observed	0.9839	SYNTHETIC_TEACHING_FIXTURE
SYN_TRAJ_048	5	96.05	140.5839	140.5839	observed	0.5918	SYNTHETIC_TEACHING_FIXTURE
SYN_TRAJ_048	6	96.06	139.0767	139.0767	observed	0.7166	SYNTHETIC_TEACHING_FIXTURE
SYN_TRAJ_048	7	96.07	138.5038	138.5038	observed	0.4079	SYNTHETIC_TEACHING_FIXTURE
SYN_TRAJ_048	8	96.08	140.8915	140.8915	observed	0.746	SYNTHETIC_TEACHING_FIXTURE
SYN_TRAJ_048	9	96.09	143.5776	143.5776	observed	0.9103	SYNTHETIC_TEACHING_FIXTURE
SYN_TRAJ_048	10	96.1	148.1152	148.1152	observed	0.4393	SYNTHETIC_TEACHING_FIXTURE
SYN_TRAJ_048	11	96.11	147.8719	147.8719	observed	0.7957	SYNTHETIC_TEACHING_FIXTURE
SYN_TRAJ_048	12	96.12	145.8286	145.8286	observed	0.412	SYNTHETIC_TEACHING_FIXTURE
SYN_TRAJ_048	13	96.13	152.7335	152.7335	observed	0.5935	SYNTHETIC_TEACHING_FIXTURE
SYN_TRAJ_048	14	96.14	157.9612	157.9612	observed	0.3725	SYNTHETIC_TEACHING_FIXTURE
SYN_TRAJ_048	15	96.15	154.0788	154.0788	observed	0.2712	SYNTHETIC_TEACHING_FIXTURE
SYN_TRAJ_048	16	96.16	153.2944	153.2944	observed	0.703	SYNTHETIC_TEACHING_FIXTURE
SYN_TRAJ_048	17	96.17	154.1761	154.1761	observed	0.497	SYNTHETIC_TEACHING_FIXTURE
SYN_TRAJ_048	18	96.18	160.015	160.015	observed	0.3886	SYNTHETIC_TEACHING_FIXTURE
SYN_TRAJ_048	19	96.19	155.5666	155.5666	observed	0.784	SYNTHETIC_TEACHING_FIXTURE
SYN_TRAJ_048	20	96.2	158.1893	158.1893	observed	0.3507	SYNTHETIC_TEACHING_FIXTURE
SYN_TRAJ_048	21	96.21	156.5986	156.5986	observed	0.4693	SYNTHETIC_TEACHING_FIXTURE
SYN_TRAJ_048	22	96.22	156.1387	156.1387	observed	0.8613	SYNTHETIC_TEACHING_FIXTURE
SYN_TRAJ_048	23	96.23	155.5231	155.5231	observed	0.4762	SYNTHETIC_TEACHING_FIXTURE
SYN_TRAJ_048	24	96.24	150.9316	150.9316	observed	0.4129	SYNTHETIC_TEACHING_FIXTURE
SYN_TRAJ_048	25	96.25	147.9332	147.9332	observed	0.7562	SYNTHETIC_TEACHING_FIXTURE
SYN_TRAJ_048	26	96.26	147.0808	147.0808	observed	0.5828	SYNTHETIC_TEACHING_FIXTURE
SYN_TRAJ_048	27	96.27	144.2672	144.2672	observed	0.6199	SYNTHETIC_TEACHING_FIXTURE
SYN_TRAJ_048	28	96.28	145.7794	145.7794	observed	0.6354	SYNTHETIC_TEACHING_FIXTURE
SYN_TRAJ_048	29	96.29	138.9034	138.9034	observed	0.9202	SYNTHETIC_TEACHING_FIXTURE
SYN_TRAJ_048	30	96.3	139.8684	139.8684	observed	0.8465	SYNTHETIC_TEACHING_FIXTURE
SYN_TRAJ_048	31	96.31	137.4934	137.4934	observed	0.7045	SYNTHETIC_TEACHING_FIXTURE
SYN_TRAJ_048	32	96.32	137.1932	137.1932	observed	0.5649	SYNTHETIC_TEACHING_FIXTURE
SYN_TRAJ_048	33	96.33	129.4237	129.4237	observed	0.5621	SYNTHETIC_TEACHING_FIXTURE
SYN_TRAJ_048	34	96.34	135.4578	135.4578	observed	0.8102	SYNTHETIC_TEACHING_FIXTURE
SYN_TRAJ_048	35	96.35	135.6452	135.6452	observed	0.4717	SYNTHETIC_TEACHING_FIXTURE
SYN_TRAJ_048	36	96.36	129.7923	129.7923	observed	0.5705	SYNTHETIC_TEACHING_FIXTURE
SYN_TRAJ_048	37	96.37	126.8435	126.8435	observed	0.6143	SYNTHETIC_TEACHING_FIXTURE
SYN_TRAJ_048	38	96.38	123.7393	123.7393	observed	0.7646	SYNTHETIC_TEACHING_FIXTURE
SYN_TRAJ_048	39	96.39	124.3623	124.3623	observed	0.3875	SYNTHETIC_TEACHING_FIXTURE
SYN_TRAJ_048	40	96.4	124.3961	124.3961	observed	0.5263	SYNTHETIC_TEACHING_FIXTURE
SYN_TRAJ_048	41	96.41	127.1845	127.1845	observed	0.658	SYNTHETIC_TEACHING_FIXTURE
SYN_TRAJ_048	42	96.42	128.309	128.309	observed	0.5771	SYNTHETIC_TEACHING_FIXTURE
SYN_TRAJ_048	43	96.43	128.7632	128.7632	observed	0.7793	SYNTHETIC_TEACHING_FIXTURE
SYN_TRAJ_048	44	96.44	128.9679	128.9679	observed	0.6875	SYNTHETIC_TEACHING_FIXTURE
SYN_TRAJ_048	45	96.45	128.393	128.393	observed	0.4233	SYNTHETIC_TEACHING_FIXTURE
SYN_TRAJ_048	46	96.46	126.8632		estimator_failure		SYNTHETIC_TEACHING_FIXTURE
SYN_TRAJ_048	47	96.47	123.1128	123.1128	observed	0.4105	SYNTHETIC_TEACHING_FIXTURE
SYN_TRAJ_048	48	96.48	121.6533	121.6533	observed	0.5469	SYNTHETIC_TEACHING_FIXTURE
SYN_TRAJ_049	0	98.0	134.2784	134.2784	observed	0.3192	SYNTHETIC_TEACHING_FIXTURE
SYN_TRAJ_049	1	98.01	135.1075	135.1075	observed	0.8795	SYNTHETIC_TEACHING_FIXTURE
SYN_TRAJ_049	2	98.02	131.8001	131.8001	observed	0.6174	SYNTHETIC_TEACHING_FIXTURE
SYN_TRAJ_049	3	98.03	134.3888	134.3888	observed	0.5742	SYNTHETIC_TEACHING_FIXTURE
SYN_TRAJ_049	4	98.04	132.3217		quality_rejection		SYNTHETIC_TEACHING_FIXTURE
SYN_TRAJ_049	5	98.05	130.9525	130.9525	observed	0.7312	SYNTHETIC_TEACHING_FIXTURE
SYN_TRAJ_049	6	98.06	131.6951	131.6951	observed	0.9062	SYNTHETIC_TEACHING_FIXTURE
SYN_TRAJ_049	7	98.07	131.7547	131.7547	observed	0.9358	SYNTHETIC_TEACHING_FIXTURE
SYN_TRAJ_049	8	98.08	132.1313	132.1313	observed	0.6724	SYNTHETIC_TEACHING_FIXTURE
SYN_TRAJ_049	9	98.09	134.6701	134.6701	observed	0.4901	SYNTHETIC_TEACHING_FIXTURE
SYN_TRAJ_049	10	98.1	139.823	139.823	observed	0.6321	SYNTHETIC_TEACHING_FIXTURE
SYN_TRAJ_049	11	98.11	140.0071	140.0071	observed	0.9297	SYNTHETIC_TEACHING_FIXTURE
SYN_TRAJ_049	12	98.12	144.3741	144.3741	observed	0.2536	SYNTHETIC_TEACHING_FIXTURE
SYN_TRAJ_049	13	98.13	147.8446	147.8446	observed	0.7571	SYNTHETIC_TEACHING_FIXTURE
SYN_TRAJ_049	14	98.14	151.0678	151.0678	observed	0.2834	SYNTHETIC_TEACHING_FIXTURE
SYN_TRAJ_049	15	98.15	150.9171	150.9171	observed	0.7216	SYNTHETIC_TEACHING_FIXTURE
SYN_TRAJ_049	16	98.16	149.7323	149.7323	observed	0.861	SYNTHETIC_TEACHING_FIXTURE
SYN_TRAJ_049	17	98.17	147.2407	147.2407	observed	0.9303	SYNTHETIC_TEACHING_FIXTURE
SYN_TRAJ_049	18	98.18	145.9734	145.9734	observed	0.7008	SYNTHETIC_TEACHING_FIXTURE
SYN_TRAJ_049	19	98.19	144.462	144.462	observed	0.9818	SYNTHETIC_TEACHING_FIXTURE
SYN_TRAJ_049	20	98.2	140.828	140.828	observed	0.817	SYNTHETIC_TEACHING_FIXTURE
SYN_TRAJ_049	21	98.21	138.845	138.845	observed	0.2751	SYNTHETIC_TEACHING_FIXTURE
SYN_TRAJ_049	22	98.22	132.9215	132.9215	observed	0.4685	SYNTHETIC_TEACHING_FIXTURE
SYN_TRAJ_049	23	98.23	132.6881	132.6881	observed	0.6004	SYNTHETIC_TEACHING_FIXTURE
SYN_TRAJ_049	24	98.24	128.8513	128.8513	observed	0.851	SYNTHETIC_TEACHING_FIXTURE
SYN_TRAJ_049	25	98.25	131.7729	131.7729	observed	0.7596	SYNTHETIC_TEACHING_FIXTURE
SYN_TRAJ_049	26	98.26	131.3448	131.3448	observed	0.3272	SYNTHETIC_TEACHING_FIXTURE
SYN_TRAJ_049	27	98.27	131.6079	131.6079	observed	0.9487	SYNTHETIC_TEACHING_FIXTURE
SYN_TRAJ_050	0	100.0			structural_unvoiced		SYNTHETIC_TEACHING_FIXTURE
SYN_TRAJ_050	1	100.01			structural_unvoiced		SYNTHETIC_TEACHING_FIXTURE
SYN_TRAJ_050	2	100.02			structural_unvoiced		SYNTHETIC_TEACHING_FIXTURE
SYN_TRAJ_050	3	100.03	133.3644	133.3644	observed	0.9265	SYNTHETIC_TEACHING_FIXTURE
SYN_TRAJ_050	4	100.04	131.3336	131.3336	observed	0.6643	SYNTHETIC_TEACHING_FIXTURE
SYN_TRAJ_050	5	100.05	132.7926	132.7926	observed	0.8939	SYNTHETIC_TEACHING_FIXTURE
SYN_TRAJ_050	6	100.06	134.684	134.684	observed	0.5047	SYNTHETIC_TEACHING_FIXTURE
SYN_TRAJ_050	7	100.07	134.0221	134.0221	observed	0.9176	SYNTHETIC_TEACHING_FIXTURE
SYN_TRAJ_050	8	100.08	137.2725	137.2725	observed	0.3243	SYNTHETIC_TEACHING_FIXTURE
SYN_TRAJ_050	9	100.09	140.665	140.665	observed	0.4445	SYNTHETIC_TEACHING_FIXTURE
SYN_TRAJ_050	10	100.1	142.0183	142.0183	observed	0.3228	SYNTHETIC_TEACHING_FIXTURE
SYN_TRAJ_050	11	100.11	141.1641	141.1641	observed	0.811	SYNTHETIC_TEACHING_FIXTURE
SYN_TRAJ_050	12	100.12	145.0701	145.0701	observed	0.373	SYNTHETIC_TEACHING_FIXTURE
SYN_TRAJ_050	13	100.13	142.9	142.9	observed	0.5431	SYNTHETIC_TEACHING_FIXTURE
SYN_TRAJ_050	14	100.14	143.9106	143.9106	observed	0.6828	SYNTHETIC_TEACHING_FIXTURE
SYN_TRAJ_050	15	100.15	142.2245	142.2245	observed	0.4188	SYNTHETIC_TEACHING_FIXTURE
SYN_TRAJ_050	16	100.16	146.7513	146.7513	observed	0.3795	SYNTHETIC_TEACHING_FIXTURE
SYN_TRAJ_050	17	100.17	147.2403	147.2403	observed	0.688	SYNTHETIC_TEACHING_FIXTURE
SYN_TRAJ_050	18	100.18	152.1919	152.1919	observed	0.2898	SYNTHETIC_TEACHING_FIXTURE
SYN_TRAJ_050	19	100.19	148.9259	148.9259	observed	0.9729	SYNTHETIC_TEACHING_FIXTURE
SYN_TRAJ_050	20	100.2	154.8951	154.8951	observed	0.2667	SYNTHETIC_TEACHING_FIXTURE
SYN_TRAJ_050	21	100.21	152.6656	152.6656	observed	0.2866	SYNTHETIC_TEACHING_FIXTURE
SYN_TRAJ_050	22	100.22	151.2257	151.2257	observed	0.835	SYNTHETIC_TEACHING_FIXTURE
SYN_TRAJ_050	23	100.23	149.9691	149.9691	observed	0.3191	SYNTHETIC_TEACHING_FIXTURE
SYN_TRAJ_050	24	100.24	149.9409	149.9409	observed	0.5581	SYNTHETIC_TEACHING_FIXTURE
SYN_TRAJ_050	25	100.25	147.3094	147.3094	observed	0.5261	SYNTHETIC_TEACHING_FIXTURE
SYN_TRAJ_050	26	100.26	149.9975	149.9975	observed	0.902	SYNTHETIC_TEACHING_FIXTURE
SYN_TRAJ_050	27	100.27	147.2263	147.2263	observed	0.9197	SYNTHETIC_TEACHING_FIXTURE
SYN_TRAJ_050	28	100.28	147.3722	147.3722	observed	0.9253	SYNTHETIC_TEACHING_FIXTURE
SYN_TRAJ_050	29	100.29	144.4934	144.4934	observed	0.3732	SYNTHETIC_TEACHING_FIXTURE
SYN_TRAJ_050	30	100.3	141.5533	141.5533	observed	0.836	SYNTHETIC_TEACHING_FIXTURE
SYN_TRAJ_050	31	100.31	138.9799	138.9799	observed	0.3648	SYNTHETIC_TEACHING_FIXTURE
SYN_TRAJ_050	32	100.32	139.5228	139.5228	observed	0.305	SYNTHETIC_TEACHING_FIXTURE
SYN_TRAJ_050	33	100.33	134.8769	134.8769	observed	0.3639	SYNTHETIC_TEACHING_FIXTURE
SYN_TRAJ_050	34	100.34	137.3856	137.3856	observed	0.2876	SYNTHETIC_TEACHING_FIXTURE
SYN_TRAJ_050	35	100.35	133.679	133.679	observed	0.2766	SYNTHETIC_TEACHING_FIXTURE
SYN_TRAJ_050	36	100.36	130.5268	130.5268	observed	0.6687	SYNTHETIC_TEACHING_FIXTURE
SYN_TRAJ_050	37	100.37	128.9684	128.9684	observed	0.5893	SYNTHETIC_TEACHING_FIXTURE
SYN_TRAJ_050	38	100.38	129.1542	129.1542	observed	0.9488	SYNTHETIC_TEACHING_FIXTURE
SYN_TRAJ_050	39	100.39	127.6938	127.6938	observed	0.469	SYNTHETIC_TEACHING_FIXTURE
SYN_TRAJ_050	40	100.4	129.0059	129.0059	observed	0.2703	SYNTHETIC_TEACHING_FIXTURE
SYN_TRAJ_050	41	100.41	125.3131	125.3131	observed	0.8702	SYNTHETIC_TEACHING_FIXTURE
SYN_TRAJ_050	42	100.42	123.7712	123.7712	observed	0.7545	SYNTHETIC_TEACHING_FIXTURE
SYN_TRAJ_050	43	100.43	127.1983	127.1983	observed	0.5902	SYNTHETIC_TEACHING_FIXTURE
SYN_TRAJ_050	44	100.44	124.1913	124.1913	observed	0.3738	SYNTHETIC_TEACHING_FIXTURE
SYN_TRAJ_050	45	100.45	128.8375	128.8375	observed	0.7694	SYNTHETIC_TEACHING_FIXTURE
SYN_TRAJ_050	46	100.46	125.4218	125.4218	observed	0.5577	SYNTHETIC_TEACHING_FIXTURE
SYN_TRAJ_050	47	100.47	121.286	121.286	observed	0.297	SYNTHETIC_TEACHING_FIXTURE
SYN_TRAJ_050	48	100.48			structural_unvoiced		SYNTHETIC_TEACHING_FIXTURE
SYN_TRAJ_050	49	100.49			structural_unvoiced		SYNTHETIC_TEACHING_FIXTURE
SYN_TRAJ_050	50	100.5			structural_unvoiced		SYNTHETIC_TEACHING_FIXTURE
SYN_TRAJ_051	0	102.0	136.0448	136.0448	observed	0.5753	SYNTHETIC_TEACHING_FIXTURE
SYN_TRAJ_051	1	102.01	134.6913	134.6913	observed	0.374	SYNTHETIC_TEACHING_FIXTURE
SYN_TRAJ_051	2	102.02	136.5622	136.5622	observed	0.9023	SYNTHETIC_TEACHING_FIXTURE
SYN_TRAJ_051	3	102.03	132.3228	132.3228	observed	0.421	SYNTHETIC_TEACHING_FIXTURE
SYN_TRAJ_051	4	102.04	135.1133	135.1133	observed	0.7193	SYNTHETIC_TEACHING_FIXTURE
SYN_TRAJ_051	5	102.05	133.3115	133.3115	observed	0.6075	SYNTHETIC_TEACHING_FIXTURE
SYN_TRAJ_051	6	102.06	133.9967	133.9967	observed	0.712	SYNTHETIC_TEACHING_FIXTURE
SYN_TRAJ_051	7	102.07	140.6835	140.6835	observed	0.6516	SYNTHETIC_TEACHING_FIXTURE
SYN_TRAJ_051	8	102.08	140.2374	140.2374	observed	0.6643	SYNTHETIC_TEACHING_FIXTURE
SYN_TRAJ_051	9	102.09	142.1677	142.1677	observed	0.8167	SYNTHETIC_TEACHING_FIXTURE
SYN_TRAJ_051	10	102.1	142.1437	142.1437	observed	0.6703	SYNTHETIC_TEACHING_FIXTURE
SYN_TRAJ_051	11	102.11	136.7642		estimator_failure		SYNTHETIC_TEACHING_FIXTURE
SYN_TRAJ_051	12	102.12	146.1272	146.1272	observed	0.9789	SYNTHETIC_TEACHING_FIXTURE
SYN_TRAJ_051	13	102.13	148.3314	148.3314	observed	0.8739	SYNTHETIC_TEACHING_FIXTURE
SYN_TRAJ_051	14	102.14	148.6425	148.6425	observed	0.3686	SYNTHETIC_TEACHING_FIXTURE
SYN_TRAJ_051	15	102.15	148.8838	148.8838	observed	0.2782	SYNTHETIC_TEACHING_FIXTURE
SYN_TRAJ_051	16	102.16	152.4866	152.4866	observed	0.3559	SYNTHETIC_TEACHING_FIXTURE
SYN_TRAJ_051	17	102.17	152.6518	152.6518	observed	0.8889	SYNTHETIC_TEACHING_FIXTURE
SYN_TRAJ_051	18	102.18	152.9038	152.9038	observed	0.2604	SYNTHETIC_TEACHING_FIXTURE
SYN_TRAJ_051	19	102.19	147.9039	147.9039	observed	0.5649	SYNTHETIC_TEACHING_FIXTURE
SYN_TRAJ_051	20	102.2	142.3119	142.3119	observed	0.433	SYNTHETIC_TEACHING_FIXTURE
SYN_TRAJ_051	21	102.21	136.2362	136.2362	observed	0.3832	SYNTHETIC_TEACHING_FIXTURE
SYN_TRAJ_051	22	102.22	132.193	132.193	observed	0.9882	SYNTHETIC_TEACHING_FIXTURE
SYN_TRAJ_051	23	102.23	130.3016	130.3016	observed	0.9518	SYNTHETIC_TEACHING_FIXTURE
SYN_TRAJ_051	24	102.24	129.7136	129.7136	observed	0.5649	SYNTHETIC_TEACHING_FIXTURE
SYN_TRAJ_051	25	102.25	134.2754	134.2754	observed	0.4118	SYNTHETIC_TEACHING_FIXTURE
SYN_TRAJ_051	26	102.26	131.1059	131.1059	observed	0.6076	SYNTHETIC_TEACHING_FIXTURE
SYN_TRAJ_051	27	102.27	133.7897	133.7897	observed	0.3448	SYNTHETIC_TEACHING_FIXTURE
SYN_TRAJ_052	0	104.0	131.0354	131.0354	observed	0.927	SYNTHETIC_TEACHING_FIXTURE
SYN_TRAJ_052	1	104.01	131.623	131.623	observed	0.7833	SYNTHETIC_TEACHING_FIXTURE
SYN_TRAJ_052	2	104.02	129.9231	129.9231	observed	0.2896	SYNTHETIC_TEACHING_FIXTURE
SYN_TRAJ_052	3	104.03	132.8287	132.8287	observed	0.8548	SYNTHETIC_TEACHING_FIXTURE
SYN_TRAJ_052	4	104.04	135.3653	135.3653	observed	0.9723	SYNTHETIC_TEACHING_FIXTURE
SYN_TRAJ_052	5	104.05	137.8464	137.8464	observed	0.6853	SYNTHETIC_TEACHING_FIXTURE
SYN_TRAJ_052	6	104.06	139.8996	139.8996	observed	0.8446	SYNTHETIC_TEACHING_FIXTURE
SYN_TRAJ_052	7	104.07	137.5683	137.5683	observed	0.6943	SYNTHETIC_TEACHING_FIXTURE
SYN_TRAJ_052	8	104.08	138.8623	138.8623	observed	0.431	SYNTHETIC_TEACHING_FIXTURE
SYN_TRAJ_052	9	104.09	140.0799	140.0799	observed	0.4899	SYNTHETIC_TEACHING_FIXTURE
SYN_TRAJ_052	10	104.1	142.5599	142.5599	observed	0.6896	SYNTHETIC_TEACHING_FIXTURE
SYN_TRAJ_052	11	104.11	146.2968	146.2968	observed	0.9652	SYNTHETIC_TEACHING_FIXTURE
SYN_TRAJ_052	12	104.12	150.2863	150.2863	observed	0.9433	SYNTHETIC_TEACHING_FIXTURE
SYN_TRAJ_052	13	104.13	152.5547	152.5547	observed	0.6244	SYNTHETIC_TEACHING_FIXTURE
SYN_TRAJ_052	14	104.14	152.7335	152.7335	observed	0.865	SYNTHETIC_TEACHING_FIXTURE
SYN_TRAJ_052	15	104.15	153.9756	153.9756	observed	0.3918	SYNTHETIC_TEACHING_FIXTURE
SYN_TRAJ_052	16	104.16	155.0591	155.0591	observed	0.3479	SYNTHETIC_TEACHING_FIXTURE
SYN_TRAJ_052	17	104.17	158.5475	158.5475	observed	0.3004	SYNTHETIC_TEACHING_FIXTURE
SYN_TRAJ_052	18	104.18	160.6054	160.6054	observed	0.3198	SYNTHETIC_TEACHING_FIXTURE
SYN_TRAJ_052	19	104.19	159.5139	159.5139	observed	0.6375	SYNTHETIC_TEACHING_FIXTURE
SYN_TRAJ_052	20	104.2	161.0458	161.0458	observed	0.8929	SYNTHETIC_TEACHING_FIXTURE
SYN_TRAJ_052	21	104.21	156.2242	156.2242	observed	0.7535	SYNTHETIC_TEACHING_FIXTURE
SYN_TRAJ_052	22	104.22	151.2351	151.2351	observed	0.7118	SYNTHETIC_TEACHING_FIXTURE
SYN_TRAJ_052	23	104.23	146.8517	146.8517	observed	0.9456	SYNTHETIC_TEACHING_FIXTURE
SYN_TRAJ_052	24	104.24	146.007	146.007	observed	0.4325	SYNTHETIC_TEACHING_FIXTURE
SYN_TRAJ_052	25	104.25	141.7075	141.7075	observed	0.3431	SYNTHETIC_TEACHING_FIXTURE
SYN_TRAJ_052	26	104.26	140.3287	140.3287	observed	0.8357	SYNTHETIC_TEACHING_FIXTURE
SYN_TRAJ_052	27	104.27	138.9231	138.9231	observed	0.37	SYNTHETIC_TEACHING_FIXTURE
SYN_TRAJ_052	28	104.28	138.4188	138.4188	observed	0.3733	SYNTHETIC_TEACHING_FIXTURE
SYN_TRAJ_052	29	104.29	134.6421	134.6421	observed	0.7217	SYNTHETIC_TEACHING_FIXTURE
SYN_TRAJ_052	30	104.3	133.4021	133.4021	observed	0.9128	SYNTHETIC_TEACHING_FIXTURE
SYN_TRAJ_052	31	104.31	127.3351	127.3351	observed	0.5453	SYNTHETIC_TEACHING_FIXTURE
SYN_TRAJ_052	32	104.32	127.849	127.849	observed	0.5908	SYNTHETIC_TEACHING_FIXTURE
SYN_TRAJ_052	33	104.33	123.8065		estimator_failure		SYNTHETIC_TEACHING_FIXTURE
SYN_TRAJ_052	34	104.34	131.0225	131.0225	observed	0.4102	SYNTHETIC_TEACHING_FIXTURE
SYN_TRAJ_052	35	104.35	126.185		quality_rejection		SYNTHETIC_TEACHING_FIXTURE
SYN_TRAJ_052	36	104.36	127.1593	127.1593	observed	0.9755	SYNTHETIC_TEACHING_FIXTURE
SYN_TRAJ_052	37	104.37	125.9254	125.9254	observed	0.3936	SYNTHETIC_TEACHING_FIXTURE
SYN_TRAJ_052	38	104.38	126.003	126.003	observed	0.9539	SYNTHETIC_TEACHING_FIXTURE
SYN_TRAJ_052	39	104.39	128.4417	128.4417	observed	0.63	SYNTHETIC_TEACHING_FIXTURE
SYN_TRAJ_052	40	104.4	122.0694	122.0694	observed	0.7742	SYNTHETIC_TEACHING_FIXTURE
SYN_TRAJ_052	41	104.41	122.4742	122.4742	observed	0.4872	SYNTHETIC_TEACHING_FIXTURE
SYN_TRAJ_052	42	104.42	123.0258	123.0258	observed	0.4019	SYNTHETIC_TEACHING_FIXTURE
SYN_TRAJ_053	0	106.0	133.7021	133.7021	observed	0.5234	SYNTHETIC_TEACHING_FIXTURE
SYN_TRAJ_053	1	106.01	132.5665	132.5665	observed	0.593	SYNTHETIC_TEACHING_FIXTURE
SYN_TRAJ_053	2	106.02	136.0998	136.0998	observed	0.6048	SYNTHETIC_TEACHING_FIXTURE
SYN_TRAJ_053	3	106.03	137.2992	137.2992	observed	0.7011	SYNTHETIC_TEACHING_FIXTURE
SYN_TRAJ_053	4	106.04	133.1459	133.1459	observed	0.4094	SYNTHETIC_TEACHING_FIXTURE
SYN_TRAJ_053	5	106.05	133.724	133.724	observed	0.3887	SYNTHETIC_TEACHING_FIXTURE
SYN_TRAJ_053	6	106.06	134.2993	134.2993	observed	0.8905	SYNTHETIC_TEACHING_FIXTURE
SYN_TRAJ_053	7	106.07	135.8965	135.8965	observed	0.915	SYNTHETIC_TEACHING_FIXTURE
SYN_TRAJ_053	8	106.08	135.3046	135.3046	observed	0.5685	SYNTHETIC_TEACHING_FIXTURE
SYN_TRAJ_053	9	106.09	135.0692	135.0692	observed	0.2984	SYNTHETIC_TEACHING_FIXTURE
SYN_TRAJ_053	10	106.1	138.2337	138.2337	observed	0.8973	SYNTHETIC_TEACHING_FIXTURE
SYN_TRAJ_053	11	106.11	137.729	137.729	observed	0.7801	SYNTHETIC_TEACHING_FIXTURE
SYN_TRAJ_053	12	106.12	139.7971	139.7971	observed	0.6257	SYNTHETIC_TEACHING_FIXTURE
SYN_TRAJ_053	13	106.13	143.1262	143.1262	observed	0.8899	SYNTHETIC_TEACHING_FIXTURE
SYN_TRAJ_053	14	106.14	144.4875	144.4875	observed	0.914	SYNTHETIC_TEACHING_FIXTURE
SYN_TRAJ_053	15	106.15	148.7871	148.7871	observed	0.9859	SYNTHETIC_TEACHING_FIXTURE
SYN_TRAJ_053	16	106.16	152.7218	152.7218	observed	0.5323	SYNTHETIC_TEACHING_FIXTURE
SYN_TRAJ_053	17	106.17	152.755	152.755	observed	0.9094	SYNTHETIC_TEACHING_FIXTURE
SYN_TRAJ_053	18	106.18	151.6615	151.6615	observed	0.556	SYNTHETIC_TEACHING_FIXTURE
SYN_TRAJ_053	19	106.19	152.9076	152.9076	observed	0.9851	SYNTHETIC_TEACHING_FIXTURE
SYN_TRAJ_053	20	106.2	149.8892	149.8892	observed	0.6594	SYNTHETIC_TEACHING_FIXTURE
SYN_TRAJ_053	21	106.21	151.1957	151.1957	observed	0.4647	SYNTHETIC_TEACHING_FIXTURE
SYN_TRAJ_053	22	106.22	148.8818	148.8818	observed	0.5199	SYNTHETIC_TEACHING_FIXTURE
SYN_TRAJ_053	23	106.23	147.3597	147.3597	observed	0.7003	SYNTHETIC_TEACHING_FIXTURE
SYN_TRAJ_053	24	106.24	143.1568	143.1568	observed	0.2619	SYNTHETIC_TEACHING_FIXTURE
SYN_TRAJ_053	25	106.25	140.0382	140.0382	observed	0.646	SYNTHETIC_TEACHING_FIXTURE
SYN_TRAJ_053	26	106.26	135.6098	135.6098	observed	0.395	SYNTHETIC_TEACHING_FIXTURE
SYN_TRAJ_053	27	106.27	131.2745	131.2745	observed	0.6313	SYNTHETIC_TEACHING_FIXTURE
SYN_TRAJ_053	28	106.28	136.4137	136.4137	observed	0.8696	SYNTHETIC_TEACHING_FIXTURE
SYN_TRAJ_053	29	106.29	133.7189	133.7189	observed	0.2571	SYNTHETIC_TEACHING_FIXTURE
SYN_TRAJ_053	30	106.3	132.3199	132.3199	observed	0.7591	SYNTHETIC_TEACHING_FIXTURE
SYN_TRAJ_053	31	106.31	130.5892	130.5892	observed	0.6798	SYNTHETIC_TEACHING_FIXTURE
SYN_TRAJ_053	32	106.32	126.9024	126.9024	observed	0.5163	SYNTHETIC_TEACHING_FIXTURE
SYN_TRAJ_054	0	108.0	136.7848	136.7848	observed	0.8587	SYNTHETIC_TEACHING_FIXTURE
SYN_TRAJ_054	1	108.01	136.7175	136.7175	observed	0.7248	SYNTHETIC_TEACHING_FIXTURE
SYN_TRAJ_054	2	108.02	139.6357	139.6357	observed	0.3965	SYNTHETIC_TEACHING_FIXTURE
SYN_TRAJ_054	3	108.03	137.3225	137.3225	observed	0.5139	SYNTHETIC_TEACHING_FIXTURE
SYN_TRAJ_054	4	108.04	138.3532	138.3532	observed	0.6618	SYNTHETIC_TEACHING_FIXTURE
SYN_TRAJ_054	5	108.05	138.8963	138.8963	observed	0.3663	SYNTHETIC_TEACHING_FIXTURE
SYN_TRAJ_054	6	108.06	137.1803	137.1803	observed	0.6651	SYNTHETIC_TEACHING_FIXTURE
SYN_TRAJ_054	7	108.07	135.8552	135.8552	observed	0.4275	SYNTHETIC_TEACHING_FIXTURE
SYN_TRAJ_054	8	108.08	135.525	135.525	observed	0.3807	SYNTHETIC_TEACHING_FIXTURE
SYN_TRAJ_054	9	108.09	137.2452	137.2452	observed	0.8252	SYNTHETIC_TEACHING_FIXTURE
SYN_TRAJ_054	10	108.1	140.8896		quality_rejection		SYNTHETIC_TEACHING_FIXTURE
SYN_TRAJ_054	11	108.11	144.5402	144.5402	observed	0.7661	SYNTHETIC_TEACHING_FIXTURE
SYN_TRAJ_054	12	108.12	150.1707	150.1707	observed	0.8785	SYNTHETIC_TEACHING_FIXTURE
SYN_TRAJ_054	13	108.13	152.6468	152.6468	observed	0.6838	SYNTHETIC_TEACHING_FIXTURE
SYN_TRAJ_054	14	108.14	154.1705	154.1705	observed	0.9335	SYNTHETIC_TEACHING_FIXTURE
SYN_TRAJ_054	15	108.15	153.5571	153.5571	observed	0.3831	SYNTHETIC_TEACHING_FIXTURE
SYN_TRAJ_054	16	108.16	156.1113	156.1113	observed	0.2623	SYNTHETIC_TEACHING_FIXTURE
SYN_TRAJ_054	17	108.17	156.9623	156.9623	observed	0.8306	SYNTHETIC_TEACHING_FIXTURE
SYN_TRAJ_054	18	108.18	158.2473	158.2473	observed	0.9478	SYNTHETIC_TEACHING_FIXTURE
SYN_TRAJ_054	19	108.19	158.3408	158.3408	observed	0.6825	SYNTHETIC_TEACHING_FIXTURE
SYN_TRAJ_054	20	108.2	154.5726	154.5726	observed	0.3467	SYNTHETIC_TEACHING_FIXTURE
SYN_TRAJ_054	21	108.21	150.4212	150.4212	observed	0.5229	SYNTHETIC_TEACHING_FIXTURE
SYN_TRAJ_054	22	108.22	149.3038	149.3038	observed	0.6963	SYNTHETIC_TEACHING_FIXTURE
SYN_TRAJ_054	23	108.23	148.2222	148.2222	observed	0.9751	SYNTHETIC_TEACHING_FIXTURE
SYN_TRAJ_054	24	108.24	150.7728	150.7728	observed	0.5599	SYNTHETIC_TEACHING_FIXTURE
SYN_TRAJ_054	25	108.25	146.8438	146.8438	observed	0.9537	SYNTHETIC_TEACHING_FIXTURE
SYN_TRAJ_054	26	108.26	148.2641	148.2641	observed	0.4281	SYNTHETIC_TEACHING_FIXTURE
SYN_TRAJ_054	27	108.27	144.2896	144.2896	observed	0.4493	SYNTHETIC_TEACHING_FIXTURE
SYN_TRAJ_054	28	108.28	140.5065	140.5065	observed	0.489	SYNTHETIC_TEACHING_FIXTURE
SYN_TRAJ_054	29	108.29	136.8163	136.8163	observed	0.2556	SYNTHETIC_TEACHING_FIXTURE
SYN_TRAJ_054	30	108.3	136.6654	136.6654	observed	0.5873	SYNTHETIC_TEACHING_FIXTURE
SYN_TRAJ_054	31	108.31	137.6272	137.6272	observed	0.7895	SYNTHETIC_TEACHING_FIXTURE
SYN_TRAJ_054	32	108.32	134.2677	134.2677	observed	0.8933	SYNTHETIC_TEACHING_FIXTURE
SYN_TRAJ_054	33	108.33	139.4031	139.4031	observed	0.2917	SYNTHETIC_TEACHING_FIXTURE
SYN_TRAJ_054	34	108.34	138.4636	138.4636	observed	0.6171	SYNTHETIC_TEACHING_FIXTURE
SYN_TRAJ_054	35	108.35	133.3828	133.3828	observed	0.674	SYNTHETIC_TEACHING_FIXTURE
SYN_TRAJ_054	36	108.36	133.963	133.963	observed	0.5947	SYNTHETIC_TEACHING_FIXTURE
SYN_TRAJ_054	37	108.37	131.7866	131.7866	observed	0.8068	SYNTHETIC_TEACHING_FIXTURE
SYN_TRAJ_054	38	108.38	131.4956	131.4956	observed	0.2746	SYNTHETIC_TEACHING_FIXTURE
SYN_TRAJ_054	39	108.39	133.2511	133.2511	observed	0.467	SYNTHETIC_TEACHING_FIXTURE
SYN_TRAJ_054	40	108.4	130.4258	130.4258	observed	0.9537	SYNTHETIC_TEACHING_FIXTURE
SYN_TRAJ_054	41	108.41	132.4739	132.4739	observed	0.9328	SYNTHETIC_TEACHING_FIXTURE
SYN_TRAJ_054	42	108.42	134.3345	134.3345	observed	0.4729	SYNTHETIC_TEACHING_FIXTURE
SYN_TRAJ_054	43	108.43	134.1852	134.1852	observed	0.3173	SYNTHETIC_TEACHING_FIXTURE
SYN_TRAJ_054	44	108.44	129.2156	129.2156	observed	0.9533	SYNTHETIC_TEACHING_FIXTURE
SYN_TRAJ_054	45	108.45	128.4456	128.4456	observed	0.5927	SYNTHETIC_TEACHING_FIXTURE
SYN_TRAJ_055	0	110.0			structural_unvoiced		SYNTHETIC_TEACHING_FIXTURE
SYN_TRAJ_055	1	110.01			structural_unvoiced		SYNTHETIC_TEACHING_FIXTURE
SYN_TRAJ_055	2	110.02			structural_unvoiced		SYNTHETIC_TEACHING_FIXTURE
SYN_TRAJ_055	3	110.03	132.4043	132.4043	observed	0.7941	SYNTHETIC_TEACHING_FIXTURE
SYN_TRAJ_055	4	110.04	135.3657	135.3657	observed	0.4567	SYNTHETIC_TEACHING_FIXTURE
SYN_TRAJ_055	5	110.05	132.0119	132.0119	observed	0.8331	SYNTHETIC_TEACHING_FIXTURE
SYN_TRAJ_055	6	110.06	133.8428	133.8428	observed	0.6204	SYNTHETIC_TEACHING_FIXTURE
SYN_TRAJ_055	7	110.07	133.8887	133.8887	observed	0.3076	SYNTHETIC_TEACHING_FIXTURE
SYN_TRAJ_055	8	110.08	135.6966	135.6966	observed	0.6388	SYNTHETIC_TEACHING_FIXTURE
SYN_TRAJ_055	9	110.09	135.5832	135.5832	observed	0.6329	SYNTHETIC_TEACHING_FIXTURE
SYN_TRAJ_055	10	110.1	141.382	141.382	observed	0.3971	SYNTHETIC_TEACHING_FIXTURE
SYN_TRAJ_055	11	110.11	147.4324	147.4324	observed	0.3477	SYNTHETIC_TEACHING_FIXTURE
SYN_TRAJ_055	12	110.12	151.9856	151.9856	observed	0.8934	SYNTHETIC_TEACHING_FIXTURE
SYN_TRAJ_055	13	110.13	152.3493	152.3493	observed	0.5289	SYNTHETIC_TEACHING_FIXTURE
SYN_TRAJ_055	14	110.14	154.6646	154.6646	observed	0.807	SYNTHETIC_TEACHING_FIXTURE
SYN_TRAJ_055	15	110.15	156.4666	156.4666	observed	0.9809	SYNTHETIC_TEACHING_FIXTURE
SYN_TRAJ_055	16	110.16	158.0449	158.0449	observed	0.8067	SYNTHETIC_TEACHING_FIXTURE
SYN_TRAJ_055	17	110.17	152.7283	152.7283	observed	0.5927	SYNTHETIC_TEACHING_FIXTURE
SYN_TRAJ_055	18	110.18	150.0782	150.0782	observed	0.8382	SYNTHETIC_TEACHING_FIXTURE
SYN_TRAJ_055	19	110.19	146.8894	146.8894	observed	0.299	SYNTHETIC_TEACHING_FIXTURE
SYN_TRAJ_055	20	110.2	144.8819	144.8819	observed	0.5317	SYNTHETIC_TEACHING_FIXTURE
SYN_TRAJ_055	21	110.21	142.8919	142.8919	observed	0.7939	SYNTHETIC_TEACHING_FIXTURE
SYN_TRAJ_055	22	110.22	137.3404	137.3404	observed	0.4231	SYNTHETIC_TEACHING_FIXTURE
SYN_TRAJ_055	23	110.23	134.2085	134.2085	observed	0.5835	SYNTHETIC_TEACHING_FIXTURE
SYN_TRAJ_055	24	110.24	133.6204	133.6204	observed	0.5251	SYNTHETIC_TEACHING_FIXTURE
SYN_TRAJ_055	25	110.25	134.5547	134.5547	observed	0.4182	SYNTHETIC_TEACHING_FIXTURE
SYN_TRAJ_055	26	110.26			structural_unvoiced		SYNTHETIC_TEACHING_FIXTURE
SYN_TRAJ_055	27	110.27			structural_unvoiced		SYNTHETIC_TEACHING_FIXTURE
SYN_TRAJ_055	28	110.28			structural_unvoiced		SYNTHETIC_TEACHING_FIXTURE
SYN_TRAJ_056	0	112.0	135.3785	135.3785	observed	0.7883	SYNTHETIC_TEACHING_FIXTURE
SYN_TRAJ_056	1	112.01	138.4576	138.4576	observed	0.6856	SYNTHETIC_TEACHING_FIXTURE
SYN_TRAJ_056	2	112.02	142.8061	142.8061	observed	0.9581	SYNTHETIC_TEACHING_FIXTURE
SYN_TRAJ_056	3	112.03	144.2366	144.2366	observed	0.6532	SYNTHETIC_TEACHING_FIXTURE
SYN_TRAJ_056	4	112.04	142.2919	142.2919	observed	0.9733	SYNTHETIC_TEACHING_FIXTURE
SYN_TRAJ_056	5	112.05	140.3126	140.3126	observed	0.5832	SYNTHETIC_TEACHING_FIXTURE
SYN_TRAJ_056	6	112.06	139.277	139.277	observed	0.3698	SYNTHETIC_TEACHING_FIXTURE
SYN_TRAJ_056	7	112.07	139.1585	139.1585	observed	0.8241	SYNTHETIC_TEACHING_FIXTURE
SYN_TRAJ_056	8	112.08	142.6657	142.6657	observed	0.2629	SYNTHETIC_TEACHING_FIXTURE
SYN_TRAJ_056	9	112.09	144.9226	144.9226	observed	0.4381	SYNTHETIC_TEACHING_FIXTURE
SYN_TRAJ_056	10	112.1	146.7397	146.7397	observed	0.5731	SYNTHETIC_TEACHING_FIXTURE
SYN_TRAJ_056	11	112.11	146.1121	146.1121	observed	0.8325	SYNTHETIC_TEACHING_FIXTURE
SYN_TRAJ_056	12	112.12	148.4708	148.4708	observed	0.905	SYNTHETIC_TEACHING_FIXTURE
SYN_TRAJ_056	13	112.13	154.7174	154.7174	observed	0.5705	SYNTHETIC_TEACHING_FIXTURE
SYN_TRAJ_056	14	112.14	153.4327	153.4327	observed	0.806	SYNTHETIC_TEACHING_FIXTURE
SYN_TRAJ_056	15	112.15	154.0096	154.0096	observed	0.9344	SYNTHETIC_TEACHING_FIXTURE
SYN_TRAJ_056	16	112.16	154.514	154.514	observed	0.2798	SYNTHETIC_TEACHING_FIXTURE
SYN_TRAJ_056	17	112.17	157.3725	157.3725	observed	0.9343	SYNTHETIC_TEACHING_FIXTURE
SYN_TRAJ_056	18	112.18	156.4842	156.4842	observed	0.5567	SYNTHETIC_TEACHING_FIXTURE
SYN_TRAJ_056	19	112.19	158.1556	158.1556	observed	0.8863	SYNTHETIC_TEACHING_FIXTURE
SYN_TRAJ_056	20	112.2	157.7741		estimator_failure		SYNTHETIC_TEACHING_FIXTURE
SYN_TRAJ_056	21	112.21	153.4867	153.4867	observed	0.6034	SYNTHETIC_TEACHING_FIXTURE
SYN_TRAJ_056	22	112.22	151.8802	151.8802	observed	0.6887	SYNTHETIC_TEACHING_FIXTURE
SYN_TRAJ_056	23	112.23	151.8476	151.8476	observed	0.6767	SYNTHETIC_TEACHING_FIXTURE
SYN_TRAJ_056	24	112.24	148.0576	148.0576	observed	0.4362	SYNTHETIC_TEACHING_FIXTURE
SYN_TRAJ_056	25	112.25	147.5761	147.5761	observed	0.2733	SYNTHETIC_TEACHING_FIXTURE
SYN_TRAJ_056	26	112.26	144.088	144.088	observed	0.6597	SYNTHETIC_TEACHING_FIXTURE
SYN_TRAJ_056	27	112.27	142.7292	142.7292	observed	0.7831	SYNTHETIC_TEACHING_FIXTURE
SYN_TRAJ_056	28	112.28	140.7405	140.7405	observed	0.4093	SYNTHETIC_TEACHING_FIXTURE
SYN_TRAJ_056	29	112.29	140.1138	140.1138	observed	0.794	SYNTHETIC_TEACHING_FIXTURE
SYN_TRAJ_056	30	112.3	141.0396	141.0396	observed	0.9259	SYNTHETIC_TEACHING_FIXTURE
SYN_TRAJ_056	31	112.31	138.1162	138.1162	observed	0.6537	SYNTHETIC_TEACHING_FIXTURE
SYN_TRAJ_056	32	112.32	135.2959	135.2959	observed	0.6469	SYNTHETIC_TEACHING_FIXTURE
SYN_TRAJ_056	33	112.33	138.0567	138.0567	observed	0.3303	SYNTHETIC_TEACHING_FIXTURE
SYN_TRAJ_056	34	112.34	137.0317	137.0317	observed	0.808	SYNTHETIC_TEACHING_FIXTURE
SYN_TRAJ_056	35	112.35	136.4406	136.4406	observed	0.5589	SYNTHETIC_TEACHING_FIXTURE
SYN_TRAJ_056	36	112.36	133.5952	133.5952	observed	0.5772	SYNTHETIC_TEACHING_FIXTURE
SYN_TRAJ_056	37	112.37	129.6904	129.6904	observed	0.3588	SYNTHETIC_TEACHING_FIXTURE
SYN_TRAJ_056	38	112.38	130.8038	130.8038	observed	0.5233	SYNTHETIC_TEACHING_FIXTURE
SYN_TRAJ_056	39	112.39	131.1938	131.1938	observed	0.3216	SYNTHETIC_TEACHING_FIXTURE
SYN_TRAJ_056	40	112.4	128.487	128.487	observed	0.6835	SYNTHETIC_TEACHING_FIXTURE
SYN_TRAJ_056	41	112.41	128.3301	128.3301	observed	0.5431	SYNTHETIC_TEACHING_FIXTURE
SYN_TRAJ_056	42	112.42	129.8885	129.8885	observed	0.7102	SYNTHETIC_TEACHING_FIXTURE
SYN_TRAJ_056	43	112.43	131.9883	131.9883	observed	0.8147	SYNTHETIC_TEACHING_FIXTURE
SYN_TRAJ_057	0	114.0	132.8464	132.8464	observed	0.2681	SYNTHETIC_TEACHING_FIXTURE
SYN_TRAJ_057	1	114.01	134.0548	134.0548	observed	0.4473	SYNTHETIC_TEACHING_FIXTURE
SYN_TRAJ_057	2	114.02	134.3088	134.3088	observed	0.7717	SYNTHETIC_TEACHING_FIXTURE
SYN_TRAJ_057	3	114.03	135.1038	135.1038	observed	0.4828	SYNTHETIC_TEACHING_FIXTURE
SYN_TRAJ_057	4	114.04	136.184	136.184	observed	0.5132	SYNTHETIC_TEACHING_FIXTURE
SYN_TRAJ_057	5	114.05	139.3857	139.3857	observed	0.5918	SYNTHETIC_TEACHING_FIXTURE
SYN_TRAJ_057	6	114.06	136.6008	136.6008	observed	0.7871	SYNTHETIC_TEACHING_FIXTURE
SYN_TRAJ_057	7	114.07	135.1091	135.1091	observed	0.6446	SYNTHETIC_TEACHING_FIXTURE
SYN_TRAJ_057	8	114.08	140.1741	140.1741	observed	0.857	SYNTHETIC_TEACHING_FIXTURE
SYN_TRAJ_057	9	114.09	138.2659	138.2659	observed	0.486	SYNTHETIC_TEACHING_FIXTURE
SYN_TRAJ_057	10	114.1	140.8807	140.8807	observed	0.8844	SYNTHETIC_TEACHING_FIXTURE
SYN_TRAJ_057	11	114.11	141.0053	141.0053	observed	0.5074	SYNTHETIC_TEACHING_FIXTURE
SYN_TRAJ_057	12	114.12	144.8939	144.8939	observed	0.7434	SYNTHETIC_TEACHING_FIXTURE
SYN_TRAJ_057	13	114.13	145.0957	145.0957	observed	0.7839	SYNTHETIC_TEACHING_FIXTURE
SYN_TRAJ_057	14	114.14	149.8442	149.8442	observed	0.5849	SYNTHETIC_TEACHING_FIXTURE
SYN_TRAJ_057	15	114.15	152.8027	152.8027	observed	0.7927	SYNTHETIC_TEACHING_FIXTURE
SYN_TRAJ_057	16	114.16	152.9717	152.9717	observed	0.2876	SYNTHETIC_TEACHING_FIXTURE
SYN_TRAJ_057	17	114.17	160.1205	160.1205	observed	0.5249	SYNTHETIC_TEACHING_FIXTURE
SYN_TRAJ_057	18	114.18	159.5088	159.5088	observed	0.8979	SYNTHETIC_TEACHING_FIXTURE
SYN_TRAJ_057	19	114.19	151.7831	151.7831	observed	0.3873	SYNTHETIC_TEACHING_FIXTURE
SYN_TRAJ_057	20	114.2	146.1309	146.1309	observed	0.6081	SYNTHETIC_TEACHING_FIXTURE
SYN_TRAJ_057	21	114.21	145.3622	145.3622	observed	0.5251	SYNTHETIC_TEACHING_FIXTURE
SYN_TRAJ_057	22	114.22	139.498	139.498	observed	0.5265	SYNTHETIC_TEACHING_FIXTURE
SYN_TRAJ_057	23	114.23	135.6266	135.6266	observed	0.6294	SYNTHETIC_TEACHING_FIXTURE
SYN_TRAJ_057	24	114.24	137.6452	137.6452	observed	0.5924	SYNTHETIC_TEACHING_FIXTURE
SYN_TRAJ_057	25	114.25	135.2812	135.2812	observed	0.7544	SYNTHETIC_TEACHING_FIXTURE
SYN_TRAJ_057	26	114.26	129.5538	129.5538	observed	0.4835	SYNTHETIC_TEACHING_FIXTURE
SYN_TRAJ_057	27	114.27	126.0786	126.0786	observed	0.3009	SYNTHETIC_TEACHING_FIXTURE
SYN_TRAJ_057	28	114.28	124.8619	124.8619	observed	0.9135	SYNTHETIC_TEACHING_FIXTURE
SYN_TRAJ_057	29	114.29	126.1765	126.1765	observed	0.8517	SYNTHETIC_TEACHING_FIXTURE
SYN_TRAJ_057	30	114.3	126.5786	126.5786	observed	0.4727	SYNTHETIC_TEACHING_FIXTURE
SYN_TRAJ_058	0	116.0	138.0976	138.0976	observed	0.6917	SYNTHETIC_TEACHING_FIXTURE
SYN_TRAJ_058	1	116.01	139.2513	139.2513	observed	0.8361	SYNTHETIC_TEACHING_FIXTURE
SYN_TRAJ_058	2	116.02	137.404	137.404	observed	0.3836	SYNTHETIC_TEACHING_FIXTURE
SYN_TRAJ_058	3	116.03	137.0705	137.0705	observed	0.5435	SYNTHETIC_TEACHING_FIXTURE
SYN_TRAJ_058	4	116.04	139.5074	139.5074	observed	0.5256	SYNTHETIC_TEACHING_FIXTURE
SYN_TRAJ_058	5	116.05	134.3404	134.3404	observed	0.963	SYNTHETIC_TEACHING_FIXTURE
SYN_TRAJ_058	6	116.06	135.1294	135.1294	observed	0.4839	SYNTHETIC_TEACHING_FIXTURE
SYN_TRAJ_058	7	116.07	138.4155	138.4155	observed	0.5449	SYNTHETIC_TEACHING_FIXTURE
SYN_TRAJ_058	8	116.08	137.8866	137.8866	observed	0.5145	SYNTHETIC_TEACHING_FIXTURE
SYN_TRAJ_058	9	116.09	145.8622	145.8622	observed	0.8012	SYNTHETIC_TEACHING_FIXTURE
SYN_TRAJ_058	10	116.1	143.4364	143.4364	observed	0.8595	SYNTHETIC_TEACHING_FIXTURE
SYN_TRAJ_058	11	116.11	145.8644	145.8644	observed	0.9728	SYNTHETIC_TEACHING_FIXTURE
SYN_TRAJ_058	12	116.12	149.6425	149.6425	observed	0.6456	SYNTHETIC_TEACHING_FIXTURE
SYN_TRAJ_058	13	116.13	151.7543	151.7543	observed	0.6738	SYNTHETIC_TEACHING_FIXTURE
SYN_TRAJ_058	14	116.14	151.3976	151.3976	observed	0.4918	SYNTHETIC_TEACHING_FIXTURE
SYN_TRAJ_058	15	116.15	152.595	152.595	observed	0.848	SYNTHETIC_TEACHING_FIXTURE
SYN_TRAJ_058	16	116.16	148.9495	148.9495	observed	0.4207	SYNTHETIC_TEACHING_FIXTURE
SYN_TRAJ_058	17	116.17	146.2984	146.2984	observed	0.3884	SYNTHETIC_TEACHING_FIXTURE
SYN_TRAJ_058	18	116.18	148.7143	148.7143	observed	0.5927	SYNTHETIC_TEACHING_FIXTURE
SYN_TRAJ_058	19	116.19	152.9019	152.9019	observed	0.9161	SYNTHETIC_TEACHING_FIXTURE
SYN_TRAJ_058	20	116.2	153.0942	153.0942	observed	0.2594	SYNTHETIC_TEACHING_FIXTURE
SYN_TRAJ_058	21	116.21	152.1228	152.1228	observed	0.3987	SYNTHETIC_TEACHING_FIXTURE
SYN_TRAJ_058	22	116.22	151.458	151.458	observed	0.8322	SYNTHETIC_TEACHING_FIXTURE
SYN_TRAJ_058	23	116.23	154.349	154.349	observed	0.9195	SYNTHETIC_TEACHING_FIXTURE
SYN_TRAJ_058	24	116.24	156.3018	156.3018	observed	0.664	SYNTHETIC_TEACHING_FIXTURE
SYN_TRAJ_058	25	116.25	153.2711	153.2711	observed	0.2501	SYNTHETIC_TEACHING_FIXTURE
SYN_TRAJ_058	26	116.26	152.0755	152.0755	observed	0.3194	SYNTHETIC_TEACHING_FIXTURE
SYN_TRAJ_058	27	116.27	147.7075	147.7075	observed	0.9878	SYNTHETIC_TEACHING_FIXTURE
SYN_TRAJ_058	28	116.28	147.737	147.737	observed	0.3193	SYNTHETIC_TEACHING_FIXTURE
SYN_TRAJ_058	29	116.29	143.0875	143.0875	observed	0.8771	SYNTHETIC_TEACHING_FIXTURE
SYN_TRAJ_058	30	116.3	140.4254	140.4254	observed	0.6623	SYNTHETIC_TEACHING_FIXTURE
SYN_TRAJ_058	31	116.31	139.554	139.554	observed	0.6127	SYNTHETIC_TEACHING_FIXTURE
SYN_TRAJ_058	32	116.32	137.5281	137.5281	observed	0.5925	SYNTHETIC_TEACHING_FIXTURE
SYN_TRAJ_058	33	116.33	136.6962	136.6962	observed	0.835	SYNTHETIC_TEACHING_FIXTURE
SYN_TRAJ_058	34	116.34	134.9448	134.9448	observed	0.4841	SYNTHETIC_TEACHING_FIXTURE
SYN_TRAJ_058	35	116.35	132.8213	132.8213	observed	0.7664	SYNTHETIC_TEACHING_FIXTURE
SYN_TRAJ_058	36	116.36	133.4884	133.4884	observed	0.525	SYNTHETIC_TEACHING_FIXTURE
SYN_TRAJ_058	37	116.37	131.044	131.044	observed	0.3412	SYNTHETIC_TEACHING_FIXTURE
SYN_TRAJ_058	38	116.38	127.932	127.932	observed	0.4016	SYNTHETIC_TEACHING_FIXTURE
SYN_TRAJ_058	39	116.39	125.9625	125.9625	observed	0.3407	SYNTHETIC_TEACHING_FIXTURE
SYN_TRAJ_058	40	116.4	128.6473	128.6473	observed	0.2804	SYNTHETIC_TEACHING_FIXTURE
SYN_TRAJ_058	41	116.41	131.1565	131.1565	observed	0.9692	SYNTHETIC_TEACHING_FIXTURE
SYN_TRAJ_058	42	116.42	133.781	133.781	observed	0.8532	SYNTHETIC_TEACHING_FIXTURE
SYN_TRAJ_058	43	116.43	128.8009	128.8009	observed	0.7494	SYNTHETIC_TEACHING_FIXTURE
SYN_TRAJ_058	44	116.44	127.8611	127.8611	observed	0.6558	SYNTHETIC_TEACHING_FIXTURE
SYN_TRAJ_058	45	116.45	125.1407	125.1407	observed	0.3396	SYNTHETIC_TEACHING_FIXTURE
SYN_TRAJ_058	46	116.46	125.4062	125.4062	observed	0.8481	SYNTHETIC_TEACHING_FIXTURE
SYN_TRAJ_058	47	116.47	125.3009	125.3009	observed	0.3961	SYNTHETIC_TEACHING_FIXTURE
SYN_TRAJ_058	48	116.48	125.6042	125.6042	observed	0.4249	SYNTHETIC_TEACHING_FIXTURE
SYN_TRAJ_059	0	118.0	137.1711	137.1711	observed	0.6091	SYNTHETIC_TEACHING_FIXTURE
SYN_TRAJ_059	1	118.01	139.7981	139.7981	observed	0.5712	SYNTHETIC_TEACHING_FIXTURE
SYN_TRAJ_059	2	118.02	136.3695	136.3695	observed	0.3591	SYNTHETIC_TEACHING_FIXTURE
SYN_TRAJ_059	3	118.03	135.8809	135.8809	observed	0.5287	SYNTHETIC_TEACHING_FIXTURE
SYN_TRAJ_059	4	118.04	136.1483	136.1483	observed	0.5119	SYNTHETIC_TEACHING_FIXTURE
SYN_TRAJ_059	5	118.05	134.2994	134.2994	observed	0.9888	SYNTHETIC_TEACHING_FIXTURE
SYN_TRAJ_059	6	118.06	136.5295	136.5295	observed	0.8832	SYNTHETIC_TEACHING_FIXTURE
SYN_TRAJ_059	7	118.07	137.4893	137.4893	observed	0.4583	SYNTHETIC_TEACHING_FIXTURE
SYN_TRAJ_059	8	118.08	137.6393	137.6393	observed	0.903	SYNTHETIC_TEACHING_FIXTURE
SYN_TRAJ_059	9	118.09	138.5981	138.5981	observed	0.7419	SYNTHETIC_TEACHING_FIXTURE
SYN_TRAJ_059	10	118.1	142.0061	142.0061	observed	0.8897	SYNTHETIC_TEACHING_FIXTURE
SYN_TRAJ_059	11	118.11	140.5911	140.5911	observed	0.5627	SYNTHETIC_TEACHING_FIXTURE
SYN_TRAJ_059	12	118.12	142.2757	142.2757	observed	0.7213	SYNTHETIC_TEACHING_FIXTURE
SYN_TRAJ_059	13	118.13	146.4781	146.4781	observed	0.3246	SYNTHETIC_TEACHING_FIXTURE
SYN_TRAJ_059	14	118.14	148.3424	148.3424	observed	0.5001	SYNTHETIC_TEACHING_FIXTURE
SYN_TRAJ_059	15	118.15	152.5769	152.5769	observed	0.459	SYNTHETIC_TEACHING_FIXTURE
SYN_TRAJ_059	16	118.16	153.164		quality_rejection		SYNTHETIC_TEACHING_FIXTURE
SYN_TRAJ_059	17	118.17	157.4574	157.4574	observed	0.588	SYNTHETIC_TEACHING_FIXTURE
SYN_TRAJ_059	18	118.18	156.2371	156.2371	observed	0.527	SYNTHETIC_TEACHING_FIXTURE
SYN_TRAJ_059	19	118.19	151.5764	151.5764	observed	0.507	SYNTHETIC_TEACHING_FIXTURE
SYN_TRAJ_059	20	118.2	148.8781	148.8781	observed	0.3398	SYNTHETIC_TEACHING_FIXTURE
SYN_TRAJ_059	21	118.21	144.8624	144.8624	observed	0.3619	SYNTHETIC_TEACHING_FIXTURE
SYN_TRAJ_059	22	118.22	146.2531	146.2531	observed	0.434	SYNTHETIC_TEACHING_FIXTURE
SYN_TRAJ_059	23	118.23	143.2499	143.2499	observed	0.8309	SYNTHETIC_TEACHING_FIXTURE
SYN_TRAJ_059	24	118.24	143.1726	143.1726	observed	0.3847	SYNTHETIC_TEACHING_FIXTURE
SYN_TRAJ_059	25	118.25	138.7677	138.7677	observed	0.7077	SYNTHETIC_TEACHING_FIXTURE
SYN_TRAJ_059	26	118.26	135.9146	135.9146	observed	0.3403	SYNTHETIC_TEACHING_FIXTURE
SYN_TRAJ_059	27	118.27	130.4736	130.4736	observed	0.4415	SYNTHETIC_TEACHING_FIXTURE
SYN_TRAJ_059	28	118.28	127.3814	127.3814	observed	0.5794	SYNTHETIC_TEACHING_FIXTURE
SYN_TRAJ_059	29	118.29	125.7387	125.7387	observed	0.7134	SYNTHETIC_TEACHING_FIXTURE
SYN_TRAJ_059	30	118.3	123.8717	123.8717	observed	0.3654	SYNTHETIC_TEACHING_FIXTURE
SYN_TRAJ_059	31	118.31	125.5742	125.5742	observed	0.4981	SYNTHETIC_TEACHING_FIXTURE
SYN_TRAJ_060	0	120.0			structural_unvoiced		SYNTHETIC_TEACHING_FIXTURE
SYN_TRAJ_060	1	120.01			structural_unvoiced		SYNTHETIC_TEACHING_FIXTURE
SYN_TRAJ_060	2	120.02			structural_unvoiced		SYNTHETIC_TEACHING_FIXTURE
SYN_TRAJ_060	3	120.03	142.6957	142.6957	observed	0.5313	SYNTHETIC_TEACHING_FIXTURE
SYN_TRAJ_060	4	120.04	137.7521	137.7521	observed	0.481	SYNTHETIC_TEACHING_FIXTURE
SYN_TRAJ_060	5	120.05	137.2872	137.2872	observed	0.5583	SYNTHETIC_TEACHING_FIXTURE
SYN_TRAJ_060	6	120.06	138.1999	138.1999	observed	0.636	SYNTHETIC_TEACHING_FIXTURE
SYN_TRAJ_060	7	120.07	145.3182		estimator_failure		SYNTHETIC_TEACHING_FIXTURE
SYN_TRAJ_060	8	120.08	148.2611	148.2611	observed	0.4972	SYNTHETIC_TEACHING_FIXTURE
SYN_TRAJ_060	9	120.09	147.9	147.9	observed	0.6855	SYNTHETIC_TEACHING_FIXTURE
SYN_TRAJ_060	10	120.1	150.2797	150.2797	observed	0.2576	SYNTHETIC_TEACHING_FIXTURE
SYN_TRAJ_060	11	120.11	149.6719	149.6719	observed	0.791	SYNTHETIC_TEACHING_FIXTURE
SYN_TRAJ_060	12	120.12	152.8583	152.8583	observed	0.6872	SYNTHETIC_TEACHING_FIXTURE
SYN_TRAJ_060	13	120.13	153.3457	153.3457	observed	0.727	SYNTHETIC_TEACHING_FIXTURE
SYN_TRAJ_060	14	120.14	154.5289	154.5289	observed	0.6098	SYNTHETIC_TEACHING_FIXTURE
SYN_TRAJ_060	15	120.15	154.5451	154.5451	observed	0.4888	SYNTHETIC_TEACHING_FIXTURE
SYN_TRAJ_060	16	120.16	155.6184	155.6184	observed	0.9344	SYNTHETIC_TEACHING_FIXTURE
SYN_TRAJ_060	17	120.17	158.6251	158.6251	observed	0.4925	SYNTHETIC_TEACHING_FIXTURE
SYN_TRAJ_060	18	120.18	158.084	158.084	observed	0.9135	SYNTHETIC_TEACHING_FIXTURE
SYN_TRAJ_060	19	120.19	157.2051	157.2051	observed	0.5235	SYNTHETIC_TEACHING_FIXTURE
SYN_TRAJ_060	20	120.2	155.2847	155.2847	observed	0.6309	SYNTHETIC_TEACHING_FIXTURE
SYN_TRAJ_060	21	120.21	158.4129	158.4129	observed	0.352	SYNTHETIC_TEACHING_FIXTURE
SYN_TRAJ_060	22	120.22	156.1035	156.1035	observed	0.6755	SYNTHETIC_TEACHING_FIXTURE
SYN_TRAJ_060	23	120.23	152.6315	152.6315	observed	0.3292	SYNTHETIC_TEACHING_FIXTURE
SYN_TRAJ_060	24	120.24	150.6747	150.6747	observed	0.7177	SYNTHETIC_TEACHING_FIXTURE
SYN_TRAJ_060	25	120.25	147.4839	147.4839	observed	0.5551	SYNTHETIC_TEACHING_FIXTURE
SYN_TRAJ_060	26	120.26	143.4234	143.4234	observed	0.3206	SYNTHETIC_TEACHING_FIXTURE
SYN_TRAJ_060	27	120.27	139.8211	139.8211	observed	0.9397	SYNTHETIC_TEACHING_FIXTURE
SYN_TRAJ_060	28	120.28	139.9894	139.9894	observed	0.3681	SYNTHETIC_TEACHING_FIXTURE
SYN_TRAJ_060	29	120.29	138.9207	138.9207	observed	0.4257	SYNTHETIC_TEACHING_FIXTURE
SYN_TRAJ_060	30	120.3	140.484	140.484	observed	0.7921	SYNTHETIC_TEACHING_FIXTURE
SYN_TRAJ_060	31	120.31	138.8439	138.8439	observed	0.5354	SYNTHETIC_TEACHING_FIXTURE
SYN_TRAJ_060	32	120.32	136.3255	136.3255	observed	0.2704	SYNTHETIC_TEACHING_FIXTURE
SYN_TRAJ_060	33	120.33	135.9138	135.9138	observed	0.2781	SYNTHETIC_TEACHING_FIXTURE
SYN_TRAJ_060	34	120.34	135.2113	135.2113	observed	0.57	SYNTHETIC_TEACHING_FIXTURE
SYN_TRAJ_060	35	120.35	134.6071	134.6071	observed	0.8718	SYNTHETIC_TEACHING_FIXTURE
SYN_TRAJ_060	36	120.36	130.9716	130.9716	observed	0.7178	SYNTHETIC_TEACHING_FIXTURE
SYN_TRAJ_060	37	120.37	128.7371	128.7371	observed	0.267	SYNTHETIC_TEACHING_FIXTURE
SYN_TRAJ_060	38	120.38	128.5013	128.5013	observed	0.294	SYNTHETIC_TEACHING_FIXTURE
SYN_TRAJ_060	39	120.39	129.6758	129.6758	observed	0.2585	SYNTHETIC_TEACHING_FIXTURE
SYN_TRAJ_060	40	120.4	126.6266	126.6266	observed	0.731	SYNTHETIC_TEACHING_FIXTURE
SYN_TRAJ_060	41	120.41	128.0524	128.0524	observed	0.2743	SYNTHETIC_TEACHING_FIXTURE
SYN_TRAJ_060	42	120.42			structural_unvoiced		SYNTHETIC_TEACHING_FIXTURE
SYN_TRAJ_060	43	120.43			structural_unvoiced		SYNTHETIC_TEACHING_FIXTURE
SYN_TRAJ_060	44	120.44			structural_unvoiced		SYNTHETIC_TEACHING_FIXTURE
SYN_TRAJ_061	0	122.0	136.3604	136.3604	observed	0.7615	SYNTHETIC_TEACHING_FIXTURE
SYN_TRAJ_061	1	122.01	135.6516	135.6516	observed	0.2579	SYNTHETIC_TEACHING_FIXTURE
SYN_TRAJ_061	2	122.02	139.5465	139.5465	observed	0.3957	SYNTHETIC_TEACHING_FIXTURE
SYN_TRAJ_061	3	122.03	135.5947	135.5947	observed	0.7841	SYNTHETIC_TEACHING_FIXTURE
SYN_TRAJ_061	4	122.04	136.4864	136.4864	observed	0.8473	SYNTHETIC_TEACHING_FIXTURE
SYN_TRAJ_061	5	122.05	136.4684	136.4684	observed	0.7919	SYNTHETIC_TEACHING_FIXTURE
SYN_TRAJ_061	6	122.06	136.5071	136.5071	observed	0.4699	SYNTHETIC_TEACHING_FIXTURE
SYN_TRAJ_061	7	122.07	136.399	136.399	observed	0.5589	SYNTHETIC_TEACHING_FIXTURE
SYN_TRAJ_061	8	122.08	135.4385	135.4385	observed	0.4671	SYNTHETIC_TEACHING_FIXTURE
SYN_TRAJ_061	9	122.09	136.6293	136.6293	observed	0.7474	SYNTHETIC_TEACHING_FIXTURE
SYN_TRAJ_061	10	122.1	142.1172	142.1172	observed	0.302	SYNTHETIC_TEACHING_FIXTURE
SYN_TRAJ_061	11	122.11	141.6066	141.6066	observed	0.8351	SYNTHETIC_TEACHING_FIXTURE
SYN_TRAJ_061	12	122.12	142.5074	142.5074	observed	0.7504	SYNTHETIC_TEACHING_FIXTURE
SYN_TRAJ_061	13	122.13	146.6808	146.6808	observed	0.3495	SYNTHETIC_TEACHING_FIXTURE
SYN_TRAJ_061	14	122.14	152.4731	152.4731	observed	0.3658	SYNTHETIC_TEACHING_FIXTURE
SYN_TRAJ_061	15	122.15	151.9623	151.9623	observed	0.8222	SYNTHETIC_TEACHING_FIXTURE
SYN_TRAJ_061	16	122.16	154.8514	154.8514	observed	0.7407	SYNTHETIC_TEACHING_FIXTURE
SYN_TRAJ_061	17	122.17	159.3865	159.3865	observed	0.4667	SYNTHETIC_TEACHING_FIXTURE
SYN_TRAJ_061	18	122.18	156.1697	156.1697	observed	0.593	SYNTHETIC_TEACHING_FIXTURE
SYN_TRAJ_061	19	122.19	156.1964	156.1964	observed	0.4624	SYNTHETIC_TEACHING_FIXTURE
SYN_TRAJ_061	20	122.2	154.9124	154.9124	observed	0.3406	SYNTHETIC_TEACHING_FIXTURE
SYN_TRAJ_061	21	122.21	153.6163	153.6163	observed	0.3361	SYNTHETIC_TEACHING_FIXTURE
SYN_TRAJ_061	22	122.22	147.6106	147.6106	observed	0.8039	SYNTHETIC_TEACHING_FIXTURE
SYN_TRAJ_061	23	122.23	144.5359	144.5359	observed	0.3715	SYNTHETIC_TEACHING_FIXTURE
SYN_TRAJ_061	24	122.24	143.688	143.688	observed	0.2654	SYNTHETIC_TEACHING_FIXTURE
SYN_TRAJ_061	25	122.25	137.6634	137.6634	observed	0.6219	SYNTHETIC_TEACHING_FIXTURE
SYN_TRAJ_061	26	122.26	137.4931	137.4931	observed	0.454	SYNTHETIC_TEACHING_FIXTURE
SYN_TRAJ_061	27	122.27	131.4602	131.4602	observed	0.7973	SYNTHETIC_TEACHING_FIXTURE
SYN_TRAJ_061	28	122.28	128.7993	128.7993	observed	0.4939	SYNTHETIC_TEACHING_FIXTURE
SYN_TRAJ_061	29	122.29	129.1353		estimator_failure		SYNTHETIC_TEACHING_FIXTURE
SYN_TRAJ_061	30	122.3	126.2376	126.2376	observed	0.4223	SYNTHETIC_TEACHING_FIXTURE
SYN_TRAJ_062	0	124.0	140.4932	140.4932	observed	0.6796	SYNTHETIC_TEACHING_FIXTURE
SYN_TRAJ_062	1	124.01	140.1162	140.1162	observed	0.787	SYNTHETIC_TEACHING_FIXTURE
SYN_TRAJ_062	2	124.02	141.5244	141.5244	observed	0.4692	SYNTHETIC_TEACHING_FIXTURE
SYN_TRAJ_062	3	124.03	144.0581	144.0581	observed	0.971	SYNTHETIC_TEACHING_FIXTURE
SYN_TRAJ_062	4	124.04	143.5825	143.5825	observed	0.8637	SYNTHETIC_TEACHING_FIXTURE
SYN_TRAJ_062	5	124.05	143.3537	143.3537	observed	0.8792	SYNTHETIC_TEACHING_FIXTURE
SYN_TRAJ_062	6	124.06	141.978	141.978	observed	0.4691	SYNTHETIC_TEACHING_FIXTURE
SYN_TRAJ_062	7	124.07	142.4292	142.4292	observed	0.74	SYNTHETIC_TEACHING_FIXTURE
SYN_TRAJ_062	8	124.08	145.3888	145.3888	observed	0.7537	SYNTHETIC_TEACHING_FIXTURE
SYN_TRAJ_062	9	124.09	144.976	144.976	observed	0.5085	SYNTHETIC_TEACHING_FIXTURE
SYN_TRAJ_062	10	124.1	145.3973	145.3973	observed	0.7804	SYNTHETIC_TEACHING_FIXTURE
SYN_TRAJ_062	11	124.11	145.2456	145.2456	observed	0.2708	SYNTHETIC_TEACHING_FIXTURE
SYN_TRAJ_062	12	124.12	149.3955	149.3955	observed	0.5494	SYNTHETIC_TEACHING_FIXTURE
SYN_TRAJ_062	13	124.13	149.1766	149.1766	observed	0.8729	SYNTHETIC_TEACHING_FIXTURE
SYN_TRAJ_062	14	124.14	149.2895	149.2895	observed	0.649	SYNTHETIC_TEACHING_FIXTURE
SYN_TRAJ_062	15	124.15	153.6417	153.6417	observed	0.3949	SYNTHETIC_TEACHING_FIXTURE
SYN_TRAJ_062	16	124.16	154.966	154.966	observed	0.5867	SYNTHETIC_TEACHING_FIXTURE
SYN_TRAJ_062	17	124.17	153.7886	153.7886	observed	0.7866	SYNTHETIC_TEACHING_FIXTURE
SYN_TRAJ_062	18	124.18	154.9933	154.9933	observed	0.449	SYNTHETIC_TEACHING_FIXTURE
SYN_TRAJ_062	19	124.19	153.6681	153.6681	observed	0.9419	SYNTHETIC_TEACHING_FIXTURE
SYN_TRAJ_062	20	124.2	152.7047	152.7047	observed	0.4651	SYNTHETIC_TEACHING_FIXTURE
SYN_TRAJ_062	21	124.21	154.3758	154.3758	observed	0.9838	SYNTHETIC_TEACHING_FIXTURE
SYN_TRAJ_062	22	124.22	159.8728	159.8728	observed	0.4928	SYNTHETIC_TEACHING_FIXTURE
SYN_TRAJ_062	23	124.23	157.9117	157.9117	observed	0.5556	SYNTHETIC_TEACHING_FIXTURE
SYN_TRAJ_062	24	124.24	158.0759	158.0759	observed	0.5847	SYNTHETIC_TEACHING_FIXTURE
SYN_TRAJ_062	25	124.25	156.1076	156.1076	observed	0.3212	SYNTHETIC_TEACHING_FIXTURE
SYN_TRAJ_062	26	124.26	154.1096	154.1096	observed	0.7947	SYNTHETIC_TEACHING_FIXTURE
SYN_TRAJ_062	27	124.27	154.1716	154.1716	observed	0.5673	SYNTHETIC_TEACHING_FIXTURE
SYN_TRAJ_062	28	124.28	151.8883	151.8883	observed	0.6332	SYNTHETIC_TEACHING_FIXTURE
SYN_TRAJ_062	29	124.29	151.8056	151.8056	observed	0.3418	SYNTHETIC_TEACHING_FIXTURE
SYN_TRAJ_062	30	124.3	149.2586	149.2586	observed	0.6411	SYNTHETIC_TEACHING_FIXTURE
SYN_TRAJ_062	31	124.31	146.8295	146.8295	observed	0.6109	SYNTHETIC_TEACHING_FIXTURE
SYN_TRAJ_062	32	124.32	144.1025	144.1025	observed	0.7243	SYNTHETIC_TEACHING_FIXTURE
SYN_TRAJ_062	33	124.33	144.5814	144.5814	observed	0.4497	SYNTHETIC_TEACHING_FIXTURE
SYN_TRAJ_062	34	124.34	141.5719	141.5719	observed	0.6236	SYNTHETIC_TEACHING_FIXTURE
SYN_TRAJ_062	35	124.35	141.3075	141.3075	observed	0.5116	SYNTHETIC_TEACHING_FIXTURE
SYN_TRAJ_062	36	124.36	139.2288	139.2288	observed	0.6708	SYNTHETIC_TEACHING_FIXTURE
SYN_TRAJ_062	37	124.37	143.2892	143.2892	observed	0.2578	SYNTHETIC_TEACHING_FIXTURE
SYN_TRAJ_062	38	124.38	138.0029	138.0029	observed	0.8673	SYNTHETIC_TEACHING_FIXTURE
SYN_TRAJ_062	39	124.39	133.7653	133.7653	observed	0.5125	SYNTHETIC_TEACHING_FIXTURE
SYN_TRAJ_062	40	124.4	136.049	136.049	observed	0.7694	SYNTHETIC_TEACHING_FIXTURE
SYN_TRAJ_062	41	124.41	131.7774	131.7774	observed	0.7969	SYNTHETIC_TEACHING_FIXTURE
SYN_TRAJ_062	42	124.42	132.3072	132.3072	observed	0.4174	SYNTHETIC_TEACHING_FIXTURE
SYN_TRAJ_062	43	124.43	127.0539	127.0539	observed	0.7103	SYNTHETIC_TEACHING_FIXTURE
SYN_TRAJ_062	44	124.44	132.4146	132.4146	observed	0.6506	SYNTHETIC_TEACHING_FIXTURE
SYN_TRAJ_062	45	124.45	128.2421	128.2421	observed	0.761	SYNTHETIC_TEACHING_FIXTURE
SYN_TRAJ_062	46	124.46	131.5826	131.5826	observed	0.4717	SYNTHETIC_TEACHING_FIXTURE
SYN_TRAJ_062	47	124.47	133.6923		quality_rejection		SYNTHETIC_TEACHING_FIXTURE
SYN_TRAJ_062	48	124.48	135.5348	135.5348	observed	0.3605	SYNTHETIC_TEACHING_FIXTURE
SYN_TRAJ_062	49	124.49	134.5907	134.5907	observed	0.728	SYNTHETIC_TEACHING_FIXTURE
SYN_TRAJ_062	50	124.5	130.975	130.975	observed	0.5871	SYNTHETIC_TEACHING_FIXTURE
SYN_TRAJ_063	0	126.0	139.5102	139.5102	observed	0.4614	SYNTHETIC_TEACHING_FIXTURE
SYN_TRAJ_063	1	126.01	139.4043	139.4043	observed	0.6007	SYNTHETIC_TEACHING_FIXTURE
SYN_TRAJ_063	2	126.02	141.8403	141.8403	observed	0.8625	SYNTHETIC_TEACHING_FIXTURE
SYN_TRAJ_063	3	126.03	143.0045	143.0045	observed	0.4276	SYNTHETIC_TEACHING_FIXTURE
SYN_TRAJ_063	4	126.04	139.6037	139.6037	observed	0.8916	SYNTHETIC_TEACHING_FIXTURE
SYN_TRAJ_063	5	126.05	139.7221	139.7221	observed	0.8579	SYNTHETIC_TEACHING_FIXTURE
SYN_TRAJ_063	6	126.06	140.3386	140.3386	observed	0.3998	SYNTHETIC_TEACHING_FIXTURE
SYN_TRAJ_063	7	126.07	139.5347	139.5347	observed	0.3288	SYNTHETIC_TEACHING_FIXTURE
SYN_TRAJ_063	8	126.08	137.2871	137.2871	observed	0.4962	SYNTHETIC_TEACHING_FIXTURE
SYN_TRAJ_063	9	126.09	141.5234	141.5234	observed	0.3703	SYNTHETIC_TEACHING_FIXTURE
SYN_TRAJ_063	10	126.1	143.35	143.35	observed	0.8678	SYNTHETIC_TEACHING_FIXTURE
SYN_TRAJ_063	11	126.11	143.8421	143.8421	observed	0.7028	SYNTHETIC_TEACHING_FIXTURE
SYN_TRAJ_063	12	126.12	142.2387	142.2387	observed	0.6459	SYNTHETIC_TEACHING_FIXTURE
SYN_TRAJ_063	13	126.13	144.7337	144.7337	observed	0.6968	SYNTHETIC_TEACHING_FIXTURE
SYN_TRAJ_063	14	126.14	146.4655	146.4655	observed	0.9688	SYNTHETIC_TEACHING_FIXTURE
SYN_TRAJ_063	15	126.15	148.3798	148.3798	observed	0.9723	SYNTHETIC_TEACHING_FIXTURE
SYN_TRAJ_063	16	126.16	150.3513	150.3513	observed	0.7185	SYNTHETIC_TEACHING_FIXTURE
SYN_TRAJ_063	17	126.17	154.2831	154.2831	observed	0.3602	SYNTHETIC_TEACHING_FIXTURE
SYN_TRAJ_063	18	126.18	158.739	158.739	observed	0.6236	SYNTHETIC_TEACHING_FIXTURE
SYN_TRAJ_063	19	126.19	154.5676	154.5676	observed	0.8982	SYNTHETIC_TEACHING_FIXTURE
SYN_TRAJ_063	20	126.2	154.8924	154.8924	observed	0.664	SYNTHETIC_TEACHING_FIXTURE
SYN_TRAJ_063	21	126.21	154.9487	154.9487	observed	0.8262	SYNTHETIC_TEACHING_FIXTURE
SYN_TRAJ_063	22	126.22	151.5607	151.5607	observed	0.9042	SYNTHETIC_TEACHING_FIXTURE
SYN_TRAJ_063	23	126.23	150.2402	150.2402	observed	0.588	SYNTHETIC_TEACHING_FIXTURE
SYN_TRAJ_063	24	126.24	142.3808	142.3808	observed	0.2549	SYNTHETIC_TEACHING_FIXTURE
SYN_TRAJ_063	25	126.25	140.3055	140.3055	observed	0.7197	SYNTHETIC_TEACHING_FIXTURE
SYN_TRAJ_063	26	126.26	137.2737	137.2737	observed	0.3888	SYNTHETIC_TEACHING_FIXTURE
SYN_TRAJ_063	27	126.27	136.871	136.871	observed	0.6217	SYNTHETIC_TEACHING_FIXTURE
SYN_TRAJ_063	28	126.28	136.8769	136.8769	observed	0.2972	SYNTHETIC_TEACHING_FIXTURE
SYN_TRAJ_063	29	126.29	133.98	133.98	observed	0.7045	SYNTHETIC_TEACHING_FIXTURE
SYN_TRAJ_063	30	126.3	137.6107	137.6107	observed	0.5745	SYNTHETIC_TEACHING_FIXTURE
SYN_TRAJ_063	31	126.31	137.486	137.486	observed	0.806	SYNTHETIC_TEACHING_FIXTURE
SYN_TRAJ_063	32	126.32	136.0079	136.0079	observed	0.7552	SYNTHETIC_TEACHING_FIXTURE
SYN_TRAJ_064	0	128.0	137.9192	137.9192	observed	0.2514	SYNTHETIC_TEACHING_FIXTURE
SYN_TRAJ_064	1	128.01	139.2364	139.2364	observed	0.5	SYNTHETIC_TEACHING_FIXTURE
SYN_TRAJ_064	2	128.02	137.225	137.225	observed	0.8669	SYNTHETIC_TEACHING_FIXTURE
SYN_TRAJ_064	3	128.03	139.7904	139.7904	observed	0.2568	SYNTHETIC_TEACHING_FIXTURE
SYN_TRAJ_064	4	128.04	136.7569	136.7569	observed	0.4463	SYNTHETIC_TEACHING_FIXTURE
SYN_TRAJ_064	5	128.05	139.5026	139.5026	observed	0.4412	SYNTHETIC_TEACHING_FIXTURE
SYN_TRAJ_064	6	128.06	143.6708	143.6708	observed	0.9065	SYNTHETIC_TEACHING_FIXTURE
SYN_TRAJ_064	7	128.07	146.362	146.362	observed	0.4305	SYNTHETIC_TEACHING_FIXTURE
SYN_TRAJ_064	8	128.08	151.6968	151.6968	observed	0.4792	SYNTHETIC_TEACHING_FIXTURE
SYN_TRAJ_064	9	128.09	148.9275	148.9275	observed	0.4631	SYNTHETIC_TEACHING_FIXTURE
SYN_TRAJ_064	10	128.1	150.8371	150.8371	observed	0.6232	SYNTHETIC_TEACHING_FIXTURE
SYN_TRAJ_064	11	128.11	150.4047	150.4047	observed	0.8652	SYNTHETIC_TEACHING_FIXTURE
SYN_TRAJ_064	12	128.12	154.249	154.249	observed	0.6539	SYNTHETIC_TEACHING_FIXTURE
SYN_TRAJ_064	13	128.13	157.381	157.381	observed	0.5053	SYNTHETIC_TEACHING_FIXTURE
SYN_TRAJ_064	14	128.14	156.7044	156.7044	observed	0.6459	SYNTHETIC_TEACHING_FIXTURE
SYN_TRAJ_064	15	128.15	156.0196	156.0196	observed	0.5275	SYNTHETIC_TEACHING_FIXTURE
SYN_TRAJ_064	16	128.16	159.3662	159.3662	observed	0.9135	SYNTHETIC_TEACHING_FIXTURE
SYN_TRAJ_064	17	128.17	157.3303	157.3303	observed	0.3768	SYNTHETIC_TEACHING_FIXTURE
SYN_TRAJ_064	18	128.18	157.9782	157.9782	observed	0.9074	SYNTHETIC_TEACHING_FIXTURE
SYN_TRAJ_064	19	128.19	159.8182	159.8182	observed	0.9175	SYNTHETIC_TEACHING_FIXTURE
SYN_TRAJ_064	20	128.2	162.2727	162.2727	observed	0.4973	SYNTHETIC_TEACHING_FIXTURE
SYN_TRAJ_064	21	128.21	157.8419	157.8419	observed	0.34	SYNTHETIC_TEACHING_FIXTURE
SYN_TRAJ_064	22	128.22	157.4154		quality_rejection		SYNTHETIC_TEACHING_FIXTURE
SYN_TRAJ_064	23	128.23	155.3341	155.3341	observed	0.5803	SYNTHETIC_TEACHING_FIXTURE
SYN_TRAJ_064	24	128.24	150.9846	150.9846	observed	0.7131	SYNTHETIC_TEACHING_FIXTURE
SYN_TRAJ_064	25	128.25	148.77	148.77	observed	0.6966	SYNTHETIC_TEACHING_FIXTURE
SYN_TRAJ_064	26	128.26	147.7736	147.7736	observed	0.7277	SYNTHETIC_TEACHING_FIXTURE
SYN_TRAJ_064	27	128.27	143.8236	143.8236	observed	0.2584	SYNTHETIC_TEACHING_FIXTURE
SYN_TRAJ_064	28	128.28	140.709	140.709	observed	0.3543	SYNTHETIC_TEACHING_FIXTURE
SYN_TRAJ_064	29	128.29	139.8073	139.8073	observed	0.8358	SYNTHETIC_TEACHING_FIXTURE
SYN_TRAJ_064	30	128.3	140.0217	140.0217	observed	0.9575	SYNTHETIC_TEACHING_FIXTURE
SYN_TRAJ_064	31	128.31	137.4565	137.4565	observed	0.7616	SYNTHETIC_TEACHING_FIXTURE
SYN_TRAJ_064	32	128.32	133.2289	133.2289	observed	0.7917	SYNTHETIC_TEACHING_FIXTURE
SYN_TRAJ_064	33	128.33	136.8641	136.8641	observed	0.5235	SYNTHETIC_TEACHING_FIXTURE
SYN_TRAJ_064	34	128.34	134.9528	134.9528	observed	0.7217	SYNTHETIC_TEACHING_FIXTURE
SYN_TRAJ_064	35	128.35	132.0301	132.0301	observed	0.7458	SYNTHETIC_TEACHING_FIXTURE
SYN_TRAJ_064	36	128.36	130.7491	130.7491	observed	0.668	SYNTHETIC_TEACHING_FIXTURE
SYN_TRAJ_064	37	128.37	131.4243	131.4243	observed	0.7324	SYNTHETIC_TEACHING_FIXTURE
SYN_TRAJ_064	38	128.38	132.3791	132.3791	observed	0.5512	SYNTHETIC_TEACHING_FIXTURE
SYN_TRAJ_064	39	128.39	126.4667	126.4667	observed	0.4968	SYNTHETIC_TEACHING_FIXTURE
SYN_TRAJ_064	40	128.4	128.6449	128.6449	observed	0.7032	SYNTHETIC_TEACHING_FIXTURE
SYN_TRAJ_064	41	128.41	132.185	132.185	observed	0.7636	SYNTHETIC_TEACHING_FIXTURE
SYN_TRAJ_064	42	128.42	135.8355	135.8355	observed	0.3661	SYNTHETIC_TEACHING_FIXTURE
SYN_TRAJ_064	43	128.43	133.8847	133.8847	observed	0.7454	SYNTHETIC_TEACHING_FIXTURE
SYN_TRAJ_064	44	128.44	132.7791	132.7791	observed	0.4713	SYNTHETIC_TEACHING_FIXTURE
SYN_TRAJ_065	0	130.0			structural_unvoiced		SYNTHETIC_TEACHING_FIXTURE
SYN_TRAJ_065	1	130.01			structural_unvoiced		SYNTHETIC_TEACHING_FIXTURE
SYN_TRAJ_065	2	130.02			structural_unvoiced		SYNTHETIC_TEACHING_FIXTURE
SYN_TRAJ_065	3	130.03	116.3617	116.3617	observed	0.4384	SYNTHETIC_TEACHING_FIXTURE
SYN_TRAJ_065	4	130.04	114.2509	114.2509	observed	0.4371	SYNTHETIC_TEACHING_FIXTURE
SYN_TRAJ_065	5	130.05	112.361	112.361	observed	0.5894	SYNTHETIC_TEACHING_FIXTURE
SYN_TRAJ_065	6	130.06	116.1972	116.1972	observed	0.6091	SYNTHETIC_TEACHING_FIXTURE
SYN_TRAJ_065	7	130.07	114.5895	114.5895	observed	0.4053	SYNTHETIC_TEACHING_FIXTURE
SYN_TRAJ_065	8	130.08	119.1766	119.1766	observed	0.8391	SYNTHETIC_TEACHING_FIXTURE
SYN_TRAJ_065	9	130.09	124.0458	124.0458	observed	0.6042	SYNTHETIC_TEACHING_FIXTURE
SYN_TRAJ_065	10	130.1	120.7889	120.7889	observed	0.598	SYNTHETIC_TEACHING_FIXTURE
SYN_TRAJ_065	11	130.11	127.5967	127.5967	observed	0.3556	SYNTHETIC_TEACHING_FIXTURE
SYN_TRAJ_065	12	130.12	127.4822	127.4822	observed	0.9104	SYNTHETIC_TEACHING_FIXTURE
SYN_TRAJ_065	13	130.13	126.7896	126.7896	observed	0.958	SYNTHETIC_TEACHING_FIXTURE
SYN_TRAJ_065	14	130.14	130.0586	130.0586	observed	0.7298	SYNTHETIC_TEACHING_FIXTURE
SYN_TRAJ_065	15	130.15	130.5885	130.5885	observed	0.4425	SYNTHETIC_TEACHING_FIXTURE
SYN_TRAJ_065	16	130.16	131.4915		estimator_failure		SYNTHETIC_TEACHING_FIXTURE
SYN_TRAJ_065	17	130.17	134.4552	134.4552	observed	0.5914	SYNTHETIC_TEACHING_FIXTURE
SYN_TRAJ_065	18	130.18	134.5317	134.5317	observed	0.6415	SYNTHETIC_TEACHING_FIXTURE
SYN_TRAJ_065	19	130.19	136.2495	136.2495	observed	0.6381	SYNTHETIC_TEACHING_FIXTURE
SYN_TRAJ_065	20	130.2	134.9557	134.9557	observed	0.3116	SYNTHETIC_TEACHING_FIXTURE
SYN_TRAJ_065	21	130.21	134.0259	134.0259	observed	0.5946	SYNTHETIC_TEACHING_FIXTURE
SYN_TRAJ_065	22	130.22	132.2006	132.2006	observed	0.7312	SYNTHETIC_TEACHING_FIXTURE
SYN_TRAJ_065	23	130.23	132.3277	132.3277	observed	0.6805	SYNTHETIC_TEACHING_FIXTURE
SYN_TRAJ_065	24	130.24	132.9504	132.9504	observed	0.9016	SYNTHETIC_TEACHING_FIXTURE
SYN_TRAJ_065	25	130.25	129.5838	129.5838	observed	0.4876	SYNTHETIC_TEACHING_FIXTURE
SYN_TRAJ_065	26	130.26	125.7201	125.7201	observed	0.9379	SYNTHETIC_TEACHING_FIXTURE
SYN_TRAJ_065	27	130.27	122.5757	122.5757	observed	0.6994	SYNTHETIC_TEACHING_FIXTURE
SYN_TRAJ_065	28	130.28	117.1793	117.1793	observed	0.6703	SYNTHETIC_TEACHING_FIXTURE
SYN_TRAJ_065	29	130.29	115.9212	115.9212	observed	0.6567	SYNTHETIC_TEACHING_FIXTURE
SYN_TRAJ_065	30	130.3	113.6641	113.6641	observed	0.6937	SYNTHETIC_TEACHING_FIXTURE
SYN_TRAJ_065	31	130.31	108.9624	108.9624	observed	0.987	SYNTHETIC_TEACHING_FIXTURE
SYN_TRAJ_065	32	130.32			structural_unvoiced		SYNTHETIC_TEACHING_FIXTURE
SYN_TRAJ_065	33	130.33			structural_unvoiced		SYNTHETIC_TEACHING_FIXTURE
SYN_TRAJ_066	0	132.0	117.3452	117.3452	observed	0.5329	SYNTHETIC_TEACHING_FIXTURE
SYN_TRAJ_066	1	132.01	120.5383	120.5383	observed	0.9871	SYNTHETIC_TEACHING_FIXTURE
SYN_TRAJ_066	2	132.02	121.4686	121.4686	observed	0.6307	SYNTHETIC_TEACHING_FIXTURE
SYN_TRAJ_066	3	132.03	122.5878	122.5878	observed	0.7946	SYNTHETIC_TEACHING_FIXTURE
SYN_TRAJ_066	4	132.04	123.0163	123.0163	observed	0.3081	SYNTHETIC_TEACHING_FIXTURE
SYN_TRAJ_066	5	132.05	122.8875	122.8875	observed	0.4131	SYNTHETIC_TEACHING_FIXTURE
SYN_TRAJ_066	6	132.06	122.3927	122.3927	observed	0.5522	SYNTHETIC_TEACHING_FIXTURE
SYN_TRAJ_066	7	132.07	125.0321	125.0321	observed	0.6401	SYNTHETIC_TEACHING_FIXTURE
SYN_TRAJ_066	8	132.08	124.8857	124.8857	observed	0.4747	SYNTHETIC_TEACHING_FIXTURE
SYN_TRAJ_066	9	132.09	124.4899	124.4899	observed	0.5289	SYNTHETIC_TEACHING_FIXTURE
SYN_TRAJ_066	10	132.1	127.784	127.784	observed	0.9854	SYNTHETIC_TEACHING_FIXTURE
SYN_TRAJ_066	11	132.11	129.459	129.459	observed	0.9108	SYNTHETIC_TEACHING_FIXTURE
SYN_TRAJ_066	12	132.12	133.0177	133.0177	observed	0.3003	SYNTHETIC_TEACHING_FIXTURE
SYN_TRAJ_066	13	132.13	131.6057	131.6057	observed	0.592	SYNTHETIC_TEACHING_FIXTURE
SYN_TRAJ_066	14	132.14	137.1932	137.1932	observed	0.2723	SYNTHETIC_TEACHING_FIXTURE
SYN_TRAJ_066	15	132.15	140.0818	140.0818	observed	0.6517	SYNTHETIC_TEACHING_FIXTURE
SYN_TRAJ_066	16	132.16	139.1858	139.1858	observed	0.4291	SYNTHETIC_TEACHING_FIXTURE
SYN_TRAJ_066	17	132.17	135.4076	135.4076	observed	0.4274	SYNTHETIC_TEACHING_FIXTURE
SYN_TRAJ_066	18	132.18	138.3819	138.3819	observed	0.7251	SYNTHETIC_TEACHING_FIXTURE
SYN_TRAJ_066	19	132.19	141.1329	141.1329	observed	0.3378	SYNTHETIC_TEACHING_FIXTURE
SYN_TRAJ_066	20	132.2	139.8606	139.8606	observed	0.7913	SYNTHETIC_TEACHING_FIXTURE
SYN_TRAJ_066	21	132.21	141.3465	141.3465	observed	0.7925	SYNTHETIC_TEACHING_FIXTURE
SYN_TRAJ_066	22	132.22	138.1338	138.1338	observed	0.4607	SYNTHETIC_TEACHING_FIXTURE
SYN_TRAJ_066	23	132.23	132.3392	132.3392	observed	0.3252	SYNTHETIC_TEACHING_FIXTURE
SYN_TRAJ_066	24	132.24	126.465	126.465	observed	0.2864	SYNTHETIC_TEACHING_FIXTURE
SYN_TRAJ_066	25	132.25	125.4592	125.4592	observed	0.4476	SYNTHETIC_TEACHING_FIXTURE
SYN_TRAJ_066	26	132.26	127.4308	127.4308	observed	0.8346	SYNTHETIC_TEACHING_FIXTURE
SYN_TRAJ_066	27	132.27	123.8167	123.8167	observed	0.9671	SYNTHETIC_TEACHING_FIXTURE
SYN_TRAJ_066	28	132.28	123.7456	123.7456	observed	0.9007	SYNTHETIC_TEACHING_FIXTURE
SYN_TRAJ_066	29	132.29	121.4573	121.4573	observed	0.9731	SYNTHETIC_TEACHING_FIXTURE
SYN_TRAJ_066	30	132.3	120.3736	120.3736	observed	0.6355	SYNTHETIC_TEACHING_FIXTURE
SYN_TRAJ_066	31	132.31	120.4673	120.4673	observed	0.3318	SYNTHETIC_TEACHING_FIXTURE
SYN_TRAJ_066	32	132.32	117.5843	117.5843	observed	0.6244	SYNTHETIC_TEACHING_FIXTURE
SYN_TRAJ_066	33	132.33	113.8643	113.8643	observed	0.7504	SYNTHETIC_TEACHING_FIXTURE
SYN_TRAJ_066	34	132.34	114.8114	114.8114	observed	0.4593	SYNTHETIC_TEACHING_FIXTURE
SYN_TRAJ_066	35	132.35	113.0836	113.0836	observed	0.6397	SYNTHETIC_TEACHING_FIXTURE
SYN_TRAJ_066	36	132.36	113.1204	113.1204	observed	0.3347	SYNTHETIC_TEACHING_FIXTURE
SYN_TRAJ_066	37	132.37	113.2033	113.2033	observed	0.5826	SYNTHETIC_TEACHING_FIXTURE
SYN_TRAJ_066	38	132.38	111.1231		estimator_failure		SYNTHETIC_TEACHING_FIXTURE
SYN_TRAJ_066	39	132.39	107.8059	107.8059	observed	0.6752	SYNTHETIC_TEACHING_FIXTURE
SYN_TRAJ_066	40	132.4	110.3354	110.3354	observed	0.2853	SYNTHETIC_TEACHING_FIXTURE
SYN_TRAJ_066	41	132.41	115.1296	115.1296	observed	0.8798	SYNTHETIC_TEACHING_FIXTURE
SYN_TRAJ_066	42	132.42	112.8217	112.8217	observed	0.4234	SYNTHETIC_TEACHING_FIXTURE
SYN_TRAJ_066	43	132.43	114.4266	114.4266	observed	0.7739	SYNTHETIC_TEACHING_FIXTURE
SYN_TRAJ_067	0	134.0	117.5794	117.5794	observed	0.4407	SYNTHETIC_TEACHING_FIXTURE
SYN_TRAJ_067	1	134.01	117.7719	117.7719	observed	0.2627	SYNTHETIC_TEACHING_FIXTURE
SYN_TRAJ_067	2	134.02	119.6726	119.6726	observed	0.9055	SYNTHETIC_TEACHING_FIXTURE
SYN_TRAJ_067	3	134.03	117.6946	117.6946	observed	0.4516	SYNTHETIC_TEACHING_FIXTURE
SYN_TRAJ_067	4	134.04	118.5845	118.5845	observed	0.8067	SYNTHETIC_TEACHING_FIXTURE
SYN_TRAJ_067	5	134.05	123.041	123.041	observed	0.6215	SYNTHETIC_TEACHING_FIXTURE
SYN_TRAJ_067	6	134.06	121.2893	121.2893	observed	0.7932	SYNTHETIC_TEACHING_FIXTURE
SYN_TRAJ_067	7	134.07	119.8328	119.8328	observed	0.4639	SYNTHETIC_TEACHING_FIXTURE
SYN_TRAJ_067	8	134.08	121.4213	121.4213	observed	0.829	SYNTHETIC_TEACHING_FIXTURE
SYN_TRAJ_067	9	134.09	120.3432	120.3432	observed	0.397	SYNTHETIC_TEACHING_FIXTURE
SYN_TRAJ_067	10	134.1	123.7722	123.7722	observed	0.4942	SYNTHETIC_TEACHING_FIXTURE
SYN_TRAJ_067	11	134.11	124.4077	124.4077	observed	0.8172	SYNTHETIC_TEACHING_FIXTURE
SYN_TRAJ_067	12	134.12	129.446	129.446	observed	0.3448	SYNTHETIC_TEACHING_FIXTURE
SYN_TRAJ_067	13	134.13	124.8324	124.8324	observed	0.8317	SYNTHETIC_TEACHING_FIXTURE
SYN_TRAJ_067	14	134.14	123.0281	123.0281	observed	0.8236	SYNTHETIC_TEACHING_FIXTURE
SYN_TRAJ_067	15	134.15	128.5768	128.5768	observed	0.9489	SYNTHETIC_TEACHING_FIXTURE
SYN_TRAJ_067	16	134.16	133.6579	133.6579	observed	0.8019	SYNTHETIC_TEACHING_FIXTURE
SYN_TRAJ_067	17	134.17	135.0338	135.0338	observed	0.9856	SYNTHETIC_TEACHING_FIXTURE
SYN_TRAJ_067	18	134.18	141.7079	141.7079	observed	0.4246	SYNTHETIC_TEACHING_FIXTURE
SYN_TRAJ_067	19	134.19	140.4104	140.4104	observed	0.3601	SYNTHETIC_TEACHING_FIXTURE
SYN_TRAJ_067	20	134.2	138.1495	138.1495	observed	0.6212	SYNTHETIC_TEACHING_FIXTURE
SYN_TRAJ_067	21	134.21	140.4871	140.4871	observed	0.7847	SYNTHETIC_TEACHING_FIXTURE
SYN_TRAJ_067	22	134.22	137.3788	137.3788	observed	0.287	SYNTHETIC_TEACHING_FIXTURE
SYN_TRAJ_067	23	134.23	135.9117	135.9117	observed	0.6993	SYNTHETIC_TEACHING_FIXTURE
SYN_TRAJ_067	24	134.24	131.3529	131.3529	observed	0.305	SYNTHETIC_TEACHING_FIXTURE
SYN_TRAJ_067	25	134.25	129.0328	129.0328	observed	0.613	SYNTHETIC_TEACHING_FIXTURE
SYN_TRAJ_067	26	134.26	127.4712	127.4712	observed	0.2645	SYNTHETIC_TEACHING_FIXTURE
SYN_TRAJ_067	27	134.27	122.9763	122.9763	observed	0.3519	SYNTHETIC_TEACHING_FIXTURE
SYN_TRAJ_067	28	134.28	118.1206	118.1206	observed	0.4454	SYNTHETIC_TEACHING_FIXTURE
SYN_TRAJ_067	29	134.29	112.1801	112.1801	observed	0.5283	SYNTHETIC_TEACHING_FIXTURE
SYN_TRAJ_067	30	134.3	109.727	109.727	observed	0.8397	SYNTHETIC_TEACHING_FIXTURE
SYN_TRAJ_067	31	134.31	110.8595	110.8595	observed	0.2585	SYNTHETIC_TEACHING_FIXTURE
SYN_TRAJ_067	32	134.32	110.0794	110.0794	observed	0.4561	SYNTHETIC_TEACHING_FIXTURE
SYN_TRAJ_067	33	134.33	113.2185	113.2185	observed	0.3984	SYNTHETIC_TEACHING_FIXTURE
SYN_TRAJ_068	0	136.0	120.8249	120.8249	observed	0.3105	SYNTHETIC_TEACHING_FIXTURE
SYN_TRAJ_068	1	136.01	117.9793	117.9793	observed	0.851	SYNTHETIC_TEACHING_FIXTURE
SYN_TRAJ_068	2	136.02	119.6889	119.6889	observed	0.7082	SYNTHETIC_TEACHING_FIXTURE
SYN_TRAJ_068	3	136.03	118.3467	118.3467	observed	0.8185	SYNTHETIC_TEACHING_FIXTURE
SYN_TRAJ_068	4	136.04	120.1091	120.1091	observed	0.581	SYNTHETIC_TEACHING_FIXTURE
SYN_TRAJ_068	5	136.05	122.9453	122.9453	observed	0.3203	SYNTHETIC_TEACHING_FIXTURE
SYN_TRAJ_068	6	136.06	119.1071	119.1071	observed	0.5442	SYNTHETIC_TEACHING_FIXTURE
SYN_TRAJ_068	7	136.07	119.6897	119.6897	observed	0.7067	SYNTHETIC_TEACHING_FIXTURE
SYN_TRAJ_068	8	136.08	121.2393	121.2393	observed	0.5032	SYNTHETIC_TEACHING_FIXTURE
SYN_TRAJ_068	9	136.09	125.8549	125.8549	observed	0.5367	SYNTHETIC_TEACHING_FIXTURE
SYN_TRAJ_068	10	136.1	128.005	128.005	observed	0.6209	SYNTHETIC_TEACHING_FIXTURE
SYN_TRAJ_068	11	136.11	128.4461	128.4461	observed	0.5243	SYNTHETIC_TEACHING_FIXTURE
SYN_TRAJ_068	12	136.12	130.9639	130.9639	observed	0.8064	SYNTHETIC_TEACHING_FIXTURE
SYN_TRAJ_068	13	136.13	128.9885	128.9885	observed	0.955	SYNTHETIC_TEACHING_FIXTURE
SYN_TRAJ_068	14	136.14	131.2336	131.2336	observed	0.5965	SYNTHETIC_TEACHING_FIXTURE
SYN_TRAJ_068	15	136.15	132.5013	132.5013	observed	0.6898	SYNTHETIC_TEACHING_FIXTURE
SYN_TRAJ_068	16	136.16	135.9875	135.9875	observed	0.8537	SYNTHETIC_TEACHING_FIXTURE
SYN_TRAJ_068	17	136.17	135.9924	135.9924	observed	0.6327	SYNTHETIC_TEACHING_FIXTURE
SYN_TRAJ_068	18	136.18	131.8377	131.8377	observed	0.6774	SYNTHETIC_TEACHING_FIXTURE
SYN_TRAJ_068	19	136.19	137.1001	137.1001	observed	0.8408	SYNTHETIC_TEACHING_FIXTURE
SYN_TRAJ_068	20	136.2	140.5122	140.5122	observed	0.9832	SYNTHETIC_TEACHING_FIXTURE
SYN_TRAJ_068	21	136.21	140.7051	140.7051	observed	0.4364	SYNTHETIC_TEACHING_FIXTURE
SYN_TRAJ_068	22	136.22	138.4427	138.4427	observed	0.9195	SYNTHETIC_TEACHING_FIXTURE
SYN_TRAJ_068	23	136.23	137.505	137.505	observed	0.6558	SYNTHETIC_TEACHING_FIXTURE
SYN_TRAJ_068	24	136.24	139.8486	139.8486	observed	0.8013	SYNTHETIC_TEACHING_FIXTURE
SYN_TRAJ_068	25	136.25	139.0256	139.0256	observed	0.2998	SYNTHETIC_TEACHING_FIXTURE
SYN_TRAJ_068	26	136.26	137.0277	137.0277	observed	0.8246	SYNTHETIC_TEACHING_FIXTURE
SYN_TRAJ_068	27	136.27	130.2888	130.2888	observed	0.9317	SYNTHETIC_TEACHING_FIXTURE
SYN_TRAJ_068	28	136.28	127.9244	127.9244	observed	0.8242	SYNTHETIC_TEACHING_FIXTURE
SYN_TRAJ_068	29	136.29	127.6064	127.6064	observed	0.6968	SYNTHETIC_TEACHING_FIXTURE
SYN_TRAJ_068	30	136.3	126.9845	126.9845	observed	0.7108	SYNTHETIC_TEACHING_FIXTURE
SYN_TRAJ_068	31	136.31	125.4094	125.4094	observed	0.4103	SYNTHETIC_TEACHING_FIXTURE
SYN_TRAJ_068	32	136.32	125.2357	125.2357	observed	0.9345	SYNTHETIC_TEACHING_FIXTURE
SYN_TRAJ_068	33	136.33	123.2565	123.2565	observed	0.6024	SYNTHETIC_TEACHING_FIXTURE
SYN_TRAJ_068	34	136.34	119.4539	119.4539	observed	0.9165	SYNTHETIC_TEACHING_FIXTURE
SYN_TRAJ_068	35	136.35	117.598	117.598	observed	0.4433	SYNTHETIC_TEACHING_FIXTURE
SYN_TRAJ_068	36	136.36	114.7742	114.7742	observed	0.5695	SYNTHETIC_TEACHING_FIXTURE
SYN_TRAJ_068	37	136.37	108.7327	108.7327	observed	0.6796	SYNTHETIC_TEACHING_FIXTURE
SYN_TRAJ_068	38	136.38	112.893	112.893	observed	0.8099	SYNTHETIC_TEACHING_FIXTURE
SYN_TRAJ_068	39	136.39	108.6397	108.6397	observed	0.7163	SYNTHETIC_TEACHING_FIXTURE
SYN_TRAJ_068	40	136.4	110.0233	110.0233	observed	0.4219	SYNTHETIC_TEACHING_FIXTURE
SYN_TRAJ_068	41	136.41	109.1002	109.1002	observed	0.6415	SYNTHETIC_TEACHING_FIXTURE
SYN_TRAJ_068	42	136.42	110.0983	110.0983	observed	0.9088	SYNTHETIC_TEACHING_FIXTURE
SYN_TRAJ_068	43	136.43	107.3668	107.3668	observed	0.5341	SYNTHETIC_TEACHING_FIXTURE
SYN_TRAJ_068	44	136.44	108.6487	108.6487	observed	0.6639	SYNTHETIC_TEACHING_FIXTURE
SYN_TRAJ_068	45	136.45	113.3805	113.3805	observed	0.4079	SYNTHETIC_TEACHING_FIXTURE
SYN_TRAJ_068	46	136.46	111.3778	111.3778	observed	0.9464	SYNTHETIC_TEACHING_FIXTURE
SYN_TRAJ_068	47	136.47	109.9024	109.9024	observed	0.2836	SYNTHETIC_TEACHING_FIXTURE
SYN_TRAJ_068	48	136.48	109.1203	109.1203	observed	0.4756	SYNTHETIC_TEACHING_FIXTURE
SYN_TRAJ_069	0	138.0	123.5089	123.5089	observed	0.2954	SYNTHETIC_TEACHING_FIXTURE
SYN_TRAJ_069	1	138.01	126.5337	126.5337	observed	0.7886	SYNTHETIC_TEACHING_FIXTURE
SYN_TRAJ_069	2	138.02	120.5287	120.5287	observed	0.6149	SYNTHETIC_TEACHING_FIXTURE
SYN_TRAJ_069	3	138.03	116.2916		estimator_failure		SYNTHETIC_TEACHING_FIXTURE
SYN_TRAJ_069	4	138.04	115.7417	115.7417	observed	0.3646	SYNTHETIC_TEACHING_FIXTURE
SYN_TRAJ_069	5	138.05	116.4185	116.4185	observed	0.7167	SYNTHETIC_TEACHING_FIXTURE
SYN_TRAJ_069	6	138.06	117.6569	117.6569	observed	0.5467	SYNTHETIC_TEACHING_FIXTURE
SYN_TRAJ_069	7	138.07	118.1498	118.1498	observed	0.8129	SYNTHETIC_TEACHING_FIXTURE
SYN_TRAJ_069	8	138.08	115.6891	115.6891	observed	0.6055	SYNTHETIC_TEACHING_FIXTURE
SYN_TRAJ_069	9	138.09	118.375	118.375	observed	0.9467	SYNTHETIC_TEACHING_FIXTURE
SYN_TRAJ_069	10	138.1	127.3459	127.3459	observed	0.7105	SYNTHETIC_TEACHING_FIXTURE
SYN_TRAJ_069	11	138.11	128.2744	128.2744	observed	0.5142	SYNTHETIC_TEACHING_FIXTURE
SYN_TRAJ_069	12	138.12	135.4257	135.4257	observed	0.3318	SYNTHETIC_TEACHING_FIXTURE
SYN_TRAJ_069	13	138.13	137.7228	137.7228	observed	0.331	SYNTHETIC_TEACHING_FIXTURE
SYN_TRAJ_069	14	138.14	139.3281	139.3281	observed	0.92	SYNTHETIC_TEACHING_FIXTURE
SYN_TRAJ_069	15	138.15	139.8257	139.8257	observed	0.5115	SYNTHETIC_TEACHING_FIXTURE
SYN_TRAJ_069	16	138.16	138.5081	138.5081	observed	0.9796	SYNTHETIC_TEACHING_FIXTURE
SYN_TRAJ_069	17	138.17	135.4475	135.4475	observed	0.962	SYNTHETIC_TEACHING_FIXTURE
SYN_TRAJ_069	18	138.18	132.352	132.352	observed	0.9332	SYNTHETIC_TEACHING_FIXTURE
SYN_TRAJ_069	19	138.19	131.2181	131.2181	observed	0.9859	SYNTHETIC_TEACHING_FIXTURE
SYN_TRAJ_069	20	138.2	128.0031	128.0031	observed	0.3794	SYNTHETIC_TEACHING_FIXTURE
SYN_TRAJ_069	21	138.21	123.8048	123.8048	observed	0.4014	SYNTHETIC_TEACHING_FIXTURE
SYN_TRAJ_069	22	138.22	118.4424	118.4424	observed	0.5417	SYNTHETIC_TEACHING_FIXTURE
SYN_TRAJ_069	23	138.23	114.7351	114.7351	observed	0.9157	SYNTHETIC_TEACHING_FIXTURE
SYN_TRAJ_069	24	138.24	115.3804	115.3804	observed	0.5595	SYNTHETIC_TEACHING_FIXTURE
SYN_TRAJ_069	25	138.25	114.7599	114.7599	observed	0.4193	SYNTHETIC_TEACHING_FIXTURE
SYN_TRAJ_069	26	138.26	112.9022	112.9022	observed	0.2775	SYNTHETIC_TEACHING_FIXTURE
SYN_TRAJ_070	0	140.0			structural_unvoiced		SYNTHETIC_TEACHING_FIXTURE
SYN_TRAJ_070	1	140.01			structural_unvoiced		SYNTHETIC_TEACHING_FIXTURE
SYN_TRAJ_070	2	140.02			structural_unvoiced		SYNTHETIC_TEACHING_FIXTURE
SYN_TRAJ_070	3	140.03	122.5575	122.5575	observed	0.9678	SYNTHETIC_TEACHING_FIXTURE
SYN_TRAJ_070	4	140.04	123.07	123.07	observed	0.2997	SYNTHETIC_TEACHING_FIXTURE
SYN_TRAJ_070	5	140.05	127.2112	127.2112	observed	0.6478	SYNTHETIC_TEACHING_FIXTURE
SYN_TRAJ_070	6	140.06	127.4754	127.4754	observed	0.3795	SYNTHETIC_TEACHING_FIXTURE
SYN_TRAJ_070	7	140.07	125.6436	125.6436	observed	0.5701	SYNTHETIC_TEACHING_FIXTURE
SYN_TRAJ_070	8	140.08	124.626	124.626	observed	0.6316	SYNTHETIC_TEACHING_FIXTURE
SYN_TRAJ_070	9	140.09	129.85	129.85	observed	0.937	SYNTHETIC_TEACHING_FIXTURE
SYN_TRAJ_070	10	140.1	132.1756	132.1756	observed	0.4789	SYNTHETIC_TEACHING_FIXTURE
SYN_TRAJ_070	11	140.11	131.6933	131.6933	observed	0.2777	SYNTHETIC_TEACHING_FIXTURE
SYN_TRAJ_070	12	140.12	137.1552	137.1552	observed	0.4314	SYNTHETIC_TEACHING_FIXTURE
SYN_TRAJ_070	13	140.13	136.7524	136.7524	observed	0.5808	SYNTHETIC_TEACHING_FIXTURE
SYN_TRAJ_070	14	140.14	140.7786	140.7786	observed	0.5421	SYNTHETIC_TEACHING_FIXTURE
SYN_TRAJ_070	15	140.15	137.4975	137.4975	observed	0.8878	SYNTHETIC_TEACHING_FIXTURE
SYN_TRAJ_070	16	140.16	140.7205	140.7205	observed	0.6715	SYNTHETIC_TEACHING_FIXTURE
SYN_TRAJ_070	17	140.17	142.0323	142.0323	observed	0.6521	SYNTHETIC_TEACHING_FIXTURE
SYN_TRAJ_070	18	140.18	138.9762	138.9762	observed	0.8394	SYNTHETIC_TEACHING_FIXTURE
SYN_TRAJ_070	19	140.19	136.2429	136.2429	observed	0.4707	SYNTHETIC_TEACHING_FIXTURE
SYN_TRAJ_070	20	140.2	134.8186	134.8186	observed	0.6918	SYNTHETIC_TEACHING_FIXTURE
SYN_TRAJ_070	21	140.21	133.5584	133.5584	observed	0.3511	SYNTHETIC_TEACHING_FIXTURE
SYN_TRAJ_070	22	140.22	131.1264	131.1264	observed	0.743	SYNTHETIC_TEACHING_FIXTURE
SYN_TRAJ_070	23	140.23	125.8108	125.8108	observed	0.4576	SYNTHETIC_TEACHING_FIXTURE
SYN_TRAJ_070	24	140.24	126.2892	126.2892	observed	0.5021	SYNTHETIC_TEACHING_FIXTURE
SYN_TRAJ_070	25	140.25	124.6923		estimator_failure		SYNTHETIC_TEACHING_FIXTURE
SYN_TRAJ_070	26	140.26	126.4321	126.4321	observed	0.9111	SYNTHETIC_TEACHING_FIXTURE
SYN_TRAJ_070	27	140.27	122.7768	122.7768	observed	0.4526	SYNTHETIC_TEACHING_FIXTURE
SYN_TRAJ_070	28	140.28	123.546	123.546	observed	0.5285	SYNTHETIC_TEACHING_FIXTURE
SYN_TRAJ_070	29	140.29	123.0531	123.0531	observed	0.415	SYNTHETIC_TEACHING_FIXTURE
SYN_TRAJ_070	30	140.3	118.5319	118.5319	observed	0.5336	SYNTHETIC_TEACHING_FIXTURE
SYN_TRAJ_070	31	140.31	116.9512	116.9512	observed	0.3392	SYNTHETIC_TEACHING_FIXTURE
SYN_TRAJ_070	32	140.32	116.2905	116.2905	observed	0.4671	SYNTHETIC_TEACHING_FIXTURE
SYN_TRAJ_070	33	140.33	112.6838	112.6838	observed	0.7424	SYNTHETIC_TEACHING_FIXTURE
SYN_TRAJ_070	34	140.34	115.0089	115.0089	observed	0.8755	SYNTHETIC_TEACHING_FIXTURE
SYN_TRAJ_070	35	140.35	115.6086	115.6086	observed	0.6392	SYNTHETIC_TEACHING_FIXTURE
SYN_TRAJ_070	36	140.36	113.7792	113.7792	observed	0.5249	SYNTHETIC_TEACHING_FIXTURE
SYN_TRAJ_070	37	140.37	112.5868	112.5868	observed	0.7233	SYNTHETIC_TEACHING_FIXTURE
SYN_TRAJ_070	38	140.38	109.5759	109.5759	observed	0.9672	SYNTHETIC_TEACHING_FIXTURE
SYN_TRAJ_070	39	140.39	109.5571	109.5571	observed	0.5851	SYNTHETIC_TEACHING_FIXTURE
SYN_TRAJ_070	40	140.4			structural_unvoiced		SYNTHETIC_TEACHING_FIXTURE
SYN_TRAJ_070	41	140.41			structural_unvoiced		SYNTHETIC_TEACHING_FIXTURE
SYN_TRAJ_070	42	140.42			structural_unvoiced		SYNTHETIC_TEACHING_FIXTURE
SYN_TRAJ_071	0	142.0	119.7183	119.7183	observed	0.6459	SYNTHETIC_TEACHING_FIXTURE
SYN_TRAJ_071	1	142.01	121.8226	121.8226	observed	0.585	SYNTHETIC_TEACHING_FIXTURE
SYN_TRAJ_071	2	142.02	124.3277	124.3277	observed	0.7114	SYNTHETIC_TEACHING_FIXTURE
SYN_TRAJ_071	3	142.03	121.3193		quality_rejection		SYNTHETIC_TEACHING_FIXTURE
SYN_TRAJ_071	4	142.04	125.6575	125.6575	observed	0.8221	SYNTHETIC_TEACHING_FIXTURE
SYN_TRAJ_071	5	142.05	121.0402	121.0402	observed	0.5103	SYNTHETIC_TEACHING_FIXTURE
SYN_TRAJ_071	6	142.06	121.8165	121.8165	observed	0.2744	SYNTHETIC_TEACHING_FIXTURE
SYN_TRAJ_071	7	142.07	121.9826	121.9826	observed	0.7686	SYNTHETIC_TEACHING_FIXTURE
SYN_TRAJ_071	8	142.08	122.5769	122.5769	observed	0.657	SYNTHETIC_TEACHING_FIXTURE
SYN_TRAJ_071	9	142.09	125.5483	125.5483	observed	0.3947	SYNTHETIC_TEACHING_FIXTURE
SYN_TRAJ_071	10	142.1	131.734	131.734	observed	0.5124	SYNTHETIC_TEACHING_FIXTURE
SYN_TRAJ_071	11	142.11	132.7109	132.7109	observed	0.972	SYNTHETIC_TEACHING_FIXTURE
SYN_TRAJ_071	12	142.12	136.6751	136.6751	observed	0.6271	SYNTHETIC_TEACHING_FIXTURE
SYN_TRAJ_071	13	142.13	136.6668	136.6668	observed	0.5455	SYNTHETIC_TEACHING_FIXTURE
SYN_TRAJ_071	14	142.14	138.7145	138.7145	observed	0.5616	SYNTHETIC_TEACHING_FIXTURE
SYN_TRAJ_071	15	142.15	140.2078	140.2078	observed	0.7625	SYNTHETIC_TEACHING_FIXTURE
SYN_TRAJ_071	16	142.16	144.5661	144.5661	observed	0.516	SYNTHETIC_TEACHING_FIXTURE
SYN_TRAJ_071	17	142.17	146.6877	146.6877	observed	0.4083	SYNTHETIC_TEACHING_FIXTURE
SYN_TRAJ_071	18	142.18	143.5519	143.5519	observed	0.7623	SYNTHETIC_TEACHING_FIXTURE
SYN_TRAJ_071	19	142.19	140.5415	140.5415	observed	0.47	SYNTHETIC_TEACHING_FIXTURE
SYN_TRAJ_071	20	142.2	141.7674	141.7674	observed	0.9649	SYNTHETIC_TEACHING_FIXTURE
SYN_TRAJ_071	21	142.21	138.4468	138.4468	observed	0.7132	SYNTHETIC_TEACHING_FIXTURE
SYN_TRAJ_071	22	142.22	132.3511	132.3511	observed	0.3779	SYNTHETIC_TEACHING_FIXTURE
SYN_TRAJ_071	23	142.23	129.2203	129.2203	observed	0.295	SYNTHETIC_TEACHING_FIXTURE
SYN_TRAJ_071	24	142.24	128.1858	128.1858	observed	0.4935	SYNTHETIC_TEACHING_FIXTURE
SYN_TRAJ_071	25	142.25	124.1508	124.1508	observed	0.3395	SYNTHETIC_TEACHING_FIXTURE
SYN_TRAJ_071	26	142.26	121.3847	121.3847	observed	0.9278	SYNTHETIC_TEACHING_FIXTURE
SYN_TRAJ_071	27	142.27	116.9837	116.9837	observed	0.582	SYNTHETIC_TEACHING_FIXTURE
SYN_TRAJ_071	28	142.28	117.9216	117.9216	observed	0.6356	SYNTHETIC_TEACHING_FIXTURE
SYN_TRAJ_071	29	142.29	114.0748	114.0748	observed	0.4937	SYNTHETIC_TEACHING_FIXTURE
SYN_TRAJ_071	30	142.3	112.7189	112.7189	observed	0.4013	SYNTHETIC_TEACHING_FIXTURE
SYN_TRAJ_072	0	144.0	125.0591	125.0591	observed	0.3279	SYNTHETIC_TEACHING_FIXTURE
SYN_TRAJ_072	1	144.01	124.1697	124.1697	observed	0.2952	SYNTHETIC_TEACHING_FIXTURE
SYN_TRAJ_072	2	144.02	124.6116	124.6116	observed	0.3114	SYNTHETIC_TEACHING_FIXTURE
SYN_TRAJ_072	3	144.03	124.5658	124.5658	observed	0.335	SYNTHETIC_TEACHING_FIXTURE
SYN_TRAJ_072	4	144.04	128.5025	128.5025	observed	0.3648	SYNTHETIC_TEACHING_FIXTURE
SYN_TRAJ_072	5	144.05	126.9706	126.9706	observed	0.5582	SYNTHETIC_TEACHING_FIXTURE
SYN_TRAJ_072	6	144.06	128.136	128.136	observed	0.6777	SYNTHETIC_TEACHING_FIXTURE
SYN_TRAJ_072	7	144.07	130.1199	130.1199	observed	0.7636	SYNTHETIC_TEACHING_FIXTURE
SYN_TRAJ_072	8	144.08	124.7096	124.7096	observed	0.644	SYNTHETIC_TEACHING_FIXTURE
SYN_TRAJ_072	9	144.09	129.7374	129.7374	observed	0.5542	SYNTHETIC_TEACHING_FIXTURE
SYN_TRAJ_072	10	144.1	127.2621	127.2621	observed	0.367	SYNTHETIC_TEACHING_FIXTURE
SYN_TRAJ_072	11	144.11	126.7599	126.7599	observed	0.6251	SYNTHETIC_TEACHING_FIXTURE
SYN_TRAJ_072	12	144.12	129.66	129.66	observed	0.9724	SYNTHETIC_TEACHING_FIXTURE
SYN_TRAJ_072	13	144.13	130.6752	130.6752	observed	0.3993	SYNTHETIC_TEACHING_FIXTURE
SYN_TRAJ_072	14	144.14	132.9854	132.9854	observed	0.5586	SYNTHETIC_TEACHING_FIXTURE
SYN_TRAJ_072	15	144.15	135.4615	135.4615	observed	0.4942	SYNTHETIC_TEACHING_FIXTURE
SYN_TRAJ_072	16	144.16	136.3716	136.3716	observed	0.6046	SYNTHETIC_TEACHING_FIXTURE
SYN_TRAJ_072	17	144.17	135.7789	135.7789	observed	0.4555	SYNTHETIC_TEACHING_FIXTURE
SYN_TRAJ_072	18	144.18	136.9798	136.9798	observed	0.2534	SYNTHETIC_TEACHING_FIXTURE
SYN_TRAJ_072	19	144.19	141.7383	141.7383	observed	0.3301	SYNTHETIC_TEACHING_FIXTURE
SYN_TRAJ_072	20	144.2	142.0854	142.0854	observed	0.7823	SYNTHETIC_TEACHING_FIXTURE
SYN_TRAJ_072	21	144.21	139.3426	139.3426	observed	0.4999	SYNTHETIC_TEACHING_FIXTURE
SYN_TRAJ_072	22	144.22	138.0193	138.0193	observed	0.6218	SYNTHETIC_TEACHING_FIXTURE
SYN_TRAJ_072	23	144.23	135.883	135.883	observed	0.5826	SYNTHETIC_TEACHING_FIXTURE
SYN_TRAJ_072	24	144.24	136.3347	136.3347	observed	0.4054	SYNTHETIC_TEACHING_FIXTURE
SYN_TRAJ_072	25	144.25	136.3556	136.3556	observed	0.4937	SYNTHETIC_TEACHING_FIXTURE
SYN_TRAJ_072	26	144.26	136.1825	136.1825	observed	0.3894	SYNTHETIC_TEACHING_FIXTURE
SYN_TRAJ_072	27	144.27	134.0973	134.0973	observed	0.5764	SYNTHETIC_TEACHING_FIXTURE
SYN_TRAJ_072	28	144.28	128.268	128.268	observed	0.617	SYNTHETIC_TEACHING_FIXTURE
SYN_TRAJ_072	29	144.29	130.44	130.44	observed	0.5676	SYNTHETIC_TEACHING_FIXTURE
SYN_TRAJ_072	30	144.3	129.8111	129.8111	observed	0.9546	SYNTHETIC_TEACHING_FIXTURE
SYN_TRAJ_072	31	144.31	126.4972	126.4972	observed	0.9755	SYNTHETIC_TEACHING_FIXTURE
SYN_TRAJ_072	32	144.32	126.7442	126.7442	observed	0.6945	SYNTHETIC_TEACHING_FIXTURE
SYN_TRAJ_072	33	144.33	123.8247	123.8247	observed	0.7298	SYNTHETIC_TEACHING_FIXTURE
SYN_TRAJ_072	34	144.34	122.9354	122.9354	observed	0.8777	SYNTHETIC_TEACHING_FIXTURE
SYN_TRAJ_072	35	144.35	120.0521	120.0521	observed	0.2895	SYNTHETIC_TEACHING_FIXTURE
SYN_TRAJ_072	36	144.36	117.801	117.801	observed	0.6894	SYNTHETIC_TEACHING_FIXTURE
SYN_TRAJ_072	37	144.37	121.5962	121.5962	observed	0.8613	SYNTHETIC_TEACHING_FIXTURE
SYN_TRAJ_072	38	144.38	124.4651	124.4651	observed	0.2986	SYNTHETIC_TEACHING_FIXTURE
SYN_TRAJ_072	39	144.39	118.5947	118.5947	observed	0.3689	SYNTHETIC_TEACHING_FIXTURE
SYN_TRAJ_072	40	144.4	116.9334	116.9334	observed	0.45	SYNTHETIC_TEACHING_FIXTURE
SYN_TRAJ_072	41	144.41	120.7714	120.7714	observed	0.6423	SYNTHETIC_TEACHING_FIXTURE
SYN_TRAJ_072	42	144.42	119.9614	119.9614	observed	0.8887	SYNTHETIC_TEACHING_FIXTURE
SYN_TRAJ_072	43	144.43	118.7117	118.7117	observed	0.7965	SYNTHETIC_TEACHING_FIXTURE
SYN_TRAJ_072	44	144.44	120.8077	120.8077	observed	0.54	SYNTHETIC_TEACHING_FIXTURE
SYN_TRAJ_072	45	144.45	113.7374	113.7374	observed	0.7181	SYNTHETIC_TEACHING_FIXTURE
SYN_TRAJ_072	46	144.46	113.1758	113.1758	observed	0.4055	SYNTHETIC_TEACHING_FIXTURE
SYN_TRAJ_072	47	144.47	114.0257	114.0257	observed	0.2591	SYNTHETIC_TEACHING_FIXTURE
SYN_TRAJ_072	48	144.48	113.2483	113.2483	observed	0.9411	SYNTHETIC_TEACHING_FIXTURE
SYN_TRAJ_072	49	144.49	111.628	111.628	observed	0.266	SYNTHETIC_TEACHING_FIXTURE
SYN_TRAJ_073	0	146.0	127.3706	127.3706	observed	0.6966	SYNTHETIC_TEACHING_FIXTURE
SYN_TRAJ_073	1	146.01	125.0767	125.0767	observed	0.4581	SYNTHETIC_TEACHING_FIXTURE
SYN_TRAJ_073	2	146.02	124.2815	124.2815	observed	0.8626	SYNTHETIC_TEACHING_FIXTURE
SYN_TRAJ_073	3	146.03	124.1017	124.1017	observed	0.3482	SYNTHETIC_TEACHING_FIXTURE
SYN_TRAJ_073	4	146.04	127.1807	127.1807	observed	0.5691	SYNTHETIC_TEACHING_FIXTURE
SYN_TRAJ_073	5	146.05	129.9618	129.9618	observed	0.9654	SYNTHETIC_TEACHING_FIXTURE
SYN_TRAJ_073	6	146.06	127.8111	127.8111	observed	0.6898	SYNTHETIC_TEACHING_FIXTURE
SYN_TRAJ_073	7	146.07	130.7943	130.7943	observed	0.5364	SYNTHETIC_TEACHING_FIXTURE
SYN_TRAJ_073	8	146.08	129.6691	129.6691	observed	0.9317	SYNTHETIC_TEACHING_FIXTURE
SYN_TRAJ_073	9	146.09	128.376	128.376	observed	0.3965	SYNTHETIC_TEACHING_FIXTURE
SYN_TRAJ_073	10	146.1	128.9115	128.9115	observed	0.566	SYNTHETIC_TEACHING_FIXTURE
SYN_TRAJ_073	11	146.11	128.592	128.592	observed	0.7243	SYNTHETIC_TEACHING_FIXTURE
SYN_TRAJ_073	12	146.12	132.9105	132.9105	observed	0.3923	SYNTHETIC_TEACHING_FIXTURE
SYN_TRAJ_073	13	146.13	134.739	134.739	observed	0.311	SYNTHETIC_TEACHING_FIXTURE
SYN_TRAJ_073	14	146.14	138.5075	138.5075	observed	0.8293	SYNTHETIC_TEACHING_FIXTURE
SYN_TRAJ_073	15	146.15	142.2173	142.2173	observed	0.5849	SYNTHETIC_TEACHING_FIXTURE
SYN_TRAJ_073	16	146.16	142.8847	142.8847	observed	0.587	SYNTHETIC_TEACHING_FIXTURE
SYN_TRAJ_073	17	146.17	148.049	148.049	observed	0.388	SYNTHETIC_TEACHING_FIXTURE
SYN_TRAJ_073	18	146.18	149.1879	149.1879	observed	0.4451	SYNTHETIC_TEACHING_FIXTURE
SYN_TRAJ_073	19	146.19	148.3603	148.3603	observed	0.6775	SYNTHETIC_TEACHING_FIXTURE
SYN_TRAJ_073	20	146.2	145.1274	145.1274	observed	0.3825	SYNTHETIC_TEACHING_FIXTURE
SYN_TRAJ_073	21	146.21	142.5387	142.5387	observed	0.8169	SYNTHETIC_TEACHING_FIXTURE
SYN_TRAJ_073	22	146.22	142.5929	142.5929	observed	0.9641	SYNTHETIC_TEACHING_FIXTURE
SYN_TRAJ_073	23	146.23	136.4185	136.4185	observed	0.537	SYNTHETIC_TEACHING_FIXTURE
SYN_TRAJ_073	24	146.24	136.2836	136.2836	observed	0.6378	SYNTHETIC_TEACHING_FIXTURE
SYN_TRAJ_073	25	146.25	131.0109	131.0109	observed	0.6657	SYNTHETIC_TEACHING_FIXTURE
SYN_TRAJ_073	26	146.26	128.2567	128.2567	observed	0.3432	SYNTHETIC_TEACHING_FIXTURE
SYN_TRAJ_073	27	146.27	122.0773	122.0773	observed	0.6029	SYNTHETIC_TEACHING_FIXTURE
SYN_TRAJ_073	28	146.28	122.3426	122.3426	observed	0.9009	SYNTHETIC_TEACHING_FIXTURE
SYN_TRAJ_073	29	146.29	122.9425	122.9425	observed	0.6981	SYNTHETIC_TEACHING_FIXTURE
SYN_TRAJ_073	30	146.3	117.8218	117.8218	observed	0.7796	SYNTHETIC_TEACHING_FIXTURE
SYN_TRAJ_073	31	146.31	118.4628	118.4628	observed	0.8406	SYNTHETIC_TEACHING_FIXTURE
SYN_TRAJ_073	32	146.32	117.2145	117.2145	observed	0.6411	SYNTHETIC_TEACHING_FIXTURE
SYN_TRAJ_073	33	146.33	119.8629	119.8629	observed	0.8799	SYNTHETIC_TEACHING_FIXTURE
SYN_TRAJ_074	0	148.0	127.01	127.01	observed	0.9359	SYNTHETIC_TEACHING_FIXTURE
SYN_TRAJ_074	1	148.01	125.7307	125.7307	observed	0.2669	SYNTHETIC_TEACHING_FIXTURE
SYN_TRAJ_074	2	148.02	128.4069	128.4069	observed	0.8486	SYNTHETIC_TEACHING_FIXTURE
SYN_TRAJ_074	3	148.03	128.1943	128.1943	observed	0.2981	SYNTHETIC_TEACHING_FIXTURE
SYN_TRAJ_074	4	148.04	126.0231	126.0231	observed	0.3078	SYNTHETIC_TEACHING_FIXTURE
SYN_TRAJ_074	5	148.05	124.9906	124.9906	observed	0.9348	SYNTHETIC_TEACHING_FIXTURE
SYN_TRAJ_074	6	148.06	131.0149	131.0149	observed	0.735	SYNTHETIC_TEACHING_FIXTURE
SYN_TRAJ_074	7	148.07	130.4104	130.4104	observed	0.4282	SYNTHETIC_TEACHING_FIXTURE
SYN_TRAJ_074	8	148.08	132.7697	132.7697	observed	0.5921	SYNTHETIC_TEACHING_FIXTURE
SYN_TRAJ_074	9	148.09	134.0799	134.0799	observed	0.3436	SYNTHETIC_TEACHING_FIXTURE
SYN_TRAJ_074	10	148.1	135.9145	135.9145	observed	0.9458	SYNTHETIC_TEACHING_FIXTURE
SYN_TRAJ_074	11	148.11	140.3707	140.3707	observed	0.9277	SYNTHETIC_TEACHING_FIXTURE
SYN_TRAJ_074	12	148.12	140.6923		estimator_failure		SYNTHETIC_TEACHING_FIXTURE
SYN_TRAJ_074	13	148.13	142.891	142.891	observed	0.4553	SYNTHETIC_TEACHING_FIXTURE
SYN_TRAJ_074	14	148.14	142.9572	142.9572	observed	0.4565	SYNTHETIC_TEACHING_FIXTURE
SYN_TRAJ_074	15	148.15	145.9574	145.9574	observed	0.9794	SYNTHETIC_TEACHING_FIXTURE
SYN_TRAJ_074	16	148.16	149.7372	149.7372	observed	0.7126	SYNTHETIC_TEACHING_FIXTURE
SYN_TRAJ_074	17	148.17	147.2633	147.2633	observed	0.5966	SYNTHETIC_TEACHING_FIXTURE
SYN_TRAJ_074	18	148.18	149.1355	149.1355	observed	0.9671	SYNTHETIC_TEACHING_FIXTURE
SYN_TRAJ_074	19	148.19	147.0264	147.0264	observed	0.3656	SYNTHETIC_TEACHING_FIXTURE
SYN_TRAJ_074	20	148.2	143.7684	143.7684	observed	0.6392	SYNTHETIC_TEACHING_FIXTURE
SYN_TRAJ_074	21	148.21	144.2113	144.2113	observed	0.4166	SYNTHETIC_TEACHING_FIXTURE
SYN_TRAJ_074	22	148.22	140.6028	140.6028	observed	0.6325	SYNTHETIC_TEACHING_FIXTURE
SYN_TRAJ_074	23	148.23	139.3925	139.3925	observed	0.8413	SYNTHETIC_TEACHING_FIXTURE
SYN_TRAJ_074	24	148.24	134.0269	134.0269	observed	0.3757	SYNTHETIC_TEACHING_FIXTURE
SYN_TRAJ_074	25	148.25	133.9895	133.9895	observed	0.4532	SYNTHETIC_TEACHING_FIXTURE
SYN_TRAJ_074	26	148.26	136.0224	136.0224	observed	0.7565	SYNTHETIC_TEACHING_FIXTURE
SYN_TRAJ_074	27	148.27	131.4263	131.4263	observed	0.9019	SYNTHETIC_TEACHING_FIXTURE
SYN_TRAJ_074	28	148.28	131.2156	131.2156	observed	0.8701	SYNTHETIC_TEACHING_FIXTURE
SYN_TRAJ_074	29	148.29	125.6604	125.6604	observed	0.3108	SYNTHETIC_TEACHING_FIXTURE
SYN_TRAJ_074	30	148.3	124.9835	124.9835	observed	0.7849	SYNTHETIC_TEACHING_FIXTURE
SYN_TRAJ_074	31	148.31	120.2304	120.2304	observed	0.702	SYNTHETIC_TEACHING_FIXTURE
SYN_TRAJ_074	32	148.32	119.5692	119.5692	observed	0.6939	SYNTHETIC_TEACHING_FIXTURE
SYN_TRAJ_074	33	148.33	122.7104	122.7104	observed	0.5167	SYNTHETIC_TEACHING_FIXTURE
SYN_TRAJ_074	34	148.34	122.2523		quality_rejection		SYNTHETIC_TEACHING_FIXTURE
SYN_TRAJ_074	35	148.35	115.786	115.786	observed	0.5514	SYNTHETIC_TEACHING_FIXTURE
SYN_TRAJ_074	36	148.36	117.2327	117.2327	observed	0.5076	SYNTHETIC_TEACHING_FIXTURE
SYN_TRAJ_074	37	148.37	115.6993	115.6993	observed	0.2514	SYNTHETIC_TEACHING_FIXTURE
SYN_TRAJ_074	38	148.38	114.6206	114.6206	observed	0.9366	SYNTHETIC_TEACHING_FIXTURE
SYN_TRAJ_074	39	148.39	117.1068	117.1068	observed	0.8761	SYNTHETIC_TEACHING_FIXTURE
SYN_TRAJ_074	40	148.4	117.0973	117.0973	observed	0.5164	SYNTHETIC_TEACHING_FIXTURE
SYN_TRAJ_074	41	148.41	114.7632	114.7632	observed	0.7834	SYNTHETIC_TEACHING_FIXTURE
SYN_TRAJ_074	42	148.42	116.0711	116.0711	observed	0.3767	SYNTHETIC_TEACHING_FIXTURE
SYN_TRAJ_074	43	148.43	116.4964	116.4964	observed	0.7199	SYNTHETIC_TEACHING_FIXTURE
SYN_TRAJ_074	44	148.44	115.3803	115.3803	observed	0.596	SYNTHETIC_TEACHING_FIXTURE
SYN_TRAJ_075	0	150.0			structural_unvoiced		SYNTHETIC_TEACHING_FIXTURE
SYN_TRAJ_075	1	150.01			structural_unvoiced		SYNTHETIC_TEACHING_FIXTURE
SYN_TRAJ_075	2	150.02			structural_unvoiced		SYNTHETIC_TEACHING_FIXTURE
SYN_TRAJ_075	3	150.03	120.7687	120.7687	observed	0.4221	SYNTHETIC_TEACHING_FIXTURE
SYN_TRAJ_075	4	150.04	121.5632	121.5632	observed	0.732	SYNTHETIC_TEACHING_FIXTURE
SYN_TRAJ_075	5	150.05	122.4509	122.4509	observed	0.6826	SYNTHETIC_TEACHING_FIXTURE
SYN_TRAJ_075	6	150.06	129.0171	129.0171	observed	0.4532	SYNTHETIC_TEACHING_FIXTURE
SYN_TRAJ_075	7	150.07	131.262	131.262	observed	0.4973	SYNTHETIC_TEACHING_FIXTURE
SYN_TRAJ_075	8	150.08	127.271	127.271	observed	0.2919	SYNTHETIC_TEACHING_FIXTURE
SYN_TRAJ_075	9	150.09	128.8352	128.8352	observed	0.5554	SYNTHETIC_TEACHING_FIXTURE
SYN_TRAJ_075	10	150.1	130.9901	130.9901	observed	0.4016	SYNTHETIC_TEACHING_FIXTURE
SYN_TRAJ_075	11	150.11	130.1501	130.1501	observed	0.3107	SYNTHETIC_TEACHING_FIXTURE
SYN_TRAJ_075	12	150.12	130.5229	130.5229	observed	0.3086	SYNTHETIC_TEACHING_FIXTURE
SYN_TRAJ_075	13	150.13	132.5384	132.5384	observed	0.626	SYNTHETIC_TEACHING_FIXTURE
SYN_TRAJ_075	14	150.14	132.4042	132.4042	observed	0.2834	SYNTHETIC_TEACHING_FIXTURE
SYN_TRAJ_075	15	150.15	139.2876	139.2876	observed	0.3656	SYNTHETIC_TEACHING_FIXTURE
SYN_TRAJ_075	16	150.16	140.2649	140.2649	observed	0.6867	SYNTHETIC_TEACHING_FIXTURE
SYN_TRAJ_075	17	150.17	140.7765	140.7765	observed	0.7012	SYNTHETIC_TEACHING_FIXTURE
SYN_TRAJ_075	18	150.18	143.2715	143.2715	observed	0.8933	SYNTHETIC_TEACHING_FIXTURE
SYN_TRAJ_075	19	150.19	143.5703	143.5703	observed	0.8183	SYNTHETIC_TEACHING_FIXTURE
SYN_TRAJ_075	20	150.2	141.8317	141.8317	observed	0.5202	SYNTHETIC_TEACHING_FIXTURE
SYN_TRAJ_075	21	150.21	143.5288	143.5288	observed	0.3242	SYNTHETIC_TEACHING_FIXTURE
SYN_TRAJ_075	22	150.22	141.7303	141.7303	observed	0.3543	SYNTHETIC_TEACHING_FIXTURE
SYN_TRAJ_075	23	150.23	141.6369	141.6369	observed	0.5333	SYNTHETIC_TEACHING_FIXTURE
SYN_TRAJ_075	24	150.24	141.6065	141.6065	observed	0.4326	SYNTHETIC_TEACHING_FIXTURE
SYN_TRAJ_075	25	150.25	138.6336	138.6336	observed	0.5596	SYNTHETIC_TEACHING_FIXTURE
SYN_TRAJ_075	26	150.26	138.4437	138.4437	observed	0.9622	SYNTHETIC_TEACHING_FIXTURE
SYN_TRAJ_075	27	150.27	130.7522	130.7522	observed	0.4996	SYNTHETIC_TEACHING_FIXTURE
SYN_TRAJ_075	28	150.28	127.9182	127.9182	observed	0.933	SYNTHETIC_TEACHING_FIXTURE
SYN_TRAJ_075	29	150.29	120.6958	120.6958	observed	0.9395	SYNTHETIC_TEACHING_FIXTURE
SYN_TRAJ_075	30	150.3	120.695	120.695	observed	0.7034	SYNTHETIC_TEACHING_FIXTURE
SYN_TRAJ_075	31	150.31	122.4455	122.4455	observed	0.4632	SYNTHETIC_TEACHING_FIXTURE
SYN_TRAJ_075	32	150.32			structural_unvoiced		SYNTHETIC_TEACHING_FIXTURE
SYN_TRAJ_075	33	150.33			structural_unvoiced		SYNTHETIC_TEACHING_FIXTURE
SYN_TRAJ_075	34	150.34			structural_unvoiced		SYNTHETIC_TEACHING_FIXTURE
SYN_TRAJ_076	0	152.0	129.0976	129.0976	observed	0.5216	SYNTHETIC_TEACHING_FIXTURE
SYN_TRAJ_076	1	152.01	126.9261	126.9261	observed	0.9769	SYNTHETIC_TEACHING_FIXTURE
SYN_TRAJ_076	2	152.02	127.0694	127.0694	observed	0.8964	SYNTHETIC_TEACHING_FIXTURE
SYN_TRAJ_076	3	152.03	124.4515	124.4515	observed	0.6622	SYNTHETIC_TEACHING_FIXTURE
SYN_TRAJ_076	4	152.04	125.7877	125.7877	observed	0.785	SYNTHETIC_TEACHING_FIXTURE
SYN_TRAJ_076	5	152.05	129.3781	129.3781	observed	0.8845	SYNTHETIC_TEACHING_FIXTURE
SYN_TRAJ_076	6	152.06	126.2573	126.2573	observed	0.3484	SYNTHETIC_TEACHING_FIXTURE
SYN_TRAJ_076	7	152.07	128.3789	128.3789	observed	0.3231	SYNTHETIC_TEACHING_FIXTURE
SYN_TRAJ_076	8	152.08	129.58	129.58	observed	0.6562	SYNTHETIC_TEACHING_FIXTURE
SYN_TRAJ_076	9	152.09	134.5656		quality_rejection		SYNTHETIC_TEACHING_FIXTURE
SYN_TRAJ_076	10	152.1	133.3149	133.3149	observed	0.3612	SYNTHETIC_TEACHING_FIXTURE
SYN_TRAJ_076	11	152.11	135.9196	135.9196	observed	0.4233	SYNTHETIC_TEACHING_FIXTURE
SYN_TRAJ_076	12	152.12	136.776	136.776	observed	0.7436	SYNTHETIC_TEACHING_FIXTURE
SYN_TRAJ_076	13	152.13	143.3254	143.3254	observed	0.8422	SYNTHETIC_TEACHING_FIXTURE
SYN_TRAJ_076	14	152.14	141.2851	141.2851	observed	0.9823	SYNTHETIC_TEACHING_FIXTURE
SYN_TRAJ_076	15	152.15	142.7043	142.7043	observed	0.6292	SYNTHETIC_TEACHING_FIXTURE
SYN_TRAJ_076	16	152.16	141.0766	141.0766	observed	0.8929	SYNTHETIC_TEACHING_FIXTURE
SYN_TRAJ_076	17	152.17	144.652	144.652	observed	0.6745	SYNTHETIC_TEACHING_FIXTURE
SYN_TRAJ_076	18	152.18	149.4208	149.4208	observed	0.9099	SYNTHETIC_TEACHING_FIXTURE
SYN_TRAJ_076	19	152.19	150.0543	150.0543	observed	0.4122	SYNTHETIC_TEACHING_FIXTURE
SYN_TRAJ_076	20	152.2	149.0925	149.0925	observed	0.427	SYNTHETIC_TEACHING_FIXTURE
SYN_TRAJ_076	21	152.21	146.8165	146.8165	observed	0.6839	SYNTHETIC_TEACHING_FIXTURE
SYN_TRAJ_076	22	152.22	149.3895	149.3895	observed	0.4845	SYNTHETIC_TEACHING_FIXTURE
SYN_TRAJ_076	23	152.23	147.9586	147.9586	observed	0.9708	SYNTHETIC_TEACHING_FIXTURE
SYN_TRAJ_076	24	152.24	144.734	144.734	observed	0.7362	SYNTHETIC_TEACHING_FIXTURE
SYN_TRAJ_076	25	152.25	147.2865	147.2865	observed	0.2645	SYNTHETIC_TEACHING_FIXTURE
SYN_TRAJ_076	26	152.26	145.9166	145.9166	observed	0.7344	SYNTHETIC_TEACHING_FIXTURE
SYN_TRAJ_076	27	152.27	145.6571	145.6571	observed	0.5376	SYNTHETIC_TEACHING_FIXTURE
SYN_TRAJ_076	28	152.28	141.1412	141.1412	observed	0.5816	SYNTHETIC_TEACHING_FIXTURE
SYN_TRAJ_076	29	152.29	136.723	136.723	observed	0.3704	SYNTHETIC_TEACHING_FIXTURE
SYN_TRAJ_076	30	152.3	135.1324	135.1324	observed	0.9202	SYNTHETIC_TEACHING_FIXTURE
SYN_TRAJ_076	31	152.31	132.7906	132.7906	observed	0.7354	SYNTHETIC_TEACHING_FIXTURE
SYN_TRAJ_076	32	152.32	128.5729	128.5729	observed	0.5531	SYNTHETIC_TEACHING_FIXTURE
SYN_TRAJ_076	33	152.33	129.7105	129.7105	observed	0.5838	SYNTHETIC_TEACHING_FIXTURE
SYN_TRAJ_076	34	152.34	127.6856	127.6856	observed	0.6732	SYNTHETIC_TEACHING_FIXTURE
SYN_TRAJ_076	35	152.35	126.2132	126.2132	observed	0.8295	SYNTHETIC_TEACHING_FIXTURE
SYN_TRAJ_076	36	152.36	125.753	125.753	observed	0.5039	SYNTHETIC_TEACHING_FIXTURE
SYN_TRAJ_076	37	152.37	127.1024	127.1024	observed	0.406	SYNTHETIC_TEACHING_FIXTURE
SYN_TRAJ_076	38	152.38	127.2007	127.2007	observed	0.7837	SYNTHETIC_TEACHING_FIXTURE
SYN_TRAJ_076	39	152.39	124.8925	124.8925	observed	0.2942	SYNTHETIC_TEACHING_FIXTURE
SYN_TRAJ_076	40	152.4	129.5038	129.5038	observed	0.8309	SYNTHETIC_TEACHING_FIXTURE
SYN_TRAJ_076	41	152.41	131.5856	131.5856	observed	0.7246	SYNTHETIC_TEACHING_FIXTURE
SYN_TRAJ_076	42	152.42	127.618	127.618	observed	0.5525	SYNTHETIC_TEACHING_FIXTURE
SYN_TRAJ_076	43	152.43	122.4351	122.4351	observed	0.6716	SYNTHETIC_TEACHING_FIXTURE
SYN_TRAJ_076	44	152.44	120.8314	120.8314	observed	0.3865	SYNTHETIC_TEACHING_FIXTURE
SYN_TRAJ_076	45	152.45	123.9419	123.9419	observed	0.4956	SYNTHETIC_TEACHING_FIXTURE
SYN_TRAJ_076	46	152.46	121.6592	121.6592	observed	0.8814	SYNTHETIC_TEACHING_FIXTURE
SYN_TRAJ_076	47	152.47	118.1142	118.1142	observed	0.4356	SYNTHETIC_TEACHING_FIXTURE
SYN_TRAJ_076	48	152.48	119.7229	119.7229	observed	0.6327	SYNTHETIC_TEACHING_FIXTURE
SYN_TRAJ_076	49	152.49	119.831	119.831	observed	0.6329	SYNTHETIC_TEACHING_FIXTURE
SYN_TRAJ_077	0	154.0	125.2289	125.2289	observed	0.8127	SYNTHETIC_TEACHING_FIXTURE
SYN_TRAJ_077	1	154.01	128.8132	128.8132	observed	0.8499	SYNTHETIC_TEACHING_FIXTURE
SYN_TRAJ_077	2	154.02	132.2088	132.2088	observed	0.9566	SYNTHETIC_TEACHING_FIXTURE
SYN_TRAJ_077	3	154.03	130.0393	130.0393	observed	0.3298	SYNTHETIC_TEACHING_FIXTURE
SYN_TRAJ_077	4	154.04	130.5294	130.5294	observed	0.4851	SYNTHETIC_TEACHING_FIXTURE
SYN_TRAJ_077	5	154.05	125.875	125.875	observed	0.9158	SYNTHETIC_TEACHING_FIXTURE
SYN_TRAJ_077	6	154.06	124.6124	124.6124	observed	0.5418	SYNTHETIC_TEACHING_FIXTURE
SYN_TRAJ_077	7	154.07	123.9439	123.9439	observed	0.7072	SYNTHETIC_TEACHING_FIXTURE
SYN_TRAJ_077	8	154.08	127.7497	127.7497	observed	0.2566	SYNTHETIC_TEACHING_FIXTURE
SYN_TRAJ_077	9	154.09	130.3127	130.3127	observed	0.3987	SYNTHETIC_TEACHING_FIXTURE
SYN_TRAJ_077	10	154.1	136.7937	136.7937	observed	0.9808	SYNTHETIC_TEACHING_FIXTURE
SYN_TRAJ_077	11	154.11	138.9684	138.9684	observed	0.8763	SYNTHETIC_TEACHING_FIXTURE
SYN_TRAJ_077	12	154.12	140.6521	140.6521	observed	0.5112	SYNTHETIC_TEACHING_FIXTURE
SYN_TRAJ_077	13	154.13	144.0756	144.0756	observed	0.4533	SYNTHETIC_TEACHING_FIXTURE
SYN_TRAJ_077	14	154.14	143.6925	143.6925	observed	0.7905	SYNTHETIC_TEACHING_FIXTURE
SYN_TRAJ_077	15	154.15	144.7101	144.7101	observed	0.9651	SYNTHETIC_TEACHING_FIXTURE
SYN_TRAJ_077	16	154.16	145.6907	145.6907	observed	0.3037	SYNTHETIC_TEACHING_FIXTURE
SYN_TRAJ_077	17	154.17	144.0608	144.0608	observed	0.3459	SYNTHETIC_TEACHING_FIXTURE
SYN_TRAJ_077	18	154.18	141.2994	141.2994	observed	0.9604	SYNTHETIC_TEACHING_FIXTURE
SYN_TRAJ_077	19	154.19	137.8806	137.8806	observed	0.5104	SYNTHETIC_TEACHING_FIXTURE
SYN_TRAJ_077	20	154.2	131.4266	131.4266	observed	0.3307	SYNTHETIC_TEACHING_FIXTURE
SYN_TRAJ_077	21	154.21	130.1082	130.1082	observed	0.8498	SYNTHETIC_TEACHING_FIXTURE
SYN_TRAJ_077	22	154.22	127.6342	127.6342	observed	0.7623	SYNTHETIC_TEACHING_FIXTURE
SYN_TRAJ_077	23	154.23	123.48	123.48	observed	0.9441	SYNTHETIC_TEACHING_FIXTURE
SYN_TRAJ_077	24	154.24	121.1826	121.1826	observed	0.6888	SYNTHETIC_TEACHING_FIXTURE
SYN_TRAJ_077	25	154.25	122.6609	122.6609	observed	0.7835	SYNTHETIC_TEACHING_FIXTURE
SYN_TRAJ_077	26	154.26	117.9493	117.9493	observed	0.8256	SYNTHETIC_TEACHING_FIXTURE
SYN_TRAJ_078	0	156.0	129.2578	129.2578	observed	0.3094	SYNTHETIC_TEACHING_FIXTURE
SYN_TRAJ_078	1	156.01	127.8121	127.8121	observed	0.5963	SYNTHETIC_TEACHING_FIXTURE
SYN_TRAJ_078	2	156.02	129.9044	129.9044	observed	0.658	SYNTHETIC_TEACHING_FIXTURE
SYN_TRAJ_078	3	156.03	130.9382	130.9382	observed	0.9524	SYNTHETIC_TEACHING_FIXTURE
SYN_TRAJ_078	4	156.04	132.5441	132.5441	observed	0.4309	SYNTHETIC_TEACHING_FIXTURE
SYN_TRAJ_078	5	156.05	127.467	127.467	observed	0.4507	SYNTHETIC_TEACHING_FIXTURE
SYN_TRAJ_078	6	156.06	127.8449	127.8449	observed	0.4791	SYNTHETIC_TEACHING_FIXTURE
SYN_TRAJ_078	7	156.07	130.9216	130.9216	observed	0.8278	SYNTHETIC_TEACHING_FIXTURE
SYN_TRAJ_078	8	156.08	130.1149	130.1149	observed	0.6085	SYNTHETIC_TEACHING_FIXTURE
SYN_TRAJ_078	9	156.09	132.0943	132.0943	observed	0.6913	SYNTHETIC_TEACHING_FIXTURE
SYN_TRAJ_078	10	156.1	133.119	133.119	observed	0.5456	SYNTHETIC_TEACHING_FIXTURE
SYN_TRAJ_078	11	156.11	134.5303	134.5303	observed	0.4588	SYNTHETIC_TEACHING_FIXTURE
SYN_TRAJ_078	12	156.12	137.8424	137.8424	observed	0.3709	SYNTHETIC_TEACHING_FIXTURE
SYN_TRAJ_078	13	156.13	141.2189	141.2189	observed	0.9248	SYNTHETIC_TEACHING_FIXTURE
SYN_TRAJ_078	14	156.14	141.0999	141.0999	observed	0.9683	SYNTHETIC_TEACHING_FIXTURE
SYN_TRAJ_078	15	156.15	143.1336	143.1336	observed	0.2965	SYNTHETIC_TEACHING_FIXTURE
SYN_TRAJ_078	16	156.16	149.097	149.097	observed	0.7948	SYNTHETIC_TEACHING_FIXTURE
SYN_TRAJ_078	17	156.17	153.1279	153.1279	observed	0.3705	SYNTHETIC_TEACHING_FIXTURE
SYN_TRAJ_078	18	156.18	151.7959	151.7959	observed	0.8627	SYNTHETIC_TEACHING_FIXTURE
SYN_TRAJ_078	19	156.19	150.6015	150.6015	observed	0.286	SYNTHETIC_TEACHING_FIXTURE
SYN_TRAJ_078	20	156.2	151.2542	151.2542	observed	0.4919	SYNTHETIC_TEACHING_FIXTURE
SYN_TRAJ_078	21	156.21	149.9244	149.9244	observed	0.8599	SYNTHETIC_TEACHING_FIXTURE
SYN_TRAJ_078	22	156.22	145.8081	145.8081	observed	0.8885	SYNTHETIC_TEACHING_FIXTURE
SYN_TRAJ_078	23	156.23	145.2924	145.2924	observed	0.6817	SYNTHETIC_TEACHING_FIXTURE
SYN_TRAJ_078	24	156.24	141.1372	141.1372	observed	0.7941	SYNTHETIC_TEACHING_FIXTURE
SYN_TRAJ_078	25	156.25	137.1964	137.1964	observed	0.4746	SYNTHETIC_TEACHING_FIXTURE
SYN_TRAJ_078	26	156.26	135.9536	135.9536	observed	0.5103	SYNTHETIC_TEACHING_FIXTURE
SYN_TRAJ_078	27	156.27	133.0722	133.0722	observed	0.2984	SYNTHETIC_TEACHING_FIXTURE
SYN_TRAJ_078	28	156.28	132.6491	132.6491	observed	0.6546	SYNTHETIC_TEACHING_FIXTURE
SYN_TRAJ_078	29	156.29	129.912	129.912	observed	0.3893	SYNTHETIC_TEACHING_FIXTURE
SYN_TRAJ_078	30	156.3	130.1666	130.1666	observed	0.6248	SYNTHETIC_TEACHING_FIXTURE
SYN_TRAJ_078	31	156.31	129.0491	129.0491	observed	0.7272	SYNTHETIC_TEACHING_FIXTURE
SYN_TRAJ_078	32	156.32	127.5032	127.5032	observed	0.975	SYNTHETIC_TEACHING_FIXTURE
SYN_TRAJ_078	33	156.33	125.3757	125.3757	observed	0.8134	SYNTHETIC_TEACHING_FIXTURE
SYN_TRAJ_078	34	156.34	121.4933	121.4933	observed	0.2741	SYNTHETIC_TEACHING_FIXTURE
SYN_TRAJ_078	35	156.35	125.0526	125.0526	observed	0.9354	SYNTHETIC_TEACHING_FIXTURE
SYN_TRAJ_078	36	156.36	124.6222	124.6222	observed	0.5279	SYNTHETIC_TEACHING_FIXTURE
SYN_TRAJ_078	37	156.37	126.3094	126.3094	observed	0.8453	SYNTHETIC_TEACHING_FIXTURE
SYN_TRAJ_078	38	156.38	124.6386	124.6386	observed	0.8421	SYNTHETIC_TEACHING_FIXTURE
SYN_TRAJ_078	39	156.39	122.7131	122.7131	observed	0.4072	SYNTHETIC_TEACHING_FIXTURE
SYN_TRAJ_078	40	156.4	122.0274	122.0274	observed	0.7636	SYNTHETIC_TEACHING_FIXTURE
SYN_TRAJ_078	41	156.41	120.77	120.77	observed	0.9558	SYNTHETIC_TEACHING_FIXTURE
SYN_TRAJ_078	42	156.42	122.0907	122.0907	observed	0.5862	SYNTHETIC_TEACHING_FIXTURE
SYN_TRAJ_078	43	156.43	119.4816	119.4816	observed	0.3134	SYNTHETIC_TEACHING_FIXTURE
SYN_TRAJ_078	44	156.44	122.6767	122.6767	observed	0.5391	SYNTHETIC_TEACHING_FIXTURE
SYN_TRAJ_079	0	158.0	126.3831	126.3831	observed	0.6825	SYNTHETIC_TEACHING_FIXTURE
SYN_TRAJ_079	1	158.01	127.1043	127.1043	observed	0.3184	SYNTHETIC_TEACHING_FIXTURE
SYN_TRAJ_079	2	158.02	127.8627	127.8627	observed	0.5089	SYNTHETIC_TEACHING_FIXTURE
SYN_TRAJ_079	3	158.03	131.9868	131.9868	observed	0.4448	SYNTHETIC_TEACHING_FIXTURE
SYN_TRAJ_079	4	158.04	128.8895	128.8895	observed	0.5792	SYNTHETIC_TEACHING_FIXTURE
SYN_TRAJ_079	5	158.05	129.7146	129.7146	observed	0.5045	SYNTHETIC_TEACHING_FIXTURE
SYN_TRAJ_079	6	158.06	129.6159	129.6159	observed	0.4346	SYNTHETIC_TEACHING_FIXTURE
SYN_TRAJ_079	7	158.07	126.7115	126.7115	observed	0.3524	SYNTHETIC_TEACHING_FIXTURE
SYN_TRAJ_079	8	158.08	131.1612	131.1612	observed	0.2752	SYNTHETIC_TEACHING_FIXTURE
SYN_TRAJ_079	9	158.09	129.828	129.828	observed	0.7443	SYNTHETIC_TEACHING_FIXTURE
SYN_TRAJ_079	10	158.1	130.5372	130.5372	observed	0.5857	SYNTHETIC_TEACHING_FIXTURE
SYN_TRAJ_079	11	158.11	130.5908	130.5908	observed	0.6591	SYNTHETIC_TEACHING_FIXTURE
SYN_TRAJ_079	12	158.12	132.7464	132.7464	observed	0.9736	SYNTHETIC_TEACHING_FIXTURE
SYN_TRAJ_079	13	158.13	134.7035	134.7035	observed	0.4721	SYNTHETIC_TEACHING_FIXTURE
SYN_TRAJ_079	14	158.14	139.1151	139.1151	observed	0.7369	SYNTHETIC_TEACHING_FIXTURE
SYN_TRAJ_079	15	158.15	141.0625	141.0625	observed	0.7662	SYNTHETIC_TEACHING_FIXTURE
SYN_TRAJ_079	16	158.16	141.8108	141.8108	observed	0.8813	SYNTHETIC_TEACHING_FIXTURE
SYN_TRAJ_079	17	158.17	142.3968	142.3968	observed	0.8713	SYNTHETIC_TEACHING_FIXTURE
SYN_TRAJ_079	18	158.18	147.1235	147.1235	observed	0.3942	SYNTHETIC_TEACHING_FIXTURE
SYN_TRAJ_079	19	158.19	148.5327	148.5327	observed	0.9294	SYNTHETIC_TEACHING_FIXTURE
SYN_TRAJ_079	20	158.2	143.8692	143.8692	observed	0.7253	SYNTHETIC_TEACHING_FIXTURE
SYN_TRAJ_079	21	158.21	139.9226		estimator_failure		SYNTHETIC_TEACHING_FIXTURE
SYN_TRAJ_079	22	158.22	137.7177	137.7177	observed	0.6036	SYNTHETIC_TEACHING_FIXTURE
SYN_TRAJ_079	23	158.23	136.0697	136.0697	observed	0.5178	SYNTHETIC_TEACHING_FIXTURE
SYN_TRAJ_079	24	158.24	133.1441	133.1441	observed	0.5563	SYNTHETIC_TEACHING_FIXTURE
SYN_TRAJ_079	25	158.25	130.5207	130.5207	observed	0.7163	SYNTHETIC_TEACHING_FIXTURE
SYN_TRAJ_079	26	158.26	130.6447	130.6447	observed	0.7775	SYNTHETIC_TEACHING_FIXTURE
SYN_TRAJ_079	27	158.27	129.2917	129.2917	observed	0.5471	SYNTHETIC_TEACHING_FIXTURE
SYN_TRAJ_079	28	158.28	125.2792	125.2792	observed	0.7239	SYNTHETIC_TEACHING_FIXTURE
SYN_TRAJ_079	29	158.29	121.6293	121.6293	observed	0.6776	SYNTHETIC_TEACHING_FIXTURE
SYN_TRAJ_079	30	158.3	120.8559	120.8559	observed	0.8619	SYNTHETIC_TEACHING_FIXTURE
SYN_TRAJ_079	31	158.31	120.9895	120.9895	observed	0.686	SYNTHETIC_TEACHING_FIXTURE
SYN_TRAJ_080	0	160.0			structural_unvoiced		SYNTHETIC_TEACHING_FIXTURE
SYN_TRAJ_080	1	160.01			structural_unvoiced		SYNTHETIC_TEACHING_FIXTURE
SYN_TRAJ_080	2	160.02			structural_unvoiced		SYNTHETIC_TEACHING_FIXTURE
SYN_TRAJ_080	3	160.03	129.1409	129.1409	observed	0.8033	SYNTHETIC_TEACHING_FIXTURE
SYN_TRAJ_080	4	160.04	126.9489	126.9489	observed	0.7736	SYNTHETIC_TEACHING_FIXTURE
SYN_TRAJ_080	5	160.05	126.5948	126.5948	observed	0.6124	SYNTHETIC_TEACHING_FIXTURE
SYN_TRAJ_080	6	160.06	133.4366	133.4366	observed	0.8111	SYNTHETIC_TEACHING_FIXTURE
SYN_TRAJ_080	7	160.07	133.5332	133.5332	observed	0.3576	SYNTHETIC_TEACHING_FIXTURE
SYN_TRAJ_080	8	160.08	136.2946	136.2946	observed	0.9619	SYNTHETIC_TEACHING_FIXTURE
SYN_TRAJ_080	9	160.09	135.3577	135.3577	observed	0.5453	SYNTHETIC_TEACHING_FIXTURE
SYN_TRAJ_080	10	160.1	137.6421	137.6421	observed	0.5061	SYNTHETIC_TEACHING_FIXTURE
SYN_TRAJ_080	11	160.11	141.0205	141.0205	observed	0.9761	SYNTHETIC_TEACHING_FIXTURE
SYN_TRAJ_080	12	160.12	141.4093	141.4093	observed	0.5174	SYNTHETIC_TEACHING_FIXTURE
SYN_TRAJ_080	13	160.13	145.6457	145.6457	observed	0.7133	SYNTHETIC_TEACHING_FIXTURE
SYN_TRAJ_080	14	160.14	144.6296	144.6296	observed	0.5389	SYNTHETIC_TEACHING_FIXTURE
SYN_TRAJ_080	15	160.15	146.8141	146.8141	observed	0.9005	SYNTHETIC_TEACHING_FIXTURE
SYN_TRAJ_080	16	160.16	149.45	149.45	observed	0.7888	SYNTHETIC_TEACHING_FIXTURE
SYN_TRAJ_080	17	160.17	147.376	147.376	observed	0.5448	SYNTHETIC_TEACHING_FIXTURE
SYN_TRAJ_080	18	160.18	147.6946	147.6946	observed	0.315	SYNTHETIC_TEACHING_FIXTURE
SYN_TRAJ_080	19	160.19	148.004	148.004	observed	0.6697	SYNTHETIC_TEACHING_FIXTURE
SYN_TRAJ_080	20	160.2	151.553	151.553	observed	0.2595	SYNTHETIC_TEACHING_FIXTURE
SYN_TRAJ_080	21	160.21	152.8448	152.8448	observed	0.8762	SYNTHETIC_TEACHING_FIXTURE
SYN_TRAJ_080	22	160.22	154.2124	154.2124	observed	0.365	SYNTHETIC_TEACHING_FIXTURE
SYN_TRAJ_080	23	160.23	154.8231	154.8231	observed	0.9188	SYNTHETIC_TEACHING_FIXTURE
SYN_TRAJ_080	24	160.24	151.7455	151.7455	observed	0.5762	SYNTHETIC_TEACHING_FIXTURE
SYN_TRAJ_080	25	160.25	147.1871	147.1871	observed	0.5128	SYNTHETIC_TEACHING_FIXTURE
SYN_TRAJ_080	26	160.26	146.4382	146.4382	observed	0.4177	SYNTHETIC_TEACHING_FIXTURE
SYN_TRAJ_080	27	160.27	144.2443	144.2443	observed	0.451	SYNTHETIC_TEACHING_FIXTURE
SYN_TRAJ_080	28	160.28	144.1185	144.1185	observed	0.5772	SYNTHETIC_TEACHING_FIXTURE
SYN_TRAJ_080	29	160.29	145.1661	145.1661	observed	0.7978	SYNTHETIC_TEACHING_FIXTURE
SYN_TRAJ_080	30	160.3	143.4495	143.4495	observed	0.5883	SYNTHETIC_TEACHING_FIXTURE
SYN_TRAJ_080	31	160.31	139.2141	139.2141	observed	0.4793	SYNTHETIC_TEACHING_FIXTURE
SYN_TRAJ_080	32	160.32	135.6184	135.6184	observed	0.417	SYNTHETIC_TEACHING_FIXTURE
SYN_TRAJ_080	33	160.33	134.2731	134.2731	observed	0.3577	SYNTHETIC_TEACHING_FIXTURE
SYN_TRAJ_080	34	160.34	134.9567	134.9567	observed	0.6778	SYNTHETIC_TEACHING_FIXTURE
SYN_TRAJ_080	35	160.35	130.7221	130.7221	observed	0.8211	SYNTHETIC_TEACHING_FIXTURE
SYN_TRAJ_080	36	160.36	126.4707	126.4707	observed	0.7148	SYNTHETIC_TEACHING_FIXTURE
SYN_TRAJ_080	37	160.37	125.3644	125.3644	observed	0.4537	SYNTHETIC_TEACHING_FIXTURE
SYN_TRAJ_080	38	160.38	125.5114	125.5114	observed	0.707	SYNTHETIC_TEACHING_FIXTURE
SYN_TRAJ_080	39	160.39	126.0206	126.0206	observed	0.5017	SYNTHETIC_TEACHING_FIXTURE
SYN_TRAJ_080	40	160.4	120.0139	120.0139	observed	0.3563	SYNTHETIC_TEACHING_FIXTURE
SYN_TRAJ_080	41	160.41	119.302	119.302	observed	0.3169	SYNTHETIC_TEACHING_FIXTURE
SYN_TRAJ_080	42	160.42	120.7202	120.7202	observed	0.6552	SYNTHETIC_TEACHING_FIXTURE
SYN_TRAJ_080	43	160.43	120.989		estimator_failure		SYNTHETIC_TEACHING_FIXTURE
SYN_TRAJ_080	44	160.44	120.3899	120.3899	observed	0.8451	SYNTHETIC_TEACHING_FIXTURE
SYN_TRAJ_080	45	160.45	119.2127	119.2127	observed	0.2791	SYNTHETIC_TEACHING_FIXTURE
SYN_TRAJ_080	46	160.46	120.1296	120.1296	observed	0.9379	SYNTHETIC_TEACHING_FIXTURE
SYN_TRAJ_080	47	160.47	122.9691	122.9691	observed	0.264	SYNTHETIC_TEACHING_FIXTURE
SYN_TRAJ_080	48	160.48	122.1958	122.1958	observed	0.8198	SYNTHETIC_TEACHING_FIXTURE
SYN_TRAJ_080	49	160.49	123.4087	123.4087	observed	0.3367	SYNTHETIC_TEACHING_FIXTURE
SYN_TRAJ_080	50	160.5			structural_unvoiced		SYNTHETIC_TEACHING_FIXTURE
SYN_TRAJ_080	51	160.51			structural_unvoiced		SYNTHETIC_TEACHING_FIXTURE
SYN_TRAJ_081	0	162.0	121.4894	121.4894	observed	0.873	SYNTHETIC_TEACHING_FIXTURE
SYN_TRAJ_081	1	162.01	120.122	120.122	observed	0.7055	SYNTHETIC_TEACHING_FIXTURE
SYN_TRAJ_081	2	162.02	119.5113	119.5113	observed	0.2895	SYNTHETIC_TEACHING_FIXTURE
SYN_TRAJ_081	3	162.03	119.6029	119.6029	observed	0.2911	SYNTHETIC_TEACHING_FIXTURE
SYN_TRAJ_081	4	162.04	120.4667	120.4667	observed	0.2796	SYNTHETIC_TEACHING_FIXTURE
SYN_TRAJ_081	5	162.05	120.9684	120.9684	observed	0.3377	SYNTHETIC_TEACHING_FIXTURE
SYN_TRAJ_081	6	162.06	119.9145	119.9145	observed	0.9531	SYNTHETIC_TEACHING_FIXTURE
SYN_TRAJ_081	7	162.07	124.631	124.631	observed	0.5723	SYNTHETIC_TEACHING_FIXTURE
SYN_TRAJ_081	8	162.08	128.7842	128.7842	observed	0.3656	SYNTHETIC_TEACHING_FIXTURE
SYN_TRAJ_081	9	162.09	129.366	129.366	observed	0.5621	SYNTHETIC_TEACHING_FIXTURE
SYN_TRAJ_081	10	162.1	128.6177	128.6177	observed	0.5035	SYNTHETIC_TEACHING_FIXTURE
SYN_TRAJ_081	11	162.11	126.0986	126.0986	observed	0.3943	SYNTHETIC_TEACHING_FIXTURE
SYN_TRAJ_081	12	162.12	128.2579	128.2579	observed	0.4365	SYNTHETIC_TEACHING_FIXTURE
SYN_TRAJ_081	13	162.13	131.3557	131.3557	observed	0.5401	SYNTHETIC_TEACHING_FIXTURE
SYN_TRAJ_081	14	162.14	135.2606	135.2606	observed	0.7262	SYNTHETIC_TEACHING_FIXTURE
SYN_TRAJ_081	15	162.15	138.7502		quality_rejection		SYNTHETIC_TEACHING_FIXTURE
SYN_TRAJ_081	16	162.16	139.4897	139.4897	observed	0.9442	SYNTHETIC_TEACHING_FIXTURE
SYN_TRAJ_081	17	162.17	143.3323	143.3323	observed	0.6437	SYNTHETIC_TEACHING_FIXTURE
SYN_TRAJ_081	18	162.18	139.3532	139.3532	observed	0.6418	SYNTHETIC_TEACHING_FIXTURE
SYN_TRAJ_081	19	162.19	138.6856	138.6856	observed	0.594	SYNTHETIC_TEACHING_FIXTURE
SYN_TRAJ_081	20	162.2	135.6053	135.6053	observed	0.6283	SYNTHETIC_TEACHING_FIXTURE
SYN_TRAJ_081	21	162.21	131.6347	131.6347	observed	0.9047	SYNTHETIC_TEACHING_FIXTURE
SYN_TRAJ_081	22	162.22	130.7399	130.7399	observed	0.9085	SYNTHETIC_TEACHING_FIXTURE
SYN_TRAJ_081	23	162.23	125.3542	125.3542	observed	0.8077	SYNTHETIC_TEACHING_FIXTURE
SYN_TRAJ_081	24	162.24	123.2312	123.2312	observed	0.9263	SYNTHETIC_TEACHING_FIXTURE
SYN_TRAJ_081	25	162.25	123.0809	123.0809	observed	0.6942	SYNTHETIC_TEACHING_FIXTURE
SYN_TRAJ_081	26	162.26	119.0463	119.0463	observed	0.8824	SYNTHETIC_TEACHING_FIXTURE
SYN_TRAJ_081	27	162.27	117.7928	117.7928	observed	0.8006	SYNTHETIC_TEACHING_FIXTURE
SYN_TRAJ_081	28	162.28	119.7591	119.7591	observed	0.9827	SYNTHETIC_TEACHING_FIXTURE
SYN_TRAJ_081	29	162.29	117.9181	117.9181	observed	0.3521	SYNTHETIC_TEACHING_FIXTURE
SYN_TRAJ_081	30	162.3	118.4197	118.4197	observed	0.7187	SYNTHETIC_TEACHING_FIXTURE
SYN_TRAJ_082	0	164.0	122.6374	122.6374	observed	0.3778	SYNTHETIC_TEACHING_FIXTURE
SYN_TRAJ_082	1	164.01	121.9846	121.9846	observed	0.2664	SYNTHETIC_TEACHING_FIXTURE
SYN_TRAJ_082	2	164.02	121.0755	121.0755	observed	0.5879	SYNTHETIC_TEACHING_FIXTURE
SYN_TRAJ_082	3	164.03	127.5501	127.5501	observed	0.48	SYNTHETIC_TEACHING_FIXTURE
SYN_TRAJ_082	4	164.04	126.7548	126.7548	observed	0.6706	SYNTHETIC_TEACHING_FIXTURE
SYN_TRAJ_082	5	164.05	127.622	127.622	observed	0.7621	SYNTHETIC_TEACHING_FIXTURE
SYN_TRAJ_082	6	164.06	132.3349	132.3349	observed	0.639	SYNTHETIC_TEACHING_FIXTURE
SYN_TRAJ_082	7	164.07	128.8564	128.8564	observed	0.8946	SYNTHETIC_TEACHING_FIXTURE
SYN_TRAJ_082	8	164.08	131.9475	131.9475	observed	0.2563	SYNTHETIC_TEACHING_FIXTURE
SYN_TRAJ_082	9	164.09	130.3166	130.3166	observed	0.7835	SYNTHETIC_TEACHING_FIXTURE
SYN_TRAJ_082	10	164.1	131.2717	131.2717	observed	0.9117	SYNTHETIC_TEACHING_FIXTURE
SYN_TRAJ_082	11	164.11	135.6578	135.6578	observed	0.2795	SYNTHETIC_TEACHING_FIXTURE
SYN_TRAJ_082	12	164.12	138.8446	138.8446	observed	0.7064	SYNTHETIC_TEACHING_FIXTURE
SYN_TRAJ_082	13	164.13	136.0327	136.0327	observed	0.5846	SYNTHETIC_TEACHING_FIXTURE
SYN_TRAJ_082	14	164.14	139.1352	139.1352	observed	0.2918	SYNTHETIC_TEACHING_FIXTURE
SYN_TRAJ_082	15	164.15	141.1353	141.1353	observed	0.3518	SYNTHETIC_TEACHING_FIXTURE
SYN_TRAJ_082	16	164.16	142.6418	142.6418	observed	0.637	SYNTHETIC_TEACHING_FIXTURE
SYN_TRAJ_082	17	164.17	143.164	143.164	observed	0.8994	SYNTHETIC_TEACHING_FIXTURE
SYN_TRAJ_082	18	164.18	143.954	143.954	observed	0.5813	SYNTHETIC_TEACHING_FIXTURE
SYN_TRAJ_082	19	164.19	145.4944	145.4944	observed	0.7913	SYNTHETIC_TEACHING_FIXTURE
SYN_TRAJ_082	20	164.2	144.9845	144.9845	observed	0.7702	SYNTHETIC_TEACHING_FIXTURE
SYN_TRAJ_082	21	164.21	145.3455	145.3455	observed	0.951	SYNTHETIC_TEACHING_FIXTURE
SYN_TRAJ_082	22	164.22	145.5886	145.5886	observed	0.6099	SYNTHETIC_TEACHING_FIXTURE
SYN_TRAJ_082	23	164.23	146.9467	146.9467	observed	0.7318	SYNTHETIC_TEACHING_FIXTURE
SYN_TRAJ_082	24	164.24	143.6714	143.6714	observed	0.975	SYNTHETIC_TEACHING_FIXTURE
SYN_TRAJ_082	25	164.25	145.3102	145.3102	observed	0.8491	SYNTHETIC_TEACHING_FIXTURE
SYN_TRAJ_082	26	164.26	142.504	142.504	observed	0.9045	SYNTHETIC_TEACHING_FIXTURE
SYN_TRAJ_082	27	164.27	136.4735	136.4735	observed	0.7095	SYNTHETIC_TEACHING_FIXTURE
SYN_TRAJ_082	28	164.28	131.0607	131.0607	observed	0.4231	SYNTHETIC_TEACHING_FIXTURE
SYN_TRAJ_082	29	164.29	131.1657	131.1657	observed	0.6637	SYNTHETIC_TEACHING_FIXTURE
SYN_TRAJ_082	30	164.3	127.9381	127.9381	observed	0.2937	SYNTHETIC_TEACHING_FIXTURE
SYN_TRAJ_082	31	164.31	122.7273	122.7273	observed	0.9424	SYNTHETIC_TEACHING_FIXTURE
SYN_TRAJ_082	32	164.32	120.8428	120.8428	observed	0.6612	SYNTHETIC_TEACHING_FIXTURE
SYN_TRAJ_082	33	164.33	121.1187	121.1187	observed	0.6369	SYNTHETIC_TEACHING_FIXTURE
SYN_TRAJ_082	34	164.34	119.5833	119.5833	observed	0.3969	SYNTHETIC_TEACHING_FIXTURE
SYN_TRAJ_082	35	164.35	118.9232	118.9232	observed	0.864	SYNTHETIC_TEACHING_FIXTURE
SYN_TRAJ_082	36	164.36	115.6895	115.6895	observed	0.7682	SYNTHETIC_TEACHING_FIXTURE
SYN_TRAJ_082	37	164.37	114.5397	114.5397	observed	0.7379	SYNTHETIC_TEACHING_FIXTURE
SYN_TRAJ_082	38	164.38	115.1839	115.1839	observed	0.2535	SYNTHETIC_TEACHING_FIXTURE
SYN_TRAJ_082	39	164.39	116.4723	116.4723	observed	0.8643	SYNTHETIC_TEACHING_FIXTURE
SYN_TRAJ_082	40	164.4	115.4716	115.4716	observed	0.8428	SYNTHETIC_TEACHING_FIXTURE
SYN_TRAJ_082	41	164.41	120.0284	120.0284	observed	0.7457	SYNTHETIC_TEACHING_FIXTURE
SYN_TRAJ_082	42	164.42	120.1671	120.1671	observed	0.2527	SYNTHETIC_TEACHING_FIXTURE
SYN_TRAJ_082	43	164.43	120.7147	120.7147	observed	0.8268	SYNTHETIC_TEACHING_FIXTURE
SYN_TRAJ_082	44	164.44	119.7677	119.7677	observed	0.6269	SYNTHETIC_TEACHING_FIXTURE
SYN_TRAJ_082	45	164.45	118.8274	118.8274	observed	0.2836	SYNTHETIC_TEACHING_FIXTURE
SYN_TRAJ_082	46	164.46	113.7294	113.7294	observed	0.9282	SYNTHETIC_TEACHING_FIXTURE
SYN_TRAJ_082	47	164.47	115.0504	115.0504	observed	0.3653	SYNTHETIC_TEACHING_FIXTURE
SYN_TRAJ_082	48	164.48	115.5635	115.5635	observed	0.6399	SYNTHETIC_TEACHING_FIXTURE
SYN_TRAJ_083	0	166.0	127.4126	127.4126	observed	0.2846	SYNTHETIC_TEACHING_FIXTURE
SYN_TRAJ_083	1	166.01	126.8059	126.8059	observed	0.2833	SYNTHETIC_TEACHING_FIXTURE
SYN_TRAJ_083	2	166.02	126.1223	126.1223	observed	0.8176	SYNTHETIC_TEACHING_FIXTURE
SYN_TRAJ_083	3	166.03	129.2092	129.2092	observed	0.8028	SYNTHETIC_TEACHING_FIXTURE
SYN_TRAJ_083	4	166.04	128.5592	128.5592	observed	0.4576	SYNTHETIC_TEACHING_FIXTURE
SYN_TRAJ_083	5	166.05	125.1417	125.1417	observed	0.479	SYNTHETIC_TEACHING_FIXTURE
SYN_TRAJ_083	6	166.06	120.1114	120.1114	observed	0.7162	SYNTHETIC_TEACHING_FIXTURE
SYN_TRAJ_083	7	166.07	117.9595	117.9595	observed	0.5124	SYNTHETIC_TEACHING_FIXTURE
SYN_TRAJ_083	8	166.08	122.5772		estimator_failure		SYNTHETIC_TEACHING_FIXTURE
SYN_TRAJ_083	9	166.09	126.757	126.757	observed	0.8141	SYNTHETIC_TEACHING_FIXTURE
SYN_TRAJ_083	10	166.1	127.3719	127.3719	observed	0.2579	SYNTHETIC_TEACHING_FIXTURE
SYN_TRAJ_083	11	166.11	130.3305	130.3305	observed	0.2997	SYNTHETIC_TEACHING_FIXTURE
SYN_TRAJ_083	12	166.12	131.7495	131.7495	observed	0.9857	SYNTHETIC_TEACHING_FIXTURE
SYN_TRAJ_083	13	166.13	137.2061	137.2061	observed	0.5434	SYNTHETIC_TEACHING_FIXTURE
SYN_TRAJ_083	14	166.14	137.2702	137.2702	observed	0.8142	SYNTHETIC_TEACHING_FIXTURE
SYN_TRAJ_083	15	166.15	138.3226	138.3226	observed	0.8224	SYNTHETIC_TEACHING_FIXTURE
SYN_TRAJ_083	16	166.16	142.3647	142.3647	observed	0.4576	SYNTHETIC_TEACHING_FIXTURE
SYN_TRAJ_083	17	166.17	144.7618	144.7618	observed	0.798	SYNTHETIC_TEACHING_FIXTURE
SYN_TRAJ_083	18	166.18	144.3832	144.3832	observed	0.3748	SYNTHETIC_TEACHING_FIXTURE
SYN_TRAJ_083	19	166.19	144.8438	144.8438	observed	0.7034	SYNTHETIC_TEACHING_FIXTURE
SYN_TRAJ_083	20	166.2	144.2997	144.2997	observed	0.8271	SYNTHETIC_TEACHING_FIXTURE
SYN_TRAJ_083	21	166.21	142.7727	142.7727	observed	0.3578	SYNTHETIC_TEACHING_FIXTURE
SYN_TRAJ_083	22	166.22	135.8353	135.8353	observed	0.666	SYNTHETIC_TEACHING_FIXTURE
SYN_TRAJ_083	23	166.23	132.1809	132.1809	observed	0.732	SYNTHETIC_TEACHING_FIXTURE
SYN_TRAJ_083	24	166.24	127.7803	127.7803	observed	0.5952	SYNTHETIC_TEACHING_FIXTURE
SYN_TRAJ_083	25	166.25	127.6185	127.6185	observed	0.342	SYNTHETIC_TEACHING_FIXTURE
SYN_TRAJ_083	26	166.26	123.9035	123.9035	observed	0.5572	SYNTHETIC_TEACHING_FIXTURE
SYN_TRAJ_083	27	166.27	122.5965	122.5965	observed	0.6068	SYNTHETIC_TEACHING_FIXTURE
SYN_TRAJ_083	28	166.28	121.3915	121.3915	observed	0.9007	SYNTHETIC_TEACHING_FIXTURE
SYN_TRAJ_083	29	166.29	122.0896	122.0896	observed	0.5216	SYNTHETIC_TEACHING_FIXTURE
SYN_TRAJ_083	30	166.3	121.2901	121.2901	observed	0.8795	SYNTHETIC_TEACHING_FIXTURE
SYN_TRAJ_084	0	168.0	129.9683	129.9683	observed	0.8448	SYNTHETIC_TEACHING_FIXTURE
SYN_TRAJ_084	1	168.01	126.5373	126.5373	observed	0.672	SYNTHETIC_TEACHING_FIXTURE
SYN_TRAJ_084	2	168.02	126.0731	126.0731	observed	0.5705	SYNTHETIC_TEACHING_FIXTURE
SYN_TRAJ_084	3	168.03	127.2677	127.2677	observed	0.6165	SYNTHETIC_TEACHING_FIXTURE
SYN_TRAJ_084	4	168.04	128.504	128.504	observed	0.598	SYNTHETIC_TEACHING_FIXTURE
SYN_TRAJ_084	5	168.05	133.5533	133.5533	observed	0.4934	SYNTHETIC_TEACHING_FIXTURE
SYN_TRAJ_084	6	168.06	133.6247	133.6247	observed	0.274	SYNTHETIC_TEACHING_FIXTURE
SYN_TRAJ_084	7	168.07	135.4519	135.4519	observed	0.3351	SYNTHETIC_TEACHING_FIXTURE
SYN_TRAJ_084	8	168.08	134.0458	134.0458	observed	0.8565	SYNTHETIC_TEACHING_FIXTURE
SYN_TRAJ_084	9	168.09	136.3821	136.3821	observed	0.4694	SYNTHETIC_TEACHING_FIXTURE
SYN_TRAJ_084	10	168.1	135.8053	135.8053	observed	0.3462	SYNTHETIC_TEACHING_FIXTURE
SYN_TRAJ_084	11	168.11	134.192	134.192	observed	0.7994	SYNTHETIC_TEACHING_FIXTURE
SYN_TRAJ_084	12	168.12	139.1678	139.1678	observed	0.8403	SYNTHETIC_TEACHING_FIXTURE
SYN_TRAJ_084	13	168.13	137.1773	137.1773	observed	0.8516	SYNTHETIC_TEACHING_FIXTURE
SYN_TRAJ_084	14	168.14	137.3784	137.3784	observed	0.2571	SYNTHETIC_TEACHING_FIXTURE
SYN_TRAJ_084	15	168.15	140.8704	140.8704	observed	0.5902	SYNTHETIC_TEACHING_FIXTURE
SYN_TRAJ_084	16	168.16	145.4443	145.4443	observed	0.4893	SYNTHETIC_TEACHING_FIXTURE
SYN_TRAJ_084	17	168.17	146.4461	146.4461	observed	0.5559	SYNTHETIC_TEACHING_FIXTURE
SYN_TRAJ_084	18	168.18	145.4327	145.4327	observed	0.4631	SYNTHETIC_TEACHING_FIXTURE
SYN_TRAJ_084	19	168.19	144.4094	144.4094	observed	0.5417	SYNTHETIC_TEACHING_FIXTURE
SYN_TRAJ_084	20	168.2	146.846	146.846	observed	0.4518	SYNTHETIC_TEACHING_FIXTURE
SYN_TRAJ_084	21	168.21	145.5952	145.5952	observed	0.4406	SYNTHETIC_TEACHING_FIXTURE
SYN_TRAJ_084	22	168.22	146.9296	146.9296	observed	0.5624	SYNTHETIC_TEACHING_FIXTURE
SYN_TRAJ_084	23	168.23	148.2591	148.2591	observed	0.4216	SYNTHETIC_TEACHING_FIXTURE
SYN_TRAJ_084	24	168.24	146.7917	146.7917	observed	0.4345	SYNTHETIC_TEACHING_FIXTURE
SYN_TRAJ_084	25	168.25	144.1543	144.1543	observed	0.6629	SYNTHETIC_TEACHING_FIXTURE
SYN_TRAJ_084	26	168.26	142.6514	142.6514	observed	0.8832	SYNTHETIC_TEACHING_FIXTURE
SYN_TRAJ_084	27	168.27	133.574	133.574	observed	0.7236	SYNTHETIC_TEACHING_FIXTURE
SYN_TRAJ_084	28	168.28	133.8741	133.8741	observed	0.606	SYNTHETIC_TEACHING_FIXTURE
SYN_TRAJ_084	29	168.29	130.549	130.549	observed	0.9033	SYNTHETIC_TEACHING_FIXTURE
SYN_TRAJ_084	30	168.3	131.2134		estimator_failure		SYNTHETIC_TEACHING_FIXTURE
SYN_TRAJ_084	31	168.31	131.3649	131.3649	observed	0.766	SYNTHETIC_TEACHING_FIXTURE
SYN_TRAJ_084	32	168.32	132.6905	132.6905	observed	0.7296	SYNTHETIC_TEACHING_FIXTURE
SYN_TRAJ_084	33	168.33	130.0406	130.0406	observed	0.87	SYNTHETIC_TEACHING_FIXTURE
SYN_TRAJ_084	34	168.34	126.9135	126.9135	observed	0.842	SYNTHETIC_TEACHING_FIXTURE
SYN_TRAJ_084	35	168.35	124.9066	124.9066	observed	0.749	SYNTHETIC_TEACHING_FIXTURE
SYN_TRAJ_084	36	168.36	127.1794	127.1794	observed	0.5634	SYNTHETIC_TEACHING_FIXTURE
SYN_TRAJ_084	37	168.37	124.1659	124.1659	observed	0.3612	SYNTHETIC_TEACHING_FIXTURE
SYN_TRAJ_084	38	168.38	120.7442	120.7442	observed	0.2537	SYNTHETIC_TEACHING_FIXTURE
SYN_TRAJ_084	39	168.39	123.6557	123.6557	observed	0.8355	SYNTHETIC_TEACHING_FIXTURE
SYN_TRAJ_084	40	168.4	124.873	124.873	observed	0.3302	SYNTHETIC_TEACHING_FIXTURE
SYN_TRAJ_084	41	168.41	123.5795	123.5795	observed	0.9136	SYNTHETIC_TEACHING_FIXTURE
SYN_TRAJ_084	42	168.42	120.9374	120.9374	observed	0.788	SYNTHETIC_TEACHING_FIXTURE
SYN_TRAJ_084	43	168.43	118.9875	118.9875	observed	0.6916	SYNTHETIC_TEACHING_FIXTURE
SYN_TRAJ_084	44	168.44	120.0661	120.0661	observed	0.9164	SYNTHETIC_TEACHING_FIXTURE
SYN_TRAJ_084	45	168.45	119.1849	119.1849	observed	0.6779	SYNTHETIC_TEACHING_FIXTURE
SYN_TRAJ_084	46	168.46	114.5754		quality_rejection		SYNTHETIC_TEACHING_FIXTURE
SYN_TRAJ_084	47	168.47	115.359	115.359	observed	0.823	SYNTHETIC_TEACHING_FIXTURE
SYN_TRAJ_084	48	168.48	114.2664	114.2664	observed	0.9782	SYNTHETIC_TEACHING_FIXTURE
SYN_TRAJ_084	49	168.49	117.3418	117.3418	observed	0.7728	SYNTHETIC_TEACHING_FIXTURE
SYN_TRAJ_085	0	170.0			structural_unvoiced		SYNTHETIC_TEACHING_FIXTURE
SYN_TRAJ_085	1	170.01			structural_unvoiced		SYNTHETIC_TEACHING_FIXTURE
SYN_TRAJ_085	2	170.02			structural_unvoiced		SYNTHETIC_TEACHING_FIXTURE
SYN_TRAJ_085	3	170.03	119.0655	119.0655	observed	0.4518	SYNTHETIC_TEACHING_FIXTURE
SYN_TRAJ_085	4	170.04	120.6545	120.6545	observed	0.7742	SYNTHETIC_TEACHING_FIXTURE
SYN_TRAJ_085	5	170.05	123.809	123.809	observed	0.3794	SYNTHETIC_TEACHING_FIXTURE
SYN_TRAJ_085	6	170.06	121.782	121.782	observed	0.5939	SYNTHETIC_TEACHING_FIXTURE
SYN_TRAJ_085	7	170.07	124.4347	124.4347	observed	0.8744	SYNTHETIC_TEACHING_FIXTURE
SYN_TRAJ_085	8	170.08	124.3014	124.3014	observed	0.348	SYNTHETIC_TEACHING_FIXTURE
SYN_TRAJ_085	9	170.09	127.8893	127.8893	observed	0.4062	SYNTHETIC_TEACHING_FIXTURE
SYN_TRAJ_085	10	170.1	129.1779	129.1779	observed	0.5221	SYNTHETIC_TEACHING_FIXTURE
SYN_TRAJ_085	11	170.11	127.8933	127.8933	observed	0.3531	SYNTHETIC_TEACHING_FIXTURE
SYN_TRAJ_085	12	170.12	133.5959	133.5959	observed	0.3088	SYNTHETIC_TEACHING_FIXTURE
SYN_TRAJ_085	13	170.13	140.7598	140.7598	observed	0.5688	SYNTHETIC_TEACHING_FIXTURE
SYN_TRAJ_085	14	170.14	142.4166	142.4166	observed	0.3729	SYNTHETIC_TEACHING_FIXTURE
SYN_TRAJ_085	15	170.15	145.2173	145.2173	observed	0.808	SYNTHETIC_TEACHING_FIXTURE
SYN_TRAJ_085	16	170.16	142.4019	142.4019	observed	0.3327	SYNTHETIC_TEACHING_FIXTURE
SYN_TRAJ_085	17	170.17	144.2495	144.2495	observed	0.2569	SYNTHETIC_TEACHING_FIXTURE
SYN_TRAJ_085	18	170.18	141.0309	141.0309	observed	0.4256	SYNTHETIC_TEACHING_FIXTURE
SYN_TRAJ_085	19	170.19	140.3975	140.3975	observed	0.8139	SYNTHETIC_TEACHING_FIXTURE
SYN_TRAJ_085	20	170.2	138.9531	138.9531	observed	0.8806	SYNTHETIC_TEACHING_FIXTURE
SYN_TRAJ_085	21	170.21	137.058	137.058	observed	0.5388	SYNTHETIC_TEACHING_FIXTURE
SYN_TRAJ_085	22	170.22	132.3093	132.3093	observed	0.8566	SYNTHETIC_TEACHING_FIXTURE
SYN_TRAJ_085	23	170.23	127.5728	127.5728	observed	0.8709	SYNTHETIC_TEACHING_FIXTURE
SYN_TRAJ_085	24	170.24	125.6114	125.6114	observed	0.5661	SYNTHETIC_TEACHING_FIXTURE
SYN_TRAJ_085	25	170.25	124.8387	124.8387	observed	0.3747	SYNTHETIC_TEACHING_FIXTURE
SYN_TRAJ_085	26	170.26	118.3217	118.3217	observed	0.9718	SYNTHETIC_TEACHING_FIXTURE
SYN_TRAJ_085	27	170.27			structural_unvoiced		SYNTHETIC_TEACHING_FIXTURE
SYN_TRAJ_085	28	170.28			structural_unvoiced		SYNTHETIC_TEACHING_FIXTURE
SYN_TRAJ_085	29	170.29			structural_unvoiced		SYNTHETIC_TEACHING_FIXTURE
SYN_TRAJ_086	0	172.0	124.1776	124.1776	observed	0.8378	SYNTHETIC_TEACHING_FIXTURE
SYN_TRAJ_086	1	172.01	125.8396	125.8396	observed	0.5557	SYNTHETIC_TEACHING_FIXTURE
SYN_TRAJ_086	2	172.02	123.6047	123.6047	observed	0.4754	SYNTHETIC_TEACHING_FIXTURE
SYN_TRAJ_086	3	172.03	125.1813	125.1813	observed	0.9228	SYNTHETIC_TEACHING_FIXTURE
SYN_TRAJ_086	4	172.04	124.331	124.331	observed	0.3629	SYNTHETIC_TEACHING_FIXTURE
SYN_TRAJ_086	5	172.05	123.2216	123.2216	observed	0.9443	SYNTHETIC_TEACHING_FIXTURE
SYN_TRAJ_086	6	172.06	124.9426	124.9426	observed	0.2587	SYNTHETIC_TEACHING_FIXTURE
SYN_TRAJ_086	7	172.07	125.9472	125.9472	observed	0.3697	SYNTHETIC_TEACHING_FIXTURE
SYN_TRAJ_086	8	172.08	129.9098	129.9098	observed	0.9117	SYNTHETIC_TEACHING_FIXTURE
SYN_TRAJ_086	9	172.09	128.374	128.374	observed	0.6004	SYNTHETIC_TEACHING_FIXTURE
SYN_TRAJ_086	10	172.1	133.3327	133.3327	observed	0.8335	SYNTHETIC_TEACHING_FIXTURE
SYN_TRAJ_086	11	172.11	134.6415	134.6415	observed	0.6982	SYNTHETIC_TEACHING_FIXTURE
SYN_TRAJ_086	12	172.12	138.6653	138.6653	observed	0.4245	SYNTHETIC_TEACHING_FIXTURE
SYN_TRAJ_086	13	172.13	139.2591	139.2591	observed	0.8952	SYNTHETIC_TEACHING_FIXTURE
SYN_TRAJ_086	14	172.14	143.3009	143.3009	observed	0.5983	SYNTHETIC_TEACHING_FIXTURE
SYN_TRAJ_086	15	172.15	144.7335	144.7335	observed	0.6306	SYNTHETIC_TEACHING_FIXTURE
SYN_TRAJ_086	16	172.16	143.3888	143.3888	observed	0.3985	SYNTHETIC_TEACHING_FIXTURE
SYN_TRAJ_086	17	172.17	145.1994	145.1994	observed	0.4828	SYNTHETIC_TEACHING_FIXTURE
SYN_TRAJ_086	18	172.18	142.4276	142.4276	observed	0.4629	SYNTHETIC_TEACHING_FIXTURE
SYN_TRAJ_086	19	172.19	145.0849	145.0849	observed	0.2517	SYNTHETIC_TEACHING_FIXTURE
SYN_TRAJ_086	20	172.2	143.2465	143.2465	observed	0.6565	SYNTHETIC_TEACHING_FIXTURE
SYN_TRAJ_086	21	172.21	138.0367		quality_rejection		SYNTHETIC_TEACHING_FIXTURE
SYN_TRAJ_086	22	172.22	138.9523	138.9523	observed	0.54	SYNTHETIC_TEACHING_FIXTURE
SYN_TRAJ_086	23	172.23	136.1398	136.1398	observed	0.7639	SYNTHETIC_TEACHING_FIXTURE
SYN_TRAJ_086	24	172.24	138.3504	138.3504	observed	0.6874	SYNTHETIC_TEACHING_FIXTURE
SYN_TRAJ_086	25	172.25	136.3946	136.3946	observed	0.6675	SYNTHETIC_TEACHING_FIXTURE
SYN_TRAJ_086	26	172.26	130.8545	130.8545	observed	0.9013	SYNTHETIC_TEACHING_FIXTURE
SYN_TRAJ_086	27	172.27	126.5751	126.5751	observed	0.2738	SYNTHETIC_TEACHING_FIXTURE
SYN_TRAJ_086	28	172.28	126.9986	126.9986	observed	0.3856	SYNTHETIC_TEACHING_FIXTURE
SYN_TRAJ_086	29	172.29	126.4888	126.4888	observed	0.9275	SYNTHETIC_TEACHING_FIXTURE
SYN_TRAJ_086	30	172.3	125.7306	125.7306	observed	0.6293	SYNTHETIC_TEACHING_FIXTURE
SYN_TRAJ_086	31	172.31	124.0628	124.0628	observed	0.4877	SYNTHETIC_TEACHING_FIXTURE
SYN_TRAJ_086	32	172.32	123.4031	123.4031	observed	0.2728	SYNTHETIC_TEACHING_FIXTURE
SYN_TRAJ_086	33	172.33	124.6724	124.6724	observed	0.7161	SYNTHETIC_TEACHING_FIXTURE
SYN_TRAJ_086	34	172.34	125.4007	125.4007	observed	0.5019	SYNTHETIC_TEACHING_FIXTURE
SYN_TRAJ_086	35	172.35	119.087	119.087	observed	0.6566	SYNTHETIC_TEACHING_FIXTURE
SYN_TRAJ_086	36	172.36	116.3842	116.3842	observed	0.7517	SYNTHETIC_TEACHING_FIXTURE
SYN_TRAJ_086	37	172.37	112.7873	112.7873	observed	0.3913	SYNTHETIC_TEACHING_FIXTURE
SYN_TRAJ_086	38	172.38	115.6542	115.6542	observed	0.2776	SYNTHETIC_TEACHING_FIXTURE
SYN_TRAJ_086	39	172.39	116.7676	116.7676	observed	0.4883	SYNTHETIC_TEACHING_FIXTURE
SYN_TRAJ_086	40	172.4	115.4265	115.4265	observed	0.6493	SYNTHETIC_TEACHING_FIXTURE
SYN_TRAJ_086	41	172.41	115.5249	115.5249	observed	0.8336	SYNTHETIC_TEACHING_FIXTURE
SYN_TRAJ_086	42	172.42	114.7137	114.7137	observed	0.9633	SYNTHETIC_TEACHING_FIXTURE
SYN_TRAJ_087	0	174.0	127.2845	127.2845	observed	0.9473	SYNTHETIC_TEACHING_FIXTURE
SYN_TRAJ_087	1	174.01	126.9804	126.9804	observed	0.9333	SYNTHETIC_TEACHING_FIXTURE
SYN_TRAJ_087	2	174.02	127.945	127.945	observed	0.9472	SYNTHETIC_TEACHING_FIXTURE
SYN_TRAJ_087	3	174.03	125.6925	125.6925	observed	0.3507	SYNTHETIC_TEACHING_FIXTURE
SYN_TRAJ_087	4	174.04	124.7321	124.7321	observed	0.2973	SYNTHETIC_TEACHING_FIXTURE
SYN_TRAJ_087	5	174.05	123.1685	123.1685	observed	0.6017	SYNTHETIC_TEACHING_FIXTURE
SYN_TRAJ_087	6	174.06	130.8483	130.8483	observed	0.9142	SYNTHETIC_TEACHING_FIXTURE
SYN_TRAJ_087	7	174.07	132.5068	132.5068	observed	0.7121	SYNTHETIC_TEACHING_FIXTURE
SYN_TRAJ_087	8	174.08	127.582	127.582	observed	0.4913	SYNTHETIC_TEACHING_FIXTURE
SYN_TRAJ_087	9	174.09	130.0797	130.0797	observed	0.4761	SYNTHETIC_TEACHING_FIXTURE
SYN_TRAJ_087	10	174.1	128.8758	128.8758	observed	0.8255	SYNTHETIC_TEACHING_FIXTURE
SYN_TRAJ_087	11	174.11	136.5121	136.5121	observed	0.9641	SYNTHETIC_TEACHING_FIXTURE
SYN_TRAJ_087	12	174.12	142.696	142.696	observed	0.5099	SYNTHETIC_TEACHING_FIXTURE
SYN_TRAJ_087	13	174.13	142.3074	142.3074	observed	0.8589	SYNTHETIC_TEACHING_FIXTURE
SYN_TRAJ_087	14	174.14	147.1693	147.1693	observed	0.8795	SYNTHETIC_TEACHING_FIXTURE
SYN_TRAJ_087	15	174.15	150.1332	150.1332	observed	0.6019	SYNTHETIC_TEACHING_FIXTURE
SYN_TRAJ_087	16	174.16	149.1324	149.1324	observed	0.7854	SYNTHETIC_TEACHING_FIXTURE
SYN_TRAJ_087	17	174.17	146.053	146.053	observed	0.5323	SYNTHETIC_TEACHING_FIXTURE
SYN_TRAJ_087	18	174.18	142.6738	142.6738	observed	0.9299	SYNTHETIC_TEACHING_FIXTURE
SYN_TRAJ_087	19	174.19	133.5375	133.5375	observed	0.3852	SYNTHETIC_TEACHING_FIXTURE
SYN_TRAJ_087	20	174.2	129.9444	129.9444	observed	0.5125	SYNTHETIC_TEACHING_FIXTURE
SYN_TRAJ_087	21	174.21	126.0886	126.0886	observed	0.7763	SYNTHETIC_TEACHING_FIXTURE
SYN_TRAJ_087	22	174.22	125.414	125.414	observed	0.4154	SYNTHETIC_TEACHING_FIXTURE
SYN_TRAJ_087	23	174.23	125.3061	125.3061	observed	0.8295	SYNTHETIC_TEACHING_FIXTURE
SYN_TRAJ_087	24	174.24	123.5946	123.5946	observed	0.5819	SYNTHETIC_TEACHING_FIXTURE
SYN_TRAJ_087	25	174.25	115.9867	115.9867	observed	0.8078	SYNTHETIC_TEACHING_FIXTURE
SYN_TRAJ_087	26	174.26	116.183	116.183	observed	0.6739	SYNTHETIC_TEACHING_FIXTURE
SYN_TRAJ_088	0	176.0	129.4267	129.4267	observed	0.4161	SYNTHETIC_TEACHING_FIXTURE
SYN_TRAJ_088	1	176.01	133.273	133.273	observed	0.2655	SYNTHETIC_TEACHING_FIXTURE
SYN_TRAJ_088	2	176.02	128.8584	128.8584	observed	0.3714	SYNTHETIC_TEACHING_FIXTURE
SYN_TRAJ_088	3	176.03	130.081	130.081	observed	0.2871	SYNTHETIC_TEACHING_FIXTURE
SYN_TRAJ_088	4	176.04	128.3103	128.3103	observed	0.306	SYNTHETIC_TEACHING_FIXTURE
SYN_TRAJ_088	5	176.05	129.0669	129.0669	observed	0.6275	SYNTHETIC_TEACHING_FIXTURE
SYN_TRAJ_088	6	176.06	129.7041	129.7041	observed	0.3416	SYNTHETIC_TEACHING_FIXTURE
SYN_TRAJ_088	7	176.07	128.5646	128.5646	observed	0.9608	SYNTHETIC_TEACHING_FIXTURE
SYN_TRAJ_088	8	176.08	129.3953	129.3953	observed	0.2507	SYNTHETIC_TEACHING_FIXTURE
SYN_TRAJ_088	9	176.09	130.2791	130.2791	observed	0.7609	SYNTHETIC_TEACHING_FIXTURE
SYN_TRAJ_088	10	176.1	134.8689	134.8689	observed	0.8041	SYNTHETIC_TEACHING_FIXTURE
SYN_TRAJ_088	11	176.11	137.1883	137.1883	observed	0.3402	SYNTHETIC_TEACHING_FIXTURE
SYN_TRAJ_088	12	176.12	139.0677	139.0677	observed	0.6404	SYNTHETIC_TEACHING_FIXTURE
SYN_TRAJ_088	13	176.13	145.6513	145.6513	observed	0.6743	SYNTHETIC_TEACHING_FIXTURE
SYN_TRAJ_088	14	176.14	144.8285	144.8285	observed	0.5965	SYNTHETIC_TEACHING_FIXTURE
SYN_TRAJ_088	15	176.15	144.2542	144.2542	observed	0.3767	SYNTHETIC_TEACHING_FIXTURE
SYN_TRAJ_088	16	176.16	146.1369	146.1369	observed	0.407	SYNTHETIC_TEACHING_FIXTURE
SYN_TRAJ_088	17	176.17	147.1971		estimator_failure		SYNTHETIC_TEACHING_FIXTURE
SYN_TRAJ_088	18	176.18	145.5385	145.5385	observed	0.4144	SYNTHETIC_TEACHING_FIXTURE
SYN_TRAJ_088	19	176.19	141.3319	141.3319	observed	0.6368	SYNTHETIC_TEACHING_FIXTURE
SYN_TRAJ_088	20	176.2	139.6639	139.6639	observed	0.6515	SYNTHETIC_TEACHING_FIXTURE
SYN_TRAJ_088	21	176.21	141.173	141.173	observed	0.7404	SYNTHETIC_TEACHING_FIXTURE
SYN_TRAJ_088	22	176.22	143.1661	143.1661	observed	0.7663	SYNTHETIC_TEACHING_FIXTURE
SYN_TRAJ_088	23	176.23	141.9871	141.9871	observed	0.8653	SYNTHETIC_TEACHING_FIXTURE
SYN_TRAJ_088	24	176.24	145.5408	145.5408	observed	0.6407	SYNTHETIC_TEACHING_FIXTURE
SYN_TRAJ_088	25	176.25	144.7876	144.7876	observed	0.6309	SYNTHETIC_TEACHING_FIXTURE
SYN_TRAJ_088	26	176.26	141.4686	141.4686	observed	0.7038	SYNTHETIC_TEACHING_FIXTURE
SYN_TRAJ_088	27	176.27	138.2201	138.2201	observed	0.7093	SYNTHETIC_TEACHING_FIXTURE
SYN_TRAJ_088	28	176.28	136.8431	136.8431	observed	0.3917	SYNTHETIC_TEACHING_FIXTURE
SYN_TRAJ_088	29	176.29	134.5464	134.5464	observed	0.6968	SYNTHETIC_TEACHING_FIXTURE
SYN_TRAJ_088	30	176.3	132.1613	132.1613	observed	0.4744	SYNTHETIC_TEACHING_FIXTURE
SYN_TRAJ_088	31	176.31	126.45	126.45	observed	0.377	SYNTHETIC_TEACHING_FIXTURE
SYN_TRAJ_088	32	176.32	124.6438	124.6438	observed	0.2986	SYNTHETIC_TEACHING_FIXTURE
SYN_TRAJ_088	33	176.33	128.6774	128.6774	observed	0.7043	SYNTHETIC_TEACHING_FIXTURE
SYN_TRAJ_088	34	176.34	129.7079	129.7079	observed	0.7482	SYNTHETIC_TEACHING_FIXTURE
SYN_TRAJ_088	35	176.35	126.7726	126.7726	observed	0.7671	SYNTHETIC_TEACHING_FIXTURE
SYN_TRAJ_088	36	176.36	124.0331	124.0331	observed	0.5072	SYNTHETIC_TEACHING_FIXTURE
SYN_TRAJ_088	37	176.37	125.4504	125.4504	observed	0.4143	SYNTHETIC_TEACHING_FIXTURE
SYN_TRAJ_088	38	176.38	123.8698	123.8698	observed	0.7494	SYNTHETIC_TEACHING_FIXTURE
SYN_TRAJ_088	39	176.39	118.8507	118.8507	observed	0.8036	SYNTHETIC_TEACHING_FIXTURE
SYN_TRAJ_088	40	176.4	119.6276	119.6276	observed	0.515	SYNTHETIC_TEACHING_FIXTURE
SYN_TRAJ_088	41	176.41	120.1099	120.1099	observed	0.2882	SYNTHETIC_TEACHING_FIXTURE
SYN_TRAJ_088	42	176.42	121.9606	121.9606	observed	0.821	SYNTHETIC_TEACHING_FIXTURE
SYN_TRAJ_088	43	176.43	122.2255	122.2255	observed	0.6889	SYNTHETIC_TEACHING_FIXTURE
SYN_TRAJ_088	44	176.44	116.1601	116.1601	observed	0.2611	SYNTHETIC_TEACHING_FIXTURE
SYN_TRAJ_088	45	176.45	119.6278	119.6278	observed	0.9084	SYNTHETIC_TEACHING_FIXTURE
SYN_TRAJ_088	46	176.46	121.7138	121.7138	observed	0.2576	SYNTHETIC_TEACHING_FIXTURE
SYN_TRAJ_088	47	176.47	120.9742	120.9742	observed	0.5612	SYNTHETIC_TEACHING_FIXTURE
SYN_TRAJ_088	48	176.48	122.5774	122.5774	observed	0.5838	SYNTHETIC_TEACHING_FIXTURE
SYN_TRAJ_089	0	178.0	130.9307	130.9307	observed	0.3332	SYNTHETIC_TEACHING_FIXTURE
SYN_TRAJ_089	1	178.01	127.7128	127.7128	observed	0.8233	SYNTHETIC_TEACHING_FIXTURE
SYN_TRAJ_089	2	178.02	128.7178	128.7178	observed	0.9532	SYNTHETIC_TEACHING_FIXTURE
SYN_TRAJ_089	3	178.03	129.222	129.222	observed	0.9618	SYNTHETIC_TEACHING_FIXTURE
SYN_TRAJ_089	4	178.04	127.3248	127.3248	observed	0.6903	SYNTHETIC_TEACHING_FIXTURE
SYN_TRAJ_089	5	178.05	129.0802	129.0802	observed	0.7619	SYNTHETIC_TEACHING_FIXTURE
SYN_TRAJ_089	6	178.06	129.2524	129.2524	observed	0.6468	SYNTHETIC_TEACHING_FIXTURE
SYN_TRAJ_089	7	178.07	132.5658	132.5658	observed	0.5302	SYNTHETIC_TEACHING_FIXTURE
SYN_TRAJ_089	8	178.08	135.3936	135.3936	observed	0.8254	SYNTHETIC_TEACHING_FIXTURE
SYN_TRAJ_089	9	178.09	135.3115	135.3115	observed	0.3899	SYNTHETIC_TEACHING_FIXTURE
SYN_TRAJ_089	10	178.1	138.1956	138.1956	observed	0.9421	SYNTHETIC_TEACHING_FIXTURE
SYN_TRAJ_089	11	178.11	142.5378	142.5378	observed	0.7662	SYNTHETIC_TEACHING_FIXTURE
SYN_TRAJ_089	12	178.12	140.8616	140.8616	observed	0.9554	SYNTHETIC_TEACHING_FIXTURE
SYN_TRAJ_089	13	178.13	147.3957	147.3957	observed	0.9173	SYNTHETIC_TEACHING_FIXTURE
SYN_TRAJ_089	14	178.14	150.0084	150.0084	observed	0.8012	SYNTHETIC_TEACHING_FIXTURE
SYN_TRAJ_089	15	178.15	152.9313	152.9313	observed	0.4068	SYNTHETIC_TEACHING_FIXTURE
SYN_TRAJ_089	16	178.16	149.7594	149.7594	observed	0.6703	SYNTHETIC_TEACHING_FIXTURE
SYN_TRAJ_089	17	178.17	147.7115	147.7115	observed	0.6359	SYNTHETIC_TEACHING_FIXTURE
SYN_TRAJ_089	18	178.18	148.9547	148.9547	observed	0.9888	SYNTHETIC_TEACHING_FIXTURE
SYN_TRAJ_089	19	178.19	145.176	145.176	observed	0.3079	SYNTHETIC_TEACHING_FIXTURE
SYN_TRAJ_089	20	178.2	142.7427	142.7427	observed	0.4225	SYNTHETIC_TEACHING_FIXTURE
SYN_TRAJ_089	21	178.21	141.6037	141.6037	observed	0.4326	SYNTHETIC_TEACHING_FIXTURE
SYN_TRAJ_089	22	178.22	139.4002	139.4002	observed	0.6022	SYNTHETIC_TEACHING_FIXTURE
SYN_TRAJ_089	23	178.23	136.1316	136.1316	observed	0.6628	SYNTHETIC_TEACHING_FIXTURE
SYN_TRAJ_089	24	178.24	133.77	133.77	observed	0.4425	SYNTHETIC_TEACHING_FIXTURE
SYN_TRAJ_089	25	178.25	126.4887	126.4887	observed	0.5128	SYNTHETIC_TEACHING_FIXTURE
SYN_TRAJ_089	26	178.26	124.8953	124.8953	observed	0.5848	SYNTHETIC_TEACHING_FIXTURE
SYN_TRAJ_089	27	178.27	125.7669	125.7669	observed	0.5526	SYNTHETIC_TEACHING_FIXTURE
SYN_TRAJ_089	28	178.28	124.4241	124.4241	observed	0.8995	SYNTHETIC_TEACHING_FIXTURE
SYN_TRAJ_090	0	180.0			structural_unvoiced		SYNTHETIC_TEACHING_FIXTURE
SYN_TRAJ_090	1	180.01			structural_unvoiced		SYNTHETIC_TEACHING_FIXTURE
SYN_TRAJ_090	2	180.02			structural_unvoiced		SYNTHETIC_TEACHING_FIXTURE
SYN_TRAJ_090	3	180.03	131.3821	131.3821	observed	0.284	SYNTHETIC_TEACHING_FIXTURE
SYN_TRAJ_090	4	180.04	130.1909	130.1909	observed	0.7483	SYNTHETIC_TEACHING_FIXTURE
SYN_TRAJ_090	5	180.05	133.482	133.482	observed	0.2555	SYNTHETIC_TEACHING_FIXTURE
SYN_TRAJ_090	6	180.06	129.2098	129.2098	observed	0.5511	SYNTHETIC_TEACHING_FIXTURE
SYN_TRAJ_090	7	180.07	132.8164	132.8164	observed	0.2746	SYNTHETIC_TEACHING_FIXTURE
SYN_TRAJ_090	8	180.08	133.6877	133.6877	observed	0.3904	SYNTHETIC_TEACHING_FIXTURE
SYN_TRAJ_090	9	180.09	136.4675	136.4675	observed	0.3395	SYNTHETIC_TEACHING_FIXTURE
SYN_TRAJ_090	10	180.1	139.0179	139.0179	observed	0.3644	SYNTHETIC_TEACHING_FIXTURE
SYN_TRAJ_090	11	180.11	142.0677	142.0677	observed	0.2673	SYNTHETIC_TEACHING_FIXTURE
SYN_TRAJ_090	12	180.12	140.8523	140.8523	observed	0.691	SYNTHETIC_TEACHING_FIXTURE
SYN_TRAJ_090	13	180.13	142.884	142.884	observed	0.5971	SYNTHETIC_TEACHING_FIXTURE
SYN_TRAJ_090	14	180.14	145.721	145.721	observed	0.7169	SYNTHETIC_TEACHING_FIXTURE
SYN_TRAJ_090	15	180.15	147.0909	147.0909	observed	0.6797	SYNTHETIC_TEACHING_FIXTURE
SYN_TRAJ_090	16	180.16	149.0606	149.0606	observed	0.8435	SYNTHETIC_TEACHING_FIXTURE
SYN_TRAJ_090	17	180.17	148.1251	148.1251	observed	0.9309	SYNTHETIC_TEACHING_FIXTURE
SYN_TRAJ_090	18	180.18	145.9367	145.9367	observed	0.9074	SYNTHETIC_TEACHING_FIXTURE
SYN_TRAJ_090	19	180.19	152.3633	152.3633	observed	0.4892	SYNTHETIC_TEACHING_FIXTURE
SYN_TRAJ_090	20	180.2	149.8353	149.8353	observed	0.366	SYNTHETIC_TEACHING_FIXTURE
SYN_TRAJ_090	21	180.21	149.9668	149.9668	observed	0.6738	SYNTHETIC_TEACHING_FIXTURE
SYN_TRAJ_090	22	180.22	148.3951	148.3951	observed	0.2714	SYNTHETIC_TEACHING_FIXTURE
SYN_TRAJ_090	23	180.23	145.3672	145.3672	observed	0.6653	SYNTHETIC_TEACHING_FIXTURE
SYN_TRAJ_090	24	180.24	143.9222	143.9222	observed	0.7016	SYNTHETIC_TEACHING_FIXTURE
SYN_TRAJ_090	25	180.25	143.6506	143.6506	observed	0.3608	SYNTHETIC_TEACHING_FIXTURE
SYN_TRAJ_090	26	180.26	144.2365	144.2365	observed	0.885	SYNTHETIC_TEACHING_FIXTURE
SYN_TRAJ_090	27	180.27	135.5335	135.5335	observed	0.3821	SYNTHETIC_TEACHING_FIXTURE
SYN_TRAJ_090	28	180.28	134.2321	134.2321	observed	0.8405	SYNTHETIC_TEACHING_FIXTURE
SYN_TRAJ_090	29	180.29	135.7541	135.7541	observed	0.6956	SYNTHETIC_TEACHING_FIXTURE
SYN_TRAJ_090	30	180.3	133.5562	133.5562	observed	0.6832	SYNTHETIC_TEACHING_FIXTURE
SYN_TRAJ_090	31	180.31	131.8708	131.8708	observed	0.7196	SYNTHETIC_TEACHING_FIXTURE
SYN_TRAJ_090	32	180.32	127.9105	127.9105	observed	0.5802	SYNTHETIC_TEACHING_FIXTURE
SYN_TRAJ_090	33	180.33	125.688	125.688	observed	0.9819	SYNTHETIC_TEACHING_FIXTURE
SYN_TRAJ_090	34	180.34	124.8921	124.8921	observed	0.7636	SYNTHETIC_TEACHING_FIXTURE
SYN_TRAJ_090	35	180.35	124.8434	124.8434	observed	0.2945	SYNTHETIC_TEACHING_FIXTURE
SYN_TRAJ_090	36	180.36	126.7706	126.7706	observed	0.893	SYNTHETIC_TEACHING_FIXTURE
SYN_TRAJ_090	37	180.37	128.4574	128.4574	observed	0.851	SYNTHETIC_TEACHING_FIXTURE
SYN_TRAJ_090	38	180.38	134.081	134.081	observed	0.408	SYNTHETIC_TEACHING_FIXTURE
SYN_TRAJ_090	39	180.39	130.3284	130.3284	observed	0.4965	SYNTHETIC_TEACHING_FIXTURE
SYN_TRAJ_090	40	180.4	127.0235	127.0235	observed	0.5442	SYNTHETIC_TEACHING_FIXTURE
SYN_TRAJ_090	41	180.41	124.8977	124.8977	observed	0.3859	SYNTHETIC_TEACHING_FIXTURE
SYN_TRAJ_090	42	180.42	125.0404	125.0404	observed	0.6009	SYNTHETIC_TEACHING_FIXTURE
SYN_TRAJ_090	43	180.43	122.2518	122.2518	observed	0.4378	SYNTHETIC_TEACHING_FIXTURE
SYN_TRAJ_090	44	180.44	120.9531	120.9531	observed	0.4544	SYNTHETIC_TEACHING_FIXTURE
SYN_TRAJ_090	45	180.45			structural_unvoiced		SYNTHETIC_TEACHING_FIXTURE
SYN_TRAJ_090	46	180.46			structural_unvoiced		SYNTHETIC_TEACHING_FIXTURE
SYN_TRAJ_091	0	182.0	128.3131	128.3131	observed	0.3818	SYNTHETIC_TEACHING_FIXTURE
SYN_TRAJ_091	1	182.01	128.6362	128.6362	observed	0.6677	SYNTHETIC_TEACHING_FIXTURE
SYN_TRAJ_091	2	182.02	129.4822	129.4822	observed	0.4317	SYNTHETIC_TEACHING_FIXTURE
SYN_TRAJ_091	3	182.03	128.9894	128.9894	observed	0.4081	SYNTHETIC_TEACHING_FIXTURE
SYN_TRAJ_091	4	182.04	126.9304	126.9304	observed	0.9803	SYNTHETIC_TEACHING_FIXTURE
SYN_TRAJ_091	5	182.05	128.1015	128.1015	observed	0.9724	SYNTHETIC_TEACHING_FIXTURE
SYN_TRAJ_091	6	182.06	132.0419	132.0419	observed	0.4637	SYNTHETIC_TEACHING_FIXTURE
SYN_TRAJ_091	7	182.07	131.2775	131.2775	observed	0.6819	SYNTHETIC_TEACHING_FIXTURE
SYN_TRAJ_091	8	182.08	130.4788	130.4788	observed	0.3342	SYNTHETIC_TEACHING_FIXTURE
SYN_TRAJ_091	9	182.09	134.4408	134.4408	observed	0.4818	SYNTHETIC_TEACHING_FIXTURE
SYN_TRAJ_091	10	182.1	139.3922	139.3922	observed	0.4313	SYNTHETIC_TEACHING_FIXTURE
SYN_TRAJ_091	11	182.11	137.4348	137.4348	observed	0.595	SYNTHETIC_TEACHING_FIXTURE
SYN_TRAJ_091	12	182.12	139.5905	139.5905	observed	0.3859	SYNTHETIC_TEACHING_FIXTURE
SYN_TRAJ_091	13	182.13	142.303	142.303	observed	0.3243	SYNTHETIC_TEACHING_FIXTURE
SYN_TRAJ_091	14	182.14	143.0007	143.0007	observed	0.4434	SYNTHETIC_TEACHING_FIXTURE
SYN_TRAJ_091	15	182.15	143.2061	143.2061	observed	0.3632	SYNTHETIC_TEACHING_FIXTURE
SYN_TRAJ_091	16	182.16	143.5182	143.5182	observed	0.7833	SYNTHETIC_TEACHING_FIXTURE
SYN_TRAJ_091	17	182.17	145.0597	145.0597	observed	0.5834	SYNTHETIC_TEACHING_FIXTURE
SYN_TRAJ_091	18	182.18	144.8506	144.8506	observed	0.6196	SYNTHETIC_TEACHING_FIXTURE
SYN_TRAJ_091	19	182.19	143.2401	143.2401	observed	0.4347	SYNTHETIC_TEACHING_FIXTURE
SYN_TRAJ_091	20	182.2	143.5602	143.5602	observed	0.5206	SYNTHETIC_TEACHING_FIXTURE
SYN_TRAJ_091	21	182.21	141.1143	141.1143	observed	0.7595	SYNTHETIC_TEACHING_FIXTURE
SYN_TRAJ_091	22	182.22	140.5094	140.5094	observed	0.9632	SYNTHETIC_TEACHING_FIXTURE
SYN_TRAJ_091	23	182.23	139.3082	139.3082	observed	0.4816	SYNTHETIC_TEACHING_FIXTURE
SYN_TRAJ_091	24	182.24	137.3928	137.3928	observed	0.5719	SYNTHETIC_TEACHING_FIXTURE
SYN_TRAJ_091	25	182.25	129.6711	129.6711	observed	0.9245	SYNTHETIC_TEACHING_FIXTURE
SYN_TRAJ_091	26	182.26	127.1544	127.1544	observed	0.99	SYNTHETIC_TEACHING_FIXTURE
SYN_TRAJ_091	27	182.27	128.8752		quality_rejection		SYNTHETIC_TEACHING_FIXTURE
SYN_TRAJ_091	28	182.28	124.3188	124.3188	observed	0.3885	SYNTHETIC_TEACHING_FIXTURE
SYN_TRAJ_091	29	182.29	120.7049	120.7049	observed	0.8801	SYNTHETIC_TEACHING_FIXTURE
SYN_TRAJ_091	30	182.3	125.6746	125.6746	observed	0.7045	SYNTHETIC_TEACHING_FIXTURE
SYN_TRAJ_091	31	182.31	125.2643	125.2643	observed	0.2599	SYNTHETIC_TEACHING_FIXTURE
SYN_TRAJ_092	0	184.0	134.0823	134.0823	observed	0.9436	SYNTHETIC_TEACHING_FIXTURE
SYN_TRAJ_092	1	184.01	135.6303	135.6303	observed	0.5438	SYNTHETIC_TEACHING_FIXTURE
SYN_TRAJ_092	2	184.02	131.392	131.392	observed	0.3397	SYNTHETIC_TEACHING_FIXTURE
SYN_TRAJ_092	3	184.03	131.7767	131.7767	observed	0.976	SYNTHETIC_TEACHING_FIXTURE
SYN_TRAJ_092	4	184.04	131.3768		estimator_failure		SYNTHETIC_TEACHING_FIXTURE
SYN_TRAJ_092	5	184.05	131.9593	131.9593	observed	0.8029	SYNTHETIC_TEACHING_FIXTURE
SYN_TRAJ_092	6	184.06	133.599	133.599	observed	0.9666	SYNTHETIC_TEACHING_FIXTURE
SYN_TRAJ_092	7	184.07	135.679	135.679	observed	0.9817	SYNTHETIC_TEACHING_FIXTURE
SYN_TRAJ_092	8	184.08	139.7379	139.7379	observed	0.5532	SYNTHETIC_TEACHING_FIXTURE
SYN_TRAJ_092	9	184.09	141.1551	141.1551	observed	0.7733	SYNTHETIC_TEACHING_FIXTURE
SYN_TRAJ_092	10	184.1	143.4459	143.4459	observed	0.9469	SYNTHETIC_TEACHING_FIXTURE
SYN_TRAJ_092	11	184.11	142.108	142.108	observed	0.7437	SYNTHETIC_TEACHING_FIXTURE
SYN_TRAJ_092	12	184.12	142.8179	142.8179	observed	0.9572	SYNTHETIC_TEACHING_FIXTURE
SYN_TRAJ_092	13	184.13	145.4668	145.4668	observed	0.9688	SYNTHETIC_TEACHING_FIXTURE
SYN_TRAJ_092	14	184.14	146.3043	146.3043	observed	0.4042	SYNTHETIC_TEACHING_FIXTURE
SYN_TRAJ_092	15	184.15	144.4673	144.4673	observed	0.7723	SYNTHETIC_TEACHING_FIXTURE
SYN_TRAJ_092	16	184.16	147.6557	147.6557	observed	0.5205	SYNTHETIC_TEACHING_FIXTURE
SYN_TRAJ_092	17	184.17	149.9976	149.9976	observed	0.4132	SYNTHETIC_TEACHING_FIXTURE
SYN_TRAJ_092	18	184.18	149.3542	149.3542	observed	0.733	SYNTHETIC_TEACHING_FIXTURE
SYN_TRAJ_092	19	184.19	152.767	152.767	observed	0.9306	SYNTHETIC_TEACHING_FIXTURE
SYN_TRAJ_092	20	184.2	153.642	153.642	observed	0.4559	SYNTHETIC_TEACHING_FIXTURE
SYN_TRAJ_092	21	184.21	152.8429	152.8429	observed	0.9761	SYNTHETIC_TEACHING_FIXTURE
SYN_TRAJ_092	22	184.22	149.9861	149.9861	observed	0.5754	SYNTHETIC_TEACHING_FIXTURE
SYN_TRAJ_092	23	184.23	152.26	152.26	observed	0.9016	SYNTHETIC_TEACHING_FIXTURE
SYN_TRAJ_092	24	184.24	151.7841	151.7841	observed	0.5082	SYNTHETIC_TEACHING_FIXTURE
SYN_TRAJ_092	25	184.25	146.6773	146.6773	observed	0.4647	SYNTHETIC_TEACHING_FIXTURE
SYN_TRAJ_092	26	184.26	145.3307	145.3307	observed	0.3345	SYNTHETIC_TEACHING_FIXTURE
SYN_TRAJ_092	27	184.27	140.2567	140.2567	observed	0.8565	SYNTHETIC_TEACHING_FIXTURE
SYN_TRAJ_092	28	184.28	143.2998	143.2998	observed	0.2989	SYNTHETIC_TEACHING_FIXTURE
SYN_TRAJ_092	29	184.29	137.2103	137.2103	observed	0.9405	SYNTHETIC_TEACHING_FIXTURE
SYN_TRAJ_092	30	184.3	138.4393	138.4393	observed	0.4641	SYNTHETIC_TEACHING_FIXTURE
SYN_TRAJ_092	31	184.31	138.7365	138.7365	observed	0.5296	SYNTHETIC_TEACHING_FIXTURE
SYN_TRAJ_092	32	184.32	140.6266	140.6266	observed	0.8593	SYNTHETIC_TEACHING_FIXTURE
SYN_TRAJ_092	33	184.33	137.4163	137.4163	observed	0.8079	SYNTHETIC_TEACHING_FIXTURE
SYN_TRAJ_092	34	184.34	128.7487	128.7487	observed	0.3343	SYNTHETIC_TEACHING_FIXTURE
SYN_TRAJ_092	35	184.35	129.2337	129.2337	observed	0.7109	SYNTHETIC_TEACHING_FIXTURE
SYN_TRAJ_092	36	184.36	131.8309	131.8309	observed	0.6957	SYNTHETIC_TEACHING_FIXTURE
SYN_TRAJ_092	37	184.37	131.0194	131.0194	observed	0.605	SYNTHETIC_TEACHING_FIXTURE
SYN_TRAJ_092	38	184.38	129.3955	129.3955	observed	0.2627	SYNTHETIC_TEACHING_FIXTURE
SYN_TRAJ_092	39	184.39	130.5954	130.5954	observed	0.3467	SYNTHETIC_TEACHING_FIXTURE
SYN_TRAJ_092	40	184.4	129.9308	129.9308	observed	0.7261	SYNTHETIC_TEACHING_FIXTURE
SYN_TRAJ_092	41	184.41	127.9634	127.9634	observed	0.6909	SYNTHETIC_TEACHING_FIXTURE
SYN_TRAJ_092	42	184.42	127.3679	127.3679	observed	0.6955	SYNTHETIC_TEACHING_FIXTURE
SYN_TRAJ_092	43	184.43	125.1374	125.1374	observed	0.3341	SYNTHETIC_TEACHING_FIXTURE
SYN_TRAJ_092	44	184.44	126.8752	126.8752	observed	0.6555	SYNTHETIC_TEACHING_FIXTURE
SYN_TRAJ_092	45	184.45	125.9946	125.9946	observed	0.963	SYNTHETIC_TEACHING_FIXTURE
SYN_TRAJ_092	46	184.46	123.8084	123.8084	observed	0.944	SYNTHETIC_TEACHING_FIXTURE
SYN_TRAJ_092	47	184.47	119.8588	119.8588	observed	0.341	SYNTHETIC_TEACHING_FIXTURE
SYN_TRAJ_092	48	184.48	116.8304	116.8304	observed	0.7374	SYNTHETIC_TEACHING_FIXTURE
SYN_TRAJ_092	49	184.49	121.2095	121.2095	observed	0.7206	SYNTHETIC_TEACHING_FIXTURE
SYN_TRAJ_092	50	184.5	125.3582	125.3582	observed	0.2684	SYNTHETIC_TEACHING_FIXTURE
SYN_TRAJ_093	0	186.0	131.4828	131.4828	observed	0.874	SYNTHETIC_TEACHING_FIXTURE
SYN_TRAJ_093	1	186.01	129.7641	129.7641	observed	0.3731	SYNTHETIC_TEACHING_FIXTURE
SYN_TRAJ_093	2	186.02	133.5912		quality_rejection		SYNTHETIC_TEACHING_FIXTURE
SYN_TRAJ_093	3	186.03	128.0098	128.0098	observed	0.5036	SYNTHETIC_TEACHING_FIXTURE
SYN_TRAJ_093	4	186.04	128.0987	128.0987	observed	0.825	SYNTHETIC_TEACHING_FIXTURE
SYN_TRAJ_093	5	186.05	133.061	133.061	observed	0.2743	SYNTHETIC_TEACHING_FIXTURE
SYN_TRAJ_093	6	186.06	134.6452	134.6452	observed	0.6035	SYNTHETIC_TEACHING_FIXTURE
SYN_TRAJ_093	7	186.07	133.012	133.012	observed	0.4985	SYNTHETIC_TEACHING_FIXTURE
SYN_TRAJ_093	8	186.08	134.3415	134.3415	observed	0.2767	SYNTHETIC_TEACHING_FIXTURE
SYN_TRAJ_093	9	186.09	137.1648	137.1648	observed	0.7557	SYNTHETIC_TEACHING_FIXTURE
SYN_TRAJ_093	10	186.1	138.532	138.532	observed	0.6851	SYNTHETIC_TEACHING_FIXTURE
SYN_TRAJ_093	11	186.11	135.5198	135.5198	observed	0.3314	SYNTHETIC_TEACHING_FIXTURE
SYN_TRAJ_093	12	186.12	134.5507	134.5507	observed	0.259	SYNTHETIC_TEACHING_FIXTURE
SYN_TRAJ_093	13	186.13	137.3986	137.3986	observed	0.6359	SYNTHETIC_TEACHING_FIXTURE
SYN_TRAJ_093	14	186.14	142.6856	142.6856	observed	0.4987	SYNTHETIC_TEACHING_FIXTURE
SYN_TRAJ_093	15	186.15	150.0579	150.0579	observed	0.7719	SYNTHETIC_TEACHING_FIXTURE
SYN_TRAJ_093	16	186.16	149.7916	149.7916	observed	0.9391	SYNTHETIC_TEACHING_FIXTURE
SYN_TRAJ_093	17	186.17	150.8728	150.8728	observed	0.4558	SYNTHETIC_TEACHING_FIXTURE
SYN_TRAJ_093	18	186.18	154.2717	154.2717	observed	0.737	SYNTHETIC_TEACHING_FIXTURE
SYN_TRAJ_093	19	186.19	156.2346	156.2346	observed	0.5034	SYNTHETIC_TEACHING_FIXTURE
SYN_TRAJ_093	20	186.2	155.5428	155.5428	observed	0.8054	SYNTHETIC_TEACHING_FIXTURE
SYN_TRAJ_093	21	186.21	152.843	152.843	observed	0.2525	SYNTHETIC_TEACHING_FIXTURE
SYN_TRAJ_093	22	186.22	150.46	150.46	observed	0.7731	SYNTHETIC_TEACHING_FIXTURE
SYN_TRAJ_093	23	186.23	147.779	147.779	observed	0.6326	SYNTHETIC_TEACHING_FIXTURE
SYN_TRAJ_093	24	186.24	143.2241	143.2241	observed	0.5096	SYNTHETIC_TEACHING_FIXTURE
SYN_TRAJ_093	25	186.25	140.8751	140.8751	observed	0.283	SYNTHETIC_TEACHING_FIXTURE
SYN_TRAJ_093	26	186.26	140.5573		estimator_failure		SYNTHETIC_TEACHING_FIXTURE
SYN_TRAJ_093	27	186.27	134.6002	134.6002	observed	0.7471	SYNTHETIC_TEACHING_FIXTURE
SYN_TRAJ_093	28	186.28	129.41	129.41	observed	0.8453	SYNTHETIC_TEACHING_FIXTURE
SYN_TRAJ_093	29	186.29	128.9104	128.9104	observed	0.4829	SYNTHETIC_TEACHING_FIXTURE
SYN_TRAJ_093	30	186.3	124.8725	124.8725	observed	0.4254	SYNTHETIC_TEACHING_FIXTURE
SYN_TRAJ_093	31	186.31	123.5041	123.5041	observed	0.7285	SYNTHETIC_TEACHING_FIXTURE
SYN_TRAJ_093	32	186.32	127.5504	127.5504	observed	0.6337	SYNTHETIC_TEACHING_FIXTURE
SYN_TRAJ_093	33	186.33	123.3565	123.3565	observed	0.9261	SYNTHETIC_TEACHING_FIXTURE
SYN_TRAJ_093	34	186.34	123.8878	123.8878	observed	0.4088	SYNTHETIC_TEACHING_FIXTURE
SYN_TRAJ_094	0	188.0	132.2517	132.2517	observed	0.4937	SYNTHETIC_TEACHING_FIXTURE
SYN_TRAJ_094	1	188.01	132.5642	132.5642	observed	0.8772	SYNTHETIC_TEACHING_FIXTURE
SYN_TRAJ_094	2	188.02	131.3445	131.3445	observed	0.9099	SYNTHETIC_TEACHING_FIXTURE
SYN_TRAJ_094	3	188.03	131.3126	131.3126	observed	0.4029	SYNTHETIC_TEACHING_FIXTURE
SYN_TRAJ_094	4	188.04	131.9922	131.9922	observed	0.4796	SYNTHETIC_TEACHING_FIXTURE
SYN_TRAJ_094	5	188.05	130.395	130.395	observed	0.528	SYNTHETIC_TEACHING_FIXTURE
SYN_TRAJ_094	6	188.06	133.3705	133.3705	observed	0.5651	SYNTHETIC_TEACHING_FIXTURE
SYN_TRAJ_094	7	188.07	134.3183	134.3183	observed	0.5582	SYNTHETIC_TEACHING_FIXTURE
SYN_TRAJ_094	8	188.08	139.0342	139.0342	observed	0.635	SYNTHETIC_TEACHING_FIXTURE
SYN_TRAJ_094	9	188.09	142.1476	142.1476	observed	0.4073	SYNTHETIC_TEACHING_FIXTURE
SYN_TRAJ_094	10	188.1	147.9999	147.9999	observed	0.447	SYNTHETIC_TEACHING_FIXTURE
SYN_TRAJ_094	11	188.11	151.4717	151.4717	observed	0.7796	SYNTHETIC_TEACHING_FIXTURE
SYN_TRAJ_094	12	188.12	148.5225	148.5225	observed	0.4586	SYNTHETIC_TEACHING_FIXTURE
SYN_TRAJ_094	13	188.13	151.9811	151.9811	observed	0.906	SYNTHETIC_TEACHING_FIXTURE
SYN_TRAJ_094	14	188.14	150.632	150.632	observed	0.3429	SYNTHETIC_TEACHING_FIXTURE
SYN_TRAJ_094	15	188.15	149.199	149.199	observed	0.2511	SYNTHETIC_TEACHING_FIXTURE
SYN_TRAJ_094	16	188.16	151.9911	151.9911	observed	0.5777	SYNTHETIC_TEACHING_FIXTURE
SYN_TRAJ_094	17	188.17	152.7584	152.7584	observed	0.7847	SYNTHETIC_TEACHING_FIXTURE
SYN_TRAJ_094	18	188.18	151.0649	151.0649	observed	0.2596	SYNTHETIC_TEACHING_FIXTURE
SYN_TRAJ_094	19	188.19	154.5909	154.5909	observed	0.7594	SYNTHETIC_TEACHING_FIXTURE
SYN_TRAJ_094	20	188.2	150.2518	150.2518	observed	0.4516	SYNTHETIC_TEACHING_FIXTURE
SYN_TRAJ_094	21	188.21	153.1318	153.1318	observed	0.8416	SYNTHETIC_TEACHING_FIXTURE
SYN_TRAJ_094	22	188.22	148.3594	148.3594	observed	0.4314	SYNTHETIC_TEACHING_FIXTURE
SYN_TRAJ_094	23	188.23	148.4291	148.4291	observed	0.7355	SYNTHETIC_TEACHING_FIXTURE
SYN_TRAJ_094	24	188.24	146.6725	146.6725	observed	0.4017	SYNTHETIC_TEACHING_FIXTURE
SYN_TRAJ_094	25	188.25	143.6147	143.6147	observed	0.7453	SYNTHETIC_TEACHING_FIXTURE
SYN_TRAJ_094	26	188.26	142.1673	142.1673	observed	0.5812	SYNTHETIC_TEACHING_FIXTURE
SYN_TRAJ_094	27	188.27	143.1708	143.1708	observed	0.8258	SYNTHETIC_TEACHING_FIXTURE
SYN_TRAJ_094	28	188.28	138.7064	138.7064	observed	0.8846	SYNTHETIC_TEACHING_FIXTURE
SYN_TRAJ_094	29	188.29	134.6583	134.6583	observed	0.5767	SYNTHETIC_TEACHING_FIXTURE
SYN_TRAJ_094	30	188.3	130.9011	130.9011	observed	0.3013	SYNTHETIC_TEACHING_FIXTURE
SYN_TRAJ_094	31	188.31	131.277	131.277	observed	0.2986	SYNTHETIC_TEACHING_FIXTURE
SYN_TRAJ_094	32	188.32	129.6392	129.6392	observed	0.9717	SYNTHETIC_TEACHING_FIXTURE
SYN_TRAJ_094	33	188.33	126.0485	126.0485	observed	0.7954	SYNTHETIC_TEACHING_FIXTURE
SYN_TRAJ_094	34	188.34	127.3414	127.3414	observed	0.5407	SYNTHETIC_TEACHING_FIXTURE
SYN_TRAJ_094	35	188.35	131.2303	131.2303	observed	0.7697	SYNTHETIC_TEACHING_FIXTURE
SYN_TRAJ_094	36	188.36	131.8553	131.8553	observed	0.4417	SYNTHETIC_TEACHING_FIXTURE
SYN_TRAJ_094	37	188.37	130.8812	130.8812	observed	0.3651	SYNTHETIC_TEACHING_FIXTURE
SYN_TRAJ_094	38	188.38	127.1514	127.1514	observed	0.4626	SYNTHETIC_TEACHING_FIXTURE
SYN_TRAJ_094	39	188.39	126.3765	126.3765	observed	0.5985	SYNTHETIC_TEACHING_FIXTURE
SYN_TRAJ_094	40	188.4	123.3621	123.3621	observed	0.5168	SYNTHETIC_TEACHING_FIXTURE
SYN_TRAJ_094	41	188.41	122.6181	122.6181	observed	0.2511	SYNTHETIC_TEACHING_FIXTURE
SYN_TRAJ_094	42	188.42	123.8753	123.8753	observed	0.5145	SYNTHETIC_TEACHING_FIXTURE
SYN_TRAJ_094	43	188.43	125.0419	125.0419	observed	0.8276	SYNTHETIC_TEACHING_FIXTURE
SYN_TRAJ_095	0	190.0			structural_unvoiced		SYNTHETIC_TEACHING_FIXTURE
SYN_TRAJ_095	1	190.01			structural_unvoiced		SYNTHETIC_TEACHING_FIXTURE
SYN_TRAJ_095	2	190.02			structural_unvoiced		SYNTHETIC_TEACHING_FIXTURE
SYN_TRAJ_095	3	190.03	128.5199	128.5199	observed	0.9419	SYNTHETIC_TEACHING_FIXTURE
SYN_TRAJ_095	4	190.04	131.3594	131.3594	observed	0.7493	SYNTHETIC_TEACHING_FIXTURE
SYN_TRAJ_095	5	190.05	133.617	133.617	observed	0.2568	SYNTHETIC_TEACHING_FIXTURE
SYN_TRAJ_095	6	190.06	129.2199	129.2199	observed	0.6371	SYNTHETIC_TEACHING_FIXTURE
SYN_TRAJ_095	7	190.07	129.7765	129.7765	observed	0.8571	SYNTHETIC_TEACHING_FIXTURE
SYN_TRAJ_095	8	190.08	132.3719	132.3719	observed	0.9165	SYNTHETIC_TEACHING_FIXTURE
SYN_TRAJ_095	9	190.09	134.3696	134.3696	observed	0.9285	SYNTHETIC_TEACHING_FIXTURE
SYN_TRAJ_095	10	190.1	136.9949	136.9949	observed	0.4437	SYNTHETIC_TEACHING_FIXTURE
SYN_TRAJ_095	11	190.11	140.1659	140.1659	observed	0.3002	SYNTHETIC_TEACHING_FIXTURE
SYN_TRAJ_095	12	190.12	142.7914	142.7914	observed	0.7775	SYNTHETIC_TEACHING_FIXTURE
SYN_TRAJ_095	13	190.13	142.9285	142.9285	observed	0.4805	SYNTHETIC_TEACHING_FIXTURE
SYN_TRAJ_095	14	190.14	149.6255	149.6255	observed	0.6542	SYNTHETIC_TEACHING_FIXTURE
SYN_TRAJ_095	15	190.15	148.7801	148.7801	observed	0.7797	SYNTHETIC_TEACHING_FIXTURE
SYN_TRAJ_095	16	190.16	147.9227	147.9227	observed	0.5546	SYNTHETIC_TEACHING_FIXTURE
SYN_TRAJ_095	17	190.17	144.9044	144.9044	observed	0.702	SYNTHETIC_TEACHING_FIXTURE
SYN_TRAJ_095	18	190.18	145.5283	145.5283	observed	0.9756	SYNTHETIC_TEACHING_FIXTURE
SYN_TRAJ_095	19	190.19	146.1151	146.1151	observed	0.936	SYNTHETIC_TEACHING_FIXTURE
SYN_TRAJ_095	20	190.2	142.334	142.334	observed	0.393	SYNTHETIC_TEACHING_FIXTURE
SYN_TRAJ_095	21	190.21	141.1707	141.1707	observed	0.4866	SYNTHETIC_TEACHING_FIXTURE
SYN_TRAJ_095	22	190.22	136.5319	136.5319	observed	0.8913	SYNTHETIC_TEACHING_FIXTURE
SYN_TRAJ_095	23	190.23	133.7122	133.7122	observed	0.3807	SYNTHETIC_TEACHING_FIXTURE
SYN_TRAJ_095	24	190.24	130.6733	130.6733	observed	0.5657	SYNTHETIC_TEACHING_FIXTURE
SYN_TRAJ_095	25	190.25	130.4405	130.4405	observed	0.4328	SYNTHETIC_TEACHING_FIXTURE
SYN_TRAJ_095	26	190.26			structural_unvoiced		SYNTHETIC_TEACHING_FIXTURE
SYN_TRAJ_095	27	190.27			structural_unvoiced		SYNTHETIC_TEACHING_FIXTURE
SYN_TRAJ_096	0	192.0			source_failure		SYNTHETIC_TEACHING_FIXTURE
SYN_TRAJ_096	1	192.01			source_failure		SYNTHETIC_TEACHING_FIXTURE
SYN_TRAJ_096	2	192.02			source_failure		SYNTHETIC_TEACHING_FIXTURE
SYN_TRAJ_096	3	192.03			source_failure		SYNTHETIC_TEACHING_FIXTURE
SYN_TRAJ_096	4	192.04			source_failure		SYNTHETIC_TEACHING_FIXTURE
SYN_TRAJ_096	5	192.05			source_failure		SYNTHETIC_TEACHING_FIXTURE
SYN_TRAJ_096	6	192.06			source_failure		SYNTHETIC_TEACHING_FIXTURE
SYN_TRAJ_096	7	192.07			source_failure		SYNTHETIC_TEACHING_FIXTURE
SYN_TRAJ_096	8	192.08			source_failure		SYNTHETIC_TEACHING_FIXTURE
SYN_TRAJ_096	9	192.09			source_failure		SYNTHETIC_TEACHING_FIXTURE
SYN_TRAJ_096	10	192.1			source_failure		SYNTHETIC_TEACHING_FIXTURE
SYN_TRAJ_096	11	192.11			source_failure		SYNTHETIC_TEACHING_FIXTURE
SYN_TRAJ_096	12	192.12			source_failure		SYNTHETIC_TEACHING_FIXTURE
SYN_TRAJ_096	13	192.13			source_failure		SYNTHETIC_TEACHING_FIXTURE
SYN_TRAJ_096	14	192.14			source_failure		SYNTHETIC_TEACHING_FIXTURE
SYN_TRAJ_096	15	192.15			source_failure		SYNTHETIC_TEACHING_FIXTURE
SYN_TRAJ_096	16	192.16			source_failure		SYNTHETIC_TEACHING_FIXTURE
SYN_TRAJ_096	17	192.17			source_failure		SYNTHETIC_TEACHING_FIXTURE
SYN_TRAJ_096	18	192.18			source_failure		SYNTHETIC_TEACHING_FIXTURE
SYN_TRAJ_096	19	192.19			source_failure		SYNTHETIC_TEACHING_FIXTURE
SYN_TRAJ_096	20	192.2			source_failure		SYNTHETIC_TEACHING_FIXTURE
SYN_TRAJ_096	21	192.21			source_failure		SYNTHETIC_TEACHING_FIXTURE
SYN_TRAJ_096	22	192.22			source_failure		SYNTHETIC_TEACHING_FIXTURE
SYN_TRAJ_096	23	192.23			source_failure		SYNTHETIC_TEACHING_FIXTURE
SYN_TRAJ_096	24	192.24			source_failure		SYNTHETIC_TEACHING_FIXTURE
SYN_TRAJ_096	25	192.25			source_failure		SYNTHETIC_TEACHING_FIXTURE
SYN_TRAJ_096	26	192.26			source_failure		SYNTHETIC_TEACHING_FIXTURE
SYN_TRAJ_096	27	192.27			source_failure		SYNTHETIC_TEACHING_FIXTURE
SYN_TRAJ_096	28	192.28			source_failure		SYNTHETIC_TEACHING_FIXTURE
SYN_TRAJ_096	29	192.29			source_failure		SYNTHETIC_TEACHING_FIXTURE
SYN_TRAJ_096	30	192.3			source_failure		SYNTHETIC_TEACHING_FIXTURE
SYN_TRAJ_096	31	192.31			source_failure		SYNTHETIC_TEACHING_FIXTURE
SYN_TRAJ_096	32	192.32			source_failure		SYNTHETIC_TEACHING_FIXTURE
SYN_TRAJ_096	33	192.33			source_failure		SYNTHETIC_TEACHING_FIXTURE
SYN_TRAJ_096	34	192.34			source_failure		SYNTHETIC_TEACHING_FIXTURE
SYN_TRAJ_096	35	192.35			source_failure		SYNTHETIC_TEACHING_FIXTURE
SYN_TRAJ_096	36	192.36			source_failure		SYNTHETIC_TEACHING_FIXTURE
SYN_TRAJ_096	37	192.37			source_failure		SYNTHETIC_TEACHING_FIXTURE
SYN_TRAJ_096	38	192.38			source_failure		SYNTHETIC_TEACHING_FIXTURE
SYN_TRAJ_096	39	192.39			source_failure		SYNTHETIC_TEACHING_FIXTURE
SYN_TRAJ_096	40	192.4			source_failure		SYNTHETIC_TEACHING_FIXTURE
SYN_TRAJ_096	41	192.41			source_failure		SYNTHETIC_TEACHING_FIXTURE
SYN_TRAJ_096	42	192.42			source_failure		SYNTHETIC_TEACHING_FIXTURE
SYN_TRAJ_096	43	192.43			source_failure		SYNTHETIC_TEACHING_FIXTURE
