observation_id	speaker_id	item_id	condition	speaking_rate	speaking_rate_z	outcome	recording_order	data_status
SYN_REG_0001	SYN_SPK_01	SYN_ITEM_01	BASE	4.421794	-0.38280159	100.789291	1	SYNTHETIC_TEACHING_FIXTURE
SYN_REG_0002	SYN_SPK_01	SYN_ITEM_01	SHIFT_A	4.135503	-0.95231836	106.756444	2	SYNTHETIC_TEACHING_FIXTURE
SYN_REG_0003	SYN_SPK_01	SYN_ITEM_01	SHIFT_B	4.651519	0.07418881	98.349542	3	SYNTHETIC_TEACHING_FIXTURE
SYN_REG_0004	SYN_SPK_01	SYN_ITEM_02	BASE	4.636915	0.04513717	100.208564	4	SYNTHETIC_TEACHING_FIXTURE
SYN_REG_0005	SYN_SPK_01	SYN_ITEM_02	SHIFT_A	4.369529	-0.48677200	103.488926	5	SYNTHETIC_TEACHING_FIXTURE
SYN_REG_0006	SYN_SPK_01	SYN_ITEM_02	SHIFT_B	4.444426	-0.33777990	99.948618	6	SYNTHETIC_TEACHING_FIXTURE
SYN_REG_0007	SYN_SPK_01	SYN_ITEM_03	BASE	4.724428	0.21922620	103.948716	7	SYNTHETIC_TEACHING_FIXTURE
SYN_REG_0008	SYN_SPK_01	SYN_ITEM_03	SHIFT_A	4.610765	-0.00688285	109.263836	8	SYNTHETIC_TEACHING_FIXTURE
SYN_REG_0009	SYN_SPK_01	SYN_ITEM_03	SHIFT_B	4.991794	0.75109559	101.576471	9	SYNTHETIC_TEACHING_FIXTURE
SYN_REG_0010	SYN_SPK_01	SYN_ITEM_04	BASE	4.646106	0.06342077	95.108790	10	SYNTHETIC_TEACHING_FIXTURE
SYN_REG_0011	SYN_SPK_01	SYN_ITEM_04	SHIFT_A	4.286307	-0.65232497	104.861244	11	SYNTHETIC_TEACHING_FIXTURE
SYN_REG_0012	SYN_SPK_01	SYN_ITEM_04	SHIFT_B	4.369296	-0.48723551	95.450916	12	SYNTHETIC_TEACHING_FIXTURE
SYN_REG_0013	SYN_SPK_01	SYN_ITEM_05	BASE	4.222115	-0.78002169	97.393399	13	SYNTHETIC_TEACHING_FIXTURE
SYN_REG_0014	SYN_SPK_01	SYN_ITEM_05	SHIFT_A	4.820087	0.40952001	102.567111	14	SYNTHETIC_TEACHING_FIXTURE
SYN_REG_0015	SYN_SPK_01	SYN_ITEM_05	SHIFT_B	3.877820	-1.46492542	95.560418	15	SYNTHETIC_TEACHING_FIXTURE
SYN_REG_0016	SYN_SPK_01	SYN_ITEM_06	BASE	4.597529	-0.03321313	104.959612	16	SYNTHETIC_TEACHING_FIXTURE
SYN_REG_0017	SYN_SPK_01	SYN_ITEM_06	SHIFT_A	4.387316	-0.45138844	108.951297	17	SYNTHETIC_TEACHING_FIXTURE
SYN_REG_0018	SYN_SPK_01	SYN_ITEM_06	SHIFT_B	4.619799	0.01108843	97.511924	18	SYNTHETIC_TEACHING_FIXTURE
SYN_REG_0019	SYN_SPK_01	SYN_ITEM_07	BASE	3.986031	-1.24966201	98.168841	19	SYNTHETIC_TEACHING_FIXTURE
SYN_REG_0020	SYN_SPK_01	SYN_ITEM_07	SHIFT_A	4.492478	-0.24219038	108.642126	20	SYNTHETIC_TEACHING_FIXTURE
SYN_REG_0021	SYN_SPK_01	SYN_ITEM_07	SHIFT_B	4.419027	-0.38830596	97.760060	21	SYNTHETIC_TEACHING_FIXTURE
SYN_REG_0022	SYN_SPK_01	SYN_ITEM_08	BASE	4.771195	0.31225948	104.187206	22	SYNTHETIC_TEACHING_FIXTURE
SYN_REG_0023	SYN_SPK_01	SYN_ITEM_08	SHIFT_A	4.439950	-0.34668398	105.155874	23	SYNTHETIC_TEACHING_FIXTURE
SYN_REG_0024	SYN_SPK_01	SYN_ITEM_08	SHIFT_B	3.554882	-2.10734382	97.285573	24	SYNTHETIC_TEACHING_FIXTURE
SYN_REG_0025	SYN_SPK_01	SYN_ITEM_09	BASE	5.110708	0.98765041	104.892087	25	SYNTHETIC_TEACHING_FIXTURE
SYN_REG_0026	SYN_SPK_01	SYN_ITEM_09	SHIFT_A	4.380020	-0.46590233	103.145305	26	SYNTHETIC_TEACHING_FIXTURE
SYN_REG_0027	SYN_SPK_01	SYN_ITEM_09	SHIFT_B	4.348758	-0.52809162	100.693618	27	SYNTHETIC_TEACHING_FIXTURE
SYN_REG_0028	SYN_SPK_01	SYN_ITEM_10	BASE	4.285430	-0.65406958	101.291443	28	SYNTHETIC_TEACHING_FIXTURE
SYN_REG_0029	SYN_SPK_01	SYN_ITEM_10	SHIFT_A	4.323646	-0.57804675	107.351600	29	SYNTHETIC_TEACHING_FIXTURE
SYN_REG_0030	SYN_SPK_01	SYN_ITEM_10	SHIFT_B	4.602621	-0.02308365	102.266956	30	SYNTHETIC_TEACHING_FIXTURE
SYN_REG_0031	SYN_SPK_01	SYN_ITEM_11	BASE	3.880886	-1.45882625	101.263338	31	SYNTHETIC_TEACHING_FIXTURE
SYN_REG_0032	SYN_SPK_01	SYN_ITEM_11	SHIFT_A	4.195587	-0.83279366	104.214586	32	SYNTHETIC_TEACHING_FIXTURE
SYN_REG_0033	SYN_SPK_01	SYN_ITEM_11	SHIFT_B	4.557367	-0.11310713	101.349954	33	SYNTHETIC_TEACHING_FIXTURE
SYN_REG_0034	SYN_SPK_01	SYN_ITEM_12	BASE	3.849363	-1.52153474	102.196989	34	SYNTHETIC_TEACHING_FIXTURE
SYN_REG_0035	SYN_SPK_01	SYN_ITEM_12	SHIFT_A	5.134549	1.03507716	109.414260	35	SYNTHETIC_TEACHING_FIXTURE
SYN_REG_0036	SYN_SPK_01	SYN_ITEM_12	SHIFT_B	4.508833	-0.20965549	101.961242	36	SYNTHETIC_TEACHING_FIXTURE
SYN_REG_0037	SYN_SPK_01	SYN_ITEM_13	BASE	4.223301	-0.77766238	103.376996	37	SYNTHETIC_TEACHING_FIXTURE
SYN_REG_0038	SYN_SPK_01	SYN_ITEM_13	SHIFT_A	4.266470	-0.69178658	104.597001	38	SYNTHETIC_TEACHING_FIXTURE
SYN_REG_0039	SYN_SPK_01	SYN_ITEM_13	SHIFT_B	5.054247	0.87533292	103.011943	39	SYNTHETIC_TEACHING_FIXTURE
SYN_REG_0040	SYN_SPK_01	SYN_ITEM_14	BASE	4.376482	-0.47294045	98.995822	40	SYNTHETIC_TEACHING_FIXTURE
SYN_REG_0041	SYN_SPK_01	SYN_ITEM_14	SHIFT_A	4.550360	-0.12704611	105.301392	41	SYNTHETIC_TEACHING_FIXTURE
SYN_REG_0042	SYN_SPK_01	SYN_ITEM_14	SHIFT_B	4.751435	0.27295104	99.994206	42	SYNTHETIC_TEACHING_FIXTURE
SYN_REG_0043	SYN_SPK_01	SYN_ITEM_15	BASE	4.892546	0.55366221	97.538130	43	SYNTHETIC_TEACHING_FIXTURE
SYN_REG_0044	SYN_SPK_01	SYN_ITEM_15	SHIFT_A	4.195347	-0.83327109	101.189021	44	SYNTHETIC_TEACHING_FIXTURE
SYN_REG_0045	SYN_SPK_01	SYN_ITEM_15	SHIFT_B	4.725296	0.22095290	88.004592	45	SYNTHETIC_TEACHING_FIXTURE
SYN_REG_0046	SYN_SPK_01	SYN_ITEM_16	BASE	4.616038	0.00360670	102.125304	46	SYNTHETIC_TEACHING_FIXTURE
SYN_REG_0047	SYN_SPK_01	SYN_ITEM_16	SHIFT_A	4.632730	0.03681198	107.624414	47	SYNTHETIC_TEACHING_FIXTURE
SYN_REG_0048	SYN_SPK_01	SYN_ITEM_16	SHIFT_B	5.196562	1.15843920	101.457817	48	SYNTHETIC_TEACHING_FIXTURE
SYN_REG_0049	SYN_SPK_01	SYN_ITEM_17	BASE	4.198325	-0.82734697	101.160461	49	SYNTHETIC_TEACHING_FIXTURE
SYN_REG_0050	SYN_SPK_01	SYN_ITEM_17	SHIFT_A	4.060582	-1.10135820	107.729907	50	SYNTHETIC_TEACHING_FIXTURE
SYN_REG_0051	SYN_SPK_01	SYN_ITEM_17	SHIFT_B	4.934790	0.63769792	102.124863	51	SYNTHETIC_TEACHING_FIXTURE
SYN_REG_0052	SYN_SPK_01	SYN_ITEM_18	BASE	4.517614	-0.19218751	101.416278	52	SYNTHETIC_TEACHING_FIXTURE
SYN_REG_0053	SYN_SPK_01	SYN_ITEM_18	SHIFT_A	4.345737	-0.53410127	99.937016	53	SYNTHETIC_TEACHING_FIXTURE
SYN_REG_0054	SYN_SPK_01	SYN_ITEM_18	SHIFT_B	4.116718	-0.98968723	93.263599	54	SYNTHETIC_TEACHING_FIXTURE
SYN_REG_0055	SYN_SPK_02	SYN_ITEM_01	BASE	4.813238	0.39589534	96.333857	1	SYNTHETIC_TEACHING_FIXTURE
SYN_REG_0056	SYN_SPK_02	SYN_ITEM_01	SHIFT_A	4.627657	0.02672030	101.751936	2	SYNTHETIC_TEACHING_FIXTURE
SYN_REG_0057	SYN_SPK_02	SYN_ITEM_01	SHIFT_B	4.468724	-0.28944406	91.108720	3	SYNTHETIC_TEACHING_FIXTURE
SYN_REG_0058	SYN_SPK_02	SYN_ITEM_02	BASE	3.926608	-1.36787178	97.495119	4	SYNTHETIC_TEACHING_FIXTURE
SYN_REG_0059	SYN_SPK_02	SYN_ITEM_02	SHIFT_A	4.292788	-0.63943236	110.546117	5	SYNTHETIC_TEACHING_FIXTURE
SYN_REG_0060	SYN_SPK_02	SYN_ITEM_02	SHIFT_B	4.799935	0.36943177	99.432391	6	SYNTHETIC_TEACHING_FIXTURE
SYN_REG_0061	SYN_SPK_02	SYN_ITEM_03	BASE	4.511965	-0.20342502	105.098941	7	SYNTHETIC_TEACHING_FIXTURE
SYN_REG_0062	SYN_SPK_02	SYN_ITEM_03	SHIFT_A	3.753086	-1.71305793	110.269827	8	SYNTHETIC_TEACHING_FIXTURE
SYN_REG_0063	SYN_SPK_02	SYN_ITEM_03	SHIFT_B	4.328685	-0.56802270	96.014016	9	SYNTHETIC_TEACHING_FIXTURE
SYN_REG_0064	SYN_SPK_02	SYN_ITEM_04	BASE	4.845329	0.45973375	97.278877	10	SYNTHETIC_TEACHING_FIXTURE
SYN_REG_0065	SYN_SPK_02	SYN_ITEM_04	SHIFT_A	4.252733	-0.71911350	108.853690	11	SYNTHETIC_TEACHING_FIXTURE
SYN_REG_0066	SYN_SPK_02	SYN_ITEM_04	SHIFT_B	4.613993	-0.00046141	97.593197	12	SYNTHETIC_TEACHING_FIXTURE
SYN_REG_0067	SYN_SPK_02	SYN_ITEM_05	BASE	4.204379	-0.81530379	92.465436	13	SYNTHETIC_TEACHING_FIXTURE
SYN_REG_0068	SYN_SPK_02	SYN_ITEM_05	SHIFT_A	3.929146	-1.36282295	103.951950	14	SYNTHETIC_TEACHING_FIXTURE
SYN_REG_0069	SYN_SPK_02	SYN_ITEM_05	SHIFT_B	4.617283	0.00608337	96.694579	15	SYNTHETIC_TEACHING_FIXTURE
SYN_REG_0070	SYN_SPK_02	SYN_ITEM_06	BASE	4.396824	-0.43247424	104.135873	16	SYNTHETIC_TEACHING_FIXTURE
SYN_REG_0071	SYN_SPK_02	SYN_ITEM_06	SHIFT_A	4.509809	-0.20771394	100.359653	17	SYNTHETIC_TEACHING_FIXTURE
SYN_REG_0072	SYN_SPK_02	SYN_ITEM_06	SHIFT_B	4.662813	0.09665589	98.782548	18	SYNTHETIC_TEACHING_FIXTURE
SYN_REG_0073	SYN_SPK_02	SYN_ITEM_07	BASE	4.200253	-0.82351162	94.874049	19	SYNTHETIC_TEACHING_FIXTURE
SYN_REG_0074	SYN_SPK_02	SYN_ITEM_07	SHIFT_A	4.582528	-0.06305452	105.414571	20	SYNTHETIC_TEACHING_FIXTURE
SYN_REG_0075	SYN_SPK_02	SYN_ITEM_07	SHIFT_B	4.792877	0.35539134	98.117047	21	SYNTHETIC_TEACHING_FIXTURE
SYN_REG_0076	SYN_SPK_02	SYN_ITEM_08	BASE	4.313221	-0.59878513	97.609808	22	SYNTHETIC_TEACHING_FIXTURE
SYN_REG_0077	SYN_SPK_02	SYN_ITEM_08	SHIFT_A	5.038172	0.84335503	108.075006	23	SYNTHETIC_TEACHING_FIXTURE
SYN_REG_0078	SYN_SPK_02	SYN_ITEM_08	SHIFT_B	4.727529	0.22539500	98.548820	24	SYNTHETIC_TEACHING_FIXTURE
SYN_REG_0079	SYN_SPK_02	SYN_ITEM_09	BASE	4.640774	0.05281386	104.577083	25	SYNTHETIC_TEACHING_FIXTURE
SYN_REG_0080	SYN_SPK_02	SYN_ITEM_09	SHIFT_A	4.268454	-0.68783982	108.055377	26	SYNTHETIC_TEACHING_FIXTURE
SYN_REG_0081	SYN_SPK_02	SYN_ITEM_09	SHIFT_B	4.985096	0.73777130	100.595507	27	SYNTHETIC_TEACHING_FIXTURE
SYN_REG_0082	SYN_SPK_02	SYN_ITEM_10	BASE	4.365706	-0.49437707	105.283287	28	SYNTHETIC_TEACHING_FIXTURE
SYN_REG_0083	SYN_SPK_02	SYN_ITEM_10	SHIFT_A	4.327331	-0.57071620	106.109000	29	SYNTHETIC_TEACHING_FIXTURE
SYN_REG_0084	SYN_SPK_02	SYN_ITEM_10	SHIFT_B	4.706725	0.18400974	99.421565	30	SYNTHETIC_TEACHING_FIXTURE
SYN_REG_0085	SYN_SPK_02	SYN_ITEM_11	BASE	4.808207	0.38588720	103.428003	31	SYNTHETIC_TEACHING_FIXTURE
SYN_REG_0086	SYN_SPK_02	SYN_ITEM_11	SHIFT_A	3.697371	-1.82389141	107.379987	32	SYNTHETIC_TEACHING_FIXTURE
SYN_REG_0087	SYN_SPK_02	SYN_ITEM_11	SHIFT_B	4.317608	-0.59005810	97.787700	33	SYNTHETIC_TEACHING_FIXTURE
SYN_REG_0088	SYN_SPK_02	SYN_ITEM_12	BASE	4.304169	-0.61679221	98.337810	34	SYNTHETIC_TEACHING_FIXTURE
SYN_REG_0089	SYN_SPK_02	SYN_ITEM_12	SHIFT_A	3.884598	-1.45144199	112.496126	35	SYNTHETIC_TEACHING_FIXTURE
SYN_REG_0090	SYN_SPK_02	SYN_ITEM_12	SHIFT_B	4.689950	0.15063934	104.992878	36	SYNTHETIC_TEACHING_FIXTURE
SYN_REG_0091	SYN_SPK_02	SYN_ITEM_13	BASE	4.844021	0.45713175	99.965027	37	SYNTHETIC_TEACHING_FIXTURE
SYN_REG_0092	SYN_SPK_02	SYN_ITEM_13	SHIFT_A	4.457706	-0.31136209	106.491323	38	SYNTHETIC_TEACHING_FIXTURE
SYN_REG_0093	SYN_SPK_02	SYN_ITEM_13	SHIFT_B	4.356854	-0.51198630	100.352890	39	SYNTHETIC_TEACHING_FIXTURE
SYN_REG_0094	SYN_SPK_02	SYN_ITEM_14	BASE	3.516554	-2.18358945	97.814664	40	SYNTHETIC_TEACHING_FIXTURE
SYN_REG_0095	SYN_SPK_02	SYN_ITEM_14	SHIFT_A	4.235816	-0.75276638	105.312683	41	SYNTHETIC_TEACHING_FIXTURE
SYN_REG_0096	SYN_SPK_02	SYN_ITEM_14	SHIFT_B	5.181788	1.12904938	98.761292	42	SYNTHETIC_TEACHING_FIXTURE
SYN_REG_0097	SYN_SPK_02	SYN_ITEM_15	BASE	4.495713	-0.23575502	96.781057	43	SYNTHETIC_TEACHING_FIXTURE
SYN_REG_0098	SYN_SPK_02	SYN_ITEM_15	SHIFT_A	4.369978	-0.48587881	102.882205	44	SYNTHETIC_TEACHING_FIXTURE
SYN_REG_0099	SYN_SPK_02	SYN_ITEM_15	SHIFT_B	4.048431	-1.12553010	94.873362	45	SYNTHETIC_TEACHING_FIXTURE
SYN_REG_0100	SYN_SPK_02	SYN_ITEM_16	BASE	4.384051	-0.45788349	99.423326	46	SYNTHETIC_TEACHING_FIXTURE
SYN_REG_0101	SYN_SPK_02	SYN_ITEM_16	SHIFT_A	4.518259	-0.19090441	109.894223	47	SYNTHETIC_TEACHING_FIXTURE
SYN_REG_0102	SYN_SPK_02	SYN_ITEM_16	SHIFT_B	4.841409	0.45193572	103.465303	48	SYNTHETIC_TEACHING_FIXTURE
SYN_REG_0103	SYN_SPK_02	SYN_ITEM_17	BASE	4.744583	0.25932040	100.958514	49	SYNTHETIC_TEACHING_FIXTURE
SYN_REG_0104	SYN_SPK_02	SYN_ITEM_17	SHIFT_A	4.463748	-0.29934278	108.629682	50	SYNTHETIC_TEACHING_FIXTURE
SYN_REG_0105	SYN_SPK_02	SYN_ITEM_17	SHIFT_B	4.741240	0.25267020	99.822744	51	SYNTHETIC_TEACHING_FIXTURE
SYN_REG_0106	SYN_SPK_02	SYN_ITEM_18	BASE	4.551335	-0.12510655	100.966348	52	SYNTHETIC_TEACHING_FIXTURE
SYN_REG_0107	SYN_SPK_02	SYN_ITEM_18	SHIFT_A	4.527656	-0.17221102	105.600538	53	SYNTHETIC_TEACHING_FIXTURE
SYN_REG_0108	SYN_SPK_02	SYN_ITEM_18	SHIFT_B	5.104112	0.97452903	98.391924	54	SYNTHETIC_TEACHING_FIXTURE
SYN_REG_0109	SYN_SPK_03	SYN_ITEM_01	BASE	4.432412	-0.36167927	96.937233	1	SYNTHETIC_TEACHING_FIXTURE
SYN_REG_0110	SYN_SPK_03	SYN_ITEM_01	SHIFT_A	4.485132	-0.25680373	99.113846	2	SYNTHETIC_TEACHING_FIXTURE
SYN_REG_0111	SYN_SPK_03	SYN_ITEM_01	SHIFT_B	5.326610	1.41714282	96.600450	3	SYNTHETIC_TEACHING_FIXTURE
SYN_REG_0112	SYN_SPK_03	SYN_ITEM_02	BASE	4.490344	-0.24643553	98.312397	4	SYNTHETIC_TEACHING_FIXTURE
SYN_REG_0113	SYN_SPK_03	SYN_ITEM_02	SHIFT_A	4.428803	-0.36885863	105.398924	5	SYNTHETIC_TEACHING_FIXTURE
SYN_REG_0114	SYN_SPK_03	SYN_ITEM_02	SHIFT_B	4.307075	-0.61101133	102.825446	6	SYNTHETIC_TEACHING_FIXTURE
SYN_REG_0115	SYN_SPK_03	SYN_ITEM_03	BASE	4.757238	0.28449491	106.997540	7	SYNTHETIC_TEACHING_FIXTURE
SYN_REG_0116	SYN_SPK_03	SYN_ITEM_03	SHIFT_A	4.771322	0.31251212	107.225840	8	SYNTHETIC_TEACHING_FIXTURE
SYN_REG_0117	SYN_SPK_03	SYN_ITEM_03	SHIFT_B	4.878553	0.52582603	101.899375	9	SYNTHETIC_TEACHING_FIXTURE
SYN_REG_0118	SYN_SPK_03	SYN_ITEM_04	BASE	4.927355	0.62290752	100.564271	10	SYNTHETIC_TEACHING_FIXTURE
SYN_REG_0119	SYN_SPK_03	SYN_ITEM_04	SHIFT_A	4.572787	-0.08243223	102.936744	11	SYNTHETIC_TEACHING_FIXTURE
SYN_REG_0120	SYN_SPK_03	SYN_ITEM_04	SHIFT_B	5.133563	1.03311571	98.065446	12	SYNTHETIC_TEACHING_FIXTURE
SYN_REG_0121	SYN_SPK_03	SYN_ITEM_05	BASE	4.393137	-0.43980877	97.922697	13	SYNTHETIC_TEACHING_FIXTURE
SYN_REG_0122	SYN_SPK_03	SYN_ITEM_05	SHIFT_A	4.539807	-0.14803912	99.461917	14	SYNTHETIC_TEACHING_FIXTURE
SYN_REG_0123	SYN_SPK_03	SYN_ITEM_05	SHIFT_B	4.170539	-0.88262148	92.124539	15	SYNTHETIC_TEACHING_FIXTURE
SYN_REG_0124	SYN_SPK_03	SYN_ITEM_06	BASE	4.411317	-0.40364342	100.682230	16	SYNTHETIC_TEACHING_FIXTURE
SYN_REG_0125	SYN_SPK_03	SYN_ITEM_06	SHIFT_A	4.303414	-0.61829413	102.788697	17	SYNTHETIC_TEACHING_FIXTURE
SYN_REG_0126	SYN_SPK_03	SYN_ITEM_06	SHIFT_B	5.139669	1.04526234	100.307981	18	SYNTHETIC_TEACHING_FIXTURE
SYN_REG_0127	SYN_SPK_03	SYN_ITEM_07	BASE	4.864598	0.49806544	99.567742	19	SYNTHETIC_TEACHING_FIXTURE
SYN_REG_0128	SYN_SPK_03	SYN_ITEM_07	SHIFT_A	4.796742	0.36307995	104.074992	20	SYNTHETIC_TEACHING_FIXTURE
SYN_REG_0129	SYN_SPK_03	SYN_ITEM_07	SHIFT_B	5.376429	1.51624742	95.958882	21	SYNTHETIC_TEACHING_FIXTURE
SYN_REG_0130	SYN_SPK_03	SYN_ITEM_08	BASE	4.737269	0.24477071	98.577210	22	SYNTHETIC_TEACHING_FIXTURE
SYN_REG_0131	SYN_SPK_03	SYN_ITEM_08	SHIFT_A	4.869781	0.50837595	101.815805	23	SYNTHETIC_TEACHING_FIXTURE
SYN_REG_0132	SYN_SPK_03	SYN_ITEM_08	SHIFT_B	5.222904	1.21084116	101.590905	24	SYNTHETIC_TEACHING_FIXTURE
SYN_REG_0133	SYN_SPK_03	SYN_ITEM_09	BASE	4.200830	-0.82236379	101.599353	25	SYNTHETIC_TEACHING_FIXTURE
SYN_REG_0134	SYN_SPK_03	SYN_ITEM_09	SHIFT_A	4.817780	0.40493071	106.455898	26	SYNTHETIC_TEACHING_FIXTURE
SYN_REG_0135	SYN_SPK_03	SYN_ITEM_09	SHIFT_B	5.204381	1.17399348	103.354659	27	SYNTHETIC_TEACHING_FIXTURE
SYN_REG_0136	SYN_SPK_03	SYN_ITEM_10	BASE	4.673368	0.11765288	102.212396	28	SYNTHETIC_TEACHING_FIXTURE
SYN_REG_0137	SYN_SPK_03	SYN_ITEM_10	SHIFT_A	4.802847	0.37522459	106.922156	29	SYNTHETIC_TEACHING_FIXTURE
SYN_REG_0138	SYN_SPK_03	SYN_ITEM_10	SHIFT_B	4.364225	-0.49732322	99.173556	30	SYNTHETIC_TEACHING_FIXTURE
SYN_REG_0139	SYN_SPK_03	SYN_ITEM_11	BASE	4.420701	-0.38497589	101.499727	31	SYNTHETIC_TEACHING_FIXTURE
SYN_REG_0140	SYN_SPK_03	SYN_ITEM_11	SHIFT_A	4.396047	-0.43401992	103.829994	32	SYNTHETIC_TEACHING_FIXTURE
SYN_REG_0141	SYN_SPK_03	SYN_ITEM_11	SHIFT_B	4.950365	0.66868116	96.757870	33	SYNTHETIC_TEACHING_FIXTURE
SYN_REG_0142	SYN_SPK_03	SYN_ITEM_12	BASE	4.383588	-0.45880453	103.957107	34	SYNTHETIC_TEACHING_FIXTURE
SYN_REG_0143	SYN_SPK_03	SYN_ITEM_12	SHIFT_A	4.509903	-0.20752695	109.804124	35	SYNTHETIC_TEACHING_FIXTURE
SYN_REG_0144	SYN_SPK_03	SYN_ITEM_12	SHIFT_B	5.031950	0.83097765	103.552201	36	SYNTHETIC_TEACHING_FIXTURE
SYN_REG_0145	SYN_SPK_03	SYN_ITEM_13	BASE	4.637886	0.04706878	103.337420	37	SYNTHETIC_TEACHING_FIXTURE
SYN_REG_0146	SYN_SPK_03	SYN_ITEM_13	SHIFT_A	3.636093	-1.94579132	107.205227	38	SYNTHETIC_TEACHING_FIXTURE
SYN_REG_0147	SYN_SPK_03	SYN_ITEM_13	SHIFT_B	4.757612	0.28523891	97.005516	39	SYNTHETIC_TEACHING_FIXTURE
SYN_REG_0148	SYN_SPK_03	SYN_ITEM_14	BASE	4.482778	-0.26148653	97.371965	40	SYNTHETIC_TEACHING_FIXTURE
SYN_REG_0149	SYN_SPK_03	SYN_ITEM_14	SHIFT_A	4.898227	0.56496338	107.492747	41	SYNTHETIC_TEACHING_FIXTURE
SYN_REG_0150	SYN_SPK_03	SYN_ITEM_14	SHIFT_B	4.582752	-0.06260892	101.973111	42	SYNTHETIC_TEACHING_FIXTURE
SYN_REG_0151	SYN_SPK_03	SYN_ITEM_15	BASE	4.607545	-0.01328837	97.206702	43	SYNTHETIC_TEACHING_FIXTURE
SYN_REG_0152	SYN_SPK_03	SYN_ITEM_15	SHIFT_A	4.053317	-1.11581042	101.557402	44	SYNTHETIC_TEACHING_FIXTURE
SYN_REG_0153	SYN_SPK_03	SYN_ITEM_15	SHIFT_B	4.255887	-0.71283927	90.676221	45	SYNTHETIC_TEACHING_FIXTURE
SYN_REG_0154	SYN_SPK_03	SYN_ITEM_16	BASE	4.232978	-0.75841199	102.409447	46	SYNTHETIC_TEACHING_FIXTURE
SYN_REG_0155	SYN_SPK_03	SYN_ITEM_16	SHIFT_A	4.723814	0.21800477	106.231865	47	SYNTHETIC_TEACHING_FIXTURE
SYN_REG_0156	SYN_SPK_03	SYN_ITEM_16	SHIFT_B	5.416437	1.59583506	102.633458	48	SYNTHETIC_TEACHING_FIXTURE
SYN_REG_0157	SYN_SPK_03	SYN_ITEM_17	BASE	4.226357	-0.77158310	105.352307	49	SYNTHETIC_TEACHING_FIXTURE
SYN_REG_0158	SYN_SPK_03	SYN_ITEM_17	SHIFT_A	4.603036	-0.02225809	102.451867	50	SYNTHETIC_TEACHING_FIXTURE
SYN_REG_0159	SYN_SPK_03	SYN_ITEM_17	SHIFT_B	4.516594	-0.19421659	99.701643	51	SYNTHETIC_TEACHING_FIXTURE
SYN_REG_0160	SYN_SPK_03	SYN_ITEM_18	BASE	4.804692	0.37889484	99.288959	52	SYNTHETIC_TEACHING_FIXTURE
SYN_REG_0161	SYN_SPK_03	SYN_ITEM_18	SHIFT_A	4.671897	0.11472663	103.295436	53	SYNTHETIC_TEACHING_FIXTURE
SYN_REG_0162	SYN_SPK_03	SYN_ITEM_18	SHIFT_B	4.570037	-0.08790278	102.109733	54	SYNTHETIC_TEACHING_FIXTURE
SYN_REG_0163	SYN_SPK_04	SYN_ITEM_01	BASE	4.357674	-0.51035508	98.557217	1	SYNTHETIC_TEACHING_FIXTURE
SYN_REG_0164	SYN_SPK_04	SYN_ITEM_01	SHIFT_A	4.773447	0.31673937	103.561061	2	SYNTHETIC_TEACHING_FIXTURE
SYN_REG_0165	SYN_SPK_04	SYN_ITEM_01	SHIFT_B	4.965381	0.69855239	97.636705	3	SYNTHETIC_TEACHING_FIXTURE
SYN_REG_0166	SYN_SPK_04	SYN_ITEM_02	BASE	5.364173	1.49186664	99.616753	4	SYNTHETIC_TEACHING_FIXTURE
SYN_REG_0167	SYN_SPK_04	SYN_ITEM_02	SHIFT_A	5.252420	1.26955715	109.270928	5	SYNTHETIC_TEACHING_FIXTURE
SYN_REG_0168	SYN_SPK_04	SYN_ITEM_02	SHIFT_B	4.618354	0.00821390	98.667383	6	SYNTHETIC_TEACHING_FIXTURE
SYN_REG_0169	SYN_SPK_04	SYN_ITEM_03	BASE	4.709610	0.18974885	105.416924	7	SYNTHETIC_TEACHING_FIXTURE
SYN_REG_0170	SYN_SPK_04	SYN_ITEM_03	SHIFT_A	4.974921	0.71753024	110.321754	8	SYNTHETIC_TEACHING_FIXTURE
SYN_REG_0171	SYN_SPK_04	SYN_ITEM_03	SHIFT_B	5.022624	0.81242550	103.769687	9	SYNTHETIC_TEACHING_FIXTURE
SYN_REG_0172	SYN_SPK_04	SYN_ITEM_04	BASE	5.178439	1.12238724	104.970878	10	SYNTHETIC_TEACHING_FIXTURE
SYN_REG_0173	SYN_SPK_04	SYN_ITEM_04	SHIFT_A	5.410348	1.58372226	104.732654	11	SYNTHETIC_TEACHING_FIXTURE
SYN_REG_0174	SYN_SPK_04	SYN_ITEM_04	SHIFT_B	5.295057	1.35437464	100.391466	12	SYNTHETIC_TEACHING_FIXTURE
SYN_REG_0175	SYN_SPK_04	SYN_ITEM_05	BASE	4.722287	0.21496712	99.631500	13	SYNTHETIC_TEACHING_FIXTURE
SYN_REG_0176	SYN_SPK_04	SYN_ITEM_05	SHIFT_A	4.919984	0.60824444	103.254885	14	SYNTHETIC_TEACHING_FIXTURE
SYN_REG_0177	SYN_SPK_04	SYN_ITEM_05	SHIFT_B	5.034405	0.83586137	95.209959	15	SYNTHETIC_TEACHING_FIXTURE
SYN_REG_0178	SYN_SPK_04	SYN_ITEM_06	BASE	4.996777	0.76100824	102.777632	16	SYNTHETIC_TEACHING_FIXTURE
SYN_REG_0179	SYN_SPK_04	SYN_ITEM_06	SHIFT_A	5.537234	1.83613573	106.309117	17	SYNTHETIC_TEACHING_FIXTURE
SYN_REG_0180	SYN_SPK_04	SYN_ITEM_06	SHIFT_B	4.507291	-0.21272298	101.857638	18	SYNTHETIC_TEACHING_FIXTURE
SYN_REG_0181	SYN_SPK_04	SYN_ITEM_07	BASE	5.010985	0.78927212	100.514042	19	SYNTHETIC_TEACHING_FIXTURE
SYN_REG_0182	SYN_SPK_04	SYN_ITEM_07	SHIFT_A	5.258179	1.28101349	105.001717	20	SYNTHETIC_TEACHING_FIXTURE
SYN_REG_0183	SYN_SPK_04	SYN_ITEM_07	SHIFT_B	5.415347	1.59366673	95.638230	21	SYNTHETIC_TEACHING_FIXTURE
SYN_REG_0184	SYN_SPK_04	SYN_ITEM_08	BASE	4.823152	0.41561719	102.503604	22	SYNTHETIC_TEACHING_FIXTURE
SYN_REG_0185	SYN_SPK_04	SYN_ITEM_08	SHIFT_A	4.932553	0.63324787	106.068338	23	SYNTHETIC_TEACHING_FIXTURE
SYN_REG_0186	SYN_SPK_04	SYN_ITEM_08	SHIFT_B	5.113590	0.99338356	99.119708	24	SYNTHETIC_TEACHING_FIXTURE
SYN_REG_0187	SYN_SPK_04	SYN_ITEM_09	BASE	5.222577	1.21019067	103.257311	25	SYNTHETIC_TEACHING_FIXTURE
SYN_REG_0188	SYN_SPK_04	SYN_ITEM_09	SHIFT_A	4.540743	-0.14617714	105.600601	26	SYNTHETIC_TEACHING_FIXTURE
SYN_REG_0189	SYN_SPK_04	SYN_ITEM_09	SHIFT_B	4.823562	0.41643280	99.856537	27	SYNTHETIC_TEACHING_FIXTURE
SYN_REG_0190	SYN_SPK_04	SYN_ITEM_10	BASE	5.264822	1.29422836	100.579146	28	SYNTHETIC_TEACHING_FIXTURE
SYN_REG_0191	SYN_SPK_04	SYN_ITEM_10	SHIFT_A	5.031994	0.83106518	107.561935	29	SYNTHETIC_TEACHING_FIXTURE
SYN_REG_0192	SYN_SPK_04	SYN_ITEM_10	SHIFT_B	5.125265	1.01660856	100.326682	30	SYNTHETIC_TEACHING_FIXTURE
SYN_REG_0193	SYN_SPK_04	SYN_ITEM_11	BASE	4.978795	0.72523677	99.789885	31	SYNTHETIC_TEACHING_FIXTURE
SYN_REG_0194	SYN_SPK_04	SYN_ITEM_11	SHIFT_A	5.045779	0.85848759	103.167146	32	SYNTHETIC_TEACHING_FIXTURE
SYN_REG_0195	SYN_SPK_04	SYN_ITEM_11	SHIFT_B	5.297289	1.35881475	99.305256	33	SYNTHETIC_TEACHING_FIXTURE
SYN_REG_0196	SYN_SPK_04	SYN_ITEM_12	BASE	4.958512	0.68488793	105.140734	34	SYNTHETIC_TEACHING_FIXTURE
SYN_REG_0197	SYN_SPK_04	SYN_ITEM_12	SHIFT_A	4.927437	0.62307064	109.851674	35	SYNTHETIC_TEACHING_FIXTURE
SYN_REG_0198	SYN_SPK_04	SYN_ITEM_12	SHIFT_B	5.089242	0.94494824	104.123640	36	SYNTHETIC_TEACHING_FIXTURE
SYN_REG_0199	SYN_SPK_04	SYN_ITEM_13	BASE	4.920267	0.60880741	106.512406	37	SYNTHETIC_TEACHING_FIXTURE
SYN_REG_0200	SYN_SPK_04	SYN_ITEM_13	SHIFT_A	5.281555	1.32751521	108.416067	38	SYNTHETIC_TEACHING_FIXTURE
SYN_REG_0201	SYN_SPK_04	SYN_ITEM_13	SHIFT_B	4.907767	0.58394124	101.424776	39	SYNTHETIC_TEACHING_FIXTURE
SYN_REG_0202	SYN_SPK_04	SYN_ITEM_14	BASE	5.530868	1.82347189	98.991525	40	SYNTHETIC_TEACHING_FIXTURE
SYN_REG_0203	SYN_SPK_04	SYN_ITEM_14	SHIFT_A	5.086112	0.93872176	109.489478	41	SYNTHETIC_TEACHING_FIXTURE
SYN_REG_0204	SYN_SPK_04	SYN_ITEM_14	SHIFT_B	4.937361	0.64281239	97.492896	42	SYNTHETIC_TEACHING_FIXTURE
SYN_REG_0205	SYN_SPK_04	SYN_ITEM_15	BASE	4.642680	0.05660545	97.203398	43	SYNTHETIC_TEACHING_FIXTURE
SYN_REG_0206	SYN_SPK_04	SYN_ITEM_15	SHIFT_A	4.525903	-0.17569825	98.645975	44	SYNTHETIC_TEACHING_FIXTURE
SYN_REG_0207	SYN_SPK_04	SYN_ITEM_15	SHIFT_B	5.108166	0.98259363	92.579492	45	SYNTHETIC_TEACHING_FIXTURE
SYN_REG_0208	SYN_SPK_04	SYN_ITEM_16	BASE	5.494203	1.75053445	100.831590	46	SYNTHETIC_TEACHING_FIXTURE
SYN_REG_0209	SYN_SPK_04	SYN_ITEM_16	SHIFT_A	4.982861	0.73332523	105.756994	47	SYNTHETIC_TEACHING_FIXTURE
SYN_REG_0210	SYN_SPK_04	SYN_ITEM_16	SHIFT_B	5.177140	1.11980315	104.012692	48	SYNTHETIC_TEACHING_FIXTURE
SYN_REG_0211	SYN_SPK_04	SYN_ITEM_17	BASE	5.424386	1.61164796	105.036935	49	SYNTHETIC_TEACHING_FIXTURE
SYN_REG_0212	SYN_SPK_04	SYN_ITEM_17	SHIFT_A	5.226601	1.21819558	109.236542	50	SYNTHETIC_TEACHING_FIXTURE
SYN_REG_0213	SYN_SPK_04	SYN_ITEM_17	SHIFT_B	5.143532	1.05294698	100.119987	51	SYNTHETIC_TEACHING_FIXTURE
SYN_REG_0214	SYN_SPK_04	SYN_ITEM_18	BASE	4.987807	0.74316428	98.205729	52	SYNTHETIC_TEACHING_FIXTURE
SYN_REG_0215	SYN_SPK_04	SYN_ITEM_18	SHIFT_A	5.590856	1.94280561	105.515172	53	SYNTHETIC_TEACHING_FIXTURE
SYN_REG_0216	SYN_SPK_04	SYN_ITEM_18	SHIFT_B	5.175703	1.11694453	101.120453	54	SYNTHETIC_TEACHING_FIXTURE
SYN_REG_0217	SYN_SPK_05	SYN_ITEM_01	BASE	4.366821	-0.49215901	99.466201	1	SYNTHETIC_TEACHING_FIXTURE
SYN_REG_0218	SYN_SPK_05	SYN_ITEM_01	SHIFT_A	5.552718	1.86693794	110.432032	2	SYNTHETIC_TEACHING_FIXTURE
SYN_REG_0219	SYN_SPK_05	SYN_ITEM_01	SHIFT_B	4.920042	0.60835982	101.568694	3	SYNTHETIC_TEACHING_FIXTURE
SYN_REG_0220	SYN_SPK_05	SYN_ITEM_02	BASE	4.907537	0.58348370	103.430529	4	SYNTHETIC_TEACHING_FIXTURE
SYN_REG_0221	SYN_SPK_05	SYN_ITEM_02	SHIFT_A	4.369859	-0.48611554	110.469218	5	SYNTHETIC_TEACHING_FIXTURE
SYN_REG_0222	SYN_SPK_05	SYN_ITEM_02	SHIFT_B	5.029005	0.82511918	104.623036	6	SYNTHETIC_TEACHING_FIXTURE
SYN_REG_0223	SYN_SPK_05	SYN_ITEM_03	BASE	3.903143	-1.41455055	102.508112	7	SYNTHETIC_TEACHING_FIXTURE
SYN_REG_0224	SYN_SPK_05	SYN_ITEM_03	SHIFT_A	4.270096	-0.68457340	108.993849	8	SYNTHETIC_TEACHING_FIXTURE
SYN_REG_0225	SYN_SPK_05	SYN_ITEM_03	SHIFT_B	5.209583	1.18434179	103.278786	9	SYNTHETIC_TEACHING_FIXTURE
SYN_REG_0226	SYN_SPK_05	SYN_ITEM_04	BASE	5.003262	0.77390881	101.263782	10	SYNTHETIC_TEACHING_FIXTURE
SYN_REG_0227	SYN_SPK_05	SYN_ITEM_04	SHIFT_A	4.807787	0.38505170	108.188315	11	SYNTHETIC_TEACHING_FIXTURE
SYN_REG_0228	SYN_SPK_05	SYN_ITEM_04	SHIFT_B	4.968880	0.70551292	102.538519	12	SYNTHETIC_TEACHING_FIXTURE
SYN_REG_0229	SYN_SPK_05	SYN_ITEM_05	BASE	4.638923	0.04913167	100.545428	13	SYNTHETIC_TEACHING_FIXTURE
SYN_REG_0230	SYN_SPK_05	SYN_ITEM_05	SHIFT_A	4.619201	0.00989883	107.618528	14	SYNTHETIC_TEACHING_FIXTURE
SYN_REG_0231	SYN_SPK_05	SYN_ITEM_05	SHIFT_B	4.789864	0.34939759	94.951520	15	SYNTHETIC_TEACHING_FIXTURE
SYN_REG_0232	SYN_SPK_05	SYN_ITEM_06	BASE	4.508010	-0.21129268	106.253242	16	SYNTHETIC_TEACHING_FIXTURE
SYN_REG_0233	SYN_SPK_05	SYN_ITEM_06	SHIFT_A	4.737160	0.24455388	112.098485	17	SYNTHETIC_TEACHING_FIXTURE
SYN_REG_0234	SYN_SPK_05	SYN_ITEM_06	SHIFT_B	4.906163	0.58075042	100.774001	18	SYNTHETIC_TEACHING_FIXTURE
SYN_REG_0235	SYN_SPK_05	SYN_ITEM_07	BASE	3.855531	-1.50926478	104.462535	19	SYNTHETIC_TEACHING_FIXTURE
SYN_REG_0236	SYN_SPK_05	SYN_ITEM_07	SHIFT_A	4.498594	-0.23002386	105.283440	20	SYNTHETIC_TEACHING_FIXTURE
SYN_REG_0237	SYN_SPK_05	SYN_ITEM_07	SHIFT_B	5.270694	1.30590949	97.601305	21	SYNTHETIC_TEACHING_FIXTURE
SYN_REG_0238	SYN_SPK_05	SYN_ITEM_08	BASE	4.473691	-0.27956324	101.430263	22	SYNTHETIC_TEACHING_FIXTURE
SYN_REG_0239	SYN_SPK_05	SYN_ITEM_08	SHIFT_A	5.263069	1.29074113	108.817875	23	SYNTHETIC_TEACHING_FIXTURE
SYN_REG_0240	SYN_SPK_05	SYN_ITEM_08	SHIFT_B	4.654841	0.08079725	101.397627	24	SYNTHETIC_TEACHING_FIXTURE
SYN_REG_0241	SYN_SPK_05	SYN_ITEM_09	BASE	4.241586	-0.74128816	105.757796	25	SYNTHETIC_TEACHING_FIXTURE
SYN_REG_0242	SYN_SPK_05	SYN_ITEM_09	SHIFT_A	4.886271	0.54117939	110.976715	26	SYNTHETIC_TEACHING_FIXTURE
SYN_REG_0243	SYN_SPK_05	SYN_ITEM_09	SHIFT_B	4.606804	-0.01476244	104.090479	27	SYNTHETIC_TEACHING_FIXTURE
SYN_REG_0244	SYN_SPK_05	SYN_ITEM_10	BASE	4.677341	0.12555634	104.096395	28	SYNTHETIC_TEACHING_FIXTURE
SYN_REG_0245	SYN_SPK_05	SYN_ITEM_10	SHIFT_A	4.063775	-1.09500639	112.149267	29	SYNTHETIC_TEACHING_FIXTURE
SYN_REG_0246	SYN_SPK_05	SYN_ITEM_10	SHIFT_B	4.802314	0.37416430	99.457717	30	SYNTHETIC_TEACHING_FIXTURE
SYN_REG_0247	SYN_SPK_05	SYN_ITEM_11	BASE	4.304248	-0.61663506	101.142981	31	SYNTHETIC_TEACHING_FIXTURE
SYN_REG_0248	SYN_SPK_05	SYN_ITEM_11	SHIFT_A	3.937762	-1.34568320	111.809380	32	SYNTHETIC_TEACHING_FIXTURE
SYN_REG_0249	SYN_SPK_05	SYN_ITEM_11	SHIFT_B	4.638776	0.04883925	99.707135	33	SYNTHETIC_TEACHING_FIXTURE
SYN_REG_0250	SYN_SPK_05	SYN_ITEM_12	BASE	4.628076	0.02755381	103.975649	34	SYNTHETIC_TEACHING_FIXTURE
SYN_REG_0251	SYN_SPK_05	SYN_ITEM_12	SHIFT_A	4.930678	0.62951794	114.612655	35	SYNTHETIC_TEACHING_FIXTURE
SYN_REG_0252	SYN_SPK_05	SYN_ITEM_12	SHIFT_B	4.598633	-0.03101695	101.658509	36	SYNTHETIC_TEACHING_FIXTURE
SYN_REG_0253	SYN_SPK_05	SYN_ITEM_13	BASE	4.694781	0.16024962	103.577188	37	SYNTHETIC_TEACHING_FIXTURE
SYN_REG_0254	SYN_SPK_05	SYN_ITEM_13	SHIFT_A	4.408036	-0.41017029	111.380428	38	SYNTHETIC_TEACHING_FIXTURE
SYN_REG_0255	SYN_SPK_05	SYN_ITEM_13	SHIFT_B	4.913886	0.59611373	103.658172	39	SYNTHETIC_TEACHING_FIXTURE
SYN_REG_0256	SYN_SPK_05	SYN_ITEM_14	BASE	4.505302	-0.21667968	103.059868	40	SYNTHETIC_TEACHING_FIXTURE
SYN_REG_0257	SYN_SPK_05	SYN_ITEM_14	SHIFT_A	4.745021	0.26019172	112.238253	41	SYNTHETIC_TEACHING_FIXTURE
SYN_REG_0258	SYN_SPK_05	SYN_ITEM_14	SHIFT_B	4.994139	0.75576048	101.993035	42	SYNTHETIC_TEACHING_FIXTURE
SYN_REG_0259	SYN_SPK_05	SYN_ITEM_15	BASE	5.044257	0.85545988	101.346888	43	SYNTHETIC_TEACHING_FIXTURE
SYN_REG_0260	SYN_SPK_05	SYN_ITEM_15	SHIFT_A	4.896944	0.56241112	104.534761	44	SYNTHETIC_TEACHING_FIXTURE
SYN_REG_0261	SYN_SPK_05	SYN_ITEM_15	SHIFT_B	5.318527	1.40106336	96.856763	45	SYNTHETIC_TEACHING_FIXTURE
SYN_REG_0262	SYN_SPK_05	SYN_ITEM_16	BASE	4.211182	-0.80177063	107.325568	46	SYNTHETIC_TEACHING_FIXTURE
SYN_REG_0263	SYN_SPK_05	SYN_ITEM_16	SHIFT_A	4.272419	-0.67995228	107.738955	47	SYNTHETIC_TEACHING_FIXTURE
SYN_REG_0264	SYN_SPK_05	SYN_ITEM_16	SHIFT_B	4.266026	-0.69266983	100.893035	48	SYNTHETIC_TEACHING_FIXTURE
SYN_REG_0265	SYN_SPK_05	SYN_ITEM_17	BASE	4.955344	0.67858585	102.089948	49	SYNTHETIC_TEACHING_FIXTURE
SYN_REG_0266	SYN_SPK_05	SYN_ITEM_17	SHIFT_A	4.535971	-0.15567005	109.608138	50	SYNTHETIC_TEACHING_FIXTURE
SYN_REG_0267	SYN_SPK_05	SYN_ITEM_17	SHIFT_B	4.821352	0.41203646	99.326764	51	SYNTHETIC_TEACHING_FIXTURE
SYN_REG_0268	SYN_SPK_05	SYN_ITEM_18	BASE	5.077172	0.92093747	97.506451	52	SYNTHETIC_TEACHING_FIXTURE
SYN_REG_0269	SYN_SPK_05	SYN_ITEM_18	SHIFT_A	4.559473	-0.10891768	109.321698	53	SYNTHETIC_TEACHING_FIXTURE
SYN_REG_0270	SYN_SPK_05	SYN_ITEM_18	SHIFT_B	5.231345	1.22763279	99.353971	54	SYNTHETIC_TEACHING_FIXTURE
SYN_REG_0271	SYN_SPK_06	SYN_ITEM_01	BASE	4.844136	0.45736052	96.133960	1	SYNTHETIC_TEACHING_FIXTURE
SYN_REG_0272	SYN_SPK_06	SYN_ITEM_01	SHIFT_A	4.737742	0.24571165	103.995043	2	SYNTHETIC_TEACHING_FIXTURE
SYN_REG_0273	SYN_SPK_06	SYN_ITEM_01	SHIFT_B	5.185443	1.13632025	94.437989	3	SYNTHETIC_TEACHING_FIXTURE
SYN_REG_0274	SYN_SPK_06	SYN_ITEM_02	BASE	5.075764	0.91813655	101.290923	4	SYNTHETIC_TEACHING_FIXTURE
SYN_REG_0275	SYN_SPK_06	SYN_ITEM_02	SHIFT_A	4.994232	0.75594549	109.710071	5	SYNTHETIC_TEACHING_FIXTURE
SYN_REG_0276	SYN_SPK_06	SYN_ITEM_02	SHIFT_B	5.264353	1.29329538	98.207626	6	SYNTHETIC_TEACHING_FIXTURE
SYN_REG_0277	SYN_SPK_06	SYN_ITEM_03	BASE	4.648743	0.06866654	101.123666	7	SYNTHETIC_TEACHING_FIXTURE
SYN_REG_0278	SYN_SPK_06	SYN_ITEM_03	SHIFT_A	5.093295	0.95301085	104.987213	8	SYNTHETIC_TEACHING_FIXTURE
SYN_REG_0279	SYN_SPK_06	SYN_ITEM_03	SHIFT_B	5.624746	2.01022276	96.320964	9	SYNTHETIC_TEACHING_FIXTURE
SYN_REG_0280	SYN_SPK_06	SYN_ITEM_04	BASE	4.668205	0.10738216	104.239096	10	SYNTHETIC_TEACHING_FIXTURE
SYN_REG_0281	SYN_SPK_06	SYN_ITEM_04	SHIFT_A	5.053620	0.87408564	107.830371	11	SYNTHETIC_TEACHING_FIXTURE
SYN_REG_0282	SYN_SPK_06	SYN_ITEM_04	SHIFT_B	4.726424	0.22319683	97.046672	12	SYNTHETIC_TEACHING_FIXTURE
SYN_REG_0283	SYN_SPK_06	SYN_ITEM_05	BASE	4.609912	-0.00857971	102.783569	13	SYNTHETIC_TEACHING_FIXTURE
SYN_REG_0284	SYN_SPK_06	SYN_ITEM_05	SHIFT_A	4.676951	0.12478052	108.200482	14	SYNTHETIC_TEACHING_FIXTURE
SYN_REG_0285	SYN_SPK_06	SYN_ITEM_05	SHIFT_B	5.005901	0.77915855	96.307996	15	SYNTHETIC_TEACHING_FIXTURE
SYN_REG_0286	SYN_SPK_06	SYN_ITEM_06	BASE	4.733624	0.23751974	98.367292	16	SYNTHETIC_TEACHING_FIXTURE
SYN_REG_0287	SYN_SPK_06	SYN_ITEM_06	SHIFT_A	4.776254	0.32232331	106.498312	17	SYNTHETIC_TEACHING_FIXTURE
SYN_REG_0288	SYN_SPK_06	SYN_ITEM_06	SHIFT_B	5.149868	1.06555114	97.973726	18	SYNTHETIC_TEACHING_FIXTURE
SYN_REG_0289	SYN_SPK_06	SYN_ITEM_07	BASE	5.459089	1.68068240	99.073365	19	SYNTHETIC_TEACHING_FIXTURE
SYN_REG_0290	SYN_SPK_06	SYN_ITEM_07	SHIFT_A	4.855497	0.47996088	106.534784	20	SYNTHETIC_TEACHING_FIXTURE
SYN_REG_0291	SYN_SPK_06	SYN_ITEM_07	SHIFT_B	4.707222	0.18499842	96.845394	21	SYNTHETIC_TEACHING_FIXTURE
SYN_REG_0292	SYN_SPK_06	SYN_ITEM_08	BASE	4.783372	0.33648310	99.339375	22	SYNTHETIC_TEACHING_FIXTURE
SYN_REG_0293	SYN_SPK_06	SYN_ITEM_08	SHIFT_A	4.346743	-0.53210004	104.749639	23	SYNTHETIC_TEACHING_FIXTURE
SYN_REG_0294	SYN_SPK_06	SYN_ITEM_08	SHIFT_B	4.656232	0.08356435	96.249674	24	SYNTHETIC_TEACHING_FIXTURE
SYN_REG_0295	SYN_SPK_06	SYN_ITEM_09	BASE	5.159062	1.08384070	105.108454	25	SYNTHETIC_TEACHING_FIXTURE
SYN_REG_0296	SYN_SPK_06	SYN_ITEM_09	SHIFT_A	5.425839	1.61453840	111.368558	26	SYNTHETIC_TEACHING_FIXTURE
SYN_REG_0297	SYN_SPK_06	SYN_ITEM_09	SHIFT_B	4.945265	0.65853576	96.813933	27	SYNTHETIC_TEACHING_FIXTURE
SYN_REG_0298	SYN_SPK_06	SYN_ITEM_10	BASE	4.664429	0.09987059	98.759314	28	SYNTHETIC_TEACHING_FIXTURE
SYN_REG_0299	SYN_SPK_06	SYN_ITEM_10	SHIFT_A	4.758647	0.28729783	107.014571	29	SYNTHETIC_TEACHING_FIXTURE
SYN_REG_0300	SYN_SPK_06	SYN_ITEM_10	SHIFT_B	4.660542	0.09213821	95.724836	30	SYNTHETIC_TEACHING_FIXTURE
SYN_REG_0301	SYN_SPK_06	SYN_ITEM_11	BASE	5.092365	0.95116081	97.638116	31	SYNTHETIC_TEACHING_FIXTURE
SYN_REG_0302	SYN_SPK_06	SYN_ITEM_11	SHIFT_A	5.116671	0.99951257	108.872823	32	SYNTHETIC_TEACHING_FIXTURE
SYN_REG_0303	SYN_SPK_06	SYN_ITEM_11	SHIFT_B	4.866699	0.50224495	96.359810	33	SYNTHETIC_TEACHING_FIXTURE
SYN_REG_0304	SYN_SPK_06	SYN_ITEM_12	BASE	4.423102	-0.38019959	102.780532	34	SYNTHETIC_TEACHING_FIXTURE
SYN_REG_0305	SYN_SPK_06	SYN_ITEM_12	SHIFT_A	5.006631	0.78061073	109.882138	35	SYNTHETIC_TEACHING_FIXTURE
SYN_REG_0306	SYN_SPK_06	SYN_ITEM_12	SHIFT_B	5.306657	1.37745045	101.196678	36	SYNTHETIC_TEACHING_FIXTURE
SYN_REG_0307	SYN_SPK_06	SYN_ITEM_13	BASE	5.331373	1.42661782	102.124197	37	SYNTHETIC_TEACHING_FIXTURE
SYN_REG_0308	SYN_SPK_06	SYN_ITEM_13	SHIFT_A	4.835619	0.44041771	108.687653	38	SYNTHETIC_TEACHING_FIXTURE
SYN_REG_0309	SYN_SPK_06	SYN_ITEM_13	SHIFT_B	4.849978	0.46898197	99.192233	39	SYNTHETIC_TEACHING_FIXTURE
SYN_REG_0310	SYN_SPK_06	SYN_ITEM_14	BASE	5.076373	0.91934803	100.769450	40	SYNTHETIC_TEACHING_FIXTURE
SYN_REG_0311	SYN_SPK_06	SYN_ITEM_14	SHIFT_A	4.840298	0.44972561	109.206194	41	SYNTHETIC_TEACHING_FIXTURE
SYN_REG_0312	SYN_SPK_06	SYN_ITEM_14	SHIFT_B	4.648714	0.06860885	96.097962	42	SYNTHETIC_TEACHING_FIXTURE
SYN_REG_0313	SYN_SPK_06	SYN_ITEM_15	BASE	5.113147	0.99250230	93.758184	43	SYNTHETIC_TEACHING_FIXTURE
SYN_REG_0314	SYN_SPK_06	SYN_ITEM_15	SHIFT_A	5.122864	1.01183226	103.155939	44	SYNTHETIC_TEACHING_FIXTURE
SYN_REG_0315	SYN_SPK_06	SYN_ITEM_15	SHIFT_B	5.404148	1.57138864	95.928810	45	SYNTHETIC_TEACHING_FIXTURE
SYN_REG_0316	SYN_SPK_06	SYN_ITEM_16	BASE	4.479605	-0.26779855	102.617509	46	SYNTHETIC_TEACHING_FIXTURE
SYN_REG_0317	SYN_SPK_06	SYN_ITEM_16	SHIFT_A	4.470703	-0.28550724	105.123544	47	SYNTHETIC_TEACHING_FIXTURE
SYN_REG_0318	SYN_SPK_06	SYN_ITEM_16	SHIFT_B	5.285571	1.33550421	97.317763	48	SYNTHETIC_TEACHING_FIXTURE
SYN_REG_0319	SYN_SPK_06	SYN_ITEM_17	BASE	5.368423	1.50032114	103.614409	49	SYNTHETIC_TEACHING_FIXTURE
SYN_REG_0320	SYN_SPK_06	SYN_ITEM_17	SHIFT_A	4.635306	0.04193640	108.122015	50	SYNTHETIC_TEACHING_FIXTURE
SYN_REG_0321	SYN_SPK_06	SYN_ITEM_17	SHIFT_B	5.358177	1.47993884	96.908474	51	SYNTHETIC_TEACHING_FIXTURE
SYN_REG_0322	SYN_SPK_06	SYN_ITEM_18	BASE	4.685883	0.14254889	102.880551	52	SYNTHETIC_TEACHING_FIXTURE
SYN_REG_0323	SYN_SPK_06	SYN_ITEM_18	SHIFT_A	5.062203	0.89115974	103.136958	53	SYNTHETIC_TEACHING_FIXTURE
SYN_REG_0324	SYN_SPK_06	SYN_ITEM_18	SHIFT_B	4.489233	-0.24864564	96.958550	54	SYNTHETIC_TEACHING_FIXTURE
SYN_REG_0325	SYN_SPK_07	SYN_ITEM_01	BASE	4.187559	-0.84876371	94.290148	1	SYNTHETIC_TEACHING_FIXTURE
SYN_REG_0326	SYN_SPK_07	SYN_ITEM_01	SHIFT_A	3.923549	-1.37395703	101.388432	2	SYNTHETIC_TEACHING_FIXTURE
SYN_REG_0327	SYN_SPK_07	SYN_ITEM_01	SHIFT_B	4.994942	0.75735789	90.430648	3	SYNTHETIC_TEACHING_FIXTURE
SYN_REG_0328	SYN_SPK_07	SYN_ITEM_02	BASE	4.765602	0.30113336	99.182578	4	SYNTHETIC_TEACHING_FIXTURE
SYN_REG_0329	SYN_SPK_07	SYN_ITEM_02	SHIFT_A	5.190001	1.14538745	105.660568	5	SYNTHETIC_TEACHING_FIXTURE
SYN_REG_0330	SYN_SPK_07	SYN_ITEM_02	SHIFT_B	4.895413	0.55936551	95.242225	6	SYNTHETIC_TEACHING_FIXTURE
SYN_REG_0331	SYN_SPK_07	SYN_ITEM_03	BASE	4.942274	0.65258579	104.339803	7	SYNTHETIC_TEACHING_FIXTURE
SYN_REG_0332	SYN_SPK_07	SYN_ITEM_03	SHIFT_A	4.884999	0.53864901	106.589690	8	SYNTHETIC_TEACHING_FIXTURE
SYN_REG_0333	SYN_SPK_07	SYN_ITEM_03	SHIFT_B	4.449048	-0.32858539	93.851043	9	SYNTHETIC_TEACHING_FIXTURE
SYN_REG_0334	SYN_SPK_07	SYN_ITEM_04	BASE	4.649585	0.07034152	98.414021	10	SYNTHETIC_TEACHING_FIXTURE
SYN_REG_0335	SYN_SPK_07	SYN_ITEM_04	SHIFT_A	4.279113	-0.66663595	96.213086	11	SYNTHETIC_TEACHING_FIXTURE
SYN_REG_0336	SYN_SPK_07	SYN_ITEM_04	SHIFT_B	4.757710	0.28543386	93.030702	12	SYNTHETIC_TEACHING_FIXTURE
SYN_REG_0337	SYN_SPK_07	SYN_ITEM_05	BASE	4.923034	0.61431178	100.330530	13	SYNTHETIC_TEACHING_FIXTURE
SYN_REG_0338	SYN_SPK_07	SYN_ITEM_05	SHIFT_A	4.158160	-0.90724694	102.965877	14	SYNTHETIC_TEACHING_FIXTURE
SYN_REG_0339	SYN_SPK_07	SYN_ITEM_05	SHIFT_B	4.942920	0.65387087	95.905642	15	SYNTHETIC_TEACHING_FIXTURE
SYN_REG_0340	SYN_SPK_07	SYN_ITEM_06	BASE	4.660187	0.09143201	103.182089	16	SYNTHETIC_TEACHING_FIXTURE
SYN_REG_0341	SYN_SPK_07	SYN_ITEM_06	SHIFT_A	4.456688	-0.31338719	104.650035	17	SYNTHETIC_TEACHING_FIXTURE
SYN_REG_0342	SYN_SPK_07	SYN_ITEM_06	SHIFT_B	5.694984	2.14994674	97.301502	18	SYNTHETIC_TEACHING_FIXTURE
SYN_REG_0343	SYN_SPK_07	SYN_ITEM_07	BASE	4.179217	-0.86535839	94.889144	19	SYNTHETIC_TEACHING_FIXTURE
SYN_REG_0344	SYN_SPK_07	SYN_ITEM_07	SHIFT_A	4.947292	0.66256806	102.653091	20	SYNTHETIC_TEACHING_FIXTURE
SYN_REG_0345	SYN_SPK_07	SYN_ITEM_07	SHIFT_B	5.017145	0.80152616	95.063595	21	SYNTHETIC_TEACHING_FIXTURE
SYN_REG_0346	SYN_SPK_07	SYN_ITEM_08	BASE	5.175297	1.11613688	98.616184	22	SYNTHETIC_TEACHING_FIXTURE
SYN_REG_0347	SYN_SPK_07	SYN_ITEM_08	SHIFT_A	4.118229	-0.98668141	103.350111	23	SYNTHETIC_TEACHING_FIXTURE
SYN_REG_0348	SYN_SPK_07	SYN_ITEM_08	SHIFT_B	4.865020	0.49890492	94.577307	24	SYNTHETIC_TEACHING_FIXTURE
SYN_REG_0349	SYN_SPK_07	SYN_ITEM_09	BASE	4.582610	-0.06289140	100.116702	25	SYNTHETIC_TEACHING_FIXTURE
SYN_REG_0350	SYN_SPK_07	SYN_ITEM_09	SHIFT_A	4.478459	-0.27007828	100.129171	26	SYNTHETIC_TEACHING_FIXTURE
SYN_REG_0351	SYN_SPK_07	SYN_ITEM_09	SHIFT_B	4.866043	0.50093997	98.356432	27	SYNTHETIC_TEACHING_FIXTURE
SYN_REG_0352	SYN_SPK_07	SYN_ITEM_10	BASE	4.807874	0.38522477	101.200641	28	SYNTHETIC_TEACHING_FIXTURE
SYN_REG_0353	SYN_SPK_07	SYN_ITEM_10	SHIFT_A	4.243974	-0.73653772	100.953004	29	SYNTHETIC_TEACHING_FIXTURE
SYN_REG_0354	SYN_SPK_07	SYN_ITEM_10	SHIFT_B	5.920409	2.59838319	101.434827	30	SYNTHETIC_TEACHING_FIXTURE
SYN_REG_0355	SYN_SPK_07	SYN_ITEM_11	BASE	4.886899	0.54242867	105.857452	31	SYNTHETIC_TEACHING_FIXTURE
SYN_REG_0356	SYN_SPK_07	SYN_ITEM_11	SHIFT_A	4.798126	0.36583314	100.855687	32	SYNTHETIC_TEACHING_FIXTURE
SYN_REG_0357	SYN_SPK_07	SYN_ITEM_11	SHIFT_B	4.967728	0.70322126	94.661743	33	SYNTHETIC_TEACHING_FIXTURE
SYN_REG_0358	SYN_SPK_07	SYN_ITEM_12	BASE	4.559002	-0.10985463	101.303800	34	SYNTHETIC_TEACHING_FIXTURE
SYN_REG_0359	SYN_SPK_07	SYN_ITEM_12	SHIFT_A	4.890157	0.54890979	106.302313	35	SYNTHETIC_TEACHING_FIXTURE
SYN_REG_0360	SYN_SPK_07	SYN_ITEM_12	SHIFT_B	4.800506	0.37056765	98.420494	36	SYNTHETIC_TEACHING_FIXTURE
SYN_REG_0361	SYN_SPK_07	SYN_ITEM_13	BASE	4.119827	-0.98350252	100.633433	37	SYNTHETIC_TEACHING_FIXTURE
SYN_REG_0362	SYN_SPK_07	SYN_ITEM_13	SHIFT_A	4.251387	-0.72179109	103.227832	38	SYNTHETIC_TEACHING_FIXTURE
SYN_REG_0363	SYN_SPK_07	SYN_ITEM_13	SHIFT_B	4.616258	0.00404434	99.743532	39	SYNTHETIC_TEACHING_FIXTURE
SYN_REG_0364	SYN_SPK_07	SYN_ITEM_14	BASE	4.385109	-0.45577881	96.453981	40	SYNTHETIC_TEACHING_FIXTURE
SYN_REG_0365	SYN_SPK_07	SYN_ITEM_14	SHIFT_A	5.408332	1.57971184	105.200829	41	SYNTHETIC_TEACHING_FIXTURE
SYN_REG_0366	SYN_SPK_07	SYN_ITEM_14	SHIFT_B	5.144708	1.05528639	97.479968	42	SYNTHETIC_TEACHING_FIXTURE
SYN_REG_0367	SYN_SPK_07	SYN_ITEM_15	BASE	4.769001	0.30789497	97.535733	43	SYNTHETIC_TEACHING_FIXTURE
SYN_REG_0368	SYN_SPK_07	SYN_ITEM_15	SHIFT_A	4.918356	0.60500587	101.316613	44	SYNTHETIC_TEACHING_FIXTURE
SYN_REG_0369	SYN_SPK_07	SYN_ITEM_15	SHIFT_B	4.948076	0.66412767	89.621531	45	SYNTHETIC_TEACHING_FIXTURE
SYN_REG_0370	SYN_SPK_07	SYN_ITEM_16	BASE	4.375968	-0.47396294	100.521252	46	SYNTHETIC_TEACHING_FIXTURE
SYN_REG_0371	SYN_SPK_07	SYN_ITEM_16	SHIFT_A	4.178476	-0.86683246	104.989361	47	SYNTHETIC_TEACHING_FIXTURE
SYN_REG_0372	SYN_SPK_07	SYN_ITEM_16	SHIFT_B	4.670059	0.11107031	95.506594	48	SYNTHETIC_TEACHING_FIXTURE
SYN_REG_0373	SYN_SPK_07	SYN_ITEM_17	BASE	4.193488	-0.83696919	100.256085	49	SYNTHETIC_TEACHING_FIXTURE
SYN_REG_0374	SYN_SPK_07	SYN_ITEM_17	SHIFT_A	4.359565	-0.50659332	100.333732	50	SYNTHETIC_TEACHING_FIXTURE
SYN_REG_0375	SYN_SPK_07	SYN_ITEM_17	SHIFT_B	5.104576	0.97545207	96.357894	51	SYNTHETIC_TEACHING_FIXTURE
SYN_REG_0376	SYN_SPK_07	SYN_ITEM_18	BASE	4.533428	-0.16072882	97.406712	52	SYNTHETIC_TEACHING_FIXTURE
SYN_REG_0377	SYN_SPK_07	SYN_ITEM_18	SHIFT_A	4.973988	0.71567423	102.841186	53	SYNTHETIC_TEACHING_FIXTURE
SYN_REG_0378	SYN_SPK_07	SYN_ITEM_18	SHIFT_B	4.702614	0.17583175	92.994827	54	SYNTHETIC_TEACHING_FIXTURE
SYN_REG_0379	SYN_SPK_08	SYN_ITEM_01	BASE	4.024304	-1.17352578	101.265269	1	SYNTHETIC_TEACHING_FIXTURE
SYN_REG_0380	SYN_SPK_08	SYN_ITEM_01	SHIFT_A	3.780152	-1.65921572	112.156547	2	SYNTHETIC_TEACHING_FIXTURE
SYN_REG_0381	SYN_SPK_08	SYN_ITEM_01	SHIFT_B	4.696026	0.16272629	96.996816	3	SYNTHETIC_TEACHING_FIXTURE
SYN_REG_0382	SYN_SPK_08	SYN_ITEM_02	BASE	4.126730	-0.96977043	104.162492	4	SYNTHETIC_TEACHING_FIXTURE
SYN_REG_0383	SYN_SPK_08	SYN_ITEM_02	SHIFT_A	3.810708	-1.59843087	106.031502	5	SYNTHETIC_TEACHING_FIXTURE
SYN_REG_0384	SYN_SPK_08	SYN_ITEM_02	SHIFT_B	4.236469	-0.75146737	103.084973	6	SYNTHETIC_TEACHING_FIXTURE
SYN_REG_0385	SYN_SPK_08	SYN_ITEM_03	BASE	4.068332	-1.08594118	105.441614	7	SYNTHETIC_TEACHING_FIXTURE
SYN_REG_0386	SYN_SPK_08	SYN_ITEM_03	SHIFT_A	4.321220	-0.58287277	112.631670	8	SYNTHETIC_TEACHING_FIXTURE
SYN_REG_0387	SYN_SPK_08	SYN_ITEM_03	SHIFT_B	4.609657	-0.00908698	103.390571	9	SYNTHETIC_TEACHING_FIXTURE
SYN_REG_0388	SYN_SPK_08	SYN_ITEM_04	BASE	3.837867	-1.54440366	100.567591	10	SYNTHETIC_TEACHING_FIXTURE
SYN_REG_0389	SYN_SPK_08	SYN_ITEM_04	SHIFT_A	3.958574	-1.30428203	106.868134	11	SYNTHETIC_TEACHING_FIXTURE
SYN_REG_0390	SYN_SPK_08	SYN_ITEM_04	SHIFT_B	4.047234	-1.12791129	101.329669	12	SYNTHETIC_TEACHING_FIXTURE
SYN_REG_0391	SYN_SPK_08	SYN_ITEM_05	BASE	4.703514	0.17762212	104.404493	13	SYNTHETIC_TEACHING_FIXTURE
SYN_REG_0392	SYN_SPK_08	SYN_ITEM_05	SHIFT_A	4.325081	-0.57519211	109.249409	14	SYNTHETIC_TEACHING_FIXTURE
SYN_REG_0393	SYN_SPK_08	SYN_ITEM_05	SHIFT_B	4.135564	-0.95219701	96.167958	15	SYNTHETIC_TEACHING_FIXTURE
SYN_REG_0394	SYN_SPK_08	SYN_ITEM_06	BASE	3.810298	-1.59924648	101.735881	16	SYNTHETIC_TEACHING_FIXTURE
SYN_REG_0395	SYN_SPK_08	SYN_ITEM_06	SHIFT_A	4.081926	-1.05889872	110.443489	17	SYNTHETIC_TEACHING_FIXTURE
SYN_REG_0396	SYN_SPK_08	SYN_ITEM_06	SHIFT_B	3.732487	-1.75403539	95.825865	18	SYNTHETIC_TEACHING_FIXTURE
SYN_REG_0397	SYN_SPK_08	SYN_ITEM_07	BASE	4.414717	-0.39687982	100.501527	19	SYNTHETIC_TEACHING_FIXTURE
SYN_REG_0398	SYN_SPK_08	SYN_ITEM_07	SHIFT_A	4.865550	0.49995925	109.704450	20	SYNTHETIC_TEACHING_FIXTURE
SYN_REG_0399	SYN_SPK_08	SYN_ITEM_07	SHIFT_B	4.750419	0.27092992	100.453887	21	SYNTHETIC_TEACHING_FIXTURE
SYN_REG_0400	SYN_SPK_08	SYN_ITEM_08	BASE	4.824873	0.41904076	103.456122	22	SYNTHETIC_TEACHING_FIXTURE
SYN_REG_0401	SYN_SPK_08	SYN_ITEM_08	SHIFT_A	3.967789	-1.28595069	108.195497	23	SYNTHETIC_TEACHING_FIXTURE
SYN_REG_0402	SYN_SPK_08	SYN_ITEM_08	SHIFT_B	4.149655	-0.92416588	95.660259	24	SYNTHETIC_TEACHING_FIXTURE
SYN_REG_0403	SYN_SPK_08	SYN_ITEM_09	BASE	4.356977	-0.51174161	104.998324	25	SYNTHETIC_TEACHING_FIXTURE
SYN_REG_0404	SYN_SPK_08	SYN_ITEM_09	SHIFT_A	4.747537	0.26519678	110.473020	26	SYNTHETIC_TEACHING_FIXTURE
SYN_REG_0405	SYN_SPK_08	SYN_ITEM_09	SHIFT_B	4.771722	0.31330784	102.674206	27	SYNTHETIC_TEACHING_FIXTURE
SYN_REG_0406	SYN_SPK_08	SYN_ITEM_10	BASE	4.752541	0.27515120	105.074699	28	SYNTHETIC_TEACHING_FIXTURE
SYN_REG_0407	SYN_SPK_08	SYN_ITEM_10	SHIFT_A	4.576739	-0.07457054	114.886837	29	SYNTHETIC_TEACHING_FIXTURE
SYN_REG_0408	SYN_SPK_08	SYN_ITEM_10	SHIFT_B	3.483894	-2.24855977	100.178869	30	SYNTHETIC_TEACHING_FIXTURE
SYN_REG_0409	SYN_SPK_08	SYN_ITEM_11	BASE	4.234997	-0.75439561	103.711518	31	SYNTHETIC_TEACHING_FIXTURE
SYN_REG_0410	SYN_SPK_08	SYN_ITEM_11	SHIFT_A	4.241516	-0.74142741	109.674827	32	SYNTHETIC_TEACHING_FIXTURE
SYN_REG_0411	SYN_SPK_08	SYN_ITEM_11	SHIFT_B	4.075436	-1.07180924	102.618039	33	SYNTHETIC_TEACHING_FIXTURE
SYN_REG_0412	SYN_SPK_08	SYN_ITEM_12	BASE	3.965275	-1.29095178	104.311345	34	SYNTHETIC_TEACHING_FIXTURE
SYN_REG_0413	SYN_SPK_08	SYN_ITEM_12	SHIFT_A	4.178906	-0.86597706	113.474601	35	SYNTHETIC_TEACHING_FIXTURE
SYN_REG_0414	SYN_SPK_08	SYN_ITEM_12	SHIFT_B	4.602627	-0.02307171	106.354730	36	SYNTHETIC_TEACHING_FIXTURE
SYN_REG_0415	SYN_SPK_08	SYN_ITEM_13	BASE	4.416902	-0.39253321	102.843348	37	SYNTHETIC_TEACHING_FIXTURE
SYN_REG_0416	SYN_SPK_08	SYN_ITEM_13	SHIFT_A	3.803944	-1.61188645	112.614858	38	SYNTHETIC_TEACHING_FIXTURE
SYN_REG_0417	SYN_SPK_08	SYN_ITEM_13	SHIFT_B	3.862079	-1.49623889	100.269480	39	SYNTHETIC_TEACHING_FIXTURE
SYN_REG_0418	SYN_SPK_08	SYN_ITEM_14	BASE	4.327758	-0.56986677	104.685919	40	SYNTHETIC_TEACHING_FIXTURE
SYN_REG_0419	SYN_SPK_08	SYN_ITEM_14	SHIFT_A	3.957023	-1.30736743	109.574511	41	SYNTHETIC_TEACHING_FIXTURE
SYN_REG_0420	SYN_SPK_08	SYN_ITEM_14	SHIFT_B	4.701380	0.17337697	101.208423	42	SYNTHETIC_TEACHING_FIXTURE
SYN_REG_0421	SYN_SPK_08	SYN_ITEM_15	BASE	4.077431	-1.06784060	98.679623	43	SYNTHETIC_TEACHING_FIXTURE
SYN_REG_0422	SYN_SPK_08	SYN_ITEM_15	SHIFT_A	4.625684	0.02279542	104.879520	44	SYNTHETIC_TEACHING_FIXTURE
SYN_REG_0423	SYN_SPK_08	SYN_ITEM_15	SHIFT_B	4.289787	-0.64540223	95.266772	45	SYNTHETIC_TEACHING_FIXTURE
SYN_REG_0424	SYN_SPK_08	SYN_ITEM_16	BASE	4.008486	-1.20499242	105.311471	46	SYNTHETIC_TEACHING_FIXTURE
SYN_REG_0425	SYN_SPK_08	SYN_ITEM_16	SHIFT_A	3.824235	-1.57152170	110.235634	47	SYNTHETIC_TEACHING_FIXTURE
SYN_REG_0426	SYN_SPK_08	SYN_ITEM_16	SHIFT_B	4.625686	0.02279940	102.453023	48	SYNTHETIC_TEACHING_FIXTURE
SYN_REG_0427	SYN_SPK_08	SYN_ITEM_17	BASE	4.387296	-0.45142823	100.716248	49	SYNTHETIC_TEACHING_FIXTURE
SYN_REG_0428	SYN_SPK_08	SYN_ITEM_17	SHIFT_A	4.115804	-0.99150545	111.880030	50	SYNTHETIC_TEACHING_FIXTURE
SYN_REG_0429	SYN_SPK_08	SYN_ITEM_17	SHIFT_B	4.262978	-0.69873319	102.084517	51	SYNTHETIC_TEACHING_FIXTURE
SYN_REG_0430	SYN_SPK_08	SYN_ITEM_18	BASE	4.122796	-0.97759631	102.117916	52	SYNTHETIC_TEACHING_FIXTURE
SYN_REG_0431	SYN_SPK_08	SYN_ITEM_18	SHIFT_A	4.005273	-1.21138402	108.815686	53	SYNTHETIC_TEACHING_FIXTURE
SYN_REG_0432	SYN_SPK_08	SYN_ITEM_18	SHIFT_B	4.188062	-0.84776309	100.514782	54	SYNTHETIC_TEACHING_FIXTURE
SYN_REG_0433	SYN_SPK_09	SYN_ITEM_01	BASE	4.577011	-0.07402945	102.221344	1	SYNTHETIC_TEACHING_FIXTURE
SYN_REG_0434	SYN_SPK_09	SYN_ITEM_01	SHIFT_A	5.092176	0.95078483	102.938504	2	SYNTHETIC_TEACHING_FIXTURE
SYN_REG_0435	SYN_SPK_09	SYN_ITEM_01	SHIFT_B	4.723713	0.21780385	99.200176	3	SYNTHETIC_TEACHING_FIXTURE
SYN_REG_0436	SYN_SPK_09	SYN_ITEM_02	BASE	4.919278	0.60684000	104.717557	4	SYNTHETIC_TEACHING_FIXTURE
SYN_REG_0437	SYN_SPK_09	SYN_ITEM_02	SHIFT_A	4.478123	-0.27074669	114.084350	5	SYNTHETIC_TEACHING_FIXTURE
SYN_REG_0438	SYN_SPK_09	SYN_ITEM_02	SHIFT_B	4.154212	-0.91510067	96.306413	6	SYNTHETIC_TEACHING_FIXTURE
SYN_REG_0439	SYN_SPK_09	SYN_ITEM_03	BASE	4.384499	-0.45699228	104.887223	7	SYNTHETIC_TEACHING_FIXTURE
SYN_REG_0440	SYN_SPK_09	SYN_ITEM_03	SHIFT_A	4.922952	0.61414866	114.738269	8	SYNTHETIC_TEACHING_FIXTURE
SYN_REG_0441	SYN_SPK_09	SYN_ITEM_03	SHIFT_B	5.426030	1.61491835	105.554649	9	SYNTHETIC_TEACHING_FIXTURE
SYN_REG_0442	SYN_SPK_09	SYN_ITEM_04	BASE	5.048728	0.86435401	104.177493	10	SYNTHETIC_TEACHING_FIXTURE
SYN_REG_0443	SYN_SPK_09	SYN_ITEM_04	SHIFT_A	4.517217	-0.19297726	108.376491	11	SYNTHETIC_TEACHING_FIXTURE
SYN_REG_0444	SYN_SPK_09	SYN_ITEM_04	SHIFT_B	4.684465	0.13972807	98.874153	12	SYNTHETIC_TEACHING_FIXTURE
SYN_REG_0445	SYN_SPK_09	SYN_ITEM_05	BASE	4.997465	0.76237687	103.850934	13	SYNTHETIC_TEACHING_FIXTURE
SYN_REG_0446	SYN_SPK_09	SYN_ITEM_05	SHIFT_A	5.195083	1.15549704	106.350519	14	SYNTHETIC_TEACHING_FIXTURE
SYN_REG_0447	SYN_SPK_09	SYN_ITEM_05	SHIFT_B	5.043767	0.85448513	94.487938	15	SYNTHETIC_TEACHING_FIXTURE
SYN_REG_0448	SYN_SPK_09	SYN_ITEM_06	BASE	4.933399	0.63493081	106.453156	16	SYNTHETIC_TEACHING_FIXTURE
SYN_REG_0449	SYN_SPK_09	SYN_ITEM_06	SHIFT_A	4.652462	0.07606472	111.340011	17	SYNTHETIC_TEACHING_FIXTURE
SYN_REG_0450	SYN_SPK_09	SYN_ITEM_06	SHIFT_B	4.841452	0.45202126	102.869074	18	SYNTHETIC_TEACHING_FIXTURE
SYN_REG_0451	SYN_SPK_09	SYN_ITEM_07	BASE	4.748941	0.26798974	108.004435	19	SYNTHETIC_TEACHING_FIXTURE
SYN_REG_0452	SYN_SPK_09	SYN_ITEM_07	SHIFT_A	4.724368	0.21910684	108.657901	20	SYNTHETIC_TEACHING_FIXTURE
SYN_REG_0453	SYN_SPK_09	SYN_ITEM_07	SHIFT_B	5.086862	0.94021373	99.890995	21	SYNTHETIC_TEACHING_FIXTURE
SYN_REG_0454	SYN_SPK_09	SYN_ITEM_08	BASE	4.928176	0.62454073	105.534111	22	SYNTHETIC_TEACHING_FIXTURE
SYN_REG_0455	SYN_SPK_09	SYN_ITEM_08	SHIFT_A	4.667453	0.10588621	109.636620	23	SYNTHETIC_TEACHING_FIXTURE
SYN_REG_0456	SYN_SPK_09	SYN_ITEM_08	SHIFT_B	5.178045	1.12160346	99.982658	24	SYNTHETIC_TEACHING_FIXTURE
SYN_REG_0457	SYN_SPK_09	SYN_ITEM_09	BASE	4.524632	-0.17822665	102.926040	25	SYNTHETIC_TEACHING_FIXTURE
SYN_REG_0458	SYN_SPK_09	SYN_ITEM_09	SHIFT_A	4.714663	0.19980075	112.311929	26	SYNTHETIC_TEACHING_FIXTURE
SYN_REG_0459	SYN_SPK_09	SYN_ITEM_09	SHIFT_B	5.279702	1.32382905	103.630217	27	SYNTHETIC_TEACHING_FIXTURE
SYN_REG_0460	SYN_SPK_09	SYN_ITEM_10	BASE	5.153437	1.07265093	102.865574	28	SYNTHETIC_TEACHING_FIXTURE
SYN_REG_0461	SYN_SPK_09	SYN_ITEM_10	SHIFT_A	4.534301	-0.15899217	111.263374	29	SYNTHETIC_TEACHING_FIXTURE
SYN_REG_0462	SYN_SPK_09	SYN_ITEM_10	SHIFT_B	4.817724	0.40481931	95.091640	30	SYNTHETIC_TEACHING_FIXTURE
SYN_REG_0463	SYN_SPK_09	SYN_ITEM_11	BASE	4.399881	-0.42639297	108.134715	31	SYNTHETIC_TEACHING_FIXTURE
SYN_REG_0464	SYN_SPK_09	SYN_ITEM_11	SHIFT_A	4.868632	0.50609025	108.996563	32	SYNTHETIC_TEACHING_FIXTURE
SYN_REG_0465	SYN_SPK_09	SYN_ITEM_11	SHIFT_B	5.008597	0.78452169	101.648274	33	SYNTHETIC_TEACHING_FIXTURE
SYN_REG_0466	SYN_SPK_09	SYN_ITEM_12	BASE	5.104634	0.97556745	110.510869	34	SYNTHETIC_TEACHING_FIXTURE
SYN_REG_0467	SYN_SPK_09	SYN_ITEM_12	SHIFT_A	4.613613	-0.00121734	115.165477	35	SYNTHETIC_TEACHING_FIXTURE
SYN_REG_0468	SYN_SPK_09	SYN_ITEM_12	SHIFT_B	4.952840	0.67360466	106.942414	36	SYNTHETIC_TEACHING_FIXTURE
SYN_REG_0469	SYN_SPK_09	SYN_ITEM_13	BASE	5.210033	1.18523697	113.717553	37	SYNTHETIC_TEACHING_FIXTURE
SYN_REG_0470	SYN_SPK_09	SYN_ITEM_13	SHIFT_A	4.596684	-0.03489408	107.971439	38	SYNTHETIC_TEACHING_FIXTURE
SYN_REG_0471	SYN_SPK_09	SYN_ITEM_13	SHIFT_B	4.926623	0.62145136	100.612550	39	SYNTHETIC_TEACHING_FIXTURE
SYN_REG_0472	SYN_SPK_09	SYN_ITEM_14	BASE	4.636104	0.04352386	102.228639	40	SYNTHETIC_TEACHING_FIXTURE
SYN_REG_0473	SYN_SPK_09	SYN_ITEM_14	SHIFT_A	5.295476	1.35520816	112.862491	41	SYNTHETIC_TEACHING_FIXTURE
SYN_REG_0474	SYN_SPK_09	SYN_ITEM_14	SHIFT_B	5.320188	1.40436757	100.330401	42	SYNTHETIC_TEACHING_FIXTURE
SYN_REG_0475	SYN_SPK_09	SYN_ITEM_15	BASE	4.989012	0.74556138	106.338428	43	SYNTHETIC_TEACHING_FIXTURE
SYN_REG_0476	SYN_SPK_09	SYN_ITEM_15	SHIFT_A	5.188265	1.14193403	107.869120	44	SYNTHETIC_TEACHING_FIXTURE
SYN_REG_0477	SYN_SPK_09	SYN_ITEM_15	SHIFT_B	4.879427	0.52756467	94.322706	45	SYNTHETIC_TEACHING_FIXTURE
SYN_REG_0478	SYN_SPK_09	SYN_ITEM_16	BASE	4.980137	0.72790640	106.390100	46	SYNTHETIC_TEACHING_FIXTURE
SYN_REG_0479	SYN_SPK_09	SYN_ITEM_16	SHIFT_A	4.559276	-0.10930957	112.771460	47	SYNTHETIC_TEACHING_FIXTURE
SYN_REG_0480	SYN_SPK_09	SYN_ITEM_16	SHIFT_B	5.321629	1.40723415	102.955406	48	SYNTHETIC_TEACHING_FIXTURE
SYN_REG_0481	SYN_SPK_09	SYN_ITEM_17	BASE	5.019237	0.80568777	108.337794	49	SYNTHETIC_TEACHING_FIXTURE
SYN_REG_0482	SYN_SPK_09	SYN_ITEM_17	SHIFT_A	5.265448	1.29547366	115.616407	50	SYNTHETIC_TEACHING_FIXTURE
SYN_REG_0483	SYN_SPK_09	SYN_ITEM_17	SHIFT_B	4.700043	0.17071728	99.679781	51	SYNTHETIC_TEACHING_FIXTURE
SYN_REG_0484	SYN_SPK_09	SYN_ITEM_18	BASE	6.010927	2.77845004	103.007443	52	SYNTHETIC_TEACHING_FIXTURE
SYN_REG_0485	SYN_SPK_09	SYN_ITEM_18	SHIFT_A	5.235776	1.23644735	109.078815	53	SYNTHETIC_TEACHING_FIXTURE
SYN_REG_0486	SYN_SPK_09	SYN_ITEM_18	SHIFT_B	5.266422	1.29741123	101.924775	54	SYNTHETIC_TEACHING_FIXTURE
SYN_REG_0487	SYN_SPK_10	SYN_ITEM_01	BASE	4.810201	0.38985385	98.310615	1	SYNTHETIC_TEACHING_FIXTURE
SYN_REG_0488	SYN_SPK_10	SYN_ITEM_01	SHIFT_A	4.847831	0.46471096	101.671294	2	SYNTHETIC_TEACHING_FIXTURE
SYN_REG_0489	SYN_SPK_10	SYN_ITEM_01	SHIFT_B	5.144632	1.05513520	100.674082	3	SYNTHETIC_TEACHING_FIXTURE
SYN_REG_0490	SYN_SPK_10	SYN_ITEM_02	BASE	4.820618	0.41057632	99.134781	4	SYNTHETIC_TEACHING_FIXTURE
SYN_REG_0491	SYN_SPK_10	SYN_ITEM_02	SHIFT_A	5.095045	0.95649211	105.344624	5	SYNTHETIC_TEACHING_FIXTURE
SYN_REG_0492	SYN_SPK_10	SYN_ITEM_02	SHIFT_B	5.337150	1.43810997	96.610500	6	SYNTHETIC_TEACHING_FIXTURE
SYN_REG_0493	SYN_SPK_10	SYN_ITEM_03	BASE	4.337230	-0.55102419	97.915869	7	SYNTHETIC_TEACHING_FIXTURE
SYN_REG_0494	SYN_SPK_10	SYN_ITEM_03	SHIFT_A	4.340568	-0.54438393	108.062266	8	SYNTHETIC_TEACHING_FIXTURE
SYN_REG_0495	SYN_SPK_10	SYN_ITEM_03	SHIFT_B	4.968187	0.70413434	102.067208	9	SYNTHETIC_TEACHING_FIXTURE
SYN_REG_0496	SYN_SPK_10	SYN_ITEM_04	BASE	4.365782	-0.49422589	96.208293	10	SYNTHETIC_TEACHING_FIXTURE
SYN_REG_0497	SYN_SPK_10	SYN_ITEM_04	SHIFT_A	4.754657	0.27936055	108.467431	11	SYNTHETIC_TEACHING_FIXTURE
SYN_REG_0498	SYN_SPK_10	SYN_ITEM_04	SHIFT_B	5.042810	0.85258138	97.853556	12	SYNTHETIC_TEACHING_FIXTURE
SYN_REG_0499	SYN_SPK_10	SYN_ITEM_05	BASE	4.620886	0.01325079	92.952803	13	SYNTHETIC_TEACHING_FIXTURE
SYN_REG_0500	SYN_SPK_10	SYN_ITEM_05	SHIFT_A	4.138630	-0.94609784	102.128302	14	SYNTHETIC_TEACHING_FIXTURE
SYN_REG_0501	SYN_SPK_10	SYN_ITEM_05	SHIFT_B	4.728813	0.22794925	96.099394	15	SYNTHETIC_TEACHING_FIXTURE
SYN_REG_0502	SYN_SPK_10	SYN_ITEM_06	BASE	4.660206	0.09146980	101.251535	16	SYNTHETIC_TEACHING_FIXTURE
SYN_REG_0503	SYN_SPK_10	SYN_ITEM_06	SHIFT_A	4.344312	-0.53693601	108.581733	17	SYNTHETIC_TEACHING_FIXTURE
SYN_REG_0504	SYN_SPK_10	SYN_ITEM_06	SHIFT_B	5.066340	0.89938945	99.704551	18	SYNTHETIC_TEACHING_FIXTURE
SYN_REG_0505	SYN_SPK_10	SYN_ITEM_07	BASE	4.716842	0.20413542	104.041017	19	SYNTHETIC_TEACHING_FIXTURE
SYN_REG_0506	SYN_SPK_10	SYN_ITEM_07	SHIFT_A	4.697005	0.16467381	104.818242	20	SYNTHETIC_TEACHING_FIXTURE
SYN_REG_0507	SYN_SPK_10	SYN_ITEM_07	SHIFT_B	5.267564	1.29968300	94.619152	21	SYNTHETIC_TEACHING_FIXTURE
SYN_REG_0508	SYN_SPK_10	SYN_ITEM_08	BASE	4.819643	0.40863676	100.462942	22	SYNTHETIC_TEACHING_FIXTURE
SYN_REG_0509	SYN_SPK_10	SYN_ITEM_08	SHIFT_A	5.099317	0.96499037	108.469539	23	SYNTHETIC_TEACHING_FIXTURE
SYN_REG_0510	SYN_SPK_10	SYN_ITEM_08	SHIFT_B	4.812584	0.39459434	97.096885	24	SYNTHETIC_TEACHING_FIXTURE
SYN_REG_0511	SYN_SPK_10	SYN_ITEM_09	BASE	4.225186	-0.77391257	101.532570	25	SYNTHETIC_TEACHING_FIXTURE
SYN_REG_0512	SYN_SPK_10	SYN_ITEM_09	SHIFT_A	4.800707	0.37096750	105.820707	26	SYNTHETIC_TEACHING_FIXTURE
SYN_REG_0513	SYN_SPK_10	SYN_ITEM_09	SHIFT_B	4.738767	0.24775067	94.922375	27	SYNTHETIC_TEACHING_FIXTURE
SYN_REG_0514	SYN_SPK_10	SYN_ITEM_10	BASE	4.106484	-1.01004566	98.425788	28	SYNTHETIC_TEACHING_FIXTURE
SYN_REG_0515	SYN_SPK_10	SYN_ITEM_10	SHIFT_A	4.480474	-0.26606986	109.083538	29	SYNTHETIC_TEACHING_FIXTURE
SYN_REG_0516	SYN_SPK_10	SYN_ITEM_10	SHIFT_B	4.839136	0.44741405	96.449700	30	SYNTHETIC_TEACHING_FIXTURE
SYN_REG_0517	SYN_SPK_10	SYN_ITEM_11	BASE	4.707537	0.18562505	102.797067	31	SYNTHETIC_TEACHING_FIXTURE
SYN_REG_0518	SYN_SPK_10	SYN_ITEM_11	SHIFT_A	5.074712	0.91604381	110.674970	32	SYNTHETIC_TEACHING_FIXTURE
SYN_REG_0519	SYN_SPK_10	SYN_ITEM_11	SHIFT_B	4.521326	-0.18480325	96.026662	33	SYNTHETIC_TEACHING_FIXTURE
SYN_REG_0520	SYN_SPK_10	SYN_ITEM_12	BASE	4.452980	-0.32076349	102.443246	34	SYNTHETIC_TEACHING_FIXTURE
SYN_REG_0521	SYN_SPK_10	SYN_ITEM_12	SHIFT_A	5.144588	1.05504767	110.224255	35	SYNTHETIC_TEACHING_FIXTURE
SYN_REG_0522	SYN_SPK_10	SYN_ITEM_12	SHIFT_B	4.761116	0.29220939	101.330787	36	SYNTHETIC_TEACHING_FIXTURE
SYN_REG_0523	SYN_SPK_10	SYN_ITEM_13	BASE	4.841095	0.45131108	101.865078	37	SYNTHETIC_TEACHING_FIXTURE
SYN_REG_0524	SYN_SPK_10	SYN_ITEM_13	SHIFT_A	5.546702	1.85497036	107.354644	38	SYNTHETIC_TEACHING_FIXTURE
SYN_REG_0525	SYN_SPK_10	SYN_ITEM_13	SHIFT_B	5.059389	0.88556187	98.841137	39	SYNTHETIC_TEACHING_FIXTURE
SYN_REG_0526	SYN_SPK_10	SYN_ITEM_14	BASE	5.598061	1.95713847	99.120730	40	SYNTHETIC_TEACHING_FIXTURE
SYN_REG_0527	SYN_SPK_10	SYN_ITEM_14	SHIFT_A	4.888294	0.54520373	106.300739	41	SYNTHETIC_TEACHING_FIXTURE
SYN_REG_0528	SYN_SPK_10	SYN_ITEM_14	SHIFT_B	4.685314	0.14141698	92.377796	42	SYNTHETIC_TEACHING_FIXTURE
SYN_REG_0529	SYN_SPK_10	SYN_ITEM_15	BASE	4.805050	0.37960700	97.984856	43	SYNTHETIC_TEACHING_FIXTURE
SYN_REG_0530	SYN_SPK_10	SYN_ITEM_15	SHIFT_A	5.013553	0.79438062	98.404067	44	SYNTHETIC_TEACHING_FIXTURE
SYN_REG_0531	SYN_SPK_10	SYN_ITEM_15	SHIFT_B	4.537124	-0.15337639	89.049258	45	SYNTHETIC_TEACHING_FIXTURE
SYN_REG_0532	SYN_SPK_10	SYN_ITEM_16	BASE	4.254759	-0.71508320	98.038809	46	SYNTHETIC_TEACHING_FIXTURE
SYN_REG_0533	SYN_SPK_10	SYN_ITEM_16	SHIFT_A	4.612318	-0.00379347	107.770677	47	SYNTHETIC_TEACHING_FIXTURE
SYN_REG_0534	SYN_SPK_10	SYN_ITEM_16	SHIFT_B	5.226819	1.21862925	98.615033	48	SYNTHETIC_TEACHING_FIXTURE
SYN_REG_0535	SYN_SPK_10	SYN_ITEM_17	BASE	4.882161	0.53300340	101.161333	49	SYNTHETIC_TEACHING_FIXTURE
SYN_REG_0536	SYN_SPK_10	SYN_ITEM_17	SHIFT_A	4.661860	0.09476010	107.437053	50	SYNTHETIC_TEACHING_FIXTURE
SYN_REG_0537	SYN_SPK_10	SYN_ITEM_17	SHIFT_B	5.015008	0.79727504	99.785519	51	SYNTHETIC_TEACHING_FIXTURE
SYN_REG_0538	SYN_SPK_10	SYN_ITEM_18	BASE	4.784951	0.33962420	98.875143	52	SYNTHETIC_TEACHING_FIXTURE
SYN_REG_0539	SYN_SPK_10	SYN_ITEM_18	SHIFT_A	4.765724	0.30137605	105.451114	53	SYNTHETIC_TEACHING_FIXTURE
SYN_REG_0540	SYN_SPK_10	SYN_ITEM_18	SHIFT_B	5.091255	0.94895269	98.470601	54	SYNTHETIC_TEACHING_FIXTURE
SYN_REG_0541	SYN_SPK_11	SYN_ITEM_01	BASE	5.196092	1.15750423	89.751309	1	SYNTHETIC_TEACHING_FIXTURE
SYN_REG_0542	SYN_SPK_11	SYN_ITEM_01	SHIFT_A	4.536840	-0.15394135	94.786666	2	SYNTHETIC_TEACHING_FIXTURE
SYN_REG_0543	SYN_SPK_11	SYN_ITEM_01	SHIFT_B	5.048297	0.86349663	85.879606	3	SYNTHETIC_TEACHING_FIXTURE
SYN_REG_0544	SYN_SPK_11	SYN_ITEM_02	BASE	4.537361	-0.15290493	92.013872	4	SYNTHETIC_TEACHING_FIXTURE
SYN_REG_0545	SYN_SPK_11	SYN_ITEM_02	SHIFT_A	5.238103	1.24107643	101.083278	5	SYNTHETIC_TEACHING_FIXTURE
SYN_REG_0546	SYN_SPK_11	SYN_ITEM_02	SHIFT_B	5.057682	0.88216615	89.459850	6	SYNTHETIC_TEACHING_FIXTURE
SYN_REG_0547	SYN_SPK_11	SYN_ITEM_03	BASE	5.425568	1.61399930	97.136163	7	SYNTHETIC_TEACHING_FIXTURE
SYN_REG_0548	SYN_SPK_11	SYN_ITEM_03	SHIFT_A	5.170230	1.10605713	103.105359	8	SYNTHETIC_TEACHING_FIXTURE
SYN_REG_0549	SYN_SPK_11	SYN_ITEM_03	SHIFT_B	4.827833	0.42492907	92.259023	9	SYNTHETIC_TEACHING_FIXTURE
SYN_REG_0550	SYN_SPK_11	SYN_ITEM_04	BASE	5.113208	0.99262365	89.352253	10	SYNTHETIC_TEACHING_FIXTURE
SYN_REG_0551	SYN_SPK_11	SYN_ITEM_04	SHIFT_A	5.463614	1.68968395	100.153376	11	SYNTHETIC_TEACHING_FIXTURE
SYN_REG_0552	SYN_SPK_11	SYN_ITEM_04	SHIFT_B	4.604190	-0.01996245	84.864368	12	SYNTHETIC_TEACHING_FIXTURE
SYN_REG_0553	SYN_SPK_11	SYN_ITEM_05	BASE	4.787396	0.34448802	88.390126	13	SYNTHETIC_TEACHING_FIXTURE
SYN_REG_0554	SYN_SPK_11	SYN_ITEM_05	SHIFT_A	4.786606	0.34291648	94.268878	14	SYNTHETIC_TEACHING_FIXTURE
SYN_REG_0555	SYN_SPK_11	SYN_ITEM_05	SHIFT_B	4.276866	-0.67110589	85.638359	15	SYNTHETIC_TEACHING_FIXTURE
SYN_REG_0556	SYN_SPK_11	SYN_ITEM_06	BASE	5.407290	1.57763900	91.986095	16	SYNTHETIC_TEACHING_FIXTURE
SYN_REG_0557	SYN_SPK_11	SYN_ITEM_06	SHIFT_A	5.030697	0.82848507	94.823678	17	SYNTHETIC_TEACHING_FIXTURE
SYN_REG_0558	SYN_SPK_11	SYN_ITEM_06	SHIFT_B	5.057016	0.88084128	96.503718	18	SYNTHETIC_TEACHING_FIXTURE
SYN_REG_0559	SYN_SPK_11	SYN_ITEM_07	BASE	5.426273	1.61540175	90.614472	19	SYNTHETIC_TEACHING_FIXTURE
SYN_REG_0560	SYN_SPK_11	SYN_ITEM_07	SHIFT_A	5.378513	1.52039311	98.596221	20	SYNTHETIC_TEACHING_FIXTURE
SYN_REG_0561	SYN_SPK_11	SYN_ITEM_07	SHIFT_B	4.883592	0.53585008	89.103804	21	SYNTHETIC_TEACHING_FIXTURE
SYN_REG_0562	SYN_SPK_11	SYN_ITEM_08	BASE	5.689309	2.13865751	98.405015	22	SYNTHETIC_TEACHING_FIXTURE
SYN_REG_0563	SYN_SPK_11	SYN_ITEM_08	SHIFT_A	4.875951	0.52064989	94.683100	23	SYNTHETIC_TEACHING_FIXTURE
SYN_REG_0564	SYN_SPK_11	SYN_ITEM_08	SHIFT_B	5.115214	0.99661417	89.961366	24	SYNTHETIC_TEACHING_FIXTURE
SYN_REG_0565	SYN_SPK_11	SYN_ITEM_09	BASE	5.089589	0.94563853	90.297679	25	SYNTHETIC_TEACHING_FIXTURE
SYN_REG_0566	SYN_SPK_11	SYN_ITEM_09	SHIFT_A	4.900698	0.56987893	97.438508	26	SYNTHETIC_TEACHING_FIXTURE
SYN_REG_0567	SYN_SPK_11	SYN_ITEM_09	SHIFT_B	5.350166	1.46400261	90.284513	27	SYNTHETIC_TEACHING_FIXTURE
SYN_REG_0568	SYN_SPK_11	SYN_ITEM_10	BASE	5.172016	1.10961001	92.055828	28	SYNTHETIC_TEACHING_FIXTURE
SYN_REG_0569	SYN_SPK_11	SYN_ITEM_10	SHIFT_A	4.959272	0.68639979	95.898425	29	SYNTHETIC_TEACHING_FIXTURE
SYN_REG_0570	SYN_SPK_11	SYN_ITEM_10	SHIFT_B	5.867206	2.49254682	91.465543	30	SYNTHETIC_TEACHING_FIXTURE
SYN_REG_0571	SYN_SPK_11	SYN_ITEM_11	BASE	5.282599	1.32959203	93.903077	31	SYNTHETIC_TEACHING_FIXTURE
SYN_REG_0572	SYN_SPK_11	SYN_ITEM_11	SHIFT_A	4.825722	0.42072967	97.872978	32	SYNTHETIC_TEACHING_FIXTURE
SYN_REG_0573	SYN_SPK_11	SYN_ITEM_11	SHIFT_B	5.164415	1.09448939	90.044263	33	SYNTHETIC_TEACHING_FIXTURE
SYN_REG_0574	SYN_SPK_11	SYN_ITEM_12	BASE	5.175123	1.11579074	92.965136	34	SYNTHETIC_TEACHING_FIXTURE
SYN_REG_0575	SYN_SPK_11	SYN_ITEM_12	SHIFT_A	5.403254	1.56961021	103.839721	35	SYNTHETIC_TEACHING_FIXTURE
SYN_REG_0576	SYN_SPK_11	SYN_ITEM_12	SHIFT_B	5.585745	1.93263833	93.103754	36	SYNTHETIC_TEACHING_FIXTURE
SYN_REG_0577	SYN_SPK_11	SYN_ITEM_13	BASE	4.814459	0.39832426	93.151688	37	SYNTHETIC_TEACHING_FIXTURE
SYN_REG_0578	SYN_SPK_11	SYN_ITEM_13	SHIFT_A	5.205588	1.17639456	100.984841	38	SYNTHETIC_TEACHING_FIXTURE
SYN_REG_0579	SYN_SPK_11	SYN_ITEM_13	SHIFT_B	5.304711	1.37357928	93.028299	39	SYNTHETIC_TEACHING_FIXTURE
SYN_REG_0580	SYN_SPK_11	SYN_ITEM_14	BASE	4.939163	0.64639709	94.018448	40	SYNTHETIC_TEACHING_FIXTURE
SYN_REG_0581	SYN_SPK_11	SYN_ITEM_14	SHIFT_A	4.545161	-0.13738844	94.670402	41	SYNTHETIC_TEACHING_FIXTURE
SYN_REG_0582	SYN_SPK_11	SYN_ITEM_14	SHIFT_B	4.537688	-0.15225443	87.296114	42	SYNTHETIC_TEACHING_FIXTURE
SYN_REG_0583	SYN_SPK_11	SYN_ITEM_15	BASE	5.133600	1.03318932	85.212342	43	SYNTHETIC_TEACHING_FIXTURE
SYN_REG_0584	SYN_SPK_11	SYN_ITEM_15	SHIFT_A	4.824556	0.41841016	98.023995	44	SYNTHETIC_TEACHING_FIXTURE
SYN_REG_0585	SYN_SPK_11	SYN_ITEM_15	SHIFT_B	5.240728	1.24629833	87.830503	45	SYNTHETIC_TEACHING_FIXTURE
SYN_REG_0586	SYN_SPK_11	SYN_ITEM_16	BASE	5.224006	1.21303337	93.135460	46	SYNTHETIC_TEACHING_FIXTURE
SYN_REG_0587	SYN_SPK_11	SYN_ITEM_16	SHIFT_A	4.965438	0.69866578	100.378460	47	SYNTHETIC_TEACHING_FIXTURE
SYN_REG_0588	SYN_SPK_11	SYN_ITEM_16	SHIFT_B	5.530853	1.82344205	90.483351	48	SYNTHETIC_TEACHING_FIXTURE
SYN_REG_0589	SYN_SPK_11	SYN_ITEM_17	BASE	4.990452	0.74842596	94.811411	49	SYNTHETIC_TEACHING_FIXTURE
SYN_REG_0590	SYN_SPK_11	SYN_ITEM_17	SHIFT_A	5.453529	1.66962193	96.411834	50	SYNTHETIC_TEACHING_FIXTURE
SYN_REG_0591	SYN_SPK_11	SYN_ITEM_17	SHIFT_B	5.272029	1.30856520	92.569901	51	SYNTHETIC_TEACHING_FIXTURE
SYN_REG_0592	SYN_SPK_11	SYN_ITEM_18	BASE	5.009608	0.78653286	91.596052	52	SYNTHETIC_TEACHING_FIXTURE
SYN_REG_0593	SYN_SPK_11	SYN_ITEM_18	SHIFT_A	4.692543	0.15579758	94.083545	53	SYNTHETIC_TEACHING_FIXTURE
SYN_REG_0594	SYN_SPK_11	SYN_ITEM_18	SHIFT_B	5.188524	1.14244926	87.369558	54	SYNTHETIC_TEACHING_FIXTURE
SYN_REG_0595	SYN_SPK_12	SYN_ITEM_01	BASE	4.511167	-0.20501248	107.834754	1	SYNTHETIC_TEACHING_FIXTURE
SYN_REG_0596	SYN_SPK_12	SYN_ITEM_01	SHIFT_A	4.983992	0.73557512	114.691091	2	SYNTHETIC_TEACHING_FIXTURE
SYN_REG_0597	SYN_SPK_12	SYN_ITEM_01	SHIFT_B	4.655243	0.08159694	105.802260	3	SYNTHETIC_TEACHING_FIXTURE
SYN_REG_0598	SYN_SPK_12	SYN_ITEM_02	BASE	4.080806	-1.06112673	113.035969	4	SYNTHETIC_TEACHING_FIXTURE
SYN_REG_0599	SYN_SPK_12	SYN_ITEM_02	SHIFT_A	4.603877	-0.02058510	116.274979	5	SYNTHETIC_TEACHING_FIXTURE
SYN_REG_0600	SYN_SPK_12	SYN_ITEM_02	SHIFT_B	4.859027	0.48698309	113.285777	6	SYNTHETIC_TEACHING_FIXTURE
SYN_REG_0601	SYN_SPK_12	SYN_ITEM_03	BASE	4.721513	0.21342741	113.744205	7	SYNTHETIC_TEACHING_FIXTURE
SYN_REG_0602	SYN_SPK_12	SYN_ITEM_03	SHIFT_A	3.901347	-1.41812332	115.325586	8	SYNTHETIC_TEACHING_FIXTURE
SYN_REG_0603	SYN_SPK_12	SYN_ITEM_03	SHIFT_B	4.919740	0.60775905	113.561866	9	SYNTHETIC_TEACHING_FIXTURE
SYN_REG_0604	SYN_SPK_12	SYN_ITEM_04	BASE	4.445741	-0.33516398	107.410145	10	SYNTHETIC_TEACHING_FIXTURE
SYN_REG_0605	SYN_SPK_12	SYN_ITEM_04	SHIFT_A	4.397987	-0.43016070	117.819641	11	SYNTHETIC_TEACHING_FIXTURE
SYN_REG_0606	SYN_SPK_12	SYN_ITEM_04	SHIFT_B	5.091935	0.95030541	105.046803	12	SYNTHETIC_TEACHING_FIXTURE
SYN_REG_0607	SYN_SPK_12	SYN_ITEM_05	BASE	5.041559	0.85009277	109.903116	13	SYNTHETIC_TEACHING_FIXTURE
SYN_REG_0608	SYN_SPK_12	SYN_ITEM_05	SHIFT_A	4.497448	-0.23230359	113.136859	14	SYNTHETIC_TEACHING_FIXTURE
SYN_REG_0609	SYN_SPK_12	SYN_ITEM_05	SHIFT_B	4.872647	0.51407726	109.767611	15	SYNTHETIC_TEACHING_FIXTURE
SYN_REG_0610	SYN_SPK_12	SYN_ITEM_06	BASE	4.950756	0.66945897	111.772327	16	SYNTHETIC_TEACHING_FIXTURE
SYN_REG_0611	SYN_SPK_12	SYN_ITEM_06	SHIFT_A	5.013416	0.79410809	119.688316	17	SYNTHETIC_TEACHING_FIXTURE
SYN_REG_0612	SYN_SPK_12	SYN_ITEM_06	SHIFT_B	5.124564	1.01521406	113.447621	18	SYNTHETIC_TEACHING_FIXTURE
SYN_REG_0613	SYN_SPK_12	SYN_ITEM_07	BASE	3.867566	-1.48532364	106.385870	19	SYNTHETIC_TEACHING_FIXTURE
SYN_REG_0614	SYN_SPK_12	SYN_ITEM_07	SHIFT_A	4.836207	0.44158741	120.847365	20	SYNTHETIC_TEACHING_FIXTURE
SYN_REG_0615	SYN_SPK_12	SYN_ITEM_07	SHIFT_B	5.267666	1.29988591	110.248733	21	SYNTHETIC_TEACHING_FIXTURE
SYN_REG_0616	SYN_SPK_12	SYN_ITEM_08	BASE	4.510654	-0.20603299	107.761617	22	SYNTHETIC_TEACHING_FIXTURE
SYN_REG_0617	SYN_SPK_12	SYN_ITEM_08	SHIFT_A	4.507119	-0.21306514	116.157021	23	SYNTHETIC_TEACHING_FIXTURE
SYN_REG_0618	SYN_SPK_12	SYN_ITEM_08	SHIFT_B	4.920952	0.61017007	109.424953	24	SYNTHETIC_TEACHING_FIXTURE
SYN_REG_0619	SYN_SPK_12	SYN_ITEM_09	BASE	4.792596	0.35483234	109.038280	25	SYNTHETIC_TEACHING_FIXTURE
SYN_REG_0620	SYN_SPK_12	SYN_ITEM_09	SHIFT_A	5.503309	1.76864895	113.549343	26	SYNTHETIC_TEACHING_FIXTURE
SYN_REG_0621	SYN_SPK_12	SYN_ITEM_09	SHIFT_B	4.993826	0.75513783	108.050768	27	SYNTHETIC_TEACHING_FIXTURE
SYN_REG_0622	SYN_SPK_12	SYN_ITEM_10	BASE	5.213327	1.19178970	112.003616	28	SYNTHETIC_TEACHING_FIXTURE
SYN_REG_0623	SYN_SPK_12	SYN_ITEM_10	SHIFT_A	4.474636	-0.27768335	118.866592	29	SYNTHETIC_TEACHING_FIXTURE
SYN_REG_0624	SYN_SPK_12	SYN_ITEM_10	SHIFT_B	4.761798	0.29356609	110.902943	30	SYNTHETIC_TEACHING_FIXTURE
SYN_REG_0625	SYN_SPK_12	SYN_ITEM_11	BASE	4.165149	-0.89334377	113.465534	31	SYNTHETIC_TEACHING_FIXTURE
SYN_REG_0626	SYN_SPK_12	SYN_ITEM_11	SHIFT_A	4.747656	0.26543350	117.344573	32	SYNTHETIC_TEACHING_FIXTURE
SYN_REG_0627	SYN_SPK_12	SYN_ITEM_11	SHIFT_B	5.013956	0.79518231	107.991644	33	SYNTHETIC_TEACHING_FIXTURE
SYN_REG_0628	SYN_SPK_12	SYN_ITEM_12	BASE	4.787247	0.34419161	110.585399	34	SYNTHETIC_TEACHING_FIXTURE
SYN_REG_0629	SYN_SPK_12	SYN_ITEM_12	SHIFT_A	4.684001	0.13880504	115.266630	35	SYNTHETIC_TEACHING_FIXTURE
SYN_REG_0630	SYN_SPK_12	SYN_ITEM_12	SHIFT_B	5.053092	0.87303529	113.117549	36	SYNTHETIC_TEACHING_FIXTURE
SYN_REG_0631	SYN_SPK_12	SYN_ITEM_13	BASE	4.352780	-0.52009068	113.434404	37	SYNTHETIC_TEACHING_FIXTURE
SYN_REG_0632	SYN_SPK_12	SYN_ITEM_13	SHIFT_A	4.577213	-0.07362761	126.202103	38	SYNTHETIC_TEACHING_FIXTURE
SYN_REG_0633	SYN_SPK_12	SYN_ITEM_13	SHIFT_B	4.942570	0.65317462	108.777974	39	SYNTHETIC_TEACHING_FIXTURE
SYN_REG_0634	SYN_SPK_12	SYN_ITEM_14	BASE	5.128507	1.02305784	112.533248	40	SYNTHETIC_TEACHING_FIXTURE
SYN_REG_0635	SYN_SPK_12	SYN_ITEM_14	SHIFT_A	4.504205	-0.21886194	115.783578	41	SYNTHETIC_TEACHING_FIXTURE
SYN_REG_0636	SYN_SPK_12	SYN_ITEM_14	SHIFT_B	4.288010	-0.64893720	108.265169	42	SYNTHETIC_TEACHING_FIXTURE
SYN_REG_0637	SYN_SPK_12	SYN_ITEM_15	BASE	4.206839	-0.81041013	103.236341	43	SYNTHETIC_TEACHING_FIXTURE
SYN_REG_0638	SYN_SPK_12	SYN_ITEM_15	SHIFT_A	4.311342	-0.60252301	116.135180	44	SYNTHETIC_TEACHING_FIXTURE
SYN_REG_0639	SYN_SPK_12	SYN_ITEM_15	SHIFT_B	4.515586	-0.19622179	107.437469	45	SYNTHETIC_TEACHING_FIXTURE
SYN_REG_0640	SYN_SPK_12	SYN_ITEM_16	BASE	4.768803	0.30750109	109.231231	46	SYNTHETIC_TEACHING_FIXTURE
SYN_REG_0641	SYN_SPK_12	SYN_ITEM_16	SHIFT_A	4.499658	-0.22790726	116.478237	47	SYNTHETIC_TEACHING_FIXTURE
SYN_REG_0642	SYN_SPK_12	SYN_ITEM_16	SHIFT_B	4.738749	0.24771487	107.743124	48	SYNTHETIC_TEACHING_FIXTURE
SYN_REG_0643	SYN_SPK_12	SYN_ITEM_17	BASE	5.369299	1.50206376	115.132854	49	SYNTHETIC_TEACHING_FIXTURE
SYN_REG_0644	SYN_SPK_12	SYN_ITEM_17	SHIFT_A	4.495685	-0.23581072	115.115944	50	SYNTHETIC_TEACHING_FIXTURE
SYN_REG_0645	SYN_SPK_12	SYN_ITEM_17	SHIFT_B	4.984388	0.73636288	111.081431	51	SYNTHETIC_TEACHING_FIXTURE
SYN_REG_0646	SYN_SPK_12	SYN_ITEM_18	BASE	4.784653	0.33903139	108.589426	52	SYNTHETIC_TEACHING_FIXTURE
SYN_REG_0647	SYN_SPK_12	SYN_ITEM_18	SHIFT_A	4.386574	-0.45286450	115.570538	53	SYNTHETIC_TEACHING_FIXTURE
SYN_REG_0648	SYN_SPK_12	SYN_ITEM_18	SHIFT_B	5.303290	1.37075250	108.743699	54	SYNTHETIC_TEACHING_FIXTURE
SYN_REG_0649	SYN_SPK_13	SYN_ITEM_01	BASE	4.924264	0.61675861	94.630959	1	SYNTHETIC_TEACHING_FIXTURE
SYN_REG_0650	SYN_SPK_13	SYN_ITEM_01	SHIFT_A	4.493469	-0.24021899	99.688495	2	SYNTHETIC_TEACHING_FIXTURE
SYN_REG_0651	SYN_SPK_13	SYN_ITEM_01	SHIFT_B	4.469017	-0.28886119	93.534435	3	SYNTHETIC_TEACHING_FIXTURE
SYN_REG_0652	SYN_SPK_13	SYN_ITEM_02	BASE	5.201982	1.16922117	97.370114	4	SYNTHETIC_TEACHING_FIXTURE
SYN_REG_0653	SYN_SPK_13	SYN_ITEM_02	SHIFT_A	5.007522	0.78238320	105.749771	5	SYNTHETIC_TEACHING_FIXTURE
SYN_REG_0654	SYN_SPK_13	SYN_ITEM_02	SHIFT_B	5.069059	0.90479834	94.002945	6	SYNTHETIC_TEACHING_FIXTURE
SYN_REG_0655	SYN_SPK_13	SYN_ITEM_03	BASE	5.184597	1.13463731	100.453484	7	SYNTHETIC_TEACHING_FIXTURE
SYN_REG_0656	SYN_SPK_13	SYN_ITEM_03	SHIFT_A	4.946534	0.66106018	103.590022	8	SYNTHETIC_TEACHING_FIXTURE
SYN_REG_0657	SYN_SPK_13	SYN_ITEM_03	SHIFT_B	5.092153	0.95073908	100.326049	9	SYNTHETIC_TEACHING_FIXTURE
SYN_REG_0658	SYN_SPK_13	SYN_ITEM_04	BASE	5.085495	0.93749436	95.241258	10	SYNTHETIC_TEACHING_FIXTURE
SYN_REG_0659	SYN_SPK_13	SYN_ITEM_04	SHIFT_A	4.379057	-0.46781802	101.247303	11	SYNTHETIC_TEACHING_FIXTURE
SYN_REG_0660	SYN_SPK_13	SYN_ITEM_04	SHIFT_B	4.603236	-0.02186024	95.006569	12	SYNTHETIC_TEACHING_FIXTURE
SYN_REG_0661	SYN_SPK_13	SYN_ITEM_05	BASE	4.849437	0.46790576	94.302430	13	SYNTHETIC_TEACHING_FIXTURE
SYN_REG_0662	SYN_SPK_13	SYN_ITEM_05	SHIFT_A	5.154134	1.07403746	104.453696	14	SYNTHETIC_TEACHING_FIXTURE
SYN_REG_0663	SYN_SPK_13	SYN_ITEM_05	SHIFT_B	4.676324	0.12353323	95.440092	15	SYNTHETIC_TEACHING_FIXTURE
SYN_REG_0664	SYN_SPK_13	SYN_ITEM_06	BASE	4.620909	0.01329655	95.305579	16	SYNTHETIC_TEACHING_FIXTURE
SYN_REG_0665	SYN_SPK_13	SYN_ITEM_06	SHIFT_A	4.715875	0.20221177	105.464535	17	SYNTHETIC_TEACHING_FIXTURE
SYN_REG_0666	SYN_SPK_13	SYN_ITEM_06	SHIFT_B	5.472774	1.70790588	99.307097	18	SYNTHETIC_TEACHING_FIXTURE
SYN_REG_0667	SYN_SPK_13	SYN_ITEM_07	BASE	5.149373	1.06456644	98.167185	19	SYNTHETIC_TEACHING_FIXTURE
SYN_REG_0668	SYN_SPK_13	SYN_ITEM_07	SHIFT_A	5.058989	0.88476615	101.222217	20	SYNTHETIC_TEACHING_FIXTURE
SYN_REG_0669	SYN_SPK_13	SYN_ITEM_07	SHIFT_B	4.527500	-0.17252135	95.080228	21	SYNTHETIC_TEACHING_FIXTURE
SYN_REG_0670	SYN_SPK_13	SYN_ITEM_08	BASE	5.028225	0.82356753	95.898581	22	SYNTHETIC_TEACHING_FIXTURE
SYN_REG_0671	SYN_SPK_13	SYN_ITEM_08	SHIFT_A	4.903586	0.57562401	98.118360	23	SYNTHETIC_TEACHING_FIXTURE
SYN_REG_0672	SYN_SPK_13	SYN_ITEM_08	SHIFT_B	4.892336	0.55324446	98.750158	24	SYNTHETIC_TEACHING_FIXTURE
SYN_REG_0673	SYN_SPK_13	SYN_ITEM_09	BASE	4.929267	0.62671105	96.128415	25	SYNTHETIC_TEACHING_FIXTURE
SYN_REG_0674	SYN_SPK_13	SYN_ITEM_09	SHIFT_A	5.145930	1.05771730	99.268944	26	SYNTHETIC_TEACHING_FIXTURE
SYN_REG_0675	SYN_SPK_13	SYN_ITEM_09	SHIFT_B	4.976386	0.72044456	96.903396	27	SYNTHETIC_TEACHING_FIXTURE
SYN_REG_0676	SYN_SPK_13	SYN_ITEM_10	BASE	4.644660	0.06054425	96.917369	28	SYNTHETIC_TEACHING_FIXTURE
SYN_REG_0677	SYN_SPK_13	SYN_ITEM_10	SHIFT_A	4.735808	0.24186436	106.684527	29	SYNTHETIC_TEACHING_FIXTURE
SYN_REG_0678	SYN_SPK_13	SYN_ITEM_10	SHIFT_B	4.774788	0.31940701	95.686436	30	SYNTHETIC_TEACHING_FIXTURE
SYN_REG_0679	SYN_SPK_13	SYN_ITEM_11	BASE	4.887846	0.54431253	99.887221	31	SYNTHETIC_TEACHING_FIXTURE
SYN_REG_0680	SYN_SPK_13	SYN_ITEM_11	SHIFT_A	4.623476	0.01840306	102.386509	32	SYNTHETIC_TEACHING_FIXTURE
SYN_REG_0681	SYN_SPK_13	SYN_ITEM_11	SHIFT_B	4.632149	0.03565620	92.946799	33	SYNTHETIC_TEACHING_FIXTURE
SYN_REG_0682	SYN_SPK_13	SYN_ITEM_12	BASE	3.971172	-1.27922091	100.711173	34	SYNTHETIC_TEACHING_FIXTURE
SYN_REG_0683	SYN_SPK_13	SYN_ITEM_12	SHIFT_A	4.476737	-0.27350385	106.594872	35	SYNTHETIC_TEACHING_FIXTURE
SYN_REG_0684	SYN_SPK_13	SYN_ITEM_12	SHIFT_B	5.417520	1.59798947	100.001423	36	SYNTHETIC_TEACHING_FIXTURE
SYN_REG_0685	SYN_SPK_13	SYN_ITEM_13	BASE	5.157893	1.08151522	102.105435	37	SYNTHETIC_TEACHING_FIXTURE
SYN_REG_0686	SYN_SPK_13	SYN_ITEM_13	SHIFT_A	4.399100	-0.42794661	102.981855	38	SYNTHETIC_TEACHING_FIXTURE
SYN_REG_0687	SYN_SPK_13	SYN_ITEM_13	SHIFT_B	5.244195	1.25319521	92.671396	39	SYNTHETIC_TEACHING_FIXTURE
SYN_REG_0688	SYN_SPK_13	SYN_ITEM_14	BASE	4.389729	-0.44658828	94.532441	40	SYNTHETIC_TEACHING_FIXTURE
SYN_REG_0689	SYN_SPK_13	SYN_ITEM_14	SHIFT_A	4.855766	0.48049600	102.171606	41	SYNTHETIC_TEACHING_FIXTURE
SYN_REG_0690	SYN_SPK_13	SYN_ITEM_14	SHIFT_B	5.133152	1.03229811	92.547771	42	SYNTHETIC_TEACHING_FIXTURE
SYN_REG_0691	SYN_SPK_13	SYN_ITEM_15	BASE	4.799995	0.36955112	91.875371	43	SYNTHETIC_TEACHING_FIXTURE
SYN_REG_0692	SYN_SPK_13	SYN_ITEM_15	SHIFT_A	4.799209	0.36798754	94.447645	44	SYNTHETIC_TEACHING_FIXTURE
SYN_REG_0693	SYN_SPK_13	SYN_ITEM_15	SHIFT_B	5.300244	1.36469311	89.467478	45	SYNTHETIC_TEACHING_FIXTURE
SYN_REG_0694	SYN_SPK_13	SYN_ITEM_16	BASE	4.777364	0.32453143	101.170139	46	SYNTHETIC_TEACHING_FIXTURE
SYN_REG_0695	SYN_SPK_13	SYN_ITEM_16	SHIFT_A	4.793249	0.35613135	108.553815	47	SYNTHETIC_TEACHING_FIXTURE
SYN_REG_0696	SYN_SPK_13	SYN_ITEM_16	SHIFT_B	4.931812	0.63177380	95.378811	48	SYNTHETIC_TEACHING_FIXTURE
SYN_REG_0697	SYN_SPK_13	SYN_ITEM_17	BASE	4.703958	0.17850536	96.371021	49	SYNTHETIC_TEACHING_FIXTURE
SYN_REG_0698	SYN_SPK_13	SYN_ITEM_17	SHIFT_A	5.046510	0.85994176	110.862766	50	SYNTHETIC_TEACHING_FIXTURE
SYN_REG_0699	SYN_SPK_13	SYN_ITEM_17	SHIFT_B	4.922744	0.61373489	99.052434	51	SYNTHETIC_TEACHING_FIXTURE
SYN_REG_0700	SYN_SPK_13	SYN_ITEM_18	BASE	4.802805	0.37514104	96.999195	52	SYNTHETIC_TEACHING_FIXTURE
SYN_REG_0701	SYN_SPK_13	SYN_ITEM_18	SHIFT_A	4.836082	0.44133875	105.284487	53	SYNTHETIC_TEACHING_FIXTURE
SYN_REG_0702	SYN_SPK_13	SYN_ITEM_18	SHIFT_B	4.710551	0.19162078	94.426859	54	SYNTHETIC_TEACHING_FIXTURE
SYN_REG_0703	SYN_SPK_14	SYN_ITEM_01	BASE	5.140658	1.04722975	102.753357	1	SYNTHETIC_TEACHING_FIXTURE
SYN_REG_0704	SYN_SPK_14	SYN_ITEM_01	SHIFT_A	5.437553	1.63784098	109.212684	2	SYNTHETIC_TEACHING_FIXTURE
SYN_REG_0705	SYN_SPK_14	SYN_ITEM_01	SHIFT_B	5.218527	1.20213403	102.560523	3	SYNTHETIC_TEACHING_FIXTURE
SYN_REG_0706	SYN_SPK_14	SYN_ITEM_02	BASE	4.981841	0.73129615	109.132200	4	SYNTHETIC_TEACHING_FIXTURE
SYN_REG_0707	SYN_SPK_14	SYN_ITEM_02	SHIFT_A	5.176866	1.11925808	106.849137	5	SYNTHETIC_TEACHING_FIXTURE
SYN_REG_0708	SYN_SPK_14	SYN_ITEM_02	SHIFT_B	5.072411	0.91146645	104.899288	6	SYNTHETIC_TEACHING_FIXTURE
SYN_REG_0709	SYN_SPK_14	SYN_ITEM_03	BASE	4.818071	0.40550959	109.502896	7	SYNTHETIC_TEACHING_FIXTURE
SYN_REG_0710	SYN_SPK_14	SYN_ITEM_03	SHIFT_A	4.840338	0.44980518	114.307369	8	SYNTHETIC_TEACHING_FIXTURE
SYN_REG_0711	SYN_SPK_14	SYN_ITEM_03	SHIFT_B	4.736863	0.24396306	104.790550	9	SYNTHETIC_TEACHING_FIXTURE
SYN_REG_0712	SYN_SPK_14	SYN_ITEM_04	BASE	5.221689	1.20842417	101.863258	10	SYNTHETIC_TEACHING_FIXTURE
SYN_REG_0713	SYN_SPK_14	SYN_ITEM_04	SHIFT_A	4.654206	0.07953404	109.077585	11	SYNTHETIC_TEACHING_FIXTURE
SYN_REG_0714	SYN_SPK_14	SYN_ITEM_04	SHIFT_B	5.505488	1.77298362	102.488372	12	SYNTHETIC_TEACHING_FIXTURE
SYN_REG_0715	SYN_SPK_14	SYN_ITEM_05	BASE	4.808200	0.38587328	103.154035	13	SYNTHETIC_TEACHING_FIXTURE
SYN_REG_0716	SYN_SPK_14	SYN_ITEM_05	SHIFT_A	5.180894	1.12727095	109.189013	14	SYNTHETIC_TEACHING_FIXTURE
SYN_REG_0717	SYN_SPK_14	SYN_ITEM_05	SHIFT_B	5.260549	1.28572811	96.852056	15	SYNTHETIC_TEACHING_FIXTURE
SYN_REG_0718	SYN_SPK_14	SYN_ITEM_06	BASE	5.429924	1.62266466	110.301598	16	SYNTHETIC_TEACHING_FIXTURE
SYN_REG_0719	SYN_SPK_14	SYN_ITEM_06	SHIFT_A	5.157602	1.08093633	112.324156	17	SYNTHETIC_TEACHING_FIXTURE
SYN_REG_0720	SYN_SPK_14	SYN_ITEM_06	SHIFT_B	5.264588	1.29376287	101.895739	18	SYNTHETIC_TEACHING_FIXTURE
SYN_REG_0721	SYN_SPK_14	SYN_ITEM_07	BASE	4.882679	0.53403385	101.953987	19	SYNTHETIC_TEACHING_FIXTURE
SYN_REG_0722	SYN_SPK_14	SYN_ITEM_07	SHIFT_A	5.950864	2.65896711	107.592347	20	SYNTHETIC_TEACHING_FIXTURE
SYN_REG_0723	SYN_SPK_14	SYN_ITEM_07	SHIFT_B	5.026903	0.82093769	97.285227	21	SYNTHETIC_TEACHING_FIXTURE
SYN_REG_0724	SYN_SPK_14	SYN_ITEM_08	BASE	4.525876	-0.17575196	105.052765	22	SYNTHETIC_TEACHING_FIXTURE
SYN_REG_0725	SYN_SPK_14	SYN_ITEM_08	SHIFT_A	5.740233	2.23996028	106.599505	23	SYNTHETIC_TEACHING_FIXTURE
SYN_REG_0726	SYN_SPK_14	SYN_ITEM_08	SHIFT_B	5.615457	1.99174422	104.845983	24	SYNTHETIC_TEACHING_FIXTURE
SYN_REG_0727	SYN_SPK_14	SYN_ITEM_09	BASE	5.200380	1.16603432	105.395260	25	SYNTHETIC_TEACHING_FIXTURE
SYN_REG_0728	SYN_SPK_14	SYN_ITEM_09	SHIFT_A	4.863580	0.49604034	108.458512	26	SYNTHETIC_TEACHING_FIXTURE
SYN_REG_0729	SYN_SPK_14	SYN_ITEM_09	SHIFT_B	5.451210	1.66500876	98.927708	27	SYNTHETIC_TEACHING_FIXTURE
SYN_REG_0730	SYN_SPK_14	SYN_ITEM_10	BASE	5.011488	0.79027273	110.574418	28	SYNTHETIC_TEACHING_FIXTURE
SYN_REG_0731	SYN_SPK_14	SYN_ITEM_10	SHIFT_A	5.242079	1.24898586	107.601058	29	SYNTHETIC_TEACHING_FIXTURE
SYN_REG_0732	SYN_SPK_14	SYN_ITEM_10	SHIFT_B	4.760631	0.29124458	96.915234	30	SYNTHETIC_TEACHING_FIXTURE
SYN_REG_0733	SYN_SPK_14	SYN_ITEM_11	BASE	5.383254	1.52982434	105.854920	31	SYNTHETIC_TEACHING_FIXTURE
SYN_REG_0734	SYN_SPK_14	SYN_ITEM_11	SHIFT_A	5.186484	1.13839110	109.012531	32	SYNTHETIC_TEACHING_FIXTURE
SYN_REG_0735	SYN_SPK_14	SYN_ITEM_11	SHIFT_B	5.162957	1.09158900	101.187783	33	SYNTHETIC_TEACHING_FIXTURE
SYN_REG_0736	SYN_SPK_14	SYN_ITEM_12	BASE	5.532862	1.82743854	103.031763	34	SYNTHETIC_TEACHING_FIXTURE
SYN_REG_0737	SYN_SPK_14	SYN_ITEM_12	SHIFT_A	5.069262	0.90520216	113.053772	35	SYNTHETIC_TEACHING_FIXTURE
SYN_REG_0738	SYN_SPK_14	SYN_ITEM_12	SHIFT_B	5.435524	1.63380471	109.766901	36	SYNTHETIC_TEACHING_FIXTURE
SYN_REG_0739	SYN_SPK_14	SYN_ITEM_13	BASE	4.898848	0.56619874	103.221542	37	SYNTHETIC_TEACHING_FIXTURE
SYN_REG_0740	SYN_SPK_14	SYN_ITEM_13	SHIFT_A	4.850849	0.47071465	112.456001	38	SYNTHETIC_TEACHING_FIXTURE
SYN_REG_0741	SYN_SPK_14	SYN_ITEM_13	SHIFT_B	5.239338	1.24353321	101.464157	39	SYNTHETIC_TEACHING_FIXTURE
SYN_REG_0742	SYN_SPK_14	SYN_ITEM_14	BASE	5.349876	1.46342571	104.863812	40	SYNTHETIC_TEACHING_FIXTURE
SYN_REG_0743	SYN_SPK_14	SYN_ITEM_14	SHIFT_A	5.298684	1.36158981	110.716775	41	SYNTHETIC_TEACHING_FIXTURE
SYN_REG_0744	SYN_SPK_14	SYN_ITEM_14	SHIFT_B	5.631187	2.02303580	100.819177	42	SYNTHETIC_TEACHING_FIXTURE
SYN_REG_0745	SYN_SPK_14	SYN_ITEM_15	BASE	5.825499	2.40957936	104.583719	43	SYNTHETIC_TEACHING_FIXTURE
SYN_REG_0746	SYN_SPK_14	SYN_ITEM_15	SHIFT_A	5.329348	1.42258950	104.622318	44	SYNTHETIC_TEACHING_FIXTURE
SYN_REG_0747	SYN_SPK_14	SYN_ITEM_15	SHIFT_B	5.823079	2.40476527	99.784696	45	SYNTHETIC_TEACHING_FIXTURE
SYN_REG_0748	SYN_SPK_14	SYN_ITEM_16	BASE	4.835996	0.44116767	107.578293	46	SYNTHETIC_TEACHING_FIXTURE
SYN_REG_0749	SYN_SPK_14	SYN_ITEM_16	SHIFT_A	5.004629	0.77662817	112.621265	47	SYNTHETIC_TEACHING_FIXTURE
SYN_REG_0750	SYN_SPK_14	SYN_ITEM_16	SHIFT_B	5.071992	0.91063293	104.822898	48	SYNTHETIC_TEACHING_FIXTURE
SYN_REG_0751	SYN_SPK_14	SYN_ITEM_17	BASE	5.396250	1.55567720	103.552915	49	SYNTHETIC_TEACHING_FIXTURE
SYN_REG_0752	SYN_SPK_14	SYN_ITEM_17	SHIFT_A	5.213784	1.19269881	109.433580	50	SYNTHETIC_TEACHING_FIXTURE
SYN_REG_0753	SYN_SPK_14	SYN_ITEM_17	SHIFT_B	6.075566	2.90703597	103.749534	51	SYNTHETIC_TEACHING_FIXTURE
SYN_REG_0754	SYN_SPK_14	SYN_ITEM_18	BASE	4.571749	-0.08449711	99.481897	52	SYNTHETIC_TEACHING_FIXTURE
SYN_REG_0755	SYN_SPK_14	SYN_ITEM_18	SHIFT_A	4.738048	0.24632037	107.678694	53	SYNTHETIC_TEACHING_FIXTURE
SYN_REG_0756	SYN_SPK_14	SYN_ITEM_18	SHIFT_B	6.411026	3.57436430	102.581536	54	SYNTHETIC_TEACHING_FIXTURE
SYN_REG_0757	SYN_SPK_15	SYN_ITEM_01	BASE	3.376453	-2.46229144	97.517167	1	SYNTHETIC_TEACHING_FIXTURE
SYN_REG_0758	SYN_SPK_15	SYN_ITEM_01	SHIFT_A	3.897294	-1.42618592	105.426363	2	SYNTHETIC_TEACHING_FIXTURE
SYN_REG_0759	SYN_SPK_15	SYN_ITEM_01	SHIFT_B	3.871610	-1.47727893	94.763603	3	SYNTHETIC_TEACHING_FIXTURE
SYN_REG_0760	SYN_SPK_15	SYN_ITEM_02	BASE	3.883526	-1.45357451	95.666281	4	SYNTHETIC_TEACHING_FIXTURE
SYN_REG_0761	SYN_SPK_15	SYN_ITEM_02	SHIFT_A	3.846712	-1.52680836	105.343808	5	SYNTHETIC_TEACHING_FIXTURE
SYN_REG_0762	SYN_SPK_15	SYN_ITEM_02	SHIFT_B	4.577976	-0.07210978	94.640297	6	SYNTHETIC_TEACHING_FIXTURE
SYN_REG_0763	SYN_SPK_15	SYN_ITEM_03	BASE	3.930636	-1.35985891	104.930057	7	SYNTHETIC_TEACHING_FIXTURE
SYN_REG_0764	SYN_SPK_15	SYN_ITEM_03	SHIFT_A	4.721873	0.21414355	112.889643	8	SYNTHETIC_TEACHING_FIXTURE
SYN_REG_0765	SYN_SPK_15	SYN_ITEM_03	SHIFT_B	4.241766	-0.74093008	99.511230	9	SYNTHETIC_TEACHING_FIXTURE
SYN_REG_0766	SYN_SPK_15	SYN_ITEM_04	BASE	3.942479	-1.33629971	98.975613	10	SYNTHETIC_TEACHING_FIXTURE
SYN_REG_0767	SYN_SPK_15	SYN_ITEM_04	SHIFT_A	3.746125	-1.72690540	103.978776	11	SYNTHETIC_TEACHING_FIXTURE
SYN_REG_0768	SYN_SPK_15	SYN_ITEM_04	SHIFT_B	3.954746	-1.31189705	98.299275	12	SYNTHETIC_TEACHING_FIXTURE
SYN_REG_0769	SYN_SPK_15	SYN_ITEM_05	BASE	3.972872	-1.27583912	98.376583	13	SYNTHETIC_TEACHING_FIXTURE
SYN_REG_0770	SYN_SPK_15	SYN_ITEM_05	SHIFT_A	2.970846	-3.26916272	100.863744	14	SYNTHETIC_TEACHING_FIXTURE
SYN_REG_0771	SYN_SPK_15	SYN_ITEM_05	SHIFT_B	3.954091	-1.31320003	97.601364	15	SYNTHETIC_TEACHING_FIXTURE
SYN_REG_0772	SYN_SPK_15	SYN_ITEM_06	BASE	4.010143	-1.20169617	103.137648	16	SYNTHETIC_TEACHING_FIXTURE
SYN_REG_0773	SYN_SPK_15	SYN_ITEM_06	SHIFT_A	3.941072	-1.33909864	106.108353	17	SYNTHETIC_TEACHING_FIXTURE
SYN_REG_0774	SYN_SPK_15	SYN_ITEM_06	SHIFT_B	3.923023	-1.37500340	100.268830	18	SYNTHETIC_TEACHING_FIXTURE
SYN_REG_0775	SYN_SPK_15	SYN_ITEM_07	BASE	4.329493	-0.56641535	100.061158	19	SYNTHETIC_TEACHING_FIXTURE
SYN_REG_0776	SYN_SPK_15	SYN_ITEM_07	SHIFT_A	3.883853	-1.45292402	105.952262	20	SYNTHETIC_TEACHING_FIXTURE
SYN_REG_0777	SYN_SPK_15	SYN_ITEM_07	SHIFT_B	3.785522	-1.64853322	93.863203	21	SYNTHETIC_TEACHING_FIXTURE
SYN_REG_0778	SYN_SPK_15	SYN_ITEM_08	BASE	4.120018	-0.98312256	97.557340	22	SYNTHETIC_TEACHING_FIXTURE
SYN_REG_0779	SYN_SPK_15	SYN_ITEM_08	SHIFT_A	3.753684	-1.71186834	102.633964	23	SYNTHETIC_TEACHING_FIXTURE
SYN_REG_0780	SYN_SPK_15	SYN_ITEM_08	SHIFT_B	4.018923	-1.18423017	92.266893	24	SYNTHETIC_TEACHING_FIXTURE
SYN_REG_0781	SYN_SPK_15	SYN_ITEM_09	BASE	4.161627	-0.90035006	98.924423	25	SYNTHETIC_TEACHING_FIXTURE
SYN_REG_0782	SYN_SPK_15	SYN_ITEM_09	SHIFT_A	3.312112	-2.59028456	99.375834	26	SYNTHETIC_TEACHING_FIXTURE
SYN_REG_0783	SYN_SPK_15	SYN_ITEM_09	SHIFT_B	4.906182	0.58078821	98.816017	27	SYNTHETIC_TEACHING_FIXTURE
SYN_REG_0784	SYN_SPK_15	SYN_ITEM_10	BASE	3.978620	-1.26440466	96.971026	28	SYNTHETIC_TEACHING_FIXTURE
SYN_REG_0785	SYN_SPK_15	SYN_ITEM_10	SHIFT_A	3.657759	-1.90269129	109.776413	29	SYNTHETIC_TEACHING_FIXTURE
SYN_REG_0786	SYN_SPK_15	SYN_ITEM_10	SHIFT_B	4.218432	-0.78734825	100.935535	30	SYNTHETIC_TEACHING_FIXTURE
SYN_REG_0787	SYN_SPK_15	SYN_ITEM_11	BASE	4.010877	-1.20023602	102.157013	31	SYNTHETIC_TEACHING_FIXTURE
SYN_REG_0788	SYN_SPK_15	SYN_ITEM_11	SHIFT_A	4.456800	-0.31316439	105.269149	32	SYNTHETIC_TEACHING_FIXTURE
SYN_REG_0789	SYN_SPK_15	SYN_ITEM_11	SHIFT_B	4.131009	-0.96125824	95.529584	33	SYNTHETIC_TEACHING_FIXTURE
SYN_REG_0790	SYN_SPK_15	SYN_ITEM_12	BASE	3.799599	-1.62052993	103.985727	34	SYNTHETIC_TEACHING_FIXTURE
SYN_REG_0791	SYN_SPK_15	SYN_ITEM_12	SHIFT_A	3.751895	-1.71542718	109.708505	35	SYNTHETIC_TEACHING_FIXTURE
SYN_REG_0792	SYN_SPK_15	SYN_ITEM_12	SHIFT_B	3.973401	-1.27478678	100.556930	36	SYNTHETIC_TEACHING_FIXTURE
SYN_REG_0793	SYN_SPK_15	SYN_ITEM_13	BASE	3.755406	-1.70844277	102.546952	37	SYNTHETIC_TEACHING_FIXTURE
SYN_REG_0794	SYN_SPK_15	SYN_ITEM_13	SHIFT_A	3.441726	-2.33244429	108.179451	38	SYNTHETIC_TEACHING_FIXTURE
SYN_REG_0795	SYN_SPK_15	SYN_ITEM_13	SHIFT_B	4.006891	-1.20816535	100.538841	39	SYNTHETIC_TEACHING_FIXTURE
SYN_REG_0796	SYN_SPK_15	SYN_ITEM_14	BASE	3.303064	-2.60828368	97.217896	40	SYNTHETIC_TEACHING_FIXTURE
SYN_REG_0797	SYN_SPK_15	SYN_ITEM_14	SHIFT_A	3.533342	-2.15019320	104.673583	41	SYNTHETIC_TEACHING_FIXTURE
SYN_REG_0798	SYN_SPK_15	SYN_ITEM_14	SHIFT_B	4.257626	-0.70937989	93.505551	42	SYNTHETIC_TEACHING_FIXTURE
SYN_REG_0799	SYN_SPK_15	SYN_ITEM_15	BASE	4.098812	-1.02530752	99.020781	43	SYNTHETIC_TEACHING_FIXTURE
SYN_REG_0800	SYN_SPK_15	SYN_ITEM_15	SHIFT_A	3.490896	-2.23463074	102.057635	44	SYNTHETIC_TEACHING_FIXTURE
SYN_REG_0801	SYN_SPK_15	SYN_ITEM_15	SHIFT_B	3.924470	-1.37212489	92.029940	45	SYNTHETIC_TEACHING_FIXTURE
SYN_REG_0802	SYN_SPK_15	SYN_ITEM_16	BASE	3.535855	-2.14519411	102.726638	46	SYNTHETIC_TEACHING_FIXTURE
SYN_REG_0803	SYN_SPK_15	SYN_ITEM_16	SHIFT_A	4.020900	-1.18029734	106.039887	47	SYNTHETIC_TEACHING_FIXTURE
SYN_REG_0804	SYN_SPK_15	SYN_ITEM_16	SHIFT_B	3.793546	-1.63257113	97.737802	48	SYNTHETIC_TEACHING_FIXTURE
SYN_REG_0805	SYN_SPK_15	SYN_ITEM_17	BASE	3.893930	-1.43287791	99.869825	49	SYNTHETIC_TEACHING_FIXTURE
SYN_REG_0806	SYN_SPK_15	SYN_ITEM_17	SHIFT_A	4.733019	0.23631622	111.313978	50	SYNTHETIC_TEACHING_FIXTURE
SYN_REG_0807	SYN_SPK_15	SYN_ITEM_17	SHIFT_B	4.383962	-0.45806053	97.359152	51	SYNTHETIC_TEACHING_FIXTURE
SYN_REG_0808	SYN_SPK_15	SYN_ITEM_18	BASE	4.172600	-0.87852154	95.417386	52	SYNTHETIC_TEACHING_FIXTURE
SYN_REG_0809	SYN_SPK_15	SYN_ITEM_18	SHIFT_A	3.808250	-1.60332056	103.895545	53	SYNTHETIC_TEACHING_FIXTURE
SYN_REG_0810	SYN_SPK_15	SYN_ITEM_18	SHIFT_B	3.679674	-1.85909593	94.010920	54	SYNTHETIC_TEACHING_FIXTURE
SYN_REG_0811	SYN_SPK_16	SYN_ITEM_01	BASE	3.215737	-2.78200270	95.387219	1	SYNTHETIC_TEACHING_FIXTURE
SYN_REG_0812	SYN_SPK_16	SYN_ITEM_01	SHIFT_A	4.112538	-0.99800248	98.183830	2	SYNTHETIC_TEACHING_FIXTURE
SYN_REG_0813	SYN_SPK_16	SYN_ITEM_01	SHIFT_B	3.823747	-1.57249248	93.194210	3	SYNTHETIC_TEACHING_FIXTURE
SYN_REG_0814	SYN_SPK_16	SYN_ITEM_02	BASE	3.652870	-1.91241695	97.273439	4	SYNTHETIC_TEACHING_FIXTURE
SYN_REG_0815	SYN_SPK_16	SYN_ITEM_02	SHIFT_A	4.006815	-1.20831653	102.958095	5	SYNTHETIC_TEACHING_FIXTURE
SYN_REG_0816	SYN_SPK_16	SYN_ITEM_02	SHIFT_B	4.340342	-0.54483351	96.361470	6	SYNTHETIC_TEACHING_FIXTURE
SYN_REG_0817	SYN_SPK_16	SYN_ITEM_03	BASE	3.632926	-1.95209142	98.904836	7	SYNTHETIC_TEACHING_FIXTURE
SYN_REG_0818	SYN_SPK_16	SYN_ITEM_03	SHIFT_A	3.604393	-2.00885192	105.034592	8	SYNTHETIC_TEACHING_FIXTURE
SYN_REG_0819	SYN_SPK_16	SYN_ITEM_03	SHIFT_B	4.420895	-0.38458996	97.436966	9	SYNTHETIC_TEACHING_FIXTURE
SYN_REG_0820	SYN_SPK_16	SYN_ITEM_04	BASE	3.680723	-1.85700916	96.097234	10	SYNTHETIC_TEACHING_FIXTURE
SYN_REG_0821	SYN_SPK_16	SYN_ITEM_04	SHIFT_A	3.729109	-1.76075522	103.147919	11	SYNTHETIC_TEACHING_FIXTURE
SYN_REG_0822	SYN_SPK_16	SYN_ITEM_04	SHIFT_B	3.817182	-1.58555219	90.027900	12	SYNTHETIC_TEACHING_FIXTURE
SYN_REG_0823	SYN_SPK_16	SYN_ITEM_05	BASE	3.905180	-1.41049836	95.267413	13	SYNTHETIC_TEACHING_FIXTURE
SYN_REG_0824	SYN_SPK_16	SYN_ITEM_05	SHIFT_A	3.636019	-1.94593853	99.046607	14	SYNTHETIC_TEACHING_FIXTURE
SYN_REG_0825	SYN_SPK_16	SYN_ITEM_05	SHIFT_B	4.054834	-1.11279266	91.586829	15	SYNTHETIC_TEACHING_FIXTURE
SYN_REG_0826	SYN_SPK_16	SYN_ITEM_06	BASE	4.252506	-0.71956507	99.565611	16	SYNTHETIC_TEACHING_FIXTURE
SYN_REG_0827	SYN_SPK_16	SYN_ITEM_06	SHIFT_A	3.912780	-1.39537973	101.946882	17	SYNTHETIC_TEACHING_FIXTURE
SYN_REG_0828	SYN_SPK_16	SYN_ITEM_06	SHIFT_B	3.709164	-1.80043167	95.292895	18	SYNTHETIC_TEACHING_FIXTURE
SYN_REG_0829	SYN_SPK_16	SYN_ITEM_07	BASE	4.381996	-0.46197148	101.404424	19	SYNTHETIC_TEACHING_FIXTURE
SYN_REG_0830	SYN_SPK_16	SYN_ITEM_07	SHIFT_A	2.931905	-3.34662779	100.545799	20	SYNTHETIC_TEACHING_FIXTURE
SYN_REG_0831	SYN_SPK_16	SYN_ITEM_07	SHIFT_B	4.148555	-0.92635410	93.332050	21	SYNTHETIC_TEACHING_FIXTURE
SYN_REG_0832	SYN_SPK_16	SYN_ITEM_08	BASE	3.692065	-1.83444660	95.773560	22	SYNTHETIC_TEACHING_FIXTURE
SYN_REG_0833	SYN_SPK_16	SYN_ITEM_08	SHIFT_A	4.193094	-0.83775297	101.614403	23	SYNTHETIC_TEACHING_FIXTURE
SYN_REG_0834	SYN_SPK_16	SYN_ITEM_08	SHIFT_B	3.888312	-1.44405376	94.279941	24	SYNTHETIC_TEACHING_FIXTURE
SYN_REG_0835	SYN_SPK_16	SYN_ITEM_09	BASE	4.457469	-0.31183355	95.801687	25	SYNTHETIC_TEACHING_FIXTURE
SYN_REG_0836	SYN_SPK_16	SYN_ITEM_09	SHIFT_A	4.755708	0.28145129	102.715776	26	SYNTHETIC_TEACHING_FIXTURE
SYN_REG_0837	SYN_SPK_16	SYN_ITEM_09	SHIFT_B	3.819310	-1.58131897	97.318751	27	SYNTHETIC_TEACHING_FIXTURE
SYN_REG_0838	SYN_SPK_16	SYN_ITEM_10	BASE	3.740536	-1.73802356	97.123093	28	SYNTHETIC_TEACHING_FIXTURE
SYN_REG_0839	SYN_SPK_16	SYN_ITEM_10	SHIFT_A	4.501192	-0.22485568	103.011847	29	SYNTHETIC_TEACHING_FIXTURE
SYN_REG_0840	SYN_SPK_16	SYN_ITEM_10	SHIFT_B	4.123102	-0.97698758	95.614207	30	SYNTHETIC_TEACHING_FIXTURE
SYN_REG_0841	SYN_SPK_16	SYN_ITEM_11	BASE	4.230587	-0.76316839	97.491577	31	SYNTHETIC_TEACHING_FIXTURE
SYN_REG_0842	SYN_SPK_16	SYN_ITEM_11	SHIFT_A	4.255369	-0.71386973	101.501135	32	SYNTHETIC_TEACHING_FIXTURE
SYN_REG_0843	SYN_SPK_16	SYN_ITEM_11	SHIFT_B	3.785932	-1.64771760	101.196210	33	SYNTHETIC_TEACHING_FIXTURE
SYN_REG_0844	SYN_SPK_16	SYN_ITEM_12	BASE	3.666661	-1.88498261	94.150844	34	SYNTHETIC_TEACHING_FIXTURE
SYN_REG_0845	SYN_SPK_16	SYN_ITEM_12	SHIFT_A	3.803340	-1.61308799	105.435403	35	SYNTHETIC_TEACHING_FIXTURE
SYN_REG_0846	SYN_SPK_16	SYN_ITEM_12	SHIFT_B	3.689590	-1.83937010	96.989465	36	SYNTHETIC_TEACHING_FIXTURE
SYN_REG_0847	SYN_SPK_16	SYN_ITEM_13	BASE	4.181362	-0.86109136	98.666029	37	SYNTHETIC_TEACHING_FIXTURE
SYN_REG_0848	SYN_SPK_16	SYN_ITEM_13	SHIFT_A	3.935815	-1.34955636	100.095760	38	SYNTHETIC_TEACHING_FIXTURE
SYN_REG_0849	SYN_SPK_16	SYN_ITEM_13	SHIFT_B	3.646361	-1.92536526	95.763423	39	SYNTHETIC_TEACHING_FIXTURE
SYN_REG_0850	SYN_SPK_16	SYN_ITEM_14	BASE	4.029659	-1.16287312	95.924250	40	SYNTHETIC_TEACHING_FIXTURE
SYN_REG_0851	SYN_SPK_16	SYN_ITEM_14	SHIFT_A	3.944671	-1.33193918	101.135833	41	SYNTHETIC_TEACHING_FIXTURE
SYN_REG_0852	SYN_SPK_16	SYN_ITEM_14	SHIFT_B	3.682021	-1.85442706	94.445090	42	SYNTHETIC_TEACHING_FIXTURE
SYN_REG_0853	SYN_SPK_16	SYN_ITEM_15	BASE	4.075318	-1.07204397	88.831135	43	SYNTHETIC_TEACHING_FIXTURE
SYN_REG_0854	SYN_SPK_16	SYN_ITEM_15	SHIFT_A	3.652604	-1.91294610	95.391317	44	SYNTHETIC_TEACHING_FIXTURE
SYN_REG_0855	SYN_SPK_16	SYN_ITEM_15	SHIFT_B	3.975780	-1.27005425	86.967852	45	SYNTHETIC_TEACHING_FIXTURE
SYN_REG_0856	SYN_SPK_16	SYN_ITEM_16	BASE	3.600173	-2.01724674	99.720740	46	SYNTHETIC_TEACHING_FIXTURE
SYN_REG_0857	SYN_SPK_16	SYN_ITEM_16	SHIFT_A	4.139819	-0.94373257	102.068874	47	SYNTHETIC_TEACHING_FIXTURE
SYN_REG_0858	SYN_SPK_16	SYN_ITEM_16	SHIFT_B	3.930168	-1.36078990	97.579317	48	SYNTHETIC_TEACHING_FIXTURE
SYN_REG_0859	SYN_SPK_16	SYN_ITEM_17	BASE	4.470940	-0.28503578	96.015479	49	SYNTHETIC_TEACHING_FIXTURE
SYN_REG_0860	SYN_SPK_16	SYN_ITEM_17	SHIFT_A	4.203261	-0.81752782	101.834707	50	SYNTHETIC_TEACHING_FIXTURE
SYN_REG_0861	SYN_SPK_16	SYN_ITEM_17	SHIFT_B	3.367104	-2.48088934	95.099999	51	SYNTHETIC_TEACHING_FIXTURE
SYN_REG_0862	SYN_SPK_16	SYN_ITEM_18	BASE	4.233893	-0.75659179	95.911324	52	SYNTHETIC_TEACHING_FIXTURE
SYN_REG_0863	SYN_SPK_16	SYN_ITEM_18	SHIFT_A	3.283585	-2.64703313	94.368965	53	SYNTHETIC_TEACHING_FIXTURE
SYN_REG_0864	SYN_SPK_16	SYN_ITEM_18	SHIFT_B	4.197312	-0.82936213	91.872657	54	SYNTHETIC_TEACHING_FIXTURE
SYN_REG_0865	SYN_SPK_17	SYN_ITEM_01	BASE	3.919465	-1.38208130	104.321197	1	SYNTHETIC_TEACHING_FIXTURE
SYN_REG_0866	SYN_SPK_17	SYN_ITEM_01	SHIFT_A	4.205309	-0.81345375	108.337612	2	SYNTHETIC_TEACHING_FIXTURE
SYN_REG_0867	SYN_SPK_17	SYN_ITEM_01	SHIFT_B	4.715850	0.20216204	101.069267	3	SYNTHETIC_TEACHING_FIXTURE
SYN_REG_0868	SYN_SPK_17	SYN_ITEM_02	BASE	4.098283	-1.02635985	106.980996	4	SYNTHETIC_TEACHING_FIXTURE
SYN_REG_0869	SYN_SPK_17	SYN_ITEM_02	SHIFT_A	4.348059	-0.52948213	110.894405	5	SYNTHETIC_TEACHING_FIXTURE
SYN_REG_0870	SYN_SPK_17	SYN_ITEM_02	SHIFT_B	4.423722	-0.37896623	103.979988	6	SYNTHETIC_TEACHING_FIXTURE
SYN_REG_0871	SYN_SPK_17	SYN_ITEM_03	BASE	4.150331	-0.92282112	102.044510	7	SYNTHETIC_TEACHING_FIXTURE
SYN_REG_0872	SYN_SPK_17	SYN_ITEM_03	SHIFT_A	4.400044	-0.42606872	116.670264	8	SYNTHETIC_TEACHING_FIXTURE
SYN_REG_0873	SYN_SPK_17	SYN_ITEM_03	SHIFT_B	4.525753	-0.17599665	105.170002	9	SYNTHETIC_TEACHING_FIXTURE
SYN_REG_0874	SYN_SPK_17	SYN_ITEM_04	BASE	4.513431	-0.20050872	102.925074	10	SYNTHETIC_TEACHING_FIXTURE
SYN_REG_0875	SYN_SPK_17	SYN_ITEM_04	SHIFT_A	4.787685	0.34506292	108.684712	11	SYNTHETIC_TEACHING_FIXTURE
SYN_REG_0876	SYN_SPK_17	SYN_ITEM_04	SHIFT_B	4.522437	-0.18259314	105.068723	12	SYNTHETIC_TEACHING_FIXTURE
SYN_REG_0877	SYN_SPK_17	SYN_ITEM_05	BASE	3.955241	-1.31091235	96.729535	13	SYNTHETIC_TEACHING_FIXTURE
SYN_REG_0878	SYN_SPK_17	SYN_ITEM_05	SHIFT_A	4.088115	-1.04658699	105.809823	14	SYNTHETIC_TEACHING_FIXTURE
SYN_REG_0879	SYN_SPK_17	SYN_ITEM_05	SHIFT_B	4.544225	-0.13925042	98.922718	15	SYNTHETIC_TEACHING_FIXTURE
SYN_REG_0880	SYN_SPK_17	SYN_ITEM_06	BASE	4.018656	-1.18476131	106.938266	16	SYNTHETIC_TEACHING_FIXTURE
SYN_REG_0881	SYN_SPK_17	SYN_ITEM_06	SHIFT_A	4.301381	-0.62233836	106.082294	17	SYNTHETIC_TEACHING_FIXTURE
SYN_REG_0882	SYN_SPK_17	SYN_ITEM_06	SHIFT_B	4.442624	-0.34136461	106.363391	18	SYNTHETIC_TEACHING_FIXTURE
SYN_REG_0883	SYN_SPK_17	SYN_ITEM_07	BASE	3.573766	-2.06977801	100.406985	19	SYNTHETIC_TEACHING_FIXTURE
SYN_REG_0884	SYN_SPK_17	SYN_ITEM_07	SHIFT_A	3.908351	-1.40419031	108.586300	20	SYNTHETIC_TEACHING_FIXTURE
SYN_REG_0885	SYN_SPK_17	SYN_ITEM_07	SHIFT_B	4.053830	-1.11478991	100.699286	21	SYNTHETIC_TEACHING_FIXTURE
SYN_REG_0886	SYN_SPK_17	SYN_ITEM_08	BASE	4.688499	0.14775288	105.689507	22	SYNTHETIC_TEACHING_FIXTURE
SYN_REG_0887	SYN_SPK_17	SYN_ITEM_08	SHIFT_A	4.402075	-0.42202846	111.285851	23	SYNTHETIC_TEACHING_FIXTURE
SYN_REG_0888	SYN_SPK_17	SYN_ITEM_08	SHIFT_B	4.623110	0.01767498	98.789943	24	SYNTHETIC_TEACHING_FIXTURE
SYN_REG_0889	SYN_SPK_17	SYN_ITEM_09	BASE	4.320774	-0.58376000	106.183745	25	SYNTHETIC_TEACHING_FIXTURE
SYN_REG_0890	SYN_SPK_17	SYN_ITEM_09	SHIFT_A	3.614194	-1.98935486	114.480358	26	SYNTHETIC_TEACHING_FIXTURE
SYN_REG_0891	SYN_SPK_17	SYN_ITEM_09	SHIFT_B	4.292350	-0.64030367	101.363565	27	SYNTHETIC_TEACHING_FIXTURE
SYN_REG_0892	SYN_SPK_17	SYN_ITEM_10	BASE	4.561610	-0.10466656	107.891798	28	SYNTHETIC_TEACHING_FIXTURE
SYN_REG_0893	SYN_SPK_17	SYN_ITEM_10	SHIFT_A	3.933867	-1.35343150	110.689446	29	SYNTHETIC_TEACHING_FIXTURE
SYN_REG_0894	SYN_SPK_17	SYN_ITEM_10	SHIFT_B	4.163052	-0.89751532	97.719025	30	SYNTHETIC_TEACHING_FIXTURE
SYN_REG_0895	SYN_SPK_17	SYN_ITEM_11	BASE	3.911523	-1.39788027	104.833858	31	SYNTHETIC_TEACHING_FIXTURE
SYN_REG_0896	SYN_SPK_17	SYN_ITEM_11	SHIFT_A	4.511907	-0.20354040	114.770482	32	SYNTHETIC_TEACHING_FIXTURE
SYN_REG_0897	SYN_SPK_17	SYN_ITEM_11	SHIFT_B	4.163134	-0.89735219	97.190581	33	SYNTHETIC_TEACHING_FIXTURE
SYN_REG_0898	SYN_SPK_17	SYN_ITEM_12	BASE	5.216764	1.19862690	114.055313	34	SYNTHETIC_TEACHING_FIXTURE
SYN_REG_0899	SYN_SPK_17	SYN_ITEM_12	SHIFT_A	4.397603	-0.43092458	112.701428	35	SYNTHETIC_TEACHING_FIXTURE
SYN_REG_0900	SYN_SPK_17	SYN_ITEM_12	SHIFT_B	4.608647	-0.01109617	104.250393	36	SYNTHETIC_TEACHING_FIXTURE
SYN_REG_0901	SYN_SPK_17	SYN_ITEM_13	BASE	4.090699	-1.04144665	104.409535	37	SYNTHETIC_TEACHING_FIXTURE
SYN_REG_0902	SYN_SPK_17	SYN_ITEM_13	SHIFT_A	4.179276	-0.86524102	114.450117	38	SYNTHETIC_TEACHING_FIXTURE
SYN_REG_0903	SYN_SPK_17	SYN_ITEM_13	SHIFT_B	4.335354	-0.55475610	105.391096	39	SYNTHETIC_TEACHING_FIXTURE
SYN_REG_0904	SYN_SPK_17	SYN_ITEM_14	BASE	4.744211	0.25858039	104.328283	40	SYNTHETIC_TEACHING_FIXTURE
SYN_REG_0905	SYN_SPK_17	SYN_ITEM_14	SHIFT_A	3.987055	-1.24762497	111.511821	41	SYNTHETIC_TEACHING_FIXTURE
SYN_REG_0906	SYN_SPK_17	SYN_ITEM_14	SHIFT_B	4.293051	-0.63890918	103.983722	42	SYNTHETIC_TEACHING_FIXTURE
SYN_REG_0907	SYN_SPK_17	SYN_ITEM_15	BASE	4.619163	0.00982324	101.328230	43	SYNTHETIC_TEACHING_FIXTURE
SYN_REG_0908	SYN_SPK_17	SYN_ITEM_15	SHIFT_A	5.030920	0.82892868	103.941595	44	SYNTHETIC_TEACHING_FIXTURE
SYN_REG_0909	SYN_SPK_17	SYN_ITEM_15	SHIFT_B	4.632037	0.03543340	98.095695	45	SYNTHETIC_TEACHING_FIXTURE
SYN_REG_0910	SYN_SPK_17	SYN_ITEM_16	BASE	4.104470	-1.01405210	106.373118	46	SYNTHETIC_TEACHING_FIXTURE
SYN_REG_0911	SYN_SPK_17	SYN_ITEM_16	SHIFT_A	4.133585	-0.95613382	105.293013	47	SYNTHETIC_TEACHING_FIXTURE
SYN_REG_0912	SYN_SPK_17	SYN_ITEM_16	SHIFT_B	4.606962	-0.01444813	104.217949	48	SYNTHETIC_TEACHING_FIXTURE
SYN_REG_0913	SYN_SPK_17	SYN_ITEM_17	BASE	4.381611	-0.46273736	106.987791	49	SYNTHETIC_TEACHING_FIXTURE
SYN_REG_0914	SYN_SPK_17	SYN_ITEM_17	SHIFT_A	3.995154	-1.23151368	110.180964	50	SYNTHETIC_TEACHING_FIXTURE
SYN_REG_0915	SYN_SPK_17	SYN_ITEM_17	SHIFT_B	4.123692	-0.97581390	107.689602	51	SYNTHETIC_TEACHING_FIXTURE
SYN_REG_0916	SYN_SPK_17	SYN_ITEM_18	BASE	3.915497	-1.38997482	102.864779	52	SYNTHETIC_TEACHING_FIXTURE
SYN_REG_0917	SYN_SPK_17	SYN_ITEM_18	SHIFT_A	4.855603	0.48017175	108.237481	53	SYNTHETIC_TEACHING_FIXTURE
SYN_REG_0918	SYN_SPK_17	SYN_ITEM_18	SHIFT_B	3.884968	-1.45070595	103.719252	54	SYNTHETIC_TEACHING_FIXTURE
SYN_REG_0919	SYN_SPK_18	SYN_ITEM_01	BASE	4.081285	-1.06017386	103.462996	1	SYNTHETIC_TEACHING_FIXTURE
SYN_REG_0920	SYN_SPK_18	SYN_ITEM_01	SHIFT_A	4.757473	0.28496240	105.215106	2	SYNTHETIC_TEACHING_FIXTURE
SYN_REG_0921	SYN_SPK_18	SYN_ITEM_01	SHIFT_B	3.735805	-1.74743491	96.278024	3	SYNTHETIC_TEACHING_FIXTURE
SYN_REG_0922	SYN_SPK_18	SYN_ITEM_02	BASE	3.926716	-1.36765694	103.267459	4	SYNTHETIC_TEACHING_FIXTURE
SYN_REG_0923	SYN_SPK_18	SYN_ITEM_02	SHIFT_A	3.605568	-2.00651450	108.206444	5	SYNTHETIC_TEACHING_FIXTURE
SYN_REG_0924	SYN_SPK_18	SYN_ITEM_02	SHIFT_B	3.769542	-1.68032212	98.172926	6	SYNTHETIC_TEACHING_FIXTURE
SYN_REG_0925	SYN_SPK_18	SYN_ITEM_03	BASE	3.770125	-1.67916236	106.604992	7	SYNTHETIC_TEACHING_FIXTURE
SYN_REG_0926	SYN_SPK_18	SYN_ITEM_03	SHIFT_A	3.276484	-2.66115910	111.014614	8	SYNTHETIC_TEACHING_FIXTURE
SYN_REG_0927	SYN_SPK_18	SYN_ITEM_03	SHIFT_B	4.100518	-1.02191378	102.743884	9	SYNTHETIC_TEACHING_FIXTURE
SYN_REG_0928	SYN_SPK_18	SYN_ITEM_04	BASE	3.559502	-2.09815329	101.412638	10	SYNTHETIC_TEACHING_FIXTURE
SYN_REG_0929	SYN_SPK_18	SYN_ITEM_04	SHIFT_A	4.752525	0.27511937	110.869663	11	SYNTHETIC_TEACHING_FIXTURE
SYN_REG_0930	SYN_SPK_18	SYN_ITEM_04	SHIFT_B	3.937150	-1.34690065	95.279091	12	SYNTHETIC_TEACHING_FIXTURE
SYN_REG_0931	SYN_SPK_18	SYN_ITEM_05	BASE	4.375783	-0.47433096	101.419559	13	SYNTHETIC_TEACHING_FIXTURE
SYN_REG_0932	SYN_SPK_18	SYN_ITEM_05	SHIFT_A	4.025989	-1.17017382	104.631977	14	SYNTHETIC_TEACHING_FIXTURE
SYN_REG_0933	SYN_SPK_18	SYN_ITEM_05	SHIFT_B	4.241465	-0.74152886	96.207099	15	SYNTHETIC_TEACHING_FIXTURE
SYN_REG_0934	SYN_SPK_18	SYN_ITEM_06	BASE	4.070069	-1.08248578	100.791898	16	SYNTHETIC_TEACHING_FIXTURE
SYN_REG_0935	SYN_SPK_18	SYN_ITEM_06	SHIFT_A	4.376262	-0.47337809	107.724417	17	SYNTHETIC_TEACHING_FIXTURE
SYN_REG_0936	SYN_SPK_18	SYN_ITEM_06	SHIFT_B	4.722389	0.21517003	102.927820	18	SYNTHETIC_TEACHING_FIXTURE
SYN_REG_0937	SYN_SPK_18	SYN_ITEM_07	BASE	4.010238	-1.20150718	103.038627	19	SYNTHETIC_TEACHING_FIXTURE
SYN_REG_0938	SYN_SPK_18	SYN_ITEM_07	SHIFT_A	4.245430	-0.73364131	107.674520	20	SYNTHETIC_TEACHING_FIXTURE
SYN_REG_0939	SYN_SPK_18	SYN_ITEM_07	SHIFT_B	4.010717	-1.20055431	98.047761	21	SYNTHETIC_TEACHING_FIXTURE
SYN_REG_0940	SYN_SPK_18	SYN_ITEM_08	BASE	4.022564	-1.17698715	101.576305	22	SYNTHETIC_TEACHING_FIXTURE
SYN_REG_0941	SYN_SPK_18	SYN_ITEM_08	SHIFT_A	4.198229	-0.82753795	108.831403	23	SYNTHETIC_TEACHING_FIXTURE
SYN_REG_0942	SYN_SPK_18	SYN_ITEM_08	SHIFT_B	4.073317	-1.07602455	98.119077	24	SYNTHETIC_TEACHING_FIXTURE
SYN_REG_0943	SYN_SPK_18	SYN_ITEM_09	BASE	3.650059	-1.91800885	108.149698	25	SYNTHETIC_TEACHING_FIXTURE
SYN_REG_0944	SYN_SPK_18	SYN_ITEM_09	SHIFT_A	3.971023	-1.27951732	112.555092	26	SYNTHETIC_TEACHING_FIXTURE
SYN_REG_0945	SYN_SPK_18	SYN_ITEM_09	SHIFT_B	4.118888	-0.98537047	99.916857	27	SYNTHETIC_TEACHING_FIXTURE
SYN_REG_0946	SYN_SPK_18	SYN_ITEM_10	BASE	3.951747	-1.31786294	104.483360	28	SYNTHETIC_TEACHING_FIXTURE
SYN_REG_0947	SYN_SPK_18	SYN_ITEM_10	SHIFT_A	3.880138	-1.46031424	107.168331	29	SYNTHETIC_TEACHING_FIXTURE
SYN_REG_0948	SYN_SPK_18	SYN_ITEM_10	SHIFT_B	4.142807	-0.93778856	104.492920	30	SYNTHETIC_TEACHING_FIXTURE
SYN_REG_0949	SYN_SPK_18	SYN_ITEM_11	BASE	3.547913	-2.12120721	105.750674	31	SYNTHETIC_TEACHING_FIXTURE
SYN_REG_0950	SYN_SPK_18	SYN_ITEM_11	SHIFT_A	4.100671	-1.02160942	107.858384	32	SYNTHETIC_TEACHING_FIXTURE
SYN_REG_0951	SYN_SPK_18	SYN_ITEM_11	SHIFT_B	3.861284	-1.49782038	98.607909	33	SYNTHETIC_TEACHING_FIXTURE
SYN_REG_0952	SYN_SPK_18	SYN_ITEM_12	BASE	3.914777	-1.39140711	104.708404	34	SYNTHETIC_TEACHING_FIXTURE
SYN_REG_0953	SYN_SPK_18	SYN_ITEM_12	SHIFT_A	3.940789	-1.33966161	112.086948	35	SYNTHETIC_TEACHING_FIXTURE
SYN_REG_0954	SYN_SPK_18	SYN_ITEM_12	SHIFT_B	3.842070	-1.53604266	102.024309	36	SYNTHETIC_TEACHING_FIXTURE
SYN_REG_0955	SYN_SPK_18	SYN_ITEM_13	BASE	4.272277	-0.68023476	104.213569	37	SYNTHETIC_TEACHING_FIXTURE
SYN_REG_0956	SYN_SPK_18	SYN_ITEM_13	SHIFT_A	3.949715	-1.32190518	109.052473	38	SYNTHETIC_TEACHING_FIXTURE
SYN_REG_0957	SYN_SPK_18	SYN_ITEM_13	SHIFT_B	3.245130	-2.72353140	99.526195	39	SYNTHETIC_TEACHING_FIXTURE
SYN_REG_0958	SYN_SPK_18	SYN_ITEM_14	BASE	2.883573	-3.44277432	101.618263	40	SYNTHETIC_TEACHING_FIXTURE
SYN_REG_0959	SYN_SPK_18	SYN_ITEM_14	SHIFT_A	4.081213	-1.06031709	104.116460	41	SYNTHETIC_TEACHING_FIXTURE
SYN_REG_0960	SYN_SPK_18	SYN_ITEM_14	SHIFT_B	4.348165	-0.52927127	98.646490	42	SYNTHETIC_TEACHING_FIXTURE
SYN_REG_0961	SYN_SPK_18	SYN_ITEM_15	BASE	3.601881	-2.01384903	103.996463	43	SYNTHETIC_TEACHING_FIXTURE
SYN_REG_0962	SYN_SPK_18	SYN_ITEM_15	SHIFT_A	4.173333	-0.87706339	107.375890	44	SYNTHETIC_TEACHING_FIXTURE
SYN_REG_0963	SYN_SPK_18	SYN_ITEM_15	SHIFT_B	4.158393	-0.90678343	97.598845	45	SYNTHETIC_TEACHING_FIXTURE
SYN_REG_0964	SYN_SPK_18	SYN_ITEM_16	BASE	3.610964	-1.99578027	105.136624	46	SYNTHETIC_TEACHING_FIXTURE
SYN_REG_0965	SYN_SPK_18	SYN_ITEM_16	SHIFT_A	4.069229	-1.08415678	111.735126	47	SYNTHETIC_TEACHING_FIXTURE
SYN_REG_0966	SYN_SPK_18	SYN_ITEM_16	SHIFT_B	4.085952	-1.05088983	104.547899	48	SYNTHETIC_TEACHING_FIXTURE
SYN_REG_0967	SYN_SPK_18	SYN_ITEM_17	BASE	3.901975	-1.41687404	106.448142	49	SYNTHETIC_TEACHING_FIXTURE
SYN_REG_0968	SYN_SPK_18	SYN_ITEM_17	SHIFT_A	3.929986	-1.36115195	108.809534	50	SYNTHETIC_TEACHING_FIXTURE
SYN_REG_0969	SYN_SPK_18	SYN_ITEM_17	SHIFT_B	4.058965	-1.10457489	99.972839	51	SYNTHETIC_TEACHING_FIXTURE
SYN_REG_0970	SYN_SPK_18	SYN_ITEM_18	BASE	3.649303	-1.91951276	100.749074	52	SYNTHETIC_TEACHING_FIXTURE
SYN_REG_0971	SYN_SPK_18	SYN_ITEM_18	SHIFT_A	4.214972	-0.79423121	108.994405	53	SYNTHETIC_TEACHING_FIXTURE
SYN_REG_0972	SYN_SPK_18	SYN_ITEM_18	SHIFT_B	3.624231	-1.96938832	98.076689	54	SYNTHETIC_TEACHING_FIXTURE
SYN_REG_0973	SYN_SPK_19	SYN_ITEM_01	BASE	4.671719	0.11437254	102.116970	1	SYNTHETIC_TEACHING_FIXTURE
SYN_REG_0974	SYN_SPK_19	SYN_ITEM_01	SHIFT_A	4.533813	-0.15996294	102.309181	2	SYNTHETIC_TEACHING_FIXTURE
SYN_REG_0975	SYN_SPK_19	SYN_ITEM_01	SHIFT_B	3.722047	-1.77480361	93.370329	3	SYNTHETIC_TEACHING_FIXTURE
SYN_REG_0976	SYN_SPK_19	SYN_ITEM_02	BASE	4.173782	-0.87617020	100.311713	4	SYNTHETIC_TEACHING_FIXTURE
SYN_REG_0977	SYN_SPK_19	SYN_ITEM_02	SHIFT_A	4.447701	-0.33126497	100.562672	5	SYNTHETIC_TEACHING_FIXTURE
SYN_REG_0978	SYN_SPK_19	SYN_ITEM_02	SHIFT_B	4.524390	-0.17870805	99.582115	6	SYNTHETIC_TEACHING_FIXTURE
SYN_REG_0979	SYN_SPK_19	SYN_ITEM_03	BASE	4.180627	-0.86255349	104.741769	7	SYNTHETIC_TEACHING_FIXTURE
SYN_REG_0980	SYN_SPK_19	SYN_ITEM_03	SHIFT_A	4.321405	-0.58250475	104.179842	8	SYNTHETIC_TEACHING_FIXTURE
SYN_REG_0981	SYN_SPK_19	SYN_ITEM_03	SHIFT_B	4.887073	0.54277481	106.951405	9	SYNTHETIC_TEACHING_FIXTURE
SYN_REG_0982	SYN_SPK_19	SYN_ITEM_04	BASE	4.415552	-0.39521876	101.395525	10	SYNTHETIC_TEACHING_FIXTURE
SYN_REG_0983	SYN_SPK_19	SYN_ITEM_04	SHIFT_A	4.856527	0.48200985	109.566057	11	SYNTHETIC_TEACHING_FIXTURE
SYN_REG_0984	SYN_SPK_19	SYN_ITEM_04	SHIFT_B	4.536620	-0.15437900	101.412050	12	SYNTHETIC_TEACHING_FIXTURE
SYN_REG_0985	SYN_SPK_19	SYN_ITEM_05	BASE	4.038193	-1.14589649	99.854537	13	SYNTHETIC_TEACHING_FIXTURE
SYN_REG_0986	SYN_SPK_19	SYN_ITEM_05	SHIFT_A	4.663184	0.09739392	100.956977	14	SYNTHETIC_TEACHING_FIXTURE
SYN_REG_0987	SYN_SPK_19	SYN_ITEM_05	SHIFT_B	4.211817	-0.80050743	98.693137	15	SYNTHETIC_TEACHING_FIXTURE
SYN_REG_0988	SYN_SPK_19	SYN_ITEM_06	BASE	4.897227	0.56297409	106.494945	16	SYNTHETIC_TEACHING_FIXTURE
SYN_REG_0989	SYN_SPK_19	SYN_ITEM_06	SHIFT_A	3.762724	-1.69388512	103.823367	17	SYNTHETIC_TEACHING_FIXTURE
SYN_REG_0990	SYN_SPK_19	SYN_ITEM_06	SHIFT_B	4.507561	-0.21218587	99.158726	18	SYNTHETIC_TEACHING_FIXTURE
SYN_REG_0991	SYN_SPK_19	SYN_ITEM_07	BASE	4.092119	-1.03862186	104.059571	19	SYNTHETIC_TEACHING_FIXTURE
SYN_REG_0992	SYN_SPK_19	SYN_ITEM_07	SHIFT_A	4.401086	-0.42399588	100.969244	20	SYNTHETIC_TEACHING_FIXTURE
SYN_REG_0993	SYN_SPK_19	SYN_ITEM_07	SHIFT_B	4.566783	-0.09437594	103.067924	21	SYNTHETIC_TEACHING_FIXTURE
SYN_REG_0994	SYN_SPK_19	SYN_ITEM_08	BASE	4.297592	-0.62987580	99.670410	22	SYNTHETIC_TEACHING_FIXTURE
SYN_REG_0995	SYN_SPK_19	SYN_ITEM_08	SHIFT_A	4.879014	0.52674309	107.969404	23	SYNTHETIC_TEACHING_FIXTURE
SYN_REG_0996	SYN_SPK_19	SYN_ITEM_08	SHIFT_B	4.082022	-1.05870775	98.954473	24	SYNTHETIC_TEACHING_FIXTURE
SYN_REG_0997	SYN_SPK_19	SYN_ITEM_09	BASE	4.846859	0.46277737	103.826515	25	SYNTHETIC_TEACHING_FIXTURE
SYN_REG_0998	SYN_SPK_19	SYN_ITEM_09	SHIFT_A	5.326036	1.41600096	105.578538	26	SYNTHETIC_TEACHING_FIXTURE
SYN_REG_0999	SYN_SPK_19	SYN_ITEM_09	SHIFT_B	4.371813	-0.48222846	96.056072	27	SYNTHETIC_TEACHING_FIXTURE
SYN_REG_1000	SYN_SPK_19	SYN_ITEM_10	BASE	3.976500	-1.26862196	100.045313	28	SYNTHETIC_TEACHING_FIXTURE
SYN_REG_1001	SYN_SPK_19	SYN_ITEM_10	SHIFT_A	3.913236	-1.39447261	104.042501	29	SYNTHETIC_TEACHING_FIXTURE
SYN_REG_1002	SYN_SPK_19	SYN_ITEM_10	SHIFT_B	4.160487	-0.90261785	105.172390	30	SYNTHETIC_TEACHING_FIXTURE
SYN_REG_1003	SYN_SPK_19	SYN_ITEM_11	BASE	4.029200	-1.16378620	102.459687	31	SYNTHETIC_TEACHING_FIXTURE
SYN_REG_1004	SYN_SPK_19	SYN_ITEM_11	SHIFT_A	4.379751	-0.46643745	107.629060	32	SYNTHETIC_TEACHING_FIXTURE
SYN_REG_1005	SYN_SPK_19	SYN_ITEM_11	SHIFT_B	4.189410	-0.84508152	101.544407	33	SYNTHETIC_TEACHING_FIXTURE
SYN_REG_1006	SYN_SPK_19	SYN_ITEM_12	BASE	3.922387	-1.37626859	103.009218	34	SYNTHETIC_TEACHING_FIXTURE
SYN_REG_1007	SYN_SPK_19	SYN_ITEM_12	SHIFT_A	4.277923	-0.66900321	106.734992	35	SYNTHETIC_TEACHING_FIXTURE
SYN_REG_1008	SYN_SPK_19	SYN_ITEM_12	SHIFT_B	4.129342	-0.96457439	103.645326	36	SYNTHETIC_TEACHING_FIXTURE
SYN_REG_1009	SYN_SPK_19	SYN_ITEM_13	BASE	4.006359	-1.20922365	103.763756	37	SYNTHETIC_TEACHING_FIXTURE
SYN_REG_1010	SYN_SPK_19	SYN_ITEM_13	SHIFT_A	4.470787	-0.28534014	104.328273	38	SYNTHETIC_TEACHING_FIXTURE
SYN_REG_1011	SYN_SPK_19	SYN_ITEM_13	SHIFT_B	4.514408	-0.19856518	98.585574	39	SYNTHETIC_TEACHING_FIXTURE
SYN_REG_1012	SYN_SPK_19	SYN_ITEM_14	BASE	4.323917	-0.57750765	103.260645	40	SYNTHETIC_TEACHING_FIXTURE
SYN_REG_1013	SYN_SPK_19	SYN_ITEM_14	SHIFT_A	4.010562	-1.20086265	106.181363	41	SYNTHETIC_TEACHING_FIXTURE
SYN_REG_1014	SYN_SPK_19	SYN_ITEM_14	SHIFT_B	5.045846	0.85862087	97.765118	42	SYNTHETIC_TEACHING_FIXTURE
SYN_REG_1015	SYN_SPK_19	SYN_ITEM_15	BASE	4.686025	0.14283137	100.307901	43	SYNTHETIC_TEACHING_FIXTURE
SYN_REG_1016	SYN_SPK_19	SYN_ITEM_15	SHIFT_A	4.329092	-0.56721306	105.493303	44	SYNTHETIC_TEACHING_FIXTURE
SYN_REG_1017	SYN_SPK_19	SYN_ITEM_15	SHIFT_B	4.318354	-0.58857409	95.667009	45	SYNTHETIC_TEACHING_FIXTURE
SYN_REG_1018	SYN_SPK_19	SYN_ITEM_16	BASE	4.375560	-0.47477458	103.320895	46	SYNTHETIC_TEACHING_FIXTURE
SYN_REG_1019	SYN_SPK_19	SYN_ITEM_16	SHIFT_A	4.503185	-0.22089102	104.146424	47	SYNTHETIC_TEACHING_FIXTURE
SYN_REG_1020	SYN_SPK_19	SYN_ITEM_16	SHIFT_B	4.366412	-0.49297263	101.441045	48	SYNTHETIC_TEACHING_FIXTURE
SYN_REG_1021	SYN_SPK_19	SYN_ITEM_17	BASE	3.570912	-2.07545545	102.907657	49	SYNTHETIC_TEACHING_FIXTURE
SYN_REG_1022	SYN_SPK_19	SYN_ITEM_17	SHIFT_A	4.230612	-0.76311866	107.499627	50	SYNTHETIC_TEACHING_FIXTURE
SYN_REG_1023	SYN_SPK_19	SYN_ITEM_17	SHIFT_B	4.712555	0.19560732	101.692327	51	SYNTHETIC_TEACHING_FIXTURE
SYN_REG_1024	SYN_SPK_19	SYN_ITEM_18	BASE	4.404543	-0.41711889	107.693940	52	SYNTHETIC_TEACHING_FIXTURE
SYN_REG_1025	SYN_SPK_19	SYN_ITEM_18	SHIFT_A	3.875734	-1.46907509	105.663366	53	SYNTHETIC_TEACHING_FIXTURE
SYN_REG_1026	SYN_SPK_19	SYN_ITEM_18	SHIFT_B	4.685188	0.14116633	95.809282	54	SYNTHETIC_TEACHING_FIXTURE
SYN_REG_1027	SYN_SPK_20	SYN_ITEM_01	BASE	4.920194	0.60866219	104.526386	1	SYNTHETIC_TEACHING_FIXTURE
SYN_REG_1028	SYN_SPK_20	SYN_ITEM_01	SHIFT_A	5.191915	1.14919495	111.851558	2	SYNTHETIC_TEACHING_FIXTURE
SYN_REG_1029	SYN_SPK_20	SYN_ITEM_01	SHIFT_B	5.018572	0.80436489	101.149360	3	SYNTHETIC_TEACHING_FIXTURE
SYN_REG_1030	SYN_SPK_20	SYN_ITEM_02	BASE	4.686167	0.14311385	105.718693	4	SYNTHETIC_TEACHING_FIXTURE
SYN_REG_1031	SYN_SPK_20	SYN_ITEM_02	SHIFT_A	4.717865	0.20617047	114.523978	5	SYNTHETIC_TEACHING_FIXTURE
SYN_REG_1032	SYN_SPK_20	SYN_ITEM_02	SHIFT_B	4.938645	0.64536664	105.477371	6	SYNTHETIC_TEACHING_FIXTURE
SYN_REG_1033	SYN_SPK_20	SYN_ITEM_03	BASE	5.278189	1.32081924	112.224683	7	SYNTHETIC_TEACHING_FIXTURE
SYN_REG_1034	SYN_SPK_20	SYN_ITEM_03	SHIFT_A	5.204340	1.17391192	114.027930	8	SYNTHETIC_TEACHING_FIXTURE
SYN_REG_1035	SYN_SPK_20	SYN_ITEM_03	SHIFT_B	5.140537	1.04698904	107.160769	9	SYNTHETIC_TEACHING_FIXTURE
SYN_REG_1036	SYN_SPK_20	SYN_ITEM_04	BASE	5.168635	1.10288421	104.893196	10	SYNTHETIC_TEACHING_FIXTURE
SYN_REG_1037	SYN_SPK_20	SYN_ITEM_04	SHIFT_A	5.116360	0.99889390	114.394912	11	SYNTHETIC_TEACHING_FIXTURE
SYN_REG_1038	SYN_SPK_20	SYN_ITEM_04	SHIFT_B	5.941427	2.64019415	106.285282	12	SYNTHETIC_TEACHING_FIXTURE
SYN_REG_1039	SYN_SPK_20	SYN_ITEM_05	BASE	4.805380	0.38026347	106.182159	13	SYNTHETIC_TEACHING_FIXTURE
SYN_REG_1040	SYN_SPK_20	SYN_ITEM_05	SHIFT_A	5.472738	1.70783427	110.122697	14	SYNTHETIC_TEACHING_FIXTURE
SYN_REG_1041	SYN_SPK_20	SYN_ITEM_05	SHIFT_B	4.851336	0.47168343	102.263926	15	SYNTHETIC_TEACHING_FIXTURE
SYN_REG_1042	SYN_SPK_20	SYN_ITEM_06	BASE	4.914479	0.59729338	103.822310	16	SYNTHETIC_TEACHING_FIXTURE
SYN_REG_1043	SYN_SPK_20	SYN_ITEM_06	SHIFT_A	4.832481	0.43417531	111.576616	17	SYNTHETIC_TEACHING_FIXTURE
SYN_REG_1044	SYN_SPK_20	SYN_ITEM_06	SHIFT_B	4.897377	0.56327248	102.314177	18	SYNTHETIC_TEACHING_FIXTURE
SYN_REG_1045	SYN_SPK_20	SYN_ITEM_07	BASE	5.060518	0.88780778	102.349947	19	SYNTHETIC_TEACHING_FIXTURE
SYN_REG_1046	SYN_SPK_20	SYN_ITEM_07	SHIFT_A	4.633193	0.03773302	112.100796	20	SYNTHETIC_TEACHING_FIXTURE
SYN_REG_1047	SYN_SPK_20	SYN_ITEM_07	SHIFT_B	4.598725	-0.03083394	104.617646	21	SYNTHETIC_TEACHING_FIXTURE
SYN_REG_1048	SYN_SPK_20	SYN_ITEM_08	BASE	5.133280	1.03255274	107.031804	22	SYNTHETIC_TEACHING_FIXTURE
SYN_REG_1049	SYN_SPK_20	SYN_ITEM_08	SHIFT_A	4.715893	0.20224758	110.003187	23	SYNTHETIC_TEACHING_FIXTURE
SYN_REG_1050	SYN_SPK_20	SYN_ITEM_08	SHIFT_B	5.069287	0.90525190	105.392614	24	SYNTHETIC_TEACHING_FIXTURE
SYN_REG_1051	SYN_SPK_20	SYN_ITEM_09	BASE	4.181226	-0.86136190	105.643771	25	SYNTHETIC_TEACHING_FIXTURE
SYN_REG_1052	SYN_SPK_20	SYN_ITEM_09	SHIFT_A	4.803206	0.37593875	113.466275	26	SYNTHETIC_TEACHING_FIXTURE
SYN_REG_1053	SYN_SPK_20	SYN_ITEM_09	SHIFT_B	4.847506	0.46406444	102.576182	27	SYNTHETIC_TEACHING_FIXTURE
SYN_REG_1054	SYN_SPK_20	SYN_ITEM_10	BASE	4.627959	0.02732106	111.641358	28	SYNTHETIC_TEACHING_FIXTURE
SYN_REG_1055	SYN_SPK_20	SYN_ITEM_10	SHIFT_A	5.120115	1.00636370	111.736271	29	SYNTHETIC_TEACHING_FIXTURE
SYN_REG_1056	SYN_SPK_20	SYN_ITEM_10	SHIFT_B	4.628965	0.02932229	101.724074	30	SYNTHETIC_TEACHING_FIXTURE
SYN_REG_1057	SYN_SPK_20	SYN_ITEM_11	BASE	5.183382	1.13222031	108.223739	31	SYNTHETIC_TEACHING_FIXTURE
SYN_REG_1058	SYN_SPK_20	SYN_ITEM_11	SHIFT_A	4.961228	0.69029085	111.576601	32	SYNTHETIC_TEACHING_FIXTURE
SYN_REG_1059	SYN_SPK_20	SYN_ITEM_11	SHIFT_B	4.661165	0.09337754	101.821285	33	SYNTHETIC_TEACHING_FIXTURE
SYN_REG_1060	SYN_SPK_20	SYN_ITEM_12	BASE	5.334833	1.43350077	108.068106	34	SYNTHETIC_TEACHING_FIXTURE
SYN_REG_1061	SYN_SPK_20	SYN_ITEM_12	SHIFT_A	5.659085	2.07853310	115.194633	35	SYNTHETIC_TEACHING_FIXTURE
SYN_REG_1062	SYN_SPK_20	SYN_ITEM_12	SHIFT_B	5.018202	0.80362885	104.729464	36	SYNTHETIC_TEACHING_FIXTURE
SYN_REG_1063	SYN_SPK_20	SYN_ITEM_13	BASE	5.072798	0.91223630	108.845402	37	SYNTHETIC_TEACHING_FIXTURE
SYN_REG_1064	SYN_SPK_20	SYN_ITEM_13	SHIFT_A	4.667516	0.10601154	111.841529	38	SYNTHETIC_TEACHING_FIXTURE
SYN_REG_1065	SYN_SPK_20	SYN_ITEM_13	SHIFT_B	4.919993	0.60826234	101.117782	39	SYNTHETIC_TEACHING_FIXTURE
SYN_REG_1066	SYN_SPK_20	SYN_ITEM_14	BASE	4.735964	0.24217469	102.856177	40	SYNTHETIC_TEACHING_FIXTURE
SYN_REG_1067	SYN_SPK_20	SYN_ITEM_14	SHIFT_A	4.718869	0.20816772	112.469636	41	SYNTHETIC_TEACHING_FIXTURE
SYN_REG_1068	SYN_SPK_20	SYN_ITEM_14	SHIFT_B	4.925309	0.61883743	98.729768	42	SYNTHETIC_TEACHING_FIXTURE
SYN_REG_1069	SYN_SPK_20	SYN_ITEM_15	BASE	4.192165	-0.83960102	99.995648	43	SYNTHETIC_TEACHING_FIXTURE
SYN_REG_1070	SYN_SPK_20	SYN_ITEM_15	SHIFT_A	5.238525	1.24191592	109.046477	44	SYNTHETIC_TEACHING_FIXTURE
SYN_REG_1071	SYN_SPK_20	SYN_ITEM_15	SHIFT_B	4.956972	0.68182442	100.012426	45	SYNTHETIC_TEACHING_FIXTURE
SYN_REG_1072	SYN_SPK_20	SYN_ITEM_16	BASE	4.563274	-0.10135637	107.379053	46	SYNTHETIC_TEACHING_FIXTURE
SYN_REG_1073	SYN_SPK_20	SYN_ITEM_16	SHIFT_A	4.883745	0.53615444	113.239355	47	SYNTHETIC_TEACHING_FIXTURE
SYN_REG_1074	SYN_SPK_20	SYN_ITEM_16	SHIFT_B	5.351634	1.46692289	107.441701	48	SYNTHETIC_TEACHING_FIXTURE
SYN_REG_1075	SYN_SPK_20	SYN_ITEM_17	BASE	5.321752	1.40747883	109.773374	49	SYNTHETIC_TEACHING_FIXTURE
SYN_REG_1076	SYN_SPK_20	SYN_ITEM_17	SHIFT_A	4.734737	0.23973382	118.090161	50	SYNTHETIC_TEACHING_FIXTURE
SYN_REG_1077	SYN_SPK_20	SYN_ITEM_17	SHIFT_B	5.314167	1.39239004	103.819378	51	SYNTHETIC_TEACHING_FIXTURE
SYN_REG_1078	SYN_SPK_20	SYN_ITEM_18	BASE	4.482218	-0.26260053	100.325645	52	SYNTHETIC_TEACHING_FIXTURE
SYN_REG_1079	SYN_SPK_20	SYN_ITEM_18	SHIFT_A	4.740381	0.25096139	110.194710	53	SYNTHETIC_TEACHING_FIXTURE
SYN_REG_1080	SYN_SPK_20	SYN_ITEM_18	SHIFT_B	4.945274	0.65855367	105.958979	54	SYNTHETIC_TEACHING_FIXTURE
SYN_REG_1081	SYN_SPK_21	SYN_ITEM_01	BASE	4.192121	-0.83968855	101.181161	1	SYNTHETIC_TEACHING_FIXTURE
SYN_REG_1082	SYN_SPK_21	SYN_ITEM_01	SHIFT_A	3.751483	-1.71624677	105.442719	2	SYNTHETIC_TEACHING_FIXTURE
SYN_REG_1083	SYN_SPK_21	SYN_ITEM_01	SHIFT_B	4.025796	-1.17055776	101.867131	3	SYNTHETIC_TEACHING_FIXTURE
SYN_REG_1084	SYN_SPK_21	SYN_ITEM_02	BASE	3.996113	-1.22960595	107.046378	4	SYNTHETIC_TEACHING_FIXTURE
SYN_REG_1085	SYN_SPK_21	SYN_ITEM_02	SHIFT_A	3.845196	-1.52982413	112.222975	5	SYNTHETIC_TEACHING_FIXTURE
SYN_REG_1086	SYN_SPK_21	SYN_ITEM_02	SHIFT_B	3.786279	-1.64702732	107.048164	6	SYNTHETIC_TEACHING_FIXTURE
SYN_REG_1087	SYN_SPK_21	SYN_ITEM_03	BASE	4.198132	-0.82773091	108.115362	7	SYNTHETIC_TEACHING_FIXTURE
SYN_REG_1088	SYN_SPK_21	SYN_ITEM_03	SHIFT_A	4.390787	-0.44448361	110.456660	8	SYNTHETIC_TEACHING_FIXTURE
SYN_REG_1089	SYN_SPK_21	SYN_ITEM_03	SHIFT_B	4.171399	-0.88091069	106.322364	9	SYNTHETIC_TEACHING_FIXTURE
SYN_REG_1090	SYN_SPK_21	SYN_ITEM_04	BASE	4.265072	-0.69456761	104.252251	10	SYNTHETIC_TEACHING_FIXTURE
SYN_REG_1091	SYN_SPK_21	SYN_ITEM_04	SHIFT_A	4.726128	0.22260800	106.163520	11	SYNTHETIC_TEACHING_FIXTURE
SYN_REG_1092	SYN_SPK_21	SYN_ITEM_04	SHIFT_B	4.194244	-0.83546528	103.608212	12	SYNTHETIC_TEACHING_FIXTURE
SYN_REG_1093	SYN_SPK_21	SYN_ITEM_05	BASE	4.566036	-0.09586195	102.538268	13	SYNTHETIC_TEACHING_FIXTURE
SYN_REG_1094	SYN_SPK_21	SYN_ITEM_05	SHIFT_A	4.003456	-1.21499857	110.295089	14	SYNTHETIC_TEACHING_FIXTURE
SYN_REG_1095	SYN_SPK_21	SYN_ITEM_05	SHIFT_B	4.299443	-0.62619361	100.429723	15	SYNTHETIC_TEACHING_FIXTURE
SYN_REG_1096	SYN_SPK_21	SYN_ITEM_06	BASE	4.064673	-1.09322000	109.782661	16	SYNTHETIC_TEACHING_FIXTURE
SYN_REG_1097	SYN_SPK_21	SYN_ITEM_06	SHIFT_A	4.325636	-0.57408805	112.859594	17	SYNTHETIC_TEACHING_FIXTURE
SYN_REG_1098	SYN_SPK_21	SYN_ITEM_06	SHIFT_B	4.662197	0.09543049	104.166665	18	SYNTHETIC_TEACHING_FIXTURE
SYN_REG_1099	SYN_SPK_21	SYN_ITEM_07	BASE	4.512577	-0.20220758	109.583647	19	SYNTHETIC_TEACHING_FIXTURE
SYN_REG_1100	SYN_SPK_21	SYN_ITEM_07	SHIFT_A	3.818182	-1.58356290	111.756236	20	SYNTHETIC_TEACHING_FIXTURE
SYN_REG_1101	SYN_SPK_21	SYN_ITEM_07	SHIFT_B	4.030684	-1.16083409	104.252580	21	SYNTHETIC_TEACHING_FIXTURE
SYN_REG_1102	SYN_SPK_21	SYN_ITEM_08	BASE	4.730022	0.23035431	105.334679	22	SYNTHETIC_TEACHING_FIXTURE
SYN_REG_1103	SYN_SPK_21	SYN_ITEM_08	SHIFT_A	3.980458	-1.26074834	108.049655	23	SYNTHETIC_TEACHING_FIXTURE
SYN_REG_1104	SYN_SPK_21	SYN_ITEM_08	SHIFT_B	4.208507	-0.80709199	101.556972	24	SYNTHETIC_TEACHING_FIXTURE
SYN_REG_1105	SYN_SPK_21	SYN_ITEM_09	BASE	3.974190	-1.27321723	107.132873	25	SYNTHETIC_TEACHING_FIXTURE
SYN_REG_1106	SYN_SPK_21	SYN_ITEM_09	SHIFT_A	4.197208	-0.82956901	116.315615	26	SYNTHETIC_TEACHING_FIXTURE
SYN_REG_1107	SYN_SPK_21	SYN_ITEM_09	SHIFT_B	4.518972	-0.18948605	102.404126	27	SYNTHETIC_TEACHING_FIXTURE
SYN_REG_1108	SYN_SPK_21	SYN_ITEM_10	BASE	4.164119	-0.89539274	109.158231	28	SYNTHETIC_TEACHING_FIXTURE
SYN_REG_1109	SYN_SPK_21	SYN_ITEM_10	SHIFT_A	3.894030	-1.43267898	111.369090	29	SYNTHETIC_TEACHING_FIXTURE
SYN_REG_1110	SYN_SPK_21	SYN_ITEM_10	SHIFT_B	3.630086	-1.95774101	104.397932	30	SYNTHETIC_TEACHING_FIXTURE
SYN_REG_1111	SYN_SPK_21	SYN_ITEM_11	BASE	4.330468	-0.56447579	104.240579	31	SYNTHETIC_TEACHING_FIXTURE
SYN_REG_1112	SYN_SPK_21	SYN_ITEM_11	SHIFT_A	4.339453	-0.54660199	111.178462	32	SYNTHETIC_TEACHING_FIXTURE
SYN_REG_1113	SYN_SPK_21	SYN_ITEM_11	SHIFT_B	4.413424	-0.39945197	102.884287	33	SYNTHETIC_TEACHING_FIXTURE
SYN_REG_1114	SYN_SPK_21	SYN_ITEM_12	BASE	4.661923	0.09488542	103.707546	34	SYNTHETIC_TEACHING_FIXTURE
SYN_REG_1115	SYN_SPK_21	SYN_ITEM_12	SHIFT_A	4.305422	-0.61429963	116.282798	35	SYNTHETIC_TEACHING_FIXTURE
SYN_REG_1116	SYN_SPK_21	SYN_ITEM_12	SHIFT_B	4.943727	0.65547623	108.206693	36	SYNTHETIC_TEACHING_FIXTURE
SYN_REG_1117	SYN_SPK_21	SYN_ITEM_13	BASE	3.884050	-1.45253213	104.454423	37	SYNTHETIC_TEACHING_FIXTURE
SYN_REG_1118	SYN_SPK_21	SYN_ITEM_13	SHIFT_A	4.619272	0.01004007	112.230929	38	SYNTHETIC_TEACHING_FIXTURE
SYN_REG_1119	SYN_SPK_21	SYN_ITEM_13	SHIFT_B	4.444472	-0.33768840	105.379049	39	SYNTHETIC_TEACHING_FIXTURE
SYN_REG_1120	SYN_SPK_21	SYN_ITEM_14	BASE	3.882421	-1.45577268	101.493226	40	SYNTHETIC_TEACHING_FIXTURE
SYN_REG_1121	SYN_SPK_21	SYN_ITEM_14	SHIFT_A	4.354395	-0.51687797	111.140118	41	SYNTHETIC_TEACHING_FIXTURE
SYN_REG_1122	SYN_SPK_21	SYN_ITEM_14	SHIFT_B	4.309610	-0.60596847	97.242295	42	SYNTHETIC_TEACHING_FIXTURE
SYN_REG_1123	SYN_SPK_21	SYN_ITEM_15	BASE	4.705082	0.18074133	101.896953	43	SYNTHETIC_TEACHING_FIXTURE
SYN_REG_1124	SYN_SPK_21	SYN_ITEM_15	SHIFT_A	4.139765	-0.94383999	107.673546	44	SYNTHETIC_TEACHING_FIXTURE
SYN_REG_1125	SYN_SPK_21	SYN_ITEM_15	SHIFT_B	4.412198	-0.40189085	103.962016	45	SYNTHETIC_TEACHING_FIXTURE
SYN_REG_1126	SYN_SPK_21	SYN_ITEM_16	BASE	4.369170	-0.48748616	103.426138	46	SYNTHETIC_TEACHING_FIXTURE
SYN_REG_1127	SYN_SPK_21	SYN_ITEM_16	SHIFT_A	4.137091	-0.94915936	110.237963	47	SYNTHETIC_TEACHING_FIXTURE
SYN_REG_1128	SYN_SPK_21	SYN_ITEM_16	SHIFT_B	4.389929	-0.44619042	106.899707	48	SYNTHETIC_TEACHING_FIXTURE
SYN_REG_1129	SYN_SPK_21	SYN_ITEM_17	BASE	4.283868	-0.65717686	104.622304	49	SYNTHETIC_TEACHING_FIXTURE
SYN_REG_1130	SYN_SPK_21	SYN_ITEM_17	SHIFT_A	3.886542	-1.44757481	110.289107	50	SYNTHETIC_TEACHING_FIXTURE
SYN_REG_1131	SYN_SPK_21	SYN_ITEM_17	SHIFT_B	5.017921	0.80306986	107.154870	51	SYNTHETIC_TEACHING_FIXTURE
SYN_REG_1132	SYN_SPK_21	SYN_ITEM_18	BASE	3.607238	-2.00319238	107.136972	52	SYNTHETIC_TEACHING_FIXTURE
SYN_REG_1133	SYN_SPK_21	SYN_ITEM_18	SHIFT_A	5.178468	1.12244493	107.065749	53	SYNTHETIC_TEACHING_FIXTURE
SYN_REG_1134	SYN_SPK_21	SYN_ITEM_18	SHIFT_B	3.951130	-1.31909033	96.722123	54	SYNTHETIC_TEACHING_FIXTURE
SYN_REG_1135	SYN_SPK_22	SYN_ITEM_01	BASE	5.075796	0.91820021	98.940987	1	SYNTHETIC_TEACHING_FIXTURE
SYN_REG_1136	SYN_SPK_22	SYN_ITEM_01	SHIFT_A	4.891099	0.55078370	101.114818	2	SYNTHETIC_TEACHING_FIXTURE
SYN_REG_1137	SYN_SPK_22	SYN_ITEM_01	SHIFT_B	5.120375	1.00688091	91.545420	3	SYNTHETIC_TEACHING_FIXTURE
SYN_REG_1138	SYN_SPK_22	SYN_ITEM_02	BASE	4.770301	0.31048105	98.584905	4	SYNTHETIC_TEACHING_FIXTURE
SYN_REG_1139	SYN_SPK_22	SYN_ITEM_02	SHIFT_A	5.130167	1.02636007	105.798502	5	SYNTHETIC_TEACHING_FIXTURE
SYN_REG_1140	SYN_SPK_22	SYN_ITEM_02	SHIFT_B	4.928750	0.62568258	93.176954	6	SYNTHETIC_TEACHING_FIXTURE
SYN_REG_1141	SYN_SPK_22	SYN_ITEM_03	BASE	5.187595	1.14060121	107.391967	7	SYNTHETIC_TEACHING_FIXTURE
SYN_REG_1142	SYN_SPK_22	SYN_ITEM_03	SHIFT_A	4.765312	0.30055647	102.299244	8	SYNTHETIC_TEACHING_FIXTURE
SYN_REG_1143	SYN_SPK_22	SYN_ITEM_03	SHIFT_B	4.855021	0.47901398	94.971460	9	SYNTHETIC_TEACHING_FIXTURE
SYN_REG_1144	SYN_SPK_22	SYN_ITEM_04	BASE	4.436682	-0.35318499	95.898423	10	SYNTHETIC_TEACHING_FIXTURE
SYN_REG_1145	SYN_SPK_22	SYN_ITEM_04	SHIFT_A	4.871942	0.51267481	100.779216	11	SYNTHETIC_TEACHING_FIXTURE
SYN_REG_1146	SYN_SPK_22	SYN_ITEM_04	SHIFT_B	4.955416	0.67872908	95.797810	12	SYNTHETIC_TEACHING_FIXTURE
SYN_REG_1147	SYN_SPK_22	SYN_ITEM_05	BASE	4.207169	-0.80975366	91.602080	13	SYNTHETIC_TEACHING_FIXTURE
SYN_REG_1148	SYN_SPK_22	SYN_ITEM_05	SHIFT_A	5.161051	1.08779741	99.450339	14	SYNTHETIC_TEACHING_FIXTURE
SYN_REG_1149	SYN_SPK_22	SYN_ITEM_05	SHIFT_B	5.583996	1.92915906	97.665894	15	SYNTHETIC_TEACHING_FIXTURE
SYN_REG_1150	SYN_SPK_22	SYN_ITEM_06	BASE	5.172436	1.11044551	100.896848	16	SYNTHETIC_TEACHING_FIXTURE
SYN_REG_1151	SYN_SPK_22	SYN_ITEM_06	SHIFT_A	5.592976	1.94702291	104.292420	17	SYNTHETIC_TEACHING_FIXTURE
SYN_REG_1152	SYN_SPK_22	SYN_ITEM_06	SHIFT_B	4.800991	0.37153246	92.616655	18	SYNTHETIC_TEACHING_FIXTURE
SYN_REG_1153	SYN_SPK_22	SYN_ITEM_07	BASE	4.873585	0.51594322	96.709994	19	SYNTHETIC_TEACHING_FIXTURE
SYN_REG_1154	SYN_SPK_22	SYN_ITEM_07	SHIFT_A	5.079415	0.92539946	102.179702	20	SYNTHETIC_TEACHING_FIXTURE
SYN_REG_1155	SYN_SPK_22	SYN_ITEM_07	SHIFT_B	5.356980	1.47755765	90.951026	21	SYNTHETIC_TEACHING_FIXTURE
SYN_REG_1156	SYN_SPK_22	SYN_ITEM_08	BASE	5.914849	2.58732272	96.896994	22	SYNTHETIC_TEACHING_FIXTURE
SYN_REG_1157	SYN_SPK_22	SYN_ITEM_08	SHIFT_A	4.847685	0.46442052	97.825930	23	SYNTHETIC_TEACHING_FIXTURE
SYN_REG_1158	SYN_SPK_22	SYN_ITEM_08	SHIFT_B	4.882086	0.53285420	92.617103	24	SYNTHETIC_TEACHING_FIXTURE
SYN_REG_1159	SYN_SPK_22	SYN_ITEM_09	BASE	4.667736	0.10644918	100.784111	25	SYNTHETIC_TEACHING_FIXTURE
SYN_REG_1160	SYN_SPK_22	SYN_ITEM_09	SHIFT_A	4.994296	0.75607280	107.783018	26	SYNTHETIC_TEACHING_FIXTURE
SYN_REG_1161	SYN_SPK_22	SYN_ITEM_09	SHIFT_B	4.307999	-0.60917322	89.718308	27	SYNTHETIC_TEACHING_FIXTURE
SYN_REG_1162	SYN_SPK_22	SYN_ITEM_10	BASE	4.940857	0.64976696	98.350523	28	SYNTHETIC_TEACHING_FIXTURE
SYN_REG_1163	SYN_SPK_22	SYN_ITEM_10	SHIFT_A	4.629529	0.03044425	109.139471	29	SYNTHETIC_TEACHING_FIXTURE
SYN_REG_1164	SYN_SPK_22	SYN_ITEM_10	SHIFT_B	5.108731	0.98371758	89.880709	30	SYNTHETIC_TEACHING_FIXTURE
SYN_REG_1165	SYN_SPK_22	SYN_ITEM_11	BASE	5.182969	1.13139874	100.942896	31	SYNTHETIC_TEACHING_FIXTURE
SYN_REG_1166	SYN_SPK_22	SYN_ITEM_11	SHIFT_A	5.017836	0.80290077	107.659692	32	SYNTHETIC_TEACHING_FIXTURE
SYN_REG_1167	SYN_SPK_22	SYN_ITEM_11	SHIFT_B	4.616538	0.00460134	92.698800	33	SYNTHETIC_TEACHING_FIXTURE
SYN_REG_1168	SYN_SPK_22	SYN_ITEM_12	BASE	5.117459	1.00108013	101.148276	34	SYNTHETIC_TEACHING_FIXTURE
SYN_REG_1169	SYN_SPK_22	SYN_ITEM_12	SHIFT_A	4.986757	0.74107552	108.685637	35	SYNTHETIC_TEACHING_FIXTURE
SYN_REG_1170	SYN_SPK_22	SYN_ITEM_12	SHIFT_B	5.110962	0.98815569	95.948362	36	SYNTHETIC_TEACHING_FIXTURE
SYN_REG_1171	SYN_SPK_22	SYN_ITEM_13	BASE	4.923520	0.61527858	100.553983	37	SYNTHETIC_TEACHING_FIXTURE
SYN_REG_1172	SYN_SPK_22	SYN_ITEM_13	SHIFT_A	4.795743	0.36109265	102.046197	38	SYNTHETIC_TEACHING_FIXTURE
SYN_REG_1173	SYN_SPK_22	SYN_ITEM_13	SHIFT_B	4.834267	0.43772818	97.998211	39	SYNTHETIC_TEACHING_FIXTURE
SYN_REG_1174	SYN_SPK_22	SYN_ITEM_14	BASE	4.548155	-0.13143250	99.468581	40	SYNTHETIC_TEACHING_FIXTURE
SYN_REG_1175	SYN_SPK_22	SYN_ITEM_14	SHIFT_A	4.661633	0.09430853	103.843691	41	SYNTHETIC_TEACHING_FIXTURE
SYN_REG_1176	SYN_SPK_22	SYN_ITEM_14	SHIFT_B	4.955653	0.67920054	88.050784	42	SYNTHETIC_TEACHING_FIXTURE
SYN_REG_1177	SYN_SPK_22	SYN_ITEM_15	BASE	5.290838	1.34598182	97.352107	43	SYNTHETIC_TEACHING_FIXTURE
SYN_REG_1178	SYN_SPK_22	SYN_ITEM_15	SHIFT_A	4.682346	0.13551276	98.278519	44	SYNTHETIC_TEACHING_FIXTURE
SYN_REG_1179	SYN_SPK_22	SYN_ITEM_15	SHIFT_B	5.628377	2.01744589	91.640541	45	SYNTHETIC_TEACHING_FIXTURE
SYN_REG_1180	SYN_SPK_22	SYN_ITEM_16	BASE	4.781815	0.33338577	98.937341	46	SYNTHETIC_TEACHING_FIXTURE
SYN_REG_1181	SYN_SPK_22	SYN_ITEM_16	SHIFT_A	4.712621	0.19573861	98.446279	47	SYNTHETIC_TEACHING_FIXTURE
SYN_REG_1182	SYN_SPK_22	SYN_ITEM_16	SHIFT_B	5.376898	1.51718040	103.131907	48	SYNTHETIC_TEACHING_FIXTURE
SYN_REG_1183	SYN_SPK_22	SYN_ITEM_17	BASE	4.836214	0.44160134	98.784327	49	SYNTHETIC_TEACHING_FIXTURE
SYN_REG_1184	SYN_SPK_22	SYN_ITEM_17	SHIFT_A	5.508824	1.77961990	104.805087	50	SYNTHETIC_TEACHING_FIXTURE
SYN_REG_1185	SYN_SPK_22	SYN_ITEM_17	SHIFT_B	4.887966	0.54455125	99.666266	51	SYNTHETIC_TEACHING_FIXTURE
SYN_REG_1186	SYN_SPK_22	SYN_ITEM_18	BASE	4.810895	0.39123442	95.543575	52	SYNTHETIC_TEACHING_FIXTURE
SYN_REG_1187	SYN_SPK_22	SYN_ITEM_18	SHIFT_A	5.089794	0.94604633	98.889091	53	SYNTHETIC_TEACHING_FIXTURE
SYN_REG_1188	SYN_SPK_22	SYN_ITEM_18	SHIFT_B	4.756670	0.28336499	92.644032	54	SYNTHETIC_TEACHING_FIXTURE
SYN_REG_1189	SYN_SPK_23	SYN_ITEM_01	BASE	4.947119	0.66222391	104.992177	1	SYNTHETIC_TEACHING_FIXTURE
SYN_REG_1190	SYN_SPK_23	SYN_ITEM_01	SHIFT_A	4.953156	0.67423328	110.171961	2	SYNTHETIC_TEACHING_FIXTURE
SYN_REG_1191	SYN_SPK_23	SYN_ITEM_01	SHIFT_B	5.689790	2.13961436	106.618019	3	SYNTHETIC_TEACHING_FIXTURE
SYN_REG_1192	SYN_SPK_23	SYN_ITEM_02	BASE	4.448366	-0.32994209	108.522049	4	SYNTHETIC_TEACHING_FIXTURE
SYN_REG_1193	SYN_SPK_23	SYN_ITEM_02	SHIFT_A	5.378541	1.52044881	117.307745	5	SYNTHETIC_TEACHING_FIXTURE
SYN_REG_1194	SYN_SPK_23	SYN_ITEM_02	SHIFT_B	5.180658	1.12680148	103.936815	6	SYNTHETIC_TEACHING_FIXTURE
SYN_REG_1195	SYN_SPK_23	SYN_ITEM_03	BASE	5.323222	1.41040309	109.857271	7	SYNTHETIC_TEACHING_FIXTURE
SYN_REG_1196	SYN_SPK_23	SYN_ITEM_03	SHIFT_A	4.894140	0.55683314	113.771925	8	SYNTHETIC_TEACHING_FIXTURE
SYN_REG_1197	SYN_SPK_23	SYN_ITEM_03	SHIFT_B	4.851584	0.47217678	109.907495	9	SYNTHETIC_TEACHING_FIXTURE
SYN_REG_1198	SYN_SPK_23	SYN_ITEM_04	BASE	4.988906	0.74535051	106.473043	10	SYNTHETIC_TEACHING_FIXTURE
SYN_REG_1199	SYN_SPK_23	SYN_ITEM_04	SHIFT_A	4.296461	-0.63212569	109.871715	11	SYNTHETIC_TEACHING_FIXTURE
SYN_REG_1200	SYN_SPK_23	SYN_ITEM_04	SHIFT_B	5.646895	2.05428362	101.163769	12	SYNTHETIC_TEACHING_FIXTURE
SYN_REG_1201	SYN_SPK_23	SYN_ITEM_05	BASE	4.978428	0.72450670	105.869758	13	SYNTHETIC_TEACHING_FIXTURE
SYN_REG_1202	SYN_SPK_23	SYN_ITEM_05	SHIFT_A	4.606253	-0.01585854	110.277345	14	SYNTHETIC_TEACHING_FIXTURE
SYN_REG_1203	SYN_SPK_23	SYN_ITEM_05	SHIFT_B	5.164116	1.09389459	98.626440	15	SYNTHETIC_TEACHING_FIXTURE
SYN_REG_1204	SYN_SPK_23	SYN_ITEM_06	BASE	4.664937	0.10088115	101.355492	16	SYNTHETIC_TEACHING_FIXTURE
SYN_REG_1205	SYN_SPK_23	SYN_ITEM_06	SHIFT_A	4.268523	-0.68770256	109.668631	17	SYNTHETIC_TEACHING_FIXTURE
SYN_REG_1206	SYN_SPK_23	SYN_ITEM_06	SHIFT_B	5.197463	1.16023155	105.452987	18	SYNTHETIC_TEACHING_FIXTURE
SYN_REG_1207	SYN_SPK_23	SYN_ITEM_07	BASE	4.430869	-0.36474875	102.547255	19	SYNTHETIC_TEACHING_FIXTURE
SYN_REG_1208	SYN_SPK_23	SYN_ITEM_07	SHIFT_A	4.778134	0.32606318	111.054322	20	SYNTHETIC_TEACHING_FIXTURE
SYN_REG_1209	SYN_SPK_23	SYN_ITEM_07	SHIFT_B	4.696408	0.16348620	97.111609	21	SYNTHETIC_TEACHING_FIXTURE
SYN_REG_1210	SYN_SPK_23	SYN_ITEM_08	BASE	4.768113	0.30612848	106.451998	22	SYNTHETIC_TEACHING_FIXTURE
SYN_REG_1211	SYN_SPK_23	SYN_ITEM_08	SHIFT_A	5.039258	0.84551541	110.412390	23	SYNTHETIC_TEACHING_FIXTURE
SYN_REG_1212	SYN_SPK_23	SYN_ITEM_08	SHIFT_B	5.027440	0.82200594	103.257205	24	SYNTHETIC_TEACHING_FIXTURE
SYN_REG_1213	SYN_SPK_23	SYN_ITEM_09	BASE	5.262873	1.29035123	104.898908	25	SYNTHETIC_TEACHING_FIXTURE
SYN_REG_1214	SYN_SPK_23	SYN_ITEM_09	SHIFT_A	5.638652	2.03788587	111.645140	26	SYNTHETIC_TEACHING_FIXTURE
SYN_REG_1215	SYN_SPK_23	SYN_ITEM_09	SHIFT_B	4.593819	-0.04059341	98.667299	27	SYNTHETIC_TEACHING_FIXTURE
SYN_REG_1216	SYN_SPK_23	SYN_ITEM_10	BASE	5.012057	0.79140464	105.886256	28	SYNTHETIC_TEACHING_FIXTURE
SYN_REG_1217	SYN_SPK_23	SYN_ITEM_10	SHIFT_A	5.190649	1.14667651	112.619640	29	SYNTHETIC_TEACHING_FIXTURE
SYN_REG_1218	SYN_SPK_23	SYN_ITEM_10	SHIFT_B	4.559764	-0.10833879	108.882201	30	SYNTHETIC_TEACHING_FIXTURE
SYN_REG_1219	SYN_SPK_23	SYN_ITEM_11	BASE	4.698510	0.16766769	103.732397	31	SYNTHETIC_TEACHING_FIXTURE
SYN_REG_1220	SYN_SPK_23	SYN_ITEM_11	SHIFT_A	4.780431	0.33063259	112.063973	32	SYNTHETIC_TEACHING_FIXTURE
SYN_REG_1221	SYN_SPK_23	SYN_ITEM_11	SHIFT_B	4.476450	-0.27407478	101.847459	33	SYNTHETIC_TEACHING_FIXTURE
SYN_REG_1222	SYN_SPK_23	SYN_ITEM_12	BASE	5.266219	1.29700740	108.897568	34	SYNTHETIC_TEACHING_FIXTURE
SYN_REG_1223	SYN_SPK_23	SYN_ITEM_12	SHIFT_A	5.045166	0.85726815	112.704646	35	SYNTHETIC_TEACHING_FIXTURE
SYN_REG_1224	SYN_SPK_23	SYN_ITEM_12	SHIFT_B	4.710731	0.19197885	104.439799	36	SYNTHETIC_TEACHING_FIXTURE
SYN_REG_1225	SYN_SPK_23	SYN_ITEM_13	BASE	5.416701	1.59636024	102.614822	37	SYNTHETIC_TEACHING_FIXTURE
SYN_REG_1226	SYN_SPK_23	SYN_ITEM_13	SHIFT_A	5.238464	1.24179457	115.084601	38	SYNTHETIC_TEACHING_FIXTURE
SYN_REG_1227	SYN_SPK_23	SYN_ITEM_13	SHIFT_B	4.950029	0.66801276	105.628264	39	SYNTHETIC_TEACHING_FIXTURE
SYN_REG_1228	SYN_SPK_23	SYN_ITEM_14	BASE	4.936968	0.64203060	111.120563	40	SYNTHETIC_TEACHING_FIXTURE
SYN_REG_1229	SYN_SPK_23	SYN_ITEM_14	SHIFT_A	4.975828	0.71933453	109.597315	41	SYNTHETIC_TEACHING_FIXTURE
SYN_REG_1230	SYN_SPK_23	SYN_ITEM_14	SHIFT_B	5.533488	1.82868383	105.152754	42	SYNTHETIC_TEACHING_FIXTURE
SYN_REG_1231	SYN_SPK_23	SYN_ITEM_15	BASE	4.921855	0.61196641	103.144683	43	SYNTHETIC_TEACHING_FIXTURE
SYN_REG_1232	SYN_SPK_23	SYN_ITEM_15	SHIFT_A	5.117546	1.00125320	107.152988	44	SYNTHETIC_TEACHING_FIXTURE
SYN_REG_1233	SYN_SPK_23	SYN_ITEM_15	SHIFT_B	5.162953	1.09158104	99.087138	45	SYNTHETIC_TEACHING_FIXTURE
SYN_REG_1234	SYN_SPK_23	SYN_ITEM_16	BASE	5.396438	1.55605119	108.938687	46	SYNTHETIC_TEACHING_FIXTURE
SYN_REG_1235	SYN_SPK_23	SYN_ITEM_16	SHIFT_A	4.404633	-0.41693985	111.860928	47	SYNTHETIC_TEACHING_FIXTURE
SYN_REG_1236	SYN_SPK_23	SYN_ITEM_16	SHIFT_B	5.148187	1.06220714	99.419762	48	SYNTHETIC_TEACHING_FIXTURE
SYN_REG_1237	SYN_SPK_23	SYN_ITEM_17	BASE	4.691071	0.15286934	109.305867	49	SYNTHETIC_TEACHING_FIXTURE
SYN_REG_1238	SYN_SPK_23	SYN_ITEM_17	SHIFT_A	4.626749	0.02491402	114.370816	50	SYNTHETIC_TEACHING_FIXTURE
SYN_REG_1239	SYN_SPK_23	SYN_ITEM_17	SHIFT_B	4.941697	0.65143796	104.017268	51	SYNTHETIC_TEACHING_FIXTURE
SYN_REG_1240	SYN_SPK_23	SYN_ITEM_18	BASE	5.049231	0.86535463	103.836547	52	SYNTHETIC_TEACHING_FIXTURE
SYN_REG_1241	SYN_SPK_23	SYN_ITEM_18	SHIFT_A	4.524541	-0.17840767	107.629496	53	SYNTHETIC_TEACHING_FIXTURE
SYN_REG_1242	SYN_SPK_23	SYN_ITEM_18	SHIFT_B	5.042969	0.85289767	102.371186	54	SYNTHETIC_TEACHING_FIXTURE
SYN_REG_1243	SYN_SPK_24	SYN_ITEM_01	BASE	4.590118	-0.04795578	102.103817	1	SYNTHETIC_TEACHING_FIXTURE
SYN_REG_1244	SYN_SPK_24	SYN_ITEM_01	SHIFT_A	4.014559	-1.19291145	105.910118	2	SYNTHETIC_TEACHING_FIXTURE
SYN_REG_1245	SYN_SPK_24	SYN_ITEM_01	SHIFT_B	4.361536	-0.50267243	96.887111	3	SYNTHETIC_TEACHING_FIXTURE
SYN_REG_1246	SYN_SPK_24	SYN_ITEM_02	BASE	5.280186	1.32479186	103.486205	4	SYNTHETIC_TEACHING_FIXTURE
SYN_REG_1247	SYN_SPK_24	SYN_ITEM_02	SHIFT_A	4.708272	0.18708718	112.375690	5	SYNTHETIC_TEACHING_FIXTURE
SYN_REG_1248	SYN_SPK_24	SYN_ITEM_02	SHIFT_B	4.747787	0.26569410	101.825897	6	SYNTHETIC_TEACHING_FIXTURE
SYN_REG_1249	SYN_SPK_24	SYN_ITEM_03	BASE	3.662754	-1.89275477	104.584233	7	SYNTHETIC_TEACHING_FIXTURE
SYN_REG_1250	SYN_SPK_24	SYN_ITEM_03	SHIFT_A	4.410483	-0.40530249	113.747378	8	SYNTHETIC_TEACHING_FIXTURE
SYN_REG_1251	SYN_SPK_24	SYN_ITEM_03	SHIFT_B	4.587061	-0.05403705	101.726944	9	SYNTHETIC_TEACHING_FIXTURE
SYN_REG_1252	SYN_SPK_24	SYN_ITEM_04	BASE	4.372392	-0.48107666	103.245226	10	SYNTHETIC_TEACHING_FIXTURE
SYN_REG_1253	SYN_SPK_24	SYN_ITEM_04	SHIFT_A	4.560495	-0.10688462	110.923400	11	SYNTHETIC_TEACHING_FIXTURE
SYN_REG_1254	SYN_SPK_24	SYN_ITEM_04	SHIFT_B	4.238645	-0.74713867	97.403310	12	SYNTHETIC_TEACHING_FIXTURE
SYN_REG_1255	SYN_SPK_24	SYN_ITEM_05	BASE	4.842618	0.45434077	106.163513	13	SYNTHETIC_TEACHING_FIXTURE
SYN_REG_1256	SYN_SPK_24	SYN_ITEM_05	SHIFT_A	4.520968	-0.18551542	105.905436	14	SYNTHETIC_TEACHING_FIXTURE
SYN_REG_1257	SYN_SPK_24	SYN_ITEM_05	SHIFT_B	3.945553	-1.33018462	97.533928	15	SYNTHETIC_TEACHING_FIXTURE
SYN_REG_1258	SYN_SPK_24	SYN_ITEM_06	BASE	3.768180	-1.68303154	102.268812	16	SYNTHETIC_TEACHING_FIXTURE
SYN_REG_1259	SYN_SPK_24	SYN_ITEM_06	SHIFT_A	4.193056	-0.83782856	112.083631	17	SYNTHETIC_TEACHING_FIXTURE
SYN_REG_1260	SYN_SPK_24	SYN_ITEM_06	SHIFT_B	4.356463	-0.51276411	101.429303	18	SYNTHETIC_TEACHING_FIXTURE
SYN_REG_1261	SYN_SPK_24	SYN_ITEM_07	BASE	3.668267	-1.88178780	102.063038	19	SYNTHETIC_TEACHING_FIXTURE
SYN_REG_1262	SYN_SPK_24	SYN_ITEM_07	SHIFT_A	4.531965	-0.16363916	107.396835	20	SYNTHETIC_TEACHING_FIXTURE
SYN_REG_1263	SYN_SPK_24	SYN_ITEM_07	SHIFT_B	4.073598	-1.07546556	102.829849	21	SYNTHETIC_TEACHING_FIXTURE
SYN_REG_1264	SYN_SPK_24	SYN_ITEM_08	BASE	4.150845	-0.92179862	103.235800	22	SYNTHETIC_TEACHING_FIXTURE
SYN_REG_1265	SYN_SPK_24	SYN_ITEM_08	SHIFT_A	3.522790	-2.17118422	106.297368	23	SYNTHETIC_TEACHING_FIXTURE
SYN_REG_1266	SYN_SPK_24	SYN_ITEM_08	SHIFT_B	4.301266	-0.62256713	102.997978	24	SYNTHETIC_TEACHING_FIXTURE
SYN_REG_1267	SYN_SPK_24	SYN_ITEM_09	BASE	4.068114	-1.08637484	104.250625	25	SYNTHETIC_TEACHING_FIXTURE
SYN_REG_1268	SYN_SPK_24	SYN_ITEM_09	SHIFT_A	4.137425	-0.94849494	111.404498	26	SYNTHETIC_TEACHING_FIXTURE
SYN_REG_1269	SYN_SPK_24	SYN_ITEM_09	SHIFT_B	4.463288	-0.30025785	104.098951	27	SYNTHETIC_TEACHING_FIXTURE
SYN_REG_1270	SYN_SPK_24	SYN_ITEM_10	BASE	4.063475	-1.09560318	101.615113	28	SYNTHETIC_TEACHING_FIXTURE
SYN_REG_1271	SYN_SPK_24	SYN_ITEM_10	SHIFT_A	4.621721	0.01491185	111.364901	29	SYNTHETIC_TEACHING_FIXTURE
SYN_REG_1272	SYN_SPK_24	SYN_ITEM_10	SHIFT_B	4.549546	-0.12866539	102.546303	30	SYNTHETIC_TEACHING_FIXTURE
SYN_REG_1273	SYN_SPK_24	SYN_ITEM_11	BASE	4.429655	-0.36716376	105.764254	31	SYNTHETIC_TEACHING_FIXTURE
SYN_REG_1274	SYN_SPK_24	SYN_ITEM_11	SHIFT_A	4.244634	-0.73522479	108.133546	32	SYNTHETIC_TEACHING_FIXTURE
SYN_REG_1275	SYN_SPK_24	SYN_ITEM_11	SHIFT_B	3.486473	-2.24342939	99.701439	33	SYNTHETIC_TEACHING_FIXTURE
SYN_REG_1276	SYN_SPK_24	SYN_ITEM_12	BASE	4.260457	-0.70374820	106.723351	34	SYNTHETIC_TEACHING_FIXTURE
SYN_REG_1277	SYN_SPK_24	SYN_ITEM_12	SHIFT_A	4.321468	-0.58237943	113.068737	35	SYNTHETIC_TEACHING_FIXTURE
SYN_REG_1278	SYN_SPK_24	SYN_ITEM_12	SHIFT_B	4.417895	-0.39055784	103.630581	36	SYNTHETIC_TEACHING_FIXTURE
SYN_REG_1279	SYN_SPK_24	SYN_ITEM_13	BASE	4.259471	-0.70570965	106.732524	37	SYNTHETIC_TEACHING_FIXTURE
SYN_REG_1280	SYN_SPK_24	SYN_ITEM_13	SHIFT_A	4.573947	-0.08012465	114.914475	38	SYNTHETIC_TEACHING_FIXTURE
SYN_REG_1281	SYN_SPK_24	SYN_ITEM_13	SHIFT_B	4.562618	-0.10266135	103.819873	39	SYNTHETIC_TEACHING_FIXTURE
SYN_REG_1282	SYN_SPK_24	SYN_ITEM_14	BASE	3.941338	-1.33856949	101.236809	40	SYNTHETIC_TEACHING_FIXTURE
SYN_REG_1283	SYN_SPK_24	SYN_ITEM_14	SHIFT_A	4.455962	-0.31483142	110.902697	41	SYNTHETIC_TEACHING_FIXTURE
SYN_REG_1284	SYN_SPK_24	SYN_ITEM_14	SHIFT_B	4.685939	0.14266029	98.688015	42	SYNTHETIC_TEACHING_FIXTURE
SYN_REG_1285	SYN_SPK_24	SYN_ITEM_15	BASE	4.152173	-0.91915684	98.269064	43	SYNTHETIC_TEACHING_FIXTURE
SYN_REG_1286	SYN_SPK_24	SYN_ITEM_15	SHIFT_A	4.534870	-0.15786026	108.734421	44	SYNTHETIC_TEACHING_FIXTURE
SYN_REG_1287	SYN_SPK_24	SYN_ITEM_15	SHIFT_B	4.894116	0.55678540	95.696245	45	SYNTHETIC_TEACHING_FIXTURE
SYN_REG_1288	SYN_SPK_24	SYN_ITEM_16	BASE	4.409067	-0.40811933	104.572635	46	SYNTHETIC_TEACHING_FIXTURE
SYN_REG_1289	SYN_SPK_24	SYN_ITEM_16	SHIFT_A	4.317414	-0.59044402	115.917061	47	SYNTHETIC_TEACHING_FIXTURE
SYN_REG_1290	SYN_SPK_24	SYN_ITEM_16	SHIFT_B	4.114572	-0.99395626	100.372922	48	SYNTHETIC_TEACHING_FIXTURE
SYN_REG_1291	SYN_SPK_24	SYN_ITEM_17	BASE	4.293529	-0.63795829	104.084141	49	SYNTHETIC_TEACHING_FIXTURE
SYN_REG_1292	SYN_SPK_24	SYN_ITEM_17	SHIFT_A	4.348594	-0.52841786	113.871528	50	SYNTHETIC_TEACHING_FIXTURE
SYN_REG_1293	SYN_SPK_24	SYN_ITEM_17	SHIFT_B	4.183797	-0.85624743	99.867471	51	SYNTHETIC_TEACHING_FIXTURE
SYN_REG_1294	SYN_SPK_24	SYN_ITEM_18	BASE	3.695109	-1.82839119	101.340827	52	SYNTHETIC_TEACHING_FIXTURE
SYN_REG_1295	SYN_SPK_24	SYN_ITEM_18	SHIFT_A	4.559408	-0.10904698	110.287030	53	SYNTHETIC_TEACHING_FIXTURE
SYN_REG_1296	SYN_SPK_24	SYN_ITEM_18	SHIFT_B	4.431852	-0.36279328	99.891806	54	SYNTHETIC_TEACHING_FIXTURE
