token_id	speaker_id	session_id	token_class	context_id	vowel_category	closure_start_s	release_s	voicing_onset_s	vowel_onset_s	vowel_offset_s	fricative_start_s	fricative_end_s	annotation_status	ambiguity_code	data_status
SYN_SEG_0001	SYN_SEG_SPK_01	SYN_SESSION_01	stop	initial		101.0	101.079914	101.094874	101.094874				ok		SYNTHETIC_TEACHING_FIXTURE
SYN_SEG_0002	SYN_SEG_SPK_01	SYN_SESSION_01	stop	medial		102.0	102.105392	102.089637	102.110392				ok		SYNTHETIC_TEACHING_FIXTURE
SYN_SEG_0003	SYN_SEG_SPK_01	SYN_SESSION_01	stop	final		103.0	103.097323	103.107411	103.107411				ok		SYNTHETIC_TEACHING_FIXTURE
SYN_SEG_0004	SYN_SEG_SPK_01	SYN_SESSION_01	stop	initial		104.0	104.069964	104.102791	104.102791				ok		SYNTHETIC_TEACHING_FIXTURE
SYN_SEG_0005	SYN_SEG_SPK_01	SYN_SESSION_01	stop	medial		105.0	105.051885	105.06101	105.06101				ok		SYNTHETIC_TEACHING_FIXTURE
SYN_SEG_0006	SYN_SEG_SPK_01	SYN_SESSION_01	stop	final		106.0	106.075418	106.134346	106.134346				ok		SYNTHETIC_TEACHING_FIXTURE
SYN_SEG_0007	SYN_SEG_SPK_01	SYN_SESSION_01	stop	initial		107.0	107.083792	107.161045	107.161045				ok		SYNTHETIC_TEACHING_FIXTURE
SYN_SEG_0008	SYN_SEG_SPK_01	SYN_SESSION_01	stop	medial		108.0	108.051944	108.045496	108.056944				ok		SYNTHETIC_TEACHING_FIXTURE
SYN_SEG_0009	SYN_SEG_SPK_01	SYN_SESSION_01	stop	final		109.0	109.063509	109.086361	109.086361				ok		SYNTHETIC_TEACHING_FIXTURE
SYN_SEG_0010	SYN_SEG_SPK_01	SYN_SESSION_01	stop	initial		110.0	110.05987	110.040423	110.06487				ok		SYNTHETIC_TEACHING_FIXTURE
SYN_SEG_0011	SYN_SEG_SPK_01	SYN_SESSION_01	stop	medial		111.0	111.075436	111.115613	111.115613				ok		SYNTHETIC_TEACHING_FIXTURE
SYN_SEG_0012	SYN_SEG_SPK_01	SYN_SESSION_01	stop	final		112.0	112.063255	112.14523	112.14523				ok		SYNTHETIC_TEACHING_FIXTURE
SYN_SEG_0013	SYN_SEG_SPK_01	SYN_SESSION_01	vowel	initial	i				101.0	101.134317			ok		SYNTHETIC_TEACHING_FIXTURE
SYN_SEG_0014	SYN_SEG_SPK_01	SYN_SESSION_01	vowel	medial	a				102.0	102.217277			ok		SYNTHETIC_TEACHING_FIXTURE
SYN_SEG_0015	SYN_SEG_SPK_01	SYN_SESSION_01	vowel	final	u				103.0	103.155309			ok		SYNTHETIC_TEACHING_FIXTURE
SYN_SEG_0016	SYN_SEG_SPK_01	SYN_SESSION_01	vowel	initial	i				104.0	104.095293			ok		SYNTHETIC_TEACHING_FIXTURE
SYN_SEG_0017	SYN_SEG_SPK_01	SYN_SESSION_01	vowel	medial	a				105.0	105.105301			ok		SYNTHETIC_TEACHING_FIXTURE
SYN_SEG_0018	SYN_SEG_SPK_01	SYN_SESSION_01	vowel	final	u				106.0	106.212218			ok		SYNTHETIC_TEACHING_FIXTURE
SYN_SEG_0019	SYN_SEG_SPK_01	SYN_SESSION_01	vowel	initial	i				107.0	107.193394			ok		SYNTHETIC_TEACHING_FIXTURE
SYN_SEG_0020	SYN_SEG_SPK_01	SYN_SESSION_01	vowel	medial	a				108.0	108.218169			ok		SYNTHETIC_TEACHING_FIXTURE
SYN_SEG_0021	SYN_SEG_SPK_01	SYN_SESSION_01	vowel	final	u				109.0	109.19062			ok		SYNTHETIC_TEACHING_FIXTURE
SYN_SEG_0022	SYN_SEG_SPK_01	SYN_SESSION_01	vowel	initial	i				110.0	110.088727			ok		SYNTHETIC_TEACHING_FIXTURE
SYN_SEG_0023	SYN_SEG_SPK_01	SYN_SESSION_01	vowel	medial	a				111.0	111.215834			ok		SYNTHETIC_TEACHING_FIXTURE
SYN_SEG_0024	SYN_SEG_SPK_01	SYN_SESSION_01	vowel	final	u				112.0	112.138729			ok		SYNTHETIC_TEACHING_FIXTURE
SYN_SEG_0025	SYN_SEG_SPK_01	SYN_SESSION_01	fricative	initial							101.0	101.170052	ok		SYNTHETIC_TEACHING_FIXTURE
SYN_SEG_0026	SYN_SEG_SPK_01	SYN_SESSION_01	fricative	medial							102.0	102.111806	ok		SYNTHETIC_TEACHING_FIXTURE
SYN_SEG_0027	SYN_SEG_SPK_01	SYN_SESSION_01	fricative	final							103.0	103.141066	ok		SYNTHETIC_TEACHING_FIXTURE
SYN_SEG_0028	SYN_SEG_SPK_01	SYN_SESSION_01	fricative	initial							104.0	104.094718	ok		SYNTHETIC_TEACHING_FIXTURE
SYN_SEG_0029	SYN_SEG_SPK_01	SYN_SESSION_01	fricative	medial							105.0	105.097455	ok		SYNTHETIC_TEACHING_FIXTURE
SYN_SEG_0030	SYN_SEG_SPK_01	SYN_SESSION_01	fricative	final							106.0	106.129066	ok		SYNTHETIC_TEACHING_FIXTURE
SYN_SEG_0031	SYN_SEG_SPK_01	SYN_SESSION_01	fricative	initial							107.0	107.159056	ok		SYNTHETIC_TEACHING_FIXTURE
SYN_SEG_0032	SYN_SEG_SPK_01	SYN_SESSION_01	fricative	medial							108.0	108.101172	ok		SYNTHETIC_TEACHING_FIXTURE
SYN_SEG_0033	SYN_SEG_SPK_01	SYN_SESSION_01	fricative	final							109.0	109.136575	ok		SYNTHETIC_TEACHING_FIXTURE
SYN_SEG_0034	SYN_SEG_SPK_01	SYN_SESSION_01	fricative	initial							110.0	110.087448	ok		SYNTHETIC_TEACHING_FIXTURE
SYN_SEG_0035	SYN_SEG_SPK_01	SYN_SESSION_01	fricative	medial							111.0	111.092789	ok		SYNTHETIC_TEACHING_FIXTURE
SYN_SEG_0036	SYN_SEG_SPK_01	SYN_SESSION_01	fricative	final							112.0	112.096681	ok		SYNTHETIC_TEACHING_FIXTURE
SYN_SEG_0037	SYN_SEG_SPK_02	SYN_SESSION_02	stop	initial		201.0	201.062456	201.043764	201.067456				ok		SYNTHETIC_TEACHING_FIXTURE
SYN_SEG_0038	SYN_SEG_SPK_02	SYN_SESSION_02	stop	medial		202.0	202.04586	202.118504	202.118504				ok		SYNTHETIC_TEACHING_FIXTURE
SYN_SEG_0039	SYN_SEG_SPK_02	SYN_SESSION_02	stop	final		203.0	203.105735	203.162872	203.162872				ok		SYNTHETIC_TEACHING_FIXTURE
SYN_SEG_0040	SYN_SEG_SPK_02	SYN_SESSION_02	stop	initial		204.0	204.071025	204.117871	204.117871				ok		SYNTHETIC_TEACHING_FIXTURE
SYN_SEG_0041	SYN_SEG_SPK_02	SYN_SESSION_02	stop	medial		205.0	205.086296	205.160005	205.160005				ok		SYNTHETIC_TEACHING_FIXTURE
SYN_SEG_0042	SYN_SEG_SPK_02	SYN_SESSION_02	stop	final		206.0	206.05441	206.119052	206.119052				ok		SYNTHETIC_TEACHING_FIXTURE
SYN_SEG_0043	SYN_SEG_SPK_02	SYN_SESSION_02	stop	initial		207.0	207.06457	207.063043	207.06957				ok		SYNTHETIC_TEACHING_FIXTURE
SYN_SEG_0044	SYN_SEG_SPK_02	SYN_SESSION_02	stop	medial		208.0	208.094878	208.158553	208.158553				ok		SYNTHETIC_TEACHING_FIXTURE
SYN_SEG_0045	SYN_SEG_SPK_02	SYN_SESSION_02	stop	final		209.0	209.061245	209.144219	209.144219				ok		SYNTHETIC_TEACHING_FIXTURE
SYN_SEG_0046	SYN_SEG_SPK_02	SYN_SESSION_02	stop	initial		210.0	210.071169	210.15513	210.15513				ok		SYNTHETIC_TEACHING_FIXTURE
SYN_SEG_0047	SYN_SEG_SPK_02	SYN_SESSION_02	stop	medial		211.0	211.080203	211.10837	211.10837				ok		SYNTHETIC_TEACHING_FIXTURE
SYN_SEG_0048	SYN_SEG_SPK_02	SYN_SESSION_02	stop	final		212.0	212.107352	212.121833	212.121833				ok		SYNTHETIC_TEACHING_FIXTURE
SYN_SEG_0049	SYN_SEG_SPK_02	SYN_SESSION_02	vowel	initial	i				201.0	201.205043			ok		SYNTHETIC_TEACHING_FIXTURE
SYN_SEG_0050	SYN_SEG_SPK_02	SYN_SESSION_02	vowel	medial	a				202.0	202.115342			ok		SYNTHETIC_TEACHING_FIXTURE
SYN_SEG_0051	SYN_SEG_SPK_02	SYN_SESSION_02	vowel	final	u				203.0	203.179179			ok		SYNTHETIC_TEACHING_FIXTURE
SYN_SEG_0052	SYN_SEG_SPK_02	SYN_SESSION_02	vowel	initial	i				204.0	204.110917			ok		SYNTHETIC_TEACHING_FIXTURE
SYN_SEG_0053	SYN_SEG_SPK_02	SYN_SESSION_02	vowel	medial	a				205.0	205.191745			ok		SYNTHETIC_TEACHING_FIXTURE
SYN_SEG_0054	SYN_SEG_SPK_02	SYN_SESSION_02	vowel	final	u				206.0	206.162038			ok		SYNTHETIC_TEACHING_FIXTURE
SYN_SEG_0055	SYN_SEG_SPK_02	SYN_SESSION_02	vowel	initial	i				207.0	207.146055			ok		SYNTHETIC_TEACHING_FIXTURE
SYN_SEG_0056	SYN_SEG_SPK_02	SYN_SESSION_02	vowel	medial	a				208.0	208.12961			ok		SYNTHETIC_TEACHING_FIXTURE
SYN_SEG_0057	SYN_SEG_SPK_02	SYN_SESSION_02	vowel	final	u				209.0	209.092836			ok		SYNTHETIC_TEACHING_FIXTURE
SYN_SEG_0058	SYN_SEG_SPK_02	SYN_SESSION_02	vowel	initial	i				210.0	210.103827			ok		SYNTHETIC_TEACHING_FIXTURE
SYN_SEG_0059	SYN_SEG_SPK_02	SYN_SESSION_02	vowel	medial	a				211.0	211.088795			ok		SYNTHETIC_TEACHING_FIXTURE
SYN_SEG_0060	SYN_SEG_SPK_02	SYN_SESSION_02	vowel	final	u				212.0	212.188693			ok		SYNTHETIC_TEACHING_FIXTURE
SYN_SEG_0061	SYN_SEG_SPK_02	SYN_SESSION_02	fricative	initial							201.0	201.17718	ok		SYNTHETIC_TEACHING_FIXTURE
SYN_SEG_0062	SYN_SEG_SPK_02	SYN_SESSION_02	fricative	medial							202.0	202.147612	ok		SYNTHETIC_TEACHING_FIXTURE
SYN_SEG_0063	SYN_SEG_SPK_02	SYN_SESSION_02	fricative	final							203.0	203.172282	ok		SYNTHETIC_TEACHING_FIXTURE
SYN_SEG_0064	SYN_SEG_SPK_02	SYN_SESSION_02	fricative	initial							204.0	204.104464	ok		SYNTHETIC_TEACHING_FIXTURE
SYN_SEG_0065	SYN_SEG_SPK_02	SYN_SESSION_02	fricative	medial							205.0	205.171054	ok		SYNTHETIC_TEACHING_FIXTURE
SYN_SEG_0066	SYN_SEG_SPK_02	SYN_SESSION_02	fricative	final							206.0	206.082624	ok		SYNTHETIC_TEACHING_FIXTURE
SYN_SEG_0067	SYN_SEG_SPK_02	SYN_SESSION_02	fricative	initial							207.0	207.087757	ok		SYNTHETIC_TEACHING_FIXTURE
SYN_SEG_0068	SYN_SEG_SPK_02	SYN_SESSION_02	fricative	medial							208.0	208.125385	ok		SYNTHETIC_TEACHING_FIXTURE
SYN_SEG_0069	SYN_SEG_SPK_02	SYN_SESSION_02	fricative	final							209.0	209.109338	ok		SYNTHETIC_TEACHING_FIXTURE
SYN_SEG_0070	SYN_SEG_SPK_02	SYN_SESSION_02	fricative	initial							210.0	210.15501	ok		SYNTHETIC_TEACHING_FIXTURE
SYN_SEG_0071	SYN_SEG_SPK_02	SYN_SESSION_02	fricative	medial							211.0	211.112701	ok		SYNTHETIC_TEACHING_FIXTURE
SYN_SEG_0072	SYN_SEG_SPK_02	SYN_SESSION_02	fricative	final							212.0	212.106631	ok		SYNTHETIC_TEACHING_FIXTURE
SYN_SEG_0073	SYN_SEG_SPK_03	SYN_SESSION_03	stop	initial		301.0	301.047578	301.051828	301.052578				ok		SYNTHETIC_TEACHING_FIXTURE
SYN_SEG_0074	SYN_SEG_SPK_03	SYN_SESSION_03	stop	medial		302.0	302.075808	302.059454	302.080808				ok		SYNTHETIC_TEACHING_FIXTURE
SYN_SEG_0075	SYN_SEG_SPK_03	SYN_SESSION_03	stop	final		303.0	303.099328	303.117262	303.117262				ok		SYNTHETIC_TEACHING_FIXTURE
SYN_SEG_0076	SYN_SEG_SPK_03	SYN_SESSION_03	stop	initial		304.0	304.061046	304.083042	304.083042				ok		SYNTHETIC_TEACHING_FIXTURE
SYN_SEG_0077	SYN_SEG_SPK_03	SYN_SESSION_03	stop	medial		305.0	305.087847	305.079635	305.092847				ok		SYNTHETIC_TEACHING_FIXTURE
SYN_SEG_0078	SYN_SEG_SPK_03	SYN_SESSION_03	stop	final		306.0	306.056244	306.112758	306.112758				ok		SYNTHETIC_TEACHING_FIXTURE
SYN_SEG_0079	SYN_SEG_SPK_03	SYN_SESSION_03	stop	initial		307.0	307.102302	307.09331	307.107302				ok		SYNTHETIC_TEACHING_FIXTURE
SYN_SEG_0080	SYN_SEG_SPK_03	SYN_SESSION_03	stop	medial		308.0	308.05613	308.07157	308.07157				ok		SYNTHETIC_TEACHING_FIXTURE
SYN_SEG_0081	SYN_SEG_SPK_03	SYN_SESSION_03	stop	final		309.0	309.078374	309.06022	309.083374				ok		SYNTHETIC_TEACHING_FIXTURE
SYN_SEG_0082	SYN_SEG_SPK_03	SYN_SESSION_03	stop	initial		310.0	310.082656	310.096387	310.096387				ok		SYNTHETIC_TEACHING_FIXTURE
SYN_SEG_0083	SYN_SEG_SPK_03	SYN_SESSION_03	stop	medial		311.0	311.056582	311.135389	311.135389				ok		SYNTHETIC_TEACHING_FIXTURE
SYN_SEG_0084	SYN_SEG_SPK_03	SYN_SESSION_03	stop	final		312.0	312.054172	312.061751	312.061751				ok		SYNTHETIC_TEACHING_FIXTURE
SYN_SEG_0085	SYN_SEG_SPK_03	SYN_SESSION_03	vowel	initial	i				301.0	301.213737			ok		SYNTHETIC_TEACHING_FIXTURE
SYN_SEG_0086	SYN_SEG_SPK_03	SYN_SESSION_03	vowel	medial	a				302.0	302.0994			ok		SYNTHETIC_TEACHING_FIXTURE
SYN_SEG_0087	SYN_SEG_SPK_03	SYN_SESSION_03	vowel	final	u				303.0	303.163544			ok		SYNTHETIC_TEACHING_FIXTURE
SYN_SEG_0088	SYN_SEG_SPK_03	SYN_SESSION_03	vowel	initial	i				304.0	304.123164			ok		SYNTHETIC_TEACHING_FIXTURE
SYN_SEG_0089	SYN_SEG_SPK_03	SYN_SESSION_03	vowel	medial	a				305.0	305.165227			ok		SYNTHETIC_TEACHING_FIXTURE
SYN_SEG_0090	SYN_SEG_SPK_03	SYN_SESSION_03	vowel	final	u				306.0	306.11853			ok		SYNTHETIC_TEACHING_FIXTURE
SYN_SEG_0091	SYN_SEG_SPK_03	SYN_SESSION_03	vowel	initial	i				307.0	307.159585			ok		SYNTHETIC_TEACHING_FIXTURE
SYN_SEG_0092	SYN_SEG_SPK_03	SYN_SESSION_03	vowel	medial	a				308.0	308.154142			ok		SYNTHETIC_TEACHING_FIXTURE
SYN_SEG_0093	SYN_SEG_SPK_03	SYN_SESSION_03	vowel	final	u				309.0	309.138958			ok		SYNTHETIC_TEACHING_FIXTURE
SYN_SEG_0094	SYN_SEG_SPK_03	SYN_SESSION_03	vowel	initial	i				310.0	310.173628			ok		SYNTHETIC_TEACHING_FIXTURE
SYN_SEG_0095	SYN_SEG_SPK_03	SYN_SESSION_03	vowel	medial	a				311.0	311.161955			ok		SYNTHETIC_TEACHING_FIXTURE
SYN_SEG_0096	SYN_SEG_SPK_03	SYN_SESSION_03	vowel	final	u				312.0	312.176549			ok		SYNTHETIC_TEACHING_FIXTURE
SYN_SEG_0097	SYN_SEG_SPK_03	SYN_SESSION_03	fricative	initial							301.0	301.123895	ok		SYNTHETIC_TEACHING_FIXTURE
SYN_SEG_0098	SYN_SEG_SPK_03	SYN_SESSION_03	fricative	medial							302.0	302.138825	ok		SYNTHETIC_TEACHING_FIXTURE
SYN_SEG_0099	SYN_SEG_SPK_03	SYN_SESSION_03	fricative	final							303.0	303.130188	ok		SYNTHETIC_TEACHING_FIXTURE
SYN_SEG_0100	SYN_SEG_SPK_03	SYN_SESSION_03	fricative	initial							304.0	304.134111	ok		SYNTHETIC_TEACHING_FIXTURE
SYN_SEG_0101	SYN_SEG_SPK_03	SYN_SESSION_03	fricative	medial							305.0	305.135372	ok		SYNTHETIC_TEACHING_FIXTURE
SYN_SEG_0102	SYN_SEG_SPK_03	SYN_SESSION_03	fricative	final							306.0	306.10719	ok		SYNTHETIC_TEACHING_FIXTURE
SYN_SEG_0103	SYN_SEG_SPK_03	SYN_SESSION_03	fricative	initial							307.0	307.145174	ok		SYNTHETIC_TEACHING_FIXTURE
SYN_SEG_0104	SYN_SEG_SPK_03	SYN_SESSION_03	fricative	medial							308.0	308.129456	ok		SYNTHETIC_TEACHING_FIXTURE
SYN_SEG_0105	SYN_SEG_SPK_03	SYN_SESSION_03	fricative	final							309.0	309.13529	ok		SYNTHETIC_TEACHING_FIXTURE
SYN_SEG_0106	SYN_SEG_SPK_03	SYN_SESSION_03	fricative	initial							310.0	310.126666	ok		SYNTHETIC_TEACHING_FIXTURE
SYN_SEG_0107	SYN_SEG_SPK_03	SYN_SESSION_03	fricative	medial							311.0	311.121458	ok		SYNTHETIC_TEACHING_FIXTURE
SYN_SEG_0108	SYN_SEG_SPK_03	SYN_SESSION_03	fricative	final							312.0	312.114298	ok		SYNTHETIC_TEACHING_FIXTURE
SYN_SEG_0109	SYN_SEG_SPK_04	SYN_SESSION_04	stop	initial		401.0	401.05332	401.086152	401.086152				ok		SYNTHETIC_TEACHING_FIXTURE
SYN_SEG_0110	SYN_SEG_SPK_04	SYN_SESSION_04	stop	medial		402.0	402.082214	402.094683	402.094683				ok		SYNTHETIC_TEACHING_FIXTURE
SYN_SEG_0111	SYN_SEG_SPK_04	SYN_SESSION_04	stop	final		403.0	403.065012	403.066562	403.070012				ok		SYNTHETIC_TEACHING_FIXTURE
SYN_SEG_0112	SYN_SEG_SPK_04	SYN_SESSION_04	stop	initial		404.0	404.08862	404.074891	404.09362				ok		SYNTHETIC_TEACHING_FIXTURE
SYN_SEG_0113	SYN_SEG_SPK_04	SYN_SESSION_04	stop	medial		405.0	405.08488	405.150519	405.150519				ok		SYNTHETIC_TEACHING_FIXTURE
SYN_SEG_0114	SYN_SEG_SPK_04	SYN_SESSION_04	stop	final		406.0	406.082096	406.073909	406.087096				ok		SYNTHETIC_TEACHING_FIXTURE
SYN_SEG_0115	SYN_SEG_SPK_04	SYN_SESSION_04	stop	initial		407.0	407.100111	407.184791	407.184791				ok		SYNTHETIC_TEACHING_FIXTURE
SYN_SEG_0116	SYN_SEG_SPK_04	SYN_SESSION_04	stop	medial		408.0	408.045246	408.03348	408.050246				ok		SYNTHETIC_TEACHING_FIXTURE
SYN_SEG_0117	SYN_SEG_SPK_04	SYN_SESSION_04	stop	final		409.0	409.055735	409.094488	409.094488				ok		SYNTHETIC_TEACHING_FIXTURE
SYN_SEG_0118	SYN_SEG_SPK_04	SYN_SESSION_04	stop	initial		410.0	410.098518	410.104409	410.104409				ok		SYNTHETIC_TEACHING_FIXTURE
SYN_SEG_0119	SYN_SEG_SPK_04	SYN_SESSION_04	stop	medial		411.0	411.09576	411.110601	411.110601				ok		SYNTHETIC_TEACHING_FIXTURE
SYN_SEG_0120	SYN_SEG_SPK_04	SYN_SESSION_04	stop	final		412.0	412.106922	412.125251	412.125251				ok		SYNTHETIC_TEACHING_FIXTURE
SYN_SEG_0121	SYN_SEG_SPK_04	SYN_SESSION_04	vowel	initial	i				401.0	401.216496			ok		SYNTHETIC_TEACHING_FIXTURE
SYN_SEG_0122	SYN_SEG_SPK_04	SYN_SESSION_04	vowel	medial	a				402.0	402.200866			ok		SYNTHETIC_TEACHING_FIXTURE
SYN_SEG_0123	SYN_SEG_SPK_04	SYN_SESSION_04	vowel	final	a				403.0	403.217218			ok		SYNTHETIC_TEACHING_FIXTURE
SYN_SEG_0124	SYN_SEG_SPK_04	SYN_SESSION_04	vowel	initial	i				404.0	404.137302			ok		SYNTHETIC_TEACHING_FIXTURE
SYN_SEG_0125	SYN_SEG_SPK_04	SYN_SESSION_04	vowel	medial	a				405.0	405.106561			ok		SYNTHETIC_TEACHING_FIXTURE
SYN_SEG_0126	SYN_SEG_SPK_04	SYN_SESSION_04	vowel	final	a				406.0	406.141396			ok		SYNTHETIC_TEACHING_FIXTURE
SYN_SEG_0127	SYN_SEG_SPK_04	SYN_SESSION_04	vowel	initial	i				407.0	407.213166			ok		SYNTHETIC_TEACHING_FIXTURE
SYN_SEG_0128	SYN_SEG_SPK_04	SYN_SESSION_04	vowel	medial	a				408.0	408.143807			ok		SYNTHETIC_TEACHING_FIXTURE
SYN_SEG_0129	SYN_SEG_SPK_04	SYN_SESSION_04	vowel	final	a				409.0	409.155974			ok		SYNTHETIC_TEACHING_FIXTURE
SYN_SEG_0130	SYN_SEG_SPK_04	SYN_SESSION_04	vowel	initial	i				410.0	410.101497			ok		SYNTHETIC_TEACHING_FIXTURE
SYN_SEG_0131	SYN_SEG_SPK_04	SYN_SESSION_04	vowel	medial	a				411.0	411.210107			ok		SYNTHETIC_TEACHING_FIXTURE
SYN_SEG_0132	SYN_SEG_SPK_04	SYN_SESSION_04	vowel	final	a				412.0	412.219125			ok		SYNTHETIC_TEACHING_FIXTURE
SYN_SEG_0133	SYN_SEG_SPK_04	SYN_SESSION_04	fricative	initial							401.0	401.131926	ok		SYNTHETIC_TEACHING_FIXTURE
SYN_SEG_0134	SYN_SEG_SPK_04	SYN_SESSION_04	fricative	medial							402.0	402.169045	ok		SYNTHETIC_TEACHING_FIXTURE
SYN_SEG_0135	SYN_SEG_SPK_04	SYN_SESSION_04	fricative	final							403.0	403.078026	ok		SYNTHETIC_TEACHING_FIXTURE
SYN_SEG_0136	SYN_SEG_SPK_04	SYN_SESSION_04	fricative	initial							404.0	404.091322	ok		SYNTHETIC_TEACHING_FIXTURE
SYN_SEG_0137	SYN_SEG_SPK_04	SYN_SESSION_04	fricative	medial							405.0	405.074705	ok		SYNTHETIC_TEACHING_FIXTURE
SYN_SEG_0138	SYN_SEG_SPK_04	SYN_SESSION_04	fricative	final							406.0	406.172361	ok		SYNTHETIC_TEACHING_FIXTURE
SYN_SEG_0139	SYN_SEG_SPK_04	SYN_SESSION_04	fricative	initial							407.0	407.156406	ok		SYNTHETIC_TEACHING_FIXTURE
SYN_SEG_0140	SYN_SEG_SPK_04	SYN_SESSION_04	fricative	medial							408.0	408.15053	ok		SYNTHETIC_TEACHING_FIXTURE
SYN_SEG_0141	SYN_SEG_SPK_04	SYN_SESSION_04	fricative	final							409.0	409.140638	ok		SYNTHETIC_TEACHING_FIXTURE
SYN_SEG_0142	SYN_SEG_SPK_04	SYN_SESSION_04	fricative	initial							410.0	410.163851	ok		SYNTHETIC_TEACHING_FIXTURE
SYN_SEG_0143	SYN_SEG_SPK_04	SYN_SESSION_04	fricative	medial							411.0	411.087393	ok		SYNTHETIC_TEACHING_FIXTURE
SYN_SEG_0144	SYN_SEG_SPK_04	SYN_SESSION_04	fricative	final							412.0	412.163864	ok		SYNTHETIC_TEACHING_FIXTURE
SYN_SEG_0145	SYN_SEG_SPK_05	SYN_SESSION_05	stop	initial		501.0	501.05574	501.051361	501.06074				ok		SYNTHETIC_TEACHING_FIXTURE
SYN_SEG_0146	SYN_SEG_SPK_05	SYN_SESSION_05	stop	medial		502.0	502.049953	502.031138	502.054953				ok		SYNTHETIC_TEACHING_FIXTURE
SYN_SEG_0147	SYN_SEG_SPK_05	SYN_SESSION_05	stop	final		503.0	503.046824	503.061312	503.061312				ok		SYNTHETIC_TEACHING_FIXTURE
SYN_SEG_0148	SYN_SEG_SPK_05	SYN_SESSION_05	stop	initial		504.0	504.064226	504.142461	504.142461				ok		SYNTHETIC_TEACHING_FIXTURE
SYN_SEG_0149	SYN_SEG_SPK_05	SYN_SESSION_05	stop	medial		505.0	505.063902	505.086103	505.086103				ok		SYNTHETIC_TEACHING_FIXTURE
SYN_SEG_0150	SYN_SEG_SPK_05	SYN_SESSION_05	stop	final		506.0	506.106114	506.103288	506.111114				ok		SYNTHETIC_TEACHING_FIXTURE
SYN_SEG_0151	SYN_SEG_SPK_05	SYN_SESSION_05	stop	initial		507.0	507.077592	507.104615	507.104615				ok		SYNTHETIC_TEACHING_FIXTURE
SYN_SEG_0152	SYN_SEG_SPK_05	SYN_SESSION_05	stop	medial		508.0	508.104206	508.099817	508.109206				ok		SYNTHETIC_TEACHING_FIXTURE
SYN_SEG_0153	SYN_SEG_SPK_05	SYN_SESSION_05	stop	final		509.0	509.106291	509.124953	509.124953				ok		SYNTHETIC_TEACHING_FIXTURE
SYN_SEG_0154	SYN_SEG_SPK_05	SYN_SESSION_05	stop	initial		510.0	510.072721	510.06693	510.077721				ok		SYNTHETIC_TEACHING_FIXTURE
SYN_SEG_0155	SYN_SEG_SPK_05	SYN_SESSION_05	stop	medial		511.0	511.067139	511.15203	511.15203				ok		SYNTHETIC_TEACHING_FIXTURE
SYN_SEG_0156	SYN_SEG_SPK_05	SYN_SESSION_05	stop	final		512.0	512.082401	512.076114	512.087401				ok		SYNTHETIC_TEACHING_FIXTURE
SYN_SEG_0157	SYN_SEG_SPK_05	SYN_SESSION_05	vowel	initial	i				501.0	501.135213			ok		SYNTHETIC_TEACHING_FIXTURE
SYN_SEG_0158	SYN_SEG_SPK_05	SYN_SESSION_05	vowel	medial	a				502.0	502.206			ok		SYNTHETIC_TEACHING_FIXTURE
SYN_SEG_0159	SYN_SEG_SPK_05	SYN_SESSION_05	vowel	final	u				503.0	503.08241			ok		SYNTHETIC_TEACHING_FIXTURE
SYN_SEG_0160	SYN_SEG_SPK_05	SYN_SESSION_05	vowel	initial	i				504.0	504.111338			ok		SYNTHETIC_TEACHING_FIXTURE
SYN_SEG_0161	SYN_SEG_SPK_05	SYN_SESSION_05	vowel	medial	a				505.0	505.206142			ok		SYNTHETIC_TEACHING_FIXTURE
SYN_SEG_0162	SYN_SEG_SPK_05	SYN_SESSION_05	vowel	final	u				506.0	506.181905			ok		SYNTHETIC_TEACHING_FIXTURE
SYN_SEG_0163	SYN_SEG_SPK_05	SYN_SESSION_05	vowel	initial	i				507.0	507.195263			ok		SYNTHETIC_TEACHING_FIXTURE
SYN_SEG_0164	SYN_SEG_SPK_05	SYN_SESSION_05	vowel	medial	a				508.0	508.109509			ok		SYNTHETIC_TEACHING_FIXTURE
SYN_SEG_0165	SYN_SEG_SPK_05	SYN_SESSION_05	vowel	final	u				509.0	509.142053			ok		SYNTHETIC_TEACHING_FIXTURE
SYN_SEG_0166	SYN_SEG_SPK_05	SYN_SESSION_05	vowel	initial	i				510.0	510.187657			ok		SYNTHETIC_TEACHING_FIXTURE
SYN_SEG_0167	SYN_SEG_SPK_05	SYN_SESSION_05	vowel	medial	a				511.0	511.123429			ok		SYNTHETIC_TEACHING_FIXTURE
SYN_SEG_0168	SYN_SEG_SPK_05	SYN_SESSION_05	vowel	final	u				512.0	512.199576			ok		SYNTHETIC_TEACHING_FIXTURE
SYN_SEG_0169	SYN_SEG_SPK_05	SYN_SESSION_05	fricative	initial							501.0	501.135351	ok		SYNTHETIC_TEACHING_FIXTURE
SYN_SEG_0170	SYN_SEG_SPK_05	SYN_SESSION_05	fricative	medial							502.0	502.083067	ok		SYNTHETIC_TEACHING_FIXTURE
SYN_SEG_0171	SYN_SEG_SPK_05	SYN_SESSION_05	fricative	final							503.0	503.13453	ok		SYNTHETIC_TEACHING_FIXTURE
SYN_SEG_0172	SYN_SEG_SPK_05	SYN_SESSION_05	fricative	initial							504.0	504.082974	ok		SYNTHETIC_TEACHING_FIXTURE
SYN_SEG_0173	SYN_SEG_SPK_05	SYN_SESSION_05	fricative	medial							505.0	505.094138	ok		SYNTHETIC_TEACHING_FIXTURE
SYN_SEG_0174	SYN_SEG_SPK_05	SYN_SESSION_05	fricative	final							506.0	506.149775	ok		SYNTHETIC_TEACHING_FIXTURE
SYN_SEG_0175	SYN_SEG_SPK_05	SYN_SESSION_05	fricative	initial							507.0	507.104977	ok		SYNTHETIC_TEACHING_FIXTURE
SYN_SEG_0176	SYN_SEG_SPK_05	SYN_SESSION_05	fricative	medial							508.0	508.170883	ok		SYNTHETIC_TEACHING_FIXTURE
SYN_SEG_0177	SYN_SEG_SPK_05	SYN_SESSION_05	fricative	final							509.0	509.084823	ok		SYNTHETIC_TEACHING_FIXTURE
SYN_SEG_0178	SYN_SEG_SPK_05	SYN_SESSION_05	fricative	initial							510.0	510.140904	ok		SYNTHETIC_TEACHING_FIXTURE
SYN_SEG_0179	SYN_SEG_SPK_05	SYN_SESSION_05	fricative	medial							511.0	511.155475	ok		SYNTHETIC_TEACHING_FIXTURE
SYN_SEG_0180	SYN_SEG_SPK_05	SYN_SESSION_05	fricative	final							512.0	512.162834	ok		SYNTHETIC_TEACHING_FIXTURE
SYN_SEG_0181	SYN_SEG_SPK_06	SYN_SESSION_06	stop	initial		601.0	601.058235	601.053203	601.063235				ok		SYNTHETIC_TEACHING_FIXTURE
SYN_SEG_0182	SYN_SEG_SPK_06	SYN_SESSION_06	stop	medial		602.0	602.06931	602.142353	602.142353				ok		SYNTHETIC_TEACHING_FIXTURE
SYN_SEG_0183	SYN_SEG_SPK_06	SYN_SESSION_06	stop	final		603.0	603.06059	603.082604	603.082604				ok		SYNTHETIC_TEACHING_FIXTURE
SYN_SEG_0184	SYN_SEG_SPK_06	SYN_SESSION_06	stop	initial		604.0	604.056182	604.083354	604.083354				ok		SYNTHETIC_TEACHING_FIXTURE
SYN_SEG_0185	SYN_SEG_SPK_06	SYN_SESSION_06	stop	medial		605.0	605.081877	605.084556	605.086877				ok		SYNTHETIC_TEACHING_FIXTURE
SYN_SEG_0186	SYN_SEG_SPK_06	SYN_SESSION_06	stop	final		606.0	606.059998	606.121282	606.121282				ok		SYNTHETIC_TEACHING_FIXTURE
SYN_SEG_0187	SYN_SEG_SPK_06	SYN_SESSION_06	stop	initial		607.0	607.108177	607.099436	607.113177				ok		SYNTHETIC_TEACHING_FIXTURE
SYN_SEG_0188	SYN_SEG_SPK_06	SYN_SESSION_06	stop	medial		608.0	608.060588	608.110228	608.110228				ok		SYNTHETIC_TEACHING_FIXTURE
SYN_SEG_0189	SYN_SEG_SPK_06	SYN_SESSION_06	stop	final		609.0	609.102632	609.179458	609.179458				ok		SYNTHETIC_TEACHING_FIXTURE
SYN_SEG_0190	SYN_SEG_SPK_06	SYN_SESSION_06	stop	initial		610.0	610.087418	610.095851	610.095851				ok		SYNTHETIC_TEACHING_FIXTURE
SYN_SEG_0191	SYN_SEG_SPK_06	SYN_SESSION_06	stop	medial		611.0	611.069914	611.055394	611.074914				ok		SYNTHETIC_TEACHING_FIXTURE
SYN_SEG_0192	SYN_SEG_SPK_06	SYN_SESSION_06	stop	final		612.0	612.065465	612.090871	612.090871				ok		SYNTHETIC_TEACHING_FIXTURE
SYN_SEG_0193	SYN_SEG_SPK_06	SYN_SESSION_06	vowel	initial	i				601.0	601.182384			ok		SYNTHETIC_TEACHING_FIXTURE
SYN_SEG_0194	SYN_SEG_SPK_06	SYN_SESSION_06	vowel	medial	a				602.0	602.15325			ok		SYNTHETIC_TEACHING_FIXTURE
SYN_SEG_0195	SYN_SEG_SPK_06	SYN_SESSION_06	vowel	final	u				603.0	603.208397			ok		SYNTHETIC_TEACHING_FIXTURE
SYN_SEG_0196	SYN_SEG_SPK_06	SYN_SESSION_06	vowel	initial	i				604.0	604.123347			ok		SYNTHETIC_TEACHING_FIXTURE
SYN_SEG_0197	SYN_SEG_SPK_06	SYN_SESSION_06	vowel	medial	a				605.0	605.180111			ok		SYNTHETIC_TEACHING_FIXTURE
SYN_SEG_0198	SYN_SEG_SPK_06	SYN_SESSION_06	vowel	final	u				606.0	606.120732			ok		SYNTHETIC_TEACHING_FIXTURE
SYN_SEG_0199	SYN_SEG_SPK_06	SYN_SESSION_06	vowel	initial	i				607.0	607.184761			ok		SYNTHETIC_TEACHING_FIXTURE
SYN_SEG_0200	SYN_SEG_SPK_06	SYN_SESSION_06	vowel	medial	a				608.0	608.155155			ok		SYNTHETIC_TEACHING_FIXTURE
SYN_SEG_0201	SYN_SEG_SPK_06	SYN_SESSION_06	vowel	final	u				609.0	609.210212			ok		SYNTHETIC_TEACHING_FIXTURE
SYN_SEG_0202	SYN_SEG_SPK_06	SYN_SESSION_06	vowel	initial	i				610.0	610.11134			ok		SYNTHETIC_TEACHING_FIXTURE
SYN_SEG_0203	SYN_SEG_SPK_06	SYN_SESSION_06	vowel	medial	a				611.0	611.218372			ok		SYNTHETIC_TEACHING_FIXTURE
SYN_SEG_0204	SYN_SEG_SPK_06	SYN_SESSION_06	vowel	final	u				612.0	612.125129			ok		SYNTHETIC_TEACHING_FIXTURE
SYN_SEG_0205	SYN_SEG_SPK_06	SYN_SESSION_06	fricative	initial							601.0	601.140038	ok		SYNTHETIC_TEACHING_FIXTURE
SYN_SEG_0206	SYN_SEG_SPK_06	SYN_SESSION_06	fricative	medial							602.0	602.171044	ok		SYNTHETIC_TEACHING_FIXTURE
SYN_SEG_0207	SYN_SEG_SPK_06	SYN_SESSION_06	fricative	final							603.0	603.107221	ok		SYNTHETIC_TEACHING_FIXTURE
SYN_SEG_0208	SYN_SEG_SPK_06	SYN_SESSION_06	fricative	initial							604.0	604.174228	ok		SYNTHETIC_TEACHING_FIXTURE
SYN_SEG_0209	SYN_SEG_SPK_06	SYN_SESSION_06	fricative	medial							605.0	605.134737	ok		SYNTHETIC_TEACHING_FIXTURE
SYN_SEG_0210	SYN_SEG_SPK_06	SYN_SESSION_06	fricative	final							606.0	606.118076	ok		SYNTHETIC_TEACHING_FIXTURE
SYN_SEG_0211	SYN_SEG_SPK_06	SYN_SESSION_06	fricative	initial							607.0	607.099995	ok		SYNTHETIC_TEACHING_FIXTURE
SYN_SEG_0212	SYN_SEG_SPK_06	SYN_SESSION_06	fricative	medial							608.0	608.147055	ok		SYNTHETIC_TEACHING_FIXTURE
SYN_SEG_0213	SYN_SEG_SPK_06	SYN_SESSION_06	fricative	final							609.0	609.156797	ok		SYNTHETIC_TEACHING_FIXTURE
SYN_SEG_0214	SYN_SEG_SPK_06	SYN_SESSION_06	fricative	initial							610.0	610.138786	ok		SYNTHETIC_TEACHING_FIXTURE
SYN_SEG_0215	SYN_SEG_SPK_06	SYN_SESSION_06	fricative	medial							611.0	611.075745	ok		SYNTHETIC_TEACHING_FIXTURE
SYN_SEG_0216	SYN_SEG_SPK_06	SYN_SESSION_06	fricative	final							612.0	612.080532	ok		SYNTHETIC_TEACHING_FIXTURE
SYN_SEG_0217	SYN_SEG_SPK_07	SYN_SESSION_07	stop	initial		701.0	701.054088	701.06019	701.06019				ok		SYNTHETIC_TEACHING_FIXTURE
SYN_SEG_0218	SYN_SEG_SPK_07	SYN_SESSION_07	stop	medial		702.0	702.085255	702.125405	702.125405				ok		SYNTHETIC_TEACHING_FIXTURE
SYN_SEG_0219	SYN_SEG_SPK_07	SYN_SESSION_07	stop	final		703.0	703.078859	703.114343	703.114343				ok		SYNTHETIC_TEACHING_FIXTURE
SYN_SEG_0220	SYN_SEG_SPK_07	SYN_SESSION_07	stop	initial		704.0	704.092793	704.147699	704.147699				ok		SYNTHETIC_TEACHING_FIXTURE
SYN_SEG_0221	SYN_SEG_SPK_07	SYN_SESSION_07	stop	medial		705.0	705.106168	705.099399	705.111168				ok		SYNTHETIC_TEACHING_FIXTURE
SYN_SEG_0222	SYN_SEG_SPK_07	SYN_SESSION_07	stop	final		706.0	706.083374	706.081597	706.088374				ok		SYNTHETIC_TEACHING_FIXTURE
SYN_SEG_0223	SYN_SEG_SPK_07	SYN_SESSION_07	stop	initial		707.0	707.046401	707.042487	707.051401				ok		SYNTHETIC_TEACHING_FIXTURE
SYN_SEG_0224	SYN_SEG_SPK_07	SYN_SESSION_07	stop	medial		708.0	708.092067	708.147076	708.147076				ok		SYNTHETIC_TEACHING_FIXTURE
SYN_SEG_0225	SYN_SEG_SPK_07	SYN_SESSION_07	stop	final		709.0	709.062472	709.058661	709.067472				ok		SYNTHETIC_TEACHING_FIXTURE
SYN_SEG_0226	SYN_SEG_SPK_07	SYN_SESSION_07	stop	initial		710.0	710.084016	710.101123	710.101123				ok		SYNTHETIC_TEACHING_FIXTURE
SYN_SEG_0227	SYN_SEG_SPK_07	SYN_SESSION_07	stop	medial		711.0	711.08142	711.155028	711.155028				ok		SYNTHETIC_TEACHING_FIXTURE
SYN_SEG_0228	SYN_SEG_SPK_07	SYN_SESSION_07	stop	final		712.0	712.094938	712.137511	712.137511				ok		SYNTHETIC_TEACHING_FIXTURE
SYN_SEG_0229	SYN_SEG_SPK_07	SYN_SESSION_07	vowel	initial	i				701.0	701.160514			ok		SYNTHETIC_TEACHING_FIXTURE
SYN_SEG_0230	SYN_SEG_SPK_07	SYN_SESSION_07	vowel	medial	a				702.0	702.081488			ok		SYNTHETIC_TEACHING_FIXTURE
SYN_SEG_0231	SYN_SEG_SPK_07	SYN_SESSION_07	vowel	final	u				703.0	703.16809			ok		SYNTHETIC_TEACHING_FIXTURE
SYN_SEG_0232	SYN_SEG_SPK_07	SYN_SESSION_07	vowel	initial	i				704.0	704.191214			ok		SYNTHETIC_TEACHING_FIXTURE
SYN_SEG_0233	SYN_SEG_SPK_07	SYN_SESSION_07	vowel	medial	a				705.0	705.122088			ok		SYNTHETIC_TEACHING_FIXTURE
SYN_SEG_0234	SYN_SEG_SPK_07	SYN_SESSION_07	vowel	final	u				706.0	706.078414			ok		SYNTHETIC_TEACHING_FIXTURE
SYN_SEG_0235	SYN_SEG_SPK_07	SYN_SESSION_07	vowel	initial	i				707.0	707.097322			ok		SYNTHETIC_TEACHING_FIXTURE
SYN_SEG_0236	SYN_SEG_SPK_07	SYN_SESSION_07	vowel	medial	a				708.0	708.196233			ok		SYNTHETIC_TEACHING_FIXTURE
SYN_SEG_0237	SYN_SEG_SPK_07	SYN_SESSION_07	vowel	final	u				709.0	709.20221			ok		SYNTHETIC_TEACHING_FIXTURE
SYN_SEG_0238	SYN_SEG_SPK_07	SYN_SESSION_07	vowel	initial	i				710.0	710.184155			ok		SYNTHETIC_TEACHING_FIXTURE
SYN_SEG_0239	SYN_SEG_SPK_07	SYN_SESSION_07	vowel	medial	a				711.0	711.199564			ok		SYNTHETIC_TEACHING_FIXTURE
SYN_SEG_0240	SYN_SEG_SPK_07	SYN_SESSION_07	vowel	final	u				712.0	712.207436			ok		SYNTHETIC_TEACHING_FIXTURE
SYN_SEG_0241	SYN_SEG_SPK_07	SYN_SESSION_07	fricative	initial							701.0	701.115502	ok		SYNTHETIC_TEACHING_FIXTURE
SYN_SEG_0242	SYN_SEG_SPK_07	SYN_SESSION_07	fricative	medial							702.0	702.08015	ok		SYNTHETIC_TEACHING_FIXTURE
SYN_SEG_0243	SYN_SEG_SPK_07	SYN_SESSION_07	fricative	final							703.0	703.176548	ok		SYNTHETIC_TEACHING_FIXTURE
SYN_SEG_0244	SYN_SEG_SPK_07	SYN_SESSION_07	fricative	initial							704.0	704.09946	ok		SYNTHETIC_TEACHING_FIXTURE
SYN_SEG_0245	SYN_SEG_SPK_07	SYN_SESSION_07	fricative	medial							705.0	705.159382	ok		SYNTHETIC_TEACHING_FIXTURE
SYN_SEG_0246	SYN_SEG_SPK_07	SYN_SESSION_07	fricative	final							706.0	706.099381	ok		SYNTHETIC_TEACHING_FIXTURE
SYN_SEG_0247	SYN_SEG_SPK_07	SYN_SESSION_07	fricative	initial							707.0	707.139478	ok		SYNTHETIC_TEACHING_FIXTURE
SYN_SEG_0248	SYN_SEG_SPK_07	SYN_SESSION_07	fricative	medial							708.0	708.09566	ok		SYNTHETIC_TEACHING_FIXTURE
SYN_SEG_0249	SYN_SEG_SPK_07	SYN_SESSION_07	fricative	final							709.0	709.112873	ok		SYNTHETIC_TEACHING_FIXTURE
SYN_SEG_0250	SYN_SEG_SPK_07	SYN_SESSION_07	fricative	initial							710.0	710.133184	ok		SYNTHETIC_TEACHING_FIXTURE
SYN_SEG_0251	SYN_SEG_SPK_07	SYN_SESSION_07	fricative	medial							711.0	711.074604	ok		SYNTHETIC_TEACHING_FIXTURE
SYN_SEG_0252	SYN_SEG_SPK_07	SYN_SESSION_07	fricative	final							712.0	712.070977	ok		SYNTHETIC_TEACHING_FIXTURE
SYN_SEG_0253	SYN_SEG_SPK_08	SYN_SESSION_08	stop	initial		801.0	801.073183	801.066364	801.078183				ok		SYNTHETIC_TEACHING_FIXTURE
SYN_SEG_0254	SYN_SEG_SPK_08	SYN_SESSION_08	stop	medial		802.0	802.095339	802.117652	802.117652				ok		SYNTHETIC_TEACHING_FIXTURE
SYN_SEG_0255	SYN_SEG_SPK_08	SYN_SESSION_08	stop	final		803.0	803.084217	803.147536	803.147536				ok		SYNTHETIC_TEACHING_FIXTURE
SYN_SEG_0256	SYN_SEG_SPK_08	SYN_SESSION_08	stop	initial		804.0	804.09683	804.126031	804.126031				ok		SYNTHETIC_TEACHING_FIXTURE
SYN_SEG_0257	SYN_SEG_SPK_08	SYN_SESSION_08	stop	medial		805.0	805.055539	805.124761	805.124761				ok		SYNTHETIC_TEACHING_FIXTURE
SYN_SEG_0258	SYN_SEG_SPK_08	SYN_SESSION_08	stop	final		806.0	806.057649	806.095278	806.095278				ok		SYNTHETIC_TEACHING_FIXTURE
SYN_SEG_0259	SYN_SEG_SPK_08	SYN_SESSION_08	stop	initial		807.0	807.06666	807.132417	807.132417				ok		SYNTHETIC_TEACHING_FIXTURE
SYN_SEG_0260	SYN_SEG_SPK_08	SYN_SESSION_08	stop	medial		808.0	808.077366	808.070376	808.082366				ok		SYNTHETIC_TEACHING_FIXTURE
SYN_SEG_0261	SYN_SEG_SPK_08	SYN_SESSION_08	stop	final		809.0	809.103744	809.141715	809.141715				ok		SYNTHETIC_TEACHING_FIXTURE
SYN_SEG_0262	SYN_SEG_SPK_08	SYN_SESSION_08	stop	initial		810.0	810.048378	810.032178	810.053378				ok		SYNTHETIC_TEACHING_FIXTURE
SYN_SEG_0263	SYN_SEG_SPK_08	SYN_SESSION_08	stop	medial		811.0	811.066221	811.056442	811.071221				ok		SYNTHETIC_TEACHING_FIXTURE
SYN_SEG_0264	SYN_SEG_SPK_08	SYN_SESSION_08	stop	final		812.0	812.068973	812.08855	812.08855				ok		SYNTHETIC_TEACHING_FIXTURE
SYN_SEG_0265	SYN_SEG_SPK_08	SYN_SESSION_08	vowel	initial	i				801.0	801.09258			ok		SYNTHETIC_TEACHING_FIXTURE
SYN_SEG_0266	SYN_SEG_SPK_08	SYN_SESSION_08	vowel	medial	a				802.0	802.179943			ok		SYNTHETIC_TEACHING_FIXTURE
SYN_SEG_0267	SYN_SEG_SPK_08	SYN_SESSION_08	vowel	final	u				803.0	803.114426			ok		SYNTHETIC_TEACHING_FIXTURE
SYN_SEG_0268	SYN_SEG_SPK_08	SYN_SESSION_08	vowel	initial	i				804.0	804.090973			ok		SYNTHETIC_TEACHING_FIXTURE
SYN_SEG_0269	SYN_SEG_SPK_08	SYN_SESSION_08	vowel	medial	a				805.0	805.165378			ok		SYNTHETIC_TEACHING_FIXTURE
SYN_SEG_0270	SYN_SEG_SPK_08	SYN_SESSION_08	vowel	final	u				806.0	806.207106			ok		SYNTHETIC_TEACHING_FIXTURE
SYN_SEG_0271	SYN_SEG_SPK_08	SYN_SESSION_08	vowel	initial	i				807.0	807.172737			ok		SYNTHETIC_TEACHING_FIXTURE
SYN_SEG_0272	SYN_SEG_SPK_08	SYN_SESSION_08	vowel	medial	a				808.0	808.146143			ok		SYNTHETIC_TEACHING_FIXTURE
SYN_SEG_0273	SYN_SEG_SPK_08	SYN_SESSION_08	vowel	final	u				809.0	809.216079			ok		SYNTHETIC_TEACHING_FIXTURE
SYN_SEG_0274	SYN_SEG_SPK_08	SYN_SESSION_08	vowel	initial	i				810.0	810.126477			ok		SYNTHETIC_TEACHING_FIXTURE
SYN_SEG_0275	SYN_SEG_SPK_08	SYN_SESSION_08	vowel	medial	a				811.0	811.190033			ok		SYNTHETIC_TEACHING_FIXTURE
SYN_SEG_0276	SYN_SEG_SPK_08	SYN_SESSION_08	vowel	final	u				812.0	812.191196			ok		SYNTHETIC_TEACHING_FIXTURE
SYN_SEG_0277	SYN_SEG_SPK_08	SYN_SESSION_08	fricative	initial							801.0	801.159302	ok		SYNTHETIC_TEACHING_FIXTURE
SYN_SEG_0278	SYN_SEG_SPK_08	SYN_SESSION_08	fricative	medial							802.0	802.087793	ok		SYNTHETIC_TEACHING_FIXTURE
SYN_SEG_0279	SYN_SEG_SPK_08	SYN_SESSION_08	fricative	final							803.0	803.146352	ok		SYNTHETIC_TEACHING_FIXTURE
SYN_SEG_0280	SYN_SEG_SPK_08	SYN_SESSION_08	fricative	initial							804.0	804.108506	ok		SYNTHETIC_TEACHING_FIXTURE
SYN_SEG_0281	SYN_SEG_SPK_08	SYN_SESSION_08	fricative	medial							805.0	805.109638	ok		SYNTHETIC_TEACHING_FIXTURE
SYN_SEG_0282	SYN_SEG_SPK_08	SYN_SESSION_08	fricative	final							806.0	806.174993	ok		SYNTHETIC_TEACHING_FIXTURE
SYN_SEG_0283	SYN_SEG_SPK_08	SYN_SESSION_08	fricative	initial							807.0	807.082074	ok		SYNTHETIC_TEACHING_FIXTURE
SYN_SEG_0284	SYN_SEG_SPK_08	SYN_SESSION_08	fricative	medial							808.0	808.118943	ok		SYNTHETIC_TEACHING_FIXTURE
SYN_SEG_0285	SYN_SEG_SPK_08	SYN_SESSION_08	fricative	final							809.0	809.094024	ok		SYNTHETIC_TEACHING_FIXTURE
SYN_SEG_0286	SYN_SEG_SPK_08	SYN_SESSION_08	fricative	initial							810.0	810.136956	ok		SYNTHETIC_TEACHING_FIXTURE
SYN_SEG_0287	SYN_SEG_SPK_08	SYN_SESSION_08	fricative	medial							811.0	811.143362	ok		SYNTHETIC_TEACHING_FIXTURE
SYN_SEG_0288	SYN_SEG_SPK_08	SYN_SESSION_08	fricative	final							812.0	812.128428	ok		SYNTHETIC_TEACHING_FIXTURE
SYN_SEG_0289	SYN_SEG_SPK_09	SYN_SESSION_09	stop	initial		901.0	901.09912	901.087844	901.10412				ok		SYNTHETIC_TEACHING_FIXTURE
SYN_SEG_0290	SYN_SEG_SPK_09	SYN_SESSION_09	stop	medial		902.0	902.095536	902.123189	902.123189				ok		SYNTHETIC_TEACHING_FIXTURE
SYN_SEG_0291	SYN_SEG_SPK_09	SYN_SESSION_09	stop	final		903.0	903.076407		903.136178				missing	absent_periodicity	SYNTHETIC_TEACHING_FIXTURE
SYN_SEG_0292	SYN_SEG_SPK_09	SYN_SESSION_09	stop	initial		904.0	904.102325	904.165347	904.165347				ok		SYNTHETIC_TEACHING_FIXTURE
SYN_SEG_0293	SYN_SEG_SPK_09	SYN_SESSION_09	stop	medial		905.0	905.061602	905.143436	905.143436				ok		SYNTHETIC_TEACHING_FIXTURE
SYN_SEG_0294	SYN_SEG_SPK_09	SYN_SESSION_09	stop	final		906.0	906.086638	906.109183	906.109183				ok		SYNTHETIC_TEACHING_FIXTURE
SYN_SEG_0295	SYN_SEG_SPK_09	SYN_SESSION_09	stop	initial		907.0	907.073642	907.151257	907.151257				ok		SYNTHETIC_TEACHING_FIXTURE
SYN_SEG_0296	SYN_SEG_SPK_09	SYN_SESSION_09	stop	medial		908.0	908.078775	908.139813	908.139813				ok		SYNTHETIC_TEACHING_FIXTURE
SYN_SEG_0297	SYN_SEG_SPK_09	SYN_SESSION_09	stop	final		909.0	909.059959	909.081997	909.081997				ok		SYNTHETIC_TEACHING_FIXTURE
SYN_SEG_0298	SYN_SEG_SPK_09	SYN_SESSION_09	stop	initial		910.0	910.103396	910.17163	910.17163				ok		SYNTHETIC_TEACHING_FIXTURE
SYN_SEG_0299	SYN_SEG_SPK_09	SYN_SESSION_09	stop	medial		911.0	911.071207	911.068	911.076207				ok		SYNTHETIC_TEACHING_FIXTURE
SYN_SEG_0300	SYN_SEG_SPK_09	SYN_SESSION_09	stop	final		912.0	912.099845	912.113389	912.113389				ok		SYNTHETIC_TEACHING_FIXTURE
SYN_SEG_0301	SYN_SEG_SPK_09	SYN_SESSION_09	vowel	initial	i				901.0	901.109446			ok		SYNTHETIC_TEACHING_FIXTURE
SYN_SEG_0302	SYN_SEG_SPK_09	SYN_SESSION_09	vowel	medial	a				902.0	902.163065			ok		SYNTHETIC_TEACHING_FIXTURE
SYN_SEG_0303	SYN_SEG_SPK_09	SYN_SESSION_09	vowel	final	a				903.0	903.098134			ok		SYNTHETIC_TEACHING_FIXTURE
SYN_SEG_0304	SYN_SEG_SPK_09	SYN_SESSION_09	vowel	initial	i				904.0	904.16299			ok		SYNTHETIC_TEACHING_FIXTURE
SYN_SEG_0305	SYN_SEG_SPK_09	SYN_SESSION_09	vowel	medial	a				905.0	905.154652			ok		SYNTHETIC_TEACHING_FIXTURE
SYN_SEG_0306	SYN_SEG_SPK_09	SYN_SESSION_09	vowel	final	a				906.0	906.128389			ok		SYNTHETIC_TEACHING_FIXTURE
SYN_SEG_0307	SYN_SEG_SPK_09	SYN_SESSION_09	vowel	initial	i				907.0	907.150903			ok		SYNTHETIC_TEACHING_FIXTURE
SYN_SEG_0308	SYN_SEG_SPK_09	SYN_SESSION_09	vowel	medial	a				908.0	908.146024			ok		SYNTHETIC_TEACHING_FIXTURE
SYN_SEG_0309	SYN_SEG_SPK_09	SYN_SESSION_09	vowel	final	a				909.0	909.098122			ok		SYNTHETIC_TEACHING_FIXTURE
SYN_SEG_0310	SYN_SEG_SPK_09	SYN_SESSION_09	vowel	initial	i				910.0	910.102645			ok		SYNTHETIC_TEACHING_FIXTURE
SYN_SEG_0311	SYN_SEG_SPK_09	SYN_SESSION_09	vowel	medial	a				911.0	911.21965			ok		SYNTHETIC_TEACHING_FIXTURE
SYN_SEG_0312	SYN_SEG_SPK_09	SYN_SESSION_09	vowel	final	a				912.0	912.097767			ok		SYNTHETIC_TEACHING_FIXTURE
SYN_SEG_0313	SYN_SEG_SPK_09	SYN_SESSION_09	fricative	initial							901.0	901.160425	ok		SYNTHETIC_TEACHING_FIXTURE
SYN_SEG_0314	SYN_SEG_SPK_09	SYN_SESSION_09	fricative	medial							902.0	902.080706	ok		SYNTHETIC_TEACHING_FIXTURE
SYN_SEG_0315	SYN_SEG_SPK_09	SYN_SESSION_09	fricative	final							903.0	903.117414	ok		SYNTHETIC_TEACHING_FIXTURE
SYN_SEG_0316	SYN_SEG_SPK_09	SYN_SESSION_09	fricative	initial							904.0	904.106366	ok		SYNTHETIC_TEACHING_FIXTURE
SYN_SEG_0317	SYN_SEG_SPK_09	SYN_SESSION_09	fricative	medial							905.0	905.130199	ok		SYNTHETIC_TEACHING_FIXTURE
SYN_SEG_0318	SYN_SEG_SPK_09	SYN_SESSION_09	fricative	final							906.0	906.073835	ok		SYNTHETIC_TEACHING_FIXTURE
SYN_SEG_0319	SYN_SEG_SPK_09	SYN_SESSION_09	fricative	initial							907.0	907.134445	ok		SYNTHETIC_TEACHING_FIXTURE
SYN_SEG_0320	SYN_SEG_SPK_09	SYN_SESSION_09	fricative	medial							908.0	908.081745	ok		SYNTHETIC_TEACHING_FIXTURE
SYN_SEG_0321	SYN_SEG_SPK_09	SYN_SESSION_09	fricative	final							909.0	909.126145	ok		SYNTHETIC_TEACHING_FIXTURE
SYN_SEG_0322	SYN_SEG_SPK_09	SYN_SESSION_09	fricative	initial							910.0	910.157652	ok		SYNTHETIC_TEACHING_FIXTURE
SYN_SEG_0323	SYN_SEG_SPK_09	SYN_SESSION_09	fricative	medial							911.0	911.145296	ok		SYNTHETIC_TEACHING_FIXTURE
SYN_SEG_0324	SYN_SEG_SPK_09	SYN_SESSION_09	fricative	final							912.0	912.122927	ok		SYNTHETIC_TEACHING_FIXTURE
SYN_SEG_0325	SYN_SEG_SPK_10	SYN_SESSION_10	stop	initial		1001.0	1001.059497	1001.089173	1001.089173				ok		SYNTHETIC_TEACHING_FIXTURE
SYN_SEG_0326	SYN_SEG_SPK_10	SYN_SESSION_10	stop	medial		1002.0	1002.065265	1002.113387	1002.113387				ok		SYNTHETIC_TEACHING_FIXTURE
SYN_SEG_0327	SYN_SEG_SPK_10	SYN_SESSION_10	stop	final		1003.0	1003.046755	1003.067525	1003.067525				ok		SYNTHETIC_TEACHING_FIXTURE
SYN_SEG_0328	SYN_SEG_SPK_10	SYN_SESSION_10	stop	initial		1004.0	1004.064227	1004.112987	1004.112987				ok		SYNTHETIC_TEACHING_FIXTURE
SYN_SEG_0329	SYN_SEG_SPK_10	SYN_SESSION_10	stop	medial		1005.0	1005.099088	1005.119986	1005.119986				ok		SYNTHETIC_TEACHING_FIXTURE
SYN_SEG_0330	SYN_SEG_SPK_10	SYN_SESSION_10	stop	final		1006.0	1006.046214	1006.032688	1006.051214				ok		SYNTHETIC_TEACHING_FIXTURE
SYN_SEG_0331	SYN_SEG_SPK_10	SYN_SESSION_10	stop	initial		1007.0	1007.053284	1007.047313	1007.058284				ok		SYNTHETIC_TEACHING_FIXTURE
SYN_SEG_0332	SYN_SEG_SPK_10	SYN_SESSION_10	stop	medial		1008.0	1008.089634	1008.162959	1008.162959				ok		SYNTHETIC_TEACHING_FIXTURE
SYN_SEG_0333	SYN_SEG_SPK_10	SYN_SESSION_10	stop	final		1009.0	1009.065912	1009.117075	1009.117075				ok		SYNTHETIC_TEACHING_FIXTURE
SYN_SEG_0334	SYN_SEG_SPK_10	SYN_SESSION_10	stop	initial		1010.0	1010.108467	1010.150013	1010.150013				ok		SYNTHETIC_TEACHING_FIXTURE
SYN_SEG_0335	SYN_SEG_SPK_10	SYN_SESSION_10	stop	medial		1011.0	1011.107059	1011.153495	1011.153495				ok		SYNTHETIC_TEACHING_FIXTURE
SYN_SEG_0336	SYN_SEG_SPK_10	SYN_SESSION_10	stop	final		1012.0	1012.098117	1012.079759	1012.103117				ok		SYNTHETIC_TEACHING_FIXTURE
SYN_SEG_0337	SYN_SEG_SPK_10	SYN_SESSION_10	vowel	initial	i				1001.0	1001.1384			ok		SYNTHETIC_TEACHING_FIXTURE
SYN_SEG_0338	SYN_SEG_SPK_10	SYN_SESSION_10	vowel	medial	a				1002.0	1002.11756			ok		SYNTHETIC_TEACHING_FIXTURE
SYN_SEG_0339	SYN_SEG_SPK_10	SYN_SESSION_10	vowel	final	u				1003.0				missing	no_steady_state	SYNTHETIC_TEACHING_FIXTURE
SYN_SEG_0340	SYN_SEG_SPK_10	SYN_SESSION_10	vowel	initial	i				1004.0	1004.157676			ok		SYNTHETIC_TEACHING_FIXTURE
SYN_SEG_0341	SYN_SEG_SPK_10	SYN_SESSION_10	vowel	medial	a				1005.0	1005.180663			ok		SYNTHETIC_TEACHING_FIXTURE
SYN_SEG_0342	SYN_SEG_SPK_10	SYN_SESSION_10	vowel	final	u				1006.0	1006.169661			ok		SYNTHETIC_TEACHING_FIXTURE
SYN_SEG_0343	SYN_SEG_SPK_10	SYN_SESSION_10	vowel	initial	i				1007.0	1007.120895			ok		SYNTHETIC_TEACHING_FIXTURE
SYN_SEG_0344	SYN_SEG_SPK_10	SYN_SESSION_10	vowel	medial	a				1008.0	1008.168623			ok		SYNTHETIC_TEACHING_FIXTURE
SYN_SEG_0345	SYN_SEG_SPK_10	SYN_SESSION_10	vowel	final	u				1009.0	1009.103867			ok		SYNTHETIC_TEACHING_FIXTURE
SYN_SEG_0346	SYN_SEG_SPK_10	SYN_SESSION_10	vowel	initial	i				1010.0	1010.144419			ok		SYNTHETIC_TEACHING_FIXTURE
SYN_SEG_0347	SYN_SEG_SPK_10	SYN_SESSION_10	vowel	medial	a				1011.0	1011.176727			ok		SYNTHETIC_TEACHING_FIXTURE
SYN_SEG_0348	SYN_SEG_SPK_10	SYN_SESSION_10	vowel	final	u				1012.0	1012.151304			ok		SYNTHETIC_TEACHING_FIXTURE
SYN_SEG_0349	SYN_SEG_SPK_10	SYN_SESSION_10	fricative	initial							1001.0	1001.149804	ok		SYNTHETIC_TEACHING_FIXTURE
SYN_SEG_0350	SYN_SEG_SPK_10	SYN_SESSION_10	fricative	medial							1002.0	1002.071287	ok		SYNTHETIC_TEACHING_FIXTURE
SYN_SEG_0351	SYN_SEG_SPK_10	SYN_SESSION_10	fricative	final							1003.0	1003.167037	ok		SYNTHETIC_TEACHING_FIXTURE
SYN_SEG_0352	SYN_SEG_SPK_10	SYN_SESSION_10	fricative	initial							1004.0	1004.085693	ok		SYNTHETIC_TEACHING_FIXTURE
SYN_SEG_0353	SYN_SEG_SPK_10	SYN_SESSION_10	fricative	medial							1005.0	1005.077035	ok		SYNTHETIC_TEACHING_FIXTURE
SYN_SEG_0354	SYN_SEG_SPK_10	SYN_SESSION_10	fricative	final							1006.0	1006.161296	ok		SYNTHETIC_TEACHING_FIXTURE
SYN_SEG_0355	SYN_SEG_SPK_10	SYN_SESSION_10	fricative	initial							1007.0	1007.161557	ok		SYNTHETIC_TEACHING_FIXTURE
SYN_SEG_0356	SYN_SEG_SPK_10	SYN_SESSION_10	fricative	medial							1008.0	1008.125167	ok		SYNTHETIC_TEACHING_FIXTURE
SYN_SEG_0357	SYN_SEG_SPK_10	SYN_SESSION_10	fricative	final							1009.0	1009.162786	ok		SYNTHETIC_TEACHING_FIXTURE
SYN_SEG_0358	SYN_SEG_SPK_10	SYN_SESSION_10	fricative	initial							1010.0	1010.16586	ok		SYNTHETIC_TEACHING_FIXTURE
SYN_SEG_0359	SYN_SEG_SPK_10	SYN_SESSION_10	fricative	medial							1011.0	1011.097979	ok		SYNTHETIC_TEACHING_FIXTURE
SYN_SEG_0360	SYN_SEG_SPK_10	SYN_SESSION_10	fricative	final							1012.0	1012.088921	ok		SYNTHETIC_TEACHING_FIXTURE
SYN_SEG_0361	SYN_SEG_SPK_11	SYN_SESSION_11	stop	initial		1101.0	1101.093768	1101.121944	1101.121944				ok		SYNTHETIC_TEACHING_FIXTURE
SYN_SEG_0362	SYN_SEG_SPK_11	SYN_SESSION_11	stop	medial		1102.0	1102.045754	1102.098725	1102.098725				ok		SYNTHETIC_TEACHING_FIXTURE
SYN_SEG_0363	SYN_SEG_SPK_11	SYN_SESSION_11	stop	final		1103.0	1103.052038	1103.109374	1103.109374				ok		SYNTHETIC_TEACHING_FIXTURE
SYN_SEG_0364	SYN_SEG_SPK_11	SYN_SESSION_11	stop	initial		1104.0	1104.100353	1104.104567	1104.105353				ok		SYNTHETIC_TEACHING_FIXTURE
SYN_SEG_0365	SYN_SEG_SPK_11	SYN_SESSION_11	stop	medial		1105.0	1105.090085	1105.145899	1105.145899				ok		SYNTHETIC_TEACHING_FIXTURE
SYN_SEG_0366	SYN_SEG_SPK_11	SYN_SESSION_11	stop	final		1106.0	1106.107956	1106.105467	1106.112956				ok		SYNTHETIC_TEACHING_FIXTURE
SYN_SEG_0367	SYN_SEG_SPK_11	SYN_SESSION_11	stop	initial		1107.0	1107.087394	1107.100533	1107.100533				ok		SYNTHETIC_TEACHING_FIXTURE
SYN_SEG_0368	SYN_SEG_SPK_11	SYN_SESSION_11	stop	medial		1108.0	1108.096532	1108.089709	1108.101532				ok		SYNTHETIC_TEACHING_FIXTURE
SYN_SEG_0369	SYN_SEG_SPK_11	SYN_SESSION_11	stop	final		1109.0	1109.05378	1109.043963	1109.05878				ok		SYNTHETIC_TEACHING_FIXTURE
SYN_SEG_0370	SYN_SEG_SPK_11	SYN_SESSION_11	stop	initial		1110.0	1110.084644	1110.165768	1110.165768				ok		SYNTHETIC_TEACHING_FIXTURE
SYN_SEG_0371	SYN_SEG_SPK_11	SYN_SESSION_11	stop	medial		1111.0	1111.092811	1111.154578	1111.154578				ok		SYNTHETIC_TEACHING_FIXTURE
SYN_SEG_0372	SYN_SEG_SPK_11	SYN_SESSION_11	stop	final		1112.0	1112.071899	1112.112331	1112.112331				ok		SYNTHETIC_TEACHING_FIXTURE
SYN_SEG_0373	SYN_SEG_SPK_11	SYN_SESSION_11	vowel	initial	i				1101.0	1101.155362			ok		SYNTHETIC_TEACHING_FIXTURE
SYN_SEG_0374	SYN_SEG_SPK_11	SYN_SESSION_11	vowel	medial	a				1102.0	1102.106258			ok		SYNTHETIC_TEACHING_FIXTURE
SYN_SEG_0375	SYN_SEG_SPK_11	SYN_SESSION_11	vowel	final	u				1103.0	1103.123788			ok		SYNTHETIC_TEACHING_FIXTURE
SYN_SEG_0376	SYN_SEG_SPK_11	SYN_SESSION_11	vowel	initial	i				1104.0	1104.119399			ok		SYNTHETIC_TEACHING_FIXTURE
SYN_SEG_0377	SYN_SEG_SPK_11	SYN_SESSION_11	vowel	medial	a				1105.0	1105.085974			ok		SYNTHETIC_TEACHING_FIXTURE
SYN_SEG_0378	SYN_SEG_SPK_11	SYN_SESSION_11	vowel	final	u				1106.0	1106.193177			ok		SYNTHETIC_TEACHING_FIXTURE
SYN_SEG_0379	SYN_SEG_SPK_11	SYN_SESSION_11	vowel	initial	i				1107.0	1107.189935			ok		SYNTHETIC_TEACHING_FIXTURE
SYN_SEG_0380	SYN_SEG_SPK_11	SYN_SESSION_11	vowel	medial	a				1108.0	1108.097723			ok		SYNTHETIC_TEACHING_FIXTURE
SYN_SEG_0381	SYN_SEG_SPK_11	SYN_SESSION_11	vowel	final	u				1109.0	1109.08821			ok		SYNTHETIC_TEACHING_FIXTURE
SYN_SEG_0382	SYN_SEG_SPK_11	SYN_SESSION_11	vowel	initial	i				1110.0	1110.203895			ok		SYNTHETIC_TEACHING_FIXTURE
SYN_SEG_0383	SYN_SEG_SPK_11	SYN_SESSION_11	vowel	medial	a				1111.0	1111.172552			ok		SYNTHETIC_TEACHING_FIXTURE
SYN_SEG_0384	SYN_SEG_SPK_11	SYN_SESSION_11	vowel	final	u				1112.0	1112.16527			ok		SYNTHETIC_TEACHING_FIXTURE
SYN_SEG_0385	SYN_SEG_SPK_11	SYN_SESSION_11	fricative	initial							1101.0	1101.072111	ok		SYNTHETIC_TEACHING_FIXTURE
SYN_SEG_0386	SYN_SEG_SPK_11	SYN_SESSION_11	fricative	medial							1102.0	1102.086556	ok		SYNTHETIC_TEACHING_FIXTURE
SYN_SEG_0387	SYN_SEG_SPK_11	SYN_SESSION_11	fricative	final							1103.0	1103.073459	ok		SYNTHETIC_TEACHING_FIXTURE
SYN_SEG_0388	SYN_SEG_SPK_11	SYN_SESSION_11	fricative	initial							1104.0	1104.132199	ok		SYNTHETIC_TEACHING_FIXTURE
SYN_SEG_0389	SYN_SEG_SPK_11	SYN_SESSION_11	fricative	medial							1105.0	1105.134216	ok		SYNTHETIC_TEACHING_FIXTURE
SYN_SEG_0390	SYN_SEG_SPK_11	SYN_SESSION_11	fricative	final							1106.0	1106.089877	ok		SYNTHETIC_TEACHING_FIXTURE
SYN_SEG_0391	SYN_SEG_SPK_11	SYN_SESSION_11	fricative	initial							1107.0	1107.094973	ok		SYNTHETIC_TEACHING_FIXTURE
SYN_SEG_0392	SYN_SEG_SPK_11	SYN_SESSION_11	fricative	medial							1108.0	1108.124325	ok		SYNTHETIC_TEACHING_FIXTURE
SYN_SEG_0393	SYN_SEG_SPK_11	SYN_SESSION_11	fricative	final							1109.0	1109.084919	ok		SYNTHETIC_TEACHING_FIXTURE
SYN_SEG_0394	SYN_SEG_SPK_11	SYN_SESSION_11	fricative	initial							1110.0	1110.091807	ok		SYNTHETIC_TEACHING_FIXTURE
SYN_SEG_0395	SYN_SEG_SPK_11	SYN_SESSION_11	fricative	medial							1111.0	1111.122275	ok		SYNTHETIC_TEACHING_FIXTURE
SYN_SEG_0396	SYN_SEG_SPK_11	SYN_SESSION_11	fricative	final							1112.0	1112.17484	ok		SYNTHETIC_TEACHING_FIXTURE
SYN_SEG_0397	SYN_SEG_SPK_12	SYN_SESSION_12	stop	initial		1201.0	1201.059552	1201.108382	1201.108382				ok		SYNTHETIC_TEACHING_FIXTURE
SYN_SEG_0398	SYN_SEG_SPK_12	SYN_SESSION_12	stop	medial		1202.0	1202.074442	1202.109383	1202.109383				ok		SYNTHETIC_TEACHING_FIXTURE
SYN_SEG_0399	SYN_SEG_SPK_12	SYN_SESSION_12	stop	final		1203.0	1203.083118	1203.114791	1203.114791				ok		SYNTHETIC_TEACHING_FIXTURE
SYN_SEG_0400	SYN_SEG_SPK_12	SYN_SESSION_12	stop	initial		1204.0	1204.061574	1204.131019	1204.131019				ok		SYNTHETIC_TEACHING_FIXTURE
SYN_SEG_0401	SYN_SEG_SPK_12	SYN_SESSION_12	stop	medial		1205.0	1205.101674	1205.160451	1205.160451				ok		SYNTHETIC_TEACHING_FIXTURE
SYN_SEG_0402	SYN_SEG_SPK_12	SYN_SESSION_12	stop	final		1206.0	1206.081785	1206.122078	1206.122078				ok		SYNTHETIC_TEACHING_FIXTURE
SYN_SEG_0403	SYN_SEG_SPK_12	SYN_SESSION_12	stop	initial		1207.0	1207.069685	1207.138132	1207.138132				ok		SYNTHETIC_TEACHING_FIXTURE
SYN_SEG_0404	SYN_SEG_SPK_12	SYN_SESSION_12	stop	medial		1208.0	1208.056164	1208.126214	1208.126214				ok		SYNTHETIC_TEACHING_FIXTURE
SYN_SEG_0405	SYN_SEG_SPK_12	SYN_SESSION_12	stop	final		1209.0	1209.086017	1209.151218	1209.151218				ok		SYNTHETIC_TEACHING_FIXTURE
SYN_SEG_0406	SYN_SEG_SPK_12	SYN_SESSION_12	stop	initial		1210.0	1210.064209	1210.110496	1210.110496				ok		SYNTHETIC_TEACHING_FIXTURE
SYN_SEG_0407	SYN_SEG_SPK_12	SYN_SESSION_12	stop	medial		1211.0	1211.106918	1211.12598	1211.12598				ok		SYNTHETIC_TEACHING_FIXTURE
SYN_SEG_0408	SYN_SEG_SPK_12	SYN_SESSION_12	stop	final		1212.0	1212.056589	1212.102926	1212.102926				ok		SYNTHETIC_TEACHING_FIXTURE
SYN_SEG_0409	SYN_SEG_SPK_12	SYN_SESSION_12	vowel	initial	i				1201.0	1201.125709			ok		SYNTHETIC_TEACHING_FIXTURE
SYN_SEG_0410	SYN_SEG_SPK_12	SYN_SESSION_12	vowel	medial	a				1202.0	1202.113856			ok		SYNTHETIC_TEACHING_FIXTURE
SYN_SEG_0411	SYN_SEG_SPK_12	SYN_SESSION_12	vowel	final	u				1203.0	1203.154223			ok		SYNTHETIC_TEACHING_FIXTURE
SYN_SEG_0412	SYN_SEG_SPK_12	SYN_SESSION_12	vowel	initial	i				1204.0	1204.116294			ok		SYNTHETIC_TEACHING_FIXTURE
SYN_SEG_0413	SYN_SEG_SPK_12	SYN_SESSION_12	vowel	medial	a				1205.0	1205.212852			ok		SYNTHETIC_TEACHING_FIXTURE
SYN_SEG_0414	SYN_SEG_SPK_12	SYN_SESSION_12	vowel	final	u				1206.0	1206.117411			ok		SYNTHETIC_TEACHING_FIXTURE
SYN_SEG_0415	SYN_SEG_SPK_12	SYN_SESSION_12	vowel	initial	i				1207.0	1207.142747			ok		SYNTHETIC_TEACHING_FIXTURE
SYN_SEG_0416	SYN_SEG_SPK_12	SYN_SESSION_12	vowel	medial	a				1208.0	1208.110844			ok		SYNTHETIC_TEACHING_FIXTURE
SYN_SEG_0417	SYN_SEG_SPK_12	SYN_SESSION_12	vowel	final	u				1209.0	1209.197801			ok		SYNTHETIC_TEACHING_FIXTURE
SYN_SEG_0418	SYN_SEG_SPK_12	SYN_SESSION_12	vowel	initial	i				1210.0	1210.09982			ok		SYNTHETIC_TEACHING_FIXTURE
SYN_SEG_0419	SYN_SEG_SPK_12	SYN_SESSION_12	vowel	medial	a				1211.0	1211.18218			ok		SYNTHETIC_TEACHING_FIXTURE
SYN_SEG_0420	SYN_SEG_SPK_12	SYN_SESSION_12	vowel	final	u				1212.0	1212.127829			ok		SYNTHETIC_TEACHING_FIXTURE
SYN_SEG_0421	SYN_SEG_SPK_12	SYN_SESSION_12	fricative	initial							1201.0	1201.130572	ok		SYNTHETIC_TEACHING_FIXTURE
SYN_SEG_0422	SYN_SEG_SPK_12	SYN_SESSION_12	fricative	medial							1202.0	1202.170948	ok		SYNTHETIC_TEACHING_FIXTURE
SYN_SEG_0423	SYN_SEG_SPK_12	SYN_SESSION_12	fricative	final							1203.0	1203.138834	ok		SYNTHETIC_TEACHING_FIXTURE
SYN_SEG_0424	SYN_SEG_SPK_12	SYN_SESSION_12	fricative	initial							1204.0	1204.17075	ok		SYNTHETIC_TEACHING_FIXTURE
SYN_SEG_0425	SYN_SEG_SPK_12	SYN_SESSION_12	fricative	medial							1205.0	1205.101549	ok		SYNTHETIC_TEACHING_FIXTURE
SYN_SEG_0426	SYN_SEG_SPK_12	SYN_SESSION_12	fricative	final							1206.0	1206.138932	ok		SYNTHETIC_TEACHING_FIXTURE
SYN_SEG_0427	SYN_SEG_SPK_12	SYN_SESSION_12	fricative	initial							1207.0	1207.164498	ok		SYNTHETIC_TEACHING_FIXTURE
SYN_SEG_0428	SYN_SEG_SPK_12	SYN_SESSION_12	fricative	medial							1208.0	1208.152225	ok		SYNTHETIC_TEACHING_FIXTURE
SYN_SEG_0429	SYN_SEG_SPK_12	SYN_SESSION_12	fricative	final							1209.0	1209.104411	ok		SYNTHETIC_TEACHING_FIXTURE
SYN_SEG_0430	SYN_SEG_SPK_12	SYN_SESSION_12	fricative	initial							1210.0	1210.087349	ok		SYNTHETIC_TEACHING_FIXTURE
SYN_SEG_0431	SYN_SEG_SPK_12	SYN_SESSION_12	fricative	medial							1211.0	1211.156906	ok		SYNTHETIC_TEACHING_FIXTURE
SYN_SEG_0432	SYN_SEG_SPK_12	SYN_SESSION_12	fricative	final							1212.0	1212.108548	ok		SYNTHETIC_TEACHING_FIXTURE
SYN_SEG_0433	SYN_SEG_SPK_13	SYN_SESSION_13	stop	initial		1301.0	1301.057612	1301.131176	1301.131176				ok		SYNTHETIC_TEACHING_FIXTURE
SYN_SEG_0434	SYN_SEG_SPK_13	SYN_SESSION_13	stop	medial		1302.0	1302.07291	1302.143403	1302.143403				ok		SYNTHETIC_TEACHING_FIXTURE
SYN_SEG_0435	SYN_SEG_SPK_13	SYN_SESSION_13	stop	final		1303.0	1303.049357	1303.057214	1303.057214				ok		SYNTHETIC_TEACHING_FIXTURE
SYN_SEG_0436	SYN_SEG_SPK_13	SYN_SESSION_13	stop	initial		1304.0	1304.07608	1304.104456	1304.104456				ok		SYNTHETIC_TEACHING_FIXTURE
SYN_SEG_0437	SYN_SEG_SPK_13	SYN_SESSION_13	stop	medial		1305.0	1305.078438	1305.162408	1305.162408				ok		SYNTHETIC_TEACHING_FIXTURE
SYN_SEG_0438	SYN_SEG_SPK_13	SYN_SESSION_13	stop	final		1306.0	1306.090453	1306.127699	1306.127699				ok		SYNTHETIC_TEACHING_FIXTURE
SYN_SEG_0439	SYN_SEG_SPK_13	SYN_SESSION_13	stop	initial		1307.0	1307.075044	1307.086961	1307.086961				ok		SYNTHETIC_TEACHING_FIXTURE
SYN_SEG_0440	SYN_SEG_SPK_13	SYN_SESSION_13	stop	medial		1308.0	1308.090074	1308.086817	1308.095074				ok		SYNTHETIC_TEACHING_FIXTURE
SYN_SEG_0441	SYN_SEG_SPK_13	SYN_SESSION_13	stop	final		1309.0	1309.064554	1309.113068	1309.113068				ok		SYNTHETIC_TEACHING_FIXTURE
SYN_SEG_0442	SYN_SEG_SPK_13	SYN_SESSION_13	stop	initial		1310.0	1310.098923	1310.122006	1310.122006				ok		SYNTHETIC_TEACHING_FIXTURE
SYN_SEG_0443	SYN_SEG_SPK_13	SYN_SESSION_13	stop	medial		1311.0	1311.073171	1311.146515	1311.146515				ok		SYNTHETIC_TEACHING_FIXTURE
SYN_SEG_0444	SYN_SEG_SPK_13	SYN_SESSION_13	stop	final		1312.0	1312.061825	1312.069278	1312.069278				ok		SYNTHETIC_TEACHING_FIXTURE
SYN_SEG_0445	SYN_SEG_SPK_13	SYN_SESSION_13	vowel	initial	i				1301.0	1301.173895			ok		SYNTHETIC_TEACHING_FIXTURE
SYN_SEG_0446	SYN_SEG_SPK_13	SYN_SESSION_13	vowel	medial	a				1302.0	1302.207243			ok		SYNTHETIC_TEACHING_FIXTURE
SYN_SEG_0447	SYN_SEG_SPK_13	SYN_SESSION_13	vowel	final	u				1303.0	1303.179108			ok		SYNTHETIC_TEACHING_FIXTURE
SYN_SEG_0448	SYN_SEG_SPK_13	SYN_SESSION_13	vowel	initial	i				1304.0	1304.100791			ok		SYNTHETIC_TEACHING_FIXTURE
SYN_SEG_0449	SYN_SEG_SPK_13	SYN_SESSION_13	vowel	medial	a				1305.0	1305.208645			ok		SYNTHETIC_TEACHING_FIXTURE
SYN_SEG_0450	SYN_SEG_SPK_13	SYN_SESSION_13	vowel	final	u				1306.0	1306.112016			ok		SYNTHETIC_TEACHING_FIXTURE
SYN_SEG_0451	SYN_SEG_SPK_13	SYN_SESSION_13	vowel	initial	i				1307.0	1307.200413			ok		SYNTHETIC_TEACHING_FIXTURE
SYN_SEG_0452	SYN_SEG_SPK_13	SYN_SESSION_13	vowel	medial	a				1308.0				missing	no_steady_state	SYNTHETIC_TEACHING_FIXTURE
SYN_SEG_0453	SYN_SEG_SPK_13	SYN_SESSION_13	vowel	final	u				1309.0	1309.190204			ok		SYNTHETIC_TEACHING_FIXTURE
SYN_SEG_0454	SYN_SEG_SPK_13	SYN_SESSION_13	vowel	initial	i				1310.0	1310.138896			ok		SYNTHETIC_TEACHING_FIXTURE
SYN_SEG_0455	SYN_SEG_SPK_13	SYN_SESSION_13	vowel	medial	a				1311.0	1311.141072			ok		SYNTHETIC_TEACHING_FIXTURE
SYN_SEG_0456	SYN_SEG_SPK_13	SYN_SESSION_13	vowel	final	u				1312.0	1312.158712			ok		SYNTHETIC_TEACHING_FIXTURE
SYN_SEG_0457	SYN_SEG_SPK_13	SYN_SESSION_13	fricative	initial							1301.0	1301.096766	ok		SYNTHETIC_TEACHING_FIXTURE
SYN_SEG_0458	SYN_SEG_SPK_13	SYN_SESSION_13	fricative	medial							1302.0	1302.178588	ok		SYNTHETIC_TEACHING_FIXTURE
SYN_SEG_0459	SYN_SEG_SPK_13	SYN_SESSION_13	fricative	final							1303.0	1303.173153	ok		SYNTHETIC_TEACHING_FIXTURE
SYN_SEG_0460	SYN_SEG_SPK_13	SYN_SESSION_13	fricative	initial							1304.0	1304.150066	ok		SYNTHETIC_TEACHING_FIXTURE
SYN_SEG_0461	SYN_SEG_SPK_13	SYN_SESSION_13	fricative	medial							1305.0	1305.15472	ok		SYNTHETIC_TEACHING_FIXTURE
SYN_SEG_0462	SYN_SEG_SPK_13	SYN_SESSION_13	fricative	final							1306.0	1306.084045	ok		SYNTHETIC_TEACHING_FIXTURE
SYN_SEG_0463	SYN_SEG_SPK_13	SYN_SESSION_13	fricative	initial							1307.0	1307.150059	ok		SYNTHETIC_TEACHING_FIXTURE
SYN_SEG_0464	SYN_SEG_SPK_13	SYN_SESSION_13	fricative	medial							1308.0	1308.126294	ok		SYNTHETIC_TEACHING_FIXTURE
SYN_SEG_0465	SYN_SEG_SPK_13	SYN_SESSION_13	fricative	final							1309.0	1309.082477	ok		SYNTHETIC_TEACHING_FIXTURE
SYN_SEG_0466	SYN_SEG_SPK_13	SYN_SESSION_13	fricative	initial							1310.0	1310.073419	ok		SYNTHETIC_TEACHING_FIXTURE
SYN_SEG_0467	SYN_SEG_SPK_13	SYN_SESSION_13	fricative	medial							1311.0	1311.167222	ok		SYNTHETIC_TEACHING_FIXTURE
SYN_SEG_0468	SYN_SEG_SPK_13	SYN_SESSION_13	fricative	final							1312.0	1312.131982	ok		SYNTHETIC_TEACHING_FIXTURE
SYN_SEG_0469	SYN_SEG_SPK_14	SYN_SESSION_14	stop	initial		1401.0	1401.056631	1401.14007	1401.14007				ok		SYNTHETIC_TEACHING_FIXTURE
SYN_SEG_0470	SYN_SEG_SPK_14	SYN_SESSION_14	stop	medial		1402.0	1402.0768	1402.101703	1402.101703				ok		SYNTHETIC_TEACHING_FIXTURE
SYN_SEG_0471	SYN_SEG_SPK_14	SYN_SESSION_14	stop	final		1403.0	1403.105051	1403.112338	1403.112338				ok		SYNTHETIC_TEACHING_FIXTURE
SYN_SEG_0472	SYN_SEG_SPK_14	SYN_SESSION_14	stop	initial		1404.0	1404.069695	1404.098762	1404.098762				ok		SYNTHETIC_TEACHING_FIXTURE
SYN_SEG_0473	SYN_SEG_SPK_14	SYN_SESSION_14	stop	medial		1405.0	1405.073304	1405.095896	1405.095896				ok		SYNTHETIC_TEACHING_FIXTURE
SYN_SEG_0474	SYN_SEG_SPK_14	SYN_SESSION_14	stop	final		1406.0	1406.08314	1406.125827	1406.125827				ok		SYNTHETIC_TEACHING_FIXTURE
SYN_SEG_0475	SYN_SEG_SPK_14	SYN_SESSION_14	stop	initial		1407.0	1407.0785	1407.162087	1407.162087				ok		SYNTHETIC_TEACHING_FIXTURE
SYN_SEG_0476	SYN_SEG_SPK_14	SYN_SESSION_14	stop	medial		1408.0	1408.066576	1408.082754	1408.082754				ok		SYNTHETIC_TEACHING_FIXTURE
SYN_SEG_0477	SYN_SEG_SPK_14	SYN_SESSION_14	stop	final		1409.0	1409.065068	1409.070516	1409.070516				ok		SYNTHETIC_TEACHING_FIXTURE
SYN_SEG_0478	SYN_SEG_SPK_14	SYN_SESSION_14	stop	initial		1410.0	1410.078338	1410.100799	1410.100799				ok		SYNTHETIC_TEACHING_FIXTURE
SYN_SEG_0479	SYN_SEG_SPK_14	SYN_SESSION_14	stop	medial		1411.0	1411.093745	1411.112253	1411.112253				ok		SYNTHETIC_TEACHING_FIXTURE
SYN_SEG_0480	SYN_SEG_SPK_14	SYN_SESSION_14	stop	final		1412.0	1412.08005	1412.089153	1412.089153				ok		SYNTHETIC_TEACHING_FIXTURE
SYN_SEG_0481	SYN_SEG_SPK_14	SYN_SESSION_14	vowel	initial	i				1401.0	1401.102793			ok		SYNTHETIC_TEACHING_FIXTURE
SYN_SEG_0482	SYN_SEG_SPK_14	SYN_SESSION_14	vowel	medial	a				1402.0	1402.204826			ok		SYNTHETIC_TEACHING_FIXTURE
SYN_SEG_0483	SYN_SEG_SPK_14	SYN_SESSION_14	vowel	final	u				1403.0	1403.184233			ok		SYNTHETIC_TEACHING_FIXTURE
SYN_SEG_0484	SYN_SEG_SPK_14	SYN_SESSION_14	vowel	initial	i				1404.0	1404.093728			ok		SYNTHETIC_TEACHING_FIXTURE
SYN_SEG_0485	SYN_SEG_SPK_14	SYN_SESSION_14	vowel	medial	a				1405.0	1405.12781			ok		SYNTHETIC_TEACHING_FIXTURE
SYN_SEG_0486	SYN_SEG_SPK_14	SYN_SESSION_14	vowel	final	u				1406.0	1406.094143			ok		SYNTHETIC_TEACHING_FIXTURE
SYN_SEG_0487	SYN_SEG_SPK_14	SYN_SESSION_14	vowel	initial	i				1407.0	1407.174558			ok		SYNTHETIC_TEACHING_FIXTURE
SYN_SEG_0488	SYN_SEG_SPK_14	SYN_SESSION_14	vowel	medial	a				1408.0	1408.167692			ok		SYNTHETIC_TEACHING_FIXTURE
SYN_SEG_0489	SYN_SEG_SPK_14	SYN_SESSION_14	vowel	final	u				1409.0	1409.146587			ok		SYNTHETIC_TEACHING_FIXTURE
SYN_SEG_0490	SYN_SEG_SPK_14	SYN_SESSION_14	vowel	initial	i				1410.0	1410.081423			ok		SYNTHETIC_TEACHING_FIXTURE
SYN_SEG_0491	SYN_SEG_SPK_14	SYN_SESSION_14	vowel	medial	a				1411.0	1411.096757			ok		SYNTHETIC_TEACHING_FIXTURE
SYN_SEG_0492	SYN_SEG_SPK_14	SYN_SESSION_14	vowel	final	u				1412.0	1412.133867			ok		SYNTHETIC_TEACHING_FIXTURE
SYN_SEG_0493	SYN_SEG_SPK_14	SYN_SESSION_14	fricative	initial							1401.0	1401.104927	ok		SYNTHETIC_TEACHING_FIXTURE
SYN_SEG_0494	SYN_SEG_SPK_14	SYN_SESSION_14	fricative	medial							1402.0	1402.16759	ok		SYNTHETIC_TEACHING_FIXTURE
SYN_SEG_0495	SYN_SEG_SPK_14	SYN_SESSION_14	fricative	final							1403.0	1403.144182	ok		SYNTHETIC_TEACHING_FIXTURE
SYN_SEG_0496	SYN_SEG_SPK_14	SYN_SESSION_14	fricative	initial							1404.0	1404.154031	ok		SYNTHETIC_TEACHING_FIXTURE
SYN_SEG_0497	SYN_SEG_SPK_14	SYN_SESSION_14	fricative	medial							1405.0	1405.167896	ok		SYNTHETIC_TEACHING_FIXTURE
SYN_SEG_0498	SYN_SEG_SPK_14	SYN_SESSION_14	fricative	final							1406.0	1406.153832	ok		SYNTHETIC_TEACHING_FIXTURE
SYN_SEG_0499	SYN_SEG_SPK_14	SYN_SESSION_14	fricative	initial							1407.0	1407.157261	ok		SYNTHETIC_TEACHING_FIXTURE
SYN_SEG_0500	SYN_SEG_SPK_14	SYN_SESSION_14	fricative	medial							1408.0	1408.14872	ok		SYNTHETIC_TEACHING_FIXTURE
SYN_SEG_0501	SYN_SEG_SPK_14	SYN_SESSION_14	fricative	final							1409.0	1409.110533	ok		SYNTHETIC_TEACHING_FIXTURE
SYN_SEG_0502	SYN_SEG_SPK_14	SYN_SESSION_14	fricative	initial							1410.0	1410.107359	ok		SYNTHETIC_TEACHING_FIXTURE
SYN_SEG_0503	SYN_SEG_SPK_14	SYN_SESSION_14	fricative	medial							1411.0	1411.113219	ok		SYNTHETIC_TEACHING_FIXTURE
SYN_SEG_0504	SYN_SEG_SPK_14	SYN_SESSION_14	fricative	final							1412.0	1412.101657	ok		SYNTHETIC_TEACHING_FIXTURE
SYN_SEG_0505	SYN_SEG_SPK_15	SYN_SESSION_15	stop	initial		1501.0	1501.109192	1501.10323	1501.114192				ok		SYNTHETIC_TEACHING_FIXTURE
SYN_SEG_0506	SYN_SEG_SPK_15	SYN_SESSION_15	stop	medial		1502.0	1502.103359	1502.149432	1502.149432				ok		SYNTHETIC_TEACHING_FIXTURE
SYN_SEG_0507	SYN_SEG_SPK_15	SYN_SESSION_15	stop	final		1503.0	1503.083162	1503.134485	1503.134485				ok		SYNTHETIC_TEACHING_FIXTURE
SYN_SEG_0508	SYN_SEG_SPK_15	SYN_SESSION_15	stop	initial		1504.0	1504.077123	1504.130381	1504.130381				ok		SYNTHETIC_TEACHING_FIXTURE
SYN_SEG_0509	SYN_SEG_SPK_15	SYN_SESSION_15	stop	medial		1505.0	1505.045866	1505.052529	1505.052529				ok		SYNTHETIC_TEACHING_FIXTURE
SYN_SEG_0510	SYN_SEG_SPK_15	SYN_SESSION_15	stop	final		1506.0	1506.095989	1506.168398	1506.168398				ok		SYNTHETIC_TEACHING_FIXTURE
SYN_SEG_0511	SYN_SEG_SPK_15	SYN_SESSION_15	stop	initial		1507.0	1507.109567	1507.129195	1507.129195				ok		SYNTHETIC_TEACHING_FIXTURE
SYN_SEG_0512	SYN_SEG_SPK_15	SYN_SESSION_15	stop	medial		1508.0	1508.097759	1508.103534	1508.103534				ok		SYNTHETIC_TEACHING_FIXTURE
SYN_SEG_0513	SYN_SEG_SPK_15	SYN_SESSION_15	stop	final		1509.0	1509.071071	1509.053796	1509.076071				ok		SYNTHETIC_TEACHING_FIXTURE
SYN_SEG_0514	SYN_SEG_SPK_15	SYN_SESSION_15	stop	initial		1510.0	1510.083562	1510.164834	1510.164834				ok		SYNTHETIC_TEACHING_FIXTURE
SYN_SEG_0515	SYN_SEG_SPK_15	SYN_SESSION_15	stop	medial		1511.0	1511.098359	1511.152467	1511.152467				ok		SYNTHETIC_TEACHING_FIXTURE
SYN_SEG_0516	SYN_SEG_SPK_15	SYN_SESSION_15	stop	final		1512.0	1512.057874	1512.131631	1512.131631				ok		SYNTHETIC_TEACHING_FIXTURE
SYN_SEG_0517	SYN_SEG_SPK_15	SYN_SESSION_15	vowel	initial	i				1501.0	1501.168153			ok		SYNTHETIC_TEACHING_FIXTURE
SYN_SEG_0518	SYN_SEG_SPK_15	SYN_SESSION_15	vowel	medial	a				1502.0	1502.198898			ok		SYNTHETIC_TEACHING_FIXTURE
SYN_SEG_0519	SYN_SEG_SPK_15	SYN_SESSION_15	vowel	final	u				1503.0	1503.134791			ok		SYNTHETIC_TEACHING_FIXTURE
SYN_SEG_0520	SYN_SEG_SPK_15	SYN_SESSION_15	vowel	initial	i				1504.0	1504.175444			ok		SYNTHETIC_TEACHING_FIXTURE
SYN_SEG_0521	SYN_SEG_SPK_15	SYN_SESSION_15	vowel	medial	a				1505.0	1505.217028			ok		SYNTHETIC_TEACHING_FIXTURE
SYN_SEG_0522	SYN_SEG_SPK_15	SYN_SESSION_15	vowel	final	u				1506.0	1506.128859			ok		SYNTHETIC_TEACHING_FIXTURE
SYN_SEG_0523	SYN_SEG_SPK_15	SYN_SESSION_15	vowel	initial	i				1507.0	1507.116299			ok		SYNTHETIC_TEACHING_FIXTURE
SYN_SEG_0524	SYN_SEG_SPK_15	SYN_SESSION_15	vowel	medial	a				1508.0	1508.108787			ok		SYNTHETIC_TEACHING_FIXTURE
SYN_SEG_0525	SYN_SEG_SPK_15	SYN_SESSION_15	vowel	final	u				1509.0	1509.092903			ok		SYNTHETIC_TEACHING_FIXTURE
SYN_SEG_0526	SYN_SEG_SPK_15	SYN_SESSION_15	vowel	initial	i				1510.0	1510.081674			ok		SYNTHETIC_TEACHING_FIXTURE
SYN_SEG_0527	SYN_SEG_SPK_15	SYN_SESSION_15	vowel	medial	a				1511.0	1511.151733			ok		SYNTHETIC_TEACHING_FIXTURE
SYN_SEG_0528	SYN_SEG_SPK_15	SYN_SESSION_15	vowel	final	u				1512.0	1512.170477			ok		SYNTHETIC_TEACHING_FIXTURE
SYN_SEG_0529	SYN_SEG_SPK_15	SYN_SESSION_15	fricative	initial							1501.0	1501.083478	ok		SYNTHETIC_TEACHING_FIXTURE
SYN_SEG_0530	SYN_SEG_SPK_15	SYN_SESSION_15	fricative	medial							1502.0	1502.09722	ok		SYNTHETIC_TEACHING_FIXTURE
SYN_SEG_0531	SYN_SEG_SPK_15	SYN_SESSION_15	fricative	final							1503.0	1503.102337	ok		SYNTHETIC_TEACHING_FIXTURE
SYN_SEG_0532	SYN_SEG_SPK_15	SYN_SESSION_15	fricative	initial							1504.0	1504.118467	ok		SYNTHETIC_TEACHING_FIXTURE
SYN_SEG_0533	SYN_SEG_SPK_15	SYN_SESSION_15	fricative	medial							1505.0	1505.088553	ok		SYNTHETIC_TEACHING_FIXTURE
SYN_SEG_0534	SYN_SEG_SPK_15	SYN_SESSION_15	fricative	final							1506.0	1506.081809	ok		SYNTHETIC_TEACHING_FIXTURE
SYN_SEG_0535	SYN_SEG_SPK_15	SYN_SESSION_15	fricative	initial							1507.0	1507.088549	ok		SYNTHETIC_TEACHING_FIXTURE
SYN_SEG_0536	SYN_SEG_SPK_15	SYN_SESSION_15	fricative	medial							1508.0	1508.174094	ok		SYNTHETIC_TEACHING_FIXTURE
SYN_SEG_0537	SYN_SEG_SPK_15	SYN_SESSION_15	fricative	final							1509.0	1509.14583	ok		SYNTHETIC_TEACHING_FIXTURE
SYN_SEG_0538	SYN_SEG_SPK_15	SYN_SESSION_15	fricative	initial							1510.0	1510.12039	ok		SYNTHETIC_TEACHING_FIXTURE
SYN_SEG_0539	SYN_SEG_SPK_15	SYN_SESSION_15	fricative	medial							1511.0	1511.174925	ok		SYNTHETIC_TEACHING_FIXTURE
SYN_SEG_0540	SYN_SEG_SPK_15	SYN_SESSION_15	fricative	final							1512.0	1512.127125	ok		SYNTHETIC_TEACHING_FIXTURE
SYN_SEG_0541	SYN_SEG_SPK_16	SYN_SESSION_16	stop	initial		1601.0	1601.069728	1601.089543	1601.089543				ok		SYNTHETIC_TEACHING_FIXTURE
SYN_SEG_0542	SYN_SEG_SPK_16	SYN_SESSION_16	stop	medial		1602.0	1602.059124	1602.065322	1602.065322				ok		SYNTHETIC_TEACHING_FIXTURE
SYN_SEG_0543	SYN_SEG_SPK_16	SYN_SESSION_16	stop	final		1603.0	1603.071694	1603.122598	1603.122598				ok		SYNTHETIC_TEACHING_FIXTURE
SYN_SEG_0544	SYN_SEG_SPK_16	SYN_SESSION_16	stop	initial		1604.0	1604.056351	1604.137604	1604.137604				ok		SYNTHETIC_TEACHING_FIXTURE
SYN_SEG_0545	SYN_SEG_SPK_16	SYN_SESSION_16	stop	medial		1605.0	1605.059787	1605.118633	1605.118633				ok		SYNTHETIC_TEACHING_FIXTURE
SYN_SEG_0546	SYN_SEG_SPK_16	SYN_SESSION_16	stop	final		1606.0	1606.053997	1606.102492	1606.102492				ok		SYNTHETIC_TEACHING_FIXTURE
SYN_SEG_0547	SYN_SEG_SPK_16	SYN_SESSION_16	stop	initial		1607.0	1607.089351	1607.088458	1607.094351				ok		SYNTHETIC_TEACHING_FIXTURE
SYN_SEG_0548	SYN_SEG_SPK_16	SYN_SESSION_16	stop	medial		1608.0	1608.073565	1608.060483	1608.078565				ok		SYNTHETIC_TEACHING_FIXTURE
SYN_SEG_0549	SYN_SEG_SPK_16	SYN_SESSION_16	stop	final		1609.0	1609.047576	1609.116457	1609.116457				ok		SYNTHETIC_TEACHING_FIXTURE
SYN_SEG_0550	SYN_SEG_SPK_16	SYN_SESSION_16	stop	initial		1610.0	1610.048826	1610.121833	1610.121833				ok		SYNTHETIC_TEACHING_FIXTURE
SYN_SEG_0551	SYN_SEG_SPK_16	SYN_SESSION_16	stop	medial		1611.0	1611.100964	1611.085974	1611.105964				ok		SYNTHETIC_TEACHING_FIXTURE
SYN_SEG_0552	SYN_SEG_SPK_16	SYN_SESSION_16	stop	final		1612.0	1612.070149	1612.123117	1612.123117				ok		SYNTHETIC_TEACHING_FIXTURE
SYN_SEG_0553	SYN_SEG_SPK_16	SYN_SESSION_16	vowel	initial	i				1601.0	1601.138121			ok		SYNTHETIC_TEACHING_FIXTURE
SYN_SEG_0554	SYN_SEG_SPK_16	SYN_SESSION_16	vowel	medial	a				1602.0	1602.207604			ok		SYNTHETIC_TEACHING_FIXTURE
SYN_SEG_0555	SYN_SEG_SPK_16	SYN_SESSION_16	vowel	final	u				1603.0	1603.181766			ok		SYNTHETIC_TEACHING_FIXTURE
SYN_SEG_0556	SYN_SEG_SPK_16	SYN_SESSION_16	vowel	initial	i				1604.0	1604.174229			ok		SYNTHETIC_TEACHING_FIXTURE
SYN_SEG_0557	SYN_SEG_SPK_16	SYN_SESSION_16	vowel	medial	a				1605.0	1605.183124			ok		SYNTHETIC_TEACHING_FIXTURE
SYN_SEG_0558	SYN_SEG_SPK_16	SYN_SESSION_16	vowel	final	u				1606.0	1606.178539			ok		SYNTHETIC_TEACHING_FIXTURE
SYN_SEG_0559	SYN_SEG_SPK_16	SYN_SESSION_16	vowel	initial	i				1607.0	1607.184902			ok		SYNTHETIC_TEACHING_FIXTURE
SYN_SEG_0560	SYN_SEG_SPK_16	SYN_SESSION_16	vowel	medial	a				1608.0	1608.155017			ok		SYNTHETIC_TEACHING_FIXTURE
SYN_SEG_0561	SYN_SEG_SPK_16	SYN_SESSION_16	vowel	final	u				1609.0	1609.134998			ok		SYNTHETIC_TEACHING_FIXTURE
SYN_SEG_0562	SYN_SEG_SPK_16	SYN_SESSION_16	vowel	initial	i				1610.0	1610.137587			ok		SYNTHETIC_TEACHING_FIXTURE
SYN_SEG_0563	SYN_SEG_SPK_16	SYN_SESSION_16	vowel	medial	a				1611.0	1611.075451			ok		SYNTHETIC_TEACHING_FIXTURE
SYN_SEG_0564	SYN_SEG_SPK_16	SYN_SESSION_16	vowel	final	u				1612.0	1612.199723			ok		SYNTHETIC_TEACHING_FIXTURE
SYN_SEG_0565	SYN_SEG_SPK_16	SYN_SESSION_16	fricative	initial							1601.0	1601.119765	ok		SYNTHETIC_TEACHING_FIXTURE
SYN_SEG_0566	SYN_SEG_SPK_16	SYN_SESSION_16	fricative	medial							1602.0	1602.087128	ok		SYNTHETIC_TEACHING_FIXTURE
SYN_SEG_0567	SYN_SEG_SPK_16	SYN_SESSION_16	fricative	final							1603.0	1603.142631	ok		SYNTHETIC_TEACHING_FIXTURE
SYN_SEG_0568	SYN_SEG_SPK_16	SYN_SESSION_16	fricative	initial							1604.0	1604.142726	ok		SYNTHETIC_TEACHING_FIXTURE
SYN_SEG_0569	SYN_SEG_SPK_16	SYN_SESSION_16	fricative	medial							1605.0	1605.148528	ok		SYNTHETIC_TEACHING_FIXTURE
SYN_SEG_0570	SYN_SEG_SPK_16	SYN_SESSION_16	fricative	final							1606.0	1606.090871	ok		SYNTHETIC_TEACHING_FIXTURE
SYN_SEG_0571	SYN_SEG_SPK_16	SYN_SESSION_16	fricative	initial							1607.0	1607.099995	ok		SYNTHETIC_TEACHING_FIXTURE
SYN_SEG_0572	SYN_SEG_SPK_16	SYN_SESSION_16	fricative	medial							1608.0	1608.10541	ok		SYNTHETIC_TEACHING_FIXTURE
SYN_SEG_0573	SYN_SEG_SPK_16	SYN_SESSION_16	fricative	final							1609.0	1609.074704	ok		SYNTHETIC_TEACHING_FIXTURE
SYN_SEG_0574	SYN_SEG_SPK_16	SYN_SESSION_16	fricative	initial							1610.0	1610.114055	ok		SYNTHETIC_TEACHING_FIXTURE
SYN_SEG_0575	SYN_SEG_SPK_16	SYN_SESSION_16	fricative	medial							1611.0	1611.164581	ok		SYNTHETIC_TEACHING_FIXTURE
SYN_SEG_0576	SYN_SEG_SPK_16	SYN_SESSION_16	fricative	final							1612.0	1612.15416	ok		SYNTHETIC_TEACHING_FIXTURE
SYN_SEG_0577	SYN_SEG_SPK_17	SYN_SESSION_17	stop	initial		1701.0	1701.080215	1701.073561	1701.085215				ok		SYNTHETIC_TEACHING_FIXTURE
SYN_SEG_0578	SYN_SEG_SPK_17	SYN_SESSION_17	stop	medial		1702.0	1702.045245	1702.057002	1702.057002				ok		SYNTHETIC_TEACHING_FIXTURE
SYN_SEG_0579	SYN_SEG_SPK_17	SYN_SESSION_17	stop	final		1703.0	1703.076353	1703.091821	1703.091821				ok		SYNTHETIC_TEACHING_FIXTURE
SYN_SEG_0580	SYN_SEG_SPK_17	SYN_SESSION_17	stop	initial		1704.0	1704.085203	1704.151108	1704.151108				ok		SYNTHETIC_TEACHING_FIXTURE
SYN_SEG_0581	SYN_SEG_SPK_17	SYN_SESSION_17	stop	medial		1705.0	1705.090082	1705.115353	1705.115353				ok		SYNTHETIC_TEACHING_FIXTURE
SYN_SEG_0582	SYN_SEG_SPK_17	SYN_SESSION_17	stop	final		1706.0	1706.080211		1706.085211				missing	absent_periodicity	SYNTHETIC_TEACHING_FIXTURE
SYN_SEG_0583	SYN_SEG_SPK_17	SYN_SESSION_17	stop	initial		1707.0	1707.046058	1707.076087	1707.076087				ok		SYNTHETIC_TEACHING_FIXTURE
SYN_SEG_0584	SYN_SEG_SPK_17	SYN_SESSION_17	stop	medial		1708.0	1708.098836	1708.181098	1708.181098				ok		SYNTHETIC_TEACHING_FIXTURE
SYN_SEG_0585	SYN_SEG_SPK_17	SYN_SESSION_17	stop	final		1709.0	1709.051259	1709.09467	1709.09467				ok		SYNTHETIC_TEACHING_FIXTURE
SYN_SEG_0586	SYN_SEG_SPK_17	SYN_SESSION_17	stop	initial		1710.0	1710.058028	1710.10258	1710.10258				ok		SYNTHETIC_TEACHING_FIXTURE
SYN_SEG_0587	SYN_SEG_SPK_17	SYN_SESSION_17	stop	medial		1711.0	1711.057512	1711.115376	1711.115376				ok		SYNTHETIC_TEACHING_FIXTURE
SYN_SEG_0588	SYN_SEG_SPK_17	SYN_SESSION_17	stop	final		1712.0	1712.051416	1712.0539	1712.056416				ok		SYNTHETIC_TEACHING_FIXTURE
SYN_SEG_0589	SYN_SEG_SPK_17	SYN_SESSION_17	vowel	initial	i				1701.0	1701.085973			ok		SYNTHETIC_TEACHING_FIXTURE
SYN_SEG_0590	SYN_SEG_SPK_17	SYN_SESSION_17	vowel	medial	a				1702.0	1702.182103			ok		SYNTHETIC_TEACHING_FIXTURE
SYN_SEG_0591	SYN_SEG_SPK_17	SYN_SESSION_17	vowel	final	a				1703.0	1703.182004			ok		SYNTHETIC_TEACHING_FIXTURE
SYN_SEG_0592	SYN_SEG_SPK_17	SYN_SESSION_17	vowel	initial	i				1704.0	1704.167212			ok		SYNTHETIC_TEACHING_FIXTURE
SYN_SEG_0593	SYN_SEG_SPK_17	SYN_SESSION_17	vowel	medial	a				1705.0	1705.149239			ok		SYNTHETIC_TEACHING_FIXTURE
SYN_SEG_0594	SYN_SEG_SPK_17	SYN_SESSION_17	vowel	final	a				1706.0	1706.21884			ok		SYNTHETIC_TEACHING_FIXTURE
SYN_SEG_0595	SYN_SEG_SPK_17	SYN_SESSION_17	vowel	initial	i				1707.0	1707.148016			ok		SYNTHETIC_TEACHING_FIXTURE
SYN_SEG_0596	SYN_SEG_SPK_17	SYN_SESSION_17	vowel	medial	a				1708.0	1708.180369			ok		SYNTHETIC_TEACHING_FIXTURE
SYN_SEG_0597	SYN_SEG_SPK_17	SYN_SESSION_17	vowel	final	a				1709.0	1709.152984			ok		SYNTHETIC_TEACHING_FIXTURE
SYN_SEG_0598	SYN_SEG_SPK_17	SYN_SESSION_17	vowel	initial	i				1710.0	1710.158762			ok		SYNTHETIC_TEACHING_FIXTURE
SYN_SEG_0599	SYN_SEG_SPK_17	SYN_SESSION_17	vowel	medial	a				1711.0	1711.114737			ok		SYNTHETIC_TEACHING_FIXTURE
SYN_SEG_0600	SYN_SEG_SPK_17	SYN_SESSION_17	vowel	final	a				1712.0	1712.108526			ok		SYNTHETIC_TEACHING_FIXTURE
SYN_SEG_0601	SYN_SEG_SPK_17	SYN_SESSION_17	fricative	initial							1701.0	1701.152865	ok		SYNTHETIC_TEACHING_FIXTURE
SYN_SEG_0602	SYN_SEG_SPK_17	SYN_SESSION_17	fricative	medial							1702.0	1702.112604	ok		SYNTHETIC_TEACHING_FIXTURE
SYN_SEG_0603	SYN_SEG_SPK_17	SYN_SESSION_17	fricative	final							1703.0	1703.12092	ok		SYNTHETIC_TEACHING_FIXTURE
SYN_SEG_0604	SYN_SEG_SPK_17	SYN_SESSION_17	fricative	initial							1704.0	1704.099221	ok		SYNTHETIC_TEACHING_FIXTURE
SYN_SEG_0605	SYN_SEG_SPK_17	SYN_SESSION_17	fricative	medial							1705.0	1705.107985	ok		SYNTHETIC_TEACHING_FIXTURE
SYN_SEG_0606	SYN_SEG_SPK_17	SYN_SESSION_17	fricative	final							1706.0	1706.096467	ok		SYNTHETIC_TEACHING_FIXTURE
SYN_SEG_0607	SYN_SEG_SPK_17	SYN_SESSION_17	fricative	initial							1707.0	1707.094242	ok		SYNTHETIC_TEACHING_FIXTURE
SYN_SEG_0608	SYN_SEG_SPK_17	SYN_SESSION_17	fricative	medial							1708.0	1708.163995	ok		SYNTHETIC_TEACHING_FIXTURE
SYN_SEG_0609	SYN_SEG_SPK_17	SYN_SESSION_17	fricative	final							1709.0	1709.132283	ok		SYNTHETIC_TEACHING_FIXTURE
SYN_SEG_0610	SYN_SEG_SPK_17	SYN_SESSION_17	fricative	initial							1710.0	1710.099458	ok		SYNTHETIC_TEACHING_FIXTURE
SYN_SEG_0611	SYN_SEG_SPK_17	SYN_SESSION_17	fricative	medial							1711.0	1711.084141	ok		SYNTHETIC_TEACHING_FIXTURE
SYN_SEG_0612	SYN_SEG_SPK_17	SYN_SESSION_17	fricative	final							1712.0	1712.119074	ok		SYNTHETIC_TEACHING_FIXTURE
SYN_SEG_0613	SYN_SEG_SPK_18	SYN_SESSION_18	stop	initial		1801.0	1801.106723	1801.168836	1801.168836				ok		SYNTHETIC_TEACHING_FIXTURE
SYN_SEG_0614	SYN_SEG_SPK_18	SYN_SESSION_18	stop	medial		1802.0	1802.055125	1802.127436	1802.127436				ok		SYNTHETIC_TEACHING_FIXTURE
SYN_SEG_0615	SYN_SEG_SPK_18	SYN_SESSION_18	stop	final		1803.0	1803.08055	1803.090887	1803.090887				ok		SYNTHETIC_TEACHING_FIXTURE
SYN_SEG_0616	SYN_SEG_SPK_18	SYN_SESSION_18	stop	initial		1804.0	1804.074447	1804.073626	1804.079447				ok		SYNTHETIC_TEACHING_FIXTURE
SYN_SEG_0617	SYN_SEG_SPK_18	SYN_SESSION_18	stop	medial		1805.0	1805.067125	1805.051219	1805.072125				ok		SYNTHETIC_TEACHING_FIXTURE
SYN_SEG_0618	SYN_SEG_SPK_18	SYN_SESSION_18	stop	final		1806.0	1806.074078	1806.144131	1806.144131				ok		SYNTHETIC_TEACHING_FIXTURE
SYN_SEG_0619	SYN_SEG_SPK_18	SYN_SESSION_18	stop	initial		1807.0	1807.06482	1807.058629	1807.06982				ok		SYNTHETIC_TEACHING_FIXTURE
SYN_SEG_0620	SYN_SEG_SPK_18	SYN_SESSION_18	stop	medial		1808.0	1808.077973	1808.13461	1808.13461				ok		SYNTHETIC_TEACHING_FIXTURE
SYN_SEG_0621	SYN_SEG_SPK_18	SYN_SESSION_18	stop	final		1809.0	1809.094755	1809.115218	1809.115218				ok		SYNTHETIC_TEACHING_FIXTURE
SYN_SEG_0622	SYN_SEG_SPK_18	SYN_SESSION_18	stop	initial		1810.0	1810.090646	1810.17472	1810.17472				ok		SYNTHETIC_TEACHING_FIXTURE
SYN_SEG_0623	SYN_SEG_SPK_18	SYN_SESSION_18	stop	medial		1811.0	1811.049044	1811.103025	1811.103025				ok	multiple_release	SYNTHETIC_TEACHING_FIXTURE
SYN_SEG_0624	SYN_SEG_SPK_18	SYN_SESSION_18	stop	final		1812.0	1812.106282	1812.159836	1812.159836				ok		SYNTHETIC_TEACHING_FIXTURE
SYN_SEG_0625	SYN_SEG_SPK_18	SYN_SESSION_18	vowel	initial	i				1801.0	1801.206607			ok		SYNTHETIC_TEACHING_FIXTURE
SYN_SEG_0626	SYN_SEG_SPK_18	SYN_SESSION_18	vowel	medial	a				1802.0	1802.142846			ok		SYNTHETIC_TEACHING_FIXTURE
SYN_SEG_0627	SYN_SEG_SPK_18	SYN_SESSION_18	vowel	final	u				1803.0	1803.203792			ok		SYNTHETIC_TEACHING_FIXTURE
SYN_SEG_0628	SYN_SEG_SPK_18	SYN_SESSION_18	vowel	initial	i				1804.0	1804.181967			ok		SYNTHETIC_TEACHING_FIXTURE
SYN_SEG_0629	SYN_SEG_SPK_18	SYN_SESSION_18	vowel	medial	a				1805.0	1805.215			ok		SYNTHETIC_TEACHING_FIXTURE
SYN_SEG_0630	SYN_SEG_SPK_18	SYN_SESSION_18	vowel	final	u				1806.0	1806.213407			ok		SYNTHETIC_TEACHING_FIXTURE
SYN_SEG_0631	SYN_SEG_SPK_18	SYN_SESSION_18	vowel	initial	i				1807.0	1807.212166			ok		SYNTHETIC_TEACHING_FIXTURE
SYN_SEG_0632	SYN_SEG_SPK_18	SYN_SESSION_18	vowel	medial	a				1808.0	1808.152554			ok		SYNTHETIC_TEACHING_FIXTURE
SYN_SEG_0633	SYN_SEG_SPK_18	SYN_SESSION_18	vowel	final	u				1809.0	1809.111341			ok		SYNTHETIC_TEACHING_FIXTURE
SYN_SEG_0634	SYN_SEG_SPK_18	SYN_SESSION_18	vowel	initial	i				1810.0	1810.219067			ok		SYNTHETIC_TEACHING_FIXTURE
SYN_SEG_0635	SYN_SEG_SPK_18	SYN_SESSION_18	vowel	medial	a				1811.0	1811.208322			ok		SYNTHETIC_TEACHING_FIXTURE
SYN_SEG_0636	SYN_SEG_SPK_18	SYN_SESSION_18	vowel	final	u				1812.0	1812.203598			ok		SYNTHETIC_TEACHING_FIXTURE
SYN_SEG_0637	SYN_SEG_SPK_18	SYN_SESSION_18	fricative	initial							1801.0	1801.091887	ok		SYNTHETIC_TEACHING_FIXTURE
SYN_SEG_0638	SYN_SEG_SPK_18	SYN_SESSION_18	fricative	medial							1802.0	1802.136468	ok		SYNTHETIC_TEACHING_FIXTURE
SYN_SEG_0639	SYN_SEG_SPK_18	SYN_SESSION_18	fricative	final							1803.0	1803.142511	ok		SYNTHETIC_TEACHING_FIXTURE
SYN_SEG_0640	SYN_SEG_SPK_18	SYN_SESSION_18	fricative	initial							1804.0	1804.14705	ok		SYNTHETIC_TEACHING_FIXTURE
SYN_SEG_0641	SYN_SEG_SPK_18	SYN_SESSION_18	fricative	medial							1805.0	1805.095763	ok		SYNTHETIC_TEACHING_FIXTURE
SYN_SEG_0642	SYN_SEG_SPK_18	SYN_SESSION_18	fricative	final							1806.0	1806.176094	ok		SYNTHETIC_TEACHING_FIXTURE
SYN_SEG_0643	SYN_SEG_SPK_18	SYN_SESSION_18	fricative	initial							1807.0	1807.121098	ok		SYNTHETIC_TEACHING_FIXTURE
SYN_SEG_0644	SYN_SEG_SPK_18	SYN_SESSION_18	fricative	medial							1808.0	1808.157207	ok		SYNTHETIC_TEACHING_FIXTURE
SYN_SEG_0645	SYN_SEG_SPK_18	SYN_SESSION_18	fricative	final							1809.0	1809.072592	ok		SYNTHETIC_TEACHING_FIXTURE
SYN_SEG_0646	SYN_SEG_SPK_18	SYN_SESSION_18	fricative	initial							1810.0	1810.102118	ok		SYNTHETIC_TEACHING_FIXTURE
SYN_SEG_0647	SYN_SEG_SPK_18	SYN_SESSION_18	fricative	medial							1811.0	1811.148892	ok		SYNTHETIC_TEACHING_FIXTURE
SYN_SEG_0648	SYN_SEG_SPK_18	SYN_SESSION_18	fricative	final							1812.0	1812.152296	ok		SYNTHETIC_TEACHING_FIXTURE
SYN_SEG_0649	SYN_SEG_SPK_19	SYN_SESSION_19	stop	initial		1901.0	1901.0961	1901.136989	1901.136989				ok		SYNTHETIC_TEACHING_FIXTURE
SYN_SEG_0650	SYN_SEG_SPK_19	SYN_SESSION_19	stop	medial		1902.0	1902.059246	1902.115684	1902.115684				ok		SYNTHETIC_TEACHING_FIXTURE
SYN_SEG_0651	SYN_SEG_SPK_19	SYN_SESSION_19	stop	final		1903.0	1903.046303	1903.03071	1903.051303				ok		SYNTHETIC_TEACHING_FIXTURE
SYN_SEG_0652	SYN_SEG_SPK_19	SYN_SESSION_19	stop	initial		1904.0	1904.105659	1904.168116	1904.168116				ok		SYNTHETIC_TEACHING_FIXTURE
SYN_SEG_0653	SYN_SEG_SPK_19	SYN_SESSION_19	stop	medial		1905.0	1905.100751	1905.117182	1905.117182				ok		SYNTHETIC_TEACHING_FIXTURE
SYN_SEG_0654	SYN_SEG_SPK_19	SYN_SESSION_19	stop	final		1906.0	1906.072535	1906.125822	1906.125822				ok		SYNTHETIC_TEACHING_FIXTURE
SYN_SEG_0655	SYN_SEG_SPK_19	SYN_SESSION_19	stop	initial		1907.0	1907.064764	1907.107323	1907.107323				ok		SYNTHETIC_TEACHING_FIXTURE
SYN_SEG_0656	SYN_SEG_SPK_19	SYN_SESSION_19	stop	medial		1908.0	1908.091582	1908.147754	1908.147754				ok		SYNTHETIC_TEACHING_FIXTURE
SYN_SEG_0657	SYN_SEG_SPK_19	SYN_SESSION_19	stop	final		1909.0	1909.096585	1909.093146	1909.101585				ok		SYNTHETIC_TEACHING_FIXTURE
SYN_SEG_0658	SYN_SEG_SPK_19	SYN_SESSION_19	stop	initial		1910.0	1910.099649	1910.110382	1910.110382				ok		SYNTHETIC_TEACHING_FIXTURE
SYN_SEG_0659	SYN_SEG_SPK_19	SYN_SESSION_19	stop	medial		1911.0	1911.071915	1911.132701	1911.132701				ok		SYNTHETIC_TEACHING_FIXTURE
SYN_SEG_0660	SYN_SEG_SPK_19	SYN_SESSION_19	stop	final		1912.0	1912.065689	1912.131685	1912.131685				ok		SYNTHETIC_TEACHING_FIXTURE
SYN_SEG_0661	SYN_SEG_SPK_19	SYN_SESSION_19	vowel	initial	i				1901.0	1901.135497			ok		SYNTHETIC_TEACHING_FIXTURE
SYN_SEG_0662	SYN_SEG_SPK_19	SYN_SESSION_19	vowel	medial	a				1902.0	1902.218492			ok		SYNTHETIC_TEACHING_FIXTURE
SYN_SEG_0663	SYN_SEG_SPK_19	SYN_SESSION_19	vowel	final	u				1903.0	1903.076328			ok		SYNTHETIC_TEACHING_FIXTURE
SYN_SEG_0664	SYN_SEG_SPK_19	SYN_SESSION_19	vowel	initial	i				1904.0	1904.0867			ok		SYNTHETIC_TEACHING_FIXTURE
SYN_SEG_0665	SYN_SEG_SPK_19	SYN_SESSION_19	vowel	medial	a				1905.0	1905.202368			ok		SYNTHETIC_TEACHING_FIXTURE
SYN_SEG_0666	SYN_SEG_SPK_19	SYN_SESSION_19	vowel	final	u				1906.0	1906.151752			ok		SYNTHETIC_TEACHING_FIXTURE
SYN_SEG_0667	SYN_SEG_SPK_19	SYN_SESSION_19	vowel	initial	i				1907.0	1907.159326			ok		SYNTHETIC_TEACHING_FIXTURE
SYN_SEG_0668	SYN_SEG_SPK_19	SYN_SESSION_19	vowel	medial	a				1908.0	1908.105715			ok		SYNTHETIC_TEACHING_FIXTURE
SYN_SEG_0669	SYN_SEG_SPK_19	SYN_SESSION_19	vowel	final	u				1909.0	1909.138958			ok		SYNTHETIC_TEACHING_FIXTURE
SYN_SEG_0670	SYN_SEG_SPK_19	SYN_SESSION_19	vowel	initial	i				1910.0	1910.141948			ok		SYNTHETIC_TEACHING_FIXTURE
SYN_SEG_0671	SYN_SEG_SPK_19	SYN_SESSION_19	vowel	medial	a				1911.0	1911.097744			ok		SYNTHETIC_TEACHING_FIXTURE
SYN_SEG_0672	SYN_SEG_SPK_19	SYN_SESSION_19	vowel	final	u				1912.0	1912.092485			ok		SYNTHETIC_TEACHING_FIXTURE
SYN_SEG_0673	SYN_SEG_SPK_19	SYN_SESSION_19	fricative	initial							1901.0	1901.116643	ok		SYNTHETIC_TEACHING_FIXTURE
SYN_SEG_0674	SYN_SEG_SPK_19	SYN_SESSION_19	fricative	medial							1902.0	1902.123613	ok		SYNTHETIC_TEACHING_FIXTURE
SYN_SEG_0675	SYN_SEG_SPK_19	SYN_SESSION_19	fricative	final							1903.0	1903.162887	ok		SYNTHETIC_TEACHING_FIXTURE
SYN_SEG_0676	SYN_SEG_SPK_19	SYN_SESSION_19	fricative	initial							1904.0	1904.161355	ok		SYNTHETIC_TEACHING_FIXTURE
SYN_SEG_0677	SYN_SEG_SPK_19	SYN_SESSION_19	fricative	medial							1905.0	1905.166424	ok		SYNTHETIC_TEACHING_FIXTURE
SYN_SEG_0678	SYN_SEG_SPK_19	SYN_SESSION_19	fricative	final							1906.0	1906.126754	ok		SYNTHETIC_TEACHING_FIXTURE
SYN_SEG_0679	SYN_SEG_SPK_19	SYN_SESSION_19	fricative	initial							1907.0	1907.082018	ok		SYNTHETIC_TEACHING_FIXTURE
SYN_SEG_0680	SYN_SEG_SPK_19	SYN_SESSION_19	fricative	medial							1908.0	1908.140199	ok		SYNTHETIC_TEACHING_FIXTURE
SYN_SEG_0681	SYN_SEG_SPK_19	SYN_SESSION_19	fricative	final							1909.0	1909.158292	ok		SYNTHETIC_TEACHING_FIXTURE
SYN_SEG_0682	SYN_SEG_SPK_19	SYN_SESSION_19	fricative	initial							1910.0	1910.162971	ok		SYNTHETIC_TEACHING_FIXTURE
SYN_SEG_0683	SYN_SEG_SPK_19	SYN_SESSION_19	fricative	medial							1911.0	1911.098064	ok		SYNTHETIC_TEACHING_FIXTURE
SYN_SEG_0684	SYN_SEG_SPK_19	SYN_SESSION_19	fricative	final							1912.0	1912.097323	ok		SYNTHETIC_TEACHING_FIXTURE
SYN_SEG_0685	SYN_SEG_SPK_20	SYN_SESSION_20	stop	initial		2001.0	2001.088488	2001.141281	2001.141281				ok		SYNTHETIC_TEACHING_FIXTURE
SYN_SEG_0686	SYN_SEG_SPK_20	SYN_SESSION_20	stop	medial		2002.0	2002.090934	2002.101813	2002.101813				ok		SYNTHETIC_TEACHING_FIXTURE
SYN_SEG_0687	SYN_SEG_SPK_20	SYN_SESSION_20	stop	final		2003.0	2003.081677	2003.10348	2003.10348				ok		SYNTHETIC_TEACHING_FIXTURE
SYN_SEG_0688	SYN_SEG_SPK_20	SYN_SESSION_20	stop	initial		2004.0	2004.053342	2004.042716	2004.058342				ok		SYNTHETIC_TEACHING_FIXTURE
SYN_SEG_0689	SYN_SEG_SPK_20	SYN_SESSION_20	stop	medial		2005.0	2005.081773	2005.134899	2005.134899				ok		SYNTHETIC_TEACHING_FIXTURE
SYN_SEG_0690	SYN_SEG_SPK_20	SYN_SESSION_20	stop	final		2006.0	2006.060766	2006.074028	2006.074028				ok		SYNTHETIC_TEACHING_FIXTURE
SYN_SEG_0691	SYN_SEG_SPK_20	SYN_SESSION_20	stop	initial		2007.0	2007.049957	2007.088389	2007.088389				ok		SYNTHETIC_TEACHING_FIXTURE
SYN_SEG_0692	SYN_SEG_SPK_20	SYN_SESSION_20	stop	medial		2008.0	2008.057255	2008.106983	2008.106983				ok		SYNTHETIC_TEACHING_FIXTURE
SYN_SEG_0693	SYN_SEG_SPK_20	SYN_SESSION_20	stop	final		2009.0	2009.089253	2009.172709	2009.172709				ok		SYNTHETIC_TEACHING_FIXTURE
SYN_SEG_0694	SYN_SEG_SPK_20	SYN_SESSION_20	stop	initial		2010.0	2010.072881	2010.145859	2010.145859				ok		SYNTHETIC_TEACHING_FIXTURE
SYN_SEG_0695	SYN_SEG_SPK_20	SYN_SESSION_20	stop	medial		2011.0	2011.055353	2011.12052	2011.12052				ok		SYNTHETIC_TEACHING_FIXTURE
SYN_SEG_0696	SYN_SEG_SPK_20	SYN_SESSION_20	stop	final		2012.0	2012.077772	2012.081658	2012.082772				ok		SYNTHETIC_TEACHING_FIXTURE
SYN_SEG_0697	SYN_SEG_SPK_20	SYN_SESSION_20	vowel	initial	i				2001.0	2001.076642			ok		SYNTHETIC_TEACHING_FIXTURE
SYN_SEG_0698	SYN_SEG_SPK_20	SYN_SESSION_20	vowel	medial	a				2002.0	2002.179296			ok		SYNTHETIC_TEACHING_FIXTURE
SYN_SEG_0699	SYN_SEG_SPK_20	SYN_SESSION_20	vowel	final	u				2003.0	2003.177361			ok		SYNTHETIC_TEACHING_FIXTURE
SYN_SEG_0700	SYN_SEG_SPK_20	SYN_SESSION_20	vowel	initial	i				2004.0	2004.187238			ok		SYNTHETIC_TEACHING_FIXTURE
SYN_SEG_0701	SYN_SEG_SPK_20	SYN_SESSION_20	vowel	medial	a				2005.0	2005.084895			ok		SYNTHETIC_TEACHING_FIXTURE
SYN_SEG_0702	SYN_SEG_SPK_20	SYN_SESSION_20	vowel	final	u				2006.0	2006.136334			ok		SYNTHETIC_TEACHING_FIXTURE
SYN_SEG_0703	SYN_SEG_SPK_20	SYN_SESSION_20	vowel	initial	i				2007.0	2007.140951			ok		SYNTHETIC_TEACHING_FIXTURE
SYN_SEG_0704	SYN_SEG_SPK_20	SYN_SESSION_20	vowel	medial	a				2008.0	2008.139838			ok		SYNTHETIC_TEACHING_FIXTURE
SYN_SEG_0705	SYN_SEG_SPK_20	SYN_SESSION_20	vowel	final	u				2009.0	2009.083469			ok		SYNTHETIC_TEACHING_FIXTURE
SYN_SEG_0706	SYN_SEG_SPK_20	SYN_SESSION_20	vowel	initial	i				2010.0	2010.098942			ok		SYNTHETIC_TEACHING_FIXTURE
SYN_SEG_0707	SYN_SEG_SPK_20	SYN_SESSION_20	vowel	medial	a				2011.0	2011.134964			ok		SYNTHETIC_TEACHING_FIXTURE
SYN_SEG_0708	SYN_SEG_SPK_20	SYN_SESSION_20	vowel	final	u				2012.0	2012.201062			ok		SYNTHETIC_TEACHING_FIXTURE
SYN_SEG_0709	SYN_SEG_SPK_20	SYN_SESSION_20	fricative	initial							2001.0	2001.176098	ok		SYNTHETIC_TEACHING_FIXTURE
SYN_SEG_0710	SYN_SEG_SPK_20	SYN_SESSION_20	fricative	medial							2002.0	2002.125819	ok		SYNTHETIC_TEACHING_FIXTURE
SYN_SEG_0711	SYN_SEG_SPK_20	SYN_SESSION_20	fricative	final							2003.0	2003.112562	ok		SYNTHETIC_TEACHING_FIXTURE
SYN_SEG_0712	SYN_SEG_SPK_20	SYN_SESSION_20	fricative	initial							2004.0	2004.098667	ok		SYNTHETIC_TEACHING_FIXTURE
SYN_SEG_0713	SYN_SEG_SPK_20	SYN_SESSION_20	fricative	medial							2005.0	2005.080796	ok		SYNTHETIC_TEACHING_FIXTURE
SYN_SEG_0714	SYN_SEG_SPK_20	SYN_SESSION_20	fricative	final							2006.0	2006.15334	ok		SYNTHETIC_TEACHING_FIXTURE
SYN_SEG_0715	SYN_SEG_SPK_20	SYN_SESSION_20	fricative	initial							2007.0	2007.095308	ok		SYNTHETIC_TEACHING_FIXTURE
SYN_SEG_0716	SYN_SEG_SPK_20	SYN_SESSION_20	fricative	medial							2008.0	2008.095264	ok		SYNTHETIC_TEACHING_FIXTURE
SYN_SEG_0717	SYN_SEG_SPK_20	SYN_SESSION_20	fricative	final							2009.0	2009.094893	ok		SYNTHETIC_TEACHING_FIXTURE
SYN_SEG_0718	SYN_SEG_SPK_20	SYN_SESSION_20	fricative	initial							2010.0	2010.167286	ok		SYNTHETIC_TEACHING_FIXTURE
SYN_SEG_0719	SYN_SEG_SPK_20	SYN_SESSION_20	fricative	medial							2011.0	2011.089562	ok		SYNTHETIC_TEACHING_FIXTURE
SYN_SEG_0720	SYN_SEG_SPK_20	SYN_SESSION_20	fricative	final							2012.0	2012.154943	ok		SYNTHETIC_TEACHING_FIXTURE
SYN_SEG_0721	SYN_SEG_SPK_21	SYN_SESSION_21	stop	initial		2101.0	2101.063698	2101.099326	2101.099326				ok		SYNTHETIC_TEACHING_FIXTURE
SYN_SEG_0722	SYN_SEG_SPK_21	SYN_SESSION_21	stop	medial		2102.0	2102.077693	2102.161378	2102.161378				ok		SYNTHETIC_TEACHING_FIXTURE
SYN_SEG_0723	SYN_SEG_SPK_21	SYN_SESSION_21	stop	final		2103.0	2103.080123	2103.13819	2103.13819				ok		SYNTHETIC_TEACHING_FIXTURE
SYN_SEG_0724	SYN_SEG_SPK_21	SYN_SESSION_21	stop	initial		2104.0	2104.047021	2104.057517	2104.057517				ok		SYNTHETIC_TEACHING_FIXTURE
SYN_SEG_0725	SYN_SEG_SPK_21	SYN_SESSION_21	stop	medial		2105.0	2105.074682	2105.092012	2105.092012				ok		SYNTHETIC_TEACHING_FIXTURE
SYN_SEG_0726	SYN_SEG_SPK_21	SYN_SESSION_21	stop	final		2106.0	2106.054903	2106.092972	2106.092972				ok		SYNTHETIC_TEACHING_FIXTURE
SYN_SEG_0727	SYN_SEG_SPK_21	SYN_SESSION_21	stop	initial		2107.0	2107.045303	2107.101967	2107.101967				ok		SYNTHETIC_TEACHING_FIXTURE
SYN_SEG_0728	SYN_SEG_SPK_21	SYN_SESSION_21	stop	medial		2108.0	2108.073679	2108.095056	2108.095056				ok		SYNTHETIC_TEACHING_FIXTURE
SYN_SEG_0729	SYN_SEG_SPK_21	SYN_SESSION_21	stop	final		2109.0	2109.08606	2109.150171	2109.150171				ok		SYNTHETIC_TEACHING_FIXTURE
SYN_SEG_0730	SYN_SEG_SPK_21	SYN_SESSION_21	stop	initial		2110.0	2110.071388	2110.137408	2110.137408				ok		SYNTHETIC_TEACHING_FIXTURE
SYN_SEG_0731	SYN_SEG_SPK_21	SYN_SESSION_21	stop	medial		2111.0	2111.057732	2111.055017	2111.062732				ok		SYNTHETIC_TEACHING_FIXTURE
SYN_SEG_0732	SYN_SEG_SPK_21	SYN_SESSION_21	stop	final		2112.0	2112.054467	2112.084806	2112.084806				ok		SYNTHETIC_TEACHING_FIXTURE
SYN_SEG_0733	SYN_SEG_SPK_21	SYN_SESSION_21	vowel	initial	i				2101.0	2101.092898			ok		SYNTHETIC_TEACHING_FIXTURE
SYN_SEG_0734	SYN_SEG_SPK_21	SYN_SESSION_21	vowel	medial	a				2102.0	2102.166029			ok		SYNTHETIC_TEACHING_FIXTURE
SYN_SEG_0735	SYN_SEG_SPK_21	SYN_SESSION_21	vowel	final	u				2103.0	2103.203353			ok		SYNTHETIC_TEACHING_FIXTURE
SYN_SEG_0736	SYN_SEG_SPK_21	SYN_SESSION_21	vowel	initial	i				2104.0	2104.08319			ok		SYNTHETIC_TEACHING_FIXTURE
SYN_SEG_0737	SYN_SEG_SPK_21	SYN_SESSION_21	vowel	medial	a				2105.0	2105.129875			ok		SYNTHETIC_TEACHING_FIXTURE
SYN_SEG_0738	SYN_SEG_SPK_21	SYN_SESSION_21	vowel	final	u				2106.0	2106.113555			ok		SYNTHETIC_TEACHING_FIXTURE
SYN_SEG_0739	SYN_SEG_SPK_21	SYN_SESSION_21	vowel	initial	i				2107.0	2107.129494			ok		SYNTHETIC_TEACHING_FIXTURE
SYN_SEG_0740	SYN_SEG_SPK_21	SYN_SESSION_21	vowel	medial	a				2108.0	2108.12128			ok		SYNTHETIC_TEACHING_FIXTURE
SYN_SEG_0741	SYN_SEG_SPK_21	SYN_SESSION_21	vowel	final	u				2109.0	2109.185445			ok		SYNTHETIC_TEACHING_FIXTURE
SYN_SEG_0742	SYN_SEG_SPK_21	SYN_SESSION_21	vowel	initial	i				2110.0	2110.076407			ok		SYNTHETIC_TEACHING_FIXTURE
SYN_SEG_0743	SYN_SEG_SPK_21	SYN_SESSION_21	vowel	medial	a				2111.0	2111.100827			ok		SYNTHETIC_TEACHING_FIXTURE
SYN_SEG_0744	SYN_SEG_SPK_21	SYN_SESSION_21	vowel	final	u				2112.0	2112.138186			ok		SYNTHETIC_TEACHING_FIXTURE
SYN_SEG_0745	SYN_SEG_SPK_21	SYN_SESSION_21	fricative	initial							2101.0	2101.077945	ok		SYNTHETIC_TEACHING_FIXTURE
SYN_SEG_0746	SYN_SEG_SPK_21	SYN_SESSION_21	fricative	medial							2102.0	2102.13103	ok		SYNTHETIC_TEACHING_FIXTURE
SYN_SEG_0747	SYN_SEG_SPK_21	SYN_SESSION_21	fricative	final							2103.0	2103.174299	ok		SYNTHETIC_TEACHING_FIXTURE
SYN_SEG_0748	SYN_SEG_SPK_21	SYN_SESSION_21	fricative	initial							2104.0	2104.159284	ok		SYNTHETIC_TEACHING_FIXTURE
SYN_SEG_0749	SYN_SEG_SPK_21	SYN_SESSION_21	fricative	medial							2105.0	2105.123765	ok		SYNTHETIC_TEACHING_FIXTURE
SYN_SEG_0750	SYN_SEG_SPK_21	SYN_SESSION_21	fricative	final							2106.0	2106.0939	ok		SYNTHETIC_TEACHING_FIXTURE
SYN_SEG_0751	SYN_SEG_SPK_21	SYN_SESSION_21	fricative	initial							2107.0	2107.088517	ok		SYNTHETIC_TEACHING_FIXTURE
SYN_SEG_0752	SYN_SEG_SPK_21	SYN_SESSION_21	fricative	medial							2108.0	2108.120877	ok		SYNTHETIC_TEACHING_FIXTURE
SYN_SEG_0753	SYN_SEG_SPK_21	SYN_SESSION_21	fricative	final							2109.0	2109.094481	ok		SYNTHETIC_TEACHING_FIXTURE
SYN_SEG_0754	SYN_SEG_SPK_21	SYN_SESSION_21	fricative	initial							2110.0	2110.115522	ok		SYNTHETIC_TEACHING_FIXTURE
SYN_SEG_0755	SYN_SEG_SPK_21	SYN_SESSION_21	fricative	medial							2111.0	2111.111492	ok		SYNTHETIC_TEACHING_FIXTURE
SYN_SEG_0756	SYN_SEG_SPK_21	SYN_SESSION_21	fricative	final							2112.0	2112.080735	ok		SYNTHETIC_TEACHING_FIXTURE
SYN_SEG_0757	SYN_SEG_SPK_22	SYN_SESSION_22	stop	initial		2201.0	2201.074595	2201.070016	2201.079595				ok		SYNTHETIC_TEACHING_FIXTURE
SYN_SEG_0758	SYN_SEG_SPK_22	SYN_SESSION_22	stop	medial		2202.0	2202.050366	2202.091393	2202.091393				ok		SYNTHETIC_TEACHING_FIXTURE
SYN_SEG_0759	SYN_SEG_SPK_22	SYN_SESSION_22	stop	final		2203.0	2203.103566	2203.099544	2203.108566				ok		SYNTHETIC_TEACHING_FIXTURE
SYN_SEG_0760	SYN_SEG_SPK_22	SYN_SESSION_22	stop	initial		2204.0	2204.08108	2204.085539	2204.08608				ok		SYNTHETIC_TEACHING_FIXTURE
SYN_SEG_0761	SYN_SEG_SPK_22	SYN_SESSION_22	stop	medial		2205.0	2205.104329	2205.163274	2205.163274				ok		SYNTHETIC_TEACHING_FIXTURE
SYN_SEG_0762	SYN_SEG_SPK_22	SYN_SESSION_22	stop	final		2206.0	2206.075671	2206.136237	2206.136237				ok		SYNTHETIC_TEACHING_FIXTURE
SYN_SEG_0763	SYN_SEG_SPK_22	SYN_SESSION_22	stop	initial		2207.0	2207.097267	2207.088048	2207.102267				ok		SYNTHETIC_TEACHING_FIXTURE
SYN_SEG_0764	SYN_SEG_SPK_22	SYN_SESSION_22	stop	medial		2208.0	2208.061212	2208.091617	2208.091617				ok		SYNTHETIC_TEACHING_FIXTURE
SYN_SEG_0765	SYN_SEG_SPK_22	SYN_SESSION_22	stop	final		2209.0	2209.095318	2209.104448	2209.104448				ok		SYNTHETIC_TEACHING_FIXTURE
SYN_SEG_0766	SYN_SEG_SPK_22	SYN_SESSION_22	stop	initial		2210.0	2210.08133	2210.110401	2210.110401				ok		SYNTHETIC_TEACHING_FIXTURE
SYN_SEG_0767	SYN_SEG_SPK_22	SYN_SESSION_22	stop	medial		2211.0	2211.056434	2211.088955	2211.088955				ok		SYNTHETIC_TEACHING_FIXTURE
SYN_SEG_0768	SYN_SEG_SPK_22	SYN_SESSION_22	stop	final		2212.0	2212.07818	2212.125861	2212.125861				ok		SYNTHETIC_TEACHING_FIXTURE
SYN_SEG_0769	SYN_SEG_SPK_22	SYN_SESSION_22	vowel	initial	i				2201.0	2201.154072			ok		SYNTHETIC_TEACHING_FIXTURE
SYN_SEG_0770	SYN_SEG_SPK_22	SYN_SESSION_22	vowel	medial	a				2202.0	2202.16636			ok		SYNTHETIC_TEACHING_FIXTURE
SYN_SEG_0771	SYN_SEG_SPK_22	SYN_SESSION_22	vowel	final	u				2203.0	2203.154614			ok		SYNTHETIC_TEACHING_FIXTURE
SYN_SEG_0772	SYN_SEG_SPK_22	SYN_SESSION_22	vowel	initial	i				2204.0	2204.170326			ok		SYNTHETIC_TEACHING_FIXTURE
SYN_SEG_0773	SYN_SEG_SPK_22	SYN_SESSION_22	vowel	medial	a				2205.0	2205.184491			ok		SYNTHETIC_TEACHING_FIXTURE
SYN_SEG_0774	SYN_SEG_SPK_22	SYN_SESSION_22	vowel	final	u				2206.0	2206.121029			ok		SYNTHETIC_TEACHING_FIXTURE
SYN_SEG_0775	SYN_SEG_SPK_22	SYN_SESSION_22	vowel	initial	i				2207.0	2207.084942			ok		SYNTHETIC_TEACHING_FIXTURE
SYN_SEG_0776	SYN_SEG_SPK_22	SYN_SESSION_22	vowel	medial	a				2208.0	2208.144919			ok		SYNTHETIC_TEACHING_FIXTURE
SYN_SEG_0777	SYN_SEG_SPK_22	SYN_SESSION_22	vowel	final	u				2209.0	2209.202553			ok		SYNTHETIC_TEACHING_FIXTURE
SYN_SEG_0778	SYN_SEG_SPK_22	SYN_SESSION_22	vowel	initial	i				2210.0	2210.08459			ok		SYNTHETIC_TEACHING_FIXTURE
SYN_SEG_0779	SYN_SEG_SPK_22	SYN_SESSION_22	vowel	medial	a				2211.0	2211.096596			ok		SYNTHETIC_TEACHING_FIXTURE
SYN_SEG_0780	SYN_SEG_SPK_22	SYN_SESSION_22	vowel	final	u				2212.0	2212.08236			ok		SYNTHETIC_TEACHING_FIXTURE
SYN_SEG_0781	SYN_SEG_SPK_22	SYN_SESSION_22	fricative	initial							2201.0	2201.123267	ok		SYNTHETIC_TEACHING_FIXTURE
SYN_SEG_0782	SYN_SEG_SPK_22	SYN_SESSION_22	fricative	medial							2202.0	2202.146957	ok		SYNTHETIC_TEACHING_FIXTURE
SYN_SEG_0783	SYN_SEG_SPK_22	SYN_SESSION_22	fricative	final							2203.0	2203.112912	ok		SYNTHETIC_TEACHING_FIXTURE
SYN_SEG_0784	SYN_SEG_SPK_22	SYN_SESSION_22	fricative	initial							2204.0	2204.078494	ok		SYNTHETIC_TEACHING_FIXTURE
SYN_SEG_0785	SYN_SEG_SPK_22	SYN_SESSION_22	fricative	medial							2205.0	2205.138609	ok		SYNTHETIC_TEACHING_FIXTURE
SYN_SEG_0786	SYN_SEG_SPK_22	SYN_SESSION_22	fricative	final							2206.0	2206.118491	ok		SYNTHETIC_TEACHING_FIXTURE
SYN_SEG_0787	SYN_SEG_SPK_22	SYN_SESSION_22	fricative	initial							2207.0	2207.177087	ok		SYNTHETIC_TEACHING_FIXTURE
SYN_SEG_0788	SYN_SEG_SPK_22	SYN_SESSION_22	fricative	medial							2208.0	2208.157541	ok		SYNTHETIC_TEACHING_FIXTURE
SYN_SEG_0789	SYN_SEG_SPK_22	SYN_SESSION_22	fricative	final							2209.0	2209.128264	ok		SYNTHETIC_TEACHING_FIXTURE
SYN_SEG_0790	SYN_SEG_SPK_22	SYN_SESSION_22	fricative	initial							2210.0	2210.147778	ok		SYNTHETIC_TEACHING_FIXTURE
SYN_SEG_0791	SYN_SEG_SPK_22	SYN_SESSION_22	fricative	medial							2211.0	2211.078152	ok		SYNTHETIC_TEACHING_FIXTURE
SYN_SEG_0792	SYN_SEG_SPK_22	SYN_SESSION_22	fricative	final							2212.0	2212.146158	ok		SYNTHETIC_TEACHING_FIXTURE
SYN_SEG_0793	SYN_SEG_SPK_23	SYN_SESSION_23	stop	initial		2301.0	2301.102831	2301.087313	2301.107831				ok		SYNTHETIC_TEACHING_FIXTURE
SYN_SEG_0794	SYN_SEG_SPK_23	SYN_SESSION_23	stop	medial		2302.0	2302.07194	2302.131369	2302.131369				ok		SYNTHETIC_TEACHING_FIXTURE
SYN_SEG_0795	SYN_SEG_SPK_23	SYN_SESSION_23	stop	final		2303.0	2303.046328	2303.030658	2303.051328				ok		SYNTHETIC_TEACHING_FIXTURE
SYN_SEG_0796	SYN_SEG_SPK_23	SYN_SESSION_23	stop	initial		2304.0	2304.095664	2304.087589	2304.100664				ok		SYNTHETIC_TEACHING_FIXTURE
SYN_SEG_0797	SYN_SEG_SPK_23	SYN_SESSION_23	stop	medial		2305.0	2305.059623	2305.12522	2305.12522				ok		SYNTHETIC_TEACHING_FIXTURE
SYN_SEG_0798	SYN_SEG_SPK_23	SYN_SESSION_23	stop	final		2306.0	2306.052915	2306.085878	2306.085878				ok		SYNTHETIC_TEACHING_FIXTURE
SYN_SEG_0799	SYN_SEG_SPK_23	SYN_SESSION_23	stop	initial		2307.0	2307.053206	2307.045615	2307.058206				ok		SYNTHETIC_TEACHING_FIXTURE
SYN_SEG_0800	SYN_SEG_SPK_23	SYN_SESSION_23	stop	medial		2308.0	2308.104857	2308.145175	2308.145175				ok		SYNTHETIC_TEACHING_FIXTURE
SYN_SEG_0801	SYN_SEG_SPK_23	SYN_SESSION_23	stop	final		2309.0	2309.046184	2309.081968	2309.081968				ok	multiple_release	SYNTHETIC_TEACHING_FIXTURE
SYN_SEG_0802	SYN_SEG_SPK_23	SYN_SESSION_23	stop	initial		2310.0	2310.062571	2310.130158	2310.130158				ok		SYNTHETIC_TEACHING_FIXTURE
SYN_SEG_0803	SYN_SEG_SPK_23	SYN_SESSION_23	stop	medial		2311.0	2311.094883	2311.127646	2311.127646				ok		SYNTHETIC_TEACHING_FIXTURE
SYN_SEG_0804	SYN_SEG_SPK_23	SYN_SESSION_23	stop	final		2312.0	2312.07693	2312.161844	2312.161844				ok		SYNTHETIC_TEACHING_FIXTURE
SYN_SEG_0805	SYN_SEG_SPK_23	SYN_SESSION_23	vowel	initial	i				2301.0	2301.0898			ok		SYNTHETIC_TEACHING_FIXTURE
SYN_SEG_0806	SYN_SEG_SPK_23	SYN_SESSION_23	vowel	medial	a				2302.0	2302.112501			ok		SYNTHETIC_TEACHING_FIXTURE
SYN_SEG_0807	SYN_SEG_SPK_23	SYN_SESSION_23	vowel	final	u				2303.0	2303.211484			ok		SYNTHETIC_TEACHING_FIXTURE
SYN_SEG_0808	SYN_SEG_SPK_23	SYN_SESSION_23	vowel	initial	i				2304.0	2304.170498			ok		SYNTHETIC_TEACHING_FIXTURE
SYN_SEG_0809	SYN_SEG_SPK_23	SYN_SESSION_23	vowel	medial	a				2305.0	2305.217141			ok		SYNTHETIC_TEACHING_FIXTURE
SYN_SEG_0810	SYN_SEG_SPK_23	SYN_SESSION_23	vowel	final	u				2306.0	2306.197437			ok		SYNTHETIC_TEACHING_FIXTURE
SYN_SEG_0811	SYN_SEG_SPK_23	SYN_SESSION_23	vowel	initial	i				2307.0	2307.11491			ok		SYNTHETIC_TEACHING_FIXTURE
SYN_SEG_0812	SYN_SEG_SPK_23	SYN_SESSION_23	vowel	medial	a				2308.0	2308.087029			ok		SYNTHETIC_TEACHING_FIXTURE
SYN_SEG_0813	SYN_SEG_SPK_23	SYN_SESSION_23	vowel	final	u				2309.0	2309.142266			ok		SYNTHETIC_TEACHING_FIXTURE
SYN_SEG_0814	SYN_SEG_SPK_23	SYN_SESSION_23	vowel	initial	i				2310.0	2310.144662			ok		SYNTHETIC_TEACHING_FIXTURE
SYN_SEG_0815	SYN_SEG_SPK_23	SYN_SESSION_23	vowel	medial	a				2311.0	2311.127181			ok		SYNTHETIC_TEACHING_FIXTURE
SYN_SEG_0816	SYN_SEG_SPK_23	SYN_SESSION_23	vowel	final	u				2312.0	2312.194391			ok		SYNTHETIC_TEACHING_FIXTURE
SYN_SEG_0817	SYN_SEG_SPK_23	SYN_SESSION_23	fricative	initial							2301.0	2301.17445	ok		SYNTHETIC_TEACHING_FIXTURE
SYN_SEG_0818	SYN_SEG_SPK_23	SYN_SESSION_23	fricative	medial							2302.0	2302.123212	ok		SYNTHETIC_TEACHING_FIXTURE
SYN_SEG_0819	SYN_SEG_SPK_23	SYN_SESSION_23	fricative	final							2303.0	2303.093027	ok		SYNTHETIC_TEACHING_FIXTURE
SYN_SEG_0820	SYN_SEG_SPK_23	SYN_SESSION_23	fricative	initial							2304.0	2304.160415	ok		SYNTHETIC_TEACHING_FIXTURE
SYN_SEG_0821	SYN_SEG_SPK_23	SYN_SESSION_23	fricative	medial							2305.0	2305.171131	ok		SYNTHETIC_TEACHING_FIXTURE
SYN_SEG_0822	SYN_SEG_SPK_23	SYN_SESSION_23	fricative	final							2306.0	2306.105304	ok		SYNTHETIC_TEACHING_FIXTURE
SYN_SEG_0823	SYN_SEG_SPK_23	SYN_SESSION_23	fricative	initial							2307.0	2307.147972	ok		SYNTHETIC_TEACHING_FIXTURE
SYN_SEG_0824	SYN_SEG_SPK_23	SYN_SESSION_23	fricative	medial							2308.0	2308.172894	ok		SYNTHETIC_TEACHING_FIXTURE
SYN_SEG_0825	SYN_SEG_SPK_23	SYN_SESSION_23	fricative	final							2309.0	2309.103471	ok		SYNTHETIC_TEACHING_FIXTURE
SYN_SEG_0826	SYN_SEG_SPK_23	SYN_SESSION_23	fricative	initial							2310.0	2310.090648	ok		SYNTHETIC_TEACHING_FIXTURE
SYN_SEG_0827	SYN_SEG_SPK_23	SYN_SESSION_23	fricative	medial							2311.0	2311.096241	ok		SYNTHETIC_TEACHING_FIXTURE
SYN_SEG_0828	SYN_SEG_SPK_23	SYN_SESSION_23	fricative	final							2312.0	2312.124445	ok		SYNTHETIC_TEACHING_FIXTURE
SYN_SEG_0829	SYN_SEG_SPK_24	SYN_SESSION_24	stop	initial		2401.0	2401.080273	2401.103007	2401.103007				ok		SYNTHETIC_TEACHING_FIXTURE
SYN_SEG_0830	SYN_SEG_SPK_24	SYN_SESSION_24	stop	medial		2402.0	2402.085749	2402.114441	2402.114441				ok		SYNTHETIC_TEACHING_FIXTURE
SYN_SEG_0831	SYN_SEG_SPK_24	SYN_SESSION_24	stop	final		2403.0	2403.095052	2403.116364	2403.116364				ok		SYNTHETIC_TEACHING_FIXTURE
SYN_SEG_0832	SYN_SEG_SPK_24	SYN_SESSION_24	stop	initial		2404.0	2404.056073	2404.124469	2404.124469				ok		SYNTHETIC_TEACHING_FIXTURE
SYN_SEG_0833	SYN_SEG_SPK_24	SYN_SESSION_24	stop	medial		2405.0	2405.081934	2405.158536	2405.158536				ok		SYNTHETIC_TEACHING_FIXTURE
SYN_SEG_0834	SYN_SEG_SPK_24	SYN_SESSION_24	stop	final		2406.0	2406.04843	2406.05544	2406.05544				ok		SYNTHETIC_TEACHING_FIXTURE
SYN_SEG_0835	SYN_SEG_SPK_24	SYN_SESSION_24	stop	initial		2407.0	2407.050234	2407.051953	2407.055234				ok		SYNTHETIC_TEACHING_FIXTURE
SYN_SEG_0836	SYN_SEG_SPK_24	SYN_SESSION_24	stop	medial		2408.0	2408.102619	2408.087533	2408.107619				ok		SYNTHETIC_TEACHING_FIXTURE
SYN_SEG_0837	SYN_SEG_SPK_24	SYN_SESSION_24	stop	final		2409.0	2409.084195	2409.069592	2409.089195				ok		SYNTHETIC_TEACHING_FIXTURE
SYN_SEG_0838	SYN_SEG_SPK_24	SYN_SESSION_24	stop	initial		2410.0	2410.062834	2410.092776	2410.092776				ok		SYNTHETIC_TEACHING_FIXTURE
SYN_SEG_0839	SYN_SEG_SPK_24	SYN_SESSION_24	stop	medial		2411.0	2411.048601	2411.072085	2411.072085				ok		SYNTHETIC_TEACHING_FIXTURE
SYN_SEG_0840	SYN_SEG_SPK_24	SYN_SESSION_24	stop	final		2412.0	2412.062085	2412.143264	2412.143264				ok		SYNTHETIC_TEACHING_FIXTURE
SYN_SEG_0841	SYN_SEG_SPK_24	SYN_SESSION_24	vowel	initial	i				2401.0	2401.203774			ok		SYNTHETIC_TEACHING_FIXTURE
SYN_SEG_0842	SYN_SEG_SPK_24	SYN_SESSION_24	vowel	medial	a				2402.0	2402.153639			ok		SYNTHETIC_TEACHING_FIXTURE
SYN_SEG_0843	SYN_SEG_SPK_24	SYN_SESSION_24	vowel	final	u				2403.0	2403.120698			ok		SYNTHETIC_TEACHING_FIXTURE
SYN_SEG_0844	SYN_SEG_SPK_24	SYN_SESSION_24	vowel	initial	i				2404.0	2404.123082			ok		SYNTHETIC_TEACHING_FIXTURE
SYN_SEG_0845	SYN_SEG_SPK_24	SYN_SESSION_24	vowel	medial	a				2405.0	2405.084856			ok		SYNTHETIC_TEACHING_FIXTURE
SYN_SEG_0846	SYN_SEG_SPK_24	SYN_SESSION_24	vowel	final	u				2406.0	2406.163445			ok		SYNTHETIC_TEACHING_FIXTURE
SYN_SEG_0847	SYN_SEG_SPK_24	SYN_SESSION_24	vowel	initial	i				2407.0	2407.169862			ok		SYNTHETIC_TEACHING_FIXTURE
SYN_SEG_0848	SYN_SEG_SPK_24	SYN_SESSION_24	vowel	medial	a				2408.0	2408.125929			ok		SYNTHETIC_TEACHING_FIXTURE
SYN_SEG_0849	SYN_SEG_SPK_24	SYN_SESSION_24	vowel	final	u				2409.0	2409.106369			ok		SYNTHETIC_TEACHING_FIXTURE
SYN_SEG_0850	SYN_SEG_SPK_24	SYN_SESSION_24	vowel	initial	i				2410.0	2410.121335			ok		SYNTHETIC_TEACHING_FIXTURE
SYN_SEG_0851	SYN_SEG_SPK_24	SYN_SESSION_24	vowel	medial	a				2411.0	2411.19518			ok		SYNTHETIC_TEACHING_FIXTURE
SYN_SEG_0852	SYN_SEG_SPK_24	SYN_SESSION_24	vowel	final	u				2412.0	2412.15012			ok		SYNTHETIC_TEACHING_FIXTURE
SYN_SEG_0853	SYN_SEG_SPK_24	SYN_SESSION_24	fricative	initial							2401.0	2401.124371	ok		SYNTHETIC_TEACHING_FIXTURE
SYN_SEG_0854	SYN_SEG_SPK_24	SYN_SESSION_24	fricative	medial							2402.0	2402.13575	ok		SYNTHETIC_TEACHING_FIXTURE
SYN_SEG_0855	SYN_SEG_SPK_24	SYN_SESSION_24	fricative	final							2403.0	2403.131985	ok		SYNTHETIC_TEACHING_FIXTURE
SYN_SEG_0856	SYN_SEG_SPK_24	SYN_SESSION_24	fricative	initial							2404.0	2404.096334	ok		SYNTHETIC_TEACHING_FIXTURE
SYN_SEG_0857	SYN_SEG_SPK_24	SYN_SESSION_24	fricative	medial							2405.0	2405.126909	ok		SYNTHETIC_TEACHING_FIXTURE
SYN_SEG_0858	SYN_SEG_SPK_24	SYN_SESSION_24	fricative	final							2406.0	2406.080873	ok		SYNTHETIC_TEACHING_FIXTURE
SYN_SEG_0859	SYN_SEG_SPK_24	SYN_SESSION_24	fricative	initial							2407.0	2407.10321	ok		SYNTHETIC_TEACHING_FIXTURE
SYN_SEG_0860	SYN_SEG_SPK_24	SYN_SESSION_24	fricative	medial							2408.0	2408.1501	ok		SYNTHETIC_TEACHING_FIXTURE
SYN_SEG_0861	SYN_SEG_SPK_24	SYN_SESSION_24	fricative	final							2409.0	2409.074097	ok		SYNTHETIC_TEACHING_FIXTURE
SYN_SEG_0862	SYN_SEG_SPK_24	SYN_SESSION_24	fricative	initial							2410.0	2410.123299	ok		SYNTHETIC_TEACHING_FIXTURE
SYN_SEG_0863	SYN_SEG_SPK_24	SYN_SESSION_24	fricative	medial							2411.0	2411.17673	ok		SYNTHETIC_TEACHING_FIXTURE
SYN_SEG_0864	SYN_SEG_SPK_24	SYN_SESSION_24	fricative	final							2412.0	2412.155658	ok		SYNTHETIC_TEACHING_FIXTURE
SYN_SEG_0865	SYN_SEG_SPK_25	SYN_SESSION_25	stop	initial		2501.0	2501.108837	2501.160626	2501.160626				ok		SYNTHETIC_TEACHING_FIXTURE
SYN_SEG_0866	SYN_SEG_SPK_25	SYN_SESSION_25	stop	medial		2502.0	2502.057714	2502.051659	2502.062714				ok		SYNTHETIC_TEACHING_FIXTURE
SYN_SEG_0867	SYN_SEG_SPK_25	SYN_SESSION_25	stop	final		2503.0	2503.076697	2503.085237	2503.085237				ok		SYNTHETIC_TEACHING_FIXTURE
SYN_SEG_0868	SYN_SEG_SPK_25	SYN_SESSION_25	stop	initial		2504.0	2504.080801	2504.120586	2504.120586				ok		SYNTHETIC_TEACHING_FIXTURE
SYN_SEG_0869	SYN_SEG_SPK_25	SYN_SESSION_25	stop	medial		2505.0	2505.064223	2505.068315	2505.069223				ok		SYNTHETIC_TEACHING_FIXTURE
SYN_SEG_0870	SYN_SEG_SPK_25	SYN_SESSION_25	stop	final		2506.0	2506.075309	2506.151406	2506.151406				ok		SYNTHETIC_TEACHING_FIXTURE
SYN_SEG_0871	SYN_SEG_SPK_25	SYN_SESSION_25	stop	initial		2507.0	2507.055041	2507.103466	2507.103466				ok		SYNTHETIC_TEACHING_FIXTURE
SYN_SEG_0872	SYN_SEG_SPK_25	SYN_SESSION_25	stop	medial		2508.0	2508.070478	2508.101272	2508.101272				ok		SYNTHETIC_TEACHING_FIXTURE
SYN_SEG_0873	SYN_SEG_SPK_25	SYN_SESSION_25	stop	final		2509.0	2509.108329		2509.113329				missing	absent_periodicity	SYNTHETIC_TEACHING_FIXTURE
SYN_SEG_0874	SYN_SEG_SPK_25	SYN_SESSION_25	stop	initial		2510.0	2510.068039	2510.076075	2510.076075				ok		SYNTHETIC_TEACHING_FIXTURE
SYN_SEG_0875	SYN_SEG_SPK_25	SYN_SESSION_25	stop	medial		2511.0	2511.107367	2511.124003	2511.124003				ok		SYNTHETIC_TEACHING_FIXTURE
SYN_SEG_0876	SYN_SEG_SPK_25	SYN_SESSION_25	stop	final		2512.0	2512.085583	2512.141263	2512.141263				ok		SYNTHETIC_TEACHING_FIXTURE
SYN_SEG_0877	SYN_SEG_SPK_25	SYN_SESSION_25	vowel	initial	i				2501.0	2501.135393			ok		SYNTHETIC_TEACHING_FIXTURE
SYN_SEG_0878	SYN_SEG_SPK_25	SYN_SESSION_25	vowel	medial	a				2502.0	2502.143479			ok		SYNTHETIC_TEACHING_FIXTURE
SYN_SEG_0879	SYN_SEG_SPK_25	SYN_SESSION_25	vowel	final	u				2503.0	2503.189333			ok		SYNTHETIC_TEACHING_FIXTURE
SYN_SEG_0880	SYN_SEG_SPK_25	SYN_SESSION_25	vowel	initial	i				2504.0	2504.094559			ok		SYNTHETIC_TEACHING_FIXTURE
SYN_SEG_0881	SYN_SEG_SPK_25	SYN_SESSION_25	vowel	medial	a				2505.0	2505.188419			ok		SYNTHETIC_TEACHING_FIXTURE
SYN_SEG_0882	SYN_SEG_SPK_25	SYN_SESSION_25	vowel	final	u				2506.0	2506.149099			ok		SYNTHETIC_TEACHING_FIXTURE
SYN_SEG_0883	SYN_SEG_SPK_25	SYN_SESSION_25	vowel	initial	i				2507.0	2507.193856			ok		SYNTHETIC_TEACHING_FIXTURE
SYN_SEG_0884	SYN_SEG_SPK_25	SYN_SESSION_25	vowel	medial	a				2508.0	2508.120747			ok		SYNTHETIC_TEACHING_FIXTURE
SYN_SEG_0885	SYN_SEG_SPK_25	SYN_SESSION_25	vowel	final	u				2509.0	2509.141194			ok		SYNTHETIC_TEACHING_FIXTURE
SYN_SEG_0886	SYN_SEG_SPK_25	SYN_SESSION_25	vowel	initial	i				2510.0	2510.216636			ok		SYNTHETIC_TEACHING_FIXTURE
SYN_SEG_0887	SYN_SEG_SPK_25	SYN_SESSION_25	vowel	medial	a				2511.0	2511.075074			ok		SYNTHETIC_TEACHING_FIXTURE
SYN_SEG_0888	SYN_SEG_SPK_25	SYN_SESSION_25	vowel	final	u				2512.0	2512.105863			ok		SYNTHETIC_TEACHING_FIXTURE
SYN_SEG_0889	SYN_SEG_SPK_25	SYN_SESSION_25	fricative	initial							2501.0	2501.118627	ok		SYNTHETIC_TEACHING_FIXTURE
SYN_SEG_0890	SYN_SEG_SPK_25	SYN_SESSION_25	fricative	medial							2502.0	2502.077719	ok		SYNTHETIC_TEACHING_FIXTURE
SYN_SEG_0891	SYN_SEG_SPK_25	SYN_SESSION_25	fricative	final							2503.0	2503.083864	ok		SYNTHETIC_TEACHING_FIXTURE
SYN_SEG_0892	SYN_SEG_SPK_25	SYN_SESSION_25	fricative	initial							2504.0	2504.139315	ok		SYNTHETIC_TEACHING_FIXTURE
SYN_SEG_0893	SYN_SEG_SPK_25	SYN_SESSION_25	fricative	medial							2505.0	2505.119591	ok		SYNTHETIC_TEACHING_FIXTURE
SYN_SEG_0894	SYN_SEG_SPK_25	SYN_SESSION_25	fricative	final							2506.0	2506.167393	ok		SYNTHETIC_TEACHING_FIXTURE
SYN_SEG_0895	SYN_SEG_SPK_25	SYN_SESSION_25	fricative	initial							2507.0	2507.112012	ok		SYNTHETIC_TEACHING_FIXTURE
SYN_SEG_0896	SYN_SEG_SPK_25	SYN_SESSION_25	fricative	medial							2508.0	2508.149202	ok		SYNTHETIC_TEACHING_FIXTURE
SYN_SEG_0897	SYN_SEG_SPK_25	SYN_SESSION_25	fricative	final							2509.0	2509.118962	ok		SYNTHETIC_TEACHING_FIXTURE
SYN_SEG_0898	SYN_SEG_SPK_25	SYN_SESSION_25	fricative	initial							2510.0	2510.096473	ok		SYNTHETIC_TEACHING_FIXTURE
SYN_SEG_0899	SYN_SEG_SPK_25	SYN_SESSION_25	fricative	medial							2511.0	2511.073031	ok		SYNTHETIC_TEACHING_FIXTURE
SYN_SEG_0900	SYN_SEG_SPK_25	SYN_SESSION_25	fricative	final							2512.0	2512.177031	ok		SYNTHETIC_TEACHING_FIXTURE
SYN_SEG_0901	SYN_SEG_SPK_26	SYN_SESSION_26	stop	initial		2601.0	2601.053332	2601.040583	2601.058332				ok		SYNTHETIC_TEACHING_FIXTURE
SYN_SEG_0902	SYN_SEG_SPK_26	SYN_SESSION_26	stop	medial		2602.0	2602.098732	2602.098353	2602.103732				ok		SYNTHETIC_TEACHING_FIXTURE
SYN_SEG_0903	SYN_SEG_SPK_26	SYN_SESSION_26	stop	final		2603.0	2603.062199	2603.108671	2603.108671				ok		SYNTHETIC_TEACHING_FIXTURE
SYN_SEG_0904	SYN_SEG_SPK_26	SYN_SESSION_26	stop	initial		2604.0	2604.082634	2604.144694	2604.144694				ok		SYNTHETIC_TEACHING_FIXTURE
SYN_SEG_0905	SYN_SEG_SPK_26	SYN_SESSION_26	stop	medial		2605.0	2605.088311	2605.104795	2605.104795				ok		SYNTHETIC_TEACHING_FIXTURE
SYN_SEG_0906	SYN_SEG_SPK_26	SYN_SESSION_26	stop	final		2606.0	2606.077647	2606.080418	2606.082647				ok		SYNTHETIC_TEACHING_FIXTURE
SYN_SEG_0907	SYN_SEG_SPK_26	SYN_SESSION_26	stop	initial		2607.0	2607.071713	2607.138388	2607.138388				ok		SYNTHETIC_TEACHING_FIXTURE
SYN_SEG_0908	SYN_SEG_SPK_26	SYN_SESSION_26	stop	medial		2608.0	2608.08792	2608.068697	2608.09292				ok		SYNTHETIC_TEACHING_FIXTURE
SYN_SEG_0909	SYN_SEG_SPK_26	SYN_SESSION_26	stop	final		2609.0	2609.09642	2609.121346	2609.121346				ok		SYNTHETIC_TEACHING_FIXTURE
SYN_SEG_0910	SYN_SEG_SPK_26	SYN_SESSION_26	stop	initial		2610.0	2610.087269	2610.14808	2610.14808				ok		SYNTHETIC_TEACHING_FIXTURE
SYN_SEG_0911	SYN_SEG_SPK_26	SYN_SESSION_26	stop	medial		2611.0	2611.081246	2611.138108	2611.138108				ok		SYNTHETIC_TEACHING_FIXTURE
SYN_SEG_0912	SYN_SEG_SPK_26	SYN_SESSION_26	stop	final		2612.0	2612.054937	2612.067731	2612.067731				ok		SYNTHETIC_TEACHING_FIXTURE
SYN_SEG_0913	SYN_SEG_SPK_26	SYN_SESSION_26	vowel	initial	i				2601.0	2601.184499			ok		SYNTHETIC_TEACHING_FIXTURE
SYN_SEG_0914	SYN_SEG_SPK_26	SYN_SESSION_26	vowel	medial	a				2602.0	2602.215026			ok		SYNTHETIC_TEACHING_FIXTURE
SYN_SEG_0915	SYN_SEG_SPK_26	SYN_SESSION_26	vowel	final	u				2603.0	2603.132403			ok		SYNTHETIC_TEACHING_FIXTURE
SYN_SEG_0916	SYN_SEG_SPK_26	SYN_SESSION_26	vowel	initial	i				2604.0	2604.2151			ok		SYNTHETIC_TEACHING_FIXTURE
SYN_SEG_0917	SYN_SEG_SPK_26	SYN_SESSION_26	vowel	medial	a				2605.0	2605.206751			ok		SYNTHETIC_TEACHING_FIXTURE
SYN_SEG_0918	SYN_SEG_SPK_26	SYN_SESSION_26	vowel	final	u				2606.0	2606.077159			ok		SYNTHETIC_TEACHING_FIXTURE
SYN_SEG_0919	SYN_SEG_SPK_26	SYN_SESSION_26	vowel	initial	i				2607.0	2607.131983			ok		SYNTHETIC_TEACHING_FIXTURE
SYN_SEG_0920	SYN_SEG_SPK_26	SYN_SESSION_26	vowel	medial	a				2608.0	2608.145254			ok		SYNTHETIC_TEACHING_FIXTURE
SYN_SEG_0921	SYN_SEG_SPK_26	SYN_SESSION_26	vowel	final	u				2609.0	2609.209952			ok		SYNTHETIC_TEACHING_FIXTURE
SYN_SEG_0922	SYN_SEG_SPK_26	SYN_SESSION_26	vowel	initial	i				2610.0	2610.143385			ok		SYNTHETIC_TEACHING_FIXTURE
SYN_SEG_0923	SYN_SEG_SPK_26	SYN_SESSION_26	vowel	medial	a				2611.0	2611.212836			ok		SYNTHETIC_TEACHING_FIXTURE
SYN_SEG_0924	SYN_SEG_SPK_26	SYN_SESSION_26	vowel	final	u				2612.0	2612.168903			ok		SYNTHETIC_TEACHING_FIXTURE
SYN_SEG_0925	SYN_SEG_SPK_26	SYN_SESSION_26	fricative	initial							2601.0	2601.094823	ok		SYNTHETIC_TEACHING_FIXTURE
SYN_SEG_0926	SYN_SEG_SPK_26	SYN_SESSION_26	fricative	medial							2602.0	2602.078086	ok		SYNTHETIC_TEACHING_FIXTURE
SYN_SEG_0927	SYN_SEG_SPK_26	SYN_SESSION_26	fricative	final							2603.0	2603.158651	ok		SYNTHETIC_TEACHING_FIXTURE
SYN_SEG_0928	SYN_SEG_SPK_26	SYN_SESSION_26	fricative	initial							2604.0	2604.176004	ok		SYNTHETIC_TEACHING_FIXTURE
SYN_SEG_0929	SYN_SEG_SPK_26	SYN_SESSION_26	fricative	medial							2605.0	2605.09834	ok		SYNTHETIC_TEACHING_FIXTURE
SYN_SEG_0930	SYN_SEG_SPK_26	SYN_SESSION_26	fricative	final							2606.0	2606.131361	ok		SYNTHETIC_TEACHING_FIXTURE
SYN_SEG_0931	SYN_SEG_SPK_26	SYN_SESSION_26	fricative	initial							2607.0	2607.120482	ok		SYNTHETIC_TEACHING_FIXTURE
SYN_SEG_0932	SYN_SEG_SPK_26	SYN_SESSION_26	fricative	medial							2608.0	2608.155724	ok		SYNTHETIC_TEACHING_FIXTURE
SYN_SEG_0933	SYN_SEG_SPK_26	SYN_SESSION_26	fricative	final							2609.0	2609.154393	ok		SYNTHETIC_TEACHING_FIXTURE
SYN_SEG_0934	SYN_SEG_SPK_26	SYN_SESSION_26	fricative	initial							2610.0	2610.09796	ok		SYNTHETIC_TEACHING_FIXTURE
SYN_SEG_0935	SYN_SEG_SPK_26	SYN_SESSION_26	fricative	medial							2611.0	2611.130456	ok		SYNTHETIC_TEACHING_FIXTURE
SYN_SEG_0936	SYN_SEG_SPK_26	SYN_SESSION_26	fricative	final							2612.0	2612.111128	ok		SYNTHETIC_TEACHING_FIXTURE
SYN_SEG_0937	SYN_SEG_SPK_27	SYN_SESSION_27	stop	initial		2701.0	2701.097642	2701.127861	2701.127861				ok		SYNTHETIC_TEACHING_FIXTURE
SYN_SEG_0938	SYN_SEG_SPK_27	SYN_SESSION_27	stop	medial		2702.0	2702.096975	2702.145555	2702.145555				ok		SYNTHETIC_TEACHING_FIXTURE
SYN_SEG_0939	SYN_SEG_SPK_27	SYN_SESSION_27	stop	final		2703.0	2703.086167	2703.120159	2703.120159				ok		SYNTHETIC_TEACHING_FIXTURE
SYN_SEG_0940	SYN_SEG_SPK_27	SYN_SESSION_27	stop	initial		2704.0	2704.055621	2704.125908	2704.125908				ok		SYNTHETIC_TEACHING_FIXTURE
SYN_SEG_0941	SYN_SEG_SPK_27	SYN_SESSION_27	stop	medial		2705.0	2705.057048	2705.140797	2705.140797				ok		SYNTHETIC_TEACHING_FIXTURE
SYN_SEG_0942	SYN_SEG_SPK_27	SYN_SESSION_27	stop	final		2706.0	2706.07816	2706.121266	2706.121266				ok		SYNTHETIC_TEACHING_FIXTURE
SYN_SEG_0943	SYN_SEG_SPK_27	SYN_SESSION_27	stop	initial		2707.0	2707.050371	2707.033576	2707.055371				ok		SYNTHETIC_TEACHING_FIXTURE
SYN_SEG_0944	SYN_SEG_SPK_27	SYN_SESSION_27	stop	medial		2708.0	2708.102612	2708.122643	2708.122643				ok		SYNTHETIC_TEACHING_FIXTURE
SYN_SEG_0945	SYN_SEG_SPK_27	SYN_SESSION_27	stop	final		2709.0	2709.093607	2709.079905	2709.098607				ok		SYNTHETIC_TEACHING_FIXTURE
SYN_SEG_0946	SYN_SEG_SPK_27	SYN_SESSION_27	stop	initial		2710.0	2710.092258	2710.127424	2710.127424				ok		SYNTHETIC_TEACHING_FIXTURE
SYN_SEG_0947	SYN_SEG_SPK_27	SYN_SESSION_27	stop	medial		2711.0	2711.092207	2711.123958	2711.123958				ok		SYNTHETIC_TEACHING_FIXTURE
SYN_SEG_0948	SYN_SEG_SPK_27	SYN_SESSION_27	stop	final		2712.0	2712.086079	2712.14995	2712.14995				ok		SYNTHETIC_TEACHING_FIXTURE
SYN_SEG_0949	SYN_SEG_SPK_27	SYN_SESSION_27	vowel	initial	i				2701.0	2701.161048			ok		SYNTHETIC_TEACHING_FIXTURE
SYN_SEG_0950	SYN_SEG_SPK_27	SYN_SESSION_27	vowel	medial	a				2702.0	2702.162594			ok		SYNTHETIC_TEACHING_FIXTURE
SYN_SEG_0951	SYN_SEG_SPK_27	SYN_SESSION_27	vowel	final	u				2703.0	2703.105745			ok		SYNTHETIC_TEACHING_FIXTURE
SYN_SEG_0952	SYN_SEG_SPK_27	SYN_SESSION_27	vowel	initial	i				2704.0	2704.086437			ok		SYNTHETIC_TEACHING_FIXTURE
SYN_SEG_0953	SYN_SEG_SPK_27	SYN_SESSION_27	vowel	medial	a				2705.0	2705.164339			ok		SYNTHETIC_TEACHING_FIXTURE
SYN_SEG_0954	SYN_SEG_SPK_27	SYN_SESSION_27	vowel	final	u				2706.0	2706.19136			ok		SYNTHETIC_TEACHING_FIXTURE
SYN_SEG_0955	SYN_SEG_SPK_27	SYN_SESSION_27	vowel	initial	i				2707.0	2707.122199			ok		SYNTHETIC_TEACHING_FIXTURE
SYN_SEG_0956	SYN_SEG_SPK_27	SYN_SESSION_27	vowel	medial	a				2708.0	2708.139913			ok		SYNTHETIC_TEACHING_FIXTURE
SYN_SEG_0957	SYN_SEG_SPK_27	SYN_SESSION_27	vowel	final	u				2709.0	2709.169082			ok		SYNTHETIC_TEACHING_FIXTURE
SYN_SEG_0958	SYN_SEG_SPK_27	SYN_SESSION_27	vowel	initial	i				2710.0	2710.112325			ok		SYNTHETIC_TEACHING_FIXTURE
SYN_SEG_0959	SYN_SEG_SPK_27	SYN_SESSION_27	vowel	medial	a				2711.0	2711.188393			ok		SYNTHETIC_TEACHING_FIXTURE
SYN_SEG_0960	SYN_SEG_SPK_27	SYN_SESSION_27	vowel	final	u				2712.0	2712.121328			ok		SYNTHETIC_TEACHING_FIXTURE
SYN_SEG_0961	SYN_SEG_SPK_27	SYN_SESSION_27	fricative	initial							2701.0	2701.090558	ok		SYNTHETIC_TEACHING_FIXTURE
SYN_SEG_0962	SYN_SEG_SPK_27	SYN_SESSION_27	fricative	medial							2702.0	2702.154931	ok		SYNTHETIC_TEACHING_FIXTURE
SYN_SEG_0963	SYN_SEG_SPK_27	SYN_SESSION_27	fricative	final							2703.0	2703.130669	ok		SYNTHETIC_TEACHING_FIXTURE
SYN_SEG_0964	SYN_SEG_SPK_27	SYN_SESSION_27	fricative	initial							2704.0	2704.085193	ok		SYNTHETIC_TEACHING_FIXTURE
SYN_SEG_0965	SYN_SEG_SPK_27	SYN_SESSION_27	fricative	medial							2705.0	2705.113365	ok		SYNTHETIC_TEACHING_FIXTURE
SYN_SEG_0966	SYN_SEG_SPK_27	SYN_SESSION_27	fricative	final							2706.0	2706.102886	ok		SYNTHETIC_TEACHING_FIXTURE
SYN_SEG_0967	SYN_SEG_SPK_27	SYN_SESSION_27	fricative	initial							2707.0	2707.11865	ok		SYNTHETIC_TEACHING_FIXTURE
SYN_SEG_0968	SYN_SEG_SPK_27	SYN_SESSION_27	fricative	medial							2708.0	2708.110256	ok		SYNTHETIC_TEACHING_FIXTURE
SYN_SEG_0969	SYN_SEG_SPK_27	SYN_SESSION_27	fricative	final							2709.0	2709.103066	ok		SYNTHETIC_TEACHING_FIXTURE
SYN_SEG_0970	SYN_SEG_SPK_27	SYN_SESSION_27	fricative	initial							2710.0	2710.102824	ok		SYNTHETIC_TEACHING_FIXTURE
SYN_SEG_0971	SYN_SEG_SPK_27	SYN_SESSION_27	fricative	medial							2711.0	2711.172912	ok		SYNTHETIC_TEACHING_FIXTURE
SYN_SEG_0972	SYN_SEG_SPK_27	SYN_SESSION_27	fricative	final							2712.0	2712.072128	ok		SYNTHETIC_TEACHING_FIXTURE
SYN_SEG_0973	SYN_SEG_SPK_28	SYN_SESSION_28	stop	initial		2801.0	2801.049495	2801.116432	2801.116432				ok		SYNTHETIC_TEACHING_FIXTURE
SYN_SEG_0974	SYN_SEG_SPK_28	SYN_SESSION_28	stop	medial		2802.0	2802.092488	2802.076832	2802.097488				ok		SYNTHETIC_TEACHING_FIXTURE
SYN_SEG_0975	SYN_SEG_SPK_28	SYN_SESSION_28	stop	final		2803.0	2803.054922	2803.072101	2803.072101				ok		SYNTHETIC_TEACHING_FIXTURE
SYN_SEG_0976	SYN_SEG_SPK_28	SYN_SESSION_28	stop	initial		2804.0	2804.104173	2804.130427	2804.130427				ok		SYNTHETIC_TEACHING_FIXTURE
SYN_SEG_0977	SYN_SEG_SPK_28	SYN_SESSION_28	stop	medial		2805.0	2805.092345	2805.132729	2805.132729				ok		SYNTHETIC_TEACHING_FIXTURE
SYN_SEG_0978	SYN_SEG_SPK_28	SYN_SESSION_28	stop	final		2806.0	2806.075184	2806.150624	2806.150624				ok		SYNTHETIC_TEACHING_FIXTURE
SYN_SEG_0979	SYN_SEG_SPK_28	SYN_SESSION_28	stop	initial		2807.0	2807.073595	2807.12571	2807.12571				ok	multiple_release	SYNTHETIC_TEACHING_FIXTURE
SYN_SEG_0980	SYN_SEG_SPK_28	SYN_SESSION_28	stop	medial		2808.0	2808.077109	2808.108213	2808.108213				ok		SYNTHETIC_TEACHING_FIXTURE
SYN_SEG_0981	SYN_SEG_SPK_28	SYN_SESSION_28	stop	final		2809.0	2809.102369	2809.093874	2809.107369				ok		SYNTHETIC_TEACHING_FIXTURE
SYN_SEG_0982	SYN_SEG_SPK_28	SYN_SESSION_28	stop	initial		2810.0	2810.046671	2810.131572	2810.131572				ok		SYNTHETIC_TEACHING_FIXTURE
SYN_SEG_0983	SYN_SEG_SPK_28	SYN_SESSION_28	stop	medial		2811.0	2811.054841	2811.038057	2811.059841				ok		SYNTHETIC_TEACHING_FIXTURE
SYN_SEG_0984	SYN_SEG_SPK_28	SYN_SESSION_28	stop	final		2812.0	2812.090964	2812.171796	2812.171796				ok		SYNTHETIC_TEACHING_FIXTURE
SYN_SEG_0985	SYN_SEG_SPK_28	SYN_SESSION_28	vowel	initial	i				2801.0	2801.206236			ok		SYNTHETIC_TEACHING_FIXTURE
SYN_SEG_0986	SYN_SEG_SPK_28	SYN_SESSION_28	vowel	medial	a				2802.0	2802.181428			ok		SYNTHETIC_TEACHING_FIXTURE
SYN_SEG_0987	SYN_SEG_SPK_28	SYN_SESSION_28	vowel	final	u				2803.0	2803.185675			ok		SYNTHETIC_TEACHING_FIXTURE
SYN_SEG_0988	SYN_SEG_SPK_28	SYN_SESSION_28	vowel	initial	i				2804.0	2804.083922			ok		SYNTHETIC_TEACHING_FIXTURE
SYN_SEG_0989	SYN_SEG_SPK_28	SYN_SESSION_28	vowel	medial	a				2805.0	2805.100225			ok		SYNTHETIC_TEACHING_FIXTURE
SYN_SEG_0990	SYN_SEG_SPK_28	SYN_SESSION_28	vowel	final	u				2806.0	2806.083605			ok		SYNTHETIC_TEACHING_FIXTURE
SYN_SEG_0991	SYN_SEG_SPK_28	SYN_SESSION_28	vowel	initial	i				2807.0	2807.179097			ok		SYNTHETIC_TEACHING_FIXTURE
SYN_SEG_0992	SYN_SEG_SPK_28	SYN_SESSION_28	vowel	medial	a				2808.0	2808.09768			ok		SYNTHETIC_TEACHING_FIXTURE
SYN_SEG_0993	SYN_SEG_SPK_28	SYN_SESSION_28	vowel	final	u				2809.0	2809.17136			ok		SYNTHETIC_TEACHING_FIXTURE
SYN_SEG_0994	SYN_SEG_SPK_28	SYN_SESSION_28	vowel	initial	i				2810.0	2810.183869			ok		SYNTHETIC_TEACHING_FIXTURE
SYN_SEG_0995	SYN_SEG_SPK_28	SYN_SESSION_28	vowel	medial	a				2811.0	2811.219006			ok		SYNTHETIC_TEACHING_FIXTURE
SYN_SEG_0996	SYN_SEG_SPK_28	SYN_SESSION_28	vowel	final	u				2812.0	2812.207218			ok		SYNTHETIC_TEACHING_FIXTURE
SYN_SEG_0997	SYN_SEG_SPK_28	SYN_SESSION_28	fricative	initial							2801.0	2801.12868	ok		SYNTHETIC_TEACHING_FIXTURE
SYN_SEG_0998	SYN_SEG_SPK_28	SYN_SESSION_28	fricative	medial							2802.0	2802.132895	ok		SYNTHETIC_TEACHING_FIXTURE
SYN_SEG_0999	SYN_SEG_SPK_28	SYN_SESSION_28	fricative	final							2803.0	2803.17429	ok		SYNTHETIC_TEACHING_FIXTURE
SYN_SEG_1000	SYN_SEG_SPK_28	SYN_SESSION_28	fricative	initial							2804.0	2804.113676	ok		SYNTHETIC_TEACHING_FIXTURE
SYN_SEG_1001	SYN_SEG_SPK_28	SYN_SESSION_28	fricative	medial							2805.0	2805.151014	ok		SYNTHETIC_TEACHING_FIXTURE
SYN_SEG_1002	SYN_SEG_SPK_28	SYN_SESSION_28	fricative	final							2806.0	2806.121205	ok		SYNTHETIC_TEACHING_FIXTURE
SYN_SEG_1003	SYN_SEG_SPK_28	SYN_SESSION_28	fricative	initial							2807.0	2807.159261	ok		SYNTHETIC_TEACHING_FIXTURE
SYN_SEG_1004	SYN_SEG_SPK_28	SYN_SESSION_28	fricative	medial							2808.0	2808.134845	ok		SYNTHETIC_TEACHING_FIXTURE
SYN_SEG_1005	SYN_SEG_SPK_28	SYN_SESSION_28	fricative	final							2809.0	2809.110162	ok		SYNTHETIC_TEACHING_FIXTURE
SYN_SEG_1006	SYN_SEG_SPK_28	SYN_SESSION_28	fricative	initial							2810.0	2810.178737	ok		SYNTHETIC_TEACHING_FIXTURE
SYN_SEG_1007	SYN_SEG_SPK_28	SYN_SESSION_28	fricative	medial							2811.0	2811.168541	ok		SYNTHETIC_TEACHING_FIXTURE
SYN_SEG_1008	SYN_SEG_SPK_28	SYN_SESSION_28	fricative	final							2812.0	2812.070233	ok		SYNTHETIC_TEACHING_FIXTURE
SYN_SEG_1009	SYN_SEG_SPK_29	SYN_SESSION_29	stop	initial		2901.0	2901.083803	2901.123536	2901.123536				ok		SYNTHETIC_TEACHING_FIXTURE
SYN_SEG_1010	SYN_SEG_SPK_29	SYN_SESSION_29	stop	medial		2902.0	2902.087587	2902.114443	2902.114443				ok		SYNTHETIC_TEACHING_FIXTURE
SYN_SEG_1011	SYN_SEG_SPK_29	SYN_SESSION_29	stop	final		2903.0	2903.064052	2903.101683	2903.101683				ok		SYNTHETIC_TEACHING_FIXTURE
SYN_SEG_1012	SYN_SEG_SPK_29	SYN_SESSION_29	stop	initial		2904.0	2904.10506	2904.157119	2904.157119				ok		SYNTHETIC_TEACHING_FIXTURE
SYN_SEG_1013	SYN_SEG_SPK_29	SYN_SESSION_29	stop	medial		2905.0	2905.106095	2905.110466	2905.111095				ok		SYNTHETIC_TEACHING_FIXTURE
SYN_SEG_1014	SYN_SEG_SPK_29	SYN_SESSION_29	stop	final		2906.0	2906.091133	2906.14544	2906.14544				ok		SYNTHETIC_TEACHING_FIXTURE
SYN_SEG_1015	SYN_SEG_SPK_29	SYN_SESSION_29	stop	initial		2907.0	2907.061235	2907.051051	2907.066235				ok		SYNTHETIC_TEACHING_FIXTURE
SYN_SEG_1016	SYN_SEG_SPK_29	SYN_SESSION_29	stop	medial		2908.0	2908.105328	2908.08808	2908.110328				ok		SYNTHETIC_TEACHING_FIXTURE
SYN_SEG_1017	SYN_SEG_SPK_29	SYN_SESSION_29	stop	final		2909.0	2909.090243	2909.099481	2909.099481				ok		SYNTHETIC_TEACHING_FIXTURE
SYN_SEG_1018	SYN_SEG_SPK_29	SYN_SESSION_29	stop	initial		2910.0	2910.063468	2910.056481	2910.068468				ok		SYNTHETIC_TEACHING_FIXTURE
SYN_SEG_1019	SYN_SEG_SPK_29	SYN_SESSION_29	stop	medial		2911.0	2911.071793	2911.133116	2911.133116				ok		SYNTHETIC_TEACHING_FIXTURE
SYN_SEG_1020	SYN_SEG_SPK_29	SYN_SESSION_29	stop	final		2912.0	2912.056709	2912.11843	2912.11843				ok		SYNTHETIC_TEACHING_FIXTURE
SYN_SEG_1021	SYN_SEG_SPK_29	SYN_SESSION_29	vowel	initial	i				2901.0	2901.140281			ok		SYNTHETIC_TEACHING_FIXTURE
SYN_SEG_1022	SYN_SEG_SPK_29	SYN_SESSION_29	vowel	medial	a				2902.0	2902.195758			ok		SYNTHETIC_TEACHING_FIXTURE
SYN_SEG_1023	SYN_SEG_SPK_29	SYN_SESSION_29	vowel	final	u				2903.0	2903.111034			ok		SYNTHETIC_TEACHING_FIXTURE
SYN_SEG_1024	SYN_SEG_SPK_29	SYN_SESSION_29	vowel	initial	i				2904.0	2904.138785			ok		SYNTHETIC_TEACHING_FIXTURE
SYN_SEG_1025	SYN_SEG_SPK_29	SYN_SESSION_29	vowel	medial	a				2905.0	2905.180772			ok		SYNTHETIC_TEACHING_FIXTURE
SYN_SEG_1026	SYN_SEG_SPK_29	SYN_SESSION_29	vowel	final	u				2906.0	2906.092754			ok		SYNTHETIC_TEACHING_FIXTURE
SYN_SEG_1027	SYN_SEG_SPK_29	SYN_SESSION_29	vowel	initial	i				2907.0	2907.105267			ok		SYNTHETIC_TEACHING_FIXTURE
SYN_SEG_1028	SYN_SEG_SPK_29	SYN_SESSION_29	vowel	medial	a				2908.0	2908.184403			ok		SYNTHETIC_TEACHING_FIXTURE
SYN_SEG_1029	SYN_SEG_SPK_29	SYN_SESSION_29	vowel	final	u				2909.0	2909.159653			ok		SYNTHETIC_TEACHING_FIXTURE
SYN_SEG_1030	SYN_SEG_SPK_29	SYN_SESSION_29	vowel	initial	i				2910.0	2910.207088			ok		SYNTHETIC_TEACHING_FIXTURE
SYN_SEG_1031	SYN_SEG_SPK_29	SYN_SESSION_29	vowel	medial	a				2911.0	2911.157652			ok		SYNTHETIC_TEACHING_FIXTURE
SYN_SEG_1032	SYN_SEG_SPK_29	SYN_SESSION_29	vowel	final	u				2912.0	2912.175654			ok		SYNTHETIC_TEACHING_FIXTURE
SYN_SEG_1033	SYN_SEG_SPK_29	SYN_SESSION_29	fricative	initial							2901.0	2901.123681	ok		SYNTHETIC_TEACHING_FIXTURE
SYN_SEG_1034	SYN_SEG_SPK_29	SYN_SESSION_29	fricative	medial							2902.0	2902.08528	ok		SYNTHETIC_TEACHING_FIXTURE
SYN_SEG_1035	SYN_SEG_SPK_29	SYN_SESSION_29	fricative	final							2903.0	2903.104012	ok		SYNTHETIC_TEACHING_FIXTURE
SYN_SEG_1036	SYN_SEG_SPK_29	SYN_SESSION_29	fricative	initial							2904.0	2904.174587	ok		SYNTHETIC_TEACHING_FIXTURE
SYN_SEG_1037	SYN_SEG_SPK_29	SYN_SESSION_29	fricative	medial							2905.0	2905.130984	ok		SYNTHETIC_TEACHING_FIXTURE
SYN_SEG_1038	SYN_SEG_SPK_29	SYN_SESSION_29	fricative	final							2906.0	2906.149423	ok		SYNTHETIC_TEACHING_FIXTURE
SYN_SEG_1039	SYN_SEG_SPK_29	SYN_SESSION_29	fricative	initial							2907.0	2907.174362	ok		SYNTHETIC_TEACHING_FIXTURE
SYN_SEG_1040	SYN_SEG_SPK_29	SYN_SESSION_29	fricative	medial							2908.0	2908.154922	ok		SYNTHETIC_TEACHING_FIXTURE
SYN_SEG_1041	SYN_SEG_SPK_29	SYN_SESSION_29	fricative	final							2909.0	2909.126027	ok		SYNTHETIC_TEACHING_FIXTURE
SYN_SEG_1042	SYN_SEG_SPK_29	SYN_SESSION_29	fricative	initial							2910.0	2910.112889	ok		SYNTHETIC_TEACHING_FIXTURE
SYN_SEG_1043	SYN_SEG_SPK_29	SYN_SESSION_29	fricative	medial							2911.0	2911.070979	ok		SYNTHETIC_TEACHING_FIXTURE
SYN_SEG_1044	SYN_SEG_SPK_29	SYN_SESSION_29	fricative	final							2912.0	2912.091381	ok		SYNTHETIC_TEACHING_FIXTURE
SYN_SEG_1045	SYN_SEG_SPK_30	SYN_SESSION_30	stop	initial		3001.0	3001.074229	3001.103198	3001.103198				ok		SYNTHETIC_TEACHING_FIXTURE
SYN_SEG_1046	SYN_SEG_SPK_30	SYN_SESSION_30	stop	medial		3002.0	3002.092852	3002.127441	3002.127441				ok		SYNTHETIC_TEACHING_FIXTURE
SYN_SEG_1047	SYN_SEG_SPK_30	SYN_SESSION_30	stop	final		3003.0	3003.058599	3003.054863	3003.063599				ok		SYNTHETIC_TEACHING_FIXTURE
SYN_SEG_1048	SYN_SEG_SPK_30	SYN_SESSION_30	stop	initial		3004.0	3004.10624	3004.137292	3004.137292				ok		SYNTHETIC_TEACHING_FIXTURE
SYN_SEG_1049	SYN_SEG_SPK_30	SYN_SESSION_30	stop	medial		3005.0	3005.054308	3005.136025	3005.136025				ok		SYNTHETIC_TEACHING_FIXTURE
SYN_SEG_1050	SYN_SEG_SPK_30	SYN_SESSION_30	stop	final		3006.0	3006.054585	3006.120252	3006.120252				ok		SYNTHETIC_TEACHING_FIXTURE
SYN_SEG_1051	SYN_SEG_SPK_30	SYN_SESSION_30	stop	initial		3007.0	3007.057908	3007.056567	3007.062908				ok		SYNTHETIC_TEACHING_FIXTURE
SYN_SEG_1052	SYN_SEG_SPK_30	SYN_SESSION_30	stop	medial		3008.0	3008.077191	3008.079532	3008.082191				ok		SYNTHETIC_TEACHING_FIXTURE
SYN_SEG_1053	SYN_SEG_SPK_30	SYN_SESSION_30	stop	final		3009.0	3009.082652	3009.076685	3009.087652				ok		SYNTHETIC_TEACHING_FIXTURE
SYN_SEG_1054	SYN_SEG_SPK_30	SYN_SESSION_30	stop	initial		3010.0	3010.1031	3010.121517	3010.121517				ok		SYNTHETIC_TEACHING_FIXTURE
SYN_SEG_1055	SYN_SEG_SPK_30	SYN_SESSION_30	stop	medial		3011.0	3011.074881	3011.060937	3011.079881				ok		SYNTHETIC_TEACHING_FIXTURE
SYN_SEG_1056	SYN_SEG_SPK_30	SYN_SESSION_30	stop	final		3012.0	3012.052344	3012.044363	3012.057344				ok		SYNTHETIC_TEACHING_FIXTURE
SYN_SEG_1057	SYN_SEG_SPK_30	SYN_SESSION_30	vowel	initial	i				3001.0	3001.146645			ok		SYNTHETIC_TEACHING_FIXTURE
SYN_SEG_1058	SYN_SEG_SPK_30	SYN_SESSION_30	vowel	medial	a				3002.0	3002.140389			ok		SYNTHETIC_TEACHING_FIXTURE
SYN_SEG_1059	SYN_SEG_SPK_30	SYN_SESSION_30	vowel	final	u				3003.0	3003.076657			ok		SYNTHETIC_TEACHING_FIXTURE
SYN_SEG_1060	SYN_SEG_SPK_30	SYN_SESSION_30	vowel	initial	i				3004.0	3004.099239			ok		SYNTHETIC_TEACHING_FIXTURE
SYN_SEG_1061	SYN_SEG_SPK_30	SYN_SESSION_30	vowel	medial	a				3005.0	3005.194746			ok		SYNTHETIC_TEACHING_FIXTURE
SYN_SEG_1062	SYN_SEG_SPK_30	SYN_SESSION_30	vowel	final	u				3006.0	3006.212031			ok		SYNTHETIC_TEACHING_FIXTURE
SYN_SEG_1063	SYN_SEG_SPK_30	SYN_SESSION_30	vowel	initial	i				3007.0	3007.157749			ok		SYNTHETIC_TEACHING_FIXTURE
SYN_SEG_1064	SYN_SEG_SPK_30	SYN_SESSION_30	vowel	medial	a				3008.0	3008.168198			ok		SYNTHETIC_TEACHING_FIXTURE
SYN_SEG_1065	SYN_SEG_SPK_30	SYN_SESSION_30	vowel	final	u				3009.0	3009.096003			ok		SYNTHETIC_TEACHING_FIXTURE
SYN_SEG_1066	SYN_SEG_SPK_30	SYN_SESSION_30	vowel	initial	i				3010.0	3010.204662			ok		SYNTHETIC_TEACHING_FIXTURE
SYN_SEG_1067	SYN_SEG_SPK_30	SYN_SESSION_30	vowel	medial	a				3011.0	3011.125309			ok		SYNTHETIC_TEACHING_FIXTURE
SYN_SEG_1068	SYN_SEG_SPK_30	SYN_SESSION_30	vowel	final	u				3012.0	3012.189813			ok		SYNTHETIC_TEACHING_FIXTURE
SYN_SEG_1069	SYN_SEG_SPK_30	SYN_SESSION_30	fricative	initial							3001.0	3001.075521	ok		SYNTHETIC_TEACHING_FIXTURE
SYN_SEG_1070	SYN_SEG_SPK_30	SYN_SESSION_30	fricative	medial							3002.0	3002.165114	ok		SYNTHETIC_TEACHING_FIXTURE
SYN_SEG_1071	SYN_SEG_SPK_30	SYN_SESSION_30	fricative	final							3003.0	3003.094986	ok		SYNTHETIC_TEACHING_FIXTURE
SYN_SEG_1072	SYN_SEG_SPK_30	SYN_SESSION_30	fricative	initial							3004.0	3004.146659	ok		SYNTHETIC_TEACHING_FIXTURE
SYN_SEG_1073	SYN_SEG_SPK_30	SYN_SESSION_30	fricative	medial							3005.0	3005.135286	ok		SYNTHETIC_TEACHING_FIXTURE
SYN_SEG_1074	SYN_SEG_SPK_30	SYN_SESSION_30	fricative	final							3006.0	3006.108472	ok		SYNTHETIC_TEACHING_FIXTURE
SYN_SEG_1075	SYN_SEG_SPK_30	SYN_SESSION_30	fricative	initial							3007.0	3007.161759	ok		SYNTHETIC_TEACHING_FIXTURE
SYN_SEG_1076	SYN_SEG_SPK_30	SYN_SESSION_30	fricative	medial							3008.0	3008.078696	ok		SYNTHETIC_TEACHING_FIXTURE
SYN_SEG_1077	SYN_SEG_SPK_30	SYN_SESSION_30	fricative	final							3009.0	3009.114344	ok		SYNTHETIC_TEACHING_FIXTURE
SYN_SEG_1078	SYN_SEG_SPK_30	SYN_SESSION_30	fricative	initial							3010.0	3010.179279	ok		SYNTHETIC_TEACHING_FIXTURE
SYN_SEG_1079	SYN_SEG_SPK_30	SYN_SESSION_30	fricative	medial							3011.0	3011.121555	ok		SYNTHETIC_TEACHING_FIXTURE
SYN_SEG_1080	SYN_SEG_SPK_30	SYN_SESSION_30	fricative	final							3012.0	3012.098483	ok		SYNTHETIC_TEACHING_FIXTURE
