observation_id	source_id	speaker_id	session_id	token_id	measure_id	context_id	landmark_start_s	landmark_end_s	raw_value	raw_unit	quality_status	missingness_code	reference_sample_id	transformation_id	reference_center	reference_scale	transformed_value	transformed_unit	provenance_id	data_status
REQ_SYN_SEG_0001_vot	SYN_CH11	SYN_SEG_SPK_01	SYN_SESSION_01	SYN_SEG_0001	vot	initial				ms	requested			raw					SYN_GENERATOR_11042026	SYNTHETIC_TEACHING_FIXTURE
REQ_SYN_SEG_0001_closure_duration	SYN_CH11	SYN_SEG_SPK_01	SYN_SESSION_01	SYN_SEG_0001	closure_duration	initial				ms	requested			raw					SYN_GENERATOR_11042026	SYNTHETIC_TEACHING_FIXTURE
REQ_SYN_SEG_0001_vowel_onset_f0	SYN_CH11	SYN_SEG_SPK_01	SYN_SESSION_01	SYN_SEG_0001	vowel_onset_f0	initial				Hz	requested			raw					SYN_GENERATOR_11042026	SYNTHETIC_TEACHING_FIXTURE
REQ_SYN_SEG_0002_vot	SYN_CH11	SYN_SEG_SPK_01	SYN_SESSION_01	SYN_SEG_0002	vot	medial				ms	requested			raw					SYN_GENERATOR_11042026	SYNTHETIC_TEACHING_FIXTURE
REQ_SYN_SEG_0002_closure_duration	SYN_CH11	SYN_SEG_SPK_01	SYN_SESSION_01	SYN_SEG_0002	closure_duration	medial				ms	requested			raw					SYN_GENERATOR_11042026	SYNTHETIC_TEACHING_FIXTURE
REQ_SYN_SEG_0002_vowel_onset_f0	SYN_CH11	SYN_SEG_SPK_01	SYN_SESSION_01	SYN_SEG_0002	vowel_onset_f0	medial				Hz	requested			raw					SYN_GENERATOR_11042026	SYNTHETIC_TEACHING_FIXTURE
REQ_SYN_SEG_0003_vot	SYN_CH11	SYN_SEG_SPK_01	SYN_SESSION_01	SYN_SEG_0003	vot	final				ms	requested			raw					SYN_GENERATOR_11042026	SYNTHETIC_TEACHING_FIXTURE
REQ_SYN_SEG_0003_closure_duration	SYN_CH11	SYN_SEG_SPK_01	SYN_SESSION_01	SYN_SEG_0003	closure_duration	final				ms	requested			raw					SYN_GENERATOR_11042026	SYNTHETIC_TEACHING_FIXTURE
REQ_SYN_SEG_0003_vowel_onset_f0	SYN_CH11	SYN_SEG_SPK_01	SYN_SESSION_01	SYN_SEG_0003	vowel_onset_f0	final				Hz	requested			raw					SYN_GENERATOR_11042026	SYNTHETIC_TEACHING_FIXTURE
REQ_SYN_SEG_0004_vot	SYN_CH11	SYN_SEG_SPK_01	SYN_SESSION_01	SYN_SEG_0004	vot	initial				ms	requested			raw					SYN_GENERATOR_11042026	SYNTHETIC_TEACHING_FIXTURE
REQ_SYN_SEG_0004_closure_duration	SYN_CH11	SYN_SEG_SPK_01	SYN_SESSION_01	SYN_SEG_0004	closure_duration	initial				ms	requested			raw					SYN_GENERATOR_11042026	SYNTHETIC_TEACHING_FIXTURE
REQ_SYN_SEG_0004_vowel_onset_f0	SYN_CH11	SYN_SEG_SPK_01	SYN_SESSION_01	SYN_SEG_0004	vowel_onset_f0	initial				Hz	requested			raw					SYN_GENERATOR_11042026	SYNTHETIC_TEACHING_FIXTURE
REQ_SYN_SEG_0005_vot	SYN_CH11	SYN_SEG_SPK_01	SYN_SESSION_01	SYN_SEG_0005	vot	medial				ms	requested			raw					SYN_GENERATOR_11042026	SYNTHETIC_TEACHING_FIXTURE
REQ_SYN_SEG_0005_closure_duration	SYN_CH11	SYN_SEG_SPK_01	SYN_SESSION_01	SYN_SEG_0005	closure_duration	medial				ms	requested			raw					SYN_GENERATOR_11042026	SYNTHETIC_TEACHING_FIXTURE
REQ_SYN_SEG_0005_vowel_onset_f0	SYN_CH11	SYN_SEG_SPK_01	SYN_SESSION_01	SYN_SEG_0005	vowel_onset_f0	medial				Hz	requested			raw					SYN_GENERATOR_11042026	SYNTHETIC_TEACHING_FIXTURE
REQ_SYN_SEG_0006_vot	SYN_CH11	SYN_SEG_SPK_01	SYN_SESSION_01	SYN_SEG_0006	vot	final				ms	requested			raw					SYN_GENERATOR_11042026	SYNTHETIC_TEACHING_FIXTURE
REQ_SYN_SEG_0006_closure_duration	SYN_CH11	SYN_SEG_SPK_01	SYN_SESSION_01	SYN_SEG_0006	closure_duration	final				ms	requested			raw					SYN_GENERATOR_11042026	SYNTHETIC_TEACHING_FIXTURE
REQ_SYN_SEG_0006_vowel_onset_f0	SYN_CH11	SYN_SEG_SPK_01	SYN_SESSION_01	SYN_SEG_0006	vowel_onset_f0	final				Hz	requested			raw					SYN_GENERATOR_11042026	SYNTHETIC_TEACHING_FIXTURE
REQ_SYN_SEG_0007_vot	SYN_CH11	SYN_SEG_SPK_01	SYN_SESSION_01	SYN_SEG_0007	vot	initial				ms	requested			raw					SYN_GENERATOR_11042026	SYNTHETIC_TEACHING_FIXTURE
REQ_SYN_SEG_0007_closure_duration	SYN_CH11	SYN_SEG_SPK_01	SYN_SESSION_01	SYN_SEG_0007	closure_duration	initial				ms	requested			raw					SYN_GENERATOR_11042026	SYNTHETIC_TEACHING_FIXTURE
REQ_SYN_SEG_0007_vowel_onset_f0	SYN_CH11	SYN_SEG_SPK_01	SYN_SESSION_01	SYN_SEG_0007	vowel_onset_f0	initial				Hz	requested			raw					SYN_GENERATOR_11042026	SYNTHETIC_TEACHING_FIXTURE
REQ_SYN_SEG_0008_vot	SYN_CH11	SYN_SEG_SPK_01	SYN_SESSION_01	SYN_SEG_0008	vot	medial				ms	requested			raw					SYN_GENERATOR_11042026	SYNTHETIC_TEACHING_FIXTURE
REQ_SYN_SEG_0008_closure_duration	SYN_CH11	SYN_SEG_SPK_01	SYN_SESSION_01	SYN_SEG_0008	closure_duration	medial				ms	requested			raw					SYN_GENERATOR_11042026	SYNTHETIC_TEACHING_FIXTURE
REQ_SYN_SEG_0008_vowel_onset_f0	SYN_CH11	SYN_SEG_SPK_01	SYN_SESSION_01	SYN_SEG_0008	vowel_onset_f0	medial				Hz	requested			raw					SYN_GENERATOR_11042026	SYNTHETIC_TEACHING_FIXTURE
REQ_SYN_SEG_0009_vot	SYN_CH11	SYN_SEG_SPK_01	SYN_SESSION_01	SYN_SEG_0009	vot	final				ms	requested			raw					SYN_GENERATOR_11042026	SYNTHETIC_TEACHING_FIXTURE
REQ_SYN_SEG_0009_closure_duration	SYN_CH11	SYN_SEG_SPK_01	SYN_SESSION_01	SYN_SEG_0009	closure_duration	final				ms	requested			raw					SYN_GENERATOR_11042026	SYNTHETIC_TEACHING_FIXTURE
REQ_SYN_SEG_0009_vowel_onset_f0	SYN_CH11	SYN_SEG_SPK_01	SYN_SESSION_01	SYN_SEG_0009	vowel_onset_f0	final				Hz	requested			raw					SYN_GENERATOR_11042026	SYNTHETIC_TEACHING_FIXTURE
REQ_SYN_SEG_0010_vot	SYN_CH11	SYN_SEG_SPK_01	SYN_SESSION_01	SYN_SEG_0010	vot	initial				ms	requested			raw					SYN_GENERATOR_11042026	SYNTHETIC_TEACHING_FIXTURE
REQ_SYN_SEG_0010_closure_duration	SYN_CH11	SYN_SEG_SPK_01	SYN_SESSION_01	SYN_SEG_0010	closure_duration	initial				ms	requested			raw					SYN_GENERATOR_11042026	SYNTHETIC_TEACHING_FIXTURE
REQ_SYN_SEG_0010_vowel_onset_f0	SYN_CH11	SYN_SEG_SPK_01	SYN_SESSION_01	SYN_SEG_0010	vowel_onset_f0	initial				Hz	requested			raw					SYN_GENERATOR_11042026	SYNTHETIC_TEACHING_FIXTURE
REQ_SYN_SEG_0011_vot	SYN_CH11	SYN_SEG_SPK_01	SYN_SESSION_01	SYN_SEG_0011	vot	medial				ms	requested			raw					SYN_GENERATOR_11042026	SYNTHETIC_TEACHING_FIXTURE
REQ_SYN_SEG_0011_closure_duration	SYN_CH11	SYN_SEG_SPK_01	SYN_SESSION_01	SYN_SEG_0011	closure_duration	medial				ms	requested			raw					SYN_GENERATOR_11042026	SYNTHETIC_TEACHING_FIXTURE
REQ_SYN_SEG_0011_vowel_onset_f0	SYN_CH11	SYN_SEG_SPK_01	SYN_SESSION_01	SYN_SEG_0011	vowel_onset_f0	medial				Hz	requested			raw					SYN_GENERATOR_11042026	SYNTHETIC_TEACHING_FIXTURE
REQ_SYN_SEG_0012_vot	SYN_CH11	SYN_SEG_SPK_01	SYN_SESSION_01	SYN_SEG_0012	vot	final				ms	requested			raw					SYN_GENERATOR_11042026	SYNTHETIC_TEACHING_FIXTURE
REQ_SYN_SEG_0012_closure_duration	SYN_CH11	SYN_SEG_SPK_01	SYN_SESSION_01	SYN_SEG_0012	closure_duration	final				ms	requested			raw					SYN_GENERATOR_11042026	SYNTHETIC_TEACHING_FIXTURE
REQ_SYN_SEG_0012_vowel_onset_f0	SYN_CH11	SYN_SEG_SPK_01	SYN_SESSION_01	SYN_SEG_0012	vowel_onset_f0	final				Hz	requested			raw					SYN_GENERATOR_11042026	SYNTHETIC_TEACHING_FIXTURE
REQ_SYN_SEG_0013_vowel_duration	SYN_CH11	SYN_SEG_SPK_01	SYN_SESSION_01	SYN_SEG_0013	vowel_duration	initial				ms	requested		training	raw					SYN_GENERATOR_11042026	SYNTHETIC_TEACHING_FIXTURE
REQ_SYN_SEG_0013_f1	SYN_CH11	SYN_SEG_SPK_01	SYN_SESSION_01	SYN_SEG_0013	f1	initial				Hz	requested		training	raw					SYN_GENERATOR_11042026	SYNTHETIC_TEACHING_FIXTURE
REQ_SYN_SEG_0013_f2	SYN_CH11	SYN_SEG_SPK_01	SYN_SESSION_01	SYN_SEG_0013	f2	initial				Hz	requested		training	raw					SYN_GENERATOR_11042026	SYNTHETIC_TEACHING_FIXTURE
REQ_SYN_SEG_0013_f3	SYN_CH11	SYN_SEG_SPK_01	SYN_SESSION_01	SYN_SEG_0013	f3	initial				Hz	requested		training	raw					SYN_GENERATOR_11042026	SYNTHETIC_TEACHING_FIXTURE
REQ_SYN_SEG_0014_vowel_duration	SYN_CH11	SYN_SEG_SPK_01	SYN_SESSION_01	SYN_SEG_0014	vowel_duration	medial				ms	requested		training	raw					SYN_GENERATOR_11042026	SYNTHETIC_TEACHING_FIXTURE
REQ_SYN_SEG_0014_f1	SYN_CH11	SYN_SEG_SPK_01	SYN_SESSION_01	SYN_SEG_0014	f1	medial				Hz	requested		training	raw					SYN_GENERATOR_11042026	SYNTHETIC_TEACHING_FIXTURE
REQ_SYN_SEG_0014_f2	SYN_CH11	SYN_SEG_SPK_01	SYN_SESSION_01	SYN_SEG_0014	f2	medial				Hz	requested		training	raw					SYN_GENERATOR_11042026	SYNTHETIC_TEACHING_FIXTURE
REQ_SYN_SEG_0014_f3	SYN_CH11	SYN_SEG_SPK_01	SYN_SESSION_01	SYN_SEG_0014	f3	medial				Hz	requested		training	raw					SYN_GENERATOR_11042026	SYNTHETIC_TEACHING_FIXTURE
REQ_SYN_SEG_0015_vowel_duration	SYN_CH11	SYN_SEG_SPK_01	SYN_SESSION_01	SYN_SEG_0015	vowel_duration	final				ms	requested		training	raw					SYN_GENERATOR_11042026	SYNTHETIC_TEACHING_FIXTURE
REQ_SYN_SEG_0015_f1	SYN_CH11	SYN_SEG_SPK_01	SYN_SESSION_01	SYN_SEG_0015	f1	final				Hz	requested		training	raw					SYN_GENERATOR_11042026	SYNTHETIC_TEACHING_FIXTURE
REQ_SYN_SEG_0015_f2	SYN_CH11	SYN_SEG_SPK_01	SYN_SESSION_01	SYN_SEG_0015	f2	final				Hz	requested		training	raw					SYN_GENERATOR_11042026	SYNTHETIC_TEACHING_FIXTURE
REQ_SYN_SEG_0015_f3	SYN_CH11	SYN_SEG_SPK_01	SYN_SESSION_01	SYN_SEG_0015	f3	final				Hz	requested		training	raw					SYN_GENERATOR_11042026	SYNTHETIC_TEACHING_FIXTURE
REQ_SYN_SEG_0016_vowel_duration	SYN_CH11	SYN_SEG_SPK_01	SYN_SESSION_01	SYN_SEG_0016	vowel_duration	initial				ms	requested		training	raw					SYN_GENERATOR_11042026	SYNTHETIC_TEACHING_FIXTURE
REQ_SYN_SEG_0016_f1	SYN_CH11	SYN_SEG_SPK_01	SYN_SESSION_01	SYN_SEG_0016	f1	initial				Hz	requested		training	raw					SYN_GENERATOR_11042026	SYNTHETIC_TEACHING_FIXTURE
REQ_SYN_SEG_0016_f2	SYN_CH11	SYN_SEG_SPK_01	SYN_SESSION_01	SYN_SEG_0016	f2	initial				Hz	requested		training	raw					SYN_GENERATOR_11042026	SYNTHETIC_TEACHING_FIXTURE
REQ_SYN_SEG_0016_f3	SYN_CH11	SYN_SEG_SPK_01	SYN_SESSION_01	SYN_SEG_0016	f3	initial				Hz	requested		training	raw					SYN_GENERATOR_11042026	SYNTHETIC_TEACHING_FIXTURE
REQ_SYN_SEG_0017_vowel_duration	SYN_CH11	SYN_SEG_SPK_01	SYN_SESSION_01	SYN_SEG_0017	vowel_duration	medial				ms	requested		training	raw					SYN_GENERATOR_11042026	SYNTHETIC_TEACHING_FIXTURE
REQ_SYN_SEG_0017_f1	SYN_CH11	SYN_SEG_SPK_01	SYN_SESSION_01	SYN_SEG_0017	f1	medial				Hz	requested		training	raw					SYN_GENERATOR_11042026	SYNTHETIC_TEACHING_FIXTURE
REQ_SYN_SEG_0017_f2	SYN_CH11	SYN_SEG_SPK_01	SYN_SESSION_01	SYN_SEG_0017	f2	medial				Hz	requested		training	raw					SYN_GENERATOR_11042026	SYNTHETIC_TEACHING_FIXTURE
REQ_SYN_SEG_0017_f3	SYN_CH11	SYN_SEG_SPK_01	SYN_SESSION_01	SYN_SEG_0017	f3	medial				Hz	requested		training	raw					SYN_GENERATOR_11042026	SYNTHETIC_TEACHING_FIXTURE
REQ_SYN_SEG_0018_vowel_duration	SYN_CH11	SYN_SEG_SPK_01	SYN_SESSION_01	SYN_SEG_0018	vowel_duration	final				ms	requested		training	raw					SYN_GENERATOR_11042026	SYNTHETIC_TEACHING_FIXTURE
REQ_SYN_SEG_0018_f1	SYN_CH11	SYN_SEG_SPK_01	SYN_SESSION_01	SYN_SEG_0018	f1	final				Hz	requested		training	raw					SYN_GENERATOR_11042026	SYNTHETIC_TEACHING_FIXTURE
REQ_SYN_SEG_0018_f2	SYN_CH11	SYN_SEG_SPK_01	SYN_SESSION_01	SYN_SEG_0018	f2	final				Hz	requested		training	raw					SYN_GENERATOR_11042026	SYNTHETIC_TEACHING_FIXTURE
REQ_SYN_SEG_0018_f3	SYN_CH11	SYN_SEG_SPK_01	SYN_SESSION_01	SYN_SEG_0018	f3	final				Hz	requested		training	raw					SYN_GENERATOR_11042026	SYNTHETIC_TEACHING_FIXTURE
REQ_SYN_SEG_0019_vowel_duration	SYN_CH11	SYN_SEG_SPK_01	SYN_SESSION_01	SYN_SEG_0019	vowel_duration	initial				ms	requested		training	raw					SYN_GENERATOR_11042026	SYNTHETIC_TEACHING_FIXTURE
REQ_SYN_SEG_0019_f1	SYN_CH11	SYN_SEG_SPK_01	SYN_SESSION_01	SYN_SEG_0019	f1	initial				Hz	requested		training	raw					SYN_GENERATOR_11042026	SYNTHETIC_TEACHING_FIXTURE
REQ_SYN_SEG_0019_f2	SYN_CH11	SYN_SEG_SPK_01	SYN_SESSION_01	SYN_SEG_0019	f2	initial				Hz	requested		training	raw					SYN_GENERATOR_11042026	SYNTHETIC_TEACHING_FIXTURE
REQ_SYN_SEG_0019_f3	SYN_CH11	SYN_SEG_SPK_01	SYN_SESSION_01	SYN_SEG_0019	f3	initial				Hz	requested		training	raw					SYN_GENERATOR_11042026	SYNTHETIC_TEACHING_FIXTURE
REQ_SYN_SEG_0020_vowel_duration	SYN_CH11	SYN_SEG_SPK_01	SYN_SESSION_01	SYN_SEG_0020	vowel_duration	medial				ms	requested		training	raw					SYN_GENERATOR_11042026	SYNTHETIC_TEACHING_FIXTURE
REQ_SYN_SEG_0020_f1	SYN_CH11	SYN_SEG_SPK_01	SYN_SESSION_01	SYN_SEG_0020	f1	medial				Hz	requested		training	raw					SYN_GENERATOR_11042026	SYNTHETIC_TEACHING_FIXTURE
REQ_SYN_SEG_0020_f2	SYN_CH11	SYN_SEG_SPK_01	SYN_SESSION_01	SYN_SEG_0020	f2	medial				Hz	requested		training	raw					SYN_GENERATOR_11042026	SYNTHETIC_TEACHING_FIXTURE
REQ_SYN_SEG_0020_f3	SYN_CH11	SYN_SEG_SPK_01	SYN_SESSION_01	SYN_SEG_0020	f3	medial				Hz	requested		training	raw					SYN_GENERATOR_11042026	SYNTHETIC_TEACHING_FIXTURE
REQ_SYN_SEG_0021_vowel_duration	SYN_CH11	SYN_SEG_SPK_01	SYN_SESSION_01	SYN_SEG_0021	vowel_duration	final				ms	requested		training	raw					SYN_GENERATOR_11042026	SYNTHETIC_TEACHING_FIXTURE
REQ_SYN_SEG_0021_f1	SYN_CH11	SYN_SEG_SPK_01	SYN_SESSION_01	SYN_SEG_0021	f1	final				Hz	requested		training	raw					SYN_GENERATOR_11042026	SYNTHETIC_TEACHING_FIXTURE
REQ_SYN_SEG_0021_f2	SYN_CH11	SYN_SEG_SPK_01	SYN_SESSION_01	SYN_SEG_0021	f2	final				Hz	requested		training	raw					SYN_GENERATOR_11042026	SYNTHETIC_TEACHING_FIXTURE
REQ_SYN_SEG_0021_f3	SYN_CH11	SYN_SEG_SPK_01	SYN_SESSION_01	SYN_SEG_0021	f3	final				Hz	requested		training	raw					SYN_GENERATOR_11042026	SYNTHETIC_TEACHING_FIXTURE
REQ_SYN_SEG_0022_vowel_duration	SYN_CH11	SYN_SEG_SPK_01	SYN_SESSION_01	SYN_SEG_0022	vowel_duration	initial				ms	requested		training	raw					SYN_GENERATOR_11042026	SYNTHETIC_TEACHING_FIXTURE
REQ_SYN_SEG_0022_f1	SYN_CH11	SYN_SEG_SPK_01	SYN_SESSION_01	SYN_SEG_0022	f1	initial				Hz	requested		training	raw					SYN_GENERATOR_11042026	SYNTHETIC_TEACHING_FIXTURE
REQ_SYN_SEG_0022_f2	SYN_CH11	SYN_SEG_SPK_01	SYN_SESSION_01	SYN_SEG_0022	f2	initial				Hz	requested		training	raw					SYN_GENERATOR_11042026	SYNTHETIC_TEACHING_FIXTURE
REQ_SYN_SEG_0022_f3	SYN_CH11	SYN_SEG_SPK_01	SYN_SESSION_01	SYN_SEG_0022	f3	initial				Hz	requested		training	raw					SYN_GENERATOR_11042026	SYNTHETIC_TEACHING_FIXTURE
REQ_SYN_SEG_0023_vowel_duration	SYN_CH11	SYN_SEG_SPK_01	SYN_SESSION_01	SYN_SEG_0023	vowel_duration	medial				ms	requested		training	raw					SYN_GENERATOR_11042026	SYNTHETIC_TEACHING_FIXTURE
REQ_SYN_SEG_0023_f1	SYN_CH11	SYN_SEG_SPK_01	SYN_SESSION_01	SYN_SEG_0023	f1	medial				Hz	requested		training	raw					SYN_GENERATOR_11042026	SYNTHETIC_TEACHING_FIXTURE
REQ_SYN_SEG_0023_f2	SYN_CH11	SYN_SEG_SPK_01	SYN_SESSION_01	SYN_SEG_0023	f2	medial				Hz	requested		training	raw					SYN_GENERATOR_11042026	SYNTHETIC_TEACHING_FIXTURE
REQ_SYN_SEG_0023_f3	SYN_CH11	SYN_SEG_SPK_01	SYN_SESSION_01	SYN_SEG_0023	f3	medial				Hz	requested		training	raw					SYN_GENERATOR_11042026	SYNTHETIC_TEACHING_FIXTURE
REQ_SYN_SEG_0024_vowel_duration	SYN_CH11	SYN_SEG_SPK_01	SYN_SESSION_01	SYN_SEG_0024	vowel_duration	final				ms	requested		training	raw					SYN_GENERATOR_11042026	SYNTHETIC_TEACHING_FIXTURE
REQ_SYN_SEG_0024_f1	SYN_CH11	SYN_SEG_SPK_01	SYN_SESSION_01	SYN_SEG_0024	f1	final				Hz	requested		training	raw					SYN_GENERATOR_11042026	SYNTHETIC_TEACHING_FIXTURE
REQ_SYN_SEG_0024_f2	SYN_CH11	SYN_SEG_SPK_01	SYN_SESSION_01	SYN_SEG_0024	f2	final				Hz	requested		training	raw					SYN_GENERATOR_11042026	SYNTHETIC_TEACHING_FIXTURE
REQ_SYN_SEG_0024_f3	SYN_CH11	SYN_SEG_SPK_01	SYN_SESSION_01	SYN_SEG_0024	f3	final				Hz	requested		training	raw					SYN_GENERATOR_11042026	SYNTHETIC_TEACHING_FIXTURE
REQ_SYN_SEG_0025_fricative_duration	SYN_CH11	SYN_SEG_SPK_01	SYN_SESSION_01	SYN_SEG_0025	fricative_duration	initial				ms	requested			raw					SYN_GENERATOR_11042026	SYNTHETIC_TEACHING_FIXTURE
REQ_SYN_SEG_0025_fricative_cog	SYN_CH11	SYN_SEG_SPK_01	SYN_SESSION_01	SYN_SEG_0025	fricative_cog	initial				Hz	requested			raw					SYN_GENERATOR_11042026	SYNTHETIC_TEACHING_FIXTURE
REQ_SYN_SEG_0026_fricative_duration	SYN_CH11	SYN_SEG_SPK_01	SYN_SESSION_01	SYN_SEG_0026	fricative_duration	medial				ms	requested			raw					SYN_GENERATOR_11042026	SYNTHETIC_TEACHING_FIXTURE
REQ_SYN_SEG_0026_fricative_cog	SYN_CH11	SYN_SEG_SPK_01	SYN_SESSION_01	SYN_SEG_0026	fricative_cog	medial				Hz	requested			raw					SYN_GENERATOR_11042026	SYNTHETIC_TEACHING_FIXTURE
REQ_SYN_SEG_0027_fricative_duration	SYN_CH11	SYN_SEG_SPK_01	SYN_SESSION_01	SYN_SEG_0027	fricative_duration	final				ms	requested			raw					SYN_GENERATOR_11042026	SYNTHETIC_TEACHING_FIXTURE
REQ_SYN_SEG_0027_fricative_cog	SYN_CH11	SYN_SEG_SPK_01	SYN_SESSION_01	SYN_SEG_0027	fricative_cog	final				Hz	requested			raw					SYN_GENERATOR_11042026	SYNTHETIC_TEACHING_FIXTURE
REQ_SYN_SEG_0028_fricative_duration	SYN_CH11	SYN_SEG_SPK_01	SYN_SESSION_01	SYN_SEG_0028	fricative_duration	initial				ms	requested			raw					SYN_GENERATOR_11042026	SYNTHETIC_TEACHING_FIXTURE
REQ_SYN_SEG_0028_fricative_cog	SYN_CH11	SYN_SEG_SPK_01	SYN_SESSION_01	SYN_SEG_0028	fricative_cog	initial				Hz	requested			raw					SYN_GENERATOR_11042026	SYNTHETIC_TEACHING_FIXTURE
REQ_SYN_SEG_0029_fricative_duration	SYN_CH11	SYN_SEG_SPK_01	SYN_SESSION_01	SYN_SEG_0029	fricative_duration	medial				ms	requested			raw					SYN_GENERATOR_11042026	SYNTHETIC_TEACHING_FIXTURE
REQ_SYN_SEG_0029_fricative_cog	SYN_CH11	SYN_SEG_SPK_01	SYN_SESSION_01	SYN_SEG_0029	fricative_cog	medial				Hz	requested			raw					SYN_GENERATOR_11042026	SYNTHETIC_TEACHING_FIXTURE
REQ_SYN_SEG_0030_fricative_duration	SYN_CH11	SYN_SEG_SPK_01	SYN_SESSION_01	SYN_SEG_0030	fricative_duration	final				ms	requested			raw					SYN_GENERATOR_11042026	SYNTHETIC_TEACHING_FIXTURE
REQ_SYN_SEG_0030_fricative_cog	SYN_CH11	SYN_SEG_SPK_01	SYN_SESSION_01	SYN_SEG_0030	fricative_cog	final				Hz	requested			raw					SYN_GENERATOR_11042026	SYNTHETIC_TEACHING_FIXTURE
REQ_SYN_SEG_0031_fricative_duration	SYN_CH11	SYN_SEG_SPK_01	SYN_SESSION_01	SYN_SEG_0031	fricative_duration	initial				ms	requested			raw					SYN_GENERATOR_11042026	SYNTHETIC_TEACHING_FIXTURE
REQ_SYN_SEG_0031_fricative_cog	SYN_CH11	SYN_SEG_SPK_01	SYN_SESSION_01	SYN_SEG_0031	fricative_cog	initial				Hz	requested			raw					SYN_GENERATOR_11042026	SYNTHETIC_TEACHING_FIXTURE
REQ_SYN_SEG_0032_fricative_duration	SYN_CH11	SYN_SEG_SPK_01	SYN_SESSION_01	SYN_SEG_0032	fricative_duration	medial				ms	requested			raw					SYN_GENERATOR_11042026	SYNTHETIC_TEACHING_FIXTURE
REQ_SYN_SEG_0032_fricative_cog	SYN_CH11	SYN_SEG_SPK_01	SYN_SESSION_01	SYN_SEG_0032	fricative_cog	medial				Hz	requested			raw					SYN_GENERATOR_11042026	SYNTHETIC_TEACHING_FIXTURE
REQ_SYN_SEG_0033_fricative_duration	SYN_CH11	SYN_SEG_SPK_01	SYN_SESSION_01	SYN_SEG_0033	fricative_duration	final				ms	requested			raw					SYN_GENERATOR_11042026	SYNTHETIC_TEACHING_FIXTURE
REQ_SYN_SEG_0033_fricative_cog	SYN_CH11	SYN_SEG_SPK_01	SYN_SESSION_01	SYN_SEG_0033	fricative_cog	final				Hz	requested			raw					SYN_GENERATOR_11042026	SYNTHETIC_TEACHING_FIXTURE
REQ_SYN_SEG_0034_fricative_duration	SYN_CH11	SYN_SEG_SPK_01	SYN_SESSION_01	SYN_SEG_0034	fricative_duration	initial				ms	requested			raw					SYN_GENERATOR_11042026	SYNTHETIC_TEACHING_FIXTURE
REQ_SYN_SEG_0034_fricative_cog	SYN_CH11	SYN_SEG_SPK_01	SYN_SESSION_01	SYN_SEG_0034	fricative_cog	initial				Hz	requested			raw					SYN_GENERATOR_11042026	SYNTHETIC_TEACHING_FIXTURE
REQ_SYN_SEG_0035_fricative_duration	SYN_CH11	SYN_SEG_SPK_01	SYN_SESSION_01	SYN_SEG_0035	fricative_duration	medial				ms	requested			raw					SYN_GENERATOR_11042026	SYNTHETIC_TEACHING_FIXTURE
REQ_SYN_SEG_0035_fricative_cog	SYN_CH11	SYN_SEG_SPK_01	SYN_SESSION_01	SYN_SEG_0035	fricative_cog	medial				Hz	requested			raw					SYN_GENERATOR_11042026	SYNTHETIC_TEACHING_FIXTURE
REQ_SYN_SEG_0036_fricative_duration	SYN_CH11	SYN_SEG_SPK_01	SYN_SESSION_01	SYN_SEG_0036	fricative_duration	final				ms	requested			raw					SYN_GENERATOR_11042026	SYNTHETIC_TEACHING_FIXTURE
REQ_SYN_SEG_0036_fricative_cog	SYN_CH11	SYN_SEG_SPK_01	SYN_SESSION_01	SYN_SEG_0036	fricative_cog	final				Hz	requested			raw					SYN_GENERATOR_11042026	SYNTHETIC_TEACHING_FIXTURE
REQ_SYN_SEG_0037_vot	SYN_CH11	SYN_SEG_SPK_02	SYN_SESSION_02	SYN_SEG_0037	vot	initial				ms	requested			raw					SYN_GENERATOR_11042026	SYNTHETIC_TEACHING_FIXTURE
REQ_SYN_SEG_0037_closure_duration	SYN_CH11	SYN_SEG_SPK_02	SYN_SESSION_02	SYN_SEG_0037	closure_duration	initial				ms	requested			raw					SYN_GENERATOR_11042026	SYNTHETIC_TEACHING_FIXTURE
REQ_SYN_SEG_0037_vowel_onset_f0	SYN_CH11	SYN_SEG_SPK_02	SYN_SESSION_02	SYN_SEG_0037	vowel_onset_f0	initial				Hz	requested			raw					SYN_GENERATOR_11042026	SYNTHETIC_TEACHING_FIXTURE
REQ_SYN_SEG_0038_vot	SYN_CH11	SYN_SEG_SPK_02	SYN_SESSION_02	SYN_SEG_0038	vot	medial				ms	requested			raw					SYN_GENERATOR_11042026	SYNTHETIC_TEACHING_FIXTURE
REQ_SYN_SEG_0038_closure_duration	SYN_CH11	SYN_SEG_SPK_02	SYN_SESSION_02	SYN_SEG_0038	closure_duration	medial				ms	requested			raw					SYN_GENERATOR_11042026	SYNTHETIC_TEACHING_FIXTURE
REQ_SYN_SEG_0038_vowel_onset_f0	SYN_CH11	SYN_SEG_SPK_02	SYN_SESSION_02	SYN_SEG_0038	vowel_onset_f0	medial				Hz	requested			raw					SYN_GENERATOR_11042026	SYNTHETIC_TEACHING_FIXTURE
REQ_SYN_SEG_0039_vot	SYN_CH11	SYN_SEG_SPK_02	SYN_SESSION_02	SYN_SEG_0039	vot	final				ms	requested			raw					SYN_GENERATOR_11042026	SYNTHETIC_TEACHING_FIXTURE
REQ_SYN_SEG_0039_closure_duration	SYN_CH11	SYN_SEG_SPK_02	SYN_SESSION_02	SYN_SEG_0039	closure_duration	final				ms	requested			raw					SYN_GENERATOR_11042026	SYNTHETIC_TEACHING_FIXTURE
REQ_SYN_SEG_0039_vowel_onset_f0	SYN_CH11	SYN_SEG_SPK_02	SYN_SESSION_02	SYN_SEG_0039	vowel_onset_f0	final				Hz	requested			raw					SYN_GENERATOR_11042026	SYNTHETIC_TEACHING_FIXTURE
REQ_SYN_SEG_0040_vot	SYN_CH11	SYN_SEG_SPK_02	SYN_SESSION_02	SYN_SEG_0040	vot	initial				ms	requested			raw					SYN_GENERATOR_11042026	SYNTHETIC_TEACHING_FIXTURE
REQ_SYN_SEG_0040_closure_duration	SYN_CH11	SYN_SEG_SPK_02	SYN_SESSION_02	SYN_SEG_0040	closure_duration	initial				ms	requested			raw					SYN_GENERATOR_11042026	SYNTHETIC_TEACHING_FIXTURE
REQ_SYN_SEG_0040_vowel_onset_f0	SYN_CH11	SYN_SEG_SPK_02	SYN_SESSION_02	SYN_SEG_0040	vowel_onset_f0	initial				Hz	requested			raw					SYN_GENERATOR_11042026	SYNTHETIC_TEACHING_FIXTURE
REQ_SYN_SEG_0041_vot	SYN_CH11	SYN_SEG_SPK_02	SYN_SESSION_02	SYN_SEG_0041	vot	medial				ms	requested			raw					SYN_GENERATOR_11042026	SYNTHETIC_TEACHING_FIXTURE
REQ_SYN_SEG_0041_closure_duration	SYN_CH11	SYN_SEG_SPK_02	SYN_SESSION_02	SYN_SEG_0041	closure_duration	medial				ms	requested			raw					SYN_GENERATOR_11042026	SYNTHETIC_TEACHING_FIXTURE
REQ_SYN_SEG_0041_vowel_onset_f0	SYN_CH11	SYN_SEG_SPK_02	SYN_SESSION_02	SYN_SEG_0041	vowel_onset_f0	medial				Hz	requested			raw					SYN_GENERATOR_11042026	SYNTHETIC_TEACHING_FIXTURE
REQ_SYN_SEG_0042_vot	SYN_CH11	SYN_SEG_SPK_02	SYN_SESSION_02	SYN_SEG_0042	vot	final				ms	requested			raw					SYN_GENERATOR_11042026	SYNTHETIC_TEACHING_FIXTURE
REQ_SYN_SEG_0042_closure_duration	SYN_CH11	SYN_SEG_SPK_02	SYN_SESSION_02	SYN_SEG_0042	closure_duration	final				ms	requested			raw					SYN_GENERATOR_11042026	SYNTHETIC_TEACHING_FIXTURE
REQ_SYN_SEG_0042_vowel_onset_f0	SYN_CH11	SYN_SEG_SPK_02	SYN_SESSION_02	SYN_SEG_0042	vowel_onset_f0	final				Hz	requested			raw					SYN_GENERATOR_11042026	SYNTHETIC_TEACHING_FIXTURE
REQ_SYN_SEG_0043_vot	SYN_CH11	SYN_SEG_SPK_02	SYN_SESSION_02	SYN_SEG_0043	vot	initial				ms	requested			raw					SYN_GENERATOR_11042026	SYNTHETIC_TEACHING_FIXTURE
REQ_SYN_SEG_0043_closure_duration	SYN_CH11	SYN_SEG_SPK_02	SYN_SESSION_02	SYN_SEG_0043	closure_duration	initial				ms	requested			raw					SYN_GENERATOR_11042026	SYNTHETIC_TEACHING_FIXTURE
REQ_SYN_SEG_0043_vowel_onset_f0	SYN_CH11	SYN_SEG_SPK_02	SYN_SESSION_02	SYN_SEG_0043	vowel_onset_f0	initial				Hz	requested			raw					SYN_GENERATOR_11042026	SYNTHETIC_TEACHING_FIXTURE
REQ_SYN_SEG_0044_vot	SYN_CH11	SYN_SEG_SPK_02	SYN_SESSION_02	SYN_SEG_0044	vot	medial				ms	requested			raw					SYN_GENERATOR_11042026	SYNTHETIC_TEACHING_FIXTURE
REQ_SYN_SEG_0044_closure_duration	SYN_CH11	SYN_SEG_SPK_02	SYN_SESSION_02	SYN_SEG_0044	closure_duration	medial				ms	requested			raw					SYN_GENERATOR_11042026	SYNTHETIC_TEACHING_FIXTURE
REQ_SYN_SEG_0044_vowel_onset_f0	SYN_CH11	SYN_SEG_SPK_02	SYN_SESSION_02	SYN_SEG_0044	vowel_onset_f0	medial				Hz	requested			raw					SYN_GENERATOR_11042026	SYNTHETIC_TEACHING_FIXTURE
REQ_SYN_SEG_0045_vot	SYN_CH11	SYN_SEG_SPK_02	SYN_SESSION_02	SYN_SEG_0045	vot	final				ms	requested			raw					SYN_GENERATOR_11042026	SYNTHETIC_TEACHING_FIXTURE
REQ_SYN_SEG_0045_closure_duration	SYN_CH11	SYN_SEG_SPK_02	SYN_SESSION_02	SYN_SEG_0045	closure_duration	final				ms	requested			raw					SYN_GENERATOR_11042026	SYNTHETIC_TEACHING_FIXTURE
REQ_SYN_SEG_0045_vowel_onset_f0	SYN_CH11	SYN_SEG_SPK_02	SYN_SESSION_02	SYN_SEG_0045	vowel_onset_f0	final				Hz	requested			raw					SYN_GENERATOR_11042026	SYNTHETIC_TEACHING_FIXTURE
REQ_SYN_SEG_0046_vot	SYN_CH11	SYN_SEG_SPK_02	SYN_SESSION_02	SYN_SEG_0046	vot	initial				ms	requested			raw					SYN_GENERATOR_11042026	SYNTHETIC_TEACHING_FIXTURE
REQ_SYN_SEG_0046_closure_duration	SYN_CH11	SYN_SEG_SPK_02	SYN_SESSION_02	SYN_SEG_0046	closure_duration	initial				ms	requested			raw					SYN_GENERATOR_11042026	SYNTHETIC_TEACHING_FIXTURE
REQ_SYN_SEG_0046_vowel_onset_f0	SYN_CH11	SYN_SEG_SPK_02	SYN_SESSION_02	SYN_SEG_0046	vowel_onset_f0	initial				Hz	requested			raw					SYN_GENERATOR_11042026	SYNTHETIC_TEACHING_FIXTURE
REQ_SYN_SEG_0047_vot	SYN_CH11	SYN_SEG_SPK_02	SYN_SESSION_02	SYN_SEG_0047	vot	medial				ms	requested			raw					SYN_GENERATOR_11042026	SYNTHETIC_TEACHING_FIXTURE
REQ_SYN_SEG_0047_closure_duration	SYN_CH11	SYN_SEG_SPK_02	SYN_SESSION_02	SYN_SEG_0047	closure_duration	medial				ms	requested			raw					SYN_GENERATOR_11042026	SYNTHETIC_TEACHING_FIXTURE
REQ_SYN_SEG_0047_vowel_onset_f0	SYN_CH11	SYN_SEG_SPK_02	SYN_SESSION_02	SYN_SEG_0047	vowel_onset_f0	medial				Hz	requested			raw					SYN_GENERATOR_11042026	SYNTHETIC_TEACHING_FIXTURE
REQ_SYN_SEG_0048_vot	SYN_CH11	SYN_SEG_SPK_02	SYN_SESSION_02	SYN_SEG_0048	vot	final				ms	requested			raw					SYN_GENERATOR_11042026	SYNTHETIC_TEACHING_FIXTURE
REQ_SYN_SEG_0048_closure_duration	SYN_CH11	SYN_SEG_SPK_02	SYN_SESSION_02	SYN_SEG_0048	closure_duration	final				ms	requested			raw					SYN_GENERATOR_11042026	SYNTHETIC_TEACHING_FIXTURE
REQ_SYN_SEG_0048_vowel_onset_f0	SYN_CH11	SYN_SEG_SPK_02	SYN_SESSION_02	SYN_SEG_0048	vowel_onset_f0	final				Hz	requested			raw					SYN_GENERATOR_11042026	SYNTHETIC_TEACHING_FIXTURE
REQ_SYN_SEG_0049_vowel_duration	SYN_CH11	SYN_SEG_SPK_02	SYN_SESSION_02	SYN_SEG_0049	vowel_duration	initial				ms	requested		training	raw					SYN_GENERATOR_11042026	SYNTHETIC_TEACHING_FIXTURE
REQ_SYN_SEG_0049_f1	SYN_CH11	SYN_SEG_SPK_02	SYN_SESSION_02	SYN_SEG_0049	f1	initial				Hz	requested		training	raw					SYN_GENERATOR_11042026	SYNTHETIC_TEACHING_FIXTURE
REQ_SYN_SEG_0049_f2	SYN_CH11	SYN_SEG_SPK_02	SYN_SESSION_02	SYN_SEG_0049	f2	initial				Hz	requested		training	raw					SYN_GENERATOR_11042026	SYNTHETIC_TEACHING_FIXTURE
REQ_SYN_SEG_0049_f3	SYN_CH11	SYN_SEG_SPK_02	SYN_SESSION_02	SYN_SEG_0049	f3	initial				Hz	requested		training	raw					SYN_GENERATOR_11042026	SYNTHETIC_TEACHING_FIXTURE
REQ_SYN_SEG_0050_vowel_duration	SYN_CH11	SYN_SEG_SPK_02	SYN_SESSION_02	SYN_SEG_0050	vowel_duration	medial				ms	requested		training	raw					SYN_GENERATOR_11042026	SYNTHETIC_TEACHING_FIXTURE
REQ_SYN_SEG_0050_f1	SYN_CH11	SYN_SEG_SPK_02	SYN_SESSION_02	SYN_SEG_0050	f1	medial				Hz	requested		training	raw					SYN_GENERATOR_11042026	SYNTHETIC_TEACHING_FIXTURE
REQ_SYN_SEG_0050_f2	SYN_CH11	SYN_SEG_SPK_02	SYN_SESSION_02	SYN_SEG_0050	f2	medial				Hz	requested		training	raw					SYN_GENERATOR_11042026	SYNTHETIC_TEACHING_FIXTURE
REQ_SYN_SEG_0050_f3	SYN_CH11	SYN_SEG_SPK_02	SYN_SESSION_02	SYN_SEG_0050	f3	medial				Hz	requested		training	raw					SYN_GENERATOR_11042026	SYNTHETIC_TEACHING_FIXTURE
REQ_SYN_SEG_0051_vowel_duration	SYN_CH11	SYN_SEG_SPK_02	SYN_SESSION_02	SYN_SEG_0051	vowel_duration	final				ms	requested		training	raw					SYN_GENERATOR_11042026	SYNTHETIC_TEACHING_FIXTURE
REQ_SYN_SEG_0051_f1	SYN_CH11	SYN_SEG_SPK_02	SYN_SESSION_02	SYN_SEG_0051	f1	final				Hz	requested		training	raw					SYN_GENERATOR_11042026	SYNTHETIC_TEACHING_FIXTURE
REQ_SYN_SEG_0051_f2	SYN_CH11	SYN_SEG_SPK_02	SYN_SESSION_02	SYN_SEG_0051	f2	final				Hz	requested		training	raw					SYN_GENERATOR_11042026	SYNTHETIC_TEACHING_FIXTURE
REQ_SYN_SEG_0051_f3	SYN_CH11	SYN_SEG_SPK_02	SYN_SESSION_02	SYN_SEG_0051	f3	final				Hz	requested		training	raw					SYN_GENERATOR_11042026	SYNTHETIC_TEACHING_FIXTURE
REQ_SYN_SEG_0052_vowel_duration	SYN_CH11	SYN_SEG_SPK_02	SYN_SESSION_02	SYN_SEG_0052	vowel_duration	initial				ms	requested		training	raw					SYN_GENERATOR_11042026	SYNTHETIC_TEACHING_FIXTURE
REQ_SYN_SEG_0052_f1	SYN_CH11	SYN_SEG_SPK_02	SYN_SESSION_02	SYN_SEG_0052	f1	initial				Hz	requested		training	raw					SYN_GENERATOR_11042026	SYNTHETIC_TEACHING_FIXTURE
REQ_SYN_SEG_0052_f2	SYN_CH11	SYN_SEG_SPK_02	SYN_SESSION_02	SYN_SEG_0052	f2	initial				Hz	requested		training	raw					SYN_GENERATOR_11042026	SYNTHETIC_TEACHING_FIXTURE
REQ_SYN_SEG_0052_f3	SYN_CH11	SYN_SEG_SPK_02	SYN_SESSION_02	SYN_SEG_0052	f3	initial				Hz	requested		training	raw					SYN_GENERATOR_11042026	SYNTHETIC_TEACHING_FIXTURE
REQ_SYN_SEG_0053_vowel_duration	SYN_CH11	SYN_SEG_SPK_02	SYN_SESSION_02	SYN_SEG_0053	vowel_duration	medial				ms	requested		training	raw					SYN_GENERATOR_11042026	SYNTHETIC_TEACHING_FIXTURE
REQ_SYN_SEG_0053_f1	SYN_CH11	SYN_SEG_SPK_02	SYN_SESSION_02	SYN_SEG_0053	f1	medial				Hz	requested		training	raw					SYN_GENERATOR_11042026	SYNTHETIC_TEACHING_FIXTURE
REQ_SYN_SEG_0053_f2	SYN_CH11	SYN_SEG_SPK_02	SYN_SESSION_02	SYN_SEG_0053	f2	medial				Hz	requested		training	raw					SYN_GENERATOR_11042026	SYNTHETIC_TEACHING_FIXTURE
REQ_SYN_SEG_0053_f3	SYN_CH11	SYN_SEG_SPK_02	SYN_SESSION_02	SYN_SEG_0053	f3	medial				Hz	requested		training	raw					SYN_GENERATOR_11042026	SYNTHETIC_TEACHING_FIXTURE
REQ_SYN_SEG_0054_vowel_duration	SYN_CH11	SYN_SEG_SPK_02	SYN_SESSION_02	SYN_SEG_0054	vowel_duration	final				ms	requested		training	raw					SYN_GENERATOR_11042026	SYNTHETIC_TEACHING_FIXTURE
REQ_SYN_SEG_0054_f1	SYN_CH11	SYN_SEG_SPK_02	SYN_SESSION_02	SYN_SEG_0054	f1	final				Hz	requested		training	raw					SYN_GENERATOR_11042026	SYNTHETIC_TEACHING_FIXTURE
REQ_SYN_SEG_0054_f2	SYN_CH11	SYN_SEG_SPK_02	SYN_SESSION_02	SYN_SEG_0054	f2	final				Hz	requested		training	raw					SYN_GENERATOR_11042026	SYNTHETIC_TEACHING_FIXTURE
REQ_SYN_SEG_0054_f3	SYN_CH11	SYN_SEG_SPK_02	SYN_SESSION_02	SYN_SEG_0054	f3	final				Hz	requested		training	raw					SYN_GENERATOR_11042026	SYNTHETIC_TEACHING_FIXTURE
REQ_SYN_SEG_0055_vowel_duration	SYN_CH11	SYN_SEG_SPK_02	SYN_SESSION_02	SYN_SEG_0055	vowel_duration	initial				ms	requested		training	raw					SYN_GENERATOR_11042026	SYNTHETIC_TEACHING_FIXTURE
REQ_SYN_SEG_0055_f1	SYN_CH11	SYN_SEG_SPK_02	SYN_SESSION_02	SYN_SEG_0055	f1	initial				Hz	requested		training	raw					SYN_GENERATOR_11042026	SYNTHETIC_TEACHING_FIXTURE
REQ_SYN_SEG_0055_f2	SYN_CH11	SYN_SEG_SPK_02	SYN_SESSION_02	SYN_SEG_0055	f2	initial				Hz	requested		training	raw					SYN_GENERATOR_11042026	SYNTHETIC_TEACHING_FIXTURE
REQ_SYN_SEG_0055_f3	SYN_CH11	SYN_SEG_SPK_02	SYN_SESSION_02	SYN_SEG_0055	f3	initial				Hz	requested		training	raw					SYN_GENERATOR_11042026	SYNTHETIC_TEACHING_FIXTURE
REQ_SYN_SEG_0056_vowel_duration	SYN_CH11	SYN_SEG_SPK_02	SYN_SESSION_02	SYN_SEG_0056	vowel_duration	medial				ms	requested		training	raw					SYN_GENERATOR_11042026	SYNTHETIC_TEACHING_FIXTURE
REQ_SYN_SEG_0056_f1	SYN_CH11	SYN_SEG_SPK_02	SYN_SESSION_02	SYN_SEG_0056	f1	medial				Hz	requested		training	raw					SYN_GENERATOR_11042026	SYNTHETIC_TEACHING_FIXTURE
REQ_SYN_SEG_0056_f2	SYN_CH11	SYN_SEG_SPK_02	SYN_SESSION_02	SYN_SEG_0056	f2	medial				Hz	requested		training	raw					SYN_GENERATOR_11042026	SYNTHETIC_TEACHING_FIXTURE
REQ_SYN_SEG_0056_f3	SYN_CH11	SYN_SEG_SPK_02	SYN_SESSION_02	SYN_SEG_0056	f3	medial				Hz	requested		training	raw					SYN_GENERATOR_11042026	SYNTHETIC_TEACHING_FIXTURE
REQ_SYN_SEG_0057_vowel_duration	SYN_CH11	SYN_SEG_SPK_02	SYN_SESSION_02	SYN_SEG_0057	vowel_duration	final				ms	requested		training	raw					SYN_GENERATOR_11042026	SYNTHETIC_TEACHING_FIXTURE
REQ_SYN_SEG_0057_f1	SYN_CH11	SYN_SEG_SPK_02	SYN_SESSION_02	SYN_SEG_0057	f1	final				Hz	requested		training	raw					SYN_GENERATOR_11042026	SYNTHETIC_TEACHING_FIXTURE
REQ_SYN_SEG_0057_f2	SYN_CH11	SYN_SEG_SPK_02	SYN_SESSION_02	SYN_SEG_0057	f2	final				Hz	requested		training	raw					SYN_GENERATOR_11042026	SYNTHETIC_TEACHING_FIXTURE
REQ_SYN_SEG_0057_f3	SYN_CH11	SYN_SEG_SPK_02	SYN_SESSION_02	SYN_SEG_0057	f3	final				Hz	requested		training	raw					SYN_GENERATOR_11042026	SYNTHETIC_TEACHING_FIXTURE
REQ_SYN_SEG_0058_vowel_duration	SYN_CH11	SYN_SEG_SPK_02	SYN_SESSION_02	SYN_SEG_0058	vowel_duration	initial				ms	requested		training	raw					SYN_GENERATOR_11042026	SYNTHETIC_TEACHING_FIXTURE
REQ_SYN_SEG_0058_f1	SYN_CH11	SYN_SEG_SPK_02	SYN_SESSION_02	SYN_SEG_0058	f1	initial				Hz	requested		training	raw					SYN_GENERATOR_11042026	SYNTHETIC_TEACHING_FIXTURE
REQ_SYN_SEG_0058_f2	SYN_CH11	SYN_SEG_SPK_02	SYN_SESSION_02	SYN_SEG_0058	f2	initial				Hz	requested		training	raw					SYN_GENERATOR_11042026	SYNTHETIC_TEACHING_FIXTURE
REQ_SYN_SEG_0058_f3	SYN_CH11	SYN_SEG_SPK_02	SYN_SESSION_02	SYN_SEG_0058	f3	initial				Hz	requested		training	raw					SYN_GENERATOR_11042026	SYNTHETIC_TEACHING_FIXTURE
REQ_SYN_SEG_0059_vowel_duration	SYN_CH11	SYN_SEG_SPK_02	SYN_SESSION_02	SYN_SEG_0059	vowel_duration	medial				ms	requested		training	raw					SYN_GENERATOR_11042026	SYNTHETIC_TEACHING_FIXTURE
REQ_SYN_SEG_0059_f1	SYN_CH11	SYN_SEG_SPK_02	SYN_SESSION_02	SYN_SEG_0059	f1	medial				Hz	requested		training	raw					SYN_GENERATOR_11042026	SYNTHETIC_TEACHING_FIXTURE
REQ_SYN_SEG_0059_f2	SYN_CH11	SYN_SEG_SPK_02	SYN_SESSION_02	SYN_SEG_0059	f2	medial				Hz	requested		training	raw					SYN_GENERATOR_11042026	SYNTHETIC_TEACHING_FIXTURE
REQ_SYN_SEG_0059_f3	SYN_CH11	SYN_SEG_SPK_02	SYN_SESSION_02	SYN_SEG_0059	f3	medial				Hz	requested		training	raw					SYN_GENERATOR_11042026	SYNTHETIC_TEACHING_FIXTURE
REQ_SYN_SEG_0060_vowel_duration	SYN_CH11	SYN_SEG_SPK_02	SYN_SESSION_02	SYN_SEG_0060	vowel_duration	final				ms	requested		training	raw					SYN_GENERATOR_11042026	SYNTHETIC_TEACHING_FIXTURE
REQ_SYN_SEG_0060_f1	SYN_CH11	SYN_SEG_SPK_02	SYN_SESSION_02	SYN_SEG_0060	f1	final				Hz	requested		training	raw					SYN_GENERATOR_11042026	SYNTHETIC_TEACHING_FIXTURE
REQ_SYN_SEG_0060_f2	SYN_CH11	SYN_SEG_SPK_02	SYN_SESSION_02	SYN_SEG_0060	f2	final				Hz	requested		training	raw					SYN_GENERATOR_11042026	SYNTHETIC_TEACHING_FIXTURE
REQ_SYN_SEG_0060_f3	SYN_CH11	SYN_SEG_SPK_02	SYN_SESSION_02	SYN_SEG_0060	f3	final				Hz	requested		training	raw					SYN_GENERATOR_11042026	SYNTHETIC_TEACHING_FIXTURE
REQ_SYN_SEG_0061_fricative_duration	SYN_CH11	SYN_SEG_SPK_02	SYN_SESSION_02	SYN_SEG_0061	fricative_duration	initial				ms	requested			raw					SYN_GENERATOR_11042026	SYNTHETIC_TEACHING_FIXTURE
REQ_SYN_SEG_0061_fricative_cog	SYN_CH11	SYN_SEG_SPK_02	SYN_SESSION_02	SYN_SEG_0061	fricative_cog	initial				Hz	requested			raw					SYN_GENERATOR_11042026	SYNTHETIC_TEACHING_FIXTURE
REQ_SYN_SEG_0062_fricative_duration	SYN_CH11	SYN_SEG_SPK_02	SYN_SESSION_02	SYN_SEG_0062	fricative_duration	medial				ms	requested			raw					SYN_GENERATOR_11042026	SYNTHETIC_TEACHING_FIXTURE
REQ_SYN_SEG_0062_fricative_cog	SYN_CH11	SYN_SEG_SPK_02	SYN_SESSION_02	SYN_SEG_0062	fricative_cog	medial				Hz	requested			raw					SYN_GENERATOR_11042026	SYNTHETIC_TEACHING_FIXTURE
REQ_SYN_SEG_0063_fricative_duration	SYN_CH11	SYN_SEG_SPK_02	SYN_SESSION_02	SYN_SEG_0063	fricative_duration	final				ms	requested			raw					SYN_GENERATOR_11042026	SYNTHETIC_TEACHING_FIXTURE
REQ_SYN_SEG_0063_fricative_cog	SYN_CH11	SYN_SEG_SPK_02	SYN_SESSION_02	SYN_SEG_0063	fricative_cog	final				Hz	requested			raw					SYN_GENERATOR_11042026	SYNTHETIC_TEACHING_FIXTURE
REQ_SYN_SEG_0064_fricative_duration	SYN_CH11	SYN_SEG_SPK_02	SYN_SESSION_02	SYN_SEG_0064	fricative_duration	initial				ms	requested			raw					SYN_GENERATOR_11042026	SYNTHETIC_TEACHING_FIXTURE
REQ_SYN_SEG_0064_fricative_cog	SYN_CH11	SYN_SEG_SPK_02	SYN_SESSION_02	SYN_SEG_0064	fricative_cog	initial				Hz	requested			raw					SYN_GENERATOR_11042026	SYNTHETIC_TEACHING_FIXTURE
REQ_SYN_SEG_0065_fricative_duration	SYN_CH11	SYN_SEG_SPK_02	SYN_SESSION_02	SYN_SEG_0065	fricative_duration	medial				ms	requested			raw					SYN_GENERATOR_11042026	SYNTHETIC_TEACHING_FIXTURE
REQ_SYN_SEG_0065_fricative_cog	SYN_CH11	SYN_SEG_SPK_02	SYN_SESSION_02	SYN_SEG_0065	fricative_cog	medial				Hz	requested			raw					SYN_GENERATOR_11042026	SYNTHETIC_TEACHING_FIXTURE
REQ_SYN_SEG_0066_fricative_duration	SYN_CH11	SYN_SEG_SPK_02	SYN_SESSION_02	SYN_SEG_0066	fricative_duration	final				ms	requested			raw					SYN_GENERATOR_11042026	SYNTHETIC_TEACHING_FIXTURE
REQ_SYN_SEG_0066_fricative_cog	SYN_CH11	SYN_SEG_SPK_02	SYN_SESSION_02	SYN_SEG_0066	fricative_cog	final				Hz	requested			raw					SYN_GENERATOR_11042026	SYNTHETIC_TEACHING_FIXTURE
REQ_SYN_SEG_0067_fricative_duration	SYN_CH11	SYN_SEG_SPK_02	SYN_SESSION_02	SYN_SEG_0067	fricative_duration	initial				ms	requested			raw					SYN_GENERATOR_11042026	SYNTHETIC_TEACHING_FIXTURE
REQ_SYN_SEG_0067_fricative_cog	SYN_CH11	SYN_SEG_SPK_02	SYN_SESSION_02	SYN_SEG_0067	fricative_cog	initial				Hz	requested			raw					SYN_GENERATOR_11042026	SYNTHETIC_TEACHING_FIXTURE
REQ_SYN_SEG_0068_fricative_duration	SYN_CH11	SYN_SEG_SPK_02	SYN_SESSION_02	SYN_SEG_0068	fricative_duration	medial				ms	requested			raw					SYN_GENERATOR_11042026	SYNTHETIC_TEACHING_FIXTURE
REQ_SYN_SEG_0068_fricative_cog	SYN_CH11	SYN_SEG_SPK_02	SYN_SESSION_02	SYN_SEG_0068	fricative_cog	medial				Hz	requested			raw					SYN_GENERATOR_11042026	SYNTHETIC_TEACHING_FIXTURE
REQ_SYN_SEG_0069_fricative_duration	SYN_CH11	SYN_SEG_SPK_02	SYN_SESSION_02	SYN_SEG_0069	fricative_duration	final				ms	requested			raw					SYN_GENERATOR_11042026	SYNTHETIC_TEACHING_FIXTURE
REQ_SYN_SEG_0069_fricative_cog	SYN_CH11	SYN_SEG_SPK_02	SYN_SESSION_02	SYN_SEG_0069	fricative_cog	final				Hz	requested			raw					SYN_GENERATOR_11042026	SYNTHETIC_TEACHING_FIXTURE
REQ_SYN_SEG_0070_fricative_duration	SYN_CH11	SYN_SEG_SPK_02	SYN_SESSION_02	SYN_SEG_0070	fricative_duration	initial				ms	requested			raw					SYN_GENERATOR_11042026	SYNTHETIC_TEACHING_FIXTURE
REQ_SYN_SEG_0070_fricative_cog	SYN_CH11	SYN_SEG_SPK_02	SYN_SESSION_02	SYN_SEG_0070	fricative_cog	initial				Hz	requested			raw					SYN_GENERATOR_11042026	SYNTHETIC_TEACHING_FIXTURE
REQ_SYN_SEG_0071_fricative_duration	SYN_CH11	SYN_SEG_SPK_02	SYN_SESSION_02	SYN_SEG_0071	fricative_duration	medial				ms	requested			raw					SYN_GENERATOR_11042026	SYNTHETIC_TEACHING_FIXTURE
REQ_SYN_SEG_0071_fricative_cog	SYN_CH11	SYN_SEG_SPK_02	SYN_SESSION_02	SYN_SEG_0071	fricative_cog	medial				Hz	requested			raw					SYN_GENERATOR_11042026	SYNTHETIC_TEACHING_FIXTURE
REQ_SYN_SEG_0072_fricative_duration	SYN_CH11	SYN_SEG_SPK_02	SYN_SESSION_02	SYN_SEG_0072	fricative_duration	final				ms	requested			raw					SYN_GENERATOR_11042026	SYNTHETIC_TEACHING_FIXTURE
REQ_SYN_SEG_0072_fricative_cog	SYN_CH11	SYN_SEG_SPK_02	SYN_SESSION_02	SYN_SEG_0072	fricative_cog	final				Hz	requested			raw					SYN_GENERATOR_11042026	SYNTHETIC_TEACHING_FIXTURE
REQ_SYN_SEG_0073_vot	SYN_CH11	SYN_SEG_SPK_03	SYN_SESSION_03	SYN_SEG_0073	vot	initial				ms	requested			raw					SYN_GENERATOR_11042026	SYNTHETIC_TEACHING_FIXTURE
REQ_SYN_SEG_0073_closure_duration	SYN_CH11	SYN_SEG_SPK_03	SYN_SESSION_03	SYN_SEG_0073	closure_duration	initial				ms	requested			raw					SYN_GENERATOR_11042026	SYNTHETIC_TEACHING_FIXTURE
REQ_SYN_SEG_0073_vowel_onset_f0	SYN_CH11	SYN_SEG_SPK_03	SYN_SESSION_03	SYN_SEG_0073	vowel_onset_f0	initial				Hz	requested			raw					SYN_GENERATOR_11042026	SYNTHETIC_TEACHING_FIXTURE
REQ_SYN_SEG_0074_vot	SYN_CH11	SYN_SEG_SPK_03	SYN_SESSION_03	SYN_SEG_0074	vot	medial				ms	requested			raw					SYN_GENERATOR_11042026	SYNTHETIC_TEACHING_FIXTURE
REQ_SYN_SEG_0074_closure_duration	SYN_CH11	SYN_SEG_SPK_03	SYN_SESSION_03	SYN_SEG_0074	closure_duration	medial				ms	requested			raw					SYN_GENERATOR_11042026	SYNTHETIC_TEACHING_FIXTURE
REQ_SYN_SEG_0074_vowel_onset_f0	SYN_CH11	SYN_SEG_SPK_03	SYN_SESSION_03	SYN_SEG_0074	vowel_onset_f0	medial				Hz	requested			raw					SYN_GENERATOR_11042026	SYNTHETIC_TEACHING_FIXTURE
REQ_SYN_SEG_0075_vot	SYN_CH11	SYN_SEG_SPK_03	SYN_SESSION_03	SYN_SEG_0075	vot	final				ms	requested			raw					SYN_GENERATOR_11042026	SYNTHETIC_TEACHING_FIXTURE
REQ_SYN_SEG_0075_closure_duration	SYN_CH11	SYN_SEG_SPK_03	SYN_SESSION_03	SYN_SEG_0075	closure_duration	final				ms	requested			raw					SYN_GENERATOR_11042026	SYNTHETIC_TEACHING_FIXTURE
REQ_SYN_SEG_0075_vowel_onset_f0	SYN_CH11	SYN_SEG_SPK_03	SYN_SESSION_03	SYN_SEG_0075	vowel_onset_f0	final				Hz	requested			raw					SYN_GENERATOR_11042026	SYNTHETIC_TEACHING_FIXTURE
REQ_SYN_SEG_0076_vot	SYN_CH11	SYN_SEG_SPK_03	SYN_SESSION_03	SYN_SEG_0076	vot	initial				ms	requested			raw					SYN_GENERATOR_11042026	SYNTHETIC_TEACHING_FIXTURE
REQ_SYN_SEG_0076_closure_duration	SYN_CH11	SYN_SEG_SPK_03	SYN_SESSION_03	SYN_SEG_0076	closure_duration	initial				ms	requested			raw					SYN_GENERATOR_11042026	SYNTHETIC_TEACHING_FIXTURE
REQ_SYN_SEG_0076_vowel_onset_f0	SYN_CH11	SYN_SEG_SPK_03	SYN_SESSION_03	SYN_SEG_0076	vowel_onset_f0	initial				Hz	requested			raw					SYN_GENERATOR_11042026	SYNTHETIC_TEACHING_FIXTURE
REQ_SYN_SEG_0077_vot	SYN_CH11	SYN_SEG_SPK_03	SYN_SESSION_03	SYN_SEG_0077	vot	medial				ms	requested			raw					SYN_GENERATOR_11042026	SYNTHETIC_TEACHING_FIXTURE
REQ_SYN_SEG_0077_closure_duration	SYN_CH11	SYN_SEG_SPK_03	SYN_SESSION_03	SYN_SEG_0077	closure_duration	medial				ms	requested			raw					SYN_GENERATOR_11042026	SYNTHETIC_TEACHING_FIXTURE
REQ_SYN_SEG_0077_vowel_onset_f0	SYN_CH11	SYN_SEG_SPK_03	SYN_SESSION_03	SYN_SEG_0077	vowel_onset_f0	medial				Hz	requested			raw					SYN_GENERATOR_11042026	SYNTHETIC_TEACHING_FIXTURE
REQ_SYN_SEG_0078_vot	SYN_CH11	SYN_SEG_SPK_03	SYN_SESSION_03	SYN_SEG_0078	vot	final				ms	requested			raw					SYN_GENERATOR_11042026	SYNTHETIC_TEACHING_FIXTURE
REQ_SYN_SEG_0078_closure_duration	SYN_CH11	SYN_SEG_SPK_03	SYN_SESSION_03	SYN_SEG_0078	closure_duration	final				ms	requested			raw					SYN_GENERATOR_11042026	SYNTHETIC_TEACHING_FIXTURE
REQ_SYN_SEG_0078_vowel_onset_f0	SYN_CH11	SYN_SEG_SPK_03	SYN_SESSION_03	SYN_SEG_0078	vowel_onset_f0	final				Hz	requested			raw					SYN_GENERATOR_11042026	SYNTHETIC_TEACHING_FIXTURE
REQ_SYN_SEG_0079_vot	SYN_CH11	SYN_SEG_SPK_03	SYN_SESSION_03	SYN_SEG_0079	vot	initial				ms	requested			raw					SYN_GENERATOR_11042026	SYNTHETIC_TEACHING_FIXTURE
REQ_SYN_SEG_0079_closure_duration	SYN_CH11	SYN_SEG_SPK_03	SYN_SESSION_03	SYN_SEG_0079	closure_duration	initial				ms	requested			raw					SYN_GENERATOR_11042026	SYNTHETIC_TEACHING_FIXTURE
REQ_SYN_SEG_0079_vowel_onset_f0	SYN_CH11	SYN_SEG_SPK_03	SYN_SESSION_03	SYN_SEG_0079	vowel_onset_f0	initial				Hz	requested			raw					SYN_GENERATOR_11042026	SYNTHETIC_TEACHING_FIXTURE
REQ_SYN_SEG_0080_vot	SYN_CH11	SYN_SEG_SPK_03	SYN_SESSION_03	SYN_SEG_0080	vot	medial				ms	requested			raw					SYN_GENERATOR_11042026	SYNTHETIC_TEACHING_FIXTURE
REQ_SYN_SEG_0080_closure_duration	SYN_CH11	SYN_SEG_SPK_03	SYN_SESSION_03	SYN_SEG_0080	closure_duration	medial				ms	requested			raw					SYN_GENERATOR_11042026	SYNTHETIC_TEACHING_FIXTURE
REQ_SYN_SEG_0080_vowel_onset_f0	SYN_CH11	SYN_SEG_SPK_03	SYN_SESSION_03	SYN_SEG_0080	vowel_onset_f0	medial				Hz	requested			raw					SYN_GENERATOR_11042026	SYNTHETIC_TEACHING_FIXTURE
REQ_SYN_SEG_0081_vot	SYN_CH11	SYN_SEG_SPK_03	SYN_SESSION_03	SYN_SEG_0081	vot	final				ms	requested			raw					SYN_GENERATOR_11042026	SYNTHETIC_TEACHING_FIXTURE
REQ_SYN_SEG_0081_closure_duration	SYN_CH11	SYN_SEG_SPK_03	SYN_SESSION_03	SYN_SEG_0081	closure_duration	final				ms	requested			raw					SYN_GENERATOR_11042026	SYNTHETIC_TEACHING_FIXTURE
REQ_SYN_SEG_0081_vowel_onset_f0	SYN_CH11	SYN_SEG_SPK_03	SYN_SESSION_03	SYN_SEG_0081	vowel_onset_f0	final				Hz	requested			raw					SYN_GENERATOR_11042026	SYNTHETIC_TEACHING_FIXTURE
REQ_SYN_SEG_0082_vot	SYN_CH11	SYN_SEG_SPK_03	SYN_SESSION_03	SYN_SEG_0082	vot	initial				ms	requested			raw					SYN_GENERATOR_11042026	SYNTHETIC_TEACHING_FIXTURE
REQ_SYN_SEG_0082_closure_duration	SYN_CH11	SYN_SEG_SPK_03	SYN_SESSION_03	SYN_SEG_0082	closure_duration	initial				ms	requested			raw					SYN_GENERATOR_11042026	SYNTHETIC_TEACHING_FIXTURE
REQ_SYN_SEG_0082_vowel_onset_f0	SYN_CH11	SYN_SEG_SPK_03	SYN_SESSION_03	SYN_SEG_0082	vowel_onset_f0	initial				Hz	requested			raw					SYN_GENERATOR_11042026	SYNTHETIC_TEACHING_FIXTURE
REQ_SYN_SEG_0083_vot	SYN_CH11	SYN_SEG_SPK_03	SYN_SESSION_03	SYN_SEG_0083	vot	medial				ms	requested			raw					SYN_GENERATOR_11042026	SYNTHETIC_TEACHING_FIXTURE
REQ_SYN_SEG_0083_closure_duration	SYN_CH11	SYN_SEG_SPK_03	SYN_SESSION_03	SYN_SEG_0083	closure_duration	medial				ms	requested			raw					SYN_GENERATOR_11042026	SYNTHETIC_TEACHING_FIXTURE
REQ_SYN_SEG_0083_vowel_onset_f0	SYN_CH11	SYN_SEG_SPK_03	SYN_SESSION_03	SYN_SEG_0083	vowel_onset_f0	medial				Hz	requested			raw					SYN_GENERATOR_11042026	SYNTHETIC_TEACHING_FIXTURE
REQ_SYN_SEG_0084_vot	SYN_CH11	SYN_SEG_SPK_03	SYN_SESSION_03	SYN_SEG_0084	vot	final				ms	requested			raw					SYN_GENERATOR_11042026	SYNTHETIC_TEACHING_FIXTURE
REQ_SYN_SEG_0084_closure_duration	SYN_CH11	SYN_SEG_SPK_03	SYN_SESSION_03	SYN_SEG_0084	closure_duration	final				ms	requested			raw					SYN_GENERATOR_11042026	SYNTHETIC_TEACHING_FIXTURE
REQ_SYN_SEG_0084_vowel_onset_f0	SYN_CH11	SYN_SEG_SPK_03	SYN_SESSION_03	SYN_SEG_0084	vowel_onset_f0	final				Hz	requested			raw					SYN_GENERATOR_11042026	SYNTHETIC_TEACHING_FIXTURE
REQ_SYN_SEG_0085_vowel_duration	SYN_CH11	SYN_SEG_SPK_03	SYN_SESSION_03	SYN_SEG_0085	vowel_duration	initial				ms	requested		training	raw					SYN_GENERATOR_11042026	SYNTHETIC_TEACHING_FIXTURE
REQ_SYN_SEG_0085_f1	SYN_CH11	SYN_SEG_SPK_03	SYN_SESSION_03	SYN_SEG_0085	f1	initial				Hz	requested		training	raw					SYN_GENERATOR_11042026	SYNTHETIC_TEACHING_FIXTURE
REQ_SYN_SEG_0085_f2	SYN_CH11	SYN_SEG_SPK_03	SYN_SESSION_03	SYN_SEG_0085	f2	initial				Hz	requested		training	raw					SYN_GENERATOR_11042026	SYNTHETIC_TEACHING_FIXTURE
REQ_SYN_SEG_0085_f3	SYN_CH11	SYN_SEG_SPK_03	SYN_SESSION_03	SYN_SEG_0085	f3	initial				Hz	requested		training	raw					SYN_GENERATOR_11042026	SYNTHETIC_TEACHING_FIXTURE
REQ_SYN_SEG_0086_vowel_duration	SYN_CH11	SYN_SEG_SPK_03	SYN_SESSION_03	SYN_SEG_0086	vowel_duration	medial				ms	requested		training	raw					SYN_GENERATOR_11042026	SYNTHETIC_TEACHING_FIXTURE
REQ_SYN_SEG_0086_f1	SYN_CH11	SYN_SEG_SPK_03	SYN_SESSION_03	SYN_SEG_0086	f1	medial				Hz	requested		training	raw					SYN_GENERATOR_11042026	SYNTHETIC_TEACHING_FIXTURE
REQ_SYN_SEG_0086_f2	SYN_CH11	SYN_SEG_SPK_03	SYN_SESSION_03	SYN_SEG_0086	f2	medial				Hz	requested		training	raw					SYN_GENERATOR_11042026	SYNTHETIC_TEACHING_FIXTURE
REQ_SYN_SEG_0086_f3	SYN_CH11	SYN_SEG_SPK_03	SYN_SESSION_03	SYN_SEG_0086	f3	medial				Hz	requested		training	raw					SYN_GENERATOR_11042026	SYNTHETIC_TEACHING_FIXTURE
REQ_SYN_SEG_0087_vowel_duration	SYN_CH11	SYN_SEG_SPK_03	SYN_SESSION_03	SYN_SEG_0087	vowel_duration	final				ms	requested		training	raw					SYN_GENERATOR_11042026	SYNTHETIC_TEACHING_FIXTURE
REQ_SYN_SEG_0087_f1	SYN_CH11	SYN_SEG_SPK_03	SYN_SESSION_03	SYN_SEG_0087	f1	final				Hz	requested		training	raw					SYN_GENERATOR_11042026	SYNTHETIC_TEACHING_FIXTURE
REQ_SYN_SEG_0087_f2	SYN_CH11	SYN_SEG_SPK_03	SYN_SESSION_03	SYN_SEG_0087	f2	final				Hz	requested		training	raw					SYN_GENERATOR_11042026	SYNTHETIC_TEACHING_FIXTURE
REQ_SYN_SEG_0087_f3	SYN_CH11	SYN_SEG_SPK_03	SYN_SESSION_03	SYN_SEG_0087	f3	final				Hz	requested		training	raw					SYN_GENERATOR_11042026	SYNTHETIC_TEACHING_FIXTURE
REQ_SYN_SEG_0088_vowel_duration	SYN_CH11	SYN_SEG_SPK_03	SYN_SESSION_03	SYN_SEG_0088	vowel_duration	initial				ms	requested		training	raw					SYN_GENERATOR_11042026	SYNTHETIC_TEACHING_FIXTURE
REQ_SYN_SEG_0088_f1	SYN_CH11	SYN_SEG_SPK_03	SYN_SESSION_03	SYN_SEG_0088	f1	initial				Hz	requested		training	raw					SYN_GENERATOR_11042026	SYNTHETIC_TEACHING_FIXTURE
REQ_SYN_SEG_0088_f2	SYN_CH11	SYN_SEG_SPK_03	SYN_SESSION_03	SYN_SEG_0088	f2	initial				Hz	requested		training	raw					SYN_GENERATOR_11042026	SYNTHETIC_TEACHING_FIXTURE
REQ_SYN_SEG_0088_f3	SYN_CH11	SYN_SEG_SPK_03	SYN_SESSION_03	SYN_SEG_0088	f3	initial				Hz	requested		training	raw					SYN_GENERATOR_11042026	SYNTHETIC_TEACHING_FIXTURE
REQ_SYN_SEG_0089_vowel_duration	SYN_CH11	SYN_SEG_SPK_03	SYN_SESSION_03	SYN_SEG_0089	vowel_duration	medial				ms	requested		training	raw					SYN_GENERATOR_11042026	SYNTHETIC_TEACHING_FIXTURE
REQ_SYN_SEG_0089_f1	SYN_CH11	SYN_SEG_SPK_03	SYN_SESSION_03	SYN_SEG_0089	f1	medial				Hz	requested		training	raw					SYN_GENERATOR_11042026	SYNTHETIC_TEACHING_FIXTURE
REQ_SYN_SEG_0089_f2	SYN_CH11	SYN_SEG_SPK_03	SYN_SESSION_03	SYN_SEG_0089	f2	medial				Hz	requested		training	raw					SYN_GENERATOR_11042026	SYNTHETIC_TEACHING_FIXTURE
REQ_SYN_SEG_0089_f3	SYN_CH11	SYN_SEG_SPK_03	SYN_SESSION_03	SYN_SEG_0089	f3	medial				Hz	requested		training	raw					SYN_GENERATOR_11042026	SYNTHETIC_TEACHING_FIXTURE
REQ_SYN_SEG_0090_vowel_duration	SYN_CH11	SYN_SEG_SPK_03	SYN_SESSION_03	SYN_SEG_0090	vowel_duration	final				ms	requested		training	raw					SYN_GENERATOR_11042026	SYNTHETIC_TEACHING_FIXTURE
REQ_SYN_SEG_0090_f1	SYN_CH11	SYN_SEG_SPK_03	SYN_SESSION_03	SYN_SEG_0090	f1	final				Hz	requested		training	raw					SYN_GENERATOR_11042026	SYNTHETIC_TEACHING_FIXTURE
REQ_SYN_SEG_0090_f2	SYN_CH11	SYN_SEG_SPK_03	SYN_SESSION_03	SYN_SEG_0090	f2	final				Hz	requested		training	raw					SYN_GENERATOR_11042026	SYNTHETIC_TEACHING_FIXTURE
REQ_SYN_SEG_0090_f3	SYN_CH11	SYN_SEG_SPK_03	SYN_SESSION_03	SYN_SEG_0090	f3	final				Hz	requested		training	raw					SYN_GENERATOR_11042026	SYNTHETIC_TEACHING_FIXTURE
REQ_SYN_SEG_0091_vowel_duration	SYN_CH11	SYN_SEG_SPK_03	SYN_SESSION_03	SYN_SEG_0091	vowel_duration	initial				ms	requested		training	raw					SYN_GENERATOR_11042026	SYNTHETIC_TEACHING_FIXTURE
REQ_SYN_SEG_0091_f1	SYN_CH11	SYN_SEG_SPK_03	SYN_SESSION_03	SYN_SEG_0091	f1	initial				Hz	requested		training	raw					SYN_GENERATOR_11042026	SYNTHETIC_TEACHING_FIXTURE
REQ_SYN_SEG_0091_f2	SYN_CH11	SYN_SEG_SPK_03	SYN_SESSION_03	SYN_SEG_0091	f2	initial				Hz	requested		training	raw					SYN_GENERATOR_11042026	SYNTHETIC_TEACHING_FIXTURE
REQ_SYN_SEG_0091_f3	SYN_CH11	SYN_SEG_SPK_03	SYN_SESSION_03	SYN_SEG_0091	f3	initial				Hz	requested		training	raw					SYN_GENERATOR_11042026	SYNTHETIC_TEACHING_FIXTURE
REQ_SYN_SEG_0092_vowel_duration	SYN_CH11	SYN_SEG_SPK_03	SYN_SESSION_03	SYN_SEG_0092	vowel_duration	medial				ms	requested		training	raw					SYN_GENERATOR_11042026	SYNTHETIC_TEACHING_FIXTURE
REQ_SYN_SEG_0092_f1	SYN_CH11	SYN_SEG_SPK_03	SYN_SESSION_03	SYN_SEG_0092	f1	medial				Hz	requested		training	raw					SYN_GENERATOR_11042026	SYNTHETIC_TEACHING_FIXTURE
REQ_SYN_SEG_0092_f2	SYN_CH11	SYN_SEG_SPK_03	SYN_SESSION_03	SYN_SEG_0092	f2	medial				Hz	requested		training	raw					SYN_GENERATOR_11042026	SYNTHETIC_TEACHING_FIXTURE
REQ_SYN_SEG_0092_f3	SYN_CH11	SYN_SEG_SPK_03	SYN_SESSION_03	SYN_SEG_0092	f3	medial				Hz	requested		training	raw					SYN_GENERATOR_11042026	SYNTHETIC_TEACHING_FIXTURE
REQ_SYN_SEG_0093_vowel_duration	SYN_CH11	SYN_SEG_SPK_03	SYN_SESSION_03	SYN_SEG_0093	vowel_duration	final				ms	requested		training	raw					SYN_GENERATOR_11042026	SYNTHETIC_TEACHING_FIXTURE
REQ_SYN_SEG_0093_f1	SYN_CH11	SYN_SEG_SPK_03	SYN_SESSION_03	SYN_SEG_0093	f1	final				Hz	requested		training	raw					SYN_GENERATOR_11042026	SYNTHETIC_TEACHING_FIXTURE
REQ_SYN_SEG_0093_f2	SYN_CH11	SYN_SEG_SPK_03	SYN_SESSION_03	SYN_SEG_0093	f2	final				Hz	requested		training	raw					SYN_GENERATOR_11042026	SYNTHETIC_TEACHING_FIXTURE
REQ_SYN_SEG_0093_f3	SYN_CH11	SYN_SEG_SPK_03	SYN_SESSION_03	SYN_SEG_0093	f3	final				Hz	requested		training	raw					SYN_GENERATOR_11042026	SYNTHETIC_TEACHING_FIXTURE
REQ_SYN_SEG_0094_vowel_duration	SYN_CH11	SYN_SEG_SPK_03	SYN_SESSION_03	SYN_SEG_0094	vowel_duration	initial				ms	requested		training	raw					SYN_GENERATOR_11042026	SYNTHETIC_TEACHING_FIXTURE
REQ_SYN_SEG_0094_f1	SYN_CH11	SYN_SEG_SPK_03	SYN_SESSION_03	SYN_SEG_0094	f1	initial				Hz	requested		training	raw					SYN_GENERATOR_11042026	SYNTHETIC_TEACHING_FIXTURE
REQ_SYN_SEG_0094_f2	SYN_CH11	SYN_SEG_SPK_03	SYN_SESSION_03	SYN_SEG_0094	f2	initial				Hz	requested		training	raw					SYN_GENERATOR_11042026	SYNTHETIC_TEACHING_FIXTURE
REQ_SYN_SEG_0094_f3	SYN_CH11	SYN_SEG_SPK_03	SYN_SESSION_03	SYN_SEG_0094	f3	initial				Hz	requested		training	raw					SYN_GENERATOR_11042026	SYNTHETIC_TEACHING_FIXTURE
REQ_SYN_SEG_0095_vowel_duration	SYN_CH11	SYN_SEG_SPK_03	SYN_SESSION_03	SYN_SEG_0095	vowel_duration	medial				ms	requested		training	raw					SYN_GENERATOR_11042026	SYNTHETIC_TEACHING_FIXTURE
REQ_SYN_SEG_0095_f1	SYN_CH11	SYN_SEG_SPK_03	SYN_SESSION_03	SYN_SEG_0095	f1	medial				Hz	requested		training	raw					SYN_GENERATOR_11042026	SYNTHETIC_TEACHING_FIXTURE
REQ_SYN_SEG_0095_f2	SYN_CH11	SYN_SEG_SPK_03	SYN_SESSION_03	SYN_SEG_0095	f2	medial				Hz	requested		training	raw					SYN_GENERATOR_11042026	SYNTHETIC_TEACHING_FIXTURE
REQ_SYN_SEG_0095_f3	SYN_CH11	SYN_SEG_SPK_03	SYN_SESSION_03	SYN_SEG_0095	f3	medial				Hz	requested		training	raw					SYN_GENERATOR_11042026	SYNTHETIC_TEACHING_FIXTURE
REQ_SYN_SEG_0096_vowel_duration	SYN_CH11	SYN_SEG_SPK_03	SYN_SESSION_03	SYN_SEG_0096	vowel_duration	final				ms	requested		training	raw					SYN_GENERATOR_11042026	SYNTHETIC_TEACHING_FIXTURE
REQ_SYN_SEG_0096_f1	SYN_CH11	SYN_SEG_SPK_03	SYN_SESSION_03	SYN_SEG_0096	f1	final				Hz	requested		training	raw					SYN_GENERATOR_11042026	SYNTHETIC_TEACHING_FIXTURE
REQ_SYN_SEG_0096_f2	SYN_CH11	SYN_SEG_SPK_03	SYN_SESSION_03	SYN_SEG_0096	f2	final				Hz	requested		training	raw					SYN_GENERATOR_11042026	SYNTHETIC_TEACHING_FIXTURE
REQ_SYN_SEG_0096_f3	SYN_CH11	SYN_SEG_SPK_03	SYN_SESSION_03	SYN_SEG_0096	f3	final				Hz	requested		training	raw					SYN_GENERATOR_11042026	SYNTHETIC_TEACHING_FIXTURE
REQ_SYN_SEG_0097_fricative_duration	SYN_CH11	SYN_SEG_SPK_03	SYN_SESSION_03	SYN_SEG_0097	fricative_duration	initial				ms	requested			raw					SYN_GENERATOR_11042026	SYNTHETIC_TEACHING_FIXTURE
REQ_SYN_SEG_0097_fricative_cog	SYN_CH11	SYN_SEG_SPK_03	SYN_SESSION_03	SYN_SEG_0097	fricative_cog	initial				Hz	requested			raw					SYN_GENERATOR_11042026	SYNTHETIC_TEACHING_FIXTURE
REQ_SYN_SEG_0098_fricative_duration	SYN_CH11	SYN_SEG_SPK_03	SYN_SESSION_03	SYN_SEG_0098	fricative_duration	medial				ms	requested			raw					SYN_GENERATOR_11042026	SYNTHETIC_TEACHING_FIXTURE
REQ_SYN_SEG_0098_fricative_cog	SYN_CH11	SYN_SEG_SPK_03	SYN_SESSION_03	SYN_SEG_0098	fricative_cog	medial				Hz	requested			raw					SYN_GENERATOR_11042026	SYNTHETIC_TEACHING_FIXTURE
REQ_SYN_SEG_0099_fricative_duration	SYN_CH11	SYN_SEG_SPK_03	SYN_SESSION_03	SYN_SEG_0099	fricative_duration	final				ms	requested			raw					SYN_GENERATOR_11042026	SYNTHETIC_TEACHING_FIXTURE
REQ_SYN_SEG_0099_fricative_cog	SYN_CH11	SYN_SEG_SPK_03	SYN_SESSION_03	SYN_SEG_0099	fricative_cog	final				Hz	requested			raw					SYN_GENERATOR_11042026	SYNTHETIC_TEACHING_FIXTURE
REQ_SYN_SEG_0100_fricative_duration	SYN_CH11	SYN_SEG_SPK_03	SYN_SESSION_03	SYN_SEG_0100	fricative_duration	initial				ms	requested			raw					SYN_GENERATOR_11042026	SYNTHETIC_TEACHING_FIXTURE
REQ_SYN_SEG_0100_fricative_cog	SYN_CH11	SYN_SEG_SPK_03	SYN_SESSION_03	SYN_SEG_0100	fricative_cog	initial				Hz	requested			raw					SYN_GENERATOR_11042026	SYNTHETIC_TEACHING_FIXTURE
REQ_SYN_SEG_0101_fricative_duration	SYN_CH11	SYN_SEG_SPK_03	SYN_SESSION_03	SYN_SEG_0101	fricative_duration	medial				ms	requested			raw					SYN_GENERATOR_11042026	SYNTHETIC_TEACHING_FIXTURE
REQ_SYN_SEG_0101_fricative_cog	SYN_CH11	SYN_SEG_SPK_03	SYN_SESSION_03	SYN_SEG_0101	fricative_cog	medial				Hz	requested			raw					SYN_GENERATOR_11042026	SYNTHETIC_TEACHING_FIXTURE
REQ_SYN_SEG_0102_fricative_duration	SYN_CH11	SYN_SEG_SPK_03	SYN_SESSION_03	SYN_SEG_0102	fricative_duration	final				ms	requested			raw					SYN_GENERATOR_11042026	SYNTHETIC_TEACHING_FIXTURE
REQ_SYN_SEG_0102_fricative_cog	SYN_CH11	SYN_SEG_SPK_03	SYN_SESSION_03	SYN_SEG_0102	fricative_cog	final				Hz	requested			raw					SYN_GENERATOR_11042026	SYNTHETIC_TEACHING_FIXTURE
REQ_SYN_SEG_0103_fricative_duration	SYN_CH11	SYN_SEG_SPK_03	SYN_SESSION_03	SYN_SEG_0103	fricative_duration	initial				ms	requested			raw					SYN_GENERATOR_11042026	SYNTHETIC_TEACHING_FIXTURE
REQ_SYN_SEG_0103_fricative_cog	SYN_CH11	SYN_SEG_SPK_03	SYN_SESSION_03	SYN_SEG_0103	fricative_cog	initial				Hz	requested			raw					SYN_GENERATOR_11042026	SYNTHETIC_TEACHING_FIXTURE
REQ_SYN_SEG_0104_fricative_duration	SYN_CH11	SYN_SEG_SPK_03	SYN_SESSION_03	SYN_SEG_0104	fricative_duration	medial				ms	requested			raw					SYN_GENERATOR_11042026	SYNTHETIC_TEACHING_FIXTURE
REQ_SYN_SEG_0104_fricative_cog	SYN_CH11	SYN_SEG_SPK_03	SYN_SESSION_03	SYN_SEG_0104	fricative_cog	medial				Hz	requested			raw					SYN_GENERATOR_11042026	SYNTHETIC_TEACHING_FIXTURE
REQ_SYN_SEG_0105_fricative_duration	SYN_CH11	SYN_SEG_SPK_03	SYN_SESSION_03	SYN_SEG_0105	fricative_duration	final				ms	requested			raw					SYN_GENERATOR_11042026	SYNTHETIC_TEACHING_FIXTURE
REQ_SYN_SEG_0105_fricative_cog	SYN_CH11	SYN_SEG_SPK_03	SYN_SESSION_03	SYN_SEG_0105	fricative_cog	final				Hz	requested			raw					SYN_GENERATOR_11042026	SYNTHETIC_TEACHING_FIXTURE
REQ_SYN_SEG_0106_fricative_duration	SYN_CH11	SYN_SEG_SPK_03	SYN_SESSION_03	SYN_SEG_0106	fricative_duration	initial				ms	requested			raw					SYN_GENERATOR_11042026	SYNTHETIC_TEACHING_FIXTURE
REQ_SYN_SEG_0106_fricative_cog	SYN_CH11	SYN_SEG_SPK_03	SYN_SESSION_03	SYN_SEG_0106	fricative_cog	initial				Hz	requested			raw					SYN_GENERATOR_11042026	SYNTHETIC_TEACHING_FIXTURE
REQ_SYN_SEG_0107_fricative_duration	SYN_CH11	SYN_SEG_SPK_03	SYN_SESSION_03	SYN_SEG_0107	fricative_duration	medial				ms	requested			raw					SYN_GENERATOR_11042026	SYNTHETIC_TEACHING_FIXTURE
REQ_SYN_SEG_0107_fricative_cog	SYN_CH11	SYN_SEG_SPK_03	SYN_SESSION_03	SYN_SEG_0107	fricative_cog	medial				Hz	requested			raw					SYN_GENERATOR_11042026	SYNTHETIC_TEACHING_FIXTURE
REQ_SYN_SEG_0108_fricative_duration	SYN_CH11	SYN_SEG_SPK_03	SYN_SESSION_03	SYN_SEG_0108	fricative_duration	final				ms	requested			raw					SYN_GENERATOR_11042026	SYNTHETIC_TEACHING_FIXTURE
REQ_SYN_SEG_0108_fricative_cog	SYN_CH11	SYN_SEG_SPK_03	SYN_SESSION_03	SYN_SEG_0108	fricative_cog	final				Hz	requested			raw					SYN_GENERATOR_11042026	SYNTHETIC_TEACHING_FIXTURE
REQ_SYN_SEG_0109_vot	SYN_CH11	SYN_SEG_SPK_04	SYN_SESSION_04	SYN_SEG_0109	vot	initial				ms	requested			raw					SYN_GENERATOR_11042026	SYNTHETIC_TEACHING_FIXTURE
REQ_SYN_SEG_0109_closure_duration	SYN_CH11	SYN_SEG_SPK_04	SYN_SESSION_04	SYN_SEG_0109	closure_duration	initial				ms	requested			raw					SYN_GENERATOR_11042026	SYNTHETIC_TEACHING_FIXTURE
REQ_SYN_SEG_0109_vowel_onset_f0	SYN_CH11	SYN_SEG_SPK_04	SYN_SESSION_04	SYN_SEG_0109	vowel_onset_f0	initial				Hz	requested			raw					SYN_GENERATOR_11042026	SYNTHETIC_TEACHING_FIXTURE
REQ_SYN_SEG_0110_vot	SYN_CH11	SYN_SEG_SPK_04	SYN_SESSION_04	SYN_SEG_0110	vot	medial				ms	requested			raw					SYN_GENERATOR_11042026	SYNTHETIC_TEACHING_FIXTURE
REQ_SYN_SEG_0110_closure_duration	SYN_CH11	SYN_SEG_SPK_04	SYN_SESSION_04	SYN_SEG_0110	closure_duration	medial				ms	requested			raw					SYN_GENERATOR_11042026	SYNTHETIC_TEACHING_FIXTURE
REQ_SYN_SEG_0110_vowel_onset_f0	SYN_CH11	SYN_SEG_SPK_04	SYN_SESSION_04	SYN_SEG_0110	vowel_onset_f0	medial				Hz	requested			raw					SYN_GENERATOR_11042026	SYNTHETIC_TEACHING_FIXTURE
REQ_SYN_SEG_0111_vot	SYN_CH11	SYN_SEG_SPK_04	SYN_SESSION_04	SYN_SEG_0111	vot	final				ms	requested			raw					SYN_GENERATOR_11042026	SYNTHETIC_TEACHING_FIXTURE
REQ_SYN_SEG_0111_closure_duration	SYN_CH11	SYN_SEG_SPK_04	SYN_SESSION_04	SYN_SEG_0111	closure_duration	final				ms	requested			raw					SYN_GENERATOR_11042026	SYNTHETIC_TEACHING_FIXTURE
REQ_SYN_SEG_0111_vowel_onset_f0	SYN_CH11	SYN_SEG_SPK_04	SYN_SESSION_04	SYN_SEG_0111	vowel_onset_f0	final				Hz	requested			raw					SYN_GENERATOR_11042026	SYNTHETIC_TEACHING_FIXTURE
REQ_SYN_SEG_0112_vot	SYN_CH11	SYN_SEG_SPK_04	SYN_SESSION_04	SYN_SEG_0112	vot	initial				ms	requested			raw					SYN_GENERATOR_11042026	SYNTHETIC_TEACHING_FIXTURE
REQ_SYN_SEG_0112_closure_duration	SYN_CH11	SYN_SEG_SPK_04	SYN_SESSION_04	SYN_SEG_0112	closure_duration	initial				ms	requested			raw					SYN_GENERATOR_11042026	SYNTHETIC_TEACHING_FIXTURE
REQ_SYN_SEG_0112_vowel_onset_f0	SYN_CH11	SYN_SEG_SPK_04	SYN_SESSION_04	SYN_SEG_0112	vowel_onset_f0	initial				Hz	requested			raw					SYN_GENERATOR_11042026	SYNTHETIC_TEACHING_FIXTURE
REQ_SYN_SEG_0113_vot	SYN_CH11	SYN_SEG_SPK_04	SYN_SESSION_04	SYN_SEG_0113	vot	medial				ms	requested			raw					SYN_GENERATOR_11042026	SYNTHETIC_TEACHING_FIXTURE
REQ_SYN_SEG_0113_closure_duration	SYN_CH11	SYN_SEG_SPK_04	SYN_SESSION_04	SYN_SEG_0113	closure_duration	medial				ms	requested			raw					SYN_GENERATOR_11042026	SYNTHETIC_TEACHING_FIXTURE
REQ_SYN_SEG_0113_vowel_onset_f0	SYN_CH11	SYN_SEG_SPK_04	SYN_SESSION_04	SYN_SEG_0113	vowel_onset_f0	medial				Hz	requested			raw					SYN_GENERATOR_11042026	SYNTHETIC_TEACHING_FIXTURE
REQ_SYN_SEG_0114_vot	SYN_CH11	SYN_SEG_SPK_04	SYN_SESSION_04	SYN_SEG_0114	vot	final				ms	requested			raw					SYN_GENERATOR_11042026	SYNTHETIC_TEACHING_FIXTURE
REQ_SYN_SEG_0114_closure_duration	SYN_CH11	SYN_SEG_SPK_04	SYN_SESSION_04	SYN_SEG_0114	closure_duration	final				ms	requested			raw					SYN_GENERATOR_11042026	SYNTHETIC_TEACHING_FIXTURE
REQ_SYN_SEG_0114_vowel_onset_f0	SYN_CH11	SYN_SEG_SPK_04	SYN_SESSION_04	SYN_SEG_0114	vowel_onset_f0	final				Hz	requested			raw					SYN_GENERATOR_11042026	SYNTHETIC_TEACHING_FIXTURE
REQ_SYN_SEG_0115_vot	SYN_CH11	SYN_SEG_SPK_04	SYN_SESSION_04	SYN_SEG_0115	vot	initial				ms	requested			raw					SYN_GENERATOR_11042026	SYNTHETIC_TEACHING_FIXTURE
REQ_SYN_SEG_0115_closure_duration	SYN_CH11	SYN_SEG_SPK_04	SYN_SESSION_04	SYN_SEG_0115	closure_duration	initial				ms	requested			raw					SYN_GENERATOR_11042026	SYNTHETIC_TEACHING_FIXTURE
REQ_SYN_SEG_0115_vowel_onset_f0	SYN_CH11	SYN_SEG_SPK_04	SYN_SESSION_04	SYN_SEG_0115	vowel_onset_f0	initial				Hz	requested			raw					SYN_GENERATOR_11042026	SYNTHETIC_TEACHING_FIXTURE
REQ_SYN_SEG_0116_vot	SYN_CH11	SYN_SEG_SPK_04	SYN_SESSION_04	SYN_SEG_0116	vot	medial				ms	requested			raw					SYN_GENERATOR_11042026	SYNTHETIC_TEACHING_FIXTURE
REQ_SYN_SEG_0116_closure_duration	SYN_CH11	SYN_SEG_SPK_04	SYN_SESSION_04	SYN_SEG_0116	closure_duration	medial				ms	requested			raw					SYN_GENERATOR_11042026	SYNTHETIC_TEACHING_FIXTURE
REQ_SYN_SEG_0116_vowel_onset_f0	SYN_CH11	SYN_SEG_SPK_04	SYN_SESSION_04	SYN_SEG_0116	vowel_onset_f0	medial				Hz	requested			raw					SYN_GENERATOR_11042026	SYNTHETIC_TEACHING_FIXTURE
REQ_SYN_SEG_0117_vot	SYN_CH11	SYN_SEG_SPK_04	SYN_SESSION_04	SYN_SEG_0117	vot	final				ms	requested			raw					SYN_GENERATOR_11042026	SYNTHETIC_TEACHING_FIXTURE
REQ_SYN_SEG_0117_closure_duration	SYN_CH11	SYN_SEG_SPK_04	SYN_SESSION_04	SYN_SEG_0117	closure_duration	final				ms	requested			raw					SYN_GENERATOR_11042026	SYNTHETIC_TEACHING_FIXTURE
REQ_SYN_SEG_0117_vowel_onset_f0	SYN_CH11	SYN_SEG_SPK_04	SYN_SESSION_04	SYN_SEG_0117	vowel_onset_f0	final				Hz	requested			raw					SYN_GENERATOR_11042026	SYNTHETIC_TEACHING_FIXTURE
REQ_SYN_SEG_0118_vot	SYN_CH11	SYN_SEG_SPK_04	SYN_SESSION_04	SYN_SEG_0118	vot	initial				ms	requested			raw					SYN_GENERATOR_11042026	SYNTHETIC_TEACHING_FIXTURE
REQ_SYN_SEG_0118_closure_duration	SYN_CH11	SYN_SEG_SPK_04	SYN_SESSION_04	SYN_SEG_0118	closure_duration	initial				ms	requested			raw					SYN_GENERATOR_11042026	SYNTHETIC_TEACHING_FIXTURE
REQ_SYN_SEG_0118_vowel_onset_f0	SYN_CH11	SYN_SEG_SPK_04	SYN_SESSION_04	SYN_SEG_0118	vowel_onset_f0	initial				Hz	requested			raw					SYN_GENERATOR_11042026	SYNTHETIC_TEACHING_FIXTURE
REQ_SYN_SEG_0119_vot	SYN_CH11	SYN_SEG_SPK_04	SYN_SESSION_04	SYN_SEG_0119	vot	medial				ms	requested			raw					SYN_GENERATOR_11042026	SYNTHETIC_TEACHING_FIXTURE
REQ_SYN_SEG_0119_closure_duration	SYN_CH11	SYN_SEG_SPK_04	SYN_SESSION_04	SYN_SEG_0119	closure_duration	medial				ms	requested			raw					SYN_GENERATOR_11042026	SYNTHETIC_TEACHING_FIXTURE
REQ_SYN_SEG_0119_vowel_onset_f0	SYN_CH11	SYN_SEG_SPK_04	SYN_SESSION_04	SYN_SEG_0119	vowel_onset_f0	medial				Hz	requested			raw					SYN_GENERATOR_11042026	SYNTHETIC_TEACHING_FIXTURE
REQ_SYN_SEG_0120_vot	SYN_CH11	SYN_SEG_SPK_04	SYN_SESSION_04	SYN_SEG_0120	vot	final				ms	requested			raw					SYN_GENERATOR_11042026	SYNTHETIC_TEACHING_FIXTURE
REQ_SYN_SEG_0120_closure_duration	SYN_CH11	SYN_SEG_SPK_04	SYN_SESSION_04	SYN_SEG_0120	closure_duration	final				ms	requested			raw					SYN_GENERATOR_11042026	SYNTHETIC_TEACHING_FIXTURE
REQ_SYN_SEG_0120_vowel_onset_f0	SYN_CH11	SYN_SEG_SPK_04	SYN_SESSION_04	SYN_SEG_0120	vowel_onset_f0	final				Hz	requested			raw					SYN_GENERATOR_11042026	SYNTHETIC_TEACHING_FIXTURE
REQ_SYN_SEG_0121_vowel_duration	SYN_CH11	SYN_SEG_SPK_04	SYN_SESSION_04	SYN_SEG_0121	vowel_duration	initial				ms	requested		training	raw					SYN_GENERATOR_11042026	SYNTHETIC_TEACHING_FIXTURE
REQ_SYN_SEG_0121_f1	SYN_CH11	SYN_SEG_SPK_04	SYN_SESSION_04	SYN_SEG_0121	f1	initial				Hz	requested		training	raw					SYN_GENERATOR_11042026	SYNTHETIC_TEACHING_FIXTURE
REQ_SYN_SEG_0121_f2	SYN_CH11	SYN_SEG_SPK_04	SYN_SESSION_04	SYN_SEG_0121	f2	initial				Hz	requested		training	raw					SYN_GENERATOR_11042026	SYNTHETIC_TEACHING_FIXTURE
REQ_SYN_SEG_0121_f3	SYN_CH11	SYN_SEG_SPK_04	SYN_SESSION_04	SYN_SEG_0121	f3	initial				Hz	requested		training	raw					SYN_GENERATOR_11042026	SYNTHETIC_TEACHING_FIXTURE
REQ_SYN_SEG_0122_vowel_duration	SYN_CH11	SYN_SEG_SPK_04	SYN_SESSION_04	SYN_SEG_0122	vowel_duration	medial				ms	requested		training	raw					SYN_GENERATOR_11042026	SYNTHETIC_TEACHING_FIXTURE
REQ_SYN_SEG_0122_f1	SYN_CH11	SYN_SEG_SPK_04	SYN_SESSION_04	SYN_SEG_0122	f1	medial				Hz	requested		training	raw					SYN_GENERATOR_11042026	SYNTHETIC_TEACHING_FIXTURE
REQ_SYN_SEG_0122_f2	SYN_CH11	SYN_SEG_SPK_04	SYN_SESSION_04	SYN_SEG_0122	f2	medial				Hz	requested		training	raw					SYN_GENERATOR_11042026	SYNTHETIC_TEACHING_FIXTURE
REQ_SYN_SEG_0122_f3	SYN_CH11	SYN_SEG_SPK_04	SYN_SESSION_04	SYN_SEG_0122	f3	medial				Hz	requested		training	raw					SYN_GENERATOR_11042026	SYNTHETIC_TEACHING_FIXTURE
REQ_SYN_SEG_0123_vowel_duration	SYN_CH11	SYN_SEG_SPK_04	SYN_SESSION_04	SYN_SEG_0123	vowel_duration	final				ms	requested		training	raw					SYN_GENERATOR_11042026	SYNTHETIC_TEACHING_FIXTURE
REQ_SYN_SEG_0123_f1	SYN_CH11	SYN_SEG_SPK_04	SYN_SESSION_04	SYN_SEG_0123	f1	final				Hz	requested		training	raw					SYN_GENERATOR_11042026	SYNTHETIC_TEACHING_FIXTURE
REQ_SYN_SEG_0123_f2	SYN_CH11	SYN_SEG_SPK_04	SYN_SESSION_04	SYN_SEG_0123	f2	final				Hz	requested		training	raw					SYN_GENERATOR_11042026	SYNTHETIC_TEACHING_FIXTURE
REQ_SYN_SEG_0123_f3	SYN_CH11	SYN_SEG_SPK_04	SYN_SESSION_04	SYN_SEG_0123	f3	final				Hz	requested		training	raw					SYN_GENERATOR_11042026	SYNTHETIC_TEACHING_FIXTURE
REQ_SYN_SEG_0124_vowel_duration	SYN_CH11	SYN_SEG_SPK_04	SYN_SESSION_04	SYN_SEG_0124	vowel_duration	initial				ms	requested		training	raw					SYN_GENERATOR_11042026	SYNTHETIC_TEACHING_FIXTURE
REQ_SYN_SEG_0124_f1	SYN_CH11	SYN_SEG_SPK_04	SYN_SESSION_04	SYN_SEG_0124	f1	initial				Hz	requested		training	raw					SYN_GENERATOR_11042026	SYNTHETIC_TEACHING_FIXTURE
REQ_SYN_SEG_0124_f2	SYN_CH11	SYN_SEG_SPK_04	SYN_SESSION_04	SYN_SEG_0124	f2	initial				Hz	requested		training	raw					SYN_GENERATOR_11042026	SYNTHETIC_TEACHING_FIXTURE
REQ_SYN_SEG_0124_f3	SYN_CH11	SYN_SEG_SPK_04	SYN_SESSION_04	SYN_SEG_0124	f3	initial				Hz	requested		training	raw					SYN_GENERATOR_11042026	SYNTHETIC_TEACHING_FIXTURE
REQ_SYN_SEG_0125_vowel_duration	SYN_CH11	SYN_SEG_SPK_04	SYN_SESSION_04	SYN_SEG_0125	vowel_duration	medial				ms	requested		training	raw					SYN_GENERATOR_11042026	SYNTHETIC_TEACHING_FIXTURE
REQ_SYN_SEG_0125_f1	SYN_CH11	SYN_SEG_SPK_04	SYN_SESSION_04	SYN_SEG_0125	f1	medial				Hz	requested		training	raw					SYN_GENERATOR_11042026	SYNTHETIC_TEACHING_FIXTURE
REQ_SYN_SEG_0125_f2	SYN_CH11	SYN_SEG_SPK_04	SYN_SESSION_04	SYN_SEG_0125	f2	medial				Hz	requested		training	raw					SYN_GENERATOR_11042026	SYNTHETIC_TEACHING_FIXTURE
REQ_SYN_SEG_0125_f3	SYN_CH11	SYN_SEG_SPK_04	SYN_SESSION_04	SYN_SEG_0125	f3	medial				Hz	requested		training	raw					SYN_GENERATOR_11042026	SYNTHETIC_TEACHING_FIXTURE
REQ_SYN_SEG_0126_vowel_duration	SYN_CH11	SYN_SEG_SPK_04	SYN_SESSION_04	SYN_SEG_0126	vowel_duration	final				ms	requested		training	raw					SYN_GENERATOR_11042026	SYNTHETIC_TEACHING_FIXTURE
REQ_SYN_SEG_0126_f1	SYN_CH11	SYN_SEG_SPK_04	SYN_SESSION_04	SYN_SEG_0126	f1	final				Hz	requested		training	raw					SYN_GENERATOR_11042026	SYNTHETIC_TEACHING_FIXTURE
REQ_SYN_SEG_0126_f2	SYN_CH11	SYN_SEG_SPK_04	SYN_SESSION_04	SYN_SEG_0126	f2	final				Hz	requested		training	raw					SYN_GENERATOR_11042026	SYNTHETIC_TEACHING_FIXTURE
REQ_SYN_SEG_0126_f3	SYN_CH11	SYN_SEG_SPK_04	SYN_SESSION_04	SYN_SEG_0126	f3	final				Hz	requested		training	raw					SYN_GENERATOR_11042026	SYNTHETIC_TEACHING_FIXTURE
REQ_SYN_SEG_0127_vowel_duration	SYN_CH11	SYN_SEG_SPK_04	SYN_SESSION_04	SYN_SEG_0127	vowel_duration	initial				ms	requested		training	raw					SYN_GENERATOR_11042026	SYNTHETIC_TEACHING_FIXTURE
REQ_SYN_SEG_0127_f1	SYN_CH11	SYN_SEG_SPK_04	SYN_SESSION_04	SYN_SEG_0127	f1	initial				Hz	requested		training	raw					SYN_GENERATOR_11042026	SYNTHETIC_TEACHING_FIXTURE
REQ_SYN_SEG_0127_f2	SYN_CH11	SYN_SEG_SPK_04	SYN_SESSION_04	SYN_SEG_0127	f2	initial				Hz	requested		training	raw					SYN_GENERATOR_11042026	SYNTHETIC_TEACHING_FIXTURE
REQ_SYN_SEG_0127_f3	SYN_CH11	SYN_SEG_SPK_04	SYN_SESSION_04	SYN_SEG_0127	f3	initial				Hz	requested		training	raw					SYN_GENERATOR_11042026	SYNTHETIC_TEACHING_FIXTURE
REQ_SYN_SEG_0128_vowel_duration	SYN_CH11	SYN_SEG_SPK_04	SYN_SESSION_04	SYN_SEG_0128	vowel_duration	medial				ms	requested		training	raw					SYN_GENERATOR_11042026	SYNTHETIC_TEACHING_FIXTURE
REQ_SYN_SEG_0128_f1	SYN_CH11	SYN_SEG_SPK_04	SYN_SESSION_04	SYN_SEG_0128	f1	medial				Hz	requested		training	raw					SYN_GENERATOR_11042026	SYNTHETIC_TEACHING_FIXTURE
REQ_SYN_SEG_0128_f2	SYN_CH11	SYN_SEG_SPK_04	SYN_SESSION_04	SYN_SEG_0128	f2	medial				Hz	requested		training	raw					SYN_GENERATOR_11042026	SYNTHETIC_TEACHING_FIXTURE
REQ_SYN_SEG_0128_f3	SYN_CH11	SYN_SEG_SPK_04	SYN_SESSION_04	SYN_SEG_0128	f3	medial				Hz	requested		training	raw					SYN_GENERATOR_11042026	SYNTHETIC_TEACHING_FIXTURE
REQ_SYN_SEG_0129_vowel_duration	SYN_CH11	SYN_SEG_SPK_04	SYN_SESSION_04	SYN_SEG_0129	vowel_duration	final				ms	requested		training	raw					SYN_GENERATOR_11042026	SYNTHETIC_TEACHING_FIXTURE
REQ_SYN_SEG_0129_f1	SYN_CH11	SYN_SEG_SPK_04	SYN_SESSION_04	SYN_SEG_0129	f1	final				Hz	requested		training	raw					SYN_GENERATOR_11042026	SYNTHETIC_TEACHING_FIXTURE
REQ_SYN_SEG_0129_f2	SYN_CH11	SYN_SEG_SPK_04	SYN_SESSION_04	SYN_SEG_0129	f2	final				Hz	requested		training	raw					SYN_GENERATOR_11042026	SYNTHETIC_TEACHING_FIXTURE
REQ_SYN_SEG_0129_f3	SYN_CH11	SYN_SEG_SPK_04	SYN_SESSION_04	SYN_SEG_0129	f3	final				Hz	requested		training	raw					SYN_GENERATOR_11042026	SYNTHETIC_TEACHING_FIXTURE
REQ_SYN_SEG_0130_vowel_duration	SYN_CH11	SYN_SEG_SPK_04	SYN_SESSION_04	SYN_SEG_0130	vowel_duration	initial				ms	requested		training	raw					SYN_GENERATOR_11042026	SYNTHETIC_TEACHING_FIXTURE
REQ_SYN_SEG_0130_f1	SYN_CH11	SYN_SEG_SPK_04	SYN_SESSION_04	SYN_SEG_0130	f1	initial				Hz	requested		training	raw					SYN_GENERATOR_11042026	SYNTHETIC_TEACHING_FIXTURE
REQ_SYN_SEG_0130_f2	SYN_CH11	SYN_SEG_SPK_04	SYN_SESSION_04	SYN_SEG_0130	f2	initial				Hz	requested		training	raw					SYN_GENERATOR_11042026	SYNTHETIC_TEACHING_FIXTURE
REQ_SYN_SEG_0130_f3	SYN_CH11	SYN_SEG_SPK_04	SYN_SESSION_04	SYN_SEG_0130	f3	initial				Hz	requested		training	raw					SYN_GENERATOR_11042026	SYNTHETIC_TEACHING_FIXTURE
REQ_SYN_SEG_0131_vowel_duration	SYN_CH11	SYN_SEG_SPK_04	SYN_SESSION_04	SYN_SEG_0131	vowel_duration	medial				ms	requested		training	raw					SYN_GENERATOR_11042026	SYNTHETIC_TEACHING_FIXTURE
REQ_SYN_SEG_0131_f1	SYN_CH11	SYN_SEG_SPK_04	SYN_SESSION_04	SYN_SEG_0131	f1	medial				Hz	requested		training	raw					SYN_GENERATOR_11042026	SYNTHETIC_TEACHING_FIXTURE
REQ_SYN_SEG_0131_f2	SYN_CH11	SYN_SEG_SPK_04	SYN_SESSION_04	SYN_SEG_0131	f2	medial				Hz	requested		training	raw					SYN_GENERATOR_11042026	SYNTHETIC_TEACHING_FIXTURE
REQ_SYN_SEG_0131_f3	SYN_CH11	SYN_SEG_SPK_04	SYN_SESSION_04	SYN_SEG_0131	f3	medial				Hz	requested		training	raw					SYN_GENERATOR_11042026	SYNTHETIC_TEACHING_FIXTURE
REQ_SYN_SEG_0132_vowel_duration	SYN_CH11	SYN_SEG_SPK_04	SYN_SESSION_04	SYN_SEG_0132	vowel_duration	final				ms	requested		training	raw					SYN_GENERATOR_11042026	SYNTHETIC_TEACHING_FIXTURE
REQ_SYN_SEG_0132_f1	SYN_CH11	SYN_SEG_SPK_04	SYN_SESSION_04	SYN_SEG_0132	f1	final				Hz	requested		training	raw					SYN_GENERATOR_11042026	SYNTHETIC_TEACHING_FIXTURE
REQ_SYN_SEG_0132_f2	SYN_CH11	SYN_SEG_SPK_04	SYN_SESSION_04	SYN_SEG_0132	f2	final				Hz	requested		training	raw					SYN_GENERATOR_11042026	SYNTHETIC_TEACHING_FIXTURE
REQ_SYN_SEG_0132_f3	SYN_CH11	SYN_SEG_SPK_04	SYN_SESSION_04	SYN_SEG_0132	f3	final				Hz	requested		training	raw					SYN_GENERATOR_11042026	SYNTHETIC_TEACHING_FIXTURE
REQ_SYN_SEG_0133_fricative_duration	SYN_CH11	SYN_SEG_SPK_04	SYN_SESSION_04	SYN_SEG_0133	fricative_duration	initial				ms	requested			raw					SYN_GENERATOR_11042026	SYNTHETIC_TEACHING_FIXTURE
REQ_SYN_SEG_0133_fricative_cog	SYN_CH11	SYN_SEG_SPK_04	SYN_SESSION_04	SYN_SEG_0133	fricative_cog	initial				Hz	requested			raw					SYN_GENERATOR_11042026	SYNTHETIC_TEACHING_FIXTURE
REQ_SYN_SEG_0134_fricative_duration	SYN_CH11	SYN_SEG_SPK_04	SYN_SESSION_04	SYN_SEG_0134	fricative_duration	medial				ms	requested			raw					SYN_GENERATOR_11042026	SYNTHETIC_TEACHING_FIXTURE
REQ_SYN_SEG_0134_fricative_cog	SYN_CH11	SYN_SEG_SPK_04	SYN_SESSION_04	SYN_SEG_0134	fricative_cog	medial				Hz	requested			raw					SYN_GENERATOR_11042026	SYNTHETIC_TEACHING_FIXTURE
REQ_SYN_SEG_0135_fricative_duration	SYN_CH11	SYN_SEG_SPK_04	SYN_SESSION_04	SYN_SEG_0135	fricative_duration	final				ms	requested			raw					SYN_GENERATOR_11042026	SYNTHETIC_TEACHING_FIXTURE
REQ_SYN_SEG_0135_fricative_cog	SYN_CH11	SYN_SEG_SPK_04	SYN_SESSION_04	SYN_SEG_0135	fricative_cog	final				Hz	requested			raw					SYN_GENERATOR_11042026	SYNTHETIC_TEACHING_FIXTURE
REQ_SYN_SEG_0136_fricative_duration	SYN_CH11	SYN_SEG_SPK_04	SYN_SESSION_04	SYN_SEG_0136	fricative_duration	initial				ms	requested			raw					SYN_GENERATOR_11042026	SYNTHETIC_TEACHING_FIXTURE
REQ_SYN_SEG_0136_fricative_cog	SYN_CH11	SYN_SEG_SPK_04	SYN_SESSION_04	SYN_SEG_0136	fricative_cog	initial				Hz	requested			raw					SYN_GENERATOR_11042026	SYNTHETIC_TEACHING_FIXTURE
REQ_SYN_SEG_0137_fricative_duration	SYN_CH11	SYN_SEG_SPK_04	SYN_SESSION_04	SYN_SEG_0137	fricative_duration	medial				ms	requested			raw					SYN_GENERATOR_11042026	SYNTHETIC_TEACHING_FIXTURE
REQ_SYN_SEG_0137_fricative_cog	SYN_CH11	SYN_SEG_SPK_04	SYN_SESSION_04	SYN_SEG_0137	fricative_cog	medial				Hz	requested			raw					SYN_GENERATOR_11042026	SYNTHETIC_TEACHING_FIXTURE
REQ_SYN_SEG_0138_fricative_duration	SYN_CH11	SYN_SEG_SPK_04	SYN_SESSION_04	SYN_SEG_0138	fricative_duration	final				ms	requested			raw					SYN_GENERATOR_11042026	SYNTHETIC_TEACHING_FIXTURE
REQ_SYN_SEG_0138_fricative_cog	SYN_CH11	SYN_SEG_SPK_04	SYN_SESSION_04	SYN_SEG_0138	fricative_cog	final				Hz	requested			raw					SYN_GENERATOR_11042026	SYNTHETIC_TEACHING_FIXTURE
REQ_SYN_SEG_0139_fricative_duration	SYN_CH11	SYN_SEG_SPK_04	SYN_SESSION_04	SYN_SEG_0139	fricative_duration	initial				ms	requested			raw					SYN_GENERATOR_11042026	SYNTHETIC_TEACHING_FIXTURE
REQ_SYN_SEG_0139_fricative_cog	SYN_CH11	SYN_SEG_SPK_04	SYN_SESSION_04	SYN_SEG_0139	fricative_cog	initial				Hz	requested			raw					SYN_GENERATOR_11042026	SYNTHETIC_TEACHING_FIXTURE
REQ_SYN_SEG_0140_fricative_duration	SYN_CH11	SYN_SEG_SPK_04	SYN_SESSION_04	SYN_SEG_0140	fricative_duration	medial				ms	requested			raw					SYN_GENERATOR_11042026	SYNTHETIC_TEACHING_FIXTURE
REQ_SYN_SEG_0140_fricative_cog	SYN_CH11	SYN_SEG_SPK_04	SYN_SESSION_04	SYN_SEG_0140	fricative_cog	medial				Hz	requested			raw					SYN_GENERATOR_11042026	SYNTHETIC_TEACHING_FIXTURE
REQ_SYN_SEG_0141_fricative_duration	SYN_CH11	SYN_SEG_SPK_04	SYN_SESSION_04	SYN_SEG_0141	fricative_duration	final				ms	requested			raw					SYN_GENERATOR_11042026	SYNTHETIC_TEACHING_FIXTURE
REQ_SYN_SEG_0141_fricative_cog	SYN_CH11	SYN_SEG_SPK_04	SYN_SESSION_04	SYN_SEG_0141	fricative_cog	final				Hz	requested			raw					SYN_GENERATOR_11042026	SYNTHETIC_TEACHING_FIXTURE
REQ_SYN_SEG_0142_fricative_duration	SYN_CH11	SYN_SEG_SPK_04	SYN_SESSION_04	SYN_SEG_0142	fricative_duration	initial				ms	requested			raw					SYN_GENERATOR_11042026	SYNTHETIC_TEACHING_FIXTURE
REQ_SYN_SEG_0142_fricative_cog	SYN_CH11	SYN_SEG_SPK_04	SYN_SESSION_04	SYN_SEG_0142	fricative_cog	initial				Hz	requested			raw					SYN_GENERATOR_11042026	SYNTHETIC_TEACHING_FIXTURE
REQ_SYN_SEG_0143_fricative_duration	SYN_CH11	SYN_SEG_SPK_04	SYN_SESSION_04	SYN_SEG_0143	fricative_duration	medial				ms	requested			raw					SYN_GENERATOR_11042026	SYNTHETIC_TEACHING_FIXTURE
REQ_SYN_SEG_0143_fricative_cog	SYN_CH11	SYN_SEG_SPK_04	SYN_SESSION_04	SYN_SEG_0143	fricative_cog	medial				Hz	requested			raw					SYN_GENERATOR_11042026	SYNTHETIC_TEACHING_FIXTURE
REQ_SYN_SEG_0144_fricative_duration	SYN_CH11	SYN_SEG_SPK_04	SYN_SESSION_04	SYN_SEG_0144	fricative_duration	final				ms	requested			raw					SYN_GENERATOR_11042026	SYNTHETIC_TEACHING_FIXTURE
REQ_SYN_SEG_0144_fricative_cog	SYN_CH11	SYN_SEG_SPK_04	SYN_SESSION_04	SYN_SEG_0144	fricative_cog	final				Hz	requested			raw					SYN_GENERATOR_11042026	SYNTHETIC_TEACHING_FIXTURE
REQ_SYN_SEG_0145_vot	SYN_CH11	SYN_SEG_SPK_05	SYN_SESSION_05	SYN_SEG_0145	vot	initial				ms	requested			raw					SYN_GENERATOR_11042026	SYNTHETIC_TEACHING_FIXTURE
REQ_SYN_SEG_0145_closure_duration	SYN_CH11	SYN_SEG_SPK_05	SYN_SESSION_05	SYN_SEG_0145	closure_duration	initial				ms	requested			raw					SYN_GENERATOR_11042026	SYNTHETIC_TEACHING_FIXTURE
REQ_SYN_SEG_0145_vowel_onset_f0	SYN_CH11	SYN_SEG_SPK_05	SYN_SESSION_05	SYN_SEG_0145	vowel_onset_f0	initial				Hz	requested			raw					SYN_GENERATOR_11042026	SYNTHETIC_TEACHING_FIXTURE
REQ_SYN_SEG_0146_vot	SYN_CH11	SYN_SEG_SPK_05	SYN_SESSION_05	SYN_SEG_0146	vot	medial				ms	requested			raw					SYN_GENERATOR_11042026	SYNTHETIC_TEACHING_FIXTURE
REQ_SYN_SEG_0146_closure_duration	SYN_CH11	SYN_SEG_SPK_05	SYN_SESSION_05	SYN_SEG_0146	closure_duration	medial				ms	requested			raw					SYN_GENERATOR_11042026	SYNTHETIC_TEACHING_FIXTURE
REQ_SYN_SEG_0146_vowel_onset_f0	SYN_CH11	SYN_SEG_SPK_05	SYN_SESSION_05	SYN_SEG_0146	vowel_onset_f0	medial				Hz	requested			raw					SYN_GENERATOR_11042026	SYNTHETIC_TEACHING_FIXTURE
REQ_SYN_SEG_0147_vot	SYN_CH11	SYN_SEG_SPK_05	SYN_SESSION_05	SYN_SEG_0147	vot	final				ms	requested			raw					SYN_GENERATOR_11042026	SYNTHETIC_TEACHING_FIXTURE
REQ_SYN_SEG_0147_closure_duration	SYN_CH11	SYN_SEG_SPK_05	SYN_SESSION_05	SYN_SEG_0147	closure_duration	final				ms	requested			raw					SYN_GENERATOR_11042026	SYNTHETIC_TEACHING_FIXTURE
REQ_SYN_SEG_0147_vowel_onset_f0	SYN_CH11	SYN_SEG_SPK_05	SYN_SESSION_05	SYN_SEG_0147	vowel_onset_f0	final				Hz	requested			raw					SYN_GENERATOR_11042026	SYNTHETIC_TEACHING_FIXTURE
REQ_SYN_SEG_0148_vot	SYN_CH11	SYN_SEG_SPK_05	SYN_SESSION_05	SYN_SEG_0148	vot	initial				ms	requested			raw					SYN_GENERATOR_11042026	SYNTHETIC_TEACHING_FIXTURE
REQ_SYN_SEG_0148_closure_duration	SYN_CH11	SYN_SEG_SPK_05	SYN_SESSION_05	SYN_SEG_0148	closure_duration	initial				ms	requested			raw					SYN_GENERATOR_11042026	SYNTHETIC_TEACHING_FIXTURE
REQ_SYN_SEG_0148_vowel_onset_f0	SYN_CH11	SYN_SEG_SPK_05	SYN_SESSION_05	SYN_SEG_0148	vowel_onset_f0	initial				Hz	requested			raw					SYN_GENERATOR_11042026	SYNTHETIC_TEACHING_FIXTURE
REQ_SYN_SEG_0149_vot	SYN_CH11	SYN_SEG_SPK_05	SYN_SESSION_05	SYN_SEG_0149	vot	medial				ms	requested			raw					SYN_GENERATOR_11042026	SYNTHETIC_TEACHING_FIXTURE
REQ_SYN_SEG_0149_closure_duration	SYN_CH11	SYN_SEG_SPK_05	SYN_SESSION_05	SYN_SEG_0149	closure_duration	medial				ms	requested			raw					SYN_GENERATOR_11042026	SYNTHETIC_TEACHING_FIXTURE
REQ_SYN_SEG_0149_vowel_onset_f0	SYN_CH11	SYN_SEG_SPK_05	SYN_SESSION_05	SYN_SEG_0149	vowel_onset_f0	medial				Hz	requested			raw					SYN_GENERATOR_11042026	SYNTHETIC_TEACHING_FIXTURE
REQ_SYN_SEG_0150_vot	SYN_CH11	SYN_SEG_SPK_05	SYN_SESSION_05	SYN_SEG_0150	vot	final				ms	requested			raw					SYN_GENERATOR_11042026	SYNTHETIC_TEACHING_FIXTURE
REQ_SYN_SEG_0150_closure_duration	SYN_CH11	SYN_SEG_SPK_05	SYN_SESSION_05	SYN_SEG_0150	closure_duration	final				ms	requested			raw					SYN_GENERATOR_11042026	SYNTHETIC_TEACHING_FIXTURE
REQ_SYN_SEG_0150_vowel_onset_f0	SYN_CH11	SYN_SEG_SPK_05	SYN_SESSION_05	SYN_SEG_0150	vowel_onset_f0	final				Hz	requested			raw					SYN_GENERATOR_11042026	SYNTHETIC_TEACHING_FIXTURE
REQ_SYN_SEG_0151_vot	SYN_CH11	SYN_SEG_SPK_05	SYN_SESSION_05	SYN_SEG_0151	vot	initial				ms	requested			raw					SYN_GENERATOR_11042026	SYNTHETIC_TEACHING_FIXTURE
REQ_SYN_SEG_0151_closure_duration	SYN_CH11	SYN_SEG_SPK_05	SYN_SESSION_05	SYN_SEG_0151	closure_duration	initial				ms	requested			raw					SYN_GENERATOR_11042026	SYNTHETIC_TEACHING_FIXTURE
REQ_SYN_SEG_0151_vowel_onset_f0	SYN_CH11	SYN_SEG_SPK_05	SYN_SESSION_05	SYN_SEG_0151	vowel_onset_f0	initial				Hz	requested			raw					SYN_GENERATOR_11042026	SYNTHETIC_TEACHING_FIXTURE
REQ_SYN_SEG_0152_vot	SYN_CH11	SYN_SEG_SPK_05	SYN_SESSION_05	SYN_SEG_0152	vot	medial				ms	requested			raw					SYN_GENERATOR_11042026	SYNTHETIC_TEACHING_FIXTURE
REQ_SYN_SEG_0152_closure_duration	SYN_CH11	SYN_SEG_SPK_05	SYN_SESSION_05	SYN_SEG_0152	closure_duration	medial				ms	requested			raw					SYN_GENERATOR_11042026	SYNTHETIC_TEACHING_FIXTURE
REQ_SYN_SEG_0152_vowel_onset_f0	SYN_CH11	SYN_SEG_SPK_05	SYN_SESSION_05	SYN_SEG_0152	vowel_onset_f0	medial				Hz	requested			raw					SYN_GENERATOR_11042026	SYNTHETIC_TEACHING_FIXTURE
REQ_SYN_SEG_0153_vot	SYN_CH11	SYN_SEG_SPK_05	SYN_SESSION_05	SYN_SEG_0153	vot	final				ms	requested			raw					SYN_GENERATOR_11042026	SYNTHETIC_TEACHING_FIXTURE
REQ_SYN_SEG_0153_closure_duration	SYN_CH11	SYN_SEG_SPK_05	SYN_SESSION_05	SYN_SEG_0153	closure_duration	final				ms	requested			raw					SYN_GENERATOR_11042026	SYNTHETIC_TEACHING_FIXTURE
REQ_SYN_SEG_0153_vowel_onset_f0	SYN_CH11	SYN_SEG_SPK_05	SYN_SESSION_05	SYN_SEG_0153	vowel_onset_f0	final				Hz	requested			raw					SYN_GENERATOR_11042026	SYNTHETIC_TEACHING_FIXTURE
REQ_SYN_SEG_0154_vot	SYN_CH11	SYN_SEG_SPK_05	SYN_SESSION_05	SYN_SEG_0154	vot	initial				ms	requested			raw					SYN_GENERATOR_11042026	SYNTHETIC_TEACHING_FIXTURE
REQ_SYN_SEG_0154_closure_duration	SYN_CH11	SYN_SEG_SPK_05	SYN_SESSION_05	SYN_SEG_0154	closure_duration	initial				ms	requested			raw					SYN_GENERATOR_11042026	SYNTHETIC_TEACHING_FIXTURE
REQ_SYN_SEG_0154_vowel_onset_f0	SYN_CH11	SYN_SEG_SPK_05	SYN_SESSION_05	SYN_SEG_0154	vowel_onset_f0	initial				Hz	requested			raw					SYN_GENERATOR_11042026	SYNTHETIC_TEACHING_FIXTURE
REQ_SYN_SEG_0155_vot	SYN_CH11	SYN_SEG_SPK_05	SYN_SESSION_05	SYN_SEG_0155	vot	medial				ms	requested			raw					SYN_GENERATOR_11042026	SYNTHETIC_TEACHING_FIXTURE
REQ_SYN_SEG_0155_closure_duration	SYN_CH11	SYN_SEG_SPK_05	SYN_SESSION_05	SYN_SEG_0155	closure_duration	medial				ms	requested			raw					SYN_GENERATOR_11042026	SYNTHETIC_TEACHING_FIXTURE
REQ_SYN_SEG_0155_vowel_onset_f0	SYN_CH11	SYN_SEG_SPK_05	SYN_SESSION_05	SYN_SEG_0155	vowel_onset_f0	medial				Hz	requested			raw					SYN_GENERATOR_11042026	SYNTHETIC_TEACHING_FIXTURE
REQ_SYN_SEG_0156_vot	SYN_CH11	SYN_SEG_SPK_05	SYN_SESSION_05	SYN_SEG_0156	vot	final				ms	requested			raw					SYN_GENERATOR_11042026	SYNTHETIC_TEACHING_FIXTURE
REQ_SYN_SEG_0156_closure_duration	SYN_CH11	SYN_SEG_SPK_05	SYN_SESSION_05	SYN_SEG_0156	closure_duration	final				ms	requested			raw					SYN_GENERATOR_11042026	SYNTHETIC_TEACHING_FIXTURE
REQ_SYN_SEG_0156_vowel_onset_f0	SYN_CH11	SYN_SEG_SPK_05	SYN_SESSION_05	SYN_SEG_0156	vowel_onset_f0	final				Hz	requested			raw					SYN_GENERATOR_11042026	SYNTHETIC_TEACHING_FIXTURE
REQ_SYN_SEG_0157_vowel_duration	SYN_CH11	SYN_SEG_SPK_05	SYN_SESSION_05	SYN_SEG_0157	vowel_duration	initial				ms	requested		training	raw					SYN_GENERATOR_11042026	SYNTHETIC_TEACHING_FIXTURE
REQ_SYN_SEG_0157_f1	SYN_CH11	SYN_SEG_SPK_05	SYN_SESSION_05	SYN_SEG_0157	f1	initial				Hz	requested		training	raw					SYN_GENERATOR_11042026	SYNTHETIC_TEACHING_FIXTURE
REQ_SYN_SEG_0157_f2	SYN_CH11	SYN_SEG_SPK_05	SYN_SESSION_05	SYN_SEG_0157	f2	initial				Hz	requested		training	raw					SYN_GENERATOR_11042026	SYNTHETIC_TEACHING_FIXTURE
REQ_SYN_SEG_0157_f3	SYN_CH11	SYN_SEG_SPK_05	SYN_SESSION_05	SYN_SEG_0157	f3	initial				Hz	requested		training	raw					SYN_GENERATOR_11042026	SYNTHETIC_TEACHING_FIXTURE
REQ_SYN_SEG_0158_vowel_duration	SYN_CH11	SYN_SEG_SPK_05	SYN_SESSION_05	SYN_SEG_0158	vowel_duration	medial				ms	requested		training	raw					SYN_GENERATOR_11042026	SYNTHETIC_TEACHING_FIXTURE
REQ_SYN_SEG_0158_f1	SYN_CH11	SYN_SEG_SPK_05	SYN_SESSION_05	SYN_SEG_0158	f1	medial				Hz	requested		training	raw					SYN_GENERATOR_11042026	SYNTHETIC_TEACHING_FIXTURE
REQ_SYN_SEG_0158_f2	SYN_CH11	SYN_SEG_SPK_05	SYN_SESSION_05	SYN_SEG_0158	f2	medial				Hz	requested		training	raw					SYN_GENERATOR_11042026	SYNTHETIC_TEACHING_FIXTURE
REQ_SYN_SEG_0158_f3	SYN_CH11	SYN_SEG_SPK_05	SYN_SESSION_05	SYN_SEG_0158	f3	medial				Hz	requested		training	raw					SYN_GENERATOR_11042026	SYNTHETIC_TEACHING_FIXTURE
REQ_SYN_SEG_0159_vowel_duration	SYN_CH11	SYN_SEG_SPK_05	SYN_SESSION_05	SYN_SEG_0159	vowel_duration	final				ms	requested		training	raw					SYN_GENERATOR_11042026	SYNTHETIC_TEACHING_FIXTURE
REQ_SYN_SEG_0159_f1	SYN_CH11	SYN_SEG_SPK_05	SYN_SESSION_05	SYN_SEG_0159	f1	final				Hz	requested		training	raw					SYN_GENERATOR_11042026	SYNTHETIC_TEACHING_FIXTURE
REQ_SYN_SEG_0159_f2	SYN_CH11	SYN_SEG_SPK_05	SYN_SESSION_05	SYN_SEG_0159	f2	final				Hz	requested		training	raw					SYN_GENERATOR_11042026	SYNTHETIC_TEACHING_FIXTURE
REQ_SYN_SEG_0159_f3	SYN_CH11	SYN_SEG_SPK_05	SYN_SESSION_05	SYN_SEG_0159	f3	final				Hz	requested		training	raw					SYN_GENERATOR_11042026	SYNTHETIC_TEACHING_FIXTURE
REQ_SYN_SEG_0160_vowel_duration	SYN_CH11	SYN_SEG_SPK_05	SYN_SESSION_05	SYN_SEG_0160	vowel_duration	initial				ms	requested		training	raw					SYN_GENERATOR_11042026	SYNTHETIC_TEACHING_FIXTURE
REQ_SYN_SEG_0160_f1	SYN_CH11	SYN_SEG_SPK_05	SYN_SESSION_05	SYN_SEG_0160	f1	initial				Hz	requested		training	raw					SYN_GENERATOR_11042026	SYNTHETIC_TEACHING_FIXTURE
REQ_SYN_SEG_0160_f2	SYN_CH11	SYN_SEG_SPK_05	SYN_SESSION_05	SYN_SEG_0160	f2	initial				Hz	requested		training	raw					SYN_GENERATOR_11042026	SYNTHETIC_TEACHING_FIXTURE
REQ_SYN_SEG_0160_f3	SYN_CH11	SYN_SEG_SPK_05	SYN_SESSION_05	SYN_SEG_0160	f3	initial				Hz	requested		training	raw					SYN_GENERATOR_11042026	SYNTHETIC_TEACHING_FIXTURE
REQ_SYN_SEG_0161_vowel_duration	SYN_CH11	SYN_SEG_SPK_05	SYN_SESSION_05	SYN_SEG_0161	vowel_duration	medial				ms	requested		training	raw					SYN_GENERATOR_11042026	SYNTHETIC_TEACHING_FIXTURE
REQ_SYN_SEG_0161_f1	SYN_CH11	SYN_SEG_SPK_05	SYN_SESSION_05	SYN_SEG_0161	f1	medial				Hz	requested		training	raw					SYN_GENERATOR_11042026	SYNTHETIC_TEACHING_FIXTURE
REQ_SYN_SEG_0161_f2	SYN_CH11	SYN_SEG_SPK_05	SYN_SESSION_05	SYN_SEG_0161	f2	medial				Hz	requested		training	raw					SYN_GENERATOR_11042026	SYNTHETIC_TEACHING_FIXTURE
REQ_SYN_SEG_0161_f3	SYN_CH11	SYN_SEG_SPK_05	SYN_SESSION_05	SYN_SEG_0161	f3	medial				Hz	requested		training	raw					SYN_GENERATOR_11042026	SYNTHETIC_TEACHING_FIXTURE
REQ_SYN_SEG_0162_vowel_duration	SYN_CH11	SYN_SEG_SPK_05	SYN_SESSION_05	SYN_SEG_0162	vowel_duration	final				ms	requested		training	raw					SYN_GENERATOR_11042026	SYNTHETIC_TEACHING_FIXTURE
REQ_SYN_SEG_0162_f1	SYN_CH11	SYN_SEG_SPK_05	SYN_SESSION_05	SYN_SEG_0162	f1	final				Hz	requested		training	raw					SYN_GENERATOR_11042026	SYNTHETIC_TEACHING_FIXTURE
REQ_SYN_SEG_0162_f2	SYN_CH11	SYN_SEG_SPK_05	SYN_SESSION_05	SYN_SEG_0162	f2	final				Hz	requested		training	raw					SYN_GENERATOR_11042026	SYNTHETIC_TEACHING_FIXTURE
REQ_SYN_SEG_0162_f3	SYN_CH11	SYN_SEG_SPK_05	SYN_SESSION_05	SYN_SEG_0162	f3	final				Hz	requested		training	raw					SYN_GENERATOR_11042026	SYNTHETIC_TEACHING_FIXTURE
REQ_SYN_SEG_0163_vowel_duration	SYN_CH11	SYN_SEG_SPK_05	SYN_SESSION_05	SYN_SEG_0163	vowel_duration	initial				ms	requested		training	raw					SYN_GENERATOR_11042026	SYNTHETIC_TEACHING_FIXTURE
REQ_SYN_SEG_0163_f1	SYN_CH11	SYN_SEG_SPK_05	SYN_SESSION_05	SYN_SEG_0163	f1	initial				Hz	requested		training	raw					SYN_GENERATOR_11042026	SYNTHETIC_TEACHING_FIXTURE
REQ_SYN_SEG_0163_f2	SYN_CH11	SYN_SEG_SPK_05	SYN_SESSION_05	SYN_SEG_0163	f2	initial				Hz	requested		training	raw					SYN_GENERATOR_11042026	SYNTHETIC_TEACHING_FIXTURE
REQ_SYN_SEG_0163_f3	SYN_CH11	SYN_SEG_SPK_05	SYN_SESSION_05	SYN_SEG_0163	f3	initial				Hz	requested		training	raw					SYN_GENERATOR_11042026	SYNTHETIC_TEACHING_FIXTURE
REQ_SYN_SEG_0164_vowel_duration	SYN_CH11	SYN_SEG_SPK_05	SYN_SESSION_05	SYN_SEG_0164	vowel_duration	medial				ms	requested		training	raw					SYN_GENERATOR_11042026	SYNTHETIC_TEACHING_FIXTURE
REQ_SYN_SEG_0164_f1	SYN_CH11	SYN_SEG_SPK_05	SYN_SESSION_05	SYN_SEG_0164	f1	medial				Hz	requested		training	raw					SYN_GENERATOR_11042026	SYNTHETIC_TEACHING_FIXTURE
REQ_SYN_SEG_0164_f2	SYN_CH11	SYN_SEG_SPK_05	SYN_SESSION_05	SYN_SEG_0164	f2	medial				Hz	requested		training	raw					SYN_GENERATOR_11042026	SYNTHETIC_TEACHING_FIXTURE
REQ_SYN_SEG_0164_f3	SYN_CH11	SYN_SEG_SPK_05	SYN_SESSION_05	SYN_SEG_0164	f3	medial				Hz	requested		training	raw					SYN_GENERATOR_11042026	SYNTHETIC_TEACHING_FIXTURE
REQ_SYN_SEG_0165_vowel_duration	SYN_CH11	SYN_SEG_SPK_05	SYN_SESSION_05	SYN_SEG_0165	vowel_duration	final				ms	requested		training	raw					SYN_GENERATOR_11042026	SYNTHETIC_TEACHING_FIXTURE
REQ_SYN_SEG_0165_f1	SYN_CH11	SYN_SEG_SPK_05	SYN_SESSION_05	SYN_SEG_0165	f1	final				Hz	requested		training	raw					SYN_GENERATOR_11042026	SYNTHETIC_TEACHING_FIXTURE
REQ_SYN_SEG_0165_f2	SYN_CH11	SYN_SEG_SPK_05	SYN_SESSION_05	SYN_SEG_0165	f2	final				Hz	requested		training	raw					SYN_GENERATOR_11042026	SYNTHETIC_TEACHING_FIXTURE
REQ_SYN_SEG_0165_f3	SYN_CH11	SYN_SEG_SPK_05	SYN_SESSION_05	SYN_SEG_0165	f3	final				Hz	requested		training	raw					SYN_GENERATOR_11042026	SYNTHETIC_TEACHING_FIXTURE
REQ_SYN_SEG_0166_vowel_duration	SYN_CH11	SYN_SEG_SPK_05	SYN_SESSION_05	SYN_SEG_0166	vowel_duration	initial				ms	requested		training	raw					SYN_GENERATOR_11042026	SYNTHETIC_TEACHING_FIXTURE
REQ_SYN_SEG_0166_f1	SYN_CH11	SYN_SEG_SPK_05	SYN_SESSION_05	SYN_SEG_0166	f1	initial				Hz	requested		training	raw					SYN_GENERATOR_11042026	SYNTHETIC_TEACHING_FIXTURE
REQ_SYN_SEG_0166_f2	SYN_CH11	SYN_SEG_SPK_05	SYN_SESSION_05	SYN_SEG_0166	f2	initial				Hz	requested		training	raw					SYN_GENERATOR_11042026	SYNTHETIC_TEACHING_FIXTURE
REQ_SYN_SEG_0166_f3	SYN_CH11	SYN_SEG_SPK_05	SYN_SESSION_05	SYN_SEG_0166	f3	initial				Hz	requested		training	raw					SYN_GENERATOR_11042026	SYNTHETIC_TEACHING_FIXTURE
REQ_SYN_SEG_0167_vowel_duration	SYN_CH11	SYN_SEG_SPK_05	SYN_SESSION_05	SYN_SEG_0167	vowel_duration	medial				ms	requested		training	raw					SYN_GENERATOR_11042026	SYNTHETIC_TEACHING_FIXTURE
REQ_SYN_SEG_0167_f1	SYN_CH11	SYN_SEG_SPK_05	SYN_SESSION_05	SYN_SEG_0167	f1	medial				Hz	requested		training	raw					SYN_GENERATOR_11042026	SYNTHETIC_TEACHING_FIXTURE
REQ_SYN_SEG_0167_f2	SYN_CH11	SYN_SEG_SPK_05	SYN_SESSION_05	SYN_SEG_0167	f2	medial				Hz	requested		training	raw					SYN_GENERATOR_11042026	SYNTHETIC_TEACHING_FIXTURE
REQ_SYN_SEG_0167_f3	SYN_CH11	SYN_SEG_SPK_05	SYN_SESSION_05	SYN_SEG_0167	f3	medial				Hz	requested		training	raw					SYN_GENERATOR_11042026	SYNTHETIC_TEACHING_FIXTURE
REQ_SYN_SEG_0168_vowel_duration	SYN_CH11	SYN_SEG_SPK_05	SYN_SESSION_05	SYN_SEG_0168	vowel_duration	final				ms	requested		training	raw					SYN_GENERATOR_11042026	SYNTHETIC_TEACHING_FIXTURE
REQ_SYN_SEG_0168_f1	SYN_CH11	SYN_SEG_SPK_05	SYN_SESSION_05	SYN_SEG_0168	f1	final				Hz	requested		training	raw					SYN_GENERATOR_11042026	SYNTHETIC_TEACHING_FIXTURE
REQ_SYN_SEG_0168_f2	SYN_CH11	SYN_SEG_SPK_05	SYN_SESSION_05	SYN_SEG_0168	f2	final				Hz	requested		training	raw					SYN_GENERATOR_11042026	SYNTHETIC_TEACHING_FIXTURE
REQ_SYN_SEG_0168_f3	SYN_CH11	SYN_SEG_SPK_05	SYN_SESSION_05	SYN_SEG_0168	f3	final				Hz	requested		training	raw					SYN_GENERATOR_11042026	SYNTHETIC_TEACHING_FIXTURE
REQ_SYN_SEG_0169_fricative_duration	SYN_CH11	SYN_SEG_SPK_05	SYN_SESSION_05	SYN_SEG_0169	fricative_duration	initial				ms	requested			raw					SYN_GENERATOR_11042026	SYNTHETIC_TEACHING_FIXTURE
REQ_SYN_SEG_0169_fricative_cog	SYN_CH11	SYN_SEG_SPK_05	SYN_SESSION_05	SYN_SEG_0169	fricative_cog	initial				Hz	requested			raw					SYN_GENERATOR_11042026	SYNTHETIC_TEACHING_FIXTURE
REQ_SYN_SEG_0170_fricative_duration	SYN_CH11	SYN_SEG_SPK_05	SYN_SESSION_05	SYN_SEG_0170	fricative_duration	medial				ms	requested			raw					SYN_GENERATOR_11042026	SYNTHETIC_TEACHING_FIXTURE
REQ_SYN_SEG_0170_fricative_cog	SYN_CH11	SYN_SEG_SPK_05	SYN_SESSION_05	SYN_SEG_0170	fricative_cog	medial				Hz	requested			raw					SYN_GENERATOR_11042026	SYNTHETIC_TEACHING_FIXTURE
REQ_SYN_SEG_0171_fricative_duration	SYN_CH11	SYN_SEG_SPK_05	SYN_SESSION_05	SYN_SEG_0171	fricative_duration	final				ms	requested			raw					SYN_GENERATOR_11042026	SYNTHETIC_TEACHING_FIXTURE
REQ_SYN_SEG_0171_fricative_cog	SYN_CH11	SYN_SEG_SPK_05	SYN_SESSION_05	SYN_SEG_0171	fricative_cog	final				Hz	requested			raw					SYN_GENERATOR_11042026	SYNTHETIC_TEACHING_FIXTURE
REQ_SYN_SEG_0172_fricative_duration	SYN_CH11	SYN_SEG_SPK_05	SYN_SESSION_05	SYN_SEG_0172	fricative_duration	initial				ms	requested			raw					SYN_GENERATOR_11042026	SYNTHETIC_TEACHING_FIXTURE
REQ_SYN_SEG_0172_fricative_cog	SYN_CH11	SYN_SEG_SPK_05	SYN_SESSION_05	SYN_SEG_0172	fricative_cog	initial				Hz	requested			raw					SYN_GENERATOR_11042026	SYNTHETIC_TEACHING_FIXTURE
REQ_SYN_SEG_0173_fricative_duration	SYN_CH11	SYN_SEG_SPK_05	SYN_SESSION_05	SYN_SEG_0173	fricative_duration	medial				ms	requested			raw					SYN_GENERATOR_11042026	SYNTHETIC_TEACHING_FIXTURE
REQ_SYN_SEG_0173_fricative_cog	SYN_CH11	SYN_SEG_SPK_05	SYN_SESSION_05	SYN_SEG_0173	fricative_cog	medial				Hz	requested			raw					SYN_GENERATOR_11042026	SYNTHETIC_TEACHING_FIXTURE
REQ_SYN_SEG_0174_fricative_duration	SYN_CH11	SYN_SEG_SPK_05	SYN_SESSION_05	SYN_SEG_0174	fricative_duration	final				ms	requested			raw					SYN_GENERATOR_11042026	SYNTHETIC_TEACHING_FIXTURE
REQ_SYN_SEG_0174_fricative_cog	SYN_CH11	SYN_SEG_SPK_05	SYN_SESSION_05	SYN_SEG_0174	fricative_cog	final				Hz	requested			raw					SYN_GENERATOR_11042026	SYNTHETIC_TEACHING_FIXTURE
REQ_SYN_SEG_0175_fricative_duration	SYN_CH11	SYN_SEG_SPK_05	SYN_SESSION_05	SYN_SEG_0175	fricative_duration	initial				ms	requested			raw					SYN_GENERATOR_11042026	SYNTHETIC_TEACHING_FIXTURE
REQ_SYN_SEG_0175_fricative_cog	SYN_CH11	SYN_SEG_SPK_05	SYN_SESSION_05	SYN_SEG_0175	fricative_cog	initial				Hz	requested			raw					SYN_GENERATOR_11042026	SYNTHETIC_TEACHING_FIXTURE
REQ_SYN_SEG_0176_fricative_duration	SYN_CH11	SYN_SEG_SPK_05	SYN_SESSION_05	SYN_SEG_0176	fricative_duration	medial				ms	requested			raw					SYN_GENERATOR_11042026	SYNTHETIC_TEACHING_FIXTURE
REQ_SYN_SEG_0176_fricative_cog	SYN_CH11	SYN_SEG_SPK_05	SYN_SESSION_05	SYN_SEG_0176	fricative_cog	medial				Hz	requested			raw					SYN_GENERATOR_11042026	SYNTHETIC_TEACHING_FIXTURE
REQ_SYN_SEG_0177_fricative_duration	SYN_CH11	SYN_SEG_SPK_05	SYN_SESSION_05	SYN_SEG_0177	fricative_duration	final				ms	requested			raw					SYN_GENERATOR_11042026	SYNTHETIC_TEACHING_FIXTURE
REQ_SYN_SEG_0177_fricative_cog	SYN_CH11	SYN_SEG_SPK_05	SYN_SESSION_05	SYN_SEG_0177	fricative_cog	final				Hz	requested			raw					SYN_GENERATOR_11042026	SYNTHETIC_TEACHING_FIXTURE
REQ_SYN_SEG_0178_fricative_duration	SYN_CH11	SYN_SEG_SPK_05	SYN_SESSION_05	SYN_SEG_0178	fricative_duration	initial				ms	requested			raw					SYN_GENERATOR_11042026	SYNTHETIC_TEACHING_FIXTURE
REQ_SYN_SEG_0178_fricative_cog	SYN_CH11	SYN_SEG_SPK_05	SYN_SESSION_05	SYN_SEG_0178	fricative_cog	initial				Hz	requested			raw					SYN_GENERATOR_11042026	SYNTHETIC_TEACHING_FIXTURE
REQ_SYN_SEG_0179_fricative_duration	SYN_CH11	SYN_SEG_SPK_05	SYN_SESSION_05	SYN_SEG_0179	fricative_duration	medial				ms	requested			raw					SYN_GENERATOR_11042026	SYNTHETIC_TEACHING_FIXTURE
REQ_SYN_SEG_0179_fricative_cog	SYN_CH11	SYN_SEG_SPK_05	SYN_SESSION_05	SYN_SEG_0179	fricative_cog	medial				Hz	requested			raw					SYN_GENERATOR_11042026	SYNTHETIC_TEACHING_FIXTURE
REQ_SYN_SEG_0180_fricative_duration	SYN_CH11	SYN_SEG_SPK_05	SYN_SESSION_05	SYN_SEG_0180	fricative_duration	final				ms	requested			raw					SYN_GENERATOR_11042026	SYNTHETIC_TEACHING_FIXTURE
REQ_SYN_SEG_0180_fricative_cog	SYN_CH11	SYN_SEG_SPK_05	SYN_SESSION_05	SYN_SEG_0180	fricative_cog	final				Hz	requested			raw					SYN_GENERATOR_11042026	SYNTHETIC_TEACHING_FIXTURE
REQ_SYN_SEG_0181_vot	SYN_CH11	SYN_SEG_SPK_06	SYN_SESSION_06	SYN_SEG_0181	vot	initial				ms	requested			raw					SYN_GENERATOR_11042026	SYNTHETIC_TEACHING_FIXTURE
REQ_SYN_SEG_0181_closure_duration	SYN_CH11	SYN_SEG_SPK_06	SYN_SESSION_06	SYN_SEG_0181	closure_duration	initial				ms	requested			raw					SYN_GENERATOR_11042026	SYNTHETIC_TEACHING_FIXTURE
REQ_SYN_SEG_0181_vowel_onset_f0	SYN_CH11	SYN_SEG_SPK_06	SYN_SESSION_06	SYN_SEG_0181	vowel_onset_f0	initial				Hz	requested			raw					SYN_GENERATOR_11042026	SYNTHETIC_TEACHING_FIXTURE
REQ_SYN_SEG_0182_vot	SYN_CH11	SYN_SEG_SPK_06	SYN_SESSION_06	SYN_SEG_0182	vot	medial				ms	requested			raw					SYN_GENERATOR_11042026	SYNTHETIC_TEACHING_FIXTURE
REQ_SYN_SEG_0182_closure_duration	SYN_CH11	SYN_SEG_SPK_06	SYN_SESSION_06	SYN_SEG_0182	closure_duration	medial				ms	requested			raw					SYN_GENERATOR_11042026	SYNTHETIC_TEACHING_FIXTURE
REQ_SYN_SEG_0182_vowel_onset_f0	SYN_CH11	SYN_SEG_SPK_06	SYN_SESSION_06	SYN_SEG_0182	vowel_onset_f0	medial				Hz	requested			raw					SYN_GENERATOR_11042026	SYNTHETIC_TEACHING_FIXTURE
REQ_SYN_SEG_0183_vot	SYN_CH11	SYN_SEG_SPK_06	SYN_SESSION_06	SYN_SEG_0183	vot	final				ms	requested			raw					SYN_GENERATOR_11042026	SYNTHETIC_TEACHING_FIXTURE
REQ_SYN_SEG_0183_closure_duration	SYN_CH11	SYN_SEG_SPK_06	SYN_SESSION_06	SYN_SEG_0183	closure_duration	final				ms	requested			raw					SYN_GENERATOR_11042026	SYNTHETIC_TEACHING_FIXTURE
REQ_SYN_SEG_0183_vowel_onset_f0	SYN_CH11	SYN_SEG_SPK_06	SYN_SESSION_06	SYN_SEG_0183	vowel_onset_f0	final				Hz	requested			raw					SYN_GENERATOR_11042026	SYNTHETIC_TEACHING_FIXTURE
REQ_SYN_SEG_0184_vot	SYN_CH11	SYN_SEG_SPK_06	SYN_SESSION_06	SYN_SEG_0184	vot	initial				ms	requested			raw					SYN_GENERATOR_11042026	SYNTHETIC_TEACHING_FIXTURE
REQ_SYN_SEG_0184_closure_duration	SYN_CH11	SYN_SEG_SPK_06	SYN_SESSION_06	SYN_SEG_0184	closure_duration	initial				ms	requested			raw					SYN_GENERATOR_11042026	SYNTHETIC_TEACHING_FIXTURE
REQ_SYN_SEG_0184_vowel_onset_f0	SYN_CH11	SYN_SEG_SPK_06	SYN_SESSION_06	SYN_SEG_0184	vowel_onset_f0	initial				Hz	requested			raw					SYN_GENERATOR_11042026	SYNTHETIC_TEACHING_FIXTURE
REQ_SYN_SEG_0185_vot	SYN_CH11	SYN_SEG_SPK_06	SYN_SESSION_06	SYN_SEG_0185	vot	medial				ms	requested			raw					SYN_GENERATOR_11042026	SYNTHETIC_TEACHING_FIXTURE
REQ_SYN_SEG_0185_closure_duration	SYN_CH11	SYN_SEG_SPK_06	SYN_SESSION_06	SYN_SEG_0185	closure_duration	medial				ms	requested			raw					SYN_GENERATOR_11042026	SYNTHETIC_TEACHING_FIXTURE
REQ_SYN_SEG_0185_vowel_onset_f0	SYN_CH11	SYN_SEG_SPK_06	SYN_SESSION_06	SYN_SEG_0185	vowel_onset_f0	medial				Hz	requested			raw					SYN_GENERATOR_11042026	SYNTHETIC_TEACHING_FIXTURE
REQ_SYN_SEG_0186_vot	SYN_CH11	SYN_SEG_SPK_06	SYN_SESSION_06	SYN_SEG_0186	vot	final				ms	requested			raw					SYN_GENERATOR_11042026	SYNTHETIC_TEACHING_FIXTURE
REQ_SYN_SEG_0186_closure_duration	SYN_CH11	SYN_SEG_SPK_06	SYN_SESSION_06	SYN_SEG_0186	closure_duration	final				ms	requested			raw					SYN_GENERATOR_11042026	SYNTHETIC_TEACHING_FIXTURE
REQ_SYN_SEG_0186_vowel_onset_f0	SYN_CH11	SYN_SEG_SPK_06	SYN_SESSION_06	SYN_SEG_0186	vowel_onset_f0	final				Hz	requested			raw					SYN_GENERATOR_11042026	SYNTHETIC_TEACHING_FIXTURE
REQ_SYN_SEG_0187_vot	SYN_CH11	SYN_SEG_SPK_06	SYN_SESSION_06	SYN_SEG_0187	vot	initial				ms	requested			raw					SYN_GENERATOR_11042026	SYNTHETIC_TEACHING_FIXTURE
REQ_SYN_SEG_0187_closure_duration	SYN_CH11	SYN_SEG_SPK_06	SYN_SESSION_06	SYN_SEG_0187	closure_duration	initial				ms	requested			raw					SYN_GENERATOR_11042026	SYNTHETIC_TEACHING_FIXTURE
REQ_SYN_SEG_0187_vowel_onset_f0	SYN_CH11	SYN_SEG_SPK_06	SYN_SESSION_06	SYN_SEG_0187	vowel_onset_f0	initial				Hz	requested			raw					SYN_GENERATOR_11042026	SYNTHETIC_TEACHING_FIXTURE
REQ_SYN_SEG_0188_vot	SYN_CH11	SYN_SEG_SPK_06	SYN_SESSION_06	SYN_SEG_0188	vot	medial				ms	requested			raw					SYN_GENERATOR_11042026	SYNTHETIC_TEACHING_FIXTURE
REQ_SYN_SEG_0188_closure_duration	SYN_CH11	SYN_SEG_SPK_06	SYN_SESSION_06	SYN_SEG_0188	closure_duration	medial				ms	requested			raw					SYN_GENERATOR_11042026	SYNTHETIC_TEACHING_FIXTURE
REQ_SYN_SEG_0188_vowel_onset_f0	SYN_CH11	SYN_SEG_SPK_06	SYN_SESSION_06	SYN_SEG_0188	vowel_onset_f0	medial				Hz	requested			raw					SYN_GENERATOR_11042026	SYNTHETIC_TEACHING_FIXTURE
REQ_SYN_SEG_0189_vot	SYN_CH11	SYN_SEG_SPK_06	SYN_SESSION_06	SYN_SEG_0189	vot	final				ms	requested			raw					SYN_GENERATOR_11042026	SYNTHETIC_TEACHING_FIXTURE
REQ_SYN_SEG_0189_closure_duration	SYN_CH11	SYN_SEG_SPK_06	SYN_SESSION_06	SYN_SEG_0189	closure_duration	final				ms	requested			raw					SYN_GENERATOR_11042026	SYNTHETIC_TEACHING_FIXTURE
REQ_SYN_SEG_0189_vowel_onset_f0	SYN_CH11	SYN_SEG_SPK_06	SYN_SESSION_06	SYN_SEG_0189	vowel_onset_f0	final				Hz	requested			raw					SYN_GENERATOR_11042026	SYNTHETIC_TEACHING_FIXTURE
REQ_SYN_SEG_0190_vot	SYN_CH11	SYN_SEG_SPK_06	SYN_SESSION_06	SYN_SEG_0190	vot	initial				ms	requested			raw					SYN_GENERATOR_11042026	SYNTHETIC_TEACHING_FIXTURE
REQ_SYN_SEG_0190_closure_duration	SYN_CH11	SYN_SEG_SPK_06	SYN_SESSION_06	SYN_SEG_0190	closure_duration	initial				ms	requested			raw					SYN_GENERATOR_11042026	SYNTHETIC_TEACHING_FIXTURE
REQ_SYN_SEG_0190_vowel_onset_f0	SYN_CH11	SYN_SEG_SPK_06	SYN_SESSION_06	SYN_SEG_0190	vowel_onset_f0	initial				Hz	requested			raw					SYN_GENERATOR_11042026	SYNTHETIC_TEACHING_FIXTURE
REQ_SYN_SEG_0191_vot	SYN_CH11	SYN_SEG_SPK_06	SYN_SESSION_06	SYN_SEG_0191	vot	medial				ms	requested			raw					SYN_GENERATOR_11042026	SYNTHETIC_TEACHING_FIXTURE
REQ_SYN_SEG_0191_closure_duration	SYN_CH11	SYN_SEG_SPK_06	SYN_SESSION_06	SYN_SEG_0191	closure_duration	medial				ms	requested			raw					SYN_GENERATOR_11042026	SYNTHETIC_TEACHING_FIXTURE
REQ_SYN_SEG_0191_vowel_onset_f0	SYN_CH11	SYN_SEG_SPK_06	SYN_SESSION_06	SYN_SEG_0191	vowel_onset_f0	medial				Hz	requested			raw					SYN_GENERATOR_11042026	SYNTHETIC_TEACHING_FIXTURE
REQ_SYN_SEG_0192_vot	SYN_CH11	SYN_SEG_SPK_06	SYN_SESSION_06	SYN_SEG_0192	vot	final				ms	requested			raw					SYN_GENERATOR_11042026	SYNTHETIC_TEACHING_FIXTURE
REQ_SYN_SEG_0192_closure_duration	SYN_CH11	SYN_SEG_SPK_06	SYN_SESSION_06	SYN_SEG_0192	closure_duration	final				ms	requested			raw					SYN_GENERATOR_11042026	SYNTHETIC_TEACHING_FIXTURE
REQ_SYN_SEG_0192_vowel_onset_f0	SYN_CH11	SYN_SEG_SPK_06	SYN_SESSION_06	SYN_SEG_0192	vowel_onset_f0	final				Hz	requested			raw					SYN_GENERATOR_11042026	SYNTHETIC_TEACHING_FIXTURE
REQ_SYN_SEG_0193_vowel_duration	SYN_CH11	SYN_SEG_SPK_06	SYN_SESSION_06	SYN_SEG_0193	vowel_duration	initial				ms	requested		training	raw					SYN_GENERATOR_11042026	SYNTHETIC_TEACHING_FIXTURE
REQ_SYN_SEG_0193_f1	SYN_CH11	SYN_SEG_SPK_06	SYN_SESSION_06	SYN_SEG_0193	f1	initial				Hz	requested		training	raw					SYN_GENERATOR_11042026	SYNTHETIC_TEACHING_FIXTURE
REQ_SYN_SEG_0193_f2	SYN_CH11	SYN_SEG_SPK_06	SYN_SESSION_06	SYN_SEG_0193	f2	initial				Hz	requested		training	raw					SYN_GENERATOR_11042026	SYNTHETIC_TEACHING_FIXTURE
REQ_SYN_SEG_0193_f3	SYN_CH11	SYN_SEG_SPK_06	SYN_SESSION_06	SYN_SEG_0193	f3	initial				Hz	requested		training	raw					SYN_GENERATOR_11042026	SYNTHETIC_TEACHING_FIXTURE
REQ_SYN_SEG_0194_vowel_duration	SYN_CH11	SYN_SEG_SPK_06	SYN_SESSION_06	SYN_SEG_0194	vowel_duration	medial				ms	requested		training	raw					SYN_GENERATOR_11042026	SYNTHETIC_TEACHING_FIXTURE
REQ_SYN_SEG_0194_f1	SYN_CH11	SYN_SEG_SPK_06	SYN_SESSION_06	SYN_SEG_0194	f1	medial				Hz	requested		training	raw					SYN_GENERATOR_11042026	SYNTHETIC_TEACHING_FIXTURE
REQ_SYN_SEG_0194_f2	SYN_CH11	SYN_SEG_SPK_06	SYN_SESSION_06	SYN_SEG_0194	f2	medial				Hz	requested		training	raw					SYN_GENERATOR_11042026	SYNTHETIC_TEACHING_FIXTURE
REQ_SYN_SEG_0194_f3	SYN_CH11	SYN_SEG_SPK_06	SYN_SESSION_06	SYN_SEG_0194	f3	medial				Hz	requested		training	raw					SYN_GENERATOR_11042026	SYNTHETIC_TEACHING_FIXTURE
REQ_SYN_SEG_0195_vowel_duration	SYN_CH11	SYN_SEG_SPK_06	SYN_SESSION_06	SYN_SEG_0195	vowel_duration	final				ms	requested		training	raw					SYN_GENERATOR_11042026	SYNTHETIC_TEACHING_FIXTURE
REQ_SYN_SEG_0195_f1	SYN_CH11	SYN_SEG_SPK_06	SYN_SESSION_06	SYN_SEG_0195	f1	final				Hz	requested		training	raw					SYN_GENERATOR_11042026	SYNTHETIC_TEACHING_FIXTURE
REQ_SYN_SEG_0195_f2	SYN_CH11	SYN_SEG_SPK_06	SYN_SESSION_06	SYN_SEG_0195	f2	final				Hz	requested		training	raw					SYN_GENERATOR_11042026	SYNTHETIC_TEACHING_FIXTURE
REQ_SYN_SEG_0195_f3	SYN_CH11	SYN_SEG_SPK_06	SYN_SESSION_06	SYN_SEG_0195	f3	final				Hz	requested		training	raw					SYN_GENERATOR_11042026	SYNTHETIC_TEACHING_FIXTURE
REQ_SYN_SEG_0196_vowel_duration	SYN_CH11	SYN_SEG_SPK_06	SYN_SESSION_06	SYN_SEG_0196	vowel_duration	initial				ms	requested		training	raw					SYN_GENERATOR_11042026	SYNTHETIC_TEACHING_FIXTURE
REQ_SYN_SEG_0196_f1	SYN_CH11	SYN_SEG_SPK_06	SYN_SESSION_06	SYN_SEG_0196	f1	initial				Hz	requested		training	raw					SYN_GENERATOR_11042026	SYNTHETIC_TEACHING_FIXTURE
REQ_SYN_SEG_0196_f2	SYN_CH11	SYN_SEG_SPK_06	SYN_SESSION_06	SYN_SEG_0196	f2	initial				Hz	requested		training	raw					SYN_GENERATOR_11042026	SYNTHETIC_TEACHING_FIXTURE
REQ_SYN_SEG_0196_f3	SYN_CH11	SYN_SEG_SPK_06	SYN_SESSION_06	SYN_SEG_0196	f3	initial				Hz	requested		training	raw					SYN_GENERATOR_11042026	SYNTHETIC_TEACHING_FIXTURE
REQ_SYN_SEG_0197_vowel_duration	SYN_CH11	SYN_SEG_SPK_06	SYN_SESSION_06	SYN_SEG_0197	vowel_duration	medial				ms	requested		training	raw					SYN_GENERATOR_11042026	SYNTHETIC_TEACHING_FIXTURE
REQ_SYN_SEG_0197_f1	SYN_CH11	SYN_SEG_SPK_06	SYN_SESSION_06	SYN_SEG_0197	f1	medial				Hz	requested		training	raw					SYN_GENERATOR_11042026	SYNTHETIC_TEACHING_FIXTURE
REQ_SYN_SEG_0197_f2	SYN_CH11	SYN_SEG_SPK_06	SYN_SESSION_06	SYN_SEG_0197	f2	medial				Hz	requested		training	raw					SYN_GENERATOR_11042026	SYNTHETIC_TEACHING_FIXTURE
REQ_SYN_SEG_0197_f3	SYN_CH11	SYN_SEG_SPK_06	SYN_SESSION_06	SYN_SEG_0197	f3	medial				Hz	requested		training	raw					SYN_GENERATOR_11042026	SYNTHETIC_TEACHING_FIXTURE
REQ_SYN_SEG_0198_vowel_duration	SYN_CH11	SYN_SEG_SPK_06	SYN_SESSION_06	SYN_SEG_0198	vowel_duration	final				ms	requested		training	raw					SYN_GENERATOR_11042026	SYNTHETIC_TEACHING_FIXTURE
REQ_SYN_SEG_0198_f1	SYN_CH11	SYN_SEG_SPK_06	SYN_SESSION_06	SYN_SEG_0198	f1	final				Hz	requested		training	raw					SYN_GENERATOR_11042026	SYNTHETIC_TEACHING_FIXTURE
REQ_SYN_SEG_0198_f2	SYN_CH11	SYN_SEG_SPK_06	SYN_SESSION_06	SYN_SEG_0198	f2	final				Hz	requested		training	raw					SYN_GENERATOR_11042026	SYNTHETIC_TEACHING_FIXTURE
REQ_SYN_SEG_0198_f3	SYN_CH11	SYN_SEG_SPK_06	SYN_SESSION_06	SYN_SEG_0198	f3	final				Hz	requested		training	raw					SYN_GENERATOR_11042026	SYNTHETIC_TEACHING_FIXTURE
REQ_SYN_SEG_0199_vowel_duration	SYN_CH11	SYN_SEG_SPK_06	SYN_SESSION_06	SYN_SEG_0199	vowel_duration	initial				ms	requested		training	raw					SYN_GENERATOR_11042026	SYNTHETIC_TEACHING_FIXTURE
REQ_SYN_SEG_0199_f1	SYN_CH11	SYN_SEG_SPK_06	SYN_SESSION_06	SYN_SEG_0199	f1	initial				Hz	requested		training	raw					SYN_GENERATOR_11042026	SYNTHETIC_TEACHING_FIXTURE
REQ_SYN_SEG_0199_f2	SYN_CH11	SYN_SEG_SPK_06	SYN_SESSION_06	SYN_SEG_0199	f2	initial				Hz	requested		training	raw					SYN_GENERATOR_11042026	SYNTHETIC_TEACHING_FIXTURE
REQ_SYN_SEG_0199_f3	SYN_CH11	SYN_SEG_SPK_06	SYN_SESSION_06	SYN_SEG_0199	f3	initial				Hz	requested		training	raw					SYN_GENERATOR_11042026	SYNTHETIC_TEACHING_FIXTURE
REQ_SYN_SEG_0200_vowel_duration	SYN_CH11	SYN_SEG_SPK_06	SYN_SESSION_06	SYN_SEG_0200	vowel_duration	medial				ms	requested		training	raw					SYN_GENERATOR_11042026	SYNTHETIC_TEACHING_FIXTURE
REQ_SYN_SEG_0200_f1	SYN_CH11	SYN_SEG_SPK_06	SYN_SESSION_06	SYN_SEG_0200	f1	medial				Hz	requested		training	raw					SYN_GENERATOR_11042026	SYNTHETIC_TEACHING_FIXTURE
REQ_SYN_SEG_0200_f2	SYN_CH11	SYN_SEG_SPK_06	SYN_SESSION_06	SYN_SEG_0200	f2	medial				Hz	requested		training	raw					SYN_GENERATOR_11042026	SYNTHETIC_TEACHING_FIXTURE
REQ_SYN_SEG_0200_f3	SYN_CH11	SYN_SEG_SPK_06	SYN_SESSION_06	SYN_SEG_0200	f3	medial				Hz	requested		training	raw					SYN_GENERATOR_11042026	SYNTHETIC_TEACHING_FIXTURE
REQ_SYN_SEG_0201_vowel_duration	SYN_CH11	SYN_SEG_SPK_06	SYN_SESSION_06	SYN_SEG_0201	vowel_duration	final				ms	requested		training	raw					SYN_GENERATOR_11042026	SYNTHETIC_TEACHING_FIXTURE
REQ_SYN_SEG_0201_f1	SYN_CH11	SYN_SEG_SPK_06	SYN_SESSION_06	SYN_SEG_0201	f1	final				Hz	requested		training	raw					SYN_GENERATOR_11042026	SYNTHETIC_TEACHING_FIXTURE
REQ_SYN_SEG_0201_f2	SYN_CH11	SYN_SEG_SPK_06	SYN_SESSION_06	SYN_SEG_0201	f2	final				Hz	requested		training	raw					SYN_GENERATOR_11042026	SYNTHETIC_TEACHING_FIXTURE
REQ_SYN_SEG_0201_f3	SYN_CH11	SYN_SEG_SPK_06	SYN_SESSION_06	SYN_SEG_0201	f3	final				Hz	requested		training	raw					SYN_GENERATOR_11042026	SYNTHETIC_TEACHING_FIXTURE
REQ_SYN_SEG_0202_vowel_duration	SYN_CH11	SYN_SEG_SPK_06	SYN_SESSION_06	SYN_SEG_0202	vowel_duration	initial				ms	requested		training	raw					SYN_GENERATOR_11042026	SYNTHETIC_TEACHING_FIXTURE
REQ_SYN_SEG_0202_f1	SYN_CH11	SYN_SEG_SPK_06	SYN_SESSION_06	SYN_SEG_0202	f1	initial				Hz	requested		training	raw					SYN_GENERATOR_11042026	SYNTHETIC_TEACHING_FIXTURE
REQ_SYN_SEG_0202_f2	SYN_CH11	SYN_SEG_SPK_06	SYN_SESSION_06	SYN_SEG_0202	f2	initial				Hz	requested		training	raw					SYN_GENERATOR_11042026	SYNTHETIC_TEACHING_FIXTURE
REQ_SYN_SEG_0202_f3	SYN_CH11	SYN_SEG_SPK_06	SYN_SESSION_06	SYN_SEG_0202	f3	initial				Hz	requested		training	raw					SYN_GENERATOR_11042026	SYNTHETIC_TEACHING_FIXTURE
REQ_SYN_SEG_0203_vowel_duration	SYN_CH11	SYN_SEG_SPK_06	SYN_SESSION_06	SYN_SEG_0203	vowel_duration	medial				ms	requested		training	raw					SYN_GENERATOR_11042026	SYNTHETIC_TEACHING_FIXTURE
REQ_SYN_SEG_0203_f1	SYN_CH11	SYN_SEG_SPK_06	SYN_SESSION_06	SYN_SEG_0203	f1	medial				Hz	requested		training	raw					SYN_GENERATOR_11042026	SYNTHETIC_TEACHING_FIXTURE
REQ_SYN_SEG_0203_f2	SYN_CH11	SYN_SEG_SPK_06	SYN_SESSION_06	SYN_SEG_0203	f2	medial				Hz	requested		training	raw					SYN_GENERATOR_11042026	SYNTHETIC_TEACHING_FIXTURE
REQ_SYN_SEG_0203_f3	SYN_CH11	SYN_SEG_SPK_06	SYN_SESSION_06	SYN_SEG_0203	f3	medial				Hz	requested		training	raw					SYN_GENERATOR_11042026	SYNTHETIC_TEACHING_FIXTURE
REQ_SYN_SEG_0204_vowel_duration	SYN_CH11	SYN_SEG_SPK_06	SYN_SESSION_06	SYN_SEG_0204	vowel_duration	final				ms	requested		training	raw					SYN_GENERATOR_11042026	SYNTHETIC_TEACHING_FIXTURE
REQ_SYN_SEG_0204_f1	SYN_CH11	SYN_SEG_SPK_06	SYN_SESSION_06	SYN_SEG_0204	f1	final				Hz	requested		training	raw					SYN_GENERATOR_11042026	SYNTHETIC_TEACHING_FIXTURE
REQ_SYN_SEG_0204_f2	SYN_CH11	SYN_SEG_SPK_06	SYN_SESSION_06	SYN_SEG_0204	f2	final				Hz	requested		training	raw					SYN_GENERATOR_11042026	SYNTHETIC_TEACHING_FIXTURE
REQ_SYN_SEG_0204_f3	SYN_CH11	SYN_SEG_SPK_06	SYN_SESSION_06	SYN_SEG_0204	f3	final				Hz	requested		training	raw					SYN_GENERATOR_11042026	SYNTHETIC_TEACHING_FIXTURE
REQ_SYN_SEG_0205_fricative_duration	SYN_CH11	SYN_SEG_SPK_06	SYN_SESSION_06	SYN_SEG_0205	fricative_duration	initial				ms	requested			raw					SYN_GENERATOR_11042026	SYNTHETIC_TEACHING_FIXTURE
REQ_SYN_SEG_0205_fricative_cog	SYN_CH11	SYN_SEG_SPK_06	SYN_SESSION_06	SYN_SEG_0205	fricative_cog	initial				Hz	requested			raw					SYN_GENERATOR_11042026	SYNTHETIC_TEACHING_FIXTURE
REQ_SYN_SEG_0206_fricative_duration	SYN_CH11	SYN_SEG_SPK_06	SYN_SESSION_06	SYN_SEG_0206	fricative_duration	medial				ms	requested			raw					SYN_GENERATOR_11042026	SYNTHETIC_TEACHING_FIXTURE
REQ_SYN_SEG_0206_fricative_cog	SYN_CH11	SYN_SEG_SPK_06	SYN_SESSION_06	SYN_SEG_0206	fricative_cog	medial				Hz	requested			raw					SYN_GENERATOR_11042026	SYNTHETIC_TEACHING_FIXTURE
REQ_SYN_SEG_0207_fricative_duration	SYN_CH11	SYN_SEG_SPK_06	SYN_SESSION_06	SYN_SEG_0207	fricative_duration	final				ms	requested			raw					SYN_GENERATOR_11042026	SYNTHETIC_TEACHING_FIXTURE
REQ_SYN_SEG_0207_fricative_cog	SYN_CH11	SYN_SEG_SPK_06	SYN_SESSION_06	SYN_SEG_0207	fricative_cog	final				Hz	requested			raw					SYN_GENERATOR_11042026	SYNTHETIC_TEACHING_FIXTURE
REQ_SYN_SEG_0208_fricative_duration	SYN_CH11	SYN_SEG_SPK_06	SYN_SESSION_06	SYN_SEG_0208	fricative_duration	initial				ms	requested			raw					SYN_GENERATOR_11042026	SYNTHETIC_TEACHING_FIXTURE
REQ_SYN_SEG_0208_fricative_cog	SYN_CH11	SYN_SEG_SPK_06	SYN_SESSION_06	SYN_SEG_0208	fricative_cog	initial				Hz	requested			raw					SYN_GENERATOR_11042026	SYNTHETIC_TEACHING_FIXTURE
REQ_SYN_SEG_0209_fricative_duration	SYN_CH11	SYN_SEG_SPK_06	SYN_SESSION_06	SYN_SEG_0209	fricative_duration	medial				ms	requested			raw					SYN_GENERATOR_11042026	SYNTHETIC_TEACHING_FIXTURE
REQ_SYN_SEG_0209_fricative_cog	SYN_CH11	SYN_SEG_SPK_06	SYN_SESSION_06	SYN_SEG_0209	fricative_cog	medial				Hz	requested			raw					SYN_GENERATOR_11042026	SYNTHETIC_TEACHING_FIXTURE
REQ_SYN_SEG_0210_fricative_duration	SYN_CH11	SYN_SEG_SPK_06	SYN_SESSION_06	SYN_SEG_0210	fricative_duration	final				ms	requested			raw					SYN_GENERATOR_11042026	SYNTHETIC_TEACHING_FIXTURE
REQ_SYN_SEG_0210_fricative_cog	SYN_CH11	SYN_SEG_SPK_06	SYN_SESSION_06	SYN_SEG_0210	fricative_cog	final				Hz	requested			raw					SYN_GENERATOR_11042026	SYNTHETIC_TEACHING_FIXTURE
REQ_SYN_SEG_0211_fricative_duration	SYN_CH11	SYN_SEG_SPK_06	SYN_SESSION_06	SYN_SEG_0211	fricative_duration	initial				ms	requested			raw					SYN_GENERATOR_11042026	SYNTHETIC_TEACHING_FIXTURE
REQ_SYN_SEG_0211_fricative_cog	SYN_CH11	SYN_SEG_SPK_06	SYN_SESSION_06	SYN_SEG_0211	fricative_cog	initial				Hz	requested			raw					SYN_GENERATOR_11042026	SYNTHETIC_TEACHING_FIXTURE
REQ_SYN_SEG_0212_fricative_duration	SYN_CH11	SYN_SEG_SPK_06	SYN_SESSION_06	SYN_SEG_0212	fricative_duration	medial				ms	requested			raw					SYN_GENERATOR_11042026	SYNTHETIC_TEACHING_FIXTURE
REQ_SYN_SEG_0212_fricative_cog	SYN_CH11	SYN_SEG_SPK_06	SYN_SESSION_06	SYN_SEG_0212	fricative_cog	medial				Hz	requested			raw					SYN_GENERATOR_11042026	SYNTHETIC_TEACHING_FIXTURE
REQ_SYN_SEG_0213_fricative_duration	SYN_CH11	SYN_SEG_SPK_06	SYN_SESSION_06	SYN_SEG_0213	fricative_duration	final				ms	requested			raw					SYN_GENERATOR_11042026	SYNTHETIC_TEACHING_FIXTURE
REQ_SYN_SEG_0213_fricative_cog	SYN_CH11	SYN_SEG_SPK_06	SYN_SESSION_06	SYN_SEG_0213	fricative_cog	final				Hz	requested			raw					SYN_GENERATOR_11042026	SYNTHETIC_TEACHING_FIXTURE
REQ_SYN_SEG_0214_fricative_duration	SYN_CH11	SYN_SEG_SPK_06	SYN_SESSION_06	SYN_SEG_0214	fricative_duration	initial				ms	requested			raw					SYN_GENERATOR_11042026	SYNTHETIC_TEACHING_FIXTURE
REQ_SYN_SEG_0214_fricative_cog	SYN_CH11	SYN_SEG_SPK_06	SYN_SESSION_06	SYN_SEG_0214	fricative_cog	initial				Hz	requested			raw					SYN_GENERATOR_11042026	SYNTHETIC_TEACHING_FIXTURE
REQ_SYN_SEG_0215_fricative_duration	SYN_CH11	SYN_SEG_SPK_06	SYN_SESSION_06	SYN_SEG_0215	fricative_duration	medial				ms	requested			raw					SYN_GENERATOR_11042026	SYNTHETIC_TEACHING_FIXTURE
REQ_SYN_SEG_0215_fricative_cog	SYN_CH11	SYN_SEG_SPK_06	SYN_SESSION_06	SYN_SEG_0215	fricative_cog	medial				Hz	requested			raw					SYN_GENERATOR_11042026	SYNTHETIC_TEACHING_FIXTURE
REQ_SYN_SEG_0216_fricative_duration	SYN_CH11	SYN_SEG_SPK_06	SYN_SESSION_06	SYN_SEG_0216	fricative_duration	final				ms	requested			raw					SYN_GENERATOR_11042026	SYNTHETIC_TEACHING_FIXTURE
REQ_SYN_SEG_0216_fricative_cog	SYN_CH11	SYN_SEG_SPK_06	SYN_SESSION_06	SYN_SEG_0216	fricative_cog	final				Hz	requested			raw					SYN_GENERATOR_11042026	SYNTHETIC_TEACHING_FIXTURE
REQ_SYN_SEG_0217_vot	SYN_CH11	SYN_SEG_SPK_07	SYN_SESSION_07	SYN_SEG_0217	vot	initial				ms	requested			raw					SYN_GENERATOR_11042026	SYNTHETIC_TEACHING_FIXTURE
REQ_SYN_SEG_0217_closure_duration	SYN_CH11	SYN_SEG_SPK_07	SYN_SESSION_07	SYN_SEG_0217	closure_duration	initial				ms	requested			raw					SYN_GENERATOR_11042026	SYNTHETIC_TEACHING_FIXTURE
REQ_SYN_SEG_0217_vowel_onset_f0	SYN_CH11	SYN_SEG_SPK_07	SYN_SESSION_07	SYN_SEG_0217	vowel_onset_f0	initial				Hz	requested			raw					SYN_GENERATOR_11042026	SYNTHETIC_TEACHING_FIXTURE
REQ_SYN_SEG_0218_vot	SYN_CH11	SYN_SEG_SPK_07	SYN_SESSION_07	SYN_SEG_0218	vot	medial				ms	requested			raw					SYN_GENERATOR_11042026	SYNTHETIC_TEACHING_FIXTURE
REQ_SYN_SEG_0218_closure_duration	SYN_CH11	SYN_SEG_SPK_07	SYN_SESSION_07	SYN_SEG_0218	closure_duration	medial				ms	requested			raw					SYN_GENERATOR_11042026	SYNTHETIC_TEACHING_FIXTURE
REQ_SYN_SEG_0218_vowel_onset_f0	SYN_CH11	SYN_SEG_SPK_07	SYN_SESSION_07	SYN_SEG_0218	vowel_onset_f0	medial				Hz	requested			raw					SYN_GENERATOR_11042026	SYNTHETIC_TEACHING_FIXTURE
REQ_SYN_SEG_0219_vot	SYN_CH11	SYN_SEG_SPK_07	SYN_SESSION_07	SYN_SEG_0219	vot	final				ms	requested			raw					SYN_GENERATOR_11042026	SYNTHETIC_TEACHING_FIXTURE
REQ_SYN_SEG_0219_closure_duration	SYN_CH11	SYN_SEG_SPK_07	SYN_SESSION_07	SYN_SEG_0219	closure_duration	final				ms	requested			raw					SYN_GENERATOR_11042026	SYNTHETIC_TEACHING_FIXTURE
REQ_SYN_SEG_0219_vowel_onset_f0	SYN_CH11	SYN_SEG_SPK_07	SYN_SESSION_07	SYN_SEG_0219	vowel_onset_f0	final				Hz	requested			raw					SYN_GENERATOR_11042026	SYNTHETIC_TEACHING_FIXTURE
REQ_SYN_SEG_0220_vot	SYN_CH11	SYN_SEG_SPK_07	SYN_SESSION_07	SYN_SEG_0220	vot	initial				ms	requested			raw					SYN_GENERATOR_11042026	SYNTHETIC_TEACHING_FIXTURE
REQ_SYN_SEG_0220_closure_duration	SYN_CH11	SYN_SEG_SPK_07	SYN_SESSION_07	SYN_SEG_0220	closure_duration	initial				ms	requested			raw					SYN_GENERATOR_11042026	SYNTHETIC_TEACHING_FIXTURE
REQ_SYN_SEG_0220_vowel_onset_f0	SYN_CH11	SYN_SEG_SPK_07	SYN_SESSION_07	SYN_SEG_0220	vowel_onset_f0	initial				Hz	requested			raw					SYN_GENERATOR_11042026	SYNTHETIC_TEACHING_FIXTURE
REQ_SYN_SEG_0221_vot	SYN_CH11	SYN_SEG_SPK_07	SYN_SESSION_07	SYN_SEG_0221	vot	medial				ms	requested			raw					SYN_GENERATOR_11042026	SYNTHETIC_TEACHING_FIXTURE
REQ_SYN_SEG_0221_closure_duration	SYN_CH11	SYN_SEG_SPK_07	SYN_SESSION_07	SYN_SEG_0221	closure_duration	medial				ms	requested			raw					SYN_GENERATOR_11042026	SYNTHETIC_TEACHING_FIXTURE
REQ_SYN_SEG_0221_vowel_onset_f0	SYN_CH11	SYN_SEG_SPK_07	SYN_SESSION_07	SYN_SEG_0221	vowel_onset_f0	medial				Hz	requested			raw					SYN_GENERATOR_11042026	SYNTHETIC_TEACHING_FIXTURE
REQ_SYN_SEG_0222_vot	SYN_CH11	SYN_SEG_SPK_07	SYN_SESSION_07	SYN_SEG_0222	vot	final				ms	requested			raw					SYN_GENERATOR_11042026	SYNTHETIC_TEACHING_FIXTURE
REQ_SYN_SEG_0222_closure_duration	SYN_CH11	SYN_SEG_SPK_07	SYN_SESSION_07	SYN_SEG_0222	closure_duration	final				ms	requested			raw					SYN_GENERATOR_11042026	SYNTHETIC_TEACHING_FIXTURE
REQ_SYN_SEG_0222_vowel_onset_f0	SYN_CH11	SYN_SEG_SPK_07	SYN_SESSION_07	SYN_SEG_0222	vowel_onset_f0	final				Hz	requested			raw					SYN_GENERATOR_11042026	SYNTHETIC_TEACHING_FIXTURE
REQ_SYN_SEG_0223_vot	SYN_CH11	SYN_SEG_SPK_07	SYN_SESSION_07	SYN_SEG_0223	vot	initial				ms	requested			raw					SYN_GENERATOR_11042026	SYNTHETIC_TEACHING_FIXTURE
REQ_SYN_SEG_0223_closure_duration	SYN_CH11	SYN_SEG_SPK_07	SYN_SESSION_07	SYN_SEG_0223	closure_duration	initial				ms	requested			raw					SYN_GENERATOR_11042026	SYNTHETIC_TEACHING_FIXTURE
REQ_SYN_SEG_0223_vowel_onset_f0	SYN_CH11	SYN_SEG_SPK_07	SYN_SESSION_07	SYN_SEG_0223	vowel_onset_f0	initial				Hz	requested			raw					SYN_GENERATOR_11042026	SYNTHETIC_TEACHING_FIXTURE
REQ_SYN_SEG_0224_vot	SYN_CH11	SYN_SEG_SPK_07	SYN_SESSION_07	SYN_SEG_0224	vot	medial				ms	requested			raw					SYN_GENERATOR_11042026	SYNTHETIC_TEACHING_FIXTURE
REQ_SYN_SEG_0224_closure_duration	SYN_CH11	SYN_SEG_SPK_07	SYN_SESSION_07	SYN_SEG_0224	closure_duration	medial				ms	requested			raw					SYN_GENERATOR_11042026	SYNTHETIC_TEACHING_FIXTURE
REQ_SYN_SEG_0224_vowel_onset_f0	SYN_CH11	SYN_SEG_SPK_07	SYN_SESSION_07	SYN_SEG_0224	vowel_onset_f0	medial				Hz	requested			raw					SYN_GENERATOR_11042026	SYNTHETIC_TEACHING_FIXTURE
REQ_SYN_SEG_0225_vot	SYN_CH11	SYN_SEG_SPK_07	SYN_SESSION_07	SYN_SEG_0225	vot	final				ms	requested			raw					SYN_GENERATOR_11042026	SYNTHETIC_TEACHING_FIXTURE
REQ_SYN_SEG_0225_closure_duration	SYN_CH11	SYN_SEG_SPK_07	SYN_SESSION_07	SYN_SEG_0225	closure_duration	final				ms	requested			raw					SYN_GENERATOR_11042026	SYNTHETIC_TEACHING_FIXTURE
REQ_SYN_SEG_0225_vowel_onset_f0	SYN_CH11	SYN_SEG_SPK_07	SYN_SESSION_07	SYN_SEG_0225	vowel_onset_f0	final				Hz	requested			raw					SYN_GENERATOR_11042026	SYNTHETIC_TEACHING_FIXTURE
REQ_SYN_SEG_0226_vot	SYN_CH11	SYN_SEG_SPK_07	SYN_SESSION_07	SYN_SEG_0226	vot	initial				ms	requested			raw					SYN_GENERATOR_11042026	SYNTHETIC_TEACHING_FIXTURE
REQ_SYN_SEG_0226_closure_duration	SYN_CH11	SYN_SEG_SPK_07	SYN_SESSION_07	SYN_SEG_0226	closure_duration	initial				ms	requested			raw					SYN_GENERATOR_11042026	SYNTHETIC_TEACHING_FIXTURE
REQ_SYN_SEG_0226_vowel_onset_f0	SYN_CH11	SYN_SEG_SPK_07	SYN_SESSION_07	SYN_SEG_0226	vowel_onset_f0	initial				Hz	requested			raw					SYN_GENERATOR_11042026	SYNTHETIC_TEACHING_FIXTURE
REQ_SYN_SEG_0227_vot	SYN_CH11	SYN_SEG_SPK_07	SYN_SESSION_07	SYN_SEG_0227	vot	medial				ms	requested			raw					SYN_GENERATOR_11042026	SYNTHETIC_TEACHING_FIXTURE
REQ_SYN_SEG_0227_closure_duration	SYN_CH11	SYN_SEG_SPK_07	SYN_SESSION_07	SYN_SEG_0227	closure_duration	medial				ms	requested			raw					SYN_GENERATOR_11042026	SYNTHETIC_TEACHING_FIXTURE
REQ_SYN_SEG_0227_vowel_onset_f0	SYN_CH11	SYN_SEG_SPK_07	SYN_SESSION_07	SYN_SEG_0227	vowel_onset_f0	medial				Hz	requested			raw					SYN_GENERATOR_11042026	SYNTHETIC_TEACHING_FIXTURE
REQ_SYN_SEG_0228_vot	SYN_CH11	SYN_SEG_SPK_07	SYN_SESSION_07	SYN_SEG_0228	vot	final				ms	requested			raw					SYN_GENERATOR_11042026	SYNTHETIC_TEACHING_FIXTURE
REQ_SYN_SEG_0228_closure_duration	SYN_CH11	SYN_SEG_SPK_07	SYN_SESSION_07	SYN_SEG_0228	closure_duration	final				ms	requested			raw					SYN_GENERATOR_11042026	SYNTHETIC_TEACHING_FIXTURE
REQ_SYN_SEG_0228_vowel_onset_f0	SYN_CH11	SYN_SEG_SPK_07	SYN_SESSION_07	SYN_SEG_0228	vowel_onset_f0	final				Hz	requested			raw					SYN_GENERATOR_11042026	SYNTHETIC_TEACHING_FIXTURE
REQ_SYN_SEG_0229_vowel_duration	SYN_CH11	SYN_SEG_SPK_07	SYN_SESSION_07	SYN_SEG_0229	vowel_duration	initial				ms	requested		training	raw					SYN_GENERATOR_11042026	SYNTHETIC_TEACHING_FIXTURE
REQ_SYN_SEG_0229_f1	SYN_CH11	SYN_SEG_SPK_07	SYN_SESSION_07	SYN_SEG_0229	f1	initial				Hz	requested		training	raw					SYN_GENERATOR_11042026	SYNTHETIC_TEACHING_FIXTURE
REQ_SYN_SEG_0229_f2	SYN_CH11	SYN_SEG_SPK_07	SYN_SESSION_07	SYN_SEG_0229	f2	initial				Hz	requested		training	raw					SYN_GENERATOR_11042026	SYNTHETIC_TEACHING_FIXTURE
REQ_SYN_SEG_0229_f3	SYN_CH11	SYN_SEG_SPK_07	SYN_SESSION_07	SYN_SEG_0229	f3	initial				Hz	requested		training	raw					SYN_GENERATOR_11042026	SYNTHETIC_TEACHING_FIXTURE
REQ_SYN_SEG_0230_vowel_duration	SYN_CH11	SYN_SEG_SPK_07	SYN_SESSION_07	SYN_SEG_0230	vowel_duration	medial				ms	requested		training	raw					SYN_GENERATOR_11042026	SYNTHETIC_TEACHING_FIXTURE
REQ_SYN_SEG_0230_f1	SYN_CH11	SYN_SEG_SPK_07	SYN_SESSION_07	SYN_SEG_0230	f1	medial				Hz	requested		training	raw					SYN_GENERATOR_11042026	SYNTHETIC_TEACHING_FIXTURE
REQ_SYN_SEG_0230_f2	SYN_CH11	SYN_SEG_SPK_07	SYN_SESSION_07	SYN_SEG_0230	f2	medial				Hz	requested		training	raw					SYN_GENERATOR_11042026	SYNTHETIC_TEACHING_FIXTURE
REQ_SYN_SEG_0230_f3	SYN_CH11	SYN_SEG_SPK_07	SYN_SESSION_07	SYN_SEG_0230	f3	medial				Hz	requested		training	raw					SYN_GENERATOR_11042026	SYNTHETIC_TEACHING_FIXTURE
REQ_SYN_SEG_0231_vowel_duration	SYN_CH11	SYN_SEG_SPK_07	SYN_SESSION_07	SYN_SEG_0231	vowel_duration	final				ms	requested		training	raw					SYN_GENERATOR_11042026	SYNTHETIC_TEACHING_FIXTURE
REQ_SYN_SEG_0231_f1	SYN_CH11	SYN_SEG_SPK_07	SYN_SESSION_07	SYN_SEG_0231	f1	final				Hz	requested		training	raw					SYN_GENERATOR_11042026	SYNTHETIC_TEACHING_FIXTURE
REQ_SYN_SEG_0231_f2	SYN_CH11	SYN_SEG_SPK_07	SYN_SESSION_07	SYN_SEG_0231	f2	final				Hz	requested		training	raw					SYN_GENERATOR_11042026	SYNTHETIC_TEACHING_FIXTURE
REQ_SYN_SEG_0231_f3	SYN_CH11	SYN_SEG_SPK_07	SYN_SESSION_07	SYN_SEG_0231	f3	final				Hz	requested		training	raw					SYN_GENERATOR_11042026	SYNTHETIC_TEACHING_FIXTURE
REQ_SYN_SEG_0232_vowel_duration	SYN_CH11	SYN_SEG_SPK_07	SYN_SESSION_07	SYN_SEG_0232	vowel_duration	initial				ms	requested		training	raw					SYN_GENERATOR_11042026	SYNTHETIC_TEACHING_FIXTURE
REQ_SYN_SEG_0232_f1	SYN_CH11	SYN_SEG_SPK_07	SYN_SESSION_07	SYN_SEG_0232	f1	initial				Hz	requested		training	raw					SYN_GENERATOR_11042026	SYNTHETIC_TEACHING_FIXTURE
REQ_SYN_SEG_0232_f2	SYN_CH11	SYN_SEG_SPK_07	SYN_SESSION_07	SYN_SEG_0232	f2	initial				Hz	requested		training	raw					SYN_GENERATOR_11042026	SYNTHETIC_TEACHING_FIXTURE
REQ_SYN_SEG_0232_f3	SYN_CH11	SYN_SEG_SPK_07	SYN_SESSION_07	SYN_SEG_0232	f3	initial				Hz	requested		training	raw					SYN_GENERATOR_11042026	SYNTHETIC_TEACHING_FIXTURE
REQ_SYN_SEG_0233_vowel_duration	SYN_CH11	SYN_SEG_SPK_07	SYN_SESSION_07	SYN_SEG_0233	vowel_duration	medial				ms	requested		training	raw					SYN_GENERATOR_11042026	SYNTHETIC_TEACHING_FIXTURE
REQ_SYN_SEG_0233_f1	SYN_CH11	SYN_SEG_SPK_07	SYN_SESSION_07	SYN_SEG_0233	f1	medial				Hz	requested		training	raw					SYN_GENERATOR_11042026	SYNTHETIC_TEACHING_FIXTURE
REQ_SYN_SEG_0233_f2	SYN_CH11	SYN_SEG_SPK_07	SYN_SESSION_07	SYN_SEG_0233	f2	medial				Hz	requested		training	raw					SYN_GENERATOR_11042026	SYNTHETIC_TEACHING_FIXTURE
REQ_SYN_SEG_0233_f3	SYN_CH11	SYN_SEG_SPK_07	SYN_SESSION_07	SYN_SEG_0233	f3	medial				Hz	requested		training	raw					SYN_GENERATOR_11042026	SYNTHETIC_TEACHING_FIXTURE
REQ_SYN_SEG_0234_vowel_duration	SYN_CH11	SYN_SEG_SPK_07	SYN_SESSION_07	SYN_SEG_0234	vowel_duration	final				ms	requested		training	raw					SYN_GENERATOR_11042026	SYNTHETIC_TEACHING_FIXTURE
REQ_SYN_SEG_0234_f1	SYN_CH11	SYN_SEG_SPK_07	SYN_SESSION_07	SYN_SEG_0234	f1	final				Hz	requested		training	raw					SYN_GENERATOR_11042026	SYNTHETIC_TEACHING_FIXTURE
REQ_SYN_SEG_0234_f2	SYN_CH11	SYN_SEG_SPK_07	SYN_SESSION_07	SYN_SEG_0234	f2	final				Hz	requested		training	raw					SYN_GENERATOR_11042026	SYNTHETIC_TEACHING_FIXTURE
REQ_SYN_SEG_0234_f3	SYN_CH11	SYN_SEG_SPK_07	SYN_SESSION_07	SYN_SEG_0234	f3	final				Hz	requested		training	raw					SYN_GENERATOR_11042026	SYNTHETIC_TEACHING_FIXTURE
REQ_SYN_SEG_0235_vowel_duration	SYN_CH11	SYN_SEG_SPK_07	SYN_SESSION_07	SYN_SEG_0235	vowel_duration	initial				ms	requested		training	raw					SYN_GENERATOR_11042026	SYNTHETIC_TEACHING_FIXTURE
REQ_SYN_SEG_0235_f1	SYN_CH11	SYN_SEG_SPK_07	SYN_SESSION_07	SYN_SEG_0235	f1	initial				Hz	requested		training	raw					SYN_GENERATOR_11042026	SYNTHETIC_TEACHING_FIXTURE
REQ_SYN_SEG_0235_f2	SYN_CH11	SYN_SEG_SPK_07	SYN_SESSION_07	SYN_SEG_0235	f2	initial				Hz	requested		training	raw					SYN_GENERATOR_11042026	SYNTHETIC_TEACHING_FIXTURE
REQ_SYN_SEG_0235_f3	SYN_CH11	SYN_SEG_SPK_07	SYN_SESSION_07	SYN_SEG_0235	f3	initial				Hz	requested		training	raw					SYN_GENERATOR_11042026	SYNTHETIC_TEACHING_FIXTURE
REQ_SYN_SEG_0236_vowel_duration	SYN_CH11	SYN_SEG_SPK_07	SYN_SESSION_07	SYN_SEG_0236	vowel_duration	medial				ms	requested		training	raw					SYN_GENERATOR_11042026	SYNTHETIC_TEACHING_FIXTURE
REQ_SYN_SEG_0236_f1	SYN_CH11	SYN_SEG_SPK_07	SYN_SESSION_07	SYN_SEG_0236	f1	medial				Hz	requested		training	raw					SYN_GENERATOR_11042026	SYNTHETIC_TEACHING_FIXTURE
REQ_SYN_SEG_0236_f2	SYN_CH11	SYN_SEG_SPK_07	SYN_SESSION_07	SYN_SEG_0236	f2	medial				Hz	requested		training	raw					SYN_GENERATOR_11042026	SYNTHETIC_TEACHING_FIXTURE
REQ_SYN_SEG_0236_f3	SYN_CH11	SYN_SEG_SPK_07	SYN_SESSION_07	SYN_SEG_0236	f3	medial				Hz	requested		training	raw					SYN_GENERATOR_11042026	SYNTHETIC_TEACHING_FIXTURE
REQ_SYN_SEG_0237_vowel_duration	SYN_CH11	SYN_SEG_SPK_07	SYN_SESSION_07	SYN_SEG_0237	vowel_duration	final				ms	requested		training	raw					SYN_GENERATOR_11042026	SYNTHETIC_TEACHING_FIXTURE
REQ_SYN_SEG_0237_f1	SYN_CH11	SYN_SEG_SPK_07	SYN_SESSION_07	SYN_SEG_0237	f1	final				Hz	requested		training	raw					SYN_GENERATOR_11042026	SYNTHETIC_TEACHING_FIXTURE
REQ_SYN_SEG_0237_f2	SYN_CH11	SYN_SEG_SPK_07	SYN_SESSION_07	SYN_SEG_0237	f2	final				Hz	requested		training	raw					SYN_GENERATOR_11042026	SYNTHETIC_TEACHING_FIXTURE
REQ_SYN_SEG_0237_f3	SYN_CH11	SYN_SEG_SPK_07	SYN_SESSION_07	SYN_SEG_0237	f3	final				Hz	requested		training	raw					SYN_GENERATOR_11042026	SYNTHETIC_TEACHING_FIXTURE
REQ_SYN_SEG_0238_vowel_duration	SYN_CH11	SYN_SEG_SPK_07	SYN_SESSION_07	SYN_SEG_0238	vowel_duration	initial				ms	requested		training	raw					SYN_GENERATOR_11042026	SYNTHETIC_TEACHING_FIXTURE
REQ_SYN_SEG_0238_f1	SYN_CH11	SYN_SEG_SPK_07	SYN_SESSION_07	SYN_SEG_0238	f1	initial				Hz	requested		training	raw					SYN_GENERATOR_11042026	SYNTHETIC_TEACHING_FIXTURE
REQ_SYN_SEG_0238_f2	SYN_CH11	SYN_SEG_SPK_07	SYN_SESSION_07	SYN_SEG_0238	f2	initial				Hz	requested		training	raw					SYN_GENERATOR_11042026	SYNTHETIC_TEACHING_FIXTURE
REQ_SYN_SEG_0238_f3	SYN_CH11	SYN_SEG_SPK_07	SYN_SESSION_07	SYN_SEG_0238	f3	initial				Hz	requested		training	raw					SYN_GENERATOR_11042026	SYNTHETIC_TEACHING_FIXTURE
REQ_SYN_SEG_0239_vowel_duration	SYN_CH11	SYN_SEG_SPK_07	SYN_SESSION_07	SYN_SEG_0239	vowel_duration	medial				ms	requested		training	raw					SYN_GENERATOR_11042026	SYNTHETIC_TEACHING_FIXTURE
REQ_SYN_SEG_0239_f1	SYN_CH11	SYN_SEG_SPK_07	SYN_SESSION_07	SYN_SEG_0239	f1	medial				Hz	requested		training	raw					SYN_GENERATOR_11042026	SYNTHETIC_TEACHING_FIXTURE
REQ_SYN_SEG_0239_f2	SYN_CH11	SYN_SEG_SPK_07	SYN_SESSION_07	SYN_SEG_0239	f2	medial				Hz	requested		training	raw					SYN_GENERATOR_11042026	SYNTHETIC_TEACHING_FIXTURE
REQ_SYN_SEG_0239_f3	SYN_CH11	SYN_SEG_SPK_07	SYN_SESSION_07	SYN_SEG_0239	f3	medial				Hz	requested		training	raw					SYN_GENERATOR_11042026	SYNTHETIC_TEACHING_FIXTURE
REQ_SYN_SEG_0240_vowel_duration	SYN_CH11	SYN_SEG_SPK_07	SYN_SESSION_07	SYN_SEG_0240	vowel_duration	final				ms	requested		training	raw					SYN_GENERATOR_11042026	SYNTHETIC_TEACHING_FIXTURE
REQ_SYN_SEG_0240_f1	SYN_CH11	SYN_SEG_SPK_07	SYN_SESSION_07	SYN_SEG_0240	f1	final				Hz	requested		training	raw					SYN_GENERATOR_11042026	SYNTHETIC_TEACHING_FIXTURE
REQ_SYN_SEG_0240_f2	SYN_CH11	SYN_SEG_SPK_07	SYN_SESSION_07	SYN_SEG_0240	f2	final				Hz	requested		training	raw					SYN_GENERATOR_11042026	SYNTHETIC_TEACHING_FIXTURE
REQ_SYN_SEG_0240_f3	SYN_CH11	SYN_SEG_SPK_07	SYN_SESSION_07	SYN_SEG_0240	f3	final				Hz	requested		training	raw					SYN_GENERATOR_11042026	SYNTHETIC_TEACHING_FIXTURE
REQ_SYN_SEG_0241_fricative_duration	SYN_CH11	SYN_SEG_SPK_07	SYN_SESSION_07	SYN_SEG_0241	fricative_duration	initial				ms	requested			raw					SYN_GENERATOR_11042026	SYNTHETIC_TEACHING_FIXTURE
REQ_SYN_SEG_0241_fricative_cog	SYN_CH11	SYN_SEG_SPK_07	SYN_SESSION_07	SYN_SEG_0241	fricative_cog	initial				Hz	requested			raw					SYN_GENERATOR_11042026	SYNTHETIC_TEACHING_FIXTURE
REQ_SYN_SEG_0242_fricative_duration	SYN_CH11	SYN_SEG_SPK_07	SYN_SESSION_07	SYN_SEG_0242	fricative_duration	medial				ms	requested			raw					SYN_GENERATOR_11042026	SYNTHETIC_TEACHING_FIXTURE
REQ_SYN_SEG_0242_fricative_cog	SYN_CH11	SYN_SEG_SPK_07	SYN_SESSION_07	SYN_SEG_0242	fricative_cog	medial				Hz	requested			raw					SYN_GENERATOR_11042026	SYNTHETIC_TEACHING_FIXTURE
REQ_SYN_SEG_0243_fricative_duration	SYN_CH11	SYN_SEG_SPK_07	SYN_SESSION_07	SYN_SEG_0243	fricative_duration	final				ms	requested			raw					SYN_GENERATOR_11042026	SYNTHETIC_TEACHING_FIXTURE
REQ_SYN_SEG_0243_fricative_cog	SYN_CH11	SYN_SEG_SPK_07	SYN_SESSION_07	SYN_SEG_0243	fricative_cog	final				Hz	requested			raw					SYN_GENERATOR_11042026	SYNTHETIC_TEACHING_FIXTURE
REQ_SYN_SEG_0244_fricative_duration	SYN_CH11	SYN_SEG_SPK_07	SYN_SESSION_07	SYN_SEG_0244	fricative_duration	initial				ms	requested			raw					SYN_GENERATOR_11042026	SYNTHETIC_TEACHING_FIXTURE
REQ_SYN_SEG_0244_fricative_cog	SYN_CH11	SYN_SEG_SPK_07	SYN_SESSION_07	SYN_SEG_0244	fricative_cog	initial				Hz	requested			raw					SYN_GENERATOR_11042026	SYNTHETIC_TEACHING_FIXTURE
REQ_SYN_SEG_0245_fricative_duration	SYN_CH11	SYN_SEG_SPK_07	SYN_SESSION_07	SYN_SEG_0245	fricative_duration	medial				ms	requested			raw					SYN_GENERATOR_11042026	SYNTHETIC_TEACHING_FIXTURE
REQ_SYN_SEG_0245_fricative_cog	SYN_CH11	SYN_SEG_SPK_07	SYN_SESSION_07	SYN_SEG_0245	fricative_cog	medial				Hz	requested			raw					SYN_GENERATOR_11042026	SYNTHETIC_TEACHING_FIXTURE
REQ_SYN_SEG_0246_fricative_duration	SYN_CH11	SYN_SEG_SPK_07	SYN_SESSION_07	SYN_SEG_0246	fricative_duration	final				ms	requested			raw					SYN_GENERATOR_11042026	SYNTHETIC_TEACHING_FIXTURE
REQ_SYN_SEG_0246_fricative_cog	SYN_CH11	SYN_SEG_SPK_07	SYN_SESSION_07	SYN_SEG_0246	fricative_cog	final				Hz	requested			raw					SYN_GENERATOR_11042026	SYNTHETIC_TEACHING_FIXTURE
REQ_SYN_SEG_0247_fricative_duration	SYN_CH11	SYN_SEG_SPK_07	SYN_SESSION_07	SYN_SEG_0247	fricative_duration	initial				ms	requested			raw					SYN_GENERATOR_11042026	SYNTHETIC_TEACHING_FIXTURE
REQ_SYN_SEG_0247_fricative_cog	SYN_CH11	SYN_SEG_SPK_07	SYN_SESSION_07	SYN_SEG_0247	fricative_cog	initial				Hz	requested			raw					SYN_GENERATOR_11042026	SYNTHETIC_TEACHING_FIXTURE
REQ_SYN_SEG_0248_fricative_duration	SYN_CH11	SYN_SEG_SPK_07	SYN_SESSION_07	SYN_SEG_0248	fricative_duration	medial				ms	requested			raw					SYN_GENERATOR_11042026	SYNTHETIC_TEACHING_FIXTURE
REQ_SYN_SEG_0248_fricative_cog	SYN_CH11	SYN_SEG_SPK_07	SYN_SESSION_07	SYN_SEG_0248	fricative_cog	medial				Hz	requested			raw					SYN_GENERATOR_11042026	SYNTHETIC_TEACHING_FIXTURE
REQ_SYN_SEG_0249_fricative_duration	SYN_CH11	SYN_SEG_SPK_07	SYN_SESSION_07	SYN_SEG_0249	fricative_duration	final				ms	requested			raw					SYN_GENERATOR_11042026	SYNTHETIC_TEACHING_FIXTURE
REQ_SYN_SEG_0249_fricative_cog	SYN_CH11	SYN_SEG_SPK_07	SYN_SESSION_07	SYN_SEG_0249	fricative_cog	final				Hz	requested			raw					SYN_GENERATOR_11042026	SYNTHETIC_TEACHING_FIXTURE
REQ_SYN_SEG_0250_fricative_duration	SYN_CH11	SYN_SEG_SPK_07	SYN_SESSION_07	SYN_SEG_0250	fricative_duration	initial				ms	requested			raw					SYN_GENERATOR_11042026	SYNTHETIC_TEACHING_FIXTURE
REQ_SYN_SEG_0250_fricative_cog	SYN_CH11	SYN_SEG_SPK_07	SYN_SESSION_07	SYN_SEG_0250	fricative_cog	initial				Hz	requested			raw					SYN_GENERATOR_11042026	SYNTHETIC_TEACHING_FIXTURE
REQ_SYN_SEG_0251_fricative_duration	SYN_CH11	SYN_SEG_SPK_07	SYN_SESSION_07	SYN_SEG_0251	fricative_duration	medial				ms	requested			raw					SYN_GENERATOR_11042026	SYNTHETIC_TEACHING_FIXTURE
REQ_SYN_SEG_0251_fricative_cog	SYN_CH11	SYN_SEG_SPK_07	SYN_SESSION_07	SYN_SEG_0251	fricative_cog	medial				Hz	requested			raw					SYN_GENERATOR_11042026	SYNTHETIC_TEACHING_FIXTURE
REQ_SYN_SEG_0252_fricative_duration	SYN_CH11	SYN_SEG_SPK_07	SYN_SESSION_07	SYN_SEG_0252	fricative_duration	final				ms	requested			raw					SYN_GENERATOR_11042026	SYNTHETIC_TEACHING_FIXTURE
REQ_SYN_SEG_0252_fricative_cog	SYN_CH11	SYN_SEG_SPK_07	SYN_SESSION_07	SYN_SEG_0252	fricative_cog	final				Hz	requested			raw					SYN_GENERATOR_11042026	SYNTHETIC_TEACHING_FIXTURE
REQ_SYN_SEG_0253_vot	SYN_CH11	SYN_SEG_SPK_08	SYN_SESSION_08	SYN_SEG_0253	vot	initial				ms	requested			raw					SYN_GENERATOR_11042026	SYNTHETIC_TEACHING_FIXTURE
REQ_SYN_SEG_0253_closure_duration	SYN_CH11	SYN_SEG_SPK_08	SYN_SESSION_08	SYN_SEG_0253	closure_duration	initial				ms	requested			raw					SYN_GENERATOR_11042026	SYNTHETIC_TEACHING_FIXTURE
REQ_SYN_SEG_0253_vowel_onset_f0	SYN_CH11	SYN_SEG_SPK_08	SYN_SESSION_08	SYN_SEG_0253	vowel_onset_f0	initial				Hz	requested			raw					SYN_GENERATOR_11042026	SYNTHETIC_TEACHING_FIXTURE
REQ_SYN_SEG_0254_vot	SYN_CH11	SYN_SEG_SPK_08	SYN_SESSION_08	SYN_SEG_0254	vot	medial				ms	requested			raw					SYN_GENERATOR_11042026	SYNTHETIC_TEACHING_FIXTURE
REQ_SYN_SEG_0254_closure_duration	SYN_CH11	SYN_SEG_SPK_08	SYN_SESSION_08	SYN_SEG_0254	closure_duration	medial				ms	requested			raw					SYN_GENERATOR_11042026	SYNTHETIC_TEACHING_FIXTURE
REQ_SYN_SEG_0254_vowel_onset_f0	SYN_CH11	SYN_SEG_SPK_08	SYN_SESSION_08	SYN_SEG_0254	vowel_onset_f0	medial				Hz	requested			raw					SYN_GENERATOR_11042026	SYNTHETIC_TEACHING_FIXTURE
REQ_SYN_SEG_0255_vot	SYN_CH11	SYN_SEG_SPK_08	SYN_SESSION_08	SYN_SEG_0255	vot	final				ms	requested			raw					SYN_GENERATOR_11042026	SYNTHETIC_TEACHING_FIXTURE
REQ_SYN_SEG_0255_closure_duration	SYN_CH11	SYN_SEG_SPK_08	SYN_SESSION_08	SYN_SEG_0255	closure_duration	final				ms	requested			raw					SYN_GENERATOR_11042026	SYNTHETIC_TEACHING_FIXTURE
REQ_SYN_SEG_0255_vowel_onset_f0	SYN_CH11	SYN_SEG_SPK_08	SYN_SESSION_08	SYN_SEG_0255	vowel_onset_f0	final				Hz	requested			raw					SYN_GENERATOR_11042026	SYNTHETIC_TEACHING_FIXTURE
REQ_SYN_SEG_0256_vot	SYN_CH11	SYN_SEG_SPK_08	SYN_SESSION_08	SYN_SEG_0256	vot	initial				ms	requested			raw					SYN_GENERATOR_11042026	SYNTHETIC_TEACHING_FIXTURE
REQ_SYN_SEG_0256_closure_duration	SYN_CH11	SYN_SEG_SPK_08	SYN_SESSION_08	SYN_SEG_0256	closure_duration	initial				ms	requested			raw					SYN_GENERATOR_11042026	SYNTHETIC_TEACHING_FIXTURE
REQ_SYN_SEG_0256_vowel_onset_f0	SYN_CH11	SYN_SEG_SPK_08	SYN_SESSION_08	SYN_SEG_0256	vowel_onset_f0	initial				Hz	requested			raw					SYN_GENERATOR_11042026	SYNTHETIC_TEACHING_FIXTURE
REQ_SYN_SEG_0257_vot	SYN_CH11	SYN_SEG_SPK_08	SYN_SESSION_08	SYN_SEG_0257	vot	medial				ms	requested			raw					SYN_GENERATOR_11042026	SYNTHETIC_TEACHING_FIXTURE
REQ_SYN_SEG_0257_closure_duration	SYN_CH11	SYN_SEG_SPK_08	SYN_SESSION_08	SYN_SEG_0257	closure_duration	medial				ms	requested			raw					SYN_GENERATOR_11042026	SYNTHETIC_TEACHING_FIXTURE
REQ_SYN_SEG_0257_vowel_onset_f0	SYN_CH11	SYN_SEG_SPK_08	SYN_SESSION_08	SYN_SEG_0257	vowel_onset_f0	medial				Hz	requested			raw					SYN_GENERATOR_11042026	SYNTHETIC_TEACHING_FIXTURE
REQ_SYN_SEG_0258_vot	SYN_CH11	SYN_SEG_SPK_08	SYN_SESSION_08	SYN_SEG_0258	vot	final				ms	requested			raw					SYN_GENERATOR_11042026	SYNTHETIC_TEACHING_FIXTURE
REQ_SYN_SEG_0258_closure_duration	SYN_CH11	SYN_SEG_SPK_08	SYN_SESSION_08	SYN_SEG_0258	closure_duration	final				ms	requested			raw					SYN_GENERATOR_11042026	SYNTHETIC_TEACHING_FIXTURE
REQ_SYN_SEG_0258_vowel_onset_f0	SYN_CH11	SYN_SEG_SPK_08	SYN_SESSION_08	SYN_SEG_0258	vowel_onset_f0	final				Hz	requested			raw					SYN_GENERATOR_11042026	SYNTHETIC_TEACHING_FIXTURE
REQ_SYN_SEG_0259_vot	SYN_CH11	SYN_SEG_SPK_08	SYN_SESSION_08	SYN_SEG_0259	vot	initial				ms	requested			raw					SYN_GENERATOR_11042026	SYNTHETIC_TEACHING_FIXTURE
REQ_SYN_SEG_0259_closure_duration	SYN_CH11	SYN_SEG_SPK_08	SYN_SESSION_08	SYN_SEG_0259	closure_duration	initial				ms	requested			raw					SYN_GENERATOR_11042026	SYNTHETIC_TEACHING_FIXTURE
REQ_SYN_SEG_0259_vowel_onset_f0	SYN_CH11	SYN_SEG_SPK_08	SYN_SESSION_08	SYN_SEG_0259	vowel_onset_f0	initial				Hz	requested			raw					SYN_GENERATOR_11042026	SYNTHETIC_TEACHING_FIXTURE
REQ_SYN_SEG_0260_vot	SYN_CH11	SYN_SEG_SPK_08	SYN_SESSION_08	SYN_SEG_0260	vot	medial				ms	requested			raw					SYN_GENERATOR_11042026	SYNTHETIC_TEACHING_FIXTURE
REQ_SYN_SEG_0260_closure_duration	SYN_CH11	SYN_SEG_SPK_08	SYN_SESSION_08	SYN_SEG_0260	closure_duration	medial				ms	requested			raw					SYN_GENERATOR_11042026	SYNTHETIC_TEACHING_FIXTURE
REQ_SYN_SEG_0260_vowel_onset_f0	SYN_CH11	SYN_SEG_SPK_08	SYN_SESSION_08	SYN_SEG_0260	vowel_onset_f0	medial				Hz	requested			raw					SYN_GENERATOR_11042026	SYNTHETIC_TEACHING_FIXTURE
REQ_SYN_SEG_0261_vot	SYN_CH11	SYN_SEG_SPK_08	SYN_SESSION_08	SYN_SEG_0261	vot	final				ms	requested			raw					SYN_GENERATOR_11042026	SYNTHETIC_TEACHING_FIXTURE
REQ_SYN_SEG_0261_closure_duration	SYN_CH11	SYN_SEG_SPK_08	SYN_SESSION_08	SYN_SEG_0261	closure_duration	final				ms	requested			raw					SYN_GENERATOR_11042026	SYNTHETIC_TEACHING_FIXTURE
REQ_SYN_SEG_0261_vowel_onset_f0	SYN_CH11	SYN_SEG_SPK_08	SYN_SESSION_08	SYN_SEG_0261	vowel_onset_f0	final				Hz	requested			raw					SYN_GENERATOR_11042026	SYNTHETIC_TEACHING_FIXTURE
REQ_SYN_SEG_0262_vot	SYN_CH11	SYN_SEG_SPK_08	SYN_SESSION_08	SYN_SEG_0262	vot	initial				ms	requested			raw					SYN_GENERATOR_11042026	SYNTHETIC_TEACHING_FIXTURE
REQ_SYN_SEG_0262_closure_duration	SYN_CH11	SYN_SEG_SPK_08	SYN_SESSION_08	SYN_SEG_0262	closure_duration	initial				ms	requested			raw					SYN_GENERATOR_11042026	SYNTHETIC_TEACHING_FIXTURE
REQ_SYN_SEG_0262_vowel_onset_f0	SYN_CH11	SYN_SEG_SPK_08	SYN_SESSION_08	SYN_SEG_0262	vowel_onset_f0	initial				Hz	requested			raw					SYN_GENERATOR_11042026	SYNTHETIC_TEACHING_FIXTURE
REQ_SYN_SEG_0263_vot	SYN_CH11	SYN_SEG_SPK_08	SYN_SESSION_08	SYN_SEG_0263	vot	medial				ms	requested			raw					SYN_GENERATOR_11042026	SYNTHETIC_TEACHING_FIXTURE
REQ_SYN_SEG_0263_closure_duration	SYN_CH11	SYN_SEG_SPK_08	SYN_SESSION_08	SYN_SEG_0263	closure_duration	medial				ms	requested			raw					SYN_GENERATOR_11042026	SYNTHETIC_TEACHING_FIXTURE
REQ_SYN_SEG_0263_vowel_onset_f0	SYN_CH11	SYN_SEG_SPK_08	SYN_SESSION_08	SYN_SEG_0263	vowel_onset_f0	medial				Hz	requested			raw					SYN_GENERATOR_11042026	SYNTHETIC_TEACHING_FIXTURE
REQ_SYN_SEG_0264_vot	SYN_CH11	SYN_SEG_SPK_08	SYN_SESSION_08	SYN_SEG_0264	vot	final				ms	requested			raw					SYN_GENERATOR_11042026	SYNTHETIC_TEACHING_FIXTURE
REQ_SYN_SEG_0264_closure_duration	SYN_CH11	SYN_SEG_SPK_08	SYN_SESSION_08	SYN_SEG_0264	closure_duration	final				ms	requested			raw					SYN_GENERATOR_11042026	SYNTHETIC_TEACHING_FIXTURE
REQ_SYN_SEG_0264_vowel_onset_f0	SYN_CH11	SYN_SEG_SPK_08	SYN_SESSION_08	SYN_SEG_0264	vowel_onset_f0	final				Hz	requested			raw					SYN_GENERATOR_11042026	SYNTHETIC_TEACHING_FIXTURE
REQ_SYN_SEG_0265_vowel_duration	SYN_CH11	SYN_SEG_SPK_08	SYN_SESSION_08	SYN_SEG_0265	vowel_duration	initial				ms	requested		training	raw					SYN_GENERATOR_11042026	SYNTHETIC_TEACHING_FIXTURE
REQ_SYN_SEG_0265_f1	SYN_CH11	SYN_SEG_SPK_08	SYN_SESSION_08	SYN_SEG_0265	f1	initial				Hz	requested		training	raw					SYN_GENERATOR_11042026	SYNTHETIC_TEACHING_FIXTURE
REQ_SYN_SEG_0265_f2	SYN_CH11	SYN_SEG_SPK_08	SYN_SESSION_08	SYN_SEG_0265	f2	initial				Hz	requested		training	raw					SYN_GENERATOR_11042026	SYNTHETIC_TEACHING_FIXTURE
REQ_SYN_SEG_0265_f3	SYN_CH11	SYN_SEG_SPK_08	SYN_SESSION_08	SYN_SEG_0265	f3	initial				Hz	requested		training	raw					SYN_GENERATOR_11042026	SYNTHETIC_TEACHING_FIXTURE
REQ_SYN_SEG_0266_vowel_duration	SYN_CH11	SYN_SEG_SPK_08	SYN_SESSION_08	SYN_SEG_0266	vowel_duration	medial				ms	requested		training	raw					SYN_GENERATOR_11042026	SYNTHETIC_TEACHING_FIXTURE
REQ_SYN_SEG_0266_f1	SYN_CH11	SYN_SEG_SPK_08	SYN_SESSION_08	SYN_SEG_0266	f1	medial				Hz	requested		training	raw					SYN_GENERATOR_11042026	SYNTHETIC_TEACHING_FIXTURE
REQ_SYN_SEG_0266_f2	SYN_CH11	SYN_SEG_SPK_08	SYN_SESSION_08	SYN_SEG_0266	f2	medial				Hz	requested		training	raw					SYN_GENERATOR_11042026	SYNTHETIC_TEACHING_FIXTURE
REQ_SYN_SEG_0266_f3	SYN_CH11	SYN_SEG_SPK_08	SYN_SESSION_08	SYN_SEG_0266	f3	medial				Hz	requested		training	raw					SYN_GENERATOR_11042026	SYNTHETIC_TEACHING_FIXTURE
REQ_SYN_SEG_0267_vowel_duration	SYN_CH11	SYN_SEG_SPK_08	SYN_SESSION_08	SYN_SEG_0267	vowel_duration	final				ms	requested		training	raw					SYN_GENERATOR_11042026	SYNTHETIC_TEACHING_FIXTURE
REQ_SYN_SEG_0267_f1	SYN_CH11	SYN_SEG_SPK_08	SYN_SESSION_08	SYN_SEG_0267	f1	final				Hz	requested		training	raw					SYN_GENERATOR_11042026	SYNTHETIC_TEACHING_FIXTURE
REQ_SYN_SEG_0267_f2	SYN_CH11	SYN_SEG_SPK_08	SYN_SESSION_08	SYN_SEG_0267	f2	final				Hz	requested		training	raw					SYN_GENERATOR_11042026	SYNTHETIC_TEACHING_FIXTURE
REQ_SYN_SEG_0267_f3	SYN_CH11	SYN_SEG_SPK_08	SYN_SESSION_08	SYN_SEG_0267	f3	final				Hz	requested		training	raw					SYN_GENERATOR_11042026	SYNTHETIC_TEACHING_FIXTURE
REQ_SYN_SEG_0268_vowel_duration	SYN_CH11	SYN_SEG_SPK_08	SYN_SESSION_08	SYN_SEG_0268	vowel_duration	initial				ms	requested		training	raw					SYN_GENERATOR_11042026	SYNTHETIC_TEACHING_FIXTURE
REQ_SYN_SEG_0268_f1	SYN_CH11	SYN_SEG_SPK_08	SYN_SESSION_08	SYN_SEG_0268	f1	initial				Hz	requested		training	raw					SYN_GENERATOR_11042026	SYNTHETIC_TEACHING_FIXTURE
REQ_SYN_SEG_0268_f2	SYN_CH11	SYN_SEG_SPK_08	SYN_SESSION_08	SYN_SEG_0268	f2	initial				Hz	requested		training	raw					SYN_GENERATOR_11042026	SYNTHETIC_TEACHING_FIXTURE
REQ_SYN_SEG_0268_f3	SYN_CH11	SYN_SEG_SPK_08	SYN_SESSION_08	SYN_SEG_0268	f3	initial				Hz	requested		training	raw					SYN_GENERATOR_11042026	SYNTHETIC_TEACHING_FIXTURE
REQ_SYN_SEG_0269_vowel_duration	SYN_CH11	SYN_SEG_SPK_08	SYN_SESSION_08	SYN_SEG_0269	vowel_duration	medial				ms	requested		training	raw					SYN_GENERATOR_11042026	SYNTHETIC_TEACHING_FIXTURE
REQ_SYN_SEG_0269_f1	SYN_CH11	SYN_SEG_SPK_08	SYN_SESSION_08	SYN_SEG_0269	f1	medial				Hz	requested		training	raw					SYN_GENERATOR_11042026	SYNTHETIC_TEACHING_FIXTURE
REQ_SYN_SEG_0269_f2	SYN_CH11	SYN_SEG_SPK_08	SYN_SESSION_08	SYN_SEG_0269	f2	medial				Hz	requested		training	raw					SYN_GENERATOR_11042026	SYNTHETIC_TEACHING_FIXTURE
REQ_SYN_SEG_0269_f3	SYN_CH11	SYN_SEG_SPK_08	SYN_SESSION_08	SYN_SEG_0269	f3	medial				Hz	requested		training	raw					SYN_GENERATOR_11042026	SYNTHETIC_TEACHING_FIXTURE
REQ_SYN_SEG_0270_vowel_duration	SYN_CH11	SYN_SEG_SPK_08	SYN_SESSION_08	SYN_SEG_0270	vowel_duration	final				ms	requested		training	raw					SYN_GENERATOR_11042026	SYNTHETIC_TEACHING_FIXTURE
REQ_SYN_SEG_0270_f1	SYN_CH11	SYN_SEG_SPK_08	SYN_SESSION_08	SYN_SEG_0270	f1	final				Hz	requested		training	raw					SYN_GENERATOR_11042026	SYNTHETIC_TEACHING_FIXTURE
REQ_SYN_SEG_0270_f2	SYN_CH11	SYN_SEG_SPK_08	SYN_SESSION_08	SYN_SEG_0270	f2	final				Hz	requested		training	raw					SYN_GENERATOR_11042026	SYNTHETIC_TEACHING_FIXTURE
REQ_SYN_SEG_0270_f3	SYN_CH11	SYN_SEG_SPK_08	SYN_SESSION_08	SYN_SEG_0270	f3	final				Hz	requested		training	raw					SYN_GENERATOR_11042026	SYNTHETIC_TEACHING_FIXTURE
REQ_SYN_SEG_0271_vowel_duration	SYN_CH11	SYN_SEG_SPK_08	SYN_SESSION_08	SYN_SEG_0271	vowel_duration	initial				ms	requested		training	raw					SYN_GENERATOR_11042026	SYNTHETIC_TEACHING_FIXTURE
REQ_SYN_SEG_0271_f1	SYN_CH11	SYN_SEG_SPK_08	SYN_SESSION_08	SYN_SEG_0271	f1	initial				Hz	requested		training	raw					SYN_GENERATOR_11042026	SYNTHETIC_TEACHING_FIXTURE
REQ_SYN_SEG_0271_f2	SYN_CH11	SYN_SEG_SPK_08	SYN_SESSION_08	SYN_SEG_0271	f2	initial				Hz	requested		training	raw					SYN_GENERATOR_11042026	SYNTHETIC_TEACHING_FIXTURE
REQ_SYN_SEG_0271_f3	SYN_CH11	SYN_SEG_SPK_08	SYN_SESSION_08	SYN_SEG_0271	f3	initial				Hz	requested		training	raw					SYN_GENERATOR_11042026	SYNTHETIC_TEACHING_FIXTURE
REQ_SYN_SEG_0272_vowel_duration	SYN_CH11	SYN_SEG_SPK_08	SYN_SESSION_08	SYN_SEG_0272	vowel_duration	medial				ms	requested		training	raw					SYN_GENERATOR_11042026	SYNTHETIC_TEACHING_FIXTURE
REQ_SYN_SEG_0272_f1	SYN_CH11	SYN_SEG_SPK_08	SYN_SESSION_08	SYN_SEG_0272	f1	medial				Hz	requested		training	raw					SYN_GENERATOR_11042026	SYNTHETIC_TEACHING_FIXTURE
REQ_SYN_SEG_0272_f2	SYN_CH11	SYN_SEG_SPK_08	SYN_SESSION_08	SYN_SEG_0272	f2	medial				Hz	requested		training	raw					SYN_GENERATOR_11042026	SYNTHETIC_TEACHING_FIXTURE
REQ_SYN_SEG_0272_f3	SYN_CH11	SYN_SEG_SPK_08	SYN_SESSION_08	SYN_SEG_0272	f3	medial				Hz	requested		training	raw					SYN_GENERATOR_11042026	SYNTHETIC_TEACHING_FIXTURE
REQ_SYN_SEG_0273_vowel_duration	SYN_CH11	SYN_SEG_SPK_08	SYN_SESSION_08	SYN_SEG_0273	vowel_duration	final				ms	requested		training	raw					SYN_GENERATOR_11042026	SYNTHETIC_TEACHING_FIXTURE
REQ_SYN_SEG_0273_f1	SYN_CH11	SYN_SEG_SPK_08	SYN_SESSION_08	SYN_SEG_0273	f1	final				Hz	requested		training	raw					SYN_GENERATOR_11042026	SYNTHETIC_TEACHING_FIXTURE
REQ_SYN_SEG_0273_f2	SYN_CH11	SYN_SEG_SPK_08	SYN_SESSION_08	SYN_SEG_0273	f2	final				Hz	requested		training	raw					SYN_GENERATOR_11042026	SYNTHETIC_TEACHING_FIXTURE
REQ_SYN_SEG_0273_f3	SYN_CH11	SYN_SEG_SPK_08	SYN_SESSION_08	SYN_SEG_0273	f3	final				Hz	requested		training	raw					SYN_GENERATOR_11042026	SYNTHETIC_TEACHING_FIXTURE
REQ_SYN_SEG_0274_vowel_duration	SYN_CH11	SYN_SEG_SPK_08	SYN_SESSION_08	SYN_SEG_0274	vowel_duration	initial				ms	requested		training	raw					SYN_GENERATOR_11042026	SYNTHETIC_TEACHING_FIXTURE
REQ_SYN_SEG_0274_f1	SYN_CH11	SYN_SEG_SPK_08	SYN_SESSION_08	SYN_SEG_0274	f1	initial				Hz	requested		training	raw					SYN_GENERATOR_11042026	SYNTHETIC_TEACHING_FIXTURE
REQ_SYN_SEG_0274_f2	SYN_CH11	SYN_SEG_SPK_08	SYN_SESSION_08	SYN_SEG_0274	f2	initial				Hz	requested		training	raw					SYN_GENERATOR_11042026	SYNTHETIC_TEACHING_FIXTURE
REQ_SYN_SEG_0274_f3	SYN_CH11	SYN_SEG_SPK_08	SYN_SESSION_08	SYN_SEG_0274	f3	initial				Hz	requested		training	raw					SYN_GENERATOR_11042026	SYNTHETIC_TEACHING_FIXTURE
REQ_SYN_SEG_0275_vowel_duration	SYN_CH11	SYN_SEG_SPK_08	SYN_SESSION_08	SYN_SEG_0275	vowel_duration	medial				ms	requested		training	raw					SYN_GENERATOR_11042026	SYNTHETIC_TEACHING_FIXTURE
REQ_SYN_SEG_0275_f1	SYN_CH11	SYN_SEG_SPK_08	SYN_SESSION_08	SYN_SEG_0275	f1	medial				Hz	requested		training	raw					SYN_GENERATOR_11042026	SYNTHETIC_TEACHING_FIXTURE
REQ_SYN_SEG_0275_f2	SYN_CH11	SYN_SEG_SPK_08	SYN_SESSION_08	SYN_SEG_0275	f2	medial				Hz	requested		training	raw					SYN_GENERATOR_11042026	SYNTHETIC_TEACHING_FIXTURE
REQ_SYN_SEG_0275_f3	SYN_CH11	SYN_SEG_SPK_08	SYN_SESSION_08	SYN_SEG_0275	f3	medial				Hz	requested		training	raw					SYN_GENERATOR_11042026	SYNTHETIC_TEACHING_FIXTURE
REQ_SYN_SEG_0276_vowel_duration	SYN_CH11	SYN_SEG_SPK_08	SYN_SESSION_08	SYN_SEG_0276	vowel_duration	final				ms	requested		training	raw					SYN_GENERATOR_11042026	SYNTHETIC_TEACHING_FIXTURE
REQ_SYN_SEG_0276_f1	SYN_CH11	SYN_SEG_SPK_08	SYN_SESSION_08	SYN_SEG_0276	f1	final				Hz	requested		training	raw					SYN_GENERATOR_11042026	SYNTHETIC_TEACHING_FIXTURE
REQ_SYN_SEG_0276_f2	SYN_CH11	SYN_SEG_SPK_08	SYN_SESSION_08	SYN_SEG_0276	f2	final				Hz	requested		training	raw					SYN_GENERATOR_11042026	SYNTHETIC_TEACHING_FIXTURE
REQ_SYN_SEG_0276_f3	SYN_CH11	SYN_SEG_SPK_08	SYN_SESSION_08	SYN_SEG_0276	f3	final				Hz	requested		training	raw					SYN_GENERATOR_11042026	SYNTHETIC_TEACHING_FIXTURE
REQ_SYN_SEG_0277_fricative_duration	SYN_CH11	SYN_SEG_SPK_08	SYN_SESSION_08	SYN_SEG_0277	fricative_duration	initial				ms	requested			raw					SYN_GENERATOR_11042026	SYNTHETIC_TEACHING_FIXTURE
REQ_SYN_SEG_0277_fricative_cog	SYN_CH11	SYN_SEG_SPK_08	SYN_SESSION_08	SYN_SEG_0277	fricative_cog	initial				Hz	requested			raw					SYN_GENERATOR_11042026	SYNTHETIC_TEACHING_FIXTURE
REQ_SYN_SEG_0278_fricative_duration	SYN_CH11	SYN_SEG_SPK_08	SYN_SESSION_08	SYN_SEG_0278	fricative_duration	medial				ms	requested			raw					SYN_GENERATOR_11042026	SYNTHETIC_TEACHING_FIXTURE
REQ_SYN_SEG_0278_fricative_cog	SYN_CH11	SYN_SEG_SPK_08	SYN_SESSION_08	SYN_SEG_0278	fricative_cog	medial				Hz	requested			raw					SYN_GENERATOR_11042026	SYNTHETIC_TEACHING_FIXTURE
REQ_SYN_SEG_0279_fricative_duration	SYN_CH11	SYN_SEG_SPK_08	SYN_SESSION_08	SYN_SEG_0279	fricative_duration	final				ms	requested			raw					SYN_GENERATOR_11042026	SYNTHETIC_TEACHING_FIXTURE
REQ_SYN_SEG_0279_fricative_cog	SYN_CH11	SYN_SEG_SPK_08	SYN_SESSION_08	SYN_SEG_0279	fricative_cog	final				Hz	requested			raw					SYN_GENERATOR_11042026	SYNTHETIC_TEACHING_FIXTURE
REQ_SYN_SEG_0280_fricative_duration	SYN_CH11	SYN_SEG_SPK_08	SYN_SESSION_08	SYN_SEG_0280	fricative_duration	initial				ms	requested			raw					SYN_GENERATOR_11042026	SYNTHETIC_TEACHING_FIXTURE
REQ_SYN_SEG_0280_fricative_cog	SYN_CH11	SYN_SEG_SPK_08	SYN_SESSION_08	SYN_SEG_0280	fricative_cog	initial				Hz	requested			raw					SYN_GENERATOR_11042026	SYNTHETIC_TEACHING_FIXTURE
REQ_SYN_SEG_0281_fricative_duration	SYN_CH11	SYN_SEG_SPK_08	SYN_SESSION_08	SYN_SEG_0281	fricative_duration	medial				ms	requested			raw					SYN_GENERATOR_11042026	SYNTHETIC_TEACHING_FIXTURE
REQ_SYN_SEG_0281_fricative_cog	SYN_CH11	SYN_SEG_SPK_08	SYN_SESSION_08	SYN_SEG_0281	fricative_cog	medial				Hz	requested			raw					SYN_GENERATOR_11042026	SYNTHETIC_TEACHING_FIXTURE
REQ_SYN_SEG_0282_fricative_duration	SYN_CH11	SYN_SEG_SPK_08	SYN_SESSION_08	SYN_SEG_0282	fricative_duration	final				ms	requested			raw					SYN_GENERATOR_11042026	SYNTHETIC_TEACHING_FIXTURE
REQ_SYN_SEG_0282_fricative_cog	SYN_CH11	SYN_SEG_SPK_08	SYN_SESSION_08	SYN_SEG_0282	fricative_cog	final				Hz	requested			raw					SYN_GENERATOR_11042026	SYNTHETIC_TEACHING_FIXTURE
REQ_SYN_SEG_0283_fricative_duration	SYN_CH11	SYN_SEG_SPK_08	SYN_SESSION_08	SYN_SEG_0283	fricative_duration	initial				ms	requested			raw					SYN_GENERATOR_11042026	SYNTHETIC_TEACHING_FIXTURE
REQ_SYN_SEG_0283_fricative_cog	SYN_CH11	SYN_SEG_SPK_08	SYN_SESSION_08	SYN_SEG_0283	fricative_cog	initial				Hz	requested			raw					SYN_GENERATOR_11042026	SYNTHETIC_TEACHING_FIXTURE
REQ_SYN_SEG_0284_fricative_duration	SYN_CH11	SYN_SEG_SPK_08	SYN_SESSION_08	SYN_SEG_0284	fricative_duration	medial				ms	requested			raw					SYN_GENERATOR_11042026	SYNTHETIC_TEACHING_FIXTURE
REQ_SYN_SEG_0284_fricative_cog	SYN_CH11	SYN_SEG_SPK_08	SYN_SESSION_08	SYN_SEG_0284	fricative_cog	medial				Hz	requested			raw					SYN_GENERATOR_11042026	SYNTHETIC_TEACHING_FIXTURE
REQ_SYN_SEG_0285_fricative_duration	SYN_CH11	SYN_SEG_SPK_08	SYN_SESSION_08	SYN_SEG_0285	fricative_duration	final				ms	requested			raw					SYN_GENERATOR_11042026	SYNTHETIC_TEACHING_FIXTURE
REQ_SYN_SEG_0285_fricative_cog	SYN_CH11	SYN_SEG_SPK_08	SYN_SESSION_08	SYN_SEG_0285	fricative_cog	final				Hz	requested			raw					SYN_GENERATOR_11042026	SYNTHETIC_TEACHING_FIXTURE
REQ_SYN_SEG_0286_fricative_duration	SYN_CH11	SYN_SEG_SPK_08	SYN_SESSION_08	SYN_SEG_0286	fricative_duration	initial				ms	requested			raw					SYN_GENERATOR_11042026	SYNTHETIC_TEACHING_FIXTURE
REQ_SYN_SEG_0286_fricative_cog	SYN_CH11	SYN_SEG_SPK_08	SYN_SESSION_08	SYN_SEG_0286	fricative_cog	initial				Hz	requested			raw					SYN_GENERATOR_11042026	SYNTHETIC_TEACHING_FIXTURE
REQ_SYN_SEG_0287_fricative_duration	SYN_CH11	SYN_SEG_SPK_08	SYN_SESSION_08	SYN_SEG_0287	fricative_duration	medial				ms	requested			raw					SYN_GENERATOR_11042026	SYNTHETIC_TEACHING_FIXTURE
REQ_SYN_SEG_0287_fricative_cog	SYN_CH11	SYN_SEG_SPK_08	SYN_SESSION_08	SYN_SEG_0287	fricative_cog	medial				Hz	requested			raw					SYN_GENERATOR_11042026	SYNTHETIC_TEACHING_FIXTURE
REQ_SYN_SEG_0288_fricative_duration	SYN_CH11	SYN_SEG_SPK_08	SYN_SESSION_08	SYN_SEG_0288	fricative_duration	final				ms	requested			raw					SYN_GENERATOR_11042026	SYNTHETIC_TEACHING_FIXTURE
REQ_SYN_SEG_0288_fricative_cog	SYN_CH11	SYN_SEG_SPK_08	SYN_SESSION_08	SYN_SEG_0288	fricative_cog	final				Hz	requested			raw					SYN_GENERATOR_11042026	SYNTHETIC_TEACHING_FIXTURE
REQ_SYN_SEG_0289_vot	SYN_CH11	SYN_SEG_SPK_09	SYN_SESSION_09	SYN_SEG_0289	vot	initial				ms	requested			raw					SYN_GENERATOR_11042026	SYNTHETIC_TEACHING_FIXTURE
REQ_SYN_SEG_0289_closure_duration	SYN_CH11	SYN_SEG_SPK_09	SYN_SESSION_09	SYN_SEG_0289	closure_duration	initial				ms	requested			raw					SYN_GENERATOR_11042026	SYNTHETIC_TEACHING_FIXTURE
REQ_SYN_SEG_0289_vowel_onset_f0	SYN_CH11	SYN_SEG_SPK_09	SYN_SESSION_09	SYN_SEG_0289	vowel_onset_f0	initial				Hz	requested			raw					SYN_GENERATOR_11042026	SYNTHETIC_TEACHING_FIXTURE
REQ_SYN_SEG_0290_vot	SYN_CH11	SYN_SEG_SPK_09	SYN_SESSION_09	SYN_SEG_0290	vot	medial				ms	requested			raw					SYN_GENERATOR_11042026	SYNTHETIC_TEACHING_FIXTURE
REQ_SYN_SEG_0290_closure_duration	SYN_CH11	SYN_SEG_SPK_09	SYN_SESSION_09	SYN_SEG_0290	closure_duration	medial				ms	requested			raw					SYN_GENERATOR_11042026	SYNTHETIC_TEACHING_FIXTURE
REQ_SYN_SEG_0290_vowel_onset_f0	SYN_CH11	SYN_SEG_SPK_09	SYN_SESSION_09	SYN_SEG_0290	vowel_onset_f0	medial				Hz	requested			raw					SYN_GENERATOR_11042026	SYNTHETIC_TEACHING_FIXTURE
REQ_SYN_SEG_0291_vot	SYN_CH11	SYN_SEG_SPK_09	SYN_SESSION_09	SYN_SEG_0291	vot	final				ms	requested			raw					SYN_GENERATOR_11042026	SYNTHETIC_TEACHING_FIXTURE
REQ_SYN_SEG_0291_closure_duration	SYN_CH11	SYN_SEG_SPK_09	SYN_SESSION_09	SYN_SEG_0291	closure_duration	final				ms	requested			raw					SYN_GENERATOR_11042026	SYNTHETIC_TEACHING_FIXTURE
REQ_SYN_SEG_0291_vowel_onset_f0	SYN_CH11	SYN_SEG_SPK_09	SYN_SESSION_09	SYN_SEG_0291	vowel_onset_f0	final				Hz	requested			raw					SYN_GENERATOR_11042026	SYNTHETIC_TEACHING_FIXTURE
REQ_SYN_SEG_0292_vot	SYN_CH11	SYN_SEG_SPK_09	SYN_SESSION_09	SYN_SEG_0292	vot	initial				ms	requested			raw					SYN_GENERATOR_11042026	SYNTHETIC_TEACHING_FIXTURE
REQ_SYN_SEG_0292_closure_duration	SYN_CH11	SYN_SEG_SPK_09	SYN_SESSION_09	SYN_SEG_0292	closure_duration	initial				ms	requested			raw					SYN_GENERATOR_11042026	SYNTHETIC_TEACHING_FIXTURE
REQ_SYN_SEG_0292_vowel_onset_f0	SYN_CH11	SYN_SEG_SPK_09	SYN_SESSION_09	SYN_SEG_0292	vowel_onset_f0	initial				Hz	requested			raw					SYN_GENERATOR_11042026	SYNTHETIC_TEACHING_FIXTURE
REQ_SYN_SEG_0293_vot	SYN_CH11	SYN_SEG_SPK_09	SYN_SESSION_09	SYN_SEG_0293	vot	medial				ms	requested			raw					SYN_GENERATOR_11042026	SYNTHETIC_TEACHING_FIXTURE
REQ_SYN_SEG_0293_closure_duration	SYN_CH11	SYN_SEG_SPK_09	SYN_SESSION_09	SYN_SEG_0293	closure_duration	medial				ms	requested			raw					SYN_GENERATOR_11042026	SYNTHETIC_TEACHING_FIXTURE
REQ_SYN_SEG_0293_vowel_onset_f0	SYN_CH11	SYN_SEG_SPK_09	SYN_SESSION_09	SYN_SEG_0293	vowel_onset_f0	medial				Hz	requested			raw					SYN_GENERATOR_11042026	SYNTHETIC_TEACHING_FIXTURE
REQ_SYN_SEG_0294_vot	SYN_CH11	SYN_SEG_SPK_09	SYN_SESSION_09	SYN_SEG_0294	vot	final				ms	requested			raw					SYN_GENERATOR_11042026	SYNTHETIC_TEACHING_FIXTURE
REQ_SYN_SEG_0294_closure_duration	SYN_CH11	SYN_SEG_SPK_09	SYN_SESSION_09	SYN_SEG_0294	closure_duration	final				ms	requested			raw					SYN_GENERATOR_11042026	SYNTHETIC_TEACHING_FIXTURE
REQ_SYN_SEG_0294_vowel_onset_f0	SYN_CH11	SYN_SEG_SPK_09	SYN_SESSION_09	SYN_SEG_0294	vowel_onset_f0	final				Hz	requested			raw					SYN_GENERATOR_11042026	SYNTHETIC_TEACHING_FIXTURE
REQ_SYN_SEG_0295_vot	SYN_CH11	SYN_SEG_SPK_09	SYN_SESSION_09	SYN_SEG_0295	vot	initial				ms	requested			raw					SYN_GENERATOR_11042026	SYNTHETIC_TEACHING_FIXTURE
REQ_SYN_SEG_0295_closure_duration	SYN_CH11	SYN_SEG_SPK_09	SYN_SESSION_09	SYN_SEG_0295	closure_duration	initial				ms	requested			raw					SYN_GENERATOR_11042026	SYNTHETIC_TEACHING_FIXTURE
REQ_SYN_SEG_0295_vowel_onset_f0	SYN_CH11	SYN_SEG_SPK_09	SYN_SESSION_09	SYN_SEG_0295	vowel_onset_f0	initial				Hz	requested			raw					SYN_GENERATOR_11042026	SYNTHETIC_TEACHING_FIXTURE
REQ_SYN_SEG_0296_vot	SYN_CH11	SYN_SEG_SPK_09	SYN_SESSION_09	SYN_SEG_0296	vot	medial				ms	requested			raw					SYN_GENERATOR_11042026	SYNTHETIC_TEACHING_FIXTURE
REQ_SYN_SEG_0296_closure_duration	SYN_CH11	SYN_SEG_SPK_09	SYN_SESSION_09	SYN_SEG_0296	closure_duration	medial				ms	requested			raw					SYN_GENERATOR_11042026	SYNTHETIC_TEACHING_FIXTURE
REQ_SYN_SEG_0296_vowel_onset_f0	SYN_CH11	SYN_SEG_SPK_09	SYN_SESSION_09	SYN_SEG_0296	vowel_onset_f0	medial				Hz	requested			raw					SYN_GENERATOR_11042026	SYNTHETIC_TEACHING_FIXTURE
REQ_SYN_SEG_0297_vot	SYN_CH11	SYN_SEG_SPK_09	SYN_SESSION_09	SYN_SEG_0297	vot	final				ms	requested			raw					SYN_GENERATOR_11042026	SYNTHETIC_TEACHING_FIXTURE
REQ_SYN_SEG_0297_closure_duration	SYN_CH11	SYN_SEG_SPK_09	SYN_SESSION_09	SYN_SEG_0297	closure_duration	final				ms	requested			raw					SYN_GENERATOR_11042026	SYNTHETIC_TEACHING_FIXTURE
REQ_SYN_SEG_0297_vowel_onset_f0	SYN_CH11	SYN_SEG_SPK_09	SYN_SESSION_09	SYN_SEG_0297	vowel_onset_f0	final				Hz	requested			raw					SYN_GENERATOR_11042026	SYNTHETIC_TEACHING_FIXTURE
REQ_SYN_SEG_0298_vot	SYN_CH11	SYN_SEG_SPK_09	SYN_SESSION_09	SYN_SEG_0298	vot	initial				ms	requested			raw					SYN_GENERATOR_11042026	SYNTHETIC_TEACHING_FIXTURE
REQ_SYN_SEG_0298_closure_duration	SYN_CH11	SYN_SEG_SPK_09	SYN_SESSION_09	SYN_SEG_0298	closure_duration	initial				ms	requested			raw					SYN_GENERATOR_11042026	SYNTHETIC_TEACHING_FIXTURE
REQ_SYN_SEG_0298_vowel_onset_f0	SYN_CH11	SYN_SEG_SPK_09	SYN_SESSION_09	SYN_SEG_0298	vowel_onset_f0	initial				Hz	requested			raw					SYN_GENERATOR_11042026	SYNTHETIC_TEACHING_FIXTURE
REQ_SYN_SEG_0299_vot	SYN_CH11	SYN_SEG_SPK_09	SYN_SESSION_09	SYN_SEG_0299	vot	medial				ms	requested			raw					SYN_GENERATOR_11042026	SYNTHETIC_TEACHING_FIXTURE
REQ_SYN_SEG_0299_closure_duration	SYN_CH11	SYN_SEG_SPK_09	SYN_SESSION_09	SYN_SEG_0299	closure_duration	medial				ms	requested			raw					SYN_GENERATOR_11042026	SYNTHETIC_TEACHING_FIXTURE
REQ_SYN_SEG_0299_vowel_onset_f0	SYN_CH11	SYN_SEG_SPK_09	SYN_SESSION_09	SYN_SEG_0299	vowel_onset_f0	medial				Hz	requested			raw					SYN_GENERATOR_11042026	SYNTHETIC_TEACHING_FIXTURE
REQ_SYN_SEG_0300_vot	SYN_CH11	SYN_SEG_SPK_09	SYN_SESSION_09	SYN_SEG_0300	vot	final				ms	requested			raw					SYN_GENERATOR_11042026	SYNTHETIC_TEACHING_FIXTURE
REQ_SYN_SEG_0300_closure_duration	SYN_CH11	SYN_SEG_SPK_09	SYN_SESSION_09	SYN_SEG_0300	closure_duration	final				ms	requested			raw					SYN_GENERATOR_11042026	SYNTHETIC_TEACHING_FIXTURE
REQ_SYN_SEG_0300_vowel_onset_f0	SYN_CH11	SYN_SEG_SPK_09	SYN_SESSION_09	SYN_SEG_0300	vowel_onset_f0	final				Hz	requested			raw					SYN_GENERATOR_11042026	SYNTHETIC_TEACHING_FIXTURE
REQ_SYN_SEG_0301_vowel_duration	SYN_CH11	SYN_SEG_SPK_09	SYN_SESSION_09	SYN_SEG_0301	vowel_duration	initial				ms	requested		training	raw					SYN_GENERATOR_11042026	SYNTHETIC_TEACHING_FIXTURE
REQ_SYN_SEG_0301_f1	SYN_CH11	SYN_SEG_SPK_09	SYN_SESSION_09	SYN_SEG_0301	f1	initial				Hz	requested		training	raw					SYN_GENERATOR_11042026	SYNTHETIC_TEACHING_FIXTURE
REQ_SYN_SEG_0301_f2	SYN_CH11	SYN_SEG_SPK_09	SYN_SESSION_09	SYN_SEG_0301	f2	initial				Hz	requested		training	raw					SYN_GENERATOR_11042026	SYNTHETIC_TEACHING_FIXTURE
REQ_SYN_SEG_0301_f3	SYN_CH11	SYN_SEG_SPK_09	SYN_SESSION_09	SYN_SEG_0301	f3	initial				Hz	requested		training	raw					SYN_GENERATOR_11042026	SYNTHETIC_TEACHING_FIXTURE
REQ_SYN_SEG_0302_vowel_duration	SYN_CH11	SYN_SEG_SPK_09	SYN_SESSION_09	SYN_SEG_0302	vowel_duration	medial				ms	requested		training	raw					SYN_GENERATOR_11042026	SYNTHETIC_TEACHING_FIXTURE
REQ_SYN_SEG_0302_f1	SYN_CH11	SYN_SEG_SPK_09	SYN_SESSION_09	SYN_SEG_0302	f1	medial				Hz	requested		training	raw					SYN_GENERATOR_11042026	SYNTHETIC_TEACHING_FIXTURE
REQ_SYN_SEG_0302_f2	SYN_CH11	SYN_SEG_SPK_09	SYN_SESSION_09	SYN_SEG_0302	f2	medial				Hz	requested		training	raw					SYN_GENERATOR_11042026	SYNTHETIC_TEACHING_FIXTURE
REQ_SYN_SEG_0302_f3	SYN_CH11	SYN_SEG_SPK_09	SYN_SESSION_09	SYN_SEG_0302	f3	medial				Hz	requested		training	raw					SYN_GENERATOR_11042026	SYNTHETIC_TEACHING_FIXTURE
REQ_SYN_SEG_0303_vowel_duration	SYN_CH11	SYN_SEG_SPK_09	SYN_SESSION_09	SYN_SEG_0303	vowel_duration	final				ms	requested		training	raw					SYN_GENERATOR_11042026	SYNTHETIC_TEACHING_FIXTURE
REQ_SYN_SEG_0303_f1	SYN_CH11	SYN_SEG_SPK_09	SYN_SESSION_09	SYN_SEG_0303	f1	final				Hz	requested		training	raw					SYN_GENERATOR_11042026	SYNTHETIC_TEACHING_FIXTURE
REQ_SYN_SEG_0303_f2	SYN_CH11	SYN_SEG_SPK_09	SYN_SESSION_09	SYN_SEG_0303	f2	final				Hz	requested		training	raw					SYN_GENERATOR_11042026	SYNTHETIC_TEACHING_FIXTURE
REQ_SYN_SEG_0303_f3	SYN_CH11	SYN_SEG_SPK_09	SYN_SESSION_09	SYN_SEG_0303	f3	final				Hz	requested		training	raw					SYN_GENERATOR_11042026	SYNTHETIC_TEACHING_FIXTURE
REQ_SYN_SEG_0304_vowel_duration	SYN_CH11	SYN_SEG_SPK_09	SYN_SESSION_09	SYN_SEG_0304	vowel_duration	initial				ms	requested		training	raw					SYN_GENERATOR_11042026	SYNTHETIC_TEACHING_FIXTURE
REQ_SYN_SEG_0304_f1	SYN_CH11	SYN_SEG_SPK_09	SYN_SESSION_09	SYN_SEG_0304	f1	initial				Hz	requested		training	raw					SYN_GENERATOR_11042026	SYNTHETIC_TEACHING_FIXTURE
REQ_SYN_SEG_0304_f2	SYN_CH11	SYN_SEG_SPK_09	SYN_SESSION_09	SYN_SEG_0304	f2	initial				Hz	requested		training	raw					SYN_GENERATOR_11042026	SYNTHETIC_TEACHING_FIXTURE
REQ_SYN_SEG_0304_f3	SYN_CH11	SYN_SEG_SPK_09	SYN_SESSION_09	SYN_SEG_0304	f3	initial				Hz	requested		training	raw					SYN_GENERATOR_11042026	SYNTHETIC_TEACHING_FIXTURE
REQ_SYN_SEG_0305_vowel_duration	SYN_CH11	SYN_SEG_SPK_09	SYN_SESSION_09	SYN_SEG_0305	vowel_duration	medial				ms	requested		training	raw					SYN_GENERATOR_11042026	SYNTHETIC_TEACHING_FIXTURE
REQ_SYN_SEG_0305_f1	SYN_CH11	SYN_SEG_SPK_09	SYN_SESSION_09	SYN_SEG_0305	f1	medial				Hz	requested		training	raw					SYN_GENERATOR_11042026	SYNTHETIC_TEACHING_FIXTURE
REQ_SYN_SEG_0305_f2	SYN_CH11	SYN_SEG_SPK_09	SYN_SESSION_09	SYN_SEG_0305	f2	medial				Hz	requested		training	raw					SYN_GENERATOR_11042026	SYNTHETIC_TEACHING_FIXTURE
REQ_SYN_SEG_0305_f3	SYN_CH11	SYN_SEG_SPK_09	SYN_SESSION_09	SYN_SEG_0305	f3	medial				Hz	requested		training	raw					SYN_GENERATOR_11042026	SYNTHETIC_TEACHING_FIXTURE
REQ_SYN_SEG_0306_vowel_duration	SYN_CH11	SYN_SEG_SPK_09	SYN_SESSION_09	SYN_SEG_0306	vowel_duration	final				ms	requested		training	raw					SYN_GENERATOR_11042026	SYNTHETIC_TEACHING_FIXTURE
REQ_SYN_SEG_0306_f1	SYN_CH11	SYN_SEG_SPK_09	SYN_SESSION_09	SYN_SEG_0306	f1	final				Hz	requested		training	raw					SYN_GENERATOR_11042026	SYNTHETIC_TEACHING_FIXTURE
REQ_SYN_SEG_0306_f2	SYN_CH11	SYN_SEG_SPK_09	SYN_SESSION_09	SYN_SEG_0306	f2	final				Hz	requested		training	raw					SYN_GENERATOR_11042026	SYNTHETIC_TEACHING_FIXTURE
REQ_SYN_SEG_0306_f3	SYN_CH11	SYN_SEG_SPK_09	SYN_SESSION_09	SYN_SEG_0306	f3	final				Hz	requested		training	raw					SYN_GENERATOR_11042026	SYNTHETIC_TEACHING_FIXTURE
REQ_SYN_SEG_0307_vowel_duration	SYN_CH11	SYN_SEG_SPK_09	SYN_SESSION_09	SYN_SEG_0307	vowel_duration	initial				ms	requested		training	raw					SYN_GENERATOR_11042026	SYNTHETIC_TEACHING_FIXTURE
REQ_SYN_SEG_0307_f1	SYN_CH11	SYN_SEG_SPK_09	SYN_SESSION_09	SYN_SEG_0307	f1	initial				Hz	requested		training	raw					SYN_GENERATOR_11042026	SYNTHETIC_TEACHING_FIXTURE
REQ_SYN_SEG_0307_f2	SYN_CH11	SYN_SEG_SPK_09	SYN_SESSION_09	SYN_SEG_0307	f2	initial				Hz	requested		training	raw					SYN_GENERATOR_11042026	SYNTHETIC_TEACHING_FIXTURE
REQ_SYN_SEG_0307_f3	SYN_CH11	SYN_SEG_SPK_09	SYN_SESSION_09	SYN_SEG_0307	f3	initial				Hz	requested		training	raw					SYN_GENERATOR_11042026	SYNTHETIC_TEACHING_FIXTURE
REQ_SYN_SEG_0308_vowel_duration	SYN_CH11	SYN_SEG_SPK_09	SYN_SESSION_09	SYN_SEG_0308	vowel_duration	medial				ms	requested		training	raw					SYN_GENERATOR_11042026	SYNTHETIC_TEACHING_FIXTURE
REQ_SYN_SEG_0308_f1	SYN_CH11	SYN_SEG_SPK_09	SYN_SESSION_09	SYN_SEG_0308	f1	medial				Hz	requested		training	raw					SYN_GENERATOR_11042026	SYNTHETIC_TEACHING_FIXTURE
REQ_SYN_SEG_0308_f2	SYN_CH11	SYN_SEG_SPK_09	SYN_SESSION_09	SYN_SEG_0308	f2	medial				Hz	requested		training	raw					SYN_GENERATOR_11042026	SYNTHETIC_TEACHING_FIXTURE
REQ_SYN_SEG_0308_f3	SYN_CH11	SYN_SEG_SPK_09	SYN_SESSION_09	SYN_SEG_0308	f3	medial				Hz	requested		training	raw					SYN_GENERATOR_11042026	SYNTHETIC_TEACHING_FIXTURE
REQ_SYN_SEG_0309_vowel_duration	SYN_CH11	SYN_SEG_SPK_09	SYN_SESSION_09	SYN_SEG_0309	vowel_duration	final				ms	requested		training	raw					SYN_GENERATOR_11042026	SYNTHETIC_TEACHING_FIXTURE
REQ_SYN_SEG_0309_f1	SYN_CH11	SYN_SEG_SPK_09	SYN_SESSION_09	SYN_SEG_0309	f1	final				Hz	requested		training	raw					SYN_GENERATOR_11042026	SYNTHETIC_TEACHING_FIXTURE
REQ_SYN_SEG_0309_f2	SYN_CH11	SYN_SEG_SPK_09	SYN_SESSION_09	SYN_SEG_0309	f2	final				Hz	requested		training	raw					SYN_GENERATOR_11042026	SYNTHETIC_TEACHING_FIXTURE
REQ_SYN_SEG_0309_f3	SYN_CH11	SYN_SEG_SPK_09	SYN_SESSION_09	SYN_SEG_0309	f3	final				Hz	requested		training	raw					SYN_GENERATOR_11042026	SYNTHETIC_TEACHING_FIXTURE
REQ_SYN_SEG_0310_vowel_duration	SYN_CH11	SYN_SEG_SPK_09	SYN_SESSION_09	SYN_SEG_0310	vowel_duration	initial				ms	requested		training	raw					SYN_GENERATOR_11042026	SYNTHETIC_TEACHING_FIXTURE
REQ_SYN_SEG_0310_f1	SYN_CH11	SYN_SEG_SPK_09	SYN_SESSION_09	SYN_SEG_0310	f1	initial				Hz	requested		training	raw					SYN_GENERATOR_11042026	SYNTHETIC_TEACHING_FIXTURE
REQ_SYN_SEG_0310_f2	SYN_CH11	SYN_SEG_SPK_09	SYN_SESSION_09	SYN_SEG_0310	f2	initial				Hz	requested		training	raw					SYN_GENERATOR_11042026	SYNTHETIC_TEACHING_FIXTURE
REQ_SYN_SEG_0310_f3	SYN_CH11	SYN_SEG_SPK_09	SYN_SESSION_09	SYN_SEG_0310	f3	initial				Hz	requested		training	raw					SYN_GENERATOR_11042026	SYNTHETIC_TEACHING_FIXTURE
REQ_SYN_SEG_0311_vowel_duration	SYN_CH11	SYN_SEG_SPK_09	SYN_SESSION_09	SYN_SEG_0311	vowel_duration	medial				ms	requested		training	raw					SYN_GENERATOR_11042026	SYNTHETIC_TEACHING_FIXTURE
REQ_SYN_SEG_0311_f1	SYN_CH11	SYN_SEG_SPK_09	SYN_SESSION_09	SYN_SEG_0311	f1	medial				Hz	requested		training	raw					SYN_GENERATOR_11042026	SYNTHETIC_TEACHING_FIXTURE
REQ_SYN_SEG_0311_f2	SYN_CH11	SYN_SEG_SPK_09	SYN_SESSION_09	SYN_SEG_0311	f2	medial				Hz	requested		training	raw					SYN_GENERATOR_11042026	SYNTHETIC_TEACHING_FIXTURE
REQ_SYN_SEG_0311_f3	SYN_CH11	SYN_SEG_SPK_09	SYN_SESSION_09	SYN_SEG_0311	f3	medial				Hz	requested		training	raw					SYN_GENERATOR_11042026	SYNTHETIC_TEACHING_FIXTURE
REQ_SYN_SEG_0312_vowel_duration	SYN_CH11	SYN_SEG_SPK_09	SYN_SESSION_09	SYN_SEG_0312	vowel_duration	final				ms	requested		training	raw					SYN_GENERATOR_11042026	SYNTHETIC_TEACHING_FIXTURE
REQ_SYN_SEG_0312_f1	SYN_CH11	SYN_SEG_SPK_09	SYN_SESSION_09	SYN_SEG_0312	f1	final				Hz	requested		training	raw					SYN_GENERATOR_11042026	SYNTHETIC_TEACHING_FIXTURE
REQ_SYN_SEG_0312_f2	SYN_CH11	SYN_SEG_SPK_09	SYN_SESSION_09	SYN_SEG_0312	f2	final				Hz	requested		training	raw					SYN_GENERATOR_11042026	SYNTHETIC_TEACHING_FIXTURE
REQ_SYN_SEG_0312_f3	SYN_CH11	SYN_SEG_SPK_09	SYN_SESSION_09	SYN_SEG_0312	f3	final				Hz	requested		training	raw					SYN_GENERATOR_11042026	SYNTHETIC_TEACHING_FIXTURE
REQ_SYN_SEG_0313_fricative_duration	SYN_CH11	SYN_SEG_SPK_09	SYN_SESSION_09	SYN_SEG_0313	fricative_duration	initial				ms	requested			raw					SYN_GENERATOR_11042026	SYNTHETIC_TEACHING_FIXTURE
REQ_SYN_SEG_0313_fricative_cog	SYN_CH11	SYN_SEG_SPK_09	SYN_SESSION_09	SYN_SEG_0313	fricative_cog	initial				Hz	requested			raw					SYN_GENERATOR_11042026	SYNTHETIC_TEACHING_FIXTURE
REQ_SYN_SEG_0314_fricative_duration	SYN_CH11	SYN_SEG_SPK_09	SYN_SESSION_09	SYN_SEG_0314	fricative_duration	medial				ms	requested			raw					SYN_GENERATOR_11042026	SYNTHETIC_TEACHING_FIXTURE
REQ_SYN_SEG_0314_fricative_cog	SYN_CH11	SYN_SEG_SPK_09	SYN_SESSION_09	SYN_SEG_0314	fricative_cog	medial				Hz	requested			raw					SYN_GENERATOR_11042026	SYNTHETIC_TEACHING_FIXTURE
REQ_SYN_SEG_0315_fricative_duration	SYN_CH11	SYN_SEG_SPK_09	SYN_SESSION_09	SYN_SEG_0315	fricative_duration	final				ms	requested			raw					SYN_GENERATOR_11042026	SYNTHETIC_TEACHING_FIXTURE
REQ_SYN_SEG_0315_fricative_cog	SYN_CH11	SYN_SEG_SPK_09	SYN_SESSION_09	SYN_SEG_0315	fricative_cog	final				Hz	requested			raw					SYN_GENERATOR_11042026	SYNTHETIC_TEACHING_FIXTURE
REQ_SYN_SEG_0316_fricative_duration	SYN_CH11	SYN_SEG_SPK_09	SYN_SESSION_09	SYN_SEG_0316	fricative_duration	initial				ms	requested			raw					SYN_GENERATOR_11042026	SYNTHETIC_TEACHING_FIXTURE
REQ_SYN_SEG_0316_fricative_cog	SYN_CH11	SYN_SEG_SPK_09	SYN_SESSION_09	SYN_SEG_0316	fricative_cog	initial				Hz	requested			raw					SYN_GENERATOR_11042026	SYNTHETIC_TEACHING_FIXTURE
REQ_SYN_SEG_0317_fricative_duration	SYN_CH11	SYN_SEG_SPK_09	SYN_SESSION_09	SYN_SEG_0317	fricative_duration	medial				ms	requested			raw					SYN_GENERATOR_11042026	SYNTHETIC_TEACHING_FIXTURE
REQ_SYN_SEG_0317_fricative_cog	SYN_CH11	SYN_SEG_SPK_09	SYN_SESSION_09	SYN_SEG_0317	fricative_cog	medial				Hz	requested			raw					SYN_GENERATOR_11042026	SYNTHETIC_TEACHING_FIXTURE
REQ_SYN_SEG_0318_fricative_duration	SYN_CH11	SYN_SEG_SPK_09	SYN_SESSION_09	SYN_SEG_0318	fricative_duration	final				ms	requested			raw					SYN_GENERATOR_11042026	SYNTHETIC_TEACHING_FIXTURE
REQ_SYN_SEG_0318_fricative_cog	SYN_CH11	SYN_SEG_SPK_09	SYN_SESSION_09	SYN_SEG_0318	fricative_cog	final				Hz	requested			raw					SYN_GENERATOR_11042026	SYNTHETIC_TEACHING_FIXTURE
REQ_SYN_SEG_0319_fricative_duration	SYN_CH11	SYN_SEG_SPK_09	SYN_SESSION_09	SYN_SEG_0319	fricative_duration	initial				ms	requested			raw					SYN_GENERATOR_11042026	SYNTHETIC_TEACHING_FIXTURE
REQ_SYN_SEG_0319_fricative_cog	SYN_CH11	SYN_SEG_SPK_09	SYN_SESSION_09	SYN_SEG_0319	fricative_cog	initial				Hz	requested			raw					SYN_GENERATOR_11042026	SYNTHETIC_TEACHING_FIXTURE
REQ_SYN_SEG_0320_fricative_duration	SYN_CH11	SYN_SEG_SPK_09	SYN_SESSION_09	SYN_SEG_0320	fricative_duration	medial				ms	requested			raw					SYN_GENERATOR_11042026	SYNTHETIC_TEACHING_FIXTURE
REQ_SYN_SEG_0320_fricative_cog	SYN_CH11	SYN_SEG_SPK_09	SYN_SESSION_09	SYN_SEG_0320	fricative_cog	medial				Hz	requested			raw					SYN_GENERATOR_11042026	SYNTHETIC_TEACHING_FIXTURE
REQ_SYN_SEG_0321_fricative_duration	SYN_CH11	SYN_SEG_SPK_09	SYN_SESSION_09	SYN_SEG_0321	fricative_duration	final				ms	requested			raw					SYN_GENERATOR_11042026	SYNTHETIC_TEACHING_FIXTURE
REQ_SYN_SEG_0321_fricative_cog	SYN_CH11	SYN_SEG_SPK_09	SYN_SESSION_09	SYN_SEG_0321	fricative_cog	final				Hz	requested			raw					SYN_GENERATOR_11042026	SYNTHETIC_TEACHING_FIXTURE
REQ_SYN_SEG_0322_fricative_duration	SYN_CH11	SYN_SEG_SPK_09	SYN_SESSION_09	SYN_SEG_0322	fricative_duration	initial				ms	requested			raw					SYN_GENERATOR_11042026	SYNTHETIC_TEACHING_FIXTURE
REQ_SYN_SEG_0322_fricative_cog	SYN_CH11	SYN_SEG_SPK_09	SYN_SESSION_09	SYN_SEG_0322	fricative_cog	initial				Hz	requested			raw					SYN_GENERATOR_11042026	SYNTHETIC_TEACHING_FIXTURE
REQ_SYN_SEG_0323_fricative_duration	SYN_CH11	SYN_SEG_SPK_09	SYN_SESSION_09	SYN_SEG_0323	fricative_duration	medial				ms	requested			raw					SYN_GENERATOR_11042026	SYNTHETIC_TEACHING_FIXTURE
REQ_SYN_SEG_0323_fricative_cog	SYN_CH11	SYN_SEG_SPK_09	SYN_SESSION_09	SYN_SEG_0323	fricative_cog	medial				Hz	requested			raw					SYN_GENERATOR_11042026	SYNTHETIC_TEACHING_FIXTURE
REQ_SYN_SEG_0324_fricative_duration	SYN_CH11	SYN_SEG_SPK_09	SYN_SESSION_09	SYN_SEG_0324	fricative_duration	final				ms	requested			raw					SYN_GENERATOR_11042026	SYNTHETIC_TEACHING_FIXTURE
REQ_SYN_SEG_0324_fricative_cog	SYN_CH11	SYN_SEG_SPK_09	SYN_SESSION_09	SYN_SEG_0324	fricative_cog	final				Hz	requested			raw					SYN_GENERATOR_11042026	SYNTHETIC_TEACHING_FIXTURE
REQ_SYN_SEG_0325_vot	SYN_CH11	SYN_SEG_SPK_10	SYN_SESSION_10	SYN_SEG_0325	vot	initial				ms	requested			raw					SYN_GENERATOR_11042026	SYNTHETIC_TEACHING_FIXTURE
REQ_SYN_SEG_0325_closure_duration	SYN_CH11	SYN_SEG_SPK_10	SYN_SESSION_10	SYN_SEG_0325	closure_duration	initial				ms	requested			raw					SYN_GENERATOR_11042026	SYNTHETIC_TEACHING_FIXTURE
REQ_SYN_SEG_0325_vowel_onset_f0	SYN_CH11	SYN_SEG_SPK_10	SYN_SESSION_10	SYN_SEG_0325	vowel_onset_f0	initial				Hz	requested			raw					SYN_GENERATOR_11042026	SYNTHETIC_TEACHING_FIXTURE
REQ_SYN_SEG_0326_vot	SYN_CH11	SYN_SEG_SPK_10	SYN_SESSION_10	SYN_SEG_0326	vot	medial				ms	requested			raw					SYN_GENERATOR_11042026	SYNTHETIC_TEACHING_FIXTURE
REQ_SYN_SEG_0326_closure_duration	SYN_CH11	SYN_SEG_SPK_10	SYN_SESSION_10	SYN_SEG_0326	closure_duration	medial				ms	requested			raw					SYN_GENERATOR_11042026	SYNTHETIC_TEACHING_FIXTURE
REQ_SYN_SEG_0326_vowel_onset_f0	SYN_CH11	SYN_SEG_SPK_10	SYN_SESSION_10	SYN_SEG_0326	vowel_onset_f0	medial				Hz	requested			raw					SYN_GENERATOR_11042026	SYNTHETIC_TEACHING_FIXTURE
REQ_SYN_SEG_0327_vot	SYN_CH11	SYN_SEG_SPK_10	SYN_SESSION_10	SYN_SEG_0327	vot	final				ms	requested			raw					SYN_GENERATOR_11042026	SYNTHETIC_TEACHING_FIXTURE
REQ_SYN_SEG_0327_closure_duration	SYN_CH11	SYN_SEG_SPK_10	SYN_SESSION_10	SYN_SEG_0327	closure_duration	final				ms	requested			raw					SYN_GENERATOR_11042026	SYNTHETIC_TEACHING_FIXTURE
REQ_SYN_SEG_0327_vowel_onset_f0	SYN_CH11	SYN_SEG_SPK_10	SYN_SESSION_10	SYN_SEG_0327	vowel_onset_f0	final				Hz	requested			raw					SYN_GENERATOR_11042026	SYNTHETIC_TEACHING_FIXTURE
REQ_SYN_SEG_0328_vot	SYN_CH11	SYN_SEG_SPK_10	SYN_SESSION_10	SYN_SEG_0328	vot	initial				ms	requested			raw					SYN_GENERATOR_11042026	SYNTHETIC_TEACHING_FIXTURE
REQ_SYN_SEG_0328_closure_duration	SYN_CH11	SYN_SEG_SPK_10	SYN_SESSION_10	SYN_SEG_0328	closure_duration	initial				ms	requested			raw					SYN_GENERATOR_11042026	SYNTHETIC_TEACHING_FIXTURE
REQ_SYN_SEG_0328_vowel_onset_f0	SYN_CH11	SYN_SEG_SPK_10	SYN_SESSION_10	SYN_SEG_0328	vowel_onset_f0	initial				Hz	requested			raw					SYN_GENERATOR_11042026	SYNTHETIC_TEACHING_FIXTURE
REQ_SYN_SEG_0329_vot	SYN_CH11	SYN_SEG_SPK_10	SYN_SESSION_10	SYN_SEG_0329	vot	medial				ms	requested			raw					SYN_GENERATOR_11042026	SYNTHETIC_TEACHING_FIXTURE
REQ_SYN_SEG_0329_closure_duration	SYN_CH11	SYN_SEG_SPK_10	SYN_SESSION_10	SYN_SEG_0329	closure_duration	medial				ms	requested			raw					SYN_GENERATOR_11042026	SYNTHETIC_TEACHING_FIXTURE
REQ_SYN_SEG_0329_vowel_onset_f0	SYN_CH11	SYN_SEG_SPK_10	SYN_SESSION_10	SYN_SEG_0329	vowel_onset_f0	medial				Hz	requested			raw					SYN_GENERATOR_11042026	SYNTHETIC_TEACHING_FIXTURE
REQ_SYN_SEG_0330_vot	SYN_CH11	SYN_SEG_SPK_10	SYN_SESSION_10	SYN_SEG_0330	vot	final				ms	requested			raw					SYN_GENERATOR_11042026	SYNTHETIC_TEACHING_FIXTURE
REQ_SYN_SEG_0330_closure_duration	SYN_CH11	SYN_SEG_SPK_10	SYN_SESSION_10	SYN_SEG_0330	closure_duration	final				ms	requested			raw					SYN_GENERATOR_11042026	SYNTHETIC_TEACHING_FIXTURE
REQ_SYN_SEG_0330_vowel_onset_f0	SYN_CH11	SYN_SEG_SPK_10	SYN_SESSION_10	SYN_SEG_0330	vowel_onset_f0	final				Hz	requested			raw					SYN_GENERATOR_11042026	SYNTHETIC_TEACHING_FIXTURE
REQ_SYN_SEG_0331_vot	SYN_CH11	SYN_SEG_SPK_10	SYN_SESSION_10	SYN_SEG_0331	vot	initial				ms	requested			raw					SYN_GENERATOR_11042026	SYNTHETIC_TEACHING_FIXTURE
REQ_SYN_SEG_0331_closure_duration	SYN_CH11	SYN_SEG_SPK_10	SYN_SESSION_10	SYN_SEG_0331	closure_duration	initial				ms	requested			raw					SYN_GENERATOR_11042026	SYNTHETIC_TEACHING_FIXTURE
REQ_SYN_SEG_0331_vowel_onset_f0	SYN_CH11	SYN_SEG_SPK_10	SYN_SESSION_10	SYN_SEG_0331	vowel_onset_f0	initial				Hz	requested			raw					SYN_GENERATOR_11042026	SYNTHETIC_TEACHING_FIXTURE
REQ_SYN_SEG_0332_vot	SYN_CH11	SYN_SEG_SPK_10	SYN_SESSION_10	SYN_SEG_0332	vot	medial				ms	requested			raw					SYN_GENERATOR_11042026	SYNTHETIC_TEACHING_FIXTURE
REQ_SYN_SEG_0332_closure_duration	SYN_CH11	SYN_SEG_SPK_10	SYN_SESSION_10	SYN_SEG_0332	closure_duration	medial				ms	requested			raw					SYN_GENERATOR_11042026	SYNTHETIC_TEACHING_FIXTURE
REQ_SYN_SEG_0332_vowel_onset_f0	SYN_CH11	SYN_SEG_SPK_10	SYN_SESSION_10	SYN_SEG_0332	vowel_onset_f0	medial				Hz	requested			raw					SYN_GENERATOR_11042026	SYNTHETIC_TEACHING_FIXTURE
REQ_SYN_SEG_0333_vot	SYN_CH11	SYN_SEG_SPK_10	SYN_SESSION_10	SYN_SEG_0333	vot	final				ms	requested			raw					SYN_GENERATOR_11042026	SYNTHETIC_TEACHING_FIXTURE
REQ_SYN_SEG_0333_closure_duration	SYN_CH11	SYN_SEG_SPK_10	SYN_SESSION_10	SYN_SEG_0333	closure_duration	final				ms	requested			raw					SYN_GENERATOR_11042026	SYNTHETIC_TEACHING_FIXTURE
REQ_SYN_SEG_0333_vowel_onset_f0	SYN_CH11	SYN_SEG_SPK_10	SYN_SESSION_10	SYN_SEG_0333	vowel_onset_f0	final				Hz	requested			raw					SYN_GENERATOR_11042026	SYNTHETIC_TEACHING_FIXTURE
REQ_SYN_SEG_0334_vot	SYN_CH11	SYN_SEG_SPK_10	SYN_SESSION_10	SYN_SEG_0334	vot	initial				ms	requested			raw					SYN_GENERATOR_11042026	SYNTHETIC_TEACHING_FIXTURE
REQ_SYN_SEG_0334_closure_duration	SYN_CH11	SYN_SEG_SPK_10	SYN_SESSION_10	SYN_SEG_0334	closure_duration	initial				ms	requested			raw					SYN_GENERATOR_11042026	SYNTHETIC_TEACHING_FIXTURE
REQ_SYN_SEG_0334_vowel_onset_f0	SYN_CH11	SYN_SEG_SPK_10	SYN_SESSION_10	SYN_SEG_0334	vowel_onset_f0	initial				Hz	requested			raw					SYN_GENERATOR_11042026	SYNTHETIC_TEACHING_FIXTURE
REQ_SYN_SEG_0335_vot	SYN_CH11	SYN_SEG_SPK_10	SYN_SESSION_10	SYN_SEG_0335	vot	medial				ms	requested			raw					SYN_GENERATOR_11042026	SYNTHETIC_TEACHING_FIXTURE
REQ_SYN_SEG_0335_closure_duration	SYN_CH11	SYN_SEG_SPK_10	SYN_SESSION_10	SYN_SEG_0335	closure_duration	medial				ms	requested			raw					SYN_GENERATOR_11042026	SYNTHETIC_TEACHING_FIXTURE
REQ_SYN_SEG_0335_vowel_onset_f0	SYN_CH11	SYN_SEG_SPK_10	SYN_SESSION_10	SYN_SEG_0335	vowel_onset_f0	medial				Hz	requested			raw					SYN_GENERATOR_11042026	SYNTHETIC_TEACHING_FIXTURE
REQ_SYN_SEG_0336_vot	SYN_CH11	SYN_SEG_SPK_10	SYN_SESSION_10	SYN_SEG_0336	vot	final				ms	requested			raw					SYN_GENERATOR_11042026	SYNTHETIC_TEACHING_FIXTURE
REQ_SYN_SEG_0336_closure_duration	SYN_CH11	SYN_SEG_SPK_10	SYN_SESSION_10	SYN_SEG_0336	closure_duration	final				ms	requested			raw					SYN_GENERATOR_11042026	SYNTHETIC_TEACHING_FIXTURE
REQ_SYN_SEG_0336_vowel_onset_f0	SYN_CH11	SYN_SEG_SPK_10	SYN_SESSION_10	SYN_SEG_0336	vowel_onset_f0	final				Hz	requested			raw					SYN_GENERATOR_11042026	SYNTHETIC_TEACHING_FIXTURE
REQ_SYN_SEG_0337_vowel_duration	SYN_CH11	SYN_SEG_SPK_10	SYN_SESSION_10	SYN_SEG_0337	vowel_duration	initial				ms	requested		training	raw					SYN_GENERATOR_11042026	SYNTHETIC_TEACHING_FIXTURE
REQ_SYN_SEG_0337_f1	SYN_CH11	SYN_SEG_SPK_10	SYN_SESSION_10	SYN_SEG_0337	f1	initial				Hz	requested		training	raw					SYN_GENERATOR_11042026	SYNTHETIC_TEACHING_FIXTURE
REQ_SYN_SEG_0337_f2	SYN_CH11	SYN_SEG_SPK_10	SYN_SESSION_10	SYN_SEG_0337	f2	initial				Hz	requested		training	raw					SYN_GENERATOR_11042026	SYNTHETIC_TEACHING_FIXTURE
REQ_SYN_SEG_0337_f3	SYN_CH11	SYN_SEG_SPK_10	SYN_SESSION_10	SYN_SEG_0337	f3	initial				Hz	requested		training	raw					SYN_GENERATOR_11042026	SYNTHETIC_TEACHING_FIXTURE
REQ_SYN_SEG_0338_vowel_duration	SYN_CH11	SYN_SEG_SPK_10	SYN_SESSION_10	SYN_SEG_0338	vowel_duration	medial				ms	requested		training	raw					SYN_GENERATOR_11042026	SYNTHETIC_TEACHING_FIXTURE
REQ_SYN_SEG_0338_f1	SYN_CH11	SYN_SEG_SPK_10	SYN_SESSION_10	SYN_SEG_0338	f1	medial				Hz	requested		training	raw					SYN_GENERATOR_11042026	SYNTHETIC_TEACHING_FIXTURE
REQ_SYN_SEG_0338_f2	SYN_CH11	SYN_SEG_SPK_10	SYN_SESSION_10	SYN_SEG_0338	f2	medial				Hz	requested		training	raw					SYN_GENERATOR_11042026	SYNTHETIC_TEACHING_FIXTURE
REQ_SYN_SEG_0338_f3	SYN_CH11	SYN_SEG_SPK_10	SYN_SESSION_10	SYN_SEG_0338	f3	medial				Hz	requested		training	raw					SYN_GENERATOR_11042026	SYNTHETIC_TEACHING_FIXTURE
REQ_SYN_SEG_0339_vowel_duration	SYN_CH11	SYN_SEG_SPK_10	SYN_SESSION_10	SYN_SEG_0339	vowel_duration	final				ms	requested		training	raw					SYN_GENERATOR_11042026	SYNTHETIC_TEACHING_FIXTURE
REQ_SYN_SEG_0339_f1	SYN_CH11	SYN_SEG_SPK_10	SYN_SESSION_10	SYN_SEG_0339	f1	final				Hz	requested		training	raw					SYN_GENERATOR_11042026	SYNTHETIC_TEACHING_FIXTURE
REQ_SYN_SEG_0339_f2	SYN_CH11	SYN_SEG_SPK_10	SYN_SESSION_10	SYN_SEG_0339	f2	final				Hz	requested		training	raw					SYN_GENERATOR_11042026	SYNTHETIC_TEACHING_FIXTURE
REQ_SYN_SEG_0339_f3	SYN_CH11	SYN_SEG_SPK_10	SYN_SESSION_10	SYN_SEG_0339	f3	final				Hz	requested		training	raw					SYN_GENERATOR_11042026	SYNTHETIC_TEACHING_FIXTURE
REQ_SYN_SEG_0340_vowel_duration	SYN_CH11	SYN_SEG_SPK_10	SYN_SESSION_10	SYN_SEG_0340	vowel_duration	initial				ms	requested		training	raw					SYN_GENERATOR_11042026	SYNTHETIC_TEACHING_FIXTURE
REQ_SYN_SEG_0340_f1	SYN_CH11	SYN_SEG_SPK_10	SYN_SESSION_10	SYN_SEG_0340	f1	initial				Hz	requested		training	raw					SYN_GENERATOR_11042026	SYNTHETIC_TEACHING_FIXTURE
REQ_SYN_SEG_0340_f2	SYN_CH11	SYN_SEG_SPK_10	SYN_SESSION_10	SYN_SEG_0340	f2	initial				Hz	requested		training	raw					SYN_GENERATOR_11042026	SYNTHETIC_TEACHING_FIXTURE
REQ_SYN_SEG_0340_f3	SYN_CH11	SYN_SEG_SPK_10	SYN_SESSION_10	SYN_SEG_0340	f3	initial				Hz	requested		training	raw					SYN_GENERATOR_11042026	SYNTHETIC_TEACHING_FIXTURE
REQ_SYN_SEG_0341_vowel_duration	SYN_CH11	SYN_SEG_SPK_10	SYN_SESSION_10	SYN_SEG_0341	vowel_duration	medial				ms	requested		training	raw					SYN_GENERATOR_11042026	SYNTHETIC_TEACHING_FIXTURE
REQ_SYN_SEG_0341_f1	SYN_CH11	SYN_SEG_SPK_10	SYN_SESSION_10	SYN_SEG_0341	f1	medial				Hz	requested		training	raw					SYN_GENERATOR_11042026	SYNTHETIC_TEACHING_FIXTURE
REQ_SYN_SEG_0341_f2	SYN_CH11	SYN_SEG_SPK_10	SYN_SESSION_10	SYN_SEG_0341	f2	medial				Hz	requested		training	raw					SYN_GENERATOR_11042026	SYNTHETIC_TEACHING_FIXTURE
REQ_SYN_SEG_0341_f3	SYN_CH11	SYN_SEG_SPK_10	SYN_SESSION_10	SYN_SEG_0341	f3	medial				Hz	requested		training	raw					SYN_GENERATOR_11042026	SYNTHETIC_TEACHING_FIXTURE
REQ_SYN_SEG_0342_vowel_duration	SYN_CH11	SYN_SEG_SPK_10	SYN_SESSION_10	SYN_SEG_0342	vowel_duration	final				ms	requested		training	raw					SYN_GENERATOR_11042026	SYNTHETIC_TEACHING_FIXTURE
REQ_SYN_SEG_0342_f1	SYN_CH11	SYN_SEG_SPK_10	SYN_SESSION_10	SYN_SEG_0342	f1	final				Hz	requested		training	raw					SYN_GENERATOR_11042026	SYNTHETIC_TEACHING_FIXTURE
REQ_SYN_SEG_0342_f2	SYN_CH11	SYN_SEG_SPK_10	SYN_SESSION_10	SYN_SEG_0342	f2	final				Hz	requested		training	raw					SYN_GENERATOR_11042026	SYNTHETIC_TEACHING_FIXTURE
REQ_SYN_SEG_0342_f3	SYN_CH11	SYN_SEG_SPK_10	SYN_SESSION_10	SYN_SEG_0342	f3	final				Hz	requested		training	raw					SYN_GENERATOR_11042026	SYNTHETIC_TEACHING_FIXTURE
REQ_SYN_SEG_0343_vowel_duration	SYN_CH11	SYN_SEG_SPK_10	SYN_SESSION_10	SYN_SEG_0343	vowel_duration	initial				ms	requested		training	raw					SYN_GENERATOR_11042026	SYNTHETIC_TEACHING_FIXTURE
REQ_SYN_SEG_0343_f1	SYN_CH11	SYN_SEG_SPK_10	SYN_SESSION_10	SYN_SEG_0343	f1	initial				Hz	requested		training	raw					SYN_GENERATOR_11042026	SYNTHETIC_TEACHING_FIXTURE
REQ_SYN_SEG_0343_f2	SYN_CH11	SYN_SEG_SPK_10	SYN_SESSION_10	SYN_SEG_0343	f2	initial				Hz	requested		training	raw					SYN_GENERATOR_11042026	SYNTHETIC_TEACHING_FIXTURE
REQ_SYN_SEG_0343_f3	SYN_CH11	SYN_SEG_SPK_10	SYN_SESSION_10	SYN_SEG_0343	f3	initial				Hz	requested		training	raw					SYN_GENERATOR_11042026	SYNTHETIC_TEACHING_FIXTURE
REQ_SYN_SEG_0344_vowel_duration	SYN_CH11	SYN_SEG_SPK_10	SYN_SESSION_10	SYN_SEG_0344	vowel_duration	medial				ms	requested		training	raw					SYN_GENERATOR_11042026	SYNTHETIC_TEACHING_FIXTURE
REQ_SYN_SEG_0344_f1	SYN_CH11	SYN_SEG_SPK_10	SYN_SESSION_10	SYN_SEG_0344	f1	medial				Hz	requested		training	raw					SYN_GENERATOR_11042026	SYNTHETIC_TEACHING_FIXTURE
REQ_SYN_SEG_0344_f2	SYN_CH11	SYN_SEG_SPK_10	SYN_SESSION_10	SYN_SEG_0344	f2	medial				Hz	requested		training	raw					SYN_GENERATOR_11042026	SYNTHETIC_TEACHING_FIXTURE
REQ_SYN_SEG_0344_f3	SYN_CH11	SYN_SEG_SPK_10	SYN_SESSION_10	SYN_SEG_0344	f3	medial				Hz	requested		training	raw					SYN_GENERATOR_11042026	SYNTHETIC_TEACHING_FIXTURE
REQ_SYN_SEG_0345_vowel_duration	SYN_CH11	SYN_SEG_SPK_10	SYN_SESSION_10	SYN_SEG_0345	vowel_duration	final				ms	requested		training	raw					SYN_GENERATOR_11042026	SYNTHETIC_TEACHING_FIXTURE
REQ_SYN_SEG_0345_f1	SYN_CH11	SYN_SEG_SPK_10	SYN_SESSION_10	SYN_SEG_0345	f1	final				Hz	requested		training	raw					SYN_GENERATOR_11042026	SYNTHETIC_TEACHING_FIXTURE
REQ_SYN_SEG_0345_f2	SYN_CH11	SYN_SEG_SPK_10	SYN_SESSION_10	SYN_SEG_0345	f2	final				Hz	requested		training	raw					SYN_GENERATOR_11042026	SYNTHETIC_TEACHING_FIXTURE
REQ_SYN_SEG_0345_f3	SYN_CH11	SYN_SEG_SPK_10	SYN_SESSION_10	SYN_SEG_0345	f3	final				Hz	requested		training	raw					SYN_GENERATOR_11042026	SYNTHETIC_TEACHING_FIXTURE
REQ_SYN_SEG_0346_vowel_duration	SYN_CH11	SYN_SEG_SPK_10	SYN_SESSION_10	SYN_SEG_0346	vowel_duration	initial				ms	requested		training	raw					SYN_GENERATOR_11042026	SYNTHETIC_TEACHING_FIXTURE
REQ_SYN_SEG_0346_f1	SYN_CH11	SYN_SEG_SPK_10	SYN_SESSION_10	SYN_SEG_0346	f1	initial				Hz	requested		training	raw					SYN_GENERATOR_11042026	SYNTHETIC_TEACHING_FIXTURE
REQ_SYN_SEG_0346_f2	SYN_CH11	SYN_SEG_SPK_10	SYN_SESSION_10	SYN_SEG_0346	f2	initial				Hz	requested		training	raw					SYN_GENERATOR_11042026	SYNTHETIC_TEACHING_FIXTURE
REQ_SYN_SEG_0346_f3	SYN_CH11	SYN_SEG_SPK_10	SYN_SESSION_10	SYN_SEG_0346	f3	initial				Hz	requested		training	raw					SYN_GENERATOR_11042026	SYNTHETIC_TEACHING_FIXTURE
REQ_SYN_SEG_0347_vowel_duration	SYN_CH11	SYN_SEG_SPK_10	SYN_SESSION_10	SYN_SEG_0347	vowel_duration	medial				ms	requested		training	raw					SYN_GENERATOR_11042026	SYNTHETIC_TEACHING_FIXTURE
REQ_SYN_SEG_0347_f1	SYN_CH11	SYN_SEG_SPK_10	SYN_SESSION_10	SYN_SEG_0347	f1	medial				Hz	requested		training	raw					SYN_GENERATOR_11042026	SYNTHETIC_TEACHING_FIXTURE
REQ_SYN_SEG_0347_f2	SYN_CH11	SYN_SEG_SPK_10	SYN_SESSION_10	SYN_SEG_0347	f2	medial				Hz	requested		training	raw					SYN_GENERATOR_11042026	SYNTHETIC_TEACHING_FIXTURE
REQ_SYN_SEG_0347_f3	SYN_CH11	SYN_SEG_SPK_10	SYN_SESSION_10	SYN_SEG_0347	f3	medial				Hz	requested		training	raw					SYN_GENERATOR_11042026	SYNTHETIC_TEACHING_FIXTURE
REQ_SYN_SEG_0348_vowel_duration	SYN_CH11	SYN_SEG_SPK_10	SYN_SESSION_10	SYN_SEG_0348	vowel_duration	final				ms	requested		training	raw					SYN_GENERATOR_11042026	SYNTHETIC_TEACHING_FIXTURE
REQ_SYN_SEG_0348_f1	SYN_CH11	SYN_SEG_SPK_10	SYN_SESSION_10	SYN_SEG_0348	f1	final				Hz	requested		training	raw					SYN_GENERATOR_11042026	SYNTHETIC_TEACHING_FIXTURE
REQ_SYN_SEG_0348_f2	SYN_CH11	SYN_SEG_SPK_10	SYN_SESSION_10	SYN_SEG_0348	f2	final				Hz	requested		training	raw					SYN_GENERATOR_11042026	SYNTHETIC_TEACHING_FIXTURE
REQ_SYN_SEG_0348_f3	SYN_CH11	SYN_SEG_SPK_10	SYN_SESSION_10	SYN_SEG_0348	f3	final				Hz	requested		training	raw					SYN_GENERATOR_11042026	SYNTHETIC_TEACHING_FIXTURE
REQ_SYN_SEG_0349_fricative_duration	SYN_CH11	SYN_SEG_SPK_10	SYN_SESSION_10	SYN_SEG_0349	fricative_duration	initial				ms	requested			raw					SYN_GENERATOR_11042026	SYNTHETIC_TEACHING_FIXTURE
REQ_SYN_SEG_0349_fricative_cog	SYN_CH11	SYN_SEG_SPK_10	SYN_SESSION_10	SYN_SEG_0349	fricative_cog	initial				Hz	requested			raw					SYN_GENERATOR_11042026	SYNTHETIC_TEACHING_FIXTURE
REQ_SYN_SEG_0350_fricative_duration	SYN_CH11	SYN_SEG_SPK_10	SYN_SESSION_10	SYN_SEG_0350	fricative_duration	medial				ms	requested			raw					SYN_GENERATOR_11042026	SYNTHETIC_TEACHING_FIXTURE
REQ_SYN_SEG_0350_fricative_cog	SYN_CH11	SYN_SEG_SPK_10	SYN_SESSION_10	SYN_SEG_0350	fricative_cog	medial				Hz	requested			raw					SYN_GENERATOR_11042026	SYNTHETIC_TEACHING_FIXTURE
REQ_SYN_SEG_0351_fricative_duration	SYN_CH11	SYN_SEG_SPK_10	SYN_SESSION_10	SYN_SEG_0351	fricative_duration	final				ms	requested			raw					SYN_GENERATOR_11042026	SYNTHETIC_TEACHING_FIXTURE
REQ_SYN_SEG_0351_fricative_cog	SYN_CH11	SYN_SEG_SPK_10	SYN_SESSION_10	SYN_SEG_0351	fricative_cog	final				Hz	requested			raw					SYN_GENERATOR_11042026	SYNTHETIC_TEACHING_FIXTURE
REQ_SYN_SEG_0352_fricative_duration	SYN_CH11	SYN_SEG_SPK_10	SYN_SESSION_10	SYN_SEG_0352	fricative_duration	initial				ms	requested			raw					SYN_GENERATOR_11042026	SYNTHETIC_TEACHING_FIXTURE
REQ_SYN_SEG_0352_fricative_cog	SYN_CH11	SYN_SEG_SPK_10	SYN_SESSION_10	SYN_SEG_0352	fricative_cog	initial				Hz	requested			raw					SYN_GENERATOR_11042026	SYNTHETIC_TEACHING_FIXTURE
REQ_SYN_SEG_0353_fricative_duration	SYN_CH11	SYN_SEG_SPK_10	SYN_SESSION_10	SYN_SEG_0353	fricative_duration	medial				ms	requested			raw					SYN_GENERATOR_11042026	SYNTHETIC_TEACHING_FIXTURE
REQ_SYN_SEG_0353_fricative_cog	SYN_CH11	SYN_SEG_SPK_10	SYN_SESSION_10	SYN_SEG_0353	fricative_cog	medial				Hz	requested			raw					SYN_GENERATOR_11042026	SYNTHETIC_TEACHING_FIXTURE
REQ_SYN_SEG_0354_fricative_duration	SYN_CH11	SYN_SEG_SPK_10	SYN_SESSION_10	SYN_SEG_0354	fricative_duration	final				ms	requested			raw					SYN_GENERATOR_11042026	SYNTHETIC_TEACHING_FIXTURE
REQ_SYN_SEG_0354_fricative_cog	SYN_CH11	SYN_SEG_SPK_10	SYN_SESSION_10	SYN_SEG_0354	fricative_cog	final				Hz	requested			raw					SYN_GENERATOR_11042026	SYNTHETIC_TEACHING_FIXTURE
REQ_SYN_SEG_0355_fricative_duration	SYN_CH11	SYN_SEG_SPK_10	SYN_SESSION_10	SYN_SEG_0355	fricative_duration	initial				ms	requested			raw					SYN_GENERATOR_11042026	SYNTHETIC_TEACHING_FIXTURE
REQ_SYN_SEG_0355_fricative_cog	SYN_CH11	SYN_SEG_SPK_10	SYN_SESSION_10	SYN_SEG_0355	fricative_cog	initial				Hz	requested			raw					SYN_GENERATOR_11042026	SYNTHETIC_TEACHING_FIXTURE
REQ_SYN_SEG_0356_fricative_duration	SYN_CH11	SYN_SEG_SPK_10	SYN_SESSION_10	SYN_SEG_0356	fricative_duration	medial				ms	requested			raw					SYN_GENERATOR_11042026	SYNTHETIC_TEACHING_FIXTURE
REQ_SYN_SEG_0356_fricative_cog	SYN_CH11	SYN_SEG_SPK_10	SYN_SESSION_10	SYN_SEG_0356	fricative_cog	medial				Hz	requested			raw					SYN_GENERATOR_11042026	SYNTHETIC_TEACHING_FIXTURE
REQ_SYN_SEG_0357_fricative_duration	SYN_CH11	SYN_SEG_SPK_10	SYN_SESSION_10	SYN_SEG_0357	fricative_duration	final				ms	requested			raw					SYN_GENERATOR_11042026	SYNTHETIC_TEACHING_FIXTURE
REQ_SYN_SEG_0357_fricative_cog	SYN_CH11	SYN_SEG_SPK_10	SYN_SESSION_10	SYN_SEG_0357	fricative_cog	final				Hz	requested			raw					SYN_GENERATOR_11042026	SYNTHETIC_TEACHING_FIXTURE
REQ_SYN_SEG_0358_fricative_duration	SYN_CH11	SYN_SEG_SPK_10	SYN_SESSION_10	SYN_SEG_0358	fricative_duration	initial				ms	requested			raw					SYN_GENERATOR_11042026	SYNTHETIC_TEACHING_FIXTURE
REQ_SYN_SEG_0358_fricative_cog	SYN_CH11	SYN_SEG_SPK_10	SYN_SESSION_10	SYN_SEG_0358	fricative_cog	initial				Hz	requested			raw					SYN_GENERATOR_11042026	SYNTHETIC_TEACHING_FIXTURE
REQ_SYN_SEG_0359_fricative_duration	SYN_CH11	SYN_SEG_SPK_10	SYN_SESSION_10	SYN_SEG_0359	fricative_duration	medial				ms	requested			raw					SYN_GENERATOR_11042026	SYNTHETIC_TEACHING_FIXTURE
REQ_SYN_SEG_0359_fricative_cog	SYN_CH11	SYN_SEG_SPK_10	SYN_SESSION_10	SYN_SEG_0359	fricative_cog	medial				Hz	requested			raw					SYN_GENERATOR_11042026	SYNTHETIC_TEACHING_FIXTURE
REQ_SYN_SEG_0360_fricative_duration	SYN_CH11	SYN_SEG_SPK_10	SYN_SESSION_10	SYN_SEG_0360	fricative_duration	final				ms	requested			raw					SYN_GENERATOR_11042026	SYNTHETIC_TEACHING_FIXTURE
REQ_SYN_SEG_0360_fricative_cog	SYN_CH11	SYN_SEG_SPK_10	SYN_SESSION_10	SYN_SEG_0360	fricative_cog	final				Hz	requested			raw					SYN_GENERATOR_11042026	SYNTHETIC_TEACHING_FIXTURE
REQ_SYN_SEG_0361_vot	SYN_CH11	SYN_SEG_SPK_11	SYN_SESSION_11	SYN_SEG_0361	vot	initial				ms	requested			raw					SYN_GENERATOR_11042026	SYNTHETIC_TEACHING_FIXTURE
REQ_SYN_SEG_0361_closure_duration	SYN_CH11	SYN_SEG_SPK_11	SYN_SESSION_11	SYN_SEG_0361	closure_duration	initial				ms	requested			raw					SYN_GENERATOR_11042026	SYNTHETIC_TEACHING_FIXTURE
REQ_SYN_SEG_0361_vowel_onset_f0	SYN_CH11	SYN_SEG_SPK_11	SYN_SESSION_11	SYN_SEG_0361	vowel_onset_f0	initial				Hz	requested			raw					SYN_GENERATOR_11042026	SYNTHETIC_TEACHING_FIXTURE
REQ_SYN_SEG_0362_vot	SYN_CH11	SYN_SEG_SPK_11	SYN_SESSION_11	SYN_SEG_0362	vot	medial				ms	requested			raw					SYN_GENERATOR_11042026	SYNTHETIC_TEACHING_FIXTURE
REQ_SYN_SEG_0362_closure_duration	SYN_CH11	SYN_SEG_SPK_11	SYN_SESSION_11	SYN_SEG_0362	closure_duration	medial				ms	requested			raw					SYN_GENERATOR_11042026	SYNTHETIC_TEACHING_FIXTURE
REQ_SYN_SEG_0362_vowel_onset_f0	SYN_CH11	SYN_SEG_SPK_11	SYN_SESSION_11	SYN_SEG_0362	vowel_onset_f0	medial				Hz	requested			raw					SYN_GENERATOR_11042026	SYNTHETIC_TEACHING_FIXTURE
REQ_SYN_SEG_0363_vot	SYN_CH11	SYN_SEG_SPK_11	SYN_SESSION_11	SYN_SEG_0363	vot	final				ms	requested			raw					SYN_GENERATOR_11042026	SYNTHETIC_TEACHING_FIXTURE
REQ_SYN_SEG_0363_closure_duration	SYN_CH11	SYN_SEG_SPK_11	SYN_SESSION_11	SYN_SEG_0363	closure_duration	final				ms	requested			raw					SYN_GENERATOR_11042026	SYNTHETIC_TEACHING_FIXTURE
REQ_SYN_SEG_0363_vowel_onset_f0	SYN_CH11	SYN_SEG_SPK_11	SYN_SESSION_11	SYN_SEG_0363	vowel_onset_f0	final				Hz	requested			raw					SYN_GENERATOR_11042026	SYNTHETIC_TEACHING_FIXTURE
REQ_SYN_SEG_0364_vot	SYN_CH11	SYN_SEG_SPK_11	SYN_SESSION_11	SYN_SEG_0364	vot	initial				ms	requested			raw					SYN_GENERATOR_11042026	SYNTHETIC_TEACHING_FIXTURE
REQ_SYN_SEG_0364_closure_duration	SYN_CH11	SYN_SEG_SPK_11	SYN_SESSION_11	SYN_SEG_0364	closure_duration	initial				ms	requested			raw					SYN_GENERATOR_11042026	SYNTHETIC_TEACHING_FIXTURE
REQ_SYN_SEG_0364_vowel_onset_f0	SYN_CH11	SYN_SEG_SPK_11	SYN_SESSION_11	SYN_SEG_0364	vowel_onset_f0	initial				Hz	requested			raw					SYN_GENERATOR_11042026	SYNTHETIC_TEACHING_FIXTURE
REQ_SYN_SEG_0365_vot	SYN_CH11	SYN_SEG_SPK_11	SYN_SESSION_11	SYN_SEG_0365	vot	medial				ms	requested			raw					SYN_GENERATOR_11042026	SYNTHETIC_TEACHING_FIXTURE
REQ_SYN_SEG_0365_closure_duration	SYN_CH11	SYN_SEG_SPK_11	SYN_SESSION_11	SYN_SEG_0365	closure_duration	medial				ms	requested			raw					SYN_GENERATOR_11042026	SYNTHETIC_TEACHING_FIXTURE
REQ_SYN_SEG_0365_vowel_onset_f0	SYN_CH11	SYN_SEG_SPK_11	SYN_SESSION_11	SYN_SEG_0365	vowel_onset_f0	medial				Hz	requested			raw					SYN_GENERATOR_11042026	SYNTHETIC_TEACHING_FIXTURE
REQ_SYN_SEG_0366_vot	SYN_CH11	SYN_SEG_SPK_11	SYN_SESSION_11	SYN_SEG_0366	vot	final				ms	requested			raw					SYN_GENERATOR_11042026	SYNTHETIC_TEACHING_FIXTURE
REQ_SYN_SEG_0366_closure_duration	SYN_CH11	SYN_SEG_SPK_11	SYN_SESSION_11	SYN_SEG_0366	closure_duration	final				ms	requested			raw					SYN_GENERATOR_11042026	SYNTHETIC_TEACHING_FIXTURE
REQ_SYN_SEG_0366_vowel_onset_f0	SYN_CH11	SYN_SEG_SPK_11	SYN_SESSION_11	SYN_SEG_0366	vowel_onset_f0	final				Hz	requested			raw					SYN_GENERATOR_11042026	SYNTHETIC_TEACHING_FIXTURE
REQ_SYN_SEG_0367_vot	SYN_CH11	SYN_SEG_SPK_11	SYN_SESSION_11	SYN_SEG_0367	vot	initial				ms	requested			raw					SYN_GENERATOR_11042026	SYNTHETIC_TEACHING_FIXTURE
REQ_SYN_SEG_0367_closure_duration	SYN_CH11	SYN_SEG_SPK_11	SYN_SESSION_11	SYN_SEG_0367	closure_duration	initial				ms	requested			raw					SYN_GENERATOR_11042026	SYNTHETIC_TEACHING_FIXTURE
REQ_SYN_SEG_0367_vowel_onset_f0	SYN_CH11	SYN_SEG_SPK_11	SYN_SESSION_11	SYN_SEG_0367	vowel_onset_f0	initial				Hz	requested			raw					SYN_GENERATOR_11042026	SYNTHETIC_TEACHING_FIXTURE
REQ_SYN_SEG_0368_vot	SYN_CH11	SYN_SEG_SPK_11	SYN_SESSION_11	SYN_SEG_0368	vot	medial				ms	requested			raw					SYN_GENERATOR_11042026	SYNTHETIC_TEACHING_FIXTURE
REQ_SYN_SEG_0368_closure_duration	SYN_CH11	SYN_SEG_SPK_11	SYN_SESSION_11	SYN_SEG_0368	closure_duration	medial				ms	requested			raw					SYN_GENERATOR_11042026	SYNTHETIC_TEACHING_FIXTURE
REQ_SYN_SEG_0368_vowel_onset_f0	SYN_CH11	SYN_SEG_SPK_11	SYN_SESSION_11	SYN_SEG_0368	vowel_onset_f0	medial				Hz	requested			raw					SYN_GENERATOR_11042026	SYNTHETIC_TEACHING_FIXTURE
REQ_SYN_SEG_0369_vot	SYN_CH11	SYN_SEG_SPK_11	SYN_SESSION_11	SYN_SEG_0369	vot	final				ms	requested			raw					SYN_GENERATOR_11042026	SYNTHETIC_TEACHING_FIXTURE
REQ_SYN_SEG_0369_closure_duration	SYN_CH11	SYN_SEG_SPK_11	SYN_SESSION_11	SYN_SEG_0369	closure_duration	final				ms	requested			raw					SYN_GENERATOR_11042026	SYNTHETIC_TEACHING_FIXTURE
REQ_SYN_SEG_0369_vowel_onset_f0	SYN_CH11	SYN_SEG_SPK_11	SYN_SESSION_11	SYN_SEG_0369	vowel_onset_f0	final				Hz	requested			raw					SYN_GENERATOR_11042026	SYNTHETIC_TEACHING_FIXTURE
REQ_SYN_SEG_0370_vot	SYN_CH11	SYN_SEG_SPK_11	SYN_SESSION_11	SYN_SEG_0370	vot	initial				ms	requested			raw					SYN_GENERATOR_11042026	SYNTHETIC_TEACHING_FIXTURE
REQ_SYN_SEG_0370_closure_duration	SYN_CH11	SYN_SEG_SPK_11	SYN_SESSION_11	SYN_SEG_0370	closure_duration	initial				ms	requested			raw					SYN_GENERATOR_11042026	SYNTHETIC_TEACHING_FIXTURE
REQ_SYN_SEG_0370_vowel_onset_f0	SYN_CH11	SYN_SEG_SPK_11	SYN_SESSION_11	SYN_SEG_0370	vowel_onset_f0	initial				Hz	requested			raw					SYN_GENERATOR_11042026	SYNTHETIC_TEACHING_FIXTURE
REQ_SYN_SEG_0371_vot	SYN_CH11	SYN_SEG_SPK_11	SYN_SESSION_11	SYN_SEG_0371	vot	medial				ms	requested			raw					SYN_GENERATOR_11042026	SYNTHETIC_TEACHING_FIXTURE
REQ_SYN_SEG_0371_closure_duration	SYN_CH11	SYN_SEG_SPK_11	SYN_SESSION_11	SYN_SEG_0371	closure_duration	medial				ms	requested			raw					SYN_GENERATOR_11042026	SYNTHETIC_TEACHING_FIXTURE
REQ_SYN_SEG_0371_vowel_onset_f0	SYN_CH11	SYN_SEG_SPK_11	SYN_SESSION_11	SYN_SEG_0371	vowel_onset_f0	medial				Hz	requested			raw					SYN_GENERATOR_11042026	SYNTHETIC_TEACHING_FIXTURE
REQ_SYN_SEG_0372_vot	SYN_CH11	SYN_SEG_SPK_11	SYN_SESSION_11	SYN_SEG_0372	vot	final				ms	requested			raw					SYN_GENERATOR_11042026	SYNTHETIC_TEACHING_FIXTURE
REQ_SYN_SEG_0372_closure_duration	SYN_CH11	SYN_SEG_SPK_11	SYN_SESSION_11	SYN_SEG_0372	closure_duration	final				ms	requested			raw					SYN_GENERATOR_11042026	SYNTHETIC_TEACHING_FIXTURE
REQ_SYN_SEG_0372_vowel_onset_f0	SYN_CH11	SYN_SEG_SPK_11	SYN_SESSION_11	SYN_SEG_0372	vowel_onset_f0	final				Hz	requested			raw					SYN_GENERATOR_11042026	SYNTHETIC_TEACHING_FIXTURE
REQ_SYN_SEG_0373_vowel_duration	SYN_CH11	SYN_SEG_SPK_11	SYN_SESSION_11	SYN_SEG_0373	vowel_duration	initial				ms	requested		training	raw					SYN_GENERATOR_11042026	SYNTHETIC_TEACHING_FIXTURE
REQ_SYN_SEG_0373_f1	SYN_CH11	SYN_SEG_SPK_11	SYN_SESSION_11	SYN_SEG_0373	f1	initial				Hz	requested		training	raw					SYN_GENERATOR_11042026	SYNTHETIC_TEACHING_FIXTURE
REQ_SYN_SEG_0373_f2	SYN_CH11	SYN_SEG_SPK_11	SYN_SESSION_11	SYN_SEG_0373	f2	initial				Hz	requested		training	raw					SYN_GENERATOR_11042026	SYNTHETIC_TEACHING_FIXTURE
REQ_SYN_SEG_0373_f3	SYN_CH11	SYN_SEG_SPK_11	SYN_SESSION_11	SYN_SEG_0373	f3	initial				Hz	requested		training	raw					SYN_GENERATOR_11042026	SYNTHETIC_TEACHING_FIXTURE
REQ_SYN_SEG_0374_vowel_duration	SYN_CH11	SYN_SEG_SPK_11	SYN_SESSION_11	SYN_SEG_0374	vowel_duration	medial				ms	requested		training	raw					SYN_GENERATOR_11042026	SYNTHETIC_TEACHING_FIXTURE
REQ_SYN_SEG_0374_f1	SYN_CH11	SYN_SEG_SPK_11	SYN_SESSION_11	SYN_SEG_0374	f1	medial				Hz	requested		training	raw					SYN_GENERATOR_11042026	SYNTHETIC_TEACHING_FIXTURE
REQ_SYN_SEG_0374_f2	SYN_CH11	SYN_SEG_SPK_11	SYN_SESSION_11	SYN_SEG_0374	f2	medial				Hz	requested		training	raw					SYN_GENERATOR_11042026	SYNTHETIC_TEACHING_FIXTURE
REQ_SYN_SEG_0374_f3	SYN_CH11	SYN_SEG_SPK_11	SYN_SESSION_11	SYN_SEG_0374	f3	medial				Hz	requested		training	raw					SYN_GENERATOR_11042026	SYNTHETIC_TEACHING_FIXTURE
REQ_SYN_SEG_0375_vowel_duration	SYN_CH11	SYN_SEG_SPK_11	SYN_SESSION_11	SYN_SEG_0375	vowel_duration	final				ms	requested		training	raw					SYN_GENERATOR_11042026	SYNTHETIC_TEACHING_FIXTURE
REQ_SYN_SEG_0375_f1	SYN_CH11	SYN_SEG_SPK_11	SYN_SESSION_11	SYN_SEG_0375	f1	final				Hz	requested		training	raw					SYN_GENERATOR_11042026	SYNTHETIC_TEACHING_FIXTURE
REQ_SYN_SEG_0375_f2	SYN_CH11	SYN_SEG_SPK_11	SYN_SESSION_11	SYN_SEG_0375	f2	final				Hz	requested		training	raw					SYN_GENERATOR_11042026	SYNTHETIC_TEACHING_FIXTURE
REQ_SYN_SEG_0375_f3	SYN_CH11	SYN_SEG_SPK_11	SYN_SESSION_11	SYN_SEG_0375	f3	final				Hz	requested		training	raw					SYN_GENERATOR_11042026	SYNTHETIC_TEACHING_FIXTURE
REQ_SYN_SEG_0376_vowel_duration	SYN_CH11	SYN_SEG_SPK_11	SYN_SESSION_11	SYN_SEG_0376	vowel_duration	initial				ms	requested		training	raw					SYN_GENERATOR_11042026	SYNTHETIC_TEACHING_FIXTURE
REQ_SYN_SEG_0376_f1	SYN_CH11	SYN_SEG_SPK_11	SYN_SESSION_11	SYN_SEG_0376	f1	initial				Hz	requested		training	raw					SYN_GENERATOR_11042026	SYNTHETIC_TEACHING_FIXTURE
REQ_SYN_SEG_0376_f2	SYN_CH11	SYN_SEG_SPK_11	SYN_SESSION_11	SYN_SEG_0376	f2	initial				Hz	requested		training	raw					SYN_GENERATOR_11042026	SYNTHETIC_TEACHING_FIXTURE
REQ_SYN_SEG_0376_f3	SYN_CH11	SYN_SEG_SPK_11	SYN_SESSION_11	SYN_SEG_0376	f3	initial				Hz	requested		training	raw					SYN_GENERATOR_11042026	SYNTHETIC_TEACHING_FIXTURE
REQ_SYN_SEG_0377_vowel_duration	SYN_CH11	SYN_SEG_SPK_11	SYN_SESSION_11	SYN_SEG_0377	vowel_duration	medial				ms	requested		training	raw					SYN_GENERATOR_11042026	SYNTHETIC_TEACHING_FIXTURE
REQ_SYN_SEG_0377_f1	SYN_CH11	SYN_SEG_SPK_11	SYN_SESSION_11	SYN_SEG_0377	f1	medial				Hz	requested		training	raw					SYN_GENERATOR_11042026	SYNTHETIC_TEACHING_FIXTURE
REQ_SYN_SEG_0377_f2	SYN_CH11	SYN_SEG_SPK_11	SYN_SESSION_11	SYN_SEG_0377	f2	medial				Hz	requested		training	raw					SYN_GENERATOR_11042026	SYNTHETIC_TEACHING_FIXTURE
REQ_SYN_SEG_0377_f3	SYN_CH11	SYN_SEG_SPK_11	SYN_SESSION_11	SYN_SEG_0377	f3	medial				Hz	requested		training	raw					SYN_GENERATOR_11042026	SYNTHETIC_TEACHING_FIXTURE
REQ_SYN_SEG_0378_vowel_duration	SYN_CH11	SYN_SEG_SPK_11	SYN_SESSION_11	SYN_SEG_0378	vowel_duration	final				ms	requested		training	raw					SYN_GENERATOR_11042026	SYNTHETIC_TEACHING_FIXTURE
REQ_SYN_SEG_0378_f1	SYN_CH11	SYN_SEG_SPK_11	SYN_SESSION_11	SYN_SEG_0378	f1	final				Hz	requested		training	raw					SYN_GENERATOR_11042026	SYNTHETIC_TEACHING_FIXTURE
REQ_SYN_SEG_0378_f2	SYN_CH11	SYN_SEG_SPK_11	SYN_SESSION_11	SYN_SEG_0378	f2	final				Hz	requested		training	raw					SYN_GENERATOR_11042026	SYNTHETIC_TEACHING_FIXTURE
REQ_SYN_SEG_0378_f3	SYN_CH11	SYN_SEG_SPK_11	SYN_SESSION_11	SYN_SEG_0378	f3	final				Hz	requested		training	raw					SYN_GENERATOR_11042026	SYNTHETIC_TEACHING_FIXTURE
REQ_SYN_SEG_0379_vowel_duration	SYN_CH11	SYN_SEG_SPK_11	SYN_SESSION_11	SYN_SEG_0379	vowel_duration	initial				ms	requested		training	raw					SYN_GENERATOR_11042026	SYNTHETIC_TEACHING_FIXTURE
REQ_SYN_SEG_0379_f1	SYN_CH11	SYN_SEG_SPK_11	SYN_SESSION_11	SYN_SEG_0379	f1	initial				Hz	requested		training	raw					SYN_GENERATOR_11042026	SYNTHETIC_TEACHING_FIXTURE
REQ_SYN_SEG_0379_f2	SYN_CH11	SYN_SEG_SPK_11	SYN_SESSION_11	SYN_SEG_0379	f2	initial				Hz	requested		training	raw					SYN_GENERATOR_11042026	SYNTHETIC_TEACHING_FIXTURE
REQ_SYN_SEG_0379_f3	SYN_CH11	SYN_SEG_SPK_11	SYN_SESSION_11	SYN_SEG_0379	f3	initial				Hz	requested		training	raw					SYN_GENERATOR_11042026	SYNTHETIC_TEACHING_FIXTURE
REQ_SYN_SEG_0380_vowel_duration	SYN_CH11	SYN_SEG_SPK_11	SYN_SESSION_11	SYN_SEG_0380	vowel_duration	medial				ms	requested		training	raw					SYN_GENERATOR_11042026	SYNTHETIC_TEACHING_FIXTURE
REQ_SYN_SEG_0380_f1	SYN_CH11	SYN_SEG_SPK_11	SYN_SESSION_11	SYN_SEG_0380	f1	medial				Hz	requested		training	raw					SYN_GENERATOR_11042026	SYNTHETIC_TEACHING_FIXTURE
REQ_SYN_SEG_0380_f2	SYN_CH11	SYN_SEG_SPK_11	SYN_SESSION_11	SYN_SEG_0380	f2	medial				Hz	requested		training	raw					SYN_GENERATOR_11042026	SYNTHETIC_TEACHING_FIXTURE
REQ_SYN_SEG_0380_f3	SYN_CH11	SYN_SEG_SPK_11	SYN_SESSION_11	SYN_SEG_0380	f3	medial				Hz	requested		training	raw					SYN_GENERATOR_11042026	SYNTHETIC_TEACHING_FIXTURE
REQ_SYN_SEG_0381_vowel_duration	SYN_CH11	SYN_SEG_SPK_11	SYN_SESSION_11	SYN_SEG_0381	vowel_duration	final				ms	requested		training	raw					SYN_GENERATOR_11042026	SYNTHETIC_TEACHING_FIXTURE
REQ_SYN_SEG_0381_f1	SYN_CH11	SYN_SEG_SPK_11	SYN_SESSION_11	SYN_SEG_0381	f1	final				Hz	requested		training	raw					SYN_GENERATOR_11042026	SYNTHETIC_TEACHING_FIXTURE
REQ_SYN_SEG_0381_f2	SYN_CH11	SYN_SEG_SPK_11	SYN_SESSION_11	SYN_SEG_0381	f2	final				Hz	requested		training	raw					SYN_GENERATOR_11042026	SYNTHETIC_TEACHING_FIXTURE
REQ_SYN_SEG_0381_f3	SYN_CH11	SYN_SEG_SPK_11	SYN_SESSION_11	SYN_SEG_0381	f3	final				Hz	requested		training	raw					SYN_GENERATOR_11042026	SYNTHETIC_TEACHING_FIXTURE
REQ_SYN_SEG_0382_vowel_duration	SYN_CH11	SYN_SEG_SPK_11	SYN_SESSION_11	SYN_SEG_0382	vowel_duration	initial				ms	requested		training	raw					SYN_GENERATOR_11042026	SYNTHETIC_TEACHING_FIXTURE
REQ_SYN_SEG_0382_f1	SYN_CH11	SYN_SEG_SPK_11	SYN_SESSION_11	SYN_SEG_0382	f1	initial				Hz	requested		training	raw					SYN_GENERATOR_11042026	SYNTHETIC_TEACHING_FIXTURE
REQ_SYN_SEG_0382_f2	SYN_CH11	SYN_SEG_SPK_11	SYN_SESSION_11	SYN_SEG_0382	f2	initial				Hz	requested		training	raw					SYN_GENERATOR_11042026	SYNTHETIC_TEACHING_FIXTURE
REQ_SYN_SEG_0382_f3	SYN_CH11	SYN_SEG_SPK_11	SYN_SESSION_11	SYN_SEG_0382	f3	initial				Hz	requested		training	raw					SYN_GENERATOR_11042026	SYNTHETIC_TEACHING_FIXTURE
REQ_SYN_SEG_0383_vowel_duration	SYN_CH11	SYN_SEG_SPK_11	SYN_SESSION_11	SYN_SEG_0383	vowel_duration	medial				ms	requested		training	raw					SYN_GENERATOR_11042026	SYNTHETIC_TEACHING_FIXTURE
REQ_SYN_SEG_0383_f1	SYN_CH11	SYN_SEG_SPK_11	SYN_SESSION_11	SYN_SEG_0383	f1	medial				Hz	requested		training	raw					SYN_GENERATOR_11042026	SYNTHETIC_TEACHING_FIXTURE
REQ_SYN_SEG_0383_f2	SYN_CH11	SYN_SEG_SPK_11	SYN_SESSION_11	SYN_SEG_0383	f2	medial				Hz	requested		training	raw					SYN_GENERATOR_11042026	SYNTHETIC_TEACHING_FIXTURE
REQ_SYN_SEG_0383_f3	SYN_CH11	SYN_SEG_SPK_11	SYN_SESSION_11	SYN_SEG_0383	f3	medial				Hz	requested		training	raw					SYN_GENERATOR_11042026	SYNTHETIC_TEACHING_FIXTURE
REQ_SYN_SEG_0384_vowel_duration	SYN_CH11	SYN_SEG_SPK_11	SYN_SESSION_11	SYN_SEG_0384	vowel_duration	final				ms	requested		training	raw					SYN_GENERATOR_11042026	SYNTHETIC_TEACHING_FIXTURE
REQ_SYN_SEG_0384_f1	SYN_CH11	SYN_SEG_SPK_11	SYN_SESSION_11	SYN_SEG_0384	f1	final				Hz	requested		training	raw					SYN_GENERATOR_11042026	SYNTHETIC_TEACHING_FIXTURE
REQ_SYN_SEG_0384_f2	SYN_CH11	SYN_SEG_SPK_11	SYN_SESSION_11	SYN_SEG_0384	f2	final				Hz	requested		training	raw					SYN_GENERATOR_11042026	SYNTHETIC_TEACHING_FIXTURE
REQ_SYN_SEG_0384_f3	SYN_CH11	SYN_SEG_SPK_11	SYN_SESSION_11	SYN_SEG_0384	f3	final				Hz	requested		training	raw					SYN_GENERATOR_11042026	SYNTHETIC_TEACHING_FIXTURE
REQ_SYN_SEG_0385_fricative_duration	SYN_CH11	SYN_SEG_SPK_11	SYN_SESSION_11	SYN_SEG_0385	fricative_duration	initial				ms	requested			raw					SYN_GENERATOR_11042026	SYNTHETIC_TEACHING_FIXTURE
REQ_SYN_SEG_0385_fricative_cog	SYN_CH11	SYN_SEG_SPK_11	SYN_SESSION_11	SYN_SEG_0385	fricative_cog	initial				Hz	requested			raw					SYN_GENERATOR_11042026	SYNTHETIC_TEACHING_FIXTURE
REQ_SYN_SEG_0386_fricative_duration	SYN_CH11	SYN_SEG_SPK_11	SYN_SESSION_11	SYN_SEG_0386	fricative_duration	medial				ms	requested			raw					SYN_GENERATOR_11042026	SYNTHETIC_TEACHING_FIXTURE
REQ_SYN_SEG_0386_fricative_cog	SYN_CH11	SYN_SEG_SPK_11	SYN_SESSION_11	SYN_SEG_0386	fricative_cog	medial				Hz	requested			raw					SYN_GENERATOR_11042026	SYNTHETIC_TEACHING_FIXTURE
REQ_SYN_SEG_0387_fricative_duration	SYN_CH11	SYN_SEG_SPK_11	SYN_SESSION_11	SYN_SEG_0387	fricative_duration	final				ms	requested			raw					SYN_GENERATOR_11042026	SYNTHETIC_TEACHING_FIXTURE
REQ_SYN_SEG_0387_fricative_cog	SYN_CH11	SYN_SEG_SPK_11	SYN_SESSION_11	SYN_SEG_0387	fricative_cog	final				Hz	requested			raw					SYN_GENERATOR_11042026	SYNTHETIC_TEACHING_FIXTURE
REQ_SYN_SEG_0388_fricative_duration	SYN_CH11	SYN_SEG_SPK_11	SYN_SESSION_11	SYN_SEG_0388	fricative_duration	initial				ms	requested			raw					SYN_GENERATOR_11042026	SYNTHETIC_TEACHING_FIXTURE
REQ_SYN_SEG_0388_fricative_cog	SYN_CH11	SYN_SEG_SPK_11	SYN_SESSION_11	SYN_SEG_0388	fricative_cog	initial				Hz	requested			raw					SYN_GENERATOR_11042026	SYNTHETIC_TEACHING_FIXTURE
REQ_SYN_SEG_0389_fricative_duration	SYN_CH11	SYN_SEG_SPK_11	SYN_SESSION_11	SYN_SEG_0389	fricative_duration	medial				ms	requested			raw					SYN_GENERATOR_11042026	SYNTHETIC_TEACHING_FIXTURE
REQ_SYN_SEG_0389_fricative_cog	SYN_CH11	SYN_SEG_SPK_11	SYN_SESSION_11	SYN_SEG_0389	fricative_cog	medial				Hz	requested			raw					SYN_GENERATOR_11042026	SYNTHETIC_TEACHING_FIXTURE
REQ_SYN_SEG_0390_fricative_duration	SYN_CH11	SYN_SEG_SPK_11	SYN_SESSION_11	SYN_SEG_0390	fricative_duration	final				ms	requested			raw					SYN_GENERATOR_11042026	SYNTHETIC_TEACHING_FIXTURE
REQ_SYN_SEG_0390_fricative_cog	SYN_CH11	SYN_SEG_SPK_11	SYN_SESSION_11	SYN_SEG_0390	fricative_cog	final				Hz	requested			raw					SYN_GENERATOR_11042026	SYNTHETIC_TEACHING_FIXTURE
REQ_SYN_SEG_0391_fricative_duration	SYN_CH11	SYN_SEG_SPK_11	SYN_SESSION_11	SYN_SEG_0391	fricative_duration	initial				ms	requested			raw					SYN_GENERATOR_11042026	SYNTHETIC_TEACHING_FIXTURE
REQ_SYN_SEG_0391_fricative_cog	SYN_CH11	SYN_SEG_SPK_11	SYN_SESSION_11	SYN_SEG_0391	fricative_cog	initial				Hz	requested			raw					SYN_GENERATOR_11042026	SYNTHETIC_TEACHING_FIXTURE
REQ_SYN_SEG_0392_fricative_duration	SYN_CH11	SYN_SEG_SPK_11	SYN_SESSION_11	SYN_SEG_0392	fricative_duration	medial				ms	requested			raw					SYN_GENERATOR_11042026	SYNTHETIC_TEACHING_FIXTURE
REQ_SYN_SEG_0392_fricative_cog	SYN_CH11	SYN_SEG_SPK_11	SYN_SESSION_11	SYN_SEG_0392	fricative_cog	medial				Hz	requested			raw					SYN_GENERATOR_11042026	SYNTHETIC_TEACHING_FIXTURE
REQ_SYN_SEG_0393_fricative_duration	SYN_CH11	SYN_SEG_SPK_11	SYN_SESSION_11	SYN_SEG_0393	fricative_duration	final				ms	requested			raw					SYN_GENERATOR_11042026	SYNTHETIC_TEACHING_FIXTURE
REQ_SYN_SEG_0393_fricative_cog	SYN_CH11	SYN_SEG_SPK_11	SYN_SESSION_11	SYN_SEG_0393	fricative_cog	final				Hz	requested			raw					SYN_GENERATOR_11042026	SYNTHETIC_TEACHING_FIXTURE
REQ_SYN_SEG_0394_fricative_duration	SYN_CH11	SYN_SEG_SPK_11	SYN_SESSION_11	SYN_SEG_0394	fricative_duration	initial				ms	requested			raw					SYN_GENERATOR_11042026	SYNTHETIC_TEACHING_FIXTURE
REQ_SYN_SEG_0394_fricative_cog	SYN_CH11	SYN_SEG_SPK_11	SYN_SESSION_11	SYN_SEG_0394	fricative_cog	initial				Hz	requested			raw					SYN_GENERATOR_11042026	SYNTHETIC_TEACHING_FIXTURE
REQ_SYN_SEG_0395_fricative_duration	SYN_CH11	SYN_SEG_SPK_11	SYN_SESSION_11	SYN_SEG_0395	fricative_duration	medial				ms	requested			raw					SYN_GENERATOR_11042026	SYNTHETIC_TEACHING_FIXTURE
REQ_SYN_SEG_0395_fricative_cog	SYN_CH11	SYN_SEG_SPK_11	SYN_SESSION_11	SYN_SEG_0395	fricative_cog	medial				Hz	requested			raw					SYN_GENERATOR_11042026	SYNTHETIC_TEACHING_FIXTURE
REQ_SYN_SEG_0396_fricative_duration	SYN_CH11	SYN_SEG_SPK_11	SYN_SESSION_11	SYN_SEG_0396	fricative_duration	final				ms	requested			raw					SYN_GENERATOR_11042026	SYNTHETIC_TEACHING_FIXTURE
REQ_SYN_SEG_0396_fricative_cog	SYN_CH11	SYN_SEG_SPK_11	SYN_SESSION_11	SYN_SEG_0396	fricative_cog	final				Hz	requested			raw					SYN_GENERATOR_11042026	SYNTHETIC_TEACHING_FIXTURE
REQ_SYN_SEG_0397_vot	SYN_CH11	SYN_SEG_SPK_12	SYN_SESSION_12	SYN_SEG_0397	vot	initial				ms	requested			raw					SYN_GENERATOR_11042026	SYNTHETIC_TEACHING_FIXTURE
REQ_SYN_SEG_0397_closure_duration	SYN_CH11	SYN_SEG_SPK_12	SYN_SESSION_12	SYN_SEG_0397	closure_duration	initial				ms	requested			raw					SYN_GENERATOR_11042026	SYNTHETIC_TEACHING_FIXTURE
REQ_SYN_SEG_0397_vowel_onset_f0	SYN_CH11	SYN_SEG_SPK_12	SYN_SESSION_12	SYN_SEG_0397	vowel_onset_f0	initial				Hz	requested			raw					SYN_GENERATOR_11042026	SYNTHETIC_TEACHING_FIXTURE
REQ_SYN_SEG_0398_vot	SYN_CH11	SYN_SEG_SPK_12	SYN_SESSION_12	SYN_SEG_0398	vot	medial				ms	requested			raw					SYN_GENERATOR_11042026	SYNTHETIC_TEACHING_FIXTURE
REQ_SYN_SEG_0398_closure_duration	SYN_CH11	SYN_SEG_SPK_12	SYN_SESSION_12	SYN_SEG_0398	closure_duration	medial				ms	requested			raw					SYN_GENERATOR_11042026	SYNTHETIC_TEACHING_FIXTURE
REQ_SYN_SEG_0398_vowel_onset_f0	SYN_CH11	SYN_SEG_SPK_12	SYN_SESSION_12	SYN_SEG_0398	vowel_onset_f0	medial				Hz	requested			raw					SYN_GENERATOR_11042026	SYNTHETIC_TEACHING_FIXTURE
REQ_SYN_SEG_0399_vot	SYN_CH11	SYN_SEG_SPK_12	SYN_SESSION_12	SYN_SEG_0399	vot	final				ms	requested			raw					SYN_GENERATOR_11042026	SYNTHETIC_TEACHING_FIXTURE
REQ_SYN_SEG_0399_closure_duration	SYN_CH11	SYN_SEG_SPK_12	SYN_SESSION_12	SYN_SEG_0399	closure_duration	final				ms	requested			raw					SYN_GENERATOR_11042026	SYNTHETIC_TEACHING_FIXTURE
REQ_SYN_SEG_0399_vowel_onset_f0	SYN_CH11	SYN_SEG_SPK_12	SYN_SESSION_12	SYN_SEG_0399	vowel_onset_f0	final				Hz	requested			raw					SYN_GENERATOR_11042026	SYNTHETIC_TEACHING_FIXTURE
REQ_SYN_SEG_0400_vot	SYN_CH11	SYN_SEG_SPK_12	SYN_SESSION_12	SYN_SEG_0400	vot	initial				ms	requested			raw					SYN_GENERATOR_11042026	SYNTHETIC_TEACHING_FIXTURE
REQ_SYN_SEG_0400_closure_duration	SYN_CH11	SYN_SEG_SPK_12	SYN_SESSION_12	SYN_SEG_0400	closure_duration	initial				ms	requested			raw					SYN_GENERATOR_11042026	SYNTHETIC_TEACHING_FIXTURE
REQ_SYN_SEG_0400_vowel_onset_f0	SYN_CH11	SYN_SEG_SPK_12	SYN_SESSION_12	SYN_SEG_0400	vowel_onset_f0	initial				Hz	requested			raw					SYN_GENERATOR_11042026	SYNTHETIC_TEACHING_FIXTURE
REQ_SYN_SEG_0401_vot	SYN_CH11	SYN_SEG_SPK_12	SYN_SESSION_12	SYN_SEG_0401	vot	medial				ms	requested			raw					SYN_GENERATOR_11042026	SYNTHETIC_TEACHING_FIXTURE
REQ_SYN_SEG_0401_closure_duration	SYN_CH11	SYN_SEG_SPK_12	SYN_SESSION_12	SYN_SEG_0401	closure_duration	medial				ms	requested			raw					SYN_GENERATOR_11042026	SYNTHETIC_TEACHING_FIXTURE
REQ_SYN_SEG_0401_vowel_onset_f0	SYN_CH11	SYN_SEG_SPK_12	SYN_SESSION_12	SYN_SEG_0401	vowel_onset_f0	medial				Hz	requested			raw					SYN_GENERATOR_11042026	SYNTHETIC_TEACHING_FIXTURE
REQ_SYN_SEG_0402_vot	SYN_CH11	SYN_SEG_SPK_12	SYN_SESSION_12	SYN_SEG_0402	vot	final				ms	requested			raw					SYN_GENERATOR_11042026	SYNTHETIC_TEACHING_FIXTURE
REQ_SYN_SEG_0402_closure_duration	SYN_CH11	SYN_SEG_SPK_12	SYN_SESSION_12	SYN_SEG_0402	closure_duration	final				ms	requested			raw					SYN_GENERATOR_11042026	SYNTHETIC_TEACHING_FIXTURE
REQ_SYN_SEG_0402_vowel_onset_f0	SYN_CH11	SYN_SEG_SPK_12	SYN_SESSION_12	SYN_SEG_0402	vowel_onset_f0	final				Hz	requested			raw					SYN_GENERATOR_11042026	SYNTHETIC_TEACHING_FIXTURE
REQ_SYN_SEG_0403_vot	SYN_CH11	SYN_SEG_SPK_12	SYN_SESSION_12	SYN_SEG_0403	vot	initial				ms	requested			raw					SYN_GENERATOR_11042026	SYNTHETIC_TEACHING_FIXTURE
REQ_SYN_SEG_0403_closure_duration	SYN_CH11	SYN_SEG_SPK_12	SYN_SESSION_12	SYN_SEG_0403	closure_duration	initial				ms	requested			raw					SYN_GENERATOR_11042026	SYNTHETIC_TEACHING_FIXTURE
REQ_SYN_SEG_0403_vowel_onset_f0	SYN_CH11	SYN_SEG_SPK_12	SYN_SESSION_12	SYN_SEG_0403	vowel_onset_f0	initial				Hz	requested			raw					SYN_GENERATOR_11042026	SYNTHETIC_TEACHING_FIXTURE
REQ_SYN_SEG_0404_vot	SYN_CH11	SYN_SEG_SPK_12	SYN_SESSION_12	SYN_SEG_0404	vot	medial				ms	requested			raw					SYN_GENERATOR_11042026	SYNTHETIC_TEACHING_FIXTURE
REQ_SYN_SEG_0404_closure_duration	SYN_CH11	SYN_SEG_SPK_12	SYN_SESSION_12	SYN_SEG_0404	closure_duration	medial				ms	requested			raw					SYN_GENERATOR_11042026	SYNTHETIC_TEACHING_FIXTURE
REQ_SYN_SEG_0404_vowel_onset_f0	SYN_CH11	SYN_SEG_SPK_12	SYN_SESSION_12	SYN_SEG_0404	vowel_onset_f0	medial				Hz	requested			raw					SYN_GENERATOR_11042026	SYNTHETIC_TEACHING_FIXTURE
REQ_SYN_SEG_0405_vot	SYN_CH11	SYN_SEG_SPK_12	SYN_SESSION_12	SYN_SEG_0405	vot	final				ms	requested			raw					SYN_GENERATOR_11042026	SYNTHETIC_TEACHING_FIXTURE
REQ_SYN_SEG_0405_closure_duration	SYN_CH11	SYN_SEG_SPK_12	SYN_SESSION_12	SYN_SEG_0405	closure_duration	final				ms	requested			raw					SYN_GENERATOR_11042026	SYNTHETIC_TEACHING_FIXTURE
REQ_SYN_SEG_0405_vowel_onset_f0	SYN_CH11	SYN_SEG_SPK_12	SYN_SESSION_12	SYN_SEG_0405	vowel_onset_f0	final				Hz	requested			raw					SYN_GENERATOR_11042026	SYNTHETIC_TEACHING_FIXTURE
REQ_SYN_SEG_0406_vot	SYN_CH11	SYN_SEG_SPK_12	SYN_SESSION_12	SYN_SEG_0406	vot	initial				ms	requested			raw					SYN_GENERATOR_11042026	SYNTHETIC_TEACHING_FIXTURE
REQ_SYN_SEG_0406_closure_duration	SYN_CH11	SYN_SEG_SPK_12	SYN_SESSION_12	SYN_SEG_0406	closure_duration	initial				ms	requested			raw					SYN_GENERATOR_11042026	SYNTHETIC_TEACHING_FIXTURE
REQ_SYN_SEG_0406_vowel_onset_f0	SYN_CH11	SYN_SEG_SPK_12	SYN_SESSION_12	SYN_SEG_0406	vowel_onset_f0	initial				Hz	requested			raw					SYN_GENERATOR_11042026	SYNTHETIC_TEACHING_FIXTURE
REQ_SYN_SEG_0407_vot	SYN_CH11	SYN_SEG_SPK_12	SYN_SESSION_12	SYN_SEG_0407	vot	medial				ms	requested			raw					SYN_GENERATOR_11042026	SYNTHETIC_TEACHING_FIXTURE
REQ_SYN_SEG_0407_closure_duration	SYN_CH11	SYN_SEG_SPK_12	SYN_SESSION_12	SYN_SEG_0407	closure_duration	medial				ms	requested			raw					SYN_GENERATOR_11042026	SYNTHETIC_TEACHING_FIXTURE
REQ_SYN_SEG_0407_vowel_onset_f0	SYN_CH11	SYN_SEG_SPK_12	SYN_SESSION_12	SYN_SEG_0407	vowel_onset_f0	medial				Hz	requested			raw					SYN_GENERATOR_11042026	SYNTHETIC_TEACHING_FIXTURE
REQ_SYN_SEG_0408_vot	SYN_CH11	SYN_SEG_SPK_12	SYN_SESSION_12	SYN_SEG_0408	vot	final				ms	requested			raw					SYN_GENERATOR_11042026	SYNTHETIC_TEACHING_FIXTURE
REQ_SYN_SEG_0408_closure_duration	SYN_CH11	SYN_SEG_SPK_12	SYN_SESSION_12	SYN_SEG_0408	closure_duration	final				ms	requested			raw					SYN_GENERATOR_11042026	SYNTHETIC_TEACHING_FIXTURE
REQ_SYN_SEG_0408_vowel_onset_f0	SYN_CH11	SYN_SEG_SPK_12	SYN_SESSION_12	SYN_SEG_0408	vowel_onset_f0	final				Hz	requested			raw					SYN_GENERATOR_11042026	SYNTHETIC_TEACHING_FIXTURE
REQ_SYN_SEG_0409_vowel_duration	SYN_CH11	SYN_SEG_SPK_12	SYN_SESSION_12	SYN_SEG_0409	vowel_duration	initial				ms	requested		training	raw					SYN_GENERATOR_11042026	SYNTHETIC_TEACHING_FIXTURE
REQ_SYN_SEG_0409_f1	SYN_CH11	SYN_SEG_SPK_12	SYN_SESSION_12	SYN_SEG_0409	f1	initial				Hz	requested		training	raw					SYN_GENERATOR_11042026	SYNTHETIC_TEACHING_FIXTURE
REQ_SYN_SEG_0409_f2	SYN_CH11	SYN_SEG_SPK_12	SYN_SESSION_12	SYN_SEG_0409	f2	initial				Hz	requested		training	raw					SYN_GENERATOR_11042026	SYNTHETIC_TEACHING_FIXTURE
REQ_SYN_SEG_0409_f3	SYN_CH11	SYN_SEG_SPK_12	SYN_SESSION_12	SYN_SEG_0409	f3	initial				Hz	requested		training	raw					SYN_GENERATOR_11042026	SYNTHETIC_TEACHING_FIXTURE
REQ_SYN_SEG_0410_vowel_duration	SYN_CH11	SYN_SEG_SPK_12	SYN_SESSION_12	SYN_SEG_0410	vowel_duration	medial				ms	requested		training	raw					SYN_GENERATOR_11042026	SYNTHETIC_TEACHING_FIXTURE
REQ_SYN_SEG_0410_f1	SYN_CH11	SYN_SEG_SPK_12	SYN_SESSION_12	SYN_SEG_0410	f1	medial				Hz	requested		training	raw					SYN_GENERATOR_11042026	SYNTHETIC_TEACHING_FIXTURE
REQ_SYN_SEG_0410_f2	SYN_CH11	SYN_SEG_SPK_12	SYN_SESSION_12	SYN_SEG_0410	f2	medial				Hz	requested		training	raw					SYN_GENERATOR_11042026	SYNTHETIC_TEACHING_FIXTURE
REQ_SYN_SEG_0410_f3	SYN_CH11	SYN_SEG_SPK_12	SYN_SESSION_12	SYN_SEG_0410	f3	medial				Hz	requested		training	raw					SYN_GENERATOR_11042026	SYNTHETIC_TEACHING_FIXTURE
REQ_SYN_SEG_0411_vowel_duration	SYN_CH11	SYN_SEG_SPK_12	SYN_SESSION_12	SYN_SEG_0411	vowel_duration	final				ms	requested		training	raw					SYN_GENERATOR_11042026	SYNTHETIC_TEACHING_FIXTURE
REQ_SYN_SEG_0411_f1	SYN_CH11	SYN_SEG_SPK_12	SYN_SESSION_12	SYN_SEG_0411	f1	final				Hz	requested		training	raw					SYN_GENERATOR_11042026	SYNTHETIC_TEACHING_FIXTURE
REQ_SYN_SEG_0411_f2	SYN_CH11	SYN_SEG_SPK_12	SYN_SESSION_12	SYN_SEG_0411	f2	final				Hz	requested		training	raw					SYN_GENERATOR_11042026	SYNTHETIC_TEACHING_FIXTURE
REQ_SYN_SEG_0411_f3	SYN_CH11	SYN_SEG_SPK_12	SYN_SESSION_12	SYN_SEG_0411	f3	final				Hz	requested		training	raw					SYN_GENERATOR_11042026	SYNTHETIC_TEACHING_FIXTURE
REQ_SYN_SEG_0412_vowel_duration	SYN_CH11	SYN_SEG_SPK_12	SYN_SESSION_12	SYN_SEG_0412	vowel_duration	initial				ms	requested		training	raw					SYN_GENERATOR_11042026	SYNTHETIC_TEACHING_FIXTURE
REQ_SYN_SEG_0412_f1	SYN_CH11	SYN_SEG_SPK_12	SYN_SESSION_12	SYN_SEG_0412	f1	initial				Hz	requested		training	raw					SYN_GENERATOR_11042026	SYNTHETIC_TEACHING_FIXTURE
REQ_SYN_SEG_0412_f2	SYN_CH11	SYN_SEG_SPK_12	SYN_SESSION_12	SYN_SEG_0412	f2	initial				Hz	requested		training	raw					SYN_GENERATOR_11042026	SYNTHETIC_TEACHING_FIXTURE
REQ_SYN_SEG_0412_f3	SYN_CH11	SYN_SEG_SPK_12	SYN_SESSION_12	SYN_SEG_0412	f3	initial				Hz	requested		training	raw					SYN_GENERATOR_11042026	SYNTHETIC_TEACHING_FIXTURE
REQ_SYN_SEG_0413_vowel_duration	SYN_CH11	SYN_SEG_SPK_12	SYN_SESSION_12	SYN_SEG_0413	vowel_duration	medial				ms	requested		training	raw					SYN_GENERATOR_11042026	SYNTHETIC_TEACHING_FIXTURE
REQ_SYN_SEG_0413_f1	SYN_CH11	SYN_SEG_SPK_12	SYN_SESSION_12	SYN_SEG_0413	f1	medial				Hz	requested		training	raw					SYN_GENERATOR_11042026	SYNTHETIC_TEACHING_FIXTURE
REQ_SYN_SEG_0413_f2	SYN_CH11	SYN_SEG_SPK_12	SYN_SESSION_12	SYN_SEG_0413	f2	medial				Hz	requested		training	raw					SYN_GENERATOR_11042026	SYNTHETIC_TEACHING_FIXTURE
REQ_SYN_SEG_0413_f3	SYN_CH11	SYN_SEG_SPK_12	SYN_SESSION_12	SYN_SEG_0413	f3	medial				Hz	requested		training	raw					SYN_GENERATOR_11042026	SYNTHETIC_TEACHING_FIXTURE
REQ_SYN_SEG_0414_vowel_duration	SYN_CH11	SYN_SEG_SPK_12	SYN_SESSION_12	SYN_SEG_0414	vowel_duration	final				ms	requested		training	raw					SYN_GENERATOR_11042026	SYNTHETIC_TEACHING_FIXTURE
REQ_SYN_SEG_0414_f1	SYN_CH11	SYN_SEG_SPK_12	SYN_SESSION_12	SYN_SEG_0414	f1	final				Hz	requested		training	raw					SYN_GENERATOR_11042026	SYNTHETIC_TEACHING_FIXTURE
REQ_SYN_SEG_0414_f2	SYN_CH11	SYN_SEG_SPK_12	SYN_SESSION_12	SYN_SEG_0414	f2	final				Hz	requested		training	raw					SYN_GENERATOR_11042026	SYNTHETIC_TEACHING_FIXTURE
REQ_SYN_SEG_0414_f3	SYN_CH11	SYN_SEG_SPK_12	SYN_SESSION_12	SYN_SEG_0414	f3	final				Hz	requested		training	raw					SYN_GENERATOR_11042026	SYNTHETIC_TEACHING_FIXTURE
REQ_SYN_SEG_0415_vowel_duration	SYN_CH11	SYN_SEG_SPK_12	SYN_SESSION_12	SYN_SEG_0415	vowel_duration	initial				ms	requested		training	raw					SYN_GENERATOR_11042026	SYNTHETIC_TEACHING_FIXTURE
REQ_SYN_SEG_0415_f1	SYN_CH11	SYN_SEG_SPK_12	SYN_SESSION_12	SYN_SEG_0415	f1	initial				Hz	requested		training	raw					SYN_GENERATOR_11042026	SYNTHETIC_TEACHING_FIXTURE
REQ_SYN_SEG_0415_f2	SYN_CH11	SYN_SEG_SPK_12	SYN_SESSION_12	SYN_SEG_0415	f2	initial				Hz	requested		training	raw					SYN_GENERATOR_11042026	SYNTHETIC_TEACHING_FIXTURE
REQ_SYN_SEG_0415_f3	SYN_CH11	SYN_SEG_SPK_12	SYN_SESSION_12	SYN_SEG_0415	f3	initial				Hz	requested		training	raw					SYN_GENERATOR_11042026	SYNTHETIC_TEACHING_FIXTURE
REQ_SYN_SEG_0416_vowel_duration	SYN_CH11	SYN_SEG_SPK_12	SYN_SESSION_12	SYN_SEG_0416	vowel_duration	medial				ms	requested		training	raw					SYN_GENERATOR_11042026	SYNTHETIC_TEACHING_FIXTURE
REQ_SYN_SEG_0416_f1	SYN_CH11	SYN_SEG_SPK_12	SYN_SESSION_12	SYN_SEG_0416	f1	medial				Hz	requested		training	raw					SYN_GENERATOR_11042026	SYNTHETIC_TEACHING_FIXTURE
REQ_SYN_SEG_0416_f2	SYN_CH11	SYN_SEG_SPK_12	SYN_SESSION_12	SYN_SEG_0416	f2	medial				Hz	requested		training	raw					SYN_GENERATOR_11042026	SYNTHETIC_TEACHING_FIXTURE
REQ_SYN_SEG_0416_f3	SYN_CH11	SYN_SEG_SPK_12	SYN_SESSION_12	SYN_SEG_0416	f3	medial				Hz	requested		training	raw					SYN_GENERATOR_11042026	SYNTHETIC_TEACHING_FIXTURE
REQ_SYN_SEG_0417_vowel_duration	SYN_CH11	SYN_SEG_SPK_12	SYN_SESSION_12	SYN_SEG_0417	vowel_duration	final				ms	requested		training	raw					SYN_GENERATOR_11042026	SYNTHETIC_TEACHING_FIXTURE
REQ_SYN_SEG_0417_f1	SYN_CH11	SYN_SEG_SPK_12	SYN_SESSION_12	SYN_SEG_0417	f1	final				Hz	requested		training	raw					SYN_GENERATOR_11042026	SYNTHETIC_TEACHING_FIXTURE
REQ_SYN_SEG_0417_f2	SYN_CH11	SYN_SEG_SPK_12	SYN_SESSION_12	SYN_SEG_0417	f2	final				Hz	requested		training	raw					SYN_GENERATOR_11042026	SYNTHETIC_TEACHING_FIXTURE
REQ_SYN_SEG_0417_f3	SYN_CH11	SYN_SEG_SPK_12	SYN_SESSION_12	SYN_SEG_0417	f3	final				Hz	requested		training	raw					SYN_GENERATOR_11042026	SYNTHETIC_TEACHING_FIXTURE
REQ_SYN_SEG_0418_vowel_duration	SYN_CH11	SYN_SEG_SPK_12	SYN_SESSION_12	SYN_SEG_0418	vowel_duration	initial				ms	requested		training	raw					SYN_GENERATOR_11042026	SYNTHETIC_TEACHING_FIXTURE
REQ_SYN_SEG_0418_f1	SYN_CH11	SYN_SEG_SPK_12	SYN_SESSION_12	SYN_SEG_0418	f1	initial				Hz	requested		training	raw					SYN_GENERATOR_11042026	SYNTHETIC_TEACHING_FIXTURE
REQ_SYN_SEG_0418_f2	SYN_CH11	SYN_SEG_SPK_12	SYN_SESSION_12	SYN_SEG_0418	f2	initial				Hz	requested		training	raw					SYN_GENERATOR_11042026	SYNTHETIC_TEACHING_FIXTURE
REQ_SYN_SEG_0418_f3	SYN_CH11	SYN_SEG_SPK_12	SYN_SESSION_12	SYN_SEG_0418	f3	initial				Hz	requested		training	raw					SYN_GENERATOR_11042026	SYNTHETIC_TEACHING_FIXTURE
REQ_SYN_SEG_0419_vowel_duration	SYN_CH11	SYN_SEG_SPK_12	SYN_SESSION_12	SYN_SEG_0419	vowel_duration	medial				ms	requested		training	raw					SYN_GENERATOR_11042026	SYNTHETIC_TEACHING_FIXTURE
REQ_SYN_SEG_0419_f1	SYN_CH11	SYN_SEG_SPK_12	SYN_SESSION_12	SYN_SEG_0419	f1	medial				Hz	requested		training	raw					SYN_GENERATOR_11042026	SYNTHETIC_TEACHING_FIXTURE
REQ_SYN_SEG_0419_f2	SYN_CH11	SYN_SEG_SPK_12	SYN_SESSION_12	SYN_SEG_0419	f2	medial				Hz	requested		training	raw					SYN_GENERATOR_11042026	SYNTHETIC_TEACHING_FIXTURE
REQ_SYN_SEG_0419_f3	SYN_CH11	SYN_SEG_SPK_12	SYN_SESSION_12	SYN_SEG_0419	f3	medial				Hz	requested		training	raw					SYN_GENERATOR_11042026	SYNTHETIC_TEACHING_FIXTURE
REQ_SYN_SEG_0420_vowel_duration	SYN_CH11	SYN_SEG_SPK_12	SYN_SESSION_12	SYN_SEG_0420	vowel_duration	final				ms	requested		training	raw					SYN_GENERATOR_11042026	SYNTHETIC_TEACHING_FIXTURE
REQ_SYN_SEG_0420_f1	SYN_CH11	SYN_SEG_SPK_12	SYN_SESSION_12	SYN_SEG_0420	f1	final				Hz	requested		training	raw					SYN_GENERATOR_11042026	SYNTHETIC_TEACHING_FIXTURE
REQ_SYN_SEG_0420_f2	SYN_CH11	SYN_SEG_SPK_12	SYN_SESSION_12	SYN_SEG_0420	f2	final				Hz	requested		training	raw					SYN_GENERATOR_11042026	SYNTHETIC_TEACHING_FIXTURE
REQ_SYN_SEG_0420_f3	SYN_CH11	SYN_SEG_SPK_12	SYN_SESSION_12	SYN_SEG_0420	f3	final				Hz	requested		training	raw					SYN_GENERATOR_11042026	SYNTHETIC_TEACHING_FIXTURE
REQ_SYN_SEG_0421_fricative_duration	SYN_CH11	SYN_SEG_SPK_12	SYN_SESSION_12	SYN_SEG_0421	fricative_duration	initial				ms	requested			raw					SYN_GENERATOR_11042026	SYNTHETIC_TEACHING_FIXTURE
REQ_SYN_SEG_0421_fricative_cog	SYN_CH11	SYN_SEG_SPK_12	SYN_SESSION_12	SYN_SEG_0421	fricative_cog	initial				Hz	requested			raw					SYN_GENERATOR_11042026	SYNTHETIC_TEACHING_FIXTURE
REQ_SYN_SEG_0422_fricative_duration	SYN_CH11	SYN_SEG_SPK_12	SYN_SESSION_12	SYN_SEG_0422	fricative_duration	medial				ms	requested			raw					SYN_GENERATOR_11042026	SYNTHETIC_TEACHING_FIXTURE
REQ_SYN_SEG_0422_fricative_cog	SYN_CH11	SYN_SEG_SPK_12	SYN_SESSION_12	SYN_SEG_0422	fricative_cog	medial				Hz	requested			raw					SYN_GENERATOR_11042026	SYNTHETIC_TEACHING_FIXTURE
REQ_SYN_SEG_0423_fricative_duration	SYN_CH11	SYN_SEG_SPK_12	SYN_SESSION_12	SYN_SEG_0423	fricative_duration	final				ms	requested			raw					SYN_GENERATOR_11042026	SYNTHETIC_TEACHING_FIXTURE
REQ_SYN_SEG_0423_fricative_cog	SYN_CH11	SYN_SEG_SPK_12	SYN_SESSION_12	SYN_SEG_0423	fricative_cog	final				Hz	requested			raw					SYN_GENERATOR_11042026	SYNTHETIC_TEACHING_FIXTURE
REQ_SYN_SEG_0424_fricative_duration	SYN_CH11	SYN_SEG_SPK_12	SYN_SESSION_12	SYN_SEG_0424	fricative_duration	initial				ms	requested			raw					SYN_GENERATOR_11042026	SYNTHETIC_TEACHING_FIXTURE
REQ_SYN_SEG_0424_fricative_cog	SYN_CH11	SYN_SEG_SPK_12	SYN_SESSION_12	SYN_SEG_0424	fricative_cog	initial				Hz	requested			raw					SYN_GENERATOR_11042026	SYNTHETIC_TEACHING_FIXTURE
REQ_SYN_SEG_0425_fricative_duration	SYN_CH11	SYN_SEG_SPK_12	SYN_SESSION_12	SYN_SEG_0425	fricative_duration	medial				ms	requested			raw					SYN_GENERATOR_11042026	SYNTHETIC_TEACHING_FIXTURE
REQ_SYN_SEG_0425_fricative_cog	SYN_CH11	SYN_SEG_SPK_12	SYN_SESSION_12	SYN_SEG_0425	fricative_cog	medial				Hz	requested			raw					SYN_GENERATOR_11042026	SYNTHETIC_TEACHING_FIXTURE
REQ_SYN_SEG_0426_fricative_duration	SYN_CH11	SYN_SEG_SPK_12	SYN_SESSION_12	SYN_SEG_0426	fricative_duration	final				ms	requested			raw					SYN_GENERATOR_11042026	SYNTHETIC_TEACHING_FIXTURE
REQ_SYN_SEG_0426_fricative_cog	SYN_CH11	SYN_SEG_SPK_12	SYN_SESSION_12	SYN_SEG_0426	fricative_cog	final				Hz	requested			raw					SYN_GENERATOR_11042026	SYNTHETIC_TEACHING_FIXTURE
REQ_SYN_SEG_0427_fricative_duration	SYN_CH11	SYN_SEG_SPK_12	SYN_SESSION_12	SYN_SEG_0427	fricative_duration	initial				ms	requested			raw					SYN_GENERATOR_11042026	SYNTHETIC_TEACHING_FIXTURE
REQ_SYN_SEG_0427_fricative_cog	SYN_CH11	SYN_SEG_SPK_12	SYN_SESSION_12	SYN_SEG_0427	fricative_cog	initial				Hz	requested			raw					SYN_GENERATOR_11042026	SYNTHETIC_TEACHING_FIXTURE
REQ_SYN_SEG_0428_fricative_duration	SYN_CH11	SYN_SEG_SPK_12	SYN_SESSION_12	SYN_SEG_0428	fricative_duration	medial				ms	requested			raw					SYN_GENERATOR_11042026	SYNTHETIC_TEACHING_FIXTURE
REQ_SYN_SEG_0428_fricative_cog	SYN_CH11	SYN_SEG_SPK_12	SYN_SESSION_12	SYN_SEG_0428	fricative_cog	medial				Hz	requested			raw					SYN_GENERATOR_11042026	SYNTHETIC_TEACHING_FIXTURE
REQ_SYN_SEG_0429_fricative_duration	SYN_CH11	SYN_SEG_SPK_12	SYN_SESSION_12	SYN_SEG_0429	fricative_duration	final				ms	requested			raw					SYN_GENERATOR_11042026	SYNTHETIC_TEACHING_FIXTURE
REQ_SYN_SEG_0429_fricative_cog	SYN_CH11	SYN_SEG_SPK_12	SYN_SESSION_12	SYN_SEG_0429	fricative_cog	final				Hz	requested			raw					SYN_GENERATOR_11042026	SYNTHETIC_TEACHING_FIXTURE
REQ_SYN_SEG_0430_fricative_duration	SYN_CH11	SYN_SEG_SPK_12	SYN_SESSION_12	SYN_SEG_0430	fricative_duration	initial				ms	requested			raw					SYN_GENERATOR_11042026	SYNTHETIC_TEACHING_FIXTURE
REQ_SYN_SEG_0430_fricative_cog	SYN_CH11	SYN_SEG_SPK_12	SYN_SESSION_12	SYN_SEG_0430	fricative_cog	initial				Hz	requested			raw					SYN_GENERATOR_11042026	SYNTHETIC_TEACHING_FIXTURE
REQ_SYN_SEG_0431_fricative_duration	SYN_CH11	SYN_SEG_SPK_12	SYN_SESSION_12	SYN_SEG_0431	fricative_duration	medial				ms	requested			raw					SYN_GENERATOR_11042026	SYNTHETIC_TEACHING_FIXTURE
REQ_SYN_SEG_0431_fricative_cog	SYN_CH11	SYN_SEG_SPK_12	SYN_SESSION_12	SYN_SEG_0431	fricative_cog	medial				Hz	requested			raw					SYN_GENERATOR_11042026	SYNTHETIC_TEACHING_FIXTURE
REQ_SYN_SEG_0432_fricative_duration	SYN_CH11	SYN_SEG_SPK_12	SYN_SESSION_12	SYN_SEG_0432	fricative_duration	final				ms	requested			raw					SYN_GENERATOR_11042026	SYNTHETIC_TEACHING_FIXTURE
REQ_SYN_SEG_0432_fricative_cog	SYN_CH11	SYN_SEG_SPK_12	SYN_SESSION_12	SYN_SEG_0432	fricative_cog	final				Hz	requested			raw					SYN_GENERATOR_11042026	SYNTHETIC_TEACHING_FIXTURE
REQ_SYN_SEG_0433_vot	SYN_CH11	SYN_SEG_SPK_13	SYN_SESSION_13	SYN_SEG_0433	vot	initial				ms	requested			raw					SYN_GENERATOR_11042026	SYNTHETIC_TEACHING_FIXTURE
REQ_SYN_SEG_0433_closure_duration	SYN_CH11	SYN_SEG_SPK_13	SYN_SESSION_13	SYN_SEG_0433	closure_duration	initial				ms	requested			raw					SYN_GENERATOR_11042026	SYNTHETIC_TEACHING_FIXTURE
REQ_SYN_SEG_0433_vowel_onset_f0	SYN_CH11	SYN_SEG_SPK_13	SYN_SESSION_13	SYN_SEG_0433	vowel_onset_f0	initial				Hz	requested			raw					SYN_GENERATOR_11042026	SYNTHETIC_TEACHING_FIXTURE
REQ_SYN_SEG_0434_vot	SYN_CH11	SYN_SEG_SPK_13	SYN_SESSION_13	SYN_SEG_0434	vot	medial				ms	requested			raw					SYN_GENERATOR_11042026	SYNTHETIC_TEACHING_FIXTURE
REQ_SYN_SEG_0434_closure_duration	SYN_CH11	SYN_SEG_SPK_13	SYN_SESSION_13	SYN_SEG_0434	closure_duration	medial				ms	requested			raw					SYN_GENERATOR_11042026	SYNTHETIC_TEACHING_FIXTURE
REQ_SYN_SEG_0434_vowel_onset_f0	SYN_CH11	SYN_SEG_SPK_13	SYN_SESSION_13	SYN_SEG_0434	vowel_onset_f0	medial				Hz	requested			raw					SYN_GENERATOR_11042026	SYNTHETIC_TEACHING_FIXTURE
REQ_SYN_SEG_0435_vot	SYN_CH11	SYN_SEG_SPK_13	SYN_SESSION_13	SYN_SEG_0435	vot	final				ms	requested			raw					SYN_GENERATOR_11042026	SYNTHETIC_TEACHING_FIXTURE
REQ_SYN_SEG_0435_closure_duration	SYN_CH11	SYN_SEG_SPK_13	SYN_SESSION_13	SYN_SEG_0435	closure_duration	final				ms	requested			raw					SYN_GENERATOR_11042026	SYNTHETIC_TEACHING_FIXTURE
REQ_SYN_SEG_0435_vowel_onset_f0	SYN_CH11	SYN_SEG_SPK_13	SYN_SESSION_13	SYN_SEG_0435	vowel_onset_f0	final				Hz	requested			raw					SYN_GENERATOR_11042026	SYNTHETIC_TEACHING_FIXTURE
REQ_SYN_SEG_0436_vot	SYN_CH11	SYN_SEG_SPK_13	SYN_SESSION_13	SYN_SEG_0436	vot	initial				ms	requested			raw					SYN_GENERATOR_11042026	SYNTHETIC_TEACHING_FIXTURE
REQ_SYN_SEG_0436_closure_duration	SYN_CH11	SYN_SEG_SPK_13	SYN_SESSION_13	SYN_SEG_0436	closure_duration	initial				ms	requested			raw					SYN_GENERATOR_11042026	SYNTHETIC_TEACHING_FIXTURE
REQ_SYN_SEG_0436_vowel_onset_f0	SYN_CH11	SYN_SEG_SPK_13	SYN_SESSION_13	SYN_SEG_0436	vowel_onset_f0	initial				Hz	requested			raw					SYN_GENERATOR_11042026	SYNTHETIC_TEACHING_FIXTURE
REQ_SYN_SEG_0437_vot	SYN_CH11	SYN_SEG_SPK_13	SYN_SESSION_13	SYN_SEG_0437	vot	medial				ms	requested			raw					SYN_GENERATOR_11042026	SYNTHETIC_TEACHING_FIXTURE
REQ_SYN_SEG_0437_closure_duration	SYN_CH11	SYN_SEG_SPK_13	SYN_SESSION_13	SYN_SEG_0437	closure_duration	medial				ms	requested			raw					SYN_GENERATOR_11042026	SYNTHETIC_TEACHING_FIXTURE
REQ_SYN_SEG_0437_vowel_onset_f0	SYN_CH11	SYN_SEG_SPK_13	SYN_SESSION_13	SYN_SEG_0437	vowel_onset_f0	medial				Hz	requested			raw					SYN_GENERATOR_11042026	SYNTHETIC_TEACHING_FIXTURE
REQ_SYN_SEG_0438_vot	SYN_CH11	SYN_SEG_SPK_13	SYN_SESSION_13	SYN_SEG_0438	vot	final				ms	requested			raw					SYN_GENERATOR_11042026	SYNTHETIC_TEACHING_FIXTURE
REQ_SYN_SEG_0438_closure_duration	SYN_CH11	SYN_SEG_SPK_13	SYN_SESSION_13	SYN_SEG_0438	closure_duration	final				ms	requested			raw					SYN_GENERATOR_11042026	SYNTHETIC_TEACHING_FIXTURE
REQ_SYN_SEG_0438_vowel_onset_f0	SYN_CH11	SYN_SEG_SPK_13	SYN_SESSION_13	SYN_SEG_0438	vowel_onset_f0	final				Hz	requested			raw					SYN_GENERATOR_11042026	SYNTHETIC_TEACHING_FIXTURE
REQ_SYN_SEG_0439_vot	SYN_CH11	SYN_SEG_SPK_13	SYN_SESSION_13	SYN_SEG_0439	vot	initial				ms	requested			raw					SYN_GENERATOR_11042026	SYNTHETIC_TEACHING_FIXTURE
REQ_SYN_SEG_0439_closure_duration	SYN_CH11	SYN_SEG_SPK_13	SYN_SESSION_13	SYN_SEG_0439	closure_duration	initial				ms	requested			raw					SYN_GENERATOR_11042026	SYNTHETIC_TEACHING_FIXTURE
REQ_SYN_SEG_0439_vowel_onset_f0	SYN_CH11	SYN_SEG_SPK_13	SYN_SESSION_13	SYN_SEG_0439	vowel_onset_f0	initial				Hz	requested			raw					SYN_GENERATOR_11042026	SYNTHETIC_TEACHING_FIXTURE
REQ_SYN_SEG_0440_vot	SYN_CH11	SYN_SEG_SPK_13	SYN_SESSION_13	SYN_SEG_0440	vot	medial				ms	requested			raw					SYN_GENERATOR_11042026	SYNTHETIC_TEACHING_FIXTURE
REQ_SYN_SEG_0440_closure_duration	SYN_CH11	SYN_SEG_SPK_13	SYN_SESSION_13	SYN_SEG_0440	closure_duration	medial				ms	requested			raw					SYN_GENERATOR_11042026	SYNTHETIC_TEACHING_FIXTURE
REQ_SYN_SEG_0440_vowel_onset_f0	SYN_CH11	SYN_SEG_SPK_13	SYN_SESSION_13	SYN_SEG_0440	vowel_onset_f0	medial				Hz	requested			raw					SYN_GENERATOR_11042026	SYNTHETIC_TEACHING_FIXTURE
REQ_SYN_SEG_0441_vot	SYN_CH11	SYN_SEG_SPK_13	SYN_SESSION_13	SYN_SEG_0441	vot	final				ms	requested			raw					SYN_GENERATOR_11042026	SYNTHETIC_TEACHING_FIXTURE
REQ_SYN_SEG_0441_closure_duration	SYN_CH11	SYN_SEG_SPK_13	SYN_SESSION_13	SYN_SEG_0441	closure_duration	final				ms	requested			raw					SYN_GENERATOR_11042026	SYNTHETIC_TEACHING_FIXTURE
REQ_SYN_SEG_0441_vowel_onset_f0	SYN_CH11	SYN_SEG_SPK_13	SYN_SESSION_13	SYN_SEG_0441	vowel_onset_f0	final				Hz	requested			raw					SYN_GENERATOR_11042026	SYNTHETIC_TEACHING_FIXTURE
REQ_SYN_SEG_0442_vot	SYN_CH11	SYN_SEG_SPK_13	SYN_SESSION_13	SYN_SEG_0442	vot	initial				ms	requested			raw					SYN_GENERATOR_11042026	SYNTHETIC_TEACHING_FIXTURE
REQ_SYN_SEG_0442_closure_duration	SYN_CH11	SYN_SEG_SPK_13	SYN_SESSION_13	SYN_SEG_0442	closure_duration	initial				ms	requested			raw					SYN_GENERATOR_11042026	SYNTHETIC_TEACHING_FIXTURE
REQ_SYN_SEG_0442_vowel_onset_f0	SYN_CH11	SYN_SEG_SPK_13	SYN_SESSION_13	SYN_SEG_0442	vowel_onset_f0	initial				Hz	requested			raw					SYN_GENERATOR_11042026	SYNTHETIC_TEACHING_FIXTURE
REQ_SYN_SEG_0443_vot	SYN_CH11	SYN_SEG_SPK_13	SYN_SESSION_13	SYN_SEG_0443	vot	medial				ms	requested			raw					SYN_GENERATOR_11042026	SYNTHETIC_TEACHING_FIXTURE
REQ_SYN_SEG_0443_closure_duration	SYN_CH11	SYN_SEG_SPK_13	SYN_SESSION_13	SYN_SEG_0443	closure_duration	medial				ms	requested			raw					SYN_GENERATOR_11042026	SYNTHETIC_TEACHING_FIXTURE
REQ_SYN_SEG_0443_vowel_onset_f0	SYN_CH11	SYN_SEG_SPK_13	SYN_SESSION_13	SYN_SEG_0443	vowel_onset_f0	medial				Hz	requested			raw					SYN_GENERATOR_11042026	SYNTHETIC_TEACHING_FIXTURE
REQ_SYN_SEG_0444_vot	SYN_CH11	SYN_SEG_SPK_13	SYN_SESSION_13	SYN_SEG_0444	vot	final				ms	requested			raw					SYN_GENERATOR_11042026	SYNTHETIC_TEACHING_FIXTURE
REQ_SYN_SEG_0444_closure_duration	SYN_CH11	SYN_SEG_SPK_13	SYN_SESSION_13	SYN_SEG_0444	closure_duration	final				ms	requested			raw					SYN_GENERATOR_11042026	SYNTHETIC_TEACHING_FIXTURE
REQ_SYN_SEG_0444_vowel_onset_f0	SYN_CH11	SYN_SEG_SPK_13	SYN_SESSION_13	SYN_SEG_0444	vowel_onset_f0	final				Hz	requested			raw					SYN_GENERATOR_11042026	SYNTHETIC_TEACHING_FIXTURE
REQ_SYN_SEG_0445_vowel_duration	SYN_CH11	SYN_SEG_SPK_13	SYN_SESSION_13	SYN_SEG_0445	vowel_duration	initial				ms	requested		training	raw					SYN_GENERATOR_11042026	SYNTHETIC_TEACHING_FIXTURE
REQ_SYN_SEG_0445_f1	SYN_CH11	SYN_SEG_SPK_13	SYN_SESSION_13	SYN_SEG_0445	f1	initial				Hz	requested		training	raw					SYN_GENERATOR_11042026	SYNTHETIC_TEACHING_FIXTURE
REQ_SYN_SEG_0445_f2	SYN_CH11	SYN_SEG_SPK_13	SYN_SESSION_13	SYN_SEG_0445	f2	initial				Hz	requested		training	raw					SYN_GENERATOR_11042026	SYNTHETIC_TEACHING_FIXTURE
REQ_SYN_SEG_0445_f3	SYN_CH11	SYN_SEG_SPK_13	SYN_SESSION_13	SYN_SEG_0445	f3	initial				Hz	requested		training	raw					SYN_GENERATOR_11042026	SYNTHETIC_TEACHING_FIXTURE
REQ_SYN_SEG_0446_vowel_duration	SYN_CH11	SYN_SEG_SPK_13	SYN_SESSION_13	SYN_SEG_0446	vowel_duration	medial				ms	requested		training	raw					SYN_GENERATOR_11042026	SYNTHETIC_TEACHING_FIXTURE
REQ_SYN_SEG_0446_f1	SYN_CH11	SYN_SEG_SPK_13	SYN_SESSION_13	SYN_SEG_0446	f1	medial				Hz	requested		training	raw					SYN_GENERATOR_11042026	SYNTHETIC_TEACHING_FIXTURE
REQ_SYN_SEG_0446_f2	SYN_CH11	SYN_SEG_SPK_13	SYN_SESSION_13	SYN_SEG_0446	f2	medial				Hz	requested		training	raw					SYN_GENERATOR_11042026	SYNTHETIC_TEACHING_FIXTURE
REQ_SYN_SEG_0446_f3	SYN_CH11	SYN_SEG_SPK_13	SYN_SESSION_13	SYN_SEG_0446	f3	medial				Hz	requested		training	raw					SYN_GENERATOR_11042026	SYNTHETIC_TEACHING_FIXTURE
REQ_SYN_SEG_0447_vowel_duration	SYN_CH11	SYN_SEG_SPK_13	SYN_SESSION_13	SYN_SEG_0447	vowel_duration	final				ms	requested		training	raw					SYN_GENERATOR_11042026	SYNTHETIC_TEACHING_FIXTURE
REQ_SYN_SEG_0447_f1	SYN_CH11	SYN_SEG_SPK_13	SYN_SESSION_13	SYN_SEG_0447	f1	final				Hz	requested		training	raw					SYN_GENERATOR_11042026	SYNTHETIC_TEACHING_FIXTURE
REQ_SYN_SEG_0447_f2	SYN_CH11	SYN_SEG_SPK_13	SYN_SESSION_13	SYN_SEG_0447	f2	final				Hz	requested		training	raw					SYN_GENERATOR_11042026	SYNTHETIC_TEACHING_FIXTURE
REQ_SYN_SEG_0447_f3	SYN_CH11	SYN_SEG_SPK_13	SYN_SESSION_13	SYN_SEG_0447	f3	final				Hz	requested		training	raw					SYN_GENERATOR_11042026	SYNTHETIC_TEACHING_FIXTURE
REQ_SYN_SEG_0448_vowel_duration	SYN_CH11	SYN_SEG_SPK_13	SYN_SESSION_13	SYN_SEG_0448	vowel_duration	initial				ms	requested		training	raw					SYN_GENERATOR_11042026	SYNTHETIC_TEACHING_FIXTURE
REQ_SYN_SEG_0448_f1	SYN_CH11	SYN_SEG_SPK_13	SYN_SESSION_13	SYN_SEG_0448	f1	initial				Hz	requested		training	raw					SYN_GENERATOR_11042026	SYNTHETIC_TEACHING_FIXTURE
REQ_SYN_SEG_0448_f2	SYN_CH11	SYN_SEG_SPK_13	SYN_SESSION_13	SYN_SEG_0448	f2	initial				Hz	requested		training	raw					SYN_GENERATOR_11042026	SYNTHETIC_TEACHING_FIXTURE
REQ_SYN_SEG_0448_f3	SYN_CH11	SYN_SEG_SPK_13	SYN_SESSION_13	SYN_SEG_0448	f3	initial				Hz	requested		training	raw					SYN_GENERATOR_11042026	SYNTHETIC_TEACHING_FIXTURE
REQ_SYN_SEG_0449_vowel_duration	SYN_CH11	SYN_SEG_SPK_13	SYN_SESSION_13	SYN_SEG_0449	vowel_duration	medial				ms	requested		training	raw					SYN_GENERATOR_11042026	SYNTHETIC_TEACHING_FIXTURE
REQ_SYN_SEG_0449_f1	SYN_CH11	SYN_SEG_SPK_13	SYN_SESSION_13	SYN_SEG_0449	f1	medial				Hz	requested		training	raw					SYN_GENERATOR_11042026	SYNTHETIC_TEACHING_FIXTURE
REQ_SYN_SEG_0449_f2	SYN_CH11	SYN_SEG_SPK_13	SYN_SESSION_13	SYN_SEG_0449	f2	medial				Hz	requested		training	raw					SYN_GENERATOR_11042026	SYNTHETIC_TEACHING_FIXTURE
REQ_SYN_SEG_0449_f3	SYN_CH11	SYN_SEG_SPK_13	SYN_SESSION_13	SYN_SEG_0449	f3	medial				Hz	requested		training	raw					SYN_GENERATOR_11042026	SYNTHETIC_TEACHING_FIXTURE
REQ_SYN_SEG_0450_vowel_duration	SYN_CH11	SYN_SEG_SPK_13	SYN_SESSION_13	SYN_SEG_0450	vowel_duration	final				ms	requested		training	raw					SYN_GENERATOR_11042026	SYNTHETIC_TEACHING_FIXTURE
REQ_SYN_SEG_0450_f1	SYN_CH11	SYN_SEG_SPK_13	SYN_SESSION_13	SYN_SEG_0450	f1	final				Hz	requested		training	raw					SYN_GENERATOR_11042026	SYNTHETIC_TEACHING_FIXTURE
REQ_SYN_SEG_0450_f2	SYN_CH11	SYN_SEG_SPK_13	SYN_SESSION_13	SYN_SEG_0450	f2	final				Hz	requested		training	raw					SYN_GENERATOR_11042026	SYNTHETIC_TEACHING_FIXTURE
REQ_SYN_SEG_0450_f3	SYN_CH11	SYN_SEG_SPK_13	SYN_SESSION_13	SYN_SEG_0450	f3	final				Hz	requested		training	raw					SYN_GENERATOR_11042026	SYNTHETIC_TEACHING_FIXTURE
REQ_SYN_SEG_0451_vowel_duration	SYN_CH11	SYN_SEG_SPK_13	SYN_SESSION_13	SYN_SEG_0451	vowel_duration	initial				ms	requested		training	raw					SYN_GENERATOR_11042026	SYNTHETIC_TEACHING_FIXTURE
REQ_SYN_SEG_0451_f1	SYN_CH11	SYN_SEG_SPK_13	SYN_SESSION_13	SYN_SEG_0451	f1	initial				Hz	requested		training	raw					SYN_GENERATOR_11042026	SYNTHETIC_TEACHING_FIXTURE
REQ_SYN_SEG_0451_f2	SYN_CH11	SYN_SEG_SPK_13	SYN_SESSION_13	SYN_SEG_0451	f2	initial				Hz	requested		training	raw					SYN_GENERATOR_11042026	SYNTHETIC_TEACHING_FIXTURE
REQ_SYN_SEG_0451_f3	SYN_CH11	SYN_SEG_SPK_13	SYN_SESSION_13	SYN_SEG_0451	f3	initial				Hz	requested		training	raw					SYN_GENERATOR_11042026	SYNTHETIC_TEACHING_FIXTURE
REQ_SYN_SEG_0452_vowel_duration	SYN_CH11	SYN_SEG_SPK_13	SYN_SESSION_13	SYN_SEG_0452	vowel_duration	medial				ms	requested		training	raw					SYN_GENERATOR_11042026	SYNTHETIC_TEACHING_FIXTURE
REQ_SYN_SEG_0452_f1	SYN_CH11	SYN_SEG_SPK_13	SYN_SESSION_13	SYN_SEG_0452	f1	medial				Hz	requested		training	raw					SYN_GENERATOR_11042026	SYNTHETIC_TEACHING_FIXTURE
REQ_SYN_SEG_0452_f2	SYN_CH11	SYN_SEG_SPK_13	SYN_SESSION_13	SYN_SEG_0452	f2	medial				Hz	requested		training	raw					SYN_GENERATOR_11042026	SYNTHETIC_TEACHING_FIXTURE
REQ_SYN_SEG_0452_f3	SYN_CH11	SYN_SEG_SPK_13	SYN_SESSION_13	SYN_SEG_0452	f3	medial				Hz	requested		training	raw					SYN_GENERATOR_11042026	SYNTHETIC_TEACHING_FIXTURE
REQ_SYN_SEG_0453_vowel_duration	SYN_CH11	SYN_SEG_SPK_13	SYN_SESSION_13	SYN_SEG_0453	vowel_duration	final				ms	requested		training	raw					SYN_GENERATOR_11042026	SYNTHETIC_TEACHING_FIXTURE
REQ_SYN_SEG_0453_f1	SYN_CH11	SYN_SEG_SPK_13	SYN_SESSION_13	SYN_SEG_0453	f1	final				Hz	requested		training	raw					SYN_GENERATOR_11042026	SYNTHETIC_TEACHING_FIXTURE
REQ_SYN_SEG_0453_f2	SYN_CH11	SYN_SEG_SPK_13	SYN_SESSION_13	SYN_SEG_0453	f2	final				Hz	requested		training	raw					SYN_GENERATOR_11042026	SYNTHETIC_TEACHING_FIXTURE
REQ_SYN_SEG_0453_f3	SYN_CH11	SYN_SEG_SPK_13	SYN_SESSION_13	SYN_SEG_0453	f3	final				Hz	requested		training	raw					SYN_GENERATOR_11042026	SYNTHETIC_TEACHING_FIXTURE
REQ_SYN_SEG_0454_vowel_duration	SYN_CH11	SYN_SEG_SPK_13	SYN_SESSION_13	SYN_SEG_0454	vowel_duration	initial				ms	requested		training	raw					SYN_GENERATOR_11042026	SYNTHETIC_TEACHING_FIXTURE
REQ_SYN_SEG_0454_f1	SYN_CH11	SYN_SEG_SPK_13	SYN_SESSION_13	SYN_SEG_0454	f1	initial				Hz	requested		training	raw					SYN_GENERATOR_11042026	SYNTHETIC_TEACHING_FIXTURE
REQ_SYN_SEG_0454_f2	SYN_CH11	SYN_SEG_SPK_13	SYN_SESSION_13	SYN_SEG_0454	f2	initial				Hz	requested		training	raw					SYN_GENERATOR_11042026	SYNTHETIC_TEACHING_FIXTURE
REQ_SYN_SEG_0454_f3	SYN_CH11	SYN_SEG_SPK_13	SYN_SESSION_13	SYN_SEG_0454	f3	initial				Hz	requested		training	raw					SYN_GENERATOR_11042026	SYNTHETIC_TEACHING_FIXTURE
REQ_SYN_SEG_0455_vowel_duration	SYN_CH11	SYN_SEG_SPK_13	SYN_SESSION_13	SYN_SEG_0455	vowel_duration	medial				ms	requested		training	raw					SYN_GENERATOR_11042026	SYNTHETIC_TEACHING_FIXTURE
REQ_SYN_SEG_0455_f1	SYN_CH11	SYN_SEG_SPK_13	SYN_SESSION_13	SYN_SEG_0455	f1	medial				Hz	requested		training	raw					SYN_GENERATOR_11042026	SYNTHETIC_TEACHING_FIXTURE
REQ_SYN_SEG_0455_f2	SYN_CH11	SYN_SEG_SPK_13	SYN_SESSION_13	SYN_SEG_0455	f2	medial				Hz	requested		training	raw					SYN_GENERATOR_11042026	SYNTHETIC_TEACHING_FIXTURE
REQ_SYN_SEG_0455_f3	SYN_CH11	SYN_SEG_SPK_13	SYN_SESSION_13	SYN_SEG_0455	f3	medial				Hz	requested		training	raw					SYN_GENERATOR_11042026	SYNTHETIC_TEACHING_FIXTURE
REQ_SYN_SEG_0456_vowel_duration	SYN_CH11	SYN_SEG_SPK_13	SYN_SESSION_13	SYN_SEG_0456	vowel_duration	final				ms	requested		training	raw					SYN_GENERATOR_11042026	SYNTHETIC_TEACHING_FIXTURE
REQ_SYN_SEG_0456_f1	SYN_CH11	SYN_SEG_SPK_13	SYN_SESSION_13	SYN_SEG_0456	f1	final				Hz	requested		training	raw					SYN_GENERATOR_11042026	SYNTHETIC_TEACHING_FIXTURE
REQ_SYN_SEG_0456_f2	SYN_CH11	SYN_SEG_SPK_13	SYN_SESSION_13	SYN_SEG_0456	f2	final				Hz	requested		training	raw					SYN_GENERATOR_11042026	SYNTHETIC_TEACHING_FIXTURE
REQ_SYN_SEG_0456_f3	SYN_CH11	SYN_SEG_SPK_13	SYN_SESSION_13	SYN_SEG_0456	f3	final				Hz	requested		training	raw					SYN_GENERATOR_11042026	SYNTHETIC_TEACHING_FIXTURE
REQ_SYN_SEG_0457_fricative_duration	SYN_CH11	SYN_SEG_SPK_13	SYN_SESSION_13	SYN_SEG_0457	fricative_duration	initial				ms	requested			raw					SYN_GENERATOR_11042026	SYNTHETIC_TEACHING_FIXTURE
REQ_SYN_SEG_0457_fricative_cog	SYN_CH11	SYN_SEG_SPK_13	SYN_SESSION_13	SYN_SEG_0457	fricative_cog	initial				Hz	requested			raw					SYN_GENERATOR_11042026	SYNTHETIC_TEACHING_FIXTURE
REQ_SYN_SEG_0458_fricative_duration	SYN_CH11	SYN_SEG_SPK_13	SYN_SESSION_13	SYN_SEG_0458	fricative_duration	medial				ms	requested			raw					SYN_GENERATOR_11042026	SYNTHETIC_TEACHING_FIXTURE
REQ_SYN_SEG_0458_fricative_cog	SYN_CH11	SYN_SEG_SPK_13	SYN_SESSION_13	SYN_SEG_0458	fricative_cog	medial				Hz	requested			raw					SYN_GENERATOR_11042026	SYNTHETIC_TEACHING_FIXTURE
REQ_SYN_SEG_0459_fricative_duration	SYN_CH11	SYN_SEG_SPK_13	SYN_SESSION_13	SYN_SEG_0459	fricative_duration	final				ms	requested			raw					SYN_GENERATOR_11042026	SYNTHETIC_TEACHING_FIXTURE
REQ_SYN_SEG_0459_fricative_cog	SYN_CH11	SYN_SEG_SPK_13	SYN_SESSION_13	SYN_SEG_0459	fricative_cog	final				Hz	requested			raw					SYN_GENERATOR_11042026	SYNTHETIC_TEACHING_FIXTURE
REQ_SYN_SEG_0460_fricative_duration	SYN_CH11	SYN_SEG_SPK_13	SYN_SESSION_13	SYN_SEG_0460	fricative_duration	initial				ms	requested			raw					SYN_GENERATOR_11042026	SYNTHETIC_TEACHING_FIXTURE
REQ_SYN_SEG_0460_fricative_cog	SYN_CH11	SYN_SEG_SPK_13	SYN_SESSION_13	SYN_SEG_0460	fricative_cog	initial				Hz	requested			raw					SYN_GENERATOR_11042026	SYNTHETIC_TEACHING_FIXTURE
REQ_SYN_SEG_0461_fricative_duration	SYN_CH11	SYN_SEG_SPK_13	SYN_SESSION_13	SYN_SEG_0461	fricative_duration	medial				ms	requested			raw					SYN_GENERATOR_11042026	SYNTHETIC_TEACHING_FIXTURE
REQ_SYN_SEG_0461_fricative_cog	SYN_CH11	SYN_SEG_SPK_13	SYN_SESSION_13	SYN_SEG_0461	fricative_cog	medial				Hz	requested			raw					SYN_GENERATOR_11042026	SYNTHETIC_TEACHING_FIXTURE
REQ_SYN_SEG_0462_fricative_duration	SYN_CH11	SYN_SEG_SPK_13	SYN_SESSION_13	SYN_SEG_0462	fricative_duration	final				ms	requested			raw					SYN_GENERATOR_11042026	SYNTHETIC_TEACHING_FIXTURE
REQ_SYN_SEG_0462_fricative_cog	SYN_CH11	SYN_SEG_SPK_13	SYN_SESSION_13	SYN_SEG_0462	fricative_cog	final				Hz	requested			raw					SYN_GENERATOR_11042026	SYNTHETIC_TEACHING_FIXTURE
REQ_SYN_SEG_0463_fricative_duration	SYN_CH11	SYN_SEG_SPK_13	SYN_SESSION_13	SYN_SEG_0463	fricative_duration	initial				ms	requested			raw					SYN_GENERATOR_11042026	SYNTHETIC_TEACHING_FIXTURE
REQ_SYN_SEG_0463_fricative_cog	SYN_CH11	SYN_SEG_SPK_13	SYN_SESSION_13	SYN_SEG_0463	fricative_cog	initial				Hz	requested			raw					SYN_GENERATOR_11042026	SYNTHETIC_TEACHING_FIXTURE
REQ_SYN_SEG_0464_fricative_duration	SYN_CH11	SYN_SEG_SPK_13	SYN_SESSION_13	SYN_SEG_0464	fricative_duration	medial				ms	requested			raw					SYN_GENERATOR_11042026	SYNTHETIC_TEACHING_FIXTURE
REQ_SYN_SEG_0464_fricative_cog	SYN_CH11	SYN_SEG_SPK_13	SYN_SESSION_13	SYN_SEG_0464	fricative_cog	medial				Hz	requested			raw					SYN_GENERATOR_11042026	SYNTHETIC_TEACHING_FIXTURE
REQ_SYN_SEG_0465_fricative_duration	SYN_CH11	SYN_SEG_SPK_13	SYN_SESSION_13	SYN_SEG_0465	fricative_duration	final				ms	requested			raw					SYN_GENERATOR_11042026	SYNTHETIC_TEACHING_FIXTURE
REQ_SYN_SEG_0465_fricative_cog	SYN_CH11	SYN_SEG_SPK_13	SYN_SESSION_13	SYN_SEG_0465	fricative_cog	final				Hz	requested			raw					SYN_GENERATOR_11042026	SYNTHETIC_TEACHING_FIXTURE
REQ_SYN_SEG_0466_fricative_duration	SYN_CH11	SYN_SEG_SPK_13	SYN_SESSION_13	SYN_SEG_0466	fricative_duration	initial				ms	requested			raw					SYN_GENERATOR_11042026	SYNTHETIC_TEACHING_FIXTURE
REQ_SYN_SEG_0466_fricative_cog	SYN_CH11	SYN_SEG_SPK_13	SYN_SESSION_13	SYN_SEG_0466	fricative_cog	initial				Hz	requested			raw					SYN_GENERATOR_11042026	SYNTHETIC_TEACHING_FIXTURE
REQ_SYN_SEG_0467_fricative_duration	SYN_CH11	SYN_SEG_SPK_13	SYN_SESSION_13	SYN_SEG_0467	fricative_duration	medial				ms	requested			raw					SYN_GENERATOR_11042026	SYNTHETIC_TEACHING_FIXTURE
REQ_SYN_SEG_0467_fricative_cog	SYN_CH11	SYN_SEG_SPK_13	SYN_SESSION_13	SYN_SEG_0467	fricative_cog	medial				Hz	requested			raw					SYN_GENERATOR_11042026	SYNTHETIC_TEACHING_FIXTURE
REQ_SYN_SEG_0468_fricative_duration	SYN_CH11	SYN_SEG_SPK_13	SYN_SESSION_13	SYN_SEG_0468	fricative_duration	final				ms	requested			raw					SYN_GENERATOR_11042026	SYNTHETIC_TEACHING_FIXTURE
REQ_SYN_SEG_0468_fricative_cog	SYN_CH11	SYN_SEG_SPK_13	SYN_SESSION_13	SYN_SEG_0468	fricative_cog	final				Hz	requested			raw					SYN_GENERATOR_11042026	SYNTHETIC_TEACHING_FIXTURE
REQ_SYN_SEG_0469_vot	SYN_CH11	SYN_SEG_SPK_14	SYN_SESSION_14	SYN_SEG_0469	vot	initial				ms	requested			raw					SYN_GENERATOR_11042026	SYNTHETIC_TEACHING_FIXTURE
REQ_SYN_SEG_0469_closure_duration	SYN_CH11	SYN_SEG_SPK_14	SYN_SESSION_14	SYN_SEG_0469	closure_duration	initial				ms	requested			raw					SYN_GENERATOR_11042026	SYNTHETIC_TEACHING_FIXTURE
REQ_SYN_SEG_0469_vowel_onset_f0	SYN_CH11	SYN_SEG_SPK_14	SYN_SESSION_14	SYN_SEG_0469	vowel_onset_f0	initial				Hz	requested			raw					SYN_GENERATOR_11042026	SYNTHETIC_TEACHING_FIXTURE
REQ_SYN_SEG_0470_vot	SYN_CH11	SYN_SEG_SPK_14	SYN_SESSION_14	SYN_SEG_0470	vot	medial				ms	requested			raw					SYN_GENERATOR_11042026	SYNTHETIC_TEACHING_FIXTURE
REQ_SYN_SEG_0470_closure_duration	SYN_CH11	SYN_SEG_SPK_14	SYN_SESSION_14	SYN_SEG_0470	closure_duration	medial				ms	requested			raw					SYN_GENERATOR_11042026	SYNTHETIC_TEACHING_FIXTURE
REQ_SYN_SEG_0470_vowel_onset_f0	SYN_CH11	SYN_SEG_SPK_14	SYN_SESSION_14	SYN_SEG_0470	vowel_onset_f0	medial				Hz	requested			raw					SYN_GENERATOR_11042026	SYNTHETIC_TEACHING_FIXTURE
REQ_SYN_SEG_0471_vot	SYN_CH11	SYN_SEG_SPK_14	SYN_SESSION_14	SYN_SEG_0471	vot	final				ms	requested			raw					SYN_GENERATOR_11042026	SYNTHETIC_TEACHING_FIXTURE
REQ_SYN_SEG_0471_closure_duration	SYN_CH11	SYN_SEG_SPK_14	SYN_SESSION_14	SYN_SEG_0471	closure_duration	final				ms	requested			raw					SYN_GENERATOR_11042026	SYNTHETIC_TEACHING_FIXTURE
REQ_SYN_SEG_0471_vowel_onset_f0	SYN_CH11	SYN_SEG_SPK_14	SYN_SESSION_14	SYN_SEG_0471	vowel_onset_f0	final				Hz	requested			raw					SYN_GENERATOR_11042026	SYNTHETIC_TEACHING_FIXTURE
REQ_SYN_SEG_0472_vot	SYN_CH11	SYN_SEG_SPK_14	SYN_SESSION_14	SYN_SEG_0472	vot	initial				ms	requested			raw					SYN_GENERATOR_11042026	SYNTHETIC_TEACHING_FIXTURE
REQ_SYN_SEG_0472_closure_duration	SYN_CH11	SYN_SEG_SPK_14	SYN_SESSION_14	SYN_SEG_0472	closure_duration	initial				ms	requested			raw					SYN_GENERATOR_11042026	SYNTHETIC_TEACHING_FIXTURE
REQ_SYN_SEG_0472_vowel_onset_f0	SYN_CH11	SYN_SEG_SPK_14	SYN_SESSION_14	SYN_SEG_0472	vowel_onset_f0	initial				Hz	requested			raw					SYN_GENERATOR_11042026	SYNTHETIC_TEACHING_FIXTURE
REQ_SYN_SEG_0473_vot	SYN_CH11	SYN_SEG_SPK_14	SYN_SESSION_14	SYN_SEG_0473	vot	medial				ms	requested			raw					SYN_GENERATOR_11042026	SYNTHETIC_TEACHING_FIXTURE
REQ_SYN_SEG_0473_closure_duration	SYN_CH11	SYN_SEG_SPK_14	SYN_SESSION_14	SYN_SEG_0473	closure_duration	medial				ms	requested			raw					SYN_GENERATOR_11042026	SYNTHETIC_TEACHING_FIXTURE
REQ_SYN_SEG_0473_vowel_onset_f0	SYN_CH11	SYN_SEG_SPK_14	SYN_SESSION_14	SYN_SEG_0473	vowel_onset_f0	medial				Hz	requested			raw					SYN_GENERATOR_11042026	SYNTHETIC_TEACHING_FIXTURE
REQ_SYN_SEG_0474_vot	SYN_CH11	SYN_SEG_SPK_14	SYN_SESSION_14	SYN_SEG_0474	vot	final				ms	requested			raw					SYN_GENERATOR_11042026	SYNTHETIC_TEACHING_FIXTURE
REQ_SYN_SEG_0474_closure_duration	SYN_CH11	SYN_SEG_SPK_14	SYN_SESSION_14	SYN_SEG_0474	closure_duration	final				ms	requested			raw					SYN_GENERATOR_11042026	SYNTHETIC_TEACHING_FIXTURE
REQ_SYN_SEG_0474_vowel_onset_f0	SYN_CH11	SYN_SEG_SPK_14	SYN_SESSION_14	SYN_SEG_0474	vowel_onset_f0	final				Hz	requested			raw					SYN_GENERATOR_11042026	SYNTHETIC_TEACHING_FIXTURE
REQ_SYN_SEG_0475_vot	SYN_CH11	SYN_SEG_SPK_14	SYN_SESSION_14	SYN_SEG_0475	vot	initial				ms	requested			raw					SYN_GENERATOR_11042026	SYNTHETIC_TEACHING_FIXTURE
REQ_SYN_SEG_0475_closure_duration	SYN_CH11	SYN_SEG_SPK_14	SYN_SESSION_14	SYN_SEG_0475	closure_duration	initial				ms	requested			raw					SYN_GENERATOR_11042026	SYNTHETIC_TEACHING_FIXTURE
REQ_SYN_SEG_0475_vowel_onset_f0	SYN_CH11	SYN_SEG_SPK_14	SYN_SESSION_14	SYN_SEG_0475	vowel_onset_f0	initial				Hz	requested			raw					SYN_GENERATOR_11042026	SYNTHETIC_TEACHING_FIXTURE
REQ_SYN_SEG_0476_vot	SYN_CH11	SYN_SEG_SPK_14	SYN_SESSION_14	SYN_SEG_0476	vot	medial				ms	requested			raw					SYN_GENERATOR_11042026	SYNTHETIC_TEACHING_FIXTURE
REQ_SYN_SEG_0476_closure_duration	SYN_CH11	SYN_SEG_SPK_14	SYN_SESSION_14	SYN_SEG_0476	closure_duration	medial				ms	requested			raw					SYN_GENERATOR_11042026	SYNTHETIC_TEACHING_FIXTURE
REQ_SYN_SEG_0476_vowel_onset_f0	SYN_CH11	SYN_SEG_SPK_14	SYN_SESSION_14	SYN_SEG_0476	vowel_onset_f0	medial				Hz	requested			raw					SYN_GENERATOR_11042026	SYNTHETIC_TEACHING_FIXTURE
REQ_SYN_SEG_0477_vot	SYN_CH11	SYN_SEG_SPK_14	SYN_SESSION_14	SYN_SEG_0477	vot	final				ms	requested			raw					SYN_GENERATOR_11042026	SYNTHETIC_TEACHING_FIXTURE
REQ_SYN_SEG_0477_closure_duration	SYN_CH11	SYN_SEG_SPK_14	SYN_SESSION_14	SYN_SEG_0477	closure_duration	final				ms	requested			raw					SYN_GENERATOR_11042026	SYNTHETIC_TEACHING_FIXTURE
REQ_SYN_SEG_0477_vowel_onset_f0	SYN_CH11	SYN_SEG_SPK_14	SYN_SESSION_14	SYN_SEG_0477	vowel_onset_f0	final				Hz	requested			raw					SYN_GENERATOR_11042026	SYNTHETIC_TEACHING_FIXTURE
REQ_SYN_SEG_0478_vot	SYN_CH11	SYN_SEG_SPK_14	SYN_SESSION_14	SYN_SEG_0478	vot	initial				ms	requested			raw					SYN_GENERATOR_11042026	SYNTHETIC_TEACHING_FIXTURE
REQ_SYN_SEG_0478_closure_duration	SYN_CH11	SYN_SEG_SPK_14	SYN_SESSION_14	SYN_SEG_0478	closure_duration	initial				ms	requested			raw					SYN_GENERATOR_11042026	SYNTHETIC_TEACHING_FIXTURE
REQ_SYN_SEG_0478_vowel_onset_f0	SYN_CH11	SYN_SEG_SPK_14	SYN_SESSION_14	SYN_SEG_0478	vowel_onset_f0	initial				Hz	requested			raw					SYN_GENERATOR_11042026	SYNTHETIC_TEACHING_FIXTURE
REQ_SYN_SEG_0479_vot	SYN_CH11	SYN_SEG_SPK_14	SYN_SESSION_14	SYN_SEG_0479	vot	medial				ms	requested			raw					SYN_GENERATOR_11042026	SYNTHETIC_TEACHING_FIXTURE
REQ_SYN_SEG_0479_closure_duration	SYN_CH11	SYN_SEG_SPK_14	SYN_SESSION_14	SYN_SEG_0479	closure_duration	medial				ms	requested			raw					SYN_GENERATOR_11042026	SYNTHETIC_TEACHING_FIXTURE
REQ_SYN_SEG_0479_vowel_onset_f0	SYN_CH11	SYN_SEG_SPK_14	SYN_SESSION_14	SYN_SEG_0479	vowel_onset_f0	medial				Hz	requested			raw					SYN_GENERATOR_11042026	SYNTHETIC_TEACHING_FIXTURE
REQ_SYN_SEG_0480_vot	SYN_CH11	SYN_SEG_SPK_14	SYN_SESSION_14	SYN_SEG_0480	vot	final				ms	requested			raw					SYN_GENERATOR_11042026	SYNTHETIC_TEACHING_FIXTURE
REQ_SYN_SEG_0480_closure_duration	SYN_CH11	SYN_SEG_SPK_14	SYN_SESSION_14	SYN_SEG_0480	closure_duration	final				ms	requested			raw					SYN_GENERATOR_11042026	SYNTHETIC_TEACHING_FIXTURE
REQ_SYN_SEG_0480_vowel_onset_f0	SYN_CH11	SYN_SEG_SPK_14	SYN_SESSION_14	SYN_SEG_0480	vowel_onset_f0	final				Hz	requested			raw					SYN_GENERATOR_11042026	SYNTHETIC_TEACHING_FIXTURE
REQ_SYN_SEG_0481_vowel_duration	SYN_CH11	SYN_SEG_SPK_14	SYN_SESSION_14	SYN_SEG_0481	vowel_duration	initial				ms	requested		training	raw					SYN_GENERATOR_11042026	SYNTHETIC_TEACHING_FIXTURE
REQ_SYN_SEG_0481_f1	SYN_CH11	SYN_SEG_SPK_14	SYN_SESSION_14	SYN_SEG_0481	f1	initial				Hz	requested		training	raw					SYN_GENERATOR_11042026	SYNTHETIC_TEACHING_FIXTURE
REQ_SYN_SEG_0481_f2	SYN_CH11	SYN_SEG_SPK_14	SYN_SESSION_14	SYN_SEG_0481	f2	initial				Hz	requested		training	raw					SYN_GENERATOR_11042026	SYNTHETIC_TEACHING_FIXTURE
REQ_SYN_SEG_0481_f3	SYN_CH11	SYN_SEG_SPK_14	SYN_SESSION_14	SYN_SEG_0481	f3	initial				Hz	requested		training	raw					SYN_GENERATOR_11042026	SYNTHETIC_TEACHING_FIXTURE
REQ_SYN_SEG_0482_vowel_duration	SYN_CH11	SYN_SEG_SPK_14	SYN_SESSION_14	SYN_SEG_0482	vowel_duration	medial				ms	requested		training	raw					SYN_GENERATOR_11042026	SYNTHETIC_TEACHING_FIXTURE
REQ_SYN_SEG_0482_f1	SYN_CH11	SYN_SEG_SPK_14	SYN_SESSION_14	SYN_SEG_0482	f1	medial				Hz	requested		training	raw					SYN_GENERATOR_11042026	SYNTHETIC_TEACHING_FIXTURE
REQ_SYN_SEG_0482_f2	SYN_CH11	SYN_SEG_SPK_14	SYN_SESSION_14	SYN_SEG_0482	f2	medial				Hz	requested		training	raw					SYN_GENERATOR_11042026	SYNTHETIC_TEACHING_FIXTURE
REQ_SYN_SEG_0482_f3	SYN_CH11	SYN_SEG_SPK_14	SYN_SESSION_14	SYN_SEG_0482	f3	medial				Hz	requested		training	raw					SYN_GENERATOR_11042026	SYNTHETIC_TEACHING_FIXTURE
REQ_SYN_SEG_0483_vowel_duration	SYN_CH11	SYN_SEG_SPK_14	SYN_SESSION_14	SYN_SEG_0483	vowel_duration	final				ms	requested		training	raw					SYN_GENERATOR_11042026	SYNTHETIC_TEACHING_FIXTURE
REQ_SYN_SEG_0483_f1	SYN_CH11	SYN_SEG_SPK_14	SYN_SESSION_14	SYN_SEG_0483	f1	final				Hz	requested		training	raw					SYN_GENERATOR_11042026	SYNTHETIC_TEACHING_FIXTURE
REQ_SYN_SEG_0483_f2	SYN_CH11	SYN_SEG_SPK_14	SYN_SESSION_14	SYN_SEG_0483	f2	final				Hz	requested		training	raw					SYN_GENERATOR_11042026	SYNTHETIC_TEACHING_FIXTURE
REQ_SYN_SEG_0483_f3	SYN_CH11	SYN_SEG_SPK_14	SYN_SESSION_14	SYN_SEG_0483	f3	final				Hz	requested		training	raw					SYN_GENERATOR_11042026	SYNTHETIC_TEACHING_FIXTURE
REQ_SYN_SEG_0484_vowel_duration	SYN_CH11	SYN_SEG_SPK_14	SYN_SESSION_14	SYN_SEG_0484	vowel_duration	initial				ms	requested		training	raw					SYN_GENERATOR_11042026	SYNTHETIC_TEACHING_FIXTURE
REQ_SYN_SEG_0484_f1	SYN_CH11	SYN_SEG_SPK_14	SYN_SESSION_14	SYN_SEG_0484	f1	initial				Hz	requested		training	raw					SYN_GENERATOR_11042026	SYNTHETIC_TEACHING_FIXTURE
REQ_SYN_SEG_0484_f2	SYN_CH11	SYN_SEG_SPK_14	SYN_SESSION_14	SYN_SEG_0484	f2	initial				Hz	requested		training	raw					SYN_GENERATOR_11042026	SYNTHETIC_TEACHING_FIXTURE
REQ_SYN_SEG_0484_f3	SYN_CH11	SYN_SEG_SPK_14	SYN_SESSION_14	SYN_SEG_0484	f3	initial				Hz	requested		training	raw					SYN_GENERATOR_11042026	SYNTHETIC_TEACHING_FIXTURE
REQ_SYN_SEG_0485_vowel_duration	SYN_CH11	SYN_SEG_SPK_14	SYN_SESSION_14	SYN_SEG_0485	vowel_duration	medial				ms	requested		training	raw					SYN_GENERATOR_11042026	SYNTHETIC_TEACHING_FIXTURE
REQ_SYN_SEG_0485_f1	SYN_CH11	SYN_SEG_SPK_14	SYN_SESSION_14	SYN_SEG_0485	f1	medial				Hz	requested		training	raw					SYN_GENERATOR_11042026	SYNTHETIC_TEACHING_FIXTURE
REQ_SYN_SEG_0485_f2	SYN_CH11	SYN_SEG_SPK_14	SYN_SESSION_14	SYN_SEG_0485	f2	medial				Hz	requested		training	raw					SYN_GENERATOR_11042026	SYNTHETIC_TEACHING_FIXTURE
REQ_SYN_SEG_0485_f3	SYN_CH11	SYN_SEG_SPK_14	SYN_SESSION_14	SYN_SEG_0485	f3	medial				Hz	requested		training	raw					SYN_GENERATOR_11042026	SYNTHETIC_TEACHING_FIXTURE
REQ_SYN_SEG_0486_vowel_duration	SYN_CH11	SYN_SEG_SPK_14	SYN_SESSION_14	SYN_SEG_0486	vowel_duration	final				ms	requested		training	raw					SYN_GENERATOR_11042026	SYNTHETIC_TEACHING_FIXTURE
REQ_SYN_SEG_0486_f1	SYN_CH11	SYN_SEG_SPK_14	SYN_SESSION_14	SYN_SEG_0486	f1	final				Hz	requested		training	raw					SYN_GENERATOR_11042026	SYNTHETIC_TEACHING_FIXTURE
REQ_SYN_SEG_0486_f2	SYN_CH11	SYN_SEG_SPK_14	SYN_SESSION_14	SYN_SEG_0486	f2	final				Hz	requested		training	raw					SYN_GENERATOR_11042026	SYNTHETIC_TEACHING_FIXTURE
REQ_SYN_SEG_0486_f3	SYN_CH11	SYN_SEG_SPK_14	SYN_SESSION_14	SYN_SEG_0486	f3	final				Hz	requested		training	raw					SYN_GENERATOR_11042026	SYNTHETIC_TEACHING_FIXTURE
REQ_SYN_SEG_0487_vowel_duration	SYN_CH11	SYN_SEG_SPK_14	SYN_SESSION_14	SYN_SEG_0487	vowel_duration	initial				ms	requested		training	raw					SYN_GENERATOR_11042026	SYNTHETIC_TEACHING_FIXTURE
REQ_SYN_SEG_0487_f1	SYN_CH11	SYN_SEG_SPK_14	SYN_SESSION_14	SYN_SEG_0487	f1	initial				Hz	requested		training	raw					SYN_GENERATOR_11042026	SYNTHETIC_TEACHING_FIXTURE
REQ_SYN_SEG_0487_f2	SYN_CH11	SYN_SEG_SPK_14	SYN_SESSION_14	SYN_SEG_0487	f2	initial				Hz	requested		training	raw					SYN_GENERATOR_11042026	SYNTHETIC_TEACHING_FIXTURE
REQ_SYN_SEG_0487_f3	SYN_CH11	SYN_SEG_SPK_14	SYN_SESSION_14	SYN_SEG_0487	f3	initial				Hz	requested		training	raw					SYN_GENERATOR_11042026	SYNTHETIC_TEACHING_FIXTURE
REQ_SYN_SEG_0488_vowel_duration	SYN_CH11	SYN_SEG_SPK_14	SYN_SESSION_14	SYN_SEG_0488	vowel_duration	medial				ms	requested		training	raw					SYN_GENERATOR_11042026	SYNTHETIC_TEACHING_FIXTURE
REQ_SYN_SEG_0488_f1	SYN_CH11	SYN_SEG_SPK_14	SYN_SESSION_14	SYN_SEG_0488	f1	medial				Hz	requested		training	raw					SYN_GENERATOR_11042026	SYNTHETIC_TEACHING_FIXTURE
REQ_SYN_SEG_0488_f2	SYN_CH11	SYN_SEG_SPK_14	SYN_SESSION_14	SYN_SEG_0488	f2	medial				Hz	requested		training	raw					SYN_GENERATOR_11042026	SYNTHETIC_TEACHING_FIXTURE
REQ_SYN_SEG_0488_f3	SYN_CH11	SYN_SEG_SPK_14	SYN_SESSION_14	SYN_SEG_0488	f3	medial				Hz	requested		training	raw					SYN_GENERATOR_11042026	SYNTHETIC_TEACHING_FIXTURE
REQ_SYN_SEG_0489_vowel_duration	SYN_CH11	SYN_SEG_SPK_14	SYN_SESSION_14	SYN_SEG_0489	vowel_duration	final				ms	requested		training	raw					SYN_GENERATOR_11042026	SYNTHETIC_TEACHING_FIXTURE
REQ_SYN_SEG_0489_f1	SYN_CH11	SYN_SEG_SPK_14	SYN_SESSION_14	SYN_SEG_0489	f1	final				Hz	requested		training	raw					SYN_GENERATOR_11042026	SYNTHETIC_TEACHING_FIXTURE
REQ_SYN_SEG_0489_f2	SYN_CH11	SYN_SEG_SPK_14	SYN_SESSION_14	SYN_SEG_0489	f2	final				Hz	requested		training	raw					SYN_GENERATOR_11042026	SYNTHETIC_TEACHING_FIXTURE
REQ_SYN_SEG_0489_f3	SYN_CH11	SYN_SEG_SPK_14	SYN_SESSION_14	SYN_SEG_0489	f3	final				Hz	requested		training	raw					SYN_GENERATOR_11042026	SYNTHETIC_TEACHING_FIXTURE
REQ_SYN_SEG_0490_vowel_duration	SYN_CH11	SYN_SEG_SPK_14	SYN_SESSION_14	SYN_SEG_0490	vowel_duration	initial				ms	requested		training	raw					SYN_GENERATOR_11042026	SYNTHETIC_TEACHING_FIXTURE
REQ_SYN_SEG_0490_f1	SYN_CH11	SYN_SEG_SPK_14	SYN_SESSION_14	SYN_SEG_0490	f1	initial				Hz	requested		training	raw					SYN_GENERATOR_11042026	SYNTHETIC_TEACHING_FIXTURE
REQ_SYN_SEG_0490_f2	SYN_CH11	SYN_SEG_SPK_14	SYN_SESSION_14	SYN_SEG_0490	f2	initial				Hz	requested		training	raw					SYN_GENERATOR_11042026	SYNTHETIC_TEACHING_FIXTURE
REQ_SYN_SEG_0490_f3	SYN_CH11	SYN_SEG_SPK_14	SYN_SESSION_14	SYN_SEG_0490	f3	initial				Hz	requested		training	raw					SYN_GENERATOR_11042026	SYNTHETIC_TEACHING_FIXTURE
REQ_SYN_SEG_0491_vowel_duration	SYN_CH11	SYN_SEG_SPK_14	SYN_SESSION_14	SYN_SEG_0491	vowel_duration	medial				ms	requested		training	raw					SYN_GENERATOR_11042026	SYNTHETIC_TEACHING_FIXTURE
REQ_SYN_SEG_0491_f1	SYN_CH11	SYN_SEG_SPK_14	SYN_SESSION_14	SYN_SEG_0491	f1	medial				Hz	requested		training	raw					SYN_GENERATOR_11042026	SYNTHETIC_TEACHING_FIXTURE
REQ_SYN_SEG_0491_f2	SYN_CH11	SYN_SEG_SPK_14	SYN_SESSION_14	SYN_SEG_0491	f2	medial				Hz	requested		training	raw					SYN_GENERATOR_11042026	SYNTHETIC_TEACHING_FIXTURE
REQ_SYN_SEG_0491_f3	SYN_CH11	SYN_SEG_SPK_14	SYN_SESSION_14	SYN_SEG_0491	f3	medial				Hz	requested		training	raw					SYN_GENERATOR_11042026	SYNTHETIC_TEACHING_FIXTURE
REQ_SYN_SEG_0492_vowel_duration	SYN_CH11	SYN_SEG_SPK_14	SYN_SESSION_14	SYN_SEG_0492	vowel_duration	final				ms	requested		training	raw					SYN_GENERATOR_11042026	SYNTHETIC_TEACHING_FIXTURE
REQ_SYN_SEG_0492_f1	SYN_CH11	SYN_SEG_SPK_14	SYN_SESSION_14	SYN_SEG_0492	f1	final				Hz	requested		training	raw					SYN_GENERATOR_11042026	SYNTHETIC_TEACHING_FIXTURE
REQ_SYN_SEG_0492_f2	SYN_CH11	SYN_SEG_SPK_14	SYN_SESSION_14	SYN_SEG_0492	f2	final				Hz	requested		training	raw					SYN_GENERATOR_11042026	SYNTHETIC_TEACHING_FIXTURE
REQ_SYN_SEG_0492_f3	SYN_CH11	SYN_SEG_SPK_14	SYN_SESSION_14	SYN_SEG_0492	f3	final				Hz	requested		training	raw					SYN_GENERATOR_11042026	SYNTHETIC_TEACHING_FIXTURE
REQ_SYN_SEG_0493_fricative_duration	SYN_CH11	SYN_SEG_SPK_14	SYN_SESSION_14	SYN_SEG_0493	fricative_duration	initial				ms	requested			raw					SYN_GENERATOR_11042026	SYNTHETIC_TEACHING_FIXTURE
REQ_SYN_SEG_0493_fricative_cog	SYN_CH11	SYN_SEG_SPK_14	SYN_SESSION_14	SYN_SEG_0493	fricative_cog	initial				Hz	requested			raw					SYN_GENERATOR_11042026	SYNTHETIC_TEACHING_FIXTURE
REQ_SYN_SEG_0494_fricative_duration	SYN_CH11	SYN_SEG_SPK_14	SYN_SESSION_14	SYN_SEG_0494	fricative_duration	medial				ms	requested			raw					SYN_GENERATOR_11042026	SYNTHETIC_TEACHING_FIXTURE
REQ_SYN_SEG_0494_fricative_cog	SYN_CH11	SYN_SEG_SPK_14	SYN_SESSION_14	SYN_SEG_0494	fricative_cog	medial				Hz	requested			raw					SYN_GENERATOR_11042026	SYNTHETIC_TEACHING_FIXTURE
REQ_SYN_SEG_0495_fricative_duration	SYN_CH11	SYN_SEG_SPK_14	SYN_SESSION_14	SYN_SEG_0495	fricative_duration	final				ms	requested			raw					SYN_GENERATOR_11042026	SYNTHETIC_TEACHING_FIXTURE
REQ_SYN_SEG_0495_fricative_cog	SYN_CH11	SYN_SEG_SPK_14	SYN_SESSION_14	SYN_SEG_0495	fricative_cog	final				Hz	requested			raw					SYN_GENERATOR_11042026	SYNTHETIC_TEACHING_FIXTURE
REQ_SYN_SEG_0496_fricative_duration	SYN_CH11	SYN_SEG_SPK_14	SYN_SESSION_14	SYN_SEG_0496	fricative_duration	initial				ms	requested			raw					SYN_GENERATOR_11042026	SYNTHETIC_TEACHING_FIXTURE
REQ_SYN_SEG_0496_fricative_cog	SYN_CH11	SYN_SEG_SPK_14	SYN_SESSION_14	SYN_SEG_0496	fricative_cog	initial				Hz	requested			raw					SYN_GENERATOR_11042026	SYNTHETIC_TEACHING_FIXTURE
REQ_SYN_SEG_0497_fricative_duration	SYN_CH11	SYN_SEG_SPK_14	SYN_SESSION_14	SYN_SEG_0497	fricative_duration	medial				ms	requested			raw					SYN_GENERATOR_11042026	SYNTHETIC_TEACHING_FIXTURE
REQ_SYN_SEG_0497_fricative_cog	SYN_CH11	SYN_SEG_SPK_14	SYN_SESSION_14	SYN_SEG_0497	fricative_cog	medial				Hz	requested			raw					SYN_GENERATOR_11042026	SYNTHETIC_TEACHING_FIXTURE
REQ_SYN_SEG_0498_fricative_duration	SYN_CH11	SYN_SEG_SPK_14	SYN_SESSION_14	SYN_SEG_0498	fricative_duration	final				ms	requested			raw					SYN_GENERATOR_11042026	SYNTHETIC_TEACHING_FIXTURE
REQ_SYN_SEG_0498_fricative_cog	SYN_CH11	SYN_SEG_SPK_14	SYN_SESSION_14	SYN_SEG_0498	fricative_cog	final				Hz	requested			raw					SYN_GENERATOR_11042026	SYNTHETIC_TEACHING_FIXTURE
REQ_SYN_SEG_0499_fricative_duration	SYN_CH11	SYN_SEG_SPK_14	SYN_SESSION_14	SYN_SEG_0499	fricative_duration	initial				ms	requested			raw					SYN_GENERATOR_11042026	SYNTHETIC_TEACHING_FIXTURE
REQ_SYN_SEG_0499_fricative_cog	SYN_CH11	SYN_SEG_SPK_14	SYN_SESSION_14	SYN_SEG_0499	fricative_cog	initial				Hz	requested			raw					SYN_GENERATOR_11042026	SYNTHETIC_TEACHING_FIXTURE
REQ_SYN_SEG_0500_fricative_duration	SYN_CH11	SYN_SEG_SPK_14	SYN_SESSION_14	SYN_SEG_0500	fricative_duration	medial				ms	requested			raw					SYN_GENERATOR_11042026	SYNTHETIC_TEACHING_FIXTURE
REQ_SYN_SEG_0500_fricative_cog	SYN_CH11	SYN_SEG_SPK_14	SYN_SESSION_14	SYN_SEG_0500	fricative_cog	medial				Hz	requested			raw					SYN_GENERATOR_11042026	SYNTHETIC_TEACHING_FIXTURE
REQ_SYN_SEG_0501_fricative_duration	SYN_CH11	SYN_SEG_SPK_14	SYN_SESSION_14	SYN_SEG_0501	fricative_duration	final				ms	requested			raw					SYN_GENERATOR_11042026	SYNTHETIC_TEACHING_FIXTURE
REQ_SYN_SEG_0501_fricative_cog	SYN_CH11	SYN_SEG_SPK_14	SYN_SESSION_14	SYN_SEG_0501	fricative_cog	final				Hz	requested			raw					SYN_GENERATOR_11042026	SYNTHETIC_TEACHING_FIXTURE
REQ_SYN_SEG_0502_fricative_duration	SYN_CH11	SYN_SEG_SPK_14	SYN_SESSION_14	SYN_SEG_0502	fricative_duration	initial				ms	requested			raw					SYN_GENERATOR_11042026	SYNTHETIC_TEACHING_FIXTURE
REQ_SYN_SEG_0502_fricative_cog	SYN_CH11	SYN_SEG_SPK_14	SYN_SESSION_14	SYN_SEG_0502	fricative_cog	initial				Hz	requested			raw					SYN_GENERATOR_11042026	SYNTHETIC_TEACHING_FIXTURE
REQ_SYN_SEG_0503_fricative_duration	SYN_CH11	SYN_SEG_SPK_14	SYN_SESSION_14	SYN_SEG_0503	fricative_duration	medial				ms	requested			raw					SYN_GENERATOR_11042026	SYNTHETIC_TEACHING_FIXTURE
REQ_SYN_SEG_0503_fricative_cog	SYN_CH11	SYN_SEG_SPK_14	SYN_SESSION_14	SYN_SEG_0503	fricative_cog	medial				Hz	requested			raw					SYN_GENERATOR_11042026	SYNTHETIC_TEACHING_FIXTURE
REQ_SYN_SEG_0504_fricative_duration	SYN_CH11	SYN_SEG_SPK_14	SYN_SESSION_14	SYN_SEG_0504	fricative_duration	final				ms	requested			raw					SYN_GENERATOR_11042026	SYNTHETIC_TEACHING_FIXTURE
REQ_SYN_SEG_0504_fricative_cog	SYN_CH11	SYN_SEG_SPK_14	SYN_SESSION_14	SYN_SEG_0504	fricative_cog	final				Hz	requested			raw					SYN_GENERATOR_11042026	SYNTHETIC_TEACHING_FIXTURE
REQ_SYN_SEG_0505_vot	SYN_CH11	SYN_SEG_SPK_15	SYN_SESSION_15	SYN_SEG_0505	vot	initial				ms	requested			raw					SYN_GENERATOR_11042026	SYNTHETIC_TEACHING_FIXTURE
REQ_SYN_SEG_0505_closure_duration	SYN_CH11	SYN_SEG_SPK_15	SYN_SESSION_15	SYN_SEG_0505	closure_duration	initial				ms	requested			raw					SYN_GENERATOR_11042026	SYNTHETIC_TEACHING_FIXTURE
REQ_SYN_SEG_0505_vowel_onset_f0	SYN_CH11	SYN_SEG_SPK_15	SYN_SESSION_15	SYN_SEG_0505	vowel_onset_f0	initial				Hz	requested			raw					SYN_GENERATOR_11042026	SYNTHETIC_TEACHING_FIXTURE
REQ_SYN_SEG_0506_vot	SYN_CH11	SYN_SEG_SPK_15	SYN_SESSION_15	SYN_SEG_0506	vot	medial				ms	requested			raw					SYN_GENERATOR_11042026	SYNTHETIC_TEACHING_FIXTURE
REQ_SYN_SEG_0506_closure_duration	SYN_CH11	SYN_SEG_SPK_15	SYN_SESSION_15	SYN_SEG_0506	closure_duration	medial				ms	requested			raw					SYN_GENERATOR_11042026	SYNTHETIC_TEACHING_FIXTURE
REQ_SYN_SEG_0506_vowel_onset_f0	SYN_CH11	SYN_SEG_SPK_15	SYN_SESSION_15	SYN_SEG_0506	vowel_onset_f0	medial				Hz	requested			raw					SYN_GENERATOR_11042026	SYNTHETIC_TEACHING_FIXTURE
REQ_SYN_SEG_0507_vot	SYN_CH11	SYN_SEG_SPK_15	SYN_SESSION_15	SYN_SEG_0507	vot	final				ms	requested			raw					SYN_GENERATOR_11042026	SYNTHETIC_TEACHING_FIXTURE
REQ_SYN_SEG_0507_closure_duration	SYN_CH11	SYN_SEG_SPK_15	SYN_SESSION_15	SYN_SEG_0507	closure_duration	final				ms	requested			raw					SYN_GENERATOR_11042026	SYNTHETIC_TEACHING_FIXTURE
REQ_SYN_SEG_0507_vowel_onset_f0	SYN_CH11	SYN_SEG_SPK_15	SYN_SESSION_15	SYN_SEG_0507	vowel_onset_f0	final				Hz	requested			raw					SYN_GENERATOR_11042026	SYNTHETIC_TEACHING_FIXTURE
REQ_SYN_SEG_0508_vot	SYN_CH11	SYN_SEG_SPK_15	SYN_SESSION_15	SYN_SEG_0508	vot	initial				ms	requested			raw					SYN_GENERATOR_11042026	SYNTHETIC_TEACHING_FIXTURE
REQ_SYN_SEG_0508_closure_duration	SYN_CH11	SYN_SEG_SPK_15	SYN_SESSION_15	SYN_SEG_0508	closure_duration	initial				ms	requested			raw					SYN_GENERATOR_11042026	SYNTHETIC_TEACHING_FIXTURE
REQ_SYN_SEG_0508_vowel_onset_f0	SYN_CH11	SYN_SEG_SPK_15	SYN_SESSION_15	SYN_SEG_0508	vowel_onset_f0	initial				Hz	requested			raw					SYN_GENERATOR_11042026	SYNTHETIC_TEACHING_FIXTURE
REQ_SYN_SEG_0509_vot	SYN_CH11	SYN_SEG_SPK_15	SYN_SESSION_15	SYN_SEG_0509	vot	medial				ms	requested			raw					SYN_GENERATOR_11042026	SYNTHETIC_TEACHING_FIXTURE
REQ_SYN_SEG_0509_closure_duration	SYN_CH11	SYN_SEG_SPK_15	SYN_SESSION_15	SYN_SEG_0509	closure_duration	medial				ms	requested			raw					SYN_GENERATOR_11042026	SYNTHETIC_TEACHING_FIXTURE
REQ_SYN_SEG_0509_vowel_onset_f0	SYN_CH11	SYN_SEG_SPK_15	SYN_SESSION_15	SYN_SEG_0509	vowel_onset_f0	medial				Hz	requested			raw					SYN_GENERATOR_11042026	SYNTHETIC_TEACHING_FIXTURE
REQ_SYN_SEG_0510_vot	SYN_CH11	SYN_SEG_SPK_15	SYN_SESSION_15	SYN_SEG_0510	vot	final				ms	requested			raw					SYN_GENERATOR_11042026	SYNTHETIC_TEACHING_FIXTURE
REQ_SYN_SEG_0510_closure_duration	SYN_CH11	SYN_SEG_SPK_15	SYN_SESSION_15	SYN_SEG_0510	closure_duration	final				ms	requested			raw					SYN_GENERATOR_11042026	SYNTHETIC_TEACHING_FIXTURE
REQ_SYN_SEG_0510_vowel_onset_f0	SYN_CH11	SYN_SEG_SPK_15	SYN_SESSION_15	SYN_SEG_0510	vowel_onset_f0	final				Hz	requested			raw					SYN_GENERATOR_11042026	SYNTHETIC_TEACHING_FIXTURE
REQ_SYN_SEG_0511_vot	SYN_CH11	SYN_SEG_SPK_15	SYN_SESSION_15	SYN_SEG_0511	vot	initial				ms	requested			raw					SYN_GENERATOR_11042026	SYNTHETIC_TEACHING_FIXTURE
REQ_SYN_SEG_0511_closure_duration	SYN_CH11	SYN_SEG_SPK_15	SYN_SESSION_15	SYN_SEG_0511	closure_duration	initial				ms	requested			raw					SYN_GENERATOR_11042026	SYNTHETIC_TEACHING_FIXTURE
REQ_SYN_SEG_0511_vowel_onset_f0	SYN_CH11	SYN_SEG_SPK_15	SYN_SESSION_15	SYN_SEG_0511	vowel_onset_f0	initial				Hz	requested			raw					SYN_GENERATOR_11042026	SYNTHETIC_TEACHING_FIXTURE
REQ_SYN_SEG_0512_vot	SYN_CH11	SYN_SEG_SPK_15	SYN_SESSION_15	SYN_SEG_0512	vot	medial				ms	requested			raw					SYN_GENERATOR_11042026	SYNTHETIC_TEACHING_FIXTURE
REQ_SYN_SEG_0512_closure_duration	SYN_CH11	SYN_SEG_SPK_15	SYN_SESSION_15	SYN_SEG_0512	closure_duration	medial				ms	requested			raw					SYN_GENERATOR_11042026	SYNTHETIC_TEACHING_FIXTURE
REQ_SYN_SEG_0512_vowel_onset_f0	SYN_CH11	SYN_SEG_SPK_15	SYN_SESSION_15	SYN_SEG_0512	vowel_onset_f0	medial				Hz	requested			raw					SYN_GENERATOR_11042026	SYNTHETIC_TEACHING_FIXTURE
REQ_SYN_SEG_0513_vot	SYN_CH11	SYN_SEG_SPK_15	SYN_SESSION_15	SYN_SEG_0513	vot	final				ms	requested			raw					SYN_GENERATOR_11042026	SYNTHETIC_TEACHING_FIXTURE
REQ_SYN_SEG_0513_closure_duration	SYN_CH11	SYN_SEG_SPK_15	SYN_SESSION_15	SYN_SEG_0513	closure_duration	final				ms	requested			raw					SYN_GENERATOR_11042026	SYNTHETIC_TEACHING_FIXTURE
REQ_SYN_SEG_0513_vowel_onset_f0	SYN_CH11	SYN_SEG_SPK_15	SYN_SESSION_15	SYN_SEG_0513	vowel_onset_f0	final				Hz	requested			raw					SYN_GENERATOR_11042026	SYNTHETIC_TEACHING_FIXTURE
REQ_SYN_SEG_0514_vot	SYN_CH11	SYN_SEG_SPK_15	SYN_SESSION_15	SYN_SEG_0514	vot	initial				ms	requested			raw					SYN_GENERATOR_11042026	SYNTHETIC_TEACHING_FIXTURE
REQ_SYN_SEG_0514_closure_duration	SYN_CH11	SYN_SEG_SPK_15	SYN_SESSION_15	SYN_SEG_0514	closure_duration	initial				ms	requested			raw					SYN_GENERATOR_11042026	SYNTHETIC_TEACHING_FIXTURE
REQ_SYN_SEG_0514_vowel_onset_f0	SYN_CH11	SYN_SEG_SPK_15	SYN_SESSION_15	SYN_SEG_0514	vowel_onset_f0	initial				Hz	requested			raw					SYN_GENERATOR_11042026	SYNTHETIC_TEACHING_FIXTURE
REQ_SYN_SEG_0515_vot	SYN_CH11	SYN_SEG_SPK_15	SYN_SESSION_15	SYN_SEG_0515	vot	medial				ms	requested			raw					SYN_GENERATOR_11042026	SYNTHETIC_TEACHING_FIXTURE
REQ_SYN_SEG_0515_closure_duration	SYN_CH11	SYN_SEG_SPK_15	SYN_SESSION_15	SYN_SEG_0515	closure_duration	medial				ms	requested			raw					SYN_GENERATOR_11042026	SYNTHETIC_TEACHING_FIXTURE
REQ_SYN_SEG_0515_vowel_onset_f0	SYN_CH11	SYN_SEG_SPK_15	SYN_SESSION_15	SYN_SEG_0515	vowel_onset_f0	medial				Hz	requested			raw					SYN_GENERATOR_11042026	SYNTHETIC_TEACHING_FIXTURE
REQ_SYN_SEG_0516_vot	SYN_CH11	SYN_SEG_SPK_15	SYN_SESSION_15	SYN_SEG_0516	vot	final				ms	requested			raw					SYN_GENERATOR_11042026	SYNTHETIC_TEACHING_FIXTURE
REQ_SYN_SEG_0516_closure_duration	SYN_CH11	SYN_SEG_SPK_15	SYN_SESSION_15	SYN_SEG_0516	closure_duration	final				ms	requested			raw					SYN_GENERATOR_11042026	SYNTHETIC_TEACHING_FIXTURE
REQ_SYN_SEG_0516_vowel_onset_f0	SYN_CH11	SYN_SEG_SPK_15	SYN_SESSION_15	SYN_SEG_0516	vowel_onset_f0	final				Hz	requested			raw					SYN_GENERATOR_11042026	SYNTHETIC_TEACHING_FIXTURE
REQ_SYN_SEG_0517_vowel_duration	SYN_CH11	SYN_SEG_SPK_15	SYN_SESSION_15	SYN_SEG_0517	vowel_duration	initial				ms	requested		training	raw					SYN_GENERATOR_11042026	SYNTHETIC_TEACHING_FIXTURE
REQ_SYN_SEG_0517_f1	SYN_CH11	SYN_SEG_SPK_15	SYN_SESSION_15	SYN_SEG_0517	f1	initial				Hz	requested		training	raw					SYN_GENERATOR_11042026	SYNTHETIC_TEACHING_FIXTURE
REQ_SYN_SEG_0517_f2	SYN_CH11	SYN_SEG_SPK_15	SYN_SESSION_15	SYN_SEG_0517	f2	initial				Hz	requested		training	raw					SYN_GENERATOR_11042026	SYNTHETIC_TEACHING_FIXTURE
REQ_SYN_SEG_0517_f3	SYN_CH11	SYN_SEG_SPK_15	SYN_SESSION_15	SYN_SEG_0517	f3	initial				Hz	requested		training	raw					SYN_GENERATOR_11042026	SYNTHETIC_TEACHING_FIXTURE
REQ_SYN_SEG_0518_vowel_duration	SYN_CH11	SYN_SEG_SPK_15	SYN_SESSION_15	SYN_SEG_0518	vowel_duration	medial				ms	requested		training	raw					SYN_GENERATOR_11042026	SYNTHETIC_TEACHING_FIXTURE
REQ_SYN_SEG_0518_f1	SYN_CH11	SYN_SEG_SPK_15	SYN_SESSION_15	SYN_SEG_0518	f1	medial				Hz	requested		training	raw					SYN_GENERATOR_11042026	SYNTHETIC_TEACHING_FIXTURE
REQ_SYN_SEG_0518_f2	SYN_CH11	SYN_SEG_SPK_15	SYN_SESSION_15	SYN_SEG_0518	f2	medial				Hz	requested		training	raw					SYN_GENERATOR_11042026	SYNTHETIC_TEACHING_FIXTURE
REQ_SYN_SEG_0518_f3	SYN_CH11	SYN_SEG_SPK_15	SYN_SESSION_15	SYN_SEG_0518	f3	medial				Hz	requested		training	raw					SYN_GENERATOR_11042026	SYNTHETIC_TEACHING_FIXTURE
REQ_SYN_SEG_0519_vowel_duration	SYN_CH11	SYN_SEG_SPK_15	SYN_SESSION_15	SYN_SEG_0519	vowel_duration	final				ms	requested		training	raw					SYN_GENERATOR_11042026	SYNTHETIC_TEACHING_FIXTURE
REQ_SYN_SEG_0519_f1	SYN_CH11	SYN_SEG_SPK_15	SYN_SESSION_15	SYN_SEG_0519	f1	final				Hz	requested		training	raw					SYN_GENERATOR_11042026	SYNTHETIC_TEACHING_FIXTURE
REQ_SYN_SEG_0519_f2	SYN_CH11	SYN_SEG_SPK_15	SYN_SESSION_15	SYN_SEG_0519	f2	final				Hz	requested		training	raw					SYN_GENERATOR_11042026	SYNTHETIC_TEACHING_FIXTURE
REQ_SYN_SEG_0519_f3	SYN_CH11	SYN_SEG_SPK_15	SYN_SESSION_15	SYN_SEG_0519	f3	final				Hz	requested		training	raw					SYN_GENERATOR_11042026	SYNTHETIC_TEACHING_FIXTURE
REQ_SYN_SEG_0520_vowel_duration	SYN_CH11	SYN_SEG_SPK_15	SYN_SESSION_15	SYN_SEG_0520	vowel_duration	initial				ms	requested		training	raw					SYN_GENERATOR_11042026	SYNTHETIC_TEACHING_FIXTURE
REQ_SYN_SEG_0520_f1	SYN_CH11	SYN_SEG_SPK_15	SYN_SESSION_15	SYN_SEG_0520	f1	initial				Hz	requested		training	raw					SYN_GENERATOR_11042026	SYNTHETIC_TEACHING_FIXTURE
REQ_SYN_SEG_0520_f2	SYN_CH11	SYN_SEG_SPK_15	SYN_SESSION_15	SYN_SEG_0520	f2	initial				Hz	requested		training	raw					SYN_GENERATOR_11042026	SYNTHETIC_TEACHING_FIXTURE
REQ_SYN_SEG_0520_f3	SYN_CH11	SYN_SEG_SPK_15	SYN_SESSION_15	SYN_SEG_0520	f3	initial				Hz	requested		training	raw					SYN_GENERATOR_11042026	SYNTHETIC_TEACHING_FIXTURE
REQ_SYN_SEG_0521_vowel_duration	SYN_CH11	SYN_SEG_SPK_15	SYN_SESSION_15	SYN_SEG_0521	vowel_duration	medial				ms	requested		training	raw					SYN_GENERATOR_11042026	SYNTHETIC_TEACHING_FIXTURE
REQ_SYN_SEG_0521_f1	SYN_CH11	SYN_SEG_SPK_15	SYN_SESSION_15	SYN_SEG_0521	f1	medial				Hz	requested		training	raw					SYN_GENERATOR_11042026	SYNTHETIC_TEACHING_FIXTURE
REQ_SYN_SEG_0521_f2	SYN_CH11	SYN_SEG_SPK_15	SYN_SESSION_15	SYN_SEG_0521	f2	medial				Hz	requested		training	raw					SYN_GENERATOR_11042026	SYNTHETIC_TEACHING_FIXTURE
REQ_SYN_SEG_0521_f3	SYN_CH11	SYN_SEG_SPK_15	SYN_SESSION_15	SYN_SEG_0521	f3	medial				Hz	requested		training	raw					SYN_GENERATOR_11042026	SYNTHETIC_TEACHING_FIXTURE
REQ_SYN_SEG_0522_vowel_duration	SYN_CH11	SYN_SEG_SPK_15	SYN_SESSION_15	SYN_SEG_0522	vowel_duration	final				ms	requested		training	raw					SYN_GENERATOR_11042026	SYNTHETIC_TEACHING_FIXTURE
REQ_SYN_SEG_0522_f1	SYN_CH11	SYN_SEG_SPK_15	SYN_SESSION_15	SYN_SEG_0522	f1	final				Hz	requested		training	raw					SYN_GENERATOR_11042026	SYNTHETIC_TEACHING_FIXTURE
REQ_SYN_SEG_0522_f2	SYN_CH11	SYN_SEG_SPK_15	SYN_SESSION_15	SYN_SEG_0522	f2	final				Hz	requested		training	raw					SYN_GENERATOR_11042026	SYNTHETIC_TEACHING_FIXTURE
REQ_SYN_SEG_0522_f3	SYN_CH11	SYN_SEG_SPK_15	SYN_SESSION_15	SYN_SEG_0522	f3	final				Hz	requested		training	raw					SYN_GENERATOR_11042026	SYNTHETIC_TEACHING_FIXTURE
REQ_SYN_SEG_0523_vowel_duration	SYN_CH11	SYN_SEG_SPK_15	SYN_SESSION_15	SYN_SEG_0523	vowel_duration	initial				ms	requested		training	raw					SYN_GENERATOR_11042026	SYNTHETIC_TEACHING_FIXTURE
REQ_SYN_SEG_0523_f1	SYN_CH11	SYN_SEG_SPK_15	SYN_SESSION_15	SYN_SEG_0523	f1	initial				Hz	requested		training	raw					SYN_GENERATOR_11042026	SYNTHETIC_TEACHING_FIXTURE
REQ_SYN_SEG_0523_f2	SYN_CH11	SYN_SEG_SPK_15	SYN_SESSION_15	SYN_SEG_0523	f2	initial				Hz	requested		training	raw					SYN_GENERATOR_11042026	SYNTHETIC_TEACHING_FIXTURE
REQ_SYN_SEG_0523_f3	SYN_CH11	SYN_SEG_SPK_15	SYN_SESSION_15	SYN_SEG_0523	f3	initial				Hz	requested		training	raw					SYN_GENERATOR_11042026	SYNTHETIC_TEACHING_FIXTURE
REQ_SYN_SEG_0524_vowel_duration	SYN_CH11	SYN_SEG_SPK_15	SYN_SESSION_15	SYN_SEG_0524	vowel_duration	medial				ms	requested		training	raw					SYN_GENERATOR_11042026	SYNTHETIC_TEACHING_FIXTURE
REQ_SYN_SEG_0524_f1	SYN_CH11	SYN_SEG_SPK_15	SYN_SESSION_15	SYN_SEG_0524	f1	medial				Hz	requested		training	raw					SYN_GENERATOR_11042026	SYNTHETIC_TEACHING_FIXTURE
REQ_SYN_SEG_0524_f2	SYN_CH11	SYN_SEG_SPK_15	SYN_SESSION_15	SYN_SEG_0524	f2	medial				Hz	requested		training	raw					SYN_GENERATOR_11042026	SYNTHETIC_TEACHING_FIXTURE
REQ_SYN_SEG_0524_f3	SYN_CH11	SYN_SEG_SPK_15	SYN_SESSION_15	SYN_SEG_0524	f3	medial				Hz	requested		training	raw					SYN_GENERATOR_11042026	SYNTHETIC_TEACHING_FIXTURE
REQ_SYN_SEG_0525_vowel_duration	SYN_CH11	SYN_SEG_SPK_15	SYN_SESSION_15	SYN_SEG_0525	vowel_duration	final				ms	requested		training	raw					SYN_GENERATOR_11042026	SYNTHETIC_TEACHING_FIXTURE
REQ_SYN_SEG_0525_f1	SYN_CH11	SYN_SEG_SPK_15	SYN_SESSION_15	SYN_SEG_0525	f1	final				Hz	requested		training	raw					SYN_GENERATOR_11042026	SYNTHETIC_TEACHING_FIXTURE
REQ_SYN_SEG_0525_f2	SYN_CH11	SYN_SEG_SPK_15	SYN_SESSION_15	SYN_SEG_0525	f2	final				Hz	requested		training	raw					SYN_GENERATOR_11042026	SYNTHETIC_TEACHING_FIXTURE
REQ_SYN_SEG_0525_f3	SYN_CH11	SYN_SEG_SPK_15	SYN_SESSION_15	SYN_SEG_0525	f3	final				Hz	requested		training	raw					SYN_GENERATOR_11042026	SYNTHETIC_TEACHING_FIXTURE
REQ_SYN_SEG_0526_vowel_duration	SYN_CH11	SYN_SEG_SPK_15	SYN_SESSION_15	SYN_SEG_0526	vowel_duration	initial				ms	requested		training	raw					SYN_GENERATOR_11042026	SYNTHETIC_TEACHING_FIXTURE
REQ_SYN_SEG_0526_f1	SYN_CH11	SYN_SEG_SPK_15	SYN_SESSION_15	SYN_SEG_0526	f1	initial				Hz	requested		training	raw					SYN_GENERATOR_11042026	SYNTHETIC_TEACHING_FIXTURE
REQ_SYN_SEG_0526_f2	SYN_CH11	SYN_SEG_SPK_15	SYN_SESSION_15	SYN_SEG_0526	f2	initial				Hz	requested		training	raw					SYN_GENERATOR_11042026	SYNTHETIC_TEACHING_FIXTURE
REQ_SYN_SEG_0526_f3	SYN_CH11	SYN_SEG_SPK_15	SYN_SESSION_15	SYN_SEG_0526	f3	initial				Hz	requested		training	raw					SYN_GENERATOR_11042026	SYNTHETIC_TEACHING_FIXTURE
REQ_SYN_SEG_0527_vowel_duration	SYN_CH11	SYN_SEG_SPK_15	SYN_SESSION_15	SYN_SEG_0527	vowel_duration	medial				ms	requested		training	raw					SYN_GENERATOR_11042026	SYNTHETIC_TEACHING_FIXTURE
REQ_SYN_SEG_0527_f1	SYN_CH11	SYN_SEG_SPK_15	SYN_SESSION_15	SYN_SEG_0527	f1	medial				Hz	requested		training	raw					SYN_GENERATOR_11042026	SYNTHETIC_TEACHING_FIXTURE
REQ_SYN_SEG_0527_f2	SYN_CH11	SYN_SEG_SPK_15	SYN_SESSION_15	SYN_SEG_0527	f2	medial				Hz	requested		training	raw					SYN_GENERATOR_11042026	SYNTHETIC_TEACHING_FIXTURE
REQ_SYN_SEG_0527_f3	SYN_CH11	SYN_SEG_SPK_15	SYN_SESSION_15	SYN_SEG_0527	f3	medial				Hz	requested		training	raw					SYN_GENERATOR_11042026	SYNTHETIC_TEACHING_FIXTURE
REQ_SYN_SEG_0528_vowel_duration	SYN_CH11	SYN_SEG_SPK_15	SYN_SESSION_15	SYN_SEG_0528	vowel_duration	final				ms	requested		training	raw					SYN_GENERATOR_11042026	SYNTHETIC_TEACHING_FIXTURE
REQ_SYN_SEG_0528_f1	SYN_CH11	SYN_SEG_SPK_15	SYN_SESSION_15	SYN_SEG_0528	f1	final				Hz	requested		training	raw					SYN_GENERATOR_11042026	SYNTHETIC_TEACHING_FIXTURE
REQ_SYN_SEG_0528_f2	SYN_CH11	SYN_SEG_SPK_15	SYN_SESSION_15	SYN_SEG_0528	f2	final				Hz	requested		training	raw					SYN_GENERATOR_11042026	SYNTHETIC_TEACHING_FIXTURE
REQ_SYN_SEG_0528_f3	SYN_CH11	SYN_SEG_SPK_15	SYN_SESSION_15	SYN_SEG_0528	f3	final				Hz	requested		training	raw					SYN_GENERATOR_11042026	SYNTHETIC_TEACHING_FIXTURE
REQ_SYN_SEG_0529_fricative_duration	SYN_CH11	SYN_SEG_SPK_15	SYN_SESSION_15	SYN_SEG_0529	fricative_duration	initial				ms	requested			raw					SYN_GENERATOR_11042026	SYNTHETIC_TEACHING_FIXTURE
REQ_SYN_SEG_0529_fricative_cog	SYN_CH11	SYN_SEG_SPK_15	SYN_SESSION_15	SYN_SEG_0529	fricative_cog	initial				Hz	requested			raw					SYN_GENERATOR_11042026	SYNTHETIC_TEACHING_FIXTURE
REQ_SYN_SEG_0530_fricative_duration	SYN_CH11	SYN_SEG_SPK_15	SYN_SESSION_15	SYN_SEG_0530	fricative_duration	medial				ms	requested			raw					SYN_GENERATOR_11042026	SYNTHETIC_TEACHING_FIXTURE
REQ_SYN_SEG_0530_fricative_cog	SYN_CH11	SYN_SEG_SPK_15	SYN_SESSION_15	SYN_SEG_0530	fricative_cog	medial				Hz	requested			raw					SYN_GENERATOR_11042026	SYNTHETIC_TEACHING_FIXTURE
REQ_SYN_SEG_0531_fricative_duration	SYN_CH11	SYN_SEG_SPK_15	SYN_SESSION_15	SYN_SEG_0531	fricative_duration	final				ms	requested			raw					SYN_GENERATOR_11042026	SYNTHETIC_TEACHING_FIXTURE
REQ_SYN_SEG_0531_fricative_cog	SYN_CH11	SYN_SEG_SPK_15	SYN_SESSION_15	SYN_SEG_0531	fricative_cog	final				Hz	requested			raw					SYN_GENERATOR_11042026	SYNTHETIC_TEACHING_FIXTURE
REQ_SYN_SEG_0532_fricative_duration	SYN_CH11	SYN_SEG_SPK_15	SYN_SESSION_15	SYN_SEG_0532	fricative_duration	initial				ms	requested			raw					SYN_GENERATOR_11042026	SYNTHETIC_TEACHING_FIXTURE
REQ_SYN_SEG_0532_fricative_cog	SYN_CH11	SYN_SEG_SPK_15	SYN_SESSION_15	SYN_SEG_0532	fricative_cog	initial				Hz	requested			raw					SYN_GENERATOR_11042026	SYNTHETIC_TEACHING_FIXTURE
REQ_SYN_SEG_0533_fricative_duration	SYN_CH11	SYN_SEG_SPK_15	SYN_SESSION_15	SYN_SEG_0533	fricative_duration	medial				ms	requested			raw					SYN_GENERATOR_11042026	SYNTHETIC_TEACHING_FIXTURE
REQ_SYN_SEG_0533_fricative_cog	SYN_CH11	SYN_SEG_SPK_15	SYN_SESSION_15	SYN_SEG_0533	fricative_cog	medial				Hz	requested			raw					SYN_GENERATOR_11042026	SYNTHETIC_TEACHING_FIXTURE
REQ_SYN_SEG_0534_fricative_duration	SYN_CH11	SYN_SEG_SPK_15	SYN_SESSION_15	SYN_SEG_0534	fricative_duration	final				ms	requested			raw					SYN_GENERATOR_11042026	SYNTHETIC_TEACHING_FIXTURE
REQ_SYN_SEG_0534_fricative_cog	SYN_CH11	SYN_SEG_SPK_15	SYN_SESSION_15	SYN_SEG_0534	fricative_cog	final				Hz	requested			raw					SYN_GENERATOR_11042026	SYNTHETIC_TEACHING_FIXTURE
REQ_SYN_SEG_0535_fricative_duration	SYN_CH11	SYN_SEG_SPK_15	SYN_SESSION_15	SYN_SEG_0535	fricative_duration	initial				ms	requested			raw					SYN_GENERATOR_11042026	SYNTHETIC_TEACHING_FIXTURE
REQ_SYN_SEG_0535_fricative_cog	SYN_CH11	SYN_SEG_SPK_15	SYN_SESSION_15	SYN_SEG_0535	fricative_cog	initial				Hz	requested			raw					SYN_GENERATOR_11042026	SYNTHETIC_TEACHING_FIXTURE
REQ_SYN_SEG_0536_fricative_duration	SYN_CH11	SYN_SEG_SPK_15	SYN_SESSION_15	SYN_SEG_0536	fricative_duration	medial				ms	requested			raw					SYN_GENERATOR_11042026	SYNTHETIC_TEACHING_FIXTURE
REQ_SYN_SEG_0536_fricative_cog	SYN_CH11	SYN_SEG_SPK_15	SYN_SESSION_15	SYN_SEG_0536	fricative_cog	medial				Hz	requested			raw					SYN_GENERATOR_11042026	SYNTHETIC_TEACHING_FIXTURE
REQ_SYN_SEG_0537_fricative_duration	SYN_CH11	SYN_SEG_SPK_15	SYN_SESSION_15	SYN_SEG_0537	fricative_duration	final				ms	requested			raw					SYN_GENERATOR_11042026	SYNTHETIC_TEACHING_FIXTURE
REQ_SYN_SEG_0537_fricative_cog	SYN_CH11	SYN_SEG_SPK_15	SYN_SESSION_15	SYN_SEG_0537	fricative_cog	final				Hz	requested			raw					SYN_GENERATOR_11042026	SYNTHETIC_TEACHING_FIXTURE
REQ_SYN_SEG_0538_fricative_duration	SYN_CH11	SYN_SEG_SPK_15	SYN_SESSION_15	SYN_SEG_0538	fricative_duration	initial				ms	requested			raw					SYN_GENERATOR_11042026	SYNTHETIC_TEACHING_FIXTURE
REQ_SYN_SEG_0538_fricative_cog	SYN_CH11	SYN_SEG_SPK_15	SYN_SESSION_15	SYN_SEG_0538	fricative_cog	initial				Hz	requested			raw					SYN_GENERATOR_11042026	SYNTHETIC_TEACHING_FIXTURE
REQ_SYN_SEG_0539_fricative_duration	SYN_CH11	SYN_SEG_SPK_15	SYN_SESSION_15	SYN_SEG_0539	fricative_duration	medial				ms	requested			raw					SYN_GENERATOR_11042026	SYNTHETIC_TEACHING_FIXTURE
REQ_SYN_SEG_0539_fricative_cog	SYN_CH11	SYN_SEG_SPK_15	SYN_SESSION_15	SYN_SEG_0539	fricative_cog	medial				Hz	requested			raw					SYN_GENERATOR_11042026	SYNTHETIC_TEACHING_FIXTURE
REQ_SYN_SEG_0540_fricative_duration	SYN_CH11	SYN_SEG_SPK_15	SYN_SESSION_15	SYN_SEG_0540	fricative_duration	final				ms	requested			raw					SYN_GENERATOR_11042026	SYNTHETIC_TEACHING_FIXTURE
REQ_SYN_SEG_0540_fricative_cog	SYN_CH11	SYN_SEG_SPK_15	SYN_SESSION_15	SYN_SEG_0540	fricative_cog	final				Hz	requested			raw					SYN_GENERATOR_11042026	SYNTHETIC_TEACHING_FIXTURE
REQ_SYN_SEG_0541_vot	SYN_CH11	SYN_SEG_SPK_16	SYN_SESSION_16	SYN_SEG_0541	vot	initial				ms	requested			raw					SYN_GENERATOR_11042026	SYNTHETIC_TEACHING_FIXTURE
REQ_SYN_SEG_0541_closure_duration	SYN_CH11	SYN_SEG_SPK_16	SYN_SESSION_16	SYN_SEG_0541	closure_duration	initial				ms	requested			raw					SYN_GENERATOR_11042026	SYNTHETIC_TEACHING_FIXTURE
REQ_SYN_SEG_0541_vowel_onset_f0	SYN_CH11	SYN_SEG_SPK_16	SYN_SESSION_16	SYN_SEG_0541	vowel_onset_f0	initial				Hz	requested			raw					SYN_GENERATOR_11042026	SYNTHETIC_TEACHING_FIXTURE
REQ_SYN_SEG_0542_vot	SYN_CH11	SYN_SEG_SPK_16	SYN_SESSION_16	SYN_SEG_0542	vot	medial				ms	requested			raw					SYN_GENERATOR_11042026	SYNTHETIC_TEACHING_FIXTURE
REQ_SYN_SEG_0542_closure_duration	SYN_CH11	SYN_SEG_SPK_16	SYN_SESSION_16	SYN_SEG_0542	closure_duration	medial				ms	requested			raw					SYN_GENERATOR_11042026	SYNTHETIC_TEACHING_FIXTURE
REQ_SYN_SEG_0542_vowel_onset_f0	SYN_CH11	SYN_SEG_SPK_16	SYN_SESSION_16	SYN_SEG_0542	vowel_onset_f0	medial				Hz	requested			raw					SYN_GENERATOR_11042026	SYNTHETIC_TEACHING_FIXTURE
REQ_SYN_SEG_0543_vot	SYN_CH11	SYN_SEG_SPK_16	SYN_SESSION_16	SYN_SEG_0543	vot	final				ms	requested			raw					SYN_GENERATOR_11042026	SYNTHETIC_TEACHING_FIXTURE
REQ_SYN_SEG_0543_closure_duration	SYN_CH11	SYN_SEG_SPK_16	SYN_SESSION_16	SYN_SEG_0543	closure_duration	final				ms	requested			raw					SYN_GENERATOR_11042026	SYNTHETIC_TEACHING_FIXTURE
REQ_SYN_SEG_0543_vowel_onset_f0	SYN_CH11	SYN_SEG_SPK_16	SYN_SESSION_16	SYN_SEG_0543	vowel_onset_f0	final				Hz	requested			raw					SYN_GENERATOR_11042026	SYNTHETIC_TEACHING_FIXTURE
REQ_SYN_SEG_0544_vot	SYN_CH11	SYN_SEG_SPK_16	SYN_SESSION_16	SYN_SEG_0544	vot	initial				ms	requested			raw					SYN_GENERATOR_11042026	SYNTHETIC_TEACHING_FIXTURE
REQ_SYN_SEG_0544_closure_duration	SYN_CH11	SYN_SEG_SPK_16	SYN_SESSION_16	SYN_SEG_0544	closure_duration	initial				ms	requested			raw					SYN_GENERATOR_11042026	SYNTHETIC_TEACHING_FIXTURE
REQ_SYN_SEG_0544_vowel_onset_f0	SYN_CH11	SYN_SEG_SPK_16	SYN_SESSION_16	SYN_SEG_0544	vowel_onset_f0	initial				Hz	requested			raw					SYN_GENERATOR_11042026	SYNTHETIC_TEACHING_FIXTURE
REQ_SYN_SEG_0545_vot	SYN_CH11	SYN_SEG_SPK_16	SYN_SESSION_16	SYN_SEG_0545	vot	medial				ms	requested			raw					SYN_GENERATOR_11042026	SYNTHETIC_TEACHING_FIXTURE
REQ_SYN_SEG_0545_closure_duration	SYN_CH11	SYN_SEG_SPK_16	SYN_SESSION_16	SYN_SEG_0545	closure_duration	medial				ms	requested			raw					SYN_GENERATOR_11042026	SYNTHETIC_TEACHING_FIXTURE
REQ_SYN_SEG_0545_vowel_onset_f0	SYN_CH11	SYN_SEG_SPK_16	SYN_SESSION_16	SYN_SEG_0545	vowel_onset_f0	medial				Hz	requested			raw					SYN_GENERATOR_11042026	SYNTHETIC_TEACHING_FIXTURE
REQ_SYN_SEG_0546_vot	SYN_CH11	SYN_SEG_SPK_16	SYN_SESSION_16	SYN_SEG_0546	vot	final				ms	requested			raw					SYN_GENERATOR_11042026	SYNTHETIC_TEACHING_FIXTURE
REQ_SYN_SEG_0546_closure_duration	SYN_CH11	SYN_SEG_SPK_16	SYN_SESSION_16	SYN_SEG_0546	closure_duration	final				ms	requested			raw					SYN_GENERATOR_11042026	SYNTHETIC_TEACHING_FIXTURE
REQ_SYN_SEG_0546_vowel_onset_f0	SYN_CH11	SYN_SEG_SPK_16	SYN_SESSION_16	SYN_SEG_0546	vowel_onset_f0	final				Hz	requested			raw					SYN_GENERATOR_11042026	SYNTHETIC_TEACHING_FIXTURE
REQ_SYN_SEG_0547_vot	SYN_CH11	SYN_SEG_SPK_16	SYN_SESSION_16	SYN_SEG_0547	vot	initial				ms	requested			raw					SYN_GENERATOR_11042026	SYNTHETIC_TEACHING_FIXTURE
REQ_SYN_SEG_0547_closure_duration	SYN_CH11	SYN_SEG_SPK_16	SYN_SESSION_16	SYN_SEG_0547	closure_duration	initial				ms	requested			raw					SYN_GENERATOR_11042026	SYNTHETIC_TEACHING_FIXTURE
REQ_SYN_SEG_0547_vowel_onset_f0	SYN_CH11	SYN_SEG_SPK_16	SYN_SESSION_16	SYN_SEG_0547	vowel_onset_f0	initial				Hz	requested			raw					SYN_GENERATOR_11042026	SYNTHETIC_TEACHING_FIXTURE
REQ_SYN_SEG_0548_vot	SYN_CH11	SYN_SEG_SPK_16	SYN_SESSION_16	SYN_SEG_0548	vot	medial				ms	requested			raw					SYN_GENERATOR_11042026	SYNTHETIC_TEACHING_FIXTURE
REQ_SYN_SEG_0548_closure_duration	SYN_CH11	SYN_SEG_SPK_16	SYN_SESSION_16	SYN_SEG_0548	closure_duration	medial				ms	requested			raw					SYN_GENERATOR_11042026	SYNTHETIC_TEACHING_FIXTURE
REQ_SYN_SEG_0548_vowel_onset_f0	SYN_CH11	SYN_SEG_SPK_16	SYN_SESSION_16	SYN_SEG_0548	vowel_onset_f0	medial				Hz	requested			raw					SYN_GENERATOR_11042026	SYNTHETIC_TEACHING_FIXTURE
REQ_SYN_SEG_0549_vot	SYN_CH11	SYN_SEG_SPK_16	SYN_SESSION_16	SYN_SEG_0549	vot	final				ms	requested			raw					SYN_GENERATOR_11042026	SYNTHETIC_TEACHING_FIXTURE
REQ_SYN_SEG_0549_closure_duration	SYN_CH11	SYN_SEG_SPK_16	SYN_SESSION_16	SYN_SEG_0549	closure_duration	final				ms	requested			raw					SYN_GENERATOR_11042026	SYNTHETIC_TEACHING_FIXTURE
REQ_SYN_SEG_0549_vowel_onset_f0	SYN_CH11	SYN_SEG_SPK_16	SYN_SESSION_16	SYN_SEG_0549	vowel_onset_f0	final				Hz	requested			raw					SYN_GENERATOR_11042026	SYNTHETIC_TEACHING_FIXTURE
REQ_SYN_SEG_0550_vot	SYN_CH11	SYN_SEG_SPK_16	SYN_SESSION_16	SYN_SEG_0550	vot	initial				ms	requested			raw					SYN_GENERATOR_11042026	SYNTHETIC_TEACHING_FIXTURE
REQ_SYN_SEG_0550_closure_duration	SYN_CH11	SYN_SEG_SPK_16	SYN_SESSION_16	SYN_SEG_0550	closure_duration	initial				ms	requested			raw					SYN_GENERATOR_11042026	SYNTHETIC_TEACHING_FIXTURE
REQ_SYN_SEG_0550_vowel_onset_f0	SYN_CH11	SYN_SEG_SPK_16	SYN_SESSION_16	SYN_SEG_0550	vowel_onset_f0	initial				Hz	requested			raw					SYN_GENERATOR_11042026	SYNTHETIC_TEACHING_FIXTURE
REQ_SYN_SEG_0551_vot	SYN_CH11	SYN_SEG_SPK_16	SYN_SESSION_16	SYN_SEG_0551	vot	medial				ms	requested			raw					SYN_GENERATOR_11042026	SYNTHETIC_TEACHING_FIXTURE
REQ_SYN_SEG_0551_closure_duration	SYN_CH11	SYN_SEG_SPK_16	SYN_SESSION_16	SYN_SEG_0551	closure_duration	medial				ms	requested			raw					SYN_GENERATOR_11042026	SYNTHETIC_TEACHING_FIXTURE
REQ_SYN_SEG_0551_vowel_onset_f0	SYN_CH11	SYN_SEG_SPK_16	SYN_SESSION_16	SYN_SEG_0551	vowel_onset_f0	medial				Hz	requested			raw					SYN_GENERATOR_11042026	SYNTHETIC_TEACHING_FIXTURE
REQ_SYN_SEG_0552_vot	SYN_CH11	SYN_SEG_SPK_16	SYN_SESSION_16	SYN_SEG_0552	vot	final				ms	requested			raw					SYN_GENERATOR_11042026	SYNTHETIC_TEACHING_FIXTURE
REQ_SYN_SEG_0552_closure_duration	SYN_CH11	SYN_SEG_SPK_16	SYN_SESSION_16	SYN_SEG_0552	closure_duration	final				ms	requested			raw					SYN_GENERATOR_11042026	SYNTHETIC_TEACHING_FIXTURE
REQ_SYN_SEG_0552_vowel_onset_f0	SYN_CH11	SYN_SEG_SPK_16	SYN_SESSION_16	SYN_SEG_0552	vowel_onset_f0	final				Hz	requested			raw					SYN_GENERATOR_11042026	SYNTHETIC_TEACHING_FIXTURE
REQ_SYN_SEG_0553_vowel_duration	SYN_CH11	SYN_SEG_SPK_16	SYN_SESSION_16	SYN_SEG_0553	vowel_duration	initial				ms	requested		training	raw					SYN_GENERATOR_11042026	SYNTHETIC_TEACHING_FIXTURE
REQ_SYN_SEG_0553_f1	SYN_CH11	SYN_SEG_SPK_16	SYN_SESSION_16	SYN_SEG_0553	f1	initial				Hz	requested		training	raw					SYN_GENERATOR_11042026	SYNTHETIC_TEACHING_FIXTURE
REQ_SYN_SEG_0553_f2	SYN_CH11	SYN_SEG_SPK_16	SYN_SESSION_16	SYN_SEG_0553	f2	initial				Hz	requested		training	raw					SYN_GENERATOR_11042026	SYNTHETIC_TEACHING_FIXTURE
REQ_SYN_SEG_0553_f3	SYN_CH11	SYN_SEG_SPK_16	SYN_SESSION_16	SYN_SEG_0553	f3	initial				Hz	requested		training	raw					SYN_GENERATOR_11042026	SYNTHETIC_TEACHING_FIXTURE
REQ_SYN_SEG_0554_vowel_duration	SYN_CH11	SYN_SEG_SPK_16	SYN_SESSION_16	SYN_SEG_0554	vowel_duration	medial				ms	requested		training	raw					SYN_GENERATOR_11042026	SYNTHETIC_TEACHING_FIXTURE
REQ_SYN_SEG_0554_f1	SYN_CH11	SYN_SEG_SPK_16	SYN_SESSION_16	SYN_SEG_0554	f1	medial				Hz	requested		training	raw					SYN_GENERATOR_11042026	SYNTHETIC_TEACHING_FIXTURE
REQ_SYN_SEG_0554_f2	SYN_CH11	SYN_SEG_SPK_16	SYN_SESSION_16	SYN_SEG_0554	f2	medial				Hz	requested		training	raw					SYN_GENERATOR_11042026	SYNTHETIC_TEACHING_FIXTURE
REQ_SYN_SEG_0554_f3	SYN_CH11	SYN_SEG_SPK_16	SYN_SESSION_16	SYN_SEG_0554	f3	medial				Hz	requested		training	raw					SYN_GENERATOR_11042026	SYNTHETIC_TEACHING_FIXTURE
REQ_SYN_SEG_0555_vowel_duration	SYN_CH11	SYN_SEG_SPK_16	SYN_SESSION_16	SYN_SEG_0555	vowel_duration	final				ms	requested		training	raw					SYN_GENERATOR_11042026	SYNTHETIC_TEACHING_FIXTURE
REQ_SYN_SEG_0555_f1	SYN_CH11	SYN_SEG_SPK_16	SYN_SESSION_16	SYN_SEG_0555	f1	final				Hz	requested		training	raw					SYN_GENERATOR_11042026	SYNTHETIC_TEACHING_FIXTURE
REQ_SYN_SEG_0555_f2	SYN_CH11	SYN_SEG_SPK_16	SYN_SESSION_16	SYN_SEG_0555	f2	final				Hz	requested		training	raw					SYN_GENERATOR_11042026	SYNTHETIC_TEACHING_FIXTURE
REQ_SYN_SEG_0555_f3	SYN_CH11	SYN_SEG_SPK_16	SYN_SESSION_16	SYN_SEG_0555	f3	final				Hz	requested		training	raw					SYN_GENERATOR_11042026	SYNTHETIC_TEACHING_FIXTURE
REQ_SYN_SEG_0556_vowel_duration	SYN_CH11	SYN_SEG_SPK_16	SYN_SESSION_16	SYN_SEG_0556	vowel_duration	initial				ms	requested		training	raw					SYN_GENERATOR_11042026	SYNTHETIC_TEACHING_FIXTURE
REQ_SYN_SEG_0556_f1	SYN_CH11	SYN_SEG_SPK_16	SYN_SESSION_16	SYN_SEG_0556	f1	initial				Hz	requested		training	raw					SYN_GENERATOR_11042026	SYNTHETIC_TEACHING_FIXTURE
REQ_SYN_SEG_0556_f2	SYN_CH11	SYN_SEG_SPK_16	SYN_SESSION_16	SYN_SEG_0556	f2	initial				Hz	requested		training	raw					SYN_GENERATOR_11042026	SYNTHETIC_TEACHING_FIXTURE
REQ_SYN_SEG_0556_f3	SYN_CH11	SYN_SEG_SPK_16	SYN_SESSION_16	SYN_SEG_0556	f3	initial				Hz	requested		training	raw					SYN_GENERATOR_11042026	SYNTHETIC_TEACHING_FIXTURE
REQ_SYN_SEG_0557_vowel_duration	SYN_CH11	SYN_SEG_SPK_16	SYN_SESSION_16	SYN_SEG_0557	vowel_duration	medial				ms	requested		training	raw					SYN_GENERATOR_11042026	SYNTHETIC_TEACHING_FIXTURE
REQ_SYN_SEG_0557_f1	SYN_CH11	SYN_SEG_SPK_16	SYN_SESSION_16	SYN_SEG_0557	f1	medial				Hz	requested		training	raw					SYN_GENERATOR_11042026	SYNTHETIC_TEACHING_FIXTURE
REQ_SYN_SEG_0557_f2	SYN_CH11	SYN_SEG_SPK_16	SYN_SESSION_16	SYN_SEG_0557	f2	medial				Hz	requested		training	raw					SYN_GENERATOR_11042026	SYNTHETIC_TEACHING_FIXTURE
REQ_SYN_SEG_0557_f3	SYN_CH11	SYN_SEG_SPK_16	SYN_SESSION_16	SYN_SEG_0557	f3	medial				Hz	requested		training	raw					SYN_GENERATOR_11042026	SYNTHETIC_TEACHING_FIXTURE
REQ_SYN_SEG_0558_vowel_duration	SYN_CH11	SYN_SEG_SPK_16	SYN_SESSION_16	SYN_SEG_0558	vowel_duration	final				ms	requested		training	raw					SYN_GENERATOR_11042026	SYNTHETIC_TEACHING_FIXTURE
REQ_SYN_SEG_0558_f1	SYN_CH11	SYN_SEG_SPK_16	SYN_SESSION_16	SYN_SEG_0558	f1	final				Hz	requested		training	raw					SYN_GENERATOR_11042026	SYNTHETIC_TEACHING_FIXTURE
REQ_SYN_SEG_0558_f2	SYN_CH11	SYN_SEG_SPK_16	SYN_SESSION_16	SYN_SEG_0558	f2	final				Hz	requested		training	raw					SYN_GENERATOR_11042026	SYNTHETIC_TEACHING_FIXTURE
REQ_SYN_SEG_0558_f3	SYN_CH11	SYN_SEG_SPK_16	SYN_SESSION_16	SYN_SEG_0558	f3	final				Hz	requested		training	raw					SYN_GENERATOR_11042026	SYNTHETIC_TEACHING_FIXTURE
REQ_SYN_SEG_0559_vowel_duration	SYN_CH11	SYN_SEG_SPK_16	SYN_SESSION_16	SYN_SEG_0559	vowel_duration	initial				ms	requested		training	raw					SYN_GENERATOR_11042026	SYNTHETIC_TEACHING_FIXTURE
REQ_SYN_SEG_0559_f1	SYN_CH11	SYN_SEG_SPK_16	SYN_SESSION_16	SYN_SEG_0559	f1	initial				Hz	requested		training	raw					SYN_GENERATOR_11042026	SYNTHETIC_TEACHING_FIXTURE
REQ_SYN_SEG_0559_f2	SYN_CH11	SYN_SEG_SPK_16	SYN_SESSION_16	SYN_SEG_0559	f2	initial				Hz	requested		training	raw					SYN_GENERATOR_11042026	SYNTHETIC_TEACHING_FIXTURE
REQ_SYN_SEG_0559_f3	SYN_CH11	SYN_SEG_SPK_16	SYN_SESSION_16	SYN_SEG_0559	f3	initial				Hz	requested		training	raw					SYN_GENERATOR_11042026	SYNTHETIC_TEACHING_FIXTURE
REQ_SYN_SEG_0560_vowel_duration	SYN_CH11	SYN_SEG_SPK_16	SYN_SESSION_16	SYN_SEG_0560	vowel_duration	medial				ms	requested		training	raw					SYN_GENERATOR_11042026	SYNTHETIC_TEACHING_FIXTURE
REQ_SYN_SEG_0560_f1	SYN_CH11	SYN_SEG_SPK_16	SYN_SESSION_16	SYN_SEG_0560	f1	medial				Hz	requested		training	raw					SYN_GENERATOR_11042026	SYNTHETIC_TEACHING_FIXTURE
REQ_SYN_SEG_0560_f2	SYN_CH11	SYN_SEG_SPK_16	SYN_SESSION_16	SYN_SEG_0560	f2	medial				Hz	requested		training	raw					SYN_GENERATOR_11042026	SYNTHETIC_TEACHING_FIXTURE
REQ_SYN_SEG_0560_f3	SYN_CH11	SYN_SEG_SPK_16	SYN_SESSION_16	SYN_SEG_0560	f3	medial				Hz	requested		training	raw					SYN_GENERATOR_11042026	SYNTHETIC_TEACHING_FIXTURE
REQ_SYN_SEG_0561_vowel_duration	SYN_CH11	SYN_SEG_SPK_16	SYN_SESSION_16	SYN_SEG_0561	vowel_duration	final				ms	requested		training	raw					SYN_GENERATOR_11042026	SYNTHETIC_TEACHING_FIXTURE
REQ_SYN_SEG_0561_f1	SYN_CH11	SYN_SEG_SPK_16	SYN_SESSION_16	SYN_SEG_0561	f1	final				Hz	requested		training	raw					SYN_GENERATOR_11042026	SYNTHETIC_TEACHING_FIXTURE
REQ_SYN_SEG_0561_f2	SYN_CH11	SYN_SEG_SPK_16	SYN_SESSION_16	SYN_SEG_0561	f2	final				Hz	requested		training	raw					SYN_GENERATOR_11042026	SYNTHETIC_TEACHING_FIXTURE
REQ_SYN_SEG_0561_f3	SYN_CH11	SYN_SEG_SPK_16	SYN_SESSION_16	SYN_SEG_0561	f3	final				Hz	requested		training	raw					SYN_GENERATOR_11042026	SYNTHETIC_TEACHING_FIXTURE
REQ_SYN_SEG_0562_vowel_duration	SYN_CH11	SYN_SEG_SPK_16	SYN_SESSION_16	SYN_SEG_0562	vowel_duration	initial				ms	requested		training	raw					SYN_GENERATOR_11042026	SYNTHETIC_TEACHING_FIXTURE
REQ_SYN_SEG_0562_f1	SYN_CH11	SYN_SEG_SPK_16	SYN_SESSION_16	SYN_SEG_0562	f1	initial				Hz	requested		training	raw					SYN_GENERATOR_11042026	SYNTHETIC_TEACHING_FIXTURE
REQ_SYN_SEG_0562_f2	SYN_CH11	SYN_SEG_SPK_16	SYN_SESSION_16	SYN_SEG_0562	f2	initial				Hz	requested		training	raw					SYN_GENERATOR_11042026	SYNTHETIC_TEACHING_FIXTURE
REQ_SYN_SEG_0562_f3	SYN_CH11	SYN_SEG_SPK_16	SYN_SESSION_16	SYN_SEG_0562	f3	initial				Hz	requested		training	raw					SYN_GENERATOR_11042026	SYNTHETIC_TEACHING_FIXTURE
REQ_SYN_SEG_0563_vowel_duration	SYN_CH11	SYN_SEG_SPK_16	SYN_SESSION_16	SYN_SEG_0563	vowel_duration	medial				ms	requested		training	raw					SYN_GENERATOR_11042026	SYNTHETIC_TEACHING_FIXTURE
REQ_SYN_SEG_0563_f1	SYN_CH11	SYN_SEG_SPK_16	SYN_SESSION_16	SYN_SEG_0563	f1	medial				Hz	requested		training	raw					SYN_GENERATOR_11042026	SYNTHETIC_TEACHING_FIXTURE
REQ_SYN_SEG_0563_f2	SYN_CH11	SYN_SEG_SPK_16	SYN_SESSION_16	SYN_SEG_0563	f2	medial				Hz	requested		training	raw					SYN_GENERATOR_11042026	SYNTHETIC_TEACHING_FIXTURE
REQ_SYN_SEG_0563_f3	SYN_CH11	SYN_SEG_SPK_16	SYN_SESSION_16	SYN_SEG_0563	f3	medial				Hz	requested		training	raw					SYN_GENERATOR_11042026	SYNTHETIC_TEACHING_FIXTURE
REQ_SYN_SEG_0564_vowel_duration	SYN_CH11	SYN_SEG_SPK_16	SYN_SESSION_16	SYN_SEG_0564	vowel_duration	final				ms	requested		training	raw					SYN_GENERATOR_11042026	SYNTHETIC_TEACHING_FIXTURE
REQ_SYN_SEG_0564_f1	SYN_CH11	SYN_SEG_SPK_16	SYN_SESSION_16	SYN_SEG_0564	f1	final				Hz	requested		training	raw					SYN_GENERATOR_11042026	SYNTHETIC_TEACHING_FIXTURE
REQ_SYN_SEG_0564_f2	SYN_CH11	SYN_SEG_SPK_16	SYN_SESSION_16	SYN_SEG_0564	f2	final				Hz	requested		training	raw					SYN_GENERATOR_11042026	SYNTHETIC_TEACHING_FIXTURE
REQ_SYN_SEG_0564_f3	SYN_CH11	SYN_SEG_SPK_16	SYN_SESSION_16	SYN_SEG_0564	f3	final				Hz	requested		training	raw					SYN_GENERATOR_11042026	SYNTHETIC_TEACHING_FIXTURE
REQ_SYN_SEG_0565_fricative_duration	SYN_CH11	SYN_SEG_SPK_16	SYN_SESSION_16	SYN_SEG_0565	fricative_duration	initial				ms	requested			raw					SYN_GENERATOR_11042026	SYNTHETIC_TEACHING_FIXTURE
REQ_SYN_SEG_0565_fricative_cog	SYN_CH11	SYN_SEG_SPK_16	SYN_SESSION_16	SYN_SEG_0565	fricative_cog	initial				Hz	requested			raw					SYN_GENERATOR_11042026	SYNTHETIC_TEACHING_FIXTURE
REQ_SYN_SEG_0566_fricative_duration	SYN_CH11	SYN_SEG_SPK_16	SYN_SESSION_16	SYN_SEG_0566	fricative_duration	medial				ms	requested			raw					SYN_GENERATOR_11042026	SYNTHETIC_TEACHING_FIXTURE
REQ_SYN_SEG_0566_fricative_cog	SYN_CH11	SYN_SEG_SPK_16	SYN_SESSION_16	SYN_SEG_0566	fricative_cog	medial				Hz	requested			raw					SYN_GENERATOR_11042026	SYNTHETIC_TEACHING_FIXTURE
REQ_SYN_SEG_0567_fricative_duration	SYN_CH11	SYN_SEG_SPK_16	SYN_SESSION_16	SYN_SEG_0567	fricative_duration	final				ms	requested			raw					SYN_GENERATOR_11042026	SYNTHETIC_TEACHING_FIXTURE
REQ_SYN_SEG_0567_fricative_cog	SYN_CH11	SYN_SEG_SPK_16	SYN_SESSION_16	SYN_SEG_0567	fricative_cog	final				Hz	requested			raw					SYN_GENERATOR_11042026	SYNTHETIC_TEACHING_FIXTURE
REQ_SYN_SEG_0568_fricative_duration	SYN_CH11	SYN_SEG_SPK_16	SYN_SESSION_16	SYN_SEG_0568	fricative_duration	initial				ms	requested			raw					SYN_GENERATOR_11042026	SYNTHETIC_TEACHING_FIXTURE
REQ_SYN_SEG_0568_fricative_cog	SYN_CH11	SYN_SEG_SPK_16	SYN_SESSION_16	SYN_SEG_0568	fricative_cog	initial				Hz	requested			raw					SYN_GENERATOR_11042026	SYNTHETIC_TEACHING_FIXTURE
REQ_SYN_SEG_0569_fricative_duration	SYN_CH11	SYN_SEG_SPK_16	SYN_SESSION_16	SYN_SEG_0569	fricative_duration	medial				ms	requested			raw					SYN_GENERATOR_11042026	SYNTHETIC_TEACHING_FIXTURE
REQ_SYN_SEG_0569_fricative_cog	SYN_CH11	SYN_SEG_SPK_16	SYN_SESSION_16	SYN_SEG_0569	fricative_cog	medial				Hz	requested			raw					SYN_GENERATOR_11042026	SYNTHETIC_TEACHING_FIXTURE
REQ_SYN_SEG_0570_fricative_duration	SYN_CH11	SYN_SEG_SPK_16	SYN_SESSION_16	SYN_SEG_0570	fricative_duration	final				ms	requested			raw					SYN_GENERATOR_11042026	SYNTHETIC_TEACHING_FIXTURE
REQ_SYN_SEG_0570_fricative_cog	SYN_CH11	SYN_SEG_SPK_16	SYN_SESSION_16	SYN_SEG_0570	fricative_cog	final				Hz	requested			raw					SYN_GENERATOR_11042026	SYNTHETIC_TEACHING_FIXTURE
REQ_SYN_SEG_0571_fricative_duration	SYN_CH11	SYN_SEG_SPK_16	SYN_SESSION_16	SYN_SEG_0571	fricative_duration	initial				ms	requested			raw					SYN_GENERATOR_11042026	SYNTHETIC_TEACHING_FIXTURE
REQ_SYN_SEG_0571_fricative_cog	SYN_CH11	SYN_SEG_SPK_16	SYN_SESSION_16	SYN_SEG_0571	fricative_cog	initial				Hz	requested			raw					SYN_GENERATOR_11042026	SYNTHETIC_TEACHING_FIXTURE
REQ_SYN_SEG_0572_fricative_duration	SYN_CH11	SYN_SEG_SPK_16	SYN_SESSION_16	SYN_SEG_0572	fricative_duration	medial				ms	requested			raw					SYN_GENERATOR_11042026	SYNTHETIC_TEACHING_FIXTURE
REQ_SYN_SEG_0572_fricative_cog	SYN_CH11	SYN_SEG_SPK_16	SYN_SESSION_16	SYN_SEG_0572	fricative_cog	medial				Hz	requested			raw					SYN_GENERATOR_11042026	SYNTHETIC_TEACHING_FIXTURE
REQ_SYN_SEG_0573_fricative_duration	SYN_CH11	SYN_SEG_SPK_16	SYN_SESSION_16	SYN_SEG_0573	fricative_duration	final				ms	requested			raw					SYN_GENERATOR_11042026	SYNTHETIC_TEACHING_FIXTURE
REQ_SYN_SEG_0573_fricative_cog	SYN_CH11	SYN_SEG_SPK_16	SYN_SESSION_16	SYN_SEG_0573	fricative_cog	final				Hz	requested			raw					SYN_GENERATOR_11042026	SYNTHETIC_TEACHING_FIXTURE
REQ_SYN_SEG_0574_fricative_duration	SYN_CH11	SYN_SEG_SPK_16	SYN_SESSION_16	SYN_SEG_0574	fricative_duration	initial				ms	requested			raw					SYN_GENERATOR_11042026	SYNTHETIC_TEACHING_FIXTURE
REQ_SYN_SEG_0574_fricative_cog	SYN_CH11	SYN_SEG_SPK_16	SYN_SESSION_16	SYN_SEG_0574	fricative_cog	initial				Hz	requested			raw					SYN_GENERATOR_11042026	SYNTHETIC_TEACHING_FIXTURE
REQ_SYN_SEG_0575_fricative_duration	SYN_CH11	SYN_SEG_SPK_16	SYN_SESSION_16	SYN_SEG_0575	fricative_duration	medial				ms	requested			raw					SYN_GENERATOR_11042026	SYNTHETIC_TEACHING_FIXTURE
REQ_SYN_SEG_0575_fricative_cog	SYN_CH11	SYN_SEG_SPK_16	SYN_SESSION_16	SYN_SEG_0575	fricative_cog	medial				Hz	requested			raw					SYN_GENERATOR_11042026	SYNTHETIC_TEACHING_FIXTURE
REQ_SYN_SEG_0576_fricative_duration	SYN_CH11	SYN_SEG_SPK_16	SYN_SESSION_16	SYN_SEG_0576	fricative_duration	final				ms	requested			raw					SYN_GENERATOR_11042026	SYNTHETIC_TEACHING_FIXTURE
REQ_SYN_SEG_0576_fricative_cog	SYN_CH11	SYN_SEG_SPK_16	SYN_SESSION_16	SYN_SEG_0576	fricative_cog	final				Hz	requested			raw					SYN_GENERATOR_11042026	SYNTHETIC_TEACHING_FIXTURE
REQ_SYN_SEG_0577_vot	SYN_CH11	SYN_SEG_SPK_17	SYN_SESSION_17	SYN_SEG_0577	vot	initial				ms	requested			raw					SYN_GENERATOR_11042026	SYNTHETIC_TEACHING_FIXTURE
REQ_SYN_SEG_0577_closure_duration	SYN_CH11	SYN_SEG_SPK_17	SYN_SESSION_17	SYN_SEG_0577	closure_duration	initial				ms	requested			raw					SYN_GENERATOR_11042026	SYNTHETIC_TEACHING_FIXTURE
REQ_SYN_SEG_0577_vowel_onset_f0	SYN_CH11	SYN_SEG_SPK_17	SYN_SESSION_17	SYN_SEG_0577	vowel_onset_f0	initial				Hz	requested			raw					SYN_GENERATOR_11042026	SYNTHETIC_TEACHING_FIXTURE
REQ_SYN_SEG_0578_vot	SYN_CH11	SYN_SEG_SPK_17	SYN_SESSION_17	SYN_SEG_0578	vot	medial				ms	requested			raw					SYN_GENERATOR_11042026	SYNTHETIC_TEACHING_FIXTURE
REQ_SYN_SEG_0578_closure_duration	SYN_CH11	SYN_SEG_SPK_17	SYN_SESSION_17	SYN_SEG_0578	closure_duration	medial				ms	requested			raw					SYN_GENERATOR_11042026	SYNTHETIC_TEACHING_FIXTURE
REQ_SYN_SEG_0578_vowel_onset_f0	SYN_CH11	SYN_SEG_SPK_17	SYN_SESSION_17	SYN_SEG_0578	vowel_onset_f0	medial				Hz	requested			raw					SYN_GENERATOR_11042026	SYNTHETIC_TEACHING_FIXTURE
REQ_SYN_SEG_0579_vot	SYN_CH11	SYN_SEG_SPK_17	SYN_SESSION_17	SYN_SEG_0579	vot	final				ms	requested			raw					SYN_GENERATOR_11042026	SYNTHETIC_TEACHING_FIXTURE
REQ_SYN_SEG_0579_closure_duration	SYN_CH11	SYN_SEG_SPK_17	SYN_SESSION_17	SYN_SEG_0579	closure_duration	final				ms	requested			raw					SYN_GENERATOR_11042026	SYNTHETIC_TEACHING_FIXTURE
REQ_SYN_SEG_0579_vowel_onset_f0	SYN_CH11	SYN_SEG_SPK_17	SYN_SESSION_17	SYN_SEG_0579	vowel_onset_f0	final				Hz	requested			raw					SYN_GENERATOR_11042026	SYNTHETIC_TEACHING_FIXTURE
REQ_SYN_SEG_0580_vot	SYN_CH11	SYN_SEG_SPK_17	SYN_SESSION_17	SYN_SEG_0580	vot	initial				ms	requested			raw					SYN_GENERATOR_11042026	SYNTHETIC_TEACHING_FIXTURE
REQ_SYN_SEG_0580_closure_duration	SYN_CH11	SYN_SEG_SPK_17	SYN_SESSION_17	SYN_SEG_0580	closure_duration	initial				ms	requested			raw					SYN_GENERATOR_11042026	SYNTHETIC_TEACHING_FIXTURE
REQ_SYN_SEG_0580_vowel_onset_f0	SYN_CH11	SYN_SEG_SPK_17	SYN_SESSION_17	SYN_SEG_0580	vowel_onset_f0	initial				Hz	requested			raw					SYN_GENERATOR_11042026	SYNTHETIC_TEACHING_FIXTURE
REQ_SYN_SEG_0581_vot	SYN_CH11	SYN_SEG_SPK_17	SYN_SESSION_17	SYN_SEG_0581	vot	medial				ms	requested			raw					SYN_GENERATOR_11042026	SYNTHETIC_TEACHING_FIXTURE
REQ_SYN_SEG_0581_closure_duration	SYN_CH11	SYN_SEG_SPK_17	SYN_SESSION_17	SYN_SEG_0581	closure_duration	medial				ms	requested			raw					SYN_GENERATOR_11042026	SYNTHETIC_TEACHING_FIXTURE
REQ_SYN_SEG_0581_vowel_onset_f0	SYN_CH11	SYN_SEG_SPK_17	SYN_SESSION_17	SYN_SEG_0581	vowel_onset_f0	medial				Hz	requested			raw					SYN_GENERATOR_11042026	SYNTHETIC_TEACHING_FIXTURE
REQ_SYN_SEG_0582_vot	SYN_CH11	SYN_SEG_SPK_17	SYN_SESSION_17	SYN_SEG_0582	vot	final				ms	requested			raw					SYN_GENERATOR_11042026	SYNTHETIC_TEACHING_FIXTURE
REQ_SYN_SEG_0582_closure_duration	SYN_CH11	SYN_SEG_SPK_17	SYN_SESSION_17	SYN_SEG_0582	closure_duration	final				ms	requested			raw					SYN_GENERATOR_11042026	SYNTHETIC_TEACHING_FIXTURE
REQ_SYN_SEG_0582_vowel_onset_f0	SYN_CH11	SYN_SEG_SPK_17	SYN_SESSION_17	SYN_SEG_0582	vowel_onset_f0	final				Hz	requested			raw					SYN_GENERATOR_11042026	SYNTHETIC_TEACHING_FIXTURE
REQ_SYN_SEG_0583_vot	SYN_CH11	SYN_SEG_SPK_17	SYN_SESSION_17	SYN_SEG_0583	vot	initial				ms	requested			raw					SYN_GENERATOR_11042026	SYNTHETIC_TEACHING_FIXTURE
REQ_SYN_SEG_0583_closure_duration	SYN_CH11	SYN_SEG_SPK_17	SYN_SESSION_17	SYN_SEG_0583	closure_duration	initial				ms	requested			raw					SYN_GENERATOR_11042026	SYNTHETIC_TEACHING_FIXTURE
REQ_SYN_SEG_0583_vowel_onset_f0	SYN_CH11	SYN_SEG_SPK_17	SYN_SESSION_17	SYN_SEG_0583	vowel_onset_f0	initial				Hz	requested			raw					SYN_GENERATOR_11042026	SYNTHETIC_TEACHING_FIXTURE
REQ_SYN_SEG_0584_vot	SYN_CH11	SYN_SEG_SPK_17	SYN_SESSION_17	SYN_SEG_0584	vot	medial				ms	requested			raw					SYN_GENERATOR_11042026	SYNTHETIC_TEACHING_FIXTURE
REQ_SYN_SEG_0584_closure_duration	SYN_CH11	SYN_SEG_SPK_17	SYN_SESSION_17	SYN_SEG_0584	closure_duration	medial				ms	requested			raw					SYN_GENERATOR_11042026	SYNTHETIC_TEACHING_FIXTURE
REQ_SYN_SEG_0584_vowel_onset_f0	SYN_CH11	SYN_SEG_SPK_17	SYN_SESSION_17	SYN_SEG_0584	vowel_onset_f0	medial				Hz	requested			raw					SYN_GENERATOR_11042026	SYNTHETIC_TEACHING_FIXTURE
REQ_SYN_SEG_0585_vot	SYN_CH11	SYN_SEG_SPK_17	SYN_SESSION_17	SYN_SEG_0585	vot	final				ms	requested			raw					SYN_GENERATOR_11042026	SYNTHETIC_TEACHING_FIXTURE
REQ_SYN_SEG_0585_closure_duration	SYN_CH11	SYN_SEG_SPK_17	SYN_SESSION_17	SYN_SEG_0585	closure_duration	final				ms	requested			raw					SYN_GENERATOR_11042026	SYNTHETIC_TEACHING_FIXTURE
REQ_SYN_SEG_0585_vowel_onset_f0	SYN_CH11	SYN_SEG_SPK_17	SYN_SESSION_17	SYN_SEG_0585	vowel_onset_f0	final				Hz	requested			raw					SYN_GENERATOR_11042026	SYNTHETIC_TEACHING_FIXTURE
REQ_SYN_SEG_0586_vot	SYN_CH11	SYN_SEG_SPK_17	SYN_SESSION_17	SYN_SEG_0586	vot	initial				ms	requested			raw					SYN_GENERATOR_11042026	SYNTHETIC_TEACHING_FIXTURE
REQ_SYN_SEG_0586_closure_duration	SYN_CH11	SYN_SEG_SPK_17	SYN_SESSION_17	SYN_SEG_0586	closure_duration	initial				ms	requested			raw					SYN_GENERATOR_11042026	SYNTHETIC_TEACHING_FIXTURE
REQ_SYN_SEG_0586_vowel_onset_f0	SYN_CH11	SYN_SEG_SPK_17	SYN_SESSION_17	SYN_SEG_0586	vowel_onset_f0	initial				Hz	requested			raw					SYN_GENERATOR_11042026	SYNTHETIC_TEACHING_FIXTURE
REQ_SYN_SEG_0587_vot	SYN_CH11	SYN_SEG_SPK_17	SYN_SESSION_17	SYN_SEG_0587	vot	medial				ms	requested			raw					SYN_GENERATOR_11042026	SYNTHETIC_TEACHING_FIXTURE
REQ_SYN_SEG_0587_closure_duration	SYN_CH11	SYN_SEG_SPK_17	SYN_SESSION_17	SYN_SEG_0587	closure_duration	medial				ms	requested			raw					SYN_GENERATOR_11042026	SYNTHETIC_TEACHING_FIXTURE
REQ_SYN_SEG_0587_vowel_onset_f0	SYN_CH11	SYN_SEG_SPK_17	SYN_SESSION_17	SYN_SEG_0587	vowel_onset_f0	medial				Hz	requested			raw					SYN_GENERATOR_11042026	SYNTHETIC_TEACHING_FIXTURE
REQ_SYN_SEG_0588_vot	SYN_CH11	SYN_SEG_SPK_17	SYN_SESSION_17	SYN_SEG_0588	vot	final				ms	requested			raw					SYN_GENERATOR_11042026	SYNTHETIC_TEACHING_FIXTURE
REQ_SYN_SEG_0588_closure_duration	SYN_CH11	SYN_SEG_SPK_17	SYN_SESSION_17	SYN_SEG_0588	closure_duration	final				ms	requested			raw					SYN_GENERATOR_11042026	SYNTHETIC_TEACHING_FIXTURE
REQ_SYN_SEG_0588_vowel_onset_f0	SYN_CH11	SYN_SEG_SPK_17	SYN_SESSION_17	SYN_SEG_0588	vowel_onset_f0	final				Hz	requested			raw					SYN_GENERATOR_11042026	SYNTHETIC_TEACHING_FIXTURE
REQ_SYN_SEG_0589_vowel_duration	SYN_CH11	SYN_SEG_SPK_17	SYN_SESSION_17	SYN_SEG_0589	vowel_duration	initial				ms	requested		training	raw					SYN_GENERATOR_11042026	SYNTHETIC_TEACHING_FIXTURE
REQ_SYN_SEG_0589_f1	SYN_CH11	SYN_SEG_SPK_17	SYN_SESSION_17	SYN_SEG_0589	f1	initial				Hz	requested		training	raw					SYN_GENERATOR_11042026	SYNTHETIC_TEACHING_FIXTURE
REQ_SYN_SEG_0589_f2	SYN_CH11	SYN_SEG_SPK_17	SYN_SESSION_17	SYN_SEG_0589	f2	initial				Hz	requested		training	raw					SYN_GENERATOR_11042026	SYNTHETIC_TEACHING_FIXTURE
REQ_SYN_SEG_0589_f3	SYN_CH11	SYN_SEG_SPK_17	SYN_SESSION_17	SYN_SEG_0589	f3	initial				Hz	requested		training	raw					SYN_GENERATOR_11042026	SYNTHETIC_TEACHING_FIXTURE
REQ_SYN_SEG_0590_vowel_duration	SYN_CH11	SYN_SEG_SPK_17	SYN_SESSION_17	SYN_SEG_0590	vowel_duration	medial				ms	requested		training	raw					SYN_GENERATOR_11042026	SYNTHETIC_TEACHING_FIXTURE
REQ_SYN_SEG_0590_f1	SYN_CH11	SYN_SEG_SPK_17	SYN_SESSION_17	SYN_SEG_0590	f1	medial				Hz	requested		training	raw					SYN_GENERATOR_11042026	SYNTHETIC_TEACHING_FIXTURE
REQ_SYN_SEG_0590_f2	SYN_CH11	SYN_SEG_SPK_17	SYN_SESSION_17	SYN_SEG_0590	f2	medial				Hz	requested		training	raw					SYN_GENERATOR_11042026	SYNTHETIC_TEACHING_FIXTURE
REQ_SYN_SEG_0590_f3	SYN_CH11	SYN_SEG_SPK_17	SYN_SESSION_17	SYN_SEG_0590	f3	medial				Hz	requested		training	raw					SYN_GENERATOR_11042026	SYNTHETIC_TEACHING_FIXTURE
REQ_SYN_SEG_0591_vowel_duration	SYN_CH11	SYN_SEG_SPK_17	SYN_SESSION_17	SYN_SEG_0591	vowel_duration	final				ms	requested		training	raw					SYN_GENERATOR_11042026	SYNTHETIC_TEACHING_FIXTURE
REQ_SYN_SEG_0591_f1	SYN_CH11	SYN_SEG_SPK_17	SYN_SESSION_17	SYN_SEG_0591	f1	final				Hz	requested		training	raw					SYN_GENERATOR_11042026	SYNTHETIC_TEACHING_FIXTURE
REQ_SYN_SEG_0591_f2	SYN_CH11	SYN_SEG_SPK_17	SYN_SESSION_17	SYN_SEG_0591	f2	final				Hz	requested		training	raw					SYN_GENERATOR_11042026	SYNTHETIC_TEACHING_FIXTURE
REQ_SYN_SEG_0591_f3	SYN_CH11	SYN_SEG_SPK_17	SYN_SESSION_17	SYN_SEG_0591	f3	final				Hz	requested		training	raw					SYN_GENERATOR_11042026	SYNTHETIC_TEACHING_FIXTURE
REQ_SYN_SEG_0592_vowel_duration	SYN_CH11	SYN_SEG_SPK_17	SYN_SESSION_17	SYN_SEG_0592	vowel_duration	initial				ms	requested		training	raw					SYN_GENERATOR_11042026	SYNTHETIC_TEACHING_FIXTURE
REQ_SYN_SEG_0592_f1	SYN_CH11	SYN_SEG_SPK_17	SYN_SESSION_17	SYN_SEG_0592	f1	initial				Hz	requested		training	raw					SYN_GENERATOR_11042026	SYNTHETIC_TEACHING_FIXTURE
REQ_SYN_SEG_0592_f2	SYN_CH11	SYN_SEG_SPK_17	SYN_SESSION_17	SYN_SEG_0592	f2	initial				Hz	requested		training	raw					SYN_GENERATOR_11042026	SYNTHETIC_TEACHING_FIXTURE
REQ_SYN_SEG_0592_f3	SYN_CH11	SYN_SEG_SPK_17	SYN_SESSION_17	SYN_SEG_0592	f3	initial				Hz	requested		training	raw					SYN_GENERATOR_11042026	SYNTHETIC_TEACHING_FIXTURE
REQ_SYN_SEG_0593_vowel_duration	SYN_CH11	SYN_SEG_SPK_17	SYN_SESSION_17	SYN_SEG_0593	vowel_duration	medial				ms	requested		training	raw					SYN_GENERATOR_11042026	SYNTHETIC_TEACHING_FIXTURE
REQ_SYN_SEG_0593_f1	SYN_CH11	SYN_SEG_SPK_17	SYN_SESSION_17	SYN_SEG_0593	f1	medial				Hz	requested		training	raw					SYN_GENERATOR_11042026	SYNTHETIC_TEACHING_FIXTURE
REQ_SYN_SEG_0593_f2	SYN_CH11	SYN_SEG_SPK_17	SYN_SESSION_17	SYN_SEG_0593	f2	medial				Hz	requested		training	raw					SYN_GENERATOR_11042026	SYNTHETIC_TEACHING_FIXTURE
REQ_SYN_SEG_0593_f3	SYN_CH11	SYN_SEG_SPK_17	SYN_SESSION_17	SYN_SEG_0593	f3	medial				Hz	requested		training	raw					SYN_GENERATOR_11042026	SYNTHETIC_TEACHING_FIXTURE
REQ_SYN_SEG_0594_vowel_duration	SYN_CH11	SYN_SEG_SPK_17	SYN_SESSION_17	SYN_SEG_0594	vowel_duration	final				ms	requested		training	raw					SYN_GENERATOR_11042026	SYNTHETIC_TEACHING_FIXTURE
REQ_SYN_SEG_0594_f1	SYN_CH11	SYN_SEG_SPK_17	SYN_SESSION_17	SYN_SEG_0594	f1	final				Hz	requested		training	raw					SYN_GENERATOR_11042026	SYNTHETIC_TEACHING_FIXTURE
REQ_SYN_SEG_0594_f2	SYN_CH11	SYN_SEG_SPK_17	SYN_SESSION_17	SYN_SEG_0594	f2	final				Hz	requested		training	raw					SYN_GENERATOR_11042026	SYNTHETIC_TEACHING_FIXTURE
REQ_SYN_SEG_0594_f3	SYN_CH11	SYN_SEG_SPK_17	SYN_SESSION_17	SYN_SEG_0594	f3	final				Hz	requested		training	raw					SYN_GENERATOR_11042026	SYNTHETIC_TEACHING_FIXTURE
REQ_SYN_SEG_0595_vowel_duration	SYN_CH11	SYN_SEG_SPK_17	SYN_SESSION_17	SYN_SEG_0595	vowel_duration	initial				ms	requested		training	raw					SYN_GENERATOR_11042026	SYNTHETIC_TEACHING_FIXTURE
REQ_SYN_SEG_0595_f1	SYN_CH11	SYN_SEG_SPK_17	SYN_SESSION_17	SYN_SEG_0595	f1	initial				Hz	requested		training	raw					SYN_GENERATOR_11042026	SYNTHETIC_TEACHING_FIXTURE
REQ_SYN_SEG_0595_f2	SYN_CH11	SYN_SEG_SPK_17	SYN_SESSION_17	SYN_SEG_0595	f2	initial				Hz	requested		training	raw					SYN_GENERATOR_11042026	SYNTHETIC_TEACHING_FIXTURE
REQ_SYN_SEG_0595_f3	SYN_CH11	SYN_SEG_SPK_17	SYN_SESSION_17	SYN_SEG_0595	f3	initial				Hz	requested		training	raw					SYN_GENERATOR_11042026	SYNTHETIC_TEACHING_FIXTURE
REQ_SYN_SEG_0596_vowel_duration	SYN_CH11	SYN_SEG_SPK_17	SYN_SESSION_17	SYN_SEG_0596	vowel_duration	medial				ms	requested		training	raw					SYN_GENERATOR_11042026	SYNTHETIC_TEACHING_FIXTURE
REQ_SYN_SEG_0596_f1	SYN_CH11	SYN_SEG_SPK_17	SYN_SESSION_17	SYN_SEG_0596	f1	medial				Hz	requested		training	raw					SYN_GENERATOR_11042026	SYNTHETIC_TEACHING_FIXTURE
REQ_SYN_SEG_0596_f2	SYN_CH11	SYN_SEG_SPK_17	SYN_SESSION_17	SYN_SEG_0596	f2	medial				Hz	requested		training	raw					SYN_GENERATOR_11042026	SYNTHETIC_TEACHING_FIXTURE
REQ_SYN_SEG_0596_f3	SYN_CH11	SYN_SEG_SPK_17	SYN_SESSION_17	SYN_SEG_0596	f3	medial				Hz	requested		training	raw					SYN_GENERATOR_11042026	SYNTHETIC_TEACHING_FIXTURE
REQ_SYN_SEG_0597_vowel_duration	SYN_CH11	SYN_SEG_SPK_17	SYN_SESSION_17	SYN_SEG_0597	vowel_duration	final				ms	requested		training	raw					SYN_GENERATOR_11042026	SYNTHETIC_TEACHING_FIXTURE
REQ_SYN_SEG_0597_f1	SYN_CH11	SYN_SEG_SPK_17	SYN_SESSION_17	SYN_SEG_0597	f1	final				Hz	requested		training	raw					SYN_GENERATOR_11042026	SYNTHETIC_TEACHING_FIXTURE
REQ_SYN_SEG_0597_f2	SYN_CH11	SYN_SEG_SPK_17	SYN_SESSION_17	SYN_SEG_0597	f2	final				Hz	requested		training	raw					SYN_GENERATOR_11042026	SYNTHETIC_TEACHING_FIXTURE
REQ_SYN_SEG_0597_f3	SYN_CH11	SYN_SEG_SPK_17	SYN_SESSION_17	SYN_SEG_0597	f3	final				Hz	requested		training	raw					SYN_GENERATOR_11042026	SYNTHETIC_TEACHING_FIXTURE
REQ_SYN_SEG_0598_vowel_duration	SYN_CH11	SYN_SEG_SPK_17	SYN_SESSION_17	SYN_SEG_0598	vowel_duration	initial				ms	requested		training	raw					SYN_GENERATOR_11042026	SYNTHETIC_TEACHING_FIXTURE
REQ_SYN_SEG_0598_f1	SYN_CH11	SYN_SEG_SPK_17	SYN_SESSION_17	SYN_SEG_0598	f1	initial				Hz	requested		training	raw					SYN_GENERATOR_11042026	SYNTHETIC_TEACHING_FIXTURE
REQ_SYN_SEG_0598_f2	SYN_CH11	SYN_SEG_SPK_17	SYN_SESSION_17	SYN_SEG_0598	f2	initial				Hz	requested		training	raw					SYN_GENERATOR_11042026	SYNTHETIC_TEACHING_FIXTURE
REQ_SYN_SEG_0598_f3	SYN_CH11	SYN_SEG_SPK_17	SYN_SESSION_17	SYN_SEG_0598	f3	initial				Hz	requested		training	raw					SYN_GENERATOR_11042026	SYNTHETIC_TEACHING_FIXTURE
REQ_SYN_SEG_0599_vowel_duration	SYN_CH11	SYN_SEG_SPK_17	SYN_SESSION_17	SYN_SEG_0599	vowel_duration	medial				ms	requested		training	raw					SYN_GENERATOR_11042026	SYNTHETIC_TEACHING_FIXTURE
REQ_SYN_SEG_0599_f1	SYN_CH11	SYN_SEG_SPK_17	SYN_SESSION_17	SYN_SEG_0599	f1	medial				Hz	requested		training	raw					SYN_GENERATOR_11042026	SYNTHETIC_TEACHING_FIXTURE
REQ_SYN_SEG_0599_f2	SYN_CH11	SYN_SEG_SPK_17	SYN_SESSION_17	SYN_SEG_0599	f2	medial				Hz	requested		training	raw					SYN_GENERATOR_11042026	SYNTHETIC_TEACHING_FIXTURE
REQ_SYN_SEG_0599_f3	SYN_CH11	SYN_SEG_SPK_17	SYN_SESSION_17	SYN_SEG_0599	f3	medial				Hz	requested		training	raw					SYN_GENERATOR_11042026	SYNTHETIC_TEACHING_FIXTURE
REQ_SYN_SEG_0600_vowel_duration	SYN_CH11	SYN_SEG_SPK_17	SYN_SESSION_17	SYN_SEG_0600	vowel_duration	final				ms	requested		training	raw					SYN_GENERATOR_11042026	SYNTHETIC_TEACHING_FIXTURE
REQ_SYN_SEG_0600_f1	SYN_CH11	SYN_SEG_SPK_17	SYN_SESSION_17	SYN_SEG_0600	f1	final				Hz	requested		training	raw					SYN_GENERATOR_11042026	SYNTHETIC_TEACHING_FIXTURE
REQ_SYN_SEG_0600_f2	SYN_CH11	SYN_SEG_SPK_17	SYN_SESSION_17	SYN_SEG_0600	f2	final				Hz	requested		training	raw					SYN_GENERATOR_11042026	SYNTHETIC_TEACHING_FIXTURE
REQ_SYN_SEG_0600_f3	SYN_CH11	SYN_SEG_SPK_17	SYN_SESSION_17	SYN_SEG_0600	f3	final				Hz	requested		training	raw					SYN_GENERATOR_11042026	SYNTHETIC_TEACHING_FIXTURE
REQ_SYN_SEG_0601_fricative_duration	SYN_CH11	SYN_SEG_SPK_17	SYN_SESSION_17	SYN_SEG_0601	fricative_duration	initial				ms	requested			raw					SYN_GENERATOR_11042026	SYNTHETIC_TEACHING_FIXTURE
REQ_SYN_SEG_0601_fricative_cog	SYN_CH11	SYN_SEG_SPK_17	SYN_SESSION_17	SYN_SEG_0601	fricative_cog	initial				Hz	requested			raw					SYN_GENERATOR_11042026	SYNTHETIC_TEACHING_FIXTURE
REQ_SYN_SEG_0602_fricative_duration	SYN_CH11	SYN_SEG_SPK_17	SYN_SESSION_17	SYN_SEG_0602	fricative_duration	medial				ms	requested			raw					SYN_GENERATOR_11042026	SYNTHETIC_TEACHING_FIXTURE
REQ_SYN_SEG_0602_fricative_cog	SYN_CH11	SYN_SEG_SPK_17	SYN_SESSION_17	SYN_SEG_0602	fricative_cog	medial				Hz	requested			raw					SYN_GENERATOR_11042026	SYNTHETIC_TEACHING_FIXTURE
REQ_SYN_SEG_0603_fricative_duration	SYN_CH11	SYN_SEG_SPK_17	SYN_SESSION_17	SYN_SEG_0603	fricative_duration	final				ms	requested			raw					SYN_GENERATOR_11042026	SYNTHETIC_TEACHING_FIXTURE
REQ_SYN_SEG_0603_fricative_cog	SYN_CH11	SYN_SEG_SPK_17	SYN_SESSION_17	SYN_SEG_0603	fricative_cog	final				Hz	requested			raw					SYN_GENERATOR_11042026	SYNTHETIC_TEACHING_FIXTURE
REQ_SYN_SEG_0604_fricative_duration	SYN_CH11	SYN_SEG_SPK_17	SYN_SESSION_17	SYN_SEG_0604	fricative_duration	initial				ms	requested			raw					SYN_GENERATOR_11042026	SYNTHETIC_TEACHING_FIXTURE
REQ_SYN_SEG_0604_fricative_cog	SYN_CH11	SYN_SEG_SPK_17	SYN_SESSION_17	SYN_SEG_0604	fricative_cog	initial				Hz	requested			raw					SYN_GENERATOR_11042026	SYNTHETIC_TEACHING_FIXTURE
REQ_SYN_SEG_0605_fricative_duration	SYN_CH11	SYN_SEG_SPK_17	SYN_SESSION_17	SYN_SEG_0605	fricative_duration	medial				ms	requested			raw					SYN_GENERATOR_11042026	SYNTHETIC_TEACHING_FIXTURE
REQ_SYN_SEG_0605_fricative_cog	SYN_CH11	SYN_SEG_SPK_17	SYN_SESSION_17	SYN_SEG_0605	fricative_cog	medial				Hz	requested			raw					SYN_GENERATOR_11042026	SYNTHETIC_TEACHING_FIXTURE
REQ_SYN_SEG_0606_fricative_duration	SYN_CH11	SYN_SEG_SPK_17	SYN_SESSION_17	SYN_SEG_0606	fricative_duration	final				ms	requested			raw					SYN_GENERATOR_11042026	SYNTHETIC_TEACHING_FIXTURE
REQ_SYN_SEG_0606_fricative_cog	SYN_CH11	SYN_SEG_SPK_17	SYN_SESSION_17	SYN_SEG_0606	fricative_cog	final				Hz	requested			raw					SYN_GENERATOR_11042026	SYNTHETIC_TEACHING_FIXTURE
REQ_SYN_SEG_0607_fricative_duration	SYN_CH11	SYN_SEG_SPK_17	SYN_SESSION_17	SYN_SEG_0607	fricative_duration	initial				ms	requested			raw					SYN_GENERATOR_11042026	SYNTHETIC_TEACHING_FIXTURE
REQ_SYN_SEG_0607_fricative_cog	SYN_CH11	SYN_SEG_SPK_17	SYN_SESSION_17	SYN_SEG_0607	fricative_cog	initial				Hz	requested			raw					SYN_GENERATOR_11042026	SYNTHETIC_TEACHING_FIXTURE
REQ_SYN_SEG_0608_fricative_duration	SYN_CH11	SYN_SEG_SPK_17	SYN_SESSION_17	SYN_SEG_0608	fricative_duration	medial				ms	requested			raw					SYN_GENERATOR_11042026	SYNTHETIC_TEACHING_FIXTURE
REQ_SYN_SEG_0608_fricative_cog	SYN_CH11	SYN_SEG_SPK_17	SYN_SESSION_17	SYN_SEG_0608	fricative_cog	medial				Hz	requested			raw					SYN_GENERATOR_11042026	SYNTHETIC_TEACHING_FIXTURE
REQ_SYN_SEG_0609_fricative_duration	SYN_CH11	SYN_SEG_SPK_17	SYN_SESSION_17	SYN_SEG_0609	fricative_duration	final				ms	requested			raw					SYN_GENERATOR_11042026	SYNTHETIC_TEACHING_FIXTURE
REQ_SYN_SEG_0609_fricative_cog	SYN_CH11	SYN_SEG_SPK_17	SYN_SESSION_17	SYN_SEG_0609	fricative_cog	final				Hz	requested			raw					SYN_GENERATOR_11042026	SYNTHETIC_TEACHING_FIXTURE
REQ_SYN_SEG_0610_fricative_duration	SYN_CH11	SYN_SEG_SPK_17	SYN_SESSION_17	SYN_SEG_0610	fricative_duration	initial				ms	requested			raw					SYN_GENERATOR_11042026	SYNTHETIC_TEACHING_FIXTURE
REQ_SYN_SEG_0610_fricative_cog	SYN_CH11	SYN_SEG_SPK_17	SYN_SESSION_17	SYN_SEG_0610	fricative_cog	initial				Hz	requested			raw					SYN_GENERATOR_11042026	SYNTHETIC_TEACHING_FIXTURE
REQ_SYN_SEG_0611_fricative_duration	SYN_CH11	SYN_SEG_SPK_17	SYN_SESSION_17	SYN_SEG_0611	fricative_duration	medial				ms	requested			raw					SYN_GENERATOR_11042026	SYNTHETIC_TEACHING_FIXTURE
REQ_SYN_SEG_0611_fricative_cog	SYN_CH11	SYN_SEG_SPK_17	SYN_SESSION_17	SYN_SEG_0611	fricative_cog	medial				Hz	requested			raw					SYN_GENERATOR_11042026	SYNTHETIC_TEACHING_FIXTURE
REQ_SYN_SEG_0612_fricative_duration	SYN_CH11	SYN_SEG_SPK_17	SYN_SESSION_17	SYN_SEG_0612	fricative_duration	final				ms	requested			raw					SYN_GENERATOR_11042026	SYNTHETIC_TEACHING_FIXTURE
REQ_SYN_SEG_0612_fricative_cog	SYN_CH11	SYN_SEG_SPK_17	SYN_SESSION_17	SYN_SEG_0612	fricative_cog	final				Hz	requested			raw					SYN_GENERATOR_11042026	SYNTHETIC_TEACHING_FIXTURE
REQ_SYN_SEG_0613_vot	SYN_CH11	SYN_SEG_SPK_18	SYN_SESSION_18	SYN_SEG_0613	vot	initial				ms	requested			raw					SYN_GENERATOR_11042026	SYNTHETIC_TEACHING_FIXTURE
REQ_SYN_SEG_0613_closure_duration	SYN_CH11	SYN_SEG_SPK_18	SYN_SESSION_18	SYN_SEG_0613	closure_duration	initial				ms	requested			raw					SYN_GENERATOR_11042026	SYNTHETIC_TEACHING_FIXTURE
REQ_SYN_SEG_0613_vowel_onset_f0	SYN_CH11	SYN_SEG_SPK_18	SYN_SESSION_18	SYN_SEG_0613	vowel_onset_f0	initial				Hz	requested			raw					SYN_GENERATOR_11042026	SYNTHETIC_TEACHING_FIXTURE
REQ_SYN_SEG_0614_vot	SYN_CH11	SYN_SEG_SPK_18	SYN_SESSION_18	SYN_SEG_0614	vot	medial				ms	requested			raw					SYN_GENERATOR_11042026	SYNTHETIC_TEACHING_FIXTURE
REQ_SYN_SEG_0614_closure_duration	SYN_CH11	SYN_SEG_SPK_18	SYN_SESSION_18	SYN_SEG_0614	closure_duration	medial				ms	requested			raw					SYN_GENERATOR_11042026	SYNTHETIC_TEACHING_FIXTURE
REQ_SYN_SEG_0614_vowel_onset_f0	SYN_CH11	SYN_SEG_SPK_18	SYN_SESSION_18	SYN_SEG_0614	vowel_onset_f0	medial				Hz	requested			raw					SYN_GENERATOR_11042026	SYNTHETIC_TEACHING_FIXTURE
REQ_SYN_SEG_0615_vot	SYN_CH11	SYN_SEG_SPK_18	SYN_SESSION_18	SYN_SEG_0615	vot	final				ms	requested			raw					SYN_GENERATOR_11042026	SYNTHETIC_TEACHING_FIXTURE
REQ_SYN_SEG_0615_closure_duration	SYN_CH11	SYN_SEG_SPK_18	SYN_SESSION_18	SYN_SEG_0615	closure_duration	final				ms	requested			raw					SYN_GENERATOR_11042026	SYNTHETIC_TEACHING_FIXTURE
REQ_SYN_SEG_0615_vowel_onset_f0	SYN_CH11	SYN_SEG_SPK_18	SYN_SESSION_18	SYN_SEG_0615	vowel_onset_f0	final				Hz	requested			raw					SYN_GENERATOR_11042026	SYNTHETIC_TEACHING_FIXTURE
REQ_SYN_SEG_0616_vot	SYN_CH11	SYN_SEG_SPK_18	SYN_SESSION_18	SYN_SEG_0616	vot	initial				ms	requested			raw					SYN_GENERATOR_11042026	SYNTHETIC_TEACHING_FIXTURE
REQ_SYN_SEG_0616_closure_duration	SYN_CH11	SYN_SEG_SPK_18	SYN_SESSION_18	SYN_SEG_0616	closure_duration	initial				ms	requested			raw					SYN_GENERATOR_11042026	SYNTHETIC_TEACHING_FIXTURE
REQ_SYN_SEG_0616_vowel_onset_f0	SYN_CH11	SYN_SEG_SPK_18	SYN_SESSION_18	SYN_SEG_0616	vowel_onset_f0	initial				Hz	requested			raw					SYN_GENERATOR_11042026	SYNTHETIC_TEACHING_FIXTURE
REQ_SYN_SEG_0617_vot	SYN_CH11	SYN_SEG_SPK_18	SYN_SESSION_18	SYN_SEG_0617	vot	medial				ms	requested			raw					SYN_GENERATOR_11042026	SYNTHETIC_TEACHING_FIXTURE
REQ_SYN_SEG_0617_closure_duration	SYN_CH11	SYN_SEG_SPK_18	SYN_SESSION_18	SYN_SEG_0617	closure_duration	medial				ms	requested			raw					SYN_GENERATOR_11042026	SYNTHETIC_TEACHING_FIXTURE
REQ_SYN_SEG_0617_vowel_onset_f0	SYN_CH11	SYN_SEG_SPK_18	SYN_SESSION_18	SYN_SEG_0617	vowel_onset_f0	medial				Hz	requested			raw					SYN_GENERATOR_11042026	SYNTHETIC_TEACHING_FIXTURE
REQ_SYN_SEG_0618_vot	SYN_CH11	SYN_SEG_SPK_18	SYN_SESSION_18	SYN_SEG_0618	vot	final				ms	requested			raw					SYN_GENERATOR_11042026	SYNTHETIC_TEACHING_FIXTURE
REQ_SYN_SEG_0618_closure_duration	SYN_CH11	SYN_SEG_SPK_18	SYN_SESSION_18	SYN_SEG_0618	closure_duration	final				ms	requested			raw					SYN_GENERATOR_11042026	SYNTHETIC_TEACHING_FIXTURE
REQ_SYN_SEG_0618_vowel_onset_f0	SYN_CH11	SYN_SEG_SPK_18	SYN_SESSION_18	SYN_SEG_0618	vowel_onset_f0	final				Hz	requested			raw					SYN_GENERATOR_11042026	SYNTHETIC_TEACHING_FIXTURE
REQ_SYN_SEG_0619_vot	SYN_CH11	SYN_SEG_SPK_18	SYN_SESSION_18	SYN_SEG_0619	vot	initial				ms	requested			raw					SYN_GENERATOR_11042026	SYNTHETIC_TEACHING_FIXTURE
REQ_SYN_SEG_0619_closure_duration	SYN_CH11	SYN_SEG_SPK_18	SYN_SESSION_18	SYN_SEG_0619	closure_duration	initial				ms	requested			raw					SYN_GENERATOR_11042026	SYNTHETIC_TEACHING_FIXTURE
REQ_SYN_SEG_0619_vowel_onset_f0	SYN_CH11	SYN_SEG_SPK_18	SYN_SESSION_18	SYN_SEG_0619	vowel_onset_f0	initial				Hz	requested			raw					SYN_GENERATOR_11042026	SYNTHETIC_TEACHING_FIXTURE
REQ_SYN_SEG_0620_vot	SYN_CH11	SYN_SEG_SPK_18	SYN_SESSION_18	SYN_SEG_0620	vot	medial				ms	requested			raw					SYN_GENERATOR_11042026	SYNTHETIC_TEACHING_FIXTURE
REQ_SYN_SEG_0620_closure_duration	SYN_CH11	SYN_SEG_SPK_18	SYN_SESSION_18	SYN_SEG_0620	closure_duration	medial				ms	requested			raw					SYN_GENERATOR_11042026	SYNTHETIC_TEACHING_FIXTURE
REQ_SYN_SEG_0620_vowel_onset_f0	SYN_CH11	SYN_SEG_SPK_18	SYN_SESSION_18	SYN_SEG_0620	vowel_onset_f0	medial				Hz	requested			raw					SYN_GENERATOR_11042026	SYNTHETIC_TEACHING_FIXTURE
REQ_SYN_SEG_0621_vot	SYN_CH11	SYN_SEG_SPK_18	SYN_SESSION_18	SYN_SEG_0621	vot	final				ms	requested			raw					SYN_GENERATOR_11042026	SYNTHETIC_TEACHING_FIXTURE
REQ_SYN_SEG_0621_closure_duration	SYN_CH11	SYN_SEG_SPK_18	SYN_SESSION_18	SYN_SEG_0621	closure_duration	final				ms	requested			raw					SYN_GENERATOR_11042026	SYNTHETIC_TEACHING_FIXTURE
REQ_SYN_SEG_0621_vowel_onset_f0	SYN_CH11	SYN_SEG_SPK_18	SYN_SESSION_18	SYN_SEG_0621	vowel_onset_f0	final				Hz	requested			raw					SYN_GENERATOR_11042026	SYNTHETIC_TEACHING_FIXTURE
REQ_SYN_SEG_0622_vot	SYN_CH11	SYN_SEG_SPK_18	SYN_SESSION_18	SYN_SEG_0622	vot	initial				ms	requested			raw					SYN_GENERATOR_11042026	SYNTHETIC_TEACHING_FIXTURE
REQ_SYN_SEG_0622_closure_duration	SYN_CH11	SYN_SEG_SPK_18	SYN_SESSION_18	SYN_SEG_0622	closure_duration	initial				ms	requested			raw					SYN_GENERATOR_11042026	SYNTHETIC_TEACHING_FIXTURE
REQ_SYN_SEG_0622_vowel_onset_f0	SYN_CH11	SYN_SEG_SPK_18	SYN_SESSION_18	SYN_SEG_0622	vowel_onset_f0	initial				Hz	requested			raw					SYN_GENERATOR_11042026	SYNTHETIC_TEACHING_FIXTURE
REQ_SYN_SEG_0623_vot	SYN_CH11	SYN_SEG_SPK_18	SYN_SESSION_18	SYN_SEG_0623	vot	medial				ms	requested			raw					SYN_GENERATOR_11042026	SYNTHETIC_TEACHING_FIXTURE
REQ_SYN_SEG_0623_closure_duration	SYN_CH11	SYN_SEG_SPK_18	SYN_SESSION_18	SYN_SEG_0623	closure_duration	medial				ms	requested			raw					SYN_GENERATOR_11042026	SYNTHETIC_TEACHING_FIXTURE
REQ_SYN_SEG_0623_vowel_onset_f0	SYN_CH11	SYN_SEG_SPK_18	SYN_SESSION_18	SYN_SEG_0623	vowel_onset_f0	medial				Hz	requested			raw					SYN_GENERATOR_11042026	SYNTHETIC_TEACHING_FIXTURE
REQ_SYN_SEG_0624_vot	SYN_CH11	SYN_SEG_SPK_18	SYN_SESSION_18	SYN_SEG_0624	vot	final				ms	requested			raw					SYN_GENERATOR_11042026	SYNTHETIC_TEACHING_FIXTURE
REQ_SYN_SEG_0624_closure_duration	SYN_CH11	SYN_SEG_SPK_18	SYN_SESSION_18	SYN_SEG_0624	closure_duration	final				ms	requested			raw					SYN_GENERATOR_11042026	SYNTHETIC_TEACHING_FIXTURE
REQ_SYN_SEG_0624_vowel_onset_f0	SYN_CH11	SYN_SEG_SPK_18	SYN_SESSION_18	SYN_SEG_0624	vowel_onset_f0	final				Hz	requested			raw					SYN_GENERATOR_11042026	SYNTHETIC_TEACHING_FIXTURE
REQ_SYN_SEG_0625_vowel_duration	SYN_CH11	SYN_SEG_SPK_18	SYN_SESSION_18	SYN_SEG_0625	vowel_duration	initial				ms	requested		training	raw					SYN_GENERATOR_11042026	SYNTHETIC_TEACHING_FIXTURE
REQ_SYN_SEG_0625_f1	SYN_CH11	SYN_SEG_SPK_18	SYN_SESSION_18	SYN_SEG_0625	f1	initial				Hz	requested		training	raw					SYN_GENERATOR_11042026	SYNTHETIC_TEACHING_FIXTURE
REQ_SYN_SEG_0625_f2	SYN_CH11	SYN_SEG_SPK_18	SYN_SESSION_18	SYN_SEG_0625	f2	initial				Hz	requested		training	raw					SYN_GENERATOR_11042026	SYNTHETIC_TEACHING_FIXTURE
REQ_SYN_SEG_0625_f3	SYN_CH11	SYN_SEG_SPK_18	SYN_SESSION_18	SYN_SEG_0625	f3	initial				Hz	requested		training	raw					SYN_GENERATOR_11042026	SYNTHETIC_TEACHING_FIXTURE
REQ_SYN_SEG_0626_vowel_duration	SYN_CH11	SYN_SEG_SPK_18	SYN_SESSION_18	SYN_SEG_0626	vowel_duration	medial				ms	requested		training	raw					SYN_GENERATOR_11042026	SYNTHETIC_TEACHING_FIXTURE
REQ_SYN_SEG_0626_f1	SYN_CH11	SYN_SEG_SPK_18	SYN_SESSION_18	SYN_SEG_0626	f1	medial				Hz	requested		training	raw					SYN_GENERATOR_11042026	SYNTHETIC_TEACHING_FIXTURE
REQ_SYN_SEG_0626_f2	SYN_CH11	SYN_SEG_SPK_18	SYN_SESSION_18	SYN_SEG_0626	f2	medial				Hz	requested		training	raw					SYN_GENERATOR_11042026	SYNTHETIC_TEACHING_FIXTURE
REQ_SYN_SEG_0626_f3	SYN_CH11	SYN_SEG_SPK_18	SYN_SESSION_18	SYN_SEG_0626	f3	medial				Hz	requested		training	raw					SYN_GENERATOR_11042026	SYNTHETIC_TEACHING_FIXTURE
REQ_SYN_SEG_0627_vowel_duration	SYN_CH11	SYN_SEG_SPK_18	SYN_SESSION_18	SYN_SEG_0627	vowel_duration	final				ms	requested		training	raw					SYN_GENERATOR_11042026	SYNTHETIC_TEACHING_FIXTURE
REQ_SYN_SEG_0627_f1	SYN_CH11	SYN_SEG_SPK_18	SYN_SESSION_18	SYN_SEG_0627	f1	final				Hz	requested		training	raw					SYN_GENERATOR_11042026	SYNTHETIC_TEACHING_FIXTURE
REQ_SYN_SEG_0627_f2	SYN_CH11	SYN_SEG_SPK_18	SYN_SESSION_18	SYN_SEG_0627	f2	final				Hz	requested		training	raw					SYN_GENERATOR_11042026	SYNTHETIC_TEACHING_FIXTURE
REQ_SYN_SEG_0627_f3	SYN_CH11	SYN_SEG_SPK_18	SYN_SESSION_18	SYN_SEG_0627	f3	final				Hz	requested		training	raw					SYN_GENERATOR_11042026	SYNTHETIC_TEACHING_FIXTURE
REQ_SYN_SEG_0628_vowel_duration	SYN_CH11	SYN_SEG_SPK_18	SYN_SESSION_18	SYN_SEG_0628	vowel_duration	initial				ms	requested		training	raw					SYN_GENERATOR_11042026	SYNTHETIC_TEACHING_FIXTURE
REQ_SYN_SEG_0628_f1	SYN_CH11	SYN_SEG_SPK_18	SYN_SESSION_18	SYN_SEG_0628	f1	initial				Hz	requested		training	raw					SYN_GENERATOR_11042026	SYNTHETIC_TEACHING_FIXTURE
REQ_SYN_SEG_0628_f2	SYN_CH11	SYN_SEG_SPK_18	SYN_SESSION_18	SYN_SEG_0628	f2	initial				Hz	requested		training	raw					SYN_GENERATOR_11042026	SYNTHETIC_TEACHING_FIXTURE
REQ_SYN_SEG_0628_f3	SYN_CH11	SYN_SEG_SPK_18	SYN_SESSION_18	SYN_SEG_0628	f3	initial				Hz	requested		training	raw					SYN_GENERATOR_11042026	SYNTHETIC_TEACHING_FIXTURE
REQ_SYN_SEG_0629_vowel_duration	SYN_CH11	SYN_SEG_SPK_18	SYN_SESSION_18	SYN_SEG_0629	vowel_duration	medial				ms	requested		training	raw					SYN_GENERATOR_11042026	SYNTHETIC_TEACHING_FIXTURE
REQ_SYN_SEG_0629_f1	SYN_CH11	SYN_SEG_SPK_18	SYN_SESSION_18	SYN_SEG_0629	f1	medial				Hz	requested		training	raw					SYN_GENERATOR_11042026	SYNTHETIC_TEACHING_FIXTURE
REQ_SYN_SEG_0629_f2	SYN_CH11	SYN_SEG_SPK_18	SYN_SESSION_18	SYN_SEG_0629	f2	medial				Hz	requested		training	raw					SYN_GENERATOR_11042026	SYNTHETIC_TEACHING_FIXTURE
REQ_SYN_SEG_0629_f3	SYN_CH11	SYN_SEG_SPK_18	SYN_SESSION_18	SYN_SEG_0629	f3	medial				Hz	requested		training	raw					SYN_GENERATOR_11042026	SYNTHETIC_TEACHING_FIXTURE
REQ_SYN_SEG_0630_vowel_duration	SYN_CH11	SYN_SEG_SPK_18	SYN_SESSION_18	SYN_SEG_0630	vowel_duration	final				ms	requested		training	raw					SYN_GENERATOR_11042026	SYNTHETIC_TEACHING_FIXTURE
REQ_SYN_SEG_0630_f1	SYN_CH11	SYN_SEG_SPK_18	SYN_SESSION_18	SYN_SEG_0630	f1	final				Hz	requested		training	raw					SYN_GENERATOR_11042026	SYNTHETIC_TEACHING_FIXTURE
REQ_SYN_SEG_0630_f2	SYN_CH11	SYN_SEG_SPK_18	SYN_SESSION_18	SYN_SEG_0630	f2	final				Hz	requested		training	raw					SYN_GENERATOR_11042026	SYNTHETIC_TEACHING_FIXTURE
REQ_SYN_SEG_0630_f3	SYN_CH11	SYN_SEG_SPK_18	SYN_SESSION_18	SYN_SEG_0630	f3	final				Hz	requested		training	raw					SYN_GENERATOR_11042026	SYNTHETIC_TEACHING_FIXTURE
REQ_SYN_SEG_0631_vowel_duration	SYN_CH11	SYN_SEG_SPK_18	SYN_SESSION_18	SYN_SEG_0631	vowel_duration	initial				ms	requested		training	raw					SYN_GENERATOR_11042026	SYNTHETIC_TEACHING_FIXTURE
REQ_SYN_SEG_0631_f1	SYN_CH11	SYN_SEG_SPK_18	SYN_SESSION_18	SYN_SEG_0631	f1	initial				Hz	requested		training	raw					SYN_GENERATOR_11042026	SYNTHETIC_TEACHING_FIXTURE
REQ_SYN_SEG_0631_f2	SYN_CH11	SYN_SEG_SPK_18	SYN_SESSION_18	SYN_SEG_0631	f2	initial				Hz	requested		training	raw					SYN_GENERATOR_11042026	SYNTHETIC_TEACHING_FIXTURE
REQ_SYN_SEG_0631_f3	SYN_CH11	SYN_SEG_SPK_18	SYN_SESSION_18	SYN_SEG_0631	f3	initial				Hz	requested		training	raw					SYN_GENERATOR_11042026	SYNTHETIC_TEACHING_FIXTURE
REQ_SYN_SEG_0632_vowel_duration	SYN_CH11	SYN_SEG_SPK_18	SYN_SESSION_18	SYN_SEG_0632	vowel_duration	medial				ms	requested		training	raw					SYN_GENERATOR_11042026	SYNTHETIC_TEACHING_FIXTURE
REQ_SYN_SEG_0632_f1	SYN_CH11	SYN_SEG_SPK_18	SYN_SESSION_18	SYN_SEG_0632	f1	medial				Hz	requested		training	raw					SYN_GENERATOR_11042026	SYNTHETIC_TEACHING_FIXTURE
REQ_SYN_SEG_0632_f2	SYN_CH11	SYN_SEG_SPK_18	SYN_SESSION_18	SYN_SEG_0632	f2	medial				Hz	requested		training	raw					SYN_GENERATOR_11042026	SYNTHETIC_TEACHING_FIXTURE
REQ_SYN_SEG_0632_f3	SYN_CH11	SYN_SEG_SPK_18	SYN_SESSION_18	SYN_SEG_0632	f3	medial				Hz	requested		training	raw					SYN_GENERATOR_11042026	SYNTHETIC_TEACHING_FIXTURE
REQ_SYN_SEG_0633_vowel_duration	SYN_CH11	SYN_SEG_SPK_18	SYN_SESSION_18	SYN_SEG_0633	vowel_duration	final				ms	requested		training	raw					SYN_GENERATOR_11042026	SYNTHETIC_TEACHING_FIXTURE
REQ_SYN_SEG_0633_f1	SYN_CH11	SYN_SEG_SPK_18	SYN_SESSION_18	SYN_SEG_0633	f1	final				Hz	requested		training	raw					SYN_GENERATOR_11042026	SYNTHETIC_TEACHING_FIXTURE
REQ_SYN_SEG_0633_f2	SYN_CH11	SYN_SEG_SPK_18	SYN_SESSION_18	SYN_SEG_0633	f2	final				Hz	requested		training	raw					SYN_GENERATOR_11042026	SYNTHETIC_TEACHING_FIXTURE
REQ_SYN_SEG_0633_f3	SYN_CH11	SYN_SEG_SPK_18	SYN_SESSION_18	SYN_SEG_0633	f3	final				Hz	requested		training	raw					SYN_GENERATOR_11042026	SYNTHETIC_TEACHING_FIXTURE
REQ_SYN_SEG_0634_vowel_duration	SYN_CH11	SYN_SEG_SPK_18	SYN_SESSION_18	SYN_SEG_0634	vowel_duration	initial				ms	requested		training	raw					SYN_GENERATOR_11042026	SYNTHETIC_TEACHING_FIXTURE
REQ_SYN_SEG_0634_f1	SYN_CH11	SYN_SEG_SPK_18	SYN_SESSION_18	SYN_SEG_0634	f1	initial				Hz	requested		training	raw					SYN_GENERATOR_11042026	SYNTHETIC_TEACHING_FIXTURE
REQ_SYN_SEG_0634_f2	SYN_CH11	SYN_SEG_SPK_18	SYN_SESSION_18	SYN_SEG_0634	f2	initial				Hz	requested		training	raw					SYN_GENERATOR_11042026	SYNTHETIC_TEACHING_FIXTURE
REQ_SYN_SEG_0634_f3	SYN_CH11	SYN_SEG_SPK_18	SYN_SESSION_18	SYN_SEG_0634	f3	initial				Hz	requested		training	raw					SYN_GENERATOR_11042026	SYNTHETIC_TEACHING_FIXTURE
REQ_SYN_SEG_0635_vowel_duration	SYN_CH11	SYN_SEG_SPK_18	SYN_SESSION_18	SYN_SEG_0635	vowel_duration	medial				ms	requested		training	raw					SYN_GENERATOR_11042026	SYNTHETIC_TEACHING_FIXTURE
REQ_SYN_SEG_0635_f1	SYN_CH11	SYN_SEG_SPK_18	SYN_SESSION_18	SYN_SEG_0635	f1	medial				Hz	requested		training	raw					SYN_GENERATOR_11042026	SYNTHETIC_TEACHING_FIXTURE
REQ_SYN_SEG_0635_f2	SYN_CH11	SYN_SEG_SPK_18	SYN_SESSION_18	SYN_SEG_0635	f2	medial				Hz	requested		training	raw					SYN_GENERATOR_11042026	SYNTHETIC_TEACHING_FIXTURE
REQ_SYN_SEG_0635_f3	SYN_CH11	SYN_SEG_SPK_18	SYN_SESSION_18	SYN_SEG_0635	f3	medial				Hz	requested		training	raw					SYN_GENERATOR_11042026	SYNTHETIC_TEACHING_FIXTURE
REQ_SYN_SEG_0636_vowel_duration	SYN_CH11	SYN_SEG_SPK_18	SYN_SESSION_18	SYN_SEG_0636	vowel_duration	final				ms	requested		training	raw					SYN_GENERATOR_11042026	SYNTHETIC_TEACHING_FIXTURE
REQ_SYN_SEG_0636_f1	SYN_CH11	SYN_SEG_SPK_18	SYN_SESSION_18	SYN_SEG_0636	f1	final				Hz	requested		training	raw					SYN_GENERATOR_11042026	SYNTHETIC_TEACHING_FIXTURE
REQ_SYN_SEG_0636_f2	SYN_CH11	SYN_SEG_SPK_18	SYN_SESSION_18	SYN_SEG_0636	f2	final				Hz	requested		training	raw					SYN_GENERATOR_11042026	SYNTHETIC_TEACHING_FIXTURE
REQ_SYN_SEG_0636_f3	SYN_CH11	SYN_SEG_SPK_18	SYN_SESSION_18	SYN_SEG_0636	f3	final				Hz	requested		training	raw					SYN_GENERATOR_11042026	SYNTHETIC_TEACHING_FIXTURE
REQ_SYN_SEG_0637_fricative_duration	SYN_CH11	SYN_SEG_SPK_18	SYN_SESSION_18	SYN_SEG_0637	fricative_duration	initial				ms	requested			raw					SYN_GENERATOR_11042026	SYNTHETIC_TEACHING_FIXTURE
REQ_SYN_SEG_0637_fricative_cog	SYN_CH11	SYN_SEG_SPK_18	SYN_SESSION_18	SYN_SEG_0637	fricative_cog	initial				Hz	requested			raw					SYN_GENERATOR_11042026	SYNTHETIC_TEACHING_FIXTURE
REQ_SYN_SEG_0638_fricative_duration	SYN_CH11	SYN_SEG_SPK_18	SYN_SESSION_18	SYN_SEG_0638	fricative_duration	medial				ms	requested			raw					SYN_GENERATOR_11042026	SYNTHETIC_TEACHING_FIXTURE
REQ_SYN_SEG_0638_fricative_cog	SYN_CH11	SYN_SEG_SPK_18	SYN_SESSION_18	SYN_SEG_0638	fricative_cog	medial				Hz	requested			raw					SYN_GENERATOR_11042026	SYNTHETIC_TEACHING_FIXTURE
REQ_SYN_SEG_0639_fricative_duration	SYN_CH11	SYN_SEG_SPK_18	SYN_SESSION_18	SYN_SEG_0639	fricative_duration	final				ms	requested			raw					SYN_GENERATOR_11042026	SYNTHETIC_TEACHING_FIXTURE
REQ_SYN_SEG_0639_fricative_cog	SYN_CH11	SYN_SEG_SPK_18	SYN_SESSION_18	SYN_SEG_0639	fricative_cog	final				Hz	requested			raw					SYN_GENERATOR_11042026	SYNTHETIC_TEACHING_FIXTURE
REQ_SYN_SEG_0640_fricative_duration	SYN_CH11	SYN_SEG_SPK_18	SYN_SESSION_18	SYN_SEG_0640	fricative_duration	initial				ms	requested			raw					SYN_GENERATOR_11042026	SYNTHETIC_TEACHING_FIXTURE
REQ_SYN_SEG_0640_fricative_cog	SYN_CH11	SYN_SEG_SPK_18	SYN_SESSION_18	SYN_SEG_0640	fricative_cog	initial				Hz	requested			raw					SYN_GENERATOR_11042026	SYNTHETIC_TEACHING_FIXTURE
REQ_SYN_SEG_0641_fricative_duration	SYN_CH11	SYN_SEG_SPK_18	SYN_SESSION_18	SYN_SEG_0641	fricative_duration	medial				ms	requested			raw					SYN_GENERATOR_11042026	SYNTHETIC_TEACHING_FIXTURE
REQ_SYN_SEG_0641_fricative_cog	SYN_CH11	SYN_SEG_SPK_18	SYN_SESSION_18	SYN_SEG_0641	fricative_cog	medial				Hz	requested			raw					SYN_GENERATOR_11042026	SYNTHETIC_TEACHING_FIXTURE
REQ_SYN_SEG_0642_fricative_duration	SYN_CH11	SYN_SEG_SPK_18	SYN_SESSION_18	SYN_SEG_0642	fricative_duration	final				ms	requested			raw					SYN_GENERATOR_11042026	SYNTHETIC_TEACHING_FIXTURE
REQ_SYN_SEG_0642_fricative_cog	SYN_CH11	SYN_SEG_SPK_18	SYN_SESSION_18	SYN_SEG_0642	fricative_cog	final				Hz	requested			raw					SYN_GENERATOR_11042026	SYNTHETIC_TEACHING_FIXTURE
REQ_SYN_SEG_0643_fricative_duration	SYN_CH11	SYN_SEG_SPK_18	SYN_SESSION_18	SYN_SEG_0643	fricative_duration	initial				ms	requested			raw					SYN_GENERATOR_11042026	SYNTHETIC_TEACHING_FIXTURE
REQ_SYN_SEG_0643_fricative_cog	SYN_CH11	SYN_SEG_SPK_18	SYN_SESSION_18	SYN_SEG_0643	fricative_cog	initial				Hz	requested			raw					SYN_GENERATOR_11042026	SYNTHETIC_TEACHING_FIXTURE
REQ_SYN_SEG_0644_fricative_duration	SYN_CH11	SYN_SEG_SPK_18	SYN_SESSION_18	SYN_SEG_0644	fricative_duration	medial				ms	requested			raw					SYN_GENERATOR_11042026	SYNTHETIC_TEACHING_FIXTURE
REQ_SYN_SEG_0644_fricative_cog	SYN_CH11	SYN_SEG_SPK_18	SYN_SESSION_18	SYN_SEG_0644	fricative_cog	medial				Hz	requested			raw					SYN_GENERATOR_11042026	SYNTHETIC_TEACHING_FIXTURE
REQ_SYN_SEG_0645_fricative_duration	SYN_CH11	SYN_SEG_SPK_18	SYN_SESSION_18	SYN_SEG_0645	fricative_duration	final				ms	requested			raw					SYN_GENERATOR_11042026	SYNTHETIC_TEACHING_FIXTURE
REQ_SYN_SEG_0645_fricative_cog	SYN_CH11	SYN_SEG_SPK_18	SYN_SESSION_18	SYN_SEG_0645	fricative_cog	final				Hz	requested			raw					SYN_GENERATOR_11042026	SYNTHETIC_TEACHING_FIXTURE
REQ_SYN_SEG_0646_fricative_duration	SYN_CH11	SYN_SEG_SPK_18	SYN_SESSION_18	SYN_SEG_0646	fricative_duration	initial				ms	requested			raw					SYN_GENERATOR_11042026	SYNTHETIC_TEACHING_FIXTURE
REQ_SYN_SEG_0646_fricative_cog	SYN_CH11	SYN_SEG_SPK_18	SYN_SESSION_18	SYN_SEG_0646	fricative_cog	initial				Hz	requested			raw					SYN_GENERATOR_11042026	SYNTHETIC_TEACHING_FIXTURE
REQ_SYN_SEG_0647_fricative_duration	SYN_CH11	SYN_SEG_SPK_18	SYN_SESSION_18	SYN_SEG_0647	fricative_duration	medial				ms	requested			raw					SYN_GENERATOR_11042026	SYNTHETIC_TEACHING_FIXTURE
REQ_SYN_SEG_0647_fricative_cog	SYN_CH11	SYN_SEG_SPK_18	SYN_SESSION_18	SYN_SEG_0647	fricative_cog	medial				Hz	requested			raw					SYN_GENERATOR_11042026	SYNTHETIC_TEACHING_FIXTURE
REQ_SYN_SEG_0648_fricative_duration	SYN_CH11	SYN_SEG_SPK_18	SYN_SESSION_18	SYN_SEG_0648	fricative_duration	final				ms	requested			raw					SYN_GENERATOR_11042026	SYNTHETIC_TEACHING_FIXTURE
REQ_SYN_SEG_0648_fricative_cog	SYN_CH11	SYN_SEG_SPK_18	SYN_SESSION_18	SYN_SEG_0648	fricative_cog	final				Hz	requested			raw					SYN_GENERATOR_11042026	SYNTHETIC_TEACHING_FIXTURE
REQ_SYN_SEG_0649_vot	SYN_CH11	SYN_SEG_SPK_19	SYN_SESSION_19	SYN_SEG_0649	vot	initial				ms	requested			raw					SYN_GENERATOR_11042026	SYNTHETIC_TEACHING_FIXTURE
REQ_SYN_SEG_0649_closure_duration	SYN_CH11	SYN_SEG_SPK_19	SYN_SESSION_19	SYN_SEG_0649	closure_duration	initial				ms	requested			raw					SYN_GENERATOR_11042026	SYNTHETIC_TEACHING_FIXTURE
REQ_SYN_SEG_0649_vowel_onset_f0	SYN_CH11	SYN_SEG_SPK_19	SYN_SESSION_19	SYN_SEG_0649	vowel_onset_f0	initial				Hz	requested			raw					SYN_GENERATOR_11042026	SYNTHETIC_TEACHING_FIXTURE
REQ_SYN_SEG_0650_vot	SYN_CH11	SYN_SEG_SPK_19	SYN_SESSION_19	SYN_SEG_0650	vot	medial				ms	requested			raw					SYN_GENERATOR_11042026	SYNTHETIC_TEACHING_FIXTURE
REQ_SYN_SEG_0650_closure_duration	SYN_CH11	SYN_SEG_SPK_19	SYN_SESSION_19	SYN_SEG_0650	closure_duration	medial				ms	requested			raw					SYN_GENERATOR_11042026	SYNTHETIC_TEACHING_FIXTURE
REQ_SYN_SEG_0650_vowel_onset_f0	SYN_CH11	SYN_SEG_SPK_19	SYN_SESSION_19	SYN_SEG_0650	vowel_onset_f0	medial				Hz	requested			raw					SYN_GENERATOR_11042026	SYNTHETIC_TEACHING_FIXTURE
REQ_SYN_SEG_0651_vot	SYN_CH11	SYN_SEG_SPK_19	SYN_SESSION_19	SYN_SEG_0651	vot	final				ms	requested			raw					SYN_GENERATOR_11042026	SYNTHETIC_TEACHING_FIXTURE
REQ_SYN_SEG_0651_closure_duration	SYN_CH11	SYN_SEG_SPK_19	SYN_SESSION_19	SYN_SEG_0651	closure_duration	final				ms	requested			raw					SYN_GENERATOR_11042026	SYNTHETIC_TEACHING_FIXTURE
REQ_SYN_SEG_0651_vowel_onset_f0	SYN_CH11	SYN_SEG_SPK_19	SYN_SESSION_19	SYN_SEG_0651	vowel_onset_f0	final				Hz	requested			raw					SYN_GENERATOR_11042026	SYNTHETIC_TEACHING_FIXTURE
REQ_SYN_SEG_0652_vot	SYN_CH11	SYN_SEG_SPK_19	SYN_SESSION_19	SYN_SEG_0652	vot	initial				ms	requested			raw					SYN_GENERATOR_11042026	SYNTHETIC_TEACHING_FIXTURE
REQ_SYN_SEG_0652_closure_duration	SYN_CH11	SYN_SEG_SPK_19	SYN_SESSION_19	SYN_SEG_0652	closure_duration	initial				ms	requested			raw					SYN_GENERATOR_11042026	SYNTHETIC_TEACHING_FIXTURE
REQ_SYN_SEG_0652_vowel_onset_f0	SYN_CH11	SYN_SEG_SPK_19	SYN_SESSION_19	SYN_SEG_0652	vowel_onset_f0	initial				Hz	requested			raw					SYN_GENERATOR_11042026	SYNTHETIC_TEACHING_FIXTURE
REQ_SYN_SEG_0653_vot	SYN_CH11	SYN_SEG_SPK_19	SYN_SESSION_19	SYN_SEG_0653	vot	medial				ms	requested			raw					SYN_GENERATOR_11042026	SYNTHETIC_TEACHING_FIXTURE
REQ_SYN_SEG_0653_closure_duration	SYN_CH11	SYN_SEG_SPK_19	SYN_SESSION_19	SYN_SEG_0653	closure_duration	medial				ms	requested			raw					SYN_GENERATOR_11042026	SYNTHETIC_TEACHING_FIXTURE
REQ_SYN_SEG_0653_vowel_onset_f0	SYN_CH11	SYN_SEG_SPK_19	SYN_SESSION_19	SYN_SEG_0653	vowel_onset_f0	medial				Hz	requested			raw					SYN_GENERATOR_11042026	SYNTHETIC_TEACHING_FIXTURE
REQ_SYN_SEG_0654_vot	SYN_CH11	SYN_SEG_SPK_19	SYN_SESSION_19	SYN_SEG_0654	vot	final				ms	requested			raw					SYN_GENERATOR_11042026	SYNTHETIC_TEACHING_FIXTURE
REQ_SYN_SEG_0654_closure_duration	SYN_CH11	SYN_SEG_SPK_19	SYN_SESSION_19	SYN_SEG_0654	closure_duration	final				ms	requested			raw					SYN_GENERATOR_11042026	SYNTHETIC_TEACHING_FIXTURE
REQ_SYN_SEG_0654_vowel_onset_f0	SYN_CH11	SYN_SEG_SPK_19	SYN_SESSION_19	SYN_SEG_0654	vowel_onset_f0	final				Hz	requested			raw					SYN_GENERATOR_11042026	SYNTHETIC_TEACHING_FIXTURE
REQ_SYN_SEG_0655_vot	SYN_CH11	SYN_SEG_SPK_19	SYN_SESSION_19	SYN_SEG_0655	vot	initial				ms	requested			raw					SYN_GENERATOR_11042026	SYNTHETIC_TEACHING_FIXTURE
REQ_SYN_SEG_0655_closure_duration	SYN_CH11	SYN_SEG_SPK_19	SYN_SESSION_19	SYN_SEG_0655	closure_duration	initial				ms	requested			raw					SYN_GENERATOR_11042026	SYNTHETIC_TEACHING_FIXTURE
REQ_SYN_SEG_0655_vowel_onset_f0	SYN_CH11	SYN_SEG_SPK_19	SYN_SESSION_19	SYN_SEG_0655	vowel_onset_f0	initial				Hz	requested			raw					SYN_GENERATOR_11042026	SYNTHETIC_TEACHING_FIXTURE
REQ_SYN_SEG_0656_vot	SYN_CH11	SYN_SEG_SPK_19	SYN_SESSION_19	SYN_SEG_0656	vot	medial				ms	requested			raw					SYN_GENERATOR_11042026	SYNTHETIC_TEACHING_FIXTURE
REQ_SYN_SEG_0656_closure_duration	SYN_CH11	SYN_SEG_SPK_19	SYN_SESSION_19	SYN_SEG_0656	closure_duration	medial				ms	requested			raw					SYN_GENERATOR_11042026	SYNTHETIC_TEACHING_FIXTURE
REQ_SYN_SEG_0656_vowel_onset_f0	SYN_CH11	SYN_SEG_SPK_19	SYN_SESSION_19	SYN_SEG_0656	vowel_onset_f0	medial				Hz	requested			raw					SYN_GENERATOR_11042026	SYNTHETIC_TEACHING_FIXTURE
REQ_SYN_SEG_0657_vot	SYN_CH11	SYN_SEG_SPK_19	SYN_SESSION_19	SYN_SEG_0657	vot	final				ms	requested			raw					SYN_GENERATOR_11042026	SYNTHETIC_TEACHING_FIXTURE
REQ_SYN_SEG_0657_closure_duration	SYN_CH11	SYN_SEG_SPK_19	SYN_SESSION_19	SYN_SEG_0657	closure_duration	final				ms	requested			raw					SYN_GENERATOR_11042026	SYNTHETIC_TEACHING_FIXTURE
REQ_SYN_SEG_0657_vowel_onset_f0	SYN_CH11	SYN_SEG_SPK_19	SYN_SESSION_19	SYN_SEG_0657	vowel_onset_f0	final				Hz	requested			raw					SYN_GENERATOR_11042026	SYNTHETIC_TEACHING_FIXTURE
REQ_SYN_SEG_0658_vot	SYN_CH11	SYN_SEG_SPK_19	SYN_SESSION_19	SYN_SEG_0658	vot	initial				ms	requested			raw					SYN_GENERATOR_11042026	SYNTHETIC_TEACHING_FIXTURE
REQ_SYN_SEG_0658_closure_duration	SYN_CH11	SYN_SEG_SPK_19	SYN_SESSION_19	SYN_SEG_0658	closure_duration	initial				ms	requested			raw					SYN_GENERATOR_11042026	SYNTHETIC_TEACHING_FIXTURE
REQ_SYN_SEG_0658_vowel_onset_f0	SYN_CH11	SYN_SEG_SPK_19	SYN_SESSION_19	SYN_SEG_0658	vowel_onset_f0	initial				Hz	requested			raw					SYN_GENERATOR_11042026	SYNTHETIC_TEACHING_FIXTURE
REQ_SYN_SEG_0659_vot	SYN_CH11	SYN_SEG_SPK_19	SYN_SESSION_19	SYN_SEG_0659	vot	medial				ms	requested			raw					SYN_GENERATOR_11042026	SYNTHETIC_TEACHING_FIXTURE
REQ_SYN_SEG_0659_closure_duration	SYN_CH11	SYN_SEG_SPK_19	SYN_SESSION_19	SYN_SEG_0659	closure_duration	medial				ms	requested			raw					SYN_GENERATOR_11042026	SYNTHETIC_TEACHING_FIXTURE
REQ_SYN_SEG_0659_vowel_onset_f0	SYN_CH11	SYN_SEG_SPK_19	SYN_SESSION_19	SYN_SEG_0659	vowel_onset_f0	medial				Hz	requested			raw					SYN_GENERATOR_11042026	SYNTHETIC_TEACHING_FIXTURE
REQ_SYN_SEG_0660_vot	SYN_CH11	SYN_SEG_SPK_19	SYN_SESSION_19	SYN_SEG_0660	vot	final				ms	requested			raw					SYN_GENERATOR_11042026	SYNTHETIC_TEACHING_FIXTURE
REQ_SYN_SEG_0660_closure_duration	SYN_CH11	SYN_SEG_SPK_19	SYN_SESSION_19	SYN_SEG_0660	closure_duration	final				ms	requested			raw					SYN_GENERATOR_11042026	SYNTHETIC_TEACHING_FIXTURE
REQ_SYN_SEG_0660_vowel_onset_f0	SYN_CH11	SYN_SEG_SPK_19	SYN_SESSION_19	SYN_SEG_0660	vowel_onset_f0	final				Hz	requested			raw					SYN_GENERATOR_11042026	SYNTHETIC_TEACHING_FIXTURE
REQ_SYN_SEG_0661_vowel_duration	SYN_CH11	SYN_SEG_SPK_19	SYN_SESSION_19	SYN_SEG_0661	vowel_duration	initial				ms	requested		training	raw					SYN_GENERATOR_11042026	SYNTHETIC_TEACHING_FIXTURE
REQ_SYN_SEG_0661_f1	SYN_CH11	SYN_SEG_SPK_19	SYN_SESSION_19	SYN_SEG_0661	f1	initial				Hz	requested		training	raw					SYN_GENERATOR_11042026	SYNTHETIC_TEACHING_FIXTURE
REQ_SYN_SEG_0661_f2	SYN_CH11	SYN_SEG_SPK_19	SYN_SESSION_19	SYN_SEG_0661	f2	initial				Hz	requested		training	raw					SYN_GENERATOR_11042026	SYNTHETIC_TEACHING_FIXTURE
REQ_SYN_SEG_0661_f3	SYN_CH11	SYN_SEG_SPK_19	SYN_SESSION_19	SYN_SEG_0661	f3	initial				Hz	requested		training	raw					SYN_GENERATOR_11042026	SYNTHETIC_TEACHING_FIXTURE
REQ_SYN_SEG_0662_vowel_duration	SYN_CH11	SYN_SEG_SPK_19	SYN_SESSION_19	SYN_SEG_0662	vowel_duration	medial				ms	requested		training	raw					SYN_GENERATOR_11042026	SYNTHETIC_TEACHING_FIXTURE
REQ_SYN_SEG_0662_f1	SYN_CH11	SYN_SEG_SPK_19	SYN_SESSION_19	SYN_SEG_0662	f1	medial				Hz	requested		training	raw					SYN_GENERATOR_11042026	SYNTHETIC_TEACHING_FIXTURE
REQ_SYN_SEG_0662_f2	SYN_CH11	SYN_SEG_SPK_19	SYN_SESSION_19	SYN_SEG_0662	f2	medial				Hz	requested		training	raw					SYN_GENERATOR_11042026	SYNTHETIC_TEACHING_FIXTURE
REQ_SYN_SEG_0662_f3	SYN_CH11	SYN_SEG_SPK_19	SYN_SESSION_19	SYN_SEG_0662	f3	medial				Hz	requested		training	raw					SYN_GENERATOR_11042026	SYNTHETIC_TEACHING_FIXTURE
REQ_SYN_SEG_0663_vowel_duration	SYN_CH11	SYN_SEG_SPK_19	SYN_SESSION_19	SYN_SEG_0663	vowel_duration	final				ms	requested		training	raw					SYN_GENERATOR_11042026	SYNTHETIC_TEACHING_FIXTURE
REQ_SYN_SEG_0663_f1	SYN_CH11	SYN_SEG_SPK_19	SYN_SESSION_19	SYN_SEG_0663	f1	final				Hz	requested		training	raw					SYN_GENERATOR_11042026	SYNTHETIC_TEACHING_FIXTURE
REQ_SYN_SEG_0663_f2	SYN_CH11	SYN_SEG_SPK_19	SYN_SESSION_19	SYN_SEG_0663	f2	final				Hz	requested		training	raw					SYN_GENERATOR_11042026	SYNTHETIC_TEACHING_FIXTURE
REQ_SYN_SEG_0663_f3	SYN_CH11	SYN_SEG_SPK_19	SYN_SESSION_19	SYN_SEG_0663	f3	final				Hz	requested		training	raw					SYN_GENERATOR_11042026	SYNTHETIC_TEACHING_FIXTURE
REQ_SYN_SEG_0664_vowel_duration	SYN_CH11	SYN_SEG_SPK_19	SYN_SESSION_19	SYN_SEG_0664	vowel_duration	initial				ms	requested		training	raw					SYN_GENERATOR_11042026	SYNTHETIC_TEACHING_FIXTURE
REQ_SYN_SEG_0664_f1	SYN_CH11	SYN_SEG_SPK_19	SYN_SESSION_19	SYN_SEG_0664	f1	initial				Hz	requested		training	raw					SYN_GENERATOR_11042026	SYNTHETIC_TEACHING_FIXTURE
REQ_SYN_SEG_0664_f2	SYN_CH11	SYN_SEG_SPK_19	SYN_SESSION_19	SYN_SEG_0664	f2	initial				Hz	requested		training	raw					SYN_GENERATOR_11042026	SYNTHETIC_TEACHING_FIXTURE
REQ_SYN_SEG_0664_f3	SYN_CH11	SYN_SEG_SPK_19	SYN_SESSION_19	SYN_SEG_0664	f3	initial				Hz	requested		training	raw					SYN_GENERATOR_11042026	SYNTHETIC_TEACHING_FIXTURE
REQ_SYN_SEG_0665_vowel_duration	SYN_CH11	SYN_SEG_SPK_19	SYN_SESSION_19	SYN_SEG_0665	vowel_duration	medial				ms	requested		training	raw					SYN_GENERATOR_11042026	SYNTHETIC_TEACHING_FIXTURE
REQ_SYN_SEG_0665_f1	SYN_CH11	SYN_SEG_SPK_19	SYN_SESSION_19	SYN_SEG_0665	f1	medial				Hz	requested		training	raw					SYN_GENERATOR_11042026	SYNTHETIC_TEACHING_FIXTURE
REQ_SYN_SEG_0665_f2	SYN_CH11	SYN_SEG_SPK_19	SYN_SESSION_19	SYN_SEG_0665	f2	medial				Hz	requested		training	raw					SYN_GENERATOR_11042026	SYNTHETIC_TEACHING_FIXTURE
REQ_SYN_SEG_0665_f3	SYN_CH11	SYN_SEG_SPK_19	SYN_SESSION_19	SYN_SEG_0665	f3	medial				Hz	requested		training	raw					SYN_GENERATOR_11042026	SYNTHETIC_TEACHING_FIXTURE
REQ_SYN_SEG_0666_vowel_duration	SYN_CH11	SYN_SEG_SPK_19	SYN_SESSION_19	SYN_SEG_0666	vowel_duration	final				ms	requested		training	raw					SYN_GENERATOR_11042026	SYNTHETIC_TEACHING_FIXTURE
REQ_SYN_SEG_0666_f1	SYN_CH11	SYN_SEG_SPK_19	SYN_SESSION_19	SYN_SEG_0666	f1	final				Hz	requested		training	raw					SYN_GENERATOR_11042026	SYNTHETIC_TEACHING_FIXTURE
REQ_SYN_SEG_0666_f2	SYN_CH11	SYN_SEG_SPK_19	SYN_SESSION_19	SYN_SEG_0666	f2	final				Hz	requested		training	raw					SYN_GENERATOR_11042026	SYNTHETIC_TEACHING_FIXTURE
REQ_SYN_SEG_0666_f3	SYN_CH11	SYN_SEG_SPK_19	SYN_SESSION_19	SYN_SEG_0666	f3	final				Hz	requested		training	raw					SYN_GENERATOR_11042026	SYNTHETIC_TEACHING_FIXTURE
REQ_SYN_SEG_0667_vowel_duration	SYN_CH11	SYN_SEG_SPK_19	SYN_SESSION_19	SYN_SEG_0667	vowel_duration	initial				ms	requested		training	raw					SYN_GENERATOR_11042026	SYNTHETIC_TEACHING_FIXTURE
REQ_SYN_SEG_0667_f1	SYN_CH11	SYN_SEG_SPK_19	SYN_SESSION_19	SYN_SEG_0667	f1	initial				Hz	requested		training	raw					SYN_GENERATOR_11042026	SYNTHETIC_TEACHING_FIXTURE
REQ_SYN_SEG_0667_f2	SYN_CH11	SYN_SEG_SPK_19	SYN_SESSION_19	SYN_SEG_0667	f2	initial				Hz	requested		training	raw					SYN_GENERATOR_11042026	SYNTHETIC_TEACHING_FIXTURE
REQ_SYN_SEG_0667_f3	SYN_CH11	SYN_SEG_SPK_19	SYN_SESSION_19	SYN_SEG_0667	f3	initial				Hz	requested		training	raw					SYN_GENERATOR_11042026	SYNTHETIC_TEACHING_FIXTURE
REQ_SYN_SEG_0668_vowel_duration	SYN_CH11	SYN_SEG_SPK_19	SYN_SESSION_19	SYN_SEG_0668	vowel_duration	medial				ms	requested		training	raw					SYN_GENERATOR_11042026	SYNTHETIC_TEACHING_FIXTURE
REQ_SYN_SEG_0668_f1	SYN_CH11	SYN_SEG_SPK_19	SYN_SESSION_19	SYN_SEG_0668	f1	medial				Hz	requested		training	raw					SYN_GENERATOR_11042026	SYNTHETIC_TEACHING_FIXTURE
REQ_SYN_SEG_0668_f2	SYN_CH11	SYN_SEG_SPK_19	SYN_SESSION_19	SYN_SEG_0668	f2	medial				Hz	requested		training	raw					SYN_GENERATOR_11042026	SYNTHETIC_TEACHING_FIXTURE
REQ_SYN_SEG_0668_f3	SYN_CH11	SYN_SEG_SPK_19	SYN_SESSION_19	SYN_SEG_0668	f3	medial				Hz	requested		training	raw					SYN_GENERATOR_11042026	SYNTHETIC_TEACHING_FIXTURE
REQ_SYN_SEG_0669_vowel_duration	SYN_CH11	SYN_SEG_SPK_19	SYN_SESSION_19	SYN_SEG_0669	vowel_duration	final				ms	requested		training	raw					SYN_GENERATOR_11042026	SYNTHETIC_TEACHING_FIXTURE
REQ_SYN_SEG_0669_f1	SYN_CH11	SYN_SEG_SPK_19	SYN_SESSION_19	SYN_SEG_0669	f1	final				Hz	requested		training	raw					SYN_GENERATOR_11042026	SYNTHETIC_TEACHING_FIXTURE
REQ_SYN_SEG_0669_f2	SYN_CH11	SYN_SEG_SPK_19	SYN_SESSION_19	SYN_SEG_0669	f2	final				Hz	requested		training	raw					SYN_GENERATOR_11042026	SYNTHETIC_TEACHING_FIXTURE
REQ_SYN_SEG_0669_f3	SYN_CH11	SYN_SEG_SPK_19	SYN_SESSION_19	SYN_SEG_0669	f3	final				Hz	requested		training	raw					SYN_GENERATOR_11042026	SYNTHETIC_TEACHING_FIXTURE
REQ_SYN_SEG_0670_vowel_duration	SYN_CH11	SYN_SEG_SPK_19	SYN_SESSION_19	SYN_SEG_0670	vowel_duration	initial				ms	requested		training	raw					SYN_GENERATOR_11042026	SYNTHETIC_TEACHING_FIXTURE
REQ_SYN_SEG_0670_f1	SYN_CH11	SYN_SEG_SPK_19	SYN_SESSION_19	SYN_SEG_0670	f1	initial				Hz	requested		training	raw					SYN_GENERATOR_11042026	SYNTHETIC_TEACHING_FIXTURE
REQ_SYN_SEG_0670_f2	SYN_CH11	SYN_SEG_SPK_19	SYN_SESSION_19	SYN_SEG_0670	f2	initial				Hz	requested		training	raw					SYN_GENERATOR_11042026	SYNTHETIC_TEACHING_FIXTURE
REQ_SYN_SEG_0670_f3	SYN_CH11	SYN_SEG_SPK_19	SYN_SESSION_19	SYN_SEG_0670	f3	initial				Hz	requested		training	raw					SYN_GENERATOR_11042026	SYNTHETIC_TEACHING_FIXTURE
REQ_SYN_SEG_0671_vowel_duration	SYN_CH11	SYN_SEG_SPK_19	SYN_SESSION_19	SYN_SEG_0671	vowel_duration	medial				ms	requested		training	raw					SYN_GENERATOR_11042026	SYNTHETIC_TEACHING_FIXTURE
REQ_SYN_SEG_0671_f1	SYN_CH11	SYN_SEG_SPK_19	SYN_SESSION_19	SYN_SEG_0671	f1	medial				Hz	requested		training	raw					SYN_GENERATOR_11042026	SYNTHETIC_TEACHING_FIXTURE
REQ_SYN_SEG_0671_f2	SYN_CH11	SYN_SEG_SPK_19	SYN_SESSION_19	SYN_SEG_0671	f2	medial				Hz	requested		training	raw					SYN_GENERATOR_11042026	SYNTHETIC_TEACHING_FIXTURE
REQ_SYN_SEG_0671_f3	SYN_CH11	SYN_SEG_SPK_19	SYN_SESSION_19	SYN_SEG_0671	f3	medial				Hz	requested		training	raw					SYN_GENERATOR_11042026	SYNTHETIC_TEACHING_FIXTURE
REQ_SYN_SEG_0672_vowel_duration	SYN_CH11	SYN_SEG_SPK_19	SYN_SESSION_19	SYN_SEG_0672	vowel_duration	final				ms	requested		training	raw					SYN_GENERATOR_11042026	SYNTHETIC_TEACHING_FIXTURE
REQ_SYN_SEG_0672_f1	SYN_CH11	SYN_SEG_SPK_19	SYN_SESSION_19	SYN_SEG_0672	f1	final				Hz	requested		training	raw					SYN_GENERATOR_11042026	SYNTHETIC_TEACHING_FIXTURE
REQ_SYN_SEG_0672_f2	SYN_CH11	SYN_SEG_SPK_19	SYN_SESSION_19	SYN_SEG_0672	f2	final				Hz	requested		training	raw					SYN_GENERATOR_11042026	SYNTHETIC_TEACHING_FIXTURE
REQ_SYN_SEG_0672_f3	SYN_CH11	SYN_SEG_SPK_19	SYN_SESSION_19	SYN_SEG_0672	f3	final				Hz	requested		training	raw					SYN_GENERATOR_11042026	SYNTHETIC_TEACHING_FIXTURE
REQ_SYN_SEG_0673_fricative_duration	SYN_CH11	SYN_SEG_SPK_19	SYN_SESSION_19	SYN_SEG_0673	fricative_duration	initial				ms	requested			raw					SYN_GENERATOR_11042026	SYNTHETIC_TEACHING_FIXTURE
REQ_SYN_SEG_0673_fricative_cog	SYN_CH11	SYN_SEG_SPK_19	SYN_SESSION_19	SYN_SEG_0673	fricative_cog	initial				Hz	requested			raw					SYN_GENERATOR_11042026	SYNTHETIC_TEACHING_FIXTURE
REQ_SYN_SEG_0674_fricative_duration	SYN_CH11	SYN_SEG_SPK_19	SYN_SESSION_19	SYN_SEG_0674	fricative_duration	medial				ms	requested			raw					SYN_GENERATOR_11042026	SYNTHETIC_TEACHING_FIXTURE
REQ_SYN_SEG_0674_fricative_cog	SYN_CH11	SYN_SEG_SPK_19	SYN_SESSION_19	SYN_SEG_0674	fricative_cog	medial				Hz	requested			raw					SYN_GENERATOR_11042026	SYNTHETIC_TEACHING_FIXTURE
REQ_SYN_SEG_0675_fricative_duration	SYN_CH11	SYN_SEG_SPK_19	SYN_SESSION_19	SYN_SEG_0675	fricative_duration	final				ms	requested			raw					SYN_GENERATOR_11042026	SYNTHETIC_TEACHING_FIXTURE
REQ_SYN_SEG_0675_fricative_cog	SYN_CH11	SYN_SEG_SPK_19	SYN_SESSION_19	SYN_SEG_0675	fricative_cog	final				Hz	requested			raw					SYN_GENERATOR_11042026	SYNTHETIC_TEACHING_FIXTURE
REQ_SYN_SEG_0676_fricative_duration	SYN_CH11	SYN_SEG_SPK_19	SYN_SESSION_19	SYN_SEG_0676	fricative_duration	initial				ms	requested			raw					SYN_GENERATOR_11042026	SYNTHETIC_TEACHING_FIXTURE
REQ_SYN_SEG_0676_fricative_cog	SYN_CH11	SYN_SEG_SPK_19	SYN_SESSION_19	SYN_SEG_0676	fricative_cog	initial				Hz	requested			raw					SYN_GENERATOR_11042026	SYNTHETIC_TEACHING_FIXTURE
REQ_SYN_SEG_0677_fricative_duration	SYN_CH11	SYN_SEG_SPK_19	SYN_SESSION_19	SYN_SEG_0677	fricative_duration	medial				ms	requested			raw					SYN_GENERATOR_11042026	SYNTHETIC_TEACHING_FIXTURE
REQ_SYN_SEG_0677_fricative_cog	SYN_CH11	SYN_SEG_SPK_19	SYN_SESSION_19	SYN_SEG_0677	fricative_cog	medial				Hz	requested			raw					SYN_GENERATOR_11042026	SYNTHETIC_TEACHING_FIXTURE
REQ_SYN_SEG_0678_fricative_duration	SYN_CH11	SYN_SEG_SPK_19	SYN_SESSION_19	SYN_SEG_0678	fricative_duration	final				ms	requested			raw					SYN_GENERATOR_11042026	SYNTHETIC_TEACHING_FIXTURE
REQ_SYN_SEG_0678_fricative_cog	SYN_CH11	SYN_SEG_SPK_19	SYN_SESSION_19	SYN_SEG_0678	fricative_cog	final				Hz	requested			raw					SYN_GENERATOR_11042026	SYNTHETIC_TEACHING_FIXTURE
REQ_SYN_SEG_0679_fricative_duration	SYN_CH11	SYN_SEG_SPK_19	SYN_SESSION_19	SYN_SEG_0679	fricative_duration	initial				ms	requested			raw					SYN_GENERATOR_11042026	SYNTHETIC_TEACHING_FIXTURE
REQ_SYN_SEG_0679_fricative_cog	SYN_CH11	SYN_SEG_SPK_19	SYN_SESSION_19	SYN_SEG_0679	fricative_cog	initial				Hz	requested			raw					SYN_GENERATOR_11042026	SYNTHETIC_TEACHING_FIXTURE
REQ_SYN_SEG_0680_fricative_duration	SYN_CH11	SYN_SEG_SPK_19	SYN_SESSION_19	SYN_SEG_0680	fricative_duration	medial				ms	requested			raw					SYN_GENERATOR_11042026	SYNTHETIC_TEACHING_FIXTURE
REQ_SYN_SEG_0680_fricative_cog	SYN_CH11	SYN_SEG_SPK_19	SYN_SESSION_19	SYN_SEG_0680	fricative_cog	medial				Hz	requested			raw					SYN_GENERATOR_11042026	SYNTHETIC_TEACHING_FIXTURE
REQ_SYN_SEG_0681_fricative_duration	SYN_CH11	SYN_SEG_SPK_19	SYN_SESSION_19	SYN_SEG_0681	fricative_duration	final				ms	requested			raw					SYN_GENERATOR_11042026	SYNTHETIC_TEACHING_FIXTURE
REQ_SYN_SEG_0681_fricative_cog	SYN_CH11	SYN_SEG_SPK_19	SYN_SESSION_19	SYN_SEG_0681	fricative_cog	final				Hz	requested			raw					SYN_GENERATOR_11042026	SYNTHETIC_TEACHING_FIXTURE
REQ_SYN_SEG_0682_fricative_duration	SYN_CH11	SYN_SEG_SPK_19	SYN_SESSION_19	SYN_SEG_0682	fricative_duration	initial				ms	requested			raw					SYN_GENERATOR_11042026	SYNTHETIC_TEACHING_FIXTURE
REQ_SYN_SEG_0682_fricative_cog	SYN_CH11	SYN_SEG_SPK_19	SYN_SESSION_19	SYN_SEG_0682	fricative_cog	initial				Hz	requested			raw					SYN_GENERATOR_11042026	SYNTHETIC_TEACHING_FIXTURE
REQ_SYN_SEG_0683_fricative_duration	SYN_CH11	SYN_SEG_SPK_19	SYN_SESSION_19	SYN_SEG_0683	fricative_duration	medial				ms	requested			raw					SYN_GENERATOR_11042026	SYNTHETIC_TEACHING_FIXTURE
REQ_SYN_SEG_0683_fricative_cog	SYN_CH11	SYN_SEG_SPK_19	SYN_SESSION_19	SYN_SEG_0683	fricative_cog	medial				Hz	requested			raw					SYN_GENERATOR_11042026	SYNTHETIC_TEACHING_FIXTURE
REQ_SYN_SEG_0684_fricative_duration	SYN_CH11	SYN_SEG_SPK_19	SYN_SESSION_19	SYN_SEG_0684	fricative_duration	final				ms	requested			raw					SYN_GENERATOR_11042026	SYNTHETIC_TEACHING_FIXTURE
REQ_SYN_SEG_0684_fricative_cog	SYN_CH11	SYN_SEG_SPK_19	SYN_SESSION_19	SYN_SEG_0684	fricative_cog	final				Hz	requested			raw					SYN_GENERATOR_11042026	SYNTHETIC_TEACHING_FIXTURE
REQ_SYN_SEG_0685_vot	SYN_CH11	SYN_SEG_SPK_20	SYN_SESSION_20	SYN_SEG_0685	vot	initial				ms	requested			raw					SYN_GENERATOR_11042026	SYNTHETIC_TEACHING_FIXTURE
REQ_SYN_SEG_0685_closure_duration	SYN_CH11	SYN_SEG_SPK_20	SYN_SESSION_20	SYN_SEG_0685	closure_duration	initial				ms	requested			raw					SYN_GENERATOR_11042026	SYNTHETIC_TEACHING_FIXTURE
REQ_SYN_SEG_0685_vowel_onset_f0	SYN_CH11	SYN_SEG_SPK_20	SYN_SESSION_20	SYN_SEG_0685	vowel_onset_f0	initial				Hz	requested			raw					SYN_GENERATOR_11042026	SYNTHETIC_TEACHING_FIXTURE
REQ_SYN_SEG_0686_vot	SYN_CH11	SYN_SEG_SPK_20	SYN_SESSION_20	SYN_SEG_0686	vot	medial				ms	requested			raw					SYN_GENERATOR_11042026	SYNTHETIC_TEACHING_FIXTURE
REQ_SYN_SEG_0686_closure_duration	SYN_CH11	SYN_SEG_SPK_20	SYN_SESSION_20	SYN_SEG_0686	closure_duration	medial				ms	requested			raw					SYN_GENERATOR_11042026	SYNTHETIC_TEACHING_FIXTURE
REQ_SYN_SEG_0686_vowel_onset_f0	SYN_CH11	SYN_SEG_SPK_20	SYN_SESSION_20	SYN_SEG_0686	vowel_onset_f0	medial				Hz	requested			raw					SYN_GENERATOR_11042026	SYNTHETIC_TEACHING_FIXTURE
REQ_SYN_SEG_0687_vot	SYN_CH11	SYN_SEG_SPK_20	SYN_SESSION_20	SYN_SEG_0687	vot	final				ms	requested			raw					SYN_GENERATOR_11042026	SYNTHETIC_TEACHING_FIXTURE
REQ_SYN_SEG_0687_closure_duration	SYN_CH11	SYN_SEG_SPK_20	SYN_SESSION_20	SYN_SEG_0687	closure_duration	final				ms	requested			raw					SYN_GENERATOR_11042026	SYNTHETIC_TEACHING_FIXTURE
REQ_SYN_SEG_0687_vowel_onset_f0	SYN_CH11	SYN_SEG_SPK_20	SYN_SESSION_20	SYN_SEG_0687	vowel_onset_f0	final				Hz	requested			raw					SYN_GENERATOR_11042026	SYNTHETIC_TEACHING_FIXTURE
REQ_SYN_SEG_0688_vot	SYN_CH11	SYN_SEG_SPK_20	SYN_SESSION_20	SYN_SEG_0688	vot	initial				ms	requested			raw					SYN_GENERATOR_11042026	SYNTHETIC_TEACHING_FIXTURE
REQ_SYN_SEG_0688_closure_duration	SYN_CH11	SYN_SEG_SPK_20	SYN_SESSION_20	SYN_SEG_0688	closure_duration	initial				ms	requested			raw					SYN_GENERATOR_11042026	SYNTHETIC_TEACHING_FIXTURE
REQ_SYN_SEG_0688_vowel_onset_f0	SYN_CH11	SYN_SEG_SPK_20	SYN_SESSION_20	SYN_SEG_0688	vowel_onset_f0	initial				Hz	requested			raw					SYN_GENERATOR_11042026	SYNTHETIC_TEACHING_FIXTURE
REQ_SYN_SEG_0689_vot	SYN_CH11	SYN_SEG_SPK_20	SYN_SESSION_20	SYN_SEG_0689	vot	medial				ms	requested			raw					SYN_GENERATOR_11042026	SYNTHETIC_TEACHING_FIXTURE
REQ_SYN_SEG_0689_closure_duration	SYN_CH11	SYN_SEG_SPK_20	SYN_SESSION_20	SYN_SEG_0689	closure_duration	medial				ms	requested			raw					SYN_GENERATOR_11042026	SYNTHETIC_TEACHING_FIXTURE
REQ_SYN_SEG_0689_vowel_onset_f0	SYN_CH11	SYN_SEG_SPK_20	SYN_SESSION_20	SYN_SEG_0689	vowel_onset_f0	medial				Hz	requested			raw					SYN_GENERATOR_11042026	SYNTHETIC_TEACHING_FIXTURE
REQ_SYN_SEG_0690_vot	SYN_CH11	SYN_SEG_SPK_20	SYN_SESSION_20	SYN_SEG_0690	vot	final				ms	requested			raw					SYN_GENERATOR_11042026	SYNTHETIC_TEACHING_FIXTURE
REQ_SYN_SEG_0690_closure_duration	SYN_CH11	SYN_SEG_SPK_20	SYN_SESSION_20	SYN_SEG_0690	closure_duration	final				ms	requested			raw					SYN_GENERATOR_11042026	SYNTHETIC_TEACHING_FIXTURE
REQ_SYN_SEG_0690_vowel_onset_f0	SYN_CH11	SYN_SEG_SPK_20	SYN_SESSION_20	SYN_SEG_0690	vowel_onset_f0	final				Hz	requested			raw					SYN_GENERATOR_11042026	SYNTHETIC_TEACHING_FIXTURE
REQ_SYN_SEG_0691_vot	SYN_CH11	SYN_SEG_SPK_20	SYN_SESSION_20	SYN_SEG_0691	vot	initial				ms	requested			raw					SYN_GENERATOR_11042026	SYNTHETIC_TEACHING_FIXTURE
REQ_SYN_SEG_0691_closure_duration	SYN_CH11	SYN_SEG_SPK_20	SYN_SESSION_20	SYN_SEG_0691	closure_duration	initial				ms	requested			raw					SYN_GENERATOR_11042026	SYNTHETIC_TEACHING_FIXTURE
REQ_SYN_SEG_0691_vowel_onset_f0	SYN_CH11	SYN_SEG_SPK_20	SYN_SESSION_20	SYN_SEG_0691	vowel_onset_f0	initial				Hz	requested			raw					SYN_GENERATOR_11042026	SYNTHETIC_TEACHING_FIXTURE
REQ_SYN_SEG_0692_vot	SYN_CH11	SYN_SEG_SPK_20	SYN_SESSION_20	SYN_SEG_0692	vot	medial				ms	requested			raw					SYN_GENERATOR_11042026	SYNTHETIC_TEACHING_FIXTURE
REQ_SYN_SEG_0692_closure_duration	SYN_CH11	SYN_SEG_SPK_20	SYN_SESSION_20	SYN_SEG_0692	closure_duration	medial				ms	requested			raw					SYN_GENERATOR_11042026	SYNTHETIC_TEACHING_FIXTURE
REQ_SYN_SEG_0692_vowel_onset_f0	SYN_CH11	SYN_SEG_SPK_20	SYN_SESSION_20	SYN_SEG_0692	vowel_onset_f0	medial				Hz	requested			raw					SYN_GENERATOR_11042026	SYNTHETIC_TEACHING_FIXTURE
REQ_SYN_SEG_0693_vot	SYN_CH11	SYN_SEG_SPK_20	SYN_SESSION_20	SYN_SEG_0693	vot	final				ms	requested			raw					SYN_GENERATOR_11042026	SYNTHETIC_TEACHING_FIXTURE
REQ_SYN_SEG_0693_closure_duration	SYN_CH11	SYN_SEG_SPK_20	SYN_SESSION_20	SYN_SEG_0693	closure_duration	final				ms	requested			raw					SYN_GENERATOR_11042026	SYNTHETIC_TEACHING_FIXTURE
REQ_SYN_SEG_0693_vowel_onset_f0	SYN_CH11	SYN_SEG_SPK_20	SYN_SESSION_20	SYN_SEG_0693	vowel_onset_f0	final				Hz	requested			raw					SYN_GENERATOR_11042026	SYNTHETIC_TEACHING_FIXTURE
REQ_SYN_SEG_0694_vot	SYN_CH11	SYN_SEG_SPK_20	SYN_SESSION_20	SYN_SEG_0694	vot	initial				ms	requested			raw					SYN_GENERATOR_11042026	SYNTHETIC_TEACHING_FIXTURE
REQ_SYN_SEG_0694_closure_duration	SYN_CH11	SYN_SEG_SPK_20	SYN_SESSION_20	SYN_SEG_0694	closure_duration	initial				ms	requested			raw					SYN_GENERATOR_11042026	SYNTHETIC_TEACHING_FIXTURE
REQ_SYN_SEG_0694_vowel_onset_f0	SYN_CH11	SYN_SEG_SPK_20	SYN_SESSION_20	SYN_SEG_0694	vowel_onset_f0	initial				Hz	requested			raw					SYN_GENERATOR_11042026	SYNTHETIC_TEACHING_FIXTURE
REQ_SYN_SEG_0695_vot	SYN_CH11	SYN_SEG_SPK_20	SYN_SESSION_20	SYN_SEG_0695	vot	medial				ms	requested			raw					SYN_GENERATOR_11042026	SYNTHETIC_TEACHING_FIXTURE
REQ_SYN_SEG_0695_closure_duration	SYN_CH11	SYN_SEG_SPK_20	SYN_SESSION_20	SYN_SEG_0695	closure_duration	medial				ms	requested			raw					SYN_GENERATOR_11042026	SYNTHETIC_TEACHING_FIXTURE
REQ_SYN_SEG_0695_vowel_onset_f0	SYN_CH11	SYN_SEG_SPK_20	SYN_SESSION_20	SYN_SEG_0695	vowel_onset_f0	medial				Hz	requested			raw					SYN_GENERATOR_11042026	SYNTHETIC_TEACHING_FIXTURE
REQ_SYN_SEG_0696_vot	SYN_CH11	SYN_SEG_SPK_20	SYN_SESSION_20	SYN_SEG_0696	vot	final				ms	requested			raw					SYN_GENERATOR_11042026	SYNTHETIC_TEACHING_FIXTURE
REQ_SYN_SEG_0696_closure_duration	SYN_CH11	SYN_SEG_SPK_20	SYN_SESSION_20	SYN_SEG_0696	closure_duration	final				ms	requested			raw					SYN_GENERATOR_11042026	SYNTHETIC_TEACHING_FIXTURE
REQ_SYN_SEG_0696_vowel_onset_f0	SYN_CH11	SYN_SEG_SPK_20	SYN_SESSION_20	SYN_SEG_0696	vowel_onset_f0	final				Hz	requested			raw					SYN_GENERATOR_11042026	SYNTHETIC_TEACHING_FIXTURE
REQ_SYN_SEG_0697_vowel_duration	SYN_CH11	SYN_SEG_SPK_20	SYN_SESSION_20	SYN_SEG_0697	vowel_duration	initial				ms	requested		training	raw					SYN_GENERATOR_11042026	SYNTHETIC_TEACHING_FIXTURE
REQ_SYN_SEG_0697_f1	SYN_CH11	SYN_SEG_SPK_20	SYN_SESSION_20	SYN_SEG_0697	f1	initial				Hz	requested		training	raw					SYN_GENERATOR_11042026	SYNTHETIC_TEACHING_FIXTURE
REQ_SYN_SEG_0697_f2	SYN_CH11	SYN_SEG_SPK_20	SYN_SESSION_20	SYN_SEG_0697	f2	initial				Hz	requested		training	raw					SYN_GENERATOR_11042026	SYNTHETIC_TEACHING_FIXTURE
REQ_SYN_SEG_0697_f3	SYN_CH11	SYN_SEG_SPK_20	SYN_SESSION_20	SYN_SEG_0697	f3	initial				Hz	requested		training	raw					SYN_GENERATOR_11042026	SYNTHETIC_TEACHING_FIXTURE
REQ_SYN_SEG_0698_vowel_duration	SYN_CH11	SYN_SEG_SPK_20	SYN_SESSION_20	SYN_SEG_0698	vowel_duration	medial				ms	requested		training	raw					SYN_GENERATOR_11042026	SYNTHETIC_TEACHING_FIXTURE
REQ_SYN_SEG_0698_f1	SYN_CH11	SYN_SEG_SPK_20	SYN_SESSION_20	SYN_SEG_0698	f1	medial				Hz	requested		training	raw					SYN_GENERATOR_11042026	SYNTHETIC_TEACHING_FIXTURE
REQ_SYN_SEG_0698_f2	SYN_CH11	SYN_SEG_SPK_20	SYN_SESSION_20	SYN_SEG_0698	f2	medial				Hz	requested		training	raw					SYN_GENERATOR_11042026	SYNTHETIC_TEACHING_FIXTURE
REQ_SYN_SEG_0698_f3	SYN_CH11	SYN_SEG_SPK_20	SYN_SESSION_20	SYN_SEG_0698	f3	medial				Hz	requested		training	raw					SYN_GENERATOR_11042026	SYNTHETIC_TEACHING_FIXTURE
REQ_SYN_SEG_0699_vowel_duration	SYN_CH11	SYN_SEG_SPK_20	SYN_SESSION_20	SYN_SEG_0699	vowel_duration	final				ms	requested		training	raw					SYN_GENERATOR_11042026	SYNTHETIC_TEACHING_FIXTURE
REQ_SYN_SEG_0699_f1	SYN_CH11	SYN_SEG_SPK_20	SYN_SESSION_20	SYN_SEG_0699	f1	final				Hz	requested		training	raw					SYN_GENERATOR_11042026	SYNTHETIC_TEACHING_FIXTURE
REQ_SYN_SEG_0699_f2	SYN_CH11	SYN_SEG_SPK_20	SYN_SESSION_20	SYN_SEG_0699	f2	final				Hz	requested		training	raw					SYN_GENERATOR_11042026	SYNTHETIC_TEACHING_FIXTURE
REQ_SYN_SEG_0699_f3	SYN_CH11	SYN_SEG_SPK_20	SYN_SESSION_20	SYN_SEG_0699	f3	final				Hz	requested		training	raw					SYN_GENERATOR_11042026	SYNTHETIC_TEACHING_FIXTURE
REQ_SYN_SEG_0700_vowel_duration	SYN_CH11	SYN_SEG_SPK_20	SYN_SESSION_20	SYN_SEG_0700	vowel_duration	initial				ms	requested		training	raw					SYN_GENERATOR_11042026	SYNTHETIC_TEACHING_FIXTURE
REQ_SYN_SEG_0700_f1	SYN_CH11	SYN_SEG_SPK_20	SYN_SESSION_20	SYN_SEG_0700	f1	initial				Hz	requested		training	raw					SYN_GENERATOR_11042026	SYNTHETIC_TEACHING_FIXTURE
REQ_SYN_SEG_0700_f2	SYN_CH11	SYN_SEG_SPK_20	SYN_SESSION_20	SYN_SEG_0700	f2	initial				Hz	requested		training	raw					SYN_GENERATOR_11042026	SYNTHETIC_TEACHING_FIXTURE
REQ_SYN_SEG_0700_f3	SYN_CH11	SYN_SEG_SPK_20	SYN_SESSION_20	SYN_SEG_0700	f3	initial				Hz	requested		training	raw					SYN_GENERATOR_11042026	SYNTHETIC_TEACHING_FIXTURE
REQ_SYN_SEG_0701_vowel_duration	SYN_CH11	SYN_SEG_SPK_20	SYN_SESSION_20	SYN_SEG_0701	vowel_duration	medial				ms	requested		training	raw					SYN_GENERATOR_11042026	SYNTHETIC_TEACHING_FIXTURE
REQ_SYN_SEG_0701_f1	SYN_CH11	SYN_SEG_SPK_20	SYN_SESSION_20	SYN_SEG_0701	f1	medial				Hz	requested		training	raw					SYN_GENERATOR_11042026	SYNTHETIC_TEACHING_FIXTURE
REQ_SYN_SEG_0701_f2	SYN_CH11	SYN_SEG_SPK_20	SYN_SESSION_20	SYN_SEG_0701	f2	medial				Hz	requested		training	raw					SYN_GENERATOR_11042026	SYNTHETIC_TEACHING_FIXTURE
REQ_SYN_SEG_0701_f3	SYN_CH11	SYN_SEG_SPK_20	SYN_SESSION_20	SYN_SEG_0701	f3	medial				Hz	requested		training	raw					SYN_GENERATOR_11042026	SYNTHETIC_TEACHING_FIXTURE
REQ_SYN_SEG_0702_vowel_duration	SYN_CH11	SYN_SEG_SPK_20	SYN_SESSION_20	SYN_SEG_0702	vowel_duration	final				ms	requested		training	raw					SYN_GENERATOR_11042026	SYNTHETIC_TEACHING_FIXTURE
REQ_SYN_SEG_0702_f1	SYN_CH11	SYN_SEG_SPK_20	SYN_SESSION_20	SYN_SEG_0702	f1	final				Hz	requested		training	raw					SYN_GENERATOR_11042026	SYNTHETIC_TEACHING_FIXTURE
REQ_SYN_SEG_0702_f2	SYN_CH11	SYN_SEG_SPK_20	SYN_SESSION_20	SYN_SEG_0702	f2	final				Hz	requested		training	raw					SYN_GENERATOR_11042026	SYNTHETIC_TEACHING_FIXTURE
REQ_SYN_SEG_0702_f3	SYN_CH11	SYN_SEG_SPK_20	SYN_SESSION_20	SYN_SEG_0702	f3	final				Hz	requested		training	raw					SYN_GENERATOR_11042026	SYNTHETIC_TEACHING_FIXTURE
REQ_SYN_SEG_0703_vowel_duration	SYN_CH11	SYN_SEG_SPK_20	SYN_SESSION_20	SYN_SEG_0703	vowel_duration	initial				ms	requested		training	raw					SYN_GENERATOR_11042026	SYNTHETIC_TEACHING_FIXTURE
REQ_SYN_SEG_0703_f1	SYN_CH11	SYN_SEG_SPK_20	SYN_SESSION_20	SYN_SEG_0703	f1	initial				Hz	requested		training	raw					SYN_GENERATOR_11042026	SYNTHETIC_TEACHING_FIXTURE
REQ_SYN_SEG_0703_f2	SYN_CH11	SYN_SEG_SPK_20	SYN_SESSION_20	SYN_SEG_0703	f2	initial				Hz	requested		training	raw					SYN_GENERATOR_11042026	SYNTHETIC_TEACHING_FIXTURE
REQ_SYN_SEG_0703_f3	SYN_CH11	SYN_SEG_SPK_20	SYN_SESSION_20	SYN_SEG_0703	f3	initial				Hz	requested		training	raw					SYN_GENERATOR_11042026	SYNTHETIC_TEACHING_FIXTURE
REQ_SYN_SEG_0704_vowel_duration	SYN_CH11	SYN_SEG_SPK_20	SYN_SESSION_20	SYN_SEG_0704	vowel_duration	medial				ms	requested		training	raw					SYN_GENERATOR_11042026	SYNTHETIC_TEACHING_FIXTURE
REQ_SYN_SEG_0704_f1	SYN_CH11	SYN_SEG_SPK_20	SYN_SESSION_20	SYN_SEG_0704	f1	medial				Hz	requested		training	raw					SYN_GENERATOR_11042026	SYNTHETIC_TEACHING_FIXTURE
REQ_SYN_SEG_0704_f2	SYN_CH11	SYN_SEG_SPK_20	SYN_SESSION_20	SYN_SEG_0704	f2	medial				Hz	requested		training	raw					SYN_GENERATOR_11042026	SYNTHETIC_TEACHING_FIXTURE
REQ_SYN_SEG_0704_f3	SYN_CH11	SYN_SEG_SPK_20	SYN_SESSION_20	SYN_SEG_0704	f3	medial				Hz	requested		training	raw					SYN_GENERATOR_11042026	SYNTHETIC_TEACHING_FIXTURE
REQ_SYN_SEG_0705_vowel_duration	SYN_CH11	SYN_SEG_SPK_20	SYN_SESSION_20	SYN_SEG_0705	vowel_duration	final				ms	requested		training	raw					SYN_GENERATOR_11042026	SYNTHETIC_TEACHING_FIXTURE
REQ_SYN_SEG_0705_f1	SYN_CH11	SYN_SEG_SPK_20	SYN_SESSION_20	SYN_SEG_0705	f1	final				Hz	requested		training	raw					SYN_GENERATOR_11042026	SYNTHETIC_TEACHING_FIXTURE
REQ_SYN_SEG_0705_f2	SYN_CH11	SYN_SEG_SPK_20	SYN_SESSION_20	SYN_SEG_0705	f2	final				Hz	requested		training	raw					SYN_GENERATOR_11042026	SYNTHETIC_TEACHING_FIXTURE
REQ_SYN_SEG_0705_f3	SYN_CH11	SYN_SEG_SPK_20	SYN_SESSION_20	SYN_SEG_0705	f3	final				Hz	requested		training	raw					SYN_GENERATOR_11042026	SYNTHETIC_TEACHING_FIXTURE
REQ_SYN_SEG_0706_vowel_duration	SYN_CH11	SYN_SEG_SPK_20	SYN_SESSION_20	SYN_SEG_0706	vowel_duration	initial				ms	requested		training	raw					SYN_GENERATOR_11042026	SYNTHETIC_TEACHING_FIXTURE
REQ_SYN_SEG_0706_f1	SYN_CH11	SYN_SEG_SPK_20	SYN_SESSION_20	SYN_SEG_0706	f1	initial				Hz	requested		training	raw					SYN_GENERATOR_11042026	SYNTHETIC_TEACHING_FIXTURE
REQ_SYN_SEG_0706_f2	SYN_CH11	SYN_SEG_SPK_20	SYN_SESSION_20	SYN_SEG_0706	f2	initial				Hz	requested		training	raw					SYN_GENERATOR_11042026	SYNTHETIC_TEACHING_FIXTURE
REQ_SYN_SEG_0706_f3	SYN_CH11	SYN_SEG_SPK_20	SYN_SESSION_20	SYN_SEG_0706	f3	initial				Hz	requested		training	raw					SYN_GENERATOR_11042026	SYNTHETIC_TEACHING_FIXTURE
REQ_SYN_SEG_0707_vowel_duration	SYN_CH11	SYN_SEG_SPK_20	SYN_SESSION_20	SYN_SEG_0707	vowel_duration	medial				ms	requested		training	raw					SYN_GENERATOR_11042026	SYNTHETIC_TEACHING_FIXTURE
REQ_SYN_SEG_0707_f1	SYN_CH11	SYN_SEG_SPK_20	SYN_SESSION_20	SYN_SEG_0707	f1	medial				Hz	requested		training	raw					SYN_GENERATOR_11042026	SYNTHETIC_TEACHING_FIXTURE
REQ_SYN_SEG_0707_f2	SYN_CH11	SYN_SEG_SPK_20	SYN_SESSION_20	SYN_SEG_0707	f2	medial				Hz	requested		training	raw					SYN_GENERATOR_11042026	SYNTHETIC_TEACHING_FIXTURE
REQ_SYN_SEG_0707_f3	SYN_CH11	SYN_SEG_SPK_20	SYN_SESSION_20	SYN_SEG_0707	f3	medial				Hz	requested		training	raw					SYN_GENERATOR_11042026	SYNTHETIC_TEACHING_FIXTURE
REQ_SYN_SEG_0708_vowel_duration	SYN_CH11	SYN_SEG_SPK_20	SYN_SESSION_20	SYN_SEG_0708	vowel_duration	final				ms	requested		training	raw					SYN_GENERATOR_11042026	SYNTHETIC_TEACHING_FIXTURE
REQ_SYN_SEG_0708_f1	SYN_CH11	SYN_SEG_SPK_20	SYN_SESSION_20	SYN_SEG_0708	f1	final				Hz	requested		training	raw					SYN_GENERATOR_11042026	SYNTHETIC_TEACHING_FIXTURE
REQ_SYN_SEG_0708_f2	SYN_CH11	SYN_SEG_SPK_20	SYN_SESSION_20	SYN_SEG_0708	f2	final				Hz	requested		training	raw					SYN_GENERATOR_11042026	SYNTHETIC_TEACHING_FIXTURE
REQ_SYN_SEG_0708_f3	SYN_CH11	SYN_SEG_SPK_20	SYN_SESSION_20	SYN_SEG_0708	f3	final				Hz	requested		training	raw					SYN_GENERATOR_11042026	SYNTHETIC_TEACHING_FIXTURE
REQ_SYN_SEG_0709_fricative_duration	SYN_CH11	SYN_SEG_SPK_20	SYN_SESSION_20	SYN_SEG_0709	fricative_duration	initial				ms	requested			raw					SYN_GENERATOR_11042026	SYNTHETIC_TEACHING_FIXTURE
REQ_SYN_SEG_0709_fricative_cog	SYN_CH11	SYN_SEG_SPK_20	SYN_SESSION_20	SYN_SEG_0709	fricative_cog	initial				Hz	requested			raw					SYN_GENERATOR_11042026	SYNTHETIC_TEACHING_FIXTURE
REQ_SYN_SEG_0710_fricative_duration	SYN_CH11	SYN_SEG_SPK_20	SYN_SESSION_20	SYN_SEG_0710	fricative_duration	medial				ms	requested			raw					SYN_GENERATOR_11042026	SYNTHETIC_TEACHING_FIXTURE
REQ_SYN_SEG_0710_fricative_cog	SYN_CH11	SYN_SEG_SPK_20	SYN_SESSION_20	SYN_SEG_0710	fricative_cog	medial				Hz	requested			raw					SYN_GENERATOR_11042026	SYNTHETIC_TEACHING_FIXTURE
REQ_SYN_SEG_0711_fricative_duration	SYN_CH11	SYN_SEG_SPK_20	SYN_SESSION_20	SYN_SEG_0711	fricative_duration	final				ms	requested			raw					SYN_GENERATOR_11042026	SYNTHETIC_TEACHING_FIXTURE
REQ_SYN_SEG_0711_fricative_cog	SYN_CH11	SYN_SEG_SPK_20	SYN_SESSION_20	SYN_SEG_0711	fricative_cog	final				Hz	requested			raw					SYN_GENERATOR_11042026	SYNTHETIC_TEACHING_FIXTURE
REQ_SYN_SEG_0712_fricative_duration	SYN_CH11	SYN_SEG_SPK_20	SYN_SESSION_20	SYN_SEG_0712	fricative_duration	initial				ms	requested			raw					SYN_GENERATOR_11042026	SYNTHETIC_TEACHING_FIXTURE
REQ_SYN_SEG_0712_fricative_cog	SYN_CH11	SYN_SEG_SPK_20	SYN_SESSION_20	SYN_SEG_0712	fricative_cog	initial				Hz	requested			raw					SYN_GENERATOR_11042026	SYNTHETIC_TEACHING_FIXTURE
REQ_SYN_SEG_0713_fricative_duration	SYN_CH11	SYN_SEG_SPK_20	SYN_SESSION_20	SYN_SEG_0713	fricative_duration	medial				ms	requested			raw					SYN_GENERATOR_11042026	SYNTHETIC_TEACHING_FIXTURE
REQ_SYN_SEG_0713_fricative_cog	SYN_CH11	SYN_SEG_SPK_20	SYN_SESSION_20	SYN_SEG_0713	fricative_cog	medial				Hz	requested			raw					SYN_GENERATOR_11042026	SYNTHETIC_TEACHING_FIXTURE
REQ_SYN_SEG_0714_fricative_duration	SYN_CH11	SYN_SEG_SPK_20	SYN_SESSION_20	SYN_SEG_0714	fricative_duration	final				ms	requested			raw					SYN_GENERATOR_11042026	SYNTHETIC_TEACHING_FIXTURE
REQ_SYN_SEG_0714_fricative_cog	SYN_CH11	SYN_SEG_SPK_20	SYN_SESSION_20	SYN_SEG_0714	fricative_cog	final				Hz	requested			raw					SYN_GENERATOR_11042026	SYNTHETIC_TEACHING_FIXTURE
REQ_SYN_SEG_0715_fricative_duration	SYN_CH11	SYN_SEG_SPK_20	SYN_SESSION_20	SYN_SEG_0715	fricative_duration	initial				ms	requested			raw					SYN_GENERATOR_11042026	SYNTHETIC_TEACHING_FIXTURE
REQ_SYN_SEG_0715_fricative_cog	SYN_CH11	SYN_SEG_SPK_20	SYN_SESSION_20	SYN_SEG_0715	fricative_cog	initial				Hz	requested			raw					SYN_GENERATOR_11042026	SYNTHETIC_TEACHING_FIXTURE
REQ_SYN_SEG_0716_fricative_duration	SYN_CH11	SYN_SEG_SPK_20	SYN_SESSION_20	SYN_SEG_0716	fricative_duration	medial				ms	requested			raw					SYN_GENERATOR_11042026	SYNTHETIC_TEACHING_FIXTURE
REQ_SYN_SEG_0716_fricative_cog	SYN_CH11	SYN_SEG_SPK_20	SYN_SESSION_20	SYN_SEG_0716	fricative_cog	medial				Hz	requested			raw					SYN_GENERATOR_11042026	SYNTHETIC_TEACHING_FIXTURE
REQ_SYN_SEG_0717_fricative_duration	SYN_CH11	SYN_SEG_SPK_20	SYN_SESSION_20	SYN_SEG_0717	fricative_duration	final				ms	requested			raw					SYN_GENERATOR_11042026	SYNTHETIC_TEACHING_FIXTURE
REQ_SYN_SEG_0717_fricative_cog	SYN_CH11	SYN_SEG_SPK_20	SYN_SESSION_20	SYN_SEG_0717	fricative_cog	final				Hz	requested			raw					SYN_GENERATOR_11042026	SYNTHETIC_TEACHING_FIXTURE
REQ_SYN_SEG_0718_fricative_duration	SYN_CH11	SYN_SEG_SPK_20	SYN_SESSION_20	SYN_SEG_0718	fricative_duration	initial				ms	requested			raw					SYN_GENERATOR_11042026	SYNTHETIC_TEACHING_FIXTURE
REQ_SYN_SEG_0718_fricative_cog	SYN_CH11	SYN_SEG_SPK_20	SYN_SESSION_20	SYN_SEG_0718	fricative_cog	initial				Hz	requested			raw					SYN_GENERATOR_11042026	SYNTHETIC_TEACHING_FIXTURE
REQ_SYN_SEG_0719_fricative_duration	SYN_CH11	SYN_SEG_SPK_20	SYN_SESSION_20	SYN_SEG_0719	fricative_duration	medial				ms	requested			raw					SYN_GENERATOR_11042026	SYNTHETIC_TEACHING_FIXTURE
REQ_SYN_SEG_0719_fricative_cog	SYN_CH11	SYN_SEG_SPK_20	SYN_SESSION_20	SYN_SEG_0719	fricative_cog	medial				Hz	requested			raw					SYN_GENERATOR_11042026	SYNTHETIC_TEACHING_FIXTURE
REQ_SYN_SEG_0720_fricative_duration	SYN_CH11	SYN_SEG_SPK_20	SYN_SESSION_20	SYN_SEG_0720	fricative_duration	final				ms	requested			raw					SYN_GENERATOR_11042026	SYNTHETIC_TEACHING_FIXTURE
REQ_SYN_SEG_0720_fricative_cog	SYN_CH11	SYN_SEG_SPK_20	SYN_SESSION_20	SYN_SEG_0720	fricative_cog	final				Hz	requested			raw					SYN_GENERATOR_11042026	SYNTHETIC_TEACHING_FIXTURE
REQ_SYN_SEG_0721_vot	SYN_CH11	SYN_SEG_SPK_21	SYN_SESSION_21	SYN_SEG_0721	vot	initial				ms	requested			raw					SYN_GENERATOR_11042026	SYNTHETIC_TEACHING_FIXTURE
REQ_SYN_SEG_0721_closure_duration	SYN_CH11	SYN_SEG_SPK_21	SYN_SESSION_21	SYN_SEG_0721	closure_duration	initial				ms	requested			raw					SYN_GENERATOR_11042026	SYNTHETIC_TEACHING_FIXTURE
REQ_SYN_SEG_0721_vowel_onset_f0	SYN_CH11	SYN_SEG_SPK_21	SYN_SESSION_21	SYN_SEG_0721	vowel_onset_f0	initial				Hz	requested			raw					SYN_GENERATOR_11042026	SYNTHETIC_TEACHING_FIXTURE
REQ_SYN_SEG_0722_vot	SYN_CH11	SYN_SEG_SPK_21	SYN_SESSION_21	SYN_SEG_0722	vot	medial				ms	requested			raw					SYN_GENERATOR_11042026	SYNTHETIC_TEACHING_FIXTURE
REQ_SYN_SEG_0722_closure_duration	SYN_CH11	SYN_SEG_SPK_21	SYN_SESSION_21	SYN_SEG_0722	closure_duration	medial				ms	requested			raw					SYN_GENERATOR_11042026	SYNTHETIC_TEACHING_FIXTURE
REQ_SYN_SEG_0722_vowel_onset_f0	SYN_CH11	SYN_SEG_SPK_21	SYN_SESSION_21	SYN_SEG_0722	vowel_onset_f0	medial				Hz	requested			raw					SYN_GENERATOR_11042026	SYNTHETIC_TEACHING_FIXTURE
REQ_SYN_SEG_0723_vot	SYN_CH11	SYN_SEG_SPK_21	SYN_SESSION_21	SYN_SEG_0723	vot	final				ms	requested			raw					SYN_GENERATOR_11042026	SYNTHETIC_TEACHING_FIXTURE
REQ_SYN_SEG_0723_closure_duration	SYN_CH11	SYN_SEG_SPK_21	SYN_SESSION_21	SYN_SEG_0723	closure_duration	final				ms	requested			raw					SYN_GENERATOR_11042026	SYNTHETIC_TEACHING_FIXTURE
REQ_SYN_SEG_0723_vowel_onset_f0	SYN_CH11	SYN_SEG_SPK_21	SYN_SESSION_21	SYN_SEG_0723	vowel_onset_f0	final				Hz	requested			raw					SYN_GENERATOR_11042026	SYNTHETIC_TEACHING_FIXTURE
REQ_SYN_SEG_0724_vot	SYN_CH11	SYN_SEG_SPK_21	SYN_SESSION_21	SYN_SEG_0724	vot	initial				ms	requested			raw					SYN_GENERATOR_11042026	SYNTHETIC_TEACHING_FIXTURE
REQ_SYN_SEG_0724_closure_duration	SYN_CH11	SYN_SEG_SPK_21	SYN_SESSION_21	SYN_SEG_0724	closure_duration	initial				ms	requested			raw					SYN_GENERATOR_11042026	SYNTHETIC_TEACHING_FIXTURE
REQ_SYN_SEG_0724_vowel_onset_f0	SYN_CH11	SYN_SEG_SPK_21	SYN_SESSION_21	SYN_SEG_0724	vowel_onset_f0	initial				Hz	requested			raw					SYN_GENERATOR_11042026	SYNTHETIC_TEACHING_FIXTURE
REQ_SYN_SEG_0725_vot	SYN_CH11	SYN_SEG_SPK_21	SYN_SESSION_21	SYN_SEG_0725	vot	medial				ms	requested			raw					SYN_GENERATOR_11042026	SYNTHETIC_TEACHING_FIXTURE
REQ_SYN_SEG_0725_closure_duration	SYN_CH11	SYN_SEG_SPK_21	SYN_SESSION_21	SYN_SEG_0725	closure_duration	medial				ms	requested			raw					SYN_GENERATOR_11042026	SYNTHETIC_TEACHING_FIXTURE
REQ_SYN_SEG_0725_vowel_onset_f0	SYN_CH11	SYN_SEG_SPK_21	SYN_SESSION_21	SYN_SEG_0725	vowel_onset_f0	medial				Hz	requested			raw					SYN_GENERATOR_11042026	SYNTHETIC_TEACHING_FIXTURE
REQ_SYN_SEG_0726_vot	SYN_CH11	SYN_SEG_SPK_21	SYN_SESSION_21	SYN_SEG_0726	vot	final				ms	requested			raw					SYN_GENERATOR_11042026	SYNTHETIC_TEACHING_FIXTURE
REQ_SYN_SEG_0726_closure_duration	SYN_CH11	SYN_SEG_SPK_21	SYN_SESSION_21	SYN_SEG_0726	closure_duration	final				ms	requested			raw					SYN_GENERATOR_11042026	SYNTHETIC_TEACHING_FIXTURE
REQ_SYN_SEG_0726_vowel_onset_f0	SYN_CH11	SYN_SEG_SPK_21	SYN_SESSION_21	SYN_SEG_0726	vowel_onset_f0	final				Hz	requested			raw					SYN_GENERATOR_11042026	SYNTHETIC_TEACHING_FIXTURE
REQ_SYN_SEG_0727_vot	SYN_CH11	SYN_SEG_SPK_21	SYN_SESSION_21	SYN_SEG_0727	vot	initial				ms	requested			raw					SYN_GENERATOR_11042026	SYNTHETIC_TEACHING_FIXTURE
REQ_SYN_SEG_0727_closure_duration	SYN_CH11	SYN_SEG_SPK_21	SYN_SESSION_21	SYN_SEG_0727	closure_duration	initial				ms	requested			raw					SYN_GENERATOR_11042026	SYNTHETIC_TEACHING_FIXTURE
REQ_SYN_SEG_0727_vowel_onset_f0	SYN_CH11	SYN_SEG_SPK_21	SYN_SESSION_21	SYN_SEG_0727	vowel_onset_f0	initial				Hz	requested			raw					SYN_GENERATOR_11042026	SYNTHETIC_TEACHING_FIXTURE
REQ_SYN_SEG_0728_vot	SYN_CH11	SYN_SEG_SPK_21	SYN_SESSION_21	SYN_SEG_0728	vot	medial				ms	requested			raw					SYN_GENERATOR_11042026	SYNTHETIC_TEACHING_FIXTURE
REQ_SYN_SEG_0728_closure_duration	SYN_CH11	SYN_SEG_SPK_21	SYN_SESSION_21	SYN_SEG_0728	closure_duration	medial				ms	requested			raw					SYN_GENERATOR_11042026	SYNTHETIC_TEACHING_FIXTURE
REQ_SYN_SEG_0728_vowel_onset_f0	SYN_CH11	SYN_SEG_SPK_21	SYN_SESSION_21	SYN_SEG_0728	vowel_onset_f0	medial				Hz	requested			raw					SYN_GENERATOR_11042026	SYNTHETIC_TEACHING_FIXTURE
REQ_SYN_SEG_0729_vot	SYN_CH11	SYN_SEG_SPK_21	SYN_SESSION_21	SYN_SEG_0729	vot	final				ms	requested			raw					SYN_GENERATOR_11042026	SYNTHETIC_TEACHING_FIXTURE
REQ_SYN_SEG_0729_closure_duration	SYN_CH11	SYN_SEG_SPK_21	SYN_SESSION_21	SYN_SEG_0729	closure_duration	final				ms	requested			raw					SYN_GENERATOR_11042026	SYNTHETIC_TEACHING_FIXTURE
REQ_SYN_SEG_0729_vowel_onset_f0	SYN_CH11	SYN_SEG_SPK_21	SYN_SESSION_21	SYN_SEG_0729	vowel_onset_f0	final				Hz	requested			raw					SYN_GENERATOR_11042026	SYNTHETIC_TEACHING_FIXTURE
REQ_SYN_SEG_0730_vot	SYN_CH11	SYN_SEG_SPK_21	SYN_SESSION_21	SYN_SEG_0730	vot	initial				ms	requested			raw					SYN_GENERATOR_11042026	SYNTHETIC_TEACHING_FIXTURE
REQ_SYN_SEG_0730_closure_duration	SYN_CH11	SYN_SEG_SPK_21	SYN_SESSION_21	SYN_SEG_0730	closure_duration	initial				ms	requested			raw					SYN_GENERATOR_11042026	SYNTHETIC_TEACHING_FIXTURE
REQ_SYN_SEG_0730_vowel_onset_f0	SYN_CH11	SYN_SEG_SPK_21	SYN_SESSION_21	SYN_SEG_0730	vowel_onset_f0	initial				Hz	requested			raw					SYN_GENERATOR_11042026	SYNTHETIC_TEACHING_FIXTURE
REQ_SYN_SEG_0731_vot	SYN_CH11	SYN_SEG_SPK_21	SYN_SESSION_21	SYN_SEG_0731	vot	medial				ms	requested			raw					SYN_GENERATOR_11042026	SYNTHETIC_TEACHING_FIXTURE
REQ_SYN_SEG_0731_closure_duration	SYN_CH11	SYN_SEG_SPK_21	SYN_SESSION_21	SYN_SEG_0731	closure_duration	medial				ms	requested			raw					SYN_GENERATOR_11042026	SYNTHETIC_TEACHING_FIXTURE
REQ_SYN_SEG_0731_vowel_onset_f0	SYN_CH11	SYN_SEG_SPK_21	SYN_SESSION_21	SYN_SEG_0731	vowel_onset_f0	medial				Hz	requested			raw					SYN_GENERATOR_11042026	SYNTHETIC_TEACHING_FIXTURE
REQ_SYN_SEG_0732_vot	SYN_CH11	SYN_SEG_SPK_21	SYN_SESSION_21	SYN_SEG_0732	vot	final				ms	requested			raw					SYN_GENERATOR_11042026	SYNTHETIC_TEACHING_FIXTURE
REQ_SYN_SEG_0732_closure_duration	SYN_CH11	SYN_SEG_SPK_21	SYN_SESSION_21	SYN_SEG_0732	closure_duration	final				ms	requested			raw					SYN_GENERATOR_11042026	SYNTHETIC_TEACHING_FIXTURE
REQ_SYN_SEG_0732_vowel_onset_f0	SYN_CH11	SYN_SEG_SPK_21	SYN_SESSION_21	SYN_SEG_0732	vowel_onset_f0	final				Hz	requested			raw					SYN_GENERATOR_11042026	SYNTHETIC_TEACHING_FIXTURE
REQ_SYN_SEG_0733_vowel_duration	SYN_CH11	SYN_SEG_SPK_21	SYN_SESSION_21	SYN_SEG_0733	vowel_duration	initial				ms	requested		evaluation	raw					SYN_GENERATOR_11042026	SYNTHETIC_TEACHING_FIXTURE
REQ_SYN_SEG_0733_f1	SYN_CH11	SYN_SEG_SPK_21	SYN_SESSION_21	SYN_SEG_0733	f1	initial				Hz	requested		evaluation	raw					SYN_GENERATOR_11042026	SYNTHETIC_TEACHING_FIXTURE
REQ_SYN_SEG_0733_f2	SYN_CH11	SYN_SEG_SPK_21	SYN_SESSION_21	SYN_SEG_0733	f2	initial				Hz	requested		evaluation	raw					SYN_GENERATOR_11042026	SYNTHETIC_TEACHING_FIXTURE
REQ_SYN_SEG_0733_f3	SYN_CH11	SYN_SEG_SPK_21	SYN_SESSION_21	SYN_SEG_0733	f3	initial				Hz	requested		evaluation	raw					SYN_GENERATOR_11042026	SYNTHETIC_TEACHING_FIXTURE
REQ_SYN_SEG_0734_vowel_duration	SYN_CH11	SYN_SEG_SPK_21	SYN_SESSION_21	SYN_SEG_0734	vowel_duration	medial				ms	requested		evaluation	raw					SYN_GENERATOR_11042026	SYNTHETIC_TEACHING_FIXTURE
REQ_SYN_SEG_0734_f1	SYN_CH11	SYN_SEG_SPK_21	SYN_SESSION_21	SYN_SEG_0734	f1	medial				Hz	requested		evaluation	raw					SYN_GENERATOR_11042026	SYNTHETIC_TEACHING_FIXTURE
REQ_SYN_SEG_0734_f2	SYN_CH11	SYN_SEG_SPK_21	SYN_SESSION_21	SYN_SEG_0734	f2	medial				Hz	requested		evaluation	raw					SYN_GENERATOR_11042026	SYNTHETIC_TEACHING_FIXTURE
REQ_SYN_SEG_0734_f3	SYN_CH11	SYN_SEG_SPK_21	SYN_SESSION_21	SYN_SEG_0734	f3	medial				Hz	requested		evaluation	raw					SYN_GENERATOR_11042026	SYNTHETIC_TEACHING_FIXTURE
REQ_SYN_SEG_0735_vowel_duration	SYN_CH11	SYN_SEG_SPK_21	SYN_SESSION_21	SYN_SEG_0735	vowel_duration	final				ms	requested		evaluation	raw					SYN_GENERATOR_11042026	SYNTHETIC_TEACHING_FIXTURE
REQ_SYN_SEG_0735_f1	SYN_CH11	SYN_SEG_SPK_21	SYN_SESSION_21	SYN_SEG_0735	f1	final				Hz	requested		evaluation	raw					SYN_GENERATOR_11042026	SYNTHETIC_TEACHING_FIXTURE
REQ_SYN_SEG_0735_f2	SYN_CH11	SYN_SEG_SPK_21	SYN_SESSION_21	SYN_SEG_0735	f2	final				Hz	requested		evaluation	raw					SYN_GENERATOR_11042026	SYNTHETIC_TEACHING_FIXTURE
REQ_SYN_SEG_0735_f3	SYN_CH11	SYN_SEG_SPK_21	SYN_SESSION_21	SYN_SEG_0735	f3	final				Hz	requested		evaluation	raw					SYN_GENERATOR_11042026	SYNTHETIC_TEACHING_FIXTURE
REQ_SYN_SEG_0736_vowel_duration	SYN_CH11	SYN_SEG_SPK_21	SYN_SESSION_21	SYN_SEG_0736	vowel_duration	initial				ms	requested		evaluation	raw					SYN_GENERATOR_11042026	SYNTHETIC_TEACHING_FIXTURE
REQ_SYN_SEG_0736_f1	SYN_CH11	SYN_SEG_SPK_21	SYN_SESSION_21	SYN_SEG_0736	f1	initial				Hz	requested		evaluation	raw					SYN_GENERATOR_11042026	SYNTHETIC_TEACHING_FIXTURE
REQ_SYN_SEG_0736_f2	SYN_CH11	SYN_SEG_SPK_21	SYN_SESSION_21	SYN_SEG_0736	f2	initial				Hz	requested		evaluation	raw					SYN_GENERATOR_11042026	SYNTHETIC_TEACHING_FIXTURE
REQ_SYN_SEG_0736_f3	SYN_CH11	SYN_SEG_SPK_21	SYN_SESSION_21	SYN_SEG_0736	f3	initial				Hz	requested		evaluation	raw					SYN_GENERATOR_11042026	SYNTHETIC_TEACHING_FIXTURE
REQ_SYN_SEG_0737_vowel_duration	SYN_CH11	SYN_SEG_SPK_21	SYN_SESSION_21	SYN_SEG_0737	vowel_duration	medial				ms	requested		evaluation	raw					SYN_GENERATOR_11042026	SYNTHETIC_TEACHING_FIXTURE
REQ_SYN_SEG_0737_f1	SYN_CH11	SYN_SEG_SPK_21	SYN_SESSION_21	SYN_SEG_0737	f1	medial				Hz	requested		evaluation	raw					SYN_GENERATOR_11042026	SYNTHETIC_TEACHING_FIXTURE
REQ_SYN_SEG_0737_f2	SYN_CH11	SYN_SEG_SPK_21	SYN_SESSION_21	SYN_SEG_0737	f2	medial				Hz	requested		evaluation	raw					SYN_GENERATOR_11042026	SYNTHETIC_TEACHING_FIXTURE
REQ_SYN_SEG_0737_f3	SYN_CH11	SYN_SEG_SPK_21	SYN_SESSION_21	SYN_SEG_0737	f3	medial				Hz	requested		evaluation	raw					SYN_GENERATOR_11042026	SYNTHETIC_TEACHING_FIXTURE
REQ_SYN_SEG_0738_vowel_duration	SYN_CH11	SYN_SEG_SPK_21	SYN_SESSION_21	SYN_SEG_0738	vowel_duration	final				ms	requested		evaluation	raw					SYN_GENERATOR_11042026	SYNTHETIC_TEACHING_FIXTURE
REQ_SYN_SEG_0738_f1	SYN_CH11	SYN_SEG_SPK_21	SYN_SESSION_21	SYN_SEG_0738	f1	final				Hz	requested		evaluation	raw					SYN_GENERATOR_11042026	SYNTHETIC_TEACHING_FIXTURE
REQ_SYN_SEG_0738_f2	SYN_CH11	SYN_SEG_SPK_21	SYN_SESSION_21	SYN_SEG_0738	f2	final				Hz	requested		evaluation	raw					SYN_GENERATOR_11042026	SYNTHETIC_TEACHING_FIXTURE
REQ_SYN_SEG_0738_f3	SYN_CH11	SYN_SEG_SPK_21	SYN_SESSION_21	SYN_SEG_0738	f3	final				Hz	requested		evaluation	raw					SYN_GENERATOR_11042026	SYNTHETIC_TEACHING_FIXTURE
REQ_SYN_SEG_0739_vowel_duration	SYN_CH11	SYN_SEG_SPK_21	SYN_SESSION_21	SYN_SEG_0739	vowel_duration	initial				ms	requested		evaluation	raw					SYN_GENERATOR_11042026	SYNTHETIC_TEACHING_FIXTURE
REQ_SYN_SEG_0739_f1	SYN_CH11	SYN_SEG_SPK_21	SYN_SESSION_21	SYN_SEG_0739	f1	initial				Hz	requested		evaluation	raw					SYN_GENERATOR_11042026	SYNTHETIC_TEACHING_FIXTURE
REQ_SYN_SEG_0739_f2	SYN_CH11	SYN_SEG_SPK_21	SYN_SESSION_21	SYN_SEG_0739	f2	initial				Hz	requested		evaluation	raw					SYN_GENERATOR_11042026	SYNTHETIC_TEACHING_FIXTURE
REQ_SYN_SEG_0739_f3	SYN_CH11	SYN_SEG_SPK_21	SYN_SESSION_21	SYN_SEG_0739	f3	initial				Hz	requested		evaluation	raw					SYN_GENERATOR_11042026	SYNTHETIC_TEACHING_FIXTURE
REQ_SYN_SEG_0740_vowel_duration	SYN_CH11	SYN_SEG_SPK_21	SYN_SESSION_21	SYN_SEG_0740	vowel_duration	medial				ms	requested		evaluation	raw					SYN_GENERATOR_11042026	SYNTHETIC_TEACHING_FIXTURE
REQ_SYN_SEG_0740_f1	SYN_CH11	SYN_SEG_SPK_21	SYN_SESSION_21	SYN_SEG_0740	f1	medial				Hz	requested		evaluation	raw					SYN_GENERATOR_11042026	SYNTHETIC_TEACHING_FIXTURE
REQ_SYN_SEG_0740_f2	SYN_CH11	SYN_SEG_SPK_21	SYN_SESSION_21	SYN_SEG_0740	f2	medial				Hz	requested		evaluation	raw					SYN_GENERATOR_11042026	SYNTHETIC_TEACHING_FIXTURE
REQ_SYN_SEG_0740_f3	SYN_CH11	SYN_SEG_SPK_21	SYN_SESSION_21	SYN_SEG_0740	f3	medial				Hz	requested		evaluation	raw					SYN_GENERATOR_11042026	SYNTHETIC_TEACHING_FIXTURE
REQ_SYN_SEG_0741_vowel_duration	SYN_CH11	SYN_SEG_SPK_21	SYN_SESSION_21	SYN_SEG_0741	vowel_duration	final				ms	requested		evaluation	raw					SYN_GENERATOR_11042026	SYNTHETIC_TEACHING_FIXTURE
REQ_SYN_SEG_0741_f1	SYN_CH11	SYN_SEG_SPK_21	SYN_SESSION_21	SYN_SEG_0741	f1	final				Hz	requested		evaluation	raw					SYN_GENERATOR_11042026	SYNTHETIC_TEACHING_FIXTURE
REQ_SYN_SEG_0741_f2	SYN_CH11	SYN_SEG_SPK_21	SYN_SESSION_21	SYN_SEG_0741	f2	final				Hz	requested		evaluation	raw					SYN_GENERATOR_11042026	SYNTHETIC_TEACHING_FIXTURE
REQ_SYN_SEG_0741_f3	SYN_CH11	SYN_SEG_SPK_21	SYN_SESSION_21	SYN_SEG_0741	f3	final				Hz	requested		evaluation	raw					SYN_GENERATOR_11042026	SYNTHETIC_TEACHING_FIXTURE
REQ_SYN_SEG_0742_vowel_duration	SYN_CH11	SYN_SEG_SPK_21	SYN_SESSION_21	SYN_SEG_0742	vowel_duration	initial				ms	requested		evaluation	raw					SYN_GENERATOR_11042026	SYNTHETIC_TEACHING_FIXTURE
REQ_SYN_SEG_0742_f1	SYN_CH11	SYN_SEG_SPK_21	SYN_SESSION_21	SYN_SEG_0742	f1	initial				Hz	requested		evaluation	raw					SYN_GENERATOR_11042026	SYNTHETIC_TEACHING_FIXTURE
REQ_SYN_SEG_0742_f2	SYN_CH11	SYN_SEG_SPK_21	SYN_SESSION_21	SYN_SEG_0742	f2	initial				Hz	requested		evaluation	raw					SYN_GENERATOR_11042026	SYNTHETIC_TEACHING_FIXTURE
REQ_SYN_SEG_0742_f3	SYN_CH11	SYN_SEG_SPK_21	SYN_SESSION_21	SYN_SEG_0742	f3	initial				Hz	requested		evaluation	raw					SYN_GENERATOR_11042026	SYNTHETIC_TEACHING_FIXTURE
REQ_SYN_SEG_0743_vowel_duration	SYN_CH11	SYN_SEG_SPK_21	SYN_SESSION_21	SYN_SEG_0743	vowel_duration	medial				ms	requested		evaluation	raw					SYN_GENERATOR_11042026	SYNTHETIC_TEACHING_FIXTURE
REQ_SYN_SEG_0743_f1	SYN_CH11	SYN_SEG_SPK_21	SYN_SESSION_21	SYN_SEG_0743	f1	medial				Hz	requested		evaluation	raw					SYN_GENERATOR_11042026	SYNTHETIC_TEACHING_FIXTURE
REQ_SYN_SEG_0743_f2	SYN_CH11	SYN_SEG_SPK_21	SYN_SESSION_21	SYN_SEG_0743	f2	medial				Hz	requested		evaluation	raw					SYN_GENERATOR_11042026	SYNTHETIC_TEACHING_FIXTURE
REQ_SYN_SEG_0743_f3	SYN_CH11	SYN_SEG_SPK_21	SYN_SESSION_21	SYN_SEG_0743	f3	medial				Hz	requested		evaluation	raw					SYN_GENERATOR_11042026	SYNTHETIC_TEACHING_FIXTURE
REQ_SYN_SEG_0744_vowel_duration	SYN_CH11	SYN_SEG_SPK_21	SYN_SESSION_21	SYN_SEG_0744	vowel_duration	final				ms	requested		evaluation	raw					SYN_GENERATOR_11042026	SYNTHETIC_TEACHING_FIXTURE
REQ_SYN_SEG_0744_f1	SYN_CH11	SYN_SEG_SPK_21	SYN_SESSION_21	SYN_SEG_0744	f1	final				Hz	requested		evaluation	raw					SYN_GENERATOR_11042026	SYNTHETIC_TEACHING_FIXTURE
REQ_SYN_SEG_0744_f2	SYN_CH11	SYN_SEG_SPK_21	SYN_SESSION_21	SYN_SEG_0744	f2	final				Hz	requested		evaluation	raw					SYN_GENERATOR_11042026	SYNTHETIC_TEACHING_FIXTURE
REQ_SYN_SEG_0744_f3	SYN_CH11	SYN_SEG_SPK_21	SYN_SESSION_21	SYN_SEG_0744	f3	final				Hz	requested		evaluation	raw					SYN_GENERATOR_11042026	SYNTHETIC_TEACHING_FIXTURE
REQ_SYN_SEG_0745_fricative_duration	SYN_CH11	SYN_SEG_SPK_21	SYN_SESSION_21	SYN_SEG_0745	fricative_duration	initial				ms	requested			raw					SYN_GENERATOR_11042026	SYNTHETIC_TEACHING_FIXTURE
REQ_SYN_SEG_0745_fricative_cog	SYN_CH11	SYN_SEG_SPK_21	SYN_SESSION_21	SYN_SEG_0745	fricative_cog	initial				Hz	requested			raw					SYN_GENERATOR_11042026	SYNTHETIC_TEACHING_FIXTURE
REQ_SYN_SEG_0746_fricative_duration	SYN_CH11	SYN_SEG_SPK_21	SYN_SESSION_21	SYN_SEG_0746	fricative_duration	medial				ms	requested			raw					SYN_GENERATOR_11042026	SYNTHETIC_TEACHING_FIXTURE
REQ_SYN_SEG_0746_fricative_cog	SYN_CH11	SYN_SEG_SPK_21	SYN_SESSION_21	SYN_SEG_0746	fricative_cog	medial				Hz	requested			raw					SYN_GENERATOR_11042026	SYNTHETIC_TEACHING_FIXTURE
REQ_SYN_SEG_0747_fricative_duration	SYN_CH11	SYN_SEG_SPK_21	SYN_SESSION_21	SYN_SEG_0747	fricative_duration	final				ms	requested			raw					SYN_GENERATOR_11042026	SYNTHETIC_TEACHING_FIXTURE
REQ_SYN_SEG_0747_fricative_cog	SYN_CH11	SYN_SEG_SPK_21	SYN_SESSION_21	SYN_SEG_0747	fricative_cog	final				Hz	requested			raw					SYN_GENERATOR_11042026	SYNTHETIC_TEACHING_FIXTURE
REQ_SYN_SEG_0748_fricative_duration	SYN_CH11	SYN_SEG_SPK_21	SYN_SESSION_21	SYN_SEG_0748	fricative_duration	initial				ms	requested			raw					SYN_GENERATOR_11042026	SYNTHETIC_TEACHING_FIXTURE
REQ_SYN_SEG_0748_fricative_cog	SYN_CH11	SYN_SEG_SPK_21	SYN_SESSION_21	SYN_SEG_0748	fricative_cog	initial				Hz	requested			raw					SYN_GENERATOR_11042026	SYNTHETIC_TEACHING_FIXTURE
REQ_SYN_SEG_0749_fricative_duration	SYN_CH11	SYN_SEG_SPK_21	SYN_SESSION_21	SYN_SEG_0749	fricative_duration	medial				ms	requested			raw					SYN_GENERATOR_11042026	SYNTHETIC_TEACHING_FIXTURE
REQ_SYN_SEG_0749_fricative_cog	SYN_CH11	SYN_SEG_SPK_21	SYN_SESSION_21	SYN_SEG_0749	fricative_cog	medial				Hz	requested			raw					SYN_GENERATOR_11042026	SYNTHETIC_TEACHING_FIXTURE
REQ_SYN_SEG_0750_fricative_duration	SYN_CH11	SYN_SEG_SPK_21	SYN_SESSION_21	SYN_SEG_0750	fricative_duration	final				ms	requested			raw					SYN_GENERATOR_11042026	SYNTHETIC_TEACHING_FIXTURE
REQ_SYN_SEG_0750_fricative_cog	SYN_CH11	SYN_SEG_SPK_21	SYN_SESSION_21	SYN_SEG_0750	fricative_cog	final				Hz	requested			raw					SYN_GENERATOR_11042026	SYNTHETIC_TEACHING_FIXTURE
REQ_SYN_SEG_0751_fricative_duration	SYN_CH11	SYN_SEG_SPK_21	SYN_SESSION_21	SYN_SEG_0751	fricative_duration	initial				ms	requested			raw					SYN_GENERATOR_11042026	SYNTHETIC_TEACHING_FIXTURE
REQ_SYN_SEG_0751_fricative_cog	SYN_CH11	SYN_SEG_SPK_21	SYN_SESSION_21	SYN_SEG_0751	fricative_cog	initial				Hz	requested			raw					SYN_GENERATOR_11042026	SYNTHETIC_TEACHING_FIXTURE
REQ_SYN_SEG_0752_fricative_duration	SYN_CH11	SYN_SEG_SPK_21	SYN_SESSION_21	SYN_SEG_0752	fricative_duration	medial				ms	requested			raw					SYN_GENERATOR_11042026	SYNTHETIC_TEACHING_FIXTURE
REQ_SYN_SEG_0752_fricative_cog	SYN_CH11	SYN_SEG_SPK_21	SYN_SESSION_21	SYN_SEG_0752	fricative_cog	medial				Hz	requested			raw					SYN_GENERATOR_11042026	SYNTHETIC_TEACHING_FIXTURE
REQ_SYN_SEG_0753_fricative_duration	SYN_CH11	SYN_SEG_SPK_21	SYN_SESSION_21	SYN_SEG_0753	fricative_duration	final				ms	requested			raw					SYN_GENERATOR_11042026	SYNTHETIC_TEACHING_FIXTURE
REQ_SYN_SEG_0753_fricative_cog	SYN_CH11	SYN_SEG_SPK_21	SYN_SESSION_21	SYN_SEG_0753	fricative_cog	final				Hz	requested			raw					SYN_GENERATOR_11042026	SYNTHETIC_TEACHING_FIXTURE
REQ_SYN_SEG_0754_fricative_duration	SYN_CH11	SYN_SEG_SPK_21	SYN_SESSION_21	SYN_SEG_0754	fricative_duration	initial				ms	requested			raw					SYN_GENERATOR_11042026	SYNTHETIC_TEACHING_FIXTURE
REQ_SYN_SEG_0754_fricative_cog	SYN_CH11	SYN_SEG_SPK_21	SYN_SESSION_21	SYN_SEG_0754	fricative_cog	initial				Hz	requested			raw					SYN_GENERATOR_11042026	SYNTHETIC_TEACHING_FIXTURE
REQ_SYN_SEG_0755_fricative_duration	SYN_CH11	SYN_SEG_SPK_21	SYN_SESSION_21	SYN_SEG_0755	fricative_duration	medial				ms	requested			raw					SYN_GENERATOR_11042026	SYNTHETIC_TEACHING_FIXTURE
REQ_SYN_SEG_0755_fricative_cog	SYN_CH11	SYN_SEG_SPK_21	SYN_SESSION_21	SYN_SEG_0755	fricative_cog	medial				Hz	requested			raw					SYN_GENERATOR_11042026	SYNTHETIC_TEACHING_FIXTURE
REQ_SYN_SEG_0756_fricative_duration	SYN_CH11	SYN_SEG_SPK_21	SYN_SESSION_21	SYN_SEG_0756	fricative_duration	final				ms	requested			raw					SYN_GENERATOR_11042026	SYNTHETIC_TEACHING_FIXTURE
REQ_SYN_SEG_0756_fricative_cog	SYN_CH11	SYN_SEG_SPK_21	SYN_SESSION_21	SYN_SEG_0756	fricative_cog	final				Hz	requested			raw					SYN_GENERATOR_11042026	SYNTHETIC_TEACHING_FIXTURE
REQ_SYN_SEG_0757_vot	SYN_CH11	SYN_SEG_SPK_22	SYN_SESSION_22	SYN_SEG_0757	vot	initial				ms	requested			raw					SYN_GENERATOR_11042026	SYNTHETIC_TEACHING_FIXTURE
REQ_SYN_SEG_0757_closure_duration	SYN_CH11	SYN_SEG_SPK_22	SYN_SESSION_22	SYN_SEG_0757	closure_duration	initial				ms	requested			raw					SYN_GENERATOR_11042026	SYNTHETIC_TEACHING_FIXTURE
REQ_SYN_SEG_0757_vowel_onset_f0	SYN_CH11	SYN_SEG_SPK_22	SYN_SESSION_22	SYN_SEG_0757	vowel_onset_f0	initial				Hz	requested			raw					SYN_GENERATOR_11042026	SYNTHETIC_TEACHING_FIXTURE
REQ_SYN_SEG_0758_vot	SYN_CH11	SYN_SEG_SPK_22	SYN_SESSION_22	SYN_SEG_0758	vot	medial				ms	requested			raw					SYN_GENERATOR_11042026	SYNTHETIC_TEACHING_FIXTURE
REQ_SYN_SEG_0758_closure_duration	SYN_CH11	SYN_SEG_SPK_22	SYN_SESSION_22	SYN_SEG_0758	closure_duration	medial				ms	requested			raw					SYN_GENERATOR_11042026	SYNTHETIC_TEACHING_FIXTURE
REQ_SYN_SEG_0758_vowel_onset_f0	SYN_CH11	SYN_SEG_SPK_22	SYN_SESSION_22	SYN_SEG_0758	vowel_onset_f0	medial				Hz	requested			raw					SYN_GENERATOR_11042026	SYNTHETIC_TEACHING_FIXTURE
REQ_SYN_SEG_0759_vot	SYN_CH11	SYN_SEG_SPK_22	SYN_SESSION_22	SYN_SEG_0759	vot	final				ms	requested			raw					SYN_GENERATOR_11042026	SYNTHETIC_TEACHING_FIXTURE
REQ_SYN_SEG_0759_closure_duration	SYN_CH11	SYN_SEG_SPK_22	SYN_SESSION_22	SYN_SEG_0759	closure_duration	final				ms	requested			raw					SYN_GENERATOR_11042026	SYNTHETIC_TEACHING_FIXTURE
REQ_SYN_SEG_0759_vowel_onset_f0	SYN_CH11	SYN_SEG_SPK_22	SYN_SESSION_22	SYN_SEG_0759	vowel_onset_f0	final				Hz	requested			raw					SYN_GENERATOR_11042026	SYNTHETIC_TEACHING_FIXTURE
REQ_SYN_SEG_0760_vot	SYN_CH11	SYN_SEG_SPK_22	SYN_SESSION_22	SYN_SEG_0760	vot	initial				ms	requested			raw					SYN_GENERATOR_11042026	SYNTHETIC_TEACHING_FIXTURE
REQ_SYN_SEG_0760_closure_duration	SYN_CH11	SYN_SEG_SPK_22	SYN_SESSION_22	SYN_SEG_0760	closure_duration	initial				ms	requested			raw					SYN_GENERATOR_11042026	SYNTHETIC_TEACHING_FIXTURE
REQ_SYN_SEG_0760_vowel_onset_f0	SYN_CH11	SYN_SEG_SPK_22	SYN_SESSION_22	SYN_SEG_0760	vowel_onset_f0	initial				Hz	requested			raw					SYN_GENERATOR_11042026	SYNTHETIC_TEACHING_FIXTURE
REQ_SYN_SEG_0761_vot	SYN_CH11	SYN_SEG_SPK_22	SYN_SESSION_22	SYN_SEG_0761	vot	medial				ms	requested			raw					SYN_GENERATOR_11042026	SYNTHETIC_TEACHING_FIXTURE
REQ_SYN_SEG_0761_closure_duration	SYN_CH11	SYN_SEG_SPK_22	SYN_SESSION_22	SYN_SEG_0761	closure_duration	medial				ms	requested			raw					SYN_GENERATOR_11042026	SYNTHETIC_TEACHING_FIXTURE
REQ_SYN_SEG_0761_vowel_onset_f0	SYN_CH11	SYN_SEG_SPK_22	SYN_SESSION_22	SYN_SEG_0761	vowel_onset_f0	medial				Hz	requested			raw					SYN_GENERATOR_11042026	SYNTHETIC_TEACHING_FIXTURE
REQ_SYN_SEG_0762_vot	SYN_CH11	SYN_SEG_SPK_22	SYN_SESSION_22	SYN_SEG_0762	vot	final				ms	requested			raw					SYN_GENERATOR_11042026	SYNTHETIC_TEACHING_FIXTURE
REQ_SYN_SEG_0762_closure_duration	SYN_CH11	SYN_SEG_SPK_22	SYN_SESSION_22	SYN_SEG_0762	closure_duration	final				ms	requested			raw					SYN_GENERATOR_11042026	SYNTHETIC_TEACHING_FIXTURE
REQ_SYN_SEG_0762_vowel_onset_f0	SYN_CH11	SYN_SEG_SPK_22	SYN_SESSION_22	SYN_SEG_0762	vowel_onset_f0	final				Hz	requested			raw					SYN_GENERATOR_11042026	SYNTHETIC_TEACHING_FIXTURE
REQ_SYN_SEG_0763_vot	SYN_CH11	SYN_SEG_SPK_22	SYN_SESSION_22	SYN_SEG_0763	vot	initial				ms	requested			raw					SYN_GENERATOR_11042026	SYNTHETIC_TEACHING_FIXTURE
REQ_SYN_SEG_0763_closure_duration	SYN_CH11	SYN_SEG_SPK_22	SYN_SESSION_22	SYN_SEG_0763	closure_duration	initial				ms	requested			raw					SYN_GENERATOR_11042026	SYNTHETIC_TEACHING_FIXTURE
REQ_SYN_SEG_0763_vowel_onset_f0	SYN_CH11	SYN_SEG_SPK_22	SYN_SESSION_22	SYN_SEG_0763	vowel_onset_f0	initial				Hz	requested			raw					SYN_GENERATOR_11042026	SYNTHETIC_TEACHING_FIXTURE
REQ_SYN_SEG_0764_vot	SYN_CH11	SYN_SEG_SPK_22	SYN_SESSION_22	SYN_SEG_0764	vot	medial				ms	requested			raw					SYN_GENERATOR_11042026	SYNTHETIC_TEACHING_FIXTURE
REQ_SYN_SEG_0764_closure_duration	SYN_CH11	SYN_SEG_SPK_22	SYN_SESSION_22	SYN_SEG_0764	closure_duration	medial				ms	requested			raw					SYN_GENERATOR_11042026	SYNTHETIC_TEACHING_FIXTURE
REQ_SYN_SEG_0764_vowel_onset_f0	SYN_CH11	SYN_SEG_SPK_22	SYN_SESSION_22	SYN_SEG_0764	vowel_onset_f0	medial				Hz	requested			raw					SYN_GENERATOR_11042026	SYNTHETIC_TEACHING_FIXTURE
REQ_SYN_SEG_0765_vot	SYN_CH11	SYN_SEG_SPK_22	SYN_SESSION_22	SYN_SEG_0765	vot	final				ms	requested			raw					SYN_GENERATOR_11042026	SYNTHETIC_TEACHING_FIXTURE
REQ_SYN_SEG_0765_closure_duration	SYN_CH11	SYN_SEG_SPK_22	SYN_SESSION_22	SYN_SEG_0765	closure_duration	final				ms	requested			raw					SYN_GENERATOR_11042026	SYNTHETIC_TEACHING_FIXTURE
REQ_SYN_SEG_0765_vowel_onset_f0	SYN_CH11	SYN_SEG_SPK_22	SYN_SESSION_22	SYN_SEG_0765	vowel_onset_f0	final				Hz	requested			raw					SYN_GENERATOR_11042026	SYNTHETIC_TEACHING_FIXTURE
REQ_SYN_SEG_0766_vot	SYN_CH11	SYN_SEG_SPK_22	SYN_SESSION_22	SYN_SEG_0766	vot	initial				ms	requested			raw					SYN_GENERATOR_11042026	SYNTHETIC_TEACHING_FIXTURE
REQ_SYN_SEG_0766_closure_duration	SYN_CH11	SYN_SEG_SPK_22	SYN_SESSION_22	SYN_SEG_0766	closure_duration	initial				ms	requested			raw					SYN_GENERATOR_11042026	SYNTHETIC_TEACHING_FIXTURE
REQ_SYN_SEG_0766_vowel_onset_f0	SYN_CH11	SYN_SEG_SPK_22	SYN_SESSION_22	SYN_SEG_0766	vowel_onset_f0	initial				Hz	requested			raw					SYN_GENERATOR_11042026	SYNTHETIC_TEACHING_FIXTURE
REQ_SYN_SEG_0767_vot	SYN_CH11	SYN_SEG_SPK_22	SYN_SESSION_22	SYN_SEG_0767	vot	medial				ms	requested			raw					SYN_GENERATOR_11042026	SYNTHETIC_TEACHING_FIXTURE
REQ_SYN_SEG_0767_closure_duration	SYN_CH11	SYN_SEG_SPK_22	SYN_SESSION_22	SYN_SEG_0767	closure_duration	medial				ms	requested			raw					SYN_GENERATOR_11042026	SYNTHETIC_TEACHING_FIXTURE
REQ_SYN_SEG_0767_vowel_onset_f0	SYN_CH11	SYN_SEG_SPK_22	SYN_SESSION_22	SYN_SEG_0767	vowel_onset_f0	medial				Hz	requested			raw					SYN_GENERATOR_11042026	SYNTHETIC_TEACHING_FIXTURE
REQ_SYN_SEG_0768_vot	SYN_CH11	SYN_SEG_SPK_22	SYN_SESSION_22	SYN_SEG_0768	vot	final				ms	requested			raw					SYN_GENERATOR_11042026	SYNTHETIC_TEACHING_FIXTURE
REQ_SYN_SEG_0768_closure_duration	SYN_CH11	SYN_SEG_SPK_22	SYN_SESSION_22	SYN_SEG_0768	closure_duration	final				ms	requested			raw					SYN_GENERATOR_11042026	SYNTHETIC_TEACHING_FIXTURE
REQ_SYN_SEG_0768_vowel_onset_f0	SYN_CH11	SYN_SEG_SPK_22	SYN_SESSION_22	SYN_SEG_0768	vowel_onset_f0	final				Hz	requested			raw					SYN_GENERATOR_11042026	SYNTHETIC_TEACHING_FIXTURE
REQ_SYN_SEG_0769_vowel_duration	SYN_CH11	SYN_SEG_SPK_22	SYN_SESSION_22	SYN_SEG_0769	vowel_duration	initial				ms	requested		evaluation	raw					SYN_GENERATOR_11042026	SYNTHETIC_TEACHING_FIXTURE
REQ_SYN_SEG_0769_f1	SYN_CH11	SYN_SEG_SPK_22	SYN_SESSION_22	SYN_SEG_0769	f1	initial				Hz	requested		evaluation	raw					SYN_GENERATOR_11042026	SYNTHETIC_TEACHING_FIXTURE
REQ_SYN_SEG_0769_f2	SYN_CH11	SYN_SEG_SPK_22	SYN_SESSION_22	SYN_SEG_0769	f2	initial				Hz	requested		evaluation	raw					SYN_GENERATOR_11042026	SYNTHETIC_TEACHING_FIXTURE
REQ_SYN_SEG_0769_f3	SYN_CH11	SYN_SEG_SPK_22	SYN_SESSION_22	SYN_SEG_0769	f3	initial				Hz	requested		evaluation	raw					SYN_GENERATOR_11042026	SYNTHETIC_TEACHING_FIXTURE
REQ_SYN_SEG_0770_vowel_duration	SYN_CH11	SYN_SEG_SPK_22	SYN_SESSION_22	SYN_SEG_0770	vowel_duration	medial				ms	requested		evaluation	raw					SYN_GENERATOR_11042026	SYNTHETIC_TEACHING_FIXTURE
REQ_SYN_SEG_0770_f1	SYN_CH11	SYN_SEG_SPK_22	SYN_SESSION_22	SYN_SEG_0770	f1	medial				Hz	requested		evaluation	raw					SYN_GENERATOR_11042026	SYNTHETIC_TEACHING_FIXTURE
REQ_SYN_SEG_0770_f2	SYN_CH11	SYN_SEG_SPK_22	SYN_SESSION_22	SYN_SEG_0770	f2	medial				Hz	requested		evaluation	raw					SYN_GENERATOR_11042026	SYNTHETIC_TEACHING_FIXTURE
REQ_SYN_SEG_0770_f3	SYN_CH11	SYN_SEG_SPK_22	SYN_SESSION_22	SYN_SEG_0770	f3	medial				Hz	requested		evaluation	raw					SYN_GENERATOR_11042026	SYNTHETIC_TEACHING_FIXTURE
REQ_SYN_SEG_0771_vowel_duration	SYN_CH11	SYN_SEG_SPK_22	SYN_SESSION_22	SYN_SEG_0771	vowel_duration	final				ms	requested		evaluation	raw					SYN_GENERATOR_11042026	SYNTHETIC_TEACHING_FIXTURE
REQ_SYN_SEG_0771_f1	SYN_CH11	SYN_SEG_SPK_22	SYN_SESSION_22	SYN_SEG_0771	f1	final				Hz	requested		evaluation	raw					SYN_GENERATOR_11042026	SYNTHETIC_TEACHING_FIXTURE
REQ_SYN_SEG_0771_f2	SYN_CH11	SYN_SEG_SPK_22	SYN_SESSION_22	SYN_SEG_0771	f2	final				Hz	requested		evaluation	raw					SYN_GENERATOR_11042026	SYNTHETIC_TEACHING_FIXTURE
REQ_SYN_SEG_0771_f3	SYN_CH11	SYN_SEG_SPK_22	SYN_SESSION_22	SYN_SEG_0771	f3	final				Hz	requested		evaluation	raw					SYN_GENERATOR_11042026	SYNTHETIC_TEACHING_FIXTURE
REQ_SYN_SEG_0772_vowel_duration	SYN_CH11	SYN_SEG_SPK_22	SYN_SESSION_22	SYN_SEG_0772	vowel_duration	initial				ms	requested		evaluation	raw					SYN_GENERATOR_11042026	SYNTHETIC_TEACHING_FIXTURE
REQ_SYN_SEG_0772_f1	SYN_CH11	SYN_SEG_SPK_22	SYN_SESSION_22	SYN_SEG_0772	f1	initial				Hz	requested		evaluation	raw					SYN_GENERATOR_11042026	SYNTHETIC_TEACHING_FIXTURE
REQ_SYN_SEG_0772_f2	SYN_CH11	SYN_SEG_SPK_22	SYN_SESSION_22	SYN_SEG_0772	f2	initial				Hz	requested		evaluation	raw					SYN_GENERATOR_11042026	SYNTHETIC_TEACHING_FIXTURE
REQ_SYN_SEG_0772_f3	SYN_CH11	SYN_SEG_SPK_22	SYN_SESSION_22	SYN_SEG_0772	f3	initial				Hz	requested		evaluation	raw					SYN_GENERATOR_11042026	SYNTHETIC_TEACHING_FIXTURE
REQ_SYN_SEG_0773_vowel_duration	SYN_CH11	SYN_SEG_SPK_22	SYN_SESSION_22	SYN_SEG_0773	vowel_duration	medial				ms	requested		evaluation	raw					SYN_GENERATOR_11042026	SYNTHETIC_TEACHING_FIXTURE
REQ_SYN_SEG_0773_f1	SYN_CH11	SYN_SEG_SPK_22	SYN_SESSION_22	SYN_SEG_0773	f1	medial				Hz	requested		evaluation	raw					SYN_GENERATOR_11042026	SYNTHETIC_TEACHING_FIXTURE
REQ_SYN_SEG_0773_f2	SYN_CH11	SYN_SEG_SPK_22	SYN_SESSION_22	SYN_SEG_0773	f2	medial				Hz	requested		evaluation	raw					SYN_GENERATOR_11042026	SYNTHETIC_TEACHING_FIXTURE
REQ_SYN_SEG_0773_f3	SYN_CH11	SYN_SEG_SPK_22	SYN_SESSION_22	SYN_SEG_0773	f3	medial				Hz	requested		evaluation	raw					SYN_GENERATOR_11042026	SYNTHETIC_TEACHING_FIXTURE
REQ_SYN_SEG_0774_vowel_duration	SYN_CH11	SYN_SEG_SPK_22	SYN_SESSION_22	SYN_SEG_0774	vowel_duration	final				ms	requested		evaluation	raw					SYN_GENERATOR_11042026	SYNTHETIC_TEACHING_FIXTURE
REQ_SYN_SEG_0774_f1	SYN_CH11	SYN_SEG_SPK_22	SYN_SESSION_22	SYN_SEG_0774	f1	final				Hz	requested		evaluation	raw					SYN_GENERATOR_11042026	SYNTHETIC_TEACHING_FIXTURE
REQ_SYN_SEG_0774_f2	SYN_CH11	SYN_SEG_SPK_22	SYN_SESSION_22	SYN_SEG_0774	f2	final				Hz	requested		evaluation	raw					SYN_GENERATOR_11042026	SYNTHETIC_TEACHING_FIXTURE
REQ_SYN_SEG_0774_f3	SYN_CH11	SYN_SEG_SPK_22	SYN_SESSION_22	SYN_SEG_0774	f3	final				Hz	requested		evaluation	raw					SYN_GENERATOR_11042026	SYNTHETIC_TEACHING_FIXTURE
REQ_SYN_SEG_0775_vowel_duration	SYN_CH11	SYN_SEG_SPK_22	SYN_SESSION_22	SYN_SEG_0775	vowel_duration	initial				ms	requested		evaluation	raw					SYN_GENERATOR_11042026	SYNTHETIC_TEACHING_FIXTURE
REQ_SYN_SEG_0775_f1	SYN_CH11	SYN_SEG_SPK_22	SYN_SESSION_22	SYN_SEG_0775	f1	initial				Hz	requested		evaluation	raw					SYN_GENERATOR_11042026	SYNTHETIC_TEACHING_FIXTURE
REQ_SYN_SEG_0775_f2	SYN_CH11	SYN_SEG_SPK_22	SYN_SESSION_22	SYN_SEG_0775	f2	initial				Hz	requested		evaluation	raw					SYN_GENERATOR_11042026	SYNTHETIC_TEACHING_FIXTURE
REQ_SYN_SEG_0775_f3	SYN_CH11	SYN_SEG_SPK_22	SYN_SESSION_22	SYN_SEG_0775	f3	initial				Hz	requested		evaluation	raw					SYN_GENERATOR_11042026	SYNTHETIC_TEACHING_FIXTURE
REQ_SYN_SEG_0776_vowel_duration	SYN_CH11	SYN_SEG_SPK_22	SYN_SESSION_22	SYN_SEG_0776	vowel_duration	medial				ms	requested		evaluation	raw					SYN_GENERATOR_11042026	SYNTHETIC_TEACHING_FIXTURE
REQ_SYN_SEG_0776_f1	SYN_CH11	SYN_SEG_SPK_22	SYN_SESSION_22	SYN_SEG_0776	f1	medial				Hz	requested		evaluation	raw					SYN_GENERATOR_11042026	SYNTHETIC_TEACHING_FIXTURE
REQ_SYN_SEG_0776_f2	SYN_CH11	SYN_SEG_SPK_22	SYN_SESSION_22	SYN_SEG_0776	f2	medial				Hz	requested		evaluation	raw					SYN_GENERATOR_11042026	SYNTHETIC_TEACHING_FIXTURE
REQ_SYN_SEG_0776_f3	SYN_CH11	SYN_SEG_SPK_22	SYN_SESSION_22	SYN_SEG_0776	f3	medial				Hz	requested		evaluation	raw					SYN_GENERATOR_11042026	SYNTHETIC_TEACHING_FIXTURE
REQ_SYN_SEG_0777_vowel_duration	SYN_CH11	SYN_SEG_SPK_22	SYN_SESSION_22	SYN_SEG_0777	vowel_duration	final				ms	requested		evaluation	raw					SYN_GENERATOR_11042026	SYNTHETIC_TEACHING_FIXTURE
REQ_SYN_SEG_0777_f1	SYN_CH11	SYN_SEG_SPK_22	SYN_SESSION_22	SYN_SEG_0777	f1	final				Hz	requested		evaluation	raw					SYN_GENERATOR_11042026	SYNTHETIC_TEACHING_FIXTURE
REQ_SYN_SEG_0777_f2	SYN_CH11	SYN_SEG_SPK_22	SYN_SESSION_22	SYN_SEG_0777	f2	final				Hz	requested		evaluation	raw					SYN_GENERATOR_11042026	SYNTHETIC_TEACHING_FIXTURE
REQ_SYN_SEG_0777_f3	SYN_CH11	SYN_SEG_SPK_22	SYN_SESSION_22	SYN_SEG_0777	f3	final				Hz	requested		evaluation	raw					SYN_GENERATOR_11042026	SYNTHETIC_TEACHING_FIXTURE
REQ_SYN_SEG_0778_vowel_duration	SYN_CH11	SYN_SEG_SPK_22	SYN_SESSION_22	SYN_SEG_0778	vowel_duration	initial				ms	requested		evaluation	raw					SYN_GENERATOR_11042026	SYNTHETIC_TEACHING_FIXTURE
REQ_SYN_SEG_0778_f1	SYN_CH11	SYN_SEG_SPK_22	SYN_SESSION_22	SYN_SEG_0778	f1	initial				Hz	requested		evaluation	raw					SYN_GENERATOR_11042026	SYNTHETIC_TEACHING_FIXTURE
REQ_SYN_SEG_0778_f2	SYN_CH11	SYN_SEG_SPK_22	SYN_SESSION_22	SYN_SEG_0778	f2	initial				Hz	requested		evaluation	raw					SYN_GENERATOR_11042026	SYNTHETIC_TEACHING_FIXTURE
REQ_SYN_SEG_0778_f3	SYN_CH11	SYN_SEG_SPK_22	SYN_SESSION_22	SYN_SEG_0778	f3	initial				Hz	requested		evaluation	raw					SYN_GENERATOR_11042026	SYNTHETIC_TEACHING_FIXTURE
REQ_SYN_SEG_0779_vowel_duration	SYN_CH11	SYN_SEG_SPK_22	SYN_SESSION_22	SYN_SEG_0779	vowel_duration	medial				ms	requested		evaluation	raw					SYN_GENERATOR_11042026	SYNTHETIC_TEACHING_FIXTURE
REQ_SYN_SEG_0779_f1	SYN_CH11	SYN_SEG_SPK_22	SYN_SESSION_22	SYN_SEG_0779	f1	medial				Hz	requested		evaluation	raw					SYN_GENERATOR_11042026	SYNTHETIC_TEACHING_FIXTURE
REQ_SYN_SEG_0779_f2	SYN_CH11	SYN_SEG_SPK_22	SYN_SESSION_22	SYN_SEG_0779	f2	medial				Hz	requested		evaluation	raw					SYN_GENERATOR_11042026	SYNTHETIC_TEACHING_FIXTURE
REQ_SYN_SEG_0779_f3	SYN_CH11	SYN_SEG_SPK_22	SYN_SESSION_22	SYN_SEG_0779	f3	medial				Hz	requested		evaluation	raw					SYN_GENERATOR_11042026	SYNTHETIC_TEACHING_FIXTURE
REQ_SYN_SEG_0780_vowel_duration	SYN_CH11	SYN_SEG_SPK_22	SYN_SESSION_22	SYN_SEG_0780	vowel_duration	final				ms	requested		evaluation	raw					SYN_GENERATOR_11042026	SYNTHETIC_TEACHING_FIXTURE
REQ_SYN_SEG_0780_f1	SYN_CH11	SYN_SEG_SPK_22	SYN_SESSION_22	SYN_SEG_0780	f1	final				Hz	requested		evaluation	raw					SYN_GENERATOR_11042026	SYNTHETIC_TEACHING_FIXTURE
REQ_SYN_SEG_0780_f2	SYN_CH11	SYN_SEG_SPK_22	SYN_SESSION_22	SYN_SEG_0780	f2	final				Hz	requested		evaluation	raw					SYN_GENERATOR_11042026	SYNTHETIC_TEACHING_FIXTURE
REQ_SYN_SEG_0780_f3	SYN_CH11	SYN_SEG_SPK_22	SYN_SESSION_22	SYN_SEG_0780	f3	final				Hz	requested		evaluation	raw					SYN_GENERATOR_11042026	SYNTHETIC_TEACHING_FIXTURE
REQ_SYN_SEG_0781_fricative_duration	SYN_CH11	SYN_SEG_SPK_22	SYN_SESSION_22	SYN_SEG_0781	fricative_duration	initial				ms	requested			raw					SYN_GENERATOR_11042026	SYNTHETIC_TEACHING_FIXTURE
REQ_SYN_SEG_0781_fricative_cog	SYN_CH11	SYN_SEG_SPK_22	SYN_SESSION_22	SYN_SEG_0781	fricative_cog	initial				Hz	requested			raw					SYN_GENERATOR_11042026	SYNTHETIC_TEACHING_FIXTURE
REQ_SYN_SEG_0782_fricative_duration	SYN_CH11	SYN_SEG_SPK_22	SYN_SESSION_22	SYN_SEG_0782	fricative_duration	medial				ms	requested			raw					SYN_GENERATOR_11042026	SYNTHETIC_TEACHING_FIXTURE
REQ_SYN_SEG_0782_fricative_cog	SYN_CH11	SYN_SEG_SPK_22	SYN_SESSION_22	SYN_SEG_0782	fricative_cog	medial				Hz	requested			raw					SYN_GENERATOR_11042026	SYNTHETIC_TEACHING_FIXTURE
REQ_SYN_SEG_0783_fricative_duration	SYN_CH11	SYN_SEG_SPK_22	SYN_SESSION_22	SYN_SEG_0783	fricative_duration	final				ms	requested			raw					SYN_GENERATOR_11042026	SYNTHETIC_TEACHING_FIXTURE
REQ_SYN_SEG_0783_fricative_cog	SYN_CH11	SYN_SEG_SPK_22	SYN_SESSION_22	SYN_SEG_0783	fricative_cog	final				Hz	requested			raw					SYN_GENERATOR_11042026	SYNTHETIC_TEACHING_FIXTURE
REQ_SYN_SEG_0784_fricative_duration	SYN_CH11	SYN_SEG_SPK_22	SYN_SESSION_22	SYN_SEG_0784	fricative_duration	initial				ms	requested			raw					SYN_GENERATOR_11042026	SYNTHETIC_TEACHING_FIXTURE
REQ_SYN_SEG_0784_fricative_cog	SYN_CH11	SYN_SEG_SPK_22	SYN_SESSION_22	SYN_SEG_0784	fricative_cog	initial				Hz	requested			raw					SYN_GENERATOR_11042026	SYNTHETIC_TEACHING_FIXTURE
REQ_SYN_SEG_0785_fricative_duration	SYN_CH11	SYN_SEG_SPK_22	SYN_SESSION_22	SYN_SEG_0785	fricative_duration	medial				ms	requested			raw					SYN_GENERATOR_11042026	SYNTHETIC_TEACHING_FIXTURE
REQ_SYN_SEG_0785_fricative_cog	SYN_CH11	SYN_SEG_SPK_22	SYN_SESSION_22	SYN_SEG_0785	fricative_cog	medial				Hz	requested			raw					SYN_GENERATOR_11042026	SYNTHETIC_TEACHING_FIXTURE
REQ_SYN_SEG_0786_fricative_duration	SYN_CH11	SYN_SEG_SPK_22	SYN_SESSION_22	SYN_SEG_0786	fricative_duration	final				ms	requested			raw					SYN_GENERATOR_11042026	SYNTHETIC_TEACHING_FIXTURE
REQ_SYN_SEG_0786_fricative_cog	SYN_CH11	SYN_SEG_SPK_22	SYN_SESSION_22	SYN_SEG_0786	fricative_cog	final				Hz	requested			raw					SYN_GENERATOR_11042026	SYNTHETIC_TEACHING_FIXTURE
REQ_SYN_SEG_0787_fricative_duration	SYN_CH11	SYN_SEG_SPK_22	SYN_SESSION_22	SYN_SEG_0787	fricative_duration	initial				ms	requested			raw					SYN_GENERATOR_11042026	SYNTHETIC_TEACHING_FIXTURE
REQ_SYN_SEG_0787_fricative_cog	SYN_CH11	SYN_SEG_SPK_22	SYN_SESSION_22	SYN_SEG_0787	fricative_cog	initial				Hz	requested			raw					SYN_GENERATOR_11042026	SYNTHETIC_TEACHING_FIXTURE
REQ_SYN_SEG_0788_fricative_duration	SYN_CH11	SYN_SEG_SPK_22	SYN_SESSION_22	SYN_SEG_0788	fricative_duration	medial				ms	requested			raw					SYN_GENERATOR_11042026	SYNTHETIC_TEACHING_FIXTURE
REQ_SYN_SEG_0788_fricative_cog	SYN_CH11	SYN_SEG_SPK_22	SYN_SESSION_22	SYN_SEG_0788	fricative_cog	medial				Hz	requested			raw					SYN_GENERATOR_11042026	SYNTHETIC_TEACHING_FIXTURE
REQ_SYN_SEG_0789_fricative_duration	SYN_CH11	SYN_SEG_SPK_22	SYN_SESSION_22	SYN_SEG_0789	fricative_duration	final				ms	requested			raw					SYN_GENERATOR_11042026	SYNTHETIC_TEACHING_FIXTURE
REQ_SYN_SEG_0789_fricative_cog	SYN_CH11	SYN_SEG_SPK_22	SYN_SESSION_22	SYN_SEG_0789	fricative_cog	final				Hz	requested			raw					SYN_GENERATOR_11042026	SYNTHETIC_TEACHING_FIXTURE
REQ_SYN_SEG_0790_fricative_duration	SYN_CH11	SYN_SEG_SPK_22	SYN_SESSION_22	SYN_SEG_0790	fricative_duration	initial				ms	requested			raw					SYN_GENERATOR_11042026	SYNTHETIC_TEACHING_FIXTURE
REQ_SYN_SEG_0790_fricative_cog	SYN_CH11	SYN_SEG_SPK_22	SYN_SESSION_22	SYN_SEG_0790	fricative_cog	initial				Hz	requested			raw					SYN_GENERATOR_11042026	SYNTHETIC_TEACHING_FIXTURE
REQ_SYN_SEG_0791_fricative_duration	SYN_CH11	SYN_SEG_SPK_22	SYN_SESSION_22	SYN_SEG_0791	fricative_duration	medial				ms	requested			raw					SYN_GENERATOR_11042026	SYNTHETIC_TEACHING_FIXTURE
REQ_SYN_SEG_0791_fricative_cog	SYN_CH11	SYN_SEG_SPK_22	SYN_SESSION_22	SYN_SEG_0791	fricative_cog	medial				Hz	requested			raw					SYN_GENERATOR_11042026	SYNTHETIC_TEACHING_FIXTURE
REQ_SYN_SEG_0792_fricative_duration	SYN_CH11	SYN_SEG_SPK_22	SYN_SESSION_22	SYN_SEG_0792	fricative_duration	final				ms	requested			raw					SYN_GENERATOR_11042026	SYNTHETIC_TEACHING_FIXTURE
REQ_SYN_SEG_0792_fricative_cog	SYN_CH11	SYN_SEG_SPK_22	SYN_SESSION_22	SYN_SEG_0792	fricative_cog	final				Hz	requested			raw					SYN_GENERATOR_11042026	SYNTHETIC_TEACHING_FIXTURE
REQ_SYN_SEG_0793_vot	SYN_CH11	SYN_SEG_SPK_23	SYN_SESSION_23	SYN_SEG_0793	vot	initial				ms	requested			raw					SYN_GENERATOR_11042026	SYNTHETIC_TEACHING_FIXTURE
REQ_SYN_SEG_0793_closure_duration	SYN_CH11	SYN_SEG_SPK_23	SYN_SESSION_23	SYN_SEG_0793	closure_duration	initial				ms	requested			raw					SYN_GENERATOR_11042026	SYNTHETIC_TEACHING_FIXTURE
REQ_SYN_SEG_0793_vowel_onset_f0	SYN_CH11	SYN_SEG_SPK_23	SYN_SESSION_23	SYN_SEG_0793	vowel_onset_f0	initial				Hz	requested			raw					SYN_GENERATOR_11042026	SYNTHETIC_TEACHING_FIXTURE
REQ_SYN_SEG_0794_vot	SYN_CH11	SYN_SEG_SPK_23	SYN_SESSION_23	SYN_SEG_0794	vot	medial				ms	requested			raw					SYN_GENERATOR_11042026	SYNTHETIC_TEACHING_FIXTURE
REQ_SYN_SEG_0794_closure_duration	SYN_CH11	SYN_SEG_SPK_23	SYN_SESSION_23	SYN_SEG_0794	closure_duration	medial				ms	requested			raw					SYN_GENERATOR_11042026	SYNTHETIC_TEACHING_FIXTURE
REQ_SYN_SEG_0794_vowel_onset_f0	SYN_CH11	SYN_SEG_SPK_23	SYN_SESSION_23	SYN_SEG_0794	vowel_onset_f0	medial				Hz	requested			raw					SYN_GENERATOR_11042026	SYNTHETIC_TEACHING_FIXTURE
REQ_SYN_SEG_0795_vot	SYN_CH11	SYN_SEG_SPK_23	SYN_SESSION_23	SYN_SEG_0795	vot	final				ms	requested			raw					SYN_GENERATOR_11042026	SYNTHETIC_TEACHING_FIXTURE
REQ_SYN_SEG_0795_closure_duration	SYN_CH11	SYN_SEG_SPK_23	SYN_SESSION_23	SYN_SEG_0795	closure_duration	final				ms	requested			raw					SYN_GENERATOR_11042026	SYNTHETIC_TEACHING_FIXTURE
REQ_SYN_SEG_0795_vowel_onset_f0	SYN_CH11	SYN_SEG_SPK_23	SYN_SESSION_23	SYN_SEG_0795	vowel_onset_f0	final				Hz	requested			raw					SYN_GENERATOR_11042026	SYNTHETIC_TEACHING_FIXTURE
REQ_SYN_SEG_0796_vot	SYN_CH11	SYN_SEG_SPK_23	SYN_SESSION_23	SYN_SEG_0796	vot	initial				ms	requested			raw					SYN_GENERATOR_11042026	SYNTHETIC_TEACHING_FIXTURE
REQ_SYN_SEG_0796_closure_duration	SYN_CH11	SYN_SEG_SPK_23	SYN_SESSION_23	SYN_SEG_0796	closure_duration	initial				ms	requested			raw					SYN_GENERATOR_11042026	SYNTHETIC_TEACHING_FIXTURE
REQ_SYN_SEG_0796_vowel_onset_f0	SYN_CH11	SYN_SEG_SPK_23	SYN_SESSION_23	SYN_SEG_0796	vowel_onset_f0	initial				Hz	requested			raw					SYN_GENERATOR_11042026	SYNTHETIC_TEACHING_FIXTURE
REQ_SYN_SEG_0797_vot	SYN_CH11	SYN_SEG_SPK_23	SYN_SESSION_23	SYN_SEG_0797	vot	medial				ms	requested			raw					SYN_GENERATOR_11042026	SYNTHETIC_TEACHING_FIXTURE
REQ_SYN_SEG_0797_closure_duration	SYN_CH11	SYN_SEG_SPK_23	SYN_SESSION_23	SYN_SEG_0797	closure_duration	medial				ms	requested			raw					SYN_GENERATOR_11042026	SYNTHETIC_TEACHING_FIXTURE
REQ_SYN_SEG_0797_vowel_onset_f0	SYN_CH11	SYN_SEG_SPK_23	SYN_SESSION_23	SYN_SEG_0797	vowel_onset_f0	medial				Hz	requested			raw					SYN_GENERATOR_11042026	SYNTHETIC_TEACHING_FIXTURE
REQ_SYN_SEG_0798_vot	SYN_CH11	SYN_SEG_SPK_23	SYN_SESSION_23	SYN_SEG_0798	vot	final				ms	requested			raw					SYN_GENERATOR_11042026	SYNTHETIC_TEACHING_FIXTURE
REQ_SYN_SEG_0798_closure_duration	SYN_CH11	SYN_SEG_SPK_23	SYN_SESSION_23	SYN_SEG_0798	closure_duration	final				ms	requested			raw					SYN_GENERATOR_11042026	SYNTHETIC_TEACHING_FIXTURE
REQ_SYN_SEG_0798_vowel_onset_f0	SYN_CH11	SYN_SEG_SPK_23	SYN_SESSION_23	SYN_SEG_0798	vowel_onset_f0	final				Hz	requested			raw					SYN_GENERATOR_11042026	SYNTHETIC_TEACHING_FIXTURE
REQ_SYN_SEG_0799_vot	SYN_CH11	SYN_SEG_SPK_23	SYN_SESSION_23	SYN_SEG_0799	vot	initial				ms	requested			raw					SYN_GENERATOR_11042026	SYNTHETIC_TEACHING_FIXTURE
REQ_SYN_SEG_0799_closure_duration	SYN_CH11	SYN_SEG_SPK_23	SYN_SESSION_23	SYN_SEG_0799	closure_duration	initial				ms	requested			raw					SYN_GENERATOR_11042026	SYNTHETIC_TEACHING_FIXTURE
REQ_SYN_SEG_0799_vowel_onset_f0	SYN_CH11	SYN_SEG_SPK_23	SYN_SESSION_23	SYN_SEG_0799	vowel_onset_f0	initial				Hz	requested			raw					SYN_GENERATOR_11042026	SYNTHETIC_TEACHING_FIXTURE
REQ_SYN_SEG_0800_vot	SYN_CH11	SYN_SEG_SPK_23	SYN_SESSION_23	SYN_SEG_0800	vot	medial				ms	requested			raw					SYN_GENERATOR_11042026	SYNTHETIC_TEACHING_FIXTURE
REQ_SYN_SEG_0800_closure_duration	SYN_CH11	SYN_SEG_SPK_23	SYN_SESSION_23	SYN_SEG_0800	closure_duration	medial				ms	requested			raw					SYN_GENERATOR_11042026	SYNTHETIC_TEACHING_FIXTURE
REQ_SYN_SEG_0800_vowel_onset_f0	SYN_CH11	SYN_SEG_SPK_23	SYN_SESSION_23	SYN_SEG_0800	vowel_onset_f0	medial				Hz	requested			raw					SYN_GENERATOR_11042026	SYNTHETIC_TEACHING_FIXTURE
REQ_SYN_SEG_0801_vot	SYN_CH11	SYN_SEG_SPK_23	SYN_SESSION_23	SYN_SEG_0801	vot	final				ms	requested			raw					SYN_GENERATOR_11042026	SYNTHETIC_TEACHING_FIXTURE
REQ_SYN_SEG_0801_closure_duration	SYN_CH11	SYN_SEG_SPK_23	SYN_SESSION_23	SYN_SEG_0801	closure_duration	final				ms	requested			raw					SYN_GENERATOR_11042026	SYNTHETIC_TEACHING_FIXTURE
REQ_SYN_SEG_0801_vowel_onset_f0	SYN_CH11	SYN_SEG_SPK_23	SYN_SESSION_23	SYN_SEG_0801	vowel_onset_f0	final				Hz	requested			raw					SYN_GENERATOR_11042026	SYNTHETIC_TEACHING_FIXTURE
REQ_SYN_SEG_0802_vot	SYN_CH11	SYN_SEG_SPK_23	SYN_SESSION_23	SYN_SEG_0802	vot	initial				ms	requested			raw					SYN_GENERATOR_11042026	SYNTHETIC_TEACHING_FIXTURE
REQ_SYN_SEG_0802_closure_duration	SYN_CH11	SYN_SEG_SPK_23	SYN_SESSION_23	SYN_SEG_0802	closure_duration	initial				ms	requested			raw					SYN_GENERATOR_11042026	SYNTHETIC_TEACHING_FIXTURE
REQ_SYN_SEG_0802_vowel_onset_f0	SYN_CH11	SYN_SEG_SPK_23	SYN_SESSION_23	SYN_SEG_0802	vowel_onset_f0	initial				Hz	requested			raw					SYN_GENERATOR_11042026	SYNTHETIC_TEACHING_FIXTURE
REQ_SYN_SEG_0803_vot	SYN_CH11	SYN_SEG_SPK_23	SYN_SESSION_23	SYN_SEG_0803	vot	medial				ms	requested			raw					SYN_GENERATOR_11042026	SYNTHETIC_TEACHING_FIXTURE
REQ_SYN_SEG_0803_closure_duration	SYN_CH11	SYN_SEG_SPK_23	SYN_SESSION_23	SYN_SEG_0803	closure_duration	medial				ms	requested			raw					SYN_GENERATOR_11042026	SYNTHETIC_TEACHING_FIXTURE
REQ_SYN_SEG_0803_vowel_onset_f0	SYN_CH11	SYN_SEG_SPK_23	SYN_SESSION_23	SYN_SEG_0803	vowel_onset_f0	medial				Hz	requested			raw					SYN_GENERATOR_11042026	SYNTHETIC_TEACHING_FIXTURE
REQ_SYN_SEG_0804_vot	SYN_CH11	SYN_SEG_SPK_23	SYN_SESSION_23	SYN_SEG_0804	vot	final				ms	requested			raw					SYN_GENERATOR_11042026	SYNTHETIC_TEACHING_FIXTURE
REQ_SYN_SEG_0804_closure_duration	SYN_CH11	SYN_SEG_SPK_23	SYN_SESSION_23	SYN_SEG_0804	closure_duration	final				ms	requested			raw					SYN_GENERATOR_11042026	SYNTHETIC_TEACHING_FIXTURE
REQ_SYN_SEG_0804_vowel_onset_f0	SYN_CH11	SYN_SEG_SPK_23	SYN_SESSION_23	SYN_SEG_0804	vowel_onset_f0	final				Hz	requested			raw					SYN_GENERATOR_11042026	SYNTHETIC_TEACHING_FIXTURE
REQ_SYN_SEG_0805_vowel_duration	SYN_CH11	SYN_SEG_SPK_23	SYN_SESSION_23	SYN_SEG_0805	vowel_duration	initial				ms	requested		evaluation	raw					SYN_GENERATOR_11042026	SYNTHETIC_TEACHING_FIXTURE
REQ_SYN_SEG_0805_f1	SYN_CH11	SYN_SEG_SPK_23	SYN_SESSION_23	SYN_SEG_0805	f1	initial				Hz	requested		evaluation	raw					SYN_GENERATOR_11042026	SYNTHETIC_TEACHING_FIXTURE
REQ_SYN_SEG_0805_f2	SYN_CH11	SYN_SEG_SPK_23	SYN_SESSION_23	SYN_SEG_0805	f2	initial				Hz	requested		evaluation	raw					SYN_GENERATOR_11042026	SYNTHETIC_TEACHING_FIXTURE
REQ_SYN_SEG_0805_f3	SYN_CH11	SYN_SEG_SPK_23	SYN_SESSION_23	SYN_SEG_0805	f3	initial				Hz	requested		evaluation	raw					SYN_GENERATOR_11042026	SYNTHETIC_TEACHING_FIXTURE
REQ_SYN_SEG_0806_vowel_duration	SYN_CH11	SYN_SEG_SPK_23	SYN_SESSION_23	SYN_SEG_0806	vowel_duration	medial				ms	requested		evaluation	raw					SYN_GENERATOR_11042026	SYNTHETIC_TEACHING_FIXTURE
REQ_SYN_SEG_0806_f1	SYN_CH11	SYN_SEG_SPK_23	SYN_SESSION_23	SYN_SEG_0806	f1	medial				Hz	requested		evaluation	raw					SYN_GENERATOR_11042026	SYNTHETIC_TEACHING_FIXTURE
REQ_SYN_SEG_0806_f2	SYN_CH11	SYN_SEG_SPK_23	SYN_SESSION_23	SYN_SEG_0806	f2	medial				Hz	requested		evaluation	raw					SYN_GENERATOR_11042026	SYNTHETIC_TEACHING_FIXTURE
REQ_SYN_SEG_0806_f3	SYN_CH11	SYN_SEG_SPK_23	SYN_SESSION_23	SYN_SEG_0806	f3	medial				Hz	requested		evaluation	raw					SYN_GENERATOR_11042026	SYNTHETIC_TEACHING_FIXTURE
REQ_SYN_SEG_0807_vowel_duration	SYN_CH11	SYN_SEG_SPK_23	SYN_SESSION_23	SYN_SEG_0807	vowel_duration	final				ms	requested		evaluation	raw					SYN_GENERATOR_11042026	SYNTHETIC_TEACHING_FIXTURE
REQ_SYN_SEG_0807_f1	SYN_CH11	SYN_SEG_SPK_23	SYN_SESSION_23	SYN_SEG_0807	f1	final				Hz	requested		evaluation	raw					SYN_GENERATOR_11042026	SYNTHETIC_TEACHING_FIXTURE
REQ_SYN_SEG_0807_f2	SYN_CH11	SYN_SEG_SPK_23	SYN_SESSION_23	SYN_SEG_0807	f2	final				Hz	requested		evaluation	raw					SYN_GENERATOR_11042026	SYNTHETIC_TEACHING_FIXTURE
REQ_SYN_SEG_0807_f3	SYN_CH11	SYN_SEG_SPK_23	SYN_SESSION_23	SYN_SEG_0807	f3	final				Hz	requested		evaluation	raw					SYN_GENERATOR_11042026	SYNTHETIC_TEACHING_FIXTURE
REQ_SYN_SEG_0808_vowel_duration	SYN_CH11	SYN_SEG_SPK_23	SYN_SESSION_23	SYN_SEG_0808	vowel_duration	initial				ms	requested		evaluation	raw					SYN_GENERATOR_11042026	SYNTHETIC_TEACHING_FIXTURE
REQ_SYN_SEG_0808_f1	SYN_CH11	SYN_SEG_SPK_23	SYN_SESSION_23	SYN_SEG_0808	f1	initial				Hz	requested		evaluation	raw					SYN_GENERATOR_11042026	SYNTHETIC_TEACHING_FIXTURE
REQ_SYN_SEG_0808_f2	SYN_CH11	SYN_SEG_SPK_23	SYN_SESSION_23	SYN_SEG_0808	f2	initial				Hz	requested		evaluation	raw					SYN_GENERATOR_11042026	SYNTHETIC_TEACHING_FIXTURE
REQ_SYN_SEG_0808_f3	SYN_CH11	SYN_SEG_SPK_23	SYN_SESSION_23	SYN_SEG_0808	f3	initial				Hz	requested		evaluation	raw					SYN_GENERATOR_11042026	SYNTHETIC_TEACHING_FIXTURE
REQ_SYN_SEG_0809_vowel_duration	SYN_CH11	SYN_SEG_SPK_23	SYN_SESSION_23	SYN_SEG_0809	vowel_duration	medial				ms	requested		evaluation	raw					SYN_GENERATOR_11042026	SYNTHETIC_TEACHING_FIXTURE
REQ_SYN_SEG_0809_f1	SYN_CH11	SYN_SEG_SPK_23	SYN_SESSION_23	SYN_SEG_0809	f1	medial				Hz	requested		evaluation	raw					SYN_GENERATOR_11042026	SYNTHETIC_TEACHING_FIXTURE
REQ_SYN_SEG_0809_f2	SYN_CH11	SYN_SEG_SPK_23	SYN_SESSION_23	SYN_SEG_0809	f2	medial				Hz	requested		evaluation	raw					SYN_GENERATOR_11042026	SYNTHETIC_TEACHING_FIXTURE
REQ_SYN_SEG_0809_f3	SYN_CH11	SYN_SEG_SPK_23	SYN_SESSION_23	SYN_SEG_0809	f3	medial				Hz	requested		evaluation	raw					SYN_GENERATOR_11042026	SYNTHETIC_TEACHING_FIXTURE
REQ_SYN_SEG_0810_vowel_duration	SYN_CH11	SYN_SEG_SPK_23	SYN_SESSION_23	SYN_SEG_0810	vowel_duration	final				ms	requested		evaluation	raw					SYN_GENERATOR_11042026	SYNTHETIC_TEACHING_FIXTURE
REQ_SYN_SEG_0810_f1	SYN_CH11	SYN_SEG_SPK_23	SYN_SESSION_23	SYN_SEG_0810	f1	final				Hz	requested		evaluation	raw					SYN_GENERATOR_11042026	SYNTHETIC_TEACHING_FIXTURE
REQ_SYN_SEG_0810_f2	SYN_CH11	SYN_SEG_SPK_23	SYN_SESSION_23	SYN_SEG_0810	f2	final				Hz	requested		evaluation	raw					SYN_GENERATOR_11042026	SYNTHETIC_TEACHING_FIXTURE
REQ_SYN_SEG_0810_f3	SYN_CH11	SYN_SEG_SPK_23	SYN_SESSION_23	SYN_SEG_0810	f3	final				Hz	requested		evaluation	raw					SYN_GENERATOR_11042026	SYNTHETIC_TEACHING_FIXTURE
REQ_SYN_SEG_0811_vowel_duration	SYN_CH11	SYN_SEG_SPK_23	SYN_SESSION_23	SYN_SEG_0811	vowel_duration	initial				ms	requested		evaluation	raw					SYN_GENERATOR_11042026	SYNTHETIC_TEACHING_FIXTURE
REQ_SYN_SEG_0811_f1	SYN_CH11	SYN_SEG_SPK_23	SYN_SESSION_23	SYN_SEG_0811	f1	initial				Hz	requested		evaluation	raw					SYN_GENERATOR_11042026	SYNTHETIC_TEACHING_FIXTURE
REQ_SYN_SEG_0811_f2	SYN_CH11	SYN_SEG_SPK_23	SYN_SESSION_23	SYN_SEG_0811	f2	initial				Hz	requested		evaluation	raw					SYN_GENERATOR_11042026	SYNTHETIC_TEACHING_FIXTURE
REQ_SYN_SEG_0811_f3	SYN_CH11	SYN_SEG_SPK_23	SYN_SESSION_23	SYN_SEG_0811	f3	initial				Hz	requested		evaluation	raw					SYN_GENERATOR_11042026	SYNTHETIC_TEACHING_FIXTURE
REQ_SYN_SEG_0812_vowel_duration	SYN_CH11	SYN_SEG_SPK_23	SYN_SESSION_23	SYN_SEG_0812	vowel_duration	medial				ms	requested		evaluation	raw					SYN_GENERATOR_11042026	SYNTHETIC_TEACHING_FIXTURE
REQ_SYN_SEG_0812_f1	SYN_CH11	SYN_SEG_SPK_23	SYN_SESSION_23	SYN_SEG_0812	f1	medial				Hz	requested		evaluation	raw					SYN_GENERATOR_11042026	SYNTHETIC_TEACHING_FIXTURE
REQ_SYN_SEG_0812_f2	SYN_CH11	SYN_SEG_SPK_23	SYN_SESSION_23	SYN_SEG_0812	f2	medial				Hz	requested		evaluation	raw					SYN_GENERATOR_11042026	SYNTHETIC_TEACHING_FIXTURE
REQ_SYN_SEG_0812_f3	SYN_CH11	SYN_SEG_SPK_23	SYN_SESSION_23	SYN_SEG_0812	f3	medial				Hz	requested		evaluation	raw					SYN_GENERATOR_11042026	SYNTHETIC_TEACHING_FIXTURE
REQ_SYN_SEG_0813_vowel_duration	SYN_CH11	SYN_SEG_SPK_23	SYN_SESSION_23	SYN_SEG_0813	vowel_duration	final				ms	requested		evaluation	raw					SYN_GENERATOR_11042026	SYNTHETIC_TEACHING_FIXTURE
REQ_SYN_SEG_0813_f1	SYN_CH11	SYN_SEG_SPK_23	SYN_SESSION_23	SYN_SEG_0813	f1	final				Hz	requested		evaluation	raw					SYN_GENERATOR_11042026	SYNTHETIC_TEACHING_FIXTURE
REQ_SYN_SEG_0813_f2	SYN_CH11	SYN_SEG_SPK_23	SYN_SESSION_23	SYN_SEG_0813	f2	final				Hz	requested		evaluation	raw					SYN_GENERATOR_11042026	SYNTHETIC_TEACHING_FIXTURE
REQ_SYN_SEG_0813_f3	SYN_CH11	SYN_SEG_SPK_23	SYN_SESSION_23	SYN_SEG_0813	f3	final				Hz	requested		evaluation	raw					SYN_GENERATOR_11042026	SYNTHETIC_TEACHING_FIXTURE
REQ_SYN_SEG_0814_vowel_duration	SYN_CH11	SYN_SEG_SPK_23	SYN_SESSION_23	SYN_SEG_0814	vowel_duration	initial				ms	requested		evaluation	raw					SYN_GENERATOR_11042026	SYNTHETIC_TEACHING_FIXTURE
REQ_SYN_SEG_0814_f1	SYN_CH11	SYN_SEG_SPK_23	SYN_SESSION_23	SYN_SEG_0814	f1	initial				Hz	requested		evaluation	raw					SYN_GENERATOR_11042026	SYNTHETIC_TEACHING_FIXTURE
REQ_SYN_SEG_0814_f2	SYN_CH11	SYN_SEG_SPK_23	SYN_SESSION_23	SYN_SEG_0814	f2	initial				Hz	requested		evaluation	raw					SYN_GENERATOR_11042026	SYNTHETIC_TEACHING_FIXTURE
REQ_SYN_SEG_0814_f3	SYN_CH11	SYN_SEG_SPK_23	SYN_SESSION_23	SYN_SEG_0814	f3	initial				Hz	requested		evaluation	raw					SYN_GENERATOR_11042026	SYNTHETIC_TEACHING_FIXTURE
REQ_SYN_SEG_0815_vowel_duration	SYN_CH11	SYN_SEG_SPK_23	SYN_SESSION_23	SYN_SEG_0815	vowel_duration	medial				ms	requested		evaluation	raw					SYN_GENERATOR_11042026	SYNTHETIC_TEACHING_FIXTURE
REQ_SYN_SEG_0815_f1	SYN_CH11	SYN_SEG_SPK_23	SYN_SESSION_23	SYN_SEG_0815	f1	medial				Hz	requested		evaluation	raw					SYN_GENERATOR_11042026	SYNTHETIC_TEACHING_FIXTURE
REQ_SYN_SEG_0815_f2	SYN_CH11	SYN_SEG_SPK_23	SYN_SESSION_23	SYN_SEG_0815	f2	medial				Hz	requested		evaluation	raw					SYN_GENERATOR_11042026	SYNTHETIC_TEACHING_FIXTURE
REQ_SYN_SEG_0815_f3	SYN_CH11	SYN_SEG_SPK_23	SYN_SESSION_23	SYN_SEG_0815	f3	medial				Hz	requested		evaluation	raw					SYN_GENERATOR_11042026	SYNTHETIC_TEACHING_FIXTURE
REQ_SYN_SEG_0816_vowel_duration	SYN_CH11	SYN_SEG_SPK_23	SYN_SESSION_23	SYN_SEG_0816	vowel_duration	final				ms	requested		evaluation	raw					SYN_GENERATOR_11042026	SYNTHETIC_TEACHING_FIXTURE
REQ_SYN_SEG_0816_f1	SYN_CH11	SYN_SEG_SPK_23	SYN_SESSION_23	SYN_SEG_0816	f1	final				Hz	requested		evaluation	raw					SYN_GENERATOR_11042026	SYNTHETIC_TEACHING_FIXTURE
REQ_SYN_SEG_0816_f2	SYN_CH11	SYN_SEG_SPK_23	SYN_SESSION_23	SYN_SEG_0816	f2	final				Hz	requested		evaluation	raw					SYN_GENERATOR_11042026	SYNTHETIC_TEACHING_FIXTURE
REQ_SYN_SEG_0816_f3	SYN_CH11	SYN_SEG_SPK_23	SYN_SESSION_23	SYN_SEG_0816	f3	final				Hz	requested		evaluation	raw					SYN_GENERATOR_11042026	SYNTHETIC_TEACHING_FIXTURE
REQ_SYN_SEG_0817_fricative_duration	SYN_CH11	SYN_SEG_SPK_23	SYN_SESSION_23	SYN_SEG_0817	fricative_duration	initial				ms	requested			raw					SYN_GENERATOR_11042026	SYNTHETIC_TEACHING_FIXTURE
REQ_SYN_SEG_0817_fricative_cog	SYN_CH11	SYN_SEG_SPK_23	SYN_SESSION_23	SYN_SEG_0817	fricative_cog	initial				Hz	requested			raw					SYN_GENERATOR_11042026	SYNTHETIC_TEACHING_FIXTURE
REQ_SYN_SEG_0818_fricative_duration	SYN_CH11	SYN_SEG_SPK_23	SYN_SESSION_23	SYN_SEG_0818	fricative_duration	medial				ms	requested			raw					SYN_GENERATOR_11042026	SYNTHETIC_TEACHING_FIXTURE
REQ_SYN_SEG_0818_fricative_cog	SYN_CH11	SYN_SEG_SPK_23	SYN_SESSION_23	SYN_SEG_0818	fricative_cog	medial				Hz	requested			raw					SYN_GENERATOR_11042026	SYNTHETIC_TEACHING_FIXTURE
REQ_SYN_SEG_0819_fricative_duration	SYN_CH11	SYN_SEG_SPK_23	SYN_SESSION_23	SYN_SEG_0819	fricative_duration	final				ms	requested			raw					SYN_GENERATOR_11042026	SYNTHETIC_TEACHING_FIXTURE
REQ_SYN_SEG_0819_fricative_cog	SYN_CH11	SYN_SEG_SPK_23	SYN_SESSION_23	SYN_SEG_0819	fricative_cog	final				Hz	requested			raw					SYN_GENERATOR_11042026	SYNTHETIC_TEACHING_FIXTURE
REQ_SYN_SEG_0820_fricative_duration	SYN_CH11	SYN_SEG_SPK_23	SYN_SESSION_23	SYN_SEG_0820	fricative_duration	initial				ms	requested			raw					SYN_GENERATOR_11042026	SYNTHETIC_TEACHING_FIXTURE
REQ_SYN_SEG_0820_fricative_cog	SYN_CH11	SYN_SEG_SPK_23	SYN_SESSION_23	SYN_SEG_0820	fricative_cog	initial				Hz	requested			raw					SYN_GENERATOR_11042026	SYNTHETIC_TEACHING_FIXTURE
REQ_SYN_SEG_0821_fricative_duration	SYN_CH11	SYN_SEG_SPK_23	SYN_SESSION_23	SYN_SEG_0821	fricative_duration	medial				ms	requested			raw					SYN_GENERATOR_11042026	SYNTHETIC_TEACHING_FIXTURE
REQ_SYN_SEG_0821_fricative_cog	SYN_CH11	SYN_SEG_SPK_23	SYN_SESSION_23	SYN_SEG_0821	fricative_cog	medial				Hz	requested			raw					SYN_GENERATOR_11042026	SYNTHETIC_TEACHING_FIXTURE
REQ_SYN_SEG_0822_fricative_duration	SYN_CH11	SYN_SEG_SPK_23	SYN_SESSION_23	SYN_SEG_0822	fricative_duration	final				ms	requested			raw					SYN_GENERATOR_11042026	SYNTHETIC_TEACHING_FIXTURE
REQ_SYN_SEG_0822_fricative_cog	SYN_CH11	SYN_SEG_SPK_23	SYN_SESSION_23	SYN_SEG_0822	fricative_cog	final				Hz	requested			raw					SYN_GENERATOR_11042026	SYNTHETIC_TEACHING_FIXTURE
REQ_SYN_SEG_0823_fricative_duration	SYN_CH11	SYN_SEG_SPK_23	SYN_SESSION_23	SYN_SEG_0823	fricative_duration	initial				ms	requested			raw					SYN_GENERATOR_11042026	SYNTHETIC_TEACHING_FIXTURE
REQ_SYN_SEG_0823_fricative_cog	SYN_CH11	SYN_SEG_SPK_23	SYN_SESSION_23	SYN_SEG_0823	fricative_cog	initial				Hz	requested			raw					SYN_GENERATOR_11042026	SYNTHETIC_TEACHING_FIXTURE
REQ_SYN_SEG_0824_fricative_duration	SYN_CH11	SYN_SEG_SPK_23	SYN_SESSION_23	SYN_SEG_0824	fricative_duration	medial				ms	requested			raw					SYN_GENERATOR_11042026	SYNTHETIC_TEACHING_FIXTURE
REQ_SYN_SEG_0824_fricative_cog	SYN_CH11	SYN_SEG_SPK_23	SYN_SESSION_23	SYN_SEG_0824	fricative_cog	medial				Hz	requested			raw					SYN_GENERATOR_11042026	SYNTHETIC_TEACHING_FIXTURE
REQ_SYN_SEG_0825_fricative_duration	SYN_CH11	SYN_SEG_SPK_23	SYN_SESSION_23	SYN_SEG_0825	fricative_duration	final				ms	requested			raw					SYN_GENERATOR_11042026	SYNTHETIC_TEACHING_FIXTURE
REQ_SYN_SEG_0825_fricative_cog	SYN_CH11	SYN_SEG_SPK_23	SYN_SESSION_23	SYN_SEG_0825	fricative_cog	final				Hz	requested			raw					SYN_GENERATOR_11042026	SYNTHETIC_TEACHING_FIXTURE
REQ_SYN_SEG_0826_fricative_duration	SYN_CH11	SYN_SEG_SPK_23	SYN_SESSION_23	SYN_SEG_0826	fricative_duration	initial				ms	requested			raw					SYN_GENERATOR_11042026	SYNTHETIC_TEACHING_FIXTURE
REQ_SYN_SEG_0826_fricative_cog	SYN_CH11	SYN_SEG_SPK_23	SYN_SESSION_23	SYN_SEG_0826	fricative_cog	initial				Hz	requested			raw					SYN_GENERATOR_11042026	SYNTHETIC_TEACHING_FIXTURE
REQ_SYN_SEG_0827_fricative_duration	SYN_CH11	SYN_SEG_SPK_23	SYN_SESSION_23	SYN_SEG_0827	fricative_duration	medial				ms	requested			raw					SYN_GENERATOR_11042026	SYNTHETIC_TEACHING_FIXTURE
REQ_SYN_SEG_0827_fricative_cog	SYN_CH11	SYN_SEG_SPK_23	SYN_SESSION_23	SYN_SEG_0827	fricative_cog	medial				Hz	requested			raw					SYN_GENERATOR_11042026	SYNTHETIC_TEACHING_FIXTURE
REQ_SYN_SEG_0828_fricative_duration	SYN_CH11	SYN_SEG_SPK_23	SYN_SESSION_23	SYN_SEG_0828	fricative_duration	final				ms	requested			raw					SYN_GENERATOR_11042026	SYNTHETIC_TEACHING_FIXTURE
REQ_SYN_SEG_0828_fricative_cog	SYN_CH11	SYN_SEG_SPK_23	SYN_SESSION_23	SYN_SEG_0828	fricative_cog	final				Hz	requested			raw					SYN_GENERATOR_11042026	SYNTHETIC_TEACHING_FIXTURE
REQ_SYN_SEG_0829_vot	SYN_CH11	SYN_SEG_SPK_24	SYN_SESSION_24	SYN_SEG_0829	vot	initial				ms	requested			raw					SYN_GENERATOR_11042026	SYNTHETIC_TEACHING_FIXTURE
REQ_SYN_SEG_0829_closure_duration	SYN_CH11	SYN_SEG_SPK_24	SYN_SESSION_24	SYN_SEG_0829	closure_duration	initial				ms	requested			raw					SYN_GENERATOR_11042026	SYNTHETIC_TEACHING_FIXTURE
REQ_SYN_SEG_0829_vowel_onset_f0	SYN_CH11	SYN_SEG_SPK_24	SYN_SESSION_24	SYN_SEG_0829	vowel_onset_f0	initial				Hz	requested			raw					SYN_GENERATOR_11042026	SYNTHETIC_TEACHING_FIXTURE
REQ_SYN_SEG_0830_vot	SYN_CH11	SYN_SEG_SPK_24	SYN_SESSION_24	SYN_SEG_0830	vot	medial				ms	requested			raw					SYN_GENERATOR_11042026	SYNTHETIC_TEACHING_FIXTURE
REQ_SYN_SEG_0830_closure_duration	SYN_CH11	SYN_SEG_SPK_24	SYN_SESSION_24	SYN_SEG_0830	closure_duration	medial				ms	requested			raw					SYN_GENERATOR_11042026	SYNTHETIC_TEACHING_FIXTURE
REQ_SYN_SEG_0830_vowel_onset_f0	SYN_CH11	SYN_SEG_SPK_24	SYN_SESSION_24	SYN_SEG_0830	vowel_onset_f0	medial				Hz	requested			raw					SYN_GENERATOR_11042026	SYNTHETIC_TEACHING_FIXTURE
REQ_SYN_SEG_0831_vot	SYN_CH11	SYN_SEG_SPK_24	SYN_SESSION_24	SYN_SEG_0831	vot	final				ms	requested			raw					SYN_GENERATOR_11042026	SYNTHETIC_TEACHING_FIXTURE
REQ_SYN_SEG_0831_closure_duration	SYN_CH11	SYN_SEG_SPK_24	SYN_SESSION_24	SYN_SEG_0831	closure_duration	final				ms	requested			raw					SYN_GENERATOR_11042026	SYNTHETIC_TEACHING_FIXTURE
REQ_SYN_SEG_0831_vowel_onset_f0	SYN_CH11	SYN_SEG_SPK_24	SYN_SESSION_24	SYN_SEG_0831	vowel_onset_f0	final				Hz	requested			raw					SYN_GENERATOR_11042026	SYNTHETIC_TEACHING_FIXTURE
REQ_SYN_SEG_0832_vot	SYN_CH11	SYN_SEG_SPK_24	SYN_SESSION_24	SYN_SEG_0832	vot	initial				ms	requested			raw					SYN_GENERATOR_11042026	SYNTHETIC_TEACHING_FIXTURE
REQ_SYN_SEG_0832_closure_duration	SYN_CH11	SYN_SEG_SPK_24	SYN_SESSION_24	SYN_SEG_0832	closure_duration	initial				ms	requested			raw					SYN_GENERATOR_11042026	SYNTHETIC_TEACHING_FIXTURE
REQ_SYN_SEG_0832_vowel_onset_f0	SYN_CH11	SYN_SEG_SPK_24	SYN_SESSION_24	SYN_SEG_0832	vowel_onset_f0	initial				Hz	requested			raw					SYN_GENERATOR_11042026	SYNTHETIC_TEACHING_FIXTURE
REQ_SYN_SEG_0833_vot	SYN_CH11	SYN_SEG_SPK_24	SYN_SESSION_24	SYN_SEG_0833	vot	medial				ms	requested			raw					SYN_GENERATOR_11042026	SYNTHETIC_TEACHING_FIXTURE
REQ_SYN_SEG_0833_closure_duration	SYN_CH11	SYN_SEG_SPK_24	SYN_SESSION_24	SYN_SEG_0833	closure_duration	medial				ms	requested			raw					SYN_GENERATOR_11042026	SYNTHETIC_TEACHING_FIXTURE
REQ_SYN_SEG_0833_vowel_onset_f0	SYN_CH11	SYN_SEG_SPK_24	SYN_SESSION_24	SYN_SEG_0833	vowel_onset_f0	medial				Hz	requested			raw					SYN_GENERATOR_11042026	SYNTHETIC_TEACHING_FIXTURE
REQ_SYN_SEG_0834_vot	SYN_CH11	SYN_SEG_SPK_24	SYN_SESSION_24	SYN_SEG_0834	vot	final				ms	requested			raw					SYN_GENERATOR_11042026	SYNTHETIC_TEACHING_FIXTURE
REQ_SYN_SEG_0834_closure_duration	SYN_CH11	SYN_SEG_SPK_24	SYN_SESSION_24	SYN_SEG_0834	closure_duration	final				ms	requested			raw					SYN_GENERATOR_11042026	SYNTHETIC_TEACHING_FIXTURE
REQ_SYN_SEG_0834_vowel_onset_f0	SYN_CH11	SYN_SEG_SPK_24	SYN_SESSION_24	SYN_SEG_0834	vowel_onset_f0	final				Hz	requested			raw					SYN_GENERATOR_11042026	SYNTHETIC_TEACHING_FIXTURE
REQ_SYN_SEG_0835_vot	SYN_CH11	SYN_SEG_SPK_24	SYN_SESSION_24	SYN_SEG_0835	vot	initial				ms	requested			raw					SYN_GENERATOR_11042026	SYNTHETIC_TEACHING_FIXTURE
REQ_SYN_SEG_0835_closure_duration	SYN_CH11	SYN_SEG_SPK_24	SYN_SESSION_24	SYN_SEG_0835	closure_duration	initial				ms	requested			raw					SYN_GENERATOR_11042026	SYNTHETIC_TEACHING_FIXTURE
REQ_SYN_SEG_0835_vowel_onset_f0	SYN_CH11	SYN_SEG_SPK_24	SYN_SESSION_24	SYN_SEG_0835	vowel_onset_f0	initial				Hz	requested			raw					SYN_GENERATOR_11042026	SYNTHETIC_TEACHING_FIXTURE
REQ_SYN_SEG_0836_vot	SYN_CH11	SYN_SEG_SPK_24	SYN_SESSION_24	SYN_SEG_0836	vot	medial				ms	requested			raw					SYN_GENERATOR_11042026	SYNTHETIC_TEACHING_FIXTURE
REQ_SYN_SEG_0836_closure_duration	SYN_CH11	SYN_SEG_SPK_24	SYN_SESSION_24	SYN_SEG_0836	closure_duration	medial				ms	requested			raw					SYN_GENERATOR_11042026	SYNTHETIC_TEACHING_FIXTURE
REQ_SYN_SEG_0836_vowel_onset_f0	SYN_CH11	SYN_SEG_SPK_24	SYN_SESSION_24	SYN_SEG_0836	vowel_onset_f0	medial				Hz	requested			raw					SYN_GENERATOR_11042026	SYNTHETIC_TEACHING_FIXTURE
REQ_SYN_SEG_0837_vot	SYN_CH11	SYN_SEG_SPK_24	SYN_SESSION_24	SYN_SEG_0837	vot	final				ms	requested			raw					SYN_GENERATOR_11042026	SYNTHETIC_TEACHING_FIXTURE
REQ_SYN_SEG_0837_closure_duration	SYN_CH11	SYN_SEG_SPK_24	SYN_SESSION_24	SYN_SEG_0837	closure_duration	final				ms	requested			raw					SYN_GENERATOR_11042026	SYNTHETIC_TEACHING_FIXTURE
REQ_SYN_SEG_0837_vowel_onset_f0	SYN_CH11	SYN_SEG_SPK_24	SYN_SESSION_24	SYN_SEG_0837	vowel_onset_f0	final				Hz	requested			raw					SYN_GENERATOR_11042026	SYNTHETIC_TEACHING_FIXTURE
REQ_SYN_SEG_0838_vot	SYN_CH11	SYN_SEG_SPK_24	SYN_SESSION_24	SYN_SEG_0838	vot	initial				ms	requested			raw					SYN_GENERATOR_11042026	SYNTHETIC_TEACHING_FIXTURE
REQ_SYN_SEG_0838_closure_duration	SYN_CH11	SYN_SEG_SPK_24	SYN_SESSION_24	SYN_SEG_0838	closure_duration	initial				ms	requested			raw					SYN_GENERATOR_11042026	SYNTHETIC_TEACHING_FIXTURE
REQ_SYN_SEG_0838_vowel_onset_f0	SYN_CH11	SYN_SEG_SPK_24	SYN_SESSION_24	SYN_SEG_0838	vowel_onset_f0	initial				Hz	requested			raw					SYN_GENERATOR_11042026	SYNTHETIC_TEACHING_FIXTURE
REQ_SYN_SEG_0839_vot	SYN_CH11	SYN_SEG_SPK_24	SYN_SESSION_24	SYN_SEG_0839	vot	medial				ms	requested			raw					SYN_GENERATOR_11042026	SYNTHETIC_TEACHING_FIXTURE
REQ_SYN_SEG_0839_closure_duration	SYN_CH11	SYN_SEG_SPK_24	SYN_SESSION_24	SYN_SEG_0839	closure_duration	medial				ms	requested			raw					SYN_GENERATOR_11042026	SYNTHETIC_TEACHING_FIXTURE
REQ_SYN_SEG_0839_vowel_onset_f0	SYN_CH11	SYN_SEG_SPK_24	SYN_SESSION_24	SYN_SEG_0839	vowel_onset_f0	medial				Hz	requested			raw					SYN_GENERATOR_11042026	SYNTHETIC_TEACHING_FIXTURE
REQ_SYN_SEG_0840_vot	SYN_CH11	SYN_SEG_SPK_24	SYN_SESSION_24	SYN_SEG_0840	vot	final				ms	requested			raw					SYN_GENERATOR_11042026	SYNTHETIC_TEACHING_FIXTURE
REQ_SYN_SEG_0840_closure_duration	SYN_CH11	SYN_SEG_SPK_24	SYN_SESSION_24	SYN_SEG_0840	closure_duration	final				ms	requested			raw					SYN_GENERATOR_11042026	SYNTHETIC_TEACHING_FIXTURE
REQ_SYN_SEG_0840_vowel_onset_f0	SYN_CH11	SYN_SEG_SPK_24	SYN_SESSION_24	SYN_SEG_0840	vowel_onset_f0	final				Hz	requested			raw					SYN_GENERATOR_11042026	SYNTHETIC_TEACHING_FIXTURE
REQ_SYN_SEG_0841_vowel_duration	SYN_CH11	SYN_SEG_SPK_24	SYN_SESSION_24	SYN_SEG_0841	vowel_duration	initial				ms	requested		evaluation	raw					SYN_GENERATOR_11042026	SYNTHETIC_TEACHING_FIXTURE
REQ_SYN_SEG_0841_f1	SYN_CH11	SYN_SEG_SPK_24	SYN_SESSION_24	SYN_SEG_0841	f1	initial				Hz	requested		evaluation	raw					SYN_GENERATOR_11042026	SYNTHETIC_TEACHING_FIXTURE
REQ_SYN_SEG_0841_f2	SYN_CH11	SYN_SEG_SPK_24	SYN_SESSION_24	SYN_SEG_0841	f2	initial				Hz	requested		evaluation	raw					SYN_GENERATOR_11042026	SYNTHETIC_TEACHING_FIXTURE
REQ_SYN_SEG_0841_f3	SYN_CH11	SYN_SEG_SPK_24	SYN_SESSION_24	SYN_SEG_0841	f3	initial				Hz	requested		evaluation	raw					SYN_GENERATOR_11042026	SYNTHETIC_TEACHING_FIXTURE
REQ_SYN_SEG_0842_vowel_duration	SYN_CH11	SYN_SEG_SPK_24	SYN_SESSION_24	SYN_SEG_0842	vowel_duration	medial				ms	requested		evaluation	raw					SYN_GENERATOR_11042026	SYNTHETIC_TEACHING_FIXTURE
REQ_SYN_SEG_0842_f1	SYN_CH11	SYN_SEG_SPK_24	SYN_SESSION_24	SYN_SEG_0842	f1	medial				Hz	requested		evaluation	raw					SYN_GENERATOR_11042026	SYNTHETIC_TEACHING_FIXTURE
REQ_SYN_SEG_0842_f2	SYN_CH11	SYN_SEG_SPK_24	SYN_SESSION_24	SYN_SEG_0842	f2	medial				Hz	requested		evaluation	raw					SYN_GENERATOR_11042026	SYNTHETIC_TEACHING_FIXTURE
REQ_SYN_SEG_0842_f3	SYN_CH11	SYN_SEG_SPK_24	SYN_SESSION_24	SYN_SEG_0842	f3	medial				Hz	requested		evaluation	raw					SYN_GENERATOR_11042026	SYNTHETIC_TEACHING_FIXTURE
REQ_SYN_SEG_0843_vowel_duration	SYN_CH11	SYN_SEG_SPK_24	SYN_SESSION_24	SYN_SEG_0843	vowel_duration	final				ms	requested		evaluation	raw					SYN_GENERATOR_11042026	SYNTHETIC_TEACHING_FIXTURE
REQ_SYN_SEG_0843_f1	SYN_CH11	SYN_SEG_SPK_24	SYN_SESSION_24	SYN_SEG_0843	f1	final				Hz	requested		evaluation	raw					SYN_GENERATOR_11042026	SYNTHETIC_TEACHING_FIXTURE
REQ_SYN_SEG_0843_f2	SYN_CH11	SYN_SEG_SPK_24	SYN_SESSION_24	SYN_SEG_0843	f2	final				Hz	requested		evaluation	raw					SYN_GENERATOR_11042026	SYNTHETIC_TEACHING_FIXTURE
REQ_SYN_SEG_0843_f3	SYN_CH11	SYN_SEG_SPK_24	SYN_SESSION_24	SYN_SEG_0843	f3	final				Hz	requested		evaluation	raw					SYN_GENERATOR_11042026	SYNTHETIC_TEACHING_FIXTURE
REQ_SYN_SEG_0844_vowel_duration	SYN_CH11	SYN_SEG_SPK_24	SYN_SESSION_24	SYN_SEG_0844	vowel_duration	initial				ms	requested		evaluation	raw					SYN_GENERATOR_11042026	SYNTHETIC_TEACHING_FIXTURE
REQ_SYN_SEG_0844_f1	SYN_CH11	SYN_SEG_SPK_24	SYN_SESSION_24	SYN_SEG_0844	f1	initial				Hz	requested		evaluation	raw					SYN_GENERATOR_11042026	SYNTHETIC_TEACHING_FIXTURE
REQ_SYN_SEG_0844_f2	SYN_CH11	SYN_SEG_SPK_24	SYN_SESSION_24	SYN_SEG_0844	f2	initial				Hz	requested		evaluation	raw					SYN_GENERATOR_11042026	SYNTHETIC_TEACHING_FIXTURE
REQ_SYN_SEG_0844_f3	SYN_CH11	SYN_SEG_SPK_24	SYN_SESSION_24	SYN_SEG_0844	f3	initial				Hz	requested		evaluation	raw					SYN_GENERATOR_11042026	SYNTHETIC_TEACHING_FIXTURE
REQ_SYN_SEG_0845_vowel_duration	SYN_CH11	SYN_SEG_SPK_24	SYN_SESSION_24	SYN_SEG_0845	vowel_duration	medial				ms	requested		evaluation	raw					SYN_GENERATOR_11042026	SYNTHETIC_TEACHING_FIXTURE
REQ_SYN_SEG_0845_f1	SYN_CH11	SYN_SEG_SPK_24	SYN_SESSION_24	SYN_SEG_0845	f1	medial				Hz	requested		evaluation	raw					SYN_GENERATOR_11042026	SYNTHETIC_TEACHING_FIXTURE
REQ_SYN_SEG_0845_f2	SYN_CH11	SYN_SEG_SPK_24	SYN_SESSION_24	SYN_SEG_0845	f2	medial				Hz	requested		evaluation	raw					SYN_GENERATOR_11042026	SYNTHETIC_TEACHING_FIXTURE
REQ_SYN_SEG_0845_f3	SYN_CH11	SYN_SEG_SPK_24	SYN_SESSION_24	SYN_SEG_0845	f3	medial				Hz	requested		evaluation	raw					SYN_GENERATOR_11042026	SYNTHETIC_TEACHING_FIXTURE
REQ_SYN_SEG_0846_vowel_duration	SYN_CH11	SYN_SEG_SPK_24	SYN_SESSION_24	SYN_SEG_0846	vowel_duration	final				ms	requested		evaluation	raw					SYN_GENERATOR_11042026	SYNTHETIC_TEACHING_FIXTURE
REQ_SYN_SEG_0846_f1	SYN_CH11	SYN_SEG_SPK_24	SYN_SESSION_24	SYN_SEG_0846	f1	final				Hz	requested		evaluation	raw					SYN_GENERATOR_11042026	SYNTHETIC_TEACHING_FIXTURE
REQ_SYN_SEG_0846_f2	SYN_CH11	SYN_SEG_SPK_24	SYN_SESSION_24	SYN_SEG_0846	f2	final				Hz	requested		evaluation	raw					SYN_GENERATOR_11042026	SYNTHETIC_TEACHING_FIXTURE
REQ_SYN_SEG_0846_f3	SYN_CH11	SYN_SEG_SPK_24	SYN_SESSION_24	SYN_SEG_0846	f3	final				Hz	requested		evaluation	raw					SYN_GENERATOR_11042026	SYNTHETIC_TEACHING_FIXTURE
REQ_SYN_SEG_0847_vowel_duration	SYN_CH11	SYN_SEG_SPK_24	SYN_SESSION_24	SYN_SEG_0847	vowel_duration	initial				ms	requested		evaluation	raw					SYN_GENERATOR_11042026	SYNTHETIC_TEACHING_FIXTURE
REQ_SYN_SEG_0847_f1	SYN_CH11	SYN_SEG_SPK_24	SYN_SESSION_24	SYN_SEG_0847	f1	initial				Hz	requested		evaluation	raw					SYN_GENERATOR_11042026	SYNTHETIC_TEACHING_FIXTURE
REQ_SYN_SEG_0847_f2	SYN_CH11	SYN_SEG_SPK_24	SYN_SESSION_24	SYN_SEG_0847	f2	initial				Hz	requested		evaluation	raw					SYN_GENERATOR_11042026	SYNTHETIC_TEACHING_FIXTURE
REQ_SYN_SEG_0847_f3	SYN_CH11	SYN_SEG_SPK_24	SYN_SESSION_24	SYN_SEG_0847	f3	initial				Hz	requested		evaluation	raw					SYN_GENERATOR_11042026	SYNTHETIC_TEACHING_FIXTURE
REQ_SYN_SEG_0848_vowel_duration	SYN_CH11	SYN_SEG_SPK_24	SYN_SESSION_24	SYN_SEG_0848	vowel_duration	medial				ms	requested		evaluation	raw					SYN_GENERATOR_11042026	SYNTHETIC_TEACHING_FIXTURE
REQ_SYN_SEG_0848_f1	SYN_CH11	SYN_SEG_SPK_24	SYN_SESSION_24	SYN_SEG_0848	f1	medial				Hz	requested		evaluation	raw					SYN_GENERATOR_11042026	SYNTHETIC_TEACHING_FIXTURE
REQ_SYN_SEG_0848_f2	SYN_CH11	SYN_SEG_SPK_24	SYN_SESSION_24	SYN_SEG_0848	f2	medial				Hz	requested		evaluation	raw					SYN_GENERATOR_11042026	SYNTHETIC_TEACHING_FIXTURE
REQ_SYN_SEG_0848_f3	SYN_CH11	SYN_SEG_SPK_24	SYN_SESSION_24	SYN_SEG_0848	f3	medial				Hz	requested		evaluation	raw					SYN_GENERATOR_11042026	SYNTHETIC_TEACHING_FIXTURE
REQ_SYN_SEG_0849_vowel_duration	SYN_CH11	SYN_SEG_SPK_24	SYN_SESSION_24	SYN_SEG_0849	vowel_duration	final				ms	requested		evaluation	raw					SYN_GENERATOR_11042026	SYNTHETIC_TEACHING_FIXTURE
REQ_SYN_SEG_0849_f1	SYN_CH11	SYN_SEG_SPK_24	SYN_SESSION_24	SYN_SEG_0849	f1	final				Hz	requested		evaluation	raw					SYN_GENERATOR_11042026	SYNTHETIC_TEACHING_FIXTURE
REQ_SYN_SEG_0849_f2	SYN_CH11	SYN_SEG_SPK_24	SYN_SESSION_24	SYN_SEG_0849	f2	final				Hz	requested		evaluation	raw					SYN_GENERATOR_11042026	SYNTHETIC_TEACHING_FIXTURE
REQ_SYN_SEG_0849_f3	SYN_CH11	SYN_SEG_SPK_24	SYN_SESSION_24	SYN_SEG_0849	f3	final				Hz	requested		evaluation	raw					SYN_GENERATOR_11042026	SYNTHETIC_TEACHING_FIXTURE
REQ_SYN_SEG_0850_vowel_duration	SYN_CH11	SYN_SEG_SPK_24	SYN_SESSION_24	SYN_SEG_0850	vowel_duration	initial				ms	requested		evaluation	raw					SYN_GENERATOR_11042026	SYNTHETIC_TEACHING_FIXTURE
REQ_SYN_SEG_0850_f1	SYN_CH11	SYN_SEG_SPK_24	SYN_SESSION_24	SYN_SEG_0850	f1	initial				Hz	requested		evaluation	raw					SYN_GENERATOR_11042026	SYNTHETIC_TEACHING_FIXTURE
REQ_SYN_SEG_0850_f2	SYN_CH11	SYN_SEG_SPK_24	SYN_SESSION_24	SYN_SEG_0850	f2	initial				Hz	requested		evaluation	raw					SYN_GENERATOR_11042026	SYNTHETIC_TEACHING_FIXTURE
REQ_SYN_SEG_0850_f3	SYN_CH11	SYN_SEG_SPK_24	SYN_SESSION_24	SYN_SEG_0850	f3	initial				Hz	requested		evaluation	raw					SYN_GENERATOR_11042026	SYNTHETIC_TEACHING_FIXTURE
REQ_SYN_SEG_0851_vowel_duration	SYN_CH11	SYN_SEG_SPK_24	SYN_SESSION_24	SYN_SEG_0851	vowel_duration	medial				ms	requested		evaluation	raw					SYN_GENERATOR_11042026	SYNTHETIC_TEACHING_FIXTURE
REQ_SYN_SEG_0851_f1	SYN_CH11	SYN_SEG_SPK_24	SYN_SESSION_24	SYN_SEG_0851	f1	medial				Hz	requested		evaluation	raw					SYN_GENERATOR_11042026	SYNTHETIC_TEACHING_FIXTURE
REQ_SYN_SEG_0851_f2	SYN_CH11	SYN_SEG_SPK_24	SYN_SESSION_24	SYN_SEG_0851	f2	medial				Hz	requested		evaluation	raw					SYN_GENERATOR_11042026	SYNTHETIC_TEACHING_FIXTURE
REQ_SYN_SEG_0851_f3	SYN_CH11	SYN_SEG_SPK_24	SYN_SESSION_24	SYN_SEG_0851	f3	medial				Hz	requested		evaluation	raw					SYN_GENERATOR_11042026	SYNTHETIC_TEACHING_FIXTURE
REQ_SYN_SEG_0852_vowel_duration	SYN_CH11	SYN_SEG_SPK_24	SYN_SESSION_24	SYN_SEG_0852	vowel_duration	final				ms	requested		evaluation	raw					SYN_GENERATOR_11042026	SYNTHETIC_TEACHING_FIXTURE
REQ_SYN_SEG_0852_f1	SYN_CH11	SYN_SEG_SPK_24	SYN_SESSION_24	SYN_SEG_0852	f1	final				Hz	requested		evaluation	raw					SYN_GENERATOR_11042026	SYNTHETIC_TEACHING_FIXTURE
REQ_SYN_SEG_0852_f2	SYN_CH11	SYN_SEG_SPK_24	SYN_SESSION_24	SYN_SEG_0852	f2	final				Hz	requested		evaluation	raw					SYN_GENERATOR_11042026	SYNTHETIC_TEACHING_FIXTURE
REQ_SYN_SEG_0852_f3	SYN_CH11	SYN_SEG_SPK_24	SYN_SESSION_24	SYN_SEG_0852	f3	final				Hz	requested		evaluation	raw					SYN_GENERATOR_11042026	SYNTHETIC_TEACHING_FIXTURE
REQ_SYN_SEG_0853_fricative_duration	SYN_CH11	SYN_SEG_SPK_24	SYN_SESSION_24	SYN_SEG_0853	fricative_duration	initial				ms	requested			raw					SYN_GENERATOR_11042026	SYNTHETIC_TEACHING_FIXTURE
REQ_SYN_SEG_0853_fricative_cog	SYN_CH11	SYN_SEG_SPK_24	SYN_SESSION_24	SYN_SEG_0853	fricative_cog	initial				Hz	requested			raw					SYN_GENERATOR_11042026	SYNTHETIC_TEACHING_FIXTURE
REQ_SYN_SEG_0854_fricative_duration	SYN_CH11	SYN_SEG_SPK_24	SYN_SESSION_24	SYN_SEG_0854	fricative_duration	medial				ms	requested			raw					SYN_GENERATOR_11042026	SYNTHETIC_TEACHING_FIXTURE
REQ_SYN_SEG_0854_fricative_cog	SYN_CH11	SYN_SEG_SPK_24	SYN_SESSION_24	SYN_SEG_0854	fricative_cog	medial				Hz	requested			raw					SYN_GENERATOR_11042026	SYNTHETIC_TEACHING_FIXTURE
REQ_SYN_SEG_0855_fricative_duration	SYN_CH11	SYN_SEG_SPK_24	SYN_SESSION_24	SYN_SEG_0855	fricative_duration	final				ms	requested			raw					SYN_GENERATOR_11042026	SYNTHETIC_TEACHING_FIXTURE
REQ_SYN_SEG_0855_fricative_cog	SYN_CH11	SYN_SEG_SPK_24	SYN_SESSION_24	SYN_SEG_0855	fricative_cog	final				Hz	requested			raw					SYN_GENERATOR_11042026	SYNTHETIC_TEACHING_FIXTURE
REQ_SYN_SEG_0856_fricative_duration	SYN_CH11	SYN_SEG_SPK_24	SYN_SESSION_24	SYN_SEG_0856	fricative_duration	initial				ms	requested			raw					SYN_GENERATOR_11042026	SYNTHETIC_TEACHING_FIXTURE
REQ_SYN_SEG_0856_fricative_cog	SYN_CH11	SYN_SEG_SPK_24	SYN_SESSION_24	SYN_SEG_0856	fricative_cog	initial				Hz	requested			raw					SYN_GENERATOR_11042026	SYNTHETIC_TEACHING_FIXTURE
REQ_SYN_SEG_0857_fricative_duration	SYN_CH11	SYN_SEG_SPK_24	SYN_SESSION_24	SYN_SEG_0857	fricative_duration	medial				ms	requested			raw					SYN_GENERATOR_11042026	SYNTHETIC_TEACHING_FIXTURE
REQ_SYN_SEG_0857_fricative_cog	SYN_CH11	SYN_SEG_SPK_24	SYN_SESSION_24	SYN_SEG_0857	fricative_cog	medial				Hz	requested			raw					SYN_GENERATOR_11042026	SYNTHETIC_TEACHING_FIXTURE
REQ_SYN_SEG_0858_fricative_duration	SYN_CH11	SYN_SEG_SPK_24	SYN_SESSION_24	SYN_SEG_0858	fricative_duration	final				ms	requested			raw					SYN_GENERATOR_11042026	SYNTHETIC_TEACHING_FIXTURE
REQ_SYN_SEG_0858_fricative_cog	SYN_CH11	SYN_SEG_SPK_24	SYN_SESSION_24	SYN_SEG_0858	fricative_cog	final				Hz	requested			raw					SYN_GENERATOR_11042026	SYNTHETIC_TEACHING_FIXTURE
REQ_SYN_SEG_0859_fricative_duration	SYN_CH11	SYN_SEG_SPK_24	SYN_SESSION_24	SYN_SEG_0859	fricative_duration	initial				ms	requested			raw					SYN_GENERATOR_11042026	SYNTHETIC_TEACHING_FIXTURE
REQ_SYN_SEG_0859_fricative_cog	SYN_CH11	SYN_SEG_SPK_24	SYN_SESSION_24	SYN_SEG_0859	fricative_cog	initial				Hz	requested			raw					SYN_GENERATOR_11042026	SYNTHETIC_TEACHING_FIXTURE
REQ_SYN_SEG_0860_fricative_duration	SYN_CH11	SYN_SEG_SPK_24	SYN_SESSION_24	SYN_SEG_0860	fricative_duration	medial				ms	requested			raw					SYN_GENERATOR_11042026	SYNTHETIC_TEACHING_FIXTURE
REQ_SYN_SEG_0860_fricative_cog	SYN_CH11	SYN_SEG_SPK_24	SYN_SESSION_24	SYN_SEG_0860	fricative_cog	medial				Hz	requested			raw					SYN_GENERATOR_11042026	SYNTHETIC_TEACHING_FIXTURE
REQ_SYN_SEG_0861_fricative_duration	SYN_CH11	SYN_SEG_SPK_24	SYN_SESSION_24	SYN_SEG_0861	fricative_duration	final				ms	requested			raw					SYN_GENERATOR_11042026	SYNTHETIC_TEACHING_FIXTURE
REQ_SYN_SEG_0861_fricative_cog	SYN_CH11	SYN_SEG_SPK_24	SYN_SESSION_24	SYN_SEG_0861	fricative_cog	final				Hz	requested			raw					SYN_GENERATOR_11042026	SYNTHETIC_TEACHING_FIXTURE
REQ_SYN_SEG_0862_fricative_duration	SYN_CH11	SYN_SEG_SPK_24	SYN_SESSION_24	SYN_SEG_0862	fricative_duration	initial				ms	requested			raw					SYN_GENERATOR_11042026	SYNTHETIC_TEACHING_FIXTURE
REQ_SYN_SEG_0862_fricative_cog	SYN_CH11	SYN_SEG_SPK_24	SYN_SESSION_24	SYN_SEG_0862	fricative_cog	initial				Hz	requested			raw					SYN_GENERATOR_11042026	SYNTHETIC_TEACHING_FIXTURE
REQ_SYN_SEG_0863_fricative_duration	SYN_CH11	SYN_SEG_SPK_24	SYN_SESSION_24	SYN_SEG_0863	fricative_duration	medial				ms	requested			raw					SYN_GENERATOR_11042026	SYNTHETIC_TEACHING_FIXTURE
REQ_SYN_SEG_0863_fricative_cog	SYN_CH11	SYN_SEG_SPK_24	SYN_SESSION_24	SYN_SEG_0863	fricative_cog	medial				Hz	requested			raw					SYN_GENERATOR_11042026	SYNTHETIC_TEACHING_FIXTURE
REQ_SYN_SEG_0864_fricative_duration	SYN_CH11	SYN_SEG_SPK_24	SYN_SESSION_24	SYN_SEG_0864	fricative_duration	final				ms	requested			raw					SYN_GENERATOR_11042026	SYNTHETIC_TEACHING_FIXTURE
REQ_SYN_SEG_0864_fricative_cog	SYN_CH11	SYN_SEG_SPK_24	SYN_SESSION_24	SYN_SEG_0864	fricative_cog	final				Hz	requested			raw					SYN_GENERATOR_11042026	SYNTHETIC_TEACHING_FIXTURE
REQ_SYN_SEG_0865_vot	SYN_CH11	SYN_SEG_SPK_25	SYN_SESSION_25	SYN_SEG_0865	vot	initial				ms	requested			raw					SYN_GENERATOR_11042026	SYNTHETIC_TEACHING_FIXTURE
REQ_SYN_SEG_0865_closure_duration	SYN_CH11	SYN_SEG_SPK_25	SYN_SESSION_25	SYN_SEG_0865	closure_duration	initial				ms	requested			raw					SYN_GENERATOR_11042026	SYNTHETIC_TEACHING_FIXTURE
REQ_SYN_SEG_0865_vowel_onset_f0	SYN_CH11	SYN_SEG_SPK_25	SYN_SESSION_25	SYN_SEG_0865	vowel_onset_f0	initial				Hz	requested			raw					SYN_GENERATOR_11042026	SYNTHETIC_TEACHING_FIXTURE
REQ_SYN_SEG_0866_vot	SYN_CH11	SYN_SEG_SPK_25	SYN_SESSION_25	SYN_SEG_0866	vot	medial				ms	requested			raw					SYN_GENERATOR_11042026	SYNTHETIC_TEACHING_FIXTURE
REQ_SYN_SEG_0866_closure_duration	SYN_CH11	SYN_SEG_SPK_25	SYN_SESSION_25	SYN_SEG_0866	closure_duration	medial				ms	requested			raw					SYN_GENERATOR_11042026	SYNTHETIC_TEACHING_FIXTURE
REQ_SYN_SEG_0866_vowel_onset_f0	SYN_CH11	SYN_SEG_SPK_25	SYN_SESSION_25	SYN_SEG_0866	vowel_onset_f0	medial				Hz	requested			raw					SYN_GENERATOR_11042026	SYNTHETIC_TEACHING_FIXTURE
REQ_SYN_SEG_0867_vot	SYN_CH11	SYN_SEG_SPK_25	SYN_SESSION_25	SYN_SEG_0867	vot	final				ms	requested			raw					SYN_GENERATOR_11042026	SYNTHETIC_TEACHING_FIXTURE
REQ_SYN_SEG_0867_closure_duration	SYN_CH11	SYN_SEG_SPK_25	SYN_SESSION_25	SYN_SEG_0867	closure_duration	final				ms	requested			raw					SYN_GENERATOR_11042026	SYNTHETIC_TEACHING_FIXTURE
REQ_SYN_SEG_0867_vowel_onset_f0	SYN_CH11	SYN_SEG_SPK_25	SYN_SESSION_25	SYN_SEG_0867	vowel_onset_f0	final				Hz	requested			raw					SYN_GENERATOR_11042026	SYNTHETIC_TEACHING_FIXTURE
REQ_SYN_SEG_0868_vot	SYN_CH11	SYN_SEG_SPK_25	SYN_SESSION_25	SYN_SEG_0868	vot	initial				ms	requested			raw					SYN_GENERATOR_11042026	SYNTHETIC_TEACHING_FIXTURE
REQ_SYN_SEG_0868_closure_duration	SYN_CH11	SYN_SEG_SPK_25	SYN_SESSION_25	SYN_SEG_0868	closure_duration	initial				ms	requested			raw					SYN_GENERATOR_11042026	SYNTHETIC_TEACHING_FIXTURE
REQ_SYN_SEG_0868_vowel_onset_f0	SYN_CH11	SYN_SEG_SPK_25	SYN_SESSION_25	SYN_SEG_0868	vowel_onset_f0	initial				Hz	requested			raw					SYN_GENERATOR_11042026	SYNTHETIC_TEACHING_FIXTURE
REQ_SYN_SEG_0869_vot	SYN_CH11	SYN_SEG_SPK_25	SYN_SESSION_25	SYN_SEG_0869	vot	medial				ms	requested			raw					SYN_GENERATOR_11042026	SYNTHETIC_TEACHING_FIXTURE
REQ_SYN_SEG_0869_closure_duration	SYN_CH11	SYN_SEG_SPK_25	SYN_SESSION_25	SYN_SEG_0869	closure_duration	medial				ms	requested			raw					SYN_GENERATOR_11042026	SYNTHETIC_TEACHING_FIXTURE
REQ_SYN_SEG_0869_vowel_onset_f0	SYN_CH11	SYN_SEG_SPK_25	SYN_SESSION_25	SYN_SEG_0869	vowel_onset_f0	medial				Hz	requested			raw					SYN_GENERATOR_11042026	SYNTHETIC_TEACHING_FIXTURE
REQ_SYN_SEG_0870_vot	SYN_CH11	SYN_SEG_SPK_25	SYN_SESSION_25	SYN_SEG_0870	vot	final				ms	requested			raw					SYN_GENERATOR_11042026	SYNTHETIC_TEACHING_FIXTURE
REQ_SYN_SEG_0870_closure_duration	SYN_CH11	SYN_SEG_SPK_25	SYN_SESSION_25	SYN_SEG_0870	closure_duration	final				ms	requested			raw					SYN_GENERATOR_11042026	SYNTHETIC_TEACHING_FIXTURE
REQ_SYN_SEG_0870_vowel_onset_f0	SYN_CH11	SYN_SEG_SPK_25	SYN_SESSION_25	SYN_SEG_0870	vowel_onset_f0	final				Hz	requested			raw					SYN_GENERATOR_11042026	SYNTHETIC_TEACHING_FIXTURE
REQ_SYN_SEG_0871_vot	SYN_CH11	SYN_SEG_SPK_25	SYN_SESSION_25	SYN_SEG_0871	vot	initial				ms	requested			raw					SYN_GENERATOR_11042026	SYNTHETIC_TEACHING_FIXTURE
REQ_SYN_SEG_0871_closure_duration	SYN_CH11	SYN_SEG_SPK_25	SYN_SESSION_25	SYN_SEG_0871	closure_duration	initial				ms	requested			raw					SYN_GENERATOR_11042026	SYNTHETIC_TEACHING_FIXTURE
REQ_SYN_SEG_0871_vowel_onset_f0	SYN_CH11	SYN_SEG_SPK_25	SYN_SESSION_25	SYN_SEG_0871	vowel_onset_f0	initial				Hz	requested			raw					SYN_GENERATOR_11042026	SYNTHETIC_TEACHING_FIXTURE
REQ_SYN_SEG_0872_vot	SYN_CH11	SYN_SEG_SPK_25	SYN_SESSION_25	SYN_SEG_0872	vot	medial				ms	requested			raw					SYN_GENERATOR_11042026	SYNTHETIC_TEACHING_FIXTURE
REQ_SYN_SEG_0872_closure_duration	SYN_CH11	SYN_SEG_SPK_25	SYN_SESSION_25	SYN_SEG_0872	closure_duration	medial				ms	requested			raw					SYN_GENERATOR_11042026	SYNTHETIC_TEACHING_FIXTURE
REQ_SYN_SEG_0872_vowel_onset_f0	SYN_CH11	SYN_SEG_SPK_25	SYN_SESSION_25	SYN_SEG_0872	vowel_onset_f0	medial				Hz	requested			raw					SYN_GENERATOR_11042026	SYNTHETIC_TEACHING_FIXTURE
REQ_SYN_SEG_0873_vot	SYN_CH11	SYN_SEG_SPK_25	SYN_SESSION_25	SYN_SEG_0873	vot	final				ms	requested			raw					SYN_GENERATOR_11042026	SYNTHETIC_TEACHING_FIXTURE
REQ_SYN_SEG_0873_closure_duration	SYN_CH11	SYN_SEG_SPK_25	SYN_SESSION_25	SYN_SEG_0873	closure_duration	final				ms	requested			raw					SYN_GENERATOR_11042026	SYNTHETIC_TEACHING_FIXTURE
REQ_SYN_SEG_0873_vowel_onset_f0	SYN_CH11	SYN_SEG_SPK_25	SYN_SESSION_25	SYN_SEG_0873	vowel_onset_f0	final				Hz	requested			raw					SYN_GENERATOR_11042026	SYNTHETIC_TEACHING_FIXTURE
REQ_SYN_SEG_0874_vot	SYN_CH11	SYN_SEG_SPK_25	SYN_SESSION_25	SYN_SEG_0874	vot	initial				ms	requested			raw					SYN_GENERATOR_11042026	SYNTHETIC_TEACHING_FIXTURE
REQ_SYN_SEG_0874_closure_duration	SYN_CH11	SYN_SEG_SPK_25	SYN_SESSION_25	SYN_SEG_0874	closure_duration	initial				ms	requested			raw					SYN_GENERATOR_11042026	SYNTHETIC_TEACHING_FIXTURE
REQ_SYN_SEG_0874_vowel_onset_f0	SYN_CH11	SYN_SEG_SPK_25	SYN_SESSION_25	SYN_SEG_0874	vowel_onset_f0	initial				Hz	requested			raw					SYN_GENERATOR_11042026	SYNTHETIC_TEACHING_FIXTURE
REQ_SYN_SEG_0875_vot	SYN_CH11	SYN_SEG_SPK_25	SYN_SESSION_25	SYN_SEG_0875	vot	medial				ms	requested			raw					SYN_GENERATOR_11042026	SYNTHETIC_TEACHING_FIXTURE
REQ_SYN_SEG_0875_closure_duration	SYN_CH11	SYN_SEG_SPK_25	SYN_SESSION_25	SYN_SEG_0875	closure_duration	medial				ms	requested			raw					SYN_GENERATOR_11042026	SYNTHETIC_TEACHING_FIXTURE
REQ_SYN_SEG_0875_vowel_onset_f0	SYN_CH11	SYN_SEG_SPK_25	SYN_SESSION_25	SYN_SEG_0875	vowel_onset_f0	medial				Hz	requested			raw					SYN_GENERATOR_11042026	SYNTHETIC_TEACHING_FIXTURE
REQ_SYN_SEG_0876_vot	SYN_CH11	SYN_SEG_SPK_25	SYN_SESSION_25	SYN_SEG_0876	vot	final				ms	requested			raw					SYN_GENERATOR_11042026	SYNTHETIC_TEACHING_FIXTURE
REQ_SYN_SEG_0876_closure_duration	SYN_CH11	SYN_SEG_SPK_25	SYN_SESSION_25	SYN_SEG_0876	closure_duration	final				ms	requested			raw					SYN_GENERATOR_11042026	SYNTHETIC_TEACHING_FIXTURE
REQ_SYN_SEG_0876_vowel_onset_f0	SYN_CH11	SYN_SEG_SPK_25	SYN_SESSION_25	SYN_SEG_0876	vowel_onset_f0	final				Hz	requested			raw					SYN_GENERATOR_11042026	SYNTHETIC_TEACHING_FIXTURE
REQ_SYN_SEG_0877_vowel_duration	SYN_CH11	SYN_SEG_SPK_25	SYN_SESSION_25	SYN_SEG_0877	vowel_duration	initial				ms	requested		evaluation	raw					SYN_GENERATOR_11042026	SYNTHETIC_TEACHING_FIXTURE
REQ_SYN_SEG_0877_f1	SYN_CH11	SYN_SEG_SPK_25	SYN_SESSION_25	SYN_SEG_0877	f1	initial				Hz	requested		evaluation	raw					SYN_GENERATOR_11042026	SYNTHETIC_TEACHING_FIXTURE
REQ_SYN_SEG_0877_f2	SYN_CH11	SYN_SEG_SPK_25	SYN_SESSION_25	SYN_SEG_0877	f2	initial				Hz	requested		evaluation	raw					SYN_GENERATOR_11042026	SYNTHETIC_TEACHING_FIXTURE
REQ_SYN_SEG_0877_f3	SYN_CH11	SYN_SEG_SPK_25	SYN_SESSION_25	SYN_SEG_0877	f3	initial				Hz	requested		evaluation	raw					SYN_GENERATOR_11042026	SYNTHETIC_TEACHING_FIXTURE
REQ_SYN_SEG_0878_vowel_duration	SYN_CH11	SYN_SEG_SPK_25	SYN_SESSION_25	SYN_SEG_0878	vowel_duration	medial				ms	requested		evaluation	raw					SYN_GENERATOR_11042026	SYNTHETIC_TEACHING_FIXTURE
REQ_SYN_SEG_0878_f1	SYN_CH11	SYN_SEG_SPK_25	SYN_SESSION_25	SYN_SEG_0878	f1	medial				Hz	requested		evaluation	raw					SYN_GENERATOR_11042026	SYNTHETIC_TEACHING_FIXTURE
REQ_SYN_SEG_0878_f2	SYN_CH11	SYN_SEG_SPK_25	SYN_SESSION_25	SYN_SEG_0878	f2	medial				Hz	requested		evaluation	raw					SYN_GENERATOR_11042026	SYNTHETIC_TEACHING_FIXTURE
REQ_SYN_SEG_0878_f3	SYN_CH11	SYN_SEG_SPK_25	SYN_SESSION_25	SYN_SEG_0878	f3	medial				Hz	requested		evaluation	raw					SYN_GENERATOR_11042026	SYNTHETIC_TEACHING_FIXTURE
REQ_SYN_SEG_0879_vowel_duration	SYN_CH11	SYN_SEG_SPK_25	SYN_SESSION_25	SYN_SEG_0879	vowel_duration	final				ms	requested		evaluation	raw					SYN_GENERATOR_11042026	SYNTHETIC_TEACHING_FIXTURE
REQ_SYN_SEG_0879_f1	SYN_CH11	SYN_SEG_SPK_25	SYN_SESSION_25	SYN_SEG_0879	f1	final				Hz	requested		evaluation	raw					SYN_GENERATOR_11042026	SYNTHETIC_TEACHING_FIXTURE
REQ_SYN_SEG_0879_f2	SYN_CH11	SYN_SEG_SPK_25	SYN_SESSION_25	SYN_SEG_0879	f2	final				Hz	requested		evaluation	raw					SYN_GENERATOR_11042026	SYNTHETIC_TEACHING_FIXTURE
REQ_SYN_SEG_0879_f3	SYN_CH11	SYN_SEG_SPK_25	SYN_SESSION_25	SYN_SEG_0879	f3	final				Hz	requested		evaluation	raw					SYN_GENERATOR_11042026	SYNTHETIC_TEACHING_FIXTURE
REQ_SYN_SEG_0880_vowel_duration	SYN_CH11	SYN_SEG_SPK_25	SYN_SESSION_25	SYN_SEG_0880	vowel_duration	initial				ms	requested		evaluation	raw					SYN_GENERATOR_11042026	SYNTHETIC_TEACHING_FIXTURE
REQ_SYN_SEG_0880_f1	SYN_CH11	SYN_SEG_SPK_25	SYN_SESSION_25	SYN_SEG_0880	f1	initial				Hz	requested		evaluation	raw					SYN_GENERATOR_11042026	SYNTHETIC_TEACHING_FIXTURE
REQ_SYN_SEG_0880_f2	SYN_CH11	SYN_SEG_SPK_25	SYN_SESSION_25	SYN_SEG_0880	f2	initial				Hz	requested		evaluation	raw					SYN_GENERATOR_11042026	SYNTHETIC_TEACHING_FIXTURE
REQ_SYN_SEG_0880_f3	SYN_CH11	SYN_SEG_SPK_25	SYN_SESSION_25	SYN_SEG_0880	f3	initial				Hz	requested		evaluation	raw					SYN_GENERATOR_11042026	SYNTHETIC_TEACHING_FIXTURE
REQ_SYN_SEG_0881_vowel_duration	SYN_CH11	SYN_SEG_SPK_25	SYN_SESSION_25	SYN_SEG_0881	vowel_duration	medial				ms	requested		evaluation	raw					SYN_GENERATOR_11042026	SYNTHETIC_TEACHING_FIXTURE
REQ_SYN_SEG_0881_f1	SYN_CH11	SYN_SEG_SPK_25	SYN_SESSION_25	SYN_SEG_0881	f1	medial				Hz	requested		evaluation	raw					SYN_GENERATOR_11042026	SYNTHETIC_TEACHING_FIXTURE
REQ_SYN_SEG_0881_f2	SYN_CH11	SYN_SEG_SPK_25	SYN_SESSION_25	SYN_SEG_0881	f2	medial				Hz	requested		evaluation	raw					SYN_GENERATOR_11042026	SYNTHETIC_TEACHING_FIXTURE
REQ_SYN_SEG_0881_f3	SYN_CH11	SYN_SEG_SPK_25	SYN_SESSION_25	SYN_SEG_0881	f3	medial				Hz	requested		evaluation	raw					SYN_GENERATOR_11042026	SYNTHETIC_TEACHING_FIXTURE
REQ_SYN_SEG_0882_vowel_duration	SYN_CH11	SYN_SEG_SPK_25	SYN_SESSION_25	SYN_SEG_0882	vowel_duration	final				ms	requested		evaluation	raw					SYN_GENERATOR_11042026	SYNTHETIC_TEACHING_FIXTURE
REQ_SYN_SEG_0882_f1	SYN_CH11	SYN_SEG_SPK_25	SYN_SESSION_25	SYN_SEG_0882	f1	final				Hz	requested		evaluation	raw					SYN_GENERATOR_11042026	SYNTHETIC_TEACHING_FIXTURE
REQ_SYN_SEG_0882_f2	SYN_CH11	SYN_SEG_SPK_25	SYN_SESSION_25	SYN_SEG_0882	f2	final				Hz	requested		evaluation	raw					SYN_GENERATOR_11042026	SYNTHETIC_TEACHING_FIXTURE
REQ_SYN_SEG_0882_f3	SYN_CH11	SYN_SEG_SPK_25	SYN_SESSION_25	SYN_SEG_0882	f3	final				Hz	requested		evaluation	raw					SYN_GENERATOR_11042026	SYNTHETIC_TEACHING_FIXTURE
REQ_SYN_SEG_0883_vowel_duration	SYN_CH11	SYN_SEG_SPK_25	SYN_SESSION_25	SYN_SEG_0883	vowel_duration	initial				ms	requested		evaluation	raw					SYN_GENERATOR_11042026	SYNTHETIC_TEACHING_FIXTURE
REQ_SYN_SEG_0883_f1	SYN_CH11	SYN_SEG_SPK_25	SYN_SESSION_25	SYN_SEG_0883	f1	initial				Hz	requested		evaluation	raw					SYN_GENERATOR_11042026	SYNTHETIC_TEACHING_FIXTURE
REQ_SYN_SEG_0883_f2	SYN_CH11	SYN_SEG_SPK_25	SYN_SESSION_25	SYN_SEG_0883	f2	initial				Hz	requested		evaluation	raw					SYN_GENERATOR_11042026	SYNTHETIC_TEACHING_FIXTURE
REQ_SYN_SEG_0883_f3	SYN_CH11	SYN_SEG_SPK_25	SYN_SESSION_25	SYN_SEG_0883	f3	initial				Hz	requested		evaluation	raw					SYN_GENERATOR_11042026	SYNTHETIC_TEACHING_FIXTURE
REQ_SYN_SEG_0884_vowel_duration	SYN_CH11	SYN_SEG_SPK_25	SYN_SESSION_25	SYN_SEG_0884	vowel_duration	medial				ms	requested		evaluation	raw					SYN_GENERATOR_11042026	SYNTHETIC_TEACHING_FIXTURE
REQ_SYN_SEG_0884_f1	SYN_CH11	SYN_SEG_SPK_25	SYN_SESSION_25	SYN_SEG_0884	f1	medial				Hz	requested		evaluation	raw					SYN_GENERATOR_11042026	SYNTHETIC_TEACHING_FIXTURE
REQ_SYN_SEG_0884_f2	SYN_CH11	SYN_SEG_SPK_25	SYN_SESSION_25	SYN_SEG_0884	f2	medial				Hz	requested		evaluation	raw					SYN_GENERATOR_11042026	SYNTHETIC_TEACHING_FIXTURE
REQ_SYN_SEG_0884_f3	SYN_CH11	SYN_SEG_SPK_25	SYN_SESSION_25	SYN_SEG_0884	f3	medial				Hz	requested		evaluation	raw					SYN_GENERATOR_11042026	SYNTHETIC_TEACHING_FIXTURE
REQ_SYN_SEG_0885_vowel_duration	SYN_CH11	SYN_SEG_SPK_25	SYN_SESSION_25	SYN_SEG_0885	vowel_duration	final				ms	requested		evaluation	raw					SYN_GENERATOR_11042026	SYNTHETIC_TEACHING_FIXTURE
REQ_SYN_SEG_0885_f1	SYN_CH11	SYN_SEG_SPK_25	SYN_SESSION_25	SYN_SEG_0885	f1	final				Hz	requested		evaluation	raw					SYN_GENERATOR_11042026	SYNTHETIC_TEACHING_FIXTURE
REQ_SYN_SEG_0885_f2	SYN_CH11	SYN_SEG_SPK_25	SYN_SESSION_25	SYN_SEG_0885	f2	final				Hz	requested		evaluation	raw					SYN_GENERATOR_11042026	SYNTHETIC_TEACHING_FIXTURE
REQ_SYN_SEG_0885_f3	SYN_CH11	SYN_SEG_SPK_25	SYN_SESSION_25	SYN_SEG_0885	f3	final				Hz	requested		evaluation	raw					SYN_GENERATOR_11042026	SYNTHETIC_TEACHING_FIXTURE
REQ_SYN_SEG_0886_vowel_duration	SYN_CH11	SYN_SEG_SPK_25	SYN_SESSION_25	SYN_SEG_0886	vowel_duration	initial				ms	requested		evaluation	raw					SYN_GENERATOR_11042026	SYNTHETIC_TEACHING_FIXTURE
REQ_SYN_SEG_0886_f1	SYN_CH11	SYN_SEG_SPK_25	SYN_SESSION_25	SYN_SEG_0886	f1	initial				Hz	requested		evaluation	raw					SYN_GENERATOR_11042026	SYNTHETIC_TEACHING_FIXTURE
REQ_SYN_SEG_0886_f2	SYN_CH11	SYN_SEG_SPK_25	SYN_SESSION_25	SYN_SEG_0886	f2	initial				Hz	requested		evaluation	raw					SYN_GENERATOR_11042026	SYNTHETIC_TEACHING_FIXTURE
REQ_SYN_SEG_0886_f3	SYN_CH11	SYN_SEG_SPK_25	SYN_SESSION_25	SYN_SEG_0886	f3	initial				Hz	requested		evaluation	raw					SYN_GENERATOR_11042026	SYNTHETIC_TEACHING_FIXTURE
REQ_SYN_SEG_0887_vowel_duration	SYN_CH11	SYN_SEG_SPK_25	SYN_SESSION_25	SYN_SEG_0887	vowel_duration	medial				ms	requested		evaluation	raw					SYN_GENERATOR_11042026	SYNTHETIC_TEACHING_FIXTURE
REQ_SYN_SEG_0887_f1	SYN_CH11	SYN_SEG_SPK_25	SYN_SESSION_25	SYN_SEG_0887	f1	medial				Hz	requested		evaluation	raw					SYN_GENERATOR_11042026	SYNTHETIC_TEACHING_FIXTURE
REQ_SYN_SEG_0887_f2	SYN_CH11	SYN_SEG_SPK_25	SYN_SESSION_25	SYN_SEG_0887	f2	medial				Hz	requested		evaluation	raw					SYN_GENERATOR_11042026	SYNTHETIC_TEACHING_FIXTURE
REQ_SYN_SEG_0887_f3	SYN_CH11	SYN_SEG_SPK_25	SYN_SESSION_25	SYN_SEG_0887	f3	medial				Hz	requested		evaluation	raw					SYN_GENERATOR_11042026	SYNTHETIC_TEACHING_FIXTURE
REQ_SYN_SEG_0888_vowel_duration	SYN_CH11	SYN_SEG_SPK_25	SYN_SESSION_25	SYN_SEG_0888	vowel_duration	final				ms	requested		evaluation	raw					SYN_GENERATOR_11042026	SYNTHETIC_TEACHING_FIXTURE
REQ_SYN_SEG_0888_f1	SYN_CH11	SYN_SEG_SPK_25	SYN_SESSION_25	SYN_SEG_0888	f1	final				Hz	requested		evaluation	raw					SYN_GENERATOR_11042026	SYNTHETIC_TEACHING_FIXTURE
REQ_SYN_SEG_0888_f2	SYN_CH11	SYN_SEG_SPK_25	SYN_SESSION_25	SYN_SEG_0888	f2	final				Hz	requested		evaluation	raw					SYN_GENERATOR_11042026	SYNTHETIC_TEACHING_FIXTURE
REQ_SYN_SEG_0888_f3	SYN_CH11	SYN_SEG_SPK_25	SYN_SESSION_25	SYN_SEG_0888	f3	final				Hz	requested		evaluation	raw					SYN_GENERATOR_11042026	SYNTHETIC_TEACHING_FIXTURE
REQ_SYN_SEG_0889_fricative_duration	SYN_CH11	SYN_SEG_SPK_25	SYN_SESSION_25	SYN_SEG_0889	fricative_duration	initial				ms	requested			raw					SYN_GENERATOR_11042026	SYNTHETIC_TEACHING_FIXTURE
REQ_SYN_SEG_0889_fricative_cog	SYN_CH11	SYN_SEG_SPK_25	SYN_SESSION_25	SYN_SEG_0889	fricative_cog	initial				Hz	requested			raw					SYN_GENERATOR_11042026	SYNTHETIC_TEACHING_FIXTURE
REQ_SYN_SEG_0890_fricative_duration	SYN_CH11	SYN_SEG_SPK_25	SYN_SESSION_25	SYN_SEG_0890	fricative_duration	medial				ms	requested			raw					SYN_GENERATOR_11042026	SYNTHETIC_TEACHING_FIXTURE
REQ_SYN_SEG_0890_fricative_cog	SYN_CH11	SYN_SEG_SPK_25	SYN_SESSION_25	SYN_SEG_0890	fricative_cog	medial				Hz	requested			raw					SYN_GENERATOR_11042026	SYNTHETIC_TEACHING_FIXTURE
REQ_SYN_SEG_0891_fricative_duration	SYN_CH11	SYN_SEG_SPK_25	SYN_SESSION_25	SYN_SEG_0891	fricative_duration	final				ms	requested			raw					SYN_GENERATOR_11042026	SYNTHETIC_TEACHING_FIXTURE
REQ_SYN_SEG_0891_fricative_cog	SYN_CH11	SYN_SEG_SPK_25	SYN_SESSION_25	SYN_SEG_0891	fricative_cog	final				Hz	requested			raw					SYN_GENERATOR_11042026	SYNTHETIC_TEACHING_FIXTURE
REQ_SYN_SEG_0892_fricative_duration	SYN_CH11	SYN_SEG_SPK_25	SYN_SESSION_25	SYN_SEG_0892	fricative_duration	initial				ms	requested			raw					SYN_GENERATOR_11042026	SYNTHETIC_TEACHING_FIXTURE
REQ_SYN_SEG_0892_fricative_cog	SYN_CH11	SYN_SEG_SPK_25	SYN_SESSION_25	SYN_SEG_0892	fricative_cog	initial				Hz	requested			raw					SYN_GENERATOR_11042026	SYNTHETIC_TEACHING_FIXTURE
REQ_SYN_SEG_0893_fricative_duration	SYN_CH11	SYN_SEG_SPK_25	SYN_SESSION_25	SYN_SEG_0893	fricative_duration	medial				ms	requested			raw					SYN_GENERATOR_11042026	SYNTHETIC_TEACHING_FIXTURE
REQ_SYN_SEG_0893_fricative_cog	SYN_CH11	SYN_SEG_SPK_25	SYN_SESSION_25	SYN_SEG_0893	fricative_cog	medial				Hz	requested			raw					SYN_GENERATOR_11042026	SYNTHETIC_TEACHING_FIXTURE
REQ_SYN_SEG_0894_fricative_duration	SYN_CH11	SYN_SEG_SPK_25	SYN_SESSION_25	SYN_SEG_0894	fricative_duration	final				ms	requested			raw					SYN_GENERATOR_11042026	SYNTHETIC_TEACHING_FIXTURE
REQ_SYN_SEG_0894_fricative_cog	SYN_CH11	SYN_SEG_SPK_25	SYN_SESSION_25	SYN_SEG_0894	fricative_cog	final				Hz	requested			raw					SYN_GENERATOR_11042026	SYNTHETIC_TEACHING_FIXTURE
REQ_SYN_SEG_0895_fricative_duration	SYN_CH11	SYN_SEG_SPK_25	SYN_SESSION_25	SYN_SEG_0895	fricative_duration	initial				ms	requested			raw					SYN_GENERATOR_11042026	SYNTHETIC_TEACHING_FIXTURE
REQ_SYN_SEG_0895_fricative_cog	SYN_CH11	SYN_SEG_SPK_25	SYN_SESSION_25	SYN_SEG_0895	fricative_cog	initial				Hz	requested			raw					SYN_GENERATOR_11042026	SYNTHETIC_TEACHING_FIXTURE
REQ_SYN_SEG_0896_fricative_duration	SYN_CH11	SYN_SEG_SPK_25	SYN_SESSION_25	SYN_SEG_0896	fricative_duration	medial				ms	requested			raw					SYN_GENERATOR_11042026	SYNTHETIC_TEACHING_FIXTURE
REQ_SYN_SEG_0896_fricative_cog	SYN_CH11	SYN_SEG_SPK_25	SYN_SESSION_25	SYN_SEG_0896	fricative_cog	medial				Hz	requested			raw					SYN_GENERATOR_11042026	SYNTHETIC_TEACHING_FIXTURE
REQ_SYN_SEG_0897_fricative_duration	SYN_CH11	SYN_SEG_SPK_25	SYN_SESSION_25	SYN_SEG_0897	fricative_duration	final				ms	requested			raw					SYN_GENERATOR_11042026	SYNTHETIC_TEACHING_FIXTURE
REQ_SYN_SEG_0897_fricative_cog	SYN_CH11	SYN_SEG_SPK_25	SYN_SESSION_25	SYN_SEG_0897	fricative_cog	final				Hz	requested			raw					SYN_GENERATOR_11042026	SYNTHETIC_TEACHING_FIXTURE
REQ_SYN_SEG_0898_fricative_duration	SYN_CH11	SYN_SEG_SPK_25	SYN_SESSION_25	SYN_SEG_0898	fricative_duration	initial				ms	requested			raw					SYN_GENERATOR_11042026	SYNTHETIC_TEACHING_FIXTURE
REQ_SYN_SEG_0898_fricative_cog	SYN_CH11	SYN_SEG_SPK_25	SYN_SESSION_25	SYN_SEG_0898	fricative_cog	initial				Hz	requested			raw					SYN_GENERATOR_11042026	SYNTHETIC_TEACHING_FIXTURE
REQ_SYN_SEG_0899_fricative_duration	SYN_CH11	SYN_SEG_SPK_25	SYN_SESSION_25	SYN_SEG_0899	fricative_duration	medial				ms	requested			raw					SYN_GENERATOR_11042026	SYNTHETIC_TEACHING_FIXTURE
REQ_SYN_SEG_0899_fricative_cog	SYN_CH11	SYN_SEG_SPK_25	SYN_SESSION_25	SYN_SEG_0899	fricative_cog	medial				Hz	requested			raw					SYN_GENERATOR_11042026	SYNTHETIC_TEACHING_FIXTURE
REQ_SYN_SEG_0900_fricative_duration	SYN_CH11	SYN_SEG_SPK_25	SYN_SESSION_25	SYN_SEG_0900	fricative_duration	final				ms	requested			raw					SYN_GENERATOR_11042026	SYNTHETIC_TEACHING_FIXTURE
REQ_SYN_SEG_0900_fricative_cog	SYN_CH11	SYN_SEG_SPK_25	SYN_SESSION_25	SYN_SEG_0900	fricative_cog	final				Hz	requested			raw					SYN_GENERATOR_11042026	SYNTHETIC_TEACHING_FIXTURE
REQ_SYN_SEG_0901_vot	SYN_CH11	SYN_SEG_SPK_26	SYN_SESSION_26	SYN_SEG_0901	vot	initial				ms	requested			raw					SYN_GENERATOR_11042026	SYNTHETIC_TEACHING_FIXTURE
REQ_SYN_SEG_0901_closure_duration	SYN_CH11	SYN_SEG_SPK_26	SYN_SESSION_26	SYN_SEG_0901	closure_duration	initial				ms	requested			raw					SYN_GENERATOR_11042026	SYNTHETIC_TEACHING_FIXTURE
REQ_SYN_SEG_0901_vowel_onset_f0	SYN_CH11	SYN_SEG_SPK_26	SYN_SESSION_26	SYN_SEG_0901	vowel_onset_f0	initial				Hz	requested			raw					SYN_GENERATOR_11042026	SYNTHETIC_TEACHING_FIXTURE
REQ_SYN_SEG_0902_vot	SYN_CH11	SYN_SEG_SPK_26	SYN_SESSION_26	SYN_SEG_0902	vot	medial				ms	requested			raw					SYN_GENERATOR_11042026	SYNTHETIC_TEACHING_FIXTURE
REQ_SYN_SEG_0902_closure_duration	SYN_CH11	SYN_SEG_SPK_26	SYN_SESSION_26	SYN_SEG_0902	closure_duration	medial				ms	requested			raw					SYN_GENERATOR_11042026	SYNTHETIC_TEACHING_FIXTURE
REQ_SYN_SEG_0902_vowel_onset_f0	SYN_CH11	SYN_SEG_SPK_26	SYN_SESSION_26	SYN_SEG_0902	vowel_onset_f0	medial				Hz	requested			raw					SYN_GENERATOR_11042026	SYNTHETIC_TEACHING_FIXTURE
REQ_SYN_SEG_0903_vot	SYN_CH11	SYN_SEG_SPK_26	SYN_SESSION_26	SYN_SEG_0903	vot	final				ms	requested			raw					SYN_GENERATOR_11042026	SYNTHETIC_TEACHING_FIXTURE
REQ_SYN_SEG_0903_closure_duration	SYN_CH11	SYN_SEG_SPK_26	SYN_SESSION_26	SYN_SEG_0903	closure_duration	final				ms	requested			raw					SYN_GENERATOR_11042026	SYNTHETIC_TEACHING_FIXTURE
REQ_SYN_SEG_0903_vowel_onset_f0	SYN_CH11	SYN_SEG_SPK_26	SYN_SESSION_26	SYN_SEG_0903	vowel_onset_f0	final				Hz	requested			raw					SYN_GENERATOR_11042026	SYNTHETIC_TEACHING_FIXTURE
REQ_SYN_SEG_0904_vot	SYN_CH11	SYN_SEG_SPK_26	SYN_SESSION_26	SYN_SEG_0904	vot	initial				ms	requested			raw					SYN_GENERATOR_11042026	SYNTHETIC_TEACHING_FIXTURE
REQ_SYN_SEG_0904_closure_duration	SYN_CH11	SYN_SEG_SPK_26	SYN_SESSION_26	SYN_SEG_0904	closure_duration	initial				ms	requested			raw					SYN_GENERATOR_11042026	SYNTHETIC_TEACHING_FIXTURE
REQ_SYN_SEG_0904_vowel_onset_f0	SYN_CH11	SYN_SEG_SPK_26	SYN_SESSION_26	SYN_SEG_0904	vowel_onset_f0	initial				Hz	requested			raw					SYN_GENERATOR_11042026	SYNTHETIC_TEACHING_FIXTURE
REQ_SYN_SEG_0905_vot	SYN_CH11	SYN_SEG_SPK_26	SYN_SESSION_26	SYN_SEG_0905	vot	medial				ms	requested			raw					SYN_GENERATOR_11042026	SYNTHETIC_TEACHING_FIXTURE
REQ_SYN_SEG_0905_closure_duration	SYN_CH11	SYN_SEG_SPK_26	SYN_SESSION_26	SYN_SEG_0905	closure_duration	medial				ms	requested			raw					SYN_GENERATOR_11042026	SYNTHETIC_TEACHING_FIXTURE
REQ_SYN_SEG_0905_vowel_onset_f0	SYN_CH11	SYN_SEG_SPK_26	SYN_SESSION_26	SYN_SEG_0905	vowel_onset_f0	medial				Hz	requested			raw					SYN_GENERATOR_11042026	SYNTHETIC_TEACHING_FIXTURE
REQ_SYN_SEG_0906_vot	SYN_CH11	SYN_SEG_SPK_26	SYN_SESSION_26	SYN_SEG_0906	vot	final				ms	requested			raw					SYN_GENERATOR_11042026	SYNTHETIC_TEACHING_FIXTURE
REQ_SYN_SEG_0906_closure_duration	SYN_CH11	SYN_SEG_SPK_26	SYN_SESSION_26	SYN_SEG_0906	closure_duration	final				ms	requested			raw					SYN_GENERATOR_11042026	SYNTHETIC_TEACHING_FIXTURE
REQ_SYN_SEG_0906_vowel_onset_f0	SYN_CH11	SYN_SEG_SPK_26	SYN_SESSION_26	SYN_SEG_0906	vowel_onset_f0	final				Hz	requested			raw					SYN_GENERATOR_11042026	SYNTHETIC_TEACHING_FIXTURE
REQ_SYN_SEG_0907_vot	SYN_CH11	SYN_SEG_SPK_26	SYN_SESSION_26	SYN_SEG_0907	vot	initial				ms	requested			raw					SYN_GENERATOR_11042026	SYNTHETIC_TEACHING_FIXTURE
REQ_SYN_SEG_0907_closure_duration	SYN_CH11	SYN_SEG_SPK_26	SYN_SESSION_26	SYN_SEG_0907	closure_duration	initial				ms	requested			raw					SYN_GENERATOR_11042026	SYNTHETIC_TEACHING_FIXTURE
REQ_SYN_SEG_0907_vowel_onset_f0	SYN_CH11	SYN_SEG_SPK_26	SYN_SESSION_26	SYN_SEG_0907	vowel_onset_f0	initial				Hz	requested			raw					SYN_GENERATOR_11042026	SYNTHETIC_TEACHING_FIXTURE
REQ_SYN_SEG_0908_vot	SYN_CH11	SYN_SEG_SPK_26	SYN_SESSION_26	SYN_SEG_0908	vot	medial				ms	requested			raw					SYN_GENERATOR_11042026	SYNTHETIC_TEACHING_FIXTURE
REQ_SYN_SEG_0908_closure_duration	SYN_CH11	SYN_SEG_SPK_26	SYN_SESSION_26	SYN_SEG_0908	closure_duration	medial				ms	requested			raw					SYN_GENERATOR_11042026	SYNTHETIC_TEACHING_FIXTURE
REQ_SYN_SEG_0908_vowel_onset_f0	SYN_CH11	SYN_SEG_SPK_26	SYN_SESSION_26	SYN_SEG_0908	vowel_onset_f0	medial				Hz	requested			raw					SYN_GENERATOR_11042026	SYNTHETIC_TEACHING_FIXTURE
REQ_SYN_SEG_0909_vot	SYN_CH11	SYN_SEG_SPK_26	SYN_SESSION_26	SYN_SEG_0909	vot	final				ms	requested			raw					SYN_GENERATOR_11042026	SYNTHETIC_TEACHING_FIXTURE
REQ_SYN_SEG_0909_closure_duration	SYN_CH11	SYN_SEG_SPK_26	SYN_SESSION_26	SYN_SEG_0909	closure_duration	final				ms	requested			raw					SYN_GENERATOR_11042026	SYNTHETIC_TEACHING_FIXTURE
REQ_SYN_SEG_0909_vowel_onset_f0	SYN_CH11	SYN_SEG_SPK_26	SYN_SESSION_26	SYN_SEG_0909	vowel_onset_f0	final				Hz	requested			raw					SYN_GENERATOR_11042026	SYNTHETIC_TEACHING_FIXTURE
REQ_SYN_SEG_0910_vot	SYN_CH11	SYN_SEG_SPK_26	SYN_SESSION_26	SYN_SEG_0910	vot	initial				ms	requested			raw					SYN_GENERATOR_11042026	SYNTHETIC_TEACHING_FIXTURE
REQ_SYN_SEG_0910_closure_duration	SYN_CH11	SYN_SEG_SPK_26	SYN_SESSION_26	SYN_SEG_0910	closure_duration	initial				ms	requested			raw					SYN_GENERATOR_11042026	SYNTHETIC_TEACHING_FIXTURE
REQ_SYN_SEG_0910_vowel_onset_f0	SYN_CH11	SYN_SEG_SPK_26	SYN_SESSION_26	SYN_SEG_0910	vowel_onset_f0	initial				Hz	requested			raw					SYN_GENERATOR_11042026	SYNTHETIC_TEACHING_FIXTURE
REQ_SYN_SEG_0911_vot	SYN_CH11	SYN_SEG_SPK_26	SYN_SESSION_26	SYN_SEG_0911	vot	medial				ms	requested			raw					SYN_GENERATOR_11042026	SYNTHETIC_TEACHING_FIXTURE
REQ_SYN_SEG_0911_closure_duration	SYN_CH11	SYN_SEG_SPK_26	SYN_SESSION_26	SYN_SEG_0911	closure_duration	medial				ms	requested			raw					SYN_GENERATOR_11042026	SYNTHETIC_TEACHING_FIXTURE
REQ_SYN_SEG_0911_vowel_onset_f0	SYN_CH11	SYN_SEG_SPK_26	SYN_SESSION_26	SYN_SEG_0911	vowel_onset_f0	medial				Hz	requested			raw					SYN_GENERATOR_11042026	SYNTHETIC_TEACHING_FIXTURE
REQ_SYN_SEG_0912_vot	SYN_CH11	SYN_SEG_SPK_26	SYN_SESSION_26	SYN_SEG_0912	vot	final				ms	requested			raw					SYN_GENERATOR_11042026	SYNTHETIC_TEACHING_FIXTURE
REQ_SYN_SEG_0912_closure_duration	SYN_CH11	SYN_SEG_SPK_26	SYN_SESSION_26	SYN_SEG_0912	closure_duration	final				ms	requested			raw					SYN_GENERATOR_11042026	SYNTHETIC_TEACHING_FIXTURE
REQ_SYN_SEG_0912_vowel_onset_f0	SYN_CH11	SYN_SEG_SPK_26	SYN_SESSION_26	SYN_SEG_0912	vowel_onset_f0	final				Hz	requested			raw					SYN_GENERATOR_11042026	SYNTHETIC_TEACHING_FIXTURE
REQ_SYN_SEG_0913_vowel_duration	SYN_CH11	SYN_SEG_SPK_26	SYN_SESSION_26	SYN_SEG_0913	vowel_duration	initial				ms	requested		evaluation	raw					SYN_GENERATOR_11042026	SYNTHETIC_TEACHING_FIXTURE
REQ_SYN_SEG_0913_f1	SYN_CH11	SYN_SEG_SPK_26	SYN_SESSION_26	SYN_SEG_0913	f1	initial				Hz	requested		evaluation	raw					SYN_GENERATOR_11042026	SYNTHETIC_TEACHING_FIXTURE
REQ_SYN_SEG_0913_f2	SYN_CH11	SYN_SEG_SPK_26	SYN_SESSION_26	SYN_SEG_0913	f2	initial				Hz	requested		evaluation	raw					SYN_GENERATOR_11042026	SYNTHETIC_TEACHING_FIXTURE
REQ_SYN_SEG_0913_f3	SYN_CH11	SYN_SEG_SPK_26	SYN_SESSION_26	SYN_SEG_0913	f3	initial				Hz	requested		evaluation	raw					SYN_GENERATOR_11042026	SYNTHETIC_TEACHING_FIXTURE
REQ_SYN_SEG_0914_vowel_duration	SYN_CH11	SYN_SEG_SPK_26	SYN_SESSION_26	SYN_SEG_0914	vowel_duration	medial				ms	requested		evaluation	raw					SYN_GENERATOR_11042026	SYNTHETIC_TEACHING_FIXTURE
REQ_SYN_SEG_0914_f1	SYN_CH11	SYN_SEG_SPK_26	SYN_SESSION_26	SYN_SEG_0914	f1	medial				Hz	requested		evaluation	raw					SYN_GENERATOR_11042026	SYNTHETIC_TEACHING_FIXTURE
REQ_SYN_SEG_0914_f2	SYN_CH11	SYN_SEG_SPK_26	SYN_SESSION_26	SYN_SEG_0914	f2	medial				Hz	requested		evaluation	raw					SYN_GENERATOR_11042026	SYNTHETIC_TEACHING_FIXTURE
REQ_SYN_SEG_0914_f3	SYN_CH11	SYN_SEG_SPK_26	SYN_SESSION_26	SYN_SEG_0914	f3	medial				Hz	requested		evaluation	raw					SYN_GENERATOR_11042026	SYNTHETIC_TEACHING_FIXTURE
REQ_SYN_SEG_0915_vowel_duration	SYN_CH11	SYN_SEG_SPK_26	SYN_SESSION_26	SYN_SEG_0915	vowel_duration	final				ms	requested		evaluation	raw					SYN_GENERATOR_11042026	SYNTHETIC_TEACHING_FIXTURE
REQ_SYN_SEG_0915_f1	SYN_CH11	SYN_SEG_SPK_26	SYN_SESSION_26	SYN_SEG_0915	f1	final				Hz	requested		evaluation	raw					SYN_GENERATOR_11042026	SYNTHETIC_TEACHING_FIXTURE
REQ_SYN_SEG_0915_f2	SYN_CH11	SYN_SEG_SPK_26	SYN_SESSION_26	SYN_SEG_0915	f2	final				Hz	requested		evaluation	raw					SYN_GENERATOR_11042026	SYNTHETIC_TEACHING_FIXTURE
REQ_SYN_SEG_0915_f3	SYN_CH11	SYN_SEG_SPK_26	SYN_SESSION_26	SYN_SEG_0915	f3	final				Hz	requested		evaluation	raw					SYN_GENERATOR_11042026	SYNTHETIC_TEACHING_FIXTURE
REQ_SYN_SEG_0916_vowel_duration	SYN_CH11	SYN_SEG_SPK_26	SYN_SESSION_26	SYN_SEG_0916	vowel_duration	initial				ms	requested		evaluation	raw					SYN_GENERATOR_11042026	SYNTHETIC_TEACHING_FIXTURE
REQ_SYN_SEG_0916_f1	SYN_CH11	SYN_SEG_SPK_26	SYN_SESSION_26	SYN_SEG_0916	f1	initial				Hz	requested		evaluation	raw					SYN_GENERATOR_11042026	SYNTHETIC_TEACHING_FIXTURE
REQ_SYN_SEG_0916_f2	SYN_CH11	SYN_SEG_SPK_26	SYN_SESSION_26	SYN_SEG_0916	f2	initial				Hz	requested		evaluation	raw					SYN_GENERATOR_11042026	SYNTHETIC_TEACHING_FIXTURE
REQ_SYN_SEG_0916_f3	SYN_CH11	SYN_SEG_SPK_26	SYN_SESSION_26	SYN_SEG_0916	f3	initial				Hz	requested		evaluation	raw					SYN_GENERATOR_11042026	SYNTHETIC_TEACHING_FIXTURE
REQ_SYN_SEG_0917_vowel_duration	SYN_CH11	SYN_SEG_SPK_26	SYN_SESSION_26	SYN_SEG_0917	vowel_duration	medial				ms	requested		evaluation	raw					SYN_GENERATOR_11042026	SYNTHETIC_TEACHING_FIXTURE
REQ_SYN_SEG_0917_f1	SYN_CH11	SYN_SEG_SPK_26	SYN_SESSION_26	SYN_SEG_0917	f1	medial				Hz	requested		evaluation	raw					SYN_GENERATOR_11042026	SYNTHETIC_TEACHING_FIXTURE
REQ_SYN_SEG_0917_f2	SYN_CH11	SYN_SEG_SPK_26	SYN_SESSION_26	SYN_SEG_0917	f2	medial				Hz	requested		evaluation	raw					SYN_GENERATOR_11042026	SYNTHETIC_TEACHING_FIXTURE
REQ_SYN_SEG_0917_f3	SYN_CH11	SYN_SEG_SPK_26	SYN_SESSION_26	SYN_SEG_0917	f3	medial				Hz	requested		evaluation	raw					SYN_GENERATOR_11042026	SYNTHETIC_TEACHING_FIXTURE
REQ_SYN_SEG_0918_vowel_duration	SYN_CH11	SYN_SEG_SPK_26	SYN_SESSION_26	SYN_SEG_0918	vowel_duration	final				ms	requested		evaluation	raw					SYN_GENERATOR_11042026	SYNTHETIC_TEACHING_FIXTURE
REQ_SYN_SEG_0918_f1	SYN_CH11	SYN_SEG_SPK_26	SYN_SESSION_26	SYN_SEG_0918	f1	final				Hz	requested		evaluation	raw					SYN_GENERATOR_11042026	SYNTHETIC_TEACHING_FIXTURE
REQ_SYN_SEG_0918_f2	SYN_CH11	SYN_SEG_SPK_26	SYN_SESSION_26	SYN_SEG_0918	f2	final				Hz	requested		evaluation	raw					SYN_GENERATOR_11042026	SYNTHETIC_TEACHING_FIXTURE
REQ_SYN_SEG_0918_f3	SYN_CH11	SYN_SEG_SPK_26	SYN_SESSION_26	SYN_SEG_0918	f3	final				Hz	requested		evaluation	raw					SYN_GENERATOR_11042026	SYNTHETIC_TEACHING_FIXTURE
REQ_SYN_SEG_0919_vowel_duration	SYN_CH11	SYN_SEG_SPK_26	SYN_SESSION_26	SYN_SEG_0919	vowel_duration	initial				ms	requested		evaluation	raw					SYN_GENERATOR_11042026	SYNTHETIC_TEACHING_FIXTURE
REQ_SYN_SEG_0919_f1	SYN_CH11	SYN_SEG_SPK_26	SYN_SESSION_26	SYN_SEG_0919	f1	initial				Hz	requested		evaluation	raw					SYN_GENERATOR_11042026	SYNTHETIC_TEACHING_FIXTURE
REQ_SYN_SEG_0919_f2	SYN_CH11	SYN_SEG_SPK_26	SYN_SESSION_26	SYN_SEG_0919	f2	initial				Hz	requested		evaluation	raw					SYN_GENERATOR_11042026	SYNTHETIC_TEACHING_FIXTURE
REQ_SYN_SEG_0919_f3	SYN_CH11	SYN_SEG_SPK_26	SYN_SESSION_26	SYN_SEG_0919	f3	initial				Hz	requested		evaluation	raw					SYN_GENERATOR_11042026	SYNTHETIC_TEACHING_FIXTURE
REQ_SYN_SEG_0920_vowel_duration	SYN_CH11	SYN_SEG_SPK_26	SYN_SESSION_26	SYN_SEG_0920	vowel_duration	medial				ms	requested		evaluation	raw					SYN_GENERATOR_11042026	SYNTHETIC_TEACHING_FIXTURE
REQ_SYN_SEG_0920_f1	SYN_CH11	SYN_SEG_SPK_26	SYN_SESSION_26	SYN_SEG_0920	f1	medial				Hz	requested		evaluation	raw					SYN_GENERATOR_11042026	SYNTHETIC_TEACHING_FIXTURE
REQ_SYN_SEG_0920_f2	SYN_CH11	SYN_SEG_SPK_26	SYN_SESSION_26	SYN_SEG_0920	f2	medial				Hz	requested		evaluation	raw					SYN_GENERATOR_11042026	SYNTHETIC_TEACHING_FIXTURE
REQ_SYN_SEG_0920_f3	SYN_CH11	SYN_SEG_SPK_26	SYN_SESSION_26	SYN_SEG_0920	f3	medial				Hz	requested		evaluation	raw					SYN_GENERATOR_11042026	SYNTHETIC_TEACHING_FIXTURE
REQ_SYN_SEG_0921_vowel_duration	SYN_CH11	SYN_SEG_SPK_26	SYN_SESSION_26	SYN_SEG_0921	vowel_duration	final				ms	requested		evaluation	raw					SYN_GENERATOR_11042026	SYNTHETIC_TEACHING_FIXTURE
REQ_SYN_SEG_0921_f1	SYN_CH11	SYN_SEG_SPK_26	SYN_SESSION_26	SYN_SEG_0921	f1	final				Hz	requested		evaluation	raw					SYN_GENERATOR_11042026	SYNTHETIC_TEACHING_FIXTURE
REQ_SYN_SEG_0921_f2	SYN_CH11	SYN_SEG_SPK_26	SYN_SESSION_26	SYN_SEG_0921	f2	final				Hz	requested		evaluation	raw					SYN_GENERATOR_11042026	SYNTHETIC_TEACHING_FIXTURE
REQ_SYN_SEG_0921_f3	SYN_CH11	SYN_SEG_SPK_26	SYN_SESSION_26	SYN_SEG_0921	f3	final				Hz	requested		evaluation	raw					SYN_GENERATOR_11042026	SYNTHETIC_TEACHING_FIXTURE
REQ_SYN_SEG_0922_vowel_duration	SYN_CH11	SYN_SEG_SPK_26	SYN_SESSION_26	SYN_SEG_0922	vowel_duration	initial				ms	requested		evaluation	raw					SYN_GENERATOR_11042026	SYNTHETIC_TEACHING_FIXTURE
REQ_SYN_SEG_0922_f1	SYN_CH11	SYN_SEG_SPK_26	SYN_SESSION_26	SYN_SEG_0922	f1	initial				Hz	requested		evaluation	raw					SYN_GENERATOR_11042026	SYNTHETIC_TEACHING_FIXTURE
REQ_SYN_SEG_0922_f2	SYN_CH11	SYN_SEG_SPK_26	SYN_SESSION_26	SYN_SEG_0922	f2	initial				Hz	requested		evaluation	raw					SYN_GENERATOR_11042026	SYNTHETIC_TEACHING_FIXTURE
REQ_SYN_SEG_0922_f3	SYN_CH11	SYN_SEG_SPK_26	SYN_SESSION_26	SYN_SEG_0922	f3	initial				Hz	requested		evaluation	raw					SYN_GENERATOR_11042026	SYNTHETIC_TEACHING_FIXTURE
REQ_SYN_SEG_0923_vowel_duration	SYN_CH11	SYN_SEG_SPK_26	SYN_SESSION_26	SYN_SEG_0923	vowel_duration	medial				ms	requested		evaluation	raw					SYN_GENERATOR_11042026	SYNTHETIC_TEACHING_FIXTURE
REQ_SYN_SEG_0923_f1	SYN_CH11	SYN_SEG_SPK_26	SYN_SESSION_26	SYN_SEG_0923	f1	medial				Hz	requested		evaluation	raw					SYN_GENERATOR_11042026	SYNTHETIC_TEACHING_FIXTURE
REQ_SYN_SEG_0923_f2	SYN_CH11	SYN_SEG_SPK_26	SYN_SESSION_26	SYN_SEG_0923	f2	medial				Hz	requested		evaluation	raw					SYN_GENERATOR_11042026	SYNTHETIC_TEACHING_FIXTURE
REQ_SYN_SEG_0923_f3	SYN_CH11	SYN_SEG_SPK_26	SYN_SESSION_26	SYN_SEG_0923	f3	medial				Hz	requested		evaluation	raw					SYN_GENERATOR_11042026	SYNTHETIC_TEACHING_FIXTURE
REQ_SYN_SEG_0924_vowel_duration	SYN_CH11	SYN_SEG_SPK_26	SYN_SESSION_26	SYN_SEG_0924	vowel_duration	final				ms	requested		evaluation	raw					SYN_GENERATOR_11042026	SYNTHETIC_TEACHING_FIXTURE
REQ_SYN_SEG_0924_f1	SYN_CH11	SYN_SEG_SPK_26	SYN_SESSION_26	SYN_SEG_0924	f1	final				Hz	requested		evaluation	raw					SYN_GENERATOR_11042026	SYNTHETIC_TEACHING_FIXTURE
REQ_SYN_SEG_0924_f2	SYN_CH11	SYN_SEG_SPK_26	SYN_SESSION_26	SYN_SEG_0924	f2	final				Hz	requested		evaluation	raw					SYN_GENERATOR_11042026	SYNTHETIC_TEACHING_FIXTURE
REQ_SYN_SEG_0924_f3	SYN_CH11	SYN_SEG_SPK_26	SYN_SESSION_26	SYN_SEG_0924	f3	final				Hz	requested		evaluation	raw					SYN_GENERATOR_11042026	SYNTHETIC_TEACHING_FIXTURE
REQ_SYN_SEG_0925_fricative_duration	SYN_CH11	SYN_SEG_SPK_26	SYN_SESSION_26	SYN_SEG_0925	fricative_duration	initial				ms	requested			raw					SYN_GENERATOR_11042026	SYNTHETIC_TEACHING_FIXTURE
REQ_SYN_SEG_0925_fricative_cog	SYN_CH11	SYN_SEG_SPK_26	SYN_SESSION_26	SYN_SEG_0925	fricative_cog	initial				Hz	requested			raw					SYN_GENERATOR_11042026	SYNTHETIC_TEACHING_FIXTURE
REQ_SYN_SEG_0926_fricative_duration	SYN_CH11	SYN_SEG_SPK_26	SYN_SESSION_26	SYN_SEG_0926	fricative_duration	medial				ms	requested			raw					SYN_GENERATOR_11042026	SYNTHETIC_TEACHING_FIXTURE
REQ_SYN_SEG_0926_fricative_cog	SYN_CH11	SYN_SEG_SPK_26	SYN_SESSION_26	SYN_SEG_0926	fricative_cog	medial				Hz	requested			raw					SYN_GENERATOR_11042026	SYNTHETIC_TEACHING_FIXTURE
REQ_SYN_SEG_0927_fricative_duration	SYN_CH11	SYN_SEG_SPK_26	SYN_SESSION_26	SYN_SEG_0927	fricative_duration	final				ms	requested			raw					SYN_GENERATOR_11042026	SYNTHETIC_TEACHING_FIXTURE
REQ_SYN_SEG_0927_fricative_cog	SYN_CH11	SYN_SEG_SPK_26	SYN_SESSION_26	SYN_SEG_0927	fricative_cog	final				Hz	requested			raw					SYN_GENERATOR_11042026	SYNTHETIC_TEACHING_FIXTURE
REQ_SYN_SEG_0928_fricative_duration	SYN_CH11	SYN_SEG_SPK_26	SYN_SESSION_26	SYN_SEG_0928	fricative_duration	initial				ms	requested			raw					SYN_GENERATOR_11042026	SYNTHETIC_TEACHING_FIXTURE
REQ_SYN_SEG_0928_fricative_cog	SYN_CH11	SYN_SEG_SPK_26	SYN_SESSION_26	SYN_SEG_0928	fricative_cog	initial				Hz	requested			raw					SYN_GENERATOR_11042026	SYNTHETIC_TEACHING_FIXTURE
REQ_SYN_SEG_0929_fricative_duration	SYN_CH11	SYN_SEG_SPK_26	SYN_SESSION_26	SYN_SEG_0929	fricative_duration	medial				ms	requested			raw					SYN_GENERATOR_11042026	SYNTHETIC_TEACHING_FIXTURE
REQ_SYN_SEG_0929_fricative_cog	SYN_CH11	SYN_SEG_SPK_26	SYN_SESSION_26	SYN_SEG_0929	fricative_cog	medial				Hz	requested			raw					SYN_GENERATOR_11042026	SYNTHETIC_TEACHING_FIXTURE
REQ_SYN_SEG_0930_fricative_duration	SYN_CH11	SYN_SEG_SPK_26	SYN_SESSION_26	SYN_SEG_0930	fricative_duration	final				ms	requested			raw					SYN_GENERATOR_11042026	SYNTHETIC_TEACHING_FIXTURE
REQ_SYN_SEG_0930_fricative_cog	SYN_CH11	SYN_SEG_SPK_26	SYN_SESSION_26	SYN_SEG_0930	fricative_cog	final				Hz	requested			raw					SYN_GENERATOR_11042026	SYNTHETIC_TEACHING_FIXTURE
REQ_SYN_SEG_0931_fricative_duration	SYN_CH11	SYN_SEG_SPK_26	SYN_SESSION_26	SYN_SEG_0931	fricative_duration	initial				ms	requested			raw					SYN_GENERATOR_11042026	SYNTHETIC_TEACHING_FIXTURE
REQ_SYN_SEG_0931_fricative_cog	SYN_CH11	SYN_SEG_SPK_26	SYN_SESSION_26	SYN_SEG_0931	fricative_cog	initial				Hz	requested			raw					SYN_GENERATOR_11042026	SYNTHETIC_TEACHING_FIXTURE
REQ_SYN_SEG_0932_fricative_duration	SYN_CH11	SYN_SEG_SPK_26	SYN_SESSION_26	SYN_SEG_0932	fricative_duration	medial				ms	requested			raw					SYN_GENERATOR_11042026	SYNTHETIC_TEACHING_FIXTURE
REQ_SYN_SEG_0932_fricative_cog	SYN_CH11	SYN_SEG_SPK_26	SYN_SESSION_26	SYN_SEG_0932	fricative_cog	medial				Hz	requested			raw					SYN_GENERATOR_11042026	SYNTHETIC_TEACHING_FIXTURE
REQ_SYN_SEG_0933_fricative_duration	SYN_CH11	SYN_SEG_SPK_26	SYN_SESSION_26	SYN_SEG_0933	fricative_duration	final				ms	requested			raw					SYN_GENERATOR_11042026	SYNTHETIC_TEACHING_FIXTURE
REQ_SYN_SEG_0933_fricative_cog	SYN_CH11	SYN_SEG_SPK_26	SYN_SESSION_26	SYN_SEG_0933	fricative_cog	final				Hz	requested			raw					SYN_GENERATOR_11042026	SYNTHETIC_TEACHING_FIXTURE
REQ_SYN_SEG_0934_fricative_duration	SYN_CH11	SYN_SEG_SPK_26	SYN_SESSION_26	SYN_SEG_0934	fricative_duration	initial				ms	requested			raw					SYN_GENERATOR_11042026	SYNTHETIC_TEACHING_FIXTURE
REQ_SYN_SEG_0934_fricative_cog	SYN_CH11	SYN_SEG_SPK_26	SYN_SESSION_26	SYN_SEG_0934	fricative_cog	initial				Hz	requested			raw					SYN_GENERATOR_11042026	SYNTHETIC_TEACHING_FIXTURE
REQ_SYN_SEG_0935_fricative_duration	SYN_CH11	SYN_SEG_SPK_26	SYN_SESSION_26	SYN_SEG_0935	fricative_duration	medial				ms	requested			raw					SYN_GENERATOR_11042026	SYNTHETIC_TEACHING_FIXTURE
REQ_SYN_SEG_0935_fricative_cog	SYN_CH11	SYN_SEG_SPK_26	SYN_SESSION_26	SYN_SEG_0935	fricative_cog	medial				Hz	requested			raw					SYN_GENERATOR_11042026	SYNTHETIC_TEACHING_FIXTURE
REQ_SYN_SEG_0936_fricative_duration	SYN_CH11	SYN_SEG_SPK_26	SYN_SESSION_26	SYN_SEG_0936	fricative_duration	final				ms	requested			raw					SYN_GENERATOR_11042026	SYNTHETIC_TEACHING_FIXTURE
REQ_SYN_SEG_0936_fricative_cog	SYN_CH11	SYN_SEG_SPK_26	SYN_SESSION_26	SYN_SEG_0936	fricative_cog	final				Hz	requested			raw					SYN_GENERATOR_11042026	SYNTHETIC_TEACHING_FIXTURE
REQ_SYN_SEG_0937_vot	SYN_CH11	SYN_SEG_SPK_27	SYN_SESSION_27	SYN_SEG_0937	vot	initial				ms	requested			raw					SYN_GENERATOR_11042026	SYNTHETIC_TEACHING_FIXTURE
REQ_SYN_SEG_0937_closure_duration	SYN_CH11	SYN_SEG_SPK_27	SYN_SESSION_27	SYN_SEG_0937	closure_duration	initial				ms	requested			raw					SYN_GENERATOR_11042026	SYNTHETIC_TEACHING_FIXTURE
REQ_SYN_SEG_0937_vowel_onset_f0	SYN_CH11	SYN_SEG_SPK_27	SYN_SESSION_27	SYN_SEG_0937	vowel_onset_f0	initial				Hz	requested			raw					SYN_GENERATOR_11042026	SYNTHETIC_TEACHING_FIXTURE
REQ_SYN_SEG_0938_vot	SYN_CH11	SYN_SEG_SPK_27	SYN_SESSION_27	SYN_SEG_0938	vot	medial				ms	requested			raw					SYN_GENERATOR_11042026	SYNTHETIC_TEACHING_FIXTURE
REQ_SYN_SEG_0938_closure_duration	SYN_CH11	SYN_SEG_SPK_27	SYN_SESSION_27	SYN_SEG_0938	closure_duration	medial				ms	requested			raw					SYN_GENERATOR_11042026	SYNTHETIC_TEACHING_FIXTURE
REQ_SYN_SEG_0938_vowel_onset_f0	SYN_CH11	SYN_SEG_SPK_27	SYN_SESSION_27	SYN_SEG_0938	vowel_onset_f0	medial				Hz	requested			raw					SYN_GENERATOR_11042026	SYNTHETIC_TEACHING_FIXTURE
REQ_SYN_SEG_0939_vot	SYN_CH11	SYN_SEG_SPK_27	SYN_SESSION_27	SYN_SEG_0939	vot	final				ms	requested			raw					SYN_GENERATOR_11042026	SYNTHETIC_TEACHING_FIXTURE
REQ_SYN_SEG_0939_closure_duration	SYN_CH11	SYN_SEG_SPK_27	SYN_SESSION_27	SYN_SEG_0939	closure_duration	final				ms	requested			raw					SYN_GENERATOR_11042026	SYNTHETIC_TEACHING_FIXTURE
REQ_SYN_SEG_0939_vowel_onset_f0	SYN_CH11	SYN_SEG_SPK_27	SYN_SESSION_27	SYN_SEG_0939	vowel_onset_f0	final				Hz	requested			raw					SYN_GENERATOR_11042026	SYNTHETIC_TEACHING_FIXTURE
REQ_SYN_SEG_0940_vot	SYN_CH11	SYN_SEG_SPK_27	SYN_SESSION_27	SYN_SEG_0940	vot	initial				ms	requested			raw					SYN_GENERATOR_11042026	SYNTHETIC_TEACHING_FIXTURE
REQ_SYN_SEG_0940_closure_duration	SYN_CH11	SYN_SEG_SPK_27	SYN_SESSION_27	SYN_SEG_0940	closure_duration	initial				ms	requested			raw					SYN_GENERATOR_11042026	SYNTHETIC_TEACHING_FIXTURE
REQ_SYN_SEG_0940_vowel_onset_f0	SYN_CH11	SYN_SEG_SPK_27	SYN_SESSION_27	SYN_SEG_0940	vowel_onset_f0	initial				Hz	requested			raw					SYN_GENERATOR_11042026	SYNTHETIC_TEACHING_FIXTURE
REQ_SYN_SEG_0941_vot	SYN_CH11	SYN_SEG_SPK_27	SYN_SESSION_27	SYN_SEG_0941	vot	medial				ms	requested			raw					SYN_GENERATOR_11042026	SYNTHETIC_TEACHING_FIXTURE
REQ_SYN_SEG_0941_closure_duration	SYN_CH11	SYN_SEG_SPK_27	SYN_SESSION_27	SYN_SEG_0941	closure_duration	medial				ms	requested			raw					SYN_GENERATOR_11042026	SYNTHETIC_TEACHING_FIXTURE
REQ_SYN_SEG_0941_vowel_onset_f0	SYN_CH11	SYN_SEG_SPK_27	SYN_SESSION_27	SYN_SEG_0941	vowel_onset_f0	medial				Hz	requested			raw					SYN_GENERATOR_11042026	SYNTHETIC_TEACHING_FIXTURE
REQ_SYN_SEG_0942_vot	SYN_CH11	SYN_SEG_SPK_27	SYN_SESSION_27	SYN_SEG_0942	vot	final				ms	requested			raw					SYN_GENERATOR_11042026	SYNTHETIC_TEACHING_FIXTURE
REQ_SYN_SEG_0942_closure_duration	SYN_CH11	SYN_SEG_SPK_27	SYN_SESSION_27	SYN_SEG_0942	closure_duration	final				ms	requested			raw					SYN_GENERATOR_11042026	SYNTHETIC_TEACHING_FIXTURE
REQ_SYN_SEG_0942_vowel_onset_f0	SYN_CH11	SYN_SEG_SPK_27	SYN_SESSION_27	SYN_SEG_0942	vowel_onset_f0	final				Hz	requested			raw					SYN_GENERATOR_11042026	SYNTHETIC_TEACHING_FIXTURE
REQ_SYN_SEG_0943_vot	SYN_CH11	SYN_SEG_SPK_27	SYN_SESSION_27	SYN_SEG_0943	vot	initial				ms	requested			raw					SYN_GENERATOR_11042026	SYNTHETIC_TEACHING_FIXTURE
REQ_SYN_SEG_0943_closure_duration	SYN_CH11	SYN_SEG_SPK_27	SYN_SESSION_27	SYN_SEG_0943	closure_duration	initial				ms	requested			raw					SYN_GENERATOR_11042026	SYNTHETIC_TEACHING_FIXTURE
REQ_SYN_SEG_0943_vowel_onset_f0	SYN_CH11	SYN_SEG_SPK_27	SYN_SESSION_27	SYN_SEG_0943	vowel_onset_f0	initial				Hz	requested			raw					SYN_GENERATOR_11042026	SYNTHETIC_TEACHING_FIXTURE
REQ_SYN_SEG_0944_vot	SYN_CH11	SYN_SEG_SPK_27	SYN_SESSION_27	SYN_SEG_0944	vot	medial				ms	requested			raw					SYN_GENERATOR_11042026	SYNTHETIC_TEACHING_FIXTURE
REQ_SYN_SEG_0944_closure_duration	SYN_CH11	SYN_SEG_SPK_27	SYN_SESSION_27	SYN_SEG_0944	closure_duration	medial				ms	requested			raw					SYN_GENERATOR_11042026	SYNTHETIC_TEACHING_FIXTURE
REQ_SYN_SEG_0944_vowel_onset_f0	SYN_CH11	SYN_SEG_SPK_27	SYN_SESSION_27	SYN_SEG_0944	vowel_onset_f0	medial				Hz	requested			raw					SYN_GENERATOR_11042026	SYNTHETIC_TEACHING_FIXTURE
REQ_SYN_SEG_0945_vot	SYN_CH11	SYN_SEG_SPK_27	SYN_SESSION_27	SYN_SEG_0945	vot	final				ms	requested			raw					SYN_GENERATOR_11042026	SYNTHETIC_TEACHING_FIXTURE
REQ_SYN_SEG_0945_closure_duration	SYN_CH11	SYN_SEG_SPK_27	SYN_SESSION_27	SYN_SEG_0945	closure_duration	final				ms	requested			raw					SYN_GENERATOR_11042026	SYNTHETIC_TEACHING_FIXTURE
REQ_SYN_SEG_0945_vowel_onset_f0	SYN_CH11	SYN_SEG_SPK_27	SYN_SESSION_27	SYN_SEG_0945	vowel_onset_f0	final				Hz	requested			raw					SYN_GENERATOR_11042026	SYNTHETIC_TEACHING_FIXTURE
REQ_SYN_SEG_0946_vot	SYN_CH11	SYN_SEG_SPK_27	SYN_SESSION_27	SYN_SEG_0946	vot	initial				ms	requested			raw					SYN_GENERATOR_11042026	SYNTHETIC_TEACHING_FIXTURE
REQ_SYN_SEG_0946_closure_duration	SYN_CH11	SYN_SEG_SPK_27	SYN_SESSION_27	SYN_SEG_0946	closure_duration	initial				ms	requested			raw					SYN_GENERATOR_11042026	SYNTHETIC_TEACHING_FIXTURE
REQ_SYN_SEG_0946_vowel_onset_f0	SYN_CH11	SYN_SEG_SPK_27	SYN_SESSION_27	SYN_SEG_0946	vowel_onset_f0	initial				Hz	requested			raw					SYN_GENERATOR_11042026	SYNTHETIC_TEACHING_FIXTURE
REQ_SYN_SEG_0947_vot	SYN_CH11	SYN_SEG_SPK_27	SYN_SESSION_27	SYN_SEG_0947	vot	medial				ms	requested			raw					SYN_GENERATOR_11042026	SYNTHETIC_TEACHING_FIXTURE
REQ_SYN_SEG_0947_closure_duration	SYN_CH11	SYN_SEG_SPK_27	SYN_SESSION_27	SYN_SEG_0947	closure_duration	medial				ms	requested			raw					SYN_GENERATOR_11042026	SYNTHETIC_TEACHING_FIXTURE
REQ_SYN_SEG_0947_vowel_onset_f0	SYN_CH11	SYN_SEG_SPK_27	SYN_SESSION_27	SYN_SEG_0947	vowel_onset_f0	medial				Hz	requested			raw					SYN_GENERATOR_11042026	SYNTHETIC_TEACHING_FIXTURE
REQ_SYN_SEG_0948_vot	SYN_CH11	SYN_SEG_SPK_27	SYN_SESSION_27	SYN_SEG_0948	vot	final				ms	requested			raw					SYN_GENERATOR_11042026	SYNTHETIC_TEACHING_FIXTURE
REQ_SYN_SEG_0948_closure_duration	SYN_CH11	SYN_SEG_SPK_27	SYN_SESSION_27	SYN_SEG_0948	closure_duration	final				ms	requested			raw					SYN_GENERATOR_11042026	SYNTHETIC_TEACHING_FIXTURE
REQ_SYN_SEG_0948_vowel_onset_f0	SYN_CH11	SYN_SEG_SPK_27	SYN_SESSION_27	SYN_SEG_0948	vowel_onset_f0	final				Hz	requested			raw					SYN_GENERATOR_11042026	SYNTHETIC_TEACHING_FIXTURE
REQ_SYN_SEG_0949_vowel_duration	SYN_CH11	SYN_SEG_SPK_27	SYN_SESSION_27	SYN_SEG_0949	vowel_duration	initial				ms	requested		evaluation	raw					SYN_GENERATOR_11042026	SYNTHETIC_TEACHING_FIXTURE
REQ_SYN_SEG_0949_f1	SYN_CH11	SYN_SEG_SPK_27	SYN_SESSION_27	SYN_SEG_0949	f1	initial				Hz	requested		evaluation	raw					SYN_GENERATOR_11042026	SYNTHETIC_TEACHING_FIXTURE
REQ_SYN_SEG_0949_f2	SYN_CH11	SYN_SEG_SPK_27	SYN_SESSION_27	SYN_SEG_0949	f2	initial				Hz	requested		evaluation	raw					SYN_GENERATOR_11042026	SYNTHETIC_TEACHING_FIXTURE
REQ_SYN_SEG_0949_f3	SYN_CH11	SYN_SEG_SPK_27	SYN_SESSION_27	SYN_SEG_0949	f3	initial				Hz	requested		evaluation	raw					SYN_GENERATOR_11042026	SYNTHETIC_TEACHING_FIXTURE
REQ_SYN_SEG_0950_vowel_duration	SYN_CH11	SYN_SEG_SPK_27	SYN_SESSION_27	SYN_SEG_0950	vowel_duration	medial				ms	requested		evaluation	raw					SYN_GENERATOR_11042026	SYNTHETIC_TEACHING_FIXTURE
REQ_SYN_SEG_0950_f1	SYN_CH11	SYN_SEG_SPK_27	SYN_SESSION_27	SYN_SEG_0950	f1	medial				Hz	requested		evaluation	raw					SYN_GENERATOR_11042026	SYNTHETIC_TEACHING_FIXTURE
REQ_SYN_SEG_0950_f2	SYN_CH11	SYN_SEG_SPK_27	SYN_SESSION_27	SYN_SEG_0950	f2	medial				Hz	requested		evaluation	raw					SYN_GENERATOR_11042026	SYNTHETIC_TEACHING_FIXTURE
REQ_SYN_SEG_0950_f3	SYN_CH11	SYN_SEG_SPK_27	SYN_SESSION_27	SYN_SEG_0950	f3	medial				Hz	requested		evaluation	raw					SYN_GENERATOR_11042026	SYNTHETIC_TEACHING_FIXTURE
REQ_SYN_SEG_0951_vowel_duration	SYN_CH11	SYN_SEG_SPK_27	SYN_SESSION_27	SYN_SEG_0951	vowel_duration	final				ms	requested		evaluation	raw					SYN_GENERATOR_11042026	SYNTHETIC_TEACHING_FIXTURE
REQ_SYN_SEG_0951_f1	SYN_CH11	SYN_SEG_SPK_27	SYN_SESSION_27	SYN_SEG_0951	f1	final				Hz	requested		evaluation	raw					SYN_GENERATOR_11042026	SYNTHETIC_TEACHING_FIXTURE
REQ_SYN_SEG_0951_f2	SYN_CH11	SYN_SEG_SPK_27	SYN_SESSION_27	SYN_SEG_0951	f2	final				Hz	requested		evaluation	raw					SYN_GENERATOR_11042026	SYNTHETIC_TEACHING_FIXTURE
REQ_SYN_SEG_0951_f3	SYN_CH11	SYN_SEG_SPK_27	SYN_SESSION_27	SYN_SEG_0951	f3	final				Hz	requested		evaluation	raw					SYN_GENERATOR_11042026	SYNTHETIC_TEACHING_FIXTURE
REQ_SYN_SEG_0952_vowel_duration	SYN_CH11	SYN_SEG_SPK_27	SYN_SESSION_27	SYN_SEG_0952	vowel_duration	initial				ms	requested		evaluation	raw					SYN_GENERATOR_11042026	SYNTHETIC_TEACHING_FIXTURE
REQ_SYN_SEG_0952_f1	SYN_CH11	SYN_SEG_SPK_27	SYN_SESSION_27	SYN_SEG_0952	f1	initial				Hz	requested		evaluation	raw					SYN_GENERATOR_11042026	SYNTHETIC_TEACHING_FIXTURE
REQ_SYN_SEG_0952_f2	SYN_CH11	SYN_SEG_SPK_27	SYN_SESSION_27	SYN_SEG_0952	f2	initial				Hz	requested		evaluation	raw					SYN_GENERATOR_11042026	SYNTHETIC_TEACHING_FIXTURE
REQ_SYN_SEG_0952_f3	SYN_CH11	SYN_SEG_SPK_27	SYN_SESSION_27	SYN_SEG_0952	f3	initial				Hz	requested		evaluation	raw					SYN_GENERATOR_11042026	SYNTHETIC_TEACHING_FIXTURE
REQ_SYN_SEG_0953_vowel_duration	SYN_CH11	SYN_SEG_SPK_27	SYN_SESSION_27	SYN_SEG_0953	vowel_duration	medial				ms	requested		evaluation	raw					SYN_GENERATOR_11042026	SYNTHETIC_TEACHING_FIXTURE
REQ_SYN_SEG_0953_f1	SYN_CH11	SYN_SEG_SPK_27	SYN_SESSION_27	SYN_SEG_0953	f1	medial				Hz	requested		evaluation	raw					SYN_GENERATOR_11042026	SYNTHETIC_TEACHING_FIXTURE
REQ_SYN_SEG_0953_f2	SYN_CH11	SYN_SEG_SPK_27	SYN_SESSION_27	SYN_SEG_0953	f2	medial				Hz	requested		evaluation	raw					SYN_GENERATOR_11042026	SYNTHETIC_TEACHING_FIXTURE
REQ_SYN_SEG_0953_f3	SYN_CH11	SYN_SEG_SPK_27	SYN_SESSION_27	SYN_SEG_0953	f3	medial				Hz	requested		evaluation	raw					SYN_GENERATOR_11042026	SYNTHETIC_TEACHING_FIXTURE
REQ_SYN_SEG_0954_vowel_duration	SYN_CH11	SYN_SEG_SPK_27	SYN_SESSION_27	SYN_SEG_0954	vowel_duration	final				ms	requested		evaluation	raw					SYN_GENERATOR_11042026	SYNTHETIC_TEACHING_FIXTURE
REQ_SYN_SEG_0954_f1	SYN_CH11	SYN_SEG_SPK_27	SYN_SESSION_27	SYN_SEG_0954	f1	final				Hz	requested		evaluation	raw					SYN_GENERATOR_11042026	SYNTHETIC_TEACHING_FIXTURE
REQ_SYN_SEG_0954_f2	SYN_CH11	SYN_SEG_SPK_27	SYN_SESSION_27	SYN_SEG_0954	f2	final				Hz	requested		evaluation	raw					SYN_GENERATOR_11042026	SYNTHETIC_TEACHING_FIXTURE
REQ_SYN_SEG_0954_f3	SYN_CH11	SYN_SEG_SPK_27	SYN_SESSION_27	SYN_SEG_0954	f3	final				Hz	requested		evaluation	raw					SYN_GENERATOR_11042026	SYNTHETIC_TEACHING_FIXTURE
REQ_SYN_SEG_0955_vowel_duration	SYN_CH11	SYN_SEG_SPK_27	SYN_SESSION_27	SYN_SEG_0955	vowel_duration	initial				ms	requested		evaluation	raw					SYN_GENERATOR_11042026	SYNTHETIC_TEACHING_FIXTURE
REQ_SYN_SEG_0955_f1	SYN_CH11	SYN_SEG_SPK_27	SYN_SESSION_27	SYN_SEG_0955	f1	initial				Hz	requested		evaluation	raw					SYN_GENERATOR_11042026	SYNTHETIC_TEACHING_FIXTURE
REQ_SYN_SEG_0955_f2	SYN_CH11	SYN_SEG_SPK_27	SYN_SESSION_27	SYN_SEG_0955	f2	initial				Hz	requested		evaluation	raw					SYN_GENERATOR_11042026	SYNTHETIC_TEACHING_FIXTURE
REQ_SYN_SEG_0955_f3	SYN_CH11	SYN_SEG_SPK_27	SYN_SESSION_27	SYN_SEG_0955	f3	initial				Hz	requested		evaluation	raw					SYN_GENERATOR_11042026	SYNTHETIC_TEACHING_FIXTURE
REQ_SYN_SEG_0956_vowel_duration	SYN_CH11	SYN_SEG_SPK_27	SYN_SESSION_27	SYN_SEG_0956	vowel_duration	medial				ms	requested		evaluation	raw					SYN_GENERATOR_11042026	SYNTHETIC_TEACHING_FIXTURE
REQ_SYN_SEG_0956_f1	SYN_CH11	SYN_SEG_SPK_27	SYN_SESSION_27	SYN_SEG_0956	f1	medial				Hz	requested		evaluation	raw					SYN_GENERATOR_11042026	SYNTHETIC_TEACHING_FIXTURE
REQ_SYN_SEG_0956_f2	SYN_CH11	SYN_SEG_SPK_27	SYN_SESSION_27	SYN_SEG_0956	f2	medial				Hz	requested		evaluation	raw					SYN_GENERATOR_11042026	SYNTHETIC_TEACHING_FIXTURE
REQ_SYN_SEG_0956_f3	SYN_CH11	SYN_SEG_SPK_27	SYN_SESSION_27	SYN_SEG_0956	f3	medial				Hz	requested		evaluation	raw					SYN_GENERATOR_11042026	SYNTHETIC_TEACHING_FIXTURE
REQ_SYN_SEG_0957_vowel_duration	SYN_CH11	SYN_SEG_SPK_27	SYN_SESSION_27	SYN_SEG_0957	vowel_duration	final				ms	requested		evaluation	raw					SYN_GENERATOR_11042026	SYNTHETIC_TEACHING_FIXTURE
REQ_SYN_SEG_0957_f1	SYN_CH11	SYN_SEG_SPK_27	SYN_SESSION_27	SYN_SEG_0957	f1	final				Hz	requested		evaluation	raw					SYN_GENERATOR_11042026	SYNTHETIC_TEACHING_FIXTURE
REQ_SYN_SEG_0957_f2	SYN_CH11	SYN_SEG_SPK_27	SYN_SESSION_27	SYN_SEG_0957	f2	final				Hz	requested		evaluation	raw					SYN_GENERATOR_11042026	SYNTHETIC_TEACHING_FIXTURE
REQ_SYN_SEG_0957_f3	SYN_CH11	SYN_SEG_SPK_27	SYN_SESSION_27	SYN_SEG_0957	f3	final				Hz	requested		evaluation	raw					SYN_GENERATOR_11042026	SYNTHETIC_TEACHING_FIXTURE
REQ_SYN_SEG_0958_vowel_duration	SYN_CH11	SYN_SEG_SPK_27	SYN_SESSION_27	SYN_SEG_0958	vowel_duration	initial				ms	requested		evaluation	raw					SYN_GENERATOR_11042026	SYNTHETIC_TEACHING_FIXTURE
REQ_SYN_SEG_0958_f1	SYN_CH11	SYN_SEG_SPK_27	SYN_SESSION_27	SYN_SEG_0958	f1	initial				Hz	requested		evaluation	raw					SYN_GENERATOR_11042026	SYNTHETIC_TEACHING_FIXTURE
REQ_SYN_SEG_0958_f2	SYN_CH11	SYN_SEG_SPK_27	SYN_SESSION_27	SYN_SEG_0958	f2	initial				Hz	requested		evaluation	raw					SYN_GENERATOR_11042026	SYNTHETIC_TEACHING_FIXTURE
REQ_SYN_SEG_0958_f3	SYN_CH11	SYN_SEG_SPK_27	SYN_SESSION_27	SYN_SEG_0958	f3	initial				Hz	requested		evaluation	raw					SYN_GENERATOR_11042026	SYNTHETIC_TEACHING_FIXTURE
REQ_SYN_SEG_0959_vowel_duration	SYN_CH11	SYN_SEG_SPK_27	SYN_SESSION_27	SYN_SEG_0959	vowel_duration	medial				ms	requested		evaluation	raw					SYN_GENERATOR_11042026	SYNTHETIC_TEACHING_FIXTURE
REQ_SYN_SEG_0959_f1	SYN_CH11	SYN_SEG_SPK_27	SYN_SESSION_27	SYN_SEG_0959	f1	medial				Hz	requested		evaluation	raw					SYN_GENERATOR_11042026	SYNTHETIC_TEACHING_FIXTURE
REQ_SYN_SEG_0959_f2	SYN_CH11	SYN_SEG_SPK_27	SYN_SESSION_27	SYN_SEG_0959	f2	medial				Hz	requested		evaluation	raw					SYN_GENERATOR_11042026	SYNTHETIC_TEACHING_FIXTURE
REQ_SYN_SEG_0959_f3	SYN_CH11	SYN_SEG_SPK_27	SYN_SESSION_27	SYN_SEG_0959	f3	medial				Hz	requested		evaluation	raw					SYN_GENERATOR_11042026	SYNTHETIC_TEACHING_FIXTURE
REQ_SYN_SEG_0960_vowel_duration	SYN_CH11	SYN_SEG_SPK_27	SYN_SESSION_27	SYN_SEG_0960	vowel_duration	final				ms	requested		evaluation	raw					SYN_GENERATOR_11042026	SYNTHETIC_TEACHING_FIXTURE
REQ_SYN_SEG_0960_f1	SYN_CH11	SYN_SEG_SPK_27	SYN_SESSION_27	SYN_SEG_0960	f1	final				Hz	requested		evaluation	raw					SYN_GENERATOR_11042026	SYNTHETIC_TEACHING_FIXTURE
REQ_SYN_SEG_0960_f2	SYN_CH11	SYN_SEG_SPK_27	SYN_SESSION_27	SYN_SEG_0960	f2	final				Hz	requested		evaluation	raw					SYN_GENERATOR_11042026	SYNTHETIC_TEACHING_FIXTURE
REQ_SYN_SEG_0960_f3	SYN_CH11	SYN_SEG_SPK_27	SYN_SESSION_27	SYN_SEG_0960	f3	final				Hz	requested		evaluation	raw					SYN_GENERATOR_11042026	SYNTHETIC_TEACHING_FIXTURE
REQ_SYN_SEG_0961_fricative_duration	SYN_CH11	SYN_SEG_SPK_27	SYN_SESSION_27	SYN_SEG_0961	fricative_duration	initial				ms	requested			raw					SYN_GENERATOR_11042026	SYNTHETIC_TEACHING_FIXTURE
REQ_SYN_SEG_0961_fricative_cog	SYN_CH11	SYN_SEG_SPK_27	SYN_SESSION_27	SYN_SEG_0961	fricative_cog	initial				Hz	requested			raw					SYN_GENERATOR_11042026	SYNTHETIC_TEACHING_FIXTURE
REQ_SYN_SEG_0962_fricative_duration	SYN_CH11	SYN_SEG_SPK_27	SYN_SESSION_27	SYN_SEG_0962	fricative_duration	medial				ms	requested			raw					SYN_GENERATOR_11042026	SYNTHETIC_TEACHING_FIXTURE
REQ_SYN_SEG_0962_fricative_cog	SYN_CH11	SYN_SEG_SPK_27	SYN_SESSION_27	SYN_SEG_0962	fricative_cog	medial				Hz	requested			raw					SYN_GENERATOR_11042026	SYNTHETIC_TEACHING_FIXTURE
REQ_SYN_SEG_0963_fricative_duration	SYN_CH11	SYN_SEG_SPK_27	SYN_SESSION_27	SYN_SEG_0963	fricative_duration	final				ms	requested			raw					SYN_GENERATOR_11042026	SYNTHETIC_TEACHING_FIXTURE
REQ_SYN_SEG_0963_fricative_cog	SYN_CH11	SYN_SEG_SPK_27	SYN_SESSION_27	SYN_SEG_0963	fricative_cog	final				Hz	requested			raw					SYN_GENERATOR_11042026	SYNTHETIC_TEACHING_FIXTURE
REQ_SYN_SEG_0964_fricative_duration	SYN_CH11	SYN_SEG_SPK_27	SYN_SESSION_27	SYN_SEG_0964	fricative_duration	initial				ms	requested			raw					SYN_GENERATOR_11042026	SYNTHETIC_TEACHING_FIXTURE
REQ_SYN_SEG_0964_fricative_cog	SYN_CH11	SYN_SEG_SPK_27	SYN_SESSION_27	SYN_SEG_0964	fricative_cog	initial				Hz	requested			raw					SYN_GENERATOR_11042026	SYNTHETIC_TEACHING_FIXTURE
REQ_SYN_SEG_0965_fricative_duration	SYN_CH11	SYN_SEG_SPK_27	SYN_SESSION_27	SYN_SEG_0965	fricative_duration	medial				ms	requested			raw					SYN_GENERATOR_11042026	SYNTHETIC_TEACHING_FIXTURE
REQ_SYN_SEG_0965_fricative_cog	SYN_CH11	SYN_SEG_SPK_27	SYN_SESSION_27	SYN_SEG_0965	fricative_cog	medial				Hz	requested			raw					SYN_GENERATOR_11042026	SYNTHETIC_TEACHING_FIXTURE
REQ_SYN_SEG_0966_fricative_duration	SYN_CH11	SYN_SEG_SPK_27	SYN_SESSION_27	SYN_SEG_0966	fricative_duration	final				ms	requested			raw					SYN_GENERATOR_11042026	SYNTHETIC_TEACHING_FIXTURE
REQ_SYN_SEG_0966_fricative_cog	SYN_CH11	SYN_SEG_SPK_27	SYN_SESSION_27	SYN_SEG_0966	fricative_cog	final				Hz	requested			raw					SYN_GENERATOR_11042026	SYNTHETIC_TEACHING_FIXTURE
REQ_SYN_SEG_0967_fricative_duration	SYN_CH11	SYN_SEG_SPK_27	SYN_SESSION_27	SYN_SEG_0967	fricative_duration	initial				ms	requested			raw					SYN_GENERATOR_11042026	SYNTHETIC_TEACHING_FIXTURE
REQ_SYN_SEG_0967_fricative_cog	SYN_CH11	SYN_SEG_SPK_27	SYN_SESSION_27	SYN_SEG_0967	fricative_cog	initial				Hz	requested			raw					SYN_GENERATOR_11042026	SYNTHETIC_TEACHING_FIXTURE
REQ_SYN_SEG_0968_fricative_duration	SYN_CH11	SYN_SEG_SPK_27	SYN_SESSION_27	SYN_SEG_0968	fricative_duration	medial				ms	requested			raw					SYN_GENERATOR_11042026	SYNTHETIC_TEACHING_FIXTURE
REQ_SYN_SEG_0968_fricative_cog	SYN_CH11	SYN_SEG_SPK_27	SYN_SESSION_27	SYN_SEG_0968	fricative_cog	medial				Hz	requested			raw					SYN_GENERATOR_11042026	SYNTHETIC_TEACHING_FIXTURE
REQ_SYN_SEG_0969_fricative_duration	SYN_CH11	SYN_SEG_SPK_27	SYN_SESSION_27	SYN_SEG_0969	fricative_duration	final				ms	requested			raw					SYN_GENERATOR_11042026	SYNTHETIC_TEACHING_FIXTURE
REQ_SYN_SEG_0969_fricative_cog	SYN_CH11	SYN_SEG_SPK_27	SYN_SESSION_27	SYN_SEG_0969	fricative_cog	final				Hz	requested			raw					SYN_GENERATOR_11042026	SYNTHETIC_TEACHING_FIXTURE
REQ_SYN_SEG_0970_fricative_duration	SYN_CH11	SYN_SEG_SPK_27	SYN_SESSION_27	SYN_SEG_0970	fricative_duration	initial				ms	requested			raw					SYN_GENERATOR_11042026	SYNTHETIC_TEACHING_FIXTURE
REQ_SYN_SEG_0970_fricative_cog	SYN_CH11	SYN_SEG_SPK_27	SYN_SESSION_27	SYN_SEG_0970	fricative_cog	initial				Hz	requested			raw					SYN_GENERATOR_11042026	SYNTHETIC_TEACHING_FIXTURE
REQ_SYN_SEG_0971_fricative_duration	SYN_CH11	SYN_SEG_SPK_27	SYN_SESSION_27	SYN_SEG_0971	fricative_duration	medial				ms	requested			raw					SYN_GENERATOR_11042026	SYNTHETIC_TEACHING_FIXTURE
REQ_SYN_SEG_0971_fricative_cog	SYN_CH11	SYN_SEG_SPK_27	SYN_SESSION_27	SYN_SEG_0971	fricative_cog	medial				Hz	requested			raw					SYN_GENERATOR_11042026	SYNTHETIC_TEACHING_FIXTURE
REQ_SYN_SEG_0972_fricative_duration	SYN_CH11	SYN_SEG_SPK_27	SYN_SESSION_27	SYN_SEG_0972	fricative_duration	final				ms	requested			raw					SYN_GENERATOR_11042026	SYNTHETIC_TEACHING_FIXTURE
REQ_SYN_SEG_0972_fricative_cog	SYN_CH11	SYN_SEG_SPK_27	SYN_SESSION_27	SYN_SEG_0972	fricative_cog	final				Hz	requested			raw					SYN_GENERATOR_11042026	SYNTHETIC_TEACHING_FIXTURE
REQ_SYN_SEG_0973_vot	SYN_CH11	SYN_SEG_SPK_28	SYN_SESSION_28	SYN_SEG_0973	vot	initial				ms	requested			raw					SYN_GENERATOR_11042026	SYNTHETIC_TEACHING_FIXTURE
REQ_SYN_SEG_0973_closure_duration	SYN_CH11	SYN_SEG_SPK_28	SYN_SESSION_28	SYN_SEG_0973	closure_duration	initial				ms	requested			raw					SYN_GENERATOR_11042026	SYNTHETIC_TEACHING_FIXTURE
REQ_SYN_SEG_0973_vowel_onset_f0	SYN_CH11	SYN_SEG_SPK_28	SYN_SESSION_28	SYN_SEG_0973	vowel_onset_f0	initial				Hz	requested			raw					SYN_GENERATOR_11042026	SYNTHETIC_TEACHING_FIXTURE
REQ_SYN_SEG_0974_vot	SYN_CH11	SYN_SEG_SPK_28	SYN_SESSION_28	SYN_SEG_0974	vot	medial				ms	requested			raw					SYN_GENERATOR_11042026	SYNTHETIC_TEACHING_FIXTURE
REQ_SYN_SEG_0974_closure_duration	SYN_CH11	SYN_SEG_SPK_28	SYN_SESSION_28	SYN_SEG_0974	closure_duration	medial				ms	requested			raw					SYN_GENERATOR_11042026	SYNTHETIC_TEACHING_FIXTURE
REQ_SYN_SEG_0974_vowel_onset_f0	SYN_CH11	SYN_SEG_SPK_28	SYN_SESSION_28	SYN_SEG_0974	vowel_onset_f0	medial				Hz	requested			raw					SYN_GENERATOR_11042026	SYNTHETIC_TEACHING_FIXTURE
REQ_SYN_SEG_0975_vot	SYN_CH11	SYN_SEG_SPK_28	SYN_SESSION_28	SYN_SEG_0975	vot	final				ms	requested			raw					SYN_GENERATOR_11042026	SYNTHETIC_TEACHING_FIXTURE
REQ_SYN_SEG_0975_closure_duration	SYN_CH11	SYN_SEG_SPK_28	SYN_SESSION_28	SYN_SEG_0975	closure_duration	final				ms	requested			raw					SYN_GENERATOR_11042026	SYNTHETIC_TEACHING_FIXTURE
REQ_SYN_SEG_0975_vowel_onset_f0	SYN_CH11	SYN_SEG_SPK_28	SYN_SESSION_28	SYN_SEG_0975	vowel_onset_f0	final				Hz	requested			raw					SYN_GENERATOR_11042026	SYNTHETIC_TEACHING_FIXTURE
REQ_SYN_SEG_0976_vot	SYN_CH11	SYN_SEG_SPK_28	SYN_SESSION_28	SYN_SEG_0976	vot	initial				ms	requested			raw					SYN_GENERATOR_11042026	SYNTHETIC_TEACHING_FIXTURE
REQ_SYN_SEG_0976_closure_duration	SYN_CH11	SYN_SEG_SPK_28	SYN_SESSION_28	SYN_SEG_0976	closure_duration	initial				ms	requested			raw					SYN_GENERATOR_11042026	SYNTHETIC_TEACHING_FIXTURE
REQ_SYN_SEG_0976_vowel_onset_f0	SYN_CH11	SYN_SEG_SPK_28	SYN_SESSION_28	SYN_SEG_0976	vowel_onset_f0	initial				Hz	requested			raw					SYN_GENERATOR_11042026	SYNTHETIC_TEACHING_FIXTURE
REQ_SYN_SEG_0977_vot	SYN_CH11	SYN_SEG_SPK_28	SYN_SESSION_28	SYN_SEG_0977	vot	medial				ms	requested			raw					SYN_GENERATOR_11042026	SYNTHETIC_TEACHING_FIXTURE
REQ_SYN_SEG_0977_closure_duration	SYN_CH11	SYN_SEG_SPK_28	SYN_SESSION_28	SYN_SEG_0977	closure_duration	medial				ms	requested			raw					SYN_GENERATOR_11042026	SYNTHETIC_TEACHING_FIXTURE
REQ_SYN_SEG_0977_vowel_onset_f0	SYN_CH11	SYN_SEG_SPK_28	SYN_SESSION_28	SYN_SEG_0977	vowel_onset_f0	medial				Hz	requested			raw					SYN_GENERATOR_11042026	SYNTHETIC_TEACHING_FIXTURE
REQ_SYN_SEG_0978_vot	SYN_CH11	SYN_SEG_SPK_28	SYN_SESSION_28	SYN_SEG_0978	vot	final				ms	requested			raw					SYN_GENERATOR_11042026	SYNTHETIC_TEACHING_FIXTURE
REQ_SYN_SEG_0978_closure_duration	SYN_CH11	SYN_SEG_SPK_28	SYN_SESSION_28	SYN_SEG_0978	closure_duration	final				ms	requested			raw					SYN_GENERATOR_11042026	SYNTHETIC_TEACHING_FIXTURE
REQ_SYN_SEG_0978_vowel_onset_f0	SYN_CH11	SYN_SEG_SPK_28	SYN_SESSION_28	SYN_SEG_0978	vowel_onset_f0	final				Hz	requested			raw					SYN_GENERATOR_11042026	SYNTHETIC_TEACHING_FIXTURE
REQ_SYN_SEG_0979_vot	SYN_CH11	SYN_SEG_SPK_28	SYN_SESSION_28	SYN_SEG_0979	vot	initial				ms	requested			raw					SYN_GENERATOR_11042026	SYNTHETIC_TEACHING_FIXTURE
REQ_SYN_SEG_0979_closure_duration	SYN_CH11	SYN_SEG_SPK_28	SYN_SESSION_28	SYN_SEG_0979	closure_duration	initial				ms	requested			raw					SYN_GENERATOR_11042026	SYNTHETIC_TEACHING_FIXTURE
REQ_SYN_SEG_0979_vowel_onset_f0	SYN_CH11	SYN_SEG_SPK_28	SYN_SESSION_28	SYN_SEG_0979	vowel_onset_f0	initial				Hz	requested			raw					SYN_GENERATOR_11042026	SYNTHETIC_TEACHING_FIXTURE
REQ_SYN_SEG_0980_vot	SYN_CH11	SYN_SEG_SPK_28	SYN_SESSION_28	SYN_SEG_0980	vot	medial				ms	requested			raw					SYN_GENERATOR_11042026	SYNTHETIC_TEACHING_FIXTURE
REQ_SYN_SEG_0980_closure_duration	SYN_CH11	SYN_SEG_SPK_28	SYN_SESSION_28	SYN_SEG_0980	closure_duration	medial				ms	requested			raw					SYN_GENERATOR_11042026	SYNTHETIC_TEACHING_FIXTURE
REQ_SYN_SEG_0980_vowel_onset_f0	SYN_CH11	SYN_SEG_SPK_28	SYN_SESSION_28	SYN_SEG_0980	vowel_onset_f0	medial				Hz	requested			raw					SYN_GENERATOR_11042026	SYNTHETIC_TEACHING_FIXTURE
REQ_SYN_SEG_0981_vot	SYN_CH11	SYN_SEG_SPK_28	SYN_SESSION_28	SYN_SEG_0981	vot	final				ms	requested			raw					SYN_GENERATOR_11042026	SYNTHETIC_TEACHING_FIXTURE
REQ_SYN_SEG_0981_closure_duration	SYN_CH11	SYN_SEG_SPK_28	SYN_SESSION_28	SYN_SEG_0981	closure_duration	final				ms	requested			raw					SYN_GENERATOR_11042026	SYNTHETIC_TEACHING_FIXTURE
REQ_SYN_SEG_0981_vowel_onset_f0	SYN_CH11	SYN_SEG_SPK_28	SYN_SESSION_28	SYN_SEG_0981	vowel_onset_f0	final				Hz	requested			raw					SYN_GENERATOR_11042026	SYNTHETIC_TEACHING_FIXTURE
REQ_SYN_SEG_0982_vot	SYN_CH11	SYN_SEG_SPK_28	SYN_SESSION_28	SYN_SEG_0982	vot	initial				ms	requested			raw					SYN_GENERATOR_11042026	SYNTHETIC_TEACHING_FIXTURE
REQ_SYN_SEG_0982_closure_duration	SYN_CH11	SYN_SEG_SPK_28	SYN_SESSION_28	SYN_SEG_0982	closure_duration	initial				ms	requested			raw					SYN_GENERATOR_11042026	SYNTHETIC_TEACHING_FIXTURE
REQ_SYN_SEG_0982_vowel_onset_f0	SYN_CH11	SYN_SEG_SPK_28	SYN_SESSION_28	SYN_SEG_0982	vowel_onset_f0	initial				Hz	requested			raw					SYN_GENERATOR_11042026	SYNTHETIC_TEACHING_FIXTURE
REQ_SYN_SEG_0983_vot	SYN_CH11	SYN_SEG_SPK_28	SYN_SESSION_28	SYN_SEG_0983	vot	medial				ms	requested			raw					SYN_GENERATOR_11042026	SYNTHETIC_TEACHING_FIXTURE
REQ_SYN_SEG_0983_closure_duration	SYN_CH11	SYN_SEG_SPK_28	SYN_SESSION_28	SYN_SEG_0983	closure_duration	medial				ms	requested			raw					SYN_GENERATOR_11042026	SYNTHETIC_TEACHING_FIXTURE
REQ_SYN_SEG_0983_vowel_onset_f0	SYN_CH11	SYN_SEG_SPK_28	SYN_SESSION_28	SYN_SEG_0983	vowel_onset_f0	medial				Hz	requested			raw					SYN_GENERATOR_11042026	SYNTHETIC_TEACHING_FIXTURE
REQ_SYN_SEG_0984_vot	SYN_CH11	SYN_SEG_SPK_28	SYN_SESSION_28	SYN_SEG_0984	vot	final				ms	requested			raw					SYN_GENERATOR_11042026	SYNTHETIC_TEACHING_FIXTURE
REQ_SYN_SEG_0984_closure_duration	SYN_CH11	SYN_SEG_SPK_28	SYN_SESSION_28	SYN_SEG_0984	closure_duration	final				ms	requested			raw					SYN_GENERATOR_11042026	SYNTHETIC_TEACHING_FIXTURE
REQ_SYN_SEG_0984_vowel_onset_f0	SYN_CH11	SYN_SEG_SPK_28	SYN_SESSION_28	SYN_SEG_0984	vowel_onset_f0	final				Hz	requested			raw					SYN_GENERATOR_11042026	SYNTHETIC_TEACHING_FIXTURE
REQ_SYN_SEG_0985_vowel_duration	SYN_CH11	SYN_SEG_SPK_28	SYN_SESSION_28	SYN_SEG_0985	vowel_duration	initial				ms	requested		evaluation	raw					SYN_GENERATOR_11042026	SYNTHETIC_TEACHING_FIXTURE
REQ_SYN_SEG_0985_f1	SYN_CH11	SYN_SEG_SPK_28	SYN_SESSION_28	SYN_SEG_0985	f1	initial				Hz	requested		evaluation	raw					SYN_GENERATOR_11042026	SYNTHETIC_TEACHING_FIXTURE
REQ_SYN_SEG_0985_f2	SYN_CH11	SYN_SEG_SPK_28	SYN_SESSION_28	SYN_SEG_0985	f2	initial				Hz	requested		evaluation	raw					SYN_GENERATOR_11042026	SYNTHETIC_TEACHING_FIXTURE
REQ_SYN_SEG_0985_f3	SYN_CH11	SYN_SEG_SPK_28	SYN_SESSION_28	SYN_SEG_0985	f3	initial				Hz	requested		evaluation	raw					SYN_GENERATOR_11042026	SYNTHETIC_TEACHING_FIXTURE
REQ_SYN_SEG_0986_vowel_duration	SYN_CH11	SYN_SEG_SPK_28	SYN_SESSION_28	SYN_SEG_0986	vowel_duration	medial				ms	requested		evaluation	raw					SYN_GENERATOR_11042026	SYNTHETIC_TEACHING_FIXTURE
REQ_SYN_SEG_0986_f1	SYN_CH11	SYN_SEG_SPK_28	SYN_SESSION_28	SYN_SEG_0986	f1	medial				Hz	requested		evaluation	raw					SYN_GENERATOR_11042026	SYNTHETIC_TEACHING_FIXTURE
REQ_SYN_SEG_0986_f2	SYN_CH11	SYN_SEG_SPK_28	SYN_SESSION_28	SYN_SEG_0986	f2	medial				Hz	requested		evaluation	raw					SYN_GENERATOR_11042026	SYNTHETIC_TEACHING_FIXTURE
REQ_SYN_SEG_0986_f3	SYN_CH11	SYN_SEG_SPK_28	SYN_SESSION_28	SYN_SEG_0986	f3	medial				Hz	requested		evaluation	raw					SYN_GENERATOR_11042026	SYNTHETIC_TEACHING_FIXTURE
REQ_SYN_SEG_0987_vowel_duration	SYN_CH11	SYN_SEG_SPK_28	SYN_SESSION_28	SYN_SEG_0987	vowel_duration	final				ms	requested		evaluation	raw					SYN_GENERATOR_11042026	SYNTHETIC_TEACHING_FIXTURE
REQ_SYN_SEG_0987_f1	SYN_CH11	SYN_SEG_SPK_28	SYN_SESSION_28	SYN_SEG_0987	f1	final				Hz	requested		evaluation	raw					SYN_GENERATOR_11042026	SYNTHETIC_TEACHING_FIXTURE
REQ_SYN_SEG_0987_f2	SYN_CH11	SYN_SEG_SPK_28	SYN_SESSION_28	SYN_SEG_0987	f2	final				Hz	requested		evaluation	raw					SYN_GENERATOR_11042026	SYNTHETIC_TEACHING_FIXTURE
REQ_SYN_SEG_0987_f3	SYN_CH11	SYN_SEG_SPK_28	SYN_SESSION_28	SYN_SEG_0987	f3	final				Hz	requested		evaluation	raw					SYN_GENERATOR_11042026	SYNTHETIC_TEACHING_FIXTURE
REQ_SYN_SEG_0988_vowel_duration	SYN_CH11	SYN_SEG_SPK_28	SYN_SESSION_28	SYN_SEG_0988	vowel_duration	initial				ms	requested		evaluation	raw					SYN_GENERATOR_11042026	SYNTHETIC_TEACHING_FIXTURE
REQ_SYN_SEG_0988_f1	SYN_CH11	SYN_SEG_SPK_28	SYN_SESSION_28	SYN_SEG_0988	f1	initial				Hz	requested		evaluation	raw					SYN_GENERATOR_11042026	SYNTHETIC_TEACHING_FIXTURE
REQ_SYN_SEG_0988_f2	SYN_CH11	SYN_SEG_SPK_28	SYN_SESSION_28	SYN_SEG_0988	f2	initial				Hz	requested		evaluation	raw					SYN_GENERATOR_11042026	SYNTHETIC_TEACHING_FIXTURE
REQ_SYN_SEG_0988_f3	SYN_CH11	SYN_SEG_SPK_28	SYN_SESSION_28	SYN_SEG_0988	f3	initial				Hz	requested		evaluation	raw					SYN_GENERATOR_11042026	SYNTHETIC_TEACHING_FIXTURE
REQ_SYN_SEG_0989_vowel_duration	SYN_CH11	SYN_SEG_SPK_28	SYN_SESSION_28	SYN_SEG_0989	vowel_duration	medial				ms	requested		evaluation	raw					SYN_GENERATOR_11042026	SYNTHETIC_TEACHING_FIXTURE
REQ_SYN_SEG_0989_f1	SYN_CH11	SYN_SEG_SPK_28	SYN_SESSION_28	SYN_SEG_0989	f1	medial				Hz	requested		evaluation	raw					SYN_GENERATOR_11042026	SYNTHETIC_TEACHING_FIXTURE
REQ_SYN_SEG_0989_f2	SYN_CH11	SYN_SEG_SPK_28	SYN_SESSION_28	SYN_SEG_0989	f2	medial				Hz	requested		evaluation	raw					SYN_GENERATOR_11042026	SYNTHETIC_TEACHING_FIXTURE
REQ_SYN_SEG_0989_f3	SYN_CH11	SYN_SEG_SPK_28	SYN_SESSION_28	SYN_SEG_0989	f3	medial				Hz	requested		evaluation	raw					SYN_GENERATOR_11042026	SYNTHETIC_TEACHING_FIXTURE
REQ_SYN_SEG_0990_vowel_duration	SYN_CH11	SYN_SEG_SPK_28	SYN_SESSION_28	SYN_SEG_0990	vowel_duration	final				ms	requested		evaluation	raw					SYN_GENERATOR_11042026	SYNTHETIC_TEACHING_FIXTURE
REQ_SYN_SEG_0990_f1	SYN_CH11	SYN_SEG_SPK_28	SYN_SESSION_28	SYN_SEG_0990	f1	final				Hz	requested		evaluation	raw					SYN_GENERATOR_11042026	SYNTHETIC_TEACHING_FIXTURE
REQ_SYN_SEG_0990_f2	SYN_CH11	SYN_SEG_SPK_28	SYN_SESSION_28	SYN_SEG_0990	f2	final				Hz	requested		evaluation	raw					SYN_GENERATOR_11042026	SYNTHETIC_TEACHING_FIXTURE
REQ_SYN_SEG_0990_f3	SYN_CH11	SYN_SEG_SPK_28	SYN_SESSION_28	SYN_SEG_0990	f3	final				Hz	requested		evaluation	raw					SYN_GENERATOR_11042026	SYNTHETIC_TEACHING_FIXTURE
REQ_SYN_SEG_0991_vowel_duration	SYN_CH11	SYN_SEG_SPK_28	SYN_SESSION_28	SYN_SEG_0991	vowel_duration	initial				ms	requested		evaluation	raw					SYN_GENERATOR_11042026	SYNTHETIC_TEACHING_FIXTURE
REQ_SYN_SEG_0991_f1	SYN_CH11	SYN_SEG_SPK_28	SYN_SESSION_28	SYN_SEG_0991	f1	initial				Hz	requested		evaluation	raw					SYN_GENERATOR_11042026	SYNTHETIC_TEACHING_FIXTURE
REQ_SYN_SEG_0991_f2	SYN_CH11	SYN_SEG_SPK_28	SYN_SESSION_28	SYN_SEG_0991	f2	initial				Hz	requested		evaluation	raw					SYN_GENERATOR_11042026	SYNTHETIC_TEACHING_FIXTURE
REQ_SYN_SEG_0991_f3	SYN_CH11	SYN_SEG_SPK_28	SYN_SESSION_28	SYN_SEG_0991	f3	initial				Hz	requested		evaluation	raw					SYN_GENERATOR_11042026	SYNTHETIC_TEACHING_FIXTURE
REQ_SYN_SEG_0992_vowel_duration	SYN_CH11	SYN_SEG_SPK_28	SYN_SESSION_28	SYN_SEG_0992	vowel_duration	medial				ms	requested		evaluation	raw					SYN_GENERATOR_11042026	SYNTHETIC_TEACHING_FIXTURE
REQ_SYN_SEG_0992_f1	SYN_CH11	SYN_SEG_SPK_28	SYN_SESSION_28	SYN_SEG_0992	f1	medial				Hz	requested		evaluation	raw					SYN_GENERATOR_11042026	SYNTHETIC_TEACHING_FIXTURE
REQ_SYN_SEG_0992_f2	SYN_CH11	SYN_SEG_SPK_28	SYN_SESSION_28	SYN_SEG_0992	f2	medial				Hz	requested		evaluation	raw					SYN_GENERATOR_11042026	SYNTHETIC_TEACHING_FIXTURE
REQ_SYN_SEG_0992_f3	SYN_CH11	SYN_SEG_SPK_28	SYN_SESSION_28	SYN_SEG_0992	f3	medial				Hz	requested		evaluation	raw					SYN_GENERATOR_11042026	SYNTHETIC_TEACHING_FIXTURE
REQ_SYN_SEG_0993_vowel_duration	SYN_CH11	SYN_SEG_SPK_28	SYN_SESSION_28	SYN_SEG_0993	vowel_duration	final				ms	requested		evaluation	raw					SYN_GENERATOR_11042026	SYNTHETIC_TEACHING_FIXTURE
REQ_SYN_SEG_0993_f1	SYN_CH11	SYN_SEG_SPK_28	SYN_SESSION_28	SYN_SEG_0993	f1	final				Hz	requested		evaluation	raw					SYN_GENERATOR_11042026	SYNTHETIC_TEACHING_FIXTURE
REQ_SYN_SEG_0993_f2	SYN_CH11	SYN_SEG_SPK_28	SYN_SESSION_28	SYN_SEG_0993	f2	final				Hz	requested		evaluation	raw					SYN_GENERATOR_11042026	SYNTHETIC_TEACHING_FIXTURE
REQ_SYN_SEG_0993_f3	SYN_CH11	SYN_SEG_SPK_28	SYN_SESSION_28	SYN_SEG_0993	f3	final				Hz	requested		evaluation	raw					SYN_GENERATOR_11042026	SYNTHETIC_TEACHING_FIXTURE
REQ_SYN_SEG_0994_vowel_duration	SYN_CH11	SYN_SEG_SPK_28	SYN_SESSION_28	SYN_SEG_0994	vowel_duration	initial				ms	requested		evaluation	raw					SYN_GENERATOR_11042026	SYNTHETIC_TEACHING_FIXTURE
REQ_SYN_SEG_0994_f1	SYN_CH11	SYN_SEG_SPK_28	SYN_SESSION_28	SYN_SEG_0994	f1	initial				Hz	requested		evaluation	raw					SYN_GENERATOR_11042026	SYNTHETIC_TEACHING_FIXTURE
REQ_SYN_SEG_0994_f2	SYN_CH11	SYN_SEG_SPK_28	SYN_SESSION_28	SYN_SEG_0994	f2	initial				Hz	requested		evaluation	raw					SYN_GENERATOR_11042026	SYNTHETIC_TEACHING_FIXTURE
REQ_SYN_SEG_0994_f3	SYN_CH11	SYN_SEG_SPK_28	SYN_SESSION_28	SYN_SEG_0994	f3	initial				Hz	requested		evaluation	raw					SYN_GENERATOR_11042026	SYNTHETIC_TEACHING_FIXTURE
REQ_SYN_SEG_0995_vowel_duration	SYN_CH11	SYN_SEG_SPK_28	SYN_SESSION_28	SYN_SEG_0995	vowel_duration	medial				ms	requested		evaluation	raw					SYN_GENERATOR_11042026	SYNTHETIC_TEACHING_FIXTURE
REQ_SYN_SEG_0995_f1	SYN_CH11	SYN_SEG_SPK_28	SYN_SESSION_28	SYN_SEG_0995	f1	medial				Hz	requested		evaluation	raw					SYN_GENERATOR_11042026	SYNTHETIC_TEACHING_FIXTURE
REQ_SYN_SEG_0995_f2	SYN_CH11	SYN_SEG_SPK_28	SYN_SESSION_28	SYN_SEG_0995	f2	medial				Hz	requested		evaluation	raw					SYN_GENERATOR_11042026	SYNTHETIC_TEACHING_FIXTURE
REQ_SYN_SEG_0995_f3	SYN_CH11	SYN_SEG_SPK_28	SYN_SESSION_28	SYN_SEG_0995	f3	medial				Hz	requested		evaluation	raw					SYN_GENERATOR_11042026	SYNTHETIC_TEACHING_FIXTURE
REQ_SYN_SEG_0996_vowel_duration	SYN_CH11	SYN_SEG_SPK_28	SYN_SESSION_28	SYN_SEG_0996	vowel_duration	final				ms	requested		evaluation	raw					SYN_GENERATOR_11042026	SYNTHETIC_TEACHING_FIXTURE
REQ_SYN_SEG_0996_f1	SYN_CH11	SYN_SEG_SPK_28	SYN_SESSION_28	SYN_SEG_0996	f1	final				Hz	requested		evaluation	raw					SYN_GENERATOR_11042026	SYNTHETIC_TEACHING_FIXTURE
REQ_SYN_SEG_0996_f2	SYN_CH11	SYN_SEG_SPK_28	SYN_SESSION_28	SYN_SEG_0996	f2	final				Hz	requested		evaluation	raw					SYN_GENERATOR_11042026	SYNTHETIC_TEACHING_FIXTURE
REQ_SYN_SEG_0996_f3	SYN_CH11	SYN_SEG_SPK_28	SYN_SESSION_28	SYN_SEG_0996	f3	final				Hz	requested		evaluation	raw					SYN_GENERATOR_11042026	SYNTHETIC_TEACHING_FIXTURE
REQ_SYN_SEG_0997_fricative_duration	SYN_CH11	SYN_SEG_SPK_28	SYN_SESSION_28	SYN_SEG_0997	fricative_duration	initial				ms	requested			raw					SYN_GENERATOR_11042026	SYNTHETIC_TEACHING_FIXTURE
REQ_SYN_SEG_0997_fricative_cog	SYN_CH11	SYN_SEG_SPK_28	SYN_SESSION_28	SYN_SEG_0997	fricative_cog	initial				Hz	requested			raw					SYN_GENERATOR_11042026	SYNTHETIC_TEACHING_FIXTURE
REQ_SYN_SEG_0998_fricative_duration	SYN_CH11	SYN_SEG_SPK_28	SYN_SESSION_28	SYN_SEG_0998	fricative_duration	medial				ms	requested			raw					SYN_GENERATOR_11042026	SYNTHETIC_TEACHING_FIXTURE
REQ_SYN_SEG_0998_fricative_cog	SYN_CH11	SYN_SEG_SPK_28	SYN_SESSION_28	SYN_SEG_0998	fricative_cog	medial				Hz	requested			raw					SYN_GENERATOR_11042026	SYNTHETIC_TEACHING_FIXTURE
REQ_SYN_SEG_0999_fricative_duration	SYN_CH11	SYN_SEG_SPK_28	SYN_SESSION_28	SYN_SEG_0999	fricative_duration	final				ms	requested			raw					SYN_GENERATOR_11042026	SYNTHETIC_TEACHING_FIXTURE
REQ_SYN_SEG_0999_fricative_cog	SYN_CH11	SYN_SEG_SPK_28	SYN_SESSION_28	SYN_SEG_0999	fricative_cog	final				Hz	requested			raw					SYN_GENERATOR_11042026	SYNTHETIC_TEACHING_FIXTURE
REQ_SYN_SEG_1000_fricative_duration	SYN_CH11	SYN_SEG_SPK_28	SYN_SESSION_28	SYN_SEG_1000	fricative_duration	initial				ms	requested			raw					SYN_GENERATOR_11042026	SYNTHETIC_TEACHING_FIXTURE
REQ_SYN_SEG_1000_fricative_cog	SYN_CH11	SYN_SEG_SPK_28	SYN_SESSION_28	SYN_SEG_1000	fricative_cog	initial				Hz	requested			raw					SYN_GENERATOR_11042026	SYNTHETIC_TEACHING_FIXTURE
REQ_SYN_SEG_1001_fricative_duration	SYN_CH11	SYN_SEG_SPK_28	SYN_SESSION_28	SYN_SEG_1001	fricative_duration	medial				ms	requested			raw					SYN_GENERATOR_11042026	SYNTHETIC_TEACHING_FIXTURE
REQ_SYN_SEG_1001_fricative_cog	SYN_CH11	SYN_SEG_SPK_28	SYN_SESSION_28	SYN_SEG_1001	fricative_cog	medial				Hz	requested			raw					SYN_GENERATOR_11042026	SYNTHETIC_TEACHING_FIXTURE
REQ_SYN_SEG_1002_fricative_duration	SYN_CH11	SYN_SEG_SPK_28	SYN_SESSION_28	SYN_SEG_1002	fricative_duration	final				ms	requested			raw					SYN_GENERATOR_11042026	SYNTHETIC_TEACHING_FIXTURE
REQ_SYN_SEG_1002_fricative_cog	SYN_CH11	SYN_SEG_SPK_28	SYN_SESSION_28	SYN_SEG_1002	fricative_cog	final				Hz	requested			raw					SYN_GENERATOR_11042026	SYNTHETIC_TEACHING_FIXTURE
REQ_SYN_SEG_1003_fricative_duration	SYN_CH11	SYN_SEG_SPK_28	SYN_SESSION_28	SYN_SEG_1003	fricative_duration	initial				ms	requested			raw					SYN_GENERATOR_11042026	SYNTHETIC_TEACHING_FIXTURE
REQ_SYN_SEG_1003_fricative_cog	SYN_CH11	SYN_SEG_SPK_28	SYN_SESSION_28	SYN_SEG_1003	fricative_cog	initial				Hz	requested			raw					SYN_GENERATOR_11042026	SYNTHETIC_TEACHING_FIXTURE
REQ_SYN_SEG_1004_fricative_duration	SYN_CH11	SYN_SEG_SPK_28	SYN_SESSION_28	SYN_SEG_1004	fricative_duration	medial				ms	requested			raw					SYN_GENERATOR_11042026	SYNTHETIC_TEACHING_FIXTURE
REQ_SYN_SEG_1004_fricative_cog	SYN_CH11	SYN_SEG_SPK_28	SYN_SESSION_28	SYN_SEG_1004	fricative_cog	medial				Hz	requested			raw					SYN_GENERATOR_11042026	SYNTHETIC_TEACHING_FIXTURE
REQ_SYN_SEG_1005_fricative_duration	SYN_CH11	SYN_SEG_SPK_28	SYN_SESSION_28	SYN_SEG_1005	fricative_duration	final				ms	requested			raw					SYN_GENERATOR_11042026	SYNTHETIC_TEACHING_FIXTURE
REQ_SYN_SEG_1005_fricative_cog	SYN_CH11	SYN_SEG_SPK_28	SYN_SESSION_28	SYN_SEG_1005	fricative_cog	final				Hz	requested			raw					SYN_GENERATOR_11042026	SYNTHETIC_TEACHING_FIXTURE
REQ_SYN_SEG_1006_fricative_duration	SYN_CH11	SYN_SEG_SPK_28	SYN_SESSION_28	SYN_SEG_1006	fricative_duration	initial				ms	requested			raw					SYN_GENERATOR_11042026	SYNTHETIC_TEACHING_FIXTURE
REQ_SYN_SEG_1006_fricative_cog	SYN_CH11	SYN_SEG_SPK_28	SYN_SESSION_28	SYN_SEG_1006	fricative_cog	initial				Hz	requested			raw					SYN_GENERATOR_11042026	SYNTHETIC_TEACHING_FIXTURE
REQ_SYN_SEG_1007_fricative_duration	SYN_CH11	SYN_SEG_SPK_28	SYN_SESSION_28	SYN_SEG_1007	fricative_duration	medial				ms	requested			raw					SYN_GENERATOR_11042026	SYNTHETIC_TEACHING_FIXTURE
REQ_SYN_SEG_1007_fricative_cog	SYN_CH11	SYN_SEG_SPK_28	SYN_SESSION_28	SYN_SEG_1007	fricative_cog	medial				Hz	requested			raw					SYN_GENERATOR_11042026	SYNTHETIC_TEACHING_FIXTURE
REQ_SYN_SEG_1008_fricative_duration	SYN_CH11	SYN_SEG_SPK_28	SYN_SESSION_28	SYN_SEG_1008	fricative_duration	final				ms	requested			raw					SYN_GENERATOR_11042026	SYNTHETIC_TEACHING_FIXTURE
REQ_SYN_SEG_1008_fricative_cog	SYN_CH11	SYN_SEG_SPK_28	SYN_SESSION_28	SYN_SEG_1008	fricative_cog	final				Hz	requested			raw					SYN_GENERATOR_11042026	SYNTHETIC_TEACHING_FIXTURE
REQ_SYN_SEG_1009_vot	SYN_CH11	SYN_SEG_SPK_29	SYN_SESSION_29	SYN_SEG_1009	vot	initial				ms	requested			raw					SYN_GENERATOR_11042026	SYNTHETIC_TEACHING_FIXTURE
REQ_SYN_SEG_1009_closure_duration	SYN_CH11	SYN_SEG_SPK_29	SYN_SESSION_29	SYN_SEG_1009	closure_duration	initial				ms	requested			raw					SYN_GENERATOR_11042026	SYNTHETIC_TEACHING_FIXTURE
REQ_SYN_SEG_1009_vowel_onset_f0	SYN_CH11	SYN_SEG_SPK_29	SYN_SESSION_29	SYN_SEG_1009	vowel_onset_f0	initial				Hz	requested			raw					SYN_GENERATOR_11042026	SYNTHETIC_TEACHING_FIXTURE
REQ_SYN_SEG_1010_vot	SYN_CH11	SYN_SEG_SPK_29	SYN_SESSION_29	SYN_SEG_1010	vot	medial				ms	requested			raw					SYN_GENERATOR_11042026	SYNTHETIC_TEACHING_FIXTURE
REQ_SYN_SEG_1010_closure_duration	SYN_CH11	SYN_SEG_SPK_29	SYN_SESSION_29	SYN_SEG_1010	closure_duration	medial				ms	requested			raw					SYN_GENERATOR_11042026	SYNTHETIC_TEACHING_FIXTURE
REQ_SYN_SEG_1010_vowel_onset_f0	SYN_CH11	SYN_SEG_SPK_29	SYN_SESSION_29	SYN_SEG_1010	vowel_onset_f0	medial				Hz	requested			raw					SYN_GENERATOR_11042026	SYNTHETIC_TEACHING_FIXTURE
REQ_SYN_SEG_1011_vot	SYN_CH11	SYN_SEG_SPK_29	SYN_SESSION_29	SYN_SEG_1011	vot	final				ms	requested			raw					SYN_GENERATOR_11042026	SYNTHETIC_TEACHING_FIXTURE
REQ_SYN_SEG_1011_closure_duration	SYN_CH11	SYN_SEG_SPK_29	SYN_SESSION_29	SYN_SEG_1011	closure_duration	final				ms	requested			raw					SYN_GENERATOR_11042026	SYNTHETIC_TEACHING_FIXTURE
REQ_SYN_SEG_1011_vowel_onset_f0	SYN_CH11	SYN_SEG_SPK_29	SYN_SESSION_29	SYN_SEG_1011	vowel_onset_f0	final				Hz	requested			raw					SYN_GENERATOR_11042026	SYNTHETIC_TEACHING_FIXTURE
REQ_SYN_SEG_1012_vot	SYN_CH11	SYN_SEG_SPK_29	SYN_SESSION_29	SYN_SEG_1012	vot	initial				ms	requested			raw					SYN_GENERATOR_11042026	SYNTHETIC_TEACHING_FIXTURE
REQ_SYN_SEG_1012_closure_duration	SYN_CH11	SYN_SEG_SPK_29	SYN_SESSION_29	SYN_SEG_1012	closure_duration	initial				ms	requested			raw					SYN_GENERATOR_11042026	SYNTHETIC_TEACHING_FIXTURE
REQ_SYN_SEG_1012_vowel_onset_f0	SYN_CH11	SYN_SEG_SPK_29	SYN_SESSION_29	SYN_SEG_1012	vowel_onset_f0	initial				Hz	requested			raw					SYN_GENERATOR_11042026	SYNTHETIC_TEACHING_FIXTURE
REQ_SYN_SEG_1013_vot	SYN_CH11	SYN_SEG_SPK_29	SYN_SESSION_29	SYN_SEG_1013	vot	medial				ms	requested			raw					SYN_GENERATOR_11042026	SYNTHETIC_TEACHING_FIXTURE
REQ_SYN_SEG_1013_closure_duration	SYN_CH11	SYN_SEG_SPK_29	SYN_SESSION_29	SYN_SEG_1013	closure_duration	medial				ms	requested			raw					SYN_GENERATOR_11042026	SYNTHETIC_TEACHING_FIXTURE
REQ_SYN_SEG_1013_vowel_onset_f0	SYN_CH11	SYN_SEG_SPK_29	SYN_SESSION_29	SYN_SEG_1013	vowel_onset_f0	medial				Hz	requested			raw					SYN_GENERATOR_11042026	SYNTHETIC_TEACHING_FIXTURE
REQ_SYN_SEG_1014_vot	SYN_CH11	SYN_SEG_SPK_29	SYN_SESSION_29	SYN_SEG_1014	vot	final				ms	requested			raw					SYN_GENERATOR_11042026	SYNTHETIC_TEACHING_FIXTURE
REQ_SYN_SEG_1014_closure_duration	SYN_CH11	SYN_SEG_SPK_29	SYN_SESSION_29	SYN_SEG_1014	closure_duration	final				ms	requested			raw					SYN_GENERATOR_11042026	SYNTHETIC_TEACHING_FIXTURE
REQ_SYN_SEG_1014_vowel_onset_f0	SYN_CH11	SYN_SEG_SPK_29	SYN_SESSION_29	SYN_SEG_1014	vowel_onset_f0	final				Hz	requested			raw					SYN_GENERATOR_11042026	SYNTHETIC_TEACHING_FIXTURE
REQ_SYN_SEG_1015_vot	SYN_CH11	SYN_SEG_SPK_29	SYN_SESSION_29	SYN_SEG_1015	vot	initial				ms	requested			raw					SYN_GENERATOR_11042026	SYNTHETIC_TEACHING_FIXTURE
REQ_SYN_SEG_1015_closure_duration	SYN_CH11	SYN_SEG_SPK_29	SYN_SESSION_29	SYN_SEG_1015	closure_duration	initial				ms	requested			raw					SYN_GENERATOR_11042026	SYNTHETIC_TEACHING_FIXTURE
REQ_SYN_SEG_1015_vowel_onset_f0	SYN_CH11	SYN_SEG_SPK_29	SYN_SESSION_29	SYN_SEG_1015	vowel_onset_f0	initial				Hz	requested			raw					SYN_GENERATOR_11042026	SYNTHETIC_TEACHING_FIXTURE
REQ_SYN_SEG_1016_vot	SYN_CH11	SYN_SEG_SPK_29	SYN_SESSION_29	SYN_SEG_1016	vot	medial				ms	requested			raw					SYN_GENERATOR_11042026	SYNTHETIC_TEACHING_FIXTURE
REQ_SYN_SEG_1016_closure_duration	SYN_CH11	SYN_SEG_SPK_29	SYN_SESSION_29	SYN_SEG_1016	closure_duration	medial				ms	requested			raw					SYN_GENERATOR_11042026	SYNTHETIC_TEACHING_FIXTURE
REQ_SYN_SEG_1016_vowel_onset_f0	SYN_CH11	SYN_SEG_SPK_29	SYN_SESSION_29	SYN_SEG_1016	vowel_onset_f0	medial				Hz	requested			raw					SYN_GENERATOR_11042026	SYNTHETIC_TEACHING_FIXTURE
REQ_SYN_SEG_1017_vot	SYN_CH11	SYN_SEG_SPK_29	SYN_SESSION_29	SYN_SEG_1017	vot	final				ms	requested			raw					SYN_GENERATOR_11042026	SYNTHETIC_TEACHING_FIXTURE
REQ_SYN_SEG_1017_closure_duration	SYN_CH11	SYN_SEG_SPK_29	SYN_SESSION_29	SYN_SEG_1017	closure_duration	final				ms	requested			raw					SYN_GENERATOR_11042026	SYNTHETIC_TEACHING_FIXTURE
REQ_SYN_SEG_1017_vowel_onset_f0	SYN_CH11	SYN_SEG_SPK_29	SYN_SESSION_29	SYN_SEG_1017	vowel_onset_f0	final				Hz	requested			raw					SYN_GENERATOR_11042026	SYNTHETIC_TEACHING_FIXTURE
REQ_SYN_SEG_1018_vot	SYN_CH11	SYN_SEG_SPK_29	SYN_SESSION_29	SYN_SEG_1018	vot	initial				ms	requested			raw					SYN_GENERATOR_11042026	SYNTHETIC_TEACHING_FIXTURE
REQ_SYN_SEG_1018_closure_duration	SYN_CH11	SYN_SEG_SPK_29	SYN_SESSION_29	SYN_SEG_1018	closure_duration	initial				ms	requested			raw					SYN_GENERATOR_11042026	SYNTHETIC_TEACHING_FIXTURE
REQ_SYN_SEG_1018_vowel_onset_f0	SYN_CH11	SYN_SEG_SPK_29	SYN_SESSION_29	SYN_SEG_1018	vowel_onset_f0	initial				Hz	requested			raw					SYN_GENERATOR_11042026	SYNTHETIC_TEACHING_FIXTURE
REQ_SYN_SEG_1019_vot	SYN_CH11	SYN_SEG_SPK_29	SYN_SESSION_29	SYN_SEG_1019	vot	medial				ms	requested			raw					SYN_GENERATOR_11042026	SYNTHETIC_TEACHING_FIXTURE
REQ_SYN_SEG_1019_closure_duration	SYN_CH11	SYN_SEG_SPK_29	SYN_SESSION_29	SYN_SEG_1019	closure_duration	medial				ms	requested			raw					SYN_GENERATOR_11042026	SYNTHETIC_TEACHING_FIXTURE
REQ_SYN_SEG_1019_vowel_onset_f0	SYN_CH11	SYN_SEG_SPK_29	SYN_SESSION_29	SYN_SEG_1019	vowel_onset_f0	medial				Hz	requested			raw					SYN_GENERATOR_11042026	SYNTHETIC_TEACHING_FIXTURE
REQ_SYN_SEG_1020_vot	SYN_CH11	SYN_SEG_SPK_29	SYN_SESSION_29	SYN_SEG_1020	vot	final				ms	requested			raw					SYN_GENERATOR_11042026	SYNTHETIC_TEACHING_FIXTURE
REQ_SYN_SEG_1020_closure_duration	SYN_CH11	SYN_SEG_SPK_29	SYN_SESSION_29	SYN_SEG_1020	closure_duration	final				ms	requested			raw					SYN_GENERATOR_11042026	SYNTHETIC_TEACHING_FIXTURE
REQ_SYN_SEG_1020_vowel_onset_f0	SYN_CH11	SYN_SEG_SPK_29	SYN_SESSION_29	SYN_SEG_1020	vowel_onset_f0	final				Hz	requested			raw					SYN_GENERATOR_11042026	SYNTHETIC_TEACHING_FIXTURE
REQ_SYN_SEG_1021_vowel_duration	SYN_CH11	SYN_SEG_SPK_29	SYN_SESSION_29	SYN_SEG_1021	vowel_duration	initial				ms	requested		evaluation	raw					SYN_GENERATOR_11042026	SYNTHETIC_TEACHING_FIXTURE
REQ_SYN_SEG_1021_f1	SYN_CH11	SYN_SEG_SPK_29	SYN_SESSION_29	SYN_SEG_1021	f1	initial				Hz	requested		evaluation	raw					SYN_GENERATOR_11042026	SYNTHETIC_TEACHING_FIXTURE
REQ_SYN_SEG_1021_f2	SYN_CH11	SYN_SEG_SPK_29	SYN_SESSION_29	SYN_SEG_1021	f2	initial				Hz	requested		evaluation	raw					SYN_GENERATOR_11042026	SYNTHETIC_TEACHING_FIXTURE
REQ_SYN_SEG_1021_f3	SYN_CH11	SYN_SEG_SPK_29	SYN_SESSION_29	SYN_SEG_1021	f3	initial				Hz	requested		evaluation	raw					SYN_GENERATOR_11042026	SYNTHETIC_TEACHING_FIXTURE
REQ_SYN_SEG_1022_vowel_duration	SYN_CH11	SYN_SEG_SPK_29	SYN_SESSION_29	SYN_SEG_1022	vowel_duration	medial				ms	requested		evaluation	raw					SYN_GENERATOR_11042026	SYNTHETIC_TEACHING_FIXTURE
REQ_SYN_SEG_1022_f1	SYN_CH11	SYN_SEG_SPK_29	SYN_SESSION_29	SYN_SEG_1022	f1	medial				Hz	requested		evaluation	raw					SYN_GENERATOR_11042026	SYNTHETIC_TEACHING_FIXTURE
REQ_SYN_SEG_1022_f2	SYN_CH11	SYN_SEG_SPK_29	SYN_SESSION_29	SYN_SEG_1022	f2	medial				Hz	requested		evaluation	raw					SYN_GENERATOR_11042026	SYNTHETIC_TEACHING_FIXTURE
REQ_SYN_SEG_1022_f3	SYN_CH11	SYN_SEG_SPK_29	SYN_SESSION_29	SYN_SEG_1022	f3	medial				Hz	requested		evaluation	raw					SYN_GENERATOR_11042026	SYNTHETIC_TEACHING_FIXTURE
REQ_SYN_SEG_1023_vowel_duration	SYN_CH11	SYN_SEG_SPK_29	SYN_SESSION_29	SYN_SEG_1023	vowel_duration	final				ms	requested		evaluation	raw					SYN_GENERATOR_11042026	SYNTHETIC_TEACHING_FIXTURE
REQ_SYN_SEG_1023_f1	SYN_CH11	SYN_SEG_SPK_29	SYN_SESSION_29	SYN_SEG_1023	f1	final				Hz	requested		evaluation	raw					SYN_GENERATOR_11042026	SYNTHETIC_TEACHING_FIXTURE
REQ_SYN_SEG_1023_f2	SYN_CH11	SYN_SEG_SPK_29	SYN_SESSION_29	SYN_SEG_1023	f2	final				Hz	requested		evaluation	raw					SYN_GENERATOR_11042026	SYNTHETIC_TEACHING_FIXTURE
REQ_SYN_SEG_1023_f3	SYN_CH11	SYN_SEG_SPK_29	SYN_SESSION_29	SYN_SEG_1023	f3	final				Hz	requested		evaluation	raw					SYN_GENERATOR_11042026	SYNTHETIC_TEACHING_FIXTURE
REQ_SYN_SEG_1024_vowel_duration	SYN_CH11	SYN_SEG_SPK_29	SYN_SESSION_29	SYN_SEG_1024	vowel_duration	initial				ms	requested		evaluation	raw					SYN_GENERATOR_11042026	SYNTHETIC_TEACHING_FIXTURE
REQ_SYN_SEG_1024_f1	SYN_CH11	SYN_SEG_SPK_29	SYN_SESSION_29	SYN_SEG_1024	f1	initial				Hz	requested		evaluation	raw					SYN_GENERATOR_11042026	SYNTHETIC_TEACHING_FIXTURE
REQ_SYN_SEG_1024_f2	SYN_CH11	SYN_SEG_SPK_29	SYN_SESSION_29	SYN_SEG_1024	f2	initial				Hz	requested		evaluation	raw					SYN_GENERATOR_11042026	SYNTHETIC_TEACHING_FIXTURE
REQ_SYN_SEG_1024_f3	SYN_CH11	SYN_SEG_SPK_29	SYN_SESSION_29	SYN_SEG_1024	f3	initial				Hz	requested		evaluation	raw					SYN_GENERATOR_11042026	SYNTHETIC_TEACHING_FIXTURE
REQ_SYN_SEG_1025_vowel_duration	SYN_CH11	SYN_SEG_SPK_29	SYN_SESSION_29	SYN_SEG_1025	vowel_duration	medial				ms	requested		evaluation	raw					SYN_GENERATOR_11042026	SYNTHETIC_TEACHING_FIXTURE
REQ_SYN_SEG_1025_f1	SYN_CH11	SYN_SEG_SPK_29	SYN_SESSION_29	SYN_SEG_1025	f1	medial				Hz	requested		evaluation	raw					SYN_GENERATOR_11042026	SYNTHETIC_TEACHING_FIXTURE
REQ_SYN_SEG_1025_f2	SYN_CH11	SYN_SEG_SPK_29	SYN_SESSION_29	SYN_SEG_1025	f2	medial				Hz	requested		evaluation	raw					SYN_GENERATOR_11042026	SYNTHETIC_TEACHING_FIXTURE
REQ_SYN_SEG_1025_f3	SYN_CH11	SYN_SEG_SPK_29	SYN_SESSION_29	SYN_SEG_1025	f3	medial				Hz	requested		evaluation	raw					SYN_GENERATOR_11042026	SYNTHETIC_TEACHING_FIXTURE
REQ_SYN_SEG_1026_vowel_duration	SYN_CH11	SYN_SEG_SPK_29	SYN_SESSION_29	SYN_SEG_1026	vowel_duration	final				ms	requested		evaluation	raw					SYN_GENERATOR_11042026	SYNTHETIC_TEACHING_FIXTURE
REQ_SYN_SEG_1026_f1	SYN_CH11	SYN_SEG_SPK_29	SYN_SESSION_29	SYN_SEG_1026	f1	final				Hz	requested		evaluation	raw					SYN_GENERATOR_11042026	SYNTHETIC_TEACHING_FIXTURE
REQ_SYN_SEG_1026_f2	SYN_CH11	SYN_SEG_SPK_29	SYN_SESSION_29	SYN_SEG_1026	f2	final				Hz	requested		evaluation	raw					SYN_GENERATOR_11042026	SYNTHETIC_TEACHING_FIXTURE
REQ_SYN_SEG_1026_f3	SYN_CH11	SYN_SEG_SPK_29	SYN_SESSION_29	SYN_SEG_1026	f3	final				Hz	requested		evaluation	raw					SYN_GENERATOR_11042026	SYNTHETIC_TEACHING_FIXTURE
REQ_SYN_SEG_1027_vowel_duration	SYN_CH11	SYN_SEG_SPK_29	SYN_SESSION_29	SYN_SEG_1027	vowel_duration	initial				ms	requested		evaluation	raw					SYN_GENERATOR_11042026	SYNTHETIC_TEACHING_FIXTURE
REQ_SYN_SEG_1027_f1	SYN_CH11	SYN_SEG_SPK_29	SYN_SESSION_29	SYN_SEG_1027	f1	initial				Hz	requested		evaluation	raw					SYN_GENERATOR_11042026	SYNTHETIC_TEACHING_FIXTURE
REQ_SYN_SEG_1027_f2	SYN_CH11	SYN_SEG_SPK_29	SYN_SESSION_29	SYN_SEG_1027	f2	initial				Hz	requested		evaluation	raw					SYN_GENERATOR_11042026	SYNTHETIC_TEACHING_FIXTURE
REQ_SYN_SEG_1027_f3	SYN_CH11	SYN_SEG_SPK_29	SYN_SESSION_29	SYN_SEG_1027	f3	initial				Hz	requested		evaluation	raw					SYN_GENERATOR_11042026	SYNTHETIC_TEACHING_FIXTURE
REQ_SYN_SEG_1028_vowel_duration	SYN_CH11	SYN_SEG_SPK_29	SYN_SESSION_29	SYN_SEG_1028	vowel_duration	medial				ms	requested		evaluation	raw					SYN_GENERATOR_11042026	SYNTHETIC_TEACHING_FIXTURE
REQ_SYN_SEG_1028_f1	SYN_CH11	SYN_SEG_SPK_29	SYN_SESSION_29	SYN_SEG_1028	f1	medial				Hz	requested		evaluation	raw					SYN_GENERATOR_11042026	SYNTHETIC_TEACHING_FIXTURE
REQ_SYN_SEG_1028_f2	SYN_CH11	SYN_SEG_SPK_29	SYN_SESSION_29	SYN_SEG_1028	f2	medial				Hz	requested		evaluation	raw					SYN_GENERATOR_11042026	SYNTHETIC_TEACHING_FIXTURE
REQ_SYN_SEG_1028_f3	SYN_CH11	SYN_SEG_SPK_29	SYN_SESSION_29	SYN_SEG_1028	f3	medial				Hz	requested		evaluation	raw					SYN_GENERATOR_11042026	SYNTHETIC_TEACHING_FIXTURE
REQ_SYN_SEG_1029_vowel_duration	SYN_CH11	SYN_SEG_SPK_29	SYN_SESSION_29	SYN_SEG_1029	vowel_duration	final				ms	requested		evaluation	raw					SYN_GENERATOR_11042026	SYNTHETIC_TEACHING_FIXTURE
REQ_SYN_SEG_1029_f1	SYN_CH11	SYN_SEG_SPK_29	SYN_SESSION_29	SYN_SEG_1029	f1	final				Hz	requested		evaluation	raw					SYN_GENERATOR_11042026	SYNTHETIC_TEACHING_FIXTURE
REQ_SYN_SEG_1029_f2	SYN_CH11	SYN_SEG_SPK_29	SYN_SESSION_29	SYN_SEG_1029	f2	final				Hz	requested		evaluation	raw					SYN_GENERATOR_11042026	SYNTHETIC_TEACHING_FIXTURE
REQ_SYN_SEG_1029_f3	SYN_CH11	SYN_SEG_SPK_29	SYN_SESSION_29	SYN_SEG_1029	f3	final				Hz	requested		evaluation	raw					SYN_GENERATOR_11042026	SYNTHETIC_TEACHING_FIXTURE
REQ_SYN_SEG_1030_vowel_duration	SYN_CH11	SYN_SEG_SPK_29	SYN_SESSION_29	SYN_SEG_1030	vowel_duration	initial				ms	requested		evaluation	raw					SYN_GENERATOR_11042026	SYNTHETIC_TEACHING_FIXTURE
REQ_SYN_SEG_1030_f1	SYN_CH11	SYN_SEG_SPK_29	SYN_SESSION_29	SYN_SEG_1030	f1	initial				Hz	requested		evaluation	raw					SYN_GENERATOR_11042026	SYNTHETIC_TEACHING_FIXTURE
REQ_SYN_SEG_1030_f2	SYN_CH11	SYN_SEG_SPK_29	SYN_SESSION_29	SYN_SEG_1030	f2	initial				Hz	requested		evaluation	raw					SYN_GENERATOR_11042026	SYNTHETIC_TEACHING_FIXTURE
REQ_SYN_SEG_1030_f3	SYN_CH11	SYN_SEG_SPK_29	SYN_SESSION_29	SYN_SEG_1030	f3	initial				Hz	requested		evaluation	raw					SYN_GENERATOR_11042026	SYNTHETIC_TEACHING_FIXTURE
REQ_SYN_SEG_1031_vowel_duration	SYN_CH11	SYN_SEG_SPK_29	SYN_SESSION_29	SYN_SEG_1031	vowel_duration	medial				ms	requested		evaluation	raw					SYN_GENERATOR_11042026	SYNTHETIC_TEACHING_FIXTURE
REQ_SYN_SEG_1031_f1	SYN_CH11	SYN_SEG_SPK_29	SYN_SESSION_29	SYN_SEG_1031	f1	medial				Hz	requested		evaluation	raw					SYN_GENERATOR_11042026	SYNTHETIC_TEACHING_FIXTURE
REQ_SYN_SEG_1031_f2	SYN_CH11	SYN_SEG_SPK_29	SYN_SESSION_29	SYN_SEG_1031	f2	medial				Hz	requested		evaluation	raw					SYN_GENERATOR_11042026	SYNTHETIC_TEACHING_FIXTURE
REQ_SYN_SEG_1031_f3	SYN_CH11	SYN_SEG_SPK_29	SYN_SESSION_29	SYN_SEG_1031	f3	medial				Hz	requested		evaluation	raw					SYN_GENERATOR_11042026	SYNTHETIC_TEACHING_FIXTURE
REQ_SYN_SEG_1032_vowel_duration	SYN_CH11	SYN_SEG_SPK_29	SYN_SESSION_29	SYN_SEG_1032	vowel_duration	final				ms	requested		evaluation	raw					SYN_GENERATOR_11042026	SYNTHETIC_TEACHING_FIXTURE
REQ_SYN_SEG_1032_f1	SYN_CH11	SYN_SEG_SPK_29	SYN_SESSION_29	SYN_SEG_1032	f1	final				Hz	requested		evaluation	raw					SYN_GENERATOR_11042026	SYNTHETIC_TEACHING_FIXTURE
REQ_SYN_SEG_1032_f2	SYN_CH11	SYN_SEG_SPK_29	SYN_SESSION_29	SYN_SEG_1032	f2	final				Hz	requested		evaluation	raw					SYN_GENERATOR_11042026	SYNTHETIC_TEACHING_FIXTURE
REQ_SYN_SEG_1032_f3	SYN_CH11	SYN_SEG_SPK_29	SYN_SESSION_29	SYN_SEG_1032	f3	final				Hz	requested		evaluation	raw					SYN_GENERATOR_11042026	SYNTHETIC_TEACHING_FIXTURE
REQ_SYN_SEG_1033_fricative_duration	SYN_CH11	SYN_SEG_SPK_29	SYN_SESSION_29	SYN_SEG_1033	fricative_duration	initial				ms	requested			raw					SYN_GENERATOR_11042026	SYNTHETIC_TEACHING_FIXTURE
REQ_SYN_SEG_1033_fricative_cog	SYN_CH11	SYN_SEG_SPK_29	SYN_SESSION_29	SYN_SEG_1033	fricative_cog	initial				Hz	requested			raw					SYN_GENERATOR_11042026	SYNTHETIC_TEACHING_FIXTURE
REQ_SYN_SEG_1034_fricative_duration	SYN_CH11	SYN_SEG_SPK_29	SYN_SESSION_29	SYN_SEG_1034	fricative_duration	medial				ms	requested			raw					SYN_GENERATOR_11042026	SYNTHETIC_TEACHING_FIXTURE
REQ_SYN_SEG_1034_fricative_cog	SYN_CH11	SYN_SEG_SPK_29	SYN_SESSION_29	SYN_SEG_1034	fricative_cog	medial				Hz	requested			raw					SYN_GENERATOR_11042026	SYNTHETIC_TEACHING_FIXTURE
REQ_SYN_SEG_1035_fricative_duration	SYN_CH11	SYN_SEG_SPK_29	SYN_SESSION_29	SYN_SEG_1035	fricative_duration	final				ms	requested			raw					SYN_GENERATOR_11042026	SYNTHETIC_TEACHING_FIXTURE
REQ_SYN_SEG_1035_fricative_cog	SYN_CH11	SYN_SEG_SPK_29	SYN_SESSION_29	SYN_SEG_1035	fricative_cog	final				Hz	requested			raw					SYN_GENERATOR_11042026	SYNTHETIC_TEACHING_FIXTURE
REQ_SYN_SEG_1036_fricative_duration	SYN_CH11	SYN_SEG_SPK_29	SYN_SESSION_29	SYN_SEG_1036	fricative_duration	initial				ms	requested			raw					SYN_GENERATOR_11042026	SYNTHETIC_TEACHING_FIXTURE
REQ_SYN_SEG_1036_fricative_cog	SYN_CH11	SYN_SEG_SPK_29	SYN_SESSION_29	SYN_SEG_1036	fricative_cog	initial				Hz	requested			raw					SYN_GENERATOR_11042026	SYNTHETIC_TEACHING_FIXTURE
REQ_SYN_SEG_1037_fricative_duration	SYN_CH11	SYN_SEG_SPK_29	SYN_SESSION_29	SYN_SEG_1037	fricative_duration	medial				ms	requested			raw					SYN_GENERATOR_11042026	SYNTHETIC_TEACHING_FIXTURE
REQ_SYN_SEG_1037_fricative_cog	SYN_CH11	SYN_SEG_SPK_29	SYN_SESSION_29	SYN_SEG_1037	fricative_cog	medial				Hz	requested			raw					SYN_GENERATOR_11042026	SYNTHETIC_TEACHING_FIXTURE
REQ_SYN_SEG_1038_fricative_duration	SYN_CH11	SYN_SEG_SPK_29	SYN_SESSION_29	SYN_SEG_1038	fricative_duration	final				ms	requested			raw					SYN_GENERATOR_11042026	SYNTHETIC_TEACHING_FIXTURE
REQ_SYN_SEG_1038_fricative_cog	SYN_CH11	SYN_SEG_SPK_29	SYN_SESSION_29	SYN_SEG_1038	fricative_cog	final				Hz	requested			raw					SYN_GENERATOR_11042026	SYNTHETIC_TEACHING_FIXTURE
REQ_SYN_SEG_1039_fricative_duration	SYN_CH11	SYN_SEG_SPK_29	SYN_SESSION_29	SYN_SEG_1039	fricative_duration	initial				ms	requested			raw					SYN_GENERATOR_11042026	SYNTHETIC_TEACHING_FIXTURE
REQ_SYN_SEG_1039_fricative_cog	SYN_CH11	SYN_SEG_SPK_29	SYN_SESSION_29	SYN_SEG_1039	fricative_cog	initial				Hz	requested			raw					SYN_GENERATOR_11042026	SYNTHETIC_TEACHING_FIXTURE
REQ_SYN_SEG_1040_fricative_duration	SYN_CH11	SYN_SEG_SPK_29	SYN_SESSION_29	SYN_SEG_1040	fricative_duration	medial				ms	requested			raw					SYN_GENERATOR_11042026	SYNTHETIC_TEACHING_FIXTURE
REQ_SYN_SEG_1040_fricative_cog	SYN_CH11	SYN_SEG_SPK_29	SYN_SESSION_29	SYN_SEG_1040	fricative_cog	medial				Hz	requested			raw					SYN_GENERATOR_11042026	SYNTHETIC_TEACHING_FIXTURE
REQ_SYN_SEG_1041_fricative_duration	SYN_CH11	SYN_SEG_SPK_29	SYN_SESSION_29	SYN_SEG_1041	fricative_duration	final				ms	requested			raw					SYN_GENERATOR_11042026	SYNTHETIC_TEACHING_FIXTURE
REQ_SYN_SEG_1041_fricative_cog	SYN_CH11	SYN_SEG_SPK_29	SYN_SESSION_29	SYN_SEG_1041	fricative_cog	final				Hz	requested			raw					SYN_GENERATOR_11042026	SYNTHETIC_TEACHING_FIXTURE
REQ_SYN_SEG_1042_fricative_duration	SYN_CH11	SYN_SEG_SPK_29	SYN_SESSION_29	SYN_SEG_1042	fricative_duration	initial				ms	requested			raw					SYN_GENERATOR_11042026	SYNTHETIC_TEACHING_FIXTURE
REQ_SYN_SEG_1042_fricative_cog	SYN_CH11	SYN_SEG_SPK_29	SYN_SESSION_29	SYN_SEG_1042	fricative_cog	initial				Hz	requested			raw					SYN_GENERATOR_11042026	SYNTHETIC_TEACHING_FIXTURE
REQ_SYN_SEG_1043_fricative_duration	SYN_CH11	SYN_SEG_SPK_29	SYN_SESSION_29	SYN_SEG_1043	fricative_duration	medial				ms	requested			raw					SYN_GENERATOR_11042026	SYNTHETIC_TEACHING_FIXTURE
REQ_SYN_SEG_1043_fricative_cog	SYN_CH11	SYN_SEG_SPK_29	SYN_SESSION_29	SYN_SEG_1043	fricative_cog	medial				Hz	requested			raw					SYN_GENERATOR_11042026	SYNTHETIC_TEACHING_FIXTURE
REQ_SYN_SEG_1044_fricative_duration	SYN_CH11	SYN_SEG_SPK_29	SYN_SESSION_29	SYN_SEG_1044	fricative_duration	final				ms	requested			raw					SYN_GENERATOR_11042026	SYNTHETIC_TEACHING_FIXTURE
REQ_SYN_SEG_1044_fricative_cog	SYN_CH11	SYN_SEG_SPK_29	SYN_SESSION_29	SYN_SEG_1044	fricative_cog	final				Hz	requested			raw					SYN_GENERATOR_11042026	SYNTHETIC_TEACHING_FIXTURE
REQ_SYN_SEG_1045_vot	SYN_CH11	SYN_SEG_SPK_30	SYN_SESSION_30	SYN_SEG_1045	vot	initial				ms	requested			raw					SYN_GENERATOR_11042026	SYNTHETIC_TEACHING_FIXTURE
REQ_SYN_SEG_1045_closure_duration	SYN_CH11	SYN_SEG_SPK_30	SYN_SESSION_30	SYN_SEG_1045	closure_duration	initial				ms	requested			raw					SYN_GENERATOR_11042026	SYNTHETIC_TEACHING_FIXTURE
REQ_SYN_SEG_1045_vowel_onset_f0	SYN_CH11	SYN_SEG_SPK_30	SYN_SESSION_30	SYN_SEG_1045	vowel_onset_f0	initial				Hz	requested			raw					SYN_GENERATOR_11042026	SYNTHETIC_TEACHING_FIXTURE
REQ_SYN_SEG_1046_vot	SYN_CH11	SYN_SEG_SPK_30	SYN_SESSION_30	SYN_SEG_1046	vot	medial				ms	requested			raw					SYN_GENERATOR_11042026	SYNTHETIC_TEACHING_FIXTURE
REQ_SYN_SEG_1046_closure_duration	SYN_CH11	SYN_SEG_SPK_30	SYN_SESSION_30	SYN_SEG_1046	closure_duration	medial				ms	requested			raw					SYN_GENERATOR_11042026	SYNTHETIC_TEACHING_FIXTURE
REQ_SYN_SEG_1046_vowel_onset_f0	SYN_CH11	SYN_SEG_SPK_30	SYN_SESSION_30	SYN_SEG_1046	vowel_onset_f0	medial				Hz	requested			raw					SYN_GENERATOR_11042026	SYNTHETIC_TEACHING_FIXTURE
REQ_SYN_SEG_1047_vot	SYN_CH11	SYN_SEG_SPK_30	SYN_SESSION_30	SYN_SEG_1047	vot	final				ms	requested			raw					SYN_GENERATOR_11042026	SYNTHETIC_TEACHING_FIXTURE
REQ_SYN_SEG_1047_closure_duration	SYN_CH11	SYN_SEG_SPK_30	SYN_SESSION_30	SYN_SEG_1047	closure_duration	final				ms	requested			raw					SYN_GENERATOR_11042026	SYNTHETIC_TEACHING_FIXTURE
REQ_SYN_SEG_1047_vowel_onset_f0	SYN_CH11	SYN_SEG_SPK_30	SYN_SESSION_30	SYN_SEG_1047	vowel_onset_f0	final				Hz	requested			raw					SYN_GENERATOR_11042026	SYNTHETIC_TEACHING_FIXTURE
REQ_SYN_SEG_1048_vot	SYN_CH11	SYN_SEG_SPK_30	SYN_SESSION_30	SYN_SEG_1048	vot	initial				ms	requested			raw					SYN_GENERATOR_11042026	SYNTHETIC_TEACHING_FIXTURE
REQ_SYN_SEG_1048_closure_duration	SYN_CH11	SYN_SEG_SPK_30	SYN_SESSION_30	SYN_SEG_1048	closure_duration	initial				ms	requested			raw					SYN_GENERATOR_11042026	SYNTHETIC_TEACHING_FIXTURE
REQ_SYN_SEG_1048_vowel_onset_f0	SYN_CH11	SYN_SEG_SPK_30	SYN_SESSION_30	SYN_SEG_1048	vowel_onset_f0	initial				Hz	requested			raw					SYN_GENERATOR_11042026	SYNTHETIC_TEACHING_FIXTURE
REQ_SYN_SEG_1049_vot	SYN_CH11	SYN_SEG_SPK_30	SYN_SESSION_30	SYN_SEG_1049	vot	medial				ms	requested			raw					SYN_GENERATOR_11042026	SYNTHETIC_TEACHING_FIXTURE
REQ_SYN_SEG_1049_closure_duration	SYN_CH11	SYN_SEG_SPK_30	SYN_SESSION_30	SYN_SEG_1049	closure_duration	medial				ms	requested			raw					SYN_GENERATOR_11042026	SYNTHETIC_TEACHING_FIXTURE
REQ_SYN_SEG_1049_vowel_onset_f0	SYN_CH11	SYN_SEG_SPK_30	SYN_SESSION_30	SYN_SEG_1049	vowel_onset_f0	medial				Hz	requested			raw					SYN_GENERATOR_11042026	SYNTHETIC_TEACHING_FIXTURE
REQ_SYN_SEG_1050_vot	SYN_CH11	SYN_SEG_SPK_30	SYN_SESSION_30	SYN_SEG_1050	vot	final				ms	requested			raw					SYN_GENERATOR_11042026	SYNTHETIC_TEACHING_FIXTURE
REQ_SYN_SEG_1050_closure_duration	SYN_CH11	SYN_SEG_SPK_30	SYN_SESSION_30	SYN_SEG_1050	closure_duration	final				ms	requested			raw					SYN_GENERATOR_11042026	SYNTHETIC_TEACHING_FIXTURE
REQ_SYN_SEG_1050_vowel_onset_f0	SYN_CH11	SYN_SEG_SPK_30	SYN_SESSION_30	SYN_SEG_1050	vowel_onset_f0	final				Hz	requested			raw					SYN_GENERATOR_11042026	SYNTHETIC_TEACHING_FIXTURE
REQ_SYN_SEG_1051_vot	SYN_CH11	SYN_SEG_SPK_30	SYN_SESSION_30	SYN_SEG_1051	vot	initial				ms	requested			raw					SYN_GENERATOR_11042026	SYNTHETIC_TEACHING_FIXTURE
REQ_SYN_SEG_1051_closure_duration	SYN_CH11	SYN_SEG_SPK_30	SYN_SESSION_30	SYN_SEG_1051	closure_duration	initial				ms	requested			raw					SYN_GENERATOR_11042026	SYNTHETIC_TEACHING_FIXTURE
REQ_SYN_SEG_1051_vowel_onset_f0	SYN_CH11	SYN_SEG_SPK_30	SYN_SESSION_30	SYN_SEG_1051	vowel_onset_f0	initial				Hz	requested			raw					SYN_GENERATOR_11042026	SYNTHETIC_TEACHING_FIXTURE
REQ_SYN_SEG_1052_vot	SYN_CH11	SYN_SEG_SPK_30	SYN_SESSION_30	SYN_SEG_1052	vot	medial				ms	requested			raw					SYN_GENERATOR_11042026	SYNTHETIC_TEACHING_FIXTURE
REQ_SYN_SEG_1052_closure_duration	SYN_CH11	SYN_SEG_SPK_30	SYN_SESSION_30	SYN_SEG_1052	closure_duration	medial				ms	requested			raw					SYN_GENERATOR_11042026	SYNTHETIC_TEACHING_FIXTURE
REQ_SYN_SEG_1052_vowel_onset_f0	SYN_CH11	SYN_SEG_SPK_30	SYN_SESSION_30	SYN_SEG_1052	vowel_onset_f0	medial				Hz	requested			raw					SYN_GENERATOR_11042026	SYNTHETIC_TEACHING_FIXTURE
REQ_SYN_SEG_1053_vot	SYN_CH11	SYN_SEG_SPK_30	SYN_SESSION_30	SYN_SEG_1053	vot	final				ms	requested			raw					SYN_GENERATOR_11042026	SYNTHETIC_TEACHING_FIXTURE
REQ_SYN_SEG_1053_closure_duration	SYN_CH11	SYN_SEG_SPK_30	SYN_SESSION_30	SYN_SEG_1053	closure_duration	final				ms	requested			raw					SYN_GENERATOR_11042026	SYNTHETIC_TEACHING_FIXTURE
REQ_SYN_SEG_1053_vowel_onset_f0	SYN_CH11	SYN_SEG_SPK_30	SYN_SESSION_30	SYN_SEG_1053	vowel_onset_f0	final				Hz	requested			raw					SYN_GENERATOR_11042026	SYNTHETIC_TEACHING_FIXTURE
REQ_SYN_SEG_1054_vot	SYN_CH11	SYN_SEG_SPK_30	SYN_SESSION_30	SYN_SEG_1054	vot	initial				ms	requested			raw					SYN_GENERATOR_11042026	SYNTHETIC_TEACHING_FIXTURE
REQ_SYN_SEG_1054_closure_duration	SYN_CH11	SYN_SEG_SPK_30	SYN_SESSION_30	SYN_SEG_1054	closure_duration	initial				ms	requested			raw					SYN_GENERATOR_11042026	SYNTHETIC_TEACHING_FIXTURE
REQ_SYN_SEG_1054_vowel_onset_f0	SYN_CH11	SYN_SEG_SPK_30	SYN_SESSION_30	SYN_SEG_1054	vowel_onset_f0	initial				Hz	requested			raw					SYN_GENERATOR_11042026	SYNTHETIC_TEACHING_FIXTURE
REQ_SYN_SEG_1055_vot	SYN_CH11	SYN_SEG_SPK_30	SYN_SESSION_30	SYN_SEG_1055	vot	medial				ms	requested			raw					SYN_GENERATOR_11042026	SYNTHETIC_TEACHING_FIXTURE
REQ_SYN_SEG_1055_closure_duration	SYN_CH11	SYN_SEG_SPK_30	SYN_SESSION_30	SYN_SEG_1055	closure_duration	medial				ms	requested			raw					SYN_GENERATOR_11042026	SYNTHETIC_TEACHING_FIXTURE
REQ_SYN_SEG_1055_vowel_onset_f0	SYN_CH11	SYN_SEG_SPK_30	SYN_SESSION_30	SYN_SEG_1055	vowel_onset_f0	medial				Hz	requested			raw					SYN_GENERATOR_11042026	SYNTHETIC_TEACHING_FIXTURE
REQ_SYN_SEG_1056_vot	SYN_CH11	SYN_SEG_SPK_30	SYN_SESSION_30	SYN_SEG_1056	vot	final				ms	requested			raw					SYN_GENERATOR_11042026	SYNTHETIC_TEACHING_FIXTURE
REQ_SYN_SEG_1056_closure_duration	SYN_CH11	SYN_SEG_SPK_30	SYN_SESSION_30	SYN_SEG_1056	closure_duration	final				ms	requested			raw					SYN_GENERATOR_11042026	SYNTHETIC_TEACHING_FIXTURE
REQ_SYN_SEG_1056_vowel_onset_f0	SYN_CH11	SYN_SEG_SPK_30	SYN_SESSION_30	SYN_SEG_1056	vowel_onset_f0	final				Hz	requested			raw					SYN_GENERATOR_11042026	SYNTHETIC_TEACHING_FIXTURE
REQ_SYN_SEG_1057_vowel_duration	SYN_CH11	SYN_SEG_SPK_30	SYN_SESSION_30	SYN_SEG_1057	vowel_duration	initial				ms	requested		evaluation	raw					SYN_GENERATOR_11042026	SYNTHETIC_TEACHING_FIXTURE
REQ_SYN_SEG_1057_f1	SYN_CH11	SYN_SEG_SPK_30	SYN_SESSION_30	SYN_SEG_1057	f1	initial				Hz	requested		evaluation	raw					SYN_GENERATOR_11042026	SYNTHETIC_TEACHING_FIXTURE
REQ_SYN_SEG_1057_f2	SYN_CH11	SYN_SEG_SPK_30	SYN_SESSION_30	SYN_SEG_1057	f2	initial				Hz	requested		evaluation	raw					SYN_GENERATOR_11042026	SYNTHETIC_TEACHING_FIXTURE
REQ_SYN_SEG_1057_f3	SYN_CH11	SYN_SEG_SPK_30	SYN_SESSION_30	SYN_SEG_1057	f3	initial				Hz	requested		evaluation	raw					SYN_GENERATOR_11042026	SYNTHETIC_TEACHING_FIXTURE
REQ_SYN_SEG_1058_vowel_duration	SYN_CH11	SYN_SEG_SPK_30	SYN_SESSION_30	SYN_SEG_1058	vowel_duration	medial				ms	requested		evaluation	raw					SYN_GENERATOR_11042026	SYNTHETIC_TEACHING_FIXTURE
REQ_SYN_SEG_1058_f1	SYN_CH11	SYN_SEG_SPK_30	SYN_SESSION_30	SYN_SEG_1058	f1	medial				Hz	requested		evaluation	raw					SYN_GENERATOR_11042026	SYNTHETIC_TEACHING_FIXTURE
REQ_SYN_SEG_1058_f2	SYN_CH11	SYN_SEG_SPK_30	SYN_SESSION_30	SYN_SEG_1058	f2	medial				Hz	requested		evaluation	raw					SYN_GENERATOR_11042026	SYNTHETIC_TEACHING_FIXTURE
REQ_SYN_SEG_1058_f3	SYN_CH11	SYN_SEG_SPK_30	SYN_SESSION_30	SYN_SEG_1058	f3	medial				Hz	requested		evaluation	raw					SYN_GENERATOR_11042026	SYNTHETIC_TEACHING_FIXTURE
REQ_SYN_SEG_1059_vowel_duration	SYN_CH11	SYN_SEG_SPK_30	SYN_SESSION_30	SYN_SEG_1059	vowel_duration	final				ms	requested		evaluation	raw					SYN_GENERATOR_11042026	SYNTHETIC_TEACHING_FIXTURE
REQ_SYN_SEG_1059_f1	SYN_CH11	SYN_SEG_SPK_30	SYN_SESSION_30	SYN_SEG_1059	f1	final				Hz	requested		evaluation	raw					SYN_GENERATOR_11042026	SYNTHETIC_TEACHING_FIXTURE
REQ_SYN_SEG_1059_f2	SYN_CH11	SYN_SEG_SPK_30	SYN_SESSION_30	SYN_SEG_1059	f2	final				Hz	requested		evaluation	raw					SYN_GENERATOR_11042026	SYNTHETIC_TEACHING_FIXTURE
REQ_SYN_SEG_1059_f3	SYN_CH11	SYN_SEG_SPK_30	SYN_SESSION_30	SYN_SEG_1059	f3	final				Hz	requested		evaluation	raw					SYN_GENERATOR_11042026	SYNTHETIC_TEACHING_FIXTURE
REQ_SYN_SEG_1060_vowel_duration	SYN_CH11	SYN_SEG_SPK_30	SYN_SESSION_30	SYN_SEG_1060	vowel_duration	initial				ms	requested		evaluation	raw					SYN_GENERATOR_11042026	SYNTHETIC_TEACHING_FIXTURE
REQ_SYN_SEG_1060_f1	SYN_CH11	SYN_SEG_SPK_30	SYN_SESSION_30	SYN_SEG_1060	f1	initial				Hz	requested		evaluation	raw					SYN_GENERATOR_11042026	SYNTHETIC_TEACHING_FIXTURE
REQ_SYN_SEG_1060_f2	SYN_CH11	SYN_SEG_SPK_30	SYN_SESSION_30	SYN_SEG_1060	f2	initial				Hz	requested		evaluation	raw					SYN_GENERATOR_11042026	SYNTHETIC_TEACHING_FIXTURE
REQ_SYN_SEG_1060_f3	SYN_CH11	SYN_SEG_SPK_30	SYN_SESSION_30	SYN_SEG_1060	f3	initial				Hz	requested		evaluation	raw					SYN_GENERATOR_11042026	SYNTHETIC_TEACHING_FIXTURE
REQ_SYN_SEG_1061_vowel_duration	SYN_CH11	SYN_SEG_SPK_30	SYN_SESSION_30	SYN_SEG_1061	vowel_duration	medial				ms	requested		evaluation	raw					SYN_GENERATOR_11042026	SYNTHETIC_TEACHING_FIXTURE
REQ_SYN_SEG_1061_f1	SYN_CH11	SYN_SEG_SPK_30	SYN_SESSION_30	SYN_SEG_1061	f1	medial				Hz	requested		evaluation	raw					SYN_GENERATOR_11042026	SYNTHETIC_TEACHING_FIXTURE
REQ_SYN_SEG_1061_f2	SYN_CH11	SYN_SEG_SPK_30	SYN_SESSION_30	SYN_SEG_1061	f2	medial				Hz	requested		evaluation	raw					SYN_GENERATOR_11042026	SYNTHETIC_TEACHING_FIXTURE
REQ_SYN_SEG_1061_f3	SYN_CH11	SYN_SEG_SPK_30	SYN_SESSION_30	SYN_SEG_1061	f3	medial				Hz	requested		evaluation	raw					SYN_GENERATOR_11042026	SYNTHETIC_TEACHING_FIXTURE
REQ_SYN_SEG_1062_vowel_duration	SYN_CH11	SYN_SEG_SPK_30	SYN_SESSION_30	SYN_SEG_1062	vowel_duration	final				ms	requested		evaluation	raw					SYN_GENERATOR_11042026	SYNTHETIC_TEACHING_FIXTURE
REQ_SYN_SEG_1062_f1	SYN_CH11	SYN_SEG_SPK_30	SYN_SESSION_30	SYN_SEG_1062	f1	final				Hz	requested		evaluation	raw					SYN_GENERATOR_11042026	SYNTHETIC_TEACHING_FIXTURE
REQ_SYN_SEG_1062_f2	SYN_CH11	SYN_SEG_SPK_30	SYN_SESSION_30	SYN_SEG_1062	f2	final				Hz	requested		evaluation	raw					SYN_GENERATOR_11042026	SYNTHETIC_TEACHING_FIXTURE
REQ_SYN_SEG_1062_f3	SYN_CH11	SYN_SEG_SPK_30	SYN_SESSION_30	SYN_SEG_1062	f3	final				Hz	requested		evaluation	raw					SYN_GENERATOR_11042026	SYNTHETIC_TEACHING_FIXTURE
REQ_SYN_SEG_1063_vowel_duration	SYN_CH11	SYN_SEG_SPK_30	SYN_SESSION_30	SYN_SEG_1063	vowel_duration	initial				ms	requested		evaluation	raw					SYN_GENERATOR_11042026	SYNTHETIC_TEACHING_FIXTURE
REQ_SYN_SEG_1063_f1	SYN_CH11	SYN_SEG_SPK_30	SYN_SESSION_30	SYN_SEG_1063	f1	initial				Hz	requested		evaluation	raw					SYN_GENERATOR_11042026	SYNTHETIC_TEACHING_FIXTURE
REQ_SYN_SEG_1063_f2	SYN_CH11	SYN_SEG_SPK_30	SYN_SESSION_30	SYN_SEG_1063	f2	initial				Hz	requested		evaluation	raw					SYN_GENERATOR_11042026	SYNTHETIC_TEACHING_FIXTURE
REQ_SYN_SEG_1063_f3	SYN_CH11	SYN_SEG_SPK_30	SYN_SESSION_30	SYN_SEG_1063	f3	initial				Hz	requested		evaluation	raw					SYN_GENERATOR_11042026	SYNTHETIC_TEACHING_FIXTURE
REQ_SYN_SEG_1064_vowel_duration	SYN_CH11	SYN_SEG_SPK_30	SYN_SESSION_30	SYN_SEG_1064	vowel_duration	medial				ms	requested		evaluation	raw					SYN_GENERATOR_11042026	SYNTHETIC_TEACHING_FIXTURE
REQ_SYN_SEG_1064_f1	SYN_CH11	SYN_SEG_SPK_30	SYN_SESSION_30	SYN_SEG_1064	f1	medial				Hz	requested		evaluation	raw					SYN_GENERATOR_11042026	SYNTHETIC_TEACHING_FIXTURE
REQ_SYN_SEG_1064_f2	SYN_CH11	SYN_SEG_SPK_30	SYN_SESSION_30	SYN_SEG_1064	f2	medial				Hz	requested		evaluation	raw					SYN_GENERATOR_11042026	SYNTHETIC_TEACHING_FIXTURE
REQ_SYN_SEG_1064_f3	SYN_CH11	SYN_SEG_SPK_30	SYN_SESSION_30	SYN_SEG_1064	f3	medial				Hz	requested		evaluation	raw					SYN_GENERATOR_11042026	SYNTHETIC_TEACHING_FIXTURE
REQ_SYN_SEG_1065_vowel_duration	SYN_CH11	SYN_SEG_SPK_30	SYN_SESSION_30	SYN_SEG_1065	vowel_duration	final				ms	requested		evaluation	raw					SYN_GENERATOR_11042026	SYNTHETIC_TEACHING_FIXTURE
REQ_SYN_SEG_1065_f1	SYN_CH11	SYN_SEG_SPK_30	SYN_SESSION_30	SYN_SEG_1065	f1	final				Hz	requested		evaluation	raw					SYN_GENERATOR_11042026	SYNTHETIC_TEACHING_FIXTURE
REQ_SYN_SEG_1065_f2	SYN_CH11	SYN_SEG_SPK_30	SYN_SESSION_30	SYN_SEG_1065	f2	final				Hz	requested		evaluation	raw					SYN_GENERATOR_11042026	SYNTHETIC_TEACHING_FIXTURE
REQ_SYN_SEG_1065_f3	SYN_CH11	SYN_SEG_SPK_30	SYN_SESSION_30	SYN_SEG_1065	f3	final				Hz	requested		evaluation	raw					SYN_GENERATOR_11042026	SYNTHETIC_TEACHING_FIXTURE
REQ_SYN_SEG_1066_vowel_duration	SYN_CH11	SYN_SEG_SPK_30	SYN_SESSION_30	SYN_SEG_1066	vowel_duration	initial				ms	requested		evaluation	raw					SYN_GENERATOR_11042026	SYNTHETIC_TEACHING_FIXTURE
REQ_SYN_SEG_1066_f1	SYN_CH11	SYN_SEG_SPK_30	SYN_SESSION_30	SYN_SEG_1066	f1	initial				Hz	requested		evaluation	raw					SYN_GENERATOR_11042026	SYNTHETIC_TEACHING_FIXTURE
REQ_SYN_SEG_1066_f2	SYN_CH11	SYN_SEG_SPK_30	SYN_SESSION_30	SYN_SEG_1066	f2	initial				Hz	requested		evaluation	raw					SYN_GENERATOR_11042026	SYNTHETIC_TEACHING_FIXTURE
REQ_SYN_SEG_1066_f3	SYN_CH11	SYN_SEG_SPK_30	SYN_SESSION_30	SYN_SEG_1066	f3	initial				Hz	requested		evaluation	raw					SYN_GENERATOR_11042026	SYNTHETIC_TEACHING_FIXTURE
REQ_SYN_SEG_1067_vowel_duration	SYN_CH11	SYN_SEG_SPK_30	SYN_SESSION_30	SYN_SEG_1067	vowel_duration	medial				ms	requested		evaluation	raw					SYN_GENERATOR_11042026	SYNTHETIC_TEACHING_FIXTURE
REQ_SYN_SEG_1067_f1	SYN_CH11	SYN_SEG_SPK_30	SYN_SESSION_30	SYN_SEG_1067	f1	medial				Hz	requested		evaluation	raw					SYN_GENERATOR_11042026	SYNTHETIC_TEACHING_FIXTURE
REQ_SYN_SEG_1067_f2	SYN_CH11	SYN_SEG_SPK_30	SYN_SESSION_30	SYN_SEG_1067	f2	medial				Hz	requested		evaluation	raw					SYN_GENERATOR_11042026	SYNTHETIC_TEACHING_FIXTURE
REQ_SYN_SEG_1067_f3	SYN_CH11	SYN_SEG_SPK_30	SYN_SESSION_30	SYN_SEG_1067	f3	medial				Hz	requested		evaluation	raw					SYN_GENERATOR_11042026	SYNTHETIC_TEACHING_FIXTURE
REQ_SYN_SEG_1068_vowel_duration	SYN_CH11	SYN_SEG_SPK_30	SYN_SESSION_30	SYN_SEG_1068	vowel_duration	final				ms	requested		evaluation	raw					SYN_GENERATOR_11042026	SYNTHETIC_TEACHING_FIXTURE
REQ_SYN_SEG_1068_f1	SYN_CH11	SYN_SEG_SPK_30	SYN_SESSION_30	SYN_SEG_1068	f1	final				Hz	requested		evaluation	raw					SYN_GENERATOR_11042026	SYNTHETIC_TEACHING_FIXTURE
REQ_SYN_SEG_1068_f2	SYN_CH11	SYN_SEG_SPK_30	SYN_SESSION_30	SYN_SEG_1068	f2	final				Hz	requested		evaluation	raw					SYN_GENERATOR_11042026	SYNTHETIC_TEACHING_FIXTURE
REQ_SYN_SEG_1068_f3	SYN_CH11	SYN_SEG_SPK_30	SYN_SESSION_30	SYN_SEG_1068	f3	final				Hz	requested		evaluation	raw					SYN_GENERATOR_11042026	SYNTHETIC_TEACHING_FIXTURE
REQ_SYN_SEG_1069_fricative_duration	SYN_CH11	SYN_SEG_SPK_30	SYN_SESSION_30	SYN_SEG_1069	fricative_duration	initial				ms	requested			raw					SYN_GENERATOR_11042026	SYNTHETIC_TEACHING_FIXTURE
REQ_SYN_SEG_1069_fricative_cog	SYN_CH11	SYN_SEG_SPK_30	SYN_SESSION_30	SYN_SEG_1069	fricative_cog	initial				Hz	requested			raw					SYN_GENERATOR_11042026	SYNTHETIC_TEACHING_FIXTURE
REQ_SYN_SEG_1070_fricative_duration	SYN_CH11	SYN_SEG_SPK_30	SYN_SESSION_30	SYN_SEG_1070	fricative_duration	medial				ms	requested			raw					SYN_GENERATOR_11042026	SYNTHETIC_TEACHING_FIXTURE
REQ_SYN_SEG_1070_fricative_cog	SYN_CH11	SYN_SEG_SPK_30	SYN_SESSION_30	SYN_SEG_1070	fricative_cog	medial				Hz	requested			raw					SYN_GENERATOR_11042026	SYNTHETIC_TEACHING_FIXTURE
REQ_SYN_SEG_1071_fricative_duration	SYN_CH11	SYN_SEG_SPK_30	SYN_SESSION_30	SYN_SEG_1071	fricative_duration	final				ms	requested			raw					SYN_GENERATOR_11042026	SYNTHETIC_TEACHING_FIXTURE
REQ_SYN_SEG_1071_fricative_cog	SYN_CH11	SYN_SEG_SPK_30	SYN_SESSION_30	SYN_SEG_1071	fricative_cog	final				Hz	requested			raw					SYN_GENERATOR_11042026	SYNTHETIC_TEACHING_FIXTURE
REQ_SYN_SEG_1072_fricative_duration	SYN_CH11	SYN_SEG_SPK_30	SYN_SESSION_30	SYN_SEG_1072	fricative_duration	initial				ms	requested			raw					SYN_GENERATOR_11042026	SYNTHETIC_TEACHING_FIXTURE
REQ_SYN_SEG_1072_fricative_cog	SYN_CH11	SYN_SEG_SPK_30	SYN_SESSION_30	SYN_SEG_1072	fricative_cog	initial				Hz	requested			raw					SYN_GENERATOR_11042026	SYNTHETIC_TEACHING_FIXTURE
REQ_SYN_SEG_1073_fricative_duration	SYN_CH11	SYN_SEG_SPK_30	SYN_SESSION_30	SYN_SEG_1073	fricative_duration	medial				ms	requested			raw					SYN_GENERATOR_11042026	SYNTHETIC_TEACHING_FIXTURE
REQ_SYN_SEG_1073_fricative_cog	SYN_CH11	SYN_SEG_SPK_30	SYN_SESSION_30	SYN_SEG_1073	fricative_cog	medial				Hz	requested			raw					SYN_GENERATOR_11042026	SYNTHETIC_TEACHING_FIXTURE
REQ_SYN_SEG_1074_fricative_duration	SYN_CH11	SYN_SEG_SPK_30	SYN_SESSION_30	SYN_SEG_1074	fricative_duration	final				ms	requested			raw					SYN_GENERATOR_11042026	SYNTHETIC_TEACHING_FIXTURE
REQ_SYN_SEG_1074_fricative_cog	SYN_CH11	SYN_SEG_SPK_30	SYN_SESSION_30	SYN_SEG_1074	fricative_cog	final				Hz	requested			raw					SYN_GENERATOR_11042026	SYNTHETIC_TEACHING_FIXTURE
REQ_SYN_SEG_1075_fricative_duration	SYN_CH11	SYN_SEG_SPK_30	SYN_SESSION_30	SYN_SEG_1075	fricative_duration	initial				ms	requested			raw					SYN_GENERATOR_11042026	SYNTHETIC_TEACHING_FIXTURE
REQ_SYN_SEG_1075_fricative_cog	SYN_CH11	SYN_SEG_SPK_30	SYN_SESSION_30	SYN_SEG_1075	fricative_cog	initial				Hz	requested			raw					SYN_GENERATOR_11042026	SYNTHETIC_TEACHING_FIXTURE
REQ_SYN_SEG_1076_fricative_duration	SYN_CH11	SYN_SEG_SPK_30	SYN_SESSION_30	SYN_SEG_1076	fricative_duration	medial				ms	requested			raw					SYN_GENERATOR_11042026	SYNTHETIC_TEACHING_FIXTURE
REQ_SYN_SEG_1076_fricative_cog	SYN_CH11	SYN_SEG_SPK_30	SYN_SESSION_30	SYN_SEG_1076	fricative_cog	medial				Hz	requested			raw					SYN_GENERATOR_11042026	SYNTHETIC_TEACHING_FIXTURE
REQ_SYN_SEG_1077_fricative_duration	SYN_CH11	SYN_SEG_SPK_30	SYN_SESSION_30	SYN_SEG_1077	fricative_duration	final				ms	requested			raw					SYN_GENERATOR_11042026	SYNTHETIC_TEACHING_FIXTURE
REQ_SYN_SEG_1077_fricative_cog	SYN_CH11	SYN_SEG_SPK_30	SYN_SESSION_30	SYN_SEG_1077	fricative_cog	final				Hz	requested			raw					SYN_GENERATOR_11042026	SYNTHETIC_TEACHING_FIXTURE
REQ_SYN_SEG_1078_fricative_duration	SYN_CH11	SYN_SEG_SPK_30	SYN_SESSION_30	SYN_SEG_1078	fricative_duration	initial				ms	requested			raw					SYN_GENERATOR_11042026	SYNTHETIC_TEACHING_FIXTURE
REQ_SYN_SEG_1078_fricative_cog	SYN_CH11	SYN_SEG_SPK_30	SYN_SESSION_30	SYN_SEG_1078	fricative_cog	initial				Hz	requested			raw					SYN_GENERATOR_11042026	SYNTHETIC_TEACHING_FIXTURE
REQ_SYN_SEG_1079_fricative_duration	SYN_CH11	SYN_SEG_SPK_30	SYN_SESSION_30	SYN_SEG_1079	fricative_duration	medial				ms	requested			raw					SYN_GENERATOR_11042026	SYNTHETIC_TEACHING_FIXTURE
REQ_SYN_SEG_1079_fricative_cog	SYN_CH11	SYN_SEG_SPK_30	SYN_SESSION_30	SYN_SEG_1079	fricative_cog	medial				Hz	requested			raw					SYN_GENERATOR_11042026	SYNTHETIC_TEACHING_FIXTURE
REQ_SYN_SEG_1080_fricative_duration	SYN_CH11	SYN_SEG_SPK_30	SYN_SESSION_30	SYN_SEG_1080	fricative_duration	final				ms	requested			raw					SYN_GENERATOR_11042026	SYNTHETIC_TEACHING_FIXTURE
REQ_SYN_SEG_1080_fricative_cog	SYN_CH11	SYN_SEG_SPK_30	SYN_SESSION_30	SYN_SEG_1080	fricative_cog	final				Hz	requested			raw					SYN_GENERATOR_11042026	SYNTHETIC_TEACHING_FIXTURE
