candidate_id	query_id	source_hit_id	source_token_id	corpus_id	corpus_version	recording_id	speaker_id	session_id	conversation_id	item_id	condition_id	region	style	era	duplicate_of	linkage_status	raw_hit	deduplicated	context_eligible	signal_available	measurement_success	quality_approved	metadata_complete	linkage_matched	final_inclusion	exclusion_code	data_status
SYN_QUERY_001_0001	SYN_QUERY_001	HIT_0001	SYN_TOKEN_0001	SYN_CORPUS_A	SYN_1.0	REC_01	SYN_CORP_SPK_01	SESSION_01	CONV_01	ITEM_01	SYN_C1	north	casual	2010s		matched	True	True	True	True	True	True	True	True	True		SYNTHETIC_TEACHING_FIXTURE
SYN_QUERY_001_0002	SYN_QUERY_001	HIT_0002	SYN_TOKEN_0002	SYN_CORPUS_A	SYN_1.0	REC_01	SYN_CORP_SPK_01	SESSION_01	CONV_01	ITEM_02	SYN_C2	north	casual	2010s		matched	True	True	True	True	True	True	True	True	True		SYNTHETIC_TEACHING_FIXTURE
SYN_QUERY_001_0003	SYN_QUERY_001	HIT_0003	SYN_TOKEN_0003	SYN_CORPUS_A	SYN_1.0	REC_01	SYN_CORP_SPK_01	SESSION_01	CONV_01	ITEM_03	SYN_C1	north	casual	2010s		matched	True	True	True	True	True	True	True	True	True		SYNTHETIC_TEACHING_FIXTURE
SYN_QUERY_001_0004	SYN_QUERY_001	HIT_0004	SYN_TOKEN_0004	SYN_CORPUS_A	SYN_1.0	REC_01	SYN_CORP_SPK_01	SESSION_01	CONV_01	ITEM_04	SYN_C2	north	casual	2010s		matched	True	True	True	True	True	True	True	True	True		SYNTHETIC_TEACHING_FIXTURE
SYN_QUERY_001_0005	SYN_QUERY_001	HIT_0005	SYN_TOKEN_0005	SYN_CORPUS_A	SYN_1.0	REC_01	SYN_CORP_SPK_01	SESSION_01	CONV_01	ITEM_05	SYN_C1	north	casual	2010s		matched	True	True	True	True	True	True	True	True	True		SYNTHETIC_TEACHING_FIXTURE
SYN_QUERY_001_0006	SYN_QUERY_001	HIT_0006	SYN_TOKEN_0006	SYN_CORPUS_A	SYN_1.0	REC_01	SYN_CORP_SPK_01	SESSION_01	CONV_01	ITEM_06	SYN_C2	north	casual	2010s		matched	True	True	True	True	True	True	True	True	True		SYNTHETIC_TEACHING_FIXTURE
SYN_QUERY_001_0007	SYN_QUERY_001	HIT_0007	SYN_TOKEN_0007	SYN_CORPUS_A	SYN_1.0	REC_01	SYN_CORP_SPK_01	SESSION_01	CONV_01	ITEM_07	SYN_C1	north	casual	2010s		matched	True	True	True	True	True	True	True	True	True		SYNTHETIC_TEACHING_FIXTURE
SYN_QUERY_001_0008	SYN_QUERY_001	HIT_0008	SYN_TOKEN_0008	SYN_CORPUS_A	SYN_1.0	REC_01	SYN_CORP_SPK_01	SESSION_01	CONV_01	ITEM_08	SYN_C2	north	casual	2010s		matched	True	True	True	True	True	True	True	True	True		SYNTHETIC_TEACHING_FIXTURE
SYN_QUERY_001_0009	SYN_QUERY_001	HIT_0009	SYN_TOKEN_0009	SYN_CORPUS_A	SYN_1.0	REC_01	SYN_CORP_SPK_01	SESSION_01	CONV_01	ITEM_09	SYN_C1	north	casual	2010s		matched	True	True	True	True	True	True	True	True	True		SYNTHETIC_TEACHING_FIXTURE
SYN_QUERY_001_0010	SYN_QUERY_001	HIT_0010	SYN_TOKEN_0010	SYN_CORPUS_A	SYN_1.0	REC_01	SYN_CORP_SPK_01	SESSION_01	CONV_01	ITEM_10	SYN_C2	north	casual	2010s		matched	True	True	True	True	True	True	True	True	True		SYNTHETIC_TEACHING_FIXTURE
SYN_QUERY_001_0011	SYN_QUERY_001	HIT_0011	SYN_TOKEN_0011	SYN_CORPUS_A	SYN_1.0	REC_01	SYN_CORP_SPK_01	SESSION_01	CONV_01	ITEM_11	SYN_C1	north	casual	2010s		matched	True	True	True	True	True	True	True	True	True		SYNTHETIC_TEACHING_FIXTURE
SYN_QUERY_001_0012	SYN_QUERY_001	HIT_0012	SYN_TOKEN_0012	SYN_CORPUS_A	SYN_1.0	REC_01	SYN_CORP_SPK_01	SESSION_01	CONV_01	ITEM_12	SYN_C2	north	casual	2010s		matched	True	True	True	True	True	True	True	True	True		SYNTHETIC_TEACHING_FIXTURE
SYN_QUERY_001_0013	SYN_QUERY_001	HIT_0013	SYN_TOKEN_0013	SYN_CORPUS_A	SYN_1.0	REC_01	SYN_CORP_SPK_01	SESSION_01	CONV_01	ITEM_13	SYN_C1	north	casual	2010s		matched	True	True	False	False	False	False	False	False	False	context_ineligible	SYNTHETIC_TEACHING_FIXTURE
SYN_QUERY_001_0014	SYN_QUERY_001	HIT_0014	SYN_TOKEN_0014	SYN_CORPUS_A	SYN_1.0	REC_01	SYN_CORP_SPK_01	SESSION_01	CONV_01	ITEM_14	SYN_C2	north	casual	2010s		matched	True	True	True	True	True	True	True	True	True		SYNTHETIC_TEACHING_FIXTURE
SYN_QUERY_001_0015	SYN_QUERY_001	HIT_0015	SYN_TOKEN_0015	SYN_CORPUS_A	SYN_1.0	REC_01	SYN_CORP_SPK_01	SESSION_01	CONV_01	ITEM_15	SYN_C1	north	casual	2010s		matched	True	True	True	True	True	True	True	True	True		SYNTHETIC_TEACHING_FIXTURE
SYN_QUERY_001_0016	SYN_QUERY_001	HIT_0015_DUP	SYN_TOKEN_0015	SYN_CORPUS_A	SYN_1.0	REC_01	SYN_CORP_SPK_01	SESSION_01	CONV_01	ITEM_15	SYN_C1	north	casual	2010s	SYN_QUERY_001_0015	matched	True	False	False	False	False	False	False	False	False	duplicate	SYNTHETIC_TEACHING_FIXTURE
SYN_QUERY_001_0017	SYN_QUERY_001	HIT_0016	SYN_TOKEN_0016	SYN_CORPUS_A	SYN_1.0	REC_01	SYN_CORP_SPK_01	SESSION_01	CONV_01	ITEM_16	SYN_C2	north	casual	2010s		matched	True	True	True	True	True	True	True	True	True		SYNTHETIC_TEACHING_FIXTURE
SYN_QUERY_001_0018	SYN_QUERY_001	HIT_0017	SYN_TOKEN_0017	SYN_CORPUS_A	SYN_1.0	REC_01	SYN_CORP_SPK_01	SESSION_01	CONV_01	ITEM_17	SYN_C1	north	casual	2010s		matched	True	True	True	False	False	False	False	False	False	signal_unavailable	SYNTHETIC_TEACHING_FIXTURE
SYN_QUERY_001_0019	SYN_QUERY_001	HIT_0018	SYN_TOKEN_0018	SYN_CORPUS_A	SYN_1.0	REC_01	SYN_CORP_SPK_01	SESSION_01	CONV_01	ITEM_18	SYN_C2	north	casual	2010s		matched	True	True	True	True	True	True	True	True	True		SYNTHETIC_TEACHING_FIXTURE
SYN_QUERY_001_0020	SYN_QUERY_001	HIT_0019	SYN_TOKEN_0019	SYN_CORPUS_A	SYN_1.0	REC_01	SYN_CORP_SPK_01	SESSION_01	CONV_01	ITEM_19	SYN_C1	north	casual	2010s		matched	True	True	True	True	False	False	False	False	False	measurement_failure	SYNTHETIC_TEACHING_FIXTURE
SYN_QUERY_001_0021	SYN_QUERY_001	HIT_0020	SYN_TOKEN_0020	SYN_CORPUS_A	SYN_1.0	REC_01	SYN_CORP_SPK_01	SESSION_01	CONV_01	ITEM_20	SYN_C2	north	casual	2010s		matched	True	True	True	True	True	True	True	True	True		SYNTHETIC_TEACHING_FIXTURE
SYN_QUERY_001_0022	SYN_QUERY_001	HIT_0021	SYN_TOKEN_0021	SYN_CORPUS_A	SYN_1.0	REC_02	SYN_CORP_SPK_02	SESSION_02	CONV_01	ITEM_01	SYN_C1	north	interview	2010s		matched	True	True	True	True	True	True	True	True	True		SYNTHETIC_TEACHING_FIXTURE
SYN_QUERY_001_0023	SYN_QUERY_001	HIT_0022	SYN_TOKEN_0022	SYN_CORPUS_A	SYN_1.0	REC_02	SYN_CORP_SPK_02	SESSION_02	CONV_01	ITEM_02	SYN_C2	north	interview	2010s		matched	True	True	True	True	True	True	True	True	True		SYNTHETIC_TEACHING_FIXTURE
SYN_QUERY_001_0024	SYN_QUERY_001	HIT_0023	SYN_TOKEN_0023	SYN_CORPUS_A	SYN_1.0	REC_02	SYN_CORP_SPK_02	SESSION_02	CONV_01	ITEM_03	SYN_C1	north	interview	2010s		matched	True	True	True	True	True	True	True	True	True		SYNTHETIC_TEACHING_FIXTURE
SYN_QUERY_001_0025	SYN_QUERY_001	HIT_0024	SYN_TOKEN_0024	SYN_CORPUS_A	SYN_1.0	REC_02	SYN_CORP_SPK_02	SESSION_02	CONV_01	ITEM_04	SYN_C2	north	interview	2010s		matched	True	True	True	True	True	True	True	True	True		SYNTHETIC_TEACHING_FIXTURE
SYN_QUERY_001_0026	SYN_QUERY_001	HIT_0025	SYN_TOKEN_0025	SYN_CORPUS_A	SYN_1.0	REC_02	SYN_CORP_SPK_02	SESSION_02	CONV_01	ITEM_05	SYN_C1	north	interview	2010s		matched	True	True	True	True	True	True	True	True	True		SYNTHETIC_TEACHING_FIXTURE
SYN_QUERY_001_0027	SYN_QUERY_001	HIT_0026	SYN_TOKEN_0026	SYN_CORPUS_A	SYN_1.0	REC_02	SYN_CORP_SPK_02	SESSION_02	CONV_01	ITEM_06	SYN_C2	north	interview	2010s		matched	True	True	True	True	True	True	True	True	True		SYNTHETIC_TEACHING_FIXTURE
SYN_QUERY_001_0028	SYN_QUERY_001	HIT_0027	SYN_TOKEN_0027	SYN_CORPUS_A	SYN_1.0	REC_02	SYN_CORP_SPK_02	SESSION_02	CONV_01	ITEM_07	SYN_C1	north	interview	2010s		matched	True	True	True	True	True	True	True	True	True		SYNTHETIC_TEACHING_FIXTURE
SYN_QUERY_001_0029	SYN_QUERY_001	HIT_0028	SYN_TOKEN_0028	SYN_CORPUS_A	SYN_1.0	REC_02	SYN_CORP_SPK_02	SESSION_02	CONV_01	ITEM_08	SYN_C2	north	interview	2010s		matched	True	True	True	True	True	True	True	True	True		SYNTHETIC_TEACHING_FIXTURE
SYN_QUERY_001_0030	SYN_QUERY_001	HIT_0029	SYN_TOKEN_0029	SYN_CORPUS_A	SYN_1.0	REC_02	SYN_CORP_SPK_02	SESSION_02	CONV_01	ITEM_09	SYN_C1	north	interview	2010s		ambiguous	True	True	True	True	True	True	True	False	False	linkage_ambiguous	SYNTHETIC_TEACHING_FIXTURE
SYN_QUERY_001_0031	SYN_QUERY_001	HIT_0030	SYN_TOKEN_0030	SYN_CORPUS_A	SYN_1.0	REC_02	SYN_CORP_SPK_02	SESSION_02	CONV_01	ITEM_10	SYN_C2	north	interview	2010s		matched	True	True	True	True	True	True	True	True	True		SYNTHETIC_TEACHING_FIXTURE
SYN_QUERY_001_0032	SYN_QUERY_001	HIT_0030_DUP	SYN_TOKEN_0030	SYN_CORPUS_A	SYN_1.0	REC_02	SYN_CORP_SPK_02	SESSION_02	CONV_01	ITEM_10	SYN_C2	north	interview	2010s	SYN_QUERY_001_0031	matched	True	False	False	False	False	False	False	False	False	duplicate	SYNTHETIC_TEACHING_FIXTURE
SYN_QUERY_001_0033	SYN_QUERY_001	HIT_0031	SYN_TOKEN_0031	SYN_CORPUS_A	SYN_1.0	REC_02	SYN_CORP_SPK_02	SESSION_02	CONV_01	ITEM_11	SYN_C1	north	interview	2010s		matched	True	True	True	True	True	True	True	True	True		SYNTHETIC_TEACHING_FIXTURE
SYN_QUERY_001_0034	SYN_QUERY_001	HIT_0032	SYN_TOKEN_0032	SYN_CORPUS_A	SYN_1.0	REC_02	SYN_CORP_SPK_02	SESSION_02	CONV_01	ITEM_12	SYN_C2	north	interview	2010s		matched	True	True	True	True	True	True	True	True	True		SYNTHETIC_TEACHING_FIXTURE
SYN_QUERY_001_0035	SYN_QUERY_001	HIT_0033	SYN_TOKEN_0033	SYN_CORPUS_A	SYN_1.0	REC_02	SYN_CORP_SPK_02	SESSION_02	CONV_01	ITEM_13	SYN_C1	north	interview	2010s		matched	True	True	False	False	False	False	False	False	False	context_ineligible	SYNTHETIC_TEACHING_FIXTURE
SYN_QUERY_001_0036	SYN_QUERY_001	HIT_0034	SYN_TOKEN_0034	SYN_CORPUS_A	SYN_1.0	REC_02	SYN_CORP_SPK_02	SESSION_02	CONV_01	ITEM_14	SYN_C2	north	interview	2010s		matched	True	True	True	True	True	True	True	True	True		SYNTHETIC_TEACHING_FIXTURE
SYN_QUERY_001_0037	SYN_QUERY_001	HIT_0035	SYN_TOKEN_0035	SYN_CORPUS_A	SYN_1.0	REC_02	SYN_CORP_SPK_02	SESSION_02	CONV_01	ITEM_15	SYN_C1	north	interview	2010s		matched	True	True	True	True	True	True	True	True	True		SYNTHETIC_TEACHING_FIXTURE
SYN_QUERY_001_0038	SYN_QUERY_001	HIT_0036	SYN_TOKEN_0036	SYN_CORPUS_A	SYN_1.0	REC_02	SYN_CORP_SPK_02	SESSION_02	CONV_01	ITEM_16	SYN_C2	north	interview	2010s		matched	True	True	True	True	True	True	True	True	True		SYNTHETIC_TEACHING_FIXTURE
SYN_QUERY_001_0039	SYN_QUERY_001	HIT_0037	SYN_TOKEN_0037	SYN_CORPUS_A	SYN_1.0	REC_02	SYN_CORP_SPK_02	SESSION_02	CONV_01	ITEM_17	SYN_C1	north	interview	2010s		unmatched	True	True	True	False	False	False	False	False	False	signal_unavailable	SYNTHETIC_TEACHING_FIXTURE
SYN_QUERY_001_0040	SYN_QUERY_001	HIT_0038	SYN_TOKEN_0038	SYN_CORPUS_A	SYN_1.0	REC_02	SYN_CORP_SPK_02	SESSION_02	CONV_01	ITEM_18	SYN_C2	north	interview	2010s		matched	True	True	True	True	True	True	True	True	True		SYNTHETIC_TEACHING_FIXTURE
SYN_QUERY_001_0041	SYN_QUERY_001	HIT_0039	SYN_TOKEN_0039	SYN_CORPUS_A	SYN_1.0	REC_02	SYN_CORP_SPK_02	SESSION_02	CONV_01	ITEM_19	SYN_C1	north	interview	2010s		matched	True	True	True	True	False	False	False	False	False	measurement_failure	SYNTHETIC_TEACHING_FIXTURE
SYN_QUERY_001_0042	SYN_QUERY_001	HIT_0040	SYN_TOKEN_0040	SYN_CORPUS_A	SYN_1.0	REC_02	SYN_CORP_SPK_02	SESSION_02	CONV_01	ITEM_20	SYN_C2	north	interview	2010s		matched	True	True	True	True	True	True	True	True	True		SYNTHETIC_TEACHING_FIXTURE
SYN_QUERY_001_0043	SYN_QUERY_001	HIT_0041	SYN_TOKEN_0041	SYN_CORPUS_A	SYN_1.0	REC_03	SYN_CORP_SPK_03	SESSION_03	CONV_02	ITEM_01	SYN_C1	south	casual	2010s		matched	True	True	True	True	True	True	True	True	True		SYNTHETIC_TEACHING_FIXTURE
SYN_QUERY_001_0044	SYN_QUERY_001	HIT_0042	SYN_TOKEN_0042	SYN_CORPUS_A	SYN_1.0	REC_03	SYN_CORP_SPK_03	SESSION_03	CONV_02	ITEM_02	SYN_C2	south	casual	2010s		matched	True	True	True	True	True	True	True	True	True		SYNTHETIC_TEACHING_FIXTURE
SYN_QUERY_001_0045	SYN_QUERY_001	HIT_0043	SYN_TOKEN_0043	SYN_CORPUS_A	SYN_1.0	REC_03	SYN_CORP_SPK_03	SESSION_03	CONV_02	ITEM_03	SYN_C1	south	casual	2010s		matched	True	True	True	True	True	True	True	True	True		SYNTHETIC_TEACHING_FIXTURE
SYN_QUERY_001_0046	SYN_QUERY_001	HIT_0044	SYN_TOKEN_0044	SYN_CORPUS_A	SYN_1.0	REC_03	SYN_CORP_SPK_03	SESSION_03	CONV_02	ITEM_04	SYN_C2	south	casual	2010s		matched	True	True	True	True	True	True	True	True	True		SYNTHETIC_TEACHING_FIXTURE
SYN_QUERY_001_0047	SYN_QUERY_001	HIT_0045	SYN_TOKEN_0045	SYN_CORPUS_A	SYN_1.0	REC_03	SYN_CORP_SPK_03	SESSION_03	CONV_02	ITEM_05	SYN_C1	south	casual	2010s		matched	True	True	True	True	True	True	True	True	True		SYNTHETIC_TEACHING_FIXTURE
SYN_QUERY_001_0048	SYN_QUERY_001	HIT_0045_DUP	SYN_TOKEN_0045	SYN_CORPUS_A	SYN_1.0	REC_03	SYN_CORP_SPK_03	SESSION_03	CONV_02	ITEM_05	SYN_C1	south	casual	2010s	SYN_QUERY_001_0047	matched	True	False	False	False	False	False	False	False	False	duplicate	SYNTHETIC_TEACHING_FIXTURE
SYN_QUERY_001_0049	SYN_QUERY_001	HIT_0046	SYN_TOKEN_0046	SYN_CORPUS_A	SYN_1.0	REC_03	SYN_CORP_SPK_03	SESSION_03	CONV_02	ITEM_06	SYN_C2	south	casual	2010s		matched	True	True	True	True	True	True	True	True	True		SYNTHETIC_TEACHING_FIXTURE
SYN_QUERY_001_0050	SYN_QUERY_001	HIT_0047	SYN_TOKEN_0047	SYN_CORPUS_A	SYN_1.0	REC_03	SYN_CORP_SPK_03	SESSION_03	CONV_02	ITEM_07	SYN_C1	south	casual	2010s		matched	True	True	True	True	True	True	True	True	True		SYNTHETIC_TEACHING_FIXTURE
SYN_QUERY_001_0051	SYN_QUERY_001	HIT_0048	SYN_TOKEN_0048	SYN_CORPUS_A	SYN_1.0	REC_03	SYN_CORP_SPK_03	SESSION_03	CONV_02	ITEM_08	SYN_C2	south	casual	2010s		matched	True	True	True	True	True	True	True	True	True		SYNTHETIC_TEACHING_FIXTURE
SYN_QUERY_001_0052	SYN_QUERY_001	HIT_0049	SYN_TOKEN_0049	SYN_CORPUS_A	SYN_1.0	REC_03	SYN_CORP_SPK_03	SESSION_03	CONV_02	ITEM_09	SYN_C1	south	casual	2010s		matched	True	True	True	True	True	True	True	True	True		SYNTHETIC_TEACHING_FIXTURE
SYN_QUERY_001_0053	SYN_QUERY_001	HIT_0050	SYN_TOKEN_0050	SYN_CORPUS_A	SYN_1.0	REC_03	SYN_CORP_SPK_03	SESSION_03	CONV_02	ITEM_10	SYN_C2	south	casual	2010s		matched	True	True	True	True	True	True	True	True	True		SYNTHETIC_TEACHING_FIXTURE
SYN_QUERY_001_0054	SYN_QUERY_001	HIT_0051	SYN_TOKEN_0051	SYN_CORPUS_A	SYN_1.0	REC_03	SYN_CORP_SPK_03	SESSION_03	CONV_02	ITEM_11	SYN_C1	south	casual	2010s		matched	True	True	True	True	True	True	True	True	True		SYNTHETIC_TEACHING_FIXTURE
SYN_QUERY_001_0055	SYN_QUERY_001	HIT_0052	SYN_TOKEN_0052	SYN_CORPUS_A	SYN_1.0	REC_03	SYN_CORP_SPK_03	SESSION_03	CONV_02	ITEM_12	SYN_C2	south	casual	2010s		matched	True	True	True	True	True	True	True	True	True		SYNTHETIC_TEACHING_FIXTURE
SYN_QUERY_001_0056	SYN_QUERY_001	HIT_0053	SYN_TOKEN_0053	SYN_CORPUS_A	SYN_1.0	REC_03	SYN_CORP_SPK_03	SESSION_03	CONV_02	ITEM_13	SYN_C1	south	casual	2010s		matched	True	True	False	False	False	False	False	False	False	context_ineligible	SYNTHETIC_TEACHING_FIXTURE
SYN_QUERY_001_0057	SYN_QUERY_001	HIT_0054	SYN_TOKEN_0054	SYN_CORPUS_A	SYN_1.0	REC_03	SYN_CORP_SPK_03	SESSION_03	CONV_02	ITEM_14	SYN_C2	south	casual	2010s		matched	True	True	True	True	True	True	True	True	True		SYNTHETIC_TEACHING_FIXTURE
SYN_QUERY_001_0058	SYN_QUERY_001	HIT_0055	SYN_TOKEN_0055	SYN_CORPUS_A	SYN_1.0	REC_03	SYN_CORP_SPK_03	SESSION_03	CONV_02	ITEM_15	SYN_C1	south	casual	2010s		matched	True	True	True	True	True	True	True	True	True		SYNTHETIC_TEACHING_FIXTURE
SYN_QUERY_001_0059	SYN_QUERY_001	HIT_0056	SYN_TOKEN_0056	SYN_CORPUS_A	SYN_1.0	REC_03	SYN_CORP_SPK_03	SESSION_03	CONV_02	ITEM_16	SYN_C2	south	casual	2010s		matched	True	True	True	True	True	True	True	True	True		SYNTHETIC_TEACHING_FIXTURE
SYN_QUERY_001_0060	SYN_QUERY_001	HIT_0057	SYN_TOKEN_0057	SYN_CORPUS_A	SYN_1.0	REC_03	SYN_CORP_SPK_03	SESSION_03	CONV_02	ITEM_17	SYN_C1	south	casual	2010s		matched	True	True	True	False	False	False	False	False	False	signal_unavailable	SYNTHETIC_TEACHING_FIXTURE
SYN_QUERY_001_0061	SYN_QUERY_001	HIT_0058	SYN_TOKEN_0058	SYN_CORPUS_A	SYN_1.0	REC_03	SYN_CORP_SPK_03	SESSION_03	CONV_02	ITEM_18	SYN_C2	south	casual	2010s		ambiguous	True	True	True	True	True	True	True	False	False	linkage_ambiguous	SYNTHETIC_TEACHING_FIXTURE
SYN_QUERY_001_0062	SYN_QUERY_001	HIT_0059	SYN_TOKEN_0059	SYN_CORPUS_A	SYN_1.0	REC_03	SYN_CORP_SPK_03	SESSION_03	CONV_02	ITEM_19	SYN_C1	south	casual	2010s		matched	True	True	True	True	False	False	False	False	False	measurement_failure	SYNTHETIC_TEACHING_FIXTURE
SYN_QUERY_001_0063	SYN_QUERY_001	HIT_0060	SYN_TOKEN_0060	SYN_CORPUS_A	SYN_1.0	REC_03	SYN_CORP_SPK_03	SESSION_03	CONV_02	ITEM_20	SYN_C2	south	casual	2010s		matched	True	True	True	True	True	True	True	True	True		SYNTHETIC_TEACHING_FIXTURE
SYN_QUERY_001_0064	SYN_QUERY_001	HIT_0060_DUP	SYN_TOKEN_0060	SYN_CORPUS_A	SYN_1.0	REC_03	SYN_CORP_SPK_03	SESSION_03	CONV_02	ITEM_20	SYN_C2	south	casual	2010s	SYN_QUERY_001_0063	matched	True	False	False	False	False	False	False	False	False	duplicate	SYNTHETIC_TEACHING_FIXTURE
SYN_QUERY_001_0065	SYN_QUERY_001	HIT_0061	SYN_TOKEN_0061	SYN_CORPUS_A	SYN_1.0	REC_04	SYN_CORP_SPK_04	SESSION_04	CONV_02	ITEM_01	SYN_C1	north	interview	2010s		matched	True	True	True	True	True	True	True	True	True		SYNTHETIC_TEACHING_FIXTURE
SYN_QUERY_001_0066	SYN_QUERY_001	HIT_0062	SYN_TOKEN_0062	SYN_CORPUS_A	SYN_1.0	REC_04	SYN_CORP_SPK_04	SESSION_04	CONV_02	ITEM_02	SYN_C2	north	interview	2010s		matched	True	True	True	True	True	True	True	True	True		SYNTHETIC_TEACHING_FIXTURE
SYN_QUERY_001_0067	SYN_QUERY_001	HIT_0063	SYN_TOKEN_0063	SYN_CORPUS_A	SYN_1.0	REC_04	SYN_CORP_SPK_04	SESSION_04	CONV_02	ITEM_03	SYN_C1	north	interview	2010s		matched	True	True	True	True	True	True	True	True	True		SYNTHETIC_TEACHING_FIXTURE
SYN_QUERY_001_0068	SYN_QUERY_001	HIT_0064	SYN_TOKEN_0064	SYN_CORPUS_A	SYN_1.0	REC_04	SYN_CORP_SPK_04	SESSION_04	CONV_02	ITEM_04	SYN_C2	north	interview	2010s		matched	True	True	True	True	True	True	True	True	True		SYNTHETIC_TEACHING_FIXTURE
SYN_QUERY_001_0069	SYN_QUERY_001	HIT_0065	SYN_TOKEN_0065	SYN_CORPUS_A	SYN_1.0	REC_04	SYN_CORP_SPK_04	SESSION_04	CONV_02	ITEM_05	SYN_C1	north	interview	2010s		matched	True	True	True	True	True	True	True	True	True		SYNTHETIC_TEACHING_FIXTURE
SYN_QUERY_001_0070	SYN_QUERY_001	HIT_0066	SYN_TOKEN_0066	SYN_CORPUS_A	SYN_1.0	REC_04	SYN_CORP_SPK_04	SESSION_04	CONV_02	ITEM_06	SYN_C2	north	interview	2010s		matched	True	True	True	True	True	True	True	True	True		SYNTHETIC_TEACHING_FIXTURE
SYN_QUERY_001_0071	SYN_QUERY_001	HIT_0067	SYN_TOKEN_0067	SYN_CORPUS_A	SYN_1.0	REC_04	SYN_CORP_SPK_04	SESSION_04	CONV_02	ITEM_07	SYN_C1	north	interview	2010s		matched	True	True	True	True	True	True	True	True	True		SYNTHETIC_TEACHING_FIXTURE
SYN_QUERY_001_0072	SYN_QUERY_001	HIT_0068	SYN_TOKEN_0068	SYN_CORPUS_A	SYN_1.0	REC_04	SYN_CORP_SPK_04	SESSION_04	CONV_02	ITEM_08	SYN_C2	north	interview	2010s		matched	True	True	True	True	True	True	True	True	True		SYNTHETIC_TEACHING_FIXTURE
SYN_QUERY_001_0073	SYN_QUERY_001	HIT_0069	SYN_TOKEN_0069	SYN_CORPUS_A	SYN_1.0	REC_04	SYN_CORP_SPK_04	SESSION_04	CONV_02	ITEM_09	SYN_C1	north	interview	2010s		matched	True	True	True	True	True	True	True	True	True		SYNTHETIC_TEACHING_FIXTURE
SYN_QUERY_001_0074	SYN_QUERY_001	HIT_0070	SYN_TOKEN_0070	SYN_CORPUS_A	SYN_1.0	REC_04	SYN_CORP_SPK_04	SESSION_04	CONV_02	ITEM_10	SYN_C2	north	interview	2010s		matched	True	True	True	True	True	True	True	True	True		SYNTHETIC_TEACHING_FIXTURE
SYN_QUERY_001_0075	SYN_QUERY_001	HIT_0071	SYN_TOKEN_0071	SYN_CORPUS_A	SYN_1.0	REC_04	SYN_CORP_SPK_04	SESSION_04	CONV_02	ITEM_11	SYN_C1	north	interview	2010s		matched	True	True	True	True	True	True	True	True	True		SYNTHETIC_TEACHING_FIXTURE
SYN_QUERY_001_0076	SYN_QUERY_001	HIT_0072	SYN_TOKEN_0072	SYN_CORPUS_A	SYN_1.0	REC_04	SYN_CORP_SPK_04	SESSION_04	CONV_02	ITEM_12	SYN_C2	north	interview	2010s		matched	True	True	True	True	True	True	True	True	True		SYNTHETIC_TEACHING_FIXTURE
SYN_QUERY_001_0077	SYN_QUERY_001	HIT_0073	SYN_TOKEN_0073	SYN_CORPUS_A	SYN_1.0	REC_04	SYN_CORP_SPK_04	SESSION_04	CONV_02	ITEM_13	SYN_C1	north	interview	2010s		matched	True	True	False	False	False	False	False	False	False	context_ineligible	SYNTHETIC_TEACHING_FIXTURE
SYN_QUERY_001_0078	SYN_QUERY_001	HIT_0074	SYN_TOKEN_0074	SYN_CORPUS_A	SYN_1.0	REC_04	SYN_CORP_SPK_04	SESSION_04	CONV_02	ITEM_14	SYN_C2	north	interview	2010s		unmatched	True	True	True	True	True	True	True	False	False	linkage_unmatched	SYNTHETIC_TEACHING_FIXTURE
SYN_QUERY_001_0079	SYN_QUERY_001	HIT_0075	SYN_TOKEN_0075	SYN_CORPUS_A	SYN_1.0	REC_04	SYN_CORP_SPK_04	SESSION_04	CONV_02	ITEM_15	SYN_C1	north	interview	2010s		matched	True	True	True	True	True	True	True	True	True		SYNTHETIC_TEACHING_FIXTURE
SYN_QUERY_001_0080	SYN_QUERY_001	HIT_0075_DUP	SYN_TOKEN_0075	SYN_CORPUS_A	SYN_1.0	REC_04	SYN_CORP_SPK_04	SESSION_04	CONV_02	ITEM_15	SYN_C1	north	interview	2010s	SYN_QUERY_001_0079	matched	True	False	False	False	False	False	False	False	False	duplicate	SYNTHETIC_TEACHING_FIXTURE
SYN_QUERY_001_0081	SYN_QUERY_001	HIT_0076	SYN_TOKEN_0076	SYN_CORPUS_A	SYN_1.0	REC_04	SYN_CORP_SPK_04	SESSION_04	CONV_02	ITEM_16	SYN_C2	north	interview	2010s		matched	True	True	True	True	True	True	True	True	True		SYNTHETIC_TEACHING_FIXTURE
SYN_QUERY_001_0082	SYN_QUERY_001	HIT_0077	SYN_TOKEN_0077	SYN_CORPUS_A	SYN_1.0	REC_04	SYN_CORP_SPK_04	SESSION_04	CONV_02	ITEM_17	SYN_C1	north	interview	2010s		matched	True	True	True	False	False	False	False	False	False	signal_unavailable	SYNTHETIC_TEACHING_FIXTURE
SYN_QUERY_001_0083	SYN_QUERY_001	HIT_0078	SYN_TOKEN_0078	SYN_CORPUS_A	SYN_1.0	REC_04	SYN_CORP_SPK_04	SESSION_04	CONV_02	ITEM_18	SYN_C2	north	interview	2010s		matched	True	True	True	True	True	True	True	True	True		SYNTHETIC_TEACHING_FIXTURE
SYN_QUERY_001_0084	SYN_QUERY_001	HIT_0079	SYN_TOKEN_0079	SYN_CORPUS_A	SYN_1.0	REC_04	SYN_CORP_SPK_04	SESSION_04	CONV_02	ITEM_19	SYN_C1	north	interview	2010s		matched	True	True	True	True	False	False	False	False	False	measurement_failure	SYNTHETIC_TEACHING_FIXTURE
SYN_QUERY_001_0085	SYN_QUERY_001	HIT_0080	SYN_TOKEN_0080	SYN_CORPUS_A	SYN_1.0	REC_04	SYN_CORP_SPK_04	SESSION_04	CONV_02	ITEM_20	SYN_C2	north	interview	2010s		matched	True	True	True	True	True	True	True	True	True		SYNTHETIC_TEACHING_FIXTURE
SYN_QUERY_001_0086	SYN_QUERY_001	HIT_0081	SYN_TOKEN_0081	SYN_CORPUS_A	SYN_1.0	REC_05	SYN_CORP_SPK_05	SESSION_05	CONV_03	ITEM_01	SYN_C1	north	casual	2010s		matched	True	True	True	True	True	True	True	True	True		SYNTHETIC_TEACHING_FIXTURE
SYN_QUERY_001_0087	SYN_QUERY_001	HIT_0082	SYN_TOKEN_0082	SYN_CORPUS_A	SYN_1.0	REC_05	SYN_CORP_SPK_05	SESSION_05	CONV_03	ITEM_02	SYN_C2	north	casual	2010s		matched	True	True	True	True	True	True	True	True	True		SYNTHETIC_TEACHING_FIXTURE
SYN_QUERY_001_0088	SYN_QUERY_001	HIT_0083	SYN_TOKEN_0083	SYN_CORPUS_A	SYN_1.0	REC_05	SYN_CORP_SPK_05	SESSION_05	CONV_03	ITEM_03	SYN_C1	north	casual	2010s		matched	True	True	True	True	True	True	True	True	True		SYNTHETIC_TEACHING_FIXTURE
SYN_QUERY_001_0089	SYN_QUERY_001	HIT_0084	SYN_TOKEN_0084	SYN_CORPUS_A	SYN_1.0	REC_05	SYN_CORP_SPK_05	SESSION_05	CONV_03	ITEM_04	SYN_C2	north	casual	2010s		matched	True	True	True	True	True	True	True	True	True		SYNTHETIC_TEACHING_FIXTURE
SYN_QUERY_001_0090	SYN_QUERY_001	HIT_0085	SYN_TOKEN_0085	SYN_CORPUS_A	SYN_1.0	REC_05	SYN_CORP_SPK_05	SESSION_05	CONV_03	ITEM_05	SYN_C1	north	casual	2010s		matched	True	True	True	True	True	True	True	True	True		SYNTHETIC_TEACHING_FIXTURE
SYN_QUERY_001_0091	SYN_QUERY_001	HIT_0086	SYN_TOKEN_0086	SYN_CORPUS_A	SYN_1.0	REC_05	SYN_CORP_SPK_05	SESSION_05	CONV_03	ITEM_06	SYN_C2	north	casual	2010s		matched	True	True	True	True	True	True	True	True	True		SYNTHETIC_TEACHING_FIXTURE
SYN_QUERY_001_0092	SYN_QUERY_001	HIT_0087	SYN_TOKEN_0087	SYN_CORPUS_A	SYN_1.0	REC_05	SYN_CORP_SPK_05	SESSION_05	CONV_03	ITEM_07	SYN_C1	north	casual	2010s		ambiguous	True	True	True	True	True	True	True	False	False	linkage_ambiguous	SYNTHETIC_TEACHING_FIXTURE
SYN_QUERY_001_0093	SYN_QUERY_001	HIT_0088	SYN_TOKEN_0088	SYN_CORPUS_A	SYN_1.0	REC_05	SYN_CORP_SPK_05	SESSION_05	CONV_03	ITEM_08	SYN_C2	north	casual	2010s		matched	True	True	True	True	True	True	True	True	True		SYNTHETIC_TEACHING_FIXTURE
SYN_QUERY_001_0094	SYN_QUERY_001	HIT_0089	SYN_TOKEN_0089	SYN_CORPUS_A	SYN_1.0	REC_05	SYN_CORP_SPK_05	SESSION_05	CONV_03	ITEM_09	SYN_C1	north	casual	2010s		matched	True	True	True	True	True	True	True	True	True		SYNTHETIC_TEACHING_FIXTURE
SYN_QUERY_001_0095	SYN_QUERY_001	HIT_0090	SYN_TOKEN_0090	SYN_CORPUS_A	SYN_1.0	REC_05	SYN_CORP_SPK_05	SESSION_05	CONV_03	ITEM_10	SYN_C2	north	casual	2010s		matched	True	True	True	True	True	True	True	True	True		SYNTHETIC_TEACHING_FIXTURE
SYN_QUERY_001_0096	SYN_QUERY_001	HIT_0090_DUP	SYN_TOKEN_0090	SYN_CORPUS_A	SYN_1.0	REC_05	SYN_CORP_SPK_05	SESSION_05	CONV_03	ITEM_10	SYN_C2	north	casual	2010s	SYN_QUERY_001_0095	matched	True	False	False	False	False	False	False	False	False	duplicate	SYNTHETIC_TEACHING_FIXTURE
SYN_QUERY_001_0097	SYN_QUERY_001	HIT_0091	SYN_TOKEN_0091	SYN_CORPUS_A	SYN_1.0	REC_05	SYN_CORP_SPK_05	SESSION_05	CONV_03	ITEM_11	SYN_C1	north	casual	2010s		matched	True	True	True	True	True	True	True	True	True		SYNTHETIC_TEACHING_FIXTURE
SYN_QUERY_001_0098	SYN_QUERY_001	HIT_0092	SYN_TOKEN_0092	SYN_CORPUS_A	SYN_1.0	REC_05	SYN_CORP_SPK_05	SESSION_05	CONV_03	ITEM_12	SYN_C2	north	casual	2010s		matched	True	True	True	True	True	True	True	True	True		SYNTHETIC_TEACHING_FIXTURE
SYN_QUERY_001_0099	SYN_QUERY_001	HIT_0093	SYN_TOKEN_0093	SYN_CORPUS_A	SYN_1.0	REC_05	SYN_CORP_SPK_05	SESSION_05	CONV_03	ITEM_13	SYN_C1	north	casual	2010s		matched	True	True	False	False	False	False	False	False	False	context_ineligible	SYNTHETIC_TEACHING_FIXTURE
SYN_QUERY_001_0100	SYN_QUERY_001	HIT_0094	SYN_TOKEN_0094	SYN_CORPUS_A	SYN_1.0	REC_05	SYN_CORP_SPK_05	SESSION_05	CONV_03	ITEM_14	SYN_C2	north	casual	2010s		matched	True	True	True	True	True	True	True	True	True		SYNTHETIC_TEACHING_FIXTURE
SYN_QUERY_001_0101	SYN_QUERY_001	HIT_0095	SYN_TOKEN_0095	SYN_CORPUS_A	SYN_1.0	REC_05	SYN_CORP_SPK_05	SESSION_05	CONV_03	ITEM_15	SYN_C1	north	casual	2010s		matched	True	True	True	True	True	True	True	True	True		SYNTHETIC_TEACHING_FIXTURE
SYN_QUERY_001_0102	SYN_QUERY_001	HIT_0096	SYN_TOKEN_0096	SYN_CORPUS_A	SYN_1.0	REC_05	SYN_CORP_SPK_05	SESSION_05	CONV_03	ITEM_16	SYN_C2	north	casual	2010s		matched	True	True	True	True	True	True	True	True	True		SYNTHETIC_TEACHING_FIXTURE
SYN_QUERY_001_0103	SYN_QUERY_001	HIT_0097	SYN_TOKEN_0097	SYN_CORPUS_A	SYN_1.0	REC_05	SYN_CORP_SPK_05	SESSION_05	CONV_03	ITEM_17	SYN_C1	north	casual	2010s		matched	True	True	True	False	False	False	False	False	False	signal_unavailable	SYNTHETIC_TEACHING_FIXTURE
SYN_QUERY_001_0104	SYN_QUERY_001	HIT_0098	SYN_TOKEN_0098	SYN_CORPUS_A	SYN_1.0	REC_05	SYN_CORP_SPK_05	SESSION_05	CONV_03	ITEM_18	SYN_C2	north	casual	2010s		matched	True	True	True	True	True	True	True	True	True		SYNTHETIC_TEACHING_FIXTURE
SYN_QUERY_001_0105	SYN_QUERY_001	HIT_0099	SYN_TOKEN_0099	SYN_CORPUS_A	SYN_1.0	REC_05	SYN_CORP_SPK_05	SESSION_05	CONV_03	ITEM_19	SYN_C1	north	casual	2010s		matched	True	True	True	True	False	False	False	False	False	measurement_failure	SYNTHETIC_TEACHING_FIXTURE
SYN_QUERY_001_0106	SYN_QUERY_001	HIT_0100	SYN_TOKEN_0100	SYN_CORPUS_A	SYN_1.0	REC_05	SYN_CORP_SPK_05	SESSION_05	CONV_03	ITEM_20	SYN_C2	north	casual	2010s		matched	True	True	True	True	True	True	True	True	True		SYNTHETIC_TEACHING_FIXTURE
SYN_QUERY_001_0107	SYN_QUERY_001	HIT_0101	SYN_TOKEN_0101	SYN_CORPUS_A	SYN_1.0	REC_06	SYN_CORP_SPK_06	SESSION_06	CONV_03	ITEM_01	SYN_C1	south	interview	2010s		matched	True	True	True	True	True	True	True	True	True		SYNTHETIC_TEACHING_FIXTURE
SYN_QUERY_001_0108	SYN_QUERY_001	HIT_0102	SYN_TOKEN_0102	SYN_CORPUS_A	SYN_1.0	REC_06	SYN_CORP_SPK_06	SESSION_06	CONV_03	ITEM_02	SYN_C2	south	interview	2010s		matched	True	True	True	True	True	True	True	True	True		SYNTHETIC_TEACHING_FIXTURE
SYN_QUERY_001_0109	SYN_QUERY_001	HIT_0103	SYN_TOKEN_0103	SYN_CORPUS_A	SYN_1.0	REC_06	SYN_CORP_SPK_06	SESSION_06	CONV_03	ITEM_03	SYN_C1	south	interview	2010s		matched	True	True	True	True	True	True	True	True	True		SYNTHETIC_TEACHING_FIXTURE
SYN_QUERY_001_0110	SYN_QUERY_001	HIT_0104	SYN_TOKEN_0104	SYN_CORPUS_A	SYN_1.0	REC_06	SYN_CORP_SPK_06	SESSION_06	CONV_03	ITEM_04	SYN_C2	south	interview	2010s		matched	True	True	True	True	True	True	True	True	True		SYNTHETIC_TEACHING_FIXTURE
SYN_QUERY_001_0111	SYN_QUERY_001	HIT_0105	SYN_TOKEN_0105	SYN_CORPUS_A	SYN_1.0	REC_06	SYN_CORP_SPK_06	SESSION_06	CONV_03	ITEM_05	SYN_C1	south	interview	2010s		matched	True	True	True	True	True	True	True	True	True		SYNTHETIC_TEACHING_FIXTURE
SYN_QUERY_001_0112	SYN_QUERY_001	HIT_0105_DUP	SYN_TOKEN_0105	SYN_CORPUS_A	SYN_1.0	REC_06	SYN_CORP_SPK_06	SESSION_06	CONV_03	ITEM_05	SYN_C1	south	interview	2010s	SYN_QUERY_001_0111	matched	True	False	False	False	False	False	False	False	False	duplicate	SYNTHETIC_TEACHING_FIXTURE
SYN_QUERY_001_0113	SYN_QUERY_001	HIT_0106	SYN_TOKEN_0106	SYN_CORPUS_A	SYN_1.0	REC_06	SYN_CORP_SPK_06	SESSION_06	CONV_03	ITEM_06	SYN_C2	south	interview	2010s		matched	True	True	True	True	True	True	True	True	True		SYNTHETIC_TEACHING_FIXTURE
SYN_QUERY_001_0114	SYN_QUERY_001	HIT_0107	SYN_TOKEN_0107	SYN_CORPUS_A	SYN_1.0	REC_06	SYN_CORP_SPK_06	SESSION_06	CONV_03	ITEM_07	SYN_C1	south	interview	2010s		matched	True	True	True	True	True	True	True	True	True		SYNTHETIC_TEACHING_FIXTURE
SYN_QUERY_001_0115	SYN_QUERY_001	HIT_0108	SYN_TOKEN_0108	SYN_CORPUS_A	SYN_1.0	REC_06	SYN_CORP_SPK_06	SESSION_06	CONV_03	ITEM_08	SYN_C2	south	interview	2010s		matched	True	True	True	True	True	True	True	True	True		SYNTHETIC_TEACHING_FIXTURE
SYN_QUERY_001_0116	SYN_QUERY_001	HIT_0109	SYN_TOKEN_0109	SYN_CORPUS_A	SYN_1.0	REC_06	SYN_CORP_SPK_06	SESSION_06	CONV_03	ITEM_09	SYN_C1	south	interview	2010s		matched	True	True	True	True	True	True	True	True	True		SYNTHETIC_TEACHING_FIXTURE
SYN_QUERY_001_0117	SYN_QUERY_001	HIT_0110	SYN_TOKEN_0110	SYN_CORPUS_A	SYN_1.0	REC_06	SYN_CORP_SPK_06	SESSION_06	CONV_03	ITEM_10	SYN_C2	south	interview	2010s		matched	True	True	True	True	True	True	True	True	True		SYNTHETIC_TEACHING_FIXTURE
SYN_QUERY_001_0118	SYN_QUERY_001	HIT_0111	SYN_TOKEN_0111	SYN_CORPUS_A	SYN_1.0	REC_06	SYN_CORP_SPK_06	SESSION_06	CONV_03	ITEM_11	SYN_C1	south	interview	2010s		unmatched	True	True	True	True	True	True	True	False	False	linkage_unmatched	SYNTHETIC_TEACHING_FIXTURE
SYN_QUERY_001_0119	SYN_QUERY_001	HIT_0112	SYN_TOKEN_0112	SYN_CORPUS_A	SYN_1.0	REC_06	SYN_CORP_SPK_06	SESSION_06	CONV_03	ITEM_12	SYN_C2	south	interview	2010s		matched	True	True	True	True	True	True	True	True	True		SYNTHETIC_TEACHING_FIXTURE
SYN_QUERY_001_0120	SYN_QUERY_001	HIT_0113	SYN_TOKEN_0113	SYN_CORPUS_A	SYN_1.0	REC_06	SYN_CORP_SPK_06	SESSION_06	CONV_03	ITEM_13	SYN_C1	south	interview	2010s		matched	True	True	False	False	False	False	False	False	False	context_ineligible	SYNTHETIC_TEACHING_FIXTURE
SYN_QUERY_001_0121	SYN_QUERY_001	HIT_0114	SYN_TOKEN_0114	SYN_CORPUS_A	SYN_1.0	REC_06	SYN_CORP_SPK_06	SESSION_06	CONV_03	ITEM_14	SYN_C2	south	interview	2010s		matched	True	True	True	True	True	True	True	True	True		SYNTHETIC_TEACHING_FIXTURE
SYN_QUERY_001_0122	SYN_QUERY_001	HIT_0115	SYN_TOKEN_0115	SYN_CORPUS_A	SYN_1.0	REC_06	SYN_CORP_SPK_06	SESSION_06	CONV_03	ITEM_15	SYN_C1	south	interview	2010s		matched	True	True	True	True	True	True	True	True	True		SYNTHETIC_TEACHING_FIXTURE
SYN_QUERY_001_0123	SYN_QUERY_001	HIT_0116	SYN_TOKEN_0116	SYN_CORPUS_A	SYN_1.0	REC_06	SYN_CORP_SPK_06	SESSION_06	CONV_03	ITEM_16	SYN_C2	south	interview	2010s		ambiguous	True	True	True	True	True	True	True	False	False	linkage_ambiguous	SYNTHETIC_TEACHING_FIXTURE
SYN_QUERY_001_0124	SYN_QUERY_001	HIT_0117	SYN_TOKEN_0117	SYN_CORPUS_A	SYN_1.0	REC_06	SYN_CORP_SPK_06	SESSION_06	CONV_03	ITEM_17	SYN_C1	south	interview	2010s		matched	True	True	True	False	False	False	False	False	False	signal_unavailable	SYNTHETIC_TEACHING_FIXTURE
SYN_QUERY_001_0125	SYN_QUERY_001	HIT_0118	SYN_TOKEN_0118	SYN_CORPUS_A	SYN_1.0	REC_06	SYN_CORP_SPK_06	SESSION_06	CONV_03	ITEM_18	SYN_C2	south	interview	2010s		matched	True	True	True	True	True	True	True	True	True		SYNTHETIC_TEACHING_FIXTURE
SYN_QUERY_001_0126	SYN_QUERY_001	HIT_0119	SYN_TOKEN_0119	SYN_CORPUS_A	SYN_1.0	REC_06	SYN_CORP_SPK_06	SESSION_06	CONV_03	ITEM_19	SYN_C1	south	interview	2010s		matched	True	True	True	True	False	False	False	False	False	measurement_failure	SYNTHETIC_TEACHING_FIXTURE
SYN_QUERY_001_0127	SYN_QUERY_001	HIT_0120	SYN_TOKEN_0120	SYN_CORPUS_A	SYN_1.0	REC_06	SYN_CORP_SPK_06	SESSION_06	CONV_03	ITEM_20	SYN_C2	south	interview	2010s		matched	True	True	True	True	True	True	True	True	True		SYNTHETIC_TEACHING_FIXTURE
SYN_QUERY_001_0128	SYN_QUERY_001	HIT_0120_DUP	SYN_TOKEN_0120	SYN_CORPUS_A	SYN_1.0	REC_06	SYN_CORP_SPK_06	SESSION_06	CONV_03	ITEM_20	SYN_C2	south	interview	2010s	SYN_QUERY_001_0127	matched	True	False	False	False	False	False	False	False	False	duplicate	SYNTHETIC_TEACHING_FIXTURE
SYN_QUERY_001_0129	SYN_QUERY_001	HIT_0121	SYN_TOKEN_0121	SYN_CORPUS_A	SYN_1.0	REC_07	SYN_CORP_SPK_07	SESSION_07	CONV_04	ITEM_01	SYN_C1	north	casual	2010s		matched	True	True	True	True	True	True	True	True	True		SYNTHETIC_TEACHING_FIXTURE
SYN_QUERY_001_0130	SYN_QUERY_001	HIT_0122	SYN_TOKEN_0122	SYN_CORPUS_A	SYN_1.0	REC_07	SYN_CORP_SPK_07	SESSION_07	CONV_04	ITEM_02	SYN_C2	north	casual	2010s		matched	True	True	True	True	True	True	True	True	True		SYNTHETIC_TEACHING_FIXTURE
SYN_QUERY_001_0131	SYN_QUERY_001	HIT_0123	SYN_TOKEN_0123	SYN_CORPUS_A	SYN_1.0	REC_07	SYN_CORP_SPK_07	SESSION_07	CONV_04	ITEM_03	SYN_C1	north	casual	2010s		matched	True	True	True	True	True	True	True	True	True		SYNTHETIC_TEACHING_FIXTURE
SYN_QUERY_001_0132	SYN_QUERY_001	HIT_0124	SYN_TOKEN_0124	SYN_CORPUS_A	SYN_1.0	REC_07	SYN_CORP_SPK_07	SESSION_07	CONV_04	ITEM_04	SYN_C2	north	casual	2010s		matched	True	True	True	True	True	True	True	True	True		SYNTHETIC_TEACHING_FIXTURE
SYN_QUERY_001_0133	SYN_QUERY_001	HIT_0125	SYN_TOKEN_0125	SYN_CORPUS_A	SYN_1.0	REC_07	SYN_CORP_SPK_07	SESSION_07	CONV_04	ITEM_05	SYN_C1	north	casual	2010s		matched	True	True	True	True	True	True	True	True	True		SYNTHETIC_TEACHING_FIXTURE
SYN_QUERY_001_0134	SYN_QUERY_001	HIT_0126	SYN_TOKEN_0126	SYN_CORPUS_A	SYN_1.0	REC_07	SYN_CORP_SPK_07	SESSION_07	CONV_04	ITEM_06	SYN_C2	north	casual	2010s		matched	True	True	True	True	True	True	True	True	True		SYNTHETIC_TEACHING_FIXTURE
SYN_QUERY_001_0135	SYN_QUERY_001	HIT_0127	SYN_TOKEN_0127	SYN_CORPUS_A	SYN_1.0	REC_07	SYN_CORP_SPK_07	SESSION_07	CONV_04	ITEM_07	SYN_C1	north	casual	2010s		matched	True	True	True	True	True	True	True	True	True		SYNTHETIC_TEACHING_FIXTURE
SYN_QUERY_001_0136	SYN_QUERY_001	HIT_0128	SYN_TOKEN_0128	SYN_CORPUS_A	SYN_1.0	REC_07	SYN_CORP_SPK_07	SESSION_07	CONV_04	ITEM_08	SYN_C2	north	casual	2010s		matched	True	True	True	True	True	True	True	True	True		SYNTHETIC_TEACHING_FIXTURE
SYN_QUERY_001_0137	SYN_QUERY_001	HIT_0129	SYN_TOKEN_0129	SYN_CORPUS_A	SYN_1.0	REC_07	SYN_CORP_SPK_07	SESSION_07	CONV_04	ITEM_09	SYN_C1	north	casual	2010s		matched	True	True	True	True	True	True	True	True	True		SYNTHETIC_TEACHING_FIXTURE
SYN_QUERY_001_0138	SYN_QUERY_001	HIT_0130	SYN_TOKEN_0130	SYN_CORPUS_A	SYN_1.0	REC_07	SYN_CORP_SPK_07	SESSION_07	CONV_04	ITEM_10	SYN_C2	north	casual	2010s		matched	True	True	True	True	True	True	True	True	True		SYNTHETIC_TEACHING_FIXTURE
SYN_QUERY_001_0139	SYN_QUERY_001	HIT_0131	SYN_TOKEN_0131	SYN_CORPUS_A	SYN_1.0	REC_07	SYN_CORP_SPK_07	SESSION_07	CONV_04	ITEM_11	SYN_C1	north	casual	2010s		matched	True	True	True	True	True	True	True	True	True		SYNTHETIC_TEACHING_FIXTURE
SYN_QUERY_001_0140	SYN_QUERY_001	HIT_0132	SYN_TOKEN_0132	SYN_CORPUS_A	SYN_1.0	REC_07	SYN_CORP_SPK_07	SESSION_07	CONV_04	ITEM_12	SYN_C2	north	casual	2010s		matched	True	True	True	True	True	True	True	True	True		SYNTHETIC_TEACHING_FIXTURE
SYN_QUERY_001_0141	SYN_QUERY_001	HIT_0133	SYN_TOKEN_0133	SYN_CORPUS_A	SYN_1.0	REC_07	SYN_CORP_SPK_07	SESSION_07	CONV_04	ITEM_13	SYN_C1	north	casual	2010s		matched	True	True	False	False	False	False	False	False	False	context_ineligible	SYNTHETIC_TEACHING_FIXTURE
SYN_QUERY_001_0142	SYN_QUERY_001	HIT_0134	SYN_TOKEN_0134	SYN_CORPUS_A	SYN_1.0	REC_07	SYN_CORP_SPK_07	SESSION_07	CONV_04	ITEM_14	SYN_C2	north	casual	2010s		matched	True	True	True	True	True	True	True	True	True		SYNTHETIC_TEACHING_FIXTURE
SYN_QUERY_001_0143	SYN_QUERY_001	HIT_0135	SYN_TOKEN_0135	SYN_CORPUS_A	SYN_1.0	REC_07	SYN_CORP_SPK_07	SESSION_07	CONV_04	ITEM_15	SYN_C1	north	casual	2010s		matched	True	True	True	True	True	True	True	True	True		SYNTHETIC_TEACHING_FIXTURE
SYN_QUERY_001_0144	SYN_QUERY_001	HIT_0135_DUP	SYN_TOKEN_0135	SYN_CORPUS_A	SYN_1.0	REC_07	SYN_CORP_SPK_07	SESSION_07	CONV_04	ITEM_15	SYN_C1	north	casual	2010s	SYN_QUERY_001_0143	matched	True	False	False	False	False	False	False	False	False	duplicate	SYNTHETIC_TEACHING_FIXTURE
SYN_QUERY_001_0145	SYN_QUERY_001	HIT_0136	SYN_TOKEN_0136	SYN_CORPUS_A	SYN_1.0	REC_07	SYN_CORP_SPK_07	SESSION_07	CONV_04	ITEM_16	SYN_C2	north	casual	2010s		matched	True	True	True	True	True	True	True	True	True		SYNTHETIC_TEACHING_FIXTURE
SYN_QUERY_001_0146	SYN_QUERY_001	HIT_0137	SYN_TOKEN_0137	SYN_CORPUS_A	SYN_1.0	REC_07	SYN_CORP_SPK_07	SESSION_07	CONV_04	ITEM_17	SYN_C1	north	casual	2010s		matched	True	True	True	False	False	False	False	False	False	signal_unavailable	SYNTHETIC_TEACHING_FIXTURE
SYN_QUERY_001_0147	SYN_QUERY_001	HIT_0138	SYN_TOKEN_0138	SYN_CORPUS_A	SYN_1.0	REC_07	SYN_CORP_SPK_07	SESSION_07	CONV_04	ITEM_18	SYN_C2	north	casual	2010s		matched	True	True	True	True	True	True	True	True	True		SYNTHETIC_TEACHING_FIXTURE
SYN_QUERY_001_0148	SYN_QUERY_001	HIT_0139	SYN_TOKEN_0139	SYN_CORPUS_A	SYN_1.0	REC_07	SYN_CORP_SPK_07	SESSION_07	CONV_04	ITEM_19	SYN_C1	north	casual	2010s		matched	True	True	True	True	False	False	False	False	False	measurement_failure	SYNTHETIC_TEACHING_FIXTURE
SYN_QUERY_001_0149	SYN_QUERY_001	HIT_0140	SYN_TOKEN_0140	SYN_CORPUS_A	SYN_1.0	REC_07	SYN_CORP_SPK_07	SESSION_07	CONV_04	ITEM_20	SYN_C2	north	casual	2010s		matched	True	True	True	True	True	True	True	True	True		SYNTHETIC_TEACHING_FIXTURE
SYN_QUERY_001_0150	SYN_QUERY_001	HIT_0141	SYN_TOKEN_0141	SYN_CORPUS_A	SYN_1.0	REC_08	SYN_CORP_SPK_08	SESSION_08	CONV_04	ITEM_01	SYN_C1	north	interview	2010s		matched	True	True	True	True	True	True	True	True	True		SYNTHETIC_TEACHING_FIXTURE
SYN_QUERY_001_0151	SYN_QUERY_001	HIT_0142	SYN_TOKEN_0142	SYN_CORPUS_A	SYN_1.0	REC_08	SYN_CORP_SPK_08	SESSION_08	CONV_04	ITEM_02	SYN_C2	north	interview	2010s		matched	True	True	True	True	True	True	True	True	True		SYNTHETIC_TEACHING_FIXTURE
SYN_QUERY_001_0152	SYN_QUERY_001	HIT_0143	SYN_TOKEN_0143	SYN_CORPUS_A	SYN_1.0	REC_08	SYN_CORP_SPK_08	SESSION_08	CONV_04	ITEM_03	SYN_C1	north	interview	2010s		matched	True	True	True	True	True	True	True	True	True		SYNTHETIC_TEACHING_FIXTURE
SYN_QUERY_001_0153	SYN_QUERY_001	HIT_0144	SYN_TOKEN_0144	SYN_CORPUS_A	SYN_1.0	REC_08	SYN_CORP_SPK_08	SESSION_08	CONV_04	ITEM_04	SYN_C2	north	interview	2010s		matched	True	True	True	True	True	True	True	True	True		SYNTHETIC_TEACHING_FIXTURE
SYN_QUERY_001_0154	SYN_QUERY_001	HIT_0145	SYN_TOKEN_0145	SYN_CORPUS_A	SYN_1.0	REC_08	SYN_CORP_SPK_08	SESSION_08	CONV_04	ITEM_05	SYN_C1	north	interview	2010s		ambiguous	True	True	True	True	True	True	True	False	False	linkage_ambiguous	SYNTHETIC_TEACHING_FIXTURE
SYN_QUERY_001_0155	SYN_QUERY_001	HIT_0146	SYN_TOKEN_0146	SYN_CORPUS_A	SYN_1.0	REC_08	SYN_CORP_SPK_08	SESSION_08	CONV_04	ITEM_06	SYN_C2	north	interview	2010s		matched	True	True	True	True	True	True	True	True	True		SYNTHETIC_TEACHING_FIXTURE
SYN_QUERY_001_0156	SYN_QUERY_001	HIT_0147	SYN_TOKEN_0147	SYN_CORPUS_A	SYN_1.0	REC_08	SYN_CORP_SPK_08	SESSION_08	CONV_04	ITEM_07	SYN_C1	north	interview	2010s		matched	True	True	True	True	True	True	True	True	True		SYNTHETIC_TEACHING_FIXTURE
SYN_QUERY_001_0157	SYN_QUERY_001	HIT_0148	SYN_TOKEN_0148	SYN_CORPUS_A	SYN_1.0	REC_08	SYN_CORP_SPK_08	SESSION_08	CONV_04	ITEM_08	SYN_C2	north	interview	2010s		unmatched	True	True	True	True	True	True	True	False	False	linkage_unmatched	SYNTHETIC_TEACHING_FIXTURE
SYN_QUERY_001_0158	SYN_QUERY_001	HIT_0149	SYN_TOKEN_0149	SYN_CORPUS_A	SYN_1.0	REC_08	SYN_CORP_SPK_08	SESSION_08	CONV_04	ITEM_09	SYN_C1	north	interview	2010s		matched	True	True	True	True	True	True	True	True	True		SYNTHETIC_TEACHING_FIXTURE
SYN_QUERY_001_0159	SYN_QUERY_001	HIT_0150	SYN_TOKEN_0150	SYN_CORPUS_A	SYN_1.0	REC_08	SYN_CORP_SPK_08	SESSION_08	CONV_04	ITEM_10	SYN_C2	north	interview	2010s		matched	True	True	True	True	True	True	True	True	True		SYNTHETIC_TEACHING_FIXTURE
SYN_QUERY_001_0160	SYN_QUERY_001	HIT_0150_DUP	SYN_TOKEN_0150	SYN_CORPUS_A	SYN_1.0	REC_08	SYN_CORP_SPK_08	SESSION_08	CONV_04	ITEM_10	SYN_C2	north	interview	2010s	SYN_QUERY_001_0159	matched	True	False	False	False	False	False	False	False	False	duplicate	SYNTHETIC_TEACHING_FIXTURE
SYN_QUERY_001_0161	SYN_QUERY_001	HIT_0151	SYN_TOKEN_0151	SYN_CORPUS_A	SYN_1.0	REC_08	SYN_CORP_SPK_08	SESSION_08	CONV_04	ITEM_11	SYN_C1	north	interview	2010s		matched	True	True	True	True	True	True	True	True	True		SYNTHETIC_TEACHING_FIXTURE
SYN_QUERY_001_0162	SYN_QUERY_001	HIT_0152	SYN_TOKEN_0152	SYN_CORPUS_A	SYN_1.0	REC_08	SYN_CORP_SPK_08	SESSION_08	CONV_04	ITEM_12	SYN_C2	north	interview	2010s		matched	True	True	True	True	True	True	True	True	True		SYNTHETIC_TEACHING_FIXTURE
SYN_QUERY_001_0163	SYN_QUERY_001	HIT_0153	SYN_TOKEN_0153	SYN_CORPUS_A	SYN_1.0	REC_08	SYN_CORP_SPK_08	SESSION_08	CONV_04	ITEM_13	SYN_C1	north	interview	2010s		matched	True	True	False	False	False	False	False	False	False	context_ineligible	SYNTHETIC_TEACHING_FIXTURE
SYN_QUERY_001_0164	SYN_QUERY_001	HIT_0154	SYN_TOKEN_0154	SYN_CORPUS_A	SYN_1.0	REC_08	SYN_CORP_SPK_08	SESSION_08	CONV_04	ITEM_14	SYN_C2	north	interview	2010s		matched	True	True	True	True	True	True	True	True	True		SYNTHETIC_TEACHING_FIXTURE
SYN_QUERY_001_0165	SYN_QUERY_001	HIT_0155	SYN_TOKEN_0155	SYN_CORPUS_A	SYN_1.0	REC_08	SYN_CORP_SPK_08	SESSION_08	CONV_04	ITEM_15	SYN_C1	north	interview	2010s		matched	True	True	True	True	True	True	True	True	True		SYNTHETIC_TEACHING_FIXTURE
SYN_QUERY_001_0166	SYN_QUERY_001	HIT_0156	SYN_TOKEN_0156	SYN_CORPUS_A	SYN_1.0	REC_08	SYN_CORP_SPK_08	SESSION_08	CONV_04	ITEM_16	SYN_C2	north	interview	2010s		matched	True	True	True	True	True	True	True	True	True		SYNTHETIC_TEACHING_FIXTURE
SYN_QUERY_001_0167	SYN_QUERY_001	HIT_0157	SYN_TOKEN_0157	SYN_CORPUS_A	SYN_1.0	REC_08	SYN_CORP_SPK_08	SESSION_08	CONV_04	ITEM_17	SYN_C1	north	interview	2010s		matched	True	True	True	False	False	False	False	False	False	signal_unavailable	SYNTHETIC_TEACHING_FIXTURE
SYN_QUERY_001_0168	SYN_QUERY_001	HIT_0158	SYN_TOKEN_0158	SYN_CORPUS_A	SYN_1.0	REC_08	SYN_CORP_SPK_08	SESSION_08	CONV_04	ITEM_18	SYN_C2	north	interview	2010s		matched	True	True	True	True	True	True	True	True	True		SYNTHETIC_TEACHING_FIXTURE
SYN_QUERY_001_0169	SYN_QUERY_001	HIT_0159	SYN_TOKEN_0159	SYN_CORPUS_A	SYN_1.0	REC_08	SYN_CORP_SPK_08	SESSION_08	CONV_04	ITEM_19	SYN_C1	north	interview	2010s		matched	True	True	True	True	False	False	False	False	False	measurement_failure	SYNTHETIC_TEACHING_FIXTURE
SYN_QUERY_001_0170	SYN_QUERY_001	HIT_0160	SYN_TOKEN_0160	SYN_CORPUS_A	SYN_1.0	REC_08	SYN_CORP_SPK_08	SESSION_08	CONV_04	ITEM_20	SYN_C2	north	interview	2010s		matched	True	True	True	True	True	True	True	True	True		SYNTHETIC_TEACHING_FIXTURE
SYN_QUERY_001_0171	SYN_QUERY_001	HIT_0161	SYN_TOKEN_0161	SYN_CORPUS_A	SYN_1.0	REC_09	SYN_CORP_SPK_09	SESSION_09	CONV_05	ITEM_01	SYN_C1	south	casual	2010s		matched	True	True	True	True	True	True	True	True	True		SYNTHETIC_TEACHING_FIXTURE
SYN_QUERY_001_0172	SYN_QUERY_001	HIT_0162	SYN_TOKEN_0162	SYN_CORPUS_A	SYN_1.0	REC_09	SYN_CORP_SPK_09	SESSION_09	CONV_05	ITEM_02	SYN_C2	south	casual	2010s		matched	True	True	True	True	True	True	True	True	True		SYNTHETIC_TEACHING_FIXTURE
SYN_QUERY_001_0173	SYN_QUERY_001	HIT_0163	SYN_TOKEN_0163	SYN_CORPUS_A	SYN_1.0	REC_09	SYN_CORP_SPK_09	SESSION_09	CONV_05	ITEM_03	SYN_C1	south	casual	2010s		matched	True	True	True	True	True	True	True	True	True		SYNTHETIC_TEACHING_FIXTURE
SYN_QUERY_001_0174	SYN_QUERY_001	HIT_0164	SYN_TOKEN_0164	SYN_CORPUS_A	SYN_1.0	REC_09	SYN_CORP_SPK_09	SESSION_09	CONV_05	ITEM_04	SYN_C2	south	casual	2010s		matched	True	True	True	True	True	True	True	True	True		SYNTHETIC_TEACHING_FIXTURE
SYN_QUERY_001_0175	SYN_QUERY_001	HIT_0165	SYN_TOKEN_0165	SYN_CORPUS_A	SYN_1.0	REC_09	SYN_CORP_SPK_09	SESSION_09	CONV_05	ITEM_05	SYN_C1	south	casual	2010s		matched	True	True	True	True	True	True	True	True	True		SYNTHETIC_TEACHING_FIXTURE
SYN_QUERY_001_0176	SYN_QUERY_001	HIT_0165_DUP	SYN_TOKEN_0165	SYN_CORPUS_A	SYN_1.0	REC_09	SYN_CORP_SPK_09	SESSION_09	CONV_05	ITEM_05	SYN_C1	south	casual	2010s	SYN_QUERY_001_0175	matched	True	False	False	False	False	False	False	False	False	duplicate	SYNTHETIC_TEACHING_FIXTURE
SYN_QUERY_001_0177	SYN_QUERY_001	HIT_0166	SYN_TOKEN_0166	SYN_CORPUS_A	SYN_1.0	REC_09	SYN_CORP_SPK_09	SESSION_09	CONV_05	ITEM_06	SYN_C2	south	casual	2010s		matched	True	True	True	True	True	True	True	True	True		SYNTHETIC_TEACHING_FIXTURE
SYN_QUERY_001_0178	SYN_QUERY_001	HIT_0167	SYN_TOKEN_0167	SYN_CORPUS_A	SYN_1.0	REC_09	SYN_CORP_SPK_09	SESSION_09	CONV_05	ITEM_07	SYN_C1	south	casual	2010s		matched	True	True	True	True	True	True	True	True	True		SYNTHETIC_TEACHING_FIXTURE
SYN_QUERY_001_0179	SYN_QUERY_001	HIT_0168	SYN_TOKEN_0168	SYN_CORPUS_A	SYN_1.0	REC_09	SYN_CORP_SPK_09	SESSION_09	CONV_05	ITEM_08	SYN_C2	south	casual	2010s		matched	True	True	True	True	True	True	True	True	True		SYNTHETIC_TEACHING_FIXTURE
SYN_QUERY_001_0180	SYN_QUERY_001	HIT_0169	SYN_TOKEN_0169	SYN_CORPUS_A	SYN_1.0	REC_09	SYN_CORP_SPK_09	SESSION_09	CONV_05	ITEM_09	SYN_C1	south	casual	2010s		matched	True	True	True	True	True	True	True	True	True		SYNTHETIC_TEACHING_FIXTURE
SYN_QUERY_001_0181	SYN_QUERY_001	HIT_0170	SYN_TOKEN_0170	SYN_CORPUS_A	SYN_1.0	REC_09	SYN_CORP_SPK_09	SESSION_09	CONV_05	ITEM_10	SYN_C2	south	casual	2010s		matched	True	True	True	True	True	True	True	True	True		SYNTHETIC_TEACHING_FIXTURE
SYN_QUERY_001_0182	SYN_QUERY_001	HIT_0171	SYN_TOKEN_0171	SYN_CORPUS_A	SYN_1.0	REC_09	SYN_CORP_SPK_09	SESSION_09	CONV_05	ITEM_11	SYN_C1	south	casual	2010s		matched	True	True	True	True	True	True	True	True	True		SYNTHETIC_TEACHING_FIXTURE
SYN_QUERY_001_0183	SYN_QUERY_001	HIT_0172	SYN_TOKEN_0172	SYN_CORPUS_A	SYN_1.0	REC_09	SYN_CORP_SPK_09	SESSION_09	CONV_05	ITEM_12	SYN_C2	south	casual	2010s		matched	True	True	True	True	True	True	True	True	True		SYNTHETIC_TEACHING_FIXTURE
SYN_QUERY_001_0184	SYN_QUERY_001	HIT_0173	SYN_TOKEN_0173	SYN_CORPUS_A	SYN_1.0	REC_09	SYN_CORP_SPK_09	SESSION_09	CONV_05	ITEM_13	SYN_C1	south	casual	2010s		matched	True	True	False	False	False	False	False	False	False	context_ineligible	SYNTHETIC_TEACHING_FIXTURE
SYN_QUERY_001_0185	SYN_QUERY_001	HIT_0174	SYN_TOKEN_0174	SYN_CORPUS_A	SYN_1.0	REC_09	SYN_CORP_SPK_09	SESSION_09	CONV_05	ITEM_14	SYN_C2	south	casual	2010s		ambiguous	True	True	True	True	True	True	True	False	False	linkage_ambiguous	SYNTHETIC_TEACHING_FIXTURE
SYN_QUERY_001_0186	SYN_QUERY_001	HIT_0175	SYN_TOKEN_0175	SYN_CORPUS_A	SYN_1.0	REC_09	SYN_CORP_SPK_09	SESSION_09	CONV_05	ITEM_15	SYN_C1	south	casual	2010s		matched	True	True	True	True	True	True	True	True	True		SYNTHETIC_TEACHING_FIXTURE
SYN_QUERY_001_0187	SYN_QUERY_001	HIT_0176	SYN_TOKEN_0176	SYN_CORPUS_A	SYN_1.0	REC_09	SYN_CORP_SPK_09	SESSION_09	CONV_05	ITEM_16	SYN_C2	south	casual	2010s		matched	True	True	True	True	True	True	True	True	True		SYNTHETIC_TEACHING_FIXTURE
SYN_QUERY_001_0188	SYN_QUERY_001	HIT_0177	SYN_TOKEN_0177	SYN_CORPUS_A	SYN_1.0	REC_09	SYN_CORP_SPK_09	SESSION_09	CONV_05	ITEM_17	SYN_C1	south	casual	2010s		matched	True	True	True	False	False	False	False	False	False	signal_unavailable	SYNTHETIC_TEACHING_FIXTURE
SYN_QUERY_001_0189	SYN_QUERY_001	HIT_0178	SYN_TOKEN_0178	SYN_CORPUS_A	SYN_1.0	REC_09	SYN_CORP_SPK_09	SESSION_09	CONV_05	ITEM_18	SYN_C2	south	casual	2010s		matched	True	True	True	True	True	True	True	True	True		SYNTHETIC_TEACHING_FIXTURE
SYN_QUERY_001_0190	SYN_QUERY_001	HIT_0179	SYN_TOKEN_0179	SYN_CORPUS_A	SYN_1.0	REC_09	SYN_CORP_SPK_09	SESSION_09	CONV_05	ITEM_19	SYN_C1	south	casual	2010s		matched	True	True	True	True	False	False	False	False	False	measurement_failure	SYNTHETIC_TEACHING_FIXTURE
SYN_QUERY_001_0191	SYN_QUERY_001	HIT_0180	SYN_TOKEN_0180	SYN_CORPUS_A	SYN_1.0	REC_09	SYN_CORP_SPK_09	SESSION_09	CONV_05	ITEM_20	SYN_C2	south	casual	2010s		matched	True	True	True	True	True	True	True	True	True		SYNTHETIC_TEACHING_FIXTURE
SYN_QUERY_001_0192	SYN_QUERY_001	HIT_0180_DUP	SYN_TOKEN_0180	SYN_CORPUS_A	SYN_1.0	REC_09	SYN_CORP_SPK_09	SESSION_09	CONV_05	ITEM_20	SYN_C2	south	casual	2010s	SYN_QUERY_001_0191	matched	True	False	False	False	False	False	False	False	False	duplicate	SYNTHETIC_TEACHING_FIXTURE
SYN_QUERY_001_0193	SYN_QUERY_001	HIT_0181	SYN_TOKEN_0181	SYN_CORPUS_A	SYN_1.0	REC_10	SYN_CORP_SPK_10	SESSION_10	CONV_05	ITEM_01	SYN_C1	north	interview	2010s		matched	True	True	True	True	True	True	True	True	True		SYNTHETIC_TEACHING_FIXTURE
SYN_QUERY_001_0194	SYN_QUERY_001	HIT_0182	SYN_TOKEN_0182	SYN_CORPUS_A	SYN_1.0	REC_10	SYN_CORP_SPK_10	SESSION_10	CONV_05	ITEM_02	SYN_C2	north	interview	2010s		matched	True	True	True	True	True	True	True	True	True		SYNTHETIC_TEACHING_FIXTURE
SYN_QUERY_001_0195	SYN_QUERY_001	HIT_0183	SYN_TOKEN_0183	SYN_CORPUS_A	SYN_1.0	REC_10	SYN_CORP_SPK_10	SESSION_10	CONV_05	ITEM_03	SYN_C1	north	interview	2010s		matched	True	True	True	True	True	True	True	True	True		SYNTHETIC_TEACHING_FIXTURE
SYN_QUERY_001_0196	SYN_QUERY_001	HIT_0184	SYN_TOKEN_0184	SYN_CORPUS_A	SYN_1.0	REC_10	SYN_CORP_SPK_10	SESSION_10	CONV_05	ITEM_04	SYN_C2	north	interview	2010s		matched	True	True	True	True	True	True	True	True	True		SYNTHETIC_TEACHING_FIXTURE
SYN_QUERY_001_0197	SYN_QUERY_001	HIT_0185	SYN_TOKEN_0185	SYN_CORPUS_A	SYN_1.0	REC_10	SYN_CORP_SPK_10	SESSION_10	CONV_05	ITEM_05	SYN_C1	north	interview	2010s		unmatched	True	True	True	True	True	True	True	False	False	linkage_unmatched	SYNTHETIC_TEACHING_FIXTURE
SYN_QUERY_001_0198	SYN_QUERY_001	HIT_0186	SYN_TOKEN_0186	SYN_CORPUS_A	SYN_1.0	REC_10	SYN_CORP_SPK_10	SESSION_10	CONV_05	ITEM_06	SYN_C2	north	interview	2010s		matched	True	True	True	True	True	True	False	False	False	metadata_missing	SYNTHETIC_TEACHING_FIXTURE
SYN_QUERY_001_0199	SYN_QUERY_001	HIT_0187	SYN_TOKEN_0187	SYN_CORPUS_A	SYN_1.0	REC_10	SYN_CORP_SPK_10	SESSION_10	CONV_05	ITEM_07	SYN_C1	north	interview	2010s		matched	True	True	True	True	True	True	True	True	True		SYNTHETIC_TEACHING_FIXTURE
SYN_QUERY_001_0200	SYN_QUERY_001	HIT_0188	SYN_TOKEN_0188	SYN_CORPUS_A	SYN_1.0	REC_10	SYN_CORP_SPK_10	SESSION_10	CONV_05	ITEM_08	SYN_C2	north	interview	2010s		matched	True	True	True	True	True	True	True	True	True		SYNTHETIC_TEACHING_FIXTURE
SYN_QUERY_001_0201	SYN_QUERY_001	HIT_0189	SYN_TOKEN_0189	SYN_CORPUS_A	SYN_1.0	REC_10	SYN_CORP_SPK_10	SESSION_10	CONV_05	ITEM_09	SYN_C1	north	interview	2010s		matched	True	True	True	True	True	True	True	True	True		SYNTHETIC_TEACHING_FIXTURE
SYN_QUERY_001_0202	SYN_QUERY_001	HIT_0190	SYN_TOKEN_0190	SYN_CORPUS_A	SYN_1.0	REC_10	SYN_CORP_SPK_10	SESSION_10	CONV_05	ITEM_10	SYN_C2	north	interview	2010s		matched	True	True	True	True	True	True	True	True	True		SYNTHETIC_TEACHING_FIXTURE
SYN_QUERY_001_0203	SYN_QUERY_001	HIT_0191	SYN_TOKEN_0191	SYN_CORPUS_A	SYN_1.0	REC_10	SYN_CORP_SPK_10	SESSION_10	CONV_05	ITEM_11	SYN_C1	north	interview	2010s		matched	True	True	True	True	True	True	True	True	True		SYNTHETIC_TEACHING_FIXTURE
SYN_QUERY_001_0204	SYN_QUERY_001	HIT_0192	SYN_TOKEN_0192	SYN_CORPUS_A	SYN_1.0	REC_10	SYN_CORP_SPK_10	SESSION_10	CONV_05	ITEM_12	SYN_C2	north	interview	2010s		matched	True	True	True	True	True	True	False	False	False	metadata_missing	SYNTHETIC_TEACHING_FIXTURE
SYN_QUERY_001_0205	SYN_QUERY_001	HIT_0193	SYN_TOKEN_0193	SYN_CORPUS_A	SYN_1.0	REC_10	SYN_CORP_SPK_10	SESSION_10	CONV_05	ITEM_13	SYN_C1	north	interview	2010s		matched	True	True	False	False	False	False	False	False	False	context_ineligible	SYNTHETIC_TEACHING_FIXTURE
SYN_QUERY_001_0206	SYN_QUERY_001	HIT_0194	SYN_TOKEN_0194	SYN_CORPUS_A	SYN_1.0	REC_10	SYN_CORP_SPK_10	SESSION_10	CONV_05	ITEM_14	SYN_C2	north	interview	2010s		matched	True	True	True	True	True	True	True	True	True		SYNTHETIC_TEACHING_FIXTURE
SYN_QUERY_001_0207	SYN_QUERY_001	HIT_0195	SYN_TOKEN_0195	SYN_CORPUS_A	SYN_1.0	REC_10	SYN_CORP_SPK_10	SESSION_10	CONV_05	ITEM_15	SYN_C1	north	interview	2010s		matched	True	True	True	True	True	True	True	True	True		SYNTHETIC_TEACHING_FIXTURE
SYN_QUERY_001_0208	SYN_QUERY_001	HIT_0195_DUP	SYN_TOKEN_0195	SYN_CORPUS_A	SYN_1.0	REC_10	SYN_CORP_SPK_10	SESSION_10	CONV_05	ITEM_15	SYN_C1	north	interview	2010s	SYN_QUERY_001_0207	matched	True	False	False	False	False	False	False	False	False	duplicate	SYNTHETIC_TEACHING_FIXTURE
SYN_QUERY_001_0209	SYN_QUERY_001	HIT_0196	SYN_TOKEN_0196	SYN_CORPUS_A	SYN_1.0	REC_10	SYN_CORP_SPK_10	SESSION_10	CONV_05	ITEM_16	SYN_C2	north	interview	2010s		matched	True	True	True	True	True	True	True	True	True		SYNTHETIC_TEACHING_FIXTURE
SYN_QUERY_001_0210	SYN_QUERY_001	HIT_0197	SYN_TOKEN_0197	SYN_CORPUS_A	SYN_1.0	REC_10	SYN_CORP_SPK_10	SESSION_10	CONV_05	ITEM_17	SYN_C1	north	interview	2010s		matched	True	True	True	False	False	False	False	False	False	signal_unavailable	SYNTHETIC_TEACHING_FIXTURE
SYN_QUERY_001_0211	SYN_QUERY_001	HIT_0198	SYN_TOKEN_0198	SYN_CORPUS_A	SYN_1.0	REC_10	SYN_CORP_SPK_10	SESSION_10	CONV_05	ITEM_18	SYN_C2	north	interview	2010s		matched	True	True	True	True	True	True	False	False	False	metadata_missing	SYNTHETIC_TEACHING_FIXTURE
SYN_QUERY_001_0212	SYN_QUERY_001	HIT_0199	SYN_TOKEN_0199	SYN_CORPUS_A	SYN_1.0	REC_10	SYN_CORP_SPK_10	SESSION_10	CONV_05	ITEM_19	SYN_C1	north	interview	2010s		matched	True	True	True	True	False	False	False	False	False	measurement_failure	SYNTHETIC_TEACHING_FIXTURE
SYN_QUERY_001_0213	SYN_QUERY_001	HIT_0200	SYN_TOKEN_0200	SYN_CORPUS_A	SYN_1.0	REC_10	SYN_CORP_SPK_10	SESSION_10	CONV_05	ITEM_20	SYN_C2	north	interview	2010s		matched	True	True	True	True	True	True	True	True	True		SYNTHETIC_TEACHING_FIXTURE
SYN_QUERY_001_0214	SYN_QUERY_001	HIT_0201	SYN_TOKEN_0201	SYN_CORPUS_A	SYN_1.0	REC_11	SYN_CORP_SPK_11	SESSION_11	CONV_06	ITEM_01	SYN_C1	north	casual	2010s		matched	True	True	True	True	True	True	True	True	True		SYNTHETIC_TEACHING_FIXTURE
SYN_QUERY_001_0215	SYN_QUERY_001	HIT_0202	SYN_TOKEN_0202	SYN_CORPUS_A	SYN_1.0	REC_11	SYN_CORP_SPK_11	SESSION_11	CONV_06	ITEM_02	SYN_C2	north	casual	2010s		matched	True	True	True	True	True	True	True	True	True		SYNTHETIC_TEACHING_FIXTURE
SYN_QUERY_001_0216	SYN_QUERY_001	HIT_0203	SYN_TOKEN_0203	SYN_CORPUS_A	SYN_1.0	REC_11	SYN_CORP_SPK_11	SESSION_11	CONV_06	ITEM_03	SYN_C1	north	casual	2010s		ambiguous	True	True	True	True	True	True	True	False	False	linkage_ambiguous	SYNTHETIC_TEACHING_FIXTURE
SYN_QUERY_001_0217	SYN_QUERY_001	HIT_0204	SYN_TOKEN_0204	SYN_CORPUS_A	SYN_1.0	REC_11	SYN_CORP_SPK_11	SESSION_11	CONV_06	ITEM_04	SYN_C2	north	casual	2010s		matched	True	True	True	True	True	False	False	False	False	quality_rejected	SYNTHETIC_TEACHING_FIXTURE
SYN_QUERY_001_0218	SYN_QUERY_001	HIT_0205	SYN_TOKEN_0205	SYN_CORPUS_A	SYN_1.0	REC_11	SYN_CORP_SPK_11	SESSION_11	CONV_06	ITEM_05	SYN_C1	north	casual	2010s		matched	True	True	True	True	True	True	True	True	True		SYNTHETIC_TEACHING_FIXTURE
SYN_QUERY_001_0219	SYN_QUERY_001	HIT_0206	SYN_TOKEN_0206	SYN_CORPUS_A	SYN_1.0	REC_11	SYN_CORP_SPK_11	SESSION_11	CONV_06	ITEM_06	SYN_C2	north	casual	2010s		matched	True	True	True	True	True	True	True	True	True		SYNTHETIC_TEACHING_FIXTURE
SYN_QUERY_001_0220	SYN_QUERY_001	HIT_0207	SYN_TOKEN_0207	SYN_CORPUS_A	SYN_1.0	REC_11	SYN_CORP_SPK_11	SESSION_11	CONV_06	ITEM_07	SYN_C1	north	casual	2010s		matched	True	True	True	True	True	True	True	True	True		SYNTHETIC_TEACHING_FIXTURE
SYN_QUERY_001_0221	SYN_QUERY_001	HIT_0208	SYN_TOKEN_0208	SYN_CORPUS_A	SYN_1.0	REC_11	SYN_CORP_SPK_11	SESSION_11	CONV_06	ITEM_08	SYN_C2	north	casual	2010s		matched	True	True	True	True	True	False	False	False	False	quality_rejected	SYNTHETIC_TEACHING_FIXTURE
SYN_QUERY_001_0222	SYN_QUERY_001	HIT_0209	SYN_TOKEN_0209	SYN_CORPUS_A	SYN_1.0	REC_11	SYN_CORP_SPK_11	SESSION_11	CONV_06	ITEM_09	SYN_C1	north	casual	2010s		matched	True	True	True	True	True	True	True	True	True		SYNTHETIC_TEACHING_FIXTURE
SYN_QUERY_001_0223	SYN_QUERY_001	HIT_0210	SYN_TOKEN_0210	SYN_CORPUS_A	SYN_1.0	REC_11	SYN_CORP_SPK_11	SESSION_11	CONV_06	ITEM_10	SYN_C2	north	casual	2010s		matched	True	True	True	True	True	True	True	True	True		SYNTHETIC_TEACHING_FIXTURE
SYN_QUERY_001_0224	SYN_QUERY_001	HIT_0210_DUP	SYN_TOKEN_0210	SYN_CORPUS_A	SYN_1.0	REC_11	SYN_CORP_SPK_11	SESSION_11	CONV_06	ITEM_10	SYN_C2	north	casual	2010s	SYN_QUERY_001_0223	matched	True	False	False	False	False	False	False	False	False	duplicate	SYNTHETIC_TEACHING_FIXTURE
SYN_QUERY_001_0225	SYN_QUERY_001	HIT_0211	SYN_TOKEN_0211	SYN_CORPUS_A	SYN_1.0	REC_11	SYN_CORP_SPK_11	SESSION_11	CONV_06	ITEM_11	SYN_C1	north	casual	2010s		matched	True	True	True	True	True	True	True	True	True		SYNTHETIC_TEACHING_FIXTURE
SYN_QUERY_001_0226	SYN_QUERY_001	HIT_0212	SYN_TOKEN_0212	SYN_CORPUS_A	SYN_1.0	REC_11	SYN_CORP_SPK_11	SESSION_11	CONV_06	ITEM_12	SYN_C2	north	casual	2010s		matched	True	True	True	True	True	False	False	False	False	quality_rejected	SYNTHETIC_TEACHING_FIXTURE
SYN_QUERY_001_0227	SYN_QUERY_001	HIT_0213	SYN_TOKEN_0213	SYN_CORPUS_A	SYN_1.0	REC_11	SYN_CORP_SPK_11	SESSION_11	CONV_06	ITEM_13	SYN_C1	north	casual	2010s		matched	True	True	False	False	False	False	False	False	False	context_ineligible	SYNTHETIC_TEACHING_FIXTURE
SYN_QUERY_001_0228	SYN_QUERY_001	HIT_0214	SYN_TOKEN_0214	SYN_CORPUS_A	SYN_1.0	REC_11	SYN_CORP_SPK_11	SESSION_11	CONV_06	ITEM_14	SYN_C2	north	casual	2010s		matched	True	True	True	True	True	True	True	True	True		SYNTHETIC_TEACHING_FIXTURE
SYN_QUERY_001_0229	SYN_QUERY_001	HIT_0215	SYN_TOKEN_0215	SYN_CORPUS_A	SYN_1.0	REC_11	SYN_CORP_SPK_11	SESSION_11	CONV_06	ITEM_15	SYN_C1	north	casual	2010s		matched	True	True	True	True	True	True	True	True	True		SYNTHETIC_TEACHING_FIXTURE
SYN_QUERY_001_0230	SYN_QUERY_001	HIT_0216	SYN_TOKEN_0216	SYN_CORPUS_A	SYN_1.0	REC_11	SYN_CORP_SPK_11	SESSION_11	CONV_06	ITEM_16	SYN_C2	north	casual	2010s		matched	True	True	True	True	True	False	False	False	False	quality_rejected	SYNTHETIC_TEACHING_FIXTURE
SYN_QUERY_001_0231	SYN_QUERY_001	HIT_0217	SYN_TOKEN_0217	SYN_CORPUS_A	SYN_1.0	REC_11	SYN_CORP_SPK_11	SESSION_11	CONV_06	ITEM_17	SYN_C1	north	casual	2010s		matched	True	True	True	False	False	False	False	False	False	signal_unavailable	SYNTHETIC_TEACHING_FIXTURE
SYN_QUERY_001_0232	SYN_QUERY_001	HIT_0218	SYN_TOKEN_0218	SYN_CORPUS_A	SYN_1.0	REC_11	SYN_CORP_SPK_11	SESSION_11	CONV_06	ITEM_18	SYN_C2	north	casual	2010s		matched	True	True	True	True	True	True	True	True	True		SYNTHETIC_TEACHING_FIXTURE
SYN_QUERY_001_0233	SYN_QUERY_001	HIT_0219	SYN_TOKEN_0219	SYN_CORPUS_A	SYN_1.0	REC_11	SYN_CORP_SPK_11	SESSION_11	CONV_06	ITEM_19	SYN_C1	north	casual	2010s		matched	True	True	True	True	False	False	False	False	False	measurement_failure	SYNTHETIC_TEACHING_FIXTURE
SYN_QUERY_001_0234	SYN_QUERY_001	HIT_0220	SYN_TOKEN_0220	SYN_CORPUS_A	SYN_1.0	REC_11	SYN_CORP_SPK_11	SESSION_11	CONV_06	ITEM_20	SYN_C2	north	casual	2010s		matched	True	True	True	True	True	False	False	False	False	quality_rejected	SYNTHETIC_TEACHING_FIXTURE
SYN_QUERY_001_0235	SYN_QUERY_001	HIT_0221	SYN_TOKEN_0221	SYN_CORPUS_A	SYN_1.0	REC_12	SYN_CORP_SPK_12	SESSION_12	CONV_06	ITEM_01	SYN_C1	south	interview	2010s		matched	True	True	True	True	True	True	True	True	True		SYNTHETIC_TEACHING_FIXTURE
SYN_QUERY_001_0236	SYN_QUERY_001	HIT_0222	SYN_TOKEN_0222	SYN_CORPUS_A	SYN_1.0	REC_12	SYN_CORP_SPK_12	SESSION_12	CONV_06	ITEM_02	SYN_C2	south	interview	2010s		unmatched	True	True	True	True	True	True	True	False	False	linkage_unmatched	SYNTHETIC_TEACHING_FIXTURE
SYN_QUERY_001_0237	SYN_QUERY_001	HIT_0223	SYN_TOKEN_0223	SYN_CORPUS_A	SYN_1.0	REC_12	SYN_CORP_SPK_12	SESSION_12	CONV_06	ITEM_03	SYN_C1	south	interview	2010s		matched	True	True	True	True	True	True	True	True	True		SYNTHETIC_TEACHING_FIXTURE
SYN_QUERY_001_0238	SYN_QUERY_001	HIT_0224	SYN_TOKEN_0224	SYN_CORPUS_A	SYN_1.0	REC_12	SYN_CORP_SPK_12	SESSION_12	CONV_06	ITEM_04	SYN_C2	south	interview	2010s		matched	True	True	True	True	True	True	True	True	True		SYNTHETIC_TEACHING_FIXTURE
SYN_QUERY_001_0239	SYN_QUERY_001	HIT_0225	SYN_TOKEN_0225	SYN_CORPUS_A	SYN_1.0	REC_12	SYN_CORP_SPK_12	SESSION_12	CONV_06	ITEM_05	SYN_C1	south	interview	2010s		matched	True	True	True	True	True	True	True	True	True		SYNTHETIC_TEACHING_FIXTURE
SYN_QUERY_001_0240	SYN_QUERY_001	HIT_0225_DUP	SYN_TOKEN_0225	SYN_CORPUS_A	SYN_1.0	REC_12	SYN_CORP_SPK_12	SESSION_12	CONV_06	ITEM_05	SYN_C1	south	interview	2010s	SYN_QUERY_001_0239	matched	True	False	False	False	False	False	False	False	False	duplicate	SYNTHETIC_TEACHING_FIXTURE
SYN_QUERY_001_0241	SYN_QUERY_001	HIT_0226	SYN_TOKEN_0226	SYN_CORPUS_A	SYN_1.0	REC_12	SYN_CORP_SPK_12	SESSION_12	CONV_06	ITEM_06	SYN_C2	south	interview	2010s		matched	True	True	True	True	True	True	True	True	True		SYNTHETIC_TEACHING_FIXTURE
SYN_QUERY_001_0242	SYN_QUERY_001	HIT_0227	SYN_TOKEN_0227	SYN_CORPUS_A	SYN_1.0	REC_12	SYN_CORP_SPK_12	SESSION_12	CONV_06	ITEM_07	SYN_C1	south	interview	2010s		matched	True	True	True	True	True	True	True	True	True		SYNTHETIC_TEACHING_FIXTURE
SYN_QUERY_001_0243	SYN_QUERY_001	HIT_0228	SYN_TOKEN_0228	SYN_CORPUS_A	SYN_1.0	REC_12	SYN_CORP_SPK_12	SESSION_12	CONV_06	ITEM_08	SYN_C2	south	interview	2010s		matched	True	True	True	True	True	True	True	True	True		SYNTHETIC_TEACHING_FIXTURE
SYN_QUERY_001_0244	SYN_QUERY_001	HIT_0229	SYN_TOKEN_0229	SYN_CORPUS_A	SYN_1.0	REC_12	SYN_CORP_SPK_12	SESSION_12	CONV_06	ITEM_09	SYN_C1	south	interview	2010s		matched	True	True	True	True	True	True	True	True	True		SYNTHETIC_TEACHING_FIXTURE
SYN_QUERY_001_0245	SYN_QUERY_001	HIT_0230	SYN_TOKEN_0230	SYN_CORPUS_A	SYN_1.0	REC_12	SYN_CORP_SPK_12	SESSION_12	CONV_06	ITEM_10	SYN_C2	south	interview	2010s		matched	True	True	True	True	True	True	True	True	True		SYNTHETIC_TEACHING_FIXTURE
SYN_QUERY_001_0246	SYN_QUERY_001	HIT_0231	SYN_TOKEN_0231	SYN_CORPUS_A	SYN_1.0	REC_12	SYN_CORP_SPK_12	SESSION_12	CONV_06	ITEM_11	SYN_C1	south	interview	2010s		matched	True	True	True	True	True	True	True	True	True		SYNTHETIC_TEACHING_FIXTURE
SYN_QUERY_001_0247	SYN_QUERY_001	HIT_0232	SYN_TOKEN_0232	SYN_CORPUS_A	SYN_1.0	REC_12	SYN_CORP_SPK_12	SESSION_12	CONV_06	ITEM_12	SYN_C2	south	interview	2010s		ambiguous	True	True	True	True	True	True	True	False	False	linkage_ambiguous	SYNTHETIC_TEACHING_FIXTURE
SYN_QUERY_001_0248	SYN_QUERY_001	HIT_0233	SYN_TOKEN_0233	SYN_CORPUS_A	SYN_1.0	REC_12	SYN_CORP_SPK_12	SESSION_12	CONV_06	ITEM_13	SYN_C1	south	interview	2010s		matched	True	True	False	False	False	False	False	False	False	context_ineligible	SYNTHETIC_TEACHING_FIXTURE
SYN_QUERY_001_0249	SYN_QUERY_001	HIT_0234	SYN_TOKEN_0234	SYN_CORPUS_A	SYN_1.0	REC_12	SYN_CORP_SPK_12	SESSION_12	CONV_06	ITEM_14	SYN_C2	south	interview	2010s		matched	True	True	True	True	True	True	True	True	True		SYNTHETIC_TEACHING_FIXTURE
SYN_QUERY_001_0250	SYN_QUERY_001	HIT_0235	SYN_TOKEN_0235	SYN_CORPUS_A	SYN_1.0	REC_12	SYN_CORP_SPK_12	SESSION_12	CONV_06	ITEM_15	SYN_C1	south	interview	2010s		matched	True	True	True	True	True	True	True	True	True		SYNTHETIC_TEACHING_FIXTURE
SYN_QUERY_001_0251	SYN_QUERY_001	HIT_0236	SYN_TOKEN_0236	SYN_CORPUS_A	SYN_1.0	REC_12	SYN_CORP_SPK_12	SESSION_12	CONV_06	ITEM_16	SYN_C2	south	interview	2010s		matched	True	True	True	True	True	True	True	True	True		SYNTHETIC_TEACHING_FIXTURE
SYN_QUERY_001_0252	SYN_QUERY_001	HIT_0237	SYN_TOKEN_0237	SYN_CORPUS_A	SYN_1.0	REC_12	SYN_CORP_SPK_12	SESSION_12	CONV_06	ITEM_17	SYN_C1	south	interview	2010s		matched	True	True	True	False	False	False	False	False	False	signal_unavailable	SYNTHETIC_TEACHING_FIXTURE
SYN_QUERY_001_0253	SYN_QUERY_001	HIT_0238	SYN_TOKEN_0238	SYN_CORPUS_A	SYN_1.0	REC_12	SYN_CORP_SPK_12	SESSION_12	CONV_06	ITEM_18	SYN_C2	south	interview	2010s		matched	True	True	True	True	True	True	True	True	True		SYNTHETIC_TEACHING_FIXTURE
SYN_QUERY_001_0254	SYN_QUERY_001	HIT_0239	SYN_TOKEN_0239	SYN_CORPUS_A	SYN_1.0	REC_12	SYN_CORP_SPK_12	SESSION_12	CONV_06	ITEM_19	SYN_C1	south	interview	2010s		matched	True	True	True	True	False	False	False	False	False	measurement_failure	SYNTHETIC_TEACHING_FIXTURE
SYN_QUERY_001_0255	SYN_QUERY_001	HIT_0240	SYN_TOKEN_0240	SYN_CORPUS_A	SYN_1.0	REC_12	SYN_CORP_SPK_12	SESSION_12	CONV_06	ITEM_20	SYN_C2	south	interview	2010s		matched	True	True	True	True	True	True	True	True	True		SYNTHETIC_TEACHING_FIXTURE
SYN_QUERY_001_0256	SYN_QUERY_001	HIT_0240_DUP	SYN_TOKEN_0240	SYN_CORPUS_A	SYN_1.0	REC_12	SYN_CORP_SPK_12	SESSION_12	CONV_06	ITEM_20	SYN_C2	south	interview	2010s	SYN_QUERY_001_0255	matched	True	False	False	False	False	False	False	False	False	duplicate	SYNTHETIC_TEACHING_FIXTURE
SYN_QUERY_001_0257	SYN_QUERY_001	HIT_0241	SYN_TOKEN_0241	SYN_CORPUS_A	SYN_1.0	REC_13	SYN_CORP_SPK_13	SESSION_13	CONV_07	ITEM_01	SYN_C1	north	casual	2010s		matched	True	True	True	True	True	True	True	True	True		SYNTHETIC_TEACHING_FIXTURE
SYN_QUERY_001_0258	SYN_QUERY_001	HIT_0242	SYN_TOKEN_0242	SYN_CORPUS_A	SYN_1.0	REC_13	SYN_CORP_SPK_13	SESSION_13	CONV_07	ITEM_02	SYN_C2	north	casual	2010s		matched	True	True	True	True	True	True	True	True	True		SYNTHETIC_TEACHING_FIXTURE
SYN_QUERY_001_0259	SYN_QUERY_001	HIT_0243	SYN_TOKEN_0243	SYN_CORPUS_A	SYN_1.0	REC_13	SYN_CORP_SPK_13	SESSION_13	CONV_07	ITEM_03	SYN_C1	north	casual	2010s		matched	True	True	True	True	True	True	True	True	True		SYNTHETIC_TEACHING_FIXTURE
SYN_QUERY_001_0260	SYN_QUERY_001	HIT_0244	SYN_TOKEN_0244	SYN_CORPUS_A	SYN_1.0	REC_13	SYN_CORP_SPK_13	SESSION_13	CONV_07	ITEM_04	SYN_C2	north	casual	2010s		matched	True	True	True	True	True	True	True	True	True		SYNTHETIC_TEACHING_FIXTURE
SYN_QUERY_001_0261	SYN_QUERY_001	HIT_0245	SYN_TOKEN_0245	SYN_CORPUS_A	SYN_1.0	REC_13	SYN_CORP_SPK_13	SESSION_13	CONV_07	ITEM_05	SYN_C1	north	casual	2010s		matched	True	True	True	True	True	True	True	True	True		SYNTHETIC_TEACHING_FIXTURE
SYN_QUERY_001_0262	SYN_QUERY_001	HIT_0246	SYN_TOKEN_0246	SYN_CORPUS_A	SYN_1.0	REC_13	SYN_CORP_SPK_13	SESSION_13	CONV_07	ITEM_06	SYN_C2	north	casual	2010s		matched	True	True	True	True	True	True	True	True	True		SYNTHETIC_TEACHING_FIXTURE
SYN_QUERY_001_0263	SYN_QUERY_001	HIT_0247	SYN_TOKEN_0247	SYN_CORPUS_A	SYN_1.0	REC_13	SYN_CORP_SPK_13	SESSION_13	CONV_07	ITEM_07	SYN_C1	north	casual	2010s		matched	True	True	True	True	True	True	True	True	True		SYNTHETIC_TEACHING_FIXTURE
SYN_QUERY_001_0264	SYN_QUERY_001	HIT_0248	SYN_TOKEN_0248	SYN_CORPUS_A	SYN_1.0	REC_13	SYN_CORP_SPK_13	SESSION_13	CONV_07	ITEM_08	SYN_C2	north	casual	2010s		matched	True	True	True	True	True	True	True	True	True		SYNTHETIC_TEACHING_FIXTURE
SYN_QUERY_001_0265	SYN_QUERY_001	HIT_0249	SYN_TOKEN_0249	SYN_CORPUS_A	SYN_1.0	REC_13	SYN_CORP_SPK_13	SESSION_13	CONV_07	ITEM_09	SYN_C1	north	casual	2010s		matched	True	True	True	True	True	True	True	True	True		SYNTHETIC_TEACHING_FIXTURE
SYN_QUERY_001_0266	SYN_QUERY_001	HIT_0250	SYN_TOKEN_0250	SYN_CORPUS_A	SYN_1.0	REC_13	SYN_CORP_SPK_13	SESSION_13	CONV_07	ITEM_10	SYN_C2	north	casual	2010s		matched	True	True	True	True	True	True	True	True	True		SYNTHETIC_TEACHING_FIXTURE
SYN_QUERY_001_0267	SYN_QUERY_001	HIT_0251	SYN_TOKEN_0251	SYN_CORPUS_A	SYN_1.0	REC_13	SYN_CORP_SPK_13	SESSION_13	CONV_07	ITEM_11	SYN_C1	north	casual	2010s		matched	True	True	True	True	True	True	True	True	True		SYNTHETIC_TEACHING_FIXTURE
SYN_QUERY_001_0268	SYN_QUERY_001	HIT_0252	SYN_TOKEN_0252	SYN_CORPUS_A	SYN_1.0	REC_13	SYN_CORP_SPK_13	SESSION_13	CONV_07	ITEM_12	SYN_C2	north	casual	2010s		matched	True	True	True	True	True	True	True	True	True		SYNTHETIC_TEACHING_FIXTURE
SYN_QUERY_001_0269	SYN_QUERY_001	HIT_0253	SYN_TOKEN_0253	SYN_CORPUS_A	SYN_1.0	REC_13	SYN_CORP_SPK_13	SESSION_13	CONV_07	ITEM_13	SYN_C1	north	casual	2010s		matched	True	True	False	False	False	False	False	False	False	context_ineligible	SYNTHETIC_TEACHING_FIXTURE
SYN_QUERY_001_0270	SYN_QUERY_001	HIT_0254	SYN_TOKEN_0254	SYN_CORPUS_A	SYN_1.0	REC_13	SYN_CORP_SPK_13	SESSION_13	CONV_07	ITEM_14	SYN_C2	north	casual	2010s		matched	True	True	True	True	True	True	True	True	True		SYNTHETIC_TEACHING_FIXTURE
SYN_QUERY_001_0271	SYN_QUERY_001	HIT_0255	SYN_TOKEN_0255	SYN_CORPUS_A	SYN_1.0	REC_13	SYN_CORP_SPK_13	SESSION_13	CONV_07	ITEM_15	SYN_C1	north	casual	2010s		matched	True	True	True	True	True	True	True	True	True		SYNTHETIC_TEACHING_FIXTURE
SYN_QUERY_001_0272	SYN_QUERY_001	HIT_0255_DUP	SYN_TOKEN_0255	SYN_CORPUS_A	SYN_1.0	REC_13	SYN_CORP_SPK_13	SESSION_13	CONV_07	ITEM_15	SYN_C1	north	casual	2010s	SYN_QUERY_001_0271	matched	True	False	False	False	False	False	False	False	False	duplicate	SYNTHETIC_TEACHING_FIXTURE
SYN_QUERY_001_0273	SYN_QUERY_001	HIT_0256	SYN_TOKEN_0256	SYN_CORPUS_A	SYN_1.0	REC_13	SYN_CORP_SPK_13	SESSION_13	CONV_07	ITEM_16	SYN_C2	north	casual	2010s		matched	True	True	True	True	True	True	True	True	True		SYNTHETIC_TEACHING_FIXTURE
SYN_QUERY_001_0274	SYN_QUERY_001	HIT_0257	SYN_TOKEN_0257	SYN_CORPUS_A	SYN_1.0	REC_13	SYN_CORP_SPK_13	SESSION_13	CONV_07	ITEM_17	SYN_C1	north	casual	2010s		matched	True	True	True	False	False	False	False	False	False	signal_unavailable	SYNTHETIC_TEACHING_FIXTURE
SYN_QUERY_001_0275	SYN_QUERY_001	HIT_0258	SYN_TOKEN_0258	SYN_CORPUS_A	SYN_1.0	REC_13	SYN_CORP_SPK_13	SESSION_13	CONV_07	ITEM_18	SYN_C2	north	casual	2010s		matched	True	True	True	True	True	True	True	True	True		SYNTHETIC_TEACHING_FIXTURE
SYN_QUERY_001_0276	SYN_QUERY_001	HIT_0259	SYN_TOKEN_0259	SYN_CORPUS_A	SYN_1.0	REC_13	SYN_CORP_SPK_13	SESSION_13	CONV_07	ITEM_19	SYN_C1	north	casual	2010s		unmatched	True	True	True	True	False	False	False	False	False	measurement_failure	SYNTHETIC_TEACHING_FIXTURE
SYN_QUERY_001_0277	SYN_QUERY_001	HIT_0260	SYN_TOKEN_0260	SYN_CORPUS_A	SYN_1.0	REC_13	SYN_CORP_SPK_13	SESSION_13	CONV_07	ITEM_20	SYN_C2	north	casual	2010s		matched	True	True	True	True	True	True	True	True	True		SYNTHETIC_TEACHING_FIXTURE
SYN_QUERY_001_0278	SYN_QUERY_001	HIT_0261	SYN_TOKEN_0261	SYN_CORPUS_A	SYN_1.0	REC_14	SYN_CORP_SPK_14	SESSION_14	CONV_07	ITEM_01	SYN_C1	north	interview	2010s		ambiguous	True	True	True	True	True	True	True	False	False	linkage_ambiguous	SYNTHETIC_TEACHING_FIXTURE
SYN_QUERY_001_0279	SYN_QUERY_001	HIT_0262	SYN_TOKEN_0262	SYN_CORPUS_A	SYN_1.0	REC_14	SYN_CORP_SPK_14	SESSION_14	CONV_07	ITEM_02	SYN_C2	north	interview	2010s		matched	True	True	True	True	True	True	True	True	True		SYNTHETIC_TEACHING_FIXTURE
SYN_QUERY_001_0280	SYN_QUERY_001	HIT_0263	SYN_TOKEN_0263	SYN_CORPUS_A	SYN_1.0	REC_14	SYN_CORP_SPK_14	SESSION_14	CONV_07	ITEM_03	SYN_C1	north	interview	2010s		matched	True	True	True	True	True	True	True	True	True		SYNTHETIC_TEACHING_FIXTURE
SYN_QUERY_001_0281	SYN_QUERY_001	HIT_0264	SYN_TOKEN_0264	SYN_CORPUS_A	SYN_1.0	REC_14	SYN_CORP_SPK_14	SESSION_14	CONV_07	ITEM_04	SYN_C2	north	interview	2010s		matched	True	True	True	True	True	True	True	True	True		SYNTHETIC_TEACHING_FIXTURE
SYN_QUERY_001_0282	SYN_QUERY_001	HIT_0265	SYN_TOKEN_0265	SYN_CORPUS_A	SYN_1.0	REC_14	SYN_CORP_SPK_14	SESSION_14	CONV_07	ITEM_05	SYN_C1	north	interview	2010s		matched	True	True	True	True	True	True	True	True	True		SYNTHETIC_TEACHING_FIXTURE
SYN_QUERY_001_0283	SYN_QUERY_001	HIT_0266	SYN_TOKEN_0266	SYN_CORPUS_A	SYN_1.0	REC_14	SYN_CORP_SPK_14	SESSION_14	CONV_07	ITEM_06	SYN_C2	north	interview	2010s		matched	True	True	True	True	True	True	True	True	True		SYNTHETIC_TEACHING_FIXTURE
SYN_QUERY_001_0284	SYN_QUERY_001	HIT_0267	SYN_TOKEN_0267	SYN_CORPUS_A	SYN_1.0	REC_14	SYN_CORP_SPK_14	SESSION_14	CONV_07	ITEM_07	SYN_C1	north	interview	2010s		matched	True	True	True	True	True	True	True	True	True		SYNTHETIC_TEACHING_FIXTURE
SYN_QUERY_001_0285	SYN_QUERY_001	HIT_0268	SYN_TOKEN_0268	SYN_CORPUS_A	SYN_1.0	REC_14	SYN_CORP_SPK_14	SESSION_14	CONV_07	ITEM_08	SYN_C2	north	interview	2010s		matched	True	True	True	True	True	True	True	True	True		SYNTHETIC_TEACHING_FIXTURE
SYN_QUERY_001_0286	SYN_QUERY_001	HIT_0269	SYN_TOKEN_0269	SYN_CORPUS_A	SYN_1.0	REC_14	SYN_CORP_SPK_14	SESSION_14	CONV_07	ITEM_09	SYN_C1	north	interview	2010s		matched	True	True	True	True	True	True	True	True	True		SYNTHETIC_TEACHING_FIXTURE
SYN_QUERY_001_0287	SYN_QUERY_001	HIT_0270	SYN_TOKEN_0270	SYN_CORPUS_A	SYN_1.0	REC_14	SYN_CORP_SPK_14	SESSION_14	CONV_07	ITEM_10	SYN_C2	north	interview	2010s		matched	True	True	True	True	True	True	True	True	True		SYNTHETIC_TEACHING_FIXTURE
SYN_QUERY_001_0288	SYN_QUERY_001	HIT_0270_DUP	SYN_TOKEN_0270	SYN_CORPUS_A	SYN_1.0	REC_14	SYN_CORP_SPK_14	SESSION_14	CONV_07	ITEM_10	SYN_C2	north	interview	2010s	SYN_QUERY_001_0287	matched	True	False	False	False	False	False	False	False	False	duplicate	SYNTHETIC_TEACHING_FIXTURE
SYN_QUERY_001_0289	SYN_QUERY_001	HIT_0271	SYN_TOKEN_0271	SYN_CORPUS_A	SYN_1.0	REC_14	SYN_CORP_SPK_14	SESSION_14	CONV_07	ITEM_11	SYN_C1	north	interview	2010s		matched	True	True	True	True	True	True	True	True	True		SYNTHETIC_TEACHING_FIXTURE
SYN_QUERY_001_0290	SYN_QUERY_001	HIT_0272	SYN_TOKEN_0272	SYN_CORPUS_A	SYN_1.0	REC_14	SYN_CORP_SPK_14	SESSION_14	CONV_07	ITEM_12	SYN_C2	north	interview	2010s		matched	True	True	True	True	True	True	True	True	True		SYNTHETIC_TEACHING_FIXTURE
SYN_QUERY_001_0291	SYN_QUERY_001	HIT_0273	SYN_TOKEN_0273	SYN_CORPUS_A	SYN_1.0	REC_14	SYN_CORP_SPK_14	SESSION_14	CONV_07	ITEM_13	SYN_C1	north	interview	2010s		matched	True	True	False	False	False	False	False	False	False	context_ineligible	SYNTHETIC_TEACHING_FIXTURE
SYN_QUERY_001_0292	SYN_QUERY_001	HIT_0274	SYN_TOKEN_0274	SYN_CORPUS_A	SYN_1.0	REC_14	SYN_CORP_SPK_14	SESSION_14	CONV_07	ITEM_14	SYN_C2	north	interview	2010s		matched	True	True	True	True	True	True	True	True	True		SYNTHETIC_TEACHING_FIXTURE
SYN_QUERY_001_0293	SYN_QUERY_001	HIT_0275	SYN_TOKEN_0275	SYN_CORPUS_A	SYN_1.0	REC_14	SYN_CORP_SPK_14	SESSION_14	CONV_07	ITEM_15	SYN_C1	north	interview	2010s		matched	True	True	True	True	True	True	True	True	True		SYNTHETIC_TEACHING_FIXTURE
SYN_QUERY_001_0294	SYN_QUERY_001	HIT_0276	SYN_TOKEN_0276	SYN_CORPUS_A	SYN_1.0	REC_14	SYN_CORP_SPK_14	SESSION_14	CONV_07	ITEM_16	SYN_C2	north	interview	2010s		matched	True	True	True	True	True	True	True	True	True		SYNTHETIC_TEACHING_FIXTURE
SYN_QUERY_001_0295	SYN_QUERY_001	HIT_0277	SYN_TOKEN_0277	SYN_CORPUS_A	SYN_1.0	REC_14	SYN_CORP_SPK_14	SESSION_14	CONV_07	ITEM_17	SYN_C1	north	interview	2010s		matched	True	True	True	False	False	False	False	False	False	signal_unavailable	SYNTHETIC_TEACHING_FIXTURE
SYN_QUERY_001_0296	SYN_QUERY_001	HIT_0278	SYN_TOKEN_0278	SYN_CORPUS_A	SYN_1.0	REC_14	SYN_CORP_SPK_14	SESSION_14	CONV_07	ITEM_18	SYN_C2	north	interview	2010s		matched	True	True	True	True	True	True	True	True	True		SYNTHETIC_TEACHING_FIXTURE
SYN_QUERY_001_0297	SYN_QUERY_001	HIT_0279	SYN_TOKEN_0279	SYN_CORPUS_A	SYN_1.0	REC_14	SYN_CORP_SPK_14	SESSION_14	CONV_07	ITEM_19	SYN_C1	north	interview	2010s		matched	True	True	True	True	False	False	False	False	False	measurement_failure	SYNTHETIC_TEACHING_FIXTURE
SYN_QUERY_001_0298	SYN_QUERY_001	HIT_0280	SYN_TOKEN_0280	SYN_CORPUS_A	SYN_1.0	REC_14	SYN_CORP_SPK_14	SESSION_14	CONV_07	ITEM_20	SYN_C2	north	interview	2010s		matched	True	True	True	True	True	True	True	True	True		SYNTHETIC_TEACHING_FIXTURE
SYN_QUERY_001_0299	SYN_QUERY_001	HIT_0281	SYN_TOKEN_0281	SYN_CORPUS_A	SYN_1.0	REC_15	SYN_CORP_SPK_15	SESSION_15	CONV_08	ITEM_01	SYN_C1	south	casual	2010s		matched	True	True	True	True	True	True	True	True	True		SYNTHETIC_TEACHING_FIXTURE
SYN_QUERY_001_0300	SYN_QUERY_001	HIT_0282	SYN_TOKEN_0282	SYN_CORPUS_A	SYN_1.0	REC_15	SYN_CORP_SPK_15	SESSION_15	CONV_08	ITEM_02	SYN_C2	south	casual	2010s		matched	True	True	True	True	True	True	True	True	True		SYNTHETIC_TEACHING_FIXTURE
SYN_QUERY_001_0301	SYN_QUERY_001	HIT_0283	SYN_TOKEN_0283	SYN_CORPUS_A	SYN_1.0	REC_15	SYN_CORP_SPK_15	SESSION_15	CONV_08	ITEM_03	SYN_C1	south	casual	2010s		matched	True	True	True	True	True	True	True	True	True		SYNTHETIC_TEACHING_FIXTURE
SYN_QUERY_001_0302	SYN_QUERY_001	HIT_0284	SYN_TOKEN_0284	SYN_CORPUS_A	SYN_1.0	REC_15	SYN_CORP_SPK_15	SESSION_15	CONV_08	ITEM_04	SYN_C2	south	casual	2010s		matched	True	True	True	True	True	True	True	True	True		SYNTHETIC_TEACHING_FIXTURE
SYN_QUERY_001_0303	SYN_QUERY_001	HIT_0285	SYN_TOKEN_0285	SYN_CORPUS_A	SYN_1.0	REC_15	SYN_CORP_SPK_15	SESSION_15	CONV_08	ITEM_05	SYN_C1	south	casual	2010s		matched	True	True	True	True	True	True	True	True	True		SYNTHETIC_TEACHING_FIXTURE
SYN_QUERY_001_0304	SYN_QUERY_001	HIT_0285_DUP	SYN_TOKEN_0285	SYN_CORPUS_A	SYN_1.0	REC_15	SYN_CORP_SPK_15	SESSION_15	CONV_08	ITEM_05	SYN_C1	south	casual	2010s	SYN_QUERY_001_0303	matched	True	False	False	False	False	False	False	False	False	duplicate	SYNTHETIC_TEACHING_FIXTURE
SYN_QUERY_001_0305	SYN_QUERY_001	HIT_0286	SYN_TOKEN_0286	SYN_CORPUS_A	SYN_1.0	REC_15	SYN_CORP_SPK_15	SESSION_15	CONV_08	ITEM_06	SYN_C2	south	casual	2010s		matched	True	True	True	True	True	True	True	True	True		SYNTHETIC_TEACHING_FIXTURE
SYN_QUERY_001_0306	SYN_QUERY_001	HIT_0287	SYN_TOKEN_0287	SYN_CORPUS_A	SYN_1.0	REC_15	SYN_CORP_SPK_15	SESSION_15	CONV_08	ITEM_07	SYN_C1	south	casual	2010s		matched	True	True	True	True	True	True	True	True	True		SYNTHETIC_TEACHING_FIXTURE
SYN_QUERY_001_0307	SYN_QUERY_001	HIT_0288	SYN_TOKEN_0288	SYN_CORPUS_A	SYN_1.0	REC_15	SYN_CORP_SPK_15	SESSION_15	CONV_08	ITEM_08	SYN_C2	south	casual	2010s		matched	True	True	True	True	True	True	True	True	True		SYNTHETIC_TEACHING_FIXTURE
SYN_QUERY_001_0308	SYN_QUERY_001	HIT_0289	SYN_TOKEN_0289	SYN_CORPUS_A	SYN_1.0	REC_15	SYN_CORP_SPK_15	SESSION_15	CONV_08	ITEM_09	SYN_C1	south	casual	2010s		matched	True	True	True	True	True	True	True	True	True		SYNTHETIC_TEACHING_FIXTURE
SYN_QUERY_001_0309	SYN_QUERY_001	HIT_0290	SYN_TOKEN_0290	SYN_CORPUS_A	SYN_1.0	REC_15	SYN_CORP_SPK_15	SESSION_15	CONV_08	ITEM_10	SYN_C2	south	casual	2010s		ambiguous	True	True	True	True	True	True	True	False	False	linkage_ambiguous	SYNTHETIC_TEACHING_FIXTURE
SYN_QUERY_001_0310	SYN_QUERY_001	HIT_0291	SYN_TOKEN_0291	SYN_CORPUS_A	SYN_1.0	REC_15	SYN_CORP_SPK_15	SESSION_15	CONV_08	ITEM_11	SYN_C1	south	casual	2010s		matched	True	True	True	True	True	True	True	True	True		SYNTHETIC_TEACHING_FIXTURE
SYN_QUERY_001_0311	SYN_QUERY_001	HIT_0292	SYN_TOKEN_0292	SYN_CORPUS_A	SYN_1.0	REC_15	SYN_CORP_SPK_15	SESSION_15	CONV_08	ITEM_12	SYN_C2	south	casual	2010s		matched	True	True	True	True	True	True	True	True	True		SYNTHETIC_TEACHING_FIXTURE
SYN_QUERY_001_0312	SYN_QUERY_001	HIT_0293	SYN_TOKEN_0293	SYN_CORPUS_A	SYN_1.0	REC_15	SYN_CORP_SPK_15	SESSION_15	CONV_08	ITEM_13	SYN_C1	south	casual	2010s		matched	True	True	False	False	False	False	False	False	False	context_ineligible	SYNTHETIC_TEACHING_FIXTURE
SYN_QUERY_001_0313	SYN_QUERY_001	HIT_0294	SYN_TOKEN_0294	SYN_CORPUS_A	SYN_1.0	REC_15	SYN_CORP_SPK_15	SESSION_15	CONV_08	ITEM_14	SYN_C2	south	casual	2010s		matched	True	True	True	True	True	True	True	True	True		SYNTHETIC_TEACHING_FIXTURE
SYN_QUERY_001_0314	SYN_QUERY_001	HIT_0295	SYN_TOKEN_0295	SYN_CORPUS_A	SYN_1.0	REC_15	SYN_CORP_SPK_15	SESSION_15	CONV_08	ITEM_15	SYN_C1	south	casual	2010s		matched	True	True	True	True	True	True	True	True	True		SYNTHETIC_TEACHING_FIXTURE
SYN_QUERY_001_0315	SYN_QUERY_001	HIT_0296	SYN_TOKEN_0296	SYN_CORPUS_A	SYN_1.0	REC_15	SYN_CORP_SPK_15	SESSION_15	CONV_08	ITEM_16	SYN_C2	south	casual	2010s		unmatched	True	True	True	True	True	True	True	False	False	linkage_unmatched	SYNTHETIC_TEACHING_FIXTURE
SYN_QUERY_001_0316	SYN_QUERY_001	HIT_0297	SYN_TOKEN_0297	SYN_CORPUS_A	SYN_1.0	REC_15	SYN_CORP_SPK_15	SESSION_15	CONV_08	ITEM_17	SYN_C1	south	casual	2010s		matched	True	True	True	False	False	False	False	False	False	signal_unavailable	SYNTHETIC_TEACHING_FIXTURE
SYN_QUERY_001_0317	SYN_QUERY_001	HIT_0298	SYN_TOKEN_0298	SYN_CORPUS_A	SYN_1.0	REC_15	SYN_CORP_SPK_15	SESSION_15	CONV_08	ITEM_18	SYN_C2	south	casual	2010s		matched	True	True	True	True	True	True	True	True	True		SYNTHETIC_TEACHING_FIXTURE
SYN_QUERY_001_0318	SYN_QUERY_001	HIT_0299	SYN_TOKEN_0299	SYN_CORPUS_A	SYN_1.0	REC_15	SYN_CORP_SPK_15	SESSION_15	CONV_08	ITEM_19	SYN_C1	south	casual	2010s		matched	True	True	True	True	False	False	False	False	False	measurement_failure	SYNTHETIC_TEACHING_FIXTURE
SYN_QUERY_001_0319	SYN_QUERY_001	HIT_0300	SYN_TOKEN_0300	SYN_CORPUS_A	SYN_1.0	REC_15	SYN_CORP_SPK_15	SESSION_15	CONV_08	ITEM_20	SYN_C2	south	casual	2010s		matched	True	True	True	True	True	True	True	True	True		SYNTHETIC_TEACHING_FIXTURE
SYN_QUERY_001_0320	SYN_QUERY_001	HIT_0300_DUP	SYN_TOKEN_0300	SYN_CORPUS_A	SYN_1.0	REC_15	SYN_CORP_SPK_15	SESSION_15	CONV_08	ITEM_20	SYN_C2	south	casual	2010s	SYN_QUERY_001_0319	matched	True	False	False	False	False	False	False	False	False	duplicate	SYNTHETIC_TEACHING_FIXTURE
SYN_QUERY_001_0321	SYN_QUERY_001	HIT_0301	SYN_TOKEN_0301	SYN_CORPUS_A	SYN_1.0	REC_16	SYN_CORP_SPK_16	SESSION_16	CONV_08	ITEM_01	SYN_C1	north	interview	2010s		matched	True	True	True	True	True	True	True	True	True		SYNTHETIC_TEACHING_FIXTURE
SYN_QUERY_001_0322	SYN_QUERY_001	HIT_0302	SYN_TOKEN_0302	SYN_CORPUS_A	SYN_1.0	REC_16	SYN_CORP_SPK_16	SESSION_16	CONV_08	ITEM_02	SYN_C2	north	interview	2010s		matched	True	True	True	True	True	True	True	True	True		SYNTHETIC_TEACHING_FIXTURE
SYN_QUERY_001_0323	SYN_QUERY_001	HIT_0303	SYN_TOKEN_0303	SYN_CORPUS_A	SYN_1.0	REC_16	SYN_CORP_SPK_16	SESSION_16	CONV_08	ITEM_03	SYN_C1	north	interview	2010s		matched	True	True	True	True	True	True	True	True	True		SYNTHETIC_TEACHING_FIXTURE
SYN_QUERY_001_0324	SYN_QUERY_001	HIT_0304	SYN_TOKEN_0304	SYN_CORPUS_A	SYN_1.0	REC_16	SYN_CORP_SPK_16	SESSION_16	CONV_08	ITEM_04	SYN_C2	north	interview	2010s		matched	True	True	True	True	True	True	True	True	True		SYNTHETIC_TEACHING_FIXTURE
SYN_QUERY_001_0325	SYN_QUERY_001	HIT_0305	SYN_TOKEN_0305	SYN_CORPUS_A	SYN_1.0	REC_16	SYN_CORP_SPK_16	SESSION_16	CONV_08	ITEM_05	SYN_C1	north	interview	2010s		matched	True	True	True	True	True	True	True	True	True		SYNTHETIC_TEACHING_FIXTURE
SYN_QUERY_001_0326	SYN_QUERY_001	HIT_0306	SYN_TOKEN_0306	SYN_CORPUS_A	SYN_1.0	REC_16	SYN_CORP_SPK_16	SESSION_16	CONV_08	ITEM_06	SYN_C2	north	interview	2010s		matched	True	True	True	True	True	True	True	True	True		SYNTHETIC_TEACHING_FIXTURE
SYN_QUERY_001_0327	SYN_QUERY_001	HIT_0307	SYN_TOKEN_0307	SYN_CORPUS_A	SYN_1.0	REC_16	SYN_CORP_SPK_16	SESSION_16	CONV_08	ITEM_07	SYN_C1	north	interview	2010s		matched	True	True	True	True	True	True	True	True	True		SYNTHETIC_TEACHING_FIXTURE
SYN_QUERY_001_0328	SYN_QUERY_001	HIT_0308	SYN_TOKEN_0308	SYN_CORPUS_A	SYN_1.0	REC_16	SYN_CORP_SPK_16	SESSION_16	CONV_08	ITEM_08	SYN_C2	north	interview	2010s		matched	True	True	True	True	True	True	True	True	True		SYNTHETIC_TEACHING_FIXTURE
SYN_QUERY_001_0329	SYN_QUERY_001	HIT_0309	SYN_TOKEN_0309	SYN_CORPUS_A	SYN_1.0	REC_16	SYN_CORP_SPK_16	SESSION_16	CONV_08	ITEM_09	SYN_C1	north	interview	2010s		matched	True	True	True	True	True	True	True	True	True		SYNTHETIC_TEACHING_FIXTURE
SYN_QUERY_001_0330	SYN_QUERY_001	HIT_0310	SYN_TOKEN_0310	SYN_CORPUS_A	SYN_1.0	REC_16	SYN_CORP_SPK_16	SESSION_16	CONV_08	ITEM_10	SYN_C2	north	interview	2010s		matched	True	True	True	True	True	True	True	True	True		SYNTHETIC_TEACHING_FIXTURE
SYN_QUERY_001_0331	SYN_QUERY_001	HIT_0311	SYN_TOKEN_0311	SYN_CORPUS_A	SYN_1.0	REC_16	SYN_CORP_SPK_16	SESSION_16	CONV_08	ITEM_11	SYN_C1	north	interview	2010s		matched	True	True	True	True	True	True	True	True	True		SYNTHETIC_TEACHING_FIXTURE
SYN_QUERY_001_0332	SYN_QUERY_001	HIT_0312	SYN_TOKEN_0312	SYN_CORPUS_A	SYN_1.0	REC_16	SYN_CORP_SPK_16	SESSION_16	CONV_08	ITEM_12	SYN_C2	north	interview	2010s		matched	True	True	True	True	True	True	True	True	True		SYNTHETIC_TEACHING_FIXTURE
SYN_QUERY_001_0333	SYN_QUERY_001	HIT_0313	SYN_TOKEN_0313	SYN_CORPUS_A	SYN_1.0	REC_16	SYN_CORP_SPK_16	SESSION_16	CONV_08	ITEM_13	SYN_C1	north	interview	2010s		matched	True	True	False	False	False	False	False	False	False	context_ineligible	SYNTHETIC_TEACHING_FIXTURE
SYN_QUERY_001_0334	SYN_QUERY_001	HIT_0314	SYN_TOKEN_0314	SYN_CORPUS_A	SYN_1.0	REC_16	SYN_CORP_SPK_16	SESSION_16	CONV_08	ITEM_14	SYN_C2	north	interview	2010s		matched	True	True	True	True	True	True	True	True	True		SYNTHETIC_TEACHING_FIXTURE
SYN_QUERY_001_0335	SYN_QUERY_001	HIT_0315	SYN_TOKEN_0315	SYN_CORPUS_A	SYN_1.0	REC_16	SYN_CORP_SPK_16	SESSION_16	CONV_08	ITEM_15	SYN_C1	north	interview	2010s		matched	True	True	True	True	True	True	True	True	True		SYNTHETIC_TEACHING_FIXTURE
SYN_QUERY_001_0336	SYN_QUERY_001	HIT_0315_DUP	SYN_TOKEN_0315	SYN_CORPUS_A	SYN_1.0	REC_16	SYN_CORP_SPK_16	SESSION_16	CONV_08	ITEM_15	SYN_C1	north	interview	2010s	SYN_QUERY_001_0335	matched	True	False	False	False	False	False	False	False	False	duplicate	SYNTHETIC_TEACHING_FIXTURE
SYN_QUERY_001_0337	SYN_QUERY_001	HIT_0316	SYN_TOKEN_0316	SYN_CORPUS_A	SYN_1.0	REC_16	SYN_CORP_SPK_16	SESSION_16	CONV_08	ITEM_16	SYN_C2	north	interview	2010s		matched	True	True	True	True	True	True	True	True	True		SYNTHETIC_TEACHING_FIXTURE
SYN_QUERY_001_0338	SYN_QUERY_001	HIT_0317	SYN_TOKEN_0317	SYN_CORPUS_A	SYN_1.0	REC_16	SYN_CORP_SPK_16	SESSION_16	CONV_08	ITEM_17	SYN_C1	north	interview	2010s		matched	True	True	True	False	False	False	False	False	False	signal_unavailable	SYNTHETIC_TEACHING_FIXTURE
SYN_QUERY_001_0339	SYN_QUERY_001	HIT_0318	SYN_TOKEN_0318	SYN_CORPUS_A	SYN_1.0	REC_16	SYN_CORP_SPK_16	SESSION_16	CONV_08	ITEM_18	SYN_C2	north	interview	2010s		matched	True	True	True	True	True	True	True	True	True		SYNTHETIC_TEACHING_FIXTURE
SYN_QUERY_001_0340	SYN_QUERY_001	HIT_0319	SYN_TOKEN_0319	SYN_CORPUS_A	SYN_1.0	REC_16	SYN_CORP_SPK_16	SESSION_16	CONV_08	ITEM_19	SYN_C1	north	interview	2010s		ambiguous	True	True	True	True	False	False	False	False	False	measurement_failure	SYNTHETIC_TEACHING_FIXTURE
SYN_QUERY_001_0341	SYN_QUERY_001	HIT_0320	SYN_TOKEN_0320	SYN_CORPUS_A	SYN_1.0	REC_16	SYN_CORP_SPK_16	SESSION_16	CONV_08	ITEM_20	SYN_C2	north	interview	2010s		matched	True	True	True	True	True	True	True	True	True		SYNTHETIC_TEACHING_FIXTURE
SYN_QUERY_001_0342	SYN_QUERY_001	HIT_0321	SYN_TOKEN_0321	SYN_CORPUS_A	SYN_1.0	REC_17	SYN_CORP_SPK_17	SESSION_17	CONV_09	ITEM_01	SYN_C1	north	casual	2010s		matched	True	True	True	True	True	True	True	True	True		SYNTHETIC_TEACHING_FIXTURE
SYN_QUERY_001_0343	SYN_QUERY_001	HIT_0322	SYN_TOKEN_0322	SYN_CORPUS_A	SYN_1.0	REC_17	SYN_CORP_SPK_17	SESSION_17	CONV_09	ITEM_02	SYN_C2	north	casual	2010s		matched	True	True	True	True	True	True	True	True	True		SYNTHETIC_TEACHING_FIXTURE
SYN_QUERY_001_0344	SYN_QUERY_001	HIT_0323	SYN_TOKEN_0323	SYN_CORPUS_A	SYN_1.0	REC_17	SYN_CORP_SPK_17	SESSION_17	CONV_09	ITEM_03	SYN_C1	north	casual	2010s		matched	True	True	True	True	True	True	True	True	True		SYNTHETIC_TEACHING_FIXTURE
SYN_QUERY_001_0345	SYN_QUERY_001	HIT_0324	SYN_TOKEN_0324	SYN_CORPUS_A	SYN_1.0	REC_17	SYN_CORP_SPK_17	SESSION_17	CONV_09	ITEM_04	SYN_C2	north	casual	2010s		matched	True	True	True	True	True	True	True	True	True		SYNTHETIC_TEACHING_FIXTURE
SYN_QUERY_001_0346	SYN_QUERY_001	HIT_0325	SYN_TOKEN_0325	SYN_CORPUS_A	SYN_1.0	REC_17	SYN_CORP_SPK_17	SESSION_17	CONV_09	ITEM_05	SYN_C1	north	casual	2010s		matched	True	True	True	True	True	True	True	True	True		SYNTHETIC_TEACHING_FIXTURE
SYN_QUERY_001_0347	SYN_QUERY_001	HIT_0326	SYN_TOKEN_0326	SYN_CORPUS_A	SYN_1.0	REC_17	SYN_CORP_SPK_17	SESSION_17	CONV_09	ITEM_06	SYN_C2	north	casual	2010s		matched	True	True	True	True	True	True	True	True	True		SYNTHETIC_TEACHING_FIXTURE
SYN_QUERY_001_0348	SYN_QUERY_001	HIT_0327	SYN_TOKEN_0327	SYN_CORPUS_A	SYN_1.0	REC_17	SYN_CORP_SPK_17	SESSION_17	CONV_09	ITEM_07	SYN_C1	north	casual	2010s		matched	True	True	True	True	True	True	True	True	True		SYNTHETIC_TEACHING_FIXTURE
SYN_QUERY_001_0349	SYN_QUERY_001	HIT_0328	SYN_TOKEN_0328	SYN_CORPUS_A	SYN_1.0	REC_17	SYN_CORP_SPK_17	SESSION_17	CONV_09	ITEM_08	SYN_C2	north	casual	2010s		matched	True	True	True	True	True	True	True	True	True		SYNTHETIC_TEACHING_FIXTURE
SYN_QUERY_001_0350	SYN_QUERY_001	HIT_0329	SYN_TOKEN_0329	SYN_CORPUS_A	SYN_1.0	REC_17	SYN_CORP_SPK_17	SESSION_17	CONV_09	ITEM_09	SYN_C1	north	casual	2010s		matched	True	True	True	True	True	True	True	True	True		SYNTHETIC_TEACHING_FIXTURE
SYN_QUERY_001_0351	SYN_QUERY_001	HIT_0330	SYN_TOKEN_0330	SYN_CORPUS_A	SYN_1.0	REC_17	SYN_CORP_SPK_17	SESSION_17	CONV_09	ITEM_10	SYN_C2	north	casual	2010s		matched	True	True	True	True	True	True	True	True	True		SYNTHETIC_TEACHING_FIXTURE
SYN_QUERY_001_0352	SYN_QUERY_001	HIT_0330_DUP	SYN_TOKEN_0330	SYN_CORPUS_A	SYN_1.0	REC_17	SYN_CORP_SPK_17	SESSION_17	CONV_09	ITEM_10	SYN_C2	north	casual	2010s	SYN_QUERY_001_0351	matched	True	False	False	False	False	False	False	False	False	duplicate	SYNTHETIC_TEACHING_FIXTURE
SYN_QUERY_001_0353	SYN_QUERY_001	HIT_0331	SYN_TOKEN_0331	SYN_CORPUS_A	SYN_1.0	REC_17	SYN_CORP_SPK_17	SESSION_17	CONV_09	ITEM_11	SYN_C1	north	casual	2010s		matched	True	True	True	True	True	True	True	True	True		SYNTHETIC_TEACHING_FIXTURE
SYN_QUERY_001_0354	SYN_QUERY_001	HIT_0332	SYN_TOKEN_0332	SYN_CORPUS_A	SYN_1.0	REC_17	SYN_CORP_SPK_17	SESSION_17	CONV_09	ITEM_12	SYN_C2	north	casual	2010s		matched	True	True	True	True	True	True	True	True	True		SYNTHETIC_TEACHING_FIXTURE
SYN_QUERY_001_0355	SYN_QUERY_001	HIT_0333	SYN_TOKEN_0333	SYN_CORPUS_A	SYN_1.0	REC_17	SYN_CORP_SPK_17	SESSION_17	CONV_09	ITEM_13	SYN_C1	north	casual	2010s		unmatched	True	True	False	False	False	False	False	False	False	context_ineligible	SYNTHETIC_TEACHING_FIXTURE
SYN_QUERY_001_0356	SYN_QUERY_001	HIT_0334	SYN_TOKEN_0334	SYN_CORPUS_A	SYN_1.0	REC_17	SYN_CORP_SPK_17	SESSION_17	CONV_09	ITEM_14	SYN_C2	north	casual	2010s		matched	True	True	True	True	True	True	True	True	True		SYNTHETIC_TEACHING_FIXTURE
SYN_QUERY_001_0357	SYN_QUERY_001	HIT_0335	SYN_TOKEN_0335	SYN_CORPUS_A	SYN_1.0	REC_17	SYN_CORP_SPK_17	SESSION_17	CONV_09	ITEM_15	SYN_C1	north	casual	2010s		matched	True	True	True	True	True	True	True	True	True		SYNTHETIC_TEACHING_FIXTURE
SYN_QUERY_001_0358	SYN_QUERY_001	HIT_0336	SYN_TOKEN_0336	SYN_CORPUS_A	SYN_1.0	REC_17	SYN_CORP_SPK_17	SESSION_17	CONV_09	ITEM_16	SYN_C2	north	casual	2010s		matched	True	True	True	True	True	True	True	True	True		SYNTHETIC_TEACHING_FIXTURE
SYN_QUERY_001_0359	SYN_QUERY_001	HIT_0337	SYN_TOKEN_0337	SYN_CORPUS_A	SYN_1.0	REC_17	SYN_CORP_SPK_17	SESSION_17	CONV_09	ITEM_17	SYN_C1	north	casual	2010s		matched	True	True	True	False	False	False	False	False	False	signal_unavailable	SYNTHETIC_TEACHING_FIXTURE
SYN_QUERY_001_0360	SYN_QUERY_001	HIT_0338	SYN_TOKEN_0338	SYN_CORPUS_A	SYN_1.0	REC_17	SYN_CORP_SPK_17	SESSION_17	CONV_09	ITEM_18	SYN_C2	north	casual	2010s		matched	True	True	True	True	True	True	True	True	True		SYNTHETIC_TEACHING_FIXTURE
SYN_QUERY_001_0361	SYN_QUERY_001	HIT_0339	SYN_TOKEN_0339	SYN_CORPUS_A	SYN_1.0	REC_17	SYN_CORP_SPK_17	SESSION_17	CONV_09	ITEM_19	SYN_C1	north	casual	2010s		matched	True	True	True	True	False	False	False	False	False	measurement_failure	SYNTHETIC_TEACHING_FIXTURE
SYN_QUERY_001_0362	SYN_QUERY_001	HIT_0340	SYN_TOKEN_0340	SYN_CORPUS_A	SYN_1.0	REC_17	SYN_CORP_SPK_17	SESSION_17	CONV_09	ITEM_20	SYN_C2	north	casual	2010s		matched	True	True	True	True	True	True	True	True	True		SYNTHETIC_TEACHING_FIXTURE
SYN_QUERY_001_0363	SYN_QUERY_001	HIT_0341	SYN_TOKEN_0341	SYN_CORPUS_A	SYN_1.0	REC_18	SYN_CORP_SPK_18	SESSION_18	CONV_09	ITEM_01	SYN_C1	south	interview	2010s		matched	True	True	True	True	True	True	True	True	True		SYNTHETIC_TEACHING_FIXTURE
SYN_QUERY_001_0364	SYN_QUERY_001	HIT_0342	SYN_TOKEN_0342	SYN_CORPUS_A	SYN_1.0	REC_18	SYN_CORP_SPK_18	SESSION_18	CONV_09	ITEM_02	SYN_C2	south	interview	2010s		matched	True	True	True	True	True	True	True	True	True		SYNTHETIC_TEACHING_FIXTURE
SYN_QUERY_001_0365	SYN_QUERY_001	HIT_0343	SYN_TOKEN_0343	SYN_CORPUS_A	SYN_1.0	REC_18	SYN_CORP_SPK_18	SESSION_18	CONV_09	ITEM_03	SYN_C1	south	interview	2010s		matched	True	True	True	True	True	True	True	True	True		SYNTHETIC_TEACHING_FIXTURE
SYN_QUERY_001_0366	SYN_QUERY_001	HIT_0344	SYN_TOKEN_0344	SYN_CORPUS_A	SYN_1.0	REC_18	SYN_CORP_SPK_18	SESSION_18	CONV_09	ITEM_04	SYN_C2	south	interview	2010s		matched	True	True	True	True	True	True	True	True	True		SYNTHETIC_TEACHING_FIXTURE
SYN_QUERY_001_0367	SYN_QUERY_001	HIT_0345	SYN_TOKEN_0345	SYN_CORPUS_A	SYN_1.0	REC_18	SYN_CORP_SPK_18	SESSION_18	CONV_09	ITEM_05	SYN_C1	south	interview	2010s		matched	True	True	True	True	True	True	True	True	True		SYNTHETIC_TEACHING_FIXTURE
SYN_QUERY_001_0368	SYN_QUERY_001	HIT_0345_DUP	SYN_TOKEN_0345	SYN_CORPUS_A	SYN_1.0	REC_18	SYN_CORP_SPK_18	SESSION_18	CONV_09	ITEM_05	SYN_C1	south	interview	2010s	SYN_QUERY_001_0367	matched	True	False	False	False	False	False	False	False	False	duplicate	SYNTHETIC_TEACHING_FIXTURE
SYN_QUERY_001_0369	SYN_QUERY_001	HIT_0346	SYN_TOKEN_0346	SYN_CORPUS_A	SYN_1.0	REC_18	SYN_CORP_SPK_18	SESSION_18	CONV_09	ITEM_06	SYN_C2	south	interview	2010s		matched	True	True	True	True	True	True	True	True	True		SYNTHETIC_TEACHING_FIXTURE
SYN_QUERY_001_0370	SYN_QUERY_001	HIT_0347	SYN_TOKEN_0347	SYN_CORPUS_A	SYN_1.0	REC_18	SYN_CORP_SPK_18	SESSION_18	CONV_09	ITEM_07	SYN_C1	south	interview	2010s		matched	True	True	True	True	True	True	True	True	True		SYNTHETIC_TEACHING_FIXTURE
SYN_QUERY_001_0371	SYN_QUERY_001	HIT_0348	SYN_TOKEN_0348	SYN_CORPUS_A	SYN_1.0	REC_18	SYN_CORP_SPK_18	SESSION_18	CONV_09	ITEM_08	SYN_C2	south	interview	2010s		ambiguous	True	True	True	True	True	True	True	False	False	linkage_ambiguous	SYNTHETIC_TEACHING_FIXTURE
SYN_QUERY_001_0372	SYN_QUERY_001	HIT_0349	SYN_TOKEN_0349	SYN_CORPUS_A	SYN_1.0	REC_18	SYN_CORP_SPK_18	SESSION_18	CONV_09	ITEM_09	SYN_C1	south	interview	2010s		matched	True	True	True	True	True	True	True	True	True		SYNTHETIC_TEACHING_FIXTURE
SYN_QUERY_001_0373	SYN_QUERY_001	HIT_0350	SYN_TOKEN_0350	SYN_CORPUS_A	SYN_1.0	REC_18	SYN_CORP_SPK_18	SESSION_18	CONV_09	ITEM_10	SYN_C2	south	interview	2010s		matched	True	True	True	True	True	True	True	True	True		SYNTHETIC_TEACHING_FIXTURE
SYN_QUERY_001_0374	SYN_QUERY_001	HIT_0351	SYN_TOKEN_0351	SYN_CORPUS_A	SYN_1.0	REC_18	SYN_CORP_SPK_18	SESSION_18	CONV_09	ITEM_11	SYN_C1	south	interview	2010s		matched	True	True	True	True	True	True	True	True	True		SYNTHETIC_TEACHING_FIXTURE
SYN_QUERY_001_0375	SYN_QUERY_001	HIT_0352	SYN_TOKEN_0352	SYN_CORPUS_A	SYN_1.0	REC_18	SYN_CORP_SPK_18	SESSION_18	CONV_09	ITEM_12	SYN_C2	south	interview	2010s		matched	True	True	True	True	True	True	True	True	True		SYNTHETIC_TEACHING_FIXTURE
SYN_QUERY_001_0376	SYN_QUERY_001	HIT_0353	SYN_TOKEN_0353	SYN_CORPUS_A	SYN_1.0	REC_18	SYN_CORP_SPK_18	SESSION_18	CONV_09	ITEM_13	SYN_C1	south	interview	2010s		matched	True	True	False	False	False	False	False	False	False	context_ineligible	SYNTHETIC_TEACHING_FIXTURE
SYN_QUERY_001_0377	SYN_QUERY_001	HIT_0354	SYN_TOKEN_0354	SYN_CORPUS_A	SYN_1.0	REC_18	SYN_CORP_SPK_18	SESSION_18	CONV_09	ITEM_14	SYN_C2	south	interview	2010s		matched	True	True	True	True	True	True	True	True	True		SYNTHETIC_TEACHING_FIXTURE
SYN_QUERY_001_0378	SYN_QUERY_001	HIT_0355	SYN_TOKEN_0355	SYN_CORPUS_A	SYN_1.0	REC_18	SYN_CORP_SPK_18	SESSION_18	CONV_09	ITEM_15	SYN_C1	south	interview	2010s		matched	True	True	True	True	True	True	True	True	True		SYNTHETIC_TEACHING_FIXTURE
SYN_QUERY_001_0379	SYN_QUERY_001	HIT_0356	SYN_TOKEN_0356	SYN_CORPUS_A	SYN_1.0	REC_18	SYN_CORP_SPK_18	SESSION_18	CONV_09	ITEM_16	SYN_C2	south	interview	2010s		matched	True	True	True	True	True	True	True	True	True		SYNTHETIC_TEACHING_FIXTURE
SYN_QUERY_001_0380	SYN_QUERY_001	HIT_0357	SYN_TOKEN_0357	SYN_CORPUS_A	SYN_1.0	REC_18	SYN_CORP_SPK_18	SESSION_18	CONV_09	ITEM_17	SYN_C1	south	interview	2010s		matched	True	True	True	False	False	False	False	False	False	signal_unavailable	SYNTHETIC_TEACHING_FIXTURE
SYN_QUERY_001_0381	SYN_QUERY_001	HIT_0358	SYN_TOKEN_0358	SYN_CORPUS_A	SYN_1.0	REC_18	SYN_CORP_SPK_18	SESSION_18	CONV_09	ITEM_18	SYN_C2	south	interview	2010s		matched	True	True	True	True	True	True	True	True	True		SYNTHETIC_TEACHING_FIXTURE
SYN_QUERY_001_0382	SYN_QUERY_001	HIT_0359	SYN_TOKEN_0359	SYN_CORPUS_A	SYN_1.0	REC_18	SYN_CORP_SPK_18	SESSION_18	CONV_09	ITEM_19	SYN_C1	south	interview	2010s		matched	True	True	True	True	False	False	False	False	False	measurement_failure	SYNTHETIC_TEACHING_FIXTURE
SYN_QUERY_001_0383	SYN_QUERY_001	HIT_0360	SYN_TOKEN_0360	SYN_CORPUS_A	SYN_1.0	REC_18	SYN_CORP_SPK_18	SESSION_18	CONV_09	ITEM_20	SYN_C2	south	interview	2010s		matched	True	True	True	True	True	True	True	True	True		SYNTHETIC_TEACHING_FIXTURE
SYN_QUERY_001_0384	SYN_QUERY_001	HIT_0360_DUP	SYN_TOKEN_0360	SYN_CORPUS_A	SYN_1.0	REC_18	SYN_CORP_SPK_18	SESSION_18	CONV_09	ITEM_20	SYN_C2	south	interview	2010s	SYN_QUERY_001_0383	matched	True	False	False	False	False	False	False	False	False	duplicate	SYNTHETIC_TEACHING_FIXTURE
SYN_QUERY_001_0385	SYN_QUERY_001	HIT_0361	SYN_TOKEN_0361	SYN_CORPUS_B	SYN_1.0	REC_19	SYN_CORP_SPK_19	SESSION_19	CONV_10	ITEM_01	SYN_C1	north	casual	2020s		matched	True	True	True	True	True	True	True	True	True		SYNTHETIC_TEACHING_FIXTURE
SYN_QUERY_001_0386	SYN_QUERY_001	HIT_0362	SYN_TOKEN_0362	SYN_CORPUS_B	SYN_1.0	REC_19	SYN_CORP_SPK_19	SESSION_19	CONV_10	ITEM_02	SYN_C2	north	casual	2020s		matched	True	True	True	True	True	True	True	True	True		SYNTHETIC_TEACHING_FIXTURE
SYN_QUERY_001_0387	SYN_QUERY_001	HIT_0363	SYN_TOKEN_0363	SYN_CORPUS_B	SYN_1.0	REC_19	SYN_CORP_SPK_19	SESSION_19	CONV_10	ITEM_03	SYN_C1	north	casual	2020s		matched	True	True	True	True	True	True	True	True	True		SYNTHETIC_TEACHING_FIXTURE
SYN_QUERY_001_0388	SYN_QUERY_001	HIT_0364	SYN_TOKEN_0364	SYN_CORPUS_B	SYN_1.0	REC_19	SYN_CORP_SPK_19	SESSION_19	CONV_10	ITEM_04	SYN_C2	north	casual	2020s		matched	True	True	True	True	True	True	True	True	True		SYNTHETIC_TEACHING_FIXTURE
SYN_QUERY_001_0389	SYN_QUERY_001	HIT_0365	SYN_TOKEN_0365	SYN_CORPUS_B	SYN_1.0	REC_19	SYN_CORP_SPK_19	SESSION_19	CONV_10	ITEM_05	SYN_C1	north	casual	2020s		matched	True	True	True	False	False	False	False	False	False	signal_unavailable	SYNTHETIC_TEACHING_FIXTURE
SYN_QUERY_001_0390	SYN_QUERY_001	HIT_0366	SYN_TOKEN_0366	SYN_CORPUS_B	SYN_1.0	REC_19	SYN_CORP_SPK_19	SESSION_19	CONV_10	ITEM_06	SYN_C2	north	casual	2020s		matched	True	True	True	True	True	True	True	True	True		SYNTHETIC_TEACHING_FIXTURE
SYN_QUERY_001_0391	SYN_QUERY_001	HIT_0367	SYN_TOKEN_0367	SYN_CORPUS_B	SYN_1.0	REC_19	SYN_CORP_SPK_19	SESSION_19	CONV_10	ITEM_07	SYN_C1	north	casual	2020s		matched	True	True	True	True	True	True	True	True	True		SYNTHETIC_TEACHING_FIXTURE
SYN_QUERY_001_0392	SYN_QUERY_001	HIT_0368	SYN_TOKEN_0368	SYN_CORPUS_B	SYN_1.0	REC_19	SYN_CORP_SPK_19	SESSION_19	CONV_10	ITEM_08	SYN_C2	north	casual	2020s		matched	True	True	True	True	True	True	True	True	True		SYNTHETIC_TEACHING_FIXTURE
SYN_QUERY_001_0393	SYN_QUERY_001	HIT_0369	SYN_TOKEN_0369	SYN_CORPUS_B	SYN_1.0	REC_19	SYN_CORP_SPK_19	SESSION_19	CONV_10	ITEM_09	SYN_C1	north	casual	2020s		matched	True	True	True	True	True	True	True	True	True		SYNTHETIC_TEACHING_FIXTURE
SYN_QUERY_001_0394	SYN_QUERY_001	HIT_0370	SYN_TOKEN_0370	SYN_CORPUS_B	SYN_1.0	REC_19	SYN_CORP_SPK_19	SESSION_19	CONV_10	ITEM_10	SYN_C2	north	casual	2020s		unmatched	True	True	True	False	False	False	False	False	False	signal_unavailable	SYNTHETIC_TEACHING_FIXTURE
SYN_QUERY_001_0395	SYN_QUERY_001	HIT_0371	SYN_TOKEN_0371	SYN_CORPUS_B	SYN_1.0	REC_19	SYN_CORP_SPK_19	SESSION_19	CONV_10	ITEM_11	SYN_C1	north	casual	2020s		matched	True	True	True	True	True	True	True	True	True		SYNTHETIC_TEACHING_FIXTURE
SYN_QUERY_001_0396	SYN_QUERY_001	HIT_0372	SYN_TOKEN_0372	SYN_CORPUS_B	SYN_1.0	REC_19	SYN_CORP_SPK_19	SESSION_19	CONV_10	ITEM_12	SYN_C2	north	casual	2020s		matched	True	True	True	True	True	True	True	True	True		SYNTHETIC_TEACHING_FIXTURE
SYN_QUERY_001_0397	SYN_QUERY_001	HIT_0373	SYN_TOKEN_0373	SYN_CORPUS_B	SYN_1.0	REC_19	SYN_CORP_SPK_19	SESSION_19	CONV_10	ITEM_13	SYN_C1	north	casual	2020s		matched	True	True	False	False	False	False	False	False	False	context_ineligible	SYNTHETIC_TEACHING_FIXTURE
SYN_QUERY_001_0398	SYN_QUERY_001	HIT_0374	SYN_TOKEN_0374	SYN_CORPUS_B	SYN_1.0	REC_19	SYN_CORP_SPK_19	SESSION_19	CONV_10	ITEM_14	SYN_C2	north	casual	2020s		matched	True	True	True	True	True	True	True	True	True		SYNTHETIC_TEACHING_FIXTURE
SYN_QUERY_001_0399	SYN_QUERY_001	HIT_0375	SYN_TOKEN_0375	SYN_CORPUS_B	SYN_1.0	REC_19	SYN_CORP_SPK_19	SESSION_19	CONV_10	ITEM_15	SYN_C1	north	casual	2020s		matched	True	True	True	False	False	False	False	False	False	signal_unavailable	SYNTHETIC_TEACHING_FIXTURE
SYN_QUERY_001_0400	SYN_QUERY_001	HIT_0375_DUP	SYN_TOKEN_0375	SYN_CORPUS_B	SYN_1.0	REC_19	SYN_CORP_SPK_19	SESSION_19	CONV_10	ITEM_15	SYN_C1	north	casual	2020s	SYN_QUERY_001_0399	matched	True	False	False	False	False	False	False	False	False	duplicate	SYNTHETIC_TEACHING_FIXTURE
SYN_QUERY_001_0401	SYN_QUERY_001	HIT_0376	SYN_TOKEN_0376	SYN_CORPUS_B	SYN_1.0	REC_19	SYN_CORP_SPK_19	SESSION_19	CONV_10	ITEM_16	SYN_C2	north	casual	2020s		matched	True	True	True	True	True	True	True	True	True		SYNTHETIC_TEACHING_FIXTURE
SYN_QUERY_001_0402	SYN_QUERY_001	HIT_0377	SYN_TOKEN_0377	SYN_CORPUS_B	SYN_1.0	REC_19	SYN_CORP_SPK_19	SESSION_19	CONV_10	ITEM_17	SYN_C1	north	casual	2020s		ambiguous	True	True	True	False	False	False	False	False	False	signal_unavailable	SYNTHETIC_TEACHING_FIXTURE
SYN_QUERY_001_0403	SYN_QUERY_001	HIT_0378	SYN_TOKEN_0378	SYN_CORPUS_B	SYN_1.0	REC_19	SYN_CORP_SPK_19	SESSION_19	CONV_10	ITEM_18	SYN_C2	north	casual	2020s		matched	True	True	True	True	True	True	True	True	True		SYNTHETIC_TEACHING_FIXTURE
SYN_QUERY_001_0404	SYN_QUERY_001	HIT_0379	SYN_TOKEN_0379	SYN_CORPUS_B	SYN_1.0	REC_19	SYN_CORP_SPK_19	SESSION_19	CONV_10	ITEM_19	SYN_C1	north	casual	2020s		matched	True	True	True	True	False	False	False	False	False	measurement_failure	SYNTHETIC_TEACHING_FIXTURE
SYN_QUERY_001_0405	SYN_QUERY_001	HIT_0380	SYN_TOKEN_0380	SYN_CORPUS_B	SYN_1.0	REC_19	SYN_CORP_SPK_19	SESSION_19	CONV_10	ITEM_20	SYN_C2	north	casual	2020s		matched	True	True	True	False	False	False	False	False	False	signal_unavailable	SYNTHETIC_TEACHING_FIXTURE
SYN_QUERY_001_0406	SYN_QUERY_001	HIT_0381	SYN_TOKEN_0381	SYN_CORPUS_B	SYN_1.0	REC_20	SYN_CORP_SPK_20	SESSION_20	CONV_10	ITEM_01	SYN_C1	north	interview	2020s		matched	True	True	True	True	True	True	True	True	True		SYNTHETIC_TEACHING_FIXTURE
SYN_QUERY_001_0407	SYN_QUERY_001	HIT_0382	SYN_TOKEN_0382	SYN_CORPUS_B	SYN_1.0	REC_20	SYN_CORP_SPK_20	SESSION_20	CONV_10	ITEM_02	SYN_C2	north	interview	2020s		matched	True	True	True	True	True	True	True	True	True		SYNTHETIC_TEACHING_FIXTURE
SYN_QUERY_001_0408	SYN_QUERY_001	HIT_0383	SYN_TOKEN_0383	SYN_CORPUS_B	SYN_1.0	REC_20	SYN_CORP_SPK_20	SESSION_20	CONV_10	ITEM_03	SYN_C1	north	interview	2020s		matched	True	True	True	True	True	True	True	True	True		SYNTHETIC_TEACHING_FIXTURE
SYN_QUERY_001_0409	SYN_QUERY_001	HIT_0384	SYN_TOKEN_0384	SYN_CORPUS_B	SYN_1.0	REC_20	SYN_CORP_SPK_20	SESSION_20	CONV_10	ITEM_04	SYN_C2	north	interview	2020s		matched	True	True	True	True	True	True	True	True	True		SYNTHETIC_TEACHING_FIXTURE
SYN_QUERY_001_0410	SYN_QUERY_001	HIT_0385	SYN_TOKEN_0385	SYN_CORPUS_B	SYN_1.0	REC_20	SYN_CORP_SPK_20	SESSION_20	CONV_10	ITEM_05	SYN_C1	north	interview	2020s		matched	True	True	True	True	True	True	True	True	True		SYNTHETIC_TEACHING_FIXTURE
SYN_QUERY_001_0411	SYN_QUERY_001	HIT_0386	SYN_TOKEN_0386	SYN_CORPUS_B	SYN_1.0	REC_20	SYN_CORP_SPK_20	SESSION_20	CONV_10	ITEM_06	SYN_C2	north	interview	2020s		matched	True	True	True	True	True	True	False	False	False	metadata_missing	SYNTHETIC_TEACHING_FIXTURE
SYN_QUERY_001_0412	SYN_QUERY_001	HIT_0387	SYN_TOKEN_0387	SYN_CORPUS_B	SYN_1.0	REC_20	SYN_CORP_SPK_20	SESSION_20	CONV_10	ITEM_07	SYN_C1	north	interview	2020s		matched	True	True	True	True	True	True	True	True	True		SYNTHETIC_TEACHING_FIXTURE
SYN_QUERY_001_0413	SYN_QUERY_001	HIT_0388	SYN_TOKEN_0388	SYN_CORPUS_B	SYN_1.0	REC_20	SYN_CORP_SPK_20	SESSION_20	CONV_10	ITEM_08	SYN_C2	north	interview	2020s		matched	True	True	True	True	True	True	True	True	True		SYNTHETIC_TEACHING_FIXTURE
SYN_QUERY_001_0414	SYN_QUERY_001	HIT_0389	SYN_TOKEN_0389	SYN_CORPUS_B	SYN_1.0	REC_20	SYN_CORP_SPK_20	SESSION_20	CONV_10	ITEM_09	SYN_C1	north	interview	2020s		matched	True	True	True	True	True	True	True	True	True		SYNTHETIC_TEACHING_FIXTURE
SYN_QUERY_001_0415	SYN_QUERY_001	HIT_0390	SYN_TOKEN_0390	SYN_CORPUS_B	SYN_1.0	REC_20	SYN_CORP_SPK_20	SESSION_20	CONV_10	ITEM_10	SYN_C2	north	interview	2020s		matched	True	True	True	True	True	True	True	True	True		SYNTHETIC_TEACHING_FIXTURE
SYN_QUERY_001_0416	SYN_QUERY_001	HIT_0390_DUP	SYN_TOKEN_0390	SYN_CORPUS_B	SYN_1.0	REC_20	SYN_CORP_SPK_20	SESSION_20	CONV_10	ITEM_10	SYN_C2	north	interview	2020s	SYN_QUERY_001_0415	matched	True	False	False	False	False	False	False	False	False	duplicate	SYNTHETIC_TEACHING_FIXTURE
SYN_QUERY_001_0417	SYN_QUERY_001	HIT_0391	SYN_TOKEN_0391	SYN_CORPUS_B	SYN_1.0	REC_20	SYN_CORP_SPK_20	SESSION_20	CONV_10	ITEM_11	SYN_C1	north	interview	2020s		matched	True	True	True	True	True	True	True	True	True		SYNTHETIC_TEACHING_FIXTURE
SYN_QUERY_001_0418	SYN_QUERY_001	HIT_0392	SYN_TOKEN_0392	SYN_CORPUS_B	SYN_1.0	REC_20	SYN_CORP_SPK_20	SESSION_20	CONV_10	ITEM_12	SYN_C2	north	interview	2020s		matched	True	True	True	True	True	True	False	False	False	metadata_missing	SYNTHETIC_TEACHING_FIXTURE
SYN_QUERY_001_0419	SYN_QUERY_001	HIT_0393	SYN_TOKEN_0393	SYN_CORPUS_B	SYN_1.0	REC_20	SYN_CORP_SPK_20	SESSION_20	CONV_10	ITEM_13	SYN_C1	north	interview	2020s		matched	True	True	False	False	False	False	False	False	False	context_ineligible	SYNTHETIC_TEACHING_FIXTURE
SYN_QUERY_001_0420	SYN_QUERY_001	HIT_0394	SYN_TOKEN_0394	SYN_CORPUS_B	SYN_1.0	REC_20	SYN_CORP_SPK_20	SESSION_20	CONV_10	ITEM_14	SYN_C2	north	interview	2020s		matched	True	True	True	True	True	True	True	True	True		SYNTHETIC_TEACHING_FIXTURE
SYN_QUERY_001_0421	SYN_QUERY_001	HIT_0395	SYN_TOKEN_0395	SYN_CORPUS_B	SYN_1.0	REC_20	SYN_CORP_SPK_20	SESSION_20	CONV_10	ITEM_15	SYN_C1	north	interview	2020s		matched	True	True	True	True	True	True	True	True	True		SYNTHETIC_TEACHING_FIXTURE
SYN_QUERY_001_0422	SYN_QUERY_001	HIT_0396	SYN_TOKEN_0396	SYN_CORPUS_B	SYN_1.0	REC_20	SYN_CORP_SPK_20	SESSION_20	CONV_10	ITEM_16	SYN_C2	north	interview	2020s		matched	True	True	True	True	True	True	True	True	True		SYNTHETIC_TEACHING_FIXTURE
SYN_QUERY_001_0423	SYN_QUERY_001	HIT_0397	SYN_TOKEN_0397	SYN_CORPUS_B	SYN_1.0	REC_20	SYN_CORP_SPK_20	SESSION_20	CONV_10	ITEM_17	SYN_C1	north	interview	2020s		matched	True	True	True	False	False	False	False	False	False	signal_unavailable	SYNTHETIC_TEACHING_FIXTURE
SYN_QUERY_001_0424	SYN_QUERY_001	HIT_0398	SYN_TOKEN_0398	SYN_CORPUS_B	SYN_1.0	REC_20	SYN_CORP_SPK_20	SESSION_20	CONV_10	ITEM_18	SYN_C2	north	interview	2020s		matched	True	True	True	True	True	True	False	False	False	metadata_missing	SYNTHETIC_TEACHING_FIXTURE
SYN_QUERY_001_0425	SYN_QUERY_001	HIT_0399	SYN_TOKEN_0399	SYN_CORPUS_B	SYN_1.0	REC_20	SYN_CORP_SPK_20	SESSION_20	CONV_10	ITEM_19	SYN_C1	north	interview	2020s		matched	True	True	True	True	False	False	False	False	False	measurement_failure	SYNTHETIC_TEACHING_FIXTURE
SYN_QUERY_001_0426	SYN_QUERY_001	HIT_0400	SYN_TOKEN_0400	SYN_CORPUS_B	SYN_1.0	REC_20	SYN_CORP_SPK_20	SESSION_20	CONV_10	ITEM_20	SYN_C2	north	interview	2020s		matched	True	True	True	True	True	True	True	True	True		SYNTHETIC_TEACHING_FIXTURE
SYN_QUERY_001_0427	SYN_QUERY_001	HIT_0401	SYN_TOKEN_0401	SYN_CORPUS_B	SYN_1.0	REC_21	SYN_CORP_SPK_21	SESSION_21	CONV_11	ITEM_01	SYN_C1	south	casual	2020s		matched	True	True	True	True	True	True	True	True	True		SYNTHETIC_TEACHING_FIXTURE
SYN_QUERY_001_0428	SYN_QUERY_001	HIT_0402	SYN_TOKEN_0402	SYN_CORPUS_B	SYN_1.0	REC_21	SYN_CORP_SPK_21	SESSION_21	CONV_11	ITEM_02	SYN_C2	south	casual	2020s		matched	True	True	True	True	True	True	True	True	True		SYNTHETIC_TEACHING_FIXTURE
SYN_QUERY_001_0429	SYN_QUERY_001	HIT_0403	SYN_TOKEN_0403	SYN_CORPUS_B	SYN_1.0	REC_21	SYN_CORP_SPK_21	SESSION_21	CONV_11	ITEM_03	SYN_C1	south	casual	2020s		matched	True	True	True	True	True	True	True	True	True		SYNTHETIC_TEACHING_FIXTURE
SYN_QUERY_001_0430	SYN_QUERY_001	HIT_0404	SYN_TOKEN_0404	SYN_CORPUS_B	SYN_1.0	REC_21	SYN_CORP_SPK_21	SESSION_21	CONV_11	ITEM_04	SYN_C2	south	casual	2020s		matched	True	True	True	True	True	True	True	True	True		SYNTHETIC_TEACHING_FIXTURE
SYN_QUERY_001_0431	SYN_QUERY_001	HIT_0405	SYN_TOKEN_0405	SYN_CORPUS_B	SYN_1.0	REC_21	SYN_CORP_SPK_21	SESSION_21	CONV_11	ITEM_05	SYN_C1	south	casual	2020s		matched	True	True	True	False	False	False	False	False	False	signal_unavailable	SYNTHETIC_TEACHING_FIXTURE
SYN_QUERY_001_0432	SYN_QUERY_001	HIT_0405_DUP	SYN_TOKEN_0405	SYN_CORPUS_B	SYN_1.0	REC_21	SYN_CORP_SPK_21	SESSION_21	CONV_11	ITEM_05	SYN_C1	south	casual	2020s	SYN_QUERY_001_0431	matched	True	False	False	False	False	False	False	False	False	duplicate	SYNTHETIC_TEACHING_FIXTURE
SYN_QUERY_001_0433	SYN_QUERY_001	HIT_0406	SYN_TOKEN_0406	SYN_CORPUS_B	SYN_1.0	REC_21	SYN_CORP_SPK_21	SESSION_21	CONV_11	ITEM_06	SYN_C2	south	casual	2020s		ambiguous	True	True	True	True	True	True	True	False	False	linkage_ambiguous	SYNTHETIC_TEACHING_FIXTURE
SYN_QUERY_001_0434	SYN_QUERY_001	HIT_0407	SYN_TOKEN_0407	SYN_CORPUS_B	SYN_1.0	REC_21	SYN_CORP_SPK_21	SESSION_21	CONV_11	ITEM_07	SYN_C1	south	casual	2020s		unmatched	True	True	True	True	True	True	True	False	False	linkage_unmatched	SYNTHETIC_TEACHING_FIXTURE
SYN_QUERY_001_0435	SYN_QUERY_001	HIT_0408	SYN_TOKEN_0408	SYN_CORPUS_B	SYN_1.0	REC_21	SYN_CORP_SPK_21	SESSION_21	CONV_11	ITEM_08	SYN_C2	south	casual	2020s		matched	True	True	True	True	True	True	True	True	True		SYNTHETIC_TEACHING_FIXTURE
SYN_QUERY_001_0436	SYN_QUERY_001	HIT_0409	SYN_TOKEN_0409	SYN_CORPUS_B	SYN_1.0	REC_21	SYN_CORP_SPK_21	SESSION_21	CONV_11	ITEM_09	SYN_C1	south	casual	2020s		matched	True	True	True	True	True	True	True	True	True		SYNTHETIC_TEACHING_FIXTURE
SYN_QUERY_001_0437	SYN_QUERY_001	HIT_0410	SYN_TOKEN_0410	SYN_CORPUS_B	SYN_1.0	REC_21	SYN_CORP_SPK_21	SESSION_21	CONV_11	ITEM_10	SYN_C2	south	casual	2020s		matched	True	True	True	False	False	False	False	False	False	signal_unavailable	SYNTHETIC_TEACHING_FIXTURE
SYN_QUERY_001_0438	SYN_QUERY_001	HIT_0411	SYN_TOKEN_0411	SYN_CORPUS_B	SYN_1.0	REC_21	SYN_CORP_SPK_21	SESSION_21	CONV_11	ITEM_11	SYN_C1	south	casual	2020s		matched	True	True	True	True	True	True	True	True	True		SYNTHETIC_TEACHING_FIXTURE
SYN_QUERY_001_0439	SYN_QUERY_001	HIT_0412	SYN_TOKEN_0412	SYN_CORPUS_B	SYN_1.0	REC_21	SYN_CORP_SPK_21	SESSION_21	CONV_11	ITEM_12	SYN_C2	south	casual	2020s		matched	True	True	True	True	True	True	True	True	True		SYNTHETIC_TEACHING_FIXTURE
SYN_QUERY_001_0440	SYN_QUERY_001	HIT_0413	SYN_TOKEN_0413	SYN_CORPUS_B	SYN_1.0	REC_21	SYN_CORP_SPK_21	SESSION_21	CONV_11	ITEM_13	SYN_C1	south	casual	2020s		matched	True	True	False	False	False	False	False	False	False	context_ineligible	SYNTHETIC_TEACHING_FIXTURE
SYN_QUERY_001_0441	SYN_QUERY_001	HIT_0414	SYN_TOKEN_0414	SYN_CORPUS_B	SYN_1.0	REC_21	SYN_CORP_SPK_21	SESSION_21	CONV_11	ITEM_14	SYN_C2	south	casual	2020s		matched	True	True	True	True	True	True	True	True	True		SYNTHETIC_TEACHING_FIXTURE
SYN_QUERY_001_0442	SYN_QUERY_001	HIT_0415	SYN_TOKEN_0415	SYN_CORPUS_B	SYN_1.0	REC_21	SYN_CORP_SPK_21	SESSION_21	CONV_11	ITEM_15	SYN_C1	south	casual	2020s		matched	True	True	True	False	False	False	False	False	False	signal_unavailable	SYNTHETIC_TEACHING_FIXTURE
SYN_QUERY_001_0443	SYN_QUERY_001	HIT_0416	SYN_TOKEN_0416	SYN_CORPUS_B	SYN_1.0	REC_21	SYN_CORP_SPK_21	SESSION_21	CONV_11	ITEM_16	SYN_C2	south	casual	2020s		matched	True	True	True	True	True	True	True	True	True		SYNTHETIC_TEACHING_FIXTURE
SYN_QUERY_001_0444	SYN_QUERY_001	HIT_0417	SYN_TOKEN_0417	SYN_CORPUS_B	SYN_1.0	REC_21	SYN_CORP_SPK_21	SESSION_21	CONV_11	ITEM_17	SYN_C1	south	casual	2020s		matched	True	True	True	False	False	False	False	False	False	signal_unavailable	SYNTHETIC_TEACHING_FIXTURE
SYN_QUERY_001_0445	SYN_QUERY_001	HIT_0418	SYN_TOKEN_0418	SYN_CORPUS_B	SYN_1.0	REC_21	SYN_CORP_SPK_21	SESSION_21	CONV_11	ITEM_18	SYN_C2	south	casual	2020s		matched	True	True	True	True	True	True	True	True	True		SYNTHETIC_TEACHING_FIXTURE
SYN_QUERY_001_0446	SYN_QUERY_001	HIT_0419	SYN_TOKEN_0419	SYN_CORPUS_B	SYN_1.0	REC_21	SYN_CORP_SPK_21	SESSION_21	CONV_11	ITEM_19	SYN_C1	south	casual	2020s		matched	True	True	True	True	False	False	False	False	False	measurement_failure	SYNTHETIC_TEACHING_FIXTURE
SYN_QUERY_001_0447	SYN_QUERY_001	HIT_0420	SYN_TOKEN_0420	SYN_CORPUS_B	SYN_1.0	REC_21	SYN_CORP_SPK_21	SESSION_21	CONV_11	ITEM_20	SYN_C2	south	casual	2020s		matched	True	True	True	False	False	False	False	False	False	signal_unavailable	SYNTHETIC_TEACHING_FIXTURE
SYN_QUERY_001_0448	SYN_QUERY_001	HIT_0420_DUP	SYN_TOKEN_0420	SYN_CORPUS_B	SYN_1.0	REC_21	SYN_CORP_SPK_21	SESSION_21	CONV_11	ITEM_20	SYN_C2	south	casual	2020s	SYN_QUERY_001_0447	matched	True	False	False	False	False	False	False	False	False	duplicate	SYNTHETIC_TEACHING_FIXTURE
SYN_QUERY_001_0449	SYN_QUERY_001	HIT_0421	SYN_TOKEN_0421	SYN_CORPUS_B	SYN_1.0	REC_22	SYN_CORP_SPK_22	SESSION_22	CONV_11	ITEM_01	SYN_C1	north	interview	2020s		matched	True	True	True	True	True	True	True	True	True		SYNTHETIC_TEACHING_FIXTURE
SYN_QUERY_001_0450	SYN_QUERY_001	HIT_0422	SYN_TOKEN_0422	SYN_CORPUS_B	SYN_1.0	REC_22	SYN_CORP_SPK_22	SESSION_22	CONV_11	ITEM_02	SYN_C2	north	interview	2020s		matched	True	True	True	True	True	True	True	True	True		SYNTHETIC_TEACHING_FIXTURE
SYN_QUERY_001_0451	SYN_QUERY_001	HIT_0423	SYN_TOKEN_0423	SYN_CORPUS_B	SYN_1.0	REC_22	SYN_CORP_SPK_22	SESSION_22	CONV_11	ITEM_03	SYN_C1	north	interview	2020s		matched	True	True	True	True	True	True	True	True	True		SYNTHETIC_TEACHING_FIXTURE
SYN_QUERY_001_0452	SYN_QUERY_001	HIT_0424	SYN_TOKEN_0424	SYN_CORPUS_B	SYN_1.0	REC_22	SYN_CORP_SPK_22	SESSION_22	CONV_11	ITEM_04	SYN_C2	north	interview	2020s		matched	True	True	True	True	True	False	False	False	False	quality_rejected	SYNTHETIC_TEACHING_FIXTURE
SYN_QUERY_001_0453	SYN_QUERY_001	HIT_0425	SYN_TOKEN_0425	SYN_CORPUS_B	SYN_1.0	REC_22	SYN_CORP_SPK_22	SESSION_22	CONV_11	ITEM_05	SYN_C1	north	interview	2020s		matched	True	True	True	True	True	True	True	True	True		SYNTHETIC_TEACHING_FIXTURE
SYN_QUERY_001_0454	SYN_QUERY_001	HIT_0426	SYN_TOKEN_0426	SYN_CORPUS_B	SYN_1.0	REC_22	SYN_CORP_SPK_22	SESSION_22	CONV_11	ITEM_06	SYN_C2	north	interview	2020s		matched	True	True	True	True	True	True	True	True	True		SYNTHETIC_TEACHING_FIXTURE
SYN_QUERY_001_0455	SYN_QUERY_001	HIT_0427	SYN_TOKEN_0427	SYN_CORPUS_B	SYN_1.0	REC_22	SYN_CORP_SPK_22	SESSION_22	CONV_11	ITEM_07	SYN_C1	north	interview	2020s		matched	True	True	True	True	True	True	True	True	True		SYNTHETIC_TEACHING_FIXTURE
SYN_QUERY_001_0456	SYN_QUERY_001	HIT_0428	SYN_TOKEN_0428	SYN_CORPUS_B	SYN_1.0	REC_22	SYN_CORP_SPK_22	SESSION_22	CONV_11	ITEM_08	SYN_C2	north	interview	2020s		matched	True	True	True	True	True	False	False	False	False	quality_rejected	SYNTHETIC_TEACHING_FIXTURE
SYN_QUERY_001_0457	SYN_QUERY_001	HIT_0429	SYN_TOKEN_0429	SYN_CORPUS_B	SYN_1.0	REC_22	SYN_CORP_SPK_22	SESSION_22	CONV_11	ITEM_09	SYN_C1	north	interview	2020s		matched	True	True	True	True	True	True	True	True	True		SYNTHETIC_TEACHING_FIXTURE
SYN_QUERY_001_0458	SYN_QUERY_001	HIT_0430	SYN_TOKEN_0430	SYN_CORPUS_B	SYN_1.0	REC_22	SYN_CORP_SPK_22	SESSION_22	CONV_11	ITEM_10	SYN_C2	north	interview	2020s		matched	True	True	True	True	True	True	True	True	True		SYNTHETIC_TEACHING_FIXTURE
SYN_QUERY_001_0459	SYN_QUERY_001	HIT_0431	SYN_TOKEN_0431	SYN_CORPUS_B	SYN_1.0	REC_22	SYN_CORP_SPK_22	SESSION_22	CONV_11	ITEM_11	SYN_C1	north	interview	2020s		matched	True	True	True	True	True	True	True	True	True		SYNTHETIC_TEACHING_FIXTURE
SYN_QUERY_001_0460	SYN_QUERY_001	HIT_0432	SYN_TOKEN_0432	SYN_CORPUS_B	SYN_1.0	REC_22	SYN_CORP_SPK_22	SESSION_22	CONV_11	ITEM_12	SYN_C2	north	interview	2020s		matched	True	True	True	True	True	False	False	False	False	quality_rejected	SYNTHETIC_TEACHING_FIXTURE
SYN_QUERY_001_0461	SYN_QUERY_001	HIT_0433	SYN_TOKEN_0433	SYN_CORPUS_B	SYN_1.0	REC_22	SYN_CORP_SPK_22	SESSION_22	CONV_11	ITEM_13	SYN_C1	north	interview	2020s		matched	True	True	False	False	False	False	False	False	False	context_ineligible	SYNTHETIC_TEACHING_FIXTURE
SYN_QUERY_001_0462	SYN_QUERY_001	HIT_0434	SYN_TOKEN_0434	SYN_CORPUS_B	SYN_1.0	REC_22	SYN_CORP_SPK_22	SESSION_22	CONV_11	ITEM_14	SYN_C2	north	interview	2020s		matched	True	True	True	True	True	True	True	True	True		SYNTHETIC_TEACHING_FIXTURE
SYN_QUERY_001_0463	SYN_QUERY_001	HIT_0435	SYN_TOKEN_0435	SYN_CORPUS_B	SYN_1.0	REC_22	SYN_CORP_SPK_22	SESSION_22	CONV_11	ITEM_15	SYN_C1	north	interview	2020s		ambiguous	True	True	True	True	True	True	True	False	False	linkage_ambiguous	SYNTHETIC_TEACHING_FIXTURE
SYN_QUERY_001_0464	SYN_QUERY_001	HIT_0435_DUP	SYN_TOKEN_0435	SYN_CORPUS_B	SYN_1.0	REC_22	SYN_CORP_SPK_22	SESSION_22	CONV_11	ITEM_15	SYN_C1	north	interview	2020s	SYN_QUERY_001_0463	ambiguous	True	False	False	False	False	False	False	False	False	duplicate	SYNTHETIC_TEACHING_FIXTURE
SYN_QUERY_001_0465	SYN_QUERY_001	HIT_0436	SYN_TOKEN_0436	SYN_CORPUS_B	SYN_1.0	REC_22	SYN_CORP_SPK_22	SESSION_22	CONV_11	ITEM_16	SYN_C2	north	interview	2020s		matched	True	True	True	True	True	False	False	False	False	quality_rejected	SYNTHETIC_TEACHING_FIXTURE
SYN_QUERY_001_0466	SYN_QUERY_001	HIT_0437	SYN_TOKEN_0437	SYN_CORPUS_B	SYN_1.0	REC_22	SYN_CORP_SPK_22	SESSION_22	CONV_11	ITEM_17	SYN_C1	north	interview	2020s		matched	True	True	True	False	False	False	False	False	False	signal_unavailable	SYNTHETIC_TEACHING_FIXTURE
SYN_QUERY_001_0467	SYN_QUERY_001	HIT_0438	SYN_TOKEN_0438	SYN_CORPUS_B	SYN_1.0	REC_22	SYN_CORP_SPK_22	SESSION_22	CONV_11	ITEM_18	SYN_C2	north	interview	2020s		matched	True	True	True	True	True	True	True	True	True		SYNTHETIC_TEACHING_FIXTURE
SYN_QUERY_001_0468	SYN_QUERY_001	HIT_0439	SYN_TOKEN_0439	SYN_CORPUS_B	SYN_1.0	REC_22	SYN_CORP_SPK_22	SESSION_22	CONV_11	ITEM_19	SYN_C1	north	interview	2020s		matched	True	True	True	True	False	False	False	False	False	measurement_failure	SYNTHETIC_TEACHING_FIXTURE
SYN_QUERY_001_0469	SYN_QUERY_001	HIT_0440	SYN_TOKEN_0440	SYN_CORPUS_B	SYN_1.0	REC_22	SYN_CORP_SPK_22	SESSION_22	CONV_11	ITEM_20	SYN_C2	north	interview	2020s		matched	True	True	True	True	True	False	False	False	False	quality_rejected	SYNTHETIC_TEACHING_FIXTURE
SYN_QUERY_001_0470	SYN_QUERY_001	HIT_0441	SYN_TOKEN_0441	SYN_CORPUS_B	SYN_1.0	REC_23	SYN_CORP_SPK_23	SESSION_23	CONV_12	ITEM_01	SYN_C1	north	casual	2020s		matched	True	True	True	True	True	True	True	True	True		SYNTHETIC_TEACHING_FIXTURE
SYN_QUERY_001_0471	SYN_QUERY_001	HIT_0442	SYN_TOKEN_0442	SYN_CORPUS_B	SYN_1.0	REC_23	SYN_CORP_SPK_23	SESSION_23	CONV_12	ITEM_02	SYN_C2	north	casual	2020s		matched	True	True	True	True	True	True	True	True	True		SYNTHETIC_TEACHING_FIXTURE
SYN_QUERY_001_0472	SYN_QUERY_001	HIT_0443	SYN_TOKEN_0443	SYN_CORPUS_B	SYN_1.0	REC_23	SYN_CORP_SPK_23	SESSION_23	CONV_12	ITEM_03	SYN_C1	north	casual	2020s		matched	True	True	True	True	True	True	True	True	True		SYNTHETIC_TEACHING_FIXTURE
SYN_QUERY_001_0473	SYN_QUERY_001	HIT_0444	SYN_TOKEN_0444	SYN_CORPUS_B	SYN_1.0	REC_23	SYN_CORP_SPK_23	SESSION_23	CONV_12	ITEM_04	SYN_C2	north	casual	2020s		unmatched	True	True	True	True	True	True	True	False	False	linkage_unmatched	SYNTHETIC_TEACHING_FIXTURE
SYN_QUERY_001_0474	SYN_QUERY_001	HIT_0445	SYN_TOKEN_0445	SYN_CORPUS_B	SYN_1.0	REC_23	SYN_CORP_SPK_23	SESSION_23	CONV_12	ITEM_05	SYN_C1	north	casual	2020s		matched	True	True	True	False	False	False	False	False	False	signal_unavailable	SYNTHETIC_TEACHING_FIXTURE
SYN_QUERY_001_0475	SYN_QUERY_001	HIT_0446	SYN_TOKEN_0446	SYN_CORPUS_B	SYN_1.0	REC_23	SYN_CORP_SPK_23	SESSION_23	CONV_12	ITEM_06	SYN_C2	north	casual	2020s		matched	True	True	True	True	True	True	True	True	True		SYNTHETIC_TEACHING_FIXTURE
SYN_QUERY_001_0476	SYN_QUERY_001	HIT_0447	SYN_TOKEN_0447	SYN_CORPUS_B	SYN_1.0	REC_23	SYN_CORP_SPK_23	SESSION_23	CONV_12	ITEM_07	SYN_C1	north	casual	2020s		matched	True	True	True	True	True	True	True	True	True		SYNTHETIC_TEACHING_FIXTURE
SYN_QUERY_001_0477	SYN_QUERY_001	HIT_0448	SYN_TOKEN_0448	SYN_CORPUS_B	SYN_1.0	REC_23	SYN_CORP_SPK_23	SESSION_23	CONV_12	ITEM_08	SYN_C2	north	casual	2020s		matched	True	True	True	True	True	True	True	True	True		SYNTHETIC_TEACHING_FIXTURE
SYN_QUERY_001_0478	SYN_QUERY_001	HIT_0449	SYN_TOKEN_0449	SYN_CORPUS_B	SYN_1.0	REC_23	SYN_CORP_SPK_23	SESSION_23	CONV_12	ITEM_09	SYN_C1	north	casual	2020s		matched	True	True	True	True	True	True	True	True	True		SYNTHETIC_TEACHING_FIXTURE
SYN_QUERY_001_0479	SYN_QUERY_001	HIT_0450	SYN_TOKEN_0450	SYN_CORPUS_B	SYN_1.0	REC_23	SYN_CORP_SPK_23	SESSION_23	CONV_12	ITEM_10	SYN_C2	north	casual	2020s		matched	True	True	True	False	False	False	False	False	False	signal_unavailable	SYNTHETIC_TEACHING_FIXTURE
SYN_QUERY_001_0480	SYN_QUERY_001	HIT_0450_DUP	SYN_TOKEN_0450	SYN_CORPUS_B	SYN_1.0	REC_23	SYN_CORP_SPK_23	SESSION_23	CONV_12	ITEM_10	SYN_C2	north	casual	2020s	SYN_QUERY_001_0479	matched	True	False	False	False	False	False	False	False	False	duplicate	SYNTHETIC_TEACHING_FIXTURE
SYN_QUERY_001_0481	SYN_QUERY_001	HIT_0451	SYN_TOKEN_0451	SYN_CORPUS_B	SYN_1.0	REC_23	SYN_CORP_SPK_23	SESSION_23	CONV_12	ITEM_11	SYN_C1	north	casual	2020s		matched	True	True	True	True	True	True	True	True	True		SYNTHETIC_TEACHING_FIXTURE
SYN_QUERY_001_0482	SYN_QUERY_001	HIT_0452	SYN_TOKEN_0452	SYN_CORPUS_B	SYN_1.0	REC_23	SYN_CORP_SPK_23	SESSION_23	CONV_12	ITEM_12	SYN_C2	north	casual	2020s		matched	True	True	True	True	True	True	True	True	True		SYNTHETIC_TEACHING_FIXTURE
SYN_QUERY_001_0483	SYN_QUERY_001	HIT_0453	SYN_TOKEN_0453	SYN_CORPUS_B	SYN_1.0	REC_23	SYN_CORP_SPK_23	SESSION_23	CONV_12	ITEM_13	SYN_C1	north	casual	2020s		matched	True	True	False	False	False	False	False	False	False	context_ineligible	SYNTHETIC_TEACHING_FIXTURE
SYN_QUERY_001_0484	SYN_QUERY_001	HIT_0454	SYN_TOKEN_0454	SYN_CORPUS_B	SYN_1.0	REC_23	SYN_CORP_SPK_23	SESSION_23	CONV_12	ITEM_14	SYN_C2	north	casual	2020s		matched	True	True	True	True	True	True	True	True	True		SYNTHETIC_TEACHING_FIXTURE
SYN_QUERY_001_0485	SYN_QUERY_001	HIT_0455	SYN_TOKEN_0455	SYN_CORPUS_B	SYN_1.0	REC_23	SYN_CORP_SPK_23	SESSION_23	CONV_12	ITEM_15	SYN_C1	north	casual	2020s		matched	True	True	True	False	False	False	False	False	False	signal_unavailable	SYNTHETIC_TEACHING_FIXTURE
SYN_QUERY_001_0486	SYN_QUERY_001	HIT_0456	SYN_TOKEN_0456	SYN_CORPUS_B	SYN_1.0	REC_23	SYN_CORP_SPK_23	SESSION_23	CONV_12	ITEM_16	SYN_C2	north	casual	2020s		matched	True	True	True	True	True	True	True	True	True		SYNTHETIC_TEACHING_FIXTURE
SYN_QUERY_001_0487	SYN_QUERY_001	HIT_0457	SYN_TOKEN_0457	SYN_CORPUS_B	SYN_1.0	REC_23	SYN_CORP_SPK_23	SESSION_23	CONV_12	ITEM_17	SYN_C1	north	casual	2020s		matched	True	True	True	False	False	False	False	False	False	signal_unavailable	SYNTHETIC_TEACHING_FIXTURE
SYN_QUERY_001_0488	SYN_QUERY_001	HIT_0458	SYN_TOKEN_0458	SYN_CORPUS_B	SYN_1.0	REC_23	SYN_CORP_SPK_23	SESSION_23	CONV_12	ITEM_18	SYN_C2	north	casual	2020s		matched	True	True	True	True	True	True	True	True	True		SYNTHETIC_TEACHING_FIXTURE
SYN_QUERY_001_0489	SYN_QUERY_001	HIT_0459	SYN_TOKEN_0459	SYN_CORPUS_B	SYN_1.0	REC_23	SYN_CORP_SPK_23	SESSION_23	CONV_12	ITEM_19	SYN_C1	north	casual	2020s		matched	True	True	True	True	False	False	False	False	False	measurement_failure	SYNTHETIC_TEACHING_FIXTURE
SYN_QUERY_001_0490	SYN_QUERY_001	HIT_0460	SYN_TOKEN_0460	SYN_CORPUS_B	SYN_1.0	REC_23	SYN_CORP_SPK_23	SESSION_23	CONV_12	ITEM_20	SYN_C2	north	casual	2020s		matched	True	True	True	False	False	False	False	False	False	signal_unavailable	SYNTHETIC_TEACHING_FIXTURE
SYN_QUERY_001_0491	SYN_QUERY_001	HIT_0461	SYN_TOKEN_0461	SYN_CORPUS_B	SYN_1.0	REC_24	SYN_CORP_SPK_24	SESSION_24	CONV_12	ITEM_01	SYN_C1	south	interview	2020s		matched	True	True	True	True	True	True	True	True	True		SYNTHETIC_TEACHING_FIXTURE
SYN_QUERY_001_0492	SYN_QUERY_001	HIT_0462	SYN_TOKEN_0462	SYN_CORPUS_B	SYN_1.0	REC_24	SYN_CORP_SPK_24	SESSION_24	CONV_12	ITEM_02	SYN_C2	south	interview	2020s		matched	True	True	True	True	True	True	True	True	True		SYNTHETIC_TEACHING_FIXTURE
SYN_QUERY_001_0493	SYN_QUERY_001	HIT_0463	SYN_TOKEN_0463	SYN_CORPUS_B	SYN_1.0	REC_24	SYN_CORP_SPK_24	SESSION_24	CONV_12	ITEM_03	SYN_C1	south	interview	2020s		matched	True	True	True	True	True	True	True	True	True		SYNTHETIC_TEACHING_FIXTURE
SYN_QUERY_001_0494	SYN_QUERY_001	HIT_0464	SYN_TOKEN_0464	SYN_CORPUS_B	SYN_1.0	REC_24	SYN_CORP_SPK_24	SESSION_24	CONV_12	ITEM_04	SYN_C2	south	interview	2020s		ambiguous	True	True	True	True	True	True	True	False	False	linkage_ambiguous	SYNTHETIC_TEACHING_FIXTURE
SYN_QUERY_001_0495	SYN_QUERY_001	HIT_0465	SYN_TOKEN_0465	SYN_CORPUS_B	SYN_1.0	REC_24	SYN_CORP_SPK_24	SESSION_24	CONV_12	ITEM_05	SYN_C1	south	interview	2020s		matched	True	True	True	True	True	True	True	True	True		SYNTHETIC_TEACHING_FIXTURE
SYN_QUERY_001_0496	SYN_QUERY_001	HIT_0465_DUP	SYN_TOKEN_0465	SYN_CORPUS_B	SYN_1.0	REC_24	SYN_CORP_SPK_24	SESSION_24	CONV_12	ITEM_05	SYN_C1	south	interview	2020s	SYN_QUERY_001_0495	matched	True	False	False	False	False	False	False	False	False	duplicate	SYNTHETIC_TEACHING_FIXTURE
SYN_QUERY_001_0497	SYN_QUERY_001	HIT_0466	SYN_TOKEN_0466	SYN_CORPUS_B	SYN_1.0	REC_24	SYN_CORP_SPK_24	SESSION_24	CONV_12	ITEM_06	SYN_C2	south	interview	2020s		matched	True	True	True	True	True	True	True	True	True		SYNTHETIC_TEACHING_FIXTURE
SYN_QUERY_001_0498	SYN_QUERY_001	HIT_0467	SYN_TOKEN_0467	SYN_CORPUS_B	SYN_1.0	REC_24	SYN_CORP_SPK_24	SESSION_24	CONV_12	ITEM_07	SYN_C1	south	interview	2020s		matched	True	True	True	True	True	True	True	True	True		SYNTHETIC_TEACHING_FIXTURE
SYN_QUERY_001_0499	SYN_QUERY_001	HIT_0468	SYN_TOKEN_0468	SYN_CORPUS_B	SYN_1.0	REC_24	SYN_CORP_SPK_24	SESSION_24	CONV_12	ITEM_08	SYN_C2	south	interview	2020s		matched	True	True	True	True	True	True	True	True	True		SYNTHETIC_TEACHING_FIXTURE
SYN_QUERY_001_0500	SYN_QUERY_001	HIT_0469	SYN_TOKEN_0469	SYN_CORPUS_B	SYN_1.0	REC_24	SYN_CORP_SPK_24	SESSION_24	CONV_12	ITEM_09	SYN_C1	south	interview	2020s		matched	True	True	True	True	True	True	True	True	True		SYNTHETIC_TEACHING_FIXTURE
SYN_QUERY_001_0501	SYN_QUERY_001	HIT_0470	SYN_TOKEN_0470	SYN_CORPUS_B	SYN_1.0	REC_24	SYN_CORP_SPK_24	SESSION_24	CONV_12	ITEM_10	SYN_C2	south	interview	2020s		matched	True	True	True	True	True	True	True	True	True		SYNTHETIC_TEACHING_FIXTURE
SYN_QUERY_001_0502	SYN_QUERY_001	HIT_0471	SYN_TOKEN_0471	SYN_CORPUS_B	SYN_1.0	REC_24	SYN_CORP_SPK_24	SESSION_24	CONV_12	ITEM_11	SYN_C1	south	interview	2020s		matched	True	True	True	True	True	True	True	True	True		SYNTHETIC_TEACHING_FIXTURE
SYN_QUERY_001_0503	SYN_QUERY_001	HIT_0472	SYN_TOKEN_0472	SYN_CORPUS_B	SYN_1.0	REC_24	SYN_CORP_SPK_24	SESSION_24	CONV_12	ITEM_12	SYN_C2	south	interview	2020s		matched	True	True	True	True	True	True	True	True	True		SYNTHETIC_TEACHING_FIXTURE
SYN_QUERY_001_0504	SYN_QUERY_001	HIT_0473	SYN_TOKEN_0473	SYN_CORPUS_B	SYN_1.0	REC_24	SYN_CORP_SPK_24	SESSION_24	CONV_12	ITEM_13	SYN_C1	south	interview	2020s		matched	True	True	False	False	False	False	False	False	False	context_ineligible	SYNTHETIC_TEACHING_FIXTURE
SYN_QUERY_001_0505	SYN_QUERY_001	HIT_0474	SYN_TOKEN_0474	SYN_CORPUS_B	SYN_1.0	REC_24	SYN_CORP_SPK_24	SESSION_24	CONV_12	ITEM_14	SYN_C2	south	interview	2020s		matched	True	True	True	True	True	True	True	True	True		SYNTHETIC_TEACHING_FIXTURE
SYN_QUERY_001_0506	SYN_QUERY_001	HIT_0475	SYN_TOKEN_0475	SYN_CORPUS_B	SYN_1.0	REC_24	SYN_CORP_SPK_24	SESSION_24	CONV_12	ITEM_15	SYN_C1	south	interview	2020s		matched	True	True	True	True	True	True	True	True	True		SYNTHETIC_TEACHING_FIXTURE
SYN_QUERY_001_0507	SYN_QUERY_001	HIT_0476	SYN_TOKEN_0476	SYN_CORPUS_B	SYN_1.0	REC_24	SYN_CORP_SPK_24	SESSION_24	CONV_12	ITEM_16	SYN_C2	south	interview	2020s		matched	True	True	True	True	True	True	True	True	True		SYNTHETIC_TEACHING_FIXTURE
SYN_QUERY_001_0508	SYN_QUERY_001	HIT_0477	SYN_TOKEN_0477	SYN_CORPUS_B	SYN_1.0	REC_24	SYN_CORP_SPK_24	SESSION_24	CONV_12	ITEM_17	SYN_C1	south	interview	2020s		matched	True	True	True	False	False	False	False	False	False	signal_unavailable	SYNTHETIC_TEACHING_FIXTURE
SYN_QUERY_001_0509	SYN_QUERY_001	HIT_0478	SYN_TOKEN_0478	SYN_CORPUS_B	SYN_1.0	REC_24	SYN_CORP_SPK_24	SESSION_24	CONV_12	ITEM_18	SYN_C2	south	interview	2020s		matched	True	True	True	True	True	True	True	True	True		SYNTHETIC_TEACHING_FIXTURE
SYN_QUERY_001_0510	SYN_QUERY_001	HIT_0479	SYN_TOKEN_0479	SYN_CORPUS_B	SYN_1.0	REC_24	SYN_CORP_SPK_24	SESSION_24	CONV_12	ITEM_19	SYN_C1	south	interview	2020s		matched	True	True	True	True	False	False	False	False	False	measurement_failure	SYNTHETIC_TEACHING_FIXTURE
SYN_QUERY_001_0511	SYN_QUERY_001	HIT_0480	SYN_TOKEN_0480	SYN_CORPUS_B	SYN_1.0	REC_24	SYN_CORP_SPK_24	SESSION_24	CONV_12	ITEM_20	SYN_C2	south	interview	2020s		matched	True	True	True	True	True	True	True	True	True		SYNTHETIC_TEACHING_FIXTURE
SYN_QUERY_001_0512	SYN_QUERY_001	HIT_0480_DUP	SYN_TOKEN_0480	SYN_CORPUS_B	SYN_1.0	REC_24	SYN_CORP_SPK_24	SESSION_24	CONV_12	ITEM_20	SYN_C2	south	interview	2020s	SYN_QUERY_001_0511	matched	True	False	False	False	False	False	False	False	False	duplicate	SYNTHETIC_TEACHING_FIXTURE
SYN_QUERY_001_0513	SYN_QUERY_001	HIT_0481	SYN_TOKEN_0481	SYN_CORPUS_B	SYN_1.0	REC_25	SYN_CORP_SPK_25	SESSION_25	CONV_13	ITEM_01	SYN_C1	north	casual	2020s		unmatched	True	True	True	True	True	True	True	False	False	linkage_unmatched	SYNTHETIC_TEACHING_FIXTURE
SYN_QUERY_001_0514	SYN_QUERY_001	HIT_0482	SYN_TOKEN_0482	SYN_CORPUS_B	SYN_1.0	REC_25	SYN_CORP_SPK_25	SESSION_25	CONV_13	ITEM_02	SYN_C2	north	casual	2020s		matched	True	True	True	True	True	True	True	True	True		SYNTHETIC_TEACHING_FIXTURE
SYN_QUERY_001_0515	SYN_QUERY_001	HIT_0483	SYN_TOKEN_0483	SYN_CORPUS_B	SYN_1.0	REC_25	SYN_CORP_SPK_25	SESSION_25	CONV_13	ITEM_03	SYN_C1	north	casual	2020s		matched	True	True	True	True	True	True	True	True	True		SYNTHETIC_TEACHING_FIXTURE
SYN_QUERY_001_0516	SYN_QUERY_001	HIT_0484	SYN_TOKEN_0484	SYN_CORPUS_B	SYN_1.0	REC_25	SYN_CORP_SPK_25	SESSION_25	CONV_13	ITEM_04	SYN_C2	north	casual	2020s		matched	True	True	True	True	True	True	True	True	True		SYNTHETIC_TEACHING_FIXTURE
SYN_QUERY_001_0517	SYN_QUERY_001	HIT_0485	SYN_TOKEN_0485	SYN_CORPUS_B	SYN_1.0	REC_25	SYN_CORP_SPK_25	SESSION_25	CONV_13	ITEM_05	SYN_C1	north	casual	2020s		matched	True	True	True	False	False	False	False	False	False	signal_unavailable	SYNTHETIC_TEACHING_FIXTURE
SYN_QUERY_001_0518	SYN_QUERY_001	HIT_0486	SYN_TOKEN_0486	SYN_CORPUS_B	SYN_1.0	REC_25	SYN_CORP_SPK_25	SESSION_25	CONV_13	ITEM_06	SYN_C2	north	casual	2020s		matched	True	True	True	True	True	True	True	True	True		SYNTHETIC_TEACHING_FIXTURE
SYN_QUERY_001_0519	SYN_QUERY_001	HIT_0487	SYN_TOKEN_0487	SYN_CORPUS_B	SYN_1.0	REC_25	SYN_CORP_SPK_25	SESSION_25	CONV_13	ITEM_07	SYN_C1	north	casual	2020s		matched	True	True	True	True	True	True	True	True	True		SYNTHETIC_TEACHING_FIXTURE
SYN_QUERY_001_0520	SYN_QUERY_001	HIT_0488	SYN_TOKEN_0488	SYN_CORPUS_B	SYN_1.0	REC_25	SYN_CORP_SPK_25	SESSION_25	CONV_13	ITEM_08	SYN_C2	north	casual	2020s		matched	True	True	True	True	True	True	True	True	True		SYNTHETIC_TEACHING_FIXTURE
SYN_QUERY_001_0521	SYN_QUERY_001	HIT_0489	SYN_TOKEN_0489	SYN_CORPUS_B	SYN_1.0	REC_25	SYN_CORP_SPK_25	SESSION_25	CONV_13	ITEM_09	SYN_C1	north	casual	2020s		matched	True	True	True	True	True	True	True	True	True		SYNTHETIC_TEACHING_FIXTURE
SYN_QUERY_001_0522	SYN_QUERY_001	HIT_0490	SYN_TOKEN_0490	SYN_CORPUS_B	SYN_1.0	REC_25	SYN_CORP_SPK_25	SESSION_25	CONV_13	ITEM_10	SYN_C2	north	casual	2020s		matched	True	True	True	False	False	False	False	False	False	signal_unavailable	SYNTHETIC_TEACHING_FIXTURE
SYN_QUERY_001_0523	SYN_QUERY_001	HIT_0491	SYN_TOKEN_0491	SYN_CORPUS_B	SYN_1.0	REC_25	SYN_CORP_SPK_25	SESSION_25	CONV_13	ITEM_11	SYN_C1	north	casual	2020s		matched	True	True	True	True	True	True	True	True	True		SYNTHETIC_TEACHING_FIXTURE
SYN_QUERY_001_0524	SYN_QUERY_001	HIT_0492	SYN_TOKEN_0492	SYN_CORPUS_B	SYN_1.0	REC_25	SYN_CORP_SPK_25	SESSION_25	CONV_13	ITEM_12	SYN_C2	north	casual	2020s		matched	True	True	True	True	True	True	True	True	True		SYNTHETIC_TEACHING_FIXTURE
SYN_QUERY_001_0525	SYN_QUERY_001	HIT_0493	SYN_TOKEN_0493	SYN_CORPUS_B	SYN_1.0	REC_25	SYN_CORP_SPK_25	SESSION_25	CONV_13	ITEM_13	SYN_C1	north	casual	2020s		ambiguous	True	True	False	False	False	False	False	False	False	context_ineligible	SYNTHETIC_TEACHING_FIXTURE
SYN_QUERY_001_0526	SYN_QUERY_001	HIT_0494	SYN_TOKEN_0494	SYN_CORPUS_B	SYN_1.0	REC_25	SYN_CORP_SPK_25	SESSION_25	CONV_13	ITEM_14	SYN_C2	north	casual	2020s		matched	True	True	True	True	True	True	True	True	True		SYNTHETIC_TEACHING_FIXTURE
SYN_QUERY_001_0527	SYN_QUERY_001	HIT_0495	SYN_TOKEN_0495	SYN_CORPUS_B	SYN_1.0	REC_25	SYN_CORP_SPK_25	SESSION_25	CONV_13	ITEM_15	SYN_C1	north	casual	2020s		matched	True	True	True	False	False	False	False	False	False	signal_unavailable	SYNTHETIC_TEACHING_FIXTURE
SYN_QUERY_001_0528	SYN_QUERY_001	HIT_0495_DUP	SYN_TOKEN_0495	SYN_CORPUS_B	SYN_1.0	REC_25	SYN_CORP_SPK_25	SESSION_25	CONV_13	ITEM_15	SYN_C1	north	casual	2020s	SYN_QUERY_001_0527	matched	True	False	False	False	False	False	False	False	False	duplicate	SYNTHETIC_TEACHING_FIXTURE
SYN_QUERY_001_0529	SYN_QUERY_001	HIT_0496	SYN_TOKEN_0496	SYN_CORPUS_B	SYN_1.0	REC_25	SYN_CORP_SPK_25	SESSION_25	CONV_13	ITEM_16	SYN_C2	north	casual	2020s		matched	True	True	True	True	True	True	True	True	True		SYNTHETIC_TEACHING_FIXTURE
SYN_QUERY_001_0530	SYN_QUERY_001	HIT_0497	SYN_TOKEN_0497	SYN_CORPUS_B	SYN_1.0	REC_25	SYN_CORP_SPK_25	SESSION_25	CONV_13	ITEM_17	SYN_C1	north	casual	2020s		matched	True	True	True	False	False	False	False	False	False	signal_unavailable	SYNTHETIC_TEACHING_FIXTURE
SYN_QUERY_001_0531	SYN_QUERY_001	HIT_0498	SYN_TOKEN_0498	SYN_CORPUS_B	SYN_1.0	REC_25	SYN_CORP_SPK_25	SESSION_25	CONV_13	ITEM_18	SYN_C2	north	casual	2020s		matched	True	True	True	True	True	True	True	True	True		SYNTHETIC_TEACHING_FIXTURE
SYN_QUERY_001_0532	SYN_QUERY_001	HIT_0499	SYN_TOKEN_0499	SYN_CORPUS_B	SYN_1.0	REC_25	SYN_CORP_SPK_25	SESSION_25	CONV_13	ITEM_19	SYN_C1	north	casual	2020s		matched	True	True	True	True	False	False	False	False	False	measurement_failure	SYNTHETIC_TEACHING_FIXTURE
SYN_QUERY_001_0533	SYN_QUERY_001	HIT_0500	SYN_TOKEN_0500	SYN_CORPUS_B	SYN_1.0	REC_25	SYN_CORP_SPK_25	SESSION_25	CONV_13	ITEM_20	SYN_C2	north	casual	2020s		matched	True	True	True	False	False	False	False	False	False	signal_unavailable	SYNTHETIC_TEACHING_FIXTURE
SYN_QUERY_001_0534	SYN_QUERY_001	HIT_0501	SYN_TOKEN_0501	SYN_CORPUS_B	SYN_1.0	REC_26	SYN_CORP_SPK_26	SESSION_26	CONV_13	ITEM_01	SYN_C1	north	interview	2020s		matched	True	True	True	True	True	True	True	True	True		SYNTHETIC_TEACHING_FIXTURE
SYN_QUERY_001_0535	SYN_QUERY_001	HIT_0502	SYN_TOKEN_0502	SYN_CORPUS_B	SYN_1.0	REC_26	SYN_CORP_SPK_26	SESSION_26	CONV_13	ITEM_02	SYN_C2	north	interview	2020s		matched	True	True	True	True	True	True	True	True	True		SYNTHETIC_TEACHING_FIXTURE
SYN_QUERY_001_0536	SYN_QUERY_001	HIT_0503	SYN_TOKEN_0503	SYN_CORPUS_B	SYN_1.0	REC_26	SYN_CORP_SPK_26	SESSION_26	CONV_13	ITEM_03	SYN_C1	north	interview	2020s		matched	True	True	True	True	True	True	True	True	True		SYNTHETIC_TEACHING_FIXTURE
SYN_QUERY_001_0537	SYN_QUERY_001	HIT_0504	SYN_TOKEN_0504	SYN_CORPUS_B	SYN_1.0	REC_26	SYN_CORP_SPK_26	SESSION_26	CONV_13	ITEM_04	SYN_C2	north	interview	2020s		matched	True	True	True	True	True	True	True	True	True		SYNTHETIC_TEACHING_FIXTURE
SYN_QUERY_001_0538	SYN_QUERY_001	HIT_0505	SYN_TOKEN_0505	SYN_CORPUS_B	SYN_1.0	REC_26	SYN_CORP_SPK_26	SESSION_26	CONV_13	ITEM_05	SYN_C1	north	interview	2020s		matched	True	True	True	True	True	True	True	True	True		SYNTHETIC_TEACHING_FIXTURE
SYN_QUERY_001_0539	SYN_QUERY_001	HIT_0506	SYN_TOKEN_0506	SYN_CORPUS_B	SYN_1.0	REC_26	SYN_CORP_SPK_26	SESSION_26	CONV_13	ITEM_06	SYN_C2	north	interview	2020s		matched	True	True	True	True	True	True	True	True	True		SYNTHETIC_TEACHING_FIXTURE
SYN_QUERY_001_0540	SYN_QUERY_001	HIT_0507	SYN_TOKEN_0507	SYN_CORPUS_B	SYN_1.0	REC_26	SYN_CORP_SPK_26	SESSION_26	CONV_13	ITEM_07	SYN_C1	north	interview	2020s		matched	True	True	True	True	True	True	True	True	True		SYNTHETIC_TEACHING_FIXTURE
SYN_QUERY_001_0541	SYN_QUERY_001	HIT_0508	SYN_TOKEN_0508	SYN_CORPUS_B	SYN_1.0	REC_26	SYN_CORP_SPK_26	SESSION_26	CONV_13	ITEM_08	SYN_C2	north	interview	2020s		matched	True	True	True	True	True	True	True	True	True		SYNTHETIC_TEACHING_FIXTURE
SYN_QUERY_001_0542	SYN_QUERY_001	HIT_0509	SYN_TOKEN_0509	SYN_CORPUS_B	SYN_1.0	REC_26	SYN_CORP_SPK_26	SESSION_26	CONV_13	ITEM_09	SYN_C1	north	interview	2020s		matched	True	True	True	True	True	True	True	True	True		SYNTHETIC_TEACHING_FIXTURE
SYN_QUERY_001_0543	SYN_QUERY_001	HIT_0510	SYN_TOKEN_0510	SYN_CORPUS_B	SYN_1.0	REC_26	SYN_CORP_SPK_26	SESSION_26	CONV_13	ITEM_10	SYN_C2	north	interview	2020s		matched	True	True	True	True	True	True	True	True	True		SYNTHETIC_TEACHING_FIXTURE
SYN_QUERY_001_0544	SYN_QUERY_001	HIT_0510_DUP	SYN_TOKEN_0510	SYN_CORPUS_B	SYN_1.0	REC_26	SYN_CORP_SPK_26	SESSION_26	CONV_13	ITEM_10	SYN_C2	north	interview	2020s	SYN_QUERY_001_0543	matched	True	False	False	False	False	False	False	False	False	duplicate	SYNTHETIC_TEACHING_FIXTURE
SYN_QUERY_001_0545	SYN_QUERY_001	HIT_0511	SYN_TOKEN_0511	SYN_CORPUS_B	SYN_1.0	REC_26	SYN_CORP_SPK_26	SESSION_26	CONV_13	ITEM_11	SYN_C1	north	interview	2020s		matched	True	True	True	True	True	True	True	True	True		SYNTHETIC_TEACHING_FIXTURE
SYN_QUERY_001_0546	SYN_QUERY_001	HIT_0512	SYN_TOKEN_0512	SYN_CORPUS_B	SYN_1.0	REC_26	SYN_CORP_SPK_26	SESSION_26	CONV_13	ITEM_12	SYN_C2	north	interview	2020s		matched	True	True	True	True	True	True	True	True	True		SYNTHETIC_TEACHING_FIXTURE
SYN_QUERY_001_0547	SYN_QUERY_001	HIT_0513	SYN_TOKEN_0513	SYN_CORPUS_B	SYN_1.0	REC_26	SYN_CORP_SPK_26	SESSION_26	CONV_13	ITEM_13	SYN_C1	north	interview	2020s		matched	True	True	False	False	False	False	False	False	False	context_ineligible	SYNTHETIC_TEACHING_FIXTURE
SYN_QUERY_001_0548	SYN_QUERY_001	HIT_0514	SYN_TOKEN_0514	SYN_CORPUS_B	SYN_1.0	REC_26	SYN_CORP_SPK_26	SESSION_26	CONV_13	ITEM_14	SYN_C2	north	interview	2020s		matched	True	True	True	True	True	True	True	True	True		SYNTHETIC_TEACHING_FIXTURE
SYN_QUERY_001_0549	SYN_QUERY_001	HIT_0515	SYN_TOKEN_0515	SYN_CORPUS_B	SYN_1.0	REC_26	SYN_CORP_SPK_26	SESSION_26	CONV_13	ITEM_15	SYN_C1	north	interview	2020s		matched	True	True	True	True	True	True	True	True	True		SYNTHETIC_TEACHING_FIXTURE
SYN_QUERY_001_0550	SYN_QUERY_001	HIT_0516	SYN_TOKEN_0516	SYN_CORPUS_B	SYN_1.0	REC_26	SYN_CORP_SPK_26	SESSION_26	CONV_13	ITEM_16	SYN_C2	north	interview	2020s		matched	True	True	True	True	True	True	True	True	True		SYNTHETIC_TEACHING_FIXTURE
SYN_QUERY_001_0551	SYN_QUERY_001	HIT_0517	SYN_TOKEN_0517	SYN_CORPUS_B	SYN_1.0	REC_26	SYN_CORP_SPK_26	SESSION_26	CONV_13	ITEM_17	SYN_C1	north	interview	2020s		matched	True	True	True	False	False	False	False	False	False	signal_unavailable	SYNTHETIC_TEACHING_FIXTURE
SYN_QUERY_001_0552	SYN_QUERY_001	HIT_0518	SYN_TOKEN_0518	SYN_CORPUS_B	SYN_1.0	REC_26	SYN_CORP_SPK_26	SESSION_26	CONV_13	ITEM_18	SYN_C2	north	interview	2020s		unmatched	True	True	True	True	True	True	True	False	False	linkage_unmatched	SYNTHETIC_TEACHING_FIXTURE
SYN_QUERY_001_0553	SYN_QUERY_001	HIT_0519	SYN_TOKEN_0519	SYN_CORPUS_B	SYN_1.0	REC_26	SYN_CORP_SPK_26	SESSION_26	CONV_13	ITEM_19	SYN_C1	north	interview	2020s		matched	True	True	True	True	False	False	False	False	False	measurement_failure	SYNTHETIC_TEACHING_FIXTURE
SYN_QUERY_001_0554	SYN_QUERY_001	HIT_0520	SYN_TOKEN_0520	SYN_CORPUS_B	SYN_1.0	REC_26	SYN_CORP_SPK_26	SESSION_26	CONV_13	ITEM_20	SYN_C2	north	interview	2020s		matched	True	True	True	True	True	True	True	True	True		SYNTHETIC_TEACHING_FIXTURE
SYN_QUERY_001_0555	SYN_QUERY_001	HIT_0521	SYN_TOKEN_0521	SYN_CORPUS_B	SYN_1.0	REC_27	SYN_CORP_SPK_27	SESSION_27	CONV_14	ITEM_01	SYN_C1	south	casual	2020s		matched	True	True	True	True	True	True	True	True	True		SYNTHETIC_TEACHING_FIXTURE
SYN_QUERY_001_0556	SYN_QUERY_001	HIT_0522	SYN_TOKEN_0522	SYN_CORPUS_B	SYN_1.0	REC_27	SYN_CORP_SPK_27	SESSION_27	CONV_14	ITEM_02	SYN_C2	south	casual	2020s		ambiguous	True	True	True	True	True	True	True	False	False	linkage_ambiguous	SYNTHETIC_TEACHING_FIXTURE
SYN_QUERY_001_0557	SYN_QUERY_001	HIT_0523	SYN_TOKEN_0523	SYN_CORPUS_B	SYN_1.0	REC_27	SYN_CORP_SPK_27	SESSION_27	CONV_14	ITEM_03	SYN_C1	south	casual	2020s		matched	True	True	True	True	True	True	True	True	True		SYNTHETIC_TEACHING_FIXTURE
SYN_QUERY_001_0558	SYN_QUERY_001	HIT_0524	SYN_TOKEN_0524	SYN_CORPUS_B	SYN_1.0	REC_27	SYN_CORP_SPK_27	SESSION_27	CONV_14	ITEM_04	SYN_C2	south	casual	2020s		matched	True	True	True	True	True	True	True	True	True		SYNTHETIC_TEACHING_FIXTURE
SYN_QUERY_001_0559	SYN_QUERY_001	HIT_0525	SYN_TOKEN_0525	SYN_CORPUS_B	SYN_1.0	REC_27	SYN_CORP_SPK_27	SESSION_27	CONV_14	ITEM_05	SYN_C1	south	casual	2020s		matched	True	True	True	False	False	False	False	False	False	signal_unavailable	SYNTHETIC_TEACHING_FIXTURE
SYN_QUERY_001_0560	SYN_QUERY_001	HIT_0525_DUP	SYN_TOKEN_0525	SYN_CORPUS_B	SYN_1.0	REC_27	SYN_CORP_SPK_27	SESSION_27	CONV_14	ITEM_05	SYN_C1	south	casual	2020s	SYN_QUERY_001_0559	matched	True	False	False	False	False	False	False	False	False	duplicate	SYNTHETIC_TEACHING_FIXTURE
SYN_QUERY_001_0561	SYN_QUERY_001	HIT_0526	SYN_TOKEN_0526	SYN_CORPUS_B	SYN_1.0	REC_27	SYN_CORP_SPK_27	SESSION_27	CONV_14	ITEM_06	SYN_C2	south	casual	2020s		matched	True	True	True	True	True	True	True	True	True		SYNTHETIC_TEACHING_FIXTURE
SYN_QUERY_001_0562	SYN_QUERY_001	HIT_0527	SYN_TOKEN_0527	SYN_CORPUS_B	SYN_1.0	REC_27	SYN_CORP_SPK_27	SESSION_27	CONV_14	ITEM_07	SYN_C1	south	casual	2020s		matched	True	True	True	True	True	True	True	True	True		SYNTHETIC_TEACHING_FIXTURE
SYN_QUERY_001_0563	SYN_QUERY_001	HIT_0528	SYN_TOKEN_0528	SYN_CORPUS_B	SYN_1.0	REC_27	SYN_CORP_SPK_27	SESSION_27	CONV_14	ITEM_08	SYN_C2	south	casual	2020s		matched	True	True	True	True	True	True	True	True	True		SYNTHETIC_TEACHING_FIXTURE
SYN_QUERY_001_0564	SYN_QUERY_001	HIT_0529	SYN_TOKEN_0529	SYN_CORPUS_B	SYN_1.0	REC_27	SYN_CORP_SPK_27	SESSION_27	CONV_14	ITEM_09	SYN_C1	south	casual	2020s		matched	True	True	True	True	True	True	True	True	True		SYNTHETIC_TEACHING_FIXTURE
SYN_QUERY_001_0565	SYN_QUERY_001	HIT_0530	SYN_TOKEN_0530	SYN_CORPUS_B	SYN_1.0	REC_27	SYN_CORP_SPK_27	SESSION_27	CONV_14	ITEM_10	SYN_C2	south	casual	2020s		matched	True	True	True	False	False	False	False	False	False	signal_unavailable	SYNTHETIC_TEACHING_FIXTURE
SYN_QUERY_001_0566	SYN_QUERY_001	HIT_0531	SYN_TOKEN_0531	SYN_CORPUS_B	SYN_1.0	REC_27	SYN_CORP_SPK_27	SESSION_27	CONV_14	ITEM_11	SYN_C1	south	casual	2020s		matched	True	True	True	True	True	True	True	True	True		SYNTHETIC_TEACHING_FIXTURE
SYN_QUERY_001_0567	SYN_QUERY_001	HIT_0532	SYN_TOKEN_0532	SYN_CORPUS_B	SYN_1.0	REC_27	SYN_CORP_SPK_27	SESSION_27	CONV_14	ITEM_12	SYN_C2	south	casual	2020s		matched	True	True	True	True	True	True	True	True	True		SYNTHETIC_TEACHING_FIXTURE
SYN_QUERY_001_0568	SYN_QUERY_001	HIT_0533	SYN_TOKEN_0533	SYN_CORPUS_B	SYN_1.0	REC_27	SYN_CORP_SPK_27	SESSION_27	CONV_14	ITEM_13	SYN_C1	south	casual	2020s		matched	True	True	False	False	False	False	False	False	False	context_ineligible	SYNTHETIC_TEACHING_FIXTURE
SYN_QUERY_001_0569	SYN_QUERY_001	HIT_0534	SYN_TOKEN_0534	SYN_CORPUS_B	SYN_1.0	REC_27	SYN_CORP_SPK_27	SESSION_27	CONV_14	ITEM_14	SYN_C2	south	casual	2020s		matched	True	True	True	True	True	True	True	True	True		SYNTHETIC_TEACHING_FIXTURE
SYN_QUERY_001_0570	SYN_QUERY_001	HIT_0535	SYN_TOKEN_0535	SYN_CORPUS_B	SYN_1.0	REC_27	SYN_CORP_SPK_27	SESSION_27	CONV_14	ITEM_15	SYN_C1	south	casual	2020s		matched	True	True	True	False	False	False	False	False	False	signal_unavailable	SYNTHETIC_TEACHING_FIXTURE
SYN_QUERY_001_0571	SYN_QUERY_001	HIT_0536	SYN_TOKEN_0536	SYN_CORPUS_B	SYN_1.0	REC_27	SYN_CORP_SPK_27	SESSION_27	CONV_14	ITEM_16	SYN_C2	south	casual	2020s		matched	True	True	True	True	True	True	True	True	True		SYNTHETIC_TEACHING_FIXTURE
SYN_QUERY_001_0572	SYN_QUERY_001	HIT_0537	SYN_TOKEN_0537	SYN_CORPUS_B	SYN_1.0	REC_27	SYN_CORP_SPK_27	SESSION_27	CONV_14	ITEM_17	SYN_C1	south	casual	2020s		matched	True	True	True	False	False	False	False	False	False	signal_unavailable	SYNTHETIC_TEACHING_FIXTURE
SYN_QUERY_001_0573	SYN_QUERY_001	HIT_0538	SYN_TOKEN_0538	SYN_CORPUS_B	SYN_1.0	REC_27	SYN_CORP_SPK_27	SESSION_27	CONV_14	ITEM_18	SYN_C2	south	casual	2020s		matched	True	True	True	True	True	True	True	True	True		SYNTHETIC_TEACHING_FIXTURE
SYN_QUERY_001_0574	SYN_QUERY_001	HIT_0539	SYN_TOKEN_0539	SYN_CORPUS_B	SYN_1.0	REC_27	SYN_CORP_SPK_27	SESSION_27	CONV_14	ITEM_19	SYN_C1	south	casual	2020s		matched	True	True	True	True	False	False	False	False	False	measurement_failure	SYNTHETIC_TEACHING_FIXTURE
SYN_QUERY_001_0575	SYN_QUERY_001	HIT_0540	SYN_TOKEN_0540	SYN_CORPUS_B	SYN_1.0	REC_27	SYN_CORP_SPK_27	SESSION_27	CONV_14	ITEM_20	SYN_C2	south	casual	2020s		matched	True	True	True	False	False	False	False	False	False	signal_unavailable	SYNTHETIC_TEACHING_FIXTURE
SYN_QUERY_001_0576	SYN_QUERY_001	HIT_0540_DUP	SYN_TOKEN_0540	SYN_CORPUS_B	SYN_1.0	REC_27	SYN_CORP_SPK_27	SESSION_27	CONV_14	ITEM_20	SYN_C2	south	casual	2020s	SYN_QUERY_001_0575	matched	True	False	False	False	False	False	False	False	False	duplicate	SYNTHETIC_TEACHING_FIXTURE
SYN_QUERY_001_0577	SYN_QUERY_001	HIT_0541	SYN_TOKEN_0541	SYN_CORPUS_B	SYN_1.0	REC_28	SYN_CORP_SPK_28	SESSION_28	CONV_14	ITEM_01	SYN_C1	north	interview	2020s		matched	True	True	True	True	True	True	True	True	True		SYNTHETIC_TEACHING_FIXTURE
SYN_QUERY_001_0578	SYN_QUERY_001	HIT_0542	SYN_TOKEN_0542	SYN_CORPUS_B	SYN_1.0	REC_28	SYN_CORP_SPK_28	SESSION_28	CONV_14	ITEM_02	SYN_C2	north	interview	2020s		matched	True	True	True	True	True	True	True	True	True		SYNTHETIC_TEACHING_FIXTURE
SYN_QUERY_001_0579	SYN_QUERY_001	HIT_0543	SYN_TOKEN_0543	SYN_CORPUS_B	SYN_1.0	REC_28	SYN_CORP_SPK_28	SESSION_28	CONV_14	ITEM_03	SYN_C1	north	interview	2020s		matched	True	True	True	True	True	True	True	True	True		SYNTHETIC_TEACHING_FIXTURE
SYN_QUERY_001_0580	SYN_QUERY_001	HIT_0544	SYN_TOKEN_0544	SYN_CORPUS_B	SYN_1.0	REC_28	SYN_CORP_SPK_28	SESSION_28	CONV_14	ITEM_04	SYN_C2	north	interview	2020s		matched	True	True	True	True	True	True	True	True	True		SYNTHETIC_TEACHING_FIXTURE
SYN_QUERY_001_0581	SYN_QUERY_001	HIT_0545	SYN_TOKEN_0545	SYN_CORPUS_B	SYN_1.0	REC_28	SYN_CORP_SPK_28	SESSION_28	CONV_14	ITEM_05	SYN_C1	north	interview	2020s		matched	True	True	True	True	True	True	True	True	True		SYNTHETIC_TEACHING_FIXTURE
SYN_QUERY_001_0582	SYN_QUERY_001	HIT_0546	SYN_TOKEN_0546	SYN_CORPUS_B	SYN_1.0	REC_28	SYN_CORP_SPK_28	SESSION_28	CONV_14	ITEM_06	SYN_C2	north	interview	2020s		matched	True	True	True	True	True	True	True	True	True		SYNTHETIC_TEACHING_FIXTURE
SYN_QUERY_001_0583	SYN_QUERY_001	HIT_0547	SYN_TOKEN_0547	SYN_CORPUS_B	SYN_1.0	REC_28	SYN_CORP_SPK_28	SESSION_28	CONV_14	ITEM_07	SYN_C1	north	interview	2020s		matched	True	True	True	True	True	True	True	True	True		SYNTHETIC_TEACHING_FIXTURE
SYN_QUERY_001_0584	SYN_QUERY_001	HIT_0548	SYN_TOKEN_0548	SYN_CORPUS_B	SYN_1.0	REC_28	SYN_CORP_SPK_28	SESSION_28	CONV_14	ITEM_08	SYN_C2	north	interview	2020s		matched	True	True	True	True	True	True	True	True	True		SYNTHETIC_TEACHING_FIXTURE
SYN_QUERY_001_0585	SYN_QUERY_001	HIT_0549	SYN_TOKEN_0549	SYN_CORPUS_B	SYN_1.0	REC_28	SYN_CORP_SPK_28	SESSION_28	CONV_14	ITEM_09	SYN_C1	north	interview	2020s		matched	True	True	True	True	True	True	True	True	True		SYNTHETIC_TEACHING_FIXTURE
SYN_QUERY_001_0586	SYN_QUERY_001	HIT_0550	SYN_TOKEN_0550	SYN_CORPUS_B	SYN_1.0	REC_28	SYN_CORP_SPK_28	SESSION_28	CONV_14	ITEM_10	SYN_C2	north	interview	2020s		matched	True	True	True	True	True	True	True	True	True		SYNTHETIC_TEACHING_FIXTURE
SYN_QUERY_001_0587	SYN_QUERY_001	HIT_0551	SYN_TOKEN_0551	SYN_CORPUS_B	SYN_1.0	REC_28	SYN_CORP_SPK_28	SESSION_28	CONV_14	ITEM_11	SYN_C1	north	interview	2020s		ambiguous	True	True	True	True	True	True	True	False	False	linkage_ambiguous	SYNTHETIC_TEACHING_FIXTURE
SYN_QUERY_001_0588	SYN_QUERY_001	HIT_0552	SYN_TOKEN_0552	SYN_CORPUS_B	SYN_1.0	REC_28	SYN_CORP_SPK_28	SESSION_28	CONV_14	ITEM_12	SYN_C2	north	interview	2020s		matched	True	True	True	True	True	True	True	True	True		SYNTHETIC_TEACHING_FIXTURE
SYN_QUERY_001_0589	SYN_QUERY_001	HIT_0553	SYN_TOKEN_0553	SYN_CORPUS_B	SYN_1.0	REC_28	SYN_CORP_SPK_28	SESSION_28	CONV_14	ITEM_13	SYN_C1	north	interview	2020s		matched	True	True	False	False	False	False	False	False	False	context_ineligible	SYNTHETIC_TEACHING_FIXTURE
SYN_QUERY_001_0590	SYN_QUERY_001	HIT_0554	SYN_TOKEN_0554	SYN_CORPUS_B	SYN_1.0	REC_28	SYN_CORP_SPK_28	SESSION_28	CONV_14	ITEM_14	SYN_C2	north	interview	2020s		matched	True	True	True	True	True	True	True	True	True		SYNTHETIC_TEACHING_FIXTURE
SYN_QUERY_001_0591	SYN_QUERY_001	HIT_0555	SYN_TOKEN_0555	SYN_CORPUS_B	SYN_1.0	REC_28	SYN_CORP_SPK_28	SESSION_28	CONV_14	ITEM_15	SYN_C1	north	interview	2020s		unmatched	True	True	True	True	True	True	True	False	False	linkage_unmatched	SYNTHETIC_TEACHING_FIXTURE
SYN_QUERY_001_0592	SYN_QUERY_001	HIT_0555_DUP	SYN_TOKEN_0555	SYN_CORPUS_B	SYN_1.0	REC_28	SYN_CORP_SPK_28	SESSION_28	CONV_14	ITEM_15	SYN_C1	north	interview	2020s	SYN_QUERY_001_0591	unmatched	True	False	False	False	False	False	False	False	False	duplicate	SYNTHETIC_TEACHING_FIXTURE
SYN_QUERY_001_0593	SYN_QUERY_001	HIT_0556	SYN_TOKEN_0556	SYN_CORPUS_B	SYN_1.0	REC_28	SYN_CORP_SPK_28	SESSION_28	CONV_14	ITEM_16	SYN_C2	north	interview	2020s		matched	True	True	True	True	True	True	True	True	True		SYNTHETIC_TEACHING_FIXTURE
SYN_QUERY_001_0594	SYN_QUERY_001	HIT_0557	SYN_TOKEN_0557	SYN_CORPUS_B	SYN_1.0	REC_28	SYN_CORP_SPK_28	SESSION_28	CONV_14	ITEM_17	SYN_C1	north	interview	2020s		matched	True	True	True	False	False	False	False	False	False	signal_unavailable	SYNTHETIC_TEACHING_FIXTURE
SYN_QUERY_001_0595	SYN_QUERY_001	HIT_0558	SYN_TOKEN_0558	SYN_CORPUS_B	SYN_1.0	REC_28	SYN_CORP_SPK_28	SESSION_28	CONV_14	ITEM_18	SYN_C2	north	interview	2020s		matched	True	True	True	True	True	True	True	True	True		SYNTHETIC_TEACHING_FIXTURE
SYN_QUERY_001_0596	SYN_QUERY_001	HIT_0559	SYN_TOKEN_0559	SYN_CORPUS_B	SYN_1.0	REC_28	SYN_CORP_SPK_28	SESSION_28	CONV_14	ITEM_19	SYN_C1	north	interview	2020s		matched	True	True	True	True	False	False	False	False	False	measurement_failure	SYNTHETIC_TEACHING_FIXTURE
SYN_QUERY_001_0597	SYN_QUERY_001	HIT_0560	SYN_TOKEN_0560	SYN_CORPUS_B	SYN_1.0	REC_28	SYN_CORP_SPK_28	SESSION_28	CONV_14	ITEM_20	SYN_C2	north	interview	2020s		matched	True	True	True	True	True	True	True	True	True		SYNTHETIC_TEACHING_FIXTURE
SYN_QUERY_001_0598	SYN_QUERY_001	HIT_0561	SYN_TOKEN_0561	SYN_CORPUS_B	SYN_1.0	REC_29	SYN_CORP_SPK_29	SESSION_29	CONV_15	ITEM_01	SYN_C1	north	casual	2020s		matched	True	True	True	True	True	True	True	True	True		SYNTHETIC_TEACHING_FIXTURE
SYN_QUERY_001_0599	SYN_QUERY_001	HIT_0562	SYN_TOKEN_0562	SYN_CORPUS_B	SYN_1.0	REC_29	SYN_CORP_SPK_29	SESSION_29	CONV_15	ITEM_02	SYN_C2	north	casual	2020s		matched	True	True	True	True	True	True	True	True	True		SYNTHETIC_TEACHING_FIXTURE
SYN_QUERY_001_0600	SYN_QUERY_001	HIT_0563	SYN_TOKEN_0563	SYN_CORPUS_B	SYN_1.0	REC_29	SYN_CORP_SPK_29	SESSION_29	CONV_15	ITEM_03	SYN_C1	north	casual	2020s		matched	True	True	True	True	True	True	True	True	True		SYNTHETIC_TEACHING_FIXTURE
SYN_QUERY_001_0601	SYN_QUERY_001	HIT_0564	SYN_TOKEN_0564	SYN_CORPUS_B	SYN_1.0	REC_29	SYN_CORP_SPK_29	SESSION_29	CONV_15	ITEM_04	SYN_C2	north	casual	2020s		matched	True	True	True	True	True	True	True	True	True		SYNTHETIC_TEACHING_FIXTURE
SYN_QUERY_001_0602	SYN_QUERY_001	HIT_0565	SYN_TOKEN_0565	SYN_CORPUS_B	SYN_1.0	REC_29	SYN_CORP_SPK_29	SESSION_29	CONV_15	ITEM_05	SYN_C1	north	casual	2020s		matched	True	True	True	False	False	False	False	False	False	signal_unavailable	SYNTHETIC_TEACHING_FIXTURE
SYN_QUERY_001_0603	SYN_QUERY_001	HIT_0566	SYN_TOKEN_0566	SYN_CORPUS_B	SYN_1.0	REC_29	SYN_CORP_SPK_29	SESSION_29	CONV_15	ITEM_06	SYN_C2	north	casual	2020s		matched	True	True	True	True	True	True	True	True	True		SYNTHETIC_TEACHING_FIXTURE
SYN_QUERY_001_0604	SYN_QUERY_001	HIT_0567	SYN_TOKEN_0567	SYN_CORPUS_B	SYN_1.0	REC_29	SYN_CORP_SPK_29	SESSION_29	CONV_15	ITEM_07	SYN_C1	north	casual	2020s		matched	True	True	True	True	True	True	True	True	True		SYNTHETIC_TEACHING_FIXTURE
SYN_QUERY_001_0605	SYN_QUERY_001	HIT_0568	SYN_TOKEN_0568	SYN_CORPUS_B	SYN_1.0	REC_29	SYN_CORP_SPK_29	SESSION_29	CONV_15	ITEM_08	SYN_C2	north	casual	2020s		matched	True	True	True	True	True	True	True	True	True		SYNTHETIC_TEACHING_FIXTURE
SYN_QUERY_001_0606	SYN_QUERY_001	HIT_0569	SYN_TOKEN_0569	SYN_CORPUS_B	SYN_1.0	REC_29	SYN_CORP_SPK_29	SESSION_29	CONV_15	ITEM_09	SYN_C1	north	casual	2020s		matched	True	True	True	True	True	True	True	True	True		SYNTHETIC_TEACHING_FIXTURE
SYN_QUERY_001_0607	SYN_QUERY_001	HIT_0570	SYN_TOKEN_0570	SYN_CORPUS_B	SYN_1.0	REC_29	SYN_CORP_SPK_29	SESSION_29	CONV_15	ITEM_10	SYN_C2	north	casual	2020s		matched	True	True	True	False	False	False	False	False	False	signal_unavailable	SYNTHETIC_TEACHING_FIXTURE
SYN_QUERY_001_0608	SYN_QUERY_001	HIT_0570_DUP	SYN_TOKEN_0570	SYN_CORPUS_B	SYN_1.0	REC_29	SYN_CORP_SPK_29	SESSION_29	CONV_15	ITEM_10	SYN_C2	north	casual	2020s	SYN_QUERY_001_0607	matched	True	False	False	False	False	False	False	False	False	duplicate	SYNTHETIC_TEACHING_FIXTURE
SYN_QUERY_001_0609	SYN_QUERY_001	HIT_0571	SYN_TOKEN_0571	SYN_CORPUS_B	SYN_1.0	REC_29	SYN_CORP_SPK_29	SESSION_29	CONV_15	ITEM_11	SYN_C1	north	casual	2020s		matched	True	True	True	True	True	True	True	True	True		SYNTHETIC_TEACHING_FIXTURE
SYN_QUERY_001_0610	SYN_QUERY_001	HIT_0572	SYN_TOKEN_0572	SYN_CORPUS_B	SYN_1.0	REC_29	SYN_CORP_SPK_29	SESSION_29	CONV_15	ITEM_12	SYN_C2	north	casual	2020s		matched	True	True	True	True	True	True	True	True	True		SYNTHETIC_TEACHING_FIXTURE
SYN_QUERY_001_0611	SYN_QUERY_001	HIT_0573	SYN_TOKEN_0573	SYN_CORPUS_B	SYN_1.0	REC_29	SYN_CORP_SPK_29	SESSION_29	CONV_15	ITEM_13	SYN_C1	north	casual	2020s		matched	True	True	False	False	False	False	False	False	False	context_ineligible	SYNTHETIC_TEACHING_FIXTURE
SYN_QUERY_001_0612	SYN_QUERY_001	HIT_0574	SYN_TOKEN_0574	SYN_CORPUS_B	SYN_1.0	REC_29	SYN_CORP_SPK_29	SESSION_29	CONV_15	ITEM_14	SYN_C2	north	casual	2020s		matched	True	True	True	True	True	True	True	True	True		SYNTHETIC_TEACHING_FIXTURE
SYN_QUERY_001_0613	SYN_QUERY_001	HIT_0575	SYN_TOKEN_0575	SYN_CORPUS_B	SYN_1.0	REC_29	SYN_CORP_SPK_29	SESSION_29	CONV_15	ITEM_15	SYN_C1	north	casual	2020s		matched	True	True	True	False	False	False	False	False	False	signal_unavailable	SYNTHETIC_TEACHING_FIXTURE
SYN_QUERY_001_0614	SYN_QUERY_001	HIT_0576	SYN_TOKEN_0576	SYN_CORPUS_B	SYN_1.0	REC_29	SYN_CORP_SPK_29	SESSION_29	CONV_15	ITEM_16	SYN_C2	north	casual	2020s		matched	True	True	True	True	True	True	True	True	True		SYNTHETIC_TEACHING_FIXTURE
SYN_QUERY_001_0615	SYN_QUERY_001	HIT_0577	SYN_TOKEN_0577	SYN_CORPUS_B	SYN_1.0	REC_29	SYN_CORP_SPK_29	SESSION_29	CONV_15	ITEM_17	SYN_C1	north	casual	2020s		matched	True	True	True	False	False	False	False	False	False	signal_unavailable	SYNTHETIC_TEACHING_FIXTURE
SYN_QUERY_001_0616	SYN_QUERY_001	HIT_0578	SYN_TOKEN_0578	SYN_CORPUS_B	SYN_1.0	REC_29	SYN_CORP_SPK_29	SESSION_29	CONV_15	ITEM_18	SYN_C2	north	casual	2020s		matched	True	True	True	True	True	True	True	True	True		SYNTHETIC_TEACHING_FIXTURE
SYN_QUERY_001_0617	SYN_QUERY_001	HIT_0579	SYN_TOKEN_0579	SYN_CORPUS_B	SYN_1.0	REC_29	SYN_CORP_SPK_29	SESSION_29	CONV_15	ITEM_19	SYN_C1	north	casual	2020s		matched	True	True	True	True	False	False	False	False	False	measurement_failure	SYNTHETIC_TEACHING_FIXTURE
SYN_QUERY_001_0618	SYN_QUERY_001	HIT_0580	SYN_TOKEN_0580	SYN_CORPUS_B	SYN_1.0	REC_29	SYN_CORP_SPK_29	SESSION_29	CONV_15	ITEM_20	SYN_C2	north	casual	2020s		ambiguous	True	True	True	False	False	False	False	False	False	signal_unavailable	SYNTHETIC_TEACHING_FIXTURE
SYN_QUERY_001_0619	SYN_QUERY_001	HIT_0581	SYN_TOKEN_0581	SYN_CORPUS_B	SYN_1.0	REC_30	SYN_CORP_SPK_30	SESSION_30	CONV_15	ITEM_01	SYN_C1	south	interview	2020s		matched	True	True	True	True	True	True	True	True	True		SYNTHETIC_TEACHING_FIXTURE
SYN_QUERY_001_0620	SYN_QUERY_001	HIT_0582	SYN_TOKEN_0582	SYN_CORPUS_B	SYN_1.0	REC_30	SYN_CORP_SPK_30	SESSION_30	CONV_15	ITEM_02	SYN_C2	south	interview	2020s		matched	True	True	True	True	True	True	True	True	True		SYNTHETIC_TEACHING_FIXTURE
SYN_QUERY_001_0621	SYN_QUERY_001	HIT_0583	SYN_TOKEN_0583	SYN_CORPUS_B	SYN_1.0	REC_30	SYN_CORP_SPK_30	SESSION_30	CONV_15	ITEM_03	SYN_C1	south	interview	2020s		matched	True	True	True	True	True	True	True	True	True		SYNTHETIC_TEACHING_FIXTURE
SYN_QUERY_001_0622	SYN_QUERY_001	HIT_0584	SYN_TOKEN_0584	SYN_CORPUS_B	SYN_1.0	REC_30	SYN_CORP_SPK_30	SESSION_30	CONV_15	ITEM_04	SYN_C2	south	interview	2020s		matched	True	True	True	True	True	True	True	True	True		SYNTHETIC_TEACHING_FIXTURE
SYN_QUERY_001_0623	SYN_QUERY_001	HIT_0585	SYN_TOKEN_0585	SYN_CORPUS_B	SYN_1.0	REC_30	SYN_CORP_SPK_30	SESSION_30	CONV_15	ITEM_05	SYN_C1	south	interview	2020s		matched	True	True	True	True	True	True	True	True	True		SYNTHETIC_TEACHING_FIXTURE
SYN_QUERY_001_0624	SYN_QUERY_001	HIT_0585_DUP	SYN_TOKEN_0585	SYN_CORPUS_B	SYN_1.0	REC_30	SYN_CORP_SPK_30	SESSION_30	CONV_15	ITEM_05	SYN_C1	south	interview	2020s	SYN_QUERY_001_0623	matched	True	False	False	False	False	False	False	False	False	duplicate	SYNTHETIC_TEACHING_FIXTURE
SYN_QUERY_001_0625	SYN_QUERY_001	HIT_0586	SYN_TOKEN_0586	SYN_CORPUS_B	SYN_1.0	REC_30	SYN_CORP_SPK_30	SESSION_30	CONV_15	ITEM_06	SYN_C2	south	interview	2020s		matched	True	True	True	True	True	True	False	False	False	metadata_missing	SYNTHETIC_TEACHING_FIXTURE
SYN_QUERY_001_0626	SYN_QUERY_001	HIT_0587	SYN_TOKEN_0587	SYN_CORPUS_B	SYN_1.0	REC_30	SYN_CORP_SPK_30	SESSION_30	CONV_15	ITEM_07	SYN_C1	south	interview	2020s		matched	True	True	True	True	True	True	True	True	True		SYNTHETIC_TEACHING_FIXTURE
SYN_QUERY_001_0627	SYN_QUERY_001	HIT_0588	SYN_TOKEN_0588	SYN_CORPUS_B	SYN_1.0	REC_30	SYN_CORP_SPK_30	SESSION_30	CONV_15	ITEM_08	SYN_C2	south	interview	2020s		matched	True	True	True	True	True	True	True	True	True		SYNTHETIC_TEACHING_FIXTURE
SYN_QUERY_001_0628	SYN_QUERY_001	HIT_0589	SYN_TOKEN_0589	SYN_CORPUS_B	SYN_1.0	REC_30	SYN_CORP_SPK_30	SESSION_30	CONV_15	ITEM_09	SYN_C1	south	interview	2020s		matched	True	True	True	True	True	True	True	True	True		SYNTHETIC_TEACHING_FIXTURE
SYN_QUERY_001_0629	SYN_QUERY_001	HIT_0590	SYN_TOKEN_0590	SYN_CORPUS_B	SYN_1.0	REC_30	SYN_CORP_SPK_30	SESSION_30	CONV_15	ITEM_10	SYN_C2	south	interview	2020s		matched	True	True	True	True	True	True	True	True	True		SYNTHETIC_TEACHING_FIXTURE
SYN_QUERY_001_0630	SYN_QUERY_001	HIT_0591	SYN_TOKEN_0591	SYN_CORPUS_B	SYN_1.0	REC_30	SYN_CORP_SPK_30	SESSION_30	CONV_15	ITEM_11	SYN_C1	south	interview	2020s		matched	True	True	True	True	True	True	True	True	True		SYNTHETIC_TEACHING_FIXTURE
SYN_QUERY_001_0631	SYN_QUERY_001	HIT_0592	SYN_TOKEN_0592	SYN_CORPUS_B	SYN_1.0	REC_30	SYN_CORP_SPK_30	SESSION_30	CONV_15	ITEM_12	SYN_C2	south	interview	2020s		unmatched	True	True	True	True	True	True	False	False	False	metadata_missing	SYNTHETIC_TEACHING_FIXTURE
SYN_QUERY_001_0632	SYN_QUERY_001	HIT_0593	SYN_TOKEN_0593	SYN_CORPUS_B	SYN_1.0	REC_30	SYN_CORP_SPK_30	SESSION_30	CONV_15	ITEM_13	SYN_C1	south	interview	2020s		matched	True	True	False	False	False	False	False	False	False	context_ineligible	SYNTHETIC_TEACHING_FIXTURE
SYN_QUERY_001_0633	SYN_QUERY_001	HIT_0594	SYN_TOKEN_0594	SYN_CORPUS_B	SYN_1.0	REC_30	SYN_CORP_SPK_30	SESSION_30	CONV_15	ITEM_14	SYN_C2	south	interview	2020s		matched	True	True	True	True	True	True	True	True	True		SYNTHETIC_TEACHING_FIXTURE
SYN_QUERY_001_0634	SYN_QUERY_001	HIT_0595	SYN_TOKEN_0595	SYN_CORPUS_B	SYN_1.0	REC_30	SYN_CORP_SPK_30	SESSION_30	CONV_15	ITEM_15	SYN_C1	south	interview	2020s		matched	True	True	True	True	True	True	True	True	True		SYNTHETIC_TEACHING_FIXTURE
SYN_QUERY_001_0635	SYN_QUERY_001	HIT_0596	SYN_TOKEN_0596	SYN_CORPUS_B	SYN_1.0	REC_30	SYN_CORP_SPK_30	SESSION_30	CONV_15	ITEM_16	SYN_C2	south	interview	2020s		matched	True	True	True	True	True	True	True	True	True		SYNTHETIC_TEACHING_FIXTURE
SYN_QUERY_001_0636	SYN_QUERY_001	HIT_0597	SYN_TOKEN_0597	SYN_CORPUS_B	SYN_1.0	REC_30	SYN_CORP_SPK_30	SESSION_30	CONV_15	ITEM_17	SYN_C1	south	interview	2020s		matched	True	True	True	False	False	False	False	False	False	signal_unavailable	SYNTHETIC_TEACHING_FIXTURE
SYN_QUERY_001_0637	SYN_QUERY_001	HIT_0598	SYN_TOKEN_0598	SYN_CORPUS_B	SYN_1.0	REC_30	SYN_CORP_SPK_30	SESSION_30	CONV_15	ITEM_18	SYN_C2	south	interview	2020s		matched	True	True	True	True	True	True	False	False	False	metadata_missing	SYNTHETIC_TEACHING_FIXTURE
SYN_QUERY_001_0638	SYN_QUERY_001	HIT_0599	SYN_TOKEN_0599	SYN_CORPUS_B	SYN_1.0	REC_30	SYN_CORP_SPK_30	SESSION_30	CONV_15	ITEM_19	SYN_C1	south	interview	2020s		matched	True	True	True	True	False	False	False	False	False	measurement_failure	SYNTHETIC_TEACHING_FIXTURE
SYN_QUERY_001_0639	SYN_QUERY_001	HIT_0600	SYN_TOKEN_0600	SYN_CORPUS_B	SYN_1.0	REC_30	SYN_CORP_SPK_30	SESSION_30	CONV_15	ITEM_20	SYN_C2	south	interview	2020s		matched	True	True	True	True	True	True	True	True	True		SYNTHETIC_TEACHING_FIXTURE
SYN_QUERY_001_0640	SYN_QUERY_001	HIT_0600_DUP	SYN_TOKEN_0600	SYN_CORPUS_B	SYN_1.0	REC_30	SYN_CORP_SPK_30	SESSION_30	CONV_15	ITEM_20	SYN_C2	south	interview	2020s	SYN_QUERY_001_0639	matched	True	False	False	False	False	False	False	False	False	duplicate	SYNTHETIC_TEACHING_FIXTURE
