observation_id	token_id	speaker_id	split	vowel_category	measure_id	raw_value_hz	transformation_id	reference_center	reference_scale	transformed_value	transformed_unit	eligible	eligibility_reason	data_status
REQ_SYN_SEG_0013_f1	SYN_SEG_0013	SYN_SEG_SPK_01	training	i	f1	302.662	raw_hz			302.662	Hz	TRUE	eligible_complete_training_inventory	SYNTHETIC_TEACHING_FIXTURE
REQ_SYN_SEG_0013_f1	SYN_SEG_0013	SYN_SEG_SPK_01	training	i	f1	302.662	log_hz			5.71261667131211	log_Hz	TRUE	eligible_complete_training_inventory	SYNTHETIC_TEACHING_FIXTURE
REQ_SYN_SEG_0013_f1	SYN_SEG_0013	SYN_SEG_SPK_01	training	i	f1	302.662	within_speaker_z	412.944916666667	183.278233055874	-0.60172402815039	z	TRUE	eligible_complete_training_inventory	SYNTHETIC_TEACHING_FIXTURE
REQ_SYN_SEG_0013_f1	SYN_SEG_0013	SYN_SEG_SPK_01	training	i	f1	302.662	f3_reference_scaling		2231.7905	350.470472245491	Hz	TRUE	eligible_complete_training_inventory	SYNTHETIC_TEACHING_FIXTURE
REQ_SYN_SEG_0013_f2	SYN_SEG_0013	SYN_SEG_SPK_01	training	i	f2	2081.88	raw_hz			2081.88	Hz	TRUE	eligible_complete_training_inventory	SYNTHETIC_TEACHING_FIXTURE
REQ_SYN_SEG_0013_f2	SYN_SEG_0013	SYN_SEG_SPK_01	training	i	f2	2081.88	log_hz			7.64102661062624	log_Hz	TRUE	eligible_complete_training_inventory	SYNTHETIC_TEACHING_FIXTURE
REQ_SYN_SEG_0013_f2	SYN_SEG_0013	SYN_SEG_SPK_01	training	i	f2	2081.88	within_speaker_z	1306.618	556.876875935948	1.3921605178829	z	TRUE	eligible_complete_training_inventory	SYNTHETIC_TEACHING_FIXTURE
REQ_SYN_SEG_0013_f2	SYN_SEG_0013	SYN_SEG_SPK_01	training	i	f2	2081.88	f3_reference_scaling		2231.7905	2410.73364597618	Hz	TRUE	eligible_complete_training_inventory	SYNTHETIC_TEACHING_FIXTURE
REQ_SYN_SEG_0013_f3	SYN_SEG_0013	SYN_SEG_SPK_01	training	i	f3	2733.638	raw_hz			2733.638	Hz	TRUE	eligible_complete_training_inventory	SYNTHETIC_TEACHING_FIXTURE
REQ_SYN_SEG_0013_f3	SYN_SEG_0013	SYN_SEG_SPK_01	training	i	f3	2733.638	log_hz			7.91338860178728	log_Hz	TRUE	eligible_complete_training_inventory	SYNTHETIC_TEACHING_FIXTURE
REQ_SYN_SEG_0013_f3	SYN_SEG_0013	SYN_SEG_SPK_01	training	i	f3	2733.638	within_speaker_z	2296.4645	308.308935288351	1.41797220243107	z	TRUE	eligible_complete_training_inventory	SYNTHETIC_TEACHING_FIXTURE
REQ_SYN_SEG_0013_f3	SYN_SEG_0013	SYN_SEG_SPK_01	training	i	f3	2733.638	f3_reference_scaling		2231.7905	3165.44330245693	Hz	TRUE	eligible_complete_training_inventory	SYNTHETIC_TEACHING_FIXTURE
REQ_SYN_SEG_0014_f1	SYN_SEG_0014	SYN_SEG_SPK_01	training	a	f1	648.041	raw_hz			648.041	Hz	TRUE	eligible_complete_training_inventory	SYNTHETIC_TEACHING_FIXTURE
REQ_SYN_SEG_0014_f1	SYN_SEG_0014	SYN_SEG_SPK_01	training	a	f1	648.041	log_hz			6.47395396595565	log_Hz	TRUE	eligible_complete_training_inventory	SYNTHETIC_TEACHING_FIXTURE
REQ_SYN_SEG_0014_f1	SYN_SEG_0014	SYN_SEG_SPK_01	training	a	f1	648.041	within_speaker_z	412.944916666667	183.278233055874	1.28272779267608	z	TRUE	eligible_complete_training_inventory	SYNTHETIC_TEACHING_FIXTURE
REQ_SYN_SEG_0014_f1	SYN_SEG_0014	SYN_SEG_SPK_01	training	a	f1	648.041	f3_reference_scaling		2231.7905	750.405519372898	Hz	TRUE	eligible_complete_training_inventory	SYNTHETIC_TEACHING_FIXTURE
REQ_SYN_SEG_0014_f2	SYN_SEG_0014	SYN_SEG_SPK_01	training	a	f2	1126.19	raw_hz			1126.19	Hz	TRUE	eligible_complete_training_inventory	SYNTHETIC_TEACHING_FIXTURE
REQ_SYN_SEG_0014_f2	SYN_SEG_0014	SYN_SEG_SPK_01	training	a	f2	1126.19	log_hz			7.02659553336359	log_Hz	TRUE	eligible_complete_training_inventory	SYNTHETIC_TEACHING_FIXTURE
REQ_SYN_SEG_0014_f2	SYN_SEG_0014	SYN_SEG_SPK_01	training	a	f2	1126.19	within_speaker_z	1306.618	556.876875935948	-0.323999806414574	z	TRUE	eligible_complete_training_inventory	SYNTHETIC_TEACHING_FIXTURE
REQ_SYN_SEG_0014_f2	SYN_SEG_0014	SYN_SEG_SPK_01	training	a	f2	1126.19	f3_reference_scaling		2231.7905	1304.08290812242	Hz	TRUE	eligible_complete_training_inventory	SYNTHETIC_TEACHING_FIXTURE
REQ_SYN_SEG_0014_f3	SYN_SEG_0014	SYN_SEG_SPK_01	training	a	f3	2225.819	raw_hz			2225.819	Hz	TRUE	eligible_complete_training_inventory	SYNTHETIC_TEACHING_FIXTURE
REQ_SYN_SEG_0014_f3	SYN_SEG_0014	SYN_SEG_SPK_01	training	a	f3	2225.819	log_hz			7.70788021675952	log_Hz	TRUE	eligible_complete_training_inventory	SYNTHETIC_TEACHING_FIXTURE
REQ_SYN_SEG_0014_f3	SYN_SEG_0014	SYN_SEG_SPK_01	training	a	f3	2225.819	within_speaker_z	2296.4645	308.308935288351	-0.229138672007439	z	TRUE	eligible_complete_training_inventory	SYNTHETIC_TEACHING_FIXTURE
REQ_SYN_SEG_0014_f3	SYN_SEG_0014	SYN_SEG_SPK_01	training	a	f3	2225.819	f3_reference_scaling		2231.7905	2577.40924220082	Hz	TRUE	eligible_complete_training_inventory	SYNTHETIC_TEACHING_FIXTURE
REQ_SYN_SEG_0015_f1	SYN_SEG_0015	SYN_SEG_SPK_01	training	u	f1	301.919	raw_hz			301.919	Hz	TRUE	eligible_complete_training_inventory	SYNTHETIC_TEACHING_FIXTURE
REQ_SYN_SEG_0015_f1	SYN_SEG_0015	SYN_SEG_SPK_01	training	u	f1	301.919	log_hz			5.71015876947909	log_Hz	TRUE	eligible_complete_training_inventory	SYNTHETIC_TEACHING_FIXTURE
REQ_SYN_SEG_0015_f1	SYN_SEG_0015	SYN_SEG_SPK_01	training	u	f1	301.919	within_speaker_z	412.944916666667	183.278233055874	-0.605777973824198	z	TRUE	eligible_complete_training_inventory	SYNTHETIC_TEACHING_FIXTURE
REQ_SYN_SEG_0015_f1	SYN_SEG_0015	SYN_SEG_SPK_01	training	u	f1	301.919	f3_reference_scaling		2231.7905	349.610108007898	Hz	TRUE	eligible_complete_training_inventory	SYNTHETIC_TEACHING_FIXTURE
REQ_SYN_SEG_0015_f2	SYN_SEG_0015	SYN_SEG_SPK_01	training	u	f2	830.978	raw_hz			830.978	Hz	TRUE	eligible_complete_training_inventory	SYNTHETIC_TEACHING_FIXTURE
REQ_SYN_SEG_0015_f2	SYN_SEG_0015	SYN_SEG_SPK_01	training	u	f2	830.978	log_hz			6.72260332037744	log_Hz	TRUE	eligible_complete_training_inventory	SYNTHETIC_TEACHING_FIXTURE
REQ_SYN_SEG_0015_f2	SYN_SEG_0015	SYN_SEG_SPK_01	training	u	f2	830.978	within_speaker_z	1306.618	556.876875935948	-0.854120579527723	z	TRUE	eligible_complete_training_inventory	SYNTHETIC_TEACHING_FIXTURE
REQ_SYN_SEG_0015_f2	SYN_SEG_0015	SYN_SEG_SPK_01	training	u	f2	830.978	f3_reference_scaling		2231.7905	962.239237451723	Hz	TRUE	eligible_complete_training_inventory	SYNTHETIC_TEACHING_FIXTURE
REQ_SYN_SEG_0015_f3	SYN_SEG_0015	SYN_SEG_SPK_01	training	u	f3	1877.462	raw_hz			1877.462	Hz	TRUE	eligible_complete_training_inventory	SYNTHETIC_TEACHING_FIXTURE
REQ_SYN_SEG_0015_f3	SYN_SEG_0015	SYN_SEG_SPK_01	training	u	f3	1877.462	log_hz			7.53767614375304	log_Hz	TRUE	eligible_complete_training_inventory	SYNTHETIC_TEACHING_FIXTURE
REQ_SYN_SEG_0015_f3	SYN_SEG_0015	SYN_SEG_SPK_01	training	u	f3	1877.462	within_speaker_z	2296.4645	308.308935288351	-1.35903456579396	z	TRUE	eligible_complete_training_inventory	SYNTHETIC_TEACHING_FIXTURE
REQ_SYN_SEG_0015_f3	SYN_SEG_0015	SYN_SEG_SPK_01	training	u	f3	1877.462	f3_reference_scaling		2231.7905	2174.02579036339	Hz	TRUE	eligible_complete_training_inventory	SYNTHETIC_TEACHING_FIXTURE
REQ_SYN_SEG_0016_f1	SYN_SEG_0016	SYN_SEG_SPK_01	training	i	f1	272.656	raw_hz			272.656	Hz	TRUE	eligible_complete_training_inventory	SYNTHETIC_TEACHING_FIXTURE
REQ_SYN_SEG_0016_f1	SYN_SEG_0016	SYN_SEG_SPK_01	training	i	f1	272.656	log_hz			5.60821092736504	log_Hz	TRUE	eligible_complete_training_inventory	SYNTHETIC_TEACHING_FIXTURE
REQ_SYN_SEG_0016_f1	SYN_SEG_0016	SYN_SEG_SPK_01	training	i	f1	272.656	within_speaker_z	412.944916666667	183.278233055874	-0.765442324096927	z	TRUE	eligible_complete_training_inventory	SYNTHETIC_TEACHING_FIXTURE
REQ_SYN_SEG_0016_f1	SYN_SEG_0016	SYN_SEG_SPK_01	training	i	f1	272.656	f3_reference_scaling		2231.7905	315.724726198091	Hz	TRUE	eligible_complete_training_inventory	SYNTHETIC_TEACHING_FIXTURE
REQ_SYN_SEG_0016_f2	SYN_SEG_0016	SYN_SEG_SPK_01	training	i	f2	2077.736	raw_hz			2077.736	Hz	TRUE	eligible_complete_training_inventory	SYNTHETIC_TEACHING_FIXTURE
REQ_SYN_SEG_0016_f2	SYN_SEG_0016	SYN_SEG_SPK_01	training	i	f2	2077.736	log_hz			7.63903411835244	log_Hz	TRUE	eligible_complete_training_inventory	SYNTHETIC_TEACHING_FIXTURE
REQ_SYN_SEG_0016_f2	SYN_SEG_0016	SYN_SEG_SPK_01	training	i	f2	2077.736	within_speaker_z	1306.618	556.876875935948	1.3847190165761	z	TRUE	eligible_complete_training_inventory	SYNTHETIC_TEACHING_FIXTURE
REQ_SYN_SEG_0016_f2	SYN_SEG_0016	SYN_SEG_SPK_01	training	i	f2	2077.736	f3_reference_scaling		2231.7905	2405.9350599727	Hz	TRUE	eligible_complete_training_inventory	SYNTHETIC_TEACHING_FIXTURE
REQ_SYN_SEG_0016_f3	SYN_SEG_0016	SYN_SEG_SPK_01	training	i	f3	2717.396	raw_hz			2717.396	Hz	TRUE	eligible_complete_training_inventory	SYNTHETIC_TEACHING_FIXTURE
REQ_SYN_SEG_0016_f3	SYN_SEG_0016	SYN_SEG_SPK_01	training	i	f3	2717.396	log_hz			7.90742934779385	log_Hz	TRUE	eligible_complete_training_inventory	SYNTHETIC_TEACHING_FIXTURE
REQ_SYN_SEG_0016_f3	SYN_SEG_0016	SYN_SEG_SPK_01	training	i	f3	2717.396	within_speaker_z	2296.4645	308.308935288351	1.36529127709619	z	TRUE	eligible_complete_training_inventory	SYNTHETIC_TEACHING_FIXTURE
REQ_SYN_SEG_0016_f3	SYN_SEG_0016	SYN_SEG_SPK_01	training	i	f3	2717.396	f3_reference_scaling		2231.7905	3146.63571706394	Hz	TRUE	eligible_complete_training_inventory	SYNTHETIC_TEACHING_FIXTURE
REQ_SYN_SEG_0017_f1	SYN_SEG_0017	SYN_SEG_SPK_01	training	a	f1	646.174	raw_hz			646.174	Hz	TRUE	eligible_complete_training_inventory	SYNTHETIC_TEACHING_FIXTURE
REQ_SYN_SEG_0017_f1	SYN_SEG_0017	SYN_SEG_SPK_01	training	a	f1	646.174	log_hz			6.47106881735965	log_Hz	TRUE	eligible_complete_training_inventory	SYNTHETIC_TEACHING_FIXTURE
REQ_SYN_SEG_0017_f1	SYN_SEG_0017	SYN_SEG_SPK_01	training	a	f1	646.174	within_speaker_z	412.944916666667	183.278233055874	1.27254109473126	z	TRUE	eligible_complete_training_inventory	SYNTHETIC_TEACHING_FIXTURE
REQ_SYN_SEG_0017_f1	SYN_SEG_0017	SYN_SEG_SPK_01	training	a	f1	646.174	f3_reference_scaling		2231.7905	748.243608159458	Hz	TRUE	eligible_complete_training_inventory	SYNTHETIC_TEACHING_FIXTURE
REQ_SYN_SEG_0017_f2	SYN_SEG_0017	SYN_SEG_SPK_01	training	a	f2	1159.926	raw_hz			1159.926	Hz	TRUE	eligible_complete_training_inventory	SYNTHETIC_TEACHING_FIXTURE
REQ_SYN_SEG_0017_f2	SYN_SEG_0017	SYN_SEG_SPK_01	training	a	f2	1159.926	log_hz			7.0561114889621	log_Hz	TRUE	eligible_complete_training_inventory	SYNTHETIC_TEACHING_FIXTURE
REQ_SYN_SEG_0017_f2	SYN_SEG_0017	SYN_SEG_SPK_01	training	a	f2	1159.926	within_speaker_z	1306.618	556.876875935948	-0.263419090177615	z	TRUE	eligible_complete_training_inventory	SYNTHETIC_TEACHING_FIXTURE
REQ_SYN_SEG_0017_f2	SYN_SEG_0017	SYN_SEG_SPK_01	training	a	f2	1159.926	f3_reference_scaling		2231.7905	1343.14784475693	Hz	TRUE	eligible_complete_training_inventory	SYNTHETIC_TEACHING_FIXTURE
REQ_SYN_SEG_0017_f3	SYN_SEG_0017	SYN_SEG_SPK_01	training	a	f3	2248.996	raw_hz			2248.996	Hz	TRUE	eligible_complete_training_inventory	SYNTHETIC_TEACHING_FIXTURE
REQ_SYN_SEG_0017_f3	SYN_SEG_0017	SYN_SEG_SPK_01	training	a	f3	2248.996	log_hz			7.71823917338948	log_Hz	TRUE	eligible_complete_training_inventory	SYNTHETIC_TEACHING_FIXTURE
REQ_SYN_SEG_0017_f3	SYN_SEG_0017	SYN_SEG_SPK_01	training	a	f3	2248.996	within_speaker_z	2296.4645	308.308935288351	-0.15396407488354	z	TRUE	eligible_complete_training_inventory	SYNTHETIC_TEACHING_FIXTURE
REQ_SYN_SEG_0017_f3	SYN_SEG_0017	SYN_SEG_SPK_01	training	a	f3	2248.996	f3_reference_scaling		2231.7905	2604.24727979799	Hz	TRUE	eligible_complete_training_inventory	SYNTHETIC_TEACHING_FIXTURE
REQ_SYN_SEG_0018_f1	SYN_SEG_0018	SYN_SEG_SPK_01	training	u	f1	293.911	raw_hz			293.911	Hz	TRUE	eligible_complete_training_inventory	SYNTHETIC_TEACHING_FIXTURE
REQ_SYN_SEG_0018_f1	SYN_SEG_0018	SYN_SEG_SPK_01	training	u	f1	293.911	log_hz			5.68327700042097	log_Hz	TRUE	eligible_complete_training_inventory	SYNTHETIC_TEACHING_FIXTURE
REQ_SYN_SEG_0018_f1	SYN_SEG_0018	SYN_SEG_SPK_01	training	u	f1	293.911	within_speaker_z	412.944916666667	183.278233055874	-0.649471105662493	z	TRUE	eligible_complete_training_inventory	SYNTHETIC_TEACHING_FIXTURE
REQ_SYN_SEG_0018_f1	SYN_SEG_0018	SYN_SEG_SPK_01	training	u	f1	293.911	f3_reference_scaling		2231.7905	340.337164784956	Hz	TRUE	eligible_complete_training_inventory	SYNTHETIC_TEACHING_FIXTURE
REQ_SYN_SEG_0018_f2	SYN_SEG_0018	SYN_SEG_SPK_01	training	u	f2	760.726	raw_hz			760.726	Hz	TRUE	eligible_complete_training_inventory	SYNTHETIC_TEACHING_FIXTURE
REQ_SYN_SEG_0018_f2	SYN_SEG_0018	SYN_SEG_SPK_01	training	u	f2	760.726	log_hz			6.63427324046478	log_Hz	TRUE	eligible_complete_training_inventory	SYNTHETIC_TEACHING_FIXTURE
REQ_SYN_SEG_0018_f2	SYN_SEG_0018	SYN_SEG_SPK_01	training	u	f2	760.726	within_speaker_z	1306.618	556.876875935948	-0.980274138843553	z	TRUE	eligible_complete_training_inventory	SYNTHETIC_TEACHING_FIXTURE
REQ_SYN_SEG_0018_f2	SYN_SEG_0018	SYN_SEG_SPK_01	training	u	f2	760.726	f3_reference_scaling		2231.7905	880.890235541374	Hz	TRUE	eligible_complete_training_inventory	SYNTHETIC_TEACHING_FIXTURE
REQ_SYN_SEG_0018_f3	SYN_SEG_0018	SYN_SEG_SPK_01	training	u	f3	2019.166	raw_hz			2019.166	Hz	TRUE	eligible_complete_training_inventory	SYNTHETIC_TEACHING_FIXTURE
REQ_SYN_SEG_0018_f3	SYN_SEG_0018	SYN_SEG_SPK_01	training	u	f3	2019.166	log_hz			7.6104398338533	log_Hz	TRUE	eligible_complete_training_inventory	SYNTHETIC_TEACHING_FIXTURE
REQ_SYN_SEG_0018_f3	SYN_SEG_0018	SYN_SEG_SPK_01	training	u	f3	2019.166	within_speaker_z	2296.4645	308.308935288351	-0.899417656321418	z	TRUE	eligible_complete_training_inventory	SYNTHETIC_TEACHING_FIXTURE
REQ_SYN_SEG_0018_f3	SYN_SEG_0018	SYN_SEG_SPK_01	training	u	f3	2019.166	f3_reference_scaling		2231.7905	2338.1133461156	Hz	TRUE	eligible_complete_training_inventory	SYNTHETIC_TEACHING_FIXTURE
REQ_SYN_SEG_0019_f1	SYN_SEG_0019	SYN_SEG_SPK_01	training	i	f1	266.5	raw_hz			266.5	Hz	TRUE	eligible_complete_training_inventory	SYNTHETIC_TEACHING_FIXTURE
REQ_SYN_SEG_0019_f1	SYN_SEG_0019	SYN_SEG_SPK_01	training	i	f1	266.5	log_hz			5.5853742436059	log_Hz	TRUE	eligible_complete_training_inventory	SYNTHETIC_TEACHING_FIXTURE
REQ_SYN_SEG_0019_f1	SYN_SEG_0019	SYN_SEG_SPK_01	training	i	f1	266.5	within_speaker_z	412.944916666667	183.278233055874	-0.799030600769822	z	TRUE	eligible_complete_training_inventory	SYNTHETIC_TEACHING_FIXTURE
REQ_SYN_SEG_0019_f1	SYN_SEG_0019	SYN_SEG_SPK_01	training	i	f1	266.5	f3_reference_scaling		2231.7905	308.596324789446	Hz	TRUE	eligible_complete_training_inventory	SYNTHETIC_TEACHING_FIXTURE
REQ_SYN_SEG_0019_f2	SYN_SEG_0019	SYN_SEG_SPK_01	training	i	f2	1997.344	raw_hz			1997.344	Hz	TRUE	eligible_complete_training_inventory	SYNTHETIC_TEACHING_FIXTURE
REQ_SYN_SEG_0019_f2	SYN_SEG_0019	SYN_SEG_SPK_01	training	i	f2	1997.344	log_hz			7.59957357696862	log_Hz	TRUE	eligible_complete_training_inventory	SYNTHETIC_TEACHING_FIXTURE
REQ_SYN_SEG_0019_f2	SYN_SEG_0019	SYN_SEG_SPK_01	training	i	f2	1997.344	within_speaker_z	1306.618	556.876875935948	1.24035676439085	z	TRUE	eligible_complete_training_inventory	SYNTHETIC_TEACHING_FIXTURE
REQ_SYN_SEG_0019_f2	SYN_SEG_0019	SYN_SEG_SPK_01	training	i	f2	1997.344	f3_reference_scaling		2231.7905	2312.84434424109	Hz	TRUE	eligible_complete_training_inventory	SYNTHETIC_TEACHING_FIXTURE
REQ_SYN_SEG_0019_f3	SYN_SEG_0019	SYN_SEG_SPK_01	training	i	f3	2714.115	raw_hz			2714.115	Hz	TRUE	eligible_complete_training_inventory	SYNTHETIC_TEACHING_FIXTURE
REQ_SYN_SEG_0019_f3	SYN_SEG_0019	SYN_SEG_SPK_01	training	i	f3	2714.115	log_hz			7.90622121237847	log_Hz	TRUE	eligible_complete_training_inventory	SYNTHETIC_TEACHING_FIXTURE
REQ_SYN_SEG_0019_f3	SYN_SEG_0019	SYN_SEG_SPK_01	training	i	f3	2714.115	within_speaker_z	2296.4645	308.308935288351	1.35464935393256	z	TRUE	eligible_complete_training_inventory	SYNTHETIC_TEACHING_FIXTURE
REQ_SYN_SEG_0019_f3	SYN_SEG_0019	SYN_SEG_SPK_01	training	i	f3	2714.115	f3_reference_scaling		2231.7905	3142.83645049121	Hz	TRUE	eligible_complete_training_inventory	SYNTHETIC_TEACHING_FIXTURE
REQ_SYN_SEG_0020_f1	SYN_SEG_0020	SYN_SEG_SPK_01	training	a	f1	652.383	raw_hz			652.383	Hz	TRUE	eligible_complete_training_inventory	SYNTHETIC_TEACHING_FIXTURE
REQ_SYN_SEG_0020_f1	SYN_SEG_0020	SYN_SEG_SPK_01	training	a	f1	652.383	log_hz			6.480631812774	log_Hz	TRUE	eligible_complete_training_inventory	SYNTHETIC_TEACHING_FIXTURE
REQ_SYN_SEG_0020_f1	SYN_SEG_0020	SYN_SEG_SPK_01	training	a	f1	652.383	within_speaker_z	412.944916666667	183.278233055874	1.30641854922476	z	TRUE	eligible_complete_training_inventory	SYNTHETIC_TEACHING_FIXTURE
REQ_SYN_SEG_0020_f1	SYN_SEG_0020	SYN_SEG_SPK_01	training	a	f1	652.383	f3_reference_scaling		2231.7905	755.433381445077	Hz	TRUE	eligible_complete_training_inventory	SYNTHETIC_TEACHING_FIXTURE
REQ_SYN_SEG_0020_f2	SYN_SEG_0020	SYN_SEG_SPK_01	training	a	f2	1047.983	raw_hz			1047.983	Hz	TRUE	eligible_complete_training_inventory	SYNTHETIC_TEACHING_FIXTURE
REQ_SYN_SEG_0020_f2	SYN_SEG_0020	SYN_SEG_SPK_01	training	a	f2	1047.983	log_hz			6.95462264337537	log_Hz	TRUE	eligible_complete_training_inventory	SYNTHETIC_TEACHING_FIXTURE
REQ_SYN_SEG_0020_f2	SYN_SEG_0020	SYN_SEG_SPK_01	training	a	f2	1047.983	within_speaker_z	1306.618	556.876875935948	-0.464438390560408	z	TRUE	eligible_complete_training_inventory	SYNTHETIC_TEACHING_FIXTURE
REQ_SYN_SEG_0020_f2	SYN_SEG_0020	SYN_SEG_SPK_01	training	a	f2	1047.983	f3_reference_scaling		2231.7905	1213.52233486611	Hz	TRUE	eligible_complete_training_inventory	SYNTHETIC_TEACHING_FIXTURE
REQ_SYN_SEG_0020_f3	SYN_SEG_0020	SYN_SEG_SPK_01	training	a	f3	2208.2	raw_hz			2208.2	Hz	TRUE	eligible_complete_training_inventory	SYNTHETIC_TEACHING_FIXTURE
REQ_SYN_SEG_0020_f3	SYN_SEG_0020	SYN_SEG_SPK_01	training	a	f3	2208.2	log_hz			7.69993298300504	log_Hz	TRUE	eligible_complete_training_inventory	SYNTHETIC_TEACHING_FIXTURE
REQ_SYN_SEG_0020_f3	SYN_SEG_0020	SYN_SEG_SPK_01	training	a	f3	2208.2	within_speaker_z	2296.4645	308.308935288351	-0.286285896701143	z	TRUE	eligible_complete_training_inventory	SYNTHETIC_TEACHING_FIXTURE
REQ_SYN_SEG_0020_f3	SYN_SEG_0020	SYN_SEG_SPK_01	training	a	f3	2208.2	f3_reference_scaling		2231.7905	2557.00714596643	Hz	TRUE	eligible_complete_training_inventory	SYNTHETIC_TEACHING_FIXTURE
REQ_SYN_SEG_0021_f1	SYN_SEG_0021	SYN_SEG_SPK_01	training	u	f1	299.959	raw_hz			299.959	Hz	TRUE	eligible_complete_training_inventory	SYNTHETIC_TEACHING_FIXTURE
REQ_SYN_SEG_0021_f1	SYN_SEG_0021	SYN_SEG_SPK_01	training	u	f1	299.959	log_hz			5.70364579864979	log_Hz	TRUE	eligible_complete_training_inventory	SYNTHETIC_TEACHING_FIXTURE
REQ_SYN_SEG_0021_f1	SYN_SEG_0021	SYN_SEG_SPK_01	training	u	f1	299.959	within_speaker_z	412.944916666667	183.278233055874	-0.616472097001403	z	TRUE	eligible_complete_training_inventory	SYNTHETIC_TEACHING_FIXTURE
REQ_SYN_SEG_0021_f1	SYN_SEG_0021	SYN_SEG_SPK_01	training	u	f1	299.959	f3_reference_scaling		2231.7905	347.340506519765	Hz	TRUE	eligible_complete_training_inventory	SYNTHETIC_TEACHING_FIXTURE
REQ_SYN_SEG_0021_f2	SYN_SEG_0021	SYN_SEG_SPK_01	training	u	f2	723.428	raw_hz			723.428	Hz	TRUE	eligible_complete_training_inventory	SYNTHETIC_TEACHING_FIXTURE
REQ_SYN_SEG_0021_f2	SYN_SEG_0021	SYN_SEG_SPK_01	training	u	f2	723.428	log_hz			6.58400102487897	log_Hz	TRUE	eligible_complete_training_inventory	SYNTHETIC_TEACHING_FIXTURE
REQ_SYN_SEG_0021_f2	SYN_SEG_0021	SYN_SEG_SPK_01	training	u	f2	723.428	within_speaker_z	1306.618	556.876875935948	-1.04725124206285	z	TRUE	eligible_complete_training_inventory	SYNTHETIC_TEACHING_FIXTURE
REQ_SYN_SEG_0021_f2	SYN_SEG_0021	SYN_SEG_SPK_01	training	u	f2	723.428	f3_reference_scaling		2231.7905	837.700645590166	Hz	TRUE	eligible_complete_training_inventory	SYNTHETIC_TEACHING_FIXTURE
REQ_SYN_SEG_0021_f3	SYN_SEG_0021	SYN_SEG_SPK_01	training	u	f3	2009.661	raw_hz			2009.661	Hz	TRUE	eligible_complete_training_inventory	SYNTHETIC_TEACHING_FIXTURE
REQ_SYN_SEG_0021_f3	SYN_SEG_0021	SYN_SEG_SPK_01	training	u	f3	2009.661	log_hz			7.60572133011256	log_Hz	TRUE	eligible_complete_training_inventory	SYNTHETIC_TEACHING_FIXTURE
REQ_SYN_SEG_0021_f3	SYN_SEG_0021	SYN_SEG_SPK_01	training	u	f3	2009.661	within_speaker_z	2296.4645	308.308935288351	-0.930247122846968	z	TRUE	eligible_complete_training_inventory	SYNTHETIC_TEACHING_FIXTURE
REQ_SYN_SEG_0021_f3	SYN_SEG_0021	SYN_SEG_SPK_01	training	u	f3	2009.661	f3_reference_scaling		2231.7905	2327.1069368581	Hz	TRUE	eligible_complete_training_inventory	SYNTHETIC_TEACHING_FIXTURE
REQ_SYN_SEG_0022_f1	SYN_SEG_0022	SYN_SEG_SPK_01	training	i	f1	257.903	raw_hz			257.903	Hz	TRUE	eligible_complete_training_inventory	SYNTHETIC_TEACHING_FIXTURE
REQ_SYN_SEG_0022_f1	SYN_SEG_0022	SYN_SEG_SPK_01	training	i	f1	257.903	log_hz			5.55258354523531	log_Hz	TRUE	eligible_complete_training_inventory	SYNTHETIC_TEACHING_FIXTURE
REQ_SYN_SEG_0022_f1	SYN_SEG_0022	SYN_SEG_SPK_01	training	i	f1	257.903	within_speaker_z	412.944916666667	183.278233055874	-0.845937425746573	z	TRUE	eligible_complete_training_inventory	SYNTHETIC_TEACHING_FIXTURE
REQ_SYN_SEG_0022_f1	SYN_SEG_0022	SYN_SEG_SPK_01	training	i	f1	257.903	f3_reference_scaling		2231.7905	298.641343160122	Hz	TRUE	eligible_complete_training_inventory	SYNTHETIC_TEACHING_FIXTURE
REQ_SYN_SEG_0022_f2	SYN_SEG_0022	SYN_SEG_SPK_01	training	i	f2	1980.042	raw_hz			1980.042	Hz	TRUE	eligible_complete_training_inventory	SYNTHETIC_TEACHING_FIXTURE
REQ_SYN_SEG_0022_f2	SYN_SEG_0022	SYN_SEG_SPK_01	training	i	f2	1980.042	log_hz			7.59087333558482	log_Hz	TRUE	eligible_complete_training_inventory	SYNTHETIC_TEACHING_FIXTURE
REQ_SYN_SEG_0022_f2	SYN_SEG_0022	SYN_SEG_SPK_01	training	i	f2	1980.042	within_speaker_z	1306.618	556.876875935948	1.20928705985173	z	TRUE	eligible_complete_training_inventory	SYNTHETIC_TEACHING_FIXTURE
REQ_SYN_SEG_0022_f2	SYN_SEG_0022	SYN_SEG_SPK_01	training	i	f2	1980.042	f3_reference_scaling		2231.7905	2292.80932130861	Hz	TRUE	eligible_complete_training_inventory	SYNTHETIC_TEACHING_FIXTURE
REQ_SYN_SEG_0022_f3	SYN_SEG_0022	SYN_SEG_SPK_01	training	i	f3	2555.89	raw_hz			2555.89	Hz	TRUE	eligible_complete_training_inventory	SYNTHETIC_TEACHING_FIXTURE
REQ_SYN_SEG_0022_f3	SYN_SEG_0022	SYN_SEG_SPK_01	training	i	f3	2555.89	log_hz			7.84615577857761	log_Hz	TRUE	eligible_complete_training_inventory	SYNTHETIC_TEACHING_FIXTURE
REQ_SYN_SEG_0022_f3	SYN_SEG_0022	SYN_SEG_SPK_01	training	i	f3	2555.89	within_speaker_z	2296.4645	308.308935288351	0.841446582653754	z	TRUE	eligible_complete_training_inventory	SYNTHETIC_TEACHING_FIXTURE
REQ_SYN_SEG_0022_f3	SYN_SEG_0022	SYN_SEG_SPK_01	training	i	f3	2555.89	f3_reference_scaling		2231.7905	2959.61823852194	Hz	TRUE	eligible_complete_training_inventory	SYNTHETIC_TEACHING_FIXTURE
REQ_SYN_SEG_0023_f1	SYN_SEG_0023	SYN_SEG_SPK_01	training	a	f1	691.502	raw_hz			691.502	Hz	TRUE	eligible_complete_training_inventory	SYNTHETIC_TEACHING_FIXTURE
REQ_SYN_SEG_0023_f1	SYN_SEG_0023	SYN_SEG_SPK_01	training	a	f1	691.502	log_hz			6.53886604336383	log_Hz	TRUE	eligible_complete_training_inventory	SYNTHETIC_TEACHING_FIXTURE
REQ_SYN_SEG_0023_f1	SYN_SEG_0023	SYN_SEG_SPK_01	training	a	f1	691.502	within_speaker_z	412.944916666667	183.278233055874	1.51985906176001	z	TRUE	eligible_complete_training_inventory	SYNTHETIC_TEACHING_FIXTURE
REQ_SYN_SEG_0023_f1	SYN_SEG_0023	SYN_SEG_SPK_01	training	a	f1	691.502	f3_reference_scaling		2231.7905	800.731616452351	Hz	TRUE	eligible_complete_training_inventory	SYNTHETIC_TEACHING_FIXTURE
REQ_SYN_SEG_0023_f2	SYN_SEG_0023	SYN_SEG_SPK_01	training	a	f2	1088.769	raw_hz			1088.769	Hz	TRUE	eligible_complete_training_inventory	SYNTHETIC_TEACHING_FIXTURE
REQ_SYN_SEG_0023_f2	SYN_SEG_0023	SYN_SEG_SPK_01	training	a	f2	1088.769	log_hz			6.99280297921995	log_Hz	TRUE	eligible_complete_training_inventory	SYNTHETIC_TEACHING_FIXTURE
REQ_SYN_SEG_0023_f2	SYN_SEG_0023	SYN_SEG_SPK_01	training	a	f2	1088.769	within_speaker_z	1306.618	556.876875935948	-0.391197784310686	z	TRUE	eligible_complete_training_inventory	SYNTHETIC_TEACHING_FIXTURE
REQ_SYN_SEG_0023_f2	SYN_SEG_0023	SYN_SEG_SPK_01	training	a	f2	1088.769	f3_reference_scaling		2231.7905	1260.75088909824	Hz	TRUE	eligible_complete_training_inventory	SYNTHETIC_TEACHING_FIXTURE
REQ_SYN_SEG_0023_f3	SYN_SEG_0023	SYN_SEG_SPK_01	training	a	f3	2237.762	raw_hz			2237.762	Hz	TRUE	eligible_complete_training_inventory	SYNTHETIC_TEACHING_FIXTURE
REQ_SYN_SEG_0023_f3	SYN_SEG_0023	SYN_SEG_SPK_01	training	a	f3	2237.762	log_hz			7.713231538266	log_Hz	TRUE	eligible_complete_training_inventory	SYNTHETIC_TEACHING_FIXTURE
REQ_SYN_SEG_0023_f3	SYN_SEG_0023	SYN_SEG_SPK_01	training	a	f3	2237.762	within_speaker_z	2296.4645	308.308935288351	-0.190401552731832	z	TRUE	eligible_complete_training_inventory	SYNTHETIC_TEACHING_FIXTURE
REQ_SYN_SEG_0023_f3	SYN_SEG_0023	SYN_SEG_SPK_01	training	a	f3	2237.762	f3_reference_scaling		2231.7905	2591.23875779918	Hz	TRUE	eligible_complete_training_inventory	SYNTHETIC_TEACHING_FIXTURE
REQ_SYN_SEG_0024_f1	SYN_SEG_0024	SYN_SEG_SPK_01	training	u	f1	321.729	raw_hz			321.729	Hz	TRUE	eligible_complete_training_inventory	SYNTHETIC_TEACHING_FIXTURE
REQ_SYN_SEG_0024_f1	SYN_SEG_0024	SYN_SEG_SPK_01	training	u	f1	321.729	log_hz			5.77370957628091	log_Hz	TRUE	eligible_complete_training_inventory	SYNTHETIC_TEACHING_FIXTURE
REQ_SYN_SEG_0024_f1	SYN_SEG_0024	SYN_SEG_SPK_01	training	u	f1	321.729	within_speaker_z	412.944916666667	183.278233055874	-0.497690943140305	z	TRUE	eligible_complete_training_inventory	SYNTHETIC_TEACHING_FIXTURE
REQ_SYN_SEG_0024_f1	SYN_SEG_0024	SYN_SEG_SPK_01	training	u	f1	321.729	f3_reference_scaling		2231.7905	372.549294477237	Hz	TRUE	eligible_complete_training_inventory	SYNTHETIC_TEACHING_FIXTURE
REQ_SYN_SEG_0024_f2	SYN_SEG_0024	SYN_SEG_SPK_01	training	u	f2	804.414	raw_hz			804.414	Hz	TRUE	eligible_complete_training_inventory	SYNTHETIC_TEACHING_FIXTURE
REQ_SYN_SEG_0024_f2	SYN_SEG_0024	SYN_SEG_SPK_01	training	u	f2	804.414	log_hz			6.69011406202352	log_Hz	TRUE	eligible_complete_training_inventory	SYNTHETIC_TEACHING_FIXTURE
REQ_SYN_SEG_0024_f2	SYN_SEG_0024	SYN_SEG_SPK_01	training	u	f2	804.414	within_speaker_z	1306.618	556.876875935948	-0.90182232680418	z	TRUE	eligible_complete_training_inventory	SYNTHETIC_TEACHING_FIXTURE
REQ_SYN_SEG_0024_f2	SYN_SEG_0024	SYN_SEG_SPK_01	training	u	f2	804.414	f3_reference_scaling		2231.7905	931.47918952787	Hz	TRUE	eligible_complete_training_inventory	SYNTHETIC_TEACHING_FIXTURE
REQ_SYN_SEG_0024_f3	SYN_SEG_0024	SYN_SEG_SPK_01	training	u	f3	2009.469	raw_hz			2009.469	Hz	TRUE	eligible_complete_training_inventory	SYNTHETIC_TEACHING_FIXTURE
REQ_SYN_SEG_0024_f3	SYN_SEG_0024	SYN_SEG_SPK_01	training	u	f3	2009.469	log_hz			7.6056257870472	log_Hz	TRUE	eligible_complete_training_inventory	SYNTHETIC_TEACHING_FIXTURE
REQ_SYN_SEG_0024_f3	SYN_SEG_0024	SYN_SEG_SPK_01	training	u	f3	2009.469	within_speaker_z	2296.4645	308.308935288351	-0.930869874827284	z	TRUE	eligible_complete_training_inventory	SYNTHETIC_TEACHING_FIXTURE
REQ_SYN_SEG_0024_f3	SYN_SEG_0024	SYN_SEG_SPK_01	training	u	f3	2009.469	f3_reference_scaling		2231.7905	2326.88460854905	Hz	TRUE	eligible_complete_training_inventory	SYNTHETIC_TEACHING_FIXTURE
REQ_SYN_SEG_0049_f1	SYN_SEG_0049	SYN_SEG_SPK_02	training	i	f1	341.66	raw_hz			341.66	Hz	TRUE	eligible_complete_training_inventory	SYNTHETIC_TEACHING_FIXTURE
REQ_SYN_SEG_0049_f1	SYN_SEG_0049	SYN_SEG_SPK_02	training	i	f1	341.66	log_hz			5.83381609051891	log_Hz	TRUE	eligible_complete_training_inventory	SYNTHETIC_TEACHING_FIXTURE
REQ_SYN_SEG_0049_f1	SYN_SEG_0049	SYN_SEG_SPK_02	training	i	f1	341.66	within_speaker_z	519.017583333333	231.989132961579	-0.764508152037908	z	TRUE	eligible_complete_training_inventory	SYNTHETIC_TEACHING_FIXTURE
REQ_SYN_SEG_0049_f1	SYN_SEG_0049	SYN_SEG_SPK_02	training	i	f1	341.66	f3_reference_scaling		2672.188	330.425904854	Hz	TRUE	eligible_complete_training_inventory	SYNTHETIC_TEACHING_FIXTURE
REQ_SYN_SEG_0049_f2	SYN_SEG_0049	SYN_SEG_SPK_02	training	i	f2	2533.027	raw_hz			2533.027	Hz	TRUE	eligible_complete_training_inventory	SYNTHETIC_TEACHING_FIXTURE
REQ_SYN_SEG_0049_f2	SYN_SEG_0049	SYN_SEG_SPK_02	training	i	f2	2533.027	log_hz			7.83717030924214	log_Hz	TRUE	eligible_complete_training_inventory	SYNTHETIC_TEACHING_FIXTURE
REQ_SYN_SEG_0049_f2	SYN_SEG_0049	SYN_SEG_SPK_02	training	i	f2	2533.027	within_speaker_z	1618.66875	694.315831888829	1.31691977628187	z	TRUE	eligible_complete_training_inventory	SYNTHETIC_TEACHING_FIXTURE
REQ_SYN_SEG_0049_f2	SYN_SEG_0049	SYN_SEG_SPK_02	training	i	f2	2533.027	f3_reference_scaling		2672.188	2449.73874171578	Hz	TRUE	eligible_complete_training_inventory	SYNTHETIC_TEACHING_FIXTURE
REQ_SYN_SEG_0049_f3	SYN_SEG_0049	SYN_SEG_SPK_02	training	i	f3	3301.852	raw_hz			3301.852	Hz	TRUE	eligible_complete_training_inventory	SYNTHETIC_TEACHING_FIXTURE
REQ_SYN_SEG_0049_f3	SYN_SEG_0049	SYN_SEG_SPK_02	training	i	f3	3301.852	log_hz			8.10223880215516	log_Hz	TRUE	eligible_complete_training_inventory	SYNTHETIC_TEACHING_FIXTURE
REQ_SYN_SEG_0049_f3	SYN_SEG_0049	SYN_SEG_SPK_02	training	i	f3	3301.852	within_speaker_z	2822.89241666667	403.277429715452	1.18766771468287	z	TRUE	eligible_complete_training_inventory	SYNTHETIC_TEACHING_FIXTURE
REQ_SYN_SEG_0049_f3	SYN_SEG_0049	SYN_SEG_SPK_02	training	i	f3	3301.852	f3_reference_scaling		2672.188	3193.28406835447	Hz	TRUE	eligible_complete_training_inventory	SYNTHETIC_TEACHING_FIXTURE
REQ_SYN_SEG_0050_f1	SYN_SEG_0050	SYN_SEG_SPK_02	training	a	f1	820.33	raw_hz			820.33	Hz	TRUE	eligible_complete_training_inventory	SYNTHETIC_TEACHING_FIXTURE
REQ_SYN_SEG_0050_f1	SYN_SEG_0050	SYN_SEG_SPK_02	training	a	f1	820.33	log_hz			6.70970669832582	log_Hz	TRUE	eligible_complete_training_inventory	SYNTHETIC_TEACHING_FIXTURE
REQ_SYN_SEG_0050_f1	SYN_SEG_0050	SYN_SEG_SPK_02	training	a	f1	820.33	within_speaker_z	519.017583333333	231.989132961579	1.29882125434112	z	TRUE	eligible_complete_training_inventory	SYNTHETIC_TEACHING_FIXTURE
REQ_SYN_SEG_0050_f1	SYN_SEG_0050	SYN_SEG_SPK_02	training	a	f1	820.33	f3_reference_scaling		2672.188	793.35679485126	Hz	TRUE	eligible_complete_training_inventory	SYNTHETIC_TEACHING_FIXTURE
REQ_SYN_SEG_0050_f2	SYN_SEG_0050	SYN_SEG_SPK_02	training	a	f2	1343.478	raw_hz			1343.478	Hz	TRUE	eligible_complete_training_inventory	SYNTHETIC_TEACHING_FIXTURE
REQ_SYN_SEG_0050_f2	SYN_SEG_0050	SYN_SEG_SPK_02	training	a	f2	1343.478	log_hz			7.20301705278191	log_Hz	TRUE	eligible_complete_training_inventory	SYNTHETIC_TEACHING_FIXTURE
REQ_SYN_SEG_0050_f2	SYN_SEG_0050	SYN_SEG_SPK_02	training	a	f2	1343.478	within_speaker_z	1618.66875	694.315831888829	-0.396348084489685	z	TRUE	eligible_complete_training_inventory	SYNTHETIC_TEACHING_FIXTURE
REQ_SYN_SEG_0050_f2	SYN_SEG_0050	SYN_SEG_SPK_02	training	a	f2	1343.478	f3_reference_scaling		2672.188	1299.30320728631	Hz	TRUE	eligible_complete_training_inventory	SYNTHETIC_TEACHING_FIXTURE
REQ_SYN_SEG_0050_f3	SYN_SEG_0050	SYN_SEG_SPK_02	training	a	f3	2606.41	raw_hz			2606.41	Hz	TRUE	eligible_complete_training_inventory	SYNTHETIC_TEACHING_FIXTURE
REQ_SYN_SEG_0050_f3	SYN_SEG_0050	SYN_SEG_SPK_02	training	a	f3	2606.41	log_hz			7.86572907455006	log_Hz	TRUE	eligible_complete_training_inventory	SYNTHETIC_TEACHING_FIXTURE
REQ_SYN_SEG_0050_f3	SYN_SEG_0050	SYN_SEG_SPK_02	training	a	f3	2606.41	within_speaker_z	2822.89241666667	403.277429715452	-0.5368076681589	z	TRUE	eligible_complete_training_inventory	SYNTHETIC_TEACHING_FIXTURE
REQ_SYN_SEG_0050_f3	SYN_SEG_0050	SYN_SEG_SPK_02	training	a	f3	2606.41	f3_reference_scaling		2672.188	2520.70884115938	Hz	TRUE	eligible_complete_training_inventory	SYNTHETIC_TEACHING_FIXTURE
REQ_SYN_SEG_0051_f1	SYN_SEG_0051	SYN_SEG_SPK_02	training	u	f1	372.604	raw_hz			372.604	Hz	TRUE	eligible_complete_training_inventory	SYNTHETIC_TEACHING_FIXTURE
REQ_SYN_SEG_0051_f1	SYN_SEG_0051	SYN_SEG_SPK_02	training	u	f1	372.604	log_hz			5.92051619348292	log_Hz	TRUE	eligible_complete_training_inventory	SYNTHETIC_TEACHING_FIXTURE
REQ_SYN_SEG_0051_f1	SYN_SEG_0051	SYN_SEG_SPK_02	training	u	f1	372.604	within_speaker_z	519.017583333333	231.989132961579	-0.631122593822452	z	TRUE	eligible_complete_training_inventory	SYNTHETIC_TEACHING_FIXTURE
REQ_SYN_SEG_0051_f1	SYN_SEG_0051	SYN_SEG_SPK_02	training	u	f1	372.604	f3_reference_scaling		2672.188	360.352437663817	Hz	TRUE	eligible_complete_training_inventory	SYNTHETIC_TEACHING_FIXTURE
REQ_SYN_SEG_0051_f2	SYN_SEG_0051	SYN_SEG_SPK_02	training	u	f2	989.421	raw_hz			989.421	Hz	TRUE	eligible_complete_training_inventory	SYNTHETIC_TEACHING_FIXTURE
REQ_SYN_SEG_0051_f2	SYN_SEG_0051	SYN_SEG_SPK_02	training	u	f2	989.421	log_hz			6.8971199235532	log_Hz	TRUE	eligible_complete_training_inventory	SYNTHETIC_TEACHING_FIXTURE
REQ_SYN_SEG_0051_f2	SYN_SEG_0051	SYN_SEG_SPK_02	training	u	f2	989.421	within_speaker_z	1618.66875	694.315831888829	-0.906284605794143	z	TRUE	eligible_complete_training_inventory	SYNTHETIC_TEACHING_FIXTURE
REQ_SYN_SEG_0051_f2	SYN_SEG_0051	SYN_SEG_SPK_02	training	u	f2	989.421	f3_reference_scaling		2672.188	956.887927198236	Hz	TRUE	eligible_complete_training_inventory	SYNTHETIC_TEACHING_FIXTURE
REQ_SYN_SEG_0051_f3	SYN_SEG_0051	SYN_SEG_SPK_02	training	u	f3	2369.059	raw_hz			2369.059	Hz	TRUE	eligible_complete_training_inventory	SYNTHETIC_TEACHING_FIXTURE
REQ_SYN_SEG_0051_f3	SYN_SEG_0051	SYN_SEG_SPK_02	training	u	f3	2369.059	log_hz			7.77024810887188	log_Hz	TRUE	eligible_complete_training_inventory	SYNTHETIC_TEACHING_FIXTURE
REQ_SYN_SEG_0051_f3	SYN_SEG_0051	SYN_SEG_SPK_02	training	u	f3	2369.059	within_speaker_z	2822.89241666667	403.277429715452	-1.12536279797976	z	TRUE	eligible_complete_training_inventory	SYNTHETIC_TEACHING_FIXTURE
REQ_SYN_SEG_0051_f3	SYN_SEG_0051	SYN_SEG_SPK_02	training	u	f3	2369.059	f3_reference_scaling		2672.188	2291.16216041536	Hz	TRUE	eligible_complete_training_inventory	SYNTHETIC_TEACHING_FIXTURE
REQ_SYN_SEG_0052_f1	SYN_SEG_0052	SYN_SEG_SPK_02	training	i	f1	344.244	raw_hz			344.244	Hz	TRUE	eligible_complete_training_inventory	SYNTHETIC_TEACHING_FIXTURE
REQ_SYN_SEG_0052_f1	SYN_SEG_0052	SYN_SEG_SPK_02	training	i	f1	344.244	log_hz			5.84135070826297	log_Hz	TRUE	eligible_complete_training_inventory	SYNTHETIC_TEACHING_FIXTURE
REQ_SYN_SEG_0052_f1	SYN_SEG_0052	SYN_SEG_SPK_02	training	i	f1	344.244	within_speaker_z	519.017583333333	231.989132961579	-0.753369699270692	z	TRUE	eligible_complete_training_inventory	SYNTHETIC_TEACHING_FIXTURE
REQ_SYN_SEG_0052_f1	SYN_SEG_0052	SYN_SEG_SPK_02	training	i	f1	344.244	f3_reference_scaling		2672.188	332.924940556578	Hz	TRUE	eligible_complete_training_inventory	SYNTHETIC_TEACHING_FIXTURE
REQ_SYN_SEG_0052_f2	SYN_SEG_0052	SYN_SEG_SPK_02	training	i	f2	2489.769	raw_hz			2489.769	Hz	TRUE	eligible_complete_training_inventory	SYNTHETIC_TEACHING_FIXTURE
REQ_SYN_SEG_0052_f2	SYN_SEG_0052	SYN_SEG_SPK_02	training	i	f2	2489.769	log_hz			7.81994521407091	log_Hz	TRUE	eligible_complete_training_inventory	SYNTHETIC_TEACHING_FIXTURE
REQ_SYN_SEG_0052_f2	SYN_SEG_0052	SYN_SEG_SPK_02	training	i	f2	2489.769	within_speaker_z	1618.66875	694.315831888829	1.25461671762581	z	TRUE	eligible_complete_training_inventory	SYNTHETIC_TEACHING_FIXTURE
REQ_SYN_SEG_0052_f2	SYN_SEG_0052	SYN_SEG_SPK_02	training	i	f2	2489.769	f3_reference_scaling		2672.188	2407.90310455552	Hz	TRUE	eligible_complete_training_inventory	SYNTHETIC_TEACHING_FIXTURE
REQ_SYN_SEG_0052_f3	SYN_SEG_0052	SYN_SEG_SPK_02	training	i	f3	3372.897	raw_hz			3372.897	Hz	TRUE	eligible_complete_training_inventory	SYNTHETIC_TEACHING_FIXTURE
REQ_SYN_SEG_0052_f3	SYN_SEG_0052	SYN_SEG_SPK_02	training	i	f3	3372.897	log_hz			8.12352729798111	log_Hz	TRUE	eligible_complete_training_inventory	SYNTHETIC_TEACHING_FIXTURE
REQ_SYN_SEG_0052_f3	SYN_SEG_0052	SYN_SEG_SPK_02	training	i	f3	3372.897	within_speaker_z	2822.89241666667	403.277429715452	1.36383676051846	z	TRUE	eligible_complete_training_inventory	SYNTHETIC_TEACHING_FIXTURE
REQ_SYN_SEG_0052_f3	SYN_SEG_0052	SYN_SEG_SPK_02	training	i	f3	3372.897	f3_reference_scaling		2672.188	3261.99304338916	Hz	TRUE	eligible_complete_training_inventory	SYNTHETIC_TEACHING_FIXTURE
REQ_SYN_SEG_0053_f1	SYN_SEG_0053	SYN_SEG_SPK_02	training	a	f1	803.949	raw_hz			803.949	Hz	TRUE	eligible_complete_training_inventory	SYNTHETIC_TEACHING_FIXTURE
REQ_SYN_SEG_0053_f1	SYN_SEG_0053	SYN_SEG_SPK_02	training	a	f1	803.949	log_hz			6.6895358343312	log_Hz	TRUE	eligible_complete_training_inventory	SYNTHETIC_TEACHING_FIXTURE
REQ_SYN_SEG_0053_f1	SYN_SEG_0053	SYN_SEG_SPK_02	training	a	f1	803.949	within_speaker_z	519.017583333333	231.989132961579	1.22821018824988	z	TRUE	eligible_complete_training_inventory	SYNTHETIC_TEACHING_FIXTURE
REQ_SYN_SEG_0053_f1	SYN_SEG_0053	SYN_SEG_SPK_02	training	a	f1	803.949	f3_reference_scaling		2672.188	777.514417202682	Hz	TRUE	eligible_complete_training_inventory	SYNTHETIC_TEACHING_FIXTURE
REQ_SYN_SEG_0053_f2	SYN_SEG_0053	SYN_SEG_SPK_02	training	a	f2	1295.224	raw_hz			1295.224	Hz	TRUE	eligible_complete_training_inventory	SYNTHETIC_TEACHING_FIXTURE
REQ_SYN_SEG_0053_f2	SYN_SEG_0053	SYN_SEG_SPK_02	training	a	f2	1295.224	log_hz			7.16643893214851	log_Hz	TRUE	eligible_complete_training_inventory	SYNTHETIC_TEACHING_FIXTURE
REQ_SYN_SEG_0053_f2	SYN_SEG_0053	SYN_SEG_SPK_02	training	a	f2	1295.224	within_speaker_z	1618.66875	694.315831888829	-0.465846715780764	z	TRUE	eligible_complete_training_inventory	SYNTHETIC_TEACHING_FIXTURE
REQ_SYN_SEG_0053_f2	SYN_SEG_0053	SYN_SEG_SPK_02	training	a	f2	1295.224	f3_reference_scaling		2672.188	1252.63584320265	Hz	TRUE	eligible_complete_training_inventory	SYNTHETIC_TEACHING_FIXTURE
REQ_SYN_SEG_0053_f3	SYN_SEG_0053	SYN_SEG_SPK_02	training	a	f3	2737.966	raw_hz			2737.966	Hz	TRUE	eligible_complete_training_inventory	SYNTHETIC_TEACHING_FIXTURE
REQ_SYN_SEG_0053_f3	SYN_SEG_0053	SYN_SEG_SPK_02	training	a	f3	2737.966	log_hz			7.91497058794806	log_Hz	TRUE	eligible_complete_training_inventory	SYNTHETIC_TEACHING_FIXTURE
REQ_SYN_SEG_0053_f3	SYN_SEG_0053	SYN_SEG_SPK_02	training	a	f3	2737.966	within_speaker_z	2822.89241666667	403.277429715452	-0.210590552331654	z	TRUE	eligible_complete_training_inventory	SYNTHETIC_TEACHING_FIXTURE
REQ_SYN_SEG_0053_f3	SYN_SEG_0053	SYN_SEG_SPK_02	training	a	f3	2737.966	f3_reference_scaling		2672.188	2647.93915884062	Hz	TRUE	eligible_complete_training_inventory	SYNTHETIC_TEACHING_FIXTURE
REQ_SYN_SEG_0054_f1	SYN_SEG_0054	SYN_SEG_SPK_02	training	u	f1	384.388	raw_hz			384.388	Hz	TRUE	eligible_complete_training_inventory	SYNTHETIC_TEACHING_FIXTURE
REQ_SYN_SEG_0054_f1	SYN_SEG_0054	SYN_SEG_SPK_02	training	u	f1	384.388	log_hz			5.95165245912707	log_Hz	TRUE	eligible_complete_training_inventory	SYNTHETIC_TEACHING_FIXTURE
REQ_SYN_SEG_0054_f1	SYN_SEG_0054	SYN_SEG_SPK_02	training	u	f1	384.388	within_speaker_z	519.017583333333	231.989132961579	-0.580327111079079	z	TRUE	eligible_complete_training_inventory	SYNTHETIC_TEACHING_FIXTURE
REQ_SYN_SEG_0054_f1	SYN_SEG_0054	SYN_SEG_SPK_02	training	u	f1	384.388	f3_reference_scaling		2672.188	371.748968901889	Hz	TRUE	eligible_complete_training_inventory	SYNTHETIC_TEACHING_FIXTURE
REQ_SYN_SEG_0054_f2	SYN_SEG_0054	SYN_SEG_SPK_02	training	u	f2	960.904	raw_hz			960.904	Hz	TRUE	eligible_complete_training_inventory	SYNTHETIC_TEACHING_FIXTURE
REQ_SYN_SEG_0054_f2	SYN_SEG_0054	SYN_SEG_SPK_02	training	u	f2	960.904	log_hz			6.86787450803863	log_Hz	TRUE	eligible_complete_training_inventory	SYNTHETIC_TEACHING_FIXTURE
REQ_SYN_SEG_0054_f2	SYN_SEG_0054	SYN_SEG_SPK_02	training	u	f2	960.904	within_speaker_z	1618.66875	694.315831888829	-0.947356692430021	z	TRUE	eligible_complete_training_inventory	SYNTHETIC_TEACHING_FIXTURE
REQ_SYN_SEG_0054_f2	SYN_SEG_0054	SYN_SEG_SPK_02	training	u	f2	960.904	f3_reference_scaling		2672.188	929.308592395445	Hz	TRUE	eligible_complete_training_inventory	SYNTHETIC_TEACHING_FIXTURE
REQ_SYN_SEG_0054_f3	SYN_SEG_0054	SYN_SEG_SPK_02	training	u	f3	2502.479	raw_hz			2502.479	Hz	TRUE	eligible_complete_training_inventory	SYNTHETIC_TEACHING_FIXTURE
REQ_SYN_SEG_0054_f3	SYN_SEG_0054	SYN_SEG_SPK_02	training	u	f3	2502.479	log_hz			7.82503711954577	log_Hz	TRUE	eligible_complete_training_inventory	SYNTHETIC_TEACHING_FIXTURE
REQ_SYN_SEG_0054_f3	SYN_SEG_0054	SYN_SEG_SPK_02	training	u	f3	2502.479	within_speaker_z	2822.89241666667	403.277429715452	-0.79452355390369	z	TRUE	eligible_complete_training_inventory	SYNTHETIC_TEACHING_FIXTURE
REQ_SYN_SEG_0054_f3	SYN_SEG_0054	SYN_SEG_SPK_02	training	u	f3	2502.479	f3_reference_scaling		2672.188	2420.19518806162	Hz	TRUE	eligible_complete_training_inventory	SYNTHETIC_TEACHING_FIXTURE
REQ_SYN_SEG_0055_f1	SYN_SEG_0055	SYN_SEG_SPK_02	training	i	f1	307.244	raw_hz			307.244	Hz	TRUE	eligible_complete_training_inventory	SYNTHETIC_TEACHING_FIXTURE
REQ_SYN_SEG_0055_f1	SYN_SEG_0055	SYN_SEG_SPK_02	training	i	f1	307.244	log_hz			5.72764222018387	log_Hz	TRUE	eligible_complete_training_inventory	SYNTHETIC_TEACHING_FIXTURE
REQ_SYN_SEG_0055_f1	SYN_SEG_0055	SYN_SEG_SPK_02	training	i	f1	307.244	within_speaker_z	519.017583333333	231.989132961579	-0.912859928522628	z	TRUE	eligible_complete_training_inventory	SYNTHETIC_TEACHING_FIXTURE
REQ_SYN_SEG_0055_f1	SYN_SEG_0055	SYN_SEG_SPK_02	training	i	f1	307.244	f3_reference_scaling		2672.188	297.141534598614	Hz	TRUE	eligible_complete_training_inventory	SYNTHETIC_TEACHING_FIXTURE
REQ_SYN_SEG_0055_f2	SYN_SEG_0055	SYN_SEG_SPK_02	training	i	f2	2559.935	raw_hz			2559.935	Hz	TRUE	eligible_complete_training_inventory	SYNTHETIC_TEACHING_FIXTURE
REQ_SYN_SEG_0055_f2	SYN_SEG_0055	SYN_SEG_SPK_02	training	i	f2	2559.935	log_hz			7.84773714652626	log_Hz	TRUE	eligible_complete_training_inventory	SYNTHETIC_TEACHING_FIXTURE
REQ_SYN_SEG_0055_f2	SYN_SEG_0055	SYN_SEG_SPK_02	training	i	f2	2559.935	within_speaker_z	1618.66875	694.315831888829	1.35567447373245	z	TRUE	eligible_complete_training_inventory	SYNTHETIC_TEACHING_FIXTURE
REQ_SYN_SEG_0055_f2	SYN_SEG_0055	SYN_SEG_SPK_02	training	i	f2	2559.935	f3_reference_scaling		2672.188	2475.76198191894	Hz	TRUE	eligible_complete_training_inventory	SYNTHETIC_TEACHING_FIXTURE
REQ_SYN_SEG_0055_f3	SYN_SEG_0055	SYN_SEG_SPK_02	training	i	f3	3297.565	raw_hz			3297.565	Hz	TRUE	eligible_complete_training_inventory	SYNTHETIC_TEACHING_FIXTURE
REQ_SYN_SEG_0055_f3	SYN_SEG_0055	SYN_SEG_SPK_02	training	i	f3	3297.565	log_hz			8.10093959630015	log_Hz	TRUE	eligible_complete_training_inventory	SYNTHETIC_TEACHING_FIXTURE
REQ_SYN_SEG_0055_f3	SYN_SEG_0055	SYN_SEG_SPK_02	training	i	f3	3297.565	within_speaker_z	2822.89241666667	403.277429715452	1.17703731564709	z	TRUE	eligible_complete_training_inventory	SYNTHETIC_TEACHING_FIXTURE
REQ_SYN_SEG_0055_f3	SYN_SEG_0055	SYN_SEG_SPK_02	training	i	f3	3297.565	f3_reference_scaling		2672.188	3189.13802885875	Hz	TRUE	eligible_complete_training_inventory	SYNTHETIC_TEACHING_FIXTURE
REQ_SYN_SEG_0056_f1	SYN_SEG_0056	SYN_SEG_SPK_02	training	a	f1	862.163	raw_hz			862.163	Hz	TRUE	eligible_complete_training_inventory	SYNTHETIC_TEACHING_FIXTURE
REQ_SYN_SEG_0056_f1	SYN_SEG_0056	SYN_SEG_SPK_02	training	a	f1	862.163	log_hz			6.75944434791507	log_Hz	TRUE	eligible_complete_training_inventory	SYNTHETIC_TEACHING_FIXTURE
REQ_SYN_SEG_0056_f1	SYN_SEG_0056	SYN_SEG_SPK_02	training	a	f1	862.163	within_speaker_z	519.017583333333	231.989132961579	1.47914435597075	z	TRUE	eligible_complete_training_inventory	SYNTHETIC_TEACHING_FIXTURE
REQ_SYN_SEG_0056_f1	SYN_SEG_0056	SYN_SEG_SPK_02	training	a	f1	862.163	f3_reference_scaling		2672.188	833.814287322599	Hz	TRUE	eligible_complete_training_inventory	SYNTHETIC_TEACHING_FIXTURE
REQ_SYN_SEG_0056_f2	SYN_SEG_0056	SYN_SEG_SPK_02	training	a	f2	1445.413	raw_hz			1445.413	Hz	TRUE	eligible_complete_training_inventory	SYNTHETIC_TEACHING_FIXTURE
REQ_SYN_SEG_0056_f2	SYN_SEG_0056	SYN_SEG_SPK_02	training	a	f2	1445.413	log_hz			7.27615037285852	log_Hz	TRUE	eligible_complete_training_inventory	SYNTHETIC_TEACHING_FIXTURE
REQ_SYN_SEG_0056_f2	SYN_SEG_0056	SYN_SEG_SPK_02	training	a	f2	1445.413	within_speaker_z	1618.66875	694.315831888829	-0.249534494307399	z	TRUE	eligible_complete_training_inventory	SYNTHETIC_TEACHING_FIXTURE
REQ_SYN_SEG_0056_f2	SYN_SEG_0056	SYN_SEG_SPK_02	training	a	f2	1445.413	f3_reference_scaling		2672.188	1397.8864907005	Hz	TRUE	eligible_complete_training_inventory	SYNTHETIC_TEACHING_FIXTURE
REQ_SYN_SEG_0056_f3	SYN_SEG_0056	SYN_SEG_SPK_02	training	a	f3	2590.889	raw_hz			2590.889	Hz	TRUE	eligible_complete_training_inventory	SYNTHETIC_TEACHING_FIXTURE
REQ_SYN_SEG_0056_f3	SYN_SEG_0056	SYN_SEG_SPK_02	training	a	f3	2590.889	log_hz			7.85975633904234	log_Hz	TRUE	eligible_complete_training_inventory	SYNTHETIC_TEACHING_FIXTURE
REQ_SYN_SEG_0056_f3	SYN_SEG_0056	SYN_SEG_SPK_02	training	a	f3	2590.889	within_speaker_z	2822.89241666667	403.277429715452	-0.575294820814458	z	TRUE	eligible_complete_training_inventory	SYNTHETIC_TEACHING_FIXTURE
REQ_SYN_SEG_0056_f3	SYN_SEG_0056	SYN_SEG_SPK_02	training	a	f3	2590.889	f3_reference_scaling		2672.188	2505.69818591955	Hz	TRUE	eligible_complete_training_inventory	SYNTHETIC_TEACHING_FIXTURE
REQ_SYN_SEG_0057_f1	SYN_SEG_0057	SYN_SEG_SPK_02	training	u	f1	409.679	raw_hz			409.679	Hz	TRUE	eligible_complete_training_inventory	SYNTHETIC_TEACHING_FIXTURE
REQ_SYN_SEG_0057_f1	SYN_SEG_0057	SYN_SEG_SPK_02	training	u	f1	409.679	log_hz			6.01537392622181	log_Hz	TRUE	eligible_complete_training_inventory	SYNTHETIC_TEACHING_FIXTURE
REQ_SYN_SEG_0057_f1	SYN_SEG_0057	SYN_SEG_SPK_02	training	u	f1	409.679	within_speaker_z	519.017583333333	231.989132961579	-0.471309073565276	z	TRUE	eligible_complete_training_inventory	SYNTHETIC_TEACHING_FIXTURE
REQ_SYN_SEG_0057_f1	SYN_SEG_0057	SYN_SEG_SPK_02	training	u	f1	409.679	f3_reference_scaling		2672.188	396.208377552777	Hz	TRUE	eligible_complete_training_inventory	SYNTHETIC_TEACHING_FIXTURE
REQ_SYN_SEG_0057_f2	SYN_SEG_0057	SYN_SEG_SPK_02	training	u	f2	998.919	raw_hz			998.919	Hz	TRUE	eligible_complete_training_inventory	SYNTHETIC_TEACHING_FIXTURE
REQ_SYN_SEG_0057_f2	SYN_SEG_0057	SYN_SEG_SPK_02	training	u	f2	998.919	log_hz			6.90667369428022	log_Hz	TRUE	eligible_complete_training_inventory	SYNTHETIC_TEACHING_FIXTURE
REQ_SYN_SEG_0057_f2	SYN_SEG_0057	SYN_SEG_SPK_02	training	u	f2	998.919	within_speaker_z	1618.66875	694.315831888829	-0.89260495229386	z	TRUE	eligible_complete_training_inventory	SYNTHETIC_TEACHING_FIXTURE
REQ_SYN_SEG_0057_f2	SYN_SEG_0057	SYN_SEG_SPK_02	training	u	f2	998.919	f3_reference_scaling		2672.188	966.073624219553	Hz	TRUE	eligible_complete_training_inventory	SYNTHETIC_TEACHING_FIXTURE
REQ_SYN_SEG_0057_f3	SYN_SEG_0057	SYN_SEG_SPK_02	training	u	f3	2539.817	raw_hz			2539.817	Hz	TRUE	eligible_complete_training_inventory	SYNTHETIC_TEACHING_FIXTURE
REQ_SYN_SEG_0057_f3	SYN_SEG_0057	SYN_SEG_SPK_02	training	u	f3	2539.817	log_hz			7.83984731017296	log_Hz	TRUE	eligible_complete_training_inventory	SYNTHETIC_TEACHING_FIXTURE
REQ_SYN_SEG_0057_f3	SYN_SEG_0057	SYN_SEG_SPK_02	training	u	f3	2539.817	within_speaker_z	2822.89241666667	403.277429715452	-0.701937167340114	z	TRUE	eligible_complete_training_inventory	SYNTHETIC_TEACHING_FIXTURE
REQ_SYN_SEG_0057_f3	SYN_SEG_0057	SYN_SEG_SPK_02	training	u	f3	2539.817	f3_reference_scaling		2672.188	2456.3054802686	Hz	TRUE	eligible_complete_training_inventory	SYNTHETIC_TEACHING_FIXTURE
REQ_SYN_SEG_0058_f1	SYN_SEG_0058	SYN_SEG_SPK_02	training	i	f1	351.129	raw_hz			351.129	Hz	TRUE	eligible_complete_training_inventory	SYNTHETIC_TEACHING_FIXTURE
REQ_SYN_SEG_0058_f1	SYN_SEG_0058	SYN_SEG_SPK_02	training	i	f1	351.129	log_hz			5.86115367731395	log_Hz	TRUE	eligible_complete_training_inventory	SYNTHETIC_TEACHING_FIXTURE
REQ_SYN_SEG_0058_f1	SYN_SEG_0058	SYN_SEG_SPK_02	training	i	f1	351.129	within_speaker_z	519.017583333333	231.989132961579	-0.723691584989623	z	TRUE	eligible_complete_training_inventory	SYNTHETIC_TEACHING_FIXTURE
REQ_SYN_SEG_0058_f1	SYN_SEG_0058	SYN_SEG_SPK_02	training	i	f1	351.129	f3_reference_scaling		2672.188	339.583555421999	Hz	TRUE	eligible_complete_training_inventory	SYNTHETIC_TEACHING_FIXTURE
REQ_SYN_SEG_0058_f2	SYN_SEG_0058	SYN_SEG_SPK_02	training	i	f2	2553.465	raw_hz			2553.465	Hz	TRUE	eligible_complete_training_inventory	SYNTHETIC_TEACHING_FIXTURE
REQ_SYN_SEG_0058_f2	SYN_SEG_0058	SYN_SEG_SPK_02	training	i	f2	2553.465	log_hz			7.84520653931665	log_Hz	TRUE	eligible_complete_training_inventory	SYNTHETIC_TEACHING_FIXTURE
REQ_SYN_SEG_0058_f2	SYN_SEG_0058	SYN_SEG_SPK_02	training	i	f2	2553.465	within_speaker_z	1618.66875	694.315831888829	1.34635594792209	z	TRUE	eligible_complete_training_inventory	SYNTHETIC_TEACHING_FIXTURE
REQ_SYN_SEG_0058_f2	SYN_SEG_0058	SYN_SEG_SPK_02	training	i	f2	2553.465	f3_reference_scaling		2672.188	2469.50472147169	Hz	TRUE	eligible_complete_training_inventory	SYNTHETIC_TEACHING_FIXTURE
REQ_SYN_SEG_0058_f3	SYN_SEG_0058	SYN_SEG_SPK_02	training	i	f3	3396.032	raw_hz			3396.032	Hz	TRUE	eligible_complete_training_inventory	SYNTHETIC_TEACHING_FIXTURE
REQ_SYN_SEG_0058_f3	SYN_SEG_0058	SYN_SEG_SPK_02	training	i	f3	3396.032	log_hz			8.13036297023726	log_Hz	TRUE	eligible_complete_training_inventory	SYNTHETIC_TEACHING_FIXTURE
REQ_SYN_SEG_0058_f3	SYN_SEG_0058	SYN_SEG_SPK_02	training	i	f3	3396.032	within_speaker_z	2822.89241666667	403.277429715452	1.42120421601014	z	TRUE	eligible_complete_training_inventory	SYNTHETIC_TEACHING_FIXTURE
REQ_SYN_SEG_0058_f3	SYN_SEG_0058	SYN_SEG_SPK_02	training	i	f3	3396.032	f3_reference_scaling		2672.188	3284.36734330369	Hz	TRUE	eligible_complete_training_inventory	SYNTHETIC_TEACHING_FIXTURE
REQ_SYN_SEG_0059_f1	SYN_SEG_0059	SYN_SEG_SPK_02	training	a	f1	835.806	raw_hz			835.806	Hz	TRUE	eligible_complete_training_inventory	SYNTHETIC_TEACHING_FIXTURE
REQ_SYN_SEG_0059_f1	SYN_SEG_0059	SYN_SEG_SPK_02	training	a	f1	835.806	log_hz			6.72839652873895	log_Hz	TRUE	eligible_complete_training_inventory	SYNTHETIC_TEACHING_FIXTURE
REQ_SYN_SEG_0059_f1	SYN_SEG_0059	SYN_SEG_SPK_02	training	a	f1	835.806	within_speaker_z	519.017583333333	231.989132961579	1.36553127563579	z	TRUE	eligible_complete_training_inventory	SYNTHETIC_TEACHING_FIXTURE
REQ_SYN_SEG_0059_f1	SYN_SEG_0059	SYN_SEG_SPK_02	training	a	f1	835.806	f3_reference_scaling		2672.188	808.323929732489	Hz	TRUE	eligible_complete_training_inventory	SYNTHETIC_TEACHING_FIXTURE
REQ_SYN_SEG_0059_f2	SYN_SEG_0059	SYN_SEG_SPK_02	training	a	f2	1272.237	raw_hz			1272.237	Hz	TRUE	eligible_complete_training_inventory	SYNTHETIC_TEACHING_FIXTURE
REQ_SYN_SEG_0059_f2	SYN_SEG_0059	SYN_SEG_SPK_02	training	a	f2	1272.237	log_hz			7.14853204729923	log_Hz	TRUE	eligible_complete_training_inventory	SYNTHETIC_TEACHING_FIXTURE
REQ_SYN_SEG_0059_f2	SYN_SEG_0059	SYN_SEG_SPK_02	training	a	f2	1272.237	within_speaker_z	1618.66875	694.315831888829	-0.498954127342251	z	TRUE	eligible_complete_training_inventory	SYNTHETIC_TEACHING_FIXTURE
REQ_SYN_SEG_0059_f2	SYN_SEG_0059	SYN_SEG_SPK_02	training	a	f2	1272.237	f3_reference_scaling		2672.188	1230.40467691195	Hz	TRUE	eligible_complete_training_inventory	SYNTHETIC_TEACHING_FIXTURE
REQ_SYN_SEG_0059_f3	SYN_SEG_0059	SYN_SEG_SPK_02	training	a	f3	2790.189	raw_hz			2790.189	Hz	TRUE	eligible_complete_training_inventory	SYNTHETIC_TEACHING_FIXTURE
REQ_SYN_SEG_0059_f3	SYN_SEG_0059	SYN_SEG_SPK_02	training	a	f3	2790.189	log_hz			7.93386461445651	log_Hz	TRUE	eligible_complete_training_inventory	SYNTHETIC_TEACHING_FIXTURE
REQ_SYN_SEG_0059_f3	SYN_SEG_0059	SYN_SEG_SPK_02	training	a	f3	2790.189	within_speaker_z	2822.89241666667	403.277429715452	-0.0810940912060015	z	TRUE	eligible_complete_training_inventory	SYNTHETIC_TEACHING_FIXTURE
REQ_SYN_SEG_0059_f3	SYN_SEG_0059	SYN_SEG_SPK_02	training	a	f3	2790.189	f3_reference_scaling		2672.188	2698.44501855259	Hz	TRUE	eligible_complete_training_inventory	SYNTHETIC_TEACHING_FIXTURE
REQ_SYN_SEG_0060_f1	SYN_SEG_0060	SYN_SEG_SPK_02	training	u	f1	395.015	raw_hz			395.015	Hz	TRUE	eligible_complete_training_inventory	SYNTHETIC_TEACHING_FIXTURE
REQ_SYN_SEG_0060_f1	SYN_SEG_0060	SYN_SEG_SPK_02	training	u	f1	395.015	log_hz			5.97892373886365	log_Hz	TRUE	eligible_complete_training_inventory	SYNTHETIC_TEACHING_FIXTURE
REQ_SYN_SEG_0060_f1	SYN_SEG_0060	SYN_SEG_SPK_02	training	u	f1	395.015	within_speaker_z	519.017583333333	231.989132961579	-0.534518930909881	z	TRUE	eligible_complete_training_inventory	SYNTHETIC_TEACHING_FIXTURE
REQ_SYN_SEG_0060_f1	SYN_SEG_0060	SYN_SEG_SPK_02	training	u	f1	395.015	f3_reference_scaling		2672.188	382.026543364464	Hz	TRUE	eligible_complete_training_inventory	SYNTHETIC_TEACHING_FIXTURE
REQ_SYN_SEG_0060_f2	SYN_SEG_0060	SYN_SEG_SPK_02	training	u	f2	982.233	raw_hz			982.233	Hz	TRUE	eligible_complete_training_inventory	SYNTHETIC_TEACHING_FIXTURE
REQ_SYN_SEG_0060_f2	SYN_SEG_0060	SYN_SEG_SPK_02	training	u	f2	982.233	log_hz			6.88982855108595	log_Hz	TRUE	eligible_complete_training_inventory	SYNTHETIC_TEACHING_FIXTURE
REQ_SYN_SEG_0060_f2	SYN_SEG_0060	SYN_SEG_SPK_02	training	u	f2	982.233	within_speaker_z	1618.66875	694.315831888829	-0.916637243124111	z	TRUE	eligible_complete_training_inventory	SYNTHETIC_TEACHING_FIXTURE
REQ_SYN_SEG_0060_f2	SYN_SEG_0060	SYN_SEG_SPK_02	training	u	f2	982.233	f3_reference_scaling		2672.188	949.936275251591	Hz	TRUE	eligible_complete_training_inventory	SYNTHETIC_TEACHING_FIXTURE
REQ_SYN_SEG_0060_f3	SYN_SEG_0060	SYN_SEG_SPK_02	training	u	f3	2369.554	raw_hz			2369.554	Hz	TRUE	eligible_complete_training_inventory	SYNTHETIC_TEACHING_FIXTURE
REQ_SYN_SEG_0060_f3	SYN_SEG_0060	SYN_SEG_SPK_02	training	u	f3	2369.554	log_hz			7.77045703076603	log_Hz	TRUE	eligible_complete_training_inventory	SYNTHETIC_TEACHING_FIXTURE
REQ_SYN_SEG_0060_f3	SYN_SEG_0060	SYN_SEG_SPK_02	training	u	f3	2369.554	within_speaker_z	2822.89241666667	403.277429715452	-1.12413535512398	z	TRUE	eligible_complete_training_inventory	SYNTHETIC_TEACHING_FIXTURE
REQ_SYN_SEG_0060_f3	SYN_SEG_0060	SYN_SEG_SPK_02	training	u	f3	2369.554	f3_reference_scaling		2672.188	2291.64088435993	Hz	TRUE	eligible_complete_training_inventory	SYNTHETIC_TEACHING_FIXTURE
REQ_SYN_SEG_0085_f1	SYN_SEG_0085	SYN_SEG_SPK_03	training	i	f1	255.492	raw_hz			255.492	Hz	TRUE	eligible_complete_training_inventory	SYNTHETIC_TEACHING_FIXTURE
REQ_SYN_SEG_0085_f1	SYN_SEG_0085	SYN_SEG_SPK_03	training	i	f1	255.492	log_hz			5.54319109799896	log_Hz	TRUE	eligible_complete_training_inventory	SYNTHETIC_TEACHING_FIXTURE
REQ_SYN_SEG_0085_f1	SYN_SEG_0085	SYN_SEG_SPK_03	training	i	f1	255.492	within_speaker_z	407.047416666667	182.038104488373	-0.832547762967654	z	TRUE	eligible_complete_training_inventory	SYNTHETIC_TEACHING_FIXTURE
REQ_SYN_SEG_0085_f1	SYN_SEG_0085	SYN_SEG_SPK_03	training	i	f1	255.492	f3_reference_scaling		2162.14	305.379904820224	Hz	TRUE	eligible_complete_training_inventory	SYNTHETIC_TEACHING_FIXTURE
REQ_SYN_SEG_0085_f2	SYN_SEG_0085	SYN_SEG_SPK_03	training	i	f2	2024.693	raw_hz			2024.693	Hz	TRUE	eligible_complete_training_inventory	SYNTHETIC_TEACHING_FIXTURE
REQ_SYN_SEG_0085_f2	SYN_SEG_0085	SYN_SEG_SPK_03	training	i	f2	2024.693	log_hz			7.61317336310918	log_Hz	TRUE	eligible_complete_training_inventory	SYNTHETIC_TEACHING_FIXTURE
REQ_SYN_SEG_0085_f2	SYN_SEG_0085	SYN_SEG_SPK_03	training	i	f2	2024.693	within_speaker_z	1280.09133333333	582.943238463907	1.27731418350222	z	TRUE	eligible_complete_training_inventory	SYNTHETIC_TEACHING_FIXTURE
REQ_SYN_SEG_0085_f2	SYN_SEG_0085	SYN_SEG_SPK_03	training	i	f2	2024.693	f3_reference_scaling		2162.14	2420.03880994385	Hz	TRUE	eligible_complete_training_inventory	SYNTHETIC_TEACHING_FIXTURE
REQ_SYN_SEG_0085_f3	SYN_SEG_0085	SYN_SEG_SPK_03	training	i	f3	2518.14	raw_hz			2518.14	Hz	TRUE	eligible_complete_training_inventory	SYNTHETIC_TEACHING_FIXTURE
REQ_SYN_SEG_0085_f3	SYN_SEG_0085	SYN_SEG_SPK_03	training	i	f3	2518.14	log_hz			7.83127581274097	log_Hz	TRUE	eligible_complete_training_inventory	SYNTHETIC_TEACHING_FIXTURE
REQ_SYN_SEG_0085_f3	SYN_SEG_0085	SYN_SEG_SPK_03	training	i	f3	2518.14	within_speaker_z	2242.46816666667	303.955716201565	0.906947356602844	z	TRUE	eligible_complete_training_inventory	SYNTHETIC_TEACHING_FIXTURE
REQ_SYN_SEG_0085_f3	SYN_SEG_0085	SYN_SEG_SPK_03	training	i	f3	2518.14	f3_reference_scaling		2162.14	3009.83730811141	Hz	TRUE	eligible_complete_training_inventory	SYNTHETIC_TEACHING_FIXTURE
REQ_SYN_SEG_0086_f1	SYN_SEG_0086	SYN_SEG_SPK_03	training	a	f1	667.598	raw_hz			667.598	Hz	TRUE	eligible_complete_training_inventory	SYNTHETIC_TEACHING_FIXTURE
REQ_SYN_SEG_0086_f1	SYN_SEG_0086	SYN_SEG_SPK_03	training	a	f1	667.598	log_hz			6.50368619597732	log_Hz	TRUE	eligible_complete_training_inventory	SYNTHETIC_TEACHING_FIXTURE
REQ_SYN_SEG_0086_f1	SYN_SEG_0086	SYN_SEG_SPK_03	training	a	f1	667.598	within_speaker_z	407.047416666667	182.038104488373	1.43129694777708	z	TRUE	eligible_complete_training_inventory	SYNTHETIC_TEACHING_FIXTURE
REQ_SYN_SEG_0086_f1	SYN_SEG_0086	SYN_SEG_SPK_03	training	a	f1	667.598	f3_reference_scaling		2162.14	797.954588394831	Hz	TRUE	eligible_complete_training_inventory	SYNTHETIC_TEACHING_FIXTURE
REQ_SYN_SEG_0086_f2	SYN_SEG_0086	SYN_SEG_SPK_03	training	a	f2	1084.858	raw_hz			1084.858	Hz	TRUE	eligible_complete_training_inventory	SYNTHETIC_TEACHING_FIXTURE
REQ_SYN_SEG_0086_f2	SYN_SEG_0086	SYN_SEG_SPK_03	training	a	f2	1084.858	log_hz			6.98920438183357	log_Hz	TRUE	eligible_complete_training_inventory	SYNTHETIC_TEACHING_FIXTURE
REQ_SYN_SEG_0086_f2	SYN_SEG_0086	SYN_SEG_SPK_03	training	a	f2	1084.858	within_speaker_z	1280.09133333333	582.943238463907	-0.334909679796245	z	TRUE	eligible_complete_training_inventory	SYNTHETIC_TEACHING_FIXTURE
REQ_SYN_SEG_0086_f2	SYN_SEG_0086	SYN_SEG_SPK_03	training	a	f2	1084.858	f3_reference_scaling		2162.14	1296.68965284024	Hz	TRUE	eligible_complete_training_inventory	SYNTHETIC_TEACHING_FIXTURE
REQ_SYN_SEG_0086_f3	SYN_SEG_0086	SYN_SEG_SPK_03	training	a	f3	2256.489	raw_hz			2256.489	Hz	TRUE	eligible_complete_training_inventory	SYNTHETIC_TEACHING_FIXTURE
REQ_SYN_SEG_0086_f3	SYN_SEG_0086	SYN_SEG_SPK_03	training	a	f3	2256.489	log_hz			7.72156534444906	log_Hz	TRUE	eligible_complete_training_inventory	SYNTHETIC_TEACHING_FIXTURE
REQ_SYN_SEG_0086_f3	SYN_SEG_0086	SYN_SEG_SPK_03	training	a	f3	2256.489	within_speaker_z	2242.46816666667	303.955716201565	0.0461278817472073	z	TRUE	eligible_complete_training_inventory	SYNTHETIC_TEACHING_FIXTURE
REQ_SYN_SEG_0086_f3	SYN_SEG_0086	SYN_SEG_SPK_03	training	a	f3	2256.489	f3_reference_scaling		2162.14	2697.09578400844	Hz	TRUE	eligible_complete_training_inventory	SYNTHETIC_TEACHING_FIXTURE
REQ_SYN_SEG_0087_f1	SYN_SEG_0087	SYN_SEG_SPK_03	training	u	f1	257.556	raw_hz			257.556	Hz	TRUE	eligible_complete_training_inventory	SYNTHETIC_TEACHING_FIXTURE
REQ_SYN_SEG_0087_f1	SYN_SEG_0087	SYN_SEG_SPK_03	training	u	f1	257.556	log_hz			5.55123717218753	log_Hz	TRUE	eligible_complete_training_inventory	SYNTHETIC_TEACHING_FIXTURE
REQ_SYN_SEG_0087_f1	SYN_SEG_0087	SYN_SEG_SPK_03	training	u	f1	257.556	within_speaker_z	407.047416666667	182.038104488373	-0.821209477470774	z	TRUE	eligible_complete_training_inventory	SYNTHETIC_TEACHING_FIXTURE
REQ_SYN_SEG_0087_f1	SYN_SEG_0087	SYN_SEG_SPK_03	training	u	f1	257.556	f3_reference_scaling		2162.14	307.846925797589	Hz	TRUE	eligible_complete_training_inventory	SYNTHETIC_TEACHING_FIXTURE
REQ_SYN_SEG_0087_f2	SYN_SEG_0087	SYN_SEG_SPK_03	training	u	f2	697.416	raw_hz			697.416	Hz	TRUE	eligible_complete_training_inventory	SYNTHETIC_TEACHING_FIXTURE
REQ_SYN_SEG_0087_f2	SYN_SEG_0087	SYN_SEG_SPK_03	training	u	f2	697.416	log_hz			6.54738207633571	log_Hz	TRUE	eligible_complete_training_inventory	SYNTHETIC_TEACHING_FIXTURE
REQ_SYN_SEG_0087_f2	SYN_SEG_0087	SYN_SEG_SPK_03	training	u	f2	697.416	within_speaker_z	1280.09133333333	582.943238463907	-0.999540426729573	z	TRUE	eligible_complete_training_inventory	SYNTHETIC_TEACHING_FIXTURE
REQ_SYN_SEG_0087_f2	SYN_SEG_0087	SYN_SEG_SPK_03	training	u	f2	697.416	f3_reference_scaling		2162.14	833.594913735466	Hz	TRUE	eligible_complete_training_inventory	SYNTHETIC_TEACHING_FIXTURE
REQ_SYN_SEG_0087_f3	SYN_SEG_0087	SYN_SEG_SPK_03	training	u	f3	2017.51	raw_hz			2017.51	Hz	TRUE	eligible_complete_training_inventory	SYNTHETIC_TEACHING_FIXTURE
REQ_SYN_SEG_0087_f3	SYN_SEG_0087	SYN_SEG_SPK_03	training	u	f3	2017.51	log_hz			7.60961935676131	log_Hz	TRUE	eligible_complete_training_inventory	SYNTHETIC_TEACHING_FIXTURE
REQ_SYN_SEG_0087_f3	SYN_SEG_0087	SYN_SEG_SPK_03	training	u	f3	2017.51	within_speaker_z	2242.46816666667	303.955716201565	-0.740101780212905	z	TRUE	eligible_complete_training_inventory	SYNTHETIC_TEACHING_FIXTURE
REQ_SYN_SEG_0087_f3	SYN_SEG_0087	SYN_SEG_SPK_03	training	u	f3	2017.51	f3_reference_scaling		2162.14	2411.45324226923	Hz	TRUE	eligible_complete_training_inventory	SYNTHETIC_TEACHING_FIXTURE
REQ_SYN_SEG_0088_f1	SYN_SEG_0088	SYN_SEG_SPK_03	training	i	f1	261.327	raw_hz			261.327	Hz	TRUE	eligible_complete_training_inventory	SYNTHETIC_TEACHING_FIXTURE
REQ_SYN_SEG_0088_f1	SYN_SEG_0088	SYN_SEG_SPK_03	training	i	f1	261.327	log_hz			5.56577249669476	log_Hz	TRUE	eligible_complete_training_inventory	SYNTHETIC_TEACHING_FIXTURE
REQ_SYN_SEG_0088_f1	SYN_SEG_0088	SYN_SEG_SPK_03	training	i	f1	261.327	within_speaker_z	407.047416666667	182.038104488373	-0.800494034346387	z	TRUE	eligible_complete_training_inventory	SYNTHETIC_TEACHING_FIXTURE
REQ_SYN_SEG_0088_f1	SYN_SEG_0088	SYN_SEG_SPK_03	training	i	f1	261.327	f3_reference_scaling		2162.14	312.354259182107	Hz	TRUE	eligible_complete_training_inventory	SYNTHETIC_TEACHING_FIXTURE
REQ_SYN_SEG_0088_f2	SYN_SEG_0088	SYN_SEG_SPK_03	training	i	f2	2052.42	raw_hz			2052.42	Hz	TRUE	eligible_complete_training_inventory	SYNTHETIC_TEACHING_FIXTURE
REQ_SYN_SEG_0088_f2	SYN_SEG_0088	SYN_SEG_SPK_03	training	i	f2	2052.42	log_hz			7.62677486370947	log_Hz	TRUE	eligible_complete_training_inventory	SYNTHETIC_TEACHING_FIXTURE
REQ_SYN_SEG_0088_f2	SYN_SEG_0088	SYN_SEG_SPK_03	training	i	f2	2052.42	within_speaker_z	1280.09133333333	582.943238463907	1.32487799104043	z	TRUE	eligible_complete_training_inventory	SYNTHETIC_TEACHING_FIXTURE
REQ_SYN_SEG_0088_f2	SYN_SEG_0088	SYN_SEG_SPK_03	training	i	f2	2052.42	f3_reference_scaling		2162.14	2453.17984223038	Hz	TRUE	eligible_complete_training_inventory	SYNTHETIC_TEACHING_FIXTURE
REQ_SYN_SEG_0088_f3	SYN_SEG_0088	SYN_SEG_SPK_03	training	i	f3	2580.774	raw_hz			2580.774	Hz	TRUE	eligible_complete_training_inventory	SYNTHETIC_TEACHING_FIXTURE
REQ_SYN_SEG_0088_f3	SYN_SEG_0088	SYN_SEG_SPK_03	training	i	f3	2580.774	log_hz			7.85584463292466	log_Hz	TRUE	eligible_complete_training_inventory	SYNTHETIC_TEACHING_FIXTURE
REQ_SYN_SEG_0088_f3	SYN_SEG_0088	SYN_SEG_SPK_03	training	i	f3	2580.774	within_speaker_z	2242.46816666667	303.955716201565	1.11301026860436	z	TRUE	eligible_complete_training_inventory	SYNTHETIC_TEACHING_FIXTURE
REQ_SYN_SEG_0088_f3	SYN_SEG_0088	SYN_SEG_SPK_03	training	i	f3	2580.774	f3_reference_scaling		2162.14	3084.70135457278	Hz	TRUE	eligible_complete_training_inventory	SYNTHETIC_TEACHING_FIXTURE
REQ_SYN_SEG_0089_f1	SYN_SEG_0089	SYN_SEG_SPK_03	training	a	f1	649.374	raw_hz			649.374	Hz	TRUE	eligible_complete_training_inventory	SYNTHETIC_TEACHING_FIXTURE
REQ_SYN_SEG_0089_f1	SYN_SEG_0089	SYN_SEG_SPK_03	training	a	f1	649.374	log_hz			6.47600882191005	log_Hz	TRUE	eligible_complete_training_inventory	SYNTHETIC_TEACHING_FIXTURE
REQ_SYN_SEG_0089_f1	SYN_SEG_0089	SYN_SEG_SPK_03	training	a	f1	649.374	within_speaker_z	407.047416666667	182.038104488373	1.33118603939766	z	TRUE	eligible_complete_training_inventory	SYNTHETIC_TEACHING_FIXTURE
REQ_SYN_SEG_0089_f1	SYN_SEG_0089	SYN_SEG_SPK_03	training	a	f1	649.374	f3_reference_scaling		2162.14	776.172131858251	Hz	TRUE	eligible_complete_training_inventory	SYNTHETIC_TEACHING_FIXTURE
REQ_SYN_SEG_0089_f2	SYN_SEG_0089	SYN_SEG_SPK_03	training	a	f2	1081.045	raw_hz			1081.045	Hz	TRUE	eligible_complete_training_inventory	SYNTHETIC_TEACHING_FIXTURE
REQ_SYN_SEG_0089_f2	SYN_SEG_0089	SYN_SEG_SPK_03	training	a	f2	1081.045	log_hz			6.98568344489489	log_Hz	TRUE	eligible_complete_training_inventory	SYNTHETIC_TEACHING_FIXTURE
REQ_SYN_SEG_0089_f2	SYN_SEG_0089	SYN_SEG_SPK_03	training	a	f2	1081.045	within_speaker_z	1280.09133333333	582.943238463907	-0.341450625377924	z	TRUE	eligible_complete_training_inventory	SYNTHETIC_TEACHING_FIXTURE
REQ_SYN_SEG_0089_f2	SYN_SEG_0089	SYN_SEG_SPK_03	training	a	f2	1081.045	f3_reference_scaling		2162.14	1292.13211844746	Hz	TRUE	eligible_complete_training_inventory	SYNTHETIC_TEACHING_FIXTURE
REQ_SYN_SEG_0089_f3	SYN_SEG_0089	SYN_SEG_SPK_03	training	a	f3	2164.722	raw_hz			2164.722	Hz	TRUE	eligible_complete_training_inventory	SYNTHETIC_TEACHING_FIXTURE
REQ_SYN_SEG_0089_f3	SYN_SEG_0089	SYN_SEG_SPK_03	training	a	f3	2164.722	log_hz			7.68004722572526	log_Hz	TRUE	eligible_complete_training_inventory	SYNTHETIC_TEACHING_FIXTURE
REQ_SYN_SEG_0089_f3	SYN_SEG_0089	SYN_SEG_SPK_03	training	a	f3	2164.722	within_speaker_z	2242.46816666667	303.955716201565	-0.25578122904953	z	TRUE	eligible_complete_training_inventory	SYNTHETIC_TEACHING_FIXTURE
REQ_SYN_SEG_0089_f3	SYN_SEG_0089	SYN_SEG_SPK_03	training	a	f3	2164.722	f3_reference_scaling		2162.14	2587.41016674591	Hz	TRUE	eligible_complete_training_inventory	SYNTHETIC_TEACHING_FIXTURE
REQ_SYN_SEG_0090_f1	SYN_SEG_0090	SYN_SEG_SPK_03	training	u	f1	287.926	raw_hz			287.926	Hz	TRUE	eligible_complete_training_inventory	SYNTHETIC_TEACHING_FIXTURE
REQ_SYN_SEG_0090_f1	SYN_SEG_0090	SYN_SEG_SPK_03	training	u	f1	287.926	log_hz			5.66270350267562	log_Hz	TRUE	eligible_complete_training_inventory	SYNTHETIC_TEACHING_FIXTURE
REQ_SYN_SEG_0090_f1	SYN_SEG_0090	SYN_SEG_SPK_03	training	u	f1	287.926	within_speaker_z	407.047416666667	182.038104488373	-0.65437627468965	z	TRUE	eligible_complete_training_inventory	SYNTHETIC_TEACHING_FIXTURE
REQ_SYN_SEG_0090_f1	SYN_SEG_0090	SYN_SEG_SPK_03	training	u	f1	287.926	f3_reference_scaling		2162.14	344.147035818217	Hz	TRUE	eligible_complete_training_inventory	SYNTHETIC_TEACHING_FIXTURE
REQ_SYN_SEG_0090_f2	SYN_SEG_0090	SYN_SEG_SPK_03	training	u	f2	756.554	raw_hz			756.554	Hz	TRUE	eligible_complete_training_inventory	SYNTHETIC_TEACHING_FIXTURE
REQ_SYN_SEG_0090_f2	SYN_SEG_0090	SYN_SEG_SPK_03	training	u	f2	756.554	log_hz			6.62877391204242	log_Hz	TRUE	eligible_complete_training_inventory	SYNTHETIC_TEACHING_FIXTURE
REQ_SYN_SEG_0090_f2	SYN_SEG_0090	SYN_SEG_SPK_03	training	u	f2	756.554	within_speaker_z	1280.09133333333	582.943238463907	-0.898093156913334	z	TRUE	eligible_complete_training_inventory	SYNTHETIC_TEACHING_FIXTURE
REQ_SYN_SEG_0090_f2	SYN_SEG_0090	SYN_SEG_SPK_03	training	u	f2	756.554	f3_reference_scaling		2162.14	904.28032389022	Hz	TRUE	eligible_complete_training_inventory	SYNTHETIC_TEACHING_FIXTURE
REQ_SYN_SEG_0090_f3	SYN_SEG_0090	SYN_SEG_SPK_03	training	u	f3	1991.033	raw_hz			1991.033	Hz	TRUE	eligible_complete_training_inventory	SYNTHETIC_TEACHING_FIXTURE
REQ_SYN_SEG_0090_f3	SYN_SEG_0090	SYN_SEG_SPK_03	training	u	f3	1991.033	log_hz			7.59640887851247	log_Hz	TRUE	eligible_complete_training_inventory	SYNTHETIC_TEACHING_FIXTURE
REQ_SYN_SEG_0090_f3	SYN_SEG_0090	SYN_SEG_SPK_03	training	u	f3	1991.033	within_speaker_z	2242.46816666667	303.955716201565	-0.827209864018252	z	TRUE	eligible_complete_training_inventory	SYNTHETIC_TEACHING_FIXTURE
REQ_SYN_SEG_0090_f3	SYN_SEG_0090	SYN_SEG_SPK_03	training	u	f3	1991.033	f3_reference_scaling		2162.14	2379.8062876095	Hz	TRUE	eligible_complete_training_inventory	SYNTHETIC_TEACHING_FIXTURE
REQ_SYN_SEG_0091_f1	SYN_SEG_0091	SYN_SEG_SPK_03	training	i	f1	262.824	raw_hz			262.824	Hz	TRUE	eligible_complete_training_inventory	SYNTHETIC_TEACHING_FIXTURE
REQ_SYN_SEG_0091_f1	SYN_SEG_0091	SYN_SEG_SPK_03	training	i	f1	262.824	log_hz			5.57148460664157	log_Hz	TRUE	eligible_complete_training_inventory	SYNTHETIC_TEACHING_FIXTURE
REQ_SYN_SEG_0091_f1	SYN_SEG_0091	SYN_SEG_SPK_03	training	i	f1	262.824	within_speaker_z	407.047416666667	182.038104488373	-0.792270481347924	z	TRUE	eligible_complete_training_inventory	SYNTHETIC_TEACHING_FIXTURE
REQ_SYN_SEG_0091_f1	SYN_SEG_0091	SYN_SEG_SPK_03	training	i	f1	262.824	f3_reference_scaling		2162.14	314.143566547957	Hz	TRUE	eligible_complete_training_inventory	SYNTHETIC_TEACHING_FIXTURE
REQ_SYN_SEG_0091_f2	SYN_SEG_0091	SYN_SEG_SPK_03	training	i	f2	2016.959	raw_hz			2016.959	Hz	TRUE	eligible_complete_training_inventory	SYNTHETIC_TEACHING_FIXTURE
REQ_SYN_SEG_0091_f2	SYN_SEG_0091	SYN_SEG_SPK_03	training	i	f2	2016.959	log_hz			7.60934621052897	log_Hz	TRUE	eligible_complete_training_inventory	SYNTHETIC_TEACHING_FIXTURE
REQ_SYN_SEG_0091_f2	SYN_SEG_0091	SYN_SEG_SPK_03	training	i	f2	2016.959	within_speaker_z	1280.09133333333	582.943238463907	1.26404702558753	z	TRUE	eligible_complete_training_inventory	SYNTHETIC_TEACHING_FIXTURE
REQ_SYN_SEG_0091_f2	SYN_SEG_0091	SYN_SEG_SPK_03	training	i	f2	2016.959	f3_reference_scaling		2162.14	2410.79465285134	Hz	TRUE	eligible_complete_training_inventory	SYNTHETIC_TEACHING_FIXTURE
REQ_SYN_SEG_0091_f3	SYN_SEG_0091	SYN_SEG_SPK_03	training	i	f3	2671.105	raw_hz			2671.105	Hz	TRUE	eligible_complete_training_inventory	SYNTHETIC_TEACHING_FIXTURE
REQ_SYN_SEG_0091_f3	SYN_SEG_0091	SYN_SEG_SPK_03	training	i	f3	2671.105	log_hz			7.89024752345673	log_Hz	TRUE	eligible_complete_training_inventory	SYNTHETIC_TEACHING_FIXTURE
REQ_SYN_SEG_0091_f3	SYN_SEG_0091	SYN_SEG_SPK_03	training	i	f3	2671.105	within_speaker_z	2242.46816666667	303.955716201565	1.4101950069894	z	TRUE	eligible_complete_training_inventory	SYNTHETIC_TEACHING_FIXTURE
REQ_SYN_SEG_0091_f3	SYN_SEG_0091	SYN_SEG_SPK_03	training	i	f3	2671.105	f3_reference_scaling		2162.14	3192.67057545765	Hz	TRUE	eligible_complete_training_inventory	SYNTHETIC_TEACHING_FIXTURE
REQ_SYN_SEG_0092_f1	SYN_SEG_0092	SYN_SEG_SPK_03	training	a	f1	610.176	raw_hz			610.176	Hz	TRUE	eligible_complete_training_inventory	SYNTHETIC_TEACHING_FIXTURE
REQ_SYN_SEG_0092_f1	SYN_SEG_0092	SYN_SEG_SPK_03	training	a	f1	610.176	log_hz			6.4137474401423	log_Hz	TRUE	eligible_complete_training_inventory	SYNTHETIC_TEACHING_FIXTURE
REQ_SYN_SEG_0092_f1	SYN_SEG_0092	SYN_SEG_SPK_03	training	a	f1	610.176	within_speaker_z	407.047416666667	182.038104488373	1.11585749535371	z	TRUE	eligible_complete_training_inventory	SYNTHETIC_TEACHING_FIXTURE
REQ_SYN_SEG_0092_f1	SYN_SEG_0092	SYN_SEG_SPK_03	training	a	f1	610.176	f3_reference_scaling		2162.14	729.320248006142	Hz	TRUE	eligible_complete_training_inventory	SYNTHETIC_TEACHING_FIXTURE
REQ_SYN_SEG_0092_f2	SYN_SEG_0092	SYN_SEG_SPK_03	training	a	f2	1090.541	raw_hz			1090.541	Hz	TRUE	eligible_complete_training_inventory	SYNTHETIC_TEACHING_FIXTURE
REQ_SYN_SEG_0092_f2	SYN_SEG_0092	SYN_SEG_SPK_03	training	a	f2	1090.541	log_hz			6.99442918236729	log_Hz	TRUE	eligible_complete_training_inventory	SYNTHETIC_TEACHING_FIXTURE
REQ_SYN_SEG_0092_f2	SYN_SEG_0092	SYN_SEG_SPK_03	training	a	f2	1090.541	within_speaker_z	1280.09133333333	582.943238463907	-0.325160874723945	z	TRUE	eligible_complete_training_inventory	SYNTHETIC_TEACHING_FIXTURE
REQ_SYN_SEG_0092_f2	SYN_SEG_0092	SYN_SEG_SPK_03	training	a	f2	1090.541	f3_reference_scaling		2162.14	1303.48232736271	Hz	TRUE	eligible_complete_training_inventory	SYNTHETIC_TEACHING_FIXTURE
REQ_SYN_SEG_0092_f3	SYN_SEG_0092	SYN_SEG_SPK_03	training	a	f3	2159.558	raw_hz			2159.558	Hz	TRUE	eligible_complete_training_inventory	SYNTHETIC_TEACHING_FIXTURE
REQ_SYN_SEG_0092_f3	SYN_SEG_0092	SYN_SEG_SPK_03	training	a	f3	2159.558	log_hz			7.67765885010908	log_Hz	TRUE	eligible_complete_training_inventory	SYNTHETIC_TEACHING_FIXTURE
REQ_SYN_SEG_0092_f3	SYN_SEG_0092	SYN_SEG_SPK_03	training	a	f3	2159.558	within_speaker_z	2242.46816666667	303.955716201565	-0.272770545995212	z	TRUE	eligible_complete_training_inventory	SYNTHETIC_TEACHING_FIXTURE
REQ_SYN_SEG_0092_f3	SYN_SEG_0092	SYN_SEG_SPK_03	training	a	f3	2159.558	f3_reference_scaling		2162.14	2581.23783325409	Hz	TRUE	eligible_complete_training_inventory	SYNTHETIC_TEACHING_FIXTURE
REQ_SYN_SEG_0093_f1	SYN_SEG_0093	SYN_SEG_SPK_03	training	u	f1	310.305	raw_hz			310.305	Hz	TRUE	eligible_complete_training_inventory	SYNTHETIC_TEACHING_FIXTURE
REQ_SYN_SEG_0093_f1	SYN_SEG_0093	SYN_SEG_SPK_03	training	u	f1	310.305	log_hz			5.73755568476312	log_Hz	TRUE	eligible_complete_training_inventory	SYNTHETIC_TEACHING_FIXTURE
REQ_SYN_SEG_0093_f1	SYN_SEG_0093	SYN_SEG_SPK_03	training	u	f1	310.305	within_speaker_z	407.047416666667	182.038104488373	-0.531440474721301	z	TRUE	eligible_complete_training_inventory	SYNTHETIC_TEACHING_FIXTURE
REQ_SYN_SEG_0093_f1	SYN_SEG_0093	SYN_SEG_SPK_03	training	u	f1	310.305	f3_reference_scaling		2162.14	370.895806386265	Hz	TRUE	eligible_complete_training_inventory	SYNTHETIC_TEACHING_FIXTURE
REQ_SYN_SEG_0093_f2	SYN_SEG_0093	SYN_SEG_SPK_03	training	u	f2	782.428	raw_hz			782.428	Hz	TRUE	eligible_complete_training_inventory	SYNTHETIC_TEACHING_FIXTURE
REQ_SYN_SEG_0093_f2	SYN_SEG_0093	SYN_SEG_SPK_03	training	u	f2	782.428	log_hz			6.66240190540132	log_Hz	TRUE	eligible_complete_training_inventory	SYNTHETIC_TEACHING_FIXTURE
REQ_SYN_SEG_0093_f2	SYN_SEG_0093	SYN_SEG_SPK_03	training	u	f2	782.428	within_speaker_z	1280.09133333333	582.943238463907	-0.853708046506737	z	TRUE	eligible_complete_training_inventory	SYNTHETIC_TEACHING_FIXTURE
REQ_SYN_SEG_0093_f2	SYN_SEG_0093	SYN_SEG_SPK_03	training	u	f2	782.428	f3_reference_scaling		2162.14	935.206535502789	Hz	TRUE	eligible_complete_training_inventory	SYNTHETIC_TEACHING_FIXTURE
REQ_SYN_SEG_0093_f3	SYN_SEG_0093	SYN_SEG_SPK_03	training	u	f3	1852.129	raw_hz			1852.129	Hz	TRUE	eligible_complete_training_inventory	SYNTHETIC_TEACHING_FIXTURE
REQ_SYN_SEG_0093_f3	SYN_SEG_0093	SYN_SEG_SPK_03	training	u	f3	1852.129	log_hz			7.52409106720801	log_Hz	TRUE	eligible_complete_training_inventory	SYNTHETIC_TEACHING_FIXTURE
REQ_SYN_SEG_0093_f3	SYN_SEG_0093	SYN_SEG_SPK_03	training	u	f3	1852.129	within_speaker_z	2242.46816666667	303.955716201565	-1.28419748621479	z	TRUE	eligible_complete_training_inventory	SYNTHETIC_TEACHING_FIXTURE
REQ_SYN_SEG_0093_f3	SYN_SEG_0093	SYN_SEG_SPK_03	training	u	f3	1852.129	f3_reference_scaling		2162.14	2213.77960067156	Hz	TRUE	eligible_complete_training_inventory	SYNTHETIC_TEACHING_FIXTURE
REQ_SYN_SEG_0094_f1	SYN_SEG_0094	SYN_SEG_SPK_03	training	i	f1	304.005	raw_hz			304.005	Hz	TRUE	eligible_complete_training_inventory	SYNTHETIC_TEACHING_FIXTURE
REQ_SYN_SEG_0094_f1	SYN_SEG_0094	SYN_SEG_SPK_03	training	i	f1	304.005	log_hz			5.71704414863939	log_Hz	TRUE	eligible_complete_training_inventory	SYNTHETIC_TEACHING_FIXTURE
REQ_SYN_SEG_0094_f1	SYN_SEG_0094	SYN_SEG_SPK_03	training	i	f1	304.005	within_speaker_z	407.047416666667	182.038104488373	-0.566048613592591	z	TRUE	eligible_complete_training_inventory	SYNTHETIC_TEACHING_FIXTURE
REQ_SYN_SEG_0094_f1	SYN_SEG_0094	SYN_SEG_SPK_03	training	i	f1	304.005	f3_reference_scaling		2162.14	363.365655147215	Hz	TRUE	eligible_complete_training_inventory	SYNTHETIC_TEACHING_FIXTURE
REQ_SYN_SEG_0094_f2	SYN_SEG_0094	SYN_SEG_SPK_03	training	i	f2	2092.01	raw_hz			2092.01	Hz	TRUE	eligible_complete_training_inventory	SYNTHETIC_TEACHING_FIXTURE
REQ_SYN_SEG_0094_f2	SYN_SEG_0094	SYN_SEG_SPK_03	training	i	f2	2092.01	log_hz			7.64588060528811	log_Hz	TRUE	eligible_complete_training_inventory	SYNTHETIC_TEACHING_FIXTURE
REQ_SYN_SEG_0094_f2	SYN_SEG_0094	SYN_SEG_SPK_03	training	i	f2	2092.01	within_speaker_z	1280.09133333333	582.943238463907	1.39279197886594	z	TRUE	eligible_complete_training_inventory	SYNTHETIC_TEACHING_FIXTURE
REQ_SYN_SEG_0094_f2	SYN_SEG_0094	SYN_SEG_SPK_03	training	i	f2	2092.01	f3_reference_scaling		2162.14	2500.50026882626	Hz	TRUE	eligible_complete_training_inventory	SYNTHETIC_TEACHING_FIXTURE
REQ_SYN_SEG_0094_f3	SYN_SEG_0094	SYN_SEG_SPK_03	training	i	f3	2713.216	raw_hz			2713.216	Hz	TRUE	eligible_complete_training_inventory	SYNTHETIC_TEACHING_FIXTURE
REQ_SYN_SEG_0094_f3	SYN_SEG_0094	SYN_SEG_SPK_03	training	i	f3	2713.216	log_hz			7.90588992615022	log_Hz	TRUE	eligible_complete_training_inventory	SYNTHETIC_TEACHING_FIXTURE
REQ_SYN_SEG_0094_f3	SYN_SEG_0094	SYN_SEG_SPK_03	training	i	f3	2713.216	within_speaker_z	2242.46816666667	303.955716201565	1.54873821494827	z	TRUE	eligible_complete_training_inventory	SYNTHETIC_TEACHING_FIXTURE
REQ_SYN_SEG_0094_f3	SYN_SEG_0094	SYN_SEG_SPK_03	training	i	f3	2713.216	f3_reference_scaling		2162.14	3243.00425781124	Hz	TRUE	eligible_complete_training_inventory	SYNTHETIC_TEACHING_FIXTURE
REQ_SYN_SEG_0095_f1	SYN_SEG_0095	SYN_SEG_SPK_03	training	a	f1	673.83	raw_hz			673.83	Hz	TRUE	eligible_complete_training_inventory	SYNTHETIC_TEACHING_FIXTURE
REQ_SYN_SEG_0095_f1	SYN_SEG_0095	SYN_SEG_SPK_03	training	a	f1	673.83	log_hz			6.51297785357881	log_Hz	TRUE	eligible_complete_training_inventory	SYNTHETIC_TEACHING_FIXTURE
REQ_SYN_SEG_0095_f1	SYN_SEG_0095	SYN_SEG_SPK_03	training	a	f1	673.83	within_speaker_z	407.047416666667	182.038104488373	1.46553153848278	z	TRUE	eligible_complete_training_inventory	SYNTHETIC_TEACHING_FIXTURE
REQ_SYN_SEG_0095_f1	SYN_SEG_0095	SYN_SEG_SPK_03	training	a	f1	673.83	f3_reference_scaling		2162.14	805.403461810983	Hz	TRUE	eligible_complete_training_inventory	SYNTHETIC_TEACHING_FIXTURE
REQ_SYN_SEG_0095_f2	SYN_SEG_0095	SYN_SEG_SPK_03	training	a	f2	951.89	raw_hz			951.89	Hz	TRUE	eligible_complete_training_inventory	SYNTHETIC_TEACHING_FIXTURE
REQ_SYN_SEG_0095_f2	SYN_SEG_0095	SYN_SEG_SPK_03	training	a	f2	951.89	log_hz			6.8584494818969	log_Hz	TRUE	eligible_complete_training_inventory	SYNTHETIC_TEACHING_FIXTURE
REQ_SYN_SEG_0095_f2	SYN_SEG_0095	SYN_SEG_SPK_03	training	a	f2	951.89	within_speaker_z	1280.09133333333	582.943238463907	-0.563007359341134	z	TRUE	eligible_complete_training_inventory	SYNTHETIC_TEACHING_FIXTURE
REQ_SYN_SEG_0095_f2	SYN_SEG_0095	SYN_SEG_SPK_03	training	a	f2	951.89	f3_reference_scaling		2162.14	1137.75804173643	Hz	TRUE	eligible_complete_training_inventory	SYNTHETIC_TEACHING_FIXTURE
REQ_SYN_SEG_0095_f3	SYN_SEG_0095	SYN_SEG_SPK_03	training	a	f3	2082.466	raw_hz			2082.466	Hz	TRUE	eligible_complete_training_inventory	SYNTHETIC_TEACHING_FIXTURE
REQ_SYN_SEG_0095_f3	SYN_SEG_0095	SYN_SEG_SPK_03	training	a	f3	2082.466	log_hz			7.64130804737711	log_Hz	TRUE	eligible_complete_training_inventory	SYNTHETIC_TEACHING_FIXTURE
REQ_SYN_SEG_0095_f3	SYN_SEG_0095	SYN_SEG_SPK_03	training	a	f3	2082.466	within_speaker_z	2242.46816666667	303.955716201565	-0.526399597501115	z	TRUE	eligible_complete_training_inventory	SYNTHETIC_TEACHING_FIXTURE
REQ_SYN_SEG_0095_f3	SYN_SEG_0095	SYN_SEG_SPK_03	training	a	f3	2082.466	f3_reference_scaling		2162.14	2489.09268733014	Hz	TRUE	eligible_complete_training_inventory	SYNTHETIC_TEACHING_FIXTURE
REQ_SYN_SEG_0096_f1	SYN_SEG_0096	SYN_SEG_SPK_03	training	u	f1	344.156	raw_hz			344.156	Hz	TRUE	eligible_complete_training_inventory	SYNTHETIC_TEACHING_FIXTURE
REQ_SYN_SEG_0096_f1	SYN_SEG_0096	SYN_SEG_SPK_03	training	u	f1	344.156	log_hz			5.84109504295072	log_Hz	TRUE	eligible_complete_training_inventory	SYNTHETIC_TEACHING_FIXTURE
REQ_SYN_SEG_0096_f1	SYN_SEG_0096	SYN_SEG_SPK_03	training	u	f1	344.156	within_speaker_z	407.047416666667	182.038104488373	-0.345484901874946	z	TRUE	eligible_complete_training_inventory	SYNTHETIC_TEACHING_FIXTURE
REQ_SYN_SEG_0096_f1	SYN_SEG_0096	SYN_SEG_SPK_03	training	u	f1	344.156	f3_reference_scaling		2162.14	411.356623781994	Hz	TRUE	eligible_complete_training_inventory	SYNTHETIC_TEACHING_FIXTURE
REQ_SYN_SEG_0096_f2	SYN_SEG_0096	SYN_SEG_SPK_03	training	u	f2	730.282	raw_hz			730.282	Hz	TRUE	eligible_complete_training_inventory	SYNTHETIC_TEACHING_FIXTURE
REQ_SYN_SEG_0096_f2	SYN_SEG_0096	SYN_SEG_SPK_03	training	u	f2	730.282	log_hz			6.59343076091714	log_Hz	TRUE	eligible_complete_training_inventory	SYNTHETIC_TEACHING_FIXTURE
REQ_SYN_SEG_0096_f2	SYN_SEG_0096	SYN_SEG_SPK_03	training	u	f2	730.282	within_speaker_z	1280.09133333333	582.943238463907	-0.94316100960724	z	TRUE	eligible_complete_training_inventory	SYNTHETIC_TEACHING_FIXTURE
REQ_SYN_SEG_0096_f2	SYN_SEG_0096	SYN_SEG_SPK_03	training	u	f2	730.282	f3_reference_scaling		2162.14	872.878397961279	Hz	TRUE	eligible_complete_training_inventory	SYNTHETIC_TEACHING_FIXTURE
REQ_SYN_SEG_0096_f3	SYN_SEG_0096	SYN_SEG_SPK_03	training	u	f3	1902.476	raw_hz			1902.476	Hz	TRUE	eligible_complete_training_inventory	SYNTHETIC_TEACHING_FIXTURE
REQ_SYN_SEG_0096_f3	SYN_SEG_0096	SYN_SEG_SPK_03	training	u	f3	1902.476	log_hz			7.55091147467598	log_Hz	TRUE	eligible_complete_training_inventory	SYNTHETIC_TEACHING_FIXTURE
REQ_SYN_SEG_0096_f3	SYN_SEG_0096	SYN_SEG_SPK_03	training	u	f3	1902.476	within_speaker_z	2242.46816666667	303.955716201565	-1.11855822590026	z	TRUE	eligible_complete_training_inventory	SYNTHETIC_TEACHING_FIXTURE
REQ_SYN_SEG_0096_f3	SYN_SEG_0096	SYN_SEG_SPK_03	training	u	f3	1902.476	f3_reference_scaling		2162.14	2273.95746169258	Hz	TRUE	eligible_complete_training_inventory	SYNTHETIC_TEACHING_FIXTURE
REQ_SYN_SEG_0121_f1	SYN_SEG_0121	SYN_SEG_SPK_04	training	i	f1	318.644	raw_hz			318.644	Hz	FALSE	incomplete_reference_inventory	SYNTHETIC_TEACHING_FIXTURE
REQ_SYN_SEG_0121_f1	SYN_SEG_0121	SYN_SEG_SPK_04	training	i	f1	318.644	log_hz			5.76407449214634	log_Hz	FALSE	incomplete_reference_inventory	SYNTHETIC_TEACHING_FIXTURE
REQ_SYN_SEG_0121_f1	SYN_SEG_0121	SYN_SEG_SPK_04	training	i	f1	318.644	within_speaker_z				z	FALSE	incomplete_reference_inventory	SYNTHETIC_TEACHING_FIXTURE
REQ_SYN_SEG_0121_f1	SYN_SEG_0121	SYN_SEG_SPK_04	training	i	f1	318.644	f3_reference_scaling				Hz	FALSE	incomplete_reference_inventory	SYNTHETIC_TEACHING_FIXTURE
REQ_SYN_SEG_0121_f2	SYN_SEG_0121	SYN_SEG_SPK_04	training	i	f2	2580.575	raw_hz			2580.575	Hz	FALSE	incomplete_reference_inventory	SYNTHETIC_TEACHING_FIXTURE
REQ_SYN_SEG_0121_f2	SYN_SEG_0121	SYN_SEG_SPK_04	training	i	f2	2580.575	log_hz			7.85576752130129	log_Hz	FALSE	incomplete_reference_inventory	SYNTHETIC_TEACHING_FIXTURE
REQ_SYN_SEG_0121_f2	SYN_SEG_0121	SYN_SEG_SPK_04	training	i	f2	2580.575	within_speaker_z				z	FALSE	incomplete_reference_inventory	SYNTHETIC_TEACHING_FIXTURE
REQ_SYN_SEG_0121_f2	SYN_SEG_0121	SYN_SEG_SPK_04	training	i	f2	2580.575	f3_reference_scaling				Hz	FALSE	incomplete_reference_inventory	SYNTHETIC_TEACHING_FIXTURE
REQ_SYN_SEG_0121_f3	SYN_SEG_0121	SYN_SEG_SPK_04	training	i	f3	3417.166	raw_hz			3417.166	Hz	FALSE	incomplete_reference_inventory	SYNTHETIC_TEACHING_FIXTURE
REQ_SYN_SEG_0121_f3	SYN_SEG_0121	SYN_SEG_SPK_04	training	i	f3	3417.166	log_hz			8.13656683156157	log_Hz	FALSE	incomplete_reference_inventory	SYNTHETIC_TEACHING_FIXTURE
REQ_SYN_SEG_0121_f3	SYN_SEG_0121	SYN_SEG_SPK_04	training	i	f3	3417.166	within_speaker_z				z	FALSE	incomplete_reference_inventory	SYNTHETIC_TEACHING_FIXTURE
REQ_SYN_SEG_0121_f3	SYN_SEG_0121	SYN_SEG_SPK_04	training	i	f3	3417.166	f3_reference_scaling				Hz	FALSE	incomplete_reference_inventory	SYNTHETIC_TEACHING_FIXTURE
REQ_SYN_SEG_0122_f1	SYN_SEG_0122	SYN_SEG_SPK_04	training	a	f1	812.302	raw_hz			812.302	Hz	FALSE	incomplete_reference_inventory	SYNTHETIC_TEACHING_FIXTURE
REQ_SYN_SEG_0122_f1	SYN_SEG_0122	SYN_SEG_SPK_04	training	a	f1	812.302	log_hz			6.6998721921984	log_Hz	FALSE	incomplete_reference_inventory	SYNTHETIC_TEACHING_FIXTURE
REQ_SYN_SEG_0122_f1	SYN_SEG_0122	SYN_SEG_SPK_04	training	a	f1	812.302	within_speaker_z				z	FALSE	incomplete_reference_inventory	SYNTHETIC_TEACHING_FIXTURE
REQ_SYN_SEG_0122_f1	SYN_SEG_0122	SYN_SEG_SPK_04	training	a	f1	812.302	f3_reference_scaling				Hz	FALSE	incomplete_reference_inventory	SYNTHETIC_TEACHING_FIXTURE
REQ_SYN_SEG_0122_f2	SYN_SEG_0122	SYN_SEG_SPK_04	training	a	f2	1394.227	raw_hz			1394.227	Hz	FALSE	incomplete_reference_inventory	SYNTHETIC_TEACHING_FIXTURE
REQ_SYN_SEG_0122_f2	SYN_SEG_0122	SYN_SEG_SPK_04	training	a	f2	1394.227	log_hz			7.24009541880941	log_Hz	FALSE	incomplete_reference_inventory	SYNTHETIC_TEACHING_FIXTURE
REQ_SYN_SEG_0122_f2	SYN_SEG_0122	SYN_SEG_SPK_04	training	a	f2	1394.227	within_speaker_z				z	FALSE	incomplete_reference_inventory	SYNTHETIC_TEACHING_FIXTURE
REQ_SYN_SEG_0122_f2	SYN_SEG_0122	SYN_SEG_SPK_04	training	a	f2	1394.227	f3_reference_scaling				Hz	FALSE	incomplete_reference_inventory	SYNTHETIC_TEACHING_FIXTURE
REQ_SYN_SEG_0122_f3	SYN_SEG_0122	SYN_SEG_SPK_04	training	a	f3	2791.81	raw_hz			2791.81	Hz	FALSE	incomplete_reference_inventory	SYNTHETIC_TEACHING_FIXTURE
REQ_SYN_SEG_0122_f3	SYN_SEG_0122	SYN_SEG_SPK_04	training	a	f3	2791.81	log_hz			7.93444540999072	log_Hz	FALSE	incomplete_reference_inventory	SYNTHETIC_TEACHING_FIXTURE
REQ_SYN_SEG_0122_f3	SYN_SEG_0122	SYN_SEG_SPK_04	training	a	f3	2791.81	within_speaker_z				z	FALSE	incomplete_reference_inventory	SYNTHETIC_TEACHING_FIXTURE
REQ_SYN_SEG_0122_f3	SYN_SEG_0122	SYN_SEG_SPK_04	training	a	f3	2791.81	f3_reference_scaling				Hz	FALSE	incomplete_reference_inventory	SYNTHETIC_TEACHING_FIXTURE
REQ_SYN_SEG_0123_f1	SYN_SEG_0123	SYN_SEG_SPK_04	training	a	f1	837.248	raw_hz			837.248	Hz	FALSE	incomplete_reference_inventory	SYNTHETIC_TEACHING_FIXTURE
REQ_SYN_SEG_0123_f1	SYN_SEG_0123	SYN_SEG_SPK_04	training	a	f1	837.248	log_hz			6.73012032289869	log_Hz	FALSE	incomplete_reference_inventory	SYNTHETIC_TEACHING_FIXTURE
REQ_SYN_SEG_0123_f1	SYN_SEG_0123	SYN_SEG_SPK_04	training	a	f1	837.248	within_speaker_z				z	FALSE	incomplete_reference_inventory	SYNTHETIC_TEACHING_FIXTURE
REQ_SYN_SEG_0123_f1	SYN_SEG_0123	SYN_SEG_SPK_04	training	a	f1	837.248	f3_reference_scaling				Hz	FALSE	incomplete_reference_inventory	SYNTHETIC_TEACHING_FIXTURE
REQ_SYN_SEG_0123_f2	SYN_SEG_0123	SYN_SEG_SPK_04	training	a	f2	1306.021	raw_hz			1306.021	Hz	FALSE	incomplete_reference_inventory	SYNTHETIC_TEACHING_FIXTURE
REQ_SYN_SEG_0123_f2	SYN_SEG_0123	SYN_SEG_SPK_04	training	a	f2	1306.021	log_hz			7.17474038933957	log_Hz	FALSE	incomplete_reference_inventory	SYNTHETIC_TEACHING_FIXTURE
REQ_SYN_SEG_0123_f2	SYN_SEG_0123	SYN_SEG_SPK_04	training	a	f2	1306.021	within_speaker_z				z	FALSE	incomplete_reference_inventory	SYNTHETIC_TEACHING_FIXTURE
REQ_SYN_SEG_0123_f2	SYN_SEG_0123	SYN_SEG_SPK_04	training	a	f2	1306.021	f3_reference_scaling				Hz	FALSE	incomplete_reference_inventory	SYNTHETIC_TEACHING_FIXTURE
REQ_SYN_SEG_0123_f3	SYN_SEG_0123	SYN_SEG_SPK_04	training	a	f3	2937.278	raw_hz			2937.278	Hz	FALSE	incomplete_reference_inventory	SYNTHETIC_TEACHING_FIXTURE
REQ_SYN_SEG_0123_f3	SYN_SEG_0123	SYN_SEG_SPK_04	training	a	f3	2937.278	log_hz			7.98523858112843	log_Hz	FALSE	incomplete_reference_inventory	SYNTHETIC_TEACHING_FIXTURE
REQ_SYN_SEG_0123_f3	SYN_SEG_0123	SYN_SEG_SPK_04	training	a	f3	2937.278	within_speaker_z				z	FALSE	incomplete_reference_inventory	SYNTHETIC_TEACHING_FIXTURE
REQ_SYN_SEG_0123_f3	SYN_SEG_0123	SYN_SEG_SPK_04	training	a	f3	2937.278	f3_reference_scaling				Hz	FALSE	incomplete_reference_inventory	SYNTHETIC_TEACHING_FIXTURE
REQ_SYN_SEG_0124_f1	SYN_SEG_0124	SYN_SEG_SPK_04	training	i	f1	327.97	raw_hz			327.97	Hz	FALSE	incomplete_reference_inventory	SYNTHETIC_TEACHING_FIXTURE
REQ_SYN_SEG_0124_f1	SYN_SEG_0124	SYN_SEG_SPK_04	training	i	f1	327.97	log_hz			5.79292214078648	log_Hz	FALSE	incomplete_reference_inventory	SYNTHETIC_TEACHING_FIXTURE
REQ_SYN_SEG_0124_f1	SYN_SEG_0124	SYN_SEG_SPK_04	training	i	f1	327.97	within_speaker_z				z	FALSE	incomplete_reference_inventory	SYNTHETIC_TEACHING_FIXTURE
REQ_SYN_SEG_0124_f1	SYN_SEG_0124	SYN_SEG_SPK_04	training	i	f1	327.97	f3_reference_scaling				Hz	FALSE	incomplete_reference_inventory	SYNTHETIC_TEACHING_FIXTURE
REQ_SYN_SEG_0124_f2	SYN_SEG_0124	SYN_SEG_SPK_04	training	i	f2	2614.389	raw_hz			2614.389	Hz	FALSE	incomplete_reference_inventory	SYNTHETIC_TEACHING_FIXTURE
REQ_SYN_SEG_0124_f2	SYN_SEG_0124	SYN_SEG_SPK_04	training	i	f2	2614.389	log_hz			7.86878569719049	log_Hz	FALSE	incomplete_reference_inventory	SYNTHETIC_TEACHING_FIXTURE
REQ_SYN_SEG_0124_f2	SYN_SEG_0124	SYN_SEG_SPK_04	training	i	f2	2614.389	within_speaker_z				z	FALSE	incomplete_reference_inventory	SYNTHETIC_TEACHING_FIXTURE
REQ_SYN_SEG_0124_f2	SYN_SEG_0124	SYN_SEG_SPK_04	training	i	f2	2614.389	f3_reference_scaling				Hz	FALSE	incomplete_reference_inventory	SYNTHETIC_TEACHING_FIXTURE
REQ_SYN_SEG_0124_f3	SYN_SEG_0124	SYN_SEG_SPK_04	training	i	f3	3401.65	raw_hz			3401.65	Hz	FALSE	incomplete_reference_inventory	SYNTHETIC_TEACHING_FIXTURE
REQ_SYN_SEG_0124_f3	SYN_SEG_0124	SYN_SEG_SPK_04	training	i	f3	3401.65	log_hz			8.13201588700479	log_Hz	FALSE	incomplete_reference_inventory	SYNTHETIC_TEACHING_FIXTURE
REQ_SYN_SEG_0124_f3	SYN_SEG_0124	SYN_SEG_SPK_04	training	i	f3	3401.65	within_speaker_z				z	FALSE	incomplete_reference_inventory	SYNTHETIC_TEACHING_FIXTURE
REQ_SYN_SEG_0124_f3	SYN_SEG_0124	SYN_SEG_SPK_04	training	i	f3	3401.65	f3_reference_scaling				Hz	FALSE	incomplete_reference_inventory	SYNTHETIC_TEACHING_FIXTURE
REQ_SYN_SEG_0125_f1	SYN_SEG_0125	SYN_SEG_SPK_04	training	a	f1	864.082	raw_hz			864.082	Hz	FALSE	incomplete_reference_inventory	SYNTHETIC_TEACHING_FIXTURE
REQ_SYN_SEG_0125_f1	SYN_SEG_0125	SYN_SEG_SPK_04	training	a	f1	864.082	log_hz			6.76166767170804	log_Hz	FALSE	incomplete_reference_inventory	SYNTHETIC_TEACHING_FIXTURE
REQ_SYN_SEG_0125_f1	SYN_SEG_0125	SYN_SEG_SPK_04	training	a	f1	864.082	within_speaker_z				z	FALSE	incomplete_reference_inventory	SYNTHETIC_TEACHING_FIXTURE
REQ_SYN_SEG_0125_f1	SYN_SEG_0125	SYN_SEG_SPK_04	training	a	f1	864.082	f3_reference_scaling				Hz	FALSE	incomplete_reference_inventory	SYNTHETIC_TEACHING_FIXTURE
REQ_SYN_SEG_0125_f2	SYN_SEG_0125	SYN_SEG_SPK_04	training	a	f2	1371.887	raw_hz			1371.887	Hz	FALSE	incomplete_reference_inventory	SYNTHETIC_TEACHING_FIXTURE
REQ_SYN_SEG_0125_f2	SYN_SEG_0125	SYN_SEG_SPK_04	training	a	f2	1371.887	log_hz			7.2239424433779	log_Hz	FALSE	incomplete_reference_inventory	SYNTHETIC_TEACHING_FIXTURE
REQ_SYN_SEG_0125_f2	SYN_SEG_0125	SYN_SEG_SPK_04	training	a	f2	1371.887	within_speaker_z				z	FALSE	incomplete_reference_inventory	SYNTHETIC_TEACHING_FIXTURE
REQ_SYN_SEG_0125_f2	SYN_SEG_0125	SYN_SEG_SPK_04	training	a	f2	1371.887	f3_reference_scaling				Hz	FALSE	incomplete_reference_inventory	SYNTHETIC_TEACHING_FIXTURE
REQ_SYN_SEG_0125_f3	SYN_SEG_0125	SYN_SEG_SPK_04	training	a	f3	2797.099	raw_hz			2797.099	Hz	FALSE	incomplete_reference_inventory	SYNTHETIC_TEACHING_FIXTURE
REQ_SYN_SEG_0125_f3	SYN_SEG_0125	SYN_SEG_SPK_04	training	a	f3	2797.099	log_hz			7.93633808764171	log_Hz	FALSE	incomplete_reference_inventory	SYNTHETIC_TEACHING_FIXTURE
REQ_SYN_SEG_0125_f3	SYN_SEG_0125	SYN_SEG_SPK_04	training	a	f3	2797.099	within_speaker_z				z	FALSE	incomplete_reference_inventory	SYNTHETIC_TEACHING_FIXTURE
REQ_SYN_SEG_0125_f3	SYN_SEG_0125	SYN_SEG_SPK_04	training	a	f3	2797.099	f3_reference_scaling				Hz	FALSE	incomplete_reference_inventory	SYNTHETIC_TEACHING_FIXTURE
REQ_SYN_SEG_0126_f1	SYN_SEG_0126	SYN_SEG_SPK_04	training	a	f1	836.965	raw_hz			836.965	Hz	FALSE	incomplete_reference_inventory	SYNTHETIC_TEACHING_FIXTURE
REQ_SYN_SEG_0126_f1	SYN_SEG_0126	SYN_SEG_SPK_04	training	a	f1	836.965	log_hz			6.7297822536056	log_Hz	FALSE	incomplete_reference_inventory	SYNTHETIC_TEACHING_FIXTURE
REQ_SYN_SEG_0126_f1	SYN_SEG_0126	SYN_SEG_SPK_04	training	a	f1	836.965	within_speaker_z				z	FALSE	incomplete_reference_inventory	SYNTHETIC_TEACHING_FIXTURE
REQ_SYN_SEG_0126_f1	SYN_SEG_0126	SYN_SEG_SPK_04	training	a	f1	836.965	f3_reference_scaling				Hz	FALSE	incomplete_reference_inventory	SYNTHETIC_TEACHING_FIXTURE
REQ_SYN_SEG_0126_f2	SYN_SEG_0126	SYN_SEG_SPK_04	training	a	f2	1342.337	raw_hz			1342.337	Hz	FALSE	incomplete_reference_inventory	SYNTHETIC_TEACHING_FIXTURE
REQ_SYN_SEG_0126_f2	SYN_SEG_0126	SYN_SEG_SPK_04	training	a	f2	1342.337	log_hz			7.20216740374157	log_Hz	FALSE	incomplete_reference_inventory	SYNTHETIC_TEACHING_FIXTURE
REQ_SYN_SEG_0126_f2	SYN_SEG_0126	SYN_SEG_SPK_04	training	a	f2	1342.337	within_speaker_z				z	FALSE	incomplete_reference_inventory	SYNTHETIC_TEACHING_FIXTURE
REQ_SYN_SEG_0126_f2	SYN_SEG_0126	SYN_SEG_SPK_04	training	a	f2	1342.337	f3_reference_scaling				Hz	FALSE	incomplete_reference_inventory	SYNTHETIC_TEACHING_FIXTURE
REQ_SYN_SEG_0126_f3	SYN_SEG_0126	SYN_SEG_SPK_04	training	a	f3	2716.982	raw_hz			2716.982	Hz	FALSE	incomplete_reference_inventory	SYNTHETIC_TEACHING_FIXTURE
REQ_SYN_SEG_0126_f3	SYN_SEG_0126	SYN_SEG_SPK_04	training	a	f3	2716.982	log_hz			7.90727698445041	log_Hz	FALSE	incomplete_reference_inventory	SYNTHETIC_TEACHING_FIXTURE
REQ_SYN_SEG_0126_f3	SYN_SEG_0126	SYN_SEG_SPK_04	training	a	f3	2716.982	within_speaker_z				z	FALSE	incomplete_reference_inventory	SYNTHETIC_TEACHING_FIXTURE
REQ_SYN_SEG_0126_f3	SYN_SEG_0126	SYN_SEG_SPK_04	training	a	f3	2716.982	f3_reference_scaling				Hz	FALSE	incomplete_reference_inventory	SYNTHETIC_TEACHING_FIXTURE
REQ_SYN_SEG_0127_f1	SYN_SEG_0127	SYN_SEG_SPK_04	training	i	f1	316.547	raw_hz			316.547	Hz	FALSE	incomplete_reference_inventory	SYNTHETIC_TEACHING_FIXTURE
REQ_SYN_SEG_0127_f1	SYN_SEG_0127	SYN_SEG_SPK_04	training	i	f1	316.547	log_hz			5.75747172976943	log_Hz	FALSE	incomplete_reference_inventory	SYNTHETIC_TEACHING_FIXTURE
REQ_SYN_SEG_0127_f1	SYN_SEG_0127	SYN_SEG_SPK_04	training	i	f1	316.547	within_speaker_z				z	FALSE	incomplete_reference_inventory	SYNTHETIC_TEACHING_FIXTURE
REQ_SYN_SEG_0127_f1	SYN_SEG_0127	SYN_SEG_SPK_04	training	i	f1	316.547	f3_reference_scaling				Hz	FALSE	incomplete_reference_inventory	SYNTHETIC_TEACHING_FIXTURE
REQ_SYN_SEG_0127_f2	SYN_SEG_0127	SYN_SEG_SPK_04	training	i	f2	2608.082	raw_hz			2608.082	Hz	FALSE	incomplete_reference_inventory	SYNTHETIC_TEACHING_FIXTURE
REQ_SYN_SEG_0127_f2	SYN_SEG_0127	SYN_SEG_SPK_04	training	i	f2	2608.082	log_hz			7.86637036427005	log_Hz	FALSE	incomplete_reference_inventory	SYNTHETIC_TEACHING_FIXTURE
REQ_SYN_SEG_0127_f2	SYN_SEG_0127	SYN_SEG_SPK_04	training	i	f2	2608.082	within_speaker_z				z	FALSE	incomplete_reference_inventory	SYNTHETIC_TEACHING_FIXTURE
REQ_SYN_SEG_0127_f2	SYN_SEG_0127	SYN_SEG_SPK_04	training	i	f2	2608.082	f3_reference_scaling				Hz	FALSE	incomplete_reference_inventory	SYNTHETIC_TEACHING_FIXTURE
REQ_SYN_SEG_0127_f3	SYN_SEG_0127	SYN_SEG_SPK_04	training	i	f3	3370.864	raw_hz			3370.864	Hz	FALSE	incomplete_reference_inventory	SYNTHETIC_TEACHING_FIXTURE
REQ_SYN_SEG_0127_f3	SYN_SEG_0127	SYN_SEG_SPK_04	training	i	f3	3370.864	log_hz			8.12292437030868	log_Hz	FALSE	incomplete_reference_inventory	SYNTHETIC_TEACHING_FIXTURE
REQ_SYN_SEG_0127_f3	SYN_SEG_0127	SYN_SEG_SPK_04	training	i	f3	3370.864	within_speaker_z				z	FALSE	incomplete_reference_inventory	SYNTHETIC_TEACHING_FIXTURE
REQ_SYN_SEG_0127_f3	SYN_SEG_0127	SYN_SEG_SPK_04	training	i	f3	3370.864	f3_reference_scaling				Hz	FALSE	incomplete_reference_inventory	SYNTHETIC_TEACHING_FIXTURE
REQ_SYN_SEG_0128_f1	SYN_SEG_0128	SYN_SEG_SPK_04	training	a	f1	824.9	raw_hz			824.9	Hz	FALSE	incomplete_reference_inventory	SYNTHETIC_TEACHING_FIXTURE
REQ_SYN_SEG_0128_f1	SYN_SEG_0128	SYN_SEG_SPK_04	training	a	f1	824.9	log_hz			6.71526216686669	log_Hz	FALSE	incomplete_reference_inventory	SYNTHETIC_TEACHING_FIXTURE
REQ_SYN_SEG_0128_f1	SYN_SEG_0128	SYN_SEG_SPK_04	training	a	f1	824.9	within_speaker_z				z	FALSE	incomplete_reference_inventory	SYNTHETIC_TEACHING_FIXTURE
REQ_SYN_SEG_0128_f1	SYN_SEG_0128	SYN_SEG_SPK_04	training	a	f1	824.9	f3_reference_scaling				Hz	FALSE	incomplete_reference_inventory	SYNTHETIC_TEACHING_FIXTURE
REQ_SYN_SEG_0128_f2	SYN_SEG_0128	SYN_SEG_SPK_04	training	a	f2	1382.516	raw_hz			1382.516	Hz	FALSE	incomplete_reference_inventory	SYNTHETIC_TEACHING_FIXTURE
REQ_SYN_SEG_0128_f2	SYN_SEG_0128	SYN_SEG_SPK_04	training	a	f2	1382.516	log_hz			7.23166030656641	log_Hz	FALSE	incomplete_reference_inventory	SYNTHETIC_TEACHING_FIXTURE
REQ_SYN_SEG_0128_f2	SYN_SEG_0128	SYN_SEG_SPK_04	training	a	f2	1382.516	within_speaker_z				z	FALSE	incomplete_reference_inventory	SYNTHETIC_TEACHING_FIXTURE
REQ_SYN_SEG_0128_f2	SYN_SEG_0128	SYN_SEG_SPK_04	training	a	f2	1382.516	f3_reference_scaling				Hz	FALSE	incomplete_reference_inventory	SYNTHETIC_TEACHING_FIXTURE
REQ_SYN_SEG_0128_f3	SYN_SEG_0128	SYN_SEG_SPK_04	training	a	f3	2742.332	raw_hz			2742.332	Hz	FALSE	incomplete_reference_inventory	SYNTHETIC_TEACHING_FIXTURE
REQ_SYN_SEG_0128_f3	SYN_SEG_0128	SYN_SEG_SPK_04	training	a	f3	2742.332	log_hz			7.91656393229674	log_Hz	FALSE	incomplete_reference_inventory	SYNTHETIC_TEACHING_FIXTURE
REQ_SYN_SEG_0128_f3	SYN_SEG_0128	SYN_SEG_SPK_04	training	a	f3	2742.332	within_speaker_z				z	FALSE	incomplete_reference_inventory	SYNTHETIC_TEACHING_FIXTURE
REQ_SYN_SEG_0128_f3	SYN_SEG_0128	SYN_SEG_SPK_04	training	a	f3	2742.332	f3_reference_scaling				Hz	FALSE	incomplete_reference_inventory	SYNTHETIC_TEACHING_FIXTURE
REQ_SYN_SEG_0129_f1	SYN_SEG_0129	SYN_SEG_SPK_04	training	a	f1	842.666	raw_hz			842.666	Hz	FALSE	incomplete_reference_inventory	SYNTHETIC_TEACHING_FIXTURE
REQ_SYN_SEG_0129_f1	SYN_SEG_0129	SYN_SEG_SPK_04	training	a	f1	842.666	log_hz			6.73657067545908	log_Hz	FALSE	incomplete_reference_inventory	SYNTHETIC_TEACHING_FIXTURE
REQ_SYN_SEG_0129_f1	SYN_SEG_0129	SYN_SEG_SPK_04	training	a	f1	842.666	within_speaker_z				z	FALSE	incomplete_reference_inventory	SYNTHETIC_TEACHING_FIXTURE
REQ_SYN_SEG_0129_f1	SYN_SEG_0129	SYN_SEG_SPK_04	training	a	f1	842.666	f3_reference_scaling				Hz	FALSE	incomplete_reference_inventory	SYNTHETIC_TEACHING_FIXTURE
REQ_SYN_SEG_0129_f2	SYN_SEG_0129	SYN_SEG_SPK_04	training	a	f2	1405.592	raw_hz			1405.592	Hz	FALSE	incomplete_reference_inventory	SYNTHETIC_TEACHING_FIXTURE
REQ_SYN_SEG_0129_f2	SYN_SEG_0129	SYN_SEG_SPK_04	training	a	f2	1405.592	log_hz			7.24821384533706	log_Hz	FALSE	incomplete_reference_inventory	SYNTHETIC_TEACHING_FIXTURE
REQ_SYN_SEG_0129_f2	SYN_SEG_0129	SYN_SEG_SPK_04	training	a	f2	1405.592	within_speaker_z				z	FALSE	incomplete_reference_inventory	SYNTHETIC_TEACHING_FIXTURE
REQ_SYN_SEG_0129_f2	SYN_SEG_0129	SYN_SEG_SPK_04	training	a	f2	1405.592	f3_reference_scaling				Hz	FALSE	incomplete_reference_inventory	SYNTHETIC_TEACHING_FIXTURE
REQ_SYN_SEG_0129_f3	SYN_SEG_0129	SYN_SEG_SPK_04	training	a	f3	2775.681	raw_hz			2775.681	Hz	FALSE	incomplete_reference_inventory	SYNTHETIC_TEACHING_FIXTURE
REQ_SYN_SEG_0129_f3	SYN_SEG_0129	SYN_SEG_SPK_04	training	a	f3	2775.681	log_hz			7.92865140147896	log_Hz	FALSE	incomplete_reference_inventory	SYNTHETIC_TEACHING_FIXTURE
REQ_SYN_SEG_0129_f3	SYN_SEG_0129	SYN_SEG_SPK_04	training	a	f3	2775.681	within_speaker_z				z	FALSE	incomplete_reference_inventory	SYNTHETIC_TEACHING_FIXTURE
REQ_SYN_SEG_0129_f3	SYN_SEG_0129	SYN_SEG_SPK_04	training	a	f3	2775.681	f3_reference_scaling				Hz	FALSE	incomplete_reference_inventory	SYNTHETIC_TEACHING_FIXTURE
REQ_SYN_SEG_0130_f1	SYN_SEG_0130	SYN_SEG_SPK_04	training	i	f1	353.143	raw_hz			353.143	Hz	FALSE	incomplete_reference_inventory	SYNTHETIC_TEACHING_FIXTURE
REQ_SYN_SEG_0130_f1	SYN_SEG_0130	SYN_SEG_SPK_04	training	i	f1	353.143	log_hz			5.86687307405293	log_Hz	FALSE	incomplete_reference_inventory	SYNTHETIC_TEACHING_FIXTURE
REQ_SYN_SEG_0130_f1	SYN_SEG_0130	SYN_SEG_SPK_04	training	i	f1	353.143	within_speaker_z				z	FALSE	incomplete_reference_inventory	SYNTHETIC_TEACHING_FIXTURE
REQ_SYN_SEG_0130_f1	SYN_SEG_0130	SYN_SEG_SPK_04	training	i	f1	353.143	f3_reference_scaling				Hz	FALSE	incomplete_reference_inventory	SYNTHETIC_TEACHING_FIXTURE
REQ_SYN_SEG_0130_f2	SYN_SEG_0130	SYN_SEG_SPK_04	training	i	f2	2566.918	raw_hz			2566.918	Hz	FALSE	incomplete_reference_inventory	SYNTHETIC_TEACHING_FIXTURE
REQ_SYN_SEG_0130_f2	SYN_SEG_0130	SYN_SEG_SPK_04	training	i	f2	2566.918	log_hz			7.85046123645753	log_Hz	FALSE	incomplete_reference_inventory	SYNTHETIC_TEACHING_FIXTURE
REQ_SYN_SEG_0130_f2	SYN_SEG_0130	SYN_SEG_SPK_04	training	i	f2	2566.918	within_speaker_z				z	FALSE	incomplete_reference_inventory	SYNTHETIC_TEACHING_FIXTURE
REQ_SYN_SEG_0130_f2	SYN_SEG_0130	SYN_SEG_SPK_04	training	i	f2	2566.918	f3_reference_scaling				Hz	FALSE	incomplete_reference_inventory	SYNTHETIC_TEACHING_FIXTURE
REQ_SYN_SEG_0130_f3	SYN_SEG_0130	SYN_SEG_SPK_04	training	i	f3	3374.64	raw_hz			3374.64	Hz	FALSE	incomplete_reference_inventory	SYNTHETIC_TEACHING_FIXTURE
REQ_SYN_SEG_0130_f3	SYN_SEG_0130	SYN_SEG_SPK_04	training	i	f3	3374.64	log_hz			8.12404393095067	log_Hz	FALSE	incomplete_reference_inventory	SYNTHETIC_TEACHING_FIXTURE
REQ_SYN_SEG_0130_f3	SYN_SEG_0130	SYN_SEG_SPK_04	training	i	f3	3374.64	within_speaker_z				z	FALSE	incomplete_reference_inventory	SYNTHETIC_TEACHING_FIXTURE
REQ_SYN_SEG_0130_f3	SYN_SEG_0130	SYN_SEG_SPK_04	training	i	f3	3374.64	f3_reference_scaling				Hz	FALSE	incomplete_reference_inventory	SYNTHETIC_TEACHING_FIXTURE
REQ_SYN_SEG_0131_f1	SYN_SEG_0131	SYN_SEG_SPK_04	training	a	f1	849.669	raw_hz			849.669	Hz	FALSE	incomplete_reference_inventory	SYNTHETIC_TEACHING_FIXTURE
REQ_SYN_SEG_0131_f1	SYN_SEG_0131	SYN_SEG_SPK_04	training	a	f1	849.669	log_hz			6.7448468618792	log_Hz	FALSE	incomplete_reference_inventory	SYNTHETIC_TEACHING_FIXTURE
REQ_SYN_SEG_0131_f1	SYN_SEG_0131	SYN_SEG_SPK_04	training	a	f1	849.669	within_speaker_z				z	FALSE	incomplete_reference_inventory	SYNTHETIC_TEACHING_FIXTURE
REQ_SYN_SEG_0131_f1	SYN_SEG_0131	SYN_SEG_SPK_04	training	a	f1	849.669	f3_reference_scaling				Hz	FALSE	incomplete_reference_inventory	SYNTHETIC_TEACHING_FIXTURE
REQ_SYN_SEG_0131_f2	SYN_SEG_0131	SYN_SEG_SPK_04	training	a	f2	1340.777	raw_hz			1340.777	Hz	FALSE	incomplete_reference_inventory	SYNTHETIC_TEACHING_FIXTURE
REQ_SYN_SEG_0131_f2	SYN_SEG_0131	SYN_SEG_SPK_04	training	a	f2	1340.777	log_hz			7.20100457564274	log_Hz	FALSE	incomplete_reference_inventory	SYNTHETIC_TEACHING_FIXTURE
REQ_SYN_SEG_0131_f2	SYN_SEG_0131	SYN_SEG_SPK_04	training	a	f2	1340.777	within_speaker_z				z	FALSE	incomplete_reference_inventory	SYNTHETIC_TEACHING_FIXTURE
REQ_SYN_SEG_0131_f2	SYN_SEG_0131	SYN_SEG_SPK_04	training	a	f2	1340.777	f3_reference_scaling				Hz	FALSE	incomplete_reference_inventory	SYNTHETIC_TEACHING_FIXTURE
REQ_SYN_SEG_0131_f3	SYN_SEG_0131	SYN_SEG_SPK_04	training	a	f3	2786.456	raw_hz			2786.456	Hz	FALSE	incomplete_reference_inventory	SYNTHETIC_TEACHING_FIXTURE
REQ_SYN_SEG_0131_f3	SYN_SEG_0131	SYN_SEG_SPK_04	training	a	f3	2786.456	log_hz			7.93252581646683	log_Hz	FALSE	incomplete_reference_inventory	SYNTHETIC_TEACHING_FIXTURE
REQ_SYN_SEG_0131_f3	SYN_SEG_0131	SYN_SEG_SPK_04	training	a	f3	2786.456	within_speaker_z				z	FALSE	incomplete_reference_inventory	SYNTHETIC_TEACHING_FIXTURE
REQ_SYN_SEG_0131_f3	SYN_SEG_0131	SYN_SEG_SPK_04	training	a	f3	2786.456	f3_reference_scaling				Hz	FALSE	incomplete_reference_inventory	SYNTHETIC_TEACHING_FIXTURE
REQ_SYN_SEG_0132_f1	SYN_SEG_0132	SYN_SEG_SPK_04	training	a	f1	820.617	raw_hz			820.617	Hz	FALSE	incomplete_reference_inventory	SYNTHETIC_TEACHING_FIXTURE
REQ_SYN_SEG_0132_f1	SYN_SEG_0132	SYN_SEG_SPK_04	training	a	f1	820.617	log_hz			6.71005649634237	log_Hz	FALSE	incomplete_reference_inventory	SYNTHETIC_TEACHING_FIXTURE
REQ_SYN_SEG_0132_f1	SYN_SEG_0132	SYN_SEG_SPK_04	training	a	f1	820.617	within_speaker_z				z	FALSE	incomplete_reference_inventory	SYNTHETIC_TEACHING_FIXTURE
REQ_SYN_SEG_0132_f1	SYN_SEG_0132	SYN_SEG_SPK_04	training	a	f1	820.617	f3_reference_scaling				Hz	FALSE	incomplete_reference_inventory	SYNTHETIC_TEACHING_FIXTURE
REQ_SYN_SEG_0132_f2	SYN_SEG_0132	SYN_SEG_SPK_04	training	a	f2	1357.515	raw_hz			1357.515	Hz	FALSE	incomplete_reference_inventory	SYNTHETIC_TEACHING_FIXTURE
REQ_SYN_SEG_0132_f2	SYN_SEG_0132	SYN_SEG_SPK_04	training	a	f2	1357.515	log_hz			7.2134111014708	log_Hz	FALSE	incomplete_reference_inventory	SYNTHETIC_TEACHING_FIXTURE
REQ_SYN_SEG_0132_f2	SYN_SEG_0132	SYN_SEG_SPK_04	training	a	f2	1357.515	within_speaker_z				z	FALSE	incomplete_reference_inventory	SYNTHETIC_TEACHING_FIXTURE
REQ_SYN_SEG_0132_f2	SYN_SEG_0132	SYN_SEG_SPK_04	training	a	f2	1357.515	f3_reference_scaling				Hz	FALSE	incomplete_reference_inventory	SYNTHETIC_TEACHING_FIXTURE
REQ_SYN_SEG_0132_f3	SYN_SEG_0132	SYN_SEG_SPK_04	training	a	f3	2778.464	raw_hz			2778.464	Hz	FALSE	incomplete_reference_inventory	SYNTHETIC_TEACHING_FIXTURE
REQ_SYN_SEG_0132_f3	SYN_SEG_0132	SYN_SEG_SPK_04	training	a	f3	2778.464	log_hz			7.92965353600476	log_Hz	FALSE	incomplete_reference_inventory	SYNTHETIC_TEACHING_FIXTURE
REQ_SYN_SEG_0132_f3	SYN_SEG_0132	SYN_SEG_SPK_04	training	a	f3	2778.464	within_speaker_z				z	FALSE	incomplete_reference_inventory	SYNTHETIC_TEACHING_FIXTURE
REQ_SYN_SEG_0132_f3	SYN_SEG_0132	SYN_SEG_SPK_04	training	a	f3	2778.464	f3_reference_scaling				Hz	FALSE	incomplete_reference_inventory	SYNTHETIC_TEACHING_FIXTURE
REQ_SYN_SEG_0157_f1	SYN_SEG_0157	SYN_SEG_SPK_05	training	i	f1	267.026	raw_hz			267.026	Hz	TRUE	eligible_complete_training_inventory	SYNTHETIC_TEACHING_FIXTURE
REQ_SYN_SEG_0157_f1	SYN_SEG_0157	SYN_SEG_SPK_05	training	i	f1	267.026	log_hz			5.58734603193645	log_Hz	TRUE	eligible_complete_training_inventory	SYNTHETIC_TEACHING_FIXTURE
REQ_SYN_SEG_0157_f1	SYN_SEG_0157	SYN_SEG_SPK_05	training	i	f1	267.026	within_speaker_z	479.308166666667	211.377935181958	-1.00427779504957	z	TRUE	eligible_complete_training_inventory	SYNTHETIC_TEACHING_FIXTURE
REQ_SYN_SEG_0157_f1	SYN_SEG_0157	SYN_SEG_SPK_05	training	i	f1	267.026	f3_reference_scaling		2551.4505	270.46642700848	Hz	TRUE	eligible_complete_training_inventory	SYNTHETIC_TEACHING_FIXTURE
REQ_SYN_SEG_0157_f2	SYN_SEG_0157	SYN_SEG_SPK_05	training	i	f2	2361.669	raw_hz			2361.669	Hz	TRUE	eligible_complete_training_inventory	SYNTHETIC_TEACHING_FIXTURE
REQ_SYN_SEG_0157_f2	SYN_SEG_0157	SYN_SEG_SPK_05	training	i	f2	2361.669	log_hz			7.76712385145901	log_Hz	TRUE	eligible_complete_training_inventory	SYNTHETIC_TEACHING_FIXTURE
REQ_SYN_SEG_0157_f2	SYN_SEG_0157	SYN_SEG_SPK_05	training	i	f2	2361.669	within_speaker_z	1502.93133333333	633.258023695689	1.35606282831614	z	TRUE	eligible_complete_training_inventory	SYNTHETIC_TEACHING_FIXTURE
REQ_SYN_SEG_0157_f2	SYN_SEG_0157	SYN_SEG_SPK_05	training	i	f2	2361.669	f3_reference_scaling		2551.4505	2392.09730965033	Hz	TRUE	eligible_complete_training_inventory	SYNTHETIC_TEACHING_FIXTURE
REQ_SYN_SEG_0157_f3	SYN_SEG_0157	SYN_SEG_SPK_05	training	i	f3	3113.142	raw_hz			3113.142	Hz	TRUE	eligible_complete_training_inventory	SYNTHETIC_TEACHING_FIXTURE
REQ_SYN_SEG_0157_f3	SYN_SEG_0157	SYN_SEG_SPK_05	training	i	f3	3113.142	log_hz			8.04338778456349	log_Hz	TRUE	eligible_complete_training_inventory	SYNTHETIC_TEACHING_FIXTURE
REQ_SYN_SEG_0157_f3	SYN_SEG_0157	SYN_SEG_SPK_05	training	i	f3	3113.142	within_speaker_z	2644.79283333333	362.033976754778	1.29366080737748	z	TRUE	eligible_complete_training_inventory	SYNTHETIC_TEACHING_FIXTURE
REQ_SYN_SEG_0157_f3	SYN_SEG_0157	SYN_SEG_SPK_05	training	i	f3	3113.142	f3_reference_scaling		2551.4505	3153.25246796205	Hz	TRUE	eligible_complete_training_inventory	SYNTHETIC_TEACHING_FIXTURE
REQ_SYN_SEG_0158_f1	SYN_SEG_0158	SYN_SEG_SPK_05	training	a	f1	772.849	raw_hz			772.849	Hz	TRUE	eligible_complete_training_inventory	SYNTHETIC_TEACHING_FIXTURE
REQ_SYN_SEG_0158_f1	SYN_SEG_0158	SYN_SEG_SPK_05	training	a	f1	772.849	log_hz			6.65008368668535	log_Hz	TRUE	eligible_complete_training_inventory	SYNTHETIC_TEACHING_FIXTURE
REQ_SYN_SEG_0158_f1	SYN_SEG_0158	SYN_SEG_SPK_05	training	a	f1	772.849	within_speaker_z	479.308166666667	211.377935181958	1.38870139440358	z	TRUE	eligible_complete_training_inventory	SYNTHETIC_TEACHING_FIXTURE
REQ_SYN_SEG_0158_f1	SYN_SEG_0158	SYN_SEG_SPK_05	training	a	f1	772.849	f3_reference_scaling		2551.4505	782.806571821009	Hz	TRUE	eligible_complete_training_inventory	SYNTHETIC_TEACHING_FIXTURE
REQ_SYN_SEG_0158_f2	SYN_SEG_0158	SYN_SEG_SPK_05	training	a	f2	1275.689	raw_hz			1275.689	Hz	TRUE	eligible_complete_training_inventory	SYNTHETIC_TEACHING_FIXTURE
REQ_SYN_SEG_0158_f2	SYN_SEG_0158	SYN_SEG_SPK_05	training	a	f2	1275.689	log_hz			7.15124170379013	log_Hz	TRUE	eligible_complete_training_inventory	SYNTHETIC_TEACHING_FIXTURE
REQ_SYN_SEG_0158_f2	SYN_SEG_0158	SYN_SEG_SPK_05	training	a	f2	1275.689	within_speaker_z	1502.93133333333	633.258023695689	-0.35884635461411	z	TRUE	eligible_complete_training_inventory	SYNTHETIC_TEACHING_FIXTURE
REQ_SYN_SEG_0158_f2	SYN_SEG_0158	SYN_SEG_SPK_05	training	a	f2	1275.689	f3_reference_scaling		2551.4505	1292.12528294631	Hz	TRUE	eligible_complete_training_inventory	SYNTHETIC_TEACHING_FIXTURE
REQ_SYN_SEG_0158_f3	SYN_SEG_0158	SYN_SEG_SPK_05	training	a	f3	2624.727	raw_hz			2624.727	Hz	TRUE	eligible_complete_training_inventory	SYNTHETIC_TEACHING_FIXTURE
REQ_SYN_SEG_0158_f3	SYN_SEG_0158	SYN_SEG_SPK_05	training	a	f3	2624.727	log_hz			7.87273216961735	log_Hz	TRUE	eligible_complete_training_inventory	SYNTHETIC_TEACHING_FIXTURE
REQ_SYN_SEG_0158_f3	SYN_SEG_0158	SYN_SEG_SPK_05	training	a	f3	2624.727	within_speaker_z	2644.79283333333	362.033976754778	-0.0554252766914335	z	TRUE	eligible_complete_training_inventory	SYNTHETIC_TEACHING_FIXTURE
REQ_SYN_SEG_0158_f3	SYN_SEG_0158	SYN_SEG_SPK_05	training	a	f3	2624.727	f3_reference_scaling		2551.4505	2658.54461199541	Hz	TRUE	eligible_complete_training_inventory	SYNTHETIC_TEACHING_FIXTURE
REQ_SYN_SEG_0159_f1	SYN_SEG_0159	SYN_SEG_SPK_05	training	u	f1	336.508	raw_hz			336.508	Hz	TRUE	eligible_complete_training_inventory	SYNTHETIC_TEACHING_FIXTURE
REQ_SYN_SEG_0159_f1	SYN_SEG_0159	SYN_SEG_SPK_05	training	u	f1	336.508	log_hz			5.8186219229478	log_Hz	TRUE	eligible_complete_training_inventory	SYNTHETIC_TEACHING_FIXTURE
REQ_SYN_SEG_0159_f1	SYN_SEG_0159	SYN_SEG_SPK_05	training	u	f1	336.508	within_speaker_z	479.308166666667	211.377935181958	-0.675567989363421	z	TRUE	eligible_complete_training_inventory	SYNTHETIC_TEACHING_FIXTURE
REQ_SYN_SEG_0159_f1	SYN_SEG_0159	SYN_SEG_SPK_05	training	u	f1	336.508	f3_reference_scaling		2551.4505	340.84364975609	Hz	TRUE	eligible_complete_training_inventory	SYNTHETIC_TEACHING_FIXTURE
REQ_SYN_SEG_0159_f2	SYN_SEG_0159	SYN_SEG_SPK_05	training	u	f2	925.076	raw_hz			925.076	Hz	TRUE	eligible_complete_training_inventory	SYNTHETIC_TEACHING_FIXTURE
REQ_SYN_SEG_0159_f2	SYN_SEG_0159	SYN_SEG_SPK_05	training	u	f2	925.076	log_hz			6.82987589629946	log_Hz	TRUE	eligible_complete_training_inventory	SYNTHETIC_TEACHING_FIXTURE
REQ_SYN_SEG_0159_f2	SYN_SEG_0159	SYN_SEG_SPK_05	training	u	f2	925.076	within_speaker_z	1502.93133333333	633.258023695689	-0.912511664614961	z	TRUE	eligible_complete_training_inventory	SYNTHETIC_TEACHING_FIXTURE
REQ_SYN_SEG_0159_f2	SYN_SEG_0159	SYN_SEG_SPK_05	training	u	f2	925.076	f3_reference_scaling		2551.4505	936.994900988281	Hz	TRUE	eligible_complete_training_inventory	SYNTHETIC_TEACHING_FIXTURE
REQ_SYN_SEG_0159_f3	SYN_SEG_0159	SYN_SEG_SPK_05	training	u	f3	2188.112	raw_hz			2188.112	Hz	TRUE	eligible_complete_training_inventory	SYNTHETIC_TEACHING_FIXTURE
REQ_SYN_SEG_0159_f3	SYN_SEG_0159	SYN_SEG_SPK_05	training	u	f3	2188.112	log_hz			7.69079435053161	log_Hz	TRUE	eligible_complete_training_inventory	SYNTHETIC_TEACHING_FIXTURE
REQ_SYN_SEG_0159_f3	SYN_SEG_0159	SYN_SEG_SPK_05	training	u	f3	2188.112	within_speaker_z	2644.79283333333	362.033976754778	-1.26143086742012	z	TRUE	eligible_complete_training_inventory	SYNTHETIC_TEACHING_FIXTURE
REQ_SYN_SEG_0159_f3	SYN_SEG_0159	SYN_SEG_SPK_05	training	u	f3	2188.112	f3_reference_scaling		2551.4505	2216.3041596488	Hz	TRUE	eligible_complete_training_inventory	SYNTHETIC_TEACHING_FIXTURE
REQ_SYN_SEG_0160_f1	SYN_SEG_0160	SYN_SEG_SPK_05	training	i	f1	345.15	raw_hz			345.15	Hz	TRUE	eligible_complete_training_inventory	SYNTHETIC_TEACHING_FIXTURE
REQ_SYN_SEG_0160_f1	SYN_SEG_0160	SYN_SEG_SPK_05	training	i	f1	345.15	log_hz			5.84397910514948	log_Hz	TRUE	eligible_complete_training_inventory	SYNTHETIC_TEACHING_FIXTURE
REQ_SYN_SEG_0160_f1	SYN_SEG_0160	SYN_SEG_SPK_05	training	i	f1	345.15	within_speaker_z	479.308166666667	211.377935181958	-0.634683873466647	z	TRUE	eligible_complete_training_inventory	SYNTHETIC_TEACHING_FIXTURE
REQ_SYN_SEG_0160_f1	SYN_SEG_0160	SYN_SEG_SPK_05	training	i	f1	345.15	f3_reference_scaling		2551.4505	349.596995356171	Hz	TRUE	eligible_complete_training_inventory	SYNTHETIC_TEACHING_FIXTURE
REQ_SYN_SEG_0160_f2	SYN_SEG_0160	SYN_SEG_SPK_05	training	i	f2	2422.263	raw_hz			2422.263	Hz	TRUE	eligible_complete_training_inventory	SYNTHETIC_TEACHING_FIXTURE
REQ_SYN_SEG_0160_f2	SYN_SEG_0160	SYN_SEG_SPK_05	training	i	f2	2422.263	log_hz			7.79245750616164	log_Hz	TRUE	eligible_complete_training_inventory	SYNTHETIC_TEACHING_FIXTURE
REQ_SYN_SEG_0160_f2	SYN_SEG_0160	SYN_SEG_SPK_05	training	i	f2	2422.263	within_speaker_z	1502.93133333333	633.258023695689	1.45174894318978	z	TRUE	eligible_complete_training_inventory	SYNTHETIC_TEACHING_FIXTURE
REQ_SYN_SEG_0160_f2	SYN_SEG_0160	SYN_SEG_SPK_05	training	i	f2	2422.263	f3_reference_scaling		2551.4505	2453.47201727488	Hz	TRUE	eligible_complete_training_inventory	SYNTHETIC_TEACHING_FIXTURE
REQ_SYN_SEG_0160_f3	SYN_SEG_0160	SYN_SEG_SPK_05	training	i	f3	3099.601	raw_hz			3099.601	Hz	TRUE	eligible_complete_training_inventory	SYNTHETIC_TEACHING_FIXTURE
REQ_SYN_SEG_0160_f3	SYN_SEG_0160	SYN_SEG_SPK_05	training	i	f3	3099.601	log_hz			8.03902867251202	log_Hz	TRUE	eligible_complete_training_inventory	SYNTHETIC_TEACHING_FIXTURE
REQ_SYN_SEG_0160_f3	SYN_SEG_0160	SYN_SEG_SPK_05	training	i	f3	3099.601	within_speaker_z	2644.79283333333	362.033976754778	1.25625824057594	z	TRUE	eligible_complete_training_inventory	SYNTHETIC_TEACHING_FIXTURE
REQ_SYN_SEG_0160_f3	SYN_SEG_0160	SYN_SEG_SPK_05	training	i	f3	3099.601	f3_reference_scaling		2551.4505	3139.53700247134	Hz	TRUE	eligible_complete_training_inventory	SYNTHETIC_TEACHING_FIXTURE
REQ_SYN_SEG_0161_f1	SYN_SEG_0161	SYN_SEG_SPK_05	training	a	f1	778.587	raw_hz			778.587	Hz	TRUE	eligible_complete_training_inventory	SYNTHETIC_TEACHING_FIXTURE
REQ_SYN_SEG_0161_f1	SYN_SEG_0161	SYN_SEG_SPK_05	training	a	f1	778.587	log_hz			6.65748073840198	log_Hz	TRUE	eligible_complete_training_inventory	SYNTHETIC_TEACHING_FIXTURE
REQ_SYN_SEG_0161_f1	SYN_SEG_0161	SYN_SEG_SPK_05	training	a	f1	778.587	within_speaker_z	479.308166666667	211.377935181958	1.41584708487056	z	TRUE	eligible_complete_training_inventory	SYNTHETIC_TEACHING_FIXTURE
REQ_SYN_SEG_0161_f1	SYN_SEG_0161	SYN_SEG_SPK_05	training	a	f1	778.587	f3_reference_scaling		2551.4505	788.618501588802	Hz	TRUE	eligible_complete_training_inventory	SYNTHETIC_TEACHING_FIXTURE
REQ_SYN_SEG_0161_f2	SYN_SEG_0161	SYN_SEG_SPK_05	training	a	f2	1229.373	raw_hz			1229.373	Hz	TRUE	eligible_complete_training_inventory	SYNTHETIC_TEACHING_FIXTURE
REQ_SYN_SEG_0161_f2	SYN_SEG_0161	SYN_SEG_SPK_05	training	a	f2	1229.373	log_hz			7.11425956229909	log_Hz	TRUE	eligible_complete_training_inventory	SYNTHETIC_TEACHING_FIXTURE
REQ_SYN_SEG_0161_f2	SYN_SEG_0161	SYN_SEG_SPK_05	training	a	f2	1229.373	within_speaker_z	1502.93133333333	633.258023695689	-0.43198557791159	z	TRUE	eligible_complete_training_inventory	SYNTHETIC_TEACHING_FIXTURE
REQ_SYN_SEG_0161_f2	SYN_SEG_0161	SYN_SEG_SPK_05	training	a	f2	1229.373	f3_reference_scaling		2551.4505	1245.21253649718	Hz	TRUE	eligible_complete_training_inventory	SYNTHETIC_TEACHING_FIXTURE
REQ_SYN_SEG_0161_f3	SYN_SEG_0161	SYN_SEG_SPK_05	training	a	f3	2496.146	raw_hz			2496.146	Hz	TRUE	eligible_complete_training_inventory	SYNTHETIC_TEACHING_FIXTURE
REQ_SYN_SEG_0161_f3	SYN_SEG_0161	SYN_SEG_SPK_05	training	a	f3	2496.146	log_hz			7.82250322136838	log_Hz	TRUE	eligible_complete_training_inventory	SYNTHETIC_TEACHING_FIXTURE
REQ_SYN_SEG_0161_f3	SYN_SEG_0161	SYN_SEG_SPK_05	training	a	f3	2496.146	within_speaker_z	2644.79283333333	362.033976754778	-0.410588074262485	z	TRUE	eligible_complete_training_inventory	SYNTHETIC_TEACHING_FIXTURE
REQ_SYN_SEG_0161_f3	SYN_SEG_0161	SYN_SEG_SPK_05	training	a	f3	2496.146	f3_reference_scaling		2551.4505	2528.30694356171	Hz	TRUE	eligible_complete_training_inventory	SYNTHETIC_TEACHING_FIXTURE
REQ_SYN_SEG_0162_f1	SYN_SEG_0162	SYN_SEG_SPK_05	training	u	f1	377.61	raw_hz			377.61	Hz	TRUE	eligible_complete_training_inventory	SYNTHETIC_TEACHING_FIXTURE
REQ_SYN_SEG_0162_f1	SYN_SEG_0162	SYN_SEG_SPK_05	training	u	f1	377.61	log_hz			5.93386191697152	log_Hz	TRUE	eligible_complete_training_inventory	SYNTHETIC_TEACHING_FIXTURE
REQ_SYN_SEG_0162_f1	SYN_SEG_0162	SYN_SEG_SPK_05	training	u	f1	377.61	within_speaker_z	479.308166666667	211.377935181958	-0.4811200685593	z	TRUE	eligible_complete_training_inventory	SYNTHETIC_TEACHING_FIXTURE
REQ_SYN_SEG_0162_f1	SYN_SEG_0162	SYN_SEG_SPK_05	training	u	f1	377.61	f3_reference_scaling		2551.4505	382.475217779063	Hz	TRUE	eligible_complete_training_inventory	SYNTHETIC_TEACHING_FIXTURE
REQ_SYN_SEG_0162_f2	SYN_SEG_0162	SYN_SEG_SPK_05	training	u	f2	915.81	raw_hz			915.81	Hz	TRUE	eligible_complete_training_inventory	SYNTHETIC_TEACHING_FIXTURE
REQ_SYN_SEG_0162_f2	SYN_SEG_0162	SYN_SEG_SPK_05	training	u	f2	915.81	log_hz			6.8198089195781	log_Hz	TRUE	eligible_complete_training_inventory	SYNTHETIC_TEACHING_FIXTURE
REQ_SYN_SEG_0162_f2	SYN_SEG_0162	SYN_SEG_SPK_05	training	u	f2	915.81	within_speaker_z	1502.93133333333	633.258023695689	-0.927143930852858	z	TRUE	eligible_complete_training_inventory	SYNTHETIC_TEACHING_FIXTURE
REQ_SYN_SEG_0162_f2	SYN_SEG_0162	SYN_SEG_SPK_05	training	u	f2	915.81	f3_reference_scaling		2551.4505	927.609515622584	Hz	TRUE	eligible_complete_training_inventory	SYNTHETIC_TEACHING_FIXTURE
REQ_SYN_SEG_0162_f3	SYN_SEG_0162	SYN_SEG_SPK_05	training	u	f3	2369.359	raw_hz			2369.359	Hz	TRUE	eligible_complete_training_inventory	SYNTHETIC_TEACHING_FIXTURE
REQ_SYN_SEG_0162_f3	SYN_SEG_0162	SYN_SEG_SPK_05	training	u	f3	2369.359	log_hz			7.77037473341213	log_Hz	TRUE	eligible_complete_training_inventory	SYNTHETIC_TEACHING_FIXTURE
REQ_SYN_SEG_0162_f3	SYN_SEG_0162	SYN_SEG_SPK_05	training	u	f3	2369.359	within_speaker_z	2644.79283333333	362.033976754778	-0.760795535828665	z	TRUE	eligible_complete_training_inventory	SYNTHETIC_TEACHING_FIXTURE
REQ_SYN_SEG_0162_f3	SYN_SEG_0162	SYN_SEG_SPK_05	training	u	f3	2369.359	f3_reference_scaling		2551.4505	2399.88638945416	Hz	TRUE	eligible_complete_training_inventory	SYNTHETIC_TEACHING_FIXTURE
REQ_SYN_SEG_0163_f1	SYN_SEG_0163	SYN_SEG_SPK_05	training	i	f1	350.127	raw_hz			350.127	Hz	TRUE	eligible_complete_training_inventory	SYNTHETIC_TEACHING_FIXTURE
REQ_SYN_SEG_0163_f1	SYN_SEG_0163	SYN_SEG_SPK_05	training	i	f1	350.127	log_hz			5.85829594580958	log_Hz	TRUE	eligible_complete_training_inventory	SYNTHETIC_TEACHING_FIXTURE
REQ_SYN_SEG_0163_f1	SYN_SEG_0163	SYN_SEG_SPK_05	training	i	f1	350.127	within_speaker_z	479.308166666667	211.377935181958	-0.611138369553404	z	TRUE	eligible_complete_training_inventory	SYNTHETIC_TEACHING_FIXTURE
REQ_SYN_SEG_0163_f1	SYN_SEG_0163	SYN_SEG_SPK_05	training	i	f1	350.127	f3_reference_scaling		2551.4505	354.6381202175	Hz	TRUE	eligible_complete_training_inventory	SYNTHETIC_TEACHING_FIXTURE
REQ_SYN_SEG_0163_f2	SYN_SEG_0163	SYN_SEG_SPK_05	training	i	f2	2294.956	raw_hz			2294.956	Hz	TRUE	eligible_complete_training_inventory	SYNTHETIC_TEACHING_FIXTURE
REQ_SYN_SEG_0163_f2	SYN_SEG_0163	SYN_SEG_SPK_05	training	i	f2	2294.956	log_hz			7.73846895019757	log_Hz	TRUE	eligible_complete_training_inventory	SYNTHETIC_TEACHING_FIXTURE
REQ_SYN_SEG_0163_f2	SYN_SEG_0163	SYN_SEG_SPK_05	training	i	f2	2294.956	within_speaker_z	1502.93133333333	633.258023695689	1.2507139855006	z	TRUE	eligible_complete_training_inventory	SYNTHETIC_TEACHING_FIXTURE
REQ_SYN_SEG_0163_f2	SYN_SEG_0163	SYN_SEG_SPK_05	training	i	f2	2294.956	f3_reference_scaling		2551.4505	2324.52476336264	Hz	TRUE	eligible_complete_training_inventory	SYNTHETIC_TEACHING_FIXTURE
REQ_SYN_SEG_0163_f3	SYN_SEG_0163	SYN_SEG_SPK_05	training	i	f3	3076.963	raw_hz			3076.963	Hz	TRUE	eligible_complete_training_inventory	SYNTHETIC_TEACHING_FIXTURE
REQ_SYN_SEG_0163_f3	SYN_SEG_0163	SYN_SEG_SPK_05	training	i	f3	3076.963	log_hz			8.03169835055036	log_Hz	TRUE	eligible_complete_training_inventory	SYNTHETIC_TEACHING_FIXTURE
REQ_SYN_SEG_0163_f3	SYN_SEG_0163	SYN_SEG_SPK_05	training	i	f3	3076.963	within_speaker_z	2644.79283333333	362.033976754778	1.1937281979459	z	TRUE	eligible_complete_training_inventory	SYNTHETIC_TEACHING_FIXTURE
REQ_SYN_SEG_0163_f3	SYN_SEG_0163	SYN_SEG_SPK_05	training	i	f3	3076.963	f3_reference_scaling		2551.4505	3116.60732905146	Hz	TRUE	eligible_complete_training_inventory	SYNTHETIC_TEACHING_FIXTURE
REQ_SYN_SEG_0164_f1	SYN_SEG_0164	SYN_SEG_SPK_05	training	a	f1	759.616	raw_hz			759.616	Hz	TRUE	eligible_complete_training_inventory	SYNTHETIC_TEACHING_FIXTURE
REQ_SYN_SEG_0164_f1	SYN_SEG_0164	SYN_SEG_SPK_05	training	a	f1	759.616	log_hz			6.63281304243404	log_Hz	TRUE	eligible_complete_training_inventory	SYNTHETIC_TEACHING_FIXTURE
REQ_SYN_SEG_0164_f1	SYN_SEG_0164	SYN_SEG_SPK_05	training	a	f1	759.616	within_speaker_z	479.308166666667	211.377935181958	1.32609788761556	z	TRUE	eligible_complete_training_inventory	SYNTHETIC_TEACHING_FIXTURE
REQ_SYN_SEG_0164_f1	SYN_SEG_0164	SYN_SEG_SPK_05	training	a	f1	759.616	f3_reference_scaling		2551.4505	769.40307467615	Hz	TRUE	eligible_complete_training_inventory	SYNTHETIC_TEACHING_FIXTURE
REQ_SYN_SEG_0164_f2	SYN_SEG_0164	SYN_SEG_SPK_05	training	a	f2	1239.259	raw_hz			1239.259	Hz	TRUE	eligible_complete_training_inventory	SYNTHETIC_TEACHING_FIXTURE
REQ_SYN_SEG_0164_f2	SYN_SEG_0164	SYN_SEG_SPK_05	training	a	f2	1239.259	log_hz			7.12226889933144	log_Hz	TRUE	eligible_complete_training_inventory	SYNTHETIC_TEACHING_FIXTURE
REQ_SYN_SEG_0164_f2	SYN_SEG_0164	SYN_SEG_SPK_05	training	a	f2	1239.259	within_speaker_z	1502.93133333333	633.258023695689	-0.416374247884841	z	TRUE	eligible_complete_training_inventory	SYNTHETIC_TEACHING_FIXTURE
REQ_SYN_SEG_0164_f2	SYN_SEG_0164	SYN_SEG_SPK_05	training	a	f2	1239.259	f3_reference_scaling		2551.4505	1255.22591009153	Hz	TRUE	eligible_complete_training_inventory	SYNTHETIC_TEACHING_FIXTURE
REQ_SYN_SEG_0164_f3	SYN_SEG_0164	SYN_SEG_SPK_05	training	a	f3	2414.652	raw_hz			2414.652	Hz	TRUE	eligible_complete_training_inventory	SYNTHETIC_TEACHING_FIXTURE
REQ_SYN_SEG_0164_f3	SYN_SEG_0164	SYN_SEG_SPK_05	training	a	f3	2414.652	log_hz			7.78931045632448	log_Hz	TRUE	eligible_complete_training_inventory	SYNTHETIC_TEACHING_FIXTURE
REQ_SYN_SEG_0164_f3	SYN_SEG_0164	SYN_SEG_SPK_05	training	a	f3	2414.652	within_speaker_z	2644.79283333333	362.033976754778	-0.635688493649916	z	TRUE	eligible_complete_training_inventory	SYNTHETIC_TEACHING_FIXTURE
REQ_SYN_SEG_0164_f3	SYN_SEG_0164	SYN_SEG_SPK_05	training	a	f3	2414.652	f3_reference_scaling		2551.4505	2445.762955326	Hz	TRUE	eligible_complete_training_inventory	SYNTHETIC_TEACHING_FIXTURE
REQ_SYN_SEG_0165_f1	SYN_SEG_0165	SYN_SEG_SPK_05	training	u	f1	358.158	raw_hz			358.158	Hz	TRUE	eligible_complete_training_inventory	SYNTHETIC_TEACHING_FIXTURE
REQ_SYN_SEG_0165_f1	SYN_SEG_0165	SYN_SEG_SPK_05	training	u	f1	358.158	log_hz			5.88097422982063	log_Hz	TRUE	eligible_complete_training_inventory	SYNTHETIC_TEACHING_FIXTURE
REQ_SYN_SEG_0165_f1	SYN_SEG_0165	SYN_SEG_SPK_05	training	u	f1	358.158	within_speaker_z	479.308166666667	211.377935181958	-0.573144810797677	z	TRUE	eligible_complete_training_inventory	SYNTHETIC_TEACHING_FIXTURE
REQ_SYN_SEG_0165_f1	SYN_SEG_0165	SYN_SEG_SPK_05	training	u	f1	358.158	f3_reference_scaling		2551.4505	362.772593547082	Hz	TRUE	eligible_complete_training_inventory	SYNTHETIC_TEACHING_FIXTURE
REQ_SYN_SEG_0165_f2	SYN_SEG_0165	SYN_SEG_SPK_05	training	u	f2	935.398	raw_hz			935.398	Hz	TRUE	eligible_complete_training_inventory	SYNTHETIC_TEACHING_FIXTURE
REQ_SYN_SEG_0165_f2	SYN_SEG_0165	SYN_SEG_SPK_05	training	u	f2	935.398	log_hz			6.84097210716677	log_Hz	TRUE	eligible_complete_training_inventory	SYNTHETIC_TEACHING_FIXTURE
REQ_SYN_SEG_0165_f2	SYN_SEG_0165	SYN_SEG_SPK_05	training	u	f2	935.398	within_speaker_z	1502.93133333333	633.258023695689	-0.89621183166573	z	TRUE	eligible_complete_training_inventory	SYNTHETIC_TEACHING_FIXTURE
REQ_SYN_SEG_0165_f2	SYN_SEG_0165	SYN_SEG_SPK_05	training	u	f2	935.398	f3_reference_scaling		2551.4505	947.449892111174	Hz	TRUE	eligible_complete_training_inventory	SYNTHETIC_TEACHING_FIXTURE
REQ_SYN_SEG_0165_f3	SYN_SEG_0165	SYN_SEG_SPK_05	training	u	f3	2259.173	raw_hz			2259.173	Hz	TRUE	eligible_complete_training_inventory	SYNTHETIC_TEACHING_FIXTURE
REQ_SYN_SEG_0165_f3	SYN_SEG_0165	SYN_SEG_SPK_05	training	u	f3	2259.173	log_hz			7.72275409609436	log_Hz	TRUE	eligible_complete_training_inventory	SYNTHETIC_TEACHING_FIXTURE
REQ_SYN_SEG_0165_f3	SYN_SEG_0165	SYN_SEG_SPK_05	training	u	f3	2259.173	within_speaker_z	2644.79283333333	362.033976754778	-1.06514818523382	z	TRUE	eligible_complete_training_inventory	SYNTHETIC_TEACHING_FIXTURE
REQ_SYN_SEG_0165_f3	SYN_SEG_0165	SYN_SEG_SPK_05	training	u	f3	2259.173	f3_reference_scaling		2551.4505	2288.280726611	Hz	TRUE	eligible_complete_training_inventory	SYNTHETIC_TEACHING_FIXTURE
REQ_SYN_SEG_0166_f1	SYN_SEG_0166	SYN_SEG_SPK_05	training	i	f1	306.506	raw_hz			306.506	Hz	TRUE	eligible_complete_training_inventory	SYNTHETIC_TEACHING_FIXTURE
REQ_SYN_SEG_0166_f1	SYN_SEG_0166	SYN_SEG_SPK_05	training	i	f1	306.506	log_hz			5.7252373310411	log_Hz	TRUE	eligible_complete_training_inventory	SYNTHETIC_TEACHING_FIXTURE
REQ_SYN_SEG_0166_f1	SYN_SEG_0166	SYN_SEG_SPK_05	training	i	f1	306.506	within_speaker_z	479.308166666667	211.377935181958	-0.817503333628062	z	TRUE	eligible_complete_training_inventory	SYNTHETIC_TEACHING_FIXTURE
REQ_SYN_SEG_0166_f1	SYN_SEG_0166	SYN_SEG_SPK_05	training	i	f1	306.506	f3_reference_scaling		2551.4505	310.455096794549	Hz	TRUE	eligible_complete_training_inventory	SYNTHETIC_TEACHING_FIXTURE
REQ_SYN_SEG_0166_f2	SYN_SEG_0166	SYN_SEG_SPK_05	training	i	f2	2279.857	raw_hz			2279.857	Hz	TRUE	eligible_complete_training_inventory	SYNTHETIC_TEACHING_FIXTURE
REQ_SYN_SEG_0166_f2	SYN_SEG_0166	SYN_SEG_SPK_05	training	i	f2	2279.857	log_hz			7.7318680006833	log_Hz	TRUE	eligible_complete_training_inventory	SYNTHETIC_TEACHING_FIXTURE
REQ_SYN_SEG_0166_f2	SYN_SEG_0166	SYN_SEG_SPK_05	training	i	f2	2279.857	within_speaker_z	1502.93133333333	633.258023695689	1.22687062397178	z	TRUE	eligible_complete_training_inventory	SYNTHETIC_TEACHING_FIXTURE
REQ_SYN_SEG_0166_f2	SYN_SEG_0166	SYN_SEG_SPK_05	training	i	f2	2279.857	f3_reference_scaling		2551.4505	2309.23122422638	Hz	TRUE	eligible_complete_training_inventory	SYNTHETIC_TEACHING_FIXTURE
REQ_SYN_SEG_0166_f3	SYN_SEG_0166	SYN_SEG_SPK_05	training	i	f3	3131.022	raw_hz			3131.022	Hz	TRUE	eligible_complete_training_inventory	SYNTHETIC_TEACHING_FIXTURE
REQ_SYN_SEG_0166_f3	SYN_SEG_0166	SYN_SEG_SPK_05	training	i	f3	3131.022	log_hz			8.04911474781082	log_Hz	TRUE	eligible_complete_training_inventory	SYNTHETIC_TEACHING_FIXTURE
REQ_SYN_SEG_0166_f3	SYN_SEG_0166	SYN_SEG_SPK_05	training	i	f3	3131.022	within_speaker_z	2644.79283333333	362.033976754778	1.34304843712504	z	TRUE	eligible_complete_training_inventory	SYNTHETIC_TEACHING_FIXTURE
REQ_SYN_SEG_0166_f3	SYN_SEG_0166	SYN_SEG_SPK_05	training	i	f3	3131.022	f3_reference_scaling		2551.4505	3171.36283816911	Hz	TRUE	eligible_complete_training_inventory	SYNTHETIC_TEACHING_FIXTURE
REQ_SYN_SEG_0167_f1	SYN_SEG_0167	SYN_SEG_SPK_05	training	a	f1	739.814	raw_hz			739.814	Hz	TRUE	eligible_complete_training_inventory	SYNTHETIC_TEACHING_FIXTURE
REQ_SYN_SEG_0167_f1	SYN_SEG_0167	SYN_SEG_SPK_05	training	a	f1	739.814	log_hz			6.60639880325282	log_Hz	TRUE	eligible_complete_training_inventory	SYNTHETIC_TEACHING_FIXTURE
REQ_SYN_SEG_0167_f1	SYN_SEG_0167	SYN_SEG_SPK_05	training	a	f1	739.814	within_speaker_z	479.308166666667	211.377935181958	1.23241734341423	z	TRUE	eligible_complete_training_inventory	SYNTHETIC_TEACHING_FIXTURE
REQ_SYN_SEG_0167_f1	SYN_SEG_0167	SYN_SEG_SPK_05	training	a	f1	739.814	f3_reference_scaling		2551.4505	749.34594096025	Hz	TRUE	eligible_complete_training_inventory	SYNTHETIC_TEACHING_FIXTURE
REQ_SYN_SEG_0167_f2	SYN_SEG_0167	SYN_SEG_SPK_05	training	a	f2	1218.724	raw_hz			1218.724	Hz	TRUE	eligible_complete_training_inventory	SYNTHETIC_TEACHING_FIXTURE
REQ_SYN_SEG_0167_f2	SYN_SEG_0167	SYN_SEG_SPK_05	training	a	f2	1218.724	log_hz			7.10555968875116	log_Hz	TRUE	eligible_complete_training_inventory	SYNTHETIC_TEACHING_FIXTURE
REQ_SYN_SEG_0167_f2	SYN_SEG_0167	SYN_SEG_SPK_05	training	a	f2	1218.724	within_speaker_z	1502.93133333333	633.258023695689	-0.448801788052683	z	TRUE	eligible_complete_training_inventory	SYNTHETIC_TEACHING_FIXTURE
REQ_SYN_SEG_0167_f2	SYN_SEG_0167	SYN_SEG_SPK_05	training	a	f2	1218.724	f3_reference_scaling		2551.4505	1234.42633222788	Hz	TRUE	eligible_complete_training_inventory	SYNTHETIC_TEACHING_FIXTURE
REQ_SYN_SEG_0167_f3	SYN_SEG_0167	SYN_SEG_SPK_05	training	a	f3	2606.755	raw_hz			2606.755	Hz	TRUE	eligible_complete_training_inventory	SYNTHETIC_TEACHING_FIXTURE
REQ_SYN_SEG_0167_f3	SYN_SEG_0167	SYN_SEG_SPK_05	training	a	f3	2606.755	log_hz			7.86586143176511	log_Hz	TRUE	eligible_complete_training_inventory	SYNTHETIC_TEACHING_FIXTURE
REQ_SYN_SEG_0167_f3	SYN_SEG_0167	SYN_SEG_SPK_05	training	a	f3	2606.755	within_speaker_z	2644.79283333333	362.033976754778	-0.10506702623411	z	TRUE	eligible_complete_training_inventory	SYNTHETIC_TEACHING_FIXTURE
REQ_SYN_SEG_0167_f3	SYN_SEG_0167	SYN_SEG_SPK_05	training	a	f3	2606.755	f3_reference_scaling		2551.4505	2640.34105643829	Hz	TRUE	eligible_complete_training_inventory	SYNTHETIC_TEACHING_FIXTURE
REQ_SYN_SEG_0168_f1	SYN_SEG_0168	SYN_SEG_SPK_05	training	u	f1	359.747	raw_hz			359.747	Hz	TRUE	eligible_complete_training_inventory	SYNTHETIC_TEACHING_FIXTURE
REQ_SYN_SEG_0168_f1	SYN_SEG_0168	SYN_SEG_SPK_05	training	u	f1	359.747	log_hz			5.88540100660831	log_Hz	TRUE	eligible_complete_training_inventory	SYNTHETIC_TEACHING_FIXTURE
REQ_SYN_SEG_0168_f1	SYN_SEG_0168	SYN_SEG_SPK_05	training	u	f1	359.747	within_speaker_z	479.308166666667	211.377935181958	-0.565627469885854	z	TRUE	eligible_complete_training_inventory	SYNTHETIC_TEACHING_FIXTURE
REQ_SYN_SEG_0168_f1	SYN_SEG_0168	SYN_SEG_SPK_05	training	u	f1	359.747	f3_reference_scaling		2551.4505	364.382066604075	Hz	TRUE	eligible_complete_training_inventory	SYNTHETIC_TEACHING_FIXTURE
REQ_SYN_SEG_0168_f2	SYN_SEG_0168	SYN_SEG_SPK_05	training	u	f2	937.102	raw_hz			937.102	Hz	TRUE	eligible_complete_training_inventory	SYNTHETIC_TEACHING_FIXTURE
REQ_SYN_SEG_0168_f2	SYN_SEG_0168	SYN_SEG_SPK_05	training	u	f2	937.102	log_hz			6.84279213437144	log_Hz	TRUE	eligible_complete_training_inventory	SYNTHETIC_TEACHING_FIXTURE
REQ_SYN_SEG_0168_f2	SYN_SEG_0168	SYN_SEG_SPK_05	training	u	f2	937.102	within_speaker_z	1502.93133333333	633.258023695689	-0.893520985381532	z	TRUE	eligible_complete_training_inventory	SYNTHETIC_TEACHING_FIXTURE
REQ_SYN_SEG_0168_f2	SYN_SEG_0168	SYN_SEG_SPK_05	training	u	f2	937.102	f3_reference_scaling		2551.4505	949.17584685574	Hz	TRUE	eligible_complete_training_inventory	SYNTHETIC_TEACHING_FIXTURE
REQ_SYN_SEG_0168_f3	SYN_SEG_0168	SYN_SEG_SPK_05	training	u	f3	2357.862	raw_hz			2357.862	Hz	TRUE	eligible_complete_training_inventory	SYNTHETIC_TEACHING_FIXTURE
REQ_SYN_SEG_0168_f3	SYN_SEG_0168	SYN_SEG_SPK_05	training	u	f3	2357.862	log_hz			7.76551055521168	log_Hz	TRUE	eligible_complete_training_inventory	SYNTHETIC_TEACHING_FIXTURE
REQ_SYN_SEG_0168_f3	SYN_SEG_0168	SYN_SEG_SPK_05	training	u	f3	2357.862	within_speaker_z	2644.79283333333	362.033976754778	-0.792552223703813	z	TRUE	eligible_complete_training_inventory	SYNTHETIC_TEACHING_FIXTURE
REQ_SYN_SEG_0168_f3	SYN_SEG_0168	SYN_SEG_SPK_05	training	u	f3	2357.862	f3_reference_scaling		2551.4505	2388.24125934954	Hz	TRUE	eligible_complete_training_inventory	SYNTHETIC_TEACHING_FIXTURE
REQ_SYN_SEG_0193_f1	SYN_SEG_0193	SYN_SEG_SPK_06	training	i	f1	295.771	raw_hz			295.771	Hz	TRUE	eligible_complete_training_inventory	SYNTHETIC_TEACHING_FIXTURE
REQ_SYN_SEG_0193_f1	SYN_SEG_0193	SYN_SEG_SPK_06	training	i	f1	295.771	log_hz			5.68958550625486	log_Hz	TRUE	eligible_complete_training_inventory	SYNTHETIC_TEACHING_FIXTURE
REQ_SYN_SEG_0193_f1	SYN_SEG_0193	SYN_SEG_SPK_06	training	i	f1	295.771	within_speaker_z	489.740583333333	228.44389794332	-0.849090674251496	z	TRUE	eligible_complete_training_inventory	SYNTHETIC_TEACHING_FIXTURE
REQ_SYN_SEG_0193_f1	SYN_SEG_0193	SYN_SEG_SPK_06	training	i	f1	295.771	f3_reference_scaling		2637.4985	289.807972897046	Hz	TRUE	eligible_complete_training_inventory	SYNTHETIC_TEACHING_FIXTURE
REQ_SYN_SEG_0193_f2	SYN_SEG_0193	SYN_SEG_SPK_06	training	i	f2	2384.809	raw_hz			2384.809	Hz	TRUE	eligible_complete_training_inventory	SYNTHETIC_TEACHING_FIXTURE
REQ_SYN_SEG_0193_f2	SYN_SEG_0193	SYN_SEG_SPK_06	training	i	f2	2384.809	log_hz			7.77687431625812	log_Hz	TRUE	eligible_complete_training_inventory	SYNTHETIC_TEACHING_FIXTURE
REQ_SYN_SEG_0193_f2	SYN_SEG_0193	SYN_SEG_SPK_06	training	i	f2	2384.809	within_speaker_z	1559.5815	660.656303124607	1.24910259100995	z	TRUE	eligible_complete_training_inventory	SYNTHETIC_TEACHING_FIXTURE
REQ_SYN_SEG_0193_f2	SYN_SEG_0193	SYN_SEG_SPK_06	training	i	f2	2384.809	f3_reference_scaling		2637.4985	2336.72896273344	Hz	TRUE	eligible_complete_training_inventory	SYNTHETIC_TEACHING_FIXTURE
REQ_SYN_SEG_0193_f3	SYN_SEG_0193	SYN_SEG_SPK_06	training	i	f3	3115.773	raw_hz			3115.773	Hz	TRUE	eligible_complete_training_inventory	SYNTHETIC_TEACHING_FIXTURE
REQ_SYN_SEG_0193_f3	SYN_SEG_0193	SYN_SEG_SPK_06	training	i	f3	3115.773	log_hz			8.04423255452952	log_Hz	TRUE	eligible_complete_training_inventory	SYNTHETIC_TEACHING_FIXTURE
REQ_SYN_SEG_0193_f3	SYN_SEG_0193	SYN_SEG_SPK_06	training	i	f3	3115.773	within_speaker_z	2696.66291666667	373.674576420436	1.12159111103608	z	TRUE	eligible_complete_training_inventory	SYNTHETIC_TEACHING_FIXTURE
REQ_SYN_SEG_0193_f3	SYN_SEG_0193	SYN_SEG_SPK_06	training	i	f3	3115.773	f3_reference_scaling		2637.4985	3052.95602725537	Hz	TRUE	eligible_complete_training_inventory	SYNTHETIC_TEACHING_FIXTURE
REQ_SYN_SEG_0194_f1	SYN_SEG_0194	SYN_SEG_SPK_06	training	a	f1	789.905	raw_hz			789.905	Hz	TRUE	eligible_complete_training_inventory	SYNTHETIC_TEACHING_FIXTURE
REQ_SYN_SEG_0194_f1	SYN_SEG_0194	SYN_SEG_SPK_06	training	a	f1	789.905	log_hz			6.67191268506552	log_Hz	TRUE	eligible_complete_training_inventory	SYNTHETIC_TEACHING_FIXTURE
REQ_SYN_SEG_0194_f1	SYN_SEG_0194	SYN_SEG_SPK_06	training	a	f1	789.905	within_speaker_z	489.740583333333	228.44389794332	1.313952438078	z	TRUE	eligible_complete_training_inventory	SYNTHETIC_TEACHING_FIXTURE
REQ_SYN_SEG_0194_f1	SYN_SEG_0194	SYN_SEG_SPK_06	training	a	f1	789.905	f3_reference_scaling		2637.4985	773.979757417872	Hz	TRUE	eligible_complete_training_inventory	SYNTHETIC_TEACHING_FIXTURE
REQ_SYN_SEG_0194_f2	SYN_SEG_0194	SYN_SEG_SPK_06	training	a	f2	1329.865	raw_hz			1329.865	Hz	TRUE	eligible_complete_training_inventory	SYNTHETIC_TEACHING_FIXTURE
REQ_SYN_SEG_0194_f2	SYN_SEG_0194	SYN_SEG_SPK_06	training	a	f2	1329.865	log_hz			7.19283271230455	log_Hz	TRUE	eligible_complete_training_inventory	SYNTHETIC_TEACHING_FIXTURE
REQ_SYN_SEG_0194_f2	SYN_SEG_0194	SYN_SEG_SPK_06	training	a	f2	1329.865	within_speaker_z	1559.5815	660.656303124607	-0.347709541123795	z	TRUE	eligible_complete_training_inventory	SYNTHETIC_TEACHING_FIXTURE
REQ_SYN_SEG_0194_f2	SYN_SEG_0194	SYN_SEG_SPK_06	training	a	f2	1329.865	f3_reference_scaling		2637.4985	1303.05364581629	Hz	TRUE	eligible_complete_training_inventory	SYNTHETIC_TEACHING_FIXTURE
REQ_SYN_SEG_0194_f3	SYN_SEG_0194	SYN_SEG_SPK_06	training	a	f3	2654.027	raw_hz			2654.027	Hz	TRUE	eligible_complete_training_inventory	SYNTHETIC_TEACHING_FIXTURE
REQ_SYN_SEG_0194_f3	SYN_SEG_0194	SYN_SEG_SPK_06	training	a	f3	2654.027	log_hz			7.88383338816369	log_Hz	TRUE	eligible_complete_training_inventory	SYNTHETIC_TEACHING_FIXTURE
REQ_SYN_SEG_0194_f3	SYN_SEG_0194	SYN_SEG_SPK_06	training	a	f3	2654.027	within_speaker_z	2696.66291666667	373.674576420436	-0.114099056658046	z	TRUE	eligible_complete_training_inventory	SYNTHETIC_TEACHING_FIXTURE
REQ_SYN_SEG_0194_f3	SYN_SEG_0194	SYN_SEG_SPK_06	training	a	f3	2654.027	f3_reference_scaling		2637.4985	2600.51926958366	Hz	TRUE	eligible_complete_training_inventory	SYNTHETIC_TEACHING_FIXTURE
REQ_SYN_SEG_0195_f1	SYN_SEG_0195	SYN_SEG_SPK_06	training	u	f1	346.276	raw_hz			346.276	Hz	TRUE	eligible_complete_training_inventory	SYNTHETIC_TEACHING_FIXTURE
REQ_SYN_SEG_0195_f1	SYN_SEG_0195	SYN_SEG_SPK_06	training	u	f1	346.276	log_hz			5.84723614493512	log_Hz	TRUE	eligible_complete_training_inventory	SYNTHETIC_TEACHING_FIXTURE
REQ_SYN_SEG_0195_f1	SYN_SEG_0195	SYN_SEG_SPK_06	training	u	f1	346.276	within_speaker_z	489.740583333333	228.44389794332	-0.628007946918017	z	TRUE	eligible_complete_training_inventory	SYNTHETIC_TEACHING_FIXTURE
REQ_SYN_SEG_0195_f1	SYN_SEG_0195	SYN_SEG_SPK_06	training	u	f1	346.276	f3_reference_scaling		2637.4985	339.294743645921	Hz	TRUE	eligible_complete_training_inventory	SYNTHETIC_TEACHING_FIXTURE
REQ_SYN_SEG_0195_f2	SYN_SEG_0195	SYN_SEG_SPK_06	training	u	f2	1008.841	raw_hz			1008.841	Hz	TRUE	eligible_complete_training_inventory	SYNTHETIC_TEACHING_FIXTURE
REQ_SYN_SEG_0195_f2	SYN_SEG_0195	SYN_SEG_SPK_06	training	u	f2	1008.841	log_hz			6.91655742617217	log_Hz	TRUE	eligible_complete_training_inventory	SYNTHETIC_TEACHING_FIXTURE
REQ_SYN_SEG_0195_f2	SYN_SEG_0195	SYN_SEG_SPK_06	training	u	f2	1008.841	within_speaker_z	1559.5815	660.656303124607	-0.833626346097427	z	TRUE	eligible_complete_training_inventory	SYNTHETIC_TEACHING_FIXTURE
REQ_SYN_SEG_0195_f2	SYN_SEG_0195	SYN_SEG_SPK_06	training	u	f2	1008.841	f3_reference_scaling		2637.4985	988.501797625288	Hz	TRUE	eligible_complete_training_inventory	SYNTHETIC_TEACHING_FIXTURE
REQ_SYN_SEG_0195_f3	SYN_SEG_0195	SYN_SEG_SPK_06	training	u	f3	2340.238	raw_hz			2340.238	Hz	TRUE	eligible_complete_training_inventory	SYNTHETIC_TEACHING_FIXTURE
REQ_SYN_SEG_0195_f3	SYN_SEG_0195	SYN_SEG_SPK_06	training	u	f3	2340.238	log_hz			7.75800791258141	log_Hz	TRUE	eligible_complete_training_inventory	SYNTHETIC_TEACHING_FIXTURE
REQ_SYN_SEG_0195_f3	SYN_SEG_0195	SYN_SEG_SPK_06	training	u	f3	2340.238	within_speaker_z	2696.66291666667	373.674576420436	-0.95383774855916	z	TRUE	eligible_complete_training_inventory	SYNTHETIC_TEACHING_FIXTURE
REQ_SYN_SEG_0195_f3	SYN_SEG_0195	SYN_SEG_SPK_06	training	u	f3	2340.238	f3_reference_scaling		2637.4985	2293.05655685188	Hz	TRUE	eligible_complete_training_inventory	SYNTHETIC_TEACHING_FIXTURE
REQ_SYN_SEG_0196_f1	SYN_SEG_0196	SYN_SEG_SPK_06	training	i	f1	345.327	raw_hz			345.327	Hz	TRUE	eligible_complete_training_inventory	SYNTHETIC_TEACHING_FIXTURE
REQ_SYN_SEG_0196_f1	SYN_SEG_0196	SYN_SEG_SPK_06	training	i	f1	345.327	log_hz			5.8444917942148	log_Hz	TRUE	eligible_complete_training_inventory	SYNTHETIC_TEACHING_FIXTURE
REQ_SYN_SEG_0196_f1	SYN_SEG_0196	SYN_SEG_SPK_06	training	i	f1	345.327	within_speaker_z	489.740583333333	228.44389794332	-0.632162139735352	z	TRUE	eligible_complete_training_inventory	SYNTHETIC_TEACHING_FIXTURE
REQ_SYN_SEG_0196_f1	SYN_SEG_0196	SYN_SEG_SPK_06	training	i	f1	345.327	f3_reference_scaling		2637.4985	338.364876396328	Hz	TRUE	eligible_complete_training_inventory	SYNTHETIC_TEACHING_FIXTURE
REQ_SYN_SEG_0196_f2	SYN_SEG_0196	SYN_SEG_SPK_06	training	i	f2	2445.49	raw_hz			2445.49	Hz	TRUE	eligible_complete_training_inventory	SYNTHETIC_TEACHING_FIXTURE
REQ_SYN_SEG_0196_f2	SYN_SEG_0196	SYN_SEG_SPK_06	training	i	f2	2445.49	log_hz			7.80200079082773	log_Hz	TRUE	eligible_complete_training_inventory	SYNTHETIC_TEACHING_FIXTURE
REQ_SYN_SEG_0196_f2	SYN_SEG_0196	SYN_SEG_SPK_06	training	i	f2	2445.49	within_speaker_z	1559.5815	660.656303124607	1.3409521650063	z	TRUE	eligible_complete_training_inventory	SYNTHETIC_TEACHING_FIXTURE
REQ_SYN_SEG_0196_f2	SYN_SEG_0196	SYN_SEG_SPK_06	training	i	f2	2445.49	f3_reference_scaling		2637.4985	2396.18657556014	Hz	TRUE	eligible_complete_training_inventory	SYNTHETIC_TEACHING_FIXTURE
REQ_SYN_SEG_0196_f3	SYN_SEG_0196	SYN_SEG_SPK_06	training	i	f3	3172.028	raw_hz			3172.028	Hz	TRUE	eligible_complete_training_inventory	SYNTHETIC_TEACHING_FIXTURE
REQ_SYN_SEG_0196_f3	SYN_SEG_0196	SYN_SEG_SPK_06	training	i	f3	3172.028	log_hz			8.06212640995411	log_Hz	TRUE	eligible_complete_training_inventory	SYNTHETIC_TEACHING_FIXTURE
REQ_SYN_SEG_0196_f3	SYN_SEG_0196	SYN_SEG_SPK_06	training	i	f3	3172.028	within_speaker_z	2696.66291666667	373.674576420436	1.27213654160534	z	TRUE	eligible_complete_training_inventory	SYNTHETIC_TEACHING_FIXTURE
REQ_SYN_SEG_0196_f3	SYN_SEG_0196	SYN_SEG_SPK_06	training	i	f3	3172.028	f3_reference_scaling		2637.4985	3108.07687248808	Hz	TRUE	eligible_complete_training_inventory	SYNTHETIC_TEACHING_FIXTURE
REQ_SYN_SEG_0197_f1	SYN_SEG_0197	SYN_SEG_SPK_06	training	a	f1	788.18	raw_hz			788.18	Hz	TRUE	eligible_complete_training_inventory	SYNTHETIC_TEACHING_FIXTURE
REQ_SYN_SEG_0197_f1	SYN_SEG_0197	SYN_SEG_SPK_06	training	a	f1	788.18	log_hz			6.66972649016848	log_Hz	TRUE	eligible_complete_training_inventory	SYNTHETIC_TEACHING_FIXTURE
REQ_SYN_SEG_0197_f1	SYN_SEG_0197	SYN_SEG_SPK_06	training	a	f1	788.18	within_speaker_z	489.740583333333	228.44389794332	1.30640134997484	z	TRUE	eligible_complete_training_inventory	SYNTHETIC_TEACHING_FIXTURE
REQ_SYN_SEG_0197_f1	SYN_SEG_0197	SYN_SEG_SPK_06	training	a	f1	788.18	f3_reference_scaling		2637.4985	772.289535072721	Hz	TRUE	eligible_complete_training_inventory	SYNTHETIC_TEACHING_FIXTURE
REQ_SYN_SEG_0197_f2	SYN_SEG_0197	SYN_SEG_SPK_06	training	a	f2	1176.266	raw_hz			1176.266	Hz	TRUE	eligible_complete_training_inventory	SYNTHETIC_TEACHING_FIXTURE
REQ_SYN_SEG_0197_f2	SYN_SEG_0197	SYN_SEG_SPK_06	training	a	f2	1176.266	log_hz			7.07010029335755	log_Hz	TRUE	eligible_complete_training_inventory	SYNTHETIC_TEACHING_FIXTURE
REQ_SYN_SEG_0197_f2	SYN_SEG_0197	SYN_SEG_SPK_06	training	a	f2	1176.266	within_speaker_z	1559.5815	660.656303124607	-0.5802041064122	z	TRUE	eligible_complete_training_inventory	SYNTHETIC_TEACHING_FIXTURE
REQ_SYN_SEG_0197_f2	SYN_SEG_0197	SYN_SEG_SPK_06	training	a	f2	1176.266	f3_reference_scaling		2637.4985	1152.55134900892	Hz	TRUE	eligible_complete_training_inventory	SYNTHETIC_TEACHING_FIXTURE
REQ_SYN_SEG_0197_f3	SYN_SEG_0197	SYN_SEG_SPK_06	training	a	f3	2641.2	raw_hz			2641.2	Hz	TRUE	eligible_complete_training_inventory	SYNTHETIC_TEACHING_FIXTURE
REQ_SYN_SEG_0197_f3	SYN_SEG_0197	SYN_SEG_SPK_06	training	a	f3	2641.2	log_hz			7.87898863832042	log_Hz	TRUE	eligible_complete_training_inventory	SYNTHETIC_TEACHING_FIXTURE
REQ_SYN_SEG_0197_f3	SYN_SEG_0197	SYN_SEG_SPK_06	training	a	f3	2641.2	within_speaker_z	2696.66291666667	373.674576420436	-0.148425716295623	z	TRUE	eligible_complete_training_inventory	SYNTHETIC_TEACHING_FIXTURE
REQ_SYN_SEG_0197_f3	SYN_SEG_0197	SYN_SEG_SPK_06	training	a	f3	2641.2	f3_reference_scaling		2637.4985	2587.95087420903	Hz	TRUE	eligible_complete_training_inventory	SYNTHETIC_TEACHING_FIXTURE
REQ_SYN_SEG_0198_f1	SYN_SEG_0198	SYN_SEG_SPK_06	training	u	f1	351.104	raw_hz			351.104	Hz	TRUE	eligible_complete_training_inventory	SYNTHETIC_TEACHING_FIXTURE
REQ_SYN_SEG_0198_f1	SYN_SEG_0198	SYN_SEG_SPK_06	training	u	f1	351.104	log_hz			5.86108247587508	log_Hz	TRUE	eligible_complete_training_inventory	SYNTHETIC_TEACHING_FIXTURE
REQ_SYN_SEG_0198_f1	SYN_SEG_0198	SYN_SEG_SPK_06	training	u	f1	351.104	within_speaker_z	489.740583333333	228.44389794332	-0.606873655113918	z	TRUE	eligible_complete_training_inventory	SYNTHETIC_TEACHING_FIXTURE
REQ_SYN_SEG_0198_f1	SYN_SEG_0198	SYN_SEG_SPK_06	training	u	f1	351.104	f3_reference_scaling		2637.4985	344.02540653426	Hz	TRUE	eligible_complete_training_inventory	SYNTHETIC_TEACHING_FIXTURE
REQ_SYN_SEG_0198_f2	SYN_SEG_0198	SYN_SEG_SPK_06	training	u	f2	979.855	raw_hz			979.855	Hz	TRUE	eligible_complete_training_inventory	SYNTHETIC_TEACHING_FIXTURE
REQ_SYN_SEG_0198_f2	SYN_SEG_0198	SYN_SEG_SPK_06	training	u	f2	979.855	log_hz			6.8874046015339	log_Hz	TRUE	eligible_complete_training_inventory	SYNTHETIC_TEACHING_FIXTURE
REQ_SYN_SEG_0198_f2	SYN_SEG_0198	SYN_SEG_SPK_06	training	u	f2	979.855	within_speaker_z	1559.5815	660.656303124607	-0.877500899118278	z	TRUE	eligible_complete_training_inventory	SYNTHETIC_TEACHING_FIXTURE
REQ_SYN_SEG_0198_f2	SYN_SEG_0198	SYN_SEG_SPK_06	training	u	f2	979.855	f3_reference_scaling		2637.4985	960.100183192521	Hz	TRUE	eligible_complete_training_inventory	SYNTHETIC_TEACHING_FIXTURE
REQ_SYN_SEG_0198_f3	SYN_SEG_0198	SYN_SEG_SPK_06	training	u	f3	2299.822	raw_hz			2299.822	Hz	TRUE	eligible_complete_training_inventory	SYNTHETIC_TEACHING_FIXTURE
REQ_SYN_SEG_0198_f3	SYN_SEG_0198	SYN_SEG_SPK_06	training	u	f3	2299.822	log_hz			7.74058700761803	log_Hz	TRUE	eligible_complete_training_inventory	SYNTHETIC_TEACHING_FIXTURE
REQ_SYN_SEG_0198_f3	SYN_SEG_0198	SYN_SEG_SPK_06	training	u	f3	2299.822	within_speaker_z	2696.66291666667	373.674576420436	-1.06199602998992	z	TRUE	eligible_complete_training_inventory	SYNTHETIC_TEACHING_FIXTURE
REQ_SYN_SEG_0198_f3	SYN_SEG_0198	SYN_SEG_SPK_06	training	u	f3	2299.822	f3_reference_scaling		2637.4985	2253.45538218429	Hz	TRUE	eligible_complete_training_inventory	SYNTHETIC_TEACHING_FIXTURE
REQ_SYN_SEG_0199_f1	SYN_SEG_0199	SYN_SEG_SPK_06	training	i	f1	257.598	raw_hz			257.598	Hz	TRUE	eligible_complete_training_inventory	SYNTHETIC_TEACHING_FIXTURE
REQ_SYN_SEG_0199_f1	SYN_SEG_0199	SYN_SEG_SPK_06	training	i	f1	257.598	log_hz			5.5514002302249	log_Hz	TRUE	eligible_complete_training_inventory	SYNTHETIC_TEACHING_FIXTURE
REQ_SYN_SEG_0199_f1	SYN_SEG_0199	SYN_SEG_SPK_06	training	i	f1	257.598	within_speaker_z	489.740583333333	228.44389794332	-1.01619078217152	z	TRUE	eligible_complete_training_inventory	SYNTHETIC_TEACHING_FIXTURE
REQ_SYN_SEG_0199_f1	SYN_SEG_0199	SYN_SEG_SPK_06	training	i	f1	257.598	f3_reference_scaling		2637.4985	252.404577197674	Hz	TRUE	eligible_complete_training_inventory	SYNTHETIC_TEACHING_FIXTURE
REQ_SYN_SEG_0199_f2	SYN_SEG_0199	SYN_SEG_SPK_06	training	i	f2	2441.132	raw_hz			2441.132	Hz	TRUE	eligible_complete_training_inventory	SYNTHETIC_TEACHING_FIXTURE
REQ_SYN_SEG_0199_f2	SYN_SEG_0199	SYN_SEG_SPK_06	training	i	f2	2441.132	log_hz			7.80021714512917	log_Hz	TRUE	eligible_complete_training_inventory	SYNTHETIC_TEACHING_FIXTURE
REQ_SYN_SEG_0199_f2	SYN_SEG_0199	SYN_SEG_SPK_06	training	i	f2	2441.132	within_speaker_z	1559.5815	660.656303124607	1.33435569422507	z	TRUE	eligible_complete_training_inventory	SYNTHETIC_TEACHING_FIXTURE
REQ_SYN_SEG_0199_f2	SYN_SEG_0199	SYN_SEG_SPK_06	training	i	f2	2441.132	f3_reference_scaling		2637.4985	2391.91643702091	Hz	TRUE	eligible_complete_training_inventory	SYNTHETIC_TEACHING_FIXTURE
REQ_SYN_SEG_0199_f3	SYN_SEG_0199	SYN_SEG_SPK_06	training	i	f3	3224.331	raw_hz			3224.331	Hz	TRUE	eligible_complete_training_inventory	SYNTHETIC_TEACHING_FIXTURE
REQ_SYN_SEG_0199_f3	SYN_SEG_0199	SYN_SEG_SPK_06	training	i	f3	3224.331	log_hz			8.07848076585037	log_Hz	TRUE	eligible_complete_training_inventory	SYNTHETIC_TEACHING_FIXTURE
REQ_SYN_SEG_0199_f3	SYN_SEG_0199	SYN_SEG_SPK_06	training	i	f3	3224.331	within_speaker_z	2696.66291666667	373.674576420436	1.4121059248613	z	TRUE	eligible_complete_training_inventory	SYNTHETIC_TEACHING_FIXTURE
REQ_SYN_SEG_0199_f3	SYN_SEG_0199	SYN_SEG_SPK_06	training	i	f3	3224.331	f3_reference_scaling		2637.4985	3159.32539383207	Hz	TRUE	eligible_complete_training_inventory	SYNTHETIC_TEACHING_FIXTURE
REQ_SYN_SEG_0200_f1	SYN_SEG_0200	SYN_SEG_SPK_06	training	a	f1	816.455	raw_hz			816.455	Hz	TRUE	eligible_complete_training_inventory	SYNTHETIC_TEACHING_FIXTURE
REQ_SYN_SEG_0200_f1	SYN_SEG_0200	SYN_SEG_SPK_06	training	a	f1	816.455	log_hz			6.7049717976033	log_Hz	TRUE	eligible_complete_training_inventory	SYNTHETIC_TEACHING_FIXTURE
REQ_SYN_SEG_0200_f1	SYN_SEG_0200	SYN_SEG_SPK_06	training	a	f1	816.455	within_speaker_z	489.740583333333	228.44389794332	1.43017353323103	z	TRUE	eligible_complete_training_inventory	SYNTHETIC_TEACHING_FIXTURE
REQ_SYN_SEG_0200_f1	SYN_SEG_0200	SYN_SEG_SPK_06	training	a	f1	816.455	f3_reference_scaling		2637.4985	799.994483947574	Hz	TRUE	eligible_complete_training_inventory	SYNTHETIC_TEACHING_FIXTURE
REQ_SYN_SEG_0200_f2	SYN_SEG_0200	SYN_SEG_SPK_06	training	a	f2	1208.067	raw_hz			1208.067	Hz	TRUE	eligible_complete_training_inventory	SYNTHETIC_TEACHING_FIXTURE
REQ_SYN_SEG_0200_f2	SYN_SEG_0200	SYN_SEG_SPK_06	training	a	f2	1208.067	log_hz			7.09677684053287	log_Hz	TRUE	eligible_complete_training_inventory	SYNTHETIC_TEACHING_FIXTURE
REQ_SYN_SEG_0200_f2	SYN_SEG_0200	SYN_SEG_SPK_06	training	a	f2	1208.067	within_speaker_z	1559.5815	660.656303124607	-0.532068638923892	z	TRUE	eligible_complete_training_inventory	SYNTHETIC_TEACHING_FIXTURE
REQ_SYN_SEG_0200_f2	SYN_SEG_0200	SYN_SEG_SPK_06	training	a	f2	1208.067	f3_reference_scaling		2637.4985	1183.71121034116	Hz	TRUE	eligible_complete_training_inventory	SYNTHETIC_TEACHING_FIXTURE
REQ_SYN_SEG_0200_f3	SYN_SEG_0200	SYN_SEG_SPK_06	training	a	f3	2633.797	raw_hz			2633.797	Hz	TRUE	eligible_complete_training_inventory	SYNTHETIC_TEACHING_FIXTURE
REQ_SYN_SEG_0200_f3	SYN_SEG_0200	SYN_SEG_SPK_06	training	a	f3	2633.797	log_hz			7.87618181023682	log_Hz	TRUE	eligible_complete_training_inventory	SYNTHETIC_TEACHING_FIXTURE
REQ_SYN_SEG_0200_f3	SYN_SEG_0200	SYN_SEG_SPK_06	training	a	f3	2633.797	within_speaker_z	2696.66291666667	373.674576420436	-0.168237072130735	z	TRUE	eligible_complete_training_inventory	SYNTHETIC_TEACHING_FIXTURE
REQ_SYN_SEG_0200_f3	SYN_SEG_0200	SYN_SEG_SPK_06	training	a	f3	2633.797	f3_reference_scaling		2637.4985	2580.69712579097	Hz	TRUE	eligible_complete_training_inventory	SYNTHETIC_TEACHING_FIXTURE
REQ_SYN_SEG_0201_f1	SYN_SEG_0201	SYN_SEG_SPK_06	training	u	f1	388.584	raw_hz			388.584	Hz	TRUE	eligible_complete_training_inventory	SYNTHETIC_TEACHING_FIXTURE
REQ_SYN_SEG_0201_f1	SYN_SEG_0201	SYN_SEG_SPK_06	training	u	f1	388.584	log_hz			5.96250936265256	log_Hz	TRUE	eligible_complete_training_inventory	SYNTHETIC_TEACHING_FIXTURE
REQ_SYN_SEG_0201_f1	SYN_SEG_0201	SYN_SEG_SPK_06	training	u	f1	388.584	within_speaker_z	489.740583333333	228.44389794332	-0.442807114762294	z	TRUE	eligible_complete_training_inventory	SYNTHETIC_TEACHING_FIXTURE
REQ_SYN_SEG_0201_f1	SYN_SEG_0201	SYN_SEG_SPK_06	training	u	f1	388.584	f3_reference_scaling		2637.4985	380.74977377845	Hz	TRUE	eligible_complete_training_inventory	SYNTHETIC_TEACHING_FIXTURE
REQ_SYN_SEG_0201_f2	SYN_SEG_0201	SYN_SEG_SPK_06	training	u	f2	956.077	raw_hz			956.077	Hz	TRUE	eligible_complete_training_inventory	SYNTHETIC_TEACHING_FIXTURE
REQ_SYN_SEG_0201_f2	SYN_SEG_0201	SYN_SEG_SPK_06	training	u	f2	956.077	log_hz			6.86283845374097	log_Hz	TRUE	eligible_complete_training_inventory	SYNTHETIC_TEACHING_FIXTURE
REQ_SYN_SEG_0201_f2	SYN_SEG_0201	SYN_SEG_SPK_06	training	u	f2	956.077	within_speaker_z	1559.5815	660.656303124607	-0.913492381962747	z	TRUE	eligible_complete_training_inventory	SYNTHETIC_TEACHING_FIXTURE
REQ_SYN_SEG_0201_f2	SYN_SEG_0201	SYN_SEG_SPK_06	training	u	f2	956.077	f3_reference_scaling		2637.4985	936.801570483547	Hz	TRUE	eligible_complete_training_inventory	SYNTHETIC_TEACHING_FIXTURE
REQ_SYN_SEG_0201_f3	SYN_SEG_0201	SYN_SEG_SPK_06	training	u	f3	2307.197	raw_hz			2307.197	Hz	TRUE	eligible_complete_training_inventory	SYNTHETIC_TEACHING_FIXTURE
REQ_SYN_SEG_0201_f3	SYN_SEG_0201	SYN_SEG_SPK_06	training	u	f3	2307.197	log_hz			7.74378864681239	log_Hz	TRUE	eligible_complete_training_inventory	SYNTHETIC_TEACHING_FIXTURE
REQ_SYN_SEG_0201_f3	SYN_SEG_0201	SYN_SEG_SPK_06	training	u	f3	2307.197	within_speaker_z	2696.66291666667	373.674576420436	-1.04225960566411	z	TRUE	eligible_complete_training_inventory	SYNTHETIC_TEACHING_FIXTURE
REQ_SYN_SEG_0201_f3	SYN_SEG_0201	SYN_SEG_SPK_06	training	u	f3	2307.197	f3_reference_scaling		2637.4985	2260.68169510921	Hz	TRUE	eligible_complete_training_inventory	SYNTHETIC_TEACHING_FIXTURE
REQ_SYN_SEG_0202_f1	SYN_SEG_0202	SYN_SEG_SPK_06	training	i	f1	347.389	raw_hz			347.389	Hz	TRUE	eligible_complete_training_inventory	SYNTHETIC_TEACHING_FIXTURE
REQ_SYN_SEG_0202_f1	SYN_SEG_0202	SYN_SEG_SPK_06	training	i	f1	347.389	log_hz			5.85044518951756	log_Hz	TRUE	eligible_complete_training_inventory	SYNTHETIC_TEACHING_FIXTURE
REQ_SYN_SEG_0202_f1	SYN_SEG_0202	SYN_SEG_SPK_06	training	i	f1	347.389	within_speaker_z	489.740583333333	228.44389794332	-0.623135853550585	z	TRUE	eligible_complete_training_inventory	SYNTHETIC_TEACHING_FIXTURE
REQ_SYN_SEG_0202_f1	SYN_SEG_0202	SYN_SEG_SPK_06	training	i	f1	347.389	f3_reference_scaling		2637.4985	340.385304498183	Hz	TRUE	eligible_complete_training_inventory	SYNTHETIC_TEACHING_FIXTURE
REQ_SYN_SEG_0202_f2	SYN_SEG_0202	SYN_SEG_SPK_06	training	i	f2	2477.926	raw_hz			2477.926	Hz	TRUE	eligible_complete_training_inventory	SYNTHETIC_TEACHING_FIXTURE
REQ_SYN_SEG_0202_f2	SYN_SEG_0202	SYN_SEG_SPK_06	training	i	f2	2477.926	log_hz			7.81517719895061	log_Hz	TRUE	eligible_complete_training_inventory	SYNTHETIC_TEACHING_FIXTURE
REQ_SYN_SEG_0202_f2	SYN_SEG_0202	SYN_SEG_SPK_06	training	i	f2	2477.926	within_speaker_z	1559.5815	660.656303124607	1.3900487979251	z	TRUE	eligible_complete_training_inventory	SYNTHETIC_TEACHING_FIXTURE
REQ_SYN_SEG_0202_f2	SYN_SEG_0202	SYN_SEG_SPK_06	training	i	f2	2477.926	f3_reference_scaling		2637.4985	2427.9686346832	Hz	TRUE	eligible_complete_training_inventory	SYNTHETIC_TEACHING_FIXTURE
REQ_SYN_SEG_0202_f3	SYN_SEG_0202	SYN_SEG_SPK_06	training	i	f3	3147.961	raw_hz			3147.961	Hz	TRUE	eligible_complete_training_inventory	SYNTHETIC_TEACHING_FIXTURE
REQ_SYN_SEG_0202_f3	SYN_SEG_0202	SYN_SEG_SPK_06	training	i	f3	3147.961	log_hz			8.05451022064226	log_Hz	TRUE	eligible_complete_training_inventory	SYNTHETIC_TEACHING_FIXTURE
REQ_SYN_SEG_0202_f3	SYN_SEG_0202	SYN_SEG_SPK_06	training	i	f3	3147.961	within_speaker_z	2696.66291666667	373.674576420436	1.20773023323256	z	TRUE	eligible_complete_training_inventory	SYNTHETIC_TEACHING_FIXTURE
REQ_SYN_SEG_0202_f3	SYN_SEG_0202	SYN_SEG_SPK_06	training	i	f3	3147.961	f3_reference_scaling		2637.4985	3084.49508629635	Hz	TRUE	eligible_complete_training_inventory	SYNTHETIC_TEACHING_FIXTURE
REQ_SYN_SEG_0203_f1	SYN_SEG_0203	SYN_SEG_SPK_06	training	a	f1	788.325	raw_hz			788.325	Hz	TRUE	eligible_complete_training_inventory	SYNTHETIC_TEACHING_FIXTURE
REQ_SYN_SEG_0203_f1	SYN_SEG_0203	SYN_SEG_SPK_06	training	a	f1	788.325	log_hz			6.66991044137753	log_Hz	TRUE	eligible_complete_training_inventory	SYNTHETIC_TEACHING_FIXTURE
REQ_SYN_SEG_0203_f1	SYN_SEG_0203	SYN_SEG_SPK_06	training	a	f1	788.325	within_speaker_z	489.740583333333	228.44389794332	1.30703607911974	z	TRUE	eligible_complete_training_inventory	SYNTHETIC_TEACHING_FIXTURE
REQ_SYN_SEG_0203_f1	SYN_SEG_0203	SYN_SEG_SPK_06	training	a	f1	788.325	f3_reference_scaling		2637.4985	772.431611733618	Hz	TRUE	eligible_complete_training_inventory	SYNTHETIC_TEACHING_FIXTURE
REQ_SYN_SEG_0203_f2	SYN_SEG_0203	SYN_SEG_SPK_06	training	a	f2	1323.391	raw_hz			1323.391	Hz	TRUE	eligible_complete_training_inventory	SYNTHETIC_TEACHING_FIXTURE
REQ_SYN_SEG_0203_f2	SYN_SEG_0203	SYN_SEG_SPK_06	training	a	f2	1323.391	log_hz			7.18795266088988	log_Hz	TRUE	eligible_complete_training_inventory	SYNTHETIC_TEACHING_FIXTURE
REQ_SYN_SEG_0203_f2	SYN_SEG_0203	SYN_SEG_SPK_06	training	a	f2	1323.391	within_speaker_z	1559.5815	660.656303124607	-0.357508887575771	z	TRUE	eligible_complete_training_inventory	SYNTHETIC_TEACHING_FIXTURE
REQ_SYN_SEG_0203_f2	SYN_SEG_0203	SYN_SEG_SPK_06	training	a	f2	1323.391	f3_reference_scaling		2637.4985	1296.71016786702	Hz	TRUE	eligible_complete_training_inventory	SYNTHETIC_TEACHING_FIXTURE
REQ_SYN_SEG_0203_f3	SYN_SEG_0203	SYN_SEG_SPK_06	training	a	f3	2561.582	raw_hz			2561.582	Hz	TRUE	eligible_complete_training_inventory	SYNTHETIC_TEACHING_FIXTURE
REQ_SYN_SEG_0203_f3	SYN_SEG_0203	SYN_SEG_SPK_06	training	a	f3	2561.582	log_hz			7.84838031535955	log_Hz	TRUE	eligible_complete_training_inventory	SYNTHETIC_TEACHING_FIXTURE
REQ_SYN_SEG_0203_f3	SYN_SEG_0203	SYN_SEG_SPK_06	training	a	f3	2561.582	within_speaker_z	2696.66291666667	373.674576420436	-0.361493463003707	z	TRUE	eligible_complete_training_inventory	SYNTHETIC_TEACHING_FIXTURE
REQ_SYN_SEG_0203_f3	SYN_SEG_0203	SYN_SEG_SPK_06	training	a	f3	2561.582	f3_reference_scaling		2637.4985	2509.93804946922	Hz	TRUE	eligible_complete_training_inventory	SYNTHETIC_TEACHING_FIXTURE
REQ_SYN_SEG_0204_f1	SYN_SEG_0204	SYN_SEG_SPK_06	training	u	f1	361.973	raw_hz			361.973	Hz	TRUE	eligible_complete_training_inventory	SYNTHETIC_TEACHING_FIXTURE
REQ_SYN_SEG_0204_f1	SYN_SEG_0204	SYN_SEG_SPK_06	training	u	f1	361.973	log_hz			5.89156962340877	log_Hz	TRUE	eligible_complete_training_inventory	SYNTHETIC_TEACHING_FIXTURE
REQ_SYN_SEG_0204_f1	SYN_SEG_0204	SYN_SEG_SPK_06	training	u	f1	361.973	within_speaker_z	489.740583333333	228.44389794332	-0.559295233900423	z	TRUE	eligible_complete_training_inventory	SYNTHETIC_TEACHING_FIXTURE
REQ_SYN_SEG_0204_f1	SYN_SEG_0204	SYN_SEG_SPK_06	training	u	f1	361.973	f3_reference_scaling		2637.4985	354.675277067267	Hz	TRUE	eligible_complete_training_inventory	SYNTHETIC_TEACHING_FIXTURE
REQ_SYN_SEG_0204_f2	SYN_SEG_0204	SYN_SEG_SPK_06	training	u	f2	983.259	raw_hz			983.259	Hz	TRUE	eligible_complete_training_inventory	SYNTHETIC_TEACHING_FIXTURE
REQ_SYN_SEG_0204_f2	SYN_SEG_0204	SYN_SEG_SPK_06	training	u	f2	983.259	log_hz			6.8908725645881	log_Hz	TRUE	eligible_complete_training_inventory	SYNTHETIC_TEACHING_FIXTURE
REQ_SYN_SEG_0204_f2	SYN_SEG_0204	SYN_SEG_SPK_06	training	u	f2	983.259	within_speaker_z	1559.5815	660.656303124607	-0.872348446952302	z	TRUE	eligible_complete_training_inventory	SYNTHETIC_TEACHING_FIXTURE
REQ_SYN_SEG_0204_f2	SYN_SEG_0204	SYN_SEG_SPK_06	training	u	f2	983.259	f3_reference_scaling		2637.4985	963.435555286951	Hz	TRUE	eligible_complete_training_inventory	SYNTHETIC_TEACHING_FIXTURE
REQ_SYN_SEG_0204_f3	SYN_SEG_0204	SYN_SEG_SPK_06	training	u	f3	2261.999	raw_hz			2261.999	Hz	TRUE	eligible_complete_training_inventory	SYNTHETIC_TEACHING_FIXTURE
REQ_SYN_SEG_0204_f3	SYN_SEG_0204	SYN_SEG_SPK_06	training	u	f3	2261.999	log_hz			7.72400421458932	log_Hz	TRUE	eligible_complete_training_inventory	SYNTHETIC_TEACHING_FIXTURE
REQ_SYN_SEG_0204_f3	SYN_SEG_0204	SYN_SEG_SPK_06	training	u	f3	2261.999	within_speaker_z	2696.66291666667	373.674576420436	-1.16321511843398	z	TRUE	eligible_complete_training_inventory	SYNTHETIC_TEACHING_FIXTURE
REQ_SYN_SEG_0204_f3	SYN_SEG_0204	SYN_SEG_SPK_06	training	u	f3	2261.999	f3_reference_scaling		2637.4985	2216.39493014915	Hz	TRUE	eligible_complete_training_inventory	SYNTHETIC_TEACHING_FIXTURE
REQ_SYN_SEG_0229_f1	SYN_SEG_0229	SYN_SEG_SPK_07	training	i	f1	339.34	raw_hz			339.34	Hz	TRUE	eligible_complete_training_inventory	SYNTHETIC_TEACHING_FIXTURE
REQ_SYN_SEG_0229_f1	SYN_SEG_0229	SYN_SEG_SPK_07	training	i	f1	339.34	log_hz			5.82700255461479	log_Hz	TRUE	eligible_complete_training_inventory	SYNTHETIC_TEACHING_FIXTURE
REQ_SYN_SEG_0229_f1	SYN_SEG_0229	SYN_SEG_SPK_07	training	i	f1	339.34	within_speaker_z	514.135416666667	241.363794474218	-0.724198992013022	z	TRUE	eligible_complete_training_inventory	SYNTHETIC_TEACHING_FIXTURE
REQ_SYN_SEG_0229_f1	SYN_SEG_0229	SYN_SEG_SPK_07	training	i	f1	339.34	f3_reference_scaling		2729.729	321.264310911449	Hz	TRUE	eligible_complete_training_inventory	SYNTHETIC_TEACHING_FIXTURE
REQ_SYN_SEG_0229_f2	SYN_SEG_0229	SYN_SEG_SPK_07	training	i	f2	2543.201	raw_hz			2543.201	Hz	TRUE	eligible_complete_training_inventory	SYNTHETIC_TEACHING_FIXTURE
REQ_SYN_SEG_0229_f2	SYN_SEG_0229	SYN_SEG_SPK_07	training	i	f2	2543.201	log_hz			7.84117880280193	log_Hz	TRUE	eligible_complete_training_inventory	SYNTHETIC_TEACHING_FIXTURE
REQ_SYN_SEG_0229_f2	SYN_SEG_0229	SYN_SEG_SPK_07	training	i	f2	2543.201	within_speaker_z	1600.8165	682.524171056301	1.38073425083471	z	TRUE	eligible_complete_training_inventory	SYNTHETIC_TEACHING_FIXTURE
REQ_SYN_SEG_0229_f2	SYN_SEG_0229	SYN_SEG_SPK_07	training	i	f2	2543.201	f3_reference_scaling		2729.729	2407.73182287472	Hz	TRUE	eligible_complete_training_inventory	SYNTHETIC_TEACHING_FIXTURE
REQ_SYN_SEG_0229_f3	SYN_SEG_0229	SYN_SEG_SPK_07	training	i	f3	3310.382	raw_hz			3310.382	Hz	TRUE	eligible_complete_training_inventory	SYNTHETIC_TEACHING_FIXTURE
REQ_SYN_SEG_0229_f3	SYN_SEG_0229	SYN_SEG_SPK_07	training	i	f3	3310.382	log_hz			8.10481886956712	log_Hz	TRUE	eligible_complete_training_inventory	SYNTHETIC_TEACHING_FIXTURE
REQ_SYN_SEG_0229_f3	SYN_SEG_0229	SYN_SEG_SPK_07	training	i	f3	3310.382	within_speaker_z	2813.68108333333	402.443591581921	1.23421251339657	z	TRUE	eligible_complete_training_inventory	SYNTHETIC_TEACHING_FIXTURE
REQ_SYN_SEG_0229_f3	SYN_SEG_0229	SYN_SEG_SPK_07	training	i	f3	3310.382	f3_reference_scaling		2729.729	3134.04724489794	Hz	TRUE	eligible_complete_training_inventory	SYNTHETIC_TEACHING_FIXTURE
REQ_SYN_SEG_0230_f1	SYN_SEG_0230	SYN_SEG_SPK_07	training	a	f1	823.552	raw_hz			823.552	Hz	TRUE	eligible_complete_training_inventory	SYNTHETIC_TEACHING_FIXTURE
REQ_SYN_SEG_0230_f1	SYN_SEG_0230	SYN_SEG_SPK_07	training	a	f1	823.552	log_hz			6.71362669273645	log_Hz	TRUE	eligible_complete_training_inventory	SYNTHETIC_TEACHING_FIXTURE
REQ_SYN_SEG_0230_f1	SYN_SEG_0230	SYN_SEG_SPK_07	training	a	f1	823.552	within_speaker_z	514.135416666667	241.363794474218	1.28195110624342	z	TRUE	eligible_complete_training_inventory	SYNTHETIC_TEACHING_FIXTURE
REQ_SYN_SEG_0230_f1	SYN_SEG_0230	SYN_SEG_SPK_07	training	a	f1	823.552	f3_reference_scaling		2729.729	779.683697117186	Hz	TRUE	eligible_complete_training_inventory	SYNTHETIC_TEACHING_FIXTURE
REQ_SYN_SEG_0230_f2	SYN_SEG_0230	SYN_SEG_SPK_07	training	a	f2	1343.012	raw_hz			1343.012	Hz	TRUE	eligible_complete_training_inventory	SYNTHETIC_TEACHING_FIXTURE
REQ_SYN_SEG_0230_f2	SYN_SEG_0230	SYN_SEG_SPK_07	training	a	f2	1343.012	log_hz			7.20267013170298	log_Hz	TRUE	eligible_complete_training_inventory	SYNTHETIC_TEACHING_FIXTURE
REQ_SYN_SEG_0230_f2	SYN_SEG_0230	SYN_SEG_SPK_07	training	a	f2	1343.012	within_speaker_z	1600.8165	682.524171056301	-0.377722153929013	z	TRUE	eligible_complete_training_inventory	SYNTHETIC_TEACHING_FIXTURE
REQ_SYN_SEG_0230_f2	SYN_SEG_0230	SYN_SEG_SPK_07	training	a	f2	1343.012	f3_reference_scaling		2729.729	1271.47352132318	Hz	TRUE	eligible_complete_training_inventory	SYNTHETIC_TEACHING_FIXTURE
REQ_SYN_SEG_0230_f3	SYN_SEG_0230	SYN_SEG_SPK_07	training	a	f3	2723.746	raw_hz			2723.746	Hz	TRUE	eligible_complete_training_inventory	SYNTHETIC_TEACHING_FIXTURE
REQ_SYN_SEG_0230_f3	SYN_SEG_0230	SYN_SEG_SPK_07	training	a	f3	2723.746	log_hz			7.90976341769419	log_Hz	TRUE	eligible_complete_training_inventory	SYNTHETIC_TEACHING_FIXTURE
REQ_SYN_SEG_0230_f3	SYN_SEG_0230	SYN_SEG_SPK_07	training	a	f3	2723.746	within_speaker_z	2813.68108333333	402.443591581921	-0.223472519415249	z	TRUE	eligible_complete_training_inventory	SYNTHETIC_TEACHING_FIXTURE
REQ_SYN_SEG_0230_f3	SYN_SEG_0230	SYN_SEG_SPK_07	training	a	f3	2723.746	f3_reference_scaling		2729.729	2578.65969761247	Hz	TRUE	eligible_complete_training_inventory	SYNTHETIC_TEACHING_FIXTURE
REQ_SYN_SEG_0231_f1	SYN_SEG_0231	SYN_SEG_SPK_07	training	u	f1	406.312	raw_hz			406.312	Hz	TRUE	eligible_complete_training_inventory	SYNTHETIC_TEACHING_FIXTURE
REQ_SYN_SEG_0231_f1	SYN_SEG_0231	SYN_SEG_SPK_07	training	u	f1	406.312	log_hz			6.00712133738402	log_Hz	TRUE	eligible_complete_training_inventory	SYNTHETIC_TEACHING_FIXTURE
REQ_SYN_SEG_0231_f1	SYN_SEG_0231	SYN_SEG_SPK_07	training	u	f1	406.312	within_speaker_z	514.135416666667	241.363794474218	-0.446725727450329	z	TRUE	eligible_complete_training_inventory	SYNTHETIC_TEACHING_FIXTURE
REQ_SYN_SEG_0231_f1	SYN_SEG_0231	SYN_SEG_SPK_07	training	u	f1	406.312	f3_reference_scaling		2729.729	384.668900498181	Hz	TRUE	eligible_complete_training_inventory	SYNTHETIC_TEACHING_FIXTURE
REQ_SYN_SEG_0231_f2	SYN_SEG_0231	SYN_SEG_SPK_07	training	u	f2	934.673	raw_hz			934.673	Hz	TRUE	eligible_complete_training_inventory	SYNTHETIC_TEACHING_FIXTURE
REQ_SYN_SEG_0231_f2	SYN_SEG_0231	SYN_SEG_SPK_07	training	u	f2	934.673	log_hz			6.84019673549765	log_Hz	TRUE	eligible_complete_training_inventory	SYNTHETIC_TEACHING_FIXTURE
REQ_SYN_SEG_0231_f2	SYN_SEG_0231	SYN_SEG_SPK_07	training	u	f2	934.673	within_speaker_z	1600.8165	682.524171056301	-0.975999866743254	z	TRUE	eligible_complete_training_inventory	SYNTHETIC_TEACHING_FIXTURE
REQ_SYN_SEG_0231_f2	SYN_SEG_0231	SYN_SEG_SPK_07	training	u	f2	934.673	f3_reference_scaling		2729.729	884.885593424109	Hz	TRUE	eligible_complete_training_inventory	SYNTHETIC_TEACHING_FIXTURE
REQ_SYN_SEG_0231_f3	SYN_SEG_0231	SYN_SEG_SPK_07	training	u	f3	2439.265	raw_hz			2439.265	Hz	TRUE	eligible_complete_training_inventory	SYNTHETIC_TEACHING_FIXTURE
REQ_SYN_SEG_0231_f3	SYN_SEG_0231	SYN_SEG_SPK_07	training	u	f3	2439.265	log_hz			7.79945204340033	log_Hz	TRUE	eligible_complete_training_inventory	SYNTHETIC_TEACHING_FIXTURE
REQ_SYN_SEG_0231_f3	SYN_SEG_0231	SYN_SEG_SPK_07	training	u	f3	2439.265	within_speaker_z	2813.68108333333	402.443591581921	-0.9303566789611	z	TRUE	eligible_complete_training_inventory	SYNTHETIC_TEACHING_FIXTURE
REQ_SYN_SEG_0231_f3	SYN_SEG_0231	SYN_SEG_SPK_07	training	u	f3	2439.265	f3_reference_scaling		2729.729	2309.33220178999	Hz	TRUE	eligible_complete_training_inventory	SYNTHETIC_TEACHING_FIXTURE
REQ_SYN_SEG_0232_f1	SYN_SEG_0232	SYN_SEG_SPK_07	training	i	f1	325.446	raw_hz			325.446	Hz	TRUE	eligible_complete_training_inventory	SYNTHETIC_TEACHING_FIXTURE
REQ_SYN_SEG_0232_f1	SYN_SEG_0232	SYN_SEG_SPK_07	training	i	f1	325.446	log_hz			5.78519654926841	log_Hz	TRUE	eligible_complete_training_inventory	SYNTHETIC_TEACHING_FIXTURE
REQ_SYN_SEG_0232_f1	SYN_SEG_0232	SYN_SEG_SPK_07	training	i	f1	325.446	within_speaker_z	514.135416666667	241.363794474218	-0.781763549407665	z	TRUE	eligible_complete_training_inventory	SYNTHETIC_TEACHING_FIXTURE
REQ_SYN_SEG_0232_f1	SYN_SEG_0232	SYN_SEG_SPK_07	training	i	f1	325.446	f3_reference_scaling		2729.729	308.110405283455	Hz	TRUE	eligible_complete_training_inventory	SYNTHETIC_TEACHING_FIXTURE
REQ_SYN_SEG_0232_f2	SYN_SEG_0232	SYN_SEG_SPK_07	training	i	f2	2435.283	raw_hz			2435.283	Hz	TRUE	eligible_complete_training_inventory	SYNTHETIC_TEACHING_FIXTURE
REQ_SYN_SEG_0232_f2	SYN_SEG_0232	SYN_SEG_SPK_07	training	i	f2	2435.283	log_hz			7.79781825052938	log_Hz	TRUE	eligible_complete_training_inventory	SYNTHETIC_TEACHING_FIXTURE
REQ_SYN_SEG_0232_f2	SYN_SEG_0232	SYN_SEG_SPK_07	training	i	f2	2435.283	within_speaker_z	1600.8165	682.524171056301	1.22261823886551	z	TRUE	eligible_complete_training_inventory	SYNTHETIC_TEACHING_FIXTURE
REQ_SYN_SEG_0232_f2	SYN_SEG_0232	SYN_SEG_SPK_07	training	i	f2	2435.283	f3_reference_scaling		2729.729	2305.56231175036	Hz	TRUE	eligible_complete_training_inventory	SYNTHETIC_TEACHING_FIXTURE
REQ_SYN_SEG_0232_f3	SYN_SEG_0232	SYN_SEG_SPK_07	training	i	f3	3367.436	raw_hz			3367.436	Hz	TRUE	eligible_complete_training_inventory	SYNTHETIC_TEACHING_FIXTURE
REQ_SYN_SEG_0232_f3	SYN_SEG_0232	SYN_SEG_SPK_07	training	i	f3	3367.436	log_hz			8.12190690290718	log_Hz	TRUE	eligible_complete_training_inventory	SYNTHETIC_TEACHING_FIXTURE
REQ_SYN_SEG_0232_f3	SYN_SEG_0232	SYN_SEG_SPK_07	training	i	f3	3367.436	within_speaker_z	2813.68108333333	402.443591581921	1.37598144994674	z	TRUE	eligible_complete_training_inventory	SYNTHETIC_TEACHING_FIXTURE
REQ_SYN_SEG_0232_f3	SYN_SEG_0232	SYN_SEG_SPK_07	training	i	f3	3367.436	f3_reference_scaling		2729.729	3188.06213849946	Hz	TRUE	eligible_complete_training_inventory	SYNTHETIC_TEACHING_FIXTURE
REQ_SYN_SEG_0233_f1	SYN_SEG_0233	SYN_SEG_SPK_07	training	a	f1	800.519	raw_hz			800.519	Hz	TRUE	eligible_complete_training_inventory	SYNTHETIC_TEACHING_FIXTURE
REQ_SYN_SEG_0233_f1	SYN_SEG_0233	SYN_SEG_SPK_07	training	a	f1	800.519	log_hz			6.68526026732062	log_Hz	TRUE	eligible_complete_training_inventory	SYNTHETIC_TEACHING_FIXTURE
REQ_SYN_SEG_0233_f1	SYN_SEG_0233	SYN_SEG_SPK_07	training	a	f1	800.519	within_speaker_z	514.135416666667	241.363794474218	1.1865225435206	z	TRUE	eligible_complete_training_inventory	SYNTHETIC_TEACHING_FIXTURE
REQ_SYN_SEG_0233_f1	SYN_SEG_0233	SYN_SEG_SPK_07	training	a	f1	800.519	f3_reference_scaling		2729.729	757.877600361061	Hz	TRUE	eligible_complete_training_inventory	SYNTHETIC_TEACHING_FIXTURE
REQ_SYN_SEG_0233_f2	SYN_SEG_0233	SYN_SEG_SPK_07	training	a	f2	1274.409	raw_hz			1274.409	Hz	TRUE	eligible_complete_training_inventory	SYNTHETIC_TEACHING_FIXTURE
REQ_SYN_SEG_0233_f2	SYN_SEG_0233	SYN_SEG_SPK_07	training	a	f2	1274.409	log_hz			7.1502378207178	log_Hz	TRUE	eligible_complete_training_inventory	SYNTHETIC_TEACHING_FIXTURE
REQ_SYN_SEG_0233_f2	SYN_SEG_0233	SYN_SEG_SPK_07	training	a	f2	1274.409	within_speaker_z	1600.8165	682.524171056301	-0.478235810308137	z	TRUE	eligible_complete_training_inventory	SYNTHETIC_TEACHING_FIXTURE
REQ_SYN_SEG_0233_f2	SYN_SEG_0233	SYN_SEG_SPK_07	training	a	f2	1274.409	f3_reference_scaling		2729.729	1206.52481052735	Hz	TRUE	eligible_complete_training_inventory	SYNTHETIC_TEACHING_FIXTURE
REQ_SYN_SEG_0233_f3	SYN_SEG_0233	SYN_SEG_SPK_07	training	a	f3	2729.46	raw_hz			2729.46	Hz	TRUE	eligible_complete_training_inventory	SYNTHETIC_TEACHING_FIXTURE
REQ_SYN_SEG_0233_f3	SYN_SEG_0233	SYN_SEG_SPK_07	training	a	f3	2729.46	log_hz			7.91185906641577	log_Hz	TRUE	eligible_complete_training_inventory	SYNTHETIC_TEACHING_FIXTURE
REQ_SYN_SEG_0233_f3	SYN_SEG_0233	SYN_SEG_SPK_07	training	a	f3	2729.46	within_speaker_z	2813.68108333333	402.443591581921	-0.209274256305779	z	TRUE	eligible_complete_training_inventory	SYNTHETIC_TEACHING_FIXTURE
REQ_SYN_SEG_0233_f3	SYN_SEG_0233	SYN_SEG_SPK_07	training	a	f3	2729.46	f3_reference_scaling		2729.729	2584.06932887477	Hz	TRUE	eligible_complete_training_inventory	SYNTHETIC_TEACHING_FIXTURE
REQ_SYN_SEG_0234_f1	SYN_SEG_0234	SYN_SEG_SPK_07	training	u	f1	393.865	raw_hz			393.865	Hz	TRUE	eligible_complete_training_inventory	SYNTHETIC_TEACHING_FIXTURE
REQ_SYN_SEG_0234_f1	SYN_SEG_0234	SYN_SEG_SPK_07	training	u	f1	393.865	log_hz			5.97600821098967	log_Hz	TRUE	eligible_complete_training_inventory	SYNTHETIC_TEACHING_FIXTURE
REQ_SYN_SEG_0234_f1	SYN_SEG_0234	SYN_SEG_SPK_07	training	u	f1	393.865	within_speaker_z	514.135416666667	241.363794474218	-0.49829518519404	z	TRUE	eligible_complete_training_inventory	SYNTHETIC_TEACHING_FIXTURE
REQ_SYN_SEG_0234_f1	SYN_SEG_0234	SYN_SEG_SPK_07	training	u	f1	393.865	f3_reference_scaling		2729.729	372.884917242701	Hz	TRUE	eligible_complete_training_inventory	SYNTHETIC_TEACHING_FIXTURE
REQ_SYN_SEG_0234_f2	SYN_SEG_0234	SYN_SEG_SPK_07	training	u	f2	997.284	raw_hz			997.284	Hz	TRUE	eligible_complete_training_inventory	SYNTHETIC_TEACHING_FIXTURE
REQ_SYN_SEG_0234_f2	SYN_SEG_0234	SYN_SEG_SPK_07	training	u	f2	997.284	log_hz			6.90503558396217	log_Hz	TRUE	eligible_complete_training_inventory	SYNTHETIC_TEACHING_FIXTURE
REQ_SYN_SEG_0234_f2	SYN_SEG_0234	SYN_SEG_SPK_07	training	u	f2	997.284	within_speaker_z	1600.8165	682.524171056301	-0.884265386624989	z	TRUE	eligible_complete_training_inventory	SYNTHETIC_TEACHING_FIXTURE
REQ_SYN_SEG_0234_f2	SYN_SEG_0234	SYN_SEG_SPK_07	training	u	f2	997.284	f3_reference_scaling		2729.729	944.161481237148	Hz	TRUE	eligible_complete_training_inventory	SYNTHETIC_TEACHING_FIXTURE
REQ_SYN_SEG_0234_f3	SYN_SEG_0234	SYN_SEG_SPK_07	training	u	f3	2390.348	raw_hz			2390.348	Hz	TRUE	eligible_complete_training_inventory	SYNTHETIC_TEACHING_FIXTURE
REQ_SYN_SEG_0234_f3	SYN_SEG_0234	SYN_SEG_SPK_07	training	u	f3	2390.348	log_hz			7.77919424102049	log_Hz	TRUE	eligible_complete_training_inventory	SYNTHETIC_TEACHING_FIXTURE
REQ_SYN_SEG_0234_f3	SYN_SEG_0234	SYN_SEG_SPK_07	training	u	f3	2390.348	within_speaker_z	2813.68108333333	402.443591581921	-1.05190663285083	z	TRUE	eligible_complete_training_inventory	SYNTHETIC_TEACHING_FIXTURE
REQ_SYN_SEG_0234_f3	SYN_SEG_0234	SYN_SEG_SPK_07	training	u	f3	2390.348	f3_reference_scaling		2729.729	2263.02087304344	Hz	TRUE	eligible_complete_training_inventory	SYNTHETIC_TEACHING_FIXTURE
REQ_SYN_SEG_0235_f1	SYN_SEG_0235	SYN_SEG_SPK_07	training	i	f1	266.184	raw_hz			266.184	Hz	TRUE	eligible_complete_training_inventory	SYNTHETIC_TEACHING_FIXTURE
REQ_SYN_SEG_0235_f1	SYN_SEG_0235	SYN_SEG_SPK_07	training	i	f1	266.184	log_hz			5.58418779897055	log_Hz	TRUE	eligible_complete_training_inventory	SYNTHETIC_TEACHING_FIXTURE
REQ_SYN_SEG_0235_f1	SYN_SEG_0235	SYN_SEG_SPK_07	training	i	f1	266.184	within_speaker_z	514.135416666667	241.363794474218	-1.02729333207078	z	TRUE	eligible_complete_training_inventory	SYNTHETIC_TEACHING_FIXTURE
REQ_SYN_SEG_0235_f1	SYN_SEG_0235	SYN_SEG_SPK_07	training	i	f1	266.184	f3_reference_scaling		2729.729	252.005125642875	Hz	TRUE	eligible_complete_training_inventory	SYNTHETIC_TEACHING_FIXTURE
REQ_SYN_SEG_0235_f2	SYN_SEG_0235	SYN_SEG_SPK_07	training	i	f2	2529.257	raw_hz			2529.257	Hz	TRUE	eligible_complete_training_inventory	SYNTHETIC_TEACHING_FIXTURE
REQ_SYN_SEG_0235_f2	SYN_SEG_0235	SYN_SEG_SPK_07	training	i	f2	2529.257	log_hz			7.83568086270103	log_Hz	TRUE	eligible_complete_training_inventory	SYNTHETIC_TEACHING_FIXTURE
REQ_SYN_SEG_0235_f2	SYN_SEG_0235	SYN_SEG_SPK_07	training	i	f2	2529.257	within_speaker_z	1600.8165	682.524171056301	1.36030420514355	z	TRUE	eligible_complete_training_inventory	SYNTHETIC_TEACHING_FIXTURE
REQ_SYN_SEG_0235_f2	SYN_SEG_0235	SYN_SEG_SPK_07	training	i	f2	2529.257	f3_reference_scaling		2729.729	2394.53058060635	Hz	TRUE	eligible_complete_training_inventory	SYNTHETIC_TEACHING_FIXTURE
REQ_SYN_SEG_0235_f3	SYN_SEG_0235	SYN_SEG_SPK_07	training	i	f3	3266.015	raw_hz			3266.015	Hz	TRUE	eligible_complete_training_inventory	SYNTHETIC_TEACHING_FIXTURE
REQ_SYN_SEG_0235_f3	SYN_SEG_0235	SYN_SEG_SPK_07	training	i	f3	3266.015	log_hz			8.0913258662939	log_Hz	TRUE	eligible_complete_training_inventory	SYNTHETIC_TEACHING_FIXTURE
REQ_SYN_SEG_0235_f3	SYN_SEG_0235	SYN_SEG_SPK_07	training	i	f3	3266.015	within_speaker_z	2813.68108333333	402.443591581921	1.12396849180437	z	TRUE	eligible_complete_training_inventory	SYNTHETIC_TEACHING_FIXTURE
REQ_SYN_SEG_0235_f3	SYN_SEG_0235	SYN_SEG_SPK_07	training	i	f3	3266.015	f3_reference_scaling		2729.729	3092.0435504257	Hz	TRUE	eligible_complete_training_inventory	SYNTHETIC_TEACHING_FIXTURE
REQ_SYN_SEG_0236_f1	SYN_SEG_0236	SYN_SEG_SPK_07	training	a	f1	845.574	raw_hz			845.574	Hz	TRUE	eligible_complete_training_inventory	SYNTHETIC_TEACHING_FIXTURE
REQ_SYN_SEG_0236_f1	SYN_SEG_0236	SYN_SEG_SPK_07	training	a	f1	845.574	log_hz			6.74001568668502	log_Hz	TRUE	eligible_complete_training_inventory	SYNTHETIC_TEACHING_FIXTURE
REQ_SYN_SEG_0236_f1	SYN_SEG_0236	SYN_SEG_SPK_07	training	a	f1	845.574	within_speaker_z	514.135416666667	241.363794474218	1.37319097114517	z	TRUE	eligible_complete_training_inventory	SYNTHETIC_TEACHING_FIXTURE
REQ_SYN_SEG_0236_f1	SYN_SEG_0236	SYN_SEG_SPK_07	training	a	f1	845.574	f3_reference_scaling		2729.729	800.532647004886	Hz	TRUE	eligible_complete_training_inventory	SYNTHETIC_TEACHING_FIXTURE
REQ_SYN_SEG_0236_f2	SYN_SEG_0236	SYN_SEG_SPK_07	training	a	f2	1329.01	raw_hz			1329.01	Hz	TRUE	eligible_complete_training_inventory	SYNTHETIC_TEACHING_FIXTURE
REQ_SYN_SEG_0236_f2	SYN_SEG_0236	SYN_SEG_SPK_07	training	a	f2	1329.01	log_hz			7.19218958313941	log_Hz	TRUE	eligible_complete_training_inventory	SYNTHETIC_TEACHING_FIXTURE
REQ_SYN_SEG_0236_f2	SYN_SEG_0236	SYN_SEG_SPK_07	training	a	f2	1329.01	within_speaker_z	1600.8165	682.524171056301	-0.398237178295593	z	TRUE	eligible_complete_training_inventory	SYNTHETIC_TEACHING_FIXTURE
REQ_SYN_SEG_0236_f2	SYN_SEG_0236	SYN_SEG_SPK_07	training	a	f2	1329.01	f3_reference_scaling		2729.729	1258.21736855197	Hz	TRUE	eligible_complete_training_inventory	SYNTHETIC_TEACHING_FIXTURE
REQ_SYN_SEG_0236_f3	SYN_SEG_0236	SYN_SEG_SPK_07	training	a	f3	2729.998	raw_hz			2729.998	Hz	TRUE	eligible_complete_training_inventory	SYNTHETIC_TEACHING_FIXTURE
REQ_SYN_SEG_0236_f3	SYN_SEG_0236	SYN_SEG_SPK_07	training	a	f3	2729.998	log_hz			7.912056155578	log_Hz	TRUE	eligible_complete_training_inventory	SYNTHETIC_TEACHING_FIXTURE
REQ_SYN_SEG_0236_f3	SYN_SEG_0236	SYN_SEG_SPK_07	training	a	f3	2729.998	within_speaker_z	2813.68108333333	402.443591581921	-0.207937422992357	z	TRUE	eligible_complete_training_inventory	SYNTHETIC_TEACHING_FIXTURE
REQ_SYN_SEG_0236_f3	SYN_SEG_0236	SYN_SEG_SPK_07	training	a	f3	2729.998	f3_reference_scaling		2729.729	2584.57867112523	Hz	TRUE	eligible_complete_training_inventory	SYNTHETIC_TEACHING_FIXTURE
REQ_SYN_SEG_0237_f1	SYN_SEG_0237	SYN_SEG_SPK_07	training	u	f1	385.637	raw_hz			385.637	Hz	TRUE	eligible_complete_training_inventory	SYNTHETIC_TEACHING_FIXTURE
REQ_SYN_SEG_0237_f1	SYN_SEG_0237	SYN_SEG_SPK_07	training	u	f1	385.637	log_hz			5.95489651248991	log_Hz	TRUE	eligible_complete_training_inventory	SYNTHETIC_TEACHING_FIXTURE
REQ_SYN_SEG_0237_f1	SYN_SEG_0237	SYN_SEG_SPK_07	training	u	f1	385.637	within_speaker_z	514.135416666667	241.363794474218	-0.532384805047439	z	TRUE	eligible_complete_training_inventory	SYNTHETIC_TEACHING_FIXTURE
REQ_SYN_SEG_0237_f1	SYN_SEG_0237	SYN_SEG_SPK_07	training	u	f1	385.637	f3_reference_scaling		2729.729	365.095199702241	Hz	TRUE	eligible_complete_training_inventory	SYNTHETIC_TEACHING_FIXTURE
REQ_SYN_SEG_0237_f2	SYN_SEG_0237	SYN_SEG_SPK_07	training	u	f2	991.099	raw_hz			991.099	Hz	TRUE	eligible_complete_training_inventory	SYNTHETIC_TEACHING_FIXTURE
REQ_SYN_SEG_0237_f2	SYN_SEG_0237	SYN_SEG_SPK_07	training	u	f2	991.099	log_hz			6.89881442843223	log_Hz	TRUE	eligible_complete_training_inventory	SYNTHETIC_TEACHING_FIXTURE
REQ_SYN_SEG_0237_f2	SYN_SEG_0237	SYN_SEG_SPK_07	training	u	f2	991.099	within_speaker_z	1600.8165	682.524171056301	-0.893327336754063	z	TRUE	eligible_complete_training_inventory	SYNTHETIC_TEACHING_FIXTURE
REQ_SYN_SEG_0237_f2	SYN_SEG_0237	SYN_SEG_SPK_07	training	u	f2	991.099	f3_reference_scaling		2729.729	938.305938822498	Hz	TRUE	eligible_complete_training_inventory	SYNTHETIC_TEACHING_FIXTURE
REQ_SYN_SEG_0237_f3	SYN_SEG_0237	SYN_SEG_SPK_07	training	u	f3	2344.797	raw_hz			2344.797	Hz	TRUE	eligible_complete_training_inventory	SYNTHETIC_TEACHING_FIXTURE
REQ_SYN_SEG_0237_f3	SYN_SEG_0237	SYN_SEG_SPK_07	training	u	f3	2344.797	log_hz			7.75995410996905	log_Hz	TRUE	eligible_complete_training_inventory	SYNTHETIC_TEACHING_FIXTURE
REQ_SYN_SEG_0237_f3	SYN_SEG_0237	SYN_SEG_SPK_07	training	u	f3	2344.797	within_speaker_z	2813.68108333333	402.443591581921	-1.16509268166067	z	TRUE	eligible_complete_training_inventory	SYNTHETIC_TEACHING_FIXTURE
REQ_SYN_SEG_0237_f3	SYN_SEG_0237	SYN_SEG_SPK_07	training	u	f3	2344.797	f3_reference_scaling		2729.729	2219.89624692708	Hz	TRUE	eligible_complete_training_inventory	SYNTHETIC_TEACHING_FIXTURE
REQ_SYN_SEG_0238_f1	SYN_SEG_0238	SYN_SEG_SPK_07	training	i	f1	318.363	raw_hz			318.363	Hz	TRUE	eligible_complete_training_inventory	SYNTHETIC_TEACHING_FIXTURE
REQ_SYN_SEG_0238_f1	SYN_SEG_0238	SYN_SEG_SPK_07	training	i	f1	318.363	log_hz			5.76319224118763	log_Hz	TRUE	eligible_complete_training_inventory	SYNTHETIC_TEACHING_FIXTURE
REQ_SYN_SEG_0238_f1	SYN_SEG_0238	SYN_SEG_SPK_07	training	i	f1	318.363	within_speaker_z	514.135416666667	241.363794474218	-0.811109292895952	z	TRUE	eligible_complete_training_inventory	SYNTHETIC_TEACHING_FIXTURE
REQ_SYN_SEG_0238_f1	SYN_SEG_0238	SYN_SEG_SPK_07	training	i	f1	318.363	f3_reference_scaling		2729.729	301.404696807632	Hz	TRUE	eligible_complete_training_inventory	SYNTHETIC_TEACHING_FIXTURE
REQ_SYN_SEG_0238_f2	SYN_SEG_0238	SYN_SEG_SPK_07	training	i	f2	2510.003	raw_hz			2510.003	Hz	TRUE	eligible_complete_training_inventory	SYNTHETIC_TEACHING_FIXTURE
REQ_SYN_SEG_0238_f2	SYN_SEG_0238	SYN_SEG_SPK_07	training	i	f2	2510.003	log_hz			7.82803922734424	log_Hz	TRUE	eligible_complete_training_inventory	SYNTHETIC_TEACHING_FIXTURE
REQ_SYN_SEG_0238_f2	SYN_SEG_0238	SYN_SEG_SPK_07	training	i	f2	2510.003	within_speaker_z	1600.8165	682.524171056301	1.33209421520253	z	TRUE	eligible_complete_training_inventory	SYNTHETIC_TEACHING_FIXTURE
REQ_SYN_SEG_0238_f2	SYN_SEG_0238	SYN_SEG_SPK_07	training	i	f2	2510.003	f3_reference_scaling		2729.729	2376.30218712993	Hz	TRUE	eligible_complete_training_inventory	SYNTHETIC_TEACHING_FIXTURE
REQ_SYN_SEG_0238_f3	SYN_SEG_0238	SYN_SEG_SPK_07	training	i	f3	3325.125	raw_hz			3325.125	Hz	TRUE	eligible_complete_training_inventory	SYNTHETIC_TEACHING_FIXTURE
REQ_SYN_SEG_0238_f3	SYN_SEG_0238	SYN_SEG_SPK_07	training	i	f3	3325.125	log_hz			8.10926254636828	log_Hz	TRUE	eligible_complete_training_inventory	SYNTHETIC_TEACHING_FIXTURE
REQ_SYN_SEG_0238_f3	SYN_SEG_0238	SYN_SEG_SPK_07	training	i	f3	3325.125	within_speaker_z	2813.68108333333	402.443591581921	1.27084621886086	z	TRUE	eligible_complete_training_inventory	SYNTHETIC_TEACHING_FIXTURE
REQ_SYN_SEG_0238_f3	SYN_SEG_0238	SYN_SEG_SPK_07	training	i	f3	3325.125	f3_reference_scaling		2729.729	3148.00492667953	Hz	TRUE	eligible_complete_training_inventory	SYNTHETIC_TEACHING_FIXTURE
REQ_SYN_SEG_0239_f1	SYN_SEG_0239	SYN_SEG_SPK_07	training	a	f1	873.941	raw_hz			873.941	Hz	TRUE	eligible_complete_training_inventory	SYNTHETIC_TEACHING_FIXTURE
REQ_SYN_SEG_0239_f1	SYN_SEG_0239	SYN_SEG_SPK_07	training	a	f1	873.941	log_hz			6.7730128676561	log_Hz	TRUE	eligible_complete_training_inventory	SYNTHETIC_TEACHING_FIXTURE
REQ_SYN_SEG_0239_f1	SYN_SEG_0239	SYN_SEG_SPK_07	training	a	f1	873.941	within_speaker_z	514.135416666667	241.363794474218	1.49071895441952	z	TRUE	eligible_complete_training_inventory	SYNTHETIC_TEACHING_FIXTURE
REQ_SYN_SEG_0239_f1	SYN_SEG_0239	SYN_SEG_SPK_07	training	a	f1	873.941	f3_reference_scaling		2729.729	827.388616556442	Hz	TRUE	eligible_complete_training_inventory	SYNTHETIC_TEACHING_FIXTURE
REQ_SYN_SEG_0239_f2	SYN_SEG_0239	SYN_SEG_SPK_07	training	a	f2	1299.433	raw_hz			1299.433	Hz	TRUE	eligible_complete_training_inventory	SYNTHETIC_TEACHING_FIXTURE
REQ_SYN_SEG_0239_f2	SYN_SEG_0239	SYN_SEG_SPK_07	training	a	f2	1299.433	log_hz			7.16968329446072	log_Hz	TRUE	eligible_complete_training_inventory	SYNTHETIC_TEACHING_FIXTURE
REQ_SYN_SEG_0239_f2	SYN_SEG_0239	SYN_SEG_SPK_07	training	a	f2	1299.433	within_speaker_z	1600.8165	682.524171056301	-0.441571907312187	z	TRUE	eligible_complete_training_inventory	SYNTHETIC_TEACHING_FIXTURE
REQ_SYN_SEG_0239_f2	SYN_SEG_0239	SYN_SEG_SPK_07	training	a	f2	1299.433	f3_reference_scaling		2729.729	1230.21585230329	Hz	TRUE	eligible_complete_training_inventory	SYNTHETIC_TEACHING_FIXTURE
REQ_SYN_SEG_0239_f3	SYN_SEG_0239	SYN_SEG_SPK_07	training	a	f3	2769.629	raw_hz			2769.629	Hz	TRUE	eligible_complete_training_inventory	SYNTHETIC_TEACHING_FIXTURE
REQ_SYN_SEG_0239_f3	SYN_SEG_0239	SYN_SEG_SPK_07	training	a	f3	2769.629	log_hz			7.92646865519324	log_Hz	TRUE	eligible_complete_training_inventory	SYNTHETIC_TEACHING_FIXTURE
REQ_SYN_SEG_0239_f3	SYN_SEG_0239	SYN_SEG_SPK_07	training	a	f3	2769.629	within_speaker_z	2813.68108333333	402.443591581921	-0.109461510270729	z	TRUE	eligible_complete_training_inventory	SYNTHETIC_TEACHING_FIXTURE
REQ_SYN_SEG_0239_f3	SYN_SEG_0239	SYN_SEG_SPK_07	training	a	f3	2769.629	f3_reference_scaling		2729.729	2622.09863902094	Hz	TRUE	eligible_complete_training_inventory	SYNTHETIC_TEACHING_FIXTURE
REQ_SYN_SEG_0240_f1	SYN_SEG_0240	SYN_SEG_SPK_07	training	u	f1	390.892	raw_hz			390.892	Hz	TRUE	eligible_complete_training_inventory	SYNTHETIC_TEACHING_FIXTURE
REQ_SYN_SEG_0240_f1	SYN_SEG_0240	SYN_SEG_SPK_07	training	u	f1	390.892	log_hz			5.96843130699726	log_Hz	TRUE	eligible_complete_training_inventory	SYNTHETIC_TEACHING_FIXTURE
REQ_SYN_SEG_0240_f1	SYN_SEG_0240	SYN_SEG_SPK_07	training	u	f1	390.892	within_speaker_z	514.135416666667	241.363794474218	-0.51061269124948	z	TRUE	eligible_complete_training_inventory	SYNTHETIC_TEACHING_FIXTURE
REQ_SYN_SEG_0240_f1	SYN_SEG_0240	SYN_SEG_SPK_07	training	u	f1	390.892	f3_reference_scaling		2729.729	370.070280605877	Hz	TRUE	eligible_complete_training_inventory	SYNTHETIC_TEACHING_FIXTURE
REQ_SYN_SEG_0240_f2	SYN_SEG_0240	SYN_SEG_SPK_07	training	u	f2	1023.134	raw_hz			1023.134	Hz	TRUE	eligible_complete_training_inventory	SYNTHETIC_TEACHING_FIXTURE
REQ_SYN_SEG_0240_f2	SYN_SEG_0240	SYN_SEG_SPK_07	training	u	f2	1023.134	log_hz			6.93062574466582	log_Hz	TRUE	eligible_complete_training_inventory	SYNTHETIC_TEACHING_FIXTURE
REQ_SYN_SEG_0240_f2	SYN_SEG_0240	SYN_SEG_SPK_07	training	u	f2	1023.134	within_speaker_z	1600.8165	682.524171056301	-0.84639127007906	z	TRUE	eligible_complete_training_inventory	SYNTHETIC_TEACHING_FIXTURE
REQ_SYN_SEG_0240_f2	SYN_SEG_0240	SYN_SEG_SPK_07	training	u	f2	1023.134	f3_reference_scaling		2729.729	968.63452431212	Hz	TRUE	eligible_complete_training_inventory	SYNTHETIC_TEACHING_FIXTURE
REQ_SYN_SEG_0240_f3	SYN_SEG_0240	SYN_SEG_SPK_07	training	u	f3	2367.972	raw_hz			2367.972	Hz	TRUE	eligible_complete_training_inventory	SYNTHETIC_TEACHING_FIXTURE
REQ_SYN_SEG_0240_f3	SYN_SEG_0240	SYN_SEG_SPK_07	training	u	f3	2367.972	log_hz			7.76978917160966	log_Hz	TRUE	eligible_complete_training_inventory	SYNTHETIC_TEACHING_FIXTURE
REQ_SYN_SEG_0240_f3	SYN_SEG_0240	SYN_SEG_SPK_07	training	u	f3	2367.972	within_speaker_z	2813.68108333333	402.443591581921	-1.10750697155183	z	TRUE	eligible_complete_training_inventory	SYNTHETIC_TEACHING_FIXTURE
REQ_SYN_SEG_0240_f3	SYN_SEG_0240	SYN_SEG_SPK_07	training	u	f3	2367.972	f3_reference_scaling		2729.729	2241.83677974187	Hz	TRUE	eligible_complete_training_inventory	SYNTHETIC_TEACHING_FIXTURE
REQ_SYN_SEG_0265_f1	SYN_SEG_0265	SYN_SEG_SPK_08	training	i	f1	320.638	raw_hz			320.638	Hz	TRUE	eligible_complete_training_inventory	SYNTHETIC_TEACHING_FIXTURE
REQ_SYN_SEG_0265_f1	SYN_SEG_0265	SYN_SEG_SPK_08	training	i	f1	320.638	log_hz			5.77031276091204	log_Hz	TRUE	eligible_complete_training_inventory	SYNTHETIC_TEACHING_FIXTURE
REQ_SYN_SEG_0265_f1	SYN_SEG_0265	SYN_SEG_SPK_08	training	i	f1	320.638	within_speaker_z	473.605166666667	212.078141865781	-0.721277380690536	z	TRUE	eligible_complete_training_inventory	SYNTHETIC_TEACHING_FIXTURE
REQ_SYN_SEG_0265_f1	SYN_SEG_0265	SYN_SEG_SPK_08	training	i	f1	320.638	f3_reference_scaling		2525.5705	328.097148233241	Hz	TRUE	eligible_complete_training_inventory	SYNTHETIC_TEACHING_FIXTURE
REQ_SYN_SEG_0265_f2	SYN_SEG_0265	SYN_SEG_SPK_08	training	i	f2	2326.456	raw_hz			2326.456	Hz	TRUE	eligible_complete_training_inventory	SYNTHETIC_TEACHING_FIXTURE
REQ_SYN_SEG_0265_f2	SYN_SEG_0265	SYN_SEG_SPK_08	training	i	f2	2326.456	log_hz			7.75210135857631	log_Hz	TRUE	eligible_complete_training_inventory	SYNTHETIC_TEACHING_FIXTURE
REQ_SYN_SEG_0265_f2	SYN_SEG_0265	SYN_SEG_SPK_08	training	i	f2	2326.456	within_speaker_z	1467.75608333333	648.439174822471	1.32425669208181	z	TRUE	eligible_complete_training_inventory	SYNTHETIC_TEACHING_FIXTURE
REQ_SYN_SEG_0265_f2	SYN_SEG_0265	SYN_SEG_SPK_08	training	i	f2	2326.456	f3_reference_scaling		2525.5705	2380.57740844851	Hz	TRUE	eligible_complete_training_inventory	SYNTHETIC_TEACHING_FIXTURE
REQ_SYN_SEG_0265_f3	SYN_SEG_0265	SYN_SEG_SPK_08	training	i	f3	2995.629	raw_hz			2995.629	Hz	TRUE	eligible_complete_training_inventory	SYNTHETIC_TEACHING_FIXTURE
REQ_SYN_SEG_0265_f3	SYN_SEG_0265	SYN_SEG_SPK_08	training	i	f3	2995.629	log_hz			8.00490950519362	log_Hz	TRUE	eligible_complete_training_inventory	SYNTHETIC_TEACHING_FIXTURE
REQ_SYN_SEG_0265_f3	SYN_SEG_0265	SYN_SEG_SPK_08	training	i	f3	2995.629	within_speaker_z	2580.71666666667	322.023458906994	1.28845375036223	z	TRUE	eligible_complete_training_inventory	SYNTHETIC_TEACHING_FIXTURE
REQ_SYN_SEG_0265_f3	SYN_SEG_0265	SYN_SEG_SPK_08	training	i	f3	2995.629	f3_reference_scaling		2525.5705	3065.31768556689	Hz	TRUE	eligible_complete_training_inventory	SYNTHETIC_TEACHING_FIXTURE
REQ_SYN_SEG_0266_f1	SYN_SEG_0266	SYN_SEG_SPK_08	training	a	f1	771.046	raw_hz			771.046	Hz	TRUE	eligible_complete_training_inventory	SYNTHETIC_TEACHING_FIXTURE
REQ_SYN_SEG_0266_f1	SYN_SEG_0266	SYN_SEG_SPK_08	training	a	f1	771.046	log_hz			6.64774803455919	log_Hz	TRUE	eligible_complete_training_inventory	SYNTHETIC_TEACHING_FIXTURE
REQ_SYN_SEG_0266_f1	SYN_SEG_0266	SYN_SEG_SPK_08	training	a	f1	771.046	within_speaker_z	473.605166666667	212.078141865781	1.40250584391472	z	TRUE	eligible_complete_training_inventory	SYNTHETIC_TEACHING_FIXTURE
REQ_SYN_SEG_0266_f1	SYN_SEG_0266	SYN_SEG_SPK_08	training	a	f1	771.046	f3_reference_scaling		2525.5705	788.983195244005	Hz	TRUE	eligible_complete_training_inventory	SYNTHETIC_TEACHING_FIXTURE
REQ_SYN_SEG_0266_f2	SYN_SEG_0266	SYN_SEG_SPK_08	training	a	f2	1139.906	raw_hz			1139.906	Hz	TRUE	eligible_complete_training_inventory	SYNTHETIC_TEACHING_FIXTURE
REQ_SYN_SEG_0266_f2	SYN_SEG_0266	SYN_SEG_SPK_08	training	a	f2	1139.906	log_hz			7.0387010818485	log_Hz	TRUE	eligible_complete_training_inventory	SYNTHETIC_TEACHING_FIXTURE
REQ_SYN_SEG_0266_f2	SYN_SEG_0266	SYN_SEG_SPK_08	training	a	f2	1139.906	within_speaker_z	1467.75608333333	648.439174822471	-0.505598822623713	z	TRUE	eligible_complete_training_inventory	SYNTHETIC_TEACHING_FIXTURE
REQ_SYN_SEG_0266_f2	SYN_SEG_0266	SYN_SEG_SPK_08	training	a	f2	1139.906	f3_reference_scaling		2525.5705	1166.42415388682	Hz	TRUE	eligible_complete_training_inventory	SYNTHETIC_TEACHING_FIXTURE
REQ_SYN_SEG_0266_f3	SYN_SEG_0266	SYN_SEG_SPK_08	training	a	f3	2511.304	raw_hz			2511.304	Hz	TRUE	eligible_complete_training_inventory	SYNTHETIC_TEACHING_FIXTURE
REQ_SYN_SEG_0266_f3	SYN_SEG_0266	SYN_SEG_SPK_08	training	a	f3	2511.304	log_hz			7.82855741913339	log_Hz	TRUE	eligible_complete_training_inventory	SYNTHETIC_TEACHING_FIXTURE
REQ_SYN_SEG_0266_f3	SYN_SEG_0266	SYN_SEG_SPK_08	training	a	f3	2511.304	within_speaker_z	2580.71666666667	322.023458906994	-0.215551584043802	z	TRUE	eligible_complete_training_inventory	SYNTHETIC_TEACHING_FIXTURE
REQ_SYN_SEG_0266_f3	SYN_SEG_0266	SYN_SEG_SPK_08	training	a	f3	2511.304	f3_reference_scaling		2525.5705	2569.72561189482	Hz	TRUE	eligible_complete_training_inventory	SYNTHETIC_TEACHING_FIXTURE
REQ_SYN_SEG_0267_f1	SYN_SEG_0267	SYN_SEG_SPK_08	training	u	f1	362.12	raw_hz			362.12	Hz	TRUE	eligible_complete_training_inventory	SYNTHETIC_TEACHING_FIXTURE
REQ_SYN_SEG_0267_f1	SYN_SEG_0267	SYN_SEG_SPK_08	training	u	f1	362.12	log_hz			5.89197564860724	log_Hz	TRUE	eligible_complete_training_inventory	SYNTHETIC_TEACHING_FIXTURE
REQ_SYN_SEG_0267_f1	SYN_SEG_0267	SYN_SEG_SPK_08	training	u	f1	362.12	within_speaker_z	473.605166666667	212.078141865781	-0.525679665456626	z	TRUE	eligible_complete_training_inventory	SYNTHETIC_TEACHING_FIXTURE
REQ_SYN_SEG_0267_f1	SYN_SEG_0267	SYN_SEG_SPK_08	training	u	f1	362.12	f3_reference_scaling		2525.5705	370.54416294457	Hz	TRUE	eligible_complete_training_inventory	SYNTHETIC_TEACHING_FIXTURE
REQ_SYN_SEG_0267_f2	SYN_SEG_0267	SYN_SEG_SPK_08	training	u	f2	803.634	raw_hz			803.634	Hz	TRUE	eligible_complete_training_inventory	SYNTHETIC_TEACHING_FIXTURE
REQ_SYN_SEG_0267_f2	SYN_SEG_0267	SYN_SEG_SPK_08	training	u	f2	803.634	log_hz			6.68914394165252	log_Hz	TRUE	eligible_complete_training_inventory	SYNTHETIC_TEACHING_FIXTURE
REQ_SYN_SEG_0267_f2	SYN_SEG_0267	SYN_SEG_SPK_08	training	u	f2	803.634	within_speaker_z	1467.75608333333	648.439174822471	-1.02418562776556	z	TRUE	eligible_complete_training_inventory	SYNTHETIC_TEACHING_FIXTURE
REQ_SYN_SEG_0267_f2	SYN_SEG_0267	SYN_SEG_SPK_08	training	u	f2	803.634	f3_reference_scaling		2525.5705	822.329304771338	Hz	TRUE	eligible_complete_training_inventory	SYNTHETIC_TEACHING_FIXTURE
REQ_SYN_SEG_0267_f3	SYN_SEG_0267	SYN_SEG_SPK_08	training	u	f3	2279.233	raw_hz			2279.233	Hz	TRUE	eligible_complete_training_inventory	SYNTHETIC_TEACHING_FIXTURE
REQ_SYN_SEG_0267_f3	SYN_SEG_0267	SYN_SEG_SPK_08	training	u	f3	2279.233	log_hz			7.73159426184336	log_Hz	TRUE	eligible_complete_training_inventory	SYNTHETIC_TEACHING_FIXTURE
REQ_SYN_SEG_0267_f3	SYN_SEG_0267	SYN_SEG_SPK_08	training	u	f3	2279.233	within_speaker_z	2580.71666666667	322.023458906994	-0.936216472209686	z	TRUE	eligible_complete_training_inventory	SYNTHETIC_TEACHING_FIXTURE
REQ_SYN_SEG_0267_f3	SYN_SEG_0267	SYN_SEG_SPK_08	training	u	f3	2279.233	f3_reference_scaling		2525.5705	2332.25583823219	Hz	TRUE	eligible_complete_training_inventory	SYNTHETIC_TEACHING_FIXTURE
REQ_SYN_SEG_0268_f1	SYN_SEG_0268	SYN_SEG_SPK_08	training	i	f1	296.257	raw_hz			296.257	Hz	TRUE	eligible_complete_training_inventory	SYNTHETIC_TEACHING_FIXTURE
REQ_SYN_SEG_0268_f1	SYN_SEG_0268	SYN_SEG_SPK_08	training	i	f1	296.257	log_hz			5.69122732086217	log_Hz	TRUE	eligible_complete_training_inventory	SYNTHETIC_TEACHING_FIXTURE
REQ_SYN_SEG_0268_f1	SYN_SEG_0268	SYN_SEG_SPK_08	training	i	f1	296.257	within_speaker_z	473.605166666667	212.078141865781	-0.836239723275705	z	TRUE	eligible_complete_training_inventory	SYNTHETIC_TEACHING_FIXTURE
REQ_SYN_SEG_0268_f1	SYN_SEG_0268	SYN_SEG_SPK_08	training	i	f1	296.257	f3_reference_scaling		2525.5705	303.148961895144	Hz	TRUE	eligible_complete_training_inventory	SYNTHETIC_TEACHING_FIXTURE
REQ_SYN_SEG_0268_f2	SYN_SEG_0268	SYN_SEG_SPK_08	training	i	f2	2331.638	raw_hz			2331.638	Hz	TRUE	eligible_complete_training_inventory	SYNTHETIC_TEACHING_FIXTURE
REQ_SYN_SEG_0268_f2	SYN_SEG_0268	SYN_SEG_SPK_08	training	i	f2	2331.638	log_hz			7.75432630385983	log_Hz	TRUE	eligible_complete_training_inventory	SYNTHETIC_TEACHING_FIXTURE
REQ_SYN_SEG_0268_f2	SYN_SEG_0268	SYN_SEG_SPK_08	training	i	f2	2331.638	within_speaker_z	1467.75608333333	648.439174822471	1.33224818951319	z	TRUE	eligible_complete_training_inventory	SYNTHETIC_TEACHING_FIXTURE
REQ_SYN_SEG_0268_f2	SYN_SEG_0268	SYN_SEG_SPK_08	training	i	f2	2331.638	f3_reference_scaling		2525.5705	2385.87995968119	Hz	TRUE	eligible_complete_training_inventory	SYNTHETIC_TEACHING_FIXTURE
REQ_SYN_SEG_0268_f3	SYN_SEG_0268	SYN_SEG_SPK_08	training	i	f3	2964.214	raw_hz			2964.214	Hz	TRUE	eligible_complete_training_inventory	SYNTHETIC_TEACHING_FIXTURE
REQ_SYN_SEG_0268_f3	SYN_SEG_0268	SYN_SEG_SPK_08	training	i	f3	2964.214	log_hz			7.9943671835398	log_Hz	TRUE	eligible_complete_training_inventory	SYNTHETIC_TEACHING_FIXTURE
REQ_SYN_SEG_0268_f3	SYN_SEG_0268	SYN_SEG_SPK_08	training	i	f3	2964.214	within_speaker_z	2580.71666666667	322.023458906994	1.19089874580875	z	TRUE	eligible_complete_training_inventory	SYNTHETIC_TEACHING_FIXTURE
REQ_SYN_SEG_0268_f3	SYN_SEG_0268	SYN_SEG_SPK_08	training	i	f3	2964.214	f3_reference_scaling		2525.5705	3033.17186407428	Hz	TRUE	eligible_complete_training_inventory	SYNTHETIC_TEACHING_FIXTURE
REQ_SYN_SEG_0269_f1	SYN_SEG_0269	SYN_SEG_SPK_08	training	a	f1	764.251	raw_hz			764.251	Hz	TRUE	eligible_complete_training_inventory	SYNTHETIC_TEACHING_FIXTURE
REQ_SYN_SEG_0269_f1	SYN_SEG_0269	SYN_SEG_SPK_08	training	a	f1	764.251	log_hz			6.63889626924245	log_Hz	TRUE	eligible_complete_training_inventory	SYNTHETIC_TEACHING_FIXTURE
REQ_SYN_SEG_0269_f1	SYN_SEG_0269	SYN_SEG_SPK_08	training	a	f1	764.251	within_speaker_z	473.605166666667	212.078141865781	1.37046576689301	z	TRUE	eligible_complete_training_inventory	SYNTHETIC_TEACHING_FIXTURE
REQ_SYN_SEG_0269_f1	SYN_SEG_0269	SYN_SEG_SPK_08	training	a	f1	764.251	f3_reference_scaling		2525.5705	782.030120055647	Hz	TRUE	eligible_complete_training_inventory	SYNTHETIC_TEACHING_FIXTURE
REQ_SYN_SEG_0269_f2	SYN_SEG_0269	SYN_SEG_SPK_08	training	a	f2	1162.929	raw_hz			1162.929	Hz	TRUE	eligible_complete_training_inventory	SYNTHETIC_TEACHING_FIXTURE
REQ_SYN_SEG_0269_f2	SYN_SEG_0269	SYN_SEG_SPK_08	training	a	f2	1162.929	log_hz			7.05869710164392	log_Hz	TRUE	eligible_complete_training_inventory	SYNTHETIC_TEACHING_FIXTURE
REQ_SYN_SEG_0269_f2	SYN_SEG_0269	SYN_SEG_SPK_08	training	a	f2	1162.929	within_speaker_z	1467.75608333333	648.439174822471	-0.470093564931188	z	TRUE	eligible_complete_training_inventory	SYNTHETIC_TEACHING_FIXTURE
REQ_SYN_SEG_0269_f2	SYN_SEG_0269	SYN_SEG_SPK_08	training	a	f2	1162.929	f3_reference_scaling		2525.5705	1189.9827484507	Hz	TRUE	eligible_complete_training_inventory	SYNTHETIC_TEACHING_FIXTURE
REQ_SYN_SEG_0269_f3	SYN_SEG_0269	SYN_SEG_SPK_08	training	a	f3	2595.936	raw_hz			2595.936	Hz	TRUE	eligible_complete_training_inventory	SYNTHETIC_TEACHING_FIXTURE
REQ_SYN_SEG_0269_f3	SYN_SEG_0269	SYN_SEG_SPK_08	training	a	f3	2595.936	log_hz			7.86170242420729	log_Hz	TRUE	eligible_complete_training_inventory	SYNTHETIC_TEACHING_FIXTURE
REQ_SYN_SEG_0269_f3	SYN_SEG_0269	SYN_SEG_SPK_08	training	a	f3	2595.936	within_speaker_z	2580.71666666667	322.023458906994	0.0472615671696424	z	TRUE	eligible_complete_training_inventory	SYNTHETIC_TEACHING_FIXTURE
REQ_SYN_SEG_0269_f3	SYN_SEG_0269	SYN_SEG_SPK_08	training	a	f3	2595.936	f3_reference_scaling		2525.5705	2656.32644476327	Hz	TRUE	eligible_complete_training_inventory	SYNTHETIC_TEACHING_FIXTURE
REQ_SYN_SEG_0270_f1	SYN_SEG_0270	SYN_SEG_SPK_08	training	u	f1	329.649	raw_hz			329.649	Hz	TRUE	eligible_complete_training_inventory	SYNTHETIC_TEACHING_FIXTURE
REQ_SYN_SEG_0270_f1	SYN_SEG_0270	SYN_SEG_SPK_08	training	u	f1	329.649	log_hz			5.79802845203431	log_Hz	TRUE	eligible_complete_training_inventory	SYNTHETIC_TEACHING_FIXTURE
REQ_SYN_SEG_0270_f1	SYN_SEG_0270	SYN_SEG_SPK_08	training	u	f1	329.649	within_speaker_z	473.605166666667	212.078141865781	-0.678788324907961	z	TRUE	eligible_complete_training_inventory	SYNTHETIC_TEACHING_FIXTURE
REQ_SYN_SEG_0270_f1	SYN_SEG_0270	SYN_SEG_SPK_08	training	u	f1	329.649	f3_reference_scaling		2525.5705	337.317775241673	Hz	TRUE	eligible_complete_training_inventory	SYNTHETIC_TEACHING_FIXTURE
REQ_SYN_SEG_0270_f2	SYN_SEG_0270	SYN_SEG_SPK_08	training	u	f2	940.203	raw_hz			940.203	Hz	TRUE	eligible_complete_training_inventory	SYNTHETIC_TEACHING_FIXTURE
REQ_SYN_SEG_0270_f2	SYN_SEG_0270	SYN_SEG_SPK_08	training	u	f2	940.203	log_hz			6.8460958093954	log_Hz	TRUE	eligible_complete_training_inventory	SYNTHETIC_TEACHING_FIXTURE
REQ_SYN_SEG_0270_f2	SYN_SEG_0270	SYN_SEG_SPK_08	training	u	f2	940.203	within_speaker_z	1467.75608333333	648.439174822471	-0.813573738011382	z	TRUE	eligible_complete_training_inventory	SYNTHETIC_TEACHING_FIXTURE
REQ_SYN_SEG_0270_f2	SYN_SEG_0270	SYN_SEG_SPK_08	training	u	f2	940.203	f3_reference_scaling		2525.5705	962.075371791047	Hz	TRUE	eligible_complete_training_inventory	SYNTHETIC_TEACHING_FIXTURE
REQ_SYN_SEG_0270_f3	SYN_SEG_0270	SYN_SEG_SPK_08	training	u	f3	2212.679	raw_hz			2212.679	Hz	TRUE	eligible_complete_training_inventory	SYNTHETIC_TEACHING_FIXTURE
REQ_SYN_SEG_0270_f3	SYN_SEG_0270	SYN_SEG_SPK_08	training	u	f3	2212.679	log_hz			7.70195927756434	log_Hz	TRUE	eligible_complete_training_inventory	SYNTHETIC_TEACHING_FIXTURE
REQ_SYN_SEG_0270_f3	SYN_SEG_0270	SYN_SEG_SPK_08	training	u	f3	2212.679	within_speaker_z	2580.71666666667	322.023458906994	-1.1428908561999	z	TRUE	eligible_complete_training_inventory	SYNTHETIC_TEACHING_FIXTURE
REQ_SYN_SEG_0270_f3	SYN_SEG_0270	SYN_SEG_SPK_08	training	u	f3	2212.679	f3_reference_scaling		2525.5705	2264.15356213418	Hz	TRUE	eligible_complete_training_inventory	SYNTHETIC_TEACHING_FIXTURE
REQ_SYN_SEG_0271_f1	SYN_SEG_0271	SYN_SEG_SPK_08	training	i	f1	311.876	raw_hz			311.876	Hz	TRUE	eligible_complete_training_inventory	SYNTHETIC_TEACHING_FIXTURE
REQ_SYN_SEG_0271_f1	SYN_SEG_0271	SYN_SEG_SPK_08	training	i	f1	311.876	log_hz			5.74260567291347	log_Hz	TRUE	eligible_complete_training_inventory	SYNTHETIC_TEACHING_FIXTURE
REQ_SYN_SEG_0271_f1	SYN_SEG_0271	SYN_SEG_SPK_08	training	i	f1	311.876	within_speaker_z	473.605166666667	212.078141865781	-0.762592340935451	z	TRUE	eligible_complete_training_inventory	SYNTHETIC_TEACHING_FIXTURE
REQ_SYN_SEG_0271_f1	SYN_SEG_0271	SYN_SEG_SPK_08	training	i	f1	311.876	f3_reference_scaling		2525.5705	319.13131382553	Hz	TRUE	eligible_complete_training_inventory	SYNTHETIC_TEACHING_FIXTURE
REQ_SYN_SEG_0271_f2	SYN_SEG_0271	SYN_SEG_SPK_08	training	i	f2	2340.498	raw_hz			2340.498	Hz	TRUE	eligible_complete_training_inventory	SYNTHETIC_TEACHING_FIXTURE
REQ_SYN_SEG_0271_f2	SYN_SEG_0271	SYN_SEG_SPK_08	training	i	f2	2340.498	log_hz			7.7581190062215	log_Hz	TRUE	eligible_complete_training_inventory	SYNTHETIC_TEACHING_FIXTURE
REQ_SYN_SEG_0271_f2	SYN_SEG_0271	SYN_SEG_SPK_08	training	i	f2	2340.498	within_speaker_z	1467.75608333333	648.439174822471	1.34591176867993	z	TRUE	eligible_complete_training_inventory	SYNTHETIC_TEACHING_FIXTURE
REQ_SYN_SEG_0271_f2	SYN_SEG_0271	SYN_SEG_SPK_08	training	i	f2	2340.498	f3_reference_scaling		2525.5705	2394.94607390766	Hz	TRUE	eligible_complete_training_inventory	SYNTHETIC_TEACHING_FIXTURE
REQ_SYN_SEG_0271_f3	SYN_SEG_0271	SYN_SEG_SPK_08	training	i	f3	3037.425	raw_hz			3037.425	Hz	TRUE	eligible_complete_training_inventory	SYNTHETIC_TEACHING_FIXTURE
REQ_SYN_SEG_0271_f3	SYN_SEG_0271	SYN_SEG_SPK_08	training	i	f3	3037.425	log_hz			8.01876539598594	log_Hz	TRUE	eligible_complete_training_inventory	SYNTHETIC_TEACHING_FIXTURE
REQ_SYN_SEG_0271_f3	SYN_SEG_0271	SYN_SEG_SPK_08	training	i	f3	3037.425	within_speaker_z	2580.71666666667	322.023458906994	1.4182455367801	z	TRUE	eligible_complete_training_inventory	SYNTHETIC_TEACHING_FIXTURE
REQ_SYN_SEG_0271_f3	SYN_SEG_0271	SYN_SEG_SPK_08	training	i	f3	3037.425	f3_reference_scaling		2525.5705	3108.08600500362	Hz	TRUE	eligible_complete_training_inventory	SYNTHETIC_TEACHING_FIXTURE
REQ_SYN_SEG_0272_f1	SYN_SEG_0272	SYN_SEG_SPK_08	training	a	f1	736.833	raw_hz			736.833	Hz	TRUE	eligible_complete_training_inventory	SYNTHETIC_TEACHING_FIXTURE
REQ_SYN_SEG_0272_f1	SYN_SEG_0272	SYN_SEG_SPK_08	training	a	f1	736.833	log_hz			6.60236127221175	log_Hz	TRUE	eligible_complete_training_inventory	SYNTHETIC_TEACHING_FIXTURE
REQ_SYN_SEG_0272_f1	SYN_SEG_0272	SYN_SEG_SPK_08	training	a	f1	736.833	within_speaker_z	473.605166666667	212.078141865781	1.24118323094288	z	TRUE	eligible_complete_training_inventory	SYNTHETIC_TEACHING_FIXTURE
REQ_SYN_SEG_0272_f1	SYN_SEG_0272	SYN_SEG_SPK_08	training	a	f1	736.833	f3_reference_scaling		2525.5705	753.974282599516	Hz	TRUE	eligible_complete_training_inventory	SYNTHETIC_TEACHING_FIXTURE
REQ_SYN_SEG_0272_f2	SYN_SEG_0272	SYN_SEG_SPK_08	training	a	f2	1289.449	raw_hz			1289.449	Hz	TRUE	eligible_complete_training_inventory	SYNTHETIC_TEACHING_FIXTURE
REQ_SYN_SEG_0272_f2	SYN_SEG_0272	SYN_SEG_SPK_08	training	a	f2	1289.449	log_hz			7.16197027432601	log_Hz	TRUE	eligible_complete_training_inventory	SYNTHETIC_TEACHING_FIXTURE
REQ_SYN_SEG_0272_f2	SYN_SEG_0272	SYN_SEG_SPK_08	training	a	f2	1289.449	within_speaker_z	1467.75608333333	648.439174822471	-0.274978888161947	z	TRUE	eligible_complete_training_inventory	SYNTHETIC_TEACHING_FIXTURE
REQ_SYN_SEG_0272_f2	SYN_SEG_0272	SYN_SEG_SPK_08	training	a	f2	1289.449	f3_reference_scaling		2525.5705	1319.44604099391	Hz	TRUE	eligible_complete_training_inventory	SYNTHETIC_TEACHING_FIXTURE
REQ_SYN_SEG_0272_f3	SYN_SEG_0272	SYN_SEG_SPK_08	training	a	f3	2539.837	raw_hz			2539.837	Hz	TRUE	eligible_complete_training_inventory	SYNTHETIC_TEACHING_FIXTURE
REQ_SYN_SEG_0272_f3	SYN_SEG_0272	SYN_SEG_SPK_08	training	a	f3	2539.837	log_hz			7.83985518472505	log_Hz	TRUE	eligible_complete_training_inventory	SYNTHETIC_TEACHING_FIXTURE
REQ_SYN_SEG_0272_f3	SYN_SEG_0272	SYN_SEG_SPK_08	training	a	f3	2539.837	within_speaker_z	2580.71666666667	322.023458906994	-0.126946238033154	z	TRUE	eligible_complete_training_inventory	SYNTHETIC_TEACHING_FIXTURE
REQ_SYN_SEG_0272_f3	SYN_SEG_0272	SYN_SEG_SPK_08	training	a	f3	2539.837	f3_reference_scaling		2525.5705	2598.92238810518	Hz	TRUE	eligible_complete_training_inventory	SYNTHETIC_TEACHING_FIXTURE
REQ_SYN_SEG_0273_f1	SYN_SEG_0273	SYN_SEG_SPK_08	training	u	f1	355.12	raw_hz			355.12	Hz	TRUE	eligible_complete_training_inventory	SYNTHETIC_TEACHING_FIXTURE
REQ_SYN_SEG_0273_f1	SYN_SEG_0273	SYN_SEG_SPK_08	training	u	f1	355.12	log_hz			5.87245576052578	log_Hz	TRUE	eligible_complete_training_inventory	SYNTHETIC_TEACHING_FIXTURE
REQ_SYN_SEG_0273_f1	SYN_SEG_0273	SYN_SEG_SPK_08	training	u	f1	355.12	within_speaker_z	473.605166666667	212.078141865781	-0.558686367318575	z	TRUE	eligible_complete_training_inventory	SYNTHETIC_TEACHING_FIXTURE
REQ_SYN_SEG_0273_f1	SYN_SEG_0273	SYN_SEG_SPK_08	training	u	f1	355.12	f3_reference_scaling		2525.5705	363.381318747586	Hz	TRUE	eligible_complete_training_inventory	SYNTHETIC_TEACHING_FIXTURE
REQ_SYN_SEG_0273_f2	SYN_SEG_0273	SYN_SEG_SPK_08	training	u	f2	913.614	raw_hz			913.614	Hz	TRUE	eligible_complete_training_inventory	SYNTHETIC_TEACHING_FIXTURE
REQ_SYN_SEG_0273_f2	SYN_SEG_0273	SYN_SEG_SPK_08	training	u	f2	913.614	log_hz			6.81740816277733	log_Hz	TRUE	eligible_complete_training_inventory	SYNTHETIC_TEACHING_FIXTURE
REQ_SYN_SEG_0273_f2	SYN_SEG_0273	SYN_SEG_SPK_08	training	u	f2	913.614	within_speaker_z	1467.75608333333	648.439174822471	-0.854578354993814	z	TRUE	eligible_complete_training_inventory	SYNTHETIC_TEACHING_FIXTURE
REQ_SYN_SEG_0273_f2	SYN_SEG_0273	SYN_SEG_SPK_08	training	u	f2	913.614	f3_reference_scaling		2525.5705	934.86781974053	Hz	TRUE	eligible_complete_training_inventory	SYNTHETIC_TEACHING_FIXTURE
REQ_SYN_SEG_0273_f3	SYN_SEG_0273	SYN_SEG_SPK_08	training	u	f3	2222.208	raw_hz			2222.208	Hz	TRUE	eligible_complete_training_inventory	SYNTHETIC_TEACHING_FIXTURE
REQ_SYN_SEG_0273_f3	SYN_SEG_0273	SYN_SEG_SPK_08	training	u	f3	2222.208	log_hz			7.70625657517943	log_Hz	TRUE	eligible_complete_training_inventory	SYNTHETIC_TEACHING_FIXTURE
REQ_SYN_SEG_0273_f3	SYN_SEG_0273	SYN_SEG_SPK_08	training	u	f3	2222.208	within_speaker_z	2580.71666666667	322.023458906994	-1.11329984431417	z	TRUE	eligible_complete_training_inventory	SYNTHETIC_TEACHING_FIXTURE
REQ_SYN_SEG_0273_f3	SYN_SEG_0273	SYN_SEG_SPK_08	training	u	f3	2222.208	f3_reference_scaling		2525.5705	2273.90423961319	Hz	TRUE	eligible_complete_training_inventory	SYNTHETIC_TEACHING_FIXTURE
REQ_SYN_SEG_0274_f1	SYN_SEG_0274	SYN_SEG_SPK_08	training	i	f1	313.373	raw_hz			313.373	Hz	TRUE	eligible_complete_training_inventory	SYNTHETIC_TEACHING_FIXTURE
REQ_SYN_SEG_0274_f1	SYN_SEG_0274	SYN_SEG_SPK_08	training	i	f1	313.373	log_hz			5.74739417432806	log_Hz	TRUE	eligible_complete_training_inventory	SYNTHETIC_TEACHING_FIXTURE
REQ_SYN_SEG_0274_f1	SYN_SEG_0274	SYN_SEG_SPK_08	training	i	f1	313.373	within_speaker_z	473.605166666667	212.078141865781	-0.755533621980117	z	TRUE	eligible_complete_training_inventory	SYNTHETIC_TEACHING_FIXTURE
REQ_SYN_SEG_0274_f1	SYN_SEG_0274	SYN_SEG_SPK_08	training	i	f1	313.373	f3_reference_scaling		2525.5705	320.663139220228	Hz	TRUE	eligible_complete_training_inventory	SYNTHETIC_TEACHING_FIXTURE
REQ_SYN_SEG_0274_f2	SYN_SEG_0274	SYN_SEG_SPK_08	training	i	f2	2299.227	raw_hz			2299.227	Hz	TRUE	eligible_complete_training_inventory	SYNTHETIC_TEACHING_FIXTURE
REQ_SYN_SEG_0274_f2	SYN_SEG_0274	SYN_SEG_SPK_08	training	i	f2	2299.227	log_hz			7.74032825847084	log_Hz	TRUE	eligible_complete_training_inventory	SYNTHETIC_TEACHING_FIXTURE
REQ_SYN_SEG_0274_f2	SYN_SEG_0274	SYN_SEG_SPK_08	training	i	f2	2299.227	within_speaker_z	1467.75608333333	648.439174822471	1.28226508969682	z	TRUE	eligible_complete_training_inventory	SYNTHETIC_TEACHING_FIXTURE
REQ_SYN_SEG_0274_f2	SYN_SEG_0274	SYN_SEG_SPK_08	training	i	f2	2299.227	f3_reference_scaling		2525.5705	2352.71496778569	Hz	TRUE	eligible_complete_training_inventory	SYNTHETIC_TEACHING_FIXTURE
REQ_SYN_SEG_0274_f3	SYN_SEG_0274	SYN_SEG_SPK_08	training	i	f3	2921.601	raw_hz			2921.601	Hz	TRUE	eligible_complete_training_inventory	SYNTHETIC_TEACHING_FIXTURE
REQ_SYN_SEG_0274_f3	SYN_SEG_0274	SYN_SEG_SPK_08	training	i	f3	2921.601	log_hz			7.9798870326788	log_Hz	TRUE	eligible_complete_training_inventory	SYNTHETIC_TEACHING_FIXTURE
REQ_SYN_SEG_0274_f3	SYN_SEG_0274	SYN_SEG_SPK_08	training	i	f3	2921.601	within_speaker_z	2580.71666666667	322.023458906994	1.05856987714608	z	TRUE	eligible_complete_training_inventory	SYNTHETIC_TEACHING_FIXTURE
REQ_SYN_SEG_0274_f3	SYN_SEG_0274	SYN_SEG_SPK_08	training	i	f3	2921.601	f3_reference_scaling		2525.5705	2989.5675383934	Hz	TRUE	eligible_complete_training_inventory	SYNTHETIC_TEACHING_FIXTURE
REQ_SYN_SEG_0275_f1	SYN_SEG_0275	SYN_SEG_SPK_08	training	a	f1	765.191	raw_hz			765.191	Hz	TRUE	eligible_complete_training_inventory	SYNTHETIC_TEACHING_FIXTURE
REQ_SYN_SEG_0275_f1	SYN_SEG_0275	SYN_SEG_SPK_08	training	a	f1	765.191	log_hz			6.64012547586598	log_Hz	TRUE	eligible_complete_training_inventory	SYNTHETIC_TEACHING_FIXTURE
REQ_SYN_SEG_0275_f1	SYN_SEG_0275	SYN_SEG_SPK_08	training	a	f1	765.191	within_speaker_z	473.605166666667	212.078141865781	1.37489809542876	z	TRUE	eligible_complete_training_inventory	SYNTHETIC_TEACHING_FIXTURE
REQ_SYN_SEG_0275_f1	SYN_SEG_0275	SYN_SEG_SPK_08	training	a	f1	765.191	f3_reference_scaling		2525.5705	782.991987704956	Hz	TRUE	eligible_complete_training_inventory	SYNTHETIC_TEACHING_FIXTURE
REQ_SYN_SEG_0275_f2	SYN_SEG_0275	SYN_SEG_SPK_08	training	a	f2	1193.135	raw_hz			1193.135	Hz	TRUE	eligible_complete_training_inventory	SYNTHETIC_TEACHING_FIXTURE
REQ_SYN_SEG_0275_f2	SYN_SEG_0275	SYN_SEG_SPK_08	training	a	f2	1193.135	log_hz			7.08433957579638	log_Hz	TRUE	eligible_complete_training_inventory	SYNTHETIC_TEACHING_FIXTURE
REQ_SYN_SEG_0275_f2	SYN_SEG_0275	SYN_SEG_SPK_08	training	a	f2	1193.135	within_speaker_z	1467.75608333333	648.439174822471	-0.423510938259582	z	TRUE	eligible_complete_training_inventory	SYNTHETIC_TEACHING_FIXTURE
REQ_SYN_SEG_0275_f2	SYN_SEG_0275	SYN_SEG_SPK_08	training	a	f2	1193.135	f3_reference_scaling		2525.5705	1220.89144442414	Hz	TRUE	eligible_complete_training_inventory	SYNTHETIC_TEACHING_FIXTURE
REQ_SYN_SEG_0275_f3	SYN_SEG_0275	SYN_SEG_SPK_08	training	a	f3	2452.139	raw_hz			2452.139	Hz	TRUE	eligible_complete_training_inventory	SYNTHETIC_TEACHING_FIXTURE
REQ_SYN_SEG_0275_f3	SYN_SEG_0275	SYN_SEG_SPK_08	training	a	f3	2452.139	log_hz			7.80471598386699	log_Hz	TRUE	eligible_complete_training_inventory	SYNTHETIC_TEACHING_FIXTURE
REQ_SYN_SEG_0275_f3	SYN_SEG_0275	SYN_SEG_SPK_08	training	a	f3	2452.139	within_speaker_z	2580.71666666667	322.023458906994	-0.399280434733179	z	TRUE	eligible_complete_training_inventory	SYNTHETIC_TEACHING_FIXTURE
REQ_SYN_SEG_0275_f3	SYN_SEG_0275	SYN_SEG_SPK_08	training	a	f3	2452.139	f3_reference_scaling		2525.5705	2509.18422947845	Hz	TRUE	eligible_complete_training_inventory	SYNTHETIC_TEACHING_FIXTURE
REQ_SYN_SEG_0276_f1	SYN_SEG_0276	SYN_SEG_SPK_08	training	u	f1	356.908	raw_hz			356.908	Hz	TRUE	eligible_complete_training_inventory	SYNTHETIC_TEACHING_FIXTURE
REQ_SYN_SEG_0276_f1	SYN_SEG_0276	SYN_SEG_SPK_08	training	u	f1	356.908	log_hz			5.87747804548726	log_Hz	TRUE	eligible_complete_training_inventory	SYNTHETIC_TEACHING_FIXTURE
REQ_SYN_SEG_0276_f1	SYN_SEG_0276	SYN_SEG_SPK_08	training	u	f1	356.908	within_speaker_z	473.605166666667	212.078141865781	-0.550255512614408	z	TRUE	eligible_complete_training_inventory	SYNTHETIC_TEACHING_FIXTURE
REQ_SYN_SEG_0276_f1	SYN_SEG_0276	SYN_SEG_SPK_08	training	u	f1	356.908	f3_reference_scaling		2525.5705	365.210913808187	Hz	TRUE	eligible_complete_training_inventory	SYNTHETIC_TEACHING_FIXTURE
REQ_SYN_SEG_0276_f2	SYN_SEG_0276	SYN_SEG_SPK_08	training	u	f2	872.384	raw_hz			872.384	Hz	TRUE	eligible_complete_training_inventory	SYNTHETIC_TEACHING_FIXTURE
REQ_SYN_SEG_0276_f2	SYN_SEG_0276	SYN_SEG_SPK_08	training	u	f2	872.384	log_hz			6.77122969394838	log_Hz	TRUE	eligible_complete_training_inventory	SYNTHETIC_TEACHING_FIXTURE
REQ_SYN_SEG_0276_f2	SYN_SEG_0276	SYN_SEG_SPK_08	training	u	f2	872.384	within_speaker_z	1467.75608333333	648.439174822471	-0.918161805224575	z	TRUE	eligible_complete_training_inventory	SYNTHETIC_TEACHING_FIXTURE
REQ_SYN_SEG_0276_f2	SYN_SEG_0276	SYN_SEG_SPK_08	training	u	f2	872.384	f3_reference_scaling		2525.5705	892.678667420292	Hz	TRUE	eligible_complete_training_inventory	SYNTHETIC_TEACHING_FIXTURE
REQ_SYN_SEG_0276_f3	SYN_SEG_0276	SYN_SEG_SPK_08	training	u	f3	2236.395	raw_hz			2236.395	Hz	TRUE	eligible_complete_training_inventory	SYNTHETIC_TEACHING_FIXTURE
REQ_SYN_SEG_0276_f3	SYN_SEG_0276	SYN_SEG_SPK_08	training	u	f3	2236.395	log_hz			7.71262047341399	log_Hz	TRUE	eligible_complete_training_inventory	SYNTHETIC_TEACHING_FIXTURE
REQ_SYN_SEG_0276_f3	SYN_SEG_0276	SYN_SEG_SPK_08	training	u	f3	2236.395	within_speaker_z	2580.71666666667	322.023458906994	-1.06924404773291	z	TRUE	eligible_complete_training_inventory	SYNTHETIC_TEACHING_FIXTURE
REQ_SYN_SEG_0276_f3	SYN_SEG_0276	SYN_SEG_SPK_08	training	u	f3	2236.395	f3_reference_scaling		2525.5705	2288.42127827356	Hz	TRUE	eligible_complete_training_inventory	SYNTHETIC_TEACHING_FIXTURE
REQ_SYN_SEG_0301_f1	SYN_SEG_0301	SYN_SEG_SPK_09	training	i	f1	292.258	raw_hz			292.258	Hz	FALSE	incomplete_reference_inventory	SYNTHETIC_TEACHING_FIXTURE
REQ_SYN_SEG_0301_f1	SYN_SEG_0301	SYN_SEG_SPK_09	training	i	f1	292.258	log_hz			5.6776369738013	log_Hz	FALSE	incomplete_reference_inventory	SYNTHETIC_TEACHING_FIXTURE
REQ_SYN_SEG_0301_f1	SYN_SEG_0301	SYN_SEG_SPK_09	training	i	f1	292.258	within_speaker_z				z	FALSE	incomplete_reference_inventory	SYNTHETIC_TEACHING_FIXTURE
REQ_SYN_SEG_0301_f1	SYN_SEG_0301	SYN_SEG_SPK_09	training	i	f1	292.258	f3_reference_scaling				Hz	FALSE	incomplete_reference_inventory	SYNTHETIC_TEACHING_FIXTURE
REQ_SYN_SEG_0301_f2	SYN_SEG_0301	SYN_SEG_SPK_09	training	i	f2	2476.774	raw_hz			2476.774	Hz	FALSE	incomplete_reference_inventory	SYNTHETIC_TEACHING_FIXTURE
REQ_SYN_SEG_0301_f2	SYN_SEG_0301	SYN_SEG_SPK_09	training	i	f2	2476.774	log_hz			7.81471218592429	log_Hz	FALSE	incomplete_reference_inventory	SYNTHETIC_TEACHING_FIXTURE
REQ_SYN_SEG_0301_f2	SYN_SEG_0301	SYN_SEG_SPK_09	training	i	f2	2476.774	within_speaker_z				z	FALSE	incomplete_reference_inventory	SYNTHETIC_TEACHING_FIXTURE
REQ_SYN_SEG_0301_f2	SYN_SEG_0301	SYN_SEG_SPK_09	training	i	f2	2476.774	f3_reference_scaling				Hz	FALSE	incomplete_reference_inventory	SYNTHETIC_TEACHING_FIXTURE
REQ_SYN_SEG_0301_f3	SYN_SEG_0301	SYN_SEG_SPK_09	training	i	f3	3253.825	raw_hz			3253.825	Hz	FALSE	incomplete_reference_inventory	SYNTHETIC_TEACHING_FIXTURE
REQ_SYN_SEG_0301_f3	SYN_SEG_0301	SYN_SEG_SPK_09	training	i	f3	3253.825	log_hz			8.08758650636967	log_Hz	FALSE	incomplete_reference_inventory	SYNTHETIC_TEACHING_FIXTURE
REQ_SYN_SEG_0301_f3	SYN_SEG_0301	SYN_SEG_SPK_09	training	i	f3	3253.825	within_speaker_z				z	FALSE	incomplete_reference_inventory	SYNTHETIC_TEACHING_FIXTURE
REQ_SYN_SEG_0301_f3	SYN_SEG_0301	SYN_SEG_SPK_09	training	i	f3	3253.825	f3_reference_scaling				Hz	FALSE	incomplete_reference_inventory	SYNTHETIC_TEACHING_FIXTURE
REQ_SYN_SEG_0302_f1	SYN_SEG_0302	SYN_SEG_SPK_09	training	a	f1	834.075	raw_hz			834.075	Hz	FALSE	incomplete_reference_inventory	SYNTHETIC_TEACHING_FIXTURE
REQ_SYN_SEG_0302_f1	SYN_SEG_0302	SYN_SEG_SPK_09	training	a	f1	834.075	log_hz			6.72632332637302	log_Hz	FALSE	incomplete_reference_inventory	SYNTHETIC_TEACHING_FIXTURE
REQ_SYN_SEG_0302_f1	SYN_SEG_0302	SYN_SEG_SPK_09	training	a	f1	834.075	within_speaker_z				z	FALSE	incomplete_reference_inventory	SYNTHETIC_TEACHING_FIXTURE
REQ_SYN_SEG_0302_f1	SYN_SEG_0302	SYN_SEG_SPK_09	training	a	f1	834.075	f3_reference_scaling				Hz	FALSE	incomplete_reference_inventory	SYNTHETIC_TEACHING_FIXTURE
REQ_SYN_SEG_0302_f2	SYN_SEG_0302	SYN_SEG_SPK_09	training	a	f2	1370.166	raw_hz			1370.166	Hz	FALSE	incomplete_reference_inventory	SYNTHETIC_TEACHING_FIXTURE
REQ_SYN_SEG_0302_f2	SYN_SEG_0302	SYN_SEG_SPK_09	training	a	f2	1370.166	log_hz			7.22268717936515	log_Hz	FALSE	incomplete_reference_inventory	SYNTHETIC_TEACHING_FIXTURE
REQ_SYN_SEG_0302_f2	SYN_SEG_0302	SYN_SEG_SPK_09	training	a	f2	1370.166	within_speaker_z				z	FALSE	incomplete_reference_inventory	SYNTHETIC_TEACHING_FIXTURE
REQ_SYN_SEG_0302_f2	SYN_SEG_0302	SYN_SEG_SPK_09	training	a	f2	1370.166	f3_reference_scaling				Hz	FALSE	incomplete_reference_inventory	SYNTHETIC_TEACHING_FIXTURE
REQ_SYN_SEG_0302_f3	SYN_SEG_0302	SYN_SEG_SPK_09	training	a	f3	2684.717	raw_hz			2684.717	Hz	FALSE	incomplete_reference_inventory	SYNTHETIC_TEACHING_FIXTURE
REQ_SYN_SEG_0302_f3	SYN_SEG_0302	SYN_SEG_SPK_09	training	a	f3	2684.717	log_hz			7.89533060101552	log_Hz	FALSE	incomplete_reference_inventory	SYNTHETIC_TEACHING_FIXTURE
REQ_SYN_SEG_0302_f3	SYN_SEG_0302	SYN_SEG_SPK_09	training	a	f3	2684.717	within_speaker_z				z	FALSE	incomplete_reference_inventory	SYNTHETIC_TEACHING_FIXTURE
REQ_SYN_SEG_0302_f3	SYN_SEG_0302	SYN_SEG_SPK_09	training	a	f3	2684.717	f3_reference_scaling				Hz	FALSE	incomplete_reference_inventory	SYNTHETIC_TEACHING_FIXTURE
REQ_SYN_SEG_0303_f1	SYN_SEG_0303	SYN_SEG_SPK_09	training	a	f1	785.316	raw_hz			785.316	Hz	FALSE	incomplete_reference_inventory	SYNTHETIC_TEACHING_FIXTURE
REQ_SYN_SEG_0303_f1	SYN_SEG_0303	SYN_SEG_SPK_09	training	a	f1	785.316	log_hz			6.66608618455249	log_Hz	FALSE	incomplete_reference_inventory	SYNTHETIC_TEACHING_FIXTURE
REQ_SYN_SEG_0303_f1	SYN_SEG_0303	SYN_SEG_SPK_09	training	a	f1	785.316	within_speaker_z				z	FALSE	incomplete_reference_inventory	SYNTHETIC_TEACHING_FIXTURE
REQ_SYN_SEG_0303_f1	SYN_SEG_0303	SYN_SEG_SPK_09	training	a	f1	785.316	f3_reference_scaling				Hz	FALSE	incomplete_reference_inventory	SYNTHETIC_TEACHING_FIXTURE
REQ_SYN_SEG_0303_f2	SYN_SEG_0303	SYN_SEG_SPK_09	training	a	f2	1267.453	raw_hz			1267.453	Hz	FALSE	incomplete_reference_inventory	SYNTHETIC_TEACHING_FIXTURE
REQ_SYN_SEG_0303_f2	SYN_SEG_0303	SYN_SEG_SPK_09	training	a	f2	1267.453	log_hz			7.14476465390998	log_Hz	FALSE	incomplete_reference_inventory	SYNTHETIC_TEACHING_FIXTURE
REQ_SYN_SEG_0303_f2	SYN_SEG_0303	SYN_SEG_SPK_09	training	a	f2	1267.453	within_speaker_z				z	FALSE	incomplete_reference_inventory	SYNTHETIC_TEACHING_FIXTURE
REQ_SYN_SEG_0303_f2	SYN_SEG_0303	SYN_SEG_SPK_09	training	a	f2	1267.453	f3_reference_scaling				Hz	FALSE	incomplete_reference_inventory	SYNTHETIC_TEACHING_FIXTURE
REQ_SYN_SEG_0303_f3	SYN_SEG_0303	SYN_SEG_SPK_09	training	a	f3	2670.874	raw_hz			2670.874	Hz	FALSE	incomplete_reference_inventory	SYNTHETIC_TEACHING_FIXTURE
REQ_SYN_SEG_0303_f3	SYN_SEG_0303	SYN_SEG_SPK_09	training	a	f3	2670.874	log_hz			7.89016103865395	log_Hz	FALSE	incomplete_reference_inventory	SYNTHETIC_TEACHING_FIXTURE
REQ_SYN_SEG_0303_f3	SYN_SEG_0303	SYN_SEG_SPK_09	training	a	f3	2670.874	within_speaker_z				z	FALSE	incomplete_reference_inventory	SYNTHETIC_TEACHING_FIXTURE
REQ_SYN_SEG_0303_f3	SYN_SEG_0303	SYN_SEG_SPK_09	training	a	f3	2670.874	f3_reference_scaling				Hz	FALSE	incomplete_reference_inventory	SYNTHETIC_TEACHING_FIXTURE
REQ_SYN_SEG_0304_f1	SYN_SEG_0304	SYN_SEG_SPK_09	training	i	f1	332.829	raw_hz			332.829	Hz	FALSE	incomplete_reference_inventory	SYNTHETIC_TEACHING_FIXTURE
REQ_SYN_SEG_0304_f1	SYN_SEG_0304	SYN_SEG_SPK_09	training	i	f1	332.829	log_hz			5.80762884457371	log_Hz	FALSE	incomplete_reference_inventory	SYNTHETIC_TEACHING_FIXTURE
REQ_SYN_SEG_0304_f1	SYN_SEG_0304	SYN_SEG_SPK_09	training	i	f1	332.829	within_speaker_z				z	FALSE	incomplete_reference_inventory	SYNTHETIC_TEACHING_FIXTURE
REQ_SYN_SEG_0304_f1	SYN_SEG_0304	SYN_SEG_SPK_09	training	i	f1	332.829	f3_reference_scaling				Hz	FALSE	incomplete_reference_inventory	SYNTHETIC_TEACHING_FIXTURE
REQ_SYN_SEG_0304_f2	SYN_SEG_0304	SYN_SEG_SPK_09	training	i	f2	2396.66	raw_hz			2396.66	Hz	FALSE	incomplete_reference_inventory	SYNTHETIC_TEACHING_FIXTURE
REQ_SYN_SEG_0304_f2	SYN_SEG_0304	SYN_SEG_SPK_09	training	i	f2	2396.66	log_hz			7.78183138040195	log_Hz	FALSE	incomplete_reference_inventory	SYNTHETIC_TEACHING_FIXTURE
REQ_SYN_SEG_0304_f2	SYN_SEG_0304	SYN_SEG_SPK_09	training	i	f2	2396.66	within_speaker_z				z	FALSE	incomplete_reference_inventory	SYNTHETIC_TEACHING_FIXTURE
REQ_SYN_SEG_0304_f2	SYN_SEG_0304	SYN_SEG_SPK_09	training	i	f2	2396.66	f3_reference_scaling				Hz	FALSE	incomplete_reference_inventory	SYNTHETIC_TEACHING_FIXTURE
REQ_SYN_SEG_0304_f3	SYN_SEG_0304	SYN_SEG_SPK_09	training	i	f3	3199.32	raw_hz			3199.32	Hz	FALSE	incomplete_reference_inventory	SYNTHETIC_TEACHING_FIXTURE
REQ_SYN_SEG_0304_f3	SYN_SEG_0304	SYN_SEG_SPK_09	training	i	f3	3199.32	log_hz			8.07069356620649	log_Hz	FALSE	incomplete_reference_inventory	SYNTHETIC_TEACHING_FIXTURE
REQ_SYN_SEG_0304_f3	SYN_SEG_0304	SYN_SEG_SPK_09	training	i	f3	3199.32	within_speaker_z				z	FALSE	incomplete_reference_inventory	SYNTHETIC_TEACHING_FIXTURE
REQ_SYN_SEG_0304_f3	SYN_SEG_0304	SYN_SEG_SPK_09	training	i	f3	3199.32	f3_reference_scaling				Hz	FALSE	incomplete_reference_inventory	SYNTHETIC_TEACHING_FIXTURE
REQ_SYN_SEG_0305_f1	SYN_SEG_0305	SYN_SEG_SPK_09	training	a	f1	809.838	raw_hz			809.838	Hz	FALSE	incomplete_reference_inventory	SYNTHETIC_TEACHING_FIXTURE
REQ_SYN_SEG_0305_f1	SYN_SEG_0305	SYN_SEG_SPK_09	training	a	f1	809.838	log_hz			6.69683422766382	log_Hz	FALSE	incomplete_reference_inventory	SYNTHETIC_TEACHING_FIXTURE
REQ_SYN_SEG_0305_f1	SYN_SEG_0305	SYN_SEG_SPK_09	training	a	f1	809.838	within_speaker_z				z	FALSE	incomplete_reference_inventory	SYNTHETIC_TEACHING_FIXTURE
REQ_SYN_SEG_0305_f1	SYN_SEG_0305	SYN_SEG_SPK_09	training	a	f1	809.838	f3_reference_scaling				Hz	FALSE	incomplete_reference_inventory	SYNTHETIC_TEACHING_FIXTURE
REQ_SYN_SEG_0305_f2	SYN_SEG_0305	SYN_SEG_SPK_09	training	a	f2	1329.315	raw_hz			1329.315	Hz	FALSE	incomplete_reference_inventory	SYNTHETIC_TEACHING_FIXTURE
REQ_SYN_SEG_0305_f2	SYN_SEG_0305	SYN_SEG_SPK_09	training	a	f2	1329.315	log_hz			7.1924190509444	log_Hz	FALSE	incomplete_reference_inventory	SYNTHETIC_TEACHING_FIXTURE
REQ_SYN_SEG_0305_f2	SYN_SEG_0305	SYN_SEG_SPK_09	training	a	f2	1329.315	within_speaker_z				z	FALSE	incomplete_reference_inventory	SYNTHETIC_TEACHING_FIXTURE
REQ_SYN_SEG_0305_f2	SYN_SEG_0305	SYN_SEG_SPK_09	training	a	f2	1329.315	f3_reference_scaling				Hz	FALSE	incomplete_reference_inventory	SYNTHETIC_TEACHING_FIXTURE
REQ_SYN_SEG_0305_f3	SYN_SEG_0305	SYN_SEG_SPK_09	training	a	f3	2651.276	raw_hz			2651.276	Hz	FALSE	incomplete_reference_inventory	SYNTHETIC_TEACHING_FIXTURE
REQ_SYN_SEG_0305_f3	SYN_SEG_0305	SYN_SEG_SPK_09	training	a	f3	2651.276	log_hz			7.88279631252576	log_Hz	FALSE	incomplete_reference_inventory	SYNTHETIC_TEACHING_FIXTURE
REQ_SYN_SEG_0305_f3	SYN_SEG_0305	SYN_SEG_SPK_09	training	a	f3	2651.276	within_speaker_z				z	FALSE	incomplete_reference_inventory	SYNTHETIC_TEACHING_FIXTURE
REQ_SYN_SEG_0305_f3	SYN_SEG_0305	SYN_SEG_SPK_09	training	a	f3	2651.276	f3_reference_scaling				Hz	FALSE	incomplete_reference_inventory	SYNTHETIC_TEACHING_FIXTURE
REQ_SYN_SEG_0306_f1	SYN_SEG_0306	SYN_SEG_SPK_09	training	a	f1	788.947	raw_hz			788.947	Hz	FALSE	incomplete_reference_inventory	SYNTHETIC_TEACHING_FIXTURE
REQ_SYN_SEG_0306_f1	SYN_SEG_0306	SYN_SEG_SPK_09	training	a	f1	788.947	log_hz			6.67069914495211	log_Hz	FALSE	incomplete_reference_inventory	SYNTHETIC_TEACHING_FIXTURE
REQ_SYN_SEG_0306_f1	SYN_SEG_0306	SYN_SEG_SPK_09	training	a	f1	788.947	within_speaker_z				z	FALSE	incomplete_reference_inventory	SYNTHETIC_TEACHING_FIXTURE
REQ_SYN_SEG_0306_f1	SYN_SEG_0306	SYN_SEG_SPK_09	training	a	f1	788.947	f3_reference_scaling				Hz	FALSE	incomplete_reference_inventory	SYNTHETIC_TEACHING_FIXTURE
REQ_SYN_SEG_0306_f2	SYN_SEG_0306	SYN_SEG_SPK_09	training	a	f2	1323.756	raw_hz			1323.756	Hz	FALSE	incomplete_reference_inventory	SYNTHETIC_TEACHING_FIXTURE
REQ_SYN_SEG_0306_f2	SYN_SEG_0306	SYN_SEG_SPK_09	training	a	f2	1323.756	log_hz			7.18822842948325	log_Hz	FALSE	incomplete_reference_inventory	SYNTHETIC_TEACHING_FIXTURE
REQ_SYN_SEG_0306_f2	SYN_SEG_0306	SYN_SEG_SPK_09	training	a	f2	1323.756	within_speaker_z				z	FALSE	incomplete_reference_inventory	SYNTHETIC_TEACHING_FIXTURE
REQ_SYN_SEG_0306_f2	SYN_SEG_0306	SYN_SEG_SPK_09	training	a	f2	1323.756	f3_reference_scaling				Hz	FALSE	incomplete_reference_inventory	SYNTHETIC_TEACHING_FIXTURE
REQ_SYN_SEG_0306_f3	SYN_SEG_0306	SYN_SEG_SPK_09	training	a	f3	2689.394	raw_hz			2689.394	Hz	FALSE	incomplete_reference_inventory	SYNTHETIC_TEACHING_FIXTURE
REQ_SYN_SEG_0306_f3	SYN_SEG_0306	SYN_SEG_SPK_09	training	a	f3	2689.394	log_hz			7.89707116840639	log_Hz	FALSE	incomplete_reference_inventory	SYNTHETIC_TEACHING_FIXTURE
REQ_SYN_SEG_0306_f3	SYN_SEG_0306	SYN_SEG_SPK_09	training	a	f3	2689.394	within_speaker_z				z	FALSE	incomplete_reference_inventory	SYNTHETIC_TEACHING_FIXTURE
REQ_SYN_SEG_0306_f3	SYN_SEG_0306	SYN_SEG_SPK_09	training	a	f3	2689.394	f3_reference_scaling				Hz	FALSE	incomplete_reference_inventory	SYNTHETIC_TEACHING_FIXTURE
REQ_SYN_SEG_0307_f1	SYN_SEG_0307	SYN_SEG_SPK_09	training	i	f1	285.067	raw_hz			285.067	Hz	FALSE	incomplete_reference_inventory	SYNTHETIC_TEACHING_FIXTURE
REQ_SYN_SEG_0307_f1	SYN_SEG_0307	SYN_SEG_SPK_09	training	i	f1	285.067	log_hz			5.65272424035916	log_Hz	FALSE	incomplete_reference_inventory	SYNTHETIC_TEACHING_FIXTURE
REQ_SYN_SEG_0307_f1	SYN_SEG_0307	SYN_SEG_SPK_09	training	i	f1	285.067	within_speaker_z				z	FALSE	incomplete_reference_inventory	SYNTHETIC_TEACHING_FIXTURE
REQ_SYN_SEG_0307_f1	SYN_SEG_0307	SYN_SEG_SPK_09	training	i	f1	285.067	f3_reference_scaling				Hz	FALSE	incomplete_reference_inventory	SYNTHETIC_TEACHING_FIXTURE
REQ_SYN_SEG_0307_f2	SYN_SEG_0307	SYN_SEG_SPK_09	training	i	f2	2479.367	raw_hz			2479.367	Hz	FALSE	incomplete_reference_inventory	SYNTHETIC_TEACHING_FIXTURE
REQ_SYN_SEG_0307_f2	SYN_SEG_0307	SYN_SEG_SPK_09	training	i	f2	2479.367	log_hz			7.81575856464378	log_Hz	FALSE	incomplete_reference_inventory	SYNTHETIC_TEACHING_FIXTURE
REQ_SYN_SEG_0307_f2	SYN_SEG_0307	SYN_SEG_SPK_09	training	i	f2	2479.367	within_speaker_z				z	FALSE	incomplete_reference_inventory	SYNTHETIC_TEACHING_FIXTURE
REQ_SYN_SEG_0307_f2	SYN_SEG_0307	SYN_SEG_SPK_09	training	i	f2	2479.367	f3_reference_scaling				Hz	FALSE	incomplete_reference_inventory	SYNTHETIC_TEACHING_FIXTURE
REQ_SYN_SEG_0307_f3	SYN_SEG_0307	SYN_SEG_SPK_09	training	i	f3	3251.387	raw_hz			3251.387	Hz	FALSE	incomplete_reference_inventory	SYNTHETIC_TEACHING_FIXTURE
REQ_SYN_SEG_0307_f3	SYN_SEG_0307	SYN_SEG_SPK_09	training	i	f3	3251.387	log_hz			8.08683695351447	log_Hz	FALSE	incomplete_reference_inventory	SYNTHETIC_TEACHING_FIXTURE
REQ_SYN_SEG_0307_f3	SYN_SEG_0307	SYN_SEG_SPK_09	training	i	f3	3251.387	within_speaker_z				z	FALSE	incomplete_reference_inventory	SYNTHETIC_TEACHING_FIXTURE
REQ_SYN_SEG_0307_f3	SYN_SEG_0307	SYN_SEG_SPK_09	training	i	f3	3251.387	f3_reference_scaling				Hz	FALSE	incomplete_reference_inventory	SYNTHETIC_TEACHING_FIXTURE
REQ_SYN_SEG_0308_f1	SYN_SEG_0308	SYN_SEG_SPK_09	training	a	f1	771.07	raw_hz			771.07	Hz	FALSE	incomplete_reference_inventory	SYNTHETIC_TEACHING_FIXTURE
REQ_SYN_SEG_0308_f1	SYN_SEG_0308	SYN_SEG_SPK_09	training	a	f1	771.07	log_hz			6.64777916062235	log_Hz	FALSE	incomplete_reference_inventory	SYNTHETIC_TEACHING_FIXTURE
REQ_SYN_SEG_0308_f1	SYN_SEG_0308	SYN_SEG_SPK_09	training	a	f1	771.07	within_speaker_z				z	FALSE	incomplete_reference_inventory	SYNTHETIC_TEACHING_FIXTURE
REQ_SYN_SEG_0308_f1	SYN_SEG_0308	SYN_SEG_SPK_09	training	a	f1	771.07	f3_reference_scaling				Hz	FALSE	incomplete_reference_inventory	SYNTHETIC_TEACHING_FIXTURE
REQ_SYN_SEG_0308_f2	SYN_SEG_0308	SYN_SEG_SPK_09	training	a	f2	1336.245	raw_hz			1336.245	Hz	FALSE	incomplete_reference_inventory	SYNTHETIC_TEACHING_FIXTURE
REQ_SYN_SEG_0308_f2	SYN_SEG_0308	SYN_SEG_SPK_09	training	a	f2	1336.245	log_hz			7.19761872051747	log_Hz	FALSE	incomplete_reference_inventory	SYNTHETIC_TEACHING_FIXTURE
REQ_SYN_SEG_0308_f2	SYN_SEG_0308	SYN_SEG_SPK_09	training	a	f2	1336.245	within_speaker_z				z	FALSE	incomplete_reference_inventory	SYNTHETIC_TEACHING_FIXTURE
REQ_SYN_SEG_0308_f2	SYN_SEG_0308	SYN_SEG_SPK_09	training	a	f2	1336.245	f3_reference_scaling				Hz	FALSE	incomplete_reference_inventory	SYNTHETIC_TEACHING_FIXTURE
REQ_SYN_SEG_0308_f3	SYN_SEG_0308	SYN_SEG_SPK_09	training	a	f3	2649.413	raw_hz			2649.413	Hz	FALSE	incomplete_reference_inventory	SYNTHETIC_TEACHING_FIXTURE
REQ_SYN_SEG_0308_f3	SYN_SEG_0308	SYN_SEG_SPK_09	training	a	f3	2649.413	log_hz			7.88209338500947	log_Hz	FALSE	incomplete_reference_inventory	SYNTHETIC_TEACHING_FIXTURE
REQ_SYN_SEG_0308_f3	SYN_SEG_0308	SYN_SEG_SPK_09	training	a	f3	2649.413	within_speaker_z				z	FALSE	incomplete_reference_inventory	SYNTHETIC_TEACHING_FIXTURE
REQ_SYN_SEG_0308_f3	SYN_SEG_0308	SYN_SEG_SPK_09	training	a	f3	2649.413	f3_reference_scaling				Hz	FALSE	incomplete_reference_inventory	SYNTHETIC_TEACHING_FIXTURE
REQ_SYN_SEG_0309_f1	SYN_SEG_0309	SYN_SEG_SPK_09	training	a	f1	801.123	raw_hz			801.123	Hz	FALSE	incomplete_reference_inventory	SYNTHETIC_TEACHING_FIXTURE
REQ_SYN_SEG_0309_f1	SYN_SEG_0309	SYN_SEG_SPK_09	training	a	f1	801.123	log_hz			6.68601449333196	log_Hz	FALSE	incomplete_reference_inventory	SYNTHETIC_TEACHING_FIXTURE
REQ_SYN_SEG_0309_f1	SYN_SEG_0309	SYN_SEG_SPK_09	training	a	f1	801.123	within_speaker_z				z	FALSE	incomplete_reference_inventory	SYNTHETIC_TEACHING_FIXTURE
REQ_SYN_SEG_0309_f1	SYN_SEG_0309	SYN_SEG_SPK_09	training	a	f1	801.123	f3_reference_scaling				Hz	FALSE	incomplete_reference_inventory	SYNTHETIC_TEACHING_FIXTURE
REQ_SYN_SEG_0309_f2	SYN_SEG_0309	SYN_SEG_SPK_09	training	a	f2	1341.784	raw_hz			1341.784	Hz	FALSE	incomplete_reference_inventory	SYNTHETIC_TEACHING_FIXTURE
REQ_SYN_SEG_0309_f2	SYN_SEG_0309	SYN_SEG_SPK_09	training	a	f2	1341.784	log_hz			7.20175535077688	log_Hz	FALSE	incomplete_reference_inventory	SYNTHETIC_TEACHING_FIXTURE
REQ_SYN_SEG_0309_f2	SYN_SEG_0309	SYN_SEG_SPK_09	training	a	f2	1341.784	within_speaker_z				z	FALSE	incomplete_reference_inventory	SYNTHETIC_TEACHING_FIXTURE
REQ_SYN_SEG_0309_f2	SYN_SEG_0309	SYN_SEG_SPK_09	training	a	f2	1341.784	f3_reference_scaling				Hz	FALSE	incomplete_reference_inventory	SYNTHETIC_TEACHING_FIXTURE
REQ_SYN_SEG_0309_f3	SYN_SEG_0309	SYN_SEG_SPK_09	training	a	f3	2744.316	raw_hz			2744.316	Hz	FALSE	incomplete_reference_inventory	SYNTHETIC_TEACHING_FIXTURE
REQ_SYN_SEG_0309_f3	SYN_SEG_0309	SYN_SEG_SPK_09	training	a	f3	2744.316	log_hz			7.91728714256519	log_Hz	FALSE	incomplete_reference_inventory	SYNTHETIC_TEACHING_FIXTURE
REQ_SYN_SEG_0309_f3	SYN_SEG_0309	SYN_SEG_SPK_09	training	a	f3	2744.316	within_speaker_z				z	FALSE	incomplete_reference_inventory	SYNTHETIC_TEACHING_FIXTURE
REQ_SYN_SEG_0309_f3	SYN_SEG_0309	SYN_SEG_SPK_09	training	a	f3	2744.316	f3_reference_scaling				Hz	FALSE	incomplete_reference_inventory	SYNTHETIC_TEACHING_FIXTURE
REQ_SYN_SEG_0310_f1	SYN_SEG_0310	SYN_SEG_SPK_09	training	i	f1	340.392	raw_hz			340.392	Hz	FALSE	incomplete_reference_inventory	SYNTHETIC_TEACHING_FIXTURE
REQ_SYN_SEG_0310_f1	SYN_SEG_0310	SYN_SEG_SPK_09	training	i	f1	340.392	log_hz			5.83009789466042	log_Hz	FALSE	incomplete_reference_inventory	SYNTHETIC_TEACHING_FIXTURE
REQ_SYN_SEG_0310_f1	SYN_SEG_0310	SYN_SEG_SPK_09	training	i	f1	340.392	within_speaker_z				z	FALSE	incomplete_reference_inventory	SYNTHETIC_TEACHING_FIXTURE
REQ_SYN_SEG_0310_f1	SYN_SEG_0310	SYN_SEG_SPK_09	training	i	f1	340.392	f3_reference_scaling				Hz	FALSE	incomplete_reference_inventory	SYNTHETIC_TEACHING_FIXTURE
REQ_SYN_SEG_0310_f2	SYN_SEG_0310	SYN_SEG_SPK_09	training	i	f2	2538.033	raw_hz			2538.033	Hz	FALSE	incomplete_reference_inventory	SYNTHETIC_TEACHING_FIXTURE
REQ_SYN_SEG_0310_f2	SYN_SEG_0310	SYN_SEG_SPK_09	training	i	f2	2538.033	log_hz			7.83914465055387	log_Hz	FALSE	incomplete_reference_inventory	SYNTHETIC_TEACHING_FIXTURE
REQ_SYN_SEG_0310_f2	SYN_SEG_0310	SYN_SEG_SPK_09	training	i	f2	2538.033	within_speaker_z				z	FALSE	incomplete_reference_inventory	SYNTHETIC_TEACHING_FIXTURE
REQ_SYN_SEG_0310_f2	SYN_SEG_0310	SYN_SEG_SPK_09	training	i	f2	2538.033	f3_reference_scaling				Hz	FALSE	incomplete_reference_inventory	SYNTHETIC_TEACHING_FIXTURE
REQ_SYN_SEG_0310_f3	SYN_SEG_0310	SYN_SEG_SPK_09	training	i	f3	3250.652	raw_hz			3250.652	Hz	FALSE	incomplete_reference_inventory	SYNTHETIC_TEACHING_FIXTURE
REQ_SYN_SEG_0310_f3	SYN_SEG_0310	SYN_SEG_SPK_09	training	i	f3	3250.652	log_hz			8.08661087058782	log_Hz	FALSE	incomplete_reference_inventory	SYNTHETIC_TEACHING_FIXTURE
REQ_SYN_SEG_0310_f3	SYN_SEG_0310	SYN_SEG_SPK_09	training	i	f3	3250.652	within_speaker_z				z	FALSE	incomplete_reference_inventory	SYNTHETIC_TEACHING_FIXTURE
REQ_SYN_SEG_0310_f3	SYN_SEG_0310	SYN_SEG_SPK_09	training	i	f3	3250.652	f3_reference_scaling				Hz	FALSE	incomplete_reference_inventory	SYNTHETIC_TEACHING_FIXTURE
REQ_SYN_SEG_0311_f1	SYN_SEG_0311	SYN_SEG_SPK_09	training	a	f1	806.439	raw_hz			806.439	Hz	FALSE	incomplete_reference_inventory	SYNTHETIC_TEACHING_FIXTURE
REQ_SYN_SEG_0311_f1	SYN_SEG_0311	SYN_SEG_SPK_09	training	a	f1	806.439	log_hz			6.69262825924289	log_Hz	FALSE	incomplete_reference_inventory	SYNTHETIC_TEACHING_FIXTURE
REQ_SYN_SEG_0311_f1	SYN_SEG_0311	SYN_SEG_SPK_09	training	a	f1	806.439	within_speaker_z				z	FALSE	incomplete_reference_inventory	SYNTHETIC_TEACHING_FIXTURE
REQ_SYN_SEG_0311_f1	SYN_SEG_0311	SYN_SEG_SPK_09	training	a	f1	806.439	f3_reference_scaling				Hz	FALSE	incomplete_reference_inventory	SYNTHETIC_TEACHING_FIXTURE
REQ_SYN_SEG_0311_f2	SYN_SEG_0311	SYN_SEG_SPK_09	training	a	f2	1359.099	raw_hz			1359.099	Hz	FALSE	incomplete_reference_inventory	SYNTHETIC_TEACHING_FIXTURE
REQ_SYN_SEG_0311_f2	SYN_SEG_0311	SYN_SEG_SPK_09	training	a	f2	1359.099	log_hz			7.21457725918	log_Hz	FALSE	incomplete_reference_inventory	SYNTHETIC_TEACHING_FIXTURE
REQ_SYN_SEG_0311_f2	SYN_SEG_0311	SYN_SEG_SPK_09	training	a	f2	1359.099	within_speaker_z				z	FALSE	incomplete_reference_inventory	SYNTHETIC_TEACHING_FIXTURE
REQ_SYN_SEG_0311_f2	SYN_SEG_0311	SYN_SEG_SPK_09	training	a	f2	1359.099	f3_reference_scaling				Hz	FALSE	incomplete_reference_inventory	SYNTHETIC_TEACHING_FIXTURE
REQ_SYN_SEG_0311_f3	SYN_SEG_0311	SYN_SEG_SPK_09	training	a	f3	2705.7	raw_hz			2705.7	Hz	FALSE	incomplete_reference_inventory	SYNTHETIC_TEACHING_FIXTURE
REQ_SYN_SEG_0311_f3	SYN_SEG_0311	SYN_SEG_SPK_09	training	a	f3	2705.7	log_hz			7.90311593783977	log_Hz	FALSE	incomplete_reference_inventory	SYNTHETIC_TEACHING_FIXTURE
REQ_SYN_SEG_0311_f3	SYN_SEG_0311	SYN_SEG_SPK_09	training	a	f3	2705.7	within_speaker_z				z	FALSE	incomplete_reference_inventory	SYNTHETIC_TEACHING_FIXTURE
REQ_SYN_SEG_0311_f3	SYN_SEG_0311	SYN_SEG_SPK_09	training	a	f3	2705.7	f3_reference_scaling				Hz	FALSE	incomplete_reference_inventory	SYNTHETIC_TEACHING_FIXTURE
REQ_SYN_SEG_0312_f1	SYN_SEG_0312	SYN_SEG_SPK_09	training	a	f1	813.772	raw_hz			813.772	Hz	FALSE	incomplete_reference_inventory	SYNTHETIC_TEACHING_FIXTURE
REQ_SYN_SEG_0312_f1	SYN_SEG_0312	SYN_SEG_SPK_09	training	a	f1	813.772	log_hz			6.70168022848759	log_Hz	FALSE	incomplete_reference_inventory	SYNTHETIC_TEACHING_FIXTURE
REQ_SYN_SEG_0312_f1	SYN_SEG_0312	SYN_SEG_SPK_09	training	a	f1	813.772	within_speaker_z				z	FALSE	incomplete_reference_inventory	SYNTHETIC_TEACHING_FIXTURE
REQ_SYN_SEG_0312_f1	SYN_SEG_0312	SYN_SEG_SPK_09	training	a	f1	813.772	f3_reference_scaling				Hz	FALSE	incomplete_reference_inventory	SYNTHETIC_TEACHING_FIXTURE
REQ_SYN_SEG_0312_f2	SYN_SEG_0312	SYN_SEG_SPK_09	training	a	f2	1340.5	raw_hz			1340.5	Hz	FALSE	incomplete_reference_inventory	SYNTHETIC_TEACHING_FIXTURE
REQ_SYN_SEG_0312_f2	SYN_SEG_0312	SYN_SEG_SPK_09	training	a	f2	1340.5	log_hz			7.20079795767601	log_Hz	FALSE	incomplete_reference_inventory	SYNTHETIC_TEACHING_FIXTURE
REQ_SYN_SEG_0312_f2	SYN_SEG_0312	SYN_SEG_SPK_09	training	a	f2	1340.5	within_speaker_z				z	FALSE	incomplete_reference_inventory	SYNTHETIC_TEACHING_FIXTURE
REQ_SYN_SEG_0312_f2	SYN_SEG_0312	SYN_SEG_SPK_09	training	a	f2	1340.5	f3_reference_scaling				Hz	FALSE	incomplete_reference_inventory	SYNTHETIC_TEACHING_FIXTURE
REQ_SYN_SEG_0312_f3	SYN_SEG_0312	SYN_SEG_SPK_09	training	a	f3	2685.441	raw_hz			2685.441	Hz	FALSE	incomplete_reference_inventory	SYNTHETIC_TEACHING_FIXTURE
REQ_SYN_SEG_0312_f3	SYN_SEG_0312	SYN_SEG_SPK_09	training	a	f3	2685.441	log_hz			7.89560023926615	log_Hz	FALSE	incomplete_reference_inventory	SYNTHETIC_TEACHING_FIXTURE
REQ_SYN_SEG_0312_f3	SYN_SEG_0312	SYN_SEG_SPK_09	training	a	f3	2685.441	within_speaker_z				z	FALSE	incomplete_reference_inventory	SYNTHETIC_TEACHING_FIXTURE
REQ_SYN_SEG_0312_f3	SYN_SEG_0312	SYN_SEG_SPK_09	training	a	f3	2685.441	f3_reference_scaling				Hz	FALSE	incomplete_reference_inventory	SYNTHETIC_TEACHING_FIXTURE
REQ_SYN_SEG_0337_f1	SYN_SEG_0337	SYN_SEG_SPK_10	training	i	f1	293.978	raw_hz			293.978	Hz	TRUE	eligible_complete_training_inventory	SYNTHETIC_TEACHING_FIXTURE
REQ_SYN_SEG_0337_f1	SYN_SEG_0337	SYN_SEG_SPK_10	training	i	f1	293.978	log_hz			5.68350493460681	log_Hz	TRUE	eligible_complete_training_inventory	SYNTHETIC_TEACHING_FIXTURE
REQ_SYN_SEG_0337_f1	SYN_SEG_0337	SYN_SEG_SPK_10	training	i	f1	293.978	within_speaker_z	412.582545454545	192.199839449654	-0.617089721792476	z	TRUE	eligible_complete_training_inventory	SYNTHETIC_TEACHING_FIXTURE
REQ_SYN_SEG_0337_f1	SYN_SEG_0337	SYN_SEG_SPK_10	training	i	f1	293.978	f3_reference_scaling		2138.268	355.303638679529	Hz	TRUE	eligible_complete_training_inventory	SYNTHETIC_TEACHING_FIXTURE
REQ_SYN_SEG_0337_f2	SYN_SEG_0337	SYN_SEG_SPK_10	training	i	f2	1976.733	raw_hz			1976.733	Hz	TRUE	eligible_complete_training_inventory	SYNTHETIC_TEACHING_FIXTURE
REQ_SYN_SEG_0337_f2	SYN_SEG_0337	SYN_SEG_SPK_10	training	i	f2	1976.733	log_hz			7.58920076093935	log_Hz	TRUE	eligible_complete_training_inventory	SYNTHETIC_TEACHING_FIXTURE
REQ_SYN_SEG_0337_f2	SYN_SEG_0337	SYN_SEG_SPK_10	training	i	f2	1976.733	within_speaker_z	1322.68281818182	535.699391627211	1.22092761731813	z	TRUE	eligible_complete_training_inventory	SYNTHETIC_TEACHING_FIXTURE
REQ_SYN_SEG_0337_f2	SYN_SEG_0337	SYN_SEG_SPK_10	training	i	f2	1976.733	f3_reference_scaling		2138.268	2389.09179461695	Hz	TRUE	eligible_complete_training_inventory	SYNTHETIC_TEACHING_FIXTURE
REQ_SYN_SEG_0337_f3	SYN_SEG_0337	SYN_SEG_SPK_10	training	i	f3	2541.488	raw_hz			2541.488	Hz	TRUE	eligible_complete_training_inventory	SYNTHETIC_TEACHING_FIXTURE
REQ_SYN_SEG_0337_f3	SYN_SEG_0337	SYN_SEG_SPK_10	training	i	f3	2541.488	log_hz			7.84050501525472	log_Hz	TRUE	eligible_complete_training_inventory	SYNTHETIC_TEACHING_FIXTURE
REQ_SYN_SEG_0337_f3	SYN_SEG_0337	SYN_SEG_SPK_10	training	i	f3	2541.488	within_speaker_z	2247.54972727273	287.023141108201	1.02409259264731	z	TRUE	eligible_complete_training_inventory	SYNTHETIC_TEACHING_FIXTURE
REQ_SYN_SEG_0337_f3	SYN_SEG_0337	SYN_SEG_SPK_10	training	i	f3	2541.488	f3_reference_scaling		2138.268	3071.65819911816	Hz	TRUE	eligible_complete_training_inventory	SYNTHETIC_TEACHING_FIXTURE
REQ_SYN_SEG_0338_f1	SYN_SEG_0338	SYN_SEG_SPK_10	training	a	f1	629.253	raw_hz			629.253	Hz	TRUE	eligible_complete_training_inventory	SYNTHETIC_TEACHING_FIXTURE
REQ_SYN_SEG_0338_f1	SYN_SEG_0338	SYN_SEG_SPK_10	training	a	f1	629.253	log_hz			6.44453340158451	log_Hz	TRUE	eligible_complete_training_inventory	SYNTHETIC_TEACHING_FIXTURE
REQ_SYN_SEG_0338_f1	SYN_SEG_0338	SYN_SEG_SPK_10	training	a	f1	629.253	within_speaker_z	412.582545454545	192.199839449654	1.1273186032094	z	TRUE	eligible_complete_training_inventory	SYNTHETIC_TEACHING_FIXTURE
REQ_SYN_SEG_0338_f1	SYN_SEG_0338	SYN_SEG_SPK_10	training	a	f1	629.253	f3_reference_scaling		2138.268	760.519088333174	Hz	TRUE	eligible_complete_training_inventory	SYNTHETIC_TEACHING_FIXTURE
REQ_SYN_SEG_0338_f2	SYN_SEG_0338	SYN_SEG_SPK_10	training	a	f2	1073.625	raw_hz			1073.625	Hz	TRUE	eligible_complete_training_inventory	SYNTHETIC_TEACHING_FIXTURE
REQ_SYN_SEG_0338_f2	SYN_SEG_0338	SYN_SEG_SPK_10	training	a	f2	1073.625	log_hz			6.97879605208639	log_Hz	TRUE	eligible_complete_training_inventory	SYNTHETIC_TEACHING_FIXTURE
REQ_SYN_SEG_0338_f2	SYN_SEG_0338	SYN_SEG_SPK_10	training	a	f2	1073.625	within_speaker_z	1322.68281818182	535.699391627211	-0.464920853139844	z	TRUE	eligible_complete_training_inventory	SYNTHETIC_TEACHING_FIXTURE
REQ_SYN_SEG_0338_f2	SYN_SEG_0338	SYN_SEG_SPK_10	training	a	f2	1073.625	f3_reference_scaling		2138.268	1297.58985052388	Hz	TRUE	eligible_complete_training_inventory	SYNTHETIC_TEACHING_FIXTURE
REQ_SYN_SEG_0338_f3	SYN_SEG_0338	SYN_SEG_SPK_10	training	a	f3	2109.767	raw_hz			2109.767	Hz	TRUE	eligible_complete_training_inventory	SYNTHETIC_TEACHING_FIXTURE
REQ_SYN_SEG_0338_f3	SYN_SEG_0338	SYN_SEG_SPK_10	training	a	f3	2109.767	log_hz			7.65433279383237	log_Hz	TRUE	eligible_complete_training_inventory	SYNTHETIC_TEACHING_FIXTURE
REQ_SYN_SEG_0338_f3	SYN_SEG_0338	SYN_SEG_SPK_10	training	a	f3	2109.767	within_speaker_z	2247.54972727273	287.023141108201	-0.480040482940665	z	TRUE	eligible_complete_training_inventory	SYNTHETIC_TEACHING_FIXTURE
REQ_SYN_SEG_0338_f3	SYN_SEG_0338	SYN_SEG_SPK_10	training	a	f3	2109.767	f3_reference_scaling		2138.268	2549.87751418812	Hz	TRUE	eligible_complete_training_inventory	SYNTHETIC_TEACHING_FIXTURE
REQ_SYN_SEG_0340_f1	SYN_SEG_0340	SYN_SEG_SPK_10	training	i	f1	232.219	raw_hz			232.219	Hz	TRUE	eligible_complete_training_inventory	SYNTHETIC_TEACHING_FIXTURE
REQ_SYN_SEG_0340_f1	SYN_SEG_0340	SYN_SEG_SPK_10	training	i	f1	232.219	log_hz			5.44768089192828	log_Hz	TRUE	eligible_complete_training_inventory	SYNTHETIC_TEACHING_FIXTURE
REQ_SYN_SEG_0340_f1	SYN_SEG_0340	SYN_SEG_SPK_10	training	i	f1	232.219	within_speaker_z	412.582545454545	192.199839449654	-0.938416733182501	z	TRUE	eligible_complete_training_inventory	SYNTHETIC_TEACHING_FIXTURE
REQ_SYN_SEG_0340_f1	SYN_SEG_0340	SYN_SEG_SPK_10	training	i	f1	232.219	f3_reference_scaling		2138.268	280.661327277965	Hz	TRUE	eligible_complete_training_inventory	SYNTHETIC_TEACHING_FIXTURE
REQ_SYN_SEG_0340_f2	SYN_SEG_0340	SYN_SEG_SPK_10	training	i	f2	1998.5	raw_hz			1998.5	Hz	TRUE	eligible_complete_training_inventory	SYNTHETIC_TEACHING_FIXTURE
REQ_SYN_SEG_0340_f2	SYN_SEG_0340	SYN_SEG_SPK_10	training	i	f2	1998.5	log_hz			7.60015217815138	log_Hz	TRUE	eligible_complete_training_inventory	SYNTHETIC_TEACHING_FIXTURE
REQ_SYN_SEG_0340_f2	SYN_SEG_0340	SYN_SEG_SPK_10	training	i	f2	1998.5	within_speaker_z	1322.68281818182	535.699391627211	1.26156048033834	z	TRUE	eligible_complete_training_inventory	SYNTHETIC_TEACHING_FIXTURE
REQ_SYN_SEG_0340_f2	SYN_SEG_0340	SYN_SEG_SPK_10	training	i	f2	1998.5	f3_reference_scaling		2138.268	2415.39952615855	Hz	TRUE	eligible_complete_training_inventory	SYNTHETIC_TEACHING_FIXTURE
REQ_SYN_SEG_0340_f3	SYN_SEG_0340	SYN_SEG_SPK_10	training	i	f3	2567.784	raw_hz			2567.784	Hz	TRUE	eligible_complete_training_inventory	SYNTHETIC_TEACHING_FIXTURE
REQ_SYN_SEG_0340_f3	SYN_SEG_0340	SYN_SEG_SPK_10	training	i	f3	2567.784	log_hz			7.85079854912269	log_Hz	TRUE	eligible_complete_training_inventory	SYNTHETIC_TEACHING_FIXTURE
REQ_SYN_SEG_0340_f3	SYN_SEG_0340	SYN_SEG_SPK_10	training	i	f3	2567.784	within_speaker_z	2247.54972727273	287.023141108201	1.11570889890914	z	TRUE	eligible_complete_training_inventory	SYNTHETIC_TEACHING_FIXTURE
REQ_SYN_SEG_0340_f3	SYN_SEG_0340	SYN_SEG_SPK_10	training	i	f3	2567.784	f3_reference_scaling		2138.268	3103.43970821992	Hz	TRUE	eligible_complete_training_inventory	SYNTHETIC_TEACHING_FIXTURE
REQ_SYN_SEG_0341_f1	SYN_SEG_0341	SYN_SEG_SPK_10	training	a	f1	637.877	raw_hz			637.877	Hz	TRUE	eligible_complete_training_inventory	SYNTHETIC_TEACHING_FIXTURE
REQ_SYN_SEG_0341_f1	SYN_SEG_0341	SYN_SEG_SPK_10	training	a	f1	637.877	log_hz			6.45814547478976	log_Hz	TRUE	eligible_complete_training_inventory	SYNTHETIC_TEACHING_FIXTURE
REQ_SYN_SEG_0341_f1	SYN_SEG_0341	SYN_SEG_SPK_10	training	a	f1	637.877	within_speaker_z	412.582545454545	192.199839449654	1.17218856784982	z	TRUE	eligible_complete_training_inventory	SYNTHETIC_TEACHING_FIXTURE
REQ_SYN_SEG_0341_f1	SYN_SEG_0341	SYN_SEG_SPK_10	training	a	f1	637.877	f3_reference_scaling		2138.268	770.942108354986	Hz	TRUE	eligible_complete_training_inventory	SYNTHETIC_TEACHING_FIXTURE
REQ_SYN_SEG_0341_f2	SYN_SEG_0341	SYN_SEG_SPK_10	training	a	f2	1010.244	raw_hz			1010.244	Hz	TRUE	eligible_complete_training_inventory	SYNTHETIC_TEACHING_FIXTURE
REQ_SYN_SEG_0341_f2	SYN_SEG_0341	SYN_SEG_SPK_10	training	a	f2	1010.244	log_hz			6.91794716481697	log_Hz	TRUE	eligible_complete_training_inventory	SYNTHETIC_TEACHING_FIXTURE
REQ_SYN_SEG_0341_f2	SYN_SEG_0341	SYN_SEG_SPK_10	training	a	f2	1010.244	within_speaker_z	1322.68281818182	535.699391627211	-0.583235342554285	z	TRUE	eligible_complete_training_inventory	SYNTHETIC_TEACHING_FIXTURE
REQ_SYN_SEG_0341_f2	SYN_SEG_0341	SYN_SEG_SPK_10	training	a	f2	1010.244	f3_reference_scaling		2138.268	1220.98717983714	Hz	TRUE	eligible_complete_training_inventory	SYNTHETIC_TEACHING_FIXTURE
REQ_SYN_SEG_0341_f3	SYN_SEG_0341	SYN_SEG_SPK_10	training	a	f3	2189.023	raw_hz			2189.023	Hz	TRUE	eligible_complete_training_inventory	SYNTHETIC_TEACHING_FIXTURE
REQ_SYN_SEG_0341_f3	SYN_SEG_0341	SYN_SEG_SPK_10	training	a	f3	2189.023	log_hz			7.69121060454852	log_Hz	TRUE	eligible_complete_training_inventory	SYNTHETIC_TEACHING_FIXTURE
REQ_SYN_SEG_0341_f3	SYN_SEG_0341	SYN_SEG_SPK_10	training	a	f3	2189.023	within_speaker_z	2247.54972727273	287.023141108201	-0.20390943756923	z	TRUE	eligible_complete_training_inventory	SYNTHETIC_TEACHING_FIXTURE
REQ_SYN_SEG_0341_f3	SYN_SEG_0341	SYN_SEG_SPK_10	training	a	f3	2189.023	f3_reference_scaling		2138.268	2645.66680858152	Hz	TRUE	eligible_complete_training_inventory	SYNTHETIC_TEACHING_FIXTURE
REQ_SYN_SEG_0342_f1	SYN_SEG_0342	SYN_SEG_SPK_10	training	u	f1	335.277	raw_hz			335.277	Hz	TRUE	eligible_complete_training_inventory	SYNTHETIC_TEACHING_FIXTURE
REQ_SYN_SEG_0342_f1	SYN_SEG_0342	SYN_SEG_SPK_10	training	u	f1	335.277	log_hz			5.81495705583162	log_Hz	TRUE	eligible_complete_training_inventory	SYNTHETIC_TEACHING_FIXTURE
REQ_SYN_SEG_0342_f1	SYN_SEG_0342	SYN_SEG_SPK_10	training	u	f1	335.277	within_speaker_z	412.582545454545	192.199839449654	-0.402214412227932	z	TRUE	eligible_complete_training_inventory	SYNTHETIC_TEACHING_FIXTURE
REQ_SYN_SEG_0342_f1	SYN_SEG_0342	SYN_SEG_SPK_10	training	u	f1	335.277	f3_reference_scaling		2138.268	405.21786686608	Hz	TRUE	eligible_complete_training_inventory	SYNTHETIC_TEACHING_FIXTURE
REQ_SYN_SEG_0342_f2	SYN_SEG_0342	SYN_SEG_SPK_10	training	u	f2	822.472	raw_hz			822.472	Hz	TRUE	eligible_complete_training_inventory	SYNTHETIC_TEACHING_FIXTURE
REQ_SYN_SEG_0342_f2	SYN_SEG_0342	SYN_SEG_SPK_10	training	u	f2	822.472	log_hz			6.71231443950687	log_Hz	TRUE	eligible_complete_training_inventory	SYNTHETIC_TEACHING_FIXTURE
REQ_SYN_SEG_0342_f2	SYN_SEG_0342	SYN_SEG_SPK_10	training	u	f2	822.472	within_speaker_z	1322.68281818182	535.699391627211	-0.933752821078265	z	TRUE	eligible_complete_training_inventory	SYNTHETIC_TEACHING_FIXTURE
REQ_SYN_SEG_0342_f2	SYN_SEG_0342	SYN_SEG_SPK_10	training	u	f2	822.472	f3_reference_scaling		2138.268	994.044773119179	Hz	TRUE	eligible_complete_training_inventory	SYNTHETIC_TEACHING_FIXTURE
REQ_SYN_SEG_0342_f3	SYN_SEG_0342	SYN_SEG_SPK_10	training	u	f3	1922.352	raw_hz			1922.352	Hz	TRUE	eligible_complete_training_inventory	SYNTHETIC_TEACHING_FIXTURE
REQ_SYN_SEG_0342_f3	SYN_SEG_0342	SYN_SEG_SPK_10	training	u	f3	1922.352	log_hz			7.56130471532152	log_Hz	TRUE	eligible_complete_training_inventory	SYNTHETIC_TEACHING_FIXTURE
REQ_SYN_SEG_0342_f3	SYN_SEG_0342	SYN_SEG_SPK_10	training	u	f3	1922.352	within_speaker_z	2247.54972727273	287.023141108201	-1.13300177127577	z	TRUE	eligible_complete_training_inventory	SYNTHETIC_TEACHING_FIXTURE
REQ_SYN_SEG_0342_f3	SYN_SEG_0342	SYN_SEG_SPK_10	training	u	f3	1922.352	f3_reference_scaling		2138.268	2323.36657988989	Hz	TRUE	eligible_complete_training_inventory	SYNTHETIC_TEACHING_FIXTURE
REQ_SYN_SEG_0343_f1	SYN_SEG_0343	SYN_SEG_SPK_10	training	i	f1	291.986	raw_hz			291.986	Hz	TRUE	eligible_complete_training_inventory	SYNTHETIC_TEACHING_FIXTURE
REQ_SYN_SEG_0343_f1	SYN_SEG_0343	SYN_SEG_SPK_10	training	i	f1	291.986	log_hz			5.6767058559134	log_Hz	TRUE	eligible_complete_training_inventory	SYNTHETIC_TEACHING_FIXTURE
REQ_SYN_SEG_0343_f1	SYN_SEG_0343	SYN_SEG_SPK_10	training	i	f1	291.986	within_speaker_z	412.582545454545	192.199839449654	-0.627453934404224	z	TRUE	eligible_complete_training_inventory	SYNTHETIC_TEACHING_FIXTURE
REQ_SYN_SEG_0343_f1	SYN_SEG_0343	SYN_SEG_SPK_10	training	i	f1	291.986	f3_reference_scaling		2138.268	352.896095093786	Hz	TRUE	eligible_complete_training_inventory	SYNTHETIC_TEACHING_FIXTURE
REQ_SYN_SEG_0343_f2	SYN_SEG_0343	SYN_SEG_SPK_10	training	i	f2	2061.586	raw_hz			2061.586	Hz	TRUE	eligible_complete_training_inventory	SYNTHETIC_TEACHING_FIXTURE
REQ_SYN_SEG_0343_f2	SYN_SEG_0343	SYN_SEG_SPK_10	training	i	f2	2061.586	log_hz			7.63123086847303	log_Hz	TRUE	eligible_complete_training_inventory	SYNTHETIC_TEACHING_FIXTURE
REQ_SYN_SEG_0343_f2	SYN_SEG_0343	SYN_SEG_SPK_10	training	i	f2	2061.586	within_speaker_z	1322.68281818182	535.699391627211	1.37932428777589	z	TRUE	eligible_complete_training_inventory	SYNTHETIC_TEACHING_FIXTURE
REQ_SYN_SEG_0343_f2	SYN_SEG_0343	SYN_SEG_SPK_10	training	i	f2	2061.586	f3_reference_scaling		2138.268	2491.64565801106	Hz	TRUE	eligible_complete_training_inventory	SYNTHETIC_TEACHING_FIXTURE
REQ_SYN_SEG_0343_f3	SYN_SEG_0343	SYN_SEG_SPK_10	training	i	f3	2637.012	raw_hz			2637.012	Hz	TRUE	eligible_complete_training_inventory	SYNTHETIC_TEACHING_FIXTURE
REQ_SYN_SEG_0343_f3	SYN_SEG_0343	SYN_SEG_SPK_10	training	i	f3	2637.012	log_hz			7.87740173696864	log_Hz	TRUE	eligible_complete_training_inventory	SYNTHETIC_TEACHING_FIXTURE
REQ_SYN_SEG_0343_f3	SYN_SEG_0343	SYN_SEG_SPK_10	training	i	f3	2637.012	within_speaker_z	2247.54972727273	287.023141108201	1.35690199481322	z	TRUE	eligible_complete_training_inventory	SYNTHETIC_TEACHING_FIXTURE
REQ_SYN_SEG_0343_f3	SYN_SEG_0343	SYN_SEG_SPK_10	training	i	f3	2637.012	f3_reference_scaling		2138.268	3187.10909946181	Hz	TRUE	eligible_complete_training_inventory	SYNTHETIC_TEACHING_FIXTURE
REQ_SYN_SEG_0344_f1	SYN_SEG_0344	SYN_SEG_SPK_10	training	a	f1	677.593	raw_hz			677.593	Hz	TRUE	eligible_complete_training_inventory	SYNTHETIC_TEACHING_FIXTURE
REQ_SYN_SEG_0344_f1	SYN_SEG_0344	SYN_SEG_SPK_10	training	a	f1	677.593	log_hz			6.51854681270597	log_Hz	TRUE	eligible_complete_training_inventory	SYNTHETIC_TEACHING_FIXTURE
REQ_SYN_SEG_0344_f1	SYN_SEG_0344	SYN_SEG_SPK_10	training	a	f1	677.593	within_speaker_z	412.582545454545	192.199839449654	1.37882765825553	z	TRUE	eligible_complete_training_inventory	SYNTHETIC_TEACHING_FIXTURE
REQ_SYN_SEG_0344_f1	SYN_SEG_0344	SYN_SEG_SPK_10	training	a	f1	677.593	f3_reference_scaling		2138.268	818.943112898851	Hz	TRUE	eligible_complete_training_inventory	SYNTHETIC_TEACHING_FIXTURE
REQ_SYN_SEG_0344_f2	SYN_SEG_0344	SYN_SEG_SPK_10	training	a	f2	1030.901	raw_hz			1030.901	Hz	TRUE	eligible_complete_training_inventory	SYNTHETIC_TEACHING_FIXTURE
REQ_SYN_SEG_0344_f2	SYN_SEG_0344	SYN_SEG_SPK_10	training	a	f2	1030.901	log_hz			6.93818845612806	log_Hz	TRUE	eligible_complete_training_inventory	SYNTHETIC_TEACHING_FIXTURE
REQ_SYN_SEG_0344_f2	SYN_SEG_0344	SYN_SEG_SPK_10	training	a	f2	1030.901	within_speaker_z	1322.68281818182	535.699391627211	-0.54467453714203	z	TRUE	eligible_complete_training_inventory	SYNTHETIC_TEACHING_FIXTURE
REQ_SYN_SEG_0344_f2	SYN_SEG_0344	SYN_SEG_SPK_10	training	a	f2	1030.901	f3_reference_scaling		2138.268	1245.95335847705	Hz	TRUE	eligible_complete_training_inventory	SYNTHETIC_TEACHING_FIXTURE
REQ_SYN_SEG_0344_f3	SYN_SEG_0344	SYN_SEG_SPK_10	training	a	f3	2125.237	raw_hz			2125.237	Hz	TRUE	eligible_complete_training_inventory	SYNTHETIC_TEACHING_FIXTURE
REQ_SYN_SEG_0344_f3	SYN_SEG_0344	SYN_SEG_SPK_10	training	a	f3	2125.237	log_hz			7.66163860455134	log_Hz	TRUE	eligible_complete_training_inventory	SYNTHETIC_TEACHING_FIXTURE
REQ_SYN_SEG_0344_f3	SYN_SEG_0344	SYN_SEG_SPK_10	training	a	f3	2125.237	within_speaker_z	2247.54972727273	287.023141108201	-0.426142389775527	z	TRUE	eligible_complete_training_inventory	SYNTHETIC_TEACHING_FIXTURE
REQ_SYN_SEG_0344_f3	SYN_SEG_0344	SYN_SEG_SPK_10	training	a	f3	2125.237	f3_reference_scaling		2138.268	2568.5746523766	Hz	TRUE	eligible_complete_training_inventory	SYNTHETIC_TEACHING_FIXTURE
REQ_SYN_SEG_0345_f1	SYN_SEG_0345	SYN_SEG_SPK_10	training	u	f1	298.137	raw_hz			298.137	Hz	TRUE	eligible_complete_training_inventory	SYNTHETIC_TEACHING_FIXTURE
REQ_SYN_SEG_0345_f1	SYN_SEG_0345	SYN_SEG_SPK_10	training	u	f1	298.137	log_hz			5.69755311240486	log_Hz	TRUE	eligible_complete_training_inventory	SYNTHETIC_TEACHING_FIXTURE
REQ_SYN_SEG_0345_f1	SYN_SEG_0345	SYN_SEG_SPK_10	training	u	f1	298.137	within_speaker_z	412.582545454545	192.199839449654	-0.595450785922868	z	TRUE	eligible_complete_training_inventory	SYNTHETIC_TEACHING_FIXTURE
REQ_SYN_SEG_0345_f1	SYN_SEG_0345	SYN_SEG_SPK_10	training	u	f1	298.137	f3_reference_scaling		2138.268	360.330231939121	Hz	TRUE	eligible_complete_training_inventory	SYNTHETIC_TEACHING_FIXTURE
REQ_SYN_SEG_0345_f2	SYN_SEG_0345	SYN_SEG_SPK_10	training	u	f2	750.084	raw_hz			750.084	Hz	TRUE	eligible_complete_training_inventory	SYNTHETIC_TEACHING_FIXTURE
REQ_SYN_SEG_0345_f2	SYN_SEG_0345	SYN_SEG_SPK_10	training	u	f2	750.084	log_hz			6.62018520025882	log_Hz	TRUE	eligible_complete_training_inventory	SYNTHETIC_TEACHING_FIXTURE
REQ_SYN_SEG_0345_f2	SYN_SEG_0345	SYN_SEG_SPK_10	training	u	f2	750.084	within_speaker_z	1322.68281818182	535.699391627211	-1.06888084461422	z	TRUE	eligible_complete_training_inventory	SYNTHETIC_TEACHING_FIXTURE
REQ_SYN_SEG_0345_f2	SYN_SEG_0345	SYN_SEG_SPK_10	training	u	f2	750.084	f3_reference_scaling		2138.268	906.556186229229	Hz	TRUE	eligible_complete_training_inventory	SYNTHETIC_TEACHING_FIXTURE
REQ_SYN_SEG_0345_f3	SYN_SEG_0345	SYN_SEG_SPK_10	training	u	f3	1953.793	raw_hz			1953.793	Hz	TRUE	eligible_complete_training_inventory	SYNTHETIC_TEACHING_FIXTURE
REQ_SYN_SEG_0345_f3	SYN_SEG_0345	SYN_SEG_SPK_10	training	u	f3	1953.793	log_hz			7.57752789045063	log_Hz	TRUE	eligible_complete_training_inventory	SYNTHETIC_TEACHING_FIXTURE
REQ_SYN_SEG_0345_f3	SYN_SEG_0345	SYN_SEG_SPK_10	training	u	f3	1953.793	within_speaker_z	2247.54972727273	287.023141108201	-1.02346008108798	z	TRUE	eligible_complete_training_inventory	SYNTHETIC_TEACHING_FIXTURE
REQ_SYN_SEG_0345_f3	SYN_SEG_0345	SYN_SEG_SPK_10	training	u	f3	1953.793	f3_reference_scaling		2138.268	2361.36636798194	Hz	TRUE	eligible_complete_training_inventory	SYNTHETIC_TEACHING_FIXTURE
REQ_SYN_SEG_0346_f1	SYN_SEG_0346	SYN_SEG_SPK_10	training	i	f1	242.247	raw_hz			242.247	Hz	TRUE	eligible_complete_training_inventory	SYNTHETIC_TEACHING_FIXTURE
REQ_SYN_SEG_0346_f1	SYN_SEG_0346	SYN_SEG_SPK_10	training	i	f1	242.247	log_hz			5.48995786679327	log_Hz	TRUE	eligible_complete_training_inventory	SYNTHETIC_TEACHING_FIXTURE
REQ_SYN_SEG_0346_f1	SYN_SEG_0346	SYN_SEG_SPK_10	training	i	f1	242.247	within_speaker_z	412.582545454545	192.199839449654	-0.886241871701273	z	TRUE	eligible_complete_training_inventory	SYNTHETIC_TEACHING_FIXTURE
REQ_SYN_SEG_0346_f1	SYN_SEG_0346	SYN_SEG_SPK_10	training	i	f1	242.247	f3_reference_scaling		2138.268	292.781230429488	Hz	TRUE	eligible_complete_training_inventory	SYNTHETIC_TEACHING_FIXTURE
REQ_SYN_SEG_0346_f2	SYN_SEG_0346	SYN_SEG_SPK_10	training	i	f2	1887.724	raw_hz			1887.724	Hz	TRUE	eligible_complete_training_inventory	SYNTHETIC_TEACHING_FIXTURE
REQ_SYN_SEG_0346_f2	SYN_SEG_0346	SYN_SEG_SPK_10	training	i	f2	1887.724	log_hz			7.54312714957849	log_Hz	TRUE	eligible_complete_training_inventory	SYNTHETIC_TEACHING_FIXTURE
REQ_SYN_SEG_0346_f2	SYN_SEG_0346	SYN_SEG_SPK_10	training	i	f2	1887.724	within_speaker_z	1322.68281818182	535.699391627211	1.0547728645012	z	TRUE	eligible_complete_training_inventory	SYNTHETIC_TEACHING_FIXTURE
REQ_SYN_SEG_0346_f2	SYN_SEG_0346	SYN_SEG_SPK_10	training	i	f2	1887.724	f3_reference_scaling		2138.268	2281.5149637819	Hz	TRUE	eligible_complete_training_inventory	SYNTHETIC_TEACHING_FIXTURE
REQ_SYN_SEG_0346_f3	SYN_SEG_0346	SYN_SEG_SPK_10	training	i	f3	2616.22	raw_hz			2616.22	Hz	TRUE	eligible_complete_training_inventory	SYNTHETIC_TEACHING_FIXTURE
REQ_SYN_SEG_0346_f3	SYN_SEG_0346	SYN_SEG_SPK_10	training	i	f3	2616.22	log_hz			7.86948580690039	log_Hz	TRUE	eligible_complete_training_inventory	SYNTHETIC_TEACHING_FIXTURE
REQ_SYN_SEG_0346_f3	SYN_SEG_0346	SYN_SEG_SPK_10	training	i	f3	2616.22	within_speaker_z	2247.54972727273	287.023141108201	1.28446184270659	z	TRUE	eligible_complete_training_inventory	SYNTHETIC_TEACHING_FIXTURE
REQ_SYN_SEG_0346_f3	SYN_SEG_0346	SYN_SEG_SPK_10	training	i	f3	2616.22	f3_reference_scaling		2138.268	3161.9797589825	Hz	TRUE	eligible_complete_training_inventory	SYNTHETIC_TEACHING_FIXTURE
REQ_SYN_SEG_0347_f1	SYN_SEG_0347	SYN_SEG_SPK_10	training	a	f1	661.41	raw_hz			661.41	Hz	TRUE	eligible_complete_training_inventory	SYNTHETIC_TEACHING_FIXTURE
REQ_SYN_SEG_0347_f1	SYN_SEG_0347	SYN_SEG_SPK_10	training	a	f1	661.41	log_hz			6.494373919877	log_Hz	TRUE	eligible_complete_training_inventory	SYNTHETIC_TEACHING_FIXTURE
REQ_SYN_SEG_0347_f1	SYN_SEG_0347	SYN_SEG_SPK_10	training	a	f1	661.41	within_speaker_z	412.582545454545	192.199839449654	1.29462883662103	z	TRUE	eligible_complete_training_inventory	SYNTHETIC_TEACHING_FIXTURE
REQ_SYN_SEG_0347_f1	SYN_SEG_0347	SYN_SEG_SPK_10	training	a	f1	661.41	f3_reference_scaling		2138.268	799.384238477123	Hz	TRUE	eligible_complete_training_inventory	SYNTHETIC_TEACHING_FIXTURE
REQ_SYN_SEG_0347_f2	SYN_SEG_0347	SYN_SEG_SPK_10	training	a	f2	1121.591	raw_hz			1121.591	Hz	TRUE	eligible_complete_training_inventory	SYNTHETIC_TEACHING_FIXTURE
REQ_SYN_SEG_0347_f2	SYN_SEG_0347	SYN_SEG_SPK_10	training	a	f2	1121.591	log_hz			7.02250349199706	log_Hz	TRUE	eligible_complete_training_inventory	SYNTHETIC_TEACHING_FIXTURE
REQ_SYN_SEG_0347_f2	SYN_SEG_0347	SYN_SEG_SPK_10	training	a	f2	1121.591	within_speaker_z	1322.68281818182	535.699391627211	-0.375381830416109	z	TRUE	eligible_complete_training_inventory	SYNTHETIC_TEACHING_FIXTURE
REQ_SYN_SEG_0347_f2	SYN_SEG_0347	SYN_SEG_SPK_10	training	a	f2	1121.591	f3_reference_scaling		2138.268	1355.56185636412	Hz	TRUE	eligible_complete_training_inventory	SYNTHETIC_TEACHING_FIXTURE
REQ_SYN_SEG_0347_f3	SYN_SEG_0347	SYN_SEG_SPK_10	training	a	f3	2138.268	raw_hz			2138.268	Hz	TRUE	eligible_complete_training_inventory	SYNTHETIC_TEACHING_FIXTURE
REQ_SYN_SEG_0347_f3	SYN_SEG_0347	SYN_SEG_SPK_10	training	a	f3	2138.268	log_hz			7.66775143452437	log_Hz	TRUE	eligible_complete_training_inventory	SYNTHETIC_TEACHING_FIXTURE
REQ_SYN_SEG_0347_f3	SYN_SEG_0347	SYN_SEG_SPK_10	training	a	f3	2138.268	within_speaker_z	2247.54972727273	287.023141108201	-0.380741869281998	z	TRUE	eligible_complete_training_inventory	SYNTHETIC_TEACHING_FIXTURE
REQ_SYN_SEG_0347_f3	SYN_SEG_0347	SYN_SEG_SPK_10	training	a	f3	2138.268	f3_reference_scaling		2138.268	2584.324	Hz	TRUE	eligible_complete_training_inventory	SYNTHETIC_TEACHING_FIXTURE
REQ_SYN_SEG_0348_f1	SYN_SEG_0348	SYN_SEG_SPK_10	training	u	f1	238.431	raw_hz			238.431	Hz	TRUE	eligible_complete_training_inventory	SYNTHETIC_TEACHING_FIXTURE
REQ_SYN_SEG_0348_f1	SYN_SEG_0348	SYN_SEG_SPK_10	training	u	f1	238.431	log_hz			5.47407996029461	log_Hz	TRUE	eligible_complete_training_inventory	SYNTHETIC_TEACHING_FIXTURE
REQ_SYN_SEG_0348_f1	SYN_SEG_0348	SYN_SEG_SPK_10	training	u	f1	238.431	within_speaker_z	412.582545454545	192.199839449654	-0.906096206704501	z	TRUE	eligible_complete_training_inventory	SYNTHETIC_TEACHING_FIXTURE
REQ_SYN_SEG_0348_f1	SYN_SEG_0348	SYN_SEG_SPK_10	training	u	f1	238.431	f3_reference_scaling		2138.268	288.169189102582	Hz	TRUE	eligible_complete_training_inventory	SYNTHETIC_TEACHING_FIXTURE
REQ_SYN_SEG_0348_f2	SYN_SEG_0348	SYN_SEG_SPK_10	training	u	f2	816.051	raw_hz			816.051	Hz	TRUE	eligible_complete_training_inventory	SYNTHETIC_TEACHING_FIXTURE
REQ_SYN_SEG_0348_f2	SYN_SEG_0348	SYN_SEG_SPK_10	training	u	f2	816.051	log_hz			6.70447685301106	log_Hz	TRUE	eligible_complete_training_inventory	SYNTHETIC_TEACHING_FIXTURE
REQ_SYN_SEG_0348_f2	SYN_SEG_0348	SYN_SEG_SPK_10	training	u	f2	816.051	within_speaker_z	1322.68281818182	535.699391627211	-0.945739020988808	z	TRUE	eligible_complete_training_inventory	SYNTHETIC_TEACHING_FIXTURE
REQ_SYN_SEG_0348_f2	SYN_SEG_0348	SYN_SEG_SPK_10	training	u	f2	816.051	f3_reference_scaling		2138.268	986.284312595054	Hz	TRUE	eligible_complete_training_inventory	SYNTHETIC_TEACHING_FIXTURE
REQ_SYN_SEG_0348_f3	SYN_SEG_0348	SYN_SEG_SPK_10	training	u	f3	1922.103	raw_hz			1922.103	Hz	TRUE	eligible_complete_training_inventory	SYNTHETIC_TEACHING_FIXTURE
REQ_SYN_SEG_0348_f3	SYN_SEG_0348	SYN_SEG_SPK_10	training	u	f3	1922.103	log_hz			7.56117517810475	log_Hz	TRUE	eligible_complete_training_inventory	SYNTHETIC_TEACHING_FIXTURE
REQ_SYN_SEG_0348_f3	SYN_SEG_0348	SYN_SEG_SPK_10	training	u	f3	1922.103	within_speaker_z	2247.54972727273	287.023141108201	-1.13386929714507	z	TRUE	eligible_complete_training_inventory	SYNTHETIC_TEACHING_FIXTURE
REQ_SYN_SEG_0348_f3	SYN_SEG_0348	SYN_SEG_SPK_10	training	u	f3	1922.103	f3_reference_scaling		2138.268	2323.06563694167	Hz	TRUE	eligible_complete_training_inventory	SYNTHETIC_TEACHING_FIXTURE
REQ_SYN_SEG_0373_f1	SYN_SEG_0373	SYN_SEG_SPK_11	training	i	f1	343.989	raw_hz			343.989	Hz	TRUE	eligible_complete_training_inventory	SYNTHETIC_TEACHING_FIXTURE
REQ_SYN_SEG_0373_f1	SYN_SEG_0373	SYN_SEG_SPK_11	training	i	f1	343.989	log_hz			5.84060968011795	log_Hz	TRUE	eligible_complete_training_inventory	SYNTHETIC_TEACHING_FIXTURE
REQ_SYN_SEG_0373_f1	SYN_SEG_0373	SYN_SEG_SPK_11	training	i	f1	343.989	within_speaker_z	539.0405	237.334855636695	-0.821840936413397	z	TRUE	eligible_complete_training_inventory	SYNTHETIC_TEACHING_FIXTURE
REQ_SYN_SEG_0373_f1	SYN_SEG_0373	SYN_SEG_SPK_11	training	i	f1	343.989	f3_reference_scaling		2825.2835	314.651265416727	Hz	TRUE	eligible_complete_training_inventory	SYNTHETIC_TEACHING_FIXTURE
REQ_SYN_SEG_0373_f2	SYN_SEG_0373	SYN_SEG_SPK_11	training	i	f2	2613.463	raw_hz			2613.463	Hz	TRUE	eligible_complete_training_inventory	SYNTHETIC_TEACHING_FIXTURE
REQ_SYN_SEG_0373_f2	SYN_SEG_0373	SYN_SEG_SPK_11	training	i	f2	2613.463	log_hz			7.86843144079238	log_Hz	TRUE	eligible_complete_training_inventory	SYNTHETIC_TEACHING_FIXTURE
REQ_SYN_SEG_0373_f2	SYN_SEG_0373	SYN_SEG_SPK_11	training	i	f2	2613.463	within_speaker_z	1657.08725	702.705208380911	1.3609914066292	z	TRUE	eligible_complete_training_inventory	SYNTHETIC_TEACHING_FIXTURE
REQ_SYN_SEG_0373_f2	SYN_SEG_0373	SYN_SEG_SPK_11	training	i	f2	2613.463	f3_reference_scaling		2825.2835	2390.56900095583	Hz	TRUE	eligible_complete_training_inventory	SYNTHETIC_TEACHING_FIXTURE
REQ_SYN_SEG_0373_f3	SYN_SEG_0373	SYN_SEG_SPK_11	training	i	f3	3405.042	raw_hz			3405.042	Hz	TRUE	eligible_complete_training_inventory	SYNTHETIC_TEACHING_FIXTURE
REQ_SYN_SEG_0373_f3	SYN_SEG_0373	SYN_SEG_SPK_11	training	i	f3	3405.042	log_hz			8.1330125533093	log_Hz	TRUE	eligible_complete_training_inventory	SYNTHETIC_TEACHING_FIXTURE
REQ_SYN_SEG_0373_f3	SYN_SEG_0373	SYN_SEG_SPK_11	training	i	f3	3405.042	within_speaker_z	2904.86633333333	385.440378287753	1.2976732455707	z	TRUE	eligible_complete_training_inventory	SYNTHETIC_TEACHING_FIXTURE
REQ_SYN_SEG_0373_f3	SYN_SEG_0373	SYN_SEG_SPK_11	training	i	f3	3405.042	f3_reference_scaling		2825.2835	3114.63672994515	Hz	TRUE	eligible_complete_training_inventory	SYNTHETIC_TEACHING_FIXTURE
REQ_SYN_SEG_0374_f1	SYN_SEG_0374	SYN_SEG_SPK_11	training	a	f1	894.185	raw_hz			894.185	Hz	TRUE	eligible_complete_training_inventory	SYNTHETIC_TEACHING_FIXTURE
REQ_SYN_SEG_0374_f1	SYN_SEG_0374	SYN_SEG_SPK_11	training	a	f1	894.185	log_hz			6.79591268888844	log_Hz	TRUE	eligible_complete_training_inventory	SYNTHETIC_TEACHING_FIXTURE
REQ_SYN_SEG_0374_f1	SYN_SEG_0374	SYN_SEG_SPK_11	training	a	f1	894.185	within_speaker_z	539.0405	237.334855636695	1.49638576705161	z	TRUE	eligible_complete_training_inventory	SYNTHETIC_TEACHING_FIXTURE
REQ_SYN_SEG_0374_f1	SYN_SEG_0374	SYN_SEG_SPK_11	training	a	f1	894.185	f3_reference_scaling		2825.2835	817.922787550347	Hz	TRUE	eligible_complete_training_inventory	SYNTHETIC_TEACHING_FIXTURE
REQ_SYN_SEG_0374_f2	SYN_SEG_0374	SYN_SEG_SPK_11	training	a	f2	1341.787	raw_hz			1341.787	Hz	TRUE	eligible_complete_training_inventory	SYNTHETIC_TEACHING_FIXTURE
REQ_SYN_SEG_0374_f2	SYN_SEG_0374	SYN_SEG_SPK_11	training	a	f2	1341.787	log_hz			7.20175758660369	log_Hz	TRUE	eligible_complete_training_inventory	SYNTHETIC_TEACHING_FIXTURE
REQ_SYN_SEG_0374_f2	SYN_SEG_0374	SYN_SEG_SPK_11	training	a	f2	1341.787	within_speaker_z	1657.08725	702.705208380911	-0.448694909671265	z	TRUE	eligible_complete_training_inventory	SYNTHETIC_TEACHING_FIXTURE
REQ_SYN_SEG_0374_f2	SYN_SEG_0374	SYN_SEG_SPK_11	training	a	f2	1341.787	f3_reference_scaling		2825.2835	1227.35022768087	Hz	TRUE	eligible_complete_training_inventory	SYNTHETIC_TEACHING_FIXTURE
REQ_SYN_SEG_0374_f3	SYN_SEG_0374	SYN_SEG_SPK_11	training	a	f3	2771.84	raw_hz			2771.84	Hz	TRUE	eligible_complete_training_inventory	SYNTHETIC_TEACHING_FIXTURE
REQ_SYN_SEG_0374_f3	SYN_SEG_0374	SYN_SEG_SPK_11	training	a	f3	2771.84	log_hz			7.92726663858621	log_Hz	TRUE	eligible_complete_training_inventory	SYNTHETIC_TEACHING_FIXTURE
REQ_SYN_SEG_0374_f3	SYN_SEG_0374	SYN_SEG_SPK_11	training	a	f3	2771.84	within_speaker_z	2904.86633333333	385.440378287753	-0.345128172414831	z	TRUE	eligible_complete_training_inventory	SYNTHETIC_TEACHING_FIXTURE
REQ_SYN_SEG_0374_f3	SYN_SEG_0374	SYN_SEG_SPK_11	training	a	f3	2771.84	f3_reference_scaling		2825.2835	2535.43852719913	Hz	TRUE	eligible_complete_training_inventory	SYNTHETIC_TEACHING_FIXTURE
REQ_SYN_SEG_0375_f1	SYN_SEG_0375	SYN_SEG_SPK_11	training	u	f1	420.075	raw_hz			420.075	Hz	TRUE	eligible_complete_training_inventory	SYNTHETIC_TEACHING_FIXTURE
REQ_SYN_SEG_0375_f1	SYN_SEG_0375	SYN_SEG_SPK_11	training	u	f1	420.075	log_hz			6.04043326676401	log_Hz	TRUE	eligible_complete_training_inventory	SYNTHETIC_TEACHING_FIXTURE
REQ_SYN_SEG_0375_f1	SYN_SEG_0375	SYN_SEG_SPK_11	training	u	f1	420.075	within_speaker_z	539.0405	237.334855636695	-0.50125591405802	z	TRUE	eligible_complete_training_inventory	SYNTHETIC_TEACHING_FIXTURE
REQ_SYN_SEG_0375_f1	SYN_SEG_0375	SYN_SEG_SPK_11	training	u	f1	420.075	f3_reference_scaling		2825.2835	384.248130957477	Hz	TRUE	eligible_complete_training_inventory	SYNTHETIC_TEACHING_FIXTURE
REQ_SYN_SEG_0375_f2	SYN_SEG_0375	SYN_SEG_SPK_11	training	u	f2	1059.166	raw_hz			1059.166	Hz	TRUE	eligible_complete_training_inventory	SYNTHETIC_TEACHING_FIXTURE
REQ_SYN_SEG_0375_f2	SYN_SEG_0375	SYN_SEG_SPK_11	training	u	f2	1059.166	log_hz			6.96523708496965	log_Hz	TRUE	eligible_complete_training_inventory	SYNTHETIC_TEACHING_FIXTURE
REQ_SYN_SEG_0375_f2	SYN_SEG_0375	SYN_SEG_SPK_11	training	u	f2	1059.166	within_speaker_z	1657.08725	702.705208380911	-0.850884898630051	z	TRUE	eligible_complete_training_inventory	SYNTHETIC_TEACHING_FIXTURE
REQ_SYN_SEG_0375_f2	SYN_SEG_0375	SYN_SEG_SPK_11	training	u	f2	1059.166	f3_reference_scaling		2825.2835	968.833079506534	Hz	TRUE	eligible_complete_training_inventory	SYNTHETIC_TEACHING_FIXTURE
REQ_SYN_SEG_0375_f3	SYN_SEG_0375	SYN_SEG_SPK_11	training	u	f3	2504.073	raw_hz			2504.073	Hz	TRUE	eligible_complete_training_inventory	SYNTHETIC_TEACHING_FIXTURE
REQ_SYN_SEG_0375_f3	SYN_SEG_0375	SYN_SEG_SPK_11	training	u	f3	2504.073	log_hz			7.82567388514967	log_Hz	TRUE	eligible_complete_training_inventory	SYNTHETIC_TEACHING_FIXTURE
REQ_SYN_SEG_0375_f3	SYN_SEG_0375	SYN_SEG_SPK_11	training	u	f3	2504.073	within_speaker_z	2904.86633333333	385.440378287753	-1.03983224361128	z	TRUE	eligible_complete_training_inventory	SYNTHETIC_TEACHING_FIXTURE
REQ_SYN_SEG_0375_f3	SYN_SEG_0375	SYN_SEG_SPK_11	training	u	f3	2504.073	f3_reference_scaling		2825.2835	2290.508528313	Hz	TRUE	eligible_complete_training_inventory	SYNTHETIC_TEACHING_FIXTURE
REQ_SYN_SEG_0376_f1	SYN_SEG_0376	SYN_SEG_SPK_11	training	i	f1	313.687	raw_hz			313.687	Hz	TRUE	eligible_complete_training_inventory	SYNTHETIC_TEACHING_FIXTURE
REQ_SYN_SEG_0376_f1	SYN_SEG_0376	SYN_SEG_SPK_11	training	i	f1	313.687	log_hz			5.74839567347087	log_Hz	TRUE	eligible_complete_training_inventory	SYNTHETIC_TEACHING_FIXTURE
REQ_SYN_SEG_0376_f1	SYN_SEG_0376	SYN_SEG_SPK_11	training	i	f1	313.687	within_speaker_z	539.0405	237.334855636695	-0.949517083765244	z	TRUE	eligible_complete_training_inventory	SYNTHETIC_TEACHING_FIXTURE
REQ_SYN_SEG_0376_f1	SYN_SEG_0376	SYN_SEG_SPK_11	training	i	f1	313.687	f3_reference_scaling		2825.2835	286.933627222896	Hz	TRUE	eligible_complete_training_inventory	SYNTHETIC_TEACHING_FIXTURE
REQ_SYN_SEG_0376_f2	SYN_SEG_0376	SYN_SEG_SPK_11	training	i	f2	2608.53	raw_hz			2608.53	Hz	TRUE	eligible_complete_training_inventory	SYNTHETIC_TEACHING_FIXTURE
REQ_SYN_SEG_0376_f2	SYN_SEG_0376	SYN_SEG_SPK_11	training	i	f2	2608.53	log_hz			7.86654212325888	log_Hz	TRUE	eligible_complete_training_inventory	SYNTHETIC_TEACHING_FIXTURE
REQ_SYN_SEG_0376_f2	SYN_SEG_0376	SYN_SEG_SPK_11	training	i	f2	2608.53	within_speaker_z	1657.08725	702.705208380911	1.35397139319943	z	TRUE	eligible_complete_training_inventory	SYNTHETIC_TEACHING_FIXTURE
REQ_SYN_SEG_0376_f2	SYN_SEG_0376	SYN_SEG_SPK_11	training	i	f2	2608.53	f3_reference_scaling		2825.2835	2386.05672093438	Hz	TRUE	eligible_complete_training_inventory	SYNTHETIC_TEACHING_FIXTURE
REQ_SYN_SEG_0376_f3	SYN_SEG_0376	SYN_SEG_SPK_11	training	i	f3	3383.451	raw_hz			3383.451	Hz	TRUE	eligible_complete_training_inventory	SYNTHETIC_TEACHING_FIXTURE
REQ_SYN_SEG_0376_f3	SYN_SEG_0376	SYN_SEG_SPK_11	training	i	f3	3383.451	log_hz			8.1266514735222	log_Hz	TRUE	eligible_complete_training_inventory	SYNTHETIC_TEACHING_FIXTURE
REQ_SYN_SEG_0376_f3	SYN_SEG_0376	SYN_SEG_SPK_11	training	i	f3	3383.451	within_speaker_z	2904.86633333333	385.440378287753	1.24165679992504	z	TRUE	eligible_complete_training_inventory	SYNTHETIC_TEACHING_FIXTURE
REQ_SYN_SEG_0376_f3	SYN_SEG_0376	SYN_SEG_SPK_11	training	i	f3	3383.451	f3_reference_scaling		2825.2835	3094.88715809369	Hz	TRUE	eligible_complete_training_inventory	SYNTHETIC_TEACHING_FIXTURE
REQ_SYN_SEG_0377_f1	SYN_SEG_0377	SYN_SEG_SPK_11	training	a	f1	840.213	raw_hz			840.213	Hz	TRUE	eligible_complete_training_inventory	SYNTHETIC_TEACHING_FIXTURE
REQ_SYN_SEG_0377_f1	SYN_SEG_0377	SYN_SEG_SPK_11	training	a	f1	840.213	log_hz			6.73365543112213	log_Hz	TRUE	eligible_complete_training_inventory	SYNTHETIC_TEACHING_FIXTURE
REQ_SYN_SEG_0377_f1	SYN_SEG_0377	SYN_SEG_SPK_11	training	a	f1	840.213	within_speaker_z	539.0405	237.334855636695	1.26897711333655	z	TRUE	eligible_complete_training_inventory	SYNTHETIC_TEACHING_FIXTURE
REQ_SYN_SEG_0377_f1	SYN_SEG_0377	SYN_SEG_SPK_11	training	a	f1	840.213	f3_reference_scaling		2825.2835	768.553888844075	Hz	TRUE	eligible_complete_training_inventory	SYNTHETIC_TEACHING_FIXTURE
REQ_SYN_SEG_0377_f2	SYN_SEG_0377	SYN_SEG_SPK_11	training	a	f2	1403.919	raw_hz			1403.919	Hz	TRUE	eligible_complete_training_inventory	SYNTHETIC_TEACHING_FIXTURE
REQ_SYN_SEG_0377_f2	SYN_SEG_0377	SYN_SEG_SPK_11	training	a	f2	1403.919	log_hz			7.2470228906138	log_Hz	TRUE	eligible_complete_training_inventory	SYNTHETIC_TEACHING_FIXTURE
REQ_SYN_SEG_0377_f2	SYN_SEG_0377	SYN_SEG_SPK_11	training	a	f2	1403.919	within_speaker_z	1657.08725	702.705208380911	-0.360276609566222	z	TRUE	eligible_complete_training_inventory	SYNTHETIC_TEACHING_FIXTURE
REQ_SYN_SEG_0377_f2	SYN_SEG_0377	SYN_SEG_SPK_11	training	a	f2	1403.919	f3_reference_scaling		2825.2835	1284.18318577799	Hz	TRUE	eligible_complete_training_inventory	SYNTHETIC_TEACHING_FIXTURE
REQ_SYN_SEG_0377_f3	SYN_SEG_0377	SYN_SEG_SPK_11	training	a	f3	2827.282	raw_hz			2827.282	Hz	TRUE	eligible_complete_training_inventory	SYNTHETIC_TEACHING_FIXTURE
REQ_SYN_SEG_0377_f3	SYN_SEG_0377	SYN_SEG_SPK_11	training	a	f3	2827.282	log_hz			7.94707110510634	log_Hz	TRUE	eligible_complete_training_inventory	SYNTHETIC_TEACHING_FIXTURE
REQ_SYN_SEG_0377_f3	SYN_SEG_0377	SYN_SEG_SPK_11	training	a	f3	2827.282	within_speaker_z	2904.86633333333	385.440378287753	-0.201287508272971	z	TRUE	eligible_complete_training_inventory	SYNTHETIC_TEACHING_FIXTURE
REQ_SYN_SEG_0377_f3	SYN_SEG_0377	SYN_SEG_SPK_11	training	a	f3	2827.282	f3_reference_scaling		2825.2835	2586.15205425155	Hz	TRUE	eligible_complete_training_inventory	SYNTHETIC_TEACHING_FIXTURE
REQ_SYN_SEG_0378_f1	SYN_SEG_0378	SYN_SEG_SPK_11	training	u	f1	406.256	raw_hz			406.256	Hz	TRUE	eligible_complete_training_inventory	SYNTHETIC_TEACHING_FIXTURE
REQ_SYN_SEG_0378_f1	SYN_SEG_0378	SYN_SEG_SPK_11	training	u	f1	406.256	log_hz			6.00698350276565	log_Hz	TRUE	eligible_complete_training_inventory	SYNTHETIC_TEACHING_FIXTURE
REQ_SYN_SEG_0378_f1	SYN_SEG_0378	SYN_SEG_SPK_11	training	u	f1	406.256	within_speaker_z	539.0405	237.334855636695	-0.559481664181946	z	TRUE	eligible_complete_training_inventory	SYNTHETIC_TEACHING_FIXTURE
REQ_SYN_SEG_0378_f1	SYN_SEG_0378	SYN_SEG_SPK_11	training	u	f1	406.256	f3_reference_scaling		2825.2835	371.60770979054	Hz	TRUE	eligible_complete_training_inventory	SYNTHETIC_TEACHING_FIXTURE
REQ_SYN_SEG_0378_f2	SYN_SEG_0378	SYN_SEG_SPK_11	training	u	f2	1020.456	raw_hz			1020.456	Hz	TRUE	eligible_complete_training_inventory	SYNTHETIC_TEACHING_FIXTURE
REQ_SYN_SEG_0378_f2	SYN_SEG_0378	SYN_SEG_SPK_11	training	u	f2	1020.456	log_hz			6.92800486520082	log_Hz	TRUE	eligible_complete_training_inventory	SYNTHETIC_TEACHING_FIXTURE
REQ_SYN_SEG_0378_f2	SYN_SEG_0378	SYN_SEG_SPK_11	training	u	f2	1020.456	within_speaker_z	1657.08725	702.705208380911	-0.905972009894234	z	TRUE	eligible_complete_training_inventory	SYNTHETIC_TEACHING_FIXTURE
REQ_SYN_SEG_0378_f2	SYN_SEG_0378	SYN_SEG_SPK_11	training	u	f2	1020.456	f3_reference_scaling		2825.2835	933.42453305801	Hz	TRUE	eligible_complete_training_inventory	SYNTHETIC_TEACHING_FIXTURE
REQ_SYN_SEG_0378_f3	SYN_SEG_0378	SYN_SEG_SPK_11	training	u	f3	2431.358	raw_hz			2431.358	Hz	TRUE	eligible_complete_training_inventory	SYNTHETIC_TEACHING_FIXTURE
REQ_SYN_SEG_0378_f3	SYN_SEG_0378	SYN_SEG_SPK_11	training	u	f3	2431.358	log_hz			7.79620522797398	log_Hz	TRUE	eligible_complete_training_inventory	SYNTHETIC_TEACHING_FIXTURE
REQ_SYN_SEG_0378_f3	SYN_SEG_0378	SYN_SEG_SPK_11	training	u	f3	2431.358	within_speaker_z	2904.86633333333	385.440378287753	-1.22848658315666	z	TRUE	eligible_complete_training_inventory	SYNTHETIC_TEACHING_FIXTURE
REQ_SYN_SEG_0378_f3	SYN_SEG_0378	SYN_SEG_SPK_11	training	u	f3	2431.358	f3_reference_scaling		2825.2835	2223.99516083678	Hz	TRUE	eligible_complete_training_inventory	SYNTHETIC_TEACHING_FIXTURE
REQ_SYN_SEG_0379_f1	SYN_SEG_0379	SYN_SEG_SPK_11	training	i	f1	382.464	raw_hz			382.464	Hz	TRUE	eligible_complete_training_inventory	SYNTHETIC_TEACHING_FIXTURE
REQ_SYN_SEG_0379_f1	SYN_SEG_0379	SYN_SEG_SPK_11	training	i	f1	382.464	log_hz			5.94663453119019	log_Hz	TRUE	eligible_complete_training_inventory	SYNTHETIC_TEACHING_FIXTURE
REQ_SYN_SEG_0379_f1	SYN_SEG_0379	SYN_SEG_SPK_11	training	i	f1	382.464	within_speaker_z	539.0405	237.334855636695	-0.659728212191817	z	TRUE	eligible_complete_training_inventory	SYNTHETIC_TEACHING_FIXTURE
REQ_SYN_SEG_0379_f1	SYN_SEG_0379	SYN_SEG_SPK_11	training	i	f1	382.464	f3_reference_scaling		2825.2835	349.8448542725	Hz	TRUE	eligible_complete_training_inventory	SYNTHETIC_TEACHING_FIXTURE
REQ_SYN_SEG_0379_f2	SYN_SEG_0379	SYN_SEG_SPK_11	training	i	f2	2555.232	raw_hz			2555.232	Hz	TRUE	eligible_complete_training_inventory	SYNTHETIC_TEACHING_FIXTURE
REQ_SYN_SEG_0379_f2	SYN_SEG_0379	SYN_SEG_SPK_11	training	i	f2	2555.232	log_hz			7.84589830086386	log_Hz	TRUE	eligible_complete_training_inventory	SYNTHETIC_TEACHING_FIXTURE
REQ_SYN_SEG_0379_f2	SYN_SEG_0379	SYN_SEG_SPK_11	training	i	f2	2555.232	within_speaker_z	1657.08725	702.705208380911	1.27812450980604	z	TRUE	eligible_complete_training_inventory	SYNTHETIC_TEACHING_FIXTURE
REQ_SYN_SEG_0379_f2	SYN_SEG_0379	SYN_SEG_SPK_11	training	i	f2	2555.232	f3_reference_scaling		2825.2835	2337.30433889838	Hz	TRUE	eligible_complete_training_inventory	SYNTHETIC_TEACHING_FIXTURE
REQ_SYN_SEG_0379_f3	SYN_SEG_0379	SYN_SEG_SPK_11	training	i	f3	3371.238	raw_hz			3371.238	Hz	TRUE	eligible_complete_training_inventory	SYNTHETIC_TEACHING_FIXTURE
REQ_SYN_SEG_0379_f3	SYN_SEG_0379	SYN_SEG_SPK_11	training	i	f3	3371.238	log_hz			8.12303531493704	log_Hz	TRUE	eligible_complete_training_inventory	SYNTHETIC_TEACHING_FIXTURE
REQ_SYN_SEG_0379_f3	SYN_SEG_0379	SYN_SEG_SPK_11	training	i	f3	3371.238	within_speaker_z	2904.86633333333	385.440378287753	1.20997096551855	z	TRUE	eligible_complete_training_inventory	SYNTHETIC_TEACHING_FIXTURE
REQ_SYN_SEG_0379_f3	SYN_SEG_0379	SYN_SEG_SPK_11	training	i	f3	3371.238	f3_reference_scaling		2825.2835	3083.71576626275	Hz	TRUE	eligible_complete_training_inventory	SYNTHETIC_TEACHING_FIXTURE
REQ_SYN_SEG_0380_f1	SYN_SEG_0380	SYN_SEG_SPK_11	training	a	f1	864.176	raw_hz			864.176	Hz	TRUE	eligible_complete_training_inventory	SYNTHETIC_TEACHING_FIXTURE
REQ_SYN_SEG_0380_f1	SYN_SEG_0380	SYN_SEG_SPK_11	training	a	f1	864.176	log_hz			6.76177645176298	log_Hz	TRUE	eligible_complete_training_inventory	SYNTHETIC_TEACHING_FIXTURE
REQ_SYN_SEG_0380_f1	SYN_SEG_0380	SYN_SEG_SPK_11	training	a	f1	864.176	within_speaker_z	539.0405	237.334855636695	1.36994416234296	z	TRUE	eligible_complete_training_inventory	SYNTHETIC_TEACHING_FIXTURE
REQ_SYN_SEG_0380_f1	SYN_SEG_0380	SYN_SEG_SPK_11	training	a	f1	864.176	f3_reference_scaling		2825.2835	790.473160312585	Hz	TRUE	eligible_complete_training_inventory	SYNTHETIC_TEACHING_FIXTURE
REQ_SYN_SEG_0380_f2	SYN_SEG_0380	SYN_SEG_SPK_11	training	a	f2	1386.745	raw_hz			1386.745	Hz	TRUE	eligible_complete_training_inventory	SYNTHETIC_TEACHING_FIXTURE
REQ_SYN_SEG_0380_f2	SYN_SEG_0380	SYN_SEG_SPK_11	training	a	f2	1386.745	log_hz			7.23471455337629	log_Hz	TRUE	eligible_complete_training_inventory	SYNTHETIC_TEACHING_FIXTURE
REQ_SYN_SEG_0380_f2	SYN_SEG_0380	SYN_SEG_SPK_11	training	a	f2	1386.745	within_speaker_z	1657.08725	702.705208380911	-0.384716445496242	z	TRUE	eligible_complete_training_inventory	SYNTHETIC_TEACHING_FIXTURE
REQ_SYN_SEG_0380_f2	SYN_SEG_0380	SYN_SEG_SPK_11	training	a	f2	1386.745	f3_reference_scaling		2825.2835	1268.4739019571	Hz	TRUE	eligible_complete_training_inventory	SYNTHETIC_TEACHING_FIXTURE
REQ_SYN_SEG_0380_f3	SYN_SEG_0380	SYN_SEG_SPK_11	training	a	f3	2823.285	raw_hz			2823.285	Hz	TRUE	eligible_complete_training_inventory	SYNTHETIC_TEACHING_FIXTURE
REQ_SYN_SEG_0380_f3	SYN_SEG_0380	SYN_SEG_SPK_11	training	a	f3	2823.285	log_hz			7.94565637958706	log_Hz	TRUE	eligible_complete_training_inventory	SYNTHETIC_TEACHING_FIXTURE
REQ_SYN_SEG_0380_f3	SYN_SEG_0380	SYN_SEG_SPK_11	training	a	f3	2823.285	within_speaker_z	2904.86633333333	385.440378287753	-0.211657464886641	z	TRUE	eligible_complete_training_inventory	SYNTHETIC_TEACHING_FIXTURE
REQ_SYN_SEG_0380_f3	SYN_SEG_0380	SYN_SEG_SPK_11	training	a	f3	2823.285	f3_reference_scaling		2825.2835	2582.49594574845	Hz	TRUE	eligible_complete_training_inventory	SYNTHETIC_TEACHING_FIXTURE
REQ_SYN_SEG_0381_f1	SYN_SEG_0381	SYN_SEG_SPK_11	training	u	f1	437.672	raw_hz			437.672	Hz	TRUE	eligible_complete_training_inventory	SYNTHETIC_TEACHING_FIXTURE
REQ_SYN_SEG_0381_f1	SYN_SEG_0381	SYN_SEG_SPK_11	training	u	f1	437.672	log_hz			6.08146977139441	log_Hz	TRUE	eligible_complete_training_inventory	SYNTHETIC_TEACHING_FIXTURE
REQ_SYN_SEG_0381_f1	SYN_SEG_0381	SYN_SEG_SPK_11	training	u	f1	437.672	within_speaker_z	539.0405	237.334855636695	-0.427111726712286	z	TRUE	eligible_complete_training_inventory	SYNTHETIC_TEACHING_FIXTURE
REQ_SYN_SEG_0381_f1	SYN_SEG_0381	SYN_SEG_SPK_11	training	u	f1	437.672	f3_reference_scaling		2825.2835	400.344338445328	Hz	TRUE	eligible_complete_training_inventory	SYNTHETIC_TEACHING_FIXTURE
REQ_SYN_SEG_0381_f2	SYN_SEG_0381	SYN_SEG_SPK_11	training	u	f2	979.63	raw_hz			979.63	Hz	TRUE	eligible_complete_training_inventory	SYNTHETIC_TEACHING_FIXTURE
REQ_SYN_SEG_0381_f2	SYN_SEG_0381	SYN_SEG_SPK_11	training	u	f2	979.63	log_hz			6.88717494935388	log_Hz	TRUE	eligible_complete_training_inventory	SYNTHETIC_TEACHING_FIXTURE
REQ_SYN_SEG_0381_f2	SYN_SEG_0381	SYN_SEG_SPK_11	training	u	f2	979.63	within_speaker_z	1657.08725	702.705208380911	-0.964070341190321	z	TRUE	eligible_complete_training_inventory	SYNTHETIC_TEACHING_FIXTURE
REQ_SYN_SEG_0381_f2	SYN_SEG_0381	SYN_SEG_SPK_11	training	u	f2	979.63	f3_reference_scaling		2825.2835	896.080453561563	Hz	TRUE	eligible_complete_training_inventory	SYNTHETIC_TEACHING_FIXTURE
REQ_SYN_SEG_0381_f3	SYN_SEG_0381	SYN_SEG_SPK_11	training	u	f3	2523.794	raw_hz			2523.794	Hz	TRUE	eligible_complete_training_inventory	SYNTHETIC_TEACHING_FIXTURE
REQ_SYN_SEG_0381_f3	SYN_SEG_0381	SYN_SEG_SPK_11	training	u	f3	2523.794	log_hz			7.83351860384852	log_Hz	TRUE	eligible_complete_training_inventory	SYNTHETIC_TEACHING_FIXTURE
REQ_SYN_SEG_0381_f3	SYN_SEG_0381	SYN_SEG_SPK_11	training	u	f3	2523.794	within_speaker_z	2904.86633333333	385.440378287753	-0.988667391377563	z	TRUE	eligible_complete_training_inventory	SYNTHETIC_TEACHING_FIXTURE
REQ_SYN_SEG_0381_f3	SYN_SEG_0381	SYN_SEG_SPK_11	training	u	f3	2523.794	f3_reference_scaling		2825.2835	2308.54758655406	Hz	TRUE	eligible_complete_training_inventory	SYNTHETIC_TEACHING_FIXTURE
REQ_SYN_SEG_0382_f1	SYN_SEG_0382	SYN_SEG_SPK_11	training	i	f1	353.349	raw_hz			353.349	Hz	TRUE	eligible_complete_training_inventory	SYNTHETIC_TEACHING_FIXTURE
REQ_SYN_SEG_0382_f1	SYN_SEG_0382	SYN_SEG_SPK_11	training	i	f1	353.349	log_hz			5.86745623707767	log_Hz	TRUE	eligible_complete_training_inventory	SYNTHETIC_TEACHING_FIXTURE
REQ_SYN_SEG_0382_f1	SYN_SEG_0382	SYN_SEG_SPK_11	training	i	f1	353.349	within_speaker_z	539.0405	237.334855636695	-0.782402987129083	z	TRUE	eligible_complete_training_inventory	SYNTHETIC_TEACHING_FIXTURE
REQ_SYN_SEG_0382_f1	SYN_SEG_0382	SYN_SEG_SPK_11	training	i	f1	353.349	f3_reference_scaling		2825.2835	323.212980600354	Hz	TRUE	eligible_complete_training_inventory	SYNTHETIC_TEACHING_FIXTURE
REQ_SYN_SEG_0382_f2	SYN_SEG_0382	SYN_SEG_SPK_11	training	i	f2	2566.297	raw_hz			2566.297	Hz	TRUE	eligible_complete_training_inventory	SYNTHETIC_TEACHING_FIXTURE
REQ_SYN_SEG_0382_f2	SYN_SEG_0382	SYN_SEG_SPK_11	training	i	f2	2566.297	log_hz			7.8502192828269	log_Hz	TRUE	eligible_complete_training_inventory	SYNTHETIC_TEACHING_FIXTURE
REQ_SYN_SEG_0382_f2	SYN_SEG_0382	SYN_SEG_SPK_11	training	i	f2	2566.297	within_speaker_z	1657.08725	702.705208380911	1.29387079981219	z	TRUE	eligible_complete_training_inventory	SYNTHETIC_TEACHING_FIXTURE
REQ_SYN_SEG_0382_f2	SYN_SEG_0382	SYN_SEG_SPK_11	training	i	f2	2566.297	f3_reference_scaling		2825.2835	2347.4256400209	Hz	TRUE	eligible_complete_training_inventory	SYNTHETIC_TEACHING_FIXTURE
REQ_SYN_SEG_0382_f3	SYN_SEG_0382	SYN_SEG_SPK_11	training	i	f3	3411.775	raw_hz			3411.775	Hz	TRUE	eligible_complete_training_inventory	SYNTHETIC_TEACHING_FIXTURE
REQ_SYN_SEG_0382_f3	SYN_SEG_0382	SYN_SEG_SPK_11	training	i	f3	3411.775	log_hz			8.13498796270917	log_Hz	TRUE	eligible_complete_training_inventory	SYNTHETIC_TEACHING_FIXTURE
REQ_SYN_SEG_0382_f3	SYN_SEG_0382	SYN_SEG_SPK_11	training	i	f3	3411.775	within_speaker_z	2904.86633333333	385.440378287753	1.3151415762887	z	TRUE	eligible_complete_training_inventory	SYNTHETIC_TEACHING_FIXTURE
REQ_SYN_SEG_0382_f3	SYN_SEG_0382	SYN_SEG_SPK_11	training	i	f3	3411.775	f3_reference_scaling		2825.2835	3120.79549365577	Hz	TRUE	eligible_complete_training_inventory	SYNTHETIC_TEACHING_FIXTURE
REQ_SYN_SEG_0383_f1	SYN_SEG_0383	SYN_SEG_SPK_11	training	a	f1	827.739	raw_hz			827.739	Hz	TRUE	eligible_complete_training_inventory	SYNTHETIC_TEACHING_FIXTURE
REQ_SYN_SEG_0383_f1	SYN_SEG_0383	SYN_SEG_SPK_11	training	a	f1	827.739	log_hz			6.71869788730251	log_Hz	TRUE	eligible_complete_training_inventory	SYNTHETIC_TEACHING_FIXTURE
REQ_SYN_SEG_0383_f1	SYN_SEG_0383	SYN_SEG_SPK_11	training	a	f1	827.739	within_speaker_z	539.0405	237.334855636695	1.21641846169418	z	TRUE	eligible_complete_training_inventory	SYNTHETIC_TEACHING_FIXTURE
REQ_SYN_SEG_0383_f1	SYN_SEG_0383	SYN_SEG_SPK_11	training	a	f1	827.739	f3_reference_scaling		2825.2835	757.143756878204	Hz	TRUE	eligible_complete_training_inventory	SYNTHETIC_TEACHING_FIXTURE
REQ_SYN_SEG_0383_f2	SYN_SEG_0383	SYN_SEG_SPK_11	training	a	f2	1341.01	raw_hz			1341.01	Hz	TRUE	eligible_complete_training_inventory	SYNTHETIC_TEACHING_FIXTURE
REQ_SYN_SEG_0383_f2	SYN_SEG_0383	SYN_SEG_SPK_11	training	a	f2	1341.01	log_hz			7.20117834037543	log_Hz	TRUE	eligible_complete_training_inventory	SYNTHETIC_TEACHING_FIXTURE
REQ_SYN_SEG_0383_f2	SYN_SEG_0383	SYN_SEG_SPK_11	training	a	f2	1341.01	within_speaker_z	1657.08725	702.705208380911	-0.449800636497725	z	TRUE	eligible_complete_training_inventory	SYNTHETIC_TEACHING_FIXTURE
REQ_SYN_SEG_0383_f2	SYN_SEG_0383	SYN_SEG_SPK_11	training	a	f2	1341.01	f3_reference_scaling		2825.2835	1226.63949555505	Hz	TRUE	eligible_complete_training_inventory	SYNTHETIC_TEACHING_FIXTURE
REQ_SYN_SEG_0383_f3	SYN_SEG_0383	SYN_SEG_SPK_11	training	a	f3	2841.007	raw_hz			2841.007	Hz	TRUE	eligible_complete_training_inventory	SYNTHETIC_TEACHING_FIXTURE
REQ_SYN_SEG_0383_f3	SYN_SEG_0383	SYN_SEG_SPK_11	training	a	f3	2841.007	log_hz			7.95191384577231	log_Hz	TRUE	eligible_complete_training_inventory	SYNTHETIC_TEACHING_FIXTURE
REQ_SYN_SEG_0383_f3	SYN_SEG_0383	SYN_SEG_SPK_11	training	a	f3	2841.007	within_speaker_z	2904.86633333333	385.440378287753	-0.165678888177249	z	TRUE	eligible_complete_training_inventory	SYNTHETIC_TEACHING_FIXTURE
REQ_SYN_SEG_0383_f3	SYN_SEG_0383	SYN_SEG_SPK_11	training	a	f3	2841.007	f3_reference_scaling		2825.2835	2598.70649238138	Hz	TRUE	eligible_complete_training_inventory	SYNTHETIC_TEACHING_FIXTURE
REQ_SYN_SEG_0384_f1	SYN_SEG_0384	SYN_SEG_SPK_11	training	u	f1	384.681	raw_hz			384.681	Hz	TRUE	eligible_complete_training_inventory	SYNTHETIC_TEACHING_FIXTURE
REQ_SYN_SEG_0384_f1	SYN_SEG_0384	SYN_SEG_SPK_11	training	u	f1	384.681	log_hz			5.95241441940418	log_Hz	TRUE	eligible_complete_training_inventory	SYNTHETIC_TEACHING_FIXTURE
REQ_SYN_SEG_0384_f1	SYN_SEG_0384	SYN_SEG_SPK_11	training	u	f1	384.681	within_speaker_z	539.0405	237.334855636695	-0.650386979973514	z	TRUE	eligible_complete_training_inventory	SYNTHETIC_TEACHING_FIXTURE
REQ_SYN_SEG_0384_f1	SYN_SEG_0384	SYN_SEG_SPK_11	training	u	f1	384.681	f3_reference_scaling		2825.2835	351.872773349648	Hz	TRUE	eligible_complete_training_inventory	SYNTHETIC_TEACHING_FIXTURE
REQ_SYN_SEG_0384_f2	SYN_SEG_0384	SYN_SEG_SPK_11	training	u	f2	1008.812	raw_hz			1008.812	Hz	TRUE	eligible_complete_training_inventory	SYNTHETIC_TEACHING_FIXTURE
REQ_SYN_SEG_0384_f2	SYN_SEG_0384	SYN_SEG_SPK_11	training	u	f2	1008.812	log_hz			6.91652867990113	log_Hz	TRUE	eligible_complete_training_inventory	SYNTHETIC_TEACHING_FIXTURE
REQ_SYN_SEG_0384_f2	SYN_SEG_0384	SYN_SEG_SPK_11	training	u	f2	1008.812	within_speaker_z	1657.08725	702.705208380911	-0.922542258500799	z	TRUE	eligible_complete_training_inventory	SYNTHETIC_TEACHING_FIXTURE
REQ_SYN_SEG_0384_f2	SYN_SEG_0384	SYN_SEG_SPK_11	training	u	f2	1008.812	f3_reference_scaling		2825.2835	922.773613015473	Hz	TRUE	eligible_complete_training_inventory	SYNTHETIC_TEACHING_FIXTURE
REQ_SYN_SEG_0384_f3	SYN_SEG_0384	SYN_SEG_SPK_11	training	u	f3	2564.251	raw_hz			2564.251	Hz	TRUE	eligible_complete_training_inventory	SYNTHETIC_TEACHING_FIXTURE
REQ_SYN_SEG_0384_f3	SYN_SEG_0384	SYN_SEG_SPK_11	training	u	f3	2564.251	log_hz			7.84942170716502	log_Hz	TRUE	eligible_complete_training_inventory	SYNTHETIC_TEACHING_FIXTURE
REQ_SYN_SEG_0384_f3	SYN_SEG_0384	SYN_SEG_SPK_11	training	u	f3	2564.251	within_speaker_z	2904.86633333333	385.440378287753	-0.883704335405785	z	TRUE	eligible_complete_training_inventory	SYNTHETIC_TEACHING_FIXTURE
REQ_SYN_SEG_0384_f3	SYN_SEG_0384	SYN_SEG_SPK_11	training	u	f3	2564.251	f3_reference_scaling		2825.2835	2345.55413689423	Hz	TRUE	eligible_complete_training_inventory	SYNTHETIC_TEACHING_FIXTURE
REQ_SYN_SEG_0409_f1	SYN_SEG_0409	SYN_SEG_SPK_12	training	i	f1	280.088	raw_hz			280.088	Hz	TRUE	eligible_complete_training_inventory	SYNTHETIC_TEACHING_FIXTURE
REQ_SYN_SEG_0409_f1	SYN_SEG_0409	SYN_SEG_SPK_12	training	i	f1	280.088	log_hz			5.63510383950613	log_Hz	TRUE	eligible_complete_training_inventory	SYNTHETIC_TEACHING_FIXTURE
REQ_SYN_SEG_0409_f1	SYN_SEG_0409	SYN_SEG_SPK_12	training	i	f1	280.088	within_speaker_z	428.15275	193.879210168752	-0.763695859247233	z	TRUE	eligible_complete_training_inventory	SYNTHETIC_TEACHING_FIXTURE
REQ_SYN_SEG_0409_f1	SYN_SEG_0409	SYN_SEG_SPK_12	training	i	f1	280.088	f3_reference_scaling		2261.25	320.105313659259	Hz	TRUE	eligible_complete_training_inventory	SYNTHETIC_TEACHING_FIXTURE
REQ_SYN_SEG_0409_f2	SYN_SEG_0409	SYN_SEG_SPK_12	training	i	f2	2175.896	raw_hz			2175.896	Hz	TRUE	eligible_complete_training_inventory	SYNTHETIC_TEACHING_FIXTURE
REQ_SYN_SEG_0409_f2	SYN_SEG_0409	SYN_SEG_SPK_12	training	i	f2	2175.896	log_hz			7.68519581271601	log_Hz	TRUE	eligible_complete_training_inventory	SYNTHETIC_TEACHING_FIXTURE
REQ_SYN_SEG_0409_f2	SYN_SEG_0409	SYN_SEG_SPK_12	training	i	f2	2175.896	within_speaker_z	1333.365	568.858426354045	1.48109083203705	z	TRUE	eligible_complete_training_inventory	SYNTHETIC_TEACHING_FIXTURE
REQ_SYN_SEG_0409_f2	SYN_SEG_0409	SYN_SEG_SPK_12	training	i	f2	2175.896	f3_reference_scaling		2261.25	2486.77512628148	Hz	TRUE	eligible_complete_training_inventory	SYNTHETIC_TEACHING_FIXTURE
REQ_SYN_SEG_0409_f3	SYN_SEG_0409	SYN_SEG_SPK_12	training	i	f3	2616.626	raw_hz			2616.626	Hz	TRUE	eligible_complete_training_inventory	SYNTHETIC_TEACHING_FIXTURE
REQ_SYN_SEG_0409_f3	SYN_SEG_0409	SYN_SEG_SPK_12	training	i	f3	2616.626	log_hz			7.8696409805863	log_Hz	TRUE	eligible_complete_training_inventory	SYNTHETIC_TEACHING_FIXTURE
REQ_SYN_SEG_0409_f3	SYN_SEG_0409	SYN_SEG_SPK_12	training	i	f3	2616.626	within_speaker_z	2323.55866666667	323.813017124314	0.905051118500349	z	TRUE	eligible_complete_training_inventory	SYNTHETIC_TEACHING_FIXTURE
REQ_SYN_SEG_0409_f3	SYN_SEG_0409	SYN_SEG_SPK_12	training	i	f3	2616.626	f3_reference_scaling		2261.25	2990.47401694815	Hz	TRUE	eligible_complete_training_inventory	SYNTHETIC_TEACHING_FIXTURE
REQ_SYN_SEG_0410_f1	SYN_SEG_0410	SYN_SEG_SPK_12	training	a	f1	705.571	raw_hz			705.571	Hz	TRUE	eligible_complete_training_inventory	SYNTHETIC_TEACHING_FIXTURE
REQ_SYN_SEG_0410_f1	SYN_SEG_0410	SYN_SEG_SPK_12	training	a	f1	705.571	log_hz			6.55900740407472	log_Hz	TRUE	eligible_complete_training_inventory	SYNTHETIC_TEACHING_FIXTURE
REQ_SYN_SEG_0410_f1	SYN_SEG_0410	SYN_SEG_SPK_12	training	a	f1	705.571	within_speaker_z	428.15275	193.879210168752	1.43088188650313	z	TRUE	eligible_complete_training_inventory	SYNTHETIC_TEACHING_FIXTURE
REQ_SYN_SEG_0410_f1	SYN_SEG_0410	SYN_SEG_SPK_12	training	a	f1	705.571	f3_reference_scaling		2261.25	806.378803318519	Hz	TRUE	eligible_complete_training_inventory	SYNTHETIC_TEACHING_FIXTURE
REQ_SYN_SEG_0410_f2	SYN_SEG_0410	SYN_SEG_SPK_12	training	a	f2	1077.418	raw_hz			1077.418	Hz	TRUE	eligible_complete_training_inventory	SYNTHETIC_TEACHING_FIXTURE
REQ_SYN_SEG_0410_f2	SYN_SEG_0410	SYN_SEG_SPK_12	training	a	f2	1077.418	log_hz			6.98232271699383	log_Hz	TRUE	eligible_complete_training_inventory	SYNTHETIC_TEACHING_FIXTURE
REQ_SYN_SEG_0410_f2	SYN_SEG_0410	SYN_SEG_SPK_12	training	a	f2	1077.418	within_speaker_z	1333.365	568.858426354045	-0.449930928579942	z	TRUE	eligible_complete_training_inventory	SYNTHETIC_TEACHING_FIXTURE
REQ_SYN_SEG_0410_f2	SYN_SEG_0410	SYN_SEG_SPK_12	training	a	f2	1077.418	f3_reference_scaling		2261.25	1231.35309914074	Hz	TRUE	eligible_complete_training_inventory	SYNTHETIC_TEACHING_FIXTURE
REQ_SYN_SEG_0410_f3	SYN_SEG_0410	SYN_SEG_SPK_12	training	a	f3	2134.306	raw_hz			2134.306	Hz	TRUE	eligible_complete_training_inventory	SYNTHETIC_TEACHING_FIXTURE
REQ_SYN_SEG_0410_f3	SYN_SEG_0410	SYN_SEG_SPK_12	training	a	f3	2134.306	log_hz			7.66589681427173	log_Hz	TRUE	eligible_complete_training_inventory	SYNTHETIC_TEACHING_FIXTURE
REQ_SYN_SEG_0410_f3	SYN_SEG_0410	SYN_SEG_SPK_12	training	a	f3	2134.306	within_speaker_z	2323.55866666667	323.813017124314	-0.584450459550275	z	TRUE	eligible_complete_training_inventory	SYNTHETIC_TEACHING_FIXTURE
REQ_SYN_SEG_0410_f3	SYN_SEG_0410	SYN_SEG_SPK_12	training	a	f3	2134.306	f3_reference_scaling		2261.25	2439.24299354074	Hz	TRUE	eligible_complete_training_inventory	SYNTHETIC_TEACHING_FIXTURE
REQ_SYN_SEG_0411_f1	SYN_SEG_0411	SYN_SEG_SPK_12	training	u	f1	327.478	raw_hz			327.478	Hz	TRUE	eligible_complete_training_inventory	SYNTHETIC_TEACHING_FIXTURE
REQ_SYN_SEG_0411_f1	SYN_SEG_0411	SYN_SEG_SPK_12	training	u	f1	327.478	log_hz			5.79142087724641	log_Hz	TRUE	eligible_complete_training_inventory	SYNTHETIC_TEACHING_FIXTURE
REQ_SYN_SEG_0411_f1	SYN_SEG_0411	SYN_SEG_SPK_12	training	u	f1	327.478	within_speaker_z	428.15275	193.879210168752	-0.519265319434575	z	TRUE	eligible_complete_training_inventory	SYNTHETIC_TEACHING_FIXTURE
REQ_SYN_SEG_0411_f1	SYN_SEG_0411	SYN_SEG_SPK_12	training	u	f1	327.478	f3_reference_scaling		2261.25	374.26611602963	Hz	TRUE	eligible_complete_training_inventory	SYNTHETIC_TEACHING_FIXTURE
REQ_SYN_SEG_0411_f2	SYN_SEG_0411	SYN_SEG_SPK_12	training	u	f2	794.438	raw_hz			794.438	Hz	TRUE	eligible_complete_training_inventory	SYNTHETIC_TEACHING_FIXTURE
REQ_SYN_SEG_0411_f2	SYN_SEG_0411	SYN_SEG_SPK_12	training	u	f2	794.438	log_hz			6.67763494643082	log_Hz	TRUE	eligible_complete_training_inventory	SYNTHETIC_TEACHING_FIXTURE
REQ_SYN_SEG_0411_f2	SYN_SEG_0411	SYN_SEG_SPK_12	training	u	f2	794.438	within_speaker_z	1333.365	568.858426354045	-0.947383347125782	z	TRUE	eligible_complete_training_inventory	SYNTHETIC_TEACHING_FIXTURE
REQ_SYN_SEG_0411_f2	SYN_SEG_0411	SYN_SEG_SPK_12	training	u	f2	794.438	f3_reference_scaling		2261.25	907.942593659259	Hz	TRUE	eligible_complete_training_inventory	SYNTHETIC_TEACHING_FIXTURE
REQ_SYN_SEG_0411_f3	SYN_SEG_0411	SYN_SEG_SPK_12	training	u	f3	1958.088	raw_hz			1958.088	Hz	TRUE	eligible_complete_training_inventory	SYNTHETIC_TEACHING_FIXTURE
REQ_SYN_SEG_0411_f3	SYN_SEG_0411	SYN_SEG_SPK_12	training	u	f3	1958.088	log_hz			7.57972376590074	log_Hz	TRUE	eligible_complete_training_inventory	SYNTHETIC_TEACHING_FIXTURE
REQ_SYN_SEG_0411_f3	SYN_SEG_0411	SYN_SEG_SPK_12	training	u	f3	1958.088	within_speaker_z	2323.55866666667	323.813017124314	-1.12864723571739	z	TRUE	eligible_complete_training_inventory	SYNTHETIC_TEACHING_FIXTURE
REQ_SYN_SEG_0411_f3	SYN_SEG_0411	SYN_SEG_SPK_12	training	u	f3	1958.088	f3_reference_scaling		2261.25	2237.84800995556	Hz	TRUE	eligible_complete_training_inventory	SYNTHETIC_TEACHING_FIXTURE
REQ_SYN_SEG_0412_f1	SYN_SEG_0412	SYN_SEG_SPK_12	training	i	f1	285.167	raw_hz			285.167	Hz	TRUE	eligible_complete_training_inventory	SYNTHETIC_TEACHING_FIXTURE
REQ_SYN_SEG_0412_f1	SYN_SEG_0412	SYN_SEG_SPK_12	training	i	f1	285.167	log_hz			5.65307497357053	log_Hz	TRUE	eligible_complete_training_inventory	SYNTHETIC_TEACHING_FIXTURE
REQ_SYN_SEG_0412_f1	SYN_SEG_0412	SYN_SEG_SPK_12	training	i	f1	285.167	within_speaker_z	428.15275	193.879210168752	-0.737499136062838	z	TRUE	eligible_complete_training_inventory	SYNTHETIC_TEACHING_FIXTURE
REQ_SYN_SEG_0412_f1	SYN_SEG_0412	SYN_SEG_SPK_12	training	i	f1	285.167	f3_reference_scaling		2261.25	325.909971081481	Hz	TRUE	eligible_complete_training_inventory	SYNTHETIC_TEACHING_FIXTURE
REQ_SYN_SEG_0412_f2	SYN_SEG_0412	SYN_SEG_SPK_12	training	i	f2	2049.042	raw_hz			2049.042	Hz	TRUE	eligible_complete_training_inventory	SYNTHETIC_TEACHING_FIXTURE
REQ_SYN_SEG_0412_f2	SYN_SEG_0412	SYN_SEG_SPK_12	training	i	f2	2049.042	log_hz			7.62512764583263	log_Hz	TRUE	eligible_complete_training_inventory	SYNTHETIC_TEACHING_FIXTURE
REQ_SYN_SEG_0412_f2	SYN_SEG_0412	SYN_SEG_SPK_12	training	i	f2	2049.042	within_speaker_z	1333.365	568.858426354045	1.2580933442209	z	TRUE	eligible_complete_training_inventory	SYNTHETIC_TEACHING_FIXTURE
REQ_SYN_SEG_0412_f2	SYN_SEG_0412	SYN_SEG_SPK_12	training	i	f2	2049.042	f3_reference_scaling		2261.25	2341.79697848889	Hz	TRUE	eligible_complete_training_inventory	SYNTHETIC_TEACHING_FIXTURE
REQ_SYN_SEG_0412_f3	SYN_SEG_0412	SYN_SEG_SPK_12	training	i	f3	2784.058	raw_hz			2784.058	Hz	TRUE	eligible_complete_training_inventory	SYNTHETIC_TEACHING_FIXTURE
REQ_SYN_SEG_0412_f3	SYN_SEG_0412	SYN_SEG_SPK_12	training	i	f3	2784.058	log_hz			7.93166485457063	log_Hz	TRUE	eligible_complete_training_inventory	SYNTHETIC_TEACHING_FIXTURE
REQ_SYN_SEG_0412_f3	SYN_SEG_0412	SYN_SEG_SPK_12	training	i	f3	2784.058	within_speaker_z	2323.55866666667	323.813017124314	1.42211495208836	z	TRUE	eligible_complete_training_inventory	SYNTHETIC_TEACHING_FIXTURE
REQ_SYN_SEG_0412_f3	SYN_SEG_0412	SYN_SEG_SPK_12	training	i	f3	2784.058	f3_reference_scaling		2261.25	3181.82770891852	Hz	TRUE	eligible_complete_training_inventory	SYNTHETIC_TEACHING_FIXTURE
REQ_SYN_SEG_0413_f1	SYN_SEG_0413	SYN_SEG_SPK_12	training	a	f1	693.707	raw_hz			693.707	Hz	TRUE	eligible_complete_training_inventory	SYNTHETIC_TEACHING_FIXTURE
REQ_SYN_SEG_0413_f1	SYN_SEG_0413	SYN_SEG_SPK_12	training	a	f1	693.707	log_hz			6.5420496811577	log_Hz	TRUE	eligible_complete_training_inventory	SYNTHETIC_TEACHING_FIXTURE
REQ_SYN_SEG_0413_f1	SYN_SEG_0413	SYN_SEG_SPK_12	training	a	f1	693.707	within_speaker_z	428.15275	193.879210168752	1.3696891470151	z	TRUE	eligible_complete_training_inventory	SYNTHETIC_TEACHING_FIXTURE
REQ_SYN_SEG_0413_f1	SYN_SEG_0413	SYN_SEG_SPK_12	training	a	f1	693.707	f3_reference_scaling		2261.25	792.819745303704	Hz	TRUE	eligible_complete_training_inventory	SYNTHETIC_TEACHING_FIXTURE
REQ_SYN_SEG_0413_f2	SYN_SEG_0413	SYN_SEG_SPK_12	training	a	f2	1006.42	raw_hz			1006.42	Hz	TRUE	eligible_complete_training_inventory	SYNTHETIC_TEACHING_FIXTURE
REQ_SYN_SEG_0413_f2	SYN_SEG_0413	SYN_SEG_SPK_12	training	a	f2	1006.42	log_hz			6.9141547585627	log_Hz	TRUE	eligible_complete_training_inventory	SYNTHETIC_TEACHING_FIXTURE
REQ_SYN_SEG_0413_f2	SYN_SEG_0413	SYN_SEG_SPK_12	training	a	f2	1006.42	within_speaker_z	1333.365	568.858426354045	-0.57473878359414	z	TRUE	eligible_complete_training_inventory	SYNTHETIC_TEACHING_FIXTURE
REQ_SYN_SEG_0413_f2	SYN_SEG_0413	SYN_SEG_SPK_12	training	a	f2	1006.42	f3_reference_scaling		2261.25	1150.21132562963	Hz	TRUE	eligible_complete_training_inventory	SYNTHETIC_TEACHING_FIXTURE
REQ_SYN_SEG_0413_f3	SYN_SEG_0413	SYN_SEG_SPK_12	training	a	f3	2314.497	raw_hz			2314.497	Hz	TRUE	eligible_complete_training_inventory	SYNTHETIC_TEACHING_FIXTURE
REQ_SYN_SEG_0413_f3	SYN_SEG_0413	SYN_SEG_SPK_12	training	a	f3	2314.497	log_hz			7.7469476642942	log_Hz	TRUE	eligible_complete_training_inventory	SYNTHETIC_TEACHING_FIXTURE
REQ_SYN_SEG_0413_f3	SYN_SEG_0413	SYN_SEG_SPK_12	training	a	f3	2314.497	within_speaker_z	2323.55866666667	323.813017124314	-0.0279842569243846	z	TRUE	eligible_complete_training_inventory	SYNTHETIC_TEACHING_FIXTURE
REQ_SYN_SEG_0413_f3	SYN_SEG_0413	SYN_SEG_SPK_12	training	a	f3	2314.497	f3_reference_scaling		2261.25	2645.17861582222	Hz	TRUE	eligible_complete_training_inventory	SYNTHETIC_TEACHING_FIXTURE
REQ_SYN_SEG_0414_f1	SYN_SEG_0414	SYN_SEG_SPK_12	training	u	f1	316.236	raw_hz			316.236	Hz	TRUE	eligible_complete_training_inventory	SYNTHETIC_TEACHING_FIXTURE
REQ_SYN_SEG_0414_f1	SYN_SEG_0414	SYN_SEG_SPK_12	training	u	f1	316.236	log_hz			5.75648877028714	log_Hz	TRUE	eligible_complete_training_inventory	SYNTHETIC_TEACHING_FIXTURE
REQ_SYN_SEG_0414_f1	SYN_SEG_0414	SYN_SEG_SPK_12	training	u	f1	316.236	within_speaker_z	428.15275	193.879210168752	-0.57724987585099	z	TRUE	eligible_complete_training_inventory	SYNTHETIC_TEACHING_FIXTURE
REQ_SYN_SEG_0414_f1	SYN_SEG_0414	SYN_SEG_SPK_12	training	u	f1	316.236	f3_reference_scaling		2261.25	361.417925688889	Hz	TRUE	eligible_complete_training_inventory	SYNTHETIC_TEACHING_FIXTURE
REQ_SYN_SEG_0414_f2	SYN_SEG_0414	SYN_SEG_SPK_12	training	u	f2	810.344	raw_hz			810.344	Hz	TRUE	eligible_complete_training_inventory	SYNTHETIC_TEACHING_FIXTURE
REQ_SYN_SEG_0414_f2	SYN_SEG_0414	SYN_SEG_SPK_12	training	u	f2	810.344	log_hz			6.69745884886866	log_Hz	TRUE	eligible_complete_training_inventory	SYNTHETIC_TEACHING_FIXTURE
REQ_SYN_SEG_0414_f2	SYN_SEG_0414	SYN_SEG_SPK_12	training	u	f2	810.344	within_speaker_z	1333.365	568.858426354045	-0.919422084247168	z	TRUE	eligible_complete_training_inventory	SYNTHETIC_TEACHING_FIXTURE
REQ_SYN_SEG_0414_f2	SYN_SEG_0414	SYN_SEG_SPK_12	training	u	f2	810.344	f3_reference_scaling		2261.25	926.121148681482	Hz	TRUE	eligible_complete_training_inventory	SYNTHETIC_TEACHING_FIXTURE
REQ_SYN_SEG_0414_f3	SYN_SEG_0414	SYN_SEG_SPK_12	training	u	f3	1980.595	raw_hz			1980.595	Hz	TRUE	eligible_complete_training_inventory	SYNTHETIC_TEACHING_FIXTURE
REQ_SYN_SEG_0414_f3	SYN_SEG_0414	SYN_SEG_SPK_12	training	u	f3	1980.595	log_hz			7.59115258359649	log_Hz	TRUE	eligible_complete_training_inventory	SYNTHETIC_TEACHING_FIXTURE
REQ_SYN_SEG_0414_f3	SYN_SEG_0414	SYN_SEG_SPK_12	training	u	f3	1980.595	within_speaker_z	2323.55866666667	323.813017124314	-1.05914107379754	z	TRUE	eligible_complete_training_inventory	SYNTHETIC_TEACHING_FIXTURE
REQ_SYN_SEG_0414_f3	SYN_SEG_0414	SYN_SEG_SPK_12	training	u	f3	1980.595	f3_reference_scaling		2261.25	2263.57067674074	Hz	TRUE	eligible_complete_training_inventory	SYNTHETIC_TEACHING_FIXTURE
REQ_SYN_SEG_0415_f1	SYN_SEG_0415	SYN_SEG_SPK_12	training	i	f1	279.078	raw_hz			279.078	Hz	TRUE	eligible_complete_training_inventory	SYNTHETIC_TEACHING_FIXTURE
REQ_SYN_SEG_0415_f1	SYN_SEG_0415	SYN_SEG_SPK_12	training	i	f1	279.078	log_hz			5.63149131264146	log_Hz	TRUE	eligible_complete_training_inventory	SYNTHETIC_TEACHING_FIXTURE
REQ_SYN_SEG_0415_f1	SYN_SEG_0415	SYN_SEG_SPK_12	training	i	f1	279.078	within_speaker_z	428.15275	193.879210168752	-0.768905288350648	z	TRUE	eligible_complete_training_inventory	SYNTHETIC_TEACHING_FIXTURE
REQ_SYN_SEG_0415_f1	SYN_SEG_0415	SYN_SEG_SPK_12	training	i	f1	279.078	f3_reference_scaling		2261.25	318.951010844444	Hz	TRUE	eligible_complete_training_inventory	SYNTHETIC_TEACHING_FIXTURE
REQ_SYN_SEG_0415_f2	SYN_SEG_0415	SYN_SEG_SPK_12	training	i	f2	2053.656	raw_hz			2053.656	Hz	TRUE	eligible_complete_training_inventory	SYNTHETIC_TEACHING_FIXTURE
REQ_SYN_SEG_0415_f2	SYN_SEG_0415	SYN_SEG_SPK_12	training	i	f2	2053.656	log_hz			7.62737689837095	log_Hz	TRUE	eligible_complete_training_inventory	SYNTHETIC_TEACHING_FIXTURE
REQ_SYN_SEG_0415_f2	SYN_SEG_0415	SYN_SEG_SPK_12	training	i	f2	2053.656	within_speaker_z	1333.365	568.858426354045	1.26620432541806	z	TRUE	eligible_complete_training_inventory	SYNTHETIC_TEACHING_FIXTURE
REQ_SYN_SEG_0415_f2	SYN_SEG_0415	SYN_SEG_SPK_12	training	i	f2	2053.656	f3_reference_scaling		2261.25	2347.07019946667	Hz	TRUE	eligible_complete_training_inventory	SYNTHETIC_TEACHING_FIXTURE
REQ_SYN_SEG_0415_f3	SYN_SEG_0415	SYN_SEG_SPK_12	training	i	f3	2776.983	raw_hz			2776.983	Hz	TRUE	eligible_complete_training_inventory	SYNTHETIC_TEACHING_FIXTURE
REQ_SYN_SEG_0415_f3	SYN_SEG_0415	SYN_SEG_SPK_12	training	i	f3	2776.983	log_hz			7.92912036557398	log_Hz	TRUE	eligible_complete_training_inventory	SYNTHETIC_TEACHING_FIXTURE
REQ_SYN_SEG_0415_f3	SYN_SEG_0415	SYN_SEG_SPK_12	training	i	f3	2776.983	within_speaker_z	2323.55866666667	323.813017124314	1.4002659230937	z	TRUE	eligible_complete_training_inventory	SYNTHETIC_TEACHING_FIXTURE
REQ_SYN_SEG_0415_f3	SYN_SEG_0415	SYN_SEG_SPK_12	training	i	f3	2776.983	f3_reference_scaling		2261.25	3173.74187484444	Hz	TRUE	eligible_complete_training_inventory	SYNTHETIC_TEACHING_FIXTURE
REQ_SYN_SEG_0416_f1	SYN_SEG_0416	SYN_SEG_SPK_12	training	a	f1	682.647	raw_hz			682.647	Hz	TRUE	eligible_complete_training_inventory	SYNTHETIC_TEACHING_FIXTURE
REQ_SYN_SEG_0416_f1	SYN_SEG_0416	SYN_SEG_SPK_12	training	a	f1	682.647	log_hz			6.52597788848256	log_Hz	TRUE	eligible_complete_training_inventory	SYNTHETIC_TEACHING_FIXTURE
REQ_SYN_SEG_0416_f1	SYN_SEG_0416	SYN_SEG_SPK_12	training	a	f1	682.647	within_speaker_z	428.15275	193.879210168752	1.31264331940742	z	TRUE	eligible_complete_training_inventory	SYNTHETIC_TEACHING_FIXTURE
REQ_SYN_SEG_0416_f1	SYN_SEG_0416	SYN_SEG_SPK_12	training	a	f1	682.647	f3_reference_scaling		2261.25	780.179558044445	Hz	TRUE	eligible_complete_training_inventory	SYNTHETIC_TEACHING_FIXTURE
REQ_SYN_SEG_0416_f2	SYN_SEG_0416	SYN_SEG_SPK_12	training	a	f2	1101.562	raw_hz			1101.562	Hz	TRUE	eligible_complete_training_inventory	SYNTHETIC_TEACHING_FIXTURE
REQ_SYN_SEG_0416_f2	SYN_SEG_0416	SYN_SEG_SPK_12	training	a	f2	1101.562	log_hz			7.00448445153988	log_Hz	TRUE	eligible_complete_training_inventory	SYNTHETIC_TEACHING_FIXTURE
REQ_SYN_SEG_0416_f2	SYN_SEG_0416	SYN_SEG_SPK_12	training	a	f2	1101.562	within_speaker_z	1333.365	568.858426354045	-0.407488030872081	z	TRUE	eligible_complete_training_inventory	SYNTHETIC_TEACHING_FIXTURE
REQ_SYN_SEG_0416_f2	SYN_SEG_0416	SYN_SEG_SPK_12	training	a	f2	1101.562	f3_reference_scaling		2261.25	1258.94665078519	Hz	TRUE	eligible_complete_training_inventory	SYNTHETIC_TEACHING_FIXTURE
REQ_SYN_SEG_0416_f3	SYN_SEG_0416	SYN_SEG_SPK_12	training	a	f3	2240.158	raw_hz			2240.158	Hz	TRUE	eligible_complete_training_inventory	SYNTHETIC_TEACHING_FIXTURE
REQ_SYN_SEG_0416_f3	SYN_SEG_0416	SYN_SEG_SPK_12	training	a	f3	2240.158	log_hz			7.71430167807585	log_Hz	TRUE	eligible_complete_training_inventory	SYNTHETIC_TEACHING_FIXTURE
REQ_SYN_SEG_0416_f3	SYN_SEG_0416	SYN_SEG_SPK_12	training	a	f3	2240.158	within_speaker_z	2323.55866666667	323.813017124314	-0.257558103770265	z	TRUE	eligible_complete_training_inventory	SYNTHETIC_TEACHING_FIXTURE
REQ_SYN_SEG_0416_f3	SYN_SEG_0416	SYN_SEG_SPK_12	training	a	f3	2240.158	f3_reference_scaling		2261.25	2560.21850002963	Hz	TRUE	eligible_complete_training_inventory	SYNTHETIC_TEACHING_FIXTURE
REQ_SYN_SEG_0417_f1	SYN_SEG_0417	SYN_SEG_SPK_12	training	u	f1	302.842	raw_hz			302.842	Hz	TRUE	eligible_complete_training_inventory	SYNTHETIC_TEACHING_FIXTURE
REQ_SYN_SEG_0417_f1	SYN_SEG_0417	SYN_SEG_SPK_12	training	u	f1	302.842	log_hz			5.7132112173607	log_Hz	TRUE	eligible_complete_training_inventory	SYNTHETIC_TEACHING_FIXTURE
REQ_SYN_SEG_0417_f1	SYN_SEG_0417	SYN_SEG_SPK_12	training	u	f1	302.842	within_speaker_z	428.15275	193.879210168752	-0.646334126753095	z	TRUE	eligible_complete_training_inventory	SYNTHETIC_TEACHING_FIXTURE
REQ_SYN_SEG_0417_f1	SYN_SEG_0417	SYN_SEG_SPK_12	training	u	f1	302.842	f3_reference_scaling		2261.25	346.110270340741	Hz	TRUE	eligible_complete_training_inventory	SYNTHETIC_TEACHING_FIXTURE
REQ_SYN_SEG_0417_f2	SYN_SEG_0417	SYN_SEG_SPK_12	training	u	f2	879.572	raw_hz			879.572	Hz	TRUE	eligible_complete_training_inventory	SYNTHETIC_TEACHING_FIXTURE
REQ_SYN_SEG_0417_f2	SYN_SEG_0417	SYN_SEG_SPK_12	training	u	f2	879.572	log_hz			6.77943542552273	log_Hz	TRUE	eligible_complete_training_inventory	SYNTHETIC_TEACHING_FIXTURE
REQ_SYN_SEG_0417_f2	SYN_SEG_0417	SYN_SEG_SPK_12	training	u	f2	879.572	within_speaker_z	1333.365	568.858426354045	-0.797725723970501	z	TRUE	eligible_complete_training_inventory	SYNTHETIC_TEACHING_FIXTURE
REQ_SYN_SEG_0417_f2	SYN_SEG_0417	SYN_SEG_SPK_12	training	u	f2	879.572	f3_reference_scaling		2261.25	1005.24003508148	Hz	TRUE	eligible_complete_training_inventory	SYNTHETIC_TEACHING_FIXTURE
REQ_SYN_SEG_0417_f3	SYN_SEG_0417	SYN_SEG_SPK_12	training	u	f3	2070.999	raw_hz			2070.999	Hz	TRUE	eligible_complete_training_inventory	SYNTHETIC_TEACHING_FIXTURE
REQ_SYN_SEG_0417_f3	SYN_SEG_0417	SYN_SEG_SPK_12	training	u	f3	2070.999	log_hz			7.63578637853695	log_Hz	TRUE	eligible_complete_training_inventory	SYNTHETIC_TEACHING_FIXTURE
REQ_SYN_SEG_0417_f3	SYN_SEG_0417	SYN_SEG_SPK_12	training	u	f3	2070.999	within_speaker_z	2323.55866666667	323.813017124314	-0.779955262174366	z	TRUE	eligible_complete_training_inventory	SYNTHETIC_TEACHING_FIXTURE
REQ_SYN_SEG_0417_f3	SYN_SEG_0417	SYN_SEG_SPK_12	training	u	f3	2070.999	f3_reference_scaling		2261.25	2366.89106453333	Hz	TRUE	eligible_complete_training_inventory	SYNTHETIC_TEACHING_FIXTURE
REQ_SYN_SEG_0418_f1	SYN_SEG_0418	SYN_SEG_SPK_12	training	i	f1	264.647	raw_hz			264.647	Hz	TRUE	eligible_complete_training_inventory	SYNTHETIC_TEACHING_FIXTURE
REQ_SYN_SEG_0418_f1	SYN_SEG_0418	SYN_SEG_SPK_12	training	i	f1	264.647	log_hz			5.57839686251332	log_Hz	TRUE	eligible_complete_training_inventory	SYNTHETIC_TEACHING_FIXTURE
REQ_SYN_SEG_0418_f1	SYN_SEG_0418	SYN_SEG_SPK_12	training	i	f1	264.647	within_speaker_z	428.15275	193.879210168752	-0.843338230322297	z	TRUE	eligible_complete_training_inventory	SYNTHETIC_TEACHING_FIXTURE
REQ_SYN_SEG_0418_f1	SYN_SEG_0418	SYN_SEG_SPK_12	training	i	f1	264.647	f3_reference_scaling		2261.25	302.458195081482	Hz	TRUE	eligible_complete_training_inventory	SYNTHETIC_TEACHING_FIXTURE
REQ_SYN_SEG_0418_f2	SYN_SEG_0418	SYN_SEG_SPK_12	training	i	f2	2084.037	raw_hz			2084.037	Hz	TRUE	eligible_complete_training_inventory	SYNTHETIC_TEACHING_FIXTURE
REQ_SYN_SEG_0418_f2	SYN_SEG_0418	SYN_SEG_SPK_12	training	i	f2	2084.037	log_hz			7.64206215703427	log_Hz	TRUE	eligible_complete_training_inventory	SYNTHETIC_TEACHING_FIXTURE
REQ_SYN_SEG_0418_f2	SYN_SEG_0418	SYN_SEG_SPK_12	training	i	f2	2084.037	within_speaker_z	1333.365	568.858426354045	1.31961128678579	z	TRUE	eligible_complete_training_inventory	SYNTHETIC_TEACHING_FIXTURE
REQ_SYN_SEG_0418_f2	SYN_SEG_0418	SYN_SEG_SPK_12	training	i	f2	2084.037	f3_reference_scaling		2261.25	2381.79185671111	Hz	TRUE	eligible_complete_training_inventory	SYNTHETIC_TEACHING_FIXTURE
REQ_SYN_SEG_0418_f3	SYN_SEG_0418	SYN_SEG_SPK_12	training	i	f3	2741.084	raw_hz			2741.084	Hz	TRUE	eligible_complete_training_inventory	SYNTHETIC_TEACHING_FIXTURE
REQ_SYN_SEG_0418_f3	SYN_SEG_0418	SYN_SEG_SPK_12	training	i	f3	2741.084	log_hz			7.91610874158294	log_Hz	TRUE	eligible_complete_training_inventory	SYNTHETIC_TEACHING_FIXTURE
REQ_SYN_SEG_0418_f3	SYN_SEG_0418	SYN_SEG_SPK_12	training	i	f3	2741.084	within_speaker_z	2323.55866666667	323.813017124314	1.28940256028386	z	TRUE	eligible_complete_training_inventory	SYNTHETIC_TEACHING_FIXTURE
REQ_SYN_SEG_0418_f3	SYN_SEG_0418	SYN_SEG_SPK_12	training	i	f3	2741.084	f3_reference_scaling		2261.25	3132.71383845926	Hz	TRUE	eligible_complete_training_inventory	SYNTHETIC_TEACHING_FIXTURE
REQ_SYN_SEG_0419_f1	SYN_SEG_0419	SYN_SEG_SPK_12	training	a	f1	675.067	raw_hz			675.067	Hz	TRUE	eligible_complete_training_inventory	SYNTHETIC_TEACHING_FIXTURE
REQ_SYN_SEG_0419_f1	SYN_SEG_0419	SYN_SEG_SPK_12	training	a	f1	675.067	log_hz			6.51481194520591	log_Hz	TRUE	eligible_complete_training_inventory	SYNTHETIC_TEACHING_FIXTURE
REQ_SYN_SEG_0419_f1	SYN_SEG_0419	SYN_SEG_SPK_12	training	a	f1	675.067	within_speaker_z	428.15275	193.879210168752	1.27354681187883	z	TRUE	eligible_complete_training_inventory	SYNTHETIC_TEACHING_FIXTURE
REQ_SYN_SEG_0419_f1	SYN_SEG_0419	SYN_SEG_SPK_12	training	a	f1	675.067	f3_reference_scaling		2261.25	771.516572562963	Hz	TRUE	eligible_complete_training_inventory	SYNTHETIC_TEACHING_FIXTURE
REQ_SYN_SEG_0419_f2	SYN_SEG_0419	SYN_SEG_SPK_12	training	a	f2	1070.739	raw_hz			1070.739	Hz	TRUE	eligible_complete_training_inventory	SYNTHETIC_TEACHING_FIXTURE
REQ_SYN_SEG_0419_f2	SYN_SEG_0419	SYN_SEG_SPK_12	training	a	f2	1070.739	log_hz			6.9761043432697	log_Hz	TRUE	eligible_complete_training_inventory	SYNTHETIC_TEACHING_FIXTURE
REQ_SYN_SEG_0419_f2	SYN_SEG_0419	SYN_SEG_SPK_12	training	a	f2	1070.739	within_speaker_z	1333.365	568.858426354045	-0.46167198697088	z	TRUE	eligible_complete_training_inventory	SYNTHETIC_TEACHING_FIXTURE
REQ_SYN_SEG_0419_f2	SYN_SEG_0419	SYN_SEG_SPK_12	training	a	f2	1070.739	f3_reference_scaling		2261.25	1223.7198432	Hz	TRUE	eligible_complete_training_inventory	SYNTHETIC_TEACHING_FIXTURE
REQ_SYN_SEG_0419_f3	SYN_SEG_0419	SYN_SEG_SPK_12	training	a	f3	2282.342	raw_hz			2282.342	Hz	TRUE	eligible_complete_training_inventory	SYNTHETIC_TEACHING_FIXTURE
REQ_SYN_SEG_0419_f3	SYN_SEG_0419	SYN_SEG_SPK_12	training	a	f3	2282.342	log_hz			7.73295738772923	log_Hz	TRUE	eligible_complete_training_inventory	SYNTHETIC_TEACHING_FIXTURE
REQ_SYN_SEG_0419_f3	SYN_SEG_0419	SYN_SEG_SPK_12	training	a	f3	2282.342	within_speaker_z	2323.55866666667	323.813017124314	-0.127285391528418	z	TRUE	eligible_complete_training_inventory	SYNTHETIC_TEACHING_FIXTURE
REQ_SYN_SEG_0419_f3	SYN_SEG_0419	SYN_SEG_SPK_12	training	a	f3	2282.342	f3_reference_scaling		2261.25	2608.42949997037	Hz	TRUE	eligible_complete_training_inventory	SYNTHETIC_TEACHING_FIXTURE
REQ_SYN_SEG_0420_f1	SYN_SEG_0420	SYN_SEG_SPK_12	training	u	f1	325.305	raw_hz			325.305	Hz	TRUE	eligible_complete_training_inventory	SYNTHETIC_TEACHING_FIXTURE
REQ_SYN_SEG_0420_f1	SYN_SEG_0420	SYN_SEG_SPK_12	training	u	f1	325.305	log_hz			5.78476320378848	log_Hz	TRUE	eligible_complete_training_inventory	SYNTHETIC_TEACHING_FIXTURE
REQ_SYN_SEG_0420_f1	SYN_SEG_0420	SYN_SEG_SPK_12	training	u	f1	325.305	within_speaker_z	428.15275	193.879210168752	-0.530473328782811	z	TRUE	eligible_complete_training_inventory	SYNTHETIC_TEACHING_FIXTURE
REQ_SYN_SEG_0420_f1	SYN_SEG_0420	SYN_SEG_SPK_12	training	u	f1	325.305	f3_reference_scaling		2261.25	371.782650666667	Hz	TRUE	eligible_complete_training_inventory	SYNTHETIC_TEACHING_FIXTURE
REQ_SYN_SEG_0420_f2	SYN_SEG_0420	SYN_SEG_SPK_12	training	u	f2	897.256	raw_hz			897.256	Hz	TRUE	eligible_complete_training_inventory	SYNTHETIC_TEACHING_FIXTURE
REQ_SYN_SEG_0420_f2	SYN_SEG_0420	SYN_SEG_SPK_12	training	u	f2	897.256	log_hz			6.79934121710483	log_Hz	TRUE	eligible_complete_training_inventory	SYNTHETIC_TEACHING_FIXTURE
REQ_SYN_SEG_0420_f2	SYN_SEG_0420	SYN_SEG_SPK_12	training	u	f2	897.256	within_speaker_z	1333.365	568.858426354045	-0.766638903101306	z	TRUE	eligible_complete_training_inventory	SYNTHETIC_TEACHING_FIXTURE
REQ_SYN_SEG_0420_f2	SYN_SEG_0420	SYN_SEG_SPK_12	training	u	f2	897.256	f3_reference_scaling		2261.25	1025.45062020741	Hz	TRUE	eligible_complete_training_inventory	SYNTHETIC_TEACHING_FIXTURE
REQ_SYN_SEG_0420_f3	SYN_SEG_0420	SYN_SEG_SPK_12	training	u	f3	1982.968	raw_hz			1982.968	Hz	TRUE	eligible_complete_training_inventory	SYNTHETIC_TEACHING_FIXTURE
REQ_SYN_SEG_0420_f3	SYN_SEG_0420	SYN_SEG_SPK_12	training	u	f3	1982.968	log_hz			7.59234999122368	log_Hz	TRUE	eligible_complete_training_inventory	SYNTHETIC_TEACHING_FIXTURE
REQ_SYN_SEG_0420_f3	SYN_SEG_0420	SYN_SEG_SPK_12	training	u	f3	1982.968	within_speaker_z	2323.55866666667	323.813017124314	-1.05181277050364	z	TRUE	eligible_complete_training_inventory	SYNTHETIC_TEACHING_FIXTURE
REQ_SYN_SEG_0420_f3	SYN_SEG_0420	SYN_SEG_SPK_12	training	u	f3	1982.968	f3_reference_scaling		2261.25	2266.28271691852	Hz	TRUE	eligible_complete_training_inventory	SYNTHETIC_TEACHING_FIXTURE
REQ_SYN_SEG_0445_f1	SYN_SEG_0445	SYN_SEG_SPK_13	training	i	f1	309.49	raw_hz			309.49	Hz	TRUE	eligible_complete_training_inventory	SYNTHETIC_TEACHING_FIXTURE
REQ_SYN_SEG_0445_f1	SYN_SEG_0445	SYN_SEG_SPK_13	training	i	f1	309.49	log_hz			5.73492578142496	log_Hz	TRUE	eligible_complete_training_inventory	SYNTHETIC_TEACHING_FIXTURE
REQ_SYN_SEG_0445_f1	SYN_SEG_0445	SYN_SEG_SPK_13	training	i	f1	309.49	within_speaker_z	469.464636363636	220.036687889667	-0.727036195181472	z	TRUE	eligible_complete_training_inventory	SYNTHETIC_TEACHING_FIXTURE
REQ_SYN_SEG_0445_f1	SYN_SEG_0445	SYN_SEG_SPK_13	training	i	f1	309.49	f3_reference_scaling		2621.099	305.147739463485	Hz	TRUE	eligible_complete_training_inventory	SYNTHETIC_TEACHING_FIXTURE
REQ_SYN_SEG_0445_f2	SYN_SEG_0445	SYN_SEG_SPK_13	training	i	f2	2440.597	raw_hz			2440.597	Hz	TRUE	eligible_complete_training_inventory	SYNTHETIC_TEACHING_FIXTURE
REQ_SYN_SEG_0445_f2	SYN_SEG_0445	SYN_SEG_SPK_13	training	i	f2	2440.597	log_hz			7.79999796049105	log_Hz	TRUE	eligible_complete_training_inventory	SYNTHETIC_TEACHING_FIXTURE
REQ_SYN_SEG_0445_f2	SYN_SEG_0445	SYN_SEG_SPK_13	training	i	f2	2440.597	within_speaker_z	1550.92827272727	707.617307830877	1.25727383633381	z	TRUE	eligible_complete_training_inventory	SYNTHETIC_TEACHING_FIXTURE
REQ_SYN_SEG_0445_f2	SYN_SEG_0445	SYN_SEG_SPK_13	training	i	f2	2440.597	f3_reference_scaling		2621.099	2406.35451061864	Hz	TRUE	eligible_complete_training_inventory	SYNTHETIC_TEACHING_FIXTURE
REQ_SYN_SEG_0445_f3	SYN_SEG_0445	SYN_SEG_SPK_13	training	i	f3	3173.909	raw_hz			3173.909	Hz	TRUE	eligible_complete_training_inventory	SYNTHETIC_TEACHING_FIXTURE
REQ_SYN_SEG_0445_f3	SYN_SEG_0445	SYN_SEG_SPK_13	training	i	f3	3173.909	log_hz			8.06271923022796	log_Hz	TRUE	eligible_complete_training_inventory	SYNTHETIC_TEACHING_FIXTURE
REQ_SYN_SEG_0445_f3	SYN_SEG_0445	SYN_SEG_SPK_13	training	i	f3	3173.909	within_speaker_z	2696.15218181818	358.438177878088	1.33288485342182	z	TRUE	eligible_complete_training_inventory	SYNTHETIC_TEACHING_FIXTURE
REQ_SYN_SEG_0445_f3	SYN_SEG_0445	SYN_SEG_SPK_13	training	i	f3	3173.909	f3_reference_scaling		2621.099	3129.3778687932	Hz	TRUE	eligible_complete_training_inventory	SYNTHETIC_TEACHING_FIXTURE
REQ_SYN_SEG_0446_f1	SYN_SEG_0446	SYN_SEG_SPK_13	training	a	f1	819.965	raw_hz			819.965	Hz	TRUE	eligible_complete_training_inventory	SYNTHETIC_TEACHING_FIXTURE
REQ_SYN_SEG_0446_f1	SYN_SEG_0446	SYN_SEG_SPK_13	training	a	f1	819.965	log_hz			6.70926165642053	log_Hz	TRUE	eligible_complete_training_inventory	SYNTHETIC_TEACHING_FIXTURE
REQ_SYN_SEG_0446_f1	SYN_SEG_0446	SYN_SEG_SPK_13	training	a	f1	819.965	within_speaker_z	469.464636363636	220.036687889667	1.59291783110331	z	TRUE	eligible_complete_training_inventory	SYNTHETIC_TEACHING_FIXTURE
REQ_SYN_SEG_0446_f1	SYN_SEG_0446	SYN_SEG_SPK_13	training	a	f1	819.965	f3_reference_scaling		2621.099	808.460584151915	Hz	TRUE	eligible_complete_training_inventory	SYNTHETIC_TEACHING_FIXTURE
REQ_SYN_SEG_0446_f2	SYN_SEG_0446	SYN_SEG_SPK_13	training	a	f2	1174.072	raw_hz			1174.072	Hz	TRUE	eligible_complete_training_inventory	SYNTHETIC_TEACHING_FIXTURE
REQ_SYN_SEG_0446_f2	SYN_SEG_0446	SYN_SEG_SPK_13	training	a	f2	1174.072	log_hz			7.06823332729797	log_Hz	TRUE	eligible_complete_training_inventory	SYNTHETIC_TEACHING_FIXTURE
REQ_SYN_SEG_0446_f2	SYN_SEG_0446	SYN_SEG_SPK_13	training	a	f2	1174.072	within_speaker_z	1550.92827272727	707.617307830877	-0.532570739235427	z	TRUE	eligible_complete_training_inventory	SYNTHETIC_TEACHING_FIXTURE
REQ_SYN_SEG_0446_f2	SYN_SEG_0446	SYN_SEG_SPK_13	training	a	f2	1174.072	f3_reference_scaling		2621.099	1157.59933040606	Hz	TRUE	eligible_complete_training_inventory	SYNTHETIC_TEACHING_FIXTURE
REQ_SYN_SEG_0446_f3	SYN_SEG_0446	SYN_SEG_SPK_13	training	a	f3	2621.099	raw_hz			2621.099	Hz	TRUE	eligible_complete_training_inventory	SYNTHETIC_TEACHING_FIXTURE
REQ_SYN_SEG_0446_f3	SYN_SEG_0446	SYN_SEG_SPK_13	training	a	f3	2621.099	log_hz			7.87134897445288	log_Hz	TRUE	eligible_complete_training_inventory	SYNTHETIC_TEACHING_FIXTURE
REQ_SYN_SEG_0446_f3	SYN_SEG_0446	SYN_SEG_SPK_13	training	a	f3	2621.099	within_speaker_z	2696.15218181818	358.438177878088	-0.209389474811215	z	TRUE	eligible_complete_training_inventory	SYNTHETIC_TEACHING_FIXTURE
REQ_SYN_SEG_0446_f3	SYN_SEG_0446	SYN_SEG_SPK_13	training	a	f3	2621.099	f3_reference_scaling		2621.099	2584.324	Hz	TRUE	eligible_complete_training_inventory	SYNTHETIC_TEACHING_FIXTURE
REQ_SYN_SEG_0447_f1	SYN_SEG_0447	SYN_SEG_SPK_13	training	u	f1	369.629	raw_hz			369.629	Hz	TRUE	eligible_complete_training_inventory	SYNTHETIC_TEACHING_FIXTURE
REQ_SYN_SEG_0447_f1	SYN_SEG_0447	SYN_SEG_SPK_13	training	u	f1	369.629	log_hz			5.91249979989292	log_Hz	TRUE	eligible_complete_training_inventory	SYNTHETIC_TEACHING_FIXTURE
REQ_SYN_SEG_0447_f1	SYN_SEG_0447	SYN_SEG_SPK_13	training	u	f1	369.629	within_speaker_z	469.464636363636	220.036687889667	-0.453722682890487	z	TRUE	eligible_complete_training_inventory	SYNTHETIC_TEACHING_FIXTURE
REQ_SYN_SEG_0447_f1	SYN_SEG_0447	SYN_SEG_SPK_13	training	u	f1	369.629	f3_reference_scaling		2621.099	364.442966784543	Hz	TRUE	eligible_complete_training_inventory	SYNTHETIC_TEACHING_FIXTURE
REQ_SYN_SEG_0447_f2	SYN_SEG_0447	SYN_SEG_SPK_13	training	u	f2	906.547	raw_hz			906.547	Hz	TRUE	eligible_complete_training_inventory	SYNTHETIC_TEACHING_FIXTURE
REQ_SYN_SEG_0447_f2	SYN_SEG_0447	SYN_SEG_SPK_13	training	u	f2	906.547	log_hz			6.80964287661699	log_Hz	TRUE	eligible_complete_training_inventory	SYNTHETIC_TEACHING_FIXTURE
REQ_SYN_SEG_0447_f2	SYN_SEG_0447	SYN_SEG_SPK_13	training	u	f2	906.547	within_speaker_z	1550.92827272727	707.617307830877	-0.91063526230379	z	TRUE	eligible_complete_training_inventory	SYNTHETIC_TEACHING_FIXTURE
REQ_SYN_SEG_0447_f2	SYN_SEG_0447	SYN_SEG_SPK_13	training	u	f2	906.547	f3_reference_scaling		2621.099	893.827806285837	Hz	TRUE	eligible_complete_training_inventory	SYNTHETIC_TEACHING_FIXTURE
REQ_SYN_SEG_0447_f3	SYN_SEG_0447	SYN_SEG_SPK_13	training	u	f3	2276.611	raw_hz			2276.611	Hz	TRUE	eligible_complete_training_inventory	SYNTHETIC_TEACHING_FIXTURE
REQ_SYN_SEG_0447_f3	SYN_SEG_0447	SYN_SEG_SPK_13	training	u	f3	2276.611	log_hz			7.73044321264611	log_Hz	TRUE	eligible_complete_training_inventory	SYNTHETIC_TEACHING_FIXTURE
REQ_SYN_SEG_0447_f3	SYN_SEG_0447	SYN_SEG_SPK_13	training	u	f3	2276.611	within_speaker_z	2696.15218181818	358.438177878088	-1.17047013323697	z	TRUE	eligible_complete_training_inventory	SYNTHETIC_TEACHING_FIXTURE
REQ_SYN_SEG_0447_f3	SYN_SEG_0447	SYN_SEG_SPK_13	training	u	f3	2276.611	f3_reference_scaling		2621.099	2244.66929557563	Hz	TRUE	eligible_complete_training_inventory	SYNTHETIC_TEACHING_FIXTURE
REQ_SYN_SEG_0448_f1	SYN_SEG_0448	SYN_SEG_SPK_13	training	i	f1	272.824	raw_hz			272.824	Hz	TRUE	eligible_complete_training_inventory	SYNTHETIC_TEACHING_FIXTURE
REQ_SYN_SEG_0448_f1	SYN_SEG_0448	SYN_SEG_SPK_13	training	i	f1	272.824	log_hz			5.60882689863919	log_Hz	TRUE	eligible_complete_training_inventory	SYNTHETIC_TEACHING_FIXTURE
REQ_SYN_SEG_0448_f1	SYN_SEG_0448	SYN_SEG_SPK_13	training	i	f1	272.824	within_speaker_z	469.464636363636	220.036687889667	-0.893672042828777	z	TRUE	eligible_complete_training_inventory	SYNTHETIC_TEACHING_FIXTURE
REQ_SYN_SEG_0448_f1	SYN_SEG_0448	SYN_SEG_SPK_13	training	i	f1	272.824	f3_reference_scaling		2621.099	268.996177166906	Hz	TRUE	eligible_complete_training_inventory	SYNTHETIC_TEACHING_FIXTURE
REQ_SYN_SEG_0448_f2	SYN_SEG_0448	SYN_SEG_SPK_13	training	i	f2	2355.593	raw_hz			2355.593	Hz	TRUE	eligible_complete_training_inventory	SYNTHETIC_TEACHING_FIXTURE
REQ_SYN_SEG_0448_f2	SYN_SEG_0448	SYN_SEG_SPK_13	training	i	f2	2355.593	log_hz			7.76454777942396	log_Hz	TRUE	eligible_complete_training_inventory	SYNTHETIC_TEACHING_FIXTURE
REQ_SYN_SEG_0448_f2	SYN_SEG_0448	SYN_SEG_SPK_13	training	i	f2	2355.593	within_speaker_z	1550.92827272727	707.617307830877	1.13714675767236	z	TRUE	eligible_complete_training_inventory	SYNTHETIC_TEACHING_FIXTURE
REQ_SYN_SEG_0448_f2	SYN_SEG_0448	SYN_SEG_SPK_13	training	i	f2	2355.593	f3_reference_scaling		2621.099	2322.5431485541	Hz	TRUE	eligible_complete_training_inventory	SYNTHETIC_TEACHING_FIXTURE
REQ_SYN_SEG_0448_f3	SYN_SEG_0448	SYN_SEG_SPK_13	training	i	f3	3177.48	raw_hz			3177.48	Hz	TRUE	eligible_complete_training_inventory	SYNTHETIC_TEACHING_FIXTURE
REQ_SYN_SEG_0448_f3	SYN_SEG_0448	SYN_SEG_SPK_13	training	i	f3	3177.48	log_hz			8.06384370878731	log_Hz	TRUE	eligible_complete_training_inventory	SYNTHETIC_TEACHING_FIXTURE
REQ_SYN_SEG_0448_f3	SYN_SEG_0448	SYN_SEG_SPK_13	training	i	f3	3177.48	within_speaker_z	2696.15218181818	358.438177878088	1.3428475198463	z	TRUE	eligible_complete_training_inventory	SYNTHETIC_TEACHING_FIXTURE
REQ_SYN_SEG_0448_f3	SYN_SEG_0448	SYN_SEG_SPK_13	training	i	f3	3177.48	f3_reference_scaling		2621.099	3132.89876632664	Hz	TRUE	eligible_complete_training_inventory	SYNTHETIC_TEACHING_FIXTURE
REQ_SYN_SEG_0449_f1	SYN_SEG_0449	SYN_SEG_SPK_13	training	a	f1	817.441	raw_hz			817.441	Hz	TRUE	eligible_complete_training_inventory	SYNTHETIC_TEACHING_FIXTURE
REQ_SYN_SEG_0449_f1	SYN_SEG_0449	SYN_SEG_SPK_13	training	a	f1	817.441	log_hz			6.70617872891312	log_Hz	TRUE	eligible_complete_training_inventory	SYNTHETIC_TEACHING_FIXTURE
REQ_SYN_SEG_0449_f1	SYN_SEG_0449	SYN_SEG_SPK_13	training	a	f1	817.441	within_speaker_z	469.464636363636	220.036687889667	1.58144701673955	z	TRUE	eligible_complete_training_inventory	SYNTHETIC_TEACHING_FIXTURE
REQ_SYN_SEG_0449_f1	SYN_SEG_0449	SYN_SEG_SPK_13	training	a	f1	817.441	f3_reference_scaling		2621.099	805.971996816602	Hz	TRUE	eligible_complete_training_inventory	SYNTHETIC_TEACHING_FIXTURE
REQ_SYN_SEG_0449_f2	SYN_SEG_0449	SYN_SEG_SPK_13	training	a	f2	1261.418	raw_hz			1261.418	Hz	TRUE	eligible_complete_training_inventory	SYNTHETIC_TEACHING_FIXTURE
REQ_SYN_SEG_0449_f2	SYN_SEG_0449	SYN_SEG_SPK_13	training	a	f2	1261.418	log_hz			7.13999176398662	log_Hz	TRUE	eligible_complete_training_inventory	SYNTHETIC_TEACHING_FIXTURE
REQ_SYN_SEG_0449_f2	SYN_SEG_0449	SYN_SEG_SPK_13	training	a	f2	1261.418	within_speaker_z	1550.92827272727	707.617307830877	-0.409133961992443	z	TRUE	eligible_complete_training_inventory	SYNTHETIC_TEACHING_FIXTURE
REQ_SYN_SEG_0449_f2	SYN_SEG_0449	SYN_SEG_SPK_13	training	a	f2	1261.418	f3_reference_scaling		2621.099	1243.71983333403	Hz	TRUE	eligible_complete_training_inventory	SYNTHETIC_TEACHING_FIXTURE
REQ_SYN_SEG_0449_f3	SYN_SEG_0449	SYN_SEG_SPK_13	training	a	f3	2554.85	raw_hz			2554.85	Hz	TRUE	eligible_complete_training_inventory	SYNTHETIC_TEACHING_FIXTURE
REQ_SYN_SEG_0449_f3	SYN_SEG_0449	SYN_SEG_SPK_13	training	a	f3	2554.85	log_hz			7.84574879249953	log_Hz	TRUE	eligible_complete_training_inventory	SYNTHETIC_TEACHING_FIXTURE
REQ_SYN_SEG_0449_f3	SYN_SEG_0449	SYN_SEG_SPK_13	training	a	f3	2554.85	within_speaker_z	2696.15218181818	358.438177878088	-0.394216326661056	z	TRUE	eligible_complete_training_inventory	SYNTHETIC_TEACHING_FIXTURE
REQ_SYN_SEG_0449_f3	SYN_SEG_0449	SYN_SEG_SPK_13	training	a	f3	2554.85	f3_reference_scaling		2621.099	2519.0044982658	Hz	TRUE	eligible_complete_training_inventory	SYNTHETIC_TEACHING_FIXTURE
REQ_SYN_SEG_0450_f1	SYN_SEG_0450	SYN_SEG_SPK_13	training	u	f1	361.615	raw_hz			361.615	Hz	TRUE	eligible_complete_training_inventory	SYNTHETIC_TEACHING_FIXTURE
REQ_SYN_SEG_0450_f1	SYN_SEG_0450	SYN_SEG_SPK_13	training	u	f1	361.615	log_hz			5.89058010995854	log_Hz	TRUE	eligible_complete_training_inventory	SYNTHETIC_TEACHING_FIXTURE
REQ_SYN_SEG_0450_f1	SYN_SEG_0450	SYN_SEG_SPK_13	training	u	f1	361.615	within_speaker_z	469.464636363636	220.036687889667	-0.490143881904438	z	TRUE	eligible_complete_training_inventory	SYNTHETIC_TEACHING_FIXTURE
REQ_SYN_SEG_0450_f1	SYN_SEG_0450	SYN_SEG_SPK_13	training	u	f1	361.615	f3_reference_scaling		2621.099	356.541406204039	Hz	TRUE	eligible_complete_training_inventory	SYNTHETIC_TEACHING_FIXTURE
REQ_SYN_SEG_0450_f2	SYN_SEG_0450	SYN_SEG_SPK_13	training	u	f2	970.396	raw_hz			970.396	Hz	TRUE	eligible_complete_training_inventory	SYNTHETIC_TEACHING_FIXTURE
REQ_SYN_SEG_0450_f2	SYN_SEG_0450	SYN_SEG_SPK_13	training	u	f2	970.396	log_hz			6.8777042356098	log_Hz	TRUE	eligible_complete_training_inventory	SYNTHETIC_TEACHING_FIXTURE
REQ_SYN_SEG_0450_f2	SYN_SEG_0450	SYN_SEG_SPK_13	training	u	f2	970.396	within_speaker_z	1550.92827272727	707.617307830877	-0.820404286756115	z	TRUE	eligible_complete_training_inventory	SYNTHETIC_TEACHING_FIXTURE
REQ_SYN_SEG_0450_f2	SYN_SEG_0450	SYN_SEG_SPK_13	training	u	f2	970.396	f3_reference_scaling		2621.099	956.780980918309	Hz	TRUE	eligible_complete_training_inventory	SYNTHETIC_TEACHING_FIXTURE
REQ_SYN_SEG_0450_f3	SYN_SEG_0450	SYN_SEG_SPK_13	training	u	f3	2374.815	raw_hz			2374.815	Hz	TRUE	eligible_complete_training_inventory	SYNTHETIC_TEACHING_FIXTURE
REQ_SYN_SEG_0450_f3	SYN_SEG_0450	SYN_SEG_SPK_13	training	u	f3	2374.815	log_hz			7.77267481869795	log_Hz	TRUE	eligible_complete_training_inventory	SYNTHETIC_TEACHING_FIXTURE
REQ_SYN_SEG_0450_f3	SYN_SEG_0450	SYN_SEG_SPK_13	training	u	f3	2374.815	within_speaker_z	2696.15218181818	358.438177878088	-0.896492621741524	z	TRUE	eligible_complete_training_inventory	SYNTHETIC_TEACHING_FIXTURE
REQ_SYN_SEG_0450_f3	SYN_SEG_0450	SYN_SEG_SPK_13	training	u	f3	2374.815	f3_reference_scaling		2621.099	2341.49545669965	Hz	TRUE	eligible_complete_training_inventory	SYNTHETIC_TEACHING_FIXTURE
REQ_SYN_SEG_0451_f1	SYN_SEG_0451	SYN_SEG_SPK_13	training	i	f1	324.906	raw_hz			324.906	Hz	TRUE	eligible_complete_training_inventory	SYNTHETIC_TEACHING_FIXTURE
REQ_SYN_SEG_0451_f1	SYN_SEG_0451	SYN_SEG_SPK_13	training	i	f1	324.906	log_hz			5.78353590972522	log_Hz	TRUE	eligible_complete_training_inventory	SYNTHETIC_TEACHING_FIXTURE
REQ_SYN_SEG_0451_f1	SYN_SEG_0451	SYN_SEG_SPK_13	training	i	f1	324.906	within_speaker_z	469.464636363636	220.036687889667	-0.656975151508019	z	TRUE	eligible_complete_training_inventory	SYNTHETIC_TEACHING_FIXTURE
REQ_SYN_SEG_0451_f1	SYN_SEG_0451	SYN_SEG_SPK_13	training	i	f1	324.906	f3_reference_scaling		2621.099	320.347447213554	Hz	TRUE	eligible_complete_training_inventory	SYNTHETIC_TEACHING_FIXTURE
REQ_SYN_SEG_0451_f2	SYN_SEG_0451	SYN_SEG_SPK_13	training	i	f2	2546.531	raw_hz			2546.531	Hz	TRUE	eligible_complete_training_inventory	SYNTHETIC_TEACHING_FIXTURE
REQ_SYN_SEG_0451_f2	SYN_SEG_0451	SYN_SEG_SPK_13	training	i	f2	2546.531	log_hz			7.84248731982213	log_Hz	TRUE	eligible_complete_training_inventory	SYNTHETIC_TEACHING_FIXTURE
REQ_SYN_SEG_0451_f2	SYN_SEG_0451	SYN_SEG_SPK_13	training	i	f2	2546.531	within_speaker_z	1550.92827272727	707.617307830877	1.40697904962873	z	TRUE	eligible_complete_training_inventory	SYNTHETIC_TEACHING_FIXTURE
REQ_SYN_SEG_0451_f2	SYN_SEG_0451	SYN_SEG_SPK_13	training	i	f2	2546.531	f3_reference_scaling		2621.099	2510.80221694946	Hz	TRUE	eligible_complete_training_inventory	SYNTHETIC_TEACHING_FIXTURE
REQ_SYN_SEG_0451_f3	SYN_SEG_0451	SYN_SEG_SPK_13	training	i	f3	3015.238	raw_hz			3015.238	Hz	TRUE	eligible_complete_training_inventory	SYNTHETIC_TEACHING_FIXTURE
REQ_SYN_SEG_0451_f3	SYN_SEG_0451	SYN_SEG_SPK_13	training	i	f3	3015.238	log_hz			8.01143404468593	log_Hz	TRUE	eligible_complete_training_inventory	SYNTHETIC_TEACHING_FIXTURE
REQ_SYN_SEG_0451_f3	SYN_SEG_0451	SYN_SEG_SPK_13	training	i	f3	3015.238	within_speaker_z	2696.15218181818	358.438177878088	0.890211584242418	z	TRUE	eligible_complete_training_inventory	SYNTHETIC_TEACHING_FIXTURE
REQ_SYN_SEG_0451_f3	SYN_SEG_0451	SYN_SEG_SPK_13	training	i	f3	3015.238	f3_reference_scaling		2621.099	2972.93308231089	Hz	TRUE	eligible_complete_training_inventory	SYNTHETIC_TEACHING_FIXTURE
REQ_SYN_SEG_0453_f1	SYN_SEG_0453	SYN_SEG_SPK_13	training	u	f1	363.626	raw_hz			363.626	Hz	TRUE	eligible_complete_training_inventory	SYNTHETIC_TEACHING_FIXTURE
REQ_SYN_SEG_0453_f1	SYN_SEG_0453	SYN_SEG_SPK_13	training	u	f1	363.626	log_hz			5.89612586689752	log_Hz	TRUE	eligible_complete_training_inventory	SYNTHETIC_TEACHING_FIXTURE
REQ_SYN_SEG_0453_f1	SYN_SEG_0453	SYN_SEG_SPK_13	training	u	f1	363.626	within_speaker_z	469.464636363636	220.036687889667	-0.481004496926018	z	TRUE	eligible_complete_training_inventory	SYNTHETIC_TEACHING_FIXTURE
REQ_SYN_SEG_0453_f1	SYN_SEG_0453	SYN_SEG_SPK_13	training	u	f1	363.626	f3_reference_scaling		2621.099	358.524191121358	Hz	TRUE	eligible_complete_training_inventory	SYNTHETIC_TEACHING_FIXTURE
REQ_SYN_SEG_0453_f2	SYN_SEG_0453	SYN_SEG_SPK_13	training	u	f2	850.405	raw_hz			850.405	Hz	TRUE	eligible_complete_training_inventory	SYNTHETIC_TEACHING_FIXTURE
REQ_SYN_SEG_0453_f2	SYN_SEG_0453	SYN_SEG_SPK_13	training	u	f2	850.405	log_hz			6.74571270659653	log_Hz	TRUE	eligible_complete_training_inventory	SYNTHETIC_TEACHING_FIXTURE
REQ_SYN_SEG_0453_f2	SYN_SEG_0453	SYN_SEG_SPK_13	training	u	f2	850.405	within_speaker_z	1550.92827272727	707.617307830877	-0.989974757506497	z	TRUE	eligible_complete_training_inventory	SYNTHETIC_TEACHING_FIXTURE
REQ_SYN_SEG_0453_f2	SYN_SEG_0453	SYN_SEG_SPK_13	training	u	f2	850.405	f3_reference_scaling		2621.099	838.473499558773	Hz	TRUE	eligible_complete_training_inventory	SYNTHETIC_TEACHING_FIXTURE
REQ_SYN_SEG_0453_f3	SYN_SEG_0453	SYN_SEG_SPK_13	training	u	f3	2328.54	raw_hz			2328.54	Hz	TRUE	eligible_complete_training_inventory	SYNTHETIC_TEACHING_FIXTURE
REQ_SYN_SEG_0453_f3	SYN_SEG_0453	SYN_SEG_SPK_13	training	u	f3	2328.54	log_hz			7.75299674071594	log_Hz	TRUE	eligible_complete_training_inventory	SYNTHETIC_TEACHING_FIXTURE
REQ_SYN_SEG_0453_f3	SYN_SEG_0453	SYN_SEG_SPK_13	training	u	f3	2328.54	within_speaker_z	2696.15218181818	358.438177878088	-1.02559438281492	z	TRUE	eligible_complete_training_inventory	SYNTHETIC_TEACHING_FIXTURE
REQ_SYN_SEG_0453_f3	SYN_SEG_0453	SYN_SEG_SPK_13	training	u	f3	2328.54	f3_reference_scaling		2621.099	2295.86971226955	Hz	TRUE	eligible_complete_training_inventory	SYNTHETIC_TEACHING_FIXTURE
REQ_SYN_SEG_0454_f1	SYN_SEG_0454	SYN_SEG_SPK_13	training	i	f1	357.613	raw_hz			357.613	Hz	TRUE	eligible_complete_training_inventory	SYNTHETIC_TEACHING_FIXTURE
REQ_SYN_SEG_0454_f1	SYN_SEG_0454	SYN_SEG_SPK_13	training	i	f1	357.613	log_hz			5.87945139610615	log_Hz	TRUE	eligible_complete_training_inventory	SYNTHETIC_TEACHING_FIXTURE
REQ_SYN_SEG_0454_f1	SYN_SEG_0454	SYN_SEG_SPK_13	training	i	f1	357.613	within_speaker_z	469.464636363636	220.036687889667	-0.508331757928125	z	TRUE	eligible_complete_training_inventory	SYNTHETIC_TEACHING_FIXTURE
REQ_SYN_SEG_0454_f1	SYN_SEG_0454	SYN_SEG_SPK_13	training	i	f1	357.613	f3_reference_scaling		2621.099	352.595555761915	Hz	TRUE	eligible_complete_training_inventory	SYNTHETIC_TEACHING_FIXTURE
REQ_SYN_SEG_0454_f2	SYN_SEG_0454	SYN_SEG_SPK_13	training	i	f2	2356.573	raw_hz			2356.573	Hz	TRUE	eligible_complete_training_inventory	SYNTHETIC_TEACHING_FIXTURE
REQ_SYN_SEG_0454_f2	SYN_SEG_0454	SYN_SEG_SPK_13	training	i	f2	2356.573	log_hz			7.76496372402953	log_Hz	TRUE	eligible_complete_training_inventory	SYNTHETIC_TEACHING_FIXTURE
REQ_SYN_SEG_0454_f2	SYN_SEG_0454	SYN_SEG_SPK_13	training	i	f2	2356.573	within_speaker_z	1550.92827272727	707.617307830877	1.13853168705319	z	TRUE	eligible_complete_training_inventory	SYNTHETIC_TEACHING_FIXTURE
REQ_SYN_SEG_0454_f2	SYN_SEG_0454	SYN_SEG_SPK_13	training	i	f2	2356.573	f3_reference_scaling		2621.099	2323.5093987873	Hz	TRUE	eligible_complete_training_inventory	SYNTHETIC_TEACHING_FIXTURE
REQ_SYN_SEG_0454_f3	SYN_SEG_0454	SYN_SEG_SPK_13	training	i	f3	3110.261	raw_hz			3110.261	Hz	TRUE	eligible_complete_training_inventory	SYNTHETIC_TEACHING_FIXTURE
REQ_SYN_SEG_0454_f3	SYN_SEG_0454	SYN_SEG_SPK_13	training	i	f3	3110.261	log_hz			8.04246192448154	log_Hz	TRUE	eligible_complete_training_inventory	SYNTHETIC_TEACHING_FIXTURE
REQ_SYN_SEG_0454_f3	SYN_SEG_0454	SYN_SEG_SPK_13	training	i	f3	3110.261	within_speaker_z	2696.15218181818	358.438177878088	1.15531448305338	z	TRUE	eligible_complete_training_inventory	SYNTHETIC_TEACHING_FIXTURE
REQ_SYN_SEG_0454_f3	SYN_SEG_0454	SYN_SEG_SPK_13	training	i	f3	3110.261	f3_reference_scaling		2621.099	3066.6228740555	Hz	TRUE	eligible_complete_training_inventory	SYNTHETIC_TEACHING_FIXTURE
REQ_SYN_SEG_0455_f1	SYN_SEG_0455	SYN_SEG_SPK_13	training	a	f1	788.131	raw_hz			788.131	Hz	TRUE	eligible_complete_training_inventory	SYNTHETIC_TEACHING_FIXTURE
REQ_SYN_SEG_0455_f1	SYN_SEG_0455	SYN_SEG_SPK_13	training	a	f1	788.131	log_hz			6.66966431969576	log_Hz	TRUE	eligible_complete_training_inventory	SYNTHETIC_TEACHING_FIXTURE
REQ_SYN_SEG_0455_f1	SYN_SEG_0455	SYN_SEG_SPK_13	training	a	f1	788.131	within_speaker_z	469.464636363636	220.036687889667	1.44824195770549	z	TRUE	eligible_complete_training_inventory	SYNTHETIC_TEACHING_FIXTURE
REQ_SYN_SEG_0455_f1	SYN_SEG_0455	SYN_SEG_SPK_13	training	a	f1	788.131	f3_reference_scaling		2621.099	777.073227086806	Hz	TRUE	eligible_complete_training_inventory	SYNTHETIC_TEACHING_FIXTURE
REQ_SYN_SEG_0455_f2	SYN_SEG_0455	SYN_SEG_SPK_13	training	a	f2	1258.283	raw_hz			1258.283	Hz	TRUE	eligible_complete_training_inventory	SYNTHETIC_TEACHING_FIXTURE
REQ_SYN_SEG_0455_f2	SYN_SEG_0455	SYN_SEG_SPK_13	training	a	f2	1258.283	log_hz			7.13750337221499	log_Hz	TRUE	eligible_complete_training_inventory	SYNTHETIC_TEACHING_FIXTURE
REQ_SYN_SEG_0455_f2	SYN_SEG_0455	SYN_SEG_SPK_13	training	a	f2	1258.283	within_speaker_z	1550.92827272727	707.617307830877	-0.413564322817859	z	TRUE	eligible_complete_training_inventory	SYNTHETIC_TEACHING_FIXTURE
REQ_SYN_SEG_0455_f2	SYN_SEG_0455	SYN_SEG_SPK_13	training	a	f2	1258.283	f3_reference_scaling		2621.099	1240.62881855741	Hz	TRUE	eligible_complete_training_inventory	SYNTHETIC_TEACHING_FIXTURE
REQ_SYN_SEG_0455_f3	SYN_SEG_0455	SYN_SEG_SPK_13	training	a	f3	2660.819	raw_hz			2660.819	Hz	TRUE	eligible_complete_training_inventory	SYNTHETIC_TEACHING_FIXTURE
REQ_SYN_SEG_0455_f3	SYN_SEG_0455	SYN_SEG_SPK_13	training	a	f3	2660.819	log_hz			7.88638924912273	log_Hz	TRUE	eligible_complete_training_inventory	SYNTHETIC_TEACHING_FIXTURE
REQ_SYN_SEG_0455_f3	SYN_SEG_0455	SYN_SEG_SPK_13	training	a	f3	2660.819	within_speaker_z	2696.15218181818	358.438177878088	-0.0985753862140193	z	TRUE	eligible_complete_training_inventory	SYNTHETIC_TEACHING_FIXTURE
REQ_SYN_SEG_0455_f3	SYN_SEG_0455	SYN_SEG_SPK_13	training	a	f3	2660.819	f3_reference_scaling		2621.099	2623.48671353352	Hz	TRUE	eligible_complete_training_inventory	SYNTHETIC_TEACHING_FIXTURE
REQ_SYN_SEG_0456_f1	SYN_SEG_0456	SYN_SEG_SPK_13	training	u	f1	378.871	raw_hz			378.871	Hz	TRUE	eligible_complete_training_inventory	SYNTHETIC_TEACHING_FIXTURE
REQ_SYN_SEG_0456_f1	SYN_SEG_0456	SYN_SEG_SPK_13	training	u	f1	378.871	log_hz			5.93719577775048	log_Hz	TRUE	eligible_complete_training_inventory	SYNTHETIC_TEACHING_FIXTURE
REQ_SYN_SEG_0456_f1	SYN_SEG_0456	SYN_SEG_SPK_13	training	u	f1	378.871	within_speaker_z	469.464636363636	220.036687889667	-0.411720596381013	z	TRUE	eligible_complete_training_inventory	SYNTHETIC_TEACHING_FIXTURE
REQ_SYN_SEG_0456_f1	SYN_SEG_0456	SYN_SEG_SPK_13	training	u	f1	378.871	f3_reference_scaling		2621.099	373.55529806543	Hz	TRUE	eligible_complete_training_inventory	SYNTHETIC_TEACHING_FIXTURE
REQ_SYN_SEG_0456_f2	SYN_SEG_0456	SYN_SEG_SPK_13	training	u	f2	939.796	raw_hz			939.796	Hz	TRUE	eligible_complete_training_inventory	SYNTHETIC_TEACHING_FIXTURE
REQ_SYN_SEG_0456_f2	SYN_SEG_0456	SYN_SEG_SPK_13	training	u	f2	939.796	log_hz			6.84566283043493	log_Hz	TRUE	eligible_complete_training_inventory	SYNTHETIC_TEACHING_FIXTURE
REQ_SYN_SEG_0456_f2	SYN_SEG_0456	SYN_SEG_SPK_13	training	u	f2	939.796	within_speaker_z	1550.92827272727	707.617307830877	-0.863648000075961	z	TRUE	eligible_complete_training_inventory	SYNTHETIC_TEACHING_FIXTURE
REQ_SYN_SEG_0456_f2	SYN_SEG_0456	SYN_SEG_SPK_13	training	u	f2	939.796	f3_reference_scaling		2621.099	926.610310371337	Hz	TRUE	eligible_complete_training_inventory	SYNTHETIC_TEACHING_FIXTURE
REQ_SYN_SEG_0456_f3	SYN_SEG_0456	SYN_SEG_SPK_13	training	u	f3	2364.052	raw_hz			2364.052	Hz	TRUE	eligible_complete_training_inventory	SYNTHETIC_TEACHING_FIXTURE
REQ_SYN_SEG_0456_f3	SYN_SEG_0456	SYN_SEG_SPK_13	training	u	f3	2364.052	log_hz			7.76813237489997	log_Hz	TRUE	eligible_complete_training_inventory	SYNTHETIC_TEACHING_FIXTURE
REQ_SYN_SEG_0456_f3	SYN_SEG_0456	SYN_SEG_SPK_13	training	u	f3	2364.052	within_speaker_z	2696.15218181818	358.438177878088	-0.926520115084214	z	TRUE	eligible_complete_training_inventory	SYNTHETIC_TEACHING_FIXTURE
REQ_SYN_SEG_0456_f3	SYN_SEG_0456	SYN_SEG_SPK_13	training	u	f3	2364.052	f3_reference_scaling		2621.099	2330.88346561805	Hz	TRUE	eligible_complete_training_inventory	SYNTHETIC_TEACHING_FIXTURE
REQ_SYN_SEG_0481_f1	SYN_SEG_0481	SYN_SEG_SPK_14	training	i	f1	376.946	raw_hz			376.946	Hz	TRUE	eligible_complete_training_inventory	SYNTHETIC_TEACHING_FIXTURE
REQ_SYN_SEG_0481_f1	SYN_SEG_0481	SYN_SEG_SPK_14	training	i	f1	376.946	log_hz			5.93210194111447	log_Hz	TRUE	eligible_complete_training_inventory	SYNTHETIC_TEACHING_FIXTURE
REQ_SYN_SEG_0481_f1	SYN_SEG_0481	SYN_SEG_SPK_14	training	i	f1	376.946	within_speaker_z	512.399083333333	212.913299492992	-0.636188925989529	z	TRUE	eligible_complete_training_inventory	SYNTHETIC_TEACHING_FIXTURE
REQ_SYN_SEG_0481_f1	SYN_SEG_0481	SYN_SEG_SPK_14	training	i	f1	376.946	f3_reference_scaling		2624.9135	371.117217578408	Hz	TRUE	eligible_complete_training_inventory	SYNTHETIC_TEACHING_FIXTURE
REQ_SYN_SEG_0481_f2	SYN_SEG_0481	SYN_SEG_SPK_14	training	i	f2	2426.598	raw_hz			2426.598	Hz	TRUE	eligible_complete_training_inventory	SYNTHETIC_TEACHING_FIXTURE
REQ_SYN_SEG_0481_f2	SYN_SEG_0481	SYN_SEG_SPK_14	training	i	f2	2426.598	log_hz			7.79424555541897	log_Hz	TRUE	eligible_complete_training_inventory	SYNTHETIC_TEACHING_FIXTURE
REQ_SYN_SEG_0481_f2	SYN_SEG_0481	SYN_SEG_SPK_14	training	i	f2	2426.598	within_speaker_z	1544.117	673.604049144195	1.31008862123258	z	TRUE	eligible_complete_training_inventory	SYNTHETIC_TEACHING_FIXTURE
REQ_SYN_SEG_0481_f2	SYN_SEG_0481	SYN_SEG_SPK_14	training	i	f2	2426.598	f3_reference_scaling		2624.9135	2389.07508752269	Hz	TRUE	eligible_complete_training_inventory	SYNTHETIC_TEACHING_FIXTURE
REQ_SYN_SEG_0481_f3	SYN_SEG_0481	SYN_SEG_SPK_14	training	i	f3	3151.76	raw_hz			3151.76	Hz	TRUE	eligible_complete_training_inventory	SYNTHETIC_TEACHING_FIXTURE
REQ_SYN_SEG_0481_f3	SYN_SEG_0481	SYN_SEG_SPK_14	training	i	f3	3151.76	log_hz			8.05571630594683	log_Hz	TRUE	eligible_complete_training_inventory	SYNTHETIC_TEACHING_FIXTURE
REQ_SYN_SEG_0481_f3	SYN_SEG_0481	SYN_SEG_SPK_14	training	i	f3	3151.76	within_speaker_z	2734.92691666667	329.230656636031	1.26608222816306	z	TRUE	eligible_complete_training_inventory	SYNTHETIC_TEACHING_FIXTURE
REQ_SYN_SEG_0481_f3	SYN_SEG_0481	SYN_SEG_SPK_14	training	i	f3	3151.76	f3_reference_scaling		2624.9135	3103.02377973217	Hz	TRUE	eligible_complete_training_inventory	SYNTHETIC_TEACHING_FIXTURE
REQ_SYN_SEG_0482_f1	SYN_SEG_0482	SYN_SEG_SPK_14	training	a	f1	781.623	raw_hz			781.623	Hz	TRUE	eligible_complete_training_inventory	SYNTHETIC_TEACHING_FIXTURE
REQ_SYN_SEG_0482_f1	SYN_SEG_0482	SYN_SEG_SPK_14	training	a	f1	781.623	log_hz			6.6613725271124	log_Hz	TRUE	eligible_complete_training_inventory	SYNTHETIC_TEACHING_FIXTURE
REQ_SYN_SEG_0482_f1	SYN_SEG_0482	SYN_SEG_SPK_14	training	a	f1	781.623	within_speaker_z	512.399083333333	212.913299492992	1.26447674855336	z	TRUE	eligible_complete_training_inventory	SYNTHETIC_TEACHING_FIXTURE
REQ_SYN_SEG_0482_f1	SYN_SEG_0482	SYN_SEG_SPK_14	training	a	f1	781.623	f3_reference_scaling		2624.9135	769.536625817194	Hz	TRUE	eligible_complete_training_inventory	SYNTHETIC_TEACHING_FIXTURE
REQ_SYN_SEG_0482_f2	SYN_SEG_0482	SYN_SEG_SPK_14	training	a	f2	1220.827	raw_hz			1220.827	Hz	TRUE	eligible_complete_training_inventory	SYNTHETIC_TEACHING_FIXTURE
REQ_SYN_SEG_0482_f2	SYN_SEG_0482	SYN_SEG_SPK_14	training	a	f2	1220.827	log_hz			7.10728377693045	log_Hz	TRUE	eligible_complete_training_inventory	SYNTHETIC_TEACHING_FIXTURE
REQ_SYN_SEG_0482_f2	SYN_SEG_0482	SYN_SEG_SPK_14	training	a	f2	1220.827	within_speaker_z	1544.117	673.604049144195	-0.479940701678881	z	TRUE	eligible_complete_training_inventory	SYNTHETIC_TEACHING_FIXTURE
REQ_SYN_SEG_0482_f2	SYN_SEG_0482	SYN_SEG_SPK_14	training	a	f2	1220.827	f3_reference_scaling		2624.9135	1201.9491369708	Hz	TRUE	eligible_complete_training_inventory	SYNTHETIC_TEACHING_FIXTURE
REQ_SYN_SEG_0482_f3	SYN_SEG_0482	SYN_SEG_SPK_14	training	a	f3	2659.107	raw_hz			2659.107	Hz	TRUE	eligible_complete_training_inventory	SYNTHETIC_TEACHING_FIXTURE
REQ_SYN_SEG_0482_f3	SYN_SEG_0482	SYN_SEG_SPK_14	training	a	f3	2659.107	log_hz			7.88574563112537	log_Hz	TRUE	eligible_complete_training_inventory	SYNTHETIC_TEACHING_FIXTURE
REQ_SYN_SEG_0482_f3	SYN_SEG_0482	SYN_SEG_SPK_14	training	a	f3	2659.107	within_speaker_z	2734.92691666667	329.230656636031	-0.230294218167194	z	TRUE	eligible_complete_training_inventory	SYNTHETIC_TEACHING_FIXTURE
REQ_SYN_SEG_0482_f3	SYN_SEG_0482	SYN_SEG_SPK_14	training	a	f3	2659.107	f3_reference_scaling		2624.9135	2617.98875988409	Hz	TRUE	eligible_complete_training_inventory	SYNTHETIC_TEACHING_FIXTURE
REQ_SYN_SEG_0483_f1	SYN_SEG_0483	SYN_SEG_SPK_14	training	u	f1	414.893	raw_hz			414.893	Hz	TRUE	eligible_complete_training_inventory	SYNTHETIC_TEACHING_FIXTURE
REQ_SYN_SEG_0483_f1	SYN_SEG_0483	SYN_SEG_SPK_14	training	u	f1	414.893	log_hz			6.02802065566119	log_Hz	TRUE	eligible_complete_training_inventory	SYNTHETIC_TEACHING_FIXTURE
REQ_SYN_SEG_0483_f1	SYN_SEG_0483	SYN_SEG_SPK_14	training	u	f1	414.893	within_speaker_z	512.399083333333	212.913299492992	-0.457961449874308	z	TRUE	eligible_complete_training_inventory	SYNTHETIC_TEACHING_FIXTURE
REQ_SYN_SEG_0483_f1	SYN_SEG_0483	SYN_SEG_SPK_14	training	u	f1	414.893	f3_reference_scaling		2624.9135	408.477436430572	Hz	TRUE	eligible_complete_training_inventory	SYNTHETIC_TEACHING_FIXTURE
REQ_SYN_SEG_0483_f2	SYN_SEG_0483	SYN_SEG_SPK_14	training	u	f2	900.294	raw_hz			900.294	Hz	TRUE	eligible_complete_training_inventory	SYNTHETIC_TEACHING_FIXTURE
REQ_SYN_SEG_0483_f2	SYN_SEG_0483	SYN_SEG_SPK_14	training	u	f2	900.294	log_hz			6.80272137664704	log_Hz	TRUE	eligible_complete_training_inventory	SYNTHETIC_TEACHING_FIXTURE
REQ_SYN_SEG_0483_f2	SYN_SEG_0483	SYN_SEG_SPK_14	training	u	f2	900.294	within_speaker_z	1544.117	673.604049144195	-0.955788494469368	z	TRUE	eligible_complete_training_inventory	SYNTHETIC_TEACHING_FIXTURE
REQ_SYN_SEG_0483_f2	SYN_SEG_0483	SYN_SEG_SPK_14	training	u	f2	900.294	f3_reference_scaling		2624.9135	886.372595232567	Hz	TRUE	eligible_complete_training_inventory	SYNTHETIC_TEACHING_FIXTURE
REQ_SYN_SEG_0483_f3	SYN_SEG_0483	SYN_SEG_SPK_14	training	u	f3	2435.625	raw_hz			2435.625	Hz	TRUE	eligible_complete_training_inventory	SYNTHETIC_TEACHING_FIXTURE
REQ_SYN_SEG_0483_f3	SYN_SEG_0483	SYN_SEG_SPK_14	training	u	f3	2435.625	log_hz			7.79795867609297	log_Hz	TRUE	eligible_complete_training_inventory	SYNTHETIC_TEACHING_FIXTURE
REQ_SYN_SEG_0483_f3	SYN_SEG_0483	SYN_SEG_SPK_14	training	u	f3	2435.625	within_speaker_z	2734.92691666667	329.230656636031	-0.909094917602247	z	TRUE	eligible_complete_training_inventory	SYNTHETIC_TEACHING_FIXTURE
REQ_SYN_SEG_0483_f3	SYN_SEG_0483	SYN_SEG_SPK_14	training	u	f3	2435.625	f3_reference_scaling		2624.9135	2397.962501431	Hz	TRUE	eligible_complete_training_inventory	SYNTHETIC_TEACHING_FIXTURE
REQ_SYN_SEG_0484_f1	SYN_SEG_0484	SYN_SEG_SPK_14	training	i	f1	354.392	raw_hz			354.392	Hz	TRUE	eligible_complete_training_inventory	SYNTHETIC_TEACHING_FIXTURE
REQ_SYN_SEG_0484_f1	SYN_SEG_0484	SYN_SEG_SPK_14	training	i	f1	354.392	log_hz			5.87040364511271	log_Hz	TRUE	eligible_complete_training_inventory	SYNTHETIC_TEACHING_FIXTURE
REQ_SYN_SEG_0484_f1	SYN_SEG_0484	SYN_SEG_SPK_14	training	i	f1	354.392	within_speaker_z	512.399083333333	212.913299492992	-0.742119368351315	z	TRUE	eligible_complete_training_inventory	SYNTHETIC_TEACHING_FIXTURE
REQ_SYN_SEG_0484_f1	SYN_SEG_0484	SYN_SEG_SPK_14	training	i	f1	354.392	f3_reference_scaling		2624.9135	348.911974054764	Hz	TRUE	eligible_complete_training_inventory	SYNTHETIC_TEACHING_FIXTURE
REQ_SYN_SEG_0484_f2	SYN_SEG_0484	SYN_SEG_SPK_14	training	i	f2	2432.063	raw_hz			2432.063	Hz	TRUE	eligible_complete_training_inventory	SYNTHETIC_TEACHING_FIXTURE
REQ_SYN_SEG_0484_f2	SYN_SEG_0484	SYN_SEG_SPK_14	training	i	f2	2432.063	log_hz			7.7964951473558	log_Hz	TRUE	eligible_complete_training_inventory	SYNTHETIC_TEACHING_FIXTURE
REQ_SYN_SEG_0484_f2	SYN_SEG_0484	SYN_SEG_SPK_14	training	i	f2	2432.063	within_speaker_z	1544.117	673.604049144195	1.3182016959787	z	TRUE	eligible_complete_training_inventory	SYNTHETIC_TEACHING_FIXTURE
REQ_SYN_SEG_0484_f2	SYN_SEG_0484	SYN_SEG_SPK_14	training	i	f2	2432.063	f3_reference_scaling		2624.9135	2394.45558126468	Hz	TRUE	eligible_complete_training_inventory	SYNTHETIC_TEACHING_FIXTURE
REQ_SYN_SEG_0484_f3	SYN_SEG_0484	SYN_SEG_SPK_14	training	i	f3	3093.175	raw_hz			3093.175	Hz	TRUE	eligible_complete_training_inventory	SYNTHETIC_TEACHING_FIXTURE
REQ_SYN_SEG_0484_f3	SYN_SEG_0484	SYN_SEG_SPK_14	training	i	f3	3093.175	log_hz			8.03695335045729	log_Hz	TRUE	eligible_complete_training_inventory	SYNTHETIC_TEACHING_FIXTURE
REQ_SYN_SEG_0484_f3	SYN_SEG_0484	SYN_SEG_SPK_14	training	i	f3	3093.175	within_speaker_z	2734.92691666667	329.230656636031	1.08813707384905	z	TRUE	eligible_complete_training_inventory	SYNTHETIC_TEACHING_FIXTURE
REQ_SYN_SEG_0484_f3	SYN_SEG_0484	SYN_SEG_SPK_14	training	i	f3	3093.175	f3_reference_scaling		2624.9135	3045.34468991073	Hz	TRUE	eligible_complete_training_inventory	SYNTHETIC_TEACHING_FIXTURE
REQ_SYN_SEG_0485_f1	SYN_SEG_0485	SYN_SEG_SPK_14	training	a	f1	784.201	raw_hz			784.201	Hz	TRUE	eligible_complete_training_inventory	SYNTHETIC_TEACHING_FIXTURE
REQ_SYN_SEG_0485_f1	SYN_SEG_0485	SYN_SEG_SPK_14	training	a	f1	784.201	log_hz			6.66466536504232	log_Hz	TRUE	eligible_complete_training_inventory	SYNTHETIC_TEACHING_FIXTURE
REQ_SYN_SEG_0485_f1	SYN_SEG_0485	SYN_SEG_SPK_14	training	a	f1	784.201	within_speaker_z	512.399083333333	212.913299492992	1.27658496352227	z	TRUE	eligible_complete_training_inventory	SYNTHETIC_TEACHING_FIXTURE
REQ_SYN_SEG_0485_f1	SYN_SEG_0485	SYN_SEG_SPK_14	training	a	f1	784.201	f3_reference_scaling		2624.9135	772.074761748911	Hz	TRUE	eligible_complete_training_inventory	SYNTHETIC_TEACHING_FIXTURE
REQ_SYN_SEG_0485_f2	SYN_SEG_0485	SYN_SEG_SPK_14	training	a	f2	1257.364	raw_hz			1257.364	Hz	TRUE	eligible_complete_training_inventory	SYNTHETIC_TEACHING_FIXTURE
REQ_SYN_SEG_0485_f2	SYN_SEG_0485	SYN_SEG_SPK_14	training	a	f2	1257.364	log_hz			7.1367727450317	log_Hz	TRUE	eligible_complete_training_inventory	SYNTHETIC_TEACHING_FIXTURE
REQ_SYN_SEG_0485_f2	SYN_SEG_0485	SYN_SEG_SPK_14	training	a	f2	1257.364	within_speaker_z	1544.117	673.604049144195	-0.425699638184058	z	TRUE	eligible_complete_training_inventory	SYNTHETIC_TEACHING_FIXTURE
REQ_SYN_SEG_0485_f2	SYN_SEG_0485	SYN_SEG_SPK_14	training	a	f2	1257.364	f3_reference_scaling		2624.9135	1237.92115890143	Hz	TRUE	eligible_complete_training_inventory	SYNTHETIC_TEACHING_FIXTURE
REQ_SYN_SEG_0485_f3	SYN_SEG_0485	SYN_SEG_SPK_14	training	a	f3	2699.468	raw_hz			2699.468	Hz	TRUE	eligible_complete_training_inventory	SYNTHETIC_TEACHING_FIXTURE
REQ_SYN_SEG_0485_f3	SYN_SEG_0485	SYN_SEG_SPK_14	training	a	f3	2699.468	log_hz			7.90080999554104	log_Hz	TRUE	eligible_complete_training_inventory	SYNTHETIC_TEACHING_FIXTURE
REQ_SYN_SEG_0485_f3	SYN_SEG_0485	SYN_SEG_SPK_14	training	a	f3	2699.468	within_speaker_z	2734.92691666667	329.230656636031	-0.107702353811684	z	TRUE	eligible_complete_training_inventory	SYNTHETIC_TEACHING_FIXTURE
REQ_SYN_SEG_0485_f3	SYN_SEG_0485	SYN_SEG_SPK_14	training	a	f3	2699.468	f3_reference_scaling		2624.9135	2657.72565062887	Hz	TRUE	eligible_complete_training_inventory	SYNTHETIC_TEACHING_FIXTURE
REQ_SYN_SEG_0486_f1	SYN_SEG_0486	SYN_SEG_SPK_14	training	u	f1	397.527	raw_hz			397.527	Hz	TRUE	eligible_complete_training_inventory	SYNTHETIC_TEACHING_FIXTURE
REQ_SYN_SEG_0486_f1	SYN_SEG_0486	SYN_SEG_SPK_14	training	u	f1	397.527	log_hz			5.98526285631592	log_Hz	TRUE	eligible_complete_training_inventory	SYNTHETIC_TEACHING_FIXTURE
REQ_SYN_SEG_0486_f1	SYN_SEG_0486	SYN_SEG_SPK_14	training	u	f1	397.527	within_speaker_z	512.399083333333	212.913299492992	-0.539525166379353	z	TRUE	eligible_complete_training_inventory	SYNTHETIC_TEACHING_FIXTURE
REQ_SYN_SEG_0486_f1	SYN_SEG_0486	SYN_SEG_SPK_14	training	u	f1	397.527	f3_reference_scaling		2624.9135	391.379969948724	Hz	TRUE	eligible_complete_training_inventory	SYNTHETIC_TEACHING_FIXTURE
REQ_SYN_SEG_0486_f2	SYN_SEG_0486	SYN_SEG_SPK_14	training	u	f2	971.58	raw_hz			971.58	Hz	TRUE	eligible_complete_training_inventory	SYNTHETIC_TEACHING_FIXTURE
REQ_SYN_SEG_0486_f2	SYN_SEG_0486	SYN_SEG_SPK_14	training	u	f2	971.58	log_hz			6.87892361231343	log_Hz	TRUE	eligible_complete_training_inventory	SYNTHETIC_TEACHING_FIXTURE
REQ_SYN_SEG_0486_f2	SYN_SEG_0486	SYN_SEG_SPK_14	training	u	f2	971.58	within_speaker_z	1544.117	673.604049144195	-0.849960745823011	z	TRUE	eligible_complete_training_inventory	SYNTHETIC_TEACHING_FIXTURE
REQ_SYN_SEG_0486_f2	SYN_SEG_0486	SYN_SEG_SPK_14	training	u	f2	971.58	f3_reference_scaling		2624.9135	956.556287252894	Hz	TRUE	eligible_complete_training_inventory	SYNTHETIC_TEACHING_FIXTURE
REQ_SYN_SEG_0486_f3	SYN_SEG_0486	SYN_SEG_SPK_14	training	u	f3	2410.542	raw_hz			2410.542	Hz	TRUE	eligible_complete_training_inventory	SYNTHETIC_TEACHING_FIXTURE
REQ_SYN_SEG_0486_f3	SYN_SEG_0486	SYN_SEG_SPK_14	training	u	f3	2410.542	log_hz			7.78760689746489	log_Hz	TRUE	eligible_complete_training_inventory	SYNTHETIC_TEACHING_FIXTURE
REQ_SYN_SEG_0486_f3	SYN_SEG_0486	SYN_SEG_SPK_14	training	u	f3	2410.542	within_speaker_z	2734.92691666667	329.230656636031	-0.985281625900587	z	TRUE	eligible_complete_training_inventory	SYNTHETIC_TEACHING_FIXTURE
REQ_SYN_SEG_0486_f3	SYN_SEG_0486	SYN_SEG_SPK_14	training	u	f3	2410.542	f3_reference_scaling		2624.9135	2373.26736428	Hz	TRUE	eligible_complete_training_inventory	SYNTHETIC_TEACHING_FIXTURE
REQ_SYN_SEG_0487_f1	SYN_SEG_0487	SYN_SEG_SPK_14	training	i	f1	313.303	raw_hz			313.303	Hz	TRUE	eligible_complete_training_inventory	SYNTHETIC_TEACHING_FIXTURE
REQ_SYN_SEG_0487_f1	SYN_SEG_0487	SYN_SEG_SPK_14	training	i	f1	313.303	log_hz			5.74717077339906	log_Hz	TRUE	eligible_complete_training_inventory	SYNTHETIC_TEACHING_FIXTURE
REQ_SYN_SEG_0487_f1	SYN_SEG_0487	SYN_SEG_SPK_14	training	i	f1	313.303	within_speaker_z	512.399083333333	212.913299492992	-0.935104025006605	z	TRUE	eligible_complete_training_inventory	SYNTHETIC_TEACHING_FIXTURE
REQ_SYN_SEG_0487_f1	SYN_SEG_0487	SYN_SEG_SPK_14	training	i	f1	313.303	f3_reference_scaling		2624.9135	308.458340502268	Hz	TRUE	eligible_complete_training_inventory	SYNTHETIC_TEACHING_FIXTURE
REQ_SYN_SEG_0487_f2	SYN_SEG_0487	SYN_SEG_SPK_14	training	i	f2	2447.925	raw_hz			2447.925	Hz	TRUE	eligible_complete_training_inventory	SYNTHETIC_TEACHING_FIXTURE
REQ_SYN_SEG_0487_f2	SYN_SEG_0487	SYN_SEG_SPK_14	training	i	f2	2447.925	log_hz			7.80299600590798	log_Hz	TRUE	eligible_complete_training_inventory	SYNTHETIC_TEACHING_FIXTURE
REQ_SYN_SEG_0487_f2	SYN_SEG_0487	SYN_SEG_SPK_14	training	i	f2	2447.925	within_speaker_z	1544.117	673.604049144195	1.34174965418969	z	TRUE	eligible_complete_training_inventory	SYNTHETIC_TEACHING_FIXTURE
REQ_SYN_SEG_0487_f2	SYN_SEG_0487	SYN_SEG_SPK_14	training	i	f2	2447.925	f3_reference_scaling		2624.9135	2410.07230436355	Hz	TRUE	eligible_complete_training_inventory	SYNTHETIC_TEACHING_FIXTURE
REQ_SYN_SEG_0487_f3	SYN_SEG_0487	SYN_SEG_SPK_14	training	i	f3	3208.476	raw_hz			3208.476	Hz	TRUE	eligible_complete_training_inventory	SYNTHETIC_TEACHING_FIXTURE
REQ_SYN_SEG_0487_f3	SYN_SEG_0487	SYN_SEG_SPK_14	training	i	f3	3208.476	log_hz			8.07355133703169	log_Hz	TRUE	eligible_complete_training_inventory	SYNTHETIC_TEACHING_FIXTURE
REQ_SYN_SEG_0487_f3	SYN_SEG_0487	SYN_SEG_SPK_14	training	i	f3	3208.476	within_speaker_z	2734.92691666667	329.230656636031	1.43835051137673	z	TRUE	eligible_complete_training_inventory	SYNTHETIC_TEACHING_FIXTURE
REQ_SYN_SEG_0487_f3	SYN_SEG_0487	SYN_SEG_SPK_14	training	i	f3	3208.476	f3_reference_scaling		2624.9135	3158.86277022995	Hz	TRUE	eligible_complete_training_inventory	SYNTHETIC_TEACHING_FIXTURE
REQ_SYN_SEG_0488_f1	SYN_SEG_0488	SYN_SEG_SPK_14	training	a	f1	805.61	raw_hz			805.61	Hz	TRUE	eligible_complete_training_inventory	SYNTHETIC_TEACHING_FIXTURE
REQ_SYN_SEG_0488_f1	SYN_SEG_0488	SYN_SEG_SPK_14	training	a	f1	805.61	log_hz			6.69159975443555	log_Hz	TRUE	eligible_complete_training_inventory	SYNTHETIC_TEACHING_FIXTURE
REQ_SYN_SEG_0488_f1	SYN_SEG_0488	SYN_SEG_SPK_14	training	a	f1	805.61	within_speaker_z	512.399083333333	212.913299492992	1.37713763003479	z	TRUE	eligible_complete_training_inventory	SYNTHETIC_TEACHING_FIXTURE
REQ_SYN_SEG_0488_f1	SYN_SEG_0488	SYN_SEG_SPK_14	training	a	f1	805.61	f3_reference_scaling		2624.9135	793.152710609321	Hz	TRUE	eligible_complete_training_inventory	SYNTHETIC_TEACHING_FIXTURE
REQ_SYN_SEG_0488_f2	SYN_SEG_0488	SYN_SEG_SPK_14	training	a	f2	1228.437	raw_hz			1228.437	Hz	TRUE	eligible_complete_training_inventory	SYNTHETIC_TEACHING_FIXTURE
REQ_SYN_SEG_0488_f2	SYN_SEG_0488	SYN_SEG_SPK_14	training	a	f2	1228.437	log_hz			7.11349790859498	log_Hz	TRUE	eligible_complete_training_inventory	SYNTHETIC_TEACHING_FIXTURE
REQ_SYN_SEG_0488_f2	SYN_SEG_0488	SYN_SEG_SPK_14	training	a	f2	1228.437	within_speaker_z	1544.117	673.604049144195	-0.468643263651796	z	TRUE	eligible_complete_training_inventory	SYNTHETIC_TEACHING_FIXTURE
REQ_SYN_SEG_0488_f2	SYN_SEG_0488	SYN_SEG_SPK_14	training	a	f2	1228.437	f3_reference_scaling		2624.9135	1209.4414621998	Hz	TRUE	eligible_complete_training_inventory	SYNTHETIC_TEACHING_FIXTURE
REQ_SYN_SEG_0488_f3	SYN_SEG_0488	SYN_SEG_SPK_14	training	a	f3	2584.683	raw_hz			2584.683	Hz	TRUE	eligible_complete_training_inventory	SYNTHETIC_TEACHING_FIXTURE
REQ_SYN_SEG_0488_f3	SYN_SEG_0488	SYN_SEG_SPK_14	training	a	f3	2584.683	log_hz			7.85735814886186	log_Hz	TRUE	eligible_complete_training_inventory	SYNTHETIC_TEACHING_FIXTURE
REQ_SYN_SEG_0488_f3	SYN_SEG_0488	SYN_SEG_SPK_14	training	a	f3	2584.683	within_speaker_z	2734.92691666667	329.230656636031	-0.456348501083735	z	TRUE	eligible_complete_training_inventory	SYNTHETIC_TEACHING_FIXTURE
REQ_SYN_SEG_0488_f3	SYN_SEG_0488	SYN_SEG_SPK_14	training	a	f3	2584.683	f3_reference_scaling		2624.9135	2544.71559131072	Hz	TRUE	eligible_complete_training_inventory	SYNTHETIC_TEACHING_FIXTURE
REQ_SYN_SEG_0489_f1	SYN_SEG_0489	SYN_SEG_SPK_14	training	u	f1	376.992	raw_hz			376.992	Hz	TRUE	eligible_complete_training_inventory	SYNTHETIC_TEACHING_FIXTURE
REQ_SYN_SEG_0489_f1	SYN_SEG_0489	SYN_SEG_SPK_14	training	u	f1	376.992	log_hz			5.93222396706371	log_Hz	TRUE	eligible_complete_training_inventory	SYNTHETIC_TEACHING_FIXTURE
REQ_SYN_SEG_0489_f1	SYN_SEG_0489	SYN_SEG_SPK_14	training	u	f1	376.992	within_speaker_z	512.399083333333	212.913299492992	-0.635972875606065	z	TRUE	eligible_complete_training_inventory	SYNTHETIC_TEACHING_FIXTURE
REQ_SYN_SEG_0489_f1	SYN_SEG_0489	SYN_SEG_SPK_14	training	u	f1	376.992	f3_reference_scaling		2624.9135	371.162506272302	Hz	TRUE	eligible_complete_training_inventory	SYNTHETIC_TEACHING_FIXTURE
REQ_SYN_SEG_0489_f2	SYN_SEG_0489	SYN_SEG_SPK_14	training	u	f2	937.073	raw_hz			937.073	Hz	TRUE	eligible_complete_training_inventory	SYNTHETIC_TEACHING_FIXTURE
REQ_SYN_SEG_0489_f2	SYN_SEG_0489	SYN_SEG_SPK_14	training	u	f2	937.073	log_hz			6.84276118742145	log_Hz	TRUE	eligible_complete_training_inventory	SYNTHETIC_TEACHING_FIXTURE
REQ_SYN_SEG_0489_f2	SYN_SEG_0489	SYN_SEG_SPK_14	training	u	f2	937.073	within_speaker_z	1544.117	673.604049144195	-0.901188169476181	z	TRUE	eligible_complete_training_inventory	SYNTHETIC_TEACHING_FIXTURE
REQ_SYN_SEG_0489_f2	SYN_SEG_0489	SYN_SEG_SPK_14	training	u	f2	937.073	f3_reference_scaling		2624.9135	922.58287507455	Hz	TRUE	eligible_complete_training_inventory	SYNTHETIC_TEACHING_FIXTURE
REQ_SYN_SEG_0489_f3	SYN_SEG_0489	SYN_SEG_SPK_14	training	u	f3	2442.517	raw_hz			2442.517	Hz	TRUE	eligible_complete_training_inventory	SYNTHETIC_TEACHING_FIXTURE
REQ_SYN_SEG_0489_f3	SYN_SEG_0489	SYN_SEG_SPK_14	training	u	f3	2442.517	log_hz			7.8007843439746	log_Hz	TRUE	eligible_complete_training_inventory	SYNTHETIC_TEACHING_FIXTURE
REQ_SYN_SEG_0489_f3	SYN_SEG_0489	SYN_SEG_SPK_14	training	u	f3	2442.517	within_speaker_z	2734.92691666667	329.230656636031	-0.888161265583265	z	TRUE	eligible_complete_training_inventory	SYNTHETIC_TEACHING_FIXTURE
REQ_SYN_SEG_0489_f3	SYN_SEG_0489	SYN_SEG_SPK_14	training	u	f3	2442.517	f3_reference_scaling		2624.9135	2404.74792922052	Hz	TRUE	eligible_complete_training_inventory	SYNTHETIC_TEACHING_FIXTURE
REQ_SYN_SEG_0490_f1	SYN_SEG_0490	SYN_SEG_SPK_14	training	i	f1	331.9	raw_hz			331.9	Hz	TRUE	eligible_complete_training_inventory	SYNTHETIC_TEACHING_FIXTURE
REQ_SYN_SEG_0490_f1	SYN_SEG_0490	SYN_SEG_SPK_14	training	i	f1	331.9	log_hz			5.80483371872593	log_Hz	TRUE	eligible_complete_training_inventory	SYNTHETIC_TEACHING_FIXTURE
REQ_SYN_SEG_0490_f1	SYN_SEG_0490	SYN_SEG_SPK_14	training	i	f1	331.9	within_speaker_z	512.399083333333	212.913299492992	-0.847758612370171	z	TRUE	eligible_complete_training_inventory	SYNTHETIC_TEACHING_FIXTURE
REQ_SYN_SEG_0490_f1	SYN_SEG_0490	SYN_SEG_SPK_14	training	i	f1	331.9	f3_reference_scaling		2624.9135	326.767771814195	Hz	TRUE	eligible_complete_training_inventory	SYNTHETIC_TEACHING_FIXTURE
REQ_SYN_SEG_0490_f2	SYN_SEG_0490	SYN_SEG_SPK_14	training	i	f2	2454.96	raw_hz			2454.96	Hz	TRUE	eligible_complete_training_inventory	SYNTHETIC_TEACHING_FIXTURE
REQ_SYN_SEG_0490_f2	SYN_SEG_0490	SYN_SEG_SPK_14	training	i	f2	2454.96	log_hz			7.80586574681686	log_Hz	TRUE	eligible_complete_training_inventory	SYNTHETIC_TEACHING_FIXTURE
REQ_SYN_SEG_0490_f2	SYN_SEG_0490	SYN_SEG_SPK_14	training	i	f2	2454.96	within_speaker_z	1544.117	673.604049144195	1.35219347502025	z	TRUE	eligible_complete_training_inventory	SYNTHETIC_TEACHING_FIXTURE
REQ_SYN_SEG_0490_f2	SYN_SEG_0490	SYN_SEG_SPK_14	training	i	f2	2454.96	f3_reference_scaling		2624.9135	2416.99852091888	Hz	TRUE	eligible_complete_training_inventory	SYNTHETIC_TEACHING_FIXTURE
REQ_SYN_SEG_0490_f3	SYN_SEG_0490	SYN_SEG_SPK_14	training	i	f3	3179.334	raw_hz			3179.334	Hz	TRUE	eligible_complete_training_inventory	SYNTHETIC_TEACHING_FIXTURE
REQ_SYN_SEG_0490_f3	SYN_SEG_0490	SYN_SEG_SPK_14	training	i	f3	3179.334	log_hz			8.0644270198776	log_Hz	TRUE	eligible_complete_training_inventory	SYNTHETIC_TEACHING_FIXTURE
REQ_SYN_SEG_0490_f3	SYN_SEG_0490	SYN_SEG_SPK_14	training	i	f3	3179.334	within_speaker_z	2734.92691666667	329.230656636031	1.34983506054429	z	TRUE	eligible_complete_training_inventory	SYNTHETIC_TEACHING_FIXTURE
REQ_SYN_SEG_0490_f3	SYN_SEG_0490	SYN_SEG_SPK_14	training	i	f3	3179.334	f3_reference_scaling		2624.9135	3130.17139811121	Hz	TRUE	eligible_complete_training_inventory	SYNTHETIC_TEACHING_FIXTURE
REQ_SYN_SEG_0491_f1	SYN_SEG_0491	SYN_SEG_SPK_14	training	a	f1	820.574	raw_hz			820.574	Hz	TRUE	eligible_complete_training_inventory	SYNTHETIC_TEACHING_FIXTURE
REQ_SYN_SEG_0491_f1	SYN_SEG_0491	SYN_SEG_SPK_14	training	a	f1	820.574	log_hz			6.71000409537257	log_Hz	TRUE	eligible_complete_training_inventory	SYNTHETIC_TEACHING_FIXTURE
REQ_SYN_SEG_0491_f1	SYN_SEG_0491	SYN_SEG_SPK_14	training	a	f1	820.574	within_speaker_z	512.399083333333	212.913299492992	1.44741975912505	z	TRUE	eligible_complete_training_inventory	SYNTHETIC_TEACHING_FIXTURE
REQ_SYN_SEG_0491_f1	SYN_SEG_0491	SYN_SEG_SPK_14	training	a	f1	820.574	f3_reference_scaling		2624.9135	807.885319640438	Hz	TRUE	eligible_complete_training_inventory	SYNTHETIC_TEACHING_FIXTURE
REQ_SYN_SEG_0491_f2	SYN_SEG_0491	SYN_SEG_SPK_14	training	a	f2	1250.295	raw_hz			1250.295	Hz	TRUE	eligible_complete_training_inventory	SYNTHETIC_TEACHING_FIXTURE
REQ_SYN_SEG_0491_f2	SYN_SEG_0491	SYN_SEG_SPK_14	training	a	f2	1250.295	log_hz			7.13113480245273	log_Hz	TRUE	eligible_complete_training_inventory	SYNTHETIC_TEACHING_FIXTURE
REQ_SYN_SEG_0491_f2	SYN_SEG_0491	SYN_SEG_SPK_14	training	a	f2	1250.295	within_speaker_z	1544.117	673.604049144195	-0.436193933770584	z	TRUE	eligible_complete_training_inventory	SYNTHETIC_TEACHING_FIXTURE
REQ_SYN_SEG_0491_f2	SYN_SEG_0491	SYN_SEG_SPK_14	training	a	f2	1250.295	f3_reference_scaling		2624.9135	1230.96146809409	Hz	TRUE	eligible_complete_training_inventory	SYNTHETIC_TEACHING_FIXTURE
REQ_SYN_SEG_0491_f3	SYN_SEG_0491	SYN_SEG_SPK_14	training	a	f3	2590.72	raw_hz			2590.72	Hz	TRUE	eligible_complete_training_inventory	SYNTHETIC_TEACHING_FIXTURE
REQ_SYN_SEG_0491_f3	SYN_SEG_0491	SYN_SEG_SPK_14	training	a	f3	2590.72	log_hz			7.85969110833888	log_Hz	TRUE	eligible_complete_training_inventory	SYNTHETIC_TEACHING_FIXTURE
REQ_SYN_SEG_0491_f3	SYN_SEG_0491	SYN_SEG_SPK_14	training	a	f3	2590.72	within_speaker_z	2734.92691666667	329.230656636031	-0.438011812569719	z	TRUE	eligible_complete_training_inventory	SYNTHETIC_TEACHING_FIXTURE
REQ_SYN_SEG_0491_f3	SYN_SEG_0491	SYN_SEG_SPK_14	training	a	f3	2590.72	f3_reference_scaling		2624.9135	2550.65924011591	Hz	TRUE	eligible_complete_training_inventory	SYNTHETIC_TEACHING_FIXTURE
REQ_SYN_SEG_0492_f1	SYN_SEG_0492	SYN_SEG_SPK_14	training	u	f1	390.828	raw_hz			390.828	Hz	TRUE	eligible_complete_training_inventory	SYNTHETIC_TEACHING_FIXTURE
REQ_SYN_SEG_0492_f1	SYN_SEG_0492	SYN_SEG_SPK_14	training	u	f1	390.828	log_hz			5.96826756550378	log_Hz	TRUE	eligible_complete_training_inventory	SYNTHETIC_TEACHING_FIXTURE
REQ_SYN_SEG_0492_f1	SYN_SEG_0492	SYN_SEG_SPK_14	training	u	f1	390.828	within_speaker_z	512.399083333333	212.913299492992	-0.570988677658133	z	TRUE	eligible_complete_training_inventory	SYNTHETIC_TEACHING_FIXTURE
REQ_SYN_SEG_0492_f1	SYN_SEG_0492	SYN_SEG_SPK_14	training	u	f1	390.828	f3_reference_scaling		2624.9135	384.784557766189	Hz	TRUE	eligible_complete_training_inventory	SYNTHETIC_TEACHING_FIXTURE
REQ_SYN_SEG_0492_f2	SYN_SEG_0492	SYN_SEG_SPK_14	training	u	f2	1001.988	raw_hz			1001.988	Hz	TRUE	eligible_complete_training_inventory	SYNTHETIC_TEACHING_FIXTURE
REQ_SYN_SEG_0492_f2	SYN_SEG_0492	SYN_SEG_SPK_14	training	u	f2	1001.988	log_hz			6.90974130552519	log_Hz	TRUE	eligible_complete_training_inventory	SYNTHETIC_TEACHING_FIXTURE
REQ_SYN_SEG_0492_f2	SYN_SEG_0492	SYN_SEG_SPK_14	training	u	f2	1001.988	within_speaker_z	1544.117	673.604049144195	-0.804818499367348	z	TRUE	eligible_complete_training_inventory	SYNTHETIC_TEACHING_FIXTURE
REQ_SYN_SEG_0492_f2	SYN_SEG_0492	SYN_SEG_SPK_14	training	u	f2	1001.988	f3_reference_scaling		2624.9135	986.494082990544	Hz	TRUE	eligible_complete_training_inventory	SYNTHETIC_TEACHING_FIXTURE
REQ_SYN_SEG_0492_f3	SYN_SEG_0492	SYN_SEG_SPK_14	training	u	f3	2363.716	raw_hz			2363.716	Hz	TRUE	eligible_complete_training_inventory	SYNTHETIC_TEACHING_FIXTURE
REQ_SYN_SEG_0492_f3	SYN_SEG_0492	SYN_SEG_SPK_14	training	u	f3	2363.716	log_hz			7.76799023594537	log_Hz	TRUE	eligible_complete_training_inventory	SYNTHETIC_TEACHING_FIXTURE
REQ_SYN_SEG_0492_f3	SYN_SEG_0492	SYN_SEG_SPK_14	training	u	f3	2363.716	within_speaker_z	2734.92691666667	329.230656636031	-1.12751017921471	z	TRUE	eligible_complete_training_inventory	SYNTHETIC_TEACHING_FIXTURE
REQ_SYN_SEG_0492_f3	SYN_SEG_0492	SYN_SEG_SPK_14	training	u	f3	2363.716	f3_reference_scaling		2624.9135	2327.16544296945	Hz	TRUE	eligible_complete_training_inventory	SYNTHETIC_TEACHING_FIXTURE
REQ_SYN_SEG_0517_f1	SYN_SEG_0517	SYN_SEG_SPK_15	training	i	f1	314.692	raw_hz			314.692	Hz	TRUE	eligible_complete_training_inventory	SYNTHETIC_TEACHING_FIXTURE
REQ_SYN_SEG_0517_f1	SYN_SEG_0517	SYN_SEG_SPK_15	training	i	f1	314.692	log_hz			5.75159438271133	log_Hz	TRUE	eligible_complete_training_inventory	SYNTHETIC_TEACHING_FIXTURE
REQ_SYN_SEG_0517_f1	SYN_SEG_0517	SYN_SEG_SPK_15	training	i	f1	314.692	within_speaker_z	481.84775	224.261983282185	-0.745359278258369	z	TRUE	eligible_complete_training_inventory	SYNTHETIC_TEACHING_FIXTURE
REQ_SYN_SEG_0517_f1	SYN_SEG_0517	SYN_SEG_SPK_15	training	i	f1	314.692	f3_reference_scaling		2540.479	320.123129617682	Hz	TRUE	eligible_complete_training_inventory	SYNTHETIC_TEACHING_FIXTURE
REQ_SYN_SEG_0517_f2	SYN_SEG_0517	SYN_SEG_SPK_15	training	i	f2	2475.755	raw_hz			2475.755	Hz	TRUE	eligible_complete_training_inventory	SYNTHETIC_TEACHING_FIXTURE
REQ_SYN_SEG_0517_f2	SYN_SEG_0517	SYN_SEG_SPK_15	training	i	f2	2475.755	log_hz			7.8143006789894	log_Hz	TRUE	eligible_complete_training_inventory	SYNTHETIC_TEACHING_FIXTURE
REQ_SYN_SEG_0517_f2	SYN_SEG_0517	SYN_SEG_SPK_15	training	i	f2	2475.755	within_speaker_z	1538.12758333333	664.279998296783	1.4114942781218	z	TRUE	eligible_complete_training_inventory	SYNTHETIC_TEACHING_FIXTURE
REQ_SYN_SEG_0517_f2	SYN_SEG_0517	SYN_SEG_SPK_15	training	i	f2	2475.755	f3_reference_scaling		2540.479	2518.48295719823	Hz	TRUE	eligible_complete_training_inventory	SYNTHETIC_TEACHING_FIXTURE
REQ_SYN_SEG_0517_f3	SYN_SEG_0517	SYN_SEG_SPK_15	training	i	f3	3107.221	raw_hz			3107.221	Hz	TRUE	eligible_complete_training_inventory	SYNTHETIC_TEACHING_FIXTURE
REQ_SYN_SEG_0517_f3	SYN_SEG_0517	SYN_SEG_SPK_15	training	i	f3	3107.221	log_hz			8.04148403657056	log_Hz	TRUE	eligible_complete_training_inventory	SYNTHETIC_TEACHING_FIXTURE
REQ_SYN_SEG_0517_f3	SYN_SEG_0517	SYN_SEG_SPK_15	training	i	f3	3107.221	within_speaker_z	2641.66583333333	397.490529777373	1.17123587051851	z	TRUE	eligible_complete_training_inventory	SYNTHETIC_TEACHING_FIXTURE
REQ_SYN_SEG_0517_f3	SYN_SEG_0517	SYN_SEG_SPK_15	training	i	f3	3107.221	f3_reference_scaling		2540.479	3160.84714874793	Hz	TRUE	eligible_complete_training_inventory	SYNTHETIC_TEACHING_FIXTURE
REQ_SYN_SEG_0518_f1	SYN_SEG_0518	SYN_SEG_SPK_15	training	a	f1	769.218	raw_hz			769.218	Hz	TRUE	eligible_complete_training_inventory	SYNTHETIC_TEACHING_FIXTURE
REQ_SYN_SEG_0518_f1	SYN_SEG_0518	SYN_SEG_SPK_15	training	a	f1	769.218	log_hz			6.64537441437686	log_Hz	TRUE	eligible_complete_training_inventory	SYNTHETIC_TEACHING_FIXTURE
REQ_SYN_SEG_0518_f1	SYN_SEG_0518	SYN_SEG_SPK_15	training	a	f1	769.218	within_speaker_z	481.84775	224.261983282185	1.28140421213705	z	TRUE	eligible_complete_training_inventory	SYNTHETIC_TEACHING_FIXTURE
REQ_SYN_SEG_0518_f1	SYN_SEG_0518	SYN_SEG_SPK_15	training	a	f1	769.218	f3_reference_scaling		2540.479	782.493592205249	Hz	TRUE	eligible_complete_training_inventory	SYNTHETIC_TEACHING_FIXTURE
REQ_SYN_SEG_0518_f2	SYN_SEG_0518	SYN_SEG_SPK_15	training	a	f2	1219.085	raw_hz			1219.085	Hz	TRUE	eligible_complete_training_inventory	SYNTHETIC_TEACHING_FIXTURE
REQ_SYN_SEG_0518_f2	SYN_SEG_0518	SYN_SEG_SPK_15	training	a	f2	1219.085	log_hz			7.1058558563366	log_Hz	TRUE	eligible_complete_training_inventory	SYNTHETIC_TEACHING_FIXTURE
REQ_SYN_SEG_0518_f2	SYN_SEG_0518	SYN_SEG_SPK_15	training	a	f2	1219.085	within_speaker_z	1538.12758333333	664.279998296783	-0.480283290406696	z	TRUE	eligible_complete_training_inventory	SYNTHETIC_TEACHING_FIXTURE
REQ_SYN_SEG_0518_f2	SYN_SEG_0518	SYN_SEG_SPK_15	training	a	f2	1219.085	f3_reference_scaling		2540.479	1240.12464717874	Hz	TRUE	eligible_complete_training_inventory	SYNTHETIC_TEACHING_FIXTURE
REQ_SYN_SEG_0518_f3	SYN_SEG_0518	SYN_SEG_SPK_15	training	a	f3	2556.42	raw_hz			2556.42	Hz	TRUE	eligible_complete_training_inventory	SYNTHETIC_TEACHING_FIXTURE
REQ_SYN_SEG_0518_f3	SYN_SEG_0518	SYN_SEG_SPK_15	training	a	f3	2556.42	log_hz			7.84636312124732	log_Hz	TRUE	eligible_complete_training_inventory	SYNTHETIC_TEACHING_FIXTURE
REQ_SYN_SEG_0518_f3	SYN_SEG_0518	SYN_SEG_SPK_15	training	a	f3	2556.42	within_speaker_z	2641.66583333333	397.490529777373	-0.214460036019167	z	TRUE	eligible_complete_training_inventory	SYNTHETIC_TEACHING_FIXTURE
REQ_SYN_SEG_0518_f3	SYN_SEG_0518	SYN_SEG_SPK_15	training	a	f3	2556.42	f3_reference_scaling		2540.479	2600.54011864692	Hz	TRUE	eligible_complete_training_inventory	SYNTHETIC_TEACHING_FIXTURE
REQ_SYN_SEG_0519_f1	SYN_SEG_0519	SYN_SEG_SPK_15	training	u	f1	377.026	raw_hz			377.026	Hz	TRUE	eligible_complete_training_inventory	SYNTHETIC_TEACHING_FIXTURE
REQ_SYN_SEG_0519_f1	SYN_SEG_0519	SYN_SEG_SPK_15	training	u	f1	377.026	log_hz			5.93231415058724	log_Hz	TRUE	eligible_complete_training_inventory	SYNTHETIC_TEACHING_FIXTURE
REQ_SYN_SEG_0519_f1	SYN_SEG_0519	SYN_SEG_SPK_15	training	u	f1	377.026	within_speaker_z	481.84775	224.261983282185	-0.467407576022836	z	TRUE	eligible_complete_training_inventory	SYNTHETIC_TEACHING_FIXTURE
REQ_SYN_SEG_0519_f1	SYN_SEG_0519	SYN_SEG_SPK_15	training	u	f1	377.026	f3_reference_scaling		2540.479	383.532924469755	Hz	TRUE	eligible_complete_training_inventory	SYNTHETIC_TEACHING_FIXTURE
REQ_SYN_SEG_0519_f2	SYN_SEG_0519	SYN_SEG_SPK_15	training	u	f2	922.073	raw_hz			922.073	Hz	TRUE	eligible_complete_training_inventory	SYNTHETIC_TEACHING_FIXTURE
REQ_SYN_SEG_0519_f2	SYN_SEG_0519	SYN_SEG_SPK_15	training	u	f2	922.073	log_hz			6.82662439612735	log_Hz	TRUE	eligible_complete_training_inventory	SYNTHETIC_TEACHING_FIXTURE
REQ_SYN_SEG_0519_f2	SYN_SEG_0519	SYN_SEG_SPK_15	training	u	f2	922.073	within_speaker_z	1538.12758333333	664.279998296783	-0.927401976445023	z	TRUE	eligible_complete_training_inventory	SYNTHETIC_TEACHING_FIXTURE
REQ_SYN_SEG_0519_f2	SYN_SEG_0519	SYN_SEG_SPK_15	training	u	f2	922.073	f3_reference_scaling		2540.479	937.986648837483	Hz	TRUE	eligible_complete_training_inventory	SYNTHETIC_TEACHING_FIXTURE
REQ_SYN_SEG_0519_f3	SYN_SEG_0519	SYN_SEG_SPK_15	training	u	f3	2186.035	raw_hz			2186.035	Hz	TRUE	eligible_complete_training_inventory	SYNTHETIC_TEACHING_FIXTURE
REQ_SYN_SEG_0519_f3	SYN_SEG_0519	SYN_SEG_SPK_15	training	u	f3	2186.035	log_hz			7.68984467958727	log_Hz	TRUE	eligible_complete_training_inventory	SYNTHETIC_TEACHING_FIXTURE
REQ_SYN_SEG_0519_f3	SYN_SEG_0519	SYN_SEG_SPK_15	training	u	f3	2186.035	within_speaker_z	2641.66583333333	397.490529777373	-1.14626839937174	z	TRUE	eligible_complete_training_inventory	SYNTHETIC_TEACHING_FIXTURE
REQ_SYN_SEG_0519_f3	SYN_SEG_0519	SYN_SEG_SPK_15	training	u	f3	2186.035	f3_reference_scaling		2540.479	2223.76280824994	Hz	TRUE	eligible_complete_training_inventory	SYNTHETIC_TEACHING_FIXTURE
REQ_SYN_SEG_0520_f1	SYN_SEG_0520	SYN_SEG_SPK_15	training	i	f1	285.108	raw_hz			285.108	Hz	TRUE	eligible_complete_training_inventory	SYNTHETIC_TEACHING_FIXTURE
REQ_SYN_SEG_0520_f1	SYN_SEG_0520	SYN_SEG_SPK_15	training	i	f1	285.108	log_hz			5.65286805585465	log_Hz	TRUE	eligible_complete_training_inventory	SYNTHETIC_TEACHING_FIXTURE
REQ_SYN_SEG_0520_f1	SYN_SEG_0520	SYN_SEG_SPK_15	training	i	f1	285.108	within_speaker_z	481.84775	224.261983282185	-0.877276420731755	z	TRUE	eligible_complete_training_inventory	SYNTHETIC_TEACHING_FIXTURE
REQ_SYN_SEG_0520_f1	SYN_SEG_0520	SYN_SEG_SPK_15	training	i	f1	285.108	f3_reference_scaling		2540.479	290.028552486362	Hz	TRUE	eligible_complete_training_inventory	SYNTHETIC_TEACHING_FIXTURE
REQ_SYN_SEG_0520_f2	SYN_SEG_0520	SYN_SEG_SPK_15	training	i	f2	2437.57	raw_hz			2437.57	Hz	TRUE	eligible_complete_training_inventory	SYNTHETIC_TEACHING_FIXTURE
REQ_SYN_SEG_0520_f2	SYN_SEG_0520	SYN_SEG_SPK_15	training	i	f2	2437.57	log_hz			7.79875692040837	log_Hz	TRUE	eligible_complete_training_inventory	SYNTHETIC_TEACHING_FIXTURE
REQ_SYN_SEG_0520_f2	SYN_SEG_0520	SYN_SEG_SPK_15	training	i	f2	2437.57	within_speaker_z	1538.12758333333	664.279998296783	1.35401098779557	z	TRUE	eligible_complete_training_inventory	SYNTHETIC_TEACHING_FIXTURE
REQ_SYN_SEG_0520_f2	SYN_SEG_0520	SYN_SEG_SPK_15	training	i	f2	2437.57	f3_reference_scaling		2540.479	2479.63893922367	Hz	TRUE	eligible_complete_training_inventory	SYNTHETIC_TEACHING_FIXTURE
REQ_SYN_SEG_0520_f3	SYN_SEG_0520	SYN_SEG_SPK_15	training	i	f3	3136.384	raw_hz			3136.384	Hz	TRUE	eligible_complete_training_inventory	SYNTHETIC_TEACHING_FIXTURE
REQ_SYN_SEG_0520_f3	SYN_SEG_0520	SYN_SEG_SPK_15	training	i	f3	3136.384	log_hz			8.05082582295363	log_Hz	TRUE	eligible_complete_training_inventory	SYNTHETIC_TEACHING_FIXTURE
REQ_SYN_SEG_0520_f3	SYN_SEG_0520	SYN_SEG_SPK_15	training	i	f3	3136.384	within_speaker_z	2641.66583333333	397.490529777373	1.2446036562022	z	TRUE	eligible_complete_training_inventory	SYNTHETIC_TEACHING_FIXTURE
REQ_SYN_SEG_0520_f3	SYN_SEG_0520	SYN_SEG_SPK_15	training	i	f3	3136.384	f3_reference_scaling		2540.479	3190.51346002703	Hz	TRUE	eligible_complete_training_inventory	SYNTHETIC_TEACHING_FIXTURE
REQ_SYN_SEG_0521_f1	SYN_SEG_0521	SYN_SEG_SPK_15	training	a	f1	773.623	raw_hz			773.623	Hz	TRUE	eligible_complete_training_inventory	SYNTHETIC_TEACHING_FIXTURE
REQ_SYN_SEG_0521_f1	SYN_SEG_0521	SYN_SEG_SPK_15	training	a	f1	773.623	log_hz			6.65108467482432	log_Hz	TRUE	eligible_complete_training_inventory	SYNTHETIC_TEACHING_FIXTURE
REQ_SYN_SEG_0521_f1	SYN_SEG_0521	SYN_SEG_SPK_15	training	a	f1	773.623	within_speaker_z	481.84775	224.261983282185	1.30104641780887	z	TRUE	eligible_complete_training_inventory	SYNTHETIC_TEACHING_FIXTURE
REQ_SYN_SEG_0521_f1	SYN_SEG_0521	SYN_SEG_SPK_15	training	a	f1	773.623	f3_reference_scaling		2540.479	786.97461614601	Hz	TRUE	eligible_complete_training_inventory	SYNTHETIC_TEACHING_FIXTURE
REQ_SYN_SEG_0521_f2	SYN_SEG_0521	SYN_SEG_SPK_15	training	a	f2	1299.028	raw_hz			1299.028	Hz	TRUE	eligible_complete_training_inventory	SYNTHETIC_TEACHING_FIXTURE
REQ_SYN_SEG_0521_f2	SYN_SEG_0521	SYN_SEG_SPK_15	training	a	f2	1299.028	log_hz			7.16937157148063	log_Hz	TRUE	eligible_complete_training_inventory	SYNTHETIC_TEACHING_FIXTURE
REQ_SYN_SEG_0521_f2	SYN_SEG_0521	SYN_SEG_SPK_15	training	a	f2	1299.028	within_speaker_z	1538.12758333333	664.279998296783	-0.359937953794162	z	TRUE	eligible_complete_training_inventory	SYNTHETIC_TEACHING_FIXTURE
REQ_SYN_SEG_0521_f2	SYN_SEG_0521	SYN_SEG_SPK_15	training	a	f2	1299.028	f3_reference_scaling		2540.479	1321.44734794974	Hz	TRUE	eligible_complete_training_inventory	SYNTHETIC_TEACHING_FIXTURE
REQ_SYN_SEG_0521_f3	SYN_SEG_0521	SYN_SEG_SPK_15	training	a	f3	2501.316	raw_hz			2501.316	Hz	TRUE	eligible_complete_training_inventory	SYNTHETIC_TEACHING_FIXTURE
REQ_SYN_SEG_0521_f3	SYN_SEG_0521	SYN_SEG_SPK_15	training	a	f3	2501.316	log_hz			7.82457227235641	log_Hz	TRUE	eligible_complete_training_inventory	SYNTHETIC_TEACHING_FIXTURE
REQ_SYN_SEG_0521_f3	SYN_SEG_0521	SYN_SEG_SPK_15	training	a	f3	2501.316	within_speaker_z	2641.66583333333	397.490529777373	-0.353089753891598	z	TRUE	eligible_complete_training_inventory	SYNTHETIC_TEACHING_FIXTURE
REQ_SYN_SEG_0521_f3	SYN_SEG_0521	SYN_SEG_SPK_15	training	a	f3	2501.316	f3_reference_scaling		2540.479	2544.48510315732	Hz	TRUE	eligible_complete_training_inventory	SYNTHETIC_TEACHING_FIXTURE
REQ_SYN_SEG_0522_f1	SYN_SEG_0522	SYN_SEG_SPK_15	training	u	f1	329.659	raw_hz			329.659	Hz	TRUE	eligible_complete_training_inventory	SYNTHETIC_TEACHING_FIXTURE
REQ_SYN_SEG_0522_f1	SYN_SEG_0522	SYN_SEG_SPK_15	training	u	f1	329.659	log_hz			5.79805878687023	log_Hz	TRUE	eligible_complete_training_inventory	SYNTHETIC_TEACHING_FIXTURE
REQ_SYN_SEG_0522_f1	SYN_SEG_0522	SYN_SEG_SPK_15	training	u	f1	329.659	within_speaker_z	481.84775	224.261983282185	-0.678620369679436	z	TRUE	eligible_complete_training_inventory	SYNTHETIC_TEACHING_FIXTURE
REQ_SYN_SEG_0522_f1	SYN_SEG_0522	SYN_SEG_SPK_15	training	u	f1	329.659	f3_reference_scaling		2540.479	335.348438430705	Hz	TRUE	eligible_complete_training_inventory	SYNTHETIC_TEACHING_FIXTURE
REQ_SYN_SEG_0522_f2	SYN_SEG_0522	SYN_SEG_SPK_15	training	u	f2	896.273	raw_hz			896.273	Hz	TRUE	eligible_complete_training_inventory	SYNTHETIC_TEACHING_FIXTURE
REQ_SYN_SEG_0522_f2	SYN_SEG_0522	SYN_SEG_SPK_15	training	u	f2	896.273	log_hz			6.79824505406712	log_Hz	TRUE	eligible_complete_training_inventory	SYNTHETIC_TEACHING_FIXTURE
REQ_SYN_SEG_0522_f2	SYN_SEG_0522	SYN_SEG_SPK_15	training	u	f2	896.273	within_speaker_z	1538.12758333333	664.279998296783	-0.966241020321327	z	TRUE	eligible_complete_training_inventory	SYNTHETIC_TEACHING_FIXTURE
REQ_SYN_SEG_0522_f2	SYN_SEG_0522	SYN_SEG_SPK_15	training	u	f2	896.273	f3_reference_scaling		2540.479	911.741378083424	Hz	TRUE	eligible_complete_training_inventory	SYNTHETIC_TEACHING_FIXTURE
REQ_SYN_SEG_0522_f3	SYN_SEG_0522	SYN_SEG_SPK_15	training	u	f3	2305.257	raw_hz			2305.257	Hz	TRUE	eligible_complete_training_inventory	SYNTHETIC_TEACHING_FIXTURE
REQ_SYN_SEG_0522_f3	SYN_SEG_0522	SYN_SEG_SPK_15	training	u	f3	2305.257	log_hz			7.74294744596165	log_Hz	TRUE	eligible_complete_training_inventory	SYNTHETIC_TEACHING_FIXTURE
REQ_SYN_SEG_0522_f3	SYN_SEG_0522	SYN_SEG_SPK_15	training	u	f3	2305.257	within_speaker_z	2641.66583333333	397.490529777373	-0.846331693793433	z	TRUE	eligible_complete_training_inventory	SYNTHETIC_TEACHING_FIXTURE
REQ_SYN_SEG_0522_f3	SYN_SEG_0522	SYN_SEG_SPK_15	training	u	f3	2305.257	f3_reference_scaling		2540.479	2345.04240785616	Hz	TRUE	eligible_complete_training_inventory	SYNTHETIC_TEACHING_FIXTURE
REQ_SYN_SEG_0523_f1	SYN_SEG_0523	SYN_SEG_SPK_15	training	i	f1	310.149	raw_hz			310.149	Hz	TRUE	eligible_complete_training_inventory	SYNTHETIC_TEACHING_FIXTURE
REQ_SYN_SEG_0523_f1	SYN_SEG_0523	SYN_SEG_SPK_15	training	i	f1	310.149	log_hz			5.7370528271676	log_Hz	TRUE	eligible_complete_training_inventory	SYNTHETIC_TEACHING_FIXTURE
REQ_SYN_SEG_0523_f1	SYN_SEG_0523	SYN_SEG_SPK_15	training	i	f1	310.149	within_speaker_z	481.84775	224.261983282185	-0.765616835662932	z	TRUE	eligible_complete_training_inventory	SYNTHETIC_TEACHING_FIXTURE
REQ_SYN_SEG_0523_f1	SYN_SEG_0523	SYN_SEG_SPK_15	training	i	f1	310.149	f3_reference_scaling		2540.479	315.501723996144	Hz	TRUE	eligible_complete_training_inventory	SYNTHETIC_TEACHING_FIXTURE
REQ_SYN_SEG_0523_f2	SYN_SEG_0523	SYN_SEG_SPK_15	training	i	f2	2392.096	raw_hz			2392.096	Hz	TRUE	eligible_complete_training_inventory	SYNTHETIC_TEACHING_FIXTURE
REQ_SYN_SEG_0523_f2	SYN_SEG_0523	SYN_SEG_SPK_15	training	i	f2	2392.096	log_hz			7.77992524804445	log_Hz	TRUE	eligible_complete_training_inventory	SYNTHETIC_TEACHING_FIXTURE
REQ_SYN_SEG_0523_f2	SYN_SEG_0523	SYN_SEG_SPK_15	training	i	f2	2392.096	within_speaker_z	1538.12758333333	664.279998296783	1.28555491487964	z	TRUE	eligible_complete_training_inventory	SYNTHETIC_TEACHING_FIXTURE
REQ_SYN_SEG_0523_f2	SYN_SEG_0523	SYN_SEG_SPK_15	training	i	f2	2392.096	f3_reference_scaling		2540.479	2433.3801236318	Hz	TRUE	eligible_complete_training_inventory	SYNTHETIC_TEACHING_FIXTURE
REQ_SYN_SEG_0523_f3	SYN_SEG_0523	SYN_SEG_SPK_15	training	i	f3	3221.531	raw_hz			3221.531	Hz	TRUE	eligible_complete_training_inventory	SYNTHETIC_TEACHING_FIXTURE
REQ_SYN_SEG_0523_f3	SYN_SEG_0523	SYN_SEG_SPK_15	training	i	f3	3221.531	log_hz			8.0776119913789	log_Hz	TRUE	eligible_complete_training_inventory	SYNTHETIC_TEACHING_FIXTURE
REQ_SYN_SEG_0523_f3	SYN_SEG_0523	SYN_SEG_SPK_15	training	i	f3	3221.531	within_speaker_z	2641.66583333333	397.490529777373	1.45881504898101	z	TRUE	eligible_complete_training_inventory	SYNTHETIC_TEACHING_FIXTURE
REQ_SYN_SEG_0523_f3	SYN_SEG_0523	SYN_SEG_SPK_15	training	i	f3	3221.531	f3_reference_scaling		2540.479	3277.12997432531	Hz	TRUE	eligible_complete_training_inventory	SYNTHETIC_TEACHING_FIXTURE
REQ_SYN_SEG_0524_f1	SYN_SEG_0524	SYN_SEG_SPK_15	training	a	f1	810.117	raw_hz			810.117	Hz	TRUE	eligible_complete_training_inventory	SYNTHETIC_TEACHING_FIXTURE
REQ_SYN_SEG_0524_f1	SYN_SEG_0524	SYN_SEG_SPK_15	training	a	f1	810.117	log_hz			6.69717868167983	log_Hz	TRUE	eligible_complete_training_inventory	SYNTHETIC_TEACHING_FIXTURE
REQ_SYN_SEG_0524_f1	SYN_SEG_0524	SYN_SEG_SPK_15	training	a	f1	810.117	within_speaker_z	481.84775	224.261983282185	1.46377573762444	z	TRUE	eligible_complete_training_inventory	SYNTHETIC_TEACHING_FIXTURE
REQ_SYN_SEG_0524_f1	SYN_SEG_0524	SYN_SEG_SPK_15	training	a	f1	810.117	f3_reference_scaling		2540.479	824.09844990177	Hz	TRUE	eligible_complete_training_inventory	SYNTHETIC_TEACHING_FIXTURE
REQ_SYN_SEG_0524_f2	SYN_SEG_0524	SYN_SEG_SPK_15	training	a	f2	1253.888	raw_hz			1253.888	Hz	TRUE	eligible_complete_training_inventory	SYNTHETIC_TEACHING_FIXTURE
REQ_SYN_SEG_0524_f2	SYN_SEG_0524	SYN_SEG_SPK_15	training	a	f2	1253.888	log_hz			7.13400440300954	log_Hz	TRUE	eligible_complete_training_inventory	SYNTHETIC_TEACHING_FIXTURE
REQ_SYN_SEG_0524_f2	SYN_SEG_0524	SYN_SEG_SPK_15	training	a	f2	1253.888	within_speaker_z	1538.12758333333	664.279998296783	-0.427891226684719	z	TRUE	eligible_complete_training_inventory	SYNTHETIC_TEACHING_FIXTURE
REQ_SYN_SEG_0524_f2	SYN_SEG_0524	SYN_SEG_SPK_15	training	a	f2	1253.888	f3_reference_scaling		2540.479	1275.5282967157	Hz	TRUE	eligible_complete_training_inventory	SYNTHETIC_TEACHING_FIXTURE
REQ_SYN_SEG_0524_f3	SYN_SEG_0524	SYN_SEG_SPK_15	training	a	f3	2550.57	raw_hz			2550.57	Hz	TRUE	eligible_complete_training_inventory	SYNTHETIC_TEACHING_FIXTURE
REQ_SYN_SEG_0524_f3	SYN_SEG_0524	SYN_SEG_SPK_15	training	a	f3	2550.57	log_hz			7.84407214258526	log_Hz	TRUE	eligible_complete_training_inventory	SYNTHETIC_TEACHING_FIXTURE
REQ_SYN_SEG_0524_f3	SYN_SEG_0524	SYN_SEG_SPK_15	training	a	f3	2550.57	within_speaker_z	2641.66583333333	397.490529777373	-0.229177367783716	z	TRUE	eligible_complete_training_inventory	SYNTHETIC_TEACHING_FIXTURE
REQ_SYN_SEG_0524_f3	SYN_SEG_0524	SYN_SEG_SPK_15	training	a	f3	2550.57	f3_reference_scaling		2540.479	2594.58915609222	Hz	TRUE	eligible_complete_training_inventory	SYNTHETIC_TEACHING_FIXTURE
REQ_SYN_SEG_0525_f1	SYN_SEG_0525	SYN_SEG_SPK_15	training	u	f1	373.843	raw_hz			373.843	Hz	TRUE	eligible_complete_training_inventory	SYNTHETIC_TEACHING_FIXTURE
REQ_SYN_SEG_0525_f1	SYN_SEG_0525	SYN_SEG_SPK_15	training	u	f1	373.843	log_hz			5.92383592318343	log_Hz	TRUE	eligible_complete_training_inventory	SYNTHETIC_TEACHING_FIXTURE
REQ_SYN_SEG_0525_f1	SYN_SEG_0525	SYN_SEG_SPK_15	training	u	f1	373.843	within_speaker_z	481.84775	224.261983282185	-0.481600797510559	z	TRUE	eligible_complete_training_inventory	SYNTHETIC_TEACHING_FIXTURE
REQ_SYN_SEG_0525_f1	SYN_SEG_0525	SYN_SEG_SPK_15	training	u	f1	373.843	f3_reference_scaling		2540.479	380.294990484865	Hz	TRUE	eligible_complete_training_inventory	SYNTHETIC_TEACHING_FIXTURE
REQ_SYN_SEG_0525_f2	SYN_SEG_0525	SYN_SEG_SPK_15	training	u	f2	946.39	raw_hz			946.39	Hz	TRUE	eligible_complete_training_inventory	SYNTHETIC_TEACHING_FIXTURE
REQ_SYN_SEG_0525_f2	SYN_SEG_0525	SYN_SEG_SPK_15	training	u	f2	946.39	log_hz			6.85265474625163	log_Hz	TRUE	eligible_complete_training_inventory	SYNTHETIC_TEACHING_FIXTURE
REQ_SYN_SEG_0525_f2	SYN_SEG_0525	SYN_SEG_SPK_15	training	u	f2	946.39	within_speaker_z	1538.12758333333	664.279998296783	-0.890795424896958	z	TRUE	eligible_complete_training_inventory	SYNTHETIC_TEACHING_FIXTURE
REQ_SYN_SEG_0525_f2	SYN_SEG_0525	SYN_SEG_SPK_15	training	u	f2	946.39	f3_reference_scaling		2540.479	962.723325152461	Hz	TRUE	eligible_complete_training_inventory	SYNTHETIC_TEACHING_FIXTURE
REQ_SYN_SEG_0525_f3	SYN_SEG_0525	SYN_SEG_SPK_15	training	u	f3	2180.811	raw_hz			2180.811	Hz	TRUE	eligible_complete_training_inventory	SYNTHETIC_TEACHING_FIXTURE
REQ_SYN_SEG_0525_f3	SYN_SEG_0525	SYN_SEG_SPK_15	training	u	f3	2180.811	log_hz			7.68745210495009	log_Hz	TRUE	eligible_complete_training_inventory	SYNTHETIC_TEACHING_FIXTURE
REQ_SYN_SEG_0525_f3	SYN_SEG_0525	SYN_SEG_SPK_15	training	u	f3	2180.811	within_speaker_z	2641.66583333333	397.490529777373	-1.15941085084832	z	TRUE	eligible_complete_training_inventory	SYNTHETIC_TEACHING_FIXTURE
REQ_SYN_SEG_0525_f3	SYN_SEG_0525	SYN_SEG_SPK_15	training	u	f3	2180.811	f3_reference_scaling		2540.479	2218.44864955152	Hz	TRUE	eligible_complete_training_inventory	SYNTHETIC_TEACHING_FIXTURE
REQ_SYN_SEG_0526_f1	SYN_SEG_0526	SYN_SEG_SPK_15	training	i	f1	297.038	raw_hz			297.038	Hz	TRUE	eligible_complete_training_inventory	SYNTHETIC_TEACHING_FIXTURE
REQ_SYN_SEG_0526_f1	SYN_SEG_0526	SYN_SEG_SPK_15	training	i	f1	297.038	log_hz			5.69386007674624	log_Hz	TRUE	eligible_complete_training_inventory	SYNTHETIC_TEACHING_FIXTURE
REQ_SYN_SEG_0526_f1	SYN_SEG_0526	SYN_SEG_SPK_15	training	i	f1	297.038	within_speaker_z	481.84775	224.261983282185	-0.824079709343589	z	TRUE	eligible_complete_training_inventory	SYNTHETIC_TEACHING_FIXTURE
REQ_SYN_SEG_0526_f1	SYN_SEG_0526	SYN_SEG_SPK_15	training	i	f1	297.038	f3_reference_scaling		2540.479	302.164447063723	Hz	TRUE	eligible_complete_training_inventory	SYNTHETIC_TEACHING_FIXTURE
REQ_SYN_SEG_0526_f2	SYN_SEG_0526	SYN_SEG_SPK_15	training	i	f2	2354.605	raw_hz			2354.605	Hz	TRUE	eligible_complete_training_inventory	SYNTHETIC_TEACHING_FIXTURE
REQ_SYN_SEG_0526_f2	SYN_SEG_0526	SYN_SEG_SPK_15	training	i	f2	2354.605	log_hz			7.76412826414477	log_Hz	TRUE	eligible_complete_training_inventory	SYNTHETIC_TEACHING_FIXTURE
REQ_SYN_SEG_0526_f2	SYN_SEG_0526	SYN_SEG_SPK_15	training	i	f2	2354.605	within_speaker_z	1538.12758333333	664.279998296783	1.2291163647259	z	TRUE	eligible_complete_training_inventory	SYNTHETIC_TEACHING_FIXTURE
REQ_SYN_SEG_0526_f2	SYN_SEG_0526	SYN_SEG_SPK_15	training	i	f2	2354.605	f3_reference_scaling		2540.479	2395.24208309535	Hz	TRUE	eligible_complete_training_inventory	SYNTHETIC_TEACHING_FIXTURE
REQ_SYN_SEG_0526_f3	SYN_SEG_0526	SYN_SEG_SPK_15	training	i	f3	3130.089	raw_hz			3130.089	Hz	TRUE	eligible_complete_training_inventory	SYNTHETIC_TEACHING_FIXTURE
REQ_SYN_SEG_0526_f3	SYN_SEG_0526	SYN_SEG_SPK_15	training	i	f3	3130.089	log_hz			8.04881671763474	log_Hz	TRUE	eligible_complete_training_inventory	SYNTHETIC_TEACHING_FIXTURE
REQ_SYN_SEG_0526_f3	SYN_SEG_0526	SYN_SEG_SPK_15	training	i	f3	3130.089	within_speaker_z	2641.66583333333	397.490529777373	1.22876680091026	z	TRUE	eligible_complete_training_inventory	SYNTHETIC_TEACHING_FIXTURE
REQ_SYN_SEG_0526_f3	SYN_SEG_0526	SYN_SEG_SPK_15	training	i	f3	3130.089	f3_reference_scaling		2540.479	3184.10981741475	Hz	TRUE	eligible_complete_training_inventory	SYNTHETIC_TEACHING_FIXTURE
REQ_SYN_SEG_0527_f1	SYN_SEG_0527	SYN_SEG_SPK_15	training	a	f1	777.989	raw_hz			777.989	Hz	TRUE	eligible_complete_training_inventory	SYNTHETIC_TEACHING_FIXTURE
REQ_SYN_SEG_0527_f1	SYN_SEG_0527	SYN_SEG_SPK_15	training	a	f1	777.989	log_hz			6.65671238526096	log_Hz	TRUE	eligible_complete_training_inventory	SYNTHETIC_TEACHING_FIXTURE
REQ_SYN_SEG_0527_f1	SYN_SEG_0527	SYN_SEG_SPK_15	training	a	f1	777.989	within_speaker_z	481.84775	224.261983282185	1.32051471973014	z	TRUE	eligible_complete_training_inventory	SYNTHETIC_TEACHING_FIXTURE
REQ_SYN_SEG_0527_f1	SYN_SEG_0527	SYN_SEG_SPK_15	training	a	f1	777.989	f3_reference_scaling		2540.479	791.415967003073	Hz	TRUE	eligible_complete_training_inventory	SYNTHETIC_TEACHING_FIXTURE
REQ_SYN_SEG_0527_f2	SYN_SEG_0527	SYN_SEG_SPK_15	training	a	f2	1297.709	raw_hz			1297.709	Hz	TRUE	eligible_complete_training_inventory	SYNTHETIC_TEACHING_FIXTURE
REQ_SYN_SEG_0527_f2	SYN_SEG_0527	SYN_SEG_SPK_15	training	a	f2	1297.709	log_hz			7.16835568106629	log_Hz	TRUE	eligible_complete_training_inventory	SYNTHETIC_TEACHING_FIXTURE
REQ_SYN_SEG_0527_f2	SYN_SEG_0527	SYN_SEG_SPK_15	training	a	f2	1297.709	within_speaker_z	1538.12758333333	664.279998296783	-0.361923562277605	z	TRUE	eligible_complete_training_inventory	SYNTHETIC_TEACHING_FIXTURE
REQ_SYN_SEG_0527_f2	SYN_SEG_0527	SYN_SEG_SPK_15	training	a	f2	1297.709	f3_reference_scaling		2540.479	1320.1055839139	Hz	TRUE	eligible_complete_training_inventory	SYNTHETIC_TEACHING_FIXTURE
REQ_SYN_SEG_0527_f3	SYN_SEG_0527	SYN_SEG_SPK_15	training	a	f3	2530.388	raw_hz			2530.388	Hz	TRUE	eligible_complete_training_inventory	SYNTHETIC_TEACHING_FIXTURE
REQ_SYN_SEG_0527_f3	SYN_SEG_0527	SYN_SEG_SPK_15	training	a	f3	2530.388	log_hz			7.83612792964697	log_Hz	TRUE	eligible_complete_training_inventory	SYNTHETIC_TEACHING_FIXTURE
REQ_SYN_SEG_0527_f3	SYN_SEG_0527	SYN_SEG_SPK_15	training	a	f3	2530.388	within_speaker_z	2641.66583333333	397.490529777373	-0.279950904479808	z	TRUE	eligible_complete_training_inventory	SYNTHETIC_TEACHING_FIXTURE
REQ_SYN_SEG_0527_f3	SYN_SEG_0527	SYN_SEG_SPK_15	training	a	f3	2530.388	f3_reference_scaling		2540.479	2574.05884390778	Hz	TRUE	eligible_complete_training_inventory	SYNTHETIC_TEACHING_FIXTURE
REQ_SYN_SEG_0528_f1	SYN_SEG_0528	SYN_SEG_SPK_15	training	u	f1	363.711	raw_hz			363.711	Hz	TRUE	eligible_complete_training_inventory	SYNTHETIC_TEACHING_FIXTURE
REQ_SYN_SEG_0528_f1	SYN_SEG_0528	SYN_SEG_SPK_15	training	u	f1	363.711	log_hz			5.89635959624276	log_Hz	TRUE	eligible_complete_training_inventory	SYNTHETIC_TEACHING_FIXTURE
REQ_SYN_SEG_0528_f1	SYN_SEG_0528	SYN_SEG_SPK_15	training	u	f1	363.711	within_speaker_z	481.84775	224.261983282185	-0.526780100091019	z	TRUE	eligible_complete_training_inventory	SYNTHETIC_TEACHING_FIXTURE
REQ_SYN_SEG_0528_f1	SYN_SEG_0528	SYN_SEG_SPK_15	training	u	f1	363.711	f3_reference_scaling		2540.479	369.988126791837	Hz	TRUE	eligible_complete_training_inventory	SYNTHETIC_TEACHING_FIXTURE
REQ_SYN_SEG_0528_f2	SYN_SEG_0528	SYN_SEG_SPK_15	training	u	f2	963.059	raw_hz			963.059	Hz	TRUE	eligible_complete_training_inventory	SYNTHETIC_TEACHING_FIXTURE
REQ_SYN_SEG_0528_f2	SYN_SEG_0528	SYN_SEG_SPK_15	training	u	f2	963.059	log_hz			6.87011467679574	log_Hz	TRUE	eligible_complete_training_inventory	SYNTHETIC_TEACHING_FIXTURE
REQ_SYN_SEG_0528_f2	SYN_SEG_0528	SYN_SEG_SPK_15	training	u	f2	963.059	within_speaker_z	1538.12758333333	664.279998296783	-0.865702090696411	z	TRUE	eligible_complete_training_inventory	SYNTHETIC_TEACHING_FIXTURE
REQ_SYN_SEG_0528_f2	SYN_SEG_0528	SYN_SEG_SPK_15	training	u	f2	963.059	f3_reference_scaling		2540.479	979.680008028407	Hz	TRUE	eligible_complete_training_inventory	SYNTHETIC_TEACHING_FIXTURE
REQ_SYN_SEG_0528_f3	SYN_SEG_0528	SYN_SEG_SPK_15	training	u	f3	2293.968	raw_hz			2293.968	Hz	TRUE	eligible_complete_training_inventory	SYNTHETIC_TEACHING_FIXTURE
REQ_SYN_SEG_0528_f3	SYN_SEG_0528	SYN_SEG_SPK_15	training	u	f3	2293.968	log_hz			7.73803834815872	log_Hz	TRUE	eligible_complete_training_inventory	SYNTHETIC_TEACHING_FIXTURE
REQ_SYN_SEG_0528_f3	SYN_SEG_0528	SYN_SEG_SPK_15	training	u	f3	2293.968	within_speaker_z	2641.66583333333	397.490529777373	-0.874732370424202	z	TRUE	eligible_complete_training_inventory	SYNTHETIC_TEACHING_FIXTURE
REQ_SYN_SEG_0528_f3	SYN_SEG_0528	SYN_SEG_SPK_15	training	u	f3	2293.968	f3_reference_scaling		2540.479	2333.55857601342	Hz	TRUE	eligible_complete_training_inventory	SYNTHETIC_TEACHING_FIXTURE
REQ_SYN_SEG_0553_f1	SYN_SEG_0553	SYN_SEG_SPK_16	training	i	f1	270.997	raw_hz			270.997	Hz	TRUE	eligible_complete_training_inventory	SYNTHETIC_TEACHING_FIXTURE
REQ_SYN_SEG_0553_f1	SYN_SEG_0553	SYN_SEG_SPK_16	training	i	f1	270.997	log_hz			5.60210775070773	log_Hz	TRUE	eligible_complete_training_inventory	SYNTHETIC_TEACHING_FIXTURE
REQ_SYN_SEG_0553_f1	SYN_SEG_0553	SYN_SEG_SPK_16	training	i	f1	270.997	within_speaker_z	422.077166666667	200.343088038237	-0.754107207521087	z	TRUE	eligible_complete_training_inventory	SYNTHETIC_TEACHING_FIXTURE
REQ_SYN_SEG_0553_f1	SYN_SEG_0553	SYN_SEG_SPK_16	training	i	f1	270.997	f3_reference_scaling		2319.0905	301.990824001047	Hz	TRUE	eligible_complete_training_inventory	SYNTHETIC_TEACHING_FIXTURE
REQ_SYN_SEG_0553_f2	SYN_SEG_0553	SYN_SEG_SPK_16	training	i	f2	2018.972	raw_hz			2018.972	Hz	TRUE	eligible_complete_training_inventory	SYNTHETIC_TEACHING_FIXTURE
REQ_SYN_SEG_0553_f2	SYN_SEG_0553	SYN_SEG_SPK_16	training	i	f2	2018.972	log_hz			7.61034374996506	log_Hz	TRUE	eligible_complete_training_inventory	SYNTHETIC_TEACHING_FIXTURE
REQ_SYN_SEG_0553_f2	SYN_SEG_0553	SYN_SEG_SPK_16	training	i	f2	2018.972	within_speaker_z	1343.12116666667	577.215816278741	1.17088065550678	z	TRUE	eligible_complete_training_inventory	SYNTHETIC_TEACHING_FIXTURE
REQ_SYN_SEG_0553_f2	SYN_SEG_0553	SYN_SEG_SPK_16	training	i	f2	2018.972	f3_reference_scaling		2319.0905	2249.88106110046	Hz	TRUE	eligible_complete_training_inventory	SYNTHETIC_TEACHING_FIXTURE
REQ_SYN_SEG_0553_f3	SYN_SEG_0553	SYN_SEG_SPK_16	training	i	f3	2727.084	raw_hz			2727.084	Hz	TRUE	eligible_complete_training_inventory	SYNTHETIC_TEACHING_FIXTURE
REQ_SYN_SEG_0553_f3	SYN_SEG_0553	SYN_SEG_SPK_16	training	i	f3	2727.084	log_hz			7.91098818545149	log_Hz	TRUE	eligible_complete_training_inventory	SYNTHETIC_TEACHING_FIXTURE
REQ_SYN_SEG_0553_f3	SYN_SEG_0553	SYN_SEG_SPK_16	training	i	f3	2727.084	within_speaker_z	2369.24333333333	320.51396300412	1.11645890030091	z	TRUE	eligible_complete_training_inventory	SYNTHETIC_TEACHING_FIXTURE
REQ_SYN_SEG_0553_f3	SYN_SEG_0553	SYN_SEG_SPK_16	training	i	f3	2727.084	f3_reference_scaling		2319.0905	3038.97956169283	Hz	TRUE	eligible_complete_training_inventory	SYNTHETIC_TEACHING_FIXTURE
REQ_SYN_SEG_0554_f1	SYN_SEG_0554	SYN_SEG_SPK_16	training	a	f1	722.622	raw_hz			722.622	Hz	TRUE	eligible_complete_training_inventory	SYNTHETIC_TEACHING_FIXTURE
REQ_SYN_SEG_0554_f1	SYN_SEG_0554	SYN_SEG_SPK_16	training	a	f1	722.622	log_hz			6.58288626386315	log_Hz	TRUE	eligible_complete_training_inventory	SYNTHETIC_TEACHING_FIXTURE
REQ_SYN_SEG_0554_f1	SYN_SEG_0554	SYN_SEG_SPK_16	training	a	f1	722.622	within_speaker_z	422.077166666667	200.343088038237	1.50015074778108	z	TRUE	eligible_complete_training_inventory	SYNTHETIC_TEACHING_FIXTURE
REQ_SYN_SEG_0554_f1	SYN_SEG_0554	SYN_SEG_SPK_16	training	a	f1	722.622	f3_reference_scaling		2319.0905	805.26800378338	Hz	TRUE	eligible_complete_training_inventory	SYNTHETIC_TEACHING_FIXTURE
REQ_SYN_SEG_0554_f2	SYN_SEG_0554	SYN_SEG_SPK_16	training	a	f2	1118.767	raw_hz			1118.767	Hz	TRUE	eligible_complete_training_inventory	SYNTHETIC_TEACHING_FIXTURE
REQ_SYN_SEG_0554_f2	SYN_SEG_0554	SYN_SEG_SPK_16	training	a	f2	1118.767	log_hz			7.01998246500434	log_Hz	TRUE	eligible_complete_training_inventory	SYNTHETIC_TEACHING_FIXTURE
REQ_SYN_SEG_0554_f2	SYN_SEG_0554	SYN_SEG_SPK_16	training	a	f2	1118.767	within_speaker_z	1343.12116666667	577.215816278741	-0.388683331848143	z	TRUE	eligible_complete_training_inventory	SYNTHETIC_TEACHING_FIXTURE
REQ_SYN_SEG_0554_f2	SYN_SEG_0554	SYN_SEG_SPK_16	training	a	f2	1118.767	f3_reference_scaling		2319.0905	1246.71995702971	Hz	TRUE	eligible_complete_training_inventory	SYNTHETIC_TEACHING_FIXTURE
REQ_SYN_SEG_0554_f3	SYN_SEG_0554	SYN_SEG_SPK_16	training	a	f3	2267.908	raw_hz			2267.908	Hz	TRUE	eligible_complete_training_inventory	SYNTHETIC_TEACHING_FIXTURE
REQ_SYN_SEG_0554_f3	SYN_SEG_0554	SYN_SEG_SPK_16	training	a	f3	2267.908	log_hz			7.72661309965099	log_Hz	TRUE	eligible_complete_training_inventory	SYNTHETIC_TEACHING_FIXTURE
REQ_SYN_SEG_0554_f3	SYN_SEG_0554	SYN_SEG_SPK_16	training	a	f3	2267.908	within_speaker_z	2369.24333333333	320.51396300412	-0.316165113006421	z	TRUE	eligible_complete_training_inventory	SYNTHETIC_TEACHING_FIXTURE
REQ_SYN_SEG_0554_f3	SYN_SEG_0554	SYN_SEG_SPK_16	training	a	f3	2267.908	f3_reference_scaling		2319.0905	2527.28777690737	Hz	TRUE	eligible_complete_training_inventory	SYNTHETIC_TEACHING_FIXTURE
REQ_SYN_SEG_0555_f1	SYN_SEG_0555	SYN_SEG_SPK_16	training	u	f1	294.306	raw_hz			294.306	Hz	TRUE	eligible_complete_training_inventory	SYNTHETIC_TEACHING_FIXTURE
REQ_SYN_SEG_0555_f1	SYN_SEG_0555	SYN_SEG_SPK_16	training	u	f1	294.306	log_hz			5.68462004239144	log_Hz	TRUE	eligible_complete_training_inventory	SYNTHETIC_TEACHING_FIXTURE
REQ_SYN_SEG_0555_f1	SYN_SEG_0555	SYN_SEG_SPK_16	training	u	f1	294.306	within_speaker_z	422.077166666667	200.343088038237	-0.637761791124435	z	TRUE	eligible_complete_training_inventory	SYNTHETIC_TEACHING_FIXTURE
REQ_SYN_SEG_0555_f1	SYN_SEG_0555	SYN_SEG_SPK_16	training	u	f1	294.306	f3_reference_scaling		2319.0905	327.96566548136	Hz	TRUE	eligible_complete_training_inventory	SYNTHETIC_TEACHING_FIXTURE
REQ_SYN_SEG_0555_f2	SYN_SEG_0555	SYN_SEG_SPK_16	training	u	f2	864.021	raw_hz			864.021	Hz	TRUE	eligible_complete_training_inventory	SYNTHETIC_TEACHING_FIXTURE
REQ_SYN_SEG_0555_f2	SYN_SEG_0555	SYN_SEG_SPK_16	training	u	f2	864.021	log_hz			6.76159707406424	log_Hz	TRUE	eligible_complete_training_inventory	SYNTHETIC_TEACHING_FIXTURE
REQ_SYN_SEG_0555_f2	SYN_SEG_0555	SYN_SEG_SPK_16	training	u	f2	864.021	within_speaker_z	1343.12116666667	577.215816278741	-0.830019124831649	z	TRUE	eligible_complete_training_inventory	SYNTHETIC_TEACHING_FIXTURE
REQ_SYN_SEG_0555_f2	SYN_SEG_0555	SYN_SEG_SPK_16	training	u	f2	864.021	f3_reference_scaling		2319.0905	962.838753728671	Hz	TRUE	eligible_complete_training_inventory	SYNTHETIC_TEACHING_FIXTURE
REQ_SYN_SEG_0555_f3	SYN_SEG_0555	SYN_SEG_SPK_16	training	u	f3	2015.983	raw_hz			2015.983	Hz	TRUE	eligible_complete_training_inventory	SYNTHETIC_TEACHING_FIXTURE
REQ_SYN_SEG_0555_f3	SYN_SEG_0555	SYN_SEG_SPK_16	training	u	f3	2015.983	log_hz			7.60886219661602	log_Hz	TRUE	eligible_complete_training_inventory	SYNTHETIC_TEACHING_FIXTURE
REQ_SYN_SEG_0555_f3	SYN_SEG_0555	SYN_SEG_SPK_16	training	u	f3	2015.983	within_speaker_z	2369.24333333333	320.51396300412	-1.10216831124076	z	TRUE	eligible_complete_training_inventory	SYNTHETIC_TEACHING_FIXTURE
REQ_SYN_SEG_0555_f3	SYN_SEG_0555	SYN_SEG_SPK_16	training	u	f3	2015.983	f3_reference_scaling		2319.0905	2246.55021030529	Hz	TRUE	eligible_complete_training_inventory	SYNTHETIC_TEACHING_FIXTURE
REQ_SYN_SEG_0556_f1	SYN_SEG_0556	SYN_SEG_SPK_16	training	i	f1	239.9	raw_hz			239.9	Hz	TRUE	eligible_complete_training_inventory	SYNTHETIC_TEACHING_FIXTURE
REQ_SYN_SEG_0556_f1	SYN_SEG_0556	SYN_SEG_SPK_16	training	i	f1	239.9	log_hz			5.48022216984565	log_Hz	TRUE	eligible_complete_training_inventory	SYNTHETIC_TEACHING_FIXTURE
REQ_SYN_SEG_0556_f1	SYN_SEG_0556	SYN_SEG_SPK_16	training	i	f1	239.9	within_speaker_z	422.077166666667	200.343088038237	-0.909325939070562	z	TRUE	eligible_complete_training_inventory	SYNTHETIC_TEACHING_FIXTURE
REQ_SYN_SEG_0556_f1	SYN_SEG_0556	SYN_SEG_SPK_16	training	i	f1	239.9	f3_reference_scaling		2319.0905	267.33727191759	Hz	TRUE	eligible_complete_training_inventory	SYNTHETIC_TEACHING_FIXTURE
REQ_SYN_SEG_0556_f2	SYN_SEG_0556	SYN_SEG_SPK_16	training	i	f2	2067.945	raw_hz			2067.945	Hz	TRUE	eligible_complete_training_inventory	SYNTHETIC_TEACHING_FIXTURE
REQ_SYN_SEG_0556_f2	SYN_SEG_0556	SYN_SEG_SPK_16	training	i	f2	2067.945	log_hz			7.63431063952997	log_Hz	TRUE	eligible_complete_training_inventory	SYNTHETIC_TEACHING_FIXTURE
REQ_SYN_SEG_0556_f2	SYN_SEG_0556	SYN_SEG_SPK_16	training	i	f2	2067.945	within_speaker_z	1343.12116666667	577.215816278741	1.25572413799436	z	TRUE	eligible_complete_training_inventory	SYNTHETIC_TEACHING_FIXTURE
REQ_SYN_SEG_0556_f2	SYN_SEG_0556	SYN_SEG_SPK_16	training	i	f2	2067.945	f3_reference_scaling		2319.0905	2304.45508451697	Hz	TRUE	eligible_complete_training_inventory	SYNTHETIC_TEACHING_FIXTURE
REQ_SYN_SEG_0556_f3	SYN_SEG_0556	SYN_SEG_SPK_16	training	i	f3	2732.837	raw_hz			2732.837	Hz	TRUE	eligible_complete_training_inventory	SYNTHETIC_TEACHING_FIXTURE
REQ_SYN_SEG_0556_f3	SYN_SEG_0556	SYN_SEG_SPK_16	training	i	f3	2732.837	log_hz			7.91309554272976	log_Hz	TRUE	eligible_complete_training_inventory	SYNTHETIC_TEACHING_FIXTURE
REQ_SYN_SEG_0556_f3	SYN_SEG_0556	SYN_SEG_SPK_16	training	i	f3	2732.837	within_speaker_z	2369.24333333333	320.51396300412	1.13440819631934	z	TRUE	eligible_complete_training_inventory	SYNTHETIC_TEACHING_FIXTURE
REQ_SYN_SEG_0556_f3	SYN_SEG_0556	SYN_SEG_SPK_16	training	i	f3	2732.837	f3_reference_scaling		2319.0905	3045.3905301186	Hz	TRUE	eligible_complete_training_inventory	SYNTHETIC_TEACHING_FIXTURE
REQ_SYN_SEG_0557_f1	SYN_SEG_0557	SYN_SEG_SPK_16	training	a	f1	702.462	raw_hz			702.462	Hz	TRUE	eligible_complete_training_inventory	SYNTHETIC_TEACHING_FIXTURE
REQ_SYN_SEG_0557_f1	SYN_SEG_0557	SYN_SEG_SPK_16	training	a	f1	702.462	log_hz			6.55459130721816	log_Hz	TRUE	eligible_complete_training_inventory	SYNTHETIC_TEACHING_FIXTURE
REQ_SYN_SEG_0557_f1	SYN_SEG_0557	SYN_SEG_SPK_16	training	a	f1	702.462	within_speaker_z	422.077166666667	200.343088038237	1.39952336803264	z	TRUE	eligible_complete_training_inventory	SYNTHETIC_TEACHING_FIXTURE
REQ_SYN_SEG_0557_f1	SYN_SEG_0557	SYN_SEG_SPK_16	training	a	f1	702.462	f3_reference_scaling		2319.0905	782.802312237491	Hz	TRUE	eligible_complete_training_inventory	SYNTHETIC_TEACHING_FIXTURE
REQ_SYN_SEG_0557_f2	SYN_SEG_0557	SYN_SEG_SPK_16	training	a	f2	1120.319	raw_hz			1120.319	Hz	TRUE	eligible_complete_training_inventory	SYNTHETIC_TEACHING_FIXTURE
REQ_SYN_SEG_0557_f2	SYN_SEG_0557	SYN_SEG_SPK_16	training	a	f2	1120.319	log_hz			7.02136874516379	log_Hz	TRUE	eligible_complete_training_inventory	SYNTHETIC_TEACHING_FIXTURE
REQ_SYN_SEG_0557_f2	SYN_SEG_0557	SYN_SEG_SPK_16	training	a	f2	1120.319	within_speaker_z	1343.12116666667	577.215816278741	-0.385994562836224	z	TRUE	eligible_complete_training_inventory	SYNTHETIC_TEACHING_FIXTURE
REQ_SYN_SEG_0557_f2	SYN_SEG_0557	SYN_SEG_SPK_16	training	a	f2	1120.319	f3_reference_scaling		2319.0905	1248.44945868046	Hz	TRUE	eligible_complete_training_inventory	SYNTHETIC_TEACHING_FIXTURE
REQ_SYN_SEG_0557_f3	SYN_SEG_0557	SYN_SEG_SPK_16	training	a	f3	2318.784	raw_hz			2318.784	Hz	TRUE	eligible_complete_training_inventory	SYNTHETIC_TEACHING_FIXTURE
REQ_SYN_SEG_0557_f3	SYN_SEG_0557	SYN_SEG_SPK_16	training	a	f3	2318.784	log_hz			7.74879818932102	log_Hz	TRUE	eligible_complete_training_inventory	SYNTHETIC_TEACHING_FIXTURE
REQ_SYN_SEG_0557_f3	SYN_SEG_0557	SYN_SEG_SPK_16	training	a	f3	2318.784	within_speaker_z	2369.24333333333	320.51396300412	-0.157432558820174	z	TRUE	eligible_complete_training_inventory	SYNTHETIC_TEACHING_FIXTURE
REQ_SYN_SEG_0557_f3	SYN_SEG_0557	SYN_SEG_SPK_16	training	a	f3	2318.784	f3_reference_scaling		2319.0905	2583.98244571137	Hz	TRUE	eligible_complete_training_inventory	SYNTHETIC_TEACHING_FIXTURE
REQ_SYN_SEG_0558_f1	SYN_SEG_0558	SYN_SEG_SPK_16	training	u	f1	293.301	raw_hz			293.301	Hz	TRUE	eligible_complete_training_inventory	SYNTHETIC_TEACHING_FIXTURE
REQ_SYN_SEG_0558_f1	SYN_SEG_0558	SYN_SEG_SPK_16	training	u	f1	293.301	log_hz			5.68119938545594	log_Hz	TRUE	eligible_complete_training_inventory	SYNTHETIC_TEACHING_FIXTURE
REQ_SYN_SEG_0558_f1	SYN_SEG_0558	SYN_SEG_SPK_16	training	u	f1	293.301	within_speaker_z	422.077166666667	200.343088038237	-0.642778185799394	z	TRUE	eligible_complete_training_inventory	SYNTHETIC_TEACHING_FIXTURE
REQ_SYN_SEG_0558_f1	SYN_SEG_0558	SYN_SEG_SPK_16	training	u	f1	293.301	f3_reference_scaling		2319.0905	326.845724012927	Hz	TRUE	eligible_complete_training_inventory	SYNTHETIC_TEACHING_FIXTURE
REQ_SYN_SEG_0558_f2	SYN_SEG_0558	SYN_SEG_SPK_16	training	u	f2	830.924	raw_hz			830.924	Hz	TRUE	eligible_complete_training_inventory	SYNTHETIC_TEACHING_FIXTURE
REQ_SYN_SEG_0558_f2	SYN_SEG_0558	SYN_SEG_SPK_16	training	u	f2	830.924	log_hz			6.72253833459607	log_Hz	TRUE	eligible_complete_training_inventory	SYNTHETIC_TEACHING_FIXTURE
REQ_SYN_SEG_0558_f2	SYN_SEG_0558	SYN_SEG_SPK_16	training	u	f2	830.924	within_speaker_z	1343.12116666667	577.215816278741	-0.887358163483385	z	TRUE	eligible_complete_training_inventory	SYNTHETIC_TEACHING_FIXTURE
REQ_SYN_SEG_0558_f2	SYN_SEG_0558	SYN_SEG_SPK_16	training	u	f2	830.924	f3_reference_scaling		2319.0905	925.95646240455	Hz	TRUE	eligible_complete_training_inventory	SYNTHETIC_TEACHING_FIXTURE
REQ_SYN_SEG_0558_f3	SYN_SEG_0558	SYN_SEG_SPK_16	training	u	f3	1998.839	raw_hz			1998.839	Hz	TRUE	eligible_complete_training_inventory	SYNTHETIC_TEACHING_FIXTURE
REQ_SYN_SEG_0558_f3	SYN_SEG_0558	SYN_SEG_SPK_16	training	u	f3	1998.839	log_hz			7.60032179098672	log_Hz	TRUE	eligible_complete_training_inventory	SYNTHETIC_TEACHING_FIXTURE
REQ_SYN_SEG_0558_f3	SYN_SEG_0558	SYN_SEG_SPK_16	training	u	f3	1998.839	within_speaker_z	2369.24333333333	320.51396300412	-1.155657400575	z	TRUE	eligible_complete_training_inventory	SYNTHETIC_TEACHING_FIXTURE
REQ_SYN_SEG_0558_f3	SYN_SEG_0558	SYN_SEG_SPK_16	training	u	f3	1998.839	f3_reference_scaling		2319.0905	2227.44545753432	Hz	TRUE	eligible_complete_training_inventory	SYNTHETIC_TEACHING_FIXTURE
REQ_SYN_SEG_0559_f1	SYN_SEG_0559	SYN_SEG_SPK_16	training	i	f1	272.576	raw_hz			272.576	Hz	TRUE	eligible_complete_training_inventory	SYNTHETIC_TEACHING_FIXTURE
REQ_SYN_SEG_0559_f1	SYN_SEG_0559	SYN_SEG_SPK_16	training	i	f1	272.576	log_hz			5.60791747430075	log_Hz	TRUE	eligible_complete_training_inventory	SYNTHETIC_TEACHING_FIXTURE
REQ_SYN_SEG_0559_f1	SYN_SEG_0559	SYN_SEG_SPK_16	training	i	f1	272.576	within_speaker_z	422.077166666667	200.343088038237	-0.74622572772829	z	TRUE	eligible_complete_training_inventory	SYNTHETIC_TEACHING_FIXTURE
REQ_SYN_SEG_0559_f1	SYN_SEG_0559	SYN_SEG_SPK_16	training	i	f1	272.576	f3_reference_scaling		2319.0905	303.750413631551	Hz	TRUE	eligible_complete_training_inventory	SYNTHETIC_TEACHING_FIXTURE
REQ_SYN_SEG_0559_f2	SYN_SEG_0559	SYN_SEG_SPK_16	training	i	f2	2115.846	raw_hz			2115.846	Hz	TRUE	eligible_complete_training_inventory	SYNTHETIC_TEACHING_FIXTURE
REQ_SYN_SEG_0559_f2	SYN_SEG_0559	SYN_SEG_SPK_16	training	i	f2	2115.846	log_hz			7.6572100115017	log_Hz	TRUE	eligible_complete_training_inventory	SYNTHETIC_TEACHING_FIXTURE
REQ_SYN_SEG_0559_f2	SYN_SEG_0559	SYN_SEG_SPK_16	training	i	f2	2115.846	within_speaker_z	1343.12116666667	577.215816278741	1.33871042951495	z	TRUE	eligible_complete_training_inventory	SYNTHETIC_TEACHING_FIXTURE
REQ_SYN_SEG_0559_f2	SYN_SEG_0559	SYN_SEG_SPK_16	training	i	f2	2115.846	f3_reference_scaling		2319.0905	2357.83450370048	Hz	TRUE	eligible_complete_training_inventory	SYNTHETIC_TEACHING_FIXTURE
REQ_SYN_SEG_0559_f3	SYN_SEG_0559	SYN_SEG_SPK_16	training	i	f3	2713.699	raw_hz			2713.699	Hz	TRUE	eligible_complete_training_inventory	SYNTHETIC_TEACHING_FIXTURE
REQ_SYN_SEG_0559_f3	SYN_SEG_0559	SYN_SEG_SPK_16	training	i	f3	2713.699	log_hz			7.90606792783304	log_Hz	TRUE	eligible_complete_training_inventory	SYNTHETIC_TEACHING_FIXTURE
REQ_SYN_SEG_0559_f3	SYN_SEG_0559	SYN_SEG_SPK_16	training	i	f3	2713.699	within_speaker_z	2369.24333333333	320.51396300412	1.07469784916122	z	TRUE	eligible_complete_training_inventory	SYNTHETIC_TEACHING_FIXTURE
REQ_SYN_SEG_0559_f3	SYN_SEG_0559	SYN_SEG_SPK_16	training	i	f3	2713.699	f3_reference_scaling		2319.0905	3024.06372432469	Hz	TRUE	eligible_complete_training_inventory	SYNTHETIC_TEACHING_FIXTURE
REQ_SYN_SEG_0560_f1	SYN_SEG_0560	SYN_SEG_SPK_16	training	a	f1	666.368	raw_hz			666.368	Hz	TRUE	eligible_complete_training_inventory	SYNTHETIC_TEACHING_FIXTURE
REQ_SYN_SEG_0560_f1	SYN_SEG_0560	SYN_SEG_SPK_16	training	a	f1	666.368	log_hz			6.50184207049199	log_Hz	TRUE	eligible_complete_training_inventory	SYNTHETIC_TEACHING_FIXTURE
REQ_SYN_SEG_0560_f1	SYN_SEG_0560	SYN_SEG_SPK_16	training	a	f1	666.368	within_speaker_z	422.077166666667	200.343088038237	1.21936242335801	z	TRUE	eligible_complete_training_inventory	SYNTHETIC_TEACHING_FIXTURE
REQ_SYN_SEG_0560_f1	SYN_SEG_0560	SYN_SEG_SPK_16	training	a	f1	666.368	f3_reference_scaling		2319.0905	742.580255161237	Hz	TRUE	eligible_complete_training_inventory	SYNTHETIC_TEACHING_FIXTURE
REQ_SYN_SEG_0560_f2	SYN_SEG_0560	SYN_SEG_SPK_16	training	a	f2	1049.339	raw_hz			1049.339	Hz	TRUE	eligible_complete_training_inventory	SYNTHETIC_TEACHING_FIXTURE
REQ_SYN_SEG_0560_f2	SYN_SEG_0560	SYN_SEG_SPK_16	training	a	f2	1049.339	log_hz			6.95591572110873	log_Hz	TRUE	eligible_complete_training_inventory	SYNTHETIC_TEACHING_FIXTURE
REQ_SYN_SEG_0560_f2	SYN_SEG_0560	SYN_SEG_SPK_16	training	a	f2	1049.339	within_speaker_z	1343.12116666667	577.215816278741	-0.508964166229287	z	TRUE	eligible_complete_training_inventory	SYNTHETIC_TEACHING_FIXTURE
REQ_SYN_SEG_0560_f2	SYN_SEG_0560	SYN_SEG_SPK_16	training	a	f2	1049.339	f3_reference_scaling		2319.0905	1169.35150302931	Hz	TRUE	eligible_complete_training_inventory	SYNTHETIC_TEACHING_FIXTURE
REQ_SYN_SEG_0560_f3	SYN_SEG_0560	SYN_SEG_SPK_16	training	a	f3	2371.179	raw_hz			2371.179	Hz	TRUE	eligible_complete_training_inventory	SYNTHETIC_TEACHING_FIXTURE
REQ_SYN_SEG_0560_f3	SYN_SEG_0560	SYN_SEG_SPK_16	training	a	f3	2371.179	log_hz			7.77114257878725	log_Hz	TRUE	eligible_complete_training_inventory	SYNTHETIC_TEACHING_FIXTURE
REQ_SYN_SEG_0560_f3	SYN_SEG_0560	SYN_SEG_SPK_16	training	a	f3	2371.179	within_speaker_z	2369.24333333333	320.51396300412	0.00603925847262345	z	TRUE	eligible_complete_training_inventory	SYNTHETIC_TEACHING_FIXTURE
REQ_SYN_SEG_0560_f3	SYN_SEG_0560	SYN_SEG_SPK_16	training	a	f3	2371.179	f3_reference_scaling		2319.0905	2642.36984196865	Hz	TRUE	eligible_complete_training_inventory	SYNTHETIC_TEACHING_FIXTURE
REQ_SYN_SEG_0561_f1	SYN_SEG_0561	SYN_SEG_SPK_16	training	u	f1	326.674	raw_hz			326.674	Hz	TRUE	eligible_complete_training_inventory	SYNTHETIC_TEACHING_FIXTURE
REQ_SYN_SEG_0561_f1	SYN_SEG_0561	SYN_SEG_SPK_16	training	u	f1	326.674	log_hz			5.78896273172413	log_Hz	TRUE	eligible_complete_training_inventory	SYNTHETIC_TEACHING_FIXTURE
REQ_SYN_SEG_0561_f1	SYN_SEG_0561	SYN_SEG_SPK_16	training	u	f1	326.674	within_speaker_z	422.077166666667	200.343088038237	-0.476198942528319	z	TRUE	eligible_complete_training_inventory	SYNTHETIC_TEACHING_FIXTURE
REQ_SYN_SEG_0561_f1	SYN_SEG_0561	SYN_SEG_SPK_16	training	u	f1	326.674	f3_reference_scaling		2319.0905	364.035581352258	Hz	TRUE	eligible_complete_training_inventory	SYNTHETIC_TEACHING_FIXTURE
REQ_SYN_SEG_0561_f2	SYN_SEG_0561	SYN_SEG_SPK_16	training	u	f2	811.061	raw_hz			811.061	Hz	TRUE	eligible_complete_training_inventory	SYNTHETIC_TEACHING_FIXTURE
REQ_SYN_SEG_0561_f2	SYN_SEG_0561	SYN_SEG_SPK_16	training	u	f2	811.061	log_hz			6.69834326706983	log_Hz	TRUE	eligible_complete_training_inventory	SYNTHETIC_TEACHING_FIXTURE
REQ_SYN_SEG_0561_f2	SYN_SEG_0561	SYN_SEG_SPK_16	training	u	f2	811.061	within_speaker_z	1343.12116666667	577.215816278741	-0.921769902454876	z	TRUE	eligible_complete_training_inventory	SYNTHETIC_TEACHING_FIXTURE
REQ_SYN_SEG_0561_f2	SYN_SEG_0561	SYN_SEG_SPK_16	training	u	f2	811.061	f3_reference_scaling		2319.0905	903.8217386359	Hz	TRUE	eligible_complete_training_inventory	SYNTHETIC_TEACHING_FIXTURE
REQ_SYN_SEG_0561_f3	SYN_SEG_0561	SYN_SEG_SPK_16	training	u	f3	2094.969	raw_hz			2094.969	Hz	TRUE	eligible_complete_training_inventory	SYNTHETIC_TEACHING_FIXTURE
REQ_SYN_SEG_0561_f3	SYN_SEG_0561	SYN_SEG_SPK_16	training	u	f3	2094.969	log_hz			7.64729403511072	log_Hz	TRUE	eligible_complete_training_inventory	SYNTHETIC_TEACHING_FIXTURE
REQ_SYN_SEG_0561_f3	SYN_SEG_0561	SYN_SEG_SPK_16	training	u	f3	2094.969	within_speaker_z	2369.24333333333	320.51396300412	-0.855732869677843	z	TRUE	eligible_complete_training_inventory	SYNTHETIC_TEACHING_FIXTURE
REQ_SYN_SEG_0561_f3	SYN_SEG_0561	SYN_SEG_SPK_16	training	u	f3	2094.969	f3_reference_scaling		2319.0905	2334.56980913681	Hz	TRUE	eligible_complete_training_inventory	SYNTHETIC_TEACHING_FIXTURE
REQ_SYN_SEG_0562_f1	SYN_SEG_0562	SYN_SEG_SPK_16	training	i	f1	295.675	raw_hz			295.675	Hz	TRUE	eligible_complete_training_inventory	SYNTHETIC_TEACHING_FIXTURE
REQ_SYN_SEG_0562_f1	SYN_SEG_0562	SYN_SEG_SPK_16	training	i	f1	295.675	log_hz			5.68926087813718	log_Hz	TRUE	eligible_complete_training_inventory	SYNTHETIC_TEACHING_FIXTURE
REQ_SYN_SEG_0562_f1	SYN_SEG_0562	SYN_SEG_SPK_16	training	i	f1	295.675	within_speaker_z	422.077166666667	200.343088038237	-0.630928513204017	z	TRUE	eligible_complete_training_inventory	SYNTHETIC_TEACHING_FIXTURE
REQ_SYN_SEG_0562_f1	SYN_SEG_0562	SYN_SEG_SPK_16	training	i	f1	295.675	f3_reference_scaling		2319.0905	329.491237491594	Hz	TRUE	eligible_complete_training_inventory	SYNTHETIC_TEACHING_FIXTURE
REQ_SYN_SEG_0562_f2	SYN_SEG_0562	SYN_SEG_SPK_16	training	i	f2	2200.958	raw_hz			2200.958	Hz	TRUE	eligible_complete_training_inventory	SYNTHETIC_TEACHING_FIXTURE
REQ_SYN_SEG_0562_f2	SYN_SEG_0562	SYN_SEG_SPK_16	training	i	f2	2200.958	log_hz			7.69664799910905	log_Hz	TRUE	eligible_complete_training_inventory	SYNTHETIC_TEACHING_FIXTURE
REQ_SYN_SEG_0562_f2	SYN_SEG_0562	SYN_SEG_SPK_16	training	i	f2	2200.958	within_speaker_z	1343.12116666667	577.215816278741	1.48616307651397	z	TRUE	eligible_complete_training_inventory	SYNTHETIC_TEACHING_FIXTURE
REQ_SYN_SEG_0562_f2	SYN_SEG_0562	SYN_SEG_SPK_16	training	i	f2	2200.958	f3_reference_scaling		2319.0905	2452.68073082616	Hz	TRUE	eligible_complete_training_inventory	SYNTHETIC_TEACHING_FIXTURE
REQ_SYN_SEG_0562_f3	SYN_SEG_0562	SYN_SEG_SPK_16	training	i	f3	2876.663	raw_hz			2876.663	Hz	TRUE	eligible_complete_training_inventory	SYNTHETIC_TEACHING_FIXTURE
REQ_SYN_SEG_0562_f3	SYN_SEG_0562	SYN_SEG_SPK_16	training	i	f3	2876.663	log_hz			7.96438622078515	log_Hz	TRUE	eligible_complete_training_inventory	SYNTHETIC_TEACHING_FIXTURE
REQ_SYN_SEG_0562_f3	SYN_SEG_0562	SYN_SEG_SPK_16	training	i	f3	2876.663	within_speaker_z	2369.24333333333	320.51396300412	1.58314371676889	z	TRUE	eligible_complete_training_inventory	SYNTHETIC_TEACHING_FIXTURE
REQ_SYN_SEG_0562_f3	SYN_SEG_0562	SYN_SEG_SPK_16	training	i	f3	2876.663	f3_reference_scaling		2319.0905	3205.66585513243	Hz	TRUE	eligible_complete_training_inventory	SYNTHETIC_TEACHING_FIXTURE
REQ_SYN_SEG_0563_f1	SYN_SEG_0563	SYN_SEG_SPK_16	training	a	f1	673.468	raw_hz			673.468	Hz	TRUE	eligible_complete_training_inventory	SYNTHETIC_TEACHING_FIXTURE
REQ_SYN_SEG_0563_f1	SYN_SEG_0563	SYN_SEG_SPK_16	training	a	f1	673.468	log_hz			6.51244048172981	log_Hz	TRUE	eligible_complete_training_inventory	SYNTHETIC_TEACHING_FIXTURE
REQ_SYN_SEG_0563_f1	SYN_SEG_0563	SYN_SEG_SPK_16	training	a	f1	673.468	within_speaker_z	422.077166666667	200.343088038237	1.25480162951942	z	TRUE	eligible_complete_training_inventory	SYNTHETIC_TEACHING_FIXTURE
REQ_SYN_SEG_0563_f1	SYN_SEG_0563	SYN_SEG_SPK_16	training	a	f1	673.468	f3_reference_scaling		2319.0905	750.492279465592	Hz	TRUE	eligible_complete_training_inventory	SYNTHETIC_TEACHING_FIXTURE
REQ_SYN_SEG_0563_f2	SYN_SEG_0563	SYN_SEG_SPK_16	training	a	f2	1176.992	raw_hz			1176.992	Hz	TRUE	eligible_complete_training_inventory	SYNTHETIC_TEACHING_FIXTURE
REQ_SYN_SEG_0563_f2	SYN_SEG_0563	SYN_SEG_SPK_16	training	a	f2	1176.992	log_hz			7.0707173102958	log_Hz	TRUE	eligible_complete_training_inventory	SYNTHETIC_TEACHING_FIXTURE
REQ_SYN_SEG_0563_f2	SYN_SEG_0563	SYN_SEG_SPK_16	training	a	f2	1176.992	within_speaker_z	1343.12116666667	577.215816278741	-0.287811182544662	z	TRUE	eligible_complete_training_inventory	SYNTHETIC_TEACHING_FIXTURE
REQ_SYN_SEG_0563_f2	SYN_SEG_0563	SYN_SEG_SPK_16	training	a	f2	1176.992	f3_reference_scaling		2319.0905	1311.60412817352	Hz	TRUE	eligible_complete_training_inventory	SYNTHETIC_TEACHING_FIXTURE
REQ_SYN_SEG_0563_f3	SYN_SEG_0563	SYN_SEG_SPK_16	training	a	f3	2319.397	raw_hz			2319.397	Hz	TRUE	eligible_complete_training_inventory	SYNTHETIC_TEACHING_FIXTURE
REQ_SYN_SEG_0563_f3	SYN_SEG_0563	SYN_SEG_SPK_16	training	a	f3	2319.397	log_hz			7.74906251708381	log_Hz	TRUE	eligible_complete_training_inventory	SYNTHETIC_TEACHING_FIXTURE
REQ_SYN_SEG_0563_f3	SYN_SEG_0563	SYN_SEG_SPK_16	training	a	f3	2319.397	within_speaker_z	2369.24333333333	320.51396300412	-0.15552000563761	z	TRUE	eligible_complete_training_inventory	SYNTHETIC_TEACHING_FIXTURE
REQ_SYN_SEG_0563_f3	SYN_SEG_0563	SYN_SEG_SPK_16	training	a	f3	2319.397	f3_reference_scaling		2319.0905	2584.66555428863	Hz	TRUE	eligible_complete_training_inventory	SYNTHETIC_TEACHING_FIXTURE
REQ_SYN_SEG_0564_f1	SYN_SEG_0564	SYN_SEG_SPK_16	training	u	f1	306.577	raw_hz			306.577	Hz	TRUE	eligible_complete_training_inventory	SYNTHETIC_TEACHING_FIXTURE
REQ_SYN_SEG_0564_f1	SYN_SEG_0564	SYN_SEG_SPK_16	training	u	f1	306.577	log_hz			5.72546894731596	log_Hz	TRUE	eligible_complete_training_inventory	SYNTHETIC_TEACHING_FIXTURE
REQ_SYN_SEG_0564_f1	SYN_SEG_0564	SYN_SEG_SPK_16	training	u	f1	306.577	within_speaker_z	422.077166666667	200.343088038237	-0.576511861715051	z	TRUE	eligible_complete_training_inventory	SYNTHETIC_TEACHING_FIXTURE
REQ_SYN_SEG_0564_f1	SYN_SEG_0564	SYN_SEG_SPK_16	training	u	f1	306.577	f3_reference_scaling		2319.0905	341.640095092451	Hz	TRUE	eligible_complete_training_inventory	SYNTHETIC_TEACHING_FIXTURE
REQ_SYN_SEG_0564_f2	SYN_SEG_0564	SYN_SEG_SPK_16	training	u	f2	742.31	raw_hz			742.31	Hz	TRUE	eligible_complete_training_inventory	SYNTHETIC_TEACHING_FIXTURE
REQ_SYN_SEG_0564_f2	SYN_SEG_0564	SYN_SEG_SPK_16	training	u	f2	742.31	log_hz			6.60976694567495	log_Hz	TRUE	eligible_complete_training_inventory	SYNTHETIC_TEACHING_FIXTURE
REQ_SYN_SEG_0564_f2	SYN_SEG_0564	SYN_SEG_SPK_16	training	u	f2	742.31	within_speaker_z	1343.12116666667	577.215816278741	-1.04087786530183	z	TRUE	eligible_complete_training_inventory	SYNTHETIC_TEACHING_FIXTURE
REQ_SYN_SEG_0564_f2	SYN_SEG_0564	SYN_SEG_SPK_16	training	u	f2	742.31	f3_reference_scaling		2319.0905	827.207712868471	Hz	TRUE	eligible_complete_training_inventory	SYNTHETIC_TEACHING_FIXTURE
REQ_SYN_SEG_0564_f3	SYN_SEG_0564	SYN_SEG_SPK_16	training	u	f3	1993.578	raw_hz			1993.578	Hz	TRUE	eligible_complete_training_inventory	SYNTHETIC_TEACHING_FIXTURE
REQ_SYN_SEG_0564_f3	SYN_SEG_0564	SYN_SEG_SPK_16	training	u	f3	1993.578	log_hz			7.59768629321924	log_Hz	TRUE	eligible_complete_training_inventory	SYNTHETIC_TEACHING_FIXTURE
REQ_SYN_SEG_0564_f3	SYN_SEG_0564	SYN_SEG_SPK_16	training	u	f3	1993.578	within_speaker_z	2369.24333333333	320.51396300412	-1.17207166206517	z	TRUE	eligible_complete_training_inventory	SYNTHETIC_TEACHING_FIXTURE
REQ_SYN_SEG_0564_f3	SYN_SEG_0564	SYN_SEG_SPK_16	training	u	f3	1993.578	f3_reference_scaling		2319.0905	2221.58275896176	Hz	TRUE	eligible_complete_training_inventory	SYNTHETIC_TEACHING_FIXTURE
REQ_SYN_SEG_0589_f1	SYN_SEG_0589	SYN_SEG_SPK_17	training	i	f1	278.381	raw_hz			278.381	Hz	FALSE	incomplete_reference_inventory	SYNTHETIC_TEACHING_FIXTURE
REQ_SYN_SEG_0589_f1	SYN_SEG_0589	SYN_SEG_SPK_17	training	i	f1	278.381	log_hz			5.62899067900489	log_Hz	FALSE	incomplete_reference_inventory	SYNTHETIC_TEACHING_FIXTURE
REQ_SYN_SEG_0589_f1	SYN_SEG_0589	SYN_SEG_SPK_17	training	i	f1	278.381	within_speaker_z				z	FALSE	incomplete_reference_inventory	SYNTHETIC_TEACHING_FIXTURE
REQ_SYN_SEG_0589_f1	SYN_SEG_0589	SYN_SEG_SPK_17	training	i	f1	278.381	f3_reference_scaling				Hz	FALSE	incomplete_reference_inventory	SYNTHETIC_TEACHING_FIXTURE
REQ_SYN_SEG_0589_f2	SYN_SEG_0589	SYN_SEG_SPK_17	training	i	f2	2294.258	raw_hz			2294.258	Hz	FALSE	incomplete_reference_inventory	SYNTHETIC_TEACHING_FIXTURE
REQ_SYN_SEG_0589_f2	SYN_SEG_0589	SYN_SEG_SPK_17	training	i	f2	2294.258	log_hz			7.73816475867136	log_Hz	FALSE	incomplete_reference_inventory	SYNTHETIC_TEACHING_FIXTURE
REQ_SYN_SEG_0589_f2	SYN_SEG_0589	SYN_SEG_SPK_17	training	i	f2	2294.258	within_speaker_z				z	FALSE	incomplete_reference_inventory	SYNTHETIC_TEACHING_FIXTURE
REQ_SYN_SEG_0589_f2	SYN_SEG_0589	SYN_SEG_SPK_17	training	i	f2	2294.258	f3_reference_scaling				Hz	FALSE	incomplete_reference_inventory	SYNTHETIC_TEACHING_FIXTURE
REQ_SYN_SEG_0589_f3	SYN_SEG_0589	SYN_SEG_SPK_17	training	i	f3	2906.875	raw_hz			2906.875	Hz	FALSE	incomplete_reference_inventory	SYNTHETIC_TEACHING_FIXTURE
REQ_SYN_SEG_0589_f3	SYN_SEG_0589	SYN_SEG_SPK_17	training	i	f3	2906.875	log_hz			7.97483389997836	log_Hz	FALSE	incomplete_reference_inventory	SYNTHETIC_TEACHING_FIXTURE
REQ_SYN_SEG_0589_f3	SYN_SEG_0589	SYN_SEG_SPK_17	training	i	f3	2906.875	within_speaker_z				z	FALSE	incomplete_reference_inventory	SYNTHETIC_TEACHING_FIXTURE
REQ_SYN_SEG_0589_f3	SYN_SEG_0589	SYN_SEG_SPK_17	training	i	f3	2906.875	f3_reference_scaling				Hz	FALSE	incomplete_reference_inventory	SYNTHETIC_TEACHING_FIXTURE
REQ_SYN_SEG_0590_f1	SYN_SEG_0590	SYN_SEG_SPK_17	training	a	f1	728.301	raw_hz			728.301	Hz	FALSE	incomplete_reference_inventory	SYNTHETIC_TEACHING_FIXTURE
REQ_SYN_SEG_0590_f1	SYN_SEG_0590	SYN_SEG_SPK_17	training	a	f1	728.301	log_hz			6.59071442428348	log_Hz	FALSE	incomplete_reference_inventory	SYNTHETIC_TEACHING_FIXTURE
REQ_SYN_SEG_0590_f1	SYN_SEG_0590	SYN_SEG_SPK_17	training	a	f1	728.301	within_speaker_z				z	FALSE	incomplete_reference_inventory	SYNTHETIC_TEACHING_FIXTURE
REQ_SYN_SEG_0590_f1	SYN_SEG_0590	SYN_SEG_SPK_17	training	a	f1	728.301	f3_reference_scaling				Hz	FALSE	incomplete_reference_inventory	SYNTHETIC_TEACHING_FIXTURE
REQ_SYN_SEG_0590_f2	SYN_SEG_0590	SYN_SEG_SPK_17	training	a	f2	1121.5	raw_hz			1121.5	Hz	FALSE	incomplete_reference_inventory	SYNTHETIC_TEACHING_FIXTURE
REQ_SYN_SEG_0590_f2	SYN_SEG_0590	SYN_SEG_SPK_17	training	a	f2	1121.5	log_hz			7.02242235396026	log_Hz	FALSE	incomplete_reference_inventory	SYNTHETIC_TEACHING_FIXTURE
REQ_SYN_SEG_0590_f2	SYN_SEG_0590	SYN_SEG_SPK_17	training	a	f2	1121.5	within_speaker_z				z	FALSE	incomplete_reference_inventory	SYNTHETIC_TEACHING_FIXTURE
REQ_SYN_SEG_0590_f2	SYN_SEG_0590	SYN_SEG_SPK_17	training	a	f2	1121.5	f3_reference_scaling				Hz	FALSE	incomplete_reference_inventory	SYNTHETIC_TEACHING_FIXTURE
REQ_SYN_SEG_0590_f3	SYN_SEG_0590	SYN_SEG_SPK_17	training	a	f3	2511.558	raw_hz			2511.558	Hz	FALSE	incomplete_reference_inventory	SYNTHETIC_TEACHING_FIXTURE
REQ_SYN_SEG_0590_f3	SYN_SEG_0590	SYN_SEG_SPK_17	training	a	f3	2511.558	log_hz			7.82865855669211	log_Hz	FALSE	incomplete_reference_inventory	SYNTHETIC_TEACHING_FIXTURE
REQ_SYN_SEG_0590_f3	SYN_SEG_0590	SYN_SEG_SPK_17	training	a	f3	2511.558	within_speaker_z				z	FALSE	incomplete_reference_inventory	SYNTHETIC_TEACHING_FIXTURE
REQ_SYN_SEG_0590_f3	SYN_SEG_0590	SYN_SEG_SPK_17	training	a	f3	2511.558	f3_reference_scaling				Hz	FALSE	incomplete_reference_inventory	SYNTHETIC_TEACHING_FIXTURE
REQ_SYN_SEG_0591_f1	SYN_SEG_0591	SYN_SEG_SPK_17	training	a	f1	757.469	raw_hz			757.469	Hz	FALSE	incomplete_reference_inventory	SYNTHETIC_TEACHING_FIXTURE
REQ_SYN_SEG_0591_f1	SYN_SEG_0591	SYN_SEG_SPK_17	training	a	f1	757.469	log_hz			6.6299826124537	log_Hz	FALSE	incomplete_reference_inventory	SYNTHETIC_TEACHING_FIXTURE
REQ_SYN_SEG_0591_f1	SYN_SEG_0591	SYN_SEG_SPK_17	training	a	f1	757.469	within_speaker_z				z	FALSE	incomplete_reference_inventory	SYNTHETIC_TEACHING_FIXTURE
REQ_SYN_SEG_0591_f1	SYN_SEG_0591	SYN_SEG_SPK_17	training	a	f1	757.469	f3_reference_scaling				Hz	FALSE	incomplete_reference_inventory	SYNTHETIC_TEACHING_FIXTURE
REQ_SYN_SEG_0591_f2	SYN_SEG_0591	SYN_SEG_SPK_17	training	a	f2	1170.495	raw_hz			1170.495	Hz	FALSE	incomplete_reference_inventory	SYNTHETIC_TEACHING_FIXTURE
REQ_SYN_SEG_0591_f2	SYN_SEG_0591	SYN_SEG_SPK_17	training	a	f2	1170.495	log_hz			7.06518201524307	log_Hz	FALSE	incomplete_reference_inventory	SYNTHETIC_TEACHING_FIXTURE
REQ_SYN_SEG_0591_f2	SYN_SEG_0591	SYN_SEG_SPK_17	training	a	f2	1170.495	within_speaker_z				z	FALSE	incomplete_reference_inventory	SYNTHETIC_TEACHING_FIXTURE
REQ_SYN_SEG_0591_f2	SYN_SEG_0591	SYN_SEG_SPK_17	training	a	f2	1170.495	f3_reference_scaling				Hz	FALSE	incomplete_reference_inventory	SYNTHETIC_TEACHING_FIXTURE
REQ_SYN_SEG_0591_f3	SYN_SEG_0591	SYN_SEG_SPK_17	training	a	f3	2465.188	raw_hz			2465.188	Hz	FALSE	incomplete_reference_inventory	SYNTHETIC_TEACHING_FIXTURE
REQ_SYN_SEG_0591_f3	SYN_SEG_0591	SYN_SEG_SPK_17	training	a	f3	2465.188	log_hz			7.81002335131703	log_Hz	FALSE	incomplete_reference_inventory	SYNTHETIC_TEACHING_FIXTURE
REQ_SYN_SEG_0591_f3	SYN_SEG_0591	SYN_SEG_SPK_17	training	a	f3	2465.188	within_speaker_z				z	FALSE	incomplete_reference_inventory	SYNTHETIC_TEACHING_FIXTURE
REQ_SYN_SEG_0591_f3	SYN_SEG_0591	SYN_SEG_SPK_17	training	a	f3	2465.188	f3_reference_scaling				Hz	FALSE	incomplete_reference_inventory	SYNTHETIC_TEACHING_FIXTURE
REQ_SYN_SEG_0592_f1	SYN_SEG_0592	SYN_SEG_SPK_17	training	i	f1	304.437	raw_hz			304.437	Hz	FALSE	incomplete_reference_inventory	SYNTHETIC_TEACHING_FIXTURE
REQ_SYN_SEG_0592_f1	SYN_SEG_0592	SYN_SEG_SPK_17	training	i	f1	304.437	log_hz			5.71846416919218	log_Hz	FALSE	incomplete_reference_inventory	SYNTHETIC_TEACHING_FIXTURE
REQ_SYN_SEG_0592_f1	SYN_SEG_0592	SYN_SEG_SPK_17	training	i	f1	304.437	within_speaker_z				z	FALSE	incomplete_reference_inventory	SYNTHETIC_TEACHING_FIXTURE
REQ_SYN_SEG_0592_f1	SYN_SEG_0592	SYN_SEG_SPK_17	training	i	f1	304.437	f3_reference_scaling				Hz	FALSE	incomplete_reference_inventory	SYNTHETIC_TEACHING_FIXTURE
REQ_SYN_SEG_0592_f2	SYN_SEG_0592	SYN_SEG_SPK_17	training	i	f2	2274.414	raw_hz			2274.414	Hz	FALSE	incomplete_reference_inventory	SYNTHETIC_TEACHING_FIXTURE
REQ_SYN_SEG_0592_f2	SYN_SEG_0592	SYN_SEG_SPK_17	training	i	f2	2274.414	log_hz			7.72947771578742	log_Hz	FALSE	incomplete_reference_inventory	SYNTHETIC_TEACHING_FIXTURE
REQ_SYN_SEG_0592_f2	SYN_SEG_0592	SYN_SEG_SPK_17	training	i	f2	2274.414	within_speaker_z				z	FALSE	incomplete_reference_inventory	SYNTHETIC_TEACHING_FIXTURE
REQ_SYN_SEG_0592_f2	SYN_SEG_0592	SYN_SEG_SPK_17	training	i	f2	2274.414	f3_reference_scaling				Hz	FALSE	incomplete_reference_inventory	SYNTHETIC_TEACHING_FIXTURE
REQ_SYN_SEG_0592_f3	SYN_SEG_0592	SYN_SEG_SPK_17	training	i	f3	2958.521	raw_hz			2958.521	Hz	FALSE	incomplete_reference_inventory	SYNTHETIC_TEACHING_FIXTURE
REQ_SYN_SEG_0592_f3	SYN_SEG_0592	SYN_SEG_SPK_17	training	i	f3	2958.521	log_hz			7.99244476028321	log_Hz	FALSE	incomplete_reference_inventory	SYNTHETIC_TEACHING_FIXTURE
REQ_SYN_SEG_0592_f3	SYN_SEG_0592	SYN_SEG_SPK_17	training	i	f3	2958.521	within_speaker_z				z	FALSE	incomplete_reference_inventory	SYNTHETIC_TEACHING_FIXTURE
REQ_SYN_SEG_0592_f3	SYN_SEG_0592	SYN_SEG_SPK_17	training	i	f3	2958.521	f3_reference_scaling				Hz	FALSE	incomplete_reference_inventory	SYNTHETIC_TEACHING_FIXTURE
REQ_SYN_SEG_0593_f1	SYN_SEG_0593	SYN_SEG_SPK_17	training	a	f1	722.769	raw_hz			722.769	Hz	FALSE	incomplete_reference_inventory	SYNTHETIC_TEACHING_FIXTURE
REQ_SYN_SEG_0593_f1	SYN_SEG_0593	SYN_SEG_SPK_17	training	a	f1	722.769	log_hz			6.58308966903241	log_Hz	FALSE	incomplete_reference_inventory	SYNTHETIC_TEACHING_FIXTURE
REQ_SYN_SEG_0593_f1	SYN_SEG_0593	SYN_SEG_SPK_17	training	a	f1	722.769	within_speaker_z				z	FALSE	incomplete_reference_inventory	SYNTHETIC_TEACHING_FIXTURE
REQ_SYN_SEG_0593_f1	SYN_SEG_0593	SYN_SEG_SPK_17	training	a	f1	722.769	f3_reference_scaling				Hz	FALSE	incomplete_reference_inventory	SYNTHETIC_TEACHING_FIXTURE
REQ_SYN_SEG_0593_f2	SYN_SEG_0593	SYN_SEG_SPK_17	training	a	f2	1134.526	raw_hz			1134.526	Hz	FALSE	incomplete_reference_inventory	SYNTHETIC_TEACHING_FIXTURE
REQ_SYN_SEG_0593_f2	SYN_SEG_0593	SYN_SEG_SPK_17	training	a	f2	1134.526	log_hz			7.03397022154213	log_Hz	FALSE	incomplete_reference_inventory	SYNTHETIC_TEACHING_FIXTURE
REQ_SYN_SEG_0593_f2	SYN_SEG_0593	SYN_SEG_SPK_17	training	a	f2	1134.526	within_speaker_z				z	FALSE	incomplete_reference_inventory	SYNTHETIC_TEACHING_FIXTURE
REQ_SYN_SEG_0593_f2	SYN_SEG_0593	SYN_SEG_SPK_17	training	a	f2	1134.526	f3_reference_scaling				Hz	FALSE	incomplete_reference_inventory	SYNTHETIC_TEACHING_FIXTURE
REQ_SYN_SEG_0593_f3	SYN_SEG_0593	SYN_SEG_SPK_17	training	a	f3	2446.754	raw_hz			2446.754	Hz	FALSE	incomplete_reference_inventory	SYNTHETIC_TEACHING_FIXTURE
REQ_SYN_SEG_0593_f3	SYN_SEG_0593	SYN_SEG_SPK_17	training	a	f3	2446.754	log_hz			7.8025175271263	log_Hz	FALSE	incomplete_reference_inventory	SYNTHETIC_TEACHING_FIXTURE
REQ_SYN_SEG_0593_f3	SYN_SEG_0593	SYN_SEG_SPK_17	training	a	f3	2446.754	within_speaker_z				z	FALSE	incomplete_reference_inventory	SYNTHETIC_TEACHING_FIXTURE
REQ_SYN_SEG_0593_f3	SYN_SEG_0593	SYN_SEG_SPK_17	training	a	f3	2446.754	f3_reference_scaling				Hz	FALSE	incomplete_reference_inventory	SYNTHETIC_TEACHING_FIXTURE
REQ_SYN_SEG_0594_f1	SYN_SEG_0594	SYN_SEG_SPK_17	training	a	f1	800.033	raw_hz			800.033	Hz	FALSE	incomplete_reference_inventory	SYNTHETIC_TEACHING_FIXTURE
REQ_SYN_SEG_0594_f1	SYN_SEG_0594	SYN_SEG_SPK_17	training	a	f1	800.033	log_hz			6.68465297681717	log_Hz	FALSE	incomplete_reference_inventory	SYNTHETIC_TEACHING_FIXTURE
REQ_SYN_SEG_0594_f1	SYN_SEG_0594	SYN_SEG_SPK_17	training	a	f1	800.033	within_speaker_z				z	FALSE	incomplete_reference_inventory	SYNTHETIC_TEACHING_FIXTURE
REQ_SYN_SEG_0594_f1	SYN_SEG_0594	SYN_SEG_SPK_17	training	a	f1	800.033	f3_reference_scaling				Hz	FALSE	incomplete_reference_inventory	SYNTHETIC_TEACHING_FIXTURE
REQ_SYN_SEG_0594_f2	SYN_SEG_0594	SYN_SEG_SPK_17	training	a	f2	1095.302	raw_hz			1095.302	Hz	FALSE	incomplete_reference_inventory	SYNTHETIC_TEACHING_FIXTURE
REQ_SYN_SEG_0594_f2	SYN_SEG_0594	SYN_SEG_SPK_17	training	a	f2	1095.302	log_hz			6.99878540331178	log_Hz	FALSE	incomplete_reference_inventory	SYNTHETIC_TEACHING_FIXTURE
REQ_SYN_SEG_0594_f2	SYN_SEG_0594	SYN_SEG_SPK_17	training	a	f2	1095.302	within_speaker_z				z	FALSE	incomplete_reference_inventory	SYNTHETIC_TEACHING_FIXTURE
REQ_SYN_SEG_0594_f2	SYN_SEG_0594	SYN_SEG_SPK_17	training	a	f2	1095.302	f3_reference_scaling				Hz	FALSE	incomplete_reference_inventory	SYNTHETIC_TEACHING_FIXTURE
REQ_SYN_SEG_0594_f3	SYN_SEG_0594	SYN_SEG_SPK_17	training	a	f3	2488.93	raw_hz			2488.93	Hz	FALSE	incomplete_reference_inventory	SYNTHETIC_TEACHING_FIXTURE
REQ_SYN_SEG_0594_f3	SYN_SEG_0594	SYN_SEG_SPK_17	training	a	f3	2488.93	log_hz			7.81960817822764	log_Hz	FALSE	incomplete_reference_inventory	SYNTHETIC_TEACHING_FIXTURE
REQ_SYN_SEG_0594_f3	SYN_SEG_0594	SYN_SEG_SPK_17	training	a	f3	2488.93	within_speaker_z				z	FALSE	incomplete_reference_inventory	SYNTHETIC_TEACHING_FIXTURE
REQ_SYN_SEG_0594_f3	SYN_SEG_0594	SYN_SEG_SPK_17	training	a	f3	2488.93	f3_reference_scaling				Hz	FALSE	incomplete_reference_inventory	SYNTHETIC_TEACHING_FIXTURE
REQ_SYN_SEG_0595_f1	SYN_SEG_0595	SYN_SEG_SPK_17	training	i	f1	282.207	raw_hz			282.207	Hz	FALSE	incomplete_reference_inventory	SYNTHETIC_TEACHING_FIXTURE
REQ_SYN_SEG_0595_f1	SYN_SEG_0595	SYN_SEG_SPK_17	training	i	f1	282.207	log_hz			5.64264084421384	log_Hz	FALSE	incomplete_reference_inventory	SYNTHETIC_TEACHING_FIXTURE
REQ_SYN_SEG_0595_f1	SYN_SEG_0595	SYN_SEG_SPK_17	training	i	f1	282.207	within_speaker_z				z	FALSE	incomplete_reference_inventory	SYNTHETIC_TEACHING_FIXTURE
REQ_SYN_SEG_0595_f1	SYN_SEG_0595	SYN_SEG_SPK_17	training	i	f1	282.207	f3_reference_scaling				Hz	FALSE	incomplete_reference_inventory	SYNTHETIC_TEACHING_FIXTURE
REQ_SYN_SEG_0595_f2	SYN_SEG_0595	SYN_SEG_SPK_17	training	i	f2	2345.586	raw_hz			2345.586	Hz	FALSE	incomplete_reference_inventory	SYNTHETIC_TEACHING_FIXTURE
REQ_SYN_SEG_0595_f2	SYN_SEG_0595	SYN_SEG_SPK_17	training	i	f2	2345.586	log_hz			7.76029054305242	log_Hz	FALSE	incomplete_reference_inventory	SYNTHETIC_TEACHING_FIXTURE
REQ_SYN_SEG_0595_f2	SYN_SEG_0595	SYN_SEG_SPK_17	training	i	f2	2345.586	within_speaker_z				z	FALSE	incomplete_reference_inventory	SYNTHETIC_TEACHING_FIXTURE
REQ_SYN_SEG_0595_f2	SYN_SEG_0595	SYN_SEG_SPK_17	training	i	f2	2345.586	f3_reference_scaling				Hz	FALSE	incomplete_reference_inventory	SYNTHETIC_TEACHING_FIXTURE
REQ_SYN_SEG_0595_f3	SYN_SEG_0595	SYN_SEG_SPK_17	training	i	f3	3049.579	raw_hz			3049.579	Hz	FALSE	incomplete_reference_inventory	SYNTHETIC_TEACHING_FIXTURE
REQ_SYN_SEG_0595_f3	SYN_SEG_0595	SYN_SEG_SPK_17	training	i	f3	3049.579	log_hz			8.02275882728717	log_Hz	FALSE	incomplete_reference_inventory	SYNTHETIC_TEACHING_FIXTURE
REQ_SYN_SEG_0595_f3	SYN_SEG_0595	SYN_SEG_SPK_17	training	i	f3	3049.579	within_speaker_z				z	FALSE	incomplete_reference_inventory	SYNTHETIC_TEACHING_FIXTURE
REQ_SYN_SEG_0595_f3	SYN_SEG_0595	SYN_SEG_SPK_17	training	i	f3	3049.579	f3_reference_scaling				Hz	FALSE	incomplete_reference_inventory	SYNTHETIC_TEACHING_FIXTURE
REQ_SYN_SEG_0596_f1	SYN_SEG_0596	SYN_SEG_SPK_17	training	a	f1	737.964	raw_hz			737.964	Hz	FALSE	incomplete_reference_inventory	SYNTHETIC_TEACHING_FIXTURE
REQ_SYN_SEG_0596_f1	SYN_SEG_0596	SYN_SEG_SPK_17	training	a	f1	737.964	log_hz			6.60389504292286	log_Hz	FALSE	incomplete_reference_inventory	SYNTHETIC_TEACHING_FIXTURE
REQ_SYN_SEG_0596_f1	SYN_SEG_0596	SYN_SEG_SPK_17	training	a	f1	737.964	within_speaker_z				z	FALSE	incomplete_reference_inventory	SYNTHETIC_TEACHING_FIXTURE
REQ_SYN_SEG_0596_f1	SYN_SEG_0596	SYN_SEG_SPK_17	training	a	f1	737.964	f3_reference_scaling				Hz	FALSE	incomplete_reference_inventory	SYNTHETIC_TEACHING_FIXTURE
REQ_SYN_SEG_0596_f2	SYN_SEG_0596	SYN_SEG_SPK_17	training	a	f2	1208.207	raw_hz			1208.207	Hz	FALSE	incomplete_reference_inventory	SYNTHETIC_TEACHING_FIXTURE
REQ_SYN_SEG_0596_f2	SYN_SEG_0596	SYN_SEG_SPK_17	training	a	f2	1208.207	log_hz			7.09689272143062	log_Hz	FALSE	incomplete_reference_inventory	SYNTHETIC_TEACHING_FIXTURE
REQ_SYN_SEG_0596_f2	SYN_SEG_0596	SYN_SEG_SPK_17	training	a	f2	1208.207	within_speaker_z				z	FALSE	incomplete_reference_inventory	SYNTHETIC_TEACHING_FIXTURE
REQ_SYN_SEG_0596_f2	SYN_SEG_0596	SYN_SEG_SPK_17	training	a	f2	1208.207	f3_reference_scaling				Hz	FALSE	incomplete_reference_inventory	SYNTHETIC_TEACHING_FIXTURE
REQ_SYN_SEG_0596_f3	SYN_SEG_0596	SYN_SEG_SPK_17	training	a	f3	2490.759	raw_hz			2490.759	Hz	FALSE	incomplete_reference_inventory	SYNTHETIC_TEACHING_FIXTURE
REQ_SYN_SEG_0596_f3	SYN_SEG_0596	SYN_SEG_SPK_17	training	a	f3	2490.759	log_hz			7.8203427622879	log_Hz	FALSE	incomplete_reference_inventory	SYNTHETIC_TEACHING_FIXTURE
REQ_SYN_SEG_0596_f3	SYN_SEG_0596	SYN_SEG_SPK_17	training	a	f3	2490.759	within_speaker_z				z	FALSE	incomplete_reference_inventory	SYNTHETIC_TEACHING_FIXTURE
REQ_SYN_SEG_0596_f3	SYN_SEG_0596	SYN_SEG_SPK_17	training	a	f3	2490.759	f3_reference_scaling				Hz	FALSE	incomplete_reference_inventory	SYNTHETIC_TEACHING_FIXTURE
REQ_SYN_SEG_0597_f1	SYN_SEG_0597	SYN_SEG_SPK_17	training	a	f1	771.91	raw_hz			771.91	Hz	FALSE	incomplete_reference_inventory	SYNTHETIC_TEACHING_FIXTURE
REQ_SYN_SEG_0597_f1	SYN_SEG_0597	SYN_SEG_SPK_17	training	a	f1	771.91	log_hz			6.64886796291788	log_Hz	FALSE	incomplete_reference_inventory	SYNTHETIC_TEACHING_FIXTURE
REQ_SYN_SEG_0597_f1	SYN_SEG_0597	SYN_SEG_SPK_17	training	a	f1	771.91	within_speaker_z				z	FALSE	incomplete_reference_inventory	SYNTHETIC_TEACHING_FIXTURE
REQ_SYN_SEG_0597_f1	SYN_SEG_0597	SYN_SEG_SPK_17	training	a	f1	771.91	f3_reference_scaling				Hz	FALSE	incomplete_reference_inventory	SYNTHETIC_TEACHING_FIXTURE
REQ_SYN_SEG_0597_f2	SYN_SEG_0597	SYN_SEG_SPK_17	training	a	f2	1134.099	raw_hz			1134.099	Hz	FALSE	incomplete_reference_inventory	SYNTHETIC_TEACHING_FIXTURE
REQ_SYN_SEG_0597_f2	SYN_SEG_0597	SYN_SEG_SPK_17	training	a	f2	1134.099	log_hz			7.03359378206444	log_Hz	FALSE	incomplete_reference_inventory	SYNTHETIC_TEACHING_FIXTURE
REQ_SYN_SEG_0597_f2	SYN_SEG_0597	SYN_SEG_SPK_17	training	a	f2	1134.099	within_speaker_z				z	FALSE	incomplete_reference_inventory	SYNTHETIC_TEACHING_FIXTURE
REQ_SYN_SEG_0597_f2	SYN_SEG_0597	SYN_SEG_SPK_17	training	a	f2	1134.099	f3_reference_scaling				Hz	FALSE	incomplete_reference_inventory	SYNTHETIC_TEACHING_FIXTURE
REQ_SYN_SEG_0597_f3	SYN_SEG_0597	SYN_SEG_SPK_17	training	a	f3	2431.799	raw_hz			2431.799	Hz	FALSE	incomplete_reference_inventory	SYNTHETIC_TEACHING_FIXTURE
REQ_SYN_SEG_0597_f3	SYN_SEG_0597	SYN_SEG_SPK_17	training	a	f3	2431.799	log_hz			7.79638659164421	log_Hz	FALSE	incomplete_reference_inventory	SYNTHETIC_TEACHING_FIXTURE
REQ_SYN_SEG_0597_f3	SYN_SEG_0597	SYN_SEG_SPK_17	training	a	f3	2431.799	within_speaker_z				z	FALSE	incomplete_reference_inventory	SYNTHETIC_TEACHING_FIXTURE
REQ_SYN_SEG_0597_f3	SYN_SEG_0597	SYN_SEG_SPK_17	training	a	f3	2431.799	f3_reference_scaling				Hz	FALSE	incomplete_reference_inventory	SYNTHETIC_TEACHING_FIXTURE
REQ_SYN_SEG_0598_f1	SYN_SEG_0598	SYN_SEG_SPK_17	training	i	f1	325.167	raw_hz			325.167	Hz	FALSE	incomplete_reference_inventory	SYNTHETIC_TEACHING_FIXTURE
REQ_SYN_SEG_0598_f1	SYN_SEG_0598	SYN_SEG_SPK_17	training	i	f1	325.167	log_hz			5.78433889650986	log_Hz	FALSE	incomplete_reference_inventory	SYNTHETIC_TEACHING_FIXTURE
REQ_SYN_SEG_0598_f1	SYN_SEG_0598	SYN_SEG_SPK_17	training	i	f1	325.167	within_speaker_z				z	FALSE	incomplete_reference_inventory	SYNTHETIC_TEACHING_FIXTURE
REQ_SYN_SEG_0598_f1	SYN_SEG_0598	SYN_SEG_SPK_17	training	i	f1	325.167	f3_reference_scaling				Hz	FALSE	incomplete_reference_inventory	SYNTHETIC_TEACHING_FIXTURE
REQ_SYN_SEG_0598_f2	SYN_SEG_0598	SYN_SEG_SPK_17	training	i	f2	2211.642	raw_hz			2211.642	Hz	FALSE	incomplete_reference_inventory	SYNTHETIC_TEACHING_FIXTURE
REQ_SYN_SEG_0598_f2	SYN_SEG_0598	SYN_SEG_SPK_17	training	i	f2	2211.642	log_hz			7.70149050505936	log_Hz	FALSE	incomplete_reference_inventory	SYNTHETIC_TEACHING_FIXTURE
REQ_SYN_SEG_0598_f2	SYN_SEG_0598	SYN_SEG_SPK_17	training	i	f2	2211.642	within_speaker_z				z	FALSE	incomplete_reference_inventory	SYNTHETIC_TEACHING_FIXTURE
REQ_SYN_SEG_0598_f2	SYN_SEG_0598	SYN_SEG_SPK_17	training	i	f2	2211.642	f3_reference_scaling				Hz	FALSE	incomplete_reference_inventory	SYNTHETIC_TEACHING_FIXTURE
REQ_SYN_SEG_0598_f3	SYN_SEG_0598	SYN_SEG_SPK_17	training	i	f3	2873.858	raw_hz			2873.858	Hz	FALSE	incomplete_reference_inventory	SYNTHETIC_TEACHING_FIXTURE
REQ_SYN_SEG_0598_f3	SYN_SEG_0598	SYN_SEG_SPK_17	training	i	f3	2873.858	log_hz			7.96341065692842	log_Hz	FALSE	incomplete_reference_inventory	SYNTHETIC_TEACHING_FIXTURE
REQ_SYN_SEG_0598_f3	SYN_SEG_0598	SYN_SEG_SPK_17	training	i	f3	2873.858	within_speaker_z				z	FALSE	incomplete_reference_inventory	SYNTHETIC_TEACHING_FIXTURE
REQ_SYN_SEG_0598_f3	SYN_SEG_0598	SYN_SEG_SPK_17	training	i	f3	2873.858	f3_reference_scaling				Hz	FALSE	incomplete_reference_inventory	SYNTHETIC_TEACHING_FIXTURE
REQ_SYN_SEG_0599_f1	SYN_SEG_0599	SYN_SEG_SPK_17	training	a	f1	731.048	raw_hz			731.048	Hz	FALSE	incomplete_reference_inventory	SYNTHETIC_TEACHING_FIXTURE
REQ_SYN_SEG_0599_f1	SYN_SEG_0599	SYN_SEG_SPK_17	training	a	f1	731.048	log_hz			6.59447912106872	log_Hz	FALSE	incomplete_reference_inventory	SYNTHETIC_TEACHING_FIXTURE
REQ_SYN_SEG_0599_f1	SYN_SEG_0599	SYN_SEG_SPK_17	training	a	f1	731.048	within_speaker_z				z	FALSE	incomplete_reference_inventory	SYNTHETIC_TEACHING_FIXTURE
REQ_SYN_SEG_0599_f1	SYN_SEG_0599	SYN_SEG_SPK_17	training	a	f1	731.048	f3_reference_scaling				Hz	FALSE	incomplete_reference_inventory	SYNTHETIC_TEACHING_FIXTURE
REQ_SYN_SEG_0599_f2	SYN_SEG_0599	SYN_SEG_SPK_17	training	a	f2	1195.485	raw_hz			1195.485	Hz	FALSE	incomplete_reference_inventory	SYNTHETIC_TEACHING_FIXTURE
REQ_SYN_SEG_0599_f2	SYN_SEG_0599	SYN_SEG_SPK_17	training	a	f2	1195.485	log_hz			7.08630723976822	log_Hz	FALSE	incomplete_reference_inventory	SYNTHETIC_TEACHING_FIXTURE
REQ_SYN_SEG_0599_f2	SYN_SEG_0599	SYN_SEG_SPK_17	training	a	f2	1195.485	within_speaker_z				z	FALSE	incomplete_reference_inventory	SYNTHETIC_TEACHING_FIXTURE
REQ_SYN_SEG_0599_f2	SYN_SEG_0599	SYN_SEG_SPK_17	training	a	f2	1195.485	f3_reference_scaling				Hz	FALSE	incomplete_reference_inventory	SYNTHETIC_TEACHING_FIXTURE
REQ_SYN_SEG_0599_f3	SYN_SEG_0599	SYN_SEG_SPK_17	training	a	f3	2504.63	raw_hz			2504.63	Hz	FALSE	incomplete_reference_inventory	SYNTHETIC_TEACHING_FIXTURE
REQ_SYN_SEG_0599_f3	SYN_SEG_0599	SYN_SEG_SPK_17	training	a	f3	2504.63	log_hz			7.82589629801875	log_Hz	FALSE	incomplete_reference_inventory	SYNTHETIC_TEACHING_FIXTURE
REQ_SYN_SEG_0599_f3	SYN_SEG_0599	SYN_SEG_SPK_17	training	a	f3	2504.63	within_speaker_z				z	FALSE	incomplete_reference_inventory	SYNTHETIC_TEACHING_FIXTURE
REQ_SYN_SEG_0599_f3	SYN_SEG_0599	SYN_SEG_SPK_17	training	a	f3	2504.63	f3_reference_scaling				Hz	FALSE	incomplete_reference_inventory	SYNTHETIC_TEACHING_FIXTURE
REQ_SYN_SEG_0600_f1	SYN_SEG_0600	SYN_SEG_SPK_17	training	a	f1	736.045	raw_hz			736.045	Hz	FALSE	incomplete_reference_inventory	SYNTHETIC_TEACHING_FIXTURE
REQ_SYN_SEG_0600_f1	SYN_SEG_0600	SYN_SEG_SPK_17	training	a	f1	736.045	log_hz			6.60129125816417	log_Hz	FALSE	incomplete_reference_inventory	SYNTHETIC_TEACHING_FIXTURE
REQ_SYN_SEG_0600_f1	SYN_SEG_0600	SYN_SEG_SPK_17	training	a	f1	736.045	within_speaker_z				z	FALSE	incomplete_reference_inventory	SYNTHETIC_TEACHING_FIXTURE
REQ_SYN_SEG_0600_f1	SYN_SEG_0600	SYN_SEG_SPK_17	training	a	f1	736.045	f3_reference_scaling				Hz	FALSE	incomplete_reference_inventory	SYNTHETIC_TEACHING_FIXTURE
REQ_SYN_SEG_0600_f2	SYN_SEG_0600	SYN_SEG_SPK_17	training	a	f2	1305.826	raw_hz			1305.826	Hz	FALSE	incomplete_reference_inventory	SYNTHETIC_TEACHING_FIXTURE
REQ_SYN_SEG_0600_f2	SYN_SEG_0600	SYN_SEG_SPK_17	training	a	f2	1305.826	log_hz			7.17459106971988	log_Hz	FALSE	incomplete_reference_inventory	SYNTHETIC_TEACHING_FIXTURE
REQ_SYN_SEG_0600_f2	SYN_SEG_0600	SYN_SEG_SPK_17	training	a	f2	1305.826	within_speaker_z				z	FALSE	incomplete_reference_inventory	SYNTHETIC_TEACHING_FIXTURE
REQ_SYN_SEG_0600_f2	SYN_SEG_0600	SYN_SEG_SPK_17	training	a	f2	1305.826	f3_reference_scaling				Hz	FALSE	incomplete_reference_inventory	SYNTHETIC_TEACHING_FIXTURE
REQ_SYN_SEG_0600_f3	SYN_SEG_0600	SYN_SEG_SPK_17	training	a	f3	2446.581	raw_hz			2446.581	Hz	FALSE	incomplete_reference_inventory	SYNTHETIC_TEACHING_FIXTURE
REQ_SYN_SEG_0600_f3	SYN_SEG_0600	SYN_SEG_SPK_17	training	a	f3	2446.581	log_hz			7.80244681870348	log_Hz	FALSE	incomplete_reference_inventory	SYNTHETIC_TEACHING_FIXTURE
REQ_SYN_SEG_0600_f3	SYN_SEG_0600	SYN_SEG_SPK_17	training	a	f3	2446.581	within_speaker_z				z	FALSE	incomplete_reference_inventory	SYNTHETIC_TEACHING_FIXTURE
REQ_SYN_SEG_0600_f3	SYN_SEG_0600	SYN_SEG_SPK_17	training	a	f3	2446.581	f3_reference_scaling				Hz	FALSE	incomplete_reference_inventory	SYNTHETIC_TEACHING_FIXTURE
REQ_SYN_SEG_0625_f1	SYN_SEG_0625	SYN_SEG_SPK_18	training	i	f1	282.067	raw_hz			282.067	Hz	TRUE	eligible_complete_training_inventory	SYNTHETIC_TEACHING_FIXTURE
REQ_SYN_SEG_0625_f1	SYN_SEG_0625	SYN_SEG_SPK_18	training	i	f1	282.067	log_hz			5.64214463137088	log_Hz	TRUE	eligible_complete_training_inventory	SYNTHETIC_TEACHING_FIXTURE
REQ_SYN_SEG_0625_f1	SYN_SEG_0625	SYN_SEG_SPK_18	training	i	f1	282.067	within_speaker_z	419.770666666667	195.295717984214	-0.705103358578488	z	TRUE	eligible_complete_training_inventory	SYNTHETIC_TEACHING_FIXTURE
REQ_SYN_SEG_0625_f1	SYN_SEG_0625	SYN_SEG_SPK_18	training	i	f1	282.067	f3_reference_scaling		2190.4595	332.785206806152	Hz	TRUE	eligible_complete_training_inventory	SYNTHETIC_TEACHING_FIXTURE
REQ_SYN_SEG_0625_f2	SYN_SEG_0625	SYN_SEG_SPK_18	training	i	f2	2089.994	raw_hz			2089.994	Hz	TRUE	eligible_complete_training_inventory	SYNTHETIC_TEACHING_FIXTURE
REQ_SYN_SEG_0625_f2	SYN_SEG_0625	SYN_SEG_SPK_18	training	i	f2	2089.994	log_hz			7.64491647414134	log_Hz	TRUE	eligible_complete_training_inventory	SYNTHETIC_TEACHING_FIXTURE
REQ_SYN_SEG_0625_f2	SYN_SEG_0625	SYN_SEG_SPK_18	training	i	f2	2089.994	within_speaker_z	1304.63491666667	540.229268066549	1.45375145286758	z	TRUE	eligible_complete_training_inventory	SYNTHETIC_TEACHING_FIXTURE
REQ_SYN_SEG_0625_f2	SYN_SEG_0625	SYN_SEG_SPK_18	training	i	f2	2089.994	f3_reference_scaling		2190.4595	2465.79389121598	Hz	TRUE	eligible_complete_training_inventory	SYNTHETIC_TEACHING_FIXTURE
REQ_SYN_SEG_0625_f3	SYN_SEG_0625	SYN_SEG_SPK_18	training	i	f3	2678.794	raw_hz			2678.794	Hz	TRUE	eligible_complete_training_inventory	SYNTHETIC_TEACHING_FIXTURE
REQ_SYN_SEG_0625_f3	SYN_SEG_0625	SYN_SEG_SPK_18	training	i	f3	2678.794	log_hz			7.89312197222452	log_Hz	TRUE	eligible_complete_training_inventory	SYNTHETIC_TEACHING_FIXTURE
REQ_SYN_SEG_0625_f3	SYN_SEG_0625	SYN_SEG_SPK_18	training	i	f3	2678.794	within_speaker_z	2288.45825	322.733529995124	1.20946760631254	z	TRUE	eligible_complete_training_inventory	SYNTHETIC_TEACHING_FIXTURE
REQ_SYN_SEG_0625_f3	SYN_SEG_0625	SYN_SEG_SPK_18	training	i	f3	2678.794	f3_reference_scaling		2190.4595	3160.46547551142	Hz	TRUE	eligible_complete_training_inventory	SYNTHETIC_TEACHING_FIXTURE
REQ_SYN_SEG_0626_f1	SYN_SEG_0626	SYN_SEG_SPK_18	training	a	f1	676.005	raw_hz			676.005	Hz	TRUE	eligible_complete_training_inventory	SYNTHETIC_TEACHING_FIXTURE
REQ_SYN_SEG_0626_f1	SYN_SEG_0626	SYN_SEG_SPK_18	training	a	f1	676.005	log_hz			6.51620047246531	log_Hz	TRUE	eligible_complete_training_inventory	SYNTHETIC_TEACHING_FIXTURE
REQ_SYN_SEG_0626_f1	SYN_SEG_0626	SYN_SEG_SPK_18	training	a	f1	676.005	within_speaker_z	419.770666666667	195.295717984214	1.31203252164517	z	TRUE	eligible_complete_training_inventory	SYNTHETIC_TEACHING_FIXTURE
REQ_SYN_SEG_0626_f1	SYN_SEG_0626	SYN_SEG_SPK_18	training	a	f1	676.005	f3_reference_scaling		2190.4595	797.556834819361	Hz	TRUE	eligible_complete_training_inventory	SYNTHETIC_TEACHING_FIXTURE
REQ_SYN_SEG_0626_f2	SYN_SEG_0626	SYN_SEG_SPK_18	training	a	f2	1151.303	raw_hz			1151.303	Hz	TRUE	eligible_complete_training_inventory	SYNTHETIC_TEACHING_FIXTURE
REQ_SYN_SEG_0626_f2	SYN_SEG_0626	SYN_SEG_SPK_18	training	a	f2	1151.303	log_hz			7.04864962342625	log_Hz	TRUE	eligible_complete_training_inventory	SYNTHETIC_TEACHING_FIXTURE
REQ_SYN_SEG_0626_f2	SYN_SEG_0626	SYN_SEG_SPK_18	training	a	f2	1151.303	within_speaker_z	1304.63491666667	540.229268066549	-0.283827489050034	z	TRUE	eligible_complete_training_inventory	SYNTHETIC_TEACHING_FIXTURE
REQ_SYN_SEG_0626_f2	SYN_SEG_0626	SYN_SEG_SPK_18	training	a	f2	1151.303	f3_reference_scaling		2190.4595	1358.31772930383	Hz	TRUE	eligible_complete_training_inventory	SYNTHETIC_TEACHING_FIXTURE
REQ_SYN_SEG_0626_f3	SYN_SEG_0626	SYN_SEG_SPK_18	training	a	f3	2237.66	raw_hz			2237.66	Hz	TRUE	eligible_complete_training_inventory	SYNTHETIC_TEACHING_FIXTURE
REQ_SYN_SEG_0626_f3	SYN_SEG_0626	SYN_SEG_SPK_18	training	a	f3	2237.66	log_hz			7.7131859559723	log_Hz	TRUE	eligible_complete_training_inventory	SYNTHETIC_TEACHING_FIXTURE
REQ_SYN_SEG_0626_f3	SYN_SEG_0626	SYN_SEG_SPK_18	training	a	f3	2237.66	within_speaker_z	2288.45825	322.733529995124	-0.157399976385372	z	TRUE	eligible_complete_training_inventory	SYNTHETIC_TEACHING_FIXTURE
REQ_SYN_SEG_0626_f3	SYN_SEG_0626	SYN_SEG_SPK_18	training	a	f3	2237.66	f3_reference_scaling		2190.4595	2640.01157831953	Hz	TRUE	eligible_complete_training_inventory	SYNTHETIC_TEACHING_FIXTURE
REQ_SYN_SEG_0627_f1	SYN_SEG_0627	SYN_SEG_SPK_18	training	u	f1	309.532	raw_hz			309.532	Hz	TRUE	eligible_complete_training_inventory	SYNTHETIC_TEACHING_FIXTURE
REQ_SYN_SEG_0627_f1	SYN_SEG_0627	SYN_SEG_SPK_18	training	u	f1	309.532	log_hz			5.73506147934867	log_Hz	TRUE	eligible_complete_training_inventory	SYNTHETIC_TEACHING_FIXTURE
REQ_SYN_SEG_0627_f1	SYN_SEG_0627	SYN_SEG_SPK_18	training	u	f1	309.532	within_speaker_z	419.770666666667	195.295717984214	-0.564470474849722	z	TRUE	eligible_complete_training_inventory	SYNTHETIC_TEACHING_FIXTURE
REQ_SYN_SEG_0627_f1	SYN_SEG_0627	SYN_SEG_SPK_18	training	u	f1	309.532	f3_reference_scaling		2190.4595	365.188663094661	Hz	TRUE	eligible_complete_training_inventory	SYNTHETIC_TEACHING_FIXTURE
REQ_SYN_SEG_0627_f2	SYN_SEG_0627	SYN_SEG_SPK_18	training	u	f2	756.738	raw_hz			756.738	Hz	TRUE	eligible_complete_training_inventory	SYNTHETIC_TEACHING_FIXTURE
REQ_SYN_SEG_0627_f2	SYN_SEG_0627	SYN_SEG_SPK_18	training	u	f2	756.738	log_hz			6.62901709049166	log_Hz	TRUE	eligible_complete_training_inventory	SYNTHETIC_TEACHING_FIXTURE
REQ_SYN_SEG_0627_f2	SYN_SEG_0627	SYN_SEG_SPK_18	training	u	f2	756.738	within_speaker_z	1304.63491666667	540.229268066549	-1.01419332319324	z	TRUE	eligible_complete_training_inventory	SYNTHETIC_TEACHING_FIXTURE
REQ_SYN_SEG_0627_f2	SYN_SEG_0627	SYN_SEG_SPK_18	training	u	f2	756.738	f3_reference_scaling		2190.4595	892.806360999599	Hz	TRUE	eligible_complete_training_inventory	SYNTHETIC_TEACHING_FIXTURE
REQ_SYN_SEG_0627_f3	SYN_SEG_0627	SYN_SEG_SPK_18	training	u	f3	2076.052	raw_hz			2076.052	Hz	TRUE	eligible_complete_training_inventory	SYNTHETIC_TEACHING_FIXTURE
REQ_SYN_SEG_0627_f3	SYN_SEG_0627	SYN_SEG_SPK_18	training	u	f3	2076.052	log_hz			7.63822329214164	log_Hz	TRUE	eligible_complete_training_inventory	SYNTHETIC_TEACHING_FIXTURE
REQ_SYN_SEG_0627_f3	SYN_SEG_0627	SYN_SEG_SPK_18	training	u	f3	2076.052	within_speaker_z	2288.45825	322.733529995124	-0.658147450632753	z	TRUE	eligible_complete_training_inventory	SYNTHETIC_TEACHING_FIXTURE
REQ_SYN_SEG_0627_f3	SYN_SEG_0627	SYN_SEG_SPK_18	training	u	f3	2076.052	f3_reference_scaling		2190.4595	2449.34499307018	Hz	TRUE	eligible_complete_training_inventory	SYNTHETIC_TEACHING_FIXTURE
REQ_SYN_SEG_0628_f1	SYN_SEG_0628	SYN_SEG_SPK_18	training	i	f1	285.107	raw_hz			285.107	Hz	TRUE	eligible_complete_training_inventory	SYNTHETIC_TEACHING_FIXTURE
REQ_SYN_SEG_0628_f1	SYN_SEG_0628	SYN_SEG_SPK_18	training	i	f1	285.107	log_hz			5.65286454840571	log_Hz	TRUE	eligible_complete_training_inventory	SYNTHETIC_TEACHING_FIXTURE
REQ_SYN_SEG_0628_f1	SYN_SEG_0628	SYN_SEG_SPK_18	training	i	f1	285.107	within_speaker_z	419.770666666667	195.295717984214	-0.689537221074922	z	TRUE	eligible_complete_training_inventory	SYNTHETIC_TEACHING_FIXTURE
REQ_SYN_SEG_0628_f1	SYN_SEG_0628	SYN_SEG_SPK_18	training	i	f1	285.107	f3_reference_scaling		2190.4595	336.371826398982	Hz	TRUE	eligible_complete_training_inventory	SYNTHETIC_TEACHING_FIXTURE
REQ_SYN_SEG_0628_f2	SYN_SEG_0628	SYN_SEG_SPK_18	training	i	f2	2028.545	raw_hz			2028.545	Hz	TRUE	eligible_complete_training_inventory	SYNTHETIC_TEACHING_FIXTURE
REQ_SYN_SEG_0628_f2	SYN_SEG_0628	SYN_SEG_SPK_18	training	i	f2	2028.545	log_hz			7.61507406628016	log_Hz	TRUE	eligible_complete_training_inventory	SYNTHETIC_TEACHING_FIXTURE
REQ_SYN_SEG_0628_f2	SYN_SEG_0628	SYN_SEG_SPK_18	training	i	f2	2028.545	within_speaker_z	1304.63491666667	540.229268066549	1.34000530168269	z	TRUE	eligible_complete_training_inventory	SYNTHETIC_TEACHING_FIXTURE
REQ_SYN_SEG_0628_f2	SYN_SEG_0628	SYN_SEG_SPK_18	training	i	f2	2028.545	f3_reference_scaling		2190.4595	2393.29580326868	Hz	TRUE	eligible_complete_training_inventory	SYNTHETIC_TEACHING_FIXTURE
REQ_SYN_SEG_0628_f3	SYN_SEG_0628	SYN_SEG_SPK_18	training	i	f3	2709.142	raw_hz			2709.142	Hz	TRUE	eligible_complete_training_inventory	SYNTHETIC_TEACHING_FIXTURE
REQ_SYN_SEG_0628_f3	SYN_SEG_0628	SYN_SEG_SPK_18	training	i	f3	2709.142	log_hz			7.9043872585777	log_Hz	TRUE	eligible_complete_training_inventory	SYNTHETIC_TEACHING_FIXTURE
REQ_SYN_SEG_0628_f3	SYN_SEG_0628	SYN_SEG_SPK_18	training	i	f3	2709.142	within_speaker_z	2288.45825	322.733529995124	1.30350183944741	z	TRUE	eligible_complete_training_inventory	SYNTHETIC_TEACHING_FIXTURE
REQ_SYN_SEG_0628_f3	SYN_SEG_0628	SYN_SEG_SPK_18	training	i	f3	2709.142	f3_reference_scaling		2190.4595	3196.27032136773	Hz	TRUE	eligible_complete_training_inventory	SYNTHETIC_TEACHING_FIXTURE
REQ_SYN_SEG_0629_f1	SYN_SEG_0629	SYN_SEG_SPK_18	training	a	f1	674.513	raw_hz			674.513	Hz	TRUE	eligible_complete_training_inventory	SYNTHETIC_TEACHING_FIXTURE
REQ_SYN_SEG_0629_f1	SYN_SEG_0629	SYN_SEG_SPK_18	training	a	f1	674.513	log_hz			6.51399094899803	log_Hz	TRUE	eligible_complete_training_inventory	SYNTHETIC_TEACHING_FIXTURE
REQ_SYN_SEG_0629_f1	SYN_SEG_0629	SYN_SEG_SPK_18	training	a	f1	674.513	within_speaker_z	419.770666666667	195.295717984214	1.3043928252125	z	TRUE	eligible_complete_training_inventory	SYNTHETIC_TEACHING_FIXTURE
REQ_SYN_SEG_0629_f1	SYN_SEG_0629	SYN_SEG_SPK_18	training	a	f1	674.513	f3_reference_scaling		2190.4595	795.796559677091	Hz	TRUE	eligible_complete_training_inventory	SYNTHETIC_TEACHING_FIXTURE
REQ_SYN_SEG_0629_f2	SYN_SEG_0629	SYN_SEG_SPK_18	training	a	f2	1151.187	raw_hz			1151.187	Hz	TRUE	eligible_complete_training_inventory	SYNTHETIC_TEACHING_FIXTURE
REQ_SYN_SEG_0629_f2	SYN_SEG_0629	SYN_SEG_SPK_18	training	a	f2	1151.187	log_hz			7.04854886294512	log_Hz	TRUE	eligible_complete_training_inventory	SYNTHETIC_TEACHING_FIXTURE
REQ_SYN_SEG_0629_f2	SYN_SEG_0629	SYN_SEG_SPK_18	training	a	f2	1151.187	within_speaker_z	1304.63491666667	540.229268066549	-0.284042212699524	z	TRUE	eligible_complete_training_inventory	SYNTHETIC_TEACHING_FIXTURE
REQ_SYN_SEG_0629_f2	SYN_SEG_0629	SYN_SEG_SPK_18	training	a	f2	1151.187	f3_reference_scaling		2190.4595	1358.18087145094	Hz	TRUE	eligible_complete_training_inventory	SYNTHETIC_TEACHING_FIXTURE
REQ_SYN_SEG_0629_f3	SYN_SEG_0629	SYN_SEG_SPK_18	training	a	f3	2143.259	raw_hz			2143.259	Hz	TRUE	eligible_complete_training_inventory	SYNTHETIC_TEACHING_FIXTURE
REQ_SYN_SEG_0629_f3	SYN_SEG_0629	SYN_SEG_SPK_18	training	a	f3	2143.259	log_hz			7.67008284678019	log_Hz	TRUE	eligible_complete_training_inventory	SYNTHETIC_TEACHING_FIXTURE
REQ_SYN_SEG_0629_f3	SYN_SEG_0629	SYN_SEG_SPK_18	training	a	f3	2143.259	within_speaker_z	2288.45825	322.733529995124	-0.449904445943977	z	TRUE	eligible_complete_training_inventory	SYNTHETIC_TEACHING_FIXTURE
REQ_SYN_SEG_0629_f3	SYN_SEG_0629	SYN_SEG_SPK_18	training	a	f3	2143.259	f3_reference_scaling		2190.4595	2528.63642168047	Hz	TRUE	eligible_complete_training_inventory	SYNTHETIC_TEACHING_FIXTURE
REQ_SYN_SEG_0630_f1	SYN_SEG_0630	SYN_SEG_SPK_18	training	u	f1	292.404	raw_hz			292.404	Hz	TRUE	eligible_complete_training_inventory	SYNTHETIC_TEACHING_FIXTURE
REQ_SYN_SEG_0630_f1	SYN_SEG_0630	SYN_SEG_SPK_18	training	u	f1	292.404	log_hz			5.67813640767262	log_Hz	TRUE	eligible_complete_training_inventory	SYNTHETIC_TEACHING_FIXTURE
REQ_SYN_SEG_0630_f1	SYN_SEG_0630	SYN_SEG_SPK_18	training	u	f1	292.404	within_speaker_z	419.770666666667	195.295717984214	-0.652173370626394	z	TRUE	eligible_complete_training_inventory	SYNTHETIC_TEACHING_FIXTURE
REQ_SYN_SEG_0630_f1	SYN_SEG_0630	SYN_SEG_SPK_18	training	u	f1	292.404	f3_reference_scaling		2190.4595	344.98089323085	Hz	TRUE	eligible_complete_training_inventory	SYNTHETIC_TEACHING_FIXTURE
REQ_SYN_SEG_0630_f2	SYN_SEG_0630	SYN_SEG_SPK_18	training	u	f2	829.935	raw_hz			829.935	Hz	TRUE	eligible_complete_training_inventory	SYNTHETIC_TEACHING_FIXTURE
REQ_SYN_SEG_0630_f2	SYN_SEG_0630	SYN_SEG_SPK_18	training	u	f2	829.935	log_hz			6.72134738447099	log_Hz	TRUE	eligible_complete_training_inventory	SYNTHETIC_TEACHING_FIXTURE
REQ_SYN_SEG_0630_f2	SYN_SEG_0630	SYN_SEG_SPK_18	training	u	f2	829.935	within_speaker_z	1304.63491666667	540.229268066549	-0.878700849299764	z	TRUE	eligible_complete_training_inventory	SYNTHETIC_TEACHING_FIXTURE
REQ_SYN_SEG_0630_f2	SYN_SEG_0630	SYN_SEG_SPK_18	training	u	f2	829.935	f3_reference_scaling		2190.4595	979.164845978663	Hz	TRUE	eligible_complete_training_inventory	SYNTHETIC_TEACHING_FIXTURE
REQ_SYN_SEG_0630_f3	SYN_SEG_0630	SYN_SEG_SPK_18	training	u	f3	1864.704	raw_hz			1864.704	Hz	TRUE	eligible_complete_training_inventory	SYNTHETIC_TEACHING_FIXTURE
REQ_SYN_SEG_0630_f3	SYN_SEG_0630	SYN_SEG_SPK_18	training	u	f3	1864.704	log_hz			7.53085760634492	log_Hz	TRUE	eligible_complete_training_inventory	SYNTHETIC_TEACHING_FIXTURE
REQ_SYN_SEG_0630_f3	SYN_SEG_0630	SYN_SEG_SPK_18	training	u	f3	1864.704	within_speaker_z	2288.45825	322.733529995124	-1.31301588033447	z	TRUE	eligible_complete_training_inventory	SYNTHETIC_TEACHING_FIXTURE
REQ_SYN_SEG_0630_f3	SYN_SEG_0630	SYN_SEG_SPK_18	training	u	f3	1864.704	f3_reference_scaling		2190.4595	2199.9947043513	Hz	TRUE	eligible_complete_training_inventory	SYNTHETIC_TEACHING_FIXTURE
REQ_SYN_SEG_0631_f1	SYN_SEG_0631	SYN_SEG_SPK_18	training	i	f1	248.781	raw_hz			248.781	Hz	TRUE	eligible_complete_training_inventory	SYNTHETIC_TEACHING_FIXTURE
REQ_SYN_SEG_0631_f1	SYN_SEG_0631	SYN_SEG_SPK_18	training	i	f1	248.781	log_hz			5.51657299138946	log_Hz	TRUE	eligible_complete_training_inventory	SYNTHETIC_TEACHING_FIXTURE
REQ_SYN_SEG_0631_f1	SYN_SEG_0631	SYN_SEG_SPK_18	training	i	f1	248.781	within_speaker_z	419.770666666667	195.295717984214	-0.875542323362604	z	TRUE	eligible_complete_training_inventory	SYNTHETIC_TEACHING_FIXTURE
REQ_SYN_SEG_0631_f1	SYN_SEG_0631	SYN_SEG_SPK_18	training	i	f1	248.781	f3_reference_scaling		2190.4595	293.51408188282	Hz	TRUE	eligible_complete_training_inventory	SYNTHETIC_TEACHING_FIXTURE
REQ_SYN_SEG_0631_f2	SYN_SEG_0631	SYN_SEG_SPK_18	training	i	f2	1914.982	raw_hz			1914.982	Hz	TRUE	eligible_complete_training_inventory	SYNTHETIC_TEACHING_FIXTURE
REQ_SYN_SEG_0631_f2	SYN_SEG_0631	SYN_SEG_SPK_18	training	i	f2	1914.982	log_hz			7.55746350209276	log_Hz	TRUE	eligible_complete_training_inventory	SYNTHETIC_TEACHING_FIXTURE
REQ_SYN_SEG_0631_f2	SYN_SEG_0631	SYN_SEG_SPK_18	training	i	f2	1914.982	within_speaker_z	1304.63491666667	540.229268066549	1.12979269989894	z	TRUE	eligible_complete_training_inventory	SYNTHETIC_TEACHING_FIXTURE
REQ_SYN_SEG_0631_f2	SYN_SEG_0631	SYN_SEG_SPK_18	training	i	f2	1914.982	f3_reference_scaling		2190.4595	2259.31314510403	Hz	TRUE	eligible_complete_training_inventory	SYNTHETIC_TEACHING_FIXTURE
REQ_SYN_SEG_0631_f3	SYN_SEG_0631	SYN_SEG_SPK_18	training	i	f3	2755.146	raw_hz			2755.146	Hz	TRUE	eligible_complete_training_inventory	SYNTHETIC_TEACHING_FIXTURE
REQ_SYN_SEG_0631_f3	SYN_SEG_0631	SYN_SEG_SPK_18	training	i	f3	2755.146	log_hz			7.92122571473821	log_Hz	TRUE	eligible_complete_training_inventory	SYNTHETIC_TEACHING_FIXTURE
REQ_SYN_SEG_0631_f3	SYN_SEG_0631	SYN_SEG_SPK_18	training	i	f3	2755.146	within_speaker_z	2288.45825	322.733529995124	1.44604668131957	z	TRUE	eligible_complete_training_inventory	SYNTHETIC_TEACHING_FIXTURE
REQ_SYN_SEG_0631_f3	SYN_SEG_0631	SYN_SEG_SPK_18	training	i	f3	2755.146	f3_reference_scaling		2190.4595	3250.54625812712	Hz	TRUE	eligible_complete_training_inventory	SYNTHETIC_TEACHING_FIXTURE
REQ_SYN_SEG_0632_f1	SYN_SEG_0632	SYN_SEG_SPK_18	training	a	f1	677.012	raw_hz			677.012	Hz	TRUE	eligible_complete_training_inventory	SYNTHETIC_TEACHING_FIXTURE
REQ_SYN_SEG_0632_f1	SYN_SEG_0632	SYN_SEG_SPK_18	training	a	f1	677.012	log_hz			6.51768899801368	log_Hz	TRUE	eligible_complete_training_inventory	SYNTHETIC_TEACHING_FIXTURE
REQ_SYN_SEG_0632_f1	SYN_SEG_0632	SYN_SEG_SPK_18	training	a	f1	677.012	within_speaker_z	419.770666666667	195.295717984214	1.31718880469323	z	TRUE	eligible_complete_training_inventory	SYNTHETIC_TEACHING_FIXTURE
REQ_SYN_SEG_0632_f1	SYN_SEG_0632	SYN_SEG_SPK_18	training	a	f1	677.012	f3_reference_scaling		2190.4595	798.744902559486	Hz	TRUE	eligible_complete_training_inventory	SYNTHETIC_TEACHING_FIXTURE
REQ_SYN_SEG_0632_f2	SYN_SEG_0632	SYN_SEG_SPK_18	training	a	f2	1003.356	raw_hz			1003.356	Hz	TRUE	eligible_complete_training_inventory	SYNTHETIC_TEACHING_FIXTURE
REQ_SYN_SEG_0632_f2	SYN_SEG_0632	SYN_SEG_SPK_18	training	a	f2	1003.356	log_hz			6.91110566018176	log_Hz	TRUE	eligible_complete_training_inventory	SYNTHETIC_TEACHING_FIXTURE
REQ_SYN_SEG_0632_f2	SYN_SEG_0632	SYN_SEG_SPK_18	training	a	f2	1003.356	within_speaker_z	1304.63491666667	540.229268066549	-0.557687142247822	z	TRUE	eligible_complete_training_inventory	SYNTHETIC_TEACHING_FIXTURE
REQ_SYN_SEG_0632_f2	SYN_SEG_0632	SYN_SEG_SPK_18	training	a	f2	1003.356	f3_reference_scaling		2190.4595	1183.76851584976	Hz	TRUE	eligible_complete_training_inventory	SYNTHETIC_TEACHING_FIXTURE
REQ_SYN_SEG_0632_f3	SYN_SEG_0632	SYN_SEG_SPK_18	training	a	f3	2330.404	raw_hz			2330.404	Hz	TRUE	eligible_complete_training_inventory	SYNTHETIC_TEACHING_FIXTURE
REQ_SYN_SEG_0632_f3	SYN_SEG_0632	SYN_SEG_SPK_18	training	a	f3	2330.404	log_hz			7.75379692208728	log_Hz	TRUE	eligible_complete_training_inventory	SYNTHETIC_TEACHING_FIXTURE
REQ_SYN_SEG_0632_f3	SYN_SEG_0632	SYN_SEG_SPK_18	training	a	f3	2330.404	within_speaker_z	2288.45825	322.733529995124	0.129970226522895	z	TRUE	eligible_complete_training_inventory	SYNTHETIC_TEACHING_FIXTURE
REQ_SYN_SEG_0632_f3	SYN_SEG_0632	SYN_SEG_SPK_18	training	a	f3	2330.404	f3_reference_scaling		2190.4595	2749.43179131867	Hz	TRUE	eligible_complete_training_inventory	SYNTHETIC_TEACHING_FIXTURE
REQ_SYN_SEG_0633_f1	SYN_SEG_0633	SYN_SEG_SPK_18	training	u	f1	325.92	raw_hz			325.92	Hz	TRUE	eligible_complete_training_inventory	SYNTHETIC_TEACHING_FIXTURE
REQ_SYN_SEG_0633_f1	SYN_SEG_0633	SYN_SEG_SPK_18	training	u	f1	325.92	log_hz			5.7866519524785	log_Hz	TRUE	eligible_complete_training_inventory	SYNTHETIC_TEACHING_FIXTURE
REQ_SYN_SEG_0633_f1	SYN_SEG_0633	SYN_SEG_SPK_18	training	u	f1	325.92	within_speaker_z	419.770666666667	195.295717984214	-0.480556704649575	z	TRUE	eligible_complete_training_inventory	SYNTHETIC_TEACHING_FIXTURE
REQ_SYN_SEG_0633_f1	SYN_SEG_0633	SYN_SEG_SPK_18	training	u	f1	325.92	f3_reference_scaling		2190.4595	384.523374241797	Hz	TRUE	eligible_complete_training_inventory	SYNTHETIC_TEACHING_FIXTURE
REQ_SYN_SEG_0633_f2	SYN_SEG_0633	SYN_SEG_SPK_18	training	u	f2	843.533	raw_hz			843.533	Hz	TRUE	eligible_complete_training_inventory	SYNTHETIC_TEACHING_FIXTURE
REQ_SYN_SEG_0633_f2	SYN_SEG_0633	SYN_SEG_SPK_18	training	u	f2	843.533	log_hz			6.73759902392377	log_Hz	TRUE	eligible_complete_training_inventory	SYNTHETIC_TEACHING_FIXTURE
REQ_SYN_SEG_0633_f2	SYN_SEG_0633	SYN_SEG_SPK_18	training	u	f2	843.533	within_speaker_z	1304.63491666667	540.229268066549	-0.853530054595015	z	TRUE	eligible_complete_training_inventory	SYNTHETIC_TEACHING_FIXTURE
REQ_SYN_SEG_0633_f2	SYN_SEG_0633	SYN_SEG_SPK_18	training	u	f2	843.533	f3_reference_scaling		2190.4595	995.207889802117	Hz	TRUE	eligible_complete_training_inventory	SYNTHETIC_TEACHING_FIXTURE
REQ_SYN_SEG_0633_f3	SYN_SEG_0633	SYN_SEG_SPK_18	training	u	f3	1966.498	raw_hz			1966.498	Hz	TRUE	eligible_complete_training_inventory	SYNTHETIC_TEACHING_FIXTURE
REQ_SYN_SEG_0633_f3	SYN_SEG_0633	SYN_SEG_SPK_18	training	u	f3	1966.498	log_hz			7.584009574836	log_Hz	TRUE	eligible_complete_training_inventory	SYNTHETIC_TEACHING_FIXTURE
REQ_SYN_SEG_0633_f3	SYN_SEG_0633	SYN_SEG_SPK_18	training	u	f3	1966.498	within_speaker_z	2288.45825	322.733529995124	-0.997603967597864	z	TRUE	eligible_complete_training_inventory	SYNTHETIC_TEACHING_FIXTURE
REQ_SYN_SEG_0633_f3	SYN_SEG_0633	SYN_SEG_SPK_18	training	u	f3	1966.498	f3_reference_scaling		2190.4595	2320.09218949357	Hz	TRUE	eligible_complete_training_inventory	SYNTHETIC_TEACHING_FIXTURE
REQ_SYN_SEG_0634_f1	SYN_SEG_0634	SYN_SEG_SPK_18	training	i	f1	288.654	raw_hz			288.654	Hz	TRUE	eligible_complete_training_inventory	SYNTHETIC_TEACHING_FIXTURE
REQ_SYN_SEG_0634_f1	SYN_SEG_0634	SYN_SEG_SPK_18	training	i	f1	288.654	log_hz			5.66522873902395	log_Hz	TRUE	eligible_complete_training_inventory	SYNTHETIC_TEACHING_FIXTURE
REQ_SYN_SEG_0634_f1	SYN_SEG_0634	SYN_SEG_SPK_18	training	i	f1	288.654	within_speaker_z	419.770666666667	195.295717984214	-0.671375020507438	z	TRUE	eligible_complete_training_inventory	SYNTHETIC_TEACHING_FIXTURE
REQ_SYN_SEG_0634_f1	SYN_SEG_0634	SYN_SEG_SPK_18	training	i	f1	288.654	f3_reference_scaling		2190.4595	340.556609193642	Hz	TRUE	eligible_complete_training_inventory	SYNTHETIC_TEACHING_FIXTURE
REQ_SYN_SEG_0634_f2	SYN_SEG_0634	SYN_SEG_SPK_18	training	i	f2	2019.966	raw_hz			2019.966	Hz	TRUE	eligible_complete_training_inventory	SYNTHETIC_TEACHING_FIXTURE
REQ_SYN_SEG_0634_f2	SYN_SEG_0634	SYN_SEG_SPK_18	training	i	f2	2019.966	log_hz			7.61083595857043	log_Hz	TRUE	eligible_complete_training_inventory	SYNTHETIC_TEACHING_FIXTURE
REQ_SYN_SEG_0634_f2	SYN_SEG_0634	SYN_SEG_SPK_18	training	i	f2	2019.966	within_speaker_z	1304.63491666667	540.229268066549	1.32412500695022	z	TRUE	eligible_complete_training_inventory	SYNTHETIC_TEACHING_FIXTURE
REQ_SYN_SEG_0634_f2	SYN_SEG_0634	SYN_SEG_SPK_18	training	i	f2	2019.966	f3_reference_scaling		2190.4595	2383.17422120062	Hz	TRUE	eligible_complete_training_inventory	SYNTHETIC_TEACHING_FIXTURE
REQ_SYN_SEG_0634_f3	SYN_SEG_0634	SYN_SEG_SPK_18	training	i	f3	2619.519	raw_hz			2619.519	Hz	TRUE	eligible_complete_training_inventory	SYNTHETIC_TEACHING_FIXTURE
REQ_SYN_SEG_0634_f3	SYN_SEG_0634	SYN_SEG_SPK_18	training	i	f3	2619.519	log_hz			7.87074599211458	log_Hz	TRUE	eligible_complete_training_inventory	SYNTHETIC_TEACHING_FIXTURE
REQ_SYN_SEG_0634_f3	SYN_SEG_0634	SYN_SEG_SPK_18	training	i	f3	2619.519	within_speaker_z	2288.45825	322.733529995124	1.02580215326558	z	TRUE	eligible_complete_training_inventory	SYNTHETIC_TEACHING_FIXTURE
REQ_SYN_SEG_0634_f3	SYN_SEG_0634	SYN_SEG_SPK_18	training	i	f3	2619.519	f3_reference_scaling		2190.4595	3090.53229249662	Hz	TRUE	eligible_complete_training_inventory	SYNTHETIC_TEACHING_FIXTURE
REQ_SYN_SEG_0635_f1	SYN_SEG_0635	SYN_SEG_SPK_18	training	a	f1	703.837	raw_hz			703.837	Hz	TRUE	eligible_complete_training_inventory	SYNTHETIC_TEACHING_FIXTURE
REQ_SYN_SEG_0635_f1	SYN_SEG_0635	SYN_SEG_SPK_18	training	a	f1	703.837	log_hz			6.55654679525898	log_Hz	TRUE	eligible_complete_training_inventory	SYNTHETIC_TEACHING_FIXTURE
REQ_SYN_SEG_0635_f1	SYN_SEG_0635	SYN_SEG_SPK_18	training	a	f1	703.837	within_speaker_z	419.770666666667	195.295717984214	1.4545446068423	z	TRUE	eligible_complete_training_inventory	SYNTHETIC_TEACHING_FIXTURE
REQ_SYN_SEG_0635_f1	SYN_SEG_0635	SYN_SEG_SPK_18	training	a	f1	703.837	f3_reference_scaling		2190.4595	830.393281038978	Hz	TRUE	eligible_complete_training_inventory	SYNTHETIC_TEACHING_FIXTURE
REQ_SYN_SEG_0635_f2	SYN_SEG_0635	SYN_SEG_SPK_18	training	a	f2	1061.745	raw_hz			1061.745	Hz	TRUE	eligible_complete_training_inventory	SYNTHETIC_TEACHING_FIXTURE
REQ_SYN_SEG_0635_f2	SYN_SEG_0635	SYN_SEG_SPK_18	training	a	f2	1061.745	log_hz			6.96766905997579	log_Hz	TRUE	eligible_complete_training_inventory	SYNTHETIC_TEACHING_FIXTURE
REQ_SYN_SEG_0635_f2	SYN_SEG_0635	SYN_SEG_SPK_18	training	a	f2	1061.745	within_speaker_z	1304.63491666667	540.229268066549	-0.449605252851176	z	TRUE	eligible_complete_training_inventory	SYNTHETIC_TEACHING_FIXTURE
REQ_SYN_SEG_0635_f2	SYN_SEG_0635	SYN_SEG_SPK_18	training	a	f2	1061.745	f3_reference_scaling		2190.4595	1252.6563880227	Hz	TRUE	eligible_complete_training_inventory	SYNTHETIC_TEACHING_FIXTURE
REQ_SYN_SEG_0635_f3	SYN_SEG_0635	SYN_SEG_SPK_18	training	a	f3	2117.368	raw_hz			2117.368	Hz	TRUE	eligible_complete_training_inventory	SYNTHETIC_TEACHING_FIXTURE
REQ_SYN_SEG_0635_f3	SYN_SEG_0635	SYN_SEG_SPK_18	training	a	f3	2117.368	log_hz			7.6579290869208	log_Hz	TRUE	eligible_complete_training_inventory	SYNTHETIC_TEACHING_FIXTURE
REQ_SYN_SEG_0635_f3	SYN_SEG_0635	SYN_SEG_SPK_18	training	a	f3	2117.368	within_speaker_z	2288.45825	322.733529995124	-0.530128524304819	z	TRUE	eligible_complete_training_inventory	SYNTHETIC_TEACHING_FIXTURE
REQ_SYN_SEG_0635_f3	SYN_SEG_0635	SYN_SEG_SPK_18	training	a	f3	2117.368	f3_reference_scaling		2190.4595	2498.08998487852	Hz	TRUE	eligible_complete_training_inventory	SYNTHETIC_TEACHING_FIXTURE
REQ_SYN_SEG_0636_f1	SYN_SEG_0636	SYN_SEG_SPK_18	training	u	f1	273.416	raw_hz			273.416	Hz	TRUE	eligible_complete_training_inventory	SYNTHETIC_TEACHING_FIXTURE
REQ_SYN_SEG_0636_f1	SYN_SEG_0636	SYN_SEG_SPK_18	training	u	f1	273.416	log_hz			5.61099444488912	log_Hz	TRUE	eligible_complete_training_inventory	SYNTHETIC_TEACHING_FIXTURE
REQ_SYN_SEG_0636_f1	SYN_SEG_0636	SYN_SEG_SPK_18	training	u	f1	273.416	within_speaker_z	419.770666666667	195.295717984214	-0.749400284744065	z	TRUE	eligible_complete_training_inventory	SYNTHETIC_TEACHING_FIXTURE
REQ_SYN_SEG_0636_f1	SYN_SEG_0636	SYN_SEG_SPK_18	training	u	f1	273.416	f3_reference_scaling		2190.4595	322.578678484583	Hz	TRUE	eligible_complete_training_inventory	SYNTHETIC_TEACHING_FIXTURE
REQ_SYN_SEG_0636_f2	SYN_SEG_0636	SYN_SEG_SPK_18	training	u	f2	804.335	raw_hz			804.335	Hz	TRUE	eligible_complete_training_inventory	SYNTHETIC_TEACHING_FIXTURE
REQ_SYN_SEG_0636_f2	SYN_SEG_0636	SYN_SEG_SPK_18	training	u	f2	804.335	log_hz			6.69001584906418	log_Hz	TRUE	eligible_complete_training_inventory	SYNTHETIC_TEACHING_FIXTURE
REQ_SYN_SEG_0636_f2	SYN_SEG_0636	SYN_SEG_SPK_18	training	u	f2	804.335	within_speaker_z	1304.63491666667	540.229268066549	-0.926088137462845	z	TRUE	eligible_complete_training_inventory	SYNTHETIC_TEACHING_FIXTURE
REQ_SYN_SEG_0636_f2	SYN_SEG_0636	SYN_SEG_SPK_18	training	u	f2	804.335	f3_reference_scaling		2190.4595	948.961733617992	Hz	TRUE	eligible_complete_training_inventory	SYNTHETIC_TEACHING_FIXTURE
REQ_SYN_SEG_0636_f3	SYN_SEG_0636	SYN_SEG_SPK_18	training	u	f3	1962.953	raw_hz			1962.953	Hz	TRUE	eligible_complete_training_inventory	SYNTHETIC_TEACHING_FIXTURE
REQ_SYN_SEG_0636_f3	SYN_SEG_0636	SYN_SEG_SPK_18	training	u	f3	1962.953	log_hz			7.58220525104535	log_Hz	TRUE	eligible_complete_training_inventory	SYNTHETIC_TEACHING_FIXTURE
REQ_SYN_SEG_0636_f3	SYN_SEG_0636	SYN_SEG_SPK_18	training	u	f3	1962.953	within_speaker_z	2288.45825	322.733529995124	-1.00858826166875	z	TRUE	eligible_complete_training_inventory	SYNTHETIC_TEACHING_FIXTURE
REQ_SYN_SEG_0636_f3	SYN_SEG_0636	SYN_SEG_SPK_18	training	u	f3	1962.953	f3_reference_scaling		2190.4595	2315.90976631707	Hz	TRUE	eligible_complete_training_inventory	SYNTHETIC_TEACHING_FIXTURE
REQ_SYN_SEG_0661_f1	SYN_SEG_0661	SYN_SEG_SPK_19	training	i	f1	351.317	raw_hz			351.317	Hz	TRUE	eligible_complete_training_inventory	SYNTHETIC_TEACHING_FIXTURE
REQ_SYN_SEG_0661_f1	SYN_SEG_0661	SYN_SEG_SPK_19	training	i	f1	351.317	log_hz			5.86168894978896	log_Hz	TRUE	eligible_complete_training_inventory	SYNTHETIC_TEACHING_FIXTURE
REQ_SYN_SEG_0661_f1	SYN_SEG_0661	SYN_SEG_SPK_19	training	i	f1	351.317	within_speaker_z	532.477083333333	238.346222841883	-0.760071131706223	z	TRUE	eligible_complete_training_inventory	SYNTHETIC_TEACHING_FIXTURE
REQ_SYN_SEG_0661_f1	SYN_SEG_0661	SYN_SEG_SPK_19	training	i	f1	351.317	f3_reference_scaling		2865.5615	316.837364931096	Hz	TRUE	eligible_complete_training_inventory	SYNTHETIC_TEACHING_FIXTURE
REQ_SYN_SEG_0661_f2	SYN_SEG_0661	SYN_SEG_SPK_19	training	i	f2	2651.866	raw_hz			2651.866	Hz	TRUE	eligible_complete_training_inventory	SYNTHETIC_TEACHING_FIXTURE
REQ_SYN_SEG_0661_f2	SYN_SEG_0661	SYN_SEG_SPK_19	training	i	f2	2651.866	log_hz			7.88301882212571	log_Hz	TRUE	eligible_complete_training_inventory	SYNTHETIC_TEACHING_FIXTURE
REQ_SYN_SEG_0661_f2	SYN_SEG_0661	SYN_SEG_SPK_19	training	i	f2	2651.866	within_speaker_z	1673.5115	719.888868426169	1.3590354607634	z	TRUE	eligible_complete_training_inventory	SYNTHETIC_TEACHING_FIXTURE
REQ_SYN_SEG_0661_f2	SYN_SEG_0661	SYN_SEG_SPK_19	training	i	f2	2651.866	f3_reference_scaling		2865.5615	2391.60141863436	Hz	TRUE	eligible_complete_training_inventory	SYNTHETIC_TEACHING_FIXTURE
REQ_SYN_SEG_0661_f3	SYN_SEG_0661	SYN_SEG_SPK_19	training	i	f3	3386.311	raw_hz			3386.311	Hz	TRUE	eligible_complete_training_inventory	SYNTHETIC_TEACHING_FIXTURE
REQ_SYN_SEG_0661_f3	SYN_SEG_0661	SYN_SEG_SPK_19	training	i	f3	3386.311	log_hz			8.12749640726437	log_Hz	TRUE	eligible_complete_training_inventory	SYNTHETIC_TEACHING_FIXTURE
REQ_SYN_SEG_0661_f3	SYN_SEG_0661	SYN_SEG_SPK_19	training	i	f3	3386.311	within_speaker_z	2925.00666666667	387.333234741994	1.19097534617863	z	TRUE	eligible_complete_training_inventory	SYNTHETIC_TEACHING_FIXTURE
REQ_SYN_SEG_0661_f3	SYN_SEG_0661	SYN_SEG_SPK_19	training	i	f3	3386.311	f3_reference_scaling		2865.5615	3053.96509157594	Hz	TRUE	eligible_complete_training_inventory	SYNTHETIC_TEACHING_FIXTURE
REQ_SYN_SEG_0662_f1	SYN_SEG_0662	SYN_SEG_SPK_19	training	a	f1	844.081	raw_hz			844.081	Hz	TRUE	eligible_complete_training_inventory	SYNTHETIC_TEACHING_FIXTURE
REQ_SYN_SEG_0662_f1	SYN_SEG_0662	SYN_SEG_SPK_19	training	a	f1	844.081	log_hz			6.73824846155496	log_Hz	TRUE	eligible_complete_training_inventory	SYNTHETIC_TEACHING_FIXTURE
REQ_SYN_SEG_0662_f1	SYN_SEG_0662	SYN_SEG_SPK_19	training	a	f1	844.081	within_speaker_z	532.477083333333	238.346222841883	1.30735831661735	z	TRUE	eligible_complete_training_inventory	SYNTHETIC_TEACHING_FIXTURE
REQ_SYN_SEG_0662_f1	SYN_SEG_0662	SYN_SEG_SPK_19	training	a	f1	844.081	f3_reference_scaling		2865.5615	761.239563779734	Hz	TRUE	eligible_complete_training_inventory	SYNTHETIC_TEACHING_FIXTURE
REQ_SYN_SEG_0662_f2	SYN_SEG_0662	SYN_SEG_SPK_19	training	a	f2	1302.975	raw_hz			1302.975	Hz	TRUE	eligible_complete_training_inventory	SYNTHETIC_TEACHING_FIXTURE
REQ_SYN_SEG_0662_f2	SYN_SEG_0662	SYN_SEG_SPK_19	training	a	f2	1302.975	log_hz			7.17240539044807	log_Hz	TRUE	eligible_complete_training_inventory	SYNTHETIC_TEACHING_FIXTURE
REQ_SYN_SEG_0662_f2	SYN_SEG_0662	SYN_SEG_SPK_19	training	a	f2	1302.975	within_speaker_z	1673.5115	719.888868426169	-0.514713473497753	z	TRUE	eligible_complete_training_inventory	SYNTHETIC_TEACHING_FIXTURE
REQ_SYN_SEG_0662_f2	SYN_SEG_0662	SYN_SEG_SPK_19	training	a	f2	1302.975	f3_reference_scaling		2865.5615	1175.09589792437	Hz	TRUE	eligible_complete_training_inventory	SYNTHETIC_TEACHING_FIXTURE
REQ_SYN_SEG_0662_f3	SYN_SEG_0662	SYN_SEG_SPK_19	training	a	f3	2842.952	raw_hz			2842.952	Hz	TRUE	eligible_complete_training_inventory	SYNTHETIC_TEACHING_FIXTURE
REQ_SYN_SEG_0662_f3	SYN_SEG_0662	SYN_SEG_SPK_19	training	a	f3	2842.952	log_hz			7.95259822793478	log_Hz	TRUE	eligible_complete_training_inventory	SYNTHETIC_TEACHING_FIXTURE
REQ_SYN_SEG_0662_f3	SYN_SEG_0662	SYN_SEG_SPK_19	training	a	f3	2842.952	within_speaker_z	2925.00666666667	387.333234741994	-0.211845148587169	z	TRUE	eligible_complete_training_inventory	SYNTHETIC_TEACHING_FIXTURE
REQ_SYN_SEG_0662_f3	SYN_SEG_0662	SYN_SEG_SPK_19	training	a	f3	2842.952	f3_reference_scaling		2865.5615	2563.9334854436	Hz	TRUE	eligible_complete_training_inventory	SYNTHETIC_TEACHING_FIXTURE
REQ_SYN_SEG_0663_f1	SYN_SEG_0663	SYN_SEG_SPK_19	training	u	f1	385.398	raw_hz			385.398	Hz	TRUE	eligible_complete_training_inventory	SYNTHETIC_TEACHING_FIXTURE
REQ_SYN_SEG_0663_f1	SYN_SEG_0663	SYN_SEG_SPK_19	training	u	f1	385.398	log_hz			5.9542765665532	log_Hz	TRUE	eligible_complete_training_inventory	SYNTHETIC_TEACHING_FIXTURE
REQ_SYN_SEG_0663_f1	SYN_SEG_0663	SYN_SEG_SPK_19	training	u	f1	385.398	within_speaker_z	532.477083333333	238.346222841883	-0.617081662044649	z	TRUE	eligible_complete_training_inventory	SYNTHETIC_TEACHING_FIXTURE
REQ_SYN_SEG_0663_f1	SYN_SEG_0663	SYN_SEG_SPK_19	training	u	f1	385.398	f3_reference_scaling		2865.5615	347.573521263459	Hz	TRUE	eligible_complete_training_inventory	SYNTHETIC_TEACHING_FIXTURE
REQ_SYN_SEG_0663_f2	SYN_SEG_0663	SYN_SEG_SPK_19	training	u	f2	990.284	raw_hz			990.284	Hz	TRUE	eligible_complete_training_inventory	SYNTHETIC_TEACHING_FIXTURE
REQ_SYN_SEG_0663_f2	SYN_SEG_0663	SYN_SEG_SPK_19	training	u	f2	990.284	log_hz			6.89799177067655	log_Hz	TRUE	eligible_complete_training_inventory	SYNTHETIC_TEACHING_FIXTURE
REQ_SYN_SEG_0663_f2	SYN_SEG_0663	SYN_SEG_SPK_19	training	u	f2	990.284	within_speaker_z	1673.5115	719.888868426169	-0.949073572277457	z	TRUE	eligible_complete_training_inventory	SYNTHETIC_TEACHING_FIXTURE
REQ_SYN_SEG_0663_f2	SYN_SEG_0663	SYN_SEG_SPK_19	training	u	f2	990.284	f3_reference_scaling		2865.5615	893.093625111867	Hz	TRUE	eligible_complete_training_inventory	SYNTHETIC_TEACHING_FIXTURE
REQ_SYN_SEG_0663_f3	SYN_SEG_0663	SYN_SEG_SPK_19	training	u	f3	2457.262	raw_hz			2457.262	Hz	TRUE	eligible_complete_training_inventory	SYNTHETIC_TEACHING_FIXTURE
REQ_SYN_SEG_0663_f3	SYN_SEG_0663	SYN_SEG_SPK_19	training	u	f3	2457.262	log_hz			7.8068030009428	log_Hz	TRUE	eligible_complete_training_inventory	SYNTHETIC_TEACHING_FIXTURE
REQ_SYN_SEG_0663_f3	SYN_SEG_0663	SYN_SEG_SPK_19	training	u	f3	2457.262	within_speaker_z	2925.00666666667	387.333234741994	-1.20760271702023	z	TRUE	eligible_complete_training_inventory	SYNTHETIC_TEACHING_FIXTURE
REQ_SYN_SEG_0663_f3	SYN_SEG_0663	SYN_SEG_SPK_19	training	u	f3	2457.262	f3_reference_scaling		2865.5615	2216.09662221104	Hz	TRUE	eligible_complete_training_inventory	SYNTHETIC_TEACHING_FIXTURE
REQ_SYN_SEG_0664_f1	SYN_SEG_0664	SYN_SEG_SPK_19	training	i	f1	371.16	raw_hz			371.16	Hz	TRUE	eligible_complete_training_inventory	SYNTHETIC_TEACHING_FIXTURE
REQ_SYN_SEG_0664_f1	SYN_SEG_0664	SYN_SEG_SPK_19	training	i	f1	371.16	log_hz			5.91663323648498	log_Hz	TRUE	eligible_complete_training_inventory	SYNTHETIC_TEACHING_FIXTURE
REQ_SYN_SEG_0664_f1	SYN_SEG_0664	SYN_SEG_SPK_19	training	i	f1	371.16	within_speaker_z	532.477083333333	238.346222841883	-0.676818291516832	z	TRUE	eligible_complete_training_inventory	SYNTHETIC_TEACHING_FIXTURE
REQ_SYN_SEG_0664_f1	SYN_SEG_0664	SYN_SEG_SPK_19	training	i	f1	371.16	f3_reference_scaling		2865.5615	334.73289470144	Hz	TRUE	eligible_complete_training_inventory	SYNTHETIC_TEACHING_FIXTURE
REQ_SYN_SEG_0664_f2	SYN_SEG_0664	SYN_SEG_SPK_19	training	i	f2	2655.76	raw_hz			2655.76	Hz	TRUE	eligible_complete_training_inventory	SYNTHETIC_TEACHING_FIXTURE
REQ_SYN_SEG_0664_f2	SYN_SEG_0664	SYN_SEG_SPK_19	training	i	f2	2655.76	log_hz			7.8844861450677	log_Hz	TRUE	eligible_complete_training_inventory	SYNTHETIC_TEACHING_FIXTURE
REQ_SYN_SEG_0664_f2	SYN_SEG_0664	SYN_SEG_SPK_19	training	i	f2	2655.76	within_speaker_z	1673.5115	719.888868426169	1.36444462899865	z	TRUE	eligible_complete_training_inventory	SYNTHETIC_TEACHING_FIXTURE
REQ_SYN_SEG_0664_f2	SYN_SEG_0664	SYN_SEG_SPK_19	training	i	f2	2655.76	f3_reference_scaling		2865.5615	2395.11324612646	Hz	TRUE	eligible_complete_training_inventory	SYNTHETIC_TEACHING_FIXTURE
REQ_SYN_SEG_0664_f3	SYN_SEG_0664	SYN_SEG_SPK_19	training	i	f3	3358.432	raw_hz			3358.432	Hz	TRUE	eligible_complete_training_inventory	SYNTHETIC_TEACHING_FIXTURE
REQ_SYN_SEG_0664_f3	SYN_SEG_0664	SYN_SEG_SPK_19	training	i	f3	3358.432	log_hz			8.11922947736781	log_Hz	TRUE	eligible_complete_training_inventory	SYNTHETIC_TEACHING_FIXTURE
REQ_SYN_SEG_0664_f3	SYN_SEG_0664	SYN_SEG_SPK_19	training	i	f3	3358.432	within_speaker_z	2925.00666666667	387.333234741994	1.11899856365809	z	TRUE	eligible_complete_training_inventory	SYNTHETIC_TEACHING_FIXTURE
REQ_SYN_SEG_0664_f3	SYN_SEG_0664	SYN_SEG_SPK_19	training	i	f3	3358.432	f3_reference_scaling		2865.5615	3028.82224651888	Hz	TRUE	eligible_complete_training_inventory	SYNTHETIC_TEACHING_FIXTURE
REQ_SYN_SEG_0665_f1	SYN_SEG_0665	SYN_SEG_SPK_19	training	a	f1	847.393	raw_hz			847.393	Hz	TRUE	eligible_complete_training_inventory	SYNTHETIC_TEACHING_FIXTURE
REQ_SYN_SEG_0665_f1	SYN_SEG_0665	SYN_SEG_SPK_19	training	a	f1	847.393	log_hz			6.74216457759662	log_Hz	TRUE	eligible_complete_training_inventory	SYNTHETIC_TEACHING_FIXTURE
REQ_SYN_SEG_0665_f1	SYN_SEG_0665	SYN_SEG_SPK_19	training	a	f1	847.393	within_speaker_z	532.477083333333	238.346222841883	1.32125406860582	z	TRUE	eligible_complete_training_inventory	SYNTHETIC_TEACHING_FIXTURE
REQ_SYN_SEG_0665_f1	SYN_SEG_0665	SYN_SEG_SPK_19	training	a	f1	847.393	f3_reference_scaling		2865.5615	764.226511045741	Hz	TRUE	eligible_complete_training_inventory	SYNTHETIC_TEACHING_FIXTURE
REQ_SYN_SEG_0665_f2	SYN_SEG_0665	SYN_SEG_SPK_19	training	a	f2	1411.84	raw_hz			1411.84	Hz	TRUE	eligible_complete_training_inventory	SYNTHETIC_TEACHING_FIXTURE
REQ_SYN_SEG_0665_f2	SYN_SEG_0665	SYN_SEG_SPK_19	training	a	f2	1411.84	log_hz			7.25264909718503	log_Hz	TRUE	eligible_complete_training_inventory	SYNTHETIC_TEACHING_FIXTURE
REQ_SYN_SEG_0665_f2	SYN_SEG_0665	SYN_SEG_SPK_19	training	a	f2	1411.84	within_speaker_z	1673.5115	719.888868426169	-0.363488743161247	z	TRUE	eligible_complete_training_inventory	SYNTHETIC_TEACHING_FIXTURE
REQ_SYN_SEG_0665_f2	SYN_SEG_0665	SYN_SEG_SPK_19	training	a	f2	1411.84	f3_reference_scaling		2865.5615	1273.27645774135	Hz	TRUE	eligible_complete_training_inventory	SYNTHETIC_TEACHING_FIXTURE
REQ_SYN_SEG_0665_f3	SYN_SEG_0665	SYN_SEG_SPK_19	training	a	f3	2898.64	raw_hz			2898.64	Hz	TRUE	eligible_complete_training_inventory	SYNTHETIC_TEACHING_FIXTURE
REQ_SYN_SEG_0665_f3	SYN_SEG_0665	SYN_SEG_SPK_19	training	a	f3	2898.64	log_hz			7.9719969404586	log_Hz	TRUE	eligible_complete_training_inventory	SYNTHETIC_TEACHING_FIXTURE
REQ_SYN_SEG_0665_f3	SYN_SEG_0665	SYN_SEG_SPK_19	training	a	f3	2898.64	within_speaker_z	2925.00666666667	387.333234741994	-0.068072306483666	z	TRUE	eligible_complete_training_inventory	SYNTHETIC_TEACHING_FIXTURE
REQ_SYN_SEG_0665_f3	SYN_SEG_0665	SYN_SEG_SPK_19	training	a	f3	2898.64	f3_reference_scaling		2865.5615	2614.15604563364	Hz	TRUE	eligible_complete_training_inventory	SYNTHETIC_TEACHING_FIXTURE
REQ_SYN_SEG_0666_f1	SYN_SEG_0666	SYN_SEG_SPK_19	training	u	f1	350.816	raw_hz			350.816	Hz	TRUE	eligible_complete_training_inventory	SYNTHETIC_TEACHING_FIXTURE
REQ_SYN_SEG_0666_f1	SYN_SEG_0666	SYN_SEG_SPK_19	training	u	f1	350.816	log_hz			5.86026186949213	log_Hz	TRUE	eligible_complete_training_inventory	SYNTHETIC_TEACHING_FIXTURE
REQ_SYN_SEG_0666_f1	SYN_SEG_0666	SYN_SEG_SPK_19	training	u	f1	350.816	within_speaker_z	532.477083333333	238.346222841883	-0.762173115929117	z	TRUE	eligible_complete_training_inventory	SYNTHETIC_TEACHING_FIXTURE
REQ_SYN_SEG_0666_f1	SYN_SEG_0666	SYN_SEG_SPK_19	training	u	f1	350.816	f3_reference_scaling		2865.5615	316.385535045749	Hz	TRUE	eligible_complete_training_inventory	SYNTHETIC_TEACHING_FIXTURE
REQ_SYN_SEG_0666_f2	SYN_SEG_0666	SYN_SEG_SPK_19	training	u	f2	1132.406	raw_hz			1132.406	Hz	TRUE	eligible_complete_training_inventory	SYNTHETIC_TEACHING_FIXTURE
REQ_SYN_SEG_0666_f2	SYN_SEG_0666	SYN_SEG_SPK_19	training	u	f2	1132.406	log_hz			7.03209985170481	log_Hz	TRUE	eligible_complete_training_inventory	SYNTHETIC_TEACHING_FIXTURE
REQ_SYN_SEG_0666_f2	SYN_SEG_0666	SYN_SEG_SPK_19	training	u	f2	1132.406	within_speaker_z	1673.5115	719.888868426169	-0.751651433620543	z	TRUE	eligible_complete_training_inventory	SYNTHETIC_TEACHING_FIXTURE
REQ_SYN_SEG_0666_f2	SYN_SEG_0666	SYN_SEG_SPK_19	training	u	f2	1132.406	f3_reference_scaling		2865.5615	1021.26721186895	Hz	TRUE	eligible_complete_training_inventory	SYNTHETIC_TEACHING_FIXTURE
REQ_SYN_SEG_0666_f3	SYN_SEG_0666	SYN_SEG_SPK_19	training	u	f3	2567.999	raw_hz			2567.999	Hz	TRUE	eligible_complete_training_inventory	SYNTHETIC_TEACHING_FIXTURE
REQ_SYN_SEG_0666_f3	SYN_SEG_0666	SYN_SEG_SPK_19	training	u	f3	2567.999	log_hz			7.85088227540168	log_Hz	TRUE	eligible_complete_training_inventory	SYNTHETIC_TEACHING_FIXTURE
REQ_SYN_SEG_0666_f3	SYN_SEG_0666	SYN_SEG_SPK_19	training	u	f3	2567.999	within_speaker_z	2925.00666666667	387.333234741994	-0.921706775057587	z	TRUE	eligible_complete_training_inventory	SYNTHETIC_TEACHING_FIXTURE
REQ_SYN_SEG_0666_f3	SYN_SEG_0666	SYN_SEG_SPK_19	training	u	f3	2567.999	f3_reference_scaling		2865.5615	2315.96545656968	Hz	TRUE	eligible_complete_training_inventory	SYNTHETIC_TEACHING_FIXTURE
REQ_SYN_SEG_0667_f1	SYN_SEG_0667	SYN_SEG_SPK_19	training	i	f1	355.877	raw_hz			355.877	Hz	TRUE	eligible_complete_training_inventory	SYNTHETIC_TEACHING_FIXTURE
REQ_SYN_SEG_0667_f1	SYN_SEG_0667	SYN_SEG_SPK_19	training	i	f1	355.877	log_hz			5.87458516553323	log_Hz	TRUE	eligible_complete_training_inventory	SYNTHETIC_TEACHING_FIXTURE
REQ_SYN_SEG_0667_f1	SYN_SEG_0667	SYN_SEG_SPK_19	training	i	f1	355.877	within_speaker_z	532.477083333333	238.346222841883	-0.740939299258326	z	TRUE	eligible_complete_training_inventory	SYNTHETIC_TEACHING_FIXTURE
REQ_SYN_SEG_0667_f1	SYN_SEG_0667	SYN_SEG_SPK_19	training	i	f1	355.877	f3_reference_scaling		2865.5615	320.949828558208	Hz	TRUE	eligible_complete_training_inventory	SYNTHETIC_TEACHING_FIXTURE
REQ_SYN_SEG_0667_f2	SYN_SEG_0667	SYN_SEG_SPK_19	training	i	f2	2620.771	raw_hz			2620.771	Hz	TRUE	eligible_complete_training_inventory	SYNTHETIC_TEACHING_FIXTURE
REQ_SYN_SEG_0667_f2	SYN_SEG_0667	SYN_SEG_SPK_19	training	i	f2	2620.771	log_hz			7.87122382827396	log_Hz	TRUE	eligible_complete_training_inventory	SYNTHETIC_TEACHING_FIXTURE
REQ_SYN_SEG_0667_f2	SYN_SEG_0667	SYN_SEG_SPK_19	training	i	f2	2620.771	within_speaker_z	1673.5115	719.888868426169	1.31584129376929	z	TRUE	eligible_complete_training_inventory	SYNTHETIC_TEACHING_FIXTURE
REQ_SYN_SEG_0667_f2	SYN_SEG_0667	SYN_SEG_SPK_19	training	i	f2	2620.771	f3_reference_scaling		2865.5615	2363.55820449291	Hz	TRUE	eligible_complete_training_inventory	SYNTHETIC_TEACHING_FIXTURE
REQ_SYN_SEG_0667_f3	SYN_SEG_0667	SYN_SEG_SPK_19	training	i	f3	3460.805	raw_hz			3460.805	Hz	TRUE	eligible_complete_training_inventory	SYNTHETIC_TEACHING_FIXTURE
REQ_SYN_SEG_0667_f3	SYN_SEG_0667	SYN_SEG_SPK_19	training	i	f3	3460.805	log_hz			8.14925649995041	log_Hz	TRUE	eligible_complete_training_inventory	SYNTHETIC_TEACHING_FIXTURE
REQ_SYN_SEG_0667_f3	SYN_SEG_0667	SYN_SEG_SPK_19	training	i	f3	3460.805	within_speaker_z	2925.00666666667	387.333234741994	1.3833006963377	z	TRUE	eligible_complete_training_inventory	SYNTHETIC_TEACHING_FIXTURE
REQ_SYN_SEG_0667_f3	SYN_SEG_0667	SYN_SEG_SPK_19	training	i	f3	3460.805	f3_reference_scaling		2865.5615	3121.14795680358	Hz	TRUE	eligible_complete_training_inventory	SYNTHETIC_TEACHING_FIXTURE
REQ_SYN_SEG_0668_f1	SYN_SEG_0668	SYN_SEG_SPK_19	training	a	f1	852.544	raw_hz			852.544	Hz	TRUE	eligible_complete_training_inventory	SYNTHETIC_TEACHING_FIXTURE
REQ_SYN_SEG_0668_f1	SYN_SEG_0668	SYN_SEG_SPK_19	training	a	f1	852.544	log_hz			6.748224820729	log_Hz	TRUE	eligible_complete_training_inventory	SYNTHETIC_TEACHING_FIXTURE
REQ_SYN_SEG_0668_f1	SYN_SEG_0668	SYN_SEG_SPK_19	training	a	f1	852.544	within_speaker_z	532.477083333333	238.346222841883	1.34286548723282	z	TRUE	eligible_complete_training_inventory	SYNTHETIC_TEACHING_FIXTURE
REQ_SYN_SEG_0668_f1	SYN_SEG_0668	SYN_SEG_SPK_19	training	a	f1	852.544	f3_reference_scaling		2865.5615	768.871971603471	Hz	TRUE	eligible_complete_training_inventory	SYNTHETIC_TEACHING_FIXTURE
REQ_SYN_SEG_0668_f2	SYN_SEG_0668	SYN_SEG_SPK_19	training	a	f2	1319.245	raw_hz			1319.245	Hz	TRUE	eligible_complete_training_inventory	SYNTHETIC_TEACHING_FIXTURE
REQ_SYN_SEG_0668_f2	SYN_SEG_0668	SYN_SEG_SPK_19	training	a	f2	1319.245	log_hz			7.18481488224638	log_Hz	TRUE	eligible_complete_training_inventory	SYNTHETIC_TEACHING_FIXTURE
REQ_SYN_SEG_0668_f2	SYN_SEG_0668	SYN_SEG_SPK_19	training	a	f2	1319.245	within_speaker_z	1673.5115	719.888868426169	-0.492112762869223	z	TRUE	eligible_complete_training_inventory	SYNTHETIC_TEACHING_FIXTURE
REQ_SYN_SEG_0668_f2	SYN_SEG_0668	SYN_SEG_SPK_19	training	a	f2	1319.245	f3_reference_scaling		2865.5615	1189.76909599742	Hz	TRUE	eligible_complete_training_inventory	SYNTHETIC_TEACHING_FIXTURE
REQ_SYN_SEG_0668_f3	SYN_SEG_0668	SYN_SEG_SPK_19	training	a	f3	2888.171	raw_hz			2888.171	Hz	TRUE	eligible_complete_training_inventory	SYNTHETIC_TEACHING_FIXTURE
REQ_SYN_SEG_0668_f3	SYN_SEG_0668	SYN_SEG_SPK_19	training	a	f3	2888.171	log_hz			7.96837870878616	log_Hz	TRUE	eligible_complete_training_inventory	SYNTHETIC_TEACHING_FIXTURE
REQ_SYN_SEG_0668_f3	SYN_SEG_0668	SYN_SEG_SPK_19	training	a	f3	2888.171	within_speaker_z	2925.00666666667	387.333234741994	-0.0951007126749744	z	TRUE	eligible_complete_training_inventory	SYNTHETIC_TEACHING_FIXTURE
REQ_SYN_SEG_0668_f3	SYN_SEG_0668	SYN_SEG_SPK_19	training	a	f3	2888.171	f3_reference_scaling		2865.5615	2604.7145145564	Hz	TRUE	eligible_complete_training_inventory	SYNTHETIC_TEACHING_FIXTURE
REQ_SYN_SEG_0669_f1	SYN_SEG_0669	SYN_SEG_SPK_19	training	u	f1	410.497	raw_hz			410.497	Hz	TRUE	eligible_complete_training_inventory	SYNTHETIC_TEACHING_FIXTURE
REQ_SYN_SEG_0669_f1	SYN_SEG_0669	SYN_SEG_SPK_19	training	u	f1	410.497	log_hz			6.017368620705	log_Hz	TRUE	eligible_complete_training_inventory	SYNTHETIC_TEACHING_FIXTURE
REQ_SYN_SEG_0669_f1	SYN_SEG_0669	SYN_SEG_SPK_19	training	u	f1	410.497	within_speaker_z	532.477083333333	238.346222841883	-0.511776867612683	z	TRUE	eligible_complete_training_inventory	SYNTHETIC_TEACHING_FIXTURE
REQ_SYN_SEG_0669_f1	SYN_SEG_0669	SYN_SEG_SPK_19	training	u	f1	410.497	f3_reference_scaling		2865.5615	370.209206477683	Hz	TRUE	eligible_complete_training_inventory	SYNTHETIC_TEACHING_FIXTURE
REQ_SYN_SEG_0669_f2	SYN_SEG_0669	SYN_SEG_SPK_19	training	u	f2	970.899	raw_hz			970.899	Hz	TRUE	eligible_complete_training_inventory	SYNTHETIC_TEACHING_FIXTURE
REQ_SYN_SEG_0669_f2	SYN_SEG_0669	SYN_SEG_SPK_19	training	u	f2	970.899	log_hz			6.87822244640338	log_Hz	TRUE	eligible_complete_training_inventory	SYNTHETIC_TEACHING_FIXTURE
REQ_SYN_SEG_0669_f2	SYN_SEG_0669	SYN_SEG_SPK_19	training	u	f2	970.899	within_speaker_z	1673.5115	719.888868426169	-0.976001339673527	z	TRUE	eligible_complete_training_inventory	SYNTHETIC_TEACHING_FIXTURE
REQ_SYN_SEG_0669_f2	SYN_SEG_0669	SYN_SEG_SPK_19	training	u	f2	970.899	f3_reference_scaling		2865.5615	875.611145416352	Hz	TRUE	eligible_complete_training_inventory	SYNTHETIC_TEACHING_FIXTURE
REQ_SYN_SEG_0669_f3	SYN_SEG_0669	SYN_SEG_SPK_19	training	u	f3	2465.12	raw_hz			2465.12	Hz	TRUE	eligible_complete_training_inventory	SYNTHETIC_TEACHING_FIXTURE
REQ_SYN_SEG_0669_f3	SYN_SEG_0669	SYN_SEG_SPK_19	training	u	f3	2465.12	log_hz			7.80999576683346	log_Hz	TRUE	eligible_complete_training_inventory	SYNTHETIC_TEACHING_FIXTURE
REQ_SYN_SEG_0669_f3	SYN_SEG_0669	SYN_SEG_SPK_19	training	u	f3	2465.12	within_speaker_z	2925.00666666667	387.333234741994	-1.18731527640018	z	TRUE	eligible_complete_training_inventory	SYNTHETIC_TEACHING_FIXTURE
REQ_SYN_SEG_0669_f3	SYN_SEG_0669	SYN_SEG_SPK_19	training	u	f3	2465.12	f3_reference_scaling		2865.5615	2223.18340711934	Hz	TRUE	eligible_complete_training_inventory	SYNTHETIC_TEACHING_FIXTURE
REQ_SYN_SEG_0670_f1	SYN_SEG_0670	SYN_SEG_SPK_19	training	i	f1	330.732	raw_hz			330.732	Hz	TRUE	eligible_complete_training_inventory	SYNTHETIC_TEACHING_FIXTURE
REQ_SYN_SEG_0670_f1	SYN_SEG_0670	SYN_SEG_SPK_19	training	i	f1	330.732	log_hz			5.80130837974544	log_Hz	TRUE	eligible_complete_training_inventory	SYNTHETIC_TEACHING_FIXTURE
REQ_SYN_SEG_0670_f1	SYN_SEG_0670	SYN_SEG_SPK_19	training	i	f1	330.732	within_speaker_z	532.477083333333	238.346222841883	-0.846437090245687	z	TRUE	eligible_complete_training_inventory	SYNTHETIC_TEACHING_FIXTURE
REQ_SYN_SEG_0670_f1	SYN_SEG_0670	SYN_SEG_SPK_19	training	i	f1	330.732	f3_reference_scaling		2865.5615	298.272657965289	Hz	TRUE	eligible_complete_training_inventory	SYNTHETIC_TEACHING_FIXTURE
REQ_SYN_SEG_0670_f2	SYN_SEG_0670	SYN_SEG_SPK_19	training	i	f2	2580.84	raw_hz			2580.84	Hz	TRUE	eligible_complete_training_inventory	SYNTHETIC_TEACHING_FIXTURE
REQ_SYN_SEG_0670_f2	SYN_SEG_0670	SYN_SEG_SPK_19	training	i	f2	2580.84	log_hz			7.85587020632089	log_Hz	TRUE	eligible_complete_training_inventory	SYNTHETIC_TEACHING_FIXTURE
REQ_SYN_SEG_0670_f2	SYN_SEG_0670	SYN_SEG_SPK_19	training	i	f2	2580.84	within_speaker_z	1673.5115	719.888868426169	1.26037301005031	z	TRUE	eligible_complete_training_inventory	SYNTHETIC_TEACHING_FIXTURE
REQ_SYN_SEG_0670_f2	SYN_SEG_0670	SYN_SEG_SPK_19	training	i	f2	2580.84	f3_reference_scaling		2865.5615	2327.54619021787	Hz	TRUE	eligible_complete_training_inventory	SYNTHETIC_TEACHING_FIXTURE
REQ_SYN_SEG_0670_f3	SYN_SEG_0670	SYN_SEG_SPK_19	training	i	f3	3426.109	raw_hz			3426.109	Hz	TRUE	eligible_complete_training_inventory	SYNTHETIC_TEACHING_FIXTURE
REQ_SYN_SEG_0670_f3	SYN_SEG_0670	SYN_SEG_SPK_19	training	i	f3	3426.109	log_hz			8.13918049390628	log_Hz	TRUE	eligible_complete_training_inventory	SYNTHETIC_TEACHING_FIXTURE
REQ_SYN_SEG_0670_f3	SYN_SEG_0670	SYN_SEG_SPK_19	training	i	f3	3426.109	within_speaker_z	2925.00666666667	387.333234741994	1.29372408145436	z	TRUE	eligible_complete_training_inventory	SYNTHETIC_TEACHING_FIXTURE
REQ_SYN_SEG_0670_f3	SYN_SEG_0670	SYN_SEG_SPK_19	training	i	f3	3426.109	f3_reference_scaling		2865.5615	3089.85715899519	Hz	TRUE	eligible_complete_training_inventory	SYNTHETIC_TEACHING_FIXTURE
REQ_SYN_SEG_0671_f1	SYN_SEG_0671	SYN_SEG_SPK_19	training	a	f1	869.277	raw_hz			869.277	Hz	TRUE	eligible_complete_training_inventory	SYNTHETIC_TEACHING_FIXTURE
REQ_SYN_SEG_0671_f1	SYN_SEG_0671	SYN_SEG_SPK_19	training	a	f1	869.277	log_hz			6.76766183166529	log_Hz	TRUE	eligible_complete_training_inventory	SYNTHETIC_TEACHING_FIXTURE
REQ_SYN_SEG_0671_f1	SYN_SEG_0671	SYN_SEG_SPK_19	training	a	f1	869.277	within_speaker_z	532.477083333333	238.346222841883	1.41307008204656	z	TRUE	eligible_complete_training_inventory	SYNTHETIC_TEACHING_FIXTURE
REQ_SYN_SEG_0671_f1	SYN_SEG_0671	SYN_SEG_SPK_19	training	a	f1	869.277	f3_reference_scaling		2865.5615	783.96272903164	Hz	TRUE	eligible_complete_training_inventory	SYNTHETIC_TEACHING_FIXTURE
REQ_SYN_SEG_0671_f2	SYN_SEG_0671	SYN_SEG_SPK_19	training	a	f2	1405.623	raw_hz			1405.623	Hz	TRUE	eligible_complete_training_inventory	SYNTHETIC_TEACHING_FIXTURE
REQ_SYN_SEG_0671_f2	SYN_SEG_0671	SYN_SEG_SPK_19	training	a	f2	1405.623	log_hz			7.24823589985797	log_Hz	TRUE	eligible_complete_training_inventory	SYNTHETIC_TEACHING_FIXTURE
REQ_SYN_SEG_0671_f2	SYN_SEG_0671	SYN_SEG_SPK_19	training	a	f2	1405.623	within_speaker_z	1673.5115	719.888868426169	-0.372124798353476	z	TRUE	eligible_complete_training_inventory	SYNTHETIC_TEACHING_FIXTURE
REQ_SYN_SEG_0671_f2	SYN_SEG_0671	SYN_SEG_SPK_19	training	a	f2	1405.623	f3_reference_scaling		2865.5615	1267.66961862518	Hz	TRUE	eligible_complete_training_inventory	SYNTHETIC_TEACHING_FIXTURE
REQ_SYN_SEG_0671_f3	SYN_SEG_0671	SYN_SEG_SPK_19	training	a	f3	2771.776	raw_hz			2771.776	Hz	TRUE	eligible_complete_training_inventory	SYNTHETIC_TEACHING_FIXTURE
REQ_SYN_SEG_0671_f3	SYN_SEG_0671	SYN_SEG_SPK_19	training	a	f3	2771.776	log_hz			7.92724354896384	log_Hz	TRUE	eligible_complete_training_inventory	SYNTHETIC_TEACHING_FIXTURE
REQ_SYN_SEG_0671_f3	SYN_SEG_0671	SYN_SEG_SPK_19	training	a	f3	2771.776	within_speaker_z	2925.00666666667	387.333234741994	-0.395604231505553	z	TRUE	eligible_complete_training_inventory	SYNTHETIC_TEACHING_FIXTURE
REQ_SYN_SEG_0671_f3	SYN_SEG_0671	SYN_SEG_SPK_19	training	a	f3	2771.776	f3_reference_scaling		2865.5615	2499.74297861833	Hz	TRUE	eligible_complete_training_inventory	SYNTHETIC_TEACHING_FIXTURE
REQ_SYN_SEG_0672_f1	SYN_SEG_0672	SYN_SEG_SPK_19	training	u	f1	420.633	raw_hz			420.633	Hz	TRUE	eligible_complete_training_inventory	SYNTHETIC_TEACHING_FIXTURE
REQ_SYN_SEG_0672_f1	SYN_SEG_0672	SYN_SEG_SPK_19	training	u	f1	420.633	log_hz			6.04176071953462	log_Hz	TRUE	eligible_complete_training_inventory	SYNTHETIC_TEACHING_FIXTURE
REQ_SYN_SEG_0672_f1	SYN_SEG_0672	SYN_SEG_SPK_19	training	u	f1	420.633	within_speaker_z	532.477083333333	238.346222841883	-0.469250496189025	z	TRUE	eligible_complete_training_inventory	SYNTHETIC_TEACHING_FIXTURE
REQ_SYN_SEG_0672_f1	SYN_SEG_0672	SYN_SEG_SPK_19	training	u	f1	420.633	f3_reference_scaling		2865.5615	379.35041948742	Hz	TRUE	eligible_complete_training_inventory	SYNTHETIC_TEACHING_FIXTURE
REQ_SYN_SEG_0672_f2	SYN_SEG_0672	SYN_SEG_SPK_19	training	u	f2	1039.629	raw_hz			1039.629	Hz	TRUE	eligible_complete_training_inventory	SYNTHETIC_TEACHING_FIXTURE
REQ_SYN_SEG_0672_f2	SYN_SEG_0672	SYN_SEG_SPK_19	training	u	f2	1039.629	log_hz			6.94661919772263	log_Hz	TRUE	eligible_complete_training_inventory	SYNTHETIC_TEACHING_FIXTURE
REQ_SYN_SEG_0672_f2	SYN_SEG_0672	SYN_SEG_SPK_19	training	u	f2	1039.629	within_speaker_z	1673.5115	719.888868426169	-0.88052827012842	z	TRUE	eligible_complete_training_inventory	SYNTHETIC_TEACHING_FIXTURE
REQ_SYN_SEG_0672_f2	SYN_SEG_0672	SYN_SEG_SPK_19	training	u	f2	1039.629	f3_reference_scaling		2865.5615	937.595712322349	Hz	TRUE	eligible_complete_training_inventory	SYNTHETIC_TEACHING_FIXTURE
REQ_SYN_SEG_0672_f3	SYN_SEG_0672	SYN_SEG_SPK_19	training	u	f3	2576.503	raw_hz			2576.503	Hz	TRUE	eligible_complete_training_inventory	SYNTHETIC_TEACHING_FIXTURE
REQ_SYN_SEG_0672_f3	SYN_SEG_0672	SYN_SEG_SPK_19	training	u	f3	2576.503	log_hz			7.85418833213787	log_Hz	TRUE	eligible_complete_training_inventory	SYNTHETIC_TEACHING_FIXTURE
REQ_SYN_SEG_0672_f3	SYN_SEG_0672	SYN_SEG_SPK_19	training	u	f3	2576.503	within_speaker_z	2925.00666666667	387.333234741994	-0.899751519899415	z	TRUE	eligible_complete_training_inventory	SYNTHETIC_TEACHING_FIXTURE
REQ_SYN_SEG_0672_f3	SYN_SEG_0672	SYN_SEG_SPK_19	training	u	f3	2576.503	f3_reference_scaling		2865.5615	2323.63484049182	Hz	TRUE	eligible_complete_training_inventory	SYNTHETIC_TEACHING_FIXTURE
REQ_SYN_SEG_0697_f1	SYN_SEG_0697	SYN_SEG_SPK_20	training	i	f1	307.458	raw_hz			307.458	Hz	TRUE	eligible_complete_training_inventory	SYNTHETIC_TEACHING_FIXTURE
REQ_SYN_SEG_0697_f1	SYN_SEG_0697	SYN_SEG_SPK_20	training	i	f1	307.458	log_hz			5.72833849255209	log_Hz	TRUE	eligible_complete_training_inventory	SYNTHETIC_TEACHING_FIXTURE
REQ_SYN_SEG_0697_f1	SYN_SEG_0697	SYN_SEG_SPK_20	training	i	f1	307.458	within_speaker_z	457.791833333333	201.77602315251	-0.745053009691369	z	TRUE	eligible_complete_training_inventory	SYNTHETIC_TEACHING_FIXTURE
REQ_SYN_SEG_0697_f1	SYN_SEG_0697	SYN_SEG_SPK_20	training	i	f1	307.458	f3_reference_scaling		2441.756	325.409700392668	Hz	TRUE	eligible_complete_training_inventory	SYNTHETIC_TEACHING_FIXTURE
REQ_SYN_SEG_0697_f2	SYN_SEG_0697	SYN_SEG_SPK_20	training	i	f2	2184.666	raw_hz			2184.666	Hz	TRUE	eligible_complete_training_inventory	SYNTHETIC_TEACHING_FIXTURE
REQ_SYN_SEG_0697_f2	SYN_SEG_0697	SYN_SEG_SPK_20	training	i	f2	2184.666	log_hz			7.68921823543345	log_Hz	TRUE	eligible_complete_training_inventory	SYNTHETIC_TEACHING_FIXTURE
REQ_SYN_SEG_0697_f2	SYN_SEG_0697	SYN_SEG_SPK_20	training	i	f2	2184.666	within_speaker_z	1428.26883333333	636.098637754016	1.18911929970077	z	TRUE	eligible_complete_training_inventory	SYNTHETIC_TEACHING_FIXTURE
REQ_SYN_SEG_0697_f2	SYN_SEG_0697	SYN_SEG_SPK_20	training	i	f2	2184.666	f3_reference_scaling		2441.756	2312.22316062047	Hz	TRUE	eligible_complete_training_inventory	SYNTHETIC_TEACHING_FIXTURE
REQ_SYN_SEG_0697_f3	SYN_SEG_0697	SYN_SEG_SPK_20	training	i	f3	2881.564	raw_hz			2881.564	Hz	TRUE	eligible_complete_training_inventory	SYNTHETIC_TEACHING_FIXTURE
REQ_SYN_SEG_0697_f3	SYN_SEG_0697	SYN_SEG_SPK_20	training	i	f3	2881.564	log_hz			7.96608848128424	log_Hz	TRUE	eligible_complete_training_inventory	SYNTHETIC_TEACHING_FIXTURE
REQ_SYN_SEG_0697_f3	SYN_SEG_0697	SYN_SEG_SPK_20	training	i	f3	2881.564	within_speaker_z	2545.81333333333	303.337569249578	1.1068548729301	z	TRUE	eligible_complete_training_inventory	SYNTHETIC_TEACHING_FIXTURE
REQ_SYN_SEG_0697_f3	SYN_SEG_0697	SYN_SEG_SPK_20	training	i	f3	2881.564	f3_reference_scaling		2441.756	3049.8112844756	Hz	TRUE	eligible_complete_training_inventory	SYNTHETIC_TEACHING_FIXTURE
REQ_SYN_SEG_0698_f1	SYN_SEG_0698	SYN_SEG_SPK_20	training	a	f1	759.908	raw_hz			759.908	Hz	TRUE	eligible_complete_training_inventory	SYNTHETIC_TEACHING_FIXTURE
REQ_SYN_SEG_0698_f1	SYN_SEG_0698	SYN_SEG_SPK_20	training	a	f1	759.908	log_hz			6.63319737332134	log_Hz	TRUE	eligible_complete_training_inventory	SYNTHETIC_TEACHING_FIXTURE
REQ_SYN_SEG_0698_f1	SYN_SEG_0698	SYN_SEG_SPK_20	training	a	f1	759.908	within_speaker_z	457.791833333333	201.77602315251	1.49728477123526	z	TRUE	eligible_complete_training_inventory	SYNTHETIC_TEACHING_FIXTURE
REQ_SYN_SEG_0698_f1	SYN_SEG_0698	SYN_SEG_SPK_20	training	a	f1	759.908	f3_reference_scaling		2441.756	804.277119495969	Hz	TRUE	eligible_complete_training_inventory	SYNTHETIC_TEACHING_FIXTURE
REQ_SYN_SEG_0698_f2	SYN_SEG_0698	SYN_SEG_SPK_20	training	a	f2	1151.757	raw_hz			1151.757	Hz	TRUE	eligible_complete_training_inventory	SYNTHETIC_TEACHING_FIXTURE
REQ_SYN_SEG_0698_f2	SYN_SEG_0698	SYN_SEG_SPK_20	training	a	f2	1151.757	log_hz			7.04904388150539	log_Hz	TRUE	eligible_complete_training_inventory	SYNTHETIC_TEACHING_FIXTURE
REQ_SYN_SEG_0698_f2	SYN_SEG_0698	SYN_SEG_SPK_20	training	a	f2	1151.757	within_speaker_z	1428.26883333333	636.098637754016	-0.434699615628264	z	TRUE	eligible_complete_training_inventory	SYNTHETIC_TEACHING_FIXTURE
REQ_SYN_SEG_0698_f2	SYN_SEG_0698	SYN_SEG_SPK_20	training	a	f2	1151.757	f3_reference_scaling		2441.756	1219.00519841786	Hz	TRUE	eligible_complete_training_inventory	SYNTHETIC_TEACHING_FIXTURE
REQ_SYN_SEG_0698_f3	SYN_SEG_0698	SYN_SEG_SPK_20	training	a	f3	2459.913	raw_hz			2459.913	Hz	TRUE	eligible_complete_training_inventory	SYNTHETIC_TEACHING_FIXTURE
REQ_SYN_SEG_0698_f3	SYN_SEG_0698	SYN_SEG_SPK_20	training	a	f3	2459.913	log_hz			7.80788126244736	log_Hz	TRUE	eligible_complete_training_inventory	SYNTHETIC_TEACHING_FIXTURE
REQ_SYN_SEG_0698_f3	SYN_SEG_0698	SYN_SEG_SPK_20	training	a	f3	2459.913	within_speaker_z	2545.81333333333	303.337569249578	-0.283183957548816	z	TRUE	eligible_complete_training_inventory	SYNTHETIC_TEACHING_FIXTURE
REQ_SYN_SEG_0698_f3	SYN_SEG_0698	SYN_SEG_SPK_20	training	a	f3	2459.913	f3_reference_scaling		2441.756	2603.54114162594	Hz	TRUE	eligible_complete_training_inventory	SYNTHETIC_TEACHING_FIXTURE
REQ_SYN_SEG_0699_f1	SYN_SEG_0699	SYN_SEG_SPK_20	training	u	f1	356.078	raw_hz			356.078	Hz	TRUE	eligible_complete_training_inventory	SYNTHETIC_TEACHING_FIXTURE
REQ_SYN_SEG_0699_f1	SYN_SEG_0699	SYN_SEG_SPK_20	training	u	f1	356.078	log_hz			5.87514980797648	log_Hz	TRUE	eligible_complete_training_inventory	SYNTHETIC_TEACHING_FIXTURE
REQ_SYN_SEG_0699_f1	SYN_SEG_0699	SYN_SEG_SPK_20	training	u	f1	356.078	within_speaker_z	457.791833333333	201.77602315251	-0.504092764562289	z	TRUE	eligible_complete_training_inventory	SYNTHETIC_TEACHING_FIXTURE
REQ_SYN_SEG_0699_f1	SYN_SEG_0699	SYN_SEG_SPK_20	training	u	f1	356.078	f3_reference_scaling		2441.756	376.868500076175	Hz	TRUE	eligible_complete_training_inventory	SYNTHETIC_TEACHING_FIXTURE
REQ_SYN_SEG_0699_f2	SYN_SEG_0699	SYN_SEG_SPK_20	training	u	f2	841.569	raw_hz			841.569	Hz	TRUE	eligible_complete_training_inventory	SYNTHETIC_TEACHING_FIXTURE
REQ_SYN_SEG_0699_f2	SYN_SEG_0699	SYN_SEG_SPK_20	training	u	f2	841.569	log_hz			6.73526800670427	log_Hz	TRUE	eligible_complete_training_inventory	SYNTHETIC_TEACHING_FIXTURE
REQ_SYN_SEG_0699_f2	SYN_SEG_0699	SYN_SEG_SPK_20	training	u	f2	841.569	within_speaker_z	1428.26883333333	636.098637754016	-0.922340968068877	z	TRUE	eligible_complete_training_inventory	SYNTHETIC_TEACHING_FIXTURE
REQ_SYN_SEG_0699_f2	SYN_SEG_0699	SYN_SEG_SPK_20	training	u	f2	841.569	f3_reference_scaling		2441.756	890.706100182	Hz	TRUE	eligible_complete_training_inventory	SYNTHETIC_TEACHING_FIXTURE
REQ_SYN_SEG_0699_f3	SYN_SEG_0699	SYN_SEG_SPK_20	training	u	f3	2285.148	raw_hz			2285.148	Hz	TRUE	eligible_complete_training_inventory	SYNTHETIC_TEACHING_FIXTURE
REQ_SYN_SEG_0699_f3	SYN_SEG_0699	SYN_SEG_SPK_20	training	u	f3	2285.148	log_hz			7.7341860714715	log_Hz	TRUE	eligible_complete_training_inventory	SYNTHETIC_TEACHING_FIXTURE
REQ_SYN_SEG_0699_f3	SYN_SEG_0699	SYN_SEG_SPK_20	training	u	f3	2285.148	within_speaker_z	2545.81333333333	303.337569249578	-0.859324263651843	z	TRUE	eligible_complete_training_inventory	SYNTHETIC_TEACHING_FIXTURE
REQ_SYN_SEG_0699_f3	SYN_SEG_0699	SYN_SEG_SPK_20	training	u	f3	2285.148	f3_reference_scaling		2441.756	2418.57205222471	Hz	TRUE	eligible_complete_training_inventory	SYNTHETIC_TEACHING_FIXTURE
REQ_SYN_SEG_0700_f1	SYN_SEG_0700	SYN_SEG_SPK_20	training	i	f1	308.088	raw_hz			308.088	Hz	TRUE	eligible_complete_training_inventory	SYNTHETIC_TEACHING_FIXTURE
REQ_SYN_SEG_0700_f1	SYN_SEG_0700	SYN_SEG_SPK_20	training	i	f1	308.088	log_hz			5.73038545645074	log_Hz	TRUE	eligible_complete_training_inventory	SYNTHETIC_TEACHING_FIXTURE
REQ_SYN_SEG_0700_f1	SYN_SEG_0700	SYN_SEG_SPK_20	training	i	f1	308.088	within_speaker_z	457.791833333333	201.77602315251	-0.741930735844571	z	TRUE	eligible_complete_training_inventory	SYNTHETIC_TEACHING_FIXTURE
REQ_SYN_SEG_0700_f1	SYN_SEG_0700	SYN_SEG_SPK_20	training	i	f1	308.088	f3_reference_scaling		2441.756	326.076484510328	Hz	TRUE	eligible_complete_training_inventory	SYNTHETIC_TEACHING_FIXTURE
REQ_SYN_SEG_0700_f2	SYN_SEG_0700	SYN_SEG_SPK_20	training	i	f2	2276.053	raw_hz			2276.053	Hz	TRUE	eligible_complete_training_inventory	SYNTHETIC_TEACHING_FIXTURE
REQ_SYN_SEG_0700_f2	SYN_SEG_0700	SYN_SEG_SPK_20	training	i	f2	2276.053	log_hz			7.73019808144258	log_Hz	TRUE	eligible_complete_training_inventory	SYNTHETIC_TEACHING_FIXTURE
REQ_SYN_SEG_0700_f2	SYN_SEG_0700	SYN_SEG_SPK_20	training	i	f2	2276.053	within_speaker_z	1428.26883333333	636.098637754016	1.33278726969151	z	TRUE	eligible_complete_training_inventory	SYNTHETIC_TEACHING_FIXTURE
REQ_SYN_SEG_0700_f2	SYN_SEG_0700	SYN_SEG_SPK_20	training	i	f2	2276.053	f3_reference_scaling		2441.756	2408.94601801818	Hz	TRUE	eligible_complete_training_inventory	SYNTHETIC_TEACHING_FIXTURE
REQ_SYN_SEG_0700_f3	SYN_SEG_0700	SYN_SEG_SPK_20	training	i	f3	2915.536	raw_hz			2915.536	Hz	TRUE	eligible_complete_training_inventory	SYNTHETIC_TEACHING_FIXTURE
REQ_SYN_SEG_0700_f3	SYN_SEG_0700	SYN_SEG_SPK_20	training	i	f3	2915.536	log_hz			7.97780895838224	log_Hz	TRUE	eligible_complete_training_inventory	SYNTHETIC_TEACHING_FIXTURE
REQ_SYN_SEG_0700_f3	SYN_SEG_0700	SYN_SEG_SPK_20	training	i	f3	2915.536	within_speaker_z	2545.81333333333	303.337569249578	1.21884891337831	z	TRUE	eligible_complete_training_inventory	SYNTHETIC_TEACHING_FIXTURE
REQ_SYN_SEG_0700_f3	SYN_SEG_0700	SYN_SEG_SPK_20	training	i	f3	2915.536	f3_reference_scaling		2441.756	3085.76682422978	Hz	TRUE	eligible_complete_training_inventory	SYNTHETIC_TEACHING_FIXTURE
REQ_SYN_SEG_0701_f1	SYN_SEG_0701	SYN_SEG_SPK_20	training	a	f1	717.335	raw_hz			717.335	Hz	TRUE	eligible_complete_training_inventory	SYNTHETIC_TEACHING_FIXTURE
REQ_SYN_SEG_0701_f1	SYN_SEG_0701	SYN_SEG_SPK_20	training	a	f1	717.335	log_hz			6.57554295603094	log_Hz	TRUE	eligible_complete_training_inventory	SYNTHETIC_TEACHING_FIXTURE
REQ_SYN_SEG_0701_f1	SYN_SEG_0701	SYN_SEG_SPK_20	training	a	f1	717.335	within_speaker_z	457.791833333333	201.77602315251	1.28629339904521	z	TRUE	eligible_complete_training_inventory	SYNTHETIC_TEACHING_FIXTURE
REQ_SYN_SEG_0701_f1	SYN_SEG_0701	SYN_SEG_SPK_20	training	a	f1	717.335	f3_reference_scaling		2441.756	759.218388954507	Hz	TRUE	eligible_complete_training_inventory	SYNTHETIC_TEACHING_FIXTURE
REQ_SYN_SEG_0701_f2	SYN_SEG_0701	SYN_SEG_SPK_20	training	a	f2	1211.678	raw_hz			1211.678	Hz	TRUE	eligible_complete_training_inventory	SYNTHETIC_TEACHING_FIXTURE
REQ_SYN_SEG_0701_f2	SYN_SEG_0701	SYN_SEG_SPK_20	training	a	f2	1211.678	log_hz			7.09976145476333	log_Hz	TRUE	eligible_complete_training_inventory	SYNTHETIC_TEACHING_FIXTURE
REQ_SYN_SEG_0701_f2	SYN_SEG_0701	SYN_SEG_SPK_20	training	a	f2	1211.678	within_speaker_z	1428.26883333333	636.098637754016	-0.340498816501302	z	TRUE	eligible_complete_training_inventory	SYNTHETIC_TEACHING_FIXTURE
REQ_SYN_SEG_0701_f2	SYN_SEG_0701	SYN_SEG_SPK_20	training	a	f2	1211.678	f3_reference_scaling		2441.756	1282.42483510719	Hz	TRUE	eligible_complete_training_inventory	SYNTHETIC_TEACHING_FIXTURE
REQ_SYN_SEG_0701_f3	SYN_SEG_0701	SYN_SEG_SPK_20	training	a	f3	2423.599	raw_hz			2423.599	Hz	TRUE	eligible_complete_training_inventory	SYNTHETIC_TEACHING_FIXTURE
REQ_SYN_SEG_0701_f3	SYN_SEG_0701	SYN_SEG_SPK_20	training	a	f3	2423.599	log_hz			7.79300890446141	log_Hz	TRUE	eligible_complete_training_inventory	SYNTHETIC_TEACHING_FIXTURE
REQ_SYN_SEG_0701_f3	SYN_SEG_0701	SYN_SEG_SPK_20	training	a	f3	2423.599	within_speaker_z	2545.81333333333	303.337569249578	-0.402898769300741	z	TRUE	eligible_complete_training_inventory	SYNTHETIC_TEACHING_FIXTURE
REQ_SYN_SEG_0701_f3	SYN_SEG_0701	SYN_SEG_SPK_20	training	a	f3	2423.599	f3_reference_scaling		2441.756	2565.10685837406	Hz	TRUE	eligible_complete_training_inventory	SYNTHETIC_TEACHING_FIXTURE
REQ_SYN_SEG_0702_f1	SYN_SEG_0702	SYN_SEG_SPK_20	training	u	f1	337.331	raw_hz			337.331	Hz	TRUE	eligible_complete_training_inventory	SYNTHETIC_TEACHING_FIXTURE
REQ_SYN_SEG_0702_f1	SYN_SEG_0702	SYN_SEG_SPK_20	training	u	f1	337.331	log_hz			5.82106464415933	log_Hz	TRUE	eligible_complete_training_inventory	SYNTHETIC_TEACHING_FIXTURE
REQ_SYN_SEG_0702_f1	SYN_SEG_0702	SYN_SEG_SPK_20	training	u	f1	337.331	within_speaker_z	457.791833333333	201.77602315251	-0.597002713460579	z	TRUE	eligible_complete_training_inventory	SYNTHETIC_TEACHING_FIXTURE
REQ_SYN_SEG_0702_f1	SYN_SEG_0702	SYN_SEG_SPK_20	training	u	f1	337.331	f3_reference_scaling		2441.756	357.026909832104	Hz	TRUE	eligible_complete_training_inventory	SYNTHETIC_TEACHING_FIXTURE
REQ_SYN_SEG_0702_f2	SYN_SEG_0702	SYN_SEG_SPK_20	training	u	f2	838.424	raw_hz			838.424	Hz	TRUE	eligible_complete_training_inventory	SYNTHETIC_TEACHING_FIXTURE
REQ_SYN_SEG_0702_f2	SYN_SEG_0702	SYN_SEG_SPK_20	training	u	f2	838.424	log_hz			6.73152393911126	log_Hz	TRUE	eligible_complete_training_inventory	SYNTHETIC_TEACHING_FIXTURE
REQ_SYN_SEG_0702_f2	SYN_SEG_0702	SYN_SEG_SPK_20	training	u	f2	838.424	within_speaker_z	1428.26883333333	636.098637754016	-0.92728516982209	z	TRUE	eligible_complete_training_inventory	SYNTHETIC_TEACHING_FIXTURE
REQ_SYN_SEG_0702_f2	SYN_SEG_0702	SYN_SEG_SPK_20	training	u	f2	838.424	f3_reference_scaling		2441.756	887.377471531144	Hz	TRUE	eligible_complete_training_inventory	SYNTHETIC_TEACHING_FIXTURE
REQ_SYN_SEG_0702_f3	SYN_SEG_0702	SYN_SEG_SPK_20	training	u	f3	2206.033	raw_hz			2206.033	Hz	TRUE	eligible_complete_training_inventory	SYNTHETIC_TEACHING_FIXTURE
REQ_SYN_SEG_0702_f3	SYN_SEG_0702	SYN_SEG_SPK_20	training	u	f3	2206.033	log_hz			7.69895115890374	log_Hz	TRUE	eligible_complete_training_inventory	SYNTHETIC_TEACHING_FIXTURE
REQ_SYN_SEG_0702_f3	SYN_SEG_0702	SYN_SEG_SPK_20	training	u	f3	2206.033	within_speaker_z	2545.81333333333	303.337569249578	-1.12013930280351	z	TRUE	eligible_complete_training_inventory	SYNTHETIC_TEACHING_FIXTURE
REQ_SYN_SEG_0702_f3	SYN_SEG_0702	SYN_SEG_SPK_20	training	u	f3	2206.033	f3_reference_scaling		2441.756	2334.83772608401	Hz	TRUE	eligible_complete_training_inventory	SYNTHETIC_TEACHING_FIXTURE
REQ_SYN_SEG_0703_f1	SYN_SEG_0703	SYN_SEG_SPK_20	training	i	f1	311.099	raw_hz			311.099	Hz	TRUE	eligible_complete_training_inventory	SYNTHETIC_TEACHING_FIXTURE
REQ_SYN_SEG_0703_f1	SYN_SEG_0703	SYN_SEG_SPK_20	training	i	f1	311.099	log_hz			5.74011118949791	log_Hz	TRUE	eligible_complete_training_inventory	SYNTHETIC_TEACHING_FIXTURE
REQ_SYN_SEG_0703_f1	SYN_SEG_0703	SYN_SEG_SPK_20	training	i	f1	311.099	within_speaker_z	457.791833333333	201.77602315251	-0.72700824925297	z	TRUE	eligible_complete_training_inventory	SYNTHETIC_TEACHING_FIXTURE
REQ_SYN_SEG_0703_f1	SYN_SEG_0703	SYN_SEG_SPK_20	training	i	f1	311.099	f3_reference_scaling		2441.756	329.263289237745	Hz	TRUE	eligible_complete_training_inventory	SYNTHETIC_TEACHING_FIXTURE
REQ_SYN_SEG_0703_f2	SYN_SEG_0703	SYN_SEG_SPK_20	training	i	f2	2306.471	raw_hz			2306.471	Hz	TRUE	eligible_complete_training_inventory	SYNTHETIC_TEACHING_FIXTURE
REQ_SYN_SEG_0703_f2	SYN_SEG_0703	SYN_SEG_SPK_20	training	i	f2	2306.471	log_hz			7.74347392975603	log_Hz	TRUE	eligible_complete_training_inventory	SYNTHETIC_TEACHING_FIXTURE
REQ_SYN_SEG_0703_f2	SYN_SEG_0703	SYN_SEG_SPK_20	training	i	f2	2306.471	within_speaker_z	1428.26883333333	636.098637754016	1.38060689733197	z	TRUE	eligible_complete_training_inventory	SYNTHETIC_TEACHING_FIXTURE
REQ_SYN_SEG_0703_f2	SYN_SEG_0703	SYN_SEG_SPK_20	training	i	f2	2306.471	f3_reference_scaling		2441.756	2441.14004863877	Hz	TRUE	eligible_complete_training_inventory	SYNTHETIC_TEACHING_FIXTURE
REQ_SYN_SEG_0703_f3	SYN_SEG_0703	SYN_SEG_SPK_20	training	i	f3	2938.052	raw_hz			2938.052	Hz	TRUE	eligible_complete_training_inventory	SYNTHETIC_TEACHING_FIXTURE
REQ_SYN_SEG_0703_f3	SYN_SEG_0703	SYN_SEG_SPK_20	training	i	f3	2938.052	log_hz			7.98550205569224	log_Hz	TRUE	eligible_complete_training_inventory	SYNTHETIC_TEACHING_FIXTURE
REQ_SYN_SEG_0703_f3	SYN_SEG_0703	SYN_SEG_SPK_20	training	i	f3	2938.052	within_speaker_z	2545.81333333333	303.337569249578	1.29307644825209	z	TRUE	eligible_complete_training_inventory	SYNTHETIC_TEACHING_FIXTURE
REQ_SYN_SEG_0703_f3	SYN_SEG_0703	SYN_SEG_SPK_20	training	i	f3	2938.052	f3_reference_scaling		2441.756	3109.59747691743	Hz	TRUE	eligible_complete_training_inventory	SYNTHETIC_TEACHING_FIXTURE
REQ_SYN_SEG_0704_f1	SYN_SEG_0704	SYN_SEG_SPK_20	training	a	f1	720.145	raw_hz			720.145	Hz	TRUE	eligible_complete_training_inventory	SYNTHETIC_TEACHING_FIXTURE
REQ_SYN_SEG_0704_f1	SYN_SEG_0704	SYN_SEG_SPK_20	training	a	f1	720.145	log_hz			6.57945258062297	log_Hz	TRUE	eligible_complete_training_inventory	SYNTHETIC_TEACHING_FIXTURE
REQ_SYN_SEG_0704_f1	SYN_SEG_0704	SYN_SEG_SPK_20	training	a	f1	720.145	within_speaker_z	457.791833333333	201.77602315251	1.30021973159997	z	TRUE	eligible_complete_training_inventory	SYNTHETIC_TEACHING_FIXTURE
REQ_SYN_SEG_0704_f1	SYN_SEG_0704	SYN_SEG_SPK_20	training	a	f1	720.145	f3_reference_scaling		2441.756	762.192457796766	Hz	TRUE	eligible_complete_training_inventory	SYNTHETIC_TEACHING_FIXTURE
REQ_SYN_SEG_0704_f2	SYN_SEG_0704	SYN_SEG_SPK_20	training	a	f2	1057.478	raw_hz			1057.478	Hz	TRUE	eligible_complete_training_inventory	SYNTHETIC_TEACHING_FIXTURE
REQ_SYN_SEG_0704_f2	SYN_SEG_0704	SYN_SEG_SPK_20	training	a	f2	1057.478	log_hz			6.96364210692153	log_Hz	TRUE	eligible_complete_training_inventory	SYNTHETIC_TEACHING_FIXTURE
REQ_SYN_SEG_0704_f2	SYN_SEG_0704	SYN_SEG_SPK_20	training	a	f2	1057.478	within_speaker_z	1428.26883333333	636.098637754016	-0.582914050315449	z	TRUE	eligible_complete_training_inventory	SYNTHETIC_TEACHING_FIXTURE
REQ_SYN_SEG_0704_f2	SYN_SEG_0704	SYN_SEG_SPK_20	training	a	f2	1057.478	f3_reference_scaling		2441.756	1119.22148440385	Hz	TRUE	eligible_complete_training_inventory	SYNTHETIC_TEACHING_FIXTURE
REQ_SYN_SEG_0704_f3	SYN_SEG_0704	SYN_SEG_SPK_20	training	a	f3	2583.965	raw_hz			2583.965	Hz	TRUE	eligible_complete_training_inventory	SYNTHETIC_TEACHING_FIXTURE
REQ_SYN_SEG_0704_f3	SYN_SEG_0704	SYN_SEG_SPK_20	training	a	f3	2583.965	log_hz			7.85708031991912	log_Hz	TRUE	eligible_complete_training_inventory	SYNTHETIC_TEACHING_FIXTURE
REQ_SYN_SEG_0704_f3	SYN_SEG_0704	SYN_SEG_SPK_20	training	a	f3	2583.965	within_speaker_z	2545.81333333333	303.337569249578	0.125772968910674	z	TRUE	eligible_complete_training_inventory	SYNTHETIC_TEACHING_FIXTURE
REQ_SYN_SEG_0704_f3	SYN_SEG_0704	SYN_SEG_SPK_20	training	a	f3	2583.965	f3_reference_scaling		2441.756	2734.83622633056	Hz	TRUE	eligible_complete_training_inventory	SYNTHETIC_TEACHING_FIXTURE
REQ_SYN_SEG_0705_f1	SYN_SEG_0705	SYN_SEG_SPK_20	training	u	f1	351.271	raw_hz			351.271	Hz	TRUE	eligible_complete_training_inventory	SYNTHETIC_TEACHING_FIXTURE
REQ_SYN_SEG_0705_f1	SYN_SEG_0705	SYN_SEG_SPK_20	training	u	f1	351.271	log_hz			5.86155800533768	log_Hz	TRUE	eligible_complete_training_inventory	SYNTHETIC_TEACHING_FIXTURE
REQ_SYN_SEG_0705_f1	SYN_SEG_0705	SYN_SEG_SPK_20	training	u	f1	351.271	within_speaker_z	457.791833333333	201.77602315251	-0.527916209612381	z	TRUE	eligible_complete_training_inventory	SYNTHETIC_TEACHING_FIXTURE
REQ_SYN_SEG_0705_f1	SYN_SEG_0705	SYN_SEG_SPK_20	training	u	f1	351.271	f3_reference_scaling		2441.756	371.780831419683	Hz	TRUE	eligible_complete_training_inventory	SYNTHETIC_TEACHING_FIXTURE
REQ_SYN_SEG_0705_f2	SYN_SEG_0705	SYN_SEG_SPK_20	training	u	f2	897.71	raw_hz			897.71	Hz	TRUE	eligible_complete_training_inventory	SYNTHETIC_TEACHING_FIXTURE
REQ_SYN_SEG_0705_f2	SYN_SEG_0705	SYN_SEG_SPK_20	training	u	f2	897.71	log_hz			6.79984707627952	log_Hz	TRUE	eligible_complete_training_inventory	SYNTHETIC_TEACHING_FIXTURE
REQ_SYN_SEG_0705_f2	SYN_SEG_0705	SYN_SEG_SPK_20	training	u	f2	897.71	within_speaker_z	1428.26883333333	636.098637754016	-0.834082643545142	z	TRUE	eligible_complete_training_inventory	SYNTHETIC_TEACHING_FIXTURE
REQ_SYN_SEG_0705_f2	SYN_SEG_0705	SYN_SEG_SPK_20	training	u	f2	897.71	f3_reference_scaling		2441.756	950.125032165376	Hz	TRUE	eligible_complete_training_inventory	SYNTHETIC_TEACHING_FIXTURE
REQ_SYN_SEG_0705_f3	SYN_SEG_0705	SYN_SEG_SPK_20	training	u	f3	2171.782	raw_hz			2171.782	Hz	TRUE	eligible_complete_training_inventory	SYNTHETIC_TEACHING_FIXTURE
REQ_SYN_SEG_0705_f3	SYN_SEG_0705	SYN_SEG_SPK_20	training	u	f3	2171.782	log_hz			7.68330330769246	log_Hz	TRUE	eligible_complete_training_inventory	SYNTHETIC_TEACHING_FIXTURE
REQ_SYN_SEG_0705_f3	SYN_SEG_0705	SYN_SEG_SPK_20	training	u	f3	2171.782	within_speaker_z	2545.81333333333	303.337569249578	-1.23305311062736	z	TRUE	eligible_complete_training_inventory	SYNTHETIC_TEACHING_FIXTURE
REQ_SYN_SEG_0705_f3	SYN_SEG_0705	SYN_SEG_SPK_20	training	u	f3	2171.782	f3_reference_scaling		2441.756	2298.58689622059	Hz	TRUE	eligible_complete_training_inventory	SYNTHETIC_TEACHING_FIXTURE
REQ_SYN_SEG_0706_f1	SYN_SEG_0706	SYN_SEG_SPK_20	training	i	f1	263.717	raw_hz			263.717	Hz	TRUE	eligible_complete_training_inventory	SYNTHETIC_TEACHING_FIXTURE
REQ_SYN_SEG_0706_f1	SYN_SEG_0706	SYN_SEG_SPK_20	training	i	f1	263.717	log_hz			5.57487655847889	log_Hz	TRUE	eligible_complete_training_inventory	SYNTHETIC_TEACHING_FIXTURE
REQ_SYN_SEG_0706_f1	SYN_SEG_0706	SYN_SEG_SPK_20	training	i	f1	263.717	within_speaker_z	457.791833333333	201.77602315251	-0.961832978473581	z	TRUE	eligible_complete_training_inventory	SYNTHETIC_TEACHING_FIXTURE
REQ_SYN_SEG_0706_f1	SYN_SEG_0706	SYN_SEG_SPK_20	training	i	f1	263.717	f3_reference_scaling		2441.756	279.114773264814	Hz	TRUE	eligible_complete_training_inventory	SYNTHETIC_TEACHING_FIXTURE
REQ_SYN_SEG_0706_f2	SYN_SEG_0706	SYN_SEG_SPK_20	training	i	f2	2316.412	raw_hz			2316.412	Hz	TRUE	eligible_complete_training_inventory	SYNTHETIC_TEACHING_FIXTURE
REQ_SYN_SEG_0706_f2	SYN_SEG_0706	SYN_SEG_SPK_20	training	i	f2	2316.412	log_hz			7.74777471579064	log_Hz	TRUE	eligible_complete_training_inventory	SYNTHETIC_TEACHING_FIXTURE
REQ_SYN_SEG_0706_f2	SYN_SEG_0706	SYN_SEG_SPK_20	training	i	f2	2316.412	within_speaker_z	1428.26883333333	636.098637754016	1.39623497670517	z	TRUE	eligible_complete_training_inventory	SYNTHETIC_TEACHING_FIXTURE
REQ_SYN_SEG_0706_f2	SYN_SEG_0706	SYN_SEG_SPK_20	training	i	f2	2316.412	f3_reference_scaling		2441.756	2451.66147866044	Hz	TRUE	eligible_complete_training_inventory	SYNTHETIC_TEACHING_FIXTURE
REQ_SYN_SEG_0706_f3	SYN_SEG_0706	SYN_SEG_SPK_20	training	i	f3	2971.916	raw_hz			2971.916	Hz	TRUE	eligible_complete_training_inventory	SYNTHETIC_TEACHING_FIXTURE
REQ_SYN_SEG_0706_f3	SYN_SEG_0706	SYN_SEG_SPK_20	training	i	f3	2971.916	log_hz			7.9969621416428	log_Hz	TRUE	eligible_complete_training_inventory	SYNTHETIC_TEACHING_FIXTURE
REQ_SYN_SEG_0706_f3	SYN_SEG_0706	SYN_SEG_SPK_20	training	i	f3	2971.916	within_speaker_z	2545.81333333333	303.337569249578	1.40471444971619	z	TRUE	eligible_complete_training_inventory	SYNTHETIC_TEACHING_FIXTURE
REQ_SYN_SEG_0706_f3	SYN_SEG_0706	SYN_SEG_SPK_20	training	i	f3	2971.916	f3_reference_scaling		2441.756	3145.43871082287	Hz	TRUE	eligible_complete_training_inventory	SYNTHETIC_TEACHING_FIXTURE
REQ_SYN_SEG_0707_f1	SYN_SEG_0707	SYN_SEG_SPK_20	training	a	f1	716.817	raw_hz			716.817	Hz	TRUE	eligible_complete_training_inventory	SYNTHETIC_TEACHING_FIXTURE
REQ_SYN_SEG_0707_f1	SYN_SEG_0707	SYN_SEG_SPK_20	training	a	f1	716.817	log_hz			6.57482057789735	log_Hz	TRUE	eligible_complete_training_inventory	SYNTHETIC_TEACHING_FIXTURE
REQ_SYN_SEG_0707_f1	SYN_SEG_0707	SYN_SEG_SPK_20	training	a	f1	716.817	within_speaker_z	457.791833333333	201.77602315251	1.2837261961045	z	TRUE	eligible_complete_training_inventory	SYNTHETIC_TEACHING_FIXTURE
REQ_SYN_SEG_0707_f1	SYN_SEG_0707	SYN_SEG_SPK_20	training	a	f1	716.817	f3_reference_scaling		2441.756	758.670144235542	Hz	TRUE	eligible_complete_training_inventory	SYNTHETIC_TEACHING_FIXTURE
REQ_SYN_SEG_0707_f2	SYN_SEG_0707	SYN_SEG_SPK_20	training	a	f2	1179.861	raw_hz			1179.861	Hz	TRUE	eligible_complete_training_inventory	SYNTHETIC_TEACHING_FIXTURE
REQ_SYN_SEG_0707_f2	SYN_SEG_0707	SYN_SEG_SPK_20	training	a	f2	1179.861	log_hz			7.07315191391098	log_Hz	TRUE	eligible_complete_training_inventory	SYNTHETIC_TEACHING_FIXTURE
REQ_SYN_SEG_0707_f2	SYN_SEG_0707	SYN_SEG_SPK_20	training	a	f2	1179.861	within_speaker_z	1428.26883333333	636.098637754016	-0.390517788578246	z	TRUE	eligible_complete_training_inventory	SYNTHETIC_TEACHING_FIXTURE
REQ_SYN_SEG_0707_f2	SYN_SEG_0707	SYN_SEG_SPK_20	training	a	f2	1179.861	f3_reference_scaling		2441.756	1248.75012039041	Hz	TRUE	eligible_complete_training_inventory	SYNTHETIC_TEACHING_FIXTURE
REQ_SYN_SEG_0707_f3	SYN_SEG_0707	SYN_SEG_SPK_20	training	a	f3	2420.479	raw_hz			2420.479	Hz	TRUE	eligible_complete_training_inventory	SYNTHETIC_TEACHING_FIXTURE
REQ_SYN_SEG_0707_f3	SYN_SEG_0707	SYN_SEG_SPK_20	training	a	f3	2420.479	log_hz			7.7917207334487	log_Hz	TRUE	eligible_complete_training_inventory	SYNTHETIC_TEACHING_FIXTURE
REQ_SYN_SEG_0707_f3	SYN_SEG_0707	SYN_SEG_SPK_20	training	a	f3	2420.479	within_speaker_z	2545.81333333333	303.337569249578	-0.413184339952998	z	TRUE	eligible_complete_training_inventory	SYNTHETIC_TEACHING_FIXTURE
REQ_SYN_SEG_0707_f3	SYN_SEG_0707	SYN_SEG_SPK_20	training	a	f3	2420.479	f3_reference_scaling		2441.756	2561.80468941041	Hz	TRUE	eligible_complete_training_inventory	SYNTHETIC_TEACHING_FIXTURE
REQ_SYN_SEG_0708_f1	SYN_SEG_0708	SYN_SEG_SPK_20	training	u	f1	344.255	raw_hz			344.255	Hz	TRUE	eligible_complete_training_inventory	SYNTHETIC_TEACHING_FIXTURE
REQ_SYN_SEG_0708_f1	SYN_SEG_0708	SYN_SEG_SPK_20	training	u	f1	344.255	log_hz			5.84138266183154	log_Hz	TRUE	eligible_complete_training_inventory	SYNTHETIC_TEACHING_FIXTURE
REQ_SYN_SEG_0708_f1	SYN_SEG_0708	SYN_SEG_SPK_20	training	u	f1	344.255	within_speaker_z	457.791833333333	201.77602315251	-0.562687437087199	z	TRUE	eligible_complete_training_inventory	SYNTHETIC_TEACHING_FIXTURE
REQ_SYN_SEG_0708_f1	SYN_SEG_0708	SYN_SEG_SPK_20	training	u	f1	344.255	f3_reference_scaling		2441.756	364.35518480143	Hz	TRUE	eligible_complete_training_inventory	SYNTHETIC_TEACHING_FIXTURE
REQ_SYN_SEG_0708_f2	SYN_SEG_0708	SYN_SEG_SPK_20	training	u	f2	877.147	raw_hz			877.147	Hz	TRUE	eligible_complete_training_inventory	SYNTHETIC_TEACHING_FIXTURE
REQ_SYN_SEG_0708_f2	SYN_SEG_0708	SYN_SEG_SPK_20	training	u	f2	877.147	log_hz			6.77667459520176	log_Hz	TRUE	eligible_complete_training_inventory	SYNTHETIC_TEACHING_FIXTURE
REQ_SYN_SEG_0708_f2	SYN_SEG_0708	SYN_SEG_SPK_20	training	u	f2	877.147	within_speaker_z	1428.26883333333	636.098637754016	-0.866409390970046	z	TRUE	eligible_complete_training_inventory	SYNTHETIC_TEACHING_FIXTURE
REQ_SYN_SEG_0708_f2	SYN_SEG_0708	SYN_SEG_SPK_20	training	u	f2	877.147	f3_reference_scaling		2441.756	928.361410242465	Hz	TRUE	eligible_complete_training_inventory	SYNTHETIC_TEACHING_FIXTURE
REQ_SYN_SEG_0708_f3	SYN_SEG_0708	SYN_SEG_SPK_20	training	u	f3	2291.773	raw_hz			2291.773	Hz	TRUE	eligible_complete_training_inventory	SYNTHETIC_TEACHING_FIXTURE
REQ_SYN_SEG_0708_f3	SYN_SEG_0708	SYN_SEG_SPK_20	training	u	f3	2291.773	log_hz			7.73708103279022	log_Hz	TRUE	eligible_complete_training_inventory	SYNTHETIC_TEACHING_FIXTURE
REQ_SYN_SEG_0708_f3	SYN_SEG_0708	SYN_SEG_SPK_20	training	u	f3	2291.773	within_speaker_z	2545.81333333333	303.337569249578	-0.837483909302101	z	TRUE	eligible_complete_training_inventory	SYNTHETIC_TEACHING_FIXTURE
REQ_SYN_SEG_0708_f3	SYN_SEG_0708	SYN_SEG_SPK_20	training	u	f3	2291.773	f3_reference_scaling		2441.756	2425.58386933502	Hz	TRUE	eligible_complete_training_inventory	SYNTHETIC_TEACHING_FIXTURE
REQ_SYN_SEG_0733_f1	SYN_SEG_0733	SYN_SEG_SPK_21	evaluation	i	f1	318.633	raw_hz			318.633	Hz	FALSE	evaluation_split_no_training_parameters	SYNTHETIC_TEACHING_FIXTURE
REQ_SYN_SEG_0733_f1	SYN_SEG_0733	SYN_SEG_SPK_21	evaluation	i	f1	318.633	log_hz			5.76403997026653	log_Hz	FALSE	evaluation_split_no_training_parameters	SYNTHETIC_TEACHING_FIXTURE
REQ_SYN_SEG_0733_f1	SYN_SEG_0733	SYN_SEG_SPK_21	evaluation	i	f1	318.633	within_speaker_z				z	FALSE	evaluation_split_no_training_parameters	SYNTHETIC_TEACHING_FIXTURE
REQ_SYN_SEG_0733_f1	SYN_SEG_0733	SYN_SEG_SPK_21	evaluation	i	f1	318.633	f3_reference_scaling				Hz	FALSE	evaluation_split_no_training_parameters	SYNTHETIC_TEACHING_FIXTURE
REQ_SYN_SEG_0733_f2	SYN_SEG_0733	SYN_SEG_SPK_21	evaluation	i	f2	2407.656	raw_hz			2407.656	Hz	FALSE	evaluation_split_no_training_parameters	SYNTHETIC_TEACHING_FIXTURE
REQ_SYN_SEG_0733_f2	SYN_SEG_0733	SYN_SEG_SPK_21	evaluation	i	f2	2407.656	log_hz			7.7864089390808	log_Hz	FALSE	evaluation_split_no_training_parameters	SYNTHETIC_TEACHING_FIXTURE
REQ_SYN_SEG_0733_f2	SYN_SEG_0733	SYN_SEG_SPK_21	evaluation	i	f2	2407.656	within_speaker_z				z	FALSE	evaluation_split_no_training_parameters	SYNTHETIC_TEACHING_FIXTURE
REQ_SYN_SEG_0733_f2	SYN_SEG_0733	SYN_SEG_SPK_21	evaluation	i	f2	2407.656	f3_reference_scaling				Hz	FALSE	evaluation_split_no_training_parameters	SYNTHETIC_TEACHING_FIXTURE
REQ_SYN_SEG_0733_f3	SYN_SEG_0733	SYN_SEG_SPK_21	evaluation	i	f3	3139.604	raw_hz			3139.604	Hz	FALSE	evaluation_split_no_training_parameters	SYNTHETIC_TEACHING_FIXTURE
REQ_SYN_SEG_0733_f3	SYN_SEG_0733	SYN_SEG_SPK_21	evaluation	i	f3	3139.604	log_hz			8.0518519562995	log_Hz	FALSE	evaluation_split_no_training_parameters	SYNTHETIC_TEACHING_FIXTURE
REQ_SYN_SEG_0733_f3	SYN_SEG_0733	SYN_SEG_SPK_21	evaluation	i	f3	3139.604	within_speaker_z				z	FALSE	evaluation_split_no_training_parameters	SYNTHETIC_TEACHING_FIXTURE
REQ_SYN_SEG_0733_f3	SYN_SEG_0733	SYN_SEG_SPK_21	evaluation	i	f3	3139.604	f3_reference_scaling				Hz	FALSE	evaluation_split_no_training_parameters	SYNTHETIC_TEACHING_FIXTURE
REQ_SYN_SEG_0734_f1	SYN_SEG_0734	SYN_SEG_SPK_21	evaluation	a	f1	761.504	raw_hz			761.504	Hz	FALSE	evaluation_split_no_training_parameters	SYNTHETIC_TEACHING_FIXTURE
REQ_SYN_SEG_0734_f1	SYN_SEG_0734	SYN_SEG_SPK_21	evaluation	a	f1	761.504	log_hz			6.63529542511197	log_Hz	FALSE	evaluation_split_no_training_parameters	SYNTHETIC_TEACHING_FIXTURE
REQ_SYN_SEG_0734_f1	SYN_SEG_0734	SYN_SEG_SPK_21	evaluation	a	f1	761.504	within_speaker_z				z	FALSE	evaluation_split_no_training_parameters	SYNTHETIC_TEACHING_FIXTURE
REQ_SYN_SEG_0734_f1	SYN_SEG_0734	SYN_SEG_SPK_21	evaluation	a	f1	761.504	f3_reference_scaling				Hz	FALSE	evaluation_split_no_training_parameters	SYNTHETIC_TEACHING_FIXTURE
REQ_SYN_SEG_0734_f2	SYN_SEG_0734	SYN_SEG_SPK_21	evaluation	a	f2	1211.033	raw_hz			1211.033	Hz	FALSE	evaluation_split_no_training_parameters	SYNTHETIC_TEACHING_FIXTURE
REQ_SYN_SEG_0734_f2	SYN_SEG_0734	SYN_SEG_SPK_21	evaluation	a	f2	1211.033	log_hz			7.09922899338825	log_Hz	FALSE	evaluation_split_no_training_parameters	SYNTHETIC_TEACHING_FIXTURE
REQ_SYN_SEG_0734_f2	SYN_SEG_0734	SYN_SEG_SPK_21	evaluation	a	f2	1211.033	within_speaker_z				z	FALSE	evaluation_split_no_training_parameters	SYNTHETIC_TEACHING_FIXTURE
REQ_SYN_SEG_0734_f2	SYN_SEG_0734	SYN_SEG_SPK_21	evaluation	a	f2	1211.033	f3_reference_scaling				Hz	FALSE	evaluation_split_no_training_parameters	SYNTHETIC_TEACHING_FIXTURE
REQ_SYN_SEG_0734_f3	SYN_SEG_0734	SYN_SEG_SPK_21	evaluation	a	f3	2571.524	raw_hz			2571.524	Hz	FALSE	evaluation_split_no_training_parameters	SYNTHETIC_TEACHING_FIXTURE
REQ_SYN_SEG_0734_f3	SYN_SEG_0734	SYN_SEG_SPK_21	evaluation	a	f3	2571.524	log_hz			7.8522539982455	log_Hz	FALSE	evaluation_split_no_training_parameters	SYNTHETIC_TEACHING_FIXTURE
REQ_SYN_SEG_0734_f3	SYN_SEG_0734	SYN_SEG_SPK_21	evaluation	a	f3	2571.524	within_speaker_z				z	FALSE	evaluation_split_no_training_parameters	SYNTHETIC_TEACHING_FIXTURE
REQ_SYN_SEG_0734_f3	SYN_SEG_0734	SYN_SEG_SPK_21	evaluation	a	f3	2571.524	f3_reference_scaling				Hz	FALSE	evaluation_split_no_training_parameters	SYNTHETIC_TEACHING_FIXTURE
REQ_SYN_SEG_0735_f1	SYN_SEG_0735	SYN_SEG_SPK_21	evaluation	u	f1	369.086	raw_hz			369.086	Hz	FALSE	evaluation_split_no_training_parameters	SYNTHETIC_TEACHING_FIXTURE
REQ_SYN_SEG_0735_f1	SYN_SEG_0735	SYN_SEG_SPK_21	evaluation	u	f1	369.086	log_hz			5.91102967921634	log_Hz	FALSE	evaluation_split_no_training_parameters	SYNTHETIC_TEACHING_FIXTURE
REQ_SYN_SEG_0735_f1	SYN_SEG_0735	SYN_SEG_SPK_21	evaluation	u	f1	369.086	within_speaker_z				z	FALSE	evaluation_split_no_training_parameters	SYNTHETIC_TEACHING_FIXTURE
REQ_SYN_SEG_0735_f1	SYN_SEG_0735	SYN_SEG_SPK_21	evaluation	u	f1	369.086	f3_reference_scaling				Hz	FALSE	evaluation_split_no_training_parameters	SYNTHETIC_TEACHING_FIXTURE
REQ_SYN_SEG_0735_f2	SYN_SEG_0735	SYN_SEG_SPK_21	evaluation	u	f2	968.712	raw_hz			968.712	Hz	FALSE	evaluation_split_no_training_parameters	SYNTHETIC_TEACHING_FIXTURE
REQ_SYN_SEG_0735_f2	SYN_SEG_0735	SYN_SEG_SPK_21	evaluation	u	f2	968.712	log_hz			6.87596735409175	log_Hz	FALSE	evaluation_split_no_training_parameters	SYNTHETIC_TEACHING_FIXTURE
REQ_SYN_SEG_0735_f2	SYN_SEG_0735	SYN_SEG_SPK_21	evaluation	u	f2	968.712	within_speaker_z				z	FALSE	evaluation_split_no_training_parameters	SYNTHETIC_TEACHING_FIXTURE
REQ_SYN_SEG_0735_f2	SYN_SEG_0735	SYN_SEG_SPK_21	evaluation	u	f2	968.712	f3_reference_scaling				Hz	FALSE	evaluation_split_no_training_parameters	SYNTHETIC_TEACHING_FIXTURE
REQ_SYN_SEG_0735_f3	SYN_SEG_0735	SYN_SEG_SPK_21	evaluation	u	f3	2131.292	raw_hz			2131.292	Hz	FALSE	evaluation_split_no_training_parameters	SYNTHETIC_TEACHING_FIXTURE
REQ_SYN_SEG_0735_f3	SYN_SEG_0735	SYN_SEG_SPK_21	evaluation	u	f3	2131.292	log_hz			7.66448364758252	log_Hz	FALSE	evaluation_split_no_training_parameters	SYNTHETIC_TEACHING_FIXTURE
REQ_SYN_SEG_0735_f3	SYN_SEG_0735	SYN_SEG_SPK_21	evaluation	u	f3	2131.292	within_speaker_z				z	FALSE	evaluation_split_no_training_parameters	SYNTHETIC_TEACHING_FIXTURE
REQ_SYN_SEG_0735_f3	SYN_SEG_0735	SYN_SEG_SPK_21	evaluation	u	f3	2131.292	f3_reference_scaling				Hz	FALSE	evaluation_split_no_training_parameters	SYNTHETIC_TEACHING_FIXTURE
REQ_SYN_SEG_0736_f1	SYN_SEG_0736	SYN_SEG_SPK_21	evaluation	i	f1	307.198	raw_hz			307.198	Hz	FALSE	evaluation_split_no_training_parameters	SYNTHETIC_TEACHING_FIXTURE
REQ_SYN_SEG_0736_f1	SYN_SEG_0736	SYN_SEG_SPK_21	evaluation	i	f1	307.198	log_hz			5.72749249083566	log_Hz	FALSE	evaluation_split_no_training_parameters	SYNTHETIC_TEACHING_FIXTURE
REQ_SYN_SEG_0736_f1	SYN_SEG_0736	SYN_SEG_SPK_21	evaluation	i	f1	307.198	within_speaker_z				z	FALSE	evaluation_split_no_training_parameters	SYNTHETIC_TEACHING_FIXTURE
REQ_SYN_SEG_0736_f1	SYN_SEG_0736	SYN_SEG_SPK_21	evaluation	i	f1	307.198	f3_reference_scaling				Hz	FALSE	evaluation_split_no_training_parameters	SYNTHETIC_TEACHING_FIXTURE
REQ_SYN_SEG_0736_f2	SYN_SEG_0736	SYN_SEG_SPK_21	evaluation	i	f2	2392.619	raw_hz			2392.619	Hz	FALSE	evaluation_split_no_training_parameters	SYNTHETIC_TEACHING_FIXTURE
REQ_SYN_SEG_0736_f2	SYN_SEG_0736	SYN_SEG_SPK_21	evaluation	i	f2	2392.619	log_hz			7.78014386085716	log_Hz	FALSE	evaluation_split_no_training_parameters	SYNTHETIC_TEACHING_FIXTURE
REQ_SYN_SEG_0736_f2	SYN_SEG_0736	SYN_SEG_SPK_21	evaluation	i	f2	2392.619	within_speaker_z				z	FALSE	evaluation_split_no_training_parameters	SYNTHETIC_TEACHING_FIXTURE
REQ_SYN_SEG_0736_f2	SYN_SEG_0736	SYN_SEG_SPK_21	evaluation	i	f2	2392.619	f3_reference_scaling				Hz	FALSE	evaluation_split_no_training_parameters	SYNTHETIC_TEACHING_FIXTURE
REQ_SYN_SEG_0736_f3	SYN_SEG_0736	SYN_SEG_SPK_21	evaluation	i	f3	3132.231	raw_hz			3132.231	Hz	FALSE	evaluation_split_no_training_parameters	SYNTHETIC_TEACHING_FIXTURE
REQ_SYN_SEG_0736_f3	SYN_SEG_0736	SYN_SEG_SPK_21	evaluation	i	f3	3132.231	log_hz			8.04950080918021	log_Hz	FALSE	evaluation_split_no_training_parameters	SYNTHETIC_TEACHING_FIXTURE
REQ_SYN_SEG_0736_f3	SYN_SEG_0736	SYN_SEG_SPK_21	evaluation	i	f3	3132.231	within_speaker_z				z	FALSE	evaluation_split_no_training_parameters	SYNTHETIC_TEACHING_FIXTURE
REQ_SYN_SEG_0736_f3	SYN_SEG_0736	SYN_SEG_SPK_21	evaluation	i	f3	3132.231	f3_reference_scaling				Hz	FALSE	evaluation_split_no_training_parameters	SYNTHETIC_TEACHING_FIXTURE
REQ_SYN_SEG_0737_f1	SYN_SEG_0737	SYN_SEG_SPK_21	evaluation	a	f1	801.264	raw_hz			801.264	Hz	FALSE	evaluation_split_no_training_parameters	SYNTHETIC_TEACHING_FIXTURE
REQ_SYN_SEG_0737_f1	SYN_SEG_0737	SYN_SEG_SPK_21	evaluation	a	f1	801.264	log_hz			6.68619048078114	log_Hz	FALSE	evaluation_split_no_training_parameters	SYNTHETIC_TEACHING_FIXTURE
REQ_SYN_SEG_0737_f1	SYN_SEG_0737	SYN_SEG_SPK_21	evaluation	a	f1	801.264	within_speaker_z				z	FALSE	evaluation_split_no_training_parameters	SYNTHETIC_TEACHING_FIXTURE
REQ_SYN_SEG_0737_f1	SYN_SEG_0737	SYN_SEG_SPK_21	evaluation	a	f1	801.264	f3_reference_scaling				Hz	FALSE	evaluation_split_no_training_parameters	SYNTHETIC_TEACHING_FIXTURE
REQ_SYN_SEG_0737_f2	SYN_SEG_0737	SYN_SEG_SPK_21	evaluation	a	f2	1185.039	raw_hz			1185.039	Hz	FALSE	evaluation_split_no_training_parameters	SYNTHETIC_TEACHING_FIXTURE
REQ_SYN_SEG_0737_f2	SYN_SEG_0737	SYN_SEG_SPK_21	evaluation	a	f2	1185.039	log_hz			7.07753096442007	log_Hz	FALSE	evaluation_split_no_training_parameters	SYNTHETIC_TEACHING_FIXTURE
REQ_SYN_SEG_0737_f2	SYN_SEG_0737	SYN_SEG_SPK_21	evaluation	a	f2	1185.039	within_speaker_z				z	FALSE	evaluation_split_no_training_parameters	SYNTHETIC_TEACHING_FIXTURE
REQ_SYN_SEG_0737_f2	SYN_SEG_0737	SYN_SEG_SPK_21	evaluation	a	f2	1185.039	f3_reference_scaling				Hz	FALSE	evaluation_split_no_training_parameters	SYNTHETIC_TEACHING_FIXTURE
REQ_SYN_SEG_0737_f3	SYN_SEG_0737	SYN_SEG_SPK_21	evaluation	a	f3	2607.948	raw_hz			2607.948	Hz	FALSE	evaluation_split_no_training_parameters	SYNTHETIC_TEACHING_FIXTURE
REQ_SYN_SEG_0737_f3	SYN_SEG_0737	SYN_SEG_SPK_21	evaluation	a	f3	2607.948	log_hz			7.86631898419746	log_Hz	FALSE	evaluation_split_no_training_parameters	SYNTHETIC_TEACHING_FIXTURE
REQ_SYN_SEG_0737_f3	SYN_SEG_0737	SYN_SEG_SPK_21	evaluation	a	f3	2607.948	within_speaker_z				z	FALSE	evaluation_split_no_training_parameters	SYNTHETIC_TEACHING_FIXTURE
REQ_SYN_SEG_0737_f3	SYN_SEG_0737	SYN_SEG_SPK_21	evaluation	a	f3	2607.948	f3_reference_scaling				Hz	FALSE	evaluation_split_no_training_parameters	SYNTHETIC_TEACHING_FIXTURE
REQ_SYN_SEG_0738_f1	SYN_SEG_0738	SYN_SEG_SPK_21	evaluation	u	f1	317.962	raw_hz			317.962	Hz	FALSE	evaluation_split_no_training_parameters	SYNTHETIC_TEACHING_FIXTURE
REQ_SYN_SEG_0738_f1	SYN_SEG_0738	SYN_SEG_SPK_21	evaluation	u	f1	317.962	log_hz			5.76193187878451	log_Hz	FALSE	evaluation_split_no_training_parameters	SYNTHETIC_TEACHING_FIXTURE
REQ_SYN_SEG_0738_f1	SYN_SEG_0738	SYN_SEG_SPK_21	evaluation	u	f1	317.962	within_speaker_z				z	FALSE	evaluation_split_no_training_parameters	SYNTHETIC_TEACHING_FIXTURE
REQ_SYN_SEG_0738_f1	SYN_SEG_0738	SYN_SEG_SPK_21	evaluation	u	f1	317.962	f3_reference_scaling				Hz	FALSE	evaluation_split_no_training_parameters	SYNTHETIC_TEACHING_FIXTURE
REQ_SYN_SEG_0738_f2	SYN_SEG_0738	SYN_SEG_SPK_21	evaluation	u	f2	878.694	raw_hz			878.694	Hz	FALSE	evaluation_split_no_training_parameters	SYNTHETIC_TEACHING_FIXTURE
REQ_SYN_SEG_0738_f2	SYN_SEG_0738	SYN_SEG_SPK_21	evaluation	u	f2	878.694	log_hz			6.77843671420945	log_Hz	FALSE	evaluation_split_no_training_parameters	SYNTHETIC_TEACHING_FIXTURE
REQ_SYN_SEG_0738_f2	SYN_SEG_0738	SYN_SEG_SPK_21	evaluation	u	f2	878.694	within_speaker_z				z	FALSE	evaluation_split_no_training_parameters	SYNTHETIC_TEACHING_FIXTURE
REQ_SYN_SEG_0738_f2	SYN_SEG_0738	SYN_SEG_SPK_21	evaluation	u	f2	878.694	f3_reference_scaling				Hz	FALSE	evaluation_split_no_training_parameters	SYNTHETIC_TEACHING_FIXTURE
REQ_SYN_SEG_0738_f3	SYN_SEG_0738	SYN_SEG_SPK_21	evaluation	u	f3	2280.999	raw_hz			2280.999	Hz	FALSE	evaluation_split_no_training_parameters	SYNTHETIC_TEACHING_FIXTURE
REQ_SYN_SEG_0738_f3	SYN_SEG_0738	SYN_SEG_SPK_21	evaluation	u	f3	2280.999	log_hz			7.73236878388008	log_Hz	FALSE	evaluation_split_no_training_parameters	SYNTHETIC_TEACHING_FIXTURE
REQ_SYN_SEG_0738_f3	SYN_SEG_0738	SYN_SEG_SPK_21	evaluation	u	f3	2280.999	within_speaker_z				z	FALSE	evaluation_split_no_training_parameters	SYNTHETIC_TEACHING_FIXTURE
REQ_SYN_SEG_0738_f3	SYN_SEG_0738	SYN_SEG_SPK_21	evaluation	u	f3	2280.999	f3_reference_scaling				Hz	FALSE	evaluation_split_no_training_parameters	SYNTHETIC_TEACHING_FIXTURE
REQ_SYN_SEG_0739_f1	SYN_SEG_0739	SYN_SEG_SPK_21	evaluation	i	f1	339.986	raw_hz			339.986	Hz	FALSE	evaluation_split_no_training_parameters	SYNTHETIC_TEACHING_FIXTURE
REQ_SYN_SEG_0739_f1	SYN_SEG_0739	SYN_SEG_SPK_21	evaluation	i	f1	339.986	log_hz			5.82890444029184	log_Hz	FALSE	evaluation_split_no_training_parameters	SYNTHETIC_TEACHING_FIXTURE
REQ_SYN_SEG_0739_f1	SYN_SEG_0739	SYN_SEG_SPK_21	evaluation	i	f1	339.986	within_speaker_z				z	FALSE	evaluation_split_no_training_parameters	SYNTHETIC_TEACHING_FIXTURE
REQ_SYN_SEG_0739_f1	SYN_SEG_0739	SYN_SEG_SPK_21	evaluation	i	f1	339.986	f3_reference_scaling				Hz	FALSE	evaluation_split_no_training_parameters	SYNTHETIC_TEACHING_FIXTURE
REQ_SYN_SEG_0739_f2	SYN_SEG_0739	SYN_SEG_SPK_21	evaluation	i	f2	2404.468	raw_hz			2404.468	Hz	FALSE	evaluation_split_no_training_parameters	SYNTHETIC_TEACHING_FIXTURE
REQ_SYN_SEG_0739_f2	SYN_SEG_0739	SYN_SEG_SPK_21	evaluation	i	f2	2404.468	log_hz			7.78508395224904	log_Hz	FALSE	evaluation_split_no_training_parameters	SYNTHETIC_TEACHING_FIXTURE
REQ_SYN_SEG_0739_f2	SYN_SEG_0739	SYN_SEG_SPK_21	evaluation	i	f2	2404.468	within_speaker_z				z	FALSE	evaluation_split_no_training_parameters	SYNTHETIC_TEACHING_FIXTURE
REQ_SYN_SEG_0739_f2	SYN_SEG_0739	SYN_SEG_SPK_21	evaluation	i	f2	2404.468	f3_reference_scaling				Hz	FALSE	evaluation_split_no_training_parameters	SYNTHETIC_TEACHING_FIXTURE
REQ_SYN_SEG_0739_f3	SYN_SEG_0739	SYN_SEG_SPK_21	evaluation	i	f3	3159.125	raw_hz			3159.125	Hz	FALSE	evaluation_split_no_training_parameters	SYNTHETIC_TEACHING_FIXTURE
REQ_SYN_SEG_0739_f3	SYN_SEG_0739	SYN_SEG_SPK_21	evaluation	i	f3	3159.125	log_hz			8.05805036950325	log_Hz	FALSE	evaluation_split_no_training_parameters	SYNTHETIC_TEACHING_FIXTURE
REQ_SYN_SEG_0739_f3	SYN_SEG_0739	SYN_SEG_SPK_21	evaluation	i	f3	3159.125	within_speaker_z				z	FALSE	evaluation_split_no_training_parameters	SYNTHETIC_TEACHING_FIXTURE
REQ_SYN_SEG_0739_f3	SYN_SEG_0739	SYN_SEG_SPK_21	evaluation	i	f3	3159.125	f3_reference_scaling				Hz	FALSE	evaluation_split_no_training_parameters	SYNTHETIC_TEACHING_FIXTURE
REQ_SYN_SEG_0740_f1	SYN_SEG_0740	SYN_SEG_SPK_21	evaluation	a	f1	792.418	raw_hz			792.418	Hz	FALSE	evaluation_split_no_training_parameters	SYNTHETIC_TEACHING_FIXTURE
REQ_SYN_SEG_0740_f1	SYN_SEG_0740	SYN_SEG_SPK_21	evaluation	a	f1	792.418	log_hz			6.6750890303665	log_Hz	FALSE	evaluation_split_no_training_parameters	SYNTHETIC_TEACHING_FIXTURE
REQ_SYN_SEG_0740_f1	SYN_SEG_0740	SYN_SEG_SPK_21	evaluation	a	f1	792.418	within_speaker_z				z	FALSE	evaluation_split_no_training_parameters	SYNTHETIC_TEACHING_FIXTURE
REQ_SYN_SEG_0740_f1	SYN_SEG_0740	SYN_SEG_SPK_21	evaluation	a	f1	792.418	f3_reference_scaling				Hz	FALSE	evaluation_split_no_training_parameters	SYNTHETIC_TEACHING_FIXTURE
REQ_SYN_SEG_0740_f2	SYN_SEG_0740	SYN_SEG_SPK_21	evaluation	a	f2	1241.413	raw_hz			1241.413	Hz	FALSE	evaluation_split_no_training_parameters	SYNTHETIC_TEACHING_FIXTURE
REQ_SYN_SEG_0740_f2	SYN_SEG_0740	SYN_SEG_SPK_21	evaluation	a	f2	1241.413	log_hz			7.12400552597241	log_Hz	FALSE	evaluation_split_no_training_parameters	SYNTHETIC_TEACHING_FIXTURE
REQ_SYN_SEG_0740_f2	SYN_SEG_0740	SYN_SEG_SPK_21	evaluation	a	f2	1241.413	within_speaker_z				z	FALSE	evaluation_split_no_training_parameters	SYNTHETIC_TEACHING_FIXTURE
REQ_SYN_SEG_0740_f2	SYN_SEG_0740	SYN_SEG_SPK_21	evaluation	a	f2	1241.413	f3_reference_scaling				Hz	FALSE	evaluation_split_no_training_parameters	SYNTHETIC_TEACHING_FIXTURE
REQ_SYN_SEG_0740_f3	SYN_SEG_0740	SYN_SEG_SPK_21	evaluation	a	f3	2647.265	raw_hz			2647.265	Hz	FALSE	evaluation_split_no_training_parameters	SYNTHETIC_TEACHING_FIXTURE
REQ_SYN_SEG_0740_f3	SYN_SEG_0740	SYN_SEG_SPK_21	evaluation	a	f3	2647.265	log_hz			7.88128231055195	log_Hz	FALSE	evaluation_split_no_training_parameters	SYNTHETIC_TEACHING_FIXTURE
REQ_SYN_SEG_0740_f3	SYN_SEG_0740	SYN_SEG_SPK_21	evaluation	a	f3	2647.265	within_speaker_z				z	FALSE	evaluation_split_no_training_parameters	SYNTHETIC_TEACHING_FIXTURE
REQ_SYN_SEG_0740_f3	SYN_SEG_0740	SYN_SEG_SPK_21	evaluation	a	f3	2647.265	f3_reference_scaling				Hz	FALSE	evaluation_split_no_training_parameters	SYNTHETIC_TEACHING_FIXTURE
REQ_SYN_SEG_0741_f1	SYN_SEG_0741	SYN_SEG_SPK_21	evaluation	u	f1	359.819	raw_hz			359.819	Hz	FALSE	evaluation_split_no_training_parameters	SYNTHETIC_TEACHING_FIXTURE
REQ_SYN_SEG_0741_f1	SYN_SEG_0741	SYN_SEG_SPK_21	evaluation	u	f1	359.819	log_hz			5.88560112723725	log_Hz	FALSE	evaluation_split_no_training_parameters	SYNTHETIC_TEACHING_FIXTURE
REQ_SYN_SEG_0741_f1	SYN_SEG_0741	SYN_SEG_SPK_21	evaluation	u	f1	359.819	within_speaker_z				z	FALSE	evaluation_split_no_training_parameters	SYNTHETIC_TEACHING_FIXTURE
REQ_SYN_SEG_0741_f1	SYN_SEG_0741	SYN_SEG_SPK_21	evaluation	u	f1	359.819	f3_reference_scaling				Hz	FALSE	evaluation_split_no_training_parameters	SYNTHETIC_TEACHING_FIXTURE
REQ_SYN_SEG_0741_f2	SYN_SEG_0741	SYN_SEG_SPK_21	evaluation	u	f2	923.888	raw_hz			923.888	Hz	FALSE	evaluation_split_no_training_parameters	SYNTHETIC_TEACHING_FIXTURE
REQ_SYN_SEG_0741_f2	SYN_SEG_0741	SYN_SEG_SPK_21	evaluation	u	f2	923.888	log_hz			6.82859085217369	log_Hz	FALSE	evaluation_split_no_training_parameters	SYNTHETIC_TEACHING_FIXTURE
REQ_SYN_SEG_0741_f2	SYN_SEG_0741	SYN_SEG_SPK_21	evaluation	u	f2	923.888	within_speaker_z				z	FALSE	evaluation_split_no_training_parameters	SYNTHETIC_TEACHING_FIXTURE
REQ_SYN_SEG_0741_f2	SYN_SEG_0741	SYN_SEG_SPK_21	evaluation	u	f2	923.888	f3_reference_scaling				Hz	FALSE	evaluation_split_no_training_parameters	SYNTHETIC_TEACHING_FIXTURE
REQ_SYN_SEG_0741_f3	SYN_SEG_0741	SYN_SEG_SPK_21	evaluation	u	f3	2217.716	raw_hz			2217.716	Hz	FALSE	evaluation_split_no_training_parameters	SYNTHETIC_TEACHING_FIXTURE
REQ_SYN_SEG_0741_f3	SYN_SEG_0741	SYN_SEG_SPK_21	evaluation	u	f3	2217.716	log_hz			7.70423311642983	log_Hz	FALSE	evaluation_split_no_training_parameters	SYNTHETIC_TEACHING_FIXTURE
REQ_SYN_SEG_0741_f3	SYN_SEG_0741	SYN_SEG_SPK_21	evaluation	u	f3	2217.716	within_speaker_z				z	FALSE	evaluation_split_no_training_parameters	SYNTHETIC_TEACHING_FIXTURE
REQ_SYN_SEG_0741_f3	SYN_SEG_0741	SYN_SEG_SPK_21	evaluation	u	f3	2217.716	f3_reference_scaling				Hz	FALSE	evaluation_split_no_training_parameters	SYNTHETIC_TEACHING_FIXTURE
REQ_SYN_SEG_0742_f1	SYN_SEG_0742	SYN_SEG_SPK_21	evaluation	i	f1	308.75	raw_hz			308.75	Hz	FALSE	evaluation_split_no_training_parameters	SYNTHETIC_TEACHING_FIXTURE
REQ_SYN_SEG_0742_f1	SYN_SEG_0742	SYN_SEG_SPK_21	evaluation	i	f1	308.75	log_hz			5.73253188794219	log_Hz	FALSE	evaluation_split_no_training_parameters	SYNTHETIC_TEACHING_FIXTURE
REQ_SYN_SEG_0742_f1	SYN_SEG_0742	SYN_SEG_SPK_21	evaluation	i	f1	308.75	within_speaker_z				z	FALSE	evaluation_split_no_training_parameters	SYNTHETIC_TEACHING_FIXTURE
REQ_SYN_SEG_0742_f1	SYN_SEG_0742	SYN_SEG_SPK_21	evaluation	i	f1	308.75	f3_reference_scaling				Hz	FALSE	evaluation_split_no_training_parameters	SYNTHETIC_TEACHING_FIXTURE
REQ_SYN_SEG_0742_f2	SYN_SEG_0742	SYN_SEG_SPK_21	evaluation	i	f2	2446.652	raw_hz			2446.652	Hz	FALSE	evaluation_split_no_training_parameters	SYNTHETIC_TEACHING_FIXTURE
REQ_SYN_SEG_0742_f2	SYN_SEG_0742	SYN_SEG_SPK_21	evaluation	i	f2	2446.652	log_hz			7.80247583837208	log_Hz	FALSE	evaluation_split_no_training_parameters	SYNTHETIC_TEACHING_FIXTURE
REQ_SYN_SEG_0742_f2	SYN_SEG_0742	SYN_SEG_SPK_21	evaluation	i	f2	2446.652	within_speaker_z				z	FALSE	evaluation_split_no_training_parameters	SYNTHETIC_TEACHING_FIXTURE
REQ_SYN_SEG_0742_f2	SYN_SEG_0742	SYN_SEG_SPK_21	evaluation	i	f2	2446.652	f3_reference_scaling				Hz	FALSE	evaluation_split_no_training_parameters	SYNTHETIC_TEACHING_FIXTURE
REQ_SYN_SEG_0742_f3	SYN_SEG_0742	SYN_SEG_SPK_21	evaluation	i	f3	3207.725	raw_hz			3207.725	Hz	FALSE	evaluation_split_no_training_parameters	SYNTHETIC_TEACHING_FIXTURE
REQ_SYN_SEG_0742_f3	SYN_SEG_0742	SYN_SEG_SPK_21	evaluation	i	f3	3207.725	log_hz			8.07331724211994	log_Hz	FALSE	evaluation_split_no_training_parameters	SYNTHETIC_TEACHING_FIXTURE
REQ_SYN_SEG_0742_f3	SYN_SEG_0742	SYN_SEG_SPK_21	evaluation	i	f3	3207.725	within_speaker_z				z	FALSE	evaluation_split_no_training_parameters	SYNTHETIC_TEACHING_FIXTURE
REQ_SYN_SEG_0742_f3	SYN_SEG_0742	SYN_SEG_SPK_21	evaluation	i	f3	3207.725	f3_reference_scaling				Hz	FALSE	evaluation_split_no_training_parameters	SYNTHETIC_TEACHING_FIXTURE
REQ_SYN_SEG_0743_f1	SYN_SEG_0743	SYN_SEG_SPK_21	evaluation	a	f1	729.349	raw_hz			729.349	Hz	FALSE	evaluation_split_no_training_parameters	SYNTHETIC_TEACHING_FIXTURE
REQ_SYN_SEG_0743_f1	SYN_SEG_0743	SYN_SEG_SPK_21	evaluation	a	f1	729.349	log_hz			6.59215235544744	log_Hz	FALSE	evaluation_split_no_training_parameters	SYNTHETIC_TEACHING_FIXTURE
REQ_SYN_SEG_0743_f1	SYN_SEG_0743	SYN_SEG_SPK_21	evaluation	a	f1	729.349	within_speaker_z				z	FALSE	evaluation_split_no_training_parameters	SYNTHETIC_TEACHING_FIXTURE
REQ_SYN_SEG_0743_f1	SYN_SEG_0743	SYN_SEG_SPK_21	evaluation	a	f1	729.349	f3_reference_scaling				Hz	FALSE	evaluation_split_no_training_parameters	SYNTHETIC_TEACHING_FIXTURE
REQ_SYN_SEG_0743_f2	SYN_SEG_0743	SYN_SEG_SPK_21	evaluation	a	f2	1277.97	raw_hz			1277.97	Hz	FALSE	evaluation_split_no_training_parameters	SYNTHETIC_TEACHING_FIXTURE
REQ_SYN_SEG_0743_f2	SYN_SEG_0743	SYN_SEG_SPK_21	evaluation	a	f2	1277.97	log_hz			7.15302816048355	log_Hz	FALSE	evaluation_split_no_training_parameters	SYNTHETIC_TEACHING_FIXTURE
REQ_SYN_SEG_0743_f2	SYN_SEG_0743	SYN_SEG_SPK_21	evaluation	a	f2	1277.97	within_speaker_z				z	FALSE	evaluation_split_no_training_parameters	SYNTHETIC_TEACHING_FIXTURE
REQ_SYN_SEG_0743_f2	SYN_SEG_0743	SYN_SEG_SPK_21	evaluation	a	f2	1277.97	f3_reference_scaling				Hz	FALSE	evaluation_split_no_training_parameters	SYNTHETIC_TEACHING_FIXTURE
REQ_SYN_SEG_0743_f3	SYN_SEG_0743	SYN_SEG_SPK_21	evaluation	a	f3	2623.462	raw_hz			2623.462	Hz	FALSE	evaluation_split_no_training_parameters	SYNTHETIC_TEACHING_FIXTURE
REQ_SYN_SEG_0743_f3	SYN_SEG_0743	SYN_SEG_SPK_21	evaluation	a	f3	2623.462	log_hz			7.87225009855455	log_Hz	FALSE	evaluation_split_no_training_parameters	SYNTHETIC_TEACHING_FIXTURE
REQ_SYN_SEG_0743_f3	SYN_SEG_0743	SYN_SEG_SPK_21	evaluation	a	f3	2623.462	within_speaker_z				z	FALSE	evaluation_split_no_training_parameters	SYNTHETIC_TEACHING_FIXTURE
REQ_SYN_SEG_0743_f3	SYN_SEG_0743	SYN_SEG_SPK_21	evaluation	a	f3	2623.462	f3_reference_scaling				Hz	FALSE	evaluation_split_no_training_parameters	SYNTHETIC_TEACHING_FIXTURE
REQ_SYN_SEG_0744_f1	SYN_SEG_0744	SYN_SEG_SPK_21	evaluation	u	f1	363.069	raw_hz			363.069	Hz	FALSE	evaluation_split_no_training_parameters	SYNTHETIC_TEACHING_FIXTURE
REQ_SYN_SEG_0744_f1	SYN_SEG_0744	SYN_SEG_SPK_21	evaluation	u	f1	363.069	log_hz			5.89459289884606	log_Hz	FALSE	evaluation_split_no_training_parameters	SYNTHETIC_TEACHING_FIXTURE
REQ_SYN_SEG_0744_f1	SYN_SEG_0744	SYN_SEG_SPK_21	evaluation	u	f1	363.069	within_speaker_z				z	FALSE	evaluation_split_no_training_parameters	SYNTHETIC_TEACHING_FIXTURE
REQ_SYN_SEG_0744_f1	SYN_SEG_0744	SYN_SEG_SPK_21	evaluation	u	f1	363.069	f3_reference_scaling				Hz	FALSE	evaluation_split_no_training_parameters	SYNTHETIC_TEACHING_FIXTURE
REQ_SYN_SEG_0744_f2	SYN_SEG_0744	SYN_SEG_SPK_21	evaluation	u	f2	951.818	raw_hz			951.818	Hz	FALSE	evaluation_split_no_training_parameters	SYNTHETIC_TEACHING_FIXTURE
REQ_SYN_SEG_0744_f2	SYN_SEG_0744	SYN_SEG_SPK_21	evaluation	u	f2	951.818	log_hz			6.85837384004423	log_Hz	FALSE	evaluation_split_no_training_parameters	SYNTHETIC_TEACHING_FIXTURE
REQ_SYN_SEG_0744_f2	SYN_SEG_0744	SYN_SEG_SPK_21	evaluation	u	f2	951.818	within_speaker_z				z	FALSE	evaluation_split_no_training_parameters	SYNTHETIC_TEACHING_FIXTURE
REQ_SYN_SEG_0744_f2	SYN_SEG_0744	SYN_SEG_SPK_21	evaluation	u	f2	951.818	f3_reference_scaling				Hz	FALSE	evaluation_split_no_training_parameters	SYNTHETIC_TEACHING_FIXTURE
REQ_SYN_SEG_0744_f3	SYN_SEG_0744	SYN_SEG_SPK_21	evaluation	u	f3	2222.871	raw_hz			2222.871	Hz	FALSE	evaluation_split_no_training_parameters	SYNTHETIC_TEACHING_FIXTURE
REQ_SYN_SEG_0744_f3	SYN_SEG_0744	SYN_SEG_SPK_21	evaluation	u	f3	2222.871	log_hz			7.7065548825908	log_Hz	FALSE	evaluation_split_no_training_parameters	SYNTHETIC_TEACHING_FIXTURE
REQ_SYN_SEG_0744_f3	SYN_SEG_0744	SYN_SEG_SPK_21	evaluation	u	f3	2222.871	within_speaker_z				z	FALSE	evaluation_split_no_training_parameters	SYNTHETIC_TEACHING_FIXTURE
REQ_SYN_SEG_0744_f3	SYN_SEG_0744	SYN_SEG_SPK_21	evaluation	u	f3	2222.871	f3_reference_scaling				Hz	FALSE	evaluation_split_no_training_parameters	SYNTHETIC_TEACHING_FIXTURE
REQ_SYN_SEG_0769_f1	SYN_SEG_0769	SYN_SEG_SPK_22	evaluation	i	f1	326.425	raw_hz			326.425	Hz	FALSE	evaluation_split_no_training_parameters	SYNTHETIC_TEACHING_FIXTURE
REQ_SYN_SEG_0769_f1	SYN_SEG_0769	SYN_SEG_SPK_22	evaluation	i	f1	326.425	log_hz			5.7882002132941	log_Hz	FALSE	evaluation_split_no_training_parameters	SYNTHETIC_TEACHING_FIXTURE
REQ_SYN_SEG_0769_f1	SYN_SEG_0769	SYN_SEG_SPK_22	evaluation	i	f1	326.425	within_speaker_z				z	FALSE	evaluation_split_no_training_parameters	SYNTHETIC_TEACHING_FIXTURE
REQ_SYN_SEG_0769_f1	SYN_SEG_0769	SYN_SEG_SPK_22	evaluation	i	f1	326.425	f3_reference_scaling				Hz	FALSE	evaluation_split_no_training_parameters	SYNTHETIC_TEACHING_FIXTURE
REQ_SYN_SEG_0769_f2	SYN_SEG_0769	SYN_SEG_SPK_22	evaluation	i	f2	2429.36	raw_hz			2429.36	Hz	FALSE	evaluation_split_no_training_parameters	SYNTHETIC_TEACHING_FIXTURE
REQ_SYN_SEG_0769_f2	SYN_SEG_0769	SYN_SEG_SPK_22	evaluation	i	f2	2429.36	log_hz			7.79538312715985	log_Hz	FALSE	evaluation_split_no_training_parameters	SYNTHETIC_TEACHING_FIXTURE
REQ_SYN_SEG_0769_f2	SYN_SEG_0769	SYN_SEG_SPK_22	evaluation	i	f2	2429.36	within_speaker_z				z	FALSE	evaluation_split_no_training_parameters	SYNTHETIC_TEACHING_FIXTURE
REQ_SYN_SEG_0769_f2	SYN_SEG_0769	SYN_SEG_SPK_22	evaluation	i	f2	2429.36	f3_reference_scaling				Hz	FALSE	evaluation_split_no_training_parameters	SYNTHETIC_TEACHING_FIXTURE
REQ_SYN_SEG_0769_f3	SYN_SEG_0769	SYN_SEG_SPK_22	evaluation	i	f3	3129.87	raw_hz			3129.87	Hz	FALSE	evaluation_split_no_training_parameters	SYNTHETIC_TEACHING_FIXTURE
REQ_SYN_SEG_0769_f3	SYN_SEG_0769	SYN_SEG_SPK_22	evaluation	i	f3	3129.87	log_hz			8.04874674912533	log_Hz	FALSE	evaluation_split_no_training_parameters	SYNTHETIC_TEACHING_FIXTURE
REQ_SYN_SEG_0769_f3	SYN_SEG_0769	SYN_SEG_SPK_22	evaluation	i	f3	3129.87	within_speaker_z				z	FALSE	evaluation_split_no_training_parameters	SYNTHETIC_TEACHING_FIXTURE
REQ_SYN_SEG_0769_f3	SYN_SEG_0769	SYN_SEG_SPK_22	evaluation	i	f3	3129.87	f3_reference_scaling				Hz	FALSE	evaluation_split_no_training_parameters	SYNTHETIC_TEACHING_FIXTURE
REQ_SYN_SEG_0770_f1	SYN_SEG_0770	SYN_SEG_SPK_22	evaluation	a	f1	803.901	raw_hz			803.901	Hz	FALSE	evaluation_split_no_training_parameters	SYNTHETIC_TEACHING_FIXTURE
REQ_SYN_SEG_0770_f1	SYN_SEG_0770	SYN_SEG_SPK_22	evaluation	a	f1	803.901	log_hz			6.68947612726895	log_Hz	FALSE	evaluation_split_no_training_parameters	SYNTHETIC_TEACHING_FIXTURE
REQ_SYN_SEG_0770_f1	SYN_SEG_0770	SYN_SEG_SPK_22	evaluation	a	f1	803.901	within_speaker_z				z	FALSE	evaluation_split_no_training_parameters	SYNTHETIC_TEACHING_FIXTURE
REQ_SYN_SEG_0770_f1	SYN_SEG_0770	SYN_SEG_SPK_22	evaluation	a	f1	803.901	f3_reference_scaling				Hz	FALSE	evaluation_split_no_training_parameters	SYNTHETIC_TEACHING_FIXTURE
REQ_SYN_SEG_0770_f2	SYN_SEG_0770	SYN_SEG_SPK_22	evaluation	a	f2	1311.257	raw_hz			1311.257	Hz	FALSE	evaluation_split_no_training_parameters	SYNTHETIC_TEACHING_FIXTURE
REQ_SYN_SEG_0770_f2	SYN_SEG_0770	SYN_SEG_SPK_22	evaluation	a	f2	1311.257	log_hz			7.1787414981138	log_Hz	FALSE	evaluation_split_no_training_parameters	SYNTHETIC_TEACHING_FIXTURE
REQ_SYN_SEG_0770_f2	SYN_SEG_0770	SYN_SEG_SPK_22	evaluation	a	f2	1311.257	within_speaker_z				z	FALSE	evaluation_split_no_training_parameters	SYNTHETIC_TEACHING_FIXTURE
REQ_SYN_SEG_0770_f2	SYN_SEG_0770	SYN_SEG_SPK_22	evaluation	a	f2	1311.257	f3_reference_scaling				Hz	FALSE	evaluation_split_no_training_parameters	SYNTHETIC_TEACHING_FIXTURE
REQ_SYN_SEG_0770_f3	SYN_SEG_0770	SYN_SEG_SPK_22	evaluation	a	f3	2562.726	raw_hz			2562.726	Hz	FALSE	evaluation_split_no_training_parameters	SYNTHETIC_TEACHING_FIXTURE
REQ_SYN_SEG_0770_f3	SYN_SEG_0770	SYN_SEG_SPK_22	evaluation	a	f3	2562.726	log_hz			7.84882681467965	log_Hz	FALSE	evaluation_split_no_training_parameters	SYNTHETIC_TEACHING_FIXTURE
REQ_SYN_SEG_0770_f3	SYN_SEG_0770	SYN_SEG_SPK_22	evaluation	a	f3	2562.726	within_speaker_z				z	FALSE	evaluation_split_no_training_parameters	SYNTHETIC_TEACHING_FIXTURE
REQ_SYN_SEG_0770_f3	SYN_SEG_0770	SYN_SEG_SPK_22	evaluation	a	f3	2562.726	f3_reference_scaling				Hz	FALSE	evaluation_split_no_training_parameters	SYNTHETIC_TEACHING_FIXTURE
REQ_SYN_SEG_0771_f1	SYN_SEG_0771	SYN_SEG_SPK_22	evaluation	u	f1	341.451	raw_hz			341.451	Hz	FALSE	evaluation_split_no_training_parameters	SYNTHETIC_TEACHING_FIXTURE
REQ_SYN_SEG_0771_f1	SYN_SEG_0771	SYN_SEG_SPK_22	evaluation	u	f1	341.451	log_hz			5.83320418408929	log_Hz	FALSE	evaluation_split_no_training_parameters	SYNTHETIC_TEACHING_FIXTURE
REQ_SYN_SEG_0771_f1	SYN_SEG_0771	SYN_SEG_SPK_22	evaluation	u	f1	341.451	within_speaker_z				z	FALSE	evaluation_split_no_training_parameters	SYNTHETIC_TEACHING_FIXTURE
REQ_SYN_SEG_0771_f1	SYN_SEG_0771	SYN_SEG_SPK_22	evaluation	u	f1	341.451	f3_reference_scaling				Hz	FALSE	evaluation_split_no_training_parameters	SYNTHETIC_TEACHING_FIXTURE
REQ_SYN_SEG_0771_f2	SYN_SEG_0771	SYN_SEG_SPK_22	evaluation	u	f2	921.539	raw_hz			921.539	Hz	FALSE	evaluation_split_no_training_parameters	SYNTHETIC_TEACHING_FIXTURE
REQ_SYN_SEG_0771_f2	SYN_SEG_0771	SYN_SEG_SPK_22	evaluation	u	f2	921.539	log_hz			6.82604509851491	log_Hz	FALSE	evaluation_split_no_training_parameters	SYNTHETIC_TEACHING_FIXTURE
REQ_SYN_SEG_0771_f2	SYN_SEG_0771	SYN_SEG_SPK_22	evaluation	u	f2	921.539	within_speaker_z				z	FALSE	evaluation_split_no_training_parameters	SYNTHETIC_TEACHING_FIXTURE
REQ_SYN_SEG_0771_f2	SYN_SEG_0771	SYN_SEG_SPK_22	evaluation	u	f2	921.539	f3_reference_scaling				Hz	FALSE	evaluation_split_no_training_parameters	SYNTHETIC_TEACHING_FIXTURE
REQ_SYN_SEG_0771_f3	SYN_SEG_0771	SYN_SEG_SPK_22	evaluation	u	f3	2413.704	raw_hz			2413.704	Hz	FALSE	evaluation_split_no_training_parameters	SYNTHETIC_TEACHING_FIXTURE
REQ_SYN_SEG_0771_f3	SYN_SEG_0771	SYN_SEG_SPK_22	evaluation	u	f3	2413.704	log_hz			7.78891777607796	log_Hz	FALSE	evaluation_split_no_training_parameters	SYNTHETIC_TEACHING_FIXTURE
REQ_SYN_SEG_0771_f3	SYN_SEG_0771	SYN_SEG_SPK_22	evaluation	u	f3	2413.704	within_speaker_z				z	FALSE	evaluation_split_no_training_parameters	SYNTHETIC_TEACHING_FIXTURE
REQ_SYN_SEG_0771_f3	SYN_SEG_0771	SYN_SEG_SPK_22	evaluation	u	f3	2413.704	f3_reference_scaling				Hz	FALSE	evaluation_split_no_training_parameters	SYNTHETIC_TEACHING_FIXTURE
REQ_SYN_SEG_0772_f1	SYN_SEG_0772	SYN_SEG_SPK_22	evaluation	i	f1	310.905	raw_hz			310.905	Hz	FALSE	evaluation_split_no_training_parameters	SYNTHETIC_TEACHING_FIXTURE
REQ_SYN_SEG_0772_f1	SYN_SEG_0772	SYN_SEG_SPK_22	evaluation	i	f1	310.905	log_hz			5.73948739927698	log_Hz	FALSE	evaluation_split_no_training_parameters	SYNTHETIC_TEACHING_FIXTURE
REQ_SYN_SEG_0772_f1	SYN_SEG_0772	SYN_SEG_SPK_22	evaluation	i	f1	310.905	within_speaker_z				z	FALSE	evaluation_split_no_training_parameters	SYNTHETIC_TEACHING_FIXTURE
REQ_SYN_SEG_0772_f1	SYN_SEG_0772	SYN_SEG_SPK_22	evaluation	i	f1	310.905	f3_reference_scaling				Hz	FALSE	evaluation_split_no_training_parameters	SYNTHETIC_TEACHING_FIXTURE
REQ_SYN_SEG_0772_f2	SYN_SEG_0772	SYN_SEG_SPK_22	evaluation	i	f2	2455.704	raw_hz			2455.704	Hz	FALSE	evaluation_split_no_training_parameters	SYNTHETIC_TEACHING_FIXTURE
REQ_SYN_SEG_0772_f2	SYN_SEG_0772	SYN_SEG_SPK_22	evaluation	i	f2	2455.704	log_hz			7.80616876083113	log_Hz	FALSE	evaluation_split_no_training_parameters	SYNTHETIC_TEACHING_FIXTURE
REQ_SYN_SEG_0772_f2	SYN_SEG_0772	SYN_SEG_SPK_22	evaluation	i	f2	2455.704	within_speaker_z				z	FALSE	evaluation_split_no_training_parameters	SYNTHETIC_TEACHING_FIXTURE
REQ_SYN_SEG_0772_f2	SYN_SEG_0772	SYN_SEG_SPK_22	evaluation	i	f2	2455.704	f3_reference_scaling				Hz	FALSE	evaluation_split_no_training_parameters	SYNTHETIC_TEACHING_FIXTURE
REQ_SYN_SEG_0772_f3	SYN_SEG_0772	SYN_SEG_SPK_22	evaluation	i	f3	3207.813	raw_hz			3207.813	Hz	FALSE	evaluation_split_no_training_parameters	SYNTHETIC_TEACHING_FIXTURE
REQ_SYN_SEG_0772_f3	SYN_SEG_0772	SYN_SEG_SPK_22	evaluation	i	f3	3207.813	log_hz			8.0733446755168	log_Hz	FALSE	evaluation_split_no_training_parameters	SYNTHETIC_TEACHING_FIXTURE
REQ_SYN_SEG_0772_f3	SYN_SEG_0772	SYN_SEG_SPK_22	evaluation	i	f3	3207.813	within_speaker_z				z	FALSE	evaluation_split_no_training_parameters	SYNTHETIC_TEACHING_FIXTURE
REQ_SYN_SEG_0772_f3	SYN_SEG_0772	SYN_SEG_SPK_22	evaluation	i	f3	3207.813	f3_reference_scaling				Hz	FALSE	evaluation_split_no_training_parameters	SYNTHETIC_TEACHING_FIXTURE
REQ_SYN_SEG_0773_f1	SYN_SEG_0773	SYN_SEG_SPK_22	evaluation	a	f1	770.126	raw_hz			770.126	Hz	FALSE	evaluation_split_no_training_parameters	SYNTHETIC_TEACHING_FIXTURE
REQ_SYN_SEG_0773_f1	SYN_SEG_0773	SYN_SEG_SPK_22	evaluation	a	f1	770.126	log_hz			6.6465541378244	log_Hz	FALSE	evaluation_split_no_training_parameters	SYNTHETIC_TEACHING_FIXTURE
REQ_SYN_SEG_0773_f1	SYN_SEG_0773	SYN_SEG_SPK_22	evaluation	a	f1	770.126	within_speaker_z				z	FALSE	evaluation_split_no_training_parameters	SYNTHETIC_TEACHING_FIXTURE
REQ_SYN_SEG_0773_f1	SYN_SEG_0773	SYN_SEG_SPK_22	evaluation	a	f1	770.126	f3_reference_scaling				Hz	FALSE	evaluation_split_no_training_parameters	SYNTHETIC_TEACHING_FIXTURE
REQ_SYN_SEG_0773_f2	SYN_SEG_0773	SYN_SEG_SPK_22	evaluation	a	f2	1359.982	raw_hz			1359.982	Hz	FALSE	evaluation_split_no_training_parameters	SYNTHETIC_TEACHING_FIXTURE
REQ_SYN_SEG_0773_f2	SYN_SEG_0773	SYN_SEG_SPK_22	evaluation	a	f2	1359.982	log_hz			7.21522674334839	log_Hz	FALSE	evaluation_split_no_training_parameters	SYNTHETIC_TEACHING_FIXTURE
REQ_SYN_SEG_0773_f2	SYN_SEG_0773	SYN_SEG_SPK_22	evaluation	a	f2	1359.982	within_speaker_z				z	FALSE	evaluation_split_no_training_parameters	SYNTHETIC_TEACHING_FIXTURE
REQ_SYN_SEG_0773_f2	SYN_SEG_0773	SYN_SEG_SPK_22	evaluation	a	f2	1359.982	f3_reference_scaling				Hz	FALSE	evaluation_split_no_training_parameters	SYNTHETIC_TEACHING_FIXTURE
REQ_SYN_SEG_0773_f3	SYN_SEG_0773	SYN_SEG_SPK_22	evaluation	a	f3	2602.855	raw_hz			2602.855	Hz	FALSE	evaluation_split_no_training_parameters	SYNTHETIC_TEACHING_FIXTURE
REQ_SYN_SEG_0773_f3	SYN_SEG_0773	SYN_SEG_SPK_22	evaluation	a	f3	2602.855	log_hz			7.86436419848717	log_Hz	FALSE	evaluation_split_no_training_parameters	SYNTHETIC_TEACHING_FIXTURE
REQ_SYN_SEG_0773_f3	SYN_SEG_0773	SYN_SEG_SPK_22	evaluation	a	f3	2602.855	within_speaker_z				z	FALSE	evaluation_split_no_training_parameters	SYNTHETIC_TEACHING_FIXTURE
REQ_SYN_SEG_0773_f3	SYN_SEG_0773	SYN_SEG_SPK_22	evaluation	a	f3	2602.855	f3_reference_scaling				Hz	FALSE	evaluation_split_no_training_parameters	SYNTHETIC_TEACHING_FIXTURE
REQ_SYN_SEG_0774_f1	SYN_SEG_0774	SYN_SEG_SPK_22	evaluation	u	f1	406.001	raw_hz			406.001	Hz	FALSE	evaluation_split_no_training_parameters	SYNTHETIC_TEACHING_FIXTURE
REQ_SYN_SEG_0774_f1	SYN_SEG_0774	SYN_SEG_SPK_22	evaluation	u	f1	406.001	log_hz			6.00635562265289	log_Hz	FALSE	evaluation_split_no_training_parameters	SYNTHETIC_TEACHING_FIXTURE
REQ_SYN_SEG_0774_f1	SYN_SEG_0774	SYN_SEG_SPK_22	evaluation	u	f1	406.001	within_speaker_z				z	FALSE	evaluation_split_no_training_parameters	SYNTHETIC_TEACHING_FIXTURE
REQ_SYN_SEG_0774_f1	SYN_SEG_0774	SYN_SEG_SPK_22	evaluation	u	f1	406.001	f3_reference_scaling				Hz	FALSE	evaluation_split_no_training_parameters	SYNTHETIC_TEACHING_FIXTURE
REQ_SYN_SEG_0774_f2	SYN_SEG_0774	SYN_SEG_SPK_22	evaluation	u	f2	959.036	raw_hz			959.036	Hz	FALSE	evaluation_split_no_training_parameters	SYNTHETIC_TEACHING_FIXTURE
REQ_SYN_SEG_0774_f2	SYN_SEG_0774	SYN_SEG_SPK_22	evaluation	u	f2	959.036	log_hz			6.8659286132821	log_Hz	FALSE	evaluation_split_no_training_parameters	SYNTHETIC_TEACHING_FIXTURE
REQ_SYN_SEG_0774_f2	SYN_SEG_0774	SYN_SEG_SPK_22	evaluation	u	f2	959.036	within_speaker_z				z	FALSE	evaluation_split_no_training_parameters	SYNTHETIC_TEACHING_FIXTURE
REQ_SYN_SEG_0774_f2	SYN_SEG_0774	SYN_SEG_SPK_22	evaluation	u	f2	959.036	f3_reference_scaling				Hz	FALSE	evaluation_split_no_training_parameters	SYNTHETIC_TEACHING_FIXTURE
REQ_SYN_SEG_0774_f3	SYN_SEG_0774	SYN_SEG_SPK_22	evaluation	u	f3	2360.874	raw_hz			2360.874	Hz	FALSE	evaluation_split_no_training_parameters	SYNTHETIC_TEACHING_FIXTURE
REQ_SYN_SEG_0774_f3	SYN_SEG_0774	SYN_SEG_SPK_22	evaluation	u	f3	2360.874	log_hz			7.76678716844415	log_Hz	FALSE	evaluation_split_no_training_parameters	SYNTHETIC_TEACHING_FIXTURE
REQ_SYN_SEG_0774_f3	SYN_SEG_0774	SYN_SEG_SPK_22	evaluation	u	f3	2360.874	within_speaker_z				z	FALSE	evaluation_split_no_training_parameters	SYNTHETIC_TEACHING_FIXTURE
REQ_SYN_SEG_0774_f3	SYN_SEG_0774	SYN_SEG_SPK_22	evaluation	u	f3	2360.874	f3_reference_scaling				Hz	FALSE	evaluation_split_no_training_parameters	SYNTHETIC_TEACHING_FIXTURE
REQ_SYN_SEG_0775_f1	SYN_SEG_0775	SYN_SEG_SPK_22	evaluation	i	f1	305.511	raw_hz			305.511	Hz	FALSE	evaluation_split_no_training_parameters	SYNTHETIC_TEACHING_FIXTURE
REQ_SYN_SEG_0775_f1	SYN_SEG_0775	SYN_SEG_SPK_22	evaluation	i	f1	305.511	log_hz			5.72198578451007	log_Hz	FALSE	evaluation_split_no_training_parameters	SYNTHETIC_TEACHING_FIXTURE
REQ_SYN_SEG_0775_f1	SYN_SEG_0775	SYN_SEG_SPK_22	evaluation	i	f1	305.511	within_speaker_z				z	FALSE	evaluation_split_no_training_parameters	SYNTHETIC_TEACHING_FIXTURE
REQ_SYN_SEG_0775_f1	SYN_SEG_0775	SYN_SEG_SPK_22	evaluation	i	f1	305.511	f3_reference_scaling				Hz	FALSE	evaluation_split_no_training_parameters	SYNTHETIC_TEACHING_FIXTURE
REQ_SYN_SEG_0775_f2	SYN_SEG_0775	SYN_SEG_SPK_22	evaluation	i	f2	2372.096	raw_hz			2372.096	Hz	FALSE	evaluation_split_no_training_parameters	SYNTHETIC_TEACHING_FIXTURE
REQ_SYN_SEG_0775_f2	SYN_SEG_0775	SYN_SEG_SPK_22	evaluation	i	f2	2372.096	log_hz			7.77152923147402	log_Hz	FALSE	evaluation_split_no_training_parameters	SYNTHETIC_TEACHING_FIXTURE
REQ_SYN_SEG_0775_f2	SYN_SEG_0775	SYN_SEG_SPK_22	evaluation	i	f2	2372.096	within_speaker_z				z	FALSE	evaluation_split_no_training_parameters	SYNTHETIC_TEACHING_FIXTURE
REQ_SYN_SEG_0775_f2	SYN_SEG_0775	SYN_SEG_SPK_22	evaluation	i	f2	2372.096	f3_reference_scaling				Hz	FALSE	evaluation_split_no_training_parameters	SYNTHETIC_TEACHING_FIXTURE
REQ_SYN_SEG_0775_f3	SYN_SEG_0775	SYN_SEG_SPK_22	evaluation	i	f3	3130.332	raw_hz			3130.332	Hz	FALSE	evaluation_split_no_training_parameters	SYNTHETIC_TEACHING_FIXTURE
REQ_SYN_SEG_0775_f3	SYN_SEG_0775	SYN_SEG_SPK_22	evaluation	i	f3	3130.332	log_hz			8.04889434819668	log_Hz	FALSE	evaluation_split_no_training_parameters	SYNTHETIC_TEACHING_FIXTURE
REQ_SYN_SEG_0775_f3	SYN_SEG_0775	SYN_SEG_SPK_22	evaluation	i	f3	3130.332	within_speaker_z				z	FALSE	evaluation_split_no_training_parameters	SYNTHETIC_TEACHING_FIXTURE
REQ_SYN_SEG_0775_f3	SYN_SEG_0775	SYN_SEG_SPK_22	evaluation	i	f3	3130.332	f3_reference_scaling				Hz	FALSE	evaluation_split_no_training_parameters	SYNTHETIC_TEACHING_FIXTURE
REQ_SYN_SEG_0776_f1	SYN_SEG_0776	SYN_SEG_SPK_22	evaluation	a	f1	781.452	raw_hz			781.452	Hz	FALSE	evaluation_split_no_training_parameters	SYNTHETIC_TEACHING_FIXTURE
REQ_SYN_SEG_0776_f1	SYN_SEG_0776	SYN_SEG_SPK_22	evaluation	a	f1	781.452	log_hz			6.66115372762973	log_Hz	FALSE	evaluation_split_no_training_parameters	SYNTHETIC_TEACHING_FIXTURE
REQ_SYN_SEG_0776_f1	SYN_SEG_0776	SYN_SEG_SPK_22	evaluation	a	f1	781.452	within_speaker_z				z	FALSE	evaluation_split_no_training_parameters	SYNTHETIC_TEACHING_FIXTURE
REQ_SYN_SEG_0776_f1	SYN_SEG_0776	SYN_SEG_SPK_22	evaluation	a	f1	781.452	f3_reference_scaling				Hz	FALSE	evaluation_split_no_training_parameters	SYNTHETIC_TEACHING_FIXTURE
REQ_SYN_SEG_0776_f2	SYN_SEG_0776	SYN_SEG_SPK_22	evaluation	a	f2	1361.634	raw_hz			1361.634	Hz	FALSE	evaluation_split_no_training_parameters	SYNTHETIC_TEACHING_FIXTURE
REQ_SYN_SEG_0776_f2	SYN_SEG_0776	SYN_SEG_SPK_22	evaluation	a	f2	1361.634	log_hz			7.21644072813015	log_Hz	FALSE	evaluation_split_no_training_parameters	SYNTHETIC_TEACHING_FIXTURE
REQ_SYN_SEG_0776_f2	SYN_SEG_0776	SYN_SEG_SPK_22	evaluation	a	f2	1361.634	within_speaker_z				z	FALSE	evaluation_split_no_training_parameters	SYNTHETIC_TEACHING_FIXTURE
REQ_SYN_SEG_0776_f2	SYN_SEG_0776	SYN_SEG_SPK_22	evaluation	a	f2	1361.634	f3_reference_scaling				Hz	FALSE	evaluation_split_no_training_parameters	SYNTHETIC_TEACHING_FIXTURE
REQ_SYN_SEG_0776_f3	SYN_SEG_0776	SYN_SEG_SPK_22	evaluation	a	f3	2616.528	raw_hz			2616.528	Hz	FALSE	evaluation_split_no_training_parameters	SYNTHETIC_TEACHING_FIXTURE
REQ_SYN_SEG_0776_f3	SYN_SEG_0776	SYN_SEG_SPK_22	evaluation	a	f3	2616.528	log_hz			7.86960352707356	log_Hz	FALSE	evaluation_split_no_training_parameters	SYNTHETIC_TEACHING_FIXTURE
REQ_SYN_SEG_0776_f3	SYN_SEG_0776	SYN_SEG_SPK_22	evaluation	a	f3	2616.528	within_speaker_z				z	FALSE	evaluation_split_no_training_parameters	SYNTHETIC_TEACHING_FIXTURE
REQ_SYN_SEG_0776_f3	SYN_SEG_0776	SYN_SEG_SPK_22	evaluation	a	f3	2616.528	f3_reference_scaling				Hz	FALSE	evaluation_split_no_training_parameters	SYNTHETIC_TEACHING_FIXTURE
REQ_SYN_SEG_0777_f1	SYN_SEG_0777	SYN_SEG_SPK_22	evaluation	u	f1	377.845	raw_hz			377.845	Hz	FALSE	evaluation_split_no_training_parameters	SYNTHETIC_TEACHING_FIXTURE
REQ_SYN_SEG_0777_f1	SYN_SEG_0777	SYN_SEG_SPK_22	evaluation	u	f1	377.845	log_hz			5.93448405861485	log_Hz	FALSE	evaluation_split_no_training_parameters	SYNTHETIC_TEACHING_FIXTURE
REQ_SYN_SEG_0777_f1	SYN_SEG_0777	SYN_SEG_SPK_22	evaluation	u	f1	377.845	within_speaker_z				z	FALSE	evaluation_split_no_training_parameters	SYNTHETIC_TEACHING_FIXTURE
REQ_SYN_SEG_0777_f1	SYN_SEG_0777	SYN_SEG_SPK_22	evaluation	u	f1	377.845	f3_reference_scaling				Hz	FALSE	evaluation_split_no_training_parameters	SYNTHETIC_TEACHING_FIXTURE
REQ_SYN_SEG_0777_f2	SYN_SEG_0777	SYN_SEG_SPK_22	evaluation	u	f2	938.305	raw_hz			938.305	Hz	FALSE	evaluation_split_no_training_parameters	SYNTHETIC_TEACHING_FIXTURE
REQ_SYN_SEG_0777_f2	SYN_SEG_0777	SYN_SEG_SPK_22	evaluation	u	f2	938.305	log_hz			6.84407505606791	log_Hz	FALSE	evaluation_split_no_training_parameters	SYNTHETIC_TEACHING_FIXTURE
REQ_SYN_SEG_0777_f2	SYN_SEG_0777	SYN_SEG_SPK_22	evaluation	u	f2	938.305	within_speaker_z				z	FALSE	evaluation_split_no_training_parameters	SYNTHETIC_TEACHING_FIXTURE
REQ_SYN_SEG_0777_f2	SYN_SEG_0777	SYN_SEG_SPK_22	evaluation	u	f2	938.305	f3_reference_scaling				Hz	FALSE	evaluation_split_no_training_parameters	SYNTHETIC_TEACHING_FIXTURE
REQ_SYN_SEG_0777_f3	SYN_SEG_0777	SYN_SEG_SPK_22	evaluation	u	f3	2329.494	raw_hz			2329.494	Hz	FALSE	evaluation_split_no_training_parameters	SYNTHETIC_TEACHING_FIXTURE
REQ_SYN_SEG_0777_f3	SYN_SEG_0777	SYN_SEG_SPK_22	evaluation	u	f3	2329.494	log_hz			7.75340635559352	log_Hz	FALSE	evaluation_split_no_training_parameters	SYNTHETIC_TEACHING_FIXTURE
REQ_SYN_SEG_0777_f3	SYN_SEG_0777	SYN_SEG_SPK_22	evaluation	u	f3	2329.494	within_speaker_z				z	FALSE	evaluation_split_no_training_parameters	SYNTHETIC_TEACHING_FIXTURE
REQ_SYN_SEG_0777_f3	SYN_SEG_0777	SYN_SEG_SPK_22	evaluation	u	f3	2329.494	f3_reference_scaling				Hz	FALSE	evaluation_split_no_training_parameters	SYNTHETIC_TEACHING_FIXTURE
REQ_SYN_SEG_0778_f1	SYN_SEG_0778	SYN_SEG_SPK_22	evaluation	i	f1	341.476	raw_hz			341.476	Hz	FALSE	evaluation_split_no_training_parameters	SYNTHETIC_TEACHING_FIXTURE
REQ_SYN_SEG_0778_f1	SYN_SEG_0778	SYN_SEG_SPK_22	evaluation	i	f1	341.476	log_hz			5.83327739835674	log_Hz	FALSE	evaluation_split_no_training_parameters	SYNTHETIC_TEACHING_FIXTURE
REQ_SYN_SEG_0778_f1	SYN_SEG_0778	SYN_SEG_SPK_22	evaluation	i	f1	341.476	within_speaker_z				z	FALSE	evaluation_split_no_training_parameters	SYNTHETIC_TEACHING_FIXTURE
REQ_SYN_SEG_0778_f1	SYN_SEG_0778	SYN_SEG_SPK_22	evaluation	i	f1	341.476	f3_reference_scaling				Hz	FALSE	evaluation_split_no_training_parameters	SYNTHETIC_TEACHING_FIXTURE
REQ_SYN_SEG_0778_f2	SYN_SEG_0778	SYN_SEG_SPK_22	evaluation	i	f2	2528.435	raw_hz			2528.435	Hz	FALSE	evaluation_split_no_training_parameters	SYNTHETIC_TEACHING_FIXTURE
REQ_SYN_SEG_0778_f2	SYN_SEG_0778	SYN_SEG_SPK_22	evaluation	i	f2	2528.435	log_hz			7.83535581324873	log_Hz	FALSE	evaluation_split_no_training_parameters	SYNTHETIC_TEACHING_FIXTURE
REQ_SYN_SEG_0778_f2	SYN_SEG_0778	SYN_SEG_SPK_22	evaluation	i	f2	2528.435	within_speaker_z				z	FALSE	evaluation_split_no_training_parameters	SYNTHETIC_TEACHING_FIXTURE
REQ_SYN_SEG_0778_f2	SYN_SEG_0778	SYN_SEG_SPK_22	evaluation	i	f2	2528.435	f3_reference_scaling				Hz	FALSE	evaluation_split_no_training_parameters	SYNTHETIC_TEACHING_FIXTURE
REQ_SYN_SEG_0778_f3	SYN_SEG_0778	SYN_SEG_SPK_22	evaluation	i	f3	3228.938	raw_hz			3228.938	Hz	FALSE	evaluation_split_no_training_parameters	SYNTHETIC_TEACHING_FIXTURE
REQ_SYN_SEG_0778_f3	SYN_SEG_0778	SYN_SEG_SPK_22	evaluation	i	f3	3228.938	log_hz			8.07990856958292	log_Hz	FALSE	evaluation_split_no_training_parameters	SYNTHETIC_TEACHING_FIXTURE
REQ_SYN_SEG_0778_f3	SYN_SEG_0778	SYN_SEG_SPK_22	evaluation	i	f3	3228.938	within_speaker_z				z	FALSE	evaluation_split_no_training_parameters	SYNTHETIC_TEACHING_FIXTURE
REQ_SYN_SEG_0778_f3	SYN_SEG_0778	SYN_SEG_SPK_22	evaluation	i	f3	3228.938	f3_reference_scaling				Hz	FALSE	evaluation_split_no_training_parameters	SYNTHETIC_TEACHING_FIXTURE
REQ_SYN_SEG_0779_f1	SYN_SEG_0779	SYN_SEG_SPK_22	evaluation	a	f1	802.971	raw_hz			802.971	Hz	FALSE	evaluation_split_no_training_parameters	SYNTHETIC_TEACHING_FIXTURE
REQ_SYN_SEG_0779_f1	SYN_SEG_0779	SYN_SEG_SPK_22	evaluation	a	f1	802.971	log_hz			6.68831859872425	log_Hz	FALSE	evaluation_split_no_training_parameters	SYNTHETIC_TEACHING_FIXTURE
REQ_SYN_SEG_0779_f1	SYN_SEG_0779	SYN_SEG_SPK_22	evaluation	a	f1	802.971	within_speaker_z				z	FALSE	evaluation_split_no_training_parameters	SYNTHETIC_TEACHING_FIXTURE
REQ_SYN_SEG_0779_f1	SYN_SEG_0779	SYN_SEG_SPK_22	evaluation	a	f1	802.971	f3_reference_scaling				Hz	FALSE	evaluation_split_no_training_parameters	SYNTHETIC_TEACHING_FIXTURE
REQ_SYN_SEG_0779_f2	SYN_SEG_0779	SYN_SEG_SPK_22	evaluation	a	f2	1318.657	raw_hz			1318.657	Hz	FALSE	evaluation_split_no_training_parameters	SYNTHETIC_TEACHING_FIXTURE
REQ_SYN_SEG_0779_f2	SYN_SEG_0779	SYN_SEG_SPK_22	evaluation	a	f2	1318.657	log_hz			7.18436907341062	log_Hz	FALSE	evaluation_split_no_training_parameters	SYNTHETIC_TEACHING_FIXTURE
REQ_SYN_SEG_0779_f2	SYN_SEG_0779	SYN_SEG_SPK_22	evaluation	a	f2	1318.657	within_speaker_z				z	FALSE	evaluation_split_no_training_parameters	SYNTHETIC_TEACHING_FIXTURE
REQ_SYN_SEG_0779_f2	SYN_SEG_0779	SYN_SEG_SPK_22	evaluation	a	f2	1318.657	f3_reference_scaling				Hz	FALSE	evaluation_split_no_training_parameters	SYNTHETIC_TEACHING_FIXTURE
REQ_SYN_SEG_0779_f3	SYN_SEG_0779	SYN_SEG_SPK_22	evaluation	a	f3	2618.15	raw_hz			2618.15	Hz	FALSE	evaluation_split_no_training_parameters	SYNTHETIC_TEACHING_FIXTURE
REQ_SYN_SEG_0779_f3	SYN_SEG_0779	SYN_SEG_SPK_22	evaluation	a	f3	2618.15	log_hz			7.87022324047404	log_Hz	FALSE	evaluation_split_no_training_parameters	SYNTHETIC_TEACHING_FIXTURE
REQ_SYN_SEG_0779_f3	SYN_SEG_0779	SYN_SEG_SPK_22	evaluation	a	f3	2618.15	within_speaker_z				z	FALSE	evaluation_split_no_training_parameters	SYNTHETIC_TEACHING_FIXTURE
REQ_SYN_SEG_0779_f3	SYN_SEG_0779	SYN_SEG_SPK_22	evaluation	a	f3	2618.15	f3_reference_scaling				Hz	FALSE	evaluation_split_no_training_parameters	SYNTHETIC_TEACHING_FIXTURE
REQ_SYN_SEG_0780_f1	SYN_SEG_0780	SYN_SEG_SPK_22	evaluation	u	f1	370.175	raw_hz			370.175	Hz	FALSE	evaluation_split_no_training_parameters	SYNTHETIC_TEACHING_FIXTURE
REQ_SYN_SEG_0780_f1	SYN_SEG_0780	SYN_SEG_SPK_22	evaluation	u	f1	370.175	log_hz			5.91397586679478	log_Hz	FALSE	evaluation_split_no_training_parameters	SYNTHETIC_TEACHING_FIXTURE
REQ_SYN_SEG_0780_f1	SYN_SEG_0780	SYN_SEG_SPK_22	evaluation	u	f1	370.175	within_speaker_z				z	FALSE	evaluation_split_no_training_parameters	SYNTHETIC_TEACHING_FIXTURE
REQ_SYN_SEG_0780_f1	SYN_SEG_0780	SYN_SEG_SPK_22	evaluation	u	f1	370.175	f3_reference_scaling				Hz	FALSE	evaluation_split_no_training_parameters	SYNTHETIC_TEACHING_FIXTURE
REQ_SYN_SEG_0780_f2	SYN_SEG_0780	SYN_SEG_SPK_22	evaluation	u	f2	969.309	raw_hz			969.309	Hz	FALSE	evaluation_split_no_training_parameters	SYNTHETIC_TEACHING_FIXTURE
REQ_SYN_SEG_0780_f2	SYN_SEG_0780	SYN_SEG_SPK_22	evaluation	u	f2	969.309	log_hz			6.87658344650652	log_Hz	FALSE	evaluation_split_no_training_parameters	SYNTHETIC_TEACHING_FIXTURE
REQ_SYN_SEG_0780_f2	SYN_SEG_0780	SYN_SEG_SPK_22	evaluation	u	f2	969.309	within_speaker_z				z	FALSE	evaluation_split_no_training_parameters	SYNTHETIC_TEACHING_FIXTURE
REQ_SYN_SEG_0780_f2	SYN_SEG_0780	SYN_SEG_SPK_22	evaluation	u	f2	969.309	f3_reference_scaling				Hz	FALSE	evaluation_split_no_training_parameters	SYNTHETIC_TEACHING_FIXTURE
REQ_SYN_SEG_0780_f3	SYN_SEG_0780	SYN_SEG_SPK_22	evaluation	u	f3	2480.887	raw_hz			2480.887	Hz	FALSE	evaluation_split_no_training_parameters	SYNTHETIC_TEACHING_FIXTURE
REQ_SYN_SEG_0780_f3	SYN_SEG_0780	SYN_SEG_SPK_22	evaluation	u	f3	2480.887	log_hz			7.8163714365038	log_Hz	FALSE	evaluation_split_no_training_parameters	SYNTHETIC_TEACHING_FIXTURE
REQ_SYN_SEG_0780_f3	SYN_SEG_0780	SYN_SEG_SPK_22	evaluation	u	f3	2480.887	within_speaker_z				z	FALSE	evaluation_split_no_training_parameters	SYNTHETIC_TEACHING_FIXTURE
REQ_SYN_SEG_0780_f3	SYN_SEG_0780	SYN_SEG_SPK_22	evaluation	u	f3	2480.887	f3_reference_scaling				Hz	FALSE	evaluation_split_no_training_parameters	SYNTHETIC_TEACHING_FIXTURE
REQ_SYN_SEG_0805_f1	SYN_SEG_0805	SYN_SEG_SPK_23	evaluation	i	f1	371.798	raw_hz			371.798	Hz	FALSE	evaluation_split_no_training_parameters	SYNTHETIC_TEACHING_FIXTURE
REQ_SYN_SEG_0805_f1	SYN_SEG_0805	SYN_SEG_SPK_23	evaluation	i	f1	371.798	log_hz			5.91835069603673	log_Hz	FALSE	evaluation_split_no_training_parameters	SYNTHETIC_TEACHING_FIXTURE
REQ_SYN_SEG_0805_f1	SYN_SEG_0805	SYN_SEG_SPK_23	evaluation	i	f1	371.798	within_speaker_z				z	FALSE	evaluation_split_no_training_parameters	SYNTHETIC_TEACHING_FIXTURE
REQ_SYN_SEG_0805_f1	SYN_SEG_0805	SYN_SEG_SPK_23	evaluation	i	f1	371.798	f3_reference_scaling				Hz	FALSE	evaluation_split_no_training_parameters	SYNTHETIC_TEACHING_FIXTURE
REQ_SYN_SEG_0805_f2	SYN_SEG_0805	SYN_SEG_SPK_23	evaluation	i	f2	2660.975	raw_hz			2660.975	Hz	FALSE	evaluation_split_no_training_parameters	SYNTHETIC_TEACHING_FIXTURE
REQ_SYN_SEG_0805_f2	SYN_SEG_0805	SYN_SEG_SPK_23	evaluation	i	f2	2660.975	log_hz			7.88644787596926	log_Hz	FALSE	evaluation_split_no_training_parameters	SYNTHETIC_TEACHING_FIXTURE
REQ_SYN_SEG_0805_f2	SYN_SEG_0805	SYN_SEG_SPK_23	evaluation	i	f2	2660.975	within_speaker_z				z	FALSE	evaluation_split_no_training_parameters	SYNTHETIC_TEACHING_FIXTURE
REQ_SYN_SEG_0805_f2	SYN_SEG_0805	SYN_SEG_SPK_23	evaluation	i	f2	2660.975	f3_reference_scaling				Hz	FALSE	evaluation_split_no_training_parameters	SYNTHETIC_TEACHING_FIXTURE
REQ_SYN_SEG_0805_f3	SYN_SEG_0805	SYN_SEG_SPK_23	evaluation	i	f3	3496.259	raw_hz			3496.259	Hz	FALSE	evaluation_split_no_training_parameters	SYNTHETIC_TEACHING_FIXTURE
REQ_SYN_SEG_0805_f3	SYN_SEG_0805	SYN_SEG_SPK_23	evaluation	i	f3	3496.259	log_hz			8.15944881869948	log_Hz	FALSE	evaluation_split_no_training_parameters	SYNTHETIC_TEACHING_FIXTURE
REQ_SYN_SEG_0805_f3	SYN_SEG_0805	SYN_SEG_SPK_23	evaluation	i	f3	3496.259	within_speaker_z				z	FALSE	evaluation_split_no_training_parameters	SYNTHETIC_TEACHING_FIXTURE
REQ_SYN_SEG_0805_f3	SYN_SEG_0805	SYN_SEG_SPK_23	evaluation	i	f3	3496.259	f3_reference_scaling				Hz	FALSE	evaluation_split_no_training_parameters	SYNTHETIC_TEACHING_FIXTURE
REQ_SYN_SEG_0806_f1	SYN_SEG_0806	SYN_SEG_SPK_23	evaluation	a	f1	855.212	raw_hz			855.212	Hz	FALSE	evaluation_split_no_training_parameters	SYNTHETIC_TEACHING_FIXTURE
REQ_SYN_SEG_0806_f1	SYN_SEG_0806	SYN_SEG_SPK_23	evaluation	a	f1	855.212	log_hz			6.75134939141782	log_Hz	FALSE	evaluation_split_no_training_parameters	SYNTHETIC_TEACHING_FIXTURE
REQ_SYN_SEG_0806_f1	SYN_SEG_0806	SYN_SEG_SPK_23	evaluation	a	f1	855.212	within_speaker_z				z	FALSE	evaluation_split_no_training_parameters	SYNTHETIC_TEACHING_FIXTURE
REQ_SYN_SEG_0806_f1	SYN_SEG_0806	SYN_SEG_SPK_23	evaluation	a	f1	855.212	f3_reference_scaling				Hz	FALSE	evaluation_split_no_training_parameters	SYNTHETIC_TEACHING_FIXTURE
REQ_SYN_SEG_0806_f2	SYN_SEG_0806	SYN_SEG_SPK_23	evaluation	a	f2	1424.346	raw_hz			1424.346	Hz	FALSE	evaluation_split_no_training_parameters	SYNTHETIC_TEACHING_FIXTURE
REQ_SYN_SEG_0806_f2	SYN_SEG_0806	SYN_SEG_SPK_23	evaluation	a	f2	1424.346	log_hz			7.26146803998575	log_Hz	FALSE	evaluation_split_no_training_parameters	SYNTHETIC_TEACHING_FIXTURE
REQ_SYN_SEG_0806_f2	SYN_SEG_0806	SYN_SEG_SPK_23	evaluation	a	f2	1424.346	within_speaker_z				z	FALSE	evaluation_split_no_training_parameters	SYNTHETIC_TEACHING_FIXTURE
REQ_SYN_SEG_0806_f2	SYN_SEG_0806	SYN_SEG_SPK_23	evaluation	a	f2	1424.346	f3_reference_scaling				Hz	FALSE	evaluation_split_no_training_parameters	SYNTHETIC_TEACHING_FIXTURE
REQ_SYN_SEG_0806_f3	SYN_SEG_0806	SYN_SEG_SPK_23	evaluation	a	f3	2944.676	raw_hz			2944.676	Hz	FALSE	evaluation_split_no_training_parameters	SYNTHETIC_TEACHING_FIXTURE
REQ_SYN_SEG_0806_f3	SYN_SEG_0806	SYN_SEG_SPK_23	evaluation	a	f3	2944.676	log_hz			7.98775407305545	log_Hz	FALSE	evaluation_split_no_training_parameters	SYNTHETIC_TEACHING_FIXTURE
REQ_SYN_SEG_0806_f3	SYN_SEG_0806	SYN_SEG_SPK_23	evaluation	a	f3	2944.676	within_speaker_z				z	FALSE	evaluation_split_no_training_parameters	SYNTHETIC_TEACHING_FIXTURE
REQ_SYN_SEG_0806_f3	SYN_SEG_0806	SYN_SEG_SPK_23	evaluation	a	f3	2944.676	f3_reference_scaling				Hz	FALSE	evaluation_split_no_training_parameters	SYNTHETIC_TEACHING_FIXTURE
REQ_SYN_SEG_0807_f1	SYN_SEG_0807	SYN_SEG_SPK_23	evaluation	u	f1	411.279	raw_hz			411.279	Hz	FALSE	evaluation_split_no_training_parameters	SYNTHETIC_TEACHING_FIXTURE
REQ_SYN_SEG_0807_f1	SYN_SEG_0807	SYN_SEG_SPK_23	evaluation	u	f1	411.279	log_hz			6.01927181631072	log_Hz	FALSE	evaluation_split_no_training_parameters	SYNTHETIC_TEACHING_FIXTURE
REQ_SYN_SEG_0807_f1	SYN_SEG_0807	SYN_SEG_SPK_23	evaluation	u	f1	411.279	within_speaker_z				z	FALSE	evaluation_split_no_training_parameters	SYNTHETIC_TEACHING_FIXTURE
REQ_SYN_SEG_0807_f1	SYN_SEG_0807	SYN_SEG_SPK_23	evaluation	u	f1	411.279	f3_reference_scaling				Hz	FALSE	evaluation_split_no_training_parameters	SYNTHETIC_TEACHING_FIXTURE
REQ_SYN_SEG_0807_f2	SYN_SEG_0807	SYN_SEG_SPK_23	evaluation	u	f2	1007.987	raw_hz			1007.987	Hz	FALSE	evaluation_split_no_training_parameters	SYNTHETIC_TEACHING_FIXTURE
REQ_SYN_SEG_0807_f2	SYN_SEG_0807	SYN_SEG_SPK_23	evaluation	u	f2	1007.987	log_hz			6.91571055172275	log_Hz	FALSE	evaluation_split_no_training_parameters	SYNTHETIC_TEACHING_FIXTURE
REQ_SYN_SEG_0807_f2	SYN_SEG_0807	SYN_SEG_SPK_23	evaluation	u	f2	1007.987	within_speaker_z				z	FALSE	evaluation_split_no_training_parameters	SYNTHETIC_TEACHING_FIXTURE
REQ_SYN_SEG_0807_f2	SYN_SEG_0807	SYN_SEG_SPK_23	evaluation	u	f2	1007.987	f3_reference_scaling				Hz	FALSE	evaluation_split_no_training_parameters	SYNTHETIC_TEACHING_FIXTURE
REQ_SYN_SEG_0807_f3	SYN_SEG_0807	SYN_SEG_SPK_23	evaluation	u	f3	2569.303	raw_hz			2569.303	Hz	FALSE	evaluation_split_no_training_parameters	SYNTHETIC_TEACHING_FIXTURE
REQ_SYN_SEG_0807_f3	SYN_SEG_0807	SYN_SEG_SPK_23	evaluation	u	f3	2569.303	log_hz			7.85138993488053	log_Hz	FALSE	evaluation_split_no_training_parameters	SYNTHETIC_TEACHING_FIXTURE
REQ_SYN_SEG_0807_f3	SYN_SEG_0807	SYN_SEG_SPK_23	evaluation	u	f3	2569.303	within_speaker_z				z	FALSE	evaluation_split_no_training_parameters	SYNTHETIC_TEACHING_FIXTURE
REQ_SYN_SEG_0807_f3	SYN_SEG_0807	SYN_SEG_SPK_23	evaluation	u	f3	2569.303	f3_reference_scaling				Hz	FALSE	evaluation_split_no_training_parameters	SYNTHETIC_TEACHING_FIXTURE
REQ_SYN_SEG_0808_f1	SYN_SEG_0808	SYN_SEG_SPK_23	evaluation	i	f1	378.112	raw_hz			378.112	Hz	FALSE	evaluation_split_no_training_parameters	SYNTHETIC_TEACHING_FIXTURE
REQ_SYN_SEG_0808_f1	SYN_SEG_0808	SYN_SEG_SPK_23	evaluation	i	f1	378.112	log_hz			5.9351904480288	log_Hz	FALSE	evaluation_split_no_training_parameters	SYNTHETIC_TEACHING_FIXTURE
REQ_SYN_SEG_0808_f1	SYN_SEG_0808	SYN_SEG_SPK_23	evaluation	i	f1	378.112	within_speaker_z				z	FALSE	evaluation_split_no_training_parameters	SYNTHETIC_TEACHING_FIXTURE
REQ_SYN_SEG_0808_f1	SYN_SEG_0808	SYN_SEG_SPK_23	evaluation	i	f1	378.112	f3_reference_scaling				Hz	FALSE	evaluation_split_no_training_parameters	SYNTHETIC_TEACHING_FIXTURE
REQ_SYN_SEG_0808_f2	SYN_SEG_0808	SYN_SEG_SPK_23	evaluation	i	f2	2627.49	raw_hz			2627.49	Hz	FALSE	evaluation_split_no_training_parameters	SYNTHETIC_TEACHING_FIXTURE
REQ_SYN_SEG_0808_f2	SYN_SEG_0808	SYN_SEG_SPK_23	evaluation	i	f2	2627.49	log_hz			7.87378429684472	log_Hz	FALSE	evaluation_split_no_training_parameters	SYNTHETIC_TEACHING_FIXTURE
REQ_SYN_SEG_0808_f2	SYN_SEG_0808	SYN_SEG_SPK_23	evaluation	i	f2	2627.49	within_speaker_z				z	FALSE	evaluation_split_no_training_parameters	SYNTHETIC_TEACHING_FIXTURE
REQ_SYN_SEG_0808_f2	SYN_SEG_0808	SYN_SEG_SPK_23	evaluation	i	f2	2627.49	f3_reference_scaling				Hz	FALSE	evaluation_split_no_training_parameters	SYNTHETIC_TEACHING_FIXTURE
REQ_SYN_SEG_0808_f3	SYN_SEG_0808	SYN_SEG_SPK_23	evaluation	i	f3	3460.513	raw_hz			3460.513	Hz	FALSE	evaluation_split_no_training_parameters	SYNTHETIC_TEACHING_FIXTURE
REQ_SYN_SEG_0808_f3	SYN_SEG_0808	SYN_SEG_SPK_23	evaluation	i	f3	3460.513	log_hz			8.14917212295742	log_Hz	FALSE	evaluation_split_no_training_parameters	SYNTHETIC_TEACHING_FIXTURE
REQ_SYN_SEG_0808_f3	SYN_SEG_0808	SYN_SEG_SPK_23	evaluation	i	f3	3460.513	within_speaker_z				z	FALSE	evaluation_split_no_training_parameters	SYNTHETIC_TEACHING_FIXTURE
REQ_SYN_SEG_0808_f3	SYN_SEG_0808	SYN_SEG_SPK_23	evaluation	i	f3	3460.513	f3_reference_scaling				Hz	FALSE	evaluation_split_no_training_parameters	SYNTHETIC_TEACHING_FIXTURE
REQ_SYN_SEG_0809_f1	SYN_SEG_0809	SYN_SEG_SPK_23	evaluation	a	f1	883.003	raw_hz			883.003	Hz	FALSE	evaluation_split_no_training_parameters	SYNTHETIC_TEACHING_FIXTURE
REQ_SYN_SEG_0809_f1	SYN_SEG_0809	SYN_SEG_SPK_23	evaluation	a	f1	883.003	log_hz			6.78332859810668	log_Hz	FALSE	evaluation_split_no_training_parameters	SYNTHETIC_TEACHING_FIXTURE
REQ_SYN_SEG_0809_f1	SYN_SEG_0809	SYN_SEG_SPK_23	evaluation	a	f1	883.003	within_speaker_z				z	FALSE	evaluation_split_no_training_parameters	SYNTHETIC_TEACHING_FIXTURE
REQ_SYN_SEG_0809_f1	SYN_SEG_0809	SYN_SEG_SPK_23	evaluation	a	f1	883.003	f3_reference_scaling				Hz	FALSE	evaluation_split_no_training_parameters	SYNTHETIC_TEACHING_FIXTURE
REQ_SYN_SEG_0809_f2	SYN_SEG_0809	SYN_SEG_SPK_23	evaluation	a	f2	1402.95	raw_hz			1402.95	Hz	FALSE	evaluation_split_no_training_parameters	SYNTHETIC_TEACHING_FIXTURE
REQ_SYN_SEG_0809_f2	SYN_SEG_0809	SYN_SEG_SPK_23	evaluation	a	f2	1402.95	log_hz			7.24633244154867	log_Hz	FALSE	evaluation_split_no_training_parameters	SYNTHETIC_TEACHING_FIXTURE
REQ_SYN_SEG_0809_f2	SYN_SEG_0809	SYN_SEG_SPK_23	evaluation	a	f2	1402.95	within_speaker_z				z	FALSE	evaluation_split_no_training_parameters	SYNTHETIC_TEACHING_FIXTURE
REQ_SYN_SEG_0809_f2	SYN_SEG_0809	SYN_SEG_SPK_23	evaluation	a	f2	1402.95	f3_reference_scaling				Hz	FALSE	evaluation_split_no_training_parameters	SYNTHETIC_TEACHING_FIXTURE
REQ_SYN_SEG_0809_f3	SYN_SEG_0809	SYN_SEG_SPK_23	evaluation	a	f3	2834.291	raw_hz			2834.291	Hz	FALSE	evaluation_split_no_training_parameters	SYNTHETIC_TEACHING_FIXTURE
REQ_SYN_SEG_0809_f3	SYN_SEG_0809	SYN_SEG_SPK_23	evaluation	a	f3	2834.291	log_hz			7.94954709670117	log_Hz	FALSE	evaluation_split_no_training_parameters	SYNTHETIC_TEACHING_FIXTURE
REQ_SYN_SEG_0809_f3	SYN_SEG_0809	SYN_SEG_SPK_23	evaluation	a	f3	2834.291	within_speaker_z				z	FALSE	evaluation_split_no_training_parameters	SYNTHETIC_TEACHING_FIXTURE
REQ_SYN_SEG_0809_f3	SYN_SEG_0809	SYN_SEG_SPK_23	evaluation	a	f3	2834.291	f3_reference_scaling				Hz	FALSE	evaluation_split_no_training_parameters	SYNTHETIC_TEACHING_FIXTURE
REQ_SYN_SEG_0810_f1	SYN_SEG_0810	SYN_SEG_SPK_23	evaluation	u	f1	409.727	raw_hz			409.727	Hz	FALSE	evaluation_split_no_training_parameters	SYNTHETIC_TEACHING_FIXTURE
REQ_SYN_SEG_0810_f1	SYN_SEG_0810	SYN_SEG_SPK_23	evaluation	u	f1	409.727	log_hz			6.01549108426082	log_Hz	FALSE	evaluation_split_no_training_parameters	SYNTHETIC_TEACHING_FIXTURE
REQ_SYN_SEG_0810_f1	SYN_SEG_0810	SYN_SEG_SPK_23	evaluation	u	f1	409.727	within_speaker_z				z	FALSE	evaluation_split_no_training_parameters	SYNTHETIC_TEACHING_FIXTURE
REQ_SYN_SEG_0810_f1	SYN_SEG_0810	SYN_SEG_SPK_23	evaluation	u	f1	409.727	f3_reference_scaling				Hz	FALSE	evaluation_split_no_training_parameters	SYNTHETIC_TEACHING_FIXTURE
REQ_SYN_SEG_0810_f2	SYN_SEG_0810	SYN_SEG_SPK_23	evaluation	u	f2	1090.526	raw_hz			1090.526	Hz	FALSE	evaluation_split_no_training_parameters	SYNTHETIC_TEACHING_FIXTURE
REQ_SYN_SEG_0810_f2	SYN_SEG_0810	SYN_SEG_SPK_23	evaluation	u	f2	1090.526	log_hz			6.99441542763165	log_Hz	FALSE	evaluation_split_no_training_parameters	SYNTHETIC_TEACHING_FIXTURE
REQ_SYN_SEG_0810_f2	SYN_SEG_0810	SYN_SEG_SPK_23	evaluation	u	f2	1090.526	within_speaker_z				z	FALSE	evaluation_split_no_training_parameters	SYNTHETIC_TEACHING_FIXTURE
REQ_SYN_SEG_0810_f2	SYN_SEG_0810	SYN_SEG_SPK_23	evaluation	u	f2	1090.526	f3_reference_scaling				Hz	FALSE	evaluation_split_no_training_parameters	SYNTHETIC_TEACHING_FIXTURE
REQ_SYN_SEG_0810_f3	SYN_SEG_0810	SYN_SEG_SPK_23	evaluation	u	f3	2493.814	raw_hz			2493.814	Hz	FALSE	evaluation_split_no_training_parameters	SYNTHETIC_TEACHING_FIXTURE
REQ_SYN_SEG_0810_f3	SYN_SEG_0810	SYN_SEG_SPK_23	evaluation	u	f3	2493.814	log_hz			7.82156854446926	log_Hz	FALSE	evaluation_split_no_training_parameters	SYNTHETIC_TEACHING_FIXTURE
REQ_SYN_SEG_0810_f3	SYN_SEG_0810	SYN_SEG_SPK_23	evaluation	u	f3	2493.814	within_speaker_z				z	FALSE	evaluation_split_no_training_parameters	SYNTHETIC_TEACHING_FIXTURE
REQ_SYN_SEG_0810_f3	SYN_SEG_0810	SYN_SEG_SPK_23	evaluation	u	f3	2493.814	f3_reference_scaling				Hz	FALSE	evaluation_split_no_training_parameters	SYNTHETIC_TEACHING_FIXTURE
REQ_SYN_SEG_0811_f1	SYN_SEG_0811	SYN_SEG_SPK_23	evaluation	i	f1	358.098	raw_hz			358.098	Hz	FALSE	evaluation_split_no_training_parameters	SYNTHETIC_TEACHING_FIXTURE
REQ_SYN_SEG_0811_f1	SYN_SEG_0811	SYN_SEG_SPK_23	evaluation	i	f1	358.098	log_hz			5.88080669195668	log_Hz	FALSE	evaluation_split_no_training_parameters	SYNTHETIC_TEACHING_FIXTURE
REQ_SYN_SEG_0811_f1	SYN_SEG_0811	SYN_SEG_SPK_23	evaluation	i	f1	358.098	within_speaker_z				z	FALSE	evaluation_split_no_training_parameters	SYNTHETIC_TEACHING_FIXTURE
REQ_SYN_SEG_0811_f1	SYN_SEG_0811	SYN_SEG_SPK_23	evaluation	i	f1	358.098	f3_reference_scaling				Hz	FALSE	evaluation_split_no_training_parameters	SYNTHETIC_TEACHING_FIXTURE
REQ_SYN_SEG_0811_f2	SYN_SEG_0811	SYN_SEG_SPK_23	evaluation	i	f2	2593.126	raw_hz			2593.126	Hz	FALSE	evaluation_split_no_training_parameters	SYNTHETIC_TEACHING_FIXTURE
REQ_SYN_SEG_0811_f2	SYN_SEG_0811	SYN_SEG_SPK_23	evaluation	i	f2	2593.126	log_hz			7.86061937672215	log_Hz	FALSE	evaluation_split_no_training_parameters	SYNTHETIC_TEACHING_FIXTURE
REQ_SYN_SEG_0811_f2	SYN_SEG_0811	SYN_SEG_SPK_23	evaluation	i	f2	2593.126	within_speaker_z				z	FALSE	evaluation_split_no_training_parameters	SYNTHETIC_TEACHING_FIXTURE
REQ_SYN_SEG_0811_f2	SYN_SEG_0811	SYN_SEG_SPK_23	evaluation	i	f2	2593.126	f3_reference_scaling				Hz	FALSE	evaluation_split_no_training_parameters	SYNTHETIC_TEACHING_FIXTURE
REQ_SYN_SEG_0811_f3	SYN_SEG_0811	SYN_SEG_SPK_23	evaluation	i	f3	3503.83	raw_hz			3503.83	Hz	FALSE	evaluation_split_no_training_parameters	SYNTHETIC_TEACHING_FIXTURE
REQ_SYN_SEG_0811_f3	SYN_SEG_0811	SYN_SEG_SPK_23	evaluation	i	f3	3503.83	log_hz			8.16161193489761	log_Hz	FALSE	evaluation_split_no_training_parameters	SYNTHETIC_TEACHING_FIXTURE
REQ_SYN_SEG_0811_f3	SYN_SEG_0811	SYN_SEG_SPK_23	evaluation	i	f3	3503.83	within_speaker_z				z	FALSE	evaluation_split_no_training_parameters	SYNTHETIC_TEACHING_FIXTURE
REQ_SYN_SEG_0811_f3	SYN_SEG_0811	SYN_SEG_SPK_23	evaluation	i	f3	3503.83	f3_reference_scaling				Hz	FALSE	evaluation_split_no_training_parameters	SYNTHETIC_TEACHING_FIXTURE
REQ_SYN_SEG_0812_f1	SYN_SEG_0812	SYN_SEG_SPK_23	evaluation	a	f1	894.271	raw_hz			894.271	Hz	FALSE	evaluation_split_no_training_parameters	SYNTHETIC_TEACHING_FIXTURE
REQ_SYN_SEG_0812_f1	SYN_SEG_0812	SYN_SEG_SPK_23	evaluation	a	f1	894.271	log_hz			6.79600886122935	log_Hz	FALSE	evaluation_split_no_training_parameters	SYNTHETIC_TEACHING_FIXTURE
REQ_SYN_SEG_0812_f1	SYN_SEG_0812	SYN_SEG_SPK_23	evaluation	a	f1	894.271	within_speaker_z				z	FALSE	evaluation_split_no_training_parameters	SYNTHETIC_TEACHING_FIXTURE
REQ_SYN_SEG_0812_f1	SYN_SEG_0812	SYN_SEG_SPK_23	evaluation	a	f1	894.271	f3_reference_scaling				Hz	FALSE	evaluation_split_no_training_parameters	SYNTHETIC_TEACHING_FIXTURE
REQ_SYN_SEG_0812_f2	SYN_SEG_0812	SYN_SEG_SPK_23	evaluation	a	f2	1470.411	raw_hz			1470.411	Hz	FALSE	evaluation_split_no_training_parameters	SYNTHETIC_TEACHING_FIXTURE
REQ_SYN_SEG_0812_f2	SYN_SEG_0812	SYN_SEG_SPK_23	evaluation	a	f2	1470.411	log_hz			7.293297232531	log_Hz	FALSE	evaluation_split_no_training_parameters	SYNTHETIC_TEACHING_FIXTURE
REQ_SYN_SEG_0812_f2	SYN_SEG_0812	SYN_SEG_SPK_23	evaluation	a	f2	1470.411	within_speaker_z				z	FALSE	evaluation_split_no_training_parameters	SYNTHETIC_TEACHING_FIXTURE
REQ_SYN_SEG_0812_f2	SYN_SEG_0812	SYN_SEG_SPK_23	evaluation	a	f2	1470.411	f3_reference_scaling				Hz	FALSE	evaluation_split_no_training_parameters	SYNTHETIC_TEACHING_FIXTURE
REQ_SYN_SEG_0812_f3	SYN_SEG_0812	SYN_SEG_SPK_23	evaluation	a	f3	2940.268	raw_hz			2940.268	Hz	FALSE	evaluation_split_no_training_parameters	SYNTHETIC_TEACHING_FIXTURE
REQ_SYN_SEG_0812_f3	SYN_SEG_0812	SYN_SEG_SPK_23	evaluation	a	f3	2940.268	log_hz			7.98625601264081	log_Hz	FALSE	evaluation_split_no_training_parameters	SYNTHETIC_TEACHING_FIXTURE
REQ_SYN_SEG_0812_f3	SYN_SEG_0812	SYN_SEG_SPK_23	evaluation	a	f3	2940.268	within_speaker_z				z	FALSE	evaluation_split_no_training_parameters	SYNTHETIC_TEACHING_FIXTURE
REQ_SYN_SEG_0812_f3	SYN_SEG_0812	SYN_SEG_SPK_23	evaluation	a	f3	2940.268	f3_reference_scaling				Hz	FALSE	evaluation_split_no_training_parameters	SYNTHETIC_TEACHING_FIXTURE
REQ_SYN_SEG_0813_f1	SYN_SEG_0813	SYN_SEG_SPK_23	evaluation	u	f1	378.304	raw_hz			378.304	Hz	FALSE	evaluation_split_no_training_parameters	SYNTHETIC_TEACHING_FIXTURE
REQ_SYN_SEG_0813_f1	SYN_SEG_0813	SYN_SEG_SPK_23	evaluation	u	f1	378.304	log_hz			5.9356981052019	log_Hz	FALSE	evaluation_split_no_training_parameters	SYNTHETIC_TEACHING_FIXTURE
REQ_SYN_SEG_0813_f1	SYN_SEG_0813	SYN_SEG_SPK_23	evaluation	u	f1	378.304	within_speaker_z				z	FALSE	evaluation_split_no_training_parameters	SYNTHETIC_TEACHING_FIXTURE
REQ_SYN_SEG_0813_f1	SYN_SEG_0813	SYN_SEG_SPK_23	evaluation	u	f1	378.304	f3_reference_scaling				Hz	FALSE	evaluation_split_no_training_parameters	SYNTHETIC_TEACHING_FIXTURE
REQ_SYN_SEG_0813_f2	SYN_SEG_0813	SYN_SEG_SPK_23	evaluation	u	f2	1041.421	raw_hz			1041.421	Hz	FALSE	evaluation_split_no_training_parameters	SYNTHETIC_TEACHING_FIXTURE
REQ_SYN_SEG_0813_f2	SYN_SEG_0813	SYN_SEG_SPK_23	evaluation	u	f2	1041.421	log_hz			6.94834140568777	log_Hz	FALSE	evaluation_split_no_training_parameters	SYNTHETIC_TEACHING_FIXTURE
REQ_SYN_SEG_0813_f2	SYN_SEG_0813	SYN_SEG_SPK_23	evaluation	u	f2	1041.421	within_speaker_z				z	FALSE	evaluation_split_no_training_parameters	SYNTHETIC_TEACHING_FIXTURE
REQ_SYN_SEG_0813_f2	SYN_SEG_0813	SYN_SEG_SPK_23	evaluation	u	f2	1041.421	f3_reference_scaling				Hz	FALSE	evaluation_split_no_training_parameters	SYNTHETIC_TEACHING_FIXTURE
REQ_SYN_SEG_0813_f3	SYN_SEG_0813	SYN_SEG_SPK_23	evaluation	u	f3	2559.082	raw_hz			2559.082	Hz	FALSE	evaluation_split_no_training_parameters	SYNTHETIC_TEACHING_FIXTURE
REQ_SYN_SEG_0813_f3	SYN_SEG_0813	SYN_SEG_SPK_23	evaluation	u	f3	2559.082	log_hz			7.8474038794135	log_Hz	FALSE	evaluation_split_no_training_parameters	SYNTHETIC_TEACHING_FIXTURE
REQ_SYN_SEG_0813_f3	SYN_SEG_0813	SYN_SEG_SPK_23	evaluation	u	f3	2559.082	within_speaker_z				z	FALSE	evaluation_split_no_training_parameters	SYNTHETIC_TEACHING_FIXTURE
REQ_SYN_SEG_0813_f3	SYN_SEG_0813	SYN_SEG_SPK_23	evaluation	u	f3	2559.082	f3_reference_scaling				Hz	FALSE	evaluation_split_no_training_parameters	SYNTHETIC_TEACHING_FIXTURE
REQ_SYN_SEG_0814_f1	SYN_SEG_0814	SYN_SEG_SPK_23	evaluation	i	f1	368.911	raw_hz			368.911	Hz	FALSE	evaluation_split_no_training_parameters	SYNTHETIC_TEACHING_FIXTURE
REQ_SYN_SEG_0814_f1	SYN_SEG_0814	SYN_SEG_SPK_23	evaluation	i	f1	368.911	log_hz			5.91055542253704	log_Hz	FALSE	evaluation_split_no_training_parameters	SYNTHETIC_TEACHING_FIXTURE
REQ_SYN_SEG_0814_f1	SYN_SEG_0814	SYN_SEG_SPK_23	evaluation	i	f1	368.911	within_speaker_z				z	FALSE	evaluation_split_no_training_parameters	SYNTHETIC_TEACHING_FIXTURE
REQ_SYN_SEG_0814_f1	SYN_SEG_0814	SYN_SEG_SPK_23	evaluation	i	f1	368.911	f3_reference_scaling				Hz	FALSE	evaluation_split_no_training_parameters	SYNTHETIC_TEACHING_FIXTURE
REQ_SYN_SEG_0814_f2	SYN_SEG_0814	SYN_SEG_SPK_23	evaluation	i	f2	2608.175	raw_hz			2608.175	Hz	FALSE	evaluation_split_no_training_parameters	SYNTHETIC_TEACHING_FIXTURE
REQ_SYN_SEG_0814_f2	SYN_SEG_0814	SYN_SEG_SPK_23	evaluation	i	f2	2608.175	log_hz			7.86640602202235	log_Hz	FALSE	evaluation_split_no_training_parameters	SYNTHETIC_TEACHING_FIXTURE
REQ_SYN_SEG_0814_f2	SYN_SEG_0814	SYN_SEG_SPK_23	evaluation	i	f2	2608.175	within_speaker_z				z	FALSE	evaluation_split_no_training_parameters	SYNTHETIC_TEACHING_FIXTURE
REQ_SYN_SEG_0814_f2	SYN_SEG_0814	SYN_SEG_SPK_23	evaluation	i	f2	2608.175	f3_reference_scaling				Hz	FALSE	evaluation_split_no_training_parameters	SYNTHETIC_TEACHING_FIXTURE
REQ_SYN_SEG_0814_f3	SYN_SEG_0814	SYN_SEG_SPK_23	evaluation	i	f3	3453.837	raw_hz			3453.837	Hz	FALSE	evaluation_split_no_training_parameters	SYNTHETIC_TEACHING_FIXTURE
REQ_SYN_SEG_0814_f3	SYN_SEG_0814	SYN_SEG_SPK_23	evaluation	i	f3	3453.837	log_hz			8.14724106593122	log_Hz	FALSE	evaluation_split_no_training_parameters	SYNTHETIC_TEACHING_FIXTURE
REQ_SYN_SEG_0814_f3	SYN_SEG_0814	SYN_SEG_SPK_23	evaluation	i	f3	3453.837	within_speaker_z				z	FALSE	evaluation_split_no_training_parameters	SYNTHETIC_TEACHING_FIXTURE
REQ_SYN_SEG_0814_f3	SYN_SEG_0814	SYN_SEG_SPK_23	evaluation	i	f3	3453.837	f3_reference_scaling				Hz	FALSE	evaluation_split_no_training_parameters	SYNTHETIC_TEACHING_FIXTURE
REQ_SYN_SEG_0815_f1	SYN_SEG_0815	SYN_SEG_SPK_23	evaluation	a	f1	879.586	raw_hz			879.586	Hz	FALSE	evaluation_split_no_training_parameters	SYNTHETIC_TEACHING_FIXTURE
REQ_SYN_SEG_0815_f1	SYN_SEG_0815	SYN_SEG_SPK_23	evaluation	a	f1	879.586	log_hz			6.77945134222834	log_Hz	FALSE	evaluation_split_no_training_parameters	SYNTHETIC_TEACHING_FIXTURE
REQ_SYN_SEG_0815_f1	SYN_SEG_0815	SYN_SEG_SPK_23	evaluation	a	f1	879.586	within_speaker_z				z	FALSE	evaluation_split_no_training_parameters	SYNTHETIC_TEACHING_FIXTURE
REQ_SYN_SEG_0815_f1	SYN_SEG_0815	SYN_SEG_SPK_23	evaluation	a	f1	879.586	f3_reference_scaling				Hz	FALSE	evaluation_split_no_training_parameters	SYNTHETIC_TEACHING_FIXTURE
REQ_SYN_SEG_0815_f2	SYN_SEG_0815	SYN_SEG_SPK_23	evaluation	a	f2	1382.274	raw_hz			1382.274	Hz	FALSE	evaluation_split_no_training_parameters	SYNTHETIC_TEACHING_FIXTURE
REQ_SYN_SEG_0815_f2	SYN_SEG_0815	SYN_SEG_SPK_23	evaluation	a	f2	1382.274	log_hz			7.23148524806242	log_Hz	FALSE	evaluation_split_no_training_parameters	SYNTHETIC_TEACHING_FIXTURE
REQ_SYN_SEG_0815_f2	SYN_SEG_0815	SYN_SEG_SPK_23	evaluation	a	f2	1382.274	within_speaker_z				z	FALSE	evaluation_split_no_training_parameters	SYNTHETIC_TEACHING_FIXTURE
REQ_SYN_SEG_0815_f2	SYN_SEG_0815	SYN_SEG_SPK_23	evaluation	a	f2	1382.274	f3_reference_scaling				Hz	FALSE	evaluation_split_no_training_parameters	SYNTHETIC_TEACHING_FIXTURE
REQ_SYN_SEG_0815_f3	SYN_SEG_0815	SYN_SEG_SPK_23	evaluation	a	f3	2849.754	raw_hz			2849.754	Hz	FALSE	evaluation_split_no_training_parameters	SYNTHETIC_TEACHING_FIXTURE
REQ_SYN_SEG_0815_f3	SYN_SEG_0815	SYN_SEG_SPK_23	evaluation	a	f3	2849.754	log_hz			7.9549879537478	log_Hz	FALSE	evaluation_split_no_training_parameters	SYNTHETIC_TEACHING_FIXTURE
REQ_SYN_SEG_0815_f3	SYN_SEG_0815	SYN_SEG_SPK_23	evaluation	a	f3	2849.754	within_speaker_z				z	FALSE	evaluation_split_no_training_parameters	SYNTHETIC_TEACHING_FIXTURE
REQ_SYN_SEG_0815_f3	SYN_SEG_0815	SYN_SEG_SPK_23	evaluation	a	f3	2849.754	f3_reference_scaling				Hz	FALSE	evaluation_split_no_training_parameters	SYNTHETIC_TEACHING_FIXTURE
REQ_SYN_SEG_0816_f1	SYN_SEG_0816	SYN_SEG_SPK_23	evaluation	u	f1	414.97	raw_hz			414.97	Hz	FALSE	evaluation_split_no_training_parameters	SYNTHETIC_TEACHING_FIXTURE
REQ_SYN_SEG_0816_f1	SYN_SEG_0816	SYN_SEG_SPK_23	evaluation	u	f1	414.97	log_hz			6.02820622846108	log_Hz	FALSE	evaluation_split_no_training_parameters	SYNTHETIC_TEACHING_FIXTURE
REQ_SYN_SEG_0816_f1	SYN_SEG_0816	SYN_SEG_SPK_23	evaluation	u	f1	414.97	within_speaker_z				z	FALSE	evaluation_split_no_training_parameters	SYNTHETIC_TEACHING_FIXTURE
REQ_SYN_SEG_0816_f1	SYN_SEG_0816	SYN_SEG_SPK_23	evaluation	u	f1	414.97	f3_reference_scaling				Hz	FALSE	evaluation_split_no_training_parameters	SYNTHETIC_TEACHING_FIXTURE
REQ_SYN_SEG_0816_f2	SYN_SEG_0816	SYN_SEG_SPK_23	evaluation	u	f2	1044.858	raw_hz			1044.858	Hz	FALSE	evaluation_split_no_training_parameters	SYNTHETIC_TEACHING_FIXTURE
REQ_SYN_SEG_0816_f2	SYN_SEG_0816	SYN_SEG_SPK_23	evaluation	u	f2	1044.858	log_hz			6.95163626999822	log_Hz	FALSE	evaluation_split_no_training_parameters	SYNTHETIC_TEACHING_FIXTURE
REQ_SYN_SEG_0816_f2	SYN_SEG_0816	SYN_SEG_SPK_23	evaluation	u	f2	1044.858	within_speaker_z				z	FALSE	evaluation_split_no_training_parameters	SYNTHETIC_TEACHING_FIXTURE
REQ_SYN_SEG_0816_f2	SYN_SEG_0816	SYN_SEG_SPK_23	evaluation	u	f2	1044.858	f3_reference_scaling				Hz	FALSE	evaluation_split_no_training_parameters	SYNTHETIC_TEACHING_FIXTURE
REQ_SYN_SEG_0816_f3	SYN_SEG_0816	SYN_SEG_SPK_23	evaluation	u	f3	2472.126	raw_hz			2472.126	Hz	FALSE	evaluation_split_no_training_parameters	SYNTHETIC_TEACHING_FIXTURE
REQ_SYN_SEG_0816_f3	SYN_SEG_0816	SYN_SEG_SPK_23	evaluation	u	f3	2472.126	log_hz			7.8128337881524	log_Hz	FALSE	evaluation_split_no_training_parameters	SYNTHETIC_TEACHING_FIXTURE
REQ_SYN_SEG_0816_f3	SYN_SEG_0816	SYN_SEG_SPK_23	evaluation	u	f3	2472.126	within_speaker_z				z	FALSE	evaluation_split_no_training_parameters	SYNTHETIC_TEACHING_FIXTURE
REQ_SYN_SEG_0816_f3	SYN_SEG_0816	SYN_SEG_SPK_23	evaluation	u	f3	2472.126	f3_reference_scaling				Hz	FALSE	evaluation_split_no_training_parameters	SYNTHETIC_TEACHING_FIXTURE
REQ_SYN_SEG_0841_f1	SYN_SEG_0841	SYN_SEG_SPK_24	evaluation	i	f1	255.781	raw_hz			255.781	Hz	FALSE	evaluation_split_no_training_parameters	SYNTHETIC_TEACHING_FIXTURE
REQ_SYN_SEG_0841_f1	SYN_SEG_0841	SYN_SEG_SPK_24	evaluation	i	f1	255.781	log_hz			5.54432160960735	log_Hz	FALSE	evaluation_split_no_training_parameters	SYNTHETIC_TEACHING_FIXTURE
REQ_SYN_SEG_0841_f1	SYN_SEG_0841	SYN_SEG_SPK_24	evaluation	i	f1	255.781	within_speaker_z				z	FALSE	evaluation_split_no_training_parameters	SYNTHETIC_TEACHING_FIXTURE
REQ_SYN_SEG_0841_f1	SYN_SEG_0841	SYN_SEG_SPK_24	evaluation	i	f1	255.781	f3_reference_scaling				Hz	FALSE	evaluation_split_no_training_parameters	SYNTHETIC_TEACHING_FIXTURE
REQ_SYN_SEG_0841_f2	SYN_SEG_0841	SYN_SEG_SPK_24	evaluation	i	f2	2062.363	raw_hz			2062.363	Hz	FALSE	evaluation_split_no_training_parameters	SYNTHETIC_TEACHING_FIXTURE
REQ_SYN_SEG_0841_f2	SYN_SEG_0841	SYN_SEG_SPK_24	evaluation	i	f2	2062.363	log_hz			7.63160769176022	log_Hz	FALSE	evaluation_split_no_training_parameters	SYNTHETIC_TEACHING_FIXTURE
REQ_SYN_SEG_0841_f2	SYN_SEG_0841	SYN_SEG_SPK_24	evaluation	i	f2	2062.363	within_speaker_z				z	FALSE	evaluation_split_no_training_parameters	SYNTHETIC_TEACHING_FIXTURE
REQ_SYN_SEG_0841_f2	SYN_SEG_0841	SYN_SEG_SPK_24	evaluation	i	f2	2062.363	f3_reference_scaling				Hz	FALSE	evaluation_split_no_training_parameters	SYNTHETIC_TEACHING_FIXTURE
REQ_SYN_SEG_0841_f3	SYN_SEG_0841	SYN_SEG_SPK_24	evaluation	i	f3	2672.375	raw_hz			2672.375	Hz	FALSE	evaluation_split_no_training_parameters	SYNTHETIC_TEACHING_FIXTURE
REQ_SYN_SEG_0841_f3	SYN_SEG_0841	SYN_SEG_SPK_24	evaluation	i	f3	2672.375	log_hz			7.89072286912057	log_Hz	FALSE	evaluation_split_no_training_parameters	SYNTHETIC_TEACHING_FIXTURE
REQ_SYN_SEG_0841_f3	SYN_SEG_0841	SYN_SEG_SPK_24	evaluation	i	f3	2672.375	within_speaker_z				z	FALSE	evaluation_split_no_training_parameters	SYNTHETIC_TEACHING_FIXTURE
REQ_SYN_SEG_0841_f3	SYN_SEG_0841	SYN_SEG_SPK_24	evaluation	i	f3	2672.375	f3_reference_scaling				Hz	FALSE	evaluation_split_no_training_parameters	SYNTHETIC_TEACHING_FIXTURE
REQ_SYN_SEG_0842_f1	SYN_SEG_0842	SYN_SEG_SPK_24	evaluation	a	f1	632.377	raw_hz			632.377	Hz	FALSE	evaluation_split_no_training_parameters	SYNTHETIC_TEACHING_FIXTURE
REQ_SYN_SEG_0842_f1	SYN_SEG_0842	SYN_SEG_SPK_24	evaluation	a	f1	632.377	log_hz			6.44948573528747	log_Hz	FALSE	evaluation_split_no_training_parameters	SYNTHETIC_TEACHING_FIXTURE
REQ_SYN_SEG_0842_f1	SYN_SEG_0842	SYN_SEG_SPK_24	evaluation	a	f1	632.377	within_speaker_z				z	FALSE	evaluation_split_no_training_parameters	SYNTHETIC_TEACHING_FIXTURE
REQ_SYN_SEG_0842_f1	SYN_SEG_0842	SYN_SEG_SPK_24	evaluation	a	f1	632.377	f3_reference_scaling				Hz	FALSE	evaluation_split_no_training_parameters	SYNTHETIC_TEACHING_FIXTURE
REQ_SYN_SEG_0842_f2	SYN_SEG_0842	SYN_SEG_SPK_24	evaluation	a	f2	1058.207	raw_hz			1058.207	Hz	FALSE	evaluation_split_no_training_parameters	SYNTHETIC_TEACHING_FIXTURE
REQ_SYN_SEG_0842_f2	SYN_SEG_0842	SYN_SEG_SPK_24	evaluation	a	f2	1058.207	log_hz			6.96433124545477	log_Hz	FALSE	evaluation_split_no_training_parameters	SYNTHETIC_TEACHING_FIXTURE
REQ_SYN_SEG_0842_f2	SYN_SEG_0842	SYN_SEG_SPK_24	evaluation	a	f2	1058.207	within_speaker_z				z	FALSE	evaluation_split_no_training_parameters	SYNTHETIC_TEACHING_FIXTURE
REQ_SYN_SEG_0842_f2	SYN_SEG_0842	SYN_SEG_SPK_24	evaluation	a	f2	1058.207	f3_reference_scaling				Hz	FALSE	evaluation_split_no_training_parameters	SYNTHETIC_TEACHING_FIXTURE
REQ_SYN_SEG_0842_f3	SYN_SEG_0842	SYN_SEG_SPK_24	evaluation	a	f3	2227.866	raw_hz			2227.866	Hz	FALSE	evaluation_split_no_training_parameters	SYNTHETIC_TEACHING_FIXTURE
REQ_SYN_SEG_0842_f3	SYN_SEG_0842	SYN_SEG_SPK_24	evaluation	a	f3	2227.866	log_hz			7.7087994556119	log_Hz	FALSE	evaluation_split_no_training_parameters	SYNTHETIC_TEACHING_FIXTURE
REQ_SYN_SEG_0842_f3	SYN_SEG_0842	SYN_SEG_SPK_24	evaluation	a	f3	2227.866	within_speaker_z				z	FALSE	evaluation_split_no_training_parameters	SYNTHETIC_TEACHING_FIXTURE
REQ_SYN_SEG_0842_f3	SYN_SEG_0842	SYN_SEG_SPK_24	evaluation	a	f3	2227.866	f3_reference_scaling				Hz	FALSE	evaluation_split_no_training_parameters	SYNTHETIC_TEACHING_FIXTURE
REQ_SYN_SEG_0843_f1	SYN_SEG_0843	SYN_SEG_SPK_24	evaluation	u	f1	351.146	raw_hz			351.146	Hz	FALSE	evaluation_split_no_training_parameters	SYNTHETIC_TEACHING_FIXTURE
REQ_SYN_SEG_0843_f1	SYN_SEG_0843	SYN_SEG_SPK_24	evaluation	u	f1	351.146	log_hz			5.86120209139676	log_Hz	FALSE	evaluation_split_no_training_parameters	SYNTHETIC_TEACHING_FIXTURE
REQ_SYN_SEG_0843_f1	SYN_SEG_0843	SYN_SEG_SPK_24	evaluation	u	f1	351.146	within_speaker_z				z	FALSE	evaluation_split_no_training_parameters	SYNTHETIC_TEACHING_FIXTURE
REQ_SYN_SEG_0843_f1	SYN_SEG_0843	SYN_SEG_SPK_24	evaluation	u	f1	351.146	f3_reference_scaling				Hz	FALSE	evaluation_split_no_training_parameters	SYNTHETIC_TEACHING_FIXTURE
REQ_SYN_SEG_0843_f2	SYN_SEG_0843	SYN_SEG_SPK_24	evaluation	u	f2	766.506	raw_hz			766.506	Hz	FALSE	evaluation_split_no_training_parameters	SYNTHETIC_TEACHING_FIXTURE
REQ_SYN_SEG_0843_f2	SYN_SEG_0843	SYN_SEG_SPK_24	evaluation	u	f2	766.506	log_hz			6.64184252606988	log_Hz	FALSE	evaluation_split_no_training_parameters	SYNTHETIC_TEACHING_FIXTURE
REQ_SYN_SEG_0843_f2	SYN_SEG_0843	SYN_SEG_SPK_24	evaluation	u	f2	766.506	within_speaker_z				z	FALSE	evaluation_split_no_training_parameters	SYNTHETIC_TEACHING_FIXTURE
REQ_SYN_SEG_0843_f2	SYN_SEG_0843	SYN_SEG_SPK_24	evaluation	u	f2	766.506	f3_reference_scaling				Hz	FALSE	evaluation_split_no_training_parameters	SYNTHETIC_TEACHING_FIXTURE
REQ_SYN_SEG_0843_f3	SYN_SEG_0843	SYN_SEG_SPK_24	evaluation	u	f3	2055.694	raw_hz			2055.694	Hz	FALSE	evaluation_split_no_training_parameters	SYNTHETIC_TEACHING_FIXTURE
REQ_SYN_SEG_0843_f3	SYN_SEG_0843	SYN_SEG_SPK_24	evaluation	u	f3	2055.694	log_hz			7.62836878281355	log_Hz	FALSE	evaluation_split_no_training_parameters	SYNTHETIC_TEACHING_FIXTURE
REQ_SYN_SEG_0843_f3	SYN_SEG_0843	SYN_SEG_SPK_24	evaluation	u	f3	2055.694	within_speaker_z				z	FALSE	evaluation_split_no_training_parameters	SYNTHETIC_TEACHING_FIXTURE
REQ_SYN_SEG_0843_f3	SYN_SEG_0843	SYN_SEG_SPK_24	evaluation	u	f3	2055.694	f3_reference_scaling				Hz	FALSE	evaluation_split_no_training_parameters	SYNTHETIC_TEACHING_FIXTURE
REQ_SYN_SEG_0844_f1	SYN_SEG_0844	SYN_SEG_SPK_24	evaluation	i	f1	293.839	raw_hz			293.839	Hz	FALSE	evaluation_split_no_training_parameters	SYNTHETIC_TEACHING_FIXTURE
REQ_SYN_SEG_0844_f1	SYN_SEG_0844	SYN_SEG_SPK_24	evaluation	i	f1	293.839	log_hz			5.68303199829299	log_Hz	FALSE	evaluation_split_no_training_parameters	SYNTHETIC_TEACHING_FIXTURE
REQ_SYN_SEG_0844_f1	SYN_SEG_0844	SYN_SEG_SPK_24	evaluation	i	f1	293.839	within_speaker_z				z	FALSE	evaluation_split_no_training_parameters	SYNTHETIC_TEACHING_FIXTURE
REQ_SYN_SEG_0844_f1	SYN_SEG_0844	SYN_SEG_SPK_24	evaluation	i	f1	293.839	f3_reference_scaling				Hz	FALSE	evaluation_split_no_training_parameters	SYNTHETIC_TEACHING_FIXTURE
REQ_SYN_SEG_0844_f2	SYN_SEG_0844	SYN_SEG_SPK_24	evaluation	i	f2	2080.833	raw_hz			2080.833	Hz	FALSE	evaluation_split_no_training_parameters	SYNTHETIC_TEACHING_FIXTURE
REQ_SYN_SEG_0844_f2	SYN_SEG_0844	SYN_SEG_SPK_24	evaluation	i	f2	2080.833	log_hz			7.64052357329358	log_Hz	FALSE	evaluation_split_no_training_parameters	SYNTHETIC_TEACHING_FIXTURE
REQ_SYN_SEG_0844_f2	SYN_SEG_0844	SYN_SEG_SPK_24	evaluation	i	f2	2080.833	within_speaker_z				z	FALSE	evaluation_split_no_training_parameters	SYNTHETIC_TEACHING_FIXTURE
REQ_SYN_SEG_0844_f2	SYN_SEG_0844	SYN_SEG_SPK_24	evaluation	i	f2	2080.833	f3_reference_scaling				Hz	FALSE	evaluation_split_no_training_parameters	SYNTHETIC_TEACHING_FIXTURE
REQ_SYN_SEG_0844_f3	SYN_SEG_0844	SYN_SEG_SPK_24	evaluation	i	f3	2712.833	raw_hz			2712.833	Hz	FALSE	evaluation_split_no_training_parameters	SYNTHETIC_TEACHING_FIXTURE
REQ_SYN_SEG_0844_f3	SYN_SEG_0844	SYN_SEG_SPK_24	evaluation	i	f3	2712.833	log_hz			7.90574875529067	log_Hz	FALSE	evaluation_split_no_training_parameters	SYNTHETIC_TEACHING_FIXTURE
REQ_SYN_SEG_0844_f3	SYN_SEG_0844	SYN_SEG_SPK_24	evaluation	i	f3	2712.833	within_speaker_z				z	FALSE	evaluation_split_no_training_parameters	SYNTHETIC_TEACHING_FIXTURE
REQ_SYN_SEG_0844_f3	SYN_SEG_0844	SYN_SEG_SPK_24	evaluation	i	f3	2712.833	f3_reference_scaling				Hz	FALSE	evaluation_split_no_training_parameters	SYNTHETIC_TEACHING_FIXTURE
REQ_SYN_SEG_0845_f1	SYN_SEG_0845	SYN_SEG_SPK_24	evaluation	a	f1	635.747	raw_hz			635.747	Hz	FALSE	evaluation_split_no_training_parameters	SYNTHETIC_TEACHING_FIXTURE
REQ_SYN_SEG_0845_f1	SYN_SEG_0845	SYN_SEG_SPK_24	evaluation	a	f1	635.747	log_hz			6.45480068545507	log_Hz	FALSE	evaluation_split_no_training_parameters	SYNTHETIC_TEACHING_FIXTURE
REQ_SYN_SEG_0845_f1	SYN_SEG_0845	SYN_SEG_SPK_24	evaluation	a	f1	635.747	within_speaker_z				z	FALSE	evaluation_split_no_training_parameters	SYNTHETIC_TEACHING_FIXTURE
REQ_SYN_SEG_0845_f1	SYN_SEG_0845	SYN_SEG_SPK_24	evaluation	a	f1	635.747	f3_reference_scaling				Hz	FALSE	evaluation_split_no_training_parameters	SYNTHETIC_TEACHING_FIXTURE
REQ_SYN_SEG_0845_f2	SYN_SEG_0845	SYN_SEG_SPK_24	evaluation	a	f2	1062.272	raw_hz			1062.272	Hz	FALSE	evaluation_split_no_training_parameters	SYNTHETIC_TEACHING_FIXTURE
REQ_SYN_SEG_0845_f2	SYN_SEG_0845	SYN_SEG_SPK_24	evaluation	a	f2	1062.272	log_hz			6.96816528953593	log_Hz	FALSE	evaluation_split_no_training_parameters	SYNTHETIC_TEACHING_FIXTURE
REQ_SYN_SEG_0845_f2	SYN_SEG_0845	SYN_SEG_SPK_24	evaluation	a	f2	1062.272	within_speaker_z				z	FALSE	evaluation_split_no_training_parameters	SYNTHETIC_TEACHING_FIXTURE
REQ_SYN_SEG_0845_f2	SYN_SEG_0845	SYN_SEG_SPK_24	evaluation	a	f2	1062.272	f3_reference_scaling				Hz	FALSE	evaluation_split_no_training_parameters	SYNTHETIC_TEACHING_FIXTURE
REQ_SYN_SEG_0845_f3	SYN_SEG_0845	SYN_SEG_SPK_24	evaluation	a	f3	2200.192	raw_hz			2200.192	Hz	FALSE	evaluation_split_no_training_parameters	SYNTHETIC_TEACHING_FIXTURE
REQ_SYN_SEG_0845_f3	SYN_SEG_0845	SYN_SEG_SPK_24	evaluation	a	f3	2200.192	log_hz			7.69629990826564	log_Hz	FALSE	evaluation_split_no_training_parameters	SYNTHETIC_TEACHING_FIXTURE
REQ_SYN_SEG_0845_f3	SYN_SEG_0845	SYN_SEG_SPK_24	evaluation	a	f3	2200.192	within_speaker_z				z	FALSE	evaluation_split_no_training_parameters	SYNTHETIC_TEACHING_FIXTURE
REQ_SYN_SEG_0845_f3	SYN_SEG_0845	SYN_SEG_SPK_24	evaluation	a	f3	2200.192	f3_reference_scaling				Hz	FALSE	evaluation_split_no_training_parameters	SYNTHETIC_TEACHING_FIXTURE
REQ_SYN_SEG_0846_f1	SYN_SEG_0846	SYN_SEG_SPK_24	evaluation	u	f1	332.449	raw_hz			332.449	Hz	FALSE	evaluation_split_no_training_parameters	SYNTHETIC_TEACHING_FIXTURE
REQ_SYN_SEG_0846_f1	SYN_SEG_0846	SYN_SEG_SPK_24	evaluation	u	f1	332.449	log_hz			5.80648646487282	log_Hz	FALSE	evaluation_split_no_training_parameters	SYNTHETIC_TEACHING_FIXTURE
REQ_SYN_SEG_0846_f1	SYN_SEG_0846	SYN_SEG_SPK_24	evaluation	u	f1	332.449	within_speaker_z				z	FALSE	evaluation_split_no_training_parameters	SYNTHETIC_TEACHING_FIXTURE
REQ_SYN_SEG_0846_f1	SYN_SEG_0846	SYN_SEG_SPK_24	evaluation	u	f1	332.449	f3_reference_scaling				Hz	FALSE	evaluation_split_no_training_parameters	SYNTHETIC_TEACHING_FIXTURE
REQ_SYN_SEG_0846_f2	SYN_SEG_0846	SYN_SEG_SPK_24	evaluation	u	f2	782.331	raw_hz			782.331	Hz	FALSE	evaluation_split_no_training_parameters	SYNTHETIC_TEACHING_FIXTURE
REQ_SYN_SEG_0846_f2	SYN_SEG_0846	SYN_SEG_SPK_24	evaluation	u	f2	782.331	log_hz			6.66227792464758	log_Hz	FALSE	evaluation_split_no_training_parameters	SYNTHETIC_TEACHING_FIXTURE
REQ_SYN_SEG_0846_f2	SYN_SEG_0846	SYN_SEG_SPK_24	evaluation	u	f2	782.331	within_speaker_z				z	FALSE	evaluation_split_no_training_parameters	SYNTHETIC_TEACHING_FIXTURE
REQ_SYN_SEG_0846_f2	SYN_SEG_0846	SYN_SEG_SPK_24	evaluation	u	f2	782.331	f3_reference_scaling				Hz	FALSE	evaluation_split_no_training_parameters	SYNTHETIC_TEACHING_FIXTURE
REQ_SYN_SEG_0846_f3	SYN_SEG_0846	SYN_SEG_SPK_24	evaluation	u	f3	1835.534	raw_hz			1835.534	Hz	FALSE	evaluation_split_no_training_parameters	SYNTHETIC_TEACHING_FIXTURE
REQ_SYN_SEG_0846_f3	SYN_SEG_0846	SYN_SEG_SPK_24	evaluation	u	f3	1835.534	log_hz			7.51509072632839	log_Hz	FALSE	evaluation_split_no_training_parameters	SYNTHETIC_TEACHING_FIXTURE
REQ_SYN_SEG_0846_f3	SYN_SEG_0846	SYN_SEG_SPK_24	evaluation	u	f3	1835.534	within_speaker_z				z	FALSE	evaluation_split_no_training_parameters	SYNTHETIC_TEACHING_FIXTURE
REQ_SYN_SEG_0846_f3	SYN_SEG_0846	SYN_SEG_SPK_24	evaluation	u	f3	1835.534	f3_reference_scaling				Hz	FALSE	evaluation_split_no_training_parameters	SYNTHETIC_TEACHING_FIXTURE
REQ_SYN_SEG_0847_f1	SYN_SEG_0847	SYN_SEG_SPK_24	evaluation	i	f1	312.313	raw_hz			312.313	Hz	FALSE	evaluation_split_no_training_parameters	SYNTHETIC_TEACHING_FIXTURE
REQ_SYN_SEG_0847_f1	SYN_SEG_0847	SYN_SEG_SPK_24	evaluation	i	f1	312.313	log_hz			5.74400589006372	log_Hz	FALSE	evaluation_split_no_training_parameters	SYNTHETIC_TEACHING_FIXTURE
REQ_SYN_SEG_0847_f1	SYN_SEG_0847	SYN_SEG_SPK_24	evaluation	i	f1	312.313	within_speaker_z				z	FALSE	evaluation_split_no_training_parameters	SYNTHETIC_TEACHING_FIXTURE
REQ_SYN_SEG_0847_f1	SYN_SEG_0847	SYN_SEG_SPK_24	evaluation	i	f1	312.313	f3_reference_scaling				Hz	FALSE	evaluation_split_no_training_parameters	SYNTHETIC_TEACHING_FIXTURE
REQ_SYN_SEG_0847_f2	SYN_SEG_0847	SYN_SEG_SPK_24	evaluation	i	f2	2064.394	raw_hz			2064.394	Hz	FALSE	evaluation_split_no_training_parameters	SYNTHETIC_TEACHING_FIXTURE
REQ_SYN_SEG_0847_f2	SYN_SEG_0847	SYN_SEG_SPK_24	evaluation	i	f2	2064.394	log_hz			7.63259199985686	log_Hz	FALSE	evaluation_split_no_training_parameters	SYNTHETIC_TEACHING_FIXTURE
REQ_SYN_SEG_0847_f2	SYN_SEG_0847	SYN_SEG_SPK_24	evaluation	i	f2	2064.394	within_speaker_z				z	FALSE	evaluation_split_no_training_parameters	SYNTHETIC_TEACHING_FIXTURE
REQ_SYN_SEG_0847_f2	SYN_SEG_0847	SYN_SEG_SPK_24	evaluation	i	f2	2064.394	f3_reference_scaling				Hz	FALSE	evaluation_split_no_training_parameters	SYNTHETIC_TEACHING_FIXTURE
REQ_SYN_SEG_0847_f3	SYN_SEG_0847	SYN_SEG_SPK_24	evaluation	i	f3	2581.599	raw_hz			2581.599	Hz	FALSE	evaluation_split_no_training_parameters	SYNTHETIC_TEACHING_FIXTURE
REQ_SYN_SEG_0847_f3	SYN_SEG_0847	SYN_SEG_SPK_24	evaluation	i	f3	2581.599	log_hz			7.856164253381	log_Hz	FALSE	evaluation_split_no_training_parameters	SYNTHETIC_TEACHING_FIXTURE
REQ_SYN_SEG_0847_f3	SYN_SEG_0847	SYN_SEG_SPK_24	evaluation	i	f3	2581.599	within_speaker_z				z	FALSE	evaluation_split_no_training_parameters	SYNTHETIC_TEACHING_FIXTURE
REQ_SYN_SEG_0847_f3	SYN_SEG_0847	SYN_SEG_SPK_24	evaluation	i	f3	2581.599	f3_reference_scaling				Hz	FALSE	evaluation_split_no_training_parameters	SYNTHETIC_TEACHING_FIXTURE
REQ_SYN_SEG_0848_f1	SYN_SEG_0848	SYN_SEG_SPK_24	evaluation	a	f1	688.37	raw_hz			688.37	Hz	FALSE	evaluation_split_no_training_parameters	SYNTHETIC_TEACHING_FIXTURE
REQ_SYN_SEG_0848_f1	SYN_SEG_0848	SYN_SEG_SPK_24	evaluation	a	f1	688.37	log_hz			6.53432648407343	log_Hz	FALSE	evaluation_split_no_training_parameters	SYNTHETIC_TEACHING_FIXTURE
REQ_SYN_SEG_0848_f1	SYN_SEG_0848	SYN_SEG_SPK_24	evaluation	a	f1	688.37	within_speaker_z				z	FALSE	evaluation_split_no_training_parameters	SYNTHETIC_TEACHING_FIXTURE
REQ_SYN_SEG_0848_f1	SYN_SEG_0848	SYN_SEG_SPK_24	evaluation	a	f1	688.37	f3_reference_scaling				Hz	FALSE	evaluation_split_no_training_parameters	SYNTHETIC_TEACHING_FIXTURE
REQ_SYN_SEG_0848_f2	SYN_SEG_0848	SYN_SEG_SPK_24	evaluation	a	f2	1026.568	raw_hz			1026.568	Hz	FALSE	evaluation_split_no_training_parameters	SYNTHETIC_TEACHING_FIXTURE
REQ_SYN_SEG_0848_f2	SYN_SEG_0848	SYN_SEG_SPK_24	evaluation	a	f2	1026.568	log_hz			6.93397647878513	log_Hz	FALSE	evaluation_split_no_training_parameters	SYNTHETIC_TEACHING_FIXTURE
REQ_SYN_SEG_0848_f2	SYN_SEG_0848	SYN_SEG_SPK_24	evaluation	a	f2	1026.568	within_speaker_z				z	FALSE	evaluation_split_no_training_parameters	SYNTHETIC_TEACHING_FIXTURE
REQ_SYN_SEG_0848_f2	SYN_SEG_0848	SYN_SEG_SPK_24	evaluation	a	f2	1026.568	f3_reference_scaling				Hz	FALSE	evaluation_split_no_training_parameters	SYNTHETIC_TEACHING_FIXTURE
REQ_SYN_SEG_0848_f3	SYN_SEG_0848	SYN_SEG_SPK_24	evaluation	a	f3	2237.869	raw_hz			2237.869	Hz	FALSE	evaluation_split_no_training_parameters	SYNTHETIC_TEACHING_FIXTURE
REQ_SYN_SEG_0848_f3	SYN_SEG_0848	SYN_SEG_SPK_24	evaluation	a	f3	2237.869	log_hz			7.71327935275295	log_Hz	FALSE	evaluation_split_no_training_parameters	SYNTHETIC_TEACHING_FIXTURE
REQ_SYN_SEG_0848_f3	SYN_SEG_0848	SYN_SEG_SPK_24	evaluation	a	f3	2237.869	within_speaker_z				z	FALSE	evaluation_split_no_training_parameters	SYNTHETIC_TEACHING_FIXTURE
REQ_SYN_SEG_0848_f3	SYN_SEG_0848	SYN_SEG_SPK_24	evaluation	a	f3	2237.869	f3_reference_scaling				Hz	FALSE	evaluation_split_no_training_parameters	SYNTHETIC_TEACHING_FIXTURE
REQ_SYN_SEG_0849_f1	SYN_SEG_0849	SYN_SEG_SPK_24	evaluation	u	f1	311.897	raw_hz			311.897	Hz	FALSE	evaluation_split_no_training_parameters	SYNTHETIC_TEACHING_FIXTURE
REQ_SYN_SEG_0849_f1	SYN_SEG_0849	SYN_SEG_SPK_24	evaluation	u	f1	311.897	log_hz			5.74267300510004	log_Hz	FALSE	evaluation_split_no_training_parameters	SYNTHETIC_TEACHING_FIXTURE
REQ_SYN_SEG_0849_f1	SYN_SEG_0849	SYN_SEG_SPK_24	evaluation	u	f1	311.897	within_speaker_z				z	FALSE	evaluation_split_no_training_parameters	SYNTHETIC_TEACHING_FIXTURE
REQ_SYN_SEG_0849_f1	SYN_SEG_0849	SYN_SEG_SPK_24	evaluation	u	f1	311.897	f3_reference_scaling				Hz	FALSE	evaluation_split_no_training_parameters	SYNTHETIC_TEACHING_FIXTURE
REQ_SYN_SEG_0849_f2	SYN_SEG_0849	SYN_SEG_SPK_24	evaluation	u	f2	806.543	raw_hz			806.543	Hz	FALSE	evaluation_split_no_training_parameters	SYNTHETIC_TEACHING_FIXTURE
REQ_SYN_SEG_0849_f2	SYN_SEG_0849	SYN_SEG_SPK_24	evaluation	u	f2	806.543	log_hz			6.69275721294497	log_Hz	FALSE	evaluation_split_no_training_parameters	SYNTHETIC_TEACHING_FIXTURE
REQ_SYN_SEG_0849_f2	SYN_SEG_0849	SYN_SEG_SPK_24	evaluation	u	f2	806.543	within_speaker_z				z	FALSE	evaluation_split_no_training_parameters	SYNTHETIC_TEACHING_FIXTURE
REQ_SYN_SEG_0849_f2	SYN_SEG_0849	SYN_SEG_SPK_24	evaluation	u	f2	806.543	f3_reference_scaling				Hz	FALSE	evaluation_split_no_training_parameters	SYNTHETIC_TEACHING_FIXTURE
REQ_SYN_SEG_0849_f3	SYN_SEG_0849	SYN_SEG_SPK_24	evaluation	u	f3	1972.083	raw_hz			1972.083	Hz	FALSE	evaluation_split_no_training_parameters	SYNTHETIC_TEACHING_FIXTURE
REQ_SYN_SEG_0849_f3	SYN_SEG_0849	SYN_SEG_SPK_24	evaluation	u	f3	1972.083	log_hz			7.58684562352635	log_Hz	FALSE	evaluation_split_no_training_parameters	SYNTHETIC_TEACHING_FIXTURE
REQ_SYN_SEG_0849_f3	SYN_SEG_0849	SYN_SEG_SPK_24	evaluation	u	f3	1972.083	within_speaker_z				z	FALSE	evaluation_split_no_training_parameters	SYNTHETIC_TEACHING_FIXTURE
REQ_SYN_SEG_0849_f3	SYN_SEG_0849	SYN_SEG_SPK_24	evaluation	u	f3	1972.083	f3_reference_scaling				Hz	FALSE	evaluation_split_no_training_parameters	SYNTHETIC_TEACHING_FIXTURE
REQ_SYN_SEG_0850_f1	SYN_SEG_0850	SYN_SEG_SPK_24	evaluation	i	f1	297.502	raw_hz			297.502	Hz	FALSE	evaluation_split_no_training_parameters	SYNTHETIC_TEACHING_FIXTURE
REQ_SYN_SEG_0850_f1	SYN_SEG_0850	SYN_SEG_SPK_24	evaluation	i	f1	297.502	log_hz			5.69542094765216	log_Hz	FALSE	evaluation_split_no_training_parameters	SYNTHETIC_TEACHING_FIXTURE
REQ_SYN_SEG_0850_f1	SYN_SEG_0850	SYN_SEG_SPK_24	evaluation	i	f1	297.502	within_speaker_z				z	FALSE	evaluation_split_no_training_parameters	SYNTHETIC_TEACHING_FIXTURE
REQ_SYN_SEG_0850_f1	SYN_SEG_0850	SYN_SEG_SPK_24	evaluation	i	f1	297.502	f3_reference_scaling				Hz	FALSE	evaluation_split_no_training_parameters	SYNTHETIC_TEACHING_FIXTURE
REQ_SYN_SEG_0850_f2	SYN_SEG_0850	SYN_SEG_SPK_24	evaluation	i	f2	2075.77	raw_hz			2075.77	Hz	FALSE	evaluation_split_no_training_parameters	SYNTHETIC_TEACHING_FIXTURE
REQ_SYN_SEG_0850_f2	SYN_SEG_0850	SYN_SEG_SPK_24	evaluation	i	f2	2075.77	log_hz			7.63808744816738	log_Hz	FALSE	evaluation_split_no_training_parameters	SYNTHETIC_TEACHING_FIXTURE
REQ_SYN_SEG_0850_f2	SYN_SEG_0850	SYN_SEG_SPK_24	evaluation	i	f2	2075.77	within_speaker_z				z	FALSE	evaluation_split_no_training_parameters	SYNTHETIC_TEACHING_FIXTURE
REQ_SYN_SEG_0850_f2	SYN_SEG_0850	SYN_SEG_SPK_24	evaluation	i	f2	2075.77	f3_reference_scaling				Hz	FALSE	evaluation_split_no_training_parameters	SYNTHETIC_TEACHING_FIXTURE
REQ_SYN_SEG_0850_f3	SYN_SEG_0850	SYN_SEG_SPK_24	evaluation	i	f3	2686.542	raw_hz			2686.542	Hz	FALSE	evaluation_split_no_training_parameters	SYNTHETIC_TEACHING_FIXTURE
REQ_SYN_SEG_0850_f3	SYN_SEG_0850	SYN_SEG_SPK_24	evaluation	i	f3	2686.542	log_hz			7.89601014377085	log_Hz	FALSE	evaluation_split_no_training_parameters	SYNTHETIC_TEACHING_FIXTURE
REQ_SYN_SEG_0850_f3	SYN_SEG_0850	SYN_SEG_SPK_24	evaluation	i	f3	2686.542	within_speaker_z				z	FALSE	evaluation_split_no_training_parameters	SYNTHETIC_TEACHING_FIXTURE
REQ_SYN_SEG_0850_f3	SYN_SEG_0850	SYN_SEG_SPK_24	evaluation	i	f3	2686.542	f3_reference_scaling				Hz	FALSE	evaluation_split_no_training_parameters	SYNTHETIC_TEACHING_FIXTURE
REQ_SYN_SEG_0851_f1	SYN_SEG_0851	SYN_SEG_SPK_24	evaluation	a	f1	652.446	raw_hz			652.446	Hz	FALSE	evaluation_split_no_training_parameters	SYNTHETIC_TEACHING_FIXTURE
REQ_SYN_SEG_0851_f1	SYN_SEG_0851	SYN_SEG_SPK_24	evaluation	a	f1	652.446	log_hz			6.48072837715148	log_Hz	FALSE	evaluation_split_no_training_parameters	SYNTHETIC_TEACHING_FIXTURE
REQ_SYN_SEG_0851_f1	SYN_SEG_0851	SYN_SEG_SPK_24	evaluation	a	f1	652.446	within_speaker_z				z	FALSE	evaluation_split_no_training_parameters	SYNTHETIC_TEACHING_FIXTURE
REQ_SYN_SEG_0851_f1	SYN_SEG_0851	SYN_SEG_SPK_24	evaluation	a	f1	652.446	f3_reference_scaling				Hz	FALSE	evaluation_split_no_training_parameters	SYNTHETIC_TEACHING_FIXTURE
REQ_SYN_SEG_0851_f2	SYN_SEG_0851	SYN_SEG_SPK_24	evaluation	a	f2	1121.552	raw_hz			1121.552	Hz	FALSE	evaluation_split_no_training_parameters	SYNTHETIC_TEACHING_FIXTURE
REQ_SYN_SEG_0851_f2	SYN_SEG_0851	SYN_SEG_SPK_24	evaluation	a	f2	1121.552	log_hz			7.02246871935884	log_Hz	FALSE	evaluation_split_no_training_parameters	SYNTHETIC_TEACHING_FIXTURE
REQ_SYN_SEG_0851_f2	SYN_SEG_0851	SYN_SEG_SPK_24	evaluation	a	f2	1121.552	within_speaker_z				z	FALSE	evaluation_split_no_training_parameters	SYNTHETIC_TEACHING_FIXTURE
REQ_SYN_SEG_0851_f2	SYN_SEG_0851	SYN_SEG_SPK_24	evaluation	a	f2	1121.552	f3_reference_scaling				Hz	FALSE	evaluation_split_no_training_parameters	SYNTHETIC_TEACHING_FIXTURE
REQ_SYN_SEG_0851_f3	SYN_SEG_0851	SYN_SEG_SPK_24	evaluation	a	f3	2179.059	raw_hz			2179.059	Hz	FALSE	evaluation_split_no_training_parameters	SYNTHETIC_TEACHING_FIXTURE
REQ_SYN_SEG_0851_f3	SYN_SEG_0851	SYN_SEG_SPK_24	evaluation	a	f3	2179.059	log_hz			7.68664841121872	log_Hz	FALSE	evaluation_split_no_training_parameters	SYNTHETIC_TEACHING_FIXTURE
REQ_SYN_SEG_0851_f3	SYN_SEG_0851	SYN_SEG_SPK_24	evaluation	a	f3	2179.059	within_speaker_z				z	FALSE	evaluation_split_no_training_parameters	SYNTHETIC_TEACHING_FIXTURE
REQ_SYN_SEG_0851_f3	SYN_SEG_0851	SYN_SEG_SPK_24	evaluation	a	f3	2179.059	f3_reference_scaling				Hz	FALSE	evaluation_split_no_training_parameters	SYNTHETIC_TEACHING_FIXTURE
REQ_SYN_SEG_0852_f1	SYN_SEG_0852	SYN_SEG_SPK_24	evaluation	u	f1	346.979	raw_hz			346.979	Hz	FALSE	evaluation_split_no_training_parameters	SYNTHETIC_TEACHING_FIXTURE
REQ_SYN_SEG_0852_f1	SYN_SEG_0852	SYN_SEG_SPK_24	evaluation	u	f1	346.979	log_hz			5.84926425938354	log_Hz	FALSE	evaluation_split_no_training_parameters	SYNTHETIC_TEACHING_FIXTURE
REQ_SYN_SEG_0852_f1	SYN_SEG_0852	SYN_SEG_SPK_24	evaluation	u	f1	346.979	within_speaker_z				z	FALSE	evaluation_split_no_training_parameters	SYNTHETIC_TEACHING_FIXTURE
REQ_SYN_SEG_0852_f1	SYN_SEG_0852	SYN_SEG_SPK_24	evaluation	u	f1	346.979	f3_reference_scaling				Hz	FALSE	evaluation_split_no_training_parameters	SYNTHETIC_TEACHING_FIXTURE
REQ_SYN_SEG_0852_f2	SYN_SEG_0852	SYN_SEG_SPK_24	evaluation	u	f2	841.893	raw_hz			841.893	Hz	FALSE	evaluation_split_no_training_parameters	SYNTHETIC_TEACHING_FIXTURE
REQ_SYN_SEG_0852_f2	SYN_SEG_0852	SYN_SEG_SPK_24	evaluation	u	f2	841.893	log_hz			6.73565292778239	log_Hz	FALSE	evaluation_split_no_training_parameters	SYNTHETIC_TEACHING_FIXTURE
REQ_SYN_SEG_0852_f2	SYN_SEG_0852	SYN_SEG_SPK_24	evaluation	u	f2	841.893	within_speaker_z				z	FALSE	evaluation_split_no_training_parameters	SYNTHETIC_TEACHING_FIXTURE
REQ_SYN_SEG_0852_f2	SYN_SEG_0852	SYN_SEG_SPK_24	evaluation	u	f2	841.893	f3_reference_scaling				Hz	FALSE	evaluation_split_no_training_parameters	SYNTHETIC_TEACHING_FIXTURE
REQ_SYN_SEG_0852_f3	SYN_SEG_0852	SYN_SEG_SPK_24	evaluation	u	f3	2044.904	raw_hz			2044.904	Hz	FALSE	evaluation_split_no_training_parameters	SYNTHETIC_TEACHING_FIXTURE
REQ_SYN_SEG_0852_f3	SYN_SEG_0852	SYN_SEG_SPK_24	evaluation	u	f3	2044.904	log_hz			7.62310612360973	log_Hz	FALSE	evaluation_split_no_training_parameters	SYNTHETIC_TEACHING_FIXTURE
REQ_SYN_SEG_0852_f3	SYN_SEG_0852	SYN_SEG_SPK_24	evaluation	u	f3	2044.904	within_speaker_z				z	FALSE	evaluation_split_no_training_parameters	SYNTHETIC_TEACHING_FIXTURE
REQ_SYN_SEG_0852_f3	SYN_SEG_0852	SYN_SEG_SPK_24	evaluation	u	f3	2044.904	f3_reference_scaling				Hz	FALSE	evaluation_split_no_training_parameters	SYNTHETIC_TEACHING_FIXTURE
REQ_SYN_SEG_0877_f1	SYN_SEG_0877	SYN_SEG_SPK_25	evaluation	i	f1	305.284	raw_hz			305.284	Hz	FALSE	evaluation_split_no_training_parameters	SYNTHETIC_TEACHING_FIXTURE
REQ_SYN_SEG_0877_f1	SYN_SEG_0877	SYN_SEG_SPK_25	evaluation	i	f1	305.284	log_hz			5.72124249089945	log_Hz	FALSE	evaluation_split_no_training_parameters	SYNTHETIC_TEACHING_FIXTURE
REQ_SYN_SEG_0877_f1	SYN_SEG_0877	SYN_SEG_SPK_25	evaluation	i	f1	305.284	within_speaker_z				z	FALSE	evaluation_split_no_training_parameters	SYNTHETIC_TEACHING_FIXTURE
REQ_SYN_SEG_0877_f1	SYN_SEG_0877	SYN_SEG_SPK_25	evaluation	i	f1	305.284	f3_reference_scaling				Hz	FALSE	evaluation_split_no_training_parameters	SYNTHETIC_TEACHING_FIXTURE
REQ_SYN_SEG_0877_f2	SYN_SEG_0877	SYN_SEG_SPK_25	evaluation	i	f2	2499.357	raw_hz			2499.357	Hz	FALSE	evaluation_split_no_training_parameters	SYNTHETIC_TEACHING_FIXTURE
REQ_SYN_SEG_0877_f2	SYN_SEG_0877	SYN_SEG_SPK_25	evaluation	i	f2	2499.357	log_hz			7.8237887777747	log_Hz	FALSE	evaluation_split_no_training_parameters	SYNTHETIC_TEACHING_FIXTURE
REQ_SYN_SEG_0877_f2	SYN_SEG_0877	SYN_SEG_SPK_25	evaluation	i	f2	2499.357	within_speaker_z				z	FALSE	evaluation_split_no_training_parameters	SYNTHETIC_TEACHING_FIXTURE
REQ_SYN_SEG_0877_f2	SYN_SEG_0877	SYN_SEG_SPK_25	evaluation	i	f2	2499.357	f3_reference_scaling				Hz	FALSE	evaluation_split_no_training_parameters	SYNTHETIC_TEACHING_FIXTURE
REQ_SYN_SEG_0877_f3	SYN_SEG_0877	SYN_SEG_SPK_25	evaluation	i	f3	3357.612	raw_hz			3357.612	Hz	FALSE	evaluation_split_no_training_parameters	SYNTHETIC_TEACHING_FIXTURE
REQ_SYN_SEG_0877_f3	SYN_SEG_0877	SYN_SEG_SPK_25	evaluation	i	f3	3357.612	log_hz			8.11898528599441	log_Hz	FALSE	evaluation_split_no_training_parameters	SYNTHETIC_TEACHING_FIXTURE
REQ_SYN_SEG_0877_f3	SYN_SEG_0877	SYN_SEG_SPK_25	evaluation	i	f3	3357.612	within_speaker_z				z	FALSE	evaluation_split_no_training_parameters	SYNTHETIC_TEACHING_FIXTURE
REQ_SYN_SEG_0877_f3	SYN_SEG_0877	SYN_SEG_SPK_25	evaluation	i	f3	3357.612	f3_reference_scaling				Hz	FALSE	evaluation_split_no_training_parameters	SYNTHETIC_TEACHING_FIXTURE
REQ_SYN_SEG_0878_f1	SYN_SEG_0878	SYN_SEG_SPK_25	evaluation	a	f1	832.53	raw_hz			832.53	Hz	FALSE	evaluation_split_no_training_parameters	SYNTHETIC_TEACHING_FIXTURE
REQ_SYN_SEG_0878_f1	SYN_SEG_0878	SYN_SEG_SPK_25	evaluation	a	f1	832.53	log_hz			6.72446925724135	log_Hz	FALSE	evaluation_split_no_training_parameters	SYNTHETIC_TEACHING_FIXTURE
REQ_SYN_SEG_0878_f1	SYN_SEG_0878	SYN_SEG_SPK_25	evaluation	a	f1	832.53	within_speaker_z				z	FALSE	evaluation_split_no_training_parameters	SYNTHETIC_TEACHING_FIXTURE
REQ_SYN_SEG_0878_f1	SYN_SEG_0878	SYN_SEG_SPK_25	evaluation	a	f1	832.53	f3_reference_scaling				Hz	FALSE	evaluation_split_no_training_parameters	SYNTHETIC_TEACHING_FIXTURE
REQ_SYN_SEG_0878_f2	SYN_SEG_0878	SYN_SEG_SPK_25	evaluation	a	f2	1310.941	raw_hz			1310.941	Hz	FALSE	evaluation_split_no_training_parameters	SYNTHETIC_TEACHING_FIXTURE
REQ_SYN_SEG_0878_f2	SYN_SEG_0878	SYN_SEG_SPK_25	evaluation	a	f2	1310.941	log_hz			7.17850047893712	log_Hz	FALSE	evaluation_split_no_training_parameters	SYNTHETIC_TEACHING_FIXTURE
REQ_SYN_SEG_0878_f2	SYN_SEG_0878	SYN_SEG_SPK_25	evaluation	a	f2	1310.941	within_speaker_z				z	FALSE	evaluation_split_no_training_parameters	SYNTHETIC_TEACHING_FIXTURE
REQ_SYN_SEG_0878_f2	SYN_SEG_0878	SYN_SEG_SPK_25	evaluation	a	f2	1310.941	f3_reference_scaling				Hz	FALSE	evaluation_split_no_training_parameters	SYNTHETIC_TEACHING_FIXTURE
REQ_SYN_SEG_0878_f3	SYN_SEG_0878	SYN_SEG_SPK_25	evaluation	a	f3	2844.552	raw_hz			2844.552	Hz	FALSE	evaluation_split_no_training_parameters	SYNTHETIC_TEACHING_FIXTURE
REQ_SYN_SEG_0878_f3	SYN_SEG_0878	SYN_SEG_SPK_25	evaluation	a	f3	2844.552	log_hz			7.95316086491656	log_Hz	FALSE	evaluation_split_no_training_parameters	SYNTHETIC_TEACHING_FIXTURE
REQ_SYN_SEG_0878_f3	SYN_SEG_0878	SYN_SEG_SPK_25	evaluation	a	f3	2844.552	within_speaker_z				z	FALSE	evaluation_split_no_training_parameters	SYNTHETIC_TEACHING_FIXTURE
REQ_SYN_SEG_0878_f3	SYN_SEG_0878	SYN_SEG_SPK_25	evaluation	a	f3	2844.552	f3_reference_scaling				Hz	FALSE	evaluation_split_no_training_parameters	SYNTHETIC_TEACHING_FIXTURE
REQ_SYN_SEG_0879_f1	SYN_SEG_0879	SYN_SEG_SPK_25	evaluation	u	f1	388.439	raw_hz			388.439	Hz	FALSE	evaluation_split_no_training_parameters	SYNTHETIC_TEACHING_FIXTURE
REQ_SYN_SEG_0879_f1	SYN_SEG_0879	SYN_SEG_SPK_25	evaluation	u	f1	388.439	log_hz			5.96213614332267	log_Hz	FALSE	evaluation_split_no_training_parameters	SYNTHETIC_TEACHING_FIXTURE
REQ_SYN_SEG_0879_f1	SYN_SEG_0879	SYN_SEG_SPK_25	evaluation	u	f1	388.439	within_speaker_z				z	FALSE	evaluation_split_no_training_parameters	SYNTHETIC_TEACHING_FIXTURE
REQ_SYN_SEG_0879_f1	SYN_SEG_0879	SYN_SEG_SPK_25	evaluation	u	f1	388.439	f3_reference_scaling				Hz	FALSE	evaluation_split_no_training_parameters	SYNTHETIC_TEACHING_FIXTURE
REQ_SYN_SEG_0879_f2	SYN_SEG_0879	SYN_SEG_SPK_25	evaluation	u	f2	1050.163	raw_hz			1050.163	Hz	FALSE	evaluation_split_no_training_parameters	SYNTHETIC_TEACHING_FIXTURE
REQ_SYN_SEG_0879_f2	SYN_SEG_0879	SYN_SEG_SPK_25	evaluation	u	f2	1050.163	log_hz			6.95670066919862	log_Hz	FALSE	evaluation_split_no_training_parameters	SYNTHETIC_TEACHING_FIXTURE
REQ_SYN_SEG_0879_f2	SYN_SEG_0879	SYN_SEG_SPK_25	evaluation	u	f2	1050.163	within_speaker_z				z	FALSE	evaluation_split_no_training_parameters	SYNTHETIC_TEACHING_FIXTURE
REQ_SYN_SEG_0879_f2	SYN_SEG_0879	SYN_SEG_SPK_25	evaluation	u	f2	1050.163	f3_reference_scaling				Hz	FALSE	evaluation_split_no_training_parameters	SYNTHETIC_TEACHING_FIXTURE
REQ_SYN_SEG_0879_f3	SYN_SEG_0879	SYN_SEG_SPK_25	evaluation	u	f3	2390.485	raw_hz			2390.485	Hz	FALSE	evaluation_split_no_training_parameters	SYNTHETIC_TEACHING_FIXTURE
REQ_SYN_SEG_0879_f3	SYN_SEG_0879	SYN_SEG_SPK_25	evaluation	u	f3	2390.485	log_hz			7.77925155320857	log_Hz	FALSE	evaluation_split_no_training_parameters	SYNTHETIC_TEACHING_FIXTURE
REQ_SYN_SEG_0879_f3	SYN_SEG_0879	SYN_SEG_SPK_25	evaluation	u	f3	2390.485	within_speaker_z				z	FALSE	evaluation_split_no_training_parameters	SYNTHETIC_TEACHING_FIXTURE
REQ_SYN_SEG_0879_f3	SYN_SEG_0879	SYN_SEG_SPK_25	evaluation	u	f3	2390.485	f3_reference_scaling				Hz	FALSE	evaluation_split_no_training_parameters	SYNTHETIC_TEACHING_FIXTURE
REQ_SYN_SEG_0880_f1	SYN_SEG_0880	SYN_SEG_SPK_25	evaluation	i	f1	294.416	raw_hz			294.416	Hz	FALSE	evaluation_split_no_training_parameters	SYNTHETIC_TEACHING_FIXTURE
REQ_SYN_SEG_0880_f1	SYN_SEG_0880	SYN_SEG_SPK_25	evaluation	i	f1	294.416	log_hz			5.68499373320402	log_Hz	FALSE	evaluation_split_no_training_parameters	SYNTHETIC_TEACHING_FIXTURE
REQ_SYN_SEG_0880_f1	SYN_SEG_0880	SYN_SEG_SPK_25	evaluation	i	f1	294.416	within_speaker_z				z	FALSE	evaluation_split_no_training_parameters	SYNTHETIC_TEACHING_FIXTURE
REQ_SYN_SEG_0880_f1	SYN_SEG_0880	SYN_SEG_SPK_25	evaluation	i	f1	294.416	f3_reference_scaling				Hz	FALSE	evaluation_split_no_training_parameters	SYNTHETIC_TEACHING_FIXTURE
REQ_SYN_SEG_0880_f2	SYN_SEG_0880	SYN_SEG_SPK_25	evaluation	i	f2	2584.713	raw_hz			2584.713	Hz	FALSE	evaluation_split_no_training_parameters	SYNTHETIC_TEACHING_FIXTURE
REQ_SYN_SEG_0880_f2	SYN_SEG_0880	SYN_SEG_SPK_25	evaluation	i	f2	2584.713	log_hz			7.85736975563371	log_Hz	FALSE	evaluation_split_no_training_parameters	SYNTHETIC_TEACHING_FIXTURE
REQ_SYN_SEG_0880_f2	SYN_SEG_0880	SYN_SEG_SPK_25	evaluation	i	f2	2584.713	within_speaker_z				z	FALSE	evaluation_split_no_training_parameters	SYNTHETIC_TEACHING_FIXTURE
REQ_SYN_SEG_0880_f2	SYN_SEG_0880	SYN_SEG_SPK_25	evaluation	i	f2	2584.713	f3_reference_scaling				Hz	FALSE	evaluation_split_no_training_parameters	SYNTHETIC_TEACHING_FIXTURE
REQ_SYN_SEG_0880_f3	SYN_SEG_0880	SYN_SEG_SPK_25	evaluation	i	f3	3367.339	raw_hz			3367.339	Hz	FALSE	evaluation_split_no_training_parameters	SYNTHETIC_TEACHING_FIXTURE
REQ_SYN_SEG_0880_f3	SYN_SEG_0880	SYN_SEG_SPK_25	evaluation	i	f3	3367.339	log_hz			8.12187809719356	log_Hz	FALSE	evaluation_split_no_training_parameters	SYNTHETIC_TEACHING_FIXTURE
REQ_SYN_SEG_0880_f3	SYN_SEG_0880	SYN_SEG_SPK_25	evaluation	i	f3	3367.339	within_speaker_z				z	FALSE	evaluation_split_no_training_parameters	SYNTHETIC_TEACHING_FIXTURE
REQ_SYN_SEG_0880_f3	SYN_SEG_0880	SYN_SEG_SPK_25	evaluation	i	f3	3367.339	f3_reference_scaling				Hz	FALSE	evaluation_split_no_training_parameters	SYNTHETIC_TEACHING_FIXTURE
REQ_SYN_SEG_0881_f1	SYN_SEG_0881	SYN_SEG_SPK_25	evaluation	a	f1	811.824	raw_hz			811.824	Hz	FALSE	evaluation_split_no_training_parameters	SYNTHETIC_TEACHING_FIXTURE
REQ_SYN_SEG_0881_f1	SYN_SEG_0881	SYN_SEG_SPK_25	evaluation	a	f1	811.824	log_hz			6.6992835678998	log_Hz	FALSE	evaluation_split_no_training_parameters	SYNTHETIC_TEACHING_FIXTURE
REQ_SYN_SEG_0881_f1	SYN_SEG_0881	SYN_SEG_SPK_25	evaluation	a	f1	811.824	within_speaker_z				z	FALSE	evaluation_split_no_training_parameters	SYNTHETIC_TEACHING_FIXTURE
REQ_SYN_SEG_0881_f1	SYN_SEG_0881	SYN_SEG_SPK_25	evaluation	a	f1	811.824	f3_reference_scaling				Hz	FALSE	evaluation_split_no_training_parameters	SYNTHETIC_TEACHING_FIXTURE
REQ_SYN_SEG_0881_f2	SYN_SEG_0881	SYN_SEG_SPK_25	evaluation	a	f2	1392.437	raw_hz			1392.437	Hz	FALSE	evaluation_split_no_training_parameters	SYNTHETIC_TEACHING_FIXTURE
REQ_SYN_SEG_0881_f2	SYN_SEG_0881	SYN_SEG_SPK_25	evaluation	a	f2	1392.437	log_hz			7.23881072840813	log_Hz	FALSE	evaluation_split_no_training_parameters	SYNTHETIC_TEACHING_FIXTURE
REQ_SYN_SEG_0881_f2	SYN_SEG_0881	SYN_SEG_SPK_25	evaluation	a	f2	1392.437	within_speaker_z				z	FALSE	evaluation_split_no_training_parameters	SYNTHETIC_TEACHING_FIXTURE
REQ_SYN_SEG_0881_f2	SYN_SEG_0881	SYN_SEG_SPK_25	evaluation	a	f2	1392.437	f3_reference_scaling				Hz	FALSE	evaluation_split_no_training_parameters	SYNTHETIC_TEACHING_FIXTURE
REQ_SYN_SEG_0881_f3	SYN_SEG_0881	SYN_SEG_SPK_25	evaluation	a	f3	2761.44	raw_hz			2761.44	Hz	FALSE	evaluation_split_no_training_parameters	SYNTHETIC_TEACHING_FIXTURE
REQ_SYN_SEG_0881_f3	SYN_SEG_0881	SYN_SEG_SPK_25	evaluation	a	f3	2761.44	log_hz			7.92350756178309	log_Hz	FALSE	evaluation_split_no_training_parameters	SYNTHETIC_TEACHING_FIXTURE
REQ_SYN_SEG_0881_f3	SYN_SEG_0881	SYN_SEG_SPK_25	evaluation	a	f3	2761.44	within_speaker_z				z	FALSE	evaluation_split_no_training_parameters	SYNTHETIC_TEACHING_FIXTURE
REQ_SYN_SEG_0881_f3	SYN_SEG_0881	SYN_SEG_SPK_25	evaluation	a	f3	2761.44	f3_reference_scaling				Hz	FALSE	evaluation_split_no_training_parameters	SYNTHETIC_TEACHING_FIXTURE
REQ_SYN_SEG_0882_f1	SYN_SEG_0882	SYN_SEG_SPK_25	evaluation	u	f1	368.655	raw_hz			368.655	Hz	FALSE	evaluation_split_no_training_parameters	SYNTHETIC_TEACHING_FIXTURE
REQ_SYN_SEG_0882_f1	SYN_SEG_0882	SYN_SEG_SPK_25	evaluation	u	f1	368.655	log_hz			5.90986124734382	log_Hz	FALSE	evaluation_split_no_training_parameters	SYNTHETIC_TEACHING_FIXTURE
REQ_SYN_SEG_0882_f1	SYN_SEG_0882	SYN_SEG_SPK_25	evaluation	u	f1	368.655	within_speaker_z				z	FALSE	evaluation_split_no_training_parameters	SYNTHETIC_TEACHING_FIXTURE
REQ_SYN_SEG_0882_f1	SYN_SEG_0882	SYN_SEG_SPK_25	evaluation	u	f1	368.655	f3_reference_scaling				Hz	FALSE	evaluation_split_no_training_parameters	SYNTHETIC_TEACHING_FIXTURE
REQ_SYN_SEG_0882_f2	SYN_SEG_0882	SYN_SEG_SPK_25	evaluation	u	f2	1020.059	raw_hz			1020.059	Hz	FALSE	evaluation_split_no_training_parameters	SYNTHETIC_TEACHING_FIXTURE
REQ_SYN_SEG_0882_f2	SYN_SEG_0882	SYN_SEG_SPK_25	evaluation	u	f2	1020.059	log_hz			6.92761574774272	log_Hz	FALSE	evaluation_split_no_training_parameters	SYNTHETIC_TEACHING_FIXTURE
REQ_SYN_SEG_0882_f2	SYN_SEG_0882	SYN_SEG_SPK_25	evaluation	u	f2	1020.059	within_speaker_z				z	FALSE	evaluation_split_no_training_parameters	SYNTHETIC_TEACHING_FIXTURE
REQ_SYN_SEG_0882_f2	SYN_SEG_0882	SYN_SEG_SPK_25	evaluation	u	f2	1020.059	f3_reference_scaling				Hz	FALSE	evaluation_split_no_training_parameters	SYNTHETIC_TEACHING_FIXTURE
REQ_SYN_SEG_0882_f3	SYN_SEG_0882	SYN_SEG_SPK_25	evaluation	u	f3	2513.295	raw_hz			2513.295	Hz	FALSE	evaluation_split_no_training_parameters	SYNTHETIC_TEACHING_FIXTURE
REQ_SYN_SEG_0882_f3	SYN_SEG_0882	SYN_SEG_SPK_25	evaluation	u	f3	2513.295	log_hz			7.82934992022819	log_Hz	FALSE	evaluation_split_no_training_parameters	SYNTHETIC_TEACHING_FIXTURE
REQ_SYN_SEG_0882_f3	SYN_SEG_0882	SYN_SEG_SPK_25	evaluation	u	f3	2513.295	within_speaker_z				z	FALSE	evaluation_split_no_training_parameters	SYNTHETIC_TEACHING_FIXTURE
REQ_SYN_SEG_0882_f3	SYN_SEG_0882	SYN_SEG_SPK_25	evaluation	u	f3	2513.295	f3_reference_scaling				Hz	FALSE	evaluation_split_no_training_parameters	SYNTHETIC_TEACHING_FIXTURE
REQ_SYN_SEG_0883_f1	SYN_SEG_0883	SYN_SEG_SPK_25	evaluation	i	f1	355.03	raw_hz			355.03	Hz	FALSE	evaluation_split_no_training_parameters	SYNTHETIC_TEACHING_FIXTURE
REQ_SYN_SEG_0883_f1	SYN_SEG_0883	SYN_SEG_SPK_25	evaluation	i	f1	355.03	log_hz			5.87220229294715	log_Hz	FALSE	evaluation_split_no_training_parameters	SYNTHETIC_TEACHING_FIXTURE
REQ_SYN_SEG_0883_f1	SYN_SEG_0883	SYN_SEG_SPK_25	evaluation	i	f1	355.03	within_speaker_z				z	FALSE	evaluation_split_no_training_parameters	SYNTHETIC_TEACHING_FIXTURE
REQ_SYN_SEG_0883_f1	SYN_SEG_0883	SYN_SEG_SPK_25	evaluation	i	f1	355.03	f3_reference_scaling				Hz	FALSE	evaluation_split_no_training_parameters	SYNTHETIC_TEACHING_FIXTURE
REQ_SYN_SEG_0883_f2	SYN_SEG_0883	SYN_SEG_SPK_25	evaluation	i	f2	2531.463	raw_hz			2531.463	Hz	FALSE	evaluation_split_no_training_parameters	SYNTHETIC_TEACHING_FIXTURE
REQ_SYN_SEG_0883_f2	SYN_SEG_0883	SYN_SEG_SPK_25	evaluation	i	f2	2531.463	log_hz			7.83655267546274	log_Hz	FALSE	evaluation_split_no_training_parameters	SYNTHETIC_TEACHING_FIXTURE
REQ_SYN_SEG_0883_f2	SYN_SEG_0883	SYN_SEG_SPK_25	evaluation	i	f2	2531.463	within_speaker_z				z	FALSE	evaluation_split_no_training_parameters	SYNTHETIC_TEACHING_FIXTURE
REQ_SYN_SEG_0883_f2	SYN_SEG_0883	SYN_SEG_SPK_25	evaluation	i	f2	2531.463	f3_reference_scaling				Hz	FALSE	evaluation_split_no_training_parameters	SYNTHETIC_TEACHING_FIXTURE
REQ_SYN_SEG_0883_f3	SYN_SEG_0883	SYN_SEG_SPK_25	evaluation	i	f3	3272.591	raw_hz			3272.591	Hz	FALSE	evaluation_split_no_training_parameters	SYNTHETIC_TEACHING_FIXTURE
REQ_SYN_SEG_0883_f3	SYN_SEG_0883	SYN_SEG_SPK_25	evaluation	i	f3	3272.591	log_hz			8.09333730488406	log_Hz	FALSE	evaluation_split_no_training_parameters	SYNTHETIC_TEACHING_FIXTURE
REQ_SYN_SEG_0883_f3	SYN_SEG_0883	SYN_SEG_SPK_25	evaluation	i	f3	3272.591	within_speaker_z				z	FALSE	evaluation_split_no_training_parameters	SYNTHETIC_TEACHING_FIXTURE
REQ_SYN_SEG_0883_f3	SYN_SEG_0883	SYN_SEG_SPK_25	evaluation	i	f3	3272.591	f3_reference_scaling				Hz	FALSE	evaluation_split_no_training_parameters	SYNTHETIC_TEACHING_FIXTURE
REQ_SYN_SEG_0884_f1	SYN_SEG_0884	SYN_SEG_SPK_25	evaluation	a	f1	816.895	raw_hz			816.895	Hz	FALSE	evaluation_split_no_training_parameters	SYNTHETIC_TEACHING_FIXTURE
REQ_SYN_SEG_0884_f1	SYN_SEG_0884	SYN_SEG_SPK_25	evaluation	a	f1	816.895	log_hz			6.70551056762888	log_Hz	FALSE	evaluation_split_no_training_parameters	SYNTHETIC_TEACHING_FIXTURE
REQ_SYN_SEG_0884_f1	SYN_SEG_0884	SYN_SEG_SPK_25	evaluation	a	f1	816.895	within_speaker_z				z	FALSE	evaluation_split_no_training_parameters	SYNTHETIC_TEACHING_FIXTURE
REQ_SYN_SEG_0884_f1	SYN_SEG_0884	SYN_SEG_SPK_25	evaluation	a	f1	816.895	f3_reference_scaling				Hz	FALSE	evaluation_split_no_training_parameters	SYNTHETIC_TEACHING_FIXTURE
REQ_SYN_SEG_0884_f2	SYN_SEG_0884	SYN_SEG_SPK_25	evaluation	a	f2	1366.586	raw_hz			1366.586	Hz	FALSE	evaluation_split_no_training_parameters	SYNTHETIC_TEACHING_FIXTURE
REQ_SYN_SEG_0884_f2	SYN_SEG_0884	SYN_SEG_SPK_25	evaluation	a	f2	1366.586	log_hz			7.22007093789204	log_Hz	FALSE	evaluation_split_no_training_parameters	SYNTHETIC_TEACHING_FIXTURE
REQ_SYN_SEG_0884_f2	SYN_SEG_0884	SYN_SEG_SPK_25	evaluation	a	f2	1366.586	within_speaker_z				z	FALSE	evaluation_split_no_training_parameters	SYNTHETIC_TEACHING_FIXTURE
REQ_SYN_SEG_0884_f2	SYN_SEG_0884	SYN_SEG_SPK_25	evaluation	a	f2	1366.586	f3_reference_scaling				Hz	FALSE	evaluation_split_no_training_parameters	SYNTHETIC_TEACHING_FIXTURE
REQ_SYN_SEG_0884_f3	SYN_SEG_0884	SYN_SEG_SPK_25	evaluation	a	f3	2778.728	raw_hz			2778.728	Hz	FALSE	evaluation_split_no_training_parameters	SYNTHETIC_TEACHING_FIXTURE
REQ_SYN_SEG_0884_f3	SYN_SEG_0884	SYN_SEG_SPK_25	evaluation	a	f3	2778.728	log_hz			7.9297485480181	log_Hz	FALSE	evaluation_split_no_training_parameters	SYNTHETIC_TEACHING_FIXTURE
REQ_SYN_SEG_0884_f3	SYN_SEG_0884	SYN_SEG_SPK_25	evaluation	a	f3	2778.728	within_speaker_z				z	FALSE	evaluation_split_no_training_parameters	SYNTHETIC_TEACHING_FIXTURE
REQ_SYN_SEG_0884_f3	SYN_SEG_0884	SYN_SEG_SPK_25	evaluation	a	f3	2778.728	f3_reference_scaling				Hz	FALSE	evaluation_split_no_training_parameters	SYNTHETIC_TEACHING_FIXTURE
REQ_SYN_SEG_0885_f1	SYN_SEG_0885	SYN_SEG_SPK_25	evaluation	u	f1	401.563	raw_hz			401.563	Hz	FALSE	evaluation_split_no_training_parameters	SYNTHETIC_TEACHING_FIXTURE
REQ_SYN_SEG_0885_f1	SYN_SEG_0885	SYN_SEG_SPK_25	evaluation	u	f1	401.563	log_hz			5.99536443265905	log_Hz	FALSE	evaluation_split_no_training_parameters	SYNTHETIC_TEACHING_FIXTURE
REQ_SYN_SEG_0885_f1	SYN_SEG_0885	SYN_SEG_SPK_25	evaluation	u	f1	401.563	within_speaker_z				z	FALSE	evaluation_split_no_training_parameters	SYNTHETIC_TEACHING_FIXTURE
REQ_SYN_SEG_0885_f1	SYN_SEG_0885	SYN_SEG_SPK_25	evaluation	u	f1	401.563	f3_reference_scaling				Hz	FALSE	evaluation_split_no_training_parameters	SYNTHETIC_TEACHING_FIXTURE
REQ_SYN_SEG_0885_f2	SYN_SEG_0885	SYN_SEG_SPK_25	evaluation	u	f2	1013.578	raw_hz			1013.578	Hz	FALSE	evaluation_split_no_training_parameters	SYNTHETIC_TEACHING_FIXTURE
REQ_SYN_SEG_0885_f2	SYN_SEG_0885	SYN_SEG_SPK_25	evaluation	u	f2	1013.578	log_hz			6.92124192395685	log_Hz	FALSE	evaluation_split_no_training_parameters	SYNTHETIC_TEACHING_FIXTURE
REQ_SYN_SEG_0885_f2	SYN_SEG_0885	SYN_SEG_SPK_25	evaluation	u	f2	1013.578	within_speaker_z				z	FALSE	evaluation_split_no_training_parameters	SYNTHETIC_TEACHING_FIXTURE
REQ_SYN_SEG_0885_f2	SYN_SEG_0885	SYN_SEG_SPK_25	evaluation	u	f2	1013.578	f3_reference_scaling				Hz	FALSE	evaluation_split_no_training_parameters	SYNTHETIC_TEACHING_FIXTURE
REQ_SYN_SEG_0885_f3	SYN_SEG_0885	SYN_SEG_SPK_25	evaluation	u	f3	2489.952	raw_hz			2489.952	Hz	FALSE	evaluation_split_no_training_parameters	SYNTHETIC_TEACHING_FIXTURE
REQ_SYN_SEG_0885_f3	SYN_SEG_0885	SYN_SEG_SPK_25	evaluation	u	f3	2489.952	log_hz			7.82001871216451	log_Hz	FALSE	evaluation_split_no_training_parameters	SYNTHETIC_TEACHING_FIXTURE
REQ_SYN_SEG_0885_f3	SYN_SEG_0885	SYN_SEG_SPK_25	evaluation	u	f3	2489.952	within_speaker_z				z	FALSE	evaluation_split_no_training_parameters	SYNTHETIC_TEACHING_FIXTURE
REQ_SYN_SEG_0885_f3	SYN_SEG_0885	SYN_SEG_SPK_25	evaluation	u	f3	2489.952	f3_reference_scaling				Hz	FALSE	evaluation_split_no_training_parameters	SYNTHETIC_TEACHING_FIXTURE
REQ_SYN_SEG_0886_f1	SYN_SEG_0886	SYN_SEG_SPK_25	evaluation	i	f1	325.849	raw_hz			325.849	Hz	FALSE	evaluation_split_no_training_parameters	SYNTHETIC_TEACHING_FIXTURE
REQ_SYN_SEG_0886_f1	SYN_SEG_0886	SYN_SEG_SPK_25	evaluation	i	f1	325.849	log_hz			5.78643408387695	log_Hz	FALSE	evaluation_split_no_training_parameters	SYNTHETIC_TEACHING_FIXTURE
REQ_SYN_SEG_0886_f1	SYN_SEG_0886	SYN_SEG_SPK_25	evaluation	i	f1	325.849	within_speaker_z				z	FALSE	evaluation_split_no_training_parameters	SYNTHETIC_TEACHING_FIXTURE
REQ_SYN_SEG_0886_f1	SYN_SEG_0886	SYN_SEG_SPK_25	evaluation	i	f1	325.849	f3_reference_scaling				Hz	FALSE	evaluation_split_no_training_parameters	SYNTHETIC_TEACHING_FIXTURE
REQ_SYN_SEG_0886_f2	SYN_SEG_0886	SYN_SEG_SPK_25	evaluation	i	f2	2547.032	raw_hz			2547.032	Hz	FALSE	evaluation_split_no_training_parameters	SYNTHETIC_TEACHING_FIXTURE
REQ_SYN_SEG_0886_f2	SYN_SEG_0886	SYN_SEG_SPK_25	evaluation	i	f2	2547.032	log_hz			7.84268403870108	log_Hz	FALSE	evaluation_split_no_training_parameters	SYNTHETIC_TEACHING_FIXTURE
REQ_SYN_SEG_0886_f2	SYN_SEG_0886	SYN_SEG_SPK_25	evaluation	i	f2	2547.032	within_speaker_z				z	FALSE	evaluation_split_no_training_parameters	SYNTHETIC_TEACHING_FIXTURE
REQ_SYN_SEG_0886_f2	SYN_SEG_0886	SYN_SEG_SPK_25	evaluation	i	f2	2547.032	f3_reference_scaling				Hz	FALSE	evaluation_split_no_training_parameters	SYNTHETIC_TEACHING_FIXTURE
REQ_SYN_SEG_0886_f3	SYN_SEG_0886	SYN_SEG_SPK_25	evaluation	i	f3	3372.686	raw_hz			3372.686	Hz	FALSE	evaluation_split_no_training_parameters	SYNTHETIC_TEACHING_FIXTURE
REQ_SYN_SEG_0886_f3	SYN_SEG_0886	SYN_SEG_SPK_25	evaluation	i	f3	3372.686	log_hz			8.12346473852551	log_Hz	FALSE	evaluation_split_no_training_parameters	SYNTHETIC_TEACHING_FIXTURE
REQ_SYN_SEG_0886_f3	SYN_SEG_0886	SYN_SEG_SPK_25	evaluation	i	f3	3372.686	within_speaker_z				z	FALSE	evaluation_split_no_training_parameters	SYNTHETIC_TEACHING_FIXTURE
REQ_SYN_SEG_0886_f3	SYN_SEG_0886	SYN_SEG_SPK_25	evaluation	i	f3	3372.686	f3_reference_scaling				Hz	FALSE	evaluation_split_no_training_parameters	SYNTHETIC_TEACHING_FIXTURE
REQ_SYN_SEG_0887_f1	SYN_SEG_0887	SYN_SEG_SPK_25	evaluation	a	f1	845.99	raw_hz			845.99	Hz	FALSE	evaluation_split_no_training_parameters	SYNTHETIC_TEACHING_FIXTURE
REQ_SYN_SEG_0887_f1	SYN_SEG_0887	SYN_SEG_SPK_25	evaluation	a	f1	845.99	log_hz			6.74050753920539	log_Hz	FALSE	evaluation_split_no_training_parameters	SYNTHETIC_TEACHING_FIXTURE
REQ_SYN_SEG_0887_f1	SYN_SEG_0887	SYN_SEG_SPK_25	evaluation	a	f1	845.99	within_speaker_z				z	FALSE	evaluation_split_no_training_parameters	SYNTHETIC_TEACHING_FIXTURE
REQ_SYN_SEG_0887_f1	SYN_SEG_0887	SYN_SEG_SPK_25	evaluation	a	f1	845.99	f3_reference_scaling				Hz	FALSE	evaluation_split_no_training_parameters	SYNTHETIC_TEACHING_FIXTURE
REQ_SYN_SEG_0887_f2	SYN_SEG_0887	SYN_SEG_SPK_25	evaluation	a	f2	1342.044	raw_hz			1342.044	Hz	FALSE	evaluation_split_no_training_parameters	SYNTHETIC_TEACHING_FIXTURE
REQ_SYN_SEG_0887_f2	SYN_SEG_0887	SYN_SEG_SPK_25	evaluation	a	f2	1342.044	log_hz			7.2019491038794	log_Hz	FALSE	evaluation_split_no_training_parameters	SYNTHETIC_TEACHING_FIXTURE
REQ_SYN_SEG_0887_f2	SYN_SEG_0887	SYN_SEG_SPK_25	evaluation	a	f2	1342.044	within_speaker_z				z	FALSE	evaluation_split_no_training_parameters	SYNTHETIC_TEACHING_FIXTURE
REQ_SYN_SEG_0887_f2	SYN_SEG_0887	SYN_SEG_SPK_25	evaluation	a	f2	1342.044	f3_reference_scaling				Hz	FALSE	evaluation_split_no_training_parameters	SYNTHETIC_TEACHING_FIXTURE
REQ_SYN_SEG_0887_f3	SYN_SEG_0887	SYN_SEG_SPK_25	evaluation	a	f3	2770.622	raw_hz			2770.622	Hz	FALSE	evaluation_split_no_training_parameters	SYNTHETIC_TEACHING_FIXTURE
REQ_SYN_SEG_0887_f3	SYN_SEG_0887	SYN_SEG_SPK_25	evaluation	a	f3	2770.622	log_hz			7.92682712271055	log_Hz	FALSE	evaluation_split_no_training_parameters	SYNTHETIC_TEACHING_FIXTURE
REQ_SYN_SEG_0887_f3	SYN_SEG_0887	SYN_SEG_SPK_25	evaluation	a	f3	2770.622	within_speaker_z				z	FALSE	evaluation_split_no_training_parameters	SYNTHETIC_TEACHING_FIXTURE
REQ_SYN_SEG_0887_f3	SYN_SEG_0887	SYN_SEG_SPK_25	evaluation	a	f3	2770.622	f3_reference_scaling				Hz	FALSE	evaluation_split_no_training_parameters	SYNTHETIC_TEACHING_FIXTURE
REQ_SYN_SEG_0888_f1	SYN_SEG_0888	SYN_SEG_SPK_25	evaluation	u	f1	380.906	raw_hz			380.906	Hz	FALSE	evaluation_split_no_training_parameters	SYNTHETIC_TEACHING_FIXTURE
REQ_SYN_SEG_0888_f1	SYN_SEG_0888	SYN_SEG_SPK_25	evaluation	u	f1	380.906	log_hz			5.94255262552642	log_Hz	FALSE	evaluation_split_no_training_parameters	SYNTHETIC_TEACHING_FIXTURE
REQ_SYN_SEG_0888_f1	SYN_SEG_0888	SYN_SEG_SPK_25	evaluation	u	f1	380.906	within_speaker_z				z	FALSE	evaluation_split_no_training_parameters	SYNTHETIC_TEACHING_FIXTURE
REQ_SYN_SEG_0888_f1	SYN_SEG_0888	SYN_SEG_SPK_25	evaluation	u	f1	380.906	f3_reference_scaling				Hz	FALSE	evaluation_split_no_training_parameters	SYNTHETIC_TEACHING_FIXTURE
REQ_SYN_SEG_0888_f2	SYN_SEG_0888	SYN_SEG_SPK_25	evaluation	u	f2	951.721	raw_hz			951.721	Hz	FALSE	evaluation_split_no_training_parameters	SYNTHETIC_TEACHING_FIXTURE
REQ_SYN_SEG_0888_f2	SYN_SEG_0888	SYN_SEG_SPK_25	evaluation	u	f2	951.721	log_hz			6.85827192461188	log_Hz	FALSE	evaluation_split_no_training_parameters	SYNTHETIC_TEACHING_FIXTURE
REQ_SYN_SEG_0888_f2	SYN_SEG_0888	SYN_SEG_SPK_25	evaluation	u	f2	951.721	within_speaker_z				z	FALSE	evaluation_split_no_training_parameters	SYNTHETIC_TEACHING_FIXTURE
REQ_SYN_SEG_0888_f2	SYN_SEG_0888	SYN_SEG_SPK_25	evaluation	u	f2	951.721	f3_reference_scaling				Hz	FALSE	evaluation_split_no_training_parameters	SYNTHETIC_TEACHING_FIXTURE
REQ_SYN_SEG_0888_f3	SYN_SEG_0888	SYN_SEG_SPK_25	evaluation	u	f3	2513.692	raw_hz			2513.692	Hz	FALSE	evaluation_split_no_training_parameters	SYNTHETIC_TEACHING_FIXTURE
REQ_SYN_SEG_0888_f3	SYN_SEG_0888	SYN_SEG_SPK_25	evaluation	u	f3	2513.692	log_hz			7.82950786772271	log_Hz	FALSE	evaluation_split_no_training_parameters	SYNTHETIC_TEACHING_FIXTURE
REQ_SYN_SEG_0888_f3	SYN_SEG_0888	SYN_SEG_SPK_25	evaluation	u	f3	2513.692	within_speaker_z				z	FALSE	evaluation_split_no_training_parameters	SYNTHETIC_TEACHING_FIXTURE
REQ_SYN_SEG_0888_f3	SYN_SEG_0888	SYN_SEG_SPK_25	evaluation	u	f3	2513.692	f3_reference_scaling				Hz	FALSE	evaluation_split_no_training_parameters	SYNTHETIC_TEACHING_FIXTURE
REQ_SYN_SEG_0913_f1	SYN_SEG_0913	SYN_SEG_SPK_26	evaluation	i	f1	267.15	raw_hz			267.15	Hz	FALSE	evaluation_split_no_training_parameters	SYNTHETIC_TEACHING_FIXTURE
REQ_SYN_SEG_0913_f1	SYN_SEG_0913	SYN_SEG_SPK_26	evaluation	i	f1	267.15	log_hz			5.58781029840378	log_Hz	FALSE	evaluation_split_no_training_parameters	SYNTHETIC_TEACHING_FIXTURE
REQ_SYN_SEG_0913_f1	SYN_SEG_0913	SYN_SEG_SPK_26	evaluation	i	f1	267.15	within_speaker_z				z	FALSE	evaluation_split_no_training_parameters	SYNTHETIC_TEACHING_FIXTURE
REQ_SYN_SEG_0913_f1	SYN_SEG_0913	SYN_SEG_SPK_26	evaluation	i	f1	267.15	f3_reference_scaling				Hz	FALSE	evaluation_split_no_training_parameters	SYNTHETIC_TEACHING_FIXTURE
REQ_SYN_SEG_0913_f2	SYN_SEG_0913	SYN_SEG_SPK_26	evaluation	i	f2	2160.513	raw_hz			2160.513	Hz	FALSE	evaluation_split_no_training_parameters	SYNTHETIC_TEACHING_FIXTURE
REQ_SYN_SEG_0913_f2	SYN_SEG_0913	SYN_SEG_SPK_26	evaluation	i	f2	2160.513	log_hz			7.67810097247955	log_Hz	FALSE	evaluation_split_no_training_parameters	SYNTHETIC_TEACHING_FIXTURE
REQ_SYN_SEG_0913_f2	SYN_SEG_0913	SYN_SEG_SPK_26	evaluation	i	f2	2160.513	within_speaker_z				z	FALSE	evaluation_split_no_training_parameters	SYNTHETIC_TEACHING_FIXTURE
REQ_SYN_SEG_0913_f2	SYN_SEG_0913	SYN_SEG_SPK_26	evaluation	i	f2	2160.513	f3_reference_scaling				Hz	FALSE	evaluation_split_no_training_parameters	SYNTHETIC_TEACHING_FIXTURE
REQ_SYN_SEG_0913_f3	SYN_SEG_0913	SYN_SEG_SPK_26	evaluation	i	f3	2714.551	raw_hz			2714.551	Hz	FALSE	evaluation_split_no_training_parameters	SYNTHETIC_TEACHING_FIXTURE
REQ_SYN_SEG_0913_f3	SYN_SEG_0913	SYN_SEG_SPK_26	evaluation	i	f3	2714.551	log_hz			7.90638184115944	log_Hz	FALSE	evaluation_split_no_training_parameters	SYNTHETIC_TEACHING_FIXTURE
REQ_SYN_SEG_0913_f3	SYN_SEG_0913	SYN_SEG_SPK_26	evaluation	i	f3	2714.551	within_speaker_z				z	FALSE	evaluation_split_no_training_parameters	SYNTHETIC_TEACHING_FIXTURE
REQ_SYN_SEG_0913_f3	SYN_SEG_0913	SYN_SEG_SPK_26	evaluation	i	f3	2714.551	f3_reference_scaling				Hz	FALSE	evaluation_split_no_training_parameters	SYNTHETIC_TEACHING_FIXTURE
REQ_SYN_SEG_0914_f1	SYN_SEG_0914	SYN_SEG_SPK_26	evaluation	a	f1	708.253	raw_hz			708.253	Hz	FALSE	evaluation_split_no_training_parameters	SYNTHETIC_TEACHING_FIXTURE
REQ_SYN_SEG_0914_f1	SYN_SEG_0914	SYN_SEG_SPK_26	evaluation	a	f1	708.253	log_hz			6.5628013744941	log_Hz	FALSE	evaluation_split_no_training_parameters	SYNTHETIC_TEACHING_FIXTURE
REQ_SYN_SEG_0914_f1	SYN_SEG_0914	SYN_SEG_SPK_26	evaluation	a	f1	708.253	within_speaker_z				z	FALSE	evaluation_split_no_training_parameters	SYNTHETIC_TEACHING_FIXTURE
REQ_SYN_SEG_0914_f1	SYN_SEG_0914	SYN_SEG_SPK_26	evaluation	a	f1	708.253	f3_reference_scaling				Hz	FALSE	evaluation_split_no_training_parameters	SYNTHETIC_TEACHING_FIXTURE
REQ_SYN_SEG_0914_f2	SYN_SEG_0914	SYN_SEG_SPK_26	evaluation	a	f2	1118.44	raw_hz			1118.44	Hz	FALSE	evaluation_split_no_training_parameters	SYNTHETIC_TEACHING_FIXTURE
REQ_SYN_SEG_0914_f2	SYN_SEG_0914	SYN_SEG_SPK_26	evaluation	a	f2	1118.44	log_hz			7.01969013621909	log_Hz	FALSE	evaluation_split_no_training_parameters	SYNTHETIC_TEACHING_FIXTURE
REQ_SYN_SEG_0914_f2	SYN_SEG_0914	SYN_SEG_SPK_26	evaluation	a	f2	1118.44	within_speaker_z				z	FALSE	evaluation_split_no_training_parameters	SYNTHETIC_TEACHING_FIXTURE
REQ_SYN_SEG_0914_f2	SYN_SEG_0914	SYN_SEG_SPK_26	evaluation	a	f2	1118.44	f3_reference_scaling				Hz	FALSE	evaluation_split_no_training_parameters	SYNTHETIC_TEACHING_FIXTURE
REQ_SYN_SEG_0914_f3	SYN_SEG_0914	SYN_SEG_SPK_26	evaluation	a	f3	2343.198	raw_hz			2343.198	Hz	FALSE	evaluation_split_no_training_parameters	SYNTHETIC_TEACHING_FIXTURE
REQ_SYN_SEG_0914_f3	SYN_SEG_0914	SYN_SEG_SPK_26	evaluation	a	f3	2343.198	log_hz			7.75927194197953	log_Hz	FALSE	evaluation_split_no_training_parameters	SYNTHETIC_TEACHING_FIXTURE
REQ_SYN_SEG_0914_f3	SYN_SEG_0914	SYN_SEG_SPK_26	evaluation	a	f3	2343.198	within_speaker_z				z	FALSE	evaluation_split_no_training_parameters	SYNTHETIC_TEACHING_FIXTURE
REQ_SYN_SEG_0914_f3	SYN_SEG_0914	SYN_SEG_SPK_26	evaluation	a	f3	2343.198	f3_reference_scaling				Hz	FALSE	evaluation_split_no_training_parameters	SYNTHETIC_TEACHING_FIXTURE
REQ_SYN_SEG_0915_f1	SYN_SEG_0915	SYN_SEG_SPK_26	evaluation	u	f1	336.462	raw_hz			336.462	Hz	FALSE	evaluation_split_no_training_parameters	SYNTHETIC_TEACHING_FIXTURE
REQ_SYN_SEG_0915_f1	SYN_SEG_0915	SYN_SEG_SPK_26	evaluation	u	f1	336.462	log_hz			5.81848521551635	log_Hz	FALSE	evaluation_split_no_training_parameters	SYNTHETIC_TEACHING_FIXTURE
REQ_SYN_SEG_0915_f1	SYN_SEG_0915	SYN_SEG_SPK_26	evaluation	u	f1	336.462	within_speaker_z				z	FALSE	evaluation_split_no_training_parameters	SYNTHETIC_TEACHING_FIXTURE
REQ_SYN_SEG_0915_f1	SYN_SEG_0915	SYN_SEG_SPK_26	evaluation	u	f1	336.462	f3_reference_scaling				Hz	FALSE	evaluation_split_no_training_parameters	SYNTHETIC_TEACHING_FIXTURE
REQ_SYN_SEG_0915_f2	SYN_SEG_0915	SYN_SEG_SPK_26	evaluation	u	f2	840.125	raw_hz			840.125	Hz	FALSE	evaluation_split_no_training_parameters	SYNTHETIC_TEACHING_FIXTURE
REQ_SYN_SEG_0915_f2	SYN_SEG_0915	SYN_SEG_SPK_26	evaluation	u	f2	840.125	log_hz			6.73355069029013	log_Hz	FALSE	evaluation_split_no_training_parameters	SYNTHETIC_TEACHING_FIXTURE
REQ_SYN_SEG_0915_f2	SYN_SEG_0915	SYN_SEG_SPK_26	evaluation	u	f2	840.125	within_speaker_z				z	FALSE	evaluation_split_no_training_parameters	SYNTHETIC_TEACHING_FIXTURE
REQ_SYN_SEG_0915_f2	SYN_SEG_0915	SYN_SEG_SPK_26	evaluation	u	f2	840.125	f3_reference_scaling				Hz	FALSE	evaluation_split_no_training_parameters	SYNTHETIC_TEACHING_FIXTURE
REQ_SYN_SEG_0915_f3	SYN_SEG_0915	SYN_SEG_SPK_26	evaluation	u	f3	2084.269	raw_hz			2084.269	Hz	FALSE	evaluation_split_no_training_parameters	SYNTHETIC_TEACHING_FIXTURE
REQ_SYN_SEG_0915_f3	SYN_SEG_0915	SYN_SEG_SPK_26	evaluation	u	f3	2084.269	log_hz			7.64217347323814	log_Hz	FALSE	evaluation_split_no_training_parameters	SYNTHETIC_TEACHING_FIXTURE
REQ_SYN_SEG_0915_f3	SYN_SEG_0915	SYN_SEG_SPK_26	evaluation	u	f3	2084.269	within_speaker_z				z	FALSE	evaluation_split_no_training_parameters	SYNTHETIC_TEACHING_FIXTURE
REQ_SYN_SEG_0915_f3	SYN_SEG_0915	SYN_SEG_SPK_26	evaluation	u	f3	2084.269	f3_reference_scaling				Hz	FALSE	evaluation_split_no_training_parameters	SYNTHETIC_TEACHING_FIXTURE
REQ_SYN_SEG_0916_f1	SYN_SEG_0916	SYN_SEG_SPK_26	evaluation	i	f1	232.924	raw_hz			232.924	Hz	FALSE	evaluation_split_no_training_parameters	SYNTHETIC_TEACHING_FIXTURE
REQ_SYN_SEG_0916_f1	SYN_SEG_0916	SYN_SEG_SPK_26	evaluation	i	f1	232.924	log_hz			5.45071222009984	log_Hz	FALSE	evaluation_split_no_training_parameters	SYNTHETIC_TEACHING_FIXTURE
REQ_SYN_SEG_0916_f1	SYN_SEG_0916	SYN_SEG_SPK_26	evaluation	i	f1	232.924	within_speaker_z				z	FALSE	evaluation_split_no_training_parameters	SYNTHETIC_TEACHING_FIXTURE
REQ_SYN_SEG_0916_f1	SYN_SEG_0916	SYN_SEG_SPK_26	evaluation	i	f1	232.924	f3_reference_scaling				Hz	FALSE	evaluation_split_no_training_parameters	SYNTHETIC_TEACHING_FIXTURE
REQ_SYN_SEG_0916_f2	SYN_SEG_0916	SYN_SEG_SPK_26	evaluation	i	f2	2234.333	raw_hz			2234.333	Hz	FALSE	evaluation_split_no_training_parameters	SYNTHETIC_TEACHING_FIXTURE
REQ_SYN_SEG_0916_f2	SYN_SEG_0916	SYN_SEG_SPK_26	evaluation	i	f2	2234.333	log_hz			7.71169802850291	log_Hz	FALSE	evaluation_split_no_training_parameters	SYNTHETIC_TEACHING_FIXTURE
REQ_SYN_SEG_0916_f2	SYN_SEG_0916	SYN_SEG_SPK_26	evaluation	i	f2	2234.333	within_speaker_z				z	FALSE	evaluation_split_no_training_parameters	SYNTHETIC_TEACHING_FIXTURE
REQ_SYN_SEG_0916_f2	SYN_SEG_0916	SYN_SEG_SPK_26	evaluation	i	f2	2234.333	f3_reference_scaling				Hz	FALSE	evaluation_split_no_training_parameters	SYNTHETIC_TEACHING_FIXTURE
REQ_SYN_SEG_0916_f3	SYN_SEG_0916	SYN_SEG_SPK_26	evaluation	i	f3	2800.085	raw_hz			2800.085	Hz	FALSE	evaluation_split_no_training_parameters	SYNTHETIC_TEACHING_FIXTURE
REQ_SYN_SEG_0916_f3	SYN_SEG_0916	SYN_SEG_SPK_26	evaluation	i	f3	2800.085	log_hz			7.93740505284538	log_Hz	FALSE	evaluation_split_no_training_parameters	SYNTHETIC_TEACHING_FIXTURE
REQ_SYN_SEG_0916_f3	SYN_SEG_0916	SYN_SEG_SPK_26	evaluation	i	f3	2800.085	within_speaker_z				z	FALSE	evaluation_split_no_training_parameters	SYNTHETIC_TEACHING_FIXTURE
REQ_SYN_SEG_0916_f3	SYN_SEG_0916	SYN_SEG_SPK_26	evaluation	i	f3	2800.085	f3_reference_scaling				Hz	FALSE	evaluation_split_no_training_parameters	SYNTHETIC_TEACHING_FIXTURE
REQ_SYN_SEG_0917_f1	SYN_SEG_0917	SYN_SEG_SPK_26	evaluation	a	f1	706.923	raw_hz			706.923	Hz	FALSE	evaluation_split_no_training_parameters	SYNTHETIC_TEACHING_FIXTURE
REQ_SYN_SEG_0917_f1	SYN_SEG_0917	SYN_SEG_SPK_26	evaluation	a	f1	706.923	log_hz			6.56092174907426	log_Hz	FALSE	evaluation_split_no_training_parameters	SYNTHETIC_TEACHING_FIXTURE
REQ_SYN_SEG_0917_f1	SYN_SEG_0917	SYN_SEG_SPK_26	evaluation	a	f1	706.923	within_speaker_z				z	FALSE	evaluation_split_no_training_parameters	SYNTHETIC_TEACHING_FIXTURE
REQ_SYN_SEG_0917_f1	SYN_SEG_0917	SYN_SEG_SPK_26	evaluation	a	f1	706.923	f3_reference_scaling				Hz	FALSE	evaluation_split_no_training_parameters	SYNTHETIC_TEACHING_FIXTURE
REQ_SYN_SEG_0917_f2	SYN_SEG_0917	SYN_SEG_SPK_26	evaluation	a	f2	1120.923	raw_hz			1120.923	Hz	FALSE	evaluation_split_no_training_parameters	SYNTHETIC_TEACHING_FIXTURE
REQ_SYN_SEG_0917_f2	SYN_SEG_0917	SYN_SEG_SPK_26	evaluation	a	f2	1120.923	log_hz			7.02190773204216	log_Hz	FALSE	evaluation_split_no_training_parameters	SYNTHETIC_TEACHING_FIXTURE
REQ_SYN_SEG_0917_f2	SYN_SEG_0917	SYN_SEG_SPK_26	evaluation	a	f2	1120.923	within_speaker_z				z	FALSE	evaluation_split_no_training_parameters	SYNTHETIC_TEACHING_FIXTURE
REQ_SYN_SEG_0917_f2	SYN_SEG_0917	SYN_SEG_SPK_26	evaluation	a	f2	1120.923	f3_reference_scaling				Hz	FALSE	evaluation_split_no_training_parameters	SYNTHETIC_TEACHING_FIXTURE
REQ_SYN_SEG_0917_f3	SYN_SEG_0917	SYN_SEG_SPK_26	evaluation	a	f3	2437.686	raw_hz			2437.686	Hz	FALSE	evaluation_split_no_training_parameters	SYNTHETIC_TEACHING_FIXTURE
REQ_SYN_SEG_0917_f3	SYN_SEG_0917	SYN_SEG_SPK_26	evaluation	a	f3	2437.686	log_hz			7.79880450765303	log_Hz	FALSE	evaluation_split_no_training_parameters	SYNTHETIC_TEACHING_FIXTURE
REQ_SYN_SEG_0917_f3	SYN_SEG_0917	SYN_SEG_SPK_26	evaluation	a	f3	2437.686	within_speaker_z				z	FALSE	evaluation_split_no_training_parameters	SYNTHETIC_TEACHING_FIXTURE
REQ_SYN_SEG_0917_f3	SYN_SEG_0917	SYN_SEG_SPK_26	evaluation	a	f3	2437.686	f3_reference_scaling				Hz	FALSE	evaluation_split_no_training_parameters	SYNTHETIC_TEACHING_FIXTURE
REQ_SYN_SEG_0918_f1	SYN_SEG_0918	SYN_SEG_SPK_26	evaluation	u	f1	338.478	raw_hz			338.478	Hz	FALSE	evaluation_split_no_training_parameters	SYNTHETIC_TEACHING_FIXTURE
REQ_SYN_SEG_0918_f1	SYN_SEG_0918	SYN_SEG_SPK_26	evaluation	u	f1	338.478	log_hz			5.82445909762574	log_Hz	FALSE	evaluation_split_no_training_parameters	SYNTHETIC_TEACHING_FIXTURE
REQ_SYN_SEG_0918_f1	SYN_SEG_0918	SYN_SEG_SPK_26	evaluation	u	f1	338.478	within_speaker_z				z	FALSE	evaluation_split_no_training_parameters	SYNTHETIC_TEACHING_FIXTURE
REQ_SYN_SEG_0918_f1	SYN_SEG_0918	SYN_SEG_SPK_26	evaluation	u	f1	338.478	f3_reference_scaling				Hz	FALSE	evaluation_split_no_training_parameters	SYNTHETIC_TEACHING_FIXTURE
REQ_SYN_SEG_0918_f2	SYN_SEG_0918	SYN_SEG_SPK_26	evaluation	u	f2	843.118	raw_hz			843.118	Hz	FALSE	evaluation_split_no_training_parameters	SYNTHETIC_TEACHING_FIXTURE
REQ_SYN_SEG_0918_f2	SYN_SEG_0918	SYN_SEG_SPK_26	evaluation	u	f2	843.118	log_hz			6.7371069244813	log_Hz	FALSE	evaluation_split_no_training_parameters	SYNTHETIC_TEACHING_FIXTURE
REQ_SYN_SEG_0918_f2	SYN_SEG_0918	SYN_SEG_SPK_26	evaluation	u	f2	843.118	within_speaker_z				z	FALSE	evaluation_split_no_training_parameters	SYNTHETIC_TEACHING_FIXTURE
REQ_SYN_SEG_0918_f2	SYN_SEG_0918	SYN_SEG_SPK_26	evaluation	u	f2	843.118	f3_reference_scaling				Hz	FALSE	evaluation_split_no_training_parameters	SYNTHETIC_TEACHING_FIXTURE
REQ_SYN_SEG_0918_f3	SYN_SEG_0918	SYN_SEG_SPK_26	evaluation	u	f3	2087.293	raw_hz			2087.293	Hz	FALSE	evaluation_split_no_training_parameters	SYNTHETIC_TEACHING_FIXTURE
REQ_SYN_SEG_0918_f3	SYN_SEG_0918	SYN_SEG_SPK_26	evaluation	u	f3	2087.293	log_hz			7.64362329013152	log_Hz	FALSE	evaluation_split_no_training_parameters	SYNTHETIC_TEACHING_FIXTURE
REQ_SYN_SEG_0918_f3	SYN_SEG_0918	SYN_SEG_SPK_26	evaluation	u	f3	2087.293	within_speaker_z				z	FALSE	evaluation_split_no_training_parameters	SYNTHETIC_TEACHING_FIXTURE
REQ_SYN_SEG_0918_f3	SYN_SEG_0918	SYN_SEG_SPK_26	evaluation	u	f3	2087.293	f3_reference_scaling				Hz	FALSE	evaluation_split_no_training_parameters	SYNTHETIC_TEACHING_FIXTURE
REQ_SYN_SEG_0919_f1	SYN_SEG_0919	SYN_SEG_SPK_26	evaluation	i	f1	285.495	raw_hz			285.495	Hz	FALSE	evaluation_split_no_training_parameters	SYNTHETIC_TEACHING_FIXTURE
REQ_SYN_SEG_0919_f1	SYN_SEG_0919	SYN_SEG_SPK_26	evaluation	i	f1	285.495	log_hz			5.65422451580786	log_Hz	FALSE	evaluation_split_no_training_parameters	SYNTHETIC_TEACHING_FIXTURE
REQ_SYN_SEG_0919_f1	SYN_SEG_0919	SYN_SEG_SPK_26	evaluation	i	f1	285.495	within_speaker_z				z	FALSE	evaluation_split_no_training_parameters	SYNTHETIC_TEACHING_FIXTURE
REQ_SYN_SEG_0919_f1	SYN_SEG_0919	SYN_SEG_SPK_26	evaluation	i	f1	285.495	f3_reference_scaling				Hz	FALSE	evaluation_split_no_training_parameters	SYNTHETIC_TEACHING_FIXTURE
REQ_SYN_SEG_0919_f2	SYN_SEG_0919	SYN_SEG_SPK_26	evaluation	i	f2	2185.282	raw_hz			2185.282	Hz	FALSE	evaluation_split_no_training_parameters	SYNTHETIC_TEACHING_FIXTURE
REQ_SYN_SEG_0919_f2	SYN_SEG_0919	SYN_SEG_SPK_26	evaluation	i	f2	2185.282	log_hz			7.68950016098683	log_Hz	FALSE	evaluation_split_no_training_parameters	SYNTHETIC_TEACHING_FIXTURE
REQ_SYN_SEG_0919_f2	SYN_SEG_0919	SYN_SEG_SPK_26	evaluation	i	f2	2185.282	within_speaker_z				z	FALSE	evaluation_split_no_training_parameters	SYNTHETIC_TEACHING_FIXTURE
REQ_SYN_SEG_0919_f2	SYN_SEG_0919	SYN_SEG_SPK_26	evaluation	i	f2	2185.282	f3_reference_scaling				Hz	FALSE	evaluation_split_no_training_parameters	SYNTHETIC_TEACHING_FIXTURE
REQ_SYN_SEG_0919_f3	SYN_SEG_0919	SYN_SEG_SPK_26	evaluation	i	f3	2893.169	raw_hz			2893.169	Hz	FALSE	evaluation_split_no_training_parameters	SYNTHETIC_TEACHING_FIXTURE
REQ_SYN_SEG_0919_f3	SYN_SEG_0919	SYN_SEG_SPK_26	evaluation	i	f3	2893.169	log_hz			7.97010772013824	log_Hz	FALSE	evaluation_split_no_training_parameters	SYNTHETIC_TEACHING_FIXTURE
REQ_SYN_SEG_0919_f3	SYN_SEG_0919	SYN_SEG_SPK_26	evaluation	i	f3	2893.169	within_speaker_z				z	FALSE	evaluation_split_no_training_parameters	SYNTHETIC_TEACHING_FIXTURE
REQ_SYN_SEG_0919_f3	SYN_SEG_0919	SYN_SEG_SPK_26	evaluation	i	f3	2893.169	f3_reference_scaling				Hz	FALSE	evaluation_split_no_training_parameters	SYNTHETIC_TEACHING_FIXTURE
REQ_SYN_SEG_0920_f1	SYN_SEG_0920	SYN_SEG_SPK_26	evaluation	a	f1	723.193	raw_hz			723.193	Hz	FALSE	evaluation_split_no_training_parameters	SYNTHETIC_TEACHING_FIXTURE
REQ_SYN_SEG_0920_f1	SYN_SEG_0920	SYN_SEG_SPK_26	evaluation	a	f1	723.193	log_hz			6.58367612982758	log_Hz	FALSE	evaluation_split_no_training_parameters	SYNTHETIC_TEACHING_FIXTURE
REQ_SYN_SEG_0920_f1	SYN_SEG_0920	SYN_SEG_SPK_26	evaluation	a	f1	723.193	within_speaker_z				z	FALSE	evaluation_split_no_training_parameters	SYNTHETIC_TEACHING_FIXTURE
REQ_SYN_SEG_0920_f1	SYN_SEG_0920	SYN_SEG_SPK_26	evaluation	a	f1	723.193	f3_reference_scaling				Hz	FALSE	evaluation_split_no_training_parameters	SYNTHETIC_TEACHING_FIXTURE
REQ_SYN_SEG_0920_f2	SYN_SEG_0920	SYN_SEG_SPK_26	evaluation	a	f2	1169.564	raw_hz			1169.564	Hz	FALSE	evaluation_split_no_training_parameters	SYNTHETIC_TEACHING_FIXTURE
REQ_SYN_SEG_0920_f2	SYN_SEG_0920	SYN_SEG_SPK_26	evaluation	a	f2	1169.564	log_hz			7.06438630876805	log_Hz	FALSE	evaluation_split_no_training_parameters	SYNTHETIC_TEACHING_FIXTURE
REQ_SYN_SEG_0920_f2	SYN_SEG_0920	SYN_SEG_SPK_26	evaluation	a	f2	1169.564	within_speaker_z				z	FALSE	evaluation_split_no_training_parameters	SYNTHETIC_TEACHING_FIXTURE
REQ_SYN_SEG_0920_f2	SYN_SEG_0920	SYN_SEG_SPK_26	evaluation	a	f2	1169.564	f3_reference_scaling				Hz	FALSE	evaluation_split_no_training_parameters	SYNTHETIC_TEACHING_FIXTURE
REQ_SYN_SEG_0920_f3	SYN_SEG_0920	SYN_SEG_SPK_26	evaluation	a	f3	2421.813	raw_hz			2421.813	Hz	FALSE	evaluation_split_no_training_parameters	SYNTHETIC_TEACHING_FIXTURE
REQ_SYN_SEG_0920_f3	SYN_SEG_0920	SYN_SEG_SPK_26	evaluation	a	f3	2421.813	log_hz			7.79227171221403	log_Hz	FALSE	evaluation_split_no_training_parameters	SYNTHETIC_TEACHING_FIXTURE
REQ_SYN_SEG_0920_f3	SYN_SEG_0920	SYN_SEG_SPK_26	evaluation	a	f3	2421.813	within_speaker_z				z	FALSE	evaluation_split_no_training_parameters	SYNTHETIC_TEACHING_FIXTURE
REQ_SYN_SEG_0920_f3	SYN_SEG_0920	SYN_SEG_SPK_26	evaluation	a	f3	2421.813	f3_reference_scaling				Hz	FALSE	evaluation_split_no_training_parameters	SYNTHETIC_TEACHING_FIXTURE
REQ_SYN_SEG_0921_f1	SYN_SEG_0921	SYN_SEG_SPK_26	evaluation	u	f1	307.289	raw_hz			307.289	Hz	FALSE	evaluation_split_no_training_parameters	SYNTHETIC_TEACHING_FIXTURE
REQ_SYN_SEG_0921_f1	SYN_SEG_0921	SYN_SEG_SPK_26	evaluation	u	f1	307.289	log_hz			5.72778867285632	log_Hz	FALSE	evaluation_split_no_training_parameters	SYNTHETIC_TEACHING_FIXTURE
REQ_SYN_SEG_0921_f1	SYN_SEG_0921	SYN_SEG_SPK_26	evaluation	u	f1	307.289	within_speaker_z				z	FALSE	evaluation_split_no_training_parameters	SYNTHETIC_TEACHING_FIXTURE
REQ_SYN_SEG_0921_f1	SYN_SEG_0921	SYN_SEG_SPK_26	evaluation	u	f1	307.289	f3_reference_scaling				Hz	FALSE	evaluation_split_no_training_parameters	SYNTHETIC_TEACHING_FIXTURE
REQ_SYN_SEG_0921_f2	SYN_SEG_0921	SYN_SEG_SPK_26	evaluation	u	f2	784.495	raw_hz			784.495	Hz	FALSE	evaluation_split_no_training_parameters	SYNTHETIC_TEACHING_FIXTURE
REQ_SYN_SEG_0921_f2	SYN_SEG_0921	SYN_SEG_SPK_26	evaluation	u	f2	784.495	log_hz			6.66504019866648	log_Hz	FALSE	evaluation_split_no_training_parameters	SYNTHETIC_TEACHING_FIXTURE
REQ_SYN_SEG_0921_f2	SYN_SEG_0921	SYN_SEG_SPK_26	evaluation	u	f2	784.495	within_speaker_z				z	FALSE	evaluation_split_no_training_parameters	SYNTHETIC_TEACHING_FIXTURE
REQ_SYN_SEG_0921_f2	SYN_SEG_0921	SYN_SEG_SPK_26	evaluation	u	f2	784.495	f3_reference_scaling				Hz	FALSE	evaluation_split_no_training_parameters	SYNTHETIC_TEACHING_FIXTURE
REQ_SYN_SEG_0921_f3	SYN_SEG_0921	SYN_SEG_SPK_26	evaluation	u	f3	2049.989	raw_hz			2049.989	Hz	FALSE	evaluation_split_no_training_parameters	SYNTHETIC_TEACHING_FIXTURE
REQ_SYN_SEG_0921_f3	SYN_SEG_0921	SYN_SEG_SPK_26	evaluation	u	f3	2049.989	log_hz			7.6255897062644	log_Hz	FALSE	evaluation_split_no_training_parameters	SYNTHETIC_TEACHING_FIXTURE
REQ_SYN_SEG_0921_f3	SYN_SEG_0921	SYN_SEG_SPK_26	evaluation	u	f3	2049.989	within_speaker_z				z	FALSE	evaluation_split_no_training_parameters	SYNTHETIC_TEACHING_FIXTURE
REQ_SYN_SEG_0921_f3	SYN_SEG_0921	SYN_SEG_SPK_26	evaluation	u	f3	2049.989	f3_reference_scaling				Hz	FALSE	evaluation_split_no_training_parameters	SYNTHETIC_TEACHING_FIXTURE
REQ_SYN_SEG_0922_f1	SYN_SEG_0922	SYN_SEG_SPK_26	evaluation	i	f1	305.011	raw_hz			305.011	Hz	FALSE	evaluation_split_no_training_parameters	SYNTHETIC_TEACHING_FIXTURE
REQ_SYN_SEG_0922_f1	SYN_SEG_0922	SYN_SEG_SPK_26	evaluation	i	f1	305.011	log_hz			5.72034784153083	log_Hz	FALSE	evaluation_split_no_training_parameters	SYNTHETIC_TEACHING_FIXTURE
REQ_SYN_SEG_0922_f1	SYN_SEG_0922	SYN_SEG_SPK_26	evaluation	i	f1	305.011	within_speaker_z				z	FALSE	evaluation_split_no_training_parameters	SYNTHETIC_TEACHING_FIXTURE
REQ_SYN_SEG_0922_f1	SYN_SEG_0922	SYN_SEG_SPK_26	evaluation	i	f1	305.011	f3_reference_scaling				Hz	FALSE	evaluation_split_no_training_parameters	SYNTHETIC_TEACHING_FIXTURE
REQ_SYN_SEG_0922_f2	SYN_SEG_0922	SYN_SEG_SPK_26	evaluation	i	f2	2231.755	raw_hz			2231.755	Hz	FALSE	evaluation_split_no_training_parameters	SYNTHETIC_TEACHING_FIXTURE
REQ_SYN_SEG_0922_f2	SYN_SEG_0922	SYN_SEG_SPK_26	evaluation	i	f2	2231.755	log_hz			7.71054355045127	log_Hz	FALSE	evaluation_split_no_training_parameters	SYNTHETIC_TEACHING_FIXTURE
REQ_SYN_SEG_0922_f2	SYN_SEG_0922	SYN_SEG_SPK_26	evaluation	i	f2	2231.755	within_speaker_z				z	FALSE	evaluation_split_no_training_parameters	SYNTHETIC_TEACHING_FIXTURE
REQ_SYN_SEG_0922_f2	SYN_SEG_0922	SYN_SEG_SPK_26	evaluation	i	f2	2231.755	f3_reference_scaling				Hz	FALSE	evaluation_split_no_training_parameters	SYNTHETIC_TEACHING_FIXTURE
REQ_SYN_SEG_0922_f3	SYN_SEG_0922	SYN_SEG_SPK_26	evaluation	i	f3	2860.597	raw_hz			2860.597	Hz	FALSE	evaluation_split_no_training_parameters	SYNTHETIC_TEACHING_FIXTURE
REQ_SYN_SEG_0922_f3	SYN_SEG_0922	SYN_SEG_SPK_26	evaluation	i	f3	2860.597	log_hz			7.95878562328921	log_Hz	FALSE	evaluation_split_no_training_parameters	SYNTHETIC_TEACHING_FIXTURE
REQ_SYN_SEG_0922_f3	SYN_SEG_0922	SYN_SEG_SPK_26	evaluation	i	f3	2860.597	within_speaker_z				z	FALSE	evaluation_split_no_training_parameters	SYNTHETIC_TEACHING_FIXTURE
REQ_SYN_SEG_0922_f3	SYN_SEG_0922	SYN_SEG_SPK_26	evaluation	i	f3	2860.597	f3_reference_scaling				Hz	FALSE	evaluation_split_no_training_parameters	SYNTHETIC_TEACHING_FIXTURE
REQ_SYN_SEG_0923_f1	SYN_SEG_0923	SYN_SEG_SPK_26	evaluation	a	f1	720.737	raw_hz			720.737	Hz	FALSE	evaluation_split_no_training_parameters	SYNTHETIC_TEACHING_FIXTURE
REQ_SYN_SEG_0923_f1	SYN_SEG_0923	SYN_SEG_SPK_26	evaluation	a	f1	720.737	log_hz			6.58027429958859	log_Hz	FALSE	evaluation_split_no_training_parameters	SYNTHETIC_TEACHING_FIXTURE
REQ_SYN_SEG_0923_f1	SYN_SEG_0923	SYN_SEG_SPK_26	evaluation	a	f1	720.737	within_speaker_z				z	FALSE	evaluation_split_no_training_parameters	SYNTHETIC_TEACHING_FIXTURE
REQ_SYN_SEG_0923_f1	SYN_SEG_0923	SYN_SEG_SPK_26	evaluation	a	f1	720.737	f3_reference_scaling				Hz	FALSE	evaluation_split_no_training_parameters	SYNTHETIC_TEACHING_FIXTURE
REQ_SYN_SEG_0923_f2	SYN_SEG_0923	SYN_SEG_SPK_26	evaluation	a	f2	1078.186	raw_hz			1078.186	Hz	FALSE	evaluation_split_no_training_parameters	SYNTHETIC_TEACHING_FIXTURE
REQ_SYN_SEG_0923_f2	SYN_SEG_0923	SYN_SEG_SPK_26	evaluation	a	f2	1078.186	log_hz			6.9830352783293	log_Hz	FALSE	evaluation_split_no_training_parameters	SYNTHETIC_TEACHING_FIXTURE
REQ_SYN_SEG_0923_f2	SYN_SEG_0923	SYN_SEG_SPK_26	evaluation	a	f2	1078.186	within_speaker_z				z	FALSE	evaluation_split_no_training_parameters	SYNTHETIC_TEACHING_FIXTURE
REQ_SYN_SEG_0923_f2	SYN_SEG_0923	SYN_SEG_SPK_26	evaluation	a	f2	1078.186	f3_reference_scaling				Hz	FALSE	evaluation_split_no_training_parameters	SYNTHETIC_TEACHING_FIXTURE
REQ_SYN_SEG_0923_f3	SYN_SEG_0923	SYN_SEG_SPK_26	evaluation	a	f3	2273.398	raw_hz			2273.398	Hz	FALSE	evaluation_split_no_training_parameters	SYNTHETIC_TEACHING_FIXTURE
REQ_SYN_SEG_0923_f3	SYN_SEG_0923	SYN_SEG_SPK_26	evaluation	a	f3	2273.398	log_hz			7.72903090751263	log_Hz	FALSE	evaluation_split_no_training_parameters	SYNTHETIC_TEACHING_FIXTURE
REQ_SYN_SEG_0923_f3	SYN_SEG_0923	SYN_SEG_SPK_26	evaluation	a	f3	2273.398	within_speaker_z				z	FALSE	evaluation_split_no_training_parameters	SYNTHETIC_TEACHING_FIXTURE
REQ_SYN_SEG_0923_f3	SYN_SEG_0923	SYN_SEG_SPK_26	evaluation	a	f3	2273.398	f3_reference_scaling				Hz	FALSE	evaluation_split_no_training_parameters	SYNTHETIC_TEACHING_FIXTURE
REQ_SYN_SEG_0924_f1	SYN_SEG_0924	SYN_SEG_SPK_26	evaluation	u	f1	333.979	raw_hz			333.979	Hz	FALSE	evaluation_split_no_training_parameters	SYNTHETIC_TEACHING_FIXTURE
REQ_SYN_SEG_0924_f1	SYN_SEG_0924	SYN_SEG_SPK_26	evaluation	u	f1	333.979	log_hz			5.81107811674853	log_Hz	FALSE	evaluation_split_no_training_parameters	SYNTHETIC_TEACHING_FIXTURE
REQ_SYN_SEG_0924_f1	SYN_SEG_0924	SYN_SEG_SPK_26	evaluation	u	f1	333.979	within_speaker_z				z	FALSE	evaluation_split_no_training_parameters	SYNTHETIC_TEACHING_FIXTURE
REQ_SYN_SEG_0924_f1	SYN_SEG_0924	SYN_SEG_SPK_26	evaluation	u	f1	333.979	f3_reference_scaling				Hz	FALSE	evaluation_split_no_training_parameters	SYNTHETIC_TEACHING_FIXTURE
REQ_SYN_SEG_0924_f2	SYN_SEG_0924	SYN_SEG_SPK_26	evaluation	u	f2	917.584	raw_hz			917.584	Hz	FALSE	evaluation_split_no_training_parameters	SYNTHETIC_TEACHING_FIXTURE
REQ_SYN_SEG_0924_f2	SYN_SEG_0924	SYN_SEG_SPK_26	evaluation	u	f2	917.584	log_hz			6.82174412887151	log_Hz	FALSE	evaluation_split_no_training_parameters	SYNTHETIC_TEACHING_FIXTURE
REQ_SYN_SEG_0924_f2	SYN_SEG_0924	SYN_SEG_SPK_26	evaluation	u	f2	917.584	within_speaker_z				z	FALSE	evaluation_split_no_training_parameters	SYNTHETIC_TEACHING_FIXTURE
REQ_SYN_SEG_0924_f2	SYN_SEG_0924	SYN_SEG_SPK_26	evaluation	u	f2	917.584	f3_reference_scaling				Hz	FALSE	evaluation_split_no_training_parameters	SYNTHETIC_TEACHING_FIXTURE
REQ_SYN_SEG_0924_f3	SYN_SEG_0924	SYN_SEG_SPK_26	evaluation	u	f3	2066.28	raw_hz			2066.28	Hz	FALSE	evaluation_split_no_training_parameters	SYNTHETIC_TEACHING_FIXTURE
REQ_SYN_SEG_0924_f3	SYN_SEG_0924	SYN_SEG_SPK_26	evaluation	u	f3	2066.28	log_hz			7.6335051680861	log_Hz	FALSE	evaluation_split_no_training_parameters	SYNTHETIC_TEACHING_FIXTURE
REQ_SYN_SEG_0924_f3	SYN_SEG_0924	SYN_SEG_SPK_26	evaluation	u	f3	2066.28	within_speaker_z				z	FALSE	evaluation_split_no_training_parameters	SYNTHETIC_TEACHING_FIXTURE
REQ_SYN_SEG_0924_f3	SYN_SEG_0924	SYN_SEG_SPK_26	evaluation	u	f3	2066.28	f3_reference_scaling				Hz	FALSE	evaluation_split_no_training_parameters	SYNTHETIC_TEACHING_FIXTURE
REQ_SYN_SEG_0949_f1	SYN_SEG_0949	SYN_SEG_SPK_27	evaluation	i	f1	270.428	raw_hz			270.428	Hz	FALSE	evaluation_split_no_training_parameters	SYNTHETIC_TEACHING_FIXTURE
REQ_SYN_SEG_0949_f1	SYN_SEG_0949	SYN_SEG_SPK_27	evaluation	i	f1	270.428	log_hz			5.6000058891037	log_Hz	FALSE	evaluation_split_no_training_parameters	SYNTHETIC_TEACHING_FIXTURE
REQ_SYN_SEG_0949_f1	SYN_SEG_0949	SYN_SEG_SPK_27	evaluation	i	f1	270.428	within_speaker_z				z	FALSE	evaluation_split_no_training_parameters	SYNTHETIC_TEACHING_FIXTURE
REQ_SYN_SEG_0949_f1	SYN_SEG_0949	SYN_SEG_SPK_27	evaluation	i	f1	270.428	f3_reference_scaling				Hz	FALSE	evaluation_split_no_training_parameters	SYNTHETIC_TEACHING_FIXTURE
REQ_SYN_SEG_0949_f2	SYN_SEG_0949	SYN_SEG_SPK_27	evaluation	i	f2	2241.448	raw_hz			2241.448	Hz	FALSE	evaluation_split_no_training_parameters	SYNTHETIC_TEACHING_FIXTURE
REQ_SYN_SEG_0949_f2	SYN_SEG_0949	SYN_SEG_SPK_27	evaluation	i	f2	2241.448	log_hz			7.71487736457556	log_Hz	FALSE	evaluation_split_no_training_parameters	SYNTHETIC_TEACHING_FIXTURE
REQ_SYN_SEG_0949_f2	SYN_SEG_0949	SYN_SEG_SPK_27	evaluation	i	f2	2241.448	within_speaker_z				z	FALSE	evaluation_split_no_training_parameters	SYNTHETIC_TEACHING_FIXTURE
REQ_SYN_SEG_0949_f2	SYN_SEG_0949	SYN_SEG_SPK_27	evaluation	i	f2	2241.448	f3_reference_scaling				Hz	FALSE	evaluation_split_no_training_parameters	SYNTHETIC_TEACHING_FIXTURE
REQ_SYN_SEG_0949_f3	SYN_SEG_0949	SYN_SEG_SPK_27	evaluation	i	f3	2985.501	raw_hz			2985.501	Hz	FALSE	evaluation_split_no_training_parameters	SYNTHETIC_TEACHING_FIXTURE
REQ_SYN_SEG_0949_f3	SYN_SEG_0949	SYN_SEG_SPK_27	evaluation	i	f3	2985.501	log_hz			8.00152285093926	log_Hz	FALSE	evaluation_split_no_training_parameters	SYNTHETIC_TEACHING_FIXTURE
REQ_SYN_SEG_0949_f3	SYN_SEG_0949	SYN_SEG_SPK_27	evaluation	i	f3	2985.501	within_speaker_z				z	FALSE	evaluation_split_no_training_parameters	SYNTHETIC_TEACHING_FIXTURE
REQ_SYN_SEG_0949_f3	SYN_SEG_0949	SYN_SEG_SPK_27	evaluation	i	f3	2985.501	f3_reference_scaling				Hz	FALSE	evaluation_split_no_training_parameters	SYNTHETIC_TEACHING_FIXTURE
REQ_SYN_SEG_0950_f1	SYN_SEG_0950	SYN_SEG_SPK_27	evaluation	a	f1	712.286	raw_hz			712.286	Hz	FALSE	evaluation_split_no_training_parameters	SYNTHETIC_TEACHING_FIXTURE
REQ_SYN_SEG_0950_f1	SYN_SEG_0950	SYN_SEG_SPK_27	evaluation	a	f1	712.286	log_hz			6.56847951615125	log_Hz	FALSE	evaluation_split_no_training_parameters	SYNTHETIC_TEACHING_FIXTURE
REQ_SYN_SEG_0950_f1	SYN_SEG_0950	SYN_SEG_SPK_27	evaluation	a	f1	712.286	within_speaker_z				z	FALSE	evaluation_split_no_training_parameters	SYNTHETIC_TEACHING_FIXTURE
REQ_SYN_SEG_0950_f1	SYN_SEG_0950	SYN_SEG_SPK_27	evaluation	a	f1	712.286	f3_reference_scaling				Hz	FALSE	evaluation_split_no_training_parameters	SYNTHETIC_TEACHING_FIXTURE
REQ_SYN_SEG_0950_f2	SYN_SEG_0950	SYN_SEG_SPK_27	evaluation	a	f2	1178.417	raw_hz			1178.417	Hz	FALSE	evaluation_split_no_training_parameters	SYNTHETIC_TEACHING_FIXTURE
REQ_SYN_SEG_0950_f2	SYN_SEG_0950	SYN_SEG_SPK_27	evaluation	a	f2	1178.417	log_hz			7.07192729138516	log_Hz	FALSE	evaluation_split_no_training_parameters	SYNTHETIC_TEACHING_FIXTURE
REQ_SYN_SEG_0950_f2	SYN_SEG_0950	SYN_SEG_SPK_27	evaluation	a	f2	1178.417	within_speaker_z				z	FALSE	evaluation_split_no_training_parameters	SYNTHETIC_TEACHING_FIXTURE
REQ_SYN_SEG_0950_f2	SYN_SEG_0950	SYN_SEG_SPK_27	evaluation	a	f2	1178.417	f3_reference_scaling				Hz	FALSE	evaluation_split_no_training_parameters	SYNTHETIC_TEACHING_FIXTURE
REQ_SYN_SEG_0950_f3	SYN_SEG_0950	SYN_SEG_SPK_27	evaluation	a	f3	2563.868	raw_hz			2563.868	Hz	FALSE	evaluation_split_no_training_parameters	SYNTHETIC_TEACHING_FIXTURE
REQ_SYN_SEG_0950_f3	SYN_SEG_0950	SYN_SEG_SPK_27	evaluation	a	f3	2563.868	log_hz			7.84927233465603	log_Hz	FALSE	evaluation_split_no_training_parameters	SYNTHETIC_TEACHING_FIXTURE
REQ_SYN_SEG_0950_f3	SYN_SEG_0950	SYN_SEG_SPK_27	evaluation	a	f3	2563.868	within_speaker_z				z	FALSE	evaluation_split_no_training_parameters	SYNTHETIC_TEACHING_FIXTURE
REQ_SYN_SEG_0950_f3	SYN_SEG_0950	SYN_SEG_SPK_27	evaluation	a	f3	2563.868	f3_reference_scaling				Hz	FALSE	evaluation_split_no_training_parameters	SYNTHETIC_TEACHING_FIXTURE
REQ_SYN_SEG_0951_f1	SYN_SEG_0951	SYN_SEG_SPK_27	evaluation	u	f1	327.546	raw_hz			327.546	Hz	FALSE	evaluation_split_no_training_parameters	SYNTHETIC_TEACHING_FIXTURE
REQ_SYN_SEG_0951_f1	SYN_SEG_0951	SYN_SEG_SPK_27	evaluation	u	f1	327.546	log_hz			5.79162850322727	log_Hz	FALSE	evaluation_split_no_training_parameters	SYNTHETIC_TEACHING_FIXTURE
REQ_SYN_SEG_0951_f1	SYN_SEG_0951	SYN_SEG_SPK_27	evaluation	u	f1	327.546	within_speaker_z				z	FALSE	evaluation_split_no_training_parameters	SYNTHETIC_TEACHING_FIXTURE
REQ_SYN_SEG_0951_f1	SYN_SEG_0951	SYN_SEG_SPK_27	evaluation	u	f1	327.546	f3_reference_scaling				Hz	FALSE	evaluation_split_no_training_parameters	SYNTHETIC_TEACHING_FIXTURE
REQ_SYN_SEG_0951_f2	SYN_SEG_0951	SYN_SEG_SPK_27	evaluation	u	f2	862.887	raw_hz			862.887	Hz	FALSE	evaluation_split_no_training_parameters	SYNTHETIC_TEACHING_FIXTURE
REQ_SYN_SEG_0951_f2	SYN_SEG_0951	SYN_SEG_SPK_27	evaluation	u	f2	862.887	log_hz			6.7602837439239	log_Hz	FALSE	evaluation_split_no_training_parameters	SYNTHETIC_TEACHING_FIXTURE
REQ_SYN_SEG_0951_f2	SYN_SEG_0951	SYN_SEG_SPK_27	evaluation	u	f2	862.887	within_speaker_z				z	FALSE	evaluation_split_no_training_parameters	SYNTHETIC_TEACHING_FIXTURE
REQ_SYN_SEG_0951_f2	SYN_SEG_0951	SYN_SEG_SPK_27	evaluation	u	f2	862.887	f3_reference_scaling				Hz	FALSE	evaluation_split_no_training_parameters	SYNTHETIC_TEACHING_FIXTURE
REQ_SYN_SEG_0951_f3	SYN_SEG_0951	SYN_SEG_SPK_27	evaluation	u	f3	2193.779	raw_hz			2193.779	Hz	FALSE	evaluation_split_no_training_parameters	SYNTHETIC_TEACHING_FIXTURE
REQ_SYN_SEG_0951_f3	SYN_SEG_0951	SYN_SEG_SPK_27	evaluation	u	f3	2193.779	log_hz			7.69338090650002	log_Hz	FALSE	evaluation_split_no_training_parameters	SYNTHETIC_TEACHING_FIXTURE
REQ_SYN_SEG_0951_f3	SYN_SEG_0951	SYN_SEG_SPK_27	evaluation	u	f3	2193.779	within_speaker_z				z	FALSE	evaluation_split_no_training_parameters	SYNTHETIC_TEACHING_FIXTURE
REQ_SYN_SEG_0951_f3	SYN_SEG_0951	SYN_SEG_SPK_27	evaluation	u	f3	2193.779	f3_reference_scaling				Hz	FALSE	evaluation_split_no_training_parameters	SYNTHETIC_TEACHING_FIXTURE
REQ_SYN_SEG_0952_f1	SYN_SEG_0952	SYN_SEG_SPK_27	evaluation	i	f1	261.053	raw_hz			261.053	Hz	FALSE	evaluation_split_no_training_parameters	SYNTHETIC_TEACHING_FIXTURE
REQ_SYN_SEG_0952_f1	SYN_SEG_0952	SYN_SEG_SPK_27	evaluation	i	f1	261.053	log_hz			5.56472345184186	log_Hz	FALSE	evaluation_split_no_training_parameters	SYNTHETIC_TEACHING_FIXTURE
REQ_SYN_SEG_0952_f1	SYN_SEG_0952	SYN_SEG_SPK_27	evaluation	i	f1	261.053	within_speaker_z				z	FALSE	evaluation_split_no_training_parameters	SYNTHETIC_TEACHING_FIXTURE
REQ_SYN_SEG_0952_f1	SYN_SEG_0952	SYN_SEG_SPK_27	evaluation	i	f1	261.053	f3_reference_scaling				Hz	FALSE	evaluation_split_no_training_parameters	SYNTHETIC_TEACHING_FIXTURE
REQ_SYN_SEG_0952_f2	SYN_SEG_0952	SYN_SEG_SPK_27	evaluation	i	f2	2253.03	raw_hz			2253.03	Hz	FALSE	evaluation_split_no_training_parameters	SYNTHETIC_TEACHING_FIXTURE
REQ_SYN_SEG_0952_f2	SYN_SEG_0952	SYN_SEG_SPK_27	evaluation	i	f2	2253.03	log_hz			7.72003125592282	log_Hz	FALSE	evaluation_split_no_training_parameters	SYNTHETIC_TEACHING_FIXTURE
REQ_SYN_SEG_0952_f2	SYN_SEG_0952	SYN_SEG_SPK_27	evaluation	i	f2	2253.03	within_speaker_z				z	FALSE	evaluation_split_no_training_parameters	SYNTHETIC_TEACHING_FIXTURE
REQ_SYN_SEG_0952_f2	SYN_SEG_0952	SYN_SEG_SPK_27	evaluation	i	f2	2253.03	f3_reference_scaling				Hz	FALSE	evaluation_split_no_training_parameters	SYNTHETIC_TEACHING_FIXTURE
REQ_SYN_SEG_0952_f3	SYN_SEG_0952	SYN_SEG_SPK_27	evaluation	i	f3	3068.113	raw_hz			3068.113	Hz	FALSE	evaluation_split_no_training_parameters	SYNTHETIC_TEACHING_FIXTURE
REQ_SYN_SEG_0952_f3	SYN_SEG_0952	SYN_SEG_SPK_27	evaluation	i	f3	3068.113	log_hz			8.02881799362113	log_Hz	FALSE	evaluation_split_no_training_parameters	SYNTHETIC_TEACHING_FIXTURE
REQ_SYN_SEG_0952_f3	SYN_SEG_0952	SYN_SEG_SPK_27	evaluation	i	f3	3068.113	within_speaker_z				z	FALSE	evaluation_split_no_training_parameters	SYNTHETIC_TEACHING_FIXTURE
REQ_SYN_SEG_0952_f3	SYN_SEG_0952	SYN_SEG_SPK_27	evaluation	i	f3	3068.113	f3_reference_scaling				Hz	FALSE	evaluation_split_no_training_parameters	SYNTHETIC_TEACHING_FIXTURE
REQ_SYN_SEG_0953_f1	SYN_SEG_0953	SYN_SEG_SPK_27	evaluation	a	f1	719.606	raw_hz			719.606	Hz	FALSE	evaluation_split_no_training_parameters	SYNTHETIC_TEACHING_FIXTURE
REQ_SYN_SEG_0953_f1	SYN_SEG_0953	SYN_SEG_SPK_27	evaluation	a	f1	719.606	log_hz			6.57870384000715	log_Hz	FALSE	evaluation_split_no_training_parameters	SYNTHETIC_TEACHING_FIXTURE
REQ_SYN_SEG_0953_f1	SYN_SEG_0953	SYN_SEG_SPK_27	evaluation	a	f1	719.606	within_speaker_z				z	FALSE	evaluation_split_no_training_parameters	SYNTHETIC_TEACHING_FIXTURE
REQ_SYN_SEG_0953_f1	SYN_SEG_0953	SYN_SEG_SPK_27	evaluation	a	f1	719.606	f3_reference_scaling				Hz	FALSE	evaluation_split_no_training_parameters	SYNTHETIC_TEACHING_FIXTURE
REQ_SYN_SEG_0953_f2	SYN_SEG_0953	SYN_SEG_SPK_27	evaluation	a	f2	1248.705	raw_hz			1248.705	Hz	FALSE	evaluation_split_no_training_parameters	SYNTHETIC_TEACHING_FIXTURE
REQ_SYN_SEG_0953_f2	SYN_SEG_0953	SYN_SEG_SPK_27	evaluation	a	f2	1248.705	log_hz			7.12986229327741	log_Hz	FALSE	evaluation_split_no_training_parameters	SYNTHETIC_TEACHING_FIXTURE
REQ_SYN_SEG_0953_f2	SYN_SEG_0953	SYN_SEG_SPK_27	evaluation	a	f2	1248.705	within_speaker_z				z	FALSE	evaluation_split_no_training_parameters	SYNTHETIC_TEACHING_FIXTURE
REQ_SYN_SEG_0953_f2	SYN_SEG_0953	SYN_SEG_SPK_27	evaluation	a	f2	1248.705	f3_reference_scaling				Hz	FALSE	evaluation_split_no_training_parameters	SYNTHETIC_TEACHING_FIXTURE
REQ_SYN_SEG_0953_f3	SYN_SEG_0953	SYN_SEG_SPK_27	evaluation	a	f3	2509.82	raw_hz			2509.82	Hz	FALSE	evaluation_split_no_training_parameters	SYNTHETIC_TEACHING_FIXTURE
REQ_SYN_SEG_0953_f3	SYN_SEG_0953	SYN_SEG_SPK_27	evaluation	a	f3	2509.82	log_hz			7.82796631640691	log_Hz	FALSE	evaluation_split_no_training_parameters	SYNTHETIC_TEACHING_FIXTURE
REQ_SYN_SEG_0953_f3	SYN_SEG_0953	SYN_SEG_SPK_27	evaluation	a	f3	2509.82	within_speaker_z				z	FALSE	evaluation_split_no_training_parameters	SYNTHETIC_TEACHING_FIXTURE
REQ_SYN_SEG_0953_f3	SYN_SEG_0953	SYN_SEG_SPK_27	evaluation	a	f3	2509.82	f3_reference_scaling				Hz	FALSE	evaluation_split_no_training_parameters	SYNTHETIC_TEACHING_FIXTURE
REQ_SYN_SEG_0954_f1	SYN_SEG_0954	SYN_SEG_SPK_27	evaluation	u	f1	359.725	raw_hz			359.725	Hz	FALSE	evaluation_split_no_training_parameters	SYNTHETIC_TEACHING_FIXTURE
REQ_SYN_SEG_0954_f1	SYN_SEG_0954	SYN_SEG_SPK_27	evaluation	u	f1	359.725	log_hz			5.88533985064948	log_Hz	FALSE	evaluation_split_no_training_parameters	SYNTHETIC_TEACHING_FIXTURE
REQ_SYN_SEG_0954_f1	SYN_SEG_0954	SYN_SEG_SPK_27	evaluation	u	f1	359.725	within_speaker_z				z	FALSE	evaluation_split_no_training_parameters	SYNTHETIC_TEACHING_FIXTURE
REQ_SYN_SEG_0954_f1	SYN_SEG_0954	SYN_SEG_SPK_27	evaluation	u	f1	359.725	f3_reference_scaling				Hz	FALSE	evaluation_split_no_training_parameters	SYNTHETIC_TEACHING_FIXTURE
REQ_SYN_SEG_0954_f2	SYN_SEG_0954	SYN_SEG_SPK_27	evaluation	u	f2	841.347	raw_hz			841.347	Hz	FALSE	evaluation_split_no_training_parameters	SYNTHETIC_TEACHING_FIXTURE
REQ_SYN_SEG_0954_f2	SYN_SEG_0954	SYN_SEG_SPK_27	evaluation	u	f2	841.347	log_hz			6.73500417891811	log_Hz	FALSE	evaluation_split_no_training_parameters	SYNTHETIC_TEACHING_FIXTURE
REQ_SYN_SEG_0954_f2	SYN_SEG_0954	SYN_SEG_SPK_27	evaluation	u	f2	841.347	within_speaker_z				z	FALSE	evaluation_split_no_training_parameters	SYNTHETIC_TEACHING_FIXTURE
REQ_SYN_SEG_0954_f2	SYN_SEG_0954	SYN_SEG_SPK_27	evaluation	u	f2	841.347	f3_reference_scaling				Hz	FALSE	evaluation_split_no_training_parameters	SYNTHETIC_TEACHING_FIXTURE
REQ_SYN_SEG_0954_f3	SYN_SEG_0954	SYN_SEG_SPK_27	evaluation	u	f3	2217.483	raw_hz			2217.483	Hz	FALSE	evaluation_split_no_training_parameters	SYNTHETIC_TEACHING_FIXTURE
REQ_SYN_SEG_0954_f3	SYN_SEG_0954	SYN_SEG_SPK_27	evaluation	u	f3	2217.483	log_hz			7.70412804786348	log_Hz	FALSE	evaluation_split_no_training_parameters	SYNTHETIC_TEACHING_FIXTURE
REQ_SYN_SEG_0954_f3	SYN_SEG_0954	SYN_SEG_SPK_27	evaluation	u	f3	2217.483	within_speaker_z				z	FALSE	evaluation_split_no_training_parameters	SYNTHETIC_TEACHING_FIXTURE
REQ_SYN_SEG_0954_f3	SYN_SEG_0954	SYN_SEG_SPK_27	evaluation	u	f3	2217.483	f3_reference_scaling				Hz	FALSE	evaluation_split_no_training_parameters	SYNTHETIC_TEACHING_FIXTURE
REQ_SYN_SEG_0955_f1	SYN_SEG_0955	SYN_SEG_SPK_27	evaluation	i	f1	306.174	raw_hz			306.174	Hz	FALSE	evaluation_split_no_training_parameters	SYNTHETIC_TEACHING_FIXTURE
REQ_SYN_SEG_0955_f1	SYN_SEG_0955	SYN_SEG_SPK_27	evaluation	i	f1	306.174	log_hz			5.72415356779603	log_Hz	FALSE	evaluation_split_no_training_parameters	SYNTHETIC_TEACHING_FIXTURE
REQ_SYN_SEG_0955_f1	SYN_SEG_0955	SYN_SEG_SPK_27	evaluation	i	f1	306.174	within_speaker_z				z	FALSE	evaluation_split_no_training_parameters	SYNTHETIC_TEACHING_FIXTURE
REQ_SYN_SEG_0955_f1	SYN_SEG_0955	SYN_SEG_SPK_27	evaluation	i	f1	306.174	f3_reference_scaling				Hz	FALSE	evaluation_split_no_training_parameters	SYNTHETIC_TEACHING_FIXTURE
REQ_SYN_SEG_0955_f2	SYN_SEG_0955	SYN_SEG_SPK_27	evaluation	i	f2	2258.897	raw_hz			2258.897	Hz	FALSE	evaluation_split_no_training_parameters	SYNTHETIC_TEACHING_FIXTURE
REQ_SYN_SEG_0955_f2	SYN_SEG_0955	SYN_SEG_SPK_27	evaluation	i	f2	2258.897	log_hz			7.72263192003231	log_Hz	FALSE	evaluation_split_no_training_parameters	SYNTHETIC_TEACHING_FIXTURE
REQ_SYN_SEG_0955_f2	SYN_SEG_0955	SYN_SEG_SPK_27	evaluation	i	f2	2258.897	within_speaker_z				z	FALSE	evaluation_split_no_training_parameters	SYNTHETIC_TEACHING_FIXTURE
REQ_SYN_SEG_0955_f2	SYN_SEG_0955	SYN_SEG_SPK_27	evaluation	i	f2	2258.897	f3_reference_scaling				Hz	FALSE	evaluation_split_no_training_parameters	SYNTHETIC_TEACHING_FIXTURE
REQ_SYN_SEG_0955_f3	SYN_SEG_0955	SYN_SEG_SPK_27	evaluation	i	f3	2944.197	raw_hz			2944.197	Hz	FALSE	evaluation_split_no_training_parameters	SYNTHETIC_TEACHING_FIXTURE
REQ_SYN_SEG_0955_f3	SYN_SEG_0955	SYN_SEG_SPK_27	evaluation	i	f3	2944.197	log_hz			7.98759139337088	log_Hz	FALSE	evaluation_split_no_training_parameters	SYNTHETIC_TEACHING_FIXTURE
REQ_SYN_SEG_0955_f3	SYN_SEG_0955	SYN_SEG_SPK_27	evaluation	i	f3	2944.197	within_speaker_z				z	FALSE	evaluation_split_no_training_parameters	SYNTHETIC_TEACHING_FIXTURE
REQ_SYN_SEG_0955_f3	SYN_SEG_0955	SYN_SEG_SPK_27	evaluation	i	f3	2944.197	f3_reference_scaling				Hz	FALSE	evaluation_split_no_training_parameters	SYNTHETIC_TEACHING_FIXTURE
REQ_SYN_SEG_0956_f1	SYN_SEG_0956	SYN_SEG_SPK_27	evaluation	a	f1	737.78	raw_hz			737.78	Hz	FALSE	evaluation_split_no_training_parameters	SYNTHETIC_TEACHING_FIXTURE
REQ_SYN_SEG_0956_f1	SYN_SEG_0956	SYN_SEG_SPK_27	evaluation	a	f1	737.78	log_hz			6.60364567717792	log_Hz	FALSE	evaluation_split_no_training_parameters	SYNTHETIC_TEACHING_FIXTURE
REQ_SYN_SEG_0956_f1	SYN_SEG_0956	SYN_SEG_SPK_27	evaluation	a	f1	737.78	within_speaker_z				z	FALSE	evaluation_split_no_training_parameters	SYNTHETIC_TEACHING_FIXTURE
REQ_SYN_SEG_0956_f1	SYN_SEG_0956	SYN_SEG_SPK_27	evaluation	a	f1	737.78	f3_reference_scaling				Hz	FALSE	evaluation_split_no_training_parameters	SYNTHETIC_TEACHING_FIXTURE
REQ_SYN_SEG_0956_f2	SYN_SEG_0956	SYN_SEG_SPK_27	evaluation	a	f2	1098.32	raw_hz			1098.32	Hz	FALSE	evaluation_split_no_training_parameters	SYNTHETIC_TEACHING_FIXTURE
REQ_SYN_SEG_0956_f2	SYN_SEG_0956	SYN_SEG_SPK_27	evaluation	a	f2	1098.32	log_hz			7.00153701858935	log_Hz	FALSE	evaluation_split_no_training_parameters	SYNTHETIC_TEACHING_FIXTURE
REQ_SYN_SEG_0956_f2	SYN_SEG_0956	SYN_SEG_SPK_27	evaluation	a	f2	1098.32	within_speaker_z				z	FALSE	evaluation_split_no_training_parameters	SYNTHETIC_TEACHING_FIXTURE
REQ_SYN_SEG_0956_f2	SYN_SEG_0956	SYN_SEG_SPK_27	evaluation	a	f2	1098.32	f3_reference_scaling				Hz	FALSE	evaluation_split_no_training_parameters	SYNTHETIC_TEACHING_FIXTURE
REQ_SYN_SEG_0956_f3	SYN_SEG_0956	SYN_SEG_SPK_27	evaluation	a	f3	2492.286	raw_hz			2492.286	Hz	FALSE	evaluation_split_no_training_parameters	SYNTHETIC_TEACHING_FIXTURE
REQ_SYN_SEG_0956_f3	SYN_SEG_0956	SYN_SEG_SPK_27	evaluation	a	f3	2492.286	log_hz			7.8209556405773	log_Hz	FALSE	evaluation_split_no_training_parameters	SYNTHETIC_TEACHING_FIXTURE
REQ_SYN_SEG_0956_f3	SYN_SEG_0956	SYN_SEG_SPK_27	evaluation	a	f3	2492.286	within_speaker_z				z	FALSE	evaluation_split_no_training_parameters	SYNTHETIC_TEACHING_FIXTURE
REQ_SYN_SEG_0956_f3	SYN_SEG_0956	SYN_SEG_SPK_27	evaluation	a	f3	2492.286	f3_reference_scaling				Hz	FALSE	evaluation_split_no_training_parameters	SYNTHETIC_TEACHING_FIXTURE
REQ_SYN_SEG_0957_f1	SYN_SEG_0957	SYN_SEG_SPK_27	evaluation	u	f1	363.343	raw_hz			363.343	Hz	FALSE	evaluation_split_no_training_parameters	SYNTHETIC_TEACHING_FIXTURE
REQ_SYN_SEG_0957_f1	SYN_SEG_0957	SYN_SEG_SPK_27	evaluation	u	f1	363.343	log_hz			5.89534729170575	log_Hz	FALSE	evaluation_split_no_training_parameters	SYNTHETIC_TEACHING_FIXTURE
REQ_SYN_SEG_0957_f1	SYN_SEG_0957	SYN_SEG_SPK_27	evaluation	u	f1	363.343	within_speaker_z				z	FALSE	evaluation_split_no_training_parameters	SYNTHETIC_TEACHING_FIXTURE
REQ_SYN_SEG_0957_f1	SYN_SEG_0957	SYN_SEG_SPK_27	evaluation	u	f1	363.343	f3_reference_scaling				Hz	FALSE	evaluation_split_no_training_parameters	SYNTHETIC_TEACHING_FIXTURE
REQ_SYN_SEG_0957_f2	SYN_SEG_0957	SYN_SEG_SPK_27	evaluation	u	f2	891.838	raw_hz			891.838	Hz	FALSE	evaluation_split_no_training_parameters	SYNTHETIC_TEACHING_FIXTURE
REQ_SYN_SEG_0957_f2	SYN_SEG_0957	SYN_SEG_SPK_27	evaluation	u	f2	891.838	log_hz			6.79328450173635	log_Hz	FALSE	evaluation_split_no_training_parameters	SYNTHETIC_TEACHING_FIXTURE
REQ_SYN_SEG_0957_f2	SYN_SEG_0957	SYN_SEG_SPK_27	evaluation	u	f2	891.838	within_speaker_z				z	FALSE	evaluation_split_no_training_parameters	SYNTHETIC_TEACHING_FIXTURE
REQ_SYN_SEG_0957_f2	SYN_SEG_0957	SYN_SEG_SPK_27	evaluation	u	f2	891.838	f3_reference_scaling				Hz	FALSE	evaluation_split_no_training_parameters	SYNTHETIC_TEACHING_FIXTURE
REQ_SYN_SEG_0957_f3	SYN_SEG_0957	SYN_SEG_SPK_27	evaluation	u	f3	2118.887	raw_hz			2118.887	Hz	FALSE	evaluation_split_no_training_parameters	SYNTHETIC_TEACHING_FIXTURE
REQ_SYN_SEG_0957_f3	SYN_SEG_0957	SYN_SEG_SPK_27	evaluation	u	f3	2118.887	log_hz			7.6586462298053	log_Hz	FALSE	evaluation_split_no_training_parameters	SYNTHETIC_TEACHING_FIXTURE
REQ_SYN_SEG_0957_f3	SYN_SEG_0957	SYN_SEG_SPK_27	evaluation	u	f3	2118.887	within_speaker_z				z	FALSE	evaluation_split_no_training_parameters	SYNTHETIC_TEACHING_FIXTURE
REQ_SYN_SEG_0957_f3	SYN_SEG_0957	SYN_SEG_SPK_27	evaluation	u	f3	2118.887	f3_reference_scaling				Hz	FALSE	evaluation_split_no_training_parameters	SYNTHETIC_TEACHING_FIXTURE
REQ_SYN_SEG_0958_f1	SYN_SEG_0958	SYN_SEG_SPK_27	evaluation	i	f1	252.442	raw_hz			252.442	Hz	FALSE	evaluation_split_no_training_parameters	SYNTHETIC_TEACHING_FIXTURE
REQ_SYN_SEG_0958_f1	SYN_SEG_0958	SYN_SEG_SPK_27	evaluation	i	f1	252.442	log_hz			5.53118151935935	log_Hz	FALSE	evaluation_split_no_training_parameters	SYNTHETIC_TEACHING_FIXTURE
REQ_SYN_SEG_0958_f1	SYN_SEG_0958	SYN_SEG_SPK_27	evaluation	i	f1	252.442	within_speaker_z				z	FALSE	evaluation_split_no_training_parameters	SYNTHETIC_TEACHING_FIXTURE
REQ_SYN_SEG_0958_f1	SYN_SEG_0958	SYN_SEG_SPK_27	evaluation	i	f1	252.442	f3_reference_scaling				Hz	FALSE	evaluation_split_no_training_parameters	SYNTHETIC_TEACHING_FIXTURE
REQ_SYN_SEG_0958_f2	SYN_SEG_0958	SYN_SEG_SPK_27	evaluation	i	f2	2221.082	raw_hz			2221.082	Hz	FALSE	evaluation_split_no_training_parameters	SYNTHETIC_TEACHING_FIXTURE
REQ_SYN_SEG_0958_f2	SYN_SEG_0958	SYN_SEG_SPK_27	evaluation	i	f2	2221.082	log_hz			7.70574974351906	log_Hz	FALSE	evaluation_split_no_training_parameters	SYNTHETIC_TEACHING_FIXTURE
REQ_SYN_SEG_0958_f2	SYN_SEG_0958	SYN_SEG_SPK_27	evaluation	i	f2	2221.082	within_speaker_z				z	FALSE	evaluation_split_no_training_parameters	SYNTHETIC_TEACHING_FIXTURE
REQ_SYN_SEG_0958_f2	SYN_SEG_0958	SYN_SEG_SPK_27	evaluation	i	f2	2221.082	f3_reference_scaling				Hz	FALSE	evaluation_split_no_training_parameters	SYNTHETIC_TEACHING_FIXTURE
REQ_SYN_SEG_0958_f3	SYN_SEG_0958	SYN_SEG_SPK_27	evaluation	i	f3	2912.092	raw_hz			2912.092	Hz	FALSE	evaluation_split_no_training_parameters	SYNTHETIC_TEACHING_FIXTURE
REQ_SYN_SEG_0958_f3	SYN_SEG_0958	SYN_SEG_SPK_27	evaluation	i	f3	2912.092	log_hz			7.97662700222411	log_Hz	FALSE	evaluation_split_no_training_parameters	SYNTHETIC_TEACHING_FIXTURE
REQ_SYN_SEG_0958_f3	SYN_SEG_0958	SYN_SEG_SPK_27	evaluation	i	f3	2912.092	within_speaker_z				z	FALSE	evaluation_split_no_training_parameters	SYNTHETIC_TEACHING_FIXTURE
REQ_SYN_SEG_0958_f3	SYN_SEG_0958	SYN_SEG_SPK_27	evaluation	i	f3	2912.092	f3_reference_scaling				Hz	FALSE	evaluation_split_no_training_parameters	SYNTHETIC_TEACHING_FIXTURE
REQ_SYN_SEG_0959_f1	SYN_SEG_0959	SYN_SEG_SPK_27	evaluation	a	f1	718.463	raw_hz			718.463	Hz	FALSE	evaluation_split_no_training_parameters	SYNTHETIC_TEACHING_FIXTURE
REQ_SYN_SEG_0959_f1	SYN_SEG_0959	SYN_SEG_SPK_27	evaluation	a	f1	718.463	log_hz			6.57711420802052	log_Hz	FALSE	evaluation_split_no_training_parameters	SYNTHETIC_TEACHING_FIXTURE
REQ_SYN_SEG_0959_f1	SYN_SEG_0959	SYN_SEG_SPK_27	evaluation	a	f1	718.463	within_speaker_z				z	FALSE	evaluation_split_no_training_parameters	SYNTHETIC_TEACHING_FIXTURE
REQ_SYN_SEG_0959_f1	SYN_SEG_0959	SYN_SEG_SPK_27	evaluation	a	f1	718.463	f3_reference_scaling				Hz	FALSE	evaluation_split_no_training_parameters	SYNTHETIC_TEACHING_FIXTURE
REQ_SYN_SEG_0959_f2	SYN_SEG_0959	SYN_SEG_SPK_27	evaluation	a	f2	1246.681	raw_hz			1246.681	Hz	FALSE	evaluation_split_no_training_parameters	SYNTHETIC_TEACHING_FIXTURE
REQ_SYN_SEG_0959_f2	SYN_SEG_0959	SYN_SEG_SPK_27	evaluation	a	f2	1246.681	log_hz			7.12824009900058	log_Hz	FALSE	evaluation_split_no_training_parameters	SYNTHETIC_TEACHING_FIXTURE
REQ_SYN_SEG_0959_f2	SYN_SEG_0959	SYN_SEG_SPK_27	evaluation	a	f2	1246.681	within_speaker_z				z	FALSE	evaluation_split_no_training_parameters	SYNTHETIC_TEACHING_FIXTURE
REQ_SYN_SEG_0959_f2	SYN_SEG_0959	SYN_SEG_SPK_27	evaluation	a	f2	1246.681	f3_reference_scaling				Hz	FALSE	evaluation_split_no_training_parameters	SYNTHETIC_TEACHING_FIXTURE
REQ_SYN_SEG_0959_f3	SYN_SEG_0959	SYN_SEG_SPK_27	evaluation	a	f3	2473.752	raw_hz			2473.752	Hz	FALSE	evaluation_split_no_training_parameters	SYNTHETIC_TEACHING_FIXTURE
REQ_SYN_SEG_0959_f3	SYN_SEG_0959	SYN_SEG_SPK_27	evaluation	a	f3	2473.752	log_hz			7.81349130540558	log_Hz	FALSE	evaluation_split_no_training_parameters	SYNTHETIC_TEACHING_FIXTURE
REQ_SYN_SEG_0959_f3	SYN_SEG_0959	SYN_SEG_SPK_27	evaluation	a	f3	2473.752	within_speaker_z				z	FALSE	evaluation_split_no_training_parameters	SYNTHETIC_TEACHING_FIXTURE
REQ_SYN_SEG_0959_f3	SYN_SEG_0959	SYN_SEG_SPK_27	evaluation	a	f3	2473.752	f3_reference_scaling				Hz	FALSE	evaluation_split_no_training_parameters	SYNTHETIC_TEACHING_FIXTURE
REQ_SYN_SEG_0960_f1	SYN_SEG_0960	SYN_SEG_SPK_27	evaluation	u	f1	364.308	raw_hz			364.308	Hz	FALSE	evaluation_split_no_training_parameters	SYNTHETIC_TEACHING_FIXTURE
REQ_SYN_SEG_0960_f1	SYN_SEG_0960	SYN_SEG_SPK_27	evaluation	u	f1	364.308	log_hz			5.89799966369654	log_Hz	FALSE	evaluation_split_no_training_parameters	SYNTHETIC_TEACHING_FIXTURE
REQ_SYN_SEG_0960_f1	SYN_SEG_0960	SYN_SEG_SPK_27	evaluation	u	f1	364.308	within_speaker_z				z	FALSE	evaluation_split_no_training_parameters	SYNTHETIC_TEACHING_FIXTURE
REQ_SYN_SEG_0960_f1	SYN_SEG_0960	SYN_SEG_SPK_27	evaluation	u	f1	364.308	f3_reference_scaling				Hz	FALSE	evaluation_split_no_training_parameters	SYNTHETIC_TEACHING_FIXTURE
REQ_SYN_SEG_0960_f2	SYN_SEG_0960	SYN_SEG_SPK_27	evaluation	u	f2	919.202	raw_hz			919.202	Hz	FALSE	evaluation_split_no_training_parameters	SYNTHETIC_TEACHING_FIXTURE
REQ_SYN_SEG_0960_f2	SYN_SEG_0960	SYN_SEG_SPK_27	evaluation	u	f2	919.202	log_hz			6.82350590233723	log_Hz	FALSE	evaluation_split_no_training_parameters	SYNTHETIC_TEACHING_FIXTURE
REQ_SYN_SEG_0960_f2	SYN_SEG_0960	SYN_SEG_SPK_27	evaluation	u	f2	919.202	within_speaker_z				z	FALSE	evaluation_split_no_training_parameters	SYNTHETIC_TEACHING_FIXTURE
REQ_SYN_SEG_0960_f2	SYN_SEG_0960	SYN_SEG_SPK_27	evaluation	u	f2	919.202	f3_reference_scaling				Hz	FALSE	evaluation_split_no_training_parameters	SYNTHETIC_TEACHING_FIXTURE
REQ_SYN_SEG_0960_f3	SYN_SEG_0960	SYN_SEG_SPK_27	evaluation	u	f3	2159.905	raw_hz			2159.905	Hz	FALSE	evaluation_split_no_training_parameters	SYNTHETIC_TEACHING_FIXTURE
REQ_SYN_SEG_0960_f3	SYN_SEG_0960	SYN_SEG_SPK_27	evaluation	u	f3	2159.905	log_hz			7.67781951822952	log_Hz	FALSE	evaluation_split_no_training_parameters	SYNTHETIC_TEACHING_FIXTURE
REQ_SYN_SEG_0960_f3	SYN_SEG_0960	SYN_SEG_SPK_27	evaluation	u	f3	2159.905	within_speaker_z				z	FALSE	evaluation_split_no_training_parameters	SYNTHETIC_TEACHING_FIXTURE
REQ_SYN_SEG_0960_f3	SYN_SEG_0960	SYN_SEG_SPK_27	evaluation	u	f3	2159.905	f3_reference_scaling				Hz	FALSE	evaluation_split_no_training_parameters	SYNTHETIC_TEACHING_FIXTURE
REQ_SYN_SEG_0985_f1	SYN_SEG_0985	SYN_SEG_SPK_28	evaluation	i	f1	287.028	raw_hz			287.028	Hz	FALSE	evaluation_split_no_training_parameters	SYNTHETIC_TEACHING_FIXTURE
REQ_SYN_SEG_0985_f1	SYN_SEG_0985	SYN_SEG_SPK_28	evaluation	i	f1	287.028	log_hz			5.65957977197647	log_Hz	FALSE	evaluation_split_no_training_parameters	SYNTHETIC_TEACHING_FIXTURE
REQ_SYN_SEG_0985_f1	SYN_SEG_0985	SYN_SEG_SPK_28	evaluation	i	f1	287.028	within_speaker_z				z	FALSE	evaluation_split_no_training_parameters	SYNTHETIC_TEACHING_FIXTURE
REQ_SYN_SEG_0985_f1	SYN_SEG_0985	SYN_SEG_SPK_28	evaluation	i	f1	287.028	f3_reference_scaling				Hz	FALSE	evaluation_split_no_training_parameters	SYNTHETIC_TEACHING_FIXTURE
REQ_SYN_SEG_0985_f2	SYN_SEG_0985	SYN_SEG_SPK_28	evaluation	i	f2	2360.156	raw_hz			2360.156	Hz	FALSE	evaluation_split_no_training_parameters	SYNTHETIC_TEACHING_FIXTURE
REQ_SYN_SEG_0985_f2	SYN_SEG_0985	SYN_SEG_SPK_28	evaluation	i	f2	2360.156	log_hz			7.76648299752995	log_Hz	FALSE	evaluation_split_no_training_parameters	SYNTHETIC_TEACHING_FIXTURE
REQ_SYN_SEG_0985_f2	SYN_SEG_0985	SYN_SEG_SPK_28	evaluation	i	f2	2360.156	within_speaker_z				z	FALSE	evaluation_split_no_training_parameters	SYNTHETIC_TEACHING_FIXTURE
REQ_SYN_SEG_0985_f2	SYN_SEG_0985	SYN_SEG_SPK_28	evaluation	i	f2	2360.156	f3_reference_scaling				Hz	FALSE	evaluation_split_no_training_parameters	SYNTHETIC_TEACHING_FIXTURE
REQ_SYN_SEG_0985_f3	SYN_SEG_0985	SYN_SEG_SPK_28	evaluation	i	f3	3048.688	raw_hz			3048.688	Hz	FALSE	evaluation_split_no_training_parameters	SYNTHETIC_TEACHING_FIXTURE
REQ_SYN_SEG_0985_f3	SYN_SEG_0985	SYN_SEG_SPK_28	evaluation	i	f3	3048.688	log_hz			8.02246661311998	log_Hz	FALSE	evaluation_split_no_training_parameters	SYNTHETIC_TEACHING_FIXTURE
REQ_SYN_SEG_0985_f3	SYN_SEG_0985	SYN_SEG_SPK_28	evaluation	i	f3	3048.688	within_speaker_z				z	FALSE	evaluation_split_no_training_parameters	SYNTHETIC_TEACHING_FIXTURE
REQ_SYN_SEG_0985_f3	SYN_SEG_0985	SYN_SEG_SPK_28	evaluation	i	f3	3048.688	f3_reference_scaling				Hz	FALSE	evaluation_split_no_training_parameters	SYNTHETIC_TEACHING_FIXTURE
REQ_SYN_SEG_0986_f1	SYN_SEG_0986	SYN_SEG_SPK_28	evaluation	a	f1	728.4	raw_hz			728.4	Hz	FALSE	evaluation_split_no_training_parameters	SYNTHETIC_TEACHING_FIXTURE
REQ_SYN_SEG_0986_f1	SYN_SEG_0986	SYN_SEG_SPK_28	evaluation	a	f1	728.4	log_hz			6.59085034785345	log_Hz	FALSE	evaluation_split_no_training_parameters	SYNTHETIC_TEACHING_FIXTURE
REQ_SYN_SEG_0986_f1	SYN_SEG_0986	SYN_SEG_SPK_28	evaluation	a	f1	728.4	within_speaker_z				z	FALSE	evaluation_split_no_training_parameters	SYNTHETIC_TEACHING_FIXTURE
REQ_SYN_SEG_0986_f1	SYN_SEG_0986	SYN_SEG_SPK_28	evaluation	a	f1	728.4	f3_reference_scaling				Hz	FALSE	evaluation_split_no_training_parameters	SYNTHETIC_TEACHING_FIXTURE
REQ_SYN_SEG_0986_f2	SYN_SEG_0986	SYN_SEG_SPK_28	evaluation	a	f2	1184.362	raw_hz			1184.362	Hz	FALSE	evaluation_split_no_training_parameters	SYNTHETIC_TEACHING_FIXTURE
REQ_SYN_SEG_0986_f2	SYN_SEG_0986	SYN_SEG_SPK_28	evaluation	a	f2	1184.362	log_hz			7.07695951195725	log_Hz	FALSE	evaluation_split_no_training_parameters	SYNTHETIC_TEACHING_FIXTURE
REQ_SYN_SEG_0986_f2	SYN_SEG_0986	SYN_SEG_SPK_28	evaluation	a	f2	1184.362	within_speaker_z				z	FALSE	evaluation_split_no_training_parameters	SYNTHETIC_TEACHING_FIXTURE
REQ_SYN_SEG_0986_f2	SYN_SEG_0986	SYN_SEG_SPK_28	evaluation	a	f2	1184.362	f3_reference_scaling				Hz	FALSE	evaluation_split_no_training_parameters	SYNTHETIC_TEACHING_FIXTURE
REQ_SYN_SEG_0986_f3	SYN_SEG_0986	SYN_SEG_SPK_28	evaluation	a	f3	2629.073	raw_hz			2629.073	Hz	FALSE	evaluation_split_no_training_parameters	SYNTHETIC_TEACHING_FIXTURE
REQ_SYN_SEG_0986_f3	SYN_SEG_0986	SYN_SEG_SPK_28	evaluation	a	f3	2629.073	log_hz			7.87438659155625	log_Hz	FALSE	evaluation_split_no_training_parameters	SYNTHETIC_TEACHING_FIXTURE
REQ_SYN_SEG_0986_f3	SYN_SEG_0986	SYN_SEG_SPK_28	evaluation	a	f3	2629.073	within_speaker_z				z	FALSE	evaluation_split_no_training_parameters	SYNTHETIC_TEACHING_FIXTURE
REQ_SYN_SEG_0986_f3	SYN_SEG_0986	SYN_SEG_SPK_28	evaluation	a	f3	2629.073	f3_reference_scaling				Hz	FALSE	evaluation_split_no_training_parameters	SYNTHETIC_TEACHING_FIXTURE
REQ_SYN_SEG_0987_f1	SYN_SEG_0987	SYN_SEG_SPK_28	evaluation	u	f1	406.119	raw_hz			406.119	Hz	FALSE	evaluation_split_no_training_parameters	SYNTHETIC_TEACHING_FIXTURE
REQ_SYN_SEG_0987_f1	SYN_SEG_0987	SYN_SEG_SPK_28	evaluation	u	f1	406.119	log_hz			6.00664622010358	log_Hz	FALSE	evaluation_split_no_training_parameters	SYNTHETIC_TEACHING_FIXTURE
REQ_SYN_SEG_0987_f1	SYN_SEG_0987	SYN_SEG_SPK_28	evaluation	u	f1	406.119	within_speaker_z				z	FALSE	evaluation_split_no_training_parameters	SYNTHETIC_TEACHING_FIXTURE
REQ_SYN_SEG_0987_f1	SYN_SEG_0987	SYN_SEG_SPK_28	evaluation	u	f1	406.119	f3_reference_scaling				Hz	FALSE	evaluation_split_no_training_parameters	SYNTHETIC_TEACHING_FIXTURE
REQ_SYN_SEG_0987_f2	SYN_SEG_0987	SYN_SEG_SPK_28	evaluation	u	f2	936.472	raw_hz			936.472	Hz	FALSE	evaluation_split_no_training_parameters	SYNTHETIC_TEACHING_FIXTURE
REQ_SYN_SEG_0987_f2	SYN_SEG_0987	SYN_SEG_SPK_28	evaluation	u	f2	936.472	log_hz			6.84211962287871	log_Hz	FALSE	evaluation_split_no_training_parameters	SYNTHETIC_TEACHING_FIXTURE
REQ_SYN_SEG_0987_f2	SYN_SEG_0987	SYN_SEG_SPK_28	evaluation	u	f2	936.472	within_speaker_z				z	FALSE	evaluation_split_no_training_parameters	SYNTHETIC_TEACHING_FIXTURE
REQ_SYN_SEG_0987_f2	SYN_SEG_0987	SYN_SEG_SPK_28	evaluation	u	f2	936.472	f3_reference_scaling				Hz	FALSE	evaluation_split_no_training_parameters	SYNTHETIC_TEACHING_FIXTURE
REQ_SYN_SEG_0987_f3	SYN_SEG_0987	SYN_SEG_SPK_28	evaluation	u	f3	2192.762	raw_hz			2192.762	Hz	FALSE	evaluation_split_no_training_parameters	SYNTHETIC_TEACHING_FIXTURE
REQ_SYN_SEG_0987_f3	SYN_SEG_0987	SYN_SEG_SPK_28	evaluation	u	f3	2192.762	log_hz			7.69291721539661	log_Hz	FALSE	evaluation_split_no_training_parameters	SYNTHETIC_TEACHING_FIXTURE
REQ_SYN_SEG_0987_f3	SYN_SEG_0987	SYN_SEG_SPK_28	evaluation	u	f3	2192.762	within_speaker_z				z	FALSE	evaluation_split_no_training_parameters	SYNTHETIC_TEACHING_FIXTURE
REQ_SYN_SEG_0987_f3	SYN_SEG_0987	SYN_SEG_SPK_28	evaluation	u	f3	2192.762	f3_reference_scaling				Hz	FALSE	evaluation_split_no_training_parameters	SYNTHETIC_TEACHING_FIXTURE
REQ_SYN_SEG_0988_f1	SYN_SEG_0988	SYN_SEG_SPK_28	evaluation	i	f1	266.505	raw_hz			266.505	Hz	FALSE	evaluation_split_no_training_parameters	SYNTHETIC_TEACHING_FIXTURE
REQ_SYN_SEG_0988_f1	SYN_SEG_0988	SYN_SEG_SPK_28	evaluation	i	f1	266.505	log_hz			5.58539300515598	log_Hz	FALSE	evaluation_split_no_training_parameters	SYNTHETIC_TEACHING_FIXTURE
REQ_SYN_SEG_0988_f1	SYN_SEG_0988	SYN_SEG_SPK_28	evaluation	i	f1	266.505	within_speaker_z				z	FALSE	evaluation_split_no_training_parameters	SYNTHETIC_TEACHING_FIXTURE
REQ_SYN_SEG_0988_f1	SYN_SEG_0988	SYN_SEG_SPK_28	evaluation	i	f1	266.505	f3_reference_scaling				Hz	FALSE	evaluation_split_no_training_parameters	SYNTHETIC_TEACHING_FIXTURE
REQ_SYN_SEG_0988_f2	SYN_SEG_0988	SYN_SEG_SPK_28	evaluation	i	f2	2362.441	raw_hz			2362.441	Hz	FALSE	evaluation_split_no_training_parameters	SYNTHETIC_TEACHING_FIXTURE
REQ_SYN_SEG_0988_f2	SYN_SEG_0988	SYN_SEG_SPK_28	evaluation	i	f2	2362.441	log_hz			7.76745068551108	log_Hz	FALSE	evaluation_split_no_training_parameters	SYNTHETIC_TEACHING_FIXTURE
REQ_SYN_SEG_0988_f2	SYN_SEG_0988	SYN_SEG_SPK_28	evaluation	i	f2	2362.441	within_speaker_z				z	FALSE	evaluation_split_no_training_parameters	SYNTHETIC_TEACHING_FIXTURE
REQ_SYN_SEG_0988_f2	SYN_SEG_0988	SYN_SEG_SPK_28	evaluation	i	f2	2362.441	f3_reference_scaling				Hz	FALSE	evaluation_split_no_training_parameters	SYNTHETIC_TEACHING_FIXTURE
REQ_SYN_SEG_0988_f3	SYN_SEG_0988	SYN_SEG_SPK_28	evaluation	i	f3	3059.735	raw_hz			3059.735	Hz	FALSE	evaluation_split_no_training_parameters	SYNTHETIC_TEACHING_FIXTURE
REQ_SYN_SEG_0988_f3	SYN_SEG_0988	SYN_SEG_SPK_28	evaluation	i	f3	3059.735	log_hz			8.02608358988913	log_Hz	FALSE	evaluation_split_no_training_parameters	SYNTHETIC_TEACHING_FIXTURE
REQ_SYN_SEG_0988_f3	SYN_SEG_0988	SYN_SEG_SPK_28	evaluation	i	f3	3059.735	within_speaker_z				z	FALSE	evaluation_split_no_training_parameters	SYNTHETIC_TEACHING_FIXTURE
REQ_SYN_SEG_0988_f3	SYN_SEG_0988	SYN_SEG_SPK_28	evaluation	i	f3	3059.735	f3_reference_scaling				Hz	FALSE	evaluation_split_no_training_parameters	SYNTHETIC_TEACHING_FIXTURE
REQ_SYN_SEG_0989_f1	SYN_SEG_0989	SYN_SEG_SPK_28	evaluation	a	f1	790.909	raw_hz			790.909	Hz	FALSE	evaluation_split_no_training_parameters	SYNTHETIC_TEACHING_FIXTURE
REQ_SYN_SEG_0989_f1	SYN_SEG_0989	SYN_SEG_SPK_28	evaluation	a	f1	790.909	log_hz			6.67318291690177	log_Hz	FALSE	evaluation_split_no_training_parameters	SYNTHETIC_TEACHING_FIXTURE
REQ_SYN_SEG_0989_f1	SYN_SEG_0989	SYN_SEG_SPK_28	evaluation	a	f1	790.909	within_speaker_z				z	FALSE	evaluation_split_no_training_parameters	SYNTHETIC_TEACHING_FIXTURE
REQ_SYN_SEG_0989_f1	SYN_SEG_0989	SYN_SEG_SPK_28	evaluation	a	f1	790.909	f3_reference_scaling				Hz	FALSE	evaluation_split_no_training_parameters	SYNTHETIC_TEACHING_FIXTURE
REQ_SYN_SEG_0989_f2	SYN_SEG_0989	SYN_SEG_SPK_28	evaluation	a	f2	1234.222	raw_hz			1234.222	Hz	FALSE	evaluation_split_no_training_parameters	SYNTHETIC_TEACHING_FIXTURE
REQ_SYN_SEG_0989_f2	SYN_SEG_0989	SYN_SEG_SPK_28	evaluation	a	f2	1234.222	log_hz			7.11819609104004	log_Hz	FALSE	evaluation_split_no_training_parameters	SYNTHETIC_TEACHING_FIXTURE
REQ_SYN_SEG_0989_f2	SYN_SEG_0989	SYN_SEG_SPK_28	evaluation	a	f2	1234.222	within_speaker_z				z	FALSE	evaluation_split_no_training_parameters	SYNTHETIC_TEACHING_FIXTURE
REQ_SYN_SEG_0989_f2	SYN_SEG_0989	SYN_SEG_SPK_28	evaluation	a	f2	1234.222	f3_reference_scaling				Hz	FALSE	evaluation_split_no_training_parameters	SYNTHETIC_TEACHING_FIXTURE
REQ_SYN_SEG_0989_f3	SYN_SEG_0989	SYN_SEG_SPK_28	evaluation	a	f3	2521.198	raw_hz			2521.198	Hz	FALSE	evaluation_split_no_training_parameters	SYNTHETIC_TEACHING_FIXTURE
REQ_SYN_SEG_0989_f3	SYN_SEG_0989	SYN_SEG_SPK_28	evaluation	a	f3	2521.198	log_hz			7.8324894643656	log_Hz	FALSE	evaluation_split_no_training_parameters	SYNTHETIC_TEACHING_FIXTURE
REQ_SYN_SEG_0989_f3	SYN_SEG_0989	SYN_SEG_SPK_28	evaluation	a	f3	2521.198	within_speaker_z				z	FALSE	evaluation_split_no_training_parameters	SYNTHETIC_TEACHING_FIXTURE
REQ_SYN_SEG_0989_f3	SYN_SEG_0989	SYN_SEG_SPK_28	evaluation	a	f3	2521.198	f3_reference_scaling				Hz	FALSE	evaluation_split_no_training_parameters	SYNTHETIC_TEACHING_FIXTURE
REQ_SYN_SEG_0990_f1	SYN_SEG_0990	SYN_SEG_SPK_28	evaluation	u	f1	340.655	raw_hz			340.655	Hz	FALSE	evaluation_split_no_training_parameters	SYNTHETIC_TEACHING_FIXTURE
REQ_SYN_SEG_0990_f1	SYN_SEG_0990	SYN_SEG_SPK_28	evaluation	u	f1	340.655	log_hz			5.83087023493377	log_Hz	FALSE	evaluation_split_no_training_parameters	SYNTHETIC_TEACHING_FIXTURE
REQ_SYN_SEG_0990_f1	SYN_SEG_0990	SYN_SEG_SPK_28	evaluation	u	f1	340.655	within_speaker_z				z	FALSE	evaluation_split_no_training_parameters	SYNTHETIC_TEACHING_FIXTURE
REQ_SYN_SEG_0990_f1	SYN_SEG_0990	SYN_SEG_SPK_28	evaluation	u	f1	340.655	f3_reference_scaling				Hz	FALSE	evaluation_split_no_training_parameters	SYNTHETIC_TEACHING_FIXTURE
REQ_SYN_SEG_0990_f2	SYN_SEG_0990	SYN_SEG_SPK_28	evaluation	u	f2	920.836	raw_hz			920.836	Hz	FALSE	evaluation_split_no_training_parameters	SYNTHETIC_TEACHING_FIXTURE
REQ_SYN_SEG_0990_f2	SYN_SEG_0990	SYN_SEG_SPK_28	evaluation	u	f2	920.836	log_hz			6.82528195308131	log_Hz	FALSE	evaluation_split_no_training_parameters	SYNTHETIC_TEACHING_FIXTURE
REQ_SYN_SEG_0990_f2	SYN_SEG_0990	SYN_SEG_SPK_28	evaluation	u	f2	920.836	within_speaker_z				z	FALSE	evaluation_split_no_training_parameters	SYNTHETIC_TEACHING_FIXTURE
REQ_SYN_SEG_0990_f2	SYN_SEG_0990	SYN_SEG_SPK_28	evaluation	u	f2	920.836	f3_reference_scaling				Hz	FALSE	evaluation_split_no_training_parameters	SYNTHETIC_TEACHING_FIXTURE
REQ_SYN_SEG_0990_f3	SYN_SEG_0990	SYN_SEG_SPK_28	evaluation	u	f3	2187.931	raw_hz			2187.931	Hz	FALSE	evaluation_split_no_training_parameters	SYNTHETIC_TEACHING_FIXTURE
REQ_SYN_SEG_0990_f3	SYN_SEG_0990	SYN_SEG_SPK_28	evaluation	u	f3	2187.931	log_hz			7.69071162739562	log_Hz	FALSE	evaluation_split_no_training_parameters	SYNTHETIC_TEACHING_FIXTURE
REQ_SYN_SEG_0990_f3	SYN_SEG_0990	SYN_SEG_SPK_28	evaluation	u	f3	2187.931	within_speaker_z				z	FALSE	evaluation_split_no_training_parameters	SYNTHETIC_TEACHING_FIXTURE
REQ_SYN_SEG_0990_f3	SYN_SEG_0990	SYN_SEG_SPK_28	evaluation	u	f3	2187.931	f3_reference_scaling				Hz	FALSE	evaluation_split_no_training_parameters	SYNTHETIC_TEACHING_FIXTURE
REQ_SYN_SEG_0991_f1	SYN_SEG_0991	SYN_SEG_SPK_28	evaluation	i	f1	276.149	raw_hz			276.149	Hz	FALSE	evaluation_split_no_training_parameters	SYNTHETIC_TEACHING_FIXTURE
REQ_SYN_SEG_0991_f1	SYN_SEG_0991	SYN_SEG_SPK_28	evaluation	i	f1	276.149	log_hz			5.62094057512029	log_Hz	FALSE	evaluation_split_no_training_parameters	SYNTHETIC_TEACHING_FIXTURE
REQ_SYN_SEG_0991_f1	SYN_SEG_0991	SYN_SEG_SPK_28	evaluation	i	f1	276.149	within_speaker_z				z	FALSE	evaluation_split_no_training_parameters	SYNTHETIC_TEACHING_FIXTURE
REQ_SYN_SEG_0991_f1	SYN_SEG_0991	SYN_SEG_SPK_28	evaluation	i	f1	276.149	f3_reference_scaling				Hz	FALSE	evaluation_split_no_training_parameters	SYNTHETIC_TEACHING_FIXTURE
REQ_SYN_SEG_0991_f2	SYN_SEG_0991	SYN_SEG_SPK_28	evaluation	i	f2	2311.191	raw_hz			2311.191	Hz	FALSE	evaluation_split_no_training_parameters	SYNTHETIC_TEACHING_FIXTURE
REQ_SYN_SEG_0991_f2	SYN_SEG_0991	SYN_SEG_SPK_28	evaluation	i	f2	2311.191	log_hz			7.74551825506345	log_Hz	FALSE	evaluation_split_no_training_parameters	SYNTHETIC_TEACHING_FIXTURE
REQ_SYN_SEG_0991_f2	SYN_SEG_0991	SYN_SEG_SPK_28	evaluation	i	f2	2311.191	within_speaker_z				z	FALSE	evaluation_split_no_training_parameters	SYNTHETIC_TEACHING_FIXTURE
REQ_SYN_SEG_0991_f2	SYN_SEG_0991	SYN_SEG_SPK_28	evaluation	i	f2	2311.191	f3_reference_scaling				Hz	FALSE	evaluation_split_no_training_parameters	SYNTHETIC_TEACHING_FIXTURE
REQ_SYN_SEG_0991_f3	SYN_SEG_0991	SYN_SEG_SPK_28	evaluation	i	f3	3153.328	raw_hz			3153.328	Hz	FALSE	evaluation_split_no_training_parameters	SYNTHETIC_TEACHING_FIXTURE
REQ_SYN_SEG_0991_f3	SYN_SEG_0991	SYN_SEG_SPK_28	evaluation	i	f3	3153.328	log_hz			8.05621368204446	log_Hz	FALSE	evaluation_split_no_training_parameters	SYNTHETIC_TEACHING_FIXTURE
REQ_SYN_SEG_0991_f3	SYN_SEG_0991	SYN_SEG_SPK_28	evaluation	i	f3	3153.328	within_speaker_z				z	FALSE	evaluation_split_no_training_parameters	SYNTHETIC_TEACHING_FIXTURE
REQ_SYN_SEG_0991_f3	SYN_SEG_0991	SYN_SEG_SPK_28	evaluation	i	f3	3153.328	f3_reference_scaling				Hz	FALSE	evaluation_split_no_training_parameters	SYNTHETIC_TEACHING_FIXTURE
REQ_SYN_SEG_0992_f1	SYN_SEG_0992	SYN_SEG_SPK_28	evaluation	a	f1	795.577	raw_hz			795.577	Hz	FALSE	evaluation_split_no_training_parameters	SYNTHETIC_TEACHING_FIXTURE
REQ_SYN_SEG_0992_f1	SYN_SEG_0992	SYN_SEG_SPK_28	evaluation	a	f1	795.577	log_hz			6.67906763756245	log_Hz	FALSE	evaluation_split_no_training_parameters	SYNTHETIC_TEACHING_FIXTURE
REQ_SYN_SEG_0992_f1	SYN_SEG_0992	SYN_SEG_SPK_28	evaluation	a	f1	795.577	within_speaker_z				z	FALSE	evaluation_split_no_training_parameters	SYNTHETIC_TEACHING_FIXTURE
REQ_SYN_SEG_0992_f1	SYN_SEG_0992	SYN_SEG_SPK_28	evaluation	a	f1	795.577	f3_reference_scaling				Hz	FALSE	evaluation_split_no_training_parameters	SYNTHETIC_TEACHING_FIXTURE
REQ_SYN_SEG_0992_f2	SYN_SEG_0992	SYN_SEG_SPK_28	evaluation	a	f2	1300.73	raw_hz			1300.73	Hz	FALSE	evaluation_split_no_training_parameters	SYNTHETIC_TEACHING_FIXTURE
REQ_SYN_SEG_0992_f2	SYN_SEG_0992	SYN_SEG_SPK_28	evaluation	a	f2	1300.73	log_hz			7.17068092430744	log_Hz	FALSE	evaluation_split_no_training_parameters	SYNTHETIC_TEACHING_FIXTURE
REQ_SYN_SEG_0992_f2	SYN_SEG_0992	SYN_SEG_SPK_28	evaluation	a	f2	1300.73	within_speaker_z				z	FALSE	evaluation_split_no_training_parameters	SYNTHETIC_TEACHING_FIXTURE
REQ_SYN_SEG_0992_f2	SYN_SEG_0992	SYN_SEG_SPK_28	evaluation	a	f2	1300.73	f3_reference_scaling				Hz	FALSE	evaluation_split_no_training_parameters	SYNTHETIC_TEACHING_FIXTURE
REQ_SYN_SEG_0992_f3	SYN_SEG_0992	SYN_SEG_SPK_28	evaluation	a	f3	2593.535	raw_hz			2593.535	Hz	FALSE	evaluation_split_no_training_parameters	SYNTHETIC_TEACHING_FIXTURE
REQ_SYN_SEG_0992_f3	SYN_SEG_0992	SYN_SEG_SPK_28	evaluation	a	f3	2593.535	log_hz			7.86077708897705	log_Hz	FALSE	evaluation_split_no_training_parameters	SYNTHETIC_TEACHING_FIXTURE
REQ_SYN_SEG_0992_f3	SYN_SEG_0992	SYN_SEG_SPK_28	evaluation	a	f3	2593.535	within_speaker_z				z	FALSE	evaluation_split_no_training_parameters	SYNTHETIC_TEACHING_FIXTURE
REQ_SYN_SEG_0992_f3	SYN_SEG_0992	SYN_SEG_SPK_28	evaluation	a	f3	2593.535	f3_reference_scaling				Hz	FALSE	evaluation_split_no_training_parameters	SYNTHETIC_TEACHING_FIXTURE
REQ_SYN_SEG_0993_f1	SYN_SEG_0993	SYN_SEG_SPK_28	evaluation	u	f1	355.407	raw_hz			355.407	Hz	FALSE	evaluation_split_no_training_parameters	SYNTHETIC_TEACHING_FIXTURE
REQ_SYN_SEG_0993_f1	SYN_SEG_0993	SYN_SEG_SPK_28	evaluation	u	f1	355.407	log_hz			5.87326361164364	log_Hz	FALSE	evaluation_split_no_training_parameters	SYNTHETIC_TEACHING_FIXTURE
REQ_SYN_SEG_0993_f1	SYN_SEG_0993	SYN_SEG_SPK_28	evaluation	u	f1	355.407	within_speaker_z				z	FALSE	evaluation_split_no_training_parameters	SYNTHETIC_TEACHING_FIXTURE
REQ_SYN_SEG_0993_f1	SYN_SEG_0993	SYN_SEG_SPK_28	evaluation	u	f1	355.407	f3_reference_scaling				Hz	FALSE	evaluation_split_no_training_parameters	SYNTHETIC_TEACHING_FIXTURE
REQ_SYN_SEG_0993_f2	SYN_SEG_0993	SYN_SEG_SPK_28	evaluation	u	f2	919.009	raw_hz			919.009	Hz	FALSE	evaluation_split_no_training_parameters	SYNTHETIC_TEACHING_FIXTURE
REQ_SYN_SEG_0993_f2	SYN_SEG_0993	SYN_SEG_SPK_28	evaluation	u	f2	919.009	log_hz			6.82329591556127	log_Hz	FALSE	evaluation_split_no_training_parameters	SYNTHETIC_TEACHING_FIXTURE
REQ_SYN_SEG_0993_f2	SYN_SEG_0993	SYN_SEG_SPK_28	evaluation	u	f2	919.009	within_speaker_z				z	FALSE	evaluation_split_no_training_parameters	SYNTHETIC_TEACHING_FIXTURE
REQ_SYN_SEG_0993_f2	SYN_SEG_0993	SYN_SEG_SPK_28	evaluation	u	f2	919.009	f3_reference_scaling				Hz	FALSE	evaluation_split_no_training_parameters	SYNTHETIC_TEACHING_FIXTURE
REQ_SYN_SEG_0993_f3	SYN_SEG_0993	SYN_SEG_SPK_28	evaluation	u	f3	2296.786	raw_hz			2296.786	Hz	FALSE	evaluation_split_no_training_parameters	SYNTHETIC_TEACHING_FIXTURE
REQ_SYN_SEG_0993_f3	SYN_SEG_0993	SYN_SEG_SPK_28	evaluation	u	f3	2296.786	log_hz			7.73926603335115	log_Hz	FALSE	evaluation_split_no_training_parameters	SYNTHETIC_TEACHING_FIXTURE
REQ_SYN_SEG_0993_f3	SYN_SEG_0993	SYN_SEG_SPK_28	evaluation	u	f3	2296.786	within_speaker_z				z	FALSE	evaluation_split_no_training_parameters	SYNTHETIC_TEACHING_FIXTURE
REQ_SYN_SEG_0993_f3	SYN_SEG_0993	SYN_SEG_SPK_28	evaluation	u	f3	2296.786	f3_reference_scaling				Hz	FALSE	evaluation_split_no_training_parameters	SYNTHETIC_TEACHING_FIXTURE
REQ_SYN_SEG_0994_f1	SYN_SEG_0994	SYN_SEG_SPK_28	evaluation	i	f1	305.882	raw_hz			305.882	Hz	FALSE	evaluation_split_no_training_parameters	SYNTHETIC_TEACHING_FIXTURE
REQ_SYN_SEG_0994_f1	SYN_SEG_0994	SYN_SEG_SPK_28	evaluation	i	f1	305.882	log_hz			5.72319940666648	log_Hz	FALSE	evaluation_split_no_training_parameters	SYNTHETIC_TEACHING_FIXTURE
REQ_SYN_SEG_0994_f1	SYN_SEG_0994	SYN_SEG_SPK_28	evaluation	i	f1	305.882	within_speaker_z				z	FALSE	evaluation_split_no_training_parameters	SYNTHETIC_TEACHING_FIXTURE
REQ_SYN_SEG_0994_f1	SYN_SEG_0994	SYN_SEG_SPK_28	evaluation	i	f1	305.882	f3_reference_scaling				Hz	FALSE	evaluation_split_no_training_parameters	SYNTHETIC_TEACHING_FIXTURE
REQ_SYN_SEG_0994_f2	SYN_SEG_0994	SYN_SEG_SPK_28	evaluation	i	f2	2382.149	raw_hz			2382.149	Hz	FALSE	evaluation_split_no_training_parameters	SYNTHETIC_TEACHING_FIXTURE
REQ_SYN_SEG_0994_f2	SYN_SEG_0994	SYN_SEG_SPK_28	evaluation	i	f2	2382.149	log_hz			7.77575830043583	log_Hz	FALSE	evaluation_split_no_training_parameters	SYNTHETIC_TEACHING_FIXTURE
REQ_SYN_SEG_0994_f2	SYN_SEG_0994	SYN_SEG_SPK_28	evaluation	i	f2	2382.149	within_speaker_z				z	FALSE	evaluation_split_no_training_parameters	SYNTHETIC_TEACHING_FIXTURE
REQ_SYN_SEG_0994_f2	SYN_SEG_0994	SYN_SEG_SPK_28	evaluation	i	f2	2382.149	f3_reference_scaling				Hz	FALSE	evaluation_split_no_training_parameters	SYNTHETIC_TEACHING_FIXTURE
REQ_SYN_SEG_0994_f3	SYN_SEG_0994	SYN_SEG_SPK_28	evaluation	i	f3	3065.372	raw_hz			3065.372	Hz	FALSE	evaluation_split_no_training_parameters	SYNTHETIC_TEACHING_FIXTURE
REQ_SYN_SEG_0994_f3	SYN_SEG_0994	SYN_SEG_SPK_28	evaluation	i	f3	3065.372	log_hz			8.02792421131548	log_Hz	FALSE	evaluation_split_no_training_parameters	SYNTHETIC_TEACHING_FIXTURE
REQ_SYN_SEG_0994_f3	SYN_SEG_0994	SYN_SEG_SPK_28	evaluation	i	f3	3065.372	within_speaker_z				z	FALSE	evaluation_split_no_training_parameters	SYNTHETIC_TEACHING_FIXTURE
REQ_SYN_SEG_0994_f3	SYN_SEG_0994	SYN_SEG_SPK_28	evaluation	i	f3	3065.372	f3_reference_scaling				Hz	FALSE	evaluation_split_no_training_parameters	SYNTHETIC_TEACHING_FIXTURE
REQ_SYN_SEG_0995_f1	SYN_SEG_0995	SYN_SEG_SPK_28	evaluation	a	f1	747.552	raw_hz			747.552	Hz	FALSE	evaluation_split_no_training_parameters	SYNTHETIC_TEACHING_FIXTURE
REQ_SYN_SEG_0995_f1	SYN_SEG_0995	SYN_SEG_SPK_28	evaluation	a	f1	747.552	log_hz			6.61680386806269	log_Hz	FALSE	evaluation_split_no_training_parameters	SYNTHETIC_TEACHING_FIXTURE
REQ_SYN_SEG_0995_f1	SYN_SEG_0995	SYN_SEG_SPK_28	evaluation	a	f1	747.552	within_speaker_z				z	FALSE	evaluation_split_no_training_parameters	SYNTHETIC_TEACHING_FIXTURE
REQ_SYN_SEG_0995_f1	SYN_SEG_0995	SYN_SEG_SPK_28	evaluation	a	f1	747.552	f3_reference_scaling				Hz	FALSE	evaluation_split_no_training_parameters	SYNTHETIC_TEACHING_FIXTURE
REQ_SYN_SEG_0995_f2	SYN_SEG_0995	SYN_SEG_SPK_28	evaluation	a	f2	1285.886	raw_hz			1285.886	Hz	FALSE	evaluation_split_no_training_parameters	SYNTHETIC_TEACHING_FIXTURE
REQ_SYN_SEG_0995_f2	SYN_SEG_0995	SYN_SEG_SPK_28	evaluation	a	f2	1285.886	log_hz			7.15920325390085	log_Hz	FALSE	evaluation_split_no_training_parameters	SYNTHETIC_TEACHING_FIXTURE
REQ_SYN_SEG_0995_f2	SYN_SEG_0995	SYN_SEG_SPK_28	evaluation	a	f2	1285.886	within_speaker_z				z	FALSE	evaluation_split_no_training_parameters	SYNTHETIC_TEACHING_FIXTURE
REQ_SYN_SEG_0995_f2	SYN_SEG_0995	SYN_SEG_SPK_28	evaluation	a	f2	1285.886	f3_reference_scaling				Hz	FALSE	evaluation_split_no_training_parameters	SYNTHETIC_TEACHING_FIXTURE
REQ_SYN_SEG_0995_f3	SYN_SEG_0995	SYN_SEG_SPK_28	evaluation	a	f3	2450.166	raw_hz			2450.166	Hz	FALSE	evaluation_split_no_training_parameters	SYNTHETIC_TEACHING_FIXTURE
REQ_SYN_SEG_0995_f3	SYN_SEG_0995	SYN_SEG_SPK_28	evaluation	a	f3	2450.166	log_hz			7.80391105634554	log_Hz	FALSE	evaluation_split_no_training_parameters	SYNTHETIC_TEACHING_FIXTURE
REQ_SYN_SEG_0995_f3	SYN_SEG_0995	SYN_SEG_SPK_28	evaluation	a	f3	2450.166	within_speaker_z				z	FALSE	evaluation_split_no_training_parameters	SYNTHETIC_TEACHING_FIXTURE
REQ_SYN_SEG_0995_f3	SYN_SEG_0995	SYN_SEG_SPK_28	evaluation	a	f3	2450.166	f3_reference_scaling				Hz	FALSE	evaluation_split_no_training_parameters	SYNTHETIC_TEACHING_FIXTURE
REQ_SYN_SEG_0996_f1	SYN_SEG_0996	SYN_SEG_SPK_28	evaluation	u	f1	373.522	raw_hz			373.522	Hz	FALSE	evaluation_split_no_training_parameters	SYNTHETIC_TEACHING_FIXTURE
REQ_SYN_SEG_0996_f1	SYN_SEG_0996	SYN_SEG_SPK_28	evaluation	u	f1	373.522	log_hz			5.92297690511397	log_Hz	FALSE	evaluation_split_no_training_parameters	SYNTHETIC_TEACHING_FIXTURE
REQ_SYN_SEG_0996_f1	SYN_SEG_0996	SYN_SEG_SPK_28	evaluation	u	f1	373.522	within_speaker_z				z	FALSE	evaluation_split_no_training_parameters	SYNTHETIC_TEACHING_FIXTURE
REQ_SYN_SEG_0996_f1	SYN_SEG_0996	SYN_SEG_SPK_28	evaluation	u	f1	373.522	f3_reference_scaling				Hz	FALSE	evaluation_split_no_training_parameters	SYNTHETIC_TEACHING_FIXTURE
REQ_SYN_SEG_0996_f2	SYN_SEG_0996	SYN_SEG_SPK_28	evaluation	u	f2	970.457	raw_hz			970.457	Hz	FALSE	evaluation_split_no_training_parameters	SYNTHETIC_TEACHING_FIXTURE
REQ_SYN_SEG_0996_f2	SYN_SEG_0996	SYN_SEG_SPK_28	evaluation	u	f2	970.457	log_hz			6.87776709456926	log_Hz	FALSE	evaluation_split_no_training_parameters	SYNTHETIC_TEACHING_FIXTURE
REQ_SYN_SEG_0996_f2	SYN_SEG_0996	SYN_SEG_SPK_28	evaluation	u	f2	970.457	within_speaker_z				z	FALSE	evaluation_split_no_training_parameters	SYNTHETIC_TEACHING_FIXTURE
REQ_SYN_SEG_0996_f2	SYN_SEG_0996	SYN_SEG_SPK_28	evaluation	u	f2	970.457	f3_reference_scaling				Hz	FALSE	evaluation_split_no_training_parameters	SYNTHETIC_TEACHING_FIXTURE
REQ_SYN_SEG_0996_f3	SYN_SEG_0996	SYN_SEG_SPK_28	evaluation	u	f3	2227.705	raw_hz			2227.705	Hz	FALSE	evaluation_split_no_training_parameters	SYNTHETIC_TEACHING_FIXTURE
REQ_SYN_SEG_0996_f3	SYN_SEG_0996	SYN_SEG_SPK_28	evaluation	u	f3	2227.705	log_hz			7.7087271865357	log_Hz	FALSE	evaluation_split_no_training_parameters	SYNTHETIC_TEACHING_FIXTURE
REQ_SYN_SEG_0996_f3	SYN_SEG_0996	SYN_SEG_SPK_28	evaluation	u	f3	2227.705	within_speaker_z				z	FALSE	evaluation_split_no_training_parameters	SYNTHETIC_TEACHING_FIXTURE
REQ_SYN_SEG_0996_f3	SYN_SEG_0996	SYN_SEG_SPK_28	evaluation	u	f3	2227.705	f3_reference_scaling				Hz	FALSE	evaluation_split_no_training_parameters	SYNTHETIC_TEACHING_FIXTURE
REQ_SYN_SEG_1021_f1	SYN_SEG_1021	SYN_SEG_SPK_29	evaluation	i	f1	331.8	raw_hz			331.8	Hz	FALSE	evaluation_split_no_training_parameters	SYNTHETIC_TEACHING_FIXTURE
REQ_SYN_SEG_1021_f1	SYN_SEG_1021	SYN_SEG_SPK_29	evaluation	i	f1	331.8	log_hz			5.80453237775634	log_Hz	FALSE	evaluation_split_no_training_parameters	SYNTHETIC_TEACHING_FIXTURE
REQ_SYN_SEG_1021_f1	SYN_SEG_1021	SYN_SEG_SPK_29	evaluation	i	f1	331.8	within_speaker_z				z	FALSE	evaluation_split_no_training_parameters	SYNTHETIC_TEACHING_FIXTURE
REQ_SYN_SEG_1021_f1	SYN_SEG_1021	SYN_SEG_SPK_29	evaluation	i	f1	331.8	f3_reference_scaling				Hz	FALSE	evaluation_split_no_training_parameters	SYNTHETIC_TEACHING_FIXTURE
REQ_SYN_SEG_1021_f2	SYN_SEG_1021	SYN_SEG_SPK_29	evaluation	i	f2	2597.5	raw_hz			2597.5	Hz	FALSE	evaluation_split_no_training_parameters	SYNTHETIC_TEACHING_FIXTURE
REQ_SYN_SEG_1021_f2	SYN_SEG_1021	SYN_SEG_SPK_29	evaluation	i	f2	2597.5	log_hz			7.86230472297338	log_Hz	FALSE	evaluation_split_no_training_parameters	SYNTHETIC_TEACHING_FIXTURE
REQ_SYN_SEG_1021_f2	SYN_SEG_1021	SYN_SEG_SPK_29	evaluation	i	f2	2597.5	within_speaker_z				z	FALSE	evaluation_split_no_training_parameters	SYNTHETIC_TEACHING_FIXTURE
REQ_SYN_SEG_1021_f2	SYN_SEG_1021	SYN_SEG_SPK_29	evaluation	i	f2	2597.5	f3_reference_scaling				Hz	FALSE	evaluation_split_no_training_parameters	SYNTHETIC_TEACHING_FIXTURE
REQ_SYN_SEG_1021_f3	SYN_SEG_1021	SYN_SEG_SPK_29	evaluation	i	f3	3480.857	raw_hz			3480.857	Hz	FALSE	evaluation_split_no_training_parameters	SYNTHETIC_TEACHING_FIXTURE
REQ_SYN_SEG_1021_f3	SYN_SEG_1021	SYN_SEG_SPK_29	evaluation	i	f3	3480.857	log_hz			8.15503380681824	log_Hz	FALSE	evaluation_split_no_training_parameters	SYNTHETIC_TEACHING_FIXTURE
REQ_SYN_SEG_1021_f3	SYN_SEG_1021	SYN_SEG_SPK_29	evaluation	i	f3	3480.857	within_speaker_z				z	FALSE	evaluation_split_no_training_parameters	SYNTHETIC_TEACHING_FIXTURE
REQ_SYN_SEG_1021_f3	SYN_SEG_1021	SYN_SEG_SPK_29	evaluation	i	f3	3480.857	f3_reference_scaling				Hz	FALSE	evaluation_split_no_training_parameters	SYNTHETIC_TEACHING_FIXTURE
REQ_SYN_SEG_1022_f1	SYN_SEG_1022	SYN_SEG_SPK_29	evaluation	a	f1	865.87	raw_hz			865.87	Hz	FALSE	evaluation_split_no_training_parameters	SYNTHETIC_TEACHING_FIXTURE
REQ_SYN_SEG_1022_f1	SYN_SEG_1022	SYN_SEG_SPK_29	evaluation	a	f1	865.87	log_hz			6.76373478182054	log_Hz	FALSE	evaluation_split_no_training_parameters	SYNTHETIC_TEACHING_FIXTURE
REQ_SYN_SEG_1022_f1	SYN_SEG_1022	SYN_SEG_SPK_29	evaluation	a	f1	865.87	within_speaker_z				z	FALSE	evaluation_split_no_training_parameters	SYNTHETIC_TEACHING_FIXTURE
REQ_SYN_SEG_1022_f1	SYN_SEG_1022	SYN_SEG_SPK_29	evaluation	a	f1	865.87	f3_reference_scaling				Hz	FALSE	evaluation_split_no_training_parameters	SYNTHETIC_TEACHING_FIXTURE
REQ_SYN_SEG_1022_f2	SYN_SEG_1022	SYN_SEG_SPK_29	evaluation	a	f2	1416.183	raw_hz			1416.183	Hz	FALSE	evaluation_split_no_training_parameters	SYNTHETIC_TEACHING_FIXTURE
REQ_SYN_SEG_1022_f2	SYN_SEG_1022	SYN_SEG_SPK_29	evaluation	a	f2	1416.183	log_hz			7.25572050319138	log_Hz	FALSE	evaluation_split_no_training_parameters	SYNTHETIC_TEACHING_FIXTURE
REQ_SYN_SEG_1022_f2	SYN_SEG_1022	SYN_SEG_SPK_29	evaluation	a	f2	1416.183	within_speaker_z				z	FALSE	evaluation_split_no_training_parameters	SYNTHETIC_TEACHING_FIXTURE
REQ_SYN_SEG_1022_f2	SYN_SEG_1022	SYN_SEG_SPK_29	evaluation	a	f2	1416.183	f3_reference_scaling				Hz	FALSE	evaluation_split_no_training_parameters	SYNTHETIC_TEACHING_FIXTURE
REQ_SYN_SEG_1022_f3	SYN_SEG_1022	SYN_SEG_SPK_29	evaluation	a	f3	2841.503	raw_hz			2841.503	Hz	FALSE	evaluation_split_no_training_parameters	SYNTHETIC_TEACHING_FIXTURE
REQ_SYN_SEG_1022_f3	SYN_SEG_1022	SYN_SEG_SPK_29	evaluation	a	f3	2841.503	log_hz			7.95208841651702	log_Hz	FALSE	evaluation_split_no_training_parameters	SYNTHETIC_TEACHING_FIXTURE
REQ_SYN_SEG_1022_f3	SYN_SEG_1022	SYN_SEG_SPK_29	evaluation	a	f3	2841.503	within_speaker_z				z	FALSE	evaluation_split_no_training_parameters	SYNTHETIC_TEACHING_FIXTURE
REQ_SYN_SEG_1022_f3	SYN_SEG_1022	SYN_SEG_SPK_29	evaluation	a	f3	2841.503	f3_reference_scaling				Hz	FALSE	evaluation_split_no_training_parameters	SYNTHETIC_TEACHING_FIXTURE
REQ_SYN_SEG_1023_f1	SYN_SEG_1023	SYN_SEG_SPK_29	evaluation	u	f1	403.143	raw_hz			403.143	Hz	FALSE	evaluation_split_no_training_parameters	SYNTHETIC_TEACHING_FIXTURE
REQ_SYN_SEG_1023_f1	SYN_SEG_1023	SYN_SEG_SPK_29	evaluation	u	f1	403.143	log_hz			5.99929133771599	log_Hz	FALSE	evaluation_split_no_training_parameters	SYNTHETIC_TEACHING_FIXTURE
REQ_SYN_SEG_1023_f1	SYN_SEG_1023	SYN_SEG_SPK_29	evaluation	u	f1	403.143	within_speaker_z				z	FALSE	evaluation_split_no_training_parameters	SYNTHETIC_TEACHING_FIXTURE
REQ_SYN_SEG_1023_f1	SYN_SEG_1023	SYN_SEG_SPK_29	evaluation	u	f1	403.143	f3_reference_scaling				Hz	FALSE	evaluation_split_no_training_parameters	SYNTHETIC_TEACHING_FIXTURE
REQ_SYN_SEG_1023_f2	SYN_SEG_1023	SYN_SEG_SPK_29	evaluation	u	f2	1079.674	raw_hz			1079.674	Hz	FALSE	evaluation_split_no_training_parameters	SYNTHETIC_TEACHING_FIXTURE
REQ_SYN_SEG_1023_f2	SYN_SEG_1023	SYN_SEG_SPK_29	evaluation	u	f2	1079.674	log_hz			6.98441442269997	log_Hz	FALSE	evaluation_split_no_training_parameters	SYNTHETIC_TEACHING_FIXTURE
REQ_SYN_SEG_1023_f2	SYN_SEG_1023	SYN_SEG_SPK_29	evaluation	u	f2	1079.674	within_speaker_z				z	FALSE	evaluation_split_no_training_parameters	SYNTHETIC_TEACHING_FIXTURE
REQ_SYN_SEG_1023_f2	SYN_SEG_1023	SYN_SEG_SPK_29	evaluation	u	f2	1079.674	f3_reference_scaling				Hz	FALSE	evaluation_split_no_training_parameters	SYNTHETIC_TEACHING_FIXTURE
REQ_SYN_SEG_1023_f3	SYN_SEG_1023	SYN_SEG_SPK_29	evaluation	u	f3	2565.449	raw_hz			2565.449	Hz	FALSE	evaluation_split_no_training_parameters	SYNTHETIC_TEACHING_FIXTURE
REQ_SYN_SEG_1023_f3	SYN_SEG_1023	SYN_SEG_SPK_29	evaluation	u	f3	2565.449	log_hz			7.84988879101857	log_Hz	FALSE	evaluation_split_no_training_parameters	SYNTHETIC_TEACHING_FIXTURE
REQ_SYN_SEG_1023_f3	SYN_SEG_1023	SYN_SEG_SPK_29	evaluation	u	f3	2565.449	within_speaker_z				z	FALSE	evaluation_split_no_training_parameters	SYNTHETIC_TEACHING_FIXTURE
REQ_SYN_SEG_1023_f3	SYN_SEG_1023	SYN_SEG_SPK_29	evaluation	u	f3	2565.449	f3_reference_scaling				Hz	FALSE	evaluation_split_no_training_parameters	SYNTHETIC_TEACHING_FIXTURE
REQ_SYN_SEG_1024_f1	SYN_SEG_1024	SYN_SEG_SPK_29	evaluation	i	f1	338.586	raw_hz			338.586	Hz	FALSE	evaluation_split_no_training_parameters	SYNTHETIC_TEACHING_FIXTURE
REQ_SYN_SEG_1024_f1	SYN_SEG_1024	SYN_SEG_SPK_29	evaluation	i	f1	338.586	log_hz			5.82477812212244	log_Hz	FALSE	evaluation_split_no_training_parameters	SYNTHETIC_TEACHING_FIXTURE
REQ_SYN_SEG_1024_f1	SYN_SEG_1024	SYN_SEG_SPK_29	evaluation	i	f1	338.586	within_speaker_z				z	FALSE	evaluation_split_no_training_parameters	SYNTHETIC_TEACHING_FIXTURE
REQ_SYN_SEG_1024_f1	SYN_SEG_1024	SYN_SEG_SPK_29	evaluation	i	f1	338.586	f3_reference_scaling				Hz	FALSE	evaluation_split_no_training_parameters	SYNTHETIC_TEACHING_FIXTURE
REQ_SYN_SEG_1024_f2	SYN_SEG_1024	SYN_SEG_SPK_29	evaluation	i	f2	2684.478	raw_hz			2684.478	Hz	FALSE	evaluation_split_no_training_parameters	SYNTHETIC_TEACHING_FIXTURE
REQ_SYN_SEG_1024_f2	SYN_SEG_1024	SYN_SEG_SPK_29	evaluation	i	f2	2684.478	log_hz			7.89524157463441	log_Hz	FALSE	evaluation_split_no_training_parameters	SYNTHETIC_TEACHING_FIXTURE
REQ_SYN_SEG_1024_f2	SYN_SEG_1024	SYN_SEG_SPK_29	evaluation	i	f2	2684.478	within_speaker_z				z	FALSE	evaluation_split_no_training_parameters	SYNTHETIC_TEACHING_FIXTURE
REQ_SYN_SEG_1024_f2	SYN_SEG_1024	SYN_SEG_SPK_29	evaluation	i	f2	2684.478	f3_reference_scaling				Hz	FALSE	evaluation_split_no_training_parameters	SYNTHETIC_TEACHING_FIXTURE
REQ_SYN_SEG_1024_f3	SYN_SEG_1024	SYN_SEG_SPK_29	evaluation	i	f3	3458.27	raw_hz			3458.27	Hz	FALSE	evaluation_split_no_training_parameters	SYNTHETIC_TEACHING_FIXTURE
REQ_SYN_SEG_1024_f3	SYN_SEG_1024	SYN_SEG_SPK_29	evaluation	i	f3	3458.27	log_hz			8.14852374301009	log_Hz	FALSE	evaluation_split_no_training_parameters	SYNTHETIC_TEACHING_FIXTURE
REQ_SYN_SEG_1024_f3	SYN_SEG_1024	SYN_SEG_SPK_29	evaluation	i	f3	3458.27	within_speaker_z				z	FALSE	evaluation_split_no_training_parameters	SYNTHETIC_TEACHING_FIXTURE
REQ_SYN_SEG_1024_f3	SYN_SEG_1024	SYN_SEG_SPK_29	evaluation	i	f3	3458.27	f3_reference_scaling				Hz	FALSE	evaluation_split_no_training_parameters	SYNTHETIC_TEACHING_FIXTURE
REQ_SYN_SEG_1025_f1	SYN_SEG_1025	SYN_SEG_SPK_29	evaluation	a	f1	870.183	raw_hz			870.183	Hz	FALSE	evaluation_split_no_training_parameters	SYNTHETIC_TEACHING_FIXTURE
REQ_SYN_SEG_1025_f1	SYN_SEG_1025	SYN_SEG_SPK_29	evaluation	a	f1	870.183	log_hz			6.76870353435684	log_Hz	FALSE	evaluation_split_no_training_parameters	SYNTHETIC_TEACHING_FIXTURE
REQ_SYN_SEG_1025_f1	SYN_SEG_1025	SYN_SEG_SPK_29	evaluation	a	f1	870.183	within_speaker_z				z	FALSE	evaluation_split_no_training_parameters	SYNTHETIC_TEACHING_FIXTURE
REQ_SYN_SEG_1025_f1	SYN_SEG_1025	SYN_SEG_SPK_29	evaluation	a	f1	870.183	f3_reference_scaling				Hz	FALSE	evaluation_split_no_training_parameters	SYNTHETIC_TEACHING_FIXTURE
REQ_SYN_SEG_1025_f2	SYN_SEG_1025	SYN_SEG_SPK_29	evaluation	a	f2	1365.172	raw_hz			1365.172	Hz	FALSE	evaluation_split_no_training_parameters	SYNTHETIC_TEACHING_FIXTURE
REQ_SYN_SEG_1025_f2	SYN_SEG_1025	SYN_SEG_SPK_29	evaluation	a	f2	1365.172	log_hz			7.21903570700681	log_Hz	FALSE	evaluation_split_no_training_parameters	SYNTHETIC_TEACHING_FIXTURE
REQ_SYN_SEG_1025_f2	SYN_SEG_1025	SYN_SEG_SPK_29	evaluation	a	f2	1365.172	within_speaker_z				z	FALSE	evaluation_split_no_training_parameters	SYNTHETIC_TEACHING_FIXTURE
REQ_SYN_SEG_1025_f2	SYN_SEG_1025	SYN_SEG_SPK_29	evaluation	a	f2	1365.172	f3_reference_scaling				Hz	FALSE	evaluation_split_no_training_parameters	SYNTHETIC_TEACHING_FIXTURE
REQ_SYN_SEG_1025_f3	SYN_SEG_1025	SYN_SEG_SPK_29	evaluation	a	f3	2857.074	raw_hz			2857.074	Hz	FALSE	evaluation_split_no_training_parameters	SYNTHETIC_TEACHING_FIXTURE
REQ_SYN_SEG_1025_f3	SYN_SEG_1025	SYN_SEG_SPK_29	evaluation	a	f3	2857.074	log_hz			7.9575533031904	log_Hz	FALSE	evaluation_split_no_training_parameters	SYNTHETIC_TEACHING_FIXTURE
REQ_SYN_SEG_1025_f3	SYN_SEG_1025	SYN_SEG_SPK_29	evaluation	a	f3	2857.074	within_speaker_z				z	FALSE	evaluation_split_no_training_parameters	SYNTHETIC_TEACHING_FIXTURE
REQ_SYN_SEG_1025_f3	SYN_SEG_1025	SYN_SEG_SPK_29	evaluation	a	f3	2857.074	f3_reference_scaling				Hz	FALSE	evaluation_split_no_training_parameters	SYNTHETIC_TEACHING_FIXTURE
REQ_SYN_SEG_1026_f1	SYN_SEG_1026	SYN_SEG_SPK_29	evaluation	u	f1	401.33	raw_hz			401.33	Hz	FALSE	evaluation_split_no_training_parameters	SYNTHETIC_TEACHING_FIXTURE
REQ_SYN_SEG_1026_f1	SYN_SEG_1026	SYN_SEG_SPK_29	evaluation	u	f1	401.33	log_hz			5.99478403151832	log_Hz	FALSE	evaluation_split_no_training_parameters	SYNTHETIC_TEACHING_FIXTURE
REQ_SYN_SEG_1026_f1	SYN_SEG_1026	SYN_SEG_SPK_29	evaluation	u	f1	401.33	within_speaker_z				z	FALSE	evaluation_split_no_training_parameters	SYNTHETIC_TEACHING_FIXTURE
REQ_SYN_SEG_1026_f1	SYN_SEG_1026	SYN_SEG_SPK_29	evaluation	u	f1	401.33	f3_reference_scaling				Hz	FALSE	evaluation_split_no_training_parameters	SYNTHETIC_TEACHING_FIXTURE
REQ_SYN_SEG_1026_f2	SYN_SEG_1026	SYN_SEG_SPK_29	evaluation	u	f2	1127.605	raw_hz			1127.605	Hz	FALSE	evaluation_split_no_training_parameters	SYNTHETIC_TEACHING_FIXTURE
REQ_SYN_SEG_1026_f2	SYN_SEG_1026	SYN_SEG_SPK_29	evaluation	u	f2	1127.605	log_hz			7.02785119342665	log_Hz	FALSE	evaluation_split_no_training_parameters	SYNTHETIC_TEACHING_FIXTURE
REQ_SYN_SEG_1026_f2	SYN_SEG_1026	SYN_SEG_SPK_29	evaluation	u	f2	1127.605	within_speaker_z				z	FALSE	evaluation_split_no_training_parameters	SYNTHETIC_TEACHING_FIXTURE
REQ_SYN_SEG_1026_f2	SYN_SEG_1026	SYN_SEG_SPK_29	evaluation	u	f2	1127.605	f3_reference_scaling				Hz	FALSE	evaluation_split_no_training_parameters	SYNTHETIC_TEACHING_FIXTURE
REQ_SYN_SEG_1026_f3	SYN_SEG_1026	SYN_SEG_SPK_29	evaluation	u	f3	2448.368	raw_hz			2448.368	Hz	FALSE	evaluation_split_no_training_parameters	SYNTHETIC_TEACHING_FIXTURE
REQ_SYN_SEG_1026_f3	SYN_SEG_1026	SYN_SEG_SPK_29	evaluation	u	f3	2448.368	log_hz			7.80317695913166	log_Hz	FALSE	evaluation_split_no_training_parameters	SYNTHETIC_TEACHING_FIXTURE
REQ_SYN_SEG_1026_f3	SYN_SEG_1026	SYN_SEG_SPK_29	evaluation	u	f3	2448.368	within_speaker_z				z	FALSE	evaluation_split_no_training_parameters	SYNTHETIC_TEACHING_FIXTURE
REQ_SYN_SEG_1026_f3	SYN_SEG_1026	SYN_SEG_SPK_29	evaluation	u	f3	2448.368	f3_reference_scaling				Hz	FALSE	evaluation_split_no_training_parameters	SYNTHETIC_TEACHING_FIXTURE
REQ_SYN_SEG_1027_f1	SYN_SEG_1027	SYN_SEG_SPK_29	evaluation	i	f1	369.017	raw_hz			369.017	Hz	FALSE	evaluation_split_no_training_parameters	SYNTHETIC_TEACHING_FIXTURE
REQ_SYN_SEG_1027_f1	SYN_SEG_1027	SYN_SEG_SPK_29	evaluation	i	f1	369.017	log_hz			5.91084271344002	log_Hz	FALSE	evaluation_split_no_training_parameters	SYNTHETIC_TEACHING_FIXTURE
REQ_SYN_SEG_1027_f1	SYN_SEG_1027	SYN_SEG_SPK_29	evaluation	i	f1	369.017	within_speaker_z				z	FALSE	evaluation_split_no_training_parameters	SYNTHETIC_TEACHING_FIXTURE
REQ_SYN_SEG_1027_f1	SYN_SEG_1027	SYN_SEG_SPK_29	evaluation	i	f1	369.017	f3_reference_scaling				Hz	FALSE	evaluation_split_no_training_parameters	SYNTHETIC_TEACHING_FIXTURE
REQ_SYN_SEG_1027_f2	SYN_SEG_1027	SYN_SEG_SPK_29	evaluation	i	f2	2602.34	raw_hz			2602.34	Hz	FALSE	evaluation_split_no_training_parameters	SYNTHETIC_TEACHING_FIXTURE
REQ_SYN_SEG_1027_f2	SYN_SEG_1027	SYN_SEG_SPK_29	evaluation	i	f2	2602.34	log_hz			7.86416631925241	log_Hz	FALSE	evaluation_split_no_training_parameters	SYNTHETIC_TEACHING_FIXTURE
REQ_SYN_SEG_1027_f2	SYN_SEG_1027	SYN_SEG_SPK_29	evaluation	i	f2	2602.34	within_speaker_z				z	FALSE	evaluation_split_no_training_parameters	SYNTHETIC_TEACHING_FIXTURE
REQ_SYN_SEG_1027_f2	SYN_SEG_1027	SYN_SEG_SPK_29	evaluation	i	f2	2602.34	f3_reference_scaling				Hz	FALSE	evaluation_split_no_training_parameters	SYNTHETIC_TEACHING_FIXTURE
REQ_SYN_SEG_1027_f3	SYN_SEG_1027	SYN_SEG_SPK_29	evaluation	i	f3	3387.363	raw_hz			3387.363	Hz	FALSE	evaluation_split_no_training_parameters	SYNTHETIC_TEACHING_FIXTURE
REQ_SYN_SEG_1027_f3	SYN_SEG_1027	SYN_SEG_SPK_29	evaluation	i	f3	3387.363	log_hz			8.1278070215657	log_Hz	FALSE	evaluation_split_no_training_parameters	SYNTHETIC_TEACHING_FIXTURE
REQ_SYN_SEG_1027_f3	SYN_SEG_1027	SYN_SEG_SPK_29	evaluation	i	f3	3387.363	within_speaker_z				z	FALSE	evaluation_split_no_training_parameters	SYNTHETIC_TEACHING_FIXTURE
REQ_SYN_SEG_1027_f3	SYN_SEG_1027	SYN_SEG_SPK_29	evaluation	i	f3	3387.363	f3_reference_scaling				Hz	FALSE	evaluation_split_no_training_parameters	SYNTHETIC_TEACHING_FIXTURE
REQ_SYN_SEG_1028_f1	SYN_SEG_1028	SYN_SEG_SPK_29	evaluation	a	f1	886.507	raw_hz			886.507	Hz	FALSE	evaluation_split_no_training_parameters	SYNTHETIC_TEACHING_FIXTURE
REQ_SYN_SEG_1028_f1	SYN_SEG_1028	SYN_SEG_SPK_29	evaluation	a	f1	886.507	log_hz			6.78728902170418	log_Hz	FALSE	evaluation_split_no_training_parameters	SYNTHETIC_TEACHING_FIXTURE
REQ_SYN_SEG_1028_f1	SYN_SEG_1028	SYN_SEG_SPK_29	evaluation	a	f1	886.507	within_speaker_z				z	FALSE	evaluation_split_no_training_parameters	SYNTHETIC_TEACHING_FIXTURE
REQ_SYN_SEG_1028_f1	SYN_SEG_1028	SYN_SEG_SPK_29	evaluation	a	f1	886.507	f3_reference_scaling				Hz	FALSE	evaluation_split_no_training_parameters	SYNTHETIC_TEACHING_FIXTURE
REQ_SYN_SEG_1028_f2	SYN_SEG_1028	SYN_SEG_SPK_29	evaluation	a	f2	1382.442	raw_hz			1382.442	Hz	FALSE	evaluation_split_no_training_parameters	SYNTHETIC_TEACHING_FIXTURE
REQ_SYN_SEG_1028_f2	SYN_SEG_1028	SYN_SEG_SPK_29	evaluation	a	f2	1382.442	log_hz			7.23160677953271	log_Hz	FALSE	evaluation_split_no_training_parameters	SYNTHETIC_TEACHING_FIXTURE
REQ_SYN_SEG_1028_f2	SYN_SEG_1028	SYN_SEG_SPK_29	evaluation	a	f2	1382.442	within_speaker_z				z	FALSE	evaluation_split_no_training_parameters	SYNTHETIC_TEACHING_FIXTURE
REQ_SYN_SEG_1028_f2	SYN_SEG_1028	SYN_SEG_SPK_29	evaluation	a	f2	1382.442	f3_reference_scaling				Hz	FALSE	evaluation_split_no_training_parameters	SYNTHETIC_TEACHING_FIXTURE
REQ_SYN_SEG_1028_f3	SYN_SEG_1028	SYN_SEG_SPK_29	evaluation	a	f3	2855.325	raw_hz			2855.325	Hz	FALSE	evaluation_split_no_training_parameters	SYNTHETIC_TEACHING_FIXTURE
REQ_SYN_SEG_1028_f3	SYN_SEG_1028	SYN_SEG_SPK_29	evaluation	a	f3	2855.325	log_hz			7.95694095098789	log_Hz	FALSE	evaluation_split_no_training_parameters	SYNTHETIC_TEACHING_FIXTURE
REQ_SYN_SEG_1028_f3	SYN_SEG_1028	SYN_SEG_SPK_29	evaluation	a	f3	2855.325	within_speaker_z				z	FALSE	evaluation_split_no_training_parameters	SYNTHETIC_TEACHING_FIXTURE
REQ_SYN_SEG_1028_f3	SYN_SEG_1028	SYN_SEG_SPK_29	evaluation	a	f3	2855.325	f3_reference_scaling				Hz	FALSE	evaluation_split_no_training_parameters	SYNTHETIC_TEACHING_FIXTURE
REQ_SYN_SEG_1029_f1	SYN_SEG_1029	SYN_SEG_SPK_29	evaluation	u	f1	386.668	raw_hz			386.668	Hz	FALSE	evaluation_split_no_training_parameters	SYNTHETIC_TEACHING_FIXTURE
REQ_SYN_SEG_1029_f1	SYN_SEG_1029	SYN_SEG_SPK_29	evaluation	u	f1	386.668	log_hz			5.95756644370222	log_Hz	FALSE	evaluation_split_no_training_parameters	SYNTHETIC_TEACHING_FIXTURE
REQ_SYN_SEG_1029_f1	SYN_SEG_1029	SYN_SEG_SPK_29	evaluation	u	f1	386.668	within_speaker_z				z	FALSE	evaluation_split_no_training_parameters	SYNTHETIC_TEACHING_FIXTURE
REQ_SYN_SEG_1029_f1	SYN_SEG_1029	SYN_SEG_SPK_29	evaluation	u	f1	386.668	f3_reference_scaling				Hz	FALSE	evaluation_split_no_training_parameters	SYNTHETIC_TEACHING_FIXTURE
REQ_SYN_SEG_1029_f2	SYN_SEG_1029	SYN_SEG_SPK_29	evaluation	u	f2	1073.307	raw_hz			1073.307	Hz	FALSE	evaluation_split_no_training_parameters	SYNTHETIC_TEACHING_FIXTURE
REQ_SYN_SEG_1029_f2	SYN_SEG_1029	SYN_SEG_SPK_29	evaluation	u	f2	1073.307	log_hz			6.97849981540789	log_Hz	FALSE	evaluation_split_no_training_parameters	SYNTHETIC_TEACHING_FIXTURE
REQ_SYN_SEG_1029_f2	SYN_SEG_1029	SYN_SEG_SPK_29	evaluation	u	f2	1073.307	within_speaker_z				z	FALSE	evaluation_split_no_training_parameters	SYNTHETIC_TEACHING_FIXTURE
REQ_SYN_SEG_1029_f2	SYN_SEG_1029	SYN_SEG_SPK_29	evaluation	u	f2	1073.307	f3_reference_scaling				Hz	FALSE	evaluation_split_no_training_parameters	SYNTHETIC_TEACHING_FIXTURE
REQ_SYN_SEG_1029_f3	SYN_SEG_1029	SYN_SEG_SPK_29	evaluation	u	f3	2586.558	raw_hz			2586.558	Hz	FALSE	evaluation_split_no_training_parameters	SYNTHETIC_TEACHING_FIXTURE
REQ_SYN_SEG_1029_f3	SYN_SEG_1029	SYN_SEG_SPK_29	evaluation	u	f3	2586.558	log_hz			7.85808331331742	log_Hz	FALSE	evaluation_split_no_training_parameters	SYNTHETIC_TEACHING_FIXTURE
REQ_SYN_SEG_1029_f3	SYN_SEG_1029	SYN_SEG_SPK_29	evaluation	u	f3	2586.558	within_speaker_z				z	FALSE	evaluation_split_no_training_parameters	SYNTHETIC_TEACHING_FIXTURE
REQ_SYN_SEG_1029_f3	SYN_SEG_1029	SYN_SEG_SPK_29	evaluation	u	f3	2586.558	f3_reference_scaling				Hz	FALSE	evaluation_split_no_training_parameters	SYNTHETIC_TEACHING_FIXTURE
REQ_SYN_SEG_1030_f1	SYN_SEG_1030	SYN_SEG_SPK_29	evaluation	i	f1	377.438	raw_hz			377.438	Hz	FALSE	evaluation_split_no_training_parameters	SYNTHETIC_TEACHING_FIXTURE
REQ_SYN_SEG_1030_f1	SYN_SEG_1030	SYN_SEG_SPK_29	evaluation	i	f1	377.438	log_hz			5.93340631678988	log_Hz	FALSE	evaluation_split_no_training_parameters	SYNTHETIC_TEACHING_FIXTURE
REQ_SYN_SEG_1030_f1	SYN_SEG_1030	SYN_SEG_SPK_29	evaluation	i	f1	377.438	within_speaker_z				z	FALSE	evaluation_split_no_training_parameters	SYNTHETIC_TEACHING_FIXTURE
REQ_SYN_SEG_1030_f1	SYN_SEG_1030	SYN_SEG_SPK_29	evaluation	i	f1	377.438	f3_reference_scaling				Hz	FALSE	evaluation_split_no_training_parameters	SYNTHETIC_TEACHING_FIXTURE
REQ_SYN_SEG_1030_f2	SYN_SEG_1030	SYN_SEG_SPK_29	evaluation	i	f2	2690.108	raw_hz			2690.108	Hz	FALSE	evaluation_split_no_training_parameters	SYNTHETIC_TEACHING_FIXTURE
REQ_SYN_SEG_1030_f2	SYN_SEG_1030	SYN_SEG_SPK_29	evaluation	i	f2	2690.108	log_hz			7.89733662048883	log_Hz	FALSE	evaluation_split_no_training_parameters	SYNTHETIC_TEACHING_FIXTURE
REQ_SYN_SEG_1030_f2	SYN_SEG_1030	SYN_SEG_SPK_29	evaluation	i	f2	2690.108	within_speaker_z				z	FALSE	evaluation_split_no_training_parameters	SYNTHETIC_TEACHING_FIXTURE
REQ_SYN_SEG_1030_f2	SYN_SEG_1030	SYN_SEG_SPK_29	evaluation	i	f2	2690.108	f3_reference_scaling				Hz	FALSE	evaluation_split_no_training_parameters	SYNTHETIC_TEACHING_FIXTURE
REQ_SYN_SEG_1030_f3	SYN_SEG_1030	SYN_SEG_SPK_29	evaluation	i	f3	3463.497	raw_hz			3463.497	Hz	FALSE	evaluation_split_no_training_parameters	SYNTHETIC_TEACHING_FIXTURE
REQ_SYN_SEG_1030_f3	SYN_SEG_1030	SYN_SEG_SPK_29	evaluation	i	f3	3463.497	log_hz			8.15003405128645	log_Hz	FALSE	evaluation_split_no_training_parameters	SYNTHETIC_TEACHING_FIXTURE
REQ_SYN_SEG_1030_f3	SYN_SEG_1030	SYN_SEG_SPK_29	evaluation	i	f3	3463.497	within_speaker_z				z	FALSE	evaluation_split_no_training_parameters	SYNTHETIC_TEACHING_FIXTURE
REQ_SYN_SEG_1030_f3	SYN_SEG_1030	SYN_SEG_SPK_29	evaluation	i	f3	3463.497	f3_reference_scaling				Hz	FALSE	evaluation_split_no_training_parameters	SYNTHETIC_TEACHING_FIXTURE
REQ_SYN_SEG_1031_f1	SYN_SEG_1031	SYN_SEG_SPK_29	evaluation	a	f1	880.867	raw_hz			880.867	Hz	FALSE	evaluation_split_no_training_parameters	SYNTHETIC_TEACHING_FIXTURE
REQ_SYN_SEG_1031_f1	SYN_SEG_1031	SYN_SEG_SPK_29	evaluation	a	f1	880.867	log_hz			6.78090664972713	log_Hz	FALSE	evaluation_split_no_training_parameters	SYNTHETIC_TEACHING_FIXTURE
REQ_SYN_SEG_1031_f1	SYN_SEG_1031	SYN_SEG_SPK_29	evaluation	a	f1	880.867	within_speaker_z				z	FALSE	evaluation_split_no_training_parameters	SYNTHETIC_TEACHING_FIXTURE
REQ_SYN_SEG_1031_f1	SYN_SEG_1031	SYN_SEG_SPK_29	evaluation	a	f1	880.867	f3_reference_scaling				Hz	FALSE	evaluation_split_no_training_parameters	SYNTHETIC_TEACHING_FIXTURE
REQ_SYN_SEG_1031_f2	SYN_SEG_1031	SYN_SEG_SPK_29	evaluation	a	f2	1375.983	raw_hz			1375.983	Hz	FALSE	evaluation_split_no_training_parameters	SYNTHETIC_TEACHING_FIXTURE
REQ_SYN_SEG_1031_f2	SYN_SEG_1031	SYN_SEG_SPK_29	evaluation	a	f2	1375.983	log_hz			7.22692366376581	log_Hz	FALSE	evaluation_split_no_training_parameters	SYNTHETIC_TEACHING_FIXTURE
REQ_SYN_SEG_1031_f2	SYN_SEG_1031	SYN_SEG_SPK_29	evaluation	a	f2	1375.983	within_speaker_z				z	FALSE	evaluation_split_no_training_parameters	SYNTHETIC_TEACHING_FIXTURE
REQ_SYN_SEG_1031_f2	SYN_SEG_1031	SYN_SEG_SPK_29	evaluation	a	f2	1375.983	f3_reference_scaling				Hz	FALSE	evaluation_split_no_training_parameters	SYNTHETIC_TEACHING_FIXTURE
REQ_SYN_SEG_1031_f3	SYN_SEG_1031	SYN_SEG_SPK_29	evaluation	a	f3	2897.072	raw_hz			2897.072	Hz	FALSE	evaluation_split_no_training_parameters	SYNTHETIC_TEACHING_FIXTURE
REQ_SYN_SEG_1031_f3	SYN_SEG_1031	SYN_SEG_SPK_29	evaluation	a	f3	2897.072	log_hz			7.97145585075703	log_Hz	FALSE	evaluation_split_no_training_parameters	SYNTHETIC_TEACHING_FIXTURE
REQ_SYN_SEG_1031_f3	SYN_SEG_1031	SYN_SEG_SPK_29	evaluation	a	f3	2897.072	within_speaker_z				z	FALSE	evaluation_split_no_training_parameters	SYNTHETIC_TEACHING_FIXTURE
REQ_SYN_SEG_1031_f3	SYN_SEG_1031	SYN_SEG_SPK_29	evaluation	a	f3	2897.072	f3_reference_scaling				Hz	FALSE	evaluation_split_no_training_parameters	SYNTHETIC_TEACHING_FIXTURE
REQ_SYN_SEG_1032_f1	SYN_SEG_1032	SYN_SEG_SPK_29	evaluation	u	f1	417.487	raw_hz			417.487	Hz	FALSE	evaluation_split_no_training_parameters	SYNTHETIC_TEACHING_FIXTURE
REQ_SYN_SEG_1032_f1	SYN_SEG_1032	SYN_SEG_SPK_29	evaluation	u	f1	417.487	log_hz			6.03425340608157	log_Hz	FALSE	evaluation_split_no_training_parameters	SYNTHETIC_TEACHING_FIXTURE
REQ_SYN_SEG_1032_f1	SYN_SEG_1032	SYN_SEG_SPK_29	evaluation	u	f1	417.487	within_speaker_z				z	FALSE	evaluation_split_no_training_parameters	SYNTHETIC_TEACHING_FIXTURE
REQ_SYN_SEG_1032_f1	SYN_SEG_1032	SYN_SEG_SPK_29	evaluation	u	f1	417.487	f3_reference_scaling				Hz	FALSE	evaluation_split_no_training_parameters	SYNTHETIC_TEACHING_FIXTURE
REQ_SYN_SEG_1032_f2	SYN_SEG_1032	SYN_SEG_SPK_29	evaluation	u	f2	1008.962	raw_hz			1008.962	Hz	FALSE	evaluation_split_no_training_parameters	SYNTHETIC_TEACHING_FIXTURE
REQ_SYN_SEG_1032_f2	SYN_SEG_1032	SYN_SEG_SPK_29	evaluation	u	f2	1008.962	log_hz			6.91667735859387	log_Hz	FALSE	evaluation_split_no_training_parameters	SYNTHETIC_TEACHING_FIXTURE
REQ_SYN_SEG_1032_f2	SYN_SEG_1032	SYN_SEG_SPK_29	evaluation	u	f2	1008.962	within_speaker_z				z	FALSE	evaluation_split_no_training_parameters	SYNTHETIC_TEACHING_FIXTURE
REQ_SYN_SEG_1032_f2	SYN_SEG_1032	SYN_SEG_SPK_29	evaluation	u	f2	1008.962	f3_reference_scaling				Hz	FALSE	evaluation_split_no_training_parameters	SYNTHETIC_TEACHING_FIXTURE
REQ_SYN_SEG_1032_f3	SYN_SEG_1032	SYN_SEG_SPK_29	evaluation	u	f3	2544.467	raw_hz			2544.467	Hz	FALSE	evaluation_split_no_training_parameters	SYNTHETIC_TEACHING_FIXTURE
REQ_SYN_SEG_1032_f3	SYN_SEG_1032	SYN_SEG_SPK_29	evaluation	u	f3	2544.467	log_hz			7.84167647679564	log_Hz	FALSE	evaluation_split_no_training_parameters	SYNTHETIC_TEACHING_FIXTURE
REQ_SYN_SEG_1032_f3	SYN_SEG_1032	SYN_SEG_SPK_29	evaluation	u	f3	2544.467	within_speaker_z				z	FALSE	evaluation_split_no_training_parameters	SYNTHETIC_TEACHING_FIXTURE
REQ_SYN_SEG_1032_f3	SYN_SEG_1032	SYN_SEG_SPK_29	evaluation	u	f3	2544.467	f3_reference_scaling				Hz	FALSE	evaluation_split_no_training_parameters	SYNTHETIC_TEACHING_FIXTURE
REQ_SYN_SEG_1057_f1	SYN_SEG_1057	SYN_SEG_SPK_30	evaluation	i	f1	264.592	raw_hz			264.592	Hz	FALSE	evaluation_split_no_training_parameters	SYNTHETIC_TEACHING_FIXTURE
REQ_SYN_SEG_1057_f1	SYN_SEG_1057	SYN_SEG_SPK_30	evaluation	i	f1	264.592	log_hz			5.57818901690784	log_Hz	FALSE	evaluation_split_no_training_parameters	SYNTHETIC_TEACHING_FIXTURE
REQ_SYN_SEG_1057_f1	SYN_SEG_1057	SYN_SEG_SPK_30	evaluation	i	f1	264.592	within_speaker_z				z	FALSE	evaluation_split_no_training_parameters	SYNTHETIC_TEACHING_FIXTURE
REQ_SYN_SEG_1057_f1	SYN_SEG_1057	SYN_SEG_SPK_30	evaluation	i	f1	264.592	f3_reference_scaling				Hz	FALSE	evaluation_split_no_training_parameters	SYNTHETIC_TEACHING_FIXTURE
REQ_SYN_SEG_1057_f2	SYN_SEG_1057	SYN_SEG_SPK_30	evaluation	i	f2	2105.786	raw_hz			2105.786	Hz	FALSE	evaluation_split_no_training_parameters	SYNTHETIC_TEACHING_FIXTURE
REQ_SYN_SEG_1057_f2	SYN_SEG_1057	SYN_SEG_SPK_30	evaluation	i	f2	2105.786	log_hz			7.65244407309588	log_Hz	FALSE	evaluation_split_no_training_parameters	SYNTHETIC_TEACHING_FIXTURE
REQ_SYN_SEG_1057_f2	SYN_SEG_1057	SYN_SEG_SPK_30	evaluation	i	f2	2105.786	within_speaker_z				z	FALSE	evaluation_split_no_training_parameters	SYNTHETIC_TEACHING_FIXTURE
REQ_SYN_SEG_1057_f2	SYN_SEG_1057	SYN_SEG_SPK_30	evaluation	i	f2	2105.786	f3_reference_scaling				Hz	FALSE	evaluation_split_no_training_parameters	SYNTHETIC_TEACHING_FIXTURE
REQ_SYN_SEG_1057_f3	SYN_SEG_1057	SYN_SEG_SPK_30	evaluation	i	f3	2811.937	raw_hz			2811.937	Hz	FALSE	evaluation_split_no_training_parameters	SYNTHETIC_TEACHING_FIXTURE
REQ_SYN_SEG_1057_f3	SYN_SEG_1057	SYN_SEG_SPK_30	evaluation	i	f3	2811.937	log_hz			7.94162884869665	log_Hz	FALSE	evaluation_split_no_training_parameters	SYNTHETIC_TEACHING_FIXTURE
REQ_SYN_SEG_1057_f3	SYN_SEG_1057	SYN_SEG_SPK_30	evaluation	i	f3	2811.937	within_speaker_z				z	FALSE	evaluation_split_no_training_parameters	SYNTHETIC_TEACHING_FIXTURE
REQ_SYN_SEG_1057_f3	SYN_SEG_1057	SYN_SEG_SPK_30	evaluation	i	f3	2811.937	f3_reference_scaling				Hz	FALSE	evaluation_split_no_training_parameters	SYNTHETIC_TEACHING_FIXTURE
REQ_SYN_SEG_1058_f1	SYN_SEG_1058	SYN_SEG_SPK_30	evaluation	a	f1	694.32	raw_hz			694.32	Hz	FALSE	evaluation_split_no_training_parameters	SYNTHETIC_TEACHING_FIXTURE
REQ_SYN_SEG_1058_f1	SYN_SEG_1058	SYN_SEG_SPK_30	evaluation	a	f1	694.32	log_hz			6.54293294933599	log_Hz	FALSE	evaluation_split_no_training_parameters	SYNTHETIC_TEACHING_FIXTURE
REQ_SYN_SEG_1058_f1	SYN_SEG_1058	SYN_SEG_SPK_30	evaluation	a	f1	694.32	within_speaker_z				z	FALSE	evaluation_split_no_training_parameters	SYNTHETIC_TEACHING_FIXTURE
REQ_SYN_SEG_1058_f1	SYN_SEG_1058	SYN_SEG_SPK_30	evaluation	a	f1	694.32	f3_reference_scaling				Hz	FALSE	evaluation_split_no_training_parameters	SYNTHETIC_TEACHING_FIXTURE
REQ_SYN_SEG_1058_f2	SYN_SEG_1058	SYN_SEG_SPK_30	evaluation	a	f2	1091.575	raw_hz			1091.575	Hz	FALSE	evaluation_split_no_training_parameters	SYNTHETIC_TEACHING_FIXTURE
REQ_SYN_SEG_1058_f2	SYN_SEG_1058	SYN_SEG_SPK_30	evaluation	a	f2	1091.575	log_hz			6.99537688640996	log_Hz	FALSE	evaluation_split_no_training_parameters	SYNTHETIC_TEACHING_FIXTURE
REQ_SYN_SEG_1058_f2	SYN_SEG_1058	SYN_SEG_SPK_30	evaluation	a	f2	1091.575	within_speaker_z				z	FALSE	evaluation_split_no_training_parameters	SYNTHETIC_TEACHING_FIXTURE
REQ_SYN_SEG_1058_f2	SYN_SEG_1058	SYN_SEG_SPK_30	evaluation	a	f2	1091.575	f3_reference_scaling				Hz	FALSE	evaluation_split_no_training_parameters	SYNTHETIC_TEACHING_FIXTURE
REQ_SYN_SEG_1058_f3	SYN_SEG_1058	SYN_SEG_SPK_30	evaluation	a	f3	2310.056	raw_hz			2310.056	Hz	FALSE	evaluation_split_no_training_parameters	SYNTHETIC_TEACHING_FIXTURE
REQ_SYN_SEG_1058_f3	SYN_SEG_1058	SYN_SEG_SPK_30	evaluation	a	f3	2310.056	log_hz			7.74502704564624	log_Hz	FALSE	evaluation_split_no_training_parameters	SYNTHETIC_TEACHING_FIXTURE
REQ_SYN_SEG_1058_f3	SYN_SEG_1058	SYN_SEG_SPK_30	evaluation	a	f3	2310.056	within_speaker_z				z	FALSE	evaluation_split_no_training_parameters	SYNTHETIC_TEACHING_FIXTURE
REQ_SYN_SEG_1058_f3	SYN_SEG_1058	SYN_SEG_SPK_30	evaluation	a	f3	2310.056	f3_reference_scaling				Hz	FALSE	evaluation_split_no_training_parameters	SYNTHETIC_TEACHING_FIXTURE
REQ_SYN_SEG_1059_f1	SYN_SEG_1059	SYN_SEG_SPK_30	evaluation	u	f1	298.234	raw_hz			298.234	Hz	FALSE	evaluation_split_no_training_parameters	SYNTHETIC_TEACHING_FIXTURE
REQ_SYN_SEG_1059_f1	SYN_SEG_1059	SYN_SEG_SPK_30	evaluation	u	f1	298.234	log_hz			5.6978784132691	log_Hz	FALSE	evaluation_split_no_training_parameters	SYNTHETIC_TEACHING_FIXTURE
REQ_SYN_SEG_1059_f1	SYN_SEG_1059	SYN_SEG_SPK_30	evaluation	u	f1	298.234	within_speaker_z				z	FALSE	evaluation_split_no_training_parameters	SYNTHETIC_TEACHING_FIXTURE
REQ_SYN_SEG_1059_f1	SYN_SEG_1059	SYN_SEG_SPK_30	evaluation	u	f1	298.234	f3_reference_scaling				Hz	FALSE	evaluation_split_no_training_parameters	SYNTHETIC_TEACHING_FIXTURE
REQ_SYN_SEG_1059_f2	SYN_SEG_1059	SYN_SEG_SPK_30	evaluation	u	f2	786.163	raw_hz			786.163	Hz	FALSE	evaluation_split_no_training_parameters	SYNTHETIC_TEACHING_FIXTURE
REQ_SYN_SEG_1059_f2	SYN_SEG_1059	SYN_SEG_SPK_30	evaluation	u	f2	786.163	log_hz			6.66716415006399	log_Hz	FALSE	evaluation_split_no_training_parameters	SYNTHETIC_TEACHING_FIXTURE
REQ_SYN_SEG_1059_f2	SYN_SEG_1059	SYN_SEG_SPK_30	evaluation	u	f2	786.163	within_speaker_z				z	FALSE	evaluation_split_no_training_parameters	SYNTHETIC_TEACHING_FIXTURE
REQ_SYN_SEG_1059_f2	SYN_SEG_1059	SYN_SEG_SPK_30	evaluation	u	f2	786.163	f3_reference_scaling				Hz	FALSE	evaluation_split_no_training_parameters	SYNTHETIC_TEACHING_FIXTURE
REQ_SYN_SEG_1059_f3	SYN_SEG_1059	SYN_SEG_SPK_30	evaluation	u	f3	2037.084	raw_hz			2037.084	Hz	FALSE	evaluation_split_no_training_parameters	SYNTHETIC_TEACHING_FIXTURE
REQ_SYN_SEG_1059_f3	SYN_SEG_1059	SYN_SEG_SPK_30	evaluation	u	f3	2037.084	log_hz			7.61927465248998	log_Hz	FALSE	evaluation_split_no_training_parameters	SYNTHETIC_TEACHING_FIXTURE
REQ_SYN_SEG_1059_f3	SYN_SEG_1059	SYN_SEG_SPK_30	evaluation	u	f3	2037.084	within_speaker_z				z	FALSE	evaluation_split_no_training_parameters	SYNTHETIC_TEACHING_FIXTURE
REQ_SYN_SEG_1059_f3	SYN_SEG_1059	SYN_SEG_SPK_30	evaluation	u	f3	2037.084	f3_reference_scaling				Hz	FALSE	evaluation_split_no_training_parameters	SYNTHETIC_TEACHING_FIXTURE
REQ_SYN_SEG_1060_f1	SYN_SEG_1060	SYN_SEG_SPK_30	evaluation	i	f1	242.619	raw_hz			242.619	Hz	FALSE	evaluation_split_no_training_parameters	SYNTHETIC_TEACHING_FIXTURE
REQ_SYN_SEG_1060_f1	SYN_SEG_1060	SYN_SEG_SPK_30	evaluation	i	f1	242.619	log_hz			5.49149231166253	log_Hz	FALSE	evaluation_split_no_training_parameters	SYNTHETIC_TEACHING_FIXTURE
REQ_SYN_SEG_1060_f1	SYN_SEG_1060	SYN_SEG_SPK_30	evaluation	i	f1	242.619	within_speaker_z				z	FALSE	evaluation_split_no_training_parameters	SYNTHETIC_TEACHING_FIXTURE
REQ_SYN_SEG_1060_f1	SYN_SEG_1060	SYN_SEG_SPK_30	evaluation	i	f1	242.619	f3_reference_scaling				Hz	FALSE	evaluation_split_no_training_parameters	SYNTHETIC_TEACHING_FIXTURE
REQ_SYN_SEG_1060_f2	SYN_SEG_1060	SYN_SEG_SPK_30	evaluation	i	f2	2103.737	raw_hz			2103.737	Hz	FALSE	evaluation_split_no_training_parameters	SYNTHETIC_TEACHING_FIXTURE
REQ_SYN_SEG_1060_f2	SYN_SEG_1060	SYN_SEG_SPK_30	evaluation	i	f2	2103.737	log_hz			7.65147056604445	log_Hz	FALSE	evaluation_split_no_training_parameters	SYNTHETIC_TEACHING_FIXTURE
REQ_SYN_SEG_1060_f2	SYN_SEG_1060	SYN_SEG_SPK_30	evaluation	i	f2	2103.737	within_speaker_z				z	FALSE	evaluation_split_no_training_parameters	SYNTHETIC_TEACHING_FIXTURE
REQ_SYN_SEG_1060_f2	SYN_SEG_1060	SYN_SEG_SPK_30	evaluation	i	f2	2103.737	f3_reference_scaling				Hz	FALSE	evaluation_split_no_training_parameters	SYNTHETIC_TEACHING_FIXTURE
REQ_SYN_SEG_1060_f3	SYN_SEG_1060	SYN_SEG_SPK_30	evaluation	i	f3	2881.628	raw_hz			2881.628	Hz	FALSE	evaluation_split_no_training_parameters	SYNTHETIC_TEACHING_FIXTURE
REQ_SYN_SEG_1060_f3	SYN_SEG_1060	SYN_SEG_SPK_30	evaluation	i	f3	2881.628	log_hz			7.96611069119847	log_Hz	FALSE	evaluation_split_no_training_parameters	SYNTHETIC_TEACHING_FIXTURE
REQ_SYN_SEG_1060_f3	SYN_SEG_1060	SYN_SEG_SPK_30	evaluation	i	f3	2881.628	within_speaker_z				z	FALSE	evaluation_split_no_training_parameters	SYNTHETIC_TEACHING_FIXTURE
REQ_SYN_SEG_1060_f3	SYN_SEG_1060	SYN_SEG_SPK_30	evaluation	i	f3	2881.628	f3_reference_scaling				Hz	FALSE	evaluation_split_no_training_parameters	SYNTHETIC_TEACHING_FIXTURE
REQ_SYN_SEG_1061_f1	SYN_SEG_1061	SYN_SEG_SPK_30	evaluation	a	f1	677.54	raw_hz			677.54	Hz	FALSE	evaluation_split_no_training_parameters	SYNTHETIC_TEACHING_FIXTURE
REQ_SYN_SEG_1061_f1	SYN_SEG_1061	SYN_SEG_SPK_30	evaluation	a	f1	677.54	log_hz			6.51846859160143	log_Hz	FALSE	evaluation_split_no_training_parameters	SYNTHETIC_TEACHING_FIXTURE
REQ_SYN_SEG_1061_f1	SYN_SEG_1061	SYN_SEG_SPK_30	evaluation	a	f1	677.54	within_speaker_z				z	FALSE	evaluation_split_no_training_parameters	SYNTHETIC_TEACHING_FIXTURE
REQ_SYN_SEG_1061_f1	SYN_SEG_1061	SYN_SEG_SPK_30	evaluation	a	f1	677.54	f3_reference_scaling				Hz	FALSE	evaluation_split_no_training_parameters	SYNTHETIC_TEACHING_FIXTURE
REQ_SYN_SEG_1061_f2	SYN_SEG_1061	SYN_SEG_SPK_30	evaluation	a	f2	1138.098	raw_hz			1138.098	Hz	FALSE	evaluation_split_no_training_parameters	SYNTHETIC_TEACHING_FIXTURE
REQ_SYN_SEG_1061_f2	SYN_SEG_1061	SYN_SEG_SPK_30	evaluation	a	f2	1138.098	log_hz			7.03711372697148	log_Hz	FALSE	evaluation_split_no_training_parameters	SYNTHETIC_TEACHING_FIXTURE
REQ_SYN_SEG_1061_f2	SYN_SEG_1061	SYN_SEG_SPK_30	evaluation	a	f2	1138.098	within_speaker_z				z	FALSE	evaluation_split_no_training_parameters	SYNTHETIC_TEACHING_FIXTURE
REQ_SYN_SEG_1061_f2	SYN_SEG_1061	SYN_SEG_SPK_30	evaluation	a	f2	1138.098	f3_reference_scaling				Hz	FALSE	evaluation_split_no_training_parameters	SYNTHETIC_TEACHING_FIXTURE
REQ_SYN_SEG_1061_f3	SYN_SEG_1061	SYN_SEG_SPK_30	evaluation	a	f3	2283.333	raw_hz			2283.333	Hz	FALSE	evaluation_split_no_training_parameters	SYNTHETIC_TEACHING_FIXTURE
REQ_SYN_SEG_1061_f3	SYN_SEG_1061	SYN_SEG_SPK_30	evaluation	a	f3	2283.333	log_hz			7.73339149660275	log_Hz	FALSE	evaluation_split_no_training_parameters	SYNTHETIC_TEACHING_FIXTURE
REQ_SYN_SEG_1061_f3	SYN_SEG_1061	SYN_SEG_SPK_30	evaluation	a	f3	2283.333	within_speaker_z				z	FALSE	evaluation_split_no_training_parameters	SYNTHETIC_TEACHING_FIXTURE
REQ_SYN_SEG_1061_f3	SYN_SEG_1061	SYN_SEG_SPK_30	evaluation	a	f3	2283.333	f3_reference_scaling				Hz	FALSE	evaluation_split_no_training_parameters	SYNTHETIC_TEACHING_FIXTURE
REQ_SYN_SEG_1062_f1	SYN_SEG_1062	SYN_SEG_SPK_30	evaluation	u	f1	295.868	raw_hz			295.868	Hz	FALSE	evaluation_split_no_training_parameters	SYNTHETIC_TEACHING_FIXTURE
REQ_SYN_SEG_1062_f1	SYN_SEG_1062	SYN_SEG_SPK_30	evaluation	u	f1	295.868	log_hz			5.68991340891465	log_Hz	FALSE	evaluation_split_no_training_parameters	SYNTHETIC_TEACHING_FIXTURE
REQ_SYN_SEG_1062_f1	SYN_SEG_1062	SYN_SEG_SPK_30	evaluation	u	f1	295.868	within_speaker_z				z	FALSE	evaluation_split_no_training_parameters	SYNTHETIC_TEACHING_FIXTURE
REQ_SYN_SEG_1062_f1	SYN_SEG_1062	SYN_SEG_SPK_30	evaluation	u	f1	295.868	f3_reference_scaling				Hz	FALSE	evaluation_split_no_training_parameters	SYNTHETIC_TEACHING_FIXTURE
REQ_SYN_SEG_1062_f2	SYN_SEG_1062	SYN_SEG_SPK_30	evaluation	u	f2	840.298	raw_hz			840.298	Hz	FALSE	evaluation_split_no_training_parameters	SYNTHETIC_TEACHING_FIXTURE
REQ_SYN_SEG_1062_f2	SYN_SEG_1062	SYN_SEG_SPK_30	evaluation	u	f2	840.298	log_hz			6.733756590829	log_Hz	FALSE	evaluation_split_no_training_parameters	SYNTHETIC_TEACHING_FIXTURE
REQ_SYN_SEG_1062_f2	SYN_SEG_1062	SYN_SEG_SPK_30	evaluation	u	f2	840.298	within_speaker_z				z	FALSE	evaluation_split_no_training_parameters	SYNTHETIC_TEACHING_FIXTURE
REQ_SYN_SEG_1062_f2	SYN_SEG_1062	SYN_SEG_SPK_30	evaluation	u	f2	840.298	f3_reference_scaling				Hz	FALSE	evaluation_split_no_training_parameters	SYNTHETIC_TEACHING_FIXTURE
REQ_SYN_SEG_1062_f3	SYN_SEG_1062	SYN_SEG_SPK_30	evaluation	u	f3	2026.297	raw_hz			2026.297	Hz	FALSE	evaluation_split_no_training_parameters	SYNTHETIC_TEACHING_FIXTURE
REQ_SYN_SEG_1062_f3	SYN_SEG_1062	SYN_SEG_SPK_30	evaluation	u	f3	2026.297	log_hz			7.61396526833917	log_Hz	FALSE	evaluation_split_no_training_parameters	SYNTHETIC_TEACHING_FIXTURE
REQ_SYN_SEG_1062_f3	SYN_SEG_1062	SYN_SEG_SPK_30	evaluation	u	f3	2026.297	within_speaker_z				z	FALSE	evaluation_split_no_training_parameters	SYNTHETIC_TEACHING_FIXTURE
REQ_SYN_SEG_1062_f3	SYN_SEG_1062	SYN_SEG_SPK_30	evaluation	u	f3	2026.297	f3_reference_scaling				Hz	FALSE	evaluation_split_no_training_parameters	SYNTHETIC_TEACHING_FIXTURE
REQ_SYN_SEG_1063_f1	SYN_SEG_1063	SYN_SEG_SPK_30	evaluation	i	f1	237.413	raw_hz			237.413	Hz	FALSE	evaluation_split_no_training_parameters	SYNTHETIC_TEACHING_FIXTURE
REQ_SYN_SEG_1063_f1	SYN_SEG_1063	SYN_SEG_SPK_30	evaluation	i	f1	237.413	log_hz			5.4698012405752	log_Hz	FALSE	evaluation_split_no_training_parameters	SYNTHETIC_TEACHING_FIXTURE
REQ_SYN_SEG_1063_f1	SYN_SEG_1063	SYN_SEG_SPK_30	evaluation	i	f1	237.413	within_speaker_z				z	FALSE	evaluation_split_no_training_parameters	SYNTHETIC_TEACHING_FIXTURE
REQ_SYN_SEG_1063_f1	SYN_SEG_1063	SYN_SEG_SPK_30	evaluation	i	f1	237.413	f3_reference_scaling				Hz	FALSE	evaluation_split_no_training_parameters	SYNTHETIC_TEACHING_FIXTURE
REQ_SYN_SEG_1063_f2	SYN_SEG_1063	SYN_SEG_SPK_30	evaluation	i	f2	2065.053	raw_hz			2065.053	Hz	FALSE	evaluation_split_no_training_parameters	SYNTHETIC_TEACHING_FIXTURE
REQ_SYN_SEG_1063_f2	SYN_SEG_1063	SYN_SEG_SPK_30	evaluation	i	f2	2065.053	log_hz			7.63291117092533	log_Hz	FALSE	evaluation_split_no_training_parameters	SYNTHETIC_TEACHING_FIXTURE
REQ_SYN_SEG_1063_f2	SYN_SEG_1063	SYN_SEG_SPK_30	evaluation	i	f2	2065.053	within_speaker_z				z	FALSE	evaluation_split_no_training_parameters	SYNTHETIC_TEACHING_FIXTURE
REQ_SYN_SEG_1063_f2	SYN_SEG_1063	SYN_SEG_SPK_30	evaluation	i	f2	2065.053	f3_reference_scaling				Hz	FALSE	evaluation_split_no_training_parameters	SYNTHETIC_TEACHING_FIXTURE
REQ_SYN_SEG_1063_f3	SYN_SEG_1063	SYN_SEG_SPK_30	evaluation	i	f3	2722.667	raw_hz			2722.667	Hz	FALSE	evaluation_split_no_training_parameters	SYNTHETIC_TEACHING_FIXTURE
REQ_SYN_SEG_1063_f3	SYN_SEG_1063	SYN_SEG_SPK_30	evaluation	i	f3	2722.667	log_hz			7.90936719360538	log_Hz	FALSE	evaluation_split_no_training_parameters	SYNTHETIC_TEACHING_FIXTURE
REQ_SYN_SEG_1063_f3	SYN_SEG_1063	SYN_SEG_SPK_30	evaluation	i	f3	2722.667	within_speaker_z				z	FALSE	evaluation_split_no_training_parameters	SYNTHETIC_TEACHING_FIXTURE
REQ_SYN_SEG_1063_f3	SYN_SEG_1063	SYN_SEG_SPK_30	evaluation	i	f3	2722.667	f3_reference_scaling				Hz	FALSE	evaluation_split_no_training_parameters	SYNTHETIC_TEACHING_FIXTURE
REQ_SYN_SEG_1064_f1	SYN_SEG_1064	SYN_SEG_SPK_30	evaluation	a	f1	686.471	raw_hz			686.471	Hz	FALSE	evaluation_split_no_training_parameters	SYNTHETIC_TEACHING_FIXTURE
REQ_SYN_SEG_1064_f1	SYN_SEG_1064	SYN_SEG_SPK_30	evaluation	a	f1	686.471	log_hz			6.53156398105283	log_Hz	FALSE	evaluation_split_no_training_parameters	SYNTHETIC_TEACHING_FIXTURE
REQ_SYN_SEG_1064_f1	SYN_SEG_1064	SYN_SEG_SPK_30	evaluation	a	f1	686.471	within_speaker_z				z	FALSE	evaluation_split_no_training_parameters	SYNTHETIC_TEACHING_FIXTURE
REQ_SYN_SEG_1064_f1	SYN_SEG_1064	SYN_SEG_SPK_30	evaluation	a	f1	686.471	f3_reference_scaling				Hz	FALSE	evaluation_split_no_training_parameters	SYNTHETIC_TEACHING_FIXTURE
REQ_SYN_SEG_1064_f2	SYN_SEG_1064	SYN_SEG_SPK_30	evaluation	a	f2	1106.647	raw_hz			1106.647	Hz	FALSE	evaluation_split_no_training_parameters	SYNTHETIC_TEACHING_FIXTURE
REQ_SYN_SEG_1064_f2	SYN_SEG_1064	SYN_SEG_SPK_30	evaluation	a	f2	1106.647	log_hz			7.00909000200018	log_Hz	FALSE	evaluation_split_no_training_parameters	SYNTHETIC_TEACHING_FIXTURE
REQ_SYN_SEG_1064_f2	SYN_SEG_1064	SYN_SEG_SPK_30	evaluation	a	f2	1106.647	within_speaker_z				z	FALSE	evaluation_split_no_training_parameters	SYNTHETIC_TEACHING_FIXTURE
REQ_SYN_SEG_1064_f2	SYN_SEG_1064	SYN_SEG_SPK_30	evaluation	a	f2	1106.647	f3_reference_scaling				Hz	FALSE	evaluation_split_no_training_parameters	SYNTHETIC_TEACHING_FIXTURE
REQ_SYN_SEG_1064_f3	SYN_SEG_1064	SYN_SEG_SPK_30	evaluation	a	f3	2372.691	raw_hz			2372.691	Hz	FALSE	evaluation_split_no_training_parameters	SYNTHETIC_TEACHING_FIXTURE
REQ_SYN_SEG_1064_f3	SYN_SEG_1064	SYN_SEG_SPK_30	evaluation	a	f3	2372.691	log_hz			7.77178003303924	log_Hz	FALSE	evaluation_split_no_training_parameters	SYNTHETIC_TEACHING_FIXTURE
REQ_SYN_SEG_1064_f3	SYN_SEG_1064	SYN_SEG_SPK_30	evaluation	a	f3	2372.691	within_speaker_z				z	FALSE	evaluation_split_no_training_parameters	SYNTHETIC_TEACHING_FIXTURE
REQ_SYN_SEG_1064_f3	SYN_SEG_1064	SYN_SEG_SPK_30	evaluation	a	f3	2372.691	f3_reference_scaling				Hz	FALSE	evaluation_split_no_training_parameters	SYNTHETIC_TEACHING_FIXTURE
REQ_SYN_SEG_1065_f1	SYN_SEG_1065	SYN_SEG_SPK_30	evaluation	u	f1	334.915	raw_hz			334.915	Hz	FALSE	evaluation_split_no_training_parameters	SYNTHETIC_TEACHING_FIXTURE
REQ_SYN_SEG_1065_f1	SYN_SEG_1065	SYN_SEG_SPK_30	evaluation	u	f1	334.915	log_hz			5.81387676828654	log_Hz	FALSE	evaluation_split_no_training_parameters	SYNTHETIC_TEACHING_FIXTURE
REQ_SYN_SEG_1065_f1	SYN_SEG_1065	SYN_SEG_SPK_30	evaluation	u	f1	334.915	within_speaker_z				z	FALSE	evaluation_split_no_training_parameters	SYNTHETIC_TEACHING_FIXTURE
REQ_SYN_SEG_1065_f1	SYN_SEG_1065	SYN_SEG_SPK_30	evaluation	u	f1	334.915	f3_reference_scaling				Hz	FALSE	evaluation_split_no_training_parameters	SYNTHETIC_TEACHING_FIXTURE
REQ_SYN_SEG_1065_f2	SYN_SEG_1065	SYN_SEG_SPK_30	evaluation	u	f2	855.548	raw_hz			855.548	Hz	FALSE	evaluation_split_no_training_parameters	SYNTHETIC_TEACHING_FIXTURE
REQ_SYN_SEG_1065_f2	SYN_SEG_1065	SYN_SEG_SPK_30	evaluation	u	f2	855.548	log_hz			6.75174219929773	log_Hz	FALSE	evaluation_split_no_training_parameters	SYNTHETIC_TEACHING_FIXTURE
REQ_SYN_SEG_1065_f2	SYN_SEG_1065	SYN_SEG_SPK_30	evaluation	u	f2	855.548	within_speaker_z				z	FALSE	evaluation_split_no_training_parameters	SYNTHETIC_TEACHING_FIXTURE
REQ_SYN_SEG_1065_f2	SYN_SEG_1065	SYN_SEG_SPK_30	evaluation	u	f2	855.548	f3_reference_scaling				Hz	FALSE	evaluation_split_no_training_parameters	SYNTHETIC_TEACHING_FIXTURE
REQ_SYN_SEG_1065_f3	SYN_SEG_1065	SYN_SEG_SPK_30	evaluation	u	f3	2021.989	raw_hz			2021.989	Hz	FALSE	evaluation_split_no_training_parameters	SYNTHETIC_TEACHING_FIXTURE
REQ_SYN_SEG_1065_f3	SYN_SEG_1065	SYN_SEG_SPK_30	evaluation	u	f3	2021.989	log_hz			7.61183695940736	log_Hz	FALSE	evaluation_split_no_training_parameters	SYNTHETIC_TEACHING_FIXTURE
REQ_SYN_SEG_1065_f3	SYN_SEG_1065	SYN_SEG_SPK_30	evaluation	u	f3	2021.989	within_speaker_z				z	FALSE	evaluation_split_no_training_parameters	SYNTHETIC_TEACHING_FIXTURE
REQ_SYN_SEG_1065_f3	SYN_SEG_1065	SYN_SEG_SPK_30	evaluation	u	f3	2021.989	f3_reference_scaling				Hz	FALSE	evaluation_split_no_training_parameters	SYNTHETIC_TEACHING_FIXTURE
REQ_SYN_SEG_1066_f1	SYN_SEG_1066	SYN_SEG_SPK_30	evaluation	i	f1	281.567	raw_hz			281.567	Hz	FALSE	evaluation_split_no_training_parameters	SYNTHETIC_TEACHING_FIXTURE
REQ_SYN_SEG_1066_f1	SYN_SEG_1066	SYN_SEG_SPK_30	evaluation	i	f1	281.567	log_hz			5.6403704299169	log_Hz	FALSE	evaluation_split_no_training_parameters	SYNTHETIC_TEACHING_FIXTURE
REQ_SYN_SEG_1066_f1	SYN_SEG_1066	SYN_SEG_SPK_30	evaluation	i	f1	281.567	within_speaker_z				z	FALSE	evaluation_split_no_training_parameters	SYNTHETIC_TEACHING_FIXTURE
REQ_SYN_SEG_1066_f1	SYN_SEG_1066	SYN_SEG_SPK_30	evaluation	i	f1	281.567	f3_reference_scaling				Hz	FALSE	evaluation_split_no_training_parameters	SYNTHETIC_TEACHING_FIXTURE
REQ_SYN_SEG_1066_f2	SYN_SEG_1066	SYN_SEG_SPK_30	evaluation	i	f2	2196.783	raw_hz			2196.783	Hz	FALSE	evaluation_split_no_training_parameters	SYNTHETIC_TEACHING_FIXTURE
REQ_SYN_SEG_1066_f2	SYN_SEG_1066	SYN_SEG_SPK_30	evaluation	i	f2	2196.783	log_hz			7.694749296455	log_Hz	FALSE	evaluation_split_no_training_parameters	SYNTHETIC_TEACHING_FIXTURE
REQ_SYN_SEG_1066_f2	SYN_SEG_1066	SYN_SEG_SPK_30	evaluation	i	f2	2196.783	within_speaker_z				z	FALSE	evaluation_split_no_training_parameters	SYNTHETIC_TEACHING_FIXTURE
REQ_SYN_SEG_1066_f2	SYN_SEG_1066	SYN_SEG_SPK_30	evaluation	i	f2	2196.783	f3_reference_scaling				Hz	FALSE	evaluation_split_no_training_parameters	SYNTHETIC_TEACHING_FIXTURE
REQ_SYN_SEG_1066_f3	SYN_SEG_1066	SYN_SEG_SPK_30	evaluation	i	f3	2802.295	raw_hz			2802.295	Hz	FALSE	evaluation_split_no_training_parameters	SYNTHETIC_TEACHING_FIXTURE
REQ_SYN_SEG_1066_f3	SYN_SEG_1066	SYN_SEG_SPK_30	evaluation	i	f3	2802.295	log_hz			7.93819400329667	log_Hz	FALSE	evaluation_split_no_training_parameters	SYNTHETIC_TEACHING_FIXTURE
REQ_SYN_SEG_1066_f3	SYN_SEG_1066	SYN_SEG_SPK_30	evaluation	i	f3	2802.295	within_speaker_z				z	FALSE	evaluation_split_no_training_parameters	SYNTHETIC_TEACHING_FIXTURE
REQ_SYN_SEG_1066_f3	SYN_SEG_1066	SYN_SEG_SPK_30	evaluation	i	f3	2802.295	f3_reference_scaling				Hz	FALSE	evaluation_split_no_training_parameters	SYNTHETIC_TEACHING_FIXTURE
REQ_SYN_SEG_1067_f1	SYN_SEG_1067	SYN_SEG_SPK_30	evaluation	a	f1	752.364	raw_hz			752.364	Hz	FALSE	evaluation_split_no_training_parameters	SYNTHETIC_TEACHING_FIXTURE
REQ_SYN_SEG_1067_f1	SYN_SEG_1067	SYN_SEG_SPK_30	evaluation	a	f1	752.364	log_hz			6.62322024939222	log_Hz	FALSE	evaluation_split_no_training_parameters	SYNTHETIC_TEACHING_FIXTURE
REQ_SYN_SEG_1067_f1	SYN_SEG_1067	SYN_SEG_SPK_30	evaluation	a	f1	752.364	within_speaker_z				z	FALSE	evaluation_split_no_training_parameters	SYNTHETIC_TEACHING_FIXTURE
REQ_SYN_SEG_1067_f1	SYN_SEG_1067	SYN_SEG_SPK_30	evaluation	a	f1	752.364	f3_reference_scaling				Hz	FALSE	evaluation_split_no_training_parameters	SYNTHETIC_TEACHING_FIXTURE
REQ_SYN_SEG_1067_f2	SYN_SEG_1067	SYN_SEG_SPK_30	evaluation	a	f2	1080.103	raw_hz			1080.103	Hz	FALSE	evaluation_split_no_training_parameters	SYNTHETIC_TEACHING_FIXTURE
REQ_SYN_SEG_1067_f2	SYN_SEG_1067	SYN_SEG_SPK_30	evaluation	a	f2	1080.103	log_hz			6.98481168594117	log_Hz	FALSE	evaluation_split_no_training_parameters	SYNTHETIC_TEACHING_FIXTURE
REQ_SYN_SEG_1067_f2	SYN_SEG_1067	SYN_SEG_SPK_30	evaluation	a	f2	1080.103	within_speaker_z				z	FALSE	evaluation_split_no_training_parameters	SYNTHETIC_TEACHING_FIXTURE
REQ_SYN_SEG_1067_f2	SYN_SEG_1067	SYN_SEG_SPK_30	evaluation	a	f2	1080.103	f3_reference_scaling				Hz	FALSE	evaluation_split_no_training_parameters	SYNTHETIC_TEACHING_FIXTURE
REQ_SYN_SEG_1067_f3	SYN_SEG_1067	SYN_SEG_SPK_30	evaluation	a	f3	2323.885	raw_hz			2323.885	Hz	FALSE	evaluation_split_no_training_parameters	SYNTHETIC_TEACHING_FIXTURE
REQ_SYN_SEG_1067_f3	SYN_SEG_1067	SYN_SEG_SPK_30	evaluation	a	f3	2323.885	log_hz			7.75099563309856	log_Hz	FALSE	evaluation_split_no_training_parameters	SYNTHETIC_TEACHING_FIXTURE
REQ_SYN_SEG_1067_f3	SYN_SEG_1067	SYN_SEG_SPK_30	evaluation	a	f3	2323.885	within_speaker_z				z	FALSE	evaluation_split_no_training_parameters	SYNTHETIC_TEACHING_FIXTURE
REQ_SYN_SEG_1067_f3	SYN_SEG_1067	SYN_SEG_SPK_30	evaluation	a	f3	2323.885	f3_reference_scaling				Hz	FALSE	evaluation_split_no_training_parameters	SYNTHETIC_TEACHING_FIXTURE
REQ_SYN_SEG_1068_f1	SYN_SEG_1068	SYN_SEG_SPK_30	evaluation	u	f1	310.405	raw_hz			310.405	Hz	FALSE	evaluation_split_no_training_parameters	SYNTHETIC_TEACHING_FIXTURE
REQ_SYN_SEG_1068_f1	SYN_SEG_1068	SYN_SEG_SPK_30	evaluation	u	f1	310.405	log_hz			5.73787789642675	log_Hz	FALSE	evaluation_split_no_training_parameters	SYNTHETIC_TEACHING_FIXTURE
REQ_SYN_SEG_1068_f1	SYN_SEG_1068	SYN_SEG_SPK_30	evaluation	u	f1	310.405	within_speaker_z				z	FALSE	evaluation_split_no_training_parameters	SYNTHETIC_TEACHING_FIXTURE
REQ_SYN_SEG_1068_f1	SYN_SEG_1068	SYN_SEG_SPK_30	evaluation	u	f1	310.405	f3_reference_scaling				Hz	FALSE	evaluation_split_no_training_parameters	SYNTHETIC_TEACHING_FIXTURE
REQ_SYN_SEG_1068_f2	SYN_SEG_1068	SYN_SEG_SPK_30	evaluation	u	f2	819.485	raw_hz			819.485	Hz	FALSE	evaluation_split_no_training_parameters	SYNTHETIC_TEACHING_FIXTURE
REQ_SYN_SEG_1068_f2	SYN_SEG_1068	SYN_SEG_SPK_30	evaluation	u	f2	819.485	log_hz			6.70867609417256	log_Hz	FALSE	evaluation_split_no_training_parameters	SYNTHETIC_TEACHING_FIXTURE
REQ_SYN_SEG_1068_f2	SYN_SEG_1068	SYN_SEG_SPK_30	evaluation	u	f2	819.485	within_speaker_z				z	FALSE	evaluation_split_no_training_parameters	SYNTHETIC_TEACHING_FIXTURE
REQ_SYN_SEG_1068_f2	SYN_SEG_1068	SYN_SEG_SPK_30	evaluation	u	f2	819.485	f3_reference_scaling				Hz	FALSE	evaluation_split_no_training_parameters	SYNTHETIC_TEACHING_FIXTURE
REQ_SYN_SEG_1068_f3	SYN_SEG_1068	SYN_SEG_SPK_30	evaluation	u	f3	2095.319	raw_hz			2095.319	Hz	FALSE	evaluation_split_no_training_parameters	SYNTHETIC_TEACHING_FIXTURE
REQ_SYN_SEG_1068_f3	SYN_SEG_1068	SYN_SEG_SPK_30	evaluation	u	f3	2095.319	log_hz			7.64746108806785	log_Hz	FALSE	evaluation_split_no_training_parameters	SYNTHETIC_TEACHING_FIXTURE
REQ_SYN_SEG_1068_f3	SYN_SEG_1068	SYN_SEG_SPK_30	evaluation	u	f3	2095.319	within_speaker_z				z	FALSE	evaluation_split_no_training_parameters	SYNTHETIC_TEACHING_FIXTURE
REQ_SYN_SEG_1068_f3	SYN_SEG_1068	SYN_SEG_SPK_30	evaluation	u	f3	2095.319	f3_reference_scaling				Hz	FALSE	evaluation_split_no_training_parameters	SYNTHETIC_TEACHING_FIXTURE
