token_id	frame_index	speaker_id	item_id	condition_id	requested_time_s	onset_relative_ms	landmark_relative_ms	proportional_time	raw_candidate_f0_hz	observed_f0_hz	gap_code	analysis_f0_hz	analysis_f0_st	value_origin	series_start	data_status
SYN_TRAJ_001	0	SYN_PROS_SPK_01	SYN_ITEM_01	SYN_SHORT	2	0	-120	0	116.3584	116.3584		116.3584	-0.739684969121494	observed	TRUE	SYNTHETIC_TEACHING_FIXTURE
SYN_TRAJ_001	1	SYN_PROS_SPK_01	SYN_ITEM_01	SYN_SHORT	2.01	10	-110	0.0340136054421769	113.3753	113.3753		113.3753	-1.1893129150475	observed	FALSE	SYNTHETIC_TEACHING_FIXTURE
SYN_TRAJ_001	2	SYN_PROS_SPK_01	SYN_ITEM_01	SYN_SHORT	2.02	20	-100	0.0680272108843537	112.4891	112.4891		112.4891	-1.32516677136536	observed	FALSE	SYNTHETIC_TEACHING_FIXTURE
SYN_TRAJ_001	3	SYN_PROS_SPK_01	SYN_ITEM_01	SYN_SHORT	2.03	30	-90.0000000000003	0.102040816326531	114.0059	114.0059		114.0059	-1.09328747492721	observed	FALSE	SYNTHETIC_TEACHING_FIXTURE
SYN_TRAJ_001	4	SYN_PROS_SPK_01	SYN_ITEM_01	SYN_SHORT	2.04	40	-80.0000000000001	0.136054421768707	116.716	116.716		116.716	-0.686561178458511	observed	FALSE	SYNTHETIC_TEACHING_FIXTURE
SYN_TRAJ_001	5	SYN_PROS_SPK_01	SYN_ITEM_01	SYN_SHORT	2.05	50	-70.0000000000003	0.170068027210884	115.4178	115.4178		115.4178	-0.880200491087135	observed	FALSE	SYNTHETIC_TEACHING_FIXTURE
SYN_TRAJ_001	6	SYN_PROS_SPK_01	SYN_ITEM_01	SYN_SHORT	2.06	60	-60.0000000000001	0.204081632653061	116.5133	116.5133		116.5133	-0.716653557940896	observed	FALSE	SYNTHETIC_TEACHING_FIXTURE
SYN_TRAJ_001	7	SYN_PROS_SPK_01	SYN_ITEM_01	SYN_SHORT	2.07	70	-50.0000000000003	0.238095238095238	117.1915	117.1915		117.1915	-0.616174130219848	observed	FALSE	SYNTHETIC_TEACHING_FIXTURE
SYN_TRAJ_001	8	SYN_PROS_SPK_01	SYN_ITEM_01	SYN_SHORT	2.08	80	-40	0.272108843537415	115.5282	115.5282		115.5282	-0.863648721099726	observed	FALSE	SYNTHETIC_TEACHING_FIXTURE
SYN_TRAJ_001	9	SYN_PROS_SPK_01	SYN_ITEM_01	SYN_SHORT	2.09	90	-30.0000000000002	0.306122448979592	116.4047	116.4047		116.4047	-0.732797611329045	observed	FALSE	SYNTHETIC_TEACHING_FIXTURE
SYN_TRAJ_001	10	SYN_PROS_SPK_01	SYN_ITEM_01	SYN_SHORT	2.1	100	-20	0.340136054421769	118.7411	118.7411		118.7411	-0.38875673563726	observed	FALSE	SYNTHETIC_TEACHING_FIXTURE
SYN_TRAJ_001	11	SYN_PROS_SPK_01	SYN_ITEM_01	SYN_SHORT	2.11	110	-10.0000000000002	0.374149659863946	119.8761	119.8761		119.8761	-0.224060689846547	observed	FALSE	SYNTHETIC_TEACHING_FIXTURE
SYN_TRAJ_001	12	SYN_PROS_SPK_01	SYN_ITEM_01	SYN_SHORT	2.12	120	0	0.408163265306122	123.7376	123.7376		123.7376	0.324818149923543	observed	FALSE	SYNTHETIC_TEACHING_FIXTURE
SYN_TRAJ_001	13	SYN_PROS_SPK_01	SYN_ITEM_01	SYN_SHORT	2.13	130	9.99999999999979	0.442176870748299	122.2535	122.2535		122.2535	0.115919890890823	observed	FALSE	SYNTHETIC_TEACHING_FIXTURE
SYN_TRAJ_001	14	SYN_PROS_SPK_01	SYN_ITEM_01	SYN_SHORT	2.14	140	20	0.476190476190476	124.3258	124.3258		124.3258	0.406919239897521	observed	FALSE	SYNTHETIC_TEACHING_FIXTURE
SYN_TRAJ_001	15	SYN_PROS_SPK_01	SYN_ITEM_01	SYN_SHORT	2.15	150	29.9999999999998	0.510204081632653	127.7133	127.7133		127.7133	0.872315958986663	observed	FALSE	SYNTHETIC_TEACHING_FIXTURE
SYN_TRAJ_001	16	SYN_PROS_SPK_01	SYN_ITEM_01	SYN_SHORT	2.16	160	40	0.54421768707483	130.7542	130.7542		130.7542	1.27969812818375	observed	FALSE	SYNTHETIC_TEACHING_FIXTURE
SYN_TRAJ_001	17	SYN_PROS_SPK_01	SYN_ITEM_01	SYN_SHORT	2.17	170	49.9999999999998	0.578231292517007	134.6235	134.6235		134.6235	1.78457390702626	observed	FALSE	SYNTHETIC_TEACHING_FIXTURE
SYN_TRAJ_001	18	SYN_PROS_SPK_01	SYN_ITEM_01	SYN_SHORT	2.18	180	60.0000000000001	0.612244897959184	134.0425	134.0425		134.0425	1.70969665791537	observed	FALSE	SYNTHETIC_TEACHING_FIXTURE
SYN_TRAJ_001	19	SYN_PROS_SPK_01	SYN_ITEM_01	SYN_SHORT	2.19	190	69.9999999999998	0.646258503401361	132.8219	132.8219		132.8219	1.55132716267636	observed	FALSE	SYNTHETIC_TEACHING_FIXTURE
SYN_TRAJ_001	20	SYN_PROS_SPK_01	SYN_ITEM_01	SYN_SHORT	2.2	200	80.0000000000001	0.680272108843537	128.606	128.606		128.606	0.992906088901245	observed	FALSE	SYNTHETIC_TEACHING_FIXTURE
SYN_TRAJ_001	21	SYN_PROS_SPK_01	SYN_ITEM_01	SYN_SHORT	2.21	210	89.9999999999999	0.714285714285714	127.864	127.864		127.864	0.892732248025691	observed	FALSE	SYNTHETIC_TEACHING_FIXTURE
SYN_TRAJ_001	22	SYN_PROS_SPK_01	SYN_ITEM_01	SYN_SHORT	2.22	220	100	0.748299319727891	118.3559		estimator_failure	120.72125	-0.102433541863264	interpolated_estimator_failure	FALSE	SYNTHETIC_TEACHING_FIXTURE
SYN_TRAJ_001	23	SYN_PROS_SPK_01	SYN_ITEM_01	SYN_SHORT	2.23	230	110	0.782312925170068	113.5785	113.5785		113.5785	-1.15831216927713	observed	FALSE	SYNTHETIC_TEACHING_FIXTURE
SYN_TRAJ_001	24	SYN_PROS_SPK_01	SYN_ITEM_01	SYN_SHORT	2.24	240	120	0.816326530612245	111.703	111.703		111.703	-1.44657414150507	observed	FALSE	SYNTHETIC_TEACHING_FIXTURE
SYN_TRAJ_001	25	SYN_PROS_SPK_01	SYN_ITEM_01	SYN_SHORT	2.25	250	130	0.850340136054422	113.5225	113.5225		113.5225	-1.16685014213614	observed	FALSE	SYNTHETIC_TEACHING_FIXTURE
SYN_TRAJ_001	26	SYN_PROS_SPK_01	SYN_ITEM_01	SYN_SHORT	2.26	260	140	0.884353741496599	113.2763	113.2763		113.2763	-1.20443675990521	observed	FALSE	SYNTHETIC_TEACHING_FIXTURE
SYN_TRAJ_001	27	SYN_PROS_SPK_01	SYN_ITEM_01	SYN_SHORT	2.27	270	150	0.918367346938776	113.5183	113.5183		113.5183	-1.16749065987629	observed	FALSE	SYNTHETIC_TEACHING_FIXTURE
SYN_TRAJ_001	28	SYN_PROS_SPK_01	SYN_ITEM_01	SYN_SHORT	2.28	280	160	0.952380952380952	109.6754	109.6754		109.6754	-1.7637097172867	observed	FALSE	SYNTHETIC_TEACHING_FIXTURE
SYN_TRAJ_001	29	SYN_PROS_SPK_01	SYN_ITEM_01	SYN_SHORT	2.29	290	170	0.986394557823129	109.7551	109.7551		109.7551	-1.75113358408934	observed	FALSE	SYNTHETIC_TEACHING_FIXTURE
SYN_TRAJ_002	0	SYN_PROS_SPK_01	SYN_ITEM_02	SYN_LONG	4	0	-120	0	119.0805	119.0805		119.0805	-0.339343121805978	observed	TRUE	SYNTHETIC_TEACHING_FIXTURE
SYN_TRAJ_002	1	SYN_PROS_SPK_01	SYN_ITEM_02	SYN_LONG	4.01	10	-110	0.022883295194508	119.9181	119.9181		119.9181	-0.21799617028733	observed	FALSE	SYNTHETIC_TEACHING_FIXTURE
SYN_TRAJ_002	2	SYN_PROS_SPK_01	SYN_ITEM_02	SYN_LONG	4.02	20	-100.000000000001	0.045766590389016	117.4917	117.4917		117.4917	-0.571883209949701	observed	FALSE	SYNTHETIC_TEACHING_FIXTURE
SYN_TRAJ_002	3	SYN_PROS_SPK_01	SYN_ITEM_02	SYN_LONG	4.03	30	-89.9999999999999	0.068649885583524	118.9847	118.9847		118.9847	-0.353276467028462	observed	FALSE	SYNTHETIC_TEACHING_FIXTURE
SYN_TRAJ_002	4	SYN_PROS_SPK_01	SYN_ITEM_02	SYN_LONG	4.04	40	-80.0000000000001	0.091533180778032	118.0285	118.0285		118.0285	-0.49296615342842	observed	FALSE	SYNTHETIC_TEACHING_FIXTURE
SYN_TRAJ_002	5	SYN_PROS_SPK_01	SYN_ITEM_02	SYN_LONG	4.05	50	-70.0000000000003	0.11441647597254	116.6783	116.6783		116.6783	-0.692154076332836	observed	FALSE	SYNTHETIC_TEACHING_FIXTURE
SYN_TRAJ_002	6	SYN_PROS_SPK_01	SYN_ITEM_02	SYN_LONG	4.06	60	-60.0000000000005	0.137299771167048	115.7237	115.7237		115.7237	-0.834377062166418	observed	FALSE	SYNTHETIC_TEACHING_FIXTURE
SYN_TRAJ_002	7	SYN_PROS_SPK_01	SYN_ITEM_02	SYN_LONG	4.07	70	-49.9999999999998	0.160183066361556	115.8448	115.8448		115.8448	-0.816269896256193	observed	FALSE	SYNTHETIC_TEACHING_FIXTURE
SYN_TRAJ_002	8	SYN_PROS_SPK_01	SYN_ITEM_02	SYN_LONG	4.08	80	-40	0.183066361556064	120.5072	120.5072		120.5072	-0.133157177111121	observed	FALSE	SYNTHETIC_TEACHING_FIXTURE
SYN_TRAJ_002	9	SYN_PROS_SPK_01	SYN_ITEM_02	SYN_LONG	4.09	90	-30.0000000000002	0.205949656750572	122.0183	122.0183		122.0183	0.0825810958129543	observed	FALSE	SYNTHETIC_TEACHING_FIXTURE
SYN_TRAJ_002	10	SYN_PROS_SPK_01	SYN_ITEM_02	SYN_LONG	4.1	100	-20.0000000000005	0.22883295194508	123.3073	123.3073		123.3073	0.264509212992257	observed	FALSE	SYNTHETIC_TEACHING_FIXTURE
SYN_TRAJ_002	11	SYN_PROS_SPK_01	SYN_ITEM_02	SYN_LONG	4.11	110	-9.99999999999979	0.251716247139588	124.9721	124.9721		124.9721	0.496683258977258	observed	FALSE	SYNTHETIC_TEACHING_FIXTURE
SYN_TRAJ_002	12	SYN_PROS_SPK_01	SYN_ITEM_02	SYN_LONG	4.12	120	0	0.274599542334096	130.9753	130.9753		130.9753	1.30894786421289	observed	FALSE	SYNTHETIC_TEACHING_FIXTURE
SYN_TRAJ_002	13	SYN_PROS_SPK_01	SYN_ITEM_02	SYN_LONG	4.13	130	9.99999999999979	0.297482837528604	132.6123	132.6123		132.6123	1.52398579279216	observed	FALSE	SYNTHETIC_TEACHING_FIXTURE
SYN_TRAJ_002	14	SYN_PROS_SPK_01	SYN_ITEM_02	SYN_LONG	4.14	140	19.9999999999996	0.320366132723112	134.1761	134.1761		134.1761	1.72694325364614	observed	FALSE	SYNTHETIC_TEACHING_FIXTURE
SYN_TRAJ_002	15	SYN_PROS_SPK_01	SYN_ITEM_02	SYN_LONG	4.15	150	30.0000000000002	0.34324942791762	135.9421	135.9421		135.9421	1.95331843998151	observed	FALSE	SYNTHETIC_TEACHING_FIXTURE
SYN_TRAJ_002	16	SYN_PROS_SPK_01	SYN_ITEM_02	SYN_LONG	4.16	160	40	0.366132723112128	132.3931	132.3931		132.3931	1.4953458790318	observed	FALSE	SYNTHETIC_TEACHING_FIXTURE
SYN_TRAJ_002	17	SYN_PROS_SPK_01	SYN_ITEM_02	SYN_LONG	4.17	170	49.9999999999998	0.389016018306636	134.0114	134.0114		134.0114	1.70567945248262	observed	FALSE	SYNTHETIC_TEACHING_FIXTURE
SYN_TRAJ_002	18	SYN_PROS_SPK_01	SYN_ITEM_02	SYN_LONG	4.18	180	59.9999999999996	0.411899313501144	140.2158	140.2158		140.2158	2.48919778237184	observed	FALSE	SYNTHETIC_TEACHING_FIXTURE
SYN_TRAJ_002	19	SYN_PROS_SPK_01	SYN_ITEM_02	SYN_LONG	4.19	190	70.0000000000003	0.434782608695652	138.444	138.444		138.444	2.26904103028309	observed	FALSE	SYNTHETIC_TEACHING_FIXTURE
SYN_TRAJ_002	20	SYN_PROS_SPK_01	SYN_ITEM_02	SYN_LONG	4.2	200	80.0000000000001	0.45766590389016	138.6638	138.6638		138.6638	2.29650509472213	observed	FALSE	SYNTHETIC_TEACHING_FIXTURE
SYN_TRAJ_002	21	SYN_PROS_SPK_01	SYN_ITEM_02	SYN_LONG	4.21	210	89.9999999999999	0.480549199084668	137.4712	137.4712		137.4712	2.14696356145544	observed	FALSE	SYNTHETIC_TEACHING_FIXTURE
SYN_TRAJ_002	22	SYN_PROS_SPK_01	SYN_ITEM_02	SYN_LONG	4.22	220	99.9999999999996	0.503432494279176	134.2338	134.2338		134.2338	1.73438651160122	observed	FALSE	SYNTHETIC_TEACHING_FIXTURE
SYN_TRAJ_002	23	SYN_PROS_SPK_01	SYN_ITEM_02	SYN_LONG	4.23	230	110	0.526315789473684	133.1926	133.1926		133.1926	1.59957783152438	observed	FALSE	SYNTHETIC_TEACHING_FIXTURE
SYN_TRAJ_002	24	SYN_PROS_SPK_01	SYN_ITEM_02	SYN_LONG	4.24	240	120	0.549199084668192	128.0701	128.0701		128.0701	0.920615004926059	observed	FALSE	SYNTHETIC_TEACHING_FIXTURE
SYN_TRAJ_002	25	SYN_PROS_SPK_01	SYN_ITEM_02	SYN_LONG	4.25	250	130	0.5720823798627	128.0609	128.0609		128.0609	0.919371316871253	observed	FALSE	SYNTHETIC_TEACHING_FIXTURE
SYN_TRAJ_002	26	SYN_PROS_SPK_01	SYN_ITEM_02	SYN_LONG	4.26	260	140	0.594965675057208	124.6904	124.6904		124.6904	0.457615410294879	observed	FALSE	SYNTHETIC_TEACHING_FIXTURE
SYN_TRAJ_002	27	SYN_PROS_SPK_01	SYN_ITEM_02	SYN_LONG	4.27	270	149.999999999999	0.617848970251716	120.5919	120.5919		120.5919	-0.120993255305655	observed	FALSE	SYNTHETIC_TEACHING_FIXTURE
SYN_TRAJ_002	28	SYN_PROS_SPK_01	SYN_ITEM_02	SYN_LONG	4.28	280	160	0.640732265446224	119.1598	119.1598		119.1598	-0.327818046899577	observed	FALSE	SYNTHETIC_TEACHING_FIXTURE
SYN_TRAJ_002	29	SYN_PROS_SPK_01	SYN_ITEM_02	SYN_LONG	4.29	290	170	0.663615560640732	113.9612	113.9612		113.9612	-1.10007671451354	observed	FALSE	SYNTHETIC_TEACHING_FIXTURE
SYN_TRAJ_002	30	SYN_PROS_SPK_01	SYN_ITEM_02	SYN_LONG	4.3	300	180	0.68649885583524	113.8466	113.8466		113.8466	-1.11749485724255	observed	FALSE	SYNTHETIC_TEACHING_FIXTURE
SYN_TRAJ_002	31	SYN_PROS_SPK_01	SYN_ITEM_02	SYN_LONG	4.31	310	190	0.709382151029748	116.3769	116.3769		116.3769	-0.736932672415734	observed	FALSE	SYNTHETIC_TEACHING_FIXTURE
SYN_TRAJ_002	32	SYN_PROS_SPK_01	SYN_ITEM_02	SYN_LONG	4.32	320	200	0.732265446224256	111.3281	111.3281		111.3281	-1.50477591303289	observed	FALSE	SYNTHETIC_TEACHING_FIXTURE
SYN_TRAJ_002	33	SYN_PROS_SPK_01	SYN_ITEM_02	SYN_LONG	4.33	330	210	0.755148741418764	109.7106	109.7106		109.7106	-1.75815426351571	observed	FALSE	SYNTHETIC_TEACHING_FIXTURE
SYN_TRAJ_002	34	SYN_PROS_SPK_01	SYN_ITEM_02	SYN_LONG	4.34	340	220	0.778032036613272	112.1939	112.1939		112.1939	-1.37065847170314	observed	FALSE	SYNTHETIC_TEACHING_FIXTURE
SYN_TRAJ_002	35	SYN_PROS_SPK_01	SYN_ITEM_02	SYN_LONG	4.35	350	230	0.80091533180778	111.5277	111.5277		111.5277	-1.47376443308999	observed	FALSE	SYNTHETIC_TEACHING_FIXTURE
SYN_TRAJ_002	36	SYN_PROS_SPK_01	SYN_ITEM_02	SYN_LONG	4.36	360	240	0.823798627002288	108.6324	108.6324		108.6324	-1.92913585892428	observed	FALSE	SYNTHETIC_TEACHING_FIXTURE
SYN_TRAJ_002	37	SYN_PROS_SPK_01	SYN_ITEM_02	SYN_LONG	4.37	370	250	0.846681922196796	112.7043	112.7043		112.7043	-1.29207861862475	observed	FALSE	SYNTHETIC_TEACHING_FIXTURE
SYN_TRAJ_002	38	SYN_PROS_SPK_01	SYN_ITEM_02	SYN_LONG	4.38	380	260	0.869565217391304	109.2323	109.2323		109.2323	-1.83379504135686	observed	FALSE	SYNTHETIC_TEACHING_FIXTURE
SYN_TRAJ_002	39	SYN_PROS_SPK_01	SYN_ITEM_02	SYN_LONG	4.39	390	270	0.892448512585812	106.2063	106.2063		106.2063	-2.32015716748074	observed	FALSE	SYNTHETIC_TEACHING_FIXTURE
SYN_TRAJ_002	40	SYN_PROS_SPK_01	SYN_ITEM_02	SYN_LONG	4.4	400	280	0.91533180778032	108.8886	108.8886		108.8886	-1.88835429130802	observed	FALSE	SYNTHETIC_TEACHING_FIXTURE
SYN_TRAJ_002	41	SYN_PROS_SPK_01	SYN_ITEM_02	SYN_LONG	4.41	410	290	0.938215102974828	104.0006	104.0006		104.0006	-2.68348711497848	observed	FALSE	SYNTHETIC_TEACHING_FIXTURE
SYN_TRAJ_002	42	SYN_PROS_SPK_01	SYN_ITEM_02	SYN_LONG	4.42	420	300	0.961098398169336	105.6914	105.6914		105.6914	-2.4042934432742	observed	FALSE	SYNTHETIC_TEACHING_FIXTURE
SYN_TRAJ_002	43	SYN_PROS_SPK_01	SYN_ITEM_02	SYN_LONG	4.43	430	310	0.983981693363844	107.8652	107.8652		107.8652	-2.05183544748522	observed	FALSE	SYNTHETIC_TEACHING_FIXTURE
SYN_TRAJ_003	0	SYN_PROS_SPK_01	SYN_ITEM_03	SYN_SHORT	6	0	-120	0	117.5789	117.5789		117.5789	-0.559039101328452	observed	TRUE	SYNTHETIC_TEACHING_FIXTURE
SYN_TRAJ_003	1	SYN_PROS_SPK_01	SYN_ITEM_03	SYN_SHORT	6.01	10	-110	0.0383141762452107	117.1041	117.1041		117.1041	-0.629090280835301	observed	FALSE	SYNTHETIC_TEACHING_FIXTURE
SYN_TRAJ_003	2	SYN_PROS_SPK_01	SYN_ITEM_03	SYN_SHORT	6.02	20	-100.000000000001	0.0766283524904215	114.0621	114.0621		114.0621	-1.08475533928987	observed	FALSE	SYNTHETIC_TEACHING_FIXTURE
SYN_TRAJ_003	3	SYN_PROS_SPK_01	SYN_ITEM_03	SYN_SHORT	6.03	30	-89.9999999999999	0.114942528735632	117.2111	117.2111		117.2111	-0.613278924497661	observed	FALSE	SYNTHETIC_TEACHING_FIXTURE
SYN_TRAJ_003	4	SYN_PROS_SPK_01	SYN_ITEM_03	SYN_SHORT	6.04	40	-80.0000000000001	0.153256704980843	114.5191	114.5191		114.5191	-1.01553048487706	observed	FALSE	SYNTHETIC_TEACHING_FIXTURE
SYN_TRAJ_003	5	SYN_PROS_SPK_01	SYN_ITEM_03	SYN_SHORT	6.05	50	-70.0000000000003	0.191570881226054	111.9714	111.9714		111.9714	-1.40502594092488	observed	FALSE	SYNTHETIC_TEACHING_FIXTURE
SYN_TRAJ_003	6	SYN_PROS_SPK_01	SYN_ITEM_03	SYN_SHORT	6.06	60	-60.0000000000005	0.229885057471264	114.3978	114.3978		114.3978	-1.03387764140471	observed	FALSE	SYNTHETIC_TEACHING_FIXTURE
SYN_TRAJ_003	7	SYN_PROS_SPK_01	SYN_ITEM_03	SYN_SHORT	6.07	70	-49.9999999999998	0.268199233716475	113.6006	113.6006		113.6006	-1.15494387768648	observed	FALSE	SYNTHETIC_TEACHING_FIXTURE
SYN_TRAJ_003	8	SYN_PROS_SPK_01	SYN_ITEM_03	SYN_SHORT	6.08	80	-40	0.306513409961686	116.2144	116.2144		116.2144	-0.76112322285732	observed	FALSE	SYNTHETIC_TEACHING_FIXTURE
SYN_TRAJ_003	9	SYN_PROS_SPK_01	SYN_ITEM_03	SYN_SHORT	6.09	90	-30.0000000000002	0.344827586206897	121.6513	121.6513		121.6513	0.0304315148690838	observed	FALSE	SYNTHETIC_TEACHING_FIXTURE
SYN_TRAJ_003	10	SYN_PROS_SPK_01	SYN_ITEM_03	SYN_SHORT	6.1	100	-20.0000000000005	0.383141762452107	125.6883	125.6883		125.6883	0.595614976960701	observed	FALSE	SYNTHETIC_TEACHING_FIXTURE
SYN_TRAJ_003	11	SYN_PROS_SPK_01	SYN_ITEM_03	SYN_SHORT	6.11	110	-9.99999999999979	0.421455938697318	125.7645	125.7645		125.7645	0.606107605285146	observed	FALSE	SYNTHETIC_TEACHING_FIXTURE
SYN_TRAJ_003	12	SYN_PROS_SPK_01	SYN_ITEM_03	SYN_SHORT	6.12	120	0	0.459770114942529	131.9206	131.9206		131.9206	1.43344905268102	observed	FALSE	SYNTHETIC_TEACHING_FIXTURE
SYN_TRAJ_003	13	SYN_PROS_SPK_01	SYN_ITEM_03	SYN_SHORT	6.13	130	9.99999999999979	0.498084291187739	131.6942	131.6942		131.6942	1.40371236983355	observed	FALSE	SYNTHETIC_TEACHING_FIXTURE
SYN_TRAJ_003	14	SYN_PROS_SPK_01	SYN_ITEM_03	SYN_SHORT	6.14	140	19.9999999999996	0.53639846743295	132.0447	132.0447		132.0447	1.4497274166416	observed	FALSE	SYNTHETIC_TEACHING_FIXTURE
SYN_TRAJ_003	15	SYN_PROS_SPK_01	SYN_ITEM_03	SYN_SHORT	6.15	150	30.0000000000002	0.574712643678161	132.8649	132.8649		132.8649	1.55693098377397	observed	FALSE	SYNTHETIC_TEACHING_FIXTURE
SYN_TRAJ_003	16	SYN_PROS_SPK_01	SYN_ITEM_03	SYN_SHORT	6.16	160	40	0.613026819923372	133.175	133.175		133.175	1.59729003681452	observed	FALSE	SYNTHETIC_TEACHING_FIXTURE
SYN_TRAJ_003	17	SYN_PROS_SPK_01	SYN_ITEM_03	SYN_SHORT	6.17	170	49.9999999999998	0.651340996168582	130.3774	130.3774		130.3774	1.22973638916569	observed	FALSE	SYNTHETIC_TEACHING_FIXTURE
SYN_TRAJ_003	18	SYN_PROS_SPK_01	SYN_ITEM_03	SYN_SHORT	6.18	180	59.9999999999996	0.689655172413793	127.9654	127.9654		127.9654	0.906456014079803	observed	FALSE	SYNTHETIC_TEACHING_FIXTURE
SYN_TRAJ_003	19	SYN_PROS_SPK_01	SYN_ITEM_03	SYN_SHORT	6.19	190	70.0000000000003	0.727969348659004	124.4715	124.4715		124.4715	0.427196053977429	observed	FALSE	SYNTHETIC_TEACHING_FIXTURE
SYN_TRAJ_003	20	SYN_PROS_SPK_01	SYN_ITEM_03	SYN_SHORT	6.2	200	80.0000000000001	0.766283524904215	123.5384	123.5384		123.5384	0.296925277410715	observed	FALSE	SYNTHETIC_TEACHING_FIXTURE
SYN_TRAJ_003	21	SYN_PROS_SPK_01	SYN_ITEM_03	SYN_SHORT	6.21	210	89.9999999999999	0.804597701149425	116.5669	116.5669		116.5669	-0.708691135850496	observed	FALSE	SYNTHETIC_TEACHING_FIXTURE
SYN_TRAJ_003	22	SYN_PROS_SPK_01	SYN_ITEM_03	SYN_SHORT	6.22	220	99.9999999999996	0.842911877394636	113.779	113.779		113.779	-1.12777765716993	observed	FALSE	SYNTHETIC_TEACHING_FIXTURE
SYN_TRAJ_003	23	SYN_PROS_SPK_01	SYN_ITEM_03	SYN_SHORT	6.23	230	110	0.881226053639847	110.3805	110.3805		110.3805	-1.65276542489891	observed	FALSE	SYNTHETIC_TEACHING_FIXTURE
SYN_TRAJ_003	24	SYN_PROS_SPK_01	SYN_ITEM_03	SYN_SHORT	6.24	240	120	0.919540229885057	108.9773	108.9773		108.9773	-1.87425750345487	observed	FALSE	SYNTHETIC_TEACHING_FIXTURE
SYN_TRAJ_003	25	SYN_PROS_SPK_01	SYN_ITEM_03	SYN_SHORT	6.25	250	130	0.957854406130268	107.2389	107.2389		107.2389	-2.1526494207117	observed	FALSE	SYNTHETIC_TEACHING_FIXTURE
SYN_TRAJ_003	26	SYN_PROS_SPK_01	SYN_ITEM_03	SYN_SHORT	6.26	260	140	0.996168582375479	108.9465	108.9465		108.9465	-1.87915114142064	observed	FALSE	SYNTHETIC_TEACHING_FIXTURE
SYN_TRAJ_004	0	SYN_PROS_SPK_01	SYN_ITEM_04	SYN_LONG	8	0	-119.999999999999	0	117.2677	117.2677		117.2677	-0.604920996268726	observed	TRUE	SYNTHETIC_TEACHING_FIXTURE
SYN_TRAJ_004	1	SYN_PROS_SPK_01	SYN_ITEM_04	SYN_LONG	8.01	10	-109.999999999999	0.0227272727272727	119.0506	119.0506		119.0506	-0.343690634444112	observed	FALSE	SYNTHETIC_TEACHING_FIXTURE
SYN_TRAJ_004	2	SYN_PROS_SPK_01	SYN_ITEM_04	SYN_LONG	8.02	20	-99.9999999999996	0.0454545454545455	119.6442	119.6442		119.6442	-0.257583802620144	observed	FALSE	SYNTHETIC_TEACHING_FIXTURE
SYN_TRAJ_004	3	SYN_PROS_SPK_01	SYN_ITEM_04	SYN_LONG	8.03	30	-89.9999999999999	0.0681818181818182	118.1339	118.1339		118.1339	-0.477513051589434	observed	FALSE	SYNTHETIC_TEACHING_FIXTURE
SYN_TRAJ_004	4	SYN_PROS_SPK_01	SYN_ITEM_04	SYN_LONG	8.04	40	-80.0000000000001	0.0909090909090909	119.7727	119.7727		119.7727	-0.239000018712935	observed	FALSE	SYNTHETIC_TEACHING_FIXTURE
SYN_TRAJ_004	5	SYN_PROS_SPK_01	SYN_ITEM_04	SYN_LONG	8.05	50	-69.9999999999985	0.113636363636364	117.7442	117.7442		117.7442	-0.534717389148172	observed	FALSE	SYNTHETIC_TEACHING_FIXTURE
SYN_TRAJ_004	6	SYN_PROS_SPK_01	SYN_ITEM_04	SYN_LONG	8.06	60	-59.9999999999987	0.136363636363636	120.8247	120.8247		120.8247	-0.08760438216704	observed	FALSE	SYNTHETIC_TEACHING_FIXTURE
SYN_TRAJ_004	7	SYN_PROS_SPK_01	SYN_ITEM_04	SYN_LONG	8.07	70	-49.9999999999989	0.159090909090909	122.1048	122.1048		122.1048	0.094849639962306	observed	FALSE	SYNTHETIC_TEACHING_FIXTURE
SYN_TRAJ_004	8	SYN_PROS_SPK_01	SYN_ITEM_04	SYN_LONG	8.08	80	-39.9999999999991	0.181818181818182	120.6444	120.6444		120.6444	-0.11345792260399	observed	FALSE	SYNTHETIC_TEACHING_FIXTURE
SYN_TRAJ_004	9	SYN_PROS_SPK_01	SYN_ITEM_04	SYN_LONG	8.09	90	-29.9999999999994	0.204545454545455	123.2499	123.2499		123.2499	0.256448378734588	observed	FALSE	SYNTHETIC_TEACHING_FIXTURE
SYN_TRAJ_004	10	SYN_PROS_SPK_01	SYN_ITEM_04	SYN_LONG	8.1	100	-19.9999999999996	0.227272727272727	127.3227	127.3227		127.3227	0.819286539744728	observed	FALSE	SYNTHETIC_TEACHING_FIXTURE
SYN_TRAJ_004	11	SYN_PROS_SPK_01	SYN_ITEM_04	SYN_LONG	8.11	110	-9.99999999999979	0.25	128.9149	128.9149		128.9149	1.03443890850871	observed	FALSE	SYNTHETIC_TEACHING_FIXTURE
SYN_TRAJ_004	12	SYN_PROS_SPK_01	SYN_ITEM_04	SYN_LONG	8.12	120	0	0.272727272727273	132.7667	132.7667		132.7667	1.54413076035453	observed	FALSE	SYNTHETIC_TEACHING_FIXTURE
SYN_TRAJ_004	13	SYN_PROS_SPK_01	SYN_ITEM_04	SYN_LONG	8.13	130	10.0000000000016	0.295454545454545	134.7861	134.7861		134.7861	1.8054713576411	observed	FALSE	SYNTHETIC_TEACHING_FIXTURE
SYN_TRAJ_004	14	SYN_PROS_SPK_01	SYN_ITEM_04	SYN_LONG	8.14	140	20.0000000000014	0.318181818181818	138.305	138.305		138.305	2.25165043063826	observed	FALSE	SYNTHETIC_TEACHING_FIXTURE
SYN_TRAJ_004	15	SYN_PROS_SPK_01	SYN_ITEM_04	SYN_LONG	8.15	150	30.0000000000011	0.340909090909091	135.2513	135.2513		135.2513	1.86512019712388	observed	FALSE	SYNTHETIC_TEACHING_FIXTURE
SYN_TRAJ_004	16	SYN_PROS_SPK_01	SYN_ITEM_04	SYN_LONG	8.16	160	40.0000000000009	0.363636363636364	133.552	133.552		133.552	1.64622963956442	observed	FALSE	SYNTHETIC_TEACHING_FIXTURE
SYN_TRAJ_004	17	SYN_PROS_SPK_01	SYN_ITEM_04	SYN_LONG	8.17	170	50.0000000000007	0.386363636363636	133.4276	133.4276		133.4276	1.63009615735903	observed	FALSE	SYNTHETIC_TEACHING_FIXTURE
SYN_TRAJ_004	18	SYN_PROS_SPK_01	SYN_ITEM_04	SYN_LONG	8.18	180	60.0000000000005	0.409090909090909	135.4041	135.4041		135.4041	1.88466775396565	observed	FALSE	SYNTHETIC_TEACHING_FIXTURE
SYN_TRAJ_004	19	SYN_PROS_SPK_01	SYN_ITEM_04	SYN_LONG	8.19	190	70.0000000000003	0.431818181818182	134.8537	134.8537		134.8537	1.81415193255391	observed	FALSE	SYNTHETIC_TEACHING_FIXTURE
SYN_TRAJ_004	20	SYN_PROS_SPK_01	SYN_ITEM_04	SYN_LONG	8.2	200	80.0000000000001	0.454545454545455	135.3515	135.3515		135.3515	1.87794117751615	observed	FALSE	SYNTHETIC_TEACHING_FIXTURE
SYN_TRAJ_004	21	SYN_PROS_SPK_01	SYN_ITEM_04	SYN_LONG	8.21	210	90.0000000000016	0.477272727272727	135.629	135.629		135.629	1.91339890355574	observed	FALSE	SYNTHETIC_TEACHING_FIXTURE
SYN_TRAJ_004	22	SYN_PROS_SPK_01	SYN_ITEM_04	SYN_LONG	8.22	220	100.000000000001	0.5	132.1423	132.1423		132.1423	1.46251899615733	observed	FALSE	SYNTHETIC_TEACHING_FIXTURE
SYN_TRAJ_004	23	SYN_PROS_SPK_01	SYN_ITEM_04	SYN_LONG	8.23	230	110.000000000001	0.522727272727273	131.5528	131.5528		131.5528	1.38511413182281	observed	FALSE	SYNTHETIC_TEACHING_FIXTURE
SYN_TRAJ_004	24	SYN_PROS_SPK_01	SYN_ITEM_04	SYN_LONG	8.24	240	120.000000000001	0.545454545454545	128.2285	128.2285		128.2285	0.942014069008875	observed	FALSE	SYNTHETIC_TEACHING_FIXTURE
SYN_TRAJ_004	25	SYN_PROS_SPK_01	SYN_ITEM_04	SYN_LONG	8.25	250	130.000000000001	0.568181818181818	121.3629	121.3629		121.3629	-0.0106597575051853	observed	FALSE	SYNTHETIC_TEACHING_FIXTURE
SYN_TRAJ_004	26	SYN_PROS_SPK_01	SYN_ITEM_04	SYN_LONG	8.26	260	140.000000000001	0.590909090909091	118.5748	118.5748		118.5748	-0.413020113648215	observed	FALSE	SYNTHETIC_TEACHING_FIXTURE
SYN_TRAJ_004	27	SYN_PROS_SPK_01	SYN_ITEM_04	SYN_LONG	8.27	270	150	0.613636363636364	118.397	118.397		118.397	-0.438999025205229	observed	FALSE	SYNTHETIC_TEACHING_FIXTURE
SYN_TRAJ_004	28	SYN_PROS_SPK_01	SYN_ITEM_04	SYN_LONG	8.28	280	160	0.636363636363636	118.2704	118.2704		118.2704	-0.457520735547868	observed	FALSE	SYNTHETIC_TEACHING_FIXTURE
SYN_TRAJ_004	29	SYN_PROS_SPK_01	SYN_ITEM_04	SYN_LONG	8.29	290	170	0.659090909090909	121.7313	121.7313		121.7313	0.0418126677463483	observed	FALSE	SYNTHETIC_TEACHING_FIXTURE
SYN_TRAJ_004	30	SYN_PROS_SPK_01	SYN_ITEM_04	SYN_LONG	8.3	300	180.000000000001	0.681818181818182	118.6254	118.6254		118.6254	-0.405633910414696	observed	FALSE	SYNTHETIC_TEACHING_FIXTURE
SYN_TRAJ_004	31	SYN_PROS_SPK_01	SYN_ITEM_04	SYN_LONG	8.31	310	190.000000000001	0.704545454545455	120.6507	120.6507		120.6507	-0.112553903043576	observed	FALSE	SYNTHETIC_TEACHING_FIXTURE
SYN_TRAJ_004	32	SYN_PROS_SPK_01	SYN_ITEM_04	SYN_LONG	8.32	320	200.000000000001	0.727272727272727	117.3987	117.3987		117.3987	-0.585592137600744	observed	FALSE	SYNTHETIC_TEACHING_FIXTURE
SYN_TRAJ_004	33	SYN_PROS_SPK_01	SYN_ITEM_04	SYN_LONG	8.33	330	210.000000000001	0.75	111.3788	111.3788		111.3788	-1.49689348390259	observed	FALSE	SYNTHETIC_TEACHING_FIXTURE
SYN_TRAJ_004	34	SYN_PROS_SPK_01	SYN_ITEM_04	SYN_LONG	8.34	340	220.000000000001	0.772727272727273	111.746	111.746		111.746	-1.43991104925326	observed	FALSE	SYNTHETIC_TEACHING_FIXTURE
SYN_TRAJ_004	35	SYN_PROS_SPK_01	SYN_ITEM_04	SYN_LONG	8.35	350	230	0.795454545454545	111.7307	111.7307		111.7307	-1.44228157656032	observed	FALSE	SYNTHETIC_TEACHING_FIXTURE
SYN_TRAJ_004	36	SYN_PROS_SPK_01	SYN_ITEM_04	SYN_LONG	8.36	360	240	0.818181818181818	112.5011	112.5011		112.5011	-1.32332004127592	observed	FALSE	SYNTHETIC_TEACHING_FIXTURE
SYN_TRAJ_004	37	SYN_PROS_SPK_01	SYN_ITEM_04	SYN_LONG	8.37	370	250	0.840909090909091	112.492	112.492		112.492	-1.32472046020922	observed	FALSE	SYNTHETIC_TEACHING_FIXTURE
SYN_TRAJ_004	38	SYN_PROS_SPK_01	SYN_ITEM_04	SYN_LONG	8.38	380	260.000000000002	0.863636363636364	109.2643	109.2643		109.2643	-1.82872407091922	observed	FALSE	SYNTHETIC_TEACHING_FIXTURE
SYN_TRAJ_004	39	SYN_PROS_SPK_01	SYN_ITEM_04	SYN_LONG	8.39	390	270.000000000001	0.886363636363636	111.9797	111.9797		111.9797	-1.40374269269669	observed	FALSE	SYNTHETIC_TEACHING_FIXTURE
SYN_TRAJ_004	40	SYN_PROS_SPK_01	SYN_ITEM_04	SYN_LONG	8.4	400	280.000000000001	0.909090909090909	109.3921	109.3921		109.3921	-1.80848668141998	observed	FALSE	SYNTHETIC_TEACHING_FIXTURE
SYN_TRAJ_004	41	SYN_PROS_SPK_01	SYN_ITEM_04	SYN_LONG	8.41	410	290.000000000001	0.931818181818182	110.5842	110.5842		110.5842	-1.62084607527482	observed	FALSE	SYNTHETIC_TEACHING_FIXTURE
SYN_TRAJ_004	42	SYN_PROS_SPK_01	SYN_ITEM_04	SYN_LONG	8.42	420	300.000000000001	0.954545454545455	110.8913	110.8913		110.8913	-1.572835137974	observed	FALSE	SYNTHETIC_TEACHING_FIXTURE
SYN_TRAJ_004	43	SYN_PROS_SPK_01	SYN_ITEM_04	SYN_LONG	8.43	430	310	0.977272727272727	109.5128	109.5128		109.5128	-1.78939528868291	observed	FALSE	SYNTHETIC_TEACHING_FIXTURE
SYN_TRAJ_004	44	SYN_PROS_SPK_01	SYN_ITEM_04	SYN_LONG	8.44	440	320	1	109.5692	109.5692		109.5692	-1.78048158490767	observed	FALSE	SYNTHETIC_TEACHING_FIXTURE
SYN_TRAJ_005	0	SYN_PROS_SPK_01	SYN_ITEM_05	SYN_SHORT	10	0	-119.999999999999	0			structural_unvoiced			missing	TRUE	SYNTHETIC_TEACHING_FIXTURE
SYN_TRAJ_005	1	SYN_PROS_SPK_01	SYN_ITEM_05	SYN_SHORT	10.01	10	-109.999999999999	0.029940119760479			structural_unvoiced			missing	FALSE	SYNTHETIC_TEACHING_FIXTURE
SYN_TRAJ_005	2	SYN_PROS_SPK_01	SYN_ITEM_05	SYN_SHORT	10.02	20	-99.9999999999996	0.0598802395209581			structural_unvoiced			missing	FALSE	SYNTHETIC_TEACHING_FIXTURE
SYN_TRAJ_005	3	SYN_PROS_SPK_01	SYN_ITEM_05	SYN_SHORT	10.03	30	-89.9999999999999	0.0898203592814371	114.6423	114.6423		114.6423	-0.99691582678946	observed	FALSE	SYNTHETIC_TEACHING_FIXTURE
SYN_TRAJ_005	4	SYN_PROS_SPK_01	SYN_ITEM_05	SYN_SHORT	10.04	40	-80.0000000000001	0.119760479041916	115.8564	115.8564		115.8564	-0.814536429620205	observed	FALSE	SYNTHETIC_TEACHING_FIXTURE
SYN_TRAJ_005	5	SYN_PROS_SPK_01	SYN_ITEM_05	SYN_SHORT	10.05	50	-69.9999999999985	0.149700598802395	115.6165	115.6165		115.6165	-0.850421684185728	observed	FALSE	SYNTHETIC_TEACHING_FIXTURE
SYN_TRAJ_005	6	SYN_PROS_SPK_01	SYN_ITEM_05	SYN_SHORT	10.06	60	-59.9999999999987	0.179640718562874	113.9364		quality_rejection			missing	FALSE	SYNTHETIC_TEACHING_FIXTURE
SYN_TRAJ_005	7	SYN_PROS_SPK_01	SYN_ITEM_05	SYN_SHORT	10.07	70	-49.9999999999989	0.209580838323353	114.1377	114.1377		114.1377	-1.07328457560843	observed	FALSE	SYNTHETIC_TEACHING_FIXTURE
SYN_TRAJ_005	8	SYN_PROS_SPK_01	SYN_ITEM_05	SYN_SHORT	10.08	80	-39.9999999999991	0.239520958083832	110.5325	110.5325		110.5325	-1.62894178238041	observed	FALSE	SYNTHETIC_TEACHING_FIXTURE
SYN_TRAJ_005	9	SYN_PROS_SPK_01	SYN_ITEM_05	SYN_SHORT	10.09	90	-29.9999999999994	0.269461077844311	116.5641		estimator_failure	115.6935	-0.838895591349091	interpolated_estimator_failure	FALSE	SYNTHETIC_TEACHING_FIXTURE
SYN_TRAJ_005	10	SYN_PROS_SPK_01	SYN_ITEM_05	SYN_SHORT	10.1	100	-19.9999999999996	0.29940119760479	120.8545	120.8545		120.8545	-0.0833350222118906	observed	FALSE	SYNTHETIC_TEACHING_FIXTURE
SYN_TRAJ_005	11	SYN_PROS_SPK_01	SYN_ITEM_05	SYN_SHORT	10.11	110	-9.99999999999979	0.329341317365269	122.3593	122.3593		122.3593	0.130895768998022	observed	FALSE	SYNTHETIC_TEACHING_FIXTURE
SYN_TRAJ_005	12	SYN_PROS_SPK_01	SYN_ITEM_05	SYN_SHORT	10.12	120	0	0.359281437125749	125.3742	125.3742		125.3742	0.552296608146391	observed	FALSE	SYNTHETIC_TEACHING_FIXTURE
SYN_TRAJ_005	13	SYN_PROS_SPK_01	SYN_ITEM_05	SYN_SHORT	10.13	130	10.0000000000016	0.389221556886228	128.719	128.719		128.719	1.00811094347188	observed	FALSE	SYNTHETIC_TEACHING_FIXTURE
SYN_TRAJ_005	14	SYN_PROS_SPK_01	SYN_ITEM_05	SYN_SHORT	10.14	140	20.0000000000014	0.419161676646707	130.9223	130.9223		130.9223	1.3019408961572	observed	FALSE	SYNTHETIC_TEACHING_FIXTURE
SYN_TRAJ_005	15	SYN_PROS_SPK_01	SYN_ITEM_05	SYN_SHORT	10.15	150	30.0000000000011	0.449101796407186	132.9943	132.9943		132.9943	1.57378364139421	observed	FALSE	SYNTHETIC_TEACHING_FIXTURE
SYN_TRAJ_005	16	SYN_PROS_SPK_01	SYN_ITEM_05	SYN_SHORT	10.16	160	40.0000000000009	0.479041916167665	136.5832	136.5832		136.5832	2.03477114886706	observed	FALSE	SYNTHETIC_TEACHING_FIXTURE
SYN_TRAJ_005	17	SYN_PROS_SPK_01	SYN_ITEM_05	SYN_SHORT	10.17	170	50.0000000000007	0.508982035928144	139.8264	139.8264		139.8264	2.44105196911993	observed	FALSE	SYNTHETIC_TEACHING_FIXTURE
SYN_TRAJ_005	18	SYN_PROS_SPK_01	SYN_ITEM_05	SYN_SHORT	10.18	180	60.0000000000005	0.538922155688623	137.6472	137.6472		137.6472	2.16911382361176	observed	FALSE	SYNTHETIC_TEACHING_FIXTURE
SYN_TRAJ_005	19	SYN_PROS_SPK_01	SYN_ITEM_05	SYN_SHORT	10.19	190	70.0000000000003	0.568862275449102	137.2391	137.2391		137.2391	2.11770950593587	observed	FALSE	SYNTHETIC_TEACHING_FIXTURE
SYN_TRAJ_005	20	SYN_PROS_SPK_01	SYN_ITEM_05	SYN_SHORT	10.2	200	80.0000000000001	0.598802395209581	134.7237	134.7237		134.7237	1.79745465423424	observed	FALSE	SYNTHETIC_TEACHING_FIXTURE
SYN_TRAJ_005	21	SYN_PROS_SPK_01	SYN_ITEM_05	SYN_SHORT	10.21	210	90.0000000000016	0.62874251497006	131.7895	131.7895		131.7895	1.41623584753412	observed	FALSE	SYNTHETIC_TEACHING_FIXTURE
SYN_TRAJ_005	22	SYN_PROS_SPK_01	SYN_ITEM_05	SYN_SHORT	10.22	220	100.000000000001	0.658682634730539	133.1273	133.1273		133.1273	1.59108807272907	observed	FALSE	SYNTHETIC_TEACHING_FIXTURE
SYN_TRAJ_005	23	SYN_PROS_SPK_01	SYN_ITEM_05	SYN_SHORT	10.23	230	110.000000000001	0.688622754491018	130.5323	130.5323		130.5323	1.25029278746806	observed	FALSE	SYNTHETIC_TEACHING_FIXTURE
SYN_TRAJ_005	24	SYN_PROS_SPK_01	SYN_ITEM_05	SYN_SHORT	10.24	240	120.000000000001	0.718562874251497	126.118	126.118		126.118	0.65470102786454	observed	FALSE	SYNTHETIC_TEACHING_FIXTURE
SYN_TRAJ_005	25	SYN_PROS_SPK_01	SYN_ITEM_05	SYN_SHORT	10.25	250	130.000000000001	0.748502994011976	126.0356	126.0356		126.0356	0.643386203033879	observed	FALSE	SYNTHETIC_TEACHING_FIXTURE
SYN_TRAJ_005	26	SYN_PROS_SPK_01	SYN_ITEM_05	SYN_SHORT	10.26	260	140.000000000001	0.778443113772455	123.9631	123.9631		123.9631	0.356339529226424	observed	FALSE	SYNTHETIC_TEACHING_FIXTURE
SYN_TRAJ_005	27	SYN_PROS_SPK_01	SYN_ITEM_05	SYN_SHORT	10.27	270	150	0.808383233532934	121.1721	121.1721		121.1721	-0.0378986735135858	observed	FALSE	SYNTHETIC_TEACHING_FIXTURE
SYN_TRAJ_005	28	SYN_PROS_SPK_01	SYN_ITEM_05	SYN_SHORT	10.28	280	160	0.838323353293413	122.7889	122.7889		122.7889	0.191572446110493	observed	FALSE	SYNTHETIC_TEACHING_FIXTURE
SYN_TRAJ_005	29	SYN_PROS_SPK_01	SYN_ITEM_05	SYN_SHORT	10.29	290	170	0.868263473053892	119.5198	119.5198		119.5198	-0.275593664900951	observed	FALSE	SYNTHETIC_TEACHING_FIXTURE
SYN_TRAJ_005	30	SYN_PROS_SPK_01	SYN_ITEM_05	SYN_SHORT	10.3	300	180.000000000001	0.898203592814371	115.2888	115.2888		115.2888	-0.899560944199816	observed	FALSE	SYNTHETIC_TEACHING_FIXTURE
SYN_TRAJ_005	31	SYN_PROS_SPK_01	SYN_ITEM_05	SYN_SHORT	10.31	310	190.000000000001	0.92814371257485			structural_unvoiced			missing	FALSE	SYNTHETIC_TEACHING_FIXTURE
SYN_TRAJ_005	32	SYN_PROS_SPK_01	SYN_ITEM_05	SYN_SHORT	10.32	320	200.000000000001	0.958083832335329			structural_unvoiced			missing	FALSE	SYNTHETIC_TEACHING_FIXTURE
SYN_TRAJ_005	33	SYN_PROS_SPK_01	SYN_ITEM_05	SYN_SHORT	10.33	330	210.000000000001	0.988023952095808			structural_unvoiced			missing	FALSE	SYNTHETIC_TEACHING_FIXTURE
SYN_TRAJ_006	0	SYN_PROS_SPK_01	SYN_ITEM_06	SYN_LONG	12	0	-119.999999999999	0	118.3271	118.3271		118.3271	-0.449223017062994	observed	TRUE	SYNTHETIC_TEACHING_FIXTURE
SYN_TRAJ_006	1	SYN_PROS_SPK_01	SYN_ITEM_06	SYN_LONG	12.01	10	-109.999999999999	0.0215982721382289	118.9168	118.9168		118.9168	-0.36315877505288	observed	FALSE	SYNTHETIC_TEACHING_FIXTURE
SYN_TRAJ_006	2	SYN_PROS_SPK_01	SYN_ITEM_06	SYN_LONG	12.02	20	-99.9999999999996	0.0431965442764579	115.0007	115.0007		115.0007	-0.942877620795286	observed	FALSE	SYNTHETIC_TEACHING_FIXTURE
SYN_TRAJ_006	3	SYN_PROS_SPK_01	SYN_ITEM_06	SYN_LONG	12.03	30	-89.9999999999999	0.0647948164146868	119.6885	119.6885		119.6885	-0.251174843940486	observed	FALSE	SYNTHETIC_TEACHING_FIXTURE
SYN_TRAJ_006	4	SYN_PROS_SPK_01	SYN_ITEM_06	SYN_LONG	12.04	40	-80.0000000000001	0.0863930885529158	123.9568	123.9568		123.9568	0.355459666455307	observed	FALSE	SYNTHETIC_TEACHING_FIXTURE
SYN_TRAJ_006	5	SYN_PROS_SPK_01	SYN_ITEM_06	SYN_LONG	12.05	50	-69.9999999999985	0.107991360691145	121.5124	121.5124		121.5124	0.010653197992861	observed	FALSE	SYNTHETIC_TEACHING_FIXTURE
SYN_TRAJ_006	6	SYN_PROS_SPK_01	SYN_ITEM_06	SYN_LONG	12.06	60	-59.9999999999987	0.129589632829374	121.0285	121.0285		121.0285	-0.0584275440924751	observed	FALSE	SYNTHETIC_TEACHING_FIXTURE
SYN_TRAJ_006	7	SYN_PROS_SPK_01	SYN_ITEM_06	SYN_LONG	12.07	70	-49.9999999999989	0.151187904967603	118.2928	118.2928		118.2928	-0.454242149291426	observed	FALSE	SYNTHETIC_TEACHING_FIXTURE
SYN_TRAJ_006	8	SYN_PROS_SPK_01	SYN_ITEM_06	SYN_LONG	12.08	80	-39.9999999999991	0.172786177105832	121.609	121.609		121.609	0.0244107049783096	observed	FALSE	SYNTHETIC_TEACHING_FIXTURE
SYN_TRAJ_006	9	SYN_PROS_SPK_01	SYN_ITEM_06	SYN_LONG	12.09	90	-29.9999999999994	0.19438444924406	123.5962	123.5962		123.5962	0.305023320328266	observed	FALSE	SYNTHETIC_TEACHING_FIXTURE
SYN_TRAJ_006	10	SYN_PROS_SPK_01	SYN_ITEM_06	SYN_LONG	12.1	100	-19.9999999999996	0.215982721382289	124.9047	124.9047		124.9047	0.487343842293761	observed	FALSE	SYNTHETIC_TEACHING_FIXTURE
SYN_TRAJ_006	11	SYN_PROS_SPK_01	SYN_ITEM_06	SYN_LONG	12.11	110	-9.99999999999979	0.237580993520518	127.202	127.202		127.202	0.802866917964512	observed	FALSE	SYNTHETIC_TEACHING_FIXTURE
SYN_TRAJ_006	12	SYN_PROS_SPK_01	SYN_ITEM_06	SYN_LONG	12.12	120	0	0.259179265658747	130.6991	130.6991		130.6991	1.27240114646535	observed	FALSE	SYNTHETIC_TEACHING_FIXTURE
SYN_TRAJ_006	13	SYN_PROS_SPK_01	SYN_ITEM_06	SYN_LONG	12.13	130	10.0000000000016	0.280777537796976	131.5588	131.5588		131.5588	1.38590371345252	observed	FALSE	SYNTHETIC_TEACHING_FIXTURE
SYN_TRAJ_006	14	SYN_PROS_SPK_01	SYN_ITEM_06	SYN_LONG	12.14	140	20.0000000000014	0.302375809935205	132.0671	132.0671		132.0671	1.45266402475923	observed	FALSE	SYNTHETIC_TEACHING_FIXTURE
SYN_TRAJ_006	15	SYN_PROS_SPK_01	SYN_ITEM_06	SYN_LONG	12.15	150	30.0000000000011	0.323974082073434	132.0724	132.0724		132.0724	1.45335877434885	observed	FALSE	SYNTHETIC_TEACHING_FIXTURE
SYN_TRAJ_006	16	SYN_PROS_SPK_01	SYN_ITEM_06	SYN_LONG	12.16	160	40.0000000000009	0.345572354211663	135.3161	135.3161		135.3161	1.87341269418927	observed	FALSE	SYNTHETIC_TEACHING_FIXTURE
SYN_TRAJ_006	17	SYN_PROS_SPK_01	SYN_ITEM_06	SYN_LONG	12.17	170	50.0000000000007	0.367170626349892	135.3122	135.3122		135.3122	1.87291372103739	observed	FALSE	SYNTHETIC_TEACHING_FIXTURE
SYN_TRAJ_006	18	SYN_PROS_SPK_01	SYN_ITEM_06	SYN_LONG	12.18	180	60.0000000000005	0.388768898488121	136.4297	136.4297		136.4297	2.0153036105541	observed	FALSE	SYNTHETIC_TEACHING_FIXTURE
SYN_TRAJ_006	19	SYN_PROS_SPK_01	SYN_ITEM_06	SYN_LONG	12.19	190	70.0000000000003	0.41036717062635	137.4787	137.4787		137.4787	2.14790804300435	observed	FALSE	SYNTHETIC_TEACHING_FIXTURE
SYN_TRAJ_006	20	SYN_PROS_SPK_01	SYN_ITEM_06	SYN_LONG	12.2	200	80.0000000000001	0.431965442764579	138.598	138.598		138.598	2.28828793660175	observed	FALSE	SYNTHETIC_TEACHING_FIXTURE
SYN_TRAJ_006	21	SYN_PROS_SPK_01	SYN_ITEM_06	SYN_LONG	12.21	210	90.0000000000016	0.453563714902808	137.9033	137.9033		137.9033	2.20129443425321	observed	FALSE	SYNTHETIC_TEACHING_FIXTURE
SYN_TRAJ_006	22	SYN_PROS_SPK_01	SYN_ITEM_06	SYN_LONG	12.22	220	100.000000000001	0.475161987041037	138.8258	138.8258		138.8258	2.31671918186715	observed	FALSE	SYNTHETIC_TEACHING_FIXTURE
SYN_TRAJ_006	23	SYN_PROS_SPK_01	SYN_ITEM_06	SYN_LONG	12.23	230	110.000000000001	0.496760259179266	136.7468	136.7468		136.7468	2.05549554240235	observed	FALSE	SYNTHETIC_TEACHING_FIXTURE
SYN_TRAJ_006	24	SYN_PROS_SPK_01	SYN_ITEM_06	SYN_LONG	12.24	240	120.000000000001	0.518358531317495	135.7	135.7		135.7	1.92245931510698	observed	FALSE	SYNTHETIC_TEACHING_FIXTURE
SYN_TRAJ_006	25	SYN_PROS_SPK_01	SYN_ITEM_06	SYN_LONG	12.25	250	130.000000000001	0.539956803455723	136.2196	136.2196		136.2196	1.9886222770092	observed	FALSE	SYNTHETIC_TEACHING_FIXTURE
SYN_TRAJ_006	26	SYN_PROS_SPK_01	SYN_ITEM_06	SYN_LONG	12.26	260	140.000000000001	0.561555075593952	136.3757	136.3757		136.3757	2.0084498869936	observed	FALSE	SYNTHETIC_TEACHING_FIXTURE
SYN_TRAJ_006	27	SYN_PROS_SPK_01	SYN_ITEM_06	SYN_LONG	12.27	270	150	0.583153347732181	129.0975	129.0975		129.0975	1.05894341993049	observed	FALSE	SYNTHETIC_TEACHING_FIXTURE
SYN_TRAJ_006	28	SYN_PROS_SPK_01	SYN_ITEM_06	SYN_LONG	12.28	280	160	0.60475161987041	125.2047	125.2047		125.2047	0.528875305229573	observed	FALSE	SYNTHETIC_TEACHING_FIXTURE
SYN_TRAJ_006	29	SYN_PROS_SPK_01	SYN_ITEM_06	SYN_LONG	12.29	290	170	0.626349892008639	124.713	124.713		124.713	0.460752968934095	observed	FALSE	SYNTHETIC_TEACHING_FIXTURE
SYN_TRAJ_006	30	SYN_PROS_SPK_01	SYN_ITEM_06	SYN_LONG	12.3	300	180.000000000001	0.647948164146868	119.3392	119.3392		119.3392	-0.301773204197527	observed	FALSE	SYNTHETIC_TEACHING_FIXTURE
SYN_TRAJ_006	31	SYN_PROS_SPK_01	SYN_ITEM_06	SYN_LONG	12.31	310	190.000000000001	0.669546436285097	115.0235		estimator_failure	117.4344	-0.580328394454841	interpolated_estimator_failure	FALSE	SYNTHETIC_TEACHING_FIXTURE
SYN_TRAJ_006	32	SYN_PROS_SPK_01	SYN_ITEM_06	SYN_LONG	12.32	320	200.000000000001	0.691144708423326	115.5296	115.5296		115.5296	-0.863438927042245	observed	FALSE	SYNTHETIC_TEACHING_FIXTURE
SYN_TRAJ_006	33	SYN_PROS_SPK_01	SYN_ITEM_06	SYN_LONG	12.33	330	210.000000000001	0.712742980561555	116.0808	116.0808		116.0808	-0.781036927011111	observed	FALSE	SYNTHETIC_TEACHING_FIXTURE
SYN_TRAJ_006	34	SYN_PROS_SPK_01	SYN_ITEM_06	SYN_LONG	12.34	340	220.000000000001	0.734341252699784	113.0631	113.0631		113.0631	-1.23705142694278	observed	FALSE	SYNTHETIC_TEACHING_FIXTURE
SYN_TRAJ_006	35	SYN_PROS_SPK_01	SYN_ITEM_06	SYN_LONG	12.35	350	230	0.755939524838013	116.507	116.507		116.507	-0.717589680202498	observed	FALSE	SYNTHETIC_TEACHING_FIXTURE
SYN_TRAJ_006	36	SYN_PROS_SPK_01	SYN_ITEM_06	SYN_LONG	12.36	360	240	0.777537796976242	112.2596	112.2596		112.2596	-1.3605234477207	observed	FALSE	SYNTHETIC_TEACHING_FIXTURE
SYN_TRAJ_006	37	SYN_PROS_SPK_01	SYN_ITEM_06	SYN_LONG	12.37	370	250	0.799136069114471	110.3195	110.3195		110.3195	-1.66233545477496	observed	FALSE	SYNTHETIC_TEACHING_FIXTURE
SYN_TRAJ_006	38	SYN_PROS_SPK_01	SYN_ITEM_06	SYN_LONG	12.38	380	260.000000000002	0.8207343412527	112.2443	112.2443		112.2443	-1.36288312886582	observed	FALSE	SYNTHETIC_TEACHING_FIXTURE
SYN_TRAJ_006	39	SYN_PROS_SPK_01	SYN_ITEM_06	SYN_LONG	12.39	390	270.000000000001	0.842332613390929	108.3464	108.3464		108.3464	-1.97477471624858	observed	FALSE	SYNTHETIC_TEACHING_FIXTURE
SYN_TRAJ_006	40	SYN_PROS_SPK_01	SYN_ITEM_06	SYN_LONG	12.4	400	280.000000000001	0.863930885529158	108.2076	108.2076		108.2076	-1.99696736278627	observed	FALSE	SYNTHETIC_TEACHING_FIXTURE
SYN_TRAJ_006	41	SYN_PROS_SPK_01	SYN_ITEM_06	SYN_LONG	12.41	410	290.000000000001	0.885529157667387	109.9595	109.9595		109.9595	-1.71892231167378	observed	FALSE	SYNTHETIC_TEACHING_FIXTURE
SYN_TRAJ_006	42	SYN_PROS_SPK_01	SYN_ITEM_06	SYN_LONG	12.42	420	300.000000000001	0.907127429805616	112.1337	112.1337		112.1337	-1.37995026569155	observed	FALSE	SYNTHETIC_TEACHING_FIXTURE
SYN_TRAJ_006	43	SYN_PROS_SPK_01	SYN_ITEM_06	SYN_LONG	12.43	430	310	0.928725701943845	112.2654	112.2654		112.2654	-1.35962901213564	observed	FALSE	SYNTHETIC_TEACHING_FIXTURE
SYN_TRAJ_006	44	SYN_PROS_SPK_01	SYN_ITEM_06	SYN_LONG	12.44	440	320	0.950323974082073	111.9541	111.9541		111.9541	-1.40770096892379	observed	FALSE	SYNTHETIC_TEACHING_FIXTURE
SYN_TRAJ_006	45	SYN_PROS_SPK_01	SYN_ITEM_06	SYN_LONG	12.45	450	330	0.971922246220302	111.164	111.164		111.164	-1.53031349921834	observed	FALSE	SYNTHETIC_TEACHING_FIXTURE
SYN_TRAJ_006	46	SYN_PROS_SPK_01	SYN_ITEM_06	SYN_LONG	12.46	460	340.000000000002	0.993520518358531	110.6245	110.6245		110.6245	-1.61453811967007	observed	FALSE	SYNTHETIC_TEACHING_FIXTURE
SYN_TRAJ_007	0	SYN_PROS_SPK_01	SYN_ITEM_07	SYN_SHORT	14	0	-119.999999999999	0	118.5326	118.5326		118.5326	-0.419182559665674	observed	TRUE	SYNTHETIC_TEACHING_FIXTURE
SYN_TRAJ_007	1	SYN_PROS_SPK_01	SYN_ITEM_07	SYN_SHORT	14.01	10	-109.999999999999	0.0303951367781155	117.516	117.516		117.516	-0.568302987893805	observed	FALSE	SYNTHETIC_TEACHING_FIXTURE
SYN_TRAJ_007	2	SYN_PROS_SPK_01	SYN_ITEM_07	SYN_SHORT	14.02	20	-99.9999999999996	0.060790273556231	117.3166	117.3166		117.3166	-0.597703348180125	observed	FALSE	SYNTHETIC_TEACHING_FIXTURE
SYN_TRAJ_007	3	SYN_PROS_SPK_01	SYN_ITEM_07	SYN_SHORT	14.03	30	-89.9999999999999	0.0911854103343465	116.7249	116.7249		116.7249	-0.685241102752483	observed	FALSE	SYNTHETIC_TEACHING_FIXTURE
SYN_TRAJ_007	4	SYN_PROS_SPK_01	SYN_ITEM_07	SYN_SHORT	14.04	40	-80.0000000000001	0.121580547112462	118.3548	118.3548		118.3548	-0.445170727185476	observed	FALSE	SYNTHETIC_TEACHING_FIXTURE
SYN_TRAJ_007	5	SYN_PROS_SPK_01	SYN_ITEM_07	SYN_SHORT	14.05	50	-69.9999999999985	0.151975683890578	117.5682	117.5682		117.5682	-0.560614643135075	observed	FALSE	SYNTHETIC_TEACHING_FIXTURE
SYN_TRAJ_007	6	SYN_PROS_SPK_01	SYN_ITEM_07	SYN_SHORT	14.06	60	-59.9999999999987	0.182370820668693	117.932	117.932		117.932	-0.507126497642723	observed	FALSE	SYNTHETIC_TEACHING_FIXTURE
SYN_TRAJ_007	7	SYN_PROS_SPK_01	SYN_ITEM_07	SYN_SHORT	14.07	70	-49.9999999999989	0.212765957446809	116.8104	116.8104		116.8104	-0.672564602214135	observed	FALSE	SYNTHETIC_TEACHING_FIXTURE
SYN_TRAJ_007	8	SYN_PROS_SPK_01	SYN_ITEM_07	SYN_SHORT	14.08	80	-39.9999999999991	0.243161094224924	114.5639	114.5639		114.5639	-1.00875920229503	observed	FALSE	SYNTHETIC_TEACHING_FIXTURE
SYN_TRAJ_007	9	SYN_PROS_SPK_01	SYN_ITEM_07	SYN_SHORT	14.09	90	-29.9999999999994	0.27355623100304	116.2376	116.2376		116.2376	-0.757667487473525	observed	FALSE	SYNTHETIC_TEACHING_FIXTURE
SYN_TRAJ_007	10	SYN_PROS_SPK_01	SYN_ITEM_07	SYN_SHORT	14.1	100	-19.9999999999996	0.303951367781155	123.3871	123.3871		123.3871	0.275709506305294	observed	FALSE	SYNTHETIC_TEACHING_FIXTURE
SYN_TRAJ_007	11	SYN_PROS_SPK_01	SYN_ITEM_07	SYN_SHORT	14.11	110	-9.99999999999979	0.33434650455927	123.536	123.536		123.536	0.296588944571871	observed	FALSE	SYNTHETIC_TEACHING_FIXTURE
SYN_TRAJ_007	12	SYN_PROS_SPK_01	SYN_ITEM_07	SYN_SHORT	14.12	120	0	0.364741641337386	127.6283	127.6283		127.6283	0.860789838714346	observed	FALSE	SYNTHETIC_TEACHING_FIXTURE
SYN_TRAJ_007	13	SYN_PROS_SPK_01	SYN_ITEM_07	SYN_SHORT	14.13	130	10.0000000000016	0.395136778115502	132.4732	132.4732		132.4732	1.50581696210713	observed	FALSE	SYNTHETIC_TEACHING_FIXTURE
SYN_TRAJ_007	14	SYN_PROS_SPK_01	SYN_ITEM_07	SYN_SHORT	14.14	140	20.0000000000014	0.425531914893617	132.0725	132.0725		132.0725	1.45337188256369	observed	FALSE	SYNTHETIC_TEACHING_FIXTURE
SYN_TRAJ_007	15	SYN_PROS_SPK_01	SYN_ITEM_07	SYN_SHORT	14.15	150	30.0000000000011	0.455927051671733	134.1475	134.1475		134.1475	1.72325268792692	observed	FALSE	SYNTHETIC_TEACHING_FIXTURE
SYN_TRAJ_007	16	SYN_PROS_SPK_01	SYN_ITEM_07	SYN_SHORT	14.16	160	40.0000000000009	0.486322188449848	135.7654	135.7654		135.7654	1.93080090921064	observed	FALSE	SYNTHETIC_TEACHING_FIXTURE
SYN_TRAJ_007	17	SYN_PROS_SPK_01	SYN_ITEM_07	SYN_SHORT	14.17	170	50.0000000000007	0.516717325227964	138.6593	138.6593		138.6593	2.29594325524886	observed	FALSE	SYNTHETIC_TEACHING_FIXTURE
SYN_TRAJ_007	18	SYN_PROS_SPK_01	SYN_ITEM_07	SYN_SHORT	14.18	180	60.0000000000005	0.547112462006079	141.7882	141.7882		141.7882	2.68226033679867	observed	FALSE	SYNTHETIC_TEACHING_FIXTURE
SYN_TRAJ_007	19	SYN_PROS_SPK_01	SYN_ITEM_07	SYN_SHORT	14.19	190	70.0000000000003	0.577507598784195	141.476	141.476		141.476	2.6440986849577	observed	FALSE	SYNTHETIC_TEACHING_FIXTURE
SYN_TRAJ_007	20	SYN_PROS_SPK_01	SYN_ITEM_07	SYN_SHORT	14.2	200	80.0000000000001	0.60790273556231	140.0784	140.0784		140.0784	2.47222478918147	observed	FALSE	SYNTHETIC_TEACHING_FIXTURE
SYN_TRAJ_007	21	SYN_PROS_SPK_01	SYN_ITEM_07	SYN_SHORT	14.21	210	90.0000000000016	0.638297872340426	138.4646	138.4646		138.4646	2.27161685649265	observed	FALSE	SYNTHETIC_TEACHING_FIXTURE
SYN_TRAJ_007	22	SYN_PROS_SPK_01	SYN_ITEM_07	SYN_SHORT	14.22	220	100.000000000001	0.668693009118541	133.3733	133.3733		133.3733	1.62304925383192	observed	FALSE	SYNTHETIC_TEACHING_FIXTURE
SYN_TRAJ_007	23	SYN_PROS_SPK_01	SYN_ITEM_07	SYN_SHORT	14.23	230	110.000000000001	0.699088145896657	130.7641	130.7641		130.7641	1.28100887524	observed	FALSE	SYNTHETIC_TEACHING_FIXTURE
SYN_TRAJ_007	24	SYN_PROS_SPK_01	SYN_ITEM_07	SYN_SHORT	14.24	240	120.000000000001	0.729483282674772	129.1114	129.1114		129.1114	1.06080734896665	observed	FALSE	SYNTHETIC_TEACHING_FIXTURE
SYN_TRAJ_007	25	SYN_PROS_SPK_01	SYN_ITEM_07	SYN_SHORT	14.25	250	130.000000000001	0.759878419452888	127.1376	127.1376		127.1376	0.794099783382045	observed	FALSE	SYNTHETIC_TEACHING_FIXTURE
SYN_TRAJ_007	26	SYN_PROS_SPK_01	SYN_ITEM_07	SYN_SHORT	14.26	260	140.000000000001	0.790273556231003	122.4204	122.4204		122.4204	0.139538512051865	observed	FALSE	SYNTHETIC_TEACHING_FIXTURE
SYN_TRAJ_007	27	SYN_PROS_SPK_01	SYN_ITEM_07	SYN_SHORT	14.27	270	150	0.820668693009118	119.5052	119.5052		119.5052	-0.277708591552791	observed	FALSE	SYNTHETIC_TEACHING_FIXTURE
SYN_TRAJ_007	28	SYN_PROS_SPK_01	SYN_ITEM_07	SYN_SHORT	14.28	280	160	0.851063829787234	114.7313	114.7313		114.7313	-0.983480990513673	observed	FALSE	SYNTHETIC_TEACHING_FIXTURE
SYN_TRAJ_007	29	SYN_PROS_SPK_01	SYN_ITEM_07	SYN_SHORT	14.29	290	170	0.88145896656535	114.5248	114.5248		114.5248	-1.01466881302448	observed	FALSE	SYNTHETIC_TEACHING_FIXTURE
SYN_TRAJ_007	30	SYN_PROS_SPK_01	SYN_ITEM_07	SYN_SHORT	14.3	300	180.000000000001	0.911854103343465	114.4293	114.4293		114.4293	-1.02911125902342	observed	FALSE	SYNTHETIC_TEACHING_FIXTURE
SYN_TRAJ_007	31	SYN_PROS_SPK_01	SYN_ITEM_07	SYN_SHORT	14.31	310	190.000000000001	0.94224924012158	112.6854	112.6854		112.6854	-1.29498206306822	observed	FALSE	SYNTHETIC_TEACHING_FIXTURE
SYN_TRAJ_007	32	SYN_PROS_SPK_01	SYN_ITEM_07	SYN_SHORT	14.32	320	200.000000000001	0.972644376899696	114.1608	114.1608		114.1608	-1.06978113544829	observed	FALSE	SYNTHETIC_TEACHING_FIXTURE
SYN_TRAJ_008	0	SYN_PROS_SPK_01	SYN_ITEM_08	SYN_LONG	16	0	-120.000000000001	0	123.3326	123.3326		123.3326	0.268060967724157	observed	TRUE	SYNTHETIC_TEACHING_FIXTURE
SYN_TRAJ_008	1	SYN_PROS_SPK_01	SYN_ITEM_08	SYN_LONG	16.01	10	-109.999999999999	0.0223713646532438	122.4567	122.4567		122.4567	0.144671192603982	observed	FALSE	SYNTHETIC_TEACHING_FIXTURE
SYN_TRAJ_008	2	SYN_PROS_SPK_01	SYN_ITEM_08	SYN_LONG	16.02	20	-100.000000000001	0.0447427293064877	123.9799	123.9799		123.9799	0.358685611355694	observed	FALSE	SYNTHETIC_TEACHING_FIXTURE
SYN_TRAJ_008	3	SYN_PROS_SPK_01	SYN_ITEM_08	SYN_LONG	16.03	30	-89.9999999999999	0.0671140939597315	124.4922	124.4922		124.4922	0.430074911007451	observed	FALSE	SYNTHETIC_TEACHING_FIXTURE
SYN_TRAJ_008	4	SYN_PROS_SPK_01	SYN_ITEM_08	SYN_LONG	16.04	40	-80.0000000000018	0.0894854586129754	124.5916	124.5916		124.5916	0.443892322947696	observed	FALSE	SYNTHETIC_TEACHING_FIXTURE
SYN_TRAJ_008	5	SYN_PROS_SPK_01	SYN_ITEM_08	SYN_LONG	16.05	50	-70.0000000000003	0.111856823266219	127.1493	127.1493		127.1493	0.795692900321091	observed	FALSE	SYNTHETIC_TEACHING_FIXTURE
SYN_TRAJ_008	6	SYN_PROS_SPK_01	SYN_ITEM_08	SYN_LONG	16.06	60	-60.0000000000023	0.134228187919463	129.0617	129.0617		129.0617	1.05414187271824	observed	FALSE	SYNTHETIC_TEACHING_FIXTURE
SYN_TRAJ_008	7	SYN_PROS_SPK_01	SYN_ITEM_08	SYN_LONG	16.07	70	-50.0000000000007	0.156599552572707	133.3281	133.3281		133.3281	1.61718113467192	observed	FALSE	SYNTHETIC_TEACHING_FIXTURE
SYN_TRAJ_008	8	SYN_PROS_SPK_01	SYN_ITEM_08	SYN_LONG	16.08	80	-40.0000000000027	0.178970917225951	131.8364	131.8364		131.8364	1.42239570343279	observed	FALSE	SYNTHETIC_TEACHING_FIXTURE
SYN_TRAJ_008	9	SYN_PROS_SPK_01	SYN_ITEM_08	SYN_LONG	16.09	90	-30.0000000000011	0.201342281879195	133.0347	133.0347		133.0347	1.57904185430483	observed	FALSE	SYNTHETIC_TEACHING_FIXTURE
SYN_TRAJ_008	10	SYN_PROS_SPK_01	SYN_ITEM_08	SYN_LONG	16.1	100	-19.9999999999996	0.223713646532438	132.9011	132.9011		132.9011	1.56164721331152	observed	FALSE	SYNTHETIC_TEACHING_FIXTURE
SYN_TRAJ_008	11	SYN_PROS_SPK_01	SYN_ITEM_08	SYN_LONG	16.11	110	-10.0000000000016	0.246085011185682	133.8434	133.8434		133.8434	1.6839626597739	observed	FALSE	SYNTHETIC_TEACHING_FIXTURE
SYN_TRAJ_008	12	SYN_PROS_SPK_01	SYN_ITEM_08	SYN_LONG	16.12	120	0	0.268456375838926	133.7211	133.7211		133.7211	1.66813620006447	observed	FALSE	SYNTHETIC_TEACHING_FIXTURE
SYN_TRAJ_008	13	SYN_PROS_SPK_01	SYN_ITEM_08	SYN_LONG	16.13	130	9.99999999999801	0.29082774049217	132.5978	132.5978		132.5978	1.52209273564717	observed	FALSE	SYNTHETIC_TEACHING_FIXTURE
SYN_TRAJ_008	14	SYN_PROS_SPK_01	SYN_ITEM_08	SYN_LONG	16.14	140	19.9999999999996	0.313199105145414	136.2248	136.2248		136.2248	1.98928313970678	observed	FALSE	SYNTHETIC_TEACHING_FIXTURE
SYN_TRAJ_008	15	SYN_PROS_SPK_01	SYN_ITEM_08	SYN_LONG	16.15	150	29.9999999999976	0.335570469798658	134.6496	134.6496		134.6496	1.78792999486587	observed	FALSE	SYNTHETIC_TEACHING_FIXTURE
SYN_TRAJ_008	16	SYN_PROS_SPK_01	SYN_ITEM_08	SYN_LONG	16.16	160	39.9999999999991	0.357941834451902	135.9782	135.9782		135.9782	1.95791519495261	observed	FALSE	SYNTHETIC_TEACHING_FIXTURE
SYN_TRAJ_008	17	SYN_PROS_SPK_01	SYN_ITEM_08	SYN_LONG	16.17	170	50.0000000000007	0.380313199105145	134.9851	134.9851		134.9851	1.83101267845319	observed	FALSE	SYNTHETIC_TEACHING_FIXTURE
SYN_TRAJ_008	18	SYN_PROS_SPK_01	SYN_ITEM_08	SYN_LONG	16.18	180	59.9999999999987	0.402684563758389	138.5067	138.5067		138.5067	2.27687985334662	observed	FALSE	SYNTHETIC_TEACHING_FIXTURE
SYN_TRAJ_008	19	SYN_PROS_SPK_01	SYN_ITEM_08	SYN_LONG	16.19	190	70.0000000000003	0.425055928411633	137.0758	137.0758		137.0758	2.09709738799342	observed	FALSE	SYNTHETIC_TEACHING_FIXTURE
SYN_TRAJ_008	20	SYN_PROS_SPK_01	SYN_ITEM_08	SYN_LONG	16.2	200	79.9999999999983	0.447427293064877	139.8101	139.8101		139.8101	2.4390336978977	observed	FALSE	SYNTHETIC_TEACHING_FIXTURE
SYN_TRAJ_008	21	SYN_PROS_SPK_01	SYN_ITEM_08	SYN_LONG	16.21	210	89.9999999999999	0.469798657718121	137.4742	137.4742		137.4742	2.14734136025822	observed	FALSE	SYNTHETIC_TEACHING_FIXTURE
SYN_TRAJ_008	22	SYN_PROS_SPK_01	SYN_ITEM_08	SYN_LONG	16.22	220	99.9999999999979	0.492170022371365	135.1338	135.1338		135.1338	1.85007350900605	observed	FALSE	SYNTHETIC_TEACHING_FIXTURE
SYN_TRAJ_008	23	SYN_PROS_SPK_01	SYN_ITEM_08	SYN_LONG	16.23	230	109.999999999999	0.514541387024608	132.6058	132.6058		132.6058	1.52313720656662	observed	FALSE	SYNTHETIC_TEACHING_FIXTURE
SYN_TRAJ_008	24	SYN_PROS_SPK_01	SYN_ITEM_08	SYN_LONG	16.24	240	119.999999999997	0.536912751677852	133.1868	133.1868		133.1868	1.59882393257528	observed	FALSE	SYNTHETIC_TEACHING_FIXTURE
SYN_TRAJ_008	25	SYN_PROS_SPK_01	SYN_ITEM_08	SYN_LONG	16.25	250	129.999999999999	0.559284116331096	135.1937	135.1937		135.1937	1.85774575257996	observed	FALSE	SYNTHETIC_TEACHING_FIXTURE
SYN_TRAJ_008	26	SYN_PROS_SPK_01	SYN_ITEM_08	SYN_LONG	16.26	260	140.000000000001	0.58165548098434	132.9951	132.9951		132.9951	1.57388777992298	observed	FALSE	SYNTHETIC_TEACHING_FIXTURE
SYN_TRAJ_008	27	SYN_PROS_SPK_01	SYN_ITEM_08	SYN_LONG	16.27	270	149.999999999999	0.604026845637584	130.1633	130.1633		130.1633	1.20128346082571	observed	FALSE	SYNTHETIC_TEACHING_FIXTURE
SYN_TRAJ_008	28	SYN_PROS_SPK_01	SYN_ITEM_08	SYN_LONG	16.28	280	160	0.626398210290828	126.9388	126.9388		126.9388	0.767007979563215	observed	FALSE	SYNTHETIC_TEACHING_FIXTURE
SYN_TRAJ_008	29	SYN_PROS_SPK_01	SYN_ITEM_08	SYN_LONG	16.29	290	169.999999999998	0.648769574944072	126.6193	126.6193		126.6193	0.72337856512732	observed	FALSE	SYNTHETIC_TEACHING_FIXTURE
SYN_TRAJ_008	30	SYN_PROS_SPK_01	SYN_ITEM_08	SYN_LONG	16.3	300	180	0.671140939597315	125.9631	125.9631		125.9631	0.633424685611738	observed	FALSE	SYNTHETIC_TEACHING_FIXTURE
SYN_TRAJ_008	31	SYN_PROS_SPK_01	SYN_ITEM_08	SYN_LONG	16.31	310	189.999999999998	0.693512304250559	120.9689	120.9689		120.9689	-0.0669550366531853	observed	FALSE	SYNTHETIC_TEACHING_FIXTURE
SYN_TRAJ_008	32	SYN_PROS_SPK_01	SYN_ITEM_08	SYN_LONG	16.32	320	199.999999999999	0.715883668903803	121.2509	121.2509		121.2509	-0.0266438628833126	observed	FALSE	SYNTHETIC_TEACHING_FIXTURE
SYN_TRAJ_008	33	SYN_PROS_SPK_01	SYN_ITEM_08	SYN_LONG	16.33	330	209.999999999997	0.738255033557047	119.709	119.709		119.709	-0.248209875793985	observed	FALSE	SYNTHETIC_TEACHING_FIXTURE
SYN_TRAJ_008	34	SYN_PROS_SPK_01	SYN_ITEM_08	SYN_LONG	16.34	340	219.999999999999	0.760626398210291	118.5124	118.5124		118.5124	-0.422133132584387	observed	FALSE	SYNTHETIC_TEACHING_FIXTURE
SYN_TRAJ_008	35	SYN_PROS_SPK_01	SYN_ITEM_08	SYN_LONG	16.35	350	230	0.782997762863535	118.0255	118.0255		118.0255	-0.493406196990271	observed	FALSE	SYNTHETIC_TEACHING_FIXTURE
SYN_TRAJ_008	36	SYN_PROS_SPK_01	SYN_ITEM_08	SYN_LONG	16.36	360	239.999999999998	0.805369127516778	117.6549	117.6549		117.6549	-0.547852461287177	observed	FALSE	SYNTHETIC_TEACHING_FIXTURE
SYN_TRAJ_008	37	SYN_PROS_SPK_01	SYN_ITEM_08	SYN_LONG	16.37	370	250	0.827740492170022	118.2221		quality_rejection			missing	FALSE	SYNTHETIC_TEACHING_FIXTURE
SYN_TRAJ_008	38	SYN_PROS_SPK_01	SYN_ITEM_08	SYN_LONG	16.38	380	259.999999999998	0.850111856823266	111.4605	111.4605		111.4605	-1.48419897013	observed	FALSE	SYNTHETIC_TEACHING_FIXTURE
SYN_TRAJ_008	39	SYN_PROS_SPK_01	SYN_ITEM_08	SYN_LONG	16.39	390	270	0.87248322147651	112.9754	112.9754		112.9754	-1.25048535379344	observed	FALSE	SYNTHETIC_TEACHING_FIXTURE
SYN_TRAJ_008	40	SYN_PROS_SPK_01	SYN_ITEM_08	SYN_LONG	16.4	400	279.999999999998	0.894854586129754	112.709	112.709		112.709	-1.29135667364353	observed	FALSE	SYNTHETIC_TEACHING_FIXTURE
SYN_TRAJ_008	41	SYN_PROS_SPK_01	SYN_ITEM_08	SYN_LONG	16.41	410	289.999999999999	0.917225950782998	114.1229	114.1229		114.1229	-1.07552957662587	observed	FALSE	SYNTHETIC_TEACHING_FIXTURE
SYN_TRAJ_008	42	SYN_PROS_SPK_01	SYN_ITEM_08	SYN_LONG	16.42	420	300.000000000001	0.939597315436242	111.566	111.566		111.566	-1.46782018054224	observed	FALSE	SYNTHETIC_TEACHING_FIXTURE
SYN_TRAJ_008	43	SYN_PROS_SPK_01	SYN_ITEM_08	SYN_LONG	16.43	430	309.999999999999	0.961968680089485	111.8667	111.8667		111.8667	-1.42122159467253	observed	FALSE	SYNTHETIC_TEACHING_FIXTURE
SYN_TRAJ_008	44	SYN_PROS_SPK_01	SYN_ITEM_08	SYN_LONG	16.44	440	320	0.984340044742729	113.352	113.352		113.352	-1.19287117675531	observed	FALSE	SYNTHETIC_TEACHING_FIXTURE
SYN_TRAJ_009	0	SYN_PROS_SPK_02	SYN_ITEM_01	SYN_SHORT	18	0	-120.000000000001	0	134.0282	134.0282		134.0282	-1.07715761007684	observed	TRUE	SYNTHETIC_TEACHING_FIXTURE
SYN_TRAJ_009	1	SYN_PROS_SPK_02	SYN_ITEM_01	SYN_SHORT	18.01	10	-109.999999999999	0.0355871886120996	133.7816	133.7816		133.7816	-1.10904012051217	observed	FALSE	SYNTHETIC_TEACHING_FIXTURE
SYN_TRAJ_009	2	SYN_PROS_SPK_02	SYN_ITEM_01	SYN_SHORT	18.02	20	-100.000000000001	0.0711743772241993	136.9979	136.9979		136.9979	-0.697751233704583	observed	FALSE	SYNTHETIC_TEACHING_FIXTURE
SYN_TRAJ_009	3	SYN_PROS_SPK_02	SYN_ITEM_01	SYN_SHORT	18.03	30	-89.9999999999999	0.106761565836299	135.5492	135.5492		135.5492	-0.881797395829069	observed	FALSE	SYNTHETIC_TEACHING_FIXTURE
SYN_TRAJ_009	4	SYN_PROS_SPK_02	SYN_ITEM_01	SYN_SHORT	18.04	40	-80.0000000000018	0.142348754448399	132.6185	132.6185		132.6185	-1.26021206954129	observed	FALSE	SYNTHETIC_TEACHING_FIXTURE
SYN_TRAJ_009	5	SYN_PROS_SPK_02	SYN_ITEM_01	SYN_SHORT	18.05	50	-70.0000000000003	0.177935943060498	134.9829	134.9829		134.9829	-0.954276726301805	observed	FALSE	SYNTHETIC_TEACHING_FIXTURE
SYN_TRAJ_009	6	SYN_PROS_SPK_02	SYN_ITEM_01	SYN_SHORT	18.06	60	-60.0000000000023	0.213523131672598	133.0342	133.0342		133.0342	-1.20603045711165	observed	FALSE	SYNTHETIC_TEACHING_FIXTURE
SYN_TRAJ_009	7	SYN_PROS_SPK_02	SYN_ITEM_01	SYN_SHORT	18.07	70	-50.0000000000007	0.249110320284698	139.9158	139.9158		139.9158	-0.332889920758327	observed	FALSE	SYNTHETIC_TEACHING_FIXTURE
SYN_TRAJ_009	8	SYN_PROS_SPK_02	SYN_ITEM_01	SYN_SHORT	18.08	80	-40.0000000000027	0.284697508896797	144.7514	144.7514		144.7514	0.255331041832641	observed	FALSE	SYNTHETIC_TEACHING_FIXTURE
SYN_TRAJ_009	9	SYN_PROS_SPK_02	SYN_ITEM_01	SYN_SHORT	18.09	90	-30.0000000000011	0.320284697508897	142.4711	142.4711		142.4711	-0.0195649671531888	observed	FALSE	SYNTHETIC_TEACHING_FIXTURE
SYN_TRAJ_009	10	SYN_PROS_SPK_02	SYN_ITEM_01	SYN_SHORT	18.1	100	-19.9999999999996	0.355871886120996	142.7109	142.7109		142.7109	0.00954977520860766	observed	FALSE	SYNTHETIC_TEACHING_FIXTURE
SYN_TRAJ_009	11	SYN_PROS_SPK_02	SYN_ITEM_01	SYN_SHORT	18.11	110	-10.0000000000016	0.391459074733096	143.4905	143.4905		143.4905	0.103866113481054	observed	FALSE	SYNTHETIC_TEACHING_FIXTURE
SYN_TRAJ_009	12	SYN_PROS_SPK_02	SYN_ITEM_01	SYN_SHORT	18.12	120	0	0.427046263345196	144.8505	144.8505		144.8505	0.26717939648495	observed	FALSE	SYNTHETIC_TEACHING_FIXTURE
SYN_TRAJ_009	13	SYN_PROS_SPK_02	SYN_ITEM_01	SYN_SHORT	18.13	130	9.99999999999801	0.462633451957295	150.7387	150.7387		150.7387	0.957001690828921	observed	FALSE	SYNTHETIC_TEACHING_FIXTURE
SYN_TRAJ_009	14	SYN_PROS_SPK_02	SYN_ITEM_01	SYN_SHORT	18.14	140	19.9999999999996	0.498220640569395	153.7887	153.7887		153.7887	1.30379744160866	observed	FALSE	SYNTHETIC_TEACHING_FIXTURE
SYN_TRAJ_009	15	SYN_PROS_SPK_02	SYN_ITEM_01	SYN_SHORT	18.15	150	29.9999999999976	0.533807829181495	156.0822	156.0822		156.0822	1.5600756399888	observed	FALSE	SYNTHETIC_TEACHING_FIXTURE
SYN_TRAJ_009	16	SYN_PROS_SPK_02	SYN_ITEM_01	SYN_SHORT	18.16	160	39.9999999999991	0.569395017793594	158.8397	158.8397		158.8397	1.86326191571487	observed	FALSE	SYNTHETIC_TEACHING_FIXTURE
SYN_TRAJ_009	17	SYN_PROS_SPK_02	SYN_ITEM_01	SYN_SHORT	18.17	170	50.0000000000007	0.604982206405694	155.6448	155.6448		155.6448	1.51149195811183	observed	FALSE	SYNTHETIC_TEACHING_FIXTURE
SYN_TRAJ_009	18	SYN_PROS_SPK_02	SYN_ITEM_01	SYN_SHORT	18.18	180	59.9999999999987	0.640569395017794	152.9141	152.9141		152.9141	1.20506072296612	observed	FALSE	SYNTHETIC_TEACHING_FIXTURE
SYN_TRAJ_009	19	SYN_PROS_SPK_02	SYN_ITEM_01	SYN_SHORT	18.19	190	70.0000000000003	0.676156583629893	152.5336	152.5336		152.5336	1.16192830478707	observed	FALSE	SYNTHETIC_TEACHING_FIXTURE
SYN_TRAJ_009	20	SYN_PROS_SPK_02	SYN_ITEM_01	SYN_SHORT	18.2	200	79.9999999999983	0.711743772241993	146.864	146.864		146.864	0.506173009520095	observed	FALSE	SYNTHETIC_TEACHING_FIXTURE
SYN_TRAJ_009	21	SYN_PROS_SPK_02	SYN_ITEM_01	SYN_SHORT	18.21	210	89.9999999999999	0.747330960854093	145.2199	145.2199		145.2199	0.311273395972021	observed	FALSE	SYNTHETIC_TEACHING_FIXTURE
SYN_TRAJ_009	22	SYN_PROS_SPK_02	SYN_ITEM_01	SYN_SHORT	18.22	220	99.9999999999979	0.782918149466192	140.5638	140.5638		140.5638	-0.252895392829355	observed	FALSE	SYNTHETIC_TEACHING_FIXTURE
SYN_TRAJ_009	23	SYN_PROS_SPK_02	SYN_ITEM_01	SYN_SHORT	18.23	230	109.999999999999	0.818505338078292	136.9072	136.9072		136.9072	-0.709216732812821	observed	FALSE	SYNTHETIC_TEACHING_FIXTURE
SYN_TRAJ_009	24	SYN_PROS_SPK_02	SYN_ITEM_01	SYN_SHORT	18.24	240	119.999999999997	0.854092526690391	136.4009	136.4009		136.4009	-0.773358615303948	observed	FALSE	SYNTHETIC_TEACHING_FIXTURE
SYN_TRAJ_009	25	SYN_PROS_SPK_02	SYN_ITEM_01	SYN_SHORT	18.25	250	129.999999999999	0.889679715302491	134.5963	134.5963		134.5963	-1.00393156185254	observed	FALSE	SYNTHETIC_TEACHING_FIXTURE
SYN_TRAJ_009	26	SYN_PROS_SPK_02	SYN_ITEM_01	SYN_SHORT	18.26	260	140.000000000001	0.925266903914591	133.0844	133.0844		133.0844	-1.19949893693275	observed	FALSE	SYNTHETIC_TEACHING_FIXTURE
SYN_TRAJ_009	27	SYN_PROS_SPK_02	SYN_ITEM_01	SYN_SHORT	18.27	270	149.999999999999	0.96085409252669	132.0952	132.0952		132.0952	-1.32866005376126	observed	FALSE	SYNTHETIC_TEACHING_FIXTURE
SYN_TRAJ_009	28	SYN_PROS_SPK_02	SYN_ITEM_01	SYN_SHORT	18.28	280	160	0.99644128113879	129.8624	129.8624		129.8624	-1.62379125047271	observed	FALSE	SYNTHETIC_TEACHING_FIXTURE
SYN_TRAJ_010	0	SYN_PROS_SPK_02	SYN_ITEM_02	SYN_LONG	20	0	-120.000000000001	0			structural_unvoiced			missing	TRUE	SYNTHETIC_TEACHING_FIXTURE
SYN_TRAJ_010	1	SYN_PROS_SPK_02	SYN_ITEM_02	SYN_LONG	20.01	10	-109.999999999999	0.0196850393700787			structural_unvoiced			missing	FALSE	SYNTHETIC_TEACHING_FIXTURE
SYN_TRAJ_010	2	SYN_PROS_SPK_02	SYN_ITEM_02	SYN_LONG	20.02	20	-100.000000000001	0.0393700787401575			structural_unvoiced			missing	FALSE	SYNTHETIC_TEACHING_FIXTURE
SYN_TRAJ_010	3	SYN_PROS_SPK_02	SYN_ITEM_02	SYN_LONG	20.03	30	-89.9999999999999	0.0590551181102362	136.2137	136.2137		136.2137	-0.797134822808957	observed	FALSE	SYNTHETIC_TEACHING_FIXTURE
SYN_TRAJ_010	4	SYN_PROS_SPK_02	SYN_ITEM_02	SYN_LONG	20.04	40	-80.0000000000018	0.078740157480315	136.7019	136.7019		136.7019	-0.735197039533296	observed	FALSE	SYNTHETIC_TEACHING_FIXTURE
SYN_TRAJ_010	5	SYN_PROS_SPK_02	SYN_ITEM_02	SYN_LONG	20.05	50	-70.0000000000003	0.0984251968503937	136.6416	136.6416		136.6416	-0.742835297977498	observed	FALSE	SYNTHETIC_TEACHING_FIXTURE
SYN_TRAJ_010	6	SYN_PROS_SPK_02	SYN_ITEM_02	SYN_LONG	20.06	60	-60.0000000000023	0.118110236220472	139.4217	139.4217		139.4217	-0.394135090902693	observed	FALSE	SYNTHETIC_TEACHING_FIXTURE
SYN_TRAJ_010	7	SYN_PROS_SPK_02	SYN_ITEM_02	SYN_LONG	20.07	70	-50.0000000000007	0.137795275590551	139.7869	139.7869		139.7869	-0.348846583652364	observed	FALSE	SYNTHETIC_TEACHING_FIXTURE
SYN_TRAJ_010	8	SYN_PROS_SPK_02	SYN_ITEM_02	SYN_LONG	20.08	80	-40.0000000000027	0.15748031496063	143.3992	143.3992		143.3992	0.0928471278558632	observed	FALSE	SYNTHETIC_TEACHING_FIXTURE
SYN_TRAJ_010	9	SYN_PROS_SPK_02	SYN_ITEM_02	SYN_LONG	20.09	90	-30.0000000000011	0.177165354330709	142.7487	142.7487		142.7487	0.0141347075378905	observed	FALSE	SYNTHETIC_TEACHING_FIXTURE
SYN_TRAJ_010	10	SYN_PROS_SPK_02	SYN_ITEM_02	SYN_LONG	20.1	100	-19.9999999999996	0.196850393700787	144.0349	144.0349		144.0349	0.169424491458694	observed	FALSE	SYNTHETIC_TEACHING_FIXTURE
SYN_TRAJ_010	11	SYN_PROS_SPK_02	SYN_ITEM_02	SYN_LONG	20.11	110	-10.0000000000016	0.216535433070866	140.7365	140.7365		140.7365	-0.231638098909809	observed	FALSE	SYNTHETIC_TEACHING_FIXTURE
SYN_TRAJ_010	12	SYN_PROS_SPK_02	SYN_ITEM_02	SYN_LONG	20.12	120	0	0.236220472440945	146.13		quality_rejection			missing	FALSE	SYNTHETIC_TEACHING_FIXTURE
SYN_TRAJ_010	13	SYN_PROS_SPK_02	SYN_ITEM_02	SYN_LONG	20.13	130	9.99999999999801	0.255905511811024	146.325	146.325		146.325	0.44251876575939	observed	FALSE	SYNTHETIC_TEACHING_FIXTURE
SYN_TRAJ_010	14	SYN_PROS_SPK_02	SYN_ITEM_02	SYN_LONG	20.14	140	19.9999999999996	0.275590551181102	147.9102	147.9102		147.9102	0.629061964333657	observed	FALSE	SYNTHETIC_TEACHING_FIXTURE
SYN_TRAJ_010	15	SYN_PROS_SPK_02	SYN_ITEM_02	SYN_LONG	20.15	150	29.9999999999976	0.295275590551181	149.465	149.465		149.465	0.810095704008553	observed	FALSE	SYNTHETIC_TEACHING_FIXTURE
SYN_TRAJ_010	16	SYN_PROS_SPK_02	SYN_ITEM_02	SYN_LONG	20.16	160	39.9999999999991	0.31496062992126	147.6575	147.6575		147.6575	0.59945907127098	observed	FALSE	SYNTHETIC_TEACHING_FIXTURE
SYN_TRAJ_010	17	SYN_PROS_SPK_02	SYN_ITEM_02	SYN_LONG	20.17	170	50.0000000000007	0.334645669291339	149.6076	149.6076		149.6076	0.826605006037923	observed	FALSE	SYNTHETIC_TEACHING_FIXTURE
SYN_TRAJ_010	18	SYN_PROS_SPK_02	SYN_ITEM_02	SYN_LONG	20.18	180	59.9999999999987	0.354330708661417	153.3599		estimator_failure	153.10935	1.22715206883829	interpolated_estimator_failure	FALSE	SYNTHETIC_TEACHING_FIXTURE
SYN_TRAJ_010	19	SYN_PROS_SPK_02	SYN_ITEM_02	SYN_LONG	20.19	190	70.0000000000003	0.374015748031496	156.6111	156.6111		156.6111	1.6186410497217	observed	FALSE	SYNTHETIC_TEACHING_FIXTURE
SYN_TRAJ_010	20	SYN_PROS_SPK_02	SYN_ITEM_02	SYN_LONG	20.2	200	79.9999999999983	0.393700787401575	156.1158	156.1158		156.1158	1.56380208694062	observed	FALSE	SYNTHETIC_TEACHING_FIXTURE
SYN_TRAJ_010	21	SYN_PROS_SPK_02	SYN_ITEM_02	SYN_LONG	20.21	210	89.9999999999999	0.413385826771654	157.6233	157.6233		157.6233	1.73017315220628	observed	FALSE	SYNTHETIC_TEACHING_FIXTURE
SYN_TRAJ_010	22	SYN_PROS_SPK_02	SYN_ITEM_02	SYN_LONG	20.22	220	99.9999999999979	0.433070866141732	154.0284	154.0284		154.0284	1.33076000382111	observed	FALSE	SYNTHETIC_TEACHING_FIXTURE
SYN_TRAJ_010	23	SYN_PROS_SPK_02	SYN_ITEM_02	SYN_LONG	20.23	230	109.999999999999	0.452755905511811	151.5878	151.5878		151.5878	1.05424719832906	observed	FALSE	SYNTHETIC_TEACHING_FIXTURE
SYN_TRAJ_010	24	SYN_PROS_SPK_02	SYN_ITEM_02	SYN_LONG	20.24	240	119.999999999997	0.47244094488189	155.2089	155.2089		155.2089	1.46293886599025	observed	FALSE	SYNTHETIC_TEACHING_FIXTURE
SYN_TRAJ_010	25	SYN_PROS_SPK_02	SYN_ITEM_02	SYN_LONG	20.25	250	129.999999999999	0.492125984251969	157.2553	157.2553		157.2553	1.68970711735225	observed	FALSE	SYNTHETIC_TEACHING_FIXTURE
SYN_TRAJ_010	26	SYN_PROS_SPK_02	SYN_ITEM_02	SYN_LONG	20.26	260	140.000000000001	0.511811023622047	155.4306	155.4306		155.4306	1.48765012478661	observed	FALSE	SYNTHETIC_TEACHING_FIXTURE
SYN_TRAJ_010	27	SYN_PROS_SPK_02	SYN_ITEM_02	SYN_LONG	20.27	270	149.999999999999	0.531496062992126	153.2426	153.2426		153.2426	1.24221232561719	observed	FALSE	SYNTHETIC_TEACHING_FIXTURE
SYN_TRAJ_010	28	SYN_PROS_SPK_02	SYN_ITEM_02	SYN_LONG	20.28	280	160	0.551181102362205	150.2871	150.2871		150.2871	0.905057579521018	observed	FALSE	SYNTHETIC_TEACHING_FIXTURE
SYN_TRAJ_010	29	SYN_PROS_SPK_02	SYN_ITEM_02	SYN_LONG	20.29	290	169.999999999998	0.570866141732283	152.1635	152.1635		152.1635	1.11987145313573	observed	FALSE	SYNTHETIC_TEACHING_FIXTURE
SYN_TRAJ_010	30	SYN_PROS_SPK_02	SYN_ITEM_02	SYN_LONG	20.3	300	180	0.590551181102362	149.8628	149.8628		149.8628	0.856111163325519	observed	FALSE	SYNTHETIC_TEACHING_FIXTURE
SYN_TRAJ_010	31	SYN_PROS_SPK_02	SYN_ITEM_02	SYN_LONG	20.31	310	189.999999999998	0.610236220472441	148.6138	148.6138		148.6138	0.711220478519073	observed	FALSE	SYNTHETIC_TEACHING_FIXTURE
SYN_TRAJ_010	32	SYN_PROS_SPK_02	SYN_ITEM_02	SYN_LONG	20.32	320	199.999999999999	0.62992125984252	143.4623	143.4623		143.4623	0.100463407507051	observed	FALSE	SYNTHETIC_TEACHING_FIXTURE
SYN_TRAJ_010	33	SYN_PROS_SPK_02	SYN_ITEM_02	SYN_LONG	20.33	330	209.999999999997	0.649606299212598	139.3325	139.3325		139.3325	-0.405214822253654	observed	FALSE	SYNTHETIC_TEACHING_FIXTURE
SYN_TRAJ_010	34	SYN_PROS_SPK_02	SYN_ITEM_02	SYN_LONG	20.34	340	219.999999999999	0.669291338582677	137.9594	137.9594		137.9594	-0.576671464354267	observed	FALSE	SYNTHETIC_TEACHING_FIXTURE
SYN_TRAJ_010	35	SYN_PROS_SPK_02	SYN_ITEM_02	SYN_LONG	20.35	350	230	0.688976377952756	136.8973	136.8973		136.8973	-0.710468663814191	observed	FALSE	SYNTHETIC_TEACHING_FIXTURE
SYN_TRAJ_010	36	SYN_PROS_SPK_02	SYN_ITEM_02	SYN_LONG	20.36	360	239.999999999998	0.708661417322835	132.7866	132.7866		132.7866	-1.23828178390901	observed	FALSE	SYNTHETIC_TEACHING_FIXTURE
SYN_TRAJ_010	37	SYN_PROS_SPK_02	SYN_ITEM_02	SYN_LONG	20.37	370	250	0.728346456692913	132.378	132.378		132.378	-1.29163602443237	observed	FALSE	SYNTHETIC_TEACHING_FIXTURE
SYN_TRAJ_010	38	SYN_PROS_SPK_02	SYN_ITEM_02	SYN_LONG	20.38	380	259.999999999998	0.748031496062992	132.3761	132.3761		132.3761	-1.29188450743552	observed	FALSE	SYNTHETIC_TEACHING_FIXTURE
SYN_TRAJ_010	39	SYN_PROS_SPK_02	SYN_ITEM_02	SYN_LONG	20.39	390	270	0.767716535433071	126.7138	126.7138		126.7138	-2.04871274947903	observed	FALSE	SYNTHETIC_TEACHING_FIXTURE
SYN_TRAJ_010	40	SYN_PROS_SPK_02	SYN_ITEM_02	SYN_LONG	20.4	400	279.999999999998	0.78740157480315	129.1867	129.1867		129.1867	-1.71410598230801	observed	FALSE	SYNTHETIC_TEACHING_FIXTURE
SYN_TRAJ_010	41	SYN_PROS_SPK_02	SYN_ITEM_02	SYN_LONG	20.41	410	289.999999999999	0.807086614173228	129.1961	129.1961		129.1961	-1.71284633189255	observed	FALSE	SYNTHETIC_TEACHING_FIXTURE
SYN_TRAJ_010	42	SYN_PROS_SPK_02	SYN_ITEM_02	SYN_LONG	20.42	420	300.000000000001	0.826771653543307	130.0586	130.0586		130.0586	-1.59765498715115	observed	FALSE	SYNTHETIC_TEACHING_FIXTURE
SYN_TRAJ_010	43	SYN_PROS_SPK_02	SYN_ITEM_02	SYN_LONG	20.43	430	309.999999999999	0.846456692913386	129.8925	129.8925		129.8925	-1.61977899544998	observed	FALSE	SYNTHETIC_TEACHING_FIXTURE
SYN_TRAJ_010	44	SYN_PROS_SPK_02	SYN_ITEM_02	SYN_LONG	20.44	440	320	0.866141732283465	131.1474	131.1474		131.1474	-1.45332610114007	observed	FALSE	SYNTHETIC_TEACHING_FIXTURE
SYN_TRAJ_010	45	SYN_PROS_SPK_02	SYN_ITEM_02	SYN_LONG	20.45	450	329.999999999998	0.885826771653543	128.2857	128.2857		128.2857	-1.83527223122961	observed	FALSE	SYNTHETIC_TEACHING_FIXTURE
SYN_TRAJ_010	46	SYN_PROS_SPK_02	SYN_ITEM_02	SYN_LONG	20.46	460	340	0.905511811023622	125.2331	125.2331		125.2331	-2.2522054513429	observed	FALSE	SYNTHETIC_TEACHING_FIXTURE
SYN_TRAJ_010	47	SYN_PROS_SPK_02	SYN_ITEM_02	SYN_LONG	20.47	470	349.999999999998	0.925196850393701	130.747	130.747		130.747	-1.50626244902188	observed	FALSE	SYNTHETIC_TEACHING_FIXTURE
SYN_TRAJ_010	48	SYN_PROS_SPK_02	SYN_ITEM_02	SYN_LONG	20.48	480	359.999999999999	0.94488188976378	130.594	130.594		130.594	-1.52653319412264	observed	FALSE	SYNTHETIC_TEACHING_FIXTURE
SYN_TRAJ_010	49	SYN_PROS_SPK_02	SYN_ITEM_02	SYN_LONG	20.49	490	369.999999999997	0.964566929133858			structural_unvoiced			missing	FALSE	SYNTHETIC_TEACHING_FIXTURE
SYN_TRAJ_010	50	SYN_PROS_SPK_02	SYN_ITEM_02	SYN_LONG	20.5	500	379.999999999999	0.984251968503937			structural_unvoiced			missing	FALSE	SYNTHETIC_TEACHING_FIXTURE
SYN_TRAJ_011	0	SYN_PROS_SPK_02	SYN_ITEM_03	SYN_SHORT	22	0	-120.000000000001	0	138.6099	138.6099		138.6099	-0.495232936968932	observed	TRUE	SYNTHETIC_TEACHING_FIXTURE
SYN_TRAJ_011	1	SYN_PROS_SPK_02	SYN_ITEM_03	SYN_SHORT	22.01	10	-109.999999999999	0.03003003003003	140.7759	140.7759		140.7759	-0.226792087012742	observed	FALSE	SYNTHETIC_TEACHING_FIXTURE
SYN_TRAJ_011	2	SYN_PROS_SPK_02	SYN_ITEM_03	SYN_SHORT	22.02	20	-100.000000000001	0.0600600600600601	138.3556	138.3556		138.3556	-0.527024112576921	observed	FALSE	SYNTHETIC_TEACHING_FIXTURE
SYN_TRAJ_011	3	SYN_PROS_SPK_02	SYN_ITEM_03	SYN_SHORT	22.03	30	-89.9999999999999	0.0900900900900901	134.4252	134.4252		134.4252	-1.02595316129613	observed	FALSE	SYNTHETIC_TEACHING_FIXTURE
SYN_TRAJ_011	4	SYN_PROS_SPK_02	SYN_ITEM_03	SYN_SHORT	22.04	40	-80.0000000000018	0.12012012012012	138.0297	138.0297		138.0297	-0.567851858342176	observed	FALSE	SYNTHETIC_TEACHING_FIXTURE
SYN_TRAJ_011	5	SYN_PROS_SPK_02	SYN_ITEM_03	SYN_SHORT	22.05	50	-70.0000000000003	0.15015015015015	135.0483	135.0483		135.0483	-0.94589082800392	observed	FALSE	SYNTHETIC_TEACHING_FIXTURE
SYN_TRAJ_011	6	SYN_PROS_SPK_02	SYN_ITEM_03	SYN_SHORT	22.06	60	-60.0000000000023	0.18018018018018	131.5687	131.5687		131.5687	-1.39780079986644	observed	FALSE	SYNTHETIC_TEACHING_FIXTURE
SYN_TRAJ_011	7	SYN_PROS_SPK_02	SYN_ITEM_03	SYN_SHORT	22.07	70	-50.0000000000007	0.21021021021021	136.9145	136.9145		136.9145	-0.708293649758322	observed	FALSE	SYNTHETIC_TEACHING_FIXTURE
SYN_TRAJ_011	8	SYN_PROS_SPK_02	SYN_ITEM_03	SYN_SHORT	22.08	80	-40.0000000000027	0.24024024024024	135.003	135.003		135.003	-0.951698976541502	observed	FALSE	SYNTHETIC_TEACHING_FIXTURE
SYN_TRAJ_011	9	SYN_PROS_SPK_02	SYN_ITEM_03	SYN_SHORT	22.09	90	-30.0000000000011	0.27027027027027	136.5935	136.5935		136.5935	-0.748930587976499	observed	FALSE	SYNTHETIC_TEACHING_FIXTURE
SYN_TRAJ_011	10	SYN_PROS_SPK_02	SYN_ITEM_03	SYN_SHORT	22.1	100	-19.9999999999996	0.3003003003003	136.5808	136.5808		136.5808	-0.750540305467419	observed	FALSE	SYNTHETIC_TEACHING_FIXTURE
SYN_TRAJ_011	11	SYN_PROS_SPK_02	SYN_ITEM_03	SYN_SHORT	22.11	110	-10.0000000000016	0.33033033033033	137.9535	137.9535		137.9535	-0.577411863291109	observed	FALSE	SYNTHETIC_TEACHING_FIXTURE
SYN_TRAJ_011	12	SYN_PROS_SPK_02	SYN_ITEM_03	SYN_SHORT	22.12	120	0	0.36036036036036	136.2942	136.2942		136.2942	-0.786906543555131	observed	FALSE	SYNTHETIC_TEACHING_FIXTURE
SYN_TRAJ_011	13	SYN_PROS_SPK_02	SYN_ITEM_03	SYN_SHORT	22.13	130	9.99999999999801	0.39039039039039	142.4583	142.4583		142.4583	-0.021120425862816	observed	FALSE	SYNTHETIC_TEACHING_FIXTURE
SYN_TRAJ_011	14	SYN_PROS_SPK_02	SYN_ITEM_03	SYN_SHORT	22.14	140	19.9999999999996	0.42042042042042	145.5198	145.5198		145.5198	0.346989005189355	observed	FALSE	SYNTHETIC_TEACHING_FIXTURE
SYN_TRAJ_011	15	SYN_PROS_SPK_02	SYN_ITEM_03	SYN_SHORT	22.15	150	29.9999999999976	0.45045045045045	147.5986	147.5986		147.5986	0.59255186855153	observed	FALSE	SYNTHETIC_TEACHING_FIXTURE
SYN_TRAJ_011	16	SYN_PROS_SPK_02	SYN_ITEM_03	SYN_SHORT	22.16	160	39.9999999999991	0.48048048048048	150.7102	150.7102		150.7102	0.953728156206939	observed	FALSE	SYNTHETIC_TEACHING_FIXTURE
SYN_TRAJ_011	17	SYN_PROS_SPK_02	SYN_ITEM_03	SYN_SHORT	22.17	170	50.0000000000007	0.510510510510511	154.3893	154.3893		154.3893	1.37127665727432	observed	FALSE	SYNTHETIC_TEACHING_FIXTURE
SYN_TRAJ_011	18	SYN_PROS_SPK_02	SYN_ITEM_03	SYN_SHORT	22.18	180	59.9999999999987	0.540540540540541	156.7785	156.7785		156.7785	1.63713615022134	observed	FALSE	SYNTHETIC_TEACHING_FIXTURE
SYN_TRAJ_011	19	SYN_PROS_SPK_02	SYN_ITEM_03	SYN_SHORT	22.19	190	70.0000000000003	0.570570570570571	158.4766	158.4766		158.4766	1.82364142615406	observed	FALSE	SYNTHETIC_TEACHING_FIXTURE
SYN_TRAJ_011	20	SYN_PROS_SPK_02	SYN_ITEM_03	SYN_SHORT	22.2	200	79.9999999999983	0.600600600600601	154.6265	154.6265		154.6265	1.39785450844511	observed	FALSE	SYNTHETIC_TEACHING_FIXTURE
SYN_TRAJ_011	21	SYN_PROS_SPK_02	SYN_ITEM_03	SYN_SHORT	22.21	210	89.9999999999999	0.630630630630631	153.474	153.474		153.474	1.26833465710889	observed	FALSE	SYNTHETIC_TEACHING_FIXTURE
SYN_TRAJ_011	22	SYN_PROS_SPK_02	SYN_ITEM_03	SYN_SHORT	22.22	220	99.9999999999979	0.660660660660661	151.556	151.556		151.556	1.05061504468038	observed	FALSE	SYNTHETIC_TEACHING_FIXTURE
SYN_TRAJ_011	23	SYN_PROS_SPK_02	SYN_ITEM_03	SYN_SHORT	22.23	230	109.999999999999	0.690690690690691	147.9832	147.9832		147.9832	0.637604235850761	observed	FALSE	SYNTHETIC_TEACHING_FIXTURE
SYN_TRAJ_011	24	SYN_PROS_SPK_02	SYN_ITEM_03	SYN_SHORT	22.24	240	119.999999999997	0.720720720720721	141.7859	141.7859		141.7859	-0.103027739783222	observed	FALSE	SYNTHETIC_TEACHING_FIXTURE
SYN_TRAJ_011	25	SYN_PROS_SPK_02	SYN_ITEM_03	SYN_SHORT	22.25	250	129.999999999999	0.750750750750751	139.5537	139.5537		139.5537	-0.377752075659716	observed	FALSE	SYNTHETIC_TEACHING_FIXTURE
SYN_TRAJ_011	26	SYN_PROS_SPK_02	SYN_ITEM_03	SYN_SHORT	22.26	260	140.000000000001	0.780780780780781	141.9302	141.9302		141.9302	-0.0854173824703066	observed	FALSE	SYNTHETIC_TEACHING_FIXTURE
SYN_TRAJ_011	27	SYN_PROS_SPK_02	SYN_ITEM_03	SYN_SHORT	22.27	270	149.999999999999	0.810810810810811	142.2254	142.2254		142.2254	-0.0494469159274831	observed	FALSE	SYNTHETIC_TEACHING_FIXTURE
SYN_TRAJ_011	28	SYN_PROS_SPK_02	SYN_ITEM_03	SYN_SHORT	22.28	280	160	0.840840840840841	137.6849	137.6849		137.6849	-0.611152417057757	observed	FALSE	SYNTHETIC_TEACHING_FIXTURE
SYN_TRAJ_011	29	SYN_PROS_SPK_02	SYN_ITEM_03	SYN_SHORT	22.29	290	169.999999999998	0.870870870870871	130.7784	130.7784		130.7784	-1.50210524292244	observed	FALSE	SYNTHETIC_TEACHING_FIXTURE
SYN_TRAJ_011	30	SYN_PROS_SPK_02	SYN_ITEM_03	SYN_SHORT	22.3	300	180	0.900900900900901	130.0101	130.0101		130.0101	-1.60411211577548	observed	FALSE	SYNTHETIC_TEACHING_FIXTURE
SYN_TRAJ_011	31	SYN_PROS_SPK_02	SYN_ITEM_03	SYN_SHORT	22.31	310	189.999999999998	0.930930930930931	131.1707	131.1707		131.1707	-1.45025061733249	observed	FALSE	SYNTHETIC_TEACHING_FIXTURE
SYN_TRAJ_011	32	SYN_PROS_SPK_02	SYN_ITEM_03	SYN_SHORT	22.32	320	199.999999999999	0.960960960960961	132.2316	132.2316		132.2316	-1.31079275122115	observed	FALSE	SYNTHETIC_TEACHING_FIXTURE
SYN_TRAJ_011	33	SYN_PROS_SPK_02	SYN_ITEM_03	SYN_SHORT	22.33	330	209.999999999997	0.990990990990991	131.7672	131.7672		131.7672	-1.37170105244674	observed	FALSE	SYNTHETIC_TEACHING_FIXTURE
SYN_TRAJ_012	0	SYN_PROS_SPK_02	SYN_ITEM_04	SYN_LONG	24	0	-120.000000000001	0	140.5871	140.5871		140.5871	-0.250025919287879	observed	TRUE	SYNTHETIC_TEACHING_FIXTURE
SYN_TRAJ_012	1	SYN_PROS_SPK_02	SYN_ITEM_04	SYN_LONG	24.01	10	-109.999999999999	0.0229357798165138	139.8043	139.8043		139.8043	-0.34669176100468	observed	FALSE	SYNTHETIC_TEACHING_FIXTURE
SYN_TRAJ_012	2	SYN_PROS_SPK_02	SYN_ITEM_04	SYN_LONG	24.02	20	-100.000000000001	0.0458715596330275	140.2596	140.2596		140.2596	-0.290402352984097	observed	FALSE	SYNTHETIC_TEACHING_FIXTURE
SYN_TRAJ_012	3	SYN_PROS_SPK_02	SYN_ITEM_04	SYN_LONG	24.03	30	-89.9999999999999	0.0688073394495413	140.0035	140.0035		140.0035	-0.322041849112604	observed	FALSE	SYNTHETIC_TEACHING_FIXTURE
SYN_TRAJ_012	4	SYN_PROS_SPK_02	SYN_ITEM_04	SYN_LONG	24.04	40	-80.0000000000018	0.091743119266055	138.1848	138.1848		138.1848	-0.54840940117707	observed	FALSE	SYNTHETIC_TEACHING_FIXTURE
SYN_TRAJ_012	5	SYN_PROS_SPK_02	SYN_ITEM_04	SYN_LONG	24.05	50	-70.0000000000003	0.114678899082569	141.1843	141.1843		141.1843	-0.176640577680407	observed	FALSE	SYNTHETIC_TEACHING_FIXTURE
SYN_TRAJ_012	6	SYN_PROS_SPK_02	SYN_ITEM_04	SYN_LONG	24.06	60	-60.0000000000023	0.137614678899083	139.7186	139.7186		139.7186	-0.357307475327466	observed	FALSE	SYNTHETIC_TEACHING_FIXTURE
SYN_TRAJ_012	7	SYN_PROS_SPK_02	SYN_ITEM_04	SYN_LONG	24.07	70	-50.0000000000007	0.160550458715596	143.8556	143.8556		143.8556	0.147860021277678	observed	FALSE	SYNTHETIC_TEACHING_FIXTURE
SYN_TRAJ_012	8	SYN_PROS_SPK_02	SYN_ITEM_04	SYN_LONG	24.08	80	-40.0000000000027	0.18348623853211	144.3148	144.3148		144.3148	0.203034553305834	observed	FALSE	SYNTHETIC_TEACHING_FIXTURE
SYN_TRAJ_012	9	SYN_PROS_SPK_02	SYN_ITEM_04	SYN_LONG	24.09	90	-30.0000000000011	0.206422018348624	142.5741	142.5741		142.5741	-0.00705346969139221	observed	FALSE	SYNTHETIC_TEACHING_FIXTURE
SYN_TRAJ_012	10	SYN_PROS_SPK_02	SYN_ITEM_04	SYN_LONG	24.1	100	-19.9999999999996	0.229357798165138	141.5443	141.5443		141.5443	-0.132552742598426	observed	FALSE	SYNTHETIC_TEACHING_FIXTURE
SYN_TRAJ_012	11	SYN_PROS_SPK_02	SYN_ITEM_04	SYN_LONG	24.11	110	-10.0000000000016	0.252293577981651	143.9969	143.9969		143.9969	0.164856461522681	observed	FALSE	SYNTHETIC_TEACHING_FIXTURE
SYN_TRAJ_012	12	SYN_PROS_SPK_02	SYN_ITEM_04	SYN_LONG	24.12	120	0	0.275229357798165	147.8419	147.8419		147.8419	0.621065856265224	observed	FALSE	SYNTHETIC_TEACHING_FIXTURE
SYN_TRAJ_012	13	SYN_PROS_SPK_02	SYN_ITEM_04	SYN_LONG	24.13	130	9.99999999999801	0.298165137614679	144.3655	144.3655		144.3655	0.209115575612528	observed	FALSE	SYNTHETIC_TEACHING_FIXTURE
SYN_TRAJ_012	14	SYN_PROS_SPK_02	SYN_ITEM_04	SYN_LONG	24.14	140	19.9999999999996	0.321100917431193	147.7384	147.7384		147.7384	0.608941724081742	observed	FALSE	SYNTHETIC_TEACHING_FIXTURE
SYN_TRAJ_012	15	SYN_PROS_SPK_02	SYN_ITEM_04	SYN_LONG	24.15	150	29.9999999999976	0.344036697247706	149.2046	149.2046		149.2046	0.77990759911902	observed	FALSE	SYNTHETIC_TEACHING_FIXTURE
SYN_TRAJ_012	16	SYN_PROS_SPK_02	SYN_ITEM_04	SYN_LONG	24.16	160	39.9999999999991	0.36697247706422	150.9624	150.9624		150.9624	0.982674592104183	observed	FALSE	SYNTHETIC_TEACHING_FIXTURE
SYN_TRAJ_012	17	SYN_PROS_SPK_02	SYN_ITEM_04	SYN_LONG	24.17	170	50.0000000000007	0.389908256880734	153.489	153.489		153.489	1.27002662068474	observed	FALSE	SYNTHETIC_TEACHING_FIXTURE
SYN_TRAJ_012	18	SYN_PROS_SPK_02	SYN_ITEM_04	SYN_LONG	24.18	180	59.9999999999987	0.412844036697248	157.703	157.703		157.703	1.73892468080689	observed	FALSE	SYNTHETIC_TEACHING_FIXTURE
SYN_TRAJ_012	19	SYN_PROS_SPK_02	SYN_ITEM_04	SYN_LONG	24.19	190	70.0000000000003	0.435779816513761	157.2521	157.2521		157.2521	1.68935482364106	observed	FALSE	SYNTHETIC_TEACHING_FIXTURE
SYN_TRAJ_012	20	SYN_PROS_SPK_02	SYN_ITEM_04	SYN_LONG	24.2	200	79.9999999999983	0.458715596330275	161.0328	161.0328		161.0328	2.10065830873633	observed	FALSE	SYNTHETIC_TEACHING_FIXTURE
SYN_TRAJ_012	21	SYN_PROS_SPK_02	SYN_ITEM_04	SYN_LONG	24.21	210	89.9999999999999	0.481651376146789	154.8013	154.8013		154.8013	1.41741446679198	observed	FALSE	SYNTHETIC_TEACHING_FIXTURE
SYN_TRAJ_012	22	SYN_PROS_SPK_02	SYN_ITEM_04	SYN_LONG	24.22	220	99.9999999999979	0.504587155963303	152.3133	152.3133		152.3133	1.13690650352216	observed	FALSE	SYNTHETIC_TEACHING_FIXTURE
SYN_TRAJ_012	23	SYN_PROS_SPK_02	SYN_ITEM_04	SYN_LONG	24.23	230	109.999999999999	0.527522935779816	149.7599	149.7599		149.7599	0.844219942089426	observed	FALSE	SYNTHETIC_TEACHING_FIXTURE
SYN_TRAJ_012	24	SYN_PROS_SPK_02	SYN_ITEM_04	SYN_LONG	24.24	240	119.999999999997	0.55045871559633	149.1127	149.1127		149.1127	0.769241076316472	observed	FALSE	SYNTHETIC_TEACHING_FIXTURE
SYN_TRAJ_012	25	SYN_PROS_SPK_02	SYN_ITEM_04	SYN_LONG	24.25	250	129.999999999999	0.573394495412844	150.7239	150.7239		150.7239	0.955301827300457	observed	FALSE	SYNTHETIC_TEACHING_FIXTURE
SYN_TRAJ_012	26	SYN_PROS_SPK_02	SYN_ITEM_04	SYN_LONG	24.26	260	140.000000000001	0.596330275229358	146.2762	146.2762		146.2762	0.436744064741226	observed	FALSE	SYNTHETIC_TEACHING_FIXTURE
SYN_TRAJ_012	27	SYN_PROS_SPK_02	SYN_ITEM_04	SYN_LONG	24.27	270	149.999999999999	0.619266055045872	144.2393	144.2393		144.2393	0.193975026950997	observed	FALSE	SYNTHETIC_TEACHING_FIXTURE
SYN_TRAJ_012	28	SYN_PROS_SPK_02	SYN_ITEM_04	SYN_LONG	24.28	280	160	0.642201834862385	143.8904	143.8904		143.8904	0.152047530066764	observed	FALSE	SYNTHETIC_TEACHING_FIXTURE
SYN_TRAJ_012	29	SYN_PROS_SPK_02	SYN_ITEM_04	SYN_LONG	24.29	290	169.999999999998	0.665137614678899	140.751	140.751		140.751	-0.229854510385724	observed	FALSE	SYNTHETIC_TEACHING_FIXTURE
SYN_TRAJ_012	30	SYN_PROS_SPK_02	SYN_ITEM_04	SYN_LONG	24.3	300	180	0.688073394495413	140.0029	140.0029		140.0029	-0.322116043161699	observed	FALSE	SYNTHETIC_TEACHING_FIXTURE
SYN_TRAJ_012	31	SYN_PROS_SPK_02	SYN_ITEM_04	SYN_LONG	24.31	310	189.999999999998	0.711009174311927	135.3754	135.3754		135.3754	-0.904009370600116	observed	FALSE	SYNTHETIC_TEACHING_FIXTURE
SYN_TRAJ_012	32	SYN_PROS_SPK_02	SYN_ITEM_04	SYN_LONG	24.32	320	199.999999999999	0.73394495412844	131.919	131.919		131.919	-1.3517681657291	observed	FALSE	SYNTHETIC_TEACHING_FIXTURE
SYN_TRAJ_012	33	SYN_PROS_SPK_02	SYN_ITEM_04	SYN_LONG	24.33	330	209.999999999997	0.756880733944954	130.1582	130.1582		130.1582	-1.58440212110195	observed	FALSE	SYNTHETIC_TEACHING_FIXTURE
SYN_TRAJ_012	34	SYN_PROS_SPK_02	SYN_ITEM_04	SYN_LONG	24.34	340	219.999999999999	0.779816513761468	129.3597	129.3597		129.3597	-1.6909377204264	observed	FALSE	SYNTHETIC_TEACHING_FIXTURE
SYN_TRAJ_012	35	SYN_PROS_SPK_02	SYN_ITEM_04	SYN_LONG	24.35	350	230	0.802752293577982	134.3941	134.3941		134.3941	-1.02995892867713	observed	FALSE	SYNTHETIC_TEACHING_FIXTURE
SYN_TRAJ_012	36	SYN_PROS_SPK_02	SYN_ITEM_04	SYN_LONG	24.36	360	239.999999999998	0.825688073394495	131.0091	131.0091		131.0091	-1.47159226590788	observed	FALSE	SYNTHETIC_TEACHING_FIXTURE
SYN_TRAJ_012	37	SYN_PROS_SPK_02	SYN_ITEM_04	SYN_LONG	24.37	370	250	0.848623853211009	131.3009	131.3009		131.3009	-1.43307491590978	observed	FALSE	SYNTHETIC_TEACHING_FIXTURE
SYN_TRAJ_012	38	SYN_PROS_SPK_02	SYN_ITEM_04	SYN_LONG	24.38	380	259.999999999998	0.871559633027523	129.4776	129.4776		129.4776	-1.67516622933905	observed	FALSE	SYNTHETIC_TEACHING_FIXTURE
SYN_TRAJ_012	39	SYN_PROS_SPK_02	SYN_ITEM_04	SYN_LONG	24.39	390	270	0.894495412844037	127.7279	127.7279		127.7279	-1.91071227665269	observed	FALSE	SYNTHETIC_TEACHING_FIXTURE
SYN_TRAJ_012	40	SYN_PROS_SPK_02	SYN_ITEM_04	SYN_LONG	24.4	400	279.999999999998	0.91743119266055	128.253	128.253		128.253	-1.83968570597717	observed	FALSE	SYNTHETIC_TEACHING_FIXTURE
SYN_TRAJ_012	41	SYN_PROS_SPK_02	SYN_ITEM_04	SYN_LONG	24.41	410	289.999999999999	0.940366972477064	125.2959	125.2959		125.2959	-2.2435260968124	observed	FALSE	SYNTHETIC_TEACHING_FIXTURE
SYN_TRAJ_012	42	SYN_PROS_SPK_02	SYN_ITEM_04	SYN_LONG	24.42	420	300.000000000001	0.963302752293578	126.0572	126.0572		126.0572	-2.13865430395677	observed	FALSE	SYNTHETIC_TEACHING_FIXTURE
SYN_TRAJ_012	43	SYN_PROS_SPK_02	SYN_ITEM_04	SYN_LONG	24.43	430	309.999999999999	0.986238532110092	126.1098	126.1098		126.1098	-2.13143187498694	observed	FALSE	SYNTHETIC_TEACHING_FIXTURE
SYN_TRAJ_013	0	SYN_PROS_SPK_02	SYN_ITEM_05	SYN_SHORT	26	0	-120.000000000001	0	138.6948	138.6948		138.6948	-0.484632195231908	observed	TRUE	SYNTHETIC_TEACHING_FIXTURE
SYN_TRAJ_013	1	SYN_PROS_SPK_02	SYN_ITEM_05	SYN_SHORT	26.01	10	-109.999999999999	0.033003300330033	136.6814	136.6814		136.6814	-0.737793415981483	observed	FALSE	SYNTHETIC_TEACHING_FIXTURE
SYN_TRAJ_013	2	SYN_PROS_SPK_02	SYN_ITEM_05	SYN_SHORT	26.02	20	-100.000000000001	0.066006600660066	136.571	136.571		136.571	-0.75178255199028	observed	FALSE	SYNTHETIC_TEACHING_FIXTURE
SYN_TRAJ_013	3	SYN_PROS_SPK_02	SYN_ITEM_05	SYN_SHORT	26.03	30	-89.9999999999999	0.099009900990099	140.5601	140.5601		140.5601	-0.253351104064286	observed	FALSE	SYNTHETIC_TEACHING_FIXTURE
SYN_TRAJ_013	4	SYN_PROS_SPK_02	SYN_ITEM_05	SYN_SHORT	26.04	40	-80.0000000000018	0.132013201320132	138.9996	138.9996		138.9996	-0.446627802628914	observed	FALSE	SYNTHETIC_TEACHING_FIXTURE
SYN_TRAJ_013	5	SYN_PROS_SPK_02	SYN_ITEM_05	SYN_SHORT	26.05	50	-70.0000000000003	0.165016501650165	137.3926	137.3926		137.3926	-0.647944950289697	observed	FALSE	SYNTHETIC_TEACHING_FIXTURE
SYN_TRAJ_013	6	SYN_PROS_SPK_02	SYN_ITEM_05	SYN_SHORT	26.06	60	-60.0000000000023	0.198019801980198	139.0811	139.0811		139.0811	-0.436479987333656	observed	FALSE	SYNTHETIC_TEACHING_FIXTURE
SYN_TRAJ_013	7	SYN_PROS_SPK_02	SYN_ITEM_05	SYN_SHORT	26.07	70	-50.0000000000007	0.231023102310231	137.8651	137.8651		137.8651	-0.588509091337196	observed	FALSE	SYNTHETIC_TEACHING_FIXTURE
SYN_TRAJ_013	8	SYN_PROS_SPK_02	SYN_ITEM_05	SYN_SHORT	26.08	80	-40.0000000000027	0.264026402640264	135.9314	135.9314		135.9314	-0.833051511909386	observed	FALSE	SYNTHETIC_TEACHING_FIXTURE
SYN_TRAJ_013	9	SYN_PROS_SPK_02	SYN_ITEM_05	SYN_SHORT	26.09	90	-30.0000000000011	0.297029702970297	139.3451	139.3451		139.3451	-0.403649317955276	observed	FALSE	SYNTHETIC_TEACHING_FIXTURE
SYN_TRAJ_013	10	SYN_PROS_SPK_02	SYN_ITEM_05	SYN_SHORT	26.1	100	-19.9999999999996	0.33003300330033	145.5435	145.5435		145.5435	0.349808340162437	observed	FALSE	SYNTHETIC_TEACHING_FIXTURE
SYN_TRAJ_013	11	SYN_PROS_SPK_02	SYN_ITEM_05	SYN_SHORT	26.11	110	-10.0000000000016	0.363036303630363	144.4969	144.4969		144.4969	0.224865923857089	observed	FALSE	SYNTHETIC_TEACHING_FIXTURE
SYN_TRAJ_013	12	SYN_PROS_SPK_02	SYN_ITEM_05	SYN_SHORT	26.12	120	0	0.396039603960396	148.2616	148.2616		148.2616	0.670143250958985	observed	FALSE	SYNTHETIC_TEACHING_FIXTURE
SYN_TRAJ_013	13	SYN_PROS_SPK_02	SYN_ITEM_05	SYN_SHORT	26.13	130	9.99999999999801	0.429042904290429	145.9362	145.9362		145.9362	0.396456941928438	observed	FALSE	SYNTHETIC_TEACHING_FIXTURE
SYN_TRAJ_013	14	SYN_PROS_SPK_02	SYN_ITEM_05	SYN_SHORT	26.14	140	19.9999999999996	0.462046204620462	149.6391	149.6391		149.6391	0.83024974950524	observed	FALSE	SYNTHETIC_TEACHING_FIXTURE
SYN_TRAJ_013	15	SYN_PROS_SPK_02	SYN_ITEM_05	SYN_SHORT	26.15	150	29.9999999999976	0.495049504950495	152.2838	152.2838		152.2838	1.13355312920526	observed	FALSE	SYNTHETIC_TEACHING_FIXTURE
SYN_TRAJ_013	16	SYN_PROS_SPK_02	SYN_ITEM_05	SYN_SHORT	26.16	160	39.9999999999991	0.528052805280528	157.2797	157.2797		157.2797	1.69239312119169	observed	FALSE	SYNTHETIC_TEACHING_FIXTURE
SYN_TRAJ_013	17	SYN_PROS_SPK_02	SYN_ITEM_05	SYN_SHORT	26.17	170	50.0000000000007	0.561056105610561	158.0318	158.0318		158.0318	1.77498215442746	observed	FALSE	SYNTHETIC_TEACHING_FIXTURE
SYN_TRAJ_013	18	SYN_PROS_SPK_02	SYN_ITEM_05	SYN_SHORT	26.18	180	59.9999999999987	0.594059405940594	160.6809	160.6809		160.6809	2.06278478921652	observed	FALSE	SYNTHETIC_TEACHING_FIXTURE
SYN_TRAJ_013	19	SYN_PROS_SPK_02	SYN_ITEM_05	SYN_SHORT	26.19	190	70.0000000000003	0.627062706270627	157.7321	157.7321		157.7321	1.74211892970125	observed	FALSE	SYNTHETIC_TEACHING_FIXTURE
SYN_TRAJ_013	20	SYN_PROS_SPK_02	SYN_ITEM_05	SYN_SHORT	26.2	200	79.9999999999983	0.66006600660066	155.7773	155.7773		155.7773	1.52622363742058	observed	FALSE	SYNTHETIC_TEACHING_FIXTURE
SYN_TRAJ_013	21	SYN_PROS_SPK_02	SYN_ITEM_05	SYN_SHORT	26.21	210	89.9999999999999	0.693069306930693	154.779	154.779		154.779	1.41492034689088	observed	FALSE	SYNTHETIC_TEACHING_FIXTURE
SYN_TRAJ_013	22	SYN_PROS_SPK_02	SYN_ITEM_05	SYN_SHORT	26.22	220	99.9999999999979	0.726072607260726	152.0909	152.0909		152.0909	1.11160944645002	observed	FALSE	SYNTHETIC_TEACHING_FIXTURE
SYN_TRAJ_013	23	SYN_PROS_SPK_02	SYN_ITEM_05	SYN_SHORT	26.23	230	109.999999999999	0.759075907590759	144.8908	144.8908		144.8908	0.271995329362128	observed	FALSE	SYNTHETIC_TEACHING_FIXTURE
SYN_TRAJ_013	24	SYN_PROS_SPK_02	SYN_ITEM_05	SYN_SHORT	26.24	240	119.999999999997	0.792079207920792	139.6788	139.6788		139.6788	-0.362239741384268	observed	FALSE	SYNTHETIC_TEACHING_FIXTURE
SYN_TRAJ_013	25	SYN_PROS_SPK_02	SYN_ITEM_05	SYN_SHORT	26.25	250	129.999999999999	0.825082508250825	136.7611	136.7611		136.7611	-0.727701396078363	observed	FALSE	SYNTHETIC_TEACHING_FIXTURE
SYN_TRAJ_013	26	SYN_PROS_SPK_02	SYN_ITEM_05	SYN_SHORT	26.26	260	140.000000000001	0.858085808580858	140.0314	140.0314		140.0314	-0.318592176937546	observed	FALSE	SYNTHETIC_TEACHING_FIXTURE
SYN_TRAJ_013	27	SYN_PROS_SPK_02	SYN_ITEM_05	SYN_SHORT	26.27	270	149.999999999999	0.891089108910891	137.6742	137.6742		137.6742	-0.612497874994998	observed	FALSE	SYNTHETIC_TEACHING_FIXTURE
SYN_TRAJ_013	28	SYN_PROS_SPK_02	SYN_ITEM_05	SYN_SHORT	26.28	280	160	0.924092409240924	132.2322	132.2322		132.2322	-1.31071419677026	observed	FALSE	SYNTHETIC_TEACHING_FIXTURE
SYN_TRAJ_013	29	SYN_PROS_SPK_02	SYN_ITEM_05	SYN_SHORT	26.29	290	169.999999999998	0.957095709570957	134.5538	134.5538		134.5538	-1.00939895329672	observed	FALSE	SYNTHETIC_TEACHING_FIXTURE
SYN_TRAJ_013	30	SYN_PROS_SPK_02	SYN_ITEM_05	SYN_SHORT	26.3	300	180	0.99009900990099	131.1941	131.1941		131.1941	-1.44716248379814	observed	FALSE	SYNTHETIC_TEACHING_FIXTURE
SYN_TRAJ_014	0	SYN_PROS_SPK_02	SYN_ITEM_06	SYN_LONG	28	0	-120.000000000001	0	136.4496	136.4496		136.4496	-0.767178593710815	observed	TRUE	SYNTHETIC_TEACHING_FIXTURE
SYN_TRAJ_014	1	SYN_PROS_SPK_02	SYN_ITEM_06	SYN_LONG	28.01	10	-109.999999999999	0.0212314225053079	141.0717	141.0717		141.0717	-0.190453355036139	observed	FALSE	SYNTHETIC_TEACHING_FIXTURE
SYN_TRAJ_014	2	SYN_PROS_SPK_02	SYN_ITEM_06	SYN_LONG	28.02	20	-100.000000000001	0.0424628450106157	143.864	143.864		143.864	0.148870892001554	observed	FALSE	SYNTHETIC_TEACHING_FIXTURE
SYN_TRAJ_014	3	SYN_PROS_SPK_02	SYN_ITEM_06	SYN_LONG	28.03	30	-89.9999999999999	0.0636942675159236	143.888	143.888		143.888	0.151758768872886	observed	FALSE	SYNTHETIC_TEACHING_FIXTURE
SYN_TRAJ_014	4	SYN_PROS_SPK_02	SYN_ITEM_06	SYN_LONG	28.04	40	-80.0000000000018	0.0849256900212314	145.9007	145.9007		145.9007	0.392245081876127	observed	FALSE	SYNTHETIC_TEACHING_FIXTURE
SYN_TRAJ_014	5	SYN_PROS_SPK_02	SYN_ITEM_06	SYN_LONG	28.05	50	-70.0000000000003	0.106157112526539	145.8184		estimator_failure	147.0866	0.532393250131087	interpolated_estimator_failure	FALSE	SYNTHETIC_TEACHING_FIXTURE
SYN_TRAJ_014	6	SYN_PROS_SPK_02	SYN_ITEM_06	SYN_LONG	28.06	60	-60.0000000000023	0.127388535031847	148.2725	148.2725		148.2725	0.671415984930785	observed	FALSE	SYNTHETIC_TEACHING_FIXTURE
SYN_TRAJ_014	7	SYN_PROS_SPK_02	SYN_ITEM_06	SYN_LONG	28.07	70	-50.0000000000007	0.148619957537155	147.4256	147.4256		147.4256	0.572248210423332	observed	FALSE	SYNTHETIC_TEACHING_FIXTURE
SYN_TRAJ_014	8	SYN_PROS_SPK_02	SYN_ITEM_06	SYN_LONG	28.08	80	-40.0000000000027	0.169851380042463	146.6551	146.6551		146.6551	0.48153033012288	observed	FALSE	SYNTHETIC_TEACHING_FIXTURE
SYN_TRAJ_014	9	SYN_PROS_SPK_02	SYN_ITEM_06	SYN_LONG	28.09	90	-30.0000000000011	0.191082802547771	147.0191	147.0191		147.0191	0.524446562911911	observed	FALSE	SYNTHETIC_TEACHING_FIXTURE
SYN_TRAJ_014	10	SYN_PROS_SPK_02	SYN_ITEM_06	SYN_LONG	28.1	100	-19.9999999999996	0.212314225053079	145.314	145.314		145.314	0.322487862147133	observed	FALSE	SYNTHETIC_TEACHING_FIXTURE
SYN_TRAJ_014	11	SYN_PROS_SPK_02	SYN_ITEM_06	SYN_LONG	28.11	110	-10.0000000000016	0.233545647558386	150.3696	150.3696		150.3696	0.914558569363102	observed	FALSE	SYNTHETIC_TEACHING_FIXTURE
SYN_TRAJ_014	12	SYN_PROS_SPK_02	SYN_ITEM_06	SYN_LONG	28.12	120	0	0.254777070063694	150.9512	150.9512		150.9512	0.981390130499374	observed	FALSE	SYNTHETIC_TEACHING_FIXTURE
SYN_TRAJ_014	13	SYN_PROS_SPK_02	SYN_ITEM_06	SYN_LONG	28.13	130	9.99999999999801	0.276008492569002	147.4497	147.4497		147.4497	0.575078067022064	observed	FALSE	SYNTHETIC_TEACHING_FIXTURE
SYN_TRAJ_014	14	SYN_PROS_SPK_02	SYN_ITEM_06	SYN_LONG	28.14	140	19.9999999999996	0.29723991507431	151.4037	151.4037		151.4037	1.03320896935857	observed	FALSE	SYNTHETIC_TEACHING_FIXTURE
SYN_TRAJ_014	15	SYN_PROS_SPK_02	SYN_ITEM_06	SYN_LONG	28.15	150	29.9999999999976	0.318471337579618	155.518	155.518		155.518	1.49738227086304	observed	FALSE	SYNTHETIC_TEACHING_FIXTURE
SYN_TRAJ_014	16	SYN_PROS_SPK_02	SYN_ITEM_06	SYN_LONG	28.16	160	39.9999999999991	0.339702760084926	154.5474	154.5474		154.5474	1.38899602354266	observed	FALSE	SYNTHETIC_TEACHING_FIXTURE
SYN_TRAJ_014	17	SYN_PROS_SPK_02	SYN_ITEM_06	SYN_LONG	28.17	170	50.0000000000007	0.360934182590234	155.3648	155.3648		155.3648	1.48031956570301	observed	FALSE	SYNTHETIC_TEACHING_FIXTURE
SYN_TRAJ_014	18	SYN_PROS_SPK_02	SYN_ITEM_06	SYN_LONG	28.18	180	59.9999999999987	0.382165605095541	159.6664	159.6664		159.6664	1.95313237046308	observed	FALSE	SYNTHETIC_TEACHING_FIXTURE
SYN_TRAJ_014	19	SYN_PROS_SPK_02	SYN_ITEM_06	SYN_LONG	28.19	190	70.0000000000003	0.403397027600849	161.0448	161.0448		161.0448	2.10194835862483	observed	FALSE	SYNTHETIC_TEACHING_FIXTURE
SYN_TRAJ_014	20	SYN_PROS_SPK_02	SYN_ITEM_06	SYN_LONG	28.2	200	79.9999999999983	0.424628450106157	157.0416	157.0416		157.0416	1.66616474240055	observed	FALSE	SYNTHETIC_TEACHING_FIXTURE
SYN_TRAJ_014	21	SYN_PROS_SPK_02	SYN_ITEM_06	SYN_LONG	28.21	210	89.9999999999999	0.445859872611465	158.1034	158.1034		158.1034	1.78282413849204	observed	FALSE	SYNTHETIC_TEACHING_FIXTURE
SYN_TRAJ_014	22	SYN_PROS_SPK_02	SYN_ITEM_06	SYN_LONG	28.22	220	99.9999999999979	0.467091295116773	156.4413	156.4413		156.4413	1.59986057908103	observed	FALSE	SYNTHETIC_TEACHING_FIXTURE
SYN_TRAJ_014	23	SYN_PROS_SPK_02	SYN_ITEM_06	SYN_LONG	28.23	230	109.999999999999	0.488322717622081	156.2418	156.2418		156.2418	1.57776912356876	observed	FALSE	SYNTHETIC_TEACHING_FIXTURE
SYN_TRAJ_014	24	SYN_PROS_SPK_02	SYN_ITEM_06	SYN_LONG	28.24	240	119.999999999997	0.509554140127389	156.777	156.777		156.777	1.63697051121493	observed	FALSE	SYNTHETIC_TEACHING_FIXTURE
SYN_TRAJ_014	25	SYN_PROS_SPK_02	SYN_ITEM_06	SYN_LONG	28.25	250	129.999999999999	0.530785562632696	151.5673	151.5673		151.5673	1.05190580291398	observed	FALSE	SYNTHETIC_TEACHING_FIXTURE
SYN_TRAJ_014	26	SYN_PROS_SPK_02	SYN_ITEM_06	SYN_LONG	28.26	260	140.000000000001	0.552016985138004	152.3657	152.3657		152.3657	1.14286140458626	observed	FALSE	SYNTHETIC_TEACHING_FIXTURE
SYN_TRAJ_014	27	SYN_PROS_SPK_02	SYN_ITEM_06	SYN_LONG	28.27	270	149.999999999999	0.573248407643312	152.8596	152.8596		152.8596	1.19888934480814	observed	FALSE	SYNTHETIC_TEACHING_FIXTURE
SYN_TRAJ_014	28	SYN_PROS_SPK_02	SYN_ITEM_06	SYN_LONG	28.28	280	160	0.59447983014862	148.2414	148.2414		148.2414	0.66778435895147	observed	FALSE	SYNTHETIC_TEACHING_FIXTURE
SYN_TRAJ_014	29	SYN_PROS_SPK_02	SYN_ITEM_06	SYN_LONG	28.29	290	169.999999999998	0.615711252653928	146.4393	146.4393		146.4393	0.456036811631942	observed	FALSE	SYNTHETIC_TEACHING_FIXTURE
SYN_TRAJ_014	30	SYN_PROS_SPK_02	SYN_ITEM_06	SYN_LONG	28.3	300	180	0.636942675159236	144.7565	144.7565		144.7565	0.255940993661323	observed	FALSE	SYNTHETIC_TEACHING_FIXTURE
SYN_TRAJ_014	31	SYN_PROS_SPK_02	SYN_ITEM_06	SYN_LONG	28.31	310	189.999999999998	0.658174097664543	143.0381	143.0381		143.0381	0.0491971600413629	observed	FALSE	SYNTHETIC_TEACHING_FIXTURE
SYN_TRAJ_014	32	SYN_PROS_SPK_02	SYN_ITEM_06	SYN_LONG	28.32	320	199.999999999999	0.679405520169851	139.9134	139.9134		139.9134	-0.33318688488629	observed	FALSE	SYNTHETIC_TEACHING_FIXTURE
SYN_TRAJ_014	33	SYN_PROS_SPK_02	SYN_ITEM_06	SYN_LONG	28.33	330	209.999999999997	0.700636942675159	136.6117	136.6117		136.6117	-0.746624009643464	observed	FALSE	SYNTHETIC_TEACHING_FIXTURE
SYN_TRAJ_014	34	SYN_PROS_SPK_02	SYN_ITEM_06	SYN_LONG	28.34	340	219.999999999999	0.721868365180467	137.984	137.984		137.984	-0.573584718469431	observed	FALSE	SYNTHETIC_TEACHING_FIXTURE
SYN_TRAJ_014	35	SYN_PROS_SPK_02	SYN_ITEM_06	SYN_LONG	28.35	350	230	0.743099787685775	135.1637	135.1637		135.1637	-0.931103592691753	observed	FALSE	SYNTHETIC_TEACHING_FIXTURE
SYN_TRAJ_014	36	SYN_PROS_SPK_02	SYN_ITEM_06	SYN_LONG	28.36	360	239.999999999998	0.764331210191083	134.3192	134.3192		134.3192	-1.03961006493524	observed	FALSE	SYNTHETIC_TEACHING_FIXTURE
SYN_TRAJ_014	37	SYN_PROS_SPK_02	SYN_ITEM_06	SYN_LONG	28.37	370	250	0.785562632696391	136.7455	136.7455		136.7455	-0.729676284523084	observed	FALSE	SYNTHETIC_TEACHING_FIXTURE
SYN_TRAJ_014	38	SYN_PROS_SPK_02	SYN_ITEM_06	SYN_LONG	28.38	380	259.999999999998	0.806794055201699	134.8581	134.8581		134.8581	-0.97029045473659	observed	FALSE	SYNTHETIC_TEACHING_FIXTURE
SYN_TRAJ_014	39	SYN_PROS_SPK_02	SYN_ITEM_06	SYN_LONG	28.39	390	270	0.828025477707006	132.9028	132.9028		132.9028	-1.2231385821608	observed	FALSE	SYNTHETIC_TEACHING_FIXTURE
SYN_TRAJ_014	40	SYN_PROS_SPK_02	SYN_ITEM_06	SYN_LONG	28.4	400	279.999999999998	0.849256900212314	132.0069	132.0069		132.0069	-1.34023648365171	observed	FALSE	SYNTHETIC_TEACHING_FIXTURE
SYN_TRAJ_014	41	SYN_PROS_SPK_02	SYN_ITEM_06	SYN_LONG	28.41	410	289.999999999999	0.870488322717622	136.2538	136.2538		136.2538	-0.792038986728042	observed	FALSE	SYNTHETIC_TEACHING_FIXTURE
SYN_TRAJ_014	42	SYN_PROS_SPK_02	SYN_ITEM_06	SYN_LONG	28.42	420	300.000000000001	0.89171974522293	137.1221	137.1221		137.1221	-0.68206326612778	observed	FALSE	SYNTHETIC_TEACHING_FIXTURE
SYN_TRAJ_014	43	SYN_PROS_SPK_02	SYN_ITEM_06	SYN_LONG	28.43	430	309.999999999999	0.912951167728238	136.07	136.07		136.07	-0.815408289487146	observed	FALSE	SYNTHETIC_TEACHING_FIXTURE
SYN_TRAJ_014	44	SYN_PROS_SPK_02	SYN_ITEM_06	SYN_LONG	28.44	440	320	0.934182590233546	135.6213	135.6213		135.6213	-0.872591233810776	observed	FALSE	SYNTHETIC_TEACHING_FIXTURE
SYN_TRAJ_014	45	SYN_PROS_SPK_02	SYN_ITEM_06	SYN_LONG	28.45	450	329.999999999998	0.955414012738854	137.8495	137.8495		137.8495	-0.590468164320222	observed	FALSE	SYNTHETIC_TEACHING_FIXTURE
SYN_TRAJ_014	46	SYN_PROS_SPK_02	SYN_ITEM_06	SYN_LONG	28.46	460	340	0.976645435244161	133.3707	133.3707		133.3707	-1.16229548321828	observed	FALSE	SYNTHETIC_TEACHING_FIXTURE
SYN_TRAJ_014	47	SYN_PROS_SPK_02	SYN_ITEM_06	SYN_LONG	28.47	470	349.999999999998	0.997876857749469	130.7715	130.7715		130.7715	-1.50301868352718	observed	FALSE	SYNTHETIC_TEACHING_FIXTURE
SYN_TRAJ_015	0	SYN_PROS_SPK_02	SYN_ITEM_07	SYN_SHORT	30	0	-120.000000000001	0			structural_unvoiced			missing	TRUE	SYNTHETIC_TEACHING_FIXTURE
SYN_TRAJ_015	1	SYN_PROS_SPK_02	SYN_ITEM_07	SYN_SHORT	30.01	10	-109.999999999999	0.0298507462686567			structural_unvoiced			missing	FALSE	SYNTHETIC_TEACHING_FIXTURE
SYN_TRAJ_015	2	SYN_PROS_SPK_02	SYN_ITEM_07	SYN_SHORT	30.02	20	-100.000000000001	0.0597014925373134			structural_unvoiced			missing	FALSE	SYNTHETIC_TEACHING_FIXTURE
SYN_TRAJ_015	3	SYN_PROS_SPK_02	SYN_ITEM_07	SYN_SHORT	30.03	30	-89.9999999999999	0.0895522388059701	141.8786	141.8786		141.8786	-0.0917125838816918	observed	FALSE	SYNTHETIC_TEACHING_FIXTURE
SYN_TRAJ_015	4	SYN_PROS_SPK_02	SYN_ITEM_07	SYN_SHORT	30.04	40	-80.0000000000018	0.119402985074627	140.2392	140.2392		140.2392	-0.292920522378277	observed	FALSE	SYNTHETIC_TEACHING_FIXTURE
SYN_TRAJ_015	5	SYN_PROS_SPK_02	SYN_ITEM_07	SYN_SHORT	30.05	50	-70.0000000000003	0.149253731343284	139.9455	139.9455		139.9455	-0.329215411174447	observed	FALSE	SYNTHETIC_TEACHING_FIXTURE
SYN_TRAJ_015	6	SYN_PROS_SPK_02	SYN_ITEM_07	SYN_SHORT	30.06	60	-60.0000000000023	0.17910447761194	144.9187	144.9187		144.9187	0.275328652121953	observed	FALSE	SYNTHETIC_TEACHING_FIXTURE
SYN_TRAJ_015	7	SYN_PROS_SPK_02	SYN_ITEM_07	SYN_SHORT	30.07	70	-50.0000000000007	0.208955223880597	138.2916	138.2916		138.2916	-0.535034241081162	observed	FALSE	SYNTHETIC_TEACHING_FIXTURE
SYN_TRAJ_015	8	SYN_PROS_SPK_02	SYN_ITEM_07	SYN_SHORT	30.08	80	-40.0000000000027	0.238805970149254	142.2767	142.2767		142.2767	-0.0432035660415139	observed	FALSE	SYNTHETIC_TEACHING_FIXTURE
SYN_TRAJ_015	9	SYN_PROS_SPK_02	SYN_ITEM_07	SYN_SHORT	30.09	90	-30.0000000000011	0.26865671641791	142.6322	142.6322		142.6322	0	observed	FALSE	SYNTHETIC_TEACHING_FIXTURE
SYN_TRAJ_015	10	SYN_PROS_SPK_02	SYN_ITEM_07	SYN_SHORT	30.1	100	-19.9999999999996	0.298507462686567	140.0419	140.0419		140.0419	-0.317294091220433	observed	FALSE	SYNTHETIC_TEACHING_FIXTURE
SYN_TRAJ_015	11	SYN_PROS_SPK_02	SYN_ITEM_07	SYN_SHORT	30.11	110	-10.0000000000016	0.328358208955224	141.6794	141.6794		141.6794	-0.11603648793694	observed	FALSE	SYNTHETIC_TEACHING_FIXTURE
SYN_TRAJ_015	12	SYN_PROS_SPK_02	SYN_ITEM_07	SYN_SHORT	30.12	120	0	0.358208955223881	145.158	145.158		145.158	0.303892435557298	observed	FALSE	SYNTHETIC_TEACHING_FIXTURE
SYN_TRAJ_015	13	SYN_PROS_SPK_02	SYN_ITEM_07	SYN_SHORT	30.13	130	9.99999999999801	0.388059701492537	147.9249	147.9249		147.9249	0.630782459335248	observed	FALSE	SYNTHETIC_TEACHING_FIXTURE
SYN_TRAJ_015	14	SYN_PROS_SPK_02	SYN_ITEM_07	SYN_SHORT	30.14	140	19.9999999999996	0.417910447761194	153.6738	153.6738		153.6738	1.29085805540724	observed	FALSE	SYNTHETIC_TEACHING_FIXTURE
SYN_TRAJ_015	15	SYN_PROS_SPK_02	SYN_ITEM_07	SYN_SHORT	30.15	150	29.9999999999976	0.447761194029851	158.207	158.207		158.207	1.79416463528865	observed	FALSE	SYNTHETIC_TEACHING_FIXTURE
SYN_TRAJ_015	16	SYN_PROS_SPK_02	SYN_ITEM_07	SYN_SHORT	30.16	160	39.9999999999991	0.477611940298507	158.5644	158.5644		158.5644	1.83323023980238	observed	FALSE	SYNTHETIC_TEACHING_FIXTURE
SYN_TRAJ_015	17	SYN_PROS_SPK_02	SYN_ITEM_07	SYN_SHORT	30.17	170	50.0000000000007	0.507462686567164	161.0871	161.0871		161.0871	2.10649501797129	observed	FALSE	SYNTHETIC_TEACHING_FIXTURE
SYN_TRAJ_015	18	SYN_PROS_SPK_02	SYN_ITEM_07	SYN_SHORT	30.18	180	59.9999999999987	0.537313432835821	161.2349		quality_rejection			missing	FALSE	SYNTHETIC_TEACHING_FIXTURE
SYN_TRAJ_015	19	SYN_PROS_SPK_02	SYN_ITEM_07	SYN_SHORT	30.19	190	70.0000000000003	0.567164179104478	161.8081	161.8081		161.8081	2.18380938027219	observed	FALSE	SYNTHETIC_TEACHING_FIXTURE
SYN_TRAJ_015	20	SYN_PROS_SPK_02	SYN_ITEM_07	SYN_SHORT	30.2	200	79.9999999999983	0.597014925373134	160.6949	160.6949		160.6949	2.06429313407025	observed	FALSE	SYNTHETIC_TEACHING_FIXTURE
SYN_TRAJ_015	21	SYN_PROS_SPK_02	SYN_ITEM_07	SYN_SHORT	30.21	210	89.9999999999999	0.626865671641791	159.2276	159.2276		159.2276	1.90548857784364	observed	FALSE	SYNTHETIC_TEACHING_FIXTURE
SYN_TRAJ_015	22	SYN_PROS_SPK_02	SYN_ITEM_07	SYN_SHORT	30.22	220	99.9999999999979	0.656716417910448	157.2954	157.2954		157.2954	1.69412119023421	observed	FALSE	SYNTHETIC_TEACHING_FIXTURE
SYN_TRAJ_015	23	SYN_PROS_SPK_02	SYN_ITEM_07	SYN_SHORT	30.23	230	109.999999999999	0.686567164179104	153.4045	153.4045		153.4045	1.26049306713324	observed	FALSE	SYNTHETIC_TEACHING_FIXTURE
SYN_TRAJ_015	24	SYN_PROS_SPK_02	SYN_ITEM_07	SYN_SHORT	30.24	240	119.999999999997	0.716417910447761	150.8915	150.8915		150.8915	0.974541883112445	observed	FALSE	SYNTHETIC_TEACHING_FIXTURE
SYN_TRAJ_015	25	SYN_PROS_SPK_02	SYN_ITEM_07	SYN_SHORT	30.25	250	129.999999999999	0.746268656716418	146.2939	146.2939		146.2939	0.438838799829048	observed	FALSE	SYNTHETIC_TEACHING_FIXTURE
SYN_TRAJ_015	26	SYN_PROS_SPK_02	SYN_ITEM_07	SYN_SHORT	30.26	260	140.000000000001	0.776119402985075	145.7006	145.7006		145.7006	0.368485243521981	observed	FALSE	SYNTHETIC_TEACHING_FIXTURE
SYN_TRAJ_015	27	SYN_PROS_SPK_02	SYN_ITEM_07	SYN_SHORT	30.27	270	149.999999999999	0.805970149253731	142.176		estimator_failure	142.62165	-0.00128058003255861	interpolated_estimator_failure	FALSE	SYNTHETIC_TEACHING_FIXTURE
SYN_TRAJ_015	28	SYN_PROS_SPK_02	SYN_ITEM_07	SYN_SHORT	30.28	280	160	0.835820895522388	139.5427	139.5427		139.5427	-0.379116734935119	observed	FALSE	SYNTHETIC_TEACHING_FIXTURE
SYN_TRAJ_015	29	SYN_PROS_SPK_02	SYN_ITEM_07	SYN_SHORT	30.29	290	169.999999999998	0.865671641791045	139.2126	139.2126		139.2126	-0.42011904963396	observed	FALSE	SYNTHETIC_TEACHING_FIXTURE
SYN_TRAJ_015	30	SYN_PROS_SPK_02	SYN_ITEM_07	SYN_SHORT	30.3	300	180	0.895522388059702	133.5791	133.5791		133.5791	-1.13526498916138	observed	FALSE	SYNTHETIC_TEACHING_FIXTURE
SYN_TRAJ_015	31	SYN_PROS_SPK_02	SYN_ITEM_07	SYN_SHORT	30.31	310	189.999999999998	0.925373134328358	133.9456	133.9456		133.9456	-1.08783029053901	observed	FALSE	SYNTHETIC_TEACHING_FIXTURE
SYN_TRAJ_015	32	SYN_PROS_SPK_02	SYN_ITEM_07	SYN_SHORT	30.32	320	199.999999999999	0.955223880597015			structural_unvoiced			missing	FALSE	SYNTHETIC_TEACHING_FIXTURE
SYN_TRAJ_015	33	SYN_PROS_SPK_02	SYN_ITEM_07	SYN_SHORT	30.33	330	209.999999999997	0.985074626865672			structural_unvoiced			missing	FALSE	SYNTHETIC_TEACHING_FIXTURE
SYN_TRAJ_016	0	SYN_PROS_SPK_02	SYN_ITEM_08	SYN_LONG	32	0	-119.999999999997	0	143.241	143.241		143.241	0.0737373690452683	observed	TRUE	SYNTHETIC_TEACHING_FIXTURE
SYN_TRAJ_016	1	SYN_PROS_SPK_02	SYN_ITEM_08	SYN_LONG	32.01	10	-109.999999999999	0.0224719101123595	140.0284	140.0284		140.0284	-0.31896307644882	observed	FALSE	SYNTHETIC_TEACHING_FIXTURE
SYN_TRAJ_016	2	SYN_PROS_SPK_02	SYN_ITEM_08	SYN_LONG	32.02	20	-99.9999999999943	0.0449438202247191	140.5602	140.5602		140.5602	-0.253338787386699	observed	FALSE	SYNTHETIC_TEACHING_FIXTURE
SYN_TRAJ_016	3	SYN_PROS_SPK_02	SYN_ITEM_08	SYN_LONG	32.03	30	-89.9999999999963	0.0674157303370786	143.5748	143.5748		143.5748	0.114034046319442	observed	FALSE	SYNTHETIC_TEACHING_FIXTURE
SYN_TRAJ_016	4	SYN_PROS_SPK_02	SYN_ITEM_08	SYN_LONG	32.04	40	-79.9999999999983	0.0898876404494382	142.2459	142.2459		142.2459	-0.0469517399243293	observed	FALSE	SYNTHETIC_TEACHING_FIXTURE
SYN_TRAJ_016	5	SYN_PROS_SPK_02	SYN_ITEM_08	SYN_LONG	32.05	50	-70.0000000000003	0.112359550561798	145.1481	145.1481		145.1481	0.302711666907078	observed	FALSE	SYNTHETIC_TEACHING_FIXTURE
SYN_TRAJ_016	6	SYN_PROS_SPK_02	SYN_ITEM_08	SYN_LONG	32.06	60	-59.9999999999952	0.134831460674157	146.3979	146.3979		146.3979	0.451141730671674	observed	FALSE	SYNTHETIC_TEACHING_FIXTURE
SYN_TRAJ_016	7	SYN_PROS_SPK_02	SYN_ITEM_08	SYN_LONG	32.07	70	-49.9999999999972	0.157303370786517	144.9728	144.9728		144.9728	0.281790363703135	observed	FALSE	SYNTHETIC_TEACHING_FIXTURE
SYN_TRAJ_016	8	SYN_PROS_SPK_02	SYN_ITEM_08	SYN_LONG	32.08	80	-39.9999999999991	0.179775280898876	147.4685	147.4685		147.4685	0.577285268894755	observed	FALSE	SYNTHETIC_TEACHING_FIXTURE
SYN_TRAJ_016	9	SYN_PROS_SPK_02	SYN_ITEM_08	SYN_LONG	32.09	90	-29.999999999994	0.202247191011236	151.2433	151.2433		151.2433	1.0148582196422	observed	FALSE	SYNTHETIC_TEACHING_FIXTURE
SYN_TRAJ_016	10	SYN_PROS_SPK_02	SYN_ITEM_08	SYN_LONG	32.1	100	-19.999999999996	0.224719101123595	151.582	151.582		151.582	1.05358478686949	observed	FALSE	SYNTHETIC_TEACHING_FIXTURE
SYN_TRAJ_016	11	SYN_PROS_SPK_02	SYN_ITEM_08	SYN_LONG	32.11	110	-9.99999999999801	0.247191011235955	150.6834	150.6834		150.6834	0.950649320250419	observed	FALSE	SYNTHETIC_TEACHING_FIXTURE
SYN_TRAJ_016	12	SYN_PROS_SPK_02	SYN_ITEM_08	SYN_LONG	32.12	120	0	0.269662921348315	155.4261	155.4261		155.4261	1.48714889362631	observed	FALSE	SYNTHETIC_TEACHING_FIXTURE
SYN_TRAJ_016	13	SYN_PROS_SPK_02	SYN_ITEM_08	SYN_LONG	32.13	130	10.0000000000051	0.292134831460674	156.6483	156.6483		156.6483	1.62275277993174	observed	FALSE	SYNTHETIC_TEACHING_FIXTURE
SYN_TRAJ_016	14	SYN_PROS_SPK_02	SYN_ITEM_08	SYN_LONG	32.14	140	20.0000000000031	0.314606741573034	161.7361	161.7361		161.7361	2.1761041669758	observed	FALSE	SYNTHETIC_TEACHING_FIXTURE
SYN_TRAJ_016	15	SYN_PROS_SPK_02	SYN_ITEM_08	SYN_LONG	32.15	150	30.0000000000011	0.337078651685393	160.5097	160.5097		160.5097	2.04432924928049	observed	FALSE	SYNTHETIC_TEACHING_FIXTURE
SYN_TRAJ_016	16	SYN_PROS_SPK_02	SYN_ITEM_08	SYN_LONG	32.16	160	39.9999999999991	0.359550561797753	159.6789	159.6789		159.6789	1.9544876699226	observed	FALSE	SYNTHETIC_TEACHING_FIXTURE
SYN_TRAJ_016	17	SYN_PROS_SPK_02	SYN_ITEM_08	SYN_LONG	32.17	170	50.0000000000043	0.382022471910112	164.6469	164.6469		164.6469	2.48490760830149	observed	FALSE	SYNTHETIC_TEACHING_FIXTURE
SYN_TRAJ_016	18	SYN_PROS_SPK_02	SYN_ITEM_08	SYN_LONG	32.18	180	60.0000000000023	0.404494382022472	164.8588	164.8588		164.8588	2.50717420615205	observed	FALSE	SYNTHETIC_TEACHING_FIXTURE
SYN_TRAJ_016	19	SYN_PROS_SPK_02	SYN_ITEM_08	SYN_LONG	32.19	190	70.0000000000003	0.426966292134831	159.3359	159.3359		159.3359	1.91725971011317	observed	FALSE	SYNTHETIC_TEACHING_FIXTURE
SYN_TRAJ_016	20	SYN_PROS_SPK_02	SYN_ITEM_08	SYN_LONG	32.2	200	80.0000000000054	0.449438202247191	161.0081	161.0081		161.0081	2.09800265343939	observed	FALSE	SYNTHETIC_TEACHING_FIXTURE
SYN_TRAJ_016	21	SYN_PROS_SPK_02	SYN_ITEM_08	SYN_LONG	32.21	210	90.0000000000034	0.471910112359551	160.9144	160.9144		160.9144	2.08792466044552	observed	FALSE	SYNTHETIC_TEACHING_FIXTURE
SYN_TRAJ_016	22	SYN_PROS_SPK_02	SYN_ITEM_08	SYN_LONG	32.22	220	100.000000000001	0.49438202247191	158.6761	158.6761		158.6761	1.8454215489998	observed	FALSE	SYNTHETIC_TEACHING_FIXTURE
SYN_TRAJ_016	23	SYN_PROS_SPK_02	SYN_ITEM_08	SYN_LONG	32.23	230	109.999999999999	0.51685393258427	159.9417	159.9417		159.9417	1.98295694947607	observed	FALSE	SYNTHETIC_TEACHING_FIXTURE
SYN_TRAJ_016	24	SYN_PROS_SPK_02	SYN_ITEM_08	SYN_LONG	32.24	240	120.000000000005	0.539325842696629	154.0584	154.0584		154.0584	1.33413158752	observed	FALSE	SYNTHETIC_TEACHING_FIXTURE
SYN_TRAJ_016	25	SYN_PROS_SPK_02	SYN_ITEM_08	SYN_LONG	32.25	250	130.000000000003	0.561797752808989	155.2658	155.2658		155.2658	1.46928445347256	observed	FALSE	SYNTHETIC_TEACHING_FIXTURE
SYN_TRAJ_016	26	SYN_PROS_SPK_02	SYN_ITEM_08	SYN_LONG	32.26	260	140.000000000001	0.584269662921348	151.2802	151.2802		151.2802	1.01908153034219	observed	FALSE	SYNTHETIC_TEACHING_FIXTURE
SYN_TRAJ_016	27	SYN_PROS_SPK_02	SYN_ITEM_08	SYN_LONG	32.27	270	150.000000000006	0.606741573033708	152.7578	152.7578		152.7578	1.18735599410801	observed	FALSE	SYNTHETIC_TEACHING_FIXTURE
SYN_TRAJ_016	28	SYN_PROS_SPK_02	SYN_ITEM_08	SYN_LONG	32.28	280	160.000000000004	0.629213483146067	149.8932	149.8932		149.8932	0.859622653689153	observed	FALSE	SYNTHETIC_TEACHING_FIXTURE
SYN_TRAJ_016	29	SYN_PROS_SPK_02	SYN_ITEM_08	SYN_LONG	32.29	290	170.000000000002	0.651685393258427	144.4102	144.4102		144.4102	0.214475179111808	observed	FALSE	SYNTHETIC_TEACHING_FIXTURE
SYN_TRAJ_016	30	SYN_PROS_SPK_02	SYN_ITEM_08	SYN_LONG	32.3	300	180	0.674157303370786	140.0948	140.0948		140.0948	-0.310755691768722	observed	FALSE	SYNTHETIC_TEACHING_FIXTURE
SYN_TRAJ_016	31	SYN_PROS_SPK_02	SYN_ITEM_08	SYN_LONG	32.31	310	190.000000000005	0.696629213483146	137.3809	137.3809		137.3809	-0.649419287399084	observed	FALSE	SYNTHETIC_TEACHING_FIXTURE
SYN_TRAJ_016	32	SYN_PROS_SPK_02	SYN_ITEM_08	SYN_LONG	32.32	320	200.000000000003	0.719101123595506	137.0133	137.0133		137.0133	-0.695805254534118	observed	FALSE	SYNTHETIC_TEACHING_FIXTURE
SYN_TRAJ_016	33	SYN_PROS_SPK_02	SYN_ITEM_08	SYN_LONG	32.33	330	210.000000000001	0.741573033707865	134.4017	134.4017		134.4017	-1.02897994174531	observed	FALSE	SYNTHETIC_TEACHING_FIXTURE
SYN_TRAJ_016	34	SYN_PROS_SPK_02	SYN_ITEM_08	SYN_LONG	32.34	340	220.000000000006	0.764044943820225	132.9711	132.9711		132.9711	-1.2142438927496	observed	FALSE	SYNTHETIC_TEACHING_FIXTURE
SYN_TRAJ_016	35	SYN_PROS_SPK_02	SYN_ITEM_08	SYN_LONG	32.35	350	230.000000000004	0.786516853932584	132.0345	132.0345		132.0345	-1.33661719819661	observed	FALSE	SYNTHETIC_TEACHING_FIXTURE
SYN_TRAJ_016	36	SYN_PROS_SPK_02	SYN_ITEM_08	SYN_LONG	32.36	360	240.000000000002	0.808988764044944	136.7388	136.7388		136.7388	-0.730524542951891	observed	FALSE	SYNTHETIC_TEACHING_FIXTURE
SYN_TRAJ_016	37	SYN_PROS_SPK_02	SYN_ITEM_08	SYN_LONG	32.37	370	250	0.831460674157303	136.9118	136.9118		136.9118	-0.708635058303276	observed	FALSE	SYNTHETIC_TEACHING_FIXTURE
SYN_TRAJ_016	38	SYN_PROS_SPK_02	SYN_ITEM_08	SYN_LONG	32.38	380	260.000000000005	0.853932584269663	135.7992	135.7992		135.7992	-0.84989681084472	observed	FALSE	SYNTHETIC_TEACHING_FIXTURE
SYN_TRAJ_016	39	SYN_PROS_SPK_02	SYN_ITEM_08	SYN_LONG	32.39	390	270.000000000003	0.876404494382023	133.8227	133.8227		133.8227	-1.10372228967193	observed	FALSE	SYNTHETIC_TEACHING_FIXTURE
SYN_TRAJ_016	40	SYN_PROS_SPK_02	SYN_ITEM_08	SYN_LONG	32.4	400	280.000000000001	0.898876404494382	130.4531	130.4531		130.4531	-1.54522184465364	observed	FALSE	SYNTHETIC_TEACHING_FIXTURE
SYN_TRAJ_016	41	SYN_PROS_SPK_02	SYN_ITEM_08	SYN_LONG	32.41	410	289.999999999999	0.921348314606742	132.0231	132.0231		132.0231	-1.33811202873143	observed	FALSE	SYNTHETIC_TEACHING_FIXTURE
SYN_TRAJ_016	42	SYN_PROS_SPK_02	SYN_ITEM_08	SYN_LONG	32.42	420	300.000000000004	0.943820224719101	132.6701	132.6701		132.6701	-1.25347739054956	observed	FALSE	SYNTHETIC_TEACHING_FIXTURE
SYN_TRAJ_016	43	SYN_PROS_SPK_02	SYN_ITEM_08	SYN_LONG	32.43	430	310.000000000002	0.966292134831461	134.1782	134.1782		134.1782	-1.05779303604466	observed	FALSE	SYNTHETIC_TEACHING_FIXTURE
SYN_TRAJ_016	44	SYN_PROS_SPK_02	SYN_ITEM_08	SYN_LONG	32.44	440	320	0.98876404494382	133.8642	133.8642		133.8642	-1.09835436067638	observed	FALSE	SYNTHETIC_TEACHING_FIXTURE
SYN_TRAJ_017	0	SYN_PROS_SPK_03	SYN_ITEM_01	SYN_SHORT	34	0	-119.999999999997	0	113.6913	113.6913		113.6913	-1.08859187017564	observed	TRUE	SYNTHETIC_TEACHING_FIXTURE
SYN_TRAJ_017	1	SYN_PROS_SPK_03	SYN_ITEM_01	SYN_SHORT	34.01	10	-109.999999999999	0.0381679389312977	112.3057	112.3057		112.3057	-1.30088034797572	observed	FALSE	SYNTHETIC_TEACHING_FIXTURE
SYN_TRAJ_017	2	SYN_PROS_SPK_03	SYN_ITEM_01	SYN_SHORT	34.02	20	-99.9999999999943	0.0763358778625954	110.3843	110.3843		110.3843	-1.599634279427	observed	FALSE	SYNTHETIC_TEACHING_FIXTURE
SYN_TRAJ_017	3	SYN_PROS_SPK_03	SYN_ITEM_01	SYN_SHORT	34.03	30	-89.9999999999963	0.114503816793893	113.1788	113.1788		113.1788	-1.1668092253408	observed	FALSE	SYNTHETIC_TEACHING_FIXTURE
SYN_TRAJ_017	4	SYN_PROS_SPK_03	SYN_ITEM_01	SYN_SHORT	34.04	40	-79.9999999999983	0.152671755725191	114.0984	114.0984		114.0984	-1.02671144873986	observed	FALSE	SYNTHETIC_TEACHING_FIXTURE
SYN_TRAJ_017	5	SYN_PROS_SPK_03	SYN_ITEM_01	SYN_SHORT	34.05	50	-70.0000000000003	0.190839694656489	113.1089	113.1089		113.1089	-1.17750474824185	observed	FALSE	SYNTHETIC_TEACHING_FIXTURE
SYN_TRAJ_017	6	SYN_PROS_SPK_03	SYN_ITEM_01	SYN_SHORT	34.06	60	-59.9999999999952	0.229007633587786	109.5877	109.5877		109.5877	-1.72502360826811	observed	FALSE	SYNTHETIC_TEACHING_FIXTURE
SYN_TRAJ_017	7	SYN_PROS_SPK_03	SYN_ITEM_01	SYN_SHORT	34.07	70	-49.9999999999972	0.267175572519084	112.077	112.077		112.077	-1.33617124732999	observed	FALSE	SYNTHETIC_TEACHING_FIXTURE
SYN_TRAJ_017	8	SYN_PROS_SPK_03	SYN_ITEM_01	SYN_SHORT	34.08	80	-39.9999999999991	0.305343511450382	113.3474	113.3474		113.3474	-1.14103859796345	observed	FALSE	SYNTHETIC_TEACHING_FIXTURE
SYN_TRAJ_017	9	SYN_PROS_SPK_03	SYN_ITEM_01	SYN_SHORT	34.09	90	-29.999999999994	0.343511450381679	121.7949	121.7949		121.7949	0.103390503504349	observed	FALSE	SYNTHETIC_TEACHING_FIXTURE
SYN_TRAJ_017	10	SYN_PROS_SPK_03	SYN_ITEM_01	SYN_SHORT	34.1	100	-19.999999999996	0.381679389312977	124.6928	124.6928		124.6928	0.510483784031425	observed	FALSE	SYNTHETIC_TEACHING_FIXTURE
SYN_TRAJ_017	11	SYN_PROS_SPK_03	SYN_ITEM_01	SYN_SHORT	34.11	110	-9.99999999999801	0.419847328244275	127.9234	127.9234		127.9234	0.953308088398322	observed	FALSE	SYNTHETIC_TEACHING_FIXTURE
SYN_TRAJ_017	12	SYN_PROS_SPK_03	SYN_ITEM_01	SYN_SHORT	34.12	120	0	0.458015267175573	129.7953	129.7953		129.7953	1.2048035372885	observed	FALSE	SYNTHETIC_TEACHING_FIXTURE
SYN_TRAJ_017	13	SYN_PROS_SPK_03	SYN_ITEM_01	SYN_SHORT	34.13	130	10.0000000000051	0.49618320610687	129.0383	129.0383		129.0383	1.1035378660774	observed	FALSE	SYNTHETIC_TEACHING_FIXTURE
SYN_TRAJ_017	14	SYN_PROS_SPK_03	SYN_ITEM_01	SYN_SHORT	34.14	140	20.0000000000031	0.534351145038168	132.6817	132.6817		132.6817	1.58557864540427	observed	FALSE	SYNTHETIC_TEACHING_FIXTURE
SYN_TRAJ_017	15	SYN_PROS_SPK_03	SYN_ITEM_01	SYN_SHORT	34.15	150	30.0000000000011	0.572519083969466	132.7712	132.7712		132.7712	1.59725269027345	observed	FALSE	SYNTHETIC_TEACHING_FIXTURE
SYN_TRAJ_017	16	SYN_PROS_SPK_03	SYN_ITEM_01	SYN_SHORT	34.16	160	39.9999999999991	0.610687022900763	132.279	132.279		132.279	1.53295435143426	observed	FALSE	SYNTHETIC_TEACHING_FIXTURE
SYN_TRAJ_017	17	SYN_PROS_SPK_03	SYN_ITEM_01	SYN_SHORT	34.17	170	50.0000000000043	0.648854961832061	130.162	130.162		130.162	1.25364570843522	observed	FALSE	SYNTHETIC_TEACHING_FIXTURE
SYN_TRAJ_017	18	SYN_PROS_SPK_03	SYN_ITEM_01	SYN_SHORT	34.18	180	60.0000000000023	0.687022900763359	126.656	126.656		126.656	0.780930892035237	observed	FALSE	SYNTHETIC_TEACHING_FIXTURE
SYN_TRAJ_017	19	SYN_PROS_SPK_03	SYN_ITEM_01	SYN_SHORT	34.19	190	70.0000000000003	0.725190839694656	126.8526	126.8526		126.8526	0.807782894869093	observed	FALSE	SYNTHETIC_TEACHING_FIXTURE
SYN_TRAJ_017	20	SYN_PROS_SPK_03	SYN_ITEM_01	SYN_SHORT	34.2	200	80.0000000000054	0.763358778625954	120.4363	120.4363		120.4363	-0.0908106764191969	observed	FALSE	SYNTHETIC_TEACHING_FIXTURE
SYN_TRAJ_017	21	SYN_PROS_SPK_03	SYN_ITEM_01	SYN_SHORT	34.21	210	90.0000000000034	0.801526717557252	117.7765	117.7765		117.7765	-0.477433704071656	observed	FALSE	SYNTHETIC_TEACHING_FIXTURE
SYN_TRAJ_017	22	SYN_PROS_SPK_03	SYN_ITEM_01	SYN_SHORT	34.22	220	100.000000000001	0.83969465648855	111.6846	111.6846		111.6846	-1.39689095412881	observed	FALSE	SYNTHETIC_TEACHING_FIXTURE
SYN_TRAJ_017	23	SYN_PROS_SPK_03	SYN_ITEM_01	SYN_SHORT	34.23	230	109.999999999999	0.877862595419847	105.4752	105.4752		105.4752	-2.3872083012553	observed	FALSE	SYNTHETIC_TEACHING_FIXTURE
SYN_TRAJ_017	24	SYN_PROS_SPK_03	SYN_ITEM_01	SYN_SHORT	34.24	240	120.000000000005	0.916030534351145	110.4824	110.4824		110.4824	-1.58425540417043	observed	FALSE	SYNTHETIC_TEACHING_FIXTURE
SYN_TRAJ_017	25	SYN_PROS_SPK_03	SYN_ITEM_01	SYN_SHORT	34.25	250	130.000000000003	0.954198473282443	111.5142	111.5142		111.5142	-1.42332499761603	observed	FALSE	SYNTHETIC_TEACHING_FIXTURE
SYN_TRAJ_017	26	SYN_PROS_SPK_03	SYN_ITEM_01	SYN_SHORT	34.26	260	140.000000000001	0.99236641221374	106.781	106.781		106.781	-2.17419459974361	observed	FALSE	SYNTHETIC_TEACHING_FIXTURE
SYN_TRAJ_018	0	SYN_PROS_SPK_03	SYN_ITEM_02	SYN_LONG	36	0	-119.999999999997	0	114.4009	114.4009		114.4009	-0.980873355950402	observed	TRUE	SYNTHETIC_TEACHING_FIXTURE
SYN_TRAJ_018	1	SYN_PROS_SPK_03	SYN_ITEM_02	SYN_LONG	36.01	10	-109.999999999999	0.0227790432801822	113.9396	113.9396		113.9396	-1.05082322058767	observed	FALSE	SYNTHETIC_TEACHING_FIXTURE
SYN_TRAJ_018	2	SYN_PROS_SPK_03	SYN_ITEM_02	SYN_LONG	36.02	20	-99.9999999999943	0.0455580865603645	115.5565	115.5565		115.5565	-0.80687322304383	observed	FALSE	SYNTHETIC_TEACHING_FIXTURE
SYN_TRAJ_018	3	SYN_PROS_SPK_03	SYN_ITEM_02	SYN_LONG	36.03	30	-89.9999999999963	0.0683371298405467	115.1535	115.1535		115.1535	-0.867355042763866	observed	FALSE	SYNTHETIC_TEACHING_FIXTURE
SYN_TRAJ_018	4	SYN_PROS_SPK_03	SYN_ITEM_02	SYN_LONG	36.04	40	-79.9999999999983	0.0911161731207289	117.0113	117.0113		117.0113	-0.590279855767728	observed	FALSE	SYNTHETIC_TEACHING_FIXTURE
SYN_TRAJ_018	5	SYN_PROS_SPK_03	SYN_ITEM_02	SYN_LONG	36.05	50	-70.0000000000003	0.113895216400911	111.6016	111.6016		111.6016	-1.40976164946876	observed	FALSE	SYNTHETIC_TEACHING_FIXTURE
SYN_TRAJ_018	6	SYN_PROS_SPK_03	SYN_ITEM_02	SYN_LONG	36.06	60	-59.9999999999952	0.136674259681093	114.3449	114.3449		114.3449	-0.989349936388998	observed	FALSE	SYNTHETIC_TEACHING_FIXTURE
SYN_TRAJ_018	7	SYN_PROS_SPK_03	SYN_ITEM_02	SYN_LONG	36.07	70	-49.9999999999972	0.159453302961276	116.7775	116.7775		116.7775	-0.624906207039103	observed	FALSE	SYNTHETIC_TEACHING_FIXTURE
SYN_TRAJ_018	8	SYN_PROS_SPK_03	SYN_ITEM_02	SYN_LONG	36.08	80	-39.9999999999991	0.182232346241458	119.9589	119.9589		119.9589	-0.15957180156048	observed	FALSE	SYNTHETIC_TEACHING_FIXTURE
SYN_TRAJ_018	9	SYN_PROS_SPK_03	SYN_ITEM_02	SYN_LONG	36.09	90	-29.999999999994	0.20501138952164	124.7257	124.7257		124.7257	0.515051015455289	observed	FALSE	SYNTHETIC_TEACHING_FIXTURE
SYN_TRAJ_018	10	SYN_PROS_SPK_03	SYN_ITEM_02	SYN_LONG	36.1	100	-19.999999999996	0.227790432801822	127.6153	127.6153		127.6153	0.911561498235702	observed	FALSE	SYNTHETIC_TEACHING_FIXTURE
SYN_TRAJ_018	11	SYN_PROS_SPK_03	SYN_ITEM_02	SYN_LONG	36.11	110	-9.99999999999801	0.250569476082005	131.8765	131.8765		131.8765	1.48019586304176	observed	FALSE	SYNTHETIC_TEACHING_FIXTURE
SYN_TRAJ_018	12	SYN_PROS_SPK_03	SYN_ITEM_02	SYN_LONG	36.12	120	0	0.273348519362187	129.9865	129.9865		129.9865	1.23028738642275	observed	FALSE	SYNTHETIC_TEACHING_FIXTURE
SYN_TRAJ_018	13	SYN_PROS_SPK_03	SYN_ITEM_02	SYN_LONG	36.13	130	10.0000000000051	0.296127562642369	130.9414	130.9414		130.9414	1.35700153034503	observed	FALSE	SYNTHETIC_TEACHING_FIXTURE
SYN_TRAJ_018	14	SYN_PROS_SPK_03	SYN_ITEM_02	SYN_LONG	36.14	140	20.0000000000031	0.318906605922551	133.8481	133.8481		133.8481	1.73710573813065	observed	FALSE	SYNTHETIC_TEACHING_FIXTURE
SYN_TRAJ_018	15	SYN_PROS_SPK_03	SYN_ITEM_02	SYN_LONG	36.15	150	30.0000000000011	0.341685649202733	131.9953	131.9953		131.9953	1.49578454049235	observed	FALSE	SYNTHETIC_TEACHING_FIXTURE
SYN_TRAJ_018	16	SYN_PROS_SPK_03	SYN_ITEM_02	SYN_LONG	36.16	160	39.9999999999991	0.364464692482916	132.1889	132.1889		132.1889	1.52115827381156	observed	FALSE	SYNTHETIC_TEACHING_FIXTURE
SYN_TRAJ_018	17	SYN_PROS_SPK_03	SYN_ITEM_02	SYN_LONG	36.17	170	50.0000000000043	0.387243735763098	130.3104	130.3104		130.3104	1.2733725709112	observed	FALSE	SYNTHETIC_TEACHING_FIXTURE
SYN_TRAJ_018	18	SYN_PROS_SPK_03	SYN_ITEM_02	SYN_LONG	36.18	180	60.0000000000023	0.41002277904328	130.2782	130.2782		130.2782	1.26909412306938	observed	FALSE	SYNTHETIC_TEACHING_FIXTURE
SYN_TRAJ_018	19	SYN_PROS_SPK_03	SYN_ITEM_02	SYN_LONG	36.19	190	70.0000000000003	0.432801822323462	131.6633	131.6633		131.6633	1.45218497589826	observed	FALSE	SYNTHETIC_TEACHING_FIXTURE
SYN_TRAJ_018	20	SYN_PROS_SPK_03	SYN_ITEM_02	SYN_LONG	36.2	200	80.0000000000054	0.455580865603645	131.0741	131.0741		131.0741	1.37453749886242	observed	FALSE	SYNTHETIC_TEACHING_FIXTURE
SYN_TRAJ_018	21	SYN_PROS_SPK_03	SYN_ITEM_02	SYN_LONG	36.21	210	90.0000000000034	0.478359908883827	133.0769	133.0769		133.0769	1.63706779386584	observed	FALSE	SYNTHETIC_TEACHING_FIXTURE
SYN_TRAJ_018	22	SYN_PROS_SPK_03	SYN_ITEM_02	SYN_LONG	36.22	220	100.000000000001	0.501138952164009	130.8005	130.8005		130.8005	1.33836248928389	observed	FALSE	SYNTHETIC_TEACHING_FIXTURE
SYN_TRAJ_018	23	SYN_PROS_SPK_03	SYN_ITEM_02	SYN_LONG	36.23	230	109.999999999999	0.523917995444191	127.4966	127.4966		127.4966	0.89545111714774	observed	FALSE	SYNTHETIC_TEACHING_FIXTURE
SYN_TRAJ_018	24	SYN_PROS_SPK_03	SYN_ITEM_02	SYN_LONG	36.24	240	120.000000000005	0.546697038724374	119.6561	119.6561		119.6561	-0.203326820996042	observed	FALSE	SYNTHETIC_TEACHING_FIXTURE
SYN_TRAJ_018	25	SYN_PROS_SPK_03	SYN_ITEM_02	SYN_LONG	36.25	250	130.000000000003	0.569476082004556	120.881	120.881		120.881	-0.0270041732712728	observed	FALSE	SYNTHETIC_TEACHING_FIXTURE
SYN_TRAJ_018	26	SYN_PROS_SPK_03	SYN_ITEM_02	SYN_LONG	36.26	260	140.000000000001	0.592255125284738	120.6464	120.6464		120.6464	-0.0606357724719453	observed	FALSE	SYNTHETIC_TEACHING_FIXTURE
SYN_TRAJ_018	27	SYN_PROS_SPK_03	SYN_ITEM_02	SYN_LONG	36.27	270	150.000000000006	0.61503416856492	118.4868	118.4868		118.4868	-0.373338040471339	observed	FALSE	SYNTHETIC_TEACHING_FIXTURE
SYN_TRAJ_018	28	SYN_PROS_SPK_03	SYN_ITEM_02	SYN_LONG	36.28	280	160.000000000004	0.637813211845103	116.2603	116.2603		116.2603	-0.7017517419967	observed	FALSE	SYNTHETIC_TEACHING_FIXTURE
SYN_TRAJ_018	29	SYN_PROS_SPK_03	SYN_ITEM_02	SYN_LONG	36.29	290	170.000000000002	0.660592255125285	113.8987	113.8987		113.8987	-1.05703881062388	observed	FALSE	SYNTHETIC_TEACHING_FIXTURE
SYN_TRAJ_018	30	SYN_PROS_SPK_03	SYN_ITEM_02	SYN_LONG	36.3	300	180	0.683371298405467	111.5415	111.5415		111.5415	-1.41908724984491	observed	FALSE	SYNTHETIC_TEACHING_FIXTURE
SYN_TRAJ_018	31	SYN_PROS_SPK_03	SYN_ITEM_02	SYN_LONG	36.31	310	190.000000000005	0.706150341685649	110.25	110.25		110.25	-1.62071030989962	observed	FALSE	SYNTHETIC_TEACHING_FIXTURE
SYN_TRAJ_018	32	SYN_PROS_SPK_03	SYN_ITEM_02	SYN_LONG	36.32	320	200.000000000003	0.728929384965831	107.1968	107.1968		107.1968	-2.10691210374163	observed	FALSE	SYNTHETIC_TEACHING_FIXTURE
SYN_TRAJ_018	33	SYN_PROS_SPK_03	SYN_ITEM_02	SYN_LONG	36.33	330	210.000000000001	0.751708428246014	108.9893	108.9893		108.9893	-1.81981611097317	observed	FALSE	SYNTHETIC_TEACHING_FIXTURE
SYN_TRAJ_018	34	SYN_PROS_SPK_03	SYN_ITEM_02	SYN_LONG	36.34	340	220.000000000006	0.774487471526196	109.5941	109.5941		109.5941	-1.72401258473265	observed	FALSE	SYNTHETIC_TEACHING_FIXTURE
SYN_TRAJ_018	35	SYN_PROS_SPK_03	SYN_ITEM_02	SYN_LONG	36.35	350	230.000000000004	0.797266514806378	106.7511	106.7511		106.7511	-2.17904294792221	observed	FALSE	SYNTHETIC_TEACHING_FIXTURE
SYN_TRAJ_018	36	SYN_PROS_SPK_03	SYN_ITEM_02	SYN_LONG	36.36	360	240.000000000002	0.82004555808656	107.4979	107.4979		107.4979	-2.0583524593781	observed	FALSE	SYNTHETIC_TEACHING_FIXTURE
SYN_TRAJ_018	37	SYN_PROS_SPK_03	SYN_ITEM_02	SYN_LONG	36.37	370	250	0.842824601366743	112.248	112.248		112.248	-1.30977730285374	observed	FALSE	SYNTHETIC_TEACHING_FIXTURE
SYN_TRAJ_018	38	SYN_PROS_SPK_03	SYN_ITEM_02	SYN_LONG	36.38	380	260.000000000005	0.865603644646925	110.7079	110.7079		110.7079	-1.54895607926186	observed	FALSE	SYNTHETIC_TEACHING_FIXTURE
SYN_TRAJ_018	39	SYN_PROS_SPK_03	SYN_ITEM_02	SYN_LONG	36.39	390	270.000000000003	0.888382687927107	107.876	107.876		107.876	-1.9975669819905	observed	FALSE	SYNTHETIC_TEACHING_FIXTURE
SYN_TRAJ_018	40	SYN_PROS_SPK_03	SYN_ITEM_02	SYN_LONG	36.4	400	280.000000000001	0.911161731207289	109.2342	109.2342		109.2342	-1.78095875632461	observed	FALSE	SYNTHETIC_TEACHING_FIXTURE
SYN_TRAJ_018	41	SYN_PROS_SPK_03	SYN_ITEM_02	SYN_LONG	36.41	410	289.999999999999	0.933940774487471	108.588	108.588		108.588	-1.88367801308245	observed	FALSE	SYNTHETIC_TEACHING_FIXTURE
SYN_TRAJ_018	42	SYN_PROS_SPK_03	SYN_ITEM_02	SYN_LONG	36.42	420	300.000000000004	0.956719817767654	106.823	106.823		106.823	-2.16738650335985	observed	FALSE	SYNTHETIC_TEACHING_FIXTURE
SYN_TRAJ_018	43	SYN_PROS_SPK_03	SYN_ITEM_02	SYN_LONG	36.43	430	310.000000000002	0.979498861047836	102.5907	102.5907		102.5907	-2.86725472631617	observed	FALSE	SYNTHETIC_TEACHING_FIXTURE
SYN_TRAJ_019	0	SYN_PROS_SPK_03	SYN_ITEM_03	SYN_SHORT	38	0	-119.999999999997	0	115.404	115.404		115.404	-0.829735420766007	observed	TRUE	SYNTHETIC_TEACHING_FIXTURE
SYN_TRAJ_019	1	SYN_PROS_SPK_03	SYN_ITEM_03	SYN_SHORT	38.01	10	-109.999999999999	0.0353356890459364	113.5213	113.5213		113.5213	-1.11449799010557	observed	FALSE	SYNTHETIC_TEACHING_FIXTURE
SYN_TRAJ_019	2	SYN_PROS_SPK_03	SYN_ITEM_03	SYN_SHORT	38.02	20	-99.9999999999943	0.0706713780918728	113.7907	113.7907		113.7907	-1.07346235000003	observed	FALSE	SYNTHETIC_TEACHING_FIXTURE
SYN_TRAJ_019	3	SYN_PROS_SPK_03	SYN_ITEM_03	SYN_SHORT	38.03	30	-89.9999999999963	0.106007067137809	112.878	112.878		112.878	-1.21288220428321	observed	FALSE	SYNTHETIC_TEACHING_FIXTURE
SYN_TRAJ_019	4	SYN_PROS_SPK_03	SYN_ITEM_03	SYN_SHORT	38.04	40	-79.9999999999983	0.141342756183746	114.4951	114.4951		114.4951	-0.966623892733138	observed	FALSE	SYNTHETIC_TEACHING_FIXTURE
SYN_TRAJ_019	5	SYN_PROS_SPK_03	SYN_ITEM_03	SYN_SHORT	38.05	50	-70.0000000000003	0.176678445229682	113.1543	113.1543		113.1543	-1.17055726169676	observed	FALSE	SYNTHETIC_TEACHING_FIXTURE
SYN_TRAJ_019	6	SYN_PROS_SPK_03	SYN_ITEM_03	SYN_SHORT	38.06	60	-59.9999999999952	0.212014134275618	106.8464	106.8464		106.8464	-2.16359458211046	observed	FALSE	SYNTHETIC_TEACHING_FIXTURE
SYN_TRAJ_019	7	SYN_PROS_SPK_03	SYN_ITEM_03	SYN_SHORT	38.07	70	-49.9999999999972	0.247349823321555	108.1801	108.1801		108.1801	-1.94883254477921	observed	FALSE	SYNTHETIC_TEACHING_FIXTURE
SYN_TRAJ_019	8	SYN_PROS_SPK_03	SYN_ITEM_03	SYN_SHORT	38.08	80	-39.9999999999991	0.282685512367491	109.7636	109.7636		109.7636	-1.69725772454582	observed	FALSE	SYNTHETIC_TEACHING_FIXTURE
SYN_TRAJ_019	9	SYN_PROS_SPK_03	SYN_ITEM_03	SYN_SHORT	38.09	90	-29.999999999994	0.318021201413428	113.6946	113.6946		113.6946	-1.08808937003273	observed	FALSE	SYNTHETIC_TEACHING_FIXTURE
SYN_TRAJ_019	10	SYN_PROS_SPK_03	SYN_ITEM_03	SYN_SHORT	38.1	100	-19.999999999996	0.353356890459364	116.3665	116.3665		116.3665	-0.685944700952094	observed	FALSE	SYNTHETIC_TEACHING_FIXTURE
SYN_TRAJ_019	11	SYN_PROS_SPK_03	SYN_ITEM_03	SYN_SHORT	38.11	110	-9.99999999999801	0.3886925795053	124.4854	124.4854		124.4854	0.481664406999811	observed	FALSE	SYNTHETIC_TEACHING_FIXTURE
SYN_TRAJ_019	12	SYN_PROS_SPK_03	SYN_ITEM_03	SYN_SHORT	38.12	120	0	0.424028268551237	126.6069	126.6069		126.6069	0.774218215770837	observed	FALSE	SYNTHETIC_TEACHING_FIXTURE
SYN_TRAJ_019	13	SYN_PROS_SPK_03	SYN_ITEM_03	SYN_SHORT	38.13	130	10.0000000000051	0.459363957597173	126.6739	126.6739		126.6739	0.783377432260445	observed	FALSE	SYNTHETIC_TEACHING_FIXTURE
SYN_TRAJ_019	14	SYN_PROS_SPK_03	SYN_ITEM_03	SYN_SHORT	38.14	140	20.0000000000031	0.49469964664311	129.5905		estimator_failure	129.7377	1.19711903606026	interpolated_estimator_failure	FALSE	SYNTHETIC_TEACHING_FIXTURE
SYN_TRAJ_019	15	SYN_PROS_SPK_03	SYN_ITEM_03	SYN_SHORT	38.15	150	30.0000000000011	0.530035335689046	132.8015	132.8015		132.8015	1.60120312583511	observed	FALSE	SYNTHETIC_TEACHING_FIXTURE
SYN_TRAJ_019	16	SYN_PROS_SPK_03	SYN_ITEM_03	SYN_SHORT	38.16	160	39.9999999999991	0.565371024734982	127.8723	127.8723		127.8723	0.946391157340906	observed	FALSE	SYNTHETIC_TEACHING_FIXTURE
SYN_TRAJ_019	17	SYN_PROS_SPK_03	SYN_ITEM_03	SYN_SHORT	38.17	170	50.0000000000043	0.600706713780919	128.4234	128.4234		128.4234	1.02084301547747	observed	FALSE	SYNTHETIC_TEACHING_FIXTURE
SYN_TRAJ_019	18	SYN_PROS_SPK_03	SYN_ITEM_03	SYN_SHORT	38.18	180	60.0000000000023	0.636042402826855	132.4961	132.4961		132.4961	1.56134455854068	observed	FALSE	SYNTHETIC_TEACHING_FIXTURE
SYN_TRAJ_019	19	SYN_PROS_SPK_03	SYN_ITEM_03	SYN_SHORT	38.19	190	70.0000000000003	0.671378091872792	129.8959	129.8959		129.8959	1.21821655660129	observed	FALSE	SYNTHETIC_TEACHING_FIXTURE
SYN_TRAJ_019	20	SYN_PROS_SPK_03	SYN_ITEM_03	SYN_SHORT	38.2	200	80.0000000000054	0.706713780918728	128.8522	128.8522		128.8522	1.07855185748414	observed	FALSE	SYNTHETIC_TEACHING_FIXTURE
SYN_TRAJ_019	21	SYN_PROS_SPK_03	SYN_ITEM_03	SYN_SHORT	38.21	210	90.0000000000034	0.742049469964664	120.5891	120.5891		120.5891	-0.0688600771764431	observed	FALSE	SYNTHETIC_TEACHING_FIXTURE
SYN_TRAJ_019	22	SYN_PROS_SPK_03	SYN_ITEM_03	SYN_SHORT	38.22	220	100.000000000001	0.777385159010601	118.415	118.415		118.415	-0.383832060232187	observed	FALSE	SYNTHETIC_TEACHING_FIXTURE
SYN_TRAJ_019	23	SYN_PROS_SPK_03	SYN_ITEM_03	SYN_SHORT	38.23	230	109.999999999999	0.812720848056537	115.4846	115.4846		115.4846	-0.817648425563746	observed	FALSE	SYNTHETIC_TEACHING_FIXTURE
SYN_TRAJ_019	24	SYN_PROS_SPK_03	SYN_ITEM_03	SYN_SHORT	38.24	240	120.000000000005	0.848056537102474	112.0364	112.0364		112.0364	-1.34244379534908	observed	FALSE	SYNTHETIC_TEACHING_FIXTURE
SYN_TRAJ_019	25	SYN_PROS_SPK_03	SYN_ITEM_03	SYN_SHORT	38.25	250	130.000000000003	0.88339222614841	110.3214	110.3214		110.3214	-1.6095021373604	observed	FALSE	SYNTHETIC_TEACHING_FIXTURE
SYN_TRAJ_019	26	SYN_PROS_SPK_03	SYN_ITEM_03	SYN_SHORT	38.26	260	140.000000000001	0.918727915194346	109.2925	109.2925		109.2925	-1.77172135444602	observed	FALSE	SYNTHETIC_TEACHING_FIXTURE
SYN_TRAJ_019	27	SYN_PROS_SPK_03	SYN_ITEM_03	SYN_SHORT	38.27	270	150.000000000006	0.954063604240283	108.1301	108.1301		108.1301	-1.95683602348664	observed	FALSE	SYNTHETIC_TEACHING_FIXTURE
SYN_TRAJ_019	28	SYN_PROS_SPK_03	SYN_ITEM_03	SYN_SHORT	38.28	280	160.000000000004	0.989399293286219	106.8654	106.8654		106.8654	-2.16051628254826	observed	FALSE	SYNTHETIC_TEACHING_FIXTURE
SYN_TRAJ_020	0	SYN_PROS_SPK_03	SYN_ITEM_04	SYN_LONG	40	0	-119.999999999997	0			structural_unvoiced			missing	TRUE	SYNTHETIC_TEACHING_FIXTURE
SYN_TRAJ_020	1	SYN_PROS_SPK_03	SYN_ITEM_04	SYN_LONG	40.01	10	-109.999999999999	0.0210084033613445			structural_unvoiced			missing	FALSE	SYNTHETIC_TEACHING_FIXTURE
SYN_TRAJ_020	2	SYN_PROS_SPK_03	SYN_ITEM_04	SYN_LONG	40.02	20	-99.9999999999943	0.0420168067226891			structural_unvoiced			missing	FALSE	SYNTHETIC_TEACHING_FIXTURE
SYN_TRAJ_020	3	SYN_PROS_SPK_03	SYN_ITEM_04	SYN_LONG	40.03	30	-89.9999999999963	0.0630252100840336	119.6692	119.6692		119.6692	-0.201431562444987	observed	FALSE	SYNTHETIC_TEACHING_FIXTURE
SYN_TRAJ_020	4	SYN_PROS_SPK_03	SYN_ITEM_04	SYN_LONG	40.04	40	-79.9999999999983	0.0840336134453782	117.9506	117.9506		117.9506	-0.451861090422528	observed	FALSE	SYNTHETIC_TEACHING_FIXTURE
SYN_TRAJ_020	5	SYN_PROS_SPK_03	SYN_ITEM_04	SYN_LONG	40.05	50	-70.0000000000003	0.105042016806723	120.1528	120.1528		120.1528	-0.131610952082211	observed	FALSE	SYNTHETIC_TEACHING_FIXTURE
SYN_TRAJ_020	6	SYN_PROS_SPK_03	SYN_ITEM_04	SYN_LONG	40.06	60	-59.9999999999952	0.126050420168067	123.5598	123.5598		123.5598	0.352459111057683	observed	FALSE	SYNTHETIC_TEACHING_FIXTURE
SYN_TRAJ_020	7	SYN_PROS_SPK_03	SYN_ITEM_04	SYN_LONG	40.07	70	-49.9999999999972	0.147058823529412	124.8158	124.8158		124.8158	0.527552679074303	observed	FALSE	SYNTHETIC_TEACHING_FIXTURE
SYN_TRAJ_020	8	SYN_PROS_SPK_03	SYN_ITEM_04	SYN_LONG	40.08	80	-39.9999999999991	0.168067226890756	125.3129	125.3129		125.3129	0.596365060765562	observed	FALSE	SYNTHETIC_TEACHING_FIXTURE
SYN_TRAJ_020	9	SYN_PROS_SPK_03	SYN_ITEM_04	SYN_LONG	40.09	90	-29.999999999994	0.189075630252101	127.9512	127.9512		127.9512	0.95706995509032	observed	FALSE	SYNTHETIC_TEACHING_FIXTURE
SYN_TRAJ_020	10	SYN_PROS_SPK_03	SYN_ITEM_04	SYN_LONG	40.1	100	-19.999999999996	0.210084033613445	125.1713	125.1713		125.1713	0.576791549345577	observed	FALSE	SYNTHETIC_TEACHING_FIXTURE
SYN_TRAJ_020	11	SYN_PROS_SPK_03	SYN_ITEM_04	SYN_LONG	40.11	110	-9.99999999999801	0.23109243697479	125.6039	125.6039		125.6039	0.636520947828225	observed	FALSE	SYNTHETIC_TEACHING_FIXTURE
SYN_TRAJ_020	12	SYN_PROS_SPK_03	SYN_ITEM_04	SYN_LONG	40.12	120	0	0.252100840336134	130.2799	130.2799		130.2799	1.26932003029571	observed	FALSE	SYNTHETIC_TEACHING_FIXTURE
SYN_TRAJ_020	13	SYN_PROS_SPK_03	SYN_ITEM_04	SYN_LONG	40.13	130	10.0000000000051	0.273109243697479	128.8334	128.8334		128.8334	1.07602574037242	observed	FALSE	SYNTHETIC_TEACHING_FIXTURE
SYN_TRAJ_020	14	SYN_PROS_SPK_03	SYN_ITEM_04	SYN_LONG	40.14	140	20.0000000000031	0.294117647058824	130.997	130.997		130.997	1.36435109150703	observed	FALSE	SYNTHETIC_TEACHING_FIXTURE
SYN_TRAJ_020	15	SYN_PROS_SPK_03	SYN_ITEM_04	SYN_LONG	40.15	150	30.0000000000011	0.315126050420168	131.7411	131.7411		131.7411	1.46241183717576	observed	FALSE	SYNTHETIC_TEACHING_FIXTURE
SYN_TRAJ_020	16	SYN_PROS_SPK_03	SYN_ITEM_04	SYN_LONG	40.16	160	39.9999999999991	0.336134453781513	132.4888	132.4888		132.4888	1.5603906922214	observed	FALSE	SYNTHETIC_TEACHING_FIXTURE
SYN_TRAJ_020	17	SYN_PROS_SPK_03	SYN_ITEM_04	SYN_LONG	40.17	170	50.0000000000043	0.357142857142857	133.1462	133.1462		133.1462	1.64608087517323	observed	FALSE	SYNTHETIC_TEACHING_FIXTURE
SYN_TRAJ_020	18	SYN_PROS_SPK_03	SYN_ITEM_04	SYN_LONG	40.18	180	60.0000000000023	0.378151260504202	136.3818	136.3818		136.3818	2.06175939454863	observed	FALSE	SYNTHETIC_TEACHING_FIXTURE
SYN_TRAJ_020	19	SYN_PROS_SPK_03	SYN_ITEM_04	SYN_LONG	40.19	190	70.0000000000003	0.399159663865546	133.5332	133.5332		133.5332	1.6963275794409	observed	FALSE	SYNTHETIC_TEACHING_FIXTURE
SYN_TRAJ_020	20	SYN_PROS_SPK_03	SYN_ITEM_04	SYN_LONG	40.2	200	80.0000000000054	0.420168067226891	132.3933	132.3933		132.3933	1.54790718662781	observed	FALSE	SYNTHETIC_TEACHING_FIXTURE
SYN_TRAJ_020	21	SYN_PROS_SPK_03	SYN_ITEM_04	SYN_LONG	40.21	210	90.0000000000034	0.441176470588235	129.7242	129.7242		129.7242	1.19531748757213	observed	FALSE	SYNTHETIC_TEACHING_FIXTURE
SYN_TRAJ_020	22	SYN_PROS_SPK_03	SYN_ITEM_04	SYN_LONG	40.22	220	100.000000000001	0.46218487394958	128.8891	128.8891		128.8891	1.08350896267815	observed	FALSE	SYNTHETIC_TEACHING_FIXTURE
SYN_TRAJ_020	23	SYN_PROS_SPK_03	SYN_ITEM_04	SYN_LONG	40.23	230	109.999999999999	0.483193277310924	129.8645	129.8645		129.8645	1.2140311034371	observed	FALSE	SYNTHETIC_TEACHING_FIXTURE
SYN_TRAJ_020	24	SYN_PROS_SPK_03	SYN_ITEM_04	SYN_LONG	40.24	240	120.000000000005	0.504201680672269	130.1615		quality_rejection			missing	FALSE	SYNTHETIC_TEACHING_FIXTURE
SYN_TRAJ_020	25	SYN_PROS_SPK_03	SYN_ITEM_04	SYN_LONG	40.25	250	130.000000000003	0.525210084033613	131.0494	131.0494		131.0494	1.37127480161181	observed	FALSE	SYNTHETIC_TEACHING_FIXTURE
SYN_TRAJ_020	26	SYN_PROS_SPK_03	SYN_ITEM_04	SYN_LONG	40.26	260	140.000000000001	0.546218487394958	125.9174	125.9174		125.9174	0.679677702778345	observed	FALSE	SYNTHETIC_TEACHING_FIXTURE
SYN_TRAJ_020	27	SYN_PROS_SPK_03	SYN_ITEM_04	SYN_LONG	40.27	270	150.000000000006	0.567226890756303	127.7107	127.7107		127.7107	0.924498663739156	observed	FALSE	SYNTHETIC_TEACHING_FIXTURE
SYN_TRAJ_020	28	SYN_PROS_SPK_03	SYN_ITEM_04	SYN_LONG	40.28	280	160.000000000004	0.588235294117647	124.9144	124.9144		124.9144	0.541223407412965	observed	FALSE	SYNTHETIC_TEACHING_FIXTURE
SYN_TRAJ_020	29	SYN_PROS_SPK_03	SYN_ITEM_04	SYN_LONG	40.29	290	170.000000000002	0.609243697478992	122.7988	122.7988		122.7988	0.245503372411636	observed	FALSE	SYNTHETIC_TEACHING_FIXTURE
SYN_TRAJ_020	30	SYN_PROS_SPK_03	SYN_ITEM_04	SYN_LONG	40.3	300	180	0.630252100840336	118.2583	118.2583		118.2583	-0.406756861224072	observed	FALSE	SYNTHETIC_TEACHING_FIXTURE
SYN_TRAJ_020	31	SYN_PROS_SPK_03	SYN_ITEM_04	SYN_LONG	40.31	310	190.000000000005	0.651260504201681	113.6342	113.6342		113.6342	-1.09728895574507	observed	FALSE	SYNTHETIC_TEACHING_FIXTURE
SYN_TRAJ_020	32	SYN_PROS_SPK_03	SYN_ITEM_04	SYN_LONG	40.32	320	200.000000000003	0.672268907563025	111.692	111.692		111.692	-1.3957439107977	observed	FALSE	SYNTHETIC_TEACHING_FIXTURE
SYN_TRAJ_020	33	SYN_PROS_SPK_03	SYN_ITEM_04	SYN_LONG	40.33	330	210.000000000001	0.69327731092437	109.6798	109.6798		109.6798	-1.71048003338391	observed	FALSE	SYNTHETIC_TEACHING_FIXTURE
SYN_TRAJ_020	34	SYN_PROS_SPK_03	SYN_ITEM_04	SYN_LONG	40.34	340	220.000000000006	0.714285714285714	114.4614	114.4614		114.4614	-0.971720283346627	observed	FALSE	SYNTHETIC_TEACHING_FIXTURE
SYN_TRAJ_020	35	SYN_PROS_SPK_03	SYN_ITEM_04	SYN_LONG	40.35	350	230.000000000004	0.735294117647059	116.429	116.429		116.429	-0.676648805570407	observed	FALSE	SYNTHETIC_TEACHING_FIXTURE
SYN_TRAJ_020	36	SYN_PROS_SPK_03	SYN_ITEM_04	SYN_LONG	40.36	360	240.000000000002	0.756302521008403	114.346		estimator_failure	115.0838	-0.877837012184648	interpolated_estimator_failure	FALSE	SYNTHETIC_TEACHING_FIXTURE
SYN_TRAJ_020	37	SYN_PROS_SPK_03	SYN_ITEM_04	SYN_LONG	40.37	370	250	0.777310924369748	113.7386	113.7386		113.7386	-1.08139076146464	observed	FALSE	SYNTHETIC_TEACHING_FIXTURE
SYN_TRAJ_020	38	SYN_PROS_SPK_03	SYN_ITEM_04	SYN_LONG	40.38	380	260.000000000005	0.798319327731092	114.7436	114.7436		114.7436	-0.929089930997363	observed	FALSE	SYNTHETIC_TEACHING_FIXTURE
SYN_TRAJ_020	39	SYN_PROS_SPK_03	SYN_ITEM_04	SYN_LONG	40.39	390	270.000000000003	0.819327731092437	113.2413	113.2413		113.2413	-1.15725158175573	observed	FALSE	SYNTHETIC_TEACHING_FIXTURE
SYN_TRAJ_020	40	SYN_PROS_SPK_03	SYN_ITEM_04	SYN_LONG	40.4	400	280.000000000001	0.840336134453782	110.0321	110.0321		110.0321	-1.65496057556643	observed	FALSE	SYNTHETIC_TEACHING_FIXTURE
SYN_TRAJ_020	41	SYN_PROS_SPK_03	SYN_ITEM_04	SYN_LONG	40.41	410	289.999999999999	0.861344537815126	113.7098	113.7098		113.7098	-1.08577501221159	observed	FALSE	SYNTHETIC_TEACHING_FIXTURE
SYN_TRAJ_020	42	SYN_PROS_SPK_03	SYN_ITEM_04	SYN_LONG	40.42	420	300.000000000004	0.88235294117647	112.1918	112.1918		112.1918	-1.31844736543543	observed	FALSE	SYNTHETIC_TEACHING_FIXTURE
SYN_TRAJ_020	43	SYN_PROS_SPK_03	SYN_ITEM_04	SYN_LONG	40.43	430	310.000000000002	0.903361344537815	113.7725	113.7725		113.7725	-1.07623155519316	observed	FALSE	SYNTHETIC_TEACHING_FIXTURE
SYN_TRAJ_020	44	SYN_PROS_SPK_03	SYN_ITEM_04	SYN_LONG	40.44	440	320	0.92436974789916	109.5197	109.5197		109.5197	-1.73576938126492	observed	FALSE	SYNTHETIC_TEACHING_FIXTURE
SYN_TRAJ_020	45	SYN_PROS_SPK_03	SYN_ITEM_04	SYN_LONG	40.45	450	330.000000000005	0.945378151260504	111.8286	111.8286		111.8286	-1.37458374922481	observed	FALSE	SYNTHETIC_TEACHING_FIXTURE
SYN_TRAJ_020	46	SYN_PROS_SPK_03	SYN_ITEM_04	SYN_LONG	40.46	460	340.000000000003	0.966386554621849			structural_unvoiced			missing	FALSE	SYNTHETIC_TEACHING_FIXTURE
SYN_TRAJ_020	47	SYN_PROS_SPK_03	SYN_ITEM_04	SYN_LONG	40.47	470	350.000000000001	0.987394957983193			structural_unvoiced			missing	FALSE	SYNTHETIC_TEACHING_FIXTURE
SYN_TRAJ_021	0	SYN_PROS_SPK_03	SYN_ITEM_05	SYN_SHORT	42	0	-119.999999999997	0	115.3836	115.3836		115.3836	-0.832795998950705	observed	TRUE	SYNTHETIC_TEACHING_FIXTURE
SYN_TRAJ_021	1	SYN_PROS_SPK_03	SYN_ITEM_05	SYN_SHORT	42.01	10	-109.999999999999	0.0347222222222222	114.6283	114.6283		114.6283	-0.946494966459011	observed	FALSE	SYNTHETIC_TEACHING_FIXTURE
SYN_TRAJ_021	2	SYN_PROS_SPK_03	SYN_ITEM_05	SYN_SHORT	42.02	20	-99.9999999999943	0.0694444444444444	116.8166	116.8166		116.8166	-0.619110576759856	observed	FALSE	SYNTHETIC_TEACHING_FIXTURE
SYN_TRAJ_021	3	SYN_PROS_SPK_03	SYN_ITEM_05	SYN_SHORT	42.03	30	-89.9999999999963	0.104166666666667	121.2949	121.2949		121.2949	0.0321725218989965	observed	FALSE	SYNTHETIC_TEACHING_FIXTURE
SYN_TRAJ_021	4	SYN_PROS_SPK_03	SYN_ITEM_05	SYN_SHORT	42.04	40	-79.9999999999983	0.138888888888889	121.4164	121.4164		121.4164	0.0495054565033681	observed	FALSE	SYNTHETIC_TEACHING_FIXTURE
SYN_TRAJ_021	5	SYN_PROS_SPK_03	SYN_ITEM_05	SYN_SHORT	42.05	50	-70.0000000000003	0.173611111111111	119.201	119.201		119.201	-0.269298112545695	observed	FALSE	SYNTHETIC_TEACHING_FIXTURE
SYN_TRAJ_021	6	SYN_PROS_SPK_03	SYN_ITEM_05	SYN_SHORT	42.06	60	-59.9999999999952	0.208333333333333	116.2425	116.2425		116.2425	-0.704402545869477	observed	FALSE	SYNTHETIC_TEACHING_FIXTURE
SYN_TRAJ_021	7	SYN_PROS_SPK_03	SYN_ITEM_05	SYN_SHORT	42.07	70	-49.9999999999972	0.243055555555556	115.3391	115.3391		115.3391	-0.839474138218212	observed	FALSE	SYNTHETIC_TEACHING_FIXTURE
SYN_TRAJ_021	8	SYN_PROS_SPK_03	SYN_ITEM_05	SYN_SHORT	42.08	80	-39.9999999999991	0.277777777777778	116.53	116.53		116.53	-0.661637181214925	observed	FALSE	SYNTHETIC_TEACHING_FIXTURE
SYN_TRAJ_021	9	SYN_PROS_SPK_03	SYN_ITEM_05	SYN_SHORT	42.09	90	-29.999999999994	0.3125	117.367	117.367		117.367	-0.537732292787262	observed	FALSE	SYNTHETIC_TEACHING_FIXTURE
SYN_TRAJ_021	10	SYN_PROS_SPK_03	SYN_ITEM_05	SYN_SHORT	42.1	100	-19.999999999996	0.347222222222222	122.7209	122.7209		122.7209	0.234517440370512	observed	FALSE	SYNTHETIC_TEACHING_FIXTURE
SYN_TRAJ_021	11	SYN_PROS_SPK_03	SYN_ITEM_05	SYN_SHORT	42.11	110	-9.99999999999801	0.381944444444444	125.3346	125.3346		125.3346	0.599362719147039	observed	FALSE	SYNTHETIC_TEACHING_FIXTURE
SYN_TRAJ_021	12	SYN_PROS_SPK_03	SYN_ITEM_05	SYN_SHORT	42.12	120	0	0.416666666666667	126.074	126.074		126.074	0.701195205914156	observed	FALSE	SYNTHETIC_TEACHING_FIXTURE
SYN_TRAJ_021	13	SYN_PROS_SPK_03	SYN_ITEM_05	SYN_SHORT	42.13	130	10.0000000000051	0.451388888888889	126.3492	126.3492		126.3492	0.738944176616393	observed	FALSE	SYNTHETIC_TEACHING_FIXTURE
SYN_TRAJ_021	14	SYN_PROS_SPK_03	SYN_ITEM_05	SYN_SHORT	42.14	140	20.0000000000031	0.486111111111111	130.4949	130.4949		130.4949	1.29786691480192	observed	FALSE	SYNTHETIC_TEACHING_FIXTURE
SYN_TRAJ_021	15	SYN_PROS_SPK_03	SYN_ITEM_05	SYN_SHORT	42.15	150	30.0000000000011	0.520833333333333	133.9662	133.9662		133.9662	1.75237443397309	observed	FALSE	SYNTHETIC_TEACHING_FIXTURE
SYN_TRAJ_021	16	SYN_PROS_SPK_03	SYN_ITEM_05	SYN_SHORT	42.16	160	39.9999999999991	0.555555555555556	135.603	135.603		135.603	1.96261497454361	observed	FALSE	SYNTHETIC_TEACHING_FIXTURE
SYN_TRAJ_021	17	SYN_PROS_SPK_03	SYN_ITEM_05	SYN_SHORT	42.17	170	50.0000000000043	0.590277777777778	136.2293	136.2293		136.2293	2.04239017443821	observed	FALSE	SYNTHETIC_TEACHING_FIXTURE
SYN_TRAJ_021	18	SYN_PROS_SPK_03	SYN_ITEM_05	SYN_SHORT	42.18	180	60.0000000000023	0.625	136.1891	136.1891		136.1891	2.03728070978548	observed	FALSE	SYNTHETIC_TEACHING_FIXTURE
SYN_TRAJ_021	19	SYN_PROS_SPK_03	SYN_ITEM_05	SYN_SHORT	42.19	190	70.0000000000003	0.659722222222222	133.1136	133.1136		133.1136	1.64184153973606	observed	FALSE	SYNTHETIC_TEACHING_FIXTURE
SYN_TRAJ_021	20	SYN_PROS_SPK_03	SYN_ITEM_05	SYN_SHORT	42.2	200	80.0000000000054	0.694444444444444	131.4487	131.4487		131.4487	1.42394430961822	observed	FALSE	SYNTHETIC_TEACHING_FIXTURE
SYN_TRAJ_021	21	SYN_PROS_SPK_03	SYN_ITEM_05	SYN_SHORT	42.21	210	90.0000000000034	0.729166666666667	127.7897	127.7897		127.7897	0.935204517368717	observed	FALSE	SYNTHETIC_TEACHING_FIXTURE
SYN_TRAJ_021	22	SYN_PROS_SPK_03	SYN_ITEM_05	SYN_SHORT	42.22	220	100.000000000001	0.763888888888889	128.45	128.45		128.45	1.02442850357159	observed	FALSE	SYNTHETIC_TEACHING_FIXTURE
SYN_TRAJ_021	23	SYN_PROS_SPK_03	SYN_ITEM_05	SYN_SHORT	42.23	230	109.999999999999	0.798611111111111	124.3699	124.3699		124.3699	0.465594221070482	observed	FALSE	SYNTHETIC_TEACHING_FIXTURE
SYN_TRAJ_021	24	SYN_PROS_SPK_03	SYN_ITEM_05	SYN_SHORT	42.24	240	120.000000000005	0.833333333333333	119.9416	119.9416		119.9416	-0.162068699157673	observed	FALSE	SYNTHETIC_TEACHING_FIXTURE
SYN_TRAJ_021	25	SYN_PROS_SPK_03	SYN_ITEM_05	SYN_SHORT	42.25	250	130.000000000003	0.868055555555556	113.1292	113.1292		113.1292	-1.17439792836576	observed	FALSE	SYNTHETIC_TEACHING_FIXTURE
SYN_TRAJ_021	26	SYN_PROS_SPK_03	SYN_ITEM_05	SYN_SHORT	42.26	260	140.000000000001	0.902777777777778	107.3855	107.3855		107.3855	-2.07646374436915	observed	FALSE	SYNTHETIC_TEACHING_FIXTURE
SYN_TRAJ_021	27	SYN_PROS_SPK_03	SYN_ITEM_05	SYN_SHORT	42.27	270	150.000000000006	0.9375	108.1594	108.1594		108.1594	-1.9521455361585	observed	FALSE	SYNTHETIC_TEACHING_FIXTURE
SYN_TRAJ_021	28	SYN_PROS_SPK_03	SYN_ITEM_05	SYN_SHORT	42.28	280	160.000000000004	0.972222222222222	107.4345	107.4345		107.4345	-2.06856592574188	observed	FALSE	SYNTHETIC_TEACHING_FIXTURE
SYN_TRAJ_022	0	SYN_PROS_SPK_03	SYN_ITEM_06	SYN_LONG	44	0	-119.999999999997	0	116.1176	116.1176		116.1176	-0.723014274264682	observed	TRUE	SYNTHETIC_TEACHING_FIXTURE
SYN_TRAJ_022	1	SYN_PROS_SPK_03	SYN_ITEM_06	SYN_LONG	44.01	10	-109.999999999999	0.0229885057471264	119.925	119.925		119.925	-0.164464904820353	observed	FALSE	SYNTHETIC_TEACHING_FIXTURE
SYN_TRAJ_022	2	SYN_PROS_SPK_03	SYN_ITEM_06	SYN_LONG	44.02	20	-99.9999999999943	0.0459770114942529	120.3597	120.3597		120.3597	-0.10182518933733	observed	FALSE	SYNTHETIC_TEACHING_FIXTURE
SYN_TRAJ_022	3	SYN_PROS_SPK_03	SYN_ITEM_06	SYN_LONG	44.03	30	-89.9999999999963	0.0689655172413793	121.6562	121.6562		121.6562	0.0836639803064161	observed	FALSE	SYNTHETIC_TEACHING_FIXTURE
SYN_TRAJ_022	4	SYN_PROS_SPK_03	SYN_ITEM_06	SYN_LONG	44.04	40	-79.9999999999983	0.0919540229885057	124.5281	124.5281		124.5281	0.487601731250881	observed	FALSE	SYNTHETIC_TEACHING_FIXTURE
SYN_TRAJ_022	5	SYN_PROS_SPK_03	SYN_ITEM_06	SYN_LONG	44.05	50	-70.0000000000003	0.114942528735632	126.1881	126.1881		126.1881	0.716856204412872	observed	FALSE	SYNTHETIC_TEACHING_FIXTURE
SYN_TRAJ_022	6	SYN_PROS_SPK_03	SYN_ITEM_06	SYN_LONG	44.06	60	-59.9999999999952	0.137931034482759	122.5565	122.5565		122.5565	0.211309846006926	observed	FALSE	SYNTHETIC_TEACHING_FIXTURE
SYN_TRAJ_022	7	SYN_PROS_SPK_03	SYN_ITEM_06	SYN_LONG	44.07	70	-49.9999999999972	0.160919540229885	123.2885	123.2885		123.2885	0.314404647111531	observed	FALSE	SYNTHETIC_TEACHING_FIXTURE
SYN_TRAJ_022	8	SYN_PROS_SPK_03	SYN_ITEM_06	SYN_LONG	44.08	80	-39.9999999999991	0.183908045977011	125.6259	125.6259		125.6259	0.639553004469341	observed	FALSE	SYNTHETIC_TEACHING_FIXTURE
SYN_TRAJ_022	9	SYN_PROS_SPK_03	SYN_ITEM_06	SYN_LONG	44.09	90	-29.999999999994	0.206896551724138	126.2162	126.2162		126.2162	0.720710946743311	observed	FALSE	SYNTHETIC_TEACHING_FIXTURE
SYN_TRAJ_022	10	SYN_PROS_SPK_03	SYN_ITEM_06	SYN_LONG	44.1	100	-19.999999999996	0.229885057471264	124.1441	124.1441		124.1441	0.434134202250401	observed	FALSE	SYNTHETIC_TEACHING_FIXTURE
SYN_TRAJ_022	11	SYN_PROS_SPK_03	SYN_ITEM_06	SYN_LONG	44.11	110	-9.99999999999801	0.252873563218391	127.9886	127.9886		127.9886	0.962129594419254	observed	FALSE	SYNTHETIC_TEACHING_FIXTURE
SYN_TRAJ_022	12	SYN_PROS_SPK_03	SYN_ITEM_06	SYN_LONG	44.12	120	0	0.275862068965517	129.8189	129.8189		129.8189	1.20795106339998	observed	FALSE	SYNTHETIC_TEACHING_FIXTURE
SYN_TRAJ_022	13	SYN_PROS_SPK_03	SYN_ITEM_06	SYN_LONG	44.13	130	10.0000000000051	0.298850574712644	130.4412	130.4412		130.4412	1.29074124152426	observed	FALSE	SYNTHETIC_TEACHING_FIXTURE
SYN_TRAJ_022	14	SYN_PROS_SPK_03	SYN_ITEM_06	SYN_LONG	44.14	140	20.0000000000031	0.32183908045977	130.7874	130.7874		130.7874	1.33662852788417	observed	FALSE	SYNTHETIC_TEACHING_FIXTURE
SYN_TRAJ_022	15	SYN_PROS_SPK_03	SYN_ITEM_06	SYN_LONG	44.15	150	30.0000000000011	0.344827586206897	136.8399	136.8399		136.8399	2.11981327980323	observed	FALSE	SYNTHETIC_TEACHING_FIXTURE
SYN_TRAJ_022	16	SYN_PROS_SPK_03	SYN_ITEM_06	SYN_LONG	44.16	160	39.9999999999991	0.367816091954023	137.683	137.683		137.683	2.22615107645029	observed	FALSE	SYNTHETIC_TEACHING_FIXTURE
SYN_TRAJ_022	17	SYN_PROS_SPK_03	SYN_ITEM_06	SYN_LONG	44.17	170	50.0000000000043	0.390804597701149	140.1429	140.1429		140.1429	2.53272968764267	observed	FALSE	SYNTHETIC_TEACHING_FIXTURE
SYN_TRAJ_022	18	SYN_PROS_SPK_03	SYN_ITEM_06	SYN_LONG	44.18	180	60.0000000000023	0.413793103448276	138.9391	138.9391		138.9391	2.38337770696958	observed	FALSE	SYNTHETIC_TEACHING_FIXTURE
SYN_TRAJ_022	19	SYN_PROS_SPK_03	SYN_ITEM_06	SYN_LONG	44.19	190	70.0000000000003	0.436781609195402	137.3139	137.3139		137.3139	2.17967790739072	observed	FALSE	SYNTHETIC_TEACHING_FIXTURE
SYN_TRAJ_022	20	SYN_PROS_SPK_03	SYN_ITEM_06	SYN_LONG	44.2	200	80.0000000000054	0.459770114942529	134.8239	134.8239		134.8239	1.86286097969974	observed	FALSE	SYNTHETIC_TEACHING_FIXTURE
SYN_TRAJ_022	21	SYN_PROS_SPK_03	SYN_ITEM_06	SYN_LONG	44.21	210	90.0000000000034	0.482758620689655	135.8569	135.8569		135.8569	1.99499990161648	observed	FALSE	SYNTHETIC_TEACHING_FIXTURE
SYN_TRAJ_022	22	SYN_PROS_SPK_03	SYN_ITEM_06	SYN_LONG	44.22	220	100.000000000001	0.505747126436782	131.536	131.536		131.536	1.43543826634157	observed	FALSE	SYNTHETIC_TEACHING_FIXTURE
SYN_TRAJ_022	23	SYN_PROS_SPK_03	SYN_ITEM_06	SYN_LONG	44.23	230	109.999999999999	0.528735632183908	130.4401	130.4401		130.4401	1.29059524735342	observed	FALSE	SYNTHETIC_TEACHING_FIXTURE
SYN_TRAJ_022	24	SYN_PROS_SPK_03	SYN_ITEM_06	SYN_LONG	44.24	240	120.000000000005	0.551724137931034	130.8358	130.8358		130.8358	1.34303405529387	observed	FALSE	SYNTHETIC_TEACHING_FIXTURE
SYN_TRAJ_022	25	SYN_PROS_SPK_03	SYN_ITEM_06	SYN_LONG	44.25	250	130.000000000003	0.574712643678161	124.7947	124.7947		124.7947	0.524625795908548	observed	FALSE	SYNTHETIC_TEACHING_FIXTURE
SYN_TRAJ_022	26	SYN_PROS_SPK_03	SYN_ITEM_06	SYN_LONG	44.26	260	140.000000000001	0.597701149425287	126.6805	126.6805		126.6805	0.784279421310282	observed	FALSE	SYNTHETIC_TEACHING_FIXTURE
SYN_TRAJ_022	27	SYN_PROS_SPK_03	SYN_ITEM_06	SYN_LONG	44.27	270	150.000000000006	0.620689655172414	120.9631	120.9631		120.9631	-0.0152499629441749	observed	FALSE	SYNTHETIC_TEACHING_FIXTURE
SYN_TRAJ_022	28	SYN_PROS_SPK_03	SYN_ITEM_06	SYN_LONG	44.28	280	160.000000000004	0.64367816091954	117.8068	117.8068		117.8068	-0.472980383995406	observed	FALSE	SYNTHETIC_TEACHING_FIXTURE
SYN_TRAJ_022	29	SYN_PROS_SPK_03	SYN_ITEM_06	SYN_LONG	44.29	290	170.000000000002	0.666666666666667	120.5899	120.5899		120.5899	-0.0687452257806536	observed	FALSE	SYNTHETIC_TEACHING_FIXTURE
SYN_TRAJ_022	30	SYN_PROS_SPK_03	SYN_ITEM_06	SYN_LONG	44.3	300	180	0.689655172413793	115.199	115.199		115.199	-0.860515859316154	observed	FALSE	SYNTHETIC_TEACHING_FIXTURE
SYN_TRAJ_022	31	SYN_PROS_SPK_03	SYN_ITEM_06	SYN_LONG	44.31	310	190.000000000005	0.71264367816092	116.1654	116.1654		116.1654	-0.715889087426772	observed	FALSE	SYNTHETIC_TEACHING_FIXTURE
SYN_TRAJ_022	32	SYN_PROS_SPK_03	SYN_ITEM_06	SYN_LONG	44.32	320	200.000000000003	0.735632183908046	115.0762	115.0762		115.0762	-0.87898033672216	observed	FALSE	SYNTHETIC_TEACHING_FIXTURE
SYN_TRAJ_022	33	SYN_PROS_SPK_03	SYN_ITEM_06	SYN_LONG	44.33	330	210.000000000001	0.758620689655172	117.3478	117.3478		117.3478	-0.540564640284413	observed	FALSE	SYNTHETIC_TEACHING_FIXTURE
SYN_TRAJ_022	34	SYN_PROS_SPK_03	SYN_ITEM_06	SYN_LONG	44.34	340	220.000000000006	0.781609195402299	113.5731	113.5731		113.5731	-1.10660013570696	observed	FALSE	SYNTHETIC_TEACHING_FIXTURE
SYN_TRAJ_022	35	SYN_PROS_SPK_03	SYN_ITEM_06	SYN_LONG	44.35	350	230.000000000004	0.804597701149425	109.8008	109.8008		109.8008	-1.69139139036401	observed	FALSE	SYNTHETIC_TEACHING_FIXTURE
SYN_TRAJ_022	36	SYN_PROS_SPK_03	SYN_ITEM_06	SYN_LONG	44.36	360	240.000000000002	0.827586206896552	107.0429	107.0429		107.0429	-2.13178489491725	observed	FALSE	SYNTHETIC_TEACHING_FIXTURE
SYN_TRAJ_022	37	SYN_PROS_SPK_03	SYN_ITEM_06	SYN_LONG	44.37	370	250	0.850574712643678	107.7944	107.7944		107.7944	-2.01066740793165	observed	FALSE	SYNTHETIC_TEACHING_FIXTURE
SYN_TRAJ_022	38	SYN_PROS_SPK_03	SYN_ITEM_06	SYN_LONG	44.38	380	260.000000000005	0.873563218390805	105.5081	105.5081		105.5081	-2.38180904921251	observed	FALSE	SYNTHETIC_TEACHING_FIXTURE
SYN_TRAJ_022	39	SYN_PROS_SPK_03	SYN_ITEM_06	SYN_LONG	44.39	390	270.000000000003	0.896551724137931	102.3209	102.3209		102.3209	-2.91284386976668	observed	FALSE	SYNTHETIC_TEACHING_FIXTURE
SYN_TRAJ_022	40	SYN_PROS_SPK_03	SYN_ITEM_06	SYN_LONG	44.4	400	280.000000000001	0.919540229885057	106.2627	106.2627		106.2627	-2.25843087407725	observed	FALSE	SYNTHETIC_TEACHING_FIXTURE
SYN_TRAJ_022	41	SYN_PROS_SPK_03	SYN_ITEM_06	SYN_LONG	44.41	410	289.999999999999	0.942528735632184	110.9192	110.9192		110.9192	-1.51594478548006	observed	FALSE	SYNTHETIC_TEACHING_FIXTURE
SYN_TRAJ_022	42	SYN_PROS_SPK_03	SYN_ITEM_06	SYN_LONG	44.42	420	300.000000000004	0.96551724137931	109.6872	109.6872		109.6872	-1.70931202434262	observed	FALSE	SYNTHETIC_TEACHING_FIXTURE
SYN_TRAJ_022	43	SYN_PROS_SPK_03	SYN_ITEM_06	SYN_LONG	44.43	430	310.000000000002	0.988505747126437	109.8594	109.8594		109.8594	-1.68215436720897	observed	FALSE	SYNTHETIC_TEACHING_FIXTURE
SYN_TRAJ_023	0	SYN_PROS_SPK_03	SYN_ITEM_07	SYN_SHORT	46	0	-119.999999999997	0	116.0789	116.0789		116.0789	-0.728785141467181	observed	TRUE	SYNTHETIC_TEACHING_FIXTURE
SYN_TRAJ_023	1	SYN_PROS_SPK_03	SYN_ITEM_07	SYN_SHORT	46.01	10	-109.999999999999	0.0307692307692308	119.7912		estimator_failure	117.90215	-0.458973858101271	interpolated_estimator_failure	FALSE	SYNTHETIC_TEACHING_FIXTURE
SYN_TRAJ_023	2	SYN_PROS_SPK_03	SYN_ITEM_07	SYN_SHORT	46.02	20	-99.9999999999943	0.0615384615384615	119.7254	119.7254		119.7254	-0.193303112150378	observed	FALSE	SYNTHETIC_TEACHING_FIXTURE
SYN_TRAJ_023	3	SYN_PROS_SPK_03	SYN_ITEM_07	SYN_SHORT	46.03	30	-89.9999999999963	0.0923076923076923	121.3197	121.3197		121.3197	0.0357118476086934	observed	FALSE	SYNTHETIC_TEACHING_FIXTURE
SYN_TRAJ_023	4	SYN_PROS_SPK_03	SYN_ITEM_07	SYN_SHORT	46.04	40	-79.9999999999983	0.123076923076923	120.3373	120.3373		120.3373	-0.105047468203378	observed	FALSE	SYNTHETIC_TEACHING_FIXTURE
SYN_TRAJ_023	5	SYN_PROS_SPK_03	SYN_ITEM_07	SYN_SHORT	46.05	50	-70.0000000000003	0.153846153846154	123.3602	123.3602		123.3602	0.324469933068005	observed	FALSE	SYNTHETIC_TEACHING_FIXTURE
SYN_TRAJ_023	6	SYN_PROS_SPK_03	SYN_ITEM_07	SYN_SHORT	46.06	60	-59.9999999999952	0.184615384615385	121.6992	121.6992		121.6992	0.089782033563885	observed	FALSE	SYNTHETIC_TEACHING_FIXTURE
SYN_TRAJ_023	7	SYN_PROS_SPK_03	SYN_ITEM_07	SYN_SHORT	46.07	70	-49.9999999999972	0.215384615384615	123.8082	123.8082		123.8082	0.387228255193788	observed	FALSE	SYNTHETIC_TEACHING_FIXTURE
SYN_TRAJ_023	8	SYN_PROS_SPK_03	SYN_ITEM_07	SYN_SHORT	46.08	80	-39.9999999999991	0.246153846153846	118.7664	118.7664		118.7664	-0.332533257715284	observed	FALSE	SYNTHETIC_TEACHING_FIXTURE
SYN_TRAJ_023	9	SYN_PROS_SPK_03	SYN_ITEM_07	SYN_SHORT	46.09	90	-29.999999999994	0.276923076923077	119.4712	119.4712		119.4712	-0.230099610172981	observed	FALSE	SYNTHETIC_TEACHING_FIXTURE
SYN_TRAJ_023	10	SYN_PROS_SPK_03	SYN_ITEM_07	SYN_SHORT	46.1	100	-19.999999999996	0.307692307692308	120.7763	120.7763		120.7763	-0.0420056001910369	observed	FALSE	SYNTHETIC_TEACHING_FIXTURE
SYN_TRAJ_023	11	SYN_PROS_SPK_03	SYN_ITEM_07	SYN_SHORT	46.11	110	-9.99999999999801	0.338461538461538	123.1631	123.1631		123.1631	0.296786845604996	observed	FALSE	SYNTHETIC_TEACHING_FIXTURE
SYN_TRAJ_023	12	SYN_PROS_SPK_03	SYN_ITEM_07	SYN_SHORT	46.12	120	0	0.369230769230769	125.0702	125.0702		125.0702	0.562802840687458	observed	FALSE	SYNTHETIC_TEACHING_FIXTURE
SYN_TRAJ_023	13	SYN_PROS_SPK_03	SYN_ITEM_07	SYN_SHORT	46.13	130	10.0000000000051	0.4	129.5987	129.5987		129.5987	1.17856078076991	observed	FALSE	SYNTHETIC_TEACHING_FIXTURE
SYN_TRAJ_023	14	SYN_PROS_SPK_03	SYN_ITEM_07	SYN_SHORT	46.14	140	20.0000000000031	0.430769230769231	131.3644	131.3644		131.3644	1.41283808733771	observed	FALSE	SYNTHETIC_TEACHING_FIXTURE
SYN_TRAJ_023	15	SYN_PROS_SPK_03	SYN_ITEM_07	SYN_SHORT	46.15	150	30.0000000000011	0.461538461538462	133.2185	133.2185		133.2185	1.65547913438862	observed	FALSE	SYNTHETIC_TEACHING_FIXTURE
SYN_TRAJ_023	16	SYN_PROS_SPK_03	SYN_ITEM_07	SYN_SHORT	46.16	160	39.9999999999991	0.492307692307692	134.2561	134.2561		134.2561	1.78979749285028	observed	FALSE	SYNTHETIC_TEACHING_FIXTURE
SYN_TRAJ_023	17	SYN_PROS_SPK_03	SYN_ITEM_07	SYN_SHORT	46.17	170	50.0000000000043	0.523076923076923	138.0838	138.0838		138.0838	2.27647469012999	observed	FALSE	SYNTHETIC_TEACHING_FIXTURE
SYN_TRAJ_023	18	SYN_PROS_SPK_03	SYN_ITEM_07	SYN_SHORT	46.18	180	60.0000000000023	0.553846153846154	136.3337	136.3337		136.3337	2.05565249130158	observed	FALSE	SYNTHETIC_TEACHING_FIXTURE
SYN_TRAJ_023	19	SYN_PROS_SPK_03	SYN_ITEM_07	SYN_SHORT	46.19	190	70.0000000000003	0.584615384615385	141.8789	141.8789		141.8789	2.74586642170755	observed	FALSE	SYNTHETIC_TEACHING_FIXTURE
SYN_TRAJ_023	20	SYN_PROS_SPK_03	SYN_ITEM_07	SYN_SHORT	46.2	200	80.0000000000054	0.615384615384615	141.2457	141.2457		141.2457	2.66842919247615	observed	FALSE	SYNTHETIC_TEACHING_FIXTURE
SYN_TRAJ_023	21	SYN_PROS_SPK_03	SYN_ITEM_07	SYN_SHORT	46.21	210	90.0000000000034	0.646153846153846	139.8807	139.8807		139.8807	2.50030887023111	observed	FALSE	SYNTHETIC_TEACHING_FIXTURE
SYN_TRAJ_023	22	SYN_PROS_SPK_03	SYN_ITEM_07	SYN_SHORT	46.22	220	100.000000000001	0.676923076923077	136.4206	136.4206		136.4206	2.06668397597143	observed	FALSE	SYNTHETIC_TEACHING_FIXTURE
SYN_TRAJ_023	23	SYN_PROS_SPK_03	SYN_ITEM_07	SYN_SHORT	46.23	230	109.999999999999	0.707692307692308	132.9965	132.9965		132.9965	1.62660517552208	observed	FALSE	SYNTHETIC_TEACHING_FIXTURE
SYN_TRAJ_023	24	SYN_PROS_SPK_03	SYN_ITEM_07	SYN_SHORT	46.24	240	120.000000000005	0.738461538461539	125.3872	125.3872		125.3872	0.606626779337813	observed	FALSE	SYNTHETIC_TEACHING_FIXTURE
SYN_TRAJ_023	25	SYN_PROS_SPK_03	SYN_ITEM_07	SYN_SHORT	46.25	250	130.000000000003	0.769230769230769	123.5028	123.5028		123.5028	0.344470824481922	observed	FALSE	SYNTHETIC_TEACHING_FIXTURE
SYN_TRAJ_023	26	SYN_PROS_SPK_03	SYN_ITEM_07	SYN_SHORT	46.26	260	140.000000000001	0.8	121.0508	121.0508		121.0508	-0.0027028131524444	observed	FALSE	SYNTHETIC_TEACHING_FIXTURE
SYN_TRAJ_023	27	SYN_PROS_SPK_03	SYN_ITEM_07	SYN_SHORT	46.27	270	150.000000000006	0.830769230769231	114.5744	114.5744		114.5744	-0.954637411287525	observed	FALSE	SYNTHETIC_TEACHING_FIXTURE
SYN_TRAJ_023	28	SYN_PROS_SPK_03	SYN_ITEM_07	SYN_SHORT	46.28	280	160.000000000004	0.861538461538462	110.2948	110.2948		110.2948	-1.61367688299815	observed	FALSE	SYNTHETIC_TEACHING_FIXTURE
SYN_TRAJ_023	29	SYN_PROS_SPK_03	SYN_ITEM_07	SYN_SHORT	46.29	290	170.000000000002	0.892307692307692	115.4737	115.4737		115.4737	-0.819282525844953	observed	FALSE	SYNTHETIC_TEACHING_FIXTURE
SYN_TRAJ_023	30	SYN_PROS_SPK_03	SYN_ITEM_07	SYN_SHORT	46.3	300	180	0.923076923076923	108.7404	108.7404		108.7404	-1.8593976969963	observed	FALSE	SYNTHETIC_TEACHING_FIXTURE
SYN_TRAJ_023	31	SYN_PROS_SPK_03	SYN_ITEM_07	SYN_SHORT	46.31	310	190.000000000005	0.953846153846154	105.1924	105.1924		105.1924	-2.43368847031445	observed	FALSE	SYNTHETIC_TEACHING_FIXTURE
SYN_TRAJ_023	32	SYN_PROS_SPK_03	SYN_ITEM_07	SYN_SHORT	46.32	320	200.000000000003	0.984615384615385	105.3079	105.3079		105.3079	-2.41469015508793	observed	FALSE	SYNTHETIC_TEACHING_FIXTURE
SYN_TRAJ_024	0	SYN_PROS_SPK_03	SYN_ITEM_08	SYN_LONG	48	0	-119.999999999997	0	120.6172	120.6172		120.6172	-0.0648263784713232	observed	TRUE	SYNTHETIC_TEACHING_FIXTURE
SYN_TRAJ_024	1	SYN_PROS_SPK_03	SYN_ITEM_08	SYN_LONG	48.01	10	-109.999999999999	0.0200803212851406	120.4796	120.4796		120.4796	-0.0845875558089114	observed	FALSE	SYNTHETIC_TEACHING_FIXTURE
SYN_TRAJ_024	2	SYN_PROS_SPK_03	SYN_ITEM_08	SYN_LONG	48.02	20	-99.9999999999943	0.0401606425702811	119.3628	119.3628		119.3628	-0.245814774999193	observed	FALSE	SYNTHETIC_TEACHING_FIXTURE
SYN_TRAJ_024	3	SYN_PROS_SPK_03	SYN_ITEM_08	SYN_LONG	48.03	30	-89.9999999999963	0.0602409638554217	123.8494	123.8494		123.8494	0.392988372668845	observed	FALSE	SYNTHETIC_TEACHING_FIXTURE
SYN_TRAJ_024	4	SYN_PROS_SPK_03	SYN_ITEM_08	SYN_LONG	48.04	40	-79.9999999999983	0.0803212851405622	126.9527	126.9527		126.9527	0.821438759210535	observed	FALSE	SYNTHETIC_TEACHING_FIXTURE
SYN_TRAJ_024	5	SYN_PROS_SPK_03	SYN_ITEM_08	SYN_LONG	48.05	50	-70.0000000000003	0.100401606425703	128.0307	128.0307		128.0307	0.967823302207895	observed	FALSE	SYNTHETIC_TEACHING_FIXTURE
SYN_TRAJ_024	6	SYN_PROS_SPK_03	SYN_ITEM_08	SYN_LONG	48.06	60	-59.9999999999952	0.120481927710843	123.4788	123.4788		123.4788	0.341106232357783	observed	FALSE	SYNTHETIC_TEACHING_FIXTURE
SYN_TRAJ_024	7	SYN_PROS_SPK_03	SYN_ITEM_08	SYN_LONG	48.07	70	-49.9999999999972	0.140562248995984	126.2027	126.2027		126.2027	0.71885913139314	observed	FALSE	SYNTHETIC_TEACHING_FIXTURE
SYN_TRAJ_024	8	SYN_PROS_SPK_03	SYN_ITEM_08	SYN_LONG	48.08	80	-39.9999999999991	0.160642570281124	129.5112	129.5112		129.5112	1.16686821440702	observed	FALSE	SYNTHETIC_TEACHING_FIXTURE
SYN_TRAJ_024	9	SYN_PROS_SPK_03	SYN_ITEM_08	SYN_LONG	48.09	90	-29.999999999994	0.180722891566265	128.2508	128.2508		128.2508	0.997559721565712	observed	FALSE	SYNTHETIC_TEACHING_FIXTURE
SYN_TRAJ_024	10	SYN_PROS_SPK_03	SYN_ITEM_08	SYN_LONG	48.1	100	-19.999999999996	0.200803212851406	128.705	128.705		128.705	1.05876303544622	observed	FALSE	SYNTHETIC_TEACHING_FIXTURE
SYN_TRAJ_024	11	SYN_PROS_SPK_03	SYN_ITEM_08	SYN_LONG	48.11	110	-9.99999999999801	0.220883534136546	126.9373	126.9373		126.9373	0.819338557990456	observed	FALSE	SYNTHETIC_TEACHING_FIXTURE
SYN_TRAJ_024	12	SYN_PROS_SPK_03	SYN_ITEM_08	SYN_LONG	48.12	120	0	0.240963855421687	127.777	127.777		127.777	0.933483896298663	observed	FALSE	SYNTHETIC_TEACHING_FIXTURE
SYN_TRAJ_024	13	SYN_PROS_SPK_03	SYN_ITEM_08	SYN_LONG	48.13	130	10.0000000000051	0.261044176706827	127.2154	127.2154		127.2154	0.857225732212801	observed	FALSE	SYNTHETIC_TEACHING_FIXTURE
SYN_TRAJ_024	14	SYN_PROS_SPK_03	SYN_ITEM_08	SYN_LONG	48.14	140	20.0000000000031	0.281124497991968	127.0778	127.0778		127.0778	0.838490050063104	observed	FALSE	SYNTHETIC_TEACHING_FIXTURE
SYN_TRAJ_024	15	SYN_PROS_SPK_03	SYN_ITEM_08	SYN_LONG	48.15	150	30.0000000000011	0.301204819277108	128.3459	128.3459		128.3459	1.01039233910168	observed	FALSE	SYNTHETIC_TEACHING_FIXTURE
SYN_TRAJ_024	16	SYN_PROS_SPK_03	SYN_ITEM_08	SYN_LONG	48.16	160	39.9999999999991	0.321285140562249	129.3056	129.3056		129.3056	1.13936290599118	observed	FALSE	SYNTHETIC_TEACHING_FIXTURE
SYN_TRAJ_024	17	SYN_PROS_SPK_03	SYN_ITEM_08	SYN_LONG	48.17	170	50.0000000000043	0.34136546184739	134.921	134.921		134.921	1.8753248174535	observed	FALSE	SYNTHETIC_TEACHING_FIXTURE
SYN_TRAJ_024	18	SYN_PROS_SPK_03	SYN_ITEM_08	SYN_LONG	48.18	180	60.0000000000023	0.36144578313253	135.9949	135.9949		135.9949	2.01257641347277	observed	FALSE	SYNTHETIC_TEACHING_FIXTURE
SYN_TRAJ_024	19	SYN_PROS_SPK_03	SYN_ITEM_08	SYN_LONG	48.19	190	70.0000000000003	0.381526104417671	138.9689	138.9689		138.9689	2.38709050220109	observed	FALSE	SYNTHETIC_TEACHING_FIXTURE
SYN_TRAJ_024	20	SYN_PROS_SPK_03	SYN_ITEM_08	SYN_LONG	48.2	200	80.0000000000054	0.401606425702811	137.872	137.872		137.872	2.24989974996983	observed	FALSE	SYNTHETIC_TEACHING_FIXTURE
SYN_TRAJ_024	21	SYN_PROS_SPK_03	SYN_ITEM_08	SYN_LONG	48.21	210	90.0000000000034	0.421686746987952	140.8289	140.8289		140.8289	2.61726692002699	observed	FALSE	SYNTHETIC_TEACHING_FIXTURE
SYN_TRAJ_024	22	SYN_PROS_SPK_03	SYN_ITEM_08	SYN_LONG	48.22	220	100.000000000001	0.441767068273092	140.5693	140.5693		140.5693	2.58532439255975	observed	FALSE	SYNTHETIC_TEACHING_FIXTURE
SYN_TRAJ_024	23	SYN_PROS_SPK_03	SYN_ITEM_08	SYN_LONG	48.23	230	109.999999999999	0.461847389558233	136.8889		estimator_failure	137.79875	2.24069943422514	interpolated_estimator_failure	FALSE	SYNTHETIC_TEACHING_FIXTURE
SYN_TRAJ_024	24	SYN_PROS_SPK_03	SYN_ITEM_08	SYN_LONG	48.24	240	120.000000000005	0.481927710843373	135.0282	135.0282		135.0282	1.88907468593361	observed	FALSE	SYNTHETIC_TEACHING_FIXTURE
SYN_TRAJ_024	25	SYN_PROS_SPK_03	SYN_ITEM_08	SYN_LONG	48.25	250	130.000000000003	0.502008032128514	135.4431	135.4431		135.4431	1.9421886074747	observed	FALSE	SYNTHETIC_TEACHING_FIXTURE
SYN_TRAJ_024	26	SYN_PROS_SPK_03	SYN_ITEM_08	SYN_LONG	48.26	260	140.000000000001	0.522088353413655	134.9786	134.9786		134.9786	1.88271416391716	observed	FALSE	SYNTHETIC_TEACHING_FIXTURE
SYN_TRAJ_024	27	SYN_PROS_SPK_03	SYN_ITEM_08	SYN_LONG	48.27	270	150.000000000006	0.542168674698795	132.501	132.501		132.501	1.56198479549734	observed	FALSE	SYNTHETIC_TEACHING_FIXTURE
SYN_TRAJ_024	28	SYN_PROS_SPK_03	SYN_ITEM_08	SYN_LONG	48.28	280	160.000000000004	0.562248995983936	127.0236	127.0236		127.0236	0.831104582144986	observed	FALSE	SYNTHETIC_TEACHING_FIXTURE
SYN_TRAJ_024	29	SYN_PROS_SPK_03	SYN_ITEM_08	SYN_LONG	48.29	290	170.000000000002	0.582329317269076	127.9363	127.9363		127.9363	0.955053804449098	observed	FALSE	SYNTHETIC_TEACHING_FIXTURE
SYN_TRAJ_024	30	SYN_PROS_SPK_03	SYN_ITEM_08	SYN_LONG	48.3	300	180	0.602409638554217	126.2801	126.2801		126.2801	0.729473519351078	observed	FALSE	SYNTHETIC_TEACHING_FIXTURE
SYN_TRAJ_024	31	SYN_PROS_SPK_03	SYN_ITEM_08	SYN_LONG	48.31	310	190.000000000005	0.622489959839357	130.231	130.231		130.231	1.2628206979458	observed	FALSE	SYNTHETIC_TEACHING_FIXTURE
SYN_TRAJ_024	32	SYN_PROS_SPK_03	SYN_ITEM_08	SYN_LONG	48.32	320	200.000000000003	0.642570281124498	125.4448	125.4448		125.4448	0.614577844830176	observed	FALSE	SYNTHETIC_TEACHING_FIXTURE
SYN_TRAJ_024	33	SYN_PROS_SPK_03	SYN_ITEM_08	SYN_LONG	48.33	330	210.000000000001	0.662650602409639	121.0886	121.0886		121.0886	0.00270239125347345	observed	FALSE	SYNTHETIC_TEACHING_FIXTURE
SYN_TRAJ_024	34	SYN_PROS_SPK_03	SYN_ITEM_08	SYN_LONG	48.34	340	220.000000000006	0.682730923694779	118.6921	118.6921		118.6921	-0.343367209251533	observed	FALSE	SYNTHETIC_TEACHING_FIXTURE
SYN_TRAJ_024	35	SYN_PROS_SPK_03	SYN_ITEM_08	SYN_LONG	48.35	350	230.000000000004	0.70281124497992	115.8655	115.8655		115.8655	-0.760641521730265	observed	FALSE	SYNTHETIC_TEACHING_FIXTURE
SYN_TRAJ_024	36	SYN_PROS_SPK_03	SYN_ITEM_08	SYN_LONG	48.36	360	240.000000000002	0.72289156626506	110.0971	110.0971		110.0971	-1.64473656017366	observed	FALSE	SYNTHETIC_TEACHING_FIXTURE
SYN_TRAJ_024	37	SYN_PROS_SPK_03	SYN_ITEM_08	SYN_LONG	48.37	370	250	0.742971887550201	114.8419	114.8419		114.8419	-0.91426492528728	observed	FALSE	SYNTHETIC_TEACHING_FIXTURE
SYN_TRAJ_024	38	SYN_PROS_SPK_03	SYN_ITEM_08	SYN_LONG	48.38	380	260.000000000005	0.763052208835341	118.6964	118.6964		118.6964	-0.342740025844434	observed	FALSE	SYNTHETIC_TEACHING_FIXTURE
SYN_TRAJ_024	39	SYN_PROS_SPK_03	SYN_ITEM_08	SYN_LONG	48.39	390	270.000000000003	0.783132530120482	116.2763	116.2763		116.2763	-0.699369343283656	observed	FALSE	SYNTHETIC_TEACHING_FIXTURE
SYN_TRAJ_024	40	SYN_PROS_SPK_03	SYN_ITEM_08	SYN_LONG	48.4	400	280.000000000001	0.803212851405622	117.0179	117.0179		117.0179	-0.589303384051648	observed	FALSE	SYNTHETIC_TEACHING_FIXTURE
SYN_TRAJ_024	41	SYN_PROS_SPK_03	SYN_ITEM_08	SYN_LONG	48.41	410	289.999999999999	0.823293172690763	115.3287	115.3287		115.3287	-0.841035243333231	observed	FALSE	SYNTHETIC_TEACHING_FIXTURE
SYN_TRAJ_024	42	SYN_PROS_SPK_03	SYN_ITEM_08	SYN_LONG	48.42	420	300.000000000004	0.843373493975904	111.3381	111.3381		111.3381	-1.45068575444893	observed	FALSE	SYNTHETIC_TEACHING_FIXTURE
SYN_TRAJ_024	43	SYN_PROS_SPK_03	SYN_ITEM_08	SYN_LONG	48.43	430	310.000000000002	0.863453815261044	108.9231	108.9231		108.9231	-1.83033480541864	observed	FALSE	SYNTHETIC_TEACHING_FIXTURE
SYN_TRAJ_024	44	SYN_PROS_SPK_03	SYN_ITEM_08	SYN_LONG	48.44	440	320	0.883534136546185	111.0348	111.0348		111.0348	-1.49791125833767	observed	FALSE	SYNTHETIC_TEACHING_FIXTURE
SYN_TRAJ_024	45	SYN_PROS_SPK_03	SYN_ITEM_08	SYN_LONG	48.45	450	330.000000000005	0.903614457831325	110.4013	110.4013		110.4013	-1.59696825601856	observed	FALSE	SYNTHETIC_TEACHING_FIXTURE
SYN_TRAJ_024	46	SYN_PROS_SPK_03	SYN_ITEM_08	SYN_LONG	48.46	460	340.000000000003	0.923694779116466	107.0514	107.0514		107.0514	-2.13041022128747	observed	FALSE	SYNTHETIC_TEACHING_FIXTURE
SYN_TRAJ_024	47	SYN_PROS_SPK_03	SYN_ITEM_08	SYN_LONG	48.47	470	350.000000000001	0.943775100401606	108.8405	108.8405		108.8405	-1.8434683079242	observed	FALSE	SYNTHETIC_TEACHING_FIXTURE
SYN_TRAJ_024	48	SYN_PROS_SPK_03	SYN_ITEM_08	SYN_LONG	48.48	480	359.999999999999	0.963855421686747	109.0813	109.0813		109.0813	-1.80520859010942	observed	FALSE	SYNTHETIC_TEACHING_FIXTURE
SYN_TRAJ_024	49	SYN_PROS_SPK_03	SYN_ITEM_08	SYN_LONG	48.49	490	370.000000000005	0.983935742971888	110.1777	110.1777		110.1777	-1.63206716080685	observed	FALSE	SYNTHETIC_TEACHING_FIXTURE
SYN_TRAJ_025	0	SYN_PROS_SPK_04	SYN_ITEM_01	SYN_SHORT	50	0	-119.999999999997	0			structural_unvoiced			missing	TRUE	SYNTHETIC_TEACHING_FIXTURE
SYN_TRAJ_025	1	SYN_PROS_SPK_04	SYN_ITEM_01	SYN_SHORT	50.01	10	-109.999999999999	0.0337837837837838			structural_unvoiced			missing	FALSE	SYNTHETIC_TEACHING_FIXTURE
SYN_TRAJ_025	2	SYN_PROS_SPK_04	SYN_ITEM_01	SYN_SHORT	50.02	20	-99.9999999999943	0.0675675675675676			structural_unvoiced			missing	FALSE	SYNTHETIC_TEACHING_FIXTURE
SYN_TRAJ_025	3	SYN_PROS_SPK_04	SYN_ITEM_01	SYN_SHORT	50.03	30	-89.9999999999963	0.101351351351351	111.0869	111.0869		111.0869	-1.27625976869327	observed	FALSE	SYNTHETIC_TEACHING_FIXTURE
SYN_TRAJ_025	4	SYN_PROS_SPK_04	SYN_ITEM_01	SYN_SHORT	50.04	40	-79.9999999999983	0.135135135135135	111.4686	111.4686		111.4686	-1.21687568836685	observed	FALSE	SYNTHETIC_TEACHING_FIXTURE
SYN_TRAJ_025	5	SYN_PROS_SPK_04	SYN_ITEM_01	SYN_SHORT	50.05	50	-70.0000000000003	0.168918918918919	107.6468	107.6468		107.6468	-1.82085891957622	observed	FALSE	SYNTHETIC_TEACHING_FIXTURE
SYN_TRAJ_025	6	SYN_PROS_SPK_04	SYN_ITEM_01	SYN_SHORT	50.06	60	-59.9999999999952	0.202702702702703	107.7176	107.7176		107.7176	-1.80947622354201	observed	FALSE	SYNTHETIC_TEACHING_FIXTURE
SYN_TRAJ_025	7	SYN_PROS_SPK_04	SYN_ITEM_01	SYN_SHORT	50.07	70	-49.9999999999972	0.236486486486486	112.8435	112.8435		112.8435	-1.00464429261115	observed	FALSE	SYNTHETIC_TEACHING_FIXTURE
SYN_TRAJ_025	8	SYN_PROS_SPK_04	SYN_ITEM_01	SYN_SHORT	50.08	80	-39.9999999999991	0.27027027027027	112.2736	112.2736		112.2736	-1.09229933012667	observed	FALSE	SYNTHETIC_TEACHING_FIXTURE
SYN_TRAJ_025	9	SYN_PROS_SPK_04	SYN_ITEM_01	SYN_SHORT	50.09	90	-29.999999999994	0.304054054054054	119.7279	119.7279		119.7279	0.0205884443808447	observed	FALSE	SYNTHETIC_TEACHING_FIXTURE
SYN_TRAJ_025	10	SYN_PROS_SPK_04	SYN_ITEM_01	SYN_SHORT	50.1	100	-19.999999999996	0.337837837837838	118.7741	118.7741		118.7741	-0.117880821194855	observed	FALSE	SYNTHETIC_TEACHING_FIXTURE
SYN_TRAJ_025	11	SYN_PROS_SPK_04	SYN_ITEM_01	SYN_SHORT	50.11	110	-9.99999999999801	0.371621621621622	114.9442	114.9442		114.9442	-0.685320073270034	observed	FALSE	SYNTHETIC_TEACHING_FIXTURE
SYN_TRAJ_025	12	SYN_PROS_SPK_04	SYN_ITEM_01	SYN_SHORT	50.12	120	0	0.405405405405405	119.4565	119.4565		119.4565	-0.0186998304871609	observed	FALSE	SYNTHETIC_TEACHING_FIXTURE
SYN_TRAJ_025	13	SYN_PROS_SPK_04	SYN_ITEM_01	SYN_SHORT	50.13	130	10.0000000000051	0.439189189189189	121.3732	121.3732		121.3732	0.25687468258957	observed	FALSE	SYNTHETIC_TEACHING_FIXTURE
SYN_TRAJ_025	14	SYN_PROS_SPK_04	SYN_ITEM_01	SYN_SHORT	50.14	140	20.0000000000031	0.472972972972973	124.7146	124.7146		124.7146	0.727040289418907	observed	FALSE	SYNTHETIC_TEACHING_FIXTURE
SYN_TRAJ_025	15	SYN_PROS_SPK_04	SYN_ITEM_01	SYN_SHORT	50.15	150	30.0000000000011	0.506756756756757	127.866	127.866		127.866	1.15906825293717	observed	FALSE	SYNTHETIC_TEACHING_FIXTURE
SYN_TRAJ_025	16	SYN_PROS_SPK_04	SYN_ITEM_01	SYN_SHORT	50.16	160	39.9999999999991	0.540540540540541	130.4015	130.4015		130.4015	1.49900145872076	observed	FALSE	SYNTHETIC_TEACHING_FIXTURE
SYN_TRAJ_025	17	SYN_PROS_SPK_04	SYN_ITEM_01	SYN_SHORT	50.17	170	50.0000000000043	0.574324324324324	128.4357	128.4357		128.4357	1.23603111834719	observed	FALSE	SYNTHETIC_TEACHING_FIXTURE
SYN_TRAJ_025	18	SYN_PROS_SPK_04	SYN_ITEM_01	SYN_SHORT	50.18	180	60.0000000000023	0.608108108108108	132.3456	132.3456		132.3456	1.75519865651794	observed	FALSE	SYNTHETIC_TEACHING_FIXTURE
SYN_TRAJ_025	19	SYN_PROS_SPK_04	SYN_ITEM_01	SYN_SHORT	50.19	190	70.0000000000003	0.641891891891892	126.9724	126.9724		126.9724	1.03765506819342	observed	FALSE	SYNTHETIC_TEACHING_FIXTURE
SYN_TRAJ_025	20	SYN_PROS_SPK_04	SYN_ITEM_01	SYN_SHORT	50.2	200	80.0000000000054	0.675675675675676	124.4817	124.4817		124.4817	0.694679895028986	observed	FALSE	SYNTHETIC_TEACHING_FIXTURE
SYN_TRAJ_025	21	SYN_PROS_SPK_04	SYN_ITEM_01	SYN_SHORT	50.21	210	90.0000000000034	0.709459459459459	121.6245	121.6245		121.6245	0.292682368969245	observed	FALSE	SYNTHETIC_TEACHING_FIXTURE
SYN_TRAJ_025	22	SYN_PROS_SPK_04	SYN_ITEM_01	SYN_SHORT	50.22	220	100.000000000001	0.743243243243243	117.3685	117.3685		117.3685	-0.323980975842282	observed	FALSE	SYNTHETIC_TEACHING_FIXTURE
SYN_TRAJ_025	23	SYN_PROS_SPK_04	SYN_ITEM_01	SYN_SHORT	50.23	230	109.999999999999	0.777027027027027	115.0462	115.0462		115.0462	-0.669964138015141	observed	FALSE	SYNTHETIC_TEACHING_FIXTURE
SYN_TRAJ_025	24	SYN_PROS_SPK_04	SYN_ITEM_01	SYN_SHORT	50.24	240	120.000000000005	0.810810810810811	114.5201	114.5201		114.5201	-0.749314097283036	observed	FALSE	SYNTHETIC_TEACHING_FIXTURE
SYN_TRAJ_025	25	SYN_PROS_SPK_04	SYN_ITEM_01	SYN_SHORT	50.25	250	130.000000000003	0.844594594594595	111.0189	111.0189		111.0189	-1.28686047511469	observed	FALSE	SYNTHETIC_TEACHING_FIXTURE
SYN_TRAJ_025	26	SYN_PROS_SPK_04	SYN_ITEM_01	SYN_SHORT	50.26	260	140.000000000001	0.878378378378378	111.9775	111.9775		111.9775	-1.13801760752517	observed	FALSE	SYNTHETIC_TEACHING_FIXTURE
SYN_TRAJ_025	27	SYN_PROS_SPK_04	SYN_ITEM_01	SYN_SHORT	50.27	270	150.000000000006	0.912162162162162	113.3284	113.3284		113.3284	-0.930410784680977	observed	FALSE	SYNTHETIC_TEACHING_FIXTURE
SYN_TRAJ_025	28	SYN_PROS_SPK_04	SYN_ITEM_01	SYN_SHORT	50.28	280	160.000000000004	0.945945945945946			structural_unvoiced			missing	FALSE	SYNTHETIC_TEACHING_FIXTURE
SYN_TRAJ_025	29	SYN_PROS_SPK_04	SYN_ITEM_01	SYN_SHORT	50.29	290	170.000000000002	0.97972972972973			structural_unvoiced			missing	FALSE	SYNTHETIC_TEACHING_FIXTURE
SYN_TRAJ_026	0	SYN_PROS_SPK_04	SYN_ITEM_02	SYN_LONG	52	0	-119.999999999997	0	114.5554	114.5554		114.5554	-0.743978514698622	observed	TRUE	SYNTHETIC_TEACHING_FIXTURE
SYN_TRAJ_026	1	SYN_PROS_SPK_04	SYN_ITEM_02	SYN_LONG	52.01	10	-109.999999999999	0.0212314225053079	113.8869	113.8869		113.8869	-0.845302417093658	observed	FALSE	SYNTHETIC_TEACHING_FIXTURE
SYN_TRAJ_026	2	SYN_PROS_SPK_04	SYN_ITEM_02	SYN_LONG	52.02	20	-99.9999999999943	0.0424628450106157	116.5974	116.5974		116.5974	-0.438096700293112	observed	FALSE	SYNTHETIC_TEACHING_FIXTURE
SYN_TRAJ_026	3	SYN_PROS_SPK_04	SYN_ITEM_02	SYN_LONG	52.03	30	-89.9999999999963	0.0636942675159236	118.7923	118.7923		118.7923	-0.115228218827295	observed	FALSE	SYNTHETIC_TEACHING_FIXTURE
SYN_TRAJ_026	4	SYN_PROS_SPK_04	SYN_ITEM_02	SYN_LONG	52.04	40	-79.9999999999983	0.0849256900212314	116.2819	116.2819		116.2819	-0.485005521871805	observed	FALSE	SYNTHETIC_TEACHING_FIXTURE
SYN_TRAJ_026	5	SYN_PROS_SPK_04	SYN_ITEM_02	SYN_LONG	52.05	50	-70.0000000000003	0.106157112526539	116.7007	116.7007		116.7007	-0.422765543377915	observed	FALSE	SYNTHETIC_TEACHING_FIXTURE
SYN_TRAJ_026	6	SYN_PROS_SPK_04	SYN_ITEM_02	SYN_LONG	52.06	60	-59.9999999999952	0.127388535031847	114.4748	114.4748		114.4748	-0.756163586371722	observed	FALSE	SYNTHETIC_TEACHING_FIXTURE
SYN_TRAJ_026	7	SYN_PROS_SPK_04	SYN_ITEM_02	SYN_LONG	52.07	70	-49.9999999999972	0.148619957537155	117.8776	117.8776		117.8776	-0.249049010524086	observed	FALSE	SYNTHETIC_TEACHING_FIXTURE
SYN_TRAJ_026	8	SYN_PROS_SPK_04	SYN_ITEM_02	SYN_LONG	52.08	80	-39.9999999999991	0.169851380042463	123.215	123.215		123.215	0.5176106577673	observed	FALSE	SYNTHETIC_TEACHING_FIXTURE
SYN_TRAJ_026	9	SYN_PROS_SPK_04	SYN_ITEM_02	SYN_LONG	52.09	90	-29.999999999994	0.191082802547771	120.8982	120.8982		120.8982	0.18898906117534	observed	FALSE	SYNTHETIC_TEACHING_FIXTURE
SYN_TRAJ_026	10	SYN_PROS_SPK_04	SYN_ITEM_02	SYN_LONG	52.1	100	-19.999999999996	0.212314225053079	125.0355	125.0355		125.0355	0.771529025325062	observed	FALSE	SYNTHETIC_TEACHING_FIXTURE
SYN_TRAJ_026	11	SYN_PROS_SPK_04	SYN_ITEM_02	SYN_LONG	52.11	110	-9.99999999999801	0.233545647558386	125.1874	125.1874		125.1874	0.792548243338844	observed	FALSE	SYNTHETIC_TEACHING_FIXTURE
SYN_TRAJ_026	12	SYN_PROS_SPK_04	SYN_ITEM_02	SYN_LONG	52.12	120	0	0.254777070063694	124.3726	124.3726		124.3726	0.679500117395717	observed	FALSE	SYNTHETIC_TEACHING_FIXTURE
SYN_TRAJ_026	13	SYN_PROS_SPK_04	SYN_ITEM_02	SYN_LONG	52.13	130	10.0000000000051	0.276008492569002	126.29	126.29		126.29	0.944360763624785	observed	FALSE	SYNTHETIC_TEACHING_FIXTURE
SYN_TRAJ_026	14	SYN_PROS_SPK_04	SYN_ITEM_02	SYN_LONG	52.14	140	20.0000000000031	0.29723991507431	127.0608	127.0608		127.0608	1.04970397330621	observed	FALSE	SYNTHETIC_TEACHING_FIXTURE
SYN_TRAJ_026	15	SYN_PROS_SPK_04	SYN_ITEM_02	SYN_LONG	52.15	150	30.0000000000011	0.318471337579618	127.6802	127.6802		127.6802	1.13389367839862	observed	FALSE	SYNTHETIC_TEACHING_FIXTURE
SYN_TRAJ_026	16	SYN_PROS_SPK_04	SYN_ITEM_02	SYN_LONG	52.16	160	39.9999999999991	0.339702760084926	129.0478	129.0478		129.0478	1.31834243985983	observed	FALSE	SYNTHETIC_TEACHING_FIXTURE
SYN_TRAJ_026	17	SYN_PROS_SPK_04	SYN_ITEM_02	SYN_LONG	52.17	170	50.0000000000043	0.360934182590234	131.6403	131.6403		131.6403	1.66269051270085	observed	FALSE	SYNTHETIC_TEACHING_FIXTURE
SYN_TRAJ_026	18	SYN_PROS_SPK_04	SYN_ITEM_02	SYN_LONG	52.18	180	60.0000000000023	0.382165605095541	132.3664	132.3664		132.3664	1.75791932413367	observed	FALSE	SYNTHETIC_TEACHING_FIXTURE
SYN_TRAJ_026	19	SYN_PROS_SPK_04	SYN_ITEM_02	SYN_LONG	52.19	190	70.0000000000003	0.403397027600849	136.7602	136.7602		136.7602	2.32325713244829	observed	FALSE	SYNTHETIC_TEACHING_FIXTURE
SYN_TRAJ_026	20	SYN_PROS_SPK_04	SYN_ITEM_02	SYN_LONG	52.2	200	80.0000000000054	0.424628450106157	135.8265	135.8265		135.8265	2.20465563402206	observed	FALSE	SYNTHETIC_TEACHING_FIXTURE
SYN_TRAJ_026	21	SYN_PROS_SPK_04	SYN_ITEM_02	SYN_LONG	52.21	210	90.0000000000034	0.445859872611465	133.3961	133.3961		133.3961	1.8920737379957	observed	FALSE	SYNTHETIC_TEACHING_FIXTURE
SYN_TRAJ_026	22	SYN_PROS_SPK_04	SYN_ITEM_02	SYN_LONG	52.22	220	100.000000000001	0.467091295116773	133.5223	133.5223		133.5223	1.90844441557149	observed	FALSE	SYNTHETIC_TEACHING_FIXTURE
SYN_TRAJ_026	23	SYN_PROS_SPK_04	SYN_ITEM_02	SYN_LONG	52.23	230	109.999999999999	0.488322717622081	131.5873	131.5873		131.5873	1.65571894848491	observed	FALSE	SYNTHETIC_TEACHING_FIXTURE
SYN_TRAJ_026	24	SYN_PROS_SPK_04	SYN_ITEM_02	SYN_LONG	52.24	240	120.000000000005	0.509554140127389	130.2785	130.2785		130.2785	1.48266404857514	observed	FALSE	SYNTHETIC_TEACHING_FIXTURE
SYN_TRAJ_026	25	SYN_PROS_SPK_04	SYN_ITEM_02	SYN_LONG	52.25	250	130.000000000003	0.530785562632696	129.1104	129.1104		129.1104	1.32673847404319	observed	FALSE	SYNTHETIC_TEACHING_FIXTURE
SYN_TRAJ_026	26	SYN_PROS_SPK_04	SYN_ITEM_02	SYN_LONG	52.26	260	140.000000000001	0.552016985138004	128.1656	128.1656		128.1656	1.19958496711161	observed	FALSE	SYNTHETIC_TEACHING_FIXTURE
SYN_TRAJ_026	27	SYN_PROS_SPK_04	SYN_ITEM_02	SYN_LONG	52.27	270	150.000000000006	0.573248407643312	121.5982	121.5982		121.5982	0.288938355300464	observed	FALSE	SYNTHETIC_TEACHING_FIXTURE
SYN_TRAJ_026	28	SYN_PROS_SPK_04	SYN_ITEM_02	SYN_LONG	52.28	280	160.000000000004	0.59447983014862	116.879	116.879		116.879	-0.396335242208536	observed	FALSE	SYNTHETIC_TEACHING_FIXTURE
SYN_TRAJ_026	29	SYN_PROS_SPK_04	SYN_ITEM_02	SYN_LONG	52.29	290	170.000000000002	0.615711252653928	113.8405	113.8405		113.8405	-0.85235727838732	observed	FALSE	SYNTHETIC_TEACHING_FIXTURE
SYN_TRAJ_026	30	SYN_PROS_SPK_04	SYN_ITEM_02	SYN_LONG	52.3	300	180	0.636942675159236	111.5476	111.5476		111.5476	-1.2046104362823	observed	FALSE	SYNTHETIC_TEACHING_FIXTURE
SYN_TRAJ_026	31	SYN_PROS_SPK_04	SYN_ITEM_02	SYN_LONG	52.31	310	190.000000000005	0.658174097664543	109.8981	109.8981		109.8981	-1.46252679055405	observed	FALSE	SYNTHETIC_TEACHING_FIXTURE
SYN_TRAJ_026	32	SYN_PROS_SPK_04	SYN_ITEM_02	SYN_LONG	52.32	320	200.000000000003	0.679405520169851	111.6099	111.6099		111.6099	-1.19494408995212	observed	FALSE	SYNTHETIC_TEACHING_FIXTURE
SYN_TRAJ_026	33	SYN_PROS_SPK_04	SYN_ITEM_02	SYN_LONG	52.33	330	210.000000000001	0.700636942675159	111.7503	111.7503		111.7503	-1.17317966706014	observed	FALSE	SYNTHETIC_TEACHING_FIXTURE
SYN_TRAJ_026	34	SYN_PROS_SPK_04	SYN_ITEM_02	SYN_LONG	52.34	340	220.000000000006	0.721868365180467	111.4519	111.4519		111.4519	-1.21946958248368	observed	FALSE	SYNTHETIC_TEACHING_FIXTURE
SYN_TRAJ_026	35	SYN_PROS_SPK_04	SYN_ITEM_02	SYN_LONG	52.35	350	230.000000000004	0.743099787685775	108.3999	108.3999		108.3999	-1.70016301048249	observed	FALSE	SYNTHETIC_TEACHING_FIXTURE
SYN_TRAJ_026	36	SYN_PROS_SPK_04	SYN_ITEM_02	SYN_LONG	52.36	360	240.000000000002	0.764331210191083	107.4749	107.4749		107.4749	-1.84852690438453	observed	FALSE	SYNTHETIC_TEACHING_FIXTURE
SYN_TRAJ_026	37	SYN_PROS_SPK_04	SYN_ITEM_02	SYN_LONG	52.37	370	250	0.785562632696391	104.505	104.505		104.505	-2.33366049047471	observed	FALSE	SYNTHETIC_TEACHING_FIXTURE
SYN_TRAJ_026	38	SYN_PROS_SPK_04	SYN_ITEM_02	SYN_LONG	52.38	380	260.000000000005	0.806794055201699	105.2104	105.2104		105.2104	-2.21719626288058	observed	FALSE	SYNTHETIC_TEACHING_FIXTURE
SYN_TRAJ_026	39	SYN_PROS_SPK_04	SYN_ITEM_02	SYN_LONG	52.39	390	270.000000000003	0.828025477707006	102.8584	102.8584		102.8584	-2.60860871203498	observed	FALSE	SYNTHETIC_TEACHING_FIXTURE
SYN_TRAJ_026	40	SYN_PROS_SPK_04	SYN_ITEM_02	SYN_LONG	52.4	400	280.000000000001	0.849256900212314	105.2928	105.2928		105.2928	-2.20364267386823	observed	FALSE	SYNTHETIC_TEACHING_FIXTURE
SYN_TRAJ_026	41	SYN_PROS_SPK_04	SYN_ITEM_02	SYN_LONG	52.41	410	289.999999999999	0.870488322717622	107.1591	107.1591		107.1591	-1.89947168547422	observed	FALSE	SYNTHETIC_TEACHING_FIXTURE
SYN_TRAJ_026	42	SYN_PROS_SPK_04	SYN_ITEM_02	SYN_LONG	52.42	420	300.000000000004	0.89171974522293	105.3503	105.3503		105.3503	-2.19419105069198	observed	FALSE	SYNTHETIC_TEACHING_FIXTURE
SYN_TRAJ_026	43	SYN_PROS_SPK_04	SYN_ITEM_02	SYN_LONG	52.43	430	310.000000000002	0.912951167728238	102.5787	102.5787		102.5787	-2.65574980414729	observed	FALSE	SYNTHETIC_TEACHING_FIXTURE
SYN_TRAJ_026	44	SYN_PROS_SPK_04	SYN_ITEM_02	SYN_LONG	52.44	440	320	0.934182590233546	102.773	102.773		102.773	-2.62298855833185	observed	FALSE	SYNTHETIC_TEACHING_FIXTURE
SYN_TRAJ_026	45	SYN_PROS_SPK_04	SYN_ITEM_02	SYN_LONG	52.45	450	330.000000000005	0.955414012738854	103.3728	103.3728		103.3728	-2.52224460789514	observed	FALSE	SYNTHETIC_TEACHING_FIXTURE
SYN_TRAJ_026	46	SYN_PROS_SPK_04	SYN_ITEM_02	SYN_LONG	52.46	460	340.000000000003	0.976645435244161	102.168	102.168		102.168	-2.7252033071901	observed	FALSE	SYNTHETIC_TEACHING_FIXTURE
SYN_TRAJ_026	47	SYN_PROS_SPK_04	SYN_ITEM_02	SYN_LONG	52.47	470	350.000000000001	0.997876857749469	100.3859	100.3859		100.3859	-3.02984437400947	observed	FALSE	SYNTHETIC_TEACHING_FIXTURE
SYN_TRAJ_027	0	SYN_PROS_SPK_04	SYN_ITEM_03	SYN_SHORT	54	0	-119.999999999997	0	111.9246	111.9246		111.9246	-1.14619817241489	observed	TRUE	SYNTHETIC_TEACHING_FIXTURE
SYN_TRAJ_027	1	SYN_PROS_SPK_04	SYN_ITEM_03	SYN_SHORT	54.01	10	-109.999999999999	0.0294117647058824	109.2205	109.2205		109.2205	-1.56960012262354	observed	FALSE	SYNTHETIC_TEACHING_FIXTURE
SYN_TRAJ_027	2	SYN_PROS_SPK_04	SYN_ITEM_03	SYN_SHORT	54.02	20	-99.9999999999943	0.0588235294117647	108.4811	108.4811		108.4811	-1.6871995686547	observed	FALSE	SYNTHETIC_TEACHING_FIXTURE
SYN_TRAJ_027	3	SYN_PROS_SPK_04	SYN_ITEM_03	SYN_SHORT	54.03	30	-89.9999999999963	0.0882352941176471	107.6141	107.6141		107.6141	-1.82611870933274	observed	FALSE	SYNTHETIC_TEACHING_FIXTURE
SYN_TRAJ_027	4	SYN_PROS_SPK_04	SYN_ITEM_03	SYN_SHORT	54.04	40	-79.9999999999983	0.117647058823529	110.8331	110.8331		110.8331	-1.31585848834165	observed	FALSE	SYNTHETIC_TEACHING_FIXTURE
SYN_TRAJ_027	5	SYN_PROS_SPK_04	SYN_ITEM_03	SYN_SHORT	54.05	50	-70.0000000000003	0.147058823529412	111.3316		quality_rejection			missing	FALSE	SYNTHETIC_TEACHING_FIXTURE
SYN_TRAJ_027	6	SYN_PROS_SPK_04	SYN_ITEM_03	SYN_SHORT	54.06	60	-59.9999999999952	0.176470588235294	109.5833	109.5833		109.5833	-1.5121886618893	observed	FALSE	SYNTHETIC_TEACHING_FIXTURE
SYN_TRAJ_027	7	SYN_PROS_SPK_04	SYN_ITEM_03	SYN_SHORT	54.07	70	-49.9999999999972	0.205882352941176	113.9009	113.9009		113.9009	-0.843174359601778	observed	FALSE	SYNTHETIC_TEACHING_FIXTURE
SYN_TRAJ_027	8	SYN_PROS_SPK_04	SYN_ITEM_03	SYN_SHORT	54.08	80	-39.9999999999991	0.235294117647059	115.6394	115.6394		115.6394	-0.580927778441652	observed	FALSE	SYNTHETIC_TEACHING_FIXTURE
SYN_TRAJ_027	9	SYN_PROS_SPK_04	SYN_ITEM_03	SYN_SHORT	54.09	90	-29.999999999994	0.264705882352941	118.4089	118.4089		118.4089	-0.171193847369817	observed	FALSE	SYNTHETIC_TEACHING_FIXTURE
SYN_TRAJ_027	10	SYN_PROS_SPK_04	SYN_ITEM_03	SYN_SHORT	54.1	100	-19.999999999996	0.294117647058824	118.777	118.777		118.777	-0.117458126562623	observed	FALSE	SYNTHETIC_TEACHING_FIXTURE
SYN_TRAJ_027	11	SYN_PROS_SPK_04	SYN_ITEM_03	SYN_SHORT	54.11	110	-9.99999999999801	0.323529411764706	119.6511	119.6511		119.6511	0.009479802475728	observed	FALSE	SYNTHETIC_TEACHING_FIXTURE
SYN_TRAJ_027	12	SYN_PROS_SPK_04	SYN_ITEM_03	SYN_SHORT	54.12	120	0	0.352941176470588	121.4533	121.4533		121.4533	0.26829615861133	observed	FALSE	SYNTHETIC_TEACHING_FIXTURE
SYN_TRAJ_027	13	SYN_PROS_SPK_04	SYN_ITEM_03	SYN_SHORT	54.13	130	10.0000000000051	0.382352941176471	120.6714	120.6714		120.6714	0.156481328605122	observed	FALSE	SYNTHETIC_TEACHING_FIXTURE
SYN_TRAJ_027	14	SYN_PROS_SPK_04	SYN_ITEM_03	SYN_SHORT	54.14	140	20.0000000000031	0.411764705882353	122.71	122.71		122.71	0.446509759229584	observed	FALSE	SYNTHETIC_TEACHING_FIXTURE
SYN_TRAJ_027	15	SYN_PROS_SPK_04	SYN_ITEM_03	SYN_SHORT	54.15	150	30.0000000000011	0.441176470588235	125.9235	125.9235		125.9235	0.894046428699439	observed	FALSE	SYNTHETIC_TEACHING_FIXTURE
SYN_TRAJ_027	16	SYN_PROS_SPK_04	SYN_ITEM_03	SYN_SHORT	54.16	160	39.9999999999991	0.470588235294118	127.2477	127.2477		127.2477	1.07515083819879	observed	FALSE	SYNTHETIC_TEACHING_FIXTURE
SYN_TRAJ_027	17	SYN_PROS_SPK_04	SYN_ITEM_03	SYN_SHORT	54.17	170	50.0000000000043	0.5	131.9915	131.9915		131.9915	1.70881618932266	observed	FALSE	SYNTHETIC_TEACHING_FIXTURE
SYN_TRAJ_027	18	SYN_PROS_SPK_04	SYN_ITEM_03	SYN_SHORT	54.18	180	60.0000000000023	0.529411764705882	136.1617	136.1617		136.1617	2.24732733426815	observed	FALSE	SYNTHETIC_TEACHING_FIXTURE
SYN_TRAJ_027	19	SYN_PROS_SPK_04	SYN_ITEM_03	SYN_SHORT	54.19	190	70.0000000000003	0.558823529411765	134.9642	134.9642		134.9642	2.09439718227446	observed	FALSE	SYNTHETIC_TEACHING_FIXTURE
SYN_TRAJ_027	20	SYN_PROS_SPK_04	SYN_ITEM_03	SYN_SHORT	54.2	200	80.0000000000054	0.588235294117647	139.3225	139.3225		139.3225	2.64461507152419	observed	FALSE	SYNTHETIC_TEACHING_FIXTURE
SYN_TRAJ_027	21	SYN_PROS_SPK_04	SYN_ITEM_03	SYN_SHORT	54.21	210	90.0000000000034	0.61764705882353	139.9609	139.9609		139.9609	2.72376204136885	observed	FALSE	SYNTHETIC_TEACHING_FIXTURE
SYN_TRAJ_027	22	SYN_PROS_SPK_04	SYN_ITEM_03	SYN_SHORT	54.22	220	100.000000000001	0.647058823529412	131.9163	131.9163		131.9163	1.69894995543238	observed	FALSE	SYNTHETIC_TEACHING_FIXTURE
SYN_TRAJ_027	23	SYN_PROS_SPK_04	SYN_ITEM_03	SYN_SHORT	54.23	230	109.999999999999	0.676470588235294	128.2164	128.2164		128.2164	1.20644556503529	observed	FALSE	SYNTHETIC_TEACHING_FIXTURE
SYN_TRAJ_027	24	SYN_PROS_SPK_04	SYN_ITEM_03	SYN_SHORT	54.24	240	120.000000000005	0.705882352941177	123.5986	123.5986		123.5986	0.571424703342573	observed	FALSE	SYNTHETIC_TEACHING_FIXTURE
SYN_TRAJ_027	25	SYN_PROS_SPK_04	SYN_ITEM_03	SYN_SHORT	54.25	250	130.000000000003	0.735294117647059	119.5367	119.5367		119.5367	-0.00708067346119395	observed	FALSE	SYNTHETIC_TEACHING_FIXTURE
SYN_TRAJ_027	26	SYN_PROS_SPK_04	SYN_ITEM_03	SYN_SHORT	54.26	260	140.000000000001	0.764705882352941	116.2398	116.2398		116.2398	-0.491274610241804	observed	FALSE	SYNTHETIC_TEACHING_FIXTURE
SYN_TRAJ_027	27	SYN_PROS_SPK_04	SYN_ITEM_03	SYN_SHORT	54.27	270	150.000000000006	0.794117647058823	115.7445	115.7445		115.7445	-0.565200434311801	observed	FALSE	SYNTHETIC_TEACHING_FIXTURE
SYN_TRAJ_027	28	SYN_PROS_SPK_04	SYN_ITEM_03	SYN_SHORT	54.28	280	160.000000000004	0.823529411764706	114.38	114.38		114.38	-0.770506392136671	observed	FALSE	SYNTHETIC_TEACHING_FIXTURE
SYN_TRAJ_027	29	SYN_PROS_SPK_04	SYN_ITEM_03	SYN_SHORT	54.29	290	170.000000000002	0.852941176470588	110.2241	110.2241		110.2241	-1.4112477543982	observed	FALSE	SYNTHETIC_TEACHING_FIXTURE
SYN_TRAJ_027	30	SYN_PROS_SPK_04	SYN_ITEM_03	SYN_SHORT	54.3	300	180	0.88235294117647	104.47	104.47		104.47	-2.33945957575131	observed	FALSE	SYNTHETIC_TEACHING_FIXTURE
SYN_TRAJ_027	31	SYN_PROS_SPK_04	SYN_ITEM_03	SYN_SHORT	54.31	310	190.000000000005	0.911764705882353	100.9403	100.9403		100.9403	-2.93449676571157	observed	FALSE	SYNTHETIC_TEACHING_FIXTURE
SYN_TRAJ_027	32	SYN_PROS_SPK_04	SYN_ITEM_03	SYN_SHORT	54.32	320	200.000000000003	0.941176470588235	101.674	101.674		101.674	-2.80911450257914	observed	FALSE	SYNTHETIC_TEACHING_FIXTURE
SYN_TRAJ_027	33	SYN_PROS_SPK_04	SYN_ITEM_03	SYN_SHORT	54.33	330	210.000000000001	0.970588235294118	103.3032	103.3032		103.3032	-2.53390478076184	observed	FALSE	SYNTHETIC_TEACHING_FIXTURE
SYN_TRAJ_027	34	SYN_PROS_SPK_04	SYN_ITEM_03	SYN_SHORT	54.34	340	220.000000000006	1	106.6009	106.6009		106.6009	-1.98988869920914	observed	FALSE	SYNTHETIC_TEACHING_FIXTURE
SYN_TRAJ_028	0	SYN_PROS_SPK_04	SYN_ITEM_04	SYN_LONG	56	0	-119.999999999997	0	115.355	115.355		115.355	-0.623557661446402	observed	TRUE	SYNTHETIC_TEACHING_FIXTURE
SYN_TRAJ_028	1	SYN_PROS_SPK_04	SYN_ITEM_04	SYN_LONG	56.01	10	-109.999999999999	0.0194931773879142	117.1115	117.1115		117.1115	-0.36193110623935	observed	FALSE	SYNTHETIC_TEACHING_FIXTURE
SYN_TRAJ_028	2	SYN_PROS_SPK_04	SYN_ITEM_04	SYN_LONG	56.02	20	-99.9999999999943	0.0389863547758285	117.5072	117.5072		117.5072	-0.30353422971083	observed	FALSE	SYNTHETIC_TEACHING_FIXTURE
SYN_TRAJ_028	3	SYN_PROS_SPK_04	SYN_ITEM_04	SYN_LONG	56.03	30	-89.9999999999963	0.0584795321637427	114.3413	114.3413		114.3413	-0.776364942113277	observed	FALSE	SYNTHETIC_TEACHING_FIXTURE
SYN_TRAJ_028	4	SYN_PROS_SPK_04	SYN_ITEM_04	SYN_LONG	56.04	40	-79.9999999999983	0.0779727095516569	114.6821	114.6821		114.6821	-0.724841386056743	observed	FALSE	SYNTHETIC_TEACHING_FIXTURE
SYN_TRAJ_028	5	SYN_PROS_SPK_04	SYN_ITEM_04	SYN_LONG	56.05	50	-70.0000000000003	0.0974658869395711	119.9152	119.9152		119.9152	0.0476503713394494	observed	FALSE	SYNTHETIC_TEACHING_FIXTURE
SYN_TRAJ_028	6	SYN_PROS_SPK_04	SYN_ITEM_04	SYN_LONG	56.06	60	-59.9999999999952	0.116959064327485	124.8051	124.8051		124.8051	0.739598551416718	observed	FALSE	SYNTHETIC_TEACHING_FIXTURE
SYN_TRAJ_028	7	SYN_PROS_SPK_04	SYN_ITEM_04	SYN_LONG	56.07	70	-49.9999999999972	0.1364522417154	119.5856	119.5856		119.5856	0	observed	FALSE	SYNTHETIC_TEACHING_FIXTURE
SYN_TRAJ_028	8	SYN_PROS_SPK_04	SYN_ITEM_04	SYN_LONG	56.08	80	-39.9999999999991	0.155945419103314	116.4932	116.4932		116.4932	-0.453575196631404	observed	FALSE	SYNTHETIC_TEACHING_FIXTURE
SYN_TRAJ_028	9	SYN_PROS_SPK_04	SYN_ITEM_04	SYN_LONG	56.09	90	-29.999999999994	0.175438596491228	119.1987	119.1987		119.1987	-0.0561021004939525	observed	FALSE	SYNTHETIC_TEACHING_FIXTURE
SYN_TRAJ_028	10	SYN_PROS_SPK_04	SYN_ITEM_04	SYN_LONG	56.1	100	-19.999999999996	0.194931773879142	122.1963		estimator_failure	120.963	0.198265784276341	interpolated_estimator_failure	FALSE	SYNTHETIC_TEACHING_FIXTURE
SYN_TRAJ_028	11	SYN_PROS_SPK_04	SYN_ITEM_04	SYN_LONG	56.11	110	-9.99999999999801	0.214424951267057	122.7273	122.7273		122.7273	0.448950329517678	observed	FALSE	SYNTHETIC_TEACHING_FIXTURE
SYN_TRAJ_028	12	SYN_PROS_SPK_04	SYN_ITEM_04	SYN_LONG	56.12	120	0	0.233918128654971	126.2171	126.2171		126.2171	0.934364453367887	observed	FALSE	SYNTHETIC_TEACHING_FIXTURE
SYN_TRAJ_028	13	SYN_PROS_SPK_04	SYN_ITEM_04	SYN_LONG	56.13	130	10.0000000000051	0.253411306042885	124.4058	124.4058		124.4058	0.684120853823817	observed	FALSE	SYNTHETIC_TEACHING_FIXTURE
SYN_TRAJ_028	14	SYN_PROS_SPK_04	SYN_ITEM_04	SYN_LONG	56.14	140	20.0000000000031	0.272904483430799	126.8846	126.8846		126.8846	1.02567963670491	observed	FALSE	SYNTHETIC_TEACHING_FIXTURE
SYN_TRAJ_028	15	SYN_PROS_SPK_04	SYN_ITEM_04	SYN_LONG	56.15	150	30.0000000000011	0.292397660818713	127.8924	127.8924		127.8924	1.16264229617936	observed	FALSE	SYNTHETIC_TEACHING_FIXTURE
SYN_TRAJ_028	16	SYN_PROS_SPK_04	SYN_ITEM_04	SYN_LONG	56.16	160	39.9999999999991	0.311890838206628	130.3019	130.3019		130.3019	1.48577332900122	observed	FALSE	SYNTHETIC_TEACHING_FIXTURE
SYN_TRAJ_028	17	SYN_PROS_SPK_04	SYN_ITEM_04	SYN_LONG	56.17	170	50.0000000000043	0.331384015594542	134.0595	134.0595		134.0595	1.97795737801079	observed	FALSE	SYNTHETIC_TEACHING_FIXTURE
SYN_TRAJ_028	18	SYN_PROS_SPK_04	SYN_ITEM_04	SYN_LONG	56.18	180	60.0000000000023	0.350877192982456	134.7326	134.7326		134.7326	2.06466350324502	observed	FALSE	SYNTHETIC_TEACHING_FIXTURE
SYN_TRAJ_028	19	SYN_PROS_SPK_04	SYN_ITEM_04	SYN_LONG	56.19	190	70.0000000000003	0.37037037037037	132.9336	132.9336		132.9336	1.83194551702946	observed	FALSE	SYNTHETIC_TEACHING_FIXTURE
SYN_TRAJ_028	20	SYN_PROS_SPK_04	SYN_ITEM_04	SYN_LONG	56.2	200	80.0000000000054	0.389863547758285	134.0902	134.0902		134.0902	1.98192149846579	observed	FALSE	SYNTHETIC_TEACHING_FIXTURE
SYN_TRAJ_028	21	SYN_PROS_SPK_04	SYN_ITEM_04	SYN_LONG	56.21	210	90.0000000000034	0.409356725146199	135.6789	135.6789		135.6789	2.18583242307926	observed	FALSE	SYNTHETIC_TEACHING_FIXTURE
SYN_TRAJ_028	22	SYN_PROS_SPK_04	SYN_ITEM_04	SYN_LONG	56.22	220	100.000000000001	0.428849902534113	133.63	133.63		133.63	1.92240303896238	observed	FALSE	SYNTHETIC_TEACHING_FIXTURE
SYN_TRAJ_028	23	SYN_PROS_SPK_04	SYN_ITEM_04	SYN_LONG	56.23	230	109.999999999999	0.448343079922027	130.2605	130.2605		130.2605	1.48027191435088	observed	FALSE	SYNTHETIC_TEACHING_FIXTURE
SYN_TRAJ_028	24	SYN_PROS_SPK_04	SYN_ITEM_04	SYN_LONG	56.24	240	120.000000000005	0.467836257309941	133.9322	133.9322		133.9322	1.96151014393435	observed	FALSE	SYNTHETIC_TEACHING_FIXTURE
SYN_TRAJ_028	25	SYN_PROS_SPK_04	SYN_ITEM_04	SYN_LONG	56.25	250	130.000000000003	0.487329434697856	132.69	132.69		132.69	1.80019165686159	observed	FALSE	SYNTHETIC_TEACHING_FIXTURE
SYN_TRAJ_028	26	SYN_PROS_SPK_04	SYN_ITEM_04	SYN_LONG	56.26	260	140.000000000001	0.50682261208577	124.3443	124.3443		124.3443	0.675560383199929	observed	FALSE	SYNTHETIC_TEACHING_FIXTURE
SYN_TRAJ_028	27	SYN_PROS_SPK_04	SYN_ITEM_04	SYN_LONG	56.27	270	150.000000000006	0.526315789473684	123.5663	123.5663		123.5663	0.566899881241765	observed	FALSE	SYNTHETIC_TEACHING_FIXTURE
SYN_TRAJ_028	28	SYN_PROS_SPK_04	SYN_ITEM_04	SYN_LONG	56.28	280	160.000000000004	0.545808966861598	121.7652	121.7652		121.7652	0.312698389190116	observed	FALSE	SYNTHETIC_TEACHING_FIXTURE
SYN_TRAJ_028	29	SYN_PROS_SPK_04	SYN_ITEM_04	SYN_LONG	56.29	290	170.000000000002	0.565302144249513	122.9379	122.9379		122.9379	0.478632838887996	observed	FALSE	SYNTHETIC_TEACHING_FIXTURE
SYN_TRAJ_028	30	SYN_PROS_SPK_04	SYN_ITEM_04	SYN_LONG	56.3	300	180	0.584795321637427	121.5093	121.5093		121.5093	0.27627673738885	observed	FALSE	SYNTHETIC_TEACHING_FIXTURE
SYN_TRAJ_028	31	SYN_PROS_SPK_04	SYN_ITEM_04	SYN_LONG	56.31	310	190.000000000005	0.604288499025341	121.6991	121.6991		121.6991	0.303297867351391	observed	FALSE	SYNTHETIC_TEACHING_FIXTURE
SYN_TRAJ_028	32	SYN_PROS_SPK_04	SYN_ITEM_04	SYN_LONG	56.32	320	200.000000000003	0.623781676413255	120.83	120.83		120.83	0.179220224500169	observed	FALSE	SYNTHETIC_TEACHING_FIXTURE
SYN_TRAJ_028	33	SYN_PROS_SPK_04	SYN_ITEM_04	SYN_LONG	56.33	330	210.000000000001	0.64327485380117	117.0742	117.0742		117.0742	-0.367445963088103	observed	FALSE	SYNTHETIC_TEACHING_FIXTURE
SYN_TRAJ_028	34	SYN_PROS_SPK_04	SYN_ITEM_04	SYN_LONG	56.34	340	220.000000000006	0.662768031189084	115.6412	115.6412		115.6412	-0.580658303069451	observed	FALSE	SYNTHETIC_TEACHING_FIXTURE
SYN_TRAJ_028	35	SYN_PROS_SPK_04	SYN_ITEM_04	SYN_LONG	56.35	350	230.000000000004	0.682261208576998	114.0436	114.0436		114.0436	-0.821498282216668	observed	FALSE	SYNTHETIC_TEACHING_FIXTURE
SYN_TRAJ_028	36	SYN_PROS_SPK_04	SYN_ITEM_04	SYN_LONG	56.36	360	240.000000000002	0.701754385964912	112.6045	112.6045		112.6045	-1.04135032617352	observed	FALSE	SYNTHETIC_TEACHING_FIXTURE
SYN_TRAJ_028	37	SYN_PROS_SPK_04	SYN_ITEM_04	SYN_LONG	56.37	370	250	0.721247563352826	113.8921	113.8921		113.8921	-0.844511965203297	observed	FALSE	SYNTHETIC_TEACHING_FIXTURE
SYN_TRAJ_028	38	SYN_PROS_SPK_04	SYN_ITEM_04	SYN_LONG	56.38	380	260.000000000005	0.740740740740741	112.5255	112.5255		112.5255	-1.05350041683136	observed	FALSE	SYNTHETIC_TEACHING_FIXTURE
SYN_TRAJ_028	39	SYN_PROS_SPK_04	SYN_ITEM_04	SYN_LONG	56.39	390	270.000000000003	0.760233918128655	113.6811	113.6811		113.6811	-0.876615085344628	observed	FALSE	SYNTHETIC_TEACHING_FIXTURE
SYN_TRAJ_028	40	SYN_PROS_SPK_04	SYN_ITEM_04	SYN_LONG	56.4	400	280.000000000001	0.779727095516569	108.5141	108.5141		108.5141	-1.68193394765851	observed	FALSE	SYNTHETIC_TEACHING_FIXTURE
SYN_TRAJ_028	41	SYN_PROS_SPK_04	SYN_ITEM_04	SYN_LONG	56.41	410	289.999999999999	0.799220272904483	110.9776	110.9776		110.9776	-1.2933020151436	observed	FALSE	SYNTHETIC_TEACHING_FIXTURE
SYN_TRAJ_028	42	SYN_PROS_SPK_04	SYN_ITEM_04	SYN_LONG	56.42	420	300.000000000004	0.818713450292398	112.4799	112.4799		112.4799	-1.06051751719591	observed	FALSE	SYNTHETIC_TEACHING_FIXTURE
SYN_TRAJ_028	43	SYN_PROS_SPK_04	SYN_ITEM_04	SYN_LONG	56.43	430	310.000000000002	0.838206627680312	111.8269	111.8269		111.8269	-1.16131687126993	observed	FALSE	SYNTHETIC_TEACHING_FIXTURE
SYN_TRAJ_028	44	SYN_PROS_SPK_04	SYN_ITEM_04	SYN_LONG	56.44	440	320	0.857699805068226	109.9381	109.9381		109.9381	-1.45622670324114	observed	FALSE	SYNTHETIC_TEACHING_FIXTURE
SYN_TRAJ_028	45	SYN_PROS_SPK_04	SYN_ITEM_04	SYN_LONG	56.45	450	330.000000000005	0.87719298245614	107.024	107.024		107.024	-1.92131185410079	observed	FALSE	SYNTHETIC_TEACHING_FIXTURE
SYN_TRAJ_028	46	SYN_PROS_SPK_04	SYN_ITEM_04	SYN_LONG	56.46	460	340.000000000003	0.896686159844055	102.3972	102.3972		102.3972	-2.68640892671023	observed	FALSE	SYNTHETIC_TEACHING_FIXTURE
SYN_TRAJ_028	47	SYN_PROS_SPK_04	SYN_ITEM_04	SYN_LONG	56.47	470	350.000000000001	0.916179337231969	103.909	103.909		103.909	-2.43267670876451	observed	FALSE	SYNTHETIC_TEACHING_FIXTURE
SYN_TRAJ_028	48	SYN_PROS_SPK_04	SYN_ITEM_04	SYN_LONG	56.48	480	359.999999999999	0.935672514619883	104.0506	104.0506		104.0506	-2.40910070849976	observed	FALSE	SYNTHETIC_TEACHING_FIXTURE
SYN_TRAJ_028	49	SYN_PROS_SPK_04	SYN_ITEM_04	SYN_LONG	56.49	490	370.000000000005	0.955165692007797	106.0462	106.0462		106.0462	-2.08020901913712	observed	FALSE	SYNTHETIC_TEACHING_FIXTURE
SYN_TRAJ_028	50	SYN_PROS_SPK_04	SYN_ITEM_04	SYN_LONG	56.5	500	380.000000000003	0.974658869395711	107.7633	107.7633		107.7633	-1.80213289081706	observed	FALSE	SYNTHETIC_TEACHING_FIXTURE
SYN_TRAJ_028	51	SYN_PROS_SPK_04	SYN_ITEM_04	SYN_LONG	56.51	510	390.000000000001	0.994152046783626	109.7725	109.7725		109.7725	-1.48232397964152	observed	FALSE	SYNTHETIC_TEACHING_FIXTURE
SYN_TRAJ_029	0	SYN_PROS_SPK_04	SYN_ITEM_05	SYN_SHORT	58	0	-119.999999999997	0	113.0758	113.0758		113.0758	-0.969041684836364	observed	TRUE	SYNTHETIC_TEACHING_FIXTURE
SYN_TRAJ_029	1	SYN_PROS_SPK_04	SYN_ITEM_05	SYN_SHORT	58.01	10	-109.999999999999	0.0337837837837838	113.3778	113.3778		113.3778	-0.922865956760303	observed	FALSE	SYNTHETIC_TEACHING_FIXTURE
SYN_TRAJ_029	2	SYN_PROS_SPK_04	SYN_ITEM_05	SYN_SHORT	58.02	20	-99.9999999999943	0.0675675675675676	108.9862	108.9862		108.9862	-1.60677847632078	observed	FALSE	SYNTHETIC_TEACHING_FIXTURE
SYN_TRAJ_029	3	SYN_PROS_SPK_04	SYN_ITEM_05	SYN_SHORT	58.03	30	-89.9999999999963	0.101351351351351	112.6019	112.6019		112.6019	-1.04175006690271	observed	FALSE	SYNTHETIC_TEACHING_FIXTURE
SYN_TRAJ_029	4	SYN_PROS_SPK_04	SYN_ITEM_05	SYN_SHORT	58.04	40	-79.9999999999983	0.135135135135135	116.0749	116.0749		116.0749	-0.515851663922532	observed	FALSE	SYNTHETIC_TEACHING_FIXTURE
SYN_TRAJ_029	5	SYN_PROS_SPK_04	SYN_ITEM_05	SYN_SHORT	58.05	50	-70.0000000000003	0.168918918918919	117.2388	117.2388		117.2388	-0.343122842189962	observed	FALSE	SYNTHETIC_TEACHING_FIXTURE
SYN_TRAJ_029	6	SYN_PROS_SPK_04	SYN_ITEM_05	SYN_SHORT	58.06	60	-59.9999999999952	0.202702702702703	115.8894	115.8894		115.8894	-0.543540750955311	observed	FALSE	SYNTHETIC_TEACHING_FIXTURE
SYN_TRAJ_029	7	SYN_PROS_SPK_04	SYN_ITEM_05	SYN_SHORT	58.07	70	-49.9999999999972	0.236486486486486	114.0648	114.0648		114.0648	-0.818280324268087	observed	FALSE	SYNTHETIC_TEACHING_FIXTURE
SYN_TRAJ_029	8	SYN_PROS_SPK_04	SYN_ITEM_05	SYN_SHORT	58.08	80	-39.9999999999991	0.27027027027027	114.413	114.413		114.413	-0.765512294938295	observed	FALSE	SYNTHETIC_TEACHING_FIXTURE
SYN_TRAJ_029	9	SYN_PROS_SPK_04	SYN_ITEM_05	SYN_SHORT	58.09	90	-29.999999999994	0.304054054054054	120.0648	120.0648		120.0648	0.0692348906568403	observed	FALSE	SYNTHETIC_TEACHING_FIXTURE
SYN_TRAJ_029	10	SYN_PROS_SPK_04	SYN_ITEM_05	SYN_SHORT	58.1	100	-19.999999999996	0.337837837837838	121.6096	121.6096		121.6096	0.290561335169841	observed	FALSE	SYNTHETIC_TEACHING_FIXTURE
SYN_TRAJ_029	11	SYN_PROS_SPK_04	SYN_ITEM_05	SYN_SHORT	58.11	110	-9.99999999999801	0.371621621621622	124.7826	124.7826		124.7826	0.736477182358104	observed	FALSE	SYNTHETIC_TEACHING_FIXTURE
SYN_TRAJ_029	12	SYN_PROS_SPK_04	SYN_ITEM_05	SYN_SHORT	58.12	120	0	0.405405405405405	124.7329	124.7329		124.7329	0.729580429781487	observed	FALSE	SYNTHETIC_TEACHING_FIXTURE
SYN_TRAJ_029	13	SYN_PROS_SPK_04	SYN_ITEM_05	SYN_SHORT	58.13	130	10.0000000000051	0.439189189189189	130.0306	130.0306		130.0306	1.44968993814203	observed	FALSE	SYNTHETIC_TEACHING_FIXTURE
SYN_TRAJ_029	14	SYN_PROS_SPK_04	SYN_ITEM_05	SYN_SHORT	58.14	140	20.0000000000031	0.472972972972973	133.3009	133.3009		133.3009	1.87971413226551	observed	FALSE	SYNTHETIC_TEACHING_FIXTURE
SYN_TRAJ_029	15	SYN_PROS_SPK_04	SYN_ITEM_05	SYN_SHORT	58.15	150	30.0000000000011	0.506756756756757	133.7913	133.7913		133.7913	1.94328754486966	observed	FALSE	SYNTHETIC_TEACHING_FIXTURE
SYN_TRAJ_029	16	SYN_PROS_SPK_04	SYN_ITEM_05	SYN_SHORT	58.16	160	39.9999999999991	0.540540540540541	134.9699	134.9699		134.9699	2.09512832621523	observed	FALSE	SYNTHETIC_TEACHING_FIXTURE
SYN_TRAJ_029	17	SYN_PROS_SPK_04	SYN_ITEM_05	SYN_SHORT	58.17	170	50.0000000000043	0.574324324324324	133.329	133.329		133.329	1.88336321115418	observed	FALSE	SYNTHETIC_TEACHING_FIXTURE
SYN_TRAJ_029	18	SYN_PROS_SPK_04	SYN_ITEM_05	SYN_SHORT	58.18	180	60.0000000000023	0.608108108108108	133.2892	133.2892		133.2892	1.87819453807299	observed	FALSE	SYNTHETIC_TEACHING_FIXTURE
SYN_TRAJ_029	19	SYN_PROS_SPK_04	SYN_ITEM_05	SYN_SHORT	58.19	190	70.0000000000003	0.641891891891892	133.4047	133.4047		133.4047	1.8931898225672	observed	FALSE	SYNTHETIC_TEACHING_FIXTURE
SYN_TRAJ_029	20	SYN_PROS_SPK_04	SYN_ITEM_05	SYN_SHORT	58.2	200	80.0000000000054	0.675675675675676	133.6772	133.6772		133.6772	1.92851692201268	observed	FALSE	SYNTHETIC_TEACHING_FIXTURE
SYN_TRAJ_029	21	SYN_PROS_SPK_04	SYN_ITEM_05	SYN_SHORT	58.21	210	90.0000000000034	0.709459459459459	125.6176	125.6176		125.6176	0.851939213880181	observed	FALSE	SYNTHETIC_TEACHING_FIXTURE
SYN_TRAJ_029	22	SYN_PROS_SPK_04	SYN_ITEM_05	SYN_SHORT	58.22	220	100.000000000001	0.743243243243243	120.836	120.836		120.836	0.180079874123743	observed	FALSE	SYNTHETIC_TEACHING_FIXTURE
SYN_TRAJ_029	23	SYN_PROS_SPK_04	SYN_ITEM_05	SYN_SHORT	58.23	230	109.999999999999	0.777027027027027	119.6667	119.6667		119.6667	0.0117368223216137	observed	FALSE	SYNTHETIC_TEACHING_FIXTURE
SYN_TRAJ_029	24	SYN_PROS_SPK_04	SYN_ITEM_05	SYN_SHORT	58.24	240	120.000000000005	0.810810810810811	115.4858	115.4858		115.4858	-0.603938474729641	observed	FALSE	SYNTHETIC_TEACHING_FIXTURE
SYN_TRAJ_029	25	SYN_PROS_SPK_04	SYN_ITEM_05	SYN_SHORT	58.25	250	130.000000000003	0.844594594594595	113.4381	113.4381		113.4381	-0.913660833519983	observed	FALSE	SYNTHETIC_TEACHING_FIXTURE
SYN_TRAJ_029	26	SYN_PROS_SPK_04	SYN_ITEM_05	SYN_SHORT	58.26	260	140.000000000001	0.878378378378378	107.4976	107.4976		107.4976	-1.84487071458724	observed	FALSE	SYNTHETIC_TEACHING_FIXTURE
SYN_TRAJ_029	27	SYN_PROS_SPK_04	SYN_ITEM_05	SYN_SHORT	58.27	270	150.000000000006	0.912162162162162	111.1954	111.1954		111.1954	-1.25935883602865	observed	FALSE	SYNTHETIC_TEACHING_FIXTURE
SYN_TRAJ_029	28	SYN_PROS_SPK_04	SYN_ITEM_05	SYN_SHORT	58.28	280	160.000000000004	0.945945945945946	113.68	113.68		113.68	-0.876782603662755	observed	FALSE	SYNTHETIC_TEACHING_FIXTURE
SYN_TRAJ_029	29	SYN_PROS_SPK_04	SYN_ITEM_05	SYN_SHORT	58.29	290	170.000000000002	0.97972972972973	109.771	109.771		109.771	-1.48256054789097	observed	FALSE	SYNTHETIC_TEACHING_FIXTURE
SYN_TRAJ_030	0	SYN_PROS_SPK_04	SYN_ITEM_06	SYN_LONG	60	0	-119.999999999997	0			structural_unvoiced			missing	TRUE	SYNTHETIC_TEACHING_FIXTURE
SYN_TRAJ_030	1	SYN_PROS_SPK_04	SYN_ITEM_06	SYN_LONG	60.01	10	-109.999999999999	0.023696682464455			structural_unvoiced			missing	FALSE	SYNTHETIC_TEACHING_FIXTURE
SYN_TRAJ_030	2	SYN_PROS_SPK_04	SYN_ITEM_06	SYN_LONG	60.02	20	-99.9999999999943	0.04739336492891			structural_unvoiced			missing	FALSE	SYNTHETIC_TEACHING_FIXTURE
SYN_TRAJ_030	3	SYN_PROS_SPK_04	SYN_ITEM_06	SYN_LONG	60.03	30	-89.9999999999963	0.0710900473933649	119.4693	119.4693		119.4693	-0.0168448783765678	observed	FALSE	SYNTHETIC_TEACHING_FIXTURE
SYN_TRAJ_030	4	SYN_PROS_SPK_04	SYN_ITEM_06	SYN_LONG	60.04	40	-79.9999999999983	0.0947867298578199	115.6794	115.6794		115.6794	-0.574940425692727	observed	FALSE	SYNTHETIC_TEACHING_FIXTURE
SYN_TRAJ_030	5	SYN_PROS_SPK_04	SYN_ITEM_06	SYN_LONG	60.05	50	-70.0000000000003	0.118483412322275	121.0376	121.0376		121.0376	0.208939316833804	observed	FALSE	SYNTHETIC_TEACHING_FIXTURE
SYN_TRAJ_030	6	SYN_PROS_SPK_04	SYN_ITEM_06	SYN_LONG	60.06	60	-59.9999999999952	0.14218009478673	122.8578	122.8578		122.8578	0.467349333746192	observed	FALSE	SYNTHETIC_TEACHING_FIXTURE
SYN_TRAJ_030	7	SYN_PROS_SPK_04	SYN_ITEM_06	SYN_LONG	60.07	70	-49.9999999999972	0.165876777251185	122.9815	122.9815		122.9815	0.484771582340542	observed	FALSE	SYNTHETIC_TEACHING_FIXTURE
SYN_TRAJ_030	8	SYN_PROS_SPK_04	SYN_ITEM_06	SYN_LONG	60.08	80	-39.9999999999991	0.18957345971564	123.8335	123.8335		123.8335	0.604295701107033	observed	FALSE	SYNTHETIC_TEACHING_FIXTURE
SYN_TRAJ_030	9	SYN_PROS_SPK_04	SYN_ITEM_06	SYN_LONG	60.09	90	-29.999999999994	0.213270142180095	126.804	126.804		126.804	1.0146789477461	observed	FALSE	SYNTHETIC_TEACHING_FIXTURE
SYN_TRAJ_030	10	SYN_PROS_SPK_04	SYN_ITEM_06	SYN_LONG	60.1	100	-19.999999999996	0.23696682464455	127.8908	127.8908		127.8908	1.16242570850053	observed	FALSE	SYNTHETIC_TEACHING_FIXTURE
SYN_TRAJ_030	11	SYN_PROS_SPK_04	SYN_ITEM_06	SYN_LONG	60.11	110	-9.99999999999801	0.260663507109005	125.5862	125.5862		125.5862	0.847611194206612	observed	FALSE	SYNTHETIC_TEACHING_FIXTURE
SYN_TRAJ_030	12	SYN_PROS_SPK_04	SYN_ITEM_06	SYN_LONG	60.12	120	0	0.28436018957346	124.8048	124.8048		124.8048	0.739556936864192	observed	FALSE	SYNTHETIC_TEACHING_FIXTURE
SYN_TRAJ_030	13	SYN_PROS_SPK_04	SYN_ITEM_06	SYN_LONG	60.13	130	10.0000000000051	0.308056872037915	128.3615	128.3615		128.3615	1.22602652561676	observed	FALSE	SYNTHETIC_TEACHING_FIXTURE
SYN_TRAJ_030	14	SYN_PROS_SPK_04	SYN_ITEM_06	SYN_LONG	60.14	140	20.0000000000031	0.33175355450237	130.5822	130.5822		130.5822	1.52297491320518	observed	FALSE	SYNTHETIC_TEACHING_FIXTURE
SYN_TRAJ_030	15	SYN_PROS_SPK_04	SYN_ITEM_06	SYN_LONG	60.15	150	30.0000000000011	0.355450236966825	132.9185	132.9185		132.9185	1.82997888714998	observed	FALSE	SYNTHETIC_TEACHING_FIXTURE
SYN_TRAJ_030	16	SYN_PROS_SPK_04	SYN_ITEM_06	SYN_LONG	60.16	160	39.9999999999991	0.37914691943128	133.859	133.859		133.859	1.95204558083086	observed	FALSE	SYNTHETIC_TEACHING_FIXTURE
SYN_TRAJ_030	17	SYN_PROS_SPK_04	SYN_ITEM_06	SYN_LONG	60.17	170	50.0000000000043	0.402843601895735	134.4788	134.4788		134.4788	2.03202095305385	observed	FALSE	SYNTHETIC_TEACHING_FIXTURE
SYN_TRAJ_030	18	SYN_PROS_SPK_04	SYN_ITEM_06	SYN_LONG	60.18	180	60.0000000000023	0.42654028436019	135.9913	135.9913		135.9913	2.22564818169513	observed	FALSE	SYNTHETIC_TEACHING_FIXTURE
SYN_TRAJ_030	19	SYN_PROS_SPK_04	SYN_ITEM_06	SYN_LONG	60.19	190	70.0000000000003	0.450236966824645	136.6746	136.6746		136.6746	2.3124177192177	observed	FALSE	SYNTHETIC_TEACHING_FIXTURE
SYN_TRAJ_030	20	SYN_PROS_SPK_04	SYN_ITEM_06	SYN_LONG	60.2	200	80.0000000000054	0.4739336492891	137.5756	137.5756		137.5756	2.42617132743465	observed	FALSE	SYNTHETIC_TEACHING_FIXTURE
SYN_TRAJ_030	21	SYN_PROS_SPK_04	SYN_ITEM_06	SYN_LONG	60.21	210	90.0000000000034	0.497630331753554	137.559	137.559		137.559	2.42408227827476	observed	FALSE	SYNTHETIC_TEACHING_FIXTURE
SYN_TRAJ_030	22	SYN_PROS_SPK_04	SYN_ITEM_06	SYN_LONG	60.22	220	100.000000000001	0.52132701421801	133.401	133.401		133.401	1.89270965546568	observed	FALSE	SYNTHETIC_TEACHING_FIXTURE
SYN_TRAJ_030	23	SYN_PROS_SPK_04	SYN_ITEM_06	SYN_LONG	60.23	230	109.999999999999	0.545023696682464	133.1921	133.1921		133.1921	1.86557805552025	observed	FALSE	SYNTHETIC_TEACHING_FIXTURE
SYN_TRAJ_030	24	SYN_PROS_SPK_04	SYN_ITEM_06	SYN_LONG	60.24	240	120.000000000005	0.568720379146919	129.5989	129.5989		129.5989	1.39211755690255	observed	FALSE	SYNTHETIC_TEACHING_FIXTURE
SYN_TRAJ_030	25	SYN_PROS_SPK_04	SYN_ITEM_06	SYN_LONG	60.25	250	130.000000000003	0.592417061611374	127.6969	127.6969		127.6969	1.13615790715372	observed	FALSE	SYNTHETIC_TEACHING_FIXTURE
SYN_TRAJ_030	26	SYN_PROS_SPK_04	SYN_ITEM_06	SYN_LONG	60.26	260	140.000000000001	0.616113744075829	126.522	126.522		126.522	0.976135079094782	observed	FALSE	SYNTHETIC_TEACHING_FIXTURE
SYN_TRAJ_030	27	SYN_PROS_SPK_04	SYN_ITEM_06	SYN_LONG	60.27	270	150.000000000006	0.639810426540284	121.063	121.063		121.063	0.212571967476358	observed	FALSE	SYNTHETIC_TEACHING_FIXTURE
SYN_TRAJ_030	28	SYN_PROS_SPK_04	SYN_ITEM_06	SYN_LONG	60.28	280	160.000000000004	0.663507109004739	117.9	117.9		117.9	-0.24575950017062	observed	FALSE	SYNTHETIC_TEACHING_FIXTURE
SYN_TRAJ_030	29	SYN_PROS_SPK_04	SYN_ITEM_06	SYN_LONG	60.29	290	170.000000000002	0.687203791469194	113.6058	113.6058		113.6058	-0.888086219727138	observed	FALSE	SYNTHETIC_TEACHING_FIXTURE
SYN_TRAJ_030	30	SYN_PROS_SPK_04	SYN_ITEM_06	SYN_LONG	60.3	300	180	0.710900473933649	110.7892	110.7892		110.7892	-1.32271711003704	observed	FALSE	SYNTHETIC_TEACHING_FIXTURE
SYN_TRAJ_030	31	SYN_PROS_SPK_04	SYN_ITEM_06	SYN_LONG	60.31	310	190.000000000005	0.734597156398104	109.9115	109.9115		109.9115	-1.46041600592169	observed	FALSE	SYNTHETIC_TEACHING_FIXTURE
SYN_TRAJ_030	32	SYN_PROS_SPK_04	SYN_ITEM_06	SYN_LONG	60.32	320	200.000000000003	0.758293838862559	109.5125	109.5125		109.5125	-1.5233775002824	observed	FALSE	SYNTHETIC_TEACHING_FIXTURE
SYN_TRAJ_030	33	SYN_PROS_SPK_04	SYN_ITEM_06	SYN_LONG	60.33	330	210.000000000001	0.781990521327014	110.9673	110.9673		110.9673	-1.29490887438823	observed	FALSE	SYNTHETIC_TEACHING_FIXTURE
SYN_TRAJ_030	34	SYN_PROS_SPK_04	SYN_ITEM_06	SYN_LONG	60.34	340	220.000000000006	0.805687203791469	107.9489	107.9489		107.9489	-1.7723416116222	observed	FALSE	SYNTHETIC_TEACHING_FIXTURE
SYN_TRAJ_030	35	SYN_PROS_SPK_04	SYN_ITEM_06	SYN_LONG	60.35	350	230.000000000004	0.829383886255924	111.6984	111.6984		111.6984	-1.18122187529517	observed	FALSE	SYNTHETIC_TEACHING_FIXTURE
SYN_TRAJ_030	36	SYN_PROS_SPK_04	SYN_ITEM_06	SYN_LONG	60.36	360	240.000000000002	0.853080568720379	108.1858		quality_rejection			missing	FALSE	SYNTHETIC_TEACHING_FIXTURE
SYN_TRAJ_030	37	SYN_PROS_SPK_04	SYN_ITEM_06	SYN_LONG	60.37	370	250	0.876777251184834	109.3863	109.3863		109.3863	-1.54333939693952	observed	FALSE	SYNTHETIC_TEACHING_FIXTURE
SYN_TRAJ_030	38	SYN_PROS_SPK_04	SYN_ITEM_06	SYN_LONG	60.38	380	260.000000000005	0.900473933649289	108.6649	108.6649		108.6649	-1.65789201574464	observed	FALSE	SYNTHETIC_TEACHING_FIXTURE
SYN_TRAJ_030	39	SYN_PROS_SPK_04	SYN_ITEM_06	SYN_LONG	60.39	390	270.000000000003	0.924170616113744	112.9242	112.9242		112.9242	-0.99226780175707	observed	FALSE	SYNTHETIC_TEACHING_FIXTURE
SYN_TRAJ_030	40	SYN_PROS_SPK_04	SYN_ITEM_06	SYN_LONG	60.4	400	280.000000000001	0.947867298578199			structural_unvoiced			missing	FALSE	SYNTHETIC_TEACHING_FIXTURE
SYN_TRAJ_030	41	SYN_PROS_SPK_04	SYN_ITEM_06	SYN_LONG	60.41	410	289.999999999999	0.971563981042654			structural_unvoiced			missing	FALSE	SYNTHETIC_TEACHING_FIXTURE
SYN_TRAJ_030	42	SYN_PROS_SPK_04	SYN_ITEM_06	SYN_LONG	60.42	420	300.000000000004	0.995260663507109			structural_unvoiced			missing	FALSE	SYNTHETIC_TEACHING_FIXTURE
SYN_TRAJ_031	0	SYN_PROS_SPK_04	SYN_ITEM_07	SYN_SHORT	62	0	-119.999999999997	0	113.4746	113.4746		113.4746	-0.908091286876194	observed	TRUE	SYNTHETIC_TEACHING_FIXTURE
SYN_TRAJ_031	1	SYN_PROS_SPK_04	SYN_ITEM_07	SYN_SHORT	62.01	10	-109.999999999999	0.0311526479750779	113.4073	113.4073		113.4073	-0.918362009654825	observed	FALSE	SYNTHETIC_TEACHING_FIXTURE
SYN_TRAJ_031	2	SYN_PROS_SPK_04	SYN_ITEM_07	SYN_SHORT	62.02	20	-99.9999999999943	0.0623052959501558	116.2644	116.2644		116.2644	-0.487611161773696	observed	FALSE	SYNTHETIC_TEACHING_FIXTURE
SYN_TRAJ_031	3	SYN_PROS_SPK_04	SYN_ITEM_07	SYN_SHORT	62.03	30	-89.9999999999963	0.0934579439252336	114.4724	114.4724		114.4724	-0.756526548811787	observed	FALSE	SYNTHETIC_TEACHING_FIXTURE
SYN_TRAJ_031	4	SYN_PROS_SPK_04	SYN_ITEM_07	SYN_SHORT	62.04	40	-79.9999999999983	0.124610591900312	114.0011	114.0011		114.0011	-0.827951179208986	observed	FALSE	SYNTHETIC_TEACHING_FIXTURE
SYN_TRAJ_031	5	SYN_PROS_SPK_04	SYN_ITEM_07	SYN_SHORT	62.05	50	-70.0000000000003	0.155763239875389	110.6271	110.6271		110.6271	-1.34806601971455	observed	FALSE	SYNTHETIC_TEACHING_FIXTURE
SYN_TRAJ_031	6	SYN_PROS_SPK_04	SYN_ITEM_07	SYN_SHORT	62.06	60	-59.9999999999952	0.186915887850467	111.4299	111.4299		111.4299	-1.2228872818385	observed	FALSE	SYNTHETIC_TEACHING_FIXTURE
SYN_TRAJ_031	7	SYN_PROS_SPK_04	SYN_ITEM_07	SYN_SHORT	62.07	70	-49.9999999999972	0.218068535825545	109.4454	109.4454		109.4454	-1.5339882896925	observed	FALSE	SYNTHETIC_TEACHING_FIXTURE
SYN_TRAJ_031	8	SYN_PROS_SPK_04	SYN_ITEM_07	SYN_SHORT	62.08	80	-39.9999999999991	0.249221183800623	112.5211	112.5211		112.5211	-1.05417738149706	observed	FALSE	SYNTHETIC_TEACHING_FIXTURE
SYN_TRAJ_031	9	SYN_PROS_SPK_04	SYN_ITEM_07	SYN_SHORT	62.09	90	-29.999999999994	0.280373831775701	111.3512	111.3512		111.3512	-1.23511885133243	observed	FALSE	SYNTHETIC_TEACHING_FIXTURE
SYN_TRAJ_031	10	SYN_PROS_SPK_04	SYN_ITEM_07	SYN_SHORT	62.1	100	-19.999999999996	0.311526479750779	110.3311	110.3311		110.3311	-1.39444995885468	observed	FALSE	SYNTHETIC_TEACHING_FIXTURE
SYN_TRAJ_031	11	SYN_PROS_SPK_04	SYN_ITEM_07	SYN_SHORT	62.11	110	-9.99999999999801	0.342679127725857	117.2263	117.2263		117.2263	-0.34496878221548	observed	FALSE	SYNTHETIC_TEACHING_FIXTURE
SYN_TRAJ_031	12	SYN_PROS_SPK_04	SYN_ITEM_07	SYN_SHORT	62.12	120	0	0.373831775700935	125.0555	125.0555		125.0555	0.774297991905637	observed	FALSE	SYNTHETIC_TEACHING_FIXTURE
SYN_TRAJ_031	13	SYN_PROS_SPK_04	SYN_ITEM_07	SYN_SHORT	62.13	130	10.0000000000051	0.404984423676012	128.7349	128.7349		128.7349	1.27631453030724	observed	FALSE	SYNTHETIC_TEACHING_FIXTURE
SYN_TRAJ_031	14	SYN_PROS_SPK_04	SYN_ITEM_07	SYN_SHORT	62.14	140	20.0000000000031	0.43613707165109	128.8863	128.8863		128.8863	1.29666292284666	observed	FALSE	SYNTHETIC_TEACHING_FIXTURE
SYN_TRAJ_031	15	SYN_PROS_SPK_04	SYN_ITEM_07	SYN_SHORT	62.15	150	30.0000000000011	0.467289719626168	131.1414	131.1414		131.1414	1.59695429858757	observed	FALSE	SYNTHETIC_TEACHING_FIXTURE
SYN_TRAJ_031	16	SYN_PROS_SPK_04	SYN_ITEM_07	SYN_SHORT	62.16	160	39.9999999999991	0.498442367601246	136.0511	136.0511		136.0511	2.23325933332456	observed	FALSE	SYNTHETIC_TEACHING_FIXTURE
SYN_TRAJ_031	17	SYN_PROS_SPK_04	SYN_ITEM_07	SYN_SHORT	62.17	170	50.0000000000043	0.529595015576324	135.8874	135.8874		135.8874	2.21241616120551	observed	FALSE	SYNTHETIC_TEACHING_FIXTURE
SYN_TRAJ_031	18	SYN_PROS_SPK_04	SYN_ITEM_07	SYN_SHORT	62.18	180	60.0000000000023	0.560747663551402	135.757	135.757		135.757	2.19579495073042	observed	FALSE	SYNTHETIC_TEACHING_FIXTURE
SYN_TRAJ_031	19	SYN_PROS_SPK_04	SYN_ITEM_07	SYN_SHORT	62.19	190	70.0000000000003	0.59190031152648	132.468	132.468		132.468	1.77120259760678	observed	FALSE	SYNTHETIC_TEACHING_FIXTURE
SYN_TRAJ_031	20	SYN_PROS_SPK_04	SYN_ITEM_07	SYN_SHORT	62.2	200	80.0000000000054	0.623052959501558	132.4609	132.4609		132.4609	1.77027466850948	observed	FALSE	SYNTHETIC_TEACHING_FIXTURE
SYN_TRAJ_031	21	SYN_PROS_SPK_04	SYN_ITEM_07	SYN_SHORT	62.21	210	90.0000000000034	0.654205607476635	132.1737	132.1737		132.1737	1.73269752522596	observed	FALSE	SYNTHETIC_TEACHING_FIXTURE
SYN_TRAJ_031	22	SYN_PROS_SPK_04	SYN_ITEM_07	SYN_SHORT	62.22	220	100.000000000001	0.685358255451713	128.3757	128.3757		128.3757	1.22794159858023	observed	FALSE	SYNTHETIC_TEACHING_FIXTURE
SYN_TRAJ_031	23	SYN_PROS_SPK_04	SYN_ITEM_07	SYN_SHORT	62.23	230	109.999999999999	0.716510903426791	127.1214	127.1214		127.1214	1.05795890109905	observed	FALSE	SYNTHETIC_TEACHING_FIXTURE
SYN_TRAJ_031	24	SYN_PROS_SPK_04	SYN_ITEM_07	SYN_SHORT	62.24	240	120.000000000005	0.747663551401869	122.8716	122.8716		122.8716	0.469293832849863	observed	FALSE	SYNTHETIC_TEACHING_FIXTURE
SYN_TRAJ_031	25	SYN_PROS_SPK_04	SYN_ITEM_07	SYN_SHORT	62.25	250	130.000000000003	0.778816199376947	121.9961	121.9961		121.9961	0.345496217351279	observed	FALSE	SYNTHETIC_TEACHING_FIXTURE
SYN_TRAJ_031	26	SYN_PROS_SPK_04	SYN_ITEM_07	SYN_SHORT	62.26	260	140.000000000001	0.809968847352025	118.9333	118.9333		118.9333	-0.0946915976520354	observed	FALSE	SYNTHETIC_TEACHING_FIXTURE
SYN_TRAJ_031	27	SYN_PROS_SPK_04	SYN_ITEM_07	SYN_SHORT	62.27	270	150.000000000006	0.841121495327103	117.9186	117.9186		117.9186	-0.243028506654467	observed	FALSE	SYNTHETIC_TEACHING_FIXTURE
SYN_TRAJ_031	28	SYN_PROS_SPK_04	SYN_ITEM_07	SYN_SHORT	62.28	280	160.000000000004	0.872274143302181	110.8152	110.8152		110.8152	-1.3186547281094	observed	FALSE	SYNTHETIC_TEACHING_FIXTURE
SYN_TRAJ_031	29	SYN_PROS_SPK_04	SYN_ITEM_07	SYN_SHORT	62.29	290	170.000000000002	0.903426791277259	106.6709	106.6709		106.6709	-1.97852419740568	observed	FALSE	SYNTHETIC_TEACHING_FIXTURE
SYN_TRAJ_031	30	SYN_PROS_SPK_04	SYN_ITEM_07	SYN_SHORT	62.3	300	180	0.934579439252336	108.346	108.346		108.346	-1.70877341715392	observed	FALSE	SYNTHETIC_TEACHING_FIXTURE
SYN_TRAJ_031	31	SYN_PROS_SPK_04	SYN_ITEM_07	SYN_SHORT	62.31	310	190.000000000005	0.965732087227414	104.0444	104.0444		104.0444	-2.41013231916868	observed	FALSE	SYNTHETIC_TEACHING_FIXTURE
SYN_TRAJ_031	32	SYN_PROS_SPK_04	SYN_ITEM_07	SYN_SHORT	62.32	320	200.000000000003	0.996884735202492	105.5964	105.5964		105.5964	-2.15379630711249	observed	FALSE	SYNTHETIC_TEACHING_FIXTURE
SYN_TRAJ_032	0	SYN_PROS_SPK_04	SYN_ITEM_08	SYN_LONG	64	0	-120.000000000005	0	117.9969	117.9969		117.9969	-0.231536626636462	observed	TRUE	SYNTHETIC_TEACHING_FIXTURE
SYN_TRAJ_032	1	SYN_PROS_SPK_04	SYN_ITEM_08	SYN_LONG	64.01	10	-109.999999999999	0.0208333333333333	122.161	122.161		122.161	0.368881204975879	observed	FALSE	SYNTHETIC_TEACHING_FIXTURE
SYN_TRAJ_032	2	SYN_PROS_SPK_04	SYN_ITEM_08	SYN_LONG	64.02	20	-100.000000000009	0.0416666666666667	125.509	125.509		125.509	0.836965728040854	observed	FALSE	SYNTHETIC_TEACHING_FIXTURE
SYN_TRAJ_032	3	SYN_PROS_SPK_04	SYN_ITEM_08	SYN_LONG	64.03	30	-90.0000000000034	0.0625	123.0114	123.0114		123.0114	0.488980150825406	observed	FALSE	SYNTHETIC_TEACHING_FIXTURE
SYN_TRAJ_032	4	SYN_PROS_SPK_04	SYN_ITEM_08	SYN_LONG	64.04	40	-79.9999999999983	0.0833333333333333	121.0292	121.0292		121.0292	0.207737800060916	observed	FALSE	SYNTHETIC_TEACHING_FIXTURE
SYN_TRAJ_032	5	SYN_PROS_SPK_04	SYN_ITEM_08	SYN_LONG	64.05	50	-70.0000000000074	0.104166666666667	121.9558	121.9558		121.9558	0.339776341194376	observed	FALSE	SYNTHETIC_TEACHING_FIXTURE
SYN_TRAJ_032	6	SYN_PROS_SPK_04	SYN_ITEM_08	SYN_LONG	64.06	60	-60.0000000000023	0.125	122.7574	122.7574		122.7574	0.453195819777401	observed	FALSE	SYNTHETIC_TEACHING_FIXTURE
SYN_TRAJ_032	7	SYN_PROS_SPK_04	SYN_ITEM_08	SYN_LONG	64.07	70	-50.0000000000114	0.145833333333333	121.6346	121.6346		121.6346	0.294119968952607	observed	FALSE	SYNTHETIC_TEACHING_FIXTURE
SYN_TRAJ_032	8	SYN_PROS_SPK_04	SYN_ITEM_08	SYN_LONG	64.08	80	-40.0000000000063	0.166666666666667	122.5324	122.5324		122.5324	0.42143520272031	observed	FALSE	SYNTHETIC_TEACHING_FIXTURE
SYN_TRAJ_032	9	SYN_PROS_SPK_04	SYN_ITEM_08	SYN_LONG	64.09	90	-30.0000000000011	0.1875	127.2037	127.2037		127.2037	1.06916350239177	observed	FALSE	SYNTHETIC_TEACHING_FIXTURE
SYN_TRAJ_032	10	SYN_PROS_SPK_04	SYN_ITEM_08	SYN_LONG	64.1	100	-20.0000000000102	0.208333333333333	126.617	126.617		126.617	0.98912930300991	observed	FALSE	SYNTHETIC_TEACHING_FIXTURE
SYN_TRAJ_032	11	SYN_PROS_SPK_04	SYN_ITEM_08	SYN_LONG	64.11	110	-10.0000000000051	0.229166666666667	129.1525		quality_rejection			missing	FALSE	SYNTHETIC_TEACHING_FIXTURE
SYN_TRAJ_032	12	SYN_PROS_SPK_04	SYN_ITEM_08	SYN_LONG	64.12	120	0	0.25	133.5807	133.5807		133.5807	1.91601483373052	observed	FALSE	SYNTHETIC_TEACHING_FIXTURE
SYN_TRAJ_032	13	SYN_PROS_SPK_04	SYN_ITEM_08	SYN_LONG	64.13	130	9.9999999999909	0.270833333333333	132.2716	132.2716		132.2716	1.74551589039613	observed	FALSE	SYNTHETIC_TEACHING_FIXTURE
SYN_TRAJ_032	14	SYN_PROS_SPK_04	SYN_ITEM_08	SYN_LONG	64.14	140	19.999999999996	0.291666666666667	132.7661	132.7661		132.7661	1.81011773614499	observed	FALSE	SYNTHETIC_TEACHING_FIXTURE
SYN_TRAJ_032	15	SYN_PROS_SPK_04	SYN_ITEM_08	SYN_LONG	64.15	150	30.0000000000011	0.3125	135.986	135.986		135.986	2.22497345329234	observed	FALSE	SYNTHETIC_TEACHING_FIXTURE
SYN_TRAJ_032	16	SYN_PROS_SPK_04	SYN_ITEM_08	SYN_LONG	64.16	160	39.999999999992	0.333333333333333	132.0167	132.0167		132.0167	1.71212116986258	observed	FALSE	SYNTHETIC_TEACHING_FIXTURE
SYN_TRAJ_032	17	SYN_PROS_SPK_04	SYN_ITEM_08	SYN_LONG	64.17	170	49.9999999999972	0.354166666666667	135.1019	135.1019		135.1019	2.11205144907913	observed	FALSE	SYNTHETIC_TEACHING_FIXTURE
SYN_TRAJ_032	18	SYN_PROS_SPK_04	SYN_ITEM_08	SYN_LONG	64.18	180	60.0000000000023	0.375	133.5914	133.5914		133.5914	1.91740152076371	observed	FALSE	SYNTHETIC_TEACHING_FIXTURE
SYN_TRAJ_032	19	SYN_PROS_SPK_04	SYN_ITEM_08	SYN_LONG	64.19	190	69.9999999999932	0.395833333333333	135.4177	135.4177		135.4177	2.15247173367595	observed	FALSE	SYNTHETIC_TEACHING_FIXTURE
SYN_TRAJ_032	20	SYN_PROS_SPK_04	SYN_ITEM_08	SYN_LONG	64.2	200	79.9999999999983	0.416666666666667	136.1279	136.1279		136.1279	2.2430292846064	observed	FALSE	SYNTHETIC_TEACHING_FIXTURE
SYN_TRAJ_032	21	SYN_PROS_SPK_04	SYN_ITEM_08	SYN_LONG	64.21	210	89.9999999999892	0.4375	137.8343	137.8343		137.8343	2.45869524035264	observed	FALSE	SYNTHETIC_TEACHING_FIXTURE
SYN_TRAJ_032	22	SYN_PROS_SPK_04	SYN_ITEM_08	SYN_LONG	64.22	220	99.9999999999943	0.458333333333333	135.2713	135.2713		135.2713	2.13374524759813	observed	FALSE	SYNTHETIC_TEACHING_FIXTURE
SYN_TRAJ_032	23	SYN_PROS_SPK_04	SYN_ITEM_08	SYN_LONG	64.23	230	109.999999999999	0.479166666666667	135.9337	135.9337		135.9337	2.21831387387365	observed	FALSE	SYNTHETIC_TEACHING_FIXTURE
SYN_TRAJ_032	24	SYN_PROS_SPK_04	SYN_ITEM_08	SYN_LONG	64.24	240	119.99999999999	0.5	136.4841	136.4841		136.4841	2.28827057400031	observed	FALSE	SYNTHETIC_TEACHING_FIXTURE
SYN_TRAJ_032	25	SYN_PROS_SPK_04	SYN_ITEM_08	SYN_LONG	64.25	250	129.999999999995	0.520833333333333	130.8147	130.8147		130.8147	1.55377191367104	observed	FALSE	SYNTHETIC_TEACHING_FIXTURE
SYN_TRAJ_032	26	SYN_PROS_SPK_04	SYN_ITEM_08	SYN_LONG	64.26	260	140.000000000001	0.541666666666667	128.1092	128.1092		128.1092	1.19196489662916	observed	FALSE	SYNTHETIC_TEACHING_FIXTURE
SYN_TRAJ_032	27	SYN_PROS_SPK_04	SYN_ITEM_08	SYN_LONG	64.27	270	149.999999999991	0.5625	131.4155	131.4155		131.4155	1.63310123856442	observed	FALSE	SYNTHETIC_TEACHING_FIXTURE
SYN_TRAJ_032	28	SYN_PROS_SPK_04	SYN_ITEM_08	SYN_LONG	64.28	280	159.999999999997	0.583333333333333	127.2687	127.2687		127.2687	1.07800770047665	observed	FALSE	SYNTHETIC_TEACHING_FIXTURE
SYN_TRAJ_032	29	SYN_PROS_SPK_04	SYN_ITEM_08	SYN_LONG	64.29	290	170.000000000002	0.604166666666667	123.1499	123.1499		123.1499	0.508461356124301	observed	FALSE	SYNTHETIC_TEACHING_FIXTURE
SYN_TRAJ_032	30	SYN_PROS_SPK_04	SYN_ITEM_08	SYN_LONG	64.3	300	179.999999999993	0.625	123.2147	123.2147		123.2147	0.517568506174799	observed	FALSE	SYNTHETIC_TEACHING_FIXTURE
SYN_TRAJ_032	31	SYN_PROS_SPK_04	SYN_ITEM_08	SYN_LONG	64.31	310	189.999999999998	0.645833333333333	119.0559	119.0559		119.0559	-0.0768547115083727	observed	FALSE	SYNTHETIC_TEACHING_FIXTURE
SYN_TRAJ_032	32	SYN_PROS_SPK_04	SYN_ITEM_08	SYN_LONG	64.32	320	199.999999999989	0.666666666666667	115.3093	115.3093		115.3093	-0.630417621750409	observed	FALSE	SYNTHETIC_TEACHING_FIXTURE
SYN_TRAJ_032	33	SYN_PROS_SPK_04	SYN_ITEM_08	SYN_LONG	64.33	330	209.999999999994	0.6875	120.6113	120.6113		120.6113	0.14785682560505	observed	FALSE	SYNTHETIC_TEACHING_FIXTURE
SYN_TRAJ_032	34	SYN_PROS_SPK_04	SYN_ITEM_08	SYN_LONG	64.34	340	219.999999999999	0.708333333333333	119.6922	119.6922		119.6922	0.0154255481987981	observed	FALSE	SYNTHETIC_TEACHING_FIXTURE
SYN_TRAJ_032	35	SYN_PROS_SPK_04	SYN_ITEM_08	SYN_LONG	64.35	350	229.99999999999	0.729166666666667	119.5921	119.5921		119.5921	0.00094097579512709	observed	FALSE	SYNTHETIC_TEACHING_FIXTURE
SYN_TRAJ_032	36	SYN_PROS_SPK_04	SYN_ITEM_08	SYN_LONG	64.36	360	239.999999999995	0.75	112.903	112.903		112.903	-0.995518266001238	observed	FALSE	SYNTHETIC_TEACHING_FIXTURE
SYN_TRAJ_032	37	SYN_PROS_SPK_04	SYN_ITEM_08	SYN_LONG	64.37	370	250	0.770833333333333	113.9289	113.9289		113.9289	-0.838919029208833	observed	FALSE	SYNTHETIC_TEACHING_FIXTURE
SYN_TRAJ_032	38	SYN_PROS_SPK_04	SYN_ITEM_08	SYN_LONG	64.38	380	259.999999999991	0.791666666666667	115.0267	115.0267		115.0267	-0.672898778647535	observed	FALSE	SYNTHETIC_TEACHING_FIXTURE
SYN_TRAJ_032	39	SYN_PROS_SPK_04	SYN_ITEM_08	SYN_LONG	64.39	390	269.999999999996	0.8125	111.7169	111.7169		111.7169	-1.17835476368903	observed	FALSE	SYNTHETIC_TEACHING_FIXTURE
SYN_TRAJ_032	40	SYN_PROS_SPK_04	SYN_ITEM_08	SYN_LONG	64.4	400	280.000000000001	0.833333333333333	112.0718	112.0718		112.0718	-1.12344444166684	observed	FALSE	SYNTHETIC_TEACHING_FIXTURE
SYN_TRAJ_032	41	SYN_PROS_SPK_04	SYN_ITEM_08	SYN_LONG	64.41	410	289.999999999992	0.854166666666667	110.5528	110.5528		110.5528	-1.35969733835464	observed	FALSE	SYNTHETIC_TEACHING_FIXTURE
SYN_TRAJ_032	42	SYN_PROS_SPK_04	SYN_ITEM_08	SYN_LONG	64.42	420	299.999999999997	0.875	112.2176	112.2176		112.2176	-1.10093656033959	observed	FALSE	SYNTHETIC_TEACHING_FIXTURE
SYN_TRAJ_032	43	SYN_PROS_SPK_04	SYN_ITEM_08	SYN_LONG	64.43	430	310.000000000002	0.895833333333333	114.1636	114.1636		114.1636	-0.803291310216149	observed	FALSE	SYNTHETIC_TEACHING_FIXTURE
SYN_TRAJ_032	44	SYN_PROS_SPK_04	SYN_ITEM_08	SYN_LONG	64.44	440	319.999999999993	0.916666666666667	112.6478	112.6478		112.6478	-1.03469446203824	observed	FALSE	SYNTHETIC_TEACHING_FIXTURE
SYN_TRAJ_032	45	SYN_PROS_SPK_04	SYN_ITEM_08	SYN_LONG	64.45	450	329.999999999998	0.9375	108.8255	108.8255		108.8255	-1.63232433654455	observed	FALSE	SYNTHETIC_TEACHING_FIXTURE
SYN_TRAJ_032	46	SYN_PROS_SPK_04	SYN_ITEM_08	SYN_LONG	64.46	460	339.999999999989	0.958333333333333	107.6968	107.6968		107.6968	-1.812819516129	observed	FALSE	SYNTHETIC_TEACHING_FIXTURE
SYN_TRAJ_032	47	SYN_PROS_SPK_04	SYN_ITEM_08	SYN_LONG	64.47	470	349.999999999994	0.979166666666667	110.8799	110.8799		110.8799	-1.30854978251929	observed	FALSE	SYNTHETIC_TEACHING_FIXTURE
SYN_TRAJ_032	48	SYN_PROS_SPK_04	SYN_ITEM_08	SYN_LONG	64.48	480	359.999999999999	1	113.1294	113.1294		113.1294	-0.9608372627659	observed	FALSE	SYNTHETIC_TEACHING_FIXTURE
SYN_TRAJ_033	0	SYN_PROS_SPK_05	SYN_ITEM_01	SYN_SHORT	66	0	-120.000000000005	0	119.736	119.736		119.736	-0.631816440769351	observed	TRUE	SYNTHETIC_TEACHING_FIXTURE
SYN_TRAJ_033	1	SYN_PROS_SPK_05	SYN_ITEM_01	SYN_SHORT	66.01	10	-109.999999999999	0.03125	120.9793	120.9793		120.9793	-0.452977585567017	observed	FALSE	SYNTHETIC_TEACHING_FIXTURE
SYN_TRAJ_033	2	SYN_PROS_SPK_05	SYN_ITEM_01	SYN_SHORT	66.02	20	-100.000000000009	0.0625	122.2997	122.2997		122.2997	-0.265049824853344	observed	FALSE	SYNTHETIC_TEACHING_FIXTURE
SYN_TRAJ_033	3	SYN_PROS_SPK_05	SYN_ITEM_01	SYN_SHORT	66.03	30	-90.0000000000034	0.09375	118.8696	118.8696		118.8696	-0.757542557200532	observed	FALSE	SYNTHETIC_TEACHING_FIXTURE
SYN_TRAJ_033	4	SYN_PROS_SPK_05	SYN_ITEM_01	SYN_SHORT	66.04	40	-79.9999999999983	0.125	118.1855	118.1855		118.1855	-0.857463672646016	observed	FALSE	SYNTHETIC_TEACHING_FIXTURE
SYN_TRAJ_033	5	SYN_PROS_SPK_05	SYN_ITEM_01	SYN_SHORT	66.05	50	-70.0000000000074	0.15625	118.252	118.252		118.252	-0.84772519484121	observed	FALSE	SYNTHETIC_TEACHING_FIXTURE
SYN_TRAJ_033	6	SYN_PROS_SPK_05	SYN_ITEM_01	SYN_SHORT	66.06	60	-60.0000000000023	0.1875	122.294	122.294		122.294	-0.265856716779136	observed	FALSE	SYNTHETIC_TEACHING_FIXTURE
SYN_TRAJ_033	7	SYN_PROS_SPK_05	SYN_ITEM_01	SYN_SHORT	66.07	70	-50.0000000000114	0.21875	122.5827	122.5827		122.5827	-0.225035560537278	observed	FALSE	SYNTHETIC_TEACHING_FIXTURE
SYN_TRAJ_033	8	SYN_PROS_SPK_05	SYN_ITEM_01	SYN_SHORT	66.08	80	-40.0000000000063	0.25	121.4034	121.4034		121.4034	-0.392394292330598	observed	FALSE	SYNTHETIC_TEACHING_FIXTURE
SYN_TRAJ_033	9	SYN_PROS_SPK_05	SYN_ITEM_01	SYN_SHORT	66.09	90	-30.0000000000011	0.28125	119.1941	119.1941		119.1941	-0.710346298648484	observed	FALSE	SYNTHETIC_TEACHING_FIXTURE
SYN_TRAJ_033	10	SYN_PROS_SPK_05	SYN_ITEM_01	SYN_SHORT	66.1	100	-20.0000000000102	0.3125	123.69	123.69		123.69	-0.0693537995653292	observed	FALSE	SYNTHETIC_TEACHING_FIXTURE
SYN_TRAJ_033	11	SYN_PROS_SPK_05	SYN_ITEM_01	SYN_SHORT	66.11	110	-10.0000000000051	0.34375	125.9814	125.9814		125.9814	0.248428780555935	observed	FALSE	SYNTHETIC_TEACHING_FIXTURE
SYN_TRAJ_033	12	SYN_PROS_SPK_05	SYN_ITEM_01	SYN_SHORT	66.12	120	0	0.375	126.8861	126.8861		126.8861	0.372308213626665	observed	FALSE	SYNTHETIC_TEACHING_FIXTURE
SYN_TRAJ_033	13	SYN_PROS_SPK_05	SYN_ITEM_01	SYN_SHORT	66.13	130	9.9999999999909	0.40625	126.1193	126.1193		126.1193	0.267368608900513	observed	FALSE	SYNTHETIC_TEACHING_FIXTURE
SYN_TRAJ_033	14	SYN_PROS_SPK_05	SYN_ITEM_01	SYN_SHORT	66.14	140	19.999999999996	0.4375	129.5844	129.5844		129.5844	0.736604396121481	observed	FALSE	SYNTHETIC_TEACHING_FIXTURE
SYN_TRAJ_033	15	SYN_PROS_SPK_05	SYN_ITEM_01	SYN_SHORT	66.15	150	30.0000000000011	0.46875	130.9331	130.9331		130.9331	0.915858090936708	observed	FALSE	SYNTHETIC_TEACHING_FIXTURE
SYN_TRAJ_033	16	SYN_PROS_SPK_05	SYN_ITEM_01	SYN_SHORT	66.16	160	39.999999999992	0.5	131.2542	131.2542		131.2542	0.958262855094508	observed	FALSE	SYNTHETIC_TEACHING_FIXTURE
SYN_TRAJ_033	17	SYN_PROS_SPK_05	SYN_ITEM_01	SYN_SHORT	66.17	170	49.9999999999972	0.53125	133.7605	133.7605		133.7605	1.28572554016509	observed	FALSE	SYNTHETIC_TEACHING_FIXTURE
SYN_TRAJ_033	18	SYN_PROS_SPK_05	SYN_ITEM_01	SYN_SHORT	66.18	180	60.0000000000023	0.5625	139.6153	139.6153		139.6153	2.02738440299422	observed	FALSE	SYNTHETIC_TEACHING_FIXTURE
SYN_TRAJ_033	19	SYN_PROS_SPK_05	SYN_ITEM_01	SYN_SHORT	66.19	190	69.9999999999932	0.59375	143.3126		estimator_failure	140.31055	2.11338167317143	interpolated_estimator_failure	FALSE	SYNTHETIC_TEACHING_FIXTURE
SYN_TRAJ_033	20	SYN_PROS_SPK_05	SYN_ITEM_01	SYN_SHORT	66.2	200	79.9999999999983	0.625	141.0058	141.0058		141.0058	2.19895387138851	observed	FALSE	SYNTHETIC_TEACHING_FIXTURE
SYN_TRAJ_033	21	SYN_PROS_SPK_05	SYN_ITEM_01	SYN_SHORT	66.21	210	89.9999999999892	0.65625	133.7899	133.7899		133.7899	1.28953030227701	observed	FALSE	SYNTHETIC_TEACHING_FIXTURE
SYN_TRAJ_033	22	SYN_PROS_SPK_05	SYN_ITEM_01	SYN_SHORT	66.22	220	99.9999999999943	0.6875	128.9642	128.9642		128.9642	0.653547406707444	observed	FALSE	SYNTHETIC_TEACHING_FIXTURE
SYN_TRAJ_033	23	SYN_PROS_SPK_05	SYN_ITEM_01	SYN_SHORT	66.23	230	109.999999999999	0.71875	129.6358	129.6358		129.6358	0.74347002089056	observed	FALSE	SYNTHETIC_TEACHING_FIXTURE
SYN_TRAJ_033	24	SYN_PROS_SPK_05	SYN_ITEM_01	SYN_SHORT	66.24	240	119.99999999999	0.75	127.5901	127.5901		127.5901	0.468096494010082	observed	FALSE	SYNTHETIC_TEACHING_FIXTURE
SYN_TRAJ_033	25	SYN_PROS_SPK_05	SYN_ITEM_01	SYN_SHORT	66.25	250	129.999999999995	0.78125	121.2413	121.2413		121.2413	-0.415525486302883	observed	FALSE	SYNTHETIC_TEACHING_FIXTURE
SYN_TRAJ_033	26	SYN_PROS_SPK_05	SYN_ITEM_01	SYN_SHORT	66.26	260	140.000000000001	0.8125	118.4323	118.4323		118.4323	-0.821349000102031	observed	FALSE	SYNTHETIC_TEACHING_FIXTURE
SYN_TRAJ_033	27	SYN_PROS_SPK_05	SYN_ITEM_01	SYN_SHORT	66.27	270	149.999999999991	0.84375	116.6052	116.6052		116.6052	-1.09051468210288	observed	FALSE	SYNTHETIC_TEACHING_FIXTURE
SYN_TRAJ_033	28	SYN_PROS_SPK_05	SYN_ITEM_01	SYN_SHORT	66.28	280	159.999999999997	0.875	115.7163	115.7163		115.7163	-1.22299501266554	observed	FALSE	SYNTHETIC_TEACHING_FIXTURE
SYN_TRAJ_033	29	SYN_PROS_SPK_05	SYN_ITEM_01	SYN_SHORT	66.29	290	170.000000000002	0.90625	115.8012	115.8012		115.8012	-1.2102977627942	observed	FALSE	SYNTHETIC_TEACHING_FIXTURE
SYN_TRAJ_033	30	SYN_PROS_SPK_05	SYN_ITEM_01	SYN_SHORT	66.3	300	179.999999999993	0.9375	110.4583	110.4583		110.4583	-2.02807825622231	observed	FALSE	SYNTHETIC_TEACHING_FIXTURE
SYN_TRAJ_033	31	SYN_PROS_SPK_05	SYN_ITEM_01	SYN_SHORT	66.31	310	189.999999999998	0.96875	109.3046	109.3046		109.3046	-2.20985080030286	observed	FALSE	SYNTHETIC_TEACHING_FIXTURE
SYN_TRAJ_033	32	SYN_PROS_SPK_05	SYN_ITEM_01	SYN_SHORT	66.32	320	199.999999999989	1	109.0823	109.0823		109.0823	-2.24509590539208	observed	FALSE	SYNTHETIC_TEACHING_FIXTURE
SYN_TRAJ_034	0	SYN_PROS_SPK_05	SYN_ITEM_02	SYN_LONG	68	0	-120.000000000005	0	116.4113	116.4113		116.4113	-1.11932692154472	observed	TRUE	SYNTHETIC_TEACHING_FIXTURE
SYN_TRAJ_034	1	SYN_PROS_SPK_05	SYN_ITEM_02	SYN_LONG	68.01	10	-109.999999999999	0.0216919739696312	118.0215	118.0215		118.0215	-0.881503809447179	observed	FALSE	SYNTHETIC_TEACHING_FIXTURE
SYN_TRAJ_034	2	SYN_PROS_SPK_05	SYN_ITEM_02	SYN_LONG	68.02	20	-100.000000000009	0.0433839479392625	120.4033	120.4033		120.4033	-0.535600997942637	observed	FALSE	SYNTHETIC_TEACHING_FIXTURE
SYN_TRAJ_034	3	SYN_PROS_SPK_05	SYN_ITEM_02	SYN_LONG	68.03	30	-90.0000000000034	0.0650759219088937	121.2507	121.2507		121.2507	-0.414183289441183	observed	FALSE	SYNTHETIC_TEACHING_FIXTURE
SYN_TRAJ_034	4	SYN_PROS_SPK_05	SYN_ITEM_02	SYN_LONG	68.04	40	-79.9999999999983	0.086767895878525	122.6689	122.6689		122.6689	-0.212865822914797	observed	FALSE	SYNTHETIC_TEACHING_FIXTURE
SYN_TRAJ_034	5	SYN_PROS_SPK_05	SYN_ITEM_02	SYN_LONG	68.05	50	-70.0000000000074	0.108459869848156	120.8947	120.8947		120.8947	-0.46508822222277	observed	FALSE	SYNTHETIC_TEACHING_FIXTURE
SYN_TRAJ_034	6	SYN_PROS_SPK_05	SYN_ITEM_02	SYN_LONG	68.06	60	-60.0000000000023	0.130151843817787	122.0417	122.0417		122.0417	-0.301610027148662	observed	FALSE	SYNTHETIC_TEACHING_FIXTURE
SYN_TRAJ_034	7	SYN_PROS_SPK_05	SYN_ITEM_02	SYN_LONG	68.07	70	-50.0000000000114	0.151843817787419	120.2084	120.2084		120.2084	-0.563647646543664	observed	FALSE	SYNTHETIC_TEACHING_FIXTURE
SYN_TRAJ_034	8	SYN_PROS_SPK_05	SYN_ITEM_02	SYN_LONG	68.08	80	-40.0000000000063	0.17353579175705	121.1191	121.1191		121.1191	-0.432983521421133	observed	FALSE	SYNTHETIC_TEACHING_FIXTURE
SYN_TRAJ_034	9	SYN_PROS_SPK_05	SYN_ITEM_02	SYN_LONG	68.09	90	-30.0000000000011	0.195227765726681	119.5369	119.5369		119.5369	-0.6606277920526	observed	FALSE	SYNTHETIC_TEACHING_FIXTURE
SYN_TRAJ_034	10	SYN_PROS_SPK_05	SYN_ITEM_02	SYN_LONG	68.1	100	-20.0000000000102	0.216919739696312	125.7564	125.7564		125.7564	0.21748167886795	observed	FALSE	SYNTHETIC_TEACHING_FIXTURE
SYN_TRAJ_034	11	SYN_PROS_SPK_05	SYN_ITEM_02	SYN_LONG	68.11	110	-10.0000000000051	0.238611713665944	124.1553	124.1553		124.1553	-0.00435001297526671	observed	FALSE	SYNTHETIC_TEACHING_FIXTURE
SYN_TRAJ_034	12	SYN_PROS_SPK_05	SYN_ITEM_02	SYN_LONG	68.12	120	0	0.260303687635575	126.2586	126.2586		126.2586	0.286479705991409	observed	FALSE	SYNTHETIC_TEACHING_FIXTURE
SYN_TRAJ_034	13	SYN_PROS_SPK_05	SYN_ITEM_02	SYN_LONG	68.13	130	9.9999999999909	0.281995661605206	134.0113	134.0113		134.0113	1.3181556636114	observed	FALSE	SYNTHETIC_TEACHING_FIXTURE
SYN_TRAJ_034	14	SYN_PROS_SPK_05	SYN_ITEM_02	SYN_LONG	68.14	140	19.999999999996	0.303687635574837	132.7349	132.7349		132.7349	1.15247277808726	observed	FALSE	SYNTHETIC_TEACHING_FIXTURE
SYN_TRAJ_034	15	SYN_PROS_SPK_05	SYN_ITEM_02	SYN_LONG	68.15	150	30.0000000000011	0.325379609544469	132.1235	132.1235		132.1235	1.07254490887747	observed	FALSE	SYNTHETIC_TEACHING_FIXTURE
SYN_TRAJ_034	16	SYN_PROS_SPK_05	SYN_ITEM_02	SYN_LONG	68.16	160	39.999999999992	0.3470715835141	134.6998	134.6998		134.6998	1.40687230026679	observed	FALSE	SYNTHETIC_TEACHING_FIXTURE
SYN_TRAJ_034	17	SYN_PROS_SPK_05	SYN_ITEM_02	SYN_LONG	68.17	170	49.9999999999972	0.368763557483731	136.9103	136.9103		136.9103	1.68867164134877	observed	FALSE	SYNTHETIC_TEACHING_FIXTURE
SYN_TRAJ_034	18	SYN_PROS_SPK_05	SYN_ITEM_02	SYN_LONG	68.18	180	60.0000000000023	0.390455531453362	143.0024	143.0024		143.0024	2.44237211408666	observed	FALSE	SYNTHETIC_TEACHING_FIXTURE
SYN_TRAJ_034	19	SYN_PROS_SPK_05	SYN_ITEM_02	SYN_LONG	68.19	190	69.9999999999932	0.412147505422993	143.9864	143.9864		143.9864	2.56109040413303	observed	FALSE	SYNTHETIC_TEACHING_FIXTURE
SYN_TRAJ_034	20	SYN_PROS_SPK_05	SYN_ITEM_02	SYN_LONG	68.2	200	79.9999999999983	0.433839479392625	142.4144	142.4144		142.4144	2.37104014897431	observed	FALSE	SYNTHETIC_TEACHING_FIXTURE
SYN_TRAJ_034	21	SYN_PROS_SPK_05	SYN_ITEM_02	SYN_LONG	68.21	210	89.9999999999892	0.455531453362256	144.979	144.979		144.979	2.68002711253411	observed	FALSE	SYNTHETIC_TEACHING_FIXTURE
SYN_TRAJ_034	22	SYN_PROS_SPK_05	SYN_ITEM_02	SYN_LONG	68.22	220	99.9999999999943	0.477223427331887	140.9967	140.9967		140.9967	2.19783656002765	observed	FALSE	SYNTHETIC_TEACHING_FIXTURE
SYN_TRAJ_034	23	SYN_PROS_SPK_05	SYN_ITEM_02	SYN_LONG	68.23	230	109.999999999999	0.498915401301518	140.9844	140.9844		140.9844	2.19632623335561	observed	FALSE	SYNTHETIC_TEACHING_FIXTURE
SYN_TRAJ_034	24	SYN_PROS_SPK_05	SYN_ITEM_02	SYN_LONG	68.24	240	119.99999999999	0.52060737527115	135.483	135.483		135.483	1.50724185044486	observed	FALSE	SYNTHETIC_TEACHING_FIXTURE
SYN_TRAJ_034	25	SYN_PROS_SPK_05	SYN_ITEM_02	SYN_LONG	68.25	250	129.999999999995	0.542299349240781	131.5682	131.5682		131.5682	0.999629781965959	observed	FALSE	SYNTHETIC_TEACHING_FIXTURE
SYN_TRAJ_034	26	SYN_PROS_SPK_05	SYN_ITEM_02	SYN_LONG	68.26	260	140.000000000001	0.563991323210412	130.4022	130.4022		130.4022	0.845518307445573	observed	FALSE	SYNTHETIC_TEACHING_FIXTURE
SYN_TRAJ_034	27	SYN_PROS_SPK_05	SYN_ITEM_02	SYN_LONG	68.27	270	149.999999999991	0.585683297180043	130.2493	130.2493		130.2493	0.825207224143558	observed	FALSE	SYNTHETIC_TEACHING_FIXTURE
SYN_TRAJ_034	28	SYN_PROS_SPK_05	SYN_ITEM_02	SYN_LONG	68.28	280	159.999999999997	0.607375271149675	130.0717	130.0717		130.0717	0.801585064208925	observed	FALSE	SYNTHETIC_TEACHING_FIXTURE
SYN_TRAJ_034	29	SYN_PROS_SPK_05	SYN_ITEM_02	SYN_LONG	68.29	290	170.000000000002	0.629067245119306	128.4146	128.4146		128.4146	0.579610650488697	observed	FALSE	SYNTHETIC_TEACHING_FIXTURE
SYN_TRAJ_034	30	SYN_PROS_SPK_05	SYN_ITEM_02	SYN_LONG	68.3	300	179.999999999993	0.650759219088937	127.2334	127.2334		127.2334	0.419629096879389	observed	FALSE	SYNTHETIC_TEACHING_FIXTURE
SYN_TRAJ_034	31	SYN_PROS_SPK_05	SYN_ITEM_02	SYN_LONG	68.31	310	189.999999999998	0.672451193058568	122.0474	122.0474		122.0474	-0.300801467153032	observed	FALSE	SYNTHETIC_TEACHING_FIXTURE
SYN_TRAJ_034	32	SYN_PROS_SPK_05	SYN_ITEM_02	SYN_LONG	68.32	320	199.999999999989	0.6941431670282	120.9387	120.9387		120.9387	-0.458788488687247	observed	FALSE	SYNTHETIC_TEACHING_FIXTURE
SYN_TRAJ_034	33	SYN_PROS_SPK_05	SYN_ITEM_02	SYN_LONG	68.33	330	209.999999999994	0.715835140997831	113.9611	113.9611		113.9611	-1.48760277626257	observed	FALSE	SYNTHETIC_TEACHING_FIXTURE
SYN_TRAJ_034	34	SYN_PROS_SPK_05	SYN_ITEM_02	SYN_LONG	68.34	340	219.999999999999	0.737527114967462	112.0375	112.0375		112.0375	-1.78231984449981	observed	FALSE	SYNTHETIC_TEACHING_FIXTURE
SYN_TRAJ_034	35	SYN_PROS_SPK_05	SYN_ITEM_02	SYN_LONG	68.35	350	229.99999999999	0.759219088937093	107.5172	107.5172		107.5172	-2.49529053360158	observed	FALSE	SYNTHETIC_TEACHING_FIXTURE
SYN_TRAJ_034	36	SYN_PROS_SPK_05	SYN_ITEM_02	SYN_LONG	68.36	360	239.999999999995	0.780911062906725	109.6633	109.6633		109.6633	-2.15313068663503	observed	FALSE	SYNTHETIC_TEACHING_FIXTURE
SYN_TRAJ_034	37	SYN_PROS_SPK_05	SYN_ITEM_02	SYN_LONG	68.37	370	250	0.802603036876356	108.0685	108.0685		108.0685	-2.40674742413606	observed	FALSE	SYNTHETIC_TEACHING_FIXTURE
SYN_TRAJ_034	38	SYN_PROS_SPK_05	SYN_ITEM_02	SYN_LONG	68.38	380	259.999999999991	0.824295010845987	108.0753	108.0753		108.0753	-2.40565811308133	observed	FALSE	SYNTHETIC_TEACHING_FIXTURE
SYN_TRAJ_034	39	SYN_PROS_SPK_05	SYN_ITEM_02	SYN_LONG	68.39	390	269.999999999996	0.845986984815618	108.3396	108.3396		108.3396	-2.36337217189586	observed	FALSE	SYNTHETIC_TEACHING_FIXTURE
SYN_TRAJ_034	40	SYN_PROS_SPK_05	SYN_ITEM_02	SYN_LONG	68.4	400	280.000000000001	0.86767895878525	109.8077	109.8077		109.8077	-2.13034952349656	observed	FALSE	SYNTHETIC_TEACHING_FIXTURE
SYN_TRAJ_034	41	SYN_PROS_SPK_05	SYN_ITEM_02	SYN_LONG	68.41	410	289.999999999992	0.889370932754881	108.6802		estimator_failure	108.19725	-2.38613422855143	interpolated_estimator_failure	FALSE	SYNTHETIC_TEACHING_FIXTURE
SYN_TRAJ_034	42	SYN_PROS_SPK_05	SYN_ITEM_02	SYN_LONG	68.42	420	299.999999999997	0.911062906724512	106.5868	106.5868		106.5868	-2.64575482182992	observed	FALSE	SYNTHETIC_TEACHING_FIXTURE
SYN_TRAJ_034	43	SYN_PROS_SPK_05	SYN_ITEM_02	SYN_LONG	68.43	430	310.000000000002	0.932754880694143	106.8311	106.8311		106.8311	-2.60611984623325	observed	FALSE	SYNTHETIC_TEACHING_FIXTURE
SYN_TRAJ_034	44	SYN_PROS_SPK_05	SYN_ITEM_02	SYN_LONG	68.44	440	319.999999999993	0.954446854663774	106.6701	106.6701		106.6701	-2.63223011959317	observed	FALSE	SYNTHETIC_TEACHING_FIXTURE
SYN_TRAJ_034	45	SYN_PROS_SPK_05	SYN_ITEM_02	SYN_LONG	68.45	450	329.999999999998	0.976138828633406	109.0543	109.0543		109.0543	-2.24954032724886	observed	FALSE	SYNTHETIC_TEACHING_FIXTURE
SYN_TRAJ_034	46	SYN_PROS_SPK_05	SYN_ITEM_02	SYN_LONG	68.46	460	339.999999999989	0.997830802603037	107.5493	107.5493		107.5493	-2.49012258662818	observed	FALSE	SYNTHETIC_TEACHING_FIXTURE
SYN_TRAJ_035	0	SYN_PROS_SPK_05	SYN_ITEM_03	SYN_SHORT	70	0	-120.000000000005	0			structural_unvoiced			missing	TRUE	SYNTHETIC_TEACHING_FIXTURE
SYN_TRAJ_035	1	SYN_PROS_SPK_05	SYN_ITEM_03	SYN_SHORT	70.01	10	-109.999999999999	0.0321543408360129			structural_unvoiced			missing	FALSE	SYNTHETIC_TEACHING_FIXTURE
SYN_TRAJ_035	2	SYN_PROS_SPK_05	SYN_ITEM_03	SYN_SHORT	70.02	20	-100.000000000009	0.0643086816720257			structural_unvoiced			missing	FALSE	SYNTHETIC_TEACHING_FIXTURE
SYN_TRAJ_035	3	SYN_PROS_SPK_05	SYN_ITEM_03	SYN_SHORT	70.03	30	-90.0000000000034	0.0964630225080386	117.4984	117.4984		117.4984	-0.958406866913165	observed	FALSE	SYNTHETIC_TEACHING_FIXTURE
SYN_TRAJ_035	4	SYN_PROS_SPK_05	SYN_ITEM_03	SYN_SHORT	70.04	40	-79.9999999999983	0.128617363344051	119.1728	119.1728		119.1728	-0.713440292432293	observed	FALSE	SYNTHETIC_TEACHING_FIXTURE
SYN_TRAJ_035	5	SYN_PROS_SPK_05	SYN_ITEM_03	SYN_SHORT	70.05	50	-70.0000000000074	0.160771704180064	116.5721	116.5721		116.5721	-1.09542972721311	observed	FALSE	SYNTHETIC_TEACHING_FIXTURE
SYN_TRAJ_035	6	SYN_PROS_SPK_05	SYN_ITEM_03	SYN_SHORT	70.06	60	-60.0000000000023	0.192926045016077	118.0312	118.0312		118.0312	-0.880080994094049	observed	FALSE	SYNTHETIC_TEACHING_FIXTURE
SYN_TRAJ_035	7	SYN_PROS_SPK_05	SYN_ITEM_03	SYN_SHORT	70.07	70	-50.0000000000114	0.22508038585209	117.8781	117.8781		117.8781	-0.90255166143298	observed	FALSE	SYNTHETIC_TEACHING_FIXTURE
SYN_TRAJ_035	8	SYN_PROS_SPK_05	SYN_ITEM_03	SYN_SHORT	70.08	80	-40.0000000000063	0.257234726688103	119.19	119.19		119.19	-0.710941813164921	observed	FALSE	SYNTHETIC_TEACHING_FIXTURE
SYN_TRAJ_035	9	SYN_PROS_SPK_05	SYN_ITEM_03	SYN_SHORT	70.09	90	-30.0000000000011	0.289389067524116	119.7033	119.7033		119.7033	-0.636545100914653	observed	FALSE	SYNTHETIC_TEACHING_FIXTURE
SYN_TRAJ_035	10	SYN_PROS_SPK_05	SYN_ITEM_03	SYN_SHORT	70.1	100	-20.0000000000102	0.321543408360129	123.2217	123.2217		123.2217	-0.135024067706411	observed	FALSE	SYNTHETIC_TEACHING_FIXTURE
SYN_TRAJ_035	11	SYN_PROS_SPK_05	SYN_ITEM_03	SYN_SHORT	70.11	110	-10.0000000000051	0.353697749196141	122.3452	122.3452		122.3452	-0.258610193359635	observed	FALSE	SYNTHETIC_TEACHING_FIXTURE
SYN_TRAJ_035	12	SYN_PROS_SPK_05	SYN_ITEM_03	SYN_SHORT	70.12	120	0	0.385852090032154	123.5953	123.5953		123.5953	-0.0826136150465841	observed	FALSE	SYNTHETIC_TEACHING_FIXTURE
SYN_TRAJ_035	13	SYN_PROS_SPK_05	SYN_ITEM_03	SYN_SHORT	70.13	130	9.9999999999909	0.418006430868167	128.6313	128.6313		128.6313	0.608800651753834	observed	FALSE	SYNTHETIC_TEACHING_FIXTURE
SYN_TRAJ_035	14	SYN_PROS_SPK_05	SYN_ITEM_03	SYN_SHORT	70.14	140	19.999999999996	0.45016077170418	133.7302	133.7302		133.7302	1.28180343058064	observed	FALSE	SYNTHETIC_TEACHING_FIXTURE
SYN_TRAJ_035	15	SYN_PROS_SPK_05	SYN_ITEM_03	SYN_SHORT	70.15	150	30.0000000000011	0.482315112540193	134.2603	134.2603		134.2603	1.35029304990253	observed	FALSE	SYNTHETIC_TEACHING_FIXTURE
SYN_TRAJ_035	16	SYN_PROS_SPK_05	SYN_ITEM_03	SYN_SHORT	70.16	160	39.999999999992	0.514469453376206	135.9213	135.9213		135.9213	1.56315846955222	observed	FALSE	SYNTHETIC_TEACHING_FIXTURE
SYN_TRAJ_035	17	SYN_PROS_SPK_05	SYN_ITEM_03	SYN_SHORT	70.17	170	49.9999999999972	0.546623794212219	135.6228	135.6228		135.6228	1.52509661721946	observed	FALSE	SYNTHETIC_TEACHING_FIXTURE
SYN_TRAJ_035	18	SYN_PROS_SPK_05	SYN_ITEM_03	SYN_SHORT	70.18	180	60.0000000000023	0.578778135048232	135.1586	135.1586		135.1586	1.46573953930883	observed	FALSE	SYNTHETIC_TEACHING_FIXTURE
SYN_TRAJ_035	19	SYN_PROS_SPK_05	SYN_ITEM_03	SYN_SHORT	70.19	190	69.9999999999932	0.610932475884244	135.133	135.133		135.133	1.46246014832601	observed	FALSE	SYNTHETIC_TEACHING_FIXTURE
SYN_TRAJ_035	20	SYN_PROS_SPK_05	SYN_ITEM_03	SYN_SHORT	70.2	200	79.9999999999983	0.643086816720257	134.0575	134.0575		134.0575	1.32412301332601	observed	FALSE	SYNTHETIC_TEACHING_FIXTURE
SYN_TRAJ_035	21	SYN_PROS_SPK_05	SYN_ITEM_03	SYN_SHORT	70.21	210	89.9999999999892	0.67524115755627	134.2384	134.2384		134.2384	1.34746890023189	observed	FALSE	SYNTHETIC_TEACHING_FIXTURE
SYN_TRAJ_035	22	SYN_PROS_SPK_05	SYN_ITEM_03	SYN_SHORT	70.22	220	99.9999999999943	0.707395498392283	127.9061	127.9061		127.9061	0.510920632956623	observed	FALSE	SYNTHETIC_TEACHING_FIXTURE
SYN_TRAJ_035	23	SYN_PROS_SPK_05	SYN_ITEM_03	SYN_SHORT	70.23	230	109.999999999999	0.739549839228296	126.6024	126.6024		126.6024	0.333556845829898	observed	FALSE	SYNTHETIC_TEACHING_FIXTURE
SYN_TRAJ_035	24	SYN_PROS_SPK_05	SYN_ITEM_03	SYN_SHORT	70.24	240	119.99999999999	0.771704180064309	123.3408	123.3408		123.3408	-0.118298897311029	observed	FALSE	SYNTHETIC_TEACHING_FIXTURE
SYN_TRAJ_035	25	SYN_PROS_SPK_05	SYN_ITEM_03	SYN_SHORT	70.25	250	129.999999999995	0.803858520900322	121.1605	121.1605		121.1605	-0.42706696135343	observed	FALSE	SYNTHETIC_TEACHING_FIXTURE
SYN_TRAJ_035	26	SYN_PROS_SPK_05	SYN_ITEM_03	SYN_SHORT	70.26	260	140.000000000001	0.836012861736334	119.318	119.318		119.318	-0.692359796666102	observed	FALSE	SYNTHETIC_TEACHING_FIXTURE
SYN_TRAJ_035	27	SYN_PROS_SPK_05	SYN_ITEM_03	SYN_SHORT	70.27	270	149.999999999991	0.868167202572347	116.0812	116.0812		116.0812	-1.16848814125003	observed	FALSE	SYNTHETIC_TEACHING_FIXTURE
SYN_TRAJ_035	28	SYN_PROS_SPK_05	SYN_ITEM_03	SYN_SHORT	70.28	280	159.999999999997	0.90032154340836	111.9619	111.9619		111.9619	-1.79400570607613	observed	FALSE	SYNTHETIC_TEACHING_FIXTURE
SYN_TRAJ_035	29	SYN_PROS_SPK_05	SYN_ITEM_03	SYN_SHORT	70.29	290	170.000000000002	0.932475884244373			structural_unvoiced			missing	FALSE	SYNTHETIC_TEACHING_FIXTURE
SYN_TRAJ_035	30	SYN_PROS_SPK_05	SYN_ITEM_03	SYN_SHORT	70.3	300	179.999999999993	0.964630225080386			structural_unvoiced			missing	FALSE	SYNTHETIC_TEACHING_FIXTURE
SYN_TRAJ_035	31	SYN_PROS_SPK_05	SYN_ITEM_03	SYN_SHORT	70.31	310	189.999999999998	0.996784565916399			structural_unvoiced			missing	FALSE	SYNTHETIC_TEACHING_FIXTURE
SYN_TRAJ_036	0	SYN_PROS_SPK_05	SYN_ITEM_04	SYN_LONG	72	0	-120.000000000005	0	120.4369	120.4369		120.4369	-0.530770453504789	observed	TRUE	SYNTHETIC_TEACHING_FIXTURE
SYN_TRAJ_036	1	SYN_PROS_SPK_05	SYN_ITEM_04	SYN_LONG	72.01	10	-109.999999999999	0.0202429149797571	117.644	117.644		117.644	-0.936967287342741	observed	FALSE	SYNTHETIC_TEACHING_FIXTURE
SYN_TRAJ_036	2	SYN_PROS_SPK_05	SYN_ITEM_04	SYN_LONG	72.02	20	-100.000000000009	0.0404858299595142	120.1235	120.1235		120.1235	-0.575879212713605	observed	FALSE	SYNTHETIC_TEACHING_FIXTURE
SYN_TRAJ_036	3	SYN_PROS_SPK_05	SYN_ITEM_04	SYN_LONG	72.03	30	-90.0000000000034	0.0607287449392713	119.1397	119.1397		119.1397	-0.718249427277723	observed	FALSE	SYNTHETIC_TEACHING_FIXTURE
SYN_TRAJ_036	4	SYN_PROS_SPK_05	SYN_ITEM_04	SYN_LONG	72.04	40	-79.9999999999983	0.0809716599190283	116.98	116.98		116.98	-1.03495747398809	observed	FALSE	SYNTHETIC_TEACHING_FIXTURE
SYN_TRAJ_036	5	SYN_PROS_SPK_05	SYN_ITEM_04	SYN_LONG	72.05	50	-70.0000000000074	0.101214574898785	118.6077	118.6077		118.6077	-0.795728133781744	observed	FALSE	SYNTHETIC_TEACHING_FIXTURE
SYN_TRAJ_036	6	SYN_PROS_SPK_05	SYN_ITEM_04	SYN_LONG	72.06	60	-60.0000000000023	0.121457489878543	121.3238	121.3238		121.3238	-0.403749116614471	observed	FALSE	SYNTHETIC_TEACHING_FIXTURE
SYN_TRAJ_036	7	SYN_PROS_SPK_05	SYN_ITEM_04	SYN_LONG	72.07	70	-50.0000000000114	0.1417004048583	124.6861	124.6861		124.6861	0.0695075064719957	observed	FALSE	SYNTHETIC_TEACHING_FIXTURE
SYN_TRAJ_036	8	SYN_PROS_SPK_05	SYN_ITEM_04	SYN_LONG	72.08	80	-40.0000000000063	0.161943319838057	126.7897	126.7897		126.7897	0.35915039799241	observed	FALSE	SYNTHETIC_TEACHING_FIXTURE
SYN_TRAJ_036	9	SYN_PROS_SPK_05	SYN_ITEM_04	SYN_LONG	72.09	90	-30.0000000000011	0.182186234817814	123.9907	123.9907		123.9907	-0.027317231166973	observed	FALSE	SYNTHETIC_TEACHING_FIXTURE
SYN_TRAJ_036	10	SYN_PROS_SPK_05	SYN_ITEM_04	SYN_LONG	72.1	100	-20.0000000000102	0.202429149797571	126.8719	126.8719		126.8719	0.370370657094658	observed	FALSE	SYNTHETIC_TEACHING_FIXTURE
SYN_TRAJ_036	11	SYN_PROS_SPK_05	SYN_ITEM_04	SYN_LONG	72.11	110	-10.0000000000051	0.222672064777328	129.4528	129.4528		129.4528	0.719013839980652	observed	FALSE	SYNTHETIC_TEACHING_FIXTURE
SYN_TRAJ_036	12	SYN_PROS_SPK_05	SYN_ITEM_04	SYN_LONG	72.12	120	0	0.242914979757085	127.7732	127.7732		127.7732	0.492923006567445	observed	FALSE	SYNTHETIC_TEACHING_FIXTURE
SYN_TRAJ_036	13	SYN_PROS_SPK_05	SYN_ITEM_04	SYN_LONG	72.13	130	9.9999999999909	0.263157894736842	133.5804	133.5804		133.5804	1.26239986875419	observed	FALSE	SYNTHETIC_TEACHING_FIXTURE
SYN_TRAJ_036	14	SYN_PROS_SPK_05	SYN_ITEM_04	SYN_LONG	72.14	140	19.999999999996	0.283400809716599	130.8001	130.8001		130.8001	0.898263521478618	observed	FALSE	SYNTHETIC_TEACHING_FIXTURE
SYN_TRAJ_036	15	SYN_PROS_SPK_05	SYN_ITEM_04	SYN_LONG	72.15	150	30.0000000000011	0.303643724696356	129.3918	129.3918		129.3918	0.710854096339249	observed	FALSE	SYNTHETIC_TEACHING_FIXTURE
SYN_TRAJ_036	16	SYN_PROS_SPK_05	SYN_ITEM_04	SYN_LONG	72.16	160	39.999999999992	0.323886639676113	132.0128	132.0128		132.0128	1.05803364174361	observed	FALSE	SYNTHETIC_TEACHING_FIXTURE
SYN_TRAJ_036	17	SYN_PROS_SPK_05	SYN_ITEM_04	SYN_LONG	72.17	170	49.9999999999972	0.34412955465587	131.6004	131.6004		131.6004	1.00386628561101	observed	FALSE	SYNTHETIC_TEACHING_FIXTURE
SYN_TRAJ_036	18	SYN_PROS_SPK_05	SYN_ITEM_04	SYN_LONG	72.18	180	60.0000000000023	0.364372469635628	136.7308	136.7308		136.7308	1.66595893069385	observed	FALSE	SYNTHETIC_TEACHING_FIXTURE
SYN_TRAJ_036	19	SYN_PROS_SPK_05	SYN_ITEM_04	SYN_LONG	72.19	190	69.9999999999932	0.384615384615385	134.9647	134.9647		134.9647	1.44088523464352	observed	FALSE	SYNTHETIC_TEACHING_FIXTURE
SYN_TRAJ_036	20	SYN_PROS_SPK_05	SYN_ITEM_04	SYN_LONG	72.2	200	79.9999999999983	0.404858299595142	134.1756	134.1756		134.1756	1.33936786971446	observed	FALSE	SYNTHETIC_TEACHING_FIXTURE
SYN_TRAJ_036	21	SYN_PROS_SPK_05	SYN_ITEM_04	SYN_LONG	72.21	210	89.9999999999892	0.425101214574899	132.6849	132.6849		132.6849	1.14595015215827	observed	FALSE	SYNTHETIC_TEACHING_FIXTURE
SYN_TRAJ_036	22	SYN_PROS_SPK_05	SYN_ITEM_04	SYN_LONG	72.22	220	99.9999999999943	0.445344129554656	135.1382	135.1382		135.1382	1.46312632489653	observed	FALSE	SYNTHETIC_TEACHING_FIXTURE
SYN_TRAJ_036	23	SYN_PROS_SPK_05	SYN_ITEM_04	SYN_LONG	72.23	230	109.999999999999	0.465587044534413	138.9405	138.9405		138.9405	1.94350612642795	observed	FALSE	SYNTHETIC_TEACHING_FIXTURE
SYN_TRAJ_036	24	SYN_PROS_SPK_05	SYN_ITEM_04	SYN_LONG	72.24	240	119.99999999999	0.48582995951417	138.3251	138.3251		138.3251	1.86665539678063	observed	FALSE	SYNTHETIC_TEACHING_FIXTURE
SYN_TRAJ_036	25	SYN_PROS_SPK_05	SYN_ITEM_04	SYN_LONG	72.25	250	129.999999999995	0.506072874493927	136.7305	136.7305		136.7305	1.66592094577864	observed	FALSE	SYNTHETIC_TEACHING_FIXTURE
SYN_TRAJ_036	26	SYN_PROS_SPK_05	SYN_ITEM_04	SYN_LONG	72.26	260	140.000000000001	0.526315789473684	136.2199	136.2199		136.2199	1.60114953408066	observed	FALSE	SYNTHETIC_TEACHING_FIXTURE
SYN_TRAJ_036	27	SYN_PROS_SPK_05	SYN_ITEM_04	SYN_LONG	72.27	270	149.999999999991	0.546558704453441	133.9121	133.9121		133.9121	1.30533569898604	observed	FALSE	SYNTHETIC_TEACHING_FIXTURE
SYN_TRAJ_036	28	SYN_PROS_SPK_05	SYN_ITEM_04	SYN_LONG	72.28	280	159.999999999997	0.566801619433198	133.1476	133.1476		133.1476	1.20621688428815	observed	FALSE	SYNTHETIC_TEACHING_FIXTURE
SYN_TRAJ_036	29	SYN_PROS_SPK_05	SYN_ITEM_04	SYN_LONG	72.29	290	170.000000000002	0.587044534412955	128.2885	128.2885		128.2885	0.562602002665818	observed	FALSE	SYNTHETIC_TEACHING_FIXTURE
SYN_TRAJ_036	30	SYN_PROS_SPK_05	SYN_ITEM_04	SYN_LONG	72.3	300	179.999999999993	0.607287449392713	125.1288	125.1288		125.1288	0.130866385850624	observed	FALSE	SYNTHETIC_TEACHING_FIXTURE
SYN_TRAJ_036	31	SYN_PROS_SPK_05	SYN_ITEM_04	SYN_LONG	72.31	310	189.999999999998	0.62753036437247	123.2812	123.2812		123.2812	-0.126666484252426	observed	FALSE	SYNTHETIC_TEACHING_FIXTURE
SYN_TRAJ_036	32	SYN_PROS_SPK_05	SYN_ITEM_04	SYN_LONG	72.32	320	199.999999999989	0.647773279352227	123.9911	123.9911		123.9911	-0.0272613808086311	observed	FALSE	SYNTHETIC_TEACHING_FIXTURE
SYN_TRAJ_036	33	SYN_PROS_SPK_05	SYN_ITEM_04	SYN_LONG	72.33	330	209.999999999994	0.668016194331984	121.8174	121.8174		121.8174	-0.333457590492689	observed	FALSE	SYNTHETIC_TEACHING_FIXTURE
SYN_TRAJ_036	34	SYN_PROS_SPK_05	SYN_ITEM_04	SYN_LONG	72.34	340	219.999999999999	0.688259109311741	121.8973	121.8973		121.8973	-0.322106153301892	observed	FALSE	SYNTHETIC_TEACHING_FIXTURE
SYN_TRAJ_036	35	SYN_PROS_SPK_05	SYN_ITEM_04	SYN_LONG	72.35	350	229.99999999999	0.708502024291498	120.8065	120.8065		120.8065	-0.477723231888042	observed	FALSE	SYNTHETIC_TEACHING_FIXTURE
SYN_TRAJ_036	36	SYN_PROS_SPK_05	SYN_ITEM_04	SYN_LONG	72.36	360	239.999999999995	0.728744939271255	118.2096	118.2096		118.2096	-0.853933756778297	observed	FALSE	SYNTHETIC_TEACHING_FIXTURE
SYN_TRAJ_036	37	SYN_PROS_SPK_05	SYN_ITEM_04	SYN_LONG	72.37	370	250	0.748987854251012	115.5705	115.5705		115.5705	-1.24482193558455	observed	FALSE	SYNTHETIC_TEACHING_FIXTURE
SYN_TRAJ_036	38	SYN_PROS_SPK_05	SYN_ITEM_04	SYN_LONG	72.38	380	259.999999999991	0.769230769230769	112.6935	112.6935		112.6935	-1.68124854041846	observed	FALSE	SYNTHETIC_TEACHING_FIXTURE
SYN_TRAJ_036	39	SYN_PROS_SPK_05	SYN_ITEM_04	SYN_LONG	72.39	390	269.999999999996	0.789473684210526	114.4996	114.4996		114.4996	-1.40598950431371	observed	FALSE	SYNTHETIC_TEACHING_FIXTURE
SYN_TRAJ_036	40	SYN_PROS_SPK_05	SYN_ITEM_04	SYN_LONG	72.4	400	280.000000000001	0.809716599190283	110.3036	110.3036		110.3036	-2.05234167769398	observed	FALSE	SYNTHETIC_TEACHING_FIXTURE
SYN_TRAJ_036	41	SYN_PROS_SPK_05	SYN_ITEM_04	SYN_LONG	72.41	410	289.999999999992	0.82995951417004	110.2354	110.2354		110.2354	-2.06304909596558	observed	FALSE	SYNTHETIC_TEACHING_FIXTURE
SYN_TRAJ_036	42	SYN_PROS_SPK_05	SYN_ITEM_04	SYN_LONG	72.42	420	299.999999999997	0.850202429149798	111.2765	111.2765		111.2765	-1.90031282400096	observed	FALSE	SYNTHETIC_TEACHING_FIXTURE
SYN_TRAJ_036	43	SYN_PROS_SPK_05	SYN_ITEM_04	SYN_LONG	72.43	430	310.000000000002	0.870445344129555	110.2036	110.2036		110.2036	-2.06804396920872	observed	FALSE	SYNTHETIC_TEACHING_FIXTURE
SYN_TRAJ_036	44	SYN_PROS_SPK_05	SYN_ITEM_04	SYN_LONG	72.44	440	319.999999999993	0.890688259109312	111.6587	111.6587		111.6587	-1.84095222936946	observed	FALSE	SYNTHETIC_TEACHING_FIXTURE
SYN_TRAJ_036	45	SYN_PROS_SPK_05	SYN_ITEM_04	SYN_LONG	72.45	450	329.999999999998	0.910931174089069	105.3291	105.3291		105.3291	-2.85125130686285	observed	FALSE	SYNTHETIC_TEACHING_FIXTURE
SYN_TRAJ_036	46	SYN_PROS_SPK_05	SYN_ITEM_04	SYN_LONG	72.46	460	339.999999999989	0.931174089068826	110.2826	110.2826		110.2826	-2.05563797774722	observed	FALSE	SYNTHETIC_TEACHING_FIXTURE
SYN_TRAJ_036	47	SYN_PROS_SPK_05	SYN_ITEM_04	SYN_LONG	72.47	470	349.999999999994	0.951417004048583	111.4598	111.4598		111.4598	-1.87181856663641	observed	FALSE	SYNTHETIC_TEACHING_FIXTURE
SYN_TRAJ_036	48	SYN_PROS_SPK_05	SYN_ITEM_04	SYN_LONG	72.48	480	359.999999999999	0.97165991902834	110.3909	110.3909		110.3909	-2.0386452112785	observed	FALSE	SYNTHETIC_TEACHING_FIXTURE
SYN_TRAJ_036	49	SYN_PROS_SPK_05	SYN_ITEM_04	SYN_LONG	72.49	490	369.99999999999	0.991902834008097	111.6546	111.6546		111.6546	-1.84158793352161	observed	FALSE	SYNTHETIC_TEACHING_FIXTURE
SYN_TRAJ_037	0	SYN_PROS_SPK_05	SYN_ITEM_05	SYN_SHORT	74	0	-120.000000000005	0	115.5138	115.5138		115.5138	-1.25331762071348	observed	TRUE	SYNTHETIC_TEACHING_FIXTURE
SYN_TRAJ_037	1	SYN_PROS_SPK_05	SYN_ITEM_05	SYN_SHORT	74.01	10	-109.999999999999	0.0305810397553517	118.3989	118.3989		118.3989	-0.82623207442857	observed	FALSE	SYNTHETIC_TEACHING_FIXTURE
SYN_TRAJ_037	2	SYN_PROS_SPK_05	SYN_ITEM_05	SYN_SHORT	74.02	20	-100.000000000009	0.0611620795107034	122.8722	122.8722		122.8722	-0.18419771296484	observed	FALSE	SYNTHETIC_TEACHING_FIXTURE
SYN_TRAJ_037	3	SYN_PROS_SPK_05	SYN_ITEM_05	SYN_SHORT	74.03	30	-90.0000000000034	0.091743119266055	123.7415	123.7415		123.7415	-0.0621470732742596	observed	FALSE	SYNTHETIC_TEACHING_FIXTURE
SYN_TRAJ_037	4	SYN_PROS_SPK_05	SYN_ITEM_05	SYN_SHORT	74.04	40	-79.9999999999983	0.122324159021407	122.6579	122.6579		122.6579	-0.214418329575503	observed	FALSE	SYNTHETIC_TEACHING_FIXTURE
SYN_TRAJ_037	5	SYN_PROS_SPK_05	SYN_ITEM_05	SYN_SHORT	74.05	50	-70.0000000000074	0.152905198776758	125.8286	125.8286		125.8286	0.227418288902258	observed	FALSE	SYNTHETIC_TEACHING_FIXTURE
SYN_TRAJ_037	6	SYN_PROS_SPK_05	SYN_ITEM_05	SYN_SHORT	74.06	60	-60.0000000000023	0.18348623853211	121.4261		estimator_failure	121.688	-0.351857322657686	interpolated_estimator_failure	FALSE	SYNTHETIC_TEACHING_FIXTURE
SYN_TRAJ_037	7	SYN_PROS_SPK_05	SYN_ITEM_05	SYN_SHORT	74.07	70	-50.0000000000114	0.214067278287462	117.5474	117.5474		117.5474	-0.951188659258899	observed	FALSE	SYNTHETIC_TEACHING_FIXTURE
SYN_TRAJ_037	8	SYN_PROS_SPK_05	SYN_ITEM_05	SYN_SHORT	74.08	80	-40.0000000000063	0.244648318042813	121.0484	121.0484		121.0484	-0.443092082705903	observed	FALSE	SYNTHETIC_TEACHING_FIXTURE
SYN_TRAJ_037	9	SYN_PROS_SPK_05	SYN_ITEM_05	SYN_SHORT	74.09	90	-30.0000000000011	0.275229357798165	119.8924	119.8924		119.8924	-0.609217696737213	observed	FALSE	SYNTHETIC_TEACHING_FIXTURE
SYN_TRAJ_037	10	SYN_PROS_SPK_05	SYN_ITEM_05	SYN_SHORT	74.1	100	-20.0000000000102	0.305810397553517	121.8069	121.8069		121.8069	-0.334949884777493	observed	FALSE	SYNTHETIC_TEACHING_FIXTURE
SYN_TRAJ_037	11	SYN_PROS_SPK_05	SYN_ITEM_05	SYN_SHORT	74.11	110	-10.0000000000051	0.336391437308869	125.5711	125.5711		125.5711	0.191953415751539	observed	FALSE	SYNTHETIC_TEACHING_FIXTURE
SYN_TRAJ_037	12	SYN_PROS_SPK_05	SYN_ITEM_05	SYN_SHORT	74.12	120	0	0.36697247706422	128.777	128.777		128.777	0.628399151715734	observed	FALSE	SYNTHETIC_TEACHING_FIXTURE
SYN_TRAJ_037	13	SYN_PROS_SPK_05	SYN_ITEM_05	SYN_SHORT	74.13	130	9.9999999999909	0.397553516819572	130.339	130.339		130.339	0.837125771548389	observed	FALSE	SYNTHETIC_TEACHING_FIXTURE
SYN_TRAJ_037	14	SYN_PROS_SPK_05	SYN_ITEM_05	SYN_SHORT	74.14	140	19.999999999996	0.428134556574924	133.7526	133.7526		133.7526	1.28470302956717	observed	FALSE	SYNTHETIC_TEACHING_FIXTURE
SYN_TRAJ_037	15	SYN_PROS_SPK_05	SYN_ITEM_05	SYN_SHORT	74.15	150	30.0000000000011	0.458715596330275	136.9435	136.9435		136.9435	1.69286928043288	observed	FALSE	SYNTHETIC_TEACHING_FIXTURE
SYN_TRAJ_037	16	SYN_PROS_SPK_05	SYN_ITEM_05	SYN_SHORT	74.16	160	39.999999999992	0.489296636085627	137.1737	137.1737		137.1737	1.72194663652596	observed	FALSE	SYNTHETIC_TEACHING_FIXTURE
SYN_TRAJ_037	17	SYN_PROS_SPK_05	SYN_ITEM_05	SYN_SHORT	74.17	170	49.9999999999972	0.519877675840979	140.7314		quality_rejection			missing	FALSE	SYNTHETIC_TEACHING_FIXTURE
SYN_TRAJ_037	18	SYN_PROS_SPK_05	SYN_ITEM_05	SYN_SHORT	74.18	180	60.0000000000023	0.55045871559633	139.8672	139.8672		139.8672	2.05859193656423	observed	FALSE	SYNTHETIC_TEACHING_FIXTURE
SYN_TRAJ_037	19	SYN_PROS_SPK_05	SYN_ITEM_05	SYN_SHORT	74.19	190	69.9999999999932	0.581039755351682	136.4851	136.4851		136.4851	1.63482133434439	observed	FALSE	SYNTHETIC_TEACHING_FIXTURE
SYN_TRAJ_037	20	SYN_PROS_SPK_05	SYN_ITEM_05	SYN_SHORT	74.2	200	79.9999999999983	0.611620795107034	136.6214	136.6214		136.6214	1.6521015690132	observed	FALSE	SYNTHETIC_TEACHING_FIXTURE
SYN_TRAJ_037	21	SYN_PROS_SPK_05	SYN_ITEM_05	SYN_SHORT	74.21	210	89.9999999999892	0.642201834862385	135.9809	135.9809		135.9809	1.57074807721092	observed	FALSE	SYNTHETIC_TEACHING_FIXTURE
SYN_TRAJ_037	22	SYN_PROS_SPK_05	SYN_ITEM_05	SYN_SHORT	74.22	220	99.9999999999943	0.672782874617737	134.3757	134.3757		134.3757	1.36516703712327	observed	FALSE	SYNTHETIC_TEACHING_FIXTURE
SYN_TRAJ_037	23	SYN_PROS_SPK_05	SYN_ITEM_05	SYN_SHORT	74.23	230	109.999999999999	0.703363914373089	133.1688	133.1688		133.1688	1.20897316680907	observed	FALSE	SYNTHETIC_TEACHING_FIXTURE
SYN_TRAJ_037	24	SYN_PROS_SPK_05	SYN_ITEM_05	SYN_SHORT	74.24	240	119.99999999999	0.73394495412844	130.5152	130.5152		130.5152	0.860513816351883	observed	FALSE	SYNTHETIC_TEACHING_FIXTURE
SYN_TRAJ_037	25	SYN_PROS_SPK_05	SYN_ITEM_05	SYN_SHORT	74.25	250	129.999999999995	0.764525993883792	132.4215	132.4215		132.4215	1.11154832718716	observed	FALSE	SYNTHETIC_TEACHING_FIXTURE
SYN_TRAJ_037	26	SYN_PROS_SPK_05	SYN_ITEM_05	SYN_SHORT	74.26	260	140.000000000001	0.795107033639144	126.0363	126.0363		126.0363	0.255971484961001	observed	FALSE	SYNTHETIC_TEACHING_FIXTURE
SYN_TRAJ_037	27	SYN_PROS_SPK_05	SYN_ITEM_05	SYN_SHORT	74.27	270	149.999999999991	0.825688073394495	121.6644	121.6644		121.6644	-0.355215179303936	observed	FALSE	SYNTHETIC_TEACHING_FIXTURE
SYN_TRAJ_037	28	SYN_PROS_SPK_05	SYN_ITEM_05	SYN_SHORT	74.28	280	159.999999999997	0.856269113149847	120.6888	120.6888		120.6888	-0.494598613206795	observed	FALSE	SYNTHETIC_TEACHING_FIXTURE
SYN_TRAJ_037	29	SYN_PROS_SPK_05	SYN_ITEM_05	SYN_SHORT	74.29	290	170.000000000002	0.886850152905199	117.0257	117.0257		117.0257	-1.02819546801575	observed	FALSE	SYNTHETIC_TEACHING_FIXTURE
SYN_TRAJ_037	30	SYN_PROS_SPK_05	SYN_ITEM_05	SYN_SHORT	74.3	300	179.999999999993	0.91743119266055	116.3714	116.3714		116.3714	-1.12526174739168	observed	FALSE	SYNTHETIC_TEACHING_FIXTURE
SYN_TRAJ_037	31	SYN_PROS_SPK_05	SYN_ITEM_05	SYN_SHORT	74.31	310	189.999999999998	0.948012232415902	116.8326	116.8326		116.8326	-1.05678554763667	observed	FALSE	SYNTHETIC_TEACHING_FIXTURE
SYN_TRAJ_037	32	SYN_PROS_SPK_05	SYN_ITEM_05	SYN_SHORT	74.32	320	199.999999999989	0.978593272171254	113.7004	113.7004		113.7004	-1.52725224829625	observed	FALSE	SYNTHETIC_TEACHING_FIXTURE
SYN_TRAJ_038	0	SYN_PROS_SPK_05	SYN_ITEM_06	SYN_LONG	76	0	-120.000000000005	0	117.7525	117.7525		117.7525	-0.921007924512288	observed	TRUE	SYNTHETIC_TEACHING_FIXTURE
SYN_TRAJ_038	1	SYN_PROS_SPK_05	SYN_ITEM_06	SYN_LONG	76.01	10	-109.999999999999	0.0233644859813084	120.6043	120.6043		120.6043	-0.50672405592574	observed	FALSE	SYNTHETIC_TEACHING_FIXTURE
SYN_TRAJ_038	2	SYN_PROS_SPK_05	SYN_ITEM_06	SYN_LONG	76.02	20	-100.000000000009	0.0467289719626168	121.9631	121.9631		121.9631	-0.312763496339698	observed	FALSE	SYNTHETIC_TEACHING_FIXTURE
SYN_TRAJ_038	3	SYN_PROS_SPK_05	SYN_ITEM_06	SYN_LONG	76.03	30	-90.0000000000034	0.0700934579439252	124.9327	124.9327		124.9327	0.103713460141043	observed	FALSE	SYNTHETIC_TEACHING_FIXTURE
SYN_TRAJ_038	4	SYN_PROS_SPK_05	SYN_ITEM_06	SYN_LONG	76.04	40	-79.9999999999983	0.0934579439252336	124.5684	124.5684		124.5684	0.0531574495847208	observed	FALSE	SYNTHETIC_TEACHING_FIXTURE
SYN_TRAJ_038	5	SYN_PROS_SPK_05	SYN_ITEM_06	SYN_LONG	76.05	50	-70.0000000000074	0.116822429906542	125.1446	125.1446		125.1446	0.133052275202954	observed	FALSE	SYNTHETIC_TEACHING_FIXTURE
SYN_TRAJ_038	6	SYN_PROS_SPK_05	SYN_ITEM_06	SYN_LONG	76.06	60	-60.0000000000023	0.14018691588785	125.3532	125.3532		125.3532	0.161885702571411	observed	FALSE	SYNTHETIC_TEACHING_FIXTURE
SYN_TRAJ_038	7	SYN_PROS_SPK_05	SYN_ITEM_06	SYN_LONG	76.07	70	-50.0000000000114	0.163551401869159	131.1814	131.1814		131.1814	0.948657920245357	observed	FALSE	SYNTHETIC_TEACHING_FIXTURE
SYN_TRAJ_038	8	SYN_PROS_SPK_05	SYN_ITEM_06	SYN_LONG	76.08	80	-40.0000000000063	0.186915887850467	131.0216	131.0216		131.0216	0.927555855410619	observed	FALSE	SYNTHETIC_TEACHING_FIXTURE
SYN_TRAJ_038	9	SYN_PROS_SPK_05	SYN_ITEM_06	SYN_LONG	76.09	90	-30.0000000000011	0.210280373831776	133.3611	133.3611		133.3611	1.2339547066215	observed	FALSE	SYNTHETIC_TEACHING_FIXTURE
SYN_TRAJ_038	10	SYN_PROS_SPK_05	SYN_ITEM_06	SYN_LONG	76.1	100	-20.0000000000102	0.233644859813084	134.22	134.22		134.22	1.34509574248732	observed	FALSE	SYNTHETIC_TEACHING_FIXTURE
SYN_TRAJ_038	11	SYN_PROS_SPK_05	SYN_ITEM_06	SYN_LONG	76.11	110	-10.0000000000051	0.257009345794392	135.0948	135.0948		135.0948	1.45756552674267	observed	FALSE	SYNTHETIC_TEACHING_FIXTURE
SYN_TRAJ_038	12	SYN_PROS_SPK_05	SYN_ITEM_06	SYN_LONG	76.12	120	0	0.280373831775701	137.9229	137.9229		137.9229	1.81624396744668	observed	FALSE	SYNTHETIC_TEACHING_FIXTURE
SYN_TRAJ_038	13	SYN_PROS_SPK_05	SYN_ITEM_06	SYN_LONG	76.13	130	9.9999999999909	0.303738317757009	140.5895	140.5895		140.5895	2.14776599576132	observed	FALSE	SYNTHETIC_TEACHING_FIXTURE
SYN_TRAJ_038	14	SYN_PROS_SPK_05	SYN_ITEM_06	SYN_LONG	76.14	140	19.999999999996	0.327102803738318	141.5784	141.5784		141.5784	2.26911391382733	observed	FALSE	SYNTHETIC_TEACHING_FIXTURE
SYN_TRAJ_038	15	SYN_PROS_SPK_05	SYN_ITEM_06	SYN_LONG	76.15	150	30.0000000000011	0.350467289719626	143.5251	143.5251		143.5251	2.50553652527075	observed	FALSE	SYNTHETIC_TEACHING_FIXTURE
SYN_TRAJ_038	16	SYN_PROS_SPK_05	SYN_ITEM_06	SYN_LONG	76.16	160	39.999999999992	0.373831775700935	145.6803	145.6803		145.6803	2.76356937625189	observed	FALSE	SYNTHETIC_TEACHING_FIXTURE
SYN_TRAJ_038	17	SYN_PROS_SPK_05	SYN_ITEM_06	SYN_LONG	76.17	170	49.9999999999972	0.397196261682243	147.319	147.319		147.319	2.9572219083137	observed	FALSE	SYNTHETIC_TEACHING_FIXTURE
SYN_TRAJ_038	18	SYN_PROS_SPK_05	SYN_ITEM_06	SYN_LONG	76.18	180	60.0000000000023	0.420560747663551	144.2029	144.2029		144.2029	2.58710193489654	observed	FALSE	SYNTHETIC_TEACHING_FIXTURE
SYN_TRAJ_038	19	SYN_PROS_SPK_05	SYN_ITEM_06	SYN_LONG	76.19	190	69.9999999999932	0.44392523364486	140.9876	140.9876		140.9876	2.19671917655262	observed	FALSE	SYNTHETIC_TEACHING_FIXTURE
SYN_TRAJ_038	20	SYN_PROS_SPK_05	SYN_ITEM_06	SYN_LONG	76.2	200	79.9999999999983	0.467289719626168	138.7643	138.7643		138.7643	1.92153722417061	observed	FALSE	SYNTHETIC_TEACHING_FIXTURE
SYN_TRAJ_038	21	SYN_PROS_SPK_05	SYN_ITEM_06	SYN_LONG	76.21	210	89.9999999999892	0.490654205607477	137.0768	137.0768		137.0768	1.7097128147947	observed	FALSE	SYNTHETIC_TEACHING_FIXTURE
SYN_TRAJ_038	22	SYN_PROS_SPK_05	SYN_ITEM_06	SYN_LONG	76.22	220	99.9999999999943	0.514018691588785	131.6935	131.6935		131.6935	1.0161094782323	observed	FALSE	SYNTHETIC_TEACHING_FIXTURE
SYN_TRAJ_038	23	SYN_PROS_SPK_05	SYN_ITEM_06	SYN_LONG	76.23	230	109.999999999999	0.537383177570093	130.1622	130.1622		130.1622	0.813626284646131	observed	FALSE	SYNTHETIC_TEACHING_FIXTURE
SYN_TRAJ_038	24	SYN_PROS_SPK_05	SYN_ITEM_06	SYN_LONG	76.24	240	119.99999999999	0.560747663551402	130.0578	130.0578		130.0578	0.799734897018741	observed	FALSE	SYNTHETIC_TEACHING_FIXTURE
SYN_TRAJ_038	25	SYN_PROS_SPK_05	SYN_ITEM_06	SYN_LONG	76.25	250	129.999999999995	0.58411214953271	127.3475	127.3475		127.3475	0.435147450237781	observed	FALSE	SYNTHETIC_TEACHING_FIXTURE
SYN_TRAJ_038	26	SYN_PROS_SPK_05	SYN_ITEM_06	SYN_LONG	76.26	260	140.000000000001	0.607476635514019	125.2106	125.2106		125.2106	0.142180222206685	observed	FALSE	SYNTHETIC_TEACHING_FIXTURE
SYN_TRAJ_038	27	SYN_PROS_SPK_05	SYN_ITEM_06	SYN_LONG	76.27	270	149.999999999991	0.630841121495327	125.5448	125.5448		125.5448	0.188327085785422	observed	FALSE	SYNTHETIC_TEACHING_FIXTURE
SYN_TRAJ_038	28	SYN_PROS_SPK_05	SYN_ITEM_06	SYN_LONG	76.28	280	159.999999999997	0.654205607476635	121.6933		estimator_failure	123.2563	-0.130163536665819	interpolated_estimator_failure	FALSE	SYNTHETIC_TEACHING_FIXTURE
SYN_TRAJ_038	29	SYN_PROS_SPK_05	SYN_ITEM_06	SYN_LONG	76.29	290	170.000000000002	0.677570093457944	120.9678	120.9678		120.9678	-0.454623333053079	observed	FALSE	SYNTHETIC_TEACHING_FIXTURE
SYN_TRAJ_038	30	SYN_PROS_SPK_05	SYN_ITEM_06	SYN_LONG	76.3	300	179.999999999993	0.700934579439252	119.7663	119.7663		119.7663	-0.627435990814041	observed	FALSE	SYNTHETIC_TEACHING_FIXTURE
SYN_TRAJ_038	31	SYN_PROS_SPK_05	SYN_ITEM_06	SYN_LONG	76.31	310	189.999999999998	0.724299065420561	120.2417	120.2417		120.2417	-0.558852464990195	observed	FALSE	SYNTHETIC_TEACHING_FIXTURE
SYN_TRAJ_038	32	SYN_PROS_SPK_05	SYN_ITEM_06	SYN_LONG	76.32	320	199.999999999989	0.747663551401869	115.794	115.794		115.794	-1.21137420005692	observed	FALSE	SYNTHETIC_TEACHING_FIXTURE
SYN_TRAJ_038	33	SYN_PROS_SPK_05	SYN_ITEM_06	SYN_LONG	76.33	330	209.999999999994	0.771028037383178	116.684	116.684		116.684	-1.07881922013938	observed	FALSE	SYNTHETIC_TEACHING_FIXTURE
SYN_TRAJ_038	34	SYN_PROS_SPK_05	SYN_ITEM_06	SYN_LONG	76.34	340	219.999999999999	0.794392523364486	117.5667	117.5667		117.5667	-0.94834639524989	observed	FALSE	SYNTHETIC_TEACHING_FIXTURE
SYN_TRAJ_038	35	SYN_PROS_SPK_05	SYN_ITEM_06	SYN_LONG	76.35	350	229.99999999999	0.817757009345794	116.6198	116.6198		116.6198	-1.08834715999767	observed	FALSE	SYNTHETIC_TEACHING_FIXTURE
SYN_TRAJ_038	36	SYN_PROS_SPK_05	SYN_ITEM_06	SYN_LONG	76.36	360	239.999999999995	0.841121495327103	115.0156	115.0156		115.0156	-1.32814557289592	observed	FALSE	SYNTHETIC_TEACHING_FIXTURE
SYN_TRAJ_038	37	SYN_PROS_SPK_05	SYN_ITEM_06	SYN_LONG	76.37	370	250	0.864485981308411	117.1157	117.1157		117.1157	-1.0148863247297	observed	FALSE	SYNTHETIC_TEACHING_FIXTURE
SYN_TRAJ_038	38	SYN_PROS_SPK_05	SYN_ITEM_06	SYN_LONG	76.38	380	259.999999999991	0.88785046728972	116.7094	116.7094		116.7094	-1.07505104631614	observed	FALSE	SYNTHETIC_TEACHING_FIXTURE
SYN_TRAJ_038	39	SYN_PROS_SPK_05	SYN_ITEM_06	SYN_LONG	76.39	390	269.999999999996	0.911214953271028	116.2694	116.2694		116.2694	-1.14044273751208	observed	FALSE	SYNTHETIC_TEACHING_FIXTURE
SYN_TRAJ_038	40	SYN_PROS_SPK_05	SYN_ITEM_06	SYN_LONG	76.4	400	280.000000000001	0.934579439252336	114.8259	114.8259		114.8259	-1.35672310773455	observed	FALSE	SYNTHETIC_TEACHING_FIXTURE
SYN_TRAJ_038	41	SYN_PROS_SPK_05	SYN_ITEM_06	SYN_LONG	76.41	410	289.999999999992	0.957943925233645	115.3201	115.3201		115.3201	-1.28237228850822	observed	FALSE	SYNTHETIC_TEACHING_FIXTURE
SYN_TRAJ_038	42	SYN_PROS_SPK_05	SYN_ITEM_06	SYN_LONG	76.42	420	299.999999999997	0.981308411214953	114.7728	114.7728		114.7728	-1.36473086471614	observed	FALSE	SYNTHETIC_TEACHING_FIXTURE
SYN_TRAJ_039	0	SYN_PROS_SPK_05	SYN_ITEM_07	SYN_SHORT	78	0	-120.000000000005	0	122.264	122.264		122.264	-0.270104136346888	observed	TRUE	SYNTHETIC_TEACHING_FIXTURE
SYN_TRAJ_039	1	SYN_PROS_SPK_05	SYN_ITEM_07	SYN_SHORT	78.01	10	-109.999999999999	0.0371747211895911	121.745	121.745		121.745	-0.34374993026633	observed	FALSE	SYNTHETIC_TEACHING_FIXTURE
SYN_TRAJ_039	2	SYN_PROS_SPK_05	SYN_ITEM_07	SYN_SHORT	78.02	20	-100.000000000009	0.0743494423791822	121.2505	121.2505		121.2505	-0.414211845737795	observed	FALSE	SYNTHETIC_TEACHING_FIXTURE
SYN_TRAJ_039	3	SYN_PROS_SPK_05	SYN_ITEM_07	SYN_SHORT	78.03	30	-90.0000000000034	0.111524163568773	118.3253	118.3253		118.3253	-0.836997245891139	observed	FALSE	SYNTHETIC_TEACHING_FIXTURE
SYN_TRAJ_039	4	SYN_PROS_SPK_05	SYN_ITEM_07	SYN_SHORT	78.04	40	-79.9999999999983	0.148698884758364	118.8435	118.8435		118.8435	-0.76134421633183	observed	FALSE	SYNTHETIC_TEACHING_FIXTURE
SYN_TRAJ_039	5	SYN_PROS_SPK_05	SYN_ITEM_07	SYN_SHORT	78.05	50	-70.0000000000074	0.185873605947955	117.0692	117.0692		117.0692	-1.02176143788513	observed	FALSE	SYNTHETIC_TEACHING_FIXTURE
SYN_TRAJ_039	6	SYN_PROS_SPK_05	SYN_ITEM_07	SYN_SHORT	78.06	60	-60.0000000000023	0.223048327137546	118.5587	118.5587		118.5587	-0.802881800541561	observed	FALSE	SYNTHETIC_TEACHING_FIXTURE
SYN_TRAJ_039	7	SYN_PROS_SPK_05	SYN_ITEM_07	SYN_SHORT	78.07	70	-50.0000000000114	0.260223048327138	121.1392	121.1392		121.1392	-0.430110736095215	observed	FALSE	SYNTHETIC_TEACHING_FIXTURE
SYN_TRAJ_039	8	SYN_PROS_SPK_05	SYN_ITEM_07	SYN_SHORT	78.08	80	-40.0000000000063	0.297397769516729	124.1865	124.1865		124.1865	0	observed	FALSE	SYNTHETIC_TEACHING_FIXTURE
SYN_TRAJ_039	9	SYN_PROS_SPK_05	SYN_ITEM_07	SYN_SHORT	78.09	90	-30.0000000000011	0.33457249070632	128.1125	128.1125		128.1125	0.538834759910026	observed	FALSE	SYNTHETIC_TEACHING_FIXTURE
SYN_TRAJ_039	10	SYN_PROS_SPK_05	SYN_ITEM_07	SYN_SHORT	78.1	100	-20.0000000000102	0.371747211895911	133.0695	133.0695		133.0695	1.19605905572559	observed	FALSE	SYNTHETIC_TEACHING_FIXTURE
SYN_TRAJ_039	11	SYN_PROS_SPK_05	SYN_ITEM_07	SYN_SHORT	78.11	110	-10.0000000000051	0.408921933085502	132.9371	132.9371		132.9371	1.1788252422018	observed	FALSE	SYNTHETIC_TEACHING_FIXTURE
SYN_TRAJ_039	12	SYN_PROS_SPK_05	SYN_ITEM_07	SYN_SHORT	78.12	120	0	0.446096654275093	136.2261	136.2261		136.2261	1.60193748113116	observed	FALSE	SYNTHETIC_TEACHING_FIXTURE
SYN_TRAJ_039	13	SYN_PROS_SPK_05	SYN_ITEM_07	SYN_SHORT	78.13	130	9.9999999999909	0.483271375464684	135.0553	135.0553		135.0553	1.45250287857593	observed	FALSE	SYNTHETIC_TEACHING_FIXTURE
SYN_TRAJ_039	14	SYN_PROS_SPK_05	SYN_ITEM_07	SYN_SHORT	78.14	140	19.999999999996	0.520446096654275	137.5501	137.5501		137.5501	1.7693860577786	observed	FALSE	SYNTHETIC_TEACHING_FIXTURE
SYN_TRAJ_039	15	SYN_PROS_SPK_05	SYN_ITEM_07	SYN_SHORT	78.15	150	30.0000000000011	0.557620817843866	140.5368	140.5368		140.5368	2.14127524513041	observed	FALSE	SYNTHETIC_TEACHING_FIXTURE
SYN_TRAJ_039	16	SYN_PROS_SPK_05	SYN_ITEM_07	SYN_SHORT	78.16	160	39.999999999992	0.594795539033457	142.3124	142.3124		142.3124	2.35863626703844	observed	FALSE	SYNTHETIC_TEACHING_FIXTURE
SYN_TRAJ_039	17	SYN_PROS_SPK_05	SYN_ITEM_07	SYN_SHORT	78.17	170	49.9999999999972	0.631970260223048	139.5565	139.5565		139.5565	2.02009164895599	observed	FALSE	SYNTHETIC_TEACHING_FIXTURE
SYN_TRAJ_039	18	SYN_PROS_SPK_05	SYN_ITEM_07	SYN_SHORT	78.18	180	60.0000000000023	0.66914498141264	137.8505	137.8505		137.8505	1.8071537979066	observed	FALSE	SYNTHETIC_TEACHING_FIXTURE
SYN_TRAJ_039	19	SYN_PROS_SPK_05	SYN_ITEM_07	SYN_SHORT	78.19	190	69.9999999999932	0.70631970260223	131.0918	131.0918		131.0918	0.936829141946164	observed	FALSE	SYNTHETIC_TEACHING_FIXTURE
SYN_TRAJ_039	20	SYN_PROS_SPK_05	SYN_ITEM_07	SYN_SHORT	78.2	200	79.9999999999983	0.743494423791822	128.1542	128.1542		128.1542	0.544468926228415	observed	FALSE	SYNTHETIC_TEACHING_FIXTURE
SYN_TRAJ_039	21	SYN_PROS_SPK_05	SYN_ITEM_07	SYN_SHORT	78.21	210	89.9999999999892	0.780669144981413	124.4958	124.4958		124.4958	0.0430646626228025	observed	FALSE	SYNTHETIC_TEACHING_FIXTURE
SYN_TRAJ_039	22	SYN_PROS_SPK_05	SYN_ITEM_07	SYN_SHORT	78.22	220	99.9999999999943	0.817843866171004	122.1177	122.1177		122.1177	-0.290832330940491	observed	FALSE	SYNTHETIC_TEACHING_FIXTURE
SYN_TRAJ_039	23	SYN_PROS_SPK_05	SYN_ITEM_07	SYN_SHORT	78.23	230	109.999999999999	0.855018587360595	118.2675	118.2675		118.2675	-0.845456111082878	observed	FALSE	SYNTHETIC_TEACHING_FIXTURE
SYN_TRAJ_039	24	SYN_PROS_SPK_05	SYN_ITEM_07	SYN_SHORT	78.24	240	119.99999999999	0.892193308550186	117.8098	117.8098		117.8098	-0.912585548523597	observed	FALSE	SYNTHETIC_TEACHING_FIXTURE
SYN_TRAJ_039	25	SYN_PROS_SPK_05	SYN_ITEM_07	SYN_SHORT	78.25	250	129.999999999995	0.929368029739777	114.4974	114.4974		114.4974	-1.40632214752808	observed	FALSE	SYNTHETIC_TEACHING_FIXTURE
SYN_TRAJ_039	26	SYN_PROS_SPK_05	SYN_ITEM_07	SYN_SHORT	78.26	260	140.000000000001	0.966542750929368	111.1694	111.1694		111.1694	-1.91698341051049	observed	FALSE	SYNTHETIC_TEACHING_FIXTURE
SYN_TRAJ_040	0	SYN_PROS_SPK_05	SYN_ITEM_08	SYN_LONG	80	0	-120.000000000005	0			structural_unvoiced			missing	TRUE	SYNTHETIC_TEACHING_FIXTURE
SYN_TRAJ_040	1	SYN_PROS_SPK_05	SYN_ITEM_08	SYN_LONG	80.01	10	-109.999999999999	0.01953125			structural_unvoiced			missing	FALSE	SYNTHETIC_TEACHING_FIXTURE
SYN_TRAJ_040	2	SYN_PROS_SPK_05	SYN_ITEM_08	SYN_LONG	80.02	20	-100.000000000009	0.0390625			structural_unvoiced			missing	FALSE	SYNTHETIC_TEACHING_FIXTURE
SYN_TRAJ_040	3	SYN_PROS_SPK_05	SYN_ITEM_08	SYN_LONG	80.03	30	-90.0000000000034	0.05859375	123.2275	123.2275		123.2275	-0.134209201398349	observed	FALSE	SYNTHETIC_TEACHING_FIXTURE
SYN_TRAJ_040	4	SYN_PROS_SPK_05	SYN_ITEM_08	SYN_LONG	80.04	40	-79.9999999999983	0.078125	124.0981	124.0981		124.0981	-0.0123278766709103	observed	FALSE	SYNTHETIC_TEACHING_FIXTURE
SYN_TRAJ_040	5	SYN_PROS_SPK_05	SYN_ITEM_08	SYN_LONG	80.05	50	-70.0000000000074	0.09765625	125.293	125.293		125.293	0.153569574757956	observed	FALSE	SYNTHETIC_TEACHING_FIXTURE
SYN_TRAJ_040	6	SYN_PROS_SPK_05	SYN_ITEM_08	SYN_LONG	80.06	60	-60.0000000000023	0.1171875	129.225	129.225		129.225	0.688522223125619	observed	FALSE	SYNTHETIC_TEACHING_FIXTURE
SYN_TRAJ_040	7	SYN_PROS_SPK_05	SYN_ITEM_08	SYN_LONG	80.07	70	-50.0000000000114	0.13671875	130.6209	130.6209		130.6209	0.874528841389026	observed	FALSE	SYNTHETIC_TEACHING_FIXTURE
SYN_TRAJ_040	8	SYN_PROS_SPK_05	SYN_ITEM_08	SYN_LONG	80.08	80	-40.0000000000063	0.15625	128.4854	128.4854		128.4854	0.58915299177146	observed	FALSE	SYNTHETIC_TEACHING_FIXTURE
SYN_TRAJ_040	9	SYN_PROS_SPK_05	SYN_ITEM_08	SYN_LONG	80.09	90	-30.0000000000011	0.17578125	131.8154	131.8154		131.8154	1.03212695966351	observed	FALSE	SYNTHETIC_TEACHING_FIXTURE
SYN_TRAJ_040	10	SYN_PROS_SPK_05	SYN_ITEM_08	SYN_LONG	80.1	100	-20.0000000000102	0.1953125	133.5052	133.5052		133.5052	1.25265102389471	observed	FALSE	SYNTHETIC_TEACHING_FIXTURE
SYN_TRAJ_040	11	SYN_PROS_SPK_05	SYN_ITEM_08	SYN_LONG	80.11	110	-10.0000000000051	0.21484375	130.9731	130.9731		130.9731	0.921146195036656	observed	FALSE	SYNTHETIC_TEACHING_FIXTURE
SYN_TRAJ_040	12	SYN_PROS_SPK_05	SYN_ITEM_08	SYN_LONG	80.12	120	0	0.234375	133.5241	133.5241		133.5241	1.25510171552908	observed	FALSE	SYNTHETIC_TEACHING_FIXTURE
SYN_TRAJ_040	13	SYN_PROS_SPK_05	SYN_ITEM_08	SYN_LONG	80.13	130	9.9999999999909	0.25390625	135.4915	135.4915		135.4915	1.50832796662346	observed	FALSE	SYNTHETIC_TEACHING_FIXTURE
SYN_TRAJ_040	14	SYN_PROS_SPK_05	SYN_ITEM_08	SYN_LONG	80.14	140	19.999999999996	0.2734375	134.2289	134.2289		134.2289	1.34624366919086	observed	FALSE	SYNTHETIC_TEACHING_FIXTURE
SYN_TRAJ_040	15	SYN_PROS_SPK_05	SYN_ITEM_08	SYN_LONG	80.15	150	30.0000000000011	0.29296875	134.4778	134.4778		134.4778	1.3783161316976	observed	FALSE	SYNTHETIC_TEACHING_FIXTURE
SYN_TRAJ_040	16	SYN_PROS_SPK_05	SYN_ITEM_08	SYN_LONG	80.16	160	39.999999999992	0.3125	137.3668	137.3668		137.3668	1.74630015449525	observed	FALSE	SYNTHETIC_TEACHING_FIXTURE
SYN_TRAJ_040	17	SYN_PROS_SPK_05	SYN_ITEM_08	SYN_LONG	80.17	170	49.9999999999972	0.33203125	137.8333	137.8333		137.8333	1.80499355304038	observed	FALSE	SYNTHETIC_TEACHING_FIXTURE
SYN_TRAJ_040	18	SYN_PROS_SPK_05	SYN_ITEM_08	SYN_LONG	80.18	180	60.0000000000023	0.3515625	141.1497	141.1497		141.1497	2.21661254550686	observed	FALSE	SYNTHETIC_TEACHING_FIXTURE
SYN_TRAJ_040	19	SYN_PROS_SPK_05	SYN_ITEM_08	SYN_LONG	80.19	190	69.9999999999932	0.37109375	138.2869	138.2869		138.2869	1.86187374297712	observed	FALSE	SYNTHETIC_TEACHING_FIXTURE
SYN_TRAJ_040	20	SYN_PROS_SPK_05	SYN_ITEM_08	SYN_LONG	80.2	200	79.9999999999983	0.390625	139.8344	139.8344		139.8344	2.05453157530282	observed	FALSE	SYNTHETIC_TEACHING_FIXTURE
SYN_TRAJ_040	21	SYN_PROS_SPK_05	SYN_ITEM_08	SYN_LONG	80.21	210	89.9999999999892	0.41015625	137.3786	137.3786		137.3786	1.74778724485538	observed	FALSE	SYNTHETIC_TEACHING_FIXTURE
SYN_TRAJ_040	22	SYN_PROS_SPK_05	SYN_ITEM_08	SYN_LONG	80.22	220	99.9999999999943	0.4296875	140.1904	140.1904		140.1904	2.09855050887649	observed	FALSE	SYNTHETIC_TEACHING_FIXTURE
SYN_TRAJ_040	23	SYN_PROS_SPK_05	SYN_ITEM_08	SYN_LONG	80.23	230	109.999999999999	0.44921875	140.8817	140.8817		140.8817	2.18371047397858	observed	FALSE	SYNTHETIC_TEACHING_FIXTURE
SYN_TRAJ_040	24	SYN_PROS_SPK_05	SYN_ITEM_08	SYN_LONG	80.24	240	119.99999999999	0.46875	139.4852	139.4852		139.4852	2.01124444150386	observed	FALSE	SYNTHETIC_TEACHING_FIXTURE
SYN_TRAJ_040	25	SYN_PROS_SPK_05	SYN_ITEM_08	SYN_LONG	80.25	250	129.999999999995	0.48828125	137.0965	137.0965		137.0965	1.71220068001172	observed	FALSE	SYNTHETIC_TEACHING_FIXTURE
SYN_TRAJ_040	26	SYN_PROS_SPK_05	SYN_ITEM_08	SYN_LONG	80.26	260	140.000000000001	0.5078125	138.1231	138.1231		138.1231	1.8413552255261	observed	FALSE	SYNTHETIC_TEACHING_FIXTURE
SYN_TRAJ_040	27	SYN_PROS_SPK_05	SYN_ITEM_08	SYN_LONG	80.27	270	149.999999999991	0.52734375	136.1907	136.1907		136.1907	1.59743807539099	observed	FALSE	SYNTHETIC_TEACHING_FIXTURE
SYN_TRAJ_040	28	SYN_PROS_SPK_05	SYN_ITEM_08	SYN_LONG	80.28	280	159.999999999997	0.546875	135.7136	135.7136		135.7136	1.53668341924994	observed	FALSE	SYNTHETIC_TEACHING_FIXTURE
SYN_TRAJ_040	29	SYN_PROS_SPK_05	SYN_ITEM_08	SYN_LONG	80.29	290	170.000000000002	0.56640625	137.2429	137.2429		137.2429	1.7306779886916	observed	FALSE	SYNTHETIC_TEACHING_FIXTURE
SYN_TRAJ_040	30	SYN_PROS_SPK_05	SYN_ITEM_08	SYN_LONG	80.3	300	179.999999999993	0.5859375	135.7451	135.7451		135.7451	1.54070125863327	observed	FALSE	SYNTHETIC_TEACHING_FIXTURE
SYN_TRAJ_040	31	SYN_PROS_SPK_05	SYN_ITEM_08	SYN_LONG	80.31	310	189.999999999998	0.60546875	131.7401	131.7401		131.7401	1.02223439984655	observed	FALSE	SYNTHETIC_TEACHING_FIXTURE
SYN_TRAJ_040	32	SYN_PROS_SPK_05	SYN_ITEM_08	SYN_LONG	80.32	320	199.999999999989	0.625	124.8775	124.8775		124.8775	0.0960625218635964	observed	FALSE	SYNTHETIC_TEACHING_FIXTURE
SYN_TRAJ_040	33	SYN_PROS_SPK_05	SYN_ITEM_08	SYN_LONG	80.33	330	209.999999999994	0.64453125	121.7876	121.7876		121.7876	-0.337693199361108	observed	FALSE	SYNTHETIC_TEACHING_FIXTURE
SYN_TRAJ_040	34	SYN_PROS_SPK_05	SYN_ITEM_08	SYN_LONG	80.34	340	219.999999999999	0.6640625	120.0044	120.0044		120.0044	-0.593052560096526	observed	FALSE	SYNTHETIC_TEACHING_FIXTURE
SYN_TRAJ_040	35	SYN_PROS_SPK_05	SYN_ITEM_08	SYN_LONG	80.35	350	229.99999999999	0.68359375	123.5568	123.5568		123.5568	-0.0880072581860261	observed	FALSE	SYNTHETIC_TEACHING_FIXTURE
SYN_TRAJ_040	36	SYN_PROS_SPK_05	SYN_ITEM_08	SYN_LONG	80.36	360	239.999999999995	0.703125	120.3448	120.3448		120.3448	-0.54401453839124	observed	FALSE	SYNTHETIC_TEACHING_FIXTURE
SYN_TRAJ_040	37	SYN_PROS_SPK_05	SYN_ITEM_08	SYN_LONG	80.37	370	250	0.72265625	121.0781	121.0781		121.0781	-0.438844910131635	observed	FALSE	SYNTHETIC_TEACHING_FIXTURE
SYN_TRAJ_040	38	SYN_PROS_SPK_05	SYN_ITEM_08	SYN_LONG	80.38	380	259.999999999991	0.7421875	121.6394	121.6394		121.6394	-0.358772941359358	observed	FALSE	SYNTHETIC_TEACHING_FIXTURE
SYN_TRAJ_040	39	SYN_PROS_SPK_05	SYN_ITEM_08	SYN_LONG	80.39	390	269.999999999996	0.76171875	117.435	117.435		117.435	-0.967750812165338	observed	FALSE	SYNTHETIC_TEACHING_FIXTURE
SYN_TRAJ_040	40	SYN_PROS_SPK_05	SYN_ITEM_08	SYN_LONG	80.4	400	280.000000000001	0.78125	114.4312	114.4312		114.4312	-1.41633467521075	observed	FALSE	SYNTHETIC_TEACHING_FIXTURE
SYN_TRAJ_040	41	SYN_PROS_SPK_05	SYN_ITEM_08	SYN_LONG	80.41	410	289.999999999992	0.80078125	116.4662	116.4662		116.4662	-1.11116428229838	observed	FALSE	SYNTHETIC_TEACHING_FIXTURE
SYN_TRAJ_040	42	SYN_PROS_SPK_05	SYN_ITEM_08	SYN_LONG	80.42	420	299.999999999997	0.8203125	115.5858	115.5858		115.5858	-1.24253016322192	observed	FALSE	SYNTHETIC_TEACHING_FIXTURE
SYN_TRAJ_040	43	SYN_PROS_SPK_05	SYN_ITEM_08	SYN_LONG	80.43	430	310.000000000002	0.83984375	117.4125	117.4125		117.4125	-0.97106809390972	observed	FALSE	SYNTHETIC_TEACHING_FIXTURE
SYN_TRAJ_040	44	SYN_PROS_SPK_05	SYN_ITEM_08	SYN_LONG	80.44	440	319.999999999993	0.859375	117.2598	117.2598		117.2598	-0.993598190269855	observed	FALSE	SYNTHETIC_TEACHING_FIXTURE
SYN_TRAJ_040	45	SYN_PROS_SPK_05	SYN_ITEM_08	SYN_LONG	80.45	450	329.999999999998	0.87890625	117.0951	117.0951		117.0951	-1.01793173693979	observed	FALSE	SYNTHETIC_TEACHING_FIXTURE
SYN_TRAJ_040	46	SYN_PROS_SPK_05	SYN_ITEM_08	SYN_LONG	80.46	460	339.999999999989	0.8984375	116.6543	116.6543		116.6543	-1.08322635360482	observed	FALSE	SYNTHETIC_TEACHING_FIXTURE
SYN_TRAJ_040	47	SYN_PROS_SPK_05	SYN_ITEM_08	SYN_LONG	80.47	470	349.999999999994	0.91796875	117.6445	117.6445		117.6445	-0.936893708138955	observed	FALSE	SYNTHETIC_TEACHING_FIXTURE
SYN_TRAJ_040	48	SYN_PROS_SPK_05	SYN_ITEM_08	SYN_LONG	80.48	480	359.999999999999	0.9375	118.5549		quality_rejection			missing	FALSE	SYNTHETIC_TEACHING_FIXTURE
SYN_TRAJ_040	49	SYN_PROS_SPK_05	SYN_ITEM_08	SYN_LONG	80.49	490	369.99999999999	0.95703125			structural_unvoiced			missing	FALSE	SYNTHETIC_TEACHING_FIXTURE
SYN_TRAJ_040	50	SYN_PROS_SPK_05	SYN_ITEM_08	SYN_LONG	80.5	500	379.999999999995	0.9765625			structural_unvoiced			missing	FALSE	SYNTHETIC_TEACHING_FIXTURE
SYN_TRAJ_040	51	SYN_PROS_SPK_05	SYN_ITEM_08	SYN_LONG	80.51	510	390.000000000001	0.99609375			structural_unvoiced			missing	FALSE	SYNTHETIC_TEACHING_FIXTURE
SYN_TRAJ_041	0	SYN_PROS_SPK_06	SYN_ITEM_01	SYN_SHORT	82	0	-120.000000000005	0	128.364	128.364		128.364	-1.13067238420654	observed	TRUE	SYNTHETIC_TEACHING_FIXTURE
SYN_TRAJ_041	1	SYN_PROS_SPK_06	SYN_ITEM_01	SYN_SHORT	82.01	10	-109.999999999999	0.0297619047619048	131.4393	131.4393		131.4393	-0.720799780356034	observed	FALSE	SYNTHETIC_TEACHING_FIXTURE
SYN_TRAJ_041	2	SYN_PROS_SPK_06	SYN_ITEM_01	SYN_SHORT	82.02	20	-100.000000000009	0.0595238095238095	129.1075	129.1075		129.1075	-1.03068647560507	observed	FALSE	SYNTHETIC_TEACHING_FIXTURE
SYN_TRAJ_041	3	SYN_PROS_SPK_06	SYN_ITEM_01	SYN_SHORT	82.03	30	-90.0000000000034	0.0892857142857143	128.1854	128.1854		128.1854	-1.1547767829004	observed	FALSE	SYNTHETIC_TEACHING_FIXTURE
SYN_TRAJ_041	4	SYN_PROS_SPK_06	SYN_ITEM_01	SYN_SHORT	82.04	40	-79.9999999999983	0.119047619047619	125.1837	125.1837		125.1837	-1.56499952831514	observed	FALSE	SYNTHETIC_TEACHING_FIXTURE
SYN_TRAJ_041	5	SYN_PROS_SPK_06	SYN_ITEM_01	SYN_SHORT	82.05	50	-70.0000000000074	0.148809523809524	127.4914	127.4914		127.4914	-1.24876101461802	observed	FALSE	SYNTHETIC_TEACHING_FIXTURE
SYN_TRAJ_041	6	SYN_PROS_SPK_06	SYN_ITEM_01	SYN_SHORT	82.06	60	-60.0000000000023	0.178571428571429	128.5946	128.5946		128.5946	-1.09959946593192	observed	FALSE	SYNTHETIC_TEACHING_FIXTURE
SYN_TRAJ_041	7	SYN_PROS_SPK_06	SYN_ITEM_01	SYN_SHORT	82.07	70	-50.0000000000114	0.208333333333333	125.9448	125.9448		125.9448	-1.46006151697336	observed	FALSE	SYNTHETIC_TEACHING_FIXTURE
SYN_TRAJ_041	8	SYN_PROS_SPK_06	SYN_ITEM_01	SYN_SHORT	82.08	80	-40.0000000000063	0.238095238095238	127.1778	127.1778		127.1778	-1.29139791552349	observed	FALSE	SYNTHETIC_TEACHING_FIXTURE
SYN_TRAJ_041	9	SYN_PROS_SPK_06	SYN_ITEM_01	SYN_SHORT	82.09	90	-30.0000000000011	0.267857142857143	125.7491	125.7491		125.7491	-1.48698331139725	observed	FALSE	SYNTHETIC_TEACHING_FIXTURE
SYN_TRAJ_041	10	SYN_PROS_SPK_06	SYN_ITEM_01	SYN_SHORT	82.1	100	-20.0000000000102	0.297619047619048	125.4152	125.4152		125.4152	-1.53301368988047	observed	FALSE	SYNTHETIC_TEACHING_FIXTURE
SYN_TRAJ_041	11	SYN_PROS_SPK_06	SYN_ITEM_01	SYN_SHORT	82.11	110	-10.0000000000051	0.327380952380952	128.1093	128.1093		128.1093	-1.16505767556075	observed	FALSE	SYNTHETIC_TEACHING_FIXTURE
SYN_TRAJ_041	12	SYN_PROS_SPK_06	SYN_ITEM_01	SYN_SHORT	82.12	120	0	0.357142857142857	130.997	130.997		130.997	-0.779154935104265	observed	FALSE	SYNTHETIC_TEACHING_FIXTURE
SYN_TRAJ_041	13	SYN_PROS_SPK_06	SYN_ITEM_01	SYN_SHORT	82.13	130	9.9999999999909	0.386904761904762	134.5705	134.5705		134.5705	-0.313214011776192	observed	FALSE	SYNTHETIC_TEACHING_FIXTURE
SYN_TRAJ_041	14	SYN_PROS_SPK_06	SYN_ITEM_01	SYN_SHORT	82.14	140	19.999999999996	0.416666666666667	140.0577	140.0577		140.0577	0.378695407663879	observed	FALSE	SYNTHETIC_TEACHING_FIXTURE
SYN_TRAJ_041	15	SYN_PROS_SPK_06	SYN_ITEM_01	SYN_SHORT	82.15	150	30.0000000000011	0.446428571428571	144.1888	144.1888		144.1888	0.88194906901323	observed	FALSE	SYNTHETIC_TEACHING_FIXTURE
SYN_TRAJ_041	16	SYN_PROS_SPK_06	SYN_ITEM_01	SYN_SHORT	82.16	160	39.999999999992	0.476190476190476	147.918	147.918		147.918	1.32401127369471	observed	FALSE	SYNTHETIC_TEACHING_FIXTURE
SYN_TRAJ_041	17	SYN_PROS_SPK_06	SYN_ITEM_01	SYN_SHORT	82.17	170	49.9999999999972	0.505952380952381	150.9949	150.9949		150.9949	1.68043765739135	observed	FALSE	SYNTHETIC_TEACHING_FIXTURE
SYN_TRAJ_041	18	SYN_PROS_SPK_06	SYN_ITEM_01	SYN_SHORT	82.18	180	60.0000000000023	0.535714285714286	149.0857	149.0857		149.0857	1.46014240036284	observed	FALSE	SYNTHETIC_TEACHING_FIXTURE
SYN_TRAJ_041	19	SYN_PROS_SPK_06	SYN_ITEM_01	SYN_SHORT	82.19	190	69.9999999999932	0.56547619047619	150.6078	150.6078		150.6078	1.63599766607946	observed	FALSE	SYNTHETIC_TEACHING_FIXTURE
SYN_TRAJ_041	20	SYN_PROS_SPK_06	SYN_ITEM_01	SYN_SHORT	82.2	200	79.9999999999983	0.595238095238095	147.7911	147.7911		147.7911	1.30915250781211	observed	FALSE	SYNTHETIC_TEACHING_FIXTURE
SYN_TRAJ_041	21	SYN_PROS_SPK_06	SYN_ITEM_01	SYN_SHORT	82.21	210	89.9999999999892	0.625	150.8573	150.8573		150.8573	1.66465391808766	observed	FALSE	SYNTHETIC_TEACHING_FIXTURE
SYN_TRAJ_041	22	SYN_PROS_SPK_06	SYN_ITEM_01	SYN_SHORT	82.22	220	99.9999999999943	0.654761904761905	147.0648	147.0648		147.0648	1.22386353560948	observed	FALSE	SYNTHETIC_TEACHING_FIXTURE
SYN_TRAJ_041	23	SYN_PROS_SPK_06	SYN_ITEM_01	SYN_SHORT	82.23	230	109.999999999999	0.68452380952381	146.1132	146.1132		146.1132	1.11147801510311	observed	FALSE	SYNTHETIC_TEACHING_FIXTURE
SYN_TRAJ_041	24	SYN_PROS_SPK_06	SYN_ITEM_01	SYN_SHORT	82.24	240	119.99999999999	0.714285714285714	145.0223	145.0223		145.0223	0.981736910832567	observed	FALSE	SYNTHETIC_TEACHING_FIXTURE
SYN_TRAJ_041	25	SYN_PROS_SPK_06	SYN_ITEM_01	SYN_SHORT	82.25	250	129.999999999995	0.744047619047619	145.4259	145.4259		145.4259	1.02985058562433	observed	FALSE	SYNTHETIC_TEACHING_FIXTURE
SYN_TRAJ_041	26	SYN_PROS_SPK_06	SYN_ITEM_01	SYN_SHORT	82.26	260	140.000000000001	0.773809523809524	138.8092	138.8092		138.8092	0.223678074898202	observed	FALSE	SYNTHETIC_TEACHING_FIXTURE
SYN_TRAJ_041	27	SYN_PROS_SPK_06	SYN_ITEM_01	SYN_SHORT	82.27	270	149.999999999991	0.803571428571429	133.62	133.62		133.62	-0.435928638390498	observed	FALSE	SYNTHETIC_TEACHING_FIXTURE
SYN_TRAJ_041	28	SYN_PROS_SPK_06	SYN_ITEM_01	SYN_SHORT	82.28	280	159.999999999997	0.833333333333333	128.8304	128.8304		128.8304	-1.06788342413775	observed	FALSE	SYNTHETIC_TEACHING_FIXTURE
SYN_TRAJ_041	29	SYN_PROS_SPK_06	SYN_ITEM_01	SYN_SHORT	82.29	290	170.000000000002	0.863095238095238	126.9951	126.9951		126.9951	-1.3162862112654	observed	FALSE	SYNTHETIC_TEACHING_FIXTURE
SYN_TRAJ_041	30	SYN_PROS_SPK_06	SYN_ITEM_01	SYN_SHORT	82.3	300	179.999999999993	0.892857142857143	125.3731	125.3731		125.3731	-1.53882615833696	observed	FALSE	SYNTHETIC_TEACHING_FIXTURE
SYN_TRAJ_041	31	SYN_PROS_SPK_06	SYN_ITEM_01	SYN_SHORT	82.31	310	189.999999999998	0.922619047619048	119.4799	119.4799		119.4799	-2.37234498251371	observed	FALSE	SYNTHETIC_TEACHING_FIXTURE
SYN_TRAJ_041	32	SYN_PROS_SPK_06	SYN_ITEM_01	SYN_SHORT	82.32	320	199.999999999989	0.952380952380952	118.4517	118.4517		118.4517	-2.52197335722051	observed	FALSE	SYNTHETIC_TEACHING_FIXTURE
SYN_TRAJ_041	33	SYN_PROS_SPK_06	SYN_ITEM_01	SYN_SHORT	82.33	330	209.999999999994	0.982142857142857	120.5459	120.5459		120.5459	-2.21856921090365	observed	FALSE	SYNTHETIC_TEACHING_FIXTURE
SYN_TRAJ_042	0	SYN_PROS_SPK_06	SYN_ITEM_02	SYN_LONG	84	0	-120.000000000005	0	130.4586	130.4586		130.4586	-0.850455586498271	observed	TRUE	SYNTHETIC_TEACHING_FIXTURE
SYN_TRAJ_042	1	SYN_PROS_SPK_06	SYN_ITEM_02	SYN_LONG	84.01	10	-109.999999999999	0.0193798449612403	129.7305	129.7305		129.7305	-0.947347793081479	observed	FALSE	SYNTHETIC_TEACHING_FIXTURE
SYN_TRAJ_042	2	SYN_PROS_SPK_06	SYN_ITEM_02	SYN_LONG	84.02	20	-100.000000000009	0.0387596899224806	134.6162	134.6162		134.6162	-0.307335757256008	observed	FALSE	SYNTHETIC_TEACHING_FIXTURE
SYN_TRAJ_042	3	SYN_PROS_SPK_06	SYN_ITEM_02	SYN_LONG	84.03	30	-90.0000000000034	0.0581395348837209	133.7663	133.7663		133.7663	-0.416983795917017	observed	FALSE	SYNTHETIC_TEACHING_FIXTURE
SYN_TRAJ_042	4	SYN_PROS_SPK_06	SYN_ITEM_02	SYN_LONG	84.04	40	-79.9999999999983	0.0775193798449612	131.1942	131.1942		131.1942	-0.753112915474986	observed	FALSE	SYNTHETIC_TEACHING_FIXTURE
SYN_TRAJ_042	5	SYN_PROS_SPK_06	SYN_ITEM_02	SYN_LONG	84.05	50	-70.0000000000074	0.0968992248062016	130.3407	130.3407		130.3407	-0.866108428226734	observed	FALSE	SYNTHETIC_TEACHING_FIXTURE
SYN_TRAJ_042	6	SYN_PROS_SPK_06	SYN_ITEM_02	SYN_LONG	84.06	60	-60.0000000000023	0.116279069767442	134.141	134.141		134.141	-0.368557058671518	observed	FALSE	SYNTHETIC_TEACHING_FIXTURE
SYN_TRAJ_042	7	SYN_PROS_SPK_06	SYN_ITEM_02	SYN_LONG	84.07	70	-50.0000000000114	0.135658914728682	139.1068	139.1068		139.1068	0.260755137746676	observed	FALSE	SYNTHETIC_TEACHING_FIXTURE
SYN_TRAJ_042	8	SYN_PROS_SPK_06	SYN_ITEM_02	SYN_LONG	84.08	80	-40.0000000000063	0.155038759689922	140.4063	140.4063		140.4063	0.421731840167989	observed	FALSE	SYNTHETIC_TEACHING_FIXTURE
SYN_TRAJ_042	9	SYN_PROS_SPK_06	SYN_ITEM_02	SYN_LONG	84.09	90	-30.0000000000011	0.174418604651163	139.2539	139.2539		139.2539	0.279052587948777	observed	FALSE	SYNTHETIC_TEACHING_FIXTURE
SYN_TRAJ_042	10	SYN_PROS_SPK_06	SYN_ITEM_02	SYN_LONG	84.1	100	-20.0000000000102	0.193798449612403	138.9662	138.9662		138.9662	0.243248114192296	observed	FALSE	SYNTHETIC_TEACHING_FIXTURE
SYN_TRAJ_042	11	SYN_PROS_SPK_06	SYN_ITEM_02	SYN_LONG	84.11	110	-10.0000000000051	0.213178294573643	142.1084	142.1084		142.1084	0.630341808402741	observed	FALSE	SYNTHETIC_TEACHING_FIXTURE
SYN_TRAJ_042	12	SYN_PROS_SPK_06	SYN_ITEM_02	SYN_LONG	84.12	120	0	0.232558139534884	143.4121	143.4121		143.4121	0.788440825129624	observed	FALSE	SYNTHETIC_TEACHING_FIXTURE
SYN_TRAJ_042	13	SYN_PROS_SPK_06	SYN_ITEM_02	SYN_LONG	84.13	130	9.9999999999909	0.251937984496124	144.0192	144.0192		144.0192	0.861573692298226	observed	FALSE	SYNTHETIC_TEACHING_FIXTURE
SYN_TRAJ_042	14	SYN_PROS_SPK_06	SYN_ITEM_02	SYN_LONG	84.14	140	19.999999999996	0.271317829457364	142.9008	142.9008		142.9008	0.726607711059744	observed	FALSE	SYNTHETIC_TEACHING_FIXTURE
SYN_TRAJ_042	15	SYN_PROS_SPK_06	SYN_ITEM_02	SYN_LONG	84.15	150	30.0000000000011	0.290697674418605	142.8658		estimator_failure	144.4813	0.917033141292012	interpolated_estimator_failure	FALSE	SYNTHETIC_TEACHING_FIXTURE
SYN_TRAJ_042	16	SYN_PROS_SPK_06	SYN_ITEM_02	SYN_LONG	84.16	160	39.999999999992	0.310077519379845	146.0618	146.0618		146.0618	1.10538677313921	observed	FALSE	SYNTHETIC_TEACHING_FIXTURE
SYN_TRAJ_042	17	SYN_PROS_SPK_06	SYN_ITEM_02	SYN_LONG	84.17	170	49.9999999999972	0.329457364341085	146.4067	146.4067		146.4067	1.14621871916532	observed	FALSE	SYNTHETIC_TEACHING_FIXTURE
SYN_TRAJ_042	18	SYN_PROS_SPK_06	SYN_ITEM_02	SYN_LONG	84.18	180	60.0000000000023	0.348837209302326	148.5596	148.5596		148.5596	1.3989418249313	observed	FALSE	SYNTHETIC_TEACHING_FIXTURE
SYN_TRAJ_042	19	SYN_PROS_SPK_06	SYN_ITEM_02	SYN_LONG	84.19	190	69.9999999999932	0.368217054263566	151.0489	151.0489		151.0489	1.68662792778562	observed	FALSE	SYNTHETIC_TEACHING_FIXTURE
SYN_TRAJ_042	20	SYN_PROS_SPK_06	SYN_ITEM_02	SYN_LONG	84.2	200	79.9999999999983	0.387596899224806	152.0396	152.0396		152.0396	1.79980541098106	observed	FALSE	SYNTHETIC_TEACHING_FIXTURE
SYN_TRAJ_042	21	SYN_PROS_SPK_06	SYN_ITEM_02	SYN_LONG	84.21	210	89.9999999999892	0.406976744186047	154.6825	154.6825		154.6825	2.09815963520303	observed	FALSE	SYNTHETIC_TEACHING_FIXTURE
SYN_TRAJ_042	22	SYN_PROS_SPK_06	SYN_ITEM_02	SYN_LONG	84.22	220	99.9999999999943	0.426356589147287	154.512	154.512		154.512	2.07906644723982	observed	FALSE	SYNTHETIC_TEACHING_FIXTURE
SYN_TRAJ_042	23	SYN_PROS_SPK_06	SYN_ITEM_02	SYN_LONG	84.23	230	109.999999999999	0.445736434108527	152.3654		quality_rejection			missing	FALSE	SYNTHETIC_TEACHING_FIXTURE
SYN_TRAJ_042	24	SYN_PROS_SPK_06	SYN_ITEM_02	SYN_LONG	84.24	240	119.99999999999	0.465116279069767	146.8987	146.8987		146.8987	1.20429933759493	observed	FALSE	SYNTHETIC_TEACHING_FIXTURE
SYN_TRAJ_042	25	SYN_PROS_SPK_06	SYN_ITEM_02	SYN_LONG	84.25	250	129.999999999995	0.484496124031008	146.5434	146.5434		146.5434	1.16237571734929	observed	FALSE	SYNTHETIC_TEACHING_FIXTURE
SYN_TRAJ_042	26	SYN_PROS_SPK_06	SYN_ITEM_02	SYN_LONG	84.26	260	140.000000000001	0.503875968992248	147.9098	147.9098		147.9098	1.32305151810676	observed	FALSE	SYNTHETIC_TEACHING_FIXTURE
SYN_TRAJ_042	27	SYN_PROS_SPK_06	SYN_ITEM_02	SYN_LONG	84.27	270	149.999999999991	0.523255813953488	143.3698	143.3698		143.3698	0.783333724520654	observed	FALSE	SYNTHETIC_TEACHING_FIXTURE
SYN_TRAJ_042	28	SYN_PROS_SPK_06	SYN_ITEM_02	SYN_LONG	84.28	280	159.999999999997	0.542635658914729	140.5907	140.5907		140.5907	0.444453762784537	observed	FALSE	SYNTHETIC_TEACHING_FIXTURE
SYN_TRAJ_042	29	SYN_PROS_SPK_06	SYN_ITEM_02	SYN_LONG	84.29	290	170.000000000002	0.562015503875969	146.2773	146.2773		146.2773	1.13091062575773	observed	FALSE	SYNTHETIC_TEACHING_FIXTURE
SYN_TRAJ_042	30	SYN_PROS_SPK_06	SYN_ITEM_02	SYN_LONG	84.3	300	179.999999999993	0.581395348837209	143.4086	143.4086		143.4086	0.788018308960324	observed	FALSE	SYNTHETIC_TEACHING_FIXTURE
SYN_TRAJ_042	31	SYN_PROS_SPK_06	SYN_ITEM_02	SYN_LONG	84.31	310	189.999999999998	0.60077519379845	137.8662	137.8662		137.8662	0.105665412410976	observed	FALSE	SYNTHETIC_TEACHING_FIXTURE
SYN_TRAJ_042	32	SYN_PROS_SPK_06	SYN_ITEM_02	SYN_LONG	84.32	320	199.999999999989	0.62015503875969	137.2548	137.2548		137.2548	0.0287190331766243	observed	FALSE	SYNTHETIC_TEACHING_FIXTURE
SYN_TRAJ_042	33	SYN_PROS_SPK_06	SYN_ITEM_02	SYN_LONG	84.33	330	209.999999999994	0.63953488372093	135.0469	135.0469		135.0469	-0.252033927752956	observed	FALSE	SYNTHETIC_TEACHING_FIXTURE
SYN_TRAJ_042	34	SYN_PROS_SPK_06	SYN_ITEM_02	SYN_LONG	84.34	340	219.999999999999	0.65891472868217	131.8468	131.8468		131.8468	-0.667209527142991	observed	FALSE	SYNTHETIC_TEACHING_FIXTURE
SYN_TRAJ_042	35	SYN_PROS_SPK_06	SYN_ITEM_02	SYN_LONG	84.35	350	229.99999999999	0.678294573643411	131.4337	131.4337		131.4337	-0.721537392105911	observed	FALSE	SYNTHETIC_TEACHING_FIXTURE
SYN_TRAJ_042	36	SYN_PROS_SPK_06	SYN_ITEM_02	SYN_LONG	84.36	360	239.999999999995	0.697674418604651	131.3699	131.3699		131.3699	-0.729943116723101	observed	FALSE	SYNTHETIC_TEACHING_FIXTURE
SYN_TRAJ_042	37	SYN_PROS_SPK_06	SYN_ITEM_02	SYN_LONG	84.37	370	250	0.717054263565892	128.93	128.93		128.93	-1.05450426117331	observed	FALSE	SYNTHETIC_TEACHING_FIXTURE
SYN_TRAJ_042	38	SYN_PROS_SPK_06	SYN_ITEM_02	SYN_LONG	84.38	380	259.999999999991	0.736434108527132	132.591	132.591		132.591	-0.56976598611203	observed	FALSE	SYNTHETIC_TEACHING_FIXTURE
SYN_TRAJ_042	39	SYN_PROS_SPK_06	SYN_ITEM_02	SYN_LONG	84.39	390	269.999999999996	0.755813953488372	130.2609	130.2609		130.2609	-0.876711009441401	observed	FALSE	SYNTHETIC_TEACHING_FIXTURE
SYN_TRAJ_042	40	SYN_PROS_SPK_06	SYN_ITEM_02	SYN_LONG	84.4	400	280.000000000001	0.775193798449612	127.816	127.816		127.816	-1.20473887698115	observed	FALSE	SYNTHETIC_TEACHING_FIXTURE
SYN_TRAJ_042	41	SYN_PROS_SPK_06	SYN_ITEM_02	SYN_LONG	84.41	410	289.999999999992	0.794573643410853	126.5388	126.5388		126.5388	-1.37860237092071	observed	FALSE	SYNTHETIC_TEACHING_FIXTURE
SYN_TRAJ_042	42	SYN_PROS_SPK_06	SYN_ITEM_02	SYN_LONG	84.42	420	299.999999999997	0.813953488372093	128.8774	128.8774		128.8774	-1.06156867532469	observed	FALSE	SYNTHETIC_TEACHING_FIXTURE
SYN_TRAJ_042	43	SYN_PROS_SPK_06	SYN_ITEM_02	SYN_LONG	84.43	430	310.000000000002	0.833333333333333	125.8846	125.8846		125.8846	-1.46833857213364	observed	FALSE	SYNTHETIC_TEACHING_FIXTURE
SYN_TRAJ_042	44	SYN_PROS_SPK_06	SYN_ITEM_02	SYN_LONG	84.44	440	319.999999999993	0.852713178294574	125.3436	125.3436		125.3436	-1.54290019127399	observed	FALSE	SYNTHETIC_TEACHING_FIXTURE
SYN_TRAJ_042	45	SYN_PROS_SPK_06	SYN_ITEM_02	SYN_LONG	84.45	450	329.999999999998	0.872093023255814	128.4961	128.4961		128.4961	-1.11286533375032	observed	FALSE	SYNTHETIC_TEACHING_FIXTURE
SYN_TRAJ_042	46	SYN_PROS_SPK_06	SYN_ITEM_02	SYN_LONG	84.46	460	339.999999999989	0.891472868217054	129.1229	129.1229		129.1229	-1.02862157508311	observed	FALSE	SYNTHETIC_TEACHING_FIXTURE
SYN_TRAJ_042	47	SYN_PROS_SPK_06	SYN_ITEM_02	SYN_LONG	84.47	470	349.999999999994	0.910852713178295	126.2309	126.2309		126.2309	-1.42077888395604	observed	FALSE	SYNTHETIC_TEACHING_FIXTURE
SYN_TRAJ_042	48	SYN_PROS_SPK_06	SYN_ITEM_02	SYN_LONG	84.48	480	359.999999999999	0.930232558139535	125.343	125.343		125.343	-1.54298306290968	observed	FALSE	SYNTHETIC_TEACHING_FIXTURE
SYN_TRAJ_042	49	SYN_PROS_SPK_06	SYN_ITEM_02	SYN_LONG	84.49	490	369.99999999999	0.949612403100775	123.1216	123.1216		123.1216	-1.85255358433839	observed	FALSE	SYNTHETIC_TEACHING_FIXTURE
SYN_TRAJ_042	50	SYN_PROS_SPK_06	SYN_ITEM_02	SYN_LONG	84.5	500	379.999999999995	0.968992248062015	119.2499	119.2499		119.2499	-2.40570352882705	observed	FALSE	SYNTHETIC_TEACHING_FIXTURE
SYN_TRAJ_042	51	SYN_PROS_SPK_06	SYN_ITEM_02	SYN_LONG	84.51	510	390.000000000001	0.988372093023256	121.6037	121.6037		121.6037	-2.06731469502233	observed	FALSE	SYNTHETIC_TEACHING_FIXTURE
SYN_TRAJ_043	0	SYN_PROS_SPK_06	SYN_ITEM_03	SYN_SHORT	86	0	-120.000000000005	0	131.2731	131.2731		131.2731	-0.742704428735049	observed	TRUE	SYNTHETIC_TEACHING_FIXTURE
SYN_TRAJ_043	1	SYN_PROS_SPK_06	SYN_ITEM_03	SYN_SHORT	86.01	10	-109.999999999999	0.0346020761245675	130.2925	130.2925		130.2925	-0.872511716995497	observed	FALSE	SYNTHETIC_TEACHING_FIXTURE
SYN_TRAJ_043	2	SYN_PROS_SPK_06	SYN_ITEM_03	SYN_SHORT	86.02	20	-100.000000000009	0.069204152249135	127.441	127.441		127.441	-1.25560629573645	observed	FALSE	SYNTHETIC_TEACHING_FIXTURE
SYN_TRAJ_043	3	SYN_PROS_SPK_06	SYN_ITEM_03	SYN_SHORT	86.03	30	-90.0000000000034	0.103806228373702	125.8952	125.8952		125.8952	-1.46688086337933	observed	FALSE	SYNTHETIC_TEACHING_FIXTURE
SYN_TRAJ_043	4	SYN_PROS_SPK_06	SYN_ITEM_03	SYN_SHORT	86.04	40	-79.9999999999983	0.13840830449827	129.5937	129.5937		129.5937	-0.965613179796729	observed	FALSE	SYNTHETIC_TEACHING_FIXTURE
SYN_TRAJ_043	5	SYN_PROS_SPK_06	SYN_ITEM_03	SYN_SHORT	86.05	50	-70.0000000000074	0.173010380622837	130.1015	130.1015		130.1015	-0.897909058153453	observed	FALSE	SYNTHETIC_TEACHING_FIXTURE
SYN_TRAJ_043	6	SYN_PROS_SPK_06	SYN_ITEM_03	SYN_SHORT	86.06	60	-60.0000000000023	0.207612456747405	131.4104	131.4104		131.4104	-0.724606721297541	observed	FALSE	SYNTHETIC_TEACHING_FIXTURE
SYN_TRAJ_043	7	SYN_PROS_SPK_06	SYN_ITEM_03	SYN_SHORT	86.07	70	-50.0000000000114	0.242214532871972	131.8984	131.8984		131.8984	-0.66043543775129	observed	FALSE	SYNTHETIC_TEACHING_FIXTURE
SYN_TRAJ_043	8	SYN_PROS_SPK_06	SYN_ITEM_03	SYN_SHORT	86.08	80	-40.0000000000063	0.27681660899654	130.3839	130.3839		130.3839	-0.860371392933239	observed	FALSE	SYNTHETIC_TEACHING_FIXTURE
SYN_TRAJ_043	9	SYN_PROS_SPK_06	SYN_ITEM_03	SYN_SHORT	86.09	90	-30.0000000000011	0.311418685121107	132.1731	132.1731		132.1731	-0.624417149914886	observed	FALSE	SYNTHETIC_TEACHING_FIXTURE
SYN_TRAJ_043	10	SYN_PROS_SPK_06	SYN_ITEM_03	SYN_SHORT	86.1	100	-20.0000000000102	0.346020761245675	135.4477	135.4477		135.4477	-0.200729457003763	observed	FALSE	SYNTHETIC_TEACHING_FIXTURE
SYN_TRAJ_043	11	SYN_PROS_SPK_06	SYN_ITEM_03	SYN_SHORT	86.11	110	-10.0000000000051	0.380622837370242	137.7566	137.7566		137.7566	0.0918970839723601	observed	FALSE	SYNTHETIC_TEACHING_FIXTURE
SYN_TRAJ_043	12	SYN_PROS_SPK_06	SYN_ITEM_03	SYN_SHORT	86.12	120	0	0.41522491349481	143.9389	143.9389		143.9389	0.851918253000383	observed	FALSE	SYNTHETIC_TEACHING_FIXTURE
SYN_TRAJ_043	13	SYN_PROS_SPK_06	SYN_ITEM_03	SYN_SHORT	86.13	130	9.9999999999909	0.449826989619377	145.6762	145.6762		145.6762	1.05962213239575	observed	FALSE	SYNTHETIC_TEACHING_FIXTURE
SYN_TRAJ_043	14	SYN_PROS_SPK_06	SYN_ITEM_03	SYN_SHORT	86.14	140	19.999999999996	0.484429065743945	147.8973	147.8973		147.8973	1.32158837367066	observed	FALSE	SYNTHETIC_TEACHING_FIXTURE
SYN_TRAJ_043	15	SYN_PROS_SPK_06	SYN_ITEM_03	SYN_SHORT	86.15	150	30.0000000000011	0.519031141868512	145.4616	145.4616		145.4616	1.03409999860096	observed	FALSE	SYNTHETIC_TEACHING_FIXTURE
SYN_TRAJ_043	16	SYN_PROS_SPK_06	SYN_ITEM_03	SYN_SHORT	86.16	160	39.999999999992	0.55363321799308	149.215	149.215		149.215	1.47515065053211	observed	FALSE	SYNTHETIC_TEACHING_FIXTURE
SYN_TRAJ_043	17	SYN_PROS_SPK_06	SYN_ITEM_03	SYN_SHORT	86.17	170	49.9999999999972	0.588235294117647	145.9386	145.9386		145.9386	1.09077802277441	observed	FALSE	SYNTHETIC_TEACHING_FIXTURE
SYN_TRAJ_043	18	SYN_PROS_SPK_06	SYN_ITEM_03	SYN_SHORT	86.18	180	60.0000000000023	0.622837370242215	143.3837	143.3837		143.3837	0.785012110542156	observed	FALSE	SYNTHETIC_TEACHING_FIXTURE
SYN_TRAJ_043	19	SYN_PROS_SPK_06	SYN_ITEM_03	SYN_SHORT	86.19	190	69.9999999999932	0.657439446366782	139.9897	139.9897		139.9897	0.370287979660604	observed	FALSE	SYNTHETIC_TEACHING_FIXTURE
SYN_TRAJ_043	20	SYN_PROS_SPK_06	SYN_ITEM_03	SYN_SHORT	86.2	200	79.9999999999983	0.692041522491349	142.3463	142.3463		142.3463	0.659299718136674	observed	FALSE	SYNTHETIC_TEACHING_FIXTURE
SYN_TRAJ_043	21	SYN_PROS_SPK_06	SYN_ITEM_03	SYN_SHORT	86.21	210	89.9999999999892	0.726643598615917	135.682	135.682		135.682	-0.170808113922022	observed	FALSE	SYNTHETIC_TEACHING_FIXTURE
SYN_TRAJ_043	22	SYN_PROS_SPK_06	SYN_ITEM_03	SYN_SHORT	86.22	220	99.9999999999943	0.761245674740484	136.0458	136.0458		136.0458	-0.12445118442357	observed	FALSE	SYNTHETIC_TEACHING_FIXTURE
SYN_TRAJ_043	23	SYN_PROS_SPK_06	SYN_ITEM_03	SYN_SHORT	86.23	230	109.999999999999	0.795847750865052	133.8342	133.8342		133.8342	-0.408198252208812	observed	FALSE	SYNTHETIC_TEACHING_FIXTURE
SYN_TRAJ_043	24	SYN_PROS_SPK_06	SYN_ITEM_03	SYN_SHORT	86.24	240	119.99999999999	0.830449826989619	127.4727	127.4727		127.4727	-1.25130051541641	observed	FALSE	SYNTHETIC_TEACHING_FIXTURE
SYN_TRAJ_043	25	SYN_PROS_SPK_06	SYN_ITEM_03	SYN_SHORT	86.25	250	129.999999999995	0.865051903114187	125.4899	125.4899		125.4899	-1.52270515591393	observed	FALSE	SYNTHETIC_TEACHING_FIXTURE
SYN_TRAJ_043	26	SYN_PROS_SPK_06	SYN_ITEM_03	SYN_SHORT	86.26	260	140.000000000001	0.899653979238754	122.1507	122.1507		122.1507	-1.98961463180641	observed	FALSE	SYNTHETIC_TEACHING_FIXTURE
SYN_TRAJ_043	27	SYN_PROS_SPK_06	SYN_ITEM_03	SYN_SHORT	86.27	270	149.999999999991	0.934256055363322	122.0923	122.0923		122.0923	-1.9978936056474	observed	FALSE	SYNTHETIC_TEACHING_FIXTURE
SYN_TRAJ_043	28	SYN_PROS_SPK_06	SYN_ITEM_03	SYN_SHORT	86.28	280	159.999999999997	0.968858131487889	122.537	122.537		122.537	-1.93495097124777	observed	FALSE	SYNTHETIC_TEACHING_FIXTURE
SYN_TRAJ_044	0	SYN_PROS_SPK_06	SYN_ITEM_04	SYN_LONG	88	0	-120.000000000005	0	130.5037	130.5037		130.5037	-0.844471683352853	observed	TRUE	SYNTHETIC_TEACHING_FIXTURE
SYN_TRAJ_044	1	SYN_PROS_SPK_06	SYN_ITEM_04	SYN_LONG	88.01	10	-109.999999999999	0.02	129.1586	129.1586		129.1586	-1.02383570726483	observed	FALSE	SYNTHETIC_TEACHING_FIXTURE
SYN_TRAJ_044	2	SYN_PROS_SPK_06	SYN_ITEM_04	SYN_LONG	88.02	20	-100.000000000009	0.04	126.5121	126.5121		126.5121	-1.38225570305916	observed	FALSE	SYNTHETIC_TEACHING_FIXTURE
SYN_TRAJ_044	3	SYN_PROS_SPK_06	SYN_ITEM_04	SYN_LONG	88.03	30	-90.0000000000034	0.06	128.1903	128.1903		128.1903	-1.15411501606045	observed	FALSE	SYNTHETIC_TEACHING_FIXTURE
SYN_TRAJ_044	4	SYN_PROS_SPK_06	SYN_ITEM_04	SYN_LONG	88.04	40	-79.9999999999983	0.08	130.0189	130.0189		130.0189	-0.908903961841081	observed	FALSE	SYNTHETIC_TEACHING_FIXTURE
SYN_TRAJ_044	5	SYN_PROS_SPK_06	SYN_ITEM_04	SYN_LONG	88.05	50	-70.0000000000074	0.1	133.7554	133.7554		133.7554	-0.418394556326005	observed	FALSE	SYNTHETIC_TEACHING_FIXTURE
SYN_TRAJ_044	6	SYN_PROS_SPK_06	SYN_ITEM_04	SYN_LONG	88.06	60	-60.0000000000023	0.12	134.9297	134.9297		134.9297	-0.267064907719099	observed	FALSE	SYNTHETIC_TEACHING_FIXTURE
SYN_TRAJ_044	7	SYN_PROS_SPK_06	SYN_ITEM_04	SYN_LONG	88.07	70	-50.0000000000114	0.14	134.8347	134.8347		134.8347	-0.279258306214987	observed	FALSE	SYNTHETIC_TEACHING_FIXTURE
SYN_TRAJ_044	8	SYN_PROS_SPK_06	SYN_ITEM_04	SYN_LONG	88.08	80	-40.0000000000063	0.16	134.8334	134.8334		134.8334	-0.279425222825722	observed	FALSE	SYNTHETIC_TEACHING_FIXTURE
SYN_TRAJ_044	9	SYN_PROS_SPK_06	SYN_ITEM_04	SYN_LONG	88.09	90	-30.0000000000011	0.18	135.1125	135.1125		135.1125	-0.243626376074142	observed	FALSE	SYNTHETIC_TEACHING_FIXTURE
SYN_TRAJ_044	10	SYN_PROS_SPK_06	SYN_ITEM_04	SYN_LONG	88.1	100	-20.0000000000102	0.2	137.5461	137.5461		137.5461	0.0654226005512507	observed	FALSE	SYNTHETIC_TEACHING_FIXTURE
SYN_TRAJ_044	11	SYN_PROS_SPK_06	SYN_ITEM_04	SYN_LONG	88.11	110	-10.0000000000051	0.22	140.2873	140.2873		140.2873	0.407052712166377	observed	FALSE	SYNTHETIC_TEACHING_FIXTURE
SYN_TRAJ_044	12	SYN_PROS_SPK_06	SYN_ITEM_04	SYN_LONG	88.12	120	0	0.24	144.32	144.32		144.32	0.897694718566721	observed	FALSE	SYNTHETIC_TEACHING_FIXTURE
SYN_TRAJ_044	13	SYN_PROS_SPK_06	SYN_ITEM_04	SYN_LONG	88.13	130	9.9999999999909	0.26	146.6504	146.6504		146.6504	1.17501186800964	observed	FALSE	SYNTHETIC_TEACHING_FIXTURE
SYN_TRAJ_044	14	SYN_PROS_SPK_06	SYN_ITEM_04	SYN_LONG	88.14	140	19.999999999996	0.28	145.4469	145.4469		145.4469	1.03235036663469	observed	FALSE	SYNTHETIC_TEACHING_FIXTURE
SYN_TRAJ_044	15	SYN_PROS_SPK_06	SYN_ITEM_04	SYN_LONG	88.15	150	30.0000000000011	0.3	146.0513	146.0513		146.0513	1.10414218961844	observed	FALSE	SYNTHETIC_TEACHING_FIXTURE
SYN_TRAJ_044	16	SYN_PROS_SPK_06	SYN_ITEM_04	SYN_LONG	88.16	160	39.999999999992	0.32	149.3956	149.3956		149.3956	1.4960916959862	observed	FALSE	SYNTHETIC_TEACHING_FIXTURE
SYN_TRAJ_044	17	SYN_PROS_SPK_06	SYN_ITEM_04	SYN_LONG	88.17	170	49.9999999999972	0.34	152.808	152.808		152.808	1.88708069611372	observed	FALSE	SYNTHETIC_TEACHING_FIXTURE
SYN_TRAJ_044	18	SYN_PROS_SPK_06	SYN_ITEM_04	SYN_LONG	88.18	180	60.0000000000023	0.36	153.4473	153.4473		153.4473	1.95935892510667	observed	FALSE	SYNTHETIC_TEACHING_FIXTURE
SYN_TRAJ_044	19	SYN_PROS_SPK_06	SYN_ITEM_04	SYN_LONG	88.19	190	69.9999999999932	0.38	154.7983	154.7983		154.7983	2.11111532823717	observed	FALSE	SYNTHETIC_TEACHING_FIXTURE
SYN_TRAJ_044	20	SYN_PROS_SPK_06	SYN_ITEM_04	SYN_LONG	88.2	200	79.9999999999983	0.4	157.8915	157.8915		157.8915	2.45364187345688	observed	FALSE	SYNTHETIC_TEACHING_FIXTURE
SYN_TRAJ_044	21	SYN_PROS_SPK_06	SYN_ITEM_04	SYN_LONG	88.21	210	89.9999999999892	0.42	157.6607	157.6607		157.6607	2.42831681536652	observed	FALSE	SYNTHETIC_TEACHING_FIXTURE
SYN_TRAJ_044	22	SYN_PROS_SPK_06	SYN_ITEM_04	SYN_LONG	88.22	220	99.9999999999943	0.44	155.5779	155.5779		155.5779	2.19808545694295	observed	FALSE	SYNTHETIC_TEACHING_FIXTURE
SYN_TRAJ_044	23	SYN_PROS_SPK_06	SYN_ITEM_04	SYN_LONG	88.23	230	109.999999999999	0.46	154.9929	154.9929		154.9929	2.13286534503951	observed	FALSE	SYNTHETIC_TEACHING_FIXTURE
SYN_TRAJ_044	24	SYN_PROS_SPK_06	SYN_ITEM_04	SYN_LONG	88.24	240	119.99999999999	0.48	149.7672	149.7672		149.7672	1.53910017855791	observed	FALSE	SYNTHETIC_TEACHING_FIXTURE
SYN_TRAJ_044	25	SYN_PROS_SPK_06	SYN_ITEM_04	SYN_LONG	88.25	250	129.999999999995	0.5	151.7011	151.7011		151.7011	1.76121835509971	observed	FALSE	SYNTHETIC_TEACHING_FIXTURE
SYN_TRAJ_044	26	SYN_PROS_SPK_06	SYN_ITEM_04	SYN_LONG	88.26	260	140.000000000001	0.52	148.7205	148.7205		148.7205	1.41768210291795	observed	FALSE	SYNTHETIC_TEACHING_FIXTURE
SYN_TRAJ_044	27	SYN_PROS_SPK_06	SYN_ITEM_04	SYN_LONG	88.27	270	149.999999999991	0.54	148.2076	148.2076		148.2076	1.35787295538972	observed	FALSE	SYNTHETIC_TEACHING_FIXTURE
SYN_TRAJ_044	28	SYN_PROS_SPK_06	SYN_ITEM_04	SYN_LONG	88.28	280	159.999999999997	0.56	143.3081	143.3081		143.3081	0.775881657760243	observed	FALSE	SYNTHETIC_TEACHING_FIXTURE
SYN_TRAJ_044	29	SYN_PROS_SPK_06	SYN_ITEM_04	SYN_LONG	88.29	290	170.000000000002	0.58	138.8119	138.8119		138.8119	0.224014816733218	observed	FALSE	SYNTHETIC_TEACHING_FIXTURE
SYN_TRAJ_044	30	SYN_PROS_SPK_06	SYN_ITEM_04	SYN_LONG	88.3	300	179.999999999993	0.6	133.771	133.771		133.771	-0.416375521853443	observed	FALSE	SYNTHETIC_TEACHING_FIXTURE
SYN_TRAJ_044	31	SYN_PROS_SPK_06	SYN_ITEM_04	SYN_LONG	88.31	310	189.999999999998	0.62	133.5496	133.5496		133.5496	-0.445052347066572	observed	FALSE	SYNTHETIC_TEACHING_FIXTURE
SYN_TRAJ_044	32	SYN_PROS_SPK_06	SYN_ITEM_04	SYN_LONG	88.32	320	199.999999999989	0.64	131.881	131.881		131.881	-0.662719427516788	observed	FALSE	SYNTHETIC_TEACHING_FIXTURE
SYN_TRAJ_044	33	SYN_PROS_SPK_06	SYN_ITEM_04	SYN_LONG	88.33	330	209.999999999994	0.66	132.2518	132.2518		132.2518	-0.614111908337061	observed	FALSE	SYNTHETIC_TEACHING_FIXTURE
SYN_TRAJ_044	34	SYN_PROS_SPK_06	SYN_ITEM_04	SYN_LONG	88.34	340	219.999999999999	0.68	134.4972	134.4972		134.4972	-0.322646541874444	observed	FALSE	SYNTHETIC_TEACHING_FIXTURE
SYN_TRAJ_044	35	SYN_PROS_SPK_06	SYN_ITEM_04	SYN_LONG	88.35	350	229.99999999999	0.7	131.8537	131.8537		131.8537	-0.666303536070446	observed	FALSE	SYNTHETIC_TEACHING_FIXTURE
SYN_TRAJ_044	36	SYN_PROS_SPK_06	SYN_ITEM_04	SYN_LONG	88.36	360	239.999999999995	0.72	125.1606	125.1606		125.1606	-1.5681944488024	observed	FALSE	SYNTHETIC_TEACHING_FIXTURE
SYN_TRAJ_044	37	SYN_PROS_SPK_06	SYN_ITEM_04	SYN_LONG	88.37	370	250	0.74	124.5847	124.5847		124.5847	-1.64803734923292	observed	FALSE	SYNTHETIC_TEACHING_FIXTURE
SYN_TRAJ_044	38	SYN_PROS_SPK_06	SYN_ITEM_04	SYN_LONG	88.38	380	259.999999999991	0.76	125.5234	125.5234		125.5234	-1.51808417838103	observed	FALSE	SYNTHETIC_TEACHING_FIXTURE
SYN_TRAJ_044	39	SYN_PROS_SPK_06	SYN_ITEM_04	SYN_LONG	88.39	390	269.999999999996	0.78	127.4859	127.4859		127.4859	-1.2495078879492	observed	FALSE	SYNTHETIC_TEACHING_FIXTURE
SYN_TRAJ_044	40	SYN_PROS_SPK_06	SYN_ITEM_04	SYN_LONG	88.4	400	280.000000000001	0.8	125.3176	125.3176		125.3176	-1.54649165939407	observed	FALSE	SYNTHETIC_TEACHING_FIXTURE
SYN_TRAJ_044	41	SYN_PROS_SPK_06	SYN_ITEM_04	SYN_LONG	88.41	410	289.999999999992	0.82	124.6004	124.6004		124.6004	-1.64585580831364	observed	FALSE	SYNTHETIC_TEACHING_FIXTURE
SYN_TRAJ_044	42	SYN_PROS_SPK_06	SYN_ITEM_04	SYN_LONG	88.42	420	299.999999999997	0.84	126.0747	126.0747		126.0747	-1.44221469774791	observed	FALSE	SYNTHETIC_TEACHING_FIXTURE
SYN_TRAJ_044	43	SYN_PROS_SPK_06	SYN_ITEM_04	SYN_LONG	88.43	430	310.000000000002	0.86	121.5115	121.5115		121.5115	-2.08044590088494	observed	FALSE	SYNTHETIC_TEACHING_FIXTURE
SYN_TRAJ_044	44	SYN_PROS_SPK_06	SYN_ITEM_04	SYN_LONG	88.44	440	319.999999999993	0.88	125.1917	125.1917		125.1917	-1.56389319978628	observed	FALSE	SYNTHETIC_TEACHING_FIXTURE
SYN_TRAJ_044	45	SYN_PROS_SPK_06	SYN_ITEM_04	SYN_LONG	88.45	450	329.999999999998	0.9	122.2229	122.2229		122.2229	-1.97938479503357	observed	FALSE	SYNTHETIC_TEACHING_FIXTURE
SYN_TRAJ_044	46	SYN_PROS_SPK_06	SYN_ITEM_04	SYN_LONG	88.46	460	339.999999999989	0.92	125.364	125.364		125.364	-1.54008279166752	observed	FALSE	SYNTHETIC_TEACHING_FIXTURE
SYN_TRAJ_044	47	SYN_PROS_SPK_06	SYN_ITEM_04	SYN_LONG	88.47	470	349.999999999994	0.94	123.2005	123.2005		123.2005	-1.84146287253114	observed	FALSE	SYNTHETIC_TEACHING_FIXTURE
SYN_TRAJ_044	48	SYN_PROS_SPK_06	SYN_ITEM_04	SYN_LONG	88.48	480	359.999999999999	0.96	122.273	122.273		122.273	-1.9722898026781	observed	FALSE	SYNTHETIC_TEACHING_FIXTURE
SYN_TRAJ_044	49	SYN_PROS_SPK_06	SYN_ITEM_04	SYN_LONG	88.49	490	369.99999999999	0.98	125.9693	125.9693		125.9693	-1.45669408066583	observed	FALSE	SYNTHETIC_TEACHING_FIXTURE
SYN_TRAJ_044	50	SYN_PROS_SPK_06	SYN_ITEM_04	SYN_LONG	88.5	500	379.999999999995	1	128.1062	128.1062		128.1062	-1.16547660615256	observed	FALSE	SYNTHETIC_TEACHING_FIXTURE
SYN_TRAJ_045	0	SYN_PROS_SPK_06	SYN_ITEM_05	SYN_SHORT	90	0	-120.000000000005	0			structural_unvoiced			missing	TRUE	SYNTHETIC_TEACHING_FIXTURE
SYN_TRAJ_045	1	SYN_PROS_SPK_06	SYN_ITEM_05	SYN_SHORT	90.01	10	-109.999999999999	0.0338983050847458			structural_unvoiced			missing	FALSE	SYNTHETIC_TEACHING_FIXTURE
SYN_TRAJ_045	2	SYN_PROS_SPK_06	SYN_ITEM_05	SYN_SHORT	90.02	20	-100.000000000009	0.0677966101694915			structural_unvoiced			missing	FALSE	SYNTHETIC_TEACHING_FIXTURE
SYN_TRAJ_045	3	SYN_PROS_SPK_06	SYN_ITEM_05	SYN_SHORT	90.03	30	-90.0000000000034	0.101694915254237	130.8591	130.8591		130.8591	-0.797389163555411	observed	FALSE	SYNTHETIC_TEACHING_FIXTURE
SYN_TRAJ_045	4	SYN_PROS_SPK_06	SYN_ITEM_05	SYN_SHORT	90.04	40	-79.9999999999983	0.135593220338983	132.7326	132.7326		132.7326	-0.551287210411572	observed	FALSE	SYNTHETIC_TEACHING_FIXTURE
SYN_TRAJ_045	5	SYN_PROS_SPK_06	SYN_ITEM_05	SYN_SHORT	90.05	50	-70.0000000000074	0.169491525423729	130.5266	130.5266		130.5266	-0.841434085049106	observed	FALSE	SYNTHETIC_TEACHING_FIXTURE
SYN_TRAJ_045	6	SYN_PROS_SPK_06	SYN_ITEM_05	SYN_SHORT	90.06	60	-60.0000000000023	0.203389830508475	127.9765	127.9765		127.9765	-1.18301321251946	observed	FALSE	SYNTHETIC_TEACHING_FIXTURE
SYN_TRAJ_045	7	SYN_PROS_SPK_06	SYN_ITEM_05	SYN_SHORT	90.07	70	-50.0000000000114	0.23728813559322	128.8066	128.8066		128.8066	-1.07108198416484	observed	FALSE	SYNTHETIC_TEACHING_FIXTURE
SYN_TRAJ_045	8	SYN_PROS_SPK_06	SYN_ITEM_05	SYN_SHORT	90.08	80	-40.0000000000063	0.271186440677966	134.0705	134.0705		134.0705	-0.377658234666588	observed	FALSE	SYNTHETIC_TEACHING_FIXTURE
SYN_TRAJ_045	9	SYN_PROS_SPK_06	SYN_ITEM_05	SYN_SHORT	90.09	90	-30.0000000000011	0.305084745762712	134.2599	134.2599		134.2599	-0.353218530231471	observed	FALSE	SYNTHETIC_TEACHING_FIXTURE
SYN_TRAJ_045	10	SYN_PROS_SPK_06	SYN_ITEM_05	SYN_SHORT	90.1	100	-20.0000000000102	0.338983050847458	136.3554	136.3554		136.3554	-0.0850981791958039	observed	FALSE	SYNTHETIC_TEACHING_FIXTURE
SYN_TRAJ_045	11	SYN_PROS_SPK_06	SYN_ITEM_05	SYN_SHORT	90.11	110	-10.0000000000051	0.372881355932203	141.6167	141.6167		141.6167	0.570336639024076	observed	FALSE	SYNTHETIC_TEACHING_FIXTURE
SYN_TRAJ_045	12	SYN_PROS_SPK_06	SYN_ITEM_05	SYN_SHORT	90.12	120	0	0.406779661016949	143.819	143.819		143.819	0.837491196471565	observed	FALSE	SYNTHETIC_TEACHING_FIXTURE
SYN_TRAJ_045	13	SYN_PROS_SPK_06	SYN_ITEM_05	SYN_SHORT	90.13	130	9.9999999999909	0.440677966101695	144.3066	144.3066		144.3066	0.896087206558184	observed	FALSE	SYNTHETIC_TEACHING_FIXTURE
SYN_TRAJ_045	14	SYN_PROS_SPK_06	SYN_ITEM_05	SYN_SHORT	90.14	140	19.999999999996	0.474576271186441	147.7533	147.7533		147.7533	1.3047240261754	observed	FALSE	SYNTHETIC_TEACHING_FIXTURE
SYN_TRAJ_045	15	SYN_PROS_SPK_06	SYN_ITEM_05	SYN_SHORT	90.15	150	30.0000000000011	0.508474576271186	147.1093	147.1093		147.1093	1.22910124455606	observed	FALSE	SYNTHETIC_TEACHING_FIXTURE
SYN_TRAJ_045	16	SYN_PROS_SPK_06	SYN_ITEM_05	SYN_SHORT	90.16	160	39.999999999992	0.542372881355932	148.4673	148.4673		148.4673	1.38818233426751	observed	FALSE	SYNTHETIC_TEACHING_FIXTURE
SYN_TRAJ_045	17	SYN_PROS_SPK_06	SYN_ITEM_05	SYN_SHORT	90.17	170	49.9999999999972	0.576271186440678	146.2647	146.2647		146.2647	1.12941931517452	observed	FALSE	SYNTHETIC_TEACHING_FIXTURE
SYN_TRAJ_045	18	SYN_PROS_SPK_06	SYN_ITEM_05	SYN_SHORT	90.18	180	60.0000000000023	0.610169491525424	147.2495	147.2495		147.2495	1.2455926171281	observed	FALSE	SYNTHETIC_TEACHING_FIXTURE
SYN_TRAJ_045	19	SYN_PROS_SPK_06	SYN_ITEM_05	SYN_SHORT	90.19	190	69.9999999999932	0.64406779661017	146.7743	146.7743		146.7743	1.18963230803584	observed	FALSE	SYNTHETIC_TEACHING_FIXTURE
SYN_TRAJ_045	20	SYN_PROS_SPK_06	SYN_ITEM_05	SYN_SHORT	90.2	200	79.9999999999983	0.677966101694915	142.6371	142.6371		142.6371	0.694631111909307	observed	FALSE	SYNTHETIC_TEACHING_FIXTURE
SYN_TRAJ_045	21	SYN_PROS_SPK_06	SYN_ITEM_05	SYN_SHORT	90.21	210	89.9999999999892	0.711864406779661	140.3711	140.3711		140.3711	0.417391074932156	observed	FALSE	SYNTHETIC_TEACHING_FIXTURE
SYN_TRAJ_045	22	SYN_PROS_SPK_06	SYN_ITEM_05	SYN_SHORT	90.22	220	99.9999999999943	0.745762711864407	137.6471	137.6471		137.6471	0.0781303743484746	observed	FALSE	SYNTHETIC_TEACHING_FIXTURE
SYN_TRAJ_045	23	SYN_PROS_SPK_06	SYN_ITEM_05	SYN_SHORT	90.23	230	109.999999999999	0.779661016949153	137.9959	137.9959		137.9959	0.121944638350974	observed	FALSE	SYNTHETIC_TEACHING_FIXTURE
SYN_TRAJ_045	24	SYN_PROS_SPK_06	SYN_ITEM_05	SYN_SHORT	90.24	240	119.99999999999	0.813559322033898	133.5894	133.5894		133.5894	-0.439893750555938	observed	FALSE	SYNTHETIC_TEACHING_FIXTURE
SYN_TRAJ_045	25	SYN_PROS_SPK_06	SYN_ITEM_05	SYN_SHORT	90.25	250	129.999999999995	0.847457627118644	135.4634	135.4634		135.4634	-0.198722867048551	observed	FALSE	SYNTHETIC_TEACHING_FIXTURE
SYN_TRAJ_045	26	SYN_PROS_SPK_06	SYN_ITEM_05	SYN_SHORT	90.26	260	140.000000000001	0.88135593220339	134.6359	134.6359		134.6359	-0.304802420592896	observed	FALSE	SYNTHETIC_TEACHING_FIXTURE
SYN_TRAJ_045	27	SYN_PROS_SPK_06	SYN_ITEM_05	SYN_SHORT	90.27	270	149.999999999991	0.915254237288136	133.823	133.823		133.823	-0.409647107039608	observed	FALSE	SYNTHETIC_TEACHING_FIXTURE
SYN_TRAJ_045	28	SYN_PROS_SPK_06	SYN_ITEM_05	SYN_SHORT	90.28	280	159.999999999997	0.949152542372881			structural_unvoiced			missing	FALSE	SYNTHETIC_TEACHING_FIXTURE
SYN_TRAJ_045	29	SYN_PROS_SPK_06	SYN_ITEM_05	SYN_SHORT	90.29	290	170.000000000002	0.983050847457627			structural_unvoiced			missing	FALSE	SYNTHETIC_TEACHING_FIXTURE
SYN_TRAJ_046	0	SYN_PROS_SPK_06	SYN_ITEM_06	SYN_LONG	92	0	-120.000000000005	0	133.8779	133.8779		133.8779	-0.402546290372484	observed	TRUE	SYNTHETIC_TEACHING_FIXTURE
SYN_TRAJ_046	1	SYN_PROS_SPK_06	SYN_ITEM_06	SYN_LONG	92.01	10	-109.999999999999	0.0212765957446809	137.3611	137.3611		137.3611	0.0421217668571713	observed	FALSE	SYNTHETIC_TEACHING_FIXTURE
SYN_TRAJ_046	2	SYN_PROS_SPK_06	SYN_ITEM_06	SYN_LONG	92.02	20	-100.000000000009	0.0425531914893617	137.1759		estimator_failure	137.70705	0.0856688467398619	interpolated_estimator_failure	FALSE	SYNTHETIC_TEACHING_FIXTURE
SYN_TRAJ_046	3	SYN_PROS_SPK_06	SYN_ITEM_06	SYN_LONG	92.03	30	-90.0000000000034	0.0638297872340425	138.053	138.053		138.053	0.12910666403639	observed	FALSE	SYNTHETIC_TEACHING_FIXTURE
SYN_TRAJ_046	4	SYN_PROS_SPK_06	SYN_ITEM_06	SYN_LONG	92.04	40	-79.9999999999983	0.0851063829787234	136.7691	136.7691		136.7691	-0.0326523478014187	observed	FALSE	SYNTHETIC_TEACHING_FIXTURE
SYN_TRAJ_046	5	SYN_PROS_SPK_06	SYN_ITEM_06	SYN_LONG	92.05	50	-70.0000000000074	0.106382978723404	138.1874	138.1874		138.1874	0.145952706436703	observed	FALSE	SYNTHETIC_TEACHING_FIXTURE
SYN_TRAJ_046	6	SYN_PROS_SPK_06	SYN_ITEM_06	SYN_LONG	92.06	60	-60.0000000000023	0.127659574468085	135.0412	135.0412		135.0412	-0.252764654806916	observed	FALSE	SYNTHETIC_TEACHING_FIXTURE
SYN_TRAJ_046	7	SYN_PROS_SPK_06	SYN_ITEM_06	SYN_LONG	92.07	70	-50.0000000000114	0.148936170212766	132.1311	132.1311		132.1311	-0.629919281978836	observed	FALSE	SYNTHETIC_TEACHING_FIXTURE
SYN_TRAJ_046	8	SYN_PROS_SPK_06	SYN_ITEM_06	SYN_LONG	92.08	80	-40.0000000000063	0.170212765957447	136.0755	136.0755		136.0755	-0.120672160035444	observed	FALSE	SYNTHETIC_TEACHING_FIXTURE
SYN_TRAJ_046	9	SYN_PROS_SPK_06	SYN_ITEM_06	SYN_LONG	92.09	90	-30.0000000000011	0.191489361702128	135.9103	135.9103		135.9103	-0.141702662368714	observed	FALSE	SYNTHETIC_TEACHING_FIXTURE
SYN_TRAJ_046	10	SYN_PROS_SPK_06	SYN_ITEM_06	SYN_LONG	92.1	100	-20.0000000000102	0.212765957446809	141.2294	141.2294		141.2294	0.522925176305343	observed	FALSE	SYNTHETIC_TEACHING_FIXTURE
SYN_TRAJ_046	11	SYN_PROS_SPK_06	SYN_ITEM_06	SYN_LONG	92.11	110	-10.0000000000051	0.234042553191489	146.0016	146.0016		146.0016	1.09824994659883	observed	FALSE	SYNTHETIC_TEACHING_FIXTURE
SYN_TRAJ_046	12	SYN_PROS_SPK_06	SYN_ITEM_06	SYN_LONG	92.12	120	0	0.25531914893617	145.8466	145.8466		145.8466	1.07986084549522	observed	FALSE	SYNTHETIC_TEACHING_FIXTURE
SYN_TRAJ_046	13	SYN_PROS_SPK_06	SYN_ITEM_06	SYN_LONG	92.13	130	9.9999999999909	0.276595744680851	146.1459	146.1459		146.1459	1.11535206752034	observed	FALSE	SYNTHETIC_TEACHING_FIXTURE
SYN_TRAJ_046	14	SYN_PROS_SPK_06	SYN_ITEM_06	SYN_LONG	92.14	140	19.999999999996	0.297872340425532	145.5498	145.5498		145.5498	1.04459407875061	observed	FALSE	SYNTHETIC_TEACHING_FIXTURE
SYN_TRAJ_046	15	SYN_PROS_SPK_06	SYN_ITEM_06	SYN_LONG	92.15	150	30.0000000000011	0.319148936170213	148.701	148.701		148.701	1.41541198700466	observed	FALSE	SYNTHETIC_TEACHING_FIXTURE
SYN_TRAJ_046	16	SYN_PROS_SPK_06	SYN_ITEM_06	SYN_LONG	92.16	160	39.999999999992	0.340425531914894	153.5143	153.5143		153.5143	1.96691639699432	observed	FALSE	SYNTHETIC_TEACHING_FIXTURE
SYN_TRAJ_046	17	SYN_PROS_SPK_06	SYN_ITEM_06	SYN_LONG	92.17	170	49.9999999999972	0.361702127659574	154.4712	154.4712		154.4712	2.07449439609837	observed	FALSE	SYNTHETIC_TEACHING_FIXTURE
SYN_TRAJ_046	18	SYN_PROS_SPK_06	SYN_ITEM_06	SYN_LONG	92.18	180	60.0000000000023	0.382978723404255	153.1558	153.1558		153.1558	1.9264398269399	observed	FALSE	SYNTHETIC_TEACHING_FIXTURE
SYN_TRAJ_046	19	SYN_PROS_SPK_06	SYN_ITEM_06	SYN_LONG	92.19	190	69.9999999999932	0.404255319148936	155.8939	155.8939		155.8939	2.23321352614232	observed	FALSE	SYNTHETIC_TEACHING_FIXTURE
SYN_TRAJ_046	20	SYN_PROS_SPK_06	SYN_ITEM_06	SYN_LONG	92.2	200	79.9999999999983	0.425531914893617	158.5137	158.5137		158.5137	2.52173021168932	observed	FALSE	SYNTHETIC_TEACHING_FIXTURE
SYN_TRAJ_046	21	SYN_PROS_SPK_06	SYN_ITEM_06	SYN_LONG	92.21	210	89.9999999999892	0.446808510638298	157.2316	157.2316		157.2316	2.38113414432165	observed	FALSE	SYNTHETIC_TEACHING_FIXTURE
SYN_TRAJ_046	22	SYN_PROS_SPK_06	SYN_ITEM_06	SYN_LONG	92.22	220	99.9999999999943	0.468085106382979	157.5132	157.5132		157.5132	2.41211261566089	observed	FALSE	SYNTHETIC_TEACHING_FIXTURE
SYN_TRAJ_046	23	SYN_PROS_SPK_06	SYN_ITEM_06	SYN_LONG	92.23	230	109.999999999999	0.48936170212766	157.6645	157.6645		157.6645	2.42873407915557	observed	FALSE	SYNTHETIC_TEACHING_FIXTURE
SYN_TRAJ_046	24	SYN_PROS_SPK_06	SYN_ITEM_06	SYN_LONG	92.24	240	119.99999999999	0.51063829787234	147.5316	147.5316		147.5316	1.27872779942645	observed	FALSE	SYNTHETIC_TEACHING_FIXTURE
SYN_TRAJ_046	25	SYN_PROS_SPK_06	SYN_ITEM_06	SYN_LONG	92.25	250	129.999999999995	0.531914893617021	145.5027	145.5027		145.5027	1.03899088864416	observed	FALSE	SYNTHETIC_TEACHING_FIXTURE
SYN_TRAJ_046	26	SYN_PROS_SPK_06	SYN_ITEM_06	SYN_LONG	92.26	260	140.000000000001	0.553191489361702	148.972	148.972		148.972	1.44693413089508	observed	FALSE	SYNTHETIC_TEACHING_FIXTURE
SYN_TRAJ_046	27	SYN_PROS_SPK_06	SYN_ITEM_06	SYN_LONG	92.27	270	149.999999999991	0.574468085106383	147.6104	147.6104		147.6104	1.28797224761126	observed	FALSE	SYNTHETIC_TEACHING_FIXTURE
SYN_TRAJ_046	28	SYN_PROS_SPK_06	SYN_ITEM_06	SYN_LONG	92.28	280	159.999999999997	0.595744680851064	145.815	145.815		145.815	1.07610944344815	observed	FALSE	SYNTHETIC_TEACHING_FIXTURE
SYN_TRAJ_046	29	SYN_PROS_SPK_06	SYN_ITEM_06	SYN_LONG	92.29	290	170.000000000002	0.617021276595745	141.7391	141.7391		141.7391	0.585293316161849	observed	FALSE	SYNTHETIC_TEACHING_FIXTURE
SYN_TRAJ_046	30	SYN_PROS_SPK_06	SYN_ITEM_06	SYN_LONG	92.3	300	179.999999999993	0.638297872340426	139.8133	139.8133		139.8133	0.348459069554897	observed	FALSE	SYNTHETIC_TEACHING_FIXTURE
SYN_TRAJ_046	31	SYN_PROS_SPK_06	SYN_ITEM_06	SYN_LONG	92.31	310	189.999999999998	0.659574468085106	142.3846	142.3846		142.3846	0.663957186959282	observed	FALSE	SYNTHETIC_TEACHING_FIXTURE
SYN_TRAJ_046	32	SYN_PROS_SPK_06	SYN_ITEM_06	SYN_LONG	92.32	320	199.999999999989	0.680851063829787	137.2841	137.2841		137.2841	0.0324143315718777	observed	FALSE	SYNTHETIC_TEACHING_FIXTURE
SYN_TRAJ_046	33	SYN_PROS_SPK_06	SYN_ITEM_06	SYN_LONG	92.33	330	209.999999999994	0.702127659574468	134.7841	134.7841		134.7841	-0.285756402335229	observed	FALSE	SYNTHETIC_TEACHING_FIXTURE
SYN_TRAJ_046	34	SYN_PROS_SPK_06	SYN_ITEM_06	SYN_LONG	92.34	340	219.999999999999	0.723404255319149	129.6215	129.6215		129.6215	-0.961899793641245	observed	FALSE	SYNTHETIC_TEACHING_FIXTURE
SYN_TRAJ_046	35	SYN_PROS_SPK_06	SYN_ITEM_06	SYN_LONG	92.35	350	229.99999999999	0.74468085106383	130.5627	130.5627		130.5627	-0.836646638794542	observed	FALSE	SYNTHETIC_TEACHING_FIXTURE
SYN_TRAJ_046	36	SYN_PROS_SPK_06	SYN_ITEM_06	SYN_LONG	92.36	360	239.999999999995	0.765957446808511	133.7733	133.7733		133.7733	-0.416077863610455	observed	FALSE	SYNTHETIC_TEACHING_FIXTURE
SYN_TRAJ_046	37	SYN_PROS_SPK_06	SYN_ITEM_06	SYN_LONG	92.37	370	250	0.787234042553192	136.8517	136.8517		136.8517	-0.0221999306754727	observed	FALSE	SYNTHETIC_TEACHING_FIXTURE
SYN_TRAJ_046	38	SYN_PROS_SPK_06	SYN_ITEM_06	SYN_LONG	92.38	380	259.999999999991	0.808510638297872	132.7322	132.7322		132.7322	-0.551339382572973	observed	FALSE	SYNTHETIC_TEACHING_FIXTURE
SYN_TRAJ_046	39	SYN_PROS_SPK_06	SYN_ITEM_06	SYN_LONG	92.39	390	269.999999999996	0.829787234042553	131.7706	131.7706		131.7706	-0.677217974097782	observed	FALSE	SYNTHETIC_TEACHING_FIXTURE
SYN_TRAJ_046	40	SYN_PROS_SPK_06	SYN_ITEM_06	SYN_LONG	92.4	400	280.000000000001	0.851063829787234	132.47	132.47		132.47	-0.585572108814978	observed	FALSE	SYNTHETIC_TEACHING_FIXTURE
SYN_TRAJ_046	41	SYN_PROS_SPK_06	SYN_ITEM_06	SYN_LONG	92.41	410	289.999999999992	0.872340425531915	130.0836	130.0836		130.0836	-0.900291138413021	observed	FALSE	SYNTHETIC_TEACHING_FIXTURE
SYN_TRAJ_046	42	SYN_PROS_SPK_06	SYN_ITEM_06	SYN_LONG	92.42	420	299.999999999997	0.893617021276596	126.3953	126.3953		126.3953	-1.39824638987236	observed	FALSE	SYNTHETIC_TEACHING_FIXTURE
SYN_TRAJ_046	43	SYN_PROS_SPK_06	SYN_ITEM_06	SYN_LONG	92.43	430	310.000000000002	0.914893617021277	125.8891	125.8891		125.8891	-1.46771971851854	observed	FALSE	SYNTHETIC_TEACHING_FIXTURE
SYN_TRAJ_046	44	SYN_PROS_SPK_06	SYN_ITEM_06	SYN_LONG	92.44	440	319.999999999993	0.936170212765957	122.0233	122.0233		122.0233	-2.00768037491301	observed	FALSE	SYNTHETIC_TEACHING_FIXTURE
SYN_TRAJ_046	45	SYN_PROS_SPK_06	SYN_ITEM_06	SYN_LONG	92.45	450	329.999999999998	0.957446808510638	124.2515	124.2515		124.2515	-1.69440098361681	observed	FALSE	SYNTHETIC_TEACHING_FIXTURE
SYN_TRAJ_046	46	SYN_PROS_SPK_06	SYN_ITEM_06	SYN_LONG	92.46	460	339.999999999989	0.978723404255319	124.4662	124.4662		124.4662	-1.66451199359646	observed	FALSE	SYNTHETIC_TEACHING_FIXTURE
SYN_TRAJ_046	47	SYN_PROS_SPK_06	SYN_ITEM_06	SYN_LONG	92.47	470	349.999999999994	1	120.9818	120.9818		120.9818	-2.15607983669735	observed	FALSE	SYNTHETIC_TEACHING_FIXTURE
SYN_TRAJ_047	0	SYN_PROS_SPK_06	SYN_ITEM_07	SYN_SHORT	94	0	-120.000000000005	0	137.9491	137.9491		137.9491	0.116072326529911	observed	TRUE	SYNTHETIC_TEACHING_FIXTURE
SYN_TRAJ_047	1	SYN_PROS_SPK_06	SYN_ITEM_07	SYN_SHORT	94.01	10	-109.999999999999	0.0374531835205993	140.1518	140.1518		140.1518	0.390323074116388	observed	FALSE	SYNTHETIC_TEACHING_FIXTURE
SYN_TRAJ_047	2	SYN_PROS_SPK_06	SYN_ITEM_07	SYN_SHORT	94.02	20	-100.000000000009	0.0749063670411985	138.1615	138.1615		138.1615	0.142707608518664	observed	FALSE	SYNTHETIC_TEACHING_FIXTURE
SYN_TRAJ_047	3	SYN_PROS_SPK_06	SYN_ITEM_07	SYN_SHORT	94.03	30	-90.0000000000034	0.112359550561798	136.2441	136.2441		136.2441	-0.099235135453477	observed	FALSE	SYNTHETIC_TEACHING_FIXTURE
SYN_TRAJ_047	4	SYN_PROS_SPK_06	SYN_ITEM_07	SYN_SHORT	94.04	40	-79.9999999999983	0.149812734082397	133.3689	133.3689		133.3689	-0.468492763557597	observed	FALSE	SYNTHETIC_TEACHING_FIXTURE
SYN_TRAJ_047	5	SYN_PROS_SPK_06	SYN_ITEM_07	SYN_SHORT	94.05	50	-70.0000000000074	0.187265917602996	136.6184	136.6184		136.6184	-0.0517385896829601	observed	FALSE	SYNTHETIC_TEACHING_FIXTURE
SYN_TRAJ_047	6	SYN_PROS_SPK_06	SYN_ITEM_07	SYN_SHORT	94.06	60	-60.0000000000023	0.224719101123595	135.4167	135.4167		135.4167	-0.204692196718205	observed	FALSE	SYNTHETIC_TEACHING_FIXTURE
SYN_TRAJ_047	7	SYN_PROS_SPK_06	SYN_ITEM_07	SYN_SHORT	94.07	70	-50.0000000000114	0.262172284644195	134.505	134.505		134.505	-0.321642563052967	observed	FALSE	SYNTHETIC_TEACHING_FIXTURE
SYN_TRAJ_047	8	SYN_PROS_SPK_06	SYN_ITEM_07	SYN_SHORT	94.08	80	-40.0000000000063	0.299625468164794	136.8614	136.8614		136.8614	-0.0209728816023386	observed	FALSE	SYNTHETIC_TEACHING_FIXTURE
SYN_TRAJ_047	9	SYN_PROS_SPK_06	SYN_ITEM_07	SYN_SHORT	94.09	90	-30.0000000000011	0.337078651685393	136.7983	136.7983		136.7983	-0.0289565832896582	observed	FALSE	SYNTHETIC_TEACHING_FIXTURE
SYN_TRAJ_047	10	SYN_PROS_SPK_06	SYN_ITEM_07	SYN_SHORT	94.1	100	-20.0000000000102	0.374531835205993	142.929	142.929		142.929	0.730023785964605	observed	FALSE	SYNTHETIC_TEACHING_FIXTURE
SYN_TRAJ_047	11	SYN_PROS_SPK_06	SYN_ITEM_07	SYN_SHORT	94.11	110	-10.0000000000051	0.411985018726592	146.4064	146.4064		146.4064	1.1461832446449	observed	FALSE	SYNTHETIC_TEACHING_FIXTURE
SYN_TRAJ_047	12	SYN_PROS_SPK_06	SYN_ITEM_07	SYN_SHORT	94.12	120	0	0.449438202247191	147.4812	147.4812		147.4812	1.27281251731518	observed	FALSE	SYNTHETIC_TEACHING_FIXTURE
SYN_TRAJ_047	13	SYN_PROS_SPK_06	SYN_ITEM_07	SYN_SHORT	94.13	130	9.9999999999909	0.48689138576779	151.4307	151.4307		151.4307	1.73033239651467	observed	FALSE	SYNTHETIC_TEACHING_FIXTURE
SYN_TRAJ_047	14	SYN_PROS_SPK_06	SYN_ITEM_07	SYN_SHORT	94.14	140	19.999999999996	0.524344569288389	153.312	153.312		153.312	1.94408727844247	observed	FALSE	SYNTHETIC_TEACHING_FIXTURE
SYN_TRAJ_047	15	SYN_PROS_SPK_06	SYN_ITEM_07	SYN_SHORT	94.15	150	30.0000000000011	0.561797752808989	151.7412	151.7412		151.7412	1.76579401813494	observed	FALSE	SYNTHETIC_TEACHING_FIXTURE
SYN_TRAJ_047	16	SYN_PROS_SPK_06	SYN_ITEM_07	SYN_SHORT	94.16	160	39.999999999992	0.599250936329588	148.868	148.868		148.868	1.43484385770004	observed	FALSE	SYNTHETIC_TEACHING_FIXTURE
SYN_TRAJ_047	17	SYN_PROS_SPK_06	SYN_ITEM_07	SYN_SHORT	94.17	170	49.9999999999972	0.636704119850187	151.0979	151.0979		151.0979	1.69224311015048	observed	FALSE	SYNTHETIC_TEACHING_FIXTURE
SYN_TRAJ_047	18	SYN_PROS_SPK_06	SYN_ITEM_07	SYN_SHORT	94.18	180	60.0000000000023	0.674157303370786	149.6896	149.6896		149.6896	1.53012768134197	observed	FALSE	SYNTHETIC_TEACHING_FIXTURE
SYN_TRAJ_047	19	SYN_PROS_SPK_06	SYN_ITEM_07	SYN_SHORT	94.19	190	69.9999999999932	0.711610486891386	146.8888	146.8888		146.8888	1.20313256112607	observed	FALSE	SYNTHETIC_TEACHING_FIXTURE
SYN_TRAJ_047	20	SYN_PROS_SPK_06	SYN_ITEM_07	SYN_SHORT	94.2	200	79.9999999999983	0.749063670411985	143.6851	143.6851		143.6851	0.821365356462287	observed	FALSE	SYNTHETIC_TEACHING_FIXTURE
SYN_TRAJ_047	21	SYN_PROS_SPK_06	SYN_ITEM_07	SYN_SHORT	94.21	210	89.9999999999892	0.786516853932584	141.6276	141.6276		141.6276	0.571669089572534	observed	FALSE	SYNTHETIC_TEACHING_FIXTURE
SYN_TRAJ_047	22	SYN_PROS_SPK_06	SYN_ITEM_07	SYN_SHORT	94.22	220	99.9999999999943	0.823970037453184	142.1851	142.1851		142.1851	0.639683256925845	observed	FALSE	SYNTHETIC_TEACHING_FIXTURE
SYN_TRAJ_047	23	SYN_PROS_SPK_06	SYN_ITEM_07	SYN_SHORT	94.23	230	109.999999999999	0.861423220973783	137.9626	137.9626		137.9626	0.117766467059731	observed	FALSE	SYNTHETIC_TEACHING_FIXTURE
SYN_TRAJ_047	24	SYN_PROS_SPK_06	SYN_ITEM_07	SYN_SHORT	94.24	240	119.99999999999	0.898876404494382	135.1505		estimator_failure	135.2947	-0.220296310049594	interpolated_estimator_failure	FALSE	SYNTHETIC_TEACHING_FIXTURE
SYN_TRAJ_047	25	SYN_PROS_SPK_06	SYN_ITEM_07	SYN_SHORT	94.25	250	129.999999999995	0.936329588014981	132.6268	132.6268		132.6268	-0.565092228971069	observed	FALSE	SYNTHETIC_TEACHING_FIXTURE
SYN_TRAJ_047	26	SYN_PROS_SPK_06	SYN_ITEM_07	SYN_SHORT	94.26	260	140.000000000001	0.973782771535581	131.403	131.403		131.403	-0.725581643578254	observed	FALSE	SYNTHETIC_TEACHING_FIXTURE
SYN_TRAJ_048	0	SYN_PROS_SPK_06	SYN_ITEM_08	SYN_LONG	96	0	-120.000000000005	0	137.5501	137.5501		137.5501	0.0659260561567262	observed	TRUE	SYNTHETIC_TEACHING_FIXTURE
SYN_TRAJ_048	1	SYN_PROS_SPK_06	SYN_ITEM_08	SYN_LONG	96.01	10	-109.999999999999	0.020746887966805	136.7698	136.7698		136.7698	-0.0325637414763694	observed	FALSE	SYNTHETIC_TEACHING_FIXTURE
SYN_TRAJ_048	2	SYN_PROS_SPK_06	SYN_ITEM_08	SYN_LONG	96.02	20	-100.000000000009	0.04149377593361	140.0464	140.0464		140.0464	0.377298573789251	observed	FALSE	SYNTHETIC_TEACHING_FIXTURE
SYN_TRAJ_048	3	SYN_PROS_SPK_06	SYN_ITEM_08	SYN_LONG	96.03	30	-90.0000000000034	0.0622406639004149	140.9676	140.9676		140.9676	0.490803133613587	observed	FALSE	SYNTHETIC_TEACHING_FIXTURE
SYN_TRAJ_048	4	SYN_PROS_SPK_06	SYN_ITEM_08	SYN_LONG	96.04	40	-79.9999999999983	0.0829875518672199	139.7085	139.7085		139.7085	0.335477374614213	observed	FALSE	SYNTHETIC_TEACHING_FIXTURE
SYN_TRAJ_048	5	SYN_PROS_SPK_06	SYN_ITEM_08	SYN_LONG	96.05	50	-70.0000000000074	0.103734439834025	140.5839	140.5839		140.5839	0.443616390451762	observed	FALSE	SYNTHETIC_TEACHING_FIXTURE
SYN_TRAJ_048	6	SYN_PROS_SPK_06	SYN_ITEM_08	SYN_LONG	96.06	60	-60.0000000000023	0.12448132780083	139.0767	139.0767		139.0767	0.257008679377988	observed	FALSE	SYNTHETIC_TEACHING_FIXTURE
SYN_TRAJ_048	7	SYN_PROS_SPK_06	SYN_ITEM_08	SYN_LONG	96.07	70	-50.0000000000114	0.145228215767635	138.5038	138.5038		138.5038	0.185546498496612	observed	FALSE	SYNTHETIC_TEACHING_FIXTURE
SYN_TRAJ_048	8	SYN_PROS_SPK_06	SYN_ITEM_08	SYN_LONG	96.08	80	-40.0000000000063	0.16597510373444	140.8915	140.8915		140.8915	0.481454709927056	observed	FALSE	SYNTHETIC_TEACHING_FIXTURE
SYN_TRAJ_048	9	SYN_PROS_SPK_06	SYN_ITEM_08	SYN_LONG	96.09	90	-30.0000000000011	0.186721991701245	143.5776	143.5776		143.5776	0.808408041157355	observed	FALSE	SYNTHETIC_TEACHING_FIXTURE
SYN_TRAJ_048	10	SYN_PROS_SPK_06	SYN_ITEM_08	SYN_LONG	96.1	100	-20.0000000000102	0.20746887966805	148.1152	148.1152		148.1152	1.34707621404424	observed	FALSE	SYNTHETIC_TEACHING_FIXTURE
SYN_TRAJ_048	11	SYN_PROS_SPK_06	SYN_ITEM_08	SYN_LONG	96.11	110	-10.0000000000051	0.228215767634855	147.8719	147.8719		147.8719	1.31861488319536	observed	FALSE	SYNTHETIC_TEACHING_FIXTURE
SYN_TRAJ_048	12	SYN_PROS_SPK_06	SYN_ITEM_08	SYN_LONG	96.12	120	0	0.24896265560166	145.8286	145.8286		145.8286	1.07772407055359	observed	FALSE	SYNTHETIC_TEACHING_FIXTURE
SYN_TRAJ_048	13	SYN_PROS_SPK_06	SYN_ITEM_08	SYN_LONG	96.13	130	9.9999999999909	0.269709543568465	152.7335	152.7335		152.7335	1.87863818082781	observed	FALSE	SYNTHETIC_TEACHING_FIXTURE
SYN_TRAJ_048	14	SYN_PROS_SPK_06	SYN_ITEM_08	SYN_LONG	96.14	140	19.999999999996	0.29045643153527	157.9612	157.9612		157.9612	2.46128258795314	observed	FALSE	SYNTHETIC_TEACHING_FIXTURE
SYN_TRAJ_048	15	SYN_PROS_SPK_06	SYN_ITEM_08	SYN_LONG	96.15	150	30.0000000000011	0.311203319502075	154.0788	154.0788		154.0788	2.03046026178638	observed	FALSE	SYNTHETIC_TEACHING_FIXTURE
SYN_TRAJ_048	16	SYN_PROS_SPK_06	SYN_ITEM_08	SYN_LONG	96.16	160	39.999999999992	0.33195020746888	153.2944	153.2944		153.2944	1.9420997322401	observed	FALSE	SYNTHETIC_TEACHING_FIXTURE
SYN_TRAJ_048	17	SYN_PROS_SPK_06	SYN_ITEM_08	SYN_LONG	96.17	170	49.9999999999972	0.352697095435685	154.1761	154.1761		154.1761	2.04138946865827	observed	FALSE	SYNTHETIC_TEACHING_FIXTURE
SYN_TRAJ_048	18	SYN_PROS_SPK_06	SYN_ITEM_08	SYN_LONG	96.18	180	60.0000000000023	0.37344398340249	160.015	160.015		160.015	2.68492561129333	observed	FALSE	SYNTHETIC_TEACHING_FIXTURE
SYN_TRAJ_048	19	SYN_PROS_SPK_06	SYN_ITEM_08	SYN_LONG	96.19	190	69.9999999999932	0.394190871369295	155.5666	155.5666		155.5666	2.19682797402019	observed	FALSE	SYNTHETIC_TEACHING_FIXTURE
SYN_TRAJ_048	20	SYN_PROS_SPK_06	SYN_ITEM_08	SYN_LONG	96.2	200	79.9999999999983	0.4149377593361	158.1893	158.1893		158.1893	2.48626401642552	observed	FALSE	SYNTHETIC_TEACHING_FIXTURE
SYN_TRAJ_048	21	SYN_PROS_SPK_06	SYN_ITEM_08	SYN_LONG	96.21	210	89.9999999999892	0.435684647302905	156.5986	156.5986		156.5986	2.31129557306937	observed	FALSE	SYNTHETIC_TEACHING_FIXTURE
SYN_TRAJ_048	22	SYN_PROS_SPK_06	SYN_ITEM_08	SYN_LONG	96.22	220	99.9999999999943	0.45643153526971	156.1387	156.1387		156.1387	2.26037775078818	observed	FALSE	SYNTHETIC_TEACHING_FIXTURE
SYN_TRAJ_048	23	SYN_PROS_SPK_06	SYN_ITEM_08	SYN_LONG	96.23	230	109.999999999999	0.477178423236515	155.5231	155.5231		155.5231	2.19198636842379	observed	FALSE	SYNTHETIC_TEACHING_FIXTURE
SYN_TRAJ_048	24	SYN_PROS_SPK_06	SYN_ITEM_08	SYN_LONG	96.24	240	119.99999999999	0.49792531120332	150.9316	150.9316		150.9316	1.67317846570651	observed	FALSE	SYNTHETIC_TEACHING_FIXTURE
SYN_TRAJ_048	25	SYN_PROS_SPK_06	SYN_ITEM_08	SYN_LONG	96.25	250	129.999999999995	0.518672199170125	147.9332	147.9332		147.9332	1.32579019212188	observed	FALSE	SYNTHETIC_TEACHING_FIXTURE
SYN_TRAJ_048	26	SYN_PROS_SPK_06	SYN_ITEM_08	SYN_LONG	96.26	260	140.000000000001	0.539419087136929	147.0808	147.0808		147.0808	1.22574693925804	observed	FALSE	SYNTHETIC_TEACHING_FIXTURE
SYN_TRAJ_048	27	SYN_PROS_SPK_06	SYN_ITEM_08	SYN_LONG	96.27	270	149.999999999991	0.560165975103734	144.2672	144.2672		144.2672	0.891359776558852	observed	FALSE	SYNTHETIC_TEACHING_FIXTURE
SYN_TRAJ_048	28	SYN_PROS_SPK_06	SYN_ITEM_08	SYN_LONG	96.28	280	159.999999999997	0.58091286307054	145.7794	145.7794		145.7794	1.07188220640567	observed	FALSE	SYNTHETIC_TEACHING_FIXTURE
SYN_TRAJ_048	29	SYN_PROS_SPK_06	SYN_ITEM_08	SYN_LONG	96.29	290	170.000000000002	0.601659751037344	138.9034	138.9034		138.9034	0.235422752934174	observed	FALSE	SYNTHETIC_TEACHING_FIXTURE
SYN_TRAJ_048	30	SYN_PROS_SPK_06	SYN_ITEM_08	SYN_LONG	96.3	300	179.999999999993	0.622406639004149	139.8684	139.8684		139.8684	0.35528046668869	observed	FALSE	SYNTHETIC_TEACHING_FIXTURE
SYN_TRAJ_048	31	SYN_PROS_SPK_06	SYN_ITEM_08	SYN_LONG	96.31	310	189.999999999998	0.643153526970954	137.4934	137.4934		137.4934	0.058788205455106	observed	FALSE	SYNTHETIC_TEACHING_FIXTURE
SYN_TRAJ_048	32	SYN_PROS_SPK_06	SYN_ITEM_08	SYN_LONG	96.32	320	199.999999999989	0.663900414937759	137.1932	137.1932		137.1932	0.0209475049298627	observed	FALSE	SYNTHETIC_TEACHING_FIXTURE
SYN_TRAJ_048	33	SYN_PROS_SPK_06	SYN_ITEM_08	SYN_LONG	96.33	330	209.999999999994	0.684647302904564	129.4237	129.4237		129.4237	-0.988338280936714	observed	FALSE	SYNTHETIC_TEACHING_FIXTURE
SYN_TRAJ_048	34	SYN_PROS_SPK_06	SYN_ITEM_08	SYN_LONG	96.34	340	219.999999999999	0.705394190871369	135.4578	135.4578		135.4578	-0.199438566718875	observed	FALSE	SYNTHETIC_TEACHING_FIXTURE
SYN_TRAJ_048	35	SYN_PROS_SPK_06	SYN_ITEM_08	SYN_LONG	96.35	350	229.99999999999	0.726141078838174	135.6452	135.6452		135.6452	-0.175504245632835	observed	FALSE	SYNTHETIC_TEACHING_FIXTURE
SYN_TRAJ_048	36	SYN_PROS_SPK_06	SYN_ITEM_08	SYN_LONG	96.36	360	239.999999999995	0.746887966804979	129.7923	129.7923		129.7923	-0.93910263957245	observed	FALSE	SYNTHETIC_TEACHING_FIXTURE
SYN_TRAJ_048	37	SYN_PROS_SPK_06	SYN_ITEM_08	SYN_LONG	96.37	370	250	0.767634854771784	126.8435	126.8435		126.8435	-1.33696510825293	observed	FALSE	SYNTHETIC_TEACHING_FIXTURE
SYN_TRAJ_048	38	SYN_PROS_SPK_06	SYN_ITEM_08	SYN_LONG	96.38	380	259.999999999991	0.788381742738589	123.7393	123.7393		123.7393	-1.76591487371592	observed	FALSE	SYNTHETIC_TEACHING_FIXTURE
SYN_TRAJ_048	39	SYN_PROS_SPK_06	SYN_ITEM_08	SYN_LONG	96.39	390	269.999999999996	0.809128630705394	124.3623	124.3623		124.3623	-1.67896976094642	observed	FALSE	SYNTHETIC_TEACHING_FIXTURE
SYN_TRAJ_048	40	SYN_PROS_SPK_06	SYN_ITEM_08	SYN_LONG	96.4	400	280.000000000001	0.829875518672199	124.3961	124.3961		124.3961	-1.67426513901457	observed	FALSE	SYNTHETIC_TEACHING_FIXTURE
SYN_TRAJ_048	41	SYN_PROS_SPK_06	SYN_ITEM_08	SYN_LONG	96.41	410	289.999999999992	0.850622406639004	127.1845	127.1845		127.1845	-1.29048588821981	observed	FALSE	SYNTHETIC_TEACHING_FIXTURE
SYN_TRAJ_048	42	SYN_PROS_SPK_06	SYN_ITEM_08	SYN_LONG	96.42	420	299.999999999997	0.871369294605809	128.309	128.309		128.309	-1.13809177574021	observed	FALSE	SYNTHETIC_TEACHING_FIXTURE
SYN_TRAJ_048	43	SYN_PROS_SPK_06	SYN_ITEM_08	SYN_LONG	96.43	430	310.000000000002	0.892116182572614	128.7632	128.7632		128.7632	-1.0769161742322	observed	FALSE	SYNTHETIC_TEACHING_FIXTURE
SYN_TRAJ_048	44	SYN_PROS_SPK_06	SYN_ITEM_08	SYN_LONG	96.44	440	319.999999999993	0.912863070539419	128.9679	128.9679		128.9679	-1.04941590869491	observed	FALSE	SYNTHETIC_TEACHING_FIXTURE
SYN_TRAJ_048	45	SYN_PROS_SPK_06	SYN_ITEM_08	SYN_LONG	96.45	450	329.999999999998	0.933609958506224	128.393	128.393		128.393	-1.12676162129559	observed	FALSE	SYNTHETIC_TEACHING_FIXTURE
SYN_TRAJ_048	46	SYN_PROS_SPK_06	SYN_ITEM_08	SYN_LONG	96.46	460	339.999999999989	0.954356846473029	126.8632		estimator_failure	125.7529	-1.48646015934383	interpolated_estimator_failure	FALSE	SYNTHETIC_TEACHING_FIXTURE
SYN_TRAJ_048	47	SYN_PROS_SPK_06	SYN_ITEM_08	SYN_LONG	96.47	470	349.999999999994	0.975103734439834	123.1128	123.1128		123.1128	-1.85379101173589	observed	FALSE	SYNTHETIC_TEACHING_FIXTURE
SYN_TRAJ_048	48	SYN_PROS_SPK_06	SYN_ITEM_08	SYN_LONG	96.48	480	359.999999999999	0.995850622406639	121.6533	121.6533		121.6533	-2.06025473703356	observed	FALSE	SYNTHETIC_TEACHING_FIXTURE
SYN_TRAJ_049	0	SYN_PROS_SPK_07	SYN_ITEM_01	SYN_SHORT	98	0	-120.000000000005	0	134.2784	134.2784		134.2784	-0.587041125683928	observed	TRUE	SYNTHETIC_TEACHING_FIXTURE
SYN_TRAJ_049	1	SYN_PROS_SPK_07	SYN_ITEM_01	SYN_SHORT	98.01	10	-109.999999999999	0.03584229390681	135.1075	135.1075		135.1075	-0.480474992692532	observed	FALSE	SYNTHETIC_TEACHING_FIXTURE
SYN_TRAJ_049	2	SYN_PROS_SPK_07	SYN_ITEM_01	SYN_SHORT	98.02	20	-100.000000000009	0.0716845878136201	131.8001	131.8001		131.8001	-0.909550567300883	observed	FALSE	SYNTHETIC_TEACHING_FIXTURE
SYN_TRAJ_049	3	SYN_PROS_SPK_07	SYN_ITEM_01	SYN_SHORT	98.03	30	-90.0000000000034	0.10752688172043	134.3888	134.3888		134.3888	-0.572813244515366	observed	FALSE	SYNTHETIC_TEACHING_FIXTURE
SYN_TRAJ_049	4	SYN_PROS_SPK_07	SYN_ITEM_01	SYN_SHORT	98.04	40	-79.9999999999983	0.14336917562724	132.3217		quality_rejection			missing	FALSE	SYNTHETIC_TEACHING_FIXTURE
SYN_TRAJ_049	5	SYN_PROS_SPK_07	SYN_ITEM_01	SYN_SHORT	98.05	50	-70.0000000000074	0.17921146953405	130.9525	130.9525		130.9525	-1.02124491932393	observed	FALSE	SYNTHETIC_TEACHING_FIXTURE
SYN_TRAJ_049	6	SYN_PROS_SPK_07	SYN_ITEM_01	SYN_SHORT	98.06	60	-60.0000000000023	0.21505376344086	131.6951	131.6951		131.6951	-0.923348130578984	observed	FALSE	SYNTHETIC_TEACHING_FIXTURE
SYN_TRAJ_049	7	SYN_PROS_SPK_07	SYN_ITEM_01	SYN_SHORT	98.07	70	-50.0000000000114	0.25089605734767	131.7547	131.7547		131.7547	-0.915515021494472	observed	FALSE	SYNTHETIC_TEACHING_FIXTURE
SYN_TRAJ_049	8	SYN_PROS_SPK_07	SYN_ITEM_01	SYN_SHORT	98.08	80	-40.0000000000063	0.28673835125448	132.1313	132.1313		132.1313	-0.866101018060334	observed	FALSE	SYNTHETIC_TEACHING_FIXTURE
SYN_TRAJ_049	9	SYN_PROS_SPK_07	SYN_ITEM_01	SYN_SHORT	98.09	90	-30.0000000000011	0.32258064516129	134.6701	134.6701		134.6701	-0.536613266336496	observed	FALSE	SYNTHETIC_TEACHING_FIXTURE
SYN_TRAJ_049	10	SYN_PROS_SPK_07	SYN_ITEM_01	SYN_SHORT	98.1	100	-20.0000000000102	0.3584229390681	139.823	139.823		139.823	0.113452186666272	observed	FALSE	SYNTHETIC_TEACHING_FIXTURE
SYN_TRAJ_049	11	SYN_PROS_SPK_07	SYN_ITEM_01	SYN_SHORT	98.11	110	-10.0000000000051	0.39426523297491	140.0071	140.0071		140.0071	0.136231740003617	observed	FALSE	SYNTHETIC_TEACHING_FIXTURE
SYN_TRAJ_049	12	SYN_PROS_SPK_07	SYN_ITEM_01	SYN_SHORT	98.12	120	0	0.43010752688172	144.3741	144.3741		144.3741	0.667975290165461	observed	FALSE	SYNTHETIC_TEACHING_FIXTURE
SYN_TRAJ_049	13	SYN_PROS_SPK_07	SYN_ITEM_01	SYN_SHORT	98.13	130	9.9999999999909	0.46594982078853	147.8446	147.8446		147.8446	1.07921045586322	observed	FALSE	SYNTHETIC_TEACHING_FIXTURE
SYN_TRAJ_049	14	SYN_PROS_SPK_07	SYN_ITEM_01	SYN_SHORT	98.14	140	19.999999999996	0.50179211469534	151.0678	151.0678		151.0678	1.45258605875506	observed	FALSE	SYNTHETIC_TEACHING_FIXTURE
SYN_TRAJ_049	15	SYN_PROS_SPK_07	SYN_ITEM_01	SYN_SHORT	98.15	150	30.0000000000011	0.53763440860215	150.9171	150.9171		150.9171	1.43530724826806	observed	FALSE	SYNTHETIC_TEACHING_FIXTURE
SYN_TRAJ_049	16	SYN_PROS_SPK_07	SYN_ITEM_01	SYN_SHORT	98.16	160	39.999999999992	0.57347670250896	149.7323	149.7323		149.7323	1.29885750184673	observed	FALSE	SYNTHETIC_TEACHING_FIXTURE
SYN_TRAJ_049	17	SYN_PROS_SPK_07	SYN_ITEM_01	SYN_SHORT	98.17	170	49.9999999999972	0.609318996415771	147.2407	147.2407		147.2407	1.00835001640133	observed	FALSE	SYNTHETIC_TEACHING_FIXTURE
SYN_TRAJ_049	18	SYN_PROS_SPK_07	SYN_ITEM_01	SYN_SHORT	98.18	180	60.0000000000023	0.645161290322581	145.9734	145.9734		145.9734	0.85869782899392	observed	FALSE	SYNTHETIC_TEACHING_FIXTURE
SYN_TRAJ_049	19	SYN_PROS_SPK_07	SYN_ITEM_01	SYN_SHORT	98.19	190	69.9999999999932	0.681003584229391	144.462	144.462		144.462	0.678512441000192	observed	FALSE	SYNTHETIC_TEACHING_FIXTURE
SYN_TRAJ_049	20	SYN_PROS_SPK_07	SYN_ITEM_01	SYN_SHORT	98.2	200	79.9999999999983	0.716845878136201	140.828	140.828		140.828	0.237442313649551	observed	FALSE	SYNTHETIC_TEACHING_FIXTURE
SYN_TRAJ_049	21	SYN_PROS_SPK_07	SYN_ITEM_01	SYN_SHORT	98.21	210	89.9999999999892	0.752688172043011	138.845	138.845		138.845	-0.0080654509176994	observed	FALSE	SYNTHETIC_TEACHING_FIXTURE
SYN_TRAJ_049	22	SYN_PROS_SPK_07	SYN_ITEM_01	SYN_SHORT	98.22	220	99.9999999999943	0.788530465949821	132.9215	132.9215		132.9215	-0.762874400674405	observed	FALSE	SYNTHETIC_TEACHING_FIXTURE
SYN_TRAJ_049	23	SYN_PROS_SPK_07	SYN_ITEM_01	SYN_SHORT	98.23	230	109.999999999999	0.824372759856631	132.6881	132.6881		132.6881	-0.793300268644248	observed	FALSE	SYNTHETIC_TEACHING_FIXTURE
SYN_TRAJ_049	24	SYN_PROS_SPK_07	SYN_ITEM_01	SYN_SHORT	98.24	240	119.99999999999	0.860215053763441	128.8513	128.8513		128.8513	-1.30128303271989	observed	FALSE	SYNTHETIC_TEACHING_FIXTURE
SYN_TRAJ_049	25	SYN_PROS_SPK_07	SYN_ITEM_01	SYN_SHORT	98.25	250	129.999999999995	0.896057347670251	131.7729	131.7729		131.7729	-0.913123738020323	observed	FALSE	SYNTHETIC_TEACHING_FIXTURE
SYN_TRAJ_049	26	SYN_PROS_SPK_07	SYN_ITEM_01	SYN_SHORT	98.26	260	140.000000000001	0.931899641577061	131.3448	131.3448		131.3448	-0.969459130918255	observed	FALSE	SYNTHETIC_TEACHING_FIXTURE
SYN_TRAJ_049	27	SYN_PROS_SPK_07	SYN_ITEM_01	SYN_SHORT	98.27	270	149.999999999991	0.967741935483871	131.6079	131.6079		131.6079	-0.93481504243322	observed	FALSE	SYNTHETIC_TEACHING_FIXTURE
SYN_TRAJ_050	0	SYN_PROS_SPK_07	SYN_ITEM_02	SYN_LONG	100	0	-120.000000000005	0			structural_unvoiced			missing	TRUE	SYNTHETIC_TEACHING_FIXTURE
SYN_TRAJ_050	1	SYN_PROS_SPK_07	SYN_ITEM_02	SYN_LONG	100.01	10	-109.999999999999	0.0199600798403194			structural_unvoiced			missing	FALSE	SYNTHETIC_TEACHING_FIXTURE
SYN_TRAJ_050	2	SYN_PROS_SPK_07	SYN_ITEM_02	SYN_LONG	100.02	20	-100.000000000009	0.0399201596806387			structural_unvoiced			missing	FALSE	SYNTHETIC_TEACHING_FIXTURE
SYN_TRAJ_050	3	SYN_PROS_SPK_07	SYN_ITEM_02	SYN_LONG	100.03	30	-90.0000000000034	0.0598802395209581	133.3644	133.3644		133.3644	-0.705284849940317	observed	FALSE	SYNTHETIC_TEACHING_FIXTURE
SYN_TRAJ_050	4	SYN_PROS_SPK_07	SYN_ITEM_02	SYN_LONG	100.04	40	-79.9999999999983	0.0798403193612774	131.3336	131.3336		131.3336	-0.970935447308281	observed	FALSE	SYNTHETIC_TEACHING_FIXTURE
SYN_TRAJ_050	5	SYN_PROS_SPK_07	SYN_ITEM_02	SYN_LONG	100.05	50	-70.0000000000074	0.0998003992015968	132.7926	132.7926		132.7926	-0.779671107091551	observed	FALSE	SYNTHETIC_TEACHING_FIXTURE
SYN_TRAJ_050	6	SYN_PROS_SPK_07	SYN_ITEM_02	SYN_LONG	100.06	60	-60.0000000000023	0.119760479041916	134.684	134.684		134.684	-0.5348264620292	observed	FALSE	SYNTHETIC_TEACHING_FIXTURE
SYN_TRAJ_050	7	SYN_PROS_SPK_07	SYN_ITEM_02	SYN_LONG	100.07	70	-50.0000000000114	0.139720558882236	134.0221	134.0221		134.0221	-0.620117129772325	observed	FALSE	SYNTHETIC_TEACHING_FIXTURE
SYN_TRAJ_050	8	SYN_PROS_SPK_07	SYN_ITEM_02	SYN_LONG	100.08	80	-40.0000000000063	0.159680638722555	137.2725	137.2725		137.2725	-0.205256499993	observed	FALSE	SYNTHETIC_TEACHING_FIXTURE
SYN_TRAJ_050	9	SYN_PROS_SPK_07	SYN_ITEM_02	SYN_LONG	100.09	90	-30.0000000000011	0.179640718562874	140.665	140.665		140.665	0.217392708043873	observed	FALSE	SYNTHETIC_TEACHING_FIXTURE
SYN_TRAJ_050	10	SYN_PROS_SPK_07	SYN_ITEM_02	SYN_LONG	100.1	100	-20.0000000000102	0.199600798403194	142.0183	142.0183		142.0183	0.383153963649805	observed	FALSE	SYNTHETIC_TEACHING_FIXTURE
SYN_TRAJ_050	11	SYN_PROS_SPK_07	SYN_ITEM_02	SYN_LONG	100.11	110	-10.0000000000051	0.219560878243513	141.1641	141.1641		141.1641	0.278710706588207	observed	FALSE	SYNTHETIC_TEACHING_FIXTURE
SYN_TRAJ_050	12	SYN_PROS_SPK_07	SYN_ITEM_02	SYN_LONG	100.12	120	0	0.239520958083832	145.0701	145.0701		145.0701	0.751234254797304	observed	FALSE	SYNTHETIC_TEACHING_FIXTURE
SYN_TRAJ_050	13	SYN_PROS_SPK_07	SYN_ITEM_02	SYN_LONG	100.13	130	9.9999999999909	0.259481037924152	142.9	142.9		142.9	0.49030285044583	observed	FALSE	SYNTHETIC_TEACHING_FIXTURE
SYN_TRAJ_050	14	SYN_PROS_SPK_07	SYN_ITEM_02	SYN_LONG	100.14	140	19.999999999996	0.279441117764471	143.9106	143.9106		143.9106	0.612306177433405	observed	FALSE	SYNTHETIC_TEACHING_FIXTURE
SYN_TRAJ_050	15	SYN_PROS_SPK_07	SYN_ITEM_02	SYN_LONG	100.15	150	30.0000000000011	0.29940119760479	142.2245	142.2245		142.2245	0.408271963017866	observed	FALSE	SYNTHETIC_TEACHING_FIXTURE
SYN_TRAJ_050	16	SYN_PROS_SPK_07	SYN_ITEM_02	SYN_LONG	100.16	160	39.999999999992	0.31936127744511	146.7513	146.7513		146.7513	0.950711255738274	observed	FALSE	SYNTHETIC_TEACHING_FIXTURE
SYN_TRAJ_050	17	SYN_PROS_SPK_07	SYN_ITEM_02	SYN_LONG	100.17	170	49.9999999999972	0.339321357285429	147.2403	147.2403		147.2403	1.00830298493786	observed	FALSE	SYNTHETIC_TEACHING_FIXTURE
SYN_TRAJ_050	18	SYN_PROS_SPK_07	SYN_ITEM_02	SYN_LONG	100.18	180	60.0000000000023	0.359281437125749	152.1919	152.1919		152.1919	1.58093078161461	observed	FALSE	SYNTHETIC_TEACHING_FIXTURE
SYN_TRAJ_050	19	SYN_PROS_SPK_07	SYN_ITEM_02	SYN_LONG	100.19	190	69.9999999999932	0.379241516966068	148.9259	148.9259		148.9259	1.20536798574988	observed	FALSE	SYNTHETIC_TEACHING_FIXTURE
SYN_TRAJ_050	20	SYN_PROS_SPK_07	SYN_ITEM_02	SYN_LONG	100.2	200	79.9999999999983	0.399201596806387	154.8951	154.8951		154.8951	1.88572992744376	observed	FALSE	SYNTHETIC_TEACHING_FIXTURE
SYN_TRAJ_050	21	SYN_PROS_SPK_07	SYN_ITEM_02	SYN_LONG	100.21	210	89.9999999999892	0.419161676646707	152.6656	152.6656		152.6656	1.63473206444705	observed	FALSE	SYNTHETIC_TEACHING_FIXTURE
SYN_TRAJ_050	22	SYN_PROS_SPK_07	SYN_ITEM_02	SYN_LONG	100.22	220	99.9999999999943	0.439121756487026	151.2257	151.2257		151.2257	1.47067191777676	observed	FALSE	SYNTHETIC_TEACHING_FIXTURE
SYN_TRAJ_050	23	SYN_PROS_SPK_07	SYN_ITEM_02	SYN_LONG	100.23	230	109.999999999999	0.459081836327345	149.9691	149.9691		149.9691	1.32621515237018	observed	FALSE	SYNTHETIC_TEACHING_FIXTURE
SYN_TRAJ_050	24	SYN_PROS_SPK_07	SYN_ITEM_02	SYN_LONG	100.24	240	119.99999999999	0.479041916167665	149.9409	149.9409		149.9409	1.32295945563932	observed	FALSE	SYNTHETIC_TEACHING_FIXTURE
SYN_TRAJ_050	25	SYN_PROS_SPK_07	SYN_ITEM_02	SYN_LONG	100.25	250	129.999999999995	0.499001996007984	147.3094	147.3094		147.3094	1.01642577542009	observed	FALSE	SYNTHETIC_TEACHING_FIXTURE
SYN_TRAJ_050	26	SYN_PROS_SPK_07	SYN_ITEM_02	SYN_LONG	100.26	260	140.000000000001	0.518962075848303	149.9975	149.9975		149.9975	1.32949332048225	observed	FALSE	SYNTHETIC_TEACHING_FIXTURE
SYN_TRAJ_050	27	SYN_PROS_SPK_07	SYN_ITEM_02	SYN_LONG	100.27	270	149.999999999991	0.538922155688623	147.2263	147.2263		147.2263	1.00665680321775	observed	FALSE	SYNTHETIC_TEACHING_FIXTURE
SYN_TRAJ_050	28	SYN_PROS_SPK_07	SYN_ITEM_02	SYN_LONG	100.28	280	159.999999999997	0.558882235528942	147.3722	147.3722		147.3722	1.02380468879149	observed	FALSE	SYNTHETIC_TEACHING_FIXTURE
SYN_TRAJ_050	29	SYN_PROS_SPK_07	SYN_ITEM_02	SYN_LONG	100.29	290	170.000000000002	0.578842315369261	144.4934	144.4934		144.4934	0.682275011234542	observed	FALSE	SYNTHETIC_TEACHING_FIXTURE
SYN_TRAJ_050	30	SYN_PROS_SPK_07	SYN_ITEM_02	SYN_LONG	100.3	300	179.999999999993	0.598802395209581	141.5533	141.5533		141.5533	0.32637644753961	observed	FALSE	SYNTHETIC_TEACHING_FIXTURE
SYN_TRAJ_050	31	SYN_PROS_SPK_07	SYN_ITEM_02	SYN_LONG	100.31	310	189.999999999998	0.6187624750499	138.9799	138.9799		138.9799	0.00874682844048511	observed	FALSE	SYNTHETIC_TEACHING_FIXTURE
SYN_TRAJ_050	32	SYN_PROS_SPK_07	SYN_ITEM_02	SYN_LONG	100.32	320	199.999999999989	0.63872255489022	139.5228	139.5228		139.5228	0.0762426305104147	observed	FALSE	SYNTHETIC_TEACHING_FIXTURE
SYN_TRAJ_050	33	SYN_PROS_SPK_07	SYN_ITEM_02	SYN_LONG	100.33	330	209.999999999994	0.658682634730539	134.8769	134.8769		134.8769	-0.510048750939009	observed	FALSE	SYNTHETIC_TEACHING_FIXTURE
SYN_TRAJ_050	34	SYN_PROS_SPK_07	SYN_ITEM_02	SYN_LONG	100.34	340	219.999999999999	0.678642714570858	137.3856	137.3856		137.3856	-0.190998585734026	observed	FALSE	SYNTHETIC_TEACHING_FIXTURE
SYN_TRAJ_050	35	SYN_PROS_SPK_07	SYN_ITEM_02	SYN_LONG	100.35	350	229.99999999999	0.698602794411178	133.679	133.679		133.679	-0.66449399094095	observed	FALSE	SYNTHETIC_TEACHING_FIXTURE
SYN_TRAJ_050	36	SYN_PROS_SPK_07	SYN_ITEM_02	SYN_LONG	100.36	360	239.999999999995	0.718562874251497	130.5268	130.5268		130.5268	-1.07761549900832	observed	FALSE	SYNTHETIC_TEACHING_FIXTURE
SYN_TRAJ_050	37	SYN_PROS_SPK_07	SYN_ITEM_02	SYN_LONG	100.37	370	250	0.738522954091816	128.9684	128.9684		128.9684	-1.28555673088291	observed	FALSE	SYNTHETIC_TEACHING_FIXTURE
SYN_TRAJ_050	38	SYN_PROS_SPK_07	SYN_ITEM_02	SYN_LONG	100.38	380	259.999999999991	0.758483033932136	129.1542	129.1542		129.1542	-1.2606334314995	observed	FALSE	SYNTHETIC_TEACHING_FIXTURE
SYN_TRAJ_050	39	SYN_PROS_SPK_07	SYN_ITEM_02	SYN_LONG	100.39	390	269.999999999996	0.778443113772455	127.6938	127.6938		127.6938	-1.45750640317645	observed	FALSE	SYNTHETIC_TEACHING_FIXTURE
SYN_TRAJ_050	40	SYN_PROS_SPK_07	SYN_ITEM_02	SYN_LONG	100.4	400	280.000000000001	0.798403193612774	129.0059	129.0059		129.0059	-1.28052357236307	observed	FALSE	SYNTHETIC_TEACHING_FIXTURE
SYN_TRAJ_050	41	SYN_PROS_SPK_07	SYN_ITEM_02	SYN_LONG	100.41	410	289.999999999992	0.818363273453094	125.3131	125.3131		125.3131	-1.78332127614233	observed	FALSE	SYNTHETIC_TEACHING_FIXTURE
SYN_TRAJ_050	42	SYN_PROS_SPK_07	SYN_ITEM_02	SYN_LONG	100.42	420	299.999999999997	0.838323353293413	123.7712	123.7712		123.7712	-1.99766026720605	observed	FALSE	SYNTHETIC_TEACHING_FIXTURE
SYN_TRAJ_050	43	SYN_PROS_SPK_07	SYN_ITEM_02	SYN_LONG	100.43	430	310.000000000002	0.858283433133733	127.1983	127.1983		127.1983	-1.52481547645763	observed	FALSE	SYNTHETIC_TEACHING_FIXTURE
SYN_TRAJ_050	44	SYN_PROS_SPK_07	SYN_ITEM_02	SYN_LONG	100.44	440	319.999999999993	0.878243512974052	124.1913	124.1913		124.1913	-1.93899880671327	observed	FALSE	SYNTHETIC_TEACHING_FIXTURE
SYN_TRAJ_050	45	SYN_PROS_SPK_07	SYN_ITEM_02	SYN_LONG	100.45	450	329.999999999998	0.898203592814371	128.8375	128.8375		128.8375	-1.30313728714616	observed	FALSE	SYNTHETIC_TEACHING_FIXTURE
SYN_TRAJ_050	46	SYN_PROS_SPK_07	SYN_ITEM_02	SYN_LONG	100.46	460	339.999999999989	0.918163672654691	125.4218	125.4218		125.4218	-1.76831058932346	observed	FALSE	SYNTHETIC_TEACHING_FIXTURE
SYN_TRAJ_050	47	SYN_PROS_SPK_07	SYN_ITEM_02	SYN_LONG	100.47	470	349.999999999994	0.93812375249501	121.286	121.286		121.286	-2.34881178325976	observed	FALSE	SYNTHETIC_TEACHING_FIXTURE
SYN_TRAJ_050	48	SYN_PROS_SPK_07	SYN_ITEM_02	SYN_LONG	100.48	480	359.999999999999	0.958083832335329			structural_unvoiced			missing	FALSE	SYNTHETIC_TEACHING_FIXTURE
SYN_TRAJ_050	49	SYN_PROS_SPK_07	SYN_ITEM_02	SYN_LONG	100.49	490	369.99999999999	0.978043912175649			structural_unvoiced			missing	FALSE	SYNTHETIC_TEACHING_FIXTURE
SYN_TRAJ_050	50	SYN_PROS_SPK_07	SYN_ITEM_02	SYN_LONG	100.5	500	379.999999999995	0.998003992015968			structural_unvoiced			missing	FALSE	SYNTHETIC_TEACHING_FIXTURE
SYN_TRAJ_051	0	SYN_PROS_SPK_07	SYN_ITEM_03	SYN_SHORT	102	0	-120.000000000005	0	136.0448	136.0448		136.0448	-0.360786379512403	observed	TRUE	SYNTHETIC_TEACHING_FIXTURE
SYN_TRAJ_051	1	SYN_PROS_SPK_07	SYN_ITEM_03	SYN_SHORT	102.01	10	-109.999999999999	0.036231884057971	134.6913	134.6913		134.6913	-0.533888142252939	observed	FALSE	SYNTHETIC_TEACHING_FIXTURE
SYN_TRAJ_051	2	SYN_PROS_SPK_07	SYN_ITEM_03	SYN_SHORT	102.02	20	-100.000000000009	0.072463768115942	136.5622	136.5622		136.5622	-0.295069683128071	observed	FALSE	SYNTHETIC_TEACHING_FIXTURE
SYN_TRAJ_051	3	SYN_PROS_SPK_07	SYN_ITEM_03	SYN_SHORT	102.03	30	-90.0000000000034	0.108695652173913	132.3228	132.3228		132.3228	-0.84102813181319	observed	FALSE	SYNTHETIC_TEACHING_FIXTURE
SYN_TRAJ_051	4	SYN_PROS_SPK_07	SYN_ITEM_03	SYN_SHORT	102.04	40	-79.9999999999983	0.144927536231884	135.1133	135.1133		135.1133	-0.479731811006579	observed	FALSE	SYNTHETIC_TEACHING_FIXTURE
SYN_TRAJ_051	5	SYN_PROS_SPK_07	SYN_ITEM_03	SYN_SHORT	102.05	50	-70.0000000000074	0.181159420289855	133.3115	133.3115		133.3115	-0.712153283300577	observed	FALSE	SYNTHETIC_TEACHING_FIXTURE
SYN_TRAJ_051	6	SYN_PROS_SPK_07	SYN_ITEM_03	SYN_SHORT	102.06	60	-60.0000000000023	0.217391304347826	133.9967	133.9967		133.9967	-0.623398492495978	observed	FALSE	SYNTHETIC_TEACHING_FIXTURE
SYN_TRAJ_051	7	SYN_PROS_SPK_07	SYN_ITEM_03	SYN_SHORT	102.07	70	-50.0000000000114	0.253623188405797	140.6835	140.6835		140.6835	0.219669445254409	observed	FALSE	SYNTHETIC_TEACHING_FIXTURE
SYN_TRAJ_051	8	SYN_PROS_SPK_07	SYN_ITEM_03	SYN_SHORT	102.08	80	-40.0000000000063	0.289855072463768	140.2374	140.2374		140.2374	0.164685700117141	observed	FALSE	SYNTHETIC_TEACHING_FIXTURE
SYN_TRAJ_051	9	SYN_PROS_SPK_07	SYN_ITEM_03	SYN_SHORT	102.09	90	-30.0000000000011	0.326086956521739	142.1677	142.1677		142.1677	0.401356576780512	observed	FALSE	SYNTHETIC_TEACHING_FIXTURE
SYN_TRAJ_051	10	SYN_PROS_SPK_07	SYN_ITEM_03	SYN_SHORT	102.1	100	-20.0000000000102	0.36231884057971	142.1437	142.1437		142.1437	0.398433752210249	observed	FALSE	SYNTHETIC_TEACHING_FIXTURE
SYN_TRAJ_051	11	SYN_PROS_SPK_07	SYN_ITEM_03	SYN_SHORT	102.11	110	-10.0000000000051	0.398550724637681	136.7642		estimator_failure	144.13545	0.63933435955905	interpolated_estimator_failure	FALSE	SYNTHETIC_TEACHING_FIXTURE
SYN_TRAJ_051	12	SYN_PROS_SPK_07	SYN_ITEM_03	SYN_SHORT	102.12	120	0	0.434782608695652	146.1272	146.1272		146.1272	0.876928796088976	observed	FALSE	SYNTHETIC_TEACHING_FIXTURE
SYN_TRAJ_051	13	SYN_PROS_SPK_07	SYN_ITEM_03	SYN_SHORT	102.13	130	9.9999999999909	0.471014492753623	148.3314	148.3314		148.3314	1.13612023207671	observed	FALSE	SYNTHETIC_TEACHING_FIXTURE
SYN_TRAJ_051	14	SYN_PROS_SPK_07	SYN_ITEM_03	SYN_SHORT	102.14	140	19.999999999996	0.507246376811594	148.6425	148.6425		148.6425	1.17239191182225	observed	FALSE	SYNTHETIC_TEACHING_FIXTURE
SYN_TRAJ_051	15	SYN_PROS_SPK_07	SYN_ITEM_03	SYN_SHORT	102.15	150	30.0000000000011	0.543478260869565	148.8838	148.8838		148.8838	1.2004732523714	observed	FALSE	SYNTHETIC_TEACHING_FIXTURE
SYN_TRAJ_051	16	SYN_PROS_SPK_07	SYN_ITEM_03	SYN_SHORT	102.16	160	39.999999999992	0.579710144927536	152.4866	152.4866		152.4866	1.61442148301742	observed	FALSE	SYNTHETIC_TEACHING_FIXTURE
SYN_TRAJ_051	17	SYN_PROS_SPK_07	SYN_ITEM_03	SYN_SHORT	102.17	170	49.9999999999972	0.615942028985507	152.6518	152.6518		152.6518	1.63316706815838	observed	FALSE	SYNTHETIC_TEACHING_FIXTURE
SYN_TRAJ_051	18	SYN_PROS_SPK_07	SYN_ITEM_03	SYN_SHORT	102.18	180	60.0000000000023	0.652173913043478	152.9038	152.9038		152.9038	1.66172298919392	observed	FALSE	SYNTHETIC_TEACHING_FIXTURE
SYN_TRAJ_051	19	SYN_PROS_SPK_07	SYN_ITEM_03	SYN_SHORT	102.19	190	69.9999999999932	0.688405797101449	147.9039	147.9039		147.9039	1.08615298848708	observed	FALSE	SYNTHETIC_TEACHING_FIXTURE
SYN_TRAJ_051	20	SYN_PROS_SPK_07	SYN_ITEM_03	SYN_SHORT	102.2	200	79.9999999999983	0.72463768115942	142.3119	142.3119		142.3119	0.41890749932515	observed	FALSE	SYNTHETIC_TEACHING_FIXTURE
SYN_TRAJ_051	21	SYN_PROS_SPK_07	SYN_ITEM_03	SYN_SHORT	102.21	210	89.9999999999892	0.760869565217391	136.2362	136.2362		136.2362	-0.336446946972463	observed	FALSE	SYNTHETIC_TEACHING_FIXTURE
SYN_TRAJ_051	22	SYN_PROS_SPK_07	SYN_ITEM_03	SYN_SHORT	102.22	220	99.9999999999943	0.797101449275362	132.193	132.193		132.193	-0.858018738620456	observed	FALSE	SYNTHETIC_TEACHING_FIXTURE
SYN_TRAJ_051	23	SYN_PROS_SPK_07	SYN_ITEM_03	SYN_SHORT	102.23	230	109.999999999999	0.833333333333333	130.3016	130.3016		130.3016	-1.107510556811	observed	FALSE	SYNTHETIC_TEACHING_FIXTURE
SYN_TRAJ_051	24	SYN_PROS_SPK_07	SYN_ITEM_03	SYN_SHORT	102.24	240	119.99999999999	0.869565217391304	129.7136	129.7136		129.7136	-1.18581116047836	observed	FALSE	SYNTHETIC_TEACHING_FIXTURE
SYN_TRAJ_051	25	SYN_PROS_SPK_07	SYN_ITEM_03	SYN_SHORT	102.25	250	129.999999999995	0.905797101449275	134.2754	134.2754		134.2754	-0.587427916125727	observed	FALSE	SYNTHETIC_TEACHING_FIXTURE
SYN_TRAJ_051	26	SYN_PROS_SPK_07	SYN_ITEM_03	SYN_SHORT	102.26	260	140.000000000001	0.942028985507246	131.1059	131.1059		131.1059	-1.00097681622479	observed	FALSE	SYNTHETIC_TEACHING_FIXTURE
SYN_TRAJ_051	27	SYN_PROS_SPK_07	SYN_ITEM_03	SYN_SHORT	102.27	270	149.999999999991	0.978260869565217	133.7897	133.7897		133.7897	-0.650163520110189	observed	FALSE	SYNTHETIC_TEACHING_FIXTURE
SYN_TRAJ_052	0	SYN_PROS_SPK_07	SYN_ITEM_04	SYN_LONG	104	0	-120.000000000005	0	131.0354	131.0354		131.0354	-1.01028874100748	observed	TRUE	SYNTHETIC_TEACHING_FIXTURE
SYN_TRAJ_052	1	SYN_PROS_SPK_07	SYN_ITEM_04	SYN_LONG	104.01	10	-109.999999999999	0.0235849056603774	131.623	131.623		131.623	-0.932828829251592	observed	FALSE	SYNTHETIC_TEACHING_FIXTURE
SYN_TRAJ_052	2	SYN_PROS_SPK_07	SYN_ITEM_04	SYN_LONG	104.02	20	-100.000000000009	0.0471698113207547	129.9231	129.9231		129.9231	-1.1578726131163	observed	FALSE	SYNTHETIC_TEACHING_FIXTURE
SYN_TRAJ_052	3	SYN_PROS_SPK_07	SYN_ITEM_04	SYN_LONG	104.03	30	-90.0000000000034	0.0707547169811321	132.8287	132.8287		132.8287	-0.774965343694104	observed	FALSE	SYNTHETIC_TEACHING_FIXTURE
SYN_TRAJ_052	4	SYN_PROS_SPK_07	SYN_ITEM_04	SYN_LONG	104.04	40	-79.9999999999983	0.0943396226415094	135.3653	135.3653		135.3653	-0.447472615151743	observed	FALSE	SYNTHETIC_TEACHING_FIXTURE
SYN_TRAJ_052	5	SYN_PROS_SPK_07	SYN_ITEM_04	SYN_LONG	104.05	50	-70.0000000000074	0.117924528301887	137.8464	137.8464		137.8464	-0.133029062191347	observed	FALSE	SYNTHETIC_TEACHING_FIXTURE
SYN_TRAJ_052	6	SYN_PROS_SPK_07	SYN_ITEM_04	SYN_LONG	104.06	60	-60.0000000000023	0.141509433962264	139.8996	139.8996		139.8996	0.122933904015773	observed	FALSE	SYNTHETIC_TEACHING_FIXTURE
SYN_TRAJ_052	7	SYN_PROS_SPK_07	SYN_ITEM_04	SYN_LONG	104.07	70	-50.0000000000114	0.165094339622642	137.5683	137.5683		137.5683	-0.16799134653388	observed	FALSE	SYNTHETIC_TEACHING_FIXTURE
SYN_TRAJ_052	8	SYN_PROS_SPK_07	SYN_ITEM_04	SYN_LONG	104.08	80	-40.0000000000063	0.188679245283019	138.8623	138.8623		138.8623	-0.00590847851635565	observed	FALSE	SYNTHETIC_TEACHING_FIXTURE
SYN_TRAJ_052	9	SYN_PROS_SPK_07	SYN_ITEM_04	SYN_LONG	104.09	90	-30.0000000000011	0.212264150943396	140.0799	140.0799		140.0799	0.145231360950699	observed	FALSE	SYNTHETIC_TEACHING_FIXTURE
SYN_TRAJ_052	10	SYN_PROS_SPK_07	SYN_ITEM_04	SYN_LONG	104.1	100	-20.0000000000102	0.235849056603774	142.5599	142.5599		142.5599	0.449050613008837	observed	FALSE	SYNTHETIC_TEACHING_FIXTURE
SYN_TRAJ_052	11	SYN_PROS_SPK_07	SYN_ITEM_04	SYN_LONG	104.11	110	-10.0000000000051	0.259433962264151	146.2968	146.2968		146.2968	0.897010412347811	observed	FALSE	SYNTHETIC_TEACHING_FIXTURE
SYN_TRAJ_052	12	SYN_PROS_SPK_07	SYN_ITEM_04	SYN_LONG	104.12	120	0	0.283018867924528	150.2863	150.2863		150.2863	1.36279385467872	observed	FALSE	SYNTHETIC_TEACHING_FIXTURE
SYN_TRAJ_052	13	SYN_PROS_SPK_07	SYN_ITEM_04	SYN_LONG	104.13	130	9.9999999999909	0.306603773584906	152.5547	152.5547		152.5547	1.62215138980055	observed	FALSE	SYNTHETIC_TEACHING_FIXTURE
SYN_TRAJ_052	14	SYN_PROS_SPK_07	SYN_ITEM_04	SYN_LONG	104.14	140	19.999999999996	0.330188679245283	152.7335	152.7335		152.7335	1.64243023997334	observed	FALSE	SYNTHETIC_TEACHING_FIXTURE
SYN_TRAJ_052	15	SYN_PROS_SPK_07	SYN_ITEM_04	SYN_LONG	104.15	150	30.0000000000011	0.35377358490566	153.9756	153.9756		153.9756	1.78265285275049	observed	FALSE	SYNTHETIC_TEACHING_FIXTURE
SYN_TRAJ_052	16	SYN_PROS_SPK_07	SYN_ITEM_04	SYN_LONG	104.16	160	39.999999999992	0.377358490566038	155.0591	155.0591		155.0591	1.90405020899131	observed	FALSE	SYNTHETIC_TEACHING_FIXTURE
SYN_TRAJ_052	17	SYN_PROS_SPK_07	SYN_ITEM_04	SYN_LONG	104.17	170	49.9999999999972	0.400943396226415	158.5475	158.5475		158.5475	2.28921340119581	observed	FALSE	SYNTHETIC_TEACHING_FIXTURE
SYN_TRAJ_052	18	SYN_PROS_SPK_07	SYN_ITEM_04	SYN_LONG	104.18	180	60.0000000000023	0.424528301886792	160.6054	160.6054		160.6054	2.51247666630201	observed	FALSE	SYNTHETIC_TEACHING_FIXTURE
SYN_TRAJ_052	19	SYN_PROS_SPK_07	SYN_ITEM_04	SYN_LONG	104.19	190	69.9999999999932	0.44811320754717	159.5139	159.5139		159.5139	2.39441759972968	observed	FALSE	SYNTHETIC_TEACHING_FIXTURE
SYN_TRAJ_052	20	SYN_PROS_SPK_07	SYN_ITEM_04	SYN_LONG	104.2	200	79.9999999999983	0.471698113207547	161.0458	161.0458		161.0458	2.55988428994198	observed	FALSE	SYNTHETIC_TEACHING_FIXTURE
SYN_TRAJ_052	21	SYN_PROS_SPK_07	SYN_ITEM_04	SYN_LONG	104.21	210	89.9999999999892	0.495283018867925	156.2242	156.2242		156.2242	2.03364728084283	observed	FALSE	SYNTHETIC_TEACHING_FIXTURE
SYN_TRAJ_052	22	SYN_PROS_SPK_07	SYN_ITEM_04	SYN_LONG	104.22	220	99.9999999999943	0.518867924528302	151.2351	151.2351		151.2351	1.47174799772275	observed	FALSE	SYNTHETIC_TEACHING_FIXTURE
SYN_TRAJ_052	23	SYN_PROS_SPK_07	SYN_ITEM_04	SYN_LONG	104.23	230	109.999999999999	0.542452830188679	146.8517	146.8517		146.8517	0.962551455279927	observed	FALSE	SYNTHETIC_TEACHING_FIXTURE
SYN_TRAJ_052	24	SYN_PROS_SPK_07	SYN_ITEM_04	SYN_LONG	104.24	240	119.99999999999	0.566037735849057	146.007	146.007		146.007	0.86268230632907	observed	FALSE	SYNTHETIC_TEACHING_FIXTURE
SYN_TRAJ_052	25	SYN_PROS_SPK_07	SYN_ITEM_04	SYN_LONG	104.25	250	129.999999999995	0.589622641509434	141.7075	141.7075		141.7075	0.345225248131598	observed	FALSE	SYNTHETIC_TEACHING_FIXTURE
SYN_TRAJ_052	26	SYN_PROS_SPK_07	SYN_ITEM_04	SYN_LONG	104.26	260	140.000000000001	0.613207547169811	140.3287	140.3287		140.3287	0.175953039561146	observed	FALSE	SYNTHETIC_TEACHING_FIXTURE
SYN_TRAJ_052	27	SYN_PROS_SPK_07	SYN_ITEM_04	SYN_LONG	104.27	270	149.999999999991	0.636792452830189	138.9231	138.9231		138.9231	0.00166996382540339	observed	FALSE	SYNTHETIC_TEACHING_FIXTURE
SYN_TRAJ_052	28	SYN_PROS_SPK_07	SYN_ITEM_04	SYN_LONG	104.28	280	159.999999999997	0.660377358490566	138.4188	138.4188		138.4188	-0.0612893144630628	observed	FALSE	SYNTHETIC_TEACHING_FIXTURE
SYN_TRAJ_052	29	SYN_PROS_SPK_07	SYN_ITEM_04	SYN_LONG	104.29	290	170.000000000002	0.683962264150943	134.6421	134.6421		134.6421	-0.540213144362708	observed	FALSE	SYNTHETIC_TEACHING_FIXTURE
SYN_TRAJ_052	30	SYN_PROS_SPK_07	SYN_ITEM_04	SYN_LONG	104.3	300	179.999999999993	0.707547169811321	133.4021	133.4021		133.4021	-0.700391617537874	observed	FALSE	SYNTHETIC_TEACHING_FIXTURE
SYN_TRAJ_052	31	SYN_PROS_SPK_07	SYN_ITEM_04	SYN_LONG	104.31	310	189.999999999998	0.731132075471698	127.3351	127.3351		127.3351	-1.50620630055254	observed	FALSE	SYNTHETIC_TEACHING_FIXTURE
SYN_TRAJ_052	32	SYN_PROS_SPK_07	SYN_ITEM_04	SYN_LONG	104.32	320	199.999999999989	0.754716981132076	127.849	127.849		127.849	-1.43647763167901	observed	FALSE	SYNTHETIC_TEACHING_FIXTURE
SYN_TRAJ_052	33	SYN_PROS_SPK_07	SYN_ITEM_04	SYN_LONG	104.33	330	209.999999999994	0.778301886792453	123.8065		estimator_failure	129.43575	-1.22293443050395	interpolated_estimator_failure	FALSE	SYNTHETIC_TEACHING_FIXTURE
SYN_TRAJ_052	34	SYN_PROS_SPK_07	SYN_ITEM_04	SYN_LONG	104.34	340	219.999999999999	0.80188679245283	131.0225	131.0225		131.0225	-1.01199316733853	observed	FALSE	SYNTHETIC_TEACHING_FIXTURE
SYN_TRAJ_052	35	SYN_PROS_SPK_07	SYN_ITEM_04	SYN_LONG	104.35	350	229.99999999999	0.825471698113208	126.185		quality_rejection			missing	FALSE	SYNTHETIC_TEACHING_FIXTURE
SYN_TRAJ_052	36	SYN_PROS_SPK_07	SYN_ITEM_04	SYN_LONG	104.36	360	239.999999999995	0.849056603773585	127.1593	127.1593		127.1593	-1.53012439024221	observed	FALSE	SYNTHETIC_TEACHING_FIXTURE
SYN_TRAJ_052	37	SYN_PROS_SPK_07	SYN_ITEM_04	SYN_LONG	104.37	370	250	0.872641509433962	125.9254	125.9254		125.9254	-1.69893638234834	observed	FALSE	SYNTHETIC_TEACHING_FIXTURE
SYN_TRAJ_052	38	SYN_PROS_SPK_07	SYN_ITEM_04	SYN_LONG	104.38	380	259.999999999991	0.89622641509434	126.003	126.003		126.003	-1.68827114838056	observed	FALSE	SYNTHETIC_TEACHING_FIXTURE
SYN_TRAJ_052	39	SYN_PROS_SPK_07	SYN_ITEM_04	SYN_LONG	104.39	390	269.999999999996	0.919811320754717	128.4417	128.4417		128.4417	-1.35640416431246	observed	FALSE	SYNTHETIC_TEACHING_FIXTURE
SYN_TRAJ_052	40	SYN_PROS_SPK_07	SYN_ITEM_04	SYN_LONG	104.4	400	280.000000000001	0.943396226415094	122.0694	122.0694		122.0694	-2.23734900585686	observed	FALSE	SYNTHETIC_TEACHING_FIXTURE
SYN_TRAJ_052	41	SYN_PROS_SPK_07	SYN_ITEM_04	SYN_LONG	104.41	410	289.999999999992	0.966981132075472	122.4742	122.4742		122.4742	-2.1800337309401	observed	FALSE	SYNTHETIC_TEACHING_FIXTURE
SYN_TRAJ_052	42	SYN_PROS_SPK_07	SYN_ITEM_04	SYN_LONG	104.42	420	299.999999999997	0.990566037735849	123.0258	123.0258		123.0258	-2.10223737180142	observed	FALSE	SYNTHETIC_TEACHING_FIXTURE
SYN_TRAJ_053	0	SYN_PROS_SPK_07	SYN_ITEM_05	SYN_SHORT	106	0	-120.000000000005	0	133.7021	133.7021		133.7021	-0.661502642140835	observed	TRUE	SYNTHETIC_TEACHING_FIXTURE
SYN_TRAJ_053	1	SYN_PROS_SPK_07	SYN_ITEM_05	SYN_SHORT	106.01	10	-109.999999999999	0.0309597523219814	132.5665	132.5665		132.5665	-0.809173175286675	observed	FALSE	SYNTHETIC_TEACHING_FIXTURE
SYN_TRAJ_053	2	SYN_PROS_SPK_07	SYN_ITEM_05	SYN_SHORT	106.02	20	-100.000000000009	0.0619195046439628	136.0998	136.0998		136.0998	-0.353788785292641	observed	FALSE	SYNTHETIC_TEACHING_FIXTURE
SYN_TRAJ_053	3	SYN_PROS_SPK_07	SYN_ITEM_05	SYN_SHORT	106.03	30	-90.0000000000034	0.0928792569659443	137.2992	137.2992		137.2992	-0.201889514301773	observed	FALSE	SYNTHETIC_TEACHING_FIXTURE
SYN_TRAJ_053	4	SYN_PROS_SPK_07	SYN_ITEM_05	SYN_SHORT	106.04	40	-79.9999999999983	0.123839009287926	133.1459	133.1459		133.1459	-0.733672099849622	observed	FALSE	SYNTHETIC_TEACHING_FIXTURE
SYN_TRAJ_053	5	SYN_PROS_SPK_07	SYN_ITEM_05	SYN_SHORT	106.05	50	-70.0000000000074	0.154798761609907	133.724	133.724		133.724	-0.658667165292517	observed	FALSE	SYNTHETIC_TEACHING_FIXTURE
SYN_TRAJ_053	6	SYN_PROS_SPK_07	SYN_ITEM_05	SYN_SHORT	106.06	60	-60.0000000000023	0.185758513931889	134.2993	134.2993		134.2993	-0.58434672538945	observed	FALSE	SYNTHETIC_TEACHING_FIXTURE
SYN_TRAJ_053	7	SYN_PROS_SPK_07	SYN_ITEM_05	SYN_SHORT	106.07	70	-50.0000000000114	0.21671826625387	135.8965	135.8965		135.8965	-0.37966854525389	observed	FALSE	SYNTHETIC_TEACHING_FIXTURE
SYN_TRAJ_053	8	SYN_PROS_SPK_07	SYN_ITEM_05	SYN_SHORT	106.08	80	-40.0000000000063	0.247678018575851	135.3046	135.3046		135.3046	-0.45523749100532	observed	FALSE	SYNTHETIC_TEACHING_FIXTURE
SYN_TRAJ_053	9	SYN_PROS_SPK_07	SYN_ITEM_05	SYN_SHORT	106.09	90	-30.0000000000011	0.278637770897833	135.0692	135.0692		135.0692	-0.485383355591584	observed	FALSE	SYNTHETIC_TEACHING_FIXTURE
SYN_TRAJ_053	10	SYN_PROS_SPK_07	SYN_ITEM_05	SYN_SHORT	106.1	100	-20.0000000000102	0.309597523219814	138.2337	138.2337		138.2337	-0.0844556672196467	observed	FALSE	SYNTHETIC_TEACHING_FIXTURE
SYN_TRAJ_053	11	SYN_PROS_SPK_07	SYN_ITEM_05	SYN_SHORT	106.11	110	-10.0000000000051	0.340557275541796	137.729	137.729		137.729	-0.147779790279285	observed	FALSE	SYNTHETIC_TEACHING_FIXTURE
SYN_TRAJ_053	12	SYN_PROS_SPK_07	SYN_ITEM_05	SYN_SHORT	106.12	120	0	0.371517027863777	139.7971	139.7971		139.7971	0.110245052272207	observed	FALSE	SYNTHETIC_TEACHING_FIXTURE
SYN_TRAJ_053	13	SYN_PROS_SPK_07	SYN_ITEM_05	SYN_SHORT	106.13	130	9.9999999999909	0.402476780185758	143.1262	143.1262		143.1262	0.517685322648621	observed	FALSE	SYNTHETIC_TEACHING_FIXTURE
SYN_TRAJ_053	14	SYN_PROS_SPK_07	SYN_ITEM_05	SYN_SHORT	106.14	140	19.999999999996	0.43343653250774	144.4875	144.4875		144.4875	0.681568093864506	observed	FALSE	SYNTHETIC_TEACHING_FIXTURE
SYN_TRAJ_053	15	SYN_PROS_SPK_07	SYN_ITEM_05	SYN_SHORT	106.15	150	30.0000000000011	0.464396284829721	148.7871	148.7871		148.7871	1.18922523730283	observed	FALSE	SYNTHETIC_TEACHING_FIXTURE
SYN_TRAJ_053	16	SYN_PROS_SPK_07	SYN_ITEM_05	SYN_SHORT	106.16	160	39.999999999992	0.495356037151703	152.7218	152.7218		152.7218	1.64110399430767	observed	FALSE	SYNTHETIC_TEACHING_FIXTURE
SYN_TRAJ_053	17	SYN_PROS_SPK_07	SYN_ITEM_05	SYN_SHORT	106.17	170	49.9999999999972	0.526315789473684	152.755	152.755		152.755	1.64486709321766	observed	FALSE	SYNTHETIC_TEACHING_FIXTURE
SYN_TRAJ_053	18	SYN_PROS_SPK_07	SYN_ITEM_05	SYN_SHORT	106.18	180	60.0000000000023	0.557275541795666	151.6615	151.6615		151.6615	1.52049061722792	observed	FALSE	SYNTHETIC_TEACHING_FIXTURE
SYN_TRAJ_053	19	SYN_PROS_SPK_07	SYN_ITEM_05	SYN_SHORT	106.19	190	69.9999999999932	0.588235294117647	152.9076	152.9076		152.9076	1.66215323406947	observed	FALSE	SYNTHETIC_TEACHING_FIXTURE
SYN_TRAJ_053	20	SYN_PROS_SPK_07	SYN_ITEM_05	SYN_SHORT	106.2	200	79.9999999999983	0.619195046439629	149.8892	149.8892		149.8892	1.31698908767267	observed	FALSE	SYNTHETIC_TEACHING_FIXTURE
SYN_TRAJ_053	21	SYN_PROS_SPK_07	SYN_ITEM_05	SYN_SHORT	106.21	210	89.9999999999892	0.65015479876161	151.1957	151.1957		151.1957	1.46723717264018	observed	FALSE	SYNTHETIC_TEACHING_FIXTURE
SYN_TRAJ_053	22	SYN_PROS_SPK_07	SYN_ITEM_05	SYN_SHORT	106.22	220	99.9999999999943	0.681114551083591	148.8818	148.8818		148.8818	1.20024068903311	observed	FALSE	SYNTHETIC_TEACHING_FIXTURE
SYN_TRAJ_053	23	SYN_PROS_SPK_07	SYN_ITEM_05	SYN_SHORT	106.23	230	109.999999999999	0.712074303405573	147.3597	147.3597		147.3597	1.02233620671498	observed	FALSE	SYNTHETIC_TEACHING_FIXTURE
SYN_TRAJ_053	24	SYN_PROS_SPK_07	SYN_ITEM_05	SYN_SHORT	106.24	240	119.99999999999	0.743034055727554	143.1568	143.1568		143.1568	0.521386259281475	observed	FALSE	SYNTHETIC_TEACHING_FIXTURE
SYN_TRAJ_053	25	SYN_PROS_SPK_07	SYN_ITEM_05	SYN_SHORT	106.25	250	129.999999999995	0.773993808049536	140.0382	140.0382		140.0382	0.14007693070293	observed	FALSE	SYNTHETIC_TEACHING_FIXTURE
SYN_TRAJ_053	26	SYN_PROS_SPK_07	SYN_ITEM_05	SYN_SHORT	106.26	260	140.000000000001	0.804953560371517	135.6098	135.6098		135.6098	-0.416230863428546	observed	FALSE	SYNTHETIC_TEACHING_FIXTURE
SYN_TRAJ_053	27	SYN_PROS_SPK_07	SYN_ITEM_05	SYN_SHORT	106.27	270	149.999999999991	0.835913312693498	131.2745	131.2745		131.2745	-0.978727738104124	observed	FALSE	SYNTHETIC_TEACHING_FIXTURE
SYN_TRAJ_053	28	SYN_PROS_SPK_07	SYN_ITEM_05	SYN_SHORT	106.28	280	159.999999999997	0.86687306501548	136.4137	136.4137		136.4137	-0.31390565228486	observed	FALSE	SYNTHETIC_TEACHING_FIXTURE
SYN_TRAJ_053	29	SYN_PROS_SPK_07	SYN_ITEM_05	SYN_SHORT	106.29	290	170.000000000002	0.897832817337461	133.7189	133.7189		133.7189	-0.659327440338241	observed	FALSE	SYNTHETIC_TEACHING_FIXTURE
SYN_TRAJ_053	30	SYN_PROS_SPK_07	SYN_ITEM_05	SYN_SHORT	106.3	300	179.999999999993	0.928792569659443	132.3199	132.3199		132.3199	-0.841407554993388	observed	FALSE	SYNTHETIC_TEACHING_FIXTURE
SYN_TRAJ_053	31	SYN_PROS_SPK_07	SYN_ITEM_05	SYN_SHORT	106.31	310	189.999999999998	0.959752321981424	130.5892	130.5892		130.5892	-1.06934109171668	observed	FALSE	SYNTHETIC_TEACHING_FIXTURE
SYN_TRAJ_053	32	SYN_PROS_SPK_07	SYN_ITEM_05	SYN_SHORT	106.32	320	199.999999999989	0.990712074303406	126.9024	126.9024		126.9024	-1.56513589955571	observed	FALSE	SYNTHETIC_TEACHING_FIXTURE
SYN_TRAJ_054	0	SYN_PROS_SPK_07	SYN_ITEM_06	SYN_LONG	108	0	-120.000000000005	0	136.7848	136.7848		136.7848	-0.266873084335263	observed	TRUE	SYNTHETIC_TEACHING_FIXTURE
SYN_TRAJ_054	1	SYN_PROS_SPK_07	SYN_ITEM_06	SYN_LONG	108.01	10	-109.999999999999	0.0218340611353712	136.7175	136.7175		136.7175	-0.275393089750483	observed	FALSE	SYNTHETIC_TEACHING_FIXTURE
SYN_TRAJ_054	2	SYN_PROS_SPK_07	SYN_ITEM_06	SYN_LONG	108.02	20	-100.000000000009	0.0436681222707424	139.6357	139.6357		139.6357	0.0902458820536164	observed	FALSE	SYNTHETIC_TEACHING_FIXTURE
SYN_TRAJ_054	3	SYN_PROS_SPK_07	SYN_ITEM_06	SYN_LONG	108.03	30	-90.0000000000034	0.0655021834061135	137.3225	137.3225		137.3225	-0.198951818304699	observed	FALSE	SYNTHETIC_TEACHING_FIXTURE
SYN_TRAJ_054	4	SYN_PROS_SPK_07	SYN_ITEM_06	SYN_LONG	108.04	40	-79.9999999999983	0.0873362445414847	138.3532	138.3532		138.3532	-0.0694959940220864	observed	FALSE	SYNTHETIC_TEACHING_FIXTURE
SYN_TRAJ_054	5	SYN_PROS_SPK_07	SYN_ITEM_06	SYN_LONG	108.05	50	-70.0000000000074	0.109170305676856	138.8963	138.8963		138.8963	-0.00167012492714173	observed	FALSE	SYNTHETIC_TEACHING_FIXTURE
SYN_TRAJ_054	6	SYN_PROS_SPK_07	SYN_ITEM_06	SYN_LONG	108.06	60	-60.0000000000023	0.131004366812227	137.1803	137.1803		137.1803	-0.216888356933698	observed	FALSE	SYNTHETIC_TEACHING_FIXTURE
SYN_TRAJ_054	7	SYN_PROS_SPK_07	SYN_ITEM_06	SYN_LONG	108.07	70	-50.0000000000114	0.152838427947598	135.8552	135.8552		135.8552	-0.384930699402472	observed	FALSE	SYNTHETIC_TEACHING_FIXTURE
SYN_TRAJ_054	8	SYN_PROS_SPK_07	SYN_ITEM_06	SYN_LONG	108.08	80	-40.0000000000063	0.174672489082969	135.525	135.525		135.525	-0.427060063674898	observed	FALSE	SYNTHETIC_TEACHING_FIXTURE
SYN_TRAJ_054	9	SYN_PROS_SPK_07	SYN_ITEM_06	SYN_LONG	108.09	90	-30.0000000000011	0.196506550218341	137.2452	137.2452		137.2452	-0.208699825483147	observed	FALSE	SYNTHETIC_TEACHING_FIXTURE
SYN_TRAJ_054	10	SYN_PROS_SPK_07	SYN_ITEM_06	SYN_LONG	108.1	100	-20.0000000000102	0.218340611353712	140.8896		quality_rejection			missing	FALSE	SYNTHETIC_TEACHING_FIXTURE
SYN_TRAJ_054	11	SYN_PROS_SPK_07	SYN_ITEM_06	SYN_LONG	108.11	110	-10.0000000000051	0.240174672489083	144.5402	144.5402		144.5402	0.68788140123241	observed	FALSE	SYNTHETIC_TEACHING_FIXTURE
SYN_TRAJ_054	12	SYN_PROS_SPK_07	SYN_ITEM_06	SYN_LONG	108.12	120	0	0.262008733624454	150.1707	150.1707		150.1707	1.34947210374948	observed	FALSE	SYNTHETIC_TEACHING_FIXTURE
SYN_TRAJ_054	13	SYN_PROS_SPK_07	SYN_ITEM_06	SYN_LONG	108.13	130	9.9999999999909	0.283842794759825	152.6468	152.6468		152.6468	1.63260000560086	observed	FALSE	SYNTHETIC_TEACHING_FIXTURE
SYN_TRAJ_054	14	SYN_PROS_SPK_07	SYN_ITEM_06	SYN_LONG	108.14	140	19.999999999996	0.305676855895196	154.1705	154.1705		154.1705	1.80455269578971	observed	FALSE	SYNTHETIC_TEACHING_FIXTURE
SYN_TRAJ_054	15	SYN_PROS_SPK_07	SYN_ITEM_06	SYN_LONG	108.15	150	30.0000000000011	0.327510917030568	153.5571	153.5571		153.5571	1.73553448798651	observed	FALSE	SYNTHETIC_TEACHING_FIXTURE
SYN_TRAJ_054	16	SYN_PROS_SPK_07	SYN_ITEM_06	SYN_LONG	108.16	160	39.999999999992	0.349344978165939	156.1113	156.1113		156.1113	2.02113148723931	observed	FALSE	SYNTHETIC_TEACHING_FIXTURE
SYN_TRAJ_054	17	SYN_PROS_SPK_07	SYN_ITEM_06	SYN_LONG	108.17	170	49.9999999999972	0.37117903930131	156.9623	156.9623		156.9623	2.11524889632769	observed	FALSE	SYNTHETIC_TEACHING_FIXTURE
SYN_TRAJ_054	18	SYN_PROS_SPK_07	SYN_ITEM_06	SYN_LONG	108.18	180	60.0000000000023	0.393013100436681	158.2473	158.2473		158.2473	2.25640247013922	observed	FALSE	SYNTHETIC_TEACHING_FIXTURE
SYN_TRAJ_054	19	SYN_PROS_SPK_07	SYN_ITEM_06	SYN_LONG	108.19	190	69.9999999999932	0.414847161572052	158.3408	158.3408		158.3408	2.26662840019117	observed	FALSE	SYNTHETIC_TEACHING_FIXTURE
SYN_TRAJ_054	20	SYN_PROS_SPK_07	SYN_ITEM_06	SYN_LONG	108.2	200	79.9999999999983	0.436681222707424	154.5726	154.5726		154.5726	1.84964711925818	observed	FALSE	SYNTHETIC_TEACHING_FIXTURE
SYN_TRAJ_054	21	SYN_PROS_SPK_07	SYN_ITEM_06	SYN_LONG	108.21	210	89.9999999999892	0.458515283842795	150.4212	150.4212		150.4212	1.37832678876822	observed	FALSE	SYNTHETIC_TEACHING_FIXTURE
SYN_TRAJ_054	22	SYN_PROS_SPK_07	SYN_ITEM_06	SYN_LONG	108.22	220	99.9999999999943	0.480349344978166	149.3038	149.3038		149.3038	1.24924246889493	observed	FALSE	SYNTHETIC_TEACHING_FIXTURE
SYN_TRAJ_054	23	SYN_PROS_SPK_07	SYN_ITEM_06	SYN_LONG	108.23	230	109.999999999999	0.502183406113537	148.2222	148.2222		148.2222	1.12337037729816	observed	FALSE	SYNTHETIC_TEACHING_FIXTURE
SYN_TRAJ_054	24	SYN_PROS_SPK_07	SYN_ITEM_06	SYN_LONG	108.24	240	119.99999999999	0.524017467248908	150.7728	150.7728		150.7728	1.41874606459363	observed	FALSE	SYNTHETIC_TEACHING_FIXTURE
SYN_TRAJ_054	25	SYN_PROS_SPK_07	SYN_ITEM_06	SYN_LONG	108.25	250	129.999999999995	0.54585152838428	146.8438	146.8438		146.8438	0.961620099573698	observed	FALSE	SYNTHETIC_TEACHING_FIXTURE
SYN_TRAJ_054	26	SYN_PROS_SPK_07	SYN_ITEM_06	SYN_LONG	108.26	260	140.000000000001	0.567685589519651	148.2641	148.2641		148.2641	1.12826360218841	observed	FALSE	SYNTHETIC_TEACHING_FIXTURE
SYN_TRAJ_054	27	SYN_PROS_SPK_07	SYN_ITEM_06	SYN_LONG	108.27	270	149.999999999991	0.589519650655022	144.2896	144.2896		144.2896	0.657839669973202	observed	FALSE	SYNTHETIC_TEACHING_FIXTURE
SYN_TRAJ_054	28	SYN_PROS_SPK_07	SYN_ITEM_06	SYN_LONG	108.28	280	159.999999999997	0.611353711790393	140.5065	140.5065		140.5065	0.197874326853553	observed	FALSE	SYNTHETIC_TEACHING_FIXTURE
SYN_TRAJ_054	29	SYN_PROS_SPK_07	SYN_ITEM_06	SYN_LONG	108.29	290	170.000000000002	0.633187772925764	136.8163	136.8163		136.8163	-0.262886706152822	observed	FALSE	SYNTHETIC_TEACHING_FIXTURE
SYN_TRAJ_054	30	SYN_PROS_SPK_07	SYN_ITEM_06	SYN_LONG	108.3	300	179.999999999993	0.655021834061135	136.6654	136.6654		136.6654	-0.281991695226415	observed	FALSE	SYNTHETIC_TEACHING_FIXTURE
SYN_TRAJ_054	31	SYN_PROS_SPK_07	SYN_ITEM_06	SYN_LONG	108.31	310	189.999999999998	0.676855895196507	137.6272	137.6272		137.6272	-0.160580637634423	observed	FALSE	SYNTHETIC_TEACHING_FIXTURE
SYN_TRAJ_054	32	SYN_PROS_SPK_07	SYN_ITEM_06	SYN_LONG	108.32	320	199.999999999989	0.698689956331878	134.2677	134.2677		134.2677	-0.588420717816142	observed	FALSE	SYNTHETIC_TEACHING_FIXTURE
SYN_TRAJ_054	33	SYN_PROS_SPK_07	SYN_ITEM_06	SYN_LONG	108.33	330	209.999999999994	0.720524017467249	139.4031	139.4031		139.4031	0.0613835780957882	observed	FALSE	SYNTHETIC_TEACHING_FIXTURE
SYN_TRAJ_054	34	SYN_PROS_SPK_07	SYN_ITEM_06	SYN_LONG	108.34	340	219.999999999999	0.74235807860262	138.4636	138.4636		138.4636	-0.0556869875491803	observed	FALSE	SYNTHETIC_TEACHING_FIXTURE
SYN_TRAJ_054	35	SYN_PROS_SPK_07	SYN_ITEM_06	SYN_LONG	108.35	350	229.99999999999	0.764192139737991	133.3828	133.3828		133.3828	-0.702896468240086	observed	FALSE	SYNTHETIC_TEACHING_FIXTURE
SYN_TRAJ_054	36	SYN_PROS_SPK_07	SYN_ITEM_06	SYN_LONG	108.36	360	239.999999999995	0.786026200873362	133.963	133.963		133.963	-0.627753071767501	observed	FALSE	SYNTHETIC_TEACHING_FIXTURE
SYN_TRAJ_054	37	SYN_PROS_SPK_07	SYN_ITEM_06	SYN_LONG	108.37	370	250	0.807860262008734	131.7866	131.7866		131.7866	-0.911323923823259	observed	FALSE	SYNTHETIC_TEACHING_FIXTURE
SYN_TRAJ_054	38	SYN_PROS_SPK_07	SYN_ITEM_06	SYN_LONG	108.38	380	259.999999999991	0.829694323144105	131.4956	131.4956		131.4956	-0.949593834468801	observed	FALSE	SYNTHETIC_TEACHING_FIXTURE
SYN_TRAJ_054	39	SYN_PROS_SPK_07	SYN_ITEM_06	SYN_LONG	108.39	390	269.999999999996	0.851528384279476	133.2511	133.2511		133.2511	-0.719998835403773	observed	FALSE	SYNTHETIC_TEACHING_FIXTURE
SYN_TRAJ_054	40	SYN_PROS_SPK_07	SYN_ITEM_06	SYN_LONG	108.4	400	280.000000000001	0.873362445414847	130.4258	130.4258		130.4258	-1.09101675637744	observed	FALSE	SYNTHETIC_TEACHING_FIXTURE
SYN_TRAJ_054	41	SYN_PROS_SPK_07	SYN_ITEM_06	SYN_LONG	108.41	410	289.999999999992	0.895196506550218	132.4739	132.4739		132.4739	-0.821270370994689	observed	FALSE	SYNTHETIC_TEACHING_FIXTURE
SYN_TRAJ_054	42	SYN_PROS_SPK_07	SYN_ITEM_06	SYN_LONG	108.42	420	299.999999999997	0.91703056768559	134.3345	134.3345		134.3345	-0.579809735712355	observed	FALSE	SYNTHETIC_TEACHING_FIXTURE
SYN_TRAJ_054	43	SYN_PROS_SPK_07	SYN_ITEM_06	SYN_LONG	108.43	430	310.000000000002	0.938864628820961	134.1852	134.1852		134.1852	-0.599061453196115	observed	FALSE	SYNTHETIC_TEACHING_FIXTURE
SYN_TRAJ_054	44	SYN_PROS_SPK_07	SYN_ITEM_06	SYN_LONG	108.44	440	319.999999999993	0.960698689956332	129.2156	129.2156		129.2156	-1.25240508804653	observed	FALSE	SYNTHETIC_TEACHING_FIXTURE
SYN_TRAJ_054	45	SYN_PROS_SPK_07	SYN_ITEM_06	SYN_LONG	108.45	450	329.999999999998	0.982532751091703	128.4456	128.4456		128.4456	-1.3558785008957	observed	FALSE	SYNTHETIC_TEACHING_FIXTURE
SYN_TRAJ_055	0	SYN_PROS_SPK_07	SYN_ITEM_07	SYN_SHORT	110	0	-120.000000000005	0			structural_unvoiced			missing	TRUE	SYNTHETIC_TEACHING_FIXTURE
SYN_TRAJ_055	1	SYN_PROS_SPK_07	SYN_ITEM_07	SYN_SHORT	110.01	10	-109.999999999999	0.0355871886120996			structural_unvoiced			missing	FALSE	SYNTHETIC_TEACHING_FIXTURE
SYN_TRAJ_055	2	SYN_PROS_SPK_07	SYN_ITEM_07	SYN_SHORT	110.02	20	-100.000000000009	0.0711743772241993			structural_unvoiced			missing	FALSE	SYNTHETIC_TEACHING_FIXTURE
SYN_TRAJ_055	3	SYN_PROS_SPK_07	SYN_ITEM_07	SYN_SHORT	110.03	30	-90.0000000000034	0.106761565836299	132.4043	132.4043		132.4043	-0.830368431355123	observed	FALSE	SYNTHETIC_TEACHING_FIXTURE
SYN_TRAJ_055	4	SYN_PROS_SPK_07	SYN_ITEM_07	SYN_SHORT	110.04	40	-79.9999999999983	0.142348754448399	135.3657	135.3657		135.3657	-0.447421457831773	observed	FALSE	SYNTHETIC_TEACHING_FIXTURE
SYN_TRAJ_055	5	SYN_PROS_SPK_07	SYN_ITEM_07	SYN_SHORT	110.05	50	-70.0000000000074	0.177935943060498	132.0119	132.0119		132.0119	-0.881752328375153	observed	FALSE	SYNTHETIC_TEACHING_FIXTURE
SYN_TRAJ_055	6	SYN_PROS_SPK_07	SYN_ITEM_07	SYN_SHORT	110.06	60	-60.0000000000023	0.213523131672598	133.8428	133.8428		133.8428	-0.6432937618251	observed	FALSE	SYNTHETIC_TEACHING_FIXTURE
SYN_TRAJ_055	7	SYN_PROS_SPK_07	SYN_ITEM_07	SYN_SHORT	110.07	70	-50.0000000000114	0.249110320284698	133.8887	133.8887		133.8887	-0.637357692021535	observed	FALSE	SYNTHETIC_TEACHING_FIXTURE
SYN_TRAJ_055	8	SYN_PROS_SPK_07	SYN_ITEM_07	SYN_SHORT	110.08	80	-40.0000000000063	0.284697508896797	135.6966	135.6966		135.6966	-0.405153268459456	observed	FALSE	SYNTHETIC_TEACHING_FIXTURE
SYN_TRAJ_055	9	SYN_PROS_SPK_07	SYN_ITEM_07	SYN_SHORT	110.09	90	-30.0000000000011	0.320284697508897	135.5832	135.5832		135.5832	-0.419627029690424	observed	FALSE	SYNTHETIC_TEACHING_FIXTURE
SYN_TRAJ_055	10	SYN_PROS_SPK_07	SYN_ITEM_07	SYN_SHORT	110.1	100	-20.0000000000102	0.355871886120996	141.382	141.382		141.382	0.305413320715878	observed	FALSE	SYNTHETIC_TEACHING_FIXTURE
SYN_TRAJ_055	11	SYN_PROS_SPK_07	SYN_ITEM_07	SYN_SHORT	110.11	110	-10.0000000000051	0.391459074733096	147.4324	147.4324		147.4324	1.03087515453066	observed	FALSE	SYNTHETIC_TEACHING_FIXTURE
SYN_TRAJ_055	12	SYN_PROS_SPK_07	SYN_ITEM_07	SYN_SHORT	110.12	120	0	0.427046263345196	151.9856	151.9856		151.9856	1.55744754310524	observed	FALSE	SYNTHETIC_TEACHING_FIXTURE
SYN_TRAJ_055	13	SYN_PROS_SPK_07	SYN_ITEM_07	SYN_SHORT	110.13	130	9.9999999999909	0.462633451957295	152.3493	152.3493		152.3493	1.59882630862947	observed	FALSE	SYNTHETIC_TEACHING_FIXTURE
SYN_TRAJ_055	14	SYN_PROS_SPK_07	SYN_ITEM_07	SYN_SHORT	110.14	140	19.999999999996	0.498220640569395	154.6646	154.6646		154.6646	1.85994817858825	observed	FALSE	SYNTHETIC_TEACHING_FIXTURE
SYN_TRAJ_055	15	SYN_PROS_SPK_07	SYN_ITEM_07	SYN_SHORT	110.15	150	30.0000000000011	0.533807829181495	156.4666	156.4666		156.4666	2.06048857054859	observed	FALSE	SYNTHETIC_TEACHING_FIXTURE
SYN_TRAJ_055	16	SYN_PROS_SPK_07	SYN_ITEM_07	SYN_SHORT	110.16	160	39.999999999992	0.569395017793594	158.0449	158.0449		158.0449	2.23424562786743	observed	FALSE	SYNTHETIC_TEACHING_FIXTURE
SYN_TRAJ_055	17	SYN_PROS_SPK_07	SYN_ITEM_07	SYN_SHORT	110.17	170	49.9999999999972	0.604982206405694	152.7283	152.7283		152.7283	1.64184080999839	observed	FALSE	SYNTHETIC_TEACHING_FIXTURE
SYN_TRAJ_055	18	SYN_PROS_SPK_07	SYN_ITEM_07	SYN_SHORT	110.18	180	60.0000000000023	0.640569395017794	150.0782	150.0782		150.0782	1.33880501024106	observed	FALSE	SYNTHETIC_TEACHING_FIXTURE
SYN_TRAJ_055	19	SYN_PROS_SPK_07	SYN_ITEM_07	SYN_SHORT	110.19	190	69.9999999999932	0.676156583629893	146.8894	146.8894		146.8894	0.966995336235517	observed	FALSE	SYNTHETIC_TEACHING_FIXTURE
SYN_TRAJ_055	20	SYN_PROS_SPK_07	SYN_ITEM_07	SYN_SHORT	110.2	200	79.9999999999983	0.711743772241993	144.8819	144.8819		144.8819	0.728760307813688	observed	FALSE	SYNTHETIC_TEACHING_FIXTURE
SYN_TRAJ_055	21	SYN_PROS_SPK_07	SYN_ITEM_07	SYN_SHORT	110.21	210	89.9999999999892	0.747330960854093	142.8919	142.8919		142.8919	0.489321507321606	observed	FALSE	SYNTHETIC_TEACHING_FIXTURE
SYN_TRAJ_055	22	SYN_PROS_SPK_07	SYN_ITEM_07	SYN_SHORT	110.22	220	99.9999999999943	0.782918149466192	137.3404	137.3404		137.3404	-0.196695300258602	observed	FALSE	SYNTHETIC_TEACHING_FIXTURE
SYN_TRAJ_055	23	SYN_PROS_SPK_07	SYN_ITEM_07	SYN_SHORT	110.23	230	109.999999999999	0.818505338078292	134.2085	134.2085		134.2085	-0.59605558879285	observed	FALSE	SYNTHETIC_TEACHING_FIXTURE
SYN_TRAJ_055	24	SYN_PROS_SPK_07	SYN_ITEM_07	SYN_SHORT	110.24	240	119.99999999999	0.854092526690391	133.6204	133.6204		133.6204	-0.6720847537261	observed	FALSE	SYNTHETIC_TEACHING_FIXTURE
SYN_TRAJ_055	25	SYN_PROS_SPK_07	SYN_ITEM_07	SYN_SHORT	110.25	250	129.999999999995	0.889679715302491	134.5547	134.5547		134.5547	-0.551454723846933	observed	FALSE	SYNTHETIC_TEACHING_FIXTURE
SYN_TRAJ_055	26	SYN_PROS_SPK_07	SYN_ITEM_07	SYN_SHORT	110.26	260	140.000000000001	0.925266903914591			structural_unvoiced			missing	FALSE	SYNTHETIC_TEACHING_FIXTURE
SYN_TRAJ_055	27	SYN_PROS_SPK_07	SYN_ITEM_07	SYN_SHORT	110.27	270	149.999999999991	0.96085409252669			structural_unvoiced			missing	FALSE	SYNTHETIC_TEACHING_FIXTURE
SYN_TRAJ_055	28	SYN_PROS_SPK_07	SYN_ITEM_07	SYN_SHORT	110.28	280	159.999999999997	0.99644128113879			structural_unvoiced			missing	FALSE	SYNTHETIC_TEACHING_FIXTURE
SYN_TRAJ_056	0	SYN_PROS_SPK_07	SYN_ITEM_08	SYN_LONG	112	0	-120.000000000005	0	135.3785	135.3785		135.3785	-0.445784503404341	observed	TRUE	SYNTHETIC_TEACHING_FIXTURE
SYN_TRAJ_056	1	SYN_PROS_SPK_07	SYN_ITEM_08	SYN_LONG	112.01	10	-109.999999999999	0.0228310502283105	138.4576	138.4576		138.4576	-0.0564371940552921	observed	FALSE	SYNTHETIC_TEACHING_FIXTURE
SYN_TRAJ_056	2	SYN_PROS_SPK_07	SYN_ITEM_08	SYN_LONG	112.02	20	-100.000000000009	0.045662100456621	142.8061	142.8061		142.8061	0.478923122602388	observed	FALSE	SYNTHETIC_TEACHING_FIXTURE
SYN_TRAJ_056	3	SYN_PROS_SPK_07	SYN_ITEM_08	SYN_LONG	112.03	30	-90.0000000000034	0.0684931506849315	144.2366	144.2366		144.2366	0.651479387570245	observed	FALSE	SYNTHETIC_TEACHING_FIXTURE
SYN_TRAJ_056	4	SYN_PROS_SPK_07	SYN_ITEM_08	SYN_LONG	112.04	40	-79.9999999999983	0.091324200913242	142.2919	142.2919		142.2919	0.416474314593369	observed	FALSE	SYNTHETIC_TEACHING_FIXTURE
SYN_TRAJ_056	5	SYN_PROS_SPK_07	SYN_ITEM_08	SYN_LONG	112.05	50	-70.0000000000074	0.114155251141553	140.3126	140.3126		140.3126	0.17396666989848	observed	FALSE	SYNTHETIC_TEACHING_FIXTURE
SYN_TRAJ_056	6	SYN_PROS_SPK_07	SYN_ITEM_08	SYN_LONG	112.06	60	-60.0000000000023	0.136986301369863	139.277	139.277		139.277	0.0457162499667478	observed	FALSE	SYNTHETIC_TEACHING_FIXTURE
SYN_TRAJ_056	7	SYN_PROS_SPK_07	SYN_ITEM_08	SYN_LONG	112.07	70	-50.0000000000114	0.159817351598174	139.1585	139.1585		139.1585	0.0309802520641365	observed	FALSE	SYNTHETIC_TEACHING_FIXTURE
SYN_TRAJ_056	8	SYN_PROS_SPK_07	SYN_ITEM_08	SYN_LONG	112.08	80	-40.0000000000063	0.182648401826484	142.6657	142.6657		142.6657	0.461894100465216	observed	FALSE	SYNTHETIC_TEACHING_FIXTURE
SYN_TRAJ_056	9	SYN_PROS_SPK_07	SYN_ITEM_08	SYN_LONG	112.09	90	-30.0000000000011	0.205479452054795	144.9226	144.9226		144.9226	0.733622980840521	observed	FALSE	SYNTHETIC_TEACHING_FIXTURE
SYN_TRAJ_056	10	SYN_PROS_SPK_07	SYN_ITEM_08	SYN_LONG	112.1	100	-20.0000000000102	0.228310502283105	146.7397	146.7397		146.7397	0.949342742565494	observed	FALSE	SYNTHETIC_TEACHING_FIXTURE
SYN_TRAJ_056	11	SYN_PROS_SPK_07	SYN_ITEM_08	SYN_LONG	112.11	110	-10.0000000000051	0.251141552511416	146.1121	146.1121		146.1121	0.875139739369761	observed	FALSE	SYNTHETIC_TEACHING_FIXTURE
SYN_TRAJ_056	12	SYN_PROS_SPK_07	SYN_ITEM_08	SYN_LONG	112.12	120	0	0.273972602739726	148.4708	148.4708		148.4708	1.15238251343348	observed	FALSE	SYNTHETIC_TEACHING_FIXTURE
SYN_TRAJ_056	13	SYN_PROS_SPK_07	SYN_ITEM_08	SYN_LONG	112.13	130	9.9999999999909	0.296803652968037	154.7174	154.7174		154.7174	1.86585732383123	observed	FALSE	SYNTHETIC_TEACHING_FIXTURE
SYN_TRAJ_056	14	SYN_PROS_SPK_07	SYN_ITEM_08	SYN_LONG	112.14	140	19.999999999996	0.319634703196347	153.4327	153.4327		153.4327	1.7215036942929	observed	FALSE	SYNTHETIC_TEACHING_FIXTURE
SYN_TRAJ_056	15	SYN_PROS_SPK_07	SYN_ITEM_08	SYN_LONG	112.15	150	30.0000000000011	0.342465753424658	154.0096	154.0096		154.0096	1.78647524148264	observed	FALSE	SYNTHETIC_TEACHING_FIXTURE
SYN_TRAJ_056	16	SYN_PROS_SPK_07	SYN_ITEM_08	SYN_LONG	112.16	160	39.999999999992	0.365296803652968	154.514	154.514		154.514	1.84308259549747	observed	FALSE	SYNTHETIC_TEACHING_FIXTURE
SYN_TRAJ_056	17	SYN_PROS_SPK_07	SYN_ITEM_08	SYN_LONG	112.17	170	49.9999999999972	0.388127853881279	157.3725	157.3725		157.3725	2.16043336906502	observed	FALSE	SYNTHETIC_TEACHING_FIXTURE
SYN_TRAJ_056	18	SYN_PROS_SPK_07	SYN_ITEM_08	SYN_LONG	112.18	180	60.0000000000023	0.410958904109589	156.4842	156.4842		156.4842	2.06243582355421	observed	FALSE	SYNTHETIC_TEACHING_FIXTURE
SYN_TRAJ_056	19	SYN_PROS_SPK_07	SYN_ITEM_08	SYN_LONG	112.19	190	69.9999999999932	0.4337899543379	158.1556	158.1556		158.1556	2.24636753261214	observed	FALSE	SYNTHETIC_TEACHING_FIXTURE
SYN_TRAJ_056	20	SYN_PROS_SPK_07	SYN_ITEM_08	SYN_LONG	112.2	200	79.9999999999983	0.45662100456621	157.7741		estimator_failure	155.82115	1.98892466142124	interpolated_estimator_failure	FALSE	SYNTHETIC_TEACHING_FIXTURE
SYN_TRAJ_056	21	SYN_PROS_SPK_07	SYN_ITEM_08	SYN_LONG	112.21	210	89.9999999999892	0.47945205479452	153.4867	153.4867		153.4867	1.72759562850197	observed	FALSE	SYNTHETIC_TEACHING_FIXTURE
SYN_TRAJ_056	22	SYN_PROS_SPK_07	SYN_ITEM_08	SYN_LONG	112.22	220	99.9999999999943	0.502283105022831	151.8802	151.8802		151.8802	1.54543749945507	observed	FALSE	SYNTHETIC_TEACHING_FIXTURE
SYN_TRAJ_056	23	SYN_PROS_SPK_07	SYN_ITEM_08	SYN_LONG	112.23	230	109.999999999999	0.525114155251142	151.8476	151.8476		151.8476	1.54172113037616	observed	FALSE	SYNTHETIC_TEACHING_FIXTURE
SYN_TRAJ_056	24	SYN_PROS_SPK_07	SYN_ITEM_08	SYN_LONG	112.24	240	119.99999999999	0.547945205479452	148.0576	148.0576		148.0576	1.10413442845565	observed	FALSE	SYNTHETIC_TEACHING_FIXTURE
SYN_TRAJ_056	25	SYN_PROS_SPK_07	SYN_ITEM_08	SYN_LONG	112.25	250	129.999999999995	0.570776255707763	147.5761	147.5761		147.5761	1.04774099755056	observed	FALSE	SYNTHETIC_TEACHING_FIXTURE
SYN_TRAJ_056	26	SYN_PROS_SPK_07	SYN_ITEM_08	SYN_LONG	112.26	260	140.000000000001	0.593607305936073	144.088	144.088		144.088	0.633634125496182	observed	FALSE	SYNTHETIC_TEACHING_FIXTURE
SYN_TRAJ_056	27	SYN_PROS_SPK_07	SYN_ITEM_08	SYN_LONG	112.27	270	149.999999999991	0.616438356164384	142.7292	142.7292		142.7292	0.469598047797833	observed	FALSE	SYNTHETIC_TEACHING_FIXTURE
SYN_TRAJ_056	28	SYN_PROS_SPK_07	SYN_ITEM_08	SYN_LONG	112.28	280	159.999999999997	0.639269406392694	140.7405	140.7405		140.7405	0.226682375363154	observed	FALSE	SYNTHETIC_TEACHING_FIXTURE
SYN_TRAJ_056	29	SYN_PROS_SPK_07	SYN_ITEM_08	SYN_LONG	112.29	290	170.000000000002	0.662100456621005	140.1138	140.1138		140.1138	0.149420522559235	observed	FALSE	SYNTHETIC_TEACHING_FIXTURE
SYN_TRAJ_056	30	SYN_PROS_SPK_07	SYN_ITEM_08	SYN_LONG	112.3	300	179.999999999993	0.684931506849315	141.0396	141.0396		141.0396	0.263435311326391	observed	FALSE	SYNTHETIC_TEACHING_FIXTURE
SYN_TRAJ_056	31	SYN_PROS_SPK_07	SYN_ITEM_08	SYN_LONG	112.31	310	189.999999999998	0.707762557077626	138.1162	138.1162		138.1162	-0.0991775841100548	observed	FALSE	SYNTHETIC_TEACHING_FIXTURE
SYN_TRAJ_056	32	SYN_PROS_SPK_07	SYN_ITEM_08	SYN_LONG	112.32	320	199.999999999989	0.730593607305936	135.2959	135.2959		135.2959	-0.456350699312922	observed	FALSE	SYNTHETIC_TEACHING_FIXTURE
SYN_TRAJ_056	33	SYN_PROS_SPK_07	SYN_ITEM_08	SYN_LONG	112.33	330	209.999999999994	0.753424657534247	138.0567	138.0567		138.0567	-0.106637289788144	observed	FALSE	SYNTHETIC_TEACHING_FIXTURE
SYN_TRAJ_056	34	SYN_PROS_SPK_07	SYN_ITEM_08	SYN_LONG	112.34	340	219.999999999999	0.776255707762557	137.0317	137.0317		137.0317	-0.23565204378	observed	FALSE	SYNTHETIC_TEACHING_FIXTURE
SYN_TRAJ_056	35	SYN_PROS_SPK_07	SYN_ITEM_08	SYN_LONG	112.35	350	229.99999999999	0.799086757990868	136.4406	136.4406		136.4406	-0.310492094494438	observed	FALSE	SYNTHETIC_TEACHING_FIXTURE
SYN_TRAJ_056	36	SYN_PROS_SPK_07	SYN_ITEM_08	SYN_LONG	112.36	360	239.999999999995	0.821917808219178	133.5952	133.5952		133.5952	-0.675350064446416	observed	FALSE	SYNTHETIC_TEACHING_FIXTURE
SYN_TRAJ_056	37	SYN_PROS_SPK_07	SYN_ITEM_08	SYN_LONG	112.37	370	250	0.844748858447489	129.6904	129.6904		129.6904	-1.18890784596088	observed	FALSE	SYNTHETIC_TEACHING_FIXTURE
SYN_TRAJ_056	38	SYN_PROS_SPK_07	SYN_ITEM_08	SYN_LONG	112.38	380	259.999999999991	0.867579908675799	130.8038	130.8038		130.8038	-1.04091470612864	observed	FALSE	SYNTHETIC_TEACHING_FIXTURE
SYN_TRAJ_056	39	SYN_PROS_SPK_07	SYN_ITEM_08	SYN_LONG	112.39	390	269.999999999996	0.89041095890411	131.1938	131.1938		131.1938	-0.989373640269236	observed	FALSE	SYNTHETIC_TEACHING_FIXTURE
SYN_TRAJ_056	40	SYN_PROS_SPK_07	SYN_ITEM_08	SYN_LONG	112.4	400	280.000000000001	0.91324200913242	128.487	128.487		128.487	-1.35029936533629	observed	FALSE	SYNTHETIC_TEACHING_FIXTURE
SYN_TRAJ_056	41	SYN_PROS_SPK_07	SYN_ITEM_08	SYN_LONG	112.41	410	289.999999999992	0.936073059360731	128.3301	128.3301		128.3301	-1.3714529922633	observed	FALSE	SYNTHETIC_TEACHING_FIXTURE
SYN_TRAJ_056	42	SYN_PROS_SPK_07	SYN_ITEM_08	SYN_LONG	112.42	420	299.999999999997	0.958904109589041	129.8885	129.8885		129.8885	-1.16248370041585	observed	FALSE	SYNTHETIC_TEACHING_FIXTURE
SYN_TRAJ_056	43	SYN_PROS_SPK_07	SYN_ITEM_08	SYN_LONG	112.43	430	310.000000000002	0.981735159817352	131.9883	131.9883		131.9883	-0.884847562671703	observed	FALSE	SYNTHETIC_TEACHING_FIXTURE
SYN_TRAJ_057	0	SYN_PROS_SPK_08	SYN_ITEM_01	SYN_SHORT	114	0	-120.000000000005	0	132.8464	132.8464		132.8464	-1.0504249071592	observed	TRUE	SYNTHETIC_TEACHING_FIXTURE
SYN_TRAJ_057	1	SYN_PROS_SPK_08	SYN_ITEM_01	SYN_SHORT	114.01	10	-109.999999999999	0.0326797385620915	134.0548	134.0548		134.0548	-0.89365996796386	observed	FALSE	SYNTHETIC_TEACHING_FIXTURE
SYN_TRAJ_057	2	SYN_PROS_SPK_08	SYN_ITEM_01	SYN_SHORT	114.02	20	-100.000000000009	0.065359477124183	134.3088	134.3088		134.3088	-0.860888490776179	observed	FALSE	SYNTHETIC_TEACHING_FIXTURE
SYN_TRAJ_057	3	SYN_PROS_SPK_08	SYN_ITEM_01	SYN_SHORT	114.03	30	-90.0000000000034	0.0980392156862745	135.1038	135.1038		135.1038	-0.758715462203975	observed	FALSE	SYNTHETIC_TEACHING_FIXTURE
SYN_TRAJ_057	4	SYN_PROS_SPK_08	SYN_ITEM_01	SYN_SHORT	114.04	40	-79.9999999999983	0.130718954248366	136.184	136.184		136.184	-0.62084793533073	observed	FALSE	SYNTHETIC_TEACHING_FIXTURE
SYN_TRAJ_057	5	SYN_PROS_SPK_08	SYN_ITEM_01	SYN_SHORT	114.05	50	-70.0000000000074	0.163398692810458	139.3857	139.3857		139.3857	-0.218543800667303	observed	FALSE	SYNTHETIC_TEACHING_FIXTURE
SYN_TRAJ_057	6	SYN_PROS_SPK_08	SYN_ITEM_01	SYN_SHORT	114.06	60	-60.0000000000023	0.196078431372549	136.6008	136.6008		136.6008	-0.567943307713104	observed	FALSE	SYNTHETIC_TEACHING_FIXTURE
SYN_TRAJ_057	7	SYN_PROS_SPK_08	SYN_ITEM_01	SYN_SHORT	114.07	70	-50.0000000000114	0.22875816993464	135.1091	135.1091		135.1091	-0.758036328050035	observed	FALSE	SYNTHETIC_TEACHING_FIXTURE
SYN_TRAJ_057	8	SYN_PROS_SPK_08	SYN_ITEM_01	SYN_SHORT	114.08	80	-40.0000000000063	0.261437908496732	140.1741	140.1741		140.1741	-0.12089681832069	observed	FALSE	SYNTHETIC_TEACHING_FIXTURE
SYN_TRAJ_057	9	SYN_PROS_SPK_08	SYN_ITEM_01	SYN_SHORT	114.09	90	-30.0000000000011	0.294117647058824	138.2659	138.2659		138.2659	-0.358189774220235	observed	FALSE	SYNTHETIC_TEACHING_FIXTURE
SYN_TRAJ_057	10	SYN_PROS_SPK_08	SYN_ITEM_01	SYN_SHORT	114.1	100	-20.0000000000102	0.326797385620915	140.8807	140.8807		140.8807	-0.0338467087740527	observed	FALSE	SYNTHETIC_TEACHING_FIXTURE
SYN_TRAJ_057	11	SYN_PROS_SPK_08	SYN_ITEM_01	SYN_SHORT	114.11	110	-10.0000000000051	0.359477124183007	141.0053	141.0053		141.0053	-0.018541814131351	observed	FALSE	SYNTHETIC_TEACHING_FIXTURE
SYN_TRAJ_057	12	SYN_PROS_SPK_08	SYN_ITEM_01	SYN_SHORT	114.12	120	0	0.392156862745098	144.8939	144.8939		144.8939	0.452427807570293	observed	FALSE	SYNTHETIC_TEACHING_FIXTURE
SYN_TRAJ_057	13	SYN_PROS_SPK_08	SYN_ITEM_01	SYN_SHORT	114.13	130	9.9999999999909	0.42483660130719	145.0957	145.0957		145.0957	0.476522677696371	observed	FALSE	SYNTHETIC_TEACHING_FIXTURE
SYN_TRAJ_057	14	SYN_PROS_SPK_08	SYN_ITEM_01	SYN_SHORT	114.14	140	19.999999999996	0.457516339869281	149.8442	149.8442		149.8442	1.03402441172962	observed	FALSE	SYNTHETIC_TEACHING_FIXTURE
SYN_TRAJ_057	15	SYN_PROS_SPK_08	SYN_ITEM_01	SYN_SHORT	114.15	150	30.0000000000011	0.490196078431373	152.8027	152.8027		152.8027	1.37250592861642	observed	FALSE	SYNTHETIC_TEACHING_FIXTURE
SYN_TRAJ_057	16	SYN_PROS_SPK_08	SYN_ITEM_01	SYN_SHORT	114.16	160	39.999999999992	0.522875816993464	152.9717	152.9717		152.9717	1.39164282065734	observed	FALSE	SYNTHETIC_TEACHING_FIXTURE
SYN_TRAJ_057	17	SYN_PROS_SPK_08	SYN_ITEM_01	SYN_SHORT	114.17	170	49.9999999999972	0.555555555555556	160.1205	160.1205		160.1205	2.18236180955082	observed	FALSE	SYNTHETIC_TEACHING_FIXTURE
SYN_TRAJ_057	18	SYN_PROS_SPK_08	SYN_ITEM_01	SYN_SHORT	114.18	180	60.0000000000023	0.588235294117647	159.5088	159.5088		159.5088	2.11609772420616	observed	FALSE	SYNTHETIC_TEACHING_FIXTURE
SYN_TRAJ_057	19	SYN_PROS_SPK_08	SYN_ITEM_01	SYN_SHORT	114.19	190	69.9999999999932	0.620915032679739	151.7831	151.7831		151.7831	1.25659948584718	observed	FALSE	SYNTHETIC_TEACHING_FIXTURE
SYN_TRAJ_057	20	SYN_PROS_SPK_08	SYN_ITEM_01	SYN_SHORT	114.2	200	79.9999999999983	0.65359477124183	146.1309	146.1309		146.1309	0.599600791844127	observed	FALSE	SYNTHETIC_TEACHING_FIXTURE
SYN_TRAJ_057	21	SYN_PROS_SPK_08	SYN_ITEM_01	SYN_SHORT	114.21	210	89.9999999999892	0.686274509803922	145.3622	145.3622		145.3622	0.508291412755297	observed	FALSE	SYNTHETIC_TEACHING_FIXTURE
SYN_TRAJ_057	22	SYN_PROS_SPK_08	SYN_ITEM_01	SYN_SHORT	114.22	220	99.9999999999943	0.718954248366013	139.498	139.498		139.498	-0.204601243664629	observed	FALSE	SYNTHETIC_TEACHING_FIXTURE
SYN_TRAJ_057	23	SYN_PROS_SPK_08	SYN_ITEM_01	SYN_SHORT	114.23	230	109.999999999999	0.751633986928105	135.6266	135.6266		135.6266	-0.691852613710221	observed	FALSE	SYNTHETIC_TEACHING_FIXTURE
SYN_TRAJ_057	24	SYN_PROS_SPK_08	SYN_ITEM_01	SYN_SHORT	114.24	240	119.99999999999	0.784313725490196	137.6452	137.6452		137.6452	-0.436082891751634	observed	FALSE	SYNTHETIC_TEACHING_FIXTURE
SYN_TRAJ_057	25	SYN_PROS_SPK_08	SYN_ITEM_01	SYN_SHORT	114.25	250	129.999999999995	0.816993464052288	135.2812	135.2812		135.2812	-0.735998154337552	observed	FALSE	SYNTHETIC_TEACHING_FIXTURE
SYN_TRAJ_057	26	SYN_PROS_SPK_08	SYN_ITEM_01	SYN_SHORT	114.26	260	140.000000000001	0.849673202614379	129.5538	129.5538		129.5538	-1.48491851133541	observed	FALSE	SYNTHETIC_TEACHING_FIXTURE
SYN_TRAJ_057	27	SYN_PROS_SPK_08	SYN_ITEM_01	SYN_SHORT	114.27	270	149.999999999991	0.88235294117647	126.0786	126.0786		126.0786	-1.95565346040804	observed	FALSE	SYNTHETIC_TEACHING_FIXTURE
SYN_TRAJ_057	28	SYN_PROS_SPK_08	SYN_ITEM_01	SYN_SHORT	114.28	280	159.999999999997	0.915032679738562	124.8619	124.8619		124.8619	-2.12353460942917	observed	FALSE	SYNTHETIC_TEACHING_FIXTURE
SYN_TRAJ_057	29	SYN_PROS_SPK_08	SYN_ITEM_01	SYN_SHORT	114.29	290	170.000000000002	0.947712418300654	126.1765	126.1765		126.1765	-1.94221564908822	observed	FALSE	SYNTHETIC_TEACHING_FIXTURE
SYN_TRAJ_057	30	SYN_PROS_SPK_08	SYN_ITEM_01	SYN_SHORT	114.3	300	179.999999999993	0.980392156862745	126.5786	126.5786		126.5786	-1.88713230569381	observed	FALSE	SYNTHETIC_TEACHING_FIXTURE
SYN_TRAJ_058	0	SYN_PROS_SPK_08	SYN_ITEM_02	SYN_LONG	116	0	-120.000000000005	0	138.0976	138.0976		138.0976	-0.379275534566765	observed	TRUE	SYNTHETIC_TEACHING_FIXTURE
SYN_TRAJ_058	1	SYN_PROS_SPK_08	SYN_ITEM_02	SYN_LONG	116.01	10	-109.999999999999	0.020746887966805	139.2513	139.2513		139.2513	-0.235244947624781	observed	FALSE	SYNTHETIC_TEACHING_FIXTURE
SYN_TRAJ_058	2	SYN_PROS_SPK_08	SYN_ITEM_02	SYN_LONG	116.02	20	-100.000000000009	0.04149377593361	137.404	137.404		137.404	-0.466446460136842	observed	FALSE	SYNTHETIC_TEACHING_FIXTURE
SYN_TRAJ_058	3	SYN_PROS_SPK_08	SYN_ITEM_02	SYN_LONG	116.03	30	-90.0000000000034	0.0622406639004149	137.0705	137.0705		137.0705	-0.508517169036548	observed	FALSE	SYNTHETIC_TEACHING_FIXTURE
SYN_TRAJ_058	4	SYN_PROS_SPK_08	SYN_ITEM_02	SYN_LONG	116.04	40	-79.9999999999983	0.0829875518672199	139.5074	139.5074		139.5074	-0.20343469992982	observed	FALSE	SYNTHETIC_TEACHING_FIXTURE
SYN_TRAJ_058	5	SYN_PROS_SPK_08	SYN_ITEM_02	SYN_LONG	116.05	50	-70.0000000000074	0.103734439834025	134.3404	134.3404		134.3404	-0.856815744890257	observed	FALSE	SYNTHETIC_TEACHING_FIXTURE
SYN_TRAJ_058	6	SYN_PROS_SPK_08	SYN_ITEM_02	SYN_LONG	116.06	60	-60.0000000000023	0.12448132780083	135.1294	135.1294		135.1294	-0.755435362513139	observed	FALSE	SYNTHETIC_TEACHING_FIXTURE
SYN_TRAJ_058	7	SYN_PROS_SPK_08	SYN_ITEM_02	SYN_LONG	116.07	70	-50.0000000000114	0.145228215767635	138.4155	138.4155		138.4155	-0.339468411744893	observed	FALSE	SYNTHETIC_TEACHING_FIXTURE
SYN_TRAJ_058	8	SYN_PROS_SPK_08	SYN_ITEM_02	SYN_LONG	116.08	80	-40.0000000000063	0.16597510373444	137.8866	137.8866		137.8866	-0.405747372847786	observed	FALSE	SYNTHETIC_TEACHING_FIXTURE
SYN_TRAJ_058	9	SYN_PROS_SPK_08	SYN_ITEM_02	SYN_LONG	116.09	90	-30.0000000000011	0.186721991701245	145.8622	145.8622		145.8622	0.567738208769895	observed	FALSE	SYNTHETIC_TEACHING_FIXTURE
SYN_TRAJ_058	10	SYN_PROS_SPK_08	SYN_ITEM_02	SYN_LONG	116.1	100	-20.0000000000102	0.20746887966805	143.4364	143.4364		143.4364	0.277399715206505	observed	FALSE	SYNTHETIC_TEACHING_FIXTURE
SYN_TRAJ_058	11	SYN_PROS_SPK_08	SYN_ITEM_02	SYN_LONG	116.11	110	-10.0000000000051	0.228215767634855	145.8644	145.8644		145.8644	0.567999324136681	observed	FALSE	SYNTHETIC_TEACHING_FIXTURE
SYN_TRAJ_058	12	SYN_PROS_SPK_08	SYN_ITEM_02	SYN_LONG	116.12	120	0	0.24896265560166	149.6425	149.6425		149.6425	1.01070518182778	observed	FALSE	SYNTHETIC_TEACHING_FIXTURE
SYN_TRAJ_058	13	SYN_PROS_SPK_08	SYN_ITEM_02	SYN_LONG	116.13	130	9.9999999999909	0.269709543568465	151.7543	151.7543		151.7543	1.25331425372997	observed	FALSE	SYNTHETIC_TEACHING_FIXTURE
SYN_TRAJ_058	14	SYN_PROS_SPK_08	SYN_ITEM_02	SYN_LONG	116.14	140	19.999999999996	0.29045643153527	151.3976	151.3976		151.3976	1.21257352472328	observed	FALSE	SYNTHETIC_TEACHING_FIXTURE
SYN_TRAJ_058	15	SYN_PROS_SPK_08	SYN_ITEM_02	SYN_LONG	116.15	150	30.0000000000011	0.311203319502075	152.595	152.595		152.595	1.34895779007905	observed	FALSE	SYNTHETIC_TEACHING_FIXTURE
SYN_TRAJ_058	16	SYN_PROS_SPK_08	SYN_ITEM_02	SYN_LONG	116.16	160	39.999999999992	0.33195020746888	148.9495	148.9495		148.9495	0.930344867407433	observed	FALSE	SYNTHETIC_TEACHING_FIXTURE
SYN_TRAJ_058	17	SYN_PROS_SPK_08	SYN_ITEM_02	SYN_LONG	116.17	170	49.9999999999972	0.352697095435685	146.2984	146.2984		146.2984	0.619433396506632	observed	FALSE	SYNTHETIC_TEACHING_FIXTURE
SYN_TRAJ_058	18	SYN_PROS_SPK_08	SYN_ITEM_02	SYN_LONG	116.18	180	60.0000000000023	0.37344398340249	148.7143	148.7143		148.7143	0.902986059713539	observed	FALSE	SYNTHETIC_TEACHING_FIXTURE
SYN_TRAJ_058	19	SYN_PROS_SPK_08	SYN_ITEM_02	SYN_LONG	116.19	190	69.9999999999932	0.394190871369295	152.9019	152.9019		152.9019	1.38374150856486	observed	FALSE	SYNTHETIC_TEACHING_FIXTURE
SYN_TRAJ_058	20	SYN_PROS_SPK_08	SYN_ITEM_02	SYN_LONG	116.2	200	79.9999999999983	0.4149377593361	153.0942	153.0942		153.0942	1.4055010245497	observed	FALSE	SYNTHETIC_TEACHING_FIXTURE
SYN_TRAJ_058	21	SYN_PROS_SPK_08	SYN_ITEM_02	SYN_LONG	116.21	210	89.9999999999892	0.435684647302905	152.1228	152.1228		152.1228	1.29530228506225	observed	FALSE	SYNTHETIC_TEACHING_FIXTURE
SYN_TRAJ_058	22	SYN_PROS_SPK_08	SYN_ITEM_02	SYN_LONG	116.22	220	99.9999999999943	0.45643153526971	151.458	151.458		151.458	1.21947889731338	observed	FALSE	SYNTHETIC_TEACHING_FIXTURE
SYN_TRAJ_058	23	SYN_PROS_SPK_08	SYN_ITEM_02	SYN_LONG	116.23	230	109.999999999999	0.477178423236515	154.349	154.349		154.349	1.54681913125287	observed	FALSE	SYNTHETIC_TEACHING_FIXTURE
SYN_TRAJ_058	24	SYN_PROS_SPK_08	SYN_ITEM_02	SYN_LONG	116.24	240	119.99999999999	0.49792531120332	156.3018	156.3018		156.3018	1.76447821232508	observed	FALSE	SYNTHETIC_TEACHING_FIXTURE
SYN_TRAJ_058	25	SYN_PROS_SPK_08	SYN_ITEM_02	SYN_LONG	116.25	250	129.999999999995	0.518672199170125	153.2711	153.2711		153.2711	1.42549384601584	observed	FALSE	SYNTHETIC_TEACHING_FIXTURE
SYN_TRAJ_058	26	SYN_PROS_SPK_08	SYN_ITEM_02	SYN_LONG	116.26	260	140.000000000001	0.539419087136929	152.0755	152.0755		152.0755	1.28991846988768	observed	FALSE	SYNTHETIC_TEACHING_FIXTURE
SYN_TRAJ_058	27	SYN_PROS_SPK_08	SYN_ITEM_02	SYN_LONG	116.27	270	149.999999999991	0.560165975103734	147.7075	147.7075		147.7075	0.78538248647732	observed	FALSE	SYNTHETIC_TEACHING_FIXTURE
SYN_TRAJ_058	28	SYN_PROS_SPK_08	SYN_ITEM_02	SYN_LONG	116.28	280	159.999999999997	0.58091286307054	147.737	147.737		147.737	0.788839745259742	observed	FALSE	SYNTHETIC_TEACHING_FIXTURE
SYN_TRAJ_058	29	SYN_PROS_SPK_08	SYN_ITEM_02	SYN_LONG	116.29	290	170.000000000002	0.601659751037344	143.0875	143.0875		143.0875	0.235237238828881	observed	FALSE	SYNTHETIC_TEACHING_FIXTURE
SYN_TRAJ_058	30	SYN_PROS_SPK_08	SYN_ITEM_02	SYN_LONG	116.3	300	179.999999999993	0.622406639004149	140.4254	140.4254		140.4254	-0.0898875518860602	observed	FALSE	SYNTHETIC_TEACHING_FIXTURE
SYN_TRAJ_058	31	SYN_PROS_SPK_08	SYN_ITEM_02	SYN_LONG	116.31	310	189.999999999998	0.643153526970954	139.554	139.554		139.554	-0.197652781869034	observed	FALSE	SYNTHETIC_TEACHING_FIXTURE
SYN_TRAJ_058	32	SYN_PROS_SPK_08	SYN_ITEM_02	SYN_LONG	116.32	320	199.999999999989	0.663900414937759	137.5281	137.5281		137.5281	-0.450817425907616	observed	FALSE	SYNTHETIC_TEACHING_FIXTURE
SYN_TRAJ_058	33	SYN_PROS_SPK_08	SYN_ITEM_02	SYN_LONG	116.33	330	209.999999999994	0.684647302904564	136.6962	136.6962		136.6962	-0.555856842439847	observed	FALSE	SYNTHETIC_TEACHING_FIXTURE
SYN_TRAJ_058	34	SYN_PROS_SPK_08	SYN_ITEM_02	SYN_LONG	116.34	340	219.999999999999	0.705394190871369	134.9448	134.9448		134.9448	-0.7791018849153	observed	FALSE	SYNTHETIC_TEACHING_FIXTURE
SYN_TRAJ_058	35	SYN_PROS_SPK_08	SYN_ITEM_02	SYN_LONG	116.35	350	229.99999999999	0.726141078838174	132.8213	132.8213		132.8213	-1.05369620997552	observed	FALSE	SYNTHETIC_TEACHING_FIXTURE
SYN_TRAJ_058	36	SYN_PROS_SPK_08	SYN_ITEM_02	SYN_LONG	116.36	360	239.999999999995	0.746887966804979	133.4884	133.4884		133.4884	-0.966961956601494	observed	FALSE	SYNTHETIC_TEACHING_FIXTURE
SYN_TRAJ_058	37	SYN_PROS_SPK_08	SYN_ITEM_02	SYN_LONG	116.37	370	250	0.767634854771784	131.044	131.044		131.044	-1.28691890418529	observed	FALSE	SYNTHETIC_TEACHING_FIXTURE
SYN_TRAJ_058	38	SYN_PROS_SPK_08	SYN_ITEM_02	SYN_LONG	116.38	380	259.999999999991	0.788381742738589	127.932	127.932		127.932	-1.70300840298959	observed	FALSE	SYNTHETIC_TEACHING_FIXTURE
SYN_TRAJ_058	39	SYN_PROS_SPK_08	SYN_ITEM_02	SYN_LONG	116.39	390	269.999999999996	0.809128630705394	125.9625	125.9625		125.9625	-1.97160294541767	observed	FALSE	SYNTHETIC_TEACHING_FIXTURE
SYN_TRAJ_058	40	SYN_PROS_SPK_08	SYN_ITEM_02	SYN_LONG	116.4	400	280.000000000001	0.829875518672199	128.6473	128.6473		128.6473	-1.60648035700365	observed	FALSE	SYNTHETIC_TEACHING_FIXTURE
SYN_TRAJ_058	41	SYN_PROS_SPK_08	SYN_ITEM_02	SYN_LONG	116.41	410	289.999999999992	0.850622406639004	131.1565	131.1565		131.1565	-1.27206280418002	observed	FALSE	SYNTHETIC_TEACHING_FIXTURE
SYN_TRAJ_058	42	SYN_PROS_SPK_08	SYN_ITEM_02	SYN_LONG	116.42	420	299.999999999997	0.871369294605809	133.781	133.781		133.781	-0.929055687860437	observed	FALSE	SYNTHETIC_TEACHING_FIXTURE
SYN_TRAJ_058	43	SYN_PROS_SPK_08	SYN_ITEM_02	SYN_LONG	116.43	430	310.000000000002	0.892116182572614	128.8009	128.8009		128.8009	-1.58582240860946	observed	FALSE	SYNTHETIC_TEACHING_FIXTURE
SYN_TRAJ_058	44	SYN_PROS_SPK_08	SYN_ITEM_02	SYN_LONG	116.44	440	319.999999999993	0.912863070539419	127.8611	127.8611		127.8611	-1.71260557329811	observed	FALSE	SYNTHETIC_TEACHING_FIXTURE
SYN_TRAJ_058	45	SYN_PROS_SPK_08	SYN_ITEM_02	SYN_LONG	116.45	450	329.999999999998	0.933609958506224	125.1407	125.1407		125.1407	-2.08492155076744	observed	FALSE	SYNTHETIC_TEACHING_FIXTURE
SYN_TRAJ_058	46	SYN_PROS_SPK_08	SYN_ITEM_02	SYN_LONG	116.46	460	339.999999999989	0.954356846473029	125.4062	125.4062		125.4062	-2.04823039138167	observed	FALSE	SYNTHETIC_TEACHING_FIXTURE
SYN_TRAJ_058	47	SYN_PROS_SPK_08	SYN_ITEM_02	SYN_LONG	116.47	470	349.999999999994	0.975103734439834	125.3009	125.3009		125.3009	-2.06277317505924	observed	FALSE	SYNTHETIC_TEACHING_FIXTURE
SYN_TRAJ_058	48	SYN_PROS_SPK_08	SYN_ITEM_02	SYN_LONG	116.48	480	359.999999999999	0.995850622406639	125.6042	125.6042		125.6042	-2.02091802402068	observed	FALSE	SYNTHETIC_TEACHING_FIXTURE
SYN_TRAJ_059	0	SYN_PROS_SPK_08	SYN_ITEM_03	SYN_SHORT	118	0	-120.000000000005	0	137.1711	137.1711		137.1711	-0.495815802566393	observed	TRUE	SYNTHETIC_TEACHING_FIXTURE
SYN_TRAJ_059	1	SYN_PROS_SPK_08	SYN_ITEM_03	SYN_SHORT	118.01	10	-109.999999999999	0.032258064516129	139.7981	139.7981		139.7981	-0.167397463299165	observed	FALSE	SYNTHETIC_TEACHING_FIXTURE
SYN_TRAJ_059	2	SYN_PROS_SPK_08	SYN_ITEM_03	SYN_SHORT	118.02	20	-100.000000000009	0.0645161290322581	136.3695	136.3695		136.3695	-0.597282362649529	observed	FALSE	SYNTHETIC_TEACHING_FIXTURE
SYN_TRAJ_059	3	SYN_PROS_SPK_08	SYN_ITEM_03	SYN_SHORT	118.03	30	-90.0000000000034	0.0967741935483871	135.8809	135.8809		135.8809	-0.659422353226316	observed	FALSE	SYNTHETIC_TEACHING_FIXTURE
SYN_TRAJ_059	4	SYN_PROS_SPK_08	SYN_ITEM_03	SYN_SHORT	118.04	40	-79.9999999999983	0.129032258064516	136.1483	136.1483		136.1483	-0.625386879547462	observed	FALSE	SYNTHETIC_TEACHING_FIXTURE
SYN_TRAJ_059	5	SYN_PROS_SPK_08	SYN_ITEM_03	SYN_SHORT	118.05	50	-70.0000000000074	0.161290322580645	134.2994	134.2994		134.2994	-0.862100188711526	observed	FALSE	SYNTHETIC_TEACHING_FIXTURE
SYN_TRAJ_059	6	SYN_PROS_SPK_08	SYN_ITEM_03	SYN_SHORT	118.06	60	-60.0000000000023	0.193548387096774	136.5295	136.5295		136.5295	-0.576981996610112	observed	FALSE	SYNTHETIC_TEACHING_FIXTURE
SYN_TRAJ_059	7	SYN_PROS_SPK_08	SYN_ITEM_03	SYN_SHORT	118.07	70	-50.0000000000114	0.225806451612903	137.4893	137.4893		137.4893	-0.455702344574542	observed	FALSE	SYNTHETIC_TEACHING_FIXTURE
SYN_TRAJ_059	8	SYN_PROS_SPK_08	SYN_ITEM_03	SYN_SHORT	118.08	80	-40.0000000000063	0.258064516129032	137.6393	137.6393		137.6393	-0.436824980818841	observed	FALSE	SYNTHETIC_TEACHING_FIXTURE
SYN_TRAJ_059	9	SYN_PROS_SPK_08	SYN_ITEM_03	SYN_SHORT	118.09	90	-30.0000000000011	0.290322580645161	138.5981	138.5981		138.5981	-0.316644739322616	observed	FALSE	SYNTHETIC_TEACHING_FIXTURE
SYN_TRAJ_059	10	SYN_PROS_SPK_08	SYN_ITEM_03	SYN_SHORT	118.1	100	-20.0000000000102	0.32258064516129	142.0061	142.0061		142.0061	0.103900338979401	observed	FALSE	SYNTHETIC_TEACHING_FIXTURE
SYN_TRAJ_059	11	SYN_PROS_SPK_08	SYN_ITEM_03	SYN_SHORT	118.11	110	-10.0000000000051	0.354838709677419	140.5911	140.5911		140.5911	-0.0694712763167393	observed	FALSE	SYNTHETIC_TEACHING_FIXTURE
SYN_TRAJ_059	12	SYN_PROS_SPK_08	SYN_ITEM_03	SYN_SHORT	118.12	120	0	0.387096774193548	142.2757	142.2757		142.2757	0.13673683006351	observed	FALSE	SYNTHETIC_TEACHING_FIXTURE
SYN_TRAJ_059	13	SYN_PROS_SPK_08	SYN_ITEM_03	SYN_SHORT	118.13	130	9.9999999999909	0.419354838709677	146.4781	146.4781		146.4781	0.640685293273212	observed	FALSE	SYNTHETIC_TEACHING_FIXTURE
SYN_TRAJ_059	14	SYN_PROS_SPK_08	SYN_ITEM_03	SYN_SHORT	118.14	140	19.999999999996	0.451612903225806	148.3424	148.3424		148.3424	0.859637683512529	observed	FALSE	SYNTHETIC_TEACHING_FIXTURE
SYN_TRAJ_059	15	SYN_PROS_SPK_08	SYN_ITEM_03	SYN_SHORT	118.15	150	30.0000000000011	0.483870967741935	152.5769	152.5769		152.5769	1.34690417135957	observed	FALSE	SYNTHETIC_TEACHING_FIXTURE
SYN_TRAJ_059	16	SYN_PROS_SPK_08	SYN_ITEM_03	SYN_SHORT	118.16	160	39.999999999992	0.516129032258065	153.164		quality_rejection			missing	FALSE	SYNTHETIC_TEACHING_FIXTURE
SYN_TRAJ_059	17	SYN_PROS_SPK_08	SYN_ITEM_03	SYN_SHORT	118.17	170	49.9999999999972	0.548387096774194	157.4574	157.4574		157.4574	1.89200423312917	observed	FALSE	SYNTHETIC_TEACHING_FIXTURE
SYN_TRAJ_059	18	SYN_PROS_SPK_08	SYN_ITEM_03	SYN_SHORT	118.18	180	60.0000000000023	0.580645161290323	156.2371	156.2371		156.2371	1.75731041052027	observed	FALSE	SYNTHETIC_TEACHING_FIXTURE
SYN_TRAJ_059	19	SYN_PROS_SPK_08	SYN_ITEM_03	SYN_SHORT	118.19	190	69.9999999999932	0.612903225806452	151.5764	151.5764		151.5764	1.23300727045122	observed	FALSE	SYNTHETIC_TEACHING_FIXTURE
SYN_TRAJ_059	20	SYN_PROS_SPK_08	SYN_ITEM_03	SYN_SHORT	118.2	200	79.9999999999983	0.645161290322581	148.8781	148.8781		148.8781	0.922044084439601	observed	FALSE	SYNTHETIC_TEACHING_FIXTURE
SYN_TRAJ_059	21	SYN_PROS_SPK_08	SYN_ITEM_03	SYN_SHORT	118.21	210	89.9999999999892	0.67741935483871	144.8624	144.8624		144.8624	0.448663687669505	observed	FALSE	SYNTHETIC_TEACHING_FIXTURE
SYN_TRAJ_059	22	SYN_PROS_SPK_08	SYN_ITEM_03	SYN_SHORT	118.22	220	99.9999999999943	0.709677419354839	146.2531	146.2531		146.2531	0.614071953953816	observed	FALSE	SYNTHETIC_TEACHING_FIXTURE
SYN_TRAJ_059	23	SYN_PROS_SPK_08	SYN_ITEM_03	SYN_SHORT	118.23	230	109.999999999999	0.741935483870968	143.2499	143.2499		143.2499	0.254875081437978	observed	FALSE	SYNTHETIC_TEACHING_FIXTURE
SYN_TRAJ_059	24	SYN_PROS_SPK_08	SYN_ITEM_03	SYN_SHORT	118.24	240	119.99999999999	0.774193548387097	143.1726	143.1726		143.1726	0.245530536561656	observed	FALSE	SYNTHETIC_TEACHING_FIXTURE
SYN_TRAJ_059	25	SYN_PROS_SPK_08	SYN_ITEM_03	SYN_SHORT	118.25	250	129.999999999995	0.806451612903226	138.7677	138.7677		138.7677	-0.295472891076334	observed	FALSE	SYNTHETIC_TEACHING_FIXTURE
SYN_TRAJ_059	26	SYN_PROS_SPK_08	SYN_ITEM_03	SYN_SHORT	118.26	260	140.000000000001	0.838709677419355	135.9146	135.9146		135.9146	-0.65512922933335	observed	FALSE	SYNTHETIC_TEACHING_FIXTURE
SYN_TRAJ_059	27	SYN_PROS_SPK_08	SYN_ITEM_03	SYN_SHORT	118.27	270	149.999999999991	0.870967741935484	130.4736	130.4736		130.4736	-1.36243944028062	observed	FALSE	SYNTHETIC_TEACHING_FIXTURE
SYN_TRAJ_059	28	SYN_PROS_SPK_08	SYN_ITEM_03	SYN_SHORT	118.28	280	159.999999999997	0.903225806451613	127.3814	127.3814		127.3814	-1.77767890169065	observed	FALSE	SYNTHETIC_TEACHING_FIXTURE
SYN_TRAJ_059	29	SYN_PROS_SPK_08	SYN_ITEM_03	SYN_SHORT	118.29	290	170.000000000002	0.935483870967742	125.7387	125.7387		125.7387	-2.00238947184548	observed	FALSE	SYNTHETIC_TEACHING_FIXTURE
SYN_TRAJ_059	30	SYN_PROS_SPK_08	SYN_ITEM_03	SYN_SHORT	118.3	300	179.999999999993	0.967741935483871	123.8717	123.8717		123.8717	-2.26137501470048	observed	FALSE	SYNTHETIC_TEACHING_FIXTURE
SYN_TRAJ_059	31	SYN_PROS_SPK_08	SYN_ITEM_03	SYN_SHORT	118.31	310	189.999999999998	1	125.5742	125.5742		125.5742	-2.0250534928125	observed	FALSE	SYNTHETIC_TEACHING_FIXTURE
SYN_TRAJ_060	0	SYN_PROS_SPK_08	SYN_ITEM_04	SYN_LONG	120	0	-120.000000000005	0			structural_unvoiced			missing	TRUE	SYNTHETIC_TEACHING_FIXTURE
SYN_TRAJ_060	1	SYN_PROS_SPK_08	SYN_ITEM_04	SYN_LONG	120.01	10	-109.999999999999	0.0226757369614512			structural_unvoiced			missing	FALSE	SYNTHETIC_TEACHING_FIXTURE
SYN_TRAJ_060	2	SYN_PROS_SPK_08	SYN_ITEM_04	SYN_LONG	120.02	20	-100.000000000009	0.0453514739229025			structural_unvoiced			missing	FALSE	SYNTHETIC_TEACHING_FIXTURE
SYN_TRAJ_060	3	SYN_PROS_SPK_08	SYN_ITEM_04	SYN_LONG	120.03	30	-90.0000000000034	0.0680272108843537	142.6957	142.6957		142.6957	0.187767833672027	observed	FALSE	SYNTHETIC_TEACHING_FIXTURE
SYN_TRAJ_060	4	SYN_PROS_SPK_08	SYN_ITEM_04	SYN_LONG	120.04	40	-79.9999999999983	0.090702947845805	137.7521	137.7521		137.7521	-0.422642750607168	observed	FALSE	SYNTHETIC_TEACHING_FIXTURE
SYN_TRAJ_060	5	SYN_PROS_SPK_08	SYN_ITEM_04	SYN_LONG	120.05	50	-70.0000000000074	0.113378684807256	137.2872	137.2872		137.2872	-0.481169039463542	observed	FALSE	SYNTHETIC_TEACHING_FIXTURE
SYN_TRAJ_060	6	SYN_PROS_SPK_08	SYN_ITEM_04	SYN_LONG	120.06	60	-60.0000000000023	0.136054421768707	138.1999	138.1999		138.1999	-0.366455639250123	observed	FALSE	SYNTHETIC_TEACHING_FIXTURE
SYN_TRAJ_060	7	SYN_PROS_SPK_08	SYN_ITEM_04	SYN_LONG	120.07	70	-50.0000000000114	0.158730158730159	145.3182		estimator_failure	143.2305	0.252530352751254	interpolated_estimator_failure	FALSE	SYNTHETIC_TEACHING_FIXTURE
SYN_TRAJ_060	8	SYN_PROS_SPK_08	SYN_ITEM_04	SYN_LONG	120.08	80	-40.0000000000063	0.18140589569161	148.2611	148.2611		148.2611	0.850146943739461	observed	FALSE	SYNTHETIC_TEACHING_FIXTURE
SYN_TRAJ_060	9	SYN_PROS_SPK_08	SYN_ITEM_04	SYN_LONG	120.09	90	-30.0000000000011	0.204081632653061	147.9	147.9		147.9	0.807930128303286	observed	FALSE	SYNTHETIC_TEACHING_FIXTURE
SYN_TRAJ_060	10	SYN_PROS_SPK_08	SYN_ITEM_04	SYN_LONG	120.1	100	-20.0000000000102	0.226757369614512	150.2797	150.2797		150.2797	1.08426719196422	observed	FALSE	SYNTHETIC_TEACHING_FIXTURE
SYN_TRAJ_060	11	SYN_PROS_SPK_08	SYN_ITEM_04	SYN_LONG	120.11	110	-10.0000000000051	0.249433106575964	149.6719	149.6719		149.6719	1.01410617297329	observed	FALSE	SYNTHETIC_TEACHING_FIXTURE
SYN_TRAJ_060	12	SYN_PROS_SPK_08	SYN_ITEM_04	SYN_LONG	120.12	120	0	0.272108843537415	152.8583	152.8583		152.8583	1.37880418807313	observed	FALSE	SYNTHETIC_TEACHING_FIXTURE
SYN_TRAJ_060	13	SYN_PROS_SPK_08	SYN_ITEM_04	SYN_LONG	120.13	130	9.9999999999909	0.294784580498866	153.3457	153.3457		153.3457	1.43391804603415	observed	FALSE	SYNTHETIC_TEACHING_FIXTURE
SYN_TRAJ_060	14	SYN_PROS_SPK_08	SYN_ITEM_04	SYN_LONG	120.14	140	19.999999999996	0.317460317460317	154.5289	154.5289		154.5289	1.56698561390794	observed	FALSE	SYNTHETIC_TEACHING_FIXTURE
SYN_TRAJ_060	15	SYN_PROS_SPK_08	SYN_ITEM_04	SYN_LONG	120.15	150	30.0000000000011	0.340136054421769	154.5451	154.5451		154.5451	1.56880045382464	observed	FALSE	SYNTHETIC_TEACHING_FIXTURE
SYN_TRAJ_060	16	SYN_PROS_SPK_08	SYN_ITEM_04	SYN_LONG	120.16	160	39.999999999992	0.36281179138322	155.6184	155.6184		155.6184	1.68861731955618	observed	FALSE	SYNTHETIC_TEACHING_FIXTURE
SYN_TRAJ_060	17	SYN_PROS_SPK_08	SYN_ITEM_04	SYN_LONG	120.17	170	49.9999999999972	0.385487528344671	158.6251	158.6251		158.6251	2.01991838185769	observed	FALSE	SYNTHETIC_TEACHING_FIXTURE
SYN_TRAJ_060	18	SYN_PROS_SPK_08	SYN_ITEM_04	SYN_LONG	120.18	180	60.0000000000023	0.408163265306122	158.084	158.084		158.084	1.96076178323584	observed	FALSE	SYNTHETIC_TEACHING_FIXTURE
SYN_TRAJ_060	19	SYN_PROS_SPK_08	SYN_ITEM_04	SYN_LONG	120.19	190	69.9999999999932	0.430839002267574	157.2051	157.2051		157.2051	1.86424176100847	observed	FALSE	SYNTHETIC_TEACHING_FIXTURE
SYN_TRAJ_060	20	SYN_PROS_SPK_08	SYN_ITEM_04	SYN_LONG	120.2	200	79.9999999999983	0.453514739229025	155.2847	155.2847		155.2847	1.65145377734508	observed	FALSE	SYNTHETIC_TEACHING_FIXTURE
SYN_TRAJ_060	21	SYN_PROS_SPK_08	SYN_ITEM_04	SYN_LONG	120.21	210	89.9999999999892	0.476190476190476	158.4129	158.4129		158.4129	1.99674337317917	observed	FALSE	SYNTHETIC_TEACHING_FIXTURE
SYN_TRAJ_060	22	SYN_PROS_SPK_08	SYN_ITEM_04	SYN_LONG	120.22	220	99.9999999999943	0.498866213151927	156.1035	156.1035		156.1035	1.74250011156707	observed	FALSE	SYNTHETIC_TEACHING_FIXTURE
SYN_TRAJ_060	23	SYN_PROS_SPK_08	SYN_ITEM_04	SYN_LONG	120.23	230	109.999999999999	0.521541950113379	152.6315	152.6315		152.6315	1.35309832460617	observed	FALSE	SYNTHETIC_TEACHING_FIXTURE
SYN_TRAJ_060	24	SYN_PROS_SPK_08	SYN_ITEM_04	SYN_LONG	120.24	240	119.99999999999	0.54421768707483	150.6747	150.6747		150.6747	1.12971180696561	observed	FALSE	SYNTHETIC_TEACHING_FIXTURE
SYN_TRAJ_060	25	SYN_PROS_SPK_08	SYN_ITEM_04	SYN_LONG	120.25	250	129.999999999995	0.566893424036281	147.4839	147.4839		147.4839	0.759155163634766	observed	FALSE	SYNTHETIC_TEACHING_FIXTURE
SYN_TRAJ_060	26	SYN_PROS_SPK_08	SYN_ITEM_04	SYN_LONG	120.26	260	140.000000000001	0.589569160997732	143.4234	143.4234		143.4234	0.275830583341163	observed	FALSE	SYNTHETIC_TEACHING_FIXTURE
SYN_TRAJ_060	27	SYN_PROS_SPK_08	SYN_ITEM_04	SYN_LONG	120.27	270	149.999999999991	0.612244897959184	139.8211	139.8211		139.8211	-0.164549419730032	observed	FALSE	SYNTHETIC_TEACHING_FIXTURE
SYN_TRAJ_060	28	SYN_PROS_SPK_08	SYN_ITEM_04	SYN_LONG	120.28	280	159.999999999997	0.634920634920635	139.9894	139.9894		139.9894	-0.143723416017201	observed	FALSE	SYNTHETIC_TEACHING_FIXTURE
SYN_TRAJ_060	29	SYN_PROS_SPK_08	SYN_ITEM_04	SYN_LONG	120.29	290	170.000000000002	0.657596371882086	138.9207	138.9207		138.9207	-0.276395476513042	observed	FALSE	SYNTHETIC_TEACHING_FIXTURE
SYN_TRAJ_060	30	SYN_PROS_SPK_08	SYN_ITEM_04	SYN_LONG	120.3	300	179.999999999993	0.680272108843537	140.484	140.484		140.484	-0.0826645599358482	observed	FALSE	SYNTHETIC_TEACHING_FIXTURE
SYN_TRAJ_060	31	SYN_PROS_SPK_08	SYN_ITEM_04	SYN_LONG	120.31	310	189.999999999998	0.702947845804989	138.8439	138.8439		138.8439	-0.285968962720897	observed	FALSE	SYNTHETIC_TEACHING_FIXTURE
SYN_TRAJ_060	32	SYN_PROS_SPK_08	SYN_ITEM_04	SYN_LONG	120.32	320	199.999999999989	0.72562358276644	136.3255	136.3255		136.3255	-0.602869138998194	observed	FALSE	SYNTHETIC_TEACHING_FIXTURE
SYN_TRAJ_060	33	SYN_PROS_SPK_08	SYN_ITEM_04	SYN_LONG	120.33	330	209.999999999994	0.748299319727891	135.9138	135.9138		135.9138	-0.655231130918265	observed	FALSE	SYNTHETIC_TEACHING_FIXTURE
SYN_TRAJ_060	34	SYN_PROS_SPK_08	SYN_ITEM_04	SYN_LONG	120.34	340	219.999999999999	0.770975056689342	135.2113	135.2113		135.2113	-0.744945778595048	observed	FALSE	SYNTHETIC_TEACHING_FIXTURE
SYN_TRAJ_060	35	SYN_PROS_SPK_08	SYN_ITEM_04	SYN_LONG	120.35	350	229.99999999999	0.793650793650794	134.6071	134.6071		134.6071	-0.822480398978406	observed	FALSE	SYNTHETIC_TEACHING_FIXTURE
SYN_TRAJ_060	36	SYN_PROS_SPK_08	SYN_ITEM_04	SYN_LONG	120.36	360	239.999999999995	0.816326530612245	130.9716	130.9716		130.9716	-1.29648637637721	observed	FALSE	SYNTHETIC_TEACHING_FIXTURE
SYN_TRAJ_060	37	SYN_PROS_SPK_08	SYN_ITEM_04	SYN_LONG	120.37	370	250	0.839002267573696	128.7371	128.7371		128.7371	-1.59439999596278	observed	FALSE	SYNTHETIC_TEACHING_FIXTURE
SYN_TRAJ_060	38	SYN_PROS_SPK_08	SYN_ITEM_04	SYN_LONG	120.38	380	259.999999999991	0.861678004535147	128.5013	128.5013		128.5013	-1.6261390444959	observed	FALSE	SYNTHETIC_TEACHING_FIXTURE
SYN_TRAJ_060	39	SYN_PROS_SPK_08	SYN_ITEM_04	SYN_LONG	120.39	390	269.999999999996	0.884353741496599	129.6758	129.6758		129.6758	-1.46862326036255	observed	FALSE	SYNTHETIC_TEACHING_FIXTURE
SYN_TRAJ_060	40	SYN_PROS_SPK_08	SYN_ITEM_04	SYN_LONG	120.4	400	280.000000000001	0.90702947845805	126.6266	126.6266		126.6266	-1.88056851985129	observed	FALSE	SYNTHETIC_TEACHING_FIXTURE
SYN_TRAJ_060	41	SYN_PROS_SPK_08	SYN_ITEM_04	SYN_LONG	120.41	410	289.999999999992	0.929705215419501	128.0524	128.0524		128.0524	-1.68672298912233	observed	FALSE	SYNTHETIC_TEACHING_FIXTURE
SYN_TRAJ_060	42	SYN_PROS_SPK_08	SYN_ITEM_04	SYN_LONG	120.42	420	299.999999999997	0.952380952380952			structural_unvoiced			missing	FALSE	SYNTHETIC_TEACHING_FIXTURE
SYN_TRAJ_060	43	SYN_PROS_SPK_08	SYN_ITEM_04	SYN_LONG	120.43	430	310.000000000002	0.975056689342404			structural_unvoiced			missing	FALSE	SYNTHETIC_TEACHING_FIXTURE
SYN_TRAJ_060	44	SYN_PROS_SPK_08	SYN_ITEM_04	SYN_LONG	120.44	440	319.999999999993	0.997732426303855			structural_unvoiced			missing	FALSE	SYNTHETIC_TEACHING_FIXTURE
SYN_TRAJ_061	0	SYN_PROS_SPK_08	SYN_ITEM_05	SYN_SHORT	122	0	-120.000000000005	0	136.3604	136.3604		136.3604	-0.598437661709318	observed	TRUE	SYNTHETIC_TEACHING_FIXTURE
SYN_TRAJ_061	1	SYN_PROS_SPK_08	SYN_ITEM_05	SYN_SHORT	122.01	10	-109.999999999999	0.0325732899022801	135.6516	135.6516		135.6516	-0.688661730598405	observed	FALSE	SYNTHETIC_TEACHING_FIXTURE
SYN_TRAJ_061	2	SYN_PROS_SPK_08	SYN_ITEM_05	SYN_SHORT	122.02	20	-100.000000000009	0.0651465798045603	139.5465	139.5465		139.5465	-0.198583217706384	observed	FALSE	SYNTHETIC_TEACHING_FIXTURE
SYN_TRAJ_061	3	SYN_PROS_SPK_08	SYN_ITEM_05	SYN_SHORT	122.03	30	-90.0000000000034	0.0977198697068404	135.5947	135.5947		135.5947	-0.695925034749418	observed	FALSE	SYNTHETIC_TEACHING_FIXTURE
SYN_TRAJ_061	4	SYN_PROS_SPK_08	SYN_ITEM_05	SYN_SHORT	122.04	40	-79.9999999999983	0.130293159609121	136.4864	136.4864		136.4864	-0.582448065665772	observed	FALSE	SYNTHETIC_TEACHING_FIXTURE
SYN_TRAJ_061	5	SYN_PROS_SPK_08	SYN_ITEM_05	SYN_SHORT	122.05	50	-70.0000000000074	0.162866449511401	136.4684	136.4684		136.4684	-0.58473138971271	observed	FALSE	SYNTHETIC_TEACHING_FIXTURE
SYN_TRAJ_061	6	SYN_PROS_SPK_08	SYN_ITEM_05	SYN_SHORT	122.06	60	-60.0000000000023	0.195439739413681	136.5071	136.5071		136.5071	-0.57982261525143	observed	FALSE	SYNTHETIC_TEACHING_FIXTURE
SYN_TRAJ_061	7	SYN_PROS_SPK_08	SYN_ITEM_05	SYN_SHORT	122.07	70	-50.0000000000114	0.228013029315961	136.399	136.399		136.399	-0.593537692378099	observed	FALSE	SYNTHETIC_TEACHING_FIXTURE
SYN_TRAJ_061	8	SYN_PROS_SPK_08	SYN_ITEM_05	SYN_SHORT	122.08	80	-40.0000000000063	0.260586319218241	135.4385	135.4385		135.4385	-0.715879696274492	observed	FALSE	SYNTHETIC_TEACHING_FIXTURE
SYN_TRAJ_061	9	SYN_PROS_SPK_08	SYN_ITEM_05	SYN_SHORT	122.09	90	-30.0000000000011	0.293159609120521	136.6293	136.6293		136.6293	-0.564331687282019	observed	FALSE	SYNTHETIC_TEACHING_FIXTURE
SYN_TRAJ_061	10	SYN_PROS_SPK_08	SYN_ITEM_05	SYN_SHORT	122.1	100	-20.0000000000102	0.325732899022801	142.1172	142.1172		142.1172	0.117439539224814	observed	FALSE	SYNTHETIC_TEACHING_FIXTURE
SYN_TRAJ_061	11	SYN_PROS_SPK_08	SYN_ITEM_05	SYN_SHORT	122.11	110	-10.0000000000051	0.358306188925081	141.6066	141.6066		141.6066	0.0551275964299914	observed	FALSE	SYNTHETIC_TEACHING_FIXTURE
SYN_TRAJ_061	12	SYN_PROS_SPK_08	SYN_ITEM_05	SYN_SHORT	122.12	120	0	0.390879478827362	142.5074	142.5074		142.5074	0.164907533850154	observed	FALSE	SYNTHETIC_TEACHING_FIXTURE
SYN_TRAJ_061	13	SYN_PROS_SPK_08	SYN_ITEM_05	SYN_SHORT	122.13	130	9.9999999999909	0.423452768729642	146.6808	146.6808		146.6808	0.664625975112905	observed	FALSE	SYNTHETIC_TEACHING_FIXTURE
SYN_TRAJ_061	14	SYN_PROS_SPK_08	SYN_ITEM_05	SYN_SHORT	122.14	140	19.999999999996	0.456026058631922	152.4731	152.4731		152.4731	1.33512235846144	observed	FALSE	SYNTHETIC_TEACHING_FIXTURE
SYN_TRAJ_061	15	SYN_PROS_SPK_08	SYN_ITEM_05	SYN_SHORT	122.15	150	30.0000000000011	0.488599348534202	151.9623	151.9623		151.9623	1.2770269344661	observed	FALSE	SYNTHETIC_TEACHING_FIXTURE
SYN_TRAJ_061	16	SYN_PROS_SPK_08	SYN_ITEM_05	SYN_SHORT	122.16	160	39.999999999992	0.521172638436482	154.8514	154.8514		154.8514	1.60307861550183	observed	FALSE	SYNTHETIC_TEACHING_FIXTURE
SYN_TRAJ_061	17	SYN_PROS_SPK_08	SYN_ITEM_05	SYN_SHORT	122.17	170	49.9999999999972	0.553745928338762	159.3865	159.3865		159.3865	2.10281876182689	observed	FALSE	SYNTHETIC_TEACHING_FIXTURE
SYN_TRAJ_061	18	SYN_PROS_SPK_08	SYN_ITEM_05	SYN_SHORT	122.18	180	60.0000000000023	0.586319218241042	156.1697	156.1697		156.1697	1.74984033133394	observed	FALSE	SYNTHETIC_TEACHING_FIXTURE
SYN_TRAJ_061	19	SYN_PROS_SPK_08	SYN_ITEM_05	SYN_SHORT	122.19	190	69.9999999999932	0.618892508143323	156.1964	156.1964		156.1964	1.75279993221397	observed	FALSE	SYNTHETIC_TEACHING_FIXTURE
SYN_TRAJ_061	20	SYN_PROS_SPK_08	SYN_ITEM_05	SYN_SHORT	122.2	200	79.9999999999983	0.651465798045603	154.9124	154.9124		154.9124	1.60989705447747	observed	FALSE	SYNTHETIC_TEACHING_FIXTURE
SYN_TRAJ_061	21	SYN_PROS_SPK_08	SYN_ITEM_05	SYN_SHORT	122.21	210	89.9999999999892	0.684039087947883	153.6163	153.6163		153.6163	1.46444117626069	observed	FALSE	SYNTHETIC_TEACHING_FIXTURE
SYN_TRAJ_061	22	SYN_PROS_SPK_08	SYN_ITEM_05	SYN_SHORT	122.22	220	99.9999999999943	0.716612377850163	147.6106	147.6106		147.6106	0.77402140936251	observed	FALSE	SYNTHETIC_TEACHING_FIXTURE
SYN_TRAJ_061	23	SYN_PROS_SPK_08	SYN_ITEM_05	SYN_SHORT	122.23	230	109.999999999999	0.749185667752443	144.5359	144.5359		144.5359	0.409600005758157	observed	FALSE	SYNTHETIC_TEACHING_FIXTURE
SYN_TRAJ_061	24	SYN_PROS_SPK_08	SYN_ITEM_05	SYN_SHORT	122.24	240	119.99999999999	0.781758957654723	143.688	143.688		143.688	0.307740473305276	observed	FALSE	SYNTHETIC_TEACHING_FIXTURE
SYN_TRAJ_061	25	SYN_PROS_SPK_08	SYN_ITEM_05	SYN_SHORT	122.25	250	129.999999999995	0.814332247557003	137.6634	137.6634		137.6634	-0.433793936031477	observed	FALSE	SYNTHETIC_TEACHING_FIXTURE
SYN_TRAJ_061	26	SYN_PROS_SPK_08	SYN_ITEM_05	SYN_SHORT	122.26	260	140.000000000001	0.846905537459283	137.4931	137.4931		137.4931	-0.455223863814544	observed	FALSE	SYNTHETIC_TEACHING_FIXTURE
SYN_TRAJ_061	27	SYN_PROS_SPK_08	SYN_ITEM_05	SYN_SHORT	122.27	270	149.999999999991	0.879478827361563	131.4602	131.4602		131.4602	-1.23202148044976	observed	FALSE	SYNTHETIC_TEACHING_FIXTURE
SYN_TRAJ_061	28	SYN_PROS_SPK_08	SYN_ITEM_05	SYN_SHORT	122.28	280	159.999999999997	0.912052117263844	128.7993	128.7993		128.7993	-1.58603746857281	observed	FALSE	SYNTHETIC_TEACHING_FIXTURE
SYN_TRAJ_061	29	SYN_PROS_SPK_08	SYN_ITEM_05	SYN_SHORT	122.29	290	170.000000000002	0.944625407166124	129.1353		estimator_failure	127.51845	-1.75906251966551	interpolated_estimator_failure	FALSE	SYNTHETIC_TEACHING_FIXTURE
SYN_TRAJ_061	30	SYN_PROS_SPK_08	SYN_ITEM_05	SYN_SHORT	122.3	300	179.999999999993	0.977198697068404	126.2376	126.2376		126.2376	-1.93383431044953	observed	FALSE	SYNTHETIC_TEACHING_FIXTURE
SYN_TRAJ_062	0	SYN_PROS_SPK_08	SYN_ITEM_06	SYN_LONG	124	0	-120.000000000005	0	140.4932	140.4932		140.4932	-0.0815308484989711	observed	TRUE	SYNTHETIC_TEACHING_FIXTURE
SYN_TRAJ_062	1	SYN_PROS_SPK_08	SYN_ITEM_06	SYN_LONG	124.01	10	-109.999999999999	0.0196463654223969	140.1162	140.1162		140.1162	-0.128049292228403	observed	FALSE	SYNTHETIC_TEACHING_FIXTURE
SYN_TRAJ_062	2	SYN_PROS_SPK_08	SYN_ITEM_06	SYN_LONG	124.02	20	-100.000000000009	0.0392927308447937	141.5244	141.5244		141.5244	0.0450751865680167	observed	FALSE	SYNTHETIC_TEACHING_FIXTURE
SYN_TRAJ_062	3	SYN_PROS_SPK_08	SYN_ITEM_06	SYN_LONG	124.03	30	-90.0000000000034	0.0589390962671906	144.0581	144.0581		144.0581	0.352274878802608	observed	FALSE	SYNTHETIC_TEACHING_FIXTURE
SYN_TRAJ_062	4	SYN_PROS_SPK_08	SYN_ITEM_06	SYN_LONG	124.04	40	-79.9999999999983	0.0785854616895874	143.5825	143.5825		143.5825	0.295024569626497	observed	FALSE	SYNTHETIC_TEACHING_FIXTURE
SYN_TRAJ_062	5	SYN_PROS_SPK_08	SYN_ITEM_06	SYN_LONG	124.05	50	-70.0000000000074	0.0982318271119843	143.3537	143.3537		143.3537	0.267415196227204	observed	FALSE	SYNTHETIC_TEACHING_FIXTURE
SYN_TRAJ_062	6	SYN_PROS_SPK_08	SYN_ITEM_06	SYN_LONG	124.06	60	-60.0000000000023	0.117878192534381	141.978	141.978		141.978	0.100474254424839	observed	FALSE	SYNTHETIC_TEACHING_FIXTURE
SYN_TRAJ_062	7	SYN_PROS_SPK_08	SYN_ITEM_06	SYN_LONG	124.07	70	-50.0000000000114	0.137524557956778	142.4292	142.4292		142.4292	0.155404893190016	observed	FALSE	SYNTHETIC_TEACHING_FIXTURE
SYN_TRAJ_062	8	SYN_PROS_SPK_08	SYN_ITEM_06	SYN_LONG	124.08	80	-40.0000000000063	0.157170923379175	145.3888	145.3888		145.3888	0.511459128486881	observed	FALSE	SYNTHETIC_TEACHING_FIXTURE
SYN_TRAJ_062	9	SYN_PROS_SPK_08	SYN_ITEM_06	SYN_LONG	124.09	90	-30.0000000000011	0.176817288801572	144.976	144.976		144.976	0.462234573931961	observed	FALSE	SYNTHETIC_TEACHING_FIXTURE
SYN_TRAJ_062	10	SYN_PROS_SPK_08	SYN_ITEM_06	SYN_LONG	124.1	100	-20.0000000000102	0.196463654223969	145.3973	145.3973		145.3973	0.51247124628902	observed	FALSE	SYNTHETIC_TEACHING_FIXTURE
SYN_TRAJ_062	11	SYN_PROS_SPK_08	SYN_ITEM_06	SYN_LONG	124.11	110	-10.0000000000051	0.216110019646365	145.2456	145.2456		145.2456	0.494399018886077	observed	FALSE	SYNTHETIC_TEACHING_FIXTURE
SYN_TRAJ_062	12	SYN_PROS_SPK_08	SYN_ITEM_06	SYN_LONG	124.12	120	0	0.235756385068762	149.3955	149.3955		149.3955	0.982105812693035	observed	FALSE	SYNTHETIC_TEACHING_FIXTURE
SYN_TRAJ_062	13	SYN_PROS_SPK_08	SYN_ITEM_06	SYN_LONG	124.13	130	9.9999999999909	0.255402750491159	149.1766	149.1766		149.1766	0.956720507017033	observed	FALSE	SYNTHETIC_TEACHING_FIXTURE
SYN_TRAJ_062	14	SYN_PROS_SPK_08	SYN_ITEM_06	SYN_LONG	124.14	140	19.999999999996	0.275049115913556	149.2895	149.2895		149.2895	0.969817896198717	observed	FALSE	SYNTHETIC_TEACHING_FIXTURE
SYN_TRAJ_062	15	SYN_PROS_SPK_08	SYN_ITEM_06	SYN_LONG	124.15	150	30.0000000000011	0.294695481335953	153.6417	153.6417		153.6417	1.46730348382934	observed	FALSE	SYNTHETIC_TEACHING_FIXTURE
SYN_TRAJ_062	16	SYN_PROS_SPK_08	SYN_ITEM_06	SYN_LONG	124.16	160	39.999999999992	0.31434184675835	154.966	154.966		154.966	1.61588612283173	observed	FALSE	SYNTHETIC_TEACHING_FIXTURE
SYN_TRAJ_062	17	SYN_PROS_SPK_08	SYN_ITEM_06	SYN_LONG	124.17	170	49.9999999999972	0.333988212180747	153.7886	153.7886		153.7886	1.48384826169695	observed	FALSE	SYNTHETIC_TEACHING_FIXTURE
SYN_TRAJ_062	18	SYN_PROS_SPK_08	SYN_ITEM_06	SYN_LONG	124.18	180	60.0000000000023	0.353634577603143	154.9933	154.9933		154.9933	1.61893572900014	observed	FALSE	SYNTHETIC_TEACHING_FIXTURE
SYN_TRAJ_062	19	SYN_PROS_SPK_08	SYN_ITEM_06	SYN_LONG	124.19	190	69.9999999999932	0.37328094302554	153.6681	153.6681		153.6681	1.47027797920879	observed	FALSE	SYNTHETIC_TEACHING_FIXTURE
SYN_TRAJ_062	20	SYN_PROS_SPK_08	SYN_ITEM_06	SYN_LONG	124.2	200	79.9999999999983	0.392927308447937	152.7047	152.7047		152.7047	1.36139909829887	observed	FALSE	SYNTHETIC_TEACHING_FIXTURE
SYN_TRAJ_062	21	SYN_PROS_SPK_08	SYN_ITEM_06	SYN_LONG	124.21	210	89.9999999999892	0.412573673870334	154.3758	154.3758		154.3758	1.54982485496743	observed	FALSE	SYNTHETIC_TEACHING_FIXTURE
SYN_TRAJ_062	22	SYN_PROS_SPK_08	SYN_ITEM_06	SYN_LONG	124.22	220	99.9999999999943	0.432220039292731	159.8728	159.8728		159.8728	2.15555957590378	observed	FALSE	SYNTHETIC_TEACHING_FIXTURE
SYN_TRAJ_062	23	SYN_PROS_SPK_08	SYN_ITEM_06	SYN_LONG	124.23	230	109.999999999999	0.451866404715128	157.9117	157.9117		157.9117	1.94188230758375	observed	FALSE	SYNTHETIC_TEACHING_FIXTURE
SYN_TRAJ_062	24	SYN_PROS_SPK_08	SYN_ITEM_06	SYN_LONG	124.24	240	119.99999999999	0.471512770137525	158.0759	158.0759		158.0759	1.95987470073104	observed	FALSE	SYNTHETIC_TEACHING_FIXTURE
SYN_TRAJ_062	25	SYN_PROS_SPK_08	SYN_ITEM_06	SYN_LONG	124.25	250	129.999999999995	0.491159135559921	156.1076	156.1076		156.1076	1.74295480773909	observed	FALSE	SYNTHETIC_TEACHING_FIXTURE
SYN_TRAJ_062	26	SYN_PROS_SPK_08	SYN_ITEM_06	SYN_LONG	124.26	260	140.000000000001	0.510805500982318	154.1096	154.1096		154.1096	1.51994631820348	observed	FALSE	SYNTHETIC_TEACHING_FIXTURE
SYN_TRAJ_062	27	SYN_PROS_SPK_08	SYN_ITEM_06	SYN_LONG	124.27	270	149.999999999991	0.530451866404715	154.1716	154.1716		154.1716	1.52690986398502	observed	FALSE	SYNTHETIC_TEACHING_FIXTURE
SYN_TRAJ_062	28	SYN_PROS_SPK_08	SYN_ITEM_06	SYN_LONG	124.28	280	159.999999999997	0.550098231827112	151.8883	151.8883		151.8883	1.2685944138679	observed	FALSE	SYNTHETIC_TEACHING_FIXTURE
SYN_TRAJ_062	29	SYN_PROS_SPK_08	SYN_ITEM_06	SYN_LONG	124.29	290	170.000000000002	0.569744597249509	151.8056	151.8056		151.8056	1.25916563973732	observed	FALSE	SYNTHETIC_TEACHING_FIXTURE
SYN_TRAJ_062	30	SYN_PROS_SPK_08	SYN_ITEM_06	SYN_LONG	124.3	300	179.999999999993	0.589390962671906	149.2586	149.2586		149.2586	0.96623421019923	observed	FALSE	SYNTHETIC_TEACHING_FIXTURE
SYN_TRAJ_062	31	SYN_PROS_SPK_08	SYN_ITEM_06	SYN_LONG	124.31	310	189.999999999998	0.609037328094303	146.8295	146.8295		146.8295	0.682167746227684	observed	FALSE	SYNTHETIC_TEACHING_FIXTURE
SYN_TRAJ_062	32	SYN_PROS_SPK_08	SYN_ITEM_06	SYN_LONG	124.32	320	199.999999999989	0.628683693516699	144.1025	144.1025		144.1025	0.35760987549451	observed	FALSE	SYNTHETIC_TEACHING_FIXTURE
SYN_TRAJ_062	33	SYN_PROS_SPK_08	SYN_ITEM_06	SYN_LONG	124.33	330	209.999999999994	0.648330058939096	144.5814	144.5814		144.5814	0.415049084722499	observed	FALSE	SYNTHETIC_TEACHING_FIXTURE
SYN_TRAJ_062	34	SYN_PROS_SPK_08	SYN_ITEM_06	SYN_LONG	124.34	340	219.999999999999	0.667976424361493	141.5719	141.5719		141.5719	0.0508847727831925	observed	FALSE	SYNTHETIC_TEACHING_FIXTURE
SYN_TRAJ_062	35	SYN_PROS_SPK_08	SYN_ITEM_06	SYN_LONG	124.35	350	229.99999999999	0.68762278978389	141.3075	141.3075		141.3075	0.0185219767740797	observed	FALSE	SYNTHETIC_TEACHING_FIXTURE
SYN_TRAJ_062	36	SYN_PROS_SPK_08	SYN_ITEM_06	SYN_LONG	124.36	360	239.999999999995	0.707269155206287	139.2288	139.2288		139.2288	-0.2380424736375	observed	FALSE	SYNTHETIC_TEACHING_FIXTURE
SYN_TRAJ_062	37	SYN_PROS_SPK_08	SYN_ITEM_06	SYN_LONG	124.37	370	250	0.726915520628684	143.2892	143.2892		143.2892	0.259623996930138	observed	FALSE	SYNTHETIC_TEACHING_FIXTURE
SYN_TRAJ_062	38	SYN_PROS_SPK_08	SYN_ITEM_06	SYN_LONG	124.38	380	259.999999999991	0.74656188605108	138.0029	138.0029		138.0029	-0.391151490667946	observed	FALSE	SYNTHETIC_TEACHING_FIXTURE
SYN_TRAJ_062	39	SYN_PROS_SPK_08	SYN_ITEM_06	SYN_LONG	124.39	390	269.999999999996	0.766208251473477	133.7653	133.7653		133.7653	-0.931087513723965	observed	FALSE	SYNTHETIC_TEACHING_FIXTURE
SYN_TRAJ_062	40	SYN_PROS_SPK_08	SYN_ITEM_06	SYN_LONG	124.4	400	280.000000000001	0.785854616895874	136.049	136.049		136.049	-0.638018272195268	observed	FALSE	SYNTHETIC_TEACHING_FIXTURE
SYN_TRAJ_062	41	SYN_PROS_SPK_08	SYN_ITEM_06	SYN_LONG	124.41	410	289.999999999992	0.805500982318271	131.7774	131.7774		131.7774	-1.19029889171973	observed	FALSE	SYNTHETIC_TEACHING_FIXTURE
SYN_TRAJ_062	42	SYN_PROS_SPK_08	SYN_ITEM_06	SYN_LONG	124.42	420	299.999999999997	0.825147347740668	132.3072	132.3072		132.3072	-1.12083561898774	observed	FALSE	SYNTHETIC_TEACHING_FIXTURE
SYN_TRAJ_062	43	SYN_PROS_SPK_08	SYN_ITEM_06	SYN_LONG	124.43	430	310.000000000002	0.844793713163065	127.0539	127.0539		127.0539	-1.82224657482341	observed	FALSE	SYNTHETIC_TEACHING_FIXTURE
SYN_TRAJ_062	44	SYN_PROS_SPK_08	SYN_ITEM_06	SYN_LONG	124.44	440	319.999999999993	0.864440078585462	132.4146	132.4146		132.4146	-1.10678807571239	observed	FALSE	SYNTHETIC_TEACHING_FIXTURE
SYN_TRAJ_062	45	SYN_PROS_SPK_08	SYN_ITEM_06	SYN_LONG	124.45	450	329.999999999998	0.884086444007859	128.2421	128.2421		128.2421	-1.661095036975	observed	FALSE	SYNTHETIC_TEACHING_FIXTURE
SYN_TRAJ_062	46	SYN_PROS_SPK_08	SYN_ITEM_06	SYN_LONG	124.46	460	339.999999999989	0.903732809430255	131.5826	131.5826		131.5826	-1.21590980106526	observed	FALSE	SYNTHETIC_TEACHING_FIXTURE
SYN_TRAJ_062	47	SYN_PROS_SPK_08	SYN_ITEM_06	SYN_LONG	124.47	470	349.999999999994	0.923379174852652	133.6923		quality_rejection			missing	FALSE	SYNTHETIC_TEACHING_FIXTURE
SYN_TRAJ_062	48	SYN_PROS_SPK_08	SYN_ITEM_06	SYN_LONG	124.48	480	359.999999999999	0.943025540275049	135.5348	135.5348		135.5348	-0.703574583856119	observed	FALSE	SYNTHETIC_TEACHING_FIXTURE
SYN_TRAJ_062	49	SYN_PROS_SPK_08	SYN_ITEM_06	SYN_LONG	124.49	490	369.99999999999	0.962671905697446	134.5907	134.5907		134.5907	-0.82458979500169	observed	FALSE	SYNTHETIC_TEACHING_FIXTURE
SYN_TRAJ_062	50	SYN_PROS_SPK_08	SYN_ITEM_06	SYN_LONG	124.5	500	379.999999999995	0.982318271119843	130.975	130.975		130.975	-1.29603695685681	observed	FALSE	SYNTHETIC_TEACHING_FIXTURE
SYN_TRAJ_063	0	SYN_PROS_SPK_08	SYN_ITEM_07	SYN_SHORT	126	0	-120.000000000005	0	139.5102	139.5102		139.5102	-0.203087234010999	observed	TRUE	SYNTHETIC_TEACHING_FIXTURE
SYN_TRAJ_063	1	SYN_PROS_SPK_08	SYN_ITEM_07	SYN_SHORT	126.01	10	-109.999999999999	0.0309597523219814	139.4043	139.4043		139.4043	-0.21623374985053	observed	FALSE	SYNTHETIC_TEACHING_FIXTURE
SYN_TRAJ_063	2	SYN_PROS_SPK_08	SYN_ITEM_07	SYN_SHORT	126.02	20	-100.000000000009	0.0619195046439628	141.8403	141.8403		141.8403	0.0836754118370705	observed	FALSE	SYNTHETIC_TEACHING_FIXTURE
SYN_TRAJ_063	3	SYN_PROS_SPK_08	SYN_ITEM_07	SYN_SHORT	126.03	30	-90.0000000000034	0.0928792569659443	143.0045	143.0045		143.0045	0.225192048463268	observed	FALSE	SYNTHETIC_TEACHING_FIXTURE
SYN_TRAJ_063	4	SYN_PROS_SPK_08	SYN_ITEM_07	SYN_SHORT	126.04	40	-79.9999999999983	0.123839009287926	139.6037	139.6037		139.6037	-0.191488357019016	observed	FALSE	SYNTHETIC_TEACHING_FIXTURE
SYN_TRAJ_063	5	SYN_PROS_SPK_08	SYN_ITEM_07	SYN_SHORT	126.05	50	-70.0000000000074	0.154798761609907	139.7221	139.7221		139.7221	-0.176811723232533	observed	FALSE	SYNTHETIC_TEACHING_FIXTURE
SYN_TRAJ_063	6	SYN_PROS_SPK_08	SYN_ITEM_07	SYN_SHORT	126.06	60	-60.0000000000023	0.185758513931889	140.3386	140.3386		140.3386	-0.100591995493252	observed	FALSE	SYNTHETIC_TEACHING_FIXTURE
SYN_TRAJ_063	7	SYN_PROS_SPK_08	SYN_ITEM_07	SYN_SHORT	126.07	70	-50.0000000000114	0.21671826625387	139.5347	139.5347		139.5347	-0.200047204660089	observed	FALSE	SYNTHETIC_TEACHING_FIXTURE
SYN_TRAJ_063	8	SYN_PROS_SPK_08	SYN_ITEM_07	SYN_SHORT	126.08	80	-40.0000000000063	0.247678018575851	137.2871	137.2871		137.2871	-0.481181649777391	observed	FALSE	SYNTHETIC_TEACHING_FIXTURE
SYN_TRAJ_063	9	SYN_PROS_SPK_08	SYN_ITEM_07	SYN_SHORT	126.09	90	-30.0000000000011	0.278637770897833	141.5234	141.5234		141.5234	0.0449528585337389	observed	FALSE	SYNTHETIC_TEACHING_FIXTURE
SYN_TRAJ_063	10	SYN_PROS_SPK_08	SYN_ITEM_07	SYN_SHORT	126.1	100	-20.0000000000102	0.309597523219814	143.35	143.35		143.35	0.266968354000756	observed	FALSE	SYNTHETIC_TEACHING_FIXTURE
SYN_TRAJ_063	11	SYN_PROS_SPK_08	SYN_ITEM_07	SYN_SHORT	126.11	110	-10.0000000000051	0.340557275541796	143.8421	143.8421		143.8421	0.326297361262704	observed	FALSE	SYNTHETIC_TEACHING_FIXTURE
SYN_TRAJ_063	12	SYN_PROS_SPK_08	SYN_ITEM_07	SYN_SHORT	126.12	120	0	0.371517027863777	142.2387	142.2387		142.2387	0.13223402386624	observed	FALSE	SYNTHETIC_TEACHING_FIXTURE
SYN_TRAJ_063	13	SYN_PROS_SPK_08	SYN_ITEM_07	SYN_SHORT	126.13	130	9.9999999999909	0.402476780185758	144.7337	144.7337		144.7337	0.433276060779267	observed	FALSE	SYNTHETIC_TEACHING_FIXTURE
SYN_TRAJ_063	14	SYN_PROS_SPK_08	SYN_ITEM_07	SYN_SHORT	126.14	140	19.999999999996	0.43343653250774	146.4655	146.4655		146.4655	0.639196027146101	observed	FALSE	SYNTHETIC_TEACHING_FIXTURE
SYN_TRAJ_063	15	SYN_PROS_SPK_08	SYN_ITEM_07	SYN_SHORT	126.15	150	30.0000000000011	0.464396284829721	148.3798	148.3798		148.3798	0.864001910643359	observed	FALSE	SYNTHETIC_TEACHING_FIXTURE
SYN_TRAJ_063	16	SYN_PROS_SPK_08	SYN_ITEM_07	SYN_SHORT	126.16	160	39.999999999992	0.495356037151703	150.3513	150.3513		150.3513	1.0925136043606	observed	FALSE	SYNTHETIC_TEACHING_FIXTURE
SYN_TRAJ_063	17	SYN_PROS_SPK_08	SYN_ITEM_07	SYN_SHORT	126.17	170	49.9999999999972	0.526315789473684	154.2831	154.2831		154.2831	1.53942597120456	observed	FALSE	SYNTHETIC_TEACHING_FIXTURE
SYN_TRAJ_063	18	SYN_PROS_SPK_08	SYN_ITEM_07	SYN_SHORT	126.18	180	60.0000000000023	0.557275541795666	158.739	158.739		158.739	2.03234496486786	observed	FALSE	SYNTHETIC_TEACHING_FIXTURE
SYN_TRAJ_063	19	SYN_PROS_SPK_08	SYN_ITEM_07	SYN_SHORT	126.19	190	69.9999999999932	0.588235294117647	154.5676	154.5676		154.5676	1.57132074924911	observed	FALSE	SYNTHETIC_TEACHING_FIXTURE
SYN_TRAJ_063	20	SYN_PROS_SPK_08	SYN_ITEM_07	SYN_SHORT	126.2	200	79.9999999999983	0.619195046439629	154.8924	154.8924		154.8924	1.60766179659706	observed	FALSE	SYNTHETIC_TEACHING_FIXTURE
SYN_TRAJ_063	21	SYN_PROS_SPK_08	SYN_ITEM_07	SYN_SHORT	126.21	210	89.9999999999892	0.65015479876161	154.9487	154.9487		154.9487	1.61395331041077	observed	FALSE	SYNTHETIC_TEACHING_FIXTURE
SYN_TRAJ_063	22	SYN_PROS_SPK_08	SYN_ITEM_07	SYN_SHORT	126.22	220	99.9999999999943	0.681114551083591	151.5607	151.5607		151.5607	1.23121399773108	observed	FALSE	SYNTHETIC_TEACHING_FIXTURE
SYN_TRAJ_063	23	SYN_PROS_SPK_08	SYN_ITEM_07	SYN_SHORT	126.23	230	109.999999999999	0.712074303405573	150.2402	150.2402		150.2402	1.07971616254274	observed	FALSE	SYNTHETIC_TEACHING_FIXTURE
SYN_TRAJ_063	24	SYN_PROS_SPK_08	SYN_ITEM_07	SYN_SHORT	126.24	240	119.99999999999	0.743034055727554	142.3808	142.3808		142.3808	0.149520849176009	observed	FALSE	SYNTHETIC_TEACHING_FIXTURE
SYN_TRAJ_063	25	SYN_PROS_SPK_08	SYN_ITEM_07	SYN_SHORT	126.25	250	129.999999999995	0.773993808049536	140.3055	140.3055		140.3055	-0.104675733386895	observed	FALSE	SYNTHETIC_TEACHING_FIXTURE
SYN_TRAJ_063	26	SYN_PROS_SPK_08	SYN_ITEM_07	SYN_SHORT	126.26	260	140.000000000001	0.804953560371517	137.2737	137.2737		137.2737	-0.482871514920264	observed	FALSE	SYNTHETIC_TEACHING_FIXTURE
SYN_TRAJ_063	27	SYN_PROS_SPK_08	SYN_ITEM_07	SYN_SHORT	126.27	270	149.999999999991	0.835913312693498	136.871	136.871		136.871	-0.533732863179095	observed	FALSE	SYNTHETIC_TEACHING_FIXTURE
SYN_TRAJ_063	28	SYN_PROS_SPK_08	SYN_ITEM_07	SYN_SHORT	126.28	280	159.999999999997	0.86687306501548	136.8769	136.8769		136.8769	-0.532986608622179	observed	FALSE	SYNTHETIC_TEACHING_FIXTURE
SYN_TRAJ_063	29	SYN_PROS_SPK_08	SYN_ITEM_07	SYN_SHORT	126.29	290	170.000000000002	0.897832817337461	133.98	133.98		133.98	-0.903322617010318	observed	FALSE	SYNTHETIC_TEACHING_FIXTURE
SYN_TRAJ_063	30	SYN_PROS_SPK_08	SYN_ITEM_07	SYN_SHORT	126.3	300	179.999999999993	0.928792569659443	137.6107	137.6107		137.6107	-0.440422677020944	observed	FALSE	SYNTHETIC_TEACHING_FIXTURE
SYN_TRAJ_063	31	SYN_PROS_SPK_08	SYN_ITEM_07	SYN_SHORT	126.31	310	189.999999999998	0.959752321981424	137.486	137.486		137.486	-0.4561178780688	observed	FALSE	SYNTHETIC_TEACHING_FIXTURE
SYN_TRAJ_063	32	SYN_PROS_SPK_08	SYN_ITEM_07	SYN_SHORT	126.32	320	199.999999999989	0.990712074303406	136.0079	136.0079		136.0079	-0.643249069132082	observed	FALSE	SYNTHETIC_TEACHING_FIXTURE
SYN_TRAJ_064	0	SYN_PROS_SPK_08	SYN_ITEM_08	SYN_LONG	128	0	-120.000000000005	0	137.9192	137.9192		137.9192	-0.401654766364354	observed	TRUE	SYNTHETIC_TEACHING_FIXTURE
SYN_TRAJ_064	1	SYN_PROS_SPK_08	SYN_ITEM_08	SYN_LONG	128.01	10	-110.000000000014	0.0223214285714286	139.2364	139.2364		139.2364	-0.237097480957899	observed	FALSE	SYNTHETIC_TEACHING_FIXTURE
SYN_TRAJ_064	2	SYN_PROS_SPK_08	SYN_ITEM_08	SYN_LONG	128.02	20	-99.9999999999943	0.0446428571428571	137.225	137.225		137.225	-0.489014429190832	observed	FALSE	SYNTHETIC_TEACHING_FIXTURE
SYN_TRAJ_064	3	SYN_PROS_SPK_08	SYN_ITEM_08	SYN_LONG	128.03	30	-90.0000000000034	0.0669642857142857	139.7904	139.7904		139.7904	-0.168351043448649	observed	FALSE	SYNTHETIC_TEACHING_FIXTURE
SYN_TRAJ_064	4	SYN_PROS_SPK_08	SYN_ITEM_08	SYN_LONG	128.04	40	-80.0000000000125	0.0892857142857143	136.7569	136.7569		136.7569	-0.548170997334832	observed	FALSE	SYNTHETIC_TEACHING_FIXTURE
SYN_TRAJ_064	5	SYN_PROS_SPK_08	SYN_ITEM_08	SYN_LONG	128.05	50	-69.9999999999932	0.111607142857143	139.5026	139.5026		139.5026	-0.204030372015862	observed	FALSE	SYNTHETIC_TEACHING_FIXTURE
SYN_TRAJ_064	6	SYN_PROS_SPK_08	SYN_ITEM_08	SYN_LONG	128.06	60	-60.0000000000023	0.133928571428571	143.6708	143.6708		143.6708	0.305667996271026	observed	FALSE	SYNTHETIC_TEACHING_FIXTURE
SYN_TRAJ_064	7	SYN_PROS_SPK_08	SYN_ITEM_08	SYN_LONG	128.07	70	-50.0000000000114	0.15625	146.362	146.362		146.362	0.626957918939732	observed	FALSE	SYNTHETIC_TEACHING_FIXTURE
SYN_TRAJ_064	8	SYN_PROS_SPK_08	SYN_ITEM_08	SYN_LONG	128.08	80	-39.999999999992	0.178571428571429	151.6968	151.6968		151.6968	1.24675333112908	observed	FALSE	SYNTHETIC_TEACHING_FIXTURE
SYN_TRAJ_064	9	SYN_PROS_SPK_08	SYN_ITEM_08	SYN_LONG	128.09	90	-30.0000000000011	0.200892857142857	148.9275	148.9275		148.9275	0.927787627395701	observed	FALSE	SYNTHETIC_TEACHING_FIXTURE
SYN_TRAJ_064	10	SYN_PROS_SPK_08	SYN_ITEM_08	SYN_LONG	128.1	100	-20.0000000000102	0.223214285714286	150.8371	150.8371		150.8371	1.14836132162851	observed	FALSE	SYNTHETIC_TEACHING_FIXTURE
SYN_TRAJ_064	11	SYN_PROS_SPK_08	SYN_ITEM_08	SYN_LONG	128.11	110	-9.9999999999909	0.245535714285714	150.4047	150.4047		150.4047	1.09866130543334	observed	FALSE	SYNTHETIC_TEACHING_FIXTURE
SYN_TRAJ_064	12	SYN_PROS_SPK_08	SYN_ITEM_08	SYN_LONG	128.12	120	0	0.267857142857143	154.249	154.249		154.249	1.53559913559727	observed	FALSE	SYNTHETIC_TEACHING_FIXTURE
SYN_TRAJ_064	13	SYN_PROS_SPK_08	SYN_ITEM_08	SYN_LONG	128.13	130	9.9999999999909	0.290178571428571	157.381	157.381		157.381	1.88360206338463	observed	FALSE	SYNTHETIC_TEACHING_FIXTURE
SYN_TRAJ_064	14	SYN_PROS_SPK_08	SYN_ITEM_08	SYN_LONG	128.14	140	19.9999999999818	0.3125	156.7044	156.7044		156.7044	1.8090137654563	observed	FALSE	SYNTHETIC_TEACHING_FIXTURE
SYN_TRAJ_064	15	SYN_PROS_SPK_08	SYN_ITEM_08	SYN_LONG	128.15	150	30.0000000000011	0.334821428571429	156.0196	156.0196		156.0196	1.73319285169332	observed	FALSE	SYNTHETIC_TEACHING_FIXTURE
SYN_TRAJ_064	16	SYN_PROS_SPK_08	SYN_ITEM_08	SYN_LONG	128.16	160	39.999999999992	0.357142857142857	159.3662	159.3662		159.3662	2.1006136635646	observed	FALSE	SYNTHETIC_TEACHING_FIXTURE
SYN_TRAJ_064	17	SYN_PROS_SPK_08	SYN_ITEM_08	SYN_LONG	128.17	170	49.999999999983	0.379464285714286	157.3303	157.3303		157.3303	1.87802402617739	observed	FALSE	SYNTHETIC_TEACHING_FIXTURE
SYN_TRAJ_064	18	SYN_PROS_SPK_08	SYN_ITEM_08	SYN_LONG	128.18	180	60.0000000000023	0.401785714285714	157.9782	157.9782		157.9782	1.94917137038466	observed	FALSE	SYNTHETIC_TEACHING_FIXTURE
SYN_TRAJ_064	19	SYN_PROS_SPK_08	SYN_ITEM_08	SYN_LONG	128.19	190	69.9999999999932	0.424107142857143	159.8182	159.8182		159.8182	2.14964602938553	observed	FALSE	SYNTHETIC_TEACHING_FIXTURE
SYN_TRAJ_064	20	SYN_PROS_SPK_08	SYN_ITEM_08	SYN_LONG	128.2	200	79.9999999999841	0.446428571428571	162.2727	162.2727		162.2727	2.4135091954755	observed	FALSE	SYNTHETIC_TEACHING_FIXTURE
SYN_TRAJ_064	21	SYN_PROS_SPK_08	SYN_ITEM_08	SYN_LONG	128.21	210	90.0000000000034	0.46875	157.8419	157.8419		157.8419	1.93422822930289	observed	FALSE	SYNTHETIC_TEACHING_FIXTURE
SYN_TRAJ_064	22	SYN_PROS_SPK_08	SYN_ITEM_08	SYN_LONG	128.22	220	99.9999999999943	0.491071428571429	157.4154		quality_rejection			missing	FALSE	SYNTHETIC_TEACHING_FIXTURE
SYN_TRAJ_064	23	SYN_PROS_SPK_08	SYN_ITEM_08	SYN_LONG	128.23	230	109.999999999985	0.513392857142857	155.3341	155.3341		155.3341	1.65696039592354	observed	FALSE	SYNTHETIC_TEACHING_FIXTURE
SYN_TRAJ_064	24	SYN_PROS_SPK_08	SYN_ITEM_08	SYN_LONG	128.24	240	120.000000000005	0.535714285714286	150.9846	150.9846		150.9846	1.16528237419471	observed	FALSE	SYNTHETIC_TEACHING_FIXTURE
SYN_TRAJ_064	25	SYN_PROS_SPK_08	SYN_ITEM_08	SYN_LONG	128.25	250	129.999999999995	0.558035714285714	148.77	148.77		148.77	0.909469073281643	observed	FALSE	SYNTHETIC_TEACHING_FIXTURE
SYN_TRAJ_064	26	SYN_PROS_SPK_08	SYN_ITEM_08	SYN_LONG	128.26	260	139.999999999986	0.580357142857143	147.7736	147.7736		147.7736	0.793128130618497	observed	FALSE	SYNTHETIC_TEACHING_FIXTURE
SYN_TRAJ_064	27	SYN_PROS_SPK_08	SYN_ITEM_08	SYN_LONG	128.27	270	150.000000000006	0.602678571428571	143.8236	143.8236		143.8236	0.324070621686048	observed	FALSE	SYNTHETIC_TEACHING_FIXTURE
SYN_TRAJ_064	28	SYN_PROS_SPK_08	SYN_ITEM_08	SYN_LONG	128.28	280	159.999999999997	0.625	140.709	140.709		140.709	-0.0549591942849996	observed	FALSE	SYNTHETIC_TEACHING_FIXTURE
SYN_TRAJ_064	29	SYN_PROS_SPK_08	SYN_ITEM_08	SYN_LONG	128.29	290	169.999999999987	0.647321428571429	139.8073	139.8073		139.8073	-0.166258189647287	observed	FALSE	SYNTHETIC_TEACHING_FIXTURE
SYN_TRAJ_064	30	SYN_PROS_SPK_08	SYN_ITEM_08	SYN_LONG	128.3	300	180.000000000007	0.669642857142857	140.0217	140.0217		140.0217	-0.139729370064528	observed	FALSE	SYNTHETIC_TEACHING_FIXTURE
SYN_TRAJ_064	31	SYN_PROS_SPK_08	SYN_ITEM_08	SYN_LONG	128.31	310	189.999999999998	0.691964285714286	137.4565	137.4565		137.4565	-0.4598329388283	observed	FALSE	SYNTHETIC_TEACHING_FIXTURE
SYN_TRAJ_064	32	SYN_PROS_SPK_08	SYN_ITEM_08	SYN_LONG	128.32	320	199.999999999989	0.714285714285714	133.2289	133.2289		133.2289	-1.0006497134504	observed	FALSE	SYNTHETIC_TEACHING_FIXTURE
SYN_TRAJ_064	33	SYN_PROS_SPK_08	SYN_ITEM_08	SYN_LONG	128.33	330	210.000000000008	0.736607142857143	136.8641	136.8641		136.8641	-0.534605642368982	observed	FALSE	SYNTHETIC_TEACHING_FIXTURE
SYN_TRAJ_064	34	SYN_PROS_SPK_08	SYN_ITEM_08	SYN_LONG	128.34	340	219.999999999999	0.758928571428571	134.9528	134.9528		134.9528	-0.778075579205533	observed	FALSE	SYNTHETIC_TEACHING_FIXTURE
SYN_TRAJ_064	35	SYN_PROS_SPK_08	SYN_ITEM_08	SYN_LONG	128.35	350	229.99999999999	0.78125	132.0301	132.0301		132.0301	-1.15713205772105	observed	FALSE	SYNTHETIC_TEACHING_FIXTURE
SYN_TRAJ_064	36	SYN_PROS_SPK_08	SYN_ITEM_08	SYN_LONG	128.36	360	240.000000000009	0.803571428571429	130.7491	130.7491		130.7491	-1.3259223108461	observed	FALSE	SYNTHETIC_TEACHING_FIXTURE
SYN_TRAJ_064	37	SYN_PROS_SPK_08	SYN_ITEM_08	SYN_LONG	128.37	370	250	0.825892857142857	131.4243	131.4243		131.4243	-1.23674989180515	observed	FALSE	SYNTHETIC_TEACHING_FIXTURE
SYN_TRAJ_064	38	SYN_PROS_SPK_08	SYN_ITEM_08	SYN_LONG	128.38	380	259.999999999991	0.848214285714286	132.3791	132.3791		132.3791	-1.1114300901644	observed	FALSE	SYNTHETIC_TEACHING_FIXTURE
SYN_TRAJ_064	39	SYN_PROS_SPK_08	SYN_ITEM_08	SYN_LONG	128.39	390	269.999999999982	0.870535714285714	126.4667	126.4667		126.4667	-1.90244380151835	observed	FALSE	SYNTHETIC_TEACHING_FIXTURE
SYN_TRAJ_064	40	SYN_PROS_SPK_08	SYN_ITEM_08	SYN_LONG	128.4	400	280.000000000001	0.892857142857143	128.6449	128.6449		128.6449	-1.60680333311547	observed	FALSE	SYNTHETIC_TEACHING_FIXTURE
SYN_TRAJ_064	41	SYN_PROS_SPK_08	SYN_ITEM_08	SYN_LONG	128.41	410	289.999999999992	0.915178571428571	132.185	132.185		132.185	-1.13683282539677	observed	FALSE	SYNTHETIC_TEACHING_FIXTURE
SYN_TRAJ_064	42	SYN_PROS_SPK_08	SYN_ITEM_08	SYN_LONG	128.42	420	299.999999999983	0.9375	135.8355	135.8355		135.8355	-0.665207651909728	observed	FALSE	SYNTHETIC_TEACHING_FIXTURE
SYN_TRAJ_064	43	SYN_PROS_SPK_08	SYN_ITEM_08	SYN_LONG	128.43	430	310.000000000002	0.959821428571429	133.8847	133.8847		133.8847	-0.915641269810572	observed	FALSE	SYNTHETIC_TEACHING_FIXTURE
SYN_TRAJ_064	44	SYN_PROS_SPK_08	SYN_ITEM_08	SYN_LONG	128.44	440	319.999999999993	0.982142857142857	132.7791	132.7791		132.7791	-1.05919756294678	observed	FALSE	SYNTHETIC_TEACHING_FIXTURE
SYN_TRAJ_065	0	SYN_PROS_SPK_09	SYN_ITEM_01	SYN_SHORT	130	0	-120.000000000005	0			structural_unvoiced			missing	TRUE	SYNTHETIC_TEACHING_FIXTURE
SYN_TRAJ_065	1	SYN_PROS_SPK_09	SYN_ITEM_01	SYN_SHORT	130.01	10	-110.000000000014	0.029585798816568			structural_unvoiced			missing	FALSE	SYNTHETIC_TEACHING_FIXTURE
SYN_TRAJ_065	2	SYN_PROS_SPK_09	SYN_ITEM_01	SYN_SHORT	130.02	20	-99.9999999999943	0.0591715976331361			structural_unvoiced			missing	FALSE	SYNTHETIC_TEACHING_FIXTURE
SYN_TRAJ_065	3	SYN_PROS_SPK_09	SYN_ITEM_01	SYN_SHORT	130.03	30	-90.0000000000034	0.0887573964497041	116.3617	116.3617		116.3617	-1.23404855793502	observed	FALSE	SYNTHETIC_TEACHING_FIXTURE
SYN_TRAJ_065	4	SYN_PROS_SPK_09	SYN_ITEM_01	SYN_SHORT	130.04	40	-80.0000000000125	0.118343195266272	114.2509	114.2509		114.2509	-1.55097754491386	observed	FALSE	SYNTHETIC_TEACHING_FIXTURE
SYN_TRAJ_065	5	SYN_PROS_SPK_09	SYN_ITEM_01	SYN_SHORT	130.05	50	-69.9999999999932	0.14792899408284	112.361	112.361		112.361	-1.83974747162432	observed	FALSE	SYNTHETIC_TEACHING_FIXTURE
SYN_TRAJ_065	6	SYN_PROS_SPK_09	SYN_ITEM_01	SYN_SHORT	130.06	60	-60.0000000000023	0.177514792899408	116.1972	116.1972		116.1972	-1.25854025002408	observed	FALSE	SYNTHETIC_TEACHING_FIXTURE
SYN_TRAJ_065	7	SYN_PROS_SPK_09	SYN_ITEM_01	SYN_SHORT	130.07	70	-50.0000000000114	0.207100591715976	114.5895	114.5895		114.5895	-1.49974565781666	observed	FALSE	SYNTHETIC_TEACHING_FIXTURE
SYN_TRAJ_065	8	SYN_PROS_SPK_09	SYN_ITEM_01	SYN_SHORT	130.08	80	-39.999999999992	0.236686390532544	119.1766	119.1766		119.1766	-0.820231972588304	observed	FALSE	SYNTHETIC_TEACHING_FIXTURE
SYN_TRAJ_065	9	SYN_PROS_SPK_09	SYN_ITEM_01	SYN_SHORT	130.09	90	-30.0000000000011	0.266272189349112	124.0458	124.0458		124.0458	-0.126969241610681	observed	FALSE	SYNTHETIC_TEACHING_FIXTURE
SYN_TRAJ_065	10	SYN_PROS_SPK_09	SYN_ITEM_01	SYN_SHORT	130.1	100	-20.0000000000102	0.29585798816568	120.7889	120.7889		120.7889	-0.58758930846501	observed	FALSE	SYNTHETIC_TEACHING_FIXTURE
SYN_TRAJ_065	11	SYN_PROS_SPK_09	SYN_ITEM_01	SYN_SHORT	130.11	110	-9.9999999999909	0.325443786982249	127.5967	127.5967		127.5967	0.361648305423797	observed	FALSE	SYNTHETIC_TEACHING_FIXTURE
SYN_TRAJ_065	12	SYN_PROS_SPK_09	SYN_ITEM_01	SYN_SHORT	130.12	120	0	0.355029585798817	127.4822	127.4822		127.4822	0.346105952690432	observed	FALSE	SYNTHETIC_TEACHING_FIXTURE
SYN_TRAJ_065	13	SYN_PROS_SPK_09	SYN_ITEM_01	SYN_SHORT	130.13	130	9.9999999999909	0.384615384615385	126.7896	126.7896		126.7896	0.251793042818972	observed	FALSE	SYNTHETIC_TEACHING_FIXTURE
SYN_TRAJ_065	14	SYN_PROS_SPK_09	SYN_ITEM_01	SYN_SHORT	130.14	140	19.9999999999818	0.414201183431953	130.0586	130.0586		130.0586	0.69249768603049	observed	FALSE	SYNTHETIC_TEACHING_FIXTURE
SYN_TRAJ_065	15	SYN_PROS_SPK_09	SYN_ITEM_01	SYN_SHORT	130.15	150	30.0000000000011	0.443786982248521	130.5885	130.5885		130.5885	0.762890350019242	observed	FALSE	SYNTHETIC_TEACHING_FIXTURE
SYN_TRAJ_065	16	SYN_PROS_SPK_09	SYN_ITEM_01	SYN_SHORT	130.16	160	39.999999999992	0.473372781065089	131.4915		estimator_failure	132.52185	1.01731907860626	interpolated_estimator_failure	FALSE	SYNTHETIC_TEACHING_FIXTURE
SYN_TRAJ_065	17	SYN_PROS_SPK_09	SYN_ITEM_01	SYN_SHORT	130.17	170	49.999999999983	0.502958579881657	134.4552	134.4552		134.4552	1.26806271810564	observed	FALSE	SYNTHETIC_TEACHING_FIXTURE
SYN_TRAJ_065	18	SYN_PROS_SPK_09	SYN_ITEM_01	SYN_SHORT	130.18	180	60.0000000000023	0.532544378698225	134.5317	134.5317		134.5317	1.27790999381492	observed	FALSE	SYNTHETIC_TEACHING_FIXTURE
SYN_TRAJ_065	19	SYN_PROS_SPK_09	SYN_ITEM_01	SYN_SHORT	130.19	190	69.9999999999932	0.562130177514793	136.2495	136.2495		136.2495	1.49756732195734	observed	FALSE	SYNTHETIC_TEACHING_FIXTURE
SYN_TRAJ_065	20	SYN_PROS_SPK_09	SYN_ITEM_01	SYN_SHORT	130.2	200	79.9999999999841	0.591715976331361	134.9557	134.9557		134.9557	1.33238703745421	observed	FALSE	SYNTHETIC_TEACHING_FIXTURE
SYN_TRAJ_065	21	SYN_PROS_SPK_09	SYN_ITEM_01	SYN_SHORT	130.21	210	90.0000000000034	0.621301775147929	134.0259	134.0259		134.0259	1.2126979709646	observed	FALSE	SYNTHETIC_TEACHING_FIXTURE
SYN_TRAJ_065	22	SYN_PROS_SPK_09	SYN_ITEM_01	SYN_SHORT	130.22	220	99.9999999999943	0.650887573964497	132.2006	132.2006		132.2006	0.975300790298996	observed	FALSE	SYNTHETIC_TEACHING_FIXTURE
SYN_TRAJ_065	23	SYN_PROS_SPK_09	SYN_ITEM_01	SYN_SHORT	130.23	230	109.999999999985	0.680473372781065	132.3277	132.3277		132.3277	0.991937185313751	observed	FALSE	SYNTHETIC_TEACHING_FIXTURE
SYN_TRAJ_065	24	SYN_PROS_SPK_09	SYN_ITEM_01	SYN_SHORT	130.24	240	120.000000000005	0.710059171597633	132.9504	132.9504		132.9504	1.07321350796343	observed	FALSE	SYNTHETIC_TEACHING_FIXTURE
SYN_TRAJ_065	25	SYN_PROS_SPK_09	SYN_ITEM_01	SYN_SHORT	130.25	250	129.999999999995	0.739644970414201	129.5838	129.5838		129.5838	0.629180535769067	observed	FALSE	SYNTHETIC_TEACHING_FIXTURE
SYN_TRAJ_065	26	SYN_PROS_SPK_09	SYN_ITEM_01	SYN_SHORT	130.26	260	139.999999999986	0.769230769230769	125.7201	125.7201		125.7201	0.105139992464028	observed	FALSE	SYNTHETIC_TEACHING_FIXTURE
SYN_TRAJ_065	27	SYN_PROS_SPK_09	SYN_ITEM_01	SYN_SHORT	130.27	270	150.000000000006	0.798816568047337	122.5757	122.5757		122.5757	-0.333367898746191	observed	FALSE	SYNTHETIC_TEACHING_FIXTURE
SYN_TRAJ_065	28	SYN_PROS_SPK_09	SYN_ITEM_01	SYN_SHORT	130.28	280	159.999999999997	0.828402366863905	117.1793	117.1793		117.1793	-1.11283106368238	observed	FALSE	SYNTHETIC_TEACHING_FIXTURE
SYN_TRAJ_065	29	SYN_PROS_SPK_09	SYN_ITEM_01	SYN_SHORT	130.29	290	169.999999999987	0.857988165680473	115.9212	115.9212		115.9212	-1.29971068913871	observed	FALSE	SYNTHETIC_TEACHING_FIXTURE
SYN_TRAJ_065	30	SYN_PROS_SPK_09	SYN_ITEM_01	SYN_SHORT	130.3	300	180.000000000007	0.887573964497041	113.6641	113.6641		113.6641	-1.64012397096787	observed	FALSE	SYNTHETIC_TEACHING_FIXTURE
SYN_TRAJ_065	31	SYN_PROS_SPK_09	SYN_ITEM_01	SYN_SHORT	130.31	310	189.999999999998	0.91715976331361	108.9624	108.9624		108.9624	-2.37147927863856	observed	FALSE	SYNTHETIC_TEACHING_FIXTURE
SYN_TRAJ_065	32	SYN_PROS_SPK_09	SYN_ITEM_01	SYN_SHORT	130.32	320	199.999999999989	0.946745562130177			structural_unvoiced			missing	FALSE	SYNTHETIC_TEACHING_FIXTURE
SYN_TRAJ_065	33	SYN_PROS_SPK_09	SYN_ITEM_01	SYN_SHORT	130.33	330	210.000000000008	0.976331360946746			structural_unvoiced			missing	FALSE	SYNTHETIC_TEACHING_FIXTURE
SYN_TRAJ_066	0	SYN_PROS_SPK_09	SYN_ITEM_02	SYN_LONG	132	0	-120.000000000005	0	117.3452	117.3452		117.3452	-1.08833794875008	observed	TRUE	SYNTHETIC_TEACHING_FIXTURE
SYN_TRAJ_066	1	SYN_PROS_SPK_09	SYN_ITEM_02	SYN_LONG	132.01	10	-110.000000000014	0.0229357798165138	120.5383	120.5383		120.5383	-0.623544427377338	observed	FALSE	SYNTHETIC_TEACHING_FIXTURE
SYN_TRAJ_066	2	SYN_PROS_SPK_09	SYN_ITEM_02	SYN_LONG	132.02	20	-99.9999999999943	0.0458715596330275	121.4686	121.4686		121.4686	-0.490442853074165	observed	FALSE	SYNTHETIC_TEACHING_FIXTURE
SYN_TRAJ_066	3	SYN_PROS_SPK_09	SYN_ITEM_02	SYN_LONG	132.03	30	-90.0000000000034	0.0688073394495413	122.5878	122.5878		122.5878	-0.33165900390575	observed	FALSE	SYNTHETIC_TEACHING_FIXTURE
SYN_TRAJ_066	4	SYN_PROS_SPK_09	SYN_ITEM_02	SYN_LONG	132.04	40	-80.0000000000125	0.091743119266055	123.0163	123.0163		123.0163	-0.271250033313169	observed	FALSE	SYNTHETIC_TEACHING_FIXTURE
SYN_TRAJ_066	5	SYN_PROS_SPK_09	SYN_ITEM_02	SYN_LONG	132.05	50	-69.9999999999932	0.114678899082569	122.8875	122.8875		122.8875	-0.289385821854169	observed	FALSE	SYNTHETIC_TEACHING_FIXTURE
SYN_TRAJ_066	6	SYN_PROS_SPK_09	SYN_ITEM_02	SYN_LONG	132.06	60	-60.0000000000023	0.137614678899083	122.3927	122.3927		122.3927	-0.35923375653956	observed	FALSE	SYNTHETIC_TEACHING_FIXTURE
SYN_TRAJ_066	7	SYN_PROS_SPK_09	SYN_ITEM_02	SYN_LONG	132.07	70	-50.0000000000114	0.160550458715596	125.0321	125.0321		125.0321	0.0101384718660622	observed	FALSE	SYNTHETIC_TEACHING_FIXTURE
SYN_TRAJ_066	8	SYN_PROS_SPK_09	SYN_ITEM_02	SYN_LONG	132.08	80	-39.999999999992	0.18348623853211	124.8857	124.8857		124.8857	-0.0101444126483168	observed	FALSE	SYNTHETIC_TEACHING_FIXTURE
SYN_TRAJ_066	9	SYN_PROS_SPK_09	SYN_ITEM_02	SYN_LONG	132.09	90	-30.0000000000011	0.206422018348624	124.4899	124.4899		124.4899	-0.0650995094581463	observed	FALSE	SYNTHETIC_TEACHING_FIXTURE
SYN_TRAJ_066	10	SYN_PROS_SPK_09	SYN_ITEM_02	SYN_LONG	132.1	100	-20.0000000000102	0.229357798165138	127.784	127.784		127.784	0.387042565485719	observed	FALSE	SYNTHETIC_TEACHING_FIXTURE
SYN_TRAJ_066	11	SYN_PROS_SPK_09	SYN_ITEM_02	SYN_LONG	132.11	110	-9.9999999999909	0.252293577981651	129.459	129.459		129.459	0.612499274908727	observed	FALSE	SYNTHETIC_TEACHING_FIXTURE
SYN_TRAJ_066	12	SYN_PROS_SPK_09	SYN_ITEM_02	SYN_LONG	132.12	120	0	0.275229357798165	133.0177	133.0177		133.0177	1.08197486347854	observed	FALSE	SYNTHETIC_TEACHING_FIXTURE
SYN_TRAJ_066	13	SYN_PROS_SPK_09	SYN_ITEM_02	SYN_LONG	132.13	130	9.9999999999909	0.298165137614679	131.6057	131.6057		131.6057	0.897219798176997	observed	FALSE	SYNTHETIC_TEACHING_FIXTURE
SYN_TRAJ_066	14	SYN_PROS_SPK_09	SYN_ITEM_02	SYN_LONG	132.14	140	19.9999999999818	0.321100917431193	137.1932	137.1932		137.1932	1.6170638057582	observed	FALSE	SYNTHETIC_TEACHING_FIXTURE
SYN_TRAJ_066	15	SYN_PROS_SPK_09	SYN_ITEM_02	SYN_LONG	132.15	150	30.0000000000011	0.344036697247706	140.0818	140.0818		140.0818	1.97779042021872	observed	FALSE	SYNTHETIC_TEACHING_FIXTURE
SYN_TRAJ_066	16	SYN_PROS_SPK_09	SYN_ITEM_02	SYN_LONG	132.16	160	39.999999999992	0.36697247706422	139.1858	139.1858		139.1858	1.86670048135589	observed	FALSE	SYNTHETIC_TEACHING_FIXTURE
SYN_TRAJ_066	17	SYN_PROS_SPK_09	SYN_ITEM_02	SYN_LONG	132.17	170	49.999999999983	0.389908256880734	135.4076	135.4076		135.4076	1.39026067602392	observed	FALSE	SYNTHETIC_TEACHING_FIXTURE
SYN_TRAJ_066	18	SYN_PROS_SPK_09	SYN_ITEM_02	SYN_LONG	132.18	180	60.0000000000023	0.412844036697248	138.3819	138.3819		138.3819	1.76641914866218	observed	FALSE	SYNTHETIC_TEACHING_FIXTURE
SYN_TRAJ_066	19	SYN_PROS_SPK_09	SYN_ITEM_02	SYN_LONG	132.19	190	69.9999999999932	0.435779816513761	141.1329	141.1329		141.1329	2.10720816282513	observed	FALSE	SYNTHETIC_TEACHING_FIXTURE
SYN_TRAJ_066	20	SYN_PROS_SPK_09	SYN_ITEM_02	SYN_LONG	132.2	200	79.9999999999841	0.458715596330275	139.8606	139.8606		139.8606	1.95043128838643	observed	FALSE	SYNTHETIC_TEACHING_FIXTURE
SYN_TRAJ_066	21	SYN_PROS_SPK_09	SYN_ITEM_02	SYN_LONG	132.21	210	90.0000000000034	0.481651376146789	141.3465	141.3465		141.3465	2.13339001278378	observed	FALSE	SYNTHETIC_TEACHING_FIXTURE
SYN_TRAJ_066	22	SYN_PROS_SPK_09	SYN_ITEM_02	SYN_LONG	132.22	220	99.9999999999943	0.504587155963303	138.1338	138.1338		138.1338	1.73535261010161	observed	FALSE	SYNTHETIC_TEACHING_FIXTURE
SYN_TRAJ_066	23	SYN_PROS_SPK_09	SYN_ITEM_02	SYN_LONG	132.23	230	109.999999999985	0.527522935779816	132.3392	132.3392		132.3392	0.993441656902513	observed	FALSE	SYNTHETIC_TEACHING_FIXTURE
SYN_TRAJ_066	24	SYN_PROS_SPK_09	SYN_ITEM_02	SYN_LONG	132.24	240	120.000000000005	0.55045871559633	126.465	126.465		126.465	0.207414075561976	observed	FALSE	SYNTHETIC_TEACHING_FIXTURE
SYN_TRAJ_066	25	SYN_PROS_SPK_09	SYN_ITEM_02	SYN_LONG	132.25	250	129.999999999995	0.573394495412844	125.4592	125.4592		125.4592	0.0691753149734718	observed	FALSE	SYNTHETIC_TEACHING_FIXTURE
SYN_TRAJ_066	26	SYN_PROS_SPK_09	SYN_ITEM_02	SYN_LONG	132.26	260	139.999999999986	0.596330275229358	127.4308	127.4308		127.4308	0.339124321206122	observed	FALSE	SYNTHETIC_TEACHING_FIXTURE
SYN_TRAJ_066	27	SYN_PROS_SPK_09	SYN_ITEM_02	SYN_LONG	132.27	270	150.000000000006	0.619266055045872	123.8167	123.8167		123.8167	-0.158972939918553	observed	FALSE	SYNTHETIC_TEACHING_FIXTURE
SYN_TRAJ_066	28	SYN_PROS_SPK_09	SYN_ITEM_02	SYN_LONG	132.28	280	159.999999999997	0.642201834862385	123.7456	123.7456		123.7456	-0.168917163596632	observed	FALSE	SYNTHETIC_TEACHING_FIXTURE
SYN_TRAJ_066	29	SYN_PROS_SPK_09	SYN_ITEM_02	SYN_LONG	132.29	290	169.999999999987	0.665137614678899	121.4573	121.4573		121.4573	-0.492053463121802	observed	FALSE	SYNTHETIC_TEACHING_FIXTURE
SYN_TRAJ_066	30	SYN_PROS_SPK_09	SYN_ITEM_02	SYN_LONG	132.3	300	180.000000000007	0.688073394495413	120.3736	120.3736		120.3736	-0.647215677515117	observed	FALSE	SYNTHETIC_TEACHING_FIXTURE
SYN_TRAJ_066	31	SYN_PROS_SPK_09	SYN_ITEM_02	SYN_LONG	132.31	310	189.999999999998	0.711009174311927	120.4673	120.4673		120.4673	-0.633744822807129	observed	FALSE	SYNTHETIC_TEACHING_FIXTURE
SYN_TRAJ_066	32	SYN_PROS_SPK_09	SYN_ITEM_02	SYN_LONG	132.32	320	199.999999999989	0.73394495412844	117.5843	117.5843		117.5843	-1.05309859361983	observed	FALSE	SYNTHETIC_TEACHING_FIXTURE
SYN_TRAJ_066	33	SYN_PROS_SPK_09	SYN_ITEM_02	SYN_LONG	132.33	330	210.000000000008	0.756880733944954	113.8643	113.8643		113.8643	-1.60965804705964	observed	FALSE	SYNTHETIC_TEACHING_FIXTURE
SYN_TRAJ_066	34	SYN_PROS_SPK_09	SYN_ITEM_02	SYN_LONG	132.34	340	219.999999999999	0.779816513761468	114.8114	114.8114		114.8114	-1.46625311656644	observed	FALSE	SYNTHETIC_TEACHING_FIXTURE
SYN_TRAJ_066	35	SYN_PROS_SPK_09	SYN_ITEM_02	SYN_LONG	132.35	350	229.99999999999	0.802752293577982	113.0836	113.0836		113.0836	-1.72876730107468	observed	FALSE	SYNTHETIC_TEACHING_FIXTURE
SYN_TRAJ_066	36	SYN_PROS_SPK_09	SYN_ITEM_02	SYN_LONG	132.36	360	240.000000000009	0.825688073394495	113.1204	113.1204		113.1204	-1.72313438445361	observed	FALSE	SYNTHETIC_TEACHING_FIXTURE
SYN_TRAJ_066	37	SYN_PROS_SPK_09	SYN_ITEM_02	SYN_LONG	132.37	370	250	0.848623853211009	113.2033	113.2033		113.2033	-1.71045172602356	observed	FALSE	SYNTHETIC_TEACHING_FIXTURE
SYN_TRAJ_066	38	SYN_PROS_SPK_09	SYN_ITEM_02	SYN_LONG	132.38	380	259.999999999991	0.871559633027523	111.1231		estimator_failure	110.5046	-2.12816678995885	interpolated_estimator_failure	FALSE	SYNTHETIC_TEACHING_FIXTURE
SYN_TRAJ_066	39	SYN_PROS_SPK_09	SYN_ITEM_02	SYN_LONG	132.39	390	269.999999999982	0.894495412844037	107.8059	107.8059		107.8059	-2.55621027250122	observed	FALSE	SYNTHETIC_TEACHING_FIXTURE
SYN_TRAJ_066	40	SYN_PROS_SPK_09	SYN_ITEM_02	SYN_LONG	132.4	400	280.000000000001	0.91743119266055	110.3354	110.3354		110.3354	-2.15469503288754	observed	FALSE	SYNTHETIC_TEACHING_FIXTURE
SYN_TRAJ_066	41	SYN_PROS_SPK_09	SYN_ITEM_02	SYN_LONG	132.41	410	289.999999999992	0.940366972477064	115.1296	115.1296		115.1296	-1.41833830136979	observed	FALSE	SYNTHETIC_TEACHING_FIXTURE
SYN_TRAJ_066	42	SYN_PROS_SPK_09	SYN_ITEM_02	SYN_LONG	132.42	420	299.999999999983	0.963302752293578	112.8217	112.8217		112.8217	-1.76890893569657	observed	FALSE	SYNTHETIC_TEACHING_FIXTURE
SYN_TRAJ_066	43	SYN_PROS_SPK_09	SYN_ITEM_02	SYN_LONG	132.43	430	310.000000000002	0.986238532110092	114.4266	114.4266		114.4266	-1.52437432577106	observed	FALSE	SYNTHETIC_TEACHING_FIXTURE
SYN_TRAJ_067	0	SYN_PROS_SPK_09	SYN_ITEM_03	SYN_SHORT	134	0	-120.000000000005	0	117.5794	117.5794		117.5794	-1.05382005248798	observed	TRUE	SYNTHETIC_TEACHING_FIXTURE
SYN_TRAJ_067	1	SYN_PROS_SPK_09	SYN_ITEM_03	SYN_SHORT	134.01	10	-110.000000000014	0.0297619047619048	117.7719	117.7719		117.7719	-1.02549961161825	observed	FALSE	SYNTHETIC_TEACHING_FIXTURE
SYN_TRAJ_067	2	SYN_PROS_SPK_09	SYN_ITEM_03	SYN_SHORT	134.02	20	-99.9999999999943	0.0595238095238095	119.6726	119.6726		119.6726	-0.748329422973543	observed	FALSE	SYNTHETIC_TEACHING_FIXTURE
SYN_TRAJ_067	3	SYN_PROS_SPK_09	SYN_ITEM_03	SYN_SHORT	134.03	30	-90.0000000000034	0.0892857142857143	117.6946	117.6946		117.6946	-1.03686635778387	observed	FALSE	SYNTHETIC_TEACHING_FIXTURE
SYN_TRAJ_067	4	SYN_PROS_SPK_09	SYN_ITEM_03	SYN_SHORT	134.04	40	-80.0000000000125	0.119047619047619	118.5845	118.5845		118.5845	-0.906458508341645	observed	FALSE	SYNTHETIC_TEACHING_FIXTURE
SYN_TRAJ_067	5	SYN_PROS_SPK_09	SYN_ITEM_03	SYN_SHORT	134.05	50	-69.9999999999932	0.148809523809524	123.041	123.041		123.041	-0.267774299721395	observed	FALSE	SYNTHETIC_TEACHING_FIXTURE
SYN_TRAJ_067	6	SYN_PROS_SPK_09	SYN_ITEM_03	SYN_SHORT	134.06	60	-60.0000000000023	0.178571428571429	121.2893	121.2893		121.2893	-0.516016506614842	observed	FALSE	SYNTHETIC_TEACHING_FIXTURE
SYN_TRAJ_067	7	SYN_PROS_SPK_09	SYN_ITEM_03	SYN_SHORT	134.07	70	-50.0000000000114	0.208333333333333	119.8328	119.8328		119.8328	-0.725169716677021	observed	FALSE	SYNTHETIC_TEACHING_FIXTURE
SYN_TRAJ_067	8	SYN_PROS_SPK_09	SYN_ITEM_03	SYN_SHORT	134.08	80	-39.999999999992	0.238095238095238	121.4213	121.4213		121.4213	-0.49718560948816	observed	FALSE	SYNTHETIC_TEACHING_FIXTURE
SYN_TRAJ_067	9	SYN_PROS_SPK_09	SYN_ITEM_03	SYN_SHORT	134.09	90	-30.0000000000011	0.267857142857143	120.3432	120.3432		120.3432	-0.65158841056669	observed	FALSE	SYNTHETIC_TEACHING_FIXTURE
SYN_TRAJ_067	10	SYN_PROS_SPK_09	SYN_ITEM_03	SYN_SHORT	134.1	100	-20.0000000000102	0.297619047619048	123.7722	123.7722		123.7722	-0.165196152349565	observed	FALSE	SYNTHETIC_TEACHING_FIXTURE
SYN_TRAJ_067	11	SYN_PROS_SPK_09	SYN_ITEM_03	SYN_SHORT	134.11	110	-9.9999999999909	0.327380952380952	124.4077	124.4077		124.4077	-0.0765345288401777	observed	FALSE	SYNTHETIC_TEACHING_FIXTURE
SYN_TRAJ_067	12	SYN_PROS_SPK_09	SYN_ITEM_03	SYN_SHORT	134.12	120	0	0.357142857142857	129.446	129.446		129.446	0.610760718862549	observed	FALSE	SYNTHETIC_TEACHING_FIXTURE
SYN_TRAJ_067	13	SYN_PROS_SPK_09	SYN_ITEM_03	SYN_SHORT	134.13	130	9.9999999999909	0.386904761904762	124.8324	124.8324		124.8324	-0.0175347280653006	observed	FALSE	SYNTHETIC_TEACHING_FIXTURE
SYN_TRAJ_067	14	SYN_PROS_SPK_09	SYN_ITEM_03	SYN_SHORT	134.14	140	19.9999999999818	0.416666666666667	123.0281	123.0281		123.0281	-0.269589474341323	observed	FALSE	SYNTHETIC_TEACHING_FIXTURE
SYN_TRAJ_067	15	SYN_PROS_SPK_09	SYN_ITEM_03	SYN_SHORT	134.15	150	30.0000000000011	0.446428571428571	128.5768	128.5768		128.5768	0.494120303546304	observed	FALSE	SYNTHETIC_TEACHING_FIXTURE
SYN_TRAJ_067	16	SYN_PROS_SPK_09	SYN_ITEM_03	SYN_SHORT	134.16	160	39.999999999992	0.476190476190476	133.6579	133.6579		133.6579	1.16509744142813	observed	FALSE	SYNTHETIC_TEACHING_FIXTURE
SYN_TRAJ_067	17	SYN_PROS_SPK_09	SYN_ITEM_03	SYN_SHORT	134.17	170	49.999999999983	0.505952380952381	135.0338	135.0338		135.0338	1.34240293681352	observed	FALSE	SYNTHETIC_TEACHING_FIXTURE
SYN_TRAJ_067	18	SYN_PROS_SPK_09	SYN_ITEM_03	SYN_SHORT	134.18	180	60.0000000000023	0.535714285714286	141.7079	141.7079		141.7079	2.17759835756256	observed	FALSE	SYNTHETIC_TEACHING_FIXTURE
SYN_TRAJ_067	19	SYN_PROS_SPK_09	SYN_ITEM_03	SYN_SHORT	134.19	190	69.9999999999932	0.56547619047619	140.4104	140.4104		140.4104	2.01835367073168	observed	FALSE	SYNTHETIC_TEACHING_FIXTURE
SYN_TRAJ_067	20	SYN_PROS_SPK_09	SYN_ITEM_03	SYN_SHORT	134.2	200	79.9999999999841	0.595238095238095	138.1495	138.1495		138.1495	1.73732018285027	observed	FALSE	SYNTHETIC_TEACHING_FIXTURE
SYN_TRAJ_067	21	SYN_PROS_SPK_09	SYN_ITEM_03	SYN_SHORT	134.21	210	90.0000000000034	0.625	140.4871	140.4871		140.4871	2.02780805568445	observed	FALSE	SYNTHETIC_TEACHING_FIXTURE
SYN_TRAJ_067	22	SYN_PROS_SPK_09	SYN_ITEM_03	SYN_SHORT	134.22	220	99.9999999999943	0.654761904761905	137.3788	137.3788		137.3788	1.64046874788237	observed	FALSE	SYNTHETIC_TEACHING_FIXTURE
SYN_TRAJ_067	23	SYN_PROS_SPK_09	SYN_ITEM_03	SYN_SHORT	134.23	230	109.999999999985	0.68452380952381	135.9117	135.9117		135.9117	1.45459197043192	observed	FALSE	SYNTHETIC_TEACHING_FIXTURE
SYN_TRAJ_067	24	SYN_PROS_SPK_09	SYN_ITEM_03	SYN_SHORT	134.24	240	120.000000000005	0.714285714285714	131.3529	131.3529		131.3529	0.863932725425961	observed	FALSE	SYNTHETIC_TEACHING_FIXTURE
SYN_TRAJ_067	25	SYN_PROS_SPK_09	SYN_ITEM_03	SYN_SHORT	134.25	250	129.999999999995	0.744047619047619	129.0328	129.0328		129.0328	0.555410220607095	observed	FALSE	SYNTHETIC_TEACHING_FIXTURE
SYN_TRAJ_067	26	SYN_PROS_SPK_09	SYN_ITEM_03	SYN_SHORT	134.26	260	139.999999999986	0.773809523809524	127.4712	127.4712		127.4712	0.344612065999642	observed	FALSE	SYNTHETIC_TEACHING_FIXTURE
SYN_TRAJ_067	27	SYN_PROS_SPK_09	SYN_ITEM_03	SYN_SHORT	134.27	270	150.000000000006	0.803571428571429	122.9763	122.9763		122.9763	-0.276880232154357	observed	FALSE	SYNTHETIC_TEACHING_FIXTURE
SYN_TRAJ_067	28	SYN_PROS_SPK_09	SYN_ITEM_03	SYN_SHORT	134.28	280	159.999999999997	0.833333333333333	118.1206	118.1206		118.1206	-0.974316826865374	observed	FALSE	SYNTHETIC_TEACHING_FIXTURE
SYN_TRAJ_067	29	SYN_PROS_SPK_09	SYN_ITEM_03	SYN_SHORT	134.29	290	169.999999999987	0.863095238095238	112.1801	112.1801		112.1801	-1.86764261485057	observed	FALSE	SYNTHETIC_TEACHING_FIXTURE
SYN_TRAJ_067	30	SYN_PROS_SPK_09	SYN_ITEM_03	SYN_SHORT	134.3	300	180.000000000007	0.892857142857143	109.727	109.727		109.727	-2.2504211068574	observed	FALSE	SYNTHETIC_TEACHING_FIXTURE
SYN_TRAJ_067	31	SYN_PROS_SPK_09	SYN_ITEM_03	SYN_SHORT	134.31	310	189.999999999998	0.922619047619048	110.8595	110.8595		110.8595	-2.07265503439942	observed	FALSE	SYNTHETIC_TEACHING_FIXTURE
SYN_TRAJ_067	32	SYN_PROS_SPK_09	SYN_ITEM_03	SYN_SHORT	134.32	320	199.999999999989	0.952380952380952	110.0794	110.0794		110.0794	-2.19490976582249	observed	FALSE	SYNTHETIC_TEACHING_FIXTURE
SYN_TRAJ_067	33	SYN_PROS_SPK_09	SYN_ITEM_03	SYN_SHORT	134.33	330	210.000000000008	0.982142857142857	113.2185	113.2185		113.2185	-1.70812732461121	observed	FALSE	SYNTHETIC_TEACHING_FIXTURE
SYN_TRAJ_068	0	SYN_PROS_SPK_09	SYN_ITEM_04	SYN_LONG	136	0	-120.000000000005	0	120.8249	120.8249		120.8249	-0.58243029633676	observed	TRUE	SYNTHETIC_TEACHING_FIXTURE
SYN_TRAJ_068	1	SYN_PROS_SPK_09	SYN_ITEM_04	SYN_LONG	136.01	10	-110.000000000014	0.0205761316872428	117.9793	117.9793		117.9793	-0.995038851765762	observed	FALSE	SYNTHETIC_TEACHING_FIXTURE
SYN_TRAJ_068	2	SYN_PROS_SPK_09	SYN_ITEM_04	SYN_LONG	136.02	20	-99.9999999999943	0.0411522633744856	119.6889	119.6889		119.6889	-0.745971557147719	observed	FALSE	SYNTHETIC_TEACHING_FIXTURE
SYN_TRAJ_068	3	SYN_PROS_SPK_09	SYN_ITEM_04	SYN_LONG	136.03	30	-90.0000000000034	0.0617283950617284	118.3467	118.3467		118.3467	-0.941210165793731	observed	FALSE	SYNTHETIC_TEACHING_FIXTURE
SYN_TRAJ_068	4	SYN_PROS_SPK_09	SYN_ITEM_04	SYN_LONG	136.04	40	-80.0000000000125	0.0823045267489712	120.1091	120.1091		120.1091	-0.685298382892758	observed	FALSE	SYNTHETIC_TEACHING_FIXTURE
SYN_TRAJ_068	5	SYN_PROS_SPK_09	SYN_ITEM_04	SYN_LONG	136.05	50	-69.9999999999932	0.102880658436214	122.9453	122.9453		122.9453	-0.281244895998876	observed	FALSE	SYNTHETIC_TEACHING_FIXTURE
SYN_TRAJ_068	6	SYN_PROS_SPK_09	SYN_ITEM_04	SYN_LONG	136.06	60	-60.0000000000023	0.123456790123457	119.1071	119.1071		119.1071	-0.830330923529729	observed	FALSE	SYNTHETIC_TEACHING_FIXTURE
SYN_TRAJ_068	7	SYN_PROS_SPK_09	SYN_ITEM_04	SYN_LONG	136.07	70	-50.0000000000114	0.1440329218107	119.6897	119.6897		119.6897	-0.745855841938485	observed	FALSE	SYNTHETIC_TEACHING_FIXTURE
SYN_TRAJ_068	8	SYN_PROS_SPK_09	SYN_ITEM_04	SYN_LONG	136.08	80	-39.999999999992	0.164609053497942	121.2393	121.2393		121.2393	-0.523154774322624	observed	FALSE	SYNTHETIC_TEACHING_FIXTURE
SYN_TRAJ_068	9	SYN_PROS_SPK_09	SYN_ITEM_04	SYN_LONG	136.09	90	-30.0000000000011	0.185185185185185	125.8549	125.8549		125.8549	0.123692739926878	observed	FALSE	SYNTHETIC_TEACHING_FIXTURE
SYN_TRAJ_068	10	SYN_PROS_SPK_09	SYN_ITEM_04	SYN_LONG	136.1	100	-20.0000000000102	0.205761316872428	128.005	128.005		128.005	0.416958067719678	observed	FALSE	SYNTHETIC_TEACHING_FIXTURE
SYN_TRAJ_068	11	SYN_PROS_SPK_09	SYN_ITEM_04	SYN_LONG	136.11	110	-9.9999999999909	0.226337448559671	128.4461	128.4461		128.4461	0.476513132378541	observed	FALSE	SYNTHETIC_TEACHING_FIXTURE
SYN_TRAJ_068	12	SYN_PROS_SPK_09	SYN_ITEM_04	SYN_LONG	136.12	120	0	0.246913580246914	130.9639	130.9639		130.9639	0.812586373324133	observed	FALSE	SYNTHETIC_TEACHING_FIXTURE
SYN_TRAJ_068	13	SYN_PROS_SPK_09	SYN_ITEM_04	SYN_LONG	136.13	130	9.9999999999909	0.267489711934156	128.9885	128.9885		128.9885	0.549465465726218	observed	FALSE	SYNTHETIC_TEACHING_FIXTURE
SYN_TRAJ_068	14	SYN_PROS_SPK_09	SYN_ITEM_04	SYN_LONG	136.14	140	19.9999999999818	0.288065843621399	131.2336	131.2336		131.2336	0.848201814943948	observed	FALSE	SYNTHETIC_TEACHING_FIXTURE
SYN_TRAJ_068	15	SYN_PROS_SPK_09	SYN_ITEM_04	SYN_LONG	136.15	150	30.0000000000011	0.308641975308642	132.5013	132.5013		132.5013	1.01463426712624	observed	FALSE	SYNTHETIC_TEACHING_FIXTURE
SYN_TRAJ_068	16	SYN_PROS_SPK_09	SYN_ITEM_04	SYN_LONG	136.16	160	39.999999999992	0.329218106995885	135.9875	135.9875		135.9875	1.46424463173574	observed	FALSE	SYNTHETIC_TEACHING_FIXTURE
SYN_TRAJ_068	17	SYN_PROS_SPK_09	SYN_ITEM_04	SYN_LONG	136.17	170	49.999999999983	0.349794238683128	135.9924	135.9924		135.9924	1.4648684312769	observed	FALSE	SYNTHETIC_TEACHING_FIXTURE
SYN_TRAJ_068	18	SYN_PROS_SPK_09	SYN_ITEM_04	SYN_LONG	136.18	180	60.0000000000023	0.37037037037037	131.8377	131.8377		131.8377	0.92771184339155	observed	FALSE	SYNTHETIC_TEACHING_FIXTURE
SYN_TRAJ_068	19	SYN_PROS_SPK_09	SYN_ITEM_04	SYN_LONG	136.19	190	69.9999999999932	0.390946502057613	137.1001	137.1001		137.1001	1.60531157585265	observed	FALSE	SYNTHETIC_TEACHING_FIXTURE
SYN_TRAJ_068	20	SYN_PROS_SPK_09	SYN_ITEM_04	SYN_LONG	136.2	200	79.9999999999841	0.411522633744856	140.5122	140.5122		140.5122	2.03090087297952	observed	FALSE	SYNTHETIC_TEACHING_FIXTURE
SYN_TRAJ_068	21	SYN_PROS_SPK_09	SYN_ITEM_04	SYN_LONG	136.21	210	90.0000000000034	0.432098765432099	140.7051	140.7051		140.7051	2.05465155264558	observed	FALSE	SYNTHETIC_TEACHING_FIXTURE
SYN_TRAJ_068	22	SYN_PROS_SPK_09	SYN_ITEM_04	SYN_LONG	136.22	220	99.9999999999943	0.452674897119342	138.4427	138.4427		138.4427	1.77402389418521	observed	FALSE	SYNTHETIC_TEACHING_FIXTURE
SYN_TRAJ_068	23	SYN_PROS_SPK_09	SYN_ITEM_04	SYN_LONG	136.23	230	109.999999999985	0.473251028806584	137.505	137.505		137.505	1.65636504677976	observed	FALSE	SYNTHETIC_TEACHING_FIXTURE
SYN_TRAJ_068	24	SYN_PROS_SPK_09	SYN_ITEM_04	SYN_LONG	136.24	240	120.000000000005	0.493827160493827	139.8486	139.8486		139.8486	1.94894583073244	observed	FALSE	SYNTHETIC_TEACHING_FIXTURE
SYN_TRAJ_068	25	SYN_PROS_SPK_09	SYN_ITEM_04	SYN_LONG	136.25	250	129.999999999995	0.51440329218107	139.0256	139.0256		139.0256	1.84676285656313	observed	FALSE	SYNTHETIC_TEACHING_FIXTURE
SYN_TRAJ_068	26	SYN_PROS_SPK_09	SYN_ITEM_04	SYN_LONG	136.26	260	139.999999999986	0.534979423868313	137.0277	137.0277		137.0277	1.59616683766362	observed	FALSE	SYNTHETIC_TEACHING_FIXTURE
SYN_TRAJ_068	27	SYN_PROS_SPK_09	SYN_ITEM_04	SYN_LONG	136.27	270	150.000000000006	0.555555555555556	130.2888	130.2888		130.2888	0.723112947174191	observed	FALSE	SYNTHETIC_TEACHING_FIXTURE
SYN_TRAJ_068	28	SYN_PROS_SPK_09	SYN_ITEM_04	SYN_LONG	136.28	280	159.999999999997	0.576131687242798	127.9244	127.9244		127.9244	0.406053695735224	observed	FALSE	SYNTHETIC_TEACHING_FIXTURE
SYN_TRAJ_068	29	SYN_PROS_SPK_09	SYN_ITEM_04	SYN_LONG	136.29	290	169.999999999987	0.596707818930041	127.6064	127.6064		127.6064	0.362964352939208	observed	FALSE	SYNTHETIC_TEACHING_FIXTURE
SYN_TRAJ_068	30	SYN_PROS_SPK_09	SYN_ITEM_04	SYN_LONG	136.3	300	180.000000000007	0.617283950617284	126.9845	126.9845		126.9845	0.27838500649873	observed	FALSE	SYNTHETIC_TEACHING_FIXTURE
SYN_TRAJ_068	31	SYN_PROS_SPK_09	SYN_ITEM_04	SYN_LONG	136.31	310	189.999999999998	0.637860082304527	125.4094	125.4094		125.4094	0.0623019592186268	observed	FALSE	SYNTHETIC_TEACHING_FIXTURE
SYN_TRAJ_068	32	SYN_PROS_SPK_09	SYN_ITEM_04	SYN_LONG	136.32	320	199.999999999989	0.65843621399177	125.2357	125.2357		125.2357	0.0383066445315278	observed	FALSE	SYNTHETIC_TEACHING_FIXTURE
SYN_TRAJ_068	33	SYN_PROS_SPK_09	SYN_ITEM_04	SYN_LONG	136.33	330	210.000000000008	0.679012345679012	123.2565	123.2565		123.2565	-0.23747914587061	observed	FALSE	SYNTHETIC_TEACHING_FIXTURE
SYN_TRAJ_068	34	SYN_PROS_SPK_09	SYN_ITEM_04	SYN_LONG	136.34	340	219.999999999999	0.699588477366255	119.4539	119.4539		119.4539	-0.77999642701511	observed	FALSE	SYNTHETIC_TEACHING_FIXTURE
SYN_TRAJ_068	35	SYN_PROS_SPK_09	SYN_ITEM_04	SYN_LONG	136.35	350	229.99999999999	0.720164609053498	117.598	117.598		117.598	-1.05108161304782	observed	FALSE	SYNTHETIC_TEACHING_FIXTURE
SYN_TRAJ_068	36	SYN_PROS_SPK_09	SYN_ITEM_04	SYN_LONG	136.36	360	240.000000000009	0.740740740740741	114.7742	114.7742		114.7742	-1.47186339065931	observed	FALSE	SYNTHETIC_TEACHING_FIXTURE
SYN_TRAJ_068	37	SYN_PROS_SPK_09	SYN_ITEM_04	SYN_LONG	136.37	370	250	0.761316872427984	108.7327	108.7327		108.7327	-2.40801336770609	observed	FALSE	SYNTHETIC_TEACHING_FIXTURE
SYN_TRAJ_068	38	SYN_PROS_SPK_09	SYN_ITEM_04	SYN_LONG	136.38	380	259.999999999991	0.781893004115226	112.893	112.893		112.893	-1.75797150080162	observed	FALSE	SYNTHETIC_TEACHING_FIXTURE
SYN_TRAJ_068	39	SYN_PROS_SPK_09	SYN_ITEM_04	SYN_LONG	136.39	390	269.999999999982	0.802469135802469	108.6397	108.6397		108.6397	-2.42282709533544	observed	FALSE	SYNTHETIC_TEACHING_FIXTURE
SYN_TRAJ_068	40	SYN_PROS_SPK_09	SYN_ITEM_04	SYN_LONG	136.4	400	280.000000000001	0.823045267489712	110.0233	110.0233		110.0233	-2.2037349399122	observed	FALSE	SYNTHETIC_TEACHING_FIXTURE
SYN_TRAJ_068	41	SYN_PROS_SPK_09	SYN_ITEM_04	SYN_LONG	136.41	410	289.999999999992	0.843621399176955	109.1002	109.1002		109.1002	-2.34959894852079	observed	FALSE	SYNTHETIC_TEACHING_FIXTURE
SYN_TRAJ_068	42	SYN_PROS_SPK_09	SYN_ITEM_04	SYN_LONG	136.42	420	299.999999999983	0.864197530864197	110.0983	110.0983		110.0983	-2.19193759165519	observed	FALSE	SYNTHETIC_TEACHING_FIXTURE
SYN_TRAJ_068	43	SYN_PROS_SPK_09	SYN_ITEM_04	SYN_LONG	136.43	430	310.000000000002	0.88477366255144	107.3668	107.3668		107.3668	-2.62686848575839	observed	FALSE	SYNTHETIC_TEACHING_FIXTURE
SYN_TRAJ_068	44	SYN_PROS_SPK_09	SYN_ITEM_04	SYN_LONG	136.44	440	319.999999999993	0.905349794238683	108.6487	108.6487		108.6487	-2.42139295467717	observed	FALSE	SYNTHETIC_TEACHING_FIXTURE
SYN_TRAJ_068	45	SYN_PROS_SPK_09	SYN_ITEM_04	SYN_LONG	136.45	450	329.999999999984	0.925925925925926	113.3805	113.3805		113.3805	-1.68337346746879	observed	FALSE	SYNTHETIC_TEACHING_FIXTURE
SYN_TRAJ_068	46	SYN_PROS_SPK_09	SYN_ITEM_04	SYN_LONG	136.46	460	340.000000000003	0.946502057613169	111.3778	111.3778		111.3778	-1.99190349228886	observed	FALSE	SYNTHETIC_TEACHING_FIXTURE
SYN_TRAJ_068	47	SYN_PROS_SPK_09	SYN_ITEM_04	SYN_LONG	136.47	470	349.999999999994	0.967078189300412	109.9024	109.9024		109.9024	-2.22276920626821	observed	FALSE	SYNTHETIC_TEACHING_FIXTURE
SYN_TRAJ_068	48	SYN_PROS_SPK_09	SYN_ITEM_04	SYN_LONG	136.48	480	359.999999999985	0.987654320987654	109.1203	109.1203		109.1203	-2.34640971520085	observed	FALSE	SYNTHETIC_TEACHING_FIXTURE
SYN_TRAJ_069	0	SYN_PROS_SPK_09	SYN_ITEM_05	SYN_SHORT	138	0	-120.000000000005	0	123.5089	123.5089		123.5089	-0.202063838346404	observed	TRUE	SYNTHETIC_TEACHING_FIXTURE
SYN_TRAJ_069	1	SYN_PROS_SPK_09	SYN_ITEM_05	SYN_SHORT	138.01	10	-110.000000000014	0.0378787878787879	126.5337	126.5337		126.5337	0.216816161983301	observed	FALSE	SYNTHETIC_TEACHING_FIXTURE
SYN_TRAJ_069	2	SYN_PROS_SPK_09	SYN_ITEM_05	SYN_SHORT	138.02	20	-99.9999999999943	0.0757575757575758	120.5287	120.5287		120.5287	-0.624923284448594	observed	FALSE	SYNTHETIC_TEACHING_FIXTURE
SYN_TRAJ_069	3	SYN_PROS_SPK_09	SYN_ITEM_05	SYN_SHORT	138.03	30	-90.0000000000034	0.113636363636364	116.2916		estimator_failure	118.1352	-0.972177110748474	interpolated_estimator_failure	FALSE	SYNTHETIC_TEACHING_FIXTURE
SYN_TRAJ_069	4	SYN_PROS_SPK_09	SYN_ITEM_05	SYN_SHORT	138.04	40	-80.0000000000125	0.151515151515152	115.7417	115.7417		115.7417	-1.32653903100931	observed	FALSE	SYNTHETIC_TEACHING_FIXTURE
SYN_TRAJ_069	5	SYN_PROS_SPK_09	SYN_ITEM_05	SYN_SHORT	138.05	50	-69.9999999999932	0.189393939393939	116.4185	116.4185		116.4185	-1.22559989297653	observed	FALSE	SYNTHETIC_TEACHING_FIXTURE
SYN_TRAJ_069	6	SYN_PROS_SPK_09	SYN_ITEM_05	SYN_SHORT	138.06	60	-60.0000000000023	0.227272727272727	117.6569	117.6569		117.6569	-1.04241274471644	observed	FALSE	SYNTHETIC_TEACHING_FIXTURE
SYN_TRAJ_069	7	SYN_PROS_SPK_09	SYN_ITEM_05	SYN_SHORT	138.07	70	-50.0000000000114	0.265151515151515	118.1498	118.1498		118.1498	-0.970037659056784	observed	FALSE	SYNTHETIC_TEACHING_FIXTURE
SYN_TRAJ_069	8	SYN_PROS_SPK_09	SYN_ITEM_05	SYN_SHORT	138.08	80	-39.999999999992	0.303030303030303	115.6891	115.6891		115.6891	-1.33440858964618	observed	FALSE	SYNTHETIC_TEACHING_FIXTURE
SYN_TRAJ_069	9	SYN_PROS_SPK_09	SYN_ITEM_05	SYN_SHORT	138.09	90	-30.0000000000011	0.340909090909091	118.375	118.375		118.375	-0.937070796752194	observed	FALSE	SYNTHETIC_TEACHING_FIXTURE
SYN_TRAJ_069	10	SYN_PROS_SPK_09	SYN_ITEM_05	SYN_SHORT	138.1	100	-20.0000000000102	0.378787878787879	127.3459	127.3459		127.3459	0.327586235014857	observed	FALSE	SYNTHETIC_TEACHING_FIXTURE
SYN_TRAJ_069	11	SYN_PROS_SPK_09	SYN_ITEM_05	SYN_SHORT	138.11	110	-9.9999999999909	0.416666666666667	128.2744	128.2744		128.2744	0.453355423465753	observed	FALSE	SYNTHETIC_TEACHING_FIXTURE
SYN_TRAJ_069	12	SYN_PROS_SPK_09	SYN_ITEM_05	SYN_SHORT	138.12	120	0	0.454545454545455	135.4257	135.4257		135.4257	1.39257467037652	observed	FALSE	SYNTHETIC_TEACHING_FIXTURE
SYN_TRAJ_069	13	SYN_PROS_SPK_09	SYN_ITEM_05	SYN_SHORT	138.13	130	9.9999999999909	0.492424242424242	137.7228	137.7228		137.7228	1.68376510263136	observed	FALSE	SYNTHETIC_TEACHING_FIXTURE
SYN_TRAJ_069	14	SYN_PROS_SPK_09	SYN_ITEM_05	SYN_SHORT	138.14	140	19.9999999999818	0.53030303030303	139.3281	139.3281		139.3281	1.88439113353654	observed	FALSE	SYNTHETIC_TEACHING_FIXTURE
SYN_TRAJ_069	15	SYN_PROS_SPK_09	SYN_ITEM_05	SYN_SHORT	138.15	150	30.0000000000011	0.568181818181818	139.8257	139.8257		139.8257	1.94611072862887	observed	FALSE	SYNTHETIC_TEACHING_FIXTURE
SYN_TRAJ_069	16	SYN_PROS_SPK_09	SYN_ITEM_05	SYN_SHORT	138.16	160	39.999999999992	0.606060606060606	138.5081	138.5081		138.5081	1.78220027128277	observed	FALSE	SYNTHETIC_TEACHING_FIXTURE
SYN_TRAJ_069	17	SYN_PROS_SPK_09	SYN_ITEM_05	SYN_SHORT	138.17	170	49.999999999983	0.643939393939394	135.4475	135.4475		135.4475	1.3953612806688	observed	FALSE	SYNTHETIC_TEACHING_FIXTURE
SYN_TRAJ_069	18	SYN_PROS_SPK_09	SYN_ITEM_05	SYN_SHORT	138.18	180	60.0000000000023	0.681818181818182	132.352	132.352		132.352	0.995116045461356	observed	FALSE	SYNTHETIC_TEACHING_FIXTURE
SYN_TRAJ_069	19	SYN_PROS_SPK_09	SYN_ITEM_05	SYN_SHORT	138.19	190	69.9999999999932	0.71969696969697	131.2181	131.2181		131.2181	0.846156933711194	observed	FALSE	SYNTHETIC_TEACHING_FIXTURE
SYN_TRAJ_069	20	SYN_PROS_SPK_09	SYN_ITEM_05	SYN_SHORT	138.2	200	79.9999999999841	0.757575757575758	128.0031	128.0031		128.0031	0.416701095796268	observed	FALSE	SYNTHETIC_TEACHING_FIXTURE
SYN_TRAJ_069	21	SYN_PROS_SPK_09	SYN_ITEM_05	SYN_SHORT	138.21	210	90.0000000000034	0.795454545454545	123.8048	123.8048		123.8048	-0.160636905705025	observed	FALSE	SYNTHETIC_TEACHING_FIXTURE
SYN_TRAJ_069	22	SYN_PROS_SPK_09	SYN_ITEM_05	SYN_SHORT	138.22	220	99.9999999999943	0.833333333333333	118.4424	118.4424		118.4424	-0.927216353788318	observed	FALSE	SYNTHETIC_TEACHING_FIXTURE
SYN_TRAJ_069	23	SYN_PROS_SPK_09	SYN_ITEM_05	SYN_SHORT	138.23	230	109.999999999985	0.871212121212121	114.7351	114.7351		114.7351	-1.47776217140357	observed	FALSE	SYNTHETIC_TEACHING_FIXTURE
SYN_TRAJ_069	24	SYN_PROS_SPK_09	SYN_ITEM_05	SYN_SHORT	138.24	240	120.000000000005	0.909090909090909	115.3804	115.3804		115.3804	-1.38066586452646	observed	FALSE	SYNTHETIC_TEACHING_FIXTURE
SYN_TRAJ_069	25	SYN_PROS_SPK_09	SYN_ITEM_05	SYN_SHORT	138.25	250	129.999999999995	0.946969696969697	114.7599	114.7599		114.7599	-1.47402051214442	observed	FALSE	SYNTHETIC_TEACHING_FIXTURE
SYN_TRAJ_069	26	SYN_PROS_SPK_09	SYN_ITEM_05	SYN_SHORT	138.26	260	139.999999999986	0.984848484848485	112.9022	112.9022		112.9022	-1.75656072207291	observed	FALSE	SYNTHETIC_TEACHING_FIXTURE
SYN_TRAJ_070	0	SYN_PROS_SPK_09	SYN_ITEM_06	SYN_LONG	140	0	-120.000000000005	0			structural_unvoiced			missing	TRUE	SYNTHETIC_TEACHING_FIXTURE
SYN_TRAJ_070	1	SYN_PROS_SPK_09	SYN_ITEM_06	SYN_LONG	140.01	10	-110.000000000014	0.0238095238095238			structural_unvoiced			missing	FALSE	SYNTHETIC_TEACHING_FIXTURE
SYN_TRAJ_070	2	SYN_PROS_SPK_09	SYN_ITEM_06	SYN_LONG	140.02	20	-99.9999999999943	0.0476190476190476			structural_unvoiced			missing	FALSE	SYNTHETIC_TEACHING_FIXTURE
SYN_TRAJ_070	3	SYN_PROS_SPK_09	SYN_ITEM_06	SYN_LONG	140.03	30	-90.0000000000034	0.0714285714285714	122.5575	122.5575		122.5575	-0.335938620276437	observed	FALSE	SYNTHETIC_TEACHING_FIXTURE
SYN_TRAJ_070	4	SYN_PROS_SPK_09	SYN_ITEM_06	SYN_LONG	140.04	40	-80.0000000000125	0.0952380952380952	123.07	123.07		123.07	-0.263694369311515	observed	FALSE	SYNTHETIC_TEACHING_FIXTURE
SYN_TRAJ_070	5	SYN_PROS_SPK_09	SYN_ITEM_06	SYN_LONG	140.05	50	-69.9999999999932	0.119047619047619	127.2112	127.2112		127.2112	0.309264432309318	observed	FALSE	SYNTHETIC_TEACHING_FIXTURE
SYN_TRAJ_070	6	SYN_PROS_SPK_09	SYN_ITEM_06	SYN_LONG	140.06	60	-60.0000000000023	0.142857142857143	127.4754	127.4754		127.4754	0.345182474313128	observed	FALSE	SYNTHETIC_TEACHING_FIXTURE
SYN_TRAJ_070	7	SYN_PROS_SPK_09	SYN_ITEM_06	SYN_LONG	140.07	70	-50.0000000000114	0.166666666666667	125.6436	125.6436		125.6436	0.0946023206488379	observed	FALSE	SYNTHETIC_TEACHING_FIXTURE
SYN_TRAJ_070	8	SYN_PROS_SPK_09	SYN_ITEM_06	SYN_LONG	140.08	80	-39.999999999992	0.19047619047619	124.626	124.626		124.626	-0.0461829346814577	observed	FALSE	SYNTHETIC_TEACHING_FIXTURE
SYN_TRAJ_070	9	SYN_PROS_SPK_09	SYN_ITEM_06	SYN_LONG	140.09	90	-30.0000000000011	0.214285714285714	129.85	129.85		129.85	0.664708263119724	observed	FALSE	SYNTHETIC_TEACHING_FIXTURE
SYN_TRAJ_070	10	SYN_PROS_SPK_09	SYN_ITEM_06	SYN_LONG	140.1	100	-20.0000000000102	0.238095238095238	132.1756	132.1756		132.1756	0.972026603639552	observed	FALSE	SYNTHETIC_TEACHING_FIXTURE
SYN_TRAJ_070	11	SYN_PROS_SPK_09	SYN_ITEM_06	SYN_LONG	140.11	110	-9.9999999999909	0.261904761904762	131.6933	131.6933		131.6933	0.908739485550961	observed	FALSE	SYNTHETIC_TEACHING_FIXTURE
SYN_TRAJ_070	12	SYN_PROS_SPK_09	SYN_ITEM_06	SYN_LONG	140.12	120	0	0.285714285714286	137.1552	137.1552		137.1552	1.61226794077155	observed	FALSE	SYNTHETIC_TEACHING_FIXTURE
SYN_TRAJ_070	13	SYN_PROS_SPK_09	SYN_ITEM_06	SYN_LONG	140.13	130	9.9999999999909	0.30952380952381	136.7524	136.7524		136.7524	1.56134992479474	observed	FALSE	SYNTHETIC_TEACHING_FIXTURE
SYN_TRAJ_070	14	SYN_PROS_SPK_09	SYN_ITEM_06	SYN_LONG	140.14	140	19.9999999999818	0.333333333333333	140.7786	140.7786		140.7786	2.06369262362045	observed	FALSE	SYNTHETIC_TEACHING_FIXTURE
SYN_TRAJ_070	15	SYN_PROS_SPK_09	SYN_ITEM_06	SYN_LONG	140.15	150	30.0000000000011	0.357142857142857	137.4975	137.4975		137.4975	1.65542074588277	observed	FALSE	SYNTHETIC_TEACHING_FIXTURE
SYN_TRAJ_070	16	SYN_PROS_SPK_09	SYN_ITEM_06	SYN_LONG	140.16	160	39.999999999992	0.380952380952381	140.7205	140.7205		140.7205	2.05654626331741	observed	FALSE	SYNTHETIC_TEACHING_FIXTURE
SYN_TRAJ_070	17	SYN_PROS_SPK_09	SYN_ITEM_06	SYN_LONG	140.17	170	49.999999999983	0.404761904761905	142.0323	142.0323		142.0323	2.21718475175121	observed	FALSE	SYNTHETIC_TEACHING_FIXTURE
SYN_TRAJ_070	18	SYN_PROS_SPK_09	SYN_ITEM_06	SYN_LONG	140.18	180	60.0000000000023	0.428571428571429	138.9762	138.9762		138.9762	1.84061016525508	observed	FALSE	SYNTHETIC_TEACHING_FIXTURE
SYN_TRAJ_070	19	SYN_PROS_SPK_09	SYN_ITEM_06	SYN_LONG	140.19	190	69.9999999999932	0.452380952380952	136.2429	136.2429		136.2429	1.49672868244108	observed	FALSE	SYNTHETIC_TEACHING_FIXTURE
SYN_TRAJ_070	20	SYN_PROS_SPK_09	SYN_ITEM_06	SYN_LONG	140.2	200	79.9999999999841	0.476190476190476	134.8186	134.8186		134.8186	1.31479068312686	observed	FALSE	SYNTHETIC_TEACHING_FIXTURE
SYN_TRAJ_070	21	SYN_PROS_SPK_09	SYN_ITEM_06	SYN_LONG	140.21	210	90.0000000000034	0.5	133.5584	133.5584		133.5584	1.15220468033209	observed	FALSE	SYNTHETIC_TEACHING_FIXTURE
SYN_TRAJ_070	22	SYN_PROS_SPK_09	SYN_ITEM_06	SYN_LONG	140.22	220	99.9999999999943	0.523809523809524	131.1264	131.1264		131.1264	0.83405420857193	observed	FALSE	SYNTHETIC_TEACHING_FIXTURE
SYN_TRAJ_070	23	SYN_PROS_SPK_09	SYN_ITEM_06	SYN_LONG	140.23	230	109.999999999985	0.547619047619048	125.8108	125.8108		125.8108	0.117625371799611	observed	FALSE	SYNTHETIC_TEACHING_FIXTURE
SYN_TRAJ_070	24	SYN_PROS_SPK_09	SYN_ITEM_06	SYN_LONG	140.24	240	120.000000000005	0.571428571428571	126.2892	126.2892		126.2892	0.183331310970542	observed	FALSE	SYNTHETIC_TEACHING_FIXTURE
SYN_TRAJ_070	25	SYN_PROS_SPK_09	SYN_ITEM_06	SYN_LONG	140.25	250	129.999999999995	0.595238095238095	124.6923		estimator_failure	126.36065	0.19312325631335	interpolated_estimator_failure	FALSE	SYNTHETIC_TEACHING_FIXTURE
SYN_TRAJ_070	26	SYN_PROS_SPK_09	SYN_ITEM_06	SYN_LONG	140.26	260	139.999999999986	0.619047619047619	126.4321	126.4321		126.4321	0.202909666414095	observed	FALSE	SYNTHETIC_TEACHING_FIXTURE
SYN_TRAJ_070	27	SYN_PROS_SPK_09	SYN_ITEM_06	SYN_LONG	140.27	270	150.000000000006	0.642857142857143	122.7768	122.7768		122.7768	-0.304988220916899	observed	FALSE	SYNTHETIC_TEACHING_FIXTURE
SYN_TRAJ_070	28	SYN_PROS_SPK_09	SYN_ITEM_06	SYN_LONG	140.28	280	159.999999999997	0.666666666666667	123.546	123.546		123.546	-0.196864282806062	observed	FALSE	SYNTHETIC_TEACHING_FIXTURE
SYN_TRAJ_070	29	SYN_PROS_SPK_09	SYN_ITEM_06	SYN_LONG	140.29	290	169.999999999987	0.69047619047619	123.0531	123.0531		123.0531	-0.2660718670332	observed	FALSE	SYNTHETIC_TEACHING_FIXTURE
SYN_TRAJ_070	30	SYN_PROS_SPK_09	SYN_ITEM_06	SYN_LONG	140.3	300	180.000000000007	0.714285714285714	118.5319	118.5319		118.5319	-0.914139369933224	observed	FALSE	SYNTHETIC_TEACHING_FIXTURE
SYN_TRAJ_070	31	SYN_PROS_SPK_09	SYN_ITEM_06	SYN_LONG	140.31	310	189.999999999998	0.738095238095238	116.9512	116.9512		116.9512	-1.14656392732297	observed	FALSE	SYNTHETIC_TEACHING_FIXTURE
SYN_TRAJ_070	32	SYN_PROS_SPK_09	SYN_ITEM_06	SYN_LONG	140.32	320	199.999999999989	0.761904761904762	116.2905	116.2905		116.2905	-1.24464496477251	observed	FALSE	SYNTHETIC_TEACHING_FIXTURE
SYN_TRAJ_070	33	SYN_PROS_SPK_09	SYN_ITEM_06	SYN_LONG	140.33	330	210.000000000008	0.785714285714286	112.6838	112.6838		112.6838	-1.79008245076604	observed	FALSE	SYNTHETIC_TEACHING_FIXTURE
SYN_TRAJ_070	34	SYN_PROS_SPK_09	SYN_ITEM_06	SYN_LONG	140.34	340	219.999999999999	0.80952380952381	115.0089	115.0089		115.0089	-1.43649779827114	observed	FALSE	SYNTHETIC_TEACHING_FIXTURE
SYN_TRAJ_070	35	SYN_PROS_SPK_09	SYN_ITEM_06	SYN_LONG	140.35	350	229.99999999999	0.833333333333333	115.6086	115.6086		115.6086	-1.34645923663289	observed	FALSE	SYNTHETIC_TEACHING_FIXTURE
SYN_TRAJ_070	36	SYN_PROS_SPK_09	SYN_ITEM_06	SYN_LONG	140.36	360	240.000000000009	0.857142857142857	113.7792	113.7792		113.7792	-1.62260179677694	observed	FALSE	SYNTHETIC_TEACHING_FIXTURE
SYN_TRAJ_070	37	SYN_PROS_SPK_09	SYN_ITEM_06	SYN_LONG	140.37	370	250	0.880952380952381	112.5868	112.5868		112.5868	-1.80499160563473	observed	FALSE	SYNTHETIC_TEACHING_FIXTURE
SYN_TRAJ_070	38	SYN_PROS_SPK_09	SYN_ITEM_06	SYN_LONG	140.38	380	259.999999999991	0.904761904761905	109.5759	109.5759		109.5759	-2.27427756349415	observed	FALSE	SYNTHETIC_TEACHING_FIXTURE
SYN_TRAJ_070	39	SYN_PROS_SPK_09	SYN_ITEM_06	SYN_LONG	140.39	390	269.999999999982	0.928571428571429	109.5571	109.5571		109.5571	-2.27724810651618	observed	FALSE	SYNTHETIC_TEACHING_FIXTURE
SYN_TRAJ_070	40	SYN_PROS_SPK_09	SYN_ITEM_06	SYN_LONG	140.4	400	280.000000000001	0.952380952380952			structural_unvoiced			missing	FALSE	SYNTHETIC_TEACHING_FIXTURE
SYN_TRAJ_070	41	SYN_PROS_SPK_09	SYN_ITEM_06	SYN_LONG	140.41	410	289.999999999992	0.976190476190476			structural_unvoiced			missing	FALSE	SYNTHETIC_TEACHING_FIXTURE
SYN_TRAJ_070	42	SYN_PROS_SPK_09	SYN_ITEM_06	SYN_LONG	140.42	420	299.999999999983	1			structural_unvoiced			missing	FALSE	SYNTHETIC_TEACHING_FIXTURE
SYN_TRAJ_071	0	SYN_PROS_SPK_09	SYN_ITEM_07	SYN_SHORT	142	0	-120.000000000005	0	119.7183	119.7183		119.7183	-0.741719531202098	observed	TRUE	SYNTHETIC_TEACHING_FIXTURE
SYN_TRAJ_071	1	SYN_PROS_SPK_09	SYN_ITEM_07	SYN_SHORT	142.01	10	-110.000000000014	0.0324675324675325	121.8226	121.8226		121.8226	-0.440062297930736	observed	FALSE	SYNTHETIC_TEACHING_FIXTURE
SYN_TRAJ_071	2	SYN_PROS_SPK_09	SYN_ITEM_07	SYN_SHORT	142.02	20	-99.9999999999943	0.0649350649350649	124.3277	124.3277		124.3277	-0.0876707586410824	observed	FALSE	SYNTHETIC_TEACHING_FIXTURE
SYN_TRAJ_071	3	SYN_PROS_SPK_09	SYN_ITEM_07	SYN_SHORT	142.03	30	-90.0000000000034	0.0974025974025974	121.3193		quality_rejection			missing	FALSE	SYNTHETIC_TEACHING_FIXTURE
SYN_TRAJ_071	4	SYN_PROS_SPK_09	SYN_ITEM_07	SYN_SHORT	142.04	40	-80.0000000000125	0.12987012987013	125.6575	125.6575		125.6575	0.0965174856287411	observed	FALSE	SYNTHETIC_TEACHING_FIXTURE
SYN_TRAJ_071	5	SYN_PROS_SPK_09	SYN_ITEM_07	SYN_SHORT	142.05	50	-69.9999999999932	0.162337662337662	121.0402	121.0402		121.0402	-0.551608587109994	observed	FALSE	SYNTHETIC_TEACHING_FIXTURE
SYN_TRAJ_071	6	SYN_PROS_SPK_09	SYN_ITEM_07	SYN_SHORT	142.06	60	-60.0000000000023	0.194805194805195	121.8165	121.8165		121.8165	-0.440929197184714	observed	FALSE	SYNTHETIC_TEACHING_FIXTURE
SYN_TRAJ_071	7	SYN_PROS_SPK_09	SYN_ITEM_07	SYN_SHORT	142.07	70	-50.0000000000114	0.227272727272727	121.9826	121.9826		121.9826	-0.417339444799104	observed	FALSE	SYNTHETIC_TEACHING_FIXTURE
SYN_TRAJ_071	8	SYN_PROS_SPK_09	SYN_ITEM_07	SYN_SHORT	142.08	80	-39.999999999992	0.25974025974026	122.5769	122.5769		122.5769	-0.333198414036757	observed	FALSE	SYNTHETIC_TEACHING_FIXTURE
SYN_TRAJ_071	9	SYN_PROS_SPK_09	SYN_ITEM_07	SYN_SHORT	142.09	90	-30.0000000000011	0.292207792207792	125.5483	125.5483		125.5483	0.0814660202512545	observed	FALSE	SYNTHETIC_TEACHING_FIXTURE
SYN_TRAJ_071	10	SYN_PROS_SPK_09	SYN_ITEM_07	SYN_SHORT	142.1	100	-20.0000000000102	0.324675324675325	131.734	131.734		131.734	0.914089062178567	observed	FALSE	SYNTHETIC_TEACHING_FIXTURE
SYN_TRAJ_071	11	SYN_PROS_SPK_09	SYN_ITEM_07	SYN_SHORT	142.11	110	-9.9999999999909	0.357142857142857	132.7109	132.7109		132.7109	1.04199852353919	observed	FALSE	SYNTHETIC_TEACHING_FIXTURE
SYN_TRAJ_071	12	SYN_PROS_SPK_09	SYN_ITEM_07	SYN_SHORT	142.12	120	0	0.38961038961039	136.6751	136.6751		136.6751	1.55156126816305	observed	FALSE	SYNTHETIC_TEACHING_FIXTURE
SYN_TRAJ_071	13	SYN_PROS_SPK_09	SYN_ITEM_07	SYN_SHORT	142.13	130	9.9999999999909	0.422077922077922	136.6668	136.6668		136.6668	1.55050989311871	observed	FALSE	SYNTHETIC_TEACHING_FIXTURE
SYN_TRAJ_071	14	SYN_PROS_SPK_09	SYN_ITEM_07	SYN_SHORT	142.14	140	19.9999999999818	0.454545454545455	138.7145	138.7145		138.7145	1.80797932203491	observed	FALSE	SYNTHETIC_TEACHING_FIXTURE
SYN_TRAJ_071	15	SYN_PROS_SPK_09	SYN_ITEM_07	SYN_SHORT	142.15	150	30.0000000000011	0.487012987012987	140.2078	140.2078		140.2078	1.99335542904361	observed	FALSE	SYNTHETIC_TEACHING_FIXTURE
SYN_TRAJ_071	16	SYN_PROS_SPK_09	SYN_ITEM_07	SYN_SHORT	142.16	160	39.999999999992	0.519480519480519	144.5661	144.5661		144.5661	2.52330754432593	observed	FALSE	SYNTHETIC_TEACHING_FIXTURE
SYN_TRAJ_071	17	SYN_PROS_SPK_09	SYN_ITEM_07	SYN_SHORT	142.17	170	49.999999999983	0.551948051948052	146.6877	146.6877		146.6877	2.77553094027328	observed	FALSE	SYNTHETIC_TEACHING_FIXTURE
SYN_TRAJ_071	18	SYN_PROS_SPK_09	SYN_ITEM_07	SYN_SHORT	142.18	180	60.0000000000023	0.584415584415584	143.5519	143.5519		143.5519	2.4014252027346	observed	FALSE	SYNTHETIC_TEACHING_FIXTURE
SYN_TRAJ_071	19	SYN_PROS_SPK_09	SYN_ITEM_07	SYN_SHORT	142.19	190	69.9999999999932	0.616883116883117	140.5415	140.5415		140.5415	2.03451051468297	observed	FALSE	SYNTHETIC_TEACHING_FIXTURE
SYN_TRAJ_071	20	SYN_PROS_SPK_09	SYN_ITEM_07	SYN_SHORT	142.2	200	79.9999999999841	0.649350649350649	141.7674	141.7674		141.7674	2.18486589920956	observed	FALSE	SYNTHETIC_TEACHING_FIXTURE
SYN_TRAJ_071	21	SYN_PROS_SPK_09	SYN_ITEM_07	SYN_SHORT	142.21	210	90.0000000000034	0.681818181818182	138.4468	138.4468		138.4468	1.77453659398796	observed	FALSE	SYNTHETIC_TEACHING_FIXTURE
SYN_TRAJ_071	22	SYN_PROS_SPK_09	SYN_ITEM_07	SYN_SHORT	142.22	220	99.9999999999943	0.714285714285714	132.3511	132.3511		132.3511	0.994998320308598	observed	FALSE	SYNTHETIC_TEACHING_FIXTURE
SYN_TRAJ_071	23	SYN_PROS_SPK_09	SYN_ITEM_07	SYN_SHORT	142.23	230	109.999999999985	0.746753246753247	129.2203	129.2203		129.2203	0.580548849435622	observed	FALSE	SYNTHETIC_TEACHING_FIXTURE
SYN_TRAJ_071	24	SYN_PROS_SPK_09	SYN_ITEM_07	SYN_SHORT	142.24	240	120.000000000005	0.779220779220779	128.1858	128.1858		128.1858	0.441393540659013	observed	FALSE	SYNTHETIC_TEACHING_FIXTURE
SYN_TRAJ_071	25	SYN_PROS_SPK_09	SYN_ITEM_07	SYN_SHORT	142.25	250	129.999999999995	0.811688311688312	124.1508	124.1508		124.1508	-0.112321209687877	observed	FALSE	SYNTHETIC_TEACHING_FIXTURE
SYN_TRAJ_071	26	SYN_PROS_SPK_09	SYN_ITEM_07	SYN_SHORT	142.26	260	139.999999999986	0.844155844155844	121.3847	121.3847		121.3847	-0.50240485173718	observed	FALSE	SYNTHETIC_TEACHING_FIXTURE
SYN_TRAJ_071	27	SYN_PROS_SPK_09	SYN_ITEM_07	SYN_SHORT	142.27	270	150.000000000006	0.876623376623377	116.9837	116.9837		116.9837	-1.14175360556622	observed	FALSE	SYNTHETIC_TEACHING_FIXTURE
SYN_TRAJ_071	28	SYN_PROS_SPK_09	SYN_ITEM_07	SYN_SHORT	142.28	280	159.999999999997	0.909090909090909	117.9216	117.9216		117.9216	-1.00350784926625	observed	FALSE	SYNTHETIC_TEACHING_FIXTURE
SYN_TRAJ_071	29	SYN_PROS_SPK_09	SYN_ITEM_07	SYN_SHORT	142.29	290	169.999999999987	0.941558441558442	114.0748	114.0748		114.0748	-1.57768241225832	observed	FALSE	SYNTHETIC_TEACHING_FIXTURE
SYN_TRAJ_071	30	SYN_PROS_SPK_09	SYN_ITEM_07	SYN_SHORT	142.3	300	180.000000000007	0.974025974025974	112.7189	112.7189		112.7189	-1.78469065061339	observed	FALSE	SYNTHETIC_TEACHING_FIXTURE
SYN_TRAJ_072	0	SYN_PROS_SPK_09	SYN_ITEM_08	SYN_LONG	144	0	-120.000000000005	0	125.0591	125.0591		125.0591	0.0138765737670034	observed	TRUE	SYNTHETIC_TEACHING_FIXTURE
SYN_TRAJ_072	1	SYN_PROS_SPK_09	SYN_ITEM_08	SYN_LONG	144.01	10	-110.000000000014	0.0201207243460765	124.1697	124.1697		124.1697	-0.109685879653463	observed	FALSE	SYNTHETIC_TEACHING_FIXTURE
SYN_TRAJ_072	2	SYN_PROS_SPK_09	SYN_ITEM_08	SYN_LONG	144.02	20	-99.9999999999943	0.0402414486921529	124.6116	124.6116		124.6116	-0.0481834169790178	observed	FALSE	SYNTHETIC_TEACHING_FIXTURE
SYN_TRAJ_072	3	SYN_PROS_SPK_09	SYN_ITEM_08	SYN_LONG	144.03	30	-90.0000000000034	0.0603621730382294	124.5658	124.5658		124.5658	-0.0545475993117795	observed	FALSE	SYNTHETIC_TEACHING_FIXTURE
SYN_TRAJ_072	4	SYN_PROS_SPK_09	SYN_ITEM_08	SYN_LONG	144.04	40	-80.0000000000125	0.0804828973843058	128.5025	128.5025		128.5025	0.4841132206402	observed	FALSE	SYNTHETIC_TEACHING_FIXTURE
SYN_TRAJ_072	5	SYN_PROS_SPK_09	SYN_ITEM_08	SYN_LONG	144.05	50	-69.9999999999932	0.100603621730382	126.9706	126.9706		126.9706	0.276489856268942	observed	FALSE	SYNTHETIC_TEACHING_FIXTURE
SYN_TRAJ_072	6	SYN_PROS_SPK_09	SYN_ITEM_08	SYN_LONG	144.06	60	-60.0000000000023	0.120724346076459	128.136	128.136		128.136	0.434666414310153	observed	FALSE	SYNTHETIC_TEACHING_FIXTURE
SYN_TRAJ_072	7	SYN_PROS_SPK_09	SYN_ITEM_08	SYN_LONG	144.07	70	-50.0000000000114	0.140845070422535	130.1199	130.1199		130.1199	0.700655519915416	observed	FALSE	SYNTHETIC_TEACHING_FIXTURE
SYN_TRAJ_072	8	SYN_PROS_SPK_09	SYN_ITEM_08	SYN_LONG	144.08	80	-39.999999999992	0.160965794768612	124.7096	124.7096		124.7096	-0.0345735879274813	observed	FALSE	SYNTHETIC_TEACHING_FIXTURE
SYN_TRAJ_072	9	SYN_PROS_SPK_09	SYN_ITEM_08	SYN_LONG	144.09	90	-30.0000000000011	0.181086519114688	129.7374	129.7374		129.7374	0.649689277903122	observed	FALSE	SYNTHETIC_TEACHING_FIXTURE
SYN_TRAJ_072	10	SYN_PROS_SPK_09	SYN_ITEM_08	SYN_LONG	144.1	100	-20.0000000000102	0.201207243460765	127.2621	127.2621		127.2621	0.316190095180253	observed	FALSE	SYNTHETIC_TEACHING_FIXTURE
SYN_TRAJ_072	11	SYN_PROS_SPK_09	SYN_ITEM_08	SYN_LONG	144.11	110	-9.9999999999909	0.221327967806841	126.7599	126.7599		126.7599	0.247737215338151	observed	FALSE	SYNTHETIC_TEACHING_FIXTURE
SYN_TRAJ_072	12	SYN_PROS_SPK_09	SYN_ITEM_08	SYN_LONG	144.12	120	0	0.241448692152918	129.66	129.66		129.66	0.639357831298452	observed	FALSE	SYNTHETIC_TEACHING_FIXTURE
SYN_TRAJ_072	13	SYN_PROS_SPK_09	SYN_ITEM_08	SYN_LONG	144.13	130	9.9999999999909	0.261569416498994	130.6752	130.6752		130.6752	0.774380503267766	observed	FALSE	SYNTHETIC_TEACHING_FIXTURE
SYN_TRAJ_072	14	SYN_PROS_SPK_09	SYN_ITEM_08	SYN_LONG	144.14	140	19.9999999999818	0.28169014084507	132.9854	132.9854		132.9854	1.07777048690851	observed	FALSE	SYNTHETIC_TEACHING_FIXTURE
SYN_TRAJ_072	15	SYN_PROS_SPK_09	SYN_ITEM_08	SYN_LONG	144.15	150	30.0000000000011	0.301810865191147	135.4615	135.4615		135.4615	1.39715061042222	observed	FALSE	SYNTHETIC_TEACHING_FIXTURE
SYN_TRAJ_072	16	SYN_PROS_SPK_09	SYN_ITEM_08	SYN_LONG	144.16	160	39.999999999992	0.321931589537223	136.3716	136.3716		136.3716	1.51307482974195	observed	FALSE	SYNTHETIC_TEACHING_FIXTURE
SYN_TRAJ_072	17	SYN_PROS_SPK_09	SYN_ITEM_08	SYN_LONG	144.17	170	49.999999999983	0.3420523138833	135.7789	135.7789		135.7789	1.43766772645545	observed	FALSE	SYNTHETIC_TEACHING_FIXTURE
SYN_TRAJ_072	18	SYN_PROS_SPK_09	SYN_ITEM_08	SYN_LONG	144.18	180	60.0000000000023	0.362173038229376	136.9798	136.9798		136.9798	1.59011400248247	observed	FALSE	SYNTHETIC_TEACHING_FIXTURE
SYN_TRAJ_072	19	SYN_PROS_SPK_09	SYN_ITEM_08	SYN_LONG	144.19	190	69.9999999999932	0.382293762575453	141.7383	141.7383		141.7383	2.18131190286982	observed	FALSE	SYNTHETIC_TEACHING_FIXTURE
SYN_TRAJ_072	20	SYN_PROS_SPK_09	SYN_ITEM_08	SYN_LONG	144.2	200	79.9999999999841	0.402414486921529	142.0854	142.0854		142.0854	2.22365590994204	observed	FALSE	SYNTHETIC_TEACHING_FIXTURE
SYN_TRAJ_072	21	SYN_PROS_SPK_09	SYN_ITEM_08	SYN_LONG	144.21	210	90.0000000000034	0.422535211267606	139.3426	139.3426		139.3426	1.88619275055147	observed	FALSE	SYNTHETIC_TEACHING_FIXTURE
SYN_TRAJ_072	22	SYN_PROS_SPK_09	SYN_ITEM_08	SYN_LONG	144.22	220	99.9999999999943	0.442655935613682	138.0193	138.0193		138.0193	1.72099634830498	observed	FALSE	SYNTHETIC_TEACHING_FIXTURE
SYN_TRAJ_072	23	SYN_PROS_SPK_09	SYN_ITEM_08	SYN_LONG	144.23	230	109.999999999985	0.462776659959759	135.883	135.883		135.883	1.45093579778449	observed	FALSE	SYNTHETIC_TEACHING_FIXTURE
SYN_TRAJ_072	24	SYN_PROS_SPK_09	SYN_ITEM_08	SYN_LONG	144.24	240	120.000000000005	0.482897384305835	136.3347	136.3347		136.3347	1.50838975009396	observed	FALSE	SYNTHETIC_TEACHING_FIXTURE
SYN_TRAJ_072	25	SYN_PROS_SPK_09	SYN_ITEM_08	SYN_LONG	144.25	250	129.999999999995	0.503018108651911	136.3556	136.3556		136.3556	1.51104351458037	observed	FALSE	SYNTHETIC_TEACHING_FIXTURE
SYN_TRAJ_072	26	SYN_PROS_SPK_09	SYN_ITEM_08	SYN_LONG	144.26	260	139.999999999986	0.523138832997988	136.1825	136.1825		136.1825	1.4890519725398	observed	FALSE	SYNTHETIC_TEACHING_FIXTURE
SYN_TRAJ_072	27	SYN_PROS_SPK_09	SYN_ITEM_08	SYN_LONG	144.27	270	150.000000000006	0.543259557344064	134.0973	134.0973		134.0973	1.22191836770947	observed	FALSE	SYNTHETIC_TEACHING_FIXTURE
SYN_TRAJ_072	28	SYN_PROS_SPK_09	SYN_ITEM_08	SYN_LONG	144.28	280	159.999999999997	0.563380281690141	128.268	128.268		128.268	0.452491636589484	observed	FALSE	SYNTHETIC_TEACHING_FIXTURE
SYN_TRAJ_072	29	SYN_PROS_SPK_09	SYN_ITEM_08	SYN_LONG	144.29	290	169.999999999987	0.583501006036217	130.44	130.44		130.44	0.743192249312074	observed	FALSE	SYNTHETIC_TEACHING_FIXTURE
SYN_TRAJ_072	30	SYN_PROS_SPK_09	SYN_ITEM_08	SYN_LONG	144.3	300	180.000000000007	0.603621730382294	129.8111	129.8111		129.8111	0.659521116873139	observed	FALSE	SYNTHETIC_TEACHING_FIXTURE
SYN_TRAJ_072	31	SYN_PROS_SPK_09	SYN_ITEM_08	SYN_LONG	144.31	310	189.999999999998	0.62374245472837	126.4972	126.4972		126.4972	0.211821511667532	observed	FALSE	SYNTHETIC_TEACHING_FIXTURE
SYN_TRAJ_072	32	SYN_PROS_SPK_09	SYN_ITEM_08	SYN_LONG	144.32	320	199.999999999989	0.643863179074447	126.7442	126.7442		126.7442	0.24559284176746	observed	FALSE	SYNTHETIC_TEACHING_FIXTURE
SYN_TRAJ_072	33	SYN_PROS_SPK_09	SYN_ITEM_08	SYN_LONG	144.33	330	210.000000000008	0.663983903420523	123.8247	123.8247		123.8247	-0.157854397348742	observed	FALSE	SYNTHETIC_TEACHING_FIXTURE
SYN_TRAJ_072	34	SYN_PROS_SPK_09	SYN_ITEM_08	SYN_LONG	144.34	340	219.999999999999	0.6841046277666	122.9354	122.9354		122.9354	-0.282639004368912	observed	FALSE	SYNTHETIC_TEACHING_FIXTURE
SYN_TRAJ_072	35	SYN_PROS_SPK_09	SYN_ITEM_08	SYN_LONG	144.35	350	229.99999999999	0.704225352112676	120.0521	120.0521		120.0521	-0.693516225129533	observed	FALSE	SYNTHETIC_TEACHING_FIXTURE
SYN_TRAJ_072	36	SYN_PROS_SPK_09	SYN_ITEM_08	SYN_LONG	144.36	360	240.000000000009	0.724346076458752	117.801	117.801		117.801	-1.02122247183824	observed	FALSE	SYNTHETIC_TEACHING_FIXTURE
SYN_TRAJ_072	37	SYN_PROS_SPK_09	SYN_ITEM_08	SYN_LONG	144.37	370	250	0.744466800804829	121.5962	121.5962		121.5962	-0.472266178791937	observed	FALSE	SYNTHETIC_TEACHING_FIXTURE
SYN_TRAJ_072	38	SYN_PROS_SPK_09	SYN_ITEM_08	SYN_LONG	144.38	380	259.999999999991	0.764587525150905	124.4651	124.4651		124.4651	-0.0685486954201768	observed	FALSE	SYNTHETIC_TEACHING_FIXTURE
SYN_TRAJ_072	39	SYN_PROS_SPK_09	SYN_ITEM_08	SYN_LONG	144.39	390	269.999999999982	0.784708249496982	118.5947	118.5947		118.5947	-0.904969458095135	observed	FALSE	SYNTHETIC_TEACHING_FIXTURE
SYN_TRAJ_072	40	SYN_PROS_SPK_09	SYN_ITEM_08	SYN_LONG	144.4	400	280.000000000001	0.804828973843058	116.9334	116.9334		116.9334	-1.14919907013553	observed	FALSE	SYNTHETIC_TEACHING_FIXTURE
SYN_TRAJ_072	41	SYN_PROS_SPK_09	SYN_ITEM_08	SYN_LONG	144.41	410	289.999999999992	0.824949698189135	120.7714	120.7714		120.7714	-0.590097716999993	observed	FALSE	SYNTHETIC_TEACHING_FIXTURE
SYN_TRAJ_072	42	SYN_PROS_SPK_09	SYN_ITEM_08	SYN_LONG	144.42	420	299.999999999983	0.845070422535211	119.9614	119.9614		119.9614	-0.706600733769663	observed	FALSE	SYNTHETIC_TEACHING_FIXTURE
SYN_TRAJ_072	43	SYN_PROS_SPK_09	SYN_ITEM_08	SYN_LONG	144.43	430	310.000000000002	0.865191146881288	118.7117	118.7117		118.7117	-0.887898329785638	observed	FALSE	SYNTHETIC_TEACHING_FIXTURE
SYN_TRAJ_072	44	SYN_PROS_SPK_09	SYN_ITEM_08	SYN_LONG	144.44	440	319.999999999993	0.885311871227364	120.8077	120.8077		120.8077	-0.5848949658966	observed	FALSE	SYNTHETIC_TEACHING_FIXTURE
SYN_TRAJ_072	45	SYN_PROS_SPK_09	SYN_ITEM_08	SYN_LONG	144.45	450	329.999999999984	0.905432595573441	113.7374	113.7374		113.7374	-1.62896314219659	observed	FALSE	SYNTHETIC_TEACHING_FIXTURE
SYN_TRAJ_072	46	SYN_PROS_SPK_09	SYN_ITEM_08	SYN_LONG	144.46	460	340.000000000003	0.925553319919517	113.1758	113.1758		113.1758	-1.71465785075712	observed	FALSE	SYNTHETIC_TEACHING_FIXTURE
SYN_TRAJ_072	47	SYN_PROS_SPK_09	SYN_ITEM_08	SYN_LONG	144.47	470	349.999999999994	0.945674044265594	114.0257	114.0257		114.0257	-1.58513558251635	observed	FALSE	SYNTHETIC_TEACHING_FIXTURE
SYN_TRAJ_072	48	SYN_PROS_SPK_09	SYN_ITEM_08	SYN_LONG	144.48	480	359.999999999985	0.96579476861167	113.2483	113.2483		113.2483	-1.70357117996131	observed	FALSE	SYNTHETIC_TEACHING_FIXTURE
SYN_TRAJ_072	49	SYN_PROS_SPK_09	SYN_ITEM_08	SYN_LONG	144.49	490	370.000000000005	0.985915492957746	111.628	111.628		111.628	-1.95305652590302	observed	FALSE	SYNTHETIC_TEACHING_FIXTURE
SYN_TRAJ_073	0	SYN_PROS_SPK_10	SYN_ITEM_01	SYN_SHORT	146	0	-120.000000000005	0	127.3706	127.3706		127.3706	-0.467631184896693	observed	TRUE	SYNTHETIC_TEACHING_FIXTURE
SYN_TRAJ_073	1	SYN_PROS_SPK_10	SYN_ITEM_01	SYN_SHORT	146.01	10	-110.000000000014	0.0301204819277108	125.0767	125.0767		125.0767	-0.782262166464033	observed	FALSE	SYNTHETIC_TEACHING_FIXTURE
SYN_TRAJ_073	2	SYN_PROS_SPK_10	SYN_ITEM_01	SYN_SHORT	146.02	20	-99.9999999999943	0.0602409638554217	124.2815	124.2815		124.2815	-0.892680190223885	observed	FALSE	SYNTHETIC_TEACHING_FIXTURE
SYN_TRAJ_073	3	SYN_PROS_SPK_10	SYN_ITEM_01	SYN_SHORT	146.03	30	-90.0000000000034	0.0903614457831325	124.1017	124.1017		124.1017	-0.917744360134909	observed	FALSE	SYNTHETIC_TEACHING_FIXTURE
SYN_TRAJ_073	4	SYN_PROS_SPK_10	SYN_ITEM_01	SYN_SHORT	146.04	40	-80.0000000000125	0.120481927710843	127.1807	127.1807		127.1807	-0.493461845113931	observed	FALSE	SYNTHETIC_TEACHING_FIXTURE
SYN_TRAJ_073	5	SYN_PROS_SPK_10	SYN_ITEM_01	SYN_SHORT	146.05	50	-69.9999999999932	0.150602409638554	129.9618	129.9618		129.9618	-0.118967332669829	observed	FALSE	SYNTHETIC_TEACHING_FIXTURE
SYN_TRAJ_073	6	SYN_PROS_SPK_10	SYN_ITEM_01	SYN_SHORT	146.06	60	-60.0000000000023	0.180722891566265	127.8111	127.8111		127.8111	-0.407861275369574	observed	FALSE	SYNTHETIC_TEACHING_FIXTURE
SYN_TRAJ_073	7	SYN_PROS_SPK_10	SYN_ITEM_01	SYN_SHORT	146.07	70	-50.0000000000114	0.210843373493976	130.7943	130.7943		130.7943	-0.00842286274218863	observed	FALSE	SYNTHETIC_TEACHING_FIXTURE
SYN_TRAJ_073	8	SYN_PROS_SPK_10	SYN_ITEM_01	SYN_SHORT	146.08	80	-39.999999999992	0.240963855421687	129.6691	129.6691		129.6691	-0.158002164104857	observed	FALSE	SYNTHETIC_TEACHING_FIXTURE
SYN_TRAJ_073	9	SYN_PROS_SPK_10	SYN_ITEM_01	SYN_SHORT	146.09	90	-30.0000000000011	0.271084337349398	128.376	128.376		128.376	-0.331512723913047	observed	FALSE	SYNTHETIC_TEACHING_FIXTURE
SYN_TRAJ_073	10	SYN_PROS_SPK_10	SYN_ITEM_01	SYN_SHORT	146.1	100	-20.0000000000102	0.301204819277108	128.9115	128.9115		128.9115	-0.259447258474187	observed	FALSE	SYNTHETIC_TEACHING_FIXTURE
SYN_TRAJ_073	11	SYN_PROS_SPK_10	SYN_ITEM_01	SYN_SHORT	146.11	110	-9.9999999999909	0.331325301204819	128.592	128.592		128.592	-0.30240819395831	observed	FALSE	SYNTHETIC_TEACHING_FIXTURE
SYN_TRAJ_073	12	SYN_PROS_SPK_10	SYN_ITEM_01	SYN_SHORT	146.12	120	0	0.36144578313253	132.9105	132.9105		132.9105	0.26944209399857	observed	FALSE	SYNTHETIC_TEACHING_FIXTURE
SYN_TRAJ_073	13	SYN_PROS_SPK_10	SYN_ITEM_01	SYN_SHORT	146.13	130	9.9999999999909	0.391566265060241	134.739	134.739		134.739	0.505991066282518	observed	FALSE	SYNTHETIC_TEACHING_FIXTURE
SYN_TRAJ_073	14	SYN_PROS_SPK_10	SYN_ITEM_01	SYN_SHORT	146.14	140	19.9999999999818	0.421686746987952	138.5075	138.5075		138.5075	0.983550281794454	observed	FALSE	SYNTHETIC_TEACHING_FIXTURE
SYN_TRAJ_073	15	SYN_PROS_SPK_10	SYN_ITEM_01	SYN_SHORT	146.15	150	30.0000000000011	0.451807228915663	142.2173	142.2173		142.2173	1.44114476491206	observed	FALSE	SYNTHETIC_TEACHING_FIXTURE
SYN_TRAJ_073	16	SYN_PROS_SPK_10	SYN_ITEM_01	SYN_SHORT	146.16	160	39.999999999992	0.481927710843373	142.8847	142.8847		142.8847	1.52219840290053	observed	FALSE	SYNTHETIC_TEACHING_FIXTURE
SYN_TRAJ_073	17	SYN_PROS_SPK_10	SYN_ITEM_01	SYN_SHORT	146.17	170	49.999999999983	0.512048192771084	148.049	148.049		148.049	2.13687805054343	observed	FALSE	SYNTHETIC_TEACHING_FIXTURE
SYN_TRAJ_073	18	SYN_PROS_SPK_10	SYN_ITEM_01	SYN_SHORT	146.18	180	60.0000000000023	0.542168674698795	149.1879	149.1879		149.1879	2.26954745381376	observed	FALSE	SYNTHETIC_TEACHING_FIXTURE
SYN_TRAJ_073	19	SYN_PROS_SPK_10	SYN_ITEM_01	SYN_SHORT	146.19	190	69.9999999999932	0.572289156626506	148.3603	148.3603		148.3603	2.17324218335721	observed	FALSE	SYNTHETIC_TEACHING_FIXTURE
SYN_TRAJ_073	20	SYN_PROS_SPK_10	SYN_ITEM_01	SYN_SHORT	146.2	200	79.9999999999841	0.602409638554217	145.1274	145.1274		145.1274	1.79182020551545	observed	FALSE	SYNTHETIC_TEACHING_FIXTURE
SYN_TRAJ_073	21	SYN_PROS_SPK_10	SYN_ITEM_01	SYN_SHORT	146.21	210	90.0000000000034	0.632530120481928	142.5387	142.5387		142.5387	1.48022516073515	observed	FALSE	SYNTHETIC_TEACHING_FIXTURE
SYN_TRAJ_073	22	SYN_PROS_SPK_10	SYN_ITEM_01	SYN_SHORT	146.22	220	99.9999999999943	0.662650602409639	142.5929	142.5929		142.5929	1.48680688556604	observed	FALSE	SYNTHETIC_TEACHING_FIXTURE
SYN_TRAJ_073	23	SYN_PROS_SPK_10	SYN_ITEM_01	SYN_SHORT	146.23	230	109.999999999985	0.692771084337349	136.4185	136.4185		136.4185	0.720452755016239	observed	FALSE	SYNTHETIC_TEACHING_FIXTURE
SYN_TRAJ_073	24	SYN_PROS_SPK_10	SYN_ITEM_01	SYN_SHORT	146.24	240	120.000000000005	0.72289156626506	136.2836	136.2836		136.2836	0.703324651325874	observed	FALSE	SYNTHETIC_TEACHING_FIXTURE
SYN_TRAJ_073	25	SYN_PROS_SPK_10	SYN_ITEM_01	SYN_SHORT	146.25	250	129.999999999995	0.753012048192771	131.0109	131.0109		131.0109	0.0202232742011901	observed	FALSE	SYNTHETIC_TEACHING_FIXTURE
SYN_TRAJ_073	26	SYN_PROS_SPK_10	SYN_ITEM_01	SYN_SHORT	146.26	260	139.999999999986	0.783132530120482	128.2567	128.2567		128.2567	-0.347608586749797	observed	FALSE	SYNTHETIC_TEACHING_FIXTURE
SYN_TRAJ_073	27	SYN_PROS_SPK_10	SYN_ITEM_01	SYN_SHORT	146.27	270	150.000000000006	0.813253012048193	122.0773	122.0773		122.0773	-1.2024793871779	observed	FALSE	SYNTHETIC_TEACHING_FIXTURE
SYN_TRAJ_073	28	SYN_PROS_SPK_10	SYN_ITEM_01	SYN_SHORT	146.28	280	159.999999999997	0.843373493975904	122.3426	122.3426		122.3426	-1.16489680297823	observed	FALSE	SYNTHETIC_TEACHING_FIXTURE
SYN_TRAJ_073	29	SYN_PROS_SPK_10	SYN_ITEM_01	SYN_SHORT	146.29	290	169.999999999987	0.873493975903614	122.9425	122.9425		122.9425	-1.08021417229273	observed	FALSE	SYNTHETIC_TEACHING_FIXTURE
SYN_TRAJ_073	30	SYN_PROS_SPK_10	SYN_ITEM_01	SYN_SHORT	146.3	300	180.000000000007	0.903614457831325	117.8218	117.8218		117.8218	-1.81674091413206	observed	FALSE	SYNTHETIC_TEACHING_FIXTURE
SYN_TRAJ_073	31	SYN_PROS_SPK_10	SYN_ITEM_01	SYN_SHORT	146.31	310	189.999999999998	0.933734939759036	118.4628	118.4628		118.4628	-1.72280980327886	observed	FALSE	SYNTHETIC_TEACHING_FIXTURE
SYN_TRAJ_073	32	SYN_PROS_SPK_10	SYN_ITEM_01	SYN_SHORT	146.32	320	199.999999999989	0.963855421686747	117.2145	117.2145		117.2145	-1.90620630971433	observed	FALSE	SYNTHETIC_TEACHING_FIXTURE
SYN_TRAJ_073	33	SYN_PROS_SPK_10	SYN_ITEM_01	SYN_SHORT	146.33	330	210.000000000008	0.993975903614458	119.8629	119.8629		119.8629	-1.5193966860506	observed	FALSE	SYNTHETIC_TEACHING_FIXTURE
SYN_TRAJ_074	0	SYN_PROS_SPK_10	SYN_ITEM_02	SYN_LONG	148	0	-120.000000000005	0	127.01	127.01		127.01	-0.516713812758657	observed	TRUE	SYNTHETIC_TEACHING_FIXTURE
SYN_TRAJ_074	1	SYN_PROS_SPK_10	SYN_ITEM_02	SYN_LONG	148.01	10	-110.000000000014	0.0226757369614512	125.7307	125.7307		125.7307	-0.691975385908121	observed	FALSE	SYNTHETIC_TEACHING_FIXTURE
SYN_TRAJ_074	2	SYN_PROS_SPK_10	SYN_ITEM_02	SYN_LONG	148.02	20	-99.9999999999943	0.0453514739229025	128.4069	128.4069		128.4069	-0.327346158898446	observed	FALSE	SYNTHETIC_TEACHING_FIXTURE
SYN_TRAJ_074	3	SYN_PROS_SPK_10	SYN_ITEM_02	SYN_LONG	148.03	30	-90.0000000000034	0.0680272108843537	128.1943	128.1943		128.1943	-0.356033510559314	observed	FALSE	SYNTHETIC_TEACHING_FIXTURE
SYN_TRAJ_074	4	SYN_PROS_SPK_10	SYN_ITEM_02	SYN_LONG	148.04	40	-80.0000000000125	0.090702947845805	126.0231	126.0231		126.0231	-0.651760456594683	observed	FALSE	SYNTHETIC_TEACHING_FIXTURE
SYN_TRAJ_074	5	SYN_PROS_SPK_10	SYN_ITEM_02	SYN_LONG	148.05	50	-69.9999999999932	0.113378684807256	124.9906	124.9906		124.9906	-0.794183697788987	observed	FALSE	SYNTHETIC_TEACHING_FIXTURE
SYN_TRAJ_074	6	SYN_PROS_SPK_10	SYN_ITEM_02	SYN_LONG	148.06	60	-60.0000000000023	0.136054421768707	131.0149	131.0149		131.0149	0.0207518432349933	observed	FALSE	SYNTHETIC_TEACHING_FIXTURE
SYN_TRAJ_074	7	SYN_PROS_SPK_10	SYN_ITEM_02	SYN_LONG	148.07	70	-50.0000000000114	0.158730158730159	130.4104	130.4104		130.4104	-0.0593117808961768	observed	FALSE	SYNTHETIC_TEACHING_FIXTURE
SYN_TRAJ_074	8	SYN_PROS_SPK_10	SYN_ITEM_02	SYN_LONG	148.08	80	-39.999999999992	0.18140589569161	132.7697	132.7697		132.7697	0.251092380551423	observed	FALSE	SYNTHETIC_TEACHING_FIXTURE
SYN_TRAJ_074	9	SYN_PROS_SPK_10	SYN_ITEM_02	SYN_LONG	148.09	90	-30.0000000000011	0.204081632653061	134.0799	134.0799		134.0799	0.421096838366562	observed	FALSE	SYNTHETIC_TEACHING_FIXTURE
SYN_TRAJ_074	10	SYN_PROS_SPK_10	SYN_ITEM_02	SYN_LONG	148.1	100	-20.0000000000102	0.226757369614512	135.9145	135.9145		135.9145	0.656373634462822	observed	FALSE	SYNTHETIC_TEACHING_FIXTURE
SYN_TRAJ_074	11	SYN_PROS_SPK_10	SYN_ITEM_02	SYN_LONG	148.11	110	-9.9999999999909	0.249433106575964	140.3707	140.3707		140.3707	1.21488304822521	observed	FALSE	SYNTHETIC_TEACHING_FIXTURE
SYN_TRAJ_074	12	SYN_PROS_SPK_10	SYN_ITEM_02	SYN_LONG	148.12	120	0	0.272108843537415	140.6923		estimator_failure	141.63085	1.36960766645258	interpolated_estimator_failure	FALSE	SYNTHETIC_TEACHING_FIXTURE
SYN_TRAJ_074	13	SYN_PROS_SPK_10	SYN_ITEM_02	SYN_LONG	148.13	130	9.9999999999909	0.294784580498866	142.891	142.891		142.891	1.52296171304277	observed	FALSE	SYNTHETIC_TEACHING_FIXTURE
SYN_TRAJ_074	14	SYN_PROS_SPK_10	SYN_ITEM_02	SYN_LONG	148.14	140	19.9999999999818	0.317460317460317	142.9572	142.9572		142.9572	1.53098049336724	observed	FALSE	SYNTHETIC_TEACHING_FIXTURE
SYN_TRAJ_074	15	SYN_PROS_SPK_10	SYN_ITEM_02	SYN_LONG	148.15	150	30.0000000000011	0.340136054421769	145.9574	145.9574		145.9574	1.89054938375132	observed	FALSE	SYNTHETIC_TEACHING_FIXTURE
SYN_TRAJ_074	16	SYN_PROS_SPK_10	SYN_ITEM_02	SYN_LONG	148.16	160	39.999999999992	0.36281179138322	149.7372	149.7372		149.7372	2.33317328741127	observed	FALSE	SYNTHETIC_TEACHING_FIXTURE
SYN_TRAJ_074	17	SYN_PROS_SPK_10	SYN_ITEM_02	SYN_LONG	148.17	170	49.999999999983	0.385487528344671	147.2633	147.2633		147.2633	2.04475633384572	observed	FALSE	SYNTHETIC_TEACHING_FIXTURE
SYN_TRAJ_074	18	SYN_PROS_SPK_10	SYN_ITEM_02	SYN_LONG	148.18	180	60.0000000000023	0.408163265306122	149.1355	149.1355		149.1355	2.26346568717366	observed	FALSE	SYNTHETIC_TEACHING_FIXTURE
SYN_TRAJ_074	19	SYN_PROS_SPK_10	SYN_ITEM_02	SYN_LONG	148.19	190	69.9999999999932	0.430839002267574	147.0264	147.0264		147.0264	2.01688383713157	observed	FALSE	SYNTHETIC_TEACHING_FIXTURE
SYN_TRAJ_074	20	SYN_PROS_SPK_10	SYN_ITEM_02	SYN_LONG	148.2	200	79.9999999999841	0.453514739229025	143.7684	143.7684		143.7684	1.62894041097737	observed	FALSE	SYNTHETIC_TEACHING_FIXTURE
SYN_TRAJ_074	21	SYN_PROS_SPK_10	SYN_ITEM_02	SYN_LONG	148.21	210	90.0000000000034	0.476190476190476	144.2113	144.2113		144.2113	1.6821916759017	observed	FALSE	SYNTHETIC_TEACHING_FIXTURE
SYN_TRAJ_074	22	SYN_PROS_SPK_10	SYN_ITEM_02	SYN_LONG	148.22	220	99.9999999999943	0.498866213151927	140.6028	140.6028		140.6028	1.24348499924086	observed	FALSE	SYNTHETIC_TEACHING_FIXTURE
SYN_TRAJ_074	23	SYN_PROS_SPK_10	SYN_ITEM_02	SYN_LONG	148.23	230	109.999999999985	0.521541950113379	139.3925	139.3925		139.3925	1.0938163712474	observed	FALSE	SYNTHETIC_TEACHING_FIXTURE
SYN_TRAJ_074	24	SYN_PROS_SPK_10	SYN_ITEM_02	SYN_LONG	148.24	240	120.000000000005	0.54421768707483	134.0269	134.0269		134.0269	0.414252147683911	observed	FALSE	SYNTHETIC_TEACHING_FIXTURE
SYN_TRAJ_074	25	SYN_PROS_SPK_10	SYN_ITEM_02	SYN_LONG	148.25	250	129.999999999995	0.566893424036281	133.9895	133.9895		133.9895	0.409420491572166	observed	FALSE	SYNTHETIC_TEACHING_FIXTURE
SYN_TRAJ_074	26	SYN_PROS_SPK_10	SYN_ITEM_02	SYN_LONG	148.26	260	139.999999999986	0.589569160997732	136.0224	136.0224		136.0224	0.67011212774545	observed	FALSE	SYNTHETIC_TEACHING_FIXTURE
SYN_TRAJ_074	27	SYN_PROS_SPK_10	SYN_ITEM_02	SYN_LONG	148.27	270	150.000000000006	0.612244897959184	131.4263	131.4263		131.4263	0.0750291648737283	observed	FALSE	SYNTHETIC_TEACHING_FIXTURE
SYN_TRAJ_074	28	SYN_PROS_SPK_10	SYN_ITEM_02	SYN_LONG	148.28	280	159.999999999997	0.634920634920635	131.2156	131.2156		131.2156	0.0472520971331072	observed	FALSE	SYNTHETIC_TEACHING_FIXTURE
SYN_TRAJ_074	29	SYN_PROS_SPK_10	SYN_ITEM_02	SYN_LONG	148.29	290	169.999999999987	0.657596371882086	125.6604	125.6604		125.6604	-0.701657968690239	observed	FALSE	SYNTHETIC_TEACHING_FIXTURE
SYN_TRAJ_074	30	SYN_PROS_SPK_10	SYN_ITEM_02	SYN_LONG	148.3	300	180.000000000007	0.680272108843537	124.9835	124.9835		124.9835	-0.795167140613797	observed	FALSE	SYNTHETIC_TEACHING_FIXTURE
SYN_TRAJ_074	31	SYN_PROS_SPK_10	SYN_ITEM_02	SYN_LONG	148.31	310	189.999999999998	0.702947845804989	120.2304	120.2304		120.2304	-1.46639820505117	observed	FALSE	SYNTHETIC_TEACHING_FIXTURE
SYN_TRAJ_074	32	SYN_PROS_SPK_10	SYN_ITEM_02	SYN_LONG	148.32	320	199.999999999989	0.72562358276644	119.5692	119.5692		119.5692	-1.56186916114775	observed	FALSE	SYNTHETIC_TEACHING_FIXTURE
SYN_TRAJ_074	33	SYN_PROS_SPK_10	SYN_ITEM_02	SYN_LONG	148.33	330	210.000000000008	0.748299319727891	122.7104	122.7104		122.7104	-1.11292858701014	observed	FALSE	SYNTHETIC_TEACHING_FIXTURE
SYN_TRAJ_074	34	SYN_PROS_SPK_10	SYN_ITEM_02	SYN_LONG	148.34	340	219.999999999999	0.770975056689342	122.2523		quality_rejection			missing	FALSE	SYNTHETIC_TEACHING_FIXTURE
SYN_TRAJ_074	35	SYN_PROS_SPK_10	SYN_ITEM_02	SYN_LONG	148.35	350	229.99999999999	0.793650793650794	115.786	115.786		115.786	-2.11848901515988	observed	FALSE	SYNTHETIC_TEACHING_FIXTURE
SYN_TRAJ_074	36	SYN_PROS_SPK_10	SYN_ITEM_02	SYN_LONG	148.36	360	240.000000000009	0.816326530612245	117.2327	117.2327		117.2327	-1.9035184158298	observed	FALSE	SYNTHETIC_TEACHING_FIXTURE
SYN_TRAJ_074	37	SYN_PROS_SPK_10	SYN_ITEM_02	SYN_LONG	148.37	370	250	0.839002267573696	115.6993	115.6993		115.6993	-2.13145726835545	observed	FALSE	SYNTHETIC_TEACHING_FIXTURE
SYN_TRAJ_074	38	SYN_PROS_SPK_10	SYN_ITEM_02	SYN_LONG	148.38	380	259.999999999991	0.861678004535147	114.6206	114.6206		114.6206	-2.29362265860962	observed	FALSE	SYNTHETIC_TEACHING_FIXTURE
SYN_TRAJ_074	39	SYN_PROS_SPK_10	SYN_ITEM_02	SYN_LONG	148.39	390	269.999999999982	0.884353741496599	117.1068	117.1068		117.1068	-1.92212069054222	observed	FALSE	SYNTHETIC_TEACHING_FIXTURE
SYN_TRAJ_074	40	SYN_PROS_SPK_10	SYN_ITEM_02	SYN_LONG	148.4	400	280.000000000001	0.90702947845805	117.0973	117.0973		117.0973	-1.92352516838656	observed	FALSE	SYNTHETIC_TEACHING_FIXTURE
SYN_TRAJ_074	41	SYN_PROS_SPK_10	SYN_ITEM_02	SYN_LONG	148.41	410	289.999999999992	0.929705215419501	114.7632	114.7632		114.7632	-2.27209768542495	observed	FALSE	SYNTHETIC_TEACHING_FIXTURE
SYN_TRAJ_074	42	SYN_PROS_SPK_10	SYN_ITEM_02	SYN_LONG	148.42	420	299.999999999983	0.952380952380952	116.0711	116.0711		116.0711	-2.07591321513893	observed	FALSE	SYNTHETIC_TEACHING_FIXTURE
SYN_TRAJ_074	43	SYN_PROS_SPK_10	SYN_ITEM_02	SYN_LONG	148.43	430	310.000000000002	0.975056689342404	116.4964	116.4964		116.4964	-2.01259442280191	observed	FALSE	SYNTHETIC_TEACHING_FIXTURE
SYN_TRAJ_074	44	SYN_PROS_SPK_10	SYN_ITEM_02	SYN_LONG	148.44	440	319.999999999993	0.997732426303855	115.3803	115.3803		115.3803	-2.17925586351243	observed	FALSE	SYNTHETIC_TEACHING_FIXTURE
SYN_TRAJ_075	0	SYN_PROS_SPK_10	SYN_ITEM_03	SYN_SHORT	150	0	-120.000000000005	0			structural_unvoiced			missing	TRUE	SYNTHETIC_TEACHING_FIXTURE
SYN_TRAJ_075	1	SYN_PROS_SPK_10	SYN_ITEM_03	SYN_SHORT	150.01	10	-110.000000000014	0.0294117647058824			structural_unvoiced			missing	FALSE	SYNTHETIC_TEACHING_FIXTURE
SYN_TRAJ_075	2	SYN_PROS_SPK_10	SYN_ITEM_03	SYN_SHORT	150.02	20	-99.9999999999943	0.0588235294117647			structural_unvoiced			missing	FALSE	SYNTHETIC_TEACHING_FIXTURE
SYN_TRAJ_075	3	SYN_PROS_SPK_10	SYN_ITEM_03	SYN_SHORT	150.03	30	-90.0000000000034	0.0882352941176471	120.7687	120.7687		120.7687	-1.38905975537053	observed	FALSE	SYNTHETIC_TEACHING_FIXTURE
SYN_TRAJ_075	4	SYN_PROS_SPK_10	SYN_ITEM_03	SYN_SHORT	150.04	40	-80.0000000000125	0.117647058823529	121.5632	121.5632		121.5632	-1.27554020798187	observed	FALSE	SYNTHETIC_TEACHING_FIXTURE
SYN_TRAJ_075	5	SYN_PROS_SPK_10	SYN_ITEM_03	SYN_SHORT	150.05	50	-69.9999999999932	0.147058823529412	122.4509	122.4509		122.4509	-1.14957836848168	observed	FALSE	SYNTHETIC_TEACHING_FIXTURE
SYN_TRAJ_075	6	SYN_PROS_SPK_10	SYN_ITEM_03	SYN_SHORT	150.06	60	-60.0000000000023	0.176470588235294	129.0171	129.0171		129.0171	-0.245271372140048	observed	FALSE	SYNTHETIC_TEACHING_FIXTURE
SYN_TRAJ_075	7	SYN_PROS_SPK_10	SYN_ITEM_03	SYN_SHORT	150.07	70	-50.0000000000114	0.205882352941176	131.262	131.262		131.262	0.0533729440711685	observed	FALSE	SYNTHETIC_TEACHING_FIXTURE
SYN_TRAJ_075	8	SYN_PROS_SPK_10	SYN_ITEM_03	SYN_SHORT	150.08	80	-39.999999999992	0.235294117647059	127.271	127.271		127.271	-0.481174213222024	observed	FALSE	SYNTHETIC_TEACHING_FIXTURE
SYN_TRAJ_075	9	SYN_PROS_SPK_10	SYN_ITEM_03	SYN_SHORT	150.09	90	-30.0000000000011	0.264705882352941	128.8352	128.8352		128.8352	-0.269697101580022	observed	FALSE	SYNTHETIC_TEACHING_FIXTURE
SYN_TRAJ_075	10	SYN_PROS_SPK_10	SYN_ITEM_03	SYN_SHORT	150.1	100	-20.0000000000102	0.294117647058824	130.9901	130.9901		130.9901	0.0174744550519382	observed	FALSE	SYNTHETIC_TEACHING_FIXTURE
SYN_TRAJ_075	11	SYN_PROS_SPK_10	SYN_ITEM_03	SYN_SHORT	150.11	110	-9.9999999999909	0.323529411764706	130.1501	130.1501		130.1501	-0.0939018567430804	observed	FALSE	SYNTHETIC_TEACHING_FIXTURE
SYN_TRAJ_075	12	SYN_PROS_SPK_10	SYN_ITEM_03	SYN_SHORT	150.12	120	0	0.352941176470588	130.5229	130.5229		130.5229	-0.0443835335174092	observed	FALSE	SYNTHETIC_TEACHING_FIXTURE
SYN_TRAJ_075	13	SYN_PROS_SPK_10	SYN_ITEM_03	SYN_SHORT	150.13	130	9.9999999999909	0.382352941176471	132.5384	132.5384		132.5384	0.220906001997496	observed	FALSE	SYNTHETIC_TEACHING_FIXTURE
SYN_TRAJ_075	14	SYN_PROS_SPK_10	SYN_ITEM_03	SYN_SHORT	150.14	140	19.9999999999818	0.411764705882353	132.4042	132.4042		132.4042	0.203367740558654	observed	FALSE	SYNTHETIC_TEACHING_FIXTURE
SYN_TRAJ_075	15	SYN_PROS_SPK_10	SYN_ITEM_03	SYN_SHORT	150.15	150	30.0000000000011	0.441176470588235	139.2876	139.2876		139.2876	1.08078304304604	observed	FALSE	SYNTHETIC_TEACHING_FIXTURE
SYN_TRAJ_075	16	SYN_PROS_SPK_10	SYN_ITEM_03	SYN_SHORT	150.16	160	39.999999999992	0.470588235294118	140.2649	140.2649		140.2649	1.20182949614066	observed	FALSE	SYNTHETIC_TEACHING_FIXTURE
SYN_TRAJ_075	17	SYN_PROS_SPK_10	SYN_ITEM_03	SYN_SHORT	150.17	170	49.999999999983	0.5	140.7765	140.7765		140.7765	1.26485937841671	observed	FALSE	SYNTHETIC_TEACHING_FIXTURE
SYN_TRAJ_075	18	SYN_PROS_SPK_10	SYN_ITEM_03	SYN_SHORT	150.18	180	60.0000000000023	0.529411764705882	143.2715	143.2715		143.2715	1.56900093508521	observed	FALSE	SYNTHETIC_TEACHING_FIXTURE
SYN_TRAJ_075	19	SYN_PROS_SPK_10	SYN_ITEM_03	SYN_SHORT	150.19	190	69.9999999999932	0.558823529411765	143.5703	143.5703		143.5703	1.60506910373908	observed	FALSE	SYNTHETIC_TEACHING_FIXTURE
SYN_TRAJ_075	20	SYN_PROS_SPK_10	SYN_ITEM_03	SYN_SHORT	150.2	200	79.9999999999841	0.588235294117647	141.8317	141.8317		141.8317	1.3941413071008	observed	FALSE	SYNTHETIC_TEACHING_FIXTURE
SYN_TRAJ_075	21	SYN_PROS_SPK_10	SYN_ITEM_03	SYN_SHORT	150.21	210	90.0000000000034	0.61764705882353	143.5288	143.5288		143.5288	1.60006412716223	observed	FALSE	SYNTHETIC_TEACHING_FIXTURE
SYN_TRAJ_075	22	SYN_PROS_SPK_10	SYN_ITEM_03	SYN_SHORT	150.22	220	99.9999999999943	0.647058823529412	141.7303	141.7303		141.7303	1.38175973692863	observed	FALSE	SYNTHETIC_TEACHING_FIXTURE
SYN_TRAJ_075	23	SYN_PROS_SPK_10	SYN_ITEM_03	SYN_SHORT	150.23	230	109.999999999985	0.676470588235294	141.6369	141.6369		141.6369	1.37034717640374	observed	FALSE	SYNTHETIC_TEACHING_FIXTURE
SYN_TRAJ_075	24	SYN_PROS_SPK_10	SYN_ITEM_03	SYN_SHORT	150.24	240	120.000000000005	0.705882352941177	141.6065	141.6065		141.6065	1.36663097222785	observed	FALSE	SYNTHETIC_TEACHING_FIXTURE
SYN_TRAJ_075	25	SYN_PROS_SPK_10	SYN_ITEM_03	SYN_SHORT	150.25	250	129.999999999995	0.735294117647059	138.6336	138.6336		138.6336	0.999304612613856	observed	FALSE	SYNTHETIC_TEACHING_FIXTURE
SYN_TRAJ_075	26	SYN_PROS_SPK_10	SYN_ITEM_03	SYN_SHORT	150.26	260	139.999999999986	0.764705882352941	138.4437	138.4437		138.4437	0.97557394991474	observed	FALSE	SYNTHETIC_TEACHING_FIXTURE
SYN_TRAJ_075	27	SYN_PROS_SPK_10	SYN_ITEM_03	SYN_SHORT	150.27	270	150.000000000006	0.794117647058823	130.7522	130.7522		130.7522	-0.0139962467557545	observed	FALSE	SYNTHETIC_TEACHING_FIXTURE
SYN_TRAJ_075	28	SYN_PROS_SPK_10	SYN_ITEM_03	SYN_SHORT	150.28	280	159.999999999997	0.823529411764706	127.9182	127.9182		127.9182	-0.393360381064904	observed	FALSE	SYNTHETIC_TEACHING_FIXTURE
SYN_TRAJ_075	29	SYN_PROS_SPK_10	SYN_ITEM_03	SYN_SHORT	150.29	290	169.999999999987	0.852941176470588	120.6958	120.6958		120.6958	-1.39951321465846	observed	FALSE	SYNTHETIC_TEACHING_FIXTURE
SYN_TRAJ_075	30	SYN_PROS_SPK_10	SYN_ITEM_03	SYN_SHORT	150.3	300	180.000000000007	0.88235294117647	120.695	120.695		120.695	-1.39962796528187	observed	FALSE	SYNTHETIC_TEACHING_FIXTURE
SYN_TRAJ_075	31	SYN_PROS_SPK_10	SYN_ITEM_03	SYN_SHORT	150.31	310	189.999999999998	0.911764705882353	122.4455	122.4455		122.4455	-1.15034184755826	observed	FALSE	SYNTHETIC_TEACHING_FIXTURE
SYN_TRAJ_075	32	SYN_PROS_SPK_10	SYN_ITEM_03	SYN_SHORT	150.32	320	199.999999999989	0.941176470588235			structural_unvoiced			missing	FALSE	SYNTHETIC_TEACHING_FIXTURE
SYN_TRAJ_075	33	SYN_PROS_SPK_10	SYN_ITEM_03	SYN_SHORT	150.33	330	210.000000000008	0.970588235294118			structural_unvoiced			missing	FALSE	SYNTHETIC_TEACHING_FIXTURE
SYN_TRAJ_075	34	SYN_PROS_SPK_10	SYN_ITEM_03	SYN_SHORT	150.34	340	219.999999999999	1			structural_unvoiced			missing	FALSE	SYNTHETIC_TEACHING_FIXTURE
SYN_TRAJ_076	0	SYN_PROS_SPK_10	SYN_ITEM_04	SYN_LONG	152	0	-120.000000000005	0	129.0976	129.0976		129.0976	-0.234472735296163	observed	TRUE	SYNTHETIC_TEACHING_FIXTURE
SYN_TRAJ_076	1	SYN_PROS_SPK_10	SYN_ITEM_04	SYN_LONG	152.01	10	-110.000000000014	0.0202020202020202	126.9261	126.9261		126.9261	-0.52815374130777	observed	FALSE	SYNTHETIC_TEACHING_FIXTURE
SYN_TRAJ_076	2	SYN_PROS_SPK_10	SYN_ITEM_04	SYN_LONG	152.02	20	-99.9999999999943	0.0404040404040404	127.0694	127.0694		127.0694	-0.50861907509885	observed	FALSE	SYNTHETIC_TEACHING_FIXTURE
SYN_TRAJ_076	3	SYN_PROS_SPK_10	SYN_ITEM_04	SYN_LONG	152.03	30	-90.0000000000034	0.0606060606060606	124.4515	124.4515		124.4515	-0.869015470691886	observed	FALSE	SYNTHETIC_TEACHING_FIXTURE
SYN_TRAJ_076	4	SYN_PROS_SPK_10	SYN_ITEM_04	SYN_LONG	152.04	40	-80.0000000000125	0.0808080808080808	125.7877	125.7877		125.7877	-0.684128616647013	observed	FALSE	SYNTHETIC_TEACHING_FIXTURE
SYN_TRAJ_076	5	SYN_PROS_SPK_10	SYN_ITEM_04	SYN_LONG	152.05	50	-69.9999999999932	0.101010101010101	129.3781	129.3781		129.3781	-0.196897726009455	observed	FALSE	SYNTHETIC_TEACHING_FIXTURE
SYN_TRAJ_076	6	SYN_PROS_SPK_10	SYN_ITEM_04	SYN_LONG	152.06	60	-60.0000000000023	0.121212121212121	126.2573	126.2573		126.2573	-0.619617243664524	observed	FALSE	SYNTHETIC_TEACHING_FIXTURE
SYN_TRAJ_076	7	SYN_PROS_SPK_10	SYN_ITEM_04	SYN_LONG	152.07	70	-50.0000000000114	0.141414141414141	128.3789	128.3789		128.3789	-0.331121644424984	observed	FALSE	SYNTHETIC_TEACHING_FIXTURE
SYN_TRAJ_076	8	SYN_PROS_SPK_10	SYN_ITEM_04	SYN_LONG	152.08	80	-39.999999999992	0.161616161616162	129.58	129.58		129.58	-0.16990214445929	observed	FALSE	SYNTHETIC_TEACHING_FIXTURE
SYN_TRAJ_076	9	SYN_PROS_SPK_10	SYN_ITEM_04	SYN_LONG	152.09	90	-30.0000000000011	0.181818181818182	134.5656		quality_rejection			missing	FALSE	SYNTHETIC_TEACHING_FIXTURE
SYN_TRAJ_076	10	SYN_PROS_SPK_10	SYN_ITEM_04	SYN_LONG	152.1	100	-20.0000000000102	0.202020202020202	133.3149	133.3149		133.3149	0.322037495333123	observed	FALSE	SYNTHETIC_TEACHING_FIXTURE
SYN_TRAJ_076	11	SYN_PROS_SPK_10	SYN_ITEM_04	SYN_LONG	152.11	110	-9.9999999999909	0.222222222222222	135.9196	135.9196		135.9196	0.657023243445016	observed	FALSE	SYNTHETIC_TEACHING_FIXTURE
SYN_TRAJ_076	12	SYN_PROS_SPK_10	SYN_ITEM_04	SYN_LONG	152.12	120	0	0.242424242424242	136.776	136.776		136.776	0.765762344032234	observed	FALSE	SYNTHETIC_TEACHING_FIXTURE
SYN_TRAJ_076	13	SYN_PROS_SPK_10	SYN_ITEM_04	SYN_LONG	152.13	130	9.9999999999909	0.262626262626263	143.3254	143.3254		143.3254	1.57551276520933	observed	FALSE	SYNTHETIC_TEACHING_FIXTURE
SYN_TRAJ_076	14	SYN_PROS_SPK_10	SYN_ITEM_04	SYN_LONG	152.14	140	19.9999999999818	0.282828282828283	141.2851	141.2851		141.2851	1.32729301643314	observed	FALSE	SYNTHETIC_TEACHING_FIXTURE
SYN_TRAJ_076	15	SYN_PROS_SPK_10	SYN_ITEM_04	SYN_LONG	152.15	150	30.0000000000011	0.303030303030303	142.7043	142.7043		142.7043	1.50032678571701	observed	FALSE	SYNTHETIC_TEACHING_FIXTURE
SYN_TRAJ_076	16	SYN_PROS_SPK_10	SYN_ITEM_04	SYN_LONG	152.16	160	39.999999999992	0.323232323232323	141.0766	141.0766		141.0766	1.30172564204519	observed	FALSE	SYNTHETIC_TEACHING_FIXTURE
SYN_TRAJ_076	17	SYN_PROS_SPK_10	SYN_ITEM_04	SYN_LONG	152.17	170	49.999999999983	0.343434343434343	144.652	144.652		144.652	1.73501634676617	observed	FALSE	SYNTHETIC_TEACHING_FIXTURE
SYN_TRAJ_076	18	SYN_PROS_SPK_10	SYN_ITEM_04	SYN_LONG	152.18	180	60.0000000000023	0.363636363636364	149.4208	149.4208		149.4208	2.2965529959689	observed	FALSE	SYNTHETIC_TEACHING_FIXTURE
SYN_TRAJ_076	19	SYN_PROS_SPK_10	SYN_ITEM_04	SYN_LONG	152.19	190	69.9999999999932	0.383838383838384	150.0543	150.0543		150.0543	2.36979704236701	observed	FALSE	SYNTHETIC_TEACHING_FIXTURE
SYN_TRAJ_076	20	SYN_PROS_SPK_10	SYN_ITEM_04	SYN_LONG	152.2	200	79.9999999999841	0.404040404040404	149.0925	149.0925		149.0925	2.25847332799707	observed	FALSE	SYNTHETIC_TEACHING_FIXTURE
SYN_TRAJ_076	21	SYN_PROS_SPK_10	SYN_ITEM_04	SYN_LONG	152.21	210	90.0000000000034	0.424242424242424	146.8165	146.8165		146.8165	1.99215047868005	observed	FALSE	SYNTHETIC_TEACHING_FIXTURE
SYN_TRAJ_076	22	SYN_PROS_SPK_10	SYN_ITEM_04	SYN_LONG	152.22	220	99.9999999999943	0.444444444444444	149.3895	149.3895		149.3895	2.29292610453082	observed	FALSE	SYNTHETIC_TEACHING_FIXTURE
SYN_TRAJ_076	23	SYN_PROS_SPK_10	SYN_ITEM_04	SYN_LONG	152.23	230	109.999999999985	0.464646464646465	147.9586	147.9586		147.9586	2.12630375698467	observed	FALSE	SYNTHETIC_TEACHING_FIXTURE
SYN_TRAJ_076	24	SYN_PROS_SPK_10	SYN_ITEM_04	SYN_LONG	152.24	240	120.000000000005	0.484848484848485	144.734	144.734		144.734	1.74482754674288	observed	FALSE	SYNTHETIC_TEACHING_FIXTURE
SYN_TRAJ_076	25	SYN_PROS_SPK_10	SYN_ITEM_04	SYN_LONG	152.25	250	129.999999999995	0.505050505050505	147.2865	147.2865		147.2865	2.0474835215757	observed	FALSE	SYNTHETIC_TEACHING_FIXTURE
SYN_TRAJ_076	26	SYN_PROS_SPK_10	SYN_ITEM_04	SYN_LONG	152.26	260	139.999999999986	0.525252525252525	145.9166	145.9166		145.9166	1.88570932607835	observed	FALSE	SYNTHETIC_TEACHING_FIXTURE
SYN_TRAJ_076	27	SYN_PROS_SPK_10	SYN_ITEM_04	SYN_LONG	152.27	270	150.000000000006	0.545454545454545	145.6571	145.6571		145.6571	1.85489342228794	observed	FALSE	SYNTHETIC_TEACHING_FIXTURE
SYN_TRAJ_076	28	SYN_PROS_SPK_10	SYN_ITEM_04	SYN_LONG	152.28	280	159.999999999997	0.565656565656566	141.1412	141.1412		141.1412	1.30965127405868	observed	FALSE	SYNTHETIC_TEACHING_FIXTURE
SYN_TRAJ_076	29	SYN_PROS_SPK_10	SYN_ITEM_04	SYN_LONG	152.29	290	169.999999999987	0.585858585858586	136.723	136.723		136.723	0.759052600614593	observed	FALSE	SYNTHETIC_TEACHING_FIXTURE
SYN_TRAJ_076	30	SYN_PROS_SPK_10	SYN_ITEM_04	SYN_LONG	152.3	300	180.000000000007	0.606060606060606	135.1324	135.1324		135.1324	0.55646458495266	observed	FALSE	SYNTHETIC_TEACHING_FIXTURE
SYN_TRAJ_076	31	SYN_PROS_SPK_10	SYN_ITEM_04	SYN_LONG	152.31	310	189.999999999998	0.626262626262626	132.7906	132.7906		132.7906	0.253817395676062	observed	FALSE	SYNTHETIC_TEACHING_FIXTURE
SYN_TRAJ_076	32	SYN_PROS_SPK_10	SYN_ITEM_04	SYN_LONG	152.32	320	199.999999999989	0.646464646464647	128.5729	128.5729		128.5729	-0.304979817877281	observed	FALSE	SYNTHETIC_TEACHING_FIXTURE
SYN_TRAJ_076	33	SYN_PROS_SPK_10	SYN_ITEM_04	SYN_LONG	152.33	330	210.000000000008	0.666666666666667	129.7105	129.7105		129.7105	-0.15247566238768	observed	FALSE	SYNTHETIC_TEACHING_FIXTURE
SYN_TRAJ_076	34	SYN_PROS_SPK_10	SYN_ITEM_04	SYN_LONG	152.34	340	219.999999999999	0.686868686868687	127.6856	127.6856		127.6856	-0.424868922875941	observed	FALSE	SYNTHETIC_TEACHING_FIXTURE
SYN_TRAJ_076	35	SYN_PROS_SPK_10	SYN_ITEM_04	SYN_LONG	152.35	350	229.99999999999	0.707070707070707	126.2132	126.2132		126.2132	-0.625665270847131	observed	FALSE	SYNTHETIC_TEACHING_FIXTURE
SYN_TRAJ_076	36	SYN_PROS_SPK_10	SYN_ITEM_04	SYN_LONG	152.36	360	240.000000000009	0.727272727272727	125.753	125.753		125.753	-0.688905085972549	observed	FALSE	SYNTHETIC_TEACHING_FIXTURE
SYN_TRAJ_076	37	SYN_PROS_SPK_10	SYN_ITEM_04	SYN_LONG	152.37	370	250	0.747474747474748	127.1024	127.1024		127.1024	-0.504123633516406	observed	FALSE	SYNTHETIC_TEACHING_FIXTURE
SYN_TRAJ_076	38	SYN_PROS_SPK_10	SYN_ITEM_04	SYN_LONG	152.38	380	259.999999999991	0.767676767676768	127.2007	127.2007		127.2007	-0.490739579959902	observed	FALSE	SYNTHETIC_TEACHING_FIXTURE
SYN_TRAJ_076	39	SYN_PROS_SPK_10	SYN_ITEM_04	SYN_LONG	152.39	390	269.999999999982	0.787878787878788	124.8925	124.8925		124.8925	-0.807776779429042	observed	FALSE	SYNTHETIC_TEACHING_FIXTURE
SYN_TRAJ_076	40	SYN_PROS_SPK_10	SYN_ITEM_04	SYN_LONG	152.4	400	280.000000000001	0.808080808080808	129.5038	129.5038		129.5038	-0.18008572508785	observed	FALSE	SYNTHETIC_TEACHING_FIXTURE
SYN_TRAJ_076	41	SYN_PROS_SPK_10	SYN_ITEM_04	SYN_LONG	152.41	410	289.999999999992	0.828282828282828	131.5856	131.5856		131.5856	0.0960005063027441	observed	FALSE	SYNTHETIC_TEACHING_FIXTURE
SYN_TRAJ_076	42	SYN_PROS_SPK_10	SYN_ITEM_04	SYN_LONG	152.42	420	299.999999999983	0.848484848484849	127.618	127.618		127.618	-0.434036942790422	observed	FALSE	SYNTHETIC_TEACHING_FIXTURE
SYN_TRAJ_076	43	SYN_PROS_SPK_10	SYN_ITEM_04	SYN_LONG	152.43	430	310.000000000002	0.868686868686869	122.4351	122.4351		122.4351	-1.15181234657869	observed	FALSE	SYNTHETIC_TEACHING_FIXTURE
SYN_TRAJ_076	44	SYN_PROS_SPK_10	SYN_ITEM_04	SYN_LONG	152.44	440	319.999999999993	0.888888888888889	120.8314	120.8314		120.8314	-1.38007396626586	observed	FALSE	SYNTHETIC_TEACHING_FIXTURE
SYN_TRAJ_076	45	SYN_PROS_SPK_10	SYN_ITEM_04	SYN_LONG	152.45	450	329.999999999984	0.909090909090909	123.9419	123.9419		123.9419	-0.940051022295537	observed	FALSE	SYNTHETIC_TEACHING_FIXTURE
SYN_TRAJ_076	46	SYN_PROS_SPK_10	SYN_ITEM_04	SYN_LONG	152.46	460	340.000000000003	0.929292929292929	121.6592	121.6592		121.6592	-1.26187382878809	observed	FALSE	SYNTHETIC_TEACHING_FIXTURE
SYN_TRAJ_076	47	SYN_PROS_SPK_10	SYN_ITEM_04	SYN_LONG	152.47	470	349.999999999994	0.94949494949495	118.1142	118.1142		118.1142	-1.77382986239655	observed	FALSE	SYNTHETIC_TEACHING_FIXTURE
SYN_TRAJ_076	48	SYN_PROS_SPK_10	SYN_ITEM_04	SYN_LONG	152.48	480	359.999999999985	0.96969696969697	119.7229	119.7229		119.7229	-1.53962933710553	observed	FALSE	SYNTHETIC_TEACHING_FIXTURE
SYN_TRAJ_076	49	SYN_PROS_SPK_10	SYN_ITEM_04	SYN_LONG	152.49	490	370.000000000005	0.98989898989899	119.831	119.831		119.831	-1.52400476047312	observed	FALSE	SYNTHETIC_TEACHING_FIXTURE
SYN_TRAJ_077	0	SYN_PROS_SPK_10	SYN_ITEM_05	SYN_SHORT	154	0	-120.000000000005	0	125.2289	125.2289		125.2289	-0.761208394215861	observed	TRUE	SYNTHETIC_TEACHING_FIXTURE
SYN_TRAJ_077	1	SYN_PROS_SPK_10	SYN_ITEM_05	SYN_SHORT	154.01	10	-110.000000000014	0.0377358490566038	128.8132	128.8132		128.8132	-0.27265362288363	observed	FALSE	SYNTHETIC_TEACHING_FIXTURE
SYN_TRAJ_077	2	SYN_PROS_SPK_10	SYN_ITEM_05	SYN_SHORT	154.02	20	-99.9999999999943	0.0754716981132075	132.2088	132.2088		132.2088	0.17779959427143	observed	FALSE	SYNTHETIC_TEACHING_FIXTURE
SYN_TRAJ_077	3	SYN_PROS_SPK_10	SYN_ITEM_05	SYN_SHORT	154.03	30	-90.0000000000034	0.113207547169811	130.0393	130.0393		130.0393	-0.108646557659546	observed	FALSE	SYNTHETIC_TEACHING_FIXTURE
SYN_TRAJ_077	4	SYN_PROS_SPK_10	SYN_ITEM_05	SYN_SHORT	154.04	40	-80.0000000000125	0.150943396226415	130.5294	130.5294		130.5294	-0.0435214057888817	observed	FALSE	SYNTHETIC_TEACHING_FIXTURE
SYN_TRAJ_077	5	SYN_PROS_SPK_10	SYN_ITEM_05	SYN_SHORT	154.05	50	-69.9999999999932	0.188679245283019	125.875	125.875		125.875	-0.672117560694274	observed	FALSE	SYNTHETIC_TEACHING_FIXTURE
SYN_TRAJ_077	6	SYN_PROS_SPK_10	SYN_ITEM_05	SYN_SHORT	154.06	60	-60.0000000000023	0.226415094339623	124.6124	124.6124		124.6124	-0.84664726741187	observed	FALSE	SYNTHETIC_TEACHING_FIXTURE
SYN_TRAJ_077	7	SYN_PROS_SPK_10	SYN_ITEM_05	SYN_SHORT	154.07	70	-50.0000000000114	0.264150943396226	123.9439	123.9439		123.9439	-0.93977166235655	observed	FALSE	SYNTHETIC_TEACHING_FIXTURE
SYN_TRAJ_077	8	SYN_PROS_SPK_10	SYN_ITEM_05	SYN_SHORT	154.08	80	-39.999999999992	0.30188679245283	127.7497	127.7497		127.7497	-0.416180060774687	observed	FALSE	SYNTHETIC_TEACHING_FIXTURE
SYN_TRAJ_077	9	SYN_PROS_SPK_10	SYN_ITEM_05	SYN_SHORT	154.09	90	-30.0000000000011	0.339622641509434	130.3127	130.3127		130.3127	-0.0722865863131724	observed	FALSE	SYNTHETIC_TEACHING_FIXTURE
SYN_TRAJ_077	10	SYN_PROS_SPK_10	SYN_ITEM_05	SYN_SHORT	154.1	100	-20.0000000000102	0.377358490566038	136.7937	136.7937		136.7937	0.768002566009391	observed	FALSE	SYNTHETIC_TEACHING_FIXTURE
SYN_TRAJ_077	11	SYN_PROS_SPK_10	SYN_ITEM_05	SYN_SHORT	154.11	110	-9.9999999999909	0.415094339622642	138.9684	138.9684		138.9684	1.04106349336063	observed	FALSE	SYNTHETIC_TEACHING_FIXTURE
SYN_TRAJ_077	12	SYN_PROS_SPK_10	SYN_ITEM_05	SYN_SHORT	154.12	120	0	0.452830188679245	140.6521	140.6521		140.6521	1.24955421542114	observed	FALSE	SYNTHETIC_TEACHING_FIXTURE
SYN_TRAJ_077	13	SYN_PROS_SPK_10	SYN_ITEM_05	SYN_SHORT	154.13	130	9.9999999999909	0.490566037735849	144.0756	144.0756		144.0756	1.66589343426746	observed	FALSE	SYNTHETIC_TEACHING_FIXTURE
SYN_TRAJ_077	14	SYN_PROS_SPK_10	SYN_ITEM_05	SYN_SHORT	154.14	140	19.9999999999818	0.528301886792453	143.6925	143.6925		143.6925	1.61979825165221	observed	FALSE	SYNTHETIC_TEACHING_FIXTURE
SYN_TRAJ_077	15	SYN_PROS_SPK_10	SYN_ITEM_05	SYN_SHORT	154.15	150	30.0000000000011	0.566037735849057	144.7101	144.7101		144.7101	1.74196851497358	observed	FALSE	SYNTHETIC_TEACHING_FIXTURE
SYN_TRAJ_077	16	SYN_PROS_SPK_10	SYN_ITEM_05	SYN_SHORT	154.16	160	39.999999999992	0.60377358490566	145.6907	145.6907		145.6907	1.85888655107124	observed	FALSE	SYNTHETIC_TEACHING_FIXTURE
SYN_TRAJ_077	17	SYN_PROS_SPK_10	SYN_ITEM_05	SYN_SHORT	154.17	170	49.999999999983	0.641509433962264	144.0608	144.0608		144.0608	1.66411495269076	observed	FALSE	SYNTHETIC_TEACHING_FIXTURE
SYN_TRAJ_077	18	SYN_PROS_SPK_10	SYN_ITEM_05	SYN_SHORT	154.18	180	60.0000000000023	0.679245283018868	141.2994	141.2994		141.2994	1.32904517530405	observed	FALSE	SYNTHETIC_TEACHING_FIXTURE
SYN_TRAJ_077	19	SYN_PROS_SPK_10	SYN_ITEM_05	SYN_SHORT	154.19	190	69.9999999999932	0.716981132075472	137.8806	137.8806		137.8806	0.905014882726588	observed	FALSE	SYNTHETIC_TEACHING_FIXTURE
SYN_TRAJ_077	20	SYN_PROS_SPK_10	SYN_ITEM_05	SYN_SHORT	154.2	200	79.9999999999841	0.754716981132076	131.4266	131.4266		131.4266	0.0750686828105464	observed	FALSE	SYNTHETIC_TEACHING_FIXTURE
SYN_TRAJ_077	21	SYN_PROS_SPK_10	SYN_ITEM_05	SYN_SHORT	154.21	210	90.0000000000034	0.792452830188679	130.1082	130.1082		130.1082	-0.0994762193883913	observed	FALSE	SYNTHETIC_TEACHING_FIXTURE
SYN_TRAJ_077	22	SYN_PROS_SPK_10	SYN_ITEM_05	SYN_SHORT	154.22	220	99.9999999999943	0.830188679245283	127.6342	127.6342		127.6342	-0.431839430554871	observed	FALSE	SYNTHETIC_TEACHING_FIXTURE
SYN_TRAJ_077	23	SYN_PROS_SPK_10	SYN_ITEM_05	SYN_SHORT	154.23	230	109.999999999985	0.867924528301887	123.48	123.48		123.48	-1.00469024269089	observed	FALSE	SYNTHETIC_TEACHING_FIXTURE
SYN_TRAJ_077	24	SYN_PROS_SPK_10	SYN_ITEM_05	SYN_SHORT	154.24	240	120.000000000005	0.905660377358491	121.1826	121.1826		121.1826	-1.32982812719658	observed	FALSE	SYNTHETIC_TEACHING_FIXTURE
SYN_TRAJ_077	25	SYN_PROS_SPK_10	SYN_ITEM_05	SYN_SHORT	154.25	250	129.999999999995	0.943396226415094	122.6609	122.6609		122.6609	-1.11991360005701	observed	FALSE	SYNTHETIC_TEACHING_FIXTURE
SYN_TRAJ_077	26	SYN_PROS_SPK_10	SYN_ITEM_05	SYN_SHORT	154.26	260	139.999999999986	0.981132075471698	117.9493	117.9493		117.9493	-1.79801662071585	observed	FALSE	SYNTHETIC_TEACHING_FIXTURE
SYN_TRAJ_078	0	SYN_PROS_SPK_10	SYN_ITEM_06	SYN_LONG	156	0	-120.000000000005	0	129.2578	129.2578		129.2578	-0.213002796583351	observed	TRUE	SYNTHETIC_TEACHING_FIXTURE
SYN_TRAJ_078	1	SYN_PROS_SPK_10	SYN_ITEM_06	SYN_LONG	156.01	10	-110.000000000014	0.022271714922049	127.8121	127.8121		127.8121	-0.407725823341035	observed	FALSE	SYNTHETIC_TEACHING_FIXTURE
SYN_TRAJ_078	2	SYN_PROS_SPK_10	SYN_ITEM_06	SYN_LONG	156.02	20	-99.9999999999943	0.044543429844098	129.9044	129.9044		129.9044	-0.126615332758532	observed	FALSE	SYNTHETIC_TEACHING_FIXTURE
SYN_TRAJ_078	3	SYN_PROS_SPK_10	SYN_ITEM_06	SYN_LONG	156.03	30	-90.0000000000034	0.066815144766147	130.9382	130.9382		130.9382	0.0106137188640181	observed	FALSE	SYNTHETIC_TEACHING_FIXTURE
SYN_TRAJ_078	4	SYN_PROS_SPK_10	SYN_ITEM_06	SYN_LONG	156.04	40	-80.0000000000125	0.089086859688196	132.5441	132.5441		132.5441	0.221650527500399	observed	FALSE	SYNTHETIC_TEACHING_FIXTURE
SYN_TRAJ_078	5	SYN_PROS_SPK_10	SYN_ITEM_06	SYN_LONG	156.05	50	-69.9999999999932	0.111358574610245	127.467	127.467		127.467	-0.454533355511193	observed	FALSE	SYNTHETIC_TEACHING_FIXTURE
SYN_TRAJ_078	6	SYN_PROS_SPK_10	SYN_ITEM_06	SYN_LONG	156.06	60	-60.0000000000023	0.133630289532294	127.8449	127.8449		127.8449	-0.403283584159557	observed	FALSE	SYNTHETIC_TEACHING_FIXTURE
SYN_TRAJ_078	7	SYN_PROS_SPK_10	SYN_ITEM_06	SYN_LONG	156.07	70	-50.0000000000114	0.155902004454343	130.9216	130.9216		130.9216	0.00841876681311451	observed	FALSE	SYNTHETIC_TEACHING_FIXTURE
SYN_TRAJ_078	8	SYN_PROS_SPK_10	SYN_ITEM_06	SYN_LONG	156.08	80	-39.999999999992	0.178173719376392	130.1149	130.1149		130.1149	-0.0985847329576105	observed	FALSE	SYNTHETIC_TEACHING_FIXTURE
SYN_TRAJ_078	9	SYN_PROS_SPK_10	SYN_ITEM_06	SYN_LONG	156.09	90	-30.0000000000011	0.200445434298441	132.0943	132.0943		132.0943	0.162799671000095	observed	FALSE	SYNTHETIC_TEACHING_FIXTURE
SYN_TRAJ_078	10	SYN_PROS_SPK_10	SYN_ITEM_06	SYN_LONG	156.1	100	-20.0000000000102	0.22271714922049	133.119	133.119		133.119	0.29657911249755	observed	FALSE	SYNTHETIC_TEACHING_FIXTURE
SYN_TRAJ_078	11	SYN_PROS_SPK_10	SYN_ITEM_06	SYN_LONG	156.11	110	-9.9999999999909	0.244988864142539	134.5303	134.5303		134.5303	0.479154838135562	observed	FALSE	SYNTHETIC_TEACHING_FIXTURE
SYN_TRAJ_078	12	SYN_PROS_SPK_10	SYN_ITEM_06	SYN_LONG	156.12	120	0	0.267260579064588	137.8424	137.8424		137.8424	0.900217811673576	observed	FALSE	SYNTHETIC_TEACHING_FIXTURE
SYN_TRAJ_078	13	SYN_PROS_SPK_10	SYN_ITEM_06	SYN_LONG	156.13	130	9.9999999999909	0.289532293986637	141.2189	141.2189		141.2189	1.31917931212128	observed	FALSE	SYNTHETIC_TEACHING_FIXTURE
SYN_TRAJ_078	14	SYN_PROS_SPK_10	SYN_ITEM_06	SYN_LONG	156.14	140	19.9999999999818	0.311804008908686	141.0999	141.0999		141.0999	1.30458468618493	observed	FALSE	SYNTHETIC_TEACHING_FIXTURE
SYN_TRAJ_078	15	SYN_PROS_SPK_10	SYN_ITEM_06	SYN_LONG	156.15	150	30.0000000000011	0.334075723830735	143.1336	143.1336		143.1336	1.55232964020848	observed	FALSE	SYNTHETIC_TEACHING_FIXTURE
SYN_TRAJ_078	16	SYN_PROS_SPK_10	SYN_ITEM_06	SYN_LONG	156.16	160	39.999999999992	0.356347438752784	149.097	149.097		149.097	2.25899585164203	observed	FALSE	SYNTHETIC_TEACHING_FIXTURE
SYN_TRAJ_078	17	SYN_PROS_SPK_10	SYN_ITEM_06	SYN_LONG	156.17	170	49.999999999983	0.378619153674833	153.1279	153.1279		153.1279	2.72082710132888	observed	FALSE	SYNTHETIC_TEACHING_FIXTURE
SYN_TRAJ_078	18	SYN_PROS_SPK_10	SYN_ITEM_06	SYN_LONG	156.18	180	60.0000000000023	0.400890868596882	151.7959	151.7959		151.7959	2.56957499038768	observed	FALSE	SYNTHETIC_TEACHING_FIXTURE
SYN_TRAJ_078	19	SYN_PROS_SPK_10	SYN_ITEM_06	SYN_LONG	156.19	190	69.9999999999932	0.423162583518931	150.6015	150.6015		150.6015	2.4328147734506	observed	FALSE	SYNTHETIC_TEACHING_FIXTURE
SYN_TRAJ_078	20	SYN_PROS_SPK_10	SYN_ITEM_06	SYN_LONG	156.2	200	79.9999999999841	0.44543429844098	151.2542	151.2542		151.2542	2.50768354186549	observed	FALSE	SYNTHETIC_TEACHING_FIXTURE
SYN_TRAJ_078	21	SYN_PROS_SPK_10	SYN_ITEM_06	SYN_LONG	156.21	210	90.0000000000034	0.467706013363029	149.9244	149.9244		149.9244	2.35480349002276	observed	FALSE	SYNTHETIC_TEACHING_FIXTURE
SYN_TRAJ_078	22	SYN_PROS_SPK_10	SYN_ITEM_06	SYN_LONG	156.22	220	99.9999999999943	0.489977728285078	145.8081	145.8081		145.8081	1.87283150647755	observed	FALSE	SYNTHETIC_TEACHING_FIXTURE
SYN_TRAJ_078	23	SYN_PROS_SPK_10	SYN_ITEM_06	SYN_LONG	156.23	230	109.999999999985	0.512249443207127	145.2924	145.2924		145.2924	1.81149198056874	observed	FALSE	SYNTHETIC_TEACHING_FIXTURE
SYN_TRAJ_078	24	SYN_PROS_SPK_10	SYN_ITEM_06	SYN_LONG	156.24	240	120.000000000005	0.534521158129176	141.1372	141.1372		141.1372	1.30916062821425	observed	FALSE	SYNTHETIC_TEACHING_FIXTURE
SYN_TRAJ_078	25	SYN_PROS_SPK_10	SYN_ITEM_06	SYN_LONG	156.25	250	129.999999999995	0.556792873051225	137.1964	137.1964		137.1964	0.818892613026912	observed	FALSE	SYNTHETIC_TEACHING_FIXTURE
SYN_TRAJ_078	26	SYN_PROS_SPK_10	SYN_ITEM_06	SYN_LONG	156.26	260	139.999999999986	0.579064587973274	135.9536	135.9536		135.9536	0.661353347182722	observed	FALSE	SYNTHETIC_TEACHING_FIXTURE
SYN_TRAJ_078	27	SYN_PROS_SPK_10	SYN_ITEM_06	SYN_LONG	156.27	270	150.000000000006	0.601336302895323	133.0722	133.0722		133.0722	0.290491626935958	observed	FALSE	SYNTHETIC_TEACHING_FIXTURE
SYN_TRAJ_078	28	SYN_PROS_SPK_10	SYN_ITEM_06	SYN_LONG	156.28	280	159.999999999997	0.623608017817372	132.6491	132.6491		132.6491	0.235359746639582	observed	FALSE	SYNTHETIC_TEACHING_FIXTURE
SYN_TRAJ_078	29	SYN_PROS_SPK_10	SYN_ITEM_06	SYN_LONG	156.29	290	169.999999999987	0.645879732739421	129.912	129.912		129.912	-0.125602511491155	observed	FALSE	SYNTHETIC_TEACHING_FIXTURE
SYN_TRAJ_078	30	SYN_PROS_SPK_10	SYN_ITEM_06	SYN_LONG	156.3	300	180.000000000007	0.66815144766147	130.1666	130.1666		130.1666	-0.0917071944837773	observed	FALSE	SYNTHETIC_TEACHING_FIXTURE
SYN_TRAJ_078	31	SYN_PROS_SPK_10	SYN_ITEM_06	SYN_LONG	156.31	310	189.999999999998	0.690423162583519	129.0491	129.0491		129.0491	-0.240977939691001	observed	FALSE	SYNTHETIC_TEACHING_FIXTURE
SYN_TRAJ_078	32	SYN_PROS_SPK_10	SYN_ITEM_06	SYN_LONG	156.32	320	199.999999999989	0.712694877505568	127.5032	127.5032		127.5032	-0.449617434121375	observed	FALSE	SYNTHETIC_TEACHING_FIXTURE
SYN_TRAJ_078	33	SYN_PROS_SPK_10	SYN_ITEM_06	SYN_LONG	156.33	330	210.000000000008	0.734966592427617	125.3757	125.3757		125.3757	-0.740925830569998	observed	FALSE	SYNTHETIC_TEACHING_FIXTURE
SYN_TRAJ_078	34	SYN_PROS_SPK_10	SYN_ITEM_06	SYN_LONG	156.34	340	219.999999999999	0.757238307349666	121.4933	121.4933		121.4933	-1.2854978321035	observed	FALSE	SYNTHETIC_TEACHING_FIXTURE
SYN_TRAJ_078	35	SYN_PROS_SPK_10	SYN_ITEM_06	SYN_LONG	156.35	350	229.99999999999	0.779510022271715	125.0526	125.0526		125.0526	-0.785598260293233	observed	FALSE	SYNTHETIC_TEACHING_FIXTURE
SYN_TRAJ_078	36	SYN_PROS_SPK_10	SYN_ITEM_06	SYN_LONG	156.36	360	240.000000000009	0.801781737193764	124.6222	124.6222		124.6222	-0.845285811683844	observed	FALSE	SYNTHETIC_TEACHING_FIXTURE
SYN_TRAJ_078	37	SYN_PROS_SPK_10	SYN_ITEM_06	SYN_LONG	156.37	370	250	0.824053452115813	126.3094	126.3094		126.3094	-0.612474790187027	observed	FALSE	SYNTHETIC_TEACHING_FIXTURE
SYN_TRAJ_078	38	SYN_PROS_SPK_10	SYN_ITEM_06	SYN_LONG	156.38	380	259.999999999991	0.846325167037862	124.6386	124.6386		124.6386	-0.843007696677742	observed	FALSE	SYNTHETIC_TEACHING_FIXTURE
SYN_TRAJ_078	39	SYN_PROS_SPK_10	SYN_ITEM_06	SYN_LONG	156.39	390	269.999999999982	0.868596881959911	122.7131	122.7131		122.7131	-1.11254766734005	observed	FALSE	SYNTHETIC_TEACHING_FIXTURE
SYN_TRAJ_078	40	SYN_PROS_SPK_10	SYN_ITEM_06	SYN_LONG	156.4	400	280.000000000001	0.89086859688196	122.0274	122.0274		122.0274	-1.20955738119045	observed	FALSE	SYNTHETIC_TEACHING_FIXTURE
SYN_TRAJ_078	41	SYN_PROS_SPK_10	SYN_ITEM_06	SYN_LONG	156.41	410	289.999999999992	0.913140311804009	120.77	120.77		120.77	-1.38887339978745	observed	FALSE	SYNTHETIC_TEACHING_FIXTURE
SYN_TRAJ_078	42	SYN_PROS_SPK_10	SYN_ITEM_06	SYN_LONG	156.42	420	299.999999999983	0.935412026726058	122.0907	122.0907		122.0907	-1.20057917615264	observed	FALSE	SYNTHETIC_TEACHING_FIXTURE
SYN_TRAJ_078	43	SYN_PROS_SPK_10	SYN_ITEM_06	SYN_LONG	156.43	430	310.000000000002	0.957683741648107	119.4816	119.4816		119.4816	-1.57455735206672	observed	FALSE	SYNTHETIC_TEACHING_FIXTURE
SYN_TRAJ_078	44	SYN_PROS_SPK_10	SYN_ITEM_06	SYN_LONG	156.44	440	319.999999999993	0.979955456570156	122.6767	122.6767		122.6767	-1.11768373410796	observed	FALSE	SYNTHETIC_TEACHING_FIXTURE
SYN_TRAJ_079	0	SYN_PROS_SPK_10	SYN_ITEM_07	SYN_SHORT	158	0	-120.000000000005	0	126.3831	126.3831		126.3831	-0.602376195805787	observed	TRUE	SYNTHETIC_TEACHING_FIXTURE
SYN_TRAJ_079	1	SYN_PROS_SPK_10	SYN_ITEM_07	SYN_SHORT	158.01	10	-110.000000000014	0.0315457413249211	127.1043	127.1043		127.1043	-0.503864840597631	observed	FALSE	SYNTHETIC_TEACHING_FIXTURE
SYN_TRAJ_079	2	SYN_PROS_SPK_10	SYN_ITEM_07	SYN_SHORT	158.02	20	-99.9999999999943	0.0630914826498423	127.8627	127.8627		127.8627	-0.400873333848408	observed	FALSE	SYNTHETIC_TEACHING_FIXTURE
SYN_TRAJ_079	3	SYN_PROS_SPK_10	SYN_ITEM_07	SYN_SHORT	158.03	30	-90.0000000000034	0.0946372239747634	131.9868	131.9868		131.9868	0.148704934909208	observed	FALSE	SYNTHETIC_TEACHING_FIXTURE
SYN_TRAJ_079	4	SYN_PROS_SPK_10	SYN_ITEM_07	SYN_SHORT	158.04	40	-80.0000000000125	0.126182965299685	128.8895	128.8895		128.8895	-0.262402029725805	observed	FALSE	SYNTHETIC_TEACHING_FIXTURE
SYN_TRAJ_079	5	SYN_PROS_SPK_10	SYN_ITEM_07	SYN_SHORT	158.05	50	-69.9999999999932	0.157728706624606	129.7146	129.7146		129.7146	-0.15192844782735	observed	FALSE	SYNTHETIC_TEACHING_FIXTURE
SYN_TRAJ_079	6	SYN_PROS_SPK_10	SYN_ITEM_07	SYN_SHORT	158.06	60	-60.0000000000023	0.189274447949527	129.6159	129.6159		129.6159	-0.165106443388484	observed	FALSE	SYNTHETIC_TEACHING_FIXTURE
SYN_TRAJ_079	7	SYN_PROS_SPK_10	SYN_ITEM_07	SYN_SHORT	158.07	70	-50.0000000000114	0.220820189274448	126.7115	126.7115		126.7115	-0.557449312278587	observed	FALSE	SYNTHETIC_TEACHING_FIXTURE
SYN_TRAJ_079	8	SYN_PROS_SPK_10	SYN_ITEM_07	SYN_SHORT	158.08	80	-39.999999999992	0.252365930599369	131.1612	131.1612		131.1612	0.0400731747879366	observed	FALSE	SYNTHETIC_TEACHING_FIXTURE
SYN_TRAJ_079	9	SYN_PROS_SPK_10	SYN_ITEM_07	SYN_SHORT	158.09	90	-30.0000000000011	0.28391167192429	129.828	129.828		129.828	-0.136800144908531	observed	FALSE	SYNTHETIC_TEACHING_FIXTURE
SYN_TRAJ_079	10	SYN_PROS_SPK_10	SYN_ITEM_07	SYN_SHORT	158.1	100	-20.0000000000102	0.315457413249211	130.5372	130.5372		130.5372	-0.0424869091825185	observed	FALSE	SYNTHETIC_TEACHING_FIXTURE
SYN_TRAJ_079	11	SYN_PROS_SPK_10	SYN_ITEM_07	SYN_SHORT	158.11	110	-9.9999999999909	0.347003154574132	130.5908	130.5908		130.5908	-0.0353797321403622	observed	FALSE	SYNTHETIC_TEACHING_FIXTURE
SYN_TRAJ_079	12	SYN_PROS_SPK_10	SYN_ITEM_07	SYN_SHORT	158.12	120	0	0.378548895899054	132.7464	132.7464		132.7464	0.248053939308362	observed	FALSE	SYNTHETIC_TEACHING_FIXTURE
SYN_TRAJ_079	13	SYN_PROS_SPK_10	SYN_ITEM_07	SYN_SHORT	158.13	130	9.9999999999909	0.410094637223975	134.7035	134.7035		134.7035	0.501429142376859	observed	FALSE	SYNTHETIC_TEACHING_FIXTURE
SYN_TRAJ_079	14	SYN_PROS_SPK_10	SYN_ITEM_07	SYN_SHORT	158.14	140	19.9999999999818	0.441640378548896	139.1151	139.1151		139.1151	1.05932937814402	observed	FALSE	SYNTHETIC_TEACHING_FIXTURE
SYN_TRAJ_079	15	SYN_PROS_SPK_10	SYN_ITEM_07	SYN_SHORT	158.15	150	30.0000000000011	0.473186119873817	141.0625	141.0625		141.0625	1.29999526152634	observed	FALSE	SYNTHETIC_TEACHING_FIXTURE
SYN_TRAJ_079	16	SYN_PROS_SPK_10	SYN_ITEM_07	SYN_SHORT	158.16	160	39.999999999992	0.504731861198738	141.8108	141.8108		141.8108	1.39159001160094	observed	FALSE	SYNTHETIC_TEACHING_FIXTURE
SYN_TRAJ_079	17	SYN_PROS_SPK_10	SYN_ITEM_07	SYN_SHORT	158.17	170	49.999999999983	0.536277602523659	142.3968	142.3968		142.3968	1.46298181044208	observed	FALSE	SYNTHETIC_TEACHING_FIXTURE
SYN_TRAJ_079	18	SYN_PROS_SPK_10	SYN_ITEM_07	SYN_SHORT	158.18	180	60.0000000000023	0.56782334384858	147.1235	147.1235		147.1235	2.02831357634075	observed	FALSE	SYNTHETIC_TEACHING_FIXTURE
SYN_TRAJ_079	19	SYN_PROS_SPK_10	SYN_ITEM_07	SYN_SHORT	158.19	190	69.9999999999932	0.599369085173502	148.5327	148.5327		148.5327	2.19334806551715	observed	FALSE	SYNTHETIC_TEACHING_FIXTURE
SYN_TRAJ_079	20	SYN_PROS_SPK_10	SYN_ITEM_07	SYN_SHORT	158.2	200	79.9999999999841	0.630914826498423	143.8692	143.8692		143.8692	1.641074318317	observed	FALSE	SYNTHETIC_TEACHING_FIXTURE
SYN_TRAJ_079	21	SYN_PROS_SPK_10	SYN_ITEM_07	SYN_SHORT	158.21	210	90.0000000000034	0.662460567823344	139.9226		estimator_failure	140.79345	1.26694372137782	interpolated_estimator_failure	FALSE	SYNTHETIC_TEACHING_FIXTURE
SYN_TRAJ_079	22	SYN_PROS_SPK_10	SYN_ITEM_07	SYN_SHORT	158.22	220	99.9999999999943	0.694006309148265	137.7177	137.7177		137.7177	0.884549004712384	observed	FALSE	SYNTHETIC_TEACHING_FIXTURE
SYN_TRAJ_079	23	SYN_PROS_SPK_10	SYN_ITEM_07	SYN_SHORT	158.23	230	109.999999999985	0.725552050473186	136.0697	136.0697		136.0697	0.67613121990915	observed	FALSE	SYNTHETIC_TEACHING_FIXTURE
SYN_TRAJ_079	24	SYN_PROS_SPK_10	SYN_ITEM_07	SYN_SHORT	158.24	240	120.000000000005	0.757097791798107	133.1441	133.1441		133.1441	0.299843100242024	observed	FALSE	SYNTHETIC_TEACHING_FIXTURE
SYN_TRAJ_079	25	SYN_PROS_SPK_10	SYN_ITEM_07	SYN_SHORT	158.25	250	129.999999999995	0.788643533123028	130.5207	130.5207		130.5207	-0.0446753403196455	observed	FALSE	SYNTHETIC_TEACHING_FIXTURE
SYN_TRAJ_079	26	SYN_PROS_SPK_10	SYN_ITEM_07	SYN_SHORT	158.26	260	139.999999999986	0.82018927444795	130.6447	130.6447		130.6447	-0.0282357171371309	observed	FALSE	SYNTHETIC_TEACHING_FIXTURE
SYN_TRAJ_079	27	SYN_PROS_SPK_10	SYN_ITEM_07	SYN_SHORT	158.27	270	150.000000000006	0.851735015772871	129.2917	129.2917		129.2917	-0.208462943704142	observed	FALSE	SYNTHETIC_TEACHING_FIXTURE
SYN_TRAJ_079	28	SYN_PROS_SPK_10	SYN_ITEM_07	SYN_SHORT	158.28	280	159.999999999997	0.883280757097792	125.2792	125.2792		125.2792	-0.754256038277004	observed	FALSE	SYNTHETIC_TEACHING_FIXTURE
SYN_TRAJ_079	29	SYN_PROS_SPK_10	SYN_ITEM_07	SYN_SHORT	158.29	290	169.999999999987	0.914826498422713	121.6293	121.6293		121.6293	-1.26612917980778	observed	FALSE	SYNTHETIC_TEACHING_FIXTURE
SYN_TRAJ_079	30	SYN_PROS_SPK_10	SYN_ITEM_07	SYN_SHORT	158.3	300	180.000000000007	0.946372239747634	120.8559	120.8559		120.8559	-1.37656403965015	observed	FALSE	SYNTHETIC_TEACHING_FIXTURE
SYN_TRAJ_079	31	SYN_PROS_SPK_10	SYN_ITEM_07	SYN_SHORT	158.31	310	189.999999999998	0.977917981072555	120.9895	120.9895		120.9895	-1.35743670520567	observed	FALSE	SYNTHETIC_TEACHING_FIXTURE
SYN_TRAJ_080	0	SYN_PROS_SPK_10	SYN_ITEM_08	SYN_LONG	160	0	-120.000000000005	0			structural_unvoiced			missing	TRUE	SYNTHETIC_TEACHING_FIXTURE
SYN_TRAJ_080	1	SYN_PROS_SPK_10	SYN_ITEM_08	SYN_LONG	160.01	10	-110.000000000014	0.0192678227360308			structural_unvoiced			missing	FALSE	SYNTHETIC_TEACHING_FIXTURE
SYN_TRAJ_080	2	SYN_PROS_SPK_10	SYN_ITEM_08	SYN_LONG	160.02	20	-99.9999999999943	0.0385356454720617			structural_unvoiced			missing	FALSE	SYNTHETIC_TEACHING_FIXTURE
SYN_TRAJ_080	3	SYN_PROS_SPK_10	SYN_ITEM_08	SYN_LONG	160.03	30	-90.0000000000034	0.0578034682080925	129.1409	129.1409		129.1409	-0.228667060694808	observed	FALSE	SYNTHETIC_TEACHING_FIXTURE
SYN_TRAJ_080	4	SYN_PROS_SPK_10	SYN_ITEM_08	SYN_LONG	160.04	40	-80.0000000000125	0.0770712909441233	126.9489	126.9489		126.9489	-0.525044168768149	observed	FALSE	SYNTHETIC_TEACHING_FIXTURE
SYN_TRAJ_080	5	SYN_PROS_SPK_10	SYN_ITEM_08	SYN_LONG	160.05	50	-69.9999999999932	0.0963391136801541	126.5948	126.5948		126.5948	-0.573401148282676	observed	FALSE	SYNTHETIC_TEACHING_FIXTURE
SYN_TRAJ_080	6	SYN_PROS_SPK_10	SYN_ITEM_08	SYN_LONG	160.06	60	-60.0000000000023	0.115606936416185	133.4366	133.4366		133.4366	0.337834309850725	observed	FALSE	SYNTHETIC_TEACHING_FIXTURE
SYN_TRAJ_080	7	SYN_PROS_SPK_10	SYN_ITEM_08	SYN_LONG	160.07	70	-50.0000000000114	0.134874759152216	133.5332	133.5332		133.5332	0.350362859255074	observed	FALSE	SYNTHETIC_TEACHING_FIXTURE
SYN_TRAJ_080	8	SYN_PROS_SPK_10	SYN_ITEM_08	SYN_LONG	160.08	80	-39.999999999992	0.154142581888247	136.2946	136.2946		136.2946	0.704721943886326	observed	FALSE	SYNTHETIC_TEACHING_FIXTURE
SYN_TRAJ_080	9	SYN_PROS_SPK_10	SYN_ITEM_08	SYN_LONG	160.09	90	-30.0000000000011	0.173410404624277	135.3577	135.3577		135.3577	0.585304614325756	observed	FALSE	SYNTHETIC_TEACHING_FIXTURE
SYN_TRAJ_080	10	SYN_PROS_SPK_10	SYN_ITEM_08	SYN_LONG	160.1	100	-20.0000000000102	0.192678227360308	137.6421	137.6421		137.6421	0.875042802470955	observed	FALSE	SYNTHETIC_TEACHING_FIXTURE
SYN_TRAJ_080	11	SYN_PROS_SPK_10	SYN_ITEM_08	SYN_LONG	160.11	110	-9.9999999999909	0.211946050096339	141.0205	141.0205		141.0205	1.29483991146284	observed	FALSE	SYNTHETIC_TEACHING_FIXTURE
SYN_TRAJ_080	12	SYN_PROS_SPK_10	SYN_ITEM_08	SYN_LONG	160.12	120	0	0.23121387283237	141.4093	141.4093		141.4093	1.34250515241664	observed	FALSE	SYNTHETIC_TEACHING_FIXTURE
SYN_TRAJ_080	13	SYN_PROS_SPK_10	SYN_ITEM_08	SYN_LONG	160.13	130	9.9999999999909	0.250481695568401	145.6457	145.6457		145.6457	1.85353840145262	observed	FALSE	SYNTHETIC_TEACHING_FIXTURE
SYN_TRAJ_080	14	SYN_PROS_SPK_10	SYN_ITEM_08	SYN_LONG	160.14	140	19.9999999999818	0.269749518304432	144.6296	144.6296		144.6296	1.73233524691215	observed	FALSE	SYNTHETIC_TEACHING_FIXTURE
SYN_TRAJ_080	15	SYN_PROS_SPK_10	SYN_ITEM_08	SYN_LONG	160.15	150	30.0000000000011	0.289017341040462	146.8141	146.8141		146.8141	1.99186747263655	observed	FALSE	SYNTHETIC_TEACHING_FIXTURE
SYN_TRAJ_080	16	SYN_PROS_SPK_10	SYN_ITEM_08	SYN_LONG	160.16	160	39.999999999992	0.308285163776493	149.45	149.45		149.45	2.29993586471309	observed	FALSE	SYNTHETIC_TEACHING_FIXTURE
SYN_TRAJ_080	17	SYN_PROS_SPK_10	SYN_ITEM_08	SYN_LONG	160.17	170	49.999999999983	0.327552986512524	147.376	147.376		147.376	2.05800032993485	observed	FALSE	SYNTHETIC_TEACHING_FIXTURE
SYN_TRAJ_080	18	SYN_PROS_SPK_10	SYN_ITEM_08	SYN_LONG	160.18	180	60.0000000000023	0.346820809248555	147.6946	147.6946		147.6946	2.09538605269957	observed	FALSE	SYNTHETIC_TEACHING_FIXTURE
SYN_TRAJ_080	19	SYN_PROS_SPK_10	SYN_ITEM_08	SYN_LONG	160.19	190	69.9999999999932	0.366088631984586	148.004	148.004		148.004	2.13161510554318	observed	FALSE	SYNTHETIC_TEACHING_FIXTURE
SYN_TRAJ_080	20	SYN_PROS_SPK_10	SYN_ITEM_08	SYN_LONG	160.2	200	79.9999999999841	0.385356454720617	151.553	151.553		151.553	2.5418500281154	observed	FALSE	SYNTHETIC_TEACHING_FIXTURE
SYN_TRAJ_080	21	SYN_PROS_SPK_10	SYN_ITEM_08	SYN_LONG	160.21	210	90.0000000000034	0.404624277456647	152.8448	152.8448		152.8448	2.68879074650707	observed	FALSE	SYNTHETIC_TEACHING_FIXTURE
SYN_TRAJ_080	22	SYN_PROS_SPK_10	SYN_ITEM_08	SYN_LONG	160.22	220	99.9999999999943	0.423892100192678	154.2124	154.2124		154.2124	2.84300640023002	observed	FALSE	SYNTHETIC_TEACHING_FIXTURE
SYN_TRAJ_080	23	SYN_PROS_SPK_10	SYN_ITEM_08	SYN_LONG	160.23	230	109.999999999985	0.443159922928709	154.8231	154.8231		154.8231	2.91142999622671	observed	FALSE	SYNTHETIC_TEACHING_FIXTURE
SYN_TRAJ_080	24	SYN_PROS_SPK_10	SYN_ITEM_08	SYN_LONG	160.24	240	120.000000000005	0.46242774566474	151.7455	151.7455		151.7455	2.56382590990806	observed	FALSE	SYNTHETIC_TEACHING_FIXTURE
SYN_TRAJ_080	25	SYN_PROS_SPK_10	SYN_ITEM_08	SYN_LONG	160.25	250	129.999999999995	0.481695568400771	147.1871	147.1871		147.1871	2.03579590876334	observed	FALSE	SYNTHETIC_TEACHING_FIXTURE
SYN_TRAJ_080	26	SYN_PROS_SPK_10	SYN_ITEM_08	SYN_LONG	160.26	260	139.999999999986	0.500963391136802	146.4382	146.4382		146.4382	1.94748444577061	observed	FALSE	SYNTHETIC_TEACHING_FIXTURE
SYN_TRAJ_080	27	SYN_PROS_SPK_10	SYN_ITEM_08	SYN_LONG	160.27	270	150.000000000006	0.520231213872832	144.2443	144.2443		144.2443	1.68615282097002	observed	FALSE	SYNTHETIC_TEACHING_FIXTURE
SYN_TRAJ_080	28	SYN_PROS_SPK_10	SYN_ITEM_08	SYN_LONG	160.28	280	159.999999999997	0.539499036608863	144.1185	144.1185		144.1185	1.67104759538689	observed	FALSE	SYNTHETIC_TEACHING_FIXTURE
SYN_TRAJ_080	29	SYN_PROS_SPK_10	SYN_ITEM_08	SYN_LONG	160.29	290	169.999999999987	0.558766859344894	145.1661	145.1661		145.1661	1.79643613788017	observed	FALSE	SYNTHETIC_TEACHING_FIXTURE
SYN_TRAJ_080	30	SYN_PROS_SPK_10	SYN_ITEM_08	SYN_LONG	160.3	300	180.000000000007	0.578034682080925	143.4495	143.4495		143.4495	1.59049637492555	observed	FALSE	SYNTHETIC_TEACHING_FIXTURE
SYN_TRAJ_080	31	SYN_PROS_SPK_10	SYN_ITEM_08	SYN_LONG	160.31	310	189.999999999998	0.597302504816956	139.2141	139.2141		139.2141	1.07164516664811	observed	FALSE	SYNTHETIC_TEACHING_FIXTURE
SYN_TRAJ_080	32	SYN_PROS_SPK_10	SYN_ITEM_08	SYN_LONG	160.32	320	199.999999999989	0.616570327552986	135.6184	135.6184		135.6184	0.618616249989711	observed	FALSE	SYNTHETIC_TEACHING_FIXTURE
SYN_TRAJ_080	33	SYN_PROS_SPK_10	SYN_ITEM_08	SYN_LONG	160.33	330	210.000000000008	0.635838150289017	134.2731	134.2731		134.2731	0.44602478596308	observed	FALSE	SYNTHETIC_TEACHING_FIXTURE
SYN_TRAJ_080	34	SYN_PROS_SPK_10	SYN_ITEM_08	SYN_LONG	160.34	340	219.999999999999	0.655105973025048	134.9567	134.9567		134.9567	0.533940324230643	observed	FALSE	SYNTHETIC_TEACHING_FIXTURE
SYN_TRAJ_080	35	SYN_PROS_SPK_10	SYN_ITEM_08	SYN_LONG	160.35	350	229.99999999999	0.674373795761079	130.7221	130.7221		130.7221	-0.0179821180331264	observed	FALSE	SYNTHETIC_TEACHING_FIXTURE
SYN_TRAJ_080	36	SYN_PROS_SPK_10	SYN_ITEM_08	SYN_LONG	160.36	360	240.000000000009	0.69364161849711	126.4707	126.4707		126.4707	-0.59038063878701	observed	FALSE	SYNTHETIC_TEACHING_FIXTURE
SYN_TRAJ_080	37	SYN_PROS_SPK_10	SYN_ITEM_08	SYN_LONG	160.37	370	250	0.712909441233141	125.3644	125.3644		125.3644	-0.742486246695515	observed	FALSE	SYNTHETIC_TEACHING_FIXTURE
SYN_TRAJ_080	38	SYN_PROS_SPK_10	SYN_ITEM_08	SYN_LONG	160.38	380	259.999999999991	0.732177263969171	125.5114	125.5114		125.5114	-0.72219800571428	observed	FALSE	SYNTHETIC_TEACHING_FIXTURE
SYN_TRAJ_080	39	SYN_PROS_SPK_10	SYN_ITEM_08	SYN_LONG	160.39	390	269.999999999982	0.751445086705202	126.0206	126.0206		126.0206	-0.652103895857223	observed	FALSE	SYNTHETIC_TEACHING_FIXTURE
SYN_TRAJ_080	40	SYN_PROS_SPK_10	SYN_ITEM_08	SYN_LONG	160.4	400	280.000000000001	0.770712909441233	120.0139	120.0139		120.0139	-1.49760079950063	observed	FALSE	SYNTHETIC_TEACHING_FIXTURE
SYN_TRAJ_080	41	SYN_PROS_SPK_10	SYN_ITEM_08	SYN_LONG	160.41	410	289.999999999992	0.789980732177264	119.302	119.302		119.302	-1.60060015348572	observed	FALSE	SYNTHETIC_TEACHING_FIXTURE
SYN_TRAJ_080	42	SYN_PROS_SPK_10	SYN_ITEM_08	SYN_LONG	160.42	420	299.999999999983	0.809248554913295	120.7202	120.7202		120.7202	-1.39601368596599	observed	FALSE	SYNTHETIC_TEACHING_FIXTURE
SYN_TRAJ_080	43	SYN_PROS_SPK_10	SYN_ITEM_08	SYN_LONG	160.43	430	310.000000000002	0.828516377649326	120.989		estimator_failure	120.55505	-1.41971386639111	interpolated_estimator_failure	FALSE	SYNTHETIC_TEACHING_FIXTURE
SYN_TRAJ_080	44	SYN_PROS_SPK_10	SYN_ITEM_08	SYN_LONG	160.44	440	319.999999999993	0.847784200385356	120.3899	120.3899		120.3899	-1.44344653627925	observed	FALSE	SYNTHETIC_TEACHING_FIXTURE
SYN_TRAJ_080	45	SYN_PROS_SPK_10	SYN_ITEM_08	SYN_LONG	160.45	450	329.999999999984	0.867052023121387	119.2127	119.2127		119.2127	-1.61356364863343	observed	FALSE	SYNTHETIC_TEACHING_FIXTURE
SYN_TRAJ_080	46	SYN_PROS_SPK_10	SYN_ITEM_08	SYN_LONG	160.46	460	340.000000000003	0.886319845857418	120.1296	120.1296		120.1296	-1.48091879103688	observed	FALSE	SYNTHETIC_TEACHING_FIXTURE
SYN_TRAJ_080	47	SYN_PROS_SPK_10	SYN_ITEM_08	SYN_LONG	160.47	470	349.999999999994	0.905587668593449	122.9691	122.9691		122.9691	-1.07646885683101	observed	FALSE	SYNTHETIC_TEACHING_FIXTURE
SYN_TRAJ_080	48	SYN_PROS_SPK_10	SYN_ITEM_08	SYN_LONG	160.48	480	359.999999999985	0.92485549132948	122.1958	122.1958		122.1958	-1.18568251098421	observed	FALSE	SYNTHETIC_TEACHING_FIXTURE
SYN_TRAJ_080	49	SYN_PROS_SPK_10	SYN_ITEM_08	SYN_LONG	160.49	490	370.000000000005	0.944123314065511	123.4087	123.4087		123.4087	-1.01468964656236	observed	FALSE	SYNTHETIC_TEACHING_FIXTURE
SYN_TRAJ_080	50	SYN_PROS_SPK_10	SYN_ITEM_08	SYN_LONG	160.5	500	379.999999999995	0.963391136801541			structural_unvoiced			missing	FALSE	SYNTHETIC_TEACHING_FIXTURE
SYN_TRAJ_080	51	SYN_PROS_SPK_10	SYN_ITEM_08	SYN_LONG	160.51	510	389.999999999986	0.982658959537572			structural_unvoiced			missing	FALSE	SYNTHETIC_TEACHING_FIXTURE
SYN_TRAJ_081	0	SYN_PROS_SPK_11	SYN_ITEM_01	SYN_SHORT	162	0	-120.000000000005	0	121.4894	121.4894		121.4894	-1.01435415877914	observed	TRUE	SYNTHETIC_TEACHING_FIXTURE
SYN_TRAJ_081	1	SYN_PROS_SPK_11	SYN_ITEM_01	SYN_SHORT	162.01	10	-110.000000000014	0.0326797385620915	120.122	120.122		120.122	-1.2103146733826	observed	FALSE	SYNTHETIC_TEACHING_FIXTURE
SYN_TRAJ_081	2	SYN_PROS_SPK_11	SYN_ITEM_01	SYN_SHORT	162.02	20	-99.9999999999943	0.065359477124183	119.5113	119.5113		119.5113	-1.29855507425	observed	FALSE	SYNTHETIC_TEACHING_FIXTURE
SYN_TRAJ_081	3	SYN_PROS_SPK_11	SYN_ITEM_01	SYN_SHORT	162.03	30	-90.0000000000034	0.0980392156862745	119.6029	119.6029		119.6029	-1.28529103165849	observed	FALSE	SYNTHETIC_TEACHING_FIXTURE
SYN_TRAJ_081	4	SYN_PROS_SPK_11	SYN_ITEM_01	SYN_SHORT	162.04	40	-80.0000000000125	0.130718954248366	120.4667	120.4667		120.4667	-1.16070662570284	observed	FALSE	SYNTHETIC_TEACHING_FIXTURE
SYN_TRAJ_081	5	SYN_PROS_SPK_11	SYN_ITEM_01	SYN_SHORT	162.05	50	-69.9999999999932	0.163398692810458	120.9684	120.9684		120.9684	-1.08875674164859	observed	FALSE	SYNTHETIC_TEACHING_FIXTURE
SYN_TRAJ_081	6	SYN_PROS_SPK_11	SYN_ITEM_01	SYN_SHORT	162.06	60	-60.0000000000023	0.196078431372549	119.9145	119.9145		119.9145	-1.2402460508742	observed	FALSE	SYNTHETIC_TEACHING_FIXTURE
SYN_TRAJ_081	7	SYN_PROS_SPK_11	SYN_ITEM_01	SYN_SHORT	162.07	70	-50.0000000000114	0.22875816993464	124.631	124.631		124.631	-0.572363953592468	observed	FALSE	SYNTHETIC_TEACHING_FIXTURE
SYN_TRAJ_081	8	SYN_PROS_SPK_11	SYN_ITEM_01	SYN_SHORT	162.08	80	-39.999999999992	0.261437908496732	128.7842	128.7842		128.7842	-0.00485220945910691	observed	FALSE	SYNTHETIC_TEACHING_FIXTURE
SYN_TRAJ_081	9	SYN_PROS_SPK_11	SYN_ITEM_01	SYN_SHORT	162.09	90	-30.0000000000011	0.294117647058824	129.366	129.366		129.366	0.0731824908890915	observed	FALSE	SYNTHETIC_TEACHING_FIXTURE
SYN_TRAJ_081	10	SYN_PROS_SPK_11	SYN_ITEM_01	SYN_SHORT	162.1	100	-20.0000000000102	0.326797385620915	128.6177	128.6177		128.6177	-0.0272491311113687	observed	FALSE	SYNTHETIC_TEACHING_FIXTURE
SYN_TRAJ_081	11	SYN_PROS_SPK_11	SYN_ITEM_01	SYN_SHORT	162.11	110	-9.9999999999909	0.359477124183007	126.0986	126.0986		126.0986	-0.369692381699858	observed	FALSE	SYNTHETIC_TEACHING_FIXTURE
SYN_TRAJ_081	12	SYN_PROS_SPK_11	SYN_ITEM_01	SYN_SHORT	162.12	120	0	0.392156862745098	128.2579	128.2579		128.2579	-0.0757471915117341	observed	FALSE	SYNTHETIC_TEACHING_FIXTURE
SYN_TRAJ_081	13	SYN_PROS_SPK_11	SYN_ITEM_01	SYN_SHORT	162.13	130	9.9999999999909	0.42483660130719	131.3557	131.3557		131.3557	0.337426185338655	observed	FALSE	SYNTHETIC_TEACHING_FIXTURE
SYN_TRAJ_081	14	SYN_PROS_SPK_11	SYN_ITEM_01	SYN_SHORT	162.14	140	19.9999999999818	0.457516339869281	135.2606	135.2606		135.2606	0.844580420310957	observed	FALSE	SYNTHETIC_TEACHING_FIXTURE
SYN_TRAJ_081	15	SYN_PROS_SPK_11	SYN_ITEM_01	SYN_SHORT	162.15	150	30.0000000000011	0.490196078431373	138.7502		quality_rejection			missing	FALSE	SYNTHETIC_TEACHING_FIXTURE
SYN_TRAJ_081	16	SYN_PROS_SPK_11	SYN_ITEM_01	SYN_SHORT	162.16	160	39.999999999992	0.522875816993464	139.4897	139.4897		139.4897	1.37758367679634	observed	FALSE	SYNTHETIC_TEACHING_FIXTURE
SYN_TRAJ_081	17	SYN_PROS_SPK_11	SYN_ITEM_01	SYN_SHORT	162.17	170	49.999999999983	0.555555555555556	143.3323	143.3323		143.3323	1.84804561694373	observed	FALSE	SYNTHETIC_TEACHING_FIXTURE
SYN_TRAJ_081	18	SYN_PROS_SPK_11	SYN_ITEM_01	SYN_SHORT	162.18	180	60.0000000000023	0.588235294117647	139.3532	139.3532		139.3532	1.36063409934081	observed	FALSE	SYNTHETIC_TEACHING_FIXTURE
SYN_TRAJ_081	19	SYN_PROS_SPK_11	SYN_ITEM_01	SYN_SHORT	162.19	190	69.9999999999932	0.620915032679739	138.6856	138.6856		138.6856	1.27749648888585	observed	FALSE	SYNTHETIC_TEACHING_FIXTURE
SYN_TRAJ_081	20	SYN_PROS_SPK_11	SYN_ITEM_01	SYN_SHORT	162.2	200	79.9999999999841	0.65359477124183	135.6053	135.6053		135.6053	0.888643308910618	observed	FALSE	SYNTHETIC_TEACHING_FIXTURE
SYN_TRAJ_081	21	SYN_PROS_SPK_11	SYN_ITEM_01	SYN_SHORT	162.21	210	90.0000000000034	0.686274509803922	131.6347	131.6347		131.6347	0.374158665375458	observed	FALSE	SYNTHETIC_TEACHING_FIXTURE
SYN_TRAJ_081	22	SYN_PROS_SPK_11	SYN_ITEM_01	SYN_SHORT	162.22	220	99.9999999999943	0.718954248366013	130.7399	130.7399		130.7399	0.256074503804991	observed	FALSE	SYNTHETIC_TEACHING_FIXTURE
SYN_TRAJ_081	23	SYN_PROS_SPK_11	SYN_ITEM_01	SYN_SHORT	162.23	230	109.999999999985	0.751633986928105	125.3542	125.3542		125.3542	-0.472195467045049	observed	FALSE	SYNTHETIC_TEACHING_FIXTURE
SYN_TRAJ_081	24	SYN_PROS_SPK_11	SYN_ITEM_01	SYN_SHORT	162.24	240	120.000000000005	0.784313725490196	123.2312	123.2312		123.2312	-0.767908670479032	observed	FALSE	SYNTHETIC_TEACHING_FIXTURE
SYN_TRAJ_081	25	SYN_PROS_SPK_11	SYN_ITEM_01	SYN_SHORT	162.25	250	129.999999999995	0.816993464052288	123.0809	123.0809		123.0809	-0.789036703561459	observed	FALSE	SYNTHETIC_TEACHING_FIXTURE
SYN_TRAJ_081	26	SYN_PROS_SPK_11	SYN_ITEM_01	SYN_SHORT	162.26	260	139.999999999986	0.849673202614379	119.0463	119.0463		119.0463	-1.36604609967652	observed	FALSE	SYNTHETIC_TEACHING_FIXTURE
SYN_TRAJ_081	27	SYN_PROS_SPK_11	SYN_ITEM_01	SYN_SHORT	162.27	270	150.000000000006	0.88235294117647	117.7928	117.7928		117.7928	-1.54930318380711	observed	FALSE	SYNTHETIC_TEACHING_FIXTURE
SYN_TRAJ_081	28	SYN_PROS_SPK_11	SYN_ITEM_01	SYN_SHORT	162.28	280	159.999999999997	0.915032679738562	119.7591	119.7591		119.7591	-1.26269606697322	observed	FALSE	SYNTHETIC_TEACHING_FIXTURE
SYN_TRAJ_081	29	SYN_PROS_SPK_11	SYN_ITEM_01	SYN_SHORT	162.29	290	169.999999999987	0.947712418300654	117.9181	117.9181		117.9181	-1.53089727667419	observed	FALSE	SYNTHETIC_TEACHING_FIXTURE
SYN_TRAJ_081	30	SYN_PROS_SPK_11	SYN_ITEM_01	SYN_SHORT	162.3	300	180.000000000007	0.980392156862745	118.4197	118.4197		118.4197	-1.45741023372932	observed	FALSE	SYNTHETIC_TEACHING_FIXTURE
SYN_TRAJ_082	0	SYN_PROS_SPK_11	SYN_ITEM_02	SYN_LONG	164	0	-120.000000000005	0	122.6374	122.6374		122.6374	-0.851531286547055	observed	TRUE	SYNTHETIC_TEACHING_FIXTURE
SYN_TRAJ_082	1	SYN_PROS_SPK_11	SYN_ITEM_02	SYN_LONG	164.01	10	-110.000000000014	0.0206611570247934	121.9846	121.9846		121.9846	-0.94393117453876	observed	FALSE	SYNTHETIC_TEACHING_FIXTURE
SYN_TRAJ_082	2	SYN_PROS_SPK_11	SYN_ITEM_02	SYN_LONG	164.02	20	-99.9999999999943	0.0413223140495868	121.0755	121.0755		121.0755	-1.07343595242351	observed	FALSE	SYNTHETIC_TEACHING_FIXTURE
SYN_TRAJ_082	3	SYN_PROS_SPK_11	SYN_ITEM_02	SYN_LONG	164.03	30	-90.0000000000034	0.0619834710743802	127.5501	127.5501		127.5501	-0.171551121569935	observed	FALSE	SYNTHETIC_TEACHING_FIXTURE
SYN_TRAJ_082	4	SYN_PROS_SPK_11	SYN_ITEM_02	SYN_LONG	164.04	40	-80.0000000000125	0.0826446280991736	126.7548	126.7548		126.7548	-0.279834912241893	observed	FALSE	SYNTHETIC_TEACHING_FIXTURE
SYN_TRAJ_082	5	SYN_PROS_SPK_11	SYN_ITEM_02	SYN_LONG	164.05	50	-69.9999999999932	0.103305785123967	127.622	127.622		127.622	-0.161794903596093	observed	FALSE	SYNTHETIC_TEACHING_FIXTURE
SYN_TRAJ_082	6	SYN_PROS_SPK_11	SYN_ITEM_02	SYN_LONG	164.06	60	-60.0000000000023	0.12396694214876	132.3349	132.3349		132.3349	0.466003553898557	observed	FALSE	SYNTHETIC_TEACHING_FIXTURE
SYN_TRAJ_082	7	SYN_PROS_SPK_11	SYN_ITEM_02	SYN_LONG	164.07	70	-50.0000000000114	0.144628099173554	128.8564	128.8564		128.8564	0.00485084988904475	observed	FALSE	SYNTHETIC_TEACHING_FIXTURE
SYN_TRAJ_082	8	SYN_PROS_SPK_11	SYN_ITEM_02	SYN_LONG	164.08	80	-39.999999999992	0.165289256198347	131.9475	131.9475		131.9475	0.41524871354746	observed	FALSE	SYNTHETIC_TEACHING_FIXTURE
SYN_TRAJ_082	9	SYN_PROS_SPK_11	SYN_ITEM_02	SYN_LONG	164.09	90	-30.0000000000011	0.18595041322314	130.3166	130.3166		130.3166	0.199930947507397	observed	FALSE	SYNTHETIC_TEACHING_FIXTURE
SYN_TRAJ_082	10	SYN_PROS_SPK_11	SYN_ITEM_02	SYN_LONG	164.1	100	-20.0000000000102	0.206611570247934	131.2717	131.2717		131.2717	0.326351661882185	observed	FALSE	SYNTHETIC_TEACHING_FIXTURE
SYN_TRAJ_082	11	SYN_PROS_SPK_11	SYN_ITEM_02	SYN_LONG	164.11	110	-9.9999999999909	0.227272727272727	135.6578	135.6578		135.6578	0.895344536516649	observed	FALSE	SYNTHETIC_TEACHING_FIXTURE
SYN_TRAJ_082	12	SYN_PROS_SPK_11	SYN_ITEM_02	SYN_LONG	164.12	120	0	0.247933884297521	138.8446	138.8446		138.8446	1.29733333863541	observed	FALSE	SYNTHETIC_TEACHING_FIXTURE
SYN_TRAJ_082	13	SYN_PROS_SPK_11	SYN_ITEM_02	SYN_LONG	164.13	130	9.9999999999909	0.268595041322314	136.0327	136.0327		136.0327	0.943122435039688	observed	FALSE	SYNTHETIC_TEACHING_FIXTURE
SYN_TRAJ_082	14	SYN_PROS_SPK_11	SYN_ITEM_02	SYN_LONG	164.14	140	19.9999999999818	0.289256198347107	139.1352	139.1352		139.1352	1.33352998299089	observed	FALSE	SYNTHETIC_TEACHING_FIXTURE
SYN_TRAJ_082	15	SYN_PROS_SPK_11	SYN_ITEM_02	SYN_LONG	164.15	150	30.0000000000011	0.309917355371901	141.1353	141.1353		141.1353	1.58062698421308	observed	FALSE	SYNTHETIC_TEACHING_FIXTURE
SYN_TRAJ_082	16	SYN_PROS_SPK_11	SYN_ITEM_02	SYN_LONG	164.16	160	39.999999999992	0.330578512396694	142.6418	142.6418		142.6418	1.76444228125622	observed	FALSE	SYNTHETIC_TEACHING_FIXTURE
SYN_TRAJ_082	17	SYN_PROS_SPK_11	SYN_ITEM_02	SYN_LONG	164.17	170	49.999999999983	0.351239669421488	143.164	143.164		143.164	1.82770561786006	observed	FALSE	SYNTHETIC_TEACHING_FIXTURE
SYN_TRAJ_082	18	SYN_PROS_SPK_11	SYN_ITEM_02	SYN_LONG	164.18	180	60.0000000000023	0.371900826446281	143.954	143.954		143.954	1.9229750436833	observed	FALSE	SYNTHETIC_TEACHING_FIXTURE
SYN_TRAJ_082	19	SYN_PROS_SPK_11	SYN_ITEM_02	SYN_LONG	164.19	190	69.9999999999932	0.392561983471074	145.4944	145.4944		145.4944	2.10724402606216	observed	FALSE	SYNTHETIC_TEACHING_FIXTURE
SYN_TRAJ_082	20	SYN_PROS_SPK_11	SYN_ITEM_02	SYN_LONG	164.2	200	79.9999999999841	0.413223140495868	144.9845	144.9845		144.9845	2.04646459262902	observed	FALSE	SYNTHETIC_TEACHING_FIXTURE
SYN_TRAJ_082	21	SYN_PROS_SPK_11	SYN_ITEM_02	SYN_LONG	164.21	210	90.0000000000034	0.433884297520661	145.3455	145.3455		145.3455	2.08951738178617	observed	FALSE	SYNTHETIC_TEACHING_FIXTURE
SYN_TRAJ_082	22	SYN_PROS_SPK_11	SYN_ITEM_02	SYN_LONG	164.22	220	99.9999999999943	0.454545454545455	145.5886	145.5886		145.5886	2.11844923235145	observed	FALSE	SYNTHETIC_TEACHING_FIXTURE
SYN_TRAJ_082	23	SYN_PROS_SPK_11	SYN_ITEM_02	SYN_LONG	164.23	230	109.999999999985	0.475206611570248	146.9467	146.9467		146.9467	2.2791960450575	observed	FALSE	SYNTHETIC_TEACHING_FIXTURE
SYN_TRAJ_082	24	SYN_PROS_SPK_11	SYN_ITEM_02	SYN_LONG	164.24	240	120.000000000005	0.495867768595041	143.6714	143.6714		143.6714	1.88895531526574	observed	FALSE	SYNTHETIC_TEACHING_FIXTURE
SYN_TRAJ_082	25	SYN_PROS_SPK_11	SYN_ITEM_02	SYN_LONG	164.25	250	129.999999999995	0.516528925619835	145.3102	145.3102		145.3102	2.08531223031434	observed	FALSE	SYNTHETIC_TEACHING_FIXTURE
SYN_TRAJ_082	26	SYN_PROS_SPK_11	SYN_ITEM_02	SYN_LONG	164.26	260	139.999999999986	0.537190082644628	142.504	142.504		142.504	1.74770950311024	observed	FALSE	SYNTHETIC_TEACHING_FIXTURE
SYN_TRAJ_082	27	SYN_PROS_SPK_11	SYN_ITEM_02	SYN_LONG	164.27	270	150.000000000006	0.557851239669422	136.4735	136.4735		136.4735	0.999130601783728	observed	FALSE	SYNTHETIC_TEACHING_FIXTURE
SYN_TRAJ_082	28	SYN_PROS_SPK_11	SYN_ITEM_02	SYN_LONG	164.28	280	159.999999999997	0.578512396694215	131.0607	131.0607		131.0607	0.29850222634725	observed	FALSE	SYNTHETIC_TEACHING_FIXTURE
SYN_TRAJ_082	29	SYN_PROS_SPK_11	SYN_ITEM_02	SYN_LONG	164.29	290	169.999999999987	0.599173553719008	131.1657	131.1657		131.1657	0.312366550066535	observed	FALSE	SYNTHETIC_TEACHING_FIXTURE
SYN_TRAJ_082	30	SYN_PROS_SPK_11	SYN_ITEM_02	SYN_LONG	164.3	300	180.000000000007	0.619834710743802	127.9381	127.9381		127.9381	-0.118967923798707	observed	FALSE	SYNTHETIC_TEACHING_FIXTURE
SYN_TRAJ_082	31	SYN_PROS_SPK_11	SYN_ITEM_02	SYN_LONG	164.31	310	189.999999999998	0.640495867768595	122.7273	122.7273		122.7273	-0.838845032332361	observed	FALSE	SYNTHETIC_TEACHING_FIXTURE
SYN_TRAJ_082	32	SYN_PROS_SPK_11	SYN_ITEM_02	SYN_LONG	164.32	320	199.999999999989	0.661157024793388	120.8428	120.8428		120.8428	-1.10674126975296	observed	FALSE	SYNTHETIC_TEACHING_FIXTURE
SYN_TRAJ_082	33	SYN_PROS_SPK_11	SYN_ITEM_02	SYN_LONG	164.33	330	210.000000000008	0.681818181818182	121.1187	121.1187		121.1187	-1.06725997366656	observed	FALSE	SYNTHETIC_TEACHING_FIXTURE
SYN_TRAJ_082	34	SYN_PROS_SPK_11	SYN_ITEM_02	SYN_LONG	164.34	340	219.999999999999	0.702479338842975	119.5833	119.5833		119.5833	-1.28812833476692	observed	FALSE	SYNTHETIC_TEACHING_FIXTURE
SYN_TRAJ_082	35	SYN_PROS_SPK_11	SYN_ITEM_02	SYN_LONG	164.35	350	229.99999999999	0.723140495867769	118.9232	118.9232		118.9232	-1.38395721269306	observed	FALSE	SYNTHETIC_TEACHING_FIXTURE
SYN_TRAJ_082	36	SYN_PROS_SPK_11	SYN_ITEM_02	SYN_LONG	164.36	360	240.000000000009	0.743801652892562	115.6895	115.6895		115.6895	-1.8612243083503	observed	FALSE	SYNTHETIC_TEACHING_FIXTURE
SYN_TRAJ_082	37	SYN_PROS_SPK_11	SYN_ITEM_02	SYN_LONG	164.37	370	250	0.764462809917355	114.5397	114.5397		114.5397	-2.03414672298779	observed	FALSE	SYNTHETIC_TEACHING_FIXTURE
SYN_TRAJ_082	38	SYN_PROS_SPK_11	SYN_ITEM_02	SYN_LONG	164.38	380	259.999999999991	0.785123966942149	115.1839	115.1839		115.1839	-1.93705056936632	observed	FALSE	SYNTHETIC_TEACHING_FIXTURE
SYN_TRAJ_082	39	SYN_PROS_SPK_11	SYN_ITEM_02	SYN_LONG	164.39	390	269.999999999982	0.805785123966942	116.4723	116.4723		116.4723	-1.74447683745602	observed	FALSE	SYNTHETIC_TEACHING_FIXTURE
SYN_TRAJ_082	40	SYN_PROS_SPK_11	SYN_ITEM_02	SYN_LONG	164.4	400	280.000000000001	0.826446280991736	115.4716	115.4716		115.4716	-1.89386267276572	observed	FALSE	SYNTHETIC_TEACHING_FIXTURE
SYN_TRAJ_082	41	SYN_PROS_SPK_11	SYN_ITEM_02	SYN_LONG	164.41	410	289.999999999992	0.847107438016529	120.0284	120.0284		120.0284	-1.22380984267634	observed	FALSE	SYNTHETIC_TEACHING_FIXTURE
SYN_TRAJ_082	42	SYN_PROS_SPK_11	SYN_ITEM_02	SYN_LONG	164.42	420	299.999999999983	0.867768595041322	120.1671	120.1671		120.1671	-1.20381594692936	observed	FALSE	SYNTHETIC_TEACHING_FIXTURE
SYN_TRAJ_082	43	SYN_PROS_SPK_11	SYN_ITEM_02	SYN_LONG	164.43	430	310.000000000002	0.888429752066116	120.7147	120.7147		120.7147	-1.12510303475506	observed	FALSE	SYNTHETIC_TEACHING_FIXTURE
SYN_TRAJ_082	44	SYN_PROS_SPK_11	SYN_ITEM_02	SYN_LONG	164.44	440	319.999999999993	0.909090909090909	119.7677	119.7677		119.7677	-1.26145289812294	observed	FALSE	SYNTHETIC_TEACHING_FIXTURE
SYN_TRAJ_082	45	SYN_PROS_SPK_11	SYN_ITEM_02	SYN_LONG	164.45	450	329.999999999984	0.929752066115702	118.8274	118.8274		118.8274	-1.39790899501257	observed	FALSE	SYNTHETIC_TEACHING_FIXTURE
SYN_TRAJ_082	46	SYN_PROS_SPK_11	SYN_ITEM_02	SYN_LONG	164.46	460	340.000000000003	0.950413223140496	113.7294	113.7294		113.7294	-2.15705646786414	observed	FALSE	SYNTHETIC_TEACHING_FIXTURE
SYN_TRAJ_082	47	SYN_PROS_SPK_11	SYN_ITEM_02	SYN_LONG	164.47	470	349.999999999994	0.971074380165289	115.0504	115.0504		115.0504	-1.95712748852673	observed	FALSE	SYNTHETIC_TEACHING_FIXTURE
SYN_TRAJ_082	48	SYN_PROS_SPK_11	SYN_ITEM_02	SYN_LONG	164.48	480	359.999999999985	0.991735537190083	115.5635	115.5635		115.5635	-1.88008983759908	observed	FALSE	SYNTHETIC_TEACHING_FIXTURE
SYN_TRAJ_083	0	SYN_PROS_SPK_11	SYN_ITEM_03	SYN_SHORT	166	0	-120.000000000005	0	127.4126	127.4126		127.4126	-0.190224025867246	observed	TRUE	SYNTHETIC_TEACHING_FIXTURE
SYN_TRAJ_083	1	SYN_PROS_SPK_11	SYN_ITEM_03	SYN_SHORT	166.01	10	-110.000000000014	0.0327868852459016	126.8059	126.8059		126.8059	-0.272857012188379	observed	FALSE	SYNTHETIC_TEACHING_FIXTURE
SYN_TRAJ_083	2	SYN_PROS_SPK_11	SYN_ITEM_03	SYN_SHORT	166.02	20	-99.9999999999943	0.0655737704918033	126.1223	126.1223		126.1223	-0.366438864875232	observed	FALSE	SYNTHETIC_TEACHING_FIXTURE
SYN_TRAJ_083	3	SYN_PROS_SPK_11	SYN_ITEM_03	SYN_SHORT	166.03	30	-90.0000000000034	0.0983606557377049	129.2092	129.2092		129.2092	0.0521860819397995	observed	FALSE	SYNTHETIC_TEACHING_FIXTURE
SYN_TRAJ_083	4	SYN_PROS_SPK_11	SYN_ITEM_03	SYN_SHORT	166.04	40	-80.0000000000125	0.131147540983607	128.5592	128.5592		128.5592	-0.0351252034660162	observed	FALSE	SYNTHETIC_TEACHING_FIXTURE
SYN_TRAJ_083	5	SYN_PROS_SPK_11	SYN_ITEM_03	SYN_SHORT	166.05	50	-69.9999999999932	0.163934426229508	125.1417	125.1417		125.1417	-0.501568189207431	observed	FALSE	SYNTHETIC_TEACHING_FIXTURE
SYN_TRAJ_083	6	SYN_PROS_SPK_11	SYN_ITEM_03	SYN_SHORT	166.06	60	-60.0000000000023	0.19672131147541	120.1114	120.1114		120.1114	-1.21184244436965	observed	FALSE	SYNTHETIC_TEACHING_FIXTURE
SYN_TRAJ_083	7	SYN_PROS_SPK_11	SYN_ITEM_03	SYN_SHORT	166.07	70	-50.0000000000114	0.229508196721311	117.9595	117.9595		117.9595	-1.52482013409114	observed	FALSE	SYNTHETIC_TEACHING_FIXTURE
SYN_TRAJ_083	8	SYN_PROS_SPK_11	SYN_ITEM_03	SYN_SHORT	166.08	80	-39.999999999992	0.262295081967213	122.5772		estimator_failure	122.35825	-0.890982941622078	interpolated_estimator_failure	FALSE	SYNTHETIC_TEACHING_FIXTURE
SYN_TRAJ_083	9	SYN_PROS_SPK_11	SYN_ITEM_03	SYN_SHORT	166.09	90	-30.0000000000011	0.295081967213115	126.757	126.757		126.757	-0.279534435900512	observed	FALSE	SYNTHETIC_TEACHING_FIXTURE
SYN_TRAJ_083	10	SYN_PROS_SPK_11	SYN_ITEM_03	SYN_SHORT	166.1	100	-20.0000000000102	0.327868852459016	127.3719	127.3719		127.3719	-0.195755070840262	observed	FALSE	SYNTHETIC_TEACHING_FIXTURE
SYN_TRAJ_083	11	SYN_PROS_SPK_11	SYN_ITEM_03	SYN_SHORT	166.11	110	-9.9999999999909	0.360655737704918	130.3305	130.3305		130.3305	0.201777440585956	observed	FALSE	SYNTHETIC_TEACHING_FIXTURE
SYN_TRAJ_083	12	SYN_PROS_SPK_11	SYN_ITEM_03	SYN_SHORT	166.12	120	0	0.39344262295082	131.7495	131.7495		131.7495	0.389250358910506	observed	FALSE	SYNTHETIC_TEACHING_FIXTURE
SYN_TRAJ_083	13	SYN_PROS_SPK_11	SYN_ITEM_03	SYN_SHORT	166.13	130	9.9999999999909	0.426229508196721	137.2061	137.2061		137.2061	1.09181599694771	observed	FALSE	SYNTHETIC_TEACHING_FIXTURE
SYN_TRAJ_083	14	SYN_PROS_SPK_11	SYN_ITEM_03	SYN_SHORT	166.14	140	19.9999999999818	0.459016393442623	137.2702	137.2702		137.2702	1.09990209433117	observed	FALSE	SYNTHETIC_TEACHING_FIXTURE
SYN_TRAJ_083	15	SYN_PROS_SPK_11	SYN_ITEM_03	SYN_SHORT	166.15	150	30.0000000000011	0.491803278688525	138.3226	138.3226		138.3226	1.23212322415684	observed	FALSE	SYNTHETIC_TEACHING_FIXTURE
SYN_TRAJ_083	16	SYN_PROS_SPK_11	SYN_ITEM_03	SYN_SHORT	166.16	160	39.999999999992	0.524590163934426	142.3647	142.3647		142.3647	1.73077812930491	observed	FALSE	SYNTHETIC_TEACHING_FIXTURE
SYN_TRAJ_083	17	SYN_PROS_SPK_11	SYN_ITEM_03	SYN_SHORT	166.17	170	49.999999999983	0.557377049180328	144.7618	144.7618		144.7618	2.01985193882479	observed	FALSE	SYNTHETIC_TEACHING_FIXTURE
SYN_TRAJ_083	18	SYN_PROS_SPK_11	SYN_ITEM_03	SYN_SHORT	166.18	180	60.0000000000023	0.59016393442623	144.3832	144.3832		144.3832	1.97451512957287	observed	FALSE	SYNTHETIC_TEACHING_FIXTURE
SYN_TRAJ_083	19	SYN_PROS_SPK_11	SYN_ITEM_03	SYN_SHORT	166.19	190	69.9999999999932	0.622950819672131	144.8438	144.8438		144.8438	2.02965569923669	observed	FALSE	SYNTHETIC_TEACHING_FIXTURE
SYN_TRAJ_083	20	SYN_PROS_SPK_11	SYN_ITEM_03	SYN_SHORT	166.2	200	79.9999999999841	0.655737704918033	144.2997	144.2997		144.2997	1.96450012368728	observed	FALSE	SYNTHETIC_TEACHING_FIXTURE
SYN_TRAJ_083	21	SYN_PROS_SPK_11	SYN_ITEM_03	SYN_SHORT	166.21	210	90.0000000000034	0.688524590163934	142.7727	142.7727		142.7727	1.78032224200889	observed	FALSE	SYNTHETIC_TEACHING_FIXTURE
SYN_TRAJ_083	22	SYN_PROS_SPK_11	SYN_ITEM_03	SYN_SHORT	166.22	220	99.9999999999943	0.721311475409836	135.8353	135.8353		135.8353	0.917981877023127	observed	FALSE	SYNTHETIC_TEACHING_FIXTURE
SYN_TRAJ_083	23	SYN_PROS_SPK_11	SYN_ITEM_03	SYN_SHORT	166.23	230	109.999999999985	0.754098360655738	132.1809	132.1809		132.1809	0.445845206179522	observed	FALSE	SYNTHETIC_TEACHING_FIXTURE
SYN_TRAJ_083	24	SYN_PROS_SPK_11	SYN_ITEM_03	SYN_SHORT	166.24	240	120.000000000005	0.786885245901639	127.7803	127.7803		127.7803	-0.14033429928197	observed	FALSE	SYNTHETIC_TEACHING_FIXTURE
SYN_TRAJ_083	25	SYN_PROS_SPK_11	SYN_ITEM_03	SYN_SHORT	166.25	250	129.999999999995	0.819672131147541	127.6185	127.6185		127.6185	-0.16226969652058	observed	FALSE	SYNTHETIC_TEACHING_FIXTURE
SYN_TRAJ_083	26	SYN_PROS_SPK_11	SYN_ITEM_03	SYN_SHORT	166.26	260	139.999999999986	0.852459016393443	123.9035	123.9035		123.9035	-0.673716189831533	observed	FALSE	SYNTHETIC_TEACHING_FIXTURE
SYN_TRAJ_083	27	SYN_PROS_SPK_11	SYN_ITEM_03	SYN_SHORT	166.27	270	150.000000000006	0.885245901639344	122.5965	122.5965		122.5965	-0.857305975386023	observed	FALSE	SYNTHETIC_TEACHING_FIXTURE
SYN_TRAJ_083	28	SYN_PROS_SPK_11	SYN_ITEM_03	SYN_SHORT	166.28	280	159.999999999997	0.918032786885246	121.3915	121.3915		121.3915	-1.0283106141927	observed	FALSE	SYNTHETIC_TEACHING_FIXTURE
SYN_TRAJ_083	29	SYN_PROS_SPK_11	SYN_ITEM_03	SYN_SHORT	166.29	290	169.999999999987	0.950819672131147	122.0896	122.0896		122.0896	-0.929035738120983	observed	FALSE	SYNTHETIC_TEACHING_FIXTURE
SYN_TRAJ_083	30	SYN_PROS_SPK_11	SYN_ITEM_03	SYN_SHORT	166.3	300	180.000000000007	0.983606557377049	121.2901	121.2901		121.2901	-1.04277789500766	observed	FALSE	SYNTHETIC_TEACHING_FIXTURE
SYN_TRAJ_084	0	SYN_PROS_SPK_11	SYN_ITEM_04	SYN_LONG	168	0	-120.000000000005	0	129.9683	129.9683		129.9683	0.153597934781504	observed	TRUE	SYNTHETIC_TEACHING_FIXTURE
SYN_TRAJ_084	1	SYN_PROS_SPK_11	SYN_ITEM_04	SYN_LONG	168.01	10	-110.000000000014	0.0201207243460765	126.5373	126.5373		126.5373	-0.309566869789759	observed	FALSE	SYNTHETIC_TEACHING_FIXTURE
SYN_TRAJ_084	2	SYN_PROS_SPK_11	SYN_ITEM_04	SYN_LONG	168.02	20	-99.9999999999943	0.0402414486921529	126.0731	126.0731		126.0731	-0.373193684058664	observed	FALSE	SYNTHETIC_TEACHING_FIXTURE
SYN_TRAJ_084	3	SYN_PROS_SPK_11	SYN_ITEM_04	SYN_LONG	168.03	30	-90.0000000000034	0.0603621730382294	127.2677	127.2677		127.2677	-0.209923691744608	observed	FALSE	SYNTHETIC_TEACHING_FIXTURE
SYN_TRAJ_084	4	SYN_PROS_SPK_11	SYN_ITEM_04	SYN_LONG	168.04	40	-80.0000000000125	0.0804828973843058	128.504	128.504		128.504	-0.0425602716498201	observed	FALSE	SYNTHETIC_TEACHING_FIXTURE
SYN_TRAJ_084	5	SYN_PROS_SPK_11	SYN_ITEM_04	SYN_LONG	168.05	50	-69.9999999999932	0.100603621730382	133.5533	133.5533		133.5533	0.624668009834412	observed	FALSE	SYNTHETIC_TEACHING_FIXTURE
SYN_TRAJ_084	6	SYN_PROS_SPK_11	SYN_ITEM_04	SYN_LONG	168.06	60	-60.0000000000023	0.120724346076459	133.6247	133.6247		133.6247	0.633921025729877	observed	FALSE	SYNTHETIC_TEACHING_FIXTURE
SYN_TRAJ_084	7	SYN_PROS_SPK_11	SYN_ITEM_04	SYN_LONG	168.07	70	-50.0000000000114	0.140845070422535	135.4519	135.4519		135.4519	0.869048084620015	observed	FALSE	SYNTHETIC_TEACHING_FIXTURE
SYN_TRAJ_084	8	SYN_PROS_SPK_11	SYN_ITEM_04	SYN_LONG	168.08	80	-39.999999999992	0.160965794768612	134.0458	134.0458		134.0458	0.688392718314505	observed	FALSE	SYNTHETIC_TEACHING_FIXTURE
SYN_TRAJ_084	9	SYN_PROS_SPK_11	SYN_ITEM_04	SYN_LONG	168.09	90	-30.0000000000011	0.181086519114688	136.3821	136.3821		136.3821	0.987532174043695	observed	FALSE	SYNTHETIC_TEACHING_FIXTURE
SYN_TRAJ_084	10	SYN_PROS_SPK_11	SYN_ITEM_04	SYN_LONG	168.1	100	-20.0000000000102	0.201207243460765	135.8053	135.8053		135.8053	0.914157925693088	observed	FALSE	SYNTHETIC_TEACHING_FIXTURE
SYN_TRAJ_084	11	SYN_PROS_SPK_11	SYN_ITEM_04	SYN_LONG	168.11	110	-9.9999999999909	0.221327967806841	134.192	134.192		134.192	0.707264513642141	observed	FALSE	SYNTHETIC_TEACHING_FIXTURE
SYN_TRAJ_084	12	SYN_PROS_SPK_11	SYN_ITEM_04	SYN_LONG	168.12	120	0	0.241448692152918	139.1678	139.1678		139.1678	1.33758586670452	observed	FALSE	SYNTHETIC_TEACHING_FIXTURE
SYN_TRAJ_084	13	SYN_PROS_SPK_11	SYN_ITEM_04	SYN_LONG	168.13	130	9.9999999999909	0.261569416498994	137.1773	137.1773		137.1773	1.08818169977112	observed	FALSE	SYNTHETIC_TEACHING_FIXTURE
SYN_TRAJ_084	14	SYN_PROS_SPK_11	SYN_ITEM_04	SYN_LONG	168.14	140	19.9999999999818	0.28169014084507	137.3784	137.3784		137.3784	1.11354276344799	observed	FALSE	SYNTHETIC_TEACHING_FIXTURE
SYN_TRAJ_084	15	SYN_PROS_SPK_11	SYN_ITEM_04	SYN_LONG	168.15	150	30.0000000000011	0.301810865191147	140.8704	140.8704		140.8704	1.5481025327936	observed	FALSE	SYNTHETIC_TEACHING_FIXTURE
SYN_TRAJ_084	16	SYN_PROS_SPK_11	SYN_ITEM_04	SYN_LONG	168.16	160	39.999999999992	0.321931589537223	145.4443	145.4443		145.4443	2.10128161358726	observed	FALSE	SYNTHETIC_TEACHING_FIXTURE
SYN_TRAJ_084	17	SYN_PROS_SPK_11	SYN_ITEM_04	SYN_LONG	168.17	170	49.999999999983	0.3420523138833	146.4461	146.4461		146.4461	2.22011779869373	observed	FALSE	SYNTHETIC_TEACHING_FIXTURE
SYN_TRAJ_084	18	SYN_PROS_SPK_11	SYN_ITEM_04	SYN_LONG	168.18	180	60.0000000000023	0.362173038229376	145.4327	145.4327		145.4327	2.09990080211163	observed	FALSE	SYNTHETIC_TEACHING_FIXTURE
SYN_TRAJ_084	19	SYN_PROS_SPK_11	SYN_ITEM_04	SYN_LONG	168.19	190	69.9999999999932	0.382293762575453	144.4094	144.4094		144.4094	1.97765636880199	observed	FALSE	SYNTHETIC_TEACHING_FIXTURE
SYN_TRAJ_084	20	SYN_PROS_SPK_11	SYN_ITEM_04	SYN_LONG	168.2	200	79.9999999999841	0.402414486921529	146.846	146.846		146.846	2.26732813441383	observed	FALSE	SYNTHETIC_TEACHING_FIXTURE
SYN_TRAJ_084	21	SYN_PROS_SPK_11	SYN_ITEM_04	SYN_LONG	168.21	210	90.0000000000034	0.422535211267606	145.5952	145.5952		145.5952	2.1192340386989	observed	FALSE	SYNTHETIC_TEACHING_FIXTURE
SYN_TRAJ_084	22	SYN_PROS_SPK_11	SYN_ITEM_04	SYN_LONG	168.22	220	99.9999999999943	0.442655935613682	146.9296	146.9296		146.9296	2.27718131285403	observed	FALSE	SYNTHETIC_TEACHING_FIXTURE
SYN_TRAJ_084	23	SYN_PROS_SPK_11	SYN_ITEM_04	SYN_LONG	168.23	230	109.999999999985	0.462776659959759	148.2591	148.2591		148.2591	2.43312842273097	observed	FALSE	SYNTHETIC_TEACHING_FIXTURE
SYN_TRAJ_084	24	SYN_PROS_SPK_11	SYN_ITEM_04	SYN_LONG	168.24	240	120.000000000005	0.482897384305835	146.7917	146.7917		146.7917	2.2609252774281	observed	FALSE	SYNTHETIC_TEACHING_FIXTURE
SYN_TRAJ_084	25	SYN_PROS_SPK_11	SYN_ITEM_04	SYN_LONG	168.25	250	129.999999999995	0.503018108651911	144.1543	144.1543		144.1543	1.94704698023608	observed	FALSE	SYNTHETIC_TEACHING_FIXTURE
SYN_TRAJ_084	26	SYN_PROS_SPK_11	SYN_ITEM_04	SYN_LONG	168.26	260	139.999999999986	0.523138832997988	142.6514	142.6514		142.6514	1.76560738767147	observed	FALSE	SYNTHETIC_TEACHING_FIXTURE
SYN_TRAJ_084	27	SYN_PROS_SPK_11	SYN_ITEM_04	SYN_LONG	168.27	270	150.000000000006	0.543259557344064	133.574	133.574		133.574	0.627351115970507	observed	FALSE	SYNTHETIC_TEACHING_FIXTURE
SYN_TRAJ_084	28	SYN_PROS_SPK_11	SYN_ITEM_04	SYN_LONG	168.28	280	159.999999999997	0.563380281690141	133.8741	133.8741		133.8741	0.666203032000105	observed	FALSE	SYNTHETIC_TEACHING_FIXTURE
SYN_TRAJ_084	29	SYN_PROS_SPK_11	SYN_ITEM_04	SYN_LONG	168.29	290	169.999999999987	0.583501006036217	130.549	130.549		130.549	0.23077739866418	observed	FALSE	SYNTHETIC_TEACHING_FIXTURE
SYN_TRAJ_084	30	SYN_PROS_SPK_11	SYN_ITEM_04	SYN_LONG	168.3	300	180.000000000007	0.603621730382294	131.2134		estimator_failure	130.95695	0.284792039878675	interpolated_estimator_failure	FALSE	SYNTHETIC_TEACHING_FIXTURE
SYN_TRAJ_084	31	SYN_PROS_SPK_11	SYN_ITEM_04	SYN_LONG	168.31	310	189.999999999998	0.62374245472837	131.3649	131.3649		131.3649	0.338638679011242	observed	FALSE	SYNTHETIC_TEACHING_FIXTURE
SYN_TRAJ_084	32	SYN_PROS_SPK_11	SYN_ITEM_04	SYN_LONG	168.32	320	199.999999999989	0.643863179074447	132.6905	132.6905		132.6905	0.512461530929383	observed	FALSE	SYNTHETIC_TEACHING_FIXTURE
SYN_TRAJ_084	33	SYN_PROS_SPK_11	SYN_ITEM_04	SYN_LONG	168.33	330	210.000000000008	0.663983903420523	130.0406	130.0406		130.0406	0.163225930205785	observed	FALSE	SYNTHETIC_TEACHING_FIXTURE
SYN_TRAJ_084	34	SYN_PROS_SPK_11	SYN_ITEM_04	SYN_LONG	168.34	340	219.999999999999	0.6841046277666	126.9135	126.9135		126.9135	-0.258173011292326	observed	FALSE	SYNTHETIC_TEACHING_FIXTURE
SYN_TRAJ_084	35	SYN_PROS_SPK_11	SYN_ITEM_04	SYN_LONG	168.35	350	229.99999999999	0.704225352112676	124.9066	124.9066		124.9066	-0.534122959215489	observed	FALSE	SYNTHETIC_TEACHING_FIXTURE
SYN_TRAJ_084	36	SYN_PROS_SPK_11	SYN_ITEM_04	SYN_LONG	168.36	360	240.000000000009	0.724346076458752	127.1794	127.1794		127.1794	-0.221939389519833	observed	FALSE	SYNTHETIC_TEACHING_FIXTURE
SYN_TRAJ_084	37	SYN_PROS_SPK_11	SYN_ITEM_04	SYN_LONG	168.37	370	250	0.744466800804829	124.1659	124.1659		124.1659	-0.637091278907327	observed	FALSE	SYNTHETIC_TEACHING_FIXTURE
SYN_TRAJ_084	38	SYN_PROS_SPK_11	SYN_ITEM_04	SYN_LONG	168.38	380	259.999999999991	0.764587525150905	120.7442	120.7442		120.7442	-1.12087279890941	observed	FALSE	SYNTHETIC_TEACHING_FIXTURE
SYN_TRAJ_084	39	SYN_PROS_SPK_11	SYN_ITEM_04	SYN_LONG	168.39	390	269.999999999982	0.784708249496982	123.6557	123.6557		123.6557	-0.708374561698714	observed	FALSE	SYNTHETIC_TEACHING_FIXTURE
SYN_TRAJ_084	40	SYN_PROS_SPK_11	SYN_ITEM_04	SYN_LONG	168.4	400	280.000000000001	0.804828973843058	124.873	124.873		124.873	-0.538780622563456	observed	FALSE	SYNTHETIC_TEACHING_FIXTURE
SYN_TRAJ_084	41	SYN_PROS_SPK_11	SYN_ITEM_04	SYN_LONG	168.41	410	289.999999999992	0.824949698189135	123.5795	123.5795		123.5795	-0.719046184405837	observed	FALSE	SYNTHETIC_TEACHING_FIXTURE
SYN_TRAJ_084	42	SYN_PROS_SPK_11	SYN_ITEM_04	SYN_LONG	168.42	420	299.999999999983	0.845070422535211	120.9374	120.9374		120.9374	-1.09319386186769	observed	FALSE	SYNTHETIC_TEACHING_FIXTURE
SYN_TRAJ_084	43	SYN_PROS_SPK_11	SYN_ITEM_04	SYN_LONG	168.43	430	310.000000000002	0.865191146881288	118.9875	118.9875		118.9875	-1.37459921811228	observed	FALSE	SYNTHETIC_TEACHING_FIXTURE
SYN_TRAJ_084	44	SYN_PROS_SPK_11	SYN_ITEM_04	SYN_LONG	168.44	440	319.999999999993	0.885311871227364	120.0661	120.0661		120.0661	-1.21837302307521	observed	FALSE	SYNTHETIC_TEACHING_FIXTURE
SYN_TRAJ_084	45	SYN_PROS_SPK_11	SYN_ITEM_04	SYN_LONG	168.45	450	329.999999999984	0.905432595573441	119.1849	119.1849		119.1849	-1.34590188126407	observed	FALSE	SYNTHETIC_TEACHING_FIXTURE
SYN_TRAJ_084	46	SYN_PROS_SPK_11	SYN_ITEM_04	SYN_LONG	168.46	460	340.000000000003	0.925553319919517	114.5754		quality_rejection			missing	FALSE	SYNTHETIC_TEACHING_FIXTURE
SYN_TRAJ_084	47	SYN_PROS_SPK_11	SYN_ITEM_04	SYN_LONG	168.47	470	349.999999999994	0.945674044265594	115.359	115.359		115.359	-1.91075271848642	observed	FALSE	SYNTHETIC_TEACHING_FIXTURE
SYN_TRAJ_084	48	SYN_PROS_SPK_11	SYN_ITEM_04	SYN_LONG	168.48	480	359.999999999985	0.96579476861167	114.2664	114.2664		114.2664	-2.07550457932367	observed	FALSE	SYNTHETIC_TEACHING_FIXTURE
SYN_TRAJ_084	49	SYN_PROS_SPK_11	SYN_ITEM_04	SYN_LONG	168.49	490	370.000000000005	0.985915492957746	117.3418	117.3418		117.3418	-1.61571514645439	observed	FALSE	SYNTHETIC_TEACHING_FIXTURE
SYN_TRAJ_085	0	SYN_PROS_SPK_11	SYN_ITEM_05	SYN_SHORT	170	0	-120.000000000005	0			structural_unvoiced			missing	TRUE	SYNTHETIC_TEACHING_FIXTURE
SYN_TRAJ_085	1	SYN_PROS_SPK_11	SYN_ITEM_05	SYN_SHORT	170.01	10	-110.000000000014	0.0340136054421769			structural_unvoiced			missing	FALSE	SYNTHETIC_TEACHING_FIXTURE
SYN_TRAJ_085	2	SYN_PROS_SPK_11	SYN_ITEM_05	SYN_SHORT	170.02	20	-99.9999999999943	0.0680272108843537			structural_unvoiced			missing	FALSE	SYNTHETIC_TEACHING_FIXTURE
SYN_TRAJ_085	3	SYN_PROS_SPK_11	SYN_ITEM_05	SYN_SHORT	170.03	30	-90.0000000000034	0.102040816326531	119.0655	119.0655		119.0655	-1.36325415960349	observed	FALSE	SYNTHETIC_TEACHING_FIXTURE
SYN_TRAJ_085	4	SYN_PROS_SPK_11	SYN_ITEM_05	SYN_SHORT	170.04	40	-80.0000000000125	0.136054421768707	120.6545	120.6545		120.6545	-1.13373879208573	observed	FALSE	SYNTHETIC_TEACHING_FIXTURE
SYN_TRAJ_085	5	SYN_PROS_SPK_11	SYN_ITEM_05	SYN_SHORT	170.05	50	-69.9999999999932	0.170068027210884	123.809	123.809		123.809	-0.686925182157185	observed	FALSE	SYNTHETIC_TEACHING_FIXTURE
SYN_TRAJ_085	6	SYN_PROS_SPK_11	SYN_ITEM_05	SYN_SHORT	170.06	60	-60.0000000000023	0.204081632653061	121.782	121.782		121.782	-0.972708545934387	observed	FALSE	SYNTHETIC_TEACHING_FIXTURE
SYN_TRAJ_085	7	SYN_PROS_SPK_11	SYN_ITEM_05	SYN_SHORT	170.07	70	-50.0000000000114	0.238095238095238	124.4347	124.4347		124.4347	-0.599653244265459	observed	FALSE	SYNTHETIC_TEACHING_FIXTURE
SYN_TRAJ_085	8	SYN_PROS_SPK_11	SYN_ITEM_05	SYN_SHORT	170.08	80	-39.999999999992	0.272108843537415	124.3014	124.3014		124.3014	-0.618208936087693	observed	FALSE	SYNTHETIC_TEACHING_FIXTURE
SYN_TRAJ_085	9	SYN_PROS_SPK_11	SYN_ITEM_05	SYN_SHORT	170.09	90	-30.0000000000011	0.306122448979592	127.8893	127.8893		127.8893	-0.125572706759341	observed	FALSE	SYNTHETIC_TEACHING_FIXTURE
SYN_TRAJ_085	10	SYN_PROS_SPK_11	SYN_ITEM_05	SYN_SHORT	170.1	100	-20.0000000000102	0.340136054421769	129.1779	129.1779		129.1779	0.0479917838497756	observed	FALSE	SYNTHETIC_TEACHING_FIXTURE
SYN_TRAJ_085	11	SYN_PROS_SPK_11	SYN_ITEM_05	SYN_SHORT	170.11	110	-9.9999999999909	0.374149659863946	127.8933	127.8933		127.8933	-0.125031236292092	observed	FALSE	SYNTHETIC_TEACHING_FIXTURE
SYN_TRAJ_085	12	SYN_PROS_SPK_11	SYN_ITEM_05	SYN_SHORT	170.12	120	0	0.408163265306122	133.5959	133.5959		133.5959	0.630189311872028	observed	FALSE	SYNTHETIC_TEACHING_FIXTURE
SYN_TRAJ_085	13	SYN_PROS_SPK_11	SYN_ITEM_05	SYN_SHORT	170.13	130	9.9999999999909	0.442176870748299	140.7598	140.7598		140.7598	1.53450495017142	observed	FALSE	SYNTHETIC_TEACHING_FIXTURE
SYN_TRAJ_085	14	SYN_PROS_SPK_11	SYN_ITEM_05	SYN_SHORT	170.14	140	19.9999999999818	0.476190476190476	142.4166	142.4166		142.4166	1.73708830824863	observed	FALSE	SYNTHETIC_TEACHING_FIXTURE
SYN_TRAJ_085	15	SYN_PROS_SPK_11	SYN_ITEM_05	SYN_SHORT	170.15	150	30.0000000000011	0.510204081632653	145.2173	145.2173		145.2173	2.07424053151544	observed	FALSE	SYNTHETIC_TEACHING_FIXTURE
SYN_TRAJ_085	16	SYN_PROS_SPK_11	SYN_ITEM_05	SYN_SHORT	170.16	160	39.999999999992	0.54421768707483	142.4019	142.4019		142.4019	1.73530126558505	observed	FALSE	SYNTHETIC_TEACHING_FIXTURE
SYN_TRAJ_085	17	SYN_PROS_SPK_11	SYN_ITEM_05	SYN_SHORT	170.17	170	49.999999999983	0.578231292517007	144.2495	144.2495		144.2495	1.95847633639971	observed	FALSE	SYNTHETIC_TEACHING_FIXTURE
SYN_TRAJ_085	18	SYN_PROS_SPK_11	SYN_ITEM_05	SYN_SHORT	170.18	180	60.0000000000023	0.612244897959184	141.0309	141.0309		141.0309	1.56781603499448	observed	FALSE	SYNTHETIC_TEACHING_FIXTURE
SYN_TRAJ_085	19	SYN_PROS_SPK_11	SYN_ITEM_05	SYN_SHORT	170.19	190	69.9999999999932	0.646258503401361	140.3975	140.3975		140.3975	1.4898874749612	observed	FALSE	SYNTHETIC_TEACHING_FIXTURE
SYN_TRAJ_085	20	SYN_PROS_SPK_11	SYN_ITEM_05	SYN_SHORT	170.2	200	79.9999999999841	0.680272108843537	138.9531	138.9531		138.9531	1.31085676981393	observed	FALSE	SYNTHETIC_TEACHING_FIXTURE
SYN_TRAJ_085	21	SYN_PROS_SPK_11	SYN_ITEM_05	SYN_SHORT	170.21	210	90.0000000000034	0.714285714285714	137.058	137.058		137.058	1.07311899740693	observed	FALSE	SYNTHETIC_TEACHING_FIXTURE
SYN_TRAJ_085	22	SYN_PROS_SPK_11	SYN_ITEM_05	SYN_SHORT	170.22	220	99.9999999999943	0.748299319727891	132.3093	132.3093		132.3093	0.462654182040465	observed	FALSE	SYNTHETIC_TEACHING_FIXTURE
SYN_TRAJ_085	23	SYN_PROS_SPK_11	SYN_ITEM_05	SYN_SHORT	170.23	230	109.999999999985	0.782312925170068	127.5728	127.5728		127.5728	-0.168470330859455	observed	FALSE	SYNTHETIC_TEACHING_FIXTURE
SYN_TRAJ_085	24	SYN_PROS_SPK_11	SYN_ITEM_05	SYN_SHORT	170.24	240	120.000000000005	0.816326530612245	125.6114	125.6114		125.6114	-0.4367106393786	observed	FALSE	SYNTHETIC_TEACHING_FIXTURE
SYN_TRAJ_085	25	SYN_PROS_SPK_11	SYN_ITEM_05	SYN_SHORT	170.25	250	129.999999999995	0.850340136054422	124.8387	124.8387		124.8387	-0.543536613432643	observed	FALSE	SYNTHETIC_TEACHING_FIXTURE
SYN_TRAJ_085	26	SYN_PROS_SPK_11	SYN_ITEM_05	SYN_SHORT	170.26	260	139.999999999986	0.884353741496599	118.3217	118.3217		118.3217	-1.47174325249997	observed	FALSE	SYNTHETIC_TEACHING_FIXTURE
SYN_TRAJ_085	27	SYN_PROS_SPK_11	SYN_ITEM_05	SYN_SHORT	170.27	270	150.000000000006	0.918367346938776			structural_unvoiced			missing	FALSE	SYNTHETIC_TEACHING_FIXTURE
SYN_TRAJ_085	28	SYN_PROS_SPK_11	SYN_ITEM_05	SYN_SHORT	170.28	280	159.999999999997	0.952380952380952			structural_unvoiced			missing	FALSE	SYNTHETIC_TEACHING_FIXTURE
SYN_TRAJ_085	29	SYN_PROS_SPK_11	SYN_ITEM_05	SYN_SHORT	170.29	290	169.999999999987	0.986394557823129			structural_unvoiced			missing	FALSE	SYNTHETIC_TEACHING_FIXTURE
SYN_TRAJ_086	0	SYN_PROS_SPK_11	SYN_ITEM_06	SYN_LONG	172	0	-120.000000000005	0	124.1776	124.1776		124.1776	-0.635460035215498	observed	TRUE	SYNTHETIC_TEACHING_FIXTURE
SYN_TRAJ_086	1	SYN_PROS_SPK_11	SYN_ITEM_06	SYN_LONG	172.01	10	-110.000000000014	0.0238095238095238	125.8396	125.8396		125.8396	-0.40528760121543	observed	FALSE	SYNTHETIC_TEACHING_FIXTURE
SYN_TRAJ_086	2	SYN_PROS_SPK_11	SYN_ITEM_06	SYN_LONG	172.02	20	-99.9999999999943	0.0476190476190476	123.6047	123.6047		123.6047	-0.715516258286967	observed	FALSE	SYNTHETIC_TEACHING_FIXTURE
SYN_TRAJ_086	3	SYN_PROS_SPK_11	SYN_ITEM_06	SYN_LONG	172.03	30	-90.0000000000034	0.0714285714285714	125.1813	125.1813		125.1813	-0.49609071658886	observed	FALSE	SYNTHETIC_TEACHING_FIXTURE
SYN_TRAJ_086	4	SYN_PROS_SPK_11	SYN_ITEM_06	SYN_LONG	172.04	40	-80.0000000000125	0.0952380952380952	124.331	124.331		124.331	-0.614086824239481	observed	FALSE	SYNTHETIC_TEACHING_FIXTURE
SYN_TRAJ_086	5	SYN_PROS_SPK_11	SYN_ITEM_06	SYN_LONG	172.05	50	-69.9999999999932	0.119047619047619	123.2216	123.2216		123.2216	-0.769257395012043	observed	FALSE	SYNTHETIC_TEACHING_FIXTURE
SYN_TRAJ_086	6	SYN_PROS_SPK_11	SYN_ITEM_06	SYN_LONG	172.06	60	-60.0000000000023	0.142857142857143	124.9426	124.9426		124.9426	-0.529133995776927	observed	FALSE	SYNTHETIC_TEACHING_FIXTURE
SYN_TRAJ_086	7	SYN_PROS_SPK_11	SYN_ITEM_06	SYN_LONG	172.07	70	-50.0000000000114	0.166666666666667	125.9472	125.9472		125.9472	-0.390490892649344	observed	FALSE	SYNTHETIC_TEACHING_FIXTURE
SYN_TRAJ_086	8	SYN_PROS_SPK_11	SYN_ITEM_06	SYN_LONG	172.08	80	-39.999999999992	0.19047619047619	129.9098	129.9098		129.9098	0.145803727144837	observed	FALSE	SYNTHETIC_TEACHING_FIXTURE
SYN_TRAJ_086	9	SYN_PROS_SPK_11	SYN_ITEM_06	SYN_LONG	172.09	90	-30.0000000000011	0.214285714285714	128.374	128.374		128.374	-0.0600830214059202	observed	FALSE	SYNTHETIC_TEACHING_FIXTURE
SYN_TRAJ_086	10	SYN_PROS_SPK_11	SYN_ITEM_06	SYN_LONG	172.1	100	-20.0000000000102	0.238095238095238	133.3327	133.3327		133.3327	0.596048275700724	observed	FALSE	SYNTHETIC_TEACHING_FIXTURE
SYN_TRAJ_086	11	SYN_PROS_SPK_11	SYN_ITEM_06	SYN_LONG	172.11	110	-9.9999999999909	0.261904761904762	134.6415	134.6415		134.6415	0.765158372127422	observed	FALSE	SYNTHETIC_TEACHING_FIXTURE
SYN_TRAJ_086	12	SYN_PROS_SPK_11	SYN_ITEM_06	SYN_LONG	172.12	120	0	0.285714285714286	138.6653	138.6653		138.6653	1.27496222263622	observed	FALSE	SYNTHETIC_TEACHING_FIXTURE
SYN_TRAJ_086	13	SYN_PROS_SPK_11	SYN_ITEM_06	SYN_LONG	172.13	130	9.9999999999909	0.30952380952381	139.2591	139.2591		139.2591	1.34893977499033	observed	FALSE	SYNTHETIC_TEACHING_FIXTURE
SYN_TRAJ_086	14	SYN_PROS_SPK_11	SYN_ITEM_06	SYN_LONG	172.14	140	19.9999999999818	0.333333333333333	143.3009	143.3009		143.3009	1.84425256370648	observed	FALSE	SYNTHETIC_TEACHING_FIXTURE
SYN_TRAJ_086	15	SYN_PROS_SPK_11	SYN_ITEM_06	SYN_LONG	172.15	150	30.0000000000011	0.357142857142857	144.7335	144.7335		144.7335	2.01646715684425	observed	FALSE	SYNTHETIC_TEACHING_FIXTURE
SYN_TRAJ_086	16	SYN_PROS_SPK_11	SYN_ITEM_06	SYN_LONG	172.16	160	39.999999999992	0.380952380952381	143.3888	143.3888		143.3888	1.85486860451167	observed	FALSE	SYNTHETIC_TEACHING_FIXTURE
SYN_TRAJ_086	17	SYN_PROS_SPK_11	SYN_ITEM_06	SYN_LONG	172.17	170	49.999999999983	0.404761904761905	145.1994	145.1994		145.1994	2.07210641942632	observed	FALSE	SYNTHETIC_TEACHING_FIXTURE
SYN_TRAJ_086	18	SYN_PROS_SPK_11	SYN_ITEM_06	SYN_LONG	172.18	180	60.0000000000023	0.428571428571429	142.4276	142.4276		142.4276	1.73842543040518	observed	FALSE	SYNTHETIC_TEACHING_FIXTURE
SYN_TRAJ_086	19	SYN_PROS_SPK_11	SYN_ITEM_06	SYN_LONG	172.19	190	69.9999999999932	0.452380952380952	145.0849	145.0849		145.0849	2.05844902845489	observed	FALSE	SYNTHETIC_TEACHING_FIXTURE
SYN_TRAJ_086	20	SYN_PROS_SPK_11	SYN_ITEM_06	SYN_LONG	172.2	200	79.9999999999841	0.476190476190476	143.2465	143.2465		143.2465	1.83767919166397	observed	FALSE	SYNTHETIC_TEACHING_FIXTURE
SYN_TRAJ_086	21	SYN_PROS_SPK_11	SYN_ITEM_06	SYN_LONG	172.21	210	90.0000000000034	0.5	138.0367		quality_rejection			missing	FALSE	SYNTHETIC_TEACHING_FIXTURE
SYN_TRAJ_086	22	SYN_PROS_SPK_11	SYN_ITEM_06	SYN_LONG	172.22	220	99.9999999999943	0.523809523809524	138.9523	138.9523		138.9523	1.3107570965266	observed	FALSE	SYNTHETIC_TEACHING_FIXTURE
SYN_TRAJ_086	23	SYN_PROS_SPK_11	SYN_ITEM_06	SYN_LONG	172.23	230	109.999999999985	0.547619047619048	136.1398	136.1398		136.1398	0.956747263134011	observed	FALSE	SYNTHETIC_TEACHING_FIXTURE
SYN_TRAJ_086	24	SYN_PROS_SPK_11	SYN_ITEM_06	SYN_LONG	172.24	240	120.000000000005	0.571428571428571	138.3504	138.3504		138.3504	1.23560229921845	observed	FALSE	SYNTHETIC_TEACHING_FIXTURE
SYN_TRAJ_086	25	SYN_PROS_SPK_11	SYN_ITEM_06	SYN_LONG	172.25	250	129.999999999995	0.595238095238095	136.3946	136.3946		136.3946	0.989118851031023	observed	FALSE	SYNTHETIC_TEACHING_FIXTURE
SYN_TRAJ_086	26	SYN_PROS_SPK_11	SYN_ITEM_06	SYN_LONG	172.26	260	139.999999999986	0.619047619047619	130.8545	130.8545		130.8545	0.271242981013609	observed	FALSE	SYNTHETIC_TEACHING_FIXTURE
SYN_TRAJ_086	27	SYN_PROS_SPK_11	SYN_ITEM_06	SYN_LONG	172.27	270	150.000000000006	0.642857142857143	126.5751	126.5751		126.5751	-0.304395993330034	observed	FALSE	SYNTHETIC_TEACHING_FIXTURE
SYN_TRAJ_086	28	SYN_PROS_SPK_11	SYN_ITEM_06	SYN_LONG	172.28	280	159.999999999997	0.666666666666667	126.9986	126.9986		126.9986	-0.246568363613701	observed	FALSE	SYNTHETIC_TEACHING_FIXTURE
SYN_TRAJ_086	29	SYN_PROS_SPK_11	SYN_ITEM_06	SYN_LONG	172.29	290	169.999999999987	0.69047619047619	126.4888	126.4888		126.4888	-0.316203722858123	observed	FALSE	SYNTHETIC_TEACHING_FIXTURE
SYN_TRAJ_086	30	SYN_PROS_SPK_11	SYN_ITEM_06	SYN_LONG	172.3	300	180.000000000007	0.714285714285714	125.7306	125.7306		125.7306	-0.420289737649461	observed	FALSE	SYNTHETIC_TEACHING_FIXTURE
SYN_TRAJ_086	31	SYN_PROS_SPK_11	SYN_ITEM_06	SYN_LONG	172.31	310	189.999999999998	0.738095238095238	124.0628	124.0628		124.0628	-0.651472391222103	observed	FALSE	SYNTHETIC_TEACHING_FIXTURE
SYN_TRAJ_086	32	SYN_PROS_SPK_11	SYN_ITEM_06	SYN_LONG	172.32	320	199.999999999989	0.761904761904762	123.4031	123.4031		123.4031	-0.743775840517881	observed	FALSE	SYNTHETIC_TEACHING_FIXTURE
SYN_TRAJ_086	33	SYN_PROS_SPK_11	SYN_ITEM_06	SYN_LONG	172.33	330	210.000000000008	0.785714285714286	124.6724	124.6724		124.6724	-0.566614084935226	observed	FALSE	SYNTHETIC_TEACHING_FIXTURE
SYN_TRAJ_086	34	SYN_PROS_SPK_11	SYN_ITEM_06	SYN_LONG	172.34	340	219.999999999999	0.80952380952381	125.4007	125.4007		125.4007	-0.465774664563872	observed	FALSE	SYNTHETIC_TEACHING_FIXTURE
SYN_TRAJ_086	35	SYN_PROS_SPK_11	SYN_ITEM_06	SYN_LONG	172.35	350	229.99999999999	0.833333333333333	119.087	119.087		119.087	-1.36012830267097	observed	FALSE	SYNTHETIC_TEACHING_FIXTURE
SYN_TRAJ_086	36	SYN_PROS_SPK_11	SYN_ITEM_06	SYN_LONG	172.36	360	240.000000000009	0.857142857142857	116.3842	116.3842		116.3842	-1.75757689925376	observed	FALSE	SYNTHETIC_TEACHING_FIXTURE
SYN_TRAJ_086	37	SYN_PROS_SPK_11	SYN_ITEM_06	SYN_LONG	172.37	370	250	0.880952380952381	112.7873	112.7873		112.7873	-2.30106395181507	observed	FALSE	SYNTHETIC_TEACHING_FIXTURE
SYN_TRAJ_086	38	SYN_PROS_SPK_11	SYN_ITEM_06	SYN_LONG	172.38	380	259.999999999991	0.904761904761905	115.6542	115.6542		115.6542	-1.86650757842909	observed	FALSE	SYNTHETIC_TEACHING_FIXTURE
SYN_TRAJ_086	39	SYN_PROS_SPK_11	SYN_ITEM_06	SYN_LONG	172.39	390	269.999999999982	0.928571428571429	116.7676	116.7676		116.7676	-1.70063925324757	observed	FALSE	SYNTHETIC_TEACHING_FIXTURE
SYN_TRAJ_086	40	SYN_PROS_SPK_11	SYN_ITEM_06	SYN_LONG	172.4	400	280.000000000001	0.952380952380952	115.4265	115.4265		115.4265	-1.90062571296448	observed	FALSE	SYNTHETIC_TEACHING_FIXTURE
SYN_TRAJ_086	41	SYN_PROS_SPK_11	SYN_ITEM_06	SYN_LONG	172.41	410	289.999999999992	0.976190476190476	115.5249	115.5249		115.5249	-1.88587339358159	observed	FALSE	SYNTHETIC_TEACHING_FIXTURE
SYN_TRAJ_086	42	SYN_PROS_SPK_11	SYN_ITEM_06	SYN_LONG	172.42	420	299.999999999983	1	114.7137	114.7137		114.7137	-2.00786708810512	observed	FALSE	SYNTHETIC_TEACHING_FIXTURE
SYN_TRAJ_087	0	SYN_PROS_SPK_11	SYN_ITEM_07	SYN_SHORT	174	0	-120.000000000005	0	127.2845	127.2845		127.2845	-0.207638523353487	observed	TRUE	SYNTHETIC_TEACHING_FIXTURE
SYN_TRAJ_087	1	SYN_PROS_SPK_11	SYN_ITEM_07	SYN_SHORT	174.01	10	-110.000000000014	0.037593984962406	126.9804	126.9804		126.9804	-0.249049549833582	observed	FALSE	SYNTHETIC_TEACHING_FIXTURE
SYN_TRAJ_087	2	SYN_PROS_SPK_11	SYN_ITEM_07	SYN_SHORT	174.02	20	-99.9999999999943	0.075187969924812	127.945	127.945		127.945	-0.118034254092389	observed	FALSE	SYNTHETIC_TEACHING_FIXTURE
SYN_TRAJ_087	3	SYN_PROS_SPK_11	SYN_ITEM_07	SYN_SHORT	174.03	30	-90.0000000000034	0.112781954887218	125.6925	125.6925		125.6925	-0.425536671425581	observed	FALSE	SYNTHETIC_TEACHING_FIXTURE
SYN_TRAJ_087	4	SYN_PROS_SPK_11	SYN_ITEM_07	SYN_SHORT	174.04	40	-80.0000000000125	0.150375939849624	124.7321	124.7321		124.7321	-0.558325968666008	observed	FALSE	SYNTHETIC_TEACHING_FIXTURE
SYN_TRAJ_087	5	SYN_PROS_SPK_11	SYN_ITEM_07	SYN_SHORT	174.05	50	-69.9999999999932	0.18796992481203	123.1685	123.1685		123.1685	-0.776719426110588	observed	FALSE	SYNTHETIC_TEACHING_FIXTURE
SYN_TRAJ_087	6	SYN_PROS_SPK_11	SYN_ITEM_07	SYN_SHORT	174.06	60	-60.0000000000023	0.225563909774436	130.8483	130.8483		130.8483	0.270422687833235	observed	FALSE	SYNTHETIC_TEACHING_FIXTURE
SYN_TRAJ_087	7	SYN_PROS_SPK_11	SYN_ITEM_07	SYN_SHORT	174.07	70	-50.0000000000114	0.263157894736842	132.5068	132.5068		132.5068	0.488477293859163	observed	FALSE	SYNTHETIC_TEACHING_FIXTURE
SYN_TRAJ_087	8	SYN_PROS_SPK_11	SYN_ITEM_07	SYN_SHORT	174.08	80	-39.999999999992	0.300751879699248	127.582	127.582		127.582	-0.167221884562673	observed	FALSE	SYNTHETIC_TEACHING_FIXTURE
SYN_TRAJ_087	9	SYN_PROS_SPK_11	SYN_ITEM_07	SYN_SHORT	174.09	90	-30.0000000000011	0.338345864661654	130.0797	130.0797		130.0797	0.168430541443609	observed	FALSE	SYNTHETIC_TEACHING_FIXTURE
SYN_TRAJ_087	10	SYN_PROS_SPK_11	SYN_ITEM_07	SYN_SHORT	174.1	100	-20.0000000000102	0.37593984962406	128.8758	128.8758		128.8758	0.00745711644132694	observed	FALSE	SYNTHETIC_TEACHING_FIXTURE
SYN_TRAJ_087	11	SYN_PROS_SPK_11	SYN_ITEM_07	SYN_SHORT	174.11	110	-9.9999999999909	0.413533834586466	136.5121	136.5121		136.5121	1.00402651092614	observed	FALSE	SYNTHETIC_TEACHING_FIXTURE
SYN_TRAJ_087	12	SYN_PROS_SPK_11	SYN_ITEM_07	SYN_SHORT	174.12	120	0	0.451127819548872	142.696	142.696		142.696	1.77101924978882	observed	FALSE	SYNTHETIC_TEACHING_FIXTURE
SYN_TRAJ_087	13	SYN_PROS_SPK_11	SYN_ITEM_07	SYN_SHORT	174.13	130	9.9999999999909	0.488721804511278	142.3074	142.3074		142.3074	1.72380872750184	observed	FALSE	SYNTHETIC_TEACHING_FIXTURE
SYN_TRAJ_087	14	SYN_PROS_SPK_11	SYN_ITEM_07	SYN_SHORT	174.14	140	19.9999999999818	0.526315789473684	147.1693	147.1693		147.1693	2.30540154036578	observed	FALSE	SYNTHETIC_TEACHING_FIXTURE
SYN_TRAJ_087	15	SYN_PROS_SPK_11	SYN_ITEM_07	SYN_SHORT	174.15	150	30.0000000000011	0.56390977443609	150.1332	150.1332		150.1332	2.65059706344388	observed	FALSE	SYNTHETIC_TEACHING_FIXTURE
SYN_TRAJ_087	16	SYN_PROS_SPK_11	SYN_ITEM_07	SYN_SHORT	174.16	160	39.999999999992	0.601503759398496	149.1324	149.1324		149.1324	2.53480523870273	observed	FALSE	SYNTHETIC_TEACHING_FIXTURE
SYN_TRAJ_087	17	SYN_PROS_SPK_11	SYN_ITEM_07	SYN_SHORT	174.17	170	49.999999999983	0.639097744360902	146.053	146.053		146.053	2.1735844237592	observed	FALSE	SYNTHETIC_TEACHING_FIXTURE
SYN_TRAJ_087	18	SYN_PROS_SPK_11	SYN_ITEM_07	SYN_SHORT	174.18	180	60.0000000000023	0.676691729323308	142.6738	142.6738		142.6738	1.76832566441526	observed	FALSE	SYNTHETIC_TEACHING_FIXTURE
SYN_TRAJ_087	19	SYN_PROS_SPK_11	SYN_ITEM_07	SYN_SHORT	174.19	190	69.9999999999932	0.714285714285714	133.5375	133.5375		133.5375	0.622619755232817	observed	FALSE	SYNTHETIC_TEACHING_FIXTURE
SYN_TRAJ_087	20	SYN_PROS_SPK_11	SYN_ITEM_07	SYN_SHORT	174.2	200	79.9999999999841	0.75187969924812	129.9444	129.9444		129.9444	0.150414058511561	observed	FALSE	SYNTHETIC_TEACHING_FIXTURE
SYN_TRAJ_087	21	SYN_PROS_SPK_11	SYN_ITEM_07	SYN_SHORT	174.21	210	90.0000000000034	0.789473684210526	126.0886	126.0886		126.0886	-0.371065357053068	observed	FALSE	SYNTHETIC_TEACHING_FIXTURE
SYN_TRAJ_087	22	SYN_PROS_SPK_11	SYN_ITEM_07	SYN_SHORT	174.22	220	99.9999999999943	0.827067669172932	125.414	125.414		125.414	-0.463938614852736	observed	FALSE	SYNTHETIC_TEACHING_FIXTURE
SYN_TRAJ_087	23	SYN_PROS_SPK_11	SYN_ITEM_07	SYN_SHORT	174.23	230	109.999999999985	0.864661654135338	125.3061	125.3061		125.3061	-0.478839706981109	observed	FALSE	SYNTHETIC_TEACHING_FIXTURE
SYN_TRAJ_087	24	SYN_PROS_SPK_11	SYN_ITEM_07	SYN_SHORT	174.24	240	120.000000000005	0.902255639097744	123.5946	123.5946		123.5946	-0.716930943838687	observed	FALSE	SYNTHETIC_TEACHING_FIXTURE
SYN_TRAJ_087	25	SYN_PROS_SPK_11	SYN_ITEM_07	SYN_SHORT	174.25	250	129.999999999995	0.93984962406015	115.9867	115.9867		115.9867	-1.81680688078349	observed	FALSE	SYNTHETIC_TEACHING_FIXTURE
SYN_TRAJ_087	26	SYN_PROS_SPK_11	SYN_ITEM_07	SYN_SHORT	174.26	260	139.999999999986	0.977443609022556	116.183	116.183		116.183	-1.78753162868875	observed	FALSE	SYNTHETIC_TEACHING_FIXTURE
SYN_TRAJ_088	0	SYN_PROS_SPK_11	SYN_ITEM_08	SYN_LONG	176	0	-120.000000000005	0	129.4267	129.4267		129.4267	0.0813037330033698	observed	TRUE	SYNTHETIC_TEACHING_FIXTURE
SYN_TRAJ_088	1	SYN_PROS_SPK_11	SYN_ITEM_08	SYN_LONG	176.01	10	-110.000000000014	0.0204918032786885	133.273	133.273		133.273	0.588294902501516	observed	FALSE	SYNTHETIC_TEACHING_FIXTURE
SYN_TRAJ_088	2	SYN_PROS_SPK_11	SYN_ITEM_08	SYN_LONG	176.02	20	-99.9999999999943	0.040983606557377	128.8584	128.8584		128.8584	0.00511955530279371	observed	FALSE	SYNTHETIC_TEACHING_FIXTURE
SYN_TRAJ_088	3	SYN_PROS_SPK_11	SYN_ITEM_08	SYN_LONG	176.03	30	-90.0000000000034	0.0614754098360656	130.081	130.081		130.081	0.16860355791103	observed	FALSE	SYNTHETIC_TEACHING_FIXTURE
SYN_TRAJ_088	4	SYN_PROS_SPK_11	SYN_ITEM_08	SYN_LONG	176.04	40	-80.0000000000125	0.0819672131147541	128.3103	128.3103		128.3103	-0.0686756475376622	observed	FALSE	SYNTHETIC_TEACHING_FIXTURE
SYN_TRAJ_088	5	SYN_PROS_SPK_11	SYN_ITEM_08	SYN_LONG	176.05	50	-69.9999999999932	0.102459016393443	129.0669	129.0669		129.0669	0.0331092389713772	observed	FALSE	SYNTHETIC_TEACHING_FIXTURE
SYN_TRAJ_088	6	SYN_PROS_SPK_11	SYN_ITEM_08	SYN_LONG	176.06	60	-60.0000000000023	0.122950819672131	129.7041	129.7041		129.7041	0.118369532102545	observed	FALSE	SYNTHETIC_TEACHING_FIXTURE
SYN_TRAJ_088	7	SYN_PROS_SPK_11	SYN_ITEM_08	SYN_LONG	176.07	70	-50.0000000000114	0.14344262295082	128.5646	128.5646		128.5646	-0.0343980312737624	observed	FALSE	SYNTHETIC_TEACHING_FIXTURE
SYN_TRAJ_088	8	SYN_PROS_SPK_11	SYN_ITEM_08	SYN_LONG	176.08	80	-39.999999999992	0.163934426229508	129.3953	129.3953		129.3953	0.0771031048181752	observed	FALSE	SYNTHETIC_TEACHING_FIXTURE
SYN_TRAJ_088	9	SYN_PROS_SPK_11	SYN_ITEM_08	SYN_LONG	176.09	90	-30.0000000000011	0.184426229508197	130.2791	130.2791		130.2791	0.194948418840336	observed	FALSE	SYNTHETIC_TEACHING_FIXTURE
SYN_TRAJ_088	10	SYN_PROS_SPK_11	SYN_ITEM_08	SYN_LONG	176.1	100	-20.0000000000102	0.204918032786885	134.8689	134.8689		134.8689	0.794373030721749	observed	FALSE	SYNTHETIC_TEACHING_FIXTURE
SYN_TRAJ_088	11	SYN_PROS_SPK_11	SYN_ITEM_08	SYN_LONG	176.11	110	-9.9999999999909	0.225409836065574	137.1883	137.1883		137.1883	1.08956988943847	observed	FALSE	SYNTHETIC_TEACHING_FIXTURE
SYN_TRAJ_088	12	SYN_PROS_SPK_11	SYN_ITEM_08	SYN_LONG	176.12	120	0	0.245901639344262	139.0677	139.0677		139.0677	1.32512904248271	observed	FALSE	SYNTHETIC_TEACHING_FIXTURE
SYN_TRAJ_088	13	SYN_PROS_SPK_11	SYN_ITEM_08	SYN_LONG	176.13	130	9.9999999999909	0.266393442622951	145.6513	145.6513		145.6513	2.12590345662178	observed	FALSE	SYNTHETIC_TEACHING_FIXTURE
SYN_TRAJ_088	14	SYN_PROS_SPK_11	SYN_ITEM_08	SYN_LONG	176.14	140	19.9999999999818	0.286885245901639	144.8285	144.8285		144.8285	2.02782688226141	observed	FALSE	SYNTHETIC_TEACHING_FIXTURE
SYN_TRAJ_088	15	SYN_PROS_SPK_11	SYN_ITEM_08	SYN_LONG	176.15	150	30.0000000000011	0.307377049180328	144.2542	144.2542		144.2542	1.95904040542422	observed	FALSE	SYNTHETIC_TEACHING_FIXTURE
SYN_TRAJ_088	16	SYN_PROS_SPK_11	SYN_ITEM_08	SYN_LONG	176.16	160	39.999999999992	0.327868852459016	146.1369	146.1369		146.1369	2.1835266250953	observed	FALSE	SYNTHETIC_TEACHING_FIXTURE
SYN_TRAJ_088	17	SYN_PROS_SPK_11	SYN_ITEM_08	SYN_LONG	176.17	170	49.999999999983	0.348360655737705	147.1971		estimator_failure	145.8377	2.14804508603033	interpolated_estimator_failure	FALSE	SYNTHETIC_TEACHING_FIXTURE
SYN_TRAJ_088	18	SYN_PROS_SPK_11	SYN_ITEM_08	SYN_LONG	176.18	180	60.0000000000023	0.368852459016393	145.5385	145.5385		145.5385	2.11249067839241	observed	FALSE	SYNTHETIC_TEACHING_FIXTURE
SYN_TRAJ_088	19	SYN_PROS_SPK_11	SYN_ITEM_08	SYN_LONG	176.19	190	69.9999999999932	0.389344262295082	141.3319	141.3319		141.3319	1.60472611282035	observed	FALSE	SYNTHETIC_TEACHING_FIXTURE
SYN_TRAJ_088	20	SYN_PROS_SPK_11	SYN_ITEM_08	SYN_LONG	176.2	200	79.9999999999841	0.40983606557377	139.6639	139.6639		139.6639	1.39919049186116	observed	FALSE	SYNTHETIC_TEACHING_FIXTURE
SYN_TRAJ_088	21	SYN_PROS_SPK_11	SYN_ITEM_08	SYN_LONG	176.21	210	90.0000000000034	0.430327868852459	141.173	141.173		141.173	1.58525083154862	observed	FALSE	SYNTHETIC_TEACHING_FIXTURE
SYN_TRAJ_088	22	SYN_PROS_SPK_11	SYN_ITEM_08	SYN_LONG	176.22	220	99.9999999999943	0.450819672131148	143.1661	143.1661		143.1661	1.82795956192694	observed	FALSE	SYNTHETIC_TEACHING_FIXTURE
SYN_TRAJ_088	23	SYN_PROS_SPK_11	SYN_ITEM_08	SYN_LONG	176.23	230	109.999999999985	0.471311475409836	141.9871	141.9871		141.9871	1.68479886269347	observed	FALSE	SYNTHETIC_TEACHING_FIXTURE
SYN_TRAJ_088	24	SYN_PROS_SPK_11	SYN_ITEM_08	SYN_LONG	176.24	240	120.000000000005	0.491803278688525	145.5408	145.5408		145.5408	2.11276426969986	observed	FALSE	SYNTHETIC_TEACHING_FIXTURE
SYN_TRAJ_088	25	SYN_PROS_SPK_11	SYN_ITEM_08	SYN_LONG	176.25	250	129.999999999995	0.512295081967213	144.7876	144.7876		144.7876	2.02293713524269	observed	FALSE	SYNTHETIC_TEACHING_FIXTURE
SYN_TRAJ_088	26	SYN_PROS_SPK_11	SYN_ITEM_08	SYN_LONG	176.26	260	139.999999999986	0.532786885245902	141.4686	141.4686		141.4686	1.62146297947651	observed	FALSE	SYNTHETIC_TEACHING_FIXTURE
SYN_TRAJ_088	27	SYN_PROS_SPK_11	SYN_ITEM_08	SYN_LONG	176.27	270	150.000000000006	0.55327868852459	138.2201	138.2201		138.2201	1.2192896546462	observed	FALSE	SYNTHETIC_TEACHING_FIXTURE
SYN_TRAJ_088	28	SYN_PROS_SPK_11	SYN_ITEM_08	SYN_LONG	176.28	280	159.999999999997	0.573770491803279	136.8431	136.8431		136.8431	1.04595282147809	observed	FALSE	SYNTHETIC_TEACHING_FIXTURE
SYN_TRAJ_088	29	SYN_PROS_SPK_11	SYN_ITEM_08	SYN_LONG	176.29	290	169.999999999987	0.594262295081967	134.5464	134.5464		134.5464	0.752925997275814	observed	FALSE	SYNTHETIC_TEACHING_FIXTURE
SYN_TRAJ_088	30	SYN_PROS_SPK_11	SYN_ITEM_08	SYN_LONG	176.3	300	180.000000000007	0.614754098360656	132.1613	132.1613		132.1613	0.4432779136758	observed	FALSE	SYNTHETIC_TEACHING_FIXTURE
SYN_TRAJ_088	31	SYN_PROS_SPK_11	SYN_ITEM_08	SYN_LONG	176.31	310	189.999999999998	0.635245901639344	126.45	126.45		126.45	-0.321515037818949	observed	FALSE	SYNTHETIC_TEACHING_FIXTURE
SYN_TRAJ_088	32	SYN_PROS_SPK_11	SYN_ITEM_08	SYN_LONG	176.32	320	199.999999999989	0.655737704918033	124.6438	124.6438		124.6438	-0.570586012473067	observed	FALSE	SYNTHETIC_TEACHING_FIXTURE
SYN_TRAJ_088	33	SYN_PROS_SPK_11	SYN_ITEM_08	SYN_LONG	176.33	330	210.000000000008	0.676229508196721	128.6774	128.6774		128.6774	-0.0192151907383073	observed	FALSE	SYNTHETIC_TEACHING_FIXTURE
SYN_TRAJ_088	34	SYN_PROS_SPK_11	SYN_ITEM_08	SYN_LONG	176.34	340	219.999999999999	0.69672131147541	129.7079	129.7079		129.7079	0.118876732184803	observed	FALSE	SYNTHETIC_TEACHING_FIXTURE
SYN_TRAJ_088	35	SYN_PROS_SPK_11	SYN_ITEM_08	SYN_LONG	176.35	350	229.99999999999	0.717213114754098	126.7726	126.7726		126.7726	-0.277403935067511	observed	FALSE	SYNTHETIC_TEACHING_FIXTURE
SYN_TRAJ_088	36	SYN_PROS_SPK_11	SYN_ITEM_08	SYN_LONG	176.36	360	240.000000000009	0.737704918032787	124.0331	124.0331		124.0331	-0.65561737318294	observed	FALSE	SYNTHETIC_TEACHING_FIXTURE
SYN_TRAJ_088	37	SYN_PROS_SPK_11	SYN_ITEM_08	SYN_LONG	176.37	370	250	0.758196721311475	125.4504	125.4504		125.4504	-0.458914632188933	observed	FALSE	SYNTHETIC_TEACHING_FIXTURE
SYN_TRAJ_088	38	SYN_PROS_SPK_11	SYN_ITEM_08	SYN_LONG	176.38	380	259.999999999991	0.778688524590164	123.8698	123.8698		123.8698	-0.67842554211552	observed	FALSE	SYNTHETIC_TEACHING_FIXTURE
SYN_TRAJ_088	39	SYN_PROS_SPK_11	SYN_ITEM_08	SYN_LONG	176.39	390	269.999999999982	0.799180327868853	118.8507	118.8507		118.8507	-1.39451467694352	observed	FALSE	SYNTHETIC_TEACHING_FIXTURE
SYN_TRAJ_088	40	SYN_PROS_SPK_11	SYN_ITEM_08	SYN_LONG	176.4	400	280.000000000001	0.819672131147541	119.6276	119.6276		119.6276	-1.28171611281128	observed	FALSE	SYNTHETIC_TEACHING_FIXTURE
SYN_TRAJ_088	41	SYN_PROS_SPK_11	SYN_ITEM_08	SYN_LONG	176.41	410	289.999999999992	0.84016393442623	120.1099	120.1099		120.1099	-1.21205864926686	observed	FALSE	SYNTHETIC_TEACHING_FIXTURE
SYN_TRAJ_088	42	SYN_PROS_SPK_11	SYN_ITEM_08	SYN_LONG	176.42	420	299.999999999983	0.860655737704918	121.9606	121.9606		121.9606	-0.94733764593575	observed	FALSE	SYNTHETIC_TEACHING_FIXTURE
SYN_TRAJ_088	43	SYN_PROS_SPK_11	SYN_ITEM_08	SYN_LONG	176.43	430	310.000000000002	0.881147540983607	122.2255	122.2255		122.2255	-0.909775796223505	observed	FALSE	SYNTHETIC_TEACHING_FIXTURE
SYN_TRAJ_088	44	SYN_PROS_SPK_11	SYN_ITEM_08	SYN_LONG	176.44	440	319.999999999993	0.901639344262295	116.1601	116.1601		116.1601	-1.79094427660918	observed	FALSE	SYNTHETIC_TEACHING_FIXTURE
SYN_TRAJ_088	45	SYN_PROS_SPK_11	SYN_ITEM_08	SYN_LONG	176.45	450	329.999999999984	0.922131147540984	119.6278	119.6278		119.6278	-1.28168716911263	observed	FALSE	SYNTHETIC_TEACHING_FIXTURE
SYN_TRAJ_088	46	SYN_PROS_SPK_11	SYN_ITEM_08	SYN_LONG	176.46	460	340.000000000003	0.942622950819672	121.7138	121.7138		121.7138	-0.982406468053275	observed	FALSE	SYNTHETIC_TEACHING_FIXTURE
SYN_TRAJ_088	47	SYN_PROS_SPK_11	SYN_ITEM_08	SYN_LONG	176.47	470	349.999999999994	0.963114754098361	120.9742	120.9742		120.9742	-1.08792669704409	observed	FALSE	SYNTHETIC_TEACHING_FIXTURE
SYN_TRAJ_088	48	SYN_PROS_SPK_11	SYN_ITEM_08	SYN_LONG	176.48	480	359.999999999985	0.983606557377049	122.5774	122.5774		122.5774	-0.860003372654172	observed	FALSE	SYNTHETIC_TEACHING_FIXTURE
SYN_TRAJ_089	0	SYN_PROS_SPK_12	SYN_ITEM_01	SYN_SHORT	178	0	-120.000000000005	0	130.9307	130.9307		130.9307	-0.597277899788803	observed	TRUE	SYNTHETIC_TEACHING_FIXTURE
SYN_TRAJ_089	1	SYN_PROS_SPK_12	SYN_ITEM_01	SYN_SHORT	178.01	10	-110.000000000014	0.0347222222222222	127.7128	127.7128		127.7128	-1.02808134270504	observed	FALSE	SYNTHETIC_TEACHING_FIXTURE
SYN_TRAJ_089	2	SYN_PROS_SPK_12	SYN_ITEM_01	SYN_SHORT	178.02	20	-99.9999999999943	0.0694444444444444	128.7178	128.7178		128.7178	-0.892379977294133	observed	FALSE	SYNTHETIC_TEACHING_FIXTURE
SYN_TRAJ_089	3	SYN_PROS_SPK_12	SYN_ITEM_01	SYN_SHORT	178.03	30	-90.0000000000034	0.104166666666667	129.222	129.222		129.222	-0.824698346208899	observed	FALSE	SYNTHETIC_TEACHING_FIXTURE
SYN_TRAJ_089	4	SYN_PROS_SPK_12	SYN_ITEM_01	SYN_SHORT	178.04	40	-80.0000000000125	0.138888888888889	127.3248	127.3248		127.3248	-1.08075744452431	observed	FALSE	SYNTHETIC_TEACHING_FIXTURE
SYN_TRAJ_089	5	SYN_PROS_SPK_12	SYN_ITEM_01	SYN_SHORT	178.05	50	-69.9999999999932	0.173611111111111	129.0802	129.0802		129.0802	-0.843706237958833	observed	FALSE	SYNTHETIC_TEACHING_FIXTURE
SYN_TRAJ_089	6	SYN_PROS_SPK_12	SYN_ITEM_01	SYN_SHORT	178.06	60	-60.0000000000023	0.208333333333333	129.2524	129.2524		129.2524	-0.820626026835353	observed	FALSE	SYNTHETIC_TEACHING_FIXTURE
SYN_TRAJ_089	7	SYN_PROS_SPK_12	SYN_ITEM_01	SYN_SHORT	178.07	70	-50.0000000000114	0.243055555555556	132.5658	132.5658		132.5658	-0.382415301701081	observed	FALSE	SYNTHETIC_TEACHING_FIXTURE
SYN_TRAJ_089	8	SYN_PROS_SPK_12	SYN_ITEM_01	SYN_SHORT	178.08	80	-39.999999999992	0.277777777777778	135.3936	135.3936		135.3936	-0.0170043183369622	observed	FALSE	SYNTHETIC_TEACHING_FIXTURE
SYN_TRAJ_089	9	SYN_PROS_SPK_12	SYN_ITEM_01	SYN_SHORT	178.09	90	-30.0000000000011	0.3125	135.3115	135.3115		135.3115	-0.0275053631851175	observed	FALSE	SYNTHETIC_TEACHING_FIXTURE
SYN_TRAJ_089	10	SYN_PROS_SPK_12	SYN_ITEM_01	SYN_SHORT	178.1	100	-20.0000000000102	0.347222222222222	138.1956	138.1956		138.1956	0.337621333705345	observed	FALSE	SYNTHETIC_TEACHING_FIXTURE
SYN_TRAJ_089	11	SYN_PROS_SPK_12	SYN_ITEM_01	SYN_SHORT	178.11	110	-9.9999999999909	0.381944444444444	142.5378	142.5378		142.5378	0.873215891067116	observed	FALSE	SYNTHETIC_TEACHING_FIXTURE
SYN_TRAJ_089	12	SYN_PROS_SPK_12	SYN_ITEM_01	SYN_SHORT	178.12	120	0	0.416666666666667	140.8616	140.8616		140.8616	0.668421642914424	observed	FALSE	SYNTHETIC_TEACHING_FIXTURE
SYN_TRAJ_089	13	SYN_PROS_SPK_12	SYN_ITEM_01	SYN_SHORT	178.13	130	9.9999999999909	0.451388888888889	147.3957	147.3957		147.3957	1.45341438729777	observed	FALSE	SYNTHETIC_TEACHING_FIXTURE
SYN_TRAJ_089	14	SYN_PROS_SPK_12	SYN_ITEM_01	SYN_SHORT	178.14	140	19.9999999999818	0.486111111111111	150.0084	150.0084		150.0084	1.75760061518585	observed	FALSE	SYNTHETIC_TEACHING_FIXTURE
SYN_TRAJ_089	15	SYN_PROS_SPK_12	SYN_ITEM_01	SYN_SHORT	178.15	150	30.0000000000011	0.520833333333333	152.9313	152.9313		152.9313	2.09168565151878	observed	FALSE	SYNTHETIC_TEACHING_FIXTURE
SYN_TRAJ_089	16	SYN_PROS_SPK_12	SYN_ITEM_01	SYN_SHORT	178.16	160	39.999999999992	0.555555555555556	149.7594	149.7594		149.7594	1.72883986253925	observed	FALSE	SYNTHETIC_TEACHING_FIXTURE
SYN_TRAJ_089	17	SYN_PROS_SPK_12	SYN_ITEM_01	SYN_SHORT	178.17	170	49.999999999983	0.590277777777778	147.7115	147.7115		147.7115	1.49046695134162	observed	FALSE	SYNTHETIC_TEACHING_FIXTURE
SYN_TRAJ_089	18	SYN_PROS_SPK_12	SYN_ITEM_01	SYN_SHORT	178.18	180	60.0000000000023	0.625	148.9547	148.9547		148.9547	1.63556489431636	observed	FALSE	SYNTHETIC_TEACHING_FIXTURE
SYN_TRAJ_089	19	SYN_PROS_SPK_12	SYN_ITEM_01	SYN_SHORT	178.19	190	69.9999999999932	0.659722222222222	145.176	145.176		145.176	1.19071680221314	observed	FALSE	SYNTHETIC_TEACHING_FIXTURE
SYN_TRAJ_089	20	SYN_PROS_SPK_12	SYN_ITEM_01	SYN_SHORT	178.2	200	79.9999999999841	0.694444444444444	142.7427	142.7427		142.7427	0.898084742436339	observed	FALSE	SYNTHETIC_TEACHING_FIXTURE
SYN_TRAJ_089	21	SYN_PROS_SPK_12	SYN_ITEM_01	SYN_SHORT	178.21	210	90.0000000000034	0.729166666666667	141.6037	141.6037		141.6037	0.759388692228974	observed	FALSE	SYNTHETIC_TEACHING_FIXTURE
SYN_TRAJ_089	22	SYN_PROS_SPK_12	SYN_ITEM_01	SYN_SHORT	178.22	220	99.9999999999943	0.763888888888889	139.4002	139.4002		139.4002	0.48787271543257	observed	FALSE	SYNTHETIC_TEACHING_FIXTURE
SYN_TRAJ_089	23	SYN_PROS_SPK_12	SYN_ITEM_01	SYN_SHORT	178.23	230	109.999999999985	0.798611111111111	136.1316	136.1316		136.1316	0.0771050957729245	observed	FALSE	SYNTHETIC_TEACHING_FIXTURE
SYN_TRAJ_089	24	SYN_PROS_SPK_12	SYN_ITEM_01	SYN_SHORT	178.24	240	120.000000000005	0.833333333333333	133.77	133.77		133.77	-0.225863591563431	observed	FALSE	SYNTHETIC_TEACHING_FIXTURE
SYN_TRAJ_089	25	SYN_PROS_SPK_12	SYN_ITEM_01	SYN_SHORT	178.25	250	129.999999999995	0.868055555555556	126.4887	126.4887		126.4887	-1.194816785278	observed	FALSE	SYNTHETIC_TEACHING_FIXTURE
SYN_TRAJ_089	26	SYN_PROS_SPK_12	SYN_ITEM_01	SYN_SHORT	178.26	260	139.999999999986	0.902777777777778	124.8953	124.8953		124.8953	-1.41428861147257	observed	FALSE	SYNTHETIC_TEACHING_FIXTURE
SYN_TRAJ_089	27	SYN_PROS_SPK_12	SYN_ITEM_01	SYN_SHORT	178.27	270	150.000000000006	0.9375	125.7669	125.7669		125.7669	-1.29389154492806	observed	FALSE	SYNTHETIC_TEACHING_FIXTURE
SYN_TRAJ_089	28	SYN_PROS_SPK_12	SYN_ITEM_01	SYN_SHORT	178.28	280	159.999999999997	0.972222222222222	124.4241	124.4241		124.4241	-1.47972743855048	observed	FALSE	SYNTHETIC_TEACHING_FIXTURE
SYN_TRAJ_090	0	SYN_PROS_SPK_12	SYN_ITEM_02	SYN_LONG	180	0	-120.000000000005	0			structural_unvoiced			missing	TRUE	SYNTHETIC_TEACHING_FIXTURE
SYN_TRAJ_090	1	SYN_PROS_SPK_12	SYN_ITEM_02	SYN_LONG	180.01	10	-110.000000000014	0.0214592274678112			structural_unvoiced			missing	FALSE	SYNTHETIC_TEACHING_FIXTURE
SYN_TRAJ_090	2	SYN_PROS_SPK_12	SYN_ITEM_02	SYN_LONG	180.02	20	-99.9999999999943	0.0429184549356223			structural_unvoiced			missing	FALSE	SYNTHETIC_TEACHING_FIXTURE
SYN_TRAJ_090	3	SYN_PROS_SPK_12	SYN_ITEM_02	SYN_LONG	180.03	30	-90.0000000000034	0.0643776824034335	131.3821	131.3821		131.3821	-0.537694088312491	observed	FALSE	SYNTHETIC_TEACHING_FIXTURE
SYN_TRAJ_090	4	SYN_PROS_SPK_12	SYN_ITEM_02	SYN_LONG	180.04	40	-80.0000000000125	0.0858369098712446	130.1909	130.1909		130.1909	-0.695375519927542	observed	FALSE	SYNTHETIC_TEACHING_FIXTURE
SYN_TRAJ_090	5	SYN_PROS_SPK_12	SYN_ITEM_02	SYN_LONG	180.05	50	-69.9999999999932	0.107296137339056	133.482	133.482		133.482	-0.263176359972055	observed	FALSE	SYNTHETIC_TEACHING_FIXTURE
SYN_TRAJ_090	6	SYN_PROS_SPK_12	SYN_ITEM_02	SYN_LONG	180.06	60	-60.0000000000023	0.128755364806867	129.2098	129.2098		129.2098	-0.826332901663321	observed	FALSE	SYNTHETIC_TEACHING_FIXTURE
SYN_TRAJ_090	7	SYN_PROS_SPK_12	SYN_ITEM_02	SYN_LONG	180.07	70	-50.0000000000114	0.150214592274678	132.8164	132.8164		132.8164	-0.349719259415653	observed	FALSE	SYNTHETIC_TEACHING_FIXTURE
SYN_TRAJ_090	8	SYN_PROS_SPK_12	SYN_ITEM_02	SYN_LONG	180.08	80	-39.999999999992	0.171673819742489	133.6877	133.6877		133.6877	-0.236518029011687	observed	FALSE	SYNTHETIC_TEACHING_FIXTURE
SYN_TRAJ_090	9	SYN_PROS_SPK_12	SYN_ITEM_02	SYN_LONG	180.09	90	-30.0000000000011	0.1931330472103	136.4675	136.4675		136.4675	0.119770079729151	observed	FALSE	SYNTHETIC_TEACHING_FIXTURE
SYN_TRAJ_090	10	SYN_PROS_SPK_12	SYN_ITEM_02	SYN_LONG	180.1	100	-20.0000000000102	0.214592274678112	139.0179	139.0179		139.0179	0.440329025354979	observed	FALSE	SYNTHETIC_TEACHING_FIXTURE
SYN_TRAJ_090	11	SYN_PROS_SPK_12	SYN_ITEM_02	SYN_LONG	180.11	110	-9.9999999999909	0.236051502145923	142.0677	142.0677		142.0677	0.816024173646636	observed	FALSE	SYNTHETIC_TEACHING_FIXTURE
SYN_TRAJ_090	12	SYN_PROS_SPK_12	SYN_ITEM_02	SYN_LONG	180.12	120	0	0.257510729613734	140.8523	140.8523		140.8523	0.667278605480903	observed	FALSE	SYNTHETIC_TEACHING_FIXTURE
SYN_TRAJ_090	13	SYN_PROS_SPK_12	SYN_ITEM_02	SYN_LONG	180.13	130	9.9999999999909	0.278969957081545	142.884	142.884		142.884	0.915213630673232	observed	FALSE	SYNTHETIC_TEACHING_FIXTURE
SYN_TRAJ_090	14	SYN_PROS_SPK_12	SYN_ITEM_02	SYN_LONG	180.14	140	19.9999999999818	0.300429184549356	145.721	145.721		145.721	1.25558675004237	observed	FALSE	SYNTHETIC_TEACHING_FIXTURE
SYN_TRAJ_090	15	SYN_PROS_SPK_12	SYN_ITEM_02	SYN_LONG	180.15	150	30.0000000000011	0.321888412017167	147.0909	147.0909		147.0909	1.4175770808407	observed	FALSE	SYNTHETIC_TEACHING_FIXTURE
SYN_TRAJ_090	16	SYN_PROS_SPK_12	SYN_ITEM_02	SYN_LONG	180.16	160	39.999999999992	0.343347639484979	149.0606	149.0606		149.0606	1.64786880579427	observed	FALSE	SYNTHETIC_TEACHING_FIXTURE
SYN_TRAJ_090	17	SYN_PROS_SPK_12	SYN_ITEM_02	SYN_LONG	180.17	170	49.999999999983	0.36480686695279	148.1251	148.1251		148.1251	1.53887467839208	observed	FALSE	SYNTHETIC_TEACHING_FIXTURE
SYN_TRAJ_090	18	SYN_PROS_SPK_12	SYN_ITEM_02	SYN_LONG	180.18	180	60.0000000000023	0.386266094420601	145.9367	145.9367		145.9367	1.28119397745085	observed	FALSE	SYNTHETIC_TEACHING_FIXTURE
SYN_TRAJ_090	19	SYN_PROS_SPK_12	SYN_ITEM_02	SYN_LONG	180.19	190	69.9999999999932	0.407725321888412	152.3633	152.3633		152.3633	2.02726642664757	observed	FALSE	SYNTHETIC_TEACHING_FIXTURE
SYN_TRAJ_090	20	SYN_PROS_SPK_12	SYN_ITEM_02	SYN_LONG	180.2	200	79.9999999999841	0.429184549356223	149.8353	149.8353		149.8353	1.73761175784549	observed	FALSE	SYNTHETIC_TEACHING_FIXTURE
SYN_TRAJ_090	21	SYN_PROS_SPK_12	SYN_ITEM_02	SYN_LONG	180.21	210	90.0000000000034	0.450643776824034	149.9668	149.9668		149.9668	1.75279892911961	observed	FALSE	SYNTHETIC_TEACHING_FIXTURE
SYN_TRAJ_090	22	SYN_PROS_SPK_12	SYN_ITEM_02	SYN_LONG	180.22	220	99.9999999999943	0.472103004291845	148.3951	148.3951		148.3951	1.57040260279214	observed	FALSE	SYNTHETIC_TEACHING_FIXTURE
SYN_TRAJ_090	23	SYN_PROS_SPK_12	SYN_ITEM_02	SYN_LONG	180.23	230	109.999999999985	0.493562231759657	145.3672	145.3672		145.3672	1.21350253582969	observed	FALSE	SYNTHETIC_TEACHING_FIXTURE
SYN_TRAJ_090	24	SYN_PROS_SPK_12	SYN_ITEM_02	SYN_LONG	180.24	240	120.000000000005	0.515021459227468	143.9222	143.9222		143.9222	1.04055088212463	observed	FALSE	SYNTHETIC_TEACHING_FIXTURE
SYN_TRAJ_090	25	SYN_PROS_SPK_12	SYN_ITEM_02	SYN_LONG	180.25	250	129.999999999995	0.536480686695279	143.6506	143.6506		143.6506	1.00784936741021	observed	FALSE	SYNTHETIC_TEACHING_FIXTURE
SYN_TRAJ_090	26	SYN_PROS_SPK_12	SYN_ITEM_02	SYN_LONG	180.26	260	139.999999999986	0.55793991416309	144.2365	144.2365		144.2365	1.07831667419673	observed	FALSE	SYNTHETIC_TEACHING_FIXTURE
SYN_TRAJ_090	27	SYN_PROS_SPK_12	SYN_ITEM_02	SYN_LONG	180.27	270	150.000000000006	0.579399141630901	135.5335	135.5335		135.5335	0.000875005288576767	observed	FALSE	SYNTHETIC_TEACHING_FIXTURE
SYN_TRAJ_090	28	SYN_PROS_SPK_12	SYN_ITEM_02	SYN_LONG	180.28	280	159.999999999997	0.600858369098712	134.2321	134.2321		134.2321	-0.166162264829087	observed	FALSE	SYNTHETIC_TEACHING_FIXTURE
SYN_TRAJ_090	29	SYN_PROS_SPK_12	SYN_ITEM_02	SYN_LONG	180.29	290	169.999999999987	0.622317596566524	135.7541	135.7541		135.7541	0.0290303883875958	observed	FALSE	SYNTHETIC_TEACHING_FIXTURE
SYN_TRAJ_090	30	SYN_PROS_SPK_12	SYN_ITEM_02	SYN_LONG	180.3	300	180.000000000007	0.643776824034335	133.5562	133.5562		133.5562	-0.253555446578636	observed	FALSE	SYNTHETIC_TEACHING_FIXTURE
SYN_TRAJ_090	31	SYN_PROS_SPK_12	SYN_ITEM_02	SYN_LONG	180.31	310	189.999999999998	0.665236051502146	131.8708	131.8708		131.8708	-0.473417109660656	observed	FALSE	SYNTHETIC_TEACHING_FIXTURE
SYN_TRAJ_090	32	SYN_PROS_SPK_12	SYN_ITEM_02	SYN_LONG	180.32	320	199.999999999989	0.686695278969957	127.9105	127.9105		127.9105	-1.00130248179973	observed	FALSE	SYNTHETIC_TEACHING_FIXTURE
SYN_TRAJ_090	33	SYN_PROS_SPK_12	SYN_ITEM_02	SYN_LONG	180.33	330	210.000000000008	0.708154506437768	125.688	125.688		125.688	-1.30475586858642	observed	FALSE	SYNTHETIC_TEACHING_FIXTURE
SYN_TRAJ_090	34	SYN_PROS_SPK_12	SYN_ITEM_02	SYN_LONG	180.34	340	219.999999999999	0.729613733905579	124.8921	124.8921		124.8921	-1.41473218460375	observed	FALSE	SYNTHETIC_TEACHING_FIXTURE
SYN_TRAJ_090	35	SYN_PROS_SPK_12	SYN_ITEM_02	SYN_LONG	180.35	350	229.99999999999	0.75107296137339	124.8434	124.8434		124.8434	-1.42148421619383	observed	FALSE	SYNTHETIC_TEACHING_FIXTURE
SYN_TRAJ_090	36	SYN_PROS_SPK_12	SYN_ITEM_02	SYN_LONG	180.36	360	240.000000000009	0.772532188841202	126.7706	126.7706		126.7706	-1.15627643710638	observed	FALSE	SYNTHETIC_TEACHING_FIXTURE
SYN_TRAJ_090	37	SYN_PROS_SPK_12	SYN_ITEM_02	SYN_LONG	180.37	370	250	0.793991416309013	128.4574	128.4574		128.4574	-0.927438839924778	observed	FALSE	SYNTHETIC_TEACHING_FIXTURE
SYN_TRAJ_090	38	SYN_PROS_SPK_12	SYN_ITEM_02	SYN_LONG	180.38	380	259.999999999991	0.815450643776824	134.081	134.081		134.081	-0.185661088588876	observed	FALSE	SYNTHETIC_TEACHING_FIXTURE
SYN_TRAJ_090	39	SYN_PROS_SPK_12	SYN_ITEM_02	SYN_LONG	180.39	390	269.999999999982	0.836909871244635	130.3284	130.3284		130.3284	-0.677100888923218	observed	FALSE	SYNTHETIC_TEACHING_FIXTURE
SYN_TRAJ_090	40	SYN_PROS_SPK_12	SYN_ITEM_02	SYN_LONG	180.4	400	280.000000000001	0.858369098712446	127.0235	127.0235		127.0235	-1.12177372518947	observed	FALSE	SYNTHETIC_TEACHING_FIXTURE
SYN_TRAJ_090	41	SYN_PROS_SPK_12	SYN_ITEM_02	SYN_LONG	180.41	410	289.999999999992	0.879828326180258	124.8977	124.8977		124.8977	-1.4139559390824	observed	FALSE	SYNTHETIC_TEACHING_FIXTURE
SYN_TRAJ_090	42	SYN_PROS_SPK_12	SYN_ITEM_02	SYN_LONG	180.42	420	299.999999999983	0.901287553648069	125.0404	125.0404		125.0404	-1.39418727430937	observed	FALSE	SYNTHETIC_TEACHING_FIXTURE
SYN_TRAJ_090	43	SYN_PROS_SPK_12	SYN_ITEM_02	SYN_LONG	180.43	430	310.000000000002	0.92274678111588	122.2518	122.2518		122.2518	-1.78465037151039	observed	FALSE	SYNTHETIC_TEACHING_FIXTURE
SYN_TRAJ_090	44	SYN_PROS_SPK_12	SYN_ITEM_02	SYN_LONG	180.44	440	319.999999999993	0.944206008583691	120.9531	120.9531		120.9531	-1.96954590860472	observed	FALSE	SYNTHETIC_TEACHING_FIXTURE
SYN_TRAJ_090	45	SYN_PROS_SPK_12	SYN_ITEM_02	SYN_LONG	180.45	450	329.999999999984	0.965665236051502			structural_unvoiced			missing	FALSE	SYNTHETIC_TEACHING_FIXTURE
SYN_TRAJ_090	46	SYN_PROS_SPK_12	SYN_ITEM_02	SYN_LONG	180.46	460	340.000000000003	0.987124463519313			structural_unvoiced			missing	FALSE	SYNTHETIC_TEACHING_FIXTURE
SYN_TRAJ_091	0	SYN_PROS_SPK_12	SYN_ITEM_03	SYN_SHORT	182	0	-120.000000000005	0	128.3131	128.3131		128.3131	-0.946897235618956	observed	TRUE	SYNTHETIC_TEACHING_FIXTURE
SYN_TRAJ_091	1	SYN_PROS_SPK_12	SYN_ITEM_03	SYN_SHORT	182.01	10	-110.000000000014	0.032258064516129	128.6362	128.6362		128.6362	-0.903358528483392	observed	FALSE	SYNTHETIC_TEACHING_FIXTURE
SYN_TRAJ_091	2	SYN_PROS_SPK_12	SYN_ITEM_03	SYN_SHORT	182.02	20	-99.9999999999943	0.0645161290322581	129.4822	129.4822		129.4822	-0.789873457284456	observed	FALSE	SYNTHETIC_TEACHING_FIXTURE
SYN_TRAJ_091	3	SYN_PROS_SPK_12	SYN_ITEM_03	SYN_SHORT	182.03	30	-90.0000000000034	0.0967741935483871	128.9894	128.9894		128.9894	-0.855888692470476	observed	FALSE	SYNTHETIC_TEACHING_FIXTURE
SYN_TRAJ_091	4	SYN_PROS_SPK_12	SYN_ITEM_03	SYN_SHORT	182.04	40	-80.0000000000125	0.129032258064516	126.9304	126.9304		126.9304	-1.13446720201252	observed	FALSE	SYNTHETIC_TEACHING_FIXTURE
SYN_TRAJ_091	5	SYN_PROS_SPK_12	SYN_ITEM_03	SYN_SHORT	182.05	50	-69.9999999999932	0.161290322580645	128.1015	128.1015		128.1015	-0.975470429808291	observed	FALSE	SYNTHETIC_TEACHING_FIXTURE
SYN_TRAJ_091	6	SYN_PROS_SPK_12	SYN_ITEM_03	SYN_SHORT	182.06	60	-60.0000000000023	0.193548387096774	132.0419	132.0419		132.0419	-0.450969217816357	observed	FALSE	SYNTHETIC_TEACHING_FIXTURE
SYN_TRAJ_091	7	SYN_PROS_SPK_12	SYN_ITEM_03	SYN_SHORT	182.07	70	-50.0000000000114	0.225806451612903	131.2775	131.2775		131.2775	-0.551482816469032	observed	FALSE	SYNTHETIC_TEACHING_FIXTURE
SYN_TRAJ_091	8	SYN_PROS_SPK_12	SYN_ITEM_03	SYN_SHORT	182.08	80	-39.999999999992	0.258064516129032	130.4788	130.4788		130.4788	-0.657133830510527	observed	FALSE	SYNTHETIC_TEACHING_FIXTURE
SYN_TRAJ_091	9	SYN_PROS_SPK_12	SYN_ITEM_03	SYN_SHORT	182.09	90	-30.0000000000011	0.290322580645161	134.4408	134.4408		134.4408	-0.139266465609286	observed	FALSE	SYNTHETIC_TEACHING_FIXTURE
SYN_TRAJ_091	10	SYN_PROS_SPK_12	SYN_ITEM_03	SYN_SHORT	182.1	100	-20.0000000000102	0.32258064516129	139.3922	139.3922		139.3922	0.486879153743202	observed	FALSE	SYNTHETIC_TEACHING_FIXTURE
SYN_TRAJ_091	11	SYN_PROS_SPK_12	SYN_ITEM_03	SYN_SHORT	182.11	110	-9.9999999999909	0.354838709677419	137.4348	137.4348		137.4348	0.242049422224455	observed	FALSE	SYNTHETIC_TEACHING_FIXTURE
SYN_TRAJ_091	12	SYN_PROS_SPK_12	SYN_ITEM_03	SYN_SHORT	182.12	120	0	0.387096774193548	139.5905	139.5905		139.5905	0.511490269037875	observed	FALSE	SYNTHETIC_TEACHING_FIXTURE
SYN_TRAJ_091	13	SYN_PROS_SPK_12	SYN_ITEM_03	SYN_SHORT	182.13	130	9.9999999999909	0.419354838709677	142.303	142.303		142.303	0.844674063717081	observed	FALSE	SYNTHETIC_TEACHING_FIXTURE
SYN_TRAJ_091	14	SYN_PROS_SPK_12	SYN_ITEM_03	SYN_SHORT	182.14	140	19.9999999999818	0.451612903225806	143.0007	143.0007		143.0007	0.929347652168472	observed	FALSE	SYNTHETIC_TEACHING_FIXTURE
SYN_TRAJ_091	15	SYN_PROS_SPK_12	SYN_ITEM_03	SYN_SHORT	182.15	150	30.0000000000011	0.483870967741935	143.2061	143.2061		143.2061	0.954196505146592	observed	FALSE	SYNTHETIC_TEACHING_FIXTURE
SYN_TRAJ_091	16	SYN_PROS_SPK_12	SYN_ITEM_03	SYN_SHORT	182.16	160	39.999999999992	0.516129032258065	143.5182	143.5182		143.5182	0.991885557669188	observed	FALSE	SYNTHETIC_TEACHING_FIXTURE
SYN_TRAJ_091	17	SYN_PROS_SPK_12	SYN_ITEM_03	SYN_SHORT	182.17	170	49.999999999983	0.548387096774194	145.0597	145.0597		145.0597	1.1768423869925	observed	FALSE	SYNTHETIC_TEACHING_FIXTURE
SYN_TRAJ_091	18	SYN_PROS_SPK_12	SYN_ITEM_03	SYN_SHORT	182.18	180	60.0000000000023	0.580645161290323	144.8506	144.8506		144.8506	1.15186906921577	observed	FALSE	SYNTHETIC_TEACHING_FIXTURE
SYN_TRAJ_091	19	SYN_PROS_SPK_12	SYN_ITEM_03	SYN_SHORT	182.19	190	69.9999999999932	0.612903225806452	143.2401	143.2401		143.2401	0.958306314105117	observed	FALSE	SYNTHETIC_TEACHING_FIXTURE
SYN_TRAJ_091	20	SYN_PROS_SPK_12	SYN_ITEM_03	SYN_SHORT	182.2	200	79.9999999999841	0.645161290322581	143.5602	143.5602		143.5602	0.996951200405079	observed	FALSE	SYNTHETIC_TEACHING_FIXTURE
SYN_TRAJ_091	21	SYN_PROS_SPK_12	SYN_ITEM_03	SYN_SHORT	182.21	210	90.0000000000034	0.67741935483871	141.1143	141.1143		141.1143	0.699451455130141	observed	FALSE	SYNTHETIC_TEACHING_FIXTURE
SYN_TRAJ_091	22	SYN_PROS_SPK_12	SYN_ITEM_03	SYN_SHORT	182.22	220	99.9999999999943	0.709677419354839	140.5094	140.5094		140.5094	0.625080932568755	observed	FALSE	SYNTHETIC_TEACHING_FIXTURE
SYN_TRAJ_091	23	SYN_PROS_SPK_12	SYN_ITEM_03	SYN_SHORT	182.23	230	109.999999999985	0.741935483870968	139.3082	139.3082		139.3082	0.476443311919861	observed	FALSE	SYNTHETIC_TEACHING_FIXTURE
SYN_TRAJ_091	24	SYN_PROS_SPK_12	SYN_ITEM_03	SYN_SHORT	182.24	240	120.000000000005	0.774193548387097	137.3928	137.3928		137.3928	0.236757971829601	observed	FALSE	SYNTHETIC_TEACHING_FIXTURE
SYN_TRAJ_091	25	SYN_PROS_SPK_12	SYN_ITEM_03	SYN_SHORT	182.25	250	129.999999999995	0.806451612903226	129.6711	129.6711		129.6711	-0.764635100698824	observed	FALSE	SYNTHETIC_TEACHING_FIXTURE
SYN_TRAJ_091	26	SYN_PROS_SPK_12	SYN_ITEM_03	SYN_SHORT	182.26	260	139.999999999986	0.838709677419355	127.1544	127.1544		127.1544	-1.10394223338335	observed	FALSE	SYNTHETIC_TEACHING_FIXTURE
SYN_TRAJ_091	27	SYN_PROS_SPK_12	SYN_ITEM_03	SYN_SHORT	182.27	270	150.000000000006	0.870967741935484	128.8752		quality_rejection			missing	FALSE	SYNTHETIC_TEACHING_FIXTURE
SYN_TRAJ_091	28	SYN_PROS_SPK_12	SYN_ITEM_03	SYN_SHORT	182.28	280	159.999999999997	0.903225806451613	124.3188	124.3188		124.3188	-1.49438505943184	observed	FALSE	SYNTHETIC_TEACHING_FIXTURE
SYN_TRAJ_091	29	SYN_PROS_SPK_12	SYN_ITEM_03	SYN_SHORT	182.29	290	169.999999999987	0.935483870967742	120.7049	120.7049		120.7049	-2.00510793775907	observed	FALSE	SYNTHETIC_TEACHING_FIXTURE
SYN_TRAJ_091	30	SYN_PROS_SPK_12	SYN_ITEM_03	SYN_SHORT	182.3	300	180.000000000007	0.967741935483871	125.6746	125.6746		125.6746	-1.3066016910182	observed	FALSE	SYNTHETIC_TEACHING_FIXTURE
SYN_TRAJ_091	31	SYN_PROS_SPK_12	SYN_ITEM_03	SYN_SHORT	182.31	310	189.999999999998	1	125.2643	125.2643		125.2643	-1.36321515057606	observed	FALSE	SYNTHETIC_TEACHING_FIXTURE
SYN_TRAJ_092	0	SYN_PROS_SPK_12	SYN_ITEM_04	SYN_LONG	184	0	-120.000000000005	0	134.0823	134.0823		134.0823	-0.185493235324553	observed	TRUE	SYNTHETIC_TEACHING_FIXTURE
SYN_TRAJ_092	1	SYN_PROS_SPK_12	SYN_ITEM_04	SYN_LONG	184.01	10	-110.000000000014	0.02	135.6303	135.6303		135.6303	0.0132353176214395	observed	FALSE	SYNTHETIC_TEACHING_FIXTURE
SYN_TRAJ_092	2	SYN_PROS_SPK_12	SYN_ITEM_04	SYN_LONG	184.02	20	-99.9999999999943	0.04	131.392	131.392		131.392	-0.536389605329285	observed	FALSE	SYNTHETIC_TEACHING_FIXTURE
SYN_TRAJ_092	3	SYN_PROS_SPK_12	SYN_ITEM_04	SYN_LONG	184.03	30	-90.0000000000034	0.06	131.7767	131.7767		131.7767	-0.485775211363481	observed	FALSE	SYNTHETIC_TEACHING_FIXTURE
SYN_TRAJ_092	4	SYN_PROS_SPK_12	SYN_ITEM_04	SYN_LONG	184.04	40	-80.0000000000125	0.08	131.3768		estimator_failure	131.868	-0.473784704822048	interpolated_estimator_failure	FALSE	SYNTHETIC_TEACHING_FIXTURE
SYN_TRAJ_092	5	SYN_PROS_SPK_12	SYN_ITEM_04	SYN_LONG	184.05	50	-69.9999999999932	0.1	131.9593	131.9593		131.9593	-0.461802497143806	observed	FALSE	SYNTHETIC_TEACHING_FIXTURE
SYN_TRAJ_092	6	SYN_PROS_SPK_12	SYN_ITEM_04	SYN_LONG	184.06	60	-60.0000000000023	0.12	133.599	133.599		133.599	-0.248008347519065	observed	FALSE	SYNTHETIC_TEACHING_FIXTURE
SYN_TRAJ_092	7	SYN_PROS_SPK_12	SYN_ITEM_04	SYN_LONG	184.07	70	-50.0000000000114	0.14	135.679	135.679		135.679	0.0194504454548805	observed	FALSE	SYNTHETIC_TEACHING_FIXTURE
SYN_TRAJ_092	8	SYN_PROS_SPK_12	SYN_ITEM_04	SYN_LONG	184.08	80	-39.999999999992	0.16	139.7379	139.7379		139.7379	0.529761516968177	observed	FALSE	SYNTHETIC_TEACHING_FIXTURE
SYN_TRAJ_092	9	SYN_PROS_SPK_12	SYN_ITEM_04	SYN_LONG	184.09	90	-30.0000000000011	0.18	141.1551	141.1551		141.1551	0.704456202346372	observed	FALSE	SYNTHETIC_TEACHING_FIXTURE
SYN_TRAJ_092	10	SYN_PROS_SPK_12	SYN_ITEM_04	SYN_LONG	184.1	100	-20.0000000000102	0.2	143.4459	143.4459		143.4459	0.98316194210919	observed	FALSE	SYNTHETIC_TEACHING_FIXTURE
SYN_TRAJ_092	11	SYN_PROS_SPK_12	SYN_ITEM_04	SYN_LONG	184.11	110	-9.9999999999909	0.22	142.108	142.108		142.108	0.820934426891024	observed	FALSE	SYNTHETIC_TEACHING_FIXTURE
SYN_TRAJ_092	12	SYN_PROS_SPK_12	SYN_ITEM_04	SYN_LONG	184.12	120	0	0.24	142.8179	142.8179		142.8179	0.907202863318515	observed	FALSE	SYNTHETIC_TEACHING_FIXTURE
SYN_TRAJ_092	13	SYN_PROS_SPK_12	SYN_ITEM_04	SYN_LONG	184.13	130	9.9999999999909	0.26	145.4668	145.4668		145.4668	1.22536022220942	observed	FALSE	SYNTHETIC_TEACHING_FIXTURE
SYN_TRAJ_092	14	SYN_PROS_SPK_12	SYN_ITEM_04	SYN_LONG	184.14	140	19.9999999999818	0.28	146.3043	146.3043		146.3043	1.32474720729068	observed	FALSE	SYNTHETIC_TEACHING_FIXTURE
SYN_TRAJ_092	15	SYN_PROS_SPK_12	SYN_ITEM_04	SYN_LONG	184.15	150	30.0000000000011	0.3	144.4673	144.4673		144.4673	1.10599687124614	observed	FALSE	SYNTHETIC_TEACHING_FIXTURE
SYN_TRAJ_092	16	SYN_PROS_SPK_12	SYN_ITEM_04	SYN_LONG	184.16	160	39.999999999992	0.32	147.6557	147.6557		147.6557	1.48392574696366	observed	FALSE	SYNTHETIC_TEACHING_FIXTURE
SYN_TRAJ_092	17	SYN_PROS_SPK_12	SYN_ITEM_04	SYN_LONG	184.17	170	49.999999999983	0.34	149.9976	149.9976		149.9976	1.75635415159925	observed	FALSE	SYNTHETIC_TEACHING_FIXTURE
SYN_TRAJ_092	18	SYN_PROS_SPK_12	SYN_ITEM_04	SYN_LONG	184.18	180	60.0000000000023	0.36	149.3542	149.3542		149.3542	1.68193484278794	observed	FALSE	SYNTHETIC_TEACHING_FIXTURE
SYN_TRAJ_092	19	SYN_PROS_SPK_12	SYN_ITEM_04	SYN_LONG	184.19	190	69.9999999999932	0.38	152.767	152.767		152.767	2.07307633758739	observed	FALSE	SYNTHETIC_TEACHING_FIXTURE
SYN_TRAJ_092	20	SYN_PROS_SPK_12	SYN_ITEM_04	SYN_LONG	184.2	200	79.9999999999841	0.4	153.642	153.642		153.642	2.17195293133382	observed	FALSE	SYNTHETIC_TEACHING_FIXTURE
SYN_TRAJ_092	21	SYN_PROS_SPK_12	SYN_ITEM_04	SYN_LONG	184.21	210	90.0000000000034	0.42	152.8429	152.8429		152.8429	2.08167557910579	observed	FALSE	SYNTHETIC_TEACHING_FIXTURE
SYN_TRAJ_092	22	SYN_PROS_SPK_12	SYN_ITEM_04	SYN_LONG	184.22	220	99.9999999999943	0.44	149.9861	149.9861		149.9861	1.75502680004155	observed	FALSE	SYNTHETIC_TEACHING_FIXTURE
SYN_TRAJ_092	23	SYN_PROS_SPK_12	SYN_ITEM_04	SYN_LONG	184.23	230	109.999999999985	0.46	152.26	152.26		152.26	2.0155249423866	observed	FALSE	SYNTHETIC_TEACHING_FIXTURE
SYN_TRAJ_092	24	SYN_PROS_SPK_12	SYN_ITEM_04	SYN_LONG	184.24	240	120.000000000005	0.48	151.7841	151.7841		151.7841	1.96132918875832	observed	FALSE	SYNTHETIC_TEACHING_FIXTURE
SYN_TRAJ_092	25	SYN_PROS_SPK_12	SYN_ITEM_04	SYN_LONG	184.25	250	129.999999999995	0.5	146.6773	146.6773		146.6773	1.36882851814336	observed	FALSE	SYNTHETIC_TEACHING_FIXTURE
SYN_TRAJ_092	26	SYN_PROS_SPK_12	SYN_ITEM_04	SYN_LONG	184.26	260	139.999999999986	0.52	145.3307	145.3307		145.3307	1.20915506423647	observed	FALSE	SYNTHETIC_TEACHING_FIXTURE
SYN_TRAJ_092	27	SYN_PROS_SPK_12	SYN_ITEM_04	SYN_LONG	184.27	270	150.000000000006	0.54	140.2567	140.2567		140.2567	0.593917415154834	observed	FALSE	SYNTHETIC_TEACHING_FIXTURE
SYN_TRAJ_092	28	SYN_PROS_SPK_12	SYN_ITEM_04	SYN_LONG	184.28	280	159.999999999997	0.56	143.2998	143.2998		143.2998	0.965520295419744	observed	FALSE	SYNTHETIC_TEACHING_FIXTURE
SYN_TRAJ_092	29	SYN_PROS_SPK_12	SYN_ITEM_04	SYN_LONG	184.29	290	169.999999999987	0.58	137.2103	137.2103		137.2103	0.213746559323933	observed	FALSE	SYNTHETIC_TEACHING_FIXTURE
SYN_TRAJ_092	30	SYN_PROS_SPK_12	SYN_ITEM_04	SYN_LONG	184.3	300	180.000000000007	0.6	138.4393	138.4393		138.4393	0.36812376466387	observed	FALSE	SYNTHETIC_TEACHING_FIXTURE
SYN_TRAJ_092	31	SYN_PROS_SPK_12	SYN_ITEM_04	SYN_LONG	184.31	310	189.999999999998	0.62	138.7365	138.7365		138.7365	0.405249874271285	observed	FALSE	SYNTHETIC_TEACHING_FIXTURE
SYN_TRAJ_092	32	SYN_PROS_SPK_12	SYN_ITEM_04	SYN_LONG	184.32	320	199.999999999989	0.64	140.6266	140.6266		140.6266	0.639515273407676	observed	FALSE	SYNTHETIC_TEACHING_FIXTURE
SYN_TRAJ_092	33	SYN_PROS_SPK_12	SYN_ITEM_04	SYN_LONG	184.33	330	210.000000000008	0.66	137.4163	137.4163		137.4163	0.239718863608819	observed	FALSE	SYNTHETIC_TEACHING_FIXTURE
SYN_TRAJ_092	34	SYN_PROS_SPK_12	SYN_ITEM_04	SYN_LONG	184.34	340	219.999999999999	0.68	128.7487	128.7487		128.7487	-0.88822447493767	observed	FALSE	SYNTHETIC_TEACHING_FIXTURE
SYN_TRAJ_092	35	SYN_PROS_SPK_12	SYN_ITEM_04	SYN_LONG	184.35	350	229.99999999999	0.7	129.2337	129.2337		129.2337	-0.82313092568864	observed	FALSE	SYNTHETIC_TEACHING_FIXTURE
SYN_TRAJ_092	36	SYN_PROS_SPK_12	SYN_ITEM_04	SYN_LONG	184.36	360	240.000000000009	0.72	131.8309	131.8309		131.8309	-0.478656077713185	observed	FALSE	SYNTHETIC_TEACHING_FIXTURE
SYN_TRAJ_092	37	SYN_PROS_SPK_12	SYN_ITEM_04	SYN_LONG	184.37	370	250	0.74	131.0194	131.0194		131.0194	-0.585553493802986	observed	FALSE	SYNTHETIC_TEACHING_FIXTURE
SYN_TRAJ_092	38	SYN_PROS_SPK_12	SYN_ITEM_04	SYN_LONG	184.38	380	259.999999999991	0.76	129.3955	129.3955		129.3955	-0.801469511920749	observed	FALSE	SYNTHETIC_TEACHING_FIXTURE
SYN_TRAJ_092	39	SYN_PROS_SPK_12	SYN_ITEM_04	SYN_LONG	184.39	390	269.999999999982	0.78	130.5954	130.5954		130.5954	-0.641669881675849	observed	FALSE	SYNTHETIC_TEACHING_FIXTURE
SYN_TRAJ_092	40	SYN_PROS_SPK_12	SYN_ITEM_04	SYN_LONG	184.4	400	280.000000000001	0.8	129.9308	129.9308		129.9308	-0.729997323970442	observed	FALSE	SYNTHETIC_TEACHING_FIXTURE
SYN_TRAJ_092	41	SYN_PROS_SPK_12	SYN_ITEM_04	SYN_LONG	184.41	410	289.999999999992	0.82	127.9634	127.9634		127.9634	-0.994144089912134	observed	FALSE	SYNTHETIC_TEACHING_FIXTURE
SYN_TRAJ_092	42	SYN_PROS_SPK_12	SYN_ITEM_04	SYN_LONG	184.42	420	299.999999999983	0.84	127.3679	127.3679		127.3679	-1.07489813342297	observed	FALSE	SYNTHETIC_TEACHING_FIXTURE
SYN_TRAJ_092	43	SYN_PROS_SPK_12	SYN_ITEM_04	SYN_LONG	184.43	430	310.000000000002	0.86	125.1374	125.1374		125.1374	-1.38076244515391	observed	FALSE	SYNTHETIC_TEACHING_FIXTURE
SYN_TRAJ_092	44	SYN_PROS_SPK_12	SYN_ITEM_04	SYN_LONG	184.44	440	319.999999999993	0.88	126.8752	126.8752		126.8752	-1.14199769944956	observed	FALSE	SYNTHETIC_TEACHING_FIXTURE
SYN_TRAJ_092	45	SYN_PROS_SPK_12	SYN_ITEM_04	SYN_LONG	184.45	450	329.999999999984	0.9	125.9946	125.9946		125.9946	-1.26257602603761	observed	FALSE	SYNTHETIC_TEACHING_FIXTURE
SYN_TRAJ_092	46	SYN_PROS_SPK_12	SYN_ITEM_04	SYN_LONG	184.46	460	340.000000000003	0.92	123.8084	123.8084		123.8084	-1.56560845653889	observed	FALSE	SYNTHETIC_TEACHING_FIXTURE
SYN_TRAJ_092	47	SYN_PROS_SPK_12	SYN_ITEM_04	SYN_LONG	184.47	470	349.999999999994	0.94	119.8588	119.8588		119.8588	-2.12688883562477	observed	FALSE	SYNTHETIC_TEACHING_FIXTURE
SYN_TRAJ_092	48	SYN_PROS_SPK_12	SYN_ITEM_04	SYN_LONG	184.48	480	359.999999999985	0.96	116.8304	116.8304		116.8304	-2.56993020143029	observed	FALSE	SYNTHETIC_TEACHING_FIXTURE
SYN_TRAJ_092	49	SYN_PROS_SPK_12	SYN_ITEM_04	SYN_LONG	184.49	490	370.000000000005	0.98	121.2095	121.2095		121.2095	-1.93288553445501	observed	FALSE	SYNTHETIC_TEACHING_FIXTURE
SYN_TRAJ_092	50	SYN_PROS_SPK_12	SYN_ITEM_04	SYN_LONG	184.5	500	379.999999999995	1	125.3582	125.3582		125.3582	-1.35024242188538	observed	FALSE	SYNTHETIC_TEACHING_FIXTURE
SYN_TRAJ_093	0	SYN_PROS_SPK_12	SYN_ITEM_05	SYN_SHORT	186	0	-120.000000000005	0	131.4828	131.4828		131.4828	-0.524429839090232	observed	TRUE	SYNTHETIC_TEACHING_FIXTURE
SYN_TRAJ_093	1	SYN_PROS_SPK_12	SYN_ITEM_05	SYN_SHORT	186.01	10	-110.000000000014	0.0294117647058824	129.7641	129.7641		129.7641	-0.752223155561103	observed	FALSE	SYNTHETIC_TEACHING_FIXTURE
SYN_TRAJ_093	2	SYN_PROS_SPK_12	SYN_ITEM_05	SYN_SHORT	186.02	20	-99.9999999999943	0.0588235294117647	133.5912		quality_rejection			missing	FALSE	SYNTHETIC_TEACHING_FIXTURE
SYN_TRAJ_093	3	SYN_PROS_SPK_12	SYN_ITEM_05	SYN_SHORT	186.03	30	-90.0000000000034	0.0882352941176471	128.0098	128.0098		128.0098	-0.987867709356937	observed	FALSE	SYNTHETIC_TEACHING_FIXTURE
SYN_TRAJ_093	4	SYN_PROS_SPK_12	SYN_ITEM_05	SYN_SHORT	186.04	40	-80.0000000000125	0.117647058823529	128.0987	128.0987		128.0987	-0.975848841326903	observed	FALSE	SYNTHETIC_TEACHING_FIXTURE
SYN_TRAJ_093	5	SYN_PROS_SPK_12	SYN_ITEM_05	SYN_SHORT	186.05	50	-69.9999999999932	0.147058823529412	133.061	133.061		133.061	-0.317865482609732	observed	FALSE	SYNTHETIC_TEACHING_FIXTURE
SYN_TRAJ_093	6	SYN_PROS_SPK_12	SYN_ITEM_05	SYN_SHORT	186.06	60	-60.0000000000023	0.176470588235294	134.6452	134.6452		134.6452	-0.112965260218464	observed	FALSE	SYNTHETIC_TEACHING_FIXTURE
SYN_TRAJ_093	7	SYN_PROS_SPK_12	SYN_ITEM_05	SYN_SHORT	186.07	70	-50.0000000000114	0.205882352941176	133.012	133.012		133.012	-0.324241963452456	observed	FALSE	SYNTHETIC_TEACHING_FIXTURE
SYN_TRAJ_093	8	SYN_PROS_SPK_12	SYN_ITEM_05	SYN_SHORT	186.08	80	-39.999999999992	0.235294117647059	134.3415	134.3415		134.3415	-0.152058345795866	observed	FALSE	SYNTHETIC_TEACHING_FIXTURE
SYN_TRAJ_093	9	SYN_PROS_SPK_12	SYN_ITEM_05	SYN_SHORT	186.09	90	-30.0000000000011	0.264705882352941	137.1648	137.1648		137.1648	0.208004700827693	observed	FALSE	SYNTHETIC_TEACHING_FIXTURE
SYN_TRAJ_093	10	SYN_PROS_SPK_12	SYN_ITEM_05	SYN_SHORT	186.1	100	-20.0000000000102	0.294117647058824	138.532	138.532		138.532	0.379712359030214	observed	FALSE	SYNTHETIC_TEACHING_FIXTURE
SYN_TRAJ_093	11	SYN_PROS_SPK_12	SYN_ITEM_05	SYN_SHORT	186.11	110	-9.9999999999909	0.323529411764706	135.5198	135.5198		135.5198	-0.000875049515582801	observed	FALSE	SYNTHETIC_TEACHING_FIXTURE
SYN_TRAJ_093	12	SYN_PROS_SPK_12	SYN_ITEM_05	SYN_SHORT	186.12	120	0	0.352941176470588	134.5507	134.5507		134.5507	-0.125120097967267	observed	FALSE	SYNTHETIC_TEACHING_FIXTURE
SYN_TRAJ_093	13	SYN_PROS_SPK_12	SYN_ITEM_05	SYN_SHORT	186.13	130	9.9999999999909	0.382352941176471	137.3986	137.3986		137.3986	0.23748879218905	observed	FALSE	SYNTHETIC_TEACHING_FIXTURE
SYN_TRAJ_093	14	SYN_PROS_SPK_12	SYN_ITEM_05	SYN_SHORT	186.14	140	19.9999999999818	0.411764705882353	142.6856	142.6856		142.6856	0.891158066593725	observed	FALSE	SYNTHETIC_TEACHING_FIXTURE
SYN_TRAJ_093	15	SYN_PROS_SPK_12	SYN_ITEM_05	SYN_SHORT	186.15	150	30.0000000000011	0.441176470588235	150.0579	150.0579		150.0579	1.76331242528955	observed	FALSE	SYNTHETIC_TEACHING_FIXTURE
SYN_TRAJ_093	16	SYN_PROS_SPK_12	SYN_ITEM_05	SYN_SHORT	186.16	160	39.999999999992	0.470588235294118	149.7916	149.7916		149.7916	1.73256181550182	observed	FALSE	SYNTHETIC_TEACHING_FIXTURE
SYN_TRAJ_093	17	SYN_PROS_SPK_12	SYN_ITEM_05	SYN_SHORT	186.17	170	49.999999999983	0.5	150.8728	150.8728		150.8728	1.85707395078195	observed	FALSE	SYNTHETIC_TEACHING_FIXTURE
SYN_TRAJ_093	18	SYN_PROS_SPK_12	SYN_ITEM_05	SYN_SHORT	186.18	180	60.0000000000023	0.529411764705882	154.2717	154.2717		154.2717	2.24276235621295	observed	FALSE	SYNTHETIC_TEACHING_FIXTURE
SYN_TRAJ_093	19	SYN_PROS_SPK_12	SYN_ITEM_05	SYN_SHORT	186.19	190	69.9999999999932	0.558823529411765	156.2346	156.2346		156.2346	2.46164903153497	observed	FALSE	SYNTHETIC_TEACHING_FIXTURE
SYN_TRAJ_093	20	SYN_PROS_SPK_12	SYN_ITEM_05	SYN_SHORT	186.2	200	79.9999999999841	0.588235294117647	155.5428	155.5428		155.5428	2.38482051986523	observed	FALSE	SYNTHETIC_TEACHING_FIXTURE
SYN_TRAJ_093	21	SYN_PROS_SPK_12	SYN_ITEM_05	SYN_SHORT	186.21	210	90.0000000000034	0.61764705882353	152.843	152.843		152.843	2.08168690598772	observed	FALSE	SYNTHETIC_TEACHING_FIXTURE
SYN_TRAJ_093	22	SYN_PROS_SPK_12	SYN_ITEM_05	SYN_SHORT	186.22	220	99.9999999999943	0.647058823529412	150.46	150.46		150.46	1.8096410883448	observed	FALSE	SYNTHETIC_TEACHING_FIXTURE
SYN_TRAJ_093	23	SYN_PROS_SPK_12	SYN_ITEM_05	SYN_SHORT	186.23	230	109.999999999985	0.676470588235294	147.779	147.779		147.779	1.49837639684627	observed	FALSE	SYNTHETIC_TEACHING_FIXTURE
SYN_TRAJ_093	24	SYN_PROS_SPK_12	SYN_ITEM_05	SYN_SHORT	186.24	240	120.000000000005	0.705882352941177	143.2241	143.2241		143.2241	0.956372407891779	observed	FALSE	SYNTHETIC_TEACHING_FIXTURE
SYN_TRAJ_093	25	SYN_PROS_SPK_12	SYN_ITEM_05	SYN_SHORT	186.25	250	129.999999999995	0.735294117647059	140.8751	140.8751		140.8751	0.67008075652513	observed	FALSE	SYNTHETIC_TEACHING_FIXTURE
SYN_TRAJ_093	26	SYN_PROS_SPK_12	SYN_ITEM_05	SYN_SHORT	186.26	260	139.999999999986	0.764705882352941	140.5573		estimator_failure	137.73765	0.280156757711962	interpolated_estimator_failure	FALSE	SYNTHETIC_TEACHING_FIXTURE
SYN_TRAJ_093	27	SYN_PROS_SPK_12	SYN_ITEM_05	SYN_SHORT	186.27	270	150.000000000006	0.794117647058823	134.6002	134.6002		134.6002	-0.118752213899633	observed	FALSE	SYNTHETIC_TEACHING_FIXTURE
SYN_TRAJ_093	28	SYN_PROS_SPK_12	SYN_ITEM_05	SYN_SHORT	186.28	280	159.999999999997	0.823529411764706	129.41	129.41		129.41	-0.799529607727234	observed	FALSE	SYNTHETIC_TEACHING_FIXTURE
SYN_TRAJ_093	29	SYN_PROS_SPK_12	SYN_ITEM_05	SYN_SHORT	186.29	290	169.999999999987	0.852941176470588	128.9104	128.9104		128.9104	-0.866494942971948	observed	FALSE	SYNTHETIC_TEACHING_FIXTURE
SYN_TRAJ_093	30	SYN_PROS_SPK_12	SYN_ITEM_05	SYN_SHORT	186.3	300	180.000000000007	0.88235294117647	124.8725	124.8725		124.8725	-1.41744931805111	observed	FALSE	SYNTHETIC_TEACHING_FIXTURE
SYN_TRAJ_093	31	SYN_PROS_SPK_12	SYN_ITEM_05	SYN_SHORT	186.31	310	189.999999999998	0.911764705882353	123.5041	123.5041		123.5041	-1.60821162354326	observed	FALSE	SYNTHETIC_TEACHING_FIXTURE
SYN_TRAJ_093	32	SYN_PROS_SPK_12	SYN_ITEM_05	SYN_SHORT	186.32	320	199.999999999989	0.941176470588235	127.5504	127.5504		127.5504	-1.05010977825716	observed	FALSE	SYNTHETIC_TEACHING_FIXTURE
SYN_TRAJ_093	33	SYN_PROS_SPK_12	SYN_ITEM_05	SYN_SHORT	186.33	330	210.000000000008	0.970588235294118	123.3565	123.3565		123.3565	-1.62891400991779	observed	FALSE	SYNTHETIC_TEACHING_FIXTURE
SYN_TRAJ_093	34	SYN_PROS_SPK_12	SYN_ITEM_05	SYN_SHORT	186.34	340	219.999999999999	1	123.8878	123.8878		123.8878	-1.55450937724707	observed	FALSE	SYNTHETIC_TEACHING_FIXTURE
SYN_TRAJ_094	0	SYN_PROS_SPK_12	SYN_ITEM_06	SYN_LONG	188	0	-120.000000000005	0	132.2517	132.2517		132.2517	-0.423483650266783	observed	TRUE	SYNTHETIC_TEACHING_FIXTURE
SYN_TRAJ_094	1	SYN_PROS_SPK_12	SYN_ITEM_06	SYN_LONG	188.01	10	-110.000000000014	0.0229885057471264	132.5642	132.5642		132.5642	-0.382624253873866	observed	FALSE	SYNTHETIC_TEACHING_FIXTURE
SYN_TRAJ_094	2	SYN_PROS_SPK_12	SYN_ITEM_06	SYN_LONG	188.02	20	-99.9999999999943	0.0459770114942529	131.3445	131.3445		131.3445	-0.542649384098248	observed	FALSE	SYNTHETIC_TEACHING_FIXTURE
SYN_TRAJ_094	3	SYN_PROS_SPK_12	SYN_ITEM_06	SYN_LONG	188.03	30	-90.0000000000034	0.0689655172413793	131.3126	131.3126		131.3126	-0.546854590539405	observed	FALSE	SYNTHETIC_TEACHING_FIXTURE
SYN_TRAJ_094	4	SYN_PROS_SPK_12	SYN_ITEM_06	SYN_LONG	188.04	40	-80.0000000000125	0.0919540229885057	131.9922	131.9922		131.9922	-0.457486734550356	observed	FALSE	SYNTHETIC_TEACHING_FIXTURE
SYN_TRAJ_094	5	SYN_PROS_SPK_12	SYN_ITEM_06	SYN_LONG	188.05	50	-69.9999999999932	0.114942528735632	130.395	130.395		130.395	-0.66825625202636	observed	FALSE	SYNTHETIC_TEACHING_FIXTURE
SYN_TRAJ_094	6	SYN_PROS_SPK_12	SYN_ITEM_06	SYN_LONG	188.06	60	-60.0000000000023	0.137931034482759	133.3705	133.3705		133.3705	-0.277643723605859	observed	FALSE	SYNTHETIC_TEACHING_FIXTURE
SYN_TRAJ_094	7	SYN_PROS_SPK_12	SYN_ITEM_06	SYN_LONG	188.07	70	-50.0000000000114	0.160919540229885	134.3183	134.3183		134.3183	-0.155048345046829	observed	FALSE	SYNTHETIC_TEACHING_FIXTURE
SYN_TRAJ_094	8	SYN_PROS_SPK_12	SYN_ITEM_06	SYN_LONG	188.08	80	-39.999999999992	0.183908045977011	139.0342	139.0342		139.0342	0.442358797115889	observed	FALSE	SYNTHETIC_TEACHING_FIXTURE
SYN_TRAJ_094	9	SYN_PROS_SPK_12	SYN_ITEM_06	SYN_LONG	188.09	90	-30.0000000000011	0.206896551724138	142.1476	142.1476		142.1476	0.825758034150587	observed	FALSE	SYNTHETIC_TEACHING_FIXTURE
SYN_TRAJ_094	10	SYN_PROS_SPK_12	SYN_ITEM_06	SYN_LONG	188.1	100	-20.0000000000102	0.229885057471264	147.9999	147.9999		147.9999	1.52423555532862	observed	FALSE	SYNTHETIC_TEACHING_FIXTURE
SYN_TRAJ_094	11	SYN_PROS_SPK_12	SYN_ITEM_06	SYN_LONG	188.11	110	-9.9999999999909	0.252873563218391	151.4717	151.4717		151.4717	1.92566044255503	observed	FALSE	SYNTHETIC_TEACHING_FIXTURE
SYN_TRAJ_094	12	SYN_PROS_SPK_12	SYN_ITEM_06	SYN_LONG	188.12	120	0	0.275862068965517	148.5225	148.5225		148.5225	1.585259198116	observed	FALSE	SYNTHETIC_TEACHING_FIXTURE
SYN_TRAJ_094	13	SYN_PROS_SPK_12	SYN_ITEM_06	SYN_LONG	188.13	130	9.9999999999909	0.298850574712644	151.9811	151.9811		151.9811	1.98378423992813	observed	FALSE	SYNTHETIC_TEACHING_FIXTURE
SYN_TRAJ_094	14	SYN_PROS_SPK_12	SYN_ITEM_06	SYN_LONG	188.14	140	19.9999999999818	0.32183908045977	150.632	150.632		150.632	1.82942057692837	observed	FALSE	SYNTHETIC_TEACHING_FIXTURE
SYN_TRAJ_094	15	SYN_PROS_SPK_12	SYN_ITEM_06	SYN_LONG	188.15	150	30.0000000000011	0.344827586206897	149.199	149.199		149.199	1.66393553488449	observed	FALSE	SYNTHETIC_TEACHING_FIXTURE
SYN_TRAJ_094	16	SYN_PROS_SPK_12	SYN_ITEM_06	SYN_LONG	188.16	160	39.999999999992	0.367816091954023	151.9911	151.9911		151.9911	1.98492331386297	observed	FALSE	SYNTHETIC_TEACHING_FIXTURE
SYN_TRAJ_094	17	SYN_PROS_SPK_12	SYN_ITEM_06	SYN_LONG	188.17	170	49.999999999983	0.390804597701149	152.7584	152.7584		152.7584	2.07210171401593	observed	FALSE	SYNTHETIC_TEACHING_FIXTURE
SYN_TRAJ_094	18	SYN_PROS_SPK_12	SYN_ITEM_06	SYN_LONG	188.18	180	60.0000000000023	0.413793103448276	151.0649	151.0649		151.0649	1.87910300549744	observed	FALSE	SYNTHETIC_TEACHING_FIXTURE
SYN_TRAJ_094	19	SYN_PROS_SPK_12	SYN_ITEM_06	SYN_LONG	188.19	190	69.9999999999932	0.436781609195402	154.5909	154.5909		154.5909	2.2785459120855	observed	FALSE	SYNTHETIC_TEACHING_FIXTURE
SYN_TRAJ_094	20	SYN_PROS_SPK_12	SYN_ITEM_06	SYN_LONG	188.2	200	79.9999999999841	0.459770114942529	150.2518	150.2518		150.2518	1.78566843501962	observed	FALSE	SYNTHETIC_TEACHING_FIXTURE
SYN_TRAJ_094	21	SYN_PROS_SPK_12	SYN_ITEM_06	SYN_LONG	188.21	210	90.0000000000034	0.482758620689655	153.1318	153.1318		153.1318	2.11436806416455	observed	FALSE	SYNTHETIC_TEACHING_FIXTURE
SYN_TRAJ_094	22	SYN_PROS_SPK_12	SYN_ITEM_06	SYN_LONG	188.22	220	99.9999999999943	0.505747126436782	148.3594	148.3594		148.3594	1.56623720305264	observed	FALSE	SYNTHETIC_TEACHING_FIXTURE
SYN_TRAJ_094	23	SYN_PROS_SPK_12	SYN_ITEM_06	SYN_LONG	188.23	230	109.999999999985	0.528735632183908	148.4291	148.4291		148.4291	1.5743687186227	observed	FALSE	SYNTHETIC_TEACHING_FIXTURE
SYN_TRAJ_094	24	SYN_PROS_SPK_12	SYN_ITEM_06	SYN_LONG	188.24	240	120.000000000005	0.551724137931034	146.6725	146.6725		146.6725	1.36826196425879	observed	FALSE	SYNTHETIC_TEACHING_FIXTURE
SYN_TRAJ_094	25	SYN_PROS_SPK_12	SYN_ITEM_06	SYN_LONG	188.25	250	129.999999999995	0.574712643678161	143.6147	143.6147		143.6147	1.00352226610803	observed	FALSE	SYNTHETIC_TEACHING_FIXTURE
SYN_TRAJ_094	26	SYN_PROS_SPK_12	SYN_ITEM_06	SYN_LONG	188.26	260	139.999999999986	0.597701149425287	142.1673	142.1673		142.1673	0.828157156449222	observed	FALSE	SYNTHETIC_TEACHING_FIXTURE
SYN_TRAJ_094	27	SYN_PROS_SPK_12	SYN_ITEM_06	SYN_LONG	188.27	270	150.000000000006	0.620689655172414	143.1708	143.1708		143.1708	0.949928523878444	observed	FALSE	SYNTHETIC_TEACHING_FIXTURE
SYN_TRAJ_094	28	SYN_PROS_SPK_12	SYN_ITEM_06	SYN_LONG	188.28	280	159.999999999997	0.64367816091954	138.7064	138.7064		138.7064	0.401493415188616	observed	FALSE	SYNTHETIC_TEACHING_FIXTURE
SYN_TRAJ_094	29	SYN_PROS_SPK_12	SYN_ITEM_06	SYN_LONG	188.29	290	169.999999999987	0.666666666666667	134.6583	134.6583		134.6583	-0.11128097716528	observed	FALSE	SYNTHETIC_TEACHING_FIXTURE
SYN_TRAJ_094	30	SYN_PROS_SPK_12	SYN_ITEM_06	SYN_LONG	188.3	300	180.000000000007	0.689655172413793	130.9011	130.9011		130.9011	-0.601192208751325	observed	FALSE	SYNTHETIC_TEACHING_FIXTURE
SYN_TRAJ_094	31	SYN_PROS_SPK_12	SYN_ITEM_06	SYN_LONG	188.31	310	189.999999999998	0.71264367816092	131.277	131.277		131.277	-0.55154875455233	observed	FALSE	SYNTHETIC_TEACHING_FIXTURE
SYN_TRAJ_094	32	SYN_PROS_SPK_12	SYN_ITEM_06	SYN_LONG	188.32	320	199.999999999989	0.735632183908046	129.6392	129.6392		129.6392	-0.768894581825786	observed	FALSE	SYNTHETIC_TEACHING_FIXTURE
SYN_TRAJ_094	33	SYN_PROS_SPK_12	SYN_ITEM_06	SYN_LONG	188.33	330	210.000000000008	0.758620689655172	126.0485	126.0485		126.0485	-1.25517145779772	observed	FALSE	SYNTHETIC_TEACHING_FIXTURE
SYN_TRAJ_094	34	SYN_PROS_SPK_12	SYN_ITEM_06	SYN_LONG	188.34	340	219.999999999999	0.781609195402299	127.3414	127.3414		127.3414	-1.07850049128472	observed	FALSE	SYNTHETIC_TEACHING_FIXTURE
SYN_TRAJ_094	35	SYN_PROS_SPK_12	SYN_ITEM_06	SYN_LONG	188.35	350	229.99999999999	0.804597701149425	131.2303	131.2303		131.2303	-0.557708478944323	observed	FALSE	SYNTHETIC_TEACHING_FIXTURE
SYN_TRAJ_094	36	SYN_PROS_SPK_12	SYN_ITEM_06	SYN_LONG	188.36	360	240.000000000009	0.827586206896552	131.8553	131.8553		131.8553	-0.475452109441978	observed	FALSE	SYNTHETIC_TEACHING_FIXTURE
SYN_TRAJ_094	37	SYN_PROS_SPK_12	SYN_ITEM_06	SYN_LONG	188.37	370	250	0.850574712643678	130.8812	130.8812		130.8812	-0.603824285682637	observed	FALSE	SYNTHETIC_TEACHING_FIXTURE
SYN_TRAJ_094	38	SYN_PROS_SPK_12	SYN_ITEM_06	SYN_LONG	188.38	380	259.999999999991	0.873563218390805	127.1514	127.1514		127.1514	-1.10435069454684	observed	FALSE	SYNTHETIC_TEACHING_FIXTURE
SYN_TRAJ_094	39	SYN_PROS_SPK_12	SYN_ITEM_06	SYN_LONG	188.39	390	269.999999999982	0.896551724137931	126.3765	126.3765		126.3765	-1.21018026534984	observed	FALSE	SYNTHETIC_TEACHING_FIXTURE
SYN_TRAJ_094	40	SYN_PROS_SPK_12	SYN_ITEM_06	SYN_LONG	188.4	400	280.000000000001	0.919540229885057	123.3621	123.3621		123.3621	-1.62812810154473	observed	FALSE	SYNTHETIC_TEACHING_FIXTURE
SYN_TRAJ_094	41	SYN_PROS_SPK_12	SYN_ITEM_06	SYN_LONG	188.41	410	289.999999999992	0.942528735632184	122.6181	122.6181		122.6181	-1.73285539751087	observed	FALSE	SYNTHETIC_TEACHING_FIXTURE
SYN_TRAJ_094	42	SYN_PROS_SPK_12	SYN_ITEM_06	SYN_LONG	188.42	420	299.999999999983	0.96551724137931	123.8753	123.8753		123.8753	-1.55625624154056	observed	FALSE	SYNTHETIC_TEACHING_FIXTURE
SYN_TRAJ_094	43	SYN_PROS_SPK_12	SYN_ITEM_06	SYN_LONG	188.43	430	310.000000000002	0.988505747126437	125.0419	125.0419		125.0419	-1.39397959459164	observed	FALSE	SYNTHETIC_TEACHING_FIXTURE
SYN_TRAJ_095	0	SYN_PROS_SPK_12	SYN_ITEM_07	SYN_SHORT	190	0	-120.000000000005	0			structural_unvoiced			missing	TRUE	SYNTHETIC_TEACHING_FIXTURE
SYN_TRAJ_095	1	SYN_PROS_SPK_12	SYN_ITEM_07	SYN_SHORT	190.01	10	-110.000000000014	0.03584229390681			structural_unvoiced			missing	FALSE	SYNTHETIC_TEACHING_FIXTURE
SYN_TRAJ_095	2	SYN_PROS_SPK_12	SYN_ITEM_07	SYN_SHORT	190.02	20	-99.9999999999943	0.0716845878136201			structural_unvoiced			missing	FALSE	SYNTHETIC_TEACHING_FIXTURE
SYN_TRAJ_095	3	SYN_PROS_SPK_12	SYN_ITEM_07	SYN_SHORT	190.03	30	-90.0000000000034	0.10752688172043	128.5199	128.5199		128.5199	-0.919017696874388	observed	FALSE	SYNTHETIC_TEACHING_FIXTURE
SYN_TRAJ_095	4	SYN_PROS_SPK_12	SYN_ITEM_07	SYN_SHORT	190.04	40	-80.0000000000125	0.14336917562724	131.3594	131.3594		131.3594	-0.540685546685959	observed	FALSE	SYNTHETIC_TEACHING_FIXTURE
SYN_TRAJ_095	5	SYN_PROS_SPK_12	SYN_ITEM_07	SYN_SHORT	190.05	50	-69.9999999999932	0.17921146953405	133.617	133.617		133.617	-0.245675986213577	observed	FALSE	SYNTHETIC_TEACHING_FIXTURE
SYN_TRAJ_095	6	SYN_PROS_SPK_12	SYN_ITEM_07	SYN_SHORT	190.06	60	-60.0000000000023	0.21505376344086	129.2199	129.2199		129.2199	-0.824979693119221	observed	FALSE	SYNTHETIC_TEACHING_FIXTURE
SYN_TRAJ_095	7	SYN_PROS_SPK_12	SYN_ITEM_07	SYN_SHORT	190.07	70	-50.0000000000114	0.25089605734767	129.7765	129.7765		129.7765	-0.750568901681383	observed	FALSE	SYNTHETIC_TEACHING_FIXTURE
SYN_TRAJ_095	8	SYN_PROS_SPK_12	SYN_ITEM_07	SYN_SHORT	190.08	80	-39.999999999992	0.28673835125448	132.3719	132.3719		132.3719	-0.40775607744187	observed	FALSE	SYNTHETIC_TEACHING_FIXTURE
SYN_TRAJ_095	9	SYN_PROS_SPK_12	SYN_ITEM_07	SYN_SHORT	190.09	90	-30.0000000000011	0.32258064516129	134.3696	134.3696		134.3696	-0.148437529465159	observed	FALSE	SYNTHETIC_TEACHING_FIXTURE
SYN_TRAJ_095	10	SYN_PROS_SPK_12	SYN_ITEM_07	SYN_SHORT	190.1	100	-20.0000000000102	0.3584229390681	136.9949	136.9949		136.9949	0.186547374853806	observed	FALSE	SYNTHETIC_TEACHING_FIXTURE
SYN_TRAJ_095	11	SYN_PROS_SPK_12	SYN_ITEM_07	SYN_SHORT	190.11	110	-9.9999999999909	0.39426523297491	140.1659	140.1659		140.1659	0.582706046517001	observed	FALSE	SYNTHETIC_TEACHING_FIXTURE
SYN_TRAJ_095	12	SYN_PROS_SPK_12	SYN_ITEM_07	SYN_SHORT	190.12	120	0	0.43010752688172	142.7914	142.7914		142.7914	0.90399024367119	observed	FALSE	SYNTHETIC_TEACHING_FIXTURE
SYN_TRAJ_095	13	SYN_PROS_SPK_12	SYN_ITEM_07	SYN_SHORT	190.13	130	9.9999999999909	0.46594982078853	142.9285	142.9285		142.9285	0.920604571643697	observed	FALSE	SYNTHETIC_TEACHING_FIXTURE
SYN_TRAJ_095	14	SYN_PROS_SPK_12	SYN_ITEM_07	SYN_SHORT	190.14	140	19.9999999999818	0.50179211469534	149.6255	149.6255		149.6255	1.71335396097061	observed	FALSE	SYNTHETIC_TEACHING_FIXTURE
SYN_TRAJ_095	15	SYN_PROS_SPK_12	SYN_ITEM_07	SYN_SHORT	190.15	150	30.0000000000011	0.53763440860215	148.7801	148.7801		148.7801	1.61526001227923	observed	FALSE	SYNTHETIC_TEACHING_FIXTURE
SYN_TRAJ_095	16	SYN_PROS_SPK_12	SYN_ITEM_07	SYN_SHORT	190.16	160	39.999999999992	0.57347670250896	147.9227	147.9227		147.9227	1.51520270203388	observed	FALSE	SYNTHETIC_TEACHING_FIXTURE
SYN_TRAJ_095	17	SYN_PROS_SPK_12	SYN_ITEM_07	SYN_SHORT	190.17	170	49.999999999983	0.609318996415771	144.9044	144.9044		144.9044	1.1582979759066	observed	FALSE	SYNTHETIC_TEACHING_FIXTURE
SYN_TRAJ_095	18	SYN_PROS_SPK_12	SYN_ITEM_07	SYN_SHORT	190.18	180	60.0000000000023	0.645161290322581	145.5283	145.5283		145.5283	1.23267793275525	observed	FALSE	SYNTHETIC_TEACHING_FIXTURE
SYN_TRAJ_095	19	SYN_PROS_SPK_12	SYN_ITEM_07	SYN_SHORT	190.19	190	69.9999999999932	0.681003584229391	146.1151	146.1151		146.1151	1.30234448518738	observed	FALSE	SYNTHETIC_TEACHING_FIXTURE
SYN_TRAJ_095	20	SYN_PROS_SPK_12	SYN_ITEM_07	SYN_SHORT	190.2	200	79.9999999999841	0.716845878136201	142.334	142.334		142.334	0.848445060160502	observed	FALSE	SYNTHETIC_TEACHING_FIXTURE
SYN_TRAJ_095	21	SYN_PROS_SPK_12	SYN_ITEM_07	SYN_SHORT	190.21	210	90.0000000000034	0.752688172043011	141.1707	141.1707		141.1707	0.706369399878653	observed	FALSE	SYNTHETIC_TEACHING_FIXTURE
SYN_TRAJ_095	22	SYN_PROS_SPK_12	SYN_ITEM_07	SYN_SHORT	190.22	220	99.9999999999943	0.788530465949821	136.5319	136.5319		136.5319	0.12793797129433	observed	FALSE	SYNTHETIC_TEACHING_FIXTURE
SYN_TRAJ_095	23	SYN_PROS_SPK_12	SYN_ITEM_07	SYN_SHORT	190.23	230	109.999999999985	0.824372759856631	133.7122	133.7122		133.7122	-0.233345609401896	observed	FALSE	SYNTHETIC_TEACHING_FIXTURE
SYN_TRAJ_095	24	SYN_PROS_SPK_12	SYN_ITEM_07	SYN_SHORT	190.24	240	120.000000000005	0.860215053763441	130.6733	130.6733		130.6733	-0.631346170001336	observed	FALSE	SYNTHETIC_TEACHING_FIXTURE
SYN_TRAJ_095	25	SYN_PROS_SPK_12	SYN_ITEM_07	SYN_SHORT	190.25	250	129.999999999995	0.896057347670251	130.4405	130.4405		130.4405	-0.662216341812337	observed	FALSE	SYNTHETIC_TEACHING_FIXTURE
SYN_TRAJ_095	26	SYN_PROS_SPK_12	SYN_ITEM_07	SYN_SHORT	190.26	260	139.999999999986	0.931899641577061			structural_unvoiced			missing	FALSE	SYNTHETIC_TEACHING_FIXTURE
SYN_TRAJ_095	27	SYN_PROS_SPK_12	SYN_ITEM_07	SYN_SHORT	190.27	270	150.000000000006	0.967741935483871			structural_unvoiced			missing	FALSE	SYNTHETIC_TEACHING_FIXTURE
SYN_TRAJ_096	0	SYN_PROS_SPK_12	SYN_ITEM_08	SYN_LONG	192	0	-120.000000000005	0			source_failure			missing	TRUE	SYNTHETIC_TEACHING_FIXTURE
SYN_TRAJ_096	1	SYN_PROS_SPK_12	SYN_ITEM_08	SYN_LONG	192.01	10	-110.000000000014	0.023094688221709			source_failure			missing	FALSE	SYNTHETIC_TEACHING_FIXTURE
SYN_TRAJ_096	2	SYN_PROS_SPK_12	SYN_ITEM_08	SYN_LONG	192.02	20	-99.9999999999943	0.046189376443418			source_failure			missing	FALSE	SYNTHETIC_TEACHING_FIXTURE
SYN_TRAJ_096	3	SYN_PROS_SPK_12	SYN_ITEM_08	SYN_LONG	192.03	30	-90.0000000000034	0.069284064665127			source_failure			missing	FALSE	SYNTHETIC_TEACHING_FIXTURE
SYN_TRAJ_096	4	SYN_PROS_SPK_12	SYN_ITEM_08	SYN_LONG	192.04	40	-80.0000000000125	0.092378752886836			source_failure			missing	FALSE	SYNTHETIC_TEACHING_FIXTURE
SYN_TRAJ_096	5	SYN_PROS_SPK_12	SYN_ITEM_08	SYN_LONG	192.05	50	-69.9999999999932	0.115473441108545			source_failure			missing	FALSE	SYNTHETIC_TEACHING_FIXTURE
SYN_TRAJ_096	6	SYN_PROS_SPK_12	SYN_ITEM_08	SYN_LONG	192.06	60	-60.0000000000023	0.138568129330254			source_failure			missing	FALSE	SYNTHETIC_TEACHING_FIXTURE
SYN_TRAJ_096	7	SYN_PROS_SPK_12	SYN_ITEM_08	SYN_LONG	192.07	70	-50.0000000000114	0.161662817551963			source_failure			missing	FALSE	SYNTHETIC_TEACHING_FIXTURE
SYN_TRAJ_096	8	SYN_PROS_SPK_12	SYN_ITEM_08	SYN_LONG	192.08	80	-39.999999999992	0.184757505773672			source_failure			missing	FALSE	SYNTHETIC_TEACHING_FIXTURE
SYN_TRAJ_096	9	SYN_PROS_SPK_12	SYN_ITEM_08	SYN_LONG	192.09	90	-30.0000000000011	0.207852193995381			source_failure			missing	FALSE	SYNTHETIC_TEACHING_FIXTURE
SYN_TRAJ_096	10	SYN_PROS_SPK_12	SYN_ITEM_08	SYN_LONG	192.1	100	-20.0000000000102	0.23094688221709			source_failure			missing	FALSE	SYNTHETIC_TEACHING_FIXTURE
SYN_TRAJ_096	11	SYN_PROS_SPK_12	SYN_ITEM_08	SYN_LONG	192.11	110	-9.9999999999909	0.254041570438799			source_failure			missing	FALSE	SYNTHETIC_TEACHING_FIXTURE
SYN_TRAJ_096	12	SYN_PROS_SPK_12	SYN_ITEM_08	SYN_LONG	192.12	120	0	0.277136258660508			source_failure			missing	FALSE	SYNTHETIC_TEACHING_FIXTURE
SYN_TRAJ_096	13	SYN_PROS_SPK_12	SYN_ITEM_08	SYN_LONG	192.13	130	9.9999999999909	0.300230946882217			source_failure			missing	FALSE	SYNTHETIC_TEACHING_FIXTURE
SYN_TRAJ_096	14	SYN_PROS_SPK_12	SYN_ITEM_08	SYN_LONG	192.14	140	19.9999999999818	0.323325635103926			source_failure			missing	FALSE	SYNTHETIC_TEACHING_FIXTURE
SYN_TRAJ_096	15	SYN_PROS_SPK_12	SYN_ITEM_08	SYN_LONG	192.15	150	30.0000000000011	0.346420323325635			source_failure			missing	FALSE	SYNTHETIC_TEACHING_FIXTURE
SYN_TRAJ_096	16	SYN_PROS_SPK_12	SYN_ITEM_08	SYN_LONG	192.16	160	39.999999999992	0.369515011547344			source_failure			missing	FALSE	SYNTHETIC_TEACHING_FIXTURE
SYN_TRAJ_096	17	SYN_PROS_SPK_12	SYN_ITEM_08	SYN_LONG	192.17	170	49.999999999983	0.392609699769053			source_failure			missing	FALSE	SYNTHETIC_TEACHING_FIXTURE
SYN_TRAJ_096	18	SYN_PROS_SPK_12	SYN_ITEM_08	SYN_LONG	192.18	180	60.0000000000023	0.415704387990762			source_failure			missing	FALSE	SYNTHETIC_TEACHING_FIXTURE
SYN_TRAJ_096	19	SYN_PROS_SPK_12	SYN_ITEM_08	SYN_LONG	192.19	190	69.9999999999932	0.438799076212471			source_failure			missing	FALSE	SYNTHETIC_TEACHING_FIXTURE
SYN_TRAJ_096	20	SYN_PROS_SPK_12	SYN_ITEM_08	SYN_LONG	192.2	200	79.9999999999841	0.46189376443418			source_failure			missing	FALSE	SYNTHETIC_TEACHING_FIXTURE
SYN_TRAJ_096	21	SYN_PROS_SPK_12	SYN_ITEM_08	SYN_LONG	192.21	210	90.0000000000034	0.484988452655889			source_failure			missing	FALSE	SYNTHETIC_TEACHING_FIXTURE
SYN_TRAJ_096	22	SYN_PROS_SPK_12	SYN_ITEM_08	SYN_LONG	192.22	220	99.9999999999943	0.508083140877598			source_failure			missing	FALSE	SYNTHETIC_TEACHING_FIXTURE
SYN_TRAJ_096	23	SYN_PROS_SPK_12	SYN_ITEM_08	SYN_LONG	192.23	230	109.999999999985	0.531177829099307			source_failure			missing	FALSE	SYNTHETIC_TEACHING_FIXTURE
SYN_TRAJ_096	24	SYN_PROS_SPK_12	SYN_ITEM_08	SYN_LONG	192.24	240	120.000000000005	0.554272517321016			source_failure			missing	FALSE	SYNTHETIC_TEACHING_FIXTURE
SYN_TRAJ_096	25	SYN_PROS_SPK_12	SYN_ITEM_08	SYN_LONG	192.25	250	129.999999999995	0.577367205542725			source_failure			missing	FALSE	SYNTHETIC_TEACHING_FIXTURE
SYN_TRAJ_096	26	SYN_PROS_SPK_12	SYN_ITEM_08	SYN_LONG	192.26	260	139.999999999986	0.600461893764434			source_failure			missing	FALSE	SYNTHETIC_TEACHING_FIXTURE
SYN_TRAJ_096	27	SYN_PROS_SPK_12	SYN_ITEM_08	SYN_LONG	192.27	270	150.000000000006	0.623556581986143			source_failure			missing	FALSE	SYNTHETIC_TEACHING_FIXTURE
SYN_TRAJ_096	28	SYN_PROS_SPK_12	SYN_ITEM_08	SYN_LONG	192.28	280	159.999999999997	0.646651270207852			source_failure			missing	FALSE	SYNTHETIC_TEACHING_FIXTURE
SYN_TRAJ_096	29	SYN_PROS_SPK_12	SYN_ITEM_08	SYN_LONG	192.29	290	169.999999999987	0.669745958429561			source_failure			missing	FALSE	SYNTHETIC_TEACHING_FIXTURE
SYN_TRAJ_096	30	SYN_PROS_SPK_12	SYN_ITEM_08	SYN_LONG	192.3	300	180.000000000007	0.69284064665127			source_failure			missing	FALSE	SYNTHETIC_TEACHING_FIXTURE
SYN_TRAJ_096	31	SYN_PROS_SPK_12	SYN_ITEM_08	SYN_LONG	192.31	310	189.999999999998	0.715935334872979			source_failure			missing	FALSE	SYNTHETIC_TEACHING_FIXTURE
SYN_TRAJ_096	32	SYN_PROS_SPK_12	SYN_ITEM_08	SYN_LONG	192.32	320	199.999999999989	0.739030023094688			source_failure			missing	FALSE	SYNTHETIC_TEACHING_FIXTURE
SYN_TRAJ_096	33	SYN_PROS_SPK_12	SYN_ITEM_08	SYN_LONG	192.33	330	210.000000000008	0.762124711316397			source_failure			missing	FALSE	SYNTHETIC_TEACHING_FIXTURE
SYN_TRAJ_096	34	SYN_PROS_SPK_12	SYN_ITEM_08	SYN_LONG	192.34	340	219.999999999999	0.785219399538106			source_failure			missing	FALSE	SYNTHETIC_TEACHING_FIXTURE
SYN_TRAJ_096	35	SYN_PROS_SPK_12	SYN_ITEM_08	SYN_LONG	192.35	350	229.99999999999	0.808314087759815			source_failure			missing	FALSE	SYNTHETIC_TEACHING_FIXTURE
SYN_TRAJ_096	36	SYN_PROS_SPK_12	SYN_ITEM_08	SYN_LONG	192.36	360	240.000000000009	0.831408775981524			source_failure			missing	FALSE	SYNTHETIC_TEACHING_FIXTURE
SYN_TRAJ_096	37	SYN_PROS_SPK_12	SYN_ITEM_08	SYN_LONG	192.37	370	250	0.854503464203233			source_failure			missing	FALSE	SYNTHETIC_TEACHING_FIXTURE
SYN_TRAJ_096	38	SYN_PROS_SPK_12	SYN_ITEM_08	SYN_LONG	192.38	380	259.999999999991	0.877598152424942			source_failure			missing	FALSE	SYNTHETIC_TEACHING_FIXTURE
SYN_TRAJ_096	39	SYN_PROS_SPK_12	SYN_ITEM_08	SYN_LONG	192.39	390	269.999999999982	0.900692840646651			source_failure			missing	FALSE	SYNTHETIC_TEACHING_FIXTURE
SYN_TRAJ_096	40	SYN_PROS_SPK_12	SYN_ITEM_08	SYN_LONG	192.4	400	280.000000000001	0.92378752886836			source_failure			missing	FALSE	SYNTHETIC_TEACHING_FIXTURE
SYN_TRAJ_096	41	SYN_PROS_SPK_12	SYN_ITEM_08	SYN_LONG	192.41	410	289.999999999992	0.946882217090069			source_failure			missing	FALSE	SYNTHETIC_TEACHING_FIXTURE
SYN_TRAJ_096	42	SYN_PROS_SPK_12	SYN_ITEM_08	SYN_LONG	192.42	420	299.999999999983	0.969976905311778			source_failure			missing	FALSE	SYNTHETIC_TEACHING_FIXTURE
SYN_TRAJ_096	43	SYN_PROS_SPK_12	SYN_ITEM_08	SYN_LONG	192.43	430	310.000000000002	0.993071593533487			source_failure			missing	FALSE	SYNTHETIC_TEACHING_FIXTURE
