source_hit_id	source_token_id	corpus_id	corpus_version	recording_id	speaker_id	session_id	conversation_id	item_id	condition_id	region	style	era	query_term	context_eligible	signal_available	measurement_success	quality_approved	metadata_complete	source_interval_start_s	source_interval_end_s	data_status
HIT_0001	SYN_TOKEN_0001	SYN_CORPUS_A	SYN_1.0	REC_01	SYN_CORP_SPK_01	SESSION_01	CONV_01	ITEM_01	SYN_C1	north	casual	2010s	SYN_TARGET	true	true	true	true	true	0.75	0.928	SYNTHETIC_TEACHING_FIXTURE
HIT_0002	SYN_TOKEN_0002	SYN_CORPUS_A	SYN_1.0	REC_01	SYN_CORP_SPK_01	SESSION_01	CONV_01	ITEM_02	SYN_C2	north	casual	2010s	SYN_TARGET	true	true	true	true	true	1.5	1.581	SYNTHETIC_TEACHING_FIXTURE
HIT_0003	SYN_TOKEN_0003	SYN_CORPUS_A	SYN_1.0	REC_01	SYN_CORP_SPK_01	SESSION_01	CONV_01	ITEM_03	SYN_C1	north	casual	2010s	SYN_TARGET	true	true	true	true	true	2.25	2.349	SYNTHETIC_TEACHING_FIXTURE
HIT_0004	SYN_TOKEN_0004	SYN_CORPUS_A	SYN_1.0	REC_01	SYN_CORP_SPK_01	SESSION_01	CONV_01	ITEM_04	SYN_C2	north	casual	2010s	SYN_TARGET	true	true	true	true	true	3.0	3.181	SYNTHETIC_TEACHING_FIXTURE
HIT_0005	SYN_TOKEN_0005	SYN_CORPUS_A	SYN_1.0	REC_01	SYN_CORP_SPK_01	SESSION_01	CONV_01	ITEM_05	SYN_C1	north	casual	2010s	SYN_TARGET	true	true	true	true	true	3.75	3.924	SYNTHETIC_TEACHING_FIXTURE
HIT_0006	SYN_TOKEN_0006	SYN_CORPUS_A	SYN_1.0	REC_01	SYN_CORP_SPK_01	SESSION_01	CONV_01	ITEM_06	SYN_C2	north	casual	2010s	SYN_TARGET	true	true	true	true	true	4.5	4.654	SYNTHETIC_TEACHING_FIXTURE
HIT_0007	SYN_TOKEN_0007	SYN_CORPUS_A	SYN_1.0	REC_01	SYN_CORP_SPK_01	SESSION_01	CONV_01	ITEM_07	SYN_C1	north	casual	2010s	SYN_TARGET	true	true	true	true	true	5.25	5.419	SYNTHETIC_TEACHING_FIXTURE
HIT_0008	SYN_TOKEN_0008	SYN_CORPUS_A	SYN_1.0	REC_01	SYN_CORP_SPK_01	SESSION_01	CONV_01	ITEM_08	SYN_C2	north	casual	2010s	SYN_TARGET	true	true	true	true	true	6.0	6.093	SYNTHETIC_TEACHING_FIXTURE
HIT_0009	SYN_TOKEN_0009	SYN_CORPUS_A	SYN_1.0	REC_01	SYN_CORP_SPK_01	SESSION_01	CONV_01	ITEM_09	SYN_C1	north	casual	2010s	SYN_TARGET	true	true	true	true	true	6.75	6.966	SYNTHETIC_TEACHING_FIXTURE
HIT_0010	SYN_TOKEN_0010	SYN_CORPUS_A	SYN_1.0	REC_01	SYN_CORP_SPK_01	SESSION_01	CONV_01	ITEM_10	SYN_C2	north	casual	2010s	SYN_TARGET	true	true	true	true	true	7.5	7.666	SYNTHETIC_TEACHING_FIXTURE
HIT_0011	SYN_TOKEN_0011	SYN_CORPUS_A	SYN_1.0	REC_01	SYN_CORP_SPK_01	SESSION_01	CONV_01	ITEM_11	SYN_C1	north	casual	2010s	SYN_TARGET	true	true	true	true	true	8.25	8.404	SYNTHETIC_TEACHING_FIXTURE
HIT_0012	SYN_TOKEN_0012	SYN_CORPUS_A	SYN_1.0	REC_01	SYN_CORP_SPK_01	SESSION_01	CONV_01	ITEM_12	SYN_C2	north	casual	2010s	SYN_TARGET	true	true	true	true	true	9.0	9.105	SYNTHETIC_TEACHING_FIXTURE
HIT_0013	SYN_TOKEN_0013	SYN_CORPUS_A	SYN_1.0	REC_01	SYN_CORP_SPK_01	SESSION_01	CONV_01	ITEM_13	SYN_C1	north	casual	2010s	SYN_TARGET	false	true	true	true	true	9.75	9.956	SYNTHETIC_TEACHING_FIXTURE
HIT_0014	SYN_TOKEN_0014	SYN_CORPUS_A	SYN_1.0	REC_01	SYN_CORP_SPK_01	SESSION_01	CONV_01	ITEM_14	SYN_C2	north	casual	2010s	SYN_TARGET	true	true	true	true	true	10.5	10.627	SYNTHETIC_TEACHING_FIXTURE
HIT_0015	SYN_TOKEN_0015	SYN_CORPUS_A	SYN_1.0	REC_01	SYN_CORP_SPK_01	SESSION_01	CONV_01	ITEM_15	SYN_C1	north	casual	2010s	SYN_TARGET	true	true	true	true	true	11.25	11.417	SYNTHETIC_TEACHING_FIXTURE
HIT_0015_DUP	SYN_TOKEN_0015	SYN_CORPUS_A	SYN_1.0	REC_01	SYN_CORP_SPK_01	SESSION_01	CONV_01	ITEM_15	SYN_C1	north	casual	2010s	SYN_TARGET	true	true	true	true	true	11.251	11.417	SYNTHETIC_TEACHING_FIXTURE
HIT_0016	SYN_TOKEN_0016	SYN_CORPUS_A	SYN_1.0	REC_01	SYN_CORP_SPK_01	SESSION_01	CONV_01	ITEM_16	SYN_C2	north	casual	2010s	SYN_TARGET	true	true	true	true	true	12.0	12.118	SYNTHETIC_TEACHING_FIXTURE
HIT_0017	SYN_TOKEN_0017	SYN_CORPUS_A	SYN_1.0	REC_01	SYN_CORP_SPK_01	SESSION_01	CONV_01	ITEM_17	SYN_C1	north	casual	2010s	SYN_TARGET	true	false	false	false	true	12.75	12.938	SYNTHETIC_TEACHING_FIXTURE
HIT_0018	SYN_TOKEN_0018	SYN_CORPUS_A	SYN_1.0	REC_01	SYN_CORP_SPK_01	SESSION_01	CONV_01	ITEM_18	SYN_C2	north	casual	2010s	SYN_TARGET	true	true	true	true	true	13.5	13.642	SYNTHETIC_TEACHING_FIXTURE
HIT_0019	SYN_TOKEN_0019	SYN_CORPUS_A	SYN_1.0	REC_01	SYN_CORP_SPK_01	SESSION_01	CONV_01	ITEM_19	SYN_C1	north	casual	2010s	SYN_TARGET	true	true	false	false	true	14.25	14.346	SYNTHETIC_TEACHING_FIXTURE
HIT_0020	SYN_TOKEN_0020	SYN_CORPUS_A	SYN_1.0	REC_01	SYN_CORP_SPK_01	SESSION_01	CONV_01	ITEM_20	SYN_C2	north	casual	2010s	SYN_TARGET	true	true	true	true	true	15.0	15.146	SYNTHETIC_TEACHING_FIXTURE
HIT_0021	SYN_TOKEN_0021	SYN_CORPUS_A	SYN_1.0	REC_02	SYN_CORP_SPK_02	SESSION_02	CONV_01	ITEM_01	SYN_C1	north	interview	2010s	SYN_TARGET	true	true	true	true	true	15.75	15.886	SYNTHETIC_TEACHING_FIXTURE
HIT_0022	SYN_TOKEN_0022	SYN_CORPUS_A	SYN_1.0	REC_02	SYN_CORP_SPK_02	SESSION_02	CONV_01	ITEM_02	SYN_C2	north	interview	2010s	SYN_TARGET	true	true	true	true	true	16.5	16.66	SYNTHETIC_TEACHING_FIXTURE
HIT_0023	SYN_TOKEN_0023	SYN_CORPUS_A	SYN_1.0	REC_02	SYN_CORP_SPK_02	SESSION_02	CONV_01	ITEM_03	SYN_C1	north	interview	2010s	SYN_TARGET	true	true	true	true	true	17.25	17.447	SYNTHETIC_TEACHING_FIXTURE
HIT_0024	SYN_TOKEN_0024	SYN_CORPUS_A	SYN_1.0	REC_02	SYN_CORP_SPK_02	SESSION_02	CONV_01	ITEM_04	SYN_C2	north	interview	2010s	SYN_TARGET	true	true	true	true	true	18.0	18.121	SYNTHETIC_TEACHING_FIXTURE
HIT_0025	SYN_TOKEN_0025	SYN_CORPUS_A	SYN_1.0	REC_02	SYN_CORP_SPK_02	SESSION_02	CONV_01	ITEM_05	SYN_C1	north	interview	2010s	SYN_TARGET	true	true	true	true	true	18.75	18.859	SYNTHETIC_TEACHING_FIXTURE
HIT_0026	SYN_TOKEN_0026	SYN_CORPUS_A	SYN_1.0	REC_02	SYN_CORP_SPK_02	SESSION_02	CONV_01	ITEM_06	SYN_C2	north	interview	2010s	SYN_TARGET	true	true	true	true	true	19.5	19.625	SYNTHETIC_TEACHING_FIXTURE
HIT_0027	SYN_TOKEN_0027	SYN_CORPUS_A	SYN_1.0	REC_02	SYN_CORP_SPK_02	SESSION_02	CONV_01	ITEM_07	SYN_C1	north	interview	2010s	SYN_TARGET	true	true	true	true	true	20.25	20.341	SYNTHETIC_TEACHING_FIXTURE
HIT_0028	SYN_TOKEN_0028	SYN_CORPUS_A	SYN_1.0	REC_02	SYN_CORP_SPK_02	SESSION_02	CONV_01	ITEM_08	SYN_C2	north	interview	2010s	SYN_TARGET	true	true	true	true	true	21.0	21.145	SYNTHETIC_TEACHING_FIXTURE
HIT_0029	SYN_TOKEN_0029	SYN_CORPUS_A	SYN_1.0	REC_02	SYN_CORP_SPK_02	SESSION_02	CONV_01	ITEM_09	SYN_C1	north	interview	2010s	SYN_TARGET	true	true	true	true	true	21.75	21.937	SYNTHETIC_TEACHING_FIXTURE
HIT_0030	SYN_TOKEN_0030	SYN_CORPUS_A	SYN_1.0	REC_02	SYN_CORP_SPK_02	SESSION_02	CONV_01	ITEM_10	SYN_C2	north	interview	2010s	SYN_TARGET	true	true	true	true	true	22.5	22.593	SYNTHETIC_TEACHING_FIXTURE
HIT_0030_DUP	SYN_TOKEN_0030	SYN_CORPUS_A	SYN_1.0	REC_02	SYN_CORP_SPK_02	SESSION_02	CONV_01	ITEM_10	SYN_C2	north	interview	2010s	SYN_TARGET	true	true	true	true	true	22.501	22.593	SYNTHETIC_TEACHING_FIXTURE
HIT_0031	SYN_TOKEN_0031	SYN_CORPUS_A	SYN_1.0	REC_02	SYN_CORP_SPK_02	SESSION_02	CONV_01	ITEM_11	SYN_C1	north	interview	2010s	SYN_TARGET	true	true	true	true	true	23.25	23.337	SYNTHETIC_TEACHING_FIXTURE
HIT_0032	SYN_TOKEN_0032	SYN_CORPUS_A	SYN_1.0	REC_02	SYN_CORP_SPK_02	SESSION_02	CONV_01	ITEM_12	SYN_C2	north	interview	2010s	SYN_TARGET	true	true	true	true	true	24.0	24.143	SYNTHETIC_TEACHING_FIXTURE
HIT_0033	SYN_TOKEN_0033	SYN_CORPUS_A	SYN_1.0	REC_02	SYN_CORP_SPK_02	SESSION_02	CONV_01	ITEM_13	SYN_C1	north	interview	2010s	SYN_TARGET	false	true	true	true	true	24.75	24.892	SYNTHETIC_TEACHING_FIXTURE
HIT_0034	SYN_TOKEN_0034	SYN_CORPUS_A	SYN_1.0	REC_02	SYN_CORP_SPK_02	SESSION_02	CONV_01	ITEM_14	SYN_C2	north	interview	2010s	SYN_TARGET	true	true	true	true	true	25.5	25.595	SYNTHETIC_TEACHING_FIXTURE
HIT_0035	SYN_TOKEN_0035	SYN_CORPUS_A	SYN_1.0	REC_02	SYN_CORP_SPK_02	SESSION_02	CONV_01	ITEM_15	SYN_C1	north	interview	2010s	SYN_TARGET	true	true	true	true	true	26.25	26.446	SYNTHETIC_TEACHING_FIXTURE
HIT_0036	SYN_TOKEN_0036	SYN_CORPUS_A	SYN_1.0	REC_02	SYN_CORP_SPK_02	SESSION_02	CONV_01	ITEM_16	SYN_C2	north	interview	2010s	SYN_TARGET	true	true	true	true	true	27.0	27.18	SYNTHETIC_TEACHING_FIXTURE
HIT_0037	SYN_TOKEN_0037	SYN_CORPUS_A	SYN_1.0	REC_02	SYN_CORP_SPK_02	SESSION_02	CONV_01	ITEM_17	SYN_C1	north	interview	2010s	SYN_TARGET	true	false	false	false	true	27.75	27.849	SYNTHETIC_TEACHING_FIXTURE
HIT_0038	SYN_TOKEN_0038	SYN_CORPUS_A	SYN_1.0	REC_02	SYN_CORP_SPK_02	SESSION_02	CONV_01	ITEM_18	SYN_C2	north	interview	2010s	SYN_TARGET	true	true	true	true	true	28.5	28.677	SYNTHETIC_TEACHING_FIXTURE
HIT_0039	SYN_TOKEN_0039	SYN_CORPUS_A	SYN_1.0	REC_02	SYN_CORP_SPK_02	SESSION_02	CONV_01	ITEM_19	SYN_C1	north	interview	2010s	SYN_TARGET	true	true	false	false	true	29.25	29.384	SYNTHETIC_TEACHING_FIXTURE
HIT_0040	SYN_TOKEN_0040	SYN_CORPUS_A	SYN_1.0	REC_02	SYN_CORP_SPK_02	SESSION_02	CONV_01	ITEM_20	SYN_C2	north	interview	2010s	SYN_TARGET	true	true	true	true	true	30.0	30.201	SYNTHETIC_TEACHING_FIXTURE
HIT_0041	SYN_TOKEN_0041	SYN_CORPUS_A	SYN_1.0	REC_03	SYN_CORP_SPK_03	SESSION_03	CONV_02	ITEM_01	SYN_C1	south	casual	2010s	SYN_TARGET	true	true	true	true	true	30.75	30.902	SYNTHETIC_TEACHING_FIXTURE
HIT_0042	SYN_TOKEN_0042	SYN_CORPUS_A	SYN_1.0	REC_03	SYN_CORP_SPK_03	SESSION_03	CONV_02	ITEM_02	SYN_C2	south	casual	2010s	SYN_TARGET	true	true	true	true	true	31.5	31.582	SYNTHETIC_TEACHING_FIXTURE
HIT_0043	SYN_TOKEN_0043	SYN_CORPUS_A	SYN_1.0	REC_03	SYN_CORP_SPK_03	SESSION_03	CONV_02	ITEM_03	SYN_C1	south	casual	2010s	SYN_TARGET	true	true	true	true	true	32.25	32.43	SYNTHETIC_TEACHING_FIXTURE
HIT_0044	SYN_TOKEN_0044	SYN_CORPUS_A	SYN_1.0	REC_03	SYN_CORP_SPK_03	SESSION_03	CONV_02	ITEM_04	SYN_C2	south	casual	2010s	SYN_TARGET	true	true	true	true	true	33.0	33.116	SYNTHETIC_TEACHING_FIXTURE
HIT_0045	SYN_TOKEN_0045	SYN_CORPUS_A	SYN_1.0	REC_03	SYN_CORP_SPK_03	SESSION_03	CONV_02	ITEM_05	SYN_C1	south	casual	2010s	SYN_TARGET	true	true	true	true	true	33.75	33.906	SYNTHETIC_TEACHING_FIXTURE
HIT_0045_DUP	SYN_TOKEN_0045	SYN_CORPUS_A	SYN_1.0	REC_03	SYN_CORP_SPK_03	SESSION_03	CONV_02	ITEM_05	SYN_C1	south	casual	2010s	SYN_TARGET	true	true	true	true	true	33.751	33.906	SYNTHETIC_TEACHING_FIXTURE
HIT_0046	SYN_TOKEN_0046	SYN_CORPUS_A	SYN_1.0	REC_03	SYN_CORP_SPK_03	SESSION_03	CONV_02	ITEM_06	SYN_C2	south	casual	2010s	SYN_TARGET	true	true	true	true	true	34.5	34.608	SYNTHETIC_TEACHING_FIXTURE
HIT_0047	SYN_TOKEN_0047	SYN_CORPUS_A	SYN_1.0	REC_03	SYN_CORP_SPK_03	SESSION_03	CONV_02	ITEM_07	SYN_C1	south	casual	2010s	SYN_TARGET	true	true	true	true	true	35.25	35.457	SYNTHETIC_TEACHING_FIXTURE
HIT_0048	SYN_TOKEN_0048	SYN_CORPUS_A	SYN_1.0	REC_03	SYN_CORP_SPK_03	SESSION_03	CONV_02	ITEM_08	SYN_C2	south	casual	2010s	SYN_TARGET	true	true	true	true	true	36.0	36.173	SYNTHETIC_TEACHING_FIXTURE
HIT_0049	SYN_TOKEN_0049	SYN_CORPUS_A	SYN_1.0	REC_03	SYN_CORP_SPK_03	SESSION_03	CONV_02	ITEM_09	SYN_C1	south	casual	2010s	SYN_TARGET	true	true	true	true	true	36.75	36.949	SYNTHETIC_TEACHING_FIXTURE
HIT_0050	SYN_TOKEN_0050	SYN_CORPUS_A	SYN_1.0	REC_03	SYN_CORP_SPK_03	SESSION_03	CONV_02	ITEM_10	SYN_C2	south	casual	2010s	SYN_TARGET	true	true	true	true	true	37.5	37.646	SYNTHETIC_TEACHING_FIXTURE
HIT_0051	SYN_TOKEN_0051	SYN_CORPUS_A	SYN_1.0	REC_03	SYN_CORP_SPK_03	SESSION_03	CONV_02	ITEM_11	SYN_C1	south	casual	2010s	SYN_TARGET	true	true	true	true	true	38.25	38.384	SYNTHETIC_TEACHING_FIXTURE
HIT_0052	SYN_TOKEN_0052	SYN_CORPUS_A	SYN_1.0	REC_03	SYN_CORP_SPK_03	SESSION_03	CONV_02	ITEM_12	SYN_C2	south	casual	2010s	SYN_TARGET	true	true	true	true	true	39.0	39.135	SYNTHETIC_TEACHING_FIXTURE
HIT_0053	SYN_TOKEN_0053	SYN_CORPUS_A	SYN_1.0	REC_03	SYN_CORP_SPK_03	SESSION_03	CONV_02	ITEM_13	SYN_C1	south	casual	2010s	SYN_TARGET	false	true	true	true	true	39.75	39.852	SYNTHETIC_TEACHING_FIXTURE
HIT_0054	SYN_TOKEN_0054	SYN_CORPUS_A	SYN_1.0	REC_03	SYN_CORP_SPK_03	SESSION_03	CONV_02	ITEM_14	SYN_C2	south	casual	2010s	SYN_TARGET	true	true	true	true	true	40.5	40.704	SYNTHETIC_TEACHING_FIXTURE
HIT_0055	SYN_TOKEN_0055	SYN_CORPUS_A	SYN_1.0	REC_03	SYN_CORP_SPK_03	SESSION_03	CONV_02	ITEM_15	SYN_C1	south	casual	2010s	SYN_TARGET	true	true	true	true	true	41.25	41.375	SYNTHETIC_TEACHING_FIXTURE
HIT_0056	SYN_TOKEN_0056	SYN_CORPUS_A	SYN_1.0	REC_03	SYN_CORP_SPK_03	SESSION_03	CONV_02	ITEM_16	SYN_C2	south	casual	2010s	SYN_TARGET	true	true	true	true	true	42.0	42.198	SYNTHETIC_TEACHING_FIXTURE
HIT_0057	SYN_TOKEN_0057	SYN_CORPUS_A	SYN_1.0	REC_03	SYN_CORP_SPK_03	SESSION_03	CONV_02	ITEM_17	SYN_C1	south	casual	2010s	SYN_TARGET	true	false	false	false	true	42.75	42.957	SYNTHETIC_TEACHING_FIXTURE
HIT_0058	SYN_TOKEN_0058	SYN_CORPUS_A	SYN_1.0	REC_03	SYN_CORP_SPK_03	SESSION_03	CONV_02	ITEM_18	SYN_C2	south	casual	2010s	SYN_TARGET	true	true	true	true	true	43.5	43.655	SYNTHETIC_TEACHING_FIXTURE
HIT_0059	SYN_TOKEN_0059	SYN_CORPUS_A	SYN_1.0	REC_03	SYN_CORP_SPK_03	SESSION_03	CONV_02	ITEM_19	SYN_C1	south	casual	2010s	SYN_TARGET	true	true	false	false	true	44.25	44.457	SYNTHETIC_TEACHING_FIXTURE
HIT_0060	SYN_TOKEN_0060	SYN_CORPUS_A	SYN_1.0	REC_03	SYN_CORP_SPK_03	SESSION_03	CONV_02	ITEM_20	SYN_C2	south	casual	2010s	SYN_TARGET	true	true	true	true	true	45.0	45.214	SYNTHETIC_TEACHING_FIXTURE
HIT_0060_DUP	SYN_TOKEN_0060	SYN_CORPUS_A	SYN_1.0	REC_03	SYN_CORP_SPK_03	SESSION_03	CONV_02	ITEM_20	SYN_C2	south	casual	2010s	SYN_TARGET	true	true	true	true	true	45.001	45.214	SYNTHETIC_TEACHING_FIXTURE
HIT_0061	SYN_TOKEN_0061	SYN_CORPUS_A	SYN_1.0	REC_04	SYN_CORP_SPK_04	SESSION_04	CONV_02	ITEM_01	SYN_C1	north	interview	2010s	SYN_TARGET	true	true	true	true	true	45.75	45.857	SYNTHETIC_TEACHING_FIXTURE
HIT_0062	SYN_TOKEN_0062	SYN_CORPUS_A	SYN_1.0	REC_04	SYN_CORP_SPK_04	SESSION_04	CONV_02	ITEM_02	SYN_C2	north	interview	2010s	SYN_TARGET	true	true	true	true	true	46.5	46.69	SYNTHETIC_TEACHING_FIXTURE
HIT_0063	SYN_TOKEN_0063	SYN_CORPUS_A	SYN_1.0	REC_04	SYN_CORP_SPK_04	SESSION_04	CONV_02	ITEM_03	SYN_C1	north	interview	2010s	SYN_TARGET	true	true	true	true	true	47.25	47.34	SYNTHETIC_TEACHING_FIXTURE
HIT_0064	SYN_TOKEN_0064	SYN_CORPUS_A	SYN_1.0	REC_04	SYN_CORP_SPK_04	SESSION_04	CONV_02	ITEM_04	SYN_C2	north	interview	2010s	SYN_TARGET	true	true	true	true	true	48.0	48.125	SYNTHETIC_TEACHING_FIXTURE
HIT_0065	SYN_TOKEN_0065	SYN_CORPUS_A	SYN_1.0	REC_04	SYN_CORP_SPK_04	SESSION_04	CONV_02	ITEM_05	SYN_C1	north	interview	2010s	SYN_TARGET	true	true	true	true	true	48.75	48.892	SYNTHETIC_TEACHING_FIXTURE
HIT_0066	SYN_TOKEN_0066	SYN_CORPUS_A	SYN_1.0	REC_04	SYN_CORP_SPK_04	SESSION_04	CONV_02	ITEM_06	SYN_C2	north	interview	2010s	SYN_TARGET	true	true	true	true	true	49.5	49.7	SYNTHETIC_TEACHING_FIXTURE
HIT_0067	SYN_TOKEN_0067	SYN_CORPUS_A	SYN_1.0	REC_04	SYN_CORP_SPK_04	SESSION_04	CONV_02	ITEM_07	SYN_C1	north	interview	2010s	SYN_TARGET	true	true	true	true	true	50.25	50.367	SYNTHETIC_TEACHING_FIXTURE
HIT_0068	SYN_TOKEN_0068	SYN_CORPUS_A	SYN_1.0	REC_04	SYN_CORP_SPK_04	SESSION_04	CONV_02	ITEM_08	SYN_C2	north	interview	2010s	SYN_TARGET	true	true	true	true	true	51.0	51.128	SYNTHETIC_TEACHING_FIXTURE
HIT_0069	SYN_TOKEN_0069	SYN_CORPUS_A	SYN_1.0	REC_04	SYN_CORP_SPK_04	SESSION_04	CONV_02	ITEM_09	SYN_C1	north	interview	2010s	SYN_TARGET	true	true	true	true	true	51.75	51.881	SYNTHETIC_TEACHING_FIXTURE
HIT_0070	SYN_TOKEN_0070	SYN_CORPUS_A	SYN_1.0	REC_04	SYN_CORP_SPK_04	SESSION_04	CONV_02	ITEM_10	SYN_C2	north	interview	2010s	SYN_TARGET	true	true	true	true	true	52.5	52.658	SYNTHETIC_TEACHING_FIXTURE
HIT_0071	SYN_TOKEN_0071	SYN_CORPUS_A	SYN_1.0	REC_04	SYN_CORP_SPK_04	SESSION_04	CONV_02	ITEM_11	SYN_C1	north	interview	2010s	SYN_TARGET	true	true	true	true	true	53.25	53.353	SYNTHETIC_TEACHING_FIXTURE
HIT_0072	SYN_TOKEN_0072	SYN_CORPUS_A	SYN_1.0	REC_04	SYN_CORP_SPK_04	SESSION_04	CONV_02	ITEM_12	SYN_C2	north	interview	2010s	SYN_TARGET	true	true	true	true	true	54.0	54.191	SYNTHETIC_TEACHING_FIXTURE
HIT_0073	SYN_TOKEN_0073	SYN_CORPUS_A	SYN_1.0	REC_04	SYN_CORP_SPK_04	SESSION_04	CONV_02	ITEM_13	SYN_C1	north	interview	2010s	SYN_TARGET	false	true	true	true	true	54.75	54.899	SYNTHETIC_TEACHING_FIXTURE
HIT_0074	SYN_TOKEN_0074	SYN_CORPUS_A	SYN_1.0	REC_04	SYN_CORP_SPK_04	SESSION_04	CONV_02	ITEM_14	SYN_C2	north	interview	2010s	SYN_TARGET	true	true	true	true	true	55.5	55.67	SYNTHETIC_TEACHING_FIXTURE
HIT_0075	SYN_TOKEN_0075	SYN_CORPUS_A	SYN_1.0	REC_04	SYN_CORP_SPK_04	SESSION_04	CONV_02	ITEM_15	SYN_C1	north	interview	2010s	SYN_TARGET	true	true	true	true	true	56.25	56.438	SYNTHETIC_TEACHING_FIXTURE
HIT_0075_DUP	SYN_TOKEN_0075	SYN_CORPUS_A	SYN_1.0	REC_04	SYN_CORP_SPK_04	SESSION_04	CONV_02	ITEM_15	SYN_C1	north	interview	2010s	SYN_TARGET	true	true	true	true	true	56.251	56.438	SYNTHETIC_TEACHING_FIXTURE
HIT_0076	SYN_TOKEN_0076	SYN_CORPUS_A	SYN_1.0	REC_04	SYN_CORP_SPK_04	SESSION_04	CONV_02	ITEM_16	SYN_C2	north	interview	2010s	SYN_TARGET	true	true	true	true	true	57.0	57.205	SYNTHETIC_TEACHING_FIXTURE
HIT_0077	SYN_TOKEN_0077	SYN_CORPUS_A	SYN_1.0	REC_04	SYN_CORP_SPK_04	SESSION_04	CONV_02	ITEM_17	SYN_C1	north	interview	2010s	SYN_TARGET	true	false	false	false	true	57.75	57.881	SYNTHETIC_TEACHING_FIXTURE
HIT_0078	SYN_TOKEN_0078	SYN_CORPUS_A	SYN_1.0	REC_04	SYN_CORP_SPK_04	SESSION_04	CONV_02	ITEM_18	SYN_C2	north	interview	2010s	SYN_TARGET	true	true	true	true	true	58.5	58.618	SYNTHETIC_TEACHING_FIXTURE
HIT_0079	SYN_TOKEN_0079	SYN_CORPUS_A	SYN_1.0	REC_04	SYN_CORP_SPK_04	SESSION_04	CONV_02	ITEM_19	SYN_C1	north	interview	2010s	SYN_TARGET	true	true	false	false	true	59.25	59.343	SYNTHETIC_TEACHING_FIXTURE
HIT_0080	SYN_TOKEN_0080	SYN_CORPUS_A	SYN_1.0	REC_04	SYN_CORP_SPK_04	SESSION_04	CONV_02	ITEM_20	SYN_C2	north	interview	2010s	SYN_TARGET	true	true	true	true	true	60.0	60.212	SYNTHETIC_TEACHING_FIXTURE
HIT_0081	SYN_TOKEN_0081	SYN_CORPUS_A	SYN_1.0	REC_05	SYN_CORP_SPK_05	SESSION_05	CONV_03	ITEM_01	SYN_C1	north	casual	2010s	SYN_TARGET	true	true	true	true	true	60.75	60.896	SYNTHETIC_TEACHING_FIXTURE
HIT_0082	SYN_TOKEN_0082	SYN_CORPUS_A	SYN_1.0	REC_05	SYN_CORP_SPK_05	SESSION_05	CONV_03	ITEM_02	SYN_C2	north	casual	2010s	SYN_TARGET	true	true	true	true	true	61.5	61.654	SYNTHETIC_TEACHING_FIXTURE
HIT_0083	SYN_TOKEN_0083	SYN_CORPUS_A	SYN_1.0	REC_05	SYN_CORP_SPK_05	SESSION_05	CONV_03	ITEM_03	SYN_C1	north	casual	2010s	SYN_TARGET	true	true	true	true	true	62.25	62.414	SYNTHETIC_TEACHING_FIXTURE
HIT_0084	SYN_TOKEN_0084	SYN_CORPUS_A	SYN_1.0	REC_05	SYN_CORP_SPK_05	SESSION_05	CONV_03	ITEM_04	SYN_C2	north	casual	2010s	SYN_TARGET	true	true	true	true	true	63.0	63.1	SYNTHETIC_TEACHING_FIXTURE
HIT_0085	SYN_TOKEN_0085	SYN_CORPUS_A	SYN_1.0	REC_05	SYN_CORP_SPK_05	SESSION_05	CONV_03	ITEM_05	SYN_C1	north	casual	2010s	SYN_TARGET	true	true	true	true	true	63.75	63.93	SYNTHETIC_TEACHING_FIXTURE
HIT_0086	SYN_TOKEN_0086	SYN_CORPUS_A	SYN_1.0	REC_05	SYN_CORP_SPK_05	SESSION_05	CONV_03	ITEM_06	SYN_C2	north	casual	2010s	SYN_TARGET	true	true	true	true	true	64.5	64.597	SYNTHETIC_TEACHING_FIXTURE
HIT_0087	SYN_TOKEN_0087	SYN_CORPUS_A	SYN_1.0	REC_05	SYN_CORP_SPK_05	SESSION_05	CONV_03	ITEM_07	SYN_C1	north	casual	2010s	SYN_TARGET	true	true	true	true	true	65.25	65.343	SYNTHETIC_TEACHING_FIXTURE
HIT_0088	SYN_TOKEN_0088	SYN_CORPUS_A	SYN_1.0	REC_05	SYN_CORP_SPK_05	SESSION_05	CONV_03	ITEM_08	SYN_C2	north	casual	2010s	SYN_TARGET	true	true	true	true	true	66.0	66.096	SYNTHETIC_TEACHING_FIXTURE
HIT_0089	SYN_TOKEN_0089	SYN_CORPUS_A	SYN_1.0	REC_05	SYN_CORP_SPK_05	SESSION_05	CONV_03	ITEM_09	SYN_C1	north	casual	2010s	SYN_TARGET	true	true	true	true	true	66.75	66.841	SYNTHETIC_TEACHING_FIXTURE
HIT_0090	SYN_TOKEN_0090	SYN_CORPUS_A	SYN_1.0	REC_05	SYN_CORP_SPK_05	SESSION_05	CONV_03	ITEM_10	SYN_C2	north	casual	2010s	SYN_TARGET	true	true	true	true	true	67.5	67.661	SYNTHETIC_TEACHING_FIXTURE
HIT_0090_DUP	SYN_TOKEN_0090	SYN_CORPUS_A	SYN_1.0	REC_05	SYN_CORP_SPK_05	SESSION_05	CONV_03	ITEM_10	SYN_C2	north	casual	2010s	SYN_TARGET	true	true	true	true	true	67.501	67.661	SYNTHETIC_TEACHING_FIXTURE
HIT_0091	SYN_TOKEN_0091	SYN_CORPUS_A	SYN_1.0	REC_05	SYN_CORP_SPK_05	SESSION_05	CONV_03	ITEM_11	SYN_C1	north	casual	2010s	SYN_TARGET	true	true	true	true	true	68.25	68.404	SYNTHETIC_TEACHING_FIXTURE
HIT_0092	SYN_TOKEN_0092	SYN_CORPUS_A	SYN_1.0	REC_05	SYN_CORP_SPK_05	SESSION_05	CONV_03	ITEM_12	SYN_C2	north	casual	2010s	SYN_TARGET	true	true	true	true	true	69.0	69.142	SYNTHETIC_TEACHING_FIXTURE
HIT_0093	SYN_TOKEN_0093	SYN_CORPUS_A	SYN_1.0	REC_05	SYN_CORP_SPK_05	SESSION_05	CONV_03	ITEM_13	SYN_C1	north	casual	2010s	SYN_TARGET	false	true	true	true	true	69.75	69.831	SYNTHETIC_TEACHING_FIXTURE
HIT_0094	SYN_TOKEN_0094	SYN_CORPUS_A	SYN_1.0	REC_05	SYN_CORP_SPK_05	SESSION_05	CONV_03	ITEM_14	SYN_C2	north	casual	2010s	SYN_TARGET	true	true	true	true	true	70.5	70.629	SYNTHETIC_TEACHING_FIXTURE
HIT_0095	SYN_TOKEN_0095	SYN_CORPUS_A	SYN_1.0	REC_05	SYN_CORP_SPK_05	SESSION_05	CONV_03	ITEM_15	SYN_C1	north	casual	2010s	SYN_TARGET	true	true	true	true	true	71.25	71.343	SYNTHETIC_TEACHING_FIXTURE
HIT_0096	SYN_TOKEN_0096	SYN_CORPUS_A	SYN_1.0	REC_05	SYN_CORP_SPK_05	SESSION_05	CONV_03	ITEM_16	SYN_C2	north	casual	2010s	SYN_TARGET	true	true	true	true	true	72.0	72.101	SYNTHETIC_TEACHING_FIXTURE
HIT_0097	SYN_TOKEN_0097	SYN_CORPUS_A	SYN_1.0	REC_05	SYN_CORP_SPK_05	SESSION_05	CONV_03	ITEM_17	SYN_C1	north	casual	2010s	SYN_TARGET	true	false	false	false	true	72.75	72.868	SYNTHETIC_TEACHING_FIXTURE
HIT_0098	SYN_TOKEN_0098	SYN_CORPUS_A	SYN_1.0	REC_05	SYN_CORP_SPK_05	SESSION_05	CONV_03	ITEM_18	SYN_C2	north	casual	2010s	SYN_TARGET	true	true	true	true	true	73.5	73.63	SYNTHETIC_TEACHING_FIXTURE
HIT_0099	SYN_TOKEN_0099	SYN_CORPUS_A	SYN_1.0	REC_05	SYN_CORP_SPK_05	SESSION_05	CONV_03	ITEM_19	SYN_C1	north	casual	2010s	SYN_TARGET	true	true	false	false	true	74.25	74.384	SYNTHETIC_TEACHING_FIXTURE
HIT_0100	SYN_TOKEN_0100	SYN_CORPUS_A	SYN_1.0	REC_05	SYN_CORP_SPK_05	SESSION_05	CONV_03	ITEM_20	SYN_C2	north	casual	2010s	SYN_TARGET	true	true	true	true	true	75.0	75.184	SYNTHETIC_TEACHING_FIXTURE
HIT_0101	SYN_TOKEN_0101	SYN_CORPUS_A	SYN_1.0	REC_06	SYN_CORP_SPK_06	SESSION_06	CONV_03	ITEM_01	SYN_C1	south	interview	2010s	SYN_TARGET	true	true	true	true	true	75.75	75.848	SYNTHETIC_TEACHING_FIXTURE
HIT_0102	SYN_TOKEN_0102	SYN_CORPUS_A	SYN_1.0	REC_06	SYN_CORP_SPK_06	SESSION_06	CONV_03	ITEM_02	SYN_C2	south	interview	2010s	SYN_TARGET	true	true	true	true	true	76.5	76.72	SYNTHETIC_TEACHING_FIXTURE
HIT_0103	SYN_TOKEN_0103	SYN_CORPUS_A	SYN_1.0	REC_06	SYN_CORP_SPK_06	SESSION_06	CONV_03	ITEM_03	SYN_C1	south	interview	2010s	SYN_TARGET	true	true	true	true	true	77.25	77.399	SYNTHETIC_TEACHING_FIXTURE
HIT_0104	SYN_TOKEN_0104	SYN_CORPUS_A	SYN_1.0	REC_06	SYN_CORP_SPK_06	SESSION_06	CONV_03	ITEM_04	SYN_C2	south	interview	2010s	SYN_TARGET	true	true	true	true	true	78.0	78.178	SYNTHETIC_TEACHING_FIXTURE
HIT_0105	SYN_TOKEN_0105	SYN_CORPUS_A	SYN_1.0	REC_06	SYN_CORP_SPK_06	SESSION_06	CONV_03	ITEM_05	SYN_C1	south	interview	2010s	SYN_TARGET	true	true	true	true	true	78.75	78.922	SYNTHETIC_TEACHING_FIXTURE
HIT_0105_DUP	SYN_TOKEN_0105	SYN_CORPUS_A	SYN_1.0	REC_06	SYN_CORP_SPK_06	SESSION_06	CONV_03	ITEM_05	SYN_C1	south	interview	2010s	SYN_TARGET	true	true	true	true	true	78.751	78.922	SYNTHETIC_TEACHING_FIXTURE
HIT_0106	SYN_TOKEN_0106	SYN_CORPUS_A	SYN_1.0	REC_06	SYN_CORP_SPK_06	SESSION_06	CONV_03	ITEM_06	SYN_C2	south	interview	2010s	SYN_TARGET	true	true	true	true	true	79.5	79.672	SYNTHETIC_TEACHING_FIXTURE
HIT_0107	SYN_TOKEN_0107	SYN_CORPUS_A	SYN_1.0	REC_06	SYN_CORP_SPK_06	SESSION_06	CONV_03	ITEM_07	SYN_C1	south	interview	2010s	SYN_TARGET	true	true	true	true	true	80.25	80.364	SYNTHETIC_TEACHING_FIXTURE
HIT_0108	SYN_TOKEN_0108	SYN_CORPUS_A	SYN_1.0	REC_06	SYN_CORP_SPK_06	SESSION_06	CONV_03	ITEM_08	SYN_C2	south	interview	2010s	SYN_TARGET	true	true	true	true	true	81.0	81.106	SYNTHETIC_TEACHING_FIXTURE
HIT_0109	SYN_TOKEN_0109	SYN_CORPUS_A	SYN_1.0	REC_06	SYN_CORP_SPK_06	SESSION_06	CONV_03	ITEM_09	SYN_C1	south	interview	2010s	SYN_TARGET	true	true	true	true	true	81.75	81.913	SYNTHETIC_TEACHING_FIXTURE
HIT_0110	SYN_TOKEN_0110	SYN_CORPUS_A	SYN_1.0	REC_06	SYN_CORP_SPK_06	SESSION_06	CONV_03	ITEM_10	SYN_C2	south	interview	2010s	SYN_TARGET	true	true	true	true	true	82.5	82.672	SYNTHETIC_TEACHING_FIXTURE
HIT_0111	SYN_TOKEN_0111	SYN_CORPUS_A	SYN_1.0	REC_06	SYN_CORP_SPK_06	SESSION_06	CONV_03	ITEM_11	SYN_C1	south	interview	2010s	SYN_TARGET	true	true	true	true	true	83.25	83.418	SYNTHETIC_TEACHING_FIXTURE
HIT_0112	SYN_TOKEN_0112	SYN_CORPUS_A	SYN_1.0	REC_06	SYN_CORP_SPK_06	SESSION_06	CONV_03	ITEM_12	SYN_C2	south	interview	2010s	SYN_TARGET	true	true	true	true	true	84.0	84.152	SYNTHETIC_TEACHING_FIXTURE
HIT_0113	SYN_TOKEN_0113	SYN_CORPUS_A	SYN_1.0	REC_06	SYN_CORP_SPK_06	SESSION_06	CONV_03	ITEM_13	SYN_C1	south	interview	2010s	SYN_TARGET	false	true	true	true	true	84.75	84.947	SYNTHETIC_TEACHING_FIXTURE
HIT_0114	SYN_TOKEN_0114	SYN_CORPUS_A	SYN_1.0	REC_06	SYN_CORP_SPK_06	SESSION_06	CONV_03	ITEM_14	SYN_C2	south	interview	2010s	SYN_TARGET	true	true	true	true	true	85.5	85.662	SYNTHETIC_TEACHING_FIXTURE
HIT_0115	SYN_TOKEN_0115	SYN_CORPUS_A	SYN_1.0	REC_06	SYN_CORP_SPK_06	SESSION_06	CONV_03	ITEM_15	SYN_C1	south	interview	2010s	SYN_TARGET	true	true	true	true	true	86.25	86.421	SYNTHETIC_TEACHING_FIXTURE
HIT_0116	SYN_TOKEN_0116	SYN_CORPUS_A	SYN_1.0	REC_06	SYN_CORP_SPK_06	SESSION_06	CONV_03	ITEM_16	SYN_C2	south	interview	2010s	SYN_TARGET	true	true	true	true	true	87.0	87.149	SYNTHETIC_TEACHING_FIXTURE
HIT_0117	SYN_TOKEN_0117	SYN_CORPUS_A	SYN_1.0	REC_06	SYN_CORP_SPK_06	SESSION_06	CONV_03	ITEM_17	SYN_C1	south	interview	2010s	SYN_TARGET	true	false	false	false	true	87.75	87.966	SYNTHETIC_TEACHING_FIXTURE
HIT_0118	SYN_TOKEN_0118	SYN_CORPUS_A	SYN_1.0	REC_06	SYN_CORP_SPK_06	SESSION_06	CONV_03	ITEM_18	SYN_C2	south	interview	2010s	SYN_TARGET	true	true	true	true	true	88.5	88.714	SYNTHETIC_TEACHING_FIXTURE
HIT_0119	SYN_TOKEN_0119	SYN_CORPUS_A	SYN_1.0	REC_06	SYN_CORP_SPK_06	SESSION_06	CONV_03	ITEM_19	SYN_C1	south	interview	2010s	SYN_TARGET	true	true	false	false	true	89.25	89.403	SYNTHETIC_TEACHING_FIXTURE
HIT_0120	SYN_TOKEN_0120	SYN_CORPUS_A	SYN_1.0	REC_06	SYN_CORP_SPK_06	SESSION_06	CONV_03	ITEM_20	SYN_C2	south	interview	2010s	SYN_TARGET	true	true	true	true	true	90.0	90.156	SYNTHETIC_TEACHING_FIXTURE
HIT_0120_DUP	SYN_TOKEN_0120	SYN_CORPUS_A	SYN_1.0	REC_06	SYN_CORP_SPK_06	SESSION_06	CONV_03	ITEM_20	SYN_C2	south	interview	2010s	SYN_TARGET	true	true	true	true	true	90.001	90.156	SYNTHETIC_TEACHING_FIXTURE
HIT_0121	SYN_TOKEN_0121	SYN_CORPUS_A	SYN_1.0	REC_07	SYN_CORP_SPK_07	SESSION_07	CONV_04	ITEM_01	SYN_C1	north	casual	2010s	SYN_TARGET	true	true	true	true	true	90.75	90.838	SYNTHETIC_TEACHING_FIXTURE
HIT_0122	SYN_TOKEN_0122	SYN_CORPUS_A	SYN_1.0	REC_07	SYN_CORP_SPK_07	SESSION_07	CONV_04	ITEM_02	SYN_C2	north	casual	2010s	SYN_TARGET	true	true	true	true	true	91.5	91.636	SYNTHETIC_TEACHING_FIXTURE
HIT_0123	SYN_TOKEN_0123	SYN_CORPUS_A	SYN_1.0	REC_07	SYN_CORP_SPK_07	SESSION_07	CONV_04	ITEM_03	SYN_C1	north	casual	2010s	SYN_TARGET	true	true	true	true	true	92.25	92.424	SYNTHETIC_TEACHING_FIXTURE
HIT_0124	SYN_TOKEN_0124	SYN_CORPUS_A	SYN_1.0	REC_07	SYN_CORP_SPK_07	SESSION_07	CONV_04	ITEM_04	SYN_C2	north	casual	2010s	SYN_TARGET	true	true	true	true	true	93.0	93.154	SYNTHETIC_TEACHING_FIXTURE
HIT_0125	SYN_TOKEN_0125	SYN_CORPUS_A	SYN_1.0	REC_07	SYN_CORP_SPK_07	SESSION_07	CONV_04	ITEM_05	SYN_C1	north	casual	2010s	SYN_TARGET	true	true	true	true	true	93.75	93.858	SYNTHETIC_TEACHING_FIXTURE
HIT_0126	SYN_TOKEN_0126	SYN_CORPUS_A	SYN_1.0	REC_07	SYN_CORP_SPK_07	SESSION_07	CONV_04	ITEM_06	SYN_C2	north	casual	2010s	SYN_TARGET	true	true	true	true	true	94.5	94.71	SYNTHETIC_TEACHING_FIXTURE
HIT_0127	SYN_TOKEN_0127	SYN_CORPUS_A	SYN_1.0	REC_07	SYN_CORP_SPK_07	SESSION_07	CONV_04	ITEM_07	SYN_C1	north	casual	2010s	SYN_TARGET	true	true	true	true	true	95.25	95.452	SYNTHETIC_TEACHING_FIXTURE
HIT_0128	SYN_TOKEN_0128	SYN_CORPUS_A	SYN_1.0	REC_07	SYN_CORP_SPK_07	SESSION_07	CONV_04	ITEM_08	SYN_C2	north	casual	2010s	SYN_TARGET	true	true	true	true	true	96.0	96.081	SYNTHETIC_TEACHING_FIXTURE
HIT_0129	SYN_TOKEN_0129	SYN_CORPUS_A	SYN_1.0	REC_07	SYN_CORP_SPK_07	SESSION_07	CONV_04	ITEM_09	SYN_C1	north	casual	2010s	SYN_TARGET	true	true	true	true	true	96.75	96.928	SYNTHETIC_TEACHING_FIXTURE
HIT_0130	SYN_TOKEN_0130	SYN_CORPUS_A	SYN_1.0	REC_07	SYN_CORP_SPK_07	SESSION_07	CONV_04	ITEM_10	SYN_C2	north	casual	2010s	SYN_TARGET	true	true	true	true	true	97.5	97.669	SYNTHETIC_TEACHING_FIXTURE
HIT_0131	SYN_TOKEN_0131	SYN_CORPUS_A	SYN_1.0	REC_07	SYN_CORP_SPK_07	SESSION_07	CONV_04	ITEM_11	SYN_C1	north	casual	2010s	SYN_TARGET	true	true	true	true	true	98.25	98.461	SYNTHETIC_TEACHING_FIXTURE
HIT_0132	SYN_TOKEN_0132	SYN_CORPUS_A	SYN_1.0	REC_07	SYN_CORP_SPK_07	SESSION_07	CONV_04	ITEM_12	SYN_C2	north	casual	2010s	SYN_TARGET	true	true	true	true	true	99.0	99.213	SYNTHETIC_TEACHING_FIXTURE
HIT_0133	SYN_TOKEN_0133	SYN_CORPUS_A	SYN_1.0	REC_07	SYN_CORP_SPK_07	SESSION_07	CONV_04	ITEM_13	SYN_C1	north	casual	2010s	SYN_TARGET	false	true	true	true	true	99.75	99.947	SYNTHETIC_TEACHING_FIXTURE
HIT_0134	SYN_TOKEN_0134	SYN_CORPUS_A	SYN_1.0	REC_07	SYN_CORP_SPK_07	SESSION_07	CONV_04	ITEM_14	SYN_C2	north	casual	2010s	SYN_TARGET	true	true	true	true	true	100.5	100.71	SYNTHETIC_TEACHING_FIXTURE
HIT_0135	SYN_TOKEN_0135	SYN_CORPUS_A	SYN_1.0	REC_07	SYN_CORP_SPK_07	SESSION_07	CONV_04	ITEM_15	SYN_C1	north	casual	2010s	SYN_TARGET	true	true	true	true	true	101.25	101.464	SYNTHETIC_TEACHING_FIXTURE
HIT_0135_DUP	SYN_TOKEN_0135	SYN_CORPUS_A	SYN_1.0	REC_07	SYN_CORP_SPK_07	SESSION_07	CONV_04	ITEM_15	SYN_C1	north	casual	2010s	SYN_TARGET	true	true	true	true	true	101.251	101.464	SYNTHETIC_TEACHING_FIXTURE
HIT_0136	SYN_TOKEN_0136	SYN_CORPUS_A	SYN_1.0	REC_07	SYN_CORP_SPK_07	SESSION_07	CONV_04	ITEM_16	SYN_C2	north	casual	2010s	SYN_TARGET	true	true	true	true	true	102.0	102.121	SYNTHETIC_TEACHING_FIXTURE
HIT_0137	SYN_TOKEN_0137	SYN_CORPUS_A	SYN_1.0	REC_07	SYN_CORP_SPK_07	SESSION_07	CONV_04	ITEM_17	SYN_C1	north	casual	2010s	SYN_TARGET	true	false	false	false	true	102.75	102.911	SYNTHETIC_TEACHING_FIXTURE
HIT_0138	SYN_TOKEN_0138	SYN_CORPUS_A	SYN_1.0	REC_07	SYN_CORP_SPK_07	SESSION_07	CONV_04	ITEM_18	SYN_C2	north	casual	2010s	SYN_TARGET	true	true	true	true	true	103.5	103.719	SYNTHETIC_TEACHING_FIXTURE
HIT_0139	SYN_TOKEN_0139	SYN_CORPUS_A	SYN_1.0	REC_07	SYN_CORP_SPK_07	SESSION_07	CONV_04	ITEM_19	SYN_C1	north	casual	2010s	SYN_TARGET	true	true	false	false	true	104.25	104.454	SYNTHETIC_TEACHING_FIXTURE
HIT_0140	SYN_TOKEN_0140	SYN_CORPUS_A	SYN_1.0	REC_07	SYN_CORP_SPK_07	SESSION_07	CONV_04	ITEM_20	SYN_C2	north	casual	2010s	SYN_TARGET	true	true	true	true	true	105.0	105.181	SYNTHETIC_TEACHING_FIXTURE
HIT_0141	SYN_TOKEN_0141	SYN_CORPUS_A	SYN_1.0	REC_08	SYN_CORP_SPK_08	SESSION_08	CONV_04	ITEM_01	SYN_C1	north	interview	2010s	SYN_TARGET	true	true	true	true	true	105.75	105.831	SYNTHETIC_TEACHING_FIXTURE
HIT_0142	SYN_TOKEN_0142	SYN_CORPUS_A	SYN_1.0	REC_08	SYN_CORP_SPK_08	SESSION_08	CONV_04	ITEM_02	SYN_C2	north	interview	2010s	SYN_TARGET	true	true	true	true	true	106.5	106.703	SYNTHETIC_TEACHING_FIXTURE
HIT_0143	SYN_TOKEN_0143	SYN_CORPUS_A	SYN_1.0	REC_08	SYN_CORP_SPK_08	SESSION_08	CONV_04	ITEM_03	SYN_C1	north	interview	2010s	SYN_TARGET	true	true	true	true	true	107.25	107.352	SYNTHETIC_TEACHING_FIXTURE
HIT_0144	SYN_TOKEN_0144	SYN_CORPUS_A	SYN_1.0	REC_08	SYN_CORP_SPK_08	SESSION_08	CONV_04	ITEM_04	SYN_C2	north	interview	2010s	SYN_TARGET	true	true	true	true	true	108.0	108.122	SYNTHETIC_TEACHING_FIXTURE
HIT_0145	SYN_TOKEN_0145	SYN_CORPUS_A	SYN_1.0	REC_08	SYN_CORP_SPK_08	SESSION_08	CONV_04	ITEM_05	SYN_C1	north	interview	2010s	SYN_TARGET	true	true	true	true	true	108.75	108.877	SYNTHETIC_TEACHING_FIXTURE
HIT_0146	SYN_TOKEN_0146	SYN_CORPUS_A	SYN_1.0	REC_08	SYN_CORP_SPK_08	SESSION_08	CONV_04	ITEM_06	SYN_C2	north	interview	2010s	SYN_TARGET	true	true	true	true	true	109.5	109.609	SYNTHETIC_TEACHING_FIXTURE
HIT_0147	SYN_TOKEN_0147	SYN_CORPUS_A	SYN_1.0	REC_08	SYN_CORP_SPK_08	SESSION_08	CONV_04	ITEM_07	SYN_C1	north	interview	2010s	SYN_TARGET	true	true	true	true	true	110.25	110.348	SYNTHETIC_TEACHING_FIXTURE
HIT_0148	SYN_TOKEN_0148	SYN_CORPUS_A	SYN_1.0	REC_08	SYN_CORP_SPK_08	SESSION_08	CONV_04	ITEM_08	SYN_C2	north	interview	2010s	SYN_TARGET	true	true	true	true	true	111.0	111.171	SYNTHETIC_TEACHING_FIXTURE
HIT_0149	SYN_TOKEN_0149	SYN_CORPUS_A	SYN_1.0	REC_08	SYN_CORP_SPK_08	SESSION_08	CONV_04	ITEM_09	SYN_C1	north	interview	2010s	SYN_TARGET	true	true	true	true	true	111.75	111.858	SYNTHETIC_TEACHING_FIXTURE
HIT_0150	SYN_TOKEN_0150	SYN_CORPUS_A	SYN_1.0	REC_08	SYN_CORP_SPK_08	SESSION_08	CONV_04	ITEM_10	SYN_C2	north	interview	2010s	SYN_TARGET	true	true	true	true	true	112.5	112.629	SYNTHETIC_TEACHING_FIXTURE
HIT_0150_DUP	SYN_TOKEN_0150	SYN_CORPUS_A	SYN_1.0	REC_08	SYN_CORP_SPK_08	SESSION_08	CONV_04	ITEM_10	SYN_C2	north	interview	2010s	SYN_TARGET	true	true	true	true	true	112.501	112.629	SYNTHETIC_TEACHING_FIXTURE
HIT_0151	SYN_TOKEN_0151	SYN_CORPUS_A	SYN_1.0	REC_08	SYN_CORP_SPK_08	SESSION_08	CONV_04	ITEM_11	SYN_C1	north	interview	2010s	SYN_TARGET	true	true	true	true	true	113.25	113.332	SYNTHETIC_TEACHING_FIXTURE
HIT_0152	SYN_TOKEN_0152	SYN_CORPUS_A	SYN_1.0	REC_08	SYN_CORP_SPK_08	SESSION_08	CONV_04	ITEM_12	SYN_C2	north	interview	2010s	SYN_TARGET	true	true	true	true	true	114.0	114.108	SYNTHETIC_TEACHING_FIXTURE
HIT_0153	SYN_TOKEN_0153	SYN_CORPUS_A	SYN_1.0	REC_08	SYN_CORP_SPK_08	SESSION_08	CONV_04	ITEM_13	SYN_C1	north	interview	2010s	SYN_TARGET	false	true	true	true	true	114.75	114.864	SYNTHETIC_TEACHING_FIXTURE
HIT_0154	SYN_TOKEN_0154	SYN_CORPUS_A	SYN_1.0	REC_08	SYN_CORP_SPK_08	SESSION_08	CONV_04	ITEM_14	SYN_C2	north	interview	2010s	SYN_TARGET	true	true	true	true	true	115.5	115.713	SYNTHETIC_TEACHING_FIXTURE
HIT_0155	SYN_TOKEN_0155	SYN_CORPUS_A	SYN_1.0	REC_08	SYN_CORP_SPK_08	SESSION_08	CONV_04	ITEM_15	SYN_C1	north	interview	2010s	SYN_TARGET	true	true	true	true	true	116.25	116.394	SYNTHETIC_TEACHING_FIXTURE
HIT_0156	SYN_TOKEN_0156	SYN_CORPUS_A	SYN_1.0	REC_08	SYN_CORP_SPK_08	SESSION_08	CONV_04	ITEM_16	SYN_C2	north	interview	2010s	SYN_TARGET	true	true	true	true	true	117.0	117.199	SYNTHETIC_TEACHING_FIXTURE
HIT_0157	SYN_TOKEN_0157	SYN_CORPUS_A	SYN_1.0	REC_08	SYN_CORP_SPK_08	SESSION_08	CONV_04	ITEM_17	SYN_C1	north	interview	2010s	SYN_TARGET	true	false	false	false	true	117.75	117.915	SYNTHETIC_TEACHING_FIXTURE
HIT_0158	SYN_TOKEN_0158	SYN_CORPUS_A	SYN_1.0	REC_08	SYN_CORP_SPK_08	SESSION_08	CONV_04	ITEM_18	SYN_C2	north	interview	2010s	SYN_TARGET	true	true	true	true	true	118.5	118.629	SYNTHETIC_TEACHING_FIXTURE
HIT_0159	SYN_TOKEN_0159	SYN_CORPUS_A	SYN_1.0	REC_08	SYN_CORP_SPK_08	SESSION_08	CONV_04	ITEM_19	SYN_C1	north	interview	2010s	SYN_TARGET	true	true	false	false	true	119.25	119.436	SYNTHETIC_TEACHING_FIXTURE
HIT_0160	SYN_TOKEN_0160	SYN_CORPUS_A	SYN_1.0	REC_08	SYN_CORP_SPK_08	SESSION_08	CONV_04	ITEM_20	SYN_C2	north	interview	2010s	SYN_TARGET	true	true	true	true	true	120.0	120.144	SYNTHETIC_TEACHING_FIXTURE
HIT_0161	SYN_TOKEN_0161	SYN_CORPUS_A	SYN_1.0	REC_09	SYN_CORP_SPK_09	SESSION_09	CONV_05	ITEM_01	SYN_C1	south	casual	2010s	SYN_TARGET	true	true	true	true	true	120.75	120.925	SYNTHETIC_TEACHING_FIXTURE
HIT_0162	SYN_TOKEN_0162	SYN_CORPUS_A	SYN_1.0	REC_09	SYN_CORP_SPK_09	SESSION_09	CONV_05	ITEM_02	SYN_C2	south	casual	2010s	SYN_TARGET	true	true	true	true	true	121.5	121.714	SYNTHETIC_TEACHING_FIXTURE
HIT_0163	SYN_TOKEN_0163	SYN_CORPUS_A	SYN_1.0	REC_09	SYN_CORP_SPK_09	SESSION_09	CONV_05	ITEM_03	SYN_C1	south	casual	2010s	SYN_TARGET	true	true	true	true	true	122.25	122.412	SYNTHETIC_TEACHING_FIXTURE
HIT_0164	SYN_TOKEN_0164	SYN_CORPUS_A	SYN_1.0	REC_09	SYN_CORP_SPK_09	SESSION_09	CONV_05	ITEM_04	SYN_C2	south	casual	2010s	SYN_TARGET	true	true	true	true	true	123.0	123.118	SYNTHETIC_TEACHING_FIXTURE
HIT_0165	SYN_TOKEN_0165	SYN_CORPUS_A	SYN_1.0	REC_09	SYN_CORP_SPK_09	SESSION_09	CONV_05	ITEM_05	SYN_C1	south	casual	2010s	SYN_TARGET	true	true	true	true	true	123.75	123.833	SYNTHETIC_TEACHING_FIXTURE
HIT_0165_DUP	SYN_TOKEN_0165	SYN_CORPUS_A	SYN_1.0	REC_09	SYN_CORP_SPK_09	SESSION_09	CONV_05	ITEM_05	SYN_C1	south	casual	2010s	SYN_TARGET	true	true	true	true	true	123.751	123.833	SYNTHETIC_TEACHING_FIXTURE
HIT_0166	SYN_TOKEN_0166	SYN_CORPUS_A	SYN_1.0	REC_09	SYN_CORP_SPK_09	SESSION_09	CONV_05	ITEM_06	SYN_C2	south	casual	2010s	SYN_TARGET	true	true	true	true	true	124.5	124.698	SYNTHETIC_TEACHING_FIXTURE
HIT_0167	SYN_TOKEN_0167	SYN_CORPUS_A	SYN_1.0	REC_09	SYN_CORP_SPK_09	SESSION_09	CONV_05	ITEM_07	SYN_C1	south	casual	2010s	SYN_TARGET	true	true	true	true	true	125.25	125.454	SYNTHETIC_TEACHING_FIXTURE
HIT_0168	SYN_TOKEN_0168	SYN_CORPUS_A	SYN_1.0	REC_09	SYN_CORP_SPK_09	SESSION_09	CONV_05	ITEM_08	SYN_C2	south	casual	2010s	SYN_TARGET	true	true	true	true	true	126.0	126.084	SYNTHETIC_TEACHING_FIXTURE
HIT_0169	SYN_TOKEN_0169	SYN_CORPUS_A	SYN_1.0	REC_09	SYN_CORP_SPK_09	SESSION_09	CONV_05	ITEM_09	SYN_C1	south	casual	2010s	SYN_TARGET	true	true	true	true	true	126.75	126.955	SYNTHETIC_TEACHING_FIXTURE
HIT_0170	SYN_TOKEN_0170	SYN_CORPUS_A	SYN_1.0	REC_09	SYN_CORP_SPK_09	SESSION_09	CONV_05	ITEM_10	SYN_C2	south	casual	2010s	SYN_TARGET	true	true	true	true	true	127.5	127.684	SYNTHETIC_TEACHING_FIXTURE
HIT_0171	SYN_TOKEN_0171	SYN_CORPUS_A	SYN_1.0	REC_09	SYN_CORP_SPK_09	SESSION_09	CONV_05	ITEM_11	SYN_C1	south	casual	2010s	SYN_TARGET	true	true	true	true	true	128.25	128.365	SYNTHETIC_TEACHING_FIXTURE
HIT_0172	SYN_TOKEN_0172	SYN_CORPUS_A	SYN_1.0	REC_09	SYN_CORP_SPK_09	SESSION_09	CONV_05	ITEM_12	SYN_C2	south	casual	2010s	SYN_TARGET	true	true	true	true	true	129.0	129.185	SYNTHETIC_TEACHING_FIXTURE
HIT_0173	SYN_TOKEN_0173	SYN_CORPUS_A	SYN_1.0	REC_09	SYN_CORP_SPK_09	SESSION_09	CONV_05	ITEM_13	SYN_C1	south	casual	2010s	SYN_TARGET	false	true	true	true	true	129.75	129.837	SYNTHETIC_TEACHING_FIXTURE
HIT_0174	SYN_TOKEN_0174	SYN_CORPUS_A	SYN_1.0	REC_09	SYN_CORP_SPK_09	SESSION_09	CONV_05	ITEM_14	SYN_C2	south	casual	2010s	SYN_TARGET	true	true	true	true	true	130.5	130.709	SYNTHETIC_TEACHING_FIXTURE
HIT_0175	SYN_TOKEN_0175	SYN_CORPUS_A	SYN_1.0	REC_09	SYN_CORP_SPK_09	SESSION_09	CONV_05	ITEM_15	SYN_C1	south	casual	2010s	SYN_TARGET	true	true	true	true	true	131.25	131.464	SYNTHETIC_TEACHING_FIXTURE
HIT_0176	SYN_TOKEN_0176	SYN_CORPUS_A	SYN_1.0	REC_09	SYN_CORP_SPK_09	SESSION_09	CONV_05	ITEM_16	SYN_C2	south	casual	2010s	SYN_TARGET	true	true	true	true	true	132.0	132.154	SYNTHETIC_TEACHING_FIXTURE
HIT_0177	SYN_TOKEN_0177	SYN_CORPUS_A	SYN_1.0	REC_09	SYN_CORP_SPK_09	SESSION_09	CONV_05	ITEM_17	SYN_C1	south	casual	2010s	SYN_TARGET	true	false	false	false	true	132.75	132.874	SYNTHETIC_TEACHING_FIXTURE
HIT_0178	SYN_TOKEN_0178	SYN_CORPUS_A	SYN_1.0	REC_09	SYN_CORP_SPK_09	SESSION_09	CONV_05	ITEM_18	SYN_C2	south	casual	2010s	SYN_TARGET	true	true	true	true	true	133.5	133.587	SYNTHETIC_TEACHING_FIXTURE
HIT_0179	SYN_TOKEN_0179	SYN_CORPUS_A	SYN_1.0	REC_09	SYN_CORP_SPK_09	SESSION_09	CONV_05	ITEM_19	SYN_C1	south	casual	2010s	SYN_TARGET	true	true	false	false	true	134.25	134.462	SYNTHETIC_TEACHING_FIXTURE
HIT_0180	SYN_TOKEN_0180	SYN_CORPUS_A	SYN_1.0	REC_09	SYN_CORP_SPK_09	SESSION_09	CONV_05	ITEM_20	SYN_C2	south	casual	2010s	SYN_TARGET	true	true	true	true	true	135.0	135.093	SYNTHETIC_TEACHING_FIXTURE
HIT_0180_DUP	SYN_TOKEN_0180	SYN_CORPUS_A	SYN_1.0	REC_09	SYN_CORP_SPK_09	SESSION_09	CONV_05	ITEM_20	SYN_C2	south	casual	2010s	SYN_TARGET	true	true	true	true	true	135.001	135.093	SYNTHETIC_TEACHING_FIXTURE
HIT_0181	SYN_TOKEN_0181	SYN_CORPUS_A	SYN_1.0	REC_10	SYN_CORP_SPK_10	SESSION_10	CONV_05	ITEM_01	SYN_C1	north	interview	2010s	SYN_TARGET	true	true	true	true	true	135.75	135.966	SYNTHETIC_TEACHING_FIXTURE
HIT_0182	SYN_TOKEN_0182	SYN_CORPUS_A	SYN_1.0	REC_10	SYN_CORP_SPK_10	SESSION_10	CONV_05	ITEM_02	SYN_C2	north	interview	2010s	SYN_TARGET	true	true	true	true	true	136.5	136.625	SYNTHETIC_TEACHING_FIXTURE
HIT_0183	SYN_TOKEN_0183	SYN_CORPUS_A	SYN_1.0	REC_10	SYN_CORP_SPK_10	SESSION_10	CONV_05	ITEM_03	SYN_C1	north	interview	2010s	SYN_TARGET	true	true	true	true	true	137.25	137.411	SYNTHETIC_TEACHING_FIXTURE
HIT_0184	SYN_TOKEN_0184	SYN_CORPUS_A	SYN_1.0	REC_10	SYN_CORP_SPK_10	SESSION_10	CONV_05	ITEM_04	SYN_C2	north	interview	2010s	SYN_TARGET	true	true	true	true	true	138.0	138.212	SYNTHETIC_TEACHING_FIXTURE
HIT_0185	SYN_TOKEN_0185	SYN_CORPUS_A	SYN_1.0	REC_10	SYN_CORP_SPK_10	SESSION_10	CONV_05	ITEM_05	SYN_C1	north	interview	2010s	SYN_TARGET	true	true	true	true	true	138.75	138.966	SYNTHETIC_TEACHING_FIXTURE
HIT_0186	SYN_TOKEN_0186	SYN_CORPUS_A	SYN_1.0	REC_10	SYN_CORP_SPK_10	SESSION_10	CONV_05	ITEM_06	SYN_C2	north	interview	2010s	SYN_TARGET	true	true	true	true	false	139.5	139.641	SYNTHETIC_TEACHING_FIXTURE
HIT_0187	SYN_TOKEN_0187	SYN_CORPUS_A	SYN_1.0	REC_10	SYN_CORP_SPK_10	SESSION_10	CONV_05	ITEM_07	SYN_C1	north	interview	2010s	SYN_TARGET	true	true	true	true	true	140.25	140.358	SYNTHETIC_TEACHING_FIXTURE
HIT_0188	SYN_TOKEN_0188	SYN_CORPUS_A	SYN_1.0	REC_10	SYN_CORP_SPK_10	SESSION_10	CONV_05	ITEM_08	SYN_C2	north	interview	2010s	SYN_TARGET	true	true	true	true	true	141.0	141.2	SYNTHETIC_TEACHING_FIXTURE
HIT_0189	SYN_TOKEN_0189	SYN_CORPUS_A	SYN_1.0	REC_10	SYN_CORP_SPK_10	SESSION_10	CONV_05	ITEM_09	SYN_C1	north	interview	2010s	SYN_TARGET	true	true	true	true	true	141.75	141.838	SYNTHETIC_TEACHING_FIXTURE
HIT_0190	SYN_TOKEN_0190	SYN_CORPUS_A	SYN_1.0	REC_10	SYN_CORP_SPK_10	SESSION_10	CONV_05	ITEM_10	SYN_C2	north	interview	2010s	SYN_TARGET	true	true	true	true	true	142.5	142.663	SYNTHETIC_TEACHING_FIXTURE
HIT_0191	SYN_TOKEN_0191	SYN_CORPUS_A	SYN_1.0	REC_10	SYN_CORP_SPK_10	SESSION_10	CONV_05	ITEM_11	SYN_C1	north	interview	2010s	SYN_TARGET	true	true	true	true	true	143.25	143.37	SYNTHETIC_TEACHING_FIXTURE
HIT_0192	SYN_TOKEN_0192	SYN_CORPUS_A	SYN_1.0	REC_10	SYN_CORP_SPK_10	SESSION_10	CONV_05	ITEM_12	SYN_C2	north	interview	2010s	SYN_TARGET	true	true	true	true	false	144.0	144.083	SYNTHETIC_TEACHING_FIXTURE
HIT_0193	SYN_TOKEN_0193	SYN_CORPUS_A	SYN_1.0	REC_10	SYN_CORP_SPK_10	SESSION_10	CONV_05	ITEM_13	SYN_C1	north	interview	2010s	SYN_TARGET	false	true	true	true	true	144.75	144.911	SYNTHETIC_TEACHING_FIXTURE
HIT_0194	SYN_TOKEN_0194	SYN_CORPUS_A	SYN_1.0	REC_10	SYN_CORP_SPK_10	SESSION_10	CONV_05	ITEM_14	SYN_C2	north	interview	2010s	SYN_TARGET	true	true	true	true	true	145.5	145.586	SYNTHETIC_TEACHING_FIXTURE
HIT_0195	SYN_TOKEN_0195	SYN_CORPUS_A	SYN_1.0	REC_10	SYN_CORP_SPK_10	SESSION_10	CONV_05	ITEM_15	SYN_C1	north	interview	2010s	SYN_TARGET	true	true	true	true	true	146.25	146.348	SYNTHETIC_TEACHING_FIXTURE
HIT_0195_DUP	SYN_TOKEN_0195	SYN_CORPUS_A	SYN_1.0	REC_10	SYN_CORP_SPK_10	SESSION_10	CONV_05	ITEM_15	SYN_C1	north	interview	2010s	SYN_TARGET	true	true	true	true	true	146.251	146.348	SYNTHETIC_TEACHING_FIXTURE
HIT_0196	SYN_TOKEN_0196	SYN_CORPUS_A	SYN_1.0	REC_10	SYN_CORP_SPK_10	SESSION_10	CONV_05	ITEM_16	SYN_C2	north	interview	2010s	SYN_TARGET	true	true	true	true	true	147.0	147.159	SYNTHETIC_TEACHING_FIXTURE
HIT_0197	SYN_TOKEN_0197	SYN_CORPUS_A	SYN_1.0	REC_10	SYN_CORP_SPK_10	SESSION_10	CONV_05	ITEM_17	SYN_C1	north	interview	2010s	SYN_TARGET	true	false	false	false	true	147.75	147.853	SYNTHETIC_TEACHING_FIXTURE
HIT_0198	SYN_TOKEN_0198	SYN_CORPUS_A	SYN_1.0	REC_10	SYN_CORP_SPK_10	SESSION_10	CONV_05	ITEM_18	SYN_C2	north	interview	2010s	SYN_TARGET	true	true	true	true	false	148.5	148.614	SYNTHETIC_TEACHING_FIXTURE
HIT_0199	SYN_TOKEN_0199	SYN_CORPUS_A	SYN_1.0	REC_10	SYN_CORP_SPK_10	SESSION_10	CONV_05	ITEM_19	SYN_C1	north	interview	2010s	SYN_TARGET	true	true	false	false	true	149.25	149.434	SYNTHETIC_TEACHING_FIXTURE
HIT_0200	SYN_TOKEN_0200	SYN_CORPUS_A	SYN_1.0	REC_10	SYN_CORP_SPK_10	SESSION_10	CONV_05	ITEM_20	SYN_C2	north	interview	2010s	SYN_TARGET	true	true	true	true	true	150.0	150.18	SYNTHETIC_TEACHING_FIXTURE
HIT_0201	SYN_TOKEN_0201	SYN_CORPUS_A	SYN_1.0	REC_11	SYN_CORP_SPK_11	SESSION_11	CONV_06	ITEM_01	SYN_C1	north	casual	2010s	SYN_TARGET	true	true	true	true	true	150.75	150.963	SYNTHETIC_TEACHING_FIXTURE
HIT_0202	SYN_TOKEN_0202	SYN_CORPUS_A	SYN_1.0	REC_11	SYN_CORP_SPK_11	SESSION_11	CONV_06	ITEM_02	SYN_C2	north	casual	2010s	SYN_TARGET	true	true	true	true	true	151.5	151.62	SYNTHETIC_TEACHING_FIXTURE
HIT_0203	SYN_TOKEN_0203	SYN_CORPUS_A	SYN_1.0	REC_11	SYN_CORP_SPK_11	SESSION_11	CONV_06	ITEM_03	SYN_C1	north	casual	2010s	SYN_TARGET	true	true	true	true	true	152.25	152.416	SYNTHETIC_TEACHING_FIXTURE
HIT_0204	SYN_TOKEN_0204	SYN_CORPUS_A	SYN_1.0	REC_11	SYN_CORP_SPK_11	SESSION_11	CONV_06	ITEM_04	SYN_C2	north	casual	2010s	SYN_TARGET	true	true	true	false	true	153.0	153.19	SYNTHETIC_TEACHING_FIXTURE
HIT_0205	SYN_TOKEN_0205	SYN_CORPUS_A	SYN_1.0	REC_11	SYN_CORP_SPK_11	SESSION_11	CONV_06	ITEM_05	SYN_C1	north	casual	2010s	SYN_TARGET	true	true	true	true	true	153.75	153.949	SYNTHETIC_TEACHING_FIXTURE
HIT_0206	SYN_TOKEN_0206	SYN_CORPUS_A	SYN_1.0	REC_11	SYN_CORP_SPK_11	SESSION_11	CONV_06	ITEM_06	SYN_C2	north	casual	2010s	SYN_TARGET	true	true	true	true	true	154.5	154.708	SYNTHETIC_TEACHING_FIXTURE
HIT_0207	SYN_TOKEN_0207	SYN_CORPUS_A	SYN_1.0	REC_11	SYN_CORP_SPK_11	SESSION_11	CONV_06	ITEM_07	SYN_C1	north	casual	2010s	SYN_TARGET	true	true	true	true	true	155.25	155.442	SYNTHETIC_TEACHING_FIXTURE
HIT_0208	SYN_TOKEN_0208	SYN_CORPUS_A	SYN_1.0	REC_11	SYN_CORP_SPK_11	SESSION_11	CONV_06	ITEM_08	SYN_C2	north	casual	2010s	SYN_TARGET	true	true	true	false	true	156.0	156.186	SYNTHETIC_TEACHING_FIXTURE
HIT_0209	SYN_TOKEN_0209	SYN_CORPUS_A	SYN_1.0	REC_11	SYN_CORP_SPK_11	SESSION_11	CONV_06	ITEM_09	SYN_C1	north	casual	2010s	SYN_TARGET	true	true	true	true	true	156.75	156.848	SYNTHETIC_TEACHING_FIXTURE
HIT_0210	SYN_TOKEN_0210	SYN_CORPUS_A	SYN_1.0	REC_11	SYN_CORP_SPK_11	SESSION_11	CONV_06	ITEM_10	SYN_C2	north	casual	2010s	SYN_TARGET	true	true	true	true	true	157.5	157.713	SYNTHETIC_TEACHING_FIXTURE
HIT_0210_DUP	SYN_TOKEN_0210	SYN_CORPUS_A	SYN_1.0	REC_11	SYN_CORP_SPK_11	SESSION_11	CONV_06	ITEM_10	SYN_C2	north	casual	2010s	SYN_TARGET	true	true	true	true	true	157.501	157.713	SYNTHETIC_TEACHING_FIXTURE
HIT_0211	SYN_TOKEN_0211	SYN_CORPUS_A	SYN_1.0	REC_11	SYN_CORP_SPK_11	SESSION_11	CONV_06	ITEM_11	SYN_C1	north	casual	2010s	SYN_TARGET	true	true	true	true	true	158.25	158.366	SYNTHETIC_TEACHING_FIXTURE
HIT_0212	SYN_TOKEN_0212	SYN_CORPUS_A	SYN_1.0	REC_11	SYN_CORP_SPK_11	SESSION_11	CONV_06	ITEM_12	SYN_C2	north	casual	2010s	SYN_TARGET	true	true	true	false	true	159.0	159.205	SYNTHETIC_TEACHING_FIXTURE
HIT_0213	SYN_TOKEN_0213	SYN_CORPUS_A	SYN_1.0	REC_11	SYN_CORP_SPK_11	SESSION_11	CONV_06	ITEM_13	SYN_C1	north	casual	2010s	SYN_TARGET	false	true	true	true	true	159.75	159.899	SYNTHETIC_TEACHING_FIXTURE
HIT_0214	SYN_TOKEN_0214	SYN_CORPUS_A	SYN_1.0	REC_11	SYN_CORP_SPK_11	SESSION_11	CONV_06	ITEM_14	SYN_C2	north	casual	2010s	SYN_TARGET	true	true	true	true	true	160.5	160.642	SYNTHETIC_TEACHING_FIXTURE
HIT_0215	SYN_TOKEN_0215	SYN_CORPUS_A	SYN_1.0	REC_11	SYN_CORP_SPK_11	SESSION_11	CONV_06	ITEM_15	SYN_C1	north	casual	2010s	SYN_TARGET	true	true	true	true	true	161.25	161.386	SYNTHETIC_TEACHING_FIXTURE
HIT_0216	SYN_TOKEN_0216	SYN_CORPUS_A	SYN_1.0	REC_11	SYN_CORP_SPK_11	SESSION_11	CONV_06	ITEM_16	SYN_C2	north	casual	2010s	SYN_TARGET	true	true	true	false	true	162.0	162.081	SYNTHETIC_TEACHING_FIXTURE
HIT_0217	SYN_TOKEN_0217	SYN_CORPUS_A	SYN_1.0	REC_11	SYN_CORP_SPK_11	SESSION_11	CONV_06	ITEM_17	SYN_C1	north	casual	2010s	SYN_TARGET	true	false	false	false	true	162.75	162.96	SYNTHETIC_TEACHING_FIXTURE
HIT_0218	SYN_TOKEN_0218	SYN_CORPUS_A	SYN_1.0	REC_11	SYN_CORP_SPK_11	SESSION_11	CONV_06	ITEM_18	SYN_C2	north	casual	2010s	SYN_TARGET	true	true	true	true	true	163.5	163.682	SYNTHETIC_TEACHING_FIXTURE
HIT_0219	SYN_TOKEN_0219	SYN_CORPUS_A	SYN_1.0	REC_11	SYN_CORP_SPK_11	SESSION_11	CONV_06	ITEM_19	SYN_C1	north	casual	2010s	SYN_TARGET	true	true	false	false	true	164.25	164.421	SYNTHETIC_TEACHING_FIXTURE
HIT_0220	SYN_TOKEN_0220	SYN_CORPUS_A	SYN_1.0	REC_11	SYN_CORP_SPK_11	SESSION_11	CONV_06	ITEM_20	SYN_C2	north	casual	2010s	SYN_TARGET	true	true	true	false	true	165.0	165.19	SYNTHETIC_TEACHING_FIXTURE
HIT_0221	SYN_TOKEN_0221	SYN_CORPUS_A	SYN_1.0	REC_12	SYN_CORP_SPK_12	SESSION_12	CONV_06	ITEM_01	SYN_C1	south	interview	2010s	SYN_TARGET	true	true	true	true	true	165.75	165.865	SYNTHETIC_TEACHING_FIXTURE
HIT_0222	SYN_TOKEN_0222	SYN_CORPUS_A	SYN_1.0	REC_12	SYN_CORP_SPK_12	SESSION_12	CONV_06	ITEM_02	SYN_C2	south	interview	2010s	SYN_TARGET	true	true	true	true	true	166.5	166.625	SYNTHETIC_TEACHING_FIXTURE
HIT_0223	SYN_TOKEN_0223	SYN_CORPUS_A	SYN_1.0	REC_12	SYN_CORP_SPK_12	SESSION_12	CONV_06	ITEM_03	SYN_C1	south	interview	2010s	SYN_TARGET	true	true	true	true	true	167.25	167.449	SYNTHETIC_TEACHING_FIXTURE
HIT_0224	SYN_TOKEN_0224	SYN_CORPUS_A	SYN_1.0	REC_12	SYN_CORP_SPK_12	SESSION_12	CONV_06	ITEM_04	SYN_C2	south	interview	2010s	SYN_TARGET	true	true	true	true	true	168.0	168.204	SYNTHETIC_TEACHING_FIXTURE
HIT_0225	SYN_TOKEN_0225	SYN_CORPUS_A	SYN_1.0	REC_12	SYN_CORP_SPK_12	SESSION_12	CONV_06	ITEM_05	SYN_C1	south	interview	2010s	SYN_TARGET	true	true	true	true	true	168.75	168.855	SYNTHETIC_TEACHING_FIXTURE
HIT_0225_DUP	SYN_TOKEN_0225	SYN_CORPUS_A	SYN_1.0	REC_12	SYN_CORP_SPK_12	SESSION_12	CONV_06	ITEM_05	SYN_C1	south	interview	2010s	SYN_TARGET	true	true	true	true	true	168.751	168.855	SYNTHETIC_TEACHING_FIXTURE
HIT_0226	SYN_TOKEN_0226	SYN_CORPUS_A	SYN_1.0	REC_12	SYN_CORP_SPK_12	SESSION_12	CONV_06	ITEM_06	SYN_C2	south	interview	2010s	SYN_TARGET	true	true	true	true	true	169.5	169.59	SYNTHETIC_TEACHING_FIXTURE
HIT_0227	SYN_TOKEN_0227	SYN_CORPUS_A	SYN_1.0	REC_12	SYN_CORP_SPK_12	SESSION_12	CONV_06	ITEM_07	SYN_C1	south	interview	2010s	SYN_TARGET	true	true	true	true	true	170.25	170.383	SYNTHETIC_TEACHING_FIXTURE
HIT_0228	SYN_TOKEN_0228	SYN_CORPUS_A	SYN_1.0	REC_12	SYN_CORP_SPK_12	SESSION_12	CONV_06	ITEM_08	SYN_C2	south	interview	2010s	SYN_TARGET	true	true	true	true	true	171.0	171.155	SYNTHETIC_TEACHING_FIXTURE
HIT_0229	SYN_TOKEN_0229	SYN_CORPUS_A	SYN_1.0	REC_12	SYN_CORP_SPK_12	SESSION_12	CONV_06	ITEM_09	SYN_C1	south	interview	2010s	SYN_TARGET	true	true	true	true	true	171.75	171.831	SYNTHETIC_TEACHING_FIXTURE
HIT_0230	SYN_TOKEN_0230	SYN_CORPUS_A	SYN_1.0	REC_12	SYN_CORP_SPK_12	SESSION_12	CONV_06	ITEM_10	SYN_C2	south	interview	2010s	SYN_TARGET	true	true	true	true	true	172.5	172.619	SYNTHETIC_TEACHING_FIXTURE
HIT_0231	SYN_TOKEN_0231	SYN_CORPUS_A	SYN_1.0	REC_12	SYN_CORP_SPK_12	SESSION_12	CONV_06	ITEM_11	SYN_C1	south	interview	2010s	SYN_TARGET	true	true	true	true	true	173.25	173.423	SYNTHETIC_TEACHING_FIXTURE
HIT_0232	SYN_TOKEN_0232	SYN_CORPUS_A	SYN_1.0	REC_12	SYN_CORP_SPK_12	SESSION_12	CONV_06	ITEM_12	SYN_C2	south	interview	2010s	SYN_TARGET	true	true	true	true	true	174.0	174.107	SYNTHETIC_TEACHING_FIXTURE
HIT_0233	SYN_TOKEN_0233	SYN_CORPUS_A	SYN_1.0	REC_12	SYN_CORP_SPK_12	SESSION_12	CONV_06	ITEM_13	SYN_C1	south	interview	2010s	SYN_TARGET	false	true	true	true	true	174.75	174.869	SYNTHETIC_TEACHING_FIXTURE
HIT_0234	SYN_TOKEN_0234	SYN_CORPUS_A	SYN_1.0	REC_12	SYN_CORP_SPK_12	SESSION_12	CONV_06	ITEM_14	SYN_C2	south	interview	2010s	SYN_TARGET	true	true	true	true	true	175.5	175.606	SYNTHETIC_TEACHING_FIXTURE
HIT_0235	SYN_TOKEN_0235	SYN_CORPUS_A	SYN_1.0	REC_12	SYN_CORP_SPK_12	SESSION_12	CONV_06	ITEM_15	SYN_C1	south	interview	2010s	SYN_TARGET	true	true	true	true	true	176.25	176.336	SYNTHETIC_TEACHING_FIXTURE
HIT_0236	SYN_TOKEN_0236	SYN_CORPUS_A	SYN_1.0	REC_12	SYN_CORP_SPK_12	SESSION_12	CONV_06	ITEM_16	SYN_C2	south	interview	2010s	SYN_TARGET	true	true	true	true	true	177.0	177.14	SYNTHETIC_TEACHING_FIXTURE
HIT_0237	SYN_TOKEN_0237	SYN_CORPUS_A	SYN_1.0	REC_12	SYN_CORP_SPK_12	SESSION_12	CONV_06	ITEM_17	SYN_C1	south	interview	2010s	SYN_TARGET	true	false	false	false	true	177.75	177.91	SYNTHETIC_TEACHING_FIXTURE
HIT_0238	SYN_TOKEN_0238	SYN_CORPUS_A	SYN_1.0	REC_12	SYN_CORP_SPK_12	SESSION_12	CONV_06	ITEM_18	SYN_C2	south	interview	2010s	SYN_TARGET	true	true	true	true	true	178.5	178.641	SYNTHETIC_TEACHING_FIXTURE
HIT_0239	SYN_TOKEN_0239	SYN_CORPUS_A	SYN_1.0	REC_12	SYN_CORP_SPK_12	SESSION_12	CONV_06	ITEM_19	SYN_C1	south	interview	2010s	SYN_TARGET	true	true	false	false	true	179.25	179.361	SYNTHETIC_TEACHING_FIXTURE
HIT_0240	SYN_TOKEN_0240	SYN_CORPUS_A	SYN_1.0	REC_12	SYN_CORP_SPK_12	SESSION_12	CONV_06	ITEM_20	SYN_C2	south	interview	2010s	SYN_TARGET	true	true	true	true	true	180.0	180.212	SYNTHETIC_TEACHING_FIXTURE
HIT_0240_DUP	SYN_TOKEN_0240	SYN_CORPUS_A	SYN_1.0	REC_12	SYN_CORP_SPK_12	SESSION_12	CONV_06	ITEM_20	SYN_C2	south	interview	2010s	SYN_TARGET	true	true	true	true	true	180.001	180.212	SYNTHETIC_TEACHING_FIXTURE
HIT_0241	SYN_TOKEN_0241	SYN_CORPUS_A	SYN_1.0	REC_13	SYN_CORP_SPK_13	SESSION_13	CONV_07	ITEM_01	SYN_C1	north	casual	2010s	SYN_TARGET	true	true	true	true	true	180.75	180.916	SYNTHETIC_TEACHING_FIXTURE
HIT_0242	SYN_TOKEN_0242	SYN_CORPUS_A	SYN_1.0	REC_13	SYN_CORP_SPK_13	SESSION_13	CONV_07	ITEM_02	SYN_C2	north	casual	2010s	SYN_TARGET	true	true	true	true	true	181.5	181.696	SYNTHETIC_TEACHING_FIXTURE
HIT_0243	SYN_TOKEN_0243	SYN_CORPUS_A	SYN_1.0	REC_13	SYN_CORP_SPK_13	SESSION_13	CONV_07	ITEM_03	SYN_C1	north	casual	2010s	SYN_TARGET	true	true	true	true	true	182.25	182.45	SYNTHETIC_TEACHING_FIXTURE
HIT_0244	SYN_TOKEN_0244	SYN_CORPUS_A	SYN_1.0	REC_13	SYN_CORP_SPK_13	SESSION_13	CONV_07	ITEM_04	SYN_C2	north	casual	2010s	SYN_TARGET	true	true	true	true	true	183.0	183.206	SYNTHETIC_TEACHING_FIXTURE
HIT_0245	SYN_TOKEN_0245	SYN_CORPUS_A	SYN_1.0	REC_13	SYN_CORP_SPK_13	SESSION_13	CONV_07	ITEM_05	SYN_C1	north	casual	2010s	SYN_TARGET	true	true	true	true	true	183.75	183.874	SYNTHETIC_TEACHING_FIXTURE
HIT_0246	SYN_TOKEN_0246	SYN_CORPUS_A	SYN_1.0	REC_13	SYN_CORP_SPK_13	SESSION_13	CONV_07	ITEM_06	SYN_C2	north	casual	2010s	SYN_TARGET	true	true	true	true	true	184.5	184.596	SYNTHETIC_TEACHING_FIXTURE
HIT_0247	SYN_TOKEN_0247	SYN_CORPUS_A	SYN_1.0	REC_13	SYN_CORP_SPK_13	SESSION_13	CONV_07	ITEM_07	SYN_C1	north	casual	2010s	SYN_TARGET	true	true	true	true	true	185.25	185.427	SYNTHETIC_TEACHING_FIXTURE
HIT_0248	SYN_TOKEN_0248	SYN_CORPUS_A	SYN_1.0	REC_13	SYN_CORP_SPK_13	SESSION_13	CONV_07	ITEM_08	SYN_C2	north	casual	2010s	SYN_TARGET	true	true	true	true	true	186.0	186.131	SYNTHETIC_TEACHING_FIXTURE
HIT_0249	SYN_TOKEN_0249	SYN_CORPUS_A	SYN_1.0	REC_13	SYN_CORP_SPK_13	SESSION_13	CONV_07	ITEM_09	SYN_C1	north	casual	2010s	SYN_TARGET	true	true	true	true	true	186.75	186.86	SYNTHETIC_TEACHING_FIXTURE
HIT_0250	SYN_TOKEN_0250	SYN_CORPUS_A	SYN_1.0	REC_13	SYN_CORP_SPK_13	SESSION_13	CONV_07	ITEM_10	SYN_C2	north	casual	2010s	SYN_TARGET	true	true	true	true	true	187.5	187.699	SYNTHETIC_TEACHING_FIXTURE
HIT_0251	SYN_TOKEN_0251	SYN_CORPUS_A	SYN_1.0	REC_13	SYN_CORP_SPK_13	SESSION_13	CONV_07	ITEM_11	SYN_C1	north	casual	2010s	SYN_TARGET	true	true	true	true	true	188.25	188.433	SYNTHETIC_TEACHING_FIXTURE
HIT_0252	SYN_TOKEN_0252	SYN_CORPUS_A	SYN_1.0	REC_13	SYN_CORP_SPK_13	SESSION_13	CONV_07	ITEM_12	SYN_C2	north	casual	2010s	SYN_TARGET	true	true	true	true	true	189.0	189.134	SYNTHETIC_TEACHING_FIXTURE
HIT_0253	SYN_TOKEN_0253	SYN_CORPUS_A	SYN_1.0	REC_13	SYN_CORP_SPK_13	SESSION_13	CONV_07	ITEM_13	SYN_C1	north	casual	2010s	SYN_TARGET	false	true	true	true	true	189.75	189.863	SYNTHETIC_TEACHING_FIXTURE
HIT_0254	SYN_TOKEN_0254	SYN_CORPUS_A	SYN_1.0	REC_13	SYN_CORP_SPK_13	SESSION_13	CONV_07	ITEM_14	SYN_C2	north	casual	2010s	SYN_TARGET	true	true	true	true	true	190.5	190.596	SYNTHETIC_TEACHING_FIXTURE
HIT_0255	SYN_TOKEN_0255	SYN_CORPUS_A	SYN_1.0	REC_13	SYN_CORP_SPK_13	SESSION_13	CONV_07	ITEM_15	SYN_C1	north	casual	2010s	SYN_TARGET	true	true	true	true	true	191.25	191.335	SYNTHETIC_TEACHING_FIXTURE
HIT_0255_DUP	SYN_TOKEN_0255	SYN_CORPUS_A	SYN_1.0	REC_13	SYN_CORP_SPK_13	SESSION_13	CONV_07	ITEM_15	SYN_C1	north	casual	2010s	SYN_TARGET	true	true	true	true	true	191.251	191.335	SYNTHETIC_TEACHING_FIXTURE
HIT_0256	SYN_TOKEN_0256	SYN_CORPUS_A	SYN_1.0	REC_13	SYN_CORP_SPK_13	SESSION_13	CONV_07	ITEM_16	SYN_C2	north	casual	2010s	SYN_TARGET	true	true	true	true	true	192.0	192.151	SYNTHETIC_TEACHING_FIXTURE
HIT_0257	SYN_TOKEN_0257	SYN_CORPUS_A	SYN_1.0	REC_13	SYN_CORP_SPK_13	SESSION_13	CONV_07	ITEM_17	SYN_C1	north	casual	2010s	SYN_TARGET	true	false	false	false	true	192.75	192.97	SYNTHETIC_TEACHING_FIXTURE
HIT_0258	SYN_TOKEN_0258	SYN_CORPUS_A	SYN_1.0	REC_13	SYN_CORP_SPK_13	SESSION_13	CONV_07	ITEM_18	SYN_C2	north	casual	2010s	SYN_TARGET	true	true	true	true	true	193.5	193.715	SYNTHETIC_TEACHING_FIXTURE
HIT_0259	SYN_TOKEN_0259	SYN_CORPUS_A	SYN_1.0	REC_13	SYN_CORP_SPK_13	SESSION_13	CONV_07	ITEM_19	SYN_C1	north	casual	2010s	SYN_TARGET	true	true	false	false	true	194.25	194.441	SYNTHETIC_TEACHING_FIXTURE
HIT_0260	SYN_TOKEN_0260	SYN_CORPUS_A	SYN_1.0	REC_13	SYN_CORP_SPK_13	SESSION_13	CONV_07	ITEM_20	SYN_C2	north	casual	2010s	SYN_TARGET	true	true	true	true	true	195.0	195.08	SYNTHETIC_TEACHING_FIXTURE
HIT_0261	SYN_TOKEN_0261	SYN_CORPUS_A	SYN_1.0	REC_14	SYN_CORP_SPK_14	SESSION_14	CONV_07	ITEM_01	SYN_C1	north	interview	2010s	SYN_TARGET	true	true	true	true	true	195.75	195.948	SYNTHETIC_TEACHING_FIXTURE
HIT_0262	SYN_TOKEN_0262	SYN_CORPUS_A	SYN_1.0	REC_14	SYN_CORP_SPK_14	SESSION_14	CONV_07	ITEM_02	SYN_C2	north	interview	2010s	SYN_TARGET	true	true	true	true	true	196.5	196.674	SYNTHETIC_TEACHING_FIXTURE
HIT_0263	SYN_TOKEN_0263	SYN_CORPUS_A	SYN_1.0	REC_14	SYN_CORP_SPK_14	SESSION_14	CONV_07	ITEM_03	SYN_C1	north	interview	2010s	SYN_TARGET	true	true	true	true	true	197.25	197.4	SYNTHETIC_TEACHING_FIXTURE
HIT_0264	SYN_TOKEN_0264	SYN_CORPUS_A	SYN_1.0	REC_14	SYN_CORP_SPK_14	SESSION_14	CONV_07	ITEM_04	SYN_C2	north	interview	2010s	SYN_TARGET	true	true	true	true	true	198.0	198.158	SYNTHETIC_TEACHING_FIXTURE
HIT_0265	SYN_TOKEN_0265	SYN_CORPUS_A	SYN_1.0	REC_14	SYN_CORP_SPK_14	SESSION_14	CONV_07	ITEM_05	SYN_C1	north	interview	2010s	SYN_TARGET	true	true	true	true	true	198.75	198.876	SYNTHETIC_TEACHING_FIXTURE
HIT_0266	SYN_TOKEN_0266	SYN_CORPUS_A	SYN_1.0	REC_14	SYN_CORP_SPK_14	SESSION_14	CONV_07	ITEM_06	SYN_C2	north	interview	2010s	SYN_TARGET	true	true	true	true	true	199.5	199.641	SYNTHETIC_TEACHING_FIXTURE
HIT_0267	SYN_TOKEN_0267	SYN_CORPUS_A	SYN_1.0	REC_14	SYN_CORP_SPK_14	SESSION_14	CONV_07	ITEM_07	SYN_C1	north	interview	2010s	SYN_TARGET	true	true	true	true	true	200.25	200.363	SYNTHETIC_TEACHING_FIXTURE
HIT_0268	SYN_TOKEN_0268	SYN_CORPUS_A	SYN_1.0	REC_14	SYN_CORP_SPK_14	SESSION_14	CONV_07	ITEM_08	SYN_C2	north	interview	2010s	SYN_TARGET	true	true	true	true	true	201.0	201.137	SYNTHETIC_TEACHING_FIXTURE
HIT_0269	SYN_TOKEN_0269	SYN_CORPUS_A	SYN_1.0	REC_14	SYN_CORP_SPK_14	SESSION_14	CONV_07	ITEM_09	SYN_C1	north	interview	2010s	SYN_TARGET	true	true	true	true	true	201.75	201.969	SYNTHETIC_TEACHING_FIXTURE
HIT_0270	SYN_TOKEN_0270	SYN_CORPUS_A	SYN_1.0	REC_14	SYN_CORP_SPK_14	SESSION_14	CONV_07	ITEM_10	SYN_C2	north	interview	2010s	SYN_TARGET	true	true	true	true	true	202.5	202.629	SYNTHETIC_TEACHING_FIXTURE
HIT_0270_DUP	SYN_TOKEN_0270	SYN_CORPUS_A	SYN_1.0	REC_14	SYN_CORP_SPK_14	SESSION_14	CONV_07	ITEM_10	SYN_C2	north	interview	2010s	SYN_TARGET	true	true	true	true	true	202.501	202.629	SYNTHETIC_TEACHING_FIXTURE
HIT_0271	SYN_TOKEN_0271	SYN_CORPUS_A	SYN_1.0	REC_14	SYN_CORP_SPK_14	SESSION_14	CONV_07	ITEM_11	SYN_C1	north	interview	2010s	SYN_TARGET	true	true	true	true	true	203.25	203.355	SYNTHETIC_TEACHING_FIXTURE
HIT_0272	SYN_TOKEN_0272	SYN_CORPUS_A	SYN_1.0	REC_14	SYN_CORP_SPK_14	SESSION_14	CONV_07	ITEM_12	SYN_C2	north	interview	2010s	SYN_TARGET	true	true	true	true	true	204.0	204.084	SYNTHETIC_TEACHING_FIXTURE
HIT_0273	SYN_TOKEN_0273	SYN_CORPUS_A	SYN_1.0	REC_14	SYN_CORP_SPK_14	SESSION_14	CONV_07	ITEM_13	SYN_C1	north	interview	2010s	SYN_TARGET	false	true	true	true	true	204.75	204.866	SYNTHETIC_TEACHING_FIXTURE
HIT_0274	SYN_TOKEN_0274	SYN_CORPUS_A	SYN_1.0	REC_14	SYN_CORP_SPK_14	SESSION_14	CONV_07	ITEM_14	SYN_C2	north	interview	2010s	SYN_TARGET	true	true	true	true	true	205.5	205.718	SYNTHETIC_TEACHING_FIXTURE
HIT_0275	SYN_TOKEN_0275	SYN_CORPUS_A	SYN_1.0	REC_14	SYN_CORP_SPK_14	SESSION_14	CONV_07	ITEM_15	SYN_C1	north	interview	2010s	SYN_TARGET	true	true	true	true	true	206.25	206.426	SYNTHETIC_TEACHING_FIXTURE
HIT_0276	SYN_TOKEN_0276	SYN_CORPUS_A	SYN_1.0	REC_14	SYN_CORP_SPK_14	SESSION_14	CONV_07	ITEM_16	SYN_C2	north	interview	2010s	SYN_TARGET	true	true	true	true	true	207.0	207.087	SYNTHETIC_TEACHING_FIXTURE
HIT_0277	SYN_TOKEN_0277	SYN_CORPUS_A	SYN_1.0	REC_14	SYN_CORP_SPK_14	SESSION_14	CONV_07	ITEM_17	SYN_C1	north	interview	2010s	SYN_TARGET	true	false	false	false	true	207.75	207.858	SYNTHETIC_TEACHING_FIXTURE
HIT_0278	SYN_TOKEN_0278	SYN_CORPUS_A	SYN_1.0	REC_14	SYN_CORP_SPK_14	SESSION_14	CONV_07	ITEM_18	SYN_C2	north	interview	2010s	SYN_TARGET	true	true	true	true	true	208.5	208.624	SYNTHETIC_TEACHING_FIXTURE
HIT_0279	SYN_TOKEN_0279	SYN_CORPUS_A	SYN_1.0	REC_14	SYN_CORP_SPK_14	SESSION_14	CONV_07	ITEM_19	SYN_C1	north	interview	2010s	SYN_TARGET	true	true	false	false	true	209.25	209.349	SYNTHETIC_TEACHING_FIXTURE
HIT_0280	SYN_TOKEN_0280	SYN_CORPUS_A	SYN_1.0	REC_14	SYN_CORP_SPK_14	SESSION_14	CONV_07	ITEM_20	SYN_C2	north	interview	2010s	SYN_TARGET	true	true	true	true	true	210.0	210.082	SYNTHETIC_TEACHING_FIXTURE
HIT_0281	SYN_TOKEN_0281	SYN_CORPUS_A	SYN_1.0	REC_15	SYN_CORP_SPK_15	SESSION_15	CONV_08	ITEM_01	SYN_C1	south	casual	2010s	SYN_TARGET	true	true	true	true	true	210.75	210.847	SYNTHETIC_TEACHING_FIXTURE
HIT_0282	SYN_TOKEN_0282	SYN_CORPUS_A	SYN_1.0	REC_15	SYN_CORP_SPK_15	SESSION_15	CONV_08	ITEM_02	SYN_C2	south	casual	2010s	SYN_TARGET	true	true	true	true	true	211.5	211.686	SYNTHETIC_TEACHING_FIXTURE
HIT_0283	SYN_TOKEN_0283	SYN_CORPUS_A	SYN_1.0	REC_15	SYN_CORP_SPK_15	SESSION_15	CONV_08	ITEM_03	SYN_C1	south	casual	2010s	SYN_TARGET	true	true	true	true	true	212.25	212.448	SYNTHETIC_TEACHING_FIXTURE
HIT_0284	SYN_TOKEN_0284	SYN_CORPUS_A	SYN_1.0	REC_15	SYN_CORP_SPK_15	SESSION_15	CONV_08	ITEM_04	SYN_C2	south	casual	2010s	SYN_TARGET	true	true	true	true	true	213.0	213.182	SYNTHETIC_TEACHING_FIXTURE
HIT_0285	SYN_TOKEN_0285	SYN_CORPUS_A	SYN_1.0	REC_15	SYN_CORP_SPK_15	SESSION_15	CONV_08	ITEM_05	SYN_C1	south	casual	2010s	SYN_TARGET	true	true	true	true	true	213.75	213.844	SYNTHETIC_TEACHING_FIXTURE
HIT_0285_DUP	SYN_TOKEN_0285	SYN_CORPUS_A	SYN_1.0	REC_15	SYN_CORP_SPK_15	SESSION_15	CONV_08	ITEM_05	SYN_C1	south	casual	2010s	SYN_TARGET	true	true	true	true	true	213.751	213.844	SYNTHETIC_TEACHING_FIXTURE
HIT_0286	SYN_TOKEN_0286	SYN_CORPUS_A	SYN_1.0	REC_15	SYN_CORP_SPK_15	SESSION_15	CONV_08	ITEM_06	SYN_C2	south	casual	2010s	SYN_TARGET	true	true	true	true	true	214.5	214.68	SYNTHETIC_TEACHING_FIXTURE
HIT_0287	SYN_TOKEN_0287	SYN_CORPUS_A	SYN_1.0	REC_15	SYN_CORP_SPK_15	SESSION_15	CONV_08	ITEM_07	SYN_C1	south	casual	2010s	SYN_TARGET	true	true	true	true	true	215.25	215.356	SYNTHETIC_TEACHING_FIXTURE
HIT_0288	SYN_TOKEN_0288	SYN_CORPUS_A	SYN_1.0	REC_15	SYN_CORP_SPK_15	SESSION_15	CONV_08	ITEM_08	SYN_C2	south	casual	2010s	SYN_TARGET	true	true	true	true	true	216.0	216.207	SYNTHETIC_TEACHING_FIXTURE
HIT_0289	SYN_TOKEN_0289	SYN_CORPUS_A	SYN_1.0	REC_15	SYN_CORP_SPK_15	SESSION_15	CONV_08	ITEM_09	SYN_C1	south	casual	2010s	SYN_TARGET	true	true	true	true	true	216.75	216.951	SYNTHETIC_TEACHING_FIXTURE
HIT_0290	SYN_TOKEN_0290	SYN_CORPUS_A	SYN_1.0	REC_15	SYN_CORP_SPK_15	SESSION_15	CONV_08	ITEM_10	SYN_C2	south	casual	2010s	SYN_TARGET	true	true	true	true	true	217.5	217.656	SYNTHETIC_TEACHING_FIXTURE
HIT_0291	SYN_TOKEN_0291	SYN_CORPUS_A	SYN_1.0	REC_15	SYN_CORP_SPK_15	SESSION_15	CONV_08	ITEM_11	SYN_C1	south	casual	2010s	SYN_TARGET	true	true	true	true	true	218.25	218.392	SYNTHETIC_TEACHING_FIXTURE
HIT_0292	SYN_TOKEN_0292	SYN_CORPUS_A	SYN_1.0	REC_15	SYN_CORP_SPK_15	SESSION_15	CONV_08	ITEM_12	SYN_C2	south	casual	2010s	SYN_TARGET	true	true	true	true	true	219.0	219.093	SYNTHETIC_TEACHING_FIXTURE
HIT_0293	SYN_TOKEN_0293	SYN_CORPUS_A	SYN_1.0	REC_15	SYN_CORP_SPK_15	SESSION_15	CONV_08	ITEM_13	SYN_C1	south	casual	2010s	SYN_TARGET	false	true	true	true	true	219.75	219.844	SYNTHETIC_TEACHING_FIXTURE
HIT_0294	SYN_TOKEN_0294	SYN_CORPUS_A	SYN_1.0	REC_15	SYN_CORP_SPK_15	SESSION_15	CONV_08	ITEM_14	SYN_C2	south	casual	2010s	SYN_TARGET	true	true	true	true	true	220.5	220.68	SYNTHETIC_TEACHING_FIXTURE
HIT_0295	SYN_TOKEN_0295	SYN_CORPUS_A	SYN_1.0	REC_15	SYN_CORP_SPK_15	SESSION_15	CONV_08	ITEM_15	SYN_C1	south	casual	2010s	SYN_TARGET	true	true	true	true	true	221.25	221.377	SYNTHETIC_TEACHING_FIXTURE
HIT_0296	SYN_TOKEN_0296	SYN_CORPUS_A	SYN_1.0	REC_15	SYN_CORP_SPK_15	SESSION_15	CONV_08	ITEM_16	SYN_C2	south	casual	2010s	SYN_TARGET	true	true	true	true	true	222.0	222.132	SYNTHETIC_TEACHING_FIXTURE
HIT_0297	SYN_TOKEN_0297	SYN_CORPUS_A	SYN_1.0	REC_15	SYN_CORP_SPK_15	SESSION_15	CONV_08	ITEM_17	SYN_C1	south	casual	2010s	SYN_TARGET	true	false	false	false	true	222.75	222.859	SYNTHETIC_TEACHING_FIXTURE
HIT_0298	SYN_TOKEN_0298	SYN_CORPUS_A	SYN_1.0	REC_15	SYN_CORP_SPK_15	SESSION_15	CONV_08	ITEM_18	SYN_C2	south	casual	2010s	SYN_TARGET	true	true	true	true	true	223.5	223.714	SYNTHETIC_TEACHING_FIXTURE
HIT_0299	SYN_TOKEN_0299	SYN_CORPUS_A	SYN_1.0	REC_15	SYN_CORP_SPK_15	SESSION_15	CONV_08	ITEM_19	SYN_C1	south	casual	2010s	SYN_TARGET	true	true	false	false	true	224.25	224.442	SYNTHETIC_TEACHING_FIXTURE
HIT_0300	SYN_TOKEN_0300	SYN_CORPUS_A	SYN_1.0	REC_15	SYN_CORP_SPK_15	SESSION_15	CONV_08	ITEM_20	SYN_C2	south	casual	2010s	SYN_TARGET	true	true	true	true	true	225.0	225.123	SYNTHETIC_TEACHING_FIXTURE
HIT_0300_DUP	SYN_TOKEN_0300	SYN_CORPUS_A	SYN_1.0	REC_15	SYN_CORP_SPK_15	SESSION_15	CONV_08	ITEM_20	SYN_C2	south	casual	2010s	SYN_TARGET	true	true	true	true	true	225.001	225.123	SYNTHETIC_TEACHING_FIXTURE
HIT_0301	SYN_TOKEN_0301	SYN_CORPUS_A	SYN_1.0	REC_16	SYN_CORP_SPK_16	SESSION_16	CONV_08	ITEM_01	SYN_C1	north	interview	2010s	SYN_TARGET	true	true	true	true	true	225.75	225.92	SYNTHETIC_TEACHING_FIXTURE
HIT_0302	SYN_TOKEN_0302	SYN_CORPUS_A	SYN_1.0	REC_16	SYN_CORP_SPK_16	SESSION_16	CONV_08	ITEM_02	SYN_C2	north	interview	2010s	SYN_TARGET	true	true	true	true	true	226.5	226.617	SYNTHETIC_TEACHING_FIXTURE
HIT_0303	SYN_TOKEN_0303	SYN_CORPUS_A	SYN_1.0	REC_16	SYN_CORP_SPK_16	SESSION_16	CONV_08	ITEM_03	SYN_C1	north	interview	2010s	SYN_TARGET	true	true	true	true	true	227.25	227.396	SYNTHETIC_TEACHING_FIXTURE
HIT_0304	SYN_TOKEN_0304	SYN_CORPUS_A	SYN_1.0	REC_16	SYN_CORP_SPK_16	SESSION_16	CONV_08	ITEM_04	SYN_C2	north	interview	2010s	SYN_TARGET	true	true	true	true	true	228.0	228.1	SYNTHETIC_TEACHING_FIXTURE
HIT_0305	SYN_TOKEN_0305	SYN_CORPUS_A	SYN_1.0	REC_16	SYN_CORP_SPK_16	SESSION_16	CONV_08	ITEM_05	SYN_C1	north	interview	2010s	SYN_TARGET	true	true	true	true	true	228.75	228.966	SYNTHETIC_TEACHING_FIXTURE
HIT_0306	SYN_TOKEN_0306	SYN_CORPUS_A	SYN_1.0	REC_16	SYN_CORP_SPK_16	SESSION_16	CONV_08	ITEM_06	SYN_C2	north	interview	2010s	SYN_TARGET	true	true	true	true	true	229.5	229.658	SYNTHETIC_TEACHING_FIXTURE
HIT_0307	SYN_TOKEN_0307	SYN_CORPUS_A	SYN_1.0	REC_16	SYN_CORP_SPK_16	SESSION_16	CONV_08	ITEM_07	SYN_C1	north	interview	2010s	SYN_TARGET	true	true	true	true	true	230.25	230.401	SYNTHETIC_TEACHING_FIXTURE
HIT_0308	SYN_TOKEN_0308	SYN_CORPUS_A	SYN_1.0	REC_16	SYN_CORP_SPK_16	SESSION_16	CONV_08	ITEM_08	SYN_C2	north	interview	2010s	SYN_TARGET	true	true	true	true	true	231.0	231.198	SYNTHETIC_TEACHING_FIXTURE
HIT_0309	SYN_TOKEN_0309	SYN_CORPUS_A	SYN_1.0	REC_16	SYN_CORP_SPK_16	SESSION_16	CONV_08	ITEM_09	SYN_C1	north	interview	2010s	SYN_TARGET	true	true	true	true	true	231.75	231.838	SYNTHETIC_TEACHING_FIXTURE
HIT_0310	SYN_TOKEN_0310	SYN_CORPUS_A	SYN_1.0	REC_16	SYN_CORP_SPK_16	SESSION_16	CONV_08	ITEM_10	SYN_C2	north	interview	2010s	SYN_TARGET	true	true	true	true	true	232.5	232.662	SYNTHETIC_TEACHING_FIXTURE
HIT_0311	SYN_TOKEN_0311	SYN_CORPUS_A	SYN_1.0	REC_16	SYN_CORP_SPK_16	SESSION_16	CONV_08	ITEM_11	SYN_C1	north	interview	2010s	SYN_TARGET	true	true	true	true	true	233.25	233.428	SYNTHETIC_TEACHING_FIXTURE
HIT_0312	SYN_TOKEN_0312	SYN_CORPUS_A	SYN_1.0	REC_16	SYN_CORP_SPK_16	SESSION_16	CONV_08	ITEM_12	SYN_C2	north	interview	2010s	SYN_TARGET	true	true	true	true	true	234.0	234.123	SYNTHETIC_TEACHING_FIXTURE
HIT_0313	SYN_TOKEN_0313	SYN_CORPUS_A	SYN_1.0	REC_16	SYN_CORP_SPK_16	SESSION_16	CONV_08	ITEM_13	SYN_C1	north	interview	2010s	SYN_TARGET	false	true	true	true	true	234.75	234.872	SYNTHETIC_TEACHING_FIXTURE
HIT_0314	SYN_TOKEN_0314	SYN_CORPUS_A	SYN_1.0	REC_16	SYN_CORP_SPK_16	SESSION_16	CONV_08	ITEM_14	SYN_C2	north	interview	2010s	SYN_TARGET	true	true	true	true	true	235.5	235.655	SYNTHETIC_TEACHING_FIXTURE
HIT_0315	SYN_TOKEN_0315	SYN_CORPUS_A	SYN_1.0	REC_16	SYN_CORP_SPK_16	SESSION_16	CONV_08	ITEM_15	SYN_C1	north	interview	2010s	SYN_TARGET	true	true	true	true	true	236.25	236.437	SYNTHETIC_TEACHING_FIXTURE
HIT_0315_DUP	SYN_TOKEN_0315	SYN_CORPUS_A	SYN_1.0	REC_16	SYN_CORP_SPK_16	SESSION_16	CONV_08	ITEM_15	SYN_C1	north	interview	2010s	SYN_TARGET	true	true	true	true	true	236.251	236.437	SYNTHETIC_TEACHING_FIXTURE
HIT_0316	SYN_TOKEN_0316	SYN_CORPUS_A	SYN_1.0	REC_16	SYN_CORP_SPK_16	SESSION_16	CONV_08	ITEM_16	SYN_C2	north	interview	2010s	SYN_TARGET	true	true	true	true	true	237.0	237.096	SYNTHETIC_TEACHING_FIXTURE
HIT_0317	SYN_TOKEN_0317	SYN_CORPUS_A	SYN_1.0	REC_16	SYN_CORP_SPK_16	SESSION_16	CONV_08	ITEM_17	SYN_C1	north	interview	2010s	SYN_TARGET	true	false	false	false	true	237.75	237.877	SYNTHETIC_TEACHING_FIXTURE
HIT_0318	SYN_TOKEN_0318	SYN_CORPUS_A	SYN_1.0	REC_16	SYN_CORP_SPK_16	SESSION_16	CONV_08	ITEM_18	SYN_C2	north	interview	2010s	SYN_TARGET	true	true	true	true	true	238.5	238.609	SYNTHETIC_TEACHING_FIXTURE
HIT_0319	SYN_TOKEN_0319	SYN_CORPUS_A	SYN_1.0	REC_16	SYN_CORP_SPK_16	SESSION_16	CONV_08	ITEM_19	SYN_C1	north	interview	2010s	SYN_TARGET	true	true	false	false	true	239.25	239.352	SYNTHETIC_TEACHING_FIXTURE
HIT_0320	SYN_TOKEN_0320	SYN_CORPUS_A	SYN_1.0	REC_16	SYN_CORP_SPK_16	SESSION_16	CONV_08	ITEM_20	SYN_C2	north	interview	2010s	SYN_TARGET	true	true	true	true	true	240.0	240.106	SYNTHETIC_TEACHING_FIXTURE
HIT_0321	SYN_TOKEN_0321	SYN_CORPUS_A	SYN_1.0	REC_17	SYN_CORP_SPK_17	SESSION_17	CONV_09	ITEM_01	SYN_C1	north	casual	2010s	SYN_TARGET	true	true	true	true	true	240.75	240.853	SYNTHETIC_TEACHING_FIXTURE
HIT_0322	SYN_TOKEN_0322	SYN_CORPUS_A	SYN_1.0	REC_17	SYN_CORP_SPK_17	SESSION_17	CONV_09	ITEM_02	SYN_C2	north	casual	2010s	SYN_TARGET	true	true	true	true	true	241.5	241.618	SYNTHETIC_TEACHING_FIXTURE
HIT_0323	SYN_TOKEN_0323	SYN_CORPUS_A	SYN_1.0	REC_17	SYN_CORP_SPK_17	SESSION_17	CONV_09	ITEM_03	SYN_C1	north	casual	2010s	SYN_TARGET	true	true	true	true	true	242.25	242.422	SYNTHETIC_TEACHING_FIXTURE
HIT_0324	SYN_TOKEN_0324	SYN_CORPUS_A	SYN_1.0	REC_17	SYN_CORP_SPK_17	SESSION_17	CONV_09	ITEM_04	SYN_C2	north	casual	2010s	SYN_TARGET	true	true	true	true	true	243.0	243.083	SYNTHETIC_TEACHING_FIXTURE
HIT_0325	SYN_TOKEN_0325	SYN_CORPUS_A	SYN_1.0	REC_17	SYN_CORP_SPK_17	SESSION_17	CONV_09	ITEM_05	SYN_C1	north	casual	2010s	SYN_TARGET	true	true	true	true	true	243.75	243.902	SYNTHETIC_TEACHING_FIXTURE
HIT_0326	SYN_TOKEN_0326	SYN_CORPUS_A	SYN_1.0	REC_17	SYN_CORP_SPK_17	SESSION_17	CONV_09	ITEM_06	SYN_C2	north	casual	2010s	SYN_TARGET	true	true	true	true	true	244.5	244.622	SYNTHETIC_TEACHING_FIXTURE
HIT_0327	SYN_TOKEN_0327	SYN_CORPUS_A	SYN_1.0	REC_17	SYN_CORP_SPK_17	SESSION_17	CONV_09	ITEM_07	SYN_C1	north	casual	2010s	SYN_TARGET	true	true	true	true	true	245.25	245.354	SYNTHETIC_TEACHING_FIXTURE
HIT_0328	SYN_TOKEN_0328	SYN_CORPUS_A	SYN_1.0	REC_17	SYN_CORP_SPK_17	SESSION_17	CONV_09	ITEM_08	SYN_C2	north	casual	2010s	SYN_TARGET	true	true	true	true	true	246.0	246.105	SYNTHETIC_TEACHING_FIXTURE
HIT_0329	SYN_TOKEN_0329	SYN_CORPUS_A	SYN_1.0	REC_17	SYN_CORP_SPK_17	SESSION_17	CONV_09	ITEM_09	SYN_C1	north	casual	2010s	SYN_TARGET	true	true	true	true	true	246.75	246.884	SYNTHETIC_TEACHING_FIXTURE
HIT_0330	SYN_TOKEN_0330	SYN_CORPUS_A	SYN_1.0	REC_17	SYN_CORP_SPK_17	SESSION_17	CONV_09	ITEM_10	SYN_C2	north	casual	2010s	SYN_TARGET	true	true	true	true	true	247.5	247.692	SYNTHETIC_TEACHING_FIXTURE
HIT_0330_DUP	SYN_TOKEN_0330	SYN_CORPUS_A	SYN_1.0	REC_17	SYN_CORP_SPK_17	SESSION_17	CONV_09	ITEM_10	SYN_C2	north	casual	2010s	SYN_TARGET	true	true	true	true	true	247.501	247.692	SYNTHETIC_TEACHING_FIXTURE
HIT_0331	SYN_TOKEN_0331	SYN_CORPUS_A	SYN_1.0	REC_17	SYN_CORP_SPK_17	SESSION_17	CONV_09	ITEM_11	SYN_C1	north	casual	2010s	SYN_TARGET	true	true	true	true	true	248.25	248.428	SYNTHETIC_TEACHING_FIXTURE
HIT_0332	SYN_TOKEN_0332	SYN_CORPUS_A	SYN_1.0	REC_17	SYN_CORP_SPK_17	SESSION_17	CONV_09	ITEM_12	SYN_C2	north	casual	2010s	SYN_TARGET	true	true	true	true	true	249.0	249.116	SYNTHETIC_TEACHING_FIXTURE
HIT_0333	SYN_TOKEN_0333	SYN_CORPUS_A	SYN_1.0	REC_17	SYN_CORP_SPK_17	SESSION_17	CONV_09	ITEM_13	SYN_C1	north	casual	2010s	SYN_TARGET	false	true	true	true	true	249.75	249.926	SYNTHETIC_TEACHING_FIXTURE
HIT_0334	SYN_TOKEN_0334	SYN_CORPUS_A	SYN_1.0	REC_17	SYN_CORP_SPK_17	SESSION_17	CONV_09	ITEM_14	SYN_C2	north	casual	2010s	SYN_TARGET	true	true	true	true	true	250.5	250.612	SYNTHETIC_TEACHING_FIXTURE
HIT_0335	SYN_TOKEN_0335	SYN_CORPUS_A	SYN_1.0	REC_17	SYN_CORP_SPK_17	SESSION_17	CONV_09	ITEM_15	SYN_C1	north	casual	2010s	SYN_TARGET	true	true	true	true	true	251.25	251.379	SYNTHETIC_TEACHING_FIXTURE
HIT_0336	SYN_TOKEN_0336	SYN_CORPUS_A	SYN_1.0	REC_17	SYN_CORP_SPK_17	SESSION_17	CONV_09	ITEM_16	SYN_C2	north	casual	2010s	SYN_TARGET	true	true	true	true	true	252.0	252.164	SYNTHETIC_TEACHING_FIXTURE
HIT_0337	SYN_TOKEN_0337	SYN_CORPUS_A	SYN_1.0	REC_17	SYN_CORP_SPK_17	SESSION_17	CONV_09	ITEM_17	SYN_C1	north	casual	2010s	SYN_TARGET	true	false	false	false	true	252.75	252.861	SYNTHETIC_TEACHING_FIXTURE
HIT_0338	SYN_TOKEN_0338	SYN_CORPUS_A	SYN_1.0	REC_17	SYN_CORP_SPK_17	SESSION_17	CONV_09	ITEM_18	SYN_C2	north	casual	2010s	SYN_TARGET	true	true	true	true	true	253.5	253.677	SYNTHETIC_TEACHING_FIXTURE
HIT_0339	SYN_TOKEN_0339	SYN_CORPUS_A	SYN_1.0	REC_17	SYN_CORP_SPK_17	SESSION_17	CONV_09	ITEM_19	SYN_C1	north	casual	2010s	SYN_TARGET	true	true	false	false	true	254.25	254.416	SYNTHETIC_TEACHING_FIXTURE
HIT_0340	SYN_TOKEN_0340	SYN_CORPUS_A	SYN_1.0	REC_17	SYN_CORP_SPK_17	SESSION_17	CONV_09	ITEM_20	SYN_C2	north	casual	2010s	SYN_TARGET	true	true	true	true	true	255.0	255.16	SYNTHETIC_TEACHING_FIXTURE
HIT_0341	SYN_TOKEN_0341	SYN_CORPUS_A	SYN_1.0	REC_18	SYN_CORP_SPK_18	SESSION_18	CONV_09	ITEM_01	SYN_C1	south	interview	2010s	SYN_TARGET	true	true	true	true	true	255.75	255.858	SYNTHETIC_TEACHING_FIXTURE
HIT_0342	SYN_TOKEN_0342	SYN_CORPUS_A	SYN_1.0	REC_18	SYN_CORP_SPK_18	SESSION_18	CONV_09	ITEM_02	SYN_C2	south	interview	2010s	SYN_TARGET	true	true	true	true	true	256.5	256.715	SYNTHETIC_TEACHING_FIXTURE
HIT_0343	SYN_TOKEN_0343	SYN_CORPUS_A	SYN_1.0	REC_18	SYN_CORP_SPK_18	SESSION_18	CONV_09	ITEM_03	SYN_C1	south	interview	2010s	SYN_TARGET	true	true	true	true	true	257.25	257.332	SYNTHETIC_TEACHING_FIXTURE
HIT_0344	SYN_TOKEN_0344	SYN_CORPUS_A	SYN_1.0	REC_18	SYN_CORP_SPK_18	SESSION_18	CONV_09	ITEM_04	SYN_C2	south	interview	2010s	SYN_TARGET	true	true	true	true	true	258.0	258.189	SYNTHETIC_TEACHING_FIXTURE
HIT_0345	SYN_TOKEN_0345	SYN_CORPUS_A	SYN_1.0	REC_18	SYN_CORP_SPK_18	SESSION_18	CONV_09	ITEM_05	SYN_C1	south	interview	2010s	SYN_TARGET	true	true	true	true	true	258.75	258.868	SYNTHETIC_TEACHING_FIXTURE
HIT_0345_DUP	SYN_TOKEN_0345	SYN_CORPUS_A	SYN_1.0	REC_18	SYN_CORP_SPK_18	SESSION_18	CONV_09	ITEM_05	SYN_C1	south	interview	2010s	SYN_TARGET	true	true	true	true	true	258.751	258.868	SYNTHETIC_TEACHING_FIXTURE
HIT_0346	SYN_TOKEN_0346	SYN_CORPUS_A	SYN_1.0	REC_18	SYN_CORP_SPK_18	SESSION_18	CONV_09	ITEM_06	SYN_C2	south	interview	2010s	SYN_TARGET	true	true	true	true	true	259.5	259.585	SYNTHETIC_TEACHING_FIXTURE
HIT_0347	SYN_TOKEN_0347	SYN_CORPUS_A	SYN_1.0	REC_18	SYN_CORP_SPK_18	SESSION_18	CONV_09	ITEM_07	SYN_C1	south	interview	2010s	SYN_TARGET	true	true	true	true	true	260.25	260.434	SYNTHETIC_TEACHING_FIXTURE
HIT_0348	SYN_TOKEN_0348	SYN_CORPUS_A	SYN_1.0	REC_18	SYN_CORP_SPK_18	SESSION_18	CONV_09	ITEM_08	SYN_C2	south	interview	2010s	SYN_TARGET	true	true	true	true	true	261.0	261.152	SYNTHETIC_TEACHING_FIXTURE
HIT_0349	SYN_TOKEN_0349	SYN_CORPUS_A	SYN_1.0	REC_18	SYN_CORP_SPK_18	SESSION_18	CONV_09	ITEM_09	SYN_C1	south	interview	2010s	SYN_TARGET	true	true	true	true	true	261.75	261.833	SYNTHETIC_TEACHING_FIXTURE
HIT_0350	SYN_TOKEN_0350	SYN_CORPUS_A	SYN_1.0	REC_18	SYN_CORP_SPK_18	SESSION_18	CONV_09	ITEM_10	SYN_C2	south	interview	2010s	SYN_TARGET	true	true	true	true	true	262.5	262.599	SYNTHETIC_TEACHING_FIXTURE
HIT_0351	SYN_TOKEN_0351	SYN_CORPUS_A	SYN_1.0	REC_18	SYN_CORP_SPK_18	SESSION_18	CONV_09	ITEM_11	SYN_C1	south	interview	2010s	SYN_TARGET	true	true	true	true	true	263.25	263.388	SYNTHETIC_TEACHING_FIXTURE
HIT_0352	SYN_TOKEN_0352	SYN_CORPUS_A	SYN_1.0	REC_18	SYN_CORP_SPK_18	SESSION_18	CONV_09	ITEM_12	SYN_C2	south	interview	2010s	SYN_TARGET	true	true	true	true	true	264.0	264.105	SYNTHETIC_TEACHING_FIXTURE
HIT_0353	SYN_TOKEN_0353	SYN_CORPUS_A	SYN_1.0	REC_18	SYN_CORP_SPK_18	SESSION_18	CONV_09	ITEM_13	SYN_C1	south	interview	2010s	SYN_TARGET	false	true	true	true	true	264.75	264.871	SYNTHETIC_TEACHING_FIXTURE
HIT_0354	SYN_TOKEN_0354	SYN_CORPUS_A	SYN_1.0	REC_18	SYN_CORP_SPK_18	SESSION_18	CONV_09	ITEM_14	SYN_C2	south	interview	2010s	SYN_TARGET	true	true	true	true	true	265.5	265.694	SYNTHETIC_TEACHING_FIXTURE
HIT_0355	SYN_TOKEN_0355	SYN_CORPUS_A	SYN_1.0	REC_18	SYN_CORP_SPK_18	SESSION_18	CONV_09	ITEM_15	SYN_C1	south	interview	2010s	SYN_TARGET	true	true	true	true	true	266.25	266.379	SYNTHETIC_TEACHING_FIXTURE
HIT_0356	SYN_TOKEN_0356	SYN_CORPUS_A	SYN_1.0	REC_18	SYN_CORP_SPK_18	SESSION_18	CONV_09	ITEM_16	SYN_C2	south	interview	2010s	SYN_TARGET	true	true	true	true	true	267.0	267.148	SYNTHETIC_TEACHING_FIXTURE
HIT_0357	SYN_TOKEN_0357	SYN_CORPUS_A	SYN_1.0	REC_18	SYN_CORP_SPK_18	SESSION_18	CONV_09	ITEM_17	SYN_C1	south	interview	2010s	SYN_TARGET	true	false	false	false	true	267.75	267.866	SYNTHETIC_TEACHING_FIXTURE
HIT_0358	SYN_TOKEN_0358	SYN_CORPUS_A	SYN_1.0	REC_18	SYN_CORP_SPK_18	SESSION_18	CONV_09	ITEM_18	SYN_C2	south	interview	2010s	SYN_TARGET	true	true	true	true	true	268.5	268.605	SYNTHETIC_TEACHING_FIXTURE
HIT_0359	SYN_TOKEN_0359	SYN_CORPUS_A	SYN_1.0	REC_18	SYN_CORP_SPK_18	SESSION_18	CONV_09	ITEM_19	SYN_C1	south	interview	2010s	SYN_TARGET	true	true	false	false	true	269.25	269.399	SYNTHETIC_TEACHING_FIXTURE
HIT_0360	SYN_TOKEN_0360	SYN_CORPUS_A	SYN_1.0	REC_18	SYN_CORP_SPK_18	SESSION_18	CONV_09	ITEM_20	SYN_C2	south	interview	2010s	SYN_TARGET	true	true	true	true	true	270.0	270.112	SYNTHETIC_TEACHING_FIXTURE
HIT_0360_DUP	SYN_TOKEN_0360	SYN_CORPUS_A	SYN_1.0	REC_18	SYN_CORP_SPK_18	SESSION_18	CONV_09	ITEM_20	SYN_C2	south	interview	2010s	SYN_TARGET	true	true	true	true	true	270.001	270.112	SYNTHETIC_TEACHING_FIXTURE
HIT_0361	SYN_TOKEN_0361	SYN_CORPUS_B	SYN_1.0	REC_19	SYN_CORP_SPK_19	SESSION_19	CONV_10	ITEM_01	SYN_C1	north	casual	2020s	SYN_TARGET	true	true	true	true	true	270.75	270.889	SYNTHETIC_TEACHING_FIXTURE
HIT_0362	SYN_TOKEN_0362	SYN_CORPUS_B	SYN_1.0	REC_19	SYN_CORP_SPK_19	SESSION_19	CONV_10	ITEM_02	SYN_C2	north	casual	2020s	SYN_TARGET	true	true	true	true	true	271.5	271.666	SYNTHETIC_TEACHING_FIXTURE
HIT_0363	SYN_TOKEN_0363	SYN_CORPUS_B	SYN_1.0	REC_19	SYN_CORP_SPK_19	SESSION_19	CONV_10	ITEM_03	SYN_C1	north	casual	2020s	SYN_TARGET	true	true	true	true	true	272.25	272.395	SYNTHETIC_TEACHING_FIXTURE
HIT_0364	SYN_TOKEN_0364	SYN_CORPUS_B	SYN_1.0	REC_19	SYN_CORP_SPK_19	SESSION_19	CONV_10	ITEM_04	SYN_C2	north	casual	2020s	SYN_TARGET	true	true	true	true	true	273.0	273.124	SYNTHETIC_TEACHING_FIXTURE
HIT_0365	SYN_TOKEN_0365	SYN_CORPUS_B	SYN_1.0	REC_19	SYN_CORP_SPK_19	SESSION_19	CONV_10	ITEM_05	SYN_C1	north	casual	2020s	SYN_TARGET	true	false	false	false	true	273.75	273.882	SYNTHETIC_TEACHING_FIXTURE
HIT_0366	SYN_TOKEN_0366	SYN_CORPUS_B	SYN_1.0	REC_19	SYN_CORP_SPK_19	SESSION_19	CONV_10	ITEM_06	SYN_C2	north	casual	2020s	SYN_TARGET	true	true	true	true	true	274.5	274.582	SYNTHETIC_TEACHING_FIXTURE
HIT_0367	SYN_TOKEN_0367	SYN_CORPUS_B	SYN_1.0	REC_19	SYN_CORP_SPK_19	SESSION_19	CONV_10	ITEM_07	SYN_C1	north	casual	2020s	SYN_TARGET	true	true	true	true	true	275.25	275.46	SYNTHETIC_TEACHING_FIXTURE
HIT_0368	SYN_TOKEN_0368	SYN_CORPUS_B	SYN_1.0	REC_19	SYN_CORP_SPK_19	SESSION_19	CONV_10	ITEM_08	SYN_C2	north	casual	2020s	SYN_TARGET	true	true	true	true	true	276.0	276.116	SYNTHETIC_TEACHING_FIXTURE
HIT_0369	SYN_TOKEN_0369	SYN_CORPUS_B	SYN_1.0	REC_19	SYN_CORP_SPK_19	SESSION_19	CONV_10	ITEM_09	SYN_C1	north	casual	2020s	SYN_TARGET	true	true	true	true	true	276.75	276.896	SYNTHETIC_TEACHING_FIXTURE
HIT_0370	SYN_TOKEN_0370	SYN_CORPUS_B	SYN_1.0	REC_19	SYN_CORP_SPK_19	SESSION_19	CONV_10	ITEM_10	SYN_C2	north	casual	2020s	SYN_TARGET	true	false	false	false	true	277.5	277.647	SYNTHETIC_TEACHING_FIXTURE
HIT_0371	SYN_TOKEN_0371	SYN_CORPUS_B	SYN_1.0	REC_19	SYN_CORP_SPK_19	SESSION_19	CONV_10	ITEM_11	SYN_C1	north	casual	2020s	SYN_TARGET	true	true	true	true	true	278.25	278.359	SYNTHETIC_TEACHING_FIXTURE
HIT_0372	SYN_TOKEN_0372	SYN_CORPUS_B	SYN_1.0	REC_19	SYN_CORP_SPK_19	SESSION_19	CONV_10	ITEM_12	SYN_C2	north	casual	2020s	SYN_TARGET	true	true	true	true	true	279.0	279.101	SYNTHETIC_TEACHING_FIXTURE
HIT_0373	SYN_TOKEN_0373	SYN_CORPUS_B	SYN_1.0	REC_19	SYN_CORP_SPK_19	SESSION_19	CONV_10	ITEM_13	SYN_C1	north	casual	2020s	SYN_TARGET	false	true	true	true	true	279.75	279.97	SYNTHETIC_TEACHING_FIXTURE
HIT_0374	SYN_TOKEN_0374	SYN_CORPUS_B	SYN_1.0	REC_19	SYN_CORP_SPK_19	SESSION_19	CONV_10	ITEM_14	SYN_C2	north	casual	2020s	SYN_TARGET	true	true	true	true	true	280.5	280.587	SYNTHETIC_TEACHING_FIXTURE
HIT_0375	SYN_TOKEN_0375	SYN_CORPUS_B	SYN_1.0	REC_19	SYN_CORP_SPK_19	SESSION_19	CONV_10	ITEM_15	SYN_C1	north	casual	2020s	SYN_TARGET	true	false	false	false	true	281.25	281.426	SYNTHETIC_TEACHING_FIXTURE
HIT_0375_DUP	SYN_TOKEN_0375	SYN_CORPUS_B	SYN_1.0	REC_19	SYN_CORP_SPK_19	SESSION_19	CONV_10	ITEM_15	SYN_C1	north	casual	2020s	SYN_TARGET	true	false	false	false	true	281.251	281.426	SYNTHETIC_TEACHING_FIXTURE
HIT_0376	SYN_TOKEN_0376	SYN_CORPUS_B	SYN_1.0	REC_19	SYN_CORP_SPK_19	SESSION_19	CONV_10	ITEM_16	SYN_C2	north	casual	2020s	SYN_TARGET	true	true	true	true	true	282.0	282.13	SYNTHETIC_TEACHING_FIXTURE
HIT_0377	SYN_TOKEN_0377	SYN_CORPUS_B	SYN_1.0	REC_19	SYN_CORP_SPK_19	SESSION_19	CONV_10	ITEM_17	SYN_C1	north	casual	2020s	SYN_TARGET	true	false	false	false	true	282.75	282.927	SYNTHETIC_TEACHING_FIXTURE
HIT_0378	SYN_TOKEN_0378	SYN_CORPUS_B	SYN_1.0	REC_19	SYN_CORP_SPK_19	SESSION_19	CONV_10	ITEM_18	SYN_C2	north	casual	2020s	SYN_TARGET	true	true	true	true	true	283.5	283.623	SYNTHETIC_TEACHING_FIXTURE
HIT_0379	SYN_TOKEN_0379	SYN_CORPUS_B	SYN_1.0	REC_19	SYN_CORP_SPK_19	SESSION_19	CONV_10	ITEM_19	SYN_C1	north	casual	2020s	SYN_TARGET	true	true	false	false	true	284.25	284.387	SYNTHETIC_TEACHING_FIXTURE
HIT_0380	SYN_TOKEN_0380	SYN_CORPUS_B	SYN_1.0	REC_19	SYN_CORP_SPK_19	SESSION_19	CONV_10	ITEM_20	SYN_C2	north	casual	2020s	SYN_TARGET	true	false	false	false	true	285.0	285.167	SYNTHETIC_TEACHING_FIXTURE
HIT_0381	SYN_TOKEN_0381	SYN_CORPUS_B	SYN_1.0	REC_20	SYN_CORP_SPK_20	SESSION_20	CONV_10	ITEM_01	SYN_C1	north	interview	2020s	SYN_TARGET	true	true	true	true	true	285.75	285.916	SYNTHETIC_TEACHING_FIXTURE
HIT_0382	SYN_TOKEN_0382	SYN_CORPUS_B	SYN_1.0	REC_20	SYN_CORP_SPK_20	SESSION_20	CONV_10	ITEM_02	SYN_C2	north	interview	2020s	SYN_TARGET	true	true	true	true	true	286.5	286.609	SYNTHETIC_TEACHING_FIXTURE
HIT_0383	SYN_TOKEN_0383	SYN_CORPUS_B	SYN_1.0	REC_20	SYN_CORP_SPK_20	SESSION_20	CONV_10	ITEM_03	SYN_C1	north	interview	2020s	SYN_TARGET	true	true	true	true	true	287.25	287.394	SYNTHETIC_TEACHING_FIXTURE
HIT_0384	SYN_TOKEN_0384	SYN_CORPUS_B	SYN_1.0	REC_20	SYN_CORP_SPK_20	SESSION_20	CONV_10	ITEM_04	SYN_C2	north	interview	2020s	SYN_TARGET	true	true	true	true	true	288.0	288.201	SYNTHETIC_TEACHING_FIXTURE
HIT_0385	SYN_TOKEN_0385	SYN_CORPUS_B	SYN_1.0	REC_20	SYN_CORP_SPK_20	SESSION_20	CONV_10	ITEM_05	SYN_C1	north	interview	2020s	SYN_TARGET	true	true	true	true	true	288.75	288.943	SYNTHETIC_TEACHING_FIXTURE
HIT_0386	SYN_TOKEN_0386	SYN_CORPUS_B	SYN_1.0	REC_20	SYN_CORP_SPK_20	SESSION_20	CONV_10	ITEM_06	SYN_C2	north	interview	2020s	SYN_TARGET	true	true	true	true	false	289.5	289.677	SYNTHETIC_TEACHING_FIXTURE
HIT_0387	SYN_TOKEN_0387	SYN_CORPUS_B	SYN_1.0	REC_20	SYN_CORP_SPK_20	SESSION_20	CONV_10	ITEM_07	SYN_C1	north	interview	2020s	SYN_TARGET	true	true	true	true	true	290.25	290.408	SYNTHETIC_TEACHING_FIXTURE
HIT_0388	SYN_TOKEN_0388	SYN_CORPUS_B	SYN_1.0	REC_20	SYN_CORP_SPK_20	SESSION_20	CONV_10	ITEM_08	SYN_C2	north	interview	2020s	SYN_TARGET	true	true	true	true	true	291.0	291.161	SYNTHETIC_TEACHING_FIXTURE
HIT_0389	SYN_TOKEN_0389	SYN_CORPUS_B	SYN_1.0	REC_20	SYN_CORP_SPK_20	SESSION_20	CONV_10	ITEM_09	SYN_C1	north	interview	2020s	SYN_TARGET	true	true	true	true	true	291.75	291.846	SYNTHETIC_TEACHING_FIXTURE
HIT_0390	SYN_TOKEN_0390	SYN_CORPUS_B	SYN_1.0	REC_20	SYN_CORP_SPK_20	SESSION_20	CONV_10	ITEM_10	SYN_C2	north	interview	2020s	SYN_TARGET	true	true	true	true	true	292.5	292.663	SYNTHETIC_TEACHING_FIXTURE
HIT_0390_DUP	SYN_TOKEN_0390	SYN_CORPUS_B	SYN_1.0	REC_20	SYN_CORP_SPK_20	SESSION_20	CONV_10	ITEM_10	SYN_C2	north	interview	2020s	SYN_TARGET	true	true	true	true	true	292.501	292.663	SYNTHETIC_TEACHING_FIXTURE
HIT_0391	SYN_TOKEN_0391	SYN_CORPUS_B	SYN_1.0	REC_20	SYN_CORP_SPK_20	SESSION_20	CONV_10	ITEM_11	SYN_C1	north	interview	2020s	SYN_TARGET	true	true	true	true	true	293.25	293.424	SYNTHETIC_TEACHING_FIXTURE
HIT_0392	SYN_TOKEN_0392	SYN_CORPUS_B	SYN_1.0	REC_20	SYN_CORP_SPK_20	SESSION_20	CONV_10	ITEM_12	SYN_C2	north	interview	2020s	SYN_TARGET	true	true	true	true	false	294.0	294.127	SYNTHETIC_TEACHING_FIXTURE
HIT_0393	SYN_TOKEN_0393	SYN_CORPUS_B	SYN_1.0	REC_20	SYN_CORP_SPK_20	SESSION_20	CONV_10	ITEM_13	SYN_C1	north	interview	2020s	SYN_TARGET	false	true	true	true	true	294.75	294.914	SYNTHETIC_TEACHING_FIXTURE
HIT_0394	SYN_TOKEN_0394	SYN_CORPUS_B	SYN_1.0	REC_20	SYN_CORP_SPK_20	SESSION_20	CONV_10	ITEM_14	SYN_C2	north	interview	2020s	SYN_TARGET	true	true	true	true	true	295.5	295.72	SYNTHETIC_TEACHING_FIXTURE
HIT_0395	SYN_TOKEN_0395	SYN_CORPUS_B	SYN_1.0	REC_20	SYN_CORP_SPK_20	SESSION_20	CONV_10	ITEM_15	SYN_C1	north	interview	2020s	SYN_TARGET	true	true	true	true	true	296.25	296.455	SYNTHETIC_TEACHING_FIXTURE
HIT_0396	SYN_TOKEN_0396	SYN_CORPUS_B	SYN_1.0	REC_20	SYN_CORP_SPK_20	SESSION_20	CONV_10	ITEM_16	SYN_C2	north	interview	2020s	SYN_TARGET	true	true	true	true	true	297.0	297.194	SYNTHETIC_TEACHING_FIXTURE
HIT_0397	SYN_TOKEN_0397	SYN_CORPUS_B	SYN_1.0	REC_20	SYN_CORP_SPK_20	SESSION_20	CONV_10	ITEM_17	SYN_C1	north	interview	2020s	SYN_TARGET	true	false	false	false	true	297.75	297.859	SYNTHETIC_TEACHING_FIXTURE
HIT_0398	SYN_TOKEN_0398	SYN_CORPUS_B	SYN_1.0	REC_20	SYN_CORP_SPK_20	SESSION_20	CONV_10	ITEM_18	SYN_C2	north	interview	2020s	SYN_TARGET	true	true	true	true	false	298.5	298.702	SYNTHETIC_TEACHING_FIXTURE
HIT_0399	SYN_TOKEN_0399	SYN_CORPUS_B	SYN_1.0	REC_20	SYN_CORP_SPK_20	SESSION_20	CONV_10	ITEM_19	SYN_C1	north	interview	2020s	SYN_TARGET	true	true	false	false	true	299.25	299.372	SYNTHETIC_TEACHING_FIXTURE
HIT_0400	SYN_TOKEN_0400	SYN_CORPUS_B	SYN_1.0	REC_20	SYN_CORP_SPK_20	SESSION_20	CONV_10	ITEM_20	SYN_C2	north	interview	2020s	SYN_TARGET	true	true	true	true	true	300.0	300.171	SYNTHETIC_TEACHING_FIXTURE
HIT_0401	SYN_TOKEN_0401	SYN_CORPUS_B	SYN_1.0	REC_21	SYN_CORP_SPK_21	SESSION_21	CONV_11	ITEM_01	SYN_C1	south	casual	2020s	SYN_TARGET	true	true	true	true	true	300.75	300.896	SYNTHETIC_TEACHING_FIXTURE
HIT_0402	SYN_TOKEN_0402	SYN_CORPUS_B	SYN_1.0	REC_21	SYN_CORP_SPK_21	SESSION_21	CONV_11	ITEM_02	SYN_C2	south	casual	2020s	SYN_TARGET	true	true	true	true	true	301.5	301.625	SYNTHETIC_TEACHING_FIXTURE
HIT_0403	SYN_TOKEN_0403	SYN_CORPUS_B	SYN_1.0	REC_21	SYN_CORP_SPK_21	SESSION_21	CONV_11	ITEM_03	SYN_C1	south	casual	2020s	SYN_TARGET	true	true	true	true	true	302.25	302.391	SYNTHETIC_TEACHING_FIXTURE
HIT_0404	SYN_TOKEN_0404	SYN_CORPUS_B	SYN_1.0	REC_21	SYN_CORP_SPK_21	SESSION_21	CONV_11	ITEM_04	SYN_C2	south	casual	2020s	SYN_TARGET	true	true	true	true	true	303.0	303.082	SYNTHETIC_TEACHING_FIXTURE
HIT_0405	SYN_TOKEN_0405	SYN_CORPUS_B	SYN_1.0	REC_21	SYN_CORP_SPK_21	SESSION_21	CONV_11	ITEM_05	SYN_C1	south	casual	2020s	SYN_TARGET	true	false	false	false	true	303.75	303.954	SYNTHETIC_TEACHING_FIXTURE
HIT_0405_DUP	SYN_TOKEN_0405	SYN_CORPUS_B	SYN_1.0	REC_21	SYN_CORP_SPK_21	SESSION_21	CONV_11	ITEM_05	SYN_C1	south	casual	2020s	SYN_TARGET	true	false	false	false	true	303.751	303.954	SYNTHETIC_TEACHING_FIXTURE
HIT_0406	SYN_TOKEN_0406	SYN_CORPUS_B	SYN_1.0	REC_21	SYN_CORP_SPK_21	SESSION_21	CONV_11	ITEM_06	SYN_C2	south	casual	2020s	SYN_TARGET	true	true	true	true	true	304.5	304.649	SYNTHETIC_TEACHING_FIXTURE
HIT_0407	SYN_TOKEN_0407	SYN_CORPUS_B	SYN_1.0	REC_21	SYN_CORP_SPK_21	SESSION_21	CONV_11	ITEM_07	SYN_C1	south	casual	2020s	SYN_TARGET	true	true	true	true	true	305.25	305.365	SYNTHETIC_TEACHING_FIXTURE
HIT_0408	SYN_TOKEN_0408	SYN_CORPUS_B	SYN_1.0	REC_21	SYN_CORP_SPK_21	SESSION_21	CONV_11	ITEM_08	SYN_C2	south	casual	2020s	SYN_TARGET	true	true	true	true	true	306.0	306.139	SYNTHETIC_TEACHING_FIXTURE
HIT_0409	SYN_TOKEN_0409	SYN_CORPUS_B	SYN_1.0	REC_21	SYN_CORP_SPK_21	SESSION_21	CONV_11	ITEM_09	SYN_C1	south	casual	2020s	SYN_TARGET	true	true	true	true	true	306.75	306.926	SYNTHETIC_TEACHING_FIXTURE
HIT_0410	SYN_TOKEN_0410	SYN_CORPUS_B	SYN_1.0	REC_21	SYN_CORP_SPK_21	SESSION_21	CONV_11	ITEM_10	SYN_C2	south	casual	2020s	SYN_TARGET	true	false	false	false	true	307.5	307.719	SYNTHETIC_TEACHING_FIXTURE
HIT_0411	SYN_TOKEN_0411	SYN_CORPUS_B	SYN_1.0	REC_21	SYN_CORP_SPK_21	SESSION_21	CONV_11	ITEM_11	SYN_C1	south	casual	2020s	SYN_TARGET	true	true	true	true	true	308.25	308.377	SYNTHETIC_TEACHING_FIXTURE
HIT_0412	SYN_TOKEN_0412	SYN_CORPUS_B	SYN_1.0	REC_21	SYN_CORP_SPK_21	SESSION_21	CONV_11	ITEM_12	SYN_C2	south	casual	2020s	SYN_TARGET	true	true	true	true	true	309.0	309.145	SYNTHETIC_TEACHING_FIXTURE
HIT_0413	SYN_TOKEN_0413	SYN_CORPUS_B	SYN_1.0	REC_21	SYN_CORP_SPK_21	SESSION_21	CONV_11	ITEM_13	SYN_C1	south	casual	2020s	SYN_TARGET	false	true	true	true	true	309.75	309.964	SYNTHETIC_TEACHING_FIXTURE
HIT_0414	SYN_TOKEN_0414	SYN_CORPUS_B	SYN_1.0	REC_21	SYN_CORP_SPK_21	SESSION_21	CONV_11	ITEM_14	SYN_C2	south	casual	2020s	SYN_TARGET	true	true	true	true	true	310.5	310.72	SYNTHETIC_TEACHING_FIXTURE
HIT_0415	SYN_TOKEN_0415	SYN_CORPUS_B	SYN_1.0	REC_21	SYN_CORP_SPK_21	SESSION_21	CONV_11	ITEM_15	SYN_C1	south	casual	2020s	SYN_TARGET	true	false	false	false	true	311.25	311.364	SYNTHETIC_TEACHING_FIXTURE
HIT_0416	SYN_TOKEN_0416	SYN_CORPUS_B	SYN_1.0	REC_21	SYN_CORP_SPK_21	SESSION_21	CONV_11	ITEM_16	SYN_C2	south	casual	2020s	SYN_TARGET	true	true	true	true	true	312.0	312.134	SYNTHETIC_TEACHING_FIXTURE
HIT_0417	SYN_TOKEN_0417	SYN_CORPUS_B	SYN_1.0	REC_21	SYN_CORP_SPK_21	SESSION_21	CONV_11	ITEM_17	SYN_C1	south	casual	2020s	SYN_TARGET	true	false	false	false	true	312.75	312.874	SYNTHETIC_TEACHING_FIXTURE
HIT_0418	SYN_TOKEN_0418	SYN_CORPUS_B	SYN_1.0	REC_21	SYN_CORP_SPK_21	SESSION_21	CONV_11	ITEM_18	SYN_C2	south	casual	2020s	SYN_TARGET	true	true	true	true	true	313.5	313.613	SYNTHETIC_TEACHING_FIXTURE
HIT_0419	SYN_TOKEN_0419	SYN_CORPUS_B	SYN_1.0	REC_21	SYN_CORP_SPK_21	SESSION_21	CONV_11	ITEM_19	SYN_C1	south	casual	2020s	SYN_TARGET	true	true	false	false	true	314.25	314.367	SYNTHETIC_TEACHING_FIXTURE
HIT_0420	SYN_TOKEN_0420	SYN_CORPUS_B	SYN_1.0	REC_21	SYN_CORP_SPK_21	SESSION_21	CONV_11	ITEM_20	SYN_C2	south	casual	2020s	SYN_TARGET	true	false	false	false	true	315.0	315.207	SYNTHETIC_TEACHING_FIXTURE
HIT_0420_DUP	SYN_TOKEN_0420	SYN_CORPUS_B	SYN_1.0	REC_21	SYN_CORP_SPK_21	SESSION_21	CONV_11	ITEM_20	SYN_C2	south	casual	2020s	SYN_TARGET	true	false	false	false	true	315.001	315.207	SYNTHETIC_TEACHING_FIXTURE
HIT_0421	SYN_TOKEN_0421	SYN_CORPUS_B	SYN_1.0	REC_22	SYN_CORP_SPK_22	SESSION_22	CONV_11	ITEM_01	SYN_C1	north	interview	2020s	SYN_TARGET	true	true	true	true	true	315.75	315.874	SYNTHETIC_TEACHING_FIXTURE
HIT_0422	SYN_TOKEN_0422	SYN_CORPUS_B	SYN_1.0	REC_22	SYN_CORP_SPK_22	SESSION_22	CONV_11	ITEM_02	SYN_C2	north	interview	2020s	SYN_TARGET	true	true	true	true	true	316.5	316.636	SYNTHETIC_TEACHING_FIXTURE
HIT_0423	SYN_TOKEN_0423	SYN_CORPUS_B	SYN_1.0	REC_22	SYN_CORP_SPK_22	SESSION_22	CONV_11	ITEM_03	SYN_C1	north	interview	2020s	SYN_TARGET	true	true	true	true	true	317.25	317.349	SYNTHETIC_TEACHING_FIXTURE
HIT_0424	SYN_TOKEN_0424	SYN_CORPUS_B	SYN_1.0	REC_22	SYN_CORP_SPK_22	SESSION_22	CONV_11	ITEM_04	SYN_C2	north	interview	2020s	SYN_TARGET	true	true	true	false	true	318.0	318.197	SYNTHETIC_TEACHING_FIXTURE
HIT_0425	SYN_TOKEN_0425	SYN_CORPUS_B	SYN_1.0	REC_22	SYN_CORP_SPK_22	SESSION_22	CONV_11	ITEM_05	SYN_C1	north	interview	2020s	SYN_TARGET	true	true	true	true	true	318.75	318.884	SYNTHETIC_TEACHING_FIXTURE
HIT_0426	SYN_TOKEN_0426	SYN_CORPUS_B	SYN_1.0	REC_22	SYN_CORP_SPK_22	SESSION_22	CONV_11	ITEM_06	SYN_C2	north	interview	2020s	SYN_TARGET	true	true	true	true	true	319.5	319.64	SYNTHETIC_TEACHING_FIXTURE
HIT_0427	SYN_TOKEN_0427	SYN_CORPUS_B	SYN_1.0	REC_22	SYN_CORP_SPK_22	SESSION_22	CONV_11	ITEM_07	SYN_C1	north	interview	2020s	SYN_TARGET	true	true	true	true	true	320.25	320.386	SYNTHETIC_TEACHING_FIXTURE
HIT_0428	SYN_TOKEN_0428	SYN_CORPUS_B	SYN_1.0	REC_22	SYN_CORP_SPK_22	SESSION_22	CONV_11	ITEM_08	SYN_C2	north	interview	2020s	SYN_TARGET	true	true	true	false	true	321.0	321.117	SYNTHETIC_TEACHING_FIXTURE
HIT_0429	SYN_TOKEN_0429	SYN_CORPUS_B	SYN_1.0	REC_22	SYN_CORP_SPK_22	SESSION_22	CONV_11	ITEM_09	SYN_C1	north	interview	2020s	SYN_TARGET	true	true	true	true	true	321.75	321.845	SYNTHETIC_TEACHING_FIXTURE
HIT_0430	SYN_TOKEN_0430	SYN_CORPUS_B	SYN_1.0	REC_22	SYN_CORP_SPK_22	SESSION_22	CONV_11	ITEM_10	SYN_C2	north	interview	2020s	SYN_TARGET	true	true	true	true	true	322.5	322.644	SYNTHETIC_TEACHING_FIXTURE
HIT_0431	SYN_TOKEN_0431	SYN_CORPUS_B	SYN_1.0	REC_22	SYN_CORP_SPK_22	SESSION_22	CONV_11	ITEM_11	SYN_C1	north	interview	2020s	SYN_TARGET	true	true	true	true	true	323.25	323.354	SYNTHETIC_TEACHING_FIXTURE
HIT_0432	SYN_TOKEN_0432	SYN_CORPUS_B	SYN_1.0	REC_22	SYN_CORP_SPK_22	SESSION_22	CONV_11	ITEM_12	SYN_C2	north	interview	2020s	SYN_TARGET	true	true	true	false	true	324.0	324.165	SYNTHETIC_TEACHING_FIXTURE
HIT_0433	SYN_TOKEN_0433	SYN_CORPUS_B	SYN_1.0	REC_22	SYN_CORP_SPK_22	SESSION_22	CONV_11	ITEM_13	SYN_C1	north	interview	2020s	SYN_TARGET	false	true	true	true	true	324.75	324.87	SYNTHETIC_TEACHING_FIXTURE
HIT_0434	SYN_TOKEN_0434	SYN_CORPUS_B	SYN_1.0	REC_22	SYN_CORP_SPK_22	SESSION_22	CONV_11	ITEM_14	SYN_C2	north	interview	2020s	SYN_TARGET	true	true	true	true	true	325.5	325.672	SYNTHETIC_TEACHING_FIXTURE
HIT_0435	SYN_TOKEN_0435	SYN_CORPUS_B	SYN_1.0	REC_22	SYN_CORP_SPK_22	SESSION_22	CONV_11	ITEM_15	SYN_C1	north	interview	2020s	SYN_TARGET	true	true	true	true	true	326.25	326.383	SYNTHETIC_TEACHING_FIXTURE
HIT_0435_DUP	SYN_TOKEN_0435	SYN_CORPUS_B	SYN_1.0	REC_22	SYN_CORP_SPK_22	SESSION_22	CONV_11	ITEM_15	SYN_C1	north	interview	2020s	SYN_TARGET	true	true	true	true	true	326.251	326.383	SYNTHETIC_TEACHING_FIXTURE
HIT_0436	SYN_TOKEN_0436	SYN_CORPUS_B	SYN_1.0	REC_22	SYN_CORP_SPK_22	SESSION_22	CONV_11	ITEM_16	SYN_C2	north	interview	2020s	SYN_TARGET	true	true	true	false	true	327.0	327.182	SYNTHETIC_TEACHING_FIXTURE
HIT_0437	SYN_TOKEN_0437	SYN_CORPUS_B	SYN_1.0	REC_22	SYN_CORP_SPK_22	SESSION_22	CONV_11	ITEM_17	SYN_C1	north	interview	2020s	SYN_TARGET	true	false	false	false	true	327.75	327.869	SYNTHETIC_TEACHING_FIXTURE
HIT_0438	SYN_TOKEN_0438	SYN_CORPUS_B	SYN_1.0	REC_22	SYN_CORP_SPK_22	SESSION_22	CONV_11	ITEM_18	SYN_C2	north	interview	2020s	SYN_TARGET	true	true	true	true	true	328.5	328.602	SYNTHETIC_TEACHING_FIXTURE
HIT_0439	SYN_TOKEN_0439	SYN_CORPUS_B	SYN_1.0	REC_22	SYN_CORP_SPK_22	SESSION_22	CONV_11	ITEM_19	SYN_C1	north	interview	2020s	SYN_TARGET	true	true	false	false	true	329.25	329.436	SYNTHETIC_TEACHING_FIXTURE
HIT_0440	SYN_TOKEN_0440	SYN_CORPUS_B	SYN_1.0	REC_22	SYN_CORP_SPK_22	SESSION_22	CONV_11	ITEM_20	SYN_C2	north	interview	2020s	SYN_TARGET	true	true	true	false	true	330.0	330.142	SYNTHETIC_TEACHING_FIXTURE
HIT_0441	SYN_TOKEN_0441	SYN_CORPUS_B	SYN_1.0	REC_23	SYN_CORP_SPK_23	SESSION_23	CONV_12	ITEM_01	SYN_C1	north	casual	2020s	SYN_TARGET	true	true	true	true	true	330.75	330.901	SYNTHETIC_TEACHING_FIXTURE
HIT_0442	SYN_TOKEN_0442	SYN_CORPUS_B	SYN_1.0	REC_23	SYN_CORP_SPK_23	SESSION_23	CONV_12	ITEM_02	SYN_C2	north	casual	2020s	SYN_TARGET	true	true	true	true	true	331.5	331.635	SYNTHETIC_TEACHING_FIXTURE
HIT_0443	SYN_TOKEN_0443	SYN_CORPUS_B	SYN_1.0	REC_23	SYN_CORP_SPK_23	SESSION_23	CONV_12	ITEM_03	SYN_C1	north	casual	2020s	SYN_TARGET	true	true	true	true	true	332.25	332.336	SYNTHETIC_TEACHING_FIXTURE
HIT_0444	SYN_TOKEN_0444	SYN_CORPUS_B	SYN_1.0	REC_23	SYN_CORP_SPK_23	SESSION_23	CONV_12	ITEM_04	SYN_C2	north	casual	2020s	SYN_TARGET	true	true	true	true	true	333.0	333.109	SYNTHETIC_TEACHING_FIXTURE
HIT_0445	SYN_TOKEN_0445	SYN_CORPUS_B	SYN_1.0	REC_23	SYN_CORP_SPK_23	SESSION_23	CONV_12	ITEM_05	SYN_C1	north	casual	2020s	SYN_TARGET	true	false	false	false	true	333.75	333.963	SYNTHETIC_TEACHING_FIXTURE
HIT_0446	SYN_TOKEN_0446	SYN_CORPUS_B	SYN_1.0	REC_23	SYN_CORP_SPK_23	SESSION_23	CONV_12	ITEM_06	SYN_C2	north	casual	2020s	SYN_TARGET	true	true	true	true	true	334.5	334.636	SYNTHETIC_TEACHING_FIXTURE
HIT_0447	SYN_TOKEN_0447	SYN_CORPUS_B	SYN_1.0	REC_23	SYN_CORP_SPK_23	SESSION_23	CONV_12	ITEM_07	SYN_C1	north	casual	2020s	SYN_TARGET	true	true	true	true	true	335.25	335.412	SYNTHETIC_TEACHING_FIXTURE
HIT_0448	SYN_TOKEN_0448	SYN_CORPUS_B	SYN_1.0	REC_23	SYN_CORP_SPK_23	SESSION_23	CONV_12	ITEM_08	SYN_C2	north	casual	2020s	SYN_TARGET	true	true	true	true	true	336.0	336.13	SYNTHETIC_TEACHING_FIXTURE
HIT_0449	SYN_TOKEN_0449	SYN_CORPUS_B	SYN_1.0	REC_23	SYN_CORP_SPK_23	SESSION_23	CONV_12	ITEM_09	SYN_C1	north	casual	2020s	SYN_TARGET	true	true	true	true	true	336.75	336.867	SYNTHETIC_TEACHING_FIXTURE
HIT_0450	SYN_TOKEN_0450	SYN_CORPUS_B	SYN_1.0	REC_23	SYN_CORP_SPK_23	SESSION_23	CONV_12	ITEM_10	SYN_C2	north	casual	2020s	SYN_TARGET	true	false	false	false	true	337.5	337.686	SYNTHETIC_TEACHING_FIXTURE
HIT_0450_DUP	SYN_TOKEN_0450	SYN_CORPUS_B	SYN_1.0	REC_23	SYN_CORP_SPK_23	SESSION_23	CONV_12	ITEM_10	SYN_C2	north	casual	2020s	SYN_TARGET	true	false	false	false	true	337.501	337.686	SYNTHETIC_TEACHING_FIXTURE
HIT_0451	SYN_TOKEN_0451	SYN_CORPUS_B	SYN_1.0	REC_23	SYN_CORP_SPK_23	SESSION_23	CONV_12	ITEM_11	SYN_C1	north	casual	2020s	SYN_TARGET	true	true	true	true	true	338.25	338.368	SYNTHETIC_TEACHING_FIXTURE
HIT_0452	SYN_TOKEN_0452	SYN_CORPUS_B	SYN_1.0	REC_23	SYN_CORP_SPK_23	SESSION_23	CONV_12	ITEM_12	SYN_C2	north	casual	2020s	SYN_TARGET	true	true	true	true	true	339.0	339.17	SYNTHETIC_TEACHING_FIXTURE
HIT_0453	SYN_TOKEN_0453	SYN_CORPUS_B	SYN_1.0	REC_23	SYN_CORP_SPK_23	SESSION_23	CONV_12	ITEM_13	SYN_C1	north	casual	2020s	SYN_TARGET	false	true	true	true	true	339.75	339.901	SYNTHETIC_TEACHING_FIXTURE
HIT_0454	SYN_TOKEN_0454	SYN_CORPUS_B	SYN_1.0	REC_23	SYN_CORP_SPK_23	SESSION_23	CONV_12	ITEM_14	SYN_C2	north	casual	2020s	SYN_TARGET	true	true	true	true	true	340.5	340.585	SYNTHETIC_TEACHING_FIXTURE
HIT_0455	SYN_TOKEN_0455	SYN_CORPUS_B	SYN_1.0	REC_23	SYN_CORP_SPK_23	SESSION_23	CONV_12	ITEM_15	SYN_C1	north	casual	2020s	SYN_TARGET	true	false	false	false	true	341.25	341.452	SYNTHETIC_TEACHING_FIXTURE
HIT_0456	SYN_TOKEN_0456	SYN_CORPUS_B	SYN_1.0	REC_23	SYN_CORP_SPK_23	SESSION_23	CONV_12	ITEM_16	SYN_C2	north	casual	2020s	SYN_TARGET	true	true	true	true	true	342.0	342.081	SYNTHETIC_TEACHING_FIXTURE
HIT_0457	SYN_TOKEN_0457	SYN_CORPUS_B	SYN_1.0	REC_23	SYN_CORP_SPK_23	SESSION_23	CONV_12	ITEM_17	SYN_C1	north	casual	2020s	SYN_TARGET	true	false	false	false	true	342.75	342.882	SYNTHETIC_TEACHING_FIXTURE
HIT_0458	SYN_TOKEN_0458	SYN_CORPUS_B	SYN_1.0	REC_23	SYN_CORP_SPK_23	SESSION_23	CONV_12	ITEM_18	SYN_C2	north	casual	2020s	SYN_TARGET	true	true	true	true	true	343.5	343.716	SYNTHETIC_TEACHING_FIXTURE
HIT_0459	SYN_TOKEN_0459	SYN_CORPUS_B	SYN_1.0	REC_23	SYN_CORP_SPK_23	SESSION_23	CONV_12	ITEM_19	SYN_C1	north	casual	2020s	SYN_TARGET	true	true	false	false	true	344.25	344.4	SYNTHETIC_TEACHING_FIXTURE
HIT_0460	SYN_TOKEN_0460	SYN_CORPUS_B	SYN_1.0	REC_23	SYN_CORP_SPK_23	SESSION_23	CONV_12	ITEM_20	SYN_C2	north	casual	2020s	SYN_TARGET	true	false	false	false	true	345.0	345.185	SYNTHETIC_TEACHING_FIXTURE
HIT_0461	SYN_TOKEN_0461	SYN_CORPUS_B	SYN_1.0	REC_24	SYN_CORP_SPK_24	SESSION_24	CONV_12	ITEM_01	SYN_C1	south	interview	2020s	SYN_TARGET	true	true	true	true	true	345.75	345.899	SYNTHETIC_TEACHING_FIXTURE
HIT_0462	SYN_TOKEN_0462	SYN_CORPUS_B	SYN_1.0	REC_24	SYN_CORP_SPK_24	SESSION_24	CONV_12	ITEM_02	SYN_C2	south	interview	2020s	SYN_TARGET	true	true	true	true	true	346.5	346.635	SYNTHETIC_TEACHING_FIXTURE
HIT_0463	SYN_TOKEN_0463	SYN_CORPUS_B	SYN_1.0	REC_24	SYN_CORP_SPK_24	SESSION_24	CONV_12	ITEM_03	SYN_C1	south	interview	2020s	SYN_TARGET	true	true	true	true	true	347.25	347.377	SYNTHETIC_TEACHING_FIXTURE
HIT_0464	SYN_TOKEN_0464	SYN_CORPUS_B	SYN_1.0	REC_24	SYN_CORP_SPK_24	SESSION_24	CONV_12	ITEM_04	SYN_C2	south	interview	2020s	SYN_TARGET	true	true	true	true	true	348.0	348.21	SYNTHETIC_TEACHING_FIXTURE
HIT_0465	SYN_TOKEN_0465	SYN_CORPUS_B	SYN_1.0	REC_24	SYN_CORP_SPK_24	SESSION_24	CONV_12	ITEM_05	SYN_C1	south	interview	2020s	SYN_TARGET	true	true	true	true	true	348.75	348.896	SYNTHETIC_TEACHING_FIXTURE
HIT_0465_DUP	SYN_TOKEN_0465	SYN_CORPUS_B	SYN_1.0	REC_24	SYN_CORP_SPK_24	SESSION_24	CONV_12	ITEM_05	SYN_C1	south	interview	2020s	SYN_TARGET	true	true	true	true	true	348.751	348.896	SYNTHETIC_TEACHING_FIXTURE
HIT_0466	SYN_TOKEN_0466	SYN_CORPUS_B	SYN_1.0	REC_24	SYN_CORP_SPK_24	SESSION_24	CONV_12	ITEM_06	SYN_C2	south	interview	2020s	SYN_TARGET	true	true	true	true	true	349.5	349.7	SYNTHETIC_TEACHING_FIXTURE
HIT_0467	SYN_TOKEN_0467	SYN_CORPUS_B	SYN_1.0	REC_24	SYN_CORP_SPK_24	SESSION_24	CONV_12	ITEM_07	SYN_C1	south	interview	2020s	SYN_TARGET	true	true	true	true	true	350.25	350.432	SYNTHETIC_TEACHING_FIXTURE
HIT_0468	SYN_TOKEN_0468	SYN_CORPUS_B	SYN_1.0	REC_24	SYN_CORP_SPK_24	SESSION_24	CONV_12	ITEM_08	SYN_C2	south	interview	2020s	SYN_TARGET	true	true	true	true	true	351.0	351.104	SYNTHETIC_TEACHING_FIXTURE
HIT_0469	SYN_TOKEN_0469	SYN_CORPUS_B	SYN_1.0	REC_24	SYN_CORP_SPK_24	SESSION_24	CONV_12	ITEM_09	SYN_C1	south	interview	2020s	SYN_TARGET	true	true	true	true	true	351.75	351.889	SYNTHETIC_TEACHING_FIXTURE
HIT_0470	SYN_TOKEN_0470	SYN_CORPUS_B	SYN_1.0	REC_24	SYN_CORP_SPK_24	SESSION_24	CONV_12	ITEM_10	SYN_C2	south	interview	2020s	SYN_TARGET	true	true	true	true	true	352.5	352.61	SYNTHETIC_TEACHING_FIXTURE
HIT_0471	SYN_TOKEN_0471	SYN_CORPUS_B	SYN_1.0	REC_24	SYN_CORP_SPK_24	SESSION_24	CONV_12	ITEM_11	SYN_C1	south	interview	2020s	SYN_TARGET	true	true	true	true	true	353.25	353.367	SYNTHETIC_TEACHING_FIXTURE
HIT_0472	SYN_TOKEN_0472	SYN_CORPUS_B	SYN_1.0	REC_24	SYN_CORP_SPK_24	SESSION_24	CONV_12	ITEM_12	SYN_C2	south	interview	2020s	SYN_TARGET	true	true	true	true	true	354.0	354.125	SYNTHETIC_TEACHING_FIXTURE
HIT_0473	SYN_TOKEN_0473	SYN_CORPUS_B	SYN_1.0	REC_24	SYN_CORP_SPK_24	SESSION_24	CONV_12	ITEM_13	SYN_C1	south	interview	2020s	SYN_TARGET	false	true	true	true	true	354.75	354.861	SYNTHETIC_TEACHING_FIXTURE
HIT_0474	SYN_TOKEN_0474	SYN_CORPUS_B	SYN_1.0	REC_24	SYN_CORP_SPK_24	SESSION_24	CONV_12	ITEM_14	SYN_C2	south	interview	2020s	SYN_TARGET	true	true	true	true	true	355.5	355.61	SYNTHETIC_TEACHING_FIXTURE
HIT_0475	SYN_TOKEN_0475	SYN_CORPUS_B	SYN_1.0	REC_24	SYN_CORP_SPK_24	SESSION_24	CONV_12	ITEM_15	SYN_C1	south	interview	2020s	SYN_TARGET	true	true	true	true	true	356.25	356.436	SYNTHETIC_TEACHING_FIXTURE
HIT_0476	SYN_TOKEN_0476	SYN_CORPUS_B	SYN_1.0	REC_24	SYN_CORP_SPK_24	SESSION_24	CONV_12	ITEM_16	SYN_C2	south	interview	2020s	SYN_TARGET	true	true	true	true	true	357.0	357.157	SYNTHETIC_TEACHING_FIXTURE
HIT_0477	SYN_TOKEN_0477	SYN_CORPUS_B	SYN_1.0	REC_24	SYN_CORP_SPK_24	SESSION_24	CONV_12	ITEM_17	SYN_C1	south	interview	2020s	SYN_TARGET	true	false	false	false	true	357.75	357.854	SYNTHETIC_TEACHING_FIXTURE
HIT_0478	SYN_TOKEN_0478	SYN_CORPUS_B	SYN_1.0	REC_24	SYN_CORP_SPK_24	SESSION_24	CONV_12	ITEM_18	SYN_C2	south	interview	2020s	SYN_TARGET	true	true	true	true	true	358.5	358.586	SYNTHETIC_TEACHING_FIXTURE
HIT_0479	SYN_TOKEN_0479	SYN_CORPUS_B	SYN_1.0	REC_24	SYN_CORP_SPK_24	SESSION_24	CONV_12	ITEM_19	SYN_C1	south	interview	2020s	SYN_TARGET	true	true	false	false	true	359.25	359.436	SYNTHETIC_TEACHING_FIXTURE
HIT_0480	SYN_TOKEN_0480	SYN_CORPUS_B	SYN_1.0	REC_24	SYN_CORP_SPK_24	SESSION_24	CONV_12	ITEM_20	SYN_C2	south	interview	2020s	SYN_TARGET	true	true	true	true	true	360.0	360.094	SYNTHETIC_TEACHING_FIXTURE
HIT_0480_DUP	SYN_TOKEN_0480	SYN_CORPUS_B	SYN_1.0	REC_24	SYN_CORP_SPK_24	SESSION_24	CONV_12	ITEM_20	SYN_C2	south	interview	2020s	SYN_TARGET	true	true	true	true	true	360.001	360.094	SYNTHETIC_TEACHING_FIXTURE
HIT_0481	SYN_TOKEN_0481	SYN_CORPUS_B	SYN_1.0	REC_25	SYN_CORP_SPK_25	SESSION_25	CONV_13	ITEM_01	SYN_C1	north	casual	2020s	SYN_TARGET	true	true	true	true	true	360.75	360.891	SYNTHETIC_TEACHING_FIXTURE
HIT_0482	SYN_TOKEN_0482	SYN_CORPUS_B	SYN_1.0	REC_25	SYN_CORP_SPK_25	SESSION_25	CONV_13	ITEM_02	SYN_C2	north	casual	2020s	SYN_TARGET	true	true	true	true	true	361.5	361.651	SYNTHETIC_TEACHING_FIXTURE
HIT_0483	SYN_TOKEN_0483	SYN_CORPUS_B	SYN_1.0	REC_25	SYN_CORP_SPK_25	SESSION_25	CONV_13	ITEM_03	SYN_C1	north	casual	2020s	SYN_TARGET	true	true	true	true	true	362.25	362.436	SYNTHETIC_TEACHING_FIXTURE
HIT_0484	SYN_TOKEN_0484	SYN_CORPUS_B	SYN_1.0	REC_25	SYN_CORP_SPK_25	SESSION_25	CONV_13	ITEM_04	SYN_C2	north	casual	2020s	SYN_TARGET	true	true	true	true	true	363.0	363.208	SYNTHETIC_TEACHING_FIXTURE
HIT_0485	SYN_TOKEN_0485	SYN_CORPUS_B	SYN_1.0	REC_25	SYN_CORP_SPK_25	SESSION_25	CONV_13	ITEM_05	SYN_C1	north	casual	2020s	SYN_TARGET	true	false	false	false	true	363.75	363.96	SYNTHETIC_TEACHING_FIXTURE
HIT_0486	SYN_TOKEN_0486	SYN_CORPUS_B	SYN_1.0	REC_25	SYN_CORP_SPK_25	SESSION_25	CONV_13	ITEM_06	SYN_C2	north	casual	2020s	SYN_TARGET	true	true	true	true	true	364.5	364.616	SYNTHETIC_TEACHING_FIXTURE
HIT_0487	SYN_TOKEN_0487	SYN_CORPUS_B	SYN_1.0	REC_25	SYN_CORP_SPK_25	SESSION_25	CONV_13	ITEM_07	SYN_C1	north	casual	2020s	SYN_TARGET	true	true	true	true	true	365.25	365.446	SYNTHETIC_TEACHING_FIXTURE
HIT_0488	SYN_TOKEN_0488	SYN_CORPUS_B	SYN_1.0	REC_25	SYN_CORP_SPK_25	SESSION_25	CONV_13	ITEM_08	SYN_C2	north	casual	2020s	SYN_TARGET	true	true	true	true	true	366.0	366.109	SYNTHETIC_TEACHING_FIXTURE
HIT_0489	SYN_TOKEN_0489	SYN_CORPUS_B	SYN_1.0	REC_25	SYN_CORP_SPK_25	SESSION_25	CONV_13	ITEM_09	SYN_C1	north	casual	2020s	SYN_TARGET	true	true	true	true	true	366.75	366.907	SYNTHETIC_TEACHING_FIXTURE
HIT_0490	SYN_TOKEN_0490	SYN_CORPUS_B	SYN_1.0	REC_25	SYN_CORP_SPK_25	SESSION_25	CONV_13	ITEM_10	SYN_C2	north	casual	2020s	SYN_TARGET	true	false	false	false	true	367.5	367.679	SYNTHETIC_TEACHING_FIXTURE
HIT_0491	SYN_TOKEN_0491	SYN_CORPUS_B	SYN_1.0	REC_25	SYN_CORP_SPK_25	SESSION_25	CONV_13	ITEM_11	SYN_C1	north	casual	2020s	SYN_TARGET	true	true	true	true	true	368.25	368.434	SYNTHETIC_TEACHING_FIXTURE
HIT_0492	SYN_TOKEN_0492	SYN_CORPUS_B	SYN_1.0	REC_25	SYN_CORP_SPK_25	SESSION_25	CONV_13	ITEM_12	SYN_C2	north	casual	2020s	SYN_TARGET	true	true	true	true	true	369.0	369.12	SYNTHETIC_TEACHING_FIXTURE
HIT_0493	SYN_TOKEN_0493	SYN_CORPUS_B	SYN_1.0	REC_25	SYN_CORP_SPK_25	SESSION_25	CONV_13	ITEM_13	SYN_C1	north	casual	2020s	SYN_TARGET	false	true	true	true	true	369.75	369.835	SYNTHETIC_TEACHING_FIXTURE
HIT_0494	SYN_TOKEN_0494	SYN_CORPUS_B	SYN_1.0	REC_25	SYN_CORP_SPK_25	SESSION_25	CONV_13	ITEM_14	SYN_C2	north	casual	2020s	SYN_TARGET	true	true	true	true	true	370.5	370.588	SYNTHETIC_TEACHING_FIXTURE
HIT_0495	SYN_TOKEN_0495	SYN_CORPUS_B	SYN_1.0	REC_25	SYN_CORP_SPK_25	SESSION_25	CONV_13	ITEM_15	SYN_C1	north	casual	2020s	SYN_TARGET	true	false	false	false	true	371.25	371.332	SYNTHETIC_TEACHING_FIXTURE
HIT_0495_DUP	SYN_TOKEN_0495	SYN_CORPUS_B	SYN_1.0	REC_25	SYN_CORP_SPK_25	SESSION_25	CONV_13	ITEM_15	SYN_C1	north	casual	2020s	SYN_TARGET	true	false	false	false	true	371.251	371.332	SYNTHETIC_TEACHING_FIXTURE
HIT_0496	SYN_TOKEN_0496	SYN_CORPUS_B	SYN_1.0	REC_25	SYN_CORP_SPK_25	SESSION_25	CONV_13	ITEM_16	SYN_C2	north	casual	2020s	SYN_TARGET	true	true	true	true	true	372.0	372.163	SYNTHETIC_TEACHING_FIXTURE
HIT_0497	SYN_TOKEN_0497	SYN_CORPUS_B	SYN_1.0	REC_25	SYN_CORP_SPK_25	SESSION_25	CONV_13	ITEM_17	SYN_C1	north	casual	2020s	SYN_TARGET	true	false	false	false	true	372.75	372.871	SYNTHETIC_TEACHING_FIXTURE
HIT_0498	SYN_TOKEN_0498	SYN_CORPUS_B	SYN_1.0	REC_25	SYN_CORP_SPK_25	SESSION_25	CONV_13	ITEM_18	SYN_C2	north	casual	2020s	SYN_TARGET	true	true	true	true	true	373.5	373.653	SYNTHETIC_TEACHING_FIXTURE
HIT_0499	SYN_TOKEN_0499	SYN_CORPUS_B	SYN_1.0	REC_25	SYN_CORP_SPK_25	SESSION_25	CONV_13	ITEM_19	SYN_C1	north	casual	2020s	SYN_TARGET	true	true	false	false	true	374.25	374.441	SYNTHETIC_TEACHING_FIXTURE
HIT_0500	SYN_TOKEN_0500	SYN_CORPUS_B	SYN_1.0	REC_25	SYN_CORP_SPK_25	SESSION_25	CONV_13	ITEM_20	SYN_C2	north	casual	2020s	SYN_TARGET	true	false	false	false	true	375.0	375.089	SYNTHETIC_TEACHING_FIXTURE
HIT_0501	SYN_TOKEN_0501	SYN_CORPUS_B	SYN_1.0	REC_26	SYN_CORP_SPK_26	SESSION_26	CONV_13	ITEM_01	SYN_C1	north	interview	2020s	SYN_TARGET	true	true	true	true	true	375.75	375.843	SYNTHETIC_TEACHING_FIXTURE
HIT_0502	SYN_TOKEN_0502	SYN_CORPUS_B	SYN_1.0	REC_26	SYN_CORP_SPK_26	SESSION_26	CONV_13	ITEM_02	SYN_C2	north	interview	2020s	SYN_TARGET	true	true	true	true	true	376.5	376.676	SYNTHETIC_TEACHING_FIXTURE
HIT_0503	SYN_TOKEN_0503	SYN_CORPUS_B	SYN_1.0	REC_26	SYN_CORP_SPK_26	SESSION_26	CONV_13	ITEM_03	SYN_C1	north	interview	2020s	SYN_TARGET	true	true	true	true	true	377.25	377.409	SYNTHETIC_TEACHING_FIXTURE
HIT_0504	SYN_TOKEN_0504	SYN_CORPUS_B	SYN_1.0	REC_26	SYN_CORP_SPK_26	SESSION_26	CONV_13	ITEM_04	SYN_C2	north	interview	2020s	SYN_TARGET	true	true	true	true	true	378.0	378.16	SYNTHETIC_TEACHING_FIXTURE
HIT_0505	SYN_TOKEN_0505	SYN_CORPUS_B	SYN_1.0	REC_26	SYN_CORP_SPK_26	SESSION_26	CONV_13	ITEM_05	SYN_C1	north	interview	2020s	SYN_TARGET	true	true	true	true	true	378.75	378.951	SYNTHETIC_TEACHING_FIXTURE
HIT_0506	SYN_TOKEN_0506	SYN_CORPUS_B	SYN_1.0	REC_26	SYN_CORP_SPK_26	SESSION_26	CONV_13	ITEM_06	SYN_C2	north	interview	2020s	SYN_TARGET	true	true	true	true	true	379.5	379.64	SYNTHETIC_TEACHING_FIXTURE
HIT_0507	SYN_TOKEN_0507	SYN_CORPUS_B	SYN_1.0	REC_26	SYN_CORP_SPK_26	SESSION_26	CONV_13	ITEM_07	SYN_C1	north	interview	2020s	SYN_TARGET	true	true	true	true	true	380.25	380.407	SYNTHETIC_TEACHING_FIXTURE
HIT_0508	SYN_TOKEN_0508	SYN_CORPUS_B	SYN_1.0	REC_26	SYN_CORP_SPK_26	SESSION_26	CONV_13	ITEM_08	SYN_C2	north	interview	2020s	SYN_TARGET	true	true	true	true	true	381.0	381.118	SYNTHETIC_TEACHING_FIXTURE
HIT_0509	SYN_TOKEN_0509	SYN_CORPUS_B	SYN_1.0	REC_26	SYN_CORP_SPK_26	SESSION_26	CONV_13	ITEM_09	SYN_C1	north	interview	2020s	SYN_TARGET	true	true	true	true	true	381.75	381.921	SYNTHETIC_TEACHING_FIXTURE
HIT_0510	SYN_TOKEN_0510	SYN_CORPUS_B	SYN_1.0	REC_26	SYN_CORP_SPK_26	SESSION_26	CONV_13	ITEM_10	SYN_C2	north	interview	2020s	SYN_TARGET	true	true	true	true	true	382.5	382.703	SYNTHETIC_TEACHING_FIXTURE
HIT_0510_DUP	SYN_TOKEN_0510	SYN_CORPUS_B	SYN_1.0	REC_26	SYN_CORP_SPK_26	SESSION_26	CONV_13	ITEM_10	SYN_C2	north	interview	2020s	SYN_TARGET	true	true	true	true	true	382.501	382.703	SYNTHETIC_TEACHING_FIXTURE
HIT_0511	SYN_TOKEN_0511	SYN_CORPUS_B	SYN_1.0	REC_26	SYN_CORP_SPK_26	SESSION_26	CONV_13	ITEM_11	SYN_C1	north	interview	2020s	SYN_TARGET	true	true	true	true	true	383.25	383.386	SYNTHETIC_TEACHING_FIXTURE
HIT_0512	SYN_TOKEN_0512	SYN_CORPUS_B	SYN_1.0	REC_26	SYN_CORP_SPK_26	SESSION_26	CONV_13	ITEM_12	SYN_C2	north	interview	2020s	SYN_TARGET	true	true	true	true	true	384.0	384.196	SYNTHETIC_TEACHING_FIXTURE
HIT_0513	SYN_TOKEN_0513	SYN_CORPUS_B	SYN_1.0	REC_26	SYN_CORP_SPK_26	SESSION_26	CONV_13	ITEM_13	SYN_C1	north	interview	2020s	SYN_TARGET	false	true	true	true	true	384.75	384.967	SYNTHETIC_TEACHING_FIXTURE
HIT_0514	SYN_TOKEN_0514	SYN_CORPUS_B	SYN_1.0	REC_26	SYN_CORP_SPK_26	SESSION_26	CONV_13	ITEM_14	SYN_C2	north	interview	2020s	SYN_TARGET	true	true	true	true	true	385.5	385.6	SYNTHETIC_TEACHING_FIXTURE
HIT_0515	SYN_TOKEN_0515	SYN_CORPUS_B	SYN_1.0	REC_26	SYN_CORP_SPK_26	SESSION_26	CONV_13	ITEM_15	SYN_C1	north	interview	2020s	SYN_TARGET	true	true	true	true	true	386.25	386.463	SYNTHETIC_TEACHING_FIXTURE
HIT_0516	SYN_TOKEN_0516	SYN_CORPUS_B	SYN_1.0	REC_26	SYN_CORP_SPK_26	SESSION_26	CONV_13	ITEM_16	SYN_C2	north	interview	2020s	SYN_TARGET	true	true	true	true	true	387.0	387.134	SYNTHETIC_TEACHING_FIXTURE
HIT_0517	SYN_TOKEN_0517	SYN_CORPUS_B	SYN_1.0	REC_26	SYN_CORP_SPK_26	SESSION_26	CONV_13	ITEM_17	SYN_C1	north	interview	2020s	SYN_TARGET	true	false	false	false	true	387.75	387.844	SYNTHETIC_TEACHING_FIXTURE
HIT_0518	SYN_TOKEN_0518	SYN_CORPUS_B	SYN_1.0	REC_26	SYN_CORP_SPK_26	SESSION_26	CONV_13	ITEM_18	SYN_C2	north	interview	2020s	SYN_TARGET	true	true	true	true	true	388.5	388.671	SYNTHETIC_TEACHING_FIXTURE
HIT_0519	SYN_TOKEN_0519	SYN_CORPUS_B	SYN_1.0	REC_26	SYN_CORP_SPK_26	SESSION_26	CONV_13	ITEM_19	SYN_C1	north	interview	2020s	SYN_TARGET	true	true	false	false	true	389.25	389.363	SYNTHETIC_TEACHING_FIXTURE
HIT_0520	SYN_TOKEN_0520	SYN_CORPUS_B	SYN_1.0	REC_26	SYN_CORP_SPK_26	SESSION_26	CONV_13	ITEM_20	SYN_C2	north	interview	2020s	SYN_TARGET	true	true	true	true	true	390.0	390.149	SYNTHETIC_TEACHING_FIXTURE
HIT_0521	SYN_TOKEN_0521	SYN_CORPUS_B	SYN_1.0	REC_27	SYN_CORP_SPK_27	SESSION_27	CONV_14	ITEM_01	SYN_C1	south	casual	2020s	SYN_TARGET	true	true	true	true	true	390.75	390.845	SYNTHETIC_TEACHING_FIXTURE
HIT_0522	SYN_TOKEN_0522	SYN_CORPUS_B	SYN_1.0	REC_27	SYN_CORP_SPK_27	SESSION_27	CONV_14	ITEM_02	SYN_C2	south	casual	2020s	SYN_TARGET	true	true	true	true	true	391.5	391.651	SYNTHETIC_TEACHING_FIXTURE
HIT_0523	SYN_TOKEN_0523	SYN_CORPUS_B	SYN_1.0	REC_27	SYN_CORP_SPK_27	SESSION_27	CONV_14	ITEM_03	SYN_C1	south	casual	2020s	SYN_TARGET	true	true	true	true	true	392.25	392.427	SYNTHETIC_TEACHING_FIXTURE
HIT_0524	SYN_TOKEN_0524	SYN_CORPUS_B	SYN_1.0	REC_27	SYN_CORP_SPK_27	SESSION_27	CONV_14	ITEM_04	SYN_C2	south	casual	2020s	SYN_TARGET	true	true	true	true	true	393.0	393.22	SYNTHETIC_TEACHING_FIXTURE
HIT_0525	SYN_TOKEN_0525	SYN_CORPUS_B	SYN_1.0	REC_27	SYN_CORP_SPK_27	SESSION_27	CONV_14	ITEM_05	SYN_C1	south	casual	2020s	SYN_TARGET	true	false	false	false	true	393.75	393.946	SYNTHETIC_TEACHING_FIXTURE
HIT_0525_DUP	SYN_TOKEN_0525	SYN_CORPUS_B	SYN_1.0	REC_27	SYN_CORP_SPK_27	SESSION_27	CONV_14	ITEM_05	SYN_C1	south	casual	2020s	SYN_TARGET	true	false	false	false	true	393.751	393.946	SYNTHETIC_TEACHING_FIXTURE
HIT_0526	SYN_TOKEN_0526	SYN_CORPUS_B	SYN_1.0	REC_27	SYN_CORP_SPK_27	SESSION_27	CONV_14	ITEM_06	SYN_C2	south	casual	2020s	SYN_TARGET	true	true	true	true	true	394.5	394.631	SYNTHETIC_TEACHING_FIXTURE
HIT_0527	SYN_TOKEN_0527	SYN_CORPUS_B	SYN_1.0	REC_27	SYN_CORP_SPK_27	SESSION_27	CONV_14	ITEM_07	SYN_C1	south	casual	2020s	SYN_TARGET	true	true	true	true	true	395.25	395.462	SYNTHETIC_TEACHING_FIXTURE
HIT_0528	SYN_TOKEN_0528	SYN_CORPUS_B	SYN_1.0	REC_27	SYN_CORP_SPK_27	SESSION_27	CONV_14	ITEM_08	SYN_C2	south	casual	2020s	SYN_TARGET	true	true	true	true	true	396.0	396.095	SYNTHETIC_TEACHING_FIXTURE
HIT_0529	SYN_TOKEN_0529	SYN_CORPUS_B	SYN_1.0	REC_27	SYN_CORP_SPK_27	SESSION_27	CONV_14	ITEM_09	SYN_C1	south	casual	2020s	SYN_TARGET	true	true	true	true	true	396.75	396.843	SYNTHETIC_TEACHING_FIXTURE
HIT_0530	SYN_TOKEN_0530	SYN_CORPUS_B	SYN_1.0	REC_27	SYN_CORP_SPK_27	SESSION_27	CONV_14	ITEM_10	SYN_C2	south	casual	2020s	SYN_TARGET	true	false	false	false	true	397.5	397.646	SYNTHETIC_TEACHING_FIXTURE
HIT_0531	SYN_TOKEN_0531	SYN_CORPUS_B	SYN_1.0	REC_27	SYN_CORP_SPK_27	SESSION_27	CONV_14	ITEM_11	SYN_C1	south	casual	2020s	SYN_TARGET	true	true	true	true	true	398.25	398.405	SYNTHETIC_TEACHING_FIXTURE
HIT_0532	SYN_TOKEN_0532	SYN_CORPUS_B	SYN_1.0	REC_27	SYN_CORP_SPK_27	SESSION_27	CONV_14	ITEM_12	SYN_C2	south	casual	2020s	SYN_TARGET	true	true	true	true	true	399.0	399.152	SYNTHETIC_TEACHING_FIXTURE
HIT_0533	SYN_TOKEN_0533	SYN_CORPUS_B	SYN_1.0	REC_27	SYN_CORP_SPK_27	SESSION_27	CONV_14	ITEM_13	SYN_C1	south	casual	2020s	SYN_TARGET	false	true	true	true	true	399.75	399.945	SYNTHETIC_TEACHING_FIXTURE
HIT_0534	SYN_TOKEN_0534	SYN_CORPUS_B	SYN_1.0	REC_27	SYN_CORP_SPK_27	SESSION_27	CONV_14	ITEM_14	SYN_C2	south	casual	2020s	SYN_TARGET	true	true	true	true	true	400.5	400.697	SYNTHETIC_TEACHING_FIXTURE
HIT_0535	SYN_TOKEN_0535	SYN_CORPUS_B	SYN_1.0	REC_27	SYN_CORP_SPK_27	SESSION_27	CONV_14	ITEM_15	SYN_C1	south	casual	2020s	SYN_TARGET	true	false	false	false	true	401.25	401.435	SYNTHETIC_TEACHING_FIXTURE
HIT_0536	SYN_TOKEN_0536	SYN_CORPUS_B	SYN_1.0	REC_27	SYN_CORP_SPK_27	SESSION_27	CONV_14	ITEM_16	SYN_C2	south	casual	2020s	SYN_TARGET	true	true	true	true	true	402.0	402.096	SYNTHETIC_TEACHING_FIXTURE
HIT_0537	SYN_TOKEN_0537	SYN_CORPUS_B	SYN_1.0	REC_27	SYN_CORP_SPK_27	SESSION_27	CONV_14	ITEM_17	SYN_C1	south	casual	2020s	SYN_TARGET	true	false	false	false	true	402.75	402.882	SYNTHETIC_TEACHING_FIXTURE
HIT_0538	SYN_TOKEN_0538	SYN_CORPUS_B	SYN_1.0	REC_27	SYN_CORP_SPK_27	SESSION_27	CONV_14	ITEM_18	SYN_C2	south	casual	2020s	SYN_TARGET	true	true	true	true	true	403.5	403.602	SYNTHETIC_TEACHING_FIXTURE
HIT_0539	SYN_TOKEN_0539	SYN_CORPUS_B	SYN_1.0	REC_27	SYN_CORP_SPK_27	SESSION_27	CONV_14	ITEM_19	SYN_C1	south	casual	2020s	SYN_TARGET	true	true	false	false	true	404.25	404.41	SYNTHETIC_TEACHING_FIXTURE
HIT_0540	SYN_TOKEN_0540	SYN_CORPUS_B	SYN_1.0	REC_27	SYN_CORP_SPK_27	SESSION_27	CONV_14	ITEM_20	SYN_C2	south	casual	2020s	SYN_TARGET	true	false	false	false	true	405.0	405.106	SYNTHETIC_TEACHING_FIXTURE
HIT_0540_DUP	SYN_TOKEN_0540	SYN_CORPUS_B	SYN_1.0	REC_27	SYN_CORP_SPK_27	SESSION_27	CONV_14	ITEM_20	SYN_C2	south	casual	2020s	SYN_TARGET	true	false	false	false	true	405.001	405.106	SYNTHETIC_TEACHING_FIXTURE
HIT_0541	SYN_TOKEN_0541	SYN_CORPUS_B	SYN_1.0	REC_28	SYN_CORP_SPK_28	SESSION_28	CONV_14	ITEM_01	SYN_C1	north	interview	2020s	SYN_TARGET	true	true	true	true	true	405.75	405.844	SYNTHETIC_TEACHING_FIXTURE
HIT_0542	SYN_TOKEN_0542	SYN_CORPUS_B	SYN_1.0	REC_28	SYN_CORP_SPK_28	SESSION_28	CONV_14	ITEM_02	SYN_C2	north	interview	2020s	SYN_TARGET	true	true	true	true	true	406.5	406.606	SYNTHETIC_TEACHING_FIXTURE
HIT_0543	SYN_TOKEN_0543	SYN_CORPUS_B	SYN_1.0	REC_28	SYN_CORP_SPK_28	SESSION_28	CONV_14	ITEM_03	SYN_C1	north	interview	2020s	SYN_TARGET	true	true	true	true	true	407.25	407.394	SYNTHETIC_TEACHING_FIXTURE
HIT_0544	SYN_TOKEN_0544	SYN_CORPUS_B	SYN_1.0	REC_28	SYN_CORP_SPK_28	SESSION_28	CONV_14	ITEM_04	SYN_C2	north	interview	2020s	SYN_TARGET	true	true	true	true	true	408.0	408.204	SYNTHETIC_TEACHING_FIXTURE
HIT_0545	SYN_TOKEN_0545	SYN_CORPUS_B	SYN_1.0	REC_28	SYN_CORP_SPK_28	SESSION_28	CONV_14	ITEM_05	SYN_C1	north	interview	2020s	SYN_TARGET	true	true	true	true	true	408.75	408.942	SYNTHETIC_TEACHING_FIXTURE
HIT_0546	SYN_TOKEN_0546	SYN_CORPUS_B	SYN_1.0	REC_28	SYN_CORP_SPK_28	SESSION_28	CONV_14	ITEM_06	SYN_C2	north	interview	2020s	SYN_TARGET	true	true	true	true	true	409.5	409.678	SYNTHETIC_TEACHING_FIXTURE
HIT_0547	SYN_TOKEN_0547	SYN_CORPUS_B	SYN_1.0	REC_28	SYN_CORP_SPK_28	SESSION_28	CONV_14	ITEM_07	SYN_C1	north	interview	2020s	SYN_TARGET	true	true	true	true	true	410.25	410.46	SYNTHETIC_TEACHING_FIXTURE
HIT_0548	SYN_TOKEN_0548	SYN_CORPUS_B	SYN_1.0	REC_28	SYN_CORP_SPK_28	SESSION_28	CONV_14	ITEM_08	SYN_C2	north	interview	2020s	SYN_TARGET	true	true	true	true	true	411.0	411.123	SYNTHETIC_TEACHING_FIXTURE
HIT_0549	SYN_TOKEN_0549	SYN_CORPUS_B	SYN_1.0	REC_28	SYN_CORP_SPK_28	SESSION_28	CONV_14	ITEM_09	SYN_C1	north	interview	2020s	SYN_TARGET	true	true	true	true	true	411.75	411.857	SYNTHETIC_TEACHING_FIXTURE
HIT_0550	SYN_TOKEN_0550	SYN_CORPUS_B	SYN_1.0	REC_28	SYN_CORP_SPK_28	SESSION_28	CONV_14	ITEM_10	SYN_C2	north	interview	2020s	SYN_TARGET	true	true	true	true	true	412.5	412.708	SYNTHETIC_TEACHING_FIXTURE
HIT_0551	SYN_TOKEN_0551	SYN_CORPUS_B	SYN_1.0	REC_28	SYN_CORP_SPK_28	SESSION_28	CONV_14	ITEM_11	SYN_C1	north	interview	2020s	SYN_TARGET	true	true	true	true	true	413.25	413.377	SYNTHETIC_TEACHING_FIXTURE
HIT_0552	SYN_TOKEN_0552	SYN_CORPUS_B	SYN_1.0	REC_28	SYN_CORP_SPK_28	SESSION_28	CONV_14	ITEM_12	SYN_C2	north	interview	2020s	SYN_TARGET	true	true	true	true	true	414.0	414.131	SYNTHETIC_TEACHING_FIXTURE
HIT_0553	SYN_TOKEN_0553	SYN_CORPUS_B	SYN_1.0	REC_28	SYN_CORP_SPK_28	SESSION_28	CONV_14	ITEM_13	SYN_C1	north	interview	2020s	SYN_TARGET	false	true	true	true	true	414.75	414.949	SYNTHETIC_TEACHING_FIXTURE
HIT_0554	SYN_TOKEN_0554	SYN_CORPUS_B	SYN_1.0	REC_28	SYN_CORP_SPK_28	SESSION_28	CONV_14	ITEM_14	SYN_C2	north	interview	2020s	SYN_TARGET	true	true	true	true	true	415.5	415.657	SYNTHETIC_TEACHING_FIXTURE
HIT_0555	SYN_TOKEN_0555	SYN_CORPUS_B	SYN_1.0	REC_28	SYN_CORP_SPK_28	SESSION_28	CONV_14	ITEM_15	SYN_C1	north	interview	2020s	SYN_TARGET	true	true	true	true	true	416.25	416.348	SYNTHETIC_TEACHING_FIXTURE
HIT_0555_DUP	SYN_TOKEN_0555	SYN_CORPUS_B	SYN_1.0	REC_28	SYN_CORP_SPK_28	SESSION_28	CONV_14	ITEM_15	SYN_C1	north	interview	2020s	SYN_TARGET	true	true	true	true	true	416.251	416.348	SYNTHETIC_TEACHING_FIXTURE
HIT_0556	SYN_TOKEN_0556	SYN_CORPUS_B	SYN_1.0	REC_28	SYN_CORP_SPK_28	SESSION_28	CONV_14	ITEM_16	SYN_C2	north	interview	2020s	SYN_TARGET	true	true	true	true	true	417.0	417.181	SYNTHETIC_TEACHING_FIXTURE
HIT_0557	SYN_TOKEN_0557	SYN_CORPUS_B	SYN_1.0	REC_28	SYN_CORP_SPK_28	SESSION_28	CONV_14	ITEM_17	SYN_C1	north	interview	2020s	SYN_TARGET	true	false	false	false	true	417.75	417.921	SYNTHETIC_TEACHING_FIXTURE
HIT_0558	SYN_TOKEN_0558	SYN_CORPUS_B	SYN_1.0	REC_28	SYN_CORP_SPK_28	SESSION_28	CONV_14	ITEM_18	SYN_C2	north	interview	2020s	SYN_TARGET	true	true	true	true	true	418.5	418.69	SYNTHETIC_TEACHING_FIXTURE
HIT_0559	SYN_TOKEN_0559	SYN_CORPUS_B	SYN_1.0	REC_28	SYN_CORP_SPK_28	SESSION_28	CONV_14	ITEM_19	SYN_C1	north	interview	2020s	SYN_TARGET	true	true	false	false	true	419.25	419.432	SYNTHETIC_TEACHING_FIXTURE
HIT_0560	SYN_TOKEN_0560	SYN_CORPUS_B	SYN_1.0	REC_28	SYN_CORP_SPK_28	SESSION_28	CONV_14	ITEM_20	SYN_C2	north	interview	2020s	SYN_TARGET	true	true	true	true	true	420.0	420.155	SYNTHETIC_TEACHING_FIXTURE
HIT_0561	SYN_TOKEN_0561	SYN_CORPUS_B	SYN_1.0	REC_29	SYN_CORP_SPK_29	SESSION_29	CONV_15	ITEM_01	SYN_C1	north	casual	2020s	SYN_TARGET	true	true	true	true	true	420.75	420.957	SYNTHETIC_TEACHING_FIXTURE
HIT_0562	SYN_TOKEN_0562	SYN_CORPUS_B	SYN_1.0	REC_29	SYN_CORP_SPK_29	SESSION_29	CONV_15	ITEM_02	SYN_C2	north	casual	2020s	SYN_TARGET	true	true	true	true	true	421.5	421.597	SYNTHETIC_TEACHING_FIXTURE
HIT_0563	SYN_TOKEN_0563	SYN_CORPUS_B	SYN_1.0	REC_29	SYN_CORP_SPK_29	SESSION_29	CONV_15	ITEM_03	SYN_C1	north	casual	2020s	SYN_TARGET	true	true	true	true	true	422.25	422.364	SYNTHETIC_TEACHING_FIXTURE
HIT_0564	SYN_TOKEN_0564	SYN_CORPUS_B	SYN_1.0	REC_29	SYN_CORP_SPK_29	SESSION_29	CONV_15	ITEM_04	SYN_C2	north	casual	2020s	SYN_TARGET	true	true	true	true	true	423.0	423.082	SYNTHETIC_TEACHING_FIXTURE
HIT_0565	SYN_TOKEN_0565	SYN_CORPUS_B	SYN_1.0	REC_29	SYN_CORP_SPK_29	SESSION_29	CONV_15	ITEM_05	SYN_C1	north	casual	2020s	SYN_TARGET	true	false	false	false	true	423.75	423.87	SYNTHETIC_TEACHING_FIXTURE
HIT_0566	SYN_TOKEN_0566	SYN_CORPUS_B	SYN_1.0	REC_29	SYN_CORP_SPK_29	SESSION_29	CONV_15	ITEM_06	SYN_C2	north	casual	2020s	SYN_TARGET	true	true	true	true	true	424.5	424.596	SYNTHETIC_TEACHING_FIXTURE
HIT_0567	SYN_TOKEN_0567	SYN_CORPUS_B	SYN_1.0	REC_29	SYN_CORP_SPK_29	SESSION_29	CONV_15	ITEM_07	SYN_C1	north	casual	2020s	SYN_TARGET	true	true	true	true	true	425.25	425.423	SYNTHETIC_TEACHING_FIXTURE
HIT_0568	SYN_TOKEN_0568	SYN_CORPUS_B	SYN_1.0	REC_29	SYN_CORP_SPK_29	SESSION_29	CONV_15	ITEM_08	SYN_C2	north	casual	2020s	SYN_TARGET	true	true	true	true	true	426.0	426.203	SYNTHETIC_TEACHING_FIXTURE
HIT_0569	SYN_TOKEN_0569	SYN_CORPUS_B	SYN_1.0	REC_29	SYN_CORP_SPK_29	SESSION_29	CONV_15	ITEM_09	SYN_C1	north	casual	2020s	SYN_TARGET	true	true	true	true	true	426.75	426.902	SYNTHETIC_TEACHING_FIXTURE
HIT_0570	SYN_TOKEN_0570	SYN_CORPUS_B	SYN_1.0	REC_29	SYN_CORP_SPK_29	SESSION_29	CONV_15	ITEM_10	SYN_C2	north	casual	2020s	SYN_TARGET	true	false	false	false	true	427.5	427.644	SYNTHETIC_TEACHING_FIXTURE
HIT_0570_DUP	SYN_TOKEN_0570	SYN_CORPUS_B	SYN_1.0	REC_29	SYN_CORP_SPK_29	SESSION_29	CONV_15	ITEM_10	SYN_C2	north	casual	2020s	SYN_TARGET	true	false	false	false	true	427.501	427.644	SYNTHETIC_TEACHING_FIXTURE
HIT_0571	SYN_TOKEN_0571	SYN_CORPUS_B	SYN_1.0	REC_29	SYN_CORP_SPK_29	SESSION_29	CONV_15	ITEM_11	SYN_C1	north	casual	2020s	SYN_TARGET	true	true	true	true	true	428.25	428.33	SYNTHETIC_TEACHING_FIXTURE
HIT_0572	SYN_TOKEN_0572	SYN_CORPUS_B	SYN_1.0	REC_29	SYN_CORP_SPK_29	SESSION_29	CONV_15	ITEM_12	SYN_C2	north	casual	2020s	SYN_TARGET	true	true	true	true	true	429.0	429.094	SYNTHETIC_TEACHING_FIXTURE
HIT_0573	SYN_TOKEN_0573	SYN_CORPUS_B	SYN_1.0	REC_29	SYN_CORP_SPK_29	SESSION_29	CONV_15	ITEM_13	SYN_C1	north	casual	2020s	SYN_TARGET	false	true	true	true	true	429.75	429.882	SYNTHETIC_TEACHING_FIXTURE
HIT_0574	SYN_TOKEN_0574	SYN_CORPUS_B	SYN_1.0	REC_29	SYN_CORP_SPK_29	SESSION_29	CONV_15	ITEM_14	SYN_C2	north	casual	2020s	SYN_TARGET	true	true	true	true	true	430.5	430.691	SYNTHETIC_TEACHING_FIXTURE
HIT_0575	SYN_TOKEN_0575	SYN_CORPUS_B	SYN_1.0	REC_29	SYN_CORP_SPK_29	SESSION_29	CONV_15	ITEM_15	SYN_C1	north	casual	2020s	SYN_TARGET	true	false	false	false	true	431.25	431.36	SYNTHETIC_TEACHING_FIXTURE
HIT_0576	SYN_TOKEN_0576	SYN_CORPUS_B	SYN_1.0	REC_29	SYN_CORP_SPK_29	SESSION_29	CONV_15	ITEM_16	SYN_C2	north	casual	2020s	SYN_TARGET	true	true	true	true	true	432.0	432.12	SYNTHETIC_TEACHING_FIXTURE
HIT_0577	SYN_TOKEN_0577	SYN_CORPUS_B	SYN_1.0	REC_29	SYN_CORP_SPK_29	SESSION_29	CONV_15	ITEM_17	SYN_C1	north	casual	2020s	SYN_TARGET	true	false	false	false	true	432.75	432.963	SYNTHETIC_TEACHING_FIXTURE
HIT_0578	SYN_TOKEN_0578	SYN_CORPUS_B	SYN_1.0	REC_29	SYN_CORP_SPK_29	SESSION_29	CONV_15	ITEM_18	SYN_C2	north	casual	2020s	SYN_TARGET	true	true	true	true	true	433.5	433.624	SYNTHETIC_TEACHING_FIXTURE
HIT_0579	SYN_TOKEN_0579	SYN_CORPUS_B	SYN_1.0	REC_29	SYN_CORP_SPK_29	SESSION_29	CONV_15	ITEM_19	SYN_C1	north	casual	2020s	SYN_TARGET	true	true	false	false	true	434.25	434.359	SYNTHETIC_TEACHING_FIXTURE
HIT_0580	SYN_TOKEN_0580	SYN_CORPUS_B	SYN_1.0	REC_29	SYN_CORP_SPK_29	SESSION_29	CONV_15	ITEM_20	SYN_C2	north	casual	2020s	SYN_TARGET	true	false	false	false	true	435.0	435.197	SYNTHETIC_TEACHING_FIXTURE
HIT_0581	SYN_TOKEN_0581	SYN_CORPUS_B	SYN_1.0	REC_30	SYN_CORP_SPK_30	SESSION_30	CONV_15	ITEM_01	SYN_C1	south	interview	2020s	SYN_TARGET	true	true	true	true	true	435.75	435.921	SYNTHETIC_TEACHING_FIXTURE
HIT_0582	SYN_TOKEN_0582	SYN_CORPUS_B	SYN_1.0	REC_30	SYN_CORP_SPK_30	SESSION_30	CONV_15	ITEM_02	SYN_C2	south	interview	2020s	SYN_TARGET	true	true	true	true	true	436.5	436.693	SYNTHETIC_TEACHING_FIXTURE
HIT_0583	SYN_TOKEN_0583	SYN_CORPUS_B	SYN_1.0	REC_30	SYN_CORP_SPK_30	SESSION_30	CONV_15	ITEM_03	SYN_C1	south	interview	2020s	SYN_TARGET	true	true	true	true	true	437.25	437.419	SYNTHETIC_TEACHING_FIXTURE
HIT_0584	SYN_TOKEN_0584	SYN_CORPUS_B	SYN_1.0	REC_30	SYN_CORP_SPK_30	SESSION_30	CONV_15	ITEM_04	SYN_C2	south	interview	2020s	SYN_TARGET	true	true	true	true	true	438.0	438.105	SYNTHETIC_TEACHING_FIXTURE
HIT_0585	SYN_TOKEN_0585	SYN_CORPUS_B	SYN_1.0	REC_30	SYN_CORP_SPK_30	SESSION_30	CONV_15	ITEM_05	SYN_C1	south	interview	2020s	SYN_TARGET	true	true	true	true	true	438.75	438.906	SYNTHETIC_TEACHING_FIXTURE
HIT_0585_DUP	SYN_TOKEN_0585	SYN_CORPUS_B	SYN_1.0	REC_30	SYN_CORP_SPK_30	SESSION_30	CONV_15	ITEM_05	SYN_C1	south	interview	2020s	SYN_TARGET	true	true	true	true	true	438.751	438.906	SYNTHETIC_TEACHING_FIXTURE
HIT_0586	SYN_TOKEN_0586	SYN_CORPUS_B	SYN_1.0	REC_30	SYN_CORP_SPK_30	SESSION_30	CONV_15	ITEM_06	SYN_C2	south	interview	2020s	SYN_TARGET	true	true	true	true	false	439.5	439.647	SYNTHETIC_TEACHING_FIXTURE
HIT_0587	SYN_TOKEN_0587	SYN_CORPUS_B	SYN_1.0	REC_30	SYN_CORP_SPK_30	SESSION_30	CONV_15	ITEM_07	SYN_C1	south	interview	2020s	SYN_TARGET	true	true	true	true	true	440.25	440.384	SYNTHETIC_TEACHING_FIXTURE
HIT_0588	SYN_TOKEN_0588	SYN_CORPUS_B	SYN_1.0	REC_30	SYN_CORP_SPK_30	SESSION_30	CONV_15	ITEM_08	SYN_C2	south	interview	2020s	SYN_TARGET	true	true	true	true	true	441.0	441.169	SYNTHETIC_TEACHING_FIXTURE
HIT_0589	SYN_TOKEN_0589	SYN_CORPUS_B	SYN_1.0	REC_30	SYN_CORP_SPK_30	SESSION_30	CONV_15	ITEM_09	SYN_C1	south	interview	2020s	SYN_TARGET	true	true	true	true	true	441.75	441.833	SYNTHETIC_TEACHING_FIXTURE
HIT_0590	SYN_TOKEN_0590	SYN_CORPUS_B	SYN_1.0	REC_30	SYN_CORP_SPK_30	SESSION_30	CONV_15	ITEM_10	SYN_C2	south	interview	2020s	SYN_TARGET	true	true	true	true	true	442.5	442.587	SYNTHETIC_TEACHING_FIXTURE
HIT_0591	SYN_TOKEN_0591	SYN_CORPUS_B	SYN_1.0	REC_30	SYN_CORP_SPK_30	SESSION_30	CONV_15	ITEM_11	SYN_C1	south	interview	2020s	SYN_TARGET	true	true	true	true	true	443.25	443.468	SYNTHETIC_TEACHING_FIXTURE
HIT_0592	SYN_TOKEN_0592	SYN_CORPUS_B	SYN_1.0	REC_30	SYN_CORP_SPK_30	SESSION_30	CONV_15	ITEM_12	SYN_C2	south	interview	2020s	SYN_TARGET	true	true	true	true	false	444.0	444.101	SYNTHETIC_TEACHING_FIXTURE
HIT_0593	SYN_TOKEN_0593	SYN_CORPUS_B	SYN_1.0	REC_30	SYN_CORP_SPK_30	SESSION_30	CONV_15	ITEM_13	SYN_C1	south	interview	2020s	SYN_TARGET	false	true	true	true	true	444.75	444.918	SYNTHETIC_TEACHING_FIXTURE
HIT_0594	SYN_TOKEN_0594	SYN_CORPUS_B	SYN_1.0	REC_30	SYN_CORP_SPK_30	SESSION_30	CONV_15	ITEM_14	SYN_C2	south	interview	2020s	SYN_TARGET	true	true	true	true	true	445.5	445.598	SYNTHETIC_TEACHING_FIXTURE
HIT_0595	SYN_TOKEN_0595	SYN_CORPUS_B	SYN_1.0	REC_30	SYN_CORP_SPK_30	SESSION_30	CONV_15	ITEM_15	SYN_C1	south	interview	2020s	SYN_TARGET	true	true	true	true	true	446.25	446.363	SYNTHETIC_TEACHING_FIXTURE
HIT_0596	SYN_TOKEN_0596	SYN_CORPUS_B	SYN_1.0	REC_30	SYN_CORP_SPK_30	SESSION_30	CONV_15	ITEM_16	SYN_C2	south	interview	2020s	SYN_TARGET	true	true	true	true	true	447.0	447.109	SYNTHETIC_TEACHING_FIXTURE
HIT_0597	SYN_TOKEN_0597	SYN_CORPUS_B	SYN_1.0	REC_30	SYN_CORP_SPK_30	SESSION_30	CONV_15	ITEM_17	SYN_C1	south	interview	2020s	SYN_TARGET	true	false	false	false	true	447.75	447.937	SYNTHETIC_TEACHING_FIXTURE
HIT_0598	SYN_TOKEN_0598	SYN_CORPUS_B	SYN_1.0	REC_30	SYN_CORP_SPK_30	SESSION_30	CONV_15	ITEM_18	SYN_C2	south	interview	2020s	SYN_TARGET	true	true	true	true	false	448.5	448.62	SYNTHETIC_TEACHING_FIXTURE
HIT_0599	SYN_TOKEN_0599	SYN_CORPUS_B	SYN_1.0	REC_30	SYN_CORP_SPK_30	SESSION_30	CONV_15	ITEM_19	SYN_C1	south	interview	2020s	SYN_TARGET	true	true	false	false	true	449.25	449.344	SYNTHETIC_TEACHING_FIXTURE
HIT_0600	SYN_TOKEN_0600	SYN_CORPUS_B	SYN_1.0	REC_30	SYN_CORP_SPK_30	SESSION_30	CONV_15	ITEM_20	SYN_C2	south	interview	2020s	SYN_TARGET	true	true	true	true	true	450.0	450.187	SYNTHETIC_TEACHING_FIXTURE
HIT_0600_DUP	SYN_TOKEN_0600	SYN_CORPUS_B	SYN_1.0	REC_30	SYN_CORP_SPK_30	SESSION_30	CONV_15	ITEM_20	SYN_C2	south	interview	2020s	SYN_TARGET	true	true	true	true	true	450.001	450.187	SYNTHETIC_TEACHING_FIXTURE
